mint,parameter_set_id,time_segment,first_tradable_observed_at_us,first_tradable_event_at_us,gap_event_count,market_events_available,market_events_processed,transition_count,response_failed_new_low_count,furthest_setup_stage,final_classification,last_reason,clock_expired,impulse_age_ms,impulse_return_bps,impulse_trade_count,impulse_unique_buyers,impulse_3s_buys,impulse_3s_net_flow_lamports,impulse_peak_age_ms,impulse_peak_return_bps,pullback_active_age_ms,impulse_to_pullback_ms,pullback_depth_at_activation_bps,deepest_pullback_depth_bps,pullback_low_age_ms,pullback_low_depth_at_response_bps,response_age_ms,pullback_to_response_ms,response_rebound_bps,response_window_buys,response_window_sells,response_window_net_flow_lamports,response_window_price_change_bps,response_10s_buys,response_10s_sells,response_10s_net_flow_lamports,candidate_age_ms,response_to_candidate_ms,candidate_return_from_t0_bps,candidate_drawdown_from_high_bps,reclaim_extension_bps,runaway_reject_age_ms
24qjbbQ6Z28bVVFChRt8PfRQi36Q5w8kpRAhzDT2pump,FP1-RESEARCH-PROBE-LOOSE-0001,5,1787078016873189,1787078017000000,0,1,1,2,0,WAITING_FOR_IMPULSE,EXPIRED,ENTRY_WINDOW_EXPIRED,True,,,,,,,,,,,,,,,,,,,,,,,,,,,,,,
D3CZDkRhK578EYZ4sXuGQT5SiPTcjRbWTHFtLcfLpump,FP1-RESEARCH-PROBE-LOOSE-0001,5,1787077664760086,1787076794000000,0,8,8,4,0,WAITING_FOR_PULLBACK,EXPIRED,ENTRY_WINDOW_EXPIRED,True,13,513,2,2,2,1683851849,23494,5392,,,,,,,,,,,,,,,,,,,,,,
2F6EXXSJPWmFcT5WZMgMwtVwPEzyoeqELLBeGkt19yaq,FP1-RESEARCH-PROBE-LOOSE-0001,5,1787077638274675,1787076793000000,0,1,1,2,0,WAITING_FOR_IMPULSE,EXPIRED,ENTRY_WINDOW_EXPIRED,True,,,,,,,,,,,,,,,,,,,,,,,,,,,,,,
FHNAWXNnVyhCRkMaxyeVKTHrvJD9TEQkdz54uzXyH5Ui,FP1-RESEARCH-PROBE-LOOSE-0001,5,1787077635875727,1787076793000000,0,1,1,2,0,WAITING_FOR_IMPULSE,EXPIRED,ENTRY_WINDOW_EXPIRED,True,,,,,,,,,,,,,,,,,,,,,,,,,,,,,,
8tMnE8SMA86oVnwF7mfQzKgkrMb9B4fH6bYwT81bpump,FP1-RESEARCH-PROBE-LOOSE-0001,5,1787077603665235,1787076792000000,0,1,1,2,0,WAITING_FOR_IMPULSE,EXPIRED,ENTRY_WINDOW_EXPIRED,True,,,,,,,,,,,,,,,,,,,,,,,,,,,,,,
ErxeYzaKJbD48uf1Hp3bN97PUh5SpsyTHpTGUujypump,FP1-RESEARCH-PROBE-LOOSE-0001,5,1787077596525624,1787076791000000,0,4,4,2,0,WAITING_FOR_IMPULSE,EXPIRED,ENTRY_WINDOW_EXPIRED,True,,,,,,,,,,,,,,,,,,,,,,,,,,,,,,
CQNpNCHbmEUhmTB7xsYgRmGKWpj4LB3CU1EnEs6upump,FP1-RESEARCH-PROBE-LOOSE-0001,5,1787077580358260,1787076791000000,0,84,14,7,0,CANDIDATE_SIGNAL,CANDIDATE_SIGNAL,RECLAIM_CONFIRMED,False,8,721,2,2,2,6240000000,9015,4433,27870,27862,1003,1003,27870,1003,30380,2510,1621,2,1,2339035352,1621,2,1,2339035352,30381,1,6255,0,772,
D7LhFQJt24gVM1QTKGS25tSrgXgsZAq57StpkZdupump,FP1-RESEARCH-PROBE-LOOSE-0001,5,1787077580251849,1787076791000000,0,7,7,5,0,PULLBACK_ACTIVE,EXPIRED,ENTRY_WINDOW_EXPIRED,True,6,1650,2,2,2,4938271603,58,1962,51036,51030,1089,1089,51036,,,,,,,,,,,,,,,,,
8SxVsvd3CS8GheiCWDQgg9oK8jPimufvy8PMjpcbpump,FP1-RESEARCH-PROBE-LOOSE-0001,5,1787077556067613,1787076790000000,0,1,1,2,0,WAITING_FOR_IMPULSE,EXPIRED,ENTRY_WINDOW_EXPIRED,True,,,,,,,,,,,,,,,,,,,,,,,,,,,,,,
7TGno7LGF4mJHT1mvBMsthaEmavcKM5H8ojXCVcJpump,FP1-RESEARCH-PROBE-LOOSE-0001,5,1787077509428195,1787076788000000,0,2,2,2,0,WAITING_FOR_IMPULSE,EXPIRED,ENTRY_WINDOW_EXPIRED,True,,,,,,,,,,,,,,,,,,,,,,,,,,,,,,
AxFT1YGrrf4NKb7eg99iW3vMhWQMEamk2DJLKGYnpump,FP1-RESEARCH-PROBE-LOOSE-0001,5,1787077483405654,1787076786000000,0,1,1,2,0,WAITING_FOR_IMPULSE,EXPIRED,ENTRY_WINDOW_EXPIRED,True,,,,,,,,,,,,,,,,,,,,,,,,,,,,,,
8pGvyeMVv9kwGN265xrmUiJ5bFRTbyxPDfP3ELnJpump,FP1-RESEARCH-PROBE-LOOSE-0001,5,1787077469771867,1787076785000000,0,1,1,2,0,WAITING_FOR_IMPULSE,EXPIRED,ENTRY_WINDOW_EXPIRED,True,,,,,,,,,,,,,,,,,,,,,,,,,,,,,,
68zfuMUEqq4A7mdDqoQQvTsUn6zLvYQkafw787K2FBze,FP1-RESEARCH-PROBE-LOOSE-0001,5,1787077462288248,1787076785000000,0,22,22,7,0,WAITING_FOR_RECLAIM,EXPIRED,ENTRY_WINDOW_EXPIRED,True,8,1014,2,2,2,7703703702,21085,2398,25404,25396,1015,4342,96287,4342,103375,77971,1454,1,0,69135801,0,3,2,-387893165,,,,,,
FLp9ohj7Lye6JpoB5FLdoETAKHdHDZm5Vk7ZAxYRpump,FP1-RESEARCH-PROBE-LOOSE-0001,5,1787077459906458,1787076785000000,0,4,4,2,0,WAITING_FOR_IMPULSE,EXPIRED,ENTRY_WINDOW_EXPIRED,True,,,,,,,,,,,,,,,,,,,,,,,,,,,,,,
9ULnHREJdBvzYjesUhm46A6EfwmMj1yMPuoEJYVDBpkZ,FP1-RESEARCH-PROBE-LOOSE-0001,5,1787077457326750,1787076784000000,0,12,12,4,0,WAITING_FOR_PULLBACK,EXPIRED,ENTRY_WINDOW_EXPIRED,True,109,1759,5,5,5,3466740832,2572,1817,,,,,,,,,,,,,,,,,,,,,,
5RKCoUbp5HKPJR49svNs53emqU2ffWmvA53ceWs6pump,FP1-RESEARCH-PROBE-LOOSE-0001,5,1787077452669996,1787076784000000,0,1,1,2,0,WAITING_FOR_IMPULSE,EXPIRED,ENTRY_WINDOW_EXPIRED,True,,,,,,,,,,,,,,,,,,,,,,,,,,,,,,
6sCLdjJp1BGy5DmMLkFYCv6Aeu82Y9iqSNhNwfWKpump,FP1-RESEARCH-PROBE-LOOSE-0001,5,1787077447297487,1787076784000000,0,8,8,4,0,WAITING_FOR_PULLBACK,EXPIRED,ENTRY_WINDOW_EXPIRED,True,2409,520,5,5,5,790123452,2409,520,,,,,,,,,,,,,,,,,,,,,,
CnanqtomBVJnT1MXAhoQLE1NuAdhpFqyd9r2DyDzpump,FP1-RESEARCH-PROBE-LOOSE-0001,5,1787077436683872,1787076783000000,0,1,1,2,0,WAITING_FOR_IMPULSE,EXPIRED,ENTRY_WINDOW_EXPIRED,True,,,,,,,,,,,,,,,,,,,,,,,,,,,,,,
2GeLRyHhF7pWHQZVMrrB8RQJ6skNbkNxToh1ipzKpump,FP1-RESEARCH-PROBE-LOOSE-0001,5,1787077410132685,1787076782000000,0,1,1,2,0,WAITING_FOR_IMPULSE,EXPIRED,ENTRY_WINDOW_EXPIRED,True,,,,,,,,,,,,,,,,,,,,,,,,,,,,,,
B6FgnQMU4VZKrC3fxVJfQ9MbaUBBn6XCsXg4mRUFpump,FP1-RESEARCH-PROBE-LOOSE-0001,5,1787077402510282,1787076781000000,0,1,1,2,0,WAITING_FOR_IMPULSE,EXPIRED,ENTRY_WINDOW_EXPIRED,True,,,,,,,,,,,,,,,,,,,,,,,,,,,,,,
EZ1CJhJA7HVqbV3nLDsuB2pk9X5fjjLieBySe6fcSuYj,FP1-RESEARCH-PROBE-LOOSE-0001,5,1787077395015711,1787076781000000,0,1,1,2,0,WAITING_FOR_IMPULSE,EXPIRED,ENTRY_WINDOW_EXPIRED,True,,,,,,,,,,,,,,,,,,,,,,,,,,,,,,
4UeoZ7ufmdLv5ZNpoYCX4Cnud9LuLpHJyyvZwRbpgGSW,FP1-RESEARCH-PROBE-LOOSE-0001,5,1787077344764076,1787076778000000,0,9,9,6,0,WAITING_FOR_RESPONSE,EXPIRED,ENTRY_WINDOW_EXPIRED,True,4428,2704,2,2,1,3922745000,4428,2704,70095,65667,2535,2535,70095,,,,,,,,,,,,,,,,,
Dx1qqmSFoJ8Fko2xcUpYbQ95eYfzkKhqGxcrZVoFpump,FP1-RESEARCH-PROBE-LOOSE-0001,5,1787077342138999,1787076778000000,0,189,21,9,1,CANDIDATE_SIGNAL,CANDIDATE_SIGNAL,RECLAIM_CONFIRMED,False,3,1023,3,3,3,6747000000,2512,4617,9804,9801,2016,2044,17281,2016,14512,4708,1349,1,0,1481481480,0,3,2,-2035269757,22057,7545,2613,-1371,234,
4ddtVZbrQ1JivaA9rT9YxafyXwRbjYkXq7gfhPs8DQ4V,FP1-RESEARCH-PROBE-LOOSE-0001,5,1787077342121982,1787076778000000,0,1,1,2,0,WAITING_FOR_IMPULSE,EXPIRED,ENTRY_WINDOW_EXPIRED,True,,,,,,,,,,,,,,,,,,,,,,,,,,,,,,
89RSsU93dKCLW2rnvexmzzVwwo8xkF41nT7VA1VWpump,FP1-RESEARCH-PROBE-LOOSE-0001,5,1787077304787732,1787076776000000,0,8,8,6,0,WAITING_FOR_RESPONSE,EXPIRED,ENTRY_WINDOW_EXPIRED,True,8170,532,3,3,1,254367789,8170,532,160308,152138,1431,1431,160308,,,,,,,,,,,,,,,,,
65ZfvDHPXnZxUpGYxruAaMWRjus4i4eo6dGPd9Rppump,FP1-RESEARCH-PROBE-LOOSE-0001,5,1787077289921593,1787076775000000,0,6,6,2,0,WAITING_FOR_IMPULSE,EXPIRED,ENTRY_WINDOW_EXPIRED,True,,,,,,,,,,,,,,,,,,,,,,,,,,,,,,
7GysKgQyT6nr4KhNM4J9cVQreTie45rLf9SKuxXSeDF7,FP1-RESEARCH-PROBE-LOOSE-0001,5,1787077283695018,1787076774000000,0,7,7,5,0,PULLBACK_ACTIVE,EXPIRED,ENTRY_WINDOW_EXPIRED,True,62,2704,2,2,2,4785640524,62,2704,35394,35332,2535,2535,35394,,,,,,,,,,,,,,,,,
B5CrrbdHp2rTxycmbwAy4tdLwxk2FeUFzsSoPer5pump,FP1-RESEARCH-PROBE-LOOSE-0001,5,1787077250471105,1787076772000000,0,1,1,2,0,WAITING_FOR_IMPULSE,EXPIRED,ENTRY_WINDOW_EXPIRED,True,,,,,,,,,,,,,,,,,,,,,,,,,,,,,,
H4oVAFf8Uor3G3rwuHMmACqaY1HMRVSeDg4zk8nzpump,FP1-RESEARCH-PROBE-LOOSE-0001,5,1787077225501636,1787076771000000,0,1,1,2,0,WAITING_FOR_IMPULSE,EXPIRED,ENTRY_WINDOW_EXPIRED,True,,,,,,,,,,,,,,,,,,,,,,,,,,,,,,
ADWtiF1roQR2LXkV7UB3pBRXuh5hCWfp6zF8tRvLStxo,FP1-RESEARCH-PROBE-LOOSE-0001,5,1787077223203697,1787076771000000,0,7,7,6,0,WAITING_FOR_RESPONSE,EXPIRED,ENTRY_WINDOW_EXPIRED,True,2291,2704,2,2,2,4785640524,2291,2704,31867,29576,1665,2554,241841,,,,,,,,,,,,,,,,,
24ciaAuJ9gYHFiBGo9umfXTLcnZv2DGZ29qW2uZWpump,FP1-RESEARCH-PROBE-LOOSE-0001,5,1787077218471561,1787076770000000,0,22,19,6,0,WAITING_FOR_RESPONSE,EXPIRED,ENTRY_WINDOW_EXPIRED,True,3,642,2,2,2,1996376184,2237,1988,128345,128342,1071,1747,174040,,,,,,,,,,,,,,,,,
8YBBhovjGX1EpZ6jJqKHamhqn3c6SBc2dmmGwX43pump,FP1-RESEARCH-PROBE-LOOSE-0001,5,1787077212884611,1787076769000000,0,1,1,2,0,WAITING_FOR_IMPULSE,EXPIRED,ENTRY_WINDOW_EXPIRED,True,,,,,,,,,,,,,,,,,,,,,,,,,,,,,,
4YQchgMod9WqHCVJmbduGr4vG5QrLXJqfrsTTmkapump,FP1-RESEARCH-PROBE-LOOSE-0001,5,1787077212810324,1787076769000000,0,12,12,6,0,WAITING_FOR_RESPONSE,EXPIRED,ENTRY_WINDOW_EXPIRED,True,11,719,2,2,2,3130000000,5622,1608,256924,256913,1252,2429,256950,,,,,,,,,,,,,,,,,
99Eqt9f1pDiBfaRQJUpxMcbLMHgyGtSLj5Nbgmj7HSzo,FP1-RESEARCH-PROBE-LOOSE-0001,5,1787077210054368,1787076769000000,0,1,1,2,0,WAITING_FOR_IMPULSE,EXPIRED,ENTRY_WINDOW_EXPIRED,True,,,,,,,,,,,,,,,,,,,,,,,,,,,,,,
3z1aun6tqmGGD75w23DLcQawy655xMgPJTgmRy2cpump,FP1-RESEARCH-PROBE-LOOSE-0001,5,1787077201839475,1787076769000000,0,1,1,2,0,WAITING_FOR_IMPULSE,EXPIRED,ENTRY_WINDOW_EXPIRED,True,,,,,,,,,,,,,,,,,,,,,,,,,,,,,,
GN8cnxehow6suzvczfM2ZzangFMRSxFQUL4Yt36gpump,FP1-RESEARCH-PROBE-LOOSE-0001,5,1787077195350679,1787076768000000,0,2,2,2,0,WAITING_FOR_IMPULSE,EXPIRED,ENTRY_WINDOW_EXPIRED,True,,,,,,,,,,,,,,,,,,,,,,,,,,,,,,
J3BLJyPNMV1YHtqn81wUjTq4KsB3mFD8WKez44EJpump,FP1-RESEARCH-PROBE-LOOSE-0001,5,1787077192904630,1787076767000000,0,2,2,2,0,WAITING_FOR_IMPULSE,EXPIRED,ENTRY_WINDOW_EXPIRED,True,,,,,,,,,,,,,,,,,,,,,,,,,,,,,,
FYocWZxfrGyqAXmLAatXws6zb56pbY2gZUa3KqVpQEk2,FP1-RESEARCH-PROBE-LOOSE-0001,5,1787077186209268,1787076767000000,0,9,9,5,0,PULLBACK_ACTIVE,EXPIRED,ENTRY_WINDOW_EXPIRED,True,98,2012,2,2,2,3825858486,98,2012,32238,32140,2104,2104,32238,,,,,,,,,,,,,,,,,
3NDr1uLVdeNQKpdHasDC3SpQb1A2w3QEQ9x9fwSNpump,FP1-RESEARCH-PROBE-LOOSE-0001,5,1787077180022098,1787076767000000,0,2,1,2,0,WAITING_FOR_IMPULSE,EXPIRED,ENTRY_WINDOW_EXPIRED,True,,,,,,,,,,,,,,,,,,,,,,,,,,,,,,
ETMYJeCNgm3HW63Z6fSz7Ks6U7KzVcrMWPdE1822pump,FP1-RESEARCH-PROBE-LOOSE-0001,5,1787077168593967,1787076766000000,0,1,1,2,0,WAITING_FOR_IMPULSE,EXPIRED,ENTRY_WINDOW_EXPIRED,True,,,,,,,,,,,,,,,,,,,,,,,,,,,,,,
HpQ7g272RNeDbeCfKEZrBdPJG6bTSHtBtsQddaoipump,FP1-RESEARCH-PROBE-LOOSE-0001,5,1787077160685063,1787076765000000,0,1,1,2,0,WAITING_FOR_IMPULSE,EXPIRED,ENTRY_WINDOW_EXPIRED,True,,,,,,,,,,,,,,,,,,,,,,,,,,,,,,
F1VET93pHMiaQbDQEefDfcAkGCQk3yTq7ihg5diCpump,FP1-RESEARCH-PROBE-LOOSE-0001,5,1787077160660691,1787076765000000,0,1,1,2,0,WAITING_FOR_IMPULSE,EXPIRED,ENTRY_WINDOW_EXPIRED,True,,,,,,,,,,,,,,,,,,,,,,,,,,,,,,
388MmbRP3mvHyiiNtL5mGcEN3cGrKibj8jUjvRo1yK9W,FP1-RESEARCH-PROBE-LOOSE-0001,5,1787077160614547,1787076765000000,0,1,1,2,0,WAITING_FOR_IMPULSE,EXPIRED,ENTRY_WINDOW_EXPIRED,True,,,,,,,,,,,,,,,,,,,,,,,,,,,,,,
3cRRwsW47pxYF2pbLKjGJhp1u2nBajfJLgTqeCaBpump,FP1-RESEARCH-PROBE-LOOSE-0001,5,1787077156248769,1787076764000000,0,1,1,2,0,WAITING_FOR_IMPULSE,EXPIRED,ENTRY_WINDOW_EXPIRED,True,,,,,,,,,,,,,,,,,,,,,,,,,,,,,,
4eo7RywxSifvBaorqKhr7JE5qYH4Ufc3BAX7NJEwoEuS,FP1-RESEARCH-PROBE-LOOSE-0001,5,1787077148238519,1787076764000000,0,2,2,2,0,WAITING_FOR_IMPULSE,EXPIRED,ENTRY_WINDOW_EXPIRED,True,,,,,,,,,,,,,,,,,,,,,,,,,,,,,,
kRSYfJiDDjbA5B6VtwweBG4RA8moGyTam6fGW5HvDja,FP1-RESEARCH-PROBE-LOOSE-0001,5,1787077140968799,1787076763000000,0,9,9,4,0,WAITING_FOR_PULLBACK,EXPIRED,ENTRY_WINDOW_EXPIRED,True,105,576,2,2,2,1981178800,127894,2026,,,,,,,,,,,,,,,,,,,,,,
oou2cQqU3kpWJ23BGMm4BuBbJ72nnEbrfHHioDzanxs,FP1-RESEARCH-PROBE-LOOSE-0001,5,1787077136248613,1787076763000000,0,1,1,2,0,WAITING_FOR_IMPULSE,EXPIRED,ENTRY_WINDOW_EXPIRED,True,,,,,,,,,,,,,,,,,,,,,,,,,,,,,,
4T1KogxQcpvNKRwr2zbsMbg6hxUp1XNCgPTZGTrBpump,FP1-RESEARCH-PROBE-LOOSE-0001,5,1787077133793631,1787076762000000,0,1,1,2,0,WAITING_FOR_IMPULSE,EXPIRED,ENTRY_WINDOW_EXPIRED,True,,,,,,,,,,,,,,,,,,,,,,,,,,,,,,
DnsP5EFLTVbFDhRpodTXXrHrW7Hz1LyQfNMgyHCFpump,FP1-RESEARCH-PROBE-LOOSE-0001,5,1787077131229674,1787076762000000,0,2,2,2,0,WAITING_FOR_IMPULSE,EXPIRED,ENTRY_WINDOW_EXPIRED,True,,,,,,,,,,,,,,,,,,,,,,,,,,,,,,
Be3xxfigaYz4hVNzZ3KUyu26BhnQ6ABeGtx3YYLfrkSL,FP1-RESEARCH-PROBE-LOOSE-0001,5,1787077103383754,1787076760000000,0,10,10,5,0,PULLBACK_ACTIVE,EXPIRED,ENTRY_WINDOW_EXPIRED,True,187,2188,4,4,4,4073096578,2533,2241,47269,47082,2161,2161,47269,,,,,,,,,,,,,,,,,
GyHaKaX8qYapyeXmUWYySnY3LZjuPe9B962VPbCipump,FP1-RESEARCH-PROBE-LOOSE-0001,5,1787077100628018,1787076760000000,0,3,3,3,0,IMPULSE_CONFIRMED,EXPIRED,ENTRY_WINDOW_EXPIRED,True,81849,1084,2,2,1,10841693,81849,1084,,,,,,,,,,,,,,,,,,,,,,
AcRtEv1cj7HeegGqXo4AGkruMVaHgFbnTK1Ao8t6pump,FP1-RESEARCH-PROBE-LOOSE-0001,5,1787077100613561,1787076760000000,0,56,15,9,1,CANDIDATE_SIGNAL,CANDIDATE_SIGNAL,RECLAIM_CONFIRMED,False,10259,1148,2,2,1,6889076,20931,3578,28002,17743,1344,6284,117887,2437,65289,37287,3557,1,0,21918988,0,1,1,9962459,154445,89156,-3134,-5068,3111,
468eVWi964Jy1SAFq1HJixr7erdTzTp9NKnKzKPYpump,FP1-RESEARCH-PROBE-LOOSE-0001,5,1787077098621864,1787076760000000,0,1,1,2,0,WAITING_FOR_IMPULSE,EXPIRED,ENTRY_WINDOW_EXPIRED,True,,,,,,,,,,,,,,,,,,,,,,,,,,,,,,
B9D5uDCxJmr9reRMoUdzvrS8sefwCDyQXGoTNNg3fgYw,FP1-RESEARCH-PROBE-LOOSE-0001,5,1787077067073986,1787076758000000,0,2,2,2,0,WAITING_FOR_IMPULSE,EXPIRED,ENTRY_WINDOW_EXPIRED,True,,,,,,,,,,,,,,,,,,,,,,,,,,,,,,
2baicCwq8XaXZsni2jt9ofaBiNsCtFsjT5vHZUscpump,FP1-RESEARCH-PROBE-LOOSE-0001,5,1787077039432875,1787076756000000,0,2,2,2,0,WAITING_FOR_IMPULSE,EXPIRED,ENTRY_WINDOW_EXPIRED,True,,,,,,,,,,,,,,,,,,,,,,,,,,,,,,
J4AUPKtYEqt5VHe8zWN72o7QzWt1wjVRyZxEbUDepump,FP1-RESEARCH-PROBE-LOOSE-0001,5,1787077028817897,1787076756000000,0,6,6,2,0,WAITING_FOR_IMPULSE,EXPIRED,ENTRY_WINDOW_EXPIRED,True,,,,,,,,,,,,,,,,,,,,,,,,,,,,,,
HNKCC9MRbADQZeud31YvyDapjjD1JENkwvEKSvvgpump,FP1-RESEARCH-PROBE-LOOSE-0001,5,1787077023896749,1787076755000000,0,5,5,2,0,WAITING_FOR_IMPULSE,EXPIRED,ENTRY_WINDOW_EXPIRED,True,,,,,,,,,,,,,,,,,,,,,,,,,,,,,,
77oUtJndaiELNWWn7PD2cRtW4EMo3dsFFPmye75apump,FP1-RESEARCH-PROBE-LOOSE-0001,5,1787077017999914,1787076755000000,0,1,1,2,0,WAITING_FOR_IMPULSE,EXPIRED,ENTRY_WINDOW_EXPIRED,True,,,,,,,,,,,,,,,,,,,,,,,,,,,,,,
CEnCFYxux8H6gKUh6QMduyzAYxaPy3TQBZKy3hCVhoCQ,FP1-RESEARCH-PROBE-LOOSE-0001,5,1787077015566437,1787076755000000,0,1,1,2,0,WAITING_FOR_IMPULSE,EXPIRED,ENTRY_WINDOW_EXPIRED,True,,,,,,,,,,,,,,,,,,,,,,,,,,,,,,
61a3gXbmshsQFwBPpJZoe6SNzV4qm35ZCJxFtK4Jpump,FP1-RESEARCH-PROBE-LOOSE-0001,5,1787077008640683,1787076755000000,0,1,1,2,0,WAITING_FOR_IMPULSE,EXPIRED,ENTRY_WINDOW_EXPIRED,True,,,,,,,,,,,,,,,,,,,,,,,,,,,,,,
8aM5uquSuunJFo25zafzHr72AF4BTbWiz78rwYqpump,FP1-RESEARCH-PROBE-LOOSE-0001,5,1787076999663459,1787076754000000,0,1,1,2,0,WAITING_FOR_IMPULSE,EXPIRED,ENTRY_WINDOW_EXPIRED,True,,,,,,,,,,,,,,,,,,,,,,,,,,,,,,
3S27EpFcXVMghvMxsBNKYsZ4sKug1pUsmY1fBXrBpump,FP1-RESEARCH-PROBE-LOOSE-0001,5,1787076997025113,1787076753000000,0,1,1,2,0,WAITING_FOR_IMPULSE,EXPIRED,ENTRY_WINDOW_EXPIRED,True,,,,,,,,,,,,,,,,,,,,,,,,,,,,,,
FW4v33A3x7GTTDZBQxozWfPkxnJ3eowM3cye7uLNpump,FP1-RESEARCH-PROBE-LOOSE-0001,5,1787076994933369,1787076753000000,0,1,1,1,0,DISCOVERED,EXPIRED,ENTRY_WINDOW_EXPIRED,True,,,,,,,,,,,,,,,,,,,,,,,,,,,,,,
Di1EMmx93SbFcWymKJAiW3h8PfSss7XbzDrH6Epgpump,FP1-RESEARCH-PROBE-LOOSE-0001,5,1787076994719409,1787076753000000,0,1,1,2,0,WAITING_FOR_IMPULSE,EXPIRED,ENTRY_WINDOW_EXPIRED,True,,,,,,,,,,,,,,,,,,,,,,,,,,,,,,
7VPDdPcjYp3h49sqMHtMtCppxqDhg8dDB1n5XLdppump,FP1-RESEARCH-PROBE-LOOSE-0001,5,1787076993468615,1787076753000000,0,14,5,4,0,WAITING_FOR_PULLBACK,EXPIRED,ENTRY_WINDOW_EXPIRED,True,296483,592,3,3,2,982716048,299200,1819,,,,,,,,,,,,,,,,,,,,,,
34x9M7rcmv9ycDA8LdcX8cfmR7THWKPxX1zUxXX1pump,FP1-RESEARCH-PROBE-LOOSE-0001,5,1787076988336740,1787076753000000,0,3,1,2,0,WAITING_FOR_IMPULSE,EXPIRED,ENTRY_WINDOW_EXPIRED,True,,,,,,,,,,,,,,,,,,,,,,,,,,,,,,
7G5QwVrFkRu4QmDB3nAkqjxJFsBx9WYwm1eGBGmMpump,FP1-RESEARCH-PROBE-LOOSE-0001,5,1787076974566902,1787076753000000,0,1,1,2,0,WAITING_FOR_IMPULSE,EXPIRED,ENTRY_WINDOW_EXPIRED,True,,,,,,,,,,,,,,,,,,,,,,,,,,,,,,
Au9ZAJ7nR3xtB9MXiUy57X4Z1x9RnyJGK5jkXMropump,FP1-RESEARCH-PROBE-LOOSE-0001,5,1787076963689573,1787076752000000,0,9,6,4,0,WAITING_FOR_PULLBACK,EXPIRED,ENTRY_WINDOW_EXPIRED,True,5933,812,3,3,2,1536918132,31099,926,,,,,,,,,,,,,,,,,,,,,,
EoD9acf25KrHhJb7ime8nr3NyqDnf1stUMk3pyDZEmtS,FP1-RESEARCH-PROBE-LOOSE-0001,5,1787076960342469,1787076751000000,0,11,10,2,0,WAITING_FOR_IMPULSE,EXPIRED,ENTRY_WINDOW_EXPIRED,True,,,,,,,,,,,,,,,,,,,,,,,,,,,,,,
AssE3k56q7kSPZSSnrtxXpnDvDn4n5MuwCAhARVopump,FP1-RESEARCH-PROBE-LOOSE-0001,5,1787076960231170,1787076751000000,0,8,8,2,0,WAITING_FOR_IMPULSE,EXPIRED,ENTRY_WINDOW_EXPIRED,True,,,,,,,,,,,,,,,,,,,,,,,,,,,,,,
BW7SPidghGfjYSCkVEGXTm2stHAhPLgm3sv9kVtBpump,FP1-RESEARCH-PROBE-LOOSE-0001,5,1787076956920968,1787076751000000,0,4,3,2,0,WAITING_FOR_IMPULSE,EXPIRED,ENTRY_WINDOW_EXPIRED,True,,,,,,,,,,,,,,,,,,,,,,,,,,,,,,
BxaBbACnyDobzDzAGSDx6AwzoCexk4vx1SdpK6C5pump,FP1-RESEARCH-PROBE-LOOSE-0001,5,1787076949703219,1787076751000000,0,1,1,2,0,WAITING_FOR_IMPULSE,EXPIRED,ENTRY_WINDOW_EXPIRED,True,,,,,,,,,,,,,,,,,,,,,,,,,,,,,,
2wmaWULyFCsfSuBreB2z6Rvqqqqj2CfyamaVJjV6pump,FP1-RESEARCH-PROBE-LOOSE-0001,5,1787076943341810,1787076750000000,0,1,1,2,0,WAITING_FOR_IMPULSE,EXPIRED,ENTRY_WINDOW_EXPIRED,True,,,,,,,,,,,,,,,,,,,,,,,,,,,,,,
7jJUtWKJziKAhF9WLmm8Sfni1Xcz82bsYiKPVEeqpump,FP1-RESEARCH-PROBE-LOOSE-0001,5,1787076937955256,1787076749000000,0,2,1,2,0,WAITING_FOR_IMPULSE,EXPIRED,ENTRY_WINDOW_EXPIRED,True,,,,,,,,,,,,,,,,,,,,,,,,,,,,,,
DTv3pz8peeZkZdvoHxHvJ1JUhty6ts9SGvfC4kGzDnn8,FP1-RESEARCH-PROBE-LOOSE-0001,5,1787076937874263,1787076749000000,0,3,3,3,0,IMPULSE_CONFIRMED,EXPIRED,ENTRY_WINDOW_EXPIRED,True,183382,538,3,2,1,295674073,183382,538,,,,,,,,,,,,,,,,,,,,,,
FStDTDuGtYYBwVRZ18S6TYcoDiiEqVMiorrK89fqpump,FP1-RESEARCH-PROBE-LOOSE-0001,5,1787076918169386,1787076748000000,0,1,1,2,0,WAITING_FOR_IMPULSE,EXPIRED,ENTRY_WINDOW_EXPIRED,True,,,,,,,,,,,,,,,,,,,,,,,,,,,,,,
SndJGLp57MtRWUrDDhZGT2p4mxmMsV7eyDoQkgMpump,FP1-RESEARCH-PROBE-LOOSE-0001,5,1787076915573781,1787076748000000,0,2,2,2,0,WAITING_FOR_IMPULSE,EXPIRED,ENTRY_WINDOW_EXPIRED,True,,,,,,,,,,,,,,,,,,,,,,,,,,,,,,
CDhGbKqXPEgh9PvwwwsVaPTJ7XwFh8Jpo7XzY6Zdpump,FP1-RESEARCH-PROBE-LOOSE-0001,5,1787076911184046,1787076748000000,0,5,5,6,0,WAITING_FOR_RESPONSE,EXPIRED,ENTRY_WINDOW_EXPIRED,True,2014,1306,2,2,2,2962962961,4365,1706,7075,5061,1173,1732,29806,,,,,,,,,,,,,,,,,
4guznapky4xswi8Qoc16HGf3k3hoFD7yEbKxEZyGpump,FP1-RESEARCH-PROBE-LOOSE-0001,5,1787076908754179,1787076747000000,0,1,1,2,0,WAITING_FOR_IMPULSE,EXPIRED,ENTRY_WINDOW_EXPIRED,True,,,,,,,,,,,,,,,,,,,,,,,,,,,,,,
HCnZgsFH45ZGR9irM6D5R2dTdFF2hcHBc9XeRXDcpump,FP1-RESEARCH-PROBE-LOOSE-0001,5,1787076905893683,1787076747000000,0,1,1,2,0,WAITING_FOR_IMPULSE,EXPIRED,ENTRY_WINDOW_EXPIRED,True,,,,,,,,,,,,,,,,,,,,,,,,,,,,,,
ByCuLLJYnaBXgDiQ7tpir9MDpNMtvDzjrQdf3JX1pump,FP1-RESEARCH-PROBE-LOOSE-0001,5,1787076903523423,1787076747000000,0,78,34,1,0,DISCOVERED,EXPIRED,ENTRY_WINDOW_EXPIRED,True,,,,,,,,,,,,,,,,,,,,,,,,,,,,,,
V8pwrntDFeYXVDDSS3H5NygoudcHbToB8Q37mQFpump,FP1-RESEARCH-PROBE-LOOSE-0001,5,1787076892365879,1787076746000000,0,2,1,2,0,WAITING_FOR_IMPULSE,EXPIRED,ENTRY_WINDOW_EXPIRED,True,,,,,,,,,,,,,,,,,,,,,,,,,,,,,,
HQ9bG7FeTWVbFvKEvXonjHc5CJVjVFNXG8tveE9icyvZ,FP1-RESEARCH-PROBE-LOOSE-0001,5,1787076883466961,1787076745000000,0,1,1,2,0,WAITING_FOR_IMPULSE,EXPIRED,ENTRY_WINDOW_EXPIRED,True,,,,,,,,,,,,,,,,,,,,,,,,,,,,,,
CpxmLWH1bN8Mddbj1WX583BoJrwAQTucvDFe6eBhpump,FP1-RESEARCH-PROBE-LOOSE-0001,5,1787076873978195,1787076744000000,0,6,4,2,0,WAITING_FOR_IMPULSE,EXPIRED,ENTRY_WINDOW_EXPIRED,True,,,,,,,,,,,,,,,,,,,,,,,,,,,,,,
5MHeqv63kDyREwMxGSbxG6w1tNR4jePekNMbP1NfNmca,FP1-RESEARCH-PROBE-LOOSE-0001,5,1787076871704104,1787076744000000,0,1,1,2,0,WAITING_FOR_IMPULSE,EXPIRED,ENTRY_WINDOW_EXPIRED,True,,,,,,,,,,,,,,,,,,,,,,,,,,,,,,
GtVFV7BQzhUtEeBW3Qr7pzw4hgw6xBhUGnKDPbWXpump,FP1-RESEARCH-PROBE-LOOSE-0001,5,1787076869900846,1787076744000000,0,27,24,2,0,WAITING_FOR_IMPULSE,EXPIRED,ENTRY_WINDOW_EXPIRED,True,,,,,,,,,,,,,,,,,,,,,,,,,,,,,,
PeBVYRsRQZAiUoSnBXXhX5E9HUgBZyDURWrerYcYgiz,FP1-RESEARCH-PROBE-LOOSE-0001,5,1787076860112732,1787076743000000,0,12,2,2,0,WAITING_FOR_IMPULSE,EXPIRED,ENTRY_WINDOW_EXPIRED,True,,,,,,,,,,,,,,,,,,,,,,,,,,,,,,
BrtFjxbryd56QRziBsN18qAcd9iRtrMuDZQF8DVH2ix4,FP1-RESEARCH-PROBE-LOOSE-0001,5,1787076852956403,1787076742000000,0,11,11,2,0,WAITING_FOR_IMPULSE,EXPIRED,ENTRY_WINDOW_EXPIRED,True,,,,,,,,,,,,,,,,,,,,,,,,,,,,,,
BXrAJKpAcGJt2NACiXdt5wHwEi2KukWTAbgmjeKUpump,FP1-RESEARCH-PROBE-LOOSE-0001,5,1787076843123845,1787076742000000,0,2,1,2,0,WAITING_FOR_IMPULSE,EXPIRED,ENTRY_WINDOW_EXPIRED,True,,,,,,,,,,,,,,,,,,,,,,,,,,,,,,
EZG1FtAVKbvK7bFcUcvekGbx5MQyjzWQraEqJJeapump,FP1-RESEARCH-PROBE-LOOSE-0001,5,1787076822253485,1787076741000000,0,8,7,2,0,WAITING_FOR_IMPULSE,EXPIRED,ENTRY_WINDOW_EXPIRED,True,,,,,,,,,,,,,,,,,,,,,,,,,,,,,,
9caYv4QJPXPNBG8ghnbLdXowyuVzfVkB8Y4a4umpump,FP1-RESEARCH-PROBE-LOOSE-0001,5,1787076813200179,1787076741000000,0,1,1,2,0,WAITING_FOR_IMPULSE,EXPIRED,ENTRY_WINDOW_EXPIRED,True,,,,,,,,,,,,,,,,,,,,,,,,,,,,,,
HYcZNR8fUdUFSAW2PmgivxuQU2avfUwX6XmeQKPepump,FP1-RESEARCH-PROBE-LOOSE-0001,5,1787076798197776,1787076740000000,0,79,17,7,0,CANDIDATE_SIGNAL,CANDIDATE_SIGNAL,RECLAIM_CONFIRMED,False,140,668,3,2,2,-3325443,40625,9578,40625,40485,1971,1971,40625,1971,40685,60,1830,5,1,4781114709,965,11,1,14303096090,40685,0,10125,0,822,
7De9qBYKGiqnJA3dU6Pv9sjZyvXecdZNfRK8dNtpump,FP1-RESEARCH-PROBE-LOOSE-0001,5,1787076795776241,1787076740000000,0,1,1,1,0,DISCOVERED,EXPIRED,ENTRY_WINDOW_EXPIRED,True,,,,,,,,,,,,,,,,,,,,,,,,,,,,,,
CXt2iDWiovFYk4fTMnx5wEve98fQGfBgiqmfvVxHpump,FP1-RESEARCH-PROBE-LOOSE-0001,5,1787076791189570,1787076740000000,0,7,4,3,0,IMPULSE_CONFIRMED,EXPIRED,ENTRY_WINDOW_EXPIRED,True,172494,1083,4,4,1,1410251089,172494,1083,,,,,,,,,,,,,,,,,,,,,,
AXF1HmVmXa2d7WJzANJpERtdTSegsw9kBHdgK3H1pump,FP1-RESEARCH-PROBE-LOOSE-0001,5,1787076788568616,1787076739000000,0,1,1,2,0,WAITING_FOR_IMPULSE,EXPIRED,ENTRY_WINDOW_EXPIRED,True,,,,,,,,,,,,,,,,,,,,,,,,,,,,,,
6pMDSx3dC9gAFgFyb19DgaBpdP2q1mv3w4Gj4sRn5n4X,FP1-RESEARCH-PROBE-LOOSE-0001,5,1787076785957575,1787076739000000,0,7,2,2,0,WAITING_FOR_IMPULSE,EXPIRED,ENTRY_WINDOW_EXPIRED,True,,,,,,,,,,,,,,,,,,,,,,,,,,,,,,
4tDwumTUKbNMskmbYy31fTJ16a1Aeb9KszNWxsiNpump,FP1-RESEARCH-PROBE-LOOSE-0001,5,1787076780921528,1787076739000000,0,25,6,2,0,WAITING_FOR_IMPULSE,EXPIRED,ENTRY_WINDOW_EXPIRED,True,,,,,,,,,,,,,,,,,,,,,,,,,,,,,,
gRrXUqdki1PQ5UC7EP64v6wjUvEfftEN98VDHexpump,FP1-RESEARCH-PROBE-LOOSE-0001,5,1787076776706717,1787076739000000,0,1,1,2,0,WAITING_FOR_IMPULSE,EXPIRED,ENTRY_WINDOW_EXPIRED,True,,,,,,,,,,,,,,,,,,,,,,,,,,,,,,
43dbNPdxKfU3ZkJteR9U84dGGc4SkGcVDLjEzU3gpump,FP1-RESEARCH-PROBE-LOOSE-0001,5,1787076770860729,1787076738000000,0,9,5,2,0,WAITING_FOR_IMPULSE,EXPIRED,ENTRY_WINDOW_EXPIRED,True,,,,,,,,,,,,,,,,,,,,,,,,,,,,,,
8P3CGNvDiKnS2AeVq8UsYoKyNLRUg2Ym3RgZESpgpump,FP1-RESEARCH-PROBE-LOOSE-0001,5,1787076768813863,1787076738000000,0,1,1,2,0,WAITING_FOR_IMPULSE,EXPIRED,ENTRY_WINDOW_EXPIRED,True,,,,,,,,,,,,,,,,,,,,,,,,,,,,,,
BhK74qDZfCkrGQcCg2dDs7zzBHqfozanGWdCqaoFpump,FP1-RESEARCH-PROBE-LOOSE-0001,5,1787076766818542,1787076738000000,0,1,1,2,0,WAITING_FOR_IMPULSE,EXPIRED,ENTRY_WINDOW_EXPIRED,True,,,,,,,,,,,,,,,,,,,,,,,,,,,,,,
4abDctU61kwGd6DnTdBaoiMhqWigzKtzRnvvJSXjpump,FP1-RESEARCH-PROBE-LOOSE-0001,5,1787076762473765,1787076737000000,0,1,1,2,0,WAITING_FOR_IMPULSE,EXPIRED,ENTRY_WINDOW_EXPIRED,True,,,,,,,,,,,,,,,,,,,,,,,,,,,,,,
Vy4ubHnSteumfeo9wfTakoXgzuaARAu4JuQAuhFpump,FP1-RESEARCH-PROBE-LOOSE-0001,5,1787076762430766,1787076737000000,0,2,2,2,0,WAITING_FOR_IMPULSE,EXPIRED,ENTRY_WINDOW_EXPIRED,True,,,,,,,,,,,,,,,,,,,,,,,,,,,,,,
6GjaJ5K56DRhyv9P2x9piKPVywstfyj6wiqXTYxspump,FP1-RESEARCH-PROBE-LOOSE-0001,5,1787076761058765,1787076737000000,0,154,12,7,0,CANDIDATE_SIGNAL,CANDIDATE_SIGNAL,RECLAIM_CONFIRMED,False,12,1600,2,2,2,3239843891,2882,7719,4485,4473,1663,1663,4485,1663,5795,1310,1943,4,1,401996177,-26,9,1,10994682181,9857,4062,8858,0,688,
3KmQM1KsU9s6GQtas4WqbpdinXnQJoviqP1zEh94pump,FP1-RESEARCH-PROBE-LOOSE-0001,5,1787076758113669,1787076736000000,0,18,13,6,0,WAITING_FOR_RESPONSE,EXPIRED,ENTRY_WINDOW_EXPIRED,True,10,1033,2,2,2,5609876542,5824,3213,134244,134234,1725,2459,257499,,,,,,,,,,,,,,,,,
HxDaK1KV9z8thXN6qudgL9KY65X9zBsSZgekK6Hjpump,FP1-RESEARCH-PROBE-LOOSE-0001,5,1787076758042668,1787076736000000,0,26,19,1,0,DISCOVERED,EXPIRED,ENTRY_WINDOW_EXPIRED,True,,,,,,,,,,,,,,,,,,,,,,,,,,,,,,
8NXGEqwWMNKxv4HuGyAB4tyuc6xDrb44TToRB2Ddpump,FP1-RESEARCH-PROBE-LOOSE-0001,5,1787076755603301,1787076736000000,0,33,24,6,0,WAITING_FOR_RESPONSE,EXPIRED,ENTRY_WINDOW_EXPIRED,True,114149,702,7,6,1,681155616,114149,702,219056,104907,1405,1884,244216,,,,,,,,,,,,,,,,,
HPympp8tJvsgGphbHy41MiB2R3eYezLgZoXRontGpump,FP1-RESEARCH-PROBE-LOOSE-0001,5,1787076755507302,1787076736000000,0,21,6,2,0,WAITING_FOR_IMPULSE,EXPIRED,ENTRY_WINDOW_EXPIRED,True,,,,,,,,,,,,,,,,,,,,,,,,,,,,,,
HNsS8GcTpK77erjuHRMEXeE3aJ8zXhNywehLjfzDpump,FP1-RESEARCH-PROBE-LOOSE-0001,5,1787076753933559,1787076735000000,0,27,22,6,0,WAITING_FOR_RESPONSE,INVALIDATED,PULLBACK_TOO_DEEP,False,23,7273,2,2,2,16000000000,1691,38642,11607,11584,2214,7201,101599,,,,,,,,,,,,,,,,,
2sgCEaV8PdZ4GTwYBLKPMABdmZvPrSPdpMhrdtT8pump,FP1-RESEARCH-PROBE-LOOSE-0001,5,1787076752814768,1787076735000000,0,1,1,2,0,WAITING_FOR_IMPULSE,EXPIRED,ENTRY_WINDOW_EXPIRED,True,,,,,,,,,,,,,,,,,,,,,,,,,,,,,,
6JrhJ1TqGga75G2iw8PzdXrJwqm7qunTjRAymsTipump,FP1-RESEARCH-PROBE-LOOSE-0001,5,1787076752733769,1787076735000000,0,1,1,2,0,WAITING_FOR_IMPULSE,EXPIRED,ENTRY_WINDOW_EXPIRED,True,,,,,,,,,,,,,,,,,,,,,,,,,,,,,,
EzL6hy8z79dv674kGipoL8VnEokQ5931iMk6Hj2zcN15,FP1-RESEARCH-PROBE-LOOSE-0001,5,1787076752622769,1787076735000000,0,3,2,2,0,WAITING_FOR_IMPULSE,EXPIRED,ENTRY_WINDOW_EXPIRED,True,,,,,,,,,,,,,,,,,,,,,,,,,,,,,,
FX3KeFPPMcXB644Jg9rymb1Y1rs1aGD4CCGxxftqpump,FP1-RESEARCH-PROBE-LOOSE-0001,5,1787076752509768,1787076735000000,0,1,1,2,0,WAITING_FOR_IMPULSE,EXPIRED,ENTRY_WINDOW_EXPIRED,True,,,,,,,,,,,,,,,,,,,,,,,,,,,,,,
2chAqtRahMc2H4FbPsrBtjAYVNZzg9KTEfXRTeYSpump,FP1-RESEARCH-PROBE-LOOSE-0001,5,1787076752394767,1787076735000000,0,1,1,2,0,WAITING_FOR_IMPULSE,EXPIRED,ENTRY_WINDOW_EXPIRED,True,,,,,,,,,,,,,,,,,,,,,,,,,,,,,,
5boMjDyxC7JFJNyJSpatdatWeFAjwHwSQfjcFT9jpump,FP1-RESEARCH-PROBE-LOOSE-0001,5,1787076750942013,1787076735000000,0,5,5,2,0,WAITING_FOR_IMPULSE,EXPIRED,ENTRY_WINDOW_EXPIRED,True,,,,,,,,,,,,,,,,,,,,,,,,,,,,,,
Ht4jGHzj6ySM4EMvffNF4bY3iwKLvACETAyG5hwPpump,FP1-RESEARCH-PROBE-LOOSE-0001,5,1787076749909278,1787076735000000,0,12,5,2,0,WAITING_FOR_IMPULSE,EXPIRED,ENTRY_WINDOW_EXPIRED,True,,,,,,,,,,,,,,,,,,,,,,,,,,,,,,
8SQ2kAo4oqmEwjgXgcLV8oib2Qo8w6KMhcLuAqhUpump,FP1-RESEARCH-PROBE-LOOSE-0001,5,1787076748667756,1787076735000000,0,6,4,2,0,WAITING_FOR_IMPULSE,EXPIRED,ENTRY_WINDOW_EXPIRED,True,,,,,,,,,,,,,,,,,,,,,,,,,,,,,,
mbsUkVJNN3n1docGZZxRAA2vT67j4b3i3Uv6g7dpump,FP1-RESEARCH-PROBE-LOOSE-0001,5,1787076747032946,1787076734000000,0,2,2,2,0,WAITING_FOR_IMPULSE,EXPIRED,ENTRY_WINDOW_EXPIRED,True,,,,,,,,,,,,,,,,,,,,,,,,,,,,,,
9ofSHjkKaBxkbZ6WtXPfrtTWZ739sMdtpSk3pdW4pump,FP1-RESEARCH-PROBE-LOOSE-0001,5,1787076745477206,1787076734000000,0,2,1,2,0,WAITING_FOR_IMPULSE,EXPIRED,ENTRY_WINDOW_EXPIRED,True,,,,,,,,,,,,,,,,,,,,,,,,,,,,,,
J4xP2GWnTcXEPkDsumSbjU2sxaDYD7mebqxvxYicpump,FP1-RESEARCH-PROBE-LOOSE-0001,5,1787076744184625,1787076733000000,0,13,13,6,0,WAITING_FOR_RESPONSE,EXPIRED,ENTRY_WINDOW_EXPIRED,True,20,1321,2,2,2,2838308640,1319,3987,5775,5755,1906,2838,58404,,,,,,,,,,,,,,,,,
AKgLZJ7ZKtSZJbHUTcsqGjNCeU5hdkahUbk8ZxBLpump,FP1-RESEARCH-PROBE-LOOSE-0001,5,1787076744135624,1787076733000000,0,8,3,2,0,WAITING_FOR_IMPULSE,EXPIRED,ENTRY_WINDOW_EXPIRED,True,,,,,,,,,,,,,,,,,,,,,,,,,,,,,,
AmU1A4AHMXYZgo7oBWFKUNVFdD1RRL71DG44JhoApump,FP1-RESEARCH-PROBE-LOOSE-0001,5,1787076742908875,1787076733000000,0,37,12,2,0,WAITING_FOR_IMPULSE,EXPIRED,ENTRY_WINDOW_EXPIRED,True,,,,,,,,,,,,,,,,,,,,,,,,,,,,,,
CHnFDNY7yjALt3UswGt4z7r4JaJ47v7nzXjJgrgbpump,FP1-RESEARCH-PROBE-LOOSE-0001,5,1787076742817880,1787076733000000,0,1,1,2,0,WAITING_FOR_IMPULSE,EXPIRED,ENTRY_WINDOW_EXPIRED,True,,,,,,,,,,,,,,,,,,,,,,,,,,,,,,
DR5stLQ1REsfUmNxB6882NEmJuXVFLVad2Jetnw6pump,FP1-RESEARCH-PROBE-LOOSE-0001,5,1787076741566361,1787076733000000,0,16,16,1,0,DISCOVERED,EXPIRED,ENTRY_WINDOW_EXPIRED,True,,,,,,,,,,,,,,,,,,,,,,,,,,,,,,
5H3yawFnDbCr9yGXtbp6SL7tQRKXQCQEBDki8XjCpump,FP1-RESEARCH-PROBE-LOOSE-0001,5,1787076741485363,1787076733000000,0,31,24,2,0,WAITING_FOR_IMPULSE,EXPIRED,ENTRY_WINDOW_EXPIRED,True,,,,,,,,,,,,,,,,,,,,,,,,,,,,,,
51XG8a5nVP1C6ussXiS5uhCN62qLfzQhpcxqZ1Bxpump,FP1-RESEARCH-PROBE-LOOSE-0001,5,1787076741426362,1787076733000000,0,1,1,1,0,DISCOVERED,EXPIRED,ENTRY_WINDOW_EXPIRED,True,,,,,,,,,,,,,,,,,,,,,,,,,,,,,,
bqxeDEw8MtMvAra5RmfcMD7Nqz7vt18ZPzCHfxVpump,FP1-RESEARCH-PROBE-LOOSE-0001,5,1787076740154423,1787076733000000,0,29,18,7,0,CANDIDATE_SIGNAL,CANDIDATE_SIGNAL,RECLAIM_CONFIRMED,False,20,666,2,2,2,2049993464,1264,1975,20763,20743,1085,1748,26686,1748,94909,74146,611,1,0,928656716,0,1,0,928656716,94914,5,1138,-699,622,
K5fvUGDgUJTCivcLbKyy7L7Msmd8x7rDYQkwUQfpump,FP1-RESEARCH-PROBE-LOOSE-0001,5,1787076740038422,1787076733000000,0,7,2,2,0,WAITING_FOR_IMPULSE,EXPIRED,ENTRY_WINDOW_EXPIRED,True,,,,,,,,,,,,,,,,,,,,,,,,,,,,,,
5faGDXwbiBq5miEMyuv79tXd8oFMgpAFMXGA7Xexpump,FP1-RESEARCH-PROBE-LOOSE-0001,5,1787076739821676,1787076733000000,0,22,12,4,0,WAITING_FOR_PULLBACK,EXPIRED,ENTRY_WINDOW_EXPIRED,True,3235,703,2,2,1,3255023681,113219,761,,,,,,,,,,,,,,,,,,,,,,
2UdWPq4SvnFrUJtcmdiHt54JbYTMkavd446LZdHDpump,FP1-RESEARCH-PROBE-LOOSE-0001,5,1787076738559451,1787076732000000,0,8,3,2,0,WAITING_FOR_IMPULSE,EXPIRED,ENTRY_WINDOW_EXPIRED,True,,,,,,,,,,,,,,,,,,,,,,,,,,,,,,
FHhPcCkRZRbyaKQn6uN1Uf5jYadvnFzohGxjWmSHpump,FP1-RESEARCH-PROBE-LOOSE-0001,5,1787076738467446,1787076732000000,0,25,13,2,0,WAITING_FOR_IMPULSE,EXPIRED,ENTRY_WINDOW_EXPIRED,True,,,,,,,,,,,,,,,,,,,,,,,,,,,,,,
6L23brf3xkaSsD5mpG49rkdYWpUF7Pb2pujhqJcLpump,FP1-RESEARCH-PROBE-LOOSE-0001,5,1787076737243715,1787076732000000,0,18,2,2,0,WAITING_FOR_IMPULSE,EXPIRED,ENTRY_WINDOW_EXPIRED,True,,,,,,,,,,,,,,,,,,,,,,,,,,,,,,
4MSpPMLsCDGjo161D1BpnxDEtr1wTHNMiHSrev9upump,FP1-RESEARCH-PROBE-LOOSE-0001,5,1787076737035198,1787076732000000,0,1,1,2,0,WAITING_FOR_IMPULSE,EXPIRED,ENTRY_WINDOW_EXPIRED,True,,,,,,,,,,,,,,,,,,,,,,,,,,,,,,
Dipy9KTCX53GEjRpPxh3dn6Y6tcN7mrf3vL3To6Qpump,FP1-RESEARCH-PROBE-LOOSE-0001,5,1787076735823607,1787076732000000,0,2,2,2,0,WAITING_FOR_IMPULSE,EXPIRED,ENTRY_WINDOW_EXPIRED,True,,,,,,,,,,,,,,,,,,,,,,,,,,,,,,
DQxaq3uzLZifBuKwyN33zZFqEgVe5A13Rtzm1SAFpump,FP1-RESEARCH-PROBE-LOOSE-0001,5,1787076735615608,1787076731000000,0,8,3,2,0,WAITING_FOR_IMPULSE,EXPIRED,ENTRY_WINDOW_EXPIRED,True,,,,,,,,,,,,,,,,,,,,,,,,,,,,,,
2VLVnUfyU4UNvbZCZUfVRLGJKQRJS9UQ5mRSswwgpump,FP1-RESEARCH-PROBE-LOOSE-0001,5,1787076735559613,1787076731000000,0,30,12,4,0,WAITING_FOR_PULLBACK,EXPIRED,ENTRY_WINDOW_EXPIRED,True,53104,971,6,5,1,1975308641,53104,971,,,,,,,,,,,,,,,,,,,,,,
6VQxvirCSMXkidzYPaH8hheoujCx3qAwidbNe685pump,FP1-RESEARCH-PROBE-LOOSE-0001,5,1787076735541611,1787076731000000,0,7,7,2,0,WAITING_FOR_IMPULSE,EXPIRED,ENTRY_WINDOW_EXPIRED,True,,,,,,,,,,,,,,,,,,,,,,,,,,,,,,
ukWSz1Bx9ZPeQCU5UcFmP1nuVuDw1YRXNkxEphRmHj4,FP1-RESEARCH-PROBE-LOOSE-0001,5,1787076735521612,1787076731000000,0,1,1,2,0,WAITING_FOR_IMPULSE,EXPIRED,ENTRY_WINDOW_EXPIRED,True,,,,,,,,,,,,,,,,,,,,,,,,,,,,,,
J9F3kEV4o3MNMDZ941k1pMv6dizd1LisSVj9uRGPpump,FP1-RESEARCH-PROBE-LOOSE-0001,5,1787076735480607,1787076731000000,0,81,32,7,0,CANDIDATE_SIGNAL,CANDIDATE_SIGNAL,RECLAIM_CONFIRMED,False,3069,589,3,3,2,1271111111,5890,811,15400,12331,1057,2525,103340,2525,117374,101974,571,1,0,1108416887,0,1,0,1108416887,117397,23,-1135,-1800,378,
DrkPf7FREMSJT3BubbLWzgr6eYZozXeQpdEKugBHpump,FP1-RESEARCH-PROBE-LOOSE-0001,5,1787076734205874,1787076731000000,0,24,2,2,0,WAITING_FOR_IMPULSE,EXPIRED,ENTRY_WINDOW_EXPIRED,True,,,,,,,,,,,,,,,,,,,,,,,,,,,,,,
GDFGRFA98nsJYD9SYyWuk4YDXV73ffP211JKFRVZpump,FP1-RESEARCH-PROBE-LOOSE-0001,5,1787076734153361,1787076731000000,0,39,17,4,0,WAITING_FOR_PULLBACK,EXPIRED,ENTRY_WINDOW_EXPIRED,True,44751,532,7,6,1,987654320,91791,603,,,,,,,,,,,,,,,,,,,,,,
EVvmWSviacYbdi2HmywGMcsL72b3dps5JjXiduR3pump,FP1-RESEARCH-PROBE-LOOSE-0001,5,1787076733912823,1787076731000000,0,81,10,7,0,CANDIDATE_SIGNAL,CANDIDATE_SIGNAL,RECLAIM_CONFIRMED,False,1581,2174,3,2,2,2342955,1581,2174,4825,3244,2518,6741,11833,6741,13004,8179,4598,1,2,8368969,-133,1,5,-17171787,17016,4012,-2754,-4048,2513,
7qsyyPBvvVGayoNibVcaqNu5ePpg9ftxQUUxCpRKpump,FP1-RESEARCH-PROBE-LOOSE-0001,5,1787076733893819,1787076731000000,0,39,16,2,0,WAITING_FOR_IMPULSE,EXPIRED,ENTRY_WINDOW_EXPIRED,True,,,,,,,,,,,,,,,,,,,,,,,,,,,,,,
A1qj4xebzHwjM4gz9LqLGYWLkXyRJdZX6kEQqCCbpump,FP1-RESEARCH-PROBE-LOOSE-0001,5,1787076732797823,1787076731000000,0,2,2,2,0,WAITING_FOR_IMPULSE,EXPIRED,ENTRY_WINDOW_EXPIRED,True,,,,,,,,,,,,,,,,,,,,,,,,,,,,,,
KjzjkuZ8r6BBkQBPNsgSGsmxppwFmPbrgWcnGpnpump,FP1-RESEARCH-PROBE-LOOSE-0001,5,1787076732649822,1787076731000000,0,58,13,9,1,CANDIDATE_SIGNAL,CANDIDATE_SIGNAL,RECLAIM_CONFIRMED,False,21412,6025,4,2,1,128317116,21412,6025,25425,4013,2669,4755,56016,2669,36451,11026,8753,1,0,58713889,0,2,0,179927711,67913,31462,3377,-3928,4047,
Fusiy3cT5ZTVkmFZyTQ1kLFDZ8otdcB8C4R1S8pC1S7L,FP1-RESEARCH-PROBE-LOOSE-0001,5,1787076732484044,1787076731000000,0,19,10,7,0,CANDIDATE_SIGNAL,CANDIDATE_SIGNAL,RECLAIM_CONFIRMED,False,3164,1721,2,2,1,189027167,10448,7260,14671,11507,3336,3336,17356,3336,19980,5309,2190,1,1,62199717,2190,2,3,-1291583278,23054,3074,6002,-729,1413,
6nZgBu1Un7t9VcLkKN5PNMXSxEhYFLDsAwL6JeF1pump,FP1-RESEARCH-PROBE-LOOSE-0001,5,1787076732446047,1787076730000000,0,1,1,2,0,WAITING_FOR_IMPULSE,EXPIRED,ENTRY_WINDOW_EXPIRED,True,,,,,,,,,,,,,,,,,,,,,,,,,,,,,,
49bo69QPveB1wCWWgUQYfkMr299VZmTtctGfimuVTuUY,FP1-RESEARCH-PROBE-LOOSE-0001,5,1787076732365043,1787076730000000,0,46,23,2,0,WAITING_FOR_IMPULSE,EXPIRED,ENTRY_WINDOW_EXPIRED,True,,,,,,,,,,,,,,,,,,,,,,,,,,,,,,
5w2zL6fRKxxfBNu2nYC7EUFyeKreAYH9sWcJY1Bxpump,FP1-RESEARCH-PROBE-LOOSE-0001,5,1787076732356042,1787076730000000,0,71,31,1,0,DISCOVERED,EXPIRED,ENTRY_WINDOW_EXPIRED,True,,,,,,,,,,,,,,,,,,,,,,,,,,,,,,
24qYt9vrVyp6T2EueAURGymF9MrpnDH6ceedMi9dpump,FP1-RESEARCH-PROBE-LOOSE-0001,5,1787076732349042,1787076730000000,0,147,16,7,0,CANDIDATE_SIGNAL,CANDIDATE_SIGNAL,RECLAIM_CONFIRMED,False,3251,2191,3,2,1,16193541,20124,15506,28435,25184,2071,5272,70074,5272,93407,64972,5402,1,0,39365685,0,1,0,39365685,110910,17503,8992,-2554,226,
8Ra4Rbqfn3dDSzvVBWV9Qbxh95AzCNvJ3QPxLAAYF5yf,FP1-RESEARCH-PROBE-LOOSE-0001,5,1787076732291048,1787076730000000,0,19,12,2,0,WAITING_FOR_IMPULSE,EXPIRED,ENTRY_WINDOW_EXPIRED,True,,,,,,,,,,,,,,,,,,,,,,,,,,,,,,
99vYtpjVMtRN2P6fKykci6ehtWnKM61ZcBLmbbV1pump,FP1-RESEARCH-PROBE-LOOSE-0001,5,1787076731230011,1787076730000000,0,1,1,2,0,WAITING_FOR_IMPULSE,EXPIRED,ENTRY_WINDOW_EXPIRED,True,,,,,,,,,,,,,,,,,,,,,,,,,,,,,,
8wDRMU2vkVjSgXQZ6mwF6uzH6cHtvTzxxL8AZ7Dbpump,FP1-RESEARCH-PROBE-LOOSE-0001,5,1787076731023006,1787076730000000,0,1,1,2,0,WAITING_FOR_IMPULSE,EXPIRED,ENTRY_WINDOW_EXPIRED,True,,,,,,,,,,,,,,,,,,,,,,,,,,,,,,
Egzjvops7QCrSpoLs1cbH9Jh78zxx2RfEu7HaVfypump,FP1-RESEARCH-PROBE-LOOSE-0001,5,1787076731007007,1787076730000000,0,39,25,4,0,WAITING_FOR_PULLBACK,EXPIRED,ENTRY_WINDOW_EXPIRED,True,67301,641,21,4,2,2013655431,67301,641,,,,,,,,,,,,,,,,,,,,,,
FBPK8CoKzipKzVxE1KZbC98B4DMQ3qLeGtXgVy5tpump,FP1-RESEARCH-PROBE-LOOSE-0001,5,1787076730977008,1787076730000000,0,1,1,2,0,WAITING_FOR_IMPULSE,EXPIRED,ENTRY_WINDOW_EXPIRED,True,,,,,,,,,,,,,,,,,,,,,,,,,,,,,,
24qYL6eQCpyN8WvBcVM6wUco7w14cvcYxw1koMtmpump,FP1-RESEARCH-PROBE-LOOSE-0001,5,1787076730761884,1787076730000000,0,137,17,7,0,CANDIDATE_SIGNAL,CANDIDATE_SIGNAL,RECLAIM_CONFIRMED,False,7872,2562,5,2,2,21746730,7872,2562,10722,2850,2420,6516,14707,6516,17768,7046,2313,3,2,26124725,662,6,6,-37182774,19252,1484,-4411,-5551,370,
EseYwg2iVJju6u3H4gE5bH8N9uWDqMsTWU8nAV1epump,FP1-RESEARCH-PROBE-LOOSE-0001,5,1787076730714882,1787076730000000,0,140,43,9,1,CANDIDATE_SIGNAL,CANDIDATE_SIGNAL,RECLAIM_CONFIRMED,False,116678,2108,32,4,1,78714960,127202,3324,131819,15141,1573,1591,161801,1573,144557,12738,2916,1,0,62834621,0,2,0,90675636,175271,30714,9790,0,2294,
A6eQxu4uXKsEcLfX4Dy8rDzwLmqkACMaSfnMuU4Ppump,FP1-RESEARCH-PROBE-LOOSE-0001,5,1787076730693883,1787076730000000,0,118,48,2,0,WAITING_FOR_IMPULSE,EXPIRED,ENTRY_WINDOW_EXPIRED,True,,,,,,,,,,,,,,,,,,,,,,,,,,,,,,
H64hLpEnAAuHoKgzei5HFt217CEpmx9UPMoRtquCpump,FP1-RESEARCH-PROBE-LOOSE-0001,5,1787076730687883,1787076730000000,0,1,1,2,0,WAITING_FOR_IMPULSE,EXPIRED,ENTRY_WINDOW_EXPIRED,True,,,,,,,,,,,,,,,,,,,,,,,,,,,,,,
CciwZdzuutzcihRxzZtX4n8s73q6WgDPktXPoZ7Wpump,FP1-RESEARCH-PROBE-LOOSE-0001,5,1787076730661882,1787076730000000,0,92,71,2,0,WAITING_FOR_IMPULSE,EXPIRED,ENTRY_WINDOW_EXPIRED,True,,,,,,,,,,,,,,,,,,,,,,,,,,,,,,
8kC6xAByh5KyDxrWH1Y9PWkWP3p3RVyfo14XzuQ3WN5M,FP1-RESEARCH-PROBE-LOOSE-0001,5,1787076027408792,1787075474000000,0,1,1,2,0,WAITING_FOR_IMPULSE,EXPIRED,ENTRY_WINDOW_EXPIRED,True,,,,,,,,,,,,,,,,,,,,,,,,,,,,,,
Cau7ZY9fZn9GWYrjCMGiQuNr7fETQZUfcUve5wPiVDnh,FP1-RESEARCH-PROBE-LOOSE-0001,5,1787076027361842,1787075473000000,0,1,1,2,0,WAITING_FOR_IMPULSE,EXPIRED,ENTRY_WINDOW_EXPIRED,True,,,,,,,,,,,,,,,,,,,,,,,,,,,,,,
EVhtQSkjMHPwyTm6zpBQJR2ow9QyWxBP6mJEKV5Kpump,FP1-RESEARCH-PROBE-LOOSE-0001,5,1787076004517652,1787075471000000,0,20,20,7,0,WAITING_FOR_RECLAIM,EXPIRED,ENTRY_WINDOW_EXPIRED,True,3,740,2,2,2,4200000000,5289,4079,10418,10415,1045,1045,10418,1045,10468,50,2305,2,2,1946004479,1623,3,2,3230006454,,,,,,
CaZu4YyRfVqMBynVd2o7LQeDQPGayu6oJQLV3QT7QKYU,FP1-RESEARCH-PROBE-LOOSE-0001,5,1787076000099268,1787075471000000,0,6,6,4,0,WAITING_FOR_PULLBACK,EXPIRED,ENTRY_WINDOW_EXPIRED,True,2471,592,4,4,4,1160493823,2471,592,,,,,,,,,,,,,,,,,,,,,,
24qTzcFU4LHbnCD9jif6nrpn17M6XayF7C5CPVzZpump,FP1-RESEARCH-PROBE-LOOSE-0001,5,1787076000093754,1787075471000000,0,8,8,7,0,WAITING_FOR_RECLAIM,EXPIRED,ENTRY_WINDOW_EXPIRED,True,4483,513,2,2,1,15197625,9733,3218,12064,7581,3224,4925,22607,4925,27309,15245,2008,1,0,40003591,0,2,1,-26112043,,,,,,
8A8XE8AseWxQEGaaZ4Fw5eqitxThPcYSd9mDuF5Dpump,FP1-RESEARCH-PROBE-LOOSE-0001,5,1787076000087241,1787075471000000,0,1,1,2,0,WAITING_FOR_IMPULSE,EXPIRED,ENTRY_WINDOW_EXPIRED,True,,,,,,,,,,,,,,,,,,,,,,,,,,,,,,
4fhMyvMaus6ujEhbt6VbS5Pnyf8CbvXWLJdW4JvZpump,FP1-RESEARCH-PROBE-LOOSE-0001,5,1787075997755261,1787075469000000,0,1,1,1,0,DISCOVERED,EXPIRED,ENTRY_WINDOW_EXPIRED,True,,,,,,,,,,,,,,,,,,,,,,,,,,,,,,
CHRskLZjjcuETHRbyWNKvx4Mt333GuNHrZw1WJrLpump,FP1-RESEARCH-PROBE-LOOSE-0001,5,1787075990754537,1787075467000000,0,2,2,2,0,WAITING_FOR_IMPULSE,EXPIRED,ENTRY_WINDOW_EXPIRED,True,,,,,,,,,,,,,,,,,,,,,,,,,,,,,,
EUF4Cetz7HzMV7stvk8SmY9rJhZx3ZLZcq5T4aDEpump,FP1-RESEARCH-PROBE-LOOSE-0001,5,1787075988317637,1787075466000000,0,14,8,7,0,CANDIDATE_SIGNAL,CANDIDATE_SIGNAL,RECLAIM_CONFIRMED,False,2461,1678,2,2,2,69202961,2461,1678,6794,4333,1888,1888,6794,1888,14286,7492,6268,2,0,35596269,2100,3,1,23179707,16277,1991,6286,0,567,
D59vie5vZirj2KQJ9N8qGpchJAWoi8v4ozp1gvygpump,FP1-RESEARCH-PROBE-LOOSE-0001,5,1787075988288600,1787075466000000,0,1,1,2,0,WAITING_FOR_IMPULSE,EXPIRED,ENTRY_WINDOW_EXPIRED,True,,,,,,,,,,,,,,,,,,,,,,,,,,,,,,
BewgSY6zvcEupzqRm8c9sN7ZHTF2m6d9Uyk9iZYBpump,FP1-RESEARCH-PROBE-LOOSE-0001,5,1787075983620514,1787075464000000,0,6,6,2,0,WAITING_FOR_IMPULSE,EXPIRED,ENTRY_WINDOW_EXPIRED,True,,,,,,,,,,,,,,,,,,,,,,,,,,,,,,
FRBtgoEpYwX9sWoj3Z2KpE29QBFv6ubYafCHWtrupump,FP1-RESEARCH-PROBE-LOOSE-0001,5,1787075979295198,1787075463000000,0,1,1,2,0,WAITING_FOR_IMPULSE,EXPIRED,ENTRY_WINDOW_EXPIRED,True,,,,,,,,,,,,,,,,,,,,,,,,,,,,,,
EG3oUzy57mbCMaxtKXKRZcvNBmeCALjqpmvXfV71pump,FP1-RESEARCH-PROBE-LOOSE-0001,5,1787075976500841,1787075462000000,0,6,6,2,0,WAITING_FOR_IMPULSE,EXPIRED,ENTRY_WINDOW_EXPIRED,True,,,,,,,,,,,,,,,,,,,,,,,,,,,,,,
9e8gnDsBka6uCgUju82pxhDcdnMVfYifXjN495YWpump,FP1-RESEARCH-PROBE-LOOSE-0001,5,1787075971614243,1787075459000000,0,1,1,2,0,WAITING_FOR_IMPULSE,EXPIRED,ENTRY_WINDOW_EXPIRED,True,,,,,,,,,,,,,,,,,,,,,,,,,,,,,,
2ftPYD79z9EW67uK7b4K1H9JmoVdjJxD43fnxK4Apump,FP1-RESEARCH-PROBE-LOOSE-0001,5,1787075968796474,1787075458000000,0,2,2,2,0,WAITING_FOR_IMPULSE,EXPIRED,ENTRY_WINDOW_EXPIRED,True,,,,,,,,,,,,,,,,,,,,,,,,,,,,,,
Fs47a5ugFPHNGj3FNGVeh8Vfv4uPaAsc6CjQuNfepump,FP1-RESEARCH-PROBE-LOOSE-0001,5,1787075966348583,1787075458000000,0,1,1,2,0,WAITING_FOR_IMPULSE,EXPIRED,ENTRY_WINDOW_EXPIRED,True,,,,,,,,,,,,,,,,,,,,,,,,,,,,,,
5W4wTbCRQsC4oKUbvYA4xkvaRMETxitwoYi9NbT9aYg1,FP1-RESEARCH-PROBE-LOOSE-0001,5,1787075963918780,1787075457000000,0,1,1,2,0,WAITING_FOR_IMPULSE,EXPIRED,ENTRY_WINDOW_EXPIRED,True,,,,,,,,,,,,,,,,,,,,,,,,,,,,,,
CRxxqEPLGwoST7noV76Nsfte2UgVN8XYixMhZbWSpump,FP1-RESEARCH-PROBE-LOOSE-0001,5,1787075959015459,1787075455000000,0,2,2,3,0,IMPULSE_CONFIRMED,EXPIRED,ENTRY_WINDOW_EXPIRED,True,16,655,2,2,2,2013655431,16,655,,,,,,,,,,,,,,,,,,,,,,
89g2tcdkwicNhppRinFEdifK4EDm2pcHBUTymcuTpump,FP1-RESEARCH-PROBE-LOOSE-0001,5,1787075951635587,1787075453000000,0,1,1,2,0,WAITING_FOR_IMPULSE,EXPIRED,ENTRY_WINDOW_EXPIRED,True,,,,,,,,,,,,,,,,,,,,,,,,,,,,,,
2vBhhhZtnmMyjrFqqTPGNu3JKyT31tmPiTymg4wgpump,FP1-RESEARCH-PROBE-LOOSE-0001,5,1787075949015597,1787075453000000,0,14,14,2,0,WAITING_FOR_IMPULSE,EXPIRED,ENTRY_WINDOW_EXPIRED,True,,,,,,,,,,,,,,,,,,,,,,,,,,,,,,
6crppbS8d8xQHeA6wbe1FwHL2TRcchPztfEWE6jkpump,FP1-RESEARCH-PROBE-LOOSE-0001,5,1787075932151958,1787075450000000,0,46,14,9,1,CANDIDATE_SIGNAL,CANDIDATE_SIGNAL,RECLAIM_CONFIRMED,False,4876,2216,2,2,1,54716048,10309,4729,14654,9778,2019,5569,24493,5544,24445,9791,3130,2,1,174381316,3130,2,3,12377498,29193,4748,-2358,-4811,1007,
6qFcpEmZ9ggd5Hqn5GRL8umUrRh9ateNMKDKPhs7pump,FP1-RESEARCH-PROBE-LOOSE-0001,5,1787075927233418,1787075448000000,0,51,15,8,1,WAITING_FOR_RECLAIM,INVALIDATED,PULLBACK_TOO_DEEP,False,7291,1295,2,2,1,38370370,15189,3232,17198,9907,2687,7594,34089,3092,24415,7217,541,2,1,723585553,541,3,2,675494670,,,,,,
3MJU3RRDdA5ayFeX1dq7vnbqA8mBLMR9umz5GQgLpump,FP1-RESEARCH-PROBE-LOOSE-0001,5,1787075927231418,1787075448000000,0,1,1,2,0,WAITING_FOR_IMPULSE,EXPIRED,ENTRY_WINDOW_EXPIRED,True,,,,,,,,,,,,,,,,,,,,,,,,,,,,,,
2JbGQU9hj6taNRqPHGvniJ7tD2MSNVyuqFbWYSMfpump,FP1-RESEARCH-PROBE-LOOSE-0001,5,1787075924515153,1787075448000000,0,1,1,2,0,WAITING_FOR_IMPULSE,EXPIRED,ENTRY_WINDOW_EXPIRED,True,,,,,,,,,,,,,,,,,,,,,,,,,,,,,,
GubeDzpSydvXbP52bNLqXRKiGapnvB1JUobYM7j5pump,FP1-RESEARCH-PROBE-LOOSE-0001,5,1787075924514151,1787075448000000,0,1,1,2,0,WAITING_FOR_IMPULSE,EXPIRED,ENTRY_WINDOW_EXPIRED,True,,,,,,,,,,,,,,,,,,,,,,,,,,,,,,
6Ywgrn4tpunQ25YAoQyuZkjGpSL2TzDKoyQYYgrcpump,FP1-RESEARCH-PROBE-LOOSE-0001,5,1787075919277470,1787075446000000,0,7,7,4,0,WAITING_FOR_PULLBACK,EXPIRED,ENTRY_WINDOW_EXPIRED,True,2465,679,4,4,4,1041975304,2465,679,,,,,,,,,,,,,,,,,,,,,,
8rgBCz31kFMX9t6owpwEZRauudeY3HXCLB1HJUTxtaKF,FP1-RESEARCH-PROBE-LOOSE-0001,5,1787075913832742,1787075445000000,0,18,10,7,0,CANDIDATE_SIGNAL,CANDIDATE_SIGNAL,RECLAIM_CONFIRMED,False,2784,1839,2,2,2,1183700000,5477,2390,10653,7869,1723,2944,13412,2944,18297,7644,4796,2,0,591650842,4660,2,2,227085192,23156,4859,4348,0,1092,
FEPGE8twpBKmJduyqUrsfcosNXb9iauH4SAjNTeNpump,FP1-RESEARCH-PROBE-LOOSE-0001,5,1787075906074956,1787075444000000,0,1,1,2,0,WAITING_FOR_IMPULSE,EXPIRED,ENTRY_WINDOW_EXPIRED,True,,,,,,,,,,,,,,,,,,,,,,,,,,,,,,
Hf5MDX7vCdXVbVdUeqMUe6bCGQU5uqygKevooXwqpump,FP1-RESEARCH-PROBE-LOOSE-0001,5,1787075903237401,1787075443000000,0,1,1,2,0,WAITING_FOR_IMPULSE,EXPIRED,ENTRY_WINDOW_EXPIRED,True,,,,,,,,,,,,,,,,,,,,,,,,,,,,,,
9N872gyHMcbZgVkVNLLti4m6WJo9Sam7imGGW89pump,FP1-RESEARCH-PROBE-LOOSE-0001,5,1787075888446271,1787075441000000,0,1,1,2,0,WAITING_FOR_IMPULSE,EXPIRED,ENTRY_WINDOW_EXPIRED,True,,,,,,,,,,,,,,,,,,,,,,,,,,,,,,
C983zsBpasUwhAj1s1ZA9DhF8ogyATxkjNe8uQxfpump,FP1-RESEARCH-PROBE-LOOSE-0001,5,1787075879664766,1787075439000000,0,4,4,2,0,WAITING_FOR_IMPULSE,EXPIRED,ENTRY_WINDOW_EXPIRED,True,,,,,,,,,,,,,,,,,,,,,,,,,,,,,,
CJFyaCyjZ6dwscrLKZAiQ7AeXRFm74u4KgG17S3fUqSU,FP1-RESEARCH-PROBE-LOOSE-0001,5,1787075875432028,1787075439000000,0,1,1,2,0,WAITING_FOR_IMPULSE,EXPIRED,ENTRY_WINDOW_EXPIRED,True,,,,,,,,,,,,,,,,,,,,,,,,,,,,,,
HzgqDreTWWBvikLxHPVTM1cKbNyP1TWoPZMKxK1xrHac,FP1-RESEARCH-PROBE-LOOSE-0001,5,1787075867903091,1787075438000000,0,1,1,2,0,WAITING_FOR_IMPULSE,EXPIRED,ENTRY_WINDOW_EXPIRED,True,,,,,,,,,,,,,,,,,,,,,,,,,,,,,,
2dY1HxXdKtxoD2Nb973UiFFVSVzwSn2kHAQzwi6mpump,FP1-RESEARCH-PROBE-LOOSE-0001,5,1787075852384831,1787075436000000,0,54,12,8,1,WAITING_FOR_RECLAIM,INVALIDATED,PULLBACK_TOO_DEEP,False,11025,1760,2,2,1,104237036,23025,3857,29749,18724,1675,7087,48311,4620,38847,9098,216,1,1,229701214,216,1,3,-133542049,,,,,,
DZ1w2NWZpFR4hGGSvFaVLTxWdWsB6Mpxumzg4Eiopump,FP1-RESEARCH-PROBE-LOOSE-0001,5,1787075843364688,1787075436000000,0,1,1,2,0,WAITING_FOR_IMPULSE,EXPIRED,ENTRY_WINDOW_EXPIRED,True,,,,,,,,,,,,,,,,,,,,,,,,,,,,,,
F8RWF26ffeeUgKFnG5XgkKbh1vzpQsrsXuGewq1Dpump,FP1-RESEARCH-PROBE-LOOSE-0001,5,1787075836212537,1787075435000000,0,2,2,2,0,WAITING_FOR_IMPULSE,EXPIRED,ENTRY_WINDOW_EXPIRED,True,,,,,,,,,,,,,,,,,,,,,,,,,,,,,,
BRaxsZoYg6scR2hekHexTfgyLnpopySWqPLcW4o6pump,FP1-RESEARCH-PROBE-LOOSE-0001,5,1787075821440949,1787075434000000,0,93,22,7,0,CANDIDATE_SIGNAL,CANDIDATE_SIGNAL,RECLAIM_CONFIRMED,False,55,588,5,5,5,3918035340,9869,5439,9897,9842,2067,2067,9897,2067,9900,3,355,10,1,3204239926,1267,15,1,7122275266,9913,13,4023,-917,1057,
BuE9duiToFMfJ6q3wCn3d2KrzdrefqgN71kaTwtUpump,FP1-RESEARCH-PROBE-LOOSE-0001,5,1787075818970422,1787075434000000,0,1,1,2,0,WAITING_FOR_IMPULSE,EXPIRED,ENTRY_WINDOW_EXPIRED,True,,,,,,,,,,,,,,,,,,,,,,,,,,,,,,
EeYis5gvhm5KhtwetHC62uvBbZ1cerZNvoFasAPkpump,FP1-RESEARCH-PROBE-LOOSE-0001,5,1787075817588473,1787075434000000,0,2,2,2,0,WAITING_FOR_IMPULSE,EXPIRED,ENTRY_WINDOW_EXPIRED,True,,,,,,,,,,,,,,,,,,,,,,,,,,,,,,
HHEK9pFCXbK6GevCgBkTTzHdpdMCr1PwEFjioxh5pump,FP1-RESEARCH-PROBE-LOOSE-0001,5,1787075812865899,1787075433000000,0,23,23,7,0,WAITING_FOR_RECLAIM,EXPIRED,ENTRY_WINDOW_EXPIRED,True,3,1345,2,2,2,3338613742,6065,2911,41955,41952,1072,2866,121728,2866,163591,121636,721,1,0,365411689,0,1,0,365411689,,,,,,
9RnvWbNFkuSmiPkACof4SWcJ679fCY3jDC6gvZxZpump,FP1-RESEARCH-PROBE-LOOSE-0001,4,1787075812823794,1787075433000000,0,1,1,2,0,WAITING_FOR_IMPULSE,EXPIRED,ENTRY_WINDOW_EXPIRED,True,,,,,,,,,,,,,,,,,,,,,,,,,,,,,,
Bf8inNx9RpCFRZbSrVHnLse3Bz3da8ea4kMzhtxxpump,FP1-RESEARCH-PROBE-LOOSE-0001,4,1787075802114415,1787075432000000,0,4,4,2,0,WAITING_FOR_IMPULSE,EXPIRED,ENTRY_WINDOW_EXPIRED,True,,,,,,,,,,,,,,,,,,,,,,,,,,,,,,
G6cyLHD84wq27a3vsz5Cv27nQEsZ1BxPZy4mZiEdFDpc,FP1-RESEARCH-PROBE-LOOSE-0001,4,1787075797803732,1787075432000000,0,1,1,2,0,WAITING_FOR_IMPULSE,EXPIRED,ENTRY_WINDOW_EXPIRED,True,,,,,,,,,,,,,,,,,,,,,,,,,,,,,,
C1M67zE9dxmrf8SDWPjrFE6PrSedYGqeqejnhv8Lpump,FP1-RESEARCH-PROBE-LOOSE-0001,4,1787075795138313,1787075432000000,0,1,1,2,0,WAITING_FOR_IMPULSE,EXPIRED,ENTRY_WINDOW_EXPIRED,True,,,,,,,,,,,,,,,,,,,,,,,,,,,,,,
H3Zo4YogAkrTMZAxtvEPFtBPeQhuDFShsWRZW5xHpump,FP1-RESEARCH-PROBE-LOOSE-0001,4,1787075780189824,1787075431000000,0,1,1,2,0,WAITING_FOR_IMPULSE,EXPIRED,ENTRY_WINDOW_EXPIRED,True,,,,,,,,,,,,,,,,,,,,,,,,,,,,,,
DmQLCaRESq57oG2UNpj8CDg55qk5E7e6AkKECbHNpump,FP1-RESEARCH-PROBE-LOOSE-0001,4,1787075748616857,1787075429000000,0,1,1,2,0,WAITING_FOR_IMPULSE,EXPIRED,ENTRY_WINDOW_EXPIRED,True,,,,,,,,,,,,,,,,,,,,,,,,,,,,,,
7ZURh5pqthsy8bf5iMA4XaiG7HcGPbSoc2z8eM8Dpump,FP1-RESEARCH-PROBE-LOOSE-0001,4,1787075742254447,1787075428000000,0,5,4,2,0,WAITING_FOR_IMPULSE,EXPIRED,ENTRY_WINDOW_EXPIRED,True,,,,,,,,,,,,,,,,,,,,,,,,,,,,,,
5TKLzmmgfPYUL6FqFJ7CYt6JEmvkjSBoe9hncqyfpump,FP1-RESEARCH-PROBE-LOOSE-0001,4,1787075737313542,1787075428000000,0,2,2,2,0,WAITING_FOR_IMPULSE,EXPIRED,ENTRY_WINDOW_EXPIRED,True,,,,,,,,,,,,,,,,,,,,,,,,,,,,,,
3o6W4NWhCteMYMe6cdJBqzb88fjsasdjCA4UgZFypump,FP1-RESEARCH-PROBE-LOOSE-0001,4,1787075725916250,1787075427000000,0,2,2,2,0,WAITING_FOR_IMPULSE,EXPIRED,ENTRY_WINDOW_EXPIRED,True,,,,,,,,,,,,,,,,,,,,,,,,,,,,,,
ANTNNteL2Y9aAH3QpfskEP9bA6nmCf3GcnEGGAGupump,FP1-RESEARCH-PROBE-LOOSE-0001,4,1787075715380808,1787075426000000,0,1,1,2,0,WAITING_FOR_IMPULSE,EXPIRED,ENTRY_WINDOW_EXPIRED,True,,,,,,,,,,,,,,,,,,,,,,,,,,,,,,
CHUyKXcdU6USovWmb4ikLQQn5uuev8h21hF9pKTgpump,FP1-RESEARCH-PROBE-LOOSE-0001,4,1787075699304044,1787075425000000,0,1,1,2,0,WAITING_FOR_IMPULSE,EXPIRED,ENTRY_WINDOW_EXPIRED,True,,,,,,,,,,,,,,,,,,,,,,,,,,,,,,
4Cq5i7ELg61b4hZi3NrgbJ4zudfnX2HtWzcWE3k4pump,FP1-RESEARCH-PROBE-LOOSE-0001,4,1787075692055657,1787075425000000,0,17,9,6,0,WAITING_FOR_RESPONSE,INVALIDATED,PULLBACK_TOO_DEEP,False,187623,898,3,2,1,98339831,187623,898,219516,31893,1616,7610,240128,,,,,,,,,,,,,,,,,
ArKXtdcsf3aeZ5nshQ85t9rRyFmtnJz3w1ek4wTmHwsJ,FP1-RESEARCH-PROBE-LOOSE-0001,4,1787075689911562,1787075425000000,0,6,6,6,0,WAITING_FOR_RESPONSE,EXPIRED,ENTRY_WINDOW_EXPIRED,True,18584,1466,2,2,1,2962962962,18584,1466,49998,31414,5519,5519,49998,,,,,,,,,,,,,,,,,
4b788FNwvYeuysUxNdKTHQ6hdsrYj3gUe2d3qE88pump,FP1-RESEARCH-PROBE-LOOSE-0001,4,1787075689844937,1787075425000000,0,176,8,7,0,CANDIDATE_SIGNAL,CANDIDATE_SIGNAL,RECLAIM_CONFIRMED,False,20900,3565,2,2,1,89138927,20900,3565,43110,22210,6643,6643,43110,6643,56885,13775,892,1,0,11183706,0,1,0,11183706,65890,9005,-4693,-6088,698,
GyW1EgMyxW8d1bZNWWxZjJdhdx1HzXgUAccGXTg9pump,FP1-RESEARCH-PROBE-LOOSE-0001,4,1787075687473986,1787075425000000,0,36,33,6,0,WAITING_FOR_RESPONSE,EXPIRED,ENTRY_WINDOW_EXPIRED,True,264186,2826,22,4,1,350449332,286736,14299,289062,24876,2238,5567,296129,,,,,,,,,,,,,,,,,
5yKHRzV1bnbXw1oEZWYsMS9dKd8Pd57ZYdMAKw7vpump,FP1-RESEARCH-PROBE-LOOSE-0001,4,1787075669985152,1787075423000000,0,1,1,2,0,WAITING_FOR_IMPULSE,EXPIRED,ENTRY_WINDOW_EXPIRED,True,,,,,,,,,,,,,,,,,,,,,,,,,,,,,,
CetseNCz6So4U3E4GG2nWpmwL9tBJXK56cvgvZH2K9Mh,FP1-RESEARCH-PROBE-LOOSE-0001,4,1787075656552368,1787075423000000,0,1,1,2,0,WAITING_FOR_IMPULSE,EXPIRED,ENTRY_WINDOW_EXPIRED,True,,,,,,,,,,,,,,,,,,,,,,,,,,,,,,
GZ6QrYCQqhWZJVshypJ7jCMhkhaYg3gCR69LcUQ7pump,FP1-RESEARCH-PROBE-LOOSE-0001,4,1787075635759513,1787075421000000,0,1,1,2,0,WAITING_FOR_IMPULSE,EXPIRED,ENTRY_WINDOW_EXPIRED,True,,,,,,,,,,,,,,,,,,,,,,,,,,,,,,
9EZoqpsVNqrniz49LzTX1xdxZY7byxpz7PrHmC5zpump,FP1-RESEARCH-PROBE-LOOSE-0001,4,1787075624956613,1787075421000000,0,14,12,4,0,WAITING_FOR_PULLBACK,EXPIRED,ENTRY_WINDOW_EXPIRED,True,1734,744,2,2,2,2162962961,278318,4415,,,,,,,,,,,,,,,,,,,,,,
GgZPG1q4hwenR1jPXYEoUcZ1x6Wfp5fh1gtBwHKApump,FP1-RESEARCH-PROBE-LOOSE-0001,4,1787075584564263,1787075419000000,0,1,1,2,0,WAITING_FOR_IMPULSE,EXPIRED,ENTRY_WINDOW_EXPIRED,True,,,,,,,,,,,,,,,,,,,,,,,,,,,,,,
2hXJdbf1Dy6bkdYCPP839iSjj7pmhzWYzjAtLmqAnWs7,FP1-RESEARCH-PROBE-LOOSE-0001,4,1787075582629775,1787075419000000,0,4,4,2,0,WAITING_FOR_IMPULSE,EXPIRED,ENTRY_WINDOW_EXPIRED,True,,,,,,,,,,,,,,,,,,,,,,,,,,,,,,
AyPDUKiXCiJUhRuKhknsKP2U8UgwnyYVSoa5zbSRpump,FP1-RESEARCH-PROBE-LOOSE-0001,4,1787075580460822,1787075419000000,0,15,14,2,0,WAITING_FOR_IMPULSE,EXPIRED,ENTRY_WINDOW_EXPIRED,True,,,,,,,,,,,,,,,,,,,,,,,,,,,,,,
AtWRb8wvXdaLzDNtCfS8grQkDewzTsKc37Q2wgWMpump,FP1-RESEARCH-PROBE-LOOSE-0001,4,1787075578014485,1787075418000000,0,36,36,6,0,WAITING_FOR_RESPONSE,EXPIRED,ENTRY_WINDOW_EXPIRED,True,12,2706,2,2,2,9382716047,6582,8310,32430,32418,1376,5973,154955,,,,,,,,,,,,,,,,,
Cj4yFhy4jNymTqcRPCDrqgGF5dQQap82X62LDejrpump,FP1-RESEARCH-PROBE-LOOSE-0001,4,1787075558775954,1787075416000000,0,50,29,7,0,CANDIDATE_SIGNAL,CANDIDATE_SIGNAL,RECLAIM_CONFIRMED,False,8,1046,2,2,2,4420000000,13577,5239,21660,21652,1358,1460,28130,1460,54230,32570,282,1,0,324754061,0,2,0,423519492,58897,4667,3697,-1012,237,
dVoHZhxVXgg5LF7FoWC7WDAGAJArHC6wEANLLMrpump,FP1-RESEARCH-PROBE-LOOSE-0001,4,1787075556628178,1787075416000000,0,27,25,7,0,WAITING_FOR_RECLAIM,EXPIRED,ENTRY_WINDOW_EXPIRED,True,8,845,2,2,2,6970000000,2223,4341,9843,9835,1067,5020,72438,5020,76776,66933,534,2,0,790015431,64,2,4,-4362910761,,,,,,
DRxgQyzd7V2eaaxL278jaPvuUdBpB6WQnaM3QVoHpump,FP1-RESEARCH-PROBE-LOOSE-0001,4,1787075556623669,1787075416000000,0,4,4,2,0,WAITING_FOR_IMPULSE,EXPIRED,ENTRY_WINDOW_EXPIRED,True,,,,,,,,,,,,,,,,,,,,,,,,,,,,,,
FAA2ddSX2h5Qpg2ptbGLsciEnrhX3G4Dhzn9J4m1pump,FP1-RESEARCH-PROBE-LOOSE-0001,4,1787075554191028,1787075415000000,0,1,1,2,0,WAITING_FOR_IMPULSE,EXPIRED,ENTRY_WINDOW_EXPIRED,True,,,,,,,,,,,,,,,,,,,,,,,,,,,,,,
GuFGBdwmTmVZfhQbArPKa1muVzk1hCJvXXq5xBX2pump,FP1-RESEARCH-PROBE-LOOSE-0001,4,1787075554175655,1787075415000000,0,1,1,2,0,WAITING_FOR_IMPULSE,EXPIRED,ENTRY_WINDOW_EXPIRED,True,,,,,,,,,,,,,,,,,,,,,,,,,,,,,,
FVypwdeDovpCS1pcbYveVEix56v7S1RX6g7Cntjhpump,FP1-RESEARCH-PROBE-LOOSE-0001,4,1787075554114083,1787075414000000,0,1,1,2,0,WAITING_FOR_IMPULSE,EXPIRED,ENTRY_WINDOW_EXPIRED,True,,,,,,,,,,,,,,,,,,,,,,,,,,,,,,
AncUjVVrrTsJEJ5Hg3FuDCV9hkWbvpoQDPVZ4FURpump,FP1-RESEARCH-PROBE-LOOSE-0001,4,1787075551671450,1787075414000000,0,26,14,4,0,WAITING_FOR_PULLBACK,EXPIRED,ENTRY_WINDOW_EXPIRED,True,7,555,4,4,4,2359827963,277160,2711,,,,,,,,,,,,,,,,,,,,,,
3RDE4b4da9sw6HEBn3iNT3Tt3Krg1VvPm7b1BfyXpump,FP1-RESEARCH-PROBE-LOOSE-0001,4,1787075551647415,1787075414000000,0,1,1,2,0,WAITING_FOR_IMPULSE,EXPIRED,ENTRY_WINDOW_EXPIRED,True,,,,,,,,,,,,,,,,,,,,,,,,,,,,,,
5YSmdm479Y61WebJANUc4qA3aZKNq3kcmNNpyBLhpump,FP1-RESEARCH-PROBE-LOOSE-0001,4,1787075551635398,1787075413000000,0,1,1,2,0,WAITING_FOR_IMPULSE,EXPIRED,ENTRY_WINDOW_EXPIRED,True,,,,,,,,,,,,,,,,,,,,,,,,,,,,,,
PnqzLyzBH2pb4sDMF63EYSLpb6Tr5UXpBBSdqKEpump,FP1-RESEARCH-PROBE-LOOSE-0001,4,1787075549341506,1787075413000000,0,1,1,2,0,WAITING_FOR_IMPULSE,EXPIRED,ENTRY_WINDOW_EXPIRED,True,,,,,,,,,,,,,,,,,,,,,,,,,,,,,,
G2pg2tKm1qah4uKY6dE26iEuPxmBMMFtZRSvU2qtpump,FP1-RESEARCH-PROBE-LOOSE-0001,4,1787075545114953,1787075411000000,0,1,1,2,0,WAITING_FOR_IMPULSE,EXPIRED,ENTRY_WINDOW_EXPIRED,True,,,,,,,,,,,,,,,,,,,,,,,,,,,,,,
GC2EQr5cjkW2r4CKrgwzJxopYt1wWTvnPYZkvoM12i4z,FP1-RESEARCH-PROBE-LOOSE-0001,4,1787075540153949,1787075410000000,0,4,4,2,0,WAITING_FOR_IMPULSE,EXPIRED,ENTRY_WINDOW_EXPIRED,True,,,,,,,,,,,,,,,,,,,,,,,,,,,,,,
7Ps68NVAxPzffbvpLPG7Y9XkT5bRjbUaPh6X11Espump,FP1-RESEARCH-PROBE-LOOSE-0001,4,1787075540139444,1787075410000000,0,1,1,2,0,WAITING_FOR_IMPULSE,EXPIRED,ENTRY_WINDOW_EXPIRED,True,,,,,,,,,,,,,,,,,,,,,,,,,,,,,,
3f5sNCXhDAbiz8NeCLqfMuuKAr1ioX9i7CtFN273pump,FP1-RESEARCH-PROBE-LOOSE-0001,4,1787075537811199,1787075409000000,0,18,13,7,0,CANDIDATE_SIGNAL,CANDIDATE_SIGNAL,RECLAIM_CONFIRMED,False,2338,2274,2,2,2,72734813,7315,10305,8976,6638,1068,5175,179388,5175,186486,177510,1630,1,0,8699902,0,1,1,-15279553,195162,8676,2556,-3816,1019,
CDNNmy2ZS3kRstTavZPtPZrj5zArr5mQYG9buEN4pump,FP1-RESEARCH-PROBE-LOOSE-0001,4,1787075537792671,1787075409000000,0,1,1,2,0,WAITING_FOR_IMPULSE,EXPIRED,ENTRY_WINDOW_EXPIRED,True,,,,,,,,,,,,,,,,,,,,,,,,,,,,,,
5XeS8XS795aTbQw5pBLGsPSP2cMYG32LKxqi9nAPoZNL,FP1-RESEARCH-PROBE-LOOSE-0001,4,1787075535265696,1787075407000000,0,1,1,2,0,WAITING_FOR_IMPULSE,EXPIRED,ENTRY_WINDOW_EXPIRED,True,,,,,,,,,,,,,,,,,,,,,,,,,,,,,,
9vh92kwJt2TueKH5yjosdkU6U7vW5yg1771qSHr8pump,FP1-RESEARCH-PROBE-LOOSE-0001,4,1787075530840972,1787075405000000,0,1,1,2,0,WAITING_FOR_IMPULSE,EXPIRED,ENTRY_WINDOW_EXPIRED,True,,,,,,,,,,,,,,,,,,,,,,,,,,,,,,
24qTdqh1XJkaQCYCpEGrBfvLE47jJZ8hQrgRK4g5pump,FP1-RESEARCH-PROBE-LOOSE-0001,4,1787075530838973,1787075405000000,0,112,12,7,0,CANDIDATE_SIGNAL,CANDIDATE_SIGNAL,RECLAIM_CONFIRMED,False,2343,1747,2,2,2,348004875,2343,1747,4424,2081,1025,2448,6947,2448,9276,4852,2081,2,1,5174690,-1838,5,2,317512863,18459,9183,4265,0,3309,
Dj1C6x54BT7dWaopjj6KbudhJJ6v5HzMNeLKLCWKpump,FP1-RESEARCH-PROBE-LOOSE-0001,4,1787075530830465,1787075405000000,0,2,1,2,0,WAITING_FOR_IMPULSE,EXPIRED,ENTRY_WINDOW_EXPIRED,True,,,,,,,,,,,,,,,,,,,,,,,,,,,,,,
DNgoSm54mvNoUVfPKU6NmjH62YxrCKaVGuUk2Uc1pump,FP1-RESEARCH-PROBE-LOOSE-0001,4,1787075528278377,1787075403000000,0,2,2,2,0,WAITING_FOR_IMPULSE,EXPIRED,ENTRY_WINDOW_EXPIRED,True,,,,,,,,,,,,,,,,,,,,,,,,,,,,,,
EShAYDpWrBorZuoRWgUi2AZHpBoMSaasAWt8FvjC3ByA,FP1-RESEARCH-PROBE-LOOSE-0001,4,1787075525994436,1787075402000000,0,1,1,2,0,WAITING_FOR_IMPULSE,EXPIRED,ENTRY_WINDOW_EXPIRED,True,,,,,,,,,,,,,,,,,,,,,,,,,,,,,,
DmKFzHmTFqnKqkWJBzEhUfNqPyENwBjwFVCFiz55pump,FP1-RESEARCH-PROBE-LOOSE-0001,4,1787075523475976,1787075401000000,0,3,2,2,0,WAITING_FOR_IMPULSE,EXPIRED,ENTRY_WINDOW_EXPIRED,True,,,,,,,,,,,,,,,,,,,,,,,,,,,,,,
H79oBnLgHACfSgZMCqahBgFtpAFkZdmUwsz8nKgWpump,FP1-RESEARCH-PROBE-LOOSE-0001,4,1787075521054497,1787075401000000,0,1,1,2,0,WAITING_FOR_IMPULSE,EXPIRED,ENTRY_WINDOW_EXPIRED,True,,,,,,,,,,,,,,,,,,,,,,,,,,,,,,
7daz5rMaLiUZvAvNeGBacEDWztKHKoeSLuVjrZwZpump,FP1-RESEARCH-PROBE-LOOSE-0001,4,1787075515945853,1787075399000000,0,11,4,2,0,WAITING_FOR_IMPULSE,EXPIRED,ENTRY_WINDOW_EXPIRED,True,,,,,,,,,,,,,,,,,,,,,,,,,,,,,,
7GZFGoStSuxHuHzMhL7MTSyXTRAmiEHsRSM4DrPAXL3f,FP1-RESEARCH-PROBE-LOOSE-0001,4,1787075515940837,1787075399000000,0,1,1,2,0,WAITING_FOR_IMPULSE,EXPIRED,ENTRY_WINDOW_EXPIRED,True,,,,,,,,,,,,,,,,,,,,,,,,,,,,,,
C2uQWiRQykbRHgXwehnpm7kQBBobg7ZhmwkcHFN9pump,FP1-RESEARCH-PROBE-LOOSE-0001,4,1787075511496263,1787075397000000,0,3,2,2,0,WAITING_FOR_IMPULSE,EXPIRED,ENTRY_WINDOW_EXPIRED,True,,,,,,,,,,,,,,,,,,,,,,,,,,,,,,
5icdwMwcvc1j2GNXHSpRsrCmnyXfMc5d36ai9EzBpump,FP1-RESEARCH-PROBE-LOOSE-0001,4,1787075511478759,1787075397000000,0,1,1,2,0,WAITING_FOR_IMPULSE,EXPIRED,ENTRY_WINDOW_EXPIRED,True,,,,,,,,,,,,,,,,,,,,,,,,,,,,,,
PBci5T2yKXKYnAZdePM679aN3XfPhcjzYqZwodHpump,FP1-RESEARCH-PROBE-LOOSE-0001,4,1787075509120503,1787075396000000,0,5,5,2,0,WAITING_FOR_IMPULSE,EXPIRED,ENTRY_WINDOW_EXPIRED,True,,,,,,,,,,,,,,,,,,,,,,,,,,,,,,
G4RD3cSR94crK7ZYSJERK6JVFCpQYFgsPutP8Vtpump,FP1-RESEARCH-PROBE-LOOSE-0001,4,1787075509113444,1787075396000000,0,1,1,2,0,WAITING_FOR_IMPULSE,EXPIRED,ENTRY_WINDOW_EXPIRED,True,,,,,,,,,,,,,,,,,,,,,,,,,,,,,,
ANV54inHuFLtovYbW2LAWZvgKwRtZRkcw2L9faw8pump,FP1-RESEARCH-PROBE-LOOSE-0001,4,1787075503893784,1787075395000000,0,1,1,2,0,WAITING_FOR_IMPULSE,EXPIRED,ENTRY_WINDOW_EXPIRED,True,,,,,,,,,,,,,,,,,,,,,,,,,,,,,,
3dDtBGsnUsBVPajTVaYUx7Ctpx9J1Q4Tpj1nqijsSaoZ,FP1-RESEARCH-PROBE-LOOSE-0001,4,1787075503888782,1787075395000000,0,2,1,2,0,WAITING_FOR_IMPULSE,EXPIRED,ENTRY_WINDOW_EXPIRED,True,,,,,,,,,,,,,,,,,,,,,,,,,,,,,,
9iHUhaCZ4KywLo4Nm7rz8SnPtavK2Qngdubctafwpump,FP1-RESEARCH-PROBE-LOOSE-0001,4,1787075503855397,1787075395000000,0,1,1,2,0,WAITING_FOR_IMPULSE,EXPIRED,ENTRY_WINDOW_EXPIRED,True,,,,,,,,,,,,,,,,,,,,,,,,,,,,,,
HFBiadz9qtmtiFHmpS4RY6uKxRMaLJcXCho9t6kApump,FP1-RESEARCH-PROBE-LOOSE-0001,4,1787075503840892,1787075395000000,0,1,1,2,0,WAITING_FOR_IMPULSE,EXPIRED,ENTRY_WINDOW_EXPIRED,True,,,,,,,,,,,,,,,,,,,,,,,,,,,,,,
9S177eG4Vj4S4DkkdG3fJzMSbiMusCAPEsifoeN7pump,FP1-RESEARCH-PROBE-LOOSE-0001,4,1787075498668472,1787075393000000,0,2,2,2,0,WAITING_FOR_IMPULSE,EXPIRED,ENTRY_WINDOW_EXPIRED,True,,,,,,,,,,,,,,,,,,,,,,,,,,,,,,
91LmKTWhPDRJfDQrySSJJRccVC2tqRbJmjnthr7Fpump,FP1-RESEARCH-PROBE-LOOSE-0001,4,1787075490773356,1787075390000000,0,2,2,2,0,WAITING_FOR_IMPULSE,EXPIRED,ENTRY_WINDOW_EXPIRED,True,,,,,,,,,,,,,,,,,,,,,,,,,,,,,,
A3tZFsKeSrdpUi8RUMzx9wEsvbut3vUbhte28qCNpump,FP1-RESEARCH-PROBE-LOOSE-0001,4,1787075485611055,1787075389000000,0,1,1,2,0,WAITING_FOR_IMPULSE,EXPIRED,ENTRY_WINDOW_EXPIRED,True,,,,,,,,,,,,,,,,,,,,,,,,,,,,,,
7Pbp8NC4ChScpweytXuf68NjARHgBRt4XiUeUVjEpump,FP1-RESEARCH-PROBE-LOOSE-0001,4,1787075485551654,1787075389000000,0,1,1,2,0,WAITING_FOR_IMPULSE,EXPIRED,ENTRY_WINDOW_EXPIRED,True,,,,,,,,,,,,,,,,,,,,,,,,,,,,,,
3476h4NMJaVAEE8P1c396dBKguBcaiGUfAjv4ovZkRJN,FP1-RESEARCH-PROBE-LOOSE-0001,4,1787075482941893,1787075388000000,0,1,1,2,0,WAITING_FOR_IMPULSE,EXPIRED,ENTRY_WINDOW_EXPIRED,True,,,,,,,,,,,,,,,,,,,,,,,,,,,,,,
7y5FrogGb7BKdM4pD7UToWkRoJiY8ZVDmLjxxnvgpump,FP1-RESEARCH-PROBE-LOOSE-0001,4,1787075480060358,1787075387000000,0,3,2,2,0,WAITING_FOR_IMPULSE,EXPIRED,ENTRY_WINDOW_EXPIRED,True,,,,,,,,,,,,,,,,,,,,,,,,,,,,,,
GoEUPw4XAY7xnWALHdmdvSo9ZZ5gog78bHZzkHwkpump,FP1-RESEARCH-PROBE-LOOSE-0001,4,1787075480044754,1787075387000000,0,1,1,2,0,WAITING_FOR_IMPULSE,EXPIRED,ENTRY_WINDOW_EXPIRED,True,,,,,,,,,,,,,,,,,,,,,,,,,,,,,,
43MA7FqaVT6hYKSZyK5LvWP2zwJgNPayjhN9KFZDpump,FP1-RESEARCH-PROBE-LOOSE-0001,4,1787075474982679,1787075386000000,0,36,11,6,0,WAITING_FOR_RESPONSE,INVALIDATED,PULLBACK_TOO_DEEP,False,10570,19574,6,2,1,-11215345,10570,19574,10574,4,514,6889,13013,,,,,,,,,,,,,,,,,
HhDU3cBbsjU2CdEbvJA2pGJuuMP8324SFA3EobhZpump,FP1-RESEARCH-PROBE-LOOSE-0001,4,1787075474956129,1787075385000000,0,1,1,2,0,WAITING_FOR_IMPULSE,EXPIRED,ENTRY_WINDOW_EXPIRED,True,,,,,,,,,,,,,,,,,,,,,,,,,,,,,,
24qSzoohRodnTfjYgCWNeE1TSDvXcPeKZd48FGrLpump,FP1-RESEARCH-PROBE-LOOSE-0001,4,1787075474949623,1787075385000000,0,3,3,2,0,WAITING_FOR_IMPULSE,EXPIRED,ENTRY_WINDOW_EXPIRED,True,,,,,,,,,,,,,,,,,,,,,,,,,,,,,,
AXLwHWF3p7arQh5bYVedTb87yCFD15H9fZ1nc3Ffh1m4,FP1-RESEARCH-PROBE-LOOSE-0001,4,1787075472181426,1787075385000000,0,4,4,2,0,WAITING_FOR_IMPULSE,EXPIRED,ENTRY_WINDOW_EXPIRED,True,,,,,,,,,,,,,,,,,,,,,,,,,,,,,,
5orYcs6TNvs3FymKCdrb7ueZ6fYZvYFbpeaZ6Hnwpump,FP1-RESEARCH-PROBE-LOOSE-0001,4,1787075472159401,1787075385000000,0,34,29,1,0,DISCOVERED,EXPIRED,ENTRY_WINDOW_EXPIRED,True,,,,,,,,,,,,,,,,,,,,,,,,,,,,,,
8EnJjePVFYburXMekR8te4DzautjCmTUSYiURZfmpump,FP1-RESEARCH-PROBE-LOOSE-0001,4,1787075472152887,1787075384000000,0,1,1,2,0,WAITING_FOR_IMPULSE,EXPIRED,ENTRY_WINDOW_EXPIRED,True,,,,,,,,,,,,,,,,,,,,,,,,,,,,,,
6U2Sebj6bVmVJemAZQmmUEGPtsa4wD877AzhbUuupump,FP1-RESEARCH-PROBE-LOOSE-0001,4,1787075456783555,1787075382000000,0,4,2,2,0,WAITING_FOR_IMPULSE,EXPIRED,ENTRY_WINDOW_EXPIRED,True,,,,,,,,,,,,,,,,,,,,,,,,,,,,,,
8zhxps4AVopErrn33FHSsjX3JdnoZWkGDV64abi5pump,FP1-RESEARCH-PROBE-LOOSE-0001,4,1787075456725049,1787075382000000,0,1,1,2,0,WAITING_FOR_IMPULSE,EXPIRED,ENTRY_WINDOW_EXPIRED,True,,,,,,,,,,,,,,,,,,,,,,,,,,,,,,
EswuGgXhNaC9JtsJZfTRiLCbSZAPecYGdeZmdeP2FU1x,FP1-RESEARCH-PROBE-LOOSE-0001,4,1787075451720975,1787075381000000,0,2,2,2,0,WAITING_FOR_IMPULSE,EXPIRED,ENTRY_WINDOW_EXPIRED,True,,,,,,,,,,,,,,,,,,,,,,,,,,,,,,
HTugdzVxqKC9JKxcbJkNgU5XjWy9reFDsBprsauupump,FP1-RESEARCH-PROBE-LOOSE-0001,4,1787075451694394,1787075381000000,0,6,1,2,0,WAITING_FOR_IMPULSE,EXPIRED,ENTRY_WINDOW_EXPIRED,True,,,,,,,,,,,,,,,,,,,,,,,,,,,,,,
F8pRz9Ex4njrgAGQ95utMBv9jR4maCwuJLfHGgftpump,FP1-RESEARCH-PROBE-LOOSE-0001,4,1787075427125831,1787075379000000,0,1,1,2,0,WAITING_FOR_IMPULSE,EXPIRED,ENTRY_WINDOW_EXPIRED,True,,,,,,,,,,,,,,,,,,,,,,,,,,,,,,
6Cyr8XEU9cr3nqrr5TS55R2eoKuMBFnDa9ZfvCzppump,FP1-RESEARCH-PROBE-LOOSE-0001,4,1787075424857788,1787075379000000,0,7,3,3,0,IMPULSE_CONFIRMED,EXPIRED,ENTRY_WINDOW_EXPIRED,True,231692,831,3,3,1,1234567900,231692,831,,,,,,,,,,,,,,,,,,,,,,
HLmNBcj8p4XT5P8bqQ7ukAuYAngw8ognkCXf7xkWpump,FP1-RESEARCH-PROBE-LOOSE-0001,4,1787075420137715,1787075378000000,0,4,4,2,0,WAITING_FOR_IMPULSE,EXPIRED,ENTRY_WINDOW_EXPIRED,True,,,,,,,,,,,,,,,,,,,,,,,,,,,,,,
DMDY4WjX38ijbnHc6r2yJq9yjALjv5A3TQyxpAnmCHei,FP1-RESEARCH-PROBE-LOOSE-0001,4,1787075410662548,1787075374000000,0,1,1,2,0,WAITING_FOR_IMPULSE,EXPIRED,ENTRY_WINDOW_EXPIRED,True,,,,,,,,,,,,,,,,,,,,,,,,,,,,,,
68VpXuLLiTD2R2mKoM3v1ivuFSqF8aYEaqDA7B7Ppump,FP1-RESEARCH-PROBE-LOOSE-0001,4,1787075410629984,1787075374000000,0,5,3,2,0,WAITING_FOR_IMPULSE,EXPIRED,ENTRY_WINDOW_EXPIRED,True,,,,,,,,,,,,,,,,,,,,,,,,,,,,,,
GyLS9mXH36mMeKs8yF4uRjiTPyVyrLP1muZbARqoJ2Eg,FP1-RESEARCH-PROBE-LOOSE-0001,4,1787075410625462,1787075374000000,0,1,1,2,0,WAITING_FOR_IMPULSE,EXPIRED,ENTRY_WINDOW_EXPIRED,True,,,,,,,,,,,,,,,,,,,,,,,,,,,,,,
83hRny8zHusrVZ2oocL5G8jbuKnLzKYTLKEjK2Acpump,FP1-RESEARCH-PROBE-LOOSE-0001,4,1787075407732864,1787075373000000,0,7,3,2,0,WAITING_FOR_IMPULSE,EXPIRED,ENTRY_WINDOW_EXPIRED,True,,,,,,,,,,,,,,,,,,,,,,,,,,,,,,
2DVqPwXwS6DghFa9UYvHMaJN8Gq9ysPNQdhPDNmGpump,FP1-RESEARCH-PROBE-LOOSE-0001,4,1787075407704314,1787075373000000,0,386,10,7,0,CANDIDATE_SIGNAL,CANDIDATE_SIGNAL,RECLAIM_CONFIRMED,False,2992,1094,3,2,2,65744427,7525,3107,9923,6931,1795,2145,12398,2145,14810,4887,2513,1,1,12609950,2513,2,2,10594142,17116,2306,3876,0,772,
4uwANpFmRdLoNJHRsW4Ev3tBHzxU6n2SzzaVrVWjuSsr,FP1-RESEARCH-PROBE-LOOSE-0001,4,1787075404807488,1787075373000000,0,1,1,2,0,WAITING_FOR_IMPULSE,EXPIRED,ENTRY_WINDOW_EXPIRED,True,,,,,,,,,,,,,,,,,,,,,,,,,,,,,,
3Et87r59AhUKag6i4g7uGEAPFScHfDJH5Tq29taLpump,FP1-RESEARCH-PROBE-LOOSE-0001,4,1787075402273781,1787075371000000,0,10,3,2,0,WAITING_FOR_IMPULSE,EXPIRED,ENTRY_WINDOW_EXPIRED,True,,,,,,,,,,,,,,,,,,,,,,,,,,,,,,
EMuedahN6RHrMuoxgkhqmjC9Qaz63QbZp94DYhMipump,FP1-RESEARCH-PROBE-LOOSE-0001,4,1787075402264421,1787075371000000,0,1,1,2,0,WAITING_FOR_IMPULSE,EXPIRED,ENTRY_WINDOW_EXPIRED,True,,,,,,,,,,,,,,,,,,,,,,,,,,,,,,
39UJDWZdyhECADHvttJnowdxttVMWzxNma1rfP1epump,FP1-RESEARCH-PROBE-LOOSE-0001,4,1787075402237330,1787075371000000,0,86,14,9,1,WAITING_FOR_RECLAIM,INVALIDATED,PULLBACK_TOO_DEEP,False,64247,1039,4,2,1,1286286,109260,1062,111839,47592,4590,7539,156611,5097,116158,4319,2459,2,1,1882933,2459,3,2,9024106,,,,,,
AWqthmYvrf5MUG1WQ4RJQ8nSMCgk8tdyA658W4Kdpump,FP1-RESEARCH-PROBE-LOOSE-0001,4,1787075397329524,1787075370000000,0,1,1,2,0,WAITING_FOR_IMPULSE,EXPIRED,ENTRY_WINDOW_EXPIRED,True,,,,,,,,,,,,,,,,,,,,,,,,,,,,,,
9pi8H2kDjfi7iMMdW2G8d7VfBcm6sqrcPjt5PGuopump,FP1-RESEARCH-PROBE-LOOSE-0001,4,1787075393066817,1787075369000000,0,6,2,2,0,WAITING_FOR_IMPULSE,EXPIRED,ENTRY_WINDOW_EXPIRED,True,,,,,,,,,,,,,,,,,,,,,,,,,,,,,,
GeQKPF7U1m2wjGGpoQgNpf6BmbKEZ3kRdRRaxW4mpump,FP1-RESEARCH-PROBE-LOOSE-0001,4,1787075390524857,1787075367000000,0,1,1,2,0,WAITING_FOR_IMPULSE,EXPIRED,ENTRY_WINDOW_EXPIRED,True,,,,,,,,,,,,,,,,,,,,,,,,,,,,,,
E8Hc2yEPn1oATBdoU9jiwoCQZcfLcwhPTVD5ATFkpump,FP1-RESEARCH-PROBE-LOOSE-0001,4,1787075390494593,1787075367000000,0,1,1,2,0,WAITING_FOR_IMPULSE,EXPIRED,ENTRY_WINDOW_EXPIRED,True,,,,,,,,,,,,,,,,,,,,,,,,,,,,,,
9Juo3NXCWzGXzYdUvUAoUFBWCKPXRxYvu3pLRyhTpump,FP1-RESEARCH-PROBE-LOOSE-0001,4,1787075390474942,1787075367000000,0,1,1,2,0,WAITING_FOR_IMPULSE,EXPIRED,ENTRY_WINDOW_EXPIRED,True,,,,,,,,,,,,,,,,,,,,,,,,,,,,,,
8C7CQXPwJA83NQ2KUpsbwKoSvHwJkZ8nGMnUx9AUpump,FP1-RESEARCH-PROBE-LOOSE-0001,4,1787075387708997,1787075367000000,0,5,5,2,0,WAITING_FOR_IMPULSE,EXPIRED,ENTRY_WINDOW_EXPIRED,True,,,,,,,,,,,,,,,,,,,,,,,,,,,,,,
Cd1CBv62g5gYiEaByFoZYL2oBqx83ZKoUDhtTvtMpump,FP1-RESEARCH-PROBE-LOOSE-0001,4,1787075385376167,1787075366000000,0,1,1,2,0,WAITING_FOR_IMPULSE,EXPIRED,ENTRY_WINDOW_EXPIRED,True,,,,,,,,,,,,,,,,,,,,,,,,,,,,,,
8FSCq37JCWAj2oJx7BGEw3MCSC6HPWWmL3YYoidKoeCg,FP1-RESEARCH-PROBE-LOOSE-0001,4,1787075385302588,1787075365000000,0,7,4,2,0,WAITING_FOR_IMPULSE,EXPIRED,ENTRY_WINDOW_EXPIRED,True,,,,,,,,,,,,,,,,,,,,,,,,,,,,,,
D3P7pLLBjTdFX6MKMZCteuyeDbxcmEJDrpLeEhtWpump,FP1-RESEARCH-PROBE-LOOSE-0001,4,1787075385276541,1787075365000000,0,1,1,2,0,WAITING_FOR_IMPULSE,EXPIRED,ENTRY_WINDOW_EXPIRED,True,,,,,,,,,,,,,,,,,,,,,,,,,,,,,,
ApRd598H8bd6sKCqQ1VD2iv9o5GNXsd6mJqFfUzopump,FP1-RESEARCH-PROBE-LOOSE-0001,4,1787075382502648,1787075365000000,0,2,2,2,0,WAITING_FOR_IMPULSE,EXPIRED,ENTRY_WINDOW_EXPIRED,True,,,,,,,,,,,,,,,,,,,,,,,,,,,,,,
BEEg3A5f1imRXFw4LFQ3Q1pwwiTRU1CcTtJPhuGTpump,FP1-RESEARCH-PROBE-LOOSE-0001,4,1787075382479330,1787075365000000,0,1,1,2,0,WAITING_FOR_IMPULSE,EXPIRED,ENTRY_WINDOW_EXPIRED,True,,,,,,,,,,,,,,,,,,,,,,,,,,,,,,
77rLUvQFF2CmANCjBfDAjakHS6XUoCneP3xJdWj1pump,FP1-RESEARCH-PROBE-LOOSE-0001,4,1787075382441265,1787075364000000,0,126,18,9,1,CANDIDATE_SIGNAL,CANDIDATE_SIGNAL,RECLAIM_CONFIRMED,False,2881,1211,4,2,4,284543208,5252,12678,8032,5151,2079,2624,17404,2279,14915,6883,1145,2,0,62745553,645,4,4,-1423999,22285,7370,22265,0,3157,
DHGo6daR8JE258JCbfgfLXKDtJYnh4cYA3Kw3tV6pump,FP1-RESEARCH-PROBE-LOOSE-0001,4,1787075379906503,1787075364000000,0,1,1,2,0,WAITING_FOR_IMPULSE,EXPIRED,ENTRY_WINDOW_EXPIRED,True,,,,,,,,,,,,,,,,,,,,,,,,,,,,,,
BVCRjVvcV912JZVubefJy5yqsTHKZtCEU8RduxHxpump,FP1-RESEARCH-PROBE-LOOSE-0001,4,1787075379871185,1787075364000000,0,31,19,2,0,WAITING_FOR_IMPULSE,EXPIRED,ENTRY_WINDOW_EXPIRED,True,,,,,,,,,,,,,,,,,,,,,,,,,,,,,,
8D1ZUqaqrFbtLnLimrHK2MvNGVCakZz2p3SkKzYPpump,FP1-RESEARCH-PROBE-LOOSE-0001,4,1787075374492449,1787075363000000,0,8,5,4,0,WAITING_FOR_PULLBACK,EXPIRED,ENTRY_WINDOW_EXPIRED,True,2750,640,2,2,2,1299636429,18511,1650,,,,,,,,,,,,,,,,,,,,,,
94jr24VopQWta3JAx2ZNc8CFF6GWiCiPatjaGct5RAFp,FP1-RESEARCH-PROBE-LOOSE-0001,4,1787075371816870,1787075362000000,0,2,2,2,0,WAITING_FOR_IMPULSE,EXPIRED,ENTRY_WINDOW_EXPIRED,True,,,,,,,,,,,,,,,,,,,,,,,,,,,,,,
4nzZoxSEFFuVqAVEUHPZvfjnj5Gb9Jy8Dd2ZhVJCpump,FP1-RESEARCH-PROBE-LOOSE-0001,4,1787075371798354,1787075362000000,0,3,3,2,0,WAITING_FOR_IMPULSE,EXPIRED,ENTRY_WINDOW_EXPIRED,True,,,,,,,,,,,,,,,,,,,,,,,,,,,,,,
6YaQdjat66iLNmy1EC6iLASVYV8spofzCa9NCejBpump,FP1-RESEARCH-PROBE-LOOSE-0001,4,1787075371790850,1787075362000000,0,1,1,2,0,WAITING_FOR_IMPULSE,EXPIRED,ENTRY_WINDOW_EXPIRED,True,,,,,,,,,,,,,,,,,,,,,,,,,,,,,,
69XQTv8FcLHXzyYDpJn4N8zT9mDjTxLD7bruNivtpump,FP1-RESEARCH-PROBE-LOOSE-0001,4,1787075371766810,1787075362000000,0,1,1,2,0,WAITING_FOR_IMPULSE,EXPIRED,ENTRY_WINDOW_EXPIRED,True,,,,,,,,,,,,,,,,,,,,,,,,,,,,,,
2vg5ecSWQHSwfD7ztZVLbjZejvFgQmRX38oKWqR2pump,FP1-RESEARCH-PROBE-LOOSE-0001,4,1787075371751300,1787075362000000,0,1,1,2,0,WAITING_FOR_IMPULSE,EXPIRED,ENTRY_WINDOW_EXPIRED,True,,,,,,,,,,,,,,,,,,,,,,,,,,,,,,
2NEKYBCdnDkCmA2GvRUx7UMKzSXQR76qvFiJkQmjpump,FP1-RESEARCH-PROBE-LOOSE-0001,4,1787075371745784,1787075362000000,0,23,19,6,0,WAITING_FOR_RESPONSE,EXPIRED,ENTRY_WINDOW_EXPIRED,True,149242,1071,6,3,2,1184987653,149267,1986,206247,57005,1214,2164,208737,,,,,,,,,,,,,,,,,
47ipuCdyRkugRjHNY6pAZJryfrcRJwcPdFwhDdt2pump,FP1-RESEARCH-PROBE-LOOSE-0001,4,1787075371737264,1787075361000000,0,1,1,2,0,WAITING_FOR_IMPULSE,EXPIRED,ENTRY_WINDOW_EXPIRED,True,,,,,,,,,,,,,,,,,,,,,,,,,,,,,,
36r6vzALPGWBPDRPhJqnBPSDaUnj4QpVhxT5FhWLpump,FP1-RESEARCH-PROBE-LOOSE-0001,4,1787075371718740,1787075361000000,0,4,4,2,0,WAITING_FOR_IMPULSE,EXPIRED,ENTRY_WINDOW_EXPIRED,True,,,,,,,,,,,,,,,,,,,,,,,,,,,,,,
FoPbZP2gZgKPgB7jaykv6Dzq5au23iGQQPLka42Jpump,FP1-RESEARCH-PROBE-LOOSE-0001,4,1787075371690313,1787075361000000,0,1,1,2,0,WAITING_FOR_IMPULSE,EXPIRED,ENTRY_WINDOW_EXPIRED,True,,,,,,,,,,,,,,,,,,,,,,,,,,,,,,
D98Po9gT13M71hesLDEcPaW3PBbZME7LzhxCSgMqpump,FP1-RESEARCH-PROBE-LOOSE-0001,4,1787075369072822,1787075361000000,0,16,16,2,0,WAITING_FOR_IMPULSE,EXPIRED,ENTRY_WINDOW_EXPIRED,True,,,,,,,,,,,,,,,,,,,,,,,,,,,,,,
BQB66kEaGXwsNCsUc8oAMsXtsTz4y3DA1sCu2o2Cpump,FP1-RESEARCH-PROBE-LOOSE-0001,4,1787075369020353,1787075361000000,0,1,1,2,0,WAITING_FOR_IMPULSE,EXPIRED,ENTRY_WINDOW_EXPIRED,True,,,,,,,,,,,,,,,,,,,,,,,,,,,,,,
GkPnQThFemCoF5ni61H7Ztb7Cw4r1SW5jdkWS5SWpump,FP1-RESEARCH-PROBE-LOOSE-0001,4,1787075367224377,1787075360000000,0,1,1,2,0,WAITING_FOR_IMPULSE,EXPIRED,ENTRY_WINDOW_EXPIRED,True,,,,,,,,,,,,,,,,,,,,,,,,,,,,,,
A1Gkjicmwgn86tFtwtoWaS1gRJ46JnR6hzuEoVzrpump,FP1-RESEARCH-PROBE-LOOSE-0001,4,1787075367205355,1787075360000000,0,1,1,2,0,WAITING_FOR_IMPULSE,EXPIRED,ENTRY_WINDOW_EXPIRED,True,,,,,,,,,,,,,,,,,,,,,,,,,,,,,,
2nQjwJJXJ7JoX6dXwTx87ZkvmWWqFfwneqNb3SGbpump,FP1-RESEARCH-PROBE-LOOSE-0001,4,1787075364748788,1787075360000000,0,1,1,2,0,WAITING_FOR_IMPULSE,EXPIRED,ENTRY_WINDOW_EXPIRED,True,,,,,,,,,,,,,,,,,,,,,,,,,,,,,,
FvF2P6HN8avEcxpUg3MnyK2tNzTsHuMrtKzYvPGXpump,FP1-RESEARCH-PROBE-LOOSE-0001,4,1787075364743280,1787075360000000,0,1,1,2,0,WAITING_FOR_IMPULSE,EXPIRED,ENTRY_WINDOW_EXPIRED,True,,,,,,,,,,,,,,,,,,,,,,,,,,,,,,
8YVvvg2R7XNybapng2zt9bVjgGT81SyUJXqLquvLpump,FP1-RESEARCH-PROBE-LOOSE-0001,4,1787075364723254,1787075360000000,0,75,16,13,3,WAITING_FOR_RECLAIM,INVALIDATED,PULLBACK_TOO_DEEP,False,25711,3194,2,2,1,33117571,30526,5341,37512,11801,1871,7028,115375,3004,45947,8435,1730,1,0,19244975,0,1,2,-28534592,,,,,,
Ks76wr4BMLCJePgkGvQ8vZiVm8ah9pyPh6p3ixCpump,FP1-RESEARCH-PROBE-LOOSE-0001,4,1787075362018837,1787075359000000,0,31,21,4,0,WAITING_FOR_PULLBACK,EXPIRED,ENTRY_WINDOW_EXPIRED,True,168774,763,15,10,8,1959310497,168774,763,,,,,,,,,,,,,,,,,,,,,,
C61JhU11MUzhSnCFUDDT8utCByFtohmaUn9fRySpump,FP1-RESEARCH-PROBE-LOOSE-0001,4,1787075362014331,1787075359000000,0,153,90,2,0,WAITING_FOR_IMPULSE,EXPIRED,ENTRY_WINDOW_EXPIRED,True,,,,,,,,,,,,,,,,,,,,,,,,,,,,,,
5HAk96NLjJ3d4nepp68ALDy9hg1E27C6FwvB6jjPpump,FP1-RESEARCH-PROBE-LOOSE-0001,4,1787075359438837,1787075359000000,0,225,75,7,0,CANDIDATE_SIGNAL,CANDIDATE_SIGNAL,RECLAIM_CONFIRMED,False,37947,1056,36,15,4,8945190743,37947,1056,63088,25141,1010,1010,63088,1010,81210,18122,827,1,0,197530863,0,1,0,197530863,136912,55702,1184,0,393,
45WbgEWZwAFJvSfKfQwM3PEChK9CyTqKfqF1NJt4pump,FP1-RESEARCH-PROBE-LOOSE-0001,4,1787075359390200,1787075358000000,0,23,21,7,0,CANDIDATE_SIGNAL,CANDIDATE_SIGNAL,RECLAIM_CONFIRMED,False,161626,3972,14,2,1,98765431,173805,9149,173805,12179,0,1759,180757,1759,185699,11894,985,1,0,45170611,0,2,2,-52738214,187397,1698,11214,-2254,2237,
5UmH46uvnH6m7CFRRtaY5797kMG4KZPsYH1xBPgdpump,FP1-RESEARCH-PROBE-LOOSE-0001,4,1787075359365150,1787075358000000,0,1,1,2,0,WAITING_FOR_IMPULSE,EXPIRED,ENTRY_WINDOW_EXPIRED,True,,,,,,,,,,,,,,,,,,,,,,,,,,,,,,
71TPZoZJXA4ns3twKQbN8GEzxxSbyGfMybyBGS9opump,FP1-RESEARCH-PROBE-LOOSE-0001,4,1787075359347133,1787075358000000,0,84,33,7,0,CANDIDATE_SIGNAL,CANDIDATE_SIGNAL,RECLAIM_CONFIRMED,False,35939,1377,27,4,1,21281661,35939,1377,38030,2091,3102,3583,38037,3583,42898,4868,1537,1,1,2160774,-580,3,4,-17486003,42950,52,-152,-5422,1693,
24qTV2t2o6PAPRdf5Pys354wJNYfTsW4XYdkPT21pump,FP1-RESEARCH-PROBE-LOOSE-0001,4,1787075359347133,1787075358000000,0,82,72,2,0,WAITING_FOR_IMPULSE,EXPIRED,ENTRY_WINDOW_EXPIRED,True,,,,,,,,,,,,,,,,,,,,,,,,,,,,,,
FwWinWxnmg9sdiqKZ5kS8EY369K1EgPyPELKqzV8pump,FP1-RESEARCH-PROBE-LOOSE-0001,4,1787075359346134,1787075358000000,0,79,71,2,0,WAITING_FOR_IMPULSE,EXPIRED,ENTRY_WINDOW_EXPIRED,True,,,,,,,,,,,,,,,,,,,,,,,,,,,,,,
ATKYLArzqRhf5kwEBemv5e53oTG7Pq6dKA7dNecXpump,FP1-RESEARCH-PROBE-LOOSE-0001,4,1787075358007065,1787075358000000,0,339,22,7,0,CANDIDATE_SIGNAL,CANDIDATE_SIGNAL,RECLAIM_CONFIRMED,False,1361,704,2,2,2,113205395,13736,24980,13784,12423,4332,4332,13784,4332,19241,5457,4539,2,0,374760539,1940,9,2,-1855474087,19296,55,23737,-355,1704,
F2YW3WFPeFrrqUjuexHCGbVJjpyWYu1kHv3RoQerfomo,FP1-RESEARCH-PROBE-LOOSE-0001,4,1787075357997034,1787075358000000,0,37,23,4,0,WAITING_FOR_PULLBACK,EXPIRED,ENTRY_WINDOW_EXPIRED,True,27374,909,5,2,1,39466666,27374,909,,,,,,,,,,,,,,,,,,,,,,
J7Ro3NQxbfT49NivMjT9SkGmewva2V26rUd6sz7Qanon,FP1-RESEARCH-PROBE-LOOSE-0001,4,1787075357991037,1787075358000000,0,33,31,2,0,WAITING_FOR_IMPULSE,EXPIRED,ENTRY_WINDOW_EXPIRED,True,,,,,,,,,,,,,,,,,,,,,,,,,,,,,,
AKFaNF97ctHh9t7vriJrgACtgpremHyYkxNNyYk7pump,FP1-RESEARCH-PROBE-LOOSE-0001,4,1787075357960590,1787075358000000,0,84,37,9,1,CANDIDATE_SIGNAL,CANDIDATE_SIGNAL,RECLAIM_CONFIRMED,False,130016,2100,27,7,1,23308983,130016,2100,132794,2778,1213,3899,151142,1455,140732,7938,2065,1,0,2828992,0,2,2,1800167,156073,15341,-84,-2052,1406,
9EUXqAo2B2mET2ug3GUSCjxKasoyiFYSG9isC8vFpump,FP1-RESEARCH-PROBE-LOOSE-0001,4,1787075345318671,1787074919000000,0,38,2,2,0,WAITING_FOR_IMPULSE,EXPIRED,ENTRY_WINDOW_EXPIRED,True,,,,,,,,,,,,,,,,,,,,,,,,,,,,,,
BCatLoG4P9xr6F7CA7dDY9heA5RABbXQzEfb48Ecpump,FP1-RESEARCH-PROBE-LOOSE-0001,4,1787075345279139,1787074919000000,0,3,3,2,0,WAITING_FOR_IMPULSE,EXPIRED,ENTRY_WINDOW_EXPIRED,True,,,,,,,,,,,,,,,,,,,,,,,,,,,,,,
DT6kSgLhmahMoNopntty3RrwEH55FASKfYTPFib8pump,FP1-RESEARCH-PROBE-LOOSE-0001,4,1787075342872861,1787074919000000,0,1,1,2,0,WAITING_FOR_IMPULSE,EXPIRED,ENTRY_WINDOW_EXPIRED,True,,,,,,,,,,,,,,,,,,,,,,,,,,,,,,
CxDFo9s33FCBnQr5Ti4sHoGrdZqhadFhk1X7UG7Npump,FP1-RESEARCH-PROBE-LOOSE-0001,4,1787075337993838,1787074918000000,0,1,1,2,0,WAITING_FOR_IMPULSE,EXPIRED,ENTRY_WINDOW_EXPIRED,True,,,,,,,,,,,,,,,,,,,,,,,,,,,,,,
2HHq1bqn6emXu4Ey4RNYuDZ1xu94nEWXUL9dJinXpump,FP1-RESEARCH-PROBE-LOOSE-0001,4,1787075337892007,1787074918000000,0,2,2,2,0,WAITING_FOR_IMPULSE,EXPIRED,ENTRY_WINDOW_EXPIRED,True,,,,,,,,,,,,,,,,,,,,,,,,,,,,,,
3tWvggJJyfZJdfCNhdbSTXkzAUcW3C7sE5WNwZgHpump,FP1-RESEARCH-PROBE-LOOSE-0001,4,1787075335601625,1787074918000000,0,3,3,2,0,WAITING_FOR_IMPULSE,EXPIRED,ENTRY_WINDOW_EXPIRED,True,,,,,,,,,,,,,,,,,,,,,,,,,,,,,,
2G2nzP4dZGo31btdopbpiQFfKFV1pDi1Hpb64FE2EE6h,FP1-RESEARCH-PROBE-LOOSE-0001,4,1787075330807385,1787074918000000,0,10,10,6,0,WAITING_FOR_RESPONSE,EXPIRED,ENTRY_WINDOW_EXPIRED,True,19,1321,2,2,2,2838518516,4848,1342,19501,19482,1053,1053,22516,,,,,,,,,,,,,,,,,
HQNmDLAxBWVpHi81vh6fUTdBJFUpgP32LAPjJMWqpump,FP1-RESEARCH-PROBE-LOOSE-0001,4,1787075330777623,1787074918000000,0,4,4,2,0,WAITING_FOR_IMPULSE,EXPIRED,ENTRY_WINDOW_EXPIRED,True,,,,,,,,,,,,,,,,,,,,,,,,,,,,,,
9LxAbNwZXEBg31P2ydmrSdvYbVJRdoRMMAqQAMPPpump,FP1-RESEARCH-PROBE-LOOSE-0001,4,1787075326015941,1787074917000000,0,2,2,2,0,WAITING_FOR_IMPULSE,EXPIRED,ENTRY_WINDOW_EXPIRED,True,,,,,,,,,,,,,,,,,,,,,,,,,,,,,,
FE7zaMfnoxMQogJgmX9Mu3vsA2LUeqfJwGVhqZ9mpump,FP1-RESEARCH-PROBE-LOOSE-0001,4,1787075325960817,1787074917000000,0,3,3,2,0,WAITING_FOR_IMPULSE,EXPIRED,ENTRY_WINDOW_EXPIRED,True,,,,,,,,,,,,,,,,,,,,,,,,,,,,,,
9DAqz5EqHQBzF8jon8eY5pxP4nak54aUhqXFUUDBpump,FP1-RESEARCH-PROBE-LOOSE-0001,4,1787075316464004,1787074916000000,0,2,1,2,0,WAITING_FOR_IMPULSE,EXPIRED,ENTRY_WINDOW_EXPIRED,True,,,,,,,,,,,,,,,,,,,,,,,,,,,,,,
BeHJkoVVgX6bQ8g1LLmpmfqf6pExNQVcr2BVWRrSpump,FP1-RESEARCH-PROBE-LOOSE-0001,4,1787075311733722,1787074916000000,0,3,3,2,0,WAITING_FOR_IMPULSE,EXPIRED,ENTRY_WINDOW_EXPIRED,True,,,,,,,,,,,,,,,,,,,,,,,,,,,,,,
HCJ5EvTSj4oUCkwJLQ5dsyzYgdmtBP4PTkAnFj5vpump,FP1-RESEARCH-PROBE-LOOSE-0001,4,1787075307223978,1787074915000000,0,3,3,2,0,WAITING_FOR_IMPULSE,EXPIRED,ENTRY_WINDOW_EXPIRED,True,,,,,,,,,,,,,,,,,,,,,,,,,,,,,,
CdYKzjpd3FdVTyhJmBcUoWUaQiqrud3r8zFz36dTpump,FP1-RESEARCH-PROBE-LOOSE-0001,4,1787075300725852,1787074915000000,0,1,1,2,0,WAITING_FOR_IMPULSE,EXPIRED,ENTRY_WINDOW_EXPIRED,True,,,,,,,,,,,,,,,,,,,,,,,,,,,,,,
2apyTAKUwX6dj1RkMN4MWNQ2uLus1L7NWAYfua93pump,FP1-RESEARCH-PROBE-LOOSE-0001,4,1787075298029718,1787074915000000,0,1,1,2,0,WAITING_FOR_IMPULSE,EXPIRED,ENTRY_WINDOW_EXPIRED,True,,,,,,,,,,,,,,,,,,,,,,,,,,,,,,
3hQzx1Ac5YhRXXWjvj1wApcAMta57f5igoDX7r8epump,FP1-RESEARCH-PROBE-LOOSE-0001,4,1787075290966414,1787074914000000,0,1,1,2,0,WAITING_FOR_IMPULSE,EXPIRED,ENTRY_WINDOW_EXPIRED,True,,,,,,,,,,,,,,,,,,,,,,,,,,,,,,
AKujSjaByeH9esE4zCxMMkHm2Fr8JcFN3JkpqBKrpump,FP1-RESEARCH-PROBE-LOOSE-0001,4,1787075289287621,1787074914000000,0,3,3,2,0,WAITING_FOR_IMPULSE,EXPIRED,ENTRY_WINDOW_EXPIRED,True,,,,,,,,,,,,,,,,,,,,,,,,,,,,,,
Eb8fruA7sA3F3zUS1G1uckk6ddB8VSARHr9LaNFfBCki,FP1-RESEARCH-PROBE-LOOSE-0001,4,1787075284596956,1787074914000000,0,1,1,2,0,WAITING_FOR_IMPULSE,EXPIRED,ENTRY_WINDOW_EXPIRED,True,,,,,,,,,,,,,,,,,,,,,,,,,,,,,,
2DjMaVtvEp1U56HysTsKH7DEsJWAZ7xk2nffgygvpump,FP1-RESEARCH-PROBE-LOOSE-0001,4,1787075282163883,1787074914000000,0,2,2,2,0,WAITING_FOR_IMPULSE,EXPIRED,ENTRY_WINDOW_EXPIRED,True,,,,,,,,,,,,,,,,,,,,,,,,,,,,,,
CqpN8uqoq8JPr2S3j8HLjKspoM8gxXKpL92PTendpump,FP1-RESEARCH-PROBE-LOOSE-0001,4,1787075279506493,1787074913000000,0,3,3,2,0,WAITING_FOR_IMPULSE,EXPIRED,ENTRY_WINDOW_EXPIRED,True,,,,,,,,,,,,,,,,,,,,,,,,,,,,,,
Xi82hKSnL8wtCf9ZxDpx8VDiXCb9qsJKR32mEDGpump,FP1-RESEARCH-PROBE-LOOSE-0001,4,1787075277292687,1787074913000000,0,1,1,2,0,WAITING_FOR_IMPULSE,EXPIRED,ENTRY_WINDOW_EXPIRED,True,,,,,,,,,,,,,,,,,,,,,,,,,,,,,,
8CghaJVr4fGoA4A8ag2uosDKKxwV1sGbtx8yFY9rvs3v,FP1-RESEARCH-PROBE-LOOSE-0001,4,1787075271678285,1787074913000000,0,1,1,2,0,WAITING_FOR_IMPULSE,EXPIRED,ENTRY_WINDOW_EXPIRED,True,,,,,,,,,,,,,,,,,,,,,,,,,,,,,,
9Y1uzqsFKLwG1N1d5CzwFPufJL519h8zeLtUwo4mpump,FP1-RESEARCH-PROBE-LOOSE-0001,4,1787075264782089,1787074912000000,0,1,1,2,0,WAITING_FOR_IMPULSE,EXPIRED,ENTRY_WINDOW_EXPIRED,True,,,,,,,,,,,,,,,,,,,,,,,,,,,,,,
5xQvxN9Jzvukbfv9zrX93DVM7djWFqWYtNrgpKRupump,FP1-RESEARCH-PROBE-LOOSE-0001,4,1787075259133516,1787074912000000,0,3,3,2,0,WAITING_FOR_IMPULSE,EXPIRED,ENTRY_WINDOW_EXPIRED,True,,,,,,,,,,,,,,,,,,,,,,,,,,,,,,
46KZnTEkDanXDfxcbviw6q3uSGrGguU9wZhwth6Apump,FP1-RESEARCH-PROBE-LOOSE-0001,4,1787075251580444,1787074911000000,0,1,1,2,0,WAITING_FOR_IMPULSE,EXPIRED,ENTRY_WINDOW_EXPIRED,True,,,,,,,,,,,,,,,,,,,,,,,,,,,,,,
FcUbZgyw1FWNnVyWjU129V7hpkqtdR5eUGpjkd45NhYQ,FP1-RESEARCH-PROBE-LOOSE-0001,4,1787075251565419,1787074911000000,0,1,1,2,0,WAITING_FOR_IMPULSE,EXPIRED,ENTRY_WINDOW_EXPIRED,True,,,,,,,,,,,,,,,,,,,,,,,,,,,,,,
4LkDHTHvbS6g6DU9vBgxsF6SJ9YLtSPyefgT9PXMpump,FP1-RESEARCH-PROBE-LOOSE-0001,4,1787075251512566,1787074911000000,0,3,3,2,0,WAITING_FOR_IMPULSE,EXPIRED,ENTRY_WINDOW_EXPIRED,True,,,,,,,,,,,,,,,,,,,,,,,,,,,,,,
7LBMEfb4SMKepTwuUvzWk2pUujGK6hjR94zVXpZf5yWH,FP1-RESEARCH-PROBE-LOOSE-0001,4,1787075251489530,1787074911000000,0,1,1,2,0,WAITING_FOR_IMPULSE,EXPIRED,ENTRY_WINDOW_EXPIRED,True,,,,,,,,,,,,,,,,,,,,,,,,,,,,,,
B8qUT5opU1cbDd545qejxGqrTj5Mr7aCiwhTBnkeFzgp,FP1-RESEARCH-PROBE-LOOSE-0001,4,1787075249158998,1787074911000000,0,1,1,2,0,WAITING_FOR_IMPULSE,EXPIRED,ENTRY_WINDOW_EXPIRED,True,,,,,,,,,,,,,,,,,,,,,,,,,,,,,,
CrE13eFzYLn1b8pxdznuDnp1ygm8CLGn119NMJHepump,FP1-RESEARCH-PROBE-LOOSE-0001,4,1787075246546587,1787074910000000,0,6,6,2,0,WAITING_FOR_IMPULSE,EXPIRED,ENTRY_WINDOW_EXPIRED,True,,,,,,,,,,,,,,,,,,,,,,,,,,,,,,
AkhVRhDu9hf9onXjTzUuvTWvS3fNKSRpx6F9focZpump,FP1-RESEARCH-PROBE-LOOSE-0001,4,1787075239582000,1787074910000000,0,25,25,6,0,WAITING_FOR_RESPONSE,EXPIRED,ENTRY_WINDOW_EXPIRED,True,1,930,2,2,2,4500000000,1903,5896,1979,1978,1058,4751,45040,,,,,,,,,,,,,,,,,
3jfhPzFgHPwYHgGL1MNYfHkzdNY2MnCwaeNmTkjNQHa8,FP1-RESEARCH-PROBE-LOOSE-0001,4,1787075227406731,1787074909000000,0,1,1,2,0,WAITING_FOR_IMPULSE,EXPIRED,ENTRY_WINDOW_EXPIRED,True,,,,,,,,,,,,,,,,,,,,,,,,,,,,,,
9eZnJ6SE3iWDgCinsrktQsXGDc3VxawFJaQWEQvcpump,FP1-RESEARCH-PROBE-LOOSE-0001,4,1787075221846281,1787074908000000,0,2,2,2,0,WAITING_FOR_IMPULSE,EXPIRED,ENTRY_WINDOW_EXPIRED,True,,,,,,,,,,,,,,,,,,,,,,,,,,,,,,
P4UYt7ezP2Zq5ixfhwXqhDbqbMG7tVbr11Hnt5cpump,FP1-RESEARCH-PROBE-LOOSE-0001,4,1787075217417239,1787074908000000,0,1,1,2,0,WAITING_FOR_IMPULSE,EXPIRED,ENTRY_WINDOW_EXPIRED,True,,,,,,,,,,,,,,,,,,,,,,,,,,,,,,
HBKiLLUCQLndQpEKQny4mBJacsaxWS8aX8J2RBAvpump,FP1-RESEARCH-PROBE-LOOSE-0001,4,1787075217370081,1787074908000000,0,132,132,6,0,WAITING_FOR_RESPONSE,EXPIRED,ENTRY_WINDOW_EXPIRED,True,12,1343,2,2,2,2516128392,80789,11173,83335,83323,1225,5437,87266,,,,,,,,,,,,,,,,,
Asv6UmvS4sFEc2R9FfchgQL4RrANMBS41h6VwS51pump,FP1-RESEARCH-PROBE-LOOSE-0001,4,1787075217323514,1787074908000000,0,1,1,2,0,WAITING_FOR_IMPULSE,EXPIRED,ENTRY_WINDOW_EXPIRED,True,,,,,,,,,,,,,,,,,,,,,,,,,,,,,,
GW8BcpVSpjUH5L8L1V4URgEAYSDsW9kxPUecwLskpump,FP1-RESEARCH-PROBE-LOOSE-0001,4,1787075210061806,1787074907000000,0,1,1,2,0,WAITING_FOR_IMPULSE,EXPIRED,ENTRY_WINDOW_EXPIRED,True,,,,,,,,,,,,,,,,,,,,,,,,,,,,,,
8EUB3ofNDxcdFqmkzgWXk5L1x1pnZQt9GYX4oYkwpump,FP1-RESEARCH-PROBE-LOOSE-0001,4,1787075197999731,1787074906000000,0,1,1,2,0,WAITING_FOR_IMPULSE,EXPIRED,ENTRY_WINDOW_EXPIRED,True,,,,,,,,,,,,,,,,,,,,,,,,,,,,,,
ABxvjozT52vs2VghFYmXBHXK5nvtMtcZLcEhXGrxpump,FP1-RESEARCH-PROBE-LOOSE-0001,4,1787075195900183,1787074906000000,0,70,17,7,0,CANDIDATE_SIGNAL,CANDIDATE_SIGNAL,RECLAIM_CONFIRMED,False,28979,658,3,3,2,977777778,31530,5713,36041,7062,1588,3605,43689,3605,60864,24823,341,1,0,511361057,0,1,0,511361057,60866,2,709,-3185,305,
CVxJZ8n3fhpqZiaxVSZQkzk2cYz9xcHi4SKLhZxJpump,FP1-RESEARCH-PROBE-LOOSE-0001,4,1787075195872292,1787074906000000,0,1,1,2,0,WAITING_FOR_IMPULSE,EXPIRED,ENTRY_WINDOW_EXPIRED,True,,,,,,,,,,,,,,,,,,,,,,,,,,,,,,
EjZ2UASzvDq8XmHid8PPSqVM5pjbEyrNp5qzPjTzpump,FP1-RESEARCH-PROBE-LOOSE-0001,4,1787075193306410,1787074905000000,0,45,19,7,0,CANDIDATE_SIGNAL,CANDIDATE_SIGNAL,RECLAIM_CONFIRMED,False,50811,1494,9,2,1,6866023,78374,3110,86326,35515,1156,2310,91329,2310,100084,13758,4603,1,0,65659679,0,1,1,44250566,109117,9033,5156,0,295,
2neu677KoQDWtR2sdQHZ7VZ3HsDvFaxf5Egh7233pump,FP1-RESEARCH-PROBE-LOOSE-0001,4,1787075181714873,1787074904000000,0,8,1,1,0,DISCOVERED,EXPIRED,ENTRY_WINDOW_EXPIRED,True,,,,,,,,,,,,,,,,,,,,,,,,,,,,,,
DRBJpu8NHqAShWokuDkXmS7KMZmhT9YQRRSnTVc2pump,FP1-RESEARCH-PROBE-LOOSE-0001,4,1787075181653148,1787074904000000,0,1,1,2,0,WAITING_FOR_IMPULSE,EXPIRED,ENTRY_WINDOW_EXPIRED,True,,,,,,,,,,,,,,,,,,,,,,,,,,,,,,
31qCKdWuiGDFRNM84yAtks1Tqa7c3mksk8HqTpPAgxRf,FP1-RESEARCH-PROBE-LOOSE-0001,4,1787075172186001,1787074904000000,0,1,1,2,0,WAITING_FOR_IMPULSE,EXPIRED,ENTRY_WINDOW_EXPIRED,True,,,,,,,,,,,,,,,,,,,,,,,,,,,,,,
FFu5HxZUc4smMkgcPju4b7ynhUTNLUNkCE1Ka7HF8pJu,FP1-RESEARCH-PROBE-LOOSE-0001,4,1787075166627018,1787074903000000,0,3,2,2,0,WAITING_FOR_IMPULSE,EXPIRED,ENTRY_WINDOW_EXPIRED,True,,,,,,,,,,,,,,,,,,,,,,,,,,,,,,
2QRCvcDVa9VPisBNGMoHYRSb7XHS1UdQZGbAEXrfpump,FP1-RESEARCH-PROBE-LOOSE-0001,4,1787075156903750,1787074902000000,0,5,5,4,0,WAITING_FOR_PULLBACK,EXPIRED,ENTRY_WINDOW_EXPIRED,True,46366,656,2,2,1,967901234,173925,683,,,,,,,,,,,,,,,,,,,,,,
HvpiGCpVG6Rp76QJkw1mDY654KUYC6VpiCR8pGzSpump,FP1-RESEARCH-PROBE-LOOSE-0001,4,1787075156868524,1787074902000000,0,7,5,4,0,WAITING_FOR_PULLBACK,EXPIRED,ENTRY_WINDOW_EXPIRED,True,14,552,2,2,2,1886419751,15189,1966,,,,,,,,,,,,,,,,,,,,,,
4FpYzhDnYuUNvw9nHEbticUtFVzHTtzzmuAEj6FGpump,FP1-RESEARCH-PROBE-LOOSE-0001,4,1787075154259779,1787074902000000,0,1,1,2,0,WAITING_FOR_IMPULSE,EXPIRED,ENTRY_WINDOW_EXPIRED,True,,,,,,,,,,,,,,,,,,,,,,,,,,,,,,
ABc8a65sCRhWZZHrNcXn5dZgrsJ26fvXBb6HwTu5pump,FP1-RESEARCH-PROBE-LOOSE-0001,4,1787075150032799,1787074902000000,0,7,7,2,0,WAITING_FOR_IMPULSE,EXPIRED,ENTRY_WINDOW_EXPIRED,True,,,,,,,,,,,,,,,,,,,,,,,,,,,,,,
J78tUYJ7TDbMs5Nef5LzKUoGXYtNxtCs1Vifb3ypump,FP1-RESEARCH-PROBE-LOOSE-0001,4,1787075145154378,1787074901000000,0,3,3,2,0,WAITING_FOR_IMPULSE,EXPIRED,ENTRY_WINDOW_EXPIRED,True,,,,,,,,,,,,,,,,,,,,,,,,,,,,,,
2wCP4inY1TwaeWreEfWmS9wGJwQxGFKooPG7HkcApump,FP1-RESEARCH-PROBE-LOOSE-0001,4,1787075142935880,1787074901000000,0,2,2,2,0,WAITING_FOR_IMPULSE,EXPIRED,ENTRY_WINDOW_EXPIRED,True,,,,,,,,,,,,,,,,,,,,,,,,,,,,,,
6JcD9szZaP96tKjKGd1Sajsy2hR4WVc1VWAcEyVopump,FP1-RESEARCH-PROBE-LOOSE-0001,4,1787075140468650,1787074901000000,0,3,3,2,0,WAITING_FOR_IMPULSE,EXPIRED,ENTRY_WINDOW_EXPIRED,True,,,,,,,,,,,,,,,,,,,,,,,,,,,,,,
31NQLN4hG8eNqa8s9keaL7mDdJHjffwfmx3LphM7pump,FP1-RESEARCH-PROBE-LOOSE-0001,4,1787075133197607,1787074900000000,0,1,1,2,0,WAITING_FOR_IMPULSE,EXPIRED,ENTRY_WINDOW_EXPIRED,True,,,,,,,,,,,,,,,,,,,,,,,,,,,,,,
BHehuqfeeWh9ztVBy1FQrn9kGK9WHTuoymhpTSjipump,FP1-RESEARCH-PROBE-LOOSE-0001,4,1787075115009217,1787074899000000,0,1,1,2,0,WAITING_FOR_IMPULSE,EXPIRED,ENTRY_WINDOW_EXPIRED,True,,,,,,,,,,,,,,,,,,,,,,,,,,,,,,
3amvkZh2Y84NkfBE1fHY28rdSjoRSNZfFsRHsDS43Vdv,FP1-RESEARCH-PROBE-LOOSE-0001,4,1787075101395666,1787074898000000,0,1,1,2,0,WAITING_FOR_IMPULSE,EXPIRED,ENTRY_WINDOW_EXPIRED,True,,,,,,,,,,,,,,,,,,,,,,,,,,,,,,
8mZ2XnTbvLeVsvp9Ehgjd6BU6eZr3MqqirNJccSmpump,FP1-RESEARCH-PROBE-LOOSE-0001,4,1787075083431665,1787074897000000,0,1,1,2,0,WAITING_FOR_IMPULSE,EXPIRED,ENTRY_WINDOW_EXPIRED,True,,,,,,,,,,,,,,,,,,,,,,,,,,,,,,
CrtoRnVjHXuDJJ83nteNHdnkCx4jM7oeSuEAxqEBpump,FP1-RESEARCH-PROBE-LOOSE-0001,4,1787075073169420,1787074897000000,0,6,6,4,0,WAITING_FOR_PULLBACK,EXPIRED,ENTRY_WINDOW_EXPIRED,True,30589,1362,3,2,1,14389696,37095,2258,,,,,,,,,,,,,,,,,,,,,,
AM4oHgAiWtCzq4BLoZSy1uizXbQ3fpWEUA6FbtVRpump,FP1-RESEARCH-PROBE-LOOSE-0001,4,1787075070564489,1787074896000000,0,1,1,2,0,WAITING_FOR_IMPULSE,EXPIRED,ENTRY_WINDOW_EXPIRED,True,,,,,,,,,,,,,,,,,,,,,,,,,,,,,,
AbWJhQzLhBBkSQRiY8Da61zyKN9JgUqJczEN8NHKpump,FP1-RESEARCH-PROBE-LOOSE-0001,4,1787075065509355,1787074896000000,0,8,8,2,0,WAITING_FOR_IMPULSE,EXPIRED,ENTRY_WINDOW_EXPIRED,True,,,,,,,,,,,,,,,,,,,,,,,,,,,,,,
7bqhXptzL1K3EitH7kxXsGzJJzkA7LfbJ39BwhaQpump,FP1-RESEARCH-PROBE-LOOSE-0001,4,1787075060320560,1787074896000000,0,1,1,2,0,WAITING_FOR_IMPULSE,EXPIRED,ENTRY_WINDOW_EXPIRED,True,,,,,,,,,,,,,,,,,,,,,,,,,,,,,,
8y4tkSS8EGaBND8c6wEoBsVsefUfLFHg2eKAGskxpump,FP1-RESEARCH-PROBE-LOOSE-0001,4,1787075060320560,1787074896000000,0,23,8,4,0,WAITING_FOR_PULLBACK,EXPIRED,ENTRY_WINDOW_EXPIRED,True,80220,584,4,3,2,1593209877,118765,729,,,,,,,,,,,,,,,,,,,,,,
3H6LaB87n2B7rA7R5wxsTMmPgg8dGH12YnwerQLjsR2f,FP1-RESEARCH-PROBE-LOOSE-0001,4,1787075055231899,1787074896000000,0,1,1,2,0,WAITING_FOR_IMPULSE,EXPIRED,ENTRY_WINDOW_EXPIRED,True,,,,,,,,,,,,,,,,,,,,,,,,,,,,,,
76LSALDFZLvMLwS1F1UjL8pYgX2vKqJgETsJ8pj6pump,FP1-RESEARCH-PROBE-LOOSE-0001,4,1787075043329703,1787074895000000,0,1,1,2,0,WAITING_FOR_IMPULSE,EXPIRED,ENTRY_WINDOW_EXPIRED,True,,,,,,,,,,,,,,,,,,,,,,,,,,,,,,
HcuMC8wWbMeN9oLSUVMo21A1jQyfHrRC5DZG7xxTpump,FP1-RESEARCH-PROBE-LOOSE-0001,4,1787075036629980,1787074895000000,0,1,1,2,0,WAITING_FOR_IMPULSE,EXPIRED,ENTRY_WINDOW_EXPIRED,True,,,,,,,,,,,,,,,,,,,,,,,,,,,,,,
487cJVEC2Xw4376jXaHSCUvmbX46QqyKhFE6UN3spump,FP1-RESEARCH-PROBE-LOOSE-0001,4,1787075013798601,1787074893000000,0,1,1,2,0,WAITING_FOR_IMPULSE,EXPIRED,ENTRY_WINDOW_EXPIRED,True,,,,,,,,,,,,,,,,,,,,,,,,,,,,,,
3TCRJhPgxahZ8NVeC3rTajM3b5NPVcAmbVeQkwV7pump,FP1-RESEARCH-PROBE-LOOSE-0001,4,1787074996721507,1787074893000000,0,9,8,4,0,WAITING_FOR_PULLBACK,EXPIRED,ENTRY_WINDOW_EXPIRED,True,2832,1012,2,2,2,2518518517,10064,1099,,,,,,,,,,,,,,,,,,,,,,
GVcdHB2tq4aJnskWPF84q8q9n8c9qpHJzgG5RBsbk8x8,FP1-RESEARCH-PROBE-LOOSE-0001,4,1787074983772870,1787074892000000,0,49,17,4,0,WAITING_FOR_PULLBACK,EXPIRED,ENTRY_WINDOW_EXPIRED,True,231253,935,3,2,1,977777777,298343,4261,,,,,,,,,,,,,,,,,,,,,,
24qRCC1X9TZ3K9gTXVnQjFjh4gtSy7xiRpaaXdFepump,FP1-RESEARCH-PROBE-LOOSE-0001,4,1787074974502344,1787074892000000,0,42,10,7,0,CANDIDATE_SIGNAL,CANDIDATE_SIGNAL,RECLAIM_CONFIRMED,False,17867,1592,3,3,1,59818961,27518,3526,48847,30980,1086,1086,48847,1086,64214,15367,7577,1,0,273640852,0,2,0,357813193,85890,21676,14370,0,1500,
5Yy89FQ6jT17dv8fMCr7MZcNiohs2nph6BoYXQScpump,FP1-RESEARCH-PROBE-LOOSE-0001,4,1787074969089475,1787074891000000,0,1,1,2,0,WAITING_FOR_IMPULSE,EXPIRED,ENTRY_WINDOW_EXPIRED,True,,,,,,,,,,,,,,,,,,,,,,,,,,,,,,
AkcFEkme23WCfJ4wRBZwMxTv8ierh7mxyYbLH8Rapump,FP1-RESEARCH-PROBE-LOOSE-0001,4,1787074956831365,1787074891000000,0,32,32,8,1,WAITING_FOR_RECLAIM,EXPIRED,ENTRY_WINDOW_EXPIRED,True,13,1298,2,2,2,5037037035,49867,7777,86721,86708,1110,5208,200034,3691,166236,79515,285,1,0,493700724,0,1,0,493700724,,,,,,
658D5UHA14mVmp8J6UUkb9T8u3G4VUgUDKy4f2zh3u6x,FP1-RESEARCH-PROBE-LOOSE-0001,4,1787074954310588,1787074891000000,0,140,13,2,0,WAITING_FOR_IMPULSE,EXPIRED,ENTRY_WINDOW_EXPIRED,True,,,,,,,,,,,,,,,,,,,,,,,,,,,,,,
8jtpDVU4b53Ne3dRUJE77NpwJocecEoZn9CCLcGDpump,FP1-RESEARCH-PROBE-LOOSE-0001,4,1787074946582526,1787074890000000,0,1,1,2,0,WAITING_FOR_IMPULSE,EXPIRED,ENTRY_WINDOW_EXPIRED,True,,,,,,,,,,,,,,,,,,,,,,,,,,,,,,
AYsGEZCd5uBgc7aXnV8HAmX8ne3QLdDuLPUA2hhApump,FP1-RESEARCH-PROBE-LOOSE-0001,3,1787074944344498,1787074890000000,0,8,5,4,0,WAITING_FOR_PULLBACK,EXPIRED,ENTRY_WINDOW_EXPIRED,True,123585,602,3,3,1,977777777,251586,882,,,,,,,,,,,,,,,,,,,,,,
CbRUyNSxqZwN2VYvUe8vEP5wB4kXwd7Bc3ZzEfcPpump,FP1-RESEARCH-PROBE-LOOSE-0001,3,1787074939416848,1787074890000000,0,1,1,2,0,WAITING_FOR_IMPULSE,EXPIRED,ENTRY_WINDOW_EXPIRED,True,,,,,,,,,,,,,,,,,,,,,,,,,,,,,,
CYdHHXoQk9rDEg2JoQhb7hGH4Ze8R6Jh6ewubbUWpump,FP1-RESEARCH-PROBE-LOOSE-0001,3,1787074939402711,1787074890000000,0,6,3,2,0,WAITING_FOR_IMPULSE,EXPIRED,ENTRY_WINDOW_EXPIRED,True,,,,,,,,,,,,,,,,,,,,,,,,,,,,,,
EoHpE9L3s9V9in6nrg1ZtDKnxkcxumy8XzCHyed5pump,FP1-RESEARCH-PROBE-LOOSE-0001,3,1787074936755817,1787074890000000,0,21,4,2,0,WAITING_FOR_IMPULSE,EXPIRED,ENTRY_WINDOW_EXPIRED,True,,,,,,,,,,,,,,,,,,,,,,,,,,,,,,
CuCSJi1HvAkeiq4pfh84ZQpMPVVkyqCGmaDrUh25pump,FP1-RESEARCH-PROBE-LOOSE-0001,3,1787074934381984,1787074890000000,0,2,2,2,0,WAITING_FOR_IMPULSE,EXPIRED,ENTRY_WINDOW_EXPIRED,True,,,,,,,,,,,,,,,,,,,,,,,,,,,,,,
CjjFca21d1eiBsRzmySpu1DNsXBX3A9P2wtpcuELpump,FP1-RESEARCH-PROBE-LOOSE-0001,3,1787074934374698,1787074890000000,0,11,8,5,0,PULLBACK_ACTIVE,EXPIRED,ENTRY_WINDOW_EXPIRED,True,6,695,2,2,2,6196000000,2569,2777,297597,297591,2949,2949,297597,,,,,,,,,,,,,,,,,
93ovBmR6X1UdoGz3amD6HE9vREQ2rV9TF6SyZ5aepump,FP1-RESEARCH-PROBE-LOOSE-0001,3,1787074930039636,1787074889000000,0,15,8,2,0,WAITING_FOR_IMPULSE,EXPIRED,ENTRY_WINDOW_EXPIRED,True,,,,,,,,,,,,,,,,,,,,,,,,,,,,,,
GdkJoVZ1UBCV5rjfJzxFmaFBrWRKeLZY3H3Dcpfapump,FP1-RESEARCH-PROBE-LOOSE-0001,3,1787074929956571,1787074889000000,0,1,1,2,0,WAITING_FOR_IMPULSE,EXPIRED,ENTRY_WINDOW_EXPIRED,True,,,,,,,,,,,,,,,,,,,,,,,,,,,,,,
GccaCYPdPDZSBDz61FLmtAVQU8MrSbWenQc64E3Npump,FP1-RESEARCH-PROBE-LOOSE-0001,3,1787074927762702,1787074889000000,0,74,39,2,0,WAITING_FOR_IMPULSE,EXPIRED,ENTRY_WINDOW_EXPIRED,True,,,,,,,,,,,,,,,,,,,,,,,,,,,,,,
FzbjHbn9kz4PiecQ6ybQv9y1FGvxfnCZDQwJgBmmpump,FP1-RESEARCH-PROBE-LOOSE-0001,3,1787074927586956,1787074889000000,0,18,5,4,0,WAITING_FOR_PULLBACK,EXPIRED,ENTRY_WINDOW_EXPIRED,True,231534,1080,3,2,1,1012472706,231535,1613,,,,,,,,,,,,,,,,,,,,,,
AhKEUjNfhncSCSfxTFtA4tUZbqJm4yvExqVN58nRHryi,FP1-RESEARCH-PROBE-LOOSE-0001,3,1787074924840252,1787074889000000,0,8,4,2,0,WAITING_FOR_IMPULSE,EXPIRED,ENTRY_WINDOW_EXPIRED,True,,,,,,,,,,,,,,,,,,,,,,,,,,,,,,
DZd7Cci9CD78bXkBT7JCHwKYqKes2yngnBcx4f6opump,FP1-RESEARCH-PROBE-LOOSE-0001,3,1787074922382541,1787074889000000,0,7,4,2,0,WAITING_FOR_IMPULSE,EXPIRED,ENTRY_WINDOW_EXPIRED,True,,,,,,,,,,,,,,,,,,,,,,,,,,,,,,
4navMf8Pf1ixzsQUded6W4hkgxSCvBtfpjt9qdQ3pump,FP1-RESEARCH-PROBE-LOOSE-0001,3,1787074914688956,1787074888000000,0,710,46,4,0,WAITING_FOR_PULLBACK,EXPIRED,ENTRY_WINDOW_EXPIRED,True,182000,537,26,20,1,182631842,291230,1163,,,,,,,,,,,,,,,,,,,,,,
BSio4otAizTD2K2z3htEmqKLDuRAxcsc9GztemMNpump,FP1-RESEARCH-PROBE-LOOSE-0001,3,1787074909091937,1787074888000000,0,147,22,2,0,WAITING_FOR_IMPULSE,EXPIRED,ENTRY_WINDOW_EXPIRED,True,,,,,,,,,,,,,,,,,,,,,,,,,,,,,,
C8gjcqKWjbkSyeSM6jU1jk6te2nghMEVMWdf9t76pump,FP1-RESEARCH-PROBE-LOOSE-0001,3,1787074909005393,1787074888000000,0,10,10,2,0,WAITING_FOR_IMPULSE,EXPIRED,ENTRY_WINDOW_EXPIRED,True,,,,,,,,,,,,,,,,,,,,,,,,,,,,,,
CNdPbYMdTWAYR3nDtxJP8PvqEmLQ2YgwKgnhC1bcpump,FP1-RESEARCH-PROBE-LOOSE-0001,3,1787074906425053,1787074888000000,0,23,10,7,0,CANDIDATE_SIGNAL,CANDIDATE_SIGNAL,RECLAIM_CONFIRMED,False,33130,2320,3,2,1,115452257,77385,4493,95592,62462,1436,1436,95592,1436,166843,71251,3882,1,0,462469907,0,1,0,462469907,216791,49948,12081,0,2815,
5Wr3m8QpTqqn1idrQvp3iNPa4f8hviBji5A9aEVapump,FP1-RESEARCH-PROBE-LOOSE-0001,3,1787074906284161,1787074888000000,0,90,29,4,0,WAITING_FOR_PULLBACK,EXPIRED,ENTRY_WINDOW_EXPIRED,True,45502,587,6,5,2,985609127,58521,878,,,,,,,,,,,,,,,,,,,,,,
6XAwvXQmZn2NmEFYRnrCUiPWx8gm4TykZGhX7VR9pump,FP1-RESEARCH-PROBE-LOOSE-0001,3,1787074903975939,1787074888000000,0,36,11,7,0,CANDIDATE_SIGNAL,CANDIDATE_SIGNAL,RECLAIM_CONFIRMED,False,15689,2825,4,2,1,25295258,30277,6634,35576,19887,4883,5052,134768,5052,176880,141304,559,1,0,29333333,0,1,0,29333333,211105,34225,-836,-4491,544,
Agot2HXjh68MjHXr2xnutQ27BxoP3gfmL92QvCaKpump,FP1-RESEARCH-PROBE-LOOSE-0001,3,1787074903709837,1787074888000000,0,3,1,2,0,WAITING_FOR_IMPULSE,EXPIRED,ENTRY_WINDOW_EXPIRED,True,,,,,,,,,,,,,,,,,,,,,,,,,,,,,,
8dYQJwHsvCak4vJU2hHcAWYfsQWgw7ND5VEVheBUpump,FP1-RESEARCH-PROBE-LOOSE-0001,3,1787074901877246,1787074888000000,0,19,12,2,0,WAITING_FOR_IMPULSE,EXPIRED,ENTRY_WINDOW_EXPIRED,True,,,,,,,,,,,,,,,,,,,,,,,,,,,,,,
Gf7xhK5AKgAoFrx3QKrf3ujaawxNrPGoPCQZGLhUpump,FP1-RESEARCH-PROBE-LOOSE-0001,3,1787074901808869,1787074888000000,0,187,22,6,0,WAITING_FOR_RESPONSE,EXPIRED,ENTRY_WINDOW_EXPIRED,True,60344,685,5,2,1,1024413477,277325,5734,288952,228608,1684,1684,288952,,,,,,,,,,,,,,,,,
CLrxx8QYRwokap6Seg2MN9Ju4aFYn3WTrqJB49XZpump,FP1-RESEARCH-PROBE-LOOSE-0001,3,1787074901792845,1787074888000000,0,1,1,2,0,WAITING_FOR_IMPULSE,EXPIRED,ENTRY_WINDOW_EXPIRED,True,,,,,,,,,,,,,,,,,,,,,,,,,,,,,,
Ciqjvap1Rn5zoP1tcsDufWyZH3xsGtkqxTsjXipvpump,FP1-RESEARCH-PROBE-LOOSE-0001,3,1787074896624491,1787074887000000,0,3,2,2,0,WAITING_FOR_IMPULSE,EXPIRED,ENTRY_WINDOW_EXPIRED,True,,,,,,,,,,,,,,,,,,,,,,,,,,,,,,
7m9efqvT8uAgWXG6PA7YL6iHBguiBS8GXvodSsdApump,FP1-RESEARCH-PROBE-LOOSE-0001,3,1787074896563579,1787074887000000,0,8,8,2,0,WAITING_FOR_IMPULSE,EXPIRED,ENTRY_WINDOW_EXPIRED,True,,,,,,,,,,,,,,,,,,,,,,,,,,,,,,
89gHGNANPENbuS93MhXCj9czPyuQTMduEdG3u4RQnfGr,FP1-RESEARCH-PROBE-LOOSE-0001,3,1787074896534037,1787074887000000,0,2,2,2,0,WAITING_FOR_IMPULSE,EXPIRED,ENTRY_WINDOW_EXPIRED,True,,,,,,,,,,,,,,,,,,,,,,,,,,,,,,
562R3gCfPZunx86X2nSo1n2VPFRiX16bxRsq2tccoWG7,FP1-RESEARCH-PROBE-LOOSE-0001,3,1787074893888329,1787074887000000,0,15,14,2,0,WAITING_FOR_IMPULSE,EXPIRED,ENTRY_WINDOW_EXPIRED,True,,,,,,,,,,,,,,,,,,,,,,,,,,,,,,
24qQuaGtRT856q9AFZJHyCxi15Sx25jE9hBNFh7Ypump,FP1-RESEARCH-PROBE-LOOSE-0001,3,1787074893773618,1787074887000000,0,7,7,2,0,WAITING_FOR_IMPULSE,EXPIRED,ENTRY_WINDOW_EXPIRED,True,,,,,,,,,,,,,,,,,,,,,,,,,,,,,,
2t55kaY1c9x1jtafy1vA5UNYH9oaSjqmRhCphKAFpump,FP1-RESEARCH-PROBE-LOOSE-0001,3,1787074893762096,1787074887000000,0,9,7,2,0,WAITING_FOR_IMPULSE,EXPIRED,ENTRY_WINDOW_EXPIRED,True,,,,,,,,,,,,,,,,,,,,,,,,,,,,,,
7hza9NUTV61zgUHedmVdJtYoUCqyH2arnqZBrodkpump,FP1-RESEARCH-PROBE-LOOSE-0001,3,1787074891435949,1787074887000000,0,4,2,1,0,DISCOVERED,EXPIRED,ENTRY_WINDOW_EXPIRED,True,,,,,,,,,,,,,,,,,,,,,,,,,,,,,,
7HXh5o355GnCzHayKuYNMY91UiPzE9YLA1BTQgE5pump,FP1-RESEARCH-PROBE-LOOSE-0001,3,1787074889665675,1787074887000000,0,83,11,7,0,CANDIDATE_SIGNAL,CANDIDATE_SIGNAL,RECLAIM_CONFIRMED,False,27347,5182,4,2,1,98765431,27347,5182,38020,10673,2604,5452,54546,5452,64682,26662,1869,1,0,126731975,0,1,0,126731975,84761,20079,379,-3164,2664,
7EiTAzsbxdpZUH6kGJHfL9x1PHLjV8Uw4oAX41tnGhj8,FP1-RESEARCH-PROBE-LOOSE-0001,3,1787074887232694,1787074887000000,0,29,13,4,0,WAITING_FOR_PULLBACK,EXPIRED,ENTRY_WINDOW_EXPIRED,True,52321,1970,7,2,1,65334503,52321,1970,,,,,,,,,,,,,,,,,,,,,,
GKYyXsxGHLrDhboVACVZBoNp9jL8uFTpjfiwyBkC7PkJ,FP1-RESEARCH-PROBE-LOOSE-0001,3,1787074887148527,1787074887000000,0,1,1,2,0,WAITING_FOR_IMPULSE,EXPIRED,ENTRY_WINDOW_EXPIRED,True,,,,,,,,,,,,,,,,,,,,,,,,,,,,,,
F7r6embpY1e92qa9tGnmn8zCrGQGMd7tuGJhtcPupump,FP1-RESEARCH-PROBE-LOOSE-0001,3,1787074887082587,1787074887000000,0,1,1,2,0,WAITING_FOR_IMPULSE,EXPIRED,ENTRY_WINDOW_EXPIRED,True,,,,,,,,,,,,,,,,,,,,,,,,,,,,,,
j7SR8yMUfPx8WVDcxFovmzWUiaPA3owpGj1ciXfpump,FP1-RESEARCH-PROBE-LOOSE-0001,3,1787074887075071,1787074887000000,0,296,175,2,0,WAITING_FOR_IMPULSE,EXPIRED,ENTRY_WINDOW_EXPIRED,True,,,,,,,,,,,,,,,,,,,,,,,,,,,,,,
Epph9prVPCXQbxriAUTQWqchv5RTj8mWt1cSgWABpump,FP1-RESEARCH-PROBE-LOOSE-0001,3,1787074887014989,1787074887000000,0,5,4,2,0,WAITING_FOR_IMPULSE,EXPIRED,ENTRY_WINDOW_EXPIRED,True,,,,,,,,,,,,,,,,,,,,,,,,,,,,,,
F2VnGF7woKHK9Tkcedy494aburdMbCTwtXzFEY21pump,FP1-RESEARCH-PROBE-LOOSE-0001,3,1787074886999779,1787074887000000,0,214,63,9,1,CANDIDATE_SIGNAL,CANDIDATE_SIGNAL,RECLAIM_CONFIRMED,False,96768,1021,19,12,1,3605062002,108016,6580,142792,46024,1096,2782,212247,2518,203018,60226,227,1,0,592592591,0,1,0,592592591,228102,25084,2694,-2344,335,
M1S6GxVAij2gaGyr5tR19uZCpyWkHstv1kBjNEipump,FP1-RESEARCH-PROBE-LOOSE-0001,3,1787074886982246,1787074887000000,0,7,6,2,0,WAITING_FOR_IMPULSE,EXPIRED,ENTRY_WINDOW_EXPIRED,True,,,,,,,,,,,,,,,,,,,,,,,,,,,,,,
9yTDqz417id8jruXYgVdRLsgodY9FT7n4sMJnfywpump,FP1-RESEARCH-PROBE-LOOSE-0001,3,1787074843913077,1787074400000000,0,3,3,3,0,IMPULSE_CONFIRMED,EXPIRED,ENTRY_WINDOW_EXPIRED,True,20748,561,3,3,1,416902696,20748,561,,,,,,,,,,,,,,,,,,,,,,
G5fnJx3Xom6ycmo1EP1szbgbyBSQ8YRwvLXeTq7hpump,FP1-RESEARCH-PROBE-LOOSE-0001,3,1787074833107752,1787074399000000,0,3,1,2,0,WAITING_FOR_IMPULSE,EXPIRED,ENTRY_WINDOW_EXPIRED,True,,,,,,,,,,,,,,,,,,,,,,,,,,,,,,
62T7rgWptCEh8XyyR5BH5eU5hMYjqXw9Ra16Tp5mpump,FP1-RESEARCH-PROBE-LOOSE-0001,3,1787074824979628,1787074399000000,0,3,3,2,0,WAITING_FOR_IMPULSE,EXPIRED,ENTRY_WINDOW_EXPIRED,True,,,,,,,,,,,,,,,,,,,,,,,,,,,,,,
BXZKmkQj677uZjG9Ak7ASqNX14Fc2RzWzWgX1pQod1cW,FP1-RESEARCH-PROBE-LOOSE-0001,3,1787074805931828,1787074397000000,0,2,2,3,0,IMPULSE_CONFIRMED,EXPIRED,ENTRY_WINDOW_EXPIRED,True,8,941,2,2,2,2942050520,8,941,,,,,,,,,,,,,,,,,,,,,,
ECbmqN5UYEQWTwdATCEAABmQhVnWBpEVJa4Kwdmdpump,FP1-RESEARCH-PROBE-LOOSE-0001,3,1787074803125411,1787074397000000,0,1,1,2,0,WAITING_FOR_IMPULSE,EXPIRED,ENTRY_WINDOW_EXPIRED,True,,,,,,,,,,,,,,,,,,,,,,,,,,,,,,
6GnPvo8mLMxpsD6YzpvcwW5JFW9KLZeqBnqUnTMLpump,FP1-RESEARCH-PROBE-LOOSE-0001,3,1787074768186762,1787074395000000,0,3,3,2,0,WAITING_FOR_IMPULSE,EXPIRED,ENTRY_WINDOW_EXPIRED,True,,,,,,,,,,,,,,,,,,,,,,,,,,,,,,
E3CYcoAh3XRApBahsDq7rdBX5CvmSCN9ruq1r8iApump,FP1-RESEARCH-PROBE-LOOSE-0001,3,1787074762874584,1787074395000000,0,38,4,3,0,IMPULSE_CONFIRMED,EXPIRED,ENTRY_WINDOW_EXPIRED,True,136482,32031,3,3,1,98765431,136482,32031,,,,,,,,,,,,,,,,,,,,,,
Bw22pQm9guDJbvkA5hpr91kaqSgAbamsC2LjbWtBpump,FP1-RESEARCH-PROBE-LOOSE-0001,3,1787074758049584,1787074395000000,0,5,4,2,0,WAITING_FOR_IMPULSE,EXPIRED,ENTRY_WINDOW_EXPIRED,True,,,,,,,,,,,,,,,,,,,,,,,,,,,,,,
BtVxNTNeU3CWd4ep1ja29dd5xGnXZFeuZiyuQJqopump,FP1-RESEARCH-PROBE-LOOSE-0001,3,1787074752290098,1787074394000000,0,1,1,2,0,WAITING_FOR_IMPULSE,EXPIRED,ENTRY_WINDOW_EXPIRED,True,,,,,,,,,,,,,,,,,,,,,,,,,,,,,,
2PfDWTwoxAGePS3aY7Y3vV2FhaJoCQVuQrBtVgSvpump,FP1-RESEARCH-PROBE-LOOSE-0001,3,1787074725799485,1787074393000000,0,1,1,2,0,WAITING_FOR_IMPULSE,EXPIRED,ENTRY_WINDOW_EXPIRED,True,,,,,,,,,,,,,,,,,,,,,,,,,,,,,,
C7vFafRvgAUwXa5NHTg27mjbnVnEC1uTKXAfc3RJ5iV2,FP1-RESEARCH-PROBE-LOOSE-0001,3,1787074718243861,1787074393000000,0,5,5,4,0,WAITING_FOR_PULLBACK,EXPIRED,ENTRY_WINDOW_EXPIRED,True,4,572,2,2,2,1955555554,101008,2498,,,,,,,,,,,,,,,,,,,,,,
sP8rznqCEHuxNwvmJPJDbyw6JXEqaKQfTiGySkcpump,FP1-RESEARCH-PROBE-LOOSE-0001,3,1787074707837968,1787074392000000,0,1,1,1,0,DISCOVERED,EXPIRED,ENTRY_WINDOW_EXPIRED,True,,,,,,,,,,,,,,,,,,,,,,,,,,,,,,
AMikPZMtMgiuJM7FY3vyTRqoUjZv38pwcTuwC9mhpump,FP1-RESEARCH-PROBE-LOOSE-0001,3,1787074704561610,1787074392000000,0,1,1,2,0,WAITING_FOR_IMPULSE,EXPIRED,ENTRY_WINDOW_EXPIRED,True,,,,,,,,,,,,,,,,,,,,,,,,,,,,,,
Cr6eCtFxVCMjFmSs9xtvs37EVj1NZm8Zsk1Wj6E7pump,FP1-RESEARCH-PROBE-LOOSE-0001,3,1787074702124655,1787074392000000,0,3,3,4,0,WAITING_FOR_PULLBACK,EXPIRED,ENTRY_WINDOW_EXPIRED,True,98652,1066,2,2,1,1586328457,98654,2019,,,,,,,,,,,,,,,,,,,,,,
7fT6V7rn2sN5RHn3q5R76WbgsUYxsdRMoDk9Tmexpump,FP1-RESEARCH-PROBE-LOOSE-0001,3,1787074686917556,1787074391000000,0,80,11,7,0,CANDIDATE_SIGNAL,CANDIDATE_SIGNAL,RECLAIM_CONFIRMED,False,26,2243,2,2,2,4964926793,11079,4895,13548,13522,1079,1079,13548,1079,23409,9861,601,2,0,1079131411,26,2,1,-1060065712,31465,8056,4816,-53,517,
5v1AcSWe341Lx4gCDTKccACatWG9QBL8NjeZja76pump,FP1-RESEARCH-PROBE-LOOSE-0001,3,1787074679314430,1787074390000000,0,34,14,7,0,CANDIDATE_SIGNAL,CANDIDATE_SIGNAL,RECLAIM_CONFIRMED,False,11,1044,2,2,2,6716049381,156,4154,21181,21170,1350,1961,41580,1961,49373,28192,1362,1,0,2456363927,0,1,1,1187573003,54658,5285,4025,-91,848,
GNN2FfVP6zK4QpyokUmTMCJtUcNumrtxjYGiE3R8pump,FP1-RESEARCH-PROBE-LOOSE-0001,3,1787074676491566,1787074390000000,0,1,1,2,0,WAITING_FOR_IMPULSE,EXPIRED,ENTRY_WINDOW_EXPIRED,True,,,,,,,,,,,,,,,,,,,,,,,,,,,,,,
6X4XETRPAQ8nzCu8Sd7n3qsZW7PE1B4dTKt7TSw6pump,FP1-RESEARCH-PROBE-LOOSE-0001,3,1787074658085730,1787074389000000,0,12,12,6,0,WAITING_FOR_RESPONSE,EXPIRED,ENTRY_WINDOW_EXPIRED,True,2056,697,2,2,2,6200000000,15786,3236,65138,63082,1673,3306,188768,,,,,,,,,,,,,,,,,
CTNhdQ668UNQm1PcSf92ZZjS7GWqCTHvoyYw6fPZ2uhA,FP1-RESEARCH-PROBE-LOOSE-0001,3,1787074645048519,1787074387000000,0,3,3,4,0,WAITING_FOR_PULLBACK,EXPIRED,ENTRY_WINDOW_EXPIRED,True,2646,637,2,2,2,2020174328,2662,1293,,,,,,,,,,,,,,,,,,,,,,
DfQWQdpmED1C7Yd1NYEoQRQftm8zPBX68WRz6Taw3bmr,FP1-RESEARCH-PROBE-LOOSE-0001,3,1787074631173861,1787074386000000,0,1,1,2,0,WAITING_FOR_IMPULSE,EXPIRED,ENTRY_WINDOW_EXPIRED,True,,,,,,,,,,,,,,,,,,,,,,,,,,,,,,
8pEEoFsNfkriDVCBqjWprkverjy8wce2VphhWyWSWevc,FP1-RESEARCH-PROBE-LOOSE-0001,3,1787074612707967,1787074385000000,0,6,6,2,0,WAITING_FOR_IMPULSE,EXPIRED,ENTRY_WINDOW_EXPIRED,True,,,,,,,,,,,,,,,,,,,,,,,,,,,,,,
F14LrtK9fkKc3AsFSctpDqtYbJM5dWWPrPyik6uvpump,FP1-RESEARCH-PROBE-LOOSE-0001,3,1787074581726115,1787074383000000,0,1,1,2,0,WAITING_FOR_IMPULSE,EXPIRED,ENTRY_WINDOW_EXPIRED,True,,,,,,,,,,,,,,,,,,,,,,,,,,,,,,
2PPbVpUibgpk3Z77vctnGFy7XmjekEKZDJK2kfSSpump,FP1-RESEARCH-PROBE-LOOSE-0001,3,1787074573725467,1787074383000000,0,2,2,2,0,WAITING_FOR_IMPULSE,EXPIRED,ENTRY_WINDOW_EXPIRED,True,,,,,,,,,,,,,,,,,,,,,,,,,,,,,,
7VbX73kLJSyaAgcY9R5DJLxsVZd1eX3hPDMEmHMHaZtj,FP1-RESEARCH-PROBE-LOOSE-0001,3,1787074571272462,1787074383000000,0,234,50,7,0,CANDIDATE_SIGNAL,CANDIDATE_SIGNAL,RECLAIM_CONFIRMED,False,2131,648,2,2,2,1975308640,65478,26559,67696,65565,1130,3713,86403,3713,86413,18717,757,3,2,628944169,201,5,6,-2194600961,86416,3,15943,-2904,494,
GzCApBeSvLABtnjsZjhs7nmWPSicdjPYXR5PZwdypump,FP1-RESEARCH-PROBE-LOOSE-0001,3,1787074559048228,1787074382000000,0,7,7,4,0,WAITING_FOR_PULLBACK,EXPIRED,ENTRY_WINDOW_EXPIRED,True,2545,1074,3,3,3,2443566525,51068,1196,,,,,,,,,,,,,,,,,,,,,,
CSuYWqiUgPoZyd3XbRcYpcHLsj9Y1W68vZGQT3unpump,FP1-RESEARCH-PROBE-LOOSE-0001,3,1787074555736262,1787074382000000,0,2,2,2,0,WAITING_FOR_IMPULSE,EXPIRED,ENTRY_WINDOW_EXPIRED,True,,,,,,,,,,,,,,,,,,,,,,,,,,,,,,
2DzaY8JsyKVs8ziDPFLxRkGgoFTqxmNuwKRtYXcwpump,FP1-RESEARCH-PROBE-LOOSE-0001,3,1787074544410553,1787074381000000,0,1,1,2,0,WAITING_FOR_IMPULSE,EXPIRED,ENTRY_WINDOW_EXPIRED,True,,,,,,,,,,,,,,,,,,,,,,,,,,,,,,
8EYfSF93MiiH9gQmvdJdiKU6k5o23nxmb7tLDREXpump,FP1-RESEARCH-PROBE-LOOSE-0001,3,1787074541523385,1787074381000000,0,18,6,2,0,WAITING_FOR_IMPULSE,EXPIRED,ENTRY_WINDOW_EXPIRED,True,,,,,,,,,,,,,,,,,,,,,,,,,,,,,,
DKAUEeRzjuSvBdy1DaiSksqFoPoaCqdxeajpUPbNpump,FP1-RESEARCH-PROBE-LOOSE-0001,3,1787074528327190,1787074380000000,0,3,3,2,0,WAITING_FOR_IMPULSE,EXPIRED,ENTRY_WINDOW_EXPIRED,True,,,,,,,,,,,,,,,,,,,,,,,,,,,,,,
DbwdNnEzi9hD2P7RJQK82ivDDeinWDEoH87a2554pump,FP1-RESEARCH-PROBE-LOOSE-0001,3,1787074519791969,1787074380000000,0,18,18,7,0,WAITING_FOR_RECLAIM,EXPIRED,ENTRY_WINDOW_EXPIRED,True,4,2399,2,2,2,7860000000,2618,8910,8587,8583,2859,5746,8628,5746,14313,5726,759,1,0,197530863,0,2,4,-15123217281,,,,,,
DCvevheRctueH3dHDQSid9KzJgAJEh8acUJgTEVqpump,FP1-RESEARCH-PROBE-LOOSE-0001,3,1787074516603314,1787074379000000,0,5,2,2,0,WAITING_FOR_IMPULSE,EXPIRED,ENTRY_WINDOW_EXPIRED,True,,,,,,,,,,,,,,,,,,,,,,,,,,,,,,
HMkBNZWxBNHAEcpVweWTKbCqyBMJfp4hb7BJ8Hztpump,FP1-RESEARCH-PROBE-LOOSE-0001,3,1787074511130907,1787074379000000,0,7,7,2,0,WAITING_FOR_IMPULSE,EXPIRED,ENTRY_WINDOW_EXPIRED,True,,,,,,,,,,,,,,,,,,,,,,,,,,,,,,
DvRoafGRApkKJW44JtMtb1tUb5iUrZ9yFBy6USBSpump,FP1-RESEARCH-PROBE-LOOSE-0001,3,1787074508558301,1787074379000000,0,45,37,7,0,CANDIDATE_SIGNAL,CANDIDATE_SIGNAL,RECLAIM_CONFIRMED,False,9,859,2,2,2,2607407405,5104,7998,31100,31091,1002,4735,35651,4735,62279,31179,230,1,0,348762834,0,1,0,348762834,238829,176550,-48,-4471,266,
4DvRmjC7quoLecw7DGZvZZ64V8bj6bBD31xfHzgfpump,FP1-RESEARCH-PROBE-LOOSE-0001,3,1787074497384630,1787074378000000,0,2,2,2,0,WAITING_FOR_IMPULSE,EXPIRED,ENTRY_WINDOW_EXPIRED,True,,,,,,,,,,,,,,,,,,,,,,,,,,,,,,
J9Kz7bkXMmJZQuLnn4CdUXpDMi9HpcB4B4HdEeQipump,FP1-RESEARCH-PROBE-LOOSE-0001,3,1787074481784339,1787074377000000,0,15,14,2,0,WAITING_FOR_IMPULSE,EXPIRED,ENTRY_WINDOW_EXPIRED,True,,,,,,,,,,,,,,,,,,,,,,,,,,,,,,
5fmWt6XZQMF4tCoP9RurvxGU8quiUJ7Q7Qp9Dyfapump,FP1-RESEARCH-PROBE-LOOSE-0001,3,1787074478814895,1787074376000000,0,1,1,2,0,WAITING_FOR_IMPULSE,EXPIRED,ENTRY_WINDOW_EXPIRED,True,,,,,,,,,,,,,,,,,,,,,,,,,,,,,,
5uVuCHVRNEm8R9AQXrBeJVVpz33jmeHSCrcfRHk9pump,FP1-RESEARCH-PROBE-LOOSE-0001,3,1787074467157821,1787074375000000,0,51,21,7,0,CANDIDATE_SIGNAL,CANDIDATE_SIGNAL,RECLAIM_CONFIRMED,False,41,1042,2,2,2,4118518516,8133,4468,21552,21511,1094,1094,21552,1094,27451,5899,395,1,1,720541218,-237,2,3,-732703958,35216,7765,3989,-331,444,
5wS4D62gwXBzgFmxZTyvhLEQAu6mAZuoGqppg5Yepump,FP1-RESEARCH-PROBE-LOOSE-0001,3,1787074464330440,1787074375000000,0,1,1,2,0,WAITING_FOR_IMPULSE,EXPIRED,ENTRY_WINDOW_EXPIRED,True,,,,,,,,,,,,,,,,,,,,,,,,,,,,,,
CW9La7oZyyDot6yKuh4Dg4DhFb5MabKni4n5NDP6pump,FP1-RESEARCH-PROBE-LOOSE-0001,3,1787074461221399,1787074375000000,0,3,2,2,0,WAITING_FOR_IMPULSE,EXPIRED,ENTRY_WINDOW_EXPIRED,True,,,,,,,,,,,,,,,,,,,,,,,,,,,,,,
E9bPPpWwXwH47tWAjBhhxKUwUBcPH2yyyCLMnjrapump,FP1-RESEARCH-PROBE-LOOSE-0001,3,1787074458655842,1787074375000000,0,2,1,2,0,WAITING_FOR_IMPULSE,EXPIRED,ENTRY_WINDOW_EXPIRED,True,,,,,,,,,,,,,,,,,,,,,,,,,,,,,,
77KC7TMEmAtjoMPnep2RHQdLXvjMHA1NdGkh1JwWpump,FP1-RESEARCH-PROBE-LOOSE-0001,3,1787074453588921,1787074374000000,0,1,1,2,0,WAITING_FOR_IMPULSE,EXPIRED,ENTRY_WINDOW_EXPIRED,True,,,,,,,,,,,,,,,,,,,,,,,,,,,,,,
EDHCpWLRMMF5o2YTC8uohMAFPUGQFN5eojFMeWympump,FP1-RESEARCH-PROBE-LOOSE-0001,3,1787074453564917,1787074374000000,0,1,1,2,0,WAITING_FOR_IMPULSE,EXPIRED,ENTRY_WINDOW_EXPIRED,True,,,,,,,,,,,,,,,,,,,,,,,,,,,,,,
Hnq2hZg727KG6zUEeetZAYFA8FwCbzBoByHYX5Lypump,FP1-RESEARCH-PROBE-LOOSE-0001,3,1787074450274572,1787074374000000,0,1,1,2,0,WAITING_FOR_IMPULSE,EXPIRED,ENTRY_WINDOW_EXPIRED,True,,,,,,,,,,,,,,,,,,,,,,,,,,,,,,
2Zdt9AyfpuuPPcA6hDPLGCGo3vY5ECcjHNQn1zczpump,FP1-RESEARCH-PROBE-LOOSE-0001,3,1787074444999643,1787074373000000,0,11,5,4,0,WAITING_FOR_PULLBACK,EXPIRED,ENTRY_WINDOW_EXPIRED,True,226070,745,3,2,2,1909108141,226214,1357,,,,,,,,,,,,,,,,,,,,,,
HM1YhBWxLGgupWe6yBzrbEpbomgGjAQcJxAFFDZGpump,FP1-RESEARCH-PROBE-LOOSE-0001,3,1787074438756423,1787074373000000,0,1,1,2,0,WAITING_FOR_IMPULSE,EXPIRED,ENTRY_WINDOW_EXPIRED,True,,,,,,,,,,,,,,,,,,,,,,,,,,,,,,
DwyH7U88sUricdcEYQvisraCWh7k5SPL4DuDBFTepump,FP1-RESEARCH-PROBE-LOOSE-0001,3,1787074430336500,1787074372000000,0,1,1,2,0,WAITING_FOR_IMPULSE,EXPIRED,ENTRY_WINDOW_EXPIRED,True,,,,,,,,,,,,,,,,,,,,,,,,,,,,,,
2m65x9kayW8sP4kJGPeaBqrARab7xXwTCGy9Fvjypump,FP1-RESEARCH-PROBE-LOOSE-0001,3,1787074430315496,1787074372000000,0,2,2,2,0,WAITING_FOR_IMPULSE,EXPIRED,ENTRY_WINDOW_EXPIRED,True,,,,,,,,,,,,,,,,,,,,,,,,,,,,,,
6CFK5Vgx2sifabWAtVXLvbEo4GYfNJdzDCXW8U4epump,FP1-RESEARCH-PROBE-LOOSE-0001,3,1787074430278500,1787074372000000,0,2,2,2,0,WAITING_FOR_IMPULSE,EXPIRED,ENTRY_WINDOW_EXPIRED,True,,,,,,,,,,,,,,,,,,,,,,,,,,,,,,
2A7A7BbiqcW8NGWrcoMJdQc8biJz9a34tK4SsSVy6PAt,FP1-RESEARCH-PROBE-LOOSE-0001,3,1787074428241568,1787074372000000,0,3,3,2,0,WAITING_FOR_IMPULSE,EXPIRED,ENTRY_WINDOW_EXPIRED,True,,,,,,,,,,,,,,,,,,,,,,,,,,,,,,
5wDNrUhJhDcFZJrAEbdjMQtafhxHJDkAwgCj3UU2pump,FP1-RESEARCH-PROBE-LOOSE-0001,3,1787074425684396,1787074371000000,0,43,33,1,0,DISCOVERED,EXPIRED,ENTRY_WINDOW_EXPIRED,True,,,,,,,,,,,,,,,,,,,,,,,,,,,,,,
2FfEbufT5Her6bRG13ihhH1Zhy2GM3K43GsBBxPKpump,FP1-RESEARCH-PROBE-LOOSE-0001,3,1787074425612397,1787074371000000,0,1,1,2,0,WAITING_FOR_IMPULSE,EXPIRED,ENTRY_WINDOW_EXPIRED,True,,,,,,,,,,,,,,,,,,,,,,,,,,,,,,
7BTSYg2r12vNFQW3Vb6Sd43LLHBKrTxNZm6NkqUBpump,FP1-RESEARCH-PROBE-LOOSE-0001,3,1787074423029392,1787074371000000,0,7,7,2,0,WAITING_FOR_IMPULSE,EXPIRED,ENTRY_WINDOW_EXPIRED,True,,,,,,,,,,,,,,,,,,,,,,,,,,,,,,
W7xyzgfzd7rwzSiAYwwRHvkDkKqrjDcX1cpKHqcpump,FP1-RESEARCH-PROBE-LOOSE-0001,3,1787074420732125,1787074371000000,0,3,3,2,0,WAITING_FOR_IMPULSE,EXPIRED,ENTRY_WINDOW_EXPIRED,True,,,,,,,,,,,,,,,,,,,,,,,,,,,,,,
HmSbqs5RvzjQ4mB2NVVyAitvwT4GQDb4Tan5cYPkpump,FP1-RESEARCH-PROBE-LOOSE-0001,3,1787074420702121,1787074371000000,0,2,2,2,0,WAITING_FOR_IMPULSE,EXPIRED,ENTRY_WINDOW_EXPIRED,True,,,,,,,,,,,,,,,,,,,,,,,,,,,,,,
AE1SturFmdGi1HqYGTmqK8dK3YCLUMsVtXsV7UdYpump,FP1-RESEARCH-PROBE-LOOSE-0001,3,1787074413632749,1787074370000000,0,3,3,2,0,WAITING_FOR_IMPULSE,EXPIRED,ENTRY_WINDOW_EXPIRED,True,,,,,,,,,,,,,,,,,,,,,,,,,,,,,,
3urpXYCnV8716FyeDSRazJ7JvZa164xNqM7JirxPpump,FP1-RESEARCH-PROBE-LOOSE-0001,3,1787074413622752,1787074370000000,0,3,3,2,0,WAITING_FOR_IMPULSE,EXPIRED,ENTRY_WINDOW_EXPIRED,True,,,,,,,,,,,,,,,,,,,,,,,,,,,,,,
Bg7xxgR5o8oKq9Fbx1a4SQ1YvuVyUmZK5etFxKRfpump,FP1-RESEARCH-PROBE-LOOSE-0001,3,1787074413508750,1787074370000000,0,20,20,6,0,WAITING_FOR_RESPONSE,EXPIRED,ENTRY_WINDOW_EXPIRED,True,18,1101,3,3,3,4770000000,4805,3607,100328,100310,2164,3926,281782,,,,,,,,,,,,,,,,,
H24paPKpU8KkRFJ73dUErzaD4gNTbcDJPM9VLZhJpump,FP1-RESEARCH-PROBE-LOOSE-0001,3,1787074411249303,1787074369000000,0,2,1,2,0,WAITING_FOR_IMPULSE,EXPIRED,ENTRY_WINDOW_EXPIRED,True,,,,,,,,,,,,,,,,,,,,,,,,,,,,,,
BWcKXzsCjCNHcYs8z6jDNTwyvHUkVC9K8k6eMjjrnSGh,FP1-RESEARCH-PROBE-LOOSE-0001,3,1787074403684742,1787074368000000,0,1,1,2,0,WAITING_FOR_IMPULSE,EXPIRED,ENTRY_WINDOW_EXPIRED,True,,,,,,,,,,,,,,,,,,,,,,,,,,,,,,
DtCP4gY5Uons82CVku1a94KKcDmqm2jD1318M66Bpump,FP1-RESEARCH-PROBE-LOOSE-0001,3,1787074399586738,1787074368000000,0,19,13,2,0,WAITING_FOR_IMPULSE,EXPIRED,ENTRY_WINDOW_EXPIRED,True,,,,,,,,,,,,,,,,,,,,,,,,,,,,,,
7jFRCtCpE9KQS8hYQDehAYP2ue5PAtJ9acucPjTMpump,FP1-RESEARCH-PROBE-LOOSE-0001,3,1787074399583741,1787074368000000,0,34,16,7,0,CANDIDATE_SIGNAL,CANDIDATE_SIGNAL,RECLAIM_CONFIRMED,False,23486,507,2,2,1,858799852,26014,6597,26066,2580,1000,4178,47757,4178,67494,41428,589,1,0,977777777,0,1,0,977777777,69168,1674,584,-3623,345,
BPE6SHTWbNmNs3vA6HbZLo76C9rpf1geBdFpZDdwe79f,FP1-RESEARCH-PROBE-LOOSE-0001,3,1787074397117744,1787074368000000,0,1,1,2,0,WAITING_FOR_IMPULSE,EXPIRED,ENTRY_WINDOW_EXPIRED,True,,,,,,,,,,,,,,,,,,,,,,,,,,,,,,
n4BVytvjRkSU3hafk2zxNWQBR1wteczSdyYfPXLpump,FP1-RESEARCH-PROBE-LOOSE-0001,3,1787074397086741,1787074367000000,0,3,3,2,0,WAITING_FOR_IMPULSE,EXPIRED,ENTRY_WINDOW_EXPIRED,True,,,,,,,,,,,,,,,,,,,,,,,,,,,,,,
8z32U1bfHnDLbvo64jTBrAeyy3xnrPEYZSBNAZu6pump,FP1-RESEARCH-PROBE-LOOSE-0001,3,1787074394627739,1787074367000000,0,1,1,2,0,WAITING_FOR_IMPULSE,EXPIRED,ENTRY_WINDOW_EXPIRED,True,,,,,,,,,,,,,,,,,,,,,,,,,,,,,,
HX8dshvtcPc2c9nd9GUGTnijhARLAzvkRBpyEPpBpump,FP1-RESEARCH-PROBE-LOOSE-0001,3,1787074394588741,1787074367000000,0,6,4,2,0,WAITING_FOR_IMPULSE,EXPIRED,ENTRY_WINDOW_EXPIRED,True,,,,,,,,,,,,,,,,,,,,,,,,,,,,,,
6YhBkxJx6DGBas5TUUxdt1vWz3Ab7MuBkEcaDtGEpump,FP1-RESEARCH-PROBE-LOOSE-0001,3,1787074392301677,1787074366000000,0,3,3,2,0,WAITING_FOR_IMPULSE,EXPIRED,ENTRY_WINDOW_EXPIRED,True,,,,,,,,,,,,,,,,,,,,,,,,,,,,,,
FDYN6nd3q6hrpCM8CToejR1i373Tr9F4jKsJXMHqpump,FP1-RESEARCH-PROBE-LOOSE-0001,3,1787074386932860,1787074366000000,0,3,3,2,0,WAITING_FOR_IMPULSE,EXPIRED,ENTRY_WINDOW_EXPIRED,True,,,,,,,,,,,,,,,,,,,,,,,,,,,,,,
Y3yF9gVu6wEfa7A2wvE5xyAGuuhPeHNVLbPnkcGpump,FP1-RESEARCH-PROBE-LOOSE-0001,3,1787074381924828,1787074365000000,0,62,42,6,0,WAITING_FOR_RESPONSE,EXPIRED,ENTRY_WINDOW_EXPIRED,True,21725,978,7,4,1,987654320,202615,2366,292119,270394,1072,1650,292142,,,,,,,,,,,,,,,,,
CjdyjBZaqePt8EKGSSCEAGxjrAUavaR5UUikcJvDpump,FP1-RESEARCH-PROBE-LOOSE-0001,3,1787074381884826,1787074365000000,0,21,18,2,0,WAITING_FOR_IMPULSE,EXPIRED,ENTRY_WINDOW_EXPIRED,True,,,,,,,,,,,,,,,,,,,,,,,,,,,,,,
BcNwfyLe29Bk1ZdRgSv4NjXLrAbVWkd3gCdy6139vLgp,FP1-RESEARCH-PROBE-LOOSE-0001,3,1787074381822826,1787074365000000,0,11,7,4,0,WAITING_FOR_PULLBACK,EXPIRED,ENTRY_WINDOW_EXPIRED,True,15,702,3,3,3,2444444444,10472,1145,,,,,,,,,,,,,,,,,,,,,,
Ff1WtZ5mcqjoDaYqEysuGU3Y4TAntBQc4k5BYx3Wpump,FP1-RESEARCH-PROBE-LOOSE-0001,3,1787074379071328,1787074365000000,0,3,3,2,0,WAITING_FOR_IMPULSE,EXPIRED,ENTRY_WINDOW_EXPIRED,True,,,,,,,,,,,,,,,,,,,,,,,,,,,,,,
3bqT5qATzGz6bUt5VkoPZWL4W4vjuY5eVbsfUjXGpump,FP1-RESEARCH-PROBE-LOOSE-0001,3,1787074378983333,1787074364000000,0,1,1,2,0,WAITING_FOR_IMPULSE,EXPIRED,ENTRY_WINDOW_EXPIRED,True,,,,,,,,,,,,,,,,,,,,,,,,,,,,,,
9a7vJiGcQC4J7sM6gZPgxZx4ezqsgbcYdVV6tpBQpump,FP1-RESEARCH-PROBE-LOOSE-0001,3,1787074374005560,1787074364000000,0,1,1,2,0,WAITING_FOR_IMPULSE,EXPIRED,ENTRY_WINDOW_EXPIRED,True,,,,,,,,,,,,,,,,,,,,,,,,,,,,,,
MPCGUZ9fXaeCuLRjmDadPqtAjNJTkd3oZJqsTdKpump,FP1-RESEARCH-PROBE-LOOSE-0001,3,1787074371610493,1787074364000000,0,3,3,2,0,WAITING_FOR_IMPULSE,EXPIRED,ENTRY_WINDOW_EXPIRED,True,,,,,,,,,,,,,,,,,,,,,,,,,,,,,,
FcPgK56ngstaXxisMByDXmFW2r8Mrg5oMc8tqSQspump,FP1-RESEARCH-PROBE-LOOSE-0001,3,1787074371597494,1787074364000000,0,4,4,2,0,WAITING_FOR_IMPULSE,EXPIRED,ENTRY_WINDOW_EXPIRED,True,,,,,,,,,,,,,,,,,,,,,,,,,,,,,,
Z2xDpLQTh7igJEaAy25ph2VA5gVEpFRrEJ4TUU1pump,FP1-RESEARCH-PROBE-LOOSE-0001,3,1787074371566001,1787074363000000,0,114,40,9,1,CANDIDATE_SIGNAL,CANDIDATE_SIGNAL,RECLAIM_CONFIRMED,False,7467,2555,6,3,1,110688261,7467,2555,15351,7884,3327,4534,133764,3327,37212,21861,6168,1,0,171452487,0,1,0,171452487,165717,128505,-2070,-4146,1225,
F6RGSDn9WQ22UZ2Fntwskw6e6Gp4h1oAdtvY4PW6pump,FP1-RESEARCH-PROBE-LOOSE-0001,3,1787074369244607,1787074363000000,0,61,22,7,0,WAITING_FOR_RECLAIM,EXPIRED,ENTRY_WINDOW_EXPIRED,True,92142,3731,13,2,1,49382715,175051,6918,192623,100481,1767,1767,192623,1767,299069,106446,2298,1,0,23249841,0,1,0,23249841,,,,,,
DaBj1QqbYwoeRfT2JVMeBouGoB5i9RBmXxNBVbCHpump,FP1-RESEARCH-PROBE-LOOSE-0001,3,1787074369167607,1787074363000000,0,20,6,4,0,WAITING_FOR_PULLBACK,EXPIRED,ENTRY_WINDOW_EXPIRED,True,66797,1486,4,2,1,16733455,128874,4444,,,,,,,,,,,,,,,,,,,,,,
Frc2DmXyxLvTVx4DJCcgH15xLtY9P3YEWPraEdp2pump,FP1-RESEARCH-PROBE-LOOSE-0001,3,1787074366441324,1787074363000000,0,61,12,7,0,CANDIDATE_SIGNAL,CANDIDATE_SIGNAL,RECLAIM_CONFIRMED,False,2779,1538,2,2,2,386567245,7516,4199,17817,15038,1319,5912,30703,5912,37204,19387,3571,1,0,391221314,0,2,2,-648625578,39645,2441,-1038,-3688,1377,
BmzJ5BzNEbHXvy84BYcb8w8b3RU6BgkH6S34UXnvpump,FP1-RESEARCH-PROBE-LOOSE-0001,3,1787074366382324,1787074363000000,0,50,38,4,0,WAITING_FOR_PULLBACK,EXPIRED,ENTRY_WINDOW_EXPIRED,True,259497,5762,32,3,2,664514886,267512,10180,,,,,,,,,,,,,,,,,,,,,,
EfcAjjbHAh2cgHbEaAYqF8qgz8xsG6UxRvmL9sihxYvJ,FP1-RESEARCH-PROBE-LOOSE-0001,3,1787074366366324,1787074363000000,0,36,32,6,0,WAITING_FOR_RESPONSE,EXPIRED,ENTRY_WINDOW_EXPIRED,True,12551,984,6,2,2,1669772786,25960,2658,102907,90356,1772,2404,128437,,,,,,,,,,,,,,,,,
AETBZopyr2hVaoqPG4d9Zdoy13JuutUyW36Zx5LTpump,FP1-RESEARCH-PROBE-LOOSE-0001,3,1787074364046665,1787074363000000,0,2,2,2,0,WAITING_FOR_IMPULSE,EXPIRED,ENTRY_WINDOW_EXPIRED,True,,,,,,,,,,,,,,,,,,,,,,,,,,,,,,
qdERCB3H4HuusXJaaZH6WanasYxZ83RQyNsjSAkpump,FP1-RESEARCH-PROBE-LOOSE-0001,3,1787074364042665,1787074363000000,0,3,2,2,0,WAITING_FOR_IMPULSE,EXPIRED,ENTRY_WINDOW_EXPIRED,True,,,,,,,,,,,,,,,,,,,,,,,,,,,,,,
2C6NBJszGUgiDDSwAzzvWT8kPDBv3aaC2Vh2GZqApump,FP1-RESEARCH-PROBE-LOOSE-0001,3,1787074364011666,1787074362000000,0,2,1,2,0,WAITING_FOR_IMPULSE,EXPIRED,ENTRY_WINDOW_EXPIRED,True,,,,,,,,,,,,,,,,,,,,,,,,,,,,,,
BeKQ9B9W9fmaXiEFiE5574Kjyw9tT5psUjFiBJvZpump,FP1-RESEARCH-PROBE-LOOSE-0001,3,1787074363993670,1787074362000000,0,5,4,2,0,WAITING_FOR_IMPULSE,EXPIRED,ENTRY_WINDOW_EXPIRED,True,,,,,,,,,,,,,,,,,,,,,,,,,,,,,,
24qPHs5KK7wqr9nqTStFUqsmwsFxUiCor8jQu9Qipump,FP1-RESEARCH-PROBE-LOOSE-0001,3,1787074363990667,1787074362000000,0,23,21,4,0,WAITING_FOR_PULLBACK,INVALIDATED,PULLBACK_TOO_DEEP,False,200787,974,18,2,1,16761070,200787,974,,,,6412,215269,,,,,,,,,,,,,,,,,
4V52oK8McmdFgCbawStfiAydbw3rnppfiTMxAPWVpump,FP1-RESEARCH-PROBE-LOOSE-0001,3,1787074363952666,1787074362000000,0,8,8,2,0,WAITING_FOR_IMPULSE,EXPIRED,ENTRY_WINDOW_EXPIRED,True,,,,,,,,,,,,,,,,,,,,,,,,,,,,,,
24qPCKdD7pyyneLVu8MnAEvGjBZuc2sDHiR1wsdppump,FP1-RESEARCH-PROBE-LOOSE-0001,3,1787074363896667,1787074362000000,0,17,14,2,0,WAITING_FOR_IMPULSE,EXPIRED,ENTRY_WINDOW_EXPIRED,True,,,,,,,,,,,,,,,,,,,,,,,,,,,,,,
YEcyStyHF112GtRXHJFagkqSAuGenSnVqCX3e7fpump,FP1-RESEARCH-PROBE-LOOSE-0001,3,1787074363881667,1787074362000000,0,3,3,2,0,WAITING_FOR_IMPULSE,EXPIRED,ENTRY_WINDOW_EXPIRED,True,,,,,,,,,,,,,,,,,,,,,,,,,,,,,,
YKWaWhTTfvaPWjo4Qm5rotj5ECu9sCsVy237PEipump,FP1-RESEARCH-PROBE-LOOSE-0001,3,1787074363861666,1787074362000000,0,149,116,7,0,WAITING_FOR_RECLAIM,EXPIRED,ENTRY_WINDOW_EXPIRED,True,52394,502,20,17,2,336276723,231437,2117,234082,181688,1029,3266,256945,3266,278413,44331,239,1,0,163981869,0,4,0,507423853,,,,,,
BhP2FJ1JD7oRHKk8axeup9WG6X7c3NPuDEkb1X8ypump,FP1-RESEARCH-PROBE-LOOSE-0001,3,1787074362604196,1787074362000000,0,2,2,2,0,WAITING_FOR_IMPULSE,EXPIRED,ENTRY_WINDOW_EXPIRED,True,,,,,,,,,,,,,,,,,,,,,,,,,,,,,,
AHbVsNsNSMXkFFyJCb79CicBCUGu7RkDfWDdjy7ipump,FP1-RESEARCH-PROBE-LOOSE-0001,3,1787074362576195,1787074362000000,0,19,16,2,0,WAITING_FOR_IMPULSE,EXPIRED,ENTRY_WINDOW_EXPIRED,True,,,,,,,,,,,,,,,,,,,,,,,,,,,,,,
EqQxpgUiaL7WRGwoeBzAwmHtZRJqE6nsuxsZooZRpump,FP1-RESEARCH-PROBE-LOOSE-0001,3,1787074362564194,1787074362000000,0,189,29,7,0,CANDIDATE_SIGNAL,CANDIDATE_SIGNAL,RECLAIM_CONFIRMED,False,13903,1033,10,2,2,1522476671,32121,7739,32173,18270,2539,2539,32173,2539,36985,4812,1304,6,0,825329285,1294,11,2,299193296,41072,4087,8728,0,2518,
2MUW4ws73FHu5B5DuBk2ac1s1Rb9UPDZM8Gx5rMDpump,FP1-RESEARCH-PROBE-LOOSE-0001,3,1787074362549194,1787074362000000,0,40,40,1,0,DISCOVERED,EXPIRED,ENTRY_WINDOW_EXPIRED,True,,,,,,,,,,,,,,,,,,,,,,,,,,,,,,
4ZX6tYHowWFoGnHh44HtR54x8ictQWKBHbYPbuKApump,FP1-RESEARCH-PROBE-LOOSE-0001,3,1787074362542194,1787074362000000,0,207,140,2,0,WAITING_FOR_IMPULSE,EXPIRED,ENTRY_WINDOW_EXPIRED,True,,,,,,,,,,,,,,,,,,,,,,,,,,,,,,
J8gmXhSmPEjZu6A5UZDL49r4cJGLRkwDVG6CoPkfpump,FP1-RESEARCH-PROBE-LOOSE-0001,3,1787074356193455,1787074102000000,0,2,2,2,0,WAITING_FOR_IMPULSE,EXPIRED,ENTRY_WINDOW_EXPIRED,True,,,,,,,,,,,,,,,,,,,,,,,,,,,,,,
33WbdhuLAtmNHY9Y7ALCC6HwswHerN5kYzC2AviGpump,FP1-RESEARCH-PROBE-LOOSE-0001,3,1787074348603752,1787074101000000,0,1,1,2,0,WAITING_FOR_IMPULSE,EXPIRED,ENTRY_WINDOW_EXPIRED,True,,,,,,,,,,,,,,,,,,,,,,,,,,,,,,
7Uwg48zdxx17cBQ1TH568eM5yrqnFvXC1sK6qrU7pump,FP1-RESEARCH-PROBE-LOOSE-0001,3,1787074345810100,1787074101000000,0,5,4,2,0,WAITING_FOR_IMPULSE,EXPIRED,ENTRY_WINDOW_EXPIRED,True,,,,,,,,,,,,,,,,,,,,,,,,,,,,,,
4FnqCuT1AxJzsBEzrFxYJpzKYFv2JqGLsrktpaHApump,FP1-RESEARCH-PROBE-LOOSE-0001,3,1787074345782098,1787074101000000,0,3,1,2,0,WAITING_FOR_IMPULSE,EXPIRED,ENTRY_WINDOW_EXPIRED,True,,,,,,,,,,,,,,,,,,,,,,,,,,,,,,
2diUc6WN1DPsVZHLovYdApc3Ark3VRiVhinyGj4Lpump,FP1-RESEARCH-PROBE-LOOSE-0001,3,1787074345719098,1787074101000000,0,13,1,2,0,WAITING_FOR_IMPULSE,EXPIRED,ENTRY_WINDOW_EXPIRED,True,,,,,,,,,,,,,,,,,,,,,,,,,,,,,,
D5nGbpuyLAYxG9XJjZ3WPmkMWoBJ42cKsr8tDwvkpump,FP1-RESEARCH-PROBE-LOOSE-0001,3,1787074338092616,1787074100000000,0,2,2,3,0,IMPULSE_CONFIRMED,EXPIRED,ENTRY_WINDOW_EXPIRED,True,3,596,2,2,2,1760000000,3,596,,,,,,,,,,,,,,,,,,,,,,
34EgELnsALPfAZjeajmjfdbF5rxYkhEqC7kX1wNuNexi,FP1-RESEARCH-PROBE-LOOSE-0001,3,1787074338044616,1787074100000000,0,1,1,2,0,WAITING_FOR_IMPULSE,EXPIRED,ENTRY_WINDOW_EXPIRED,True,,,,,,,,,,,,,,,,,,,,,,,,,,,,,,
5bym3pheUDteKVKK9PBbzzUw1TuJ9P9ismTPiLVVpump,FP1-RESEARCH-PROBE-LOOSE-0001,3,1787074320268542,1787074099000000,0,2,2,2,0,WAITING_FOR_IMPULSE,EXPIRED,ENTRY_WINDOW_EXPIRED,True,,,,,,,,,,,,,,,,,,,,,,,,,,,,,,
hESwD9ZDMipam1WPSnPea2TnRspx5ZqRgcLm5n7pump,FP1-RESEARCH-PROBE-LOOSE-0001,3,1787074315681503,1787074099000000,0,1,1,2,0,WAITING_FOR_IMPULSE,EXPIRED,ENTRY_WINDOW_EXPIRED,True,,,,,,,,,,,,,,,,,,,,,,,,,,,,,,
2QhCAuKx8Ni13CFYKbUNNh8JQRtS3Gd1h4x7n6Fppump,FP1-RESEARCH-PROBE-LOOSE-0001,3,1787074311446238,1787074098000000,0,1,1,2,0,WAITING_FOR_IMPULSE,EXPIRED,ENTRY_WINDOW_EXPIRED,True,,,,,,,,,,,,,,,,,,,,,,,,,,,,,,
AD7oDS8r34jmEd7VFAAtomdwHoSWKe2u62dyRokq36k5,FP1-RESEARCH-PROBE-LOOSE-0001,3,1787074305273331,1787074098000000,0,1,1,2,0,WAITING_FOR_IMPULSE,EXPIRED,ENTRY_WINDOW_EXPIRED,True,,,,,,,,,,,,,,,,,,,,,,,,,,,,,,
FjjZgHNigpF69N6A3Sy8purs6RfiZDq86aoJw62Ppump,FP1-RESEARCH-PROBE-LOOSE-0001,3,1787074300684433,1787074098000000,0,1,1,2,0,WAITING_FOR_IMPULSE,EXPIRED,ENTRY_WINDOW_EXPIRED,True,,,,,,,,,,,,,,,,,,,,,,,,,,,,,,
HuzjVH4nkHV8YkrS898HunEvwam9Q2MQYiQqaTLfwSRg,FP1-RESEARCH-PROBE-LOOSE-0001,3,1787074295714885,1787074097000000,0,7,5,4,0,WAITING_FOR_PULLBACK,EXPIRED,ENTRY_WINDOW_EXPIRED,True,2525,512,3,3,3,986574226,33529,1042,,,,,,,,,,,,,,,,,,,,,,
GRmCFi2ebbyrq6UoXbonNmHovQehVcuX1vTfiqgypump,FP1-RESEARCH-PROBE-LOOSE-0001,3,1787074295594888,1787074097000000,0,2,2,2,0,WAITING_FOR_IMPULSE,EXPIRED,ENTRY_WINDOW_EXPIRED,True,,,,,,,,,,,,,,,,,,,,,,,,,,,,,,
7pPAU3GB6Ytf6HqQBZVA2wn96KdjaZJgkmGK8hijpump,FP1-RESEARCH-PROBE-LOOSE-0001,3,1787074293240434,1787074097000000,0,7,7,6,0,WAITING_FOR_RESPONSE,EXPIRED,ENTRY_WINDOW_EXPIRED,True,18279,2604,2,2,1,64296295,18279,2604,33693,15414,1372,1372,33693,,,,,,,,,,,,,,,,,
7VNRBcFqKhBoyQGHahrzczBxzBEkBFsdzDTYAsD2pump,FP1-RESEARCH-PROBE-LOOSE-0001,3,1787074293199434,1787074097000000,0,3,3,2,0,WAITING_FOR_IMPULSE,EXPIRED,ENTRY_WINDOW_EXPIRED,True,,,,,,,,,,,,,,,,,,,,,,,,,,,,,,
FeAcCRqXAV3Y1FyrZBdDfLoGcUMj9rAUfrd5PpFnpump,FP1-RESEARCH-PROBE-LOOSE-0001,3,1787074293130918,1787074097000000,0,16,16,6,0,WAITING_FOR_RESPONSE,EXPIRED,ENTRY_WINDOW_EXPIRED,True,24,2517,2,2,2,9158000000,38424,6350,60648,60624,1188,1514,65759,,,,,,,,,,,,,,,,,
Bydzbc3QtT7TnXgUsaKqdYMmFBeFAe643gXRgtcYpump,FP1-RESEARCH-PROBE-LOOSE-0001,3,1787074290492485,1787074097000000,0,1,1,2,0,WAITING_FOR_IMPULSE,EXPIRED,ENTRY_WINDOW_EXPIRED,True,,,,,,,,,,,,,,,,,,,,,,,,,,,,,,
2yJiDwF96ubSNj3iess9z8sVenQQia2Ka7fSuoFUpump,FP1-RESEARCH-PROBE-LOOSE-0001,3,1787074285390661,1787074097000000,0,1,1,1,0,DISCOVERED,EXPIRED,ENTRY_WINDOW_EXPIRED,True,,,,,,,,,,,,,,,,,,,,,,,,,,,,,,
QX2FVJn6jnb1gKRvKREsLtEMrEWZZzzyRhMy138pump,FP1-RESEARCH-PROBE-LOOSE-0001,3,1787074265329937,1787074096000000,0,5,3,2,0,WAITING_FOR_IMPULSE,EXPIRED,ENTRY_WINDOW_EXPIRED,True,,,,,,,,,,,,,,,,,,,,,,,,,,,,,,
2vyJN75DNMWhqoaY5f51L9Ls32X9aLcBS3qTDfjwpump,FP1-RESEARCH-PROBE-LOOSE-0001,3,1787074248122855,1787074095000000,0,5,2,2,0,WAITING_FOR_IMPULSE,EXPIRED,ENTRY_WINDOW_EXPIRED,True,,,,,,,,,,,,,,,,,,,,,,,,,,,,,,
8owFxWD9o3psSC4vbTr4Hx61DwnYEZF67VaPsjdhpump,FP1-RESEARCH-PROBE-LOOSE-0001,3,1787074243563277,1787074095000000,0,1,1,2,0,WAITING_FOR_IMPULSE,EXPIRED,ENTRY_WINDOW_EXPIRED,True,,,,,,,,,,,,,,,,,,,,,,,,,,,,,,
AqifVBD2QWjdK57CP7WaTKoVGAV7SxuBHCidi4ZCpump,FP1-RESEARCH-PROBE-LOOSE-0001,3,1787074241604872,1787074095000000,0,1,1,2,0,WAITING_FOR_IMPULSE,EXPIRED,ENTRY_WINDOW_EXPIRED,True,,,,,,,,,,,,,,,,,,,,,,,,,,,,,,
55Av5fdwkJ5GzUA2YDhCJdgdVHe8do4wZ3Z7hYLpump,FP1-RESEARCH-PROBE-LOOSE-0001,3,1787074222902171,1787074094000000,0,4,4,4,0,WAITING_FOR_PULLBACK,EXPIRED,ENTRY_WINDOW_EXPIRED,True,88602,631,2,2,1,977777777,88602,631,,,,,,,,,,,,,,,,,,,,,,
7q4VDEHX1GjWQSx94hqSmPwxUq65LNfxoYHCF8mYpump,FP1-RESEARCH-PROBE-LOOSE-0001,3,1787074216668604,1787074093000000,0,1,1,2,0,WAITING_FOR_IMPULSE,EXPIRED,ENTRY_WINDOW_EXPIRED,True,,,,,,,,,,,,,,,,,,,,,,,,,,,,,,
6juVPMLPFzX4nx2eWmMjQw1MZvG1rdgW35da3R7hpump,FP1-RESEARCH-PROBE-LOOSE-0001,3,1787074206184681,1787074092000000,0,2,2,2,0,WAITING_FOR_IMPULSE,EXPIRED,ENTRY_WINDOW_EXPIRED,True,,,,,,,,,,,,,,,,,,,,,,,,,,,,,,
E6qq6xnfHqWKEP9nmD3aZuzEaPE5Rd9h2MVCCahUpump,FP1-RESEARCH-PROBE-LOOSE-0001,3,1787074204083523,1787074092000000,0,1,1,2,0,WAITING_FOR_IMPULSE,EXPIRED,ENTRY_WINDOW_EXPIRED,True,,,,,,,,,,,,,,,,,,,,,,,,,,,,,,
E389bNEBPBuNkovrFf6LuvY4LTuEjD8d9qwY8TaCpump,FP1-RESEARCH-PROBE-LOOSE-0001,3,1787074201943234,1787074092000000,0,1,1,1,0,DISCOVERED,EXPIRED,ENTRY_WINDOW_EXPIRED,True,,,,,,,,,,,,,,,,,,,,,,,,,,,,,,
AYWNRcfuhd27vBqn8cv32WsoLB2PBA5ioVHxv5dypump,FP1-RESEARCH-PROBE-LOOSE-0001,3,1787074198186756,1787074092000000,0,1,1,2,0,WAITING_FOR_IMPULSE,EXPIRED,ENTRY_WINDOW_EXPIRED,True,,,,,,,,,,,,,,,,,,,,,,,,,,,,,,
4tF99sxoYQrFRjezqwSyyENU4jXuQzXf8gfvbsYTpump,FP1-RESEARCH-PROBE-LOOSE-0001,3,1787074191499042,1787074091000000,0,1,1,2,0,WAITING_FOR_IMPULSE,EXPIRED,ENTRY_WINDOW_EXPIRED,True,,,,,,,,,,,,,,,,,,,,,,,,,,,,,,
DRGR73fa8r7V9FRDra2yVntgzYzGJ7bz9MZZYJotpump,FP1-RESEARCH-PROBE-LOOSE-0001,3,1787074191348042,1787074091000000,0,150,28,7,0,CANDIDATE_SIGNAL,CANDIDATE_SIGNAL,RECLAIM_CONFIRMED,False,62,3157,2,2,2,9000000000,20772,5190,96660,96598,2760,2760,96660,2760,104310,7650,2624,1,0,391111111,0,5,2,-1389673243,106748,2438,4297,-588,297,
DBHwozihHGPzAVmcDpywrrVBKaBedeUCyAHSoSzCiwcD,FP1-RESEARCH-PROBE-LOOSE-0001,3,1787074183960775,1787074091000000,0,2,2,2,0,WAITING_FOR_IMPULSE,EXPIRED,ENTRY_WINDOW_EXPIRED,True,,,,,,,,,,,,,,,,,,,,,,,,,,,,,,
BxmxMxrVG3JkxVjpisa4hYshFfcjQNQErZkLKeHypump,FP1-RESEARCH-PROBE-LOOSE-0001,3,1787074179136241,1787074090000000,0,1,1,2,0,WAITING_FOR_IMPULSE,EXPIRED,ENTRY_WINDOW_EXPIRED,True,,,,,,,,,,,,,,,,,,,,,,,,,,,,,,
9zukSeYGv8FaoEqrp7oU7Zc4TLepW25cRaNKrA9Apump,FP1-RESEARCH-PROBE-LOOSE-0001,3,1787074177004463,1787074090000000,0,2,2,2,0,WAITING_FOR_IMPULSE,EXPIRED,ENTRY_WINDOW_EXPIRED,True,,,,,,,,,,,,,,,,,,,,,,,,,,,,,,
3mkfMXLDDoEv3Bzn8PEkkmt9if76xc3vZfQWuDv6pump,FP1-RESEARCH-PROBE-LOOSE-0001,3,1787074176949463,1787074090000000,0,18,18,6,0,WAITING_FOR_RESPONSE,EXPIRED,ENTRY_WINDOW_EXPIRED,True,141091,1647,12,3,1,15407268,141091,1647,154608,13517,1267,1491,179185,,,,,,,,,,,,,,,,,
sHhR1nBVjY9ku3py7H4c1NGfG7oq6DME2r4PWGFpump,FP1-RESEARCH-PROBE-LOOSE-0001,3,1787074165320247,1787074089000000,0,4,3,1,0,DISCOVERED,EXPIRED,ENTRY_WINDOW_EXPIRED,True,,,,,,,,,,,,,,,,,,,,,,,,,,,,,,
5GB8uyhAfGuMx47gidCvKCad5gwP9sz1AtMYEtnLpump,FP1-RESEARCH-PROBE-LOOSE-0001,3,1787074161888464,1787074089000000,0,1,1,2,0,WAITING_FOR_IMPULSE,EXPIRED,ENTRY_WINDOW_EXPIRED,True,,,,,,,,,,,,,,,,,,,,,,,,,,,,,,
4rCRgEBfdn6ZFnSB53Mp7mKAf6pWX3nnSeGoqLaqpump,FP1-RESEARCH-PROBE-LOOSE-0001,3,1787074157506105,1787074089000000,0,1,1,2,0,WAITING_FOR_IMPULSE,EXPIRED,ENTRY_WINDOW_EXPIRED,True,,,,,,,,,,,,,,,,,,,,,,,,,,,,,,
659umAgn8SwXRqch9SJzuAbS7J8i6awyPQhvJFdwpump,FP1-RESEARCH-PROBE-LOOSE-0001,3,1787074155028647,1787074089000000,0,311,3,2,0,WAITING_FOR_IMPULSE,EXPIRED,ENTRY_WINDOW_EXPIRED,True,,,,,,,,,,,,,,,,,,,,,,,,,,,,,,
Cdgf9NRzCM7suQCHYf71mDLxrw4HzSNQHZnP3yexpump,FP1-RESEARCH-PROBE-LOOSE-0001,3,1787074152472096,1787074088000000,0,3,3,2,0,WAITING_FOR_IMPULSE,EXPIRED,ENTRY_WINDOW_EXPIRED,True,,,,,,,,,,,,,,,,,,,,,,,,,,,,,,
8dcTVFWTY5dEFsonZxiGmuBpKh9CkJo1hgjuJC8Fpump,FP1-RESEARCH-PROBE-LOOSE-0001,3,1787074148148561,1787074088000000,0,3,2,2,0,WAITING_FOR_IMPULSE,EXPIRED,ENTRY_WINDOW_EXPIRED,True,,,,,,,,,,,,,,,,,,,,,,,,,,,,,,
CQeDgFajjEBNDeyi6P9XToGskjy1s1LRJ5dSXH6Xpump,FP1-RESEARCH-PROBE-LOOSE-0001,3,1787074148107861,1787074088000000,0,3,3,2,0,WAITING_FOR_IMPULSE,EXPIRED,ENTRY_WINDOW_EXPIRED,True,,,,,,,,,,,,,,,,,,,,,,,,,,,,,,
CGZK9UxGJXH2Phzb7B6RHnjxKJoYsRGT2toEaU5ipump,FP1-RESEARCH-PROBE-LOOSE-0001,3,1787074140881382,1787074087000000,0,2,2,2,0,WAITING_FOR_IMPULSE,EXPIRED,ENTRY_WINDOW_EXPIRED,True,,,,,,,,,,,,,,,,,,,,,,,,,,,,,,
3bczSgaiPNK7qUSyRG7snp2LEfoJeVEDpKUAPYZmpump,FP1-RESEARCH-PROBE-LOOSE-0001,3,1787074140669353,1787074087000000,0,3,3,2,0,WAITING_FOR_IMPULSE,EXPIRED,ENTRY_WINDOW_EXPIRED,True,,,,,,,,,,,,,,,,,,,,,,,,,,,,,,
A2xfCk9dPC4fDBWS38fhFhf8P6M1TjoxQRYxK4wZ9kWV,FP1-RESEARCH-PROBE-LOOSE-0001,3,1787074140541354,1787074087000000,0,23,17,7,0,CANDIDATE_SIGNAL,CANDIDATE_SIGNAL,RECLAIM_CONFIRMED,False,71,803,2,2,2,4300000000,9963,3905,28835,28764,1029,1736,50887,1736,63483,34648,503,1,0,879563301,0,1,0,879563301,63529,46,2616,-927,453,
2s6vF7dW6yAmGTVFnmrbbwy1zc4tidirS9de9FpRpump,FP1-RESEARCH-PROBE-LOOSE-0001,3,1787074136190245,1787074087000000,0,5,5,2,0,WAITING_FOR_IMPULSE,EXPIRED,ENTRY_WINDOW_EXPIRED,True,,,,,,,,,,,,,,,,,,,,,,,,,,,,,,
4V1GYsgpPBzhaz21wQCJZEshQMb11cVVW61MuuSnpump,FP1-RESEARCH-PROBE-LOOSE-0001,3,1787074133824986,1787074086000000,0,1,1,2,0,WAITING_FOR_IMPULSE,EXPIRED,ENTRY_WINDOW_EXPIRED,True,,,,,,,,,,,,,,,,,,,,,,,,,,,,,,
Bu1HgSPsrq3ePENKaKAsQ38U3K65PEgg1YXLDBqdpump,FP1-RESEARCH-PROBE-LOOSE-0001,3,1787074131466015,1787074086000000,0,25,14,11,2,WAITING_FOR_RECLAIM,EXPIRED,ENTRY_WINDOW_EXPIRED,True,11816,893,3,2,1,7224198,14229,6276,42930,31114,1822,5991,103845,4533,61817,18887,286,1,0,1204746,0,1,2,-38605577,,,,,,
HNZvPXcK6b7T11A6nLH7etYrcMXwfmqXiAv5G3Qrpump,FP1-RESEARCH-PROBE-LOOSE-0001,3,1787074128946090,1787074086000000,0,3,3,2,0,WAITING_FOR_IMPULSE,EXPIRED,ENTRY_WINDOW_EXPIRED,True,,,,,,,,,,,,,,,,,,,,,,,,,,,,,,
BprzdEi6ENbXHukVLrNE6KpJa6NeZkouzE2Fwzsk1gKz,FP1-RESEARCH-PROBE-LOOSE-0001,3,1787074127006659,1787074085000000,0,1,1,2,0,WAITING_FOR_IMPULSE,EXPIRED,ENTRY_WINDOW_EXPIRED,True,,,,,,,,,,,,,,,,,,,,,,,,,,,,,,
CbhpVzasKoGuNKFaiKKBMfpiBxwYuVSLQPBuW8Cypump,FP1-RESEARCH-PROBE-LOOSE-0001,3,1787074122163098,1787074084000000,0,18,11,2,0,WAITING_FOR_IMPULSE,EXPIRED,ENTRY_WINDOW_EXPIRED,True,,,,,,,,,,,,,,,,,,,,,,,,,,,,,,
FGSFfV4oYKjFSydwovbLZdTFKDMR56GU4djcqgkXpump,FP1-RESEARCH-PROBE-LOOSE-0001,3,1787074119782731,1787074084000000,0,3,3,2,0,WAITING_FOR_IMPULSE,EXPIRED,ENTRY_WINDOW_EXPIRED,True,,,,,,,,,,,,,,,,,,,,,,,,,,,,,,
89Rv8kZ5AwRPpkHB4g52kWi4bRw8G9PBs7ZD28kXpump,FP1-RESEARCH-PROBE-LOOSE-0001,3,1787074117213096,1787074084000000,0,11,4,2,0,WAITING_FOR_IMPULSE,EXPIRED,ENTRY_WINDOW_EXPIRED,True,,,,,,,,,,,,,,,,,,,,,,,,,,,,,,
CmNBhLRd6i6LT5ZVJaUiFYxDcfq3qxX8oeYpHPWypump,FP1-RESEARCH-PROBE-LOOSE-0001,3,1787074113176646,1787074084000000,0,3,3,2,0,WAITING_FOR_IMPULSE,EXPIRED,ENTRY_WINDOW_EXPIRED,True,,,,,,,,,,,,,,,,,,,,,,,,,,,,,,
8YS1kYVEdQKPR7ZQszF9jiHgbTWHWXiZkAt3q49Apump,FP1-RESEARCH-PROBE-LOOSE-0001,3,1787074113102640,1787074084000000,0,1,1,2,0,WAITING_FOR_IMPULSE,EXPIRED,ENTRY_WINDOW_EXPIRED,True,,,,,,,,,,,,,,,,,,,,,,,,,,,,,,
8yvq6Eu9Z9ZWAva7afHya8UiouQFH9ZCX9LtjR1Npump,FP1-RESEARCH-PROBE-LOOSE-0001,3,1787074110941838,1787074083000000,0,3,3,2,0,WAITING_FOR_IMPULSE,EXPIRED,ENTRY_WINDOW_EXPIRED,True,,,,,,,,,,,,,,,,,,,,,,,,,,,,,,
BG8jQaEW16LGtsuoN4QfSYSrCEm5Ckej7VsN8xMUpump,FP1-RESEARCH-PROBE-LOOSE-0001,3,1787074108585052,1787074083000000,0,2,2,2,0,WAITING_FOR_IMPULSE,EXPIRED,ENTRY_WINDOW_EXPIRED,True,,,,,,,,,,,,,,,,,,,,,,,,,,,,,,
DWHGhDArW9YTwKMr9R44jjfevo5FM2i9CKhZd8RCpump,FP1-RESEARCH-PROBE-LOOSE-0001,3,1787074106399682,1787074083000000,0,4,4,2,0,WAITING_FOR_IMPULSE,EXPIRED,ENTRY_WINDOW_EXPIRED,True,,,,,,,,,,,,,,,,,,,,,,,,,,,,,,
8JB2hqz3iLBBSYUjrsowAaaKnWJtMRS7DbLADxjPpump,FP1-RESEARCH-PROBE-LOOSE-0001,3,1787074103785666,1787074082000000,0,1,1,2,0,WAITING_FOR_IMPULSE,EXPIRED,ENTRY_WINDOW_EXPIRED,True,,,,,,,,,,,,,,,,,,,,,,,,,,,,,,
SE3fFnqd8GzPWTeNNahrma4iPY76sVUTeB66yVtpump,FP1-RESEARCH-PROBE-LOOSE-0001,3,1787074101433654,1787074082000000,0,1,1,2,0,WAITING_FOR_IMPULSE,EXPIRED,ENTRY_WINDOW_EXPIRED,True,,,,,,,,,,,,,,,,,,,,,,,,,,,,,,
8Mh4nkve6NhguLjTwuSB7fvXesjctwm3o1BjbhjBpump,FP1-RESEARCH-PROBE-LOOSE-0001,3,1787074098669639,1787074081000000,0,16,16,6,0,WAITING_FOR_RESPONSE,EXPIRED,ENTRY_WINDOW_EXPIRED,True,96,2003,2,2,2,3962962962,5138,2654,12341,12245,1996,2097,257536,,,,,,,,,,,,,,,,,
9mh3dMC6KSSzPLNfGJNw3rLS63QnysCNVNH93e4Spump,FP1-RESEARCH-PROBE-LOOSE-0001,3,1787074098579637,1787074081000000,0,3,3,2,0,WAITING_FOR_IMPULSE,EXPIRED,ENTRY_WINDOW_EXPIRED,True,,,,,,,,,,,,,,,,,,,,,,,,,,,,,,
Arz7iXW9BcTV3RR5HMfkdMfLxWkNpMeCYsFJDVgLpump,FP1-RESEARCH-PROBE-LOOSE-0001,3,1787074096218386,1787074081000000,0,1,1,2,0,WAITING_FOR_IMPULSE,EXPIRED,ENTRY_WINDOW_EXPIRED,True,,,,,,,,,,,,,,,,,,,,,,,,,,,,,,
DL77Ho3A9PvZQeGgUP8gysshbqMqG4svcfwugZf6pump,FP1-RESEARCH-PROBE-LOOSE-0001,3,1787074095937363,1787074081000000,0,3,1,2,0,WAITING_FOR_IMPULSE,EXPIRED,ENTRY_WINDOW_EXPIRED,True,,,,,,,,,,,,,,,,,,,,,,,,,,,,,,
441VBwN8ziKGYCGVELxanX4wcs7NqcxmBmfjyKcRpump,FP1-RESEARCH-PROBE-LOOSE-0001,3,1787074095889361,1787074081000000,0,5,1,2,0,WAITING_FOR_IMPULSE,EXPIRED,ENTRY_WINDOW_EXPIRED,True,,,,,,,,,,,,,,,,,,,,,,,,,,,,,,
7iJMiKhioz7LUbi9HE9LHN4gTCwyTW1dNs4T2Msypump,FP1-RESEARCH-PROBE-LOOSE-0001,3,1787074093947312,1787074080000000,0,3,3,2,0,WAITING_FOR_IMPULSE,EXPIRED,ENTRY_WINDOW_EXPIRED,True,,,,,,,,,,,,,,,,,,,,,,,,,,,,,,
4Cd3561ucBDvVhvEdxSTMv9EwLNvM8mPZW5maY8dYMiq,FP1-RESEARCH-PROBE-LOOSE-0001,3,1787074091780271,1787074080000000,0,3,1,2,0,WAITING_FOR_IMPULSE,EXPIRED,ENTRY_WINDOW_EXPIRED,True,,,,,,,,,,,,,,,,,,,,,,,,,,,,,,
FpokBxFtPyeBYCpwYrnCxtWR4Dr1CVYX8VPHjVUCpump,FP1-RESEARCH-PROBE-LOOSE-0001,3,1787074091437276,1787074080000000,0,57,9,2,0,WAITING_FOR_IMPULSE,EXPIRED,ENTRY_WINDOW_EXPIRED,True,,,,,,,,,,,,,,,,,,,,,,,,,,,,,,
31hHwvnsy1bJLSPxex2r8nRMJpmK4zfs4yQY9sYtpump,FP1-RESEARCH-PROBE-LOOSE-0001,2,1787074089038467,1787074080000000,0,2,2,2,0,WAITING_FOR_IMPULSE,EXPIRED,ENTRY_WINDOW_EXPIRED,True,,,,,,,,,,,,,,,,,,,,,,,,,,,,,,
59TN9tv8Bub4UDDXiQj31BvcXwNbknLe3x8ktHwPpump,FP1-RESEARCH-PROBE-LOOSE-0001,2,1787074088884472,1787074079000000,0,3,3,2,0,WAITING_FOR_IMPULSE,EXPIRED,ENTRY_WINDOW_EXPIRED,True,,,,,,,,,,,,,,,,,,,,,,,,,,,,,,
A94PTGwRH1kBTEXUkgnjCytK8Uhe5VEyQfwVhhn2pump,FP1-RESEARCH-PROBE-LOOSE-0001,2,1787074088849471,1787074079000000,0,4,4,2,0,WAITING_FOR_IMPULSE,EXPIRED,ENTRY_WINDOW_EXPIRED,True,,,,,,,,,,,,,,,,,,,,,,,,,,,,,,
4AHMPbuRLA8adFfdtQhyxL5KiicHGDuap7qWPoUmpump,FP1-RESEARCH-PROBE-LOOSE-0001,2,1787074088820470,1787074079000000,0,56,17,4,0,WAITING_FOR_PULLBACK,EXPIRED,ENTRY_WINDOW_EXPIRED,True,38251,919,3,3,2,2004979357,154825,4002,,,,,,,,,,,,,,,,,,,,,,
6qFhtdggYQbxyzx4iZU5XoxuSwQWiii5MJwt21F9pump,FP1-RESEARCH-PROBE-LOOSE-0001,2,1787074087184707,1787074079000000,0,32,11,2,0,WAITING_FOR_IMPULSE,EXPIRED,ENTRY_WINDOW_EXPIRED,True,,,,,,,,,,,,,,,,,,,,,,,,,,,,,,
4oKB9d8e2ivbhpLZBa18NaNdQikthrKghLnrAUs2pump,FP1-RESEARCH-PROBE-LOOSE-0001,2,1787074087031709,1787074079000000,0,1,1,2,0,WAITING_FOR_IMPULSE,EXPIRED,ENTRY_WINDOW_EXPIRED,True,,,,,,,,,,,,,,,,,,,,,,,,,,,,,,
C37a3o83Y8e7ZPnVFY2ZYAjMgHEWuPa3V2mhjXuspump,FP1-RESEARCH-PROBE-LOOSE-0001,2,1787074086945195,1787074079000000,0,99,9,4,0,WAITING_FOR_PULLBACK,EXPIRED,ENTRY_WINDOW_EXPIRED,True,172165,1205,7,2,2,1962777840,172256,1930,,,,,,,,,,,,,,,,,,,,,,
HcKdNrGPPNE2A5TtPdPpDtryQeVLkEsXT189amGNSfgN,FP1-RESEARCH-PROBE-LOOSE-0001,2,1787074085668012,1787074079000000,0,6,5,4,0,WAITING_FOR_PULLBACK,EXPIRED,ENTRY_WINDOW_EXPIRED,True,10631,529,3,3,2,858821784,27412,1101,,,,,,,,,,,,,,,,,,,,,,
7EpDApnFpM79aZWoDF2rQ91fk6v3P4Fw4R8bDESWpump,FP1-RESEARCH-PROBE-LOOSE-0001,2,1787074085491012,1787074079000000,0,1,1,2,0,WAITING_FOR_IMPULSE,EXPIRED,ENTRY_WINDOW_EXPIRED,True,,,,,,,,,,,,,,,,,,,,,,,,,,,,,,
oh83tewbBFTWAyExafvRKqhpJbZyK4w9qa2aJ2jbPWW,FP1-RESEARCH-PROBE-LOOSE-0001,2,1787074085454011,1787074078000000,0,1,1,2,0,WAITING_FOR_IMPULSE,EXPIRED,ENTRY_WINDOW_EXPIRED,True,,,,,,,,,,,,,,,,,,,,,,,,,,,,,,
4cg3h9i6KDbGH9TTEEWBoME4GtVr6FLSJ4gm1EzEpump,FP1-RESEARCH-PROBE-LOOSE-0001,2,1787074084087947,1787074078000000,0,1,1,2,0,WAITING_FOR_IMPULSE,EXPIRED,ENTRY_WINDOW_EXPIRED,True,,,,,,,,,,,,,,,,,,,,,,,,,,,,,,
GncJk4Bqm9JtZziVTpCC4bJsF19NdhivJuaR9fCUpump,FP1-RESEARCH-PROBE-LOOSE-0001,2,1787074083938945,1787074078000000,0,14,13,2,0,WAITING_FOR_IMPULSE,EXPIRED,ENTRY_WINDOW_EXPIRED,True,,,,,,,,,,,,,,,,,,,,,,,,,,,,,,
DivVeDkhj3A4pz2GWVEnRX4yELvaS8Z974txkPqLHthb,FP1-RESEARCH-PROBE-LOOSE-0001,2,1787074082561141,1787074078000000,0,1,1,2,0,WAITING_FOR_IMPULSE,EXPIRED,ENTRY_WINDOW_EXPIRED,True,,,,,,,,,,,,,,,,,,,,,,,,,,,,,,
3j6y8xP74LA4Xutk2h5VVJMLrYQ7TqqQmkPP1veppump,FP1-RESEARCH-PROBE-LOOSE-0001,2,1787074080938938,1787074078000000,0,2,2,2,0,WAITING_FOR_IMPULSE,EXPIRED,ENTRY_WINDOW_EXPIRED,True,,,,,,,,,,,,,,,,,,,,,,,,,,,,,,
2s9fEBesoN79Hu6crBfBu6p8xV6L29ogAgXpRQq2pump,FP1-RESEARCH-PROBE-LOOSE-0001,2,1787074080869939,1787074078000000,0,18,9,4,0,WAITING_FOR_PULLBACK,EXPIRED,ENTRY_WINDOW_EXPIRED,True,295577,1511,8,5,1,19555555,298135,1624,,,,,,,,,,,,,,,,,,,,,,
3aK7HT3HyzrB2Gx1n25KddWh6oJmSkbf9sXkM2Thpump,FP1-RESEARCH-PROBE-LOOSE-0001,2,1787074080529217,1787074077000000,0,1,1,2,0,WAITING_FOR_IMPULSE,EXPIRED,ENTRY_WINDOW_EXPIRED,True,,,,,,,,,,,,,,,,,,,,,,,,,,,,,,
CC9G6nfciwBcd1Zqc8apDugxJWuWdWH5zbfuW8Kfpump,FP1-RESEARCH-PROBE-LOOSE-0001,2,1787074079279213,1787074077000000,0,42,7,4,0,WAITING_FOR_PULLBACK,EXPIRED,ENTRY_WINDOW_EXPIRED,True,61567,686,3,2,1,301679110,299631,3076,,,,,,,,,,,,,,,,,,,,,,
Ctsfp37yunKdo6wQsaoy7LkgGroKsd3NGUavx6kRpump,FP1-RESEARCH-PROBE-LOOSE-0001,2,1787074079223215,1787074077000000,0,2,2,2,0,WAITING_FOR_IMPULSE,EXPIRED,ENTRY_WINDOW_EXPIRED,True,,,,,,,,,,,,,,,,,,,,,,,,,,,,,,
7vBXRJm175S4pvz8SYYD7JPJqt2DRqxHEHgfhZSjpump,FP1-RESEARCH-PROBE-LOOSE-0001,2,1787074079146112,1787074077000000,0,4,4,2,0,WAITING_FOR_IMPULSE,EXPIRED,ENTRY_WINDOW_EXPIRED,True,,,,,,,,,,,,,,,,,,,,,,,,,,,,,,
3umkriYCJPtWuqhHedvENPoWpnU7p2j1Aw1ZNXwnpump,FP1-RESEARCH-PROBE-LOOSE-0001,2,1787074079074110,1787074077000000,0,9,8,4,0,WAITING_FOR_PULLBACK,EXPIRED,ENTRY_WINDOW_EXPIRED,True,3590,665,2,2,1,987654320,6160,773,,,,,,,,,,,,,,,,,,,,,,
C1Qzvsh3T8ktt6nUrxSjg7qn7mi1e26A23dR37Rxpump,FP1-RESEARCH-PROBE-LOOSE-0001,2,1787074079037114,1787074077000000,0,59,59,1,0,DISCOVERED,EXPIRED,ENTRY_WINDOW_EXPIRED,True,,,,,,,,,,,,,,,,,,,,,,,,,,,,,,
GupN8i8AmyJsc7bgo9K17pR1ssNfKtEXtSTHAJ4Tpump,FP1-RESEARCH-PROBE-LOOSE-0001,2,1787074078970115,1787074077000000,0,19,19,2,0,WAITING_FOR_IMPULSE,EXPIRED,ENTRY_WINDOW_EXPIRED,True,,,,,,,,,,,,,,,,,,,,,,,,,,,,,,
4cqKcf3epsVZMvy1wzUugep6VCVzuMZ4Xi3RDQPMpump,FP1-RESEARCH-PROBE-LOOSE-0001,2,1787074078799115,1787074077000000,0,14,14,6,0,WAITING_FOR_RESPONSE,EXPIRED,ENTRY_WINDOW_EXPIRED,True,60,532,2,2,2,1633457520,20052,1913,45607,45547,1287,2530,64530,,,,,,,,,,,,,,,,,
2aKq3qxC6CRu6L2waXKTkrre91o8jHj4Pak9NGcKpump,FP1-RESEARCH-PROBE-LOOSE-0001,2,1787074078727097,1787074077000000,0,162,27,3,0,IMPULSE_CONFIRMED,EXPIRED,ENTRY_WINDOW_EXPIRED,True,290475,2339,27,13,0,-181571447,290475,2339,,,,,,,,,,,,,,,,,,,,,,
H7aVdNCfzCLmZEDK3kXnCigjL62v3KrAzHhpZ2Z2pump,FP1-RESEARCH-PROBE-LOOSE-0001,2,1787074078691737,1787074077000000,0,13,8,2,0,WAITING_FOR_IMPULSE,EXPIRED,ENTRY_WINDOW_EXPIRED,True,,,,,,,,,,,,,,,,,,,,,,,,,,,,,,
3ffuhCcXTSmCzkFJxGGL9VUndmjHZCHatWqwVfvbpump,FP1-RESEARCH-PROBE-LOOSE-0001,2,1787074077502684,1787074077000000,0,1,1,2,0,WAITING_FOR_IMPULSE,EXPIRED,ENTRY_WINDOW_EXPIRED,True,,,,,,,,,,,,,,,,,,,,,,,,,,,,,,
2RJwhPNmop21MB1eD2CnFUeqithiHR8vF4eVLSvtpump,FP1-RESEARCH-PROBE-LOOSE-0001,2,1787074077409682,1787074077000000,0,129,129,2,0,WAITING_FOR_IMPULSE,EXPIRED,ENTRY_WINDOW_EXPIRED,True,,,,,,,,,,,,,,,,,,,,,,,,,,,,,,
DWsJZmhDkC3wWCyw63w525rJwAzhanpRNJVMf5Cspump,FP1-RESEARCH-PROBE-LOOSE-0001,2,1787074077405684,1787074077000000,0,110,30,7,0,CANDIDATE_SIGNAL,CANDIDATE_SIGNAL,RECLAIM_CONFIRMED,False,8201,776,12,5,4,122954920,16741,34011,18582,10381,4168,4300,18924,4300,18958,376,4852,4,2,143303163,412,9,4,1317615418,28982,10024,32440,-357,1390,
3BygAcaBzyMdqTNGSa5WfhtNaQnFuTr69fLj1BENpump,FP1-RESEARCH-PROBE-LOOSE-0001,2,1787074077331681,1787074076000000,0,134,31,7,0,CANDIDATE_SIGNAL,CANDIDATE_SIGNAL,RECLAIM_CONFIRMED,False,6860,616,9,8,5,1306160017,8030,1265,14348,7488,1087,1728,16723,1728,26419,12071,237,3,0,618874953,179,3,2,-864586681,31171,4752,-268,-1361,201,
4W1hzsJ65AaKihdPfYKXViqYUizK8Fri8xqZvy8ypump,FP1-RESEARCH-PROBE-LOOSE-0001,2,1787074077243681,1787074076000000,0,97,5,2,0,WAITING_FOR_IMPULSE,EXPIRED,ENTRY_WINDOW_EXPIRED,True,,,,,,,,,,,,,,,,,,,,,,,,,,,,,,
JCxuvz1A9s7RqEjxfs9pQPBrrFeQoKuVXH3iP5t9pump,FP1-RESEARCH-PROBE-LOOSE-0001,2,1787074077117681,1787074076000000,0,1,1,1,0,DISCOVERED,EXPIRED,ENTRY_WINDOW_EXPIRED,True,,,,,,,,,,,,,,,,,,,,,,,,,,,,,,
64Zb3JNf2kakejXms5edFoVBgQdpTVKntyjxpKRTnijz,FP1-RESEARCH-PROBE-LOOSE-0001,2,1787074076958685,1787074076000000,0,1,1,2,0,WAITING_FOR_IMPULSE,EXPIRED,ENTRY_WINDOW_EXPIRED,True,,,,,,,,,,,,,,,,,,,,,,,,,,,,,,
UAGw1PaXyeoTDHg9oMqfyt1GpgM169bju6jL1r1pump,FP1-RESEARCH-PROBE-LOOSE-0001,2,1787074076853681,1787074076000000,0,164,164,2,0,WAITING_FOR_IMPULSE,EXPIRED,ENTRY_WINDOW_EXPIRED,True,,,,,,,,,,,,,,,,,,,,,,,,,,,,,,
8qcw8uUha1Fn3Pp5ijAUXAsorbRvbW7kw7VCDvpkpump,FP1-RESEARCH-PROBE-LOOSE-0001,2,1787074076745688,1787074076000000,0,19,19,2,0,WAITING_FOR_IMPULSE,EXPIRED,ENTRY_WINDOW_EXPIRED,True,,,,,,,,,,,,,,,,,,,,,,,,,,,,,,
6onx45WsG44ZEPejY8TqoK8ik6Mb7qq1nk6v3VURpump,FP1-RESEARCH-PROBE-LOOSE-0001,2,1787071711087826,1787071682000000,0,1,1,2,0,WAITING_FOR_IMPULSE,EXPIRED,ENTRY_WINDOW_EXPIRED,True,,,,,,,,,,,,,,,,,,,,,,,,,,,,,,
2M2bh7Hb7cRhT972jrEvVJyjEJAcWz57VjXbchzqpump,FP1-RESEARCH-PROBE-LOOSE-0001,2,1787071703552738,1787071682000000,0,21,4,2,0,WAITING_FOR_IMPULSE,EXPIRED,ENTRY_WINDOW_EXPIRED,True,,,,,,,,,,,,,,,,,,,,,,,,,,,,,,
Gotn3D24ADBwpWxjUPWAdMPZQ6wtz1NxQZvSgQVxpump,FP1-RESEARCH-PROBE-LOOSE-0001,2,1787071703472737,1787071682000000,0,1,1,2,0,WAITING_FOR_IMPULSE,EXPIRED,ENTRY_WINDOW_EXPIRED,True,,,,,,,,,,,,,,,,,,,,,,,,,,,,,,
9SajdsQujKQsn4KfCV4x9mhJ4b79uge47Ebm7pEqQ6JA,FP1-RESEARCH-PROBE-LOOSE-0001,2,1787071697614051,1787071682000000,0,1,1,2,0,WAITING_FOR_IMPULSE,EXPIRED,ENTRY_WINDOW_EXPIRED,True,,,,,,,,,,,,,,,,,,,,,,,,,,,,,,
GcbFVivndRKiy3MaAgMtsyaSfWh4aqEn6PcyShbBpump,FP1-RESEARCH-PROBE-LOOSE-0001,2,1787071697610055,1787071682000000,0,1,1,2,0,WAITING_FOR_IMPULSE,EXPIRED,ENTRY_WINDOW_EXPIRED,True,,,,,,,,,,,,,,,,,,,,,,,,,,,,,,
9xNuTnrzFsTiCZim765WnVJtFUHqt73w1YX7aivbpump,FP1-RESEARCH-PROBE-LOOSE-0001,2,1787071694822245,1787071682000000,0,3,3,2,0,WAITING_FOR_IMPULSE,EXPIRED,ENTRY_WINDOW_EXPIRED,True,,,,,,,,,,,,,,,,,,,,,,,,,,,,,,
JAC7TuGanmUthUnDczyxqDsnBW6N94xG8GZYiozVpump,FP1-RESEARCH-PROBE-LOOSE-0001,2,1787071689187843,1787071681000000,0,3,3,2,0,WAITING_FOR_IMPULSE,EXPIRED,ENTRY_WINDOW_EXPIRED,True,,,,,,,,,,,,,,,,,,,,,,,,,,,,,,
95KpDTv3NuqZ2jFnTFZ9xaYzqsCUzAWbUS9gW7Ujpump,FP1-RESEARCH-PROBE-LOOSE-0001,2,1787071686366535,1787071681000000,0,3,3,2,0,WAITING_FOR_IMPULSE,EXPIRED,ENTRY_WINDOW_EXPIRED,True,,,,,,,,,,,,,,,,,,,,,,,,,,,,,,
GVmPQStNkmE2Ea6CzCHJcL4CAxUFX3WZkh8iS7qipump,FP1-RESEARCH-PROBE-LOOSE-0001,2,1787071686357535,1787071681000000,0,1,1,2,0,WAITING_FOR_IMPULSE,EXPIRED,ENTRY_WINDOW_EXPIRED,True,,,,,,,,,,,,,,,,,,,,,,,,,,,,,,
8cHMb5o9k5yK72w3ZHE446ku3kDn6Hv1mGjnDCVZpump,FP1-RESEARCH-PROBE-LOOSE-0001,2,1787071686356535,1787071681000000,0,1,1,2,0,WAITING_FOR_IMPULSE,EXPIRED,ENTRY_WINDOW_EXPIRED,True,,,,,,,,,,,,,,,,,,,,,,,,,,,,,,
48TW1NmnPNFCEqsuqGWESDfapZpmYUkRkXr5KrDTpump,FP1-RESEARCH-PROBE-LOOSE-0001,2,1787071686323535,1787071681000000,0,1,1,2,0,WAITING_FOR_IMPULSE,EXPIRED,ENTRY_WINDOW_EXPIRED,True,,,,,,,,,,,,,,,,,,,,,,,,,,,,,,
63NeBFACYNfVzZWv5GxKGqCRibJouGNzirghU7Udpump,FP1-RESEARCH-PROBE-LOOSE-0001,2,1787071683721897,1787071681000000,0,2,2,2,0,WAITING_FOR_IMPULSE,EXPIRED,ENTRY_WINDOW_EXPIRED,True,,,,,,,,,,,,,,,,,,,,,,,,,,,,,,
5zAztny5oMuaSSfRhFQCFTZsvZ8JKoirtXHaAYmbvyKG,FP1-RESEARCH-PROBE-LOOSE-0001,2,1787071681186616,1787071681000000,0,27,27,7,0,WAITING_FOR_RECLAIM,EXPIRED,ENTRY_WINDOW_EXPIRED,True,2506,679,2,2,2,2400364807,2506,679,7987,5481,1220,1492,10603,1492,16425,8438,1881,1,0,2950331337,0,3,4,2255096431,,,,,,
DJvP7Xy2FVfqq3K4doeJCa3dLEPe9x8rVNcXArvwpump,FP1-RESEARCH-PROBE-LOOSE-0001,2,1787071681182616,1787071681000000,0,1,1,2,0,WAITING_FOR_IMPULSE,EXPIRED,ENTRY_WINDOW_EXPIRED,True,,,,,,,,,,,,,,,,,,,,,,,,,,,,,,
4yghZG4UX4HNPuTsgop58imKCN1j3S8JrzeixAEDpump,FP1-RESEARCH-PROBE-LOOSE-0001,2,1787071667231756,1787071631000000,0,1,1,2,0,WAITING_FOR_IMPULSE,EXPIRED,ENTRY_WINDOW_EXPIRED,True,,,,,,,,,,,,,,,,,,,,,,,,,,,,,,
5vYQyTQr7ALgtK4N49GEyeMs3WsKtXH2rcKVksbNgmos,FP1-RESEARCH-PROBE-LOOSE-0001,2,1787071659001941,1787071631000000,0,2,2,2,0,WAITING_FOR_IMPULSE,EXPIRED,ENTRY_WINDOW_EXPIRED,True,,,,,,,,,,,,,,,,,,,,,,,,,,,,,,
G9BBhVVVcE452s5U7EoGr2sUC1LyAcNv4qUbL2zuM3Lj,FP1-RESEARCH-PROBE-LOOSE-0001,2,1787071651376100,1787071630000000,0,6,6,4,0,WAITING_FOR_PULLBACK,EXPIRED,ENTRY_WINDOW_EXPIRED,True,2503,1130,2,2,2,7901234564,4945,3588,,,,,,,,,,,,,,,,,,,,,,
GCombYe6p1EMsf7v6TTLWeepdqeCFz8YZ1JGebzupump,FP1-RESEARCH-PROBE-LOOSE-0001,2,1787071651370101,1787071630000000,0,2,2,2,0,WAITING_FOR_IMPULSE,EXPIRED,ENTRY_WINDOW_EXPIRED,True,,,,,,,,,,,,,,,,,,,,,,,,,,,,,,
4W2gJeijPNaa44X1UHH4Kez6a5F9iVb82uN7fqMjpump,FP1-RESEARCH-PROBE-LOOSE-0001,2,1787071651346101,1787071630000000,0,2,2,2,0,WAITING_FOR_IMPULSE,EXPIRED,ENTRY_WINDOW_EXPIRED,True,,,,,,,,,,,,,,,,,,,,,,,,,,,,,,
4W58Y3L5drGgn4AoKeyaqCFpJC9UHFDZC2eAfPokpump,FP1-RESEARCH-PROBE-LOOSE-0001,2,1787071639574422,1787071629000000,0,12,12,2,0,WAITING_FOR_IMPULSE,EXPIRED,ENTRY_WINDOW_EXPIRED,True,,,,,,,,,,,,,,,,,,,,,,,,,,,,,,
FbtyHyeqNpUVq92gusYp4HPCNwL9DPxKj7Zx5EKNpump,FP1-RESEARCH-PROBE-LOOSE-0001,2,1787071631429766,1787071629000000,0,47,47,4,0,WAITING_FOR_PULLBACK,EXPIRED,ENTRY_WINDOW_EXPIRED,True,49749,7492,38,19,1,488888888,49749,7492,,,,,,,,,,,,,,,,,,,,,,
JAyTXrgzKJAVSsH8nFFynvZMG3PNUFXQZ3fJcc6Spump,FP1-RESEARCH-PROBE-LOOSE-0001,2,1787071631384765,1787071629000000,0,2,2,2,0,WAITING_FOR_IMPULSE,EXPIRED,ENTRY_WINDOW_EXPIRED,True,,,,,,,,,,,,,,,,,,,,,,,,,,,,,,
3EdDwu74B9NCBGkXmtGA9voyJ8uQr2dYTBFMbXxzpump,FP1-RESEARCH-PROBE-LOOSE-0001,2,1787071631382765,1787071629000000,0,6,6,1,0,DISCOVERED,EXPIRED,ENTRY_WINDOW_EXPIRED,True,,,,,,,,,,,,,,,,,,,,,,,,,,,,,,
4W5DWMJ8WsjxzRAPqJqX5csVotD1Y8nndC8xriRPpump,FP1-RESEARCH-PROBE-LOOSE-0001,2,1787071631366766,1787071629000000,0,1,1,2,0,WAITING_FOR_IMPULSE,EXPIRED,ENTRY_WINDOW_EXPIRED,True,,,,,,,,,,,,,,,,,,,,,,,,,,,,,,
WjtVYkUG2qVfxQCLYZmFm2uYKuMcvty6V8EDrjjpump,FP1-RESEARCH-PROBE-LOOSE-0001,2,1787071629267123,1787071629000000,0,53,49,7,0,CANDIDATE_SIGNAL,CANDIDATE_SIGNAL,RECLAIM_CONFIRMED,False,2102,812,4,3,3,3286105280,19265,3354,51839,49737,4104,4148,51918,4148,59865,8026,412,2,1,1496104164,275,4,2,1331232716,87994,28129,-1631,-3733,285,
cMCk6YFZoWkPRcFVWFaD5aMmHFvj7Abj2PZKDdypump,FP1-RESEARCH-PROBE-LOOSE-0001,2,1787071613371456,1787071584000000,0,9,9,4,0,WAITING_FOR_PULLBACK,EXPIRED,ENTRY_WINDOW_EXPIRED,True,2526,719,2,2,2,5150617282,10992,3918,,,,,,,,,,,,,,,,,,,,,,
ARXn6fcH4sfB6erfQsEHbhFSerMBxrWydJKySkDYpump,FP1-RESEARCH-PROBE-LOOSE-0001,2,1787071608150878,1787071584000000,0,1,1,2,0,WAITING_FOR_IMPULSE,EXPIRED,ENTRY_WINDOW_EXPIRED,True,,,,,,,,,,,,,,,,,,,,,,,,,,,,,,
EDcJjANKDtsHDvTkFVQXzVJ56HrMFcKN6uCcTX3Epump,FP1-RESEARCH-PROBE-LOOSE-0001,2,1787071605367879,1787071583000000,0,5,5,4,0,WAITING_FOR_PULLBACK,EXPIRED,ENTRY_WINDOW_EXPIRED,True,64373,4456,3,2,0,-1030200235,98080,9332,,,,,,,,,,,,,,,,,,,,,,
5NBTwamodVFt55mbbKojYLZkgmDDUjbSJ1XymgJ9pump,FP1-RESEARCH-PROBE-LOOSE-0001,2,1787071597511624,1787071583000000,0,1,1,2,0,WAITING_FOR_IMPULSE,EXPIRED,ENTRY_WINDOW_EXPIRED,True,,,,,,,,,,,,,,,,,,,,,,,,,,,,,,
B7PKCAUcUEfMBXfAe1LdkT3c9rMDKqRvZDoZKM2Tpump,FP1-RESEARCH-PROBE-LOOSE-0001,2,1787071594631992,1787071582000000,0,1,1,1,0,DISCOVERED,EXPIRED,ENTRY_WINDOW_EXPIRED,True,,,,,,,,,,,,,,,,,,,,,,,,,,,,,,
7zGhQQqriFH19ahTmeZhFjbADpsWZJb3ZYsEhgDfpump,FP1-RESEARCH-PROBE-LOOSE-0001,2,1787071594618992,1787071582000000,0,1,1,2,0,WAITING_FOR_IMPULSE,EXPIRED,ENTRY_WINDOW_EXPIRED,True,,,,,,,,,,,,,,,,,,,,,,,,,,,,,,
5FbvwoNuiMxCWpuFRXoxMtKtHjnJft2pASXf5FSdpump,FP1-RESEARCH-PROBE-LOOSE-0001,2,1787071592071169,1787071582000000,0,6,6,4,0,WAITING_FOR_PULLBACK,EXPIRED,ENTRY_WINDOW_EXPIRED,True,3,2645,2,2,2,4860000000,2512,9324,,,,,,,,,,,,,,,,,,,,,,
93TeQdYS87wa654uGyVef975mDLwyYAF562kVf2xpump,FP1-RESEARCH-PROBE-LOOSE-0001,2,1787071589396040,1787071582000000,0,17,17,5,0,PULLBACK_ACTIVE,EXPIRED,ENTRY_WINDOW_EXPIRED,True,99743,138496,15,7,1,203457904,99743,138496,124804,25061,2231,2231,124804,,,,,,,,,,,,,,,,,
BrkeYUeTjCsNrCtsqv8SiQMcMUZzxpfDbHGU8ngdpump,FP1-RESEARCH-PROBE-LOOSE-0001,2,1787071584056492,1787071582000000,0,1,1,2,0,WAITING_FOR_IMPULSE,EXPIRED,ENTRY_WINDOW_EXPIRED,True,,,,,,,,,,,,,,,,,,,,,,,,,,,,,,
39rfLr1Q2QmXnA58ShcAX2ngghmKZ6fGToBsug9Apump,FP1-RESEARCH-PROBE-LOOSE-0001,2,1787071581851104,1787071582000000,0,41,40,2,0,WAITING_FOR_IMPULSE,EXPIRED,ENTRY_WINDOW_EXPIRED,True,,,,,,,,,,,,,,,,,,,,,,,,,,,,,,
C6UjUyxZhfF5qthtW3CY8twwzPFTHo9HbJyxqDjUS51,FP1-RESEARCH-PROBE-LOOSE-0001,2,1787071581842103,1787071582000000,0,58,16,7,0,CANDIDATE_SIGNAL,CANDIDATE_SIGNAL,RECLAIM_CONFIRMED,False,2205,966,5,3,3,4160089292,2206,1489,4907,2702,1472,2038,7501,2038,12783,7876,269,2,0,635555554,143,4,3,-3812553486,12785,2,-345,-1596,279,
Cv1qtdH8k7RffqT984bhtrKCanX4hGYv7hi8VYHQpump,FP1-RESEARCH-PROBE-LOOSE-0001,2,1787071567630430,1787071537000000,0,1,1,2,0,WAITING_FOR_IMPULSE,EXPIRED,ENTRY_WINDOW_EXPIRED,True,,,,,,,,,,,,,,,,,,,,,,,,,,,,,,
DwL8cmrjTuBbimA41La4WFrT4E5knooxPAT3eY8ypump,FP1-RESEARCH-PROBE-LOOSE-0001,2,1787071561573443,1787071536000000,0,2,2,2,0,WAITING_FOR_IMPULSE,EXPIRED,ENTRY_WINDOW_EXPIRED,True,,,,,,,,,,,,,,,,,,,,,,,,,,,,,,
EUXkM5uEABWx49haAmUFNNZ6A8Xc4i9T6W7wx1WMpump,FP1-RESEARCH-PROBE-LOOSE-0001,2,1787071561537442,1787071536000000,0,4,4,2,0,WAITING_FOR_IMPULSE,EXPIRED,ENTRY_WINDOW_EXPIRED,True,,,,,,,,,,,,,,,,,,,,,,,,,,,,,,
99A6C8TFffZ6JFwDV32ikEscQJh6D7MsfFokA91Vpump,FP1-RESEARCH-PROBE-LOOSE-0001,2,1787071558938824,1787071536000000,0,6,6,6,0,WAITING_FOR_RESPONSE,EXPIRED,ENTRY_WINDOW_EXPIRED,True,1,622,2,2,2,1912087361,2,1267,14208,14207,1393,1393,14208,,,,,,,,,,,,,,,,,
7e2RGEgKhSwnVf9sXy2g8ocNkHdHnD39HgPnLA2nMXUb,FP1-RESEARCH-PROBE-LOOSE-0001,2,1787071553255994,1787071536000000,0,2,2,2,0,WAITING_FOR_IMPULSE,EXPIRED,ENTRY_WINDOW_EXPIRED,True,,,,,,,,,,,,,,,,,,,,,,,,,,,,,,
365VBSYYqyWJesM4TNg6sXpw7y9dpB9naaHpV2Yxpump,FP1-RESEARCH-PROBE-LOOSE-0001,2,1787071547669765,1787071535000000,0,2,2,2,0,WAITING_FOR_IMPULSE,EXPIRED,ENTRY_WINDOW_EXPIRED,True,,,,,,,,,,,,,,,,,,,,,,,,,,,,,,
9jdxtFML431gvbeFsPq3NNnYZfq2x2QdX5NEvkF1pump,FP1-RESEARCH-PROBE-LOOSE-0001,2,1787071542109000,1787071535000000,0,11,11,5,0,PULLBACK_ACTIVE,EXPIRED,ENTRY_WINDOW_EXPIRED,True,1,769,2,2,2,2633744854,19429,2615,49930,49929,5151,5151,49930,,,,,,,,,,,,,,,,,
2LsVezXHQJR9HbDaCeokSW57N66H94tp77gdBKpApump,FP1-RESEARCH-PROBE-LOOSE-0001,2,1787071539503731,1787071535000000,0,13,13,2,0,WAITING_FOR_IMPULSE,EXPIRED,ENTRY_WINDOW_EXPIRED,True,,,,,,,,,,,,,,,,,,,,,,,,,,,,,,
BwydP2DH2GF86ZTvoJmSeZVSC749XhLqJ2hHxTkTpump,FP1-RESEARCH-PROBE-LOOSE-0001,2,1787071539501738,1787071535000000,0,2,2,2,0,WAITING_FOR_IMPULSE,EXPIRED,ENTRY_WINDOW_EXPIRED,True,,,,,,,,,,,,,,,,,,,,,,,,,,,,,,
Ds28H7uxUQw3XV8oJF96FxmaPumHqejK2orFtFuLpump,FP1-RESEARCH-PROBE-LOOSE-0001,2,1787071539442736,1787071535000000,0,2,2,2,0,WAITING_FOR_IMPULSE,EXPIRED,ENTRY_WINDOW_EXPIRED,True,,,,,,,,,,,,,,,,,,,,,,,,,,,,,,
JBoXSmG68Sf1AakXMaLmFACdyRbzcVPivie4W8Lmpump,FP1-RESEARCH-PROBE-LOOSE-0001,2,1787071535162799,1787071535000000,0,1,1,2,0,WAITING_FOR_IMPULSE,EXPIRED,ENTRY_WINDOW_EXPIRED,True,,,,,,,,,,,,,,,,,,,,,,,,,,,,,,
J3J3CENnWupvqYNu9mboc6ZnNxTpqokXcU3Vo5t3pump,FP1-RESEARCH-PROBE-LOOSE-0001,2,1787071535158804,1787071535000000,0,28,28,2,0,WAITING_FOR_IMPULSE,EXPIRED,ENTRY_WINDOW_EXPIRED,True,,,,,,,,,,,,,,,,,,,,,,,,,,,,,,
rPJiZufxvY23Mh3xrckewVV5BoYdeJpsVpiuQDWpump,FP1-RESEARCH-PROBE-LOOSE-0001,2,1787071535100803,1787071535000000,0,10,10,6,0,WAITING_FOR_RESPONSE,EXPIRED,ENTRY_WINDOW_EXPIRED,True,1588,966,2,2,2,4106666666,1589,1210,20953,19365,1200,2417,26383,,,,,,,,,,,,,,,,,
FwGSHzaNVeifteud9HyGmtJjzpJ9yRZnt5mXBg71pump,FP1-RESEARCH-PROBE-LOOSE-0001,2,1787071526004179,1787071487000000,0,1,1,2,0,WAITING_FOR_IMPULSE,EXPIRED,ENTRY_WINDOW_EXPIRED,True,,,,,,,,,,,,,,,,,,,,,,,,,,,,,,
Cd11bKTP9qcPr7Pr3QBub8StvxA3UHctivGhGhZxpump,FP1-RESEARCH-PROBE-LOOSE-0001,2,1787071512490628,1787071486000000,0,2,2,2,0,WAITING_FOR_IMPULSE,EXPIRED,ENTRY_WINDOW_EXPIRED,True,,,,,,,,,,,,,,,,,,,,,,,,,,,,,,
G5V7PZozQ77CXzhAGAaLPz8q7SHuKSWoh2QmSZeDafyR,FP1-RESEARCH-PROBE-LOOSE-0001,2,1787071492833495,1787071485000000,0,10,10,6,0,WAITING_FOR_RESPONSE,EXPIRED,ENTRY_WINDOW_EXPIRED,True,5,1389,2,2,2,2936969597,54,1956,2881,2876,1963,2089,19654,,,,,,,,,,,,,,,,,
BPyXzP6WE796xCT3rvVtFNTL1AjLwFss5XQBQdRyxKP4,FP1-RESEARCH-PROBE-LOOSE-0001,2,1787071490334605,1787071485000000,0,1,1,2,0,WAITING_FOR_IMPULSE,EXPIRED,ENTRY_WINDOW_EXPIRED,True,,,,,,,,,,,,,,,,,,,,,,,,,,,,,,
FyT7k6QJTotMyMDamWYTfgSgA7dTeRutVFFyEVpMPcGD,FP1-RESEARCH-PROBE-LOOSE-0001,2,1787071490292506,1787071484000000,0,1,1,2,0,WAITING_FOR_IMPULSE,EXPIRED,ENTRY_WINDOW_EXPIRED,True,,,,,,,,,,,,,,,,,,,,,,,,,,,,,,
JC2AsYN4xTvqzkQRAW8D3v8uSBpk1J1aiSGAqREKpump,FP1-RESEARCH-PROBE-LOOSE-0001,2,1787071487765503,1787071484000000,0,41,16,7,0,CANDIDATE_SIGNAL,CANDIDATE_SIGNAL,RECLAIM_CONFIRMED,False,6,1256,2,2,2,20926383171,28,3194,21939,21933,1785,1785,21939,1785,24726,2787,1415,3,1,90183062,1415,3,1,90183062,27647,2921,2857,-255,392,
CdS5QqkbzPpZ17t7Z1xv9a6mVyuUNSFU331rQWPbpump,FP1-RESEARCH-PROBE-LOOSE-0001,2,1787071484886159,1787071484000000,0,5,5,2,0,WAITING_FOR_IMPULSE,EXPIRED,ENTRY_WINDOW_EXPIRED,True,,,,,,,,,,,,,,,,,,,,,,,,,,,,,,
DqmCoj98v6ichdVTYeoZoXSX3d85HkDeV2gxVjAxpump,FP1-RESEARCH-PROBE-LOOSE-0001,2,1787071484850159,1787071484000000,0,52,51,8,1,WAITING_FOR_RECLAIM,EXPIRED,ENTRY_WINDOW_EXPIRED,True,35904,998,25,11,7,12815061726,41058,1846,51872,15968,3563,5775,174161,4646,101972,50100,14361,1,0,97777777,0,1,0,97777777,,,,,,
G6CzwDuRer7JVRjT5okNLrx8gmvtd4HJcGEGKPCMpump,FP1-RESEARCH-PROBE-LOOSE-0001,2,1787071484836155,1787071484000000,0,13,13,2,0,WAITING_FOR_IMPULSE,EXPIRED,ENTRY_WINDOW_EXPIRED,True,,,,,,,,,,,,,,,,,,,,,,,,,,,,,,
3EbmsFRaxwrqC4PB7SrT1wjvE64bbUsYj4dFNi4Wpump,FP1-RESEARCH-PROBE-LOOSE-0001,2,1787071483983158,1787071484000000,0,36,36,2,0,WAITING_FOR_IMPULSE,EXPIRED,ENTRY_WINDOW_EXPIRED,True,,,,,,,,,,,,,,,,,,,,,,,,,,,,,,
28azdhuyttWsy1Cxdp1BLsMWU1YXan2BMjdQD7nPpump,FP1-RESEARCH-PROBE-LOOSE-0001,2,1787071483951154,1787071484000000,0,24,11,7,0,CANDIDATE_SIGNAL,CANDIDATE_SIGNAL,RECLAIM_CONFIRMED,False,11700,2841,5,4,1,32225500,11700,2841,19879,8179,1590,3298,28592,3298,34201,14322,239,2,0,15863950,179,2,1,-442545,39586,5385,502,-1822,1917,
6TBoYifkeUFiv3g8rFqHKJwGVtDkd99iuuzGLF9Xpump,FP1-RESEARCH-PROBE-LOOSE-0001,2,1787071479784981,1787071438000000,0,1,1,2,0,WAITING_FOR_IMPULSE,EXPIRED,ENTRY_WINDOW_EXPIRED,True,,,,,,,,,,,,,,,,,,,,,,,,,,,,,,
GJnisvWUqQkryGd6aEu6AEu4jkwzod8Wp9UQ2tj8pump,FP1-RESEARCH-PROBE-LOOSE-0001,2,1787071479783981,1787071438000000,0,1,1,2,0,WAITING_FOR_IMPULSE,EXPIRED,ENTRY_WINDOW_EXPIRED,True,,,,,,,,,,,,,,,,,,,,,,,,,,,,,,
BcT7yw2i9vsup8r1VQ1EwqyNHdjytB6qBtHqsuhnpump,FP1-RESEARCH-PROBE-LOOSE-0001,2,1787071479782980,1787071438000000,0,1,1,2,0,WAITING_FOR_IMPULSE,EXPIRED,ENTRY_WINDOW_EXPIRED,True,,,,,,,,,,,,,,,,,,,,,,,,,,,,,,
EAPuNNJ8po1hsyVuJT4xEdHFEUXPBdGKujAWmFJXpump,FP1-RESEARCH-PROBE-LOOSE-0001,2,1787071479723979,1787071438000000,0,1,1,2,0,WAITING_FOR_IMPULSE,EXPIRED,ENTRY_WINDOW_EXPIRED,True,,,,,,,,,,,,,,,,,,,,,,,,,,,,,,
B8FpNxdyjeGEDvMqsTYfwa6qfDZYSi3UMg5Q8UQ8pump,FP1-RESEARCH-PROBE-LOOSE-0001,2,1787071477175857,1787071438000000,0,1,1,2,0,WAITING_FOR_IMPULSE,EXPIRED,ENTRY_WINDOW_EXPIRED,True,,,,,,,,,,,,,,,,,,,,,,,,,,,,,,
D7SnfVVuZRrjPXbms9ARxCwCforLyyq6xwjtjSKMpump,FP1-RESEARCH-PROBE-LOOSE-0001,2,1787071477173856,1787071438000000,0,1,1,2,0,WAITING_FOR_IMPULSE,EXPIRED,ENTRY_WINDOW_EXPIRED,True,,,,,,,,,,,,,,,,,,,,,,,,,,,,,,
D3vwaQWvxe2Ljvor6o8d3LAimYoLEcd8MuweVYL3pump,FP1-RESEARCH-PROBE-LOOSE-0001,2,1787071477172858,1787071438000000,0,1,1,2,0,WAITING_FOR_IMPULSE,EXPIRED,ENTRY_WINDOW_EXPIRED,True,,,,,,,,,,,,,,,,,,,,,,,,,,,,,,
J9TU2bUzc7ebXUGhKmJ3uUx39D6noFU6yZ7dEHMppump,FP1-RESEARCH-PROBE-LOOSE-0001,2,1787071477170858,1787071438000000,0,1,1,2,0,WAITING_FOR_IMPULSE,EXPIRED,ENTRY_WINDOW_EXPIRED,True,,,,,,,,,,,,,,,,,,,,,,,,,,,,,,
9Hb4VN7bvpNeSF7vN1NzdvrLvPjMi4D92qHFkQFBpump,FP1-RESEARCH-PROBE-LOOSE-0001,2,1787071477170858,1787071438000000,0,1,1,2,0,WAITING_FOR_IMPULSE,EXPIRED,ENTRY_WINDOW_EXPIRED,True,,,,,,,,,,,,,,,,,,,,,,,,,,,,,,
98eGRHg8KdJ2Mq5Tr8D6u6pv5GAgF3Lwx7HXNChvpump,FP1-RESEARCH-PROBE-LOOSE-0001,2,1787071477169857,1787071438000000,0,1,1,2,0,WAITING_FOR_IMPULSE,EXPIRED,ENTRY_WINDOW_EXPIRED,True,,,,,,,,,,,,,,,,,,,,,,,,,,,,,,
4nVJM1A3JP4hfFG7HXA2DT1P9AMvrVxhftRwAMuNpump,FP1-RESEARCH-PROBE-LOOSE-0001,2,1787071477168857,1787071438000000,0,1,1,2,0,WAITING_FOR_IMPULSE,EXPIRED,ENTRY_WINDOW_EXPIRED,True,,,,,,,,,,,,,,,,,,,,,,,,,,,,,,
DmbkLtQm298dCMiDKzrSXbM9YDPUPX71pYvVnpwzpump,FP1-RESEARCH-PROBE-LOOSE-0001,2,1787071477166857,1787071438000000,0,1,1,2,0,WAITING_FOR_IMPULSE,EXPIRED,ENTRY_WINDOW_EXPIRED,True,,,,,,,,,,,,,,,,,,,,,,,,,,,,,,
32cEGVhsbJ7CuD5bKVNwHGKws9X7gxcqq2Ajz6xGpump,FP1-RESEARCH-PROBE-LOOSE-0001,2,1787071477164859,1787071438000000,0,1,1,2,0,WAITING_FOR_IMPULSE,EXPIRED,ENTRY_WINDOW_EXPIRED,True,,,,,,,,,,,,,,,,,,,,,,,,,,,,,,
7x9WPrsMRptb5RfganLc11MGmegBk2DdXHjbghF5pump,FP1-RESEARCH-PROBE-LOOSE-0001,2,1787071477163858,1787071438000000,0,1,1,2,0,WAITING_FOR_IMPULSE,EXPIRED,ENTRY_WINDOW_EXPIRED,True,,,,,,,,,,,,,,,,,,,,,,,,,,,,,,
H2whpWkGZBHb9DeKWPR925ohSmaRmG79dsAMqBS8pump,FP1-RESEARCH-PROBE-LOOSE-0001,2,1787071477161856,1787071438000000,0,1,1,2,0,WAITING_FOR_IMPULSE,EXPIRED,ENTRY_WINDOW_EXPIRED,True,,,,,,,,,,,,,,,,,,,,,,,,,,,,,,
GCKiDwfa1GRqg5DdUxev6vyt6uAFxPGbBCr8xVD4pump,FP1-RESEARCH-PROBE-LOOSE-0001,2,1787071477159858,1787071438000000,0,1,1,2,0,WAITING_FOR_IMPULSE,EXPIRED,ENTRY_WINDOW_EXPIRED,True,,,,,,,,,,,,,,,,,,,,,,,,,,,,,,
2u3pWR2uT7PDXtaEFBkuc6bZmwRhtAMCtj4qnafrpump,FP1-RESEARCH-PROBE-LOOSE-0001,2,1787071477158856,1787071438000000,0,1,1,2,0,WAITING_FOR_IMPULSE,EXPIRED,ENTRY_WINDOW_EXPIRED,True,,,,,,,,,,,,,,,,,,,,,,,,,,,,,,
3rSDjFREMPPb5R6M9Nfyj1QudiGrUBuiU8QDsJs6pump,FP1-RESEARCH-PROBE-LOOSE-0001,2,1787071477157859,1787071438000000,0,1,1,2,0,WAITING_FOR_IMPULSE,EXPIRED,ENTRY_WINDOW_EXPIRED,True,,,,,,,,,,,,,,,,,,,,,,,,,,,,,,
AruHvuTCnDCWc8VyXhKHT44EBxdXB6SqxAX1Mk9ipump,FP1-RESEARCH-PROBE-LOOSE-0001,2,1787071477154856,1787071438000000,0,1,1,2,0,WAITING_FOR_IMPULSE,EXPIRED,ENTRY_WINDOW_EXPIRED,True,,,,,,,,,,,,,,,,,,,,,,,,,,,,,,
6uoZ8Gi5t5m3AdvZcZ7MNAzCPsh7RMnKFjCiNBe8pump,FP1-RESEARCH-PROBE-LOOSE-0001,2,1787071477153858,1787071438000000,0,1,1,2,0,WAITING_FOR_IMPULSE,EXPIRED,ENTRY_WINDOW_EXPIRED,True,,,,,,,,,,,,,,,,,,,,,,,,,,,,,,
DgFRf36h37StqpsgSnKHANJ73HJf3CHjWyyDi6nKpump,FP1-RESEARCH-PROBE-LOOSE-0001,2,1787071477150859,1787071438000000,0,1,1,2,0,WAITING_FOR_IMPULSE,EXPIRED,ENTRY_WINDOW_EXPIRED,True,,,,,,,,,,,,,,,,,,,,,,,,,,,,,,
8fTT4FE1VHXZDvPJQ16z2CXm1nBPt8XwhCtYR244pump,FP1-RESEARCH-PROBE-LOOSE-0001,2,1787071477149863,1787071438000000,0,1,1,2,0,WAITING_FOR_IMPULSE,EXPIRED,ENTRY_WINDOW_EXPIRED,True,,,,,,,,,,,,,,,,,,,,,,,,,,,,,,
9LbAKZTnVB361pjkQDsjZ3JhQZqwhYZLfq79wrcFpump,FP1-RESEARCH-PROBE-LOOSE-0001,2,1787071477149863,1787071438000000,0,1,1,2,0,WAITING_FOR_IMPULSE,EXPIRED,ENTRY_WINDOW_EXPIRED,True,,,,,,,,,,,,,,,,,,,,,,,,,,,,,,
2zzyz4jUfGLQzZ6CAHpUWSiNWjafDLdHdpBtqTmQpump,FP1-RESEARCH-PROBE-LOOSE-0001,2,1787071477148858,1787071438000000,0,1,1,2,0,WAITING_FOR_IMPULSE,EXPIRED,ENTRY_WINDOW_EXPIRED,True,,,,,,,,,,,,,,,,,,,,,,,,,,,,,,
ALoRACVMd3KpJR3Qe6JFtsAYrFZSDYXqvikTumENpump,FP1-RESEARCH-PROBE-LOOSE-0001,2,1787071477147857,1787071438000000,0,1,1,2,0,WAITING_FOR_IMPULSE,EXPIRED,ENTRY_WINDOW_EXPIRED,True,,,,,,,,,,,,,,,,,,,,,,,,,,,,,,
6HgTgcRtQKhggYMqFcnf8bX6zsb71Y764rs1bQsApump,FP1-RESEARCH-PROBE-LOOSE-0001,2,1787071477145857,1787071438000000,0,1,1,2,0,WAITING_FOR_IMPULSE,EXPIRED,ENTRY_WINDOW_EXPIRED,True,,,,,,,,,,,,,,,,,,,,,,,,,,,,,,
BVbaTy8aT81VofNSxeviBN5pcfyv87AbL2isdVDupump,FP1-RESEARCH-PROBE-LOOSE-0001,2,1787071477144857,1787071438000000,0,1,1,2,0,WAITING_FOR_IMPULSE,EXPIRED,ENTRY_WINDOW_EXPIRED,True,,,,,,,,,,,,,,,,,,,,,,,,,,,,,,
8iqxWps76QhLAixKv3b2ZLsxUatP2gHswLvxeSLopump,FP1-RESEARCH-PROBE-LOOSE-0001,2,1787071477142856,1787071438000000,0,1,1,2,0,WAITING_FOR_IMPULSE,EXPIRED,ENTRY_WINDOW_EXPIRED,True,,,,,,,,,,,,,,,,,,,,,,,,,,,,,,
A3zgKhPmkgbMqGhnfv1ouJVCWBikc1qncTtSMr6gpump,FP1-RESEARCH-PROBE-LOOSE-0001,2,1787071477133856,1787071438000000,0,1,1,2,0,WAITING_FOR_IMPULSE,EXPIRED,ENTRY_WINDOW_EXPIRED,True,,,,,,,,,,,,,,,,,,,,,,,,,,,,,,
FRRHgGg9KbLipMGE7xrChZDu26yWVb7Q5jFTV3nDpump,FP1-RESEARCH-PROBE-LOOSE-0001,2,1787071477131858,1787071438000000,0,1,1,2,0,WAITING_FOR_IMPULSE,EXPIRED,ENTRY_WINDOW_EXPIRED,True,,,,,,,,,,,,,,,,,,,,,,,,,,,,,,
66YY3wbmZgVHkj5yMYWbJpEQCWkJGMxUMJZ4Y6Kjpump,FP1-RESEARCH-PROBE-LOOSE-0001,2,1787071477121857,1787071437000000,0,1,1,2,0,WAITING_FOR_IMPULSE,EXPIRED,ENTRY_WINDOW_EXPIRED,True,,,,,,,,,,,,,,,,,,,,,,,,,,,,,,
H7xQ1DAqYdT9Yb9MF7FiqnKVcXYVupNTd9aWVnA7pump,FP1-RESEARCH-PROBE-LOOSE-0001,2,1787071477119856,1787071437000000,0,1,1,2,0,WAITING_FOR_IMPULSE,EXPIRED,ENTRY_WINDOW_EXPIRED,True,,,,,,,,,,,,,,,,,,,,,,,,,,,,,,
EVXH6dEL1r7vM8K2fJcpH1AJaN4Y98KXBdpowKXZpump,FP1-RESEARCH-PROBE-LOOSE-0001,2,1787071477118858,1787071437000000,0,1,1,2,0,WAITING_FOR_IMPULSE,EXPIRED,ENTRY_WINDOW_EXPIRED,True,,,,,,,,,,,,,,,,,,,,,,,,,,,,,,
Fqwc2hQK2d2T324FgSKEB5DLkJqCcWnSxMsJfjRnpump,FP1-RESEARCH-PROBE-LOOSE-0001,2,1787071477117858,1787071437000000,0,1,1,2,0,WAITING_FOR_IMPULSE,EXPIRED,ENTRY_WINDOW_EXPIRED,True,,,,,,,,,,,,,,,,,,,,,,,,,,,,,,
5LocChriyyBQETQepYXF1RGevzB1VkptjR3MHkQ5pump,FP1-RESEARCH-PROBE-LOOSE-0001,2,1787071477117858,1787071437000000,0,1,1,2,0,WAITING_FOR_IMPULSE,EXPIRED,ENTRY_WINDOW_EXPIRED,True,,,,,,,,,,,,,,,,,,,,,,,,,,,,,,
6U9dZDScmJKof73vWypkmSN2VwrbtzKQBxynJBFnpump,FP1-RESEARCH-PROBE-LOOSE-0001,2,1787071477115856,1787071437000000,0,1,1,2,0,WAITING_FOR_IMPULSE,EXPIRED,ENTRY_WINDOW_EXPIRED,True,,,,,,,,,,,,,,,,,,,,,,,,,,,,,,
AK524wA1KNQABS1acKfnt4WXCo7MmVFVKAsayTjmpump,FP1-RESEARCH-PROBE-LOOSE-0001,2,1787071474459796,1787071437000000,0,1,1,2,0,WAITING_FOR_IMPULSE,EXPIRED,ENTRY_WINDOW_EXPIRED,True,,,,,,,,,,,,,,,,,,,,,,,,,,,,,,
DYW4xHVbRe4c7wcPkkpZ82djtbpCGVWm5hBnEJYNpump,FP1-RESEARCH-PROBE-LOOSE-0001,2,1787071474459796,1787071437000000,0,1,1,2,0,WAITING_FOR_IMPULSE,EXPIRED,ENTRY_WINDOW_EXPIRED,True,,,,,,,,,,,,,,,,,,,,,,,,,,,,,,
EB839eMDXPdTgvSJDV73qZc4iAqCpPfFrdjk22y1pump,FP1-RESEARCH-PROBE-LOOSE-0001,2,1787071474458796,1787071437000000,0,1,1,2,0,WAITING_FOR_IMPULSE,EXPIRED,ENTRY_WINDOW_EXPIRED,True,,,,,,,,,,,,,,,,,,,,,,,,,,,,,,
2p2Xkgpgnpvnwin2JkVEUqRpuWwhrtxwLxrbyzSHpump,FP1-RESEARCH-PROBE-LOOSE-0001,2,1787071474454793,1787071437000000,0,1,1,2,0,WAITING_FOR_IMPULSE,EXPIRED,ENTRY_WINDOW_EXPIRED,True,,,,,,,,,,,,,,,,,,,,,,,,,,,,,,
C1dh7hdX1QL8BigvMgcoY3pjjriUvCDvEUDE91e2pump,FP1-RESEARCH-PROBE-LOOSE-0001,2,1787071474453793,1787071437000000,0,1,1,2,0,WAITING_FOR_IMPULSE,EXPIRED,ENTRY_WINDOW_EXPIRED,True,,,,,,,,,,,,,,,,,,,,,,,,,,,,,,
2JQC3ic6D4f3bxxUZX3F6YLXoupDEb6bGvPcQvaDpump,FP1-RESEARCH-PROBE-LOOSE-0001,2,1787071474452792,1787071437000000,0,1,1,2,0,WAITING_FOR_IMPULSE,EXPIRED,ENTRY_WINDOW_EXPIRED,True,,,,,,,,,,,,,,,,,,,,,,,,,,,,,,
Eu28ALFQrnbSb2qBTvV4B9b3UsrPivKviVvSdmkmpump,FP1-RESEARCH-PROBE-LOOSE-0001,2,1787071474450792,1787071437000000,0,1,1,2,0,WAITING_FOR_IMPULSE,EXPIRED,ENTRY_WINDOW_EXPIRED,True,,,,,,,,,,,,,,,,,,,,,,,,,,,,,,
4ALTMDtBJ3Fe8UU9ao8mXb4izxqo8Tq1QYpMDeGZpump,FP1-RESEARCH-PROBE-LOOSE-0001,2,1787071474449794,1787071437000000,0,1,1,2,0,WAITING_FOR_IMPULSE,EXPIRED,ENTRY_WINDOW_EXPIRED,True,,,,,,,,,,,,,,,,,,,,,,,,,,,,,,
8HDTk46ZC4YaauF7JoRGosRxgFMaJ2BXMBC7nmGRpump,FP1-RESEARCH-PROBE-LOOSE-0001,2,1787071474447791,1787071437000000,0,1,1,2,0,WAITING_FOR_IMPULSE,EXPIRED,ENTRY_WINDOW_EXPIRED,True,,,,,,,,,,,,,,,,,,,,,,,,,,,,,,
9FHb6WtKT6xrC1ksjgkBeC81P8hNHVrMaLA4mbNKpump,FP1-RESEARCH-PROBE-LOOSE-0001,2,1787071474446793,1787071437000000,0,1,1,2,0,WAITING_FOR_IMPULSE,EXPIRED,ENTRY_WINDOW_EXPIRED,True,,,,,,,,,,,,,,,,,,,,,,,,,,,,,,
3j6VSKQH5o8rjXBvuRmC97a7wyPQznH8h23dmmaEpump,FP1-RESEARCH-PROBE-LOOSE-0001,2,1787071474445792,1787071437000000,0,1,1,2,0,WAITING_FOR_IMPULSE,EXPIRED,ENTRY_WINDOW_EXPIRED,True,,,,,,,,,,,,,,,,,,,,,,,,,,,,,,
CThQmfpdAvTzimjbs7MnsSQJKVhv6oQXZbrneWcEpump,FP1-RESEARCH-PROBE-LOOSE-0001,2,1787071474444792,1787071437000000,0,1,1,2,0,WAITING_FOR_IMPULSE,EXPIRED,ENTRY_WINDOW_EXPIRED,True,,,,,,,,,,,,,,,,,,,,,,,,,,,,,,
FtMyUinSqkzi8pTEBFS8qCe9HFKbNCvXm6J6QQZWpump,FP1-RESEARCH-PROBE-LOOSE-0001,2,1787071474442796,1787071437000000,0,1,1,2,0,WAITING_FOR_IMPULSE,EXPIRED,ENTRY_WINDOW_EXPIRED,True,,,,,,,,,,,,,,,,,,,,,,,,,,,,,,
4HU3ctGds7h4PQUjvtBxbPaqJoZQVqvUS4fVgABqpump,FP1-RESEARCH-PROBE-LOOSE-0001,2,1787071474441792,1787071437000000,0,1,1,2,0,WAITING_FOR_IMPULSE,EXPIRED,ENTRY_WINDOW_EXPIRED,True,,,,,,,,,,,,,,,,,,,,,,,,,,,,,,
BLbLqcnkX1gP1JcN2uXFK3zJWVxSocfb7oP5C7rFpump,FP1-RESEARCH-PROBE-LOOSE-0001,2,1787071474439791,1787071437000000,0,1,1,2,0,WAITING_FOR_IMPULSE,EXPIRED,ENTRY_WINDOW_EXPIRED,True,,,,,,,,,,,,,,,,,,,,,,,,,,,,,,
4LYSQRbcjAa7WhttK5KQtbdZBona993NFG6W2NmNpump,FP1-RESEARCH-PROBE-LOOSE-0001,2,1787071474437795,1787071437000000,0,1,1,2,0,WAITING_FOR_IMPULSE,EXPIRED,ENTRY_WINDOW_EXPIRED,True,,,,,,,,,,,,,,,,,,,,,,,,,,,,,,
9rxXcZYZN5p8JD1QuDqcPzTiHKD8S74LNoQp211bpump,FP1-RESEARCH-PROBE-LOOSE-0001,2,1787071474436791,1787071437000000,0,1,1,2,0,WAITING_FOR_IMPULSE,EXPIRED,ENTRY_WINDOW_EXPIRED,True,,,,,,,,,,,,,,,,,,,,,,,,,,,,,,
C8wcTHeiCWCnwcxBZci8KnGKoUy1WmfZ1EvxHJompump,FP1-RESEARCH-PROBE-LOOSE-0001,2,1787071474434793,1787071437000000,0,1,1,2,0,WAITING_FOR_IMPULSE,EXPIRED,ENTRY_WINDOW_EXPIRED,True,,,,,,,,,,,,,,,,,,,,,,,,,,,,,,
BVMWszp4v4XjVKbdJgSpAHbtBbJu8k7sa2NTXgCupump,FP1-RESEARCH-PROBE-LOOSE-0001,2,1787071474433791,1787071437000000,0,1,1,2,0,WAITING_FOR_IMPULSE,EXPIRED,ENTRY_WINDOW_EXPIRED,True,,,,,,,,,,,,,,,,,,,,,,,,,,,,,,
5zDo9sqwLvJPaHZYFogaUmdf7JtZ7KjT2iKmfxjopump,FP1-RESEARCH-PROBE-LOOSE-0001,2,1787071474431792,1787071437000000,0,1,1,2,0,WAITING_FOR_IMPULSE,EXPIRED,ENTRY_WINDOW_EXPIRED,True,,,,,,,,,,,,,,,,,,,,,,,,,,,,,,
9oGhrbZywdcKa17R33QbjUiRspVr1q1bXontZ5Lapump,FP1-RESEARCH-PROBE-LOOSE-0001,2,1787071474429791,1787071437000000,0,1,1,2,0,WAITING_FOR_IMPULSE,EXPIRED,ENTRY_WINDOW_EXPIRED,True,,,,,,,,,,,,,,,,,,,,,,,,,,,,,,
CtgX76Nz9eYShysWewBnFvRBA5UMw7bk8zpKZcSEpump,FP1-RESEARCH-PROBE-LOOSE-0001,2,1787071474428795,1787071437000000,0,1,1,2,0,WAITING_FOR_IMPULSE,EXPIRED,ENTRY_WINDOW_EXPIRED,True,,,,,,,,,,,,,,,,,,,,,,,,,,,,,,
36q9oHm1QYaiJbFGZHL4HaDRBzg3Ys9Z1Uou1Tqzpump,FP1-RESEARCH-PROBE-LOOSE-0001,2,1787071474427793,1787071437000000,0,1,1,2,0,WAITING_FOR_IMPULSE,EXPIRED,ENTRY_WINDOW_EXPIRED,True,,,,,,,,,,,,,,,,,,,,,,,,,,,,,,
B74C6sghBbSJgcpZxfaoryU5NzcvZXqp4UjJZ9Dppump,FP1-RESEARCH-PROBE-LOOSE-0001,2,1787071474424793,1787071437000000,0,1,1,2,0,WAITING_FOR_IMPULSE,EXPIRED,ENTRY_WINDOW_EXPIRED,True,,,,,,,,,,,,,,,,,,,,,,,,,,,,,,
9T8QP3Jk4ZQLTTet8UQXkhtysw7bNod3rrcbyvjxpump,FP1-RESEARCH-PROBE-LOOSE-0001,2,1787071474423795,1787071437000000,0,1,1,2,0,WAITING_FOR_IMPULSE,EXPIRED,ENTRY_WINDOW_EXPIRED,True,,,,,,,,,,,,,,,,,,,,,,,,,,,,,,
3JF2Ph2wBttbhL25q29LqjTDQPc8tyV8jfE9iBYVpump,FP1-RESEARCH-PROBE-LOOSE-0001,2,1787071474422792,1787071437000000,0,1,1,2,0,WAITING_FOR_IMPULSE,EXPIRED,ENTRY_WINDOW_EXPIRED,True,,,,,,,,,,,,,,,,,,,,,,,,,,,,,,
3Ts5EUgxWsYnsgjQrFkarumd1pSk6ytu3rXyZCtUpump,FP1-RESEARCH-PROBE-LOOSE-0001,2,1787071474414792,1787071437000000,0,1,1,2,0,WAITING_FOR_IMPULSE,EXPIRED,ENTRY_WINDOW_EXPIRED,True,,,,,,,,,,,,,,,,,,,,,,,,,,,,,,
GiELJxLUL88GGukAcQoTV8iErp533toFfpBVdevMpump,FP1-RESEARCH-PROBE-LOOSE-0001,2,1787071471834475,1787071437000000,0,2,2,2,0,WAITING_FOR_IMPULSE,EXPIRED,ENTRY_WINDOW_EXPIRED,True,,,,,,,,,,,,,,,,,,,,,,,,,,,,,,
9KvQaVokqD2YHLT1dtzT5jF5B7bLvVNdKnWtuP8Apump,FP1-RESEARCH-PROBE-LOOSE-0001,2,1787071471828476,1787071437000000,0,1,1,2,0,WAITING_FOR_IMPULSE,EXPIRED,ENTRY_WINDOW_EXPIRED,True,,,,,,,,,,,,,,,,,,,,,,,,,,,,,,
BXofeKqWdzMtcrFt7rNRKFfiEsdX3PW4jfoW8xcTpump,FP1-RESEARCH-PROBE-LOOSE-0001,2,1787071471825475,1787071437000000,0,1,1,2,0,WAITING_FOR_IMPULSE,EXPIRED,ENTRY_WINDOW_EXPIRED,True,,,,,,,,,,,,,,,,,,,,,,,,,,,,,,
6A9e85xYAuon93FSNwfWMR4TLQPtSNCR9pcb6bonpump,FP1-RESEARCH-PROBE-LOOSE-0001,2,1787071471824478,1787071437000000,0,1,1,2,0,WAITING_FOR_IMPULSE,EXPIRED,ENTRY_WINDOW_EXPIRED,True,,,,,,,,,,,,,,,,,,,,,,,,,,,,,,
D7Yamzjb2S6ujP13tAFH4C15VLYgUBt9jTD6We85pump,FP1-RESEARCH-PROBE-LOOSE-0001,2,1787071471821483,1787071437000000,0,1,1,2,0,WAITING_FOR_IMPULSE,EXPIRED,ENTRY_WINDOW_EXPIRED,True,,,,,,,,,,,,,,,,,,,,,,,,,,,,,,
GFHnc3qXMchXye1FHuqhve4qTVakV8AwHsegmJfppump,FP1-RESEARCH-PROBE-LOOSE-0001,2,1787071471815474,1787071437000000,0,1,1,2,0,WAITING_FOR_IMPULSE,EXPIRED,ENTRY_WINDOW_EXPIRED,True,,,,,,,,,,,,,,,,,,,,,,,,,,,,,,
2ZJdKnQUuKBtVir6nJ8nim78Pk83niEPWjbmq1oBpump,FP1-RESEARCH-PROBE-LOOSE-0001,2,1787071471815474,1787071437000000,0,1,1,2,0,WAITING_FOR_IMPULSE,EXPIRED,ENTRY_WINDOW_EXPIRED,True,,,,,,,,,,,,,,,,,,,,,,,,,,,,,,
5vHCBdd5XTbH9ko2JQMyMtq1WxwDW1iDUHBMP4XSpump,FP1-RESEARCH-PROBE-LOOSE-0001,2,1787071471813476,1787071437000000,0,1,1,2,0,WAITING_FOR_IMPULSE,EXPIRED,ENTRY_WINDOW_EXPIRED,True,,,,,,,,,,,,,,,,,,,,,,,,,,,,,,
DL4LWQ51BdgbK46K4voDhFxZ4eXrJ5T7ApWDnR9cpump,FP1-RESEARCH-PROBE-LOOSE-0001,2,1787071471812480,1787071437000000,0,1,1,2,0,WAITING_FOR_IMPULSE,EXPIRED,ENTRY_WINDOW_EXPIRED,True,,,,,,,,,,,,,,,,,,,,,,,,,,,,,,
8zmsUTVT9axYkvAVmJV7R3psRXEfUB569KztXDuVpump,FP1-RESEARCH-PROBE-LOOSE-0001,2,1787071471811475,1787071437000000,0,1,1,2,0,WAITING_FOR_IMPULSE,EXPIRED,ENTRY_WINDOW_EXPIRED,True,,,,,,,,,,,,,,,,,,,,,,,,,,,,,,
78d8wNsjVsSqFZz6N4Y3eLs9qb2kNFku4gaaAvDGpump,FP1-RESEARCH-PROBE-LOOSE-0001,2,1787071471810475,1787071437000000,0,1,1,2,0,WAITING_FOR_IMPULSE,EXPIRED,ENTRY_WINDOW_EXPIRED,True,,,,,,,,,,,,,,,,,,,,,,,,,,,,,,
BBDBeTacV7yVotQbxBhD8XqRUDo5Wj6LiH4Uvquhpump,FP1-RESEARCH-PROBE-LOOSE-0001,2,1787071471808476,1787071437000000,0,1,1,2,0,WAITING_FOR_IMPULSE,EXPIRED,ENTRY_WINDOW_EXPIRED,True,,,,,,,,,,,,,,,,,,,,,,,,,,,,,,
Ao2VTkk453E4vvei13zWLBbGXivaboEEPNNfJQmZpump,FP1-RESEARCH-PROBE-LOOSE-0001,2,1787071471807475,1787071437000000,0,1,1,2,0,WAITING_FOR_IMPULSE,EXPIRED,ENTRY_WINDOW_EXPIRED,True,,,,,,,,,,,,,,,,,,,,,,,,,,,,,,
GDZgZchNFFhTaUteLt3PgDVb9XAiTg6hyxBEuSn4pump,FP1-RESEARCH-PROBE-LOOSE-0001,2,1787071471805477,1787071437000000,0,1,1,2,0,WAITING_FOR_IMPULSE,EXPIRED,ENTRY_WINDOW_EXPIRED,True,,,,,,,,,,,,,,,,,,,,,,,,,,,,,,
3hjwopu5nYo7PoDzrN4oD37bNJtKEZseo2P2HVMjpump,FP1-RESEARCH-PROBE-LOOSE-0001,2,1787071471803480,1787071437000000,0,1,1,2,0,WAITING_FOR_IMPULSE,EXPIRED,ENTRY_WINDOW_EXPIRED,True,,,,,,,,,,,,,,,,,,,,,,,,,,,,,,
BB16FxLnHbcUJvVCft2wvQSZua5krZsqraRKYecppump,FP1-RESEARCH-PROBE-LOOSE-0001,2,1787071471802476,1787071437000000,0,1,1,2,0,WAITING_FOR_IMPULSE,EXPIRED,ENTRY_WINDOW_EXPIRED,True,,,,,,,,,,,,,,,,,,,,,,,,,,,,,,
6zrMfbiPEPRmnbzmAq4EspsZmzVKDkCdZTS6ScFQpump,FP1-RESEARCH-PROBE-LOOSE-0001,2,1787071471802476,1787071437000000,0,1,1,2,0,WAITING_FOR_IMPULSE,EXPIRED,ENTRY_WINDOW_EXPIRED,True,,,,,,,,,,,,,,,,,,,,,,,,,,,,,,
DDnqEBoaEJTKqvXCCfxoD6iTLNwu4f2MWRjYmGB2pump,FP1-RESEARCH-PROBE-LOOSE-0001,2,1787071471801475,1787071437000000,0,1,1,2,0,WAITING_FOR_IMPULSE,EXPIRED,ENTRY_WINDOW_EXPIRED,True,,,,,,,,,,,,,,,,,,,,,,,,,,,,,,
Bx7RNf1xJm4v4SpXuaKA6h61FMYBfUwsTp1oS7R4pump,FP1-RESEARCH-PROBE-LOOSE-0001,2,1787071471800482,1787071437000000,0,1,1,2,0,WAITING_FOR_IMPULSE,EXPIRED,ENTRY_WINDOW_EXPIRED,True,,,,,,,,,,,,,,,,,,,,,,,,,,,,,,
Gnx2qmY6J7ZvBELPXchqX6duQzneEcRLYZDGUCzZpump,FP1-RESEARCH-PROBE-LOOSE-0001,2,1787071471799475,1787071437000000,0,1,1,2,0,WAITING_FOR_IMPULSE,EXPIRED,ENTRY_WINDOW_EXPIRED,True,,,,,,,,,,,,,,,,,,,,,,,,,,,,,,
6CmhHYzL2grKmU1Ea5tCVNHPKW8gh3gtthuzTUbxpump,FP1-RESEARCH-PROBE-LOOSE-0001,2,1787071471783475,1787071437000000,0,1,1,2,0,WAITING_FOR_IMPULSE,EXPIRED,ENTRY_WINDOW_EXPIRED,True,,,,,,,,,,,,,,,,,,,,,,,,,,,,,,
3nZMXHrRBXRwiQYKjkzZxCMy7fEtTTXNS77H2b3Tpump,FP1-RESEARCH-PROBE-LOOSE-0001,2,1787071469813387,1787071437000000,0,1,1,2,0,WAITING_FOR_IMPULSE,EXPIRED,ENTRY_WINDOW_EXPIRED,True,,,,,,,,,,,,,,,,,,,,,,,,,,,,,,
Bu1NyoLKCUu7RGiRrPD8PGQLTdo6UucUx1UZ6B4apump,FP1-RESEARCH-PROBE-LOOSE-0001,2,1787071469813387,1787071437000000,0,1,1,2,0,WAITING_FOR_IMPULSE,EXPIRED,ENTRY_WINDOW_EXPIRED,True,,,,,,,,,,,,,,,,,,,,,,,,,,,,,,
8frk6YfiZK7TzNGFr672ZqNHpiyUbY6VaKJJ1ZRypump,FP1-RESEARCH-PROBE-LOOSE-0001,2,1787071469812386,1787071437000000,0,1,1,2,0,WAITING_FOR_IMPULSE,EXPIRED,ENTRY_WINDOW_EXPIRED,True,,,,,,,,,,,,,,,,,,,,,,,,,,,,,,
9LnTX3xyKsFL9eqrPUnab2Bazpp1gxizEpvwcFewpump,FP1-RESEARCH-PROBE-LOOSE-0001,2,1787071469811389,1787071437000000,0,1,1,2,0,WAITING_FOR_IMPULSE,EXPIRED,ENTRY_WINDOW_EXPIRED,True,,,,,,,,,,,,,,,,,,,,,,,,,,,,,,
HCjYLf3pWrwCb4i4y9nwgK4xem3AFEGj4aYE4HmApump,FP1-RESEARCH-PROBE-LOOSE-0001,2,1787071469810386,1787071437000000,0,1,1,2,0,WAITING_FOR_IMPULSE,EXPIRED,ENTRY_WINDOW_EXPIRED,True,,,,,,,,,,,,,,,,,,,,,,,,,,,,,,
78fMNvqJ9pnpceYqrE6Cf7qyWefpcXjmtTcpW4iwpump,FP1-RESEARCH-PROBE-LOOSE-0001,2,1787071469803386,1787071437000000,0,1,1,2,0,WAITING_FOR_IMPULSE,EXPIRED,ENTRY_WINDOW_EXPIRED,True,,,,,,,,,,,,,,,,,,,,,,,,,,,,,,
FjxKj672inUk8ZkBxhxUVMgWQvs3grHCqNk5gWhRpump,FP1-RESEARCH-PROBE-LOOSE-0001,2,1787071469802388,1787071437000000,0,1,1,2,0,WAITING_FOR_IMPULSE,EXPIRED,ENTRY_WINDOW_EXPIRED,True,,,,,,,,,,,,,,,,,,,,,,,,,,,,,,
9QQeuAcr6Aw3wkBtpSpgPDRd6LvVcuCqqXWR3UGfpump,FP1-RESEARCH-PROBE-LOOSE-0001,2,1787071469800387,1787071437000000,0,1,1,2,0,WAITING_FOR_IMPULSE,EXPIRED,ENTRY_WINDOW_EXPIRED,True,,,,,,,,,,,,,,,,,,,,,,,,,,,,,,
E5jGnQhacL5pK2N2sXU7mpUCm6Aa3mqi5X6bWaS1pump,FP1-RESEARCH-PROBE-LOOSE-0001,2,1787071469799386,1787071437000000,0,1,1,2,0,WAITING_FOR_IMPULSE,EXPIRED,ENTRY_WINDOW_EXPIRED,True,,,,,,,,,,,,,,,,,,,,,,,,,,,,,,
HpNUbhYNJVJtqrXhiSFnFniC6jNpp4z1oyEcCDwjpump,FP1-RESEARCH-PROBE-LOOSE-0001,2,1787071469796387,1787071437000000,0,1,1,2,0,WAITING_FOR_IMPULSE,EXPIRED,ENTRY_WINDOW_EXPIRED,True,,,,,,,,,,,,,,,,,,,,,,,,,,,,,,
5RKVXkLNnx3ZtiRToYhqQk9DeTX5LSotJb8J29g9pump,FP1-RESEARCH-PROBE-LOOSE-0001,2,1787071469794387,1787071437000000,0,1,1,2,0,WAITING_FOR_IMPULSE,EXPIRED,ENTRY_WINDOW_EXPIRED,True,,,,,,,,,,,,,,,,,,,,,,,,,,,,,,
6xh7h93XbE3qYa5xhSpBjMBpBJHj98Eb9dnePsTpump,FP1-RESEARCH-PROBE-LOOSE-0001,2,1787071469793389,1787071437000000,0,1,1,2,0,WAITING_FOR_IMPULSE,EXPIRED,ENTRY_WINDOW_EXPIRED,True,,,,,,,,,,,,,,,,,,,,,,,,,,,,,,
DmTCZjpe6fgWWUpT57VX7XiLXcDXLwYAjFdZisSppump,FP1-RESEARCH-PROBE-LOOSE-0001,2,1787071469792394,1787071437000000,0,1,1,2,0,WAITING_FOR_IMPULSE,EXPIRED,ENTRY_WINDOW_EXPIRED,True,,,,,,,,,,,,,,,,,,,,,,,,,,,,,,
GHp5tD78psQ5MvPV3vUkh1zsaHv8WcS1eRfqxHYopump,FP1-RESEARCH-PROBE-LOOSE-0001,2,1787071469791392,1787071437000000,0,1,1,2,0,WAITING_FOR_IMPULSE,EXPIRED,ENTRY_WINDOW_EXPIRED,True,,,,,,,,,,,,,,,,,,,,,,,,,,,,,,
GGJvdihsGQ4Sr983L9RyriBcw1eCYbWeTyFhhk4gpump,FP1-RESEARCH-PROBE-LOOSE-0001,2,1787071469789392,1787071437000000,0,1,1,2,0,WAITING_FOR_IMPULSE,EXPIRED,ENTRY_WINDOW_EXPIRED,True,,,,,,,,,,,,,,,,,,,,,,,,,,,,,,
A1c7iVuiTbPdtRX3Jk64pJTwdHbnarvjRmfX7xBRpump,FP1-RESEARCH-PROBE-LOOSE-0001,2,1787071469788388,1787071437000000,0,1,1,2,0,WAITING_FOR_IMPULSE,EXPIRED,ENTRY_WINDOW_EXPIRED,True,,,,,,,,,,,,,,,,,,,,,,,,,,,,,,
8iQoNcNdr9gRzhXriVgxgfbgu8G8vSJABzbN4iYNpump,FP1-RESEARCH-PROBE-LOOSE-0001,2,1787071469787391,1787071437000000,0,1,1,2,0,WAITING_FOR_IMPULSE,EXPIRED,ENTRY_WINDOW_EXPIRED,True,,,,,,,,,,,,,,,,,,,,,,,,,,,,,,
GrXoSkwF5RRncT3fgTChVr1xxKmcKoQc28GArYoUpump,FP1-RESEARCH-PROBE-LOOSE-0001,2,1787071469786391,1787071437000000,0,1,1,2,0,WAITING_FOR_IMPULSE,EXPIRED,ENTRY_WINDOW_EXPIRED,True,,,,,,,,,,,,,,,,,,,,,,,,,,,,,,
GPrHt4RcLreTiZKG6tAKu9xLmLhiCgNwvDSBV8B4pump,FP1-RESEARCH-PROBE-LOOSE-0001,2,1787071469784388,1787071437000000,0,1,1,2,0,WAITING_FOR_IMPULSE,EXPIRED,ENTRY_WINDOW_EXPIRED,True,,,,,,,,,,,,,,,,,,,,,,,,,,,,,,
39Ja8BcJ8ECRwYvLQ9UStGYRfu4KidwK46asWUJrpump,FP1-RESEARCH-PROBE-LOOSE-0001,2,1787071469782387,1787071437000000,0,1,1,2,0,WAITING_FOR_IMPULSE,EXPIRED,ENTRY_WINDOW_EXPIRED,True,,,,,,,,,,,,,,,,,,,,,,,,,,,,,,
FrPqGhJnSsFxg7M2QWqBuCNFmY6EL9DmsqtG41xRpump,FP1-RESEARCH-PROBE-LOOSE-0001,2,1787071469781391,1787071437000000,0,1,1,2,0,WAITING_FOR_IMPULSE,EXPIRED,ENTRY_WINDOW_EXPIRED,True,,,,,,,,,,,,,,,,,,,,,,,,,,,,,,
3X68mvYKML6DesvyDdtUWLFqSzKh7P9F5FLEH16npump,FP1-RESEARCH-PROBE-LOOSE-0001,2,1787071469780387,1787071437000000,0,1,1,2,0,WAITING_FOR_IMPULSE,EXPIRED,ENTRY_WINDOW_EXPIRED,True,,,,,,,,,,,,,,,,,,,,,,,,,,,,,,
941zwwASB1h7cqkGCZGYW2F7YQ1s2Gh3rszjKrtPpump,FP1-RESEARCH-PROBE-LOOSE-0001,1,1787071469779387,1787071437000000,0,1,1,2,0,WAITING_FOR_IMPULSE,EXPIRED,ENTRY_WINDOW_EXPIRED,True,,,,,,,,,,,,,,,,,,,,,,,,,,,,,,
EdQjec1qKkTPZynbJeVih5RrYaGHyA3kt9FxHpjhpump,FP1-RESEARCH-PROBE-LOOSE-0001,1,1787071469775387,1787071437000000,0,1,1,2,0,WAITING_FOR_IMPULSE,EXPIRED,ENTRY_WINDOW_EXPIRED,True,,,,,,,,,,,,,,,,,,,,,,,,,,,,,,
3fkkuwz2HGpnfmRkadpB31nxyV51YXRahYa7MnrApump,FP1-RESEARCH-PROBE-LOOSE-0001,1,1787071469774386,1787071437000000,0,1,1,2,0,WAITING_FOR_IMPULSE,EXPIRED,ENTRY_WINDOW_EXPIRED,True,,,,,,,,,,,,,,,,,,,,,,,,,,,,,,
13QJLENJbotaW1oS5WoVrMSC7r3AZiJkMWixQLKhpump,FP1-RESEARCH-PROBE-LOOSE-0001,1,1787071467124500,1787071437000000,0,1,1,2,0,WAITING_FOR_IMPULSE,EXPIRED,ENTRY_WINDOW_EXPIRED,True,,,,,,,,,,,,,,,,,,,,,,,,,,,,,,
4Zuwt38qbCSHwhnQoJmLj6RLLmxVYMwQjfD8Fv7Mpump,FP1-RESEARCH-PROBE-LOOSE-0001,1,1787071467120500,1787071437000000,0,1,1,2,0,WAITING_FOR_IMPULSE,EXPIRED,ENTRY_WINDOW_EXPIRED,True,,,,,,,,,,,,,,,,,,,,,,,,,,,,,,
CrLGZLEK8oKK3RkezD8NFzdeGN5YT24sSvxmJ4dYpump,FP1-RESEARCH-PROBE-LOOSE-0001,1,1787071467119501,1787071437000000,0,1,1,2,0,WAITING_FOR_IMPULSE,EXPIRED,ENTRY_WINDOW_EXPIRED,True,,,,,,,,,,,,,,,,,,,,,,,,,,,,,,
8MJJGM7VEdNUZTKxT2xdSf5uMKRxYLLg26bhDTKEpump,FP1-RESEARCH-PROBE-LOOSE-0001,1,1787071467118501,1787071437000000,0,1,1,2,0,WAITING_FOR_IMPULSE,EXPIRED,ENTRY_WINDOW_EXPIRED,True,,,,,,,,,,,,,,,,,,,,,,,,,,,,,,
3J6jq1k1BcJT3BgsVpCh836umbeakxnACToywpC1pump,FP1-RESEARCH-PROBE-LOOSE-0001,1,1787071467117502,1787071437000000,0,1,1,2,0,WAITING_FOR_IMPULSE,EXPIRED,ENTRY_WINDOW_EXPIRED,True,,,,,,,,,,,,,,,,,,,,,,,,,,,,,,
UBQjCDDtpWL5nY46aR911XQ2fRwRwCgUfw8nBncpump,FP1-RESEARCH-PROBE-LOOSE-0001,1,1787071467116501,1787071437000000,0,1,1,2,0,WAITING_FOR_IMPULSE,EXPIRED,ENTRY_WINDOW_EXPIRED,True,,,,,,,,,,,,,,,,,,,,,,,,,,,,,,
4bEy3XWdyzrER1R4aiCxeD3SRx1EoH1Gwru9wa99pump,FP1-RESEARCH-PROBE-LOOSE-0001,1,1787071467115500,1787071437000000,0,1,1,2,0,WAITING_FOR_IMPULSE,EXPIRED,ENTRY_WINDOW_EXPIRED,True,,,,,,,,,,,,,,,,,,,,,,,,,,,,,,
6idpSqP5DhC2sRTSJHMhCEuPHSt1ysm4JNtLBoiTpump,FP1-RESEARCH-PROBE-LOOSE-0001,1,1787071467111500,1787071437000000,0,1,1,2,0,WAITING_FOR_IMPULSE,EXPIRED,ENTRY_WINDOW_EXPIRED,True,,,,,,,,,,,,,,,,,,,,,,,,,,,,,,
5JavAQr2RviPSDTB7TZLv7UEVNYbErQZ1WSGBZLHpump,FP1-RESEARCH-PROBE-LOOSE-0001,1,1787071467110500,1787071437000000,0,1,1,2,0,WAITING_FOR_IMPULSE,EXPIRED,ENTRY_WINDOW_EXPIRED,True,,,,,,,,,,,,,,,,,,,,,,,,,,,,,,
8ogYzkMTJtt9SH27zDnY8Zyonzyof31E3zkwbjBCpump,FP1-RESEARCH-PROBE-LOOSE-0001,1,1787071467109501,1787071437000000,0,1,1,2,0,WAITING_FOR_IMPULSE,EXPIRED,ENTRY_WINDOW_EXPIRED,True,,,,,,,,,,,,,,,,,,,,,,,,,,,,,,
61nvwwogi1jpXfC6syggKfsGQ5BCkpoabdLjPRiqpump,FP1-RESEARCH-PROBE-LOOSE-0001,1,1787071467108501,1787071437000000,0,1,1,2,0,WAITING_FOR_IMPULSE,EXPIRED,ENTRY_WINDOW_EXPIRED,True,,,,,,,,,,,,,,,,,,,,,,,,,,,,,,
Dn58MtkkMTTdpgM3CY5U9sroKKRzWhKeqHg1upDHpump,FP1-RESEARCH-PROBE-LOOSE-0001,1,1787071467107500,1787071437000000,0,1,1,2,0,WAITING_FOR_IMPULSE,EXPIRED,ENTRY_WINDOW_EXPIRED,True,,,,,,,,,,,,,,,,,,,,,,,,,,,,,,
5EUirFFgLMyfy4MRnsR8D9EmMuCtS7U9UzjnW7vDpump,FP1-RESEARCH-PROBE-LOOSE-0001,1,1787071467100505,1787071437000000,0,1,1,2,0,WAITING_FOR_IMPULSE,EXPIRED,ENTRY_WINDOW_EXPIRED,True,,,,,,,,,,,,,,,,,,,,,,,,,,,,,,
4q6UcPTFYKUZVtQ17xRQddQcXpQENkXeZYG5ULRgpump,FP1-RESEARCH-PROBE-LOOSE-0001,1,1787071467099500,1787071437000000,0,1,1,2,0,WAITING_FOR_IMPULSE,EXPIRED,ENTRY_WINDOW_EXPIRED,True,,,,,,,,,,,,,,,,,,,,,,,,,,,,,,
34W3pzUDJ4AKgBiHQy56jYdubiLPQHZhUtSNYgMRpump,FP1-RESEARCH-PROBE-LOOSE-0001,1,1787071467098501,1787071437000000,0,1,1,2,0,WAITING_FOR_IMPULSE,EXPIRED,ENTRY_WINDOW_EXPIRED,True,,,,,,,,,,,,,,,,,,,,,,,,,,,,,,
2965ex9UjjD6piAZaecyGo3HitPBzWPZjLRPbBwhpump,FP1-RESEARCH-PROBE-LOOSE-0001,1,1787071467097499,1787071437000000,0,1,1,2,0,WAITING_FOR_IMPULSE,EXPIRED,ENTRY_WINDOW_EXPIRED,True,,,,,,,,,,,,,,,,,,,,,,,,,,,,,,
2mgkxvysYgEy1T85ucigrTeHjqiCARNkQ8LHBs4ipump,FP1-RESEARCH-PROBE-LOOSE-0001,1,1787071467094500,1787071437000000,0,1,1,2,0,WAITING_FOR_IMPULSE,EXPIRED,ENTRY_WINDOW_EXPIRED,True,,,,,,,,,,,,,,,,,,,,,,,,,,,,,,
7iFpJEngKnUDiXgz97cKi23qo6bBhKPLG38Mw3VDpump,FP1-RESEARCH-PROBE-LOOSE-0001,1,1787071467093502,1787071437000000,0,1,1,2,0,WAITING_FOR_IMPULSE,EXPIRED,ENTRY_WINDOW_EXPIRED,True,,,,,,,,,,,,,,,,,,,,,,,,,,,,,,
99FB8hy9LvYZu5mGZMgKTBRSbYixUT83GtFq7FEppump,FP1-RESEARCH-PROBE-LOOSE-0001,1,1787071467092500,1787071437000000,0,1,1,2,0,WAITING_FOR_IMPULSE,EXPIRED,ENTRY_WINDOW_EXPIRED,True,,,,,,,,,,,,,,,,,,,,,,,,,,,,,,
66mTPRe5h3iHAa4yB8Sck3tQKr5osgAwpsBXWQb6pump,FP1-RESEARCH-PROBE-LOOSE-0001,1,1787071467091500,1787071437000000,0,1,1,2,0,WAITING_FOR_IMPULSE,EXPIRED,ENTRY_WINDOW_EXPIRED,True,,,,,,,,,,,,,,,,,,,,,,,,,,,,,,
DvA624znESSr1Yiuc7i5wLPQBZ6fE86WBYioHorApump,FP1-RESEARCH-PROBE-LOOSE-0001,1,1787071464470989,1787071437000000,0,1,1,2,0,WAITING_FOR_IMPULSE,EXPIRED,ENTRY_WINDOW_EXPIRED,True,,,,,,,,,,,,,,,,,,,,,,,,,,,,,,
PoU15NBsNm5diB4XHPt6EyKibdJmekaXbN9KaVhpump,FP1-RESEARCH-PROBE-LOOSE-0001,1,1787071464414989,1787071437000000,0,12,12,4,0,WAITING_FOR_PULLBACK,EXPIRED,ENTRY_WINDOW_EXPIRED,True,2,648,2,2,2,1975308640,36,6343,,,,,,,,,,,,,,,,,,,,,,
3qsuQgH85Y9V66vbd3zZQ5oWYqHqvLg2m9QM2u4npump,FP1-RESEARCH-PROBE-LOOSE-0001,1,1787071461993410,1787071437000000,0,4,4,2,0,WAITING_FOR_IMPULSE,EXPIRED,ENTRY_WINDOW_EXPIRED,True,,,,,,,,,,,,,,,,,,,,,,,,,,,,,,
9J2qTuBwDhDX5Q1zKxRyEgzeazTeHU4HPMwUjfFDpump,FP1-RESEARCH-PROBE-LOOSE-0001,1,1787071461974410,1787071437000000,0,1,1,2,0,WAITING_FOR_IMPULSE,EXPIRED,ENTRY_WINDOW_EXPIRED,True,,,,,,,,,,,,,,,,,,,,,,,,,,,,,,
CtDZ8NYzCXPsT6YvnsVtfrYtyuVBNdWc7BTLZv8Kpump,FP1-RESEARCH-PROBE-LOOSE-0001,1,1787071461970410,1787071437000000,0,1,1,2,0,WAITING_FOR_IMPULSE,EXPIRED,ENTRY_WINDOW_EXPIRED,True,,,,,,,,,,,,,,,,,,,,,,,,,,,,,,
D1s83xGN2PukTpJTB9UbJeEtzEKET3Z4NpCy48gipump,FP1-RESEARCH-PROBE-LOOSE-0001,1,1787071461969409,1787071437000000,0,1,1,2,0,WAITING_FOR_IMPULSE,EXPIRED,ENTRY_WINDOW_EXPIRED,True,,,,,,,,,,,,,,,,,,,,,,,,,,,,,,
5fXzt5sy4zuqK7qTUyPPyPVtdfWQUSE8Jfsi3y3opump,FP1-RESEARCH-PROBE-LOOSE-0001,1,1787071461967409,1787071437000000,0,1,1,2,0,WAITING_FOR_IMPULSE,EXPIRED,ENTRY_WINDOW_EXPIRED,True,,,,,,,,,,,,,,,,,,,,,,,,,,,,,,
8QiMxSyBCBqiLK6HrzuVDY5SWqkaXA5gaWYVFbwspump,FP1-RESEARCH-PROBE-LOOSE-0001,1,1787071461963410,1787071437000000,0,1,1,2,0,WAITING_FOR_IMPULSE,EXPIRED,ENTRY_WINDOW_EXPIRED,True,,,,,,,,,,,,,,,,,,,,,,,,,,,,,,
2JcYgBQpD4T6KwNrywwzUpBka6pBeEEJsXPcYys7pump,FP1-RESEARCH-PROBE-LOOSE-0001,1,1787071461957410,1787071437000000,0,1,1,2,0,WAITING_FOR_IMPULSE,EXPIRED,ENTRY_WINDOW_EXPIRED,True,,,,,,,,,,,,,,,,,,,,,,,,,,,,,,
Ew86xQ8tjmRnfYkDomJoTeWk36wasX42yhJmvdxHpump,FP1-RESEARCH-PROBE-LOOSE-0001,1,1787071461956412,1787071437000000,0,1,1,2,0,WAITING_FOR_IMPULSE,EXPIRED,ENTRY_WINDOW_EXPIRED,True,,,,,,,,,,,,,,,,,,,,,,,,,,,,,,
3q29JTZEkShYJ3GpjUgUvTY6kSwP1w2o8oGRAPNppump,FP1-RESEARCH-PROBE-LOOSE-0001,1,1787071461953410,1787071437000000,0,1,1,2,0,WAITING_FOR_IMPULSE,EXPIRED,ENTRY_WINDOW_EXPIRED,True,,,,,,,,,,,,,,,,,,,,,,,,,,,,,,
GXaoeYjEUUqvZUJCmfExdRzP3EUCFD2ieMXSQzmhpump,FP1-RESEARCH-PROBE-LOOSE-0001,1,1787071461951409,1787071437000000,0,1,1,2,0,WAITING_FOR_IMPULSE,EXPIRED,ENTRY_WINDOW_EXPIRED,True,,,,,,,,,,,,,,,,,,,,,,,,,,,,,,
De223q3f5QZrYBAXZWwevNpDoU9Pqahc8LpAUyTzpump,FP1-RESEARCH-PROBE-LOOSE-0001,1,1787071461949411,1787071437000000,0,1,1,2,0,WAITING_FOR_IMPULSE,EXPIRED,ENTRY_WINDOW_EXPIRED,True,,,,,,,,,,,,,,,,,,,,,,,,,,,,,,
BDavrN9S8cZC9Dh1S1vmFyt6EiWWXg36dnJGEBeZpump,FP1-RESEARCH-PROBE-LOOSE-0001,1,1787071461939412,1787071437000000,0,1,1,2,0,WAITING_FOR_IMPULSE,EXPIRED,ENTRY_WINDOW_EXPIRED,True,,,,,,,,,,,,,,,,,,,,,,,,,,,,,,
JQAgU5WKpK9Z16v6XWps9BUJGprEQMnHPmUKXGmpump,FP1-RESEARCH-PROBE-LOOSE-0001,1,1787071461935410,1787071437000000,0,1,1,2,0,WAITING_FOR_IMPULSE,EXPIRED,ENTRY_WINDOW_EXPIRED,True,,,,,,,,,,,,,,,,,,,,,,,,,,,,,,
9P9kfu5wYaMAQ76SX7FmhZP6K3NGZrRNJmFoAizypump,FP1-RESEARCH-PROBE-LOOSE-0001,1,1787071461934410,1787071437000000,0,1,1,2,0,WAITING_FOR_IMPULSE,EXPIRED,ENTRY_WINDOW_EXPIRED,True,,,,,,,,,,,,,,,,,,,,,,,,,,,,,,
GWLxmQpU3xGpXtAuBDCcmdePQMuunPWQhvFBfkYVpump,FP1-RESEARCH-PROBE-LOOSE-0001,1,1787071459194634,1787071437000000,0,1,1,2,0,WAITING_FOR_IMPULSE,EXPIRED,ENTRY_WINDOW_EXPIRED,True,,,,,,,,,,,,,,,,,,,,,,,,,,,,,,
DgGDKSA2bn3fV5D6jrQrKvDmB7aYUymQgSosPw2cpump,FP1-RESEARCH-PROBE-LOOSE-0001,1,1787071459192634,1787071437000000,0,1,1,2,0,WAITING_FOR_IMPULSE,EXPIRED,ENTRY_WINDOW_EXPIRED,True,,,,,,,,,,,,,,,,,,,,,,,,,,,,,,
2WABzMSjRid2KbiGFZULAGcWDKp4XtbsFvFmKCEvpump,FP1-RESEARCH-PROBE-LOOSE-0001,1,1787071459191634,1787071437000000,0,1,1,2,0,WAITING_FOR_IMPULSE,EXPIRED,ENTRY_WINDOW_EXPIRED,True,,,,,,,,,,,,,,,,,,,,,,,,,,,,,,
G8Lhs993hT1xMWh9cu7DXj7TYCaXpoQ5QGeveZsRpump,FP1-RESEARCH-PROBE-LOOSE-0001,1,1787071459190635,1787071437000000,0,1,1,2,0,WAITING_FOR_IMPULSE,EXPIRED,ENTRY_WINDOW_EXPIRED,True,,,,,,,,,,,,,,,,,,,,,,,,,,,,,,
j9AUkZSrkC22tAgaTp3ar31h8vX1REK8rQEyWAWpump,FP1-RESEARCH-PROBE-LOOSE-0001,1,1787071459188635,1787071437000000,0,1,1,2,0,WAITING_FOR_IMPULSE,EXPIRED,ENTRY_WINDOW_EXPIRED,True,,,,,,,,,,,,,,,,,,,,,,,,,,,,,,
N1dU4szdVnpppREm6DygCsxKizBtBkiqzLniHc3pump,FP1-RESEARCH-PROBE-LOOSE-0001,1,1787071459186635,1787071437000000,0,1,1,2,0,WAITING_FOR_IMPULSE,EXPIRED,ENTRY_WINDOW_EXPIRED,True,,,,,,,,,,,,,,,,,,,,,,,,,,,,,,
HuoQJ3cYYVf6H4bnaVEDqb2wkCKGKgXAJMbNHMgjpump,FP1-RESEARCH-PROBE-LOOSE-0001,1,1787071459182637,1787071437000000,0,1,1,2,0,WAITING_FOR_IMPULSE,EXPIRED,ENTRY_WINDOW_EXPIRED,True,,,,,,,,,,,,,,,,,,,,,,,,,,,,,,
Hdo7yj7uCfekRpGdvCumSVvdRQ8GhV3uDk4y36Zwpump,FP1-RESEARCH-PROBE-LOOSE-0001,1,1787071459180634,1787071437000000,0,1,1,2,0,WAITING_FOR_IMPULSE,EXPIRED,ENTRY_WINDOW_EXPIRED,True,,,,,,,,,,,,,,,,,,,,,,,,,,,,,,
4r64uYwedD7TpXFyJjSDNTZP4tNiRYxDu8Dgucdxpump,FP1-RESEARCH-PROBE-LOOSE-0001,1,1787071459179634,1787071437000000,0,1,1,2,0,WAITING_FOR_IMPULSE,EXPIRED,ENTRY_WINDOW_EXPIRED,True,,,,,,,,,,,,,,,,,,,,,,,,,,,,,,
FCBkyw3FrNngBmZZQ37a7wD47d4nmCqxZeM9J36rpump,FP1-RESEARCH-PROBE-LOOSE-0001,1,1787071459177634,1787071437000000,0,1,1,2,0,WAITING_FOR_IMPULSE,EXPIRED,ENTRY_WINDOW_EXPIRED,True,,,,,,,,,,,,,,,,,,,,,,,,,,,,,,
BV4JQqSoShyrsGphhjg9vcXV8Gs4ngy694K9Zoz5pump,FP1-RESEARCH-PROBE-LOOSE-0001,1,1787071459175634,1787071437000000,0,1,1,2,0,WAITING_FOR_IMPULSE,EXPIRED,ENTRY_WINDOW_EXPIRED,True,,,,,,,,,,,,,,,,,,,,,,,,,,,,,,
JCpq8ErukEjHQHdPgGCvjd71xgqoAF4UshXZpHsHpump,FP1-RESEARCH-PROBE-LOOSE-0001,1,1787071459171634,1787071437000000,0,1,1,2,0,WAITING_FOR_IMPULSE,EXPIRED,ENTRY_WINDOW_EXPIRED,True,,,,,,,,,,,,,,,,,,,,,,,,,,,,,,
ni8gRCZj3G2miTtm3gnntwtjJJVb5kq35bTbYNNpump,FP1-RESEARCH-PROBE-LOOSE-0001,1,1787071459168639,1787071437000000,0,1,1,2,0,WAITING_FOR_IMPULSE,EXPIRED,ENTRY_WINDOW_EXPIRED,True,,,,,,,,,,,,,,,,,,,,,,,,,,,,,,
96gvtdtg1D6XrxLscW4mMtqQ8R2kdzCLbJrHSt3dpump,FP1-RESEARCH-PROBE-LOOSE-0001,1,1787071459167635,1787071437000000,0,1,1,2,0,WAITING_FOR_IMPULSE,EXPIRED,ENTRY_WINDOW_EXPIRED,True,,,,,,,,,,,,,,,,,,,,,,,,,,,,,,
Cw2wNq6rFJY7o6HhmfTSfz6TfVMdEWwjfU3fYCQ9pump,FP1-RESEARCH-PROBE-LOOSE-0001,1,1787071459165635,1787071437000000,0,1,1,2,0,WAITING_FOR_IMPULSE,EXPIRED,ENTRY_WINDOW_EXPIRED,True,,,,,,,,,,,,,,,,,,,,,,,,,,,,,,
toSChJ9RWXT5quB2X32woex149YwbmiK4xKpxtapump,FP1-RESEARCH-PROBE-LOOSE-0001,1,1787071459163636,1787071437000000,0,1,1,2,0,WAITING_FOR_IMPULSE,EXPIRED,ENTRY_WINDOW_EXPIRED,True,,,,,,,,,,,,,,,,,,,,,,,,,,,,,,
LqY3F2XndNXZ8XCnPo952e1w85DiW9QxH9wUZUjpump,FP1-RESEARCH-PROBE-LOOSE-0001,1,1787071459161636,1787071437000000,0,1,1,2,0,WAITING_FOR_IMPULSE,EXPIRED,ENTRY_WINDOW_EXPIRED,True,,,,,,,,,,,,,,,,,,,,,,,,,,,,,,
G7yTabGxZANTrsyEwgJDsrWHdVTDWCE8h1sRUbHqpump,FP1-RESEARCH-PROBE-LOOSE-0001,1,1787071459160639,1787071437000000,0,1,1,2,0,WAITING_FOR_IMPULSE,EXPIRED,ENTRY_WINDOW_EXPIRED,True,,,,,,,,,,,,,,,,,,,,,,,,,,,,,,
7kwErtgE3RUHLyUaUbxSQ3EW3Y3FDukG1X4Xs8Uepump,FP1-RESEARCH-PROBE-LOOSE-0001,1,1787071459159639,1787071437000000,0,1,1,2,0,WAITING_FOR_IMPULSE,EXPIRED,ENTRY_WINDOW_EXPIRED,True,,,,,,,,,,,,,,,,,,,,,,,,,,,,,,
DhPPyArxXUC9AdcGa9t92XebEhvRs82wckrChVapump,FP1-RESEARCH-PROBE-LOOSE-0001,1,1787071459155634,1787071437000000,0,1,1,2,0,WAITING_FOR_IMPULSE,EXPIRED,ENTRY_WINDOW_EXPIRED,True,,,,,,,,,,,,,,,,,,,,,,,,,,,,,,
497hDzRx3HRUPp4HZcCz36mwnD5r6tFNdBNCveFYpump,FP1-RESEARCH-PROBE-LOOSE-0001,1,1787071459153634,1787071437000000,0,1,1,2,0,WAITING_FOR_IMPULSE,EXPIRED,ENTRY_WINDOW_EXPIRED,True,,,,,,,,,,,,,,,,,,,,,,,,,,,,,,
CZ1p6F18BxTwmsEVPVLPRTgaMRsZjnwG3V6ug8LEpump,FP1-RESEARCH-PROBE-LOOSE-0001,1,1787071459151636,1787071437000000,0,1,1,2,0,WAITING_FOR_IMPULSE,EXPIRED,ENTRY_WINDOW_EXPIRED,True,,,,,,,,,,,,,,,,,,,,,,,,,,,,,,
BSdJz3ZFx3HufJTRmY3U31sJfCGNGhWv9hg2tgjnpump,FP1-RESEARCH-PROBE-LOOSE-0001,1,1787071459149635,1787071437000000,0,1,1,2,0,WAITING_FOR_IMPULSE,EXPIRED,ENTRY_WINDOW_EXPIRED,True,,,,,,,,,,,,,,,,,,,,,,,,,,,,,,
A8ecPyQis5Rn7VibuGTd2uMXVQeKGaCQCNESUx9fpump,FP1-RESEARCH-PROBE-LOOSE-0001,1,1787071459145635,1787071437000000,0,1,1,2,0,WAITING_FOR_IMPULSE,EXPIRED,ENTRY_WINDOW_EXPIRED,True,,,,,,,,,,,,,,,,,,,,,,,,,,,,,,
GV2j61njsQ32vCnuUKqfvYXzKxoSRvZ2aajucRpVpump,FP1-RESEARCH-PROBE-LOOSE-0001,1,1787071459144636,1787071437000000,0,1,1,2,0,WAITING_FOR_IMPULSE,EXPIRED,ENTRY_WINDOW_EXPIRED,True,,,,,,,,,,,,,,,,,,,,,,,,,,,,,,
WyRfswVmF1vfKiThZUtFEM6dxfi9ERT81ASJMoBpump,FP1-RESEARCH-PROBE-LOOSE-0001,1,1787071459141634,1787071437000000,0,1,1,2,0,WAITING_FOR_IMPULSE,EXPIRED,ENTRY_WINDOW_EXPIRED,True,,,,,,,,,,,,,,,,,,,,,,,,,,,,,,
7kNiUgLewRoDkTraVX8tRwX5PrMiYaGCgu2rR9L4pump,FP1-RESEARCH-PROBE-LOOSE-0001,1,1787071459140638,1787071437000000,0,1,1,2,0,WAITING_FOR_IMPULSE,EXPIRED,ENTRY_WINDOW_EXPIRED,True,,,,,,,,,,,,,,,,,,,,,,,,,,,,,,
3XKYn2CRE8y43zAn4MdmctyMwY3aDbFoacFCWxpvpump,FP1-RESEARCH-PROBE-LOOSE-0001,1,1787071459138634,1787071437000000,0,1,1,2,0,WAITING_FOR_IMPULSE,EXPIRED,ENTRY_WINDOW_EXPIRED,True,,,,,,,,,,,,,,,,,,,,,,,,,,,,,,
Axt1wS9jQnSNPVhazug5oFCfcP2hnqeq8sZnSPE4pump,FP1-RESEARCH-PROBE-LOOSE-0001,1,1787071459135635,1787071437000000,0,1,1,2,0,WAITING_FOR_IMPULSE,EXPIRED,ENTRY_WINDOW_EXPIRED,True,,,,,,,,,,,,,,,,,,,,,,,,,,,,,,
75ScaQj8YnnGhmzZiZ3jtHxack9X6cGRr5red8bhpump,FP1-RESEARCH-PROBE-LOOSE-0001,1,1787071459134636,1787071437000000,0,1,1,2,0,WAITING_FOR_IMPULSE,EXPIRED,ENTRY_WINDOW_EXPIRED,True,,,,,,,,,,,,,,,,,,,,,,,,,,,,,,
8Xy1RAeEy7n7VnoTLrJ23st8EgUTP3XSudQTNtCNpump,FP1-RESEARCH-PROBE-LOOSE-0001,1,1787071456350071,1787071437000000,0,1,1,2,0,WAITING_FOR_IMPULSE,EXPIRED,ENTRY_WINDOW_EXPIRED,True,,,,,,,,,,,,,,,,,,,,,,,,,,,,,,
BJVqCGNJh7yVnfhPK3tgXMkmxPMY8ZYhgm5T7yDwpump,FP1-RESEARCH-PROBE-LOOSE-0001,1,1787071456349072,1787071437000000,0,1,1,2,0,WAITING_FOR_IMPULSE,EXPIRED,ENTRY_WINDOW_EXPIRED,True,,,,,,,,,,,,,,,,,,,,,,,,,,,,,,
3R6w2FeGnDYLqGUZTzvnn34CCe9F3ZhX1nQKy1Uppump,FP1-RESEARCH-PROBE-LOOSE-0001,1,1787071456344074,1787071437000000,0,1,1,2,0,WAITING_FOR_IMPULSE,EXPIRED,ENTRY_WINDOW_EXPIRED,True,,,,,,,,,,,,,,,,,,,,,,,,,,,,,,
EVRWcPhsv6egPmYZuXK7z21PrD2W93kJzmnFeoBbpump,FP1-RESEARCH-PROBE-LOOSE-0001,1,1787071456343072,1787071437000000,0,1,1,2,0,WAITING_FOR_IMPULSE,EXPIRED,ENTRY_WINDOW_EXPIRED,True,,,,,,,,,,,,,,,,,,,,,,,,,,,,,,
B8esAhxfboHgazcUUhaXTerfXKPdsTrGFQN82D2ipump,FP1-RESEARCH-PROBE-LOOSE-0001,1,1787071456341076,1787071437000000,0,1,1,2,0,WAITING_FOR_IMPULSE,EXPIRED,ENTRY_WINDOW_EXPIRED,True,,,,,,,,,,,,,,,,,,,,,,,,,,,,,,
7R13TJMBVFhK7xW45HwP3kNvfazzWnsup5s6siFmpump,FP1-RESEARCH-PROBE-LOOSE-0001,1,1787071456339075,1787071437000000,0,1,1,2,0,WAITING_FOR_IMPULSE,EXPIRED,ENTRY_WINDOW_EXPIRED,True,,,,,,,,,,,,,,,,,,,,,,,,,,,,,,
BRgmB1qDWHaWpbEP1BD5d6RfFTfwefbygDMNa9hrpump,FP1-RESEARCH-PROBE-LOOSE-0001,1,1787071456338075,1787071437000000,0,1,1,2,0,WAITING_FOR_IMPULSE,EXPIRED,ENTRY_WINDOW_EXPIRED,True,,,,,,,,,,,,,,,,,,,,,,,,,,,,,,
9H1DwjtY4uQFEWfTFArdwynt8bGFJbbtpEuuuYMzpump,FP1-RESEARCH-PROBE-LOOSE-0001,1,1787071456329071,1787071437000000,0,1,1,2,0,WAITING_FOR_IMPULSE,EXPIRED,ENTRY_WINDOW_EXPIRED,True,,,,,,,,,,,,,,,,,,,,,,,,,,,,,,
3JEKKUNsWA6sTAY8aNvs2Dbom47q7w62yH1w38Yvpump,FP1-RESEARCH-PROBE-LOOSE-0001,1,1787071456328071,1787071437000000,0,1,1,2,0,WAITING_FOR_IMPULSE,EXPIRED,ENTRY_WINDOW_EXPIRED,True,,,,,,,,,,,,,,,,,,,,,,,,,,,,,,
B5dgnGxYVgYRqopqrVAfBKDJZ1pGesuk924Ri97Lpump,FP1-RESEARCH-PROBE-LOOSE-0001,1,1787071456326071,1787071437000000,0,1,1,2,0,WAITING_FOR_IMPULSE,EXPIRED,ENTRY_WINDOW_EXPIRED,True,,,,,,,,,,,,,,,,,,,,,,,,,,,,,,
BEoDpK5fs8BQMJTRxuUQcK7teQxrbabnmUWPT5t6pump,FP1-RESEARCH-PROBE-LOOSE-0001,1,1787071456325071,1787071437000000,0,1,1,2,0,WAITING_FOR_IMPULSE,EXPIRED,ENTRY_WINDOW_EXPIRED,True,,,,,,,,,,,,,,,,,,,,,,,,,,,,,,
711JSDEU3zDp9CCWPWvG4BR9uXz8TqSs2SddDd2Qpump,FP1-RESEARCH-PROBE-LOOSE-0001,1,1787071456323071,1787071437000000,0,1,1,2,0,WAITING_FOR_IMPULSE,EXPIRED,ENTRY_WINDOW_EXPIRED,True,,,,,,,,,,,,,,,,,,,,,,,,,,,,,,
9aBG4wP2JSDEDjKg9mGhBaTGhcutNNSxcUincx7Hpump,FP1-RESEARCH-PROBE-LOOSE-0001,1,1787071456321071,1787071437000000,0,1,1,2,0,WAITING_FOR_IMPULSE,EXPIRED,ENTRY_WINDOW_EXPIRED,True,,,,,,,,,,,,,,,,,,,,,,,,,,,,,,
5wTr4jR5KPnTAQoZFKxAs86stE8dgyH4LmZSSrzjpump,FP1-RESEARCH-PROBE-LOOSE-0001,1,1787071456318070,1787071437000000,0,1,1,2,0,WAITING_FOR_IMPULSE,EXPIRED,ENTRY_WINDOW_EXPIRED,True,,,,,,,,,,,,,,,,,,,,,,,,,,,,,,
9tXPUBiTvMNibCTq22yUUrnQ3h7c5mYGMtQ4eigqpump,FP1-RESEARCH-PROBE-LOOSE-0001,1,1787071456315071,1787071437000000,0,1,1,2,0,WAITING_FOR_IMPULSE,EXPIRED,ENTRY_WINDOW_EXPIRED,True,,,,,,,,,,,,,,,,,,,,,,,,,,,,,,
FTnS6HSz2vZmbBRwYx95STt8aYfqFotTN72ptorQpump,FP1-RESEARCH-PROBE-LOOSE-0001,1,1787071456313070,1787071437000000,0,1,1,2,0,WAITING_FOR_IMPULSE,EXPIRED,ENTRY_WINDOW_EXPIRED,True,,,,,,,,,,,,,,,,,,,,,,,,,,,,,,
En4P3H2sdG2g9paka5vA7yKSQrM5kjLWFD2wdYaApump,FP1-RESEARCH-PROBE-LOOSE-0001,1,1787071456312070,1787071437000000,0,1,1,2,0,WAITING_FOR_IMPULSE,EXPIRED,ENTRY_WINDOW_EXPIRED,True,,,,,,,,,,,,,,,,,,,,,,,,,,,,,,
6NNkC7M4hd5owD1bESdv3GsTfAop6MWuUvnxNEBrpump,FP1-RESEARCH-PROBE-LOOSE-0001,1,1787071456311071,1787071437000000,0,1,1,2,0,WAITING_FOR_IMPULSE,EXPIRED,ENTRY_WINDOW_EXPIRED,True,,,,,,,,,,,,,,,,,,,,,,,,,,,,,,
HCqNGZiuLo9B9CLbXPkpcSWfT4PPq6BSgqjjNGpBpump,FP1-RESEARCH-PROBE-LOOSE-0001,1,1787071456307073,1787071437000000,0,1,1,2,0,WAITING_FOR_IMPULSE,EXPIRED,ENTRY_WINDOW_EXPIRED,True,,,,,,,,,,,,,,,,,,,,,,,,,,,,,,
EViLj8fojAQmzmismEzs4n9FKgYRtiowmmB17Jrxpump,FP1-RESEARCH-PROBE-LOOSE-0001,1,1787071456306075,1787071437000000,0,1,1,2,0,WAITING_FOR_IMPULSE,EXPIRED,ENTRY_WINDOW_EXPIRED,True,,,,,,,,,,,,,,,,,,,,,,,,,,,,,,
3taQuaot3GSgcc9K3k31pdFpo569TDeZGnpPc9W8pump,FP1-RESEARCH-PROBE-LOOSE-0001,1,1787071456302075,1787071437000000,0,1,1,2,0,WAITING_FOR_IMPULSE,EXPIRED,ENTRY_WINDOW_EXPIRED,True,,,,,,,,,,,,,,,,,,,,,,,,,,,,,,
2FYVhwF6f7tUDkTQMDMKuntqAR1dxQX6x9Hjj2eHpump,FP1-RESEARCH-PROBE-LOOSE-0001,1,1787071453626803,1787071437000000,0,1,1,2,0,WAITING_FOR_IMPULSE,EXPIRED,ENTRY_WINDOW_EXPIRED,True,,,,,,,,,,,,,,,,,,,,,,,,,,,,,,
61DRyD8TR58CfbAqHQbw2ZvR1ofq8XTMmXdSaf11pump,FP1-RESEARCH-PROBE-LOOSE-0001,1,1787071451218226,1787071437000000,0,1,1,2,0,WAITING_FOR_IMPULSE,EXPIRED,ENTRY_WINDOW_EXPIRED,True,,,,,,,,,,,,,,,,,,,,,,,,,,,,,,
5J18umGMYqD2kURZZEQjSGZVo3ZgoDTfvz8Jy2Gfpump,FP1-RESEARCH-PROBE-LOOSE-0001,1,1787071451214226,1787071437000000,0,1,1,2,0,WAITING_FOR_IMPULSE,EXPIRED,ENTRY_WINDOW_EXPIRED,True,,,,,,,,,,,,,,,,,,,,,,,,,,,,,,
B6KnRgsr2MdtF7DdQtb6QxL1Zo3wdPfNVoscn6aipump,FP1-RESEARCH-PROBE-LOOSE-0001,1,1787071451213226,1787071437000000,0,1,1,2,0,WAITING_FOR_IMPULSE,EXPIRED,ENTRY_WINDOW_EXPIRED,True,,,,,,,,,,,,,,,,,,,,,,,,,,,,,,
HrVZRsnfd2kxgjn9QfJ2yadtui4kpF55QHVbDrU1pump,FP1-RESEARCH-PROBE-LOOSE-0001,1,1787071445758466,1787071436000000,0,14,14,4,0,WAITING_FOR_PULLBACK,EXPIRED,ENTRY_WINDOW_EXPIRED,True,0,930,2,2,2,4500000000,2700,4640,,,,,,,,,,,,,,,,,,,,,,
3JJ7WJrNCJ4mRKPhRabMeNFkpDEvwCgXBekWtfGfpump,FP1-RESEARCH-PROBE-LOOSE-0001,1,1787071442975706,1787071436000000,0,2,2,2,0,WAITING_FOR_IMPULSE,EXPIRED,ENTRY_WINDOW_EXPIRED,True,,,,,,,,,,,,,,,,,,,,,,,,,,,,,,
B4jSGfWcA31GD6fMaGJ9XKU7UhhMwR3RbcXGh1Jppump,FP1-RESEARCH-PROBE-LOOSE-0001,1,1787071442949706,1787071436000000,0,4,4,4,0,WAITING_FOR_PULLBACK,EXPIRED,ENTRY_WINDOW_EXPIRED,True,2,1249,2,2,2,5000000000,2,2571,,,,,,,,,,,,,,,,,,,,,,
2cjqf45A6MXLs2nV567W891VX4FRrj5iKsmeKmoFpump,FP1-RESEARCH-PROBE-LOOSE-0001,1,1787071437583522,1787071435000000,0,4,4,2,0,WAITING_FOR_IMPULSE,EXPIRED,ENTRY_WINDOW_EXPIRED,True,,,,,,,,,,,,,,,,,,,,,,,,,,,,,,
DXEhtL8H6ZwN5yjJCw2VdyZYzWo2BibCe2Mu5Wyfpump,FP1-RESEARCH-PROBE-LOOSE-0001,1,1787071437506521,1787071435000000,0,3,3,2,0,WAITING_FOR_IMPULSE,EXPIRED,ENTRY_WINDOW_EXPIRED,True,,,,,,,,,,,,,,,,,,,,,,,,,,,,,,
GVw4JNZcBXqZ1jBWiL2Fytk7KNm1z3Snuj9AHZ9spump,FP1-RESEARCH-PROBE-LOOSE-0001,1,1787071435671130,1787071435000000,0,16,12,7,0,CANDIDATE_SIGNAL,CANDIDATE_SIGNAL,RECLAIM_CONFIRMED,False,1846,13901,3,3,3,201036925,1846,13901,1915,69,1474,1474,1915,1474,10066,8151,1491,1,1,13952105,-1494,3,3,169436847,20614,10548,21877,0,3613,
BgGa7UsxXF4t1CQvsuxm4w5w1vedeCw7Ps4F5VNjpump,FP1-RESEARCH-PROBE-LOOSE-0001,1,1787071435654129,1787071435000000,0,4,4,4,0,WAITING_FOR_PULLBACK,EXPIRED,ENTRY_WINDOW_EXPIRED,True,9,521,3,3,3,1591087806,9,521,,,,,,,,,,,,,,,,,,,,,,
3typLVSW8PPb2F3sQRxfCefZAUk74xUP7pfFvVJgpump,FP1-RESEARCH-PROBE-LOOSE-0001,1,1787071435606129,1787071435000000,0,6,6,6,0,WAITING_FOR_RESPONSE,EXPIRED,ENTRY_WINDOW_EXPIRED,True,1,638,2,2,2,3422222222,1,638,4548,4547,1006,2734,82562,,,,,,,,,,,,,,,,,
BqSVedE3zot4tHwWNeAp6T5Q5XwrJC3MT2mjHi1QQrD8,FP1-RESEARCH-PROBE-LOOSE-0001,1,1787071431217334,1787071392000000,0,3,3,2,0,WAITING_FOR_IMPULSE,EXPIRED,ENTRY_WINDOW_EXPIRED,True,,,,,,,,,,,,,,,,,,,,,,,,,,,,,,
BNMsy2QFbnXxaMP3omLdUdNxCr5Fr2TstoKUHigFFqRx,FP1-RESEARCH-PROBE-LOOSE-0001,1,1787071426698832,1787071391000000,0,1,1,2,0,WAITING_FOR_IMPULSE,EXPIRED,ENTRY_WINDOW_EXPIRED,True,,,,,,,,,,,,,,,,,,,,,,,,,,,,,,
H9LjZJb3z48iLQaq7ehmAdvgg5A9G7QQWSUcVTNa6YH9,FP1-RESEARCH-PROBE-LOOSE-0001,1,1787071418572819,1787071390000000,0,1,1,2,0,WAITING_FOR_IMPULSE,EXPIRED,ENTRY_WINDOW_EXPIRED,True,,,,,,,,,,,,,,,,,,,,,,,,,,,,,,
8QCwhuC8rF9jLSc5khhaMTvT8rBheVuhCNtdEGhRD9oS,FP1-RESEARCH-PROBE-LOOSE-0001,1,1787071416691245,1787071390000000,0,1,1,2,0,WAITING_FOR_IMPULSE,EXPIRED,ENTRY_WINDOW_EXPIRED,True,,,,,,,,,,,,,,,,,,,,,,,,,,,,,,
6wogx4ja7acVYj37e2kyDDStjWmfJFgjYwz5wtSopump,FP1-RESEARCH-PROBE-LOOSE-0001,1,1787071416654242,1787071390000000,0,1,1,2,0,WAITING_FOR_IMPULSE,EXPIRED,ENTRY_WINDOW_EXPIRED,True,,,,,,,,,,,,,,,,,,,,,,,,,,,,,,
JAdBx1rKfoJBamFcJV8AmxYLe44T8ZVtrPPVqtnNpump,FP1-RESEARCH-PROBE-LOOSE-0001,1,1787071414134929,1787071390000000,0,3,3,2,0,WAITING_FOR_IMPULSE,EXPIRED,ENTRY_WINDOW_EXPIRED,True,,,,,,,,,,,,,,,,,,,,,,,,,,,,,,
7t7ufmSnCrw3r2PohoM7FSvLEXPDsXf4mSJj366Npump,FP1-RESEARCH-PROBE-LOOSE-0001,1,1787071414106928,1787071390000000,0,14,14,6,0,WAITING_FOR_RESPONSE,EXPIRED,ENTRY_WINDOW_EXPIRED,True,32,545,3,2,2,-895936794,76145,9929,183365,183333,2588,3049,186130,,,,,,,,,,,,,,,,,
GrRQ8wJ2LePenkmCHeUjckJz9zPbUXLgq3wBKAGapump,FP1-RESEARCH-PROBE-LOOSE-0001,1,1787071406123374,1787071389000000,0,2,2,2,0,WAITING_FOR_IMPULSE,EXPIRED,ENTRY_WINDOW_EXPIRED,True,,,,,,,,,,,,,,,,,,,,,,,,,,,,,,
DjjsEqD5LhoKDFanx1BFRkaeYXReYKmbSbPC3ptvpump,FP1-RESEARCH-PROBE-LOOSE-0001,1,1787071403272559,1787071389000000,0,2,2,2,0,WAITING_FOR_IMPULSE,EXPIRED,ENTRY_WINDOW_EXPIRED,True,,,,,,,,,,,,,,,,,,,,,,,,,,,,,,
ACfKjTyHZMAMPzjtYxzfsz66aQVgLkfN5N6R8Ndypump,FP1-RESEARCH-PROBE-LOOSE-0001,1,1787071397872167,1787071388000000,0,1,1,2,0,WAITING_FOR_IMPULSE,EXPIRED,ENTRY_WINDOW_EXPIRED,True,,,,,,,,,,,,,,,,,,,,,,,,,,,,,,
9pB8uTQQSCZtnaaUEo1Bvwymy73XSztwQrpRg5Aepump,FP1-RESEARCH-PROBE-LOOSE-0001,1,1787071397856170,1787071388000000,0,4,1,2,0,WAITING_FOR_IMPULSE,EXPIRED,ENTRY_WINDOW_EXPIRED,True,,,,,,,,,,,,,,,,,,,,,,,,,,,,,,
93AZ1fb3ZRAemFkAys8d2z3AoYgU8z4VRhz7M9M8pump,FP1-RESEARCH-PROBE-LOOSE-0001,1,1787071392489591,1787071388000000,0,7,7,2,0,WAITING_FOR_IMPULSE,EXPIRED,ENTRY_WINDOW_EXPIRED,True,,,,,,,,,,,,,,,,,,,,,,,,,,,,,,
5JwKdV18q4QTh8YBy7JJZRpu4kfHMo1Pz4WdyYQSpump,FP1-RESEARCH-PROBE-LOOSE-0001,1,1787071392483589,1787071388000000,0,1,1,2,0,WAITING_FOR_IMPULSE,EXPIRED,ENTRY_WINDOW_EXPIRED,True,,,,,,,,,,,,,,,,,,,,,,,,,,,,,,
CStuJdzp4FxEMYG8wjen2FN7GyJHw5hzNFx9ynV8pump,FP1-RESEARCH-PROBE-LOOSE-0001,1,1787071392465587,1787071388000000,0,44,37,7,0,CANDIDATE_SIGNAL,CANDIDATE_SIGNAL,RECLAIM_CONFIRMED,False,45031,2527,13,8,1,1193253898,144231,3460,166483,121452,1081,4376,189323,4376,189328,22845,470,2,0,2860068984,470,2,2,950642267,196920,7592,-1623,-3776,569,
5dGcUtSe2nJdaGGVM49G4Xus13r2sJucqzKYj7u2pump,FP1-RESEARCH-PROBE-LOOSE-0001,1,1787071389948328,1787071387000000,0,1,1,2,0,WAITING_FOR_IMPULSE,EXPIRED,ENTRY_WINDOW_EXPIRED,True,,,,,,,,,,,,,,,,,,,,,,,,,,,,,,
4Mmw3JdgTR98cvF4jK21n4wtY7diUjG27TfGmcuapump,FP1-RESEARCH-PROBE-LOOSE-0001,1,1787071387580328,1787071387000000,0,11,11,2,0,WAITING_FOR_IMPULSE,EXPIRED,ENTRY_WINDOW_EXPIRED,True,,,,,,,,,,,,,,,,,,,,,,,,,,,,,,
HDW9avXEHYh7dsuPGJN3mgohfKXpNmjDAFxxiyS3pump,FP1-RESEARCH-PROBE-LOOSE-0001,1,1787071387504330,1787071387000000,0,9,9,1,0,DISCOVERED,EXPIRED,ENTRY_WINDOW_EXPIRED,True,,,,,,,,,,,,,,,,,,,,,,,,,,,,,,
6E1cERS5JEcAfy5CzxQ4GQ7JXDppg765pGtj2Jyapump,FP1-RESEARCH-PROBE-LOOSE-0001,1,1787071387486328,1787071387000000,0,8,8,2,0,WAITING_FOR_IMPULSE,EXPIRED,ENTRY_WINDOW_EXPIRED,True,,,,,,,,,,,,,,,,,,,,,,,,,,,,,,
6Ty4TYvR4o4V5QnCJUWfQMPrqtmaTJjk6SHeviCSpump,FP1-RESEARCH-PROBE-LOOSE-0001,1,1787071387482328,1787071387000000,0,40,40,5,0,PULLBACK_ACTIVE,EXPIRED,ENTRY_WINDOW_EXPIRED,True,15822,852,24,10,4,1219488349,40947,3164,125054,109232,1815,1815,125054,,,,,,,,,,,,,,,,,
3hdRXc61y1hCBr8JZ7GWg8TP7geUHk3JTAXkyMx3pump,FP1-RESEARCH-PROBE-LOOSE-0001,1,1787071370906216,1787071335000000,0,10,10,4,0,WAITING_FOR_PULLBACK,EXPIRED,ENTRY_WINDOW_EXPIRED,True,2,919,2,2,2,4444444442,2735,5603,,,,,,,,,,,,,,,,,,,,,,
82PekqfZC6qsBEiKBo7GH6GWQEo1w4Fu92fMqEhopump,FP1-RESEARCH-PROBE-LOOSE-0001,1,1787071357470202,1787071335000000,0,4,4,2,0,WAITING_FOR_IMPULSE,EXPIRED,ENTRY_WINDOW_EXPIRED,True,,,,,,,,,,,,,,,,,,,,,,,,,,,,,,
Bw3hp1AGgiitqao3DRyXYPryazfuKSX7NsL2n72ppump,FP1-RESEARCH-PROBE-LOOSE-0001,1,1787071355292307,1787071335000000,0,5,5,2,0,WAITING_FOR_IMPULSE,EXPIRED,ENTRY_WINDOW_EXPIRED,True,,,,,,,,,,,,,,,,,,,,,,,,,,,,,,
CmnMzq8ZSmdVLcLHgEY7swfCZjCtF9Yf1MEcDtGDpump,FP1-RESEARCH-PROBE-LOOSE-0001,1,1787071352654438,1787071334000000,0,65,51,7,0,CANDIDATE_SIGNAL,CANDIDATE_SIGNAL,RECLAIM_CONFIRMED,False,1,967,2,2,2,3951499709,45183,17151,135128,135127,2514,5162,211947,5162,217659,82531,1502,1,0,1200000001,0,3,2,401333302,217679,20,5493,-4294,255,
9tjg4BVtSkmiHX6ZoJT6CtWfxoskrii5yn4td6EVpump,FP1-RESEARCH-PROBE-LOOSE-0001,1,1787071344284426,1787071334000000,0,2,2,2,0,WAITING_FOR_IMPULSE,EXPIRED,ENTRY_WINDOW_EXPIRED,True,,,,,,,,,,,,,,,,,,,,,,,,,,,,,,
5pgtwgmiCuLHkQ9od1uFohfQbwkg4Jp6uBvXgAqDpump,FP1-RESEARCH-PROBE-LOOSE-0001,1,1787071344212430,1787071334000000,0,2,2,2,0,WAITING_FOR_IMPULSE,EXPIRED,ENTRY_WINDOW_EXPIRED,True,,,,,,,,,,,,,,,,,,,,,,,,,,,,,,
7asnDo2FjAjRa4iMxaj4dRu7D7Bgw1J32TfPDwXMpump,FP1-RESEARCH-PROBE-LOOSE-0001,1,1787071344138425,1787071334000000,0,10,10,2,0,WAITING_FOR_IMPULSE,EXPIRED,ENTRY_WINDOW_EXPIRED,True,,,,,,,,,,,,,,,,,,,,,,,,,,,,,,
8k8fFksznUSmK56BV6QfkUb3QFcu57CHKAdjrgpxpump,FP1-RESEARCH-PROBE-LOOSE-0001,1,1787071338574598,1787071333000000,0,17,17,6,0,WAITING_FOR_RESPONSE,EXPIRED,ENTRY_WINDOW_EXPIRED,True,11459,506,7,4,3,2626226156,11461,1037,24642,13183,1207,6253,49030,,,,,,,,,,,,,,,,,
2v5WQMi9wJLDnhcT2FyoocHWEEShqrHSWxcEeGigpump,FP1-RESEARCH-PROBE-LOOSE-0001,1,1787071338556599,1787071333000000,0,2,2,2,0,WAITING_FOR_IMPULSE,EXPIRED,ENTRY_WINDOW_EXPIRED,True,,,,,,,,,,,,,,,,,,,,,,,,,,,,,,
956APa32ifmZaAh7MSFmFcSr9ibo38af43tQXwYBCN7y,FP1-RESEARCH-PROBE-LOOSE-0001,1,1787071336099208,1787071333000000,0,7,7,6,0,WAITING_FOR_RESPONSE,EXPIRED,ENTRY_WINDOW_EXPIRED,True,16587,665,2,2,1,1466666666,16591,1352,21392,4805,1923,3728,39862,,,,,,,,,,,,,,,,,
Fog1jWhUgPhJS6Df8B9PkMFRKw5Y4vPNj3XxJEndpump,FP1-RESEARCH-PROBE-LOOSE-0001,1,1787071334049209,1787071333000000,0,6,6,2,0,WAITING_FOR_IMPULSE,EXPIRED,ENTRY_WINDOW_EXPIRED,True,,,,,,,,,,,,,,,,,,,,,,,,,,,,,,
5sqwueSTCdPP66NJm6Z1MnHnL2ruCigKZN2CvF51pump,FP1-RESEARCH-PROBE-LOOSE-0001,1,1787071333780209,1787071333000000,0,91,82,9,1,CANDIDATE_SIGNAL,CANDIDATE_SIGNAL,RECLAIM_CONFIRMED,False,13500,732,5,3,1,1750718260,161923,9029,213977,200477,1108,1114,271557,1108,248084,34107,560,1,0,97777,0,1,1,-29892660,287778,39694,8456,-301,285,
BJjpbtgjCxGRD6UWqUA58PXorqajuVZhLoHuEAhjpump,FP1-RESEARCH-PROBE-LOOSE-0001,1,1787071322110463,1787071283000000,0,1,1,2,0,WAITING_FOR_IMPULSE,EXPIRED,ENTRY_WINDOW_EXPIRED,True,,,,,,,,,,,,,,,,,,,,,,,,,,,,,,
AZbhAj15v2d222qpdQtsx62FNAw3stokMhyy7aXypump,FP1-RESEARCH-PROBE-LOOSE-0001,1,1787071304722410,1787071282000000,0,1,1,2,0,WAITING_FOR_IMPULSE,EXPIRED,ENTRY_WINDOW_EXPIRED,True,,,,,,,,,,,,,,,,,,,,,,,,,,,,,,
3yVEC7R6kjoejVQQySEKgwW3HiPwhFjUxXciSv2tpump,FP1-RESEARCH-PROBE-LOOSE-0001,1,1787071296358594,1787071282000000,0,3,3,2,0,WAITING_FOR_IMPULSE,EXPIRED,ENTRY_WINDOW_EXPIRED,True,,,,,,,,,,,,,,,,,,,,,,,,,,,,,,
4NuYdUaDvnrME9e37dqgCi75i3DjAkqUBpwxEjBHpump,FP1-RESEARCH-PROBE-LOOSE-0001,1,1787071293785632,1787071281000000,0,12,12,7,0,WAITING_FOR_RECLAIM,EXPIRED,ENTRY_WINDOW_EXPIRED,True,2,1822,2,2,2,6913580245,2592,5952,8142,8140,2649,5099,10949,5099,20508,12366,517,1,0,25650463,0,2,3,-5978862046,,,,,,
4uKSN57QYZQfd9ScoMBYTNvQfZDJqdfJCwwTJqqJsC7u,FP1-RESEARCH-PROBE-LOOSE-0001,1,1787071291561074,1787071281000000,0,1,1,2,0,WAITING_FOR_IMPULSE,EXPIRED,ENTRY_WINDOW_EXPIRED,True,,,,,,,,,,,,,,,,,,,,,,,,,,,,,,
HRhTnbXgFgTZRkcU7DLNx1T5ZG6Ew3FMHpJ6aVJVYBxF,FP1-RESEARCH-PROBE-LOOSE-0001,1,1787071288901983,1787071281000000,0,2,2,2,0,WAITING_FOR_IMPULSE,EXPIRED,ENTRY_WINDOW_EXPIRED,True,,,,,,,,,,,,,,,,,,,,,,,,,,,,,,
FsgVnNsph7d7qKuh4Vwx4jN1JnHgskXTWXDNjRMGpump,FP1-RESEARCH-PROBE-LOOSE-0001,1,1787071286438605,1787071281000000,0,2,2,2,0,WAITING_FOR_IMPULSE,EXPIRED,ENTRY_WINDOW_EXPIRED,True,,,,,,,,,,,,,,,,,,,,,,,,,,,,,,
4QLC3n3Pu9nR8ttiuQnDTbHMpdrVmAuj6FDdJ8eWpump,FP1-RESEARCH-PROBE-LOOSE-0001,1,1787071283782540,1787071281000000,0,12,12,2,0,WAITING_FOR_IMPULSE,EXPIRED,ENTRY_WINDOW_EXPIRED,True,,,,,,,,,,,,,,,,,,,,,,,,,,,,,,
7kx9tzwTie6sDBvdxAwEmho4ZyUU3i4jzdy76ijApump,FP1-RESEARCH-PROBE-LOOSE-0001,1,1787071283762541,1787071280000000,0,7,7,4,0,WAITING_FOR_PULLBACK,EXPIRED,ENTRY_WINDOW_EXPIRED,True,37,1637,2,2,2,62930059,23007,5963,,,,,,,,,,,,,,,,,,,,,,
9vHnFxzZDdtGgriRfkg1BMjJQyBUHbDkQmaTPGMhpump,FP1-RESEARCH-PROBE-LOOSE-0001,1,1787071283752541,1787071280000000,0,8,7,2,0,WAITING_FOR_IMPULSE,EXPIRED,ENTRY_WINDOW_EXPIRED,True,,,,,,,,,,,,,,,,,,,,,,,,,,,,,,
3UdpR2arXRkiSimU2cWhnjABhoy9Za775uJKriYPpump,FP1-RESEARCH-PROBE-LOOSE-0001,1,1787071281472772,1787071280000000,0,25,25,2,0,WAITING_FOR_IMPULSE,EXPIRED,ENTRY_WINDOW_EXPIRED,True,,,,,,,,,,,,,,,,,,,,,,,,,,,,,,
Cefnnz8Mh3JhUNFPZ8EBgV9FAbVH4F4GcMyk2q8pump,FP1-RESEARCH-PROBE-LOOSE-0001,1,1787071281439771,1787071280000000,0,128,91,7,0,CANDIDATE_SIGNAL,CANDIDATE_SIGNAL,RECLAIM_CONFIRMED,False,4995,1107,10,8,5,3546960455,7496,1584,52342,47347,5409,6377,68566,6377,68607,16265,558,2,9,9794817,82,5,15,-791232964,73830,5223,-5123,-5790,1006,
37hFbS5oMo1H24i6atH2U9m7bneVMEsmV4zZwAr2pump,FP1-RESEARCH-PROBE-LOOSE-0001,1,1787071281151772,1787071280000000,0,1,1,2,0,WAITING_FOR_IMPULSE,EXPIRED,ENTRY_WINDOW_EXPIRED,True,,,,,,,,,,,,,,,,,,,,,,,,,,,,,,
GExHZ7ayv82fM1fQcjbUPzNwzemnhiZNf6TZUBdApump,FP1-RESEARCH-PROBE-LOOSE-0001,1,1787071264064958,1787071229000000,0,4,4,2,0,WAITING_FOR_IMPULSE,EXPIRED,ENTRY_WINDOW_EXPIRED,True,,,,,,,,,,,,,,,,,,,,,,,,,,,,,,
BoejJKDyreUqY4J3hyQbkUDM5QKwqxwJPxfSpqRxpump,FP1-RESEARCH-PROBE-LOOSE-0001,1,1787071258739658,1787071228000000,0,8,8,4,0,WAITING_FOR_PULLBACK,EXPIRED,ENTRY_WINDOW_EXPIRED,True,13,1307,2,2,2,3160493825,5346,1648,,,,,,,,,,,,,,,,,,,,,,
5J1pLV5oMfNbtfyk1XCJwv9XW8aPyEFTEWX9ZfLUpump,FP1-RESEARCH-PROBE-LOOSE-0001,1,1787071256183305,1787071228000000,0,1,1,2,0,WAITING_FOR_IMPULSE,EXPIRED,ENTRY_WINDOW_EXPIRED,True,,,,,,,,,,,,,,,,,,,,,,,,,,,,,,
EfWXsXAZUU1XDDrq9VL5f3Pt7HnByYpHvGDtB2bgpopJ,FP1-RESEARCH-PROBE-LOOSE-0001,1,1787071253294303,1787071228000000,0,1,1,2,0,WAITING_FOR_IMPULSE,EXPIRED,ENTRY_WINDOW_EXPIRED,True,,,,,,,,,,,,,,,,,,,,,,,,,,,,,,
72ZEKPtHWbgUDSL1tafo6fgabFZrVjqiuQMprnW3pump,FP1-RESEARCH-PROBE-LOOSE-0001,1,1787071250296837,1787071228000000,0,2,2,2,0,WAITING_FOR_IMPULSE,EXPIRED,ENTRY_WINDOW_EXPIRED,True,,,,,,,,,,,,,,,,,,,,,,,,,,,,,,
33PRv4HRUefwHCMBEFpagiSBnLLo71X42TCcTr5Kpump,FP1-RESEARCH-PROBE-LOOSE-0001,1,1787071242194557,1787071227000000,0,2,2,2,0,WAITING_FOR_IMPULSE,EXPIRED,ENTRY_WINDOW_EXPIRED,True,,,,,,,,,,,,,,,,,,,,,,,,,,,,,,
BxND31ShqukkDNcuJwu6FWdyXhWzmNDoR1cpv9BDyQiX,FP1-RESEARCH-PROBE-LOOSE-0001,1,1787071242191558,1787071227000000,0,2,2,2,0,WAITING_FOR_IMPULSE,EXPIRED,ENTRY_WINDOW_EXPIRED,True,,,,,,,,,,,,,,,,,,,,,,,,,,,,,,
9yJUtyrfMEypdZdwCLULxwPx8fDYFag6yt28tpP9pump,FP1-RESEARCH-PROBE-LOOSE-0001,1,1787071242168443,1787071227000000,0,19,7,4,0,WAITING_FOR_PULLBACK,INVALIDATED,PULLBACK_TOO_DEEP,False,8070,3593,2,2,1,21291851,27494,13324,,,,7007,39018,,,,,,,,,,,,,,,,,
2dto74vSx8fKJRUsgzg6RzV1zg8SgBSrbYnS6PSCpump,FP1-RESEARCH-PROBE-LOOSE-0001,1,1787071242165425,1787071227000000,0,2,2,2,0,WAITING_FOR_IMPULSE,EXPIRED,ENTRY_WINDOW_EXPIRED,True,,,,,,,,,,,,,,,,,,,,,,,,,,,,,,
7Pf6iEckKRYVAoWma1vCrFPHtzfuHYuQBahfmKqtbH84,FP1-RESEARCH-PROBE-LOOSE-0001,1,1787071234520435,1787071226000000,0,3,3,2,0,WAITING_FOR_IMPULSE,EXPIRED,ENTRY_WINDOW_EXPIRED,True,,,,,,,,,,,,,,,,,,,,,,,,,,,,,,
GYXBnjCLht4LsxiNga5ZWz2eCBqcJnomaRqo4bgCpump,FP1-RESEARCH-PROBE-LOOSE-0001,1,1787071234498436,1787071226000000,0,3,3,2,0,WAITING_FOR_IMPULSE,EXPIRED,ENTRY_WINDOW_EXPIRED,True,,,,,,,,,,,,,,,,,,,,,,,,,,,,,,
5pFbhLUhUfHVkZGemTSLiyMQPCKmRGrxA89NHNtxpump,FP1-RESEARCH-PROBE-LOOSE-0001,1,1787071231757485,1787071226000000,0,1,1,2,0,WAITING_FOR_IMPULSE,EXPIRED,ENTRY_WINDOW_EXPIRED,True,,,,,,,,,,,,,,,,,,,,,,,,,,,,,,
B7LsPdY86bbxGvtV44Dz1BUTeaAcVxshPNvqgVdZpump,FP1-RESEARCH-PROBE-LOOSE-0001,1,1787071229118812,1787071226000000,0,21,21,2,0,WAITING_FOR_IMPULSE,EXPIRED,ENTRY_WINDOW_EXPIRED,True,,,,,,,,,,,,,,,,,,,,,,,,,,,,,,
6C3C5iGgsC61eTh4aeA1CWmKpnSEDF4VPFuzgZq8pump,FP1-RESEARCH-PROBE-LOOSE-0001,1,1787071229115812,1787071226000000,0,14,14,4,0,WAITING_FOR_PULLBACK,EXPIRED,ENTRY_WINDOW_EXPIRED,True,24160,619,7,4,2,395061726,24171,1212,,,,,,,,,,,,,,,,,,,,,,
HFD1zCJZNp1TuXHpPHx1wPdCYg23Edh5V4KDiaW2pump,FP1-RESEARCH-PROBE-LOOSE-0001,1,1787071226765014,1787071226000000,0,1,1,2,0,WAITING_FOR_IMPULSE,EXPIRED,ENTRY_WINDOW_EXPIRED,True,,,,,,,,,,,,,,,,,,,,,,,,,,,,,,
AseytNXHgzF7NUA7bqyyxZvaA67uiYfEabL8qHbepump,FP1-RESEARCH-PROBE-LOOSE-0001,1,1787071226709013,1787071226000000,0,6,6,2,0,WAITING_FOR_IMPULSE,EXPIRED,ENTRY_WINDOW_EXPIRED,True,,,,,,,,,,,,,,,,,,,,,,,,,,,,,,
5FgU5N2dtott7fxYgUppS6oNdPqegvTVHrSjSZXkpump,FP1-RESEARCH-PROBE-LOOSE-0001,1,1787071204634249,1787071173000000,0,2,2,2,0,WAITING_FOR_IMPULSE,EXPIRED,ENTRY_WINDOW_EXPIRED,True,,,,,,,,,,,,,,,,,,,,,,,,,,,,,,
HvaRmUHQRzhgh1bZrX7CMS4qzFFfS76tYWmwJtxepump,FP1-RESEARCH-PROBE-LOOSE-0001,1,1787071196590350,1787071173000000,0,13,13,4,0,WAITING_FOR_PULLBACK,EXPIRED,ENTRY_WINDOW_EXPIRED,True,27,1541,2,2,2,12839506170,17004,6097,,,,,,,,,,,,,,,,,,,,,,
FbsyCxStbnGBdwszG3ytAxDK5Jjz12Diz5tbe42Upump,FP1-RESEARCH-PROBE-LOOSE-0001,1,1787071193452560,1787071172000000,0,1,1,2,0,WAITING_FOR_IMPULSE,EXPIRED,ENTRY_WINDOW_EXPIRED,True,,,,,,,,,,,,,,,,,,,,,,,,,,,,,,
2ynCWFLd4kbHfAJgoyk2eRwt97NiTgVCP9d5zSWDpump,FP1-RESEARCH-PROBE-LOOSE-0001,1,1787071191207361,1787071172000000,0,7,7,4,0,WAITING_FOR_PULLBACK,EXPIRED,ENTRY_WINDOW_EXPIRED,True,1,662,2,2,2,1081000000,17,3497,,,,,,,,,,,,,,,,,,,,,,
53M9DFzQG9dkVQQx6SwKXw11AfE7zPDxSi9scYKfpMs5,FP1-RESEARCH-PROBE-LOOSE-0001,1,1787071188635469,1787071172000000,0,1,1,2,0,WAITING_FOR_IMPULSE,EXPIRED,ENTRY_WINDOW_EXPIRED,True,,,,,,,,,,,,,,,,,,,,,,,,,,,,,,
2aqgFb1zBex3vh5Nj8yhmCAWMjPMjsKJy9Jy6t7Kpump,FP1-RESEARCH-PROBE-LOOSE-0001,1,1787071186013299,1787071171000000,0,1,1,2,0,WAITING_FOR_IMPULSE,EXPIRED,ENTRY_WINDOW_EXPIRED,True,,,,,,,,,,,,,,,,,,,,,,,,,,,,,,
AXs7JD266FFhJJsiHgREApcmZmNnwwqykHYwthQP3Q1C,FP1-RESEARCH-PROBE-LOOSE-0001,1,1787071183227176,1787071171000000,0,1,1,2,0,WAITING_FOR_IMPULSE,EXPIRED,ENTRY_WINDOW_EXPIRED,True,,,,,,,,,,,,,,,,,,,,,,,,,,,,,,
7qe6eneaeC3PSc37C8JEbJ5X5csqryBp4YQ5BuUBpump,FP1-RESEARCH-PROBE-LOOSE-0001,1,1787071180519664,1787071171000000,0,4,4,2,0,WAITING_FOR_IMPULSE,EXPIRED,ENTRY_WINDOW_EXPIRED,True,,,,,,,,,,,,,,,,,,,,,,,,,,,,,,
3wZvUWgBfKJp6bF17gSjVGzdyKq6ndhBhEnKQFjPpump,FP1-RESEARCH-PROBE-LOOSE-0001,1,1787071177905658,1787071171000000,0,8,8,2,0,WAITING_FOR_IMPULSE,EXPIRED,ENTRY_WINDOW_EXPIRED,True,,,,,,,,,,,,,,,,,,,,,,,,,,,,,,
HSWKDLQvH2L2qUMoxw2M7wJ7x4ioaeHxoT4tLvw8pump,FP1-RESEARCH-PROBE-LOOSE-0001,1,1787071177835659,1787071170000000,0,1,1,2,0,WAITING_FOR_IMPULSE,EXPIRED,ENTRY_WINDOW_EXPIRED,True,,,,,,,,,,,,,,,,,,,,,,,,,,,,,,
9MFRvXM6fSND5RpSyjeAUS98DLT3hcc2s8xSaNmf9kz7,FP1-RESEARCH-PROBE-LOOSE-0001,1,1787071172644698,1787071170000000,0,1,1,2,0,WAITING_FOR_IMPULSE,EXPIRED,ENTRY_WINDOW_EXPIRED,True,,,,,,,,,,,,,,,,,,,,,,,,,,,,,,
DvNE6DKnwGJV4EhPhqh3AiW5tfJqfowsh545p4zjpump,FP1-RESEARCH-PROBE-LOOSE-0001,1,1787071172460906,1787071169000000,0,34,16,9,1,WAITING_FOR_RECLAIM,INVALIDATED,PULLBACK_TOO_DEEP,False,8089,597,4,2,2,282780627,13598,4906,16181,8092,1329,9700,56656,1329,21027,4846,1936,1,1,63473468,-57,2,2,93743881,,,,,,
6HkbM4yXLrJHJ89GT1VNnrDqe86VE3CZ4HWbecL6pump,FP1-RESEARCH-PROBE-LOOSE-0001,1,1787071172340702,1787071169000000,0,1,1,2,0,WAITING_FOR_IMPULSE,EXPIRED,ENTRY_WINDOW_EXPIRED,True,,,,,,,,,,,,,,,,,,,,,,,,,,,,,,
71q9TvSuhDwuxcC2LK3Mi5XxPwgHwhkAvbrt3Pbxpump,FP1-RESEARCH-PROBE-LOOSE-0001,1,1787071169664280,1787071169000000,0,62,62,9,1,WAITING_FOR_RECLAIM,EXPIRED,ENTRY_WINDOW_EXPIRED,True,21549,1147,21,7,2,5321706395,21562,1797,56850,35301,3361,6439,129499,4429,77650,20800,364,1,2,712761813,-18,2,6,-1589668704,,,,,,
F4Uas5m1WH9Jn8mo6HtpDfp4Vn6rb5KG4AUfQcyMpump,FP1-RESEARCH-PROBE-LOOSE-0001,1,1787071169662289,1787071169000000,0,7,7,2,0,WAITING_FOR_IMPULSE,EXPIRED,ENTRY_WINDOW_EXPIRED,True,,,,,,,,,,,,,,,,,,,,,,,,,,,,,,
4X6HjEVF5skvSBy83fznLcGxkwaakQwvEUbDtBqqpump,FP1-RESEARCH-PROBE-LOOSE-0001,1,1787071159750192,1787071121000000,0,1,1,2,0,WAITING_FOR_IMPULSE,EXPIRED,ENTRY_WINDOW_EXPIRED,True,,,,,,,,,,,,,,,,,,,,,,,,,,,,,,
Fd6z2X3G8MEFaUFe82K8u2mVDFZ78v73KRitEyQKpump,FP1-RESEARCH-PROBE-LOOSE-0001,1,1787071143163759,1787071120000000,0,1,1,2,0,WAITING_FOR_IMPULSE,EXPIRED,ENTRY_WINDOW_EXPIRED,True,,,,,,,,,,,,,,,,,,,,,,,,,,,,,,
FauuD7SD2yUciKkCRAT5qm6q989i3CfF4WMAUEdipump,FP1-RESEARCH-PROBE-LOOSE-0001,1,1787071139841956,1787071120000000,0,29,22,4,0,WAITING_FOR_PULLBACK,EXPIRED,ENTRY_WINDOW_EXPIRED,True,35538,4204,6,2,1,336531377,288574,9348,,,,,,,,,,,,,,,,,,,,,,
6Y4cPpuWk6h51sctgqVm6GA5AejmVphQBehyyecnpump,FP1-RESEARCH-PROBE-LOOSE-0001,1,1787071131321540,1787071119000000,0,1,1,2,0,WAITING_FOR_IMPULSE,EXPIRED,ENTRY_WINDOW_EXPIRED,True,,,,,,,,,,,,,,,,,,,,,,,,,,,,,,
BkKhEMnJtB4xQrG3w7ud9H8c7JM5mM6UwRU4NmmUpump,FP1-RESEARCH-PROBE-LOOSE-0001,1,1787071128815143,1787071118000000,0,7,7,1,0,DISCOVERED,EXPIRED,ENTRY_WINDOW_EXPIRED,True,,,,,,,,,,,,,,,,,,,,,,,,,,,,,,
ExHyq5VPXgeyuMeHYCsTmdgAEFFkFzJy1kRkY3vXpump,FP1-RESEARCH-PROBE-LOOSE-0001,1,1787071125879144,1787071118000000,0,10,10,2,0,WAITING_FOR_IMPULSE,EXPIRED,ENTRY_WINDOW_EXPIRED,True,,,,,,,,,,,,,,,,,,,,,,,,,,,,,,
69XpqpcbiEnXhqLEnLSjMaxsXt9CeFFpyMe871Htpump,FP1-RESEARCH-PROBE-LOOSE-0001,1,1787071125865145,1787071118000000,0,14,14,4,0,WAITING_FOR_PULLBACK,EXPIRED,ENTRY_WINDOW_EXPIRED,True,196199,1559,13,3,2,1757577481,196266,1593,,,,,,,,,,,,,,,,,,,,,,
4zpqxkhHr8WnMS8LdZZcf5Jw3WmiKFw3D7Hfo7Uppump,FP1-RESEARCH-PROBE-LOOSE-0001,1,1787071122791673,1787071118000000,0,32,21,2,0,WAITING_FOR_IMPULSE,EXPIRED,ENTRY_WINDOW_EXPIRED,True,,,,,,,,,,,,,,,,,,,,,,,,,,,,,,
6BTED4xFEQbX7SgzyW19h8u2q1URqTehpJ7AuGSXvcB6,FP1-RESEARCH-PROBE-LOOSE-0001,1,1787071119883672,1787071118000000,0,1,1,2,0,WAITING_FOR_IMPULSE,EXPIRED,ENTRY_WINDOW_EXPIRED,True,,,,,,,,,,,,,,,,,,,,,,,,,,,,,,
Baxiq29NFRf1JEyUpQnqxFBt6ZaRm8dpLu8oH21Ppump,FP1-RESEARCH-PROBE-LOOSE-0001,1,1787071119867674,1787071118000000,0,1,1,2,0,WAITING_FOR_IMPULSE,EXPIRED,ENTRY_WINDOW_EXPIRED,True,,,,,,,,,,,,,,,,,,,,,,,,,,,,,,
DWxjHC2QbzuNV9ztZSFwvDTMDQDC11k7j3nUDzeLpump,FP1-RESEARCH-PROBE-LOOSE-0001,1,1787071119866672,1787071118000000,0,2,2,2,0,WAITING_FOR_IMPULSE,EXPIRED,ENTRY_WINDOW_EXPIRED,True,,,,,,,,,,,,,,,,,,,,,,,,,,,,,,
C7gAN1eMGCyEuvpJ1weit6sbEQ1fPMV9sND93oP5jxhH,FP1-RESEARCH-PROBE-LOOSE-0001,1,1787071119855675,1787071118000000,0,1,1,2,0,WAITING_FOR_IMPULSE,EXPIRED,ENTRY_WINDOW_EXPIRED,True,,,,,,,,,,,,,,,,,,,,,,,,,,,,,,
BUibKouNnL1KPTTV8WBehQC4suKhMjpAiK5iJhFwpump,FP1-RESEARCH-PROBE-LOOSE-0001,1,1787071118172885,1787071118000000,0,17,17,2,0,WAITING_FOR_IMPULSE,EXPIRED,ENTRY_WINDOW_EXPIRED,True,,,,,,,,,,,,,,,,,,,,,,,,,,,,,,
Ba49p7JXBTYgYexeqoeCVuHW7KbABrbonJ2hUpmdKisr,FP1-RESEARCH-PROBE-LOOSE-0001,1,1787071118134885,1787071118000000,0,40,40,2,0,WAITING_FOR_IMPULSE,EXPIRED,ENTRY_WINDOW_EXPIRED,True,,,,,,,,,,,,,,,,,,,,,,,,,,,,,,
5MBk8BVfrmW13ZoDjLwG8TSZjNvcr1AS1UXWTKfapump,FP1-RESEARCH-PROBE-LOOSE-0001,1,1787071117856884,1787071118000000,0,17,17,7,0,WAITING_FOR_RECLAIM,EXPIRED,ENTRY_WINDOW_EXPIRED,True,37,1399,2,2,2,6300000000,8284,5741,21947,21910,1632,5050,21950,5050,25260,3313,635,1,0,938125000,0,1,5,-11705697547,,,,,,
HEnbUYgXqJKaEMj7pWw5tZ4vAYXd5UdkZSuScUYbpump,FP1-RESEARCH-PROBE-LOOSE-0001,1,1787071106231152,1787071068000000,0,2,2,2,0,WAITING_FOR_IMPULSE,EXPIRED,ENTRY_WINDOW_EXPIRED,True,,,,,,,,,,,,,,,,,,,,,,,,,,,,,,
GqKp51kbk11yoM1F5pHUVzCXVPnQzAr7UnuKAcRNpump,FP1-RESEARCH-PROBE-LOOSE-0001,1,1787071101035192,1787071067000000,0,2,2,2,0,WAITING_FOR_IMPULSE,EXPIRED,ENTRY_WINDOW_EXPIRED,True,,,,,,,,,,,,,,,,,,,,,,,,,,,,,,
3snLuk93i2pK31qcRXK1eyJvHy4oZzfyZyi8wA2Lx2fh,FP1-RESEARCH-PROBE-LOOSE-0001,1,1787071095882650,1787071066000000,0,2,2,2,0,WAITING_FOR_IMPULSE,EXPIRED,ENTRY_WINDOW_EXPIRED,True,,,,,,,,,,,,,,,,,,,,,,,,,,,,,,
4bFoEuLipYLv1VTG9fGMvCwVtuEGYuixF1VsmoSxpump,FP1-RESEARCH-PROBE-LOOSE-0001,1,1787071093265644,1787071066000000,0,1,1,2,0,WAITING_FOR_IMPULSE,EXPIRED,ENTRY_WINDOW_EXPIRED,True,,,,,,,,,,,,,,,,,,,,,,,,,,,,,,
5Qh4mjfrShYnQicWUDLjArgAjev1M7wiwJBtAUokpump,FP1-RESEARCH-PROBE-LOOSE-0001,1,1787071076908680,1787071064000000,0,11,11,2,0,WAITING_FOR_IMPULSE,EXPIRED,ENTRY_WINDOW_EXPIRED,True,,,,,,,,,,,,,,,,,,,,,,,,,,,,,,
8j399W432DMbfQWBnGpjjvriqT31KQuWjDTuvMwupump,FP1-RESEARCH-PROBE-LOOSE-0001,1,1787071071396869,1787071063000000,0,1,1,2,0,WAITING_FOR_IMPULSE,EXPIRED,ENTRY_WINDOW_EXPIRED,True,,,,,,,,,,,,,,,,,,,,,,,,,,,,,,
DmqHSAH3uVyAzFDTaczSNxQRJr45JrtsZ6sGDdmipump,FP1-RESEARCH-PROBE-LOOSE-0001,1,1787071071378870,1787071063000000,0,6,6,4,0,WAITING_FOR_PULLBACK,EXPIRED,ENTRY_WINDOW_EXPIRED,True,2713,591,3,3,3,1759703595,13233,2475,,,,,,,,,,,,,,,,,,,,,,
7jNnpjyJ8WM42vpGnxHDMSGWHenAZ6i7yhnZMEJhpump,FP1-RESEARCH-PROBE-LOOSE-0001,1,1787071068723109,1787071063000000,0,35,13,7,0,CANDIDATE_SIGNAL,CANDIDATE_SIGNAL,RECLAIM_CONFIRMED,False,29704,1209,6,2,1,21706165,29704,1209,37503,7799,2777,2777,37503,2777,62637,25134,10179,1,0,97777,0,1,1,-43908121,62642,5,9244,0,1778,
24qjbbQ6Z28bVVFChRt8PfRQi36Q5w8kpRAhzDT2pump,FP1-RESEARCH-PROBE-MID-0001,5,1787078016873189,1787078017000000,0,1,1,2,0,WAITING_FOR_IMPULSE,EXPIRED,ENTRY_WINDOW_EXPIRED,True,,,,,,,,,,,,,,,,,,,,,,,,,,,,,,
D3CZDkRhK578EYZ4sXuGQT5SiPTcjRbWTHFtLcfLpump,FP1-RESEARCH-PROBE-MID-0001,5,1787077664760086,1787076794000000,0,8,8,4,0,WAITING_FOR_PULLBACK,EXPIRED,ENTRY_WINDOW_EXPIRED,True,13,2727,4,4,4,4862123451,23494,5392,,,,,,,,,,,,,,,,,,,,,,
2F6EXXSJPWmFcT5WZMgMwtVwPEzyoeqELLBeGkt19yaq,FP1-RESEARCH-PROBE-MID-0001,5,1787077638274675,1787076793000000,0,1,1,2,0,WAITING_FOR_IMPULSE,EXPIRED,ENTRY_WINDOW_EXPIRED,True,,,,,,,,,,,,,,,,,,,,,,,,,,,,,,
FHNAWXNnVyhCRkMaxyeVKTHrvJD9TEQkdz54uzXyH5Ui,FP1-RESEARCH-PROBE-MID-0001,5,1787077635875727,1787076793000000,0,1,1,2,0,WAITING_FOR_IMPULSE,EXPIRED,ENTRY_WINDOW_EXPIRED,True,,,,,,,,,,,,,,,,,,,,,,,,,,,,,,
8tMnE8SMA86oVnwF7mfQzKgkrMb9B4fH6bYwT81bpump,FP1-RESEARCH-PROBE-MID-0001,5,1787077603665235,1787076792000000,0,1,1,2,0,WAITING_FOR_IMPULSE,EXPIRED,ENTRY_WINDOW_EXPIRED,True,,,,,,,,,,,,,,,,,,,,,,,,,,,,,,
ErxeYzaKJbD48uf1Hp3bN97PUh5SpsyTHpTGUujypump,FP1-RESEARCH-PROBE-MID-0001,5,1787077596525624,1787076791000000,0,4,4,2,0,WAITING_FOR_IMPULSE,EXPIRED,ENTRY_WINDOW_EXPIRED,True,,,,,,,,,,,,,,,,,,,,,,,,,,,,,,
CQNpNCHbmEUhmTB7xsYgRmGKWpj4LB3CU1EnEs6upump,FP1-RESEARCH-PROBE-MID-0001,5,1787077580358260,1787076791000000,0,84,84,4,0,WAITING_FOR_PULLBACK,EXPIRED,ENTRY_WINDOW_EXPIRED,True,16,1504,3,3,3,7540000000,100774,37939,,,,,,,,,,,,,,,,,,,,,,
D7LhFQJt24gVM1QTKGS25tSrgXgsZAq57StpkZdupump,FP1-RESEARCH-PROBE-MID-0001,5,1787077580251849,1787076791000000,0,7,7,4,0,WAITING_FOR_PULLBACK,EXPIRED,ENTRY_WINDOW_EXPIRED,True,58,1962,3,3,3,5403850245,58,1962,,,,,,,,,,,,,,,,,,,,,,
8SxVsvd3CS8GheiCWDQgg9oK8jPimufvy8PMjpcbpump,FP1-RESEARCH-PROBE-MID-0001,5,1787077556067613,1787076790000000,0,1,1,2,0,WAITING_FOR_IMPULSE,EXPIRED,ENTRY_WINDOW_EXPIRED,True,,,,,,,,,,,,,,,,,,,,,,,,,,,,,,
7TGno7LGF4mJHT1mvBMsthaEmavcKM5H8ojXCVcJpump,FP1-RESEARCH-PROBE-MID-0001,5,1787077509428195,1787076788000000,0,2,2,2,0,WAITING_FOR_IMPULSE,EXPIRED,ENTRY_WINDOW_EXPIRED,True,,,,,,,,,,,,,,,,,,,,,,,,,,,,,,
AxFT1YGrrf4NKb7eg99iW3vMhWQMEamk2DJLKGYnpump,FP1-RESEARCH-PROBE-MID-0001,5,1787077483405654,1787076786000000,0,1,1,2,0,WAITING_FOR_IMPULSE,EXPIRED,ENTRY_WINDOW_EXPIRED,True,,,,,,,,,,,,,,,,,,,,,,,,,,,,,,
8pGvyeMVv9kwGN265xrmUiJ5bFRTbyxPDfP3ELnJpump,FP1-RESEARCH-PROBE-MID-0001,5,1787077469771867,1787076785000000,0,1,1,2,0,WAITING_FOR_IMPULSE,EXPIRED,ENTRY_WINDOW_EXPIRED,True,,,,,,,,,,,,,,,,,,,,,,,,,,,,,,
68zfuMUEqq4A7mdDqoQQvTsUn6zLvYQkafw787K2FBze,FP1-RESEARCH-PROBE-MID-0001,5,1787077462288248,1787076785000000,0,22,22,6,0,WAITING_FOR_RESPONSE,EXPIRED,ENTRY_WINDOW_EXPIRED,True,9,2120,3,3,3,9550617281,21085,2398,59641,59632,3335,4342,96287,,,,,,,,,,,,,,,,,
FLp9ohj7Lye6JpoB5FLdoETAKHdHDZm5Vk7ZAxYRpump,FP1-RESEARCH-PROBE-MID-0001,5,1787077459906458,1787076785000000,0,4,4,2,0,WAITING_FOR_IMPULSE,EXPIRED,ENTRY_WINDOW_EXPIRED,True,,,,,,,,,,,,,,,,,,,,,,,,,,,,,,
9ULnHREJdBvzYjesUhm46A6EfwmMj1yMPuoEJYVDBpkZ,FP1-RESEARCH-PROBE-MID-0001,5,1787077457326750,1787076784000000,0,12,12,4,0,WAITING_FOR_PULLBACK,EXPIRED,ENTRY_WINDOW_EXPIRED,True,109,1759,5,5,5,3466740832,2572,1817,,,,,,,,,,,,,,,,,,,,,,
5RKCoUbp5HKPJR49svNs53emqU2ffWmvA53ceWs6pump,FP1-RESEARCH-PROBE-MID-0001,5,1787077452669996,1787076784000000,0,1,1,2,0,WAITING_FOR_IMPULSE,EXPIRED,ENTRY_WINDOW_EXPIRED,True,,,,,,,,,,,,,,,,,,,,,,,,,,,,,,
6sCLdjJp1BGy5DmMLkFYCv6Aeu82Y9iqSNhNwfWKpump,FP1-RESEARCH-PROBE-MID-0001,5,1787077447297487,1787076784000000,0,8,8,2,0,WAITING_FOR_IMPULSE,EXPIRED,ENTRY_WINDOW_EXPIRED,True,,,,,,,,,,,,,,,,,,,,,,,,,,,,,,
CnanqtomBVJnT1MXAhoQLE1NuAdhpFqyd9r2DyDzpump,FP1-RESEARCH-PROBE-MID-0001,5,1787077436683872,1787076783000000,0,1,1,2,0,WAITING_FOR_IMPULSE,EXPIRED,ENTRY_WINDOW_EXPIRED,True,,,,,,,,,,,,,,,,,,,,,,,,,,,,,,
2GeLRyHhF7pWHQZVMrrB8RQJ6skNbkNxToh1ipzKpump,FP1-RESEARCH-PROBE-MID-0001,5,1787077410132685,1787076782000000,0,1,1,2,0,WAITING_FOR_IMPULSE,EXPIRED,ENTRY_WINDOW_EXPIRED,True,,,,,,,,,,,,,,,,,,,,,,,,,,,,,,
B6FgnQMU4VZKrC3fxVJfQ9MbaUBBn6XCsXg4mRUFpump,FP1-RESEARCH-PROBE-MID-0001,5,1787077402510282,1787076781000000,0,1,1,2,0,WAITING_FOR_IMPULSE,EXPIRED,ENTRY_WINDOW_EXPIRED,True,,,,,,,,,,,,,,,,,,,,,,,,,,,,,,
EZ1CJhJA7HVqbV3nLDsuB2pk9X5fjjLieBySe6fcSuYj,FP1-RESEARCH-PROBE-MID-0001,5,1787077395015711,1787076781000000,0,1,1,2,0,WAITING_FOR_IMPULSE,EXPIRED,ENTRY_WINDOW_EXPIRED,True,,,,,,,,,,,,,,,,,,,,,,,,,,,,,,
4UeoZ7ufmdLv5ZNpoYCX4Cnud9LuLpHJyyvZwRbpgGSW,FP1-RESEARCH-PROBE-MID-0001,5,1787077344764076,1787076778000000,0,9,9,6,0,WAITING_FOR_RESPONSE,EXPIRED,ENTRY_WINDOW_EXPIRED,True,4624,1932,4,3,2,2850192153,4625,1967,70095,65471,2076,2076,70095,,,,,,,,,,,,,,,,,
Dx1qqmSFoJ8Fko2xcUpYbQ95eYfzkKhqGxcrZVoFpump,FP1-RESEARCH-PROBE-MID-0001,5,1787077342138999,1787076778000000,0,189,93,7,0,CANDIDATE_SIGNAL,CANDIDATE_SIGNAL,RECLAIM_CONFIRMED,False,27,1619,4,4,4,7727000000,63246,13852,68028,68001,2562,3676,77157,3676,79680,11652,523,5,5,582971776,-493,6,10,-1786951148,92483,12803,6981,-2881,699,
4ddtVZbrQ1JivaA9rT9YxafyXwRbjYkXq7gfhPs8DQ4V,FP1-RESEARCH-PROBE-MID-0001,5,1787077342121982,1787076778000000,0,1,1,2,0,WAITING_FOR_IMPULSE,EXPIRED,ENTRY_WINDOW_EXPIRED,True,,,,,,,,,,,,,,,,,,,,,,,,,,,,,,
89RSsU93dKCLW2rnvexmzzVwwo8xkF41nT7VA1VWpump,FP1-RESEARCH-PROBE-MID-0001,5,1787077304787732,1787076776000000,0,8,8,2,0,WAITING_FOR_IMPULSE,EXPIRED,ENTRY_WINDOW_EXPIRED,True,,,,,,,,,,,,,,,,,,,,,,,,,,,,,,
65ZfvDHPXnZxUpGYxruAaMWRjus4i4eo6dGPd9Rppump,FP1-RESEARCH-PROBE-MID-0001,5,1787077289921593,1787076775000000,0,6,6,2,0,WAITING_FOR_IMPULSE,EXPIRED,ENTRY_WINDOW_EXPIRED,True,,,,,,,,,,,,,,,,,,,,,,,,,,,,,,
7GysKgQyT6nr4KhNM4J9cVQreTie45rLf9SKuxXSeDF7,FP1-RESEARCH-PROBE-MID-0001,5,1787077283695018,1787076774000000,0,7,7,5,0,PULLBACK_ACTIVE,EXPIRED,ENTRY_WINDOW_EXPIRED,True,2200,1932,4,3,3,3713087677,2202,1967,35394,33194,2076,2076,35394,,,,,,,,,,,,,,,,,
B5CrrbdHp2rTxycmbwAy4tdLwxk2FeUFzsSoPer5pump,FP1-RESEARCH-PROBE-MID-0001,5,1787077250471105,1787076772000000,0,1,1,2,0,WAITING_FOR_IMPULSE,EXPIRED,ENTRY_WINDOW_EXPIRED,True,,,,,,,,,,,,,,,,,,,,,,,,,,,,,,
H4oVAFf8Uor3G3rwuHMmACqaY1HMRVSeDg4zk8nzpump,FP1-RESEARCH-PROBE-MID-0001,5,1787077225501636,1787076771000000,0,1,1,2,0,WAITING_FOR_IMPULSE,EXPIRED,ENTRY_WINDOW_EXPIRED,True,,,,,,,,,,,,,,,,,,,,,,,,,,,,,,
ADWtiF1roQR2LXkV7UB3pBRXuh5hCWfp6zF8tRvLStxo,FP1-RESEARCH-PROBE-MID-0001,5,1787077223203697,1787076771000000,0,7,7,5,0,PULLBACK_ACTIVE,EXPIRED,ENTRY_WINDOW_EXPIRED,True,22610,1932,4,3,1,19753085,22610,1932,241841,219231,2073,2073,241841,,,,,,,,,,,,,,,,,
24ciaAuJ9gYHFiBGo9umfXTLcnZv2DGZ29qW2uZWpump,FP1-RESEARCH-PROBE-MID-0001,5,1787077218471561,1787076770000000,0,22,19,4,0,WAITING_FOR_PULLBACK,EXPIRED,ENTRY_WINDOW_EXPIRED,True,2237,1988,4,4,4,3959467691,2237,1988,,,,,,,,,,,,,,,,,,,,,,
8YBBhovjGX1EpZ6jJqKHamhqn3c6SBc2dmmGwX43pump,FP1-RESEARCH-PROBE-MID-0001,5,1787077212884611,1787076769000000,0,1,1,2,0,WAITING_FOR_IMPULSE,EXPIRED,ENTRY_WINDOW_EXPIRED,True,,,,,,,,,,,,,,,,,,,,,,,,,,,,,,
4YQchgMod9WqHCVJmbduGr4vG5QrLXJqfrsTTmkapump,FP1-RESEARCH-PROBE-MID-0001,5,1787077212810324,1787076769000000,0,12,12,4,0,WAITING_FOR_PULLBACK,EXPIRED,ENTRY_WINDOW_EXPIRED,True,5622,1608,4,4,1,197530863,5622,1608,,,,,,,,,,,,,,,,,,,,,,
99Eqt9f1pDiBfaRQJUpxMcbLMHgyGtSLj5Nbgmj7HSzo,FP1-RESEARCH-PROBE-MID-0001,5,1787077210054368,1787076769000000,0,1,1,2,0,WAITING_FOR_IMPULSE,EXPIRED,ENTRY_WINDOW_EXPIRED,True,,,,,,,,,,,,,,,,,,,,,,,,,,,,,,
3z1aun6tqmGGD75w23DLcQawy655xMgPJTgmRy2cpump,FP1-RESEARCH-PROBE-MID-0001,5,1787077201839475,1787076769000000,0,1,1,2,0,WAITING_FOR_IMPULSE,EXPIRED,ENTRY_WINDOW_EXPIRED,True,,,,,,,,,,,,,,,,,,,,,,,,,,,,,,
GN8cnxehow6suzvczfM2ZzangFMRSxFQUL4Yt36gpump,FP1-RESEARCH-PROBE-MID-0001,5,1787077195350679,1787076768000000,0,2,2,2,0,WAITING_FOR_IMPULSE,EXPIRED,ENTRY_WINDOW_EXPIRED,True,,,,,,,,,,,,,,,,,,,,,,,,,,,,,,
J3BLJyPNMV1YHtqn81wUjTq4KsB3mFD8WKez44EJpump,FP1-RESEARCH-PROBE-MID-0001,5,1787077192904630,1787076767000000,0,2,2,2,0,WAITING_FOR_IMPULSE,EXPIRED,ENTRY_WINDOW_EXPIRED,True,,,,,,,,,,,,,,,,,,,,,,,,,,,,,,
FYocWZxfrGyqAXmLAatXws6zb56pbY2gZUa3KqVpQEk2,FP1-RESEARCH-PROBE-MID-0001,5,1787077186209268,1787076767000000,0,9,9,2,0,WAITING_FOR_IMPULSE,EXPIRED,ENTRY_WINDOW_EXPIRED,True,,,,,,,,,,,,,,,,,,,,,,,,,,,,,,
3NDr1uLVdeNQKpdHasDC3SpQb1A2w3QEQ9x9fwSNpump,FP1-RESEARCH-PROBE-MID-0001,5,1787077180022098,1787076767000000,0,2,1,2,0,WAITING_FOR_IMPULSE,EXPIRED,ENTRY_WINDOW_EXPIRED,True,,,,,,,,,,,,,,,,,,,,,,,,,,,,,,
ETMYJeCNgm3HW63Z6fSz7Ks6U7KzVcrMWPdE1822pump,FP1-RESEARCH-PROBE-MID-0001,5,1787077168593967,1787076766000000,0,1,1,2,0,WAITING_FOR_IMPULSE,EXPIRED,ENTRY_WINDOW_EXPIRED,True,,,,,,,,,,,,,,,,,,,,,,,,,,,,,,
HpQ7g272RNeDbeCfKEZrBdPJG6bTSHtBtsQddaoipump,FP1-RESEARCH-PROBE-MID-0001,5,1787077160685063,1787076765000000,0,1,1,2,0,WAITING_FOR_IMPULSE,EXPIRED,ENTRY_WINDOW_EXPIRED,True,,,,,,,,,,,,,,,,,,,,,,,,,,,,,,
F1VET93pHMiaQbDQEefDfcAkGCQk3yTq7ihg5diCpump,FP1-RESEARCH-PROBE-MID-0001,5,1787077160660691,1787076765000000,0,1,1,2,0,WAITING_FOR_IMPULSE,EXPIRED,ENTRY_WINDOW_EXPIRED,True,,,,,,,,,,,,,,,,,,,,,,,,,,,,,,
388MmbRP3mvHyiiNtL5mGcEN3cGrKibj8jUjvRo1yK9W,FP1-RESEARCH-PROBE-MID-0001,5,1787077160614547,1787076765000000,0,1,1,2,0,WAITING_FOR_IMPULSE,EXPIRED,ENTRY_WINDOW_EXPIRED,True,,,,,,,,,,,,,,,,,,,,,,,,,,,,,,
3cRRwsW47pxYF2pbLKjGJhp1u2nBajfJLgTqeCaBpump,FP1-RESEARCH-PROBE-MID-0001,5,1787077156248769,1787076764000000,0,1,1,2,0,WAITING_FOR_IMPULSE,EXPIRED,ENTRY_WINDOW_EXPIRED,True,,,,,,,,,,,,,,,,,,,,,,,,,,,,,,
4eo7RywxSifvBaorqKhr7JE5qYH4Ufc3BAX7NJEwoEuS,FP1-RESEARCH-PROBE-MID-0001,5,1787077148238519,1787076764000000,0,2,2,2,0,WAITING_FOR_IMPULSE,EXPIRED,ENTRY_WINDOW_EXPIRED,True,,,,,,,,,,,,,,,,,,,,,,,,,,,,,,
kRSYfJiDDjbA5B6VtwweBG4RA8moGyTam6fGW5HvDja,FP1-RESEARCH-PROBE-MID-0001,5,1787077140968799,1787076763000000,0,9,9,4,0,WAITING_FOR_PULLBACK,EXPIRED,ENTRY_WINDOW_EXPIRED,True,74540,1672,6,6,2,1471025260,127894,2026,,,,,,,,,,,,,,,,,,,,,,
oou2cQqU3kpWJ23BGMm4BuBbJ72nnEbrfHHioDzanxs,FP1-RESEARCH-PROBE-MID-0001,5,1787077136248613,1787076763000000,0,1,1,2,0,WAITING_FOR_IMPULSE,EXPIRED,ENTRY_WINDOW_EXPIRED,True,,,,,,,,,,,,,,,,,,,,,,,,,,,,,,
4T1KogxQcpvNKRwr2zbsMbg6hxUp1XNCgPTZGTrBpump,FP1-RESEARCH-PROBE-MID-0001,5,1787077133793631,1787076762000000,0,1,1,2,0,WAITING_FOR_IMPULSE,EXPIRED,ENTRY_WINDOW_EXPIRED,True,,,,,,,,,,,,,,,,,,,,,,,,,,,,,,
DnsP5EFLTVbFDhRpodTXXrHrW7Hz1LyQfNMgyHCFpump,FP1-RESEARCH-PROBE-MID-0001,5,1787077131229674,1787076762000000,0,2,2,2,0,WAITING_FOR_IMPULSE,EXPIRED,ENTRY_WINDOW_EXPIRED,True,,,,,,,,,,,,,,,,,,,,,,,,,,,,,,
Be3xxfigaYz4hVNzZ3KUyu26BhnQ6ABeGtx3YYLfrkSL,FP1-RESEARCH-PROBE-MID-0001,5,1787077103383754,1787076760000000,0,10,10,4,0,WAITING_FOR_PULLBACK,EXPIRED,ENTRY_WINDOW_EXPIRED,True,187,2188,4,4,4,4073096578,2533,2241,,,,,,,,,,,,,,,,,,,,,,
GyHaKaX8qYapyeXmUWYySnY3LZjuPe9B962VPbCipump,FP1-RESEARCH-PROBE-MID-0001,5,1787077100628018,1787076760000000,0,3,3,2,0,WAITING_FOR_IMPULSE,EXPIRED,ENTRY_WINDOW_EXPIRED,True,,,,,,,,,,,,,,,,,,,,,,,,,,,,,,
AcRtEv1cj7HeegGqXo4AGkruMVaHgFbnTK1Ao8t6pump,FP1-RESEARCH-PROBE-MID-0001,5,1787077100613561,1787076760000000,0,56,31,2,0,WAITING_FOR_IMPULSE,EXPIRED,ENTRY_WINDOW_EXPIRED,True,,,,,,,,,,,,,,,,,,,,,,,,,,,,,,
468eVWi964Jy1SAFq1HJixr7erdTzTp9NKnKzKPYpump,FP1-RESEARCH-PROBE-MID-0001,5,1787077098621864,1787076760000000,0,1,1,2,0,WAITING_FOR_IMPULSE,EXPIRED,ENTRY_WINDOW_EXPIRED,True,,,,,,,,,,,,,,,,,,,,,,,,,,,,,,
B9D5uDCxJmr9reRMoUdzvrS8sefwCDyQXGoTNNg3fgYw,FP1-RESEARCH-PROBE-MID-0001,5,1787077067073986,1787076758000000,0,2,2,2,0,WAITING_FOR_IMPULSE,EXPIRED,ENTRY_WINDOW_EXPIRED,True,,,,,,,,,,,,,,,,,,,,,,,,,,,,,,
2baicCwq8XaXZsni2jt9ofaBiNsCtFsjT5vHZUscpump,FP1-RESEARCH-PROBE-MID-0001,5,1787077039432875,1787076756000000,0,2,2,2,0,WAITING_FOR_IMPULSE,EXPIRED,ENTRY_WINDOW_EXPIRED,True,,,,,,,,,,,,,,,,,,,,,,,,,,,,,,
J4AUPKtYEqt5VHe8zWN72o7QzWt1wjVRyZxEbUDepump,FP1-RESEARCH-PROBE-MID-0001,5,1787077028817897,1787076756000000,0,6,6,2,0,WAITING_FOR_IMPULSE,EXPIRED,ENTRY_WINDOW_EXPIRED,True,,,,,,,,,,,,,,,,,,,,,,,,,,,,,,
HNKCC9MRbADQZeud31YvyDapjjD1JENkwvEKSvvgpump,FP1-RESEARCH-PROBE-MID-0001,5,1787077023896749,1787076755000000,0,5,5,2,0,WAITING_FOR_IMPULSE,EXPIRED,ENTRY_WINDOW_EXPIRED,True,,,,,,,,,,,,,,,,,,,,,,,,,,,,,,
77oUtJndaiELNWWn7PD2cRtW4EMo3dsFFPmye75apump,FP1-RESEARCH-PROBE-MID-0001,5,1787077017999914,1787076755000000,0,1,1,2,0,WAITING_FOR_IMPULSE,EXPIRED,ENTRY_WINDOW_EXPIRED,True,,,,,,,,,,,,,,,,,,,,,,,,,,,,,,
CEnCFYxux8H6gKUh6QMduyzAYxaPy3TQBZKy3hCVhoCQ,FP1-RESEARCH-PROBE-MID-0001,5,1787077015566437,1787076755000000,0,1,1,2,0,WAITING_FOR_IMPULSE,EXPIRED,ENTRY_WINDOW_EXPIRED,True,,,,,,,,,,,,,,,,,,,,,,,,,,,,,,
61a3gXbmshsQFwBPpJZoe6SNzV4qm35ZCJxFtK4Jpump,FP1-RESEARCH-PROBE-MID-0001,5,1787077008640683,1787076755000000,0,1,1,2,0,WAITING_FOR_IMPULSE,EXPIRED,ENTRY_WINDOW_EXPIRED,True,,,,,,,,,,,,,,,,,,,,,,,,,,,,,,
8aM5uquSuunJFo25zafzHr72AF4BTbWiz78rwYqpump,FP1-RESEARCH-PROBE-MID-0001,5,1787076999663459,1787076754000000,0,1,1,2,0,WAITING_FOR_IMPULSE,EXPIRED,ENTRY_WINDOW_EXPIRED,True,,,,,,,,,,,,,,,,,,,,,,,,,,,,,,
3S27EpFcXVMghvMxsBNKYsZ4sKug1pUsmY1fBXrBpump,FP1-RESEARCH-PROBE-MID-0001,5,1787076997025113,1787076753000000,0,1,1,2,0,WAITING_FOR_IMPULSE,EXPIRED,ENTRY_WINDOW_EXPIRED,True,,,,,,,,,,,,,,,,,,,,,,,,,,,,,,
FW4v33A3x7GTTDZBQxozWfPkxnJ3eowM3cye7uLNpump,FP1-RESEARCH-PROBE-MID-0001,5,1787076994933369,1787076753000000,0,1,1,1,0,DISCOVERED,EXPIRED,ENTRY_WINDOW_EXPIRED,True,,,,,,,,,,,,,,,,,,,,,,,,,,,,,,
Di1EMmx93SbFcWymKJAiW3h8PfSss7XbzDrH6Epgpump,FP1-RESEARCH-PROBE-MID-0001,5,1787076994719409,1787076753000000,0,1,1,2,0,WAITING_FOR_IMPULSE,EXPIRED,ENTRY_WINDOW_EXPIRED,True,,,,,,,,,,,,,,,,,,,,,,,,,,,,,,
7VPDdPcjYp3h49sqMHtMtCppxqDhg8dDB1n5XLdppump,FP1-RESEARCH-PROBE-MID-0001,5,1787076993468615,1787076753000000,0,14,5,3,0,IMPULSE_CONFIRMED,EXPIRED,ENTRY_WINDOW_EXPIRED,True,299200,1819,5,5,3,2448504797,299200,1819,,,,,,,,,,,,,,,,,,,,,,
34x9M7rcmv9ycDA8LdcX8cfmR7THWKPxX1zUxXX1pump,FP1-RESEARCH-PROBE-MID-0001,5,1787076988336740,1787076753000000,0,3,1,2,0,WAITING_FOR_IMPULSE,EXPIRED,ENTRY_WINDOW_EXPIRED,True,,,,,,,,,,,,,,,,,,,,,,,,,,,,,,
7G5QwVrFkRu4QmDB3nAkqjxJFsBx9WYwm1eGBGmMpump,FP1-RESEARCH-PROBE-MID-0001,5,1787076974566902,1787076753000000,0,1,1,2,0,WAITING_FOR_IMPULSE,EXPIRED,ENTRY_WINDOW_EXPIRED,True,,,,,,,,,,,,,,,,,,,,,,,,,,,,,,
Au9ZAJ7nR3xtB9MXiUy57X4Z1x9RnyJGK5jkXMropump,FP1-RESEARCH-PROBE-MID-0001,5,1787076963689573,1787076752000000,0,9,6,2,0,WAITING_FOR_IMPULSE,EXPIRED,ENTRY_WINDOW_EXPIRED,True,,,,,,,,,,,,,,,,,,,,,,,,,,,,,,
EoD9acf25KrHhJb7ime8nr3NyqDnf1stUMk3pyDZEmtS,FP1-RESEARCH-PROBE-MID-0001,5,1787076960342469,1787076751000000,0,11,10,2,0,WAITING_FOR_IMPULSE,EXPIRED,ENTRY_WINDOW_EXPIRED,True,,,,,,,,,,,,,,,,,,,,,,,,,,,,,,
AssE3k56q7kSPZSSnrtxXpnDvDn4n5MuwCAhARVopump,FP1-RESEARCH-PROBE-MID-0001,5,1787076960231170,1787076751000000,0,8,8,2,0,WAITING_FOR_IMPULSE,EXPIRED,ENTRY_WINDOW_EXPIRED,True,,,,,,,,,,,,,,,,,,,,,,,,,,,,,,
BW7SPidghGfjYSCkVEGXTm2stHAhPLgm3sv9kVtBpump,FP1-RESEARCH-PROBE-MID-0001,5,1787076956920968,1787076751000000,0,4,3,2,0,WAITING_FOR_IMPULSE,EXPIRED,ENTRY_WINDOW_EXPIRED,True,,,,,,,,,,,,,,,,,,,,,,,,,,,,,,
BxaBbACnyDobzDzAGSDx6AwzoCexk4vx1SdpK6C5pump,FP1-RESEARCH-PROBE-MID-0001,5,1787076949703219,1787076751000000,0,1,1,2,0,WAITING_FOR_IMPULSE,EXPIRED,ENTRY_WINDOW_EXPIRED,True,,,,,,,,,,,,,,,,,,,,,,,,,,,,,,
2wmaWULyFCsfSuBreB2z6Rvqqqqj2CfyamaVJjV6pump,FP1-RESEARCH-PROBE-MID-0001,5,1787076943341810,1787076750000000,0,1,1,2,0,WAITING_FOR_IMPULSE,EXPIRED,ENTRY_WINDOW_EXPIRED,True,,,,,,,,,,,,,,,,,,,,,,,,,,,,,,
7jJUtWKJziKAhF9WLmm8Sfni1Xcz82bsYiKPVEeqpump,FP1-RESEARCH-PROBE-MID-0001,5,1787076937955256,1787076749000000,0,2,1,2,0,WAITING_FOR_IMPULSE,EXPIRED,ENTRY_WINDOW_EXPIRED,True,,,,,,,,,,,,,,,,,,,,,,,,,,,,,,
DTv3pz8peeZkZdvoHxHvJ1JUhty6ts9SGvfC4kGzDnn8,FP1-RESEARCH-PROBE-MID-0001,5,1787076937874263,1787076749000000,0,3,3,2,0,WAITING_FOR_IMPULSE,EXPIRED,ENTRY_WINDOW_EXPIRED,True,,,,,,,,,,,,,,,,,,,,,,,,,,,,,,
FStDTDuGtYYBwVRZ18S6TYcoDiiEqVMiorrK89fqpump,FP1-RESEARCH-PROBE-MID-0001,5,1787076918169386,1787076748000000,0,1,1,2,0,WAITING_FOR_IMPULSE,EXPIRED,ENTRY_WINDOW_EXPIRED,True,,,,,,,,,,,,,,,,,,,,,,,,,,,,,,
SndJGLp57MtRWUrDDhZGT2p4mxmMsV7eyDoQkgMpump,FP1-RESEARCH-PROBE-MID-0001,5,1787076915573781,1787076748000000,0,2,2,2,0,WAITING_FOR_IMPULSE,EXPIRED,ENTRY_WINDOW_EXPIRED,True,,,,,,,,,,,,,,,,,,,,,,,,,,,,,,
CDhGbKqXPEgh9PvwwwsVaPTJ7XwFh8Jpo7XzY6Zdpump,FP1-RESEARCH-PROBE-MID-0001,5,1787076911184046,1787076748000000,0,5,5,4,0,WAITING_FOR_PULLBACK,EXPIRED,ENTRY_WINDOW_EXPIRED,True,4365,1706,3,3,2,2558169338,4365,1706,,,,,,,,,,,,,,,,,,,,,,
4guznapky4xswi8Qoc16HGf3k3hoFD7yEbKxEZyGpump,FP1-RESEARCH-PROBE-MID-0001,5,1787076908754179,1787076747000000,0,1,1,2,0,WAITING_FOR_IMPULSE,EXPIRED,ENTRY_WINDOW_EXPIRED,True,,,,,,,,,,,,,,,,,,,,,,,,,,,,,,
HCnZgsFH45ZGR9irM6D5R2dTdFF2hcHBc9XeRXDcpump,FP1-RESEARCH-PROBE-MID-0001,5,1787076905893683,1787076747000000,0,1,1,2,0,WAITING_FOR_IMPULSE,EXPIRED,ENTRY_WINDOW_EXPIRED,True,,,,,,,,,,,,,,,,,,,,,,,,,,,,,,
ByCuLLJYnaBXgDiQ7tpir9MDpNMtvDzjrQdf3JX1pump,FP1-RESEARCH-PROBE-MID-0001,5,1787076903523423,1787076747000000,0,78,34,1,0,DISCOVERED,EXPIRED,ENTRY_WINDOW_EXPIRED,True,,,,,,,,,,,,,,,,,,,,,,,,,,,,,,
V8pwrntDFeYXVDDSS3H5NygoudcHbToB8Q37mQFpump,FP1-RESEARCH-PROBE-MID-0001,5,1787076892365879,1787076746000000,0,2,1,2,0,WAITING_FOR_IMPULSE,EXPIRED,ENTRY_WINDOW_EXPIRED,True,,,,,,,,,,,,,,,,,,,,,,,,,,,,,,
HQ9bG7FeTWVbFvKEvXonjHc5CJVjVFNXG8tveE9icyvZ,FP1-RESEARCH-PROBE-MID-0001,5,1787076883466961,1787076745000000,0,1,1,2,0,WAITING_FOR_IMPULSE,EXPIRED,ENTRY_WINDOW_EXPIRED,True,,,,,,,,,,,,,,,,,,,,,,,,,,,,,,
CpxmLWH1bN8Mddbj1WX583BoJrwAQTucvDFe6eBhpump,FP1-RESEARCH-PROBE-MID-0001,5,1787076873978195,1787076744000000,0,6,4,2,0,WAITING_FOR_IMPULSE,EXPIRED,ENTRY_WINDOW_EXPIRED,True,,,,,,,,,,,,,,,,,,,,,,,,,,,,,,
5MHeqv63kDyREwMxGSbxG6w1tNR4jePekNMbP1NfNmca,FP1-RESEARCH-PROBE-MID-0001,5,1787076871704104,1787076744000000,0,1,1,2,0,WAITING_FOR_IMPULSE,EXPIRED,ENTRY_WINDOW_EXPIRED,True,,,,,,,,,,,,,,,,,,,,,,,,,,,,,,
GtVFV7BQzhUtEeBW3Qr7pzw4hgw6xBhUGnKDPbWXpump,FP1-RESEARCH-PROBE-MID-0001,5,1787076869900846,1787076744000000,0,27,24,2,0,WAITING_FOR_IMPULSE,EXPIRED,ENTRY_WINDOW_EXPIRED,True,,,,,,,,,,,,,,,,,,,,,,,,,,,,,,
PeBVYRsRQZAiUoSnBXXhX5E9HUgBZyDURWrerYcYgiz,FP1-RESEARCH-PROBE-MID-0001,5,1787076860112732,1787076743000000,0,12,2,2,0,WAITING_FOR_IMPULSE,EXPIRED,ENTRY_WINDOW_EXPIRED,True,,,,,,,,,,,,,,,,,,,,,,,,,,,,,,
BrtFjxbryd56QRziBsN18qAcd9iRtrMuDZQF8DVH2ix4,FP1-RESEARCH-PROBE-MID-0001,5,1787076852956403,1787076742000000,0,11,11,2,0,WAITING_FOR_IMPULSE,EXPIRED,ENTRY_WINDOW_EXPIRED,True,,,,,,,,,,,,,,,,,,,,,,,,,,,,,,
BXrAJKpAcGJt2NACiXdt5wHwEi2KukWTAbgmjeKUpump,FP1-RESEARCH-PROBE-MID-0001,5,1787076843123845,1787076742000000,0,2,1,2,0,WAITING_FOR_IMPULSE,EXPIRED,ENTRY_WINDOW_EXPIRED,True,,,,,,,,,,,,,,,,,,,,,,,,,,,,,,
EZG1FtAVKbvK7bFcUcvekGbx5MQyjzWQraEqJJeapump,FP1-RESEARCH-PROBE-MID-0001,5,1787076822253485,1787076741000000,0,8,7,2,0,WAITING_FOR_IMPULSE,EXPIRED,ENTRY_WINDOW_EXPIRED,True,,,,,,,,,,,,,,,,,,,,,,,,,,,,,,
9caYv4QJPXPNBG8ghnbLdXowyuVzfVkB8Y4a4umpump,FP1-RESEARCH-PROBE-MID-0001,5,1787076813200179,1787076741000000,0,1,1,2,0,WAITING_FOR_IMPULSE,EXPIRED,ENTRY_WINDOW_EXPIRED,True,,,,,,,,,,,,,,,,,,,,,,,,,,,,,,
HYcZNR8fUdUFSAW2PmgivxuQU2avfUwX6XmeQKPepump,FP1-RESEARCH-PROBE-MID-0001,5,1787076798197776,1787076740000000,0,79,46,7,0,CANDIDATE_SIGNAL,CANDIDATE_SIGNAL,RECLAIM_CONFIRMED,False,32067,2492,5,4,1,3600000000,40685,10125,236221,204154,3318,3318,236221,3318,254756,18535,1450,2,0,256691356,92,2,0,256691356,265066,10310,6288,-1907,579,
7De9qBYKGiqnJA3dU6Pv9sjZyvXecdZNfRK8dNtpump,FP1-RESEARCH-PROBE-MID-0001,5,1787076795776241,1787076740000000,0,1,1,1,0,DISCOVERED,EXPIRED,ENTRY_WINDOW_EXPIRED,True,,,,,,,,,,,,,,,,,,,,,,,,,,,,,,
CXt2iDWiovFYk4fTMnx5wEve98fQGfBgiqmfvVxHpump,FP1-RESEARCH-PROBE-MID-0001,5,1787076791189570,1787076740000000,0,7,4,2,0,WAITING_FOR_IMPULSE,EXPIRED,ENTRY_WINDOW_EXPIRED,True,,,,,,,,,,,,,,,,,,,,,,,,,,,,,,
AXF1HmVmXa2d7WJzANJpERtdTSegsw9kBHdgK3H1pump,FP1-RESEARCH-PROBE-MID-0001,5,1787076788568616,1787076739000000,0,1,1,2,0,WAITING_FOR_IMPULSE,EXPIRED,ENTRY_WINDOW_EXPIRED,True,,,,,,,,,,,,,,,,,,,,,,,,,,,,,,
6pMDSx3dC9gAFgFyb19DgaBpdP2q1mv3w4Gj4sRn5n4X,FP1-RESEARCH-PROBE-MID-0001,5,1787076785957575,1787076739000000,0,7,2,2,0,WAITING_FOR_IMPULSE,EXPIRED,ENTRY_WINDOW_EXPIRED,True,,,,,,,,,,,,,,,,,,,,,,,,,,,,,,
4tDwumTUKbNMskmbYy31fTJ16a1Aeb9KszNWxsiNpump,FP1-RESEARCH-PROBE-MID-0001,5,1787076780921528,1787076739000000,0,25,6,2,0,WAITING_FOR_IMPULSE,EXPIRED,ENTRY_WINDOW_EXPIRED,True,,,,,,,,,,,,,,,,,,,,,,,,,,,,,,
gRrXUqdki1PQ5UC7EP64v6wjUvEfftEN98VDHexpump,FP1-RESEARCH-PROBE-MID-0001,5,1787076776706717,1787076739000000,0,1,1,2,0,WAITING_FOR_IMPULSE,EXPIRED,ENTRY_WINDOW_EXPIRED,True,,,,,,,,,,,,,,,,,,,,,,,,,,,,,,
43dbNPdxKfU3ZkJteR9U84dGGc4SkGcVDLjEzU3gpump,FP1-RESEARCH-PROBE-MID-0001,5,1787076770860729,1787076738000000,0,9,5,2,0,WAITING_FOR_IMPULSE,EXPIRED,ENTRY_WINDOW_EXPIRED,True,,,,,,,,,,,,,,,,,,,,,,,,,,,,,,
8P3CGNvDiKnS2AeVq8UsYoKyNLRUg2Ym3RgZESpgpump,FP1-RESEARCH-PROBE-MID-0001,5,1787076768813863,1787076738000000,0,1,1,2,0,WAITING_FOR_IMPULSE,EXPIRED,ENTRY_WINDOW_EXPIRED,True,,,,,,,,,,,,,,,,,,,,,,,,,,,,,,
BhK74qDZfCkrGQcCg2dDs7zzBHqfozanGWdCqaoFpump,FP1-RESEARCH-PROBE-MID-0001,5,1787076766818542,1787076738000000,0,1,1,2,0,WAITING_FOR_IMPULSE,EXPIRED,ENTRY_WINDOW_EXPIRED,True,,,,,,,,,,,,,,,,,,,,,,,,,,,,,,
4abDctU61kwGd6DnTdBaoiMhqWigzKtzRnvvJSXjpump,FP1-RESEARCH-PROBE-MID-0001,5,1787076762473765,1787076737000000,0,1,1,2,0,WAITING_FOR_IMPULSE,EXPIRED,ENTRY_WINDOW_EXPIRED,True,,,,,,,,,,,,,,,,,,,,,,,,,,,,,,
Vy4ubHnSteumfeo9wfTakoXgzuaARAu4JuQAuhFpump,FP1-RESEARCH-PROBE-MID-0001,5,1787076762430766,1787076737000000,0,2,2,2,0,WAITING_FOR_IMPULSE,EXPIRED,ENTRY_WINDOW_EXPIRED,True,,,,,,,,,,,,,,,,,,,,,,,,,,,,,,
6GjaJ5K56DRhyv9P2x9piKPVywstfyj6wiqXTYxspump,FP1-RESEARCH-PROBE-MID-0001,5,1787076761058765,1787076737000000,0,154,99,4,0,WAITING_FOR_PULLBACK,EXPIRED,ENTRY_WINDOW_EXPIRED,True,12,3192,3,3,3,5448441939,176992,14691,,,,,,,,,,,,,,,,,,,,,,
3KmQM1KsU9s6GQtas4WqbpdinXnQJoviqP1zEh94pump,FP1-RESEARCH-PROBE-MID-0001,5,1787076758113669,1787076736000000,0,18,13,4,0,WAITING_FOR_PULLBACK,EXPIRED,ENTRY_WINDOW_EXPIRED,True,30,2002,3,3,3,7140740739,5824,3213,,,,,,,,,,,,,,,,,,,,,,
HxDaK1KV9z8thXN6qudgL9KY65X9zBsSZgekK6Hjpump,FP1-RESEARCH-PROBE-MID-0001,5,1787076758042668,1787076736000000,0,26,19,1,0,DISCOVERED,EXPIRED,ENTRY_WINDOW_EXPIRED,True,,,,,,,,,,,,,,,,,,,,,,,,,,,,,,
8NXGEqwWMNKxv4HuGyAB4tyuc6xDrb44TToRB2Ddpump,FP1-RESEARCH-PROBE-MID-0001,5,1787076755603301,1787076736000000,0,33,24,2,0,WAITING_FOR_IMPULSE,EXPIRED,ENTRY_WINDOW_EXPIRED,True,,,,,,,,,,,,,,,,,,,,,,,,,,,,,,
HPympp8tJvsgGphbHy41MiB2R3eYezLgZoXRontGpump,FP1-RESEARCH-PROBE-MID-0001,5,1787076755507302,1787076736000000,0,21,6,2,0,WAITING_FOR_IMPULSE,EXPIRED,ENTRY_WINDOW_EXPIRED,True,,,,,,,,,,,,,,,,,,,,,,,,,,,,,,
HNsS8GcTpK77erjuHRMEXeE3aJ8zXhNywehLjfzDpump,FP1-RESEARCH-PROBE-MID-0001,5,1787076753933559,1787076735000000,0,27,19,6,0,WAITING_FOR_RESPONSE,INVALIDATED,PULLBACK_TOO_DEEP,False,23,17461,3,3,3,28000000000,1691,38642,11609,11586,4876,6247,18664,,,,,,,,,,,,,,,,,
2sgCEaV8PdZ4GTwYBLKPMABdmZvPrSPdpMhrdtT8pump,FP1-RESEARCH-PROBE-MID-0001,5,1787076752814768,1787076735000000,0,1,1,2,0,WAITING_FOR_IMPULSE,EXPIRED,ENTRY_WINDOW_EXPIRED,True,,,,,,,,,,,,,,,,,,,,,,,,,,,,,,
6JrhJ1TqGga75G2iw8PzdXrJwqm7qunTjRAymsTipump,FP1-RESEARCH-PROBE-MID-0001,5,1787076752733769,1787076735000000,0,1,1,2,0,WAITING_FOR_IMPULSE,EXPIRED,ENTRY_WINDOW_EXPIRED,True,,,,,,,,,,,,,,,,,,,,,,,,,,,,,,
EzL6hy8z79dv674kGipoL8VnEokQ5931iMk6Hj2zcN15,FP1-RESEARCH-PROBE-MID-0001,5,1787076752622769,1787076735000000,0,3,2,2,0,WAITING_FOR_IMPULSE,EXPIRED,ENTRY_WINDOW_EXPIRED,True,,,,,,,,,,,,,,,,,,,,,,,,,,,,,,
FX3KeFPPMcXB644Jg9rymb1Y1rs1aGD4CCGxxftqpump,FP1-RESEARCH-PROBE-MID-0001,5,1787076752509768,1787076735000000,0,1,1,2,0,WAITING_FOR_IMPULSE,EXPIRED,ENTRY_WINDOW_EXPIRED,True,,,,,,,,,,,,,,,,,,,,,,,,,,,,,,
2chAqtRahMc2H4FbPsrBtjAYVNZzg9KTEfXRTeYSpump,FP1-RESEARCH-PROBE-MID-0001,5,1787076752394767,1787076735000000,0,1,1,2,0,WAITING_FOR_IMPULSE,EXPIRED,ENTRY_WINDOW_EXPIRED,True,,,,,,,,,,,,,,,,,,,,,,,,,,,,,,
5boMjDyxC7JFJNyJSpatdatWeFAjwHwSQfjcFT9jpump,FP1-RESEARCH-PROBE-MID-0001,5,1787076750942013,1787076735000000,0,5,5,2,0,WAITING_FOR_IMPULSE,EXPIRED,ENTRY_WINDOW_EXPIRED,True,,,,,,,,,,,,,,,,,,,,,,,,,,,,,,
Ht4jGHzj6ySM4EMvffNF4bY3iwKLvACETAyG5hwPpump,FP1-RESEARCH-PROBE-MID-0001,5,1787076749909278,1787076735000000,0,12,5,2,0,WAITING_FOR_IMPULSE,EXPIRED,ENTRY_WINDOW_EXPIRED,True,,,,,,,,,,,,,,,,,,,,,,,,,,,,,,
8SQ2kAo4oqmEwjgXgcLV8oib2Qo8w6KMhcLuAqhUpump,FP1-RESEARCH-PROBE-MID-0001,5,1787076748667756,1787076735000000,0,6,4,2,0,WAITING_FOR_IMPULSE,EXPIRED,ENTRY_WINDOW_EXPIRED,True,,,,,,,,,,,,,,,,,,,,,,,,,,,,,,
mbsUkVJNN3n1docGZZxRAA2vT67j4b3i3Uv6g7dpump,FP1-RESEARCH-PROBE-MID-0001,5,1787076747032946,1787076734000000,0,2,2,2,0,WAITING_FOR_IMPULSE,EXPIRED,ENTRY_WINDOW_EXPIRED,True,,,,,,,,,,,,,,,,,,,,,,,,,,,,,,
9ofSHjkKaBxkbZ6WtXPfrtTWZ739sMdtpSk3pdW4pump,FP1-RESEARCH-PROBE-MID-0001,5,1787076745477206,1787076734000000,0,2,1,2,0,WAITING_FOR_IMPULSE,EXPIRED,ENTRY_WINDOW_EXPIRED,True,,,,,,,,,,,,,,,,,,,,,,,,,,,,,,
J4xP2GWnTcXEPkDsumSbjU2sxaDYD7mebqxvxYicpump,FP1-RESEARCH-PROBE-MID-0001,5,1787076744184625,1787076733000000,0,13,13,5,0,PULLBACK_ACTIVE,EXPIRED,ENTRY_WINDOW_EXPIRED,True,121,3483,4,4,4,5837435962,1319,3987,58404,58283,2838,2838,58404,,,,,,,,,,,,,,,,,
AKgLZJ7ZKtSZJbHUTcsqGjNCeU5hdkahUbk8ZxBLpump,FP1-RESEARCH-PROBE-MID-0001,5,1787076744135624,1787076733000000,0,8,3,2,0,WAITING_FOR_IMPULSE,EXPIRED,ENTRY_WINDOW_EXPIRED,True,,,,,,,,,,,,,,,,,,,,,,,,,,,,,,
AmU1A4AHMXYZgo7oBWFKUNVFdD1RRL71DG44JhoApump,FP1-RESEARCH-PROBE-MID-0001,5,1787076742908875,1787076733000000,0,37,12,2,0,WAITING_FOR_IMPULSE,EXPIRED,ENTRY_WINDOW_EXPIRED,True,,,,,,,,,,,,,,,,,,,,,,,,,,,,,,
CHnFDNY7yjALt3UswGt4z7r4JaJ47v7nzXjJgrgbpump,FP1-RESEARCH-PROBE-MID-0001,5,1787076742817880,1787076733000000,0,1,1,2,0,WAITING_FOR_IMPULSE,EXPIRED,ENTRY_WINDOW_EXPIRED,True,,,,,,,,,,,,,,,,,,,,,,,,,,,,,,
DR5stLQ1REsfUmNxB6882NEmJuXVFLVad2Jetnw6pump,FP1-RESEARCH-PROBE-MID-0001,5,1787076741566361,1787076733000000,0,16,16,1,0,DISCOVERED,EXPIRED,ENTRY_WINDOW_EXPIRED,True,,,,,,,,,,,,,,,,,,,,,,,,,,,,,,
5H3yawFnDbCr9yGXtbp6SL7tQRKXQCQEBDki8XjCpump,FP1-RESEARCH-PROBE-MID-0001,5,1787076741485363,1787076733000000,0,31,24,2,0,WAITING_FOR_IMPULSE,EXPIRED,ENTRY_WINDOW_EXPIRED,True,,,,,,,,,,,,,,,,,,,,,,,,,,,,,,
51XG8a5nVP1C6ussXiS5uhCN62qLfzQhpcxqZ1Bxpump,FP1-RESEARCH-PROBE-MID-0001,5,1787076741426362,1787076733000000,0,1,1,1,0,DISCOVERED,EXPIRED,ENTRY_WINDOW_EXPIRED,True,,,,,,,,,,,,,,,,,,,,,,,,,,,,,,
bqxeDEw8MtMvAra5RmfcMD7Nqz7vt18ZPzCHfxVpump,FP1-RESEARCH-PROBE-MID-0001,5,1787076740154423,1787076733000000,0,29,19,4,0,WAITING_FOR_PULLBACK,EXPIRED,ENTRY_WINDOW_EXPIRED,True,1264,1975,4,4,4,3959334443,1264,1975,,,,,,,,,,,,,,,,,,,,,,
K5fvUGDgUJTCivcLbKyy7L7Msmd8x7rDYQkwUQfpump,FP1-RESEARCH-PROBE-MID-0001,5,1787076740038422,1787076733000000,0,7,2,2,0,WAITING_FOR_IMPULSE,EXPIRED,ENTRY_WINDOW_EXPIRED,True,,,,,,,,,,,,,,,,,,,,,,,,,,,,,,
5faGDXwbiBq5miEMyuv79tXd8oFMgpAFMXGA7Xexpump,FP1-RESEARCH-PROBE-MID-0001,5,1787076739821676,1787076733000000,0,22,12,2,0,WAITING_FOR_IMPULSE,EXPIRED,ENTRY_WINDOW_EXPIRED,True,,,,,,,,,,,,,,,,,,,,,,,,,,,,,,
2UdWPq4SvnFrUJtcmdiHt54JbYTMkavd446LZdHDpump,FP1-RESEARCH-PROBE-MID-0001,5,1787076738559451,1787076732000000,0,8,3,2,0,WAITING_FOR_IMPULSE,EXPIRED,ENTRY_WINDOW_EXPIRED,True,,,,,,,,,,,,,,,,,,,,,,,,,,,,,,
FHhPcCkRZRbyaKQn6uN1Uf5jYadvnFzohGxjWmSHpump,FP1-RESEARCH-PROBE-MID-0001,5,1787076738467446,1787076732000000,0,25,13,2,0,WAITING_FOR_IMPULSE,EXPIRED,ENTRY_WINDOW_EXPIRED,True,,,,,,,,,,,,,,,,,,,,,,,,,,,,,,
6L23brf3xkaSsD5mpG49rkdYWpUF7Pb2pujhqJcLpump,FP1-RESEARCH-PROBE-MID-0001,5,1787076737243715,1787076732000000,0,18,2,2,0,WAITING_FOR_IMPULSE,EXPIRED,ENTRY_WINDOW_EXPIRED,True,,,,,,,,,,,,,,,,,,,,,,,,,,,,,,
4MSpPMLsCDGjo161D1BpnxDEtr1wTHNMiHSrev9upump,FP1-RESEARCH-PROBE-MID-0001,5,1787076737035198,1787076732000000,0,1,1,2,0,WAITING_FOR_IMPULSE,EXPIRED,ENTRY_WINDOW_EXPIRED,True,,,,,,,,,,,,,,,,,,,,,,,,,,,,,,
Dipy9KTCX53GEjRpPxh3dn6Y6tcN7mrf3vL3To6Qpump,FP1-RESEARCH-PROBE-MID-0001,5,1787076735823607,1787076732000000,0,2,2,2,0,WAITING_FOR_IMPULSE,EXPIRED,ENTRY_WINDOW_EXPIRED,True,,,,,,,,,,,,,,,,,,,,,,,,,,,,,,
DQxaq3uzLZifBuKwyN33zZFqEgVe5A13Rtzm1SAFpump,FP1-RESEARCH-PROBE-MID-0001,5,1787076735615608,1787076731000000,0,8,3,2,0,WAITING_FOR_IMPULSE,EXPIRED,ENTRY_WINDOW_EXPIRED,True,,,,,,,,,,,,,,,,,,,,,,,,,,,,,,
2VLVnUfyU4UNvbZCZUfVRLGJKQRJS9UQ5mRSswwgpump,FP1-RESEARCH-PROBE-MID-0001,5,1787076735559613,1787076731000000,0,30,12,2,0,WAITING_FOR_IMPULSE,EXPIRED,ENTRY_WINDOW_EXPIRED,True,,,,,,,,,,,,,,,,,,,,,,,,,,,,,,
6VQxvirCSMXkidzYPaH8hheoujCx3qAwidbNe685pump,FP1-RESEARCH-PROBE-MID-0001,5,1787076735541611,1787076731000000,0,7,7,2,0,WAITING_FOR_IMPULSE,EXPIRED,ENTRY_WINDOW_EXPIRED,True,,,,,,,,,,,,,,,,,,,,,,,,,,,,,,
ukWSz1Bx9ZPeQCU5UcFmP1nuVuDw1YRXNkxEphRmHj4,FP1-RESEARCH-PROBE-MID-0001,5,1787076735521612,1787076731000000,0,1,1,2,0,WAITING_FOR_IMPULSE,EXPIRED,ENTRY_WINDOW_EXPIRED,True,,,,,,,,,,,,,,,,,,,,,,,,,,,,,,
J9F3kEV4o3MNMDZ941k1pMv6dizd1LisSVj9uRGPpump,FP1-RESEARCH-PROBE-MID-0001,5,1787076735480607,1787076731000000,0,81,50,2,0,WAITING_FOR_IMPULSE,EXPIRED,ENTRY_WINDOW_EXPIRED,True,,,,,,,,,,,,,,,,,,,,,,,,,,,,,,
DrkPf7FREMSJT3BubbLWzgr6eYZozXeQpdEKugBHpump,FP1-RESEARCH-PROBE-MID-0001,5,1787076734205874,1787076731000000,0,24,2,2,0,WAITING_FOR_IMPULSE,EXPIRED,ENTRY_WINDOW_EXPIRED,True,,,,,,,,,,,,,,,,,,,,,,,,,,,,,,
GDFGRFA98nsJYD9SYyWuk4YDXV73ffP211JKFRVZpump,FP1-RESEARCH-PROBE-MID-0001,5,1787076734153361,1787076731000000,0,39,17,2,0,WAITING_FOR_IMPULSE,EXPIRED,ENTRY_WINDOW_EXPIRED,True,,,,,,,,,,,,,,,,,,,,,,,,,,,,,,
EVvmWSviacYbdi2HmywGMcsL72b3dps5JjXiduR3pump,FP1-RESEARCH-PROBE-MID-0001,5,1787076733912823,1787076731000000,0,81,46,2,0,WAITING_FOR_IMPULSE,EXPIRED,ENTRY_WINDOW_EXPIRED,True,,,,,,,,,,,,,,,,,,,,,,,,,,,,,,
7qsyyPBvvVGayoNibVcaqNu5ePpg9ftxQUUxCpRKpump,FP1-RESEARCH-PROBE-MID-0001,5,1787076733893819,1787076731000000,0,39,16,2,0,WAITING_FOR_IMPULSE,EXPIRED,ENTRY_WINDOW_EXPIRED,True,,,,,,,,,,,,,,,,,,,,,,,,,,,,,,
A1qj4xebzHwjM4gz9LqLGYWLkXyRJdZX6kEQqCCbpump,FP1-RESEARCH-PROBE-MID-0001,5,1787076732797823,1787076731000000,0,2,2,2,0,WAITING_FOR_IMPULSE,EXPIRED,ENTRY_WINDOW_EXPIRED,True,,,,,,,,,,,,,,,,,,,,,,,,,,,,,,
KjzjkuZ8r6BBkQBPNsgSGsmxppwFmPbrgWcnGpnpump,FP1-RESEARCH-PROBE-MID-0001,5,1787076732649822,1787076731000000,0,58,18,6,0,WAITING_FOR_RESPONSE,INVALIDATED,PULLBACK_TOO_DEEP,False,67913,3377,13,4,1,74970908,67913,3377,86110,18197,2678,7828,122935,,,,,,,,,,,,,,,,,
Fusiy3cT5ZTVkmFZyTQ1kLFDZ8otdcB8C4R1S8pC1S7L,FP1-RESEARCH-PROBE-MID-0001,5,1787076732484044,1787076731000000,0,19,18,6,0,WAITING_FOR_RESPONSE,INVALIDATED,PULLBACK_TOO_DEEP,False,21478,4039,9,3,2,87401559,25714,7759,40284,18806,3152,6129,102521,,,,,,,,,,,,,,,,,
6nZgBu1Un7t9VcLkKN5PNMXSxEhYFLDsAwL6JeF1pump,FP1-RESEARCH-PROBE-MID-0001,5,1787076732446047,1787076730000000,0,1,1,2,0,WAITING_FOR_IMPULSE,EXPIRED,ENTRY_WINDOW_EXPIRED,True,,,,,,,,,,,,,,,,,,,,,,,,,,,,,,
49bo69QPveB1wCWWgUQYfkMr299VZmTtctGfimuVTuUY,FP1-RESEARCH-PROBE-MID-0001,5,1787076732365043,1787076730000000,0,46,23,2,0,WAITING_FOR_IMPULSE,EXPIRED,ENTRY_WINDOW_EXPIRED,True,,,,,,,,,,,,,,,,,,,,,,,,,,,,,,
5w2zL6fRKxxfBNu2nYC7EUFyeKreAYH9sWcJY1Bxpump,FP1-RESEARCH-PROBE-MID-0001,5,1787076732356042,1787076730000000,0,71,31,1,0,DISCOVERED,EXPIRED,ENTRY_WINDOW_EXPIRED,True,,,,,,,,,,,,,,,,,,,,,,,,,,,,,,
24qYt9vrVyp6T2EueAURGymF9MrpnDH6ceedMi9dpump,FP1-RESEARCH-PROBE-MID-0001,5,1787076732349042,1787076730000000,0,147,37,6,0,WAITING_FOR_RESPONSE,EXPIRED,ENTRY_WINDOW_EXPIRED,True,110910,8992,16,3,1,192580837,152734,21005,198670,87760,3186,5743,256075,,,,,,,,,,,,,,,,,
8Ra4Rbqfn3dDSzvVBWV9Qbxh95AzCNvJ3QPxLAAYF5yf,FP1-RESEARCH-PROBE-MID-0001,5,1787076732291048,1787076730000000,0,19,12,2,0,WAITING_FOR_IMPULSE,EXPIRED,ENTRY_WINDOW_EXPIRED,True,,,,,,,,,,,,,,,,,,,,,,,,,,,,,,
99vYtpjVMtRN2P6fKykci6ehtWnKM61ZcBLmbbV1pump,FP1-RESEARCH-PROBE-MID-0001,5,1787076731230011,1787076730000000,0,1,1,2,0,WAITING_FOR_IMPULSE,EXPIRED,ENTRY_WINDOW_EXPIRED,True,,,,,,,,,,,,,,,,,,,,,,,,,,,,,,
8wDRMU2vkVjSgXQZ6mwF6uzH6cHtvTzxxL8AZ7Dbpump,FP1-RESEARCH-PROBE-MID-0001,5,1787076731023006,1787076730000000,0,1,1,2,0,WAITING_FOR_IMPULSE,EXPIRED,ENTRY_WINDOW_EXPIRED,True,,,,,,,,,,,,,,,,,,,,,,,,,,,,,,
Egzjvops7QCrSpoLs1cbH9Jh78zxx2RfEu7HaVfypump,FP1-RESEARCH-PROBE-MID-0001,5,1787076731007007,1787076730000000,0,39,25,2,0,WAITING_FOR_IMPULSE,EXPIRED,ENTRY_WINDOW_EXPIRED,True,,,,,,,,,,,,,,,,,,,,,,,,,,,,,,
FBPK8CoKzipKzVxE1KZbC98B4DMQ3qLeGtXgVy5tpump,FP1-RESEARCH-PROBE-MID-0001,5,1787076730977008,1787076730000000,0,1,1,2,0,WAITING_FOR_IMPULSE,EXPIRED,ENTRY_WINDOW_EXPIRED,True,,,,,,,,,,,,,,,,,,,,,,,,,,,,,,
24qYL6eQCpyN8WvBcVM6wUco7w14cvcYxw1koMtmpump,FP1-RESEARCH-PROBE-MID-0001,5,1787076730761884,1787076730000000,0,137,55,6,0,WAITING_FOR_RESPONSE,INVALIDATED,PULLBACK_TOO_DEEP,False,147578,2232,48,12,1,14222161,156168,4832,161686,14108,3445,8053,184912,,,,,,,,,,,,,,,,,
EseYwg2iVJju6u3H4gE5bH8N9uWDqMsTWU8nAV1epump,FP1-RESEARCH-PROBE-MID-0001,5,1787076730714882,1787076730000000,0,140,57,6,0,WAITING_FOR_RESPONSE,INVALIDATED,PULLBACK_TOO_DEEP,False,116678,2108,32,4,1,78714960,189845,16408,207157,90479,3835,6466,215262,,,,,,,,,,,,,,,,,
A6eQxu4uXKsEcLfX4Dy8rDzwLmqkACMaSfnMuU4Ppump,FP1-RESEARCH-PROBE-MID-0001,5,1787076730693883,1787076730000000,0,118,48,2,0,WAITING_FOR_IMPULSE,EXPIRED,ENTRY_WINDOW_EXPIRED,True,,,,,,,,,,,,,,,,,,,,,,,,,,,,,,
H64hLpEnAAuHoKgzei5HFt217CEpmx9UPMoRtquCpump,FP1-RESEARCH-PROBE-MID-0001,5,1787076730687883,1787076730000000,0,1,1,2,0,WAITING_FOR_IMPULSE,EXPIRED,ENTRY_WINDOW_EXPIRED,True,,,,,,,,,,,,,,,,,,,,,,,,,,,,,,
CciwZdzuutzcihRxzZtX4n8s73q6WgDPktXPoZ7Wpump,FP1-RESEARCH-PROBE-MID-0001,5,1787076730661882,1787076730000000,0,92,71,2,0,WAITING_FOR_IMPULSE,EXPIRED,ENTRY_WINDOW_EXPIRED,True,,,,,,,,,,,,,,,,,,,,,,,,,,,,,,
8kC6xAByh5KyDxrWH1Y9PWkWP3p3RVyfo14XzuQ3WN5M,FP1-RESEARCH-PROBE-MID-0001,5,1787076027408792,1787075474000000,0,1,1,2,0,WAITING_FOR_IMPULSE,EXPIRED,ENTRY_WINDOW_EXPIRED,True,,,,,,,,,,,,,,,,,,,,,,,,,,,,,,
Cau7ZY9fZn9GWYrjCMGiQuNr7fETQZUfcUve5wPiVDnh,FP1-RESEARCH-PROBE-MID-0001,5,1787076027361842,1787075473000000,0,1,1,2,0,WAITING_FOR_IMPULSE,EXPIRED,ENTRY_WINDOW_EXPIRED,True,,,,,,,,,,,,,,,,,,,,,,,,,,,,,,
EVhtQSkjMHPwyTm6zpBQJR2ow9QyWxBP6mJEKV5Kpump,FP1-RESEARCH-PROBE-MID-0001,5,1787076004517652,1787075471000000,0,20,20,4,0,WAITING_FOR_PULLBACK,EXPIRED,ENTRY_WINDOW_EXPIRED,True,5,1507,3,3,3,5400000000,10468,5513,,,,,,,,,,,,,,,,,,,,,,
CaZu4YyRfVqMBynVd2o7LQeDQPGayu6oJQLV3QT7QKYU,FP1-RESEARCH-PROBE-MID-0001,5,1787076000099268,1787075471000000,0,6,6,2,0,WAITING_FOR_IMPULSE,EXPIRED,ENTRY_WINDOW_EXPIRED,True,,,,,,,,,,,,,,,,,,,,,,,,,,,,,,
24qTzcFU4LHbnCD9jif6nrpn17M6XayF7C5CPVzZpump,FP1-RESEARCH-PROBE-MID-0001,5,1787076000093754,1787075471000000,0,8,8,2,0,WAITING_FOR_IMPULSE,EXPIRED,ENTRY_WINDOW_EXPIRED,True,,,,,,,,,,,,,,,,,,,,,,,,,,,,,,
8A8XE8AseWxQEGaaZ4Fw5eqitxThPcYSd9mDuF5Dpump,FP1-RESEARCH-PROBE-MID-0001,5,1787076000087241,1787075471000000,0,1,1,2,0,WAITING_FOR_IMPULSE,EXPIRED,ENTRY_WINDOW_EXPIRED,True,,,,,,,,,,,,,,,,,,,,,,,,,,,,,,
4fhMyvMaus6ujEhbt6VbS5Pnyf8CbvXWLJdW4JvZpump,FP1-RESEARCH-PROBE-MID-0001,5,1787075997755261,1787075469000000,0,1,1,1,0,DISCOVERED,EXPIRED,ENTRY_WINDOW_EXPIRED,True,,,,,,,,,,,,,,,,,,,,,,,,,,,,,,
CHRskLZjjcuETHRbyWNKvx4Mt333GuNHrZw1WJrLpump,FP1-RESEARCH-PROBE-MID-0001,5,1787075990754537,1787075467000000,0,2,2,2,0,WAITING_FOR_IMPULSE,EXPIRED,ENTRY_WINDOW_EXPIRED,True,,,,,,,,,,,,,,,,,,,,,,,,,,,,,,
EUF4Cetz7HzMV7stvk8SmY9rJhZx3ZLZcq5T4aDEpump,FP1-RESEARCH-PROBE-MID-0001,5,1787075988317637,1787075466000000,0,14,14,6,0,WAITING_FOR_RESPONSE,EXPIRED,ENTRY_WINDOW_EXPIRED,True,11743,2737,5,3,1,19562914,18625,6617,36960,25217,4348,4348,36960,,,,,,,,,,,,,,,,,
D59vie5vZirj2KQJ9N8qGpchJAWoi8v4ozp1gvygpump,FP1-RESEARCH-PROBE-MID-0001,5,1787075988288600,1787075466000000,0,1,1,2,0,WAITING_FOR_IMPULSE,EXPIRED,ENTRY_WINDOW_EXPIRED,True,,,,,,,,,,,,,,,,,,,,,,,,,,,,,,
BewgSY6zvcEupzqRm8c9sN7ZHTF2m6d9Uyk9iZYBpump,FP1-RESEARCH-PROBE-MID-0001,5,1787075983620514,1787075464000000,0,6,6,2,0,WAITING_FOR_IMPULSE,EXPIRED,ENTRY_WINDOW_EXPIRED,True,,,,,,,,,,,,,,,,,,,,,,,,,,,,,,
FRBtgoEpYwX9sWoj3Z2KpE29QBFv6ubYafCHWtrupump,FP1-RESEARCH-PROBE-MID-0001,5,1787075979295198,1787075463000000,0,1,1,2,0,WAITING_FOR_IMPULSE,EXPIRED,ENTRY_WINDOW_EXPIRED,True,,,,,,,,,,,,,,,,,,,,,,,,,,,,,,
EG3oUzy57mbCMaxtKXKRZcvNBmeCALjqpmvXfV71pump,FP1-RESEARCH-PROBE-MID-0001,5,1787075976500841,1787075462000000,0,6,6,2,0,WAITING_FOR_IMPULSE,EXPIRED,ENTRY_WINDOW_EXPIRED,True,,,,,,,,,,,,,,,,,,,,,,,,,,,,,,
9e8gnDsBka6uCgUju82pxhDcdnMVfYifXjN495YWpump,FP1-RESEARCH-PROBE-MID-0001,5,1787075971614243,1787075459000000,0,1,1,2,0,WAITING_FOR_IMPULSE,EXPIRED,ENTRY_WINDOW_EXPIRED,True,,,,,,,,,,,,,,,,,,,,,,,,,,,,,,
2ftPYD79z9EW67uK7b4K1H9JmoVdjJxD43fnxK4Apump,FP1-RESEARCH-PROBE-MID-0001,5,1787075968796474,1787075458000000,0,2,2,2,0,WAITING_FOR_IMPULSE,EXPIRED,ENTRY_WINDOW_EXPIRED,True,,,,,,,,,,,,,,,,,,,,,,,,,,,,,,
Fs47a5ugFPHNGj3FNGVeh8Vfv4uPaAsc6CjQuNfepump,FP1-RESEARCH-PROBE-MID-0001,5,1787075966348583,1787075458000000,0,1,1,2,0,WAITING_FOR_IMPULSE,EXPIRED,ENTRY_WINDOW_EXPIRED,True,,,,,,,,,,,,,,,,,,,,,,,,,,,,,,
5W4wTbCRQsC4oKUbvYA4xkvaRMETxitwoYi9NbT9aYg1,FP1-RESEARCH-PROBE-MID-0001,5,1787075963918780,1787075457000000,0,1,1,2,0,WAITING_FOR_IMPULSE,EXPIRED,ENTRY_WINDOW_EXPIRED,True,,,,,,,,,,,,,,,,,,,,,,,,,,,,,,
CRxxqEPLGwoST7noV76Nsfte2UgVN8XYixMhZbWSpump,FP1-RESEARCH-PROBE-MID-0001,5,1787075959015459,1787075455000000,0,2,2,2,0,WAITING_FOR_IMPULSE,EXPIRED,ENTRY_WINDOW_EXPIRED,True,,,,,,,,,,,,,,,,,,,,,,,,,,,,,,
89g2tcdkwicNhppRinFEdifK4EDm2pcHBUTymcuTpump,FP1-RESEARCH-PROBE-MID-0001,5,1787075951635587,1787075453000000,0,1,1,2,0,WAITING_FOR_IMPULSE,EXPIRED,ENTRY_WINDOW_EXPIRED,True,,,,,,,,,,,,,,,,,,,,,,,,,,,,,,
2vBhhhZtnmMyjrFqqTPGNu3JKyT31tmPiTymg4wgpump,FP1-RESEARCH-PROBE-MID-0001,5,1787075949015597,1787075453000000,0,14,14,2,0,WAITING_FOR_IMPULSE,EXPIRED,ENTRY_WINDOW_EXPIRED,True,,,,,,,,,,,,,,,,,,,,,,,,,,,,,,
6crppbS8d8xQHeA6wbe1FwHL2TRcchPztfEWE6jkpump,FP1-RESEARCH-PROBE-MID-0001,5,1787075932151958,1787075450000000,0,46,19,8,1,WAITING_FOR_RECLAIM,INVALIDATED,PULLBACK_TOO_DEEP,False,10309,4729,4,3,2,62815048,10309,4729,19507,9198,4445,6007,34192,5544,24445,4938,3130,2,1,174381316,3130,2,3,12377498,,,,,,
6qFcpEmZ9ggd5Hqn5GRL8umUrRh9ateNMKDKPhs7pump,FP1-RESEARCH-PROBE-MID-0001,5,1787075927233418,1787075448000000,0,51,14,8,1,WAITING_FOR_RECLAIM,INVALIDATED,PULLBACK_TOO_DEEP,False,15189,3232,4,3,1,57498985,15189,3232,21767,6578,3092,6909,31764,3092,24415,2648,541,2,1,723585553,541,3,2,675494670,,,,,,
3MJU3RRDdA5ayFeX1dq7vnbqA8mBLMR9umz5GQgLpump,FP1-RESEARCH-PROBE-MID-0001,5,1787075927231418,1787075448000000,0,1,1,2,0,WAITING_FOR_IMPULSE,EXPIRED,ENTRY_WINDOW_EXPIRED,True,,,,,,,,,,,,,,,,,,,,,,,,,,,,,,
2JbGQU9hj6taNRqPHGvniJ7tD2MSNVyuqFbWYSMfpump,FP1-RESEARCH-PROBE-MID-0001,5,1787075924515153,1787075448000000,0,1,1,2,0,WAITING_FOR_IMPULSE,EXPIRED,ENTRY_WINDOW_EXPIRED,True,,,,,,,,,,,,,,,,,,,,,,,,,,,,,,
GubeDzpSydvXbP52bNLqXRKiGapnvB1JUobYM7j5pump,FP1-RESEARCH-PROBE-MID-0001,5,1787075924514151,1787075448000000,0,1,1,2,0,WAITING_FOR_IMPULSE,EXPIRED,ENTRY_WINDOW_EXPIRED,True,,,,,,,,,,,,,,,,,,,,,,,,,,,,,,
6Ywgrn4tpunQ25YAoQyuZkjGpSL2TzDKoyQYYgrcpump,FP1-RESEARCH-PROBE-MID-0001,5,1787075919277470,1787075446000000,0,7,7,2,0,WAITING_FOR_IMPULSE,EXPIRED,ENTRY_WINDOW_EXPIRED,True,,,,,,,,,,,,,,,,,,,,,,,,,,,,,,
8rgBCz31kFMX9t6owpwEZRauudeY3HXCLB1HJUTxtaKF,FP1-RESEARCH-PROBE-MID-0001,5,1787075913832742,1787075445000000,0,18,10,7,0,CANDIDATE_SIGNAL,CANDIDATE_SIGNAL,RECLAIM_CONFIRMED,False,5453,1840,3,3,2,184499996,5477,2390,13412,7959,2944,2944,13412,2944,18297,4885,4796,2,0,591650842,4660,2,2,227085192,23156,4859,4348,0,1092,
FEPGE8twpBKmJduyqUrsfcosNXb9iauH4SAjNTeNpump,FP1-RESEARCH-PROBE-MID-0001,5,1787075906074956,1787075444000000,0,1,1,2,0,WAITING_FOR_IMPULSE,EXPIRED,ENTRY_WINDOW_EXPIRED,True,,,,,,,,,,,,,,,,,,,,,,,,,,,,,,
Hf5MDX7vCdXVbVdUeqMUe6bCGQU5uqygKevooXwqpump,FP1-RESEARCH-PROBE-MID-0001,5,1787075903237401,1787075443000000,0,1,1,2,0,WAITING_FOR_IMPULSE,EXPIRED,ENTRY_WINDOW_EXPIRED,True,,,,,,,,,,,,,,,,,,,,,,,,,,,,,,
9N872gyHMcbZgVkVNLLti4m6WJo9Sam7imGGW89pump,FP1-RESEARCH-PROBE-MID-0001,5,1787075888446271,1787075441000000,0,1,1,2,0,WAITING_FOR_IMPULSE,EXPIRED,ENTRY_WINDOW_EXPIRED,True,,,,,,,,,,,,,,,,,,,,,,,,,,,,,,
C983zsBpasUwhAj1s1ZA9DhF8ogyATxkjNe8uQxfpump,FP1-RESEARCH-PROBE-MID-0001,5,1787075879664766,1787075439000000,0,4,4,2,0,WAITING_FOR_IMPULSE,EXPIRED,ENTRY_WINDOW_EXPIRED,True,,,,,,,,,,,,,,,,,,,,,,,,,,,,,,
CJFyaCyjZ6dwscrLKZAiQ7AeXRFm74u4KgG17S3fUqSU,FP1-RESEARCH-PROBE-MID-0001,5,1787075875432028,1787075439000000,0,1,1,2,0,WAITING_FOR_IMPULSE,EXPIRED,ENTRY_WINDOW_EXPIRED,True,,,,,,,,,,,,,,,,,,,,,,,,,,,,,,
HzgqDreTWWBvikLxHPVTM1cKbNyP1TWoPZMKxK1xrHac,FP1-RESEARCH-PROBE-MID-0001,5,1787075867903091,1787075438000000,0,1,1,2,0,WAITING_FOR_IMPULSE,EXPIRED,ENTRY_WINDOW_EXPIRED,True,,,,,,,,,,,,,,,,,,,,,,,,,,,,,,
2dY1HxXdKtxoD2Nb973UiFFVSVzwSn2kHAQzwi6mpump,FP1-RESEARCH-PROBE-MID-0001,5,1787075852384831,1787075436000000,0,54,27,7,0,WAITING_FOR_RECLAIM,REJECT,PRICE_RAN_AWAY,False,77477,1778,17,4,2,185523406,87370,5836,90035,12558,2621,2621,90035,2621,94386,4351,6129,2,0,342862231,2439,3,1,272590425,,,,,,96665
DZ1w2NWZpFR4hGGSvFaVLTxWdWsB6Mpxumzg4Eiopump,FP1-RESEARCH-PROBE-MID-0001,5,1787075843364688,1787075436000000,0,1,1,2,0,WAITING_FOR_IMPULSE,EXPIRED,ENTRY_WINDOW_EXPIRED,True,,,,,,,,,,,,,,,,,,,,,,,,,,,,,,
F8RWF26ffeeUgKFnG5XgkKbh1vzpQsrsXuGewq1Dpump,FP1-RESEARCH-PROBE-MID-0001,5,1787075836212537,1787075435000000,0,2,2,2,0,WAITING_FOR_IMPULSE,EXPIRED,ENTRY_WINDOW_EXPIRED,True,,,,,,,,,,,,,,,,,,,,,,,,,,,,,,
BRaxsZoYg6scR2hekHexTfgyLnpopySWqPLcW4o6pump,FP1-RESEARCH-PROBE-MID-0001,5,1787075821440949,1787075434000000,0,93,93,8,1,WAITING_FOR_RECLAIM,EXPIRED,ENTRY_WINDOW_EXPIRED,True,7413,1857,7,7,2,1975772798,9869,5439,28353,20940,2848,3976,205961,3841,54055,25702,839,4,1,104458914,48,6,2,-164997692,,,,,,
BuE9duiToFMfJ6q3wCn3d2KrzdrefqgN71kaTwtUpump,FP1-RESEARCH-PROBE-MID-0001,5,1787075818970422,1787075434000000,0,1,1,2,0,WAITING_FOR_IMPULSE,EXPIRED,ENTRY_WINDOW_EXPIRED,True,,,,,,,,,,,,,,,,,,,,,,,,,,,,,,
EeYis5gvhm5KhtwetHC62uvBbZ1cerZNvoFasAPkpump,FP1-RESEARCH-PROBE-MID-0001,5,1787075817588473,1787075434000000,0,2,2,2,0,WAITING_FOR_IMPULSE,EXPIRED,ENTRY_WINDOW_EXPIRED,True,,,,,,,,,,,,,,,,,,,,,,,,,,,,,,
HHEK9pFCXbK6GevCgBkTTzHdpdMCr1PwEFjioxh5pump,FP1-RESEARCH-PROBE-MID-0001,5,1787075812865899,1787075433000000,0,23,23,6,0,WAITING_FOR_RESPONSE,EXPIRED,ENTRY_WINDOW_EXPIRED,True,5,2625,3,3,3,5169501702,6065,2911,121708,121703,2841,2866,121728,,,,,,,,,,,,,,,,,
9RnvWbNFkuSmiPkACof4SWcJ679fCY3jDC6gvZxZpump,FP1-RESEARCH-PROBE-MID-0001,4,1787075812823794,1787075433000000,0,1,1,2,0,WAITING_FOR_IMPULSE,EXPIRED,ENTRY_WINDOW_EXPIRED,True,,,,,,,,,,,,,,,,,,,,,,,,,,,,,,
Bf8inNx9RpCFRZbSrVHnLse3Bz3da8ea4kMzhtxxpump,FP1-RESEARCH-PROBE-MID-0001,4,1787075802114415,1787075432000000,0,4,4,2,0,WAITING_FOR_IMPULSE,EXPIRED,ENTRY_WINDOW_EXPIRED,True,,,,,,,,,,,,,,,,,,,,,,,,,,,,,,
G6cyLHD84wq27a3vsz5Cv27nQEsZ1BxPZy4mZiEdFDpc,FP1-RESEARCH-PROBE-MID-0001,4,1787075797803732,1787075432000000,0,1,1,2,0,WAITING_FOR_IMPULSE,EXPIRED,ENTRY_WINDOW_EXPIRED,True,,,,,,,,,,,,,,,,,,,,,,,,,,,,,,
C1M67zE9dxmrf8SDWPjrFE6PrSedYGqeqejnhv8Lpump,FP1-RESEARCH-PROBE-MID-0001,4,1787075795138313,1787075432000000,0,1,1,2,0,WAITING_FOR_IMPULSE,EXPIRED,ENTRY_WINDOW_EXPIRED,True,,,,,,,,,,,,,,,,,,,,,,,,,,,,,,
H3Zo4YogAkrTMZAxtvEPFtBPeQhuDFShsWRZW5xHpump,FP1-RESEARCH-PROBE-MID-0001,4,1787075780189824,1787075431000000,0,1,1,2,0,WAITING_FOR_IMPULSE,EXPIRED,ENTRY_WINDOW_EXPIRED,True,,,,,,,,,,,,,,,,,,,,,,,,,,,,,,
DmQLCaRESq57oG2UNpj8CDg55qk5E7e6AkKECbHNpump,FP1-RESEARCH-PROBE-MID-0001,4,1787075748616857,1787075429000000,0,1,1,2,0,WAITING_FOR_IMPULSE,EXPIRED,ENTRY_WINDOW_EXPIRED,True,,,,,,,,,,,,,,,,,,,,,,,,,,,,,,
7ZURh5pqthsy8bf5iMA4XaiG7HcGPbSoc2z8eM8Dpump,FP1-RESEARCH-PROBE-MID-0001,4,1787075742254447,1787075428000000,0,5,4,2,0,WAITING_FOR_IMPULSE,EXPIRED,ENTRY_WINDOW_EXPIRED,True,,,,,,,,,,,,,,,,,,,,,,,,,,,,,,
5TKLzmmgfPYUL6FqFJ7CYt6JEmvkjSBoe9hncqyfpump,FP1-RESEARCH-PROBE-MID-0001,4,1787075737313542,1787075428000000,0,2,2,2,0,WAITING_FOR_IMPULSE,EXPIRED,ENTRY_WINDOW_EXPIRED,True,,,,,,,,,,,,,,,,,,,,,,,,,,,,,,
3o6W4NWhCteMYMe6cdJBqzb88fjsasdjCA4UgZFypump,FP1-RESEARCH-PROBE-MID-0001,4,1787075725916250,1787075427000000,0,2,2,2,0,WAITING_FOR_IMPULSE,EXPIRED,ENTRY_WINDOW_EXPIRED,True,,,,,,,,,,,,,,,,,,,,,,,,,,,,,,
ANTNNteL2Y9aAH3QpfskEP9bA6nmCf3GcnEGGAGupump,FP1-RESEARCH-PROBE-MID-0001,4,1787075715380808,1787075426000000,0,1,1,2,0,WAITING_FOR_IMPULSE,EXPIRED,ENTRY_WINDOW_EXPIRED,True,,,,,,,,,,,,,,,,,,,,,,,,,,,,,,
CHUyKXcdU6USovWmb4ikLQQn5uuev8h21hF9pKTgpump,FP1-RESEARCH-PROBE-MID-0001,4,1787075699304044,1787075425000000,0,1,1,2,0,WAITING_FOR_IMPULSE,EXPIRED,ENTRY_WINDOW_EXPIRED,True,,,,,,,,,,,,,,,,,,,,,,,,,,,,,,
4Cq5i7ELg61b4hZi3NrgbJ4zudfnX2HtWzcWE3k4pump,FP1-RESEARCH-PROBE-MID-0001,4,1787075692055657,1787075425000000,0,17,14,2,0,WAITING_FOR_IMPULSE,EXPIRED,ENTRY_WINDOW_EXPIRED,True,,,,,,,,,,,,,,,,,,,,,,,,,,,,,,
ArKXtdcsf3aeZ5nshQ85t9rRyFmtnJz3w1ek4wTmHwsJ,FP1-RESEARCH-PROBE-MID-0001,4,1787075689911562,1787075425000000,0,6,6,2,0,WAITING_FOR_IMPULSE,EXPIRED,ENTRY_WINDOW_EXPIRED,True,,,,,,,,,,,,,,,,,,,,,,,,,,,,,,
4b788FNwvYeuysUxNdKTHQ6hdsrYj3gUe2d3qE88pump,FP1-RESEARCH-PROBE-MID-0001,4,1787075689844937,1787075425000000,0,176,58,7,0,CANDIDATE_SIGNAL,CANDIDATE_SIGNAL,RECLAIM_CONFIRMED,False,198586,4146,27,5,3,352125620,219042,12094,224029,25443,2959,5509,226765,5509,229409,5380,3013,5,1,787903539,64,10,3,682476952,231915,2506,5352,-3052,1888,
GyW1EgMyxW8d1bZNWWxZjJdhdx1HzXgUAccGXTg9pump,FP1-RESEARCH-PROBE-MID-0001,4,1787075687473986,1787075425000000,0,36,33,6,0,WAITING_FOR_RESPONSE,EXPIRED,ENTRY_WINDOW_EXPIRED,True,264186,2826,22,4,1,350449332,286736,14299,293836,29650,4511,5567,296129,,,,,,,,,,,,,,,,,
5yKHRzV1bnbXw1oEZWYsMS9dKd8Pd57ZYdMAKw7vpump,FP1-RESEARCH-PROBE-MID-0001,4,1787075669985152,1787075423000000,0,1,1,2,0,WAITING_FOR_IMPULSE,EXPIRED,ENTRY_WINDOW_EXPIRED,True,,,,,,,,,,,,,,,,,,,,,,,,,,,,,,
CetseNCz6So4U3E4GG2nWpmwL9tBJXK56cvgvZH2K9Mh,FP1-RESEARCH-PROBE-MID-0001,4,1787075656552368,1787075423000000,0,1,1,2,0,WAITING_FOR_IMPULSE,EXPIRED,ENTRY_WINDOW_EXPIRED,True,,,,,,,,,,,,,,,,,,,,,,,,,,,,,,
GZ6QrYCQqhWZJVshypJ7jCMhkhaYg3gCR69LcUQ7pump,FP1-RESEARCH-PROBE-MID-0001,4,1787075635759513,1787075421000000,0,1,1,2,0,WAITING_FOR_IMPULSE,EXPIRED,ENTRY_WINDOW_EXPIRED,True,,,,,,,,,,,,,,,,,,,,,,,,,,,,,,
9EZoqpsVNqrniz49LzTX1xdxZY7byxpz7PrHmC5zpump,FP1-RESEARCH-PROBE-MID-0001,4,1787075624956613,1787075421000000,0,14,12,4,0,WAITING_FOR_PULLBACK,EXPIRED,ENTRY_WINDOW_EXPIRED,True,6061,2060,4,4,1,972911242,278318,4415,,,,,,,,,,,,,,,,,,,,,,
GgZPG1q4hwenR1jPXYEoUcZ1x6Wfp5fh1gtBwHKApump,FP1-RESEARCH-PROBE-MID-0001,4,1787075584564263,1787075419000000,0,1,1,2,0,WAITING_FOR_IMPULSE,EXPIRED,ENTRY_WINDOW_EXPIRED,True,,,,,,,,,,,,,,,,,,,,,,,,,,,,,,
2hXJdbf1Dy6bkdYCPP839iSjj7pmhzWYzjAtLmqAnWs7,FP1-RESEARCH-PROBE-MID-0001,4,1787075582629775,1787075419000000,0,4,4,2,0,WAITING_FOR_IMPULSE,EXPIRED,ENTRY_WINDOW_EXPIRED,True,,,,,,,,,,,,,,,,,,,,,,,,,,,,,,
AyPDUKiXCiJUhRuKhknsKP2U8UgwnyYVSoa5zbSRpump,FP1-RESEARCH-PROBE-MID-0001,4,1787075580460822,1787075419000000,0,15,14,2,0,WAITING_FOR_IMPULSE,EXPIRED,ENTRY_WINDOW_EXPIRED,True,,,,,,,,,,,,,,,,,,,,,,,,,,,,,,
AtWRb8wvXdaLzDNtCfS8grQkDewzTsKc37Q2wgWMpump,FP1-RESEARCH-PROBE-MID-0001,4,1787075578014485,1787075418000000,0,36,36,6,0,WAITING_FOR_RESPONSE,EXPIRED,ENTRY_WINDOW_EXPIRED,True,13,4965,3,3,3,12740740737,6582,8310,44753,44740,2738,5973,154955,,,,,,,,,,,,,,,,,
Cj4yFhy4jNymTqcRPCDrqgGF5dQQap82X62LDejrpump,FP1-RESEARCH-PROBE-MID-0001,4,1787075558775954,1787075416000000,0,50,50,6,0,WAITING_FOR_RESPONSE,EXPIRED,ENTRY_WINDOW_EXPIRED,True,10,2348,3,3,3,6393000000,13577,5239,106133,106123,2508,4494,185989,,,,,,,,,,,,,,,,,
dVoHZhxVXgg5LF7FoWC7WDAGAJArHC6wEANLLMrpump,FP1-RESEARCH-PROBE-MID-0001,4,1787075556628178,1787075416000000,0,27,25,7,0,WAITING_FOR_RECLAIM,EXPIRED,ENTRY_WINDOW_EXPIRED,True,9,1829,3,3,3,8610000000,2223,4341,18622,18613,2781,5020,72438,5020,76776,58154,534,2,0,790015431,64,2,4,-4362910761,,,,,,
DRxgQyzd7V2eaaxL278jaPvuUdBpB6WQnaM3QVoHpump,FP1-RESEARCH-PROBE-MID-0001,4,1787075556623669,1787075416000000,0,4,4,2,0,WAITING_FOR_IMPULSE,EXPIRED,ENTRY_WINDOW_EXPIRED,True,,,,,,,,,,,,,,,,,,,,,,,,,,,,,,
FAA2ddSX2h5Qpg2ptbGLsciEnrhX3G4Dhzn9J4m1pump,FP1-RESEARCH-PROBE-MID-0001,4,1787075554191028,1787075415000000,0,1,1,2,0,WAITING_FOR_IMPULSE,EXPIRED,ENTRY_WINDOW_EXPIRED,True,,,,,,,,,,,,,,,,,,,,,,,,,,,,,,
GuFGBdwmTmVZfhQbArPKa1muVzk1hCJvXXq5xBX2pump,FP1-RESEARCH-PROBE-MID-0001,4,1787075554175655,1787075415000000,0,1,1,2,0,WAITING_FOR_IMPULSE,EXPIRED,ENTRY_WINDOW_EXPIRED,True,,,,,,,,,,,,,,,,,,,,,,,,,,,,,,
FVypwdeDovpCS1pcbYveVEix56v7S1RX6g7Cntjhpump,FP1-RESEARCH-PROBE-MID-0001,4,1787075554114083,1787075414000000,0,1,1,2,0,WAITING_FOR_IMPULSE,EXPIRED,ENTRY_WINDOW_EXPIRED,True,,,,,,,,,,,,,,,,,,,,,,,,,,,,,,
AncUjVVrrTsJEJ5Hg3FuDCV9hkWbvpoQDPVZ4FURpump,FP1-RESEARCH-PROBE-MID-0001,4,1787075551671450,1787075414000000,0,26,14,4,0,WAITING_FOR_PULLBACK,EXPIRED,ENTRY_WINDOW_EXPIRED,True,168242,2225,9,9,1,2500000001,277160,2711,,,,,,,,,,,,,,,,,,,,,,
3RDE4b4da9sw6HEBn3iNT3Tt3Krg1VvPm7b1BfyXpump,FP1-RESEARCH-PROBE-MID-0001,4,1787075551647415,1787075414000000,0,1,1,2,0,WAITING_FOR_IMPULSE,EXPIRED,ENTRY_WINDOW_EXPIRED,True,,,,,,,,,,,,,,,,,,,,,,,,,,,,,,
5YSmdm479Y61WebJANUc4qA3aZKNq3kcmNNpyBLhpump,FP1-RESEARCH-PROBE-MID-0001,4,1787075551635398,1787075413000000,0,1,1,2,0,WAITING_FOR_IMPULSE,EXPIRED,ENTRY_WINDOW_EXPIRED,True,,,,,,,,,,,,,,,,,,,,,,,,,,,,,,
PnqzLyzBH2pb4sDMF63EYSLpb6Tr5UXpBBSdqKEpump,FP1-RESEARCH-PROBE-MID-0001,4,1787075549341506,1787075413000000,0,1,1,2,0,WAITING_FOR_IMPULSE,EXPIRED,ENTRY_WINDOW_EXPIRED,True,,,,,,,,,,,,,,,,,,,,,,,,,,,,,,
G2pg2tKm1qah4uKY6dE26iEuPxmBMMFtZRSvU2qtpump,FP1-RESEARCH-PROBE-MID-0001,4,1787075545114953,1787075411000000,0,1,1,2,0,WAITING_FOR_IMPULSE,EXPIRED,ENTRY_WINDOW_EXPIRED,True,,,,,,,,,,,,,,,,,,,,,,,,,,,,,,
GC2EQr5cjkW2r4CKrgwzJxopYt1wWTvnPYZkvoM12i4z,FP1-RESEARCH-PROBE-MID-0001,4,1787075540153949,1787075410000000,0,4,4,2,0,WAITING_FOR_IMPULSE,EXPIRED,ENTRY_WINDOW_EXPIRED,True,,,,,,,,,,,,,,,,,,,,,,,,,,,,,,
7Ps68NVAxPzffbvpLPG7Y9XkT5bRjbUaPh6X11Espump,FP1-RESEARCH-PROBE-MID-0001,4,1787075540139444,1787075410000000,0,1,1,2,0,WAITING_FOR_IMPULSE,EXPIRED,ENTRY_WINDOW_EXPIRED,True,,,,,,,,,,,,,,,,,,,,,,,,,,,,,,
3f5sNCXhDAbiz8NeCLqfMuuKAr1ioX9i7CtFN273pump,FP1-RESEARCH-PROBE-MID-0001,4,1787075537811199,1787075409000000,0,18,18,6,0,WAITING_FOR_RESPONSE,EXPIRED,ENTRY_WINDOW_EXPIRED,True,149660,8098,7,3,1,49382715,168349,8131,170659,20999,2168,4596,179388,,,,,,,,,,,,,,,,,
CDNNmy2ZS3kRstTavZPtPZrj5zArr5mQYG9buEN4pump,FP1-RESEARCH-PROBE-MID-0001,4,1787075537792671,1787075409000000,0,1,1,2,0,WAITING_FOR_IMPULSE,EXPIRED,ENTRY_WINDOW_EXPIRED,True,,,,,,,,,,,,,,,,,,,,,,,,,,,,,,
5XeS8XS795aTbQw5pBLGsPSP2cMYG32LKxqi9nAPoZNL,FP1-RESEARCH-PROBE-MID-0001,4,1787075535265696,1787075407000000,0,1,1,2,0,WAITING_FOR_IMPULSE,EXPIRED,ENTRY_WINDOW_EXPIRED,True,,,,,,,,,,,,,,,,,,,,,,,,,,,,,,
9vh92kwJt2TueKH5yjosdkU6U7vW5yg1771qSHr8pump,FP1-RESEARCH-PROBE-MID-0001,4,1787075530840972,1787075405000000,0,1,1,2,0,WAITING_FOR_IMPULSE,EXPIRED,ENTRY_WINDOW_EXPIRED,True,,,,,,,,,,,,,,,,,,,,,,,,,,,,,,
24qTdqh1XJkaQCYCpEGrBfvLE47jJZ8hQrgRK4g5pump,FP1-RESEARCH-PROBE-MID-0001,4,1787075530838973,1787075405000000,0,112,19,7,0,CANDIDATE_SIGNAL,CANDIDATE_SIGNAL,RECLAIM_CONFIRMED,False,18459,4265,11,3,2,192941521,18459,4265,23327,4868,5020,5020,23327,5020,23366,39,2741,3,1,555069028,-2383,5,2,564262872,27961,4595,-385,-3260,622,
Dj1C6x54BT7dWaopjj6KbudhJJ6v5HzMNeLKLCWKpump,FP1-RESEARCH-PROBE-MID-0001,4,1787075530830465,1787075405000000,0,2,1,2,0,WAITING_FOR_IMPULSE,EXPIRED,ENTRY_WINDOW_EXPIRED,True,,,,,,,,,,,,,,,,,,,,,,,,,,,,,,
DNgoSm54mvNoUVfPKU6NmjH62YxrCKaVGuUk2Uc1pump,FP1-RESEARCH-PROBE-MID-0001,4,1787075528278377,1787075403000000,0,2,2,2,0,WAITING_FOR_IMPULSE,EXPIRED,ENTRY_WINDOW_EXPIRED,True,,,,,,,,,,,,,,,,,,,,,,,,,,,,,,
EShAYDpWrBorZuoRWgUi2AZHpBoMSaasAWt8FvjC3ByA,FP1-RESEARCH-PROBE-MID-0001,4,1787075525994436,1787075402000000,0,1,1,2,0,WAITING_FOR_IMPULSE,EXPIRED,ENTRY_WINDOW_EXPIRED,True,,,,,,,,,,,,,,,,,,,,,,,,,,,,,,
DmKFzHmTFqnKqkWJBzEhUfNqPyENwBjwFVCFiz55pump,FP1-RESEARCH-PROBE-MID-0001,4,1787075523475976,1787075401000000,0,3,2,2,0,WAITING_FOR_IMPULSE,EXPIRED,ENTRY_WINDOW_EXPIRED,True,,,,,,,,,,,,,,,,,,,,,,,,,,,,,,
H79oBnLgHACfSgZMCqahBgFtpAFkZdmUwsz8nKgWpump,FP1-RESEARCH-PROBE-MID-0001,4,1787075521054497,1787075401000000,0,1,1,2,0,WAITING_FOR_IMPULSE,EXPIRED,ENTRY_WINDOW_EXPIRED,True,,,,,,,,,,,,,,,,,,,,,,,,,,,,,,
7daz5rMaLiUZvAvNeGBacEDWztKHKoeSLuVjrZwZpump,FP1-RESEARCH-PROBE-MID-0001,4,1787075515945853,1787075399000000,0,11,4,2,0,WAITING_FOR_IMPULSE,EXPIRED,ENTRY_WINDOW_EXPIRED,True,,,,,,,,,,,,,,,,,,,,,,,,,,,,,,
7GZFGoStSuxHuHzMhL7MTSyXTRAmiEHsRSM4DrPAXL3f,FP1-RESEARCH-PROBE-MID-0001,4,1787075515940837,1787075399000000,0,1,1,2,0,WAITING_FOR_IMPULSE,EXPIRED,ENTRY_WINDOW_EXPIRED,True,,,,,,,,,,,,,,,,,,,,,,,,,,,,,,
C2uQWiRQykbRHgXwehnpm7kQBBobg7ZhmwkcHFN9pump,FP1-RESEARCH-PROBE-MID-0001,4,1787075511496263,1787075397000000,0,3,2,2,0,WAITING_FOR_IMPULSE,EXPIRED,ENTRY_WINDOW_EXPIRED,True,,,,,,,,,,,,,,,,,,,,,,,,,,,,,,
5icdwMwcvc1j2GNXHSpRsrCmnyXfMc5d36ai9EzBpump,FP1-RESEARCH-PROBE-MID-0001,4,1787075511478759,1787075397000000,0,1,1,2,0,WAITING_FOR_IMPULSE,EXPIRED,ENTRY_WINDOW_EXPIRED,True,,,,,,,,,,,,,,,,,,,,,,,,,,,,,,
PBci5T2yKXKYnAZdePM679aN3XfPhcjzYqZwodHpump,FP1-RESEARCH-PROBE-MID-0001,4,1787075509120503,1787075396000000,0,5,5,2,0,WAITING_FOR_IMPULSE,EXPIRED,ENTRY_WINDOW_EXPIRED,True,,,,,,,,,,,,,,,,,,,,,,,,,,,,,,
G4RD3cSR94crK7ZYSJERK6JVFCpQYFgsPutP8Vtpump,FP1-RESEARCH-PROBE-MID-0001,4,1787075509113444,1787075396000000,0,1,1,2,0,WAITING_FOR_IMPULSE,EXPIRED,ENTRY_WINDOW_EXPIRED,True,,,,,,,,,,,,,,,,,,,,,,,,,,,,,,
ANV54inHuFLtovYbW2LAWZvgKwRtZRkcw2L9faw8pump,FP1-RESEARCH-PROBE-MID-0001,4,1787075503893784,1787075395000000,0,1,1,2,0,WAITING_FOR_IMPULSE,EXPIRED,ENTRY_WINDOW_EXPIRED,True,,,,,,,,,,,,,,,,,,,,,,,,,,,,,,
3dDtBGsnUsBVPajTVaYUx7Ctpx9J1Q4Tpj1nqijsSaoZ,FP1-RESEARCH-PROBE-MID-0001,4,1787075503888782,1787075395000000,0,2,1,2,0,WAITING_FOR_IMPULSE,EXPIRED,ENTRY_WINDOW_EXPIRED,True,,,,,,,,,,,,,,,,,,,,,,,,,,,,,,
9iHUhaCZ4KywLo4Nm7rz8SnPtavK2Qngdubctafwpump,FP1-RESEARCH-PROBE-MID-0001,4,1787075503855397,1787075395000000,0,1,1,2,0,WAITING_FOR_IMPULSE,EXPIRED,ENTRY_WINDOW_EXPIRED,True,,,,,,,,,,,,,,,,,,,,,,,,,,,,,,
HFBiadz9qtmtiFHmpS4RY6uKxRMaLJcXCho9t6kApump,FP1-RESEARCH-PROBE-MID-0001,4,1787075503840892,1787075395000000,0,1,1,2,0,WAITING_FOR_IMPULSE,EXPIRED,ENTRY_WINDOW_EXPIRED,True,,,,,,,,,,,,,,,,,,,,,,,,,,,,,,
9S177eG4Vj4S4DkkdG3fJzMSbiMusCAPEsifoeN7pump,FP1-RESEARCH-PROBE-MID-0001,4,1787075498668472,1787075393000000,0,2,2,2,0,WAITING_FOR_IMPULSE,EXPIRED,ENTRY_WINDOW_EXPIRED,True,,,,,,,,,,,,,,,,,,,,,,,,,,,,,,
91LmKTWhPDRJfDQrySSJJRccVC2tqRbJmjnthr7Fpump,FP1-RESEARCH-PROBE-MID-0001,4,1787075490773356,1787075390000000,0,2,2,2,0,WAITING_FOR_IMPULSE,EXPIRED,ENTRY_WINDOW_EXPIRED,True,,,,,,,,,,,,,,,,,,,,,,,,,,,,,,
A3tZFsKeSrdpUi8RUMzx9wEsvbut3vUbhte28qCNpump,FP1-RESEARCH-PROBE-MID-0001,4,1787075485611055,1787075389000000,0,1,1,2,0,WAITING_FOR_IMPULSE,EXPIRED,ENTRY_WINDOW_EXPIRED,True,,,,,,,,,,,,,,,,,,,,,,,,,,,,,,
7Pbp8NC4ChScpweytXuf68NjARHgBRt4XiUeUVjEpump,FP1-RESEARCH-PROBE-MID-0001,4,1787075485551654,1787075389000000,0,1,1,2,0,WAITING_FOR_IMPULSE,EXPIRED,ENTRY_WINDOW_EXPIRED,True,,,,,,,,,,,,,,,,,,,,,,,,,,,,,,
3476h4NMJaVAEE8P1c396dBKguBcaiGUfAjv4ovZkRJN,FP1-RESEARCH-PROBE-MID-0001,4,1787075482941893,1787075388000000,0,1,1,2,0,WAITING_FOR_IMPULSE,EXPIRED,ENTRY_WINDOW_EXPIRED,True,,,,,,,,,,,,,,,,,,,,,,,,,,,,,,
7y5FrogGb7BKdM4pD7UToWkRoJiY8ZVDmLjxxnvgpump,FP1-RESEARCH-PROBE-MID-0001,4,1787075480060358,1787075387000000,0,3,2,2,0,WAITING_FOR_IMPULSE,EXPIRED,ENTRY_WINDOW_EXPIRED,True,,,,,,,,,,,,,,,,,,,,,,,,,,,,,,
GoEUPw4XAY7xnWALHdmdvSo9ZZ5gog78bHZzkHwkpump,FP1-RESEARCH-PROBE-MID-0001,4,1787075480044754,1787075387000000,0,1,1,2,0,WAITING_FOR_IMPULSE,EXPIRED,ENTRY_WINDOW_EXPIRED,True,,,,,,,,,,,,,,,,,,,,,,,,,,,,,,
43MA7FqaVT6hYKSZyK5LvWP2zwJgNPayjhN9KFZDpump,FP1-RESEARCH-PROBE-MID-0001,4,1787075474982679,1787075386000000,0,36,18,6,0,WAITING_FOR_RESPONSE,INVALIDATED,PULLBACK_TOO_DEEP,False,15821,4463,11,3,1,-18167530,15821,4463,15835,14,61,3129,18636,,,,,,,,,,,,,,,,,
HhDU3cBbsjU2CdEbvJA2pGJuuMP8324SFA3EobhZpump,FP1-RESEARCH-PROBE-MID-0001,4,1787075474956129,1787075385000000,0,1,1,2,0,WAITING_FOR_IMPULSE,EXPIRED,ENTRY_WINDOW_EXPIRED,True,,,,,,,,,,,,,,,,,,,,,,,,,,,,,,
24qSzoohRodnTfjYgCWNeE1TSDvXcPeKZd48FGrLpump,FP1-RESEARCH-PROBE-MID-0001,4,1787075474949623,1787075385000000,0,3,3,2,0,WAITING_FOR_IMPULSE,EXPIRED,ENTRY_WINDOW_EXPIRED,True,,,,,,,,,,,,,,,,,,,,,,,,,,,,,,
AXLwHWF3p7arQh5bYVedTb87yCFD15H9fZ1nc3Ffh1m4,FP1-RESEARCH-PROBE-MID-0001,4,1787075472181426,1787075385000000,0,4,4,2,0,WAITING_FOR_IMPULSE,EXPIRED,ENTRY_WINDOW_EXPIRED,True,,,,,,,,,,,,,,,,,,,,,,,,,,,,,,
5orYcs6TNvs3FymKCdrb7ueZ6fYZvYFbpeaZ6Hnwpump,FP1-RESEARCH-PROBE-MID-0001,4,1787075472159401,1787075385000000,0,34,29,1,0,DISCOVERED,EXPIRED,ENTRY_WINDOW_EXPIRED,True,,,,,,,,,,,,,,,,,,,,,,,,,,,,,,
8EnJjePVFYburXMekR8te4DzautjCmTUSYiURZfmpump,FP1-RESEARCH-PROBE-MID-0001,4,1787075472152887,1787075384000000,0,1,1,2,0,WAITING_FOR_IMPULSE,EXPIRED,ENTRY_WINDOW_EXPIRED,True,,,,,,,,,,,,,,,,,,,,,,,,,,,,,,
6U2Sebj6bVmVJemAZQmmUEGPtsa4wD877AzhbUuupump,FP1-RESEARCH-PROBE-MID-0001,4,1787075456783555,1787075382000000,0,4,2,2,0,WAITING_FOR_IMPULSE,EXPIRED,ENTRY_WINDOW_EXPIRED,True,,,,,,,,,,,,,,,,,,,,,,,,,,,,,,
8zhxps4AVopErrn33FHSsjX3JdnoZWkGDV64abi5pump,FP1-RESEARCH-PROBE-MID-0001,4,1787075456725049,1787075382000000,0,1,1,2,0,WAITING_FOR_IMPULSE,EXPIRED,ENTRY_WINDOW_EXPIRED,True,,,,,,,,,,,,,,,,,,,,,,,,,,,,,,
EswuGgXhNaC9JtsJZfTRiLCbSZAPecYGdeZmdeP2FU1x,FP1-RESEARCH-PROBE-MID-0001,4,1787075451720975,1787075381000000,0,2,2,2,0,WAITING_FOR_IMPULSE,EXPIRED,ENTRY_WINDOW_EXPIRED,True,,,,,,,,,,,,,,,,,,,,,,,,,,,,,,
HTugdzVxqKC9JKxcbJkNgU5XjWy9reFDsBprsauupump,FP1-RESEARCH-PROBE-MID-0001,4,1787075451694394,1787075381000000,0,6,1,2,0,WAITING_FOR_IMPULSE,EXPIRED,ENTRY_WINDOW_EXPIRED,True,,,,,,,,,,,,,,,,,,,,,,,,,,,,,,
F8pRz9Ex4njrgAGQ95utMBv9jR4maCwuJLfHGgftpump,FP1-RESEARCH-PROBE-MID-0001,4,1787075427125831,1787075379000000,0,1,1,2,0,WAITING_FOR_IMPULSE,EXPIRED,ENTRY_WINDOW_EXPIRED,True,,,,,,,,,,,,,,,,,,,,,,,,,,,,,,
6Cyr8XEU9cr3nqrr5TS55R2eoKuMBFnDa9ZfvCzppump,FP1-RESEARCH-PROBE-MID-0001,4,1787075424857788,1787075379000000,0,7,3,2,0,WAITING_FOR_IMPULSE,EXPIRED,ENTRY_WINDOW_EXPIRED,True,,,,,,,,,,,,,,,,,,,,,,,,,,,,,,
HLmNBcj8p4XT5P8bqQ7ukAuYAngw8ognkCXf7xkWpump,FP1-RESEARCH-PROBE-MID-0001,4,1787075420137715,1787075378000000,0,4,4,2,0,WAITING_FOR_IMPULSE,EXPIRED,ENTRY_WINDOW_EXPIRED,True,,,,,,,,,,,,,,,,,,,,,,,,,,,,,,
DMDY4WjX38ijbnHc6r2yJq9yjALjv5A3TQyxpAnmCHei,FP1-RESEARCH-PROBE-MID-0001,4,1787075410662548,1787075374000000,0,1,1,2,0,WAITING_FOR_IMPULSE,EXPIRED,ENTRY_WINDOW_EXPIRED,True,,,,,,,,,,,,,,,,,,,,,,,,,,,,,,
68VpXuLLiTD2R2mKoM3v1ivuFSqF8aYEaqDA7B7Ppump,FP1-RESEARCH-PROBE-MID-0001,4,1787075410629984,1787075374000000,0,5,3,2,0,WAITING_FOR_IMPULSE,EXPIRED,ENTRY_WINDOW_EXPIRED,True,,,,,,,,,,,,,,,,,,,,,,,,,,,,,,
GyLS9mXH36mMeKs8yF4uRjiTPyVyrLP1muZbARqoJ2Eg,FP1-RESEARCH-PROBE-MID-0001,4,1787075410625462,1787075374000000,0,1,1,2,0,WAITING_FOR_IMPULSE,EXPIRED,ENTRY_WINDOW_EXPIRED,True,,,,,,,,,,,,,,,,,,,,,,,,,,,,,,
83hRny8zHusrVZ2oocL5G8jbuKnLzKYTLKEjK2Acpump,FP1-RESEARCH-PROBE-MID-0001,4,1787075407732864,1787075373000000,0,7,3,2,0,WAITING_FOR_IMPULSE,EXPIRED,ENTRY_WINDOW_EXPIRED,True,,,,,,,,,,,,,,,,,,,,,,,,,,,,,,
2DVqPwXwS6DghFa9UYvHMaJN8Gq9ysPNQdhPDNmGpump,FP1-RESEARCH-PROBE-MID-0001,4,1787075407704314,1787075373000000,0,386,18,6,0,WAITING_FOR_RESPONSE,INVALIDATED,PULLBACK_TOO_DEEP,False,17115,2958,8,3,2,129520659,17116,3876,17130,15,3630,6874,49100,,,,,,,,,,,,,,,,,
4uwANpFmRdLoNJHRsW4Ev3tBHzxU6n2SzzaVrVWjuSsr,FP1-RESEARCH-PROBE-MID-0001,4,1787075404807488,1787075373000000,0,1,1,2,0,WAITING_FOR_IMPULSE,EXPIRED,ENTRY_WINDOW_EXPIRED,True,,,,,,,,,,,,,,,,,,,,,,,,,,,,,,
3Et87r59AhUKag6i4g7uGEAPFScHfDJH5Tq29taLpump,FP1-RESEARCH-PROBE-MID-0001,4,1787075402273781,1787075371000000,0,10,3,2,0,WAITING_FOR_IMPULSE,EXPIRED,ENTRY_WINDOW_EXPIRED,True,,,,,,,,,,,,,,,,,,,,,,,,,,,,,,
EMuedahN6RHrMuoxgkhqmjC9Qaz63QbZp94DYhMipump,FP1-RESEARCH-PROBE-MID-0001,4,1787075402264421,1787075371000000,0,1,1,2,0,WAITING_FOR_IMPULSE,EXPIRED,ENTRY_WINDOW_EXPIRED,True,,,,,,,,,,,,,,,,,,,,,,,,,,,,,,
39UJDWZdyhECADHvttJnowdxttVMWzxNma1rfP1epump,FP1-RESEARCH-PROBE-MID-0001,4,1787075402237330,1787075371000000,0,86,17,2,0,WAITING_FOR_IMPULSE,EXPIRED,ENTRY_WINDOW_EXPIRED,True,,,,,,,,,,,,,,,,,,,,,,,,,,,,,,
AWqthmYvrf5MUG1WQ4RJQ8nSMCgk8tdyA658W4Kdpump,FP1-RESEARCH-PROBE-MID-0001,4,1787075397329524,1787075370000000,0,1,1,2,0,WAITING_FOR_IMPULSE,EXPIRED,ENTRY_WINDOW_EXPIRED,True,,,,,,,,,,,,,,,,,,,,,,,,,,,,,,
9pi8H2kDjfi7iMMdW2G8d7VfBcm6sqrcPjt5PGuopump,FP1-RESEARCH-PROBE-MID-0001,4,1787075393066817,1787075369000000,0,6,2,2,0,WAITING_FOR_IMPULSE,EXPIRED,ENTRY_WINDOW_EXPIRED,True,,,,,,,,,,,,,,,,,,,,,,,,,,,,,,
GeQKPF7U1m2wjGGpoQgNpf6BmbKEZ3kRdRRaxW4mpump,FP1-RESEARCH-PROBE-MID-0001,4,1787075390524857,1787075367000000,0,1,1,2,0,WAITING_FOR_IMPULSE,EXPIRED,ENTRY_WINDOW_EXPIRED,True,,,,,,,,,,,,,,,,,,,,,,,,,,,,,,
E8Hc2yEPn1oATBdoU9jiwoCQZcfLcwhPTVD5ATFkpump,FP1-RESEARCH-PROBE-MID-0001,4,1787075390494593,1787075367000000,0,1,1,2,0,WAITING_FOR_IMPULSE,EXPIRED,ENTRY_WINDOW_EXPIRED,True,,,,,,,,,,,,,,,,,,,,,,,,,,,,,,
9Juo3NXCWzGXzYdUvUAoUFBWCKPXRxYvu3pLRyhTpump,FP1-RESEARCH-PROBE-MID-0001,4,1787075390474942,1787075367000000,0,1,1,2,0,WAITING_FOR_IMPULSE,EXPIRED,ENTRY_WINDOW_EXPIRED,True,,,,,,,,,,,,,,,,,,,,,,,,,,,,,,
8C7CQXPwJA83NQ2KUpsbwKoSvHwJkZ8nGMnUx9AUpump,FP1-RESEARCH-PROBE-MID-0001,4,1787075387708997,1787075367000000,0,5,5,2,0,WAITING_FOR_IMPULSE,EXPIRED,ENTRY_WINDOW_EXPIRED,True,,,,,,,,,,,,,,,,,,,,,,,,,,,,,,
Cd1CBv62g5gYiEaByFoZYL2oBqx83ZKoUDhtTvtMpump,FP1-RESEARCH-PROBE-MID-0001,4,1787075385376167,1787075366000000,0,1,1,2,0,WAITING_FOR_IMPULSE,EXPIRED,ENTRY_WINDOW_EXPIRED,True,,,,,,,,,,,,,,,,,,,,,,,,,,,,,,
8FSCq37JCWAj2oJx7BGEw3MCSC6HPWWmL3YYoidKoeCg,FP1-RESEARCH-PROBE-MID-0001,4,1787075385302588,1787075365000000,0,7,4,2,0,WAITING_FOR_IMPULSE,EXPIRED,ENTRY_WINDOW_EXPIRED,True,,,,,,,,,,,,,,,,,,,,,,,,,,,,,,
D3P7pLLBjTdFX6MKMZCteuyeDbxcmEJDrpLeEhtWpump,FP1-RESEARCH-PROBE-MID-0001,4,1787075385276541,1787075365000000,0,1,1,2,0,WAITING_FOR_IMPULSE,EXPIRED,ENTRY_WINDOW_EXPIRED,True,,,,,,,,,,,,,,,,,,,,,,,,,,,,,,
ApRd598H8bd6sKCqQ1VD2iv9o5GNXsd6mJqFfUzopump,FP1-RESEARCH-PROBE-MID-0001,4,1787075382502648,1787075365000000,0,2,2,2,0,WAITING_FOR_IMPULSE,EXPIRED,ENTRY_WINDOW_EXPIRED,True,,,,,,,,,,,,,,,,,,,,,,,,,,,,,,
BEEg3A5f1imRXFw4LFQ3Q1pwwiTRU1CcTtJPhuGTpump,FP1-RESEARCH-PROBE-MID-0001,4,1787075382479330,1787075365000000,0,1,1,2,0,WAITING_FOR_IMPULSE,EXPIRED,ENTRY_WINDOW_EXPIRED,True,,,,,,,,,,,,,,,,,,,,,,,,,,,,,,
77rLUvQFF2CmANCjBfDAjakHS6XUoCneP3xJdWj1pump,FP1-RESEARCH-PROBE-MID-0001,4,1787075382441265,1787075364000000,0,126,22,7,0,WAITING_FOR_RECLAIM,REJECT,PRICE_RAN_AWAY,False,2905,2854,5,3,5,342069032,5252,12678,17404,14499,2624,2624,17404,2624,22285,4881,9288,2,0,503451079,3157,5,1,499896926,,,,,,25271
DHGo6daR8JE258JCbfgfLXKDtJYnh4cYA3Kw3tV6pump,FP1-RESEARCH-PROBE-MID-0001,4,1787075379906503,1787075364000000,0,1,1,2,0,WAITING_FOR_IMPULSE,EXPIRED,ENTRY_WINDOW_EXPIRED,True,,,,,,,,,,,,,,,,,,,,,,,,,,,,,,
BVCRjVvcV912JZVubefJy5yqsTHKZtCEU8RduxHxpump,FP1-RESEARCH-PROBE-MID-0001,4,1787075379871185,1787075364000000,0,31,19,2,0,WAITING_FOR_IMPULSE,EXPIRED,ENTRY_WINDOW_EXPIRED,True,,,,,,,,,,,,,,,,,,,,,,,,,,,,,,
8D1ZUqaqrFbtLnLimrHK2MvNGVCakZz2p3SkKzYPpump,FP1-RESEARCH-PROBE-MID-0001,4,1787075374492449,1787075363000000,0,8,5,3,0,IMPULSE_CONFIRMED,EXPIRED,ENTRY_WINDOW_EXPIRED,True,18511,1650,5,4,1,918230414,18511,1650,,,,,,,,,,,,,,,,,,,,,,
94jr24VopQWta3JAx2ZNc8CFF6GWiCiPatjaGct5RAFp,FP1-RESEARCH-PROBE-MID-0001,4,1787075371816870,1787075362000000,0,2,2,2,0,WAITING_FOR_IMPULSE,EXPIRED,ENTRY_WINDOW_EXPIRED,True,,,,,,,,,,,,,,,,,,,,,,,,,,,,,,
4nzZoxSEFFuVqAVEUHPZvfjnj5Gb9Jy8Dd2ZhVJCpump,FP1-RESEARCH-PROBE-MID-0001,4,1787075371798354,1787075362000000,0,3,3,2,0,WAITING_FOR_IMPULSE,EXPIRED,ENTRY_WINDOW_EXPIRED,True,,,,,,,,,,,,,,,,,,,,,,,,,,,,,,
6YaQdjat66iLNmy1EC6iLASVYV8spofzCa9NCejBpump,FP1-RESEARCH-PROBE-MID-0001,4,1787075371790850,1787075362000000,0,1,1,2,0,WAITING_FOR_IMPULSE,EXPIRED,ENTRY_WINDOW_EXPIRED,True,,,,,,,,,,,,,,,,,,,,,,,,,,,,,,
69XQTv8FcLHXzyYDpJn4N8zT9mDjTxLD7bruNivtpump,FP1-RESEARCH-PROBE-MID-0001,4,1787075371766810,1787075362000000,0,1,1,2,0,WAITING_FOR_IMPULSE,EXPIRED,ENTRY_WINDOW_EXPIRED,True,,,,,,,,,,,,,,,,,,,,,,,,,,,,,,
2vg5ecSWQHSwfD7ztZVLbjZejvFgQmRX38oKWqR2pump,FP1-RESEARCH-PROBE-MID-0001,4,1787075371751300,1787075362000000,0,1,1,2,0,WAITING_FOR_IMPULSE,EXPIRED,ENTRY_WINDOW_EXPIRED,True,,,,,,,,,,,,,,,,,,,,,,,,,,,,,,
2NEKYBCdnDkCmA2GvRUx7UMKzSXQR76qvFiJkQmjpump,FP1-RESEARCH-PROBE-MID-0001,4,1787075371745784,1787075362000000,0,23,19,4,0,WAITING_FOR_PULLBACK,EXPIRED,ENTRY_WINDOW_EXPIRED,True,149253,1721,7,4,3,2171654319,149267,1986,,,,,,,,,,,,,,,,,,,,,,
47ipuCdyRkugRjHNY6pAZJryfrcRJwcPdFwhDdt2pump,FP1-RESEARCH-PROBE-MID-0001,4,1787075371737264,1787075361000000,0,1,1,2,0,WAITING_FOR_IMPULSE,EXPIRED,ENTRY_WINDOW_EXPIRED,True,,,,,,,,,,,,,,,,,,,,,,,,,,,,,,
36r6vzALPGWBPDRPhJqnBPSDaUnj4QpVhxT5FhWLpump,FP1-RESEARCH-PROBE-MID-0001,4,1787075371718740,1787075361000000,0,4,4,2,0,WAITING_FOR_IMPULSE,EXPIRED,ENTRY_WINDOW_EXPIRED,True,,,,,,,,,,,,,,,,,,,,,,,,,,,,,,
FoPbZP2gZgKPgB7jaykv6Dzq5au23iGQQPLka42Jpump,FP1-RESEARCH-PROBE-MID-0001,4,1787075371690313,1787075361000000,0,1,1,2,0,WAITING_FOR_IMPULSE,EXPIRED,ENTRY_WINDOW_EXPIRED,True,,,,,,,,,,,,,,,,,,,,,,,,,,,,,,
D98Po9gT13M71hesLDEcPaW3PBbZME7LzhxCSgMqpump,FP1-RESEARCH-PROBE-MID-0001,4,1787075369072822,1787075361000000,0,16,16,2,0,WAITING_FOR_IMPULSE,EXPIRED,ENTRY_WINDOW_EXPIRED,True,,,,,,,,,,,,,,,,,,,,,,,,,,,,,,
BQB66kEaGXwsNCsUc8oAMsXtsTz4y3DA1sCu2o2Cpump,FP1-RESEARCH-PROBE-MID-0001,4,1787075369020353,1787075361000000,0,1,1,2,0,WAITING_FOR_IMPULSE,EXPIRED,ENTRY_WINDOW_EXPIRED,True,,,,,,,,,,,,,,,,,,,,,,,,,,,,,,
GkPnQThFemCoF5ni61H7Ztb7Cw4r1SW5jdkWS5SWpump,FP1-RESEARCH-PROBE-MID-0001,4,1787075367224377,1787075360000000,0,1,1,2,0,WAITING_FOR_IMPULSE,EXPIRED,ENTRY_WINDOW_EXPIRED,True,,,,,,,,,,,,,,,,,,,,,,,,,,,,,,
A1Gkjicmwgn86tFtwtoWaS1gRJ46JnR6hzuEoVzrpump,FP1-RESEARCH-PROBE-MID-0001,4,1787075367205355,1787075360000000,0,1,1,2,0,WAITING_FOR_IMPULSE,EXPIRED,ENTRY_WINDOW_EXPIRED,True,,,,,,,,,,,,,,,,,,,,,,,,,,,,,,
2nQjwJJXJ7JoX6dXwTx87ZkvmWWqFfwneqNb3SGbpump,FP1-RESEARCH-PROBE-MID-0001,4,1787075364748788,1787075360000000,0,1,1,2,0,WAITING_FOR_IMPULSE,EXPIRED,ENTRY_WINDOW_EXPIRED,True,,,,,,,,,,,,,,,,,,,,,,,,,,,,,,
FvF2P6HN8avEcxpUg3MnyK2tNzTsHuMrtKzYvPGXpump,FP1-RESEARCH-PROBE-MID-0001,4,1787075364743280,1787075360000000,0,1,1,2,0,WAITING_FOR_IMPULSE,EXPIRED,ENTRY_WINDOW_EXPIRED,True,,,,,,,,,,,,,,,,,,,,,,,,,,,,,,
8YVvvg2R7XNybapng2zt9bVjgGT81SyUJXqLquvLpump,FP1-RESEARCH-PROBE-MID-0001,4,1787075364723254,1787075360000000,0,75,65,2,0,WAITING_FOR_IMPULSE,EXPIRED,ENTRY_WINDOW_EXPIRED,True,,,,,,,,,,,,,,,,,,,,,,,,,,,,,,
Ks76wr4BMLCJePgkGvQ8vZiVm8ah9pyPh6p3ixCpump,FP1-RESEARCH-PROBE-MID-0001,4,1787075362018837,1787075359000000,0,31,21,2,0,WAITING_FOR_IMPULSE,EXPIRED,ENTRY_WINDOW_EXPIRED,True,,,,,,,,,,,,,,,,,,,,,,,,,,,,,,
C61JhU11MUzhSnCFUDDT8utCByFtohmaUn9fRySpump,FP1-RESEARCH-PROBE-MID-0001,4,1787075362014331,1787075359000000,0,153,90,2,0,WAITING_FOR_IMPULSE,EXPIRED,ENTRY_WINDOW_EXPIRED,True,,,,,,,,,,,,,,,,,,,,,,,,,,,,,,
5HAk96NLjJ3d4nepp68ALDy9hg1E27C6FwvB6jjPpump,FP1-RESEARCH-PROBE-MID-0001,4,1787075359438837,1787075359000000,0,225,135,4,0,WAITING_FOR_PULLBACK,EXPIRED,ENTRY_WINDOW_EXPIRED,True,168820,1502,102,42,1,26172046,178364,2959,,,,,,,,,,,,,,,,,,,,,,
45WbgEWZwAFJvSfKfQwM3PEChK9CyTqKfqF1NJt4pump,FP1-RESEARCH-PROBE-MID-0001,4,1787075359390200,1787075358000000,0,23,23,2,0,WAITING_FOR_IMPULSE,EXPIRED,ENTRY_WINDOW_EXPIRED,True,,,,,,,,,,,,,,,,,,,,,,,,,,,,,,
5UmH46uvnH6m7CFRRtaY5797kMG4KZPsYH1xBPgdpump,FP1-RESEARCH-PROBE-MID-0001,4,1787075359365150,1787075358000000,0,1,1,2,0,WAITING_FOR_IMPULSE,EXPIRED,ENTRY_WINDOW_EXPIRED,True,,,,,,,,,,,,,,,,,,,,,,,,,,,,,,
71TPZoZJXA4ns3twKQbN8GEzxxSbyGfMybyBGS9opump,FP1-RESEARCH-PROBE-MID-0001,4,1787075359347133,1787075358000000,0,84,83,2,0,WAITING_FOR_IMPULSE,EXPIRED,ENTRY_WINDOW_EXPIRED,True,,,,,,,,,,,,,,,,,,,,,,,,,,,,,,
24qTV2t2o6PAPRdf5Pys354wJNYfTsW4XYdkPT21pump,FP1-RESEARCH-PROBE-MID-0001,4,1787075359347133,1787075358000000,0,82,72,2,0,WAITING_FOR_IMPULSE,EXPIRED,ENTRY_WINDOW_EXPIRED,True,,,,,,,,,,,,,,,,,,,,,,,,,,,,,,
FwWinWxnmg9sdiqKZ5kS8EY369K1EgPyPELKqzV8pump,FP1-RESEARCH-PROBE-MID-0001,4,1787075359346134,1787075358000000,0,79,71,2,0,WAITING_FOR_IMPULSE,EXPIRED,ENTRY_WINDOW_EXPIRED,True,,,,,,,,,,,,,,,,,,,,,,,,,,,,,,
ATKYLArzqRhf5kwEBemv5e53oTG7Pq6dKA7dNecXpump,FP1-RESEARCH-PROBE-MID-0001,4,1787075358007065,1787075358000000,0,339,46,8,1,WAITING_FOR_RECLAIM,INVALIDATED,PULLBACK_TOO_DEEP,False,21862,23766,23,3,3,409647448,21862,23766,21891,29,4231,7153,37341,5618,32434,10543,5258,3,2,102354616,1958,7,4,-412812339,,,,,,
F2YW3WFPeFrrqUjuexHCGbVJjpyWYu1kHv3RoQerfomo,FP1-RESEARCH-PROBE-MID-0001,4,1787075357997034,1787075358000000,0,37,23,2,0,WAITING_FOR_IMPULSE,EXPIRED,ENTRY_WINDOW_EXPIRED,True,,,,,,,,,,,,,,,,,,,,,,,,,,,,,,
J7Ro3NQxbfT49NivMjT9SkGmewva2V26rUd6sz7Qanon,FP1-RESEARCH-PROBE-MID-0001,4,1787075357991037,1787075358000000,0,33,31,2,0,WAITING_FOR_IMPULSE,EXPIRED,ENTRY_WINDOW_EXPIRED,True,,,,,,,,,,,,,,,,,,,,,,,,,,,,,,
AKFaNF97ctHh9t7vriJrgACtgpremHyYkxNNyYk7pump,FP1-RESEARCH-PROBE-MID-0001,4,1787075357960590,1787075358000000,0,84,51,6,0,WAITING_FOR_RESPONSE,EXPIRED,ENTRY_WINDOW_EXPIRED,True,130016,2100,27,7,1,23308983,140732,2476,151142,21126,4083,4083,151142,,,,,,,,,,,,,,,,,
9EUXqAo2B2mET2ug3GUSCjxKasoyiFYSG9isC8vFpump,FP1-RESEARCH-PROBE-MID-0001,4,1787075345318671,1787074919000000,0,38,2,2,0,WAITING_FOR_IMPULSE,EXPIRED,ENTRY_WINDOW_EXPIRED,True,,,,,,,,,,,,,,,,,,,,,,,,,,,,,,
BCatLoG4P9xr6F7CA7dDY9heA5RABbXQzEfb48Ecpump,FP1-RESEARCH-PROBE-MID-0001,4,1787075345279139,1787074919000000,0,3,3,2,0,WAITING_FOR_IMPULSE,EXPIRED,ENTRY_WINDOW_EXPIRED,True,,,,,,,,,,,,,,,,,,,,,,,,,,,,,,
DT6kSgLhmahMoNopntty3RrwEH55FASKfYTPFib8pump,FP1-RESEARCH-PROBE-MID-0001,4,1787075342872861,1787074919000000,0,1,1,2,0,WAITING_FOR_IMPULSE,EXPIRED,ENTRY_WINDOW_EXPIRED,True,,,,,,,,,,,,,,,,,,,,,,,,,,,,,,
CxDFo9s33FCBnQr5Ti4sHoGrdZqhadFhk1X7UG7Npump,FP1-RESEARCH-PROBE-MID-0001,4,1787075337993838,1787074918000000,0,1,1,2,0,WAITING_FOR_IMPULSE,EXPIRED,ENTRY_WINDOW_EXPIRED,True,,,,,,,,,,,,,,,,,,,,,,,,,,,,,,
2HHq1bqn6emXu4Ey4RNYuDZ1xu94nEWXUL9dJinXpump,FP1-RESEARCH-PROBE-MID-0001,4,1787075337892007,1787074918000000,0,2,2,2,0,WAITING_FOR_IMPULSE,EXPIRED,ENTRY_WINDOW_EXPIRED,True,,,,,,,,,,,,,,,,,,,,,,,,,,,,,,
3tWvggJJyfZJdfCNhdbSTXkzAUcW3C7sE5WNwZgHpump,FP1-RESEARCH-PROBE-MID-0001,4,1787075335601625,1787074918000000,0,3,3,2,0,WAITING_FOR_IMPULSE,EXPIRED,ENTRY_WINDOW_EXPIRED,True,,,,,,,,,,,,,,,,,,,,,,,,,,,,,,
2G2nzP4dZGo31btdopbpiQFfKFV1pDi1Hpb64FE2EE6h,FP1-RESEARCH-PROBE-MID-0001,4,1787075330807385,1787074918000000,0,10,10,2,0,WAITING_FOR_IMPULSE,EXPIRED,ENTRY_WINDOW_EXPIRED,True,,,,,,,,,,,,,,,,,,,,,,,,,,,,,,
HQNmDLAxBWVpHi81vh6fUTdBJFUpgP32LAPjJMWqpump,FP1-RESEARCH-PROBE-MID-0001,4,1787075330777623,1787074918000000,0,4,4,2,0,WAITING_FOR_IMPULSE,EXPIRED,ENTRY_WINDOW_EXPIRED,True,,,,,,,,,,,,,,,,,,,,,,,,,,,,,,
9LxAbNwZXEBg31P2ydmrSdvYbVJRdoRMMAqQAMPPpump,FP1-RESEARCH-PROBE-MID-0001,4,1787075326015941,1787074917000000,0,2,2,2,0,WAITING_FOR_IMPULSE,EXPIRED,ENTRY_WINDOW_EXPIRED,True,,,,,,,,,,,,,,,,,,,,,,,,,,,,,,
FE7zaMfnoxMQogJgmX9Mu3vsA2LUeqfJwGVhqZ9mpump,FP1-RESEARCH-PROBE-MID-0001,4,1787075325960817,1787074917000000,0,3,3,2,0,WAITING_FOR_IMPULSE,EXPIRED,ENTRY_WINDOW_EXPIRED,True,,,,,,,,,,,,,,,,,,,,,,,,,,,,,,
9DAqz5EqHQBzF8jon8eY5pxP4nak54aUhqXFUUDBpump,FP1-RESEARCH-PROBE-MID-0001,4,1787075316464004,1787074916000000,0,2,1,2,0,WAITING_FOR_IMPULSE,EXPIRED,ENTRY_WINDOW_EXPIRED,True,,,,,,,,,,,,,,,,,,,,,,,,,,,,,,
BeHJkoVVgX6bQ8g1LLmpmfqf6pExNQVcr2BVWRrSpump,FP1-RESEARCH-PROBE-MID-0001,4,1787075311733722,1787074916000000,0,3,3,2,0,WAITING_FOR_IMPULSE,EXPIRED,ENTRY_WINDOW_EXPIRED,True,,,,,,,,,,,,,,,,,,,,,,,,,,,,,,
HCJ5EvTSj4oUCkwJLQ5dsyzYgdmtBP4PTkAnFj5vpump,FP1-RESEARCH-PROBE-MID-0001,4,1787075307223978,1787074915000000,0,3,3,2,0,WAITING_FOR_IMPULSE,EXPIRED,ENTRY_WINDOW_EXPIRED,True,,,,,,,,,,,,,,,,,,,,,,,,,,,,,,
CdYKzjpd3FdVTyhJmBcUoWUaQiqrud3r8zFz36dTpump,FP1-RESEARCH-PROBE-MID-0001,4,1787075300725852,1787074915000000,0,1,1,2,0,WAITING_FOR_IMPULSE,EXPIRED,ENTRY_WINDOW_EXPIRED,True,,,,,,,,,,,,,,,,,,,,,,,,,,,,,,
2apyTAKUwX6dj1RkMN4MWNQ2uLus1L7NWAYfua93pump,FP1-RESEARCH-PROBE-MID-0001,4,1787075298029718,1787074915000000,0,1,1,2,0,WAITING_FOR_IMPULSE,EXPIRED,ENTRY_WINDOW_EXPIRED,True,,,,,,,,,,,,,,,,,,,,,,,,,,,,,,
3hQzx1Ac5YhRXXWjvj1wApcAMta57f5igoDX7r8epump,FP1-RESEARCH-PROBE-MID-0001,4,1787075290966414,1787074914000000,0,1,1,2,0,WAITING_FOR_IMPULSE,EXPIRED,ENTRY_WINDOW_EXPIRED,True,,,,,,,,,,,,,,,,,,,,,,,,,,,,,,
AKujSjaByeH9esE4zCxMMkHm2Fr8JcFN3JkpqBKrpump,FP1-RESEARCH-PROBE-MID-0001,4,1787075289287621,1787074914000000,0,3,3,2,0,WAITING_FOR_IMPULSE,EXPIRED,ENTRY_WINDOW_EXPIRED,True,,,,,,,,,,,,,,,,,,,,,,,,,,,,,,
Eb8fruA7sA3F3zUS1G1uckk6ddB8VSARHr9LaNFfBCki,FP1-RESEARCH-PROBE-MID-0001,4,1787075284596956,1787074914000000,0,1,1,2,0,WAITING_FOR_IMPULSE,EXPIRED,ENTRY_WINDOW_EXPIRED,True,,,,,,,,,,,,,,,,,,,,,,,,,,,,,,
2DjMaVtvEp1U56HysTsKH7DEsJWAZ7xk2nffgygvpump,FP1-RESEARCH-PROBE-MID-0001,4,1787075282163883,1787074914000000,0,2,2,2,0,WAITING_FOR_IMPULSE,EXPIRED,ENTRY_WINDOW_EXPIRED,True,,,,,,,,,,,,,,,,,,,,,,,,,,,,,,
CqpN8uqoq8JPr2S3j8HLjKspoM8gxXKpL92PTendpump,FP1-RESEARCH-PROBE-MID-0001,4,1787075279506493,1787074913000000,0,3,3,2,0,WAITING_FOR_IMPULSE,EXPIRED,ENTRY_WINDOW_EXPIRED,True,,,,,,,,,,,,,,,,,,,,,,,,,,,,,,
Xi82hKSnL8wtCf9ZxDpx8VDiXCb9qsJKR32mEDGpump,FP1-RESEARCH-PROBE-MID-0001,4,1787075277292687,1787074913000000,0,1,1,2,0,WAITING_FOR_IMPULSE,EXPIRED,ENTRY_WINDOW_EXPIRED,True,,,,,,,,,,,,,,,,,,,,,,,,,,,,,,
8CghaJVr4fGoA4A8ag2uosDKKxwV1sGbtx8yFY9rvs3v,FP1-RESEARCH-PROBE-MID-0001,4,1787075271678285,1787074913000000,0,1,1,2,0,WAITING_FOR_IMPULSE,EXPIRED,ENTRY_WINDOW_EXPIRED,True,,,,,,,,,,,,,,,,,,,,,,,,,,,,,,
9Y1uzqsFKLwG1N1d5CzwFPufJL519h8zeLtUwo4mpump,FP1-RESEARCH-PROBE-MID-0001,4,1787075264782089,1787074912000000,0,1,1,2,0,WAITING_FOR_IMPULSE,EXPIRED,ENTRY_WINDOW_EXPIRED,True,,,,,,,,,,,,,,,,,,,,,,,,,,,,,,
5xQvxN9Jzvukbfv9zrX93DVM7djWFqWYtNrgpKRupump,FP1-RESEARCH-PROBE-MID-0001,4,1787075259133516,1787074912000000,0,3,3,2,0,WAITING_FOR_IMPULSE,EXPIRED,ENTRY_WINDOW_EXPIRED,True,,,,,,,,,,,,,,,,,,,,,,,,,,,,,,
46KZnTEkDanXDfxcbviw6q3uSGrGguU9wZhwth6Apump,FP1-RESEARCH-PROBE-MID-0001,4,1787075251580444,1787074911000000,0,1,1,2,0,WAITING_FOR_IMPULSE,EXPIRED,ENTRY_WINDOW_EXPIRED,True,,,,,,,,,,,,,,,,,,,,,,,,,,,,,,
FcUbZgyw1FWNnVyWjU129V7hpkqtdR5eUGpjkd45NhYQ,FP1-RESEARCH-PROBE-MID-0001,4,1787075251565419,1787074911000000,0,1,1,2,0,WAITING_FOR_IMPULSE,EXPIRED,ENTRY_WINDOW_EXPIRED,True,,,,,,,,,,,,,,,,,,,,,,,,,,,,,,
4LkDHTHvbS6g6DU9vBgxsF6SJ9YLtSPyefgT9PXMpump,FP1-RESEARCH-PROBE-MID-0001,4,1787075251512566,1787074911000000,0,3,3,2,0,WAITING_FOR_IMPULSE,EXPIRED,ENTRY_WINDOW_EXPIRED,True,,,,,,,,,,,,,,,,,,,,,,,,,,,,,,
7LBMEfb4SMKepTwuUvzWk2pUujGK6hjR94zVXpZf5yWH,FP1-RESEARCH-PROBE-MID-0001,4,1787075251489530,1787074911000000,0,1,1,2,0,WAITING_FOR_IMPULSE,EXPIRED,ENTRY_WINDOW_EXPIRED,True,,,,,,,,,,,,,,,,,,,,,,,,,,,,,,
B8qUT5opU1cbDd545qejxGqrTj5Mr7aCiwhTBnkeFzgp,FP1-RESEARCH-PROBE-MID-0001,4,1787075249158998,1787074911000000,0,1,1,2,0,WAITING_FOR_IMPULSE,EXPIRED,ENTRY_WINDOW_EXPIRED,True,,,,,,,,,,,,,,,,,,,,,,,,,,,,,,
CrE13eFzYLn1b8pxdznuDnp1ygm8CLGn119NMJHepump,FP1-RESEARCH-PROBE-MID-0001,4,1787075246546587,1787074910000000,0,6,6,2,0,WAITING_FOR_IMPULSE,EXPIRED,ENTRY_WINDOW_EXPIRED,True,,,,,,,,,,,,,,,,,,,,,,,,,,,,,,
AkhVRhDu9hf9onXjTzUuvTWvS3fNKSRpx6F9focZpump,FP1-RESEARCH-PROBE-MID-0001,4,1787075239582000,1787074910000000,0,25,25,6,0,WAITING_FOR_RESPONSE,EXPIRED,ENTRY_WINDOW_EXPIRED,True,3,1901,3,3,3,6000000000,1903,5896,9590,9587,2806,4751,45040,,,,,,,,,,,,,,,,,
3jfhPzFgHPwYHgGL1MNYfHkzdNY2MnCwaeNmTkjNQHa8,FP1-RESEARCH-PROBE-MID-0001,4,1787075227406731,1787074909000000,0,1,1,2,0,WAITING_FOR_IMPULSE,EXPIRED,ENTRY_WINDOW_EXPIRED,True,,,,,,,,,,,,,,,,,,,,,,,,,,,,,,
9eZnJ6SE3iWDgCinsrktQsXGDc3VxawFJaQWEQvcpump,FP1-RESEARCH-PROBE-MID-0001,4,1787075221846281,1787074908000000,0,2,2,2,0,WAITING_FOR_IMPULSE,EXPIRED,ENTRY_WINDOW_EXPIRED,True,,,,,,,,,,,,,,,,,,,,,,,,,,,,,,
P4UYt7ezP2Zq5ixfhwXqhDbqbMG7tVbr11Hnt5cpump,FP1-RESEARCH-PROBE-MID-0001,4,1787075217417239,1787074908000000,0,1,1,2,0,WAITING_FOR_IMPULSE,EXPIRED,ENTRY_WINDOW_EXPIRED,True,,,,,,,,,,,,,,,,,,,,,,,,,,,,,,
HBKiLLUCQLndQpEKQny4mBJacsaxWS8aX8J2RBAvpump,FP1-RESEARCH-PROBE-MID-0001,4,1787075217370081,1787074908000000,0,132,132,6,0,WAITING_FOR_RESPONSE,EXPIRED,ENTRY_WINDOW_EXPIRED,True,12,2161,3,3,3,3668424687,80789,11173,85054,85042,2818,5437,87266,,,,,,,,,,,,,,,,,
Asv6UmvS4sFEc2R9FfchgQL4RrANMBS41h6VwS51pump,FP1-RESEARCH-PROBE-MID-0001,4,1787075217323514,1787074908000000,0,1,1,2,0,WAITING_FOR_IMPULSE,EXPIRED,ENTRY_WINDOW_EXPIRED,True,,,,,,,,,,,,,,,,,,,,,,,,,,,,,,
GW8BcpVSpjUH5L8L1V4URgEAYSDsW9kxPUecwLskpump,FP1-RESEARCH-PROBE-MID-0001,4,1787075210061806,1787074907000000,0,1,1,2,0,WAITING_FOR_IMPULSE,EXPIRED,ENTRY_WINDOW_EXPIRED,True,,,,,,,,,,,,,,,,,,,,,,,,,,,,,,
8EUB3ofNDxcdFqmkzgWXk5L1x1pnZQt9GYX4oYkwpump,FP1-RESEARCH-PROBE-MID-0001,4,1787075197999731,1787074906000000,0,1,1,2,0,WAITING_FOR_IMPULSE,EXPIRED,ENTRY_WINDOW_EXPIRED,True,,,,,,,,,,,,,,,,,,,,,,,,,,,,,,
ABxvjozT52vs2VghFYmXBHXK5nvtMtcZLcEhXGrxpump,FP1-RESEARCH-PROBE-MID-0001,4,1787075195900183,1787074906000000,0,70,18,7,0,CANDIDATE_SIGNAL,CANDIDATE_SIGNAL,RECLAIM_CONFIRMED,False,28995,2807,4,4,3,3976893778,31530,5713,41261,12266,3183,3605,43689,3605,60866,19605,656,2,0,977777777,305,2,0,977777777,60888,22,2105,-2296,1304,
CVxJZ8n3fhpqZiaxVSZQkzk2cYz9xcHi4SKLhZxJpump,FP1-RESEARCH-PROBE-MID-0001,4,1787075195872292,1787074906000000,0,1,1,2,0,WAITING_FOR_IMPULSE,EXPIRED,ENTRY_WINDOW_EXPIRED,True,,,,,,,,,,,,,,,,,,,,,,,,,,,,,,
EjZ2UASzvDq8XmHid8PPSqVM5pjbEyrNp5qzPjTzpump,FP1-RESEARCH-PROBE-MID-0001,4,1787075193306410,1787074905000000,0,45,45,6,0,WAITING_FOR_RESPONSE,EXPIRED,ENTRY_WINDOW_EXPIRED,True,78374,3110,14,3,2,122052175,147051,22448,156970,78596,3450,3450,156970,,,,,,,,,,,,,,,,,
2neu677KoQDWtR2sdQHZ7VZ3HsDvFaxf5Egh7233pump,FP1-RESEARCH-PROBE-MID-0001,4,1787075181714873,1787074904000000,0,8,1,1,0,DISCOVERED,EXPIRED,ENTRY_WINDOW_EXPIRED,True,,,,,,,,,,,,,,,,,,,,,,,,,,,,,,
DRBJpu8NHqAShWokuDkXmS7KMZmhT9YQRRSnTVc2pump,FP1-RESEARCH-PROBE-MID-0001,4,1787075181653148,1787074904000000,0,1,1,2,0,WAITING_FOR_IMPULSE,EXPIRED,ENTRY_WINDOW_EXPIRED,True,,,,,,,,,,,,,,,,,,,,,,,,,,,,,,
31qCKdWuiGDFRNM84yAtks1Tqa7c3mksk8HqTpPAgxRf,FP1-RESEARCH-PROBE-MID-0001,4,1787075172186001,1787074904000000,0,1,1,2,0,WAITING_FOR_IMPULSE,EXPIRED,ENTRY_WINDOW_EXPIRED,True,,,,,,,,,,,,,,,,,,,,,,,,,,,,,,
FFu5HxZUc4smMkgcPju4b7ynhUTNLUNkCE1Ka7HF8pJu,FP1-RESEARCH-PROBE-MID-0001,4,1787075166627018,1787074903000000,0,3,2,2,0,WAITING_FOR_IMPULSE,EXPIRED,ENTRY_WINDOW_EXPIRED,True,,,,,,,,,,,,,,,,,,,,,,,,,,,,,,
2QRCvcDVa9VPisBNGMoHYRSb7XHS1UdQZGbAEXrfpump,FP1-RESEARCH-PROBE-MID-0001,4,1787075156903750,1787074902000000,0,5,5,2,0,WAITING_FOR_IMPULSE,EXPIRED,ENTRY_WINDOW_EXPIRED,True,,,,,,,,,,,,,,,,,,,,,,,,,,,,,,
HvpiGCpVG6Rp76QJkw1mDY654KUYC6VpiCR8pGzSpump,FP1-RESEARCH-PROBE-MID-0001,4,1787075156868524,1787074902000000,0,7,5,4,0,WAITING_FOR_PULLBACK,EXPIRED,ENTRY_WINDOW_EXPIRED,True,28,1900,4,4,4,3989363916,15189,1966,,,,,,,,,,,,,,,,,,,,,,
4FpYzhDnYuUNvw9nHEbticUtFVzHTtzzmuAEj6FGpump,FP1-RESEARCH-PROBE-MID-0001,4,1787075154259779,1787074902000000,0,1,1,2,0,WAITING_FOR_IMPULSE,EXPIRED,ENTRY_WINDOW_EXPIRED,True,,,,,,,,,,,,,,,,,,,,,,,,,,,,,,
ABc8a65sCRhWZZHrNcXn5dZgrsJ26fvXBb6HwTu5pump,FP1-RESEARCH-PROBE-MID-0001,4,1787075150032799,1787074902000000,0,7,7,2,0,WAITING_FOR_IMPULSE,EXPIRED,ENTRY_WINDOW_EXPIRED,True,,,,,,,,,,,,,,,,,,,,,,,,,,,,,,
J78tUYJ7TDbMs5Nef5LzKUoGXYtNxtCs1Vifb3ypump,FP1-RESEARCH-PROBE-MID-0001,4,1787075145154378,1787074901000000,0,3,3,2,0,WAITING_FOR_IMPULSE,EXPIRED,ENTRY_WINDOW_EXPIRED,True,,,,,,,,,,,,,,,,,,,,,,,,,,,,,,
2wCP4inY1TwaeWreEfWmS9wGJwQxGFKooPG7HkcApump,FP1-RESEARCH-PROBE-MID-0001,4,1787075142935880,1787074901000000,0,2,2,2,0,WAITING_FOR_IMPULSE,EXPIRED,ENTRY_WINDOW_EXPIRED,True,,,,,,,,,,,,,,,,,,,,,,,,,,,,,,
6JcD9szZaP96tKjKGd1Sajsy2hR4WVc1VWAcEyVopump,FP1-RESEARCH-PROBE-MID-0001,4,1787075140468650,1787074901000000,0,3,3,2,0,WAITING_FOR_IMPULSE,EXPIRED,ENTRY_WINDOW_EXPIRED,True,,,,,,,,,,,,,,,,,,,,,,,,,,,,,,
31NQLN4hG8eNqa8s9keaL7mDdJHjffwfmx3LphM7pump,FP1-RESEARCH-PROBE-MID-0001,4,1787075133197607,1787074900000000,0,1,1,2,0,WAITING_FOR_IMPULSE,EXPIRED,ENTRY_WINDOW_EXPIRED,True,,,,,,,,,,,,,,,,,,,,,,,,,,,,,,
BHehuqfeeWh9ztVBy1FQrn9kGK9WHTuoymhpTSjipump,FP1-RESEARCH-PROBE-MID-0001,4,1787075115009217,1787074899000000,0,1,1,2,0,WAITING_FOR_IMPULSE,EXPIRED,ENTRY_WINDOW_EXPIRED,True,,,,,,,,,,,,,,,,,,,,,,,,,,,,,,
3amvkZh2Y84NkfBE1fHY28rdSjoRSNZfFsRHsDS43Vdv,FP1-RESEARCH-PROBE-MID-0001,4,1787075101395666,1787074898000000,0,1,1,2,0,WAITING_FOR_IMPULSE,EXPIRED,ENTRY_WINDOW_EXPIRED,True,,,,,,,,,,,,,,,,,,,,,,,,,,,,,,
8mZ2XnTbvLeVsvp9Ehgjd6BU6eZr3MqqirNJccSmpump,FP1-RESEARCH-PROBE-MID-0001,4,1787075083431665,1787074897000000,0,1,1,2,0,WAITING_FOR_IMPULSE,EXPIRED,ENTRY_WINDOW_EXPIRED,True,,,,,,,,,,,,,,,,,,,,,,,,,,,,,,
CrtoRnVjHXuDJJ83nteNHdnkCx4jM7oeSuEAxqEBpump,FP1-RESEARCH-PROBE-MID-0001,4,1787075073169420,1787074897000000,0,6,6,2,0,WAITING_FOR_IMPULSE,EXPIRED,ENTRY_WINDOW_EXPIRED,True,,,,,,,,,,,,,,,,,,,,,,,,,,,,,,
AM4oHgAiWtCzq4BLoZSy1uizXbQ3fpWEUA6FbtVRpump,FP1-RESEARCH-PROBE-MID-0001,4,1787075070564489,1787074896000000,0,1,1,2,0,WAITING_FOR_IMPULSE,EXPIRED,ENTRY_WINDOW_EXPIRED,True,,,,,,,,,,,,,,,,,,,,,,,,,,,,,,
AbWJhQzLhBBkSQRiY8Da61zyKN9JgUqJczEN8NHKpump,FP1-RESEARCH-PROBE-MID-0001,4,1787075065509355,1787074896000000,0,8,8,2,0,WAITING_FOR_IMPULSE,EXPIRED,ENTRY_WINDOW_EXPIRED,True,,,,,,,,,,,,,,,,,,,,,,,,,,,,,,
7bqhXptzL1K3EitH7kxXsGzJJzkA7LfbJ39BwhaQpump,FP1-RESEARCH-PROBE-MID-0001,4,1787075060320560,1787074896000000,0,1,1,2,0,WAITING_FOR_IMPULSE,EXPIRED,ENTRY_WINDOW_EXPIRED,True,,,,,,,,,,,,,,,,,,,,,,,,,,,,,,
8y4tkSS8EGaBND8c6wEoBsVsefUfLFHg2eKAGskxpump,FP1-RESEARCH-PROBE-MID-0001,4,1787075060320560,1787074896000000,0,23,8,2,0,WAITING_FOR_IMPULSE,EXPIRED,ENTRY_WINDOW_EXPIRED,True,,,,,,,,,,,,,,,,,,,,,,,,,,,,,,
3H6LaB87n2B7rA7R5wxsTMmPgg8dGH12YnwerQLjsR2f,FP1-RESEARCH-PROBE-MID-0001,4,1787075055231899,1787074896000000,0,1,1,2,0,WAITING_FOR_IMPULSE,EXPIRED,ENTRY_WINDOW_EXPIRED,True,,,,,,,,,,,,,,,,,,,,,,,,,,,,,,
76LSALDFZLvMLwS1F1UjL8pYgX2vKqJgETsJ8pj6pump,FP1-RESEARCH-PROBE-MID-0001,4,1787075043329703,1787074895000000,0,1,1,2,0,WAITING_FOR_IMPULSE,EXPIRED,ENTRY_WINDOW_EXPIRED,True,,,,,,,,,,,,,,,,,,,,,,,,,,,,,,
HcuMC8wWbMeN9oLSUVMo21A1jQyfHrRC5DZG7xxTpump,FP1-RESEARCH-PROBE-MID-0001,4,1787075036629980,1787074895000000,0,1,1,2,0,WAITING_FOR_IMPULSE,EXPIRED,ENTRY_WINDOW_EXPIRED,True,,,,,,,,,,,,,,,,,,,,,,,,,,,,,,
487cJVEC2Xw4376jXaHSCUvmbX46QqyKhFE6UN3spump,FP1-RESEARCH-PROBE-MID-0001,4,1787075013798601,1787074893000000,0,1,1,2,0,WAITING_FOR_IMPULSE,EXPIRED,ENTRY_WINDOW_EXPIRED,True,,,,,,,,,,,,,,,,,,,,,,,,,,,,,,
3TCRJhPgxahZ8NVeC3rTajM3b5NPVcAmbVeQkwV7pump,FP1-RESEARCH-PROBE-MID-0001,4,1787074996721507,1787074893000000,0,9,8,2,0,WAITING_FOR_IMPULSE,EXPIRED,ENTRY_WINDOW_EXPIRED,True,,,,,,,,,,,,,,,,,,,,,,,,,,,,,,
GVcdHB2tq4aJnskWPF84q8q9n8c9qpHJzgG5RBsbk8x8,FP1-RESEARCH-PROBE-MID-0001,4,1787074983772870,1787074892000000,0,49,17,4,0,WAITING_FOR_PULLBACK,EXPIRED,ENTRY_WINDOW_EXPIRED,True,253431,1774,8,7,2,1926821846,298343,4261,,,,,,,,,,,,,,,,,,,,,,
24qRCC1X9TZ3K9gTXVnQjFjh4gtSy7xiRpaaXdFepump,FP1-RESEARCH-PROBE-MID-0001,4,1787074974502344,1787074892000000,0,42,15,6,0,WAITING_FOR_RESPONSE,INVALIDATED,PULLBACK_TOO_DEEP,False,17867,1592,3,3,1,59818961,85890,14370,106425,88558,5244,6084,115526,,,,,,,,,,,,,,,,,
5Yy89FQ6jT17dv8fMCr7MZcNiohs2nph6BoYXQScpump,FP1-RESEARCH-PROBE-MID-0001,4,1787074969089475,1787074891000000,0,1,1,2,0,WAITING_FOR_IMPULSE,EXPIRED,ENTRY_WINDOW_EXPIRED,True,,,,,,,,,,,,,,,,,,,,,,,,,,,,,,
AkcFEkme23WCfJ4wRBZwMxTv8ierh7mxyYbLH8Rapump,FP1-RESEARCH-PROBE-MID-0001,4,1787074956831365,1787074891000000,0,32,32,6,0,WAITING_FOR_RESPONSE,EXPIRED,ENTRY_WINDOW_EXPIRED,True,23,2541,3,3,3,6913580244,49867,7777,139806,139783,2643,5208,200034,,,,,,,,,,,,,,,,,
658D5UHA14mVmp8J6UUkb9T8u3G4VUgUDKy4f2zh3u6x,FP1-RESEARCH-PROBE-MID-0001,4,1787074954310588,1787074891000000,0,140,13,2,0,WAITING_FOR_IMPULSE,EXPIRED,ENTRY_WINDOW_EXPIRED,True,,,,,,,,,,,,,,,,,,,,,,,,,,,,,,
8jtpDVU4b53Ne3dRUJE77NpwJocecEoZn9CCLcGDpump,FP1-RESEARCH-PROBE-MID-0001,4,1787074946582526,1787074890000000,0,1,1,2,0,WAITING_FOR_IMPULSE,EXPIRED,ENTRY_WINDOW_EXPIRED,True,,,,,,,,,,,,,,,,,,,,,,,,,,,,,,
AYsGEZCd5uBgc7aXnV8HAmX8ne3QLdDuLPUA2hhApump,FP1-RESEARCH-PROBE-MID-0001,3,1787074944344498,1787074890000000,0,8,5,2,0,WAITING_FOR_IMPULSE,EXPIRED,ENTRY_WINDOW_EXPIRED,True,,,,,,,,,,,,,,,,,,,,,,,,,,,,,,
CbRUyNSxqZwN2VYvUe8vEP5wB4kXwd7Bc3ZzEfcPpump,FP1-RESEARCH-PROBE-MID-0001,3,1787074939416848,1787074890000000,0,1,1,2,0,WAITING_FOR_IMPULSE,EXPIRED,ENTRY_WINDOW_EXPIRED,True,,,,,,,,,,,,,,,,,,,,,,,,,,,,,,
CYdHHXoQk9rDEg2JoQhb7hGH4Ze8R6Jh6ewubbUWpump,FP1-RESEARCH-PROBE-MID-0001,3,1787074939402711,1787074890000000,0,6,3,2,0,WAITING_FOR_IMPULSE,EXPIRED,ENTRY_WINDOW_EXPIRED,True,,,,,,,,,,,,,,,,,,,,,,,,,,,,,,
EoHpE9L3s9V9in6nrg1ZtDKnxkcxumy8XzCHyed5pump,FP1-RESEARCH-PROBE-MID-0001,3,1787074936755817,1787074890000000,0,21,4,2,0,WAITING_FOR_IMPULSE,EXPIRED,ENTRY_WINDOW_EXPIRED,True,,,,,,,,,,,,,,,,,,,,,,,,,,,,,,
CuCSJi1HvAkeiq4pfh84ZQpMPVVkyqCGmaDrUh25pump,FP1-RESEARCH-PROBE-MID-0001,3,1787074934381984,1787074890000000,0,2,2,2,0,WAITING_FOR_IMPULSE,EXPIRED,ENTRY_WINDOW_EXPIRED,True,,,,,,,,,,,,,,,,,,,,,,,,,,,,,,
CjjFca21d1eiBsRzmySpu1DNsXBX3A9P2wtpcuELpump,FP1-RESEARCH-PROBE-MID-0001,3,1787074934374698,1787074890000000,0,11,8,5,0,PULLBACK_ACTIVE,EXPIRED,ENTRY_WINDOW_EXPIRED,True,12,1585,3,3,3,7671000000,2569,2777,297597,297585,2949,2949,297597,,,,,,,,,,,,,,,,,
93ovBmR6X1UdoGz3amD6HE9vREQ2rV9TF6SyZ5aepump,FP1-RESEARCH-PROBE-MID-0001,3,1787074930039636,1787074889000000,0,15,8,2,0,WAITING_FOR_IMPULSE,EXPIRED,ENTRY_WINDOW_EXPIRED,True,,,,,,,,,,,,,,,,,,,,,,,,,,,,,,
GdkJoVZ1UBCV5rjfJzxFmaFBrWRKeLZY3H3Dcpfapump,FP1-RESEARCH-PROBE-MID-0001,3,1787074929956571,1787074889000000,0,1,1,2,0,WAITING_FOR_IMPULSE,EXPIRED,ENTRY_WINDOW_EXPIRED,True,,,,,,,,,,,,,,,,,,,,,,,,,,,,,,
GccaCYPdPDZSBDz61FLmtAVQU8MrSbWenQc64E3Npump,FP1-RESEARCH-PROBE-MID-0001,3,1787074927762702,1787074889000000,0,74,39,2,0,WAITING_FOR_IMPULSE,EXPIRED,ENTRY_WINDOW_EXPIRED,True,,,,,,,,,,,,,,,,,,,,,,,,,,,,,,
FzbjHbn9kz4PiecQ6ybQv9y1FGvxfnCZDQwJgBmmpump,FP1-RESEARCH-PROBE-MID-0001,3,1787074927586956,1787074889000000,0,18,5,4,0,WAITING_FOR_PULLBACK,EXPIRED,ENTRY_WINDOW_EXPIRED,True,231535,1613,4,3,2,1961367014,231535,1613,,,,,,,,,,,,,,,,,,,,,,
AhKEUjNfhncSCSfxTFtA4tUZbqJm4yvExqVN58nRHryi,FP1-RESEARCH-PROBE-MID-0001,3,1787074924840252,1787074889000000,0,8,4,2,0,WAITING_FOR_IMPULSE,EXPIRED,ENTRY_WINDOW_EXPIRED,True,,,,,,,,,,,,,,,,,,,,,,,,,,,,,,
DZd7Cci9CD78bXkBT7JCHwKYqKes2yngnBcx4f6opump,FP1-RESEARCH-PROBE-MID-0001,3,1787074922382541,1787074889000000,0,7,4,2,0,WAITING_FOR_IMPULSE,EXPIRED,ENTRY_WINDOW_EXPIRED,True,,,,,,,,,,,,,,,,,,,,,,,,,,,,,,
4navMf8Pf1ixzsQUded6W4hkgxSCvBtfpjt9qdQ3pump,FP1-RESEARCH-PROBE-MID-0001,3,1787074914688956,1787074888000000,0,710,46,2,0,WAITING_FOR_IMPULSE,EXPIRED,ENTRY_WINDOW_EXPIRED,True,,,,,,,,,,,,,,,,,,,,,,,,,,,,,,
BSio4otAizTD2K2z3htEmqKLDuRAxcsc9GztemMNpump,FP1-RESEARCH-PROBE-MID-0001,3,1787074909091937,1787074888000000,0,147,22,2,0,WAITING_FOR_IMPULSE,EXPIRED,ENTRY_WINDOW_EXPIRED,True,,,,,,,,,,,,,,,,,,,,,,,,,,,,,,
C8gjcqKWjbkSyeSM6jU1jk6te2nghMEVMWdf9t76pump,FP1-RESEARCH-PROBE-MID-0001,3,1787074909005393,1787074888000000,0,10,10,2,0,WAITING_FOR_IMPULSE,EXPIRED,ENTRY_WINDOW_EXPIRED,True,,,,,,,,,,,,,,,,,,,,,,,,,,,,,,
CNdPbYMdTWAYR3nDtxJP8PvqEmLQ2YgwKgnhC1bcpump,FP1-RESEARCH-PROBE-MID-0001,3,1787074906425053,1787074888000000,0,23,13,6,0,WAITING_FOR_RESPONSE,EXPIRED,ENTRY_WINDOW_EXPIRED,True,121171,3249,7,3,1,902291357,216791,12081,277639,156468,3465,4116,294279,,,,,,,,,,,,,,,,,
5Wr3m8QpTqqn1idrQvp3iNPa4f8hviBji5A9aEVapump,FP1-RESEARCH-PROBE-MID-0001,3,1787074906284161,1787074888000000,0,90,29,2,0,WAITING_FOR_IMPULSE,EXPIRED,ENTRY_WINDOW_EXPIRED,True,,,,,,,,,,,,,,,,,,,,,,,,,,,,,,
6XAwvXQmZn2NmEFYRnrCUiPWx8gm4TykZGhX7VR9pump,FP1-RESEARCH-PROBE-MID-0001,3,1787074903975939,1787074888000000,0,36,19,2,0,WAITING_FOR_IMPULSE,EXPIRED,ENTRY_WINDOW_EXPIRED,True,,,,,,,,,,,,,,,,,,,,,,,,,,,,,,
Agot2HXjh68MjHXr2xnutQ27BxoP3gfmL92QvCaKpump,FP1-RESEARCH-PROBE-MID-0001,3,1787074903709837,1787074888000000,0,3,1,2,0,WAITING_FOR_IMPULSE,EXPIRED,ENTRY_WINDOW_EXPIRED,True,,,,,,,,,,,,,,,,,,,,,,,,,,,,,,
8dYQJwHsvCak4vJU2hHcAWYfsQWgw7ND5VEVheBUpump,FP1-RESEARCH-PROBE-MID-0001,3,1787074901877246,1787074888000000,0,19,12,2,0,WAITING_FOR_IMPULSE,EXPIRED,ENTRY_WINDOW_EXPIRED,True,,,,,,,,,,,,,,,,,,,,,,,,,,,,,,
Gf7xhK5AKgAoFrx3QKrf3ujaawxNrPGoPCQZGLhUpump,FP1-RESEARCH-PROBE-MID-0001,3,1787074901808869,1787074888000000,0,187,22,4,0,WAITING_FOR_PULLBACK,EXPIRED,ENTRY_WINDOW_EXPIRED,True,118920,1584,8,5,1,553086418,277325,5734,,,,,,,,,,,,,,,,,,,,,,
CLrxx8QYRwokap6Seg2MN9Ju4aFYn3WTrqJB49XZpump,FP1-RESEARCH-PROBE-MID-0001,3,1787074901792845,1787074888000000,0,1,1,2,0,WAITING_FOR_IMPULSE,EXPIRED,ENTRY_WINDOW_EXPIRED,True,,,,,,,,,,,,,,,,,,,,,,,,,,,,,,
Ciqjvap1Rn5zoP1tcsDufWyZH3xsGtkqxTsjXipvpump,FP1-RESEARCH-PROBE-MID-0001,3,1787074896624491,1787074887000000,0,3,2,2,0,WAITING_FOR_IMPULSE,EXPIRED,ENTRY_WINDOW_EXPIRED,True,,,,,,,,,,,,,,,,,,,,,,,,,,,,,,
7m9efqvT8uAgWXG6PA7YL6iHBguiBS8GXvodSsdApump,FP1-RESEARCH-PROBE-MID-0001,3,1787074896563579,1787074887000000,0,8,8,2,0,WAITING_FOR_IMPULSE,EXPIRED,ENTRY_WINDOW_EXPIRED,True,,,,,,,,,,,,,,,,,,,,,,,,,,,,,,
89gHGNANPENbuS93MhXCj9czPyuQTMduEdG3u4RQnfGr,FP1-RESEARCH-PROBE-MID-0001,3,1787074896534037,1787074887000000,0,2,2,2,0,WAITING_FOR_IMPULSE,EXPIRED,ENTRY_WINDOW_EXPIRED,True,,,,,,,,,,,,,,,,,,,,,,,,,,,,,,
562R3gCfPZunx86X2nSo1n2VPFRiX16bxRsq2tccoWG7,FP1-RESEARCH-PROBE-MID-0001,3,1787074893888329,1787074887000000,0,15,14,2,0,WAITING_FOR_IMPULSE,EXPIRED,ENTRY_WINDOW_EXPIRED,True,,,,,,,,,,,,,,,,,,,,,,,,,,,,,,
24qQuaGtRT856q9AFZJHyCxi15Sx25jE9hBNFh7Ypump,FP1-RESEARCH-PROBE-MID-0001,3,1787074893773618,1787074887000000,0,7,7,2,0,WAITING_FOR_IMPULSE,EXPIRED,ENTRY_WINDOW_EXPIRED,True,,,,,,,,,,,,,,,,,,,,,,,,,,,,,,
2t55kaY1c9x1jtafy1vA5UNYH9oaSjqmRhCphKAFpump,FP1-RESEARCH-PROBE-MID-0001,3,1787074893762096,1787074887000000,0,9,7,2,0,WAITING_FOR_IMPULSE,EXPIRED,ENTRY_WINDOW_EXPIRED,True,,,,,,,,,,,,,,,,,,,,,,,,,,,,,,
7hza9NUTV61zgUHedmVdJtYoUCqyH2arnqZBrodkpump,FP1-RESEARCH-PROBE-MID-0001,3,1787074891435949,1787074887000000,0,4,2,1,0,DISCOVERED,EXPIRED,ENTRY_WINDOW_EXPIRED,True,,,,,,,,,,,,,,,,,,,,,,,,,,,,,,
7HXh5o355GnCzHayKuYNMY91UiPzE9YLA1BTQgE5pump,FP1-RESEARCH-PROBE-MID-0001,3,1787074889665675,1787074887000000,0,83,44,9,1,WAITING_FOR_RECLAIM,INVALIDATED,PULLBACK_TOO_DEEP,False,112357,4863,16,3,1,375845696,151144,11682,158085,45728,2601,7227,245931,3283,173254,15169,3617,2,0,720955559,3558,3,1,616111538,,,,,,
7EiTAzsbxdpZUH6kGJHfL9x1PHLjV8Uw4oAX41tnGhj8,FP1-RESEARCH-PROBE-MID-0001,3,1787074887232694,1787074887000000,0,29,13,2,0,WAITING_FOR_IMPULSE,EXPIRED,ENTRY_WINDOW_EXPIRED,True,,,,,,,,,,,,,,,,,,,,,,,,,,,,,,
GKYyXsxGHLrDhboVACVZBoNp9jL8uFTpjfiwyBkC7PkJ,FP1-RESEARCH-PROBE-MID-0001,3,1787074887148527,1787074887000000,0,1,1,2,0,WAITING_FOR_IMPULSE,EXPIRED,ENTRY_WINDOW_EXPIRED,True,,,,,,,,,,,,,,,,,,,,,,,,,,,,,,
F7r6embpY1e92qa9tGnmn8zCrGQGMd7tuGJhtcPupump,FP1-RESEARCH-PROBE-MID-0001,3,1787074887082587,1787074887000000,0,1,1,2,0,WAITING_FOR_IMPULSE,EXPIRED,ENTRY_WINDOW_EXPIRED,True,,,,,,,,,,,,,,,,,,,,,,,,,,,,,,
j7SR8yMUfPx8WVDcxFovmzWUiaPA3owpGj1ciXfpump,FP1-RESEARCH-PROBE-MID-0001,3,1787074887075071,1787074887000000,0,296,175,2,0,WAITING_FOR_IMPULSE,EXPIRED,ENTRY_WINDOW_EXPIRED,True,,,,,,,,,,,,,,,,,,,,,,,,,,,,,,
Epph9prVPCXQbxriAUTQWqchv5RTj8mWt1cSgWABpump,FP1-RESEARCH-PROBE-MID-0001,3,1787074887014989,1787074887000000,0,5,4,2,0,WAITING_FOR_IMPULSE,EXPIRED,ENTRY_WINDOW_EXPIRED,True,,,,,,,,,,,,,,,,,,,,,,,,,,,,,,
F2VnGF7woKHK9Tkcedy494aburdMbCTwtXzFEY21pump,FP1-RESEARCH-PROBE-MID-0001,3,1787074886999779,1787074887000000,0,214,65,7,0,CANDIDATE_SIGNAL,CANDIDATE_SIGNAL,RECLAIM_CONFIRMED,False,96771,1594,20,13,2,5086543482,108016,6580,175837,79066,2518,2782,212247,2782,228102,52265,607,3,0,1601714700,504,4,0,1699492477,228130,28,3495,-1861,631,
M1S6GxVAij2gaGyr5tR19uZCpyWkHstv1kBjNEipump,FP1-RESEARCH-PROBE-MID-0001,3,1787074886982246,1787074887000000,0,7,6,2,0,WAITING_FOR_IMPULSE,EXPIRED,ENTRY_WINDOW_EXPIRED,True,,,,,,,,,,,,,,,,,,,,,,,,,,,,,,
9yTDqz417id8jruXYgVdRLsgodY9FT7n4sMJnfywpump,FP1-RESEARCH-PROBE-MID-0001,3,1787074843913077,1787074400000000,0,3,3,2,0,WAITING_FOR_IMPULSE,EXPIRED,ENTRY_WINDOW_EXPIRED,True,,,,,,,,,,,,,,,,,,,,,,,,,,,,,,
G5fnJx3Xom6ycmo1EP1szbgbyBSQ8YRwvLXeTq7hpump,FP1-RESEARCH-PROBE-MID-0001,3,1787074833107752,1787074399000000,0,3,1,2,0,WAITING_FOR_IMPULSE,EXPIRED,ENTRY_WINDOW_EXPIRED,True,,,,,,,,,,,,,,,,,,,,,,,,,,,,,,
62T7rgWptCEh8XyyR5BH5eU5hMYjqXw9Ra16Tp5mpump,FP1-RESEARCH-PROBE-MID-0001,3,1787074824979628,1787074399000000,0,3,3,2,0,WAITING_FOR_IMPULSE,EXPIRED,ENTRY_WINDOW_EXPIRED,True,,,,,,,,,,,,,,,,,,,,,,,,,,,,,,
BXZKmkQj677uZjG9Ak7ASqNX14Fc2RzWzWgX1pQod1cW,FP1-RESEARCH-PROBE-MID-0001,3,1787074805931828,1787074397000000,0,2,2,2,0,WAITING_FOR_IMPULSE,EXPIRED,ENTRY_WINDOW_EXPIRED,True,,,,,,,,,,,,,,,,,,,,,,,,,,,,,,
ECbmqN5UYEQWTwdATCEAABmQhVnWBpEVJa4Kwdmdpump,FP1-RESEARCH-PROBE-MID-0001,3,1787074803125411,1787074397000000,0,1,1,2,0,WAITING_FOR_IMPULSE,EXPIRED,ENTRY_WINDOW_EXPIRED,True,,,,,,,,,,,,,,,,,,,,,,,,,,,,,,
6GnPvo8mLMxpsD6YzpvcwW5JFW9KLZeqBnqUnTMLpump,FP1-RESEARCH-PROBE-MID-0001,3,1787074768186762,1787074395000000,0,3,3,2,0,WAITING_FOR_IMPULSE,EXPIRED,ENTRY_WINDOW_EXPIRED,True,,,,,,,,,,,,,,,,,,,,,,,,,,,,,,
E3CYcoAh3XRApBahsDq7rdBX5CvmSCN9ruq1r8iApump,FP1-RESEARCH-PROBE-MID-0001,3,1787074762874584,1787074395000000,0,38,4,3,0,IMPULSE_CONFIRMED,EXPIRED,ENTRY_WINDOW_EXPIRED,True,136482,32031,3,3,1,98765431,136482,32031,,,,,,,,,,,,,,,,,,,,,,
Bw22pQm9guDJbvkA5hpr91kaqSgAbamsC2LjbWtBpump,FP1-RESEARCH-PROBE-MID-0001,3,1787074758049584,1787074395000000,0,5,4,2,0,WAITING_FOR_IMPULSE,EXPIRED,ENTRY_WINDOW_EXPIRED,True,,,,,,,,,,,,,,,,,,,,,,,,,,,,,,
BtVxNTNeU3CWd4ep1ja29dd5xGnXZFeuZiyuQJqopump,FP1-RESEARCH-PROBE-MID-0001,3,1787074752290098,1787074394000000,0,1,1,2,0,WAITING_FOR_IMPULSE,EXPIRED,ENTRY_WINDOW_EXPIRED,True,,,,,,,,,,,,,,,,,,,,,,,,,,,,,,
2PfDWTwoxAGePS3aY7Y3vV2FhaJoCQVuQrBtVgSvpump,FP1-RESEARCH-PROBE-MID-0001,3,1787074725799485,1787074393000000,0,1,1,2,0,WAITING_FOR_IMPULSE,EXPIRED,ENTRY_WINDOW_EXPIRED,True,,,,,,,,,,,,,,,,,,,,,,,,,,,,,,
C7vFafRvgAUwXa5NHTg27mjbnVnEC1uTKXAfc3RJ5iV2,FP1-RESEARCH-PROBE-MID-0001,3,1787074718243861,1787074393000000,0,5,5,4,0,WAITING_FOR_PULLBACK,EXPIRED,ENTRY_WINDOW_EXPIRED,True,82576,1883,4,4,2,2170666667,101008,2498,,,,,,,,,,,,,,,,,,,,,,
sP8rznqCEHuxNwvmJPJDbyw6JXEqaKQfTiGySkcpump,FP1-RESEARCH-PROBE-MID-0001,3,1787074707837968,1787074392000000,0,1,1,1,0,DISCOVERED,EXPIRED,ENTRY_WINDOW_EXPIRED,True,,,,,,,,,,,,,,,,,,,,,,,,,,,,,,
AMikPZMtMgiuJM7FY3vyTRqoUjZv38pwcTuwC9mhpump,FP1-RESEARCH-PROBE-MID-0001,3,1787074704561610,1787074392000000,0,1,1,2,0,WAITING_FOR_IMPULSE,EXPIRED,ENTRY_WINDOW_EXPIRED,True,,,,,,,,,,,,,,,,,,,,,,,,,,,,,,
Cr6eCtFxVCMjFmSs9xtvs37EVj1NZm8Zsk1Wj6E7pump,FP1-RESEARCH-PROBE-MID-0001,3,1787074702124655,1787074392000000,0,3,3,3,0,IMPULSE_CONFIRMED,EXPIRED,ENTRY_WINDOW_EXPIRED,True,98654,2019,3,3,2,2942050520,98654,2019,,,,,,,,,,,,,,,,,,,,,,
7fT6V7rn2sN5RHn3q5R76WbgsUYxsdRMoDk9Tmexpump,FP1-RESEARCH-PROBE-MID-0001,3,1787074686917556,1787074391000000,0,80,62,6,0,WAITING_FOR_RESPONSE,INVALIDATED,PULLBACK_TOO_DEEP,False,36,4844,3,3,3,8499947056,119164,41615,135329,135293,2883,6184,151542,,,,,,,,,,,,,,,,,
5v1AcSWe341Lx4gCDTKccACatWG9QBL8NjeZja76pump,FP1-RESEARCH-PROBE-MID-0001,3,1787074679314430,1787074390000000,0,34,34,6,0,WAITING_FOR_RESPONSE,EXPIRED,ENTRY_WINDOW_EXPIRED,True,21,2264,3,3,3,8691358022,54669,4391,103020,102999,2624,4855,124044,,,,,,,,,,,,,,,,,
GNN2FfVP6zK4QpyokUmTMCJtUcNumrtxjYGiE3R8pump,FP1-RESEARCH-PROBE-MID-0001,3,1787074676491566,1787074390000000,0,1,1,2,0,WAITING_FOR_IMPULSE,EXPIRED,ENTRY_WINDOW_EXPIRED,True,,,,,,,,,,,,,,,,,,,,,,,,,,,,,,
6X4XETRPAQ8nzCu8Sd7n3qsZW7PE1B4dTKt7TSw6pump,FP1-RESEARCH-PROBE-MID-0001,3,1787074658085730,1787074389000000,0,12,12,6,0,WAITING_FOR_RESPONSE,EXPIRED,ENTRY_WINDOW_EXPIRED,True,2075,2289,4,4,4,8800000000,15786,3236,124101,122026,2872,3306,188768,,,,,,,,,,,,,,,,,
CTNhdQ668UNQm1PcSf92ZZjS7GWqCTHvoyYw6fPZ2uhA,FP1-RESEARCH-PROBE-MID-0001,3,1787074645048519,1787074387000000,0,3,3,2,0,WAITING_FOR_IMPULSE,EXPIRED,ENTRY_WINDOW_EXPIRED,True,,,,,,,,,,,,,,,,,,,,,,,,,,,,,,
DfQWQdpmED1C7Yd1NYEoQRQftm8zPBX68WRz6Taw3bmr,FP1-RESEARCH-PROBE-MID-0001,3,1787074631173861,1787074386000000,0,1,1,2,0,WAITING_FOR_IMPULSE,EXPIRED,ENTRY_WINDOW_EXPIRED,True,,,,,,,,,,,,,,,,,,,,,,,,,,,,,,
8pEEoFsNfkriDVCBqjWprkverjy8wce2VphhWyWSWevc,FP1-RESEARCH-PROBE-MID-0001,3,1787074612707967,1787074385000000,0,6,6,2,0,WAITING_FOR_IMPULSE,EXPIRED,ENTRY_WINDOW_EXPIRED,True,,,,,,,,,,,,,,,,,,,,,,,,,,,,,,
F14LrtK9fkKc3AsFSctpDqtYbJM5dWWPrPyik6uvpump,FP1-RESEARCH-PROBE-MID-0001,3,1787074581726115,1787074383000000,0,1,1,2,0,WAITING_FOR_IMPULSE,EXPIRED,ENTRY_WINDOW_EXPIRED,True,,,,,,,,,,,,,,,,,,,,,,,,,,,,,,
2PPbVpUibgpk3Z77vctnGFy7XmjekEKZDJK2kfSSpump,FP1-RESEARCH-PROBE-MID-0001,3,1787074573725467,1787074383000000,0,2,2,2,0,WAITING_FOR_IMPULSE,EXPIRED,ENTRY_WINDOW_EXPIRED,True,,,,,,,,,,,,,,,,,,,,,,,,,,,,,,
7VbX73kLJSyaAgcY9R5DJLxsVZd1eX3hPDMEmHMHaZtj,FP1-RESEARCH-PROBE-MID-0001,3,1787074571272462,1787074383000000,0,234,51,7,0,CANDIDATE_SIGNAL,CANDIDATE_SIGNAL,RECLAIM_CONFIRMED,False,2138,2004,4,4,4,3950617280,65478,26559,70607,68469,2529,3713,86403,3713,86413,15806,757,3,2,628944169,201,5,6,-2194600961,88998,2585,16557,-2736,742,
GzCApBeSvLABtnjsZjhs7nmWPSicdjPYXR5PZwdypump,FP1-RESEARCH-PROBE-MID-0001,3,1787074559048228,1787074382000000,0,7,7,2,0,WAITING_FOR_IMPULSE,EXPIRED,ENTRY_WINDOW_EXPIRED,True,,,,,,,,,,,,,,,,,,,,,,,,,,,,,,
CSuYWqiUgPoZyd3XbRcYpcHLsj9Y1W68vZGQT3unpump,FP1-RESEARCH-PROBE-MID-0001,3,1787074555736262,1787074382000000,0,2,2,2,0,WAITING_FOR_IMPULSE,EXPIRED,ENTRY_WINDOW_EXPIRED,True,,,,,,,,,,,,,,,,,,,,,,,,,,,,,,
2DzaY8JsyKVs8ziDPFLxRkGgoFTqxmNuwKRtYXcwpump,FP1-RESEARCH-PROBE-MID-0001,3,1787074544410553,1787074381000000,0,1,1,2,0,WAITING_FOR_IMPULSE,EXPIRED,ENTRY_WINDOW_EXPIRED,True,,,,,,,,,,,,,,,,,,,,,,,,,,,,,,
8EYfSF93MiiH9gQmvdJdiKU6k5o23nxmb7tLDREXpump,FP1-RESEARCH-PROBE-MID-0001,3,1787074541523385,1787074381000000,0,18,6,2,0,WAITING_FOR_IMPULSE,EXPIRED,ENTRY_WINDOW_EXPIRED,True,,,,,,,,,,,,,,,,,,,,,,,,,,,,,,
DKAUEeRzjuSvBdy1DaiSksqFoPoaCqdxeajpUPbNpump,FP1-RESEARCH-PROBE-MID-0001,3,1787074528327190,1787074380000000,0,3,3,2,0,WAITING_FOR_IMPULSE,EXPIRED,ENTRY_WINDOW_EXPIRED,True,,,,,,,,,,,,,,,,,,,,,,,,,,,,,,
DbwdNnEzi9hD2P7RJQK82ivDDeinWDEoH87a2554pump,FP1-RESEARCH-PROBE-MID-0001,3,1787074519791969,1787074380000000,0,18,18,6,0,WAITING_FOR_RESPONSE,EXPIRED,ENTRY_WINDOW_EXPIRED,True,39,5064,3,3,3,11730000000,2618,8910,8587,8548,2859,5746,8628,,,,,,,,,,,,,,,,,
DCvevheRctueH3dHDQSid9KzJgAJEh8acUJgTEVqpump,FP1-RESEARCH-PROBE-MID-0001,3,1787074516603314,1787074379000000,0,5,2,2,0,WAITING_FOR_IMPULSE,EXPIRED,ENTRY_WINDOW_EXPIRED,True,,,,,,,,,,,,,,,,,,,,,,,,,,,,,,
HMkBNZWxBNHAEcpVweWTKbCqyBMJfp4hb7BJ8Hztpump,FP1-RESEARCH-PROBE-MID-0001,3,1787074511130907,1787074379000000,0,7,7,2,0,WAITING_FOR_IMPULSE,EXPIRED,ENTRY_WINDOW_EXPIRED,True,,,,,,,,,,,,,,,,,,,,,,,,,,,,,,
DvRoafGRApkKJW44JtMtb1tUb5iUrZ9yFBy6USBSpump,FP1-RESEARCH-PROBE-MID-0001,3,1787074508558301,1787074379000000,0,45,45,7,0,WAITING_FOR_RECLAIM,EXPIRED,ENTRY_WINDOW_EXPIRED,True,11,1773,3,3,3,3950617281,5104,7998,31133,31122,2604,4735,35651,4735,238829,207696,502,2,0,397610252,129,2,0,397610252,,,,,,
4DvRmjC7quoLecw7DGZvZZ64V8bj6bBD31xfHzgfpump,FP1-RESEARCH-PROBE-MID-0001,3,1787074497384630,1787074378000000,0,2,2,2,0,WAITING_FOR_IMPULSE,EXPIRED,ENTRY_WINDOW_EXPIRED,True,,,,,,,,,,,,,,,,,,,,,,,,,,,,,,
J9Kz7bkXMmJZQuLnn4CdUXpDMi9HpcB4B4HdEeQipump,FP1-RESEARCH-PROBE-MID-0001,3,1787074481784339,1787074377000000,0,15,14,2,0,WAITING_FOR_IMPULSE,EXPIRED,ENTRY_WINDOW_EXPIRED,True,,,,,,,,,,,,,,,,,,,,,,,,,,,,,,
5fmWt6XZQMF4tCoP9RurvxGU8quiUJ7Q7Qp9Dyfapump,FP1-RESEARCH-PROBE-MID-0001,3,1787074478814895,1787074376000000,0,1,1,2,0,WAITING_FOR_IMPULSE,EXPIRED,ENTRY_WINDOW_EXPIRED,True,,,,,,,,,,,,,,,,,,,,,,,,,,,,,,
5uVuCHVRNEm8R9AQXrBeJVVpz33jmeHSCrcfRHk9pump,FP1-RESEARCH-PROBE-MID-0001,3,1787074467157821,1787074375000000,0,51,49,6,0,WAITING_FOR_RESPONSE,EXPIRED,ENTRY_WINDOW_EXPIRED,True,64,2108,3,3,3,5728395058,8133,4468,70201,70137,2673,4067,212123,,,,,,,,,,,,,,,,,
5wS4D62gwXBzgFmxZTyvhLEQAu6mAZuoGqppg5Yepump,FP1-RESEARCH-PROBE-MID-0001,3,1787074464330440,1787074375000000,0,1,1,2,0,WAITING_FOR_IMPULSE,EXPIRED,ENTRY_WINDOW_EXPIRED,True,,,,,,,,,,,,,,,,,,,,,,,,,,,,,,
CW9La7oZyyDot6yKuh4Dg4DhFb5MabKni4n5NDP6pump,FP1-RESEARCH-PROBE-MID-0001,3,1787074461221399,1787074375000000,0,3,2,2,0,WAITING_FOR_IMPULSE,EXPIRED,ENTRY_WINDOW_EXPIRED,True,,,,,,,,,,,,,,,,,,,,,,,,,,,,,,
E9bPPpWwXwH47tWAjBhhxKUwUBcPH2yyyCLMnjrapump,FP1-RESEARCH-PROBE-MID-0001,3,1787074458655842,1787074375000000,0,2,1,2,0,WAITING_FOR_IMPULSE,EXPIRED,ENTRY_WINDOW_EXPIRED,True,,,,,,,,,,,,,,,,,,,,,,,,,,,,,,
77KC7TMEmAtjoMPnep2RHQdLXvjMHA1NdGkh1JwWpump,FP1-RESEARCH-PROBE-MID-0001,3,1787074453588921,1787074374000000,0,1,1,2,0,WAITING_FOR_IMPULSE,EXPIRED,ENTRY_WINDOW_EXPIRED,True,,,,,,,,,,,,,,,,,,,,,,,,,,,,,,
EDHCpWLRMMF5o2YTC8uohMAFPUGQFN5eojFMeWympump,FP1-RESEARCH-PROBE-MID-0001,3,1787074453564917,1787074374000000,0,1,1,2,0,WAITING_FOR_IMPULSE,EXPIRED,ENTRY_WINDOW_EXPIRED,True,,,,,,,,,,,,,,,,,,,,,,,,,,,,,,
Hnq2hZg727KG6zUEeetZAYFA8FwCbzBoByHYX5Lypump,FP1-RESEARCH-PROBE-MID-0001,3,1787074450274572,1787074374000000,0,1,1,2,0,WAITING_FOR_IMPULSE,EXPIRED,ENTRY_WINDOW_EXPIRED,True,,,,,,,,,,,,,,,,,,,,,,,,,,,,,,
2Zdt9AyfpuuPPcA6hDPLGCGo3vY5ECcjHNQn1zczpump,FP1-RESEARCH-PROBE-MID-0001,3,1787074444999643,1787074373000000,0,11,5,2,0,WAITING_FOR_IMPULSE,EXPIRED,ENTRY_WINDOW_EXPIRED,True,,,,,,,,,,,,,,,,,,,,,,,,,,,,,,
HM1YhBWxLGgupWe6yBzrbEpbomgGjAQcJxAFFDZGpump,FP1-RESEARCH-PROBE-MID-0001,3,1787074438756423,1787074373000000,0,1,1,2,0,WAITING_FOR_IMPULSE,EXPIRED,ENTRY_WINDOW_EXPIRED,True,,,,,,,,,,,,,,,,,,,,,,,,,,,,,,
DwyH7U88sUricdcEYQvisraCWh7k5SPL4DuDBFTepump,FP1-RESEARCH-PROBE-MID-0001,3,1787074430336500,1787074372000000,0,1,1,2,0,WAITING_FOR_IMPULSE,EXPIRED,ENTRY_WINDOW_EXPIRED,True,,,,,,,,,,,,,,,,,,,,,,,,,,,,,,
2m65x9kayW8sP4kJGPeaBqrARab7xXwTCGy9Fvjypump,FP1-RESEARCH-PROBE-MID-0001,3,1787074430315496,1787074372000000,0,2,2,2,0,WAITING_FOR_IMPULSE,EXPIRED,ENTRY_WINDOW_EXPIRED,True,,,,,,,,,,,,,,,,,,,,,,,,,,,,,,
6CFK5Vgx2sifabWAtVXLvbEo4GYfNJdzDCXW8U4epump,FP1-RESEARCH-PROBE-MID-0001,3,1787074430278500,1787074372000000,0,2,2,2,0,WAITING_FOR_IMPULSE,EXPIRED,ENTRY_WINDOW_EXPIRED,True,,,,,,,,,,,,,,,,,,,,,,,,,,,,,,
2A7A7BbiqcW8NGWrcoMJdQc8biJz9a34tK4SsSVy6PAt,FP1-RESEARCH-PROBE-MID-0001,3,1787074428241568,1787074372000000,0,3,3,2,0,WAITING_FOR_IMPULSE,EXPIRED,ENTRY_WINDOW_EXPIRED,True,,,,,,,,,,,,,,,,,,,,,,,,,,,,,,
5wDNrUhJhDcFZJrAEbdjMQtafhxHJDkAwgCj3UU2pump,FP1-RESEARCH-PROBE-MID-0001,3,1787074425684396,1787074371000000,0,43,33,1,0,DISCOVERED,EXPIRED,ENTRY_WINDOW_EXPIRED,True,,,,,,,,,,,,,,,,,,,,,,,,,,,,,,
2FfEbufT5Her6bRG13ihhH1Zhy2GM3K43GsBBxPKpump,FP1-RESEARCH-PROBE-MID-0001,3,1787074425612397,1787074371000000,0,1,1,2,0,WAITING_FOR_IMPULSE,EXPIRED,ENTRY_WINDOW_EXPIRED,True,,,,,,,,,,,,,,,,,,,,,,,,,,,,,,
7BTSYg2r12vNFQW3Vb6Sd43LLHBKrTxNZm6NkqUBpump,FP1-RESEARCH-PROBE-MID-0001,3,1787074423029392,1787074371000000,0,7,7,2,0,WAITING_FOR_IMPULSE,EXPIRED,ENTRY_WINDOW_EXPIRED,True,,,,,,,,,,,,,,,,,,,,,,,,,,,,,,
W7xyzgfzd7rwzSiAYwwRHvkDkKqrjDcX1cpKHqcpump,FP1-RESEARCH-PROBE-MID-0001,3,1787074420732125,1787074371000000,0,3,3,2,0,WAITING_FOR_IMPULSE,EXPIRED,ENTRY_WINDOW_EXPIRED,True,,,,,,,,,,,,,,,,,,,,,,,,,,,,,,
HmSbqs5RvzjQ4mB2NVVyAitvwT4GQDb4Tan5cYPkpump,FP1-RESEARCH-PROBE-MID-0001,3,1787074420702121,1787074371000000,0,2,2,2,0,WAITING_FOR_IMPULSE,EXPIRED,ENTRY_WINDOW_EXPIRED,True,,,,,,,,,,,,,,,,,,,,,,,,,,,,,,
AE1SturFmdGi1HqYGTmqK8dK3YCLUMsVtXsV7UdYpump,FP1-RESEARCH-PROBE-MID-0001,3,1787074413632749,1787074370000000,0,3,3,2,0,WAITING_FOR_IMPULSE,EXPIRED,ENTRY_WINDOW_EXPIRED,True,,,,,,,,,,,,,,,,,,,,,,,,,,,,,,
3urpXYCnV8716FyeDSRazJ7JvZa164xNqM7JirxPpump,FP1-RESEARCH-PROBE-MID-0001,3,1787074413622752,1787074370000000,0,3,3,2,0,WAITING_FOR_IMPULSE,EXPIRED,ENTRY_WINDOW_EXPIRED,True,,,,,,,,,,,,,,,,,,,,,,,,,,,,,,
Bg7xxgR5o8oKq9Fbx1a4SQ1YvuVyUmZK5etFxKRfpump,FP1-RESEARCH-PROBE-MID-0001,3,1787074413508750,1787074370000000,0,20,20,6,0,WAITING_FOR_RESPONSE,EXPIRED,ENTRY_WINDOW_EXPIRED,True,20,1677,4,4,4,5660000000,4805,3607,281716,281696,2533,3926,281782,,,,,,,,,,,,,,,,,
H24paPKpU8KkRFJ73dUErzaD4gNTbcDJPM9VLZhJpump,FP1-RESEARCH-PROBE-MID-0001,3,1787074411249303,1787074369000000,0,2,1,2,0,WAITING_FOR_IMPULSE,EXPIRED,ENTRY_WINDOW_EXPIRED,True,,,,,,,,,,,,,,,,,,,,,,,,,,,,,,
BWcKXzsCjCNHcYs8z6jDNTwyvHUkVC9K8k6eMjjrnSGh,FP1-RESEARCH-PROBE-MID-0001,3,1787074403684742,1787074368000000,0,1,1,2,0,WAITING_FOR_IMPULSE,EXPIRED,ENTRY_WINDOW_EXPIRED,True,,,,,,,,,,,,,,,,,,,,,,,,,,,,,,
DtCP4gY5Uons82CVku1a94KKcDmqm2jD1318M66Bpump,FP1-RESEARCH-PROBE-MID-0001,3,1787074399586738,1787074368000000,0,19,13,2,0,WAITING_FOR_IMPULSE,EXPIRED,ENTRY_WINDOW_EXPIRED,True,,,,,,,,,,,,,,,,,,,,,,,,,,,,,,
7jFRCtCpE9KQS8hYQDehAYP2ue5PAtJ9acucPjTMpump,FP1-RESEARCH-PROBE-MID-0001,3,1787074399583741,1787074368000000,0,34,18,7,0,CANDIDATE_SIGNAL,CANDIDATE_SIGNAL,RECLAIM_CONFIRMED,False,23505,1562,4,4,3,2579943992,26014,6597,47757,24252,4178,4178,47757,4178,69168,21411,954,2,0,1570370369,345,2,0,1570370369,69180,12,1158,-3277,542,
BPE6SHTWbNmNs3vA6HbZLo76C9rpf1geBdFpZDdwe79f,FP1-RESEARCH-PROBE-MID-0001,3,1787074397117744,1787074368000000,0,1,1,2,0,WAITING_FOR_IMPULSE,EXPIRED,ENTRY_WINDOW_EXPIRED,True,,,,,,,,,,,,,,,,,,,,,,,,,,,,,,
n4BVytvjRkSU3hafk2zxNWQBR1wteczSdyYfPXLpump,FP1-RESEARCH-PROBE-MID-0001,3,1787074397086741,1787074367000000,0,3,3,2,0,WAITING_FOR_IMPULSE,EXPIRED,ENTRY_WINDOW_EXPIRED,True,,,,,,,,,,,,,,,,,,,,,,,,,,,,,,
8z32U1bfHnDLbvo64jTBrAeyy3xnrPEYZSBNAZu6pump,FP1-RESEARCH-PROBE-MID-0001,3,1787074394627739,1787074367000000,0,1,1,2,0,WAITING_FOR_IMPULSE,EXPIRED,ENTRY_WINDOW_EXPIRED,True,,,,,,,,,,,,,,,,,,,,,,,,,,,,,,
HX8dshvtcPc2c9nd9GUGTnijhARLAzvkRBpyEPpBpump,FP1-RESEARCH-PROBE-MID-0001,3,1787074394588741,1787074367000000,0,6,4,2,0,WAITING_FOR_IMPULSE,EXPIRED,ENTRY_WINDOW_EXPIRED,True,,,,,,,,,,,,,,,,,,,,,,,,,,,,,,
6YhBkxJx6DGBas5TUUxdt1vWz3Ab7MuBkEcaDtGEpump,FP1-RESEARCH-PROBE-MID-0001,3,1787074392301677,1787074366000000,0,3,3,2,0,WAITING_FOR_IMPULSE,EXPIRED,ENTRY_WINDOW_EXPIRED,True,,,,,,,,,,,,,,,,,,,,,,,,,,,,,,
FDYN6nd3q6hrpCM8CToejR1i373Tr9F4jKsJXMHqpump,FP1-RESEARCH-PROBE-MID-0001,3,1787074386932860,1787074366000000,0,3,3,2,0,WAITING_FOR_IMPULSE,EXPIRED,ENTRY_WINDOW_EXPIRED,True,,,,,,,,,,,,,,,,,,,,,,,,,,,,,,
Y3yF9gVu6wEfa7A2wvE5xyAGuuhPeHNVLbPnkcGpump,FP1-RESEARCH-PROBE-MID-0001,3,1787074381924828,1787074365000000,0,62,42,4,0,WAITING_FOR_PULLBACK,EXPIRED,ENTRY_WINDOW_EXPIRED,True,41154,1592,13,10,4,987654319,202615,2366,,,,,,,,,,,,,,,,,,,,,,
CjdyjBZaqePt8EKGSSCEAGxjrAUavaR5UUikcJvDpump,FP1-RESEARCH-PROBE-MID-0001,3,1787074381884826,1787074365000000,0,21,18,2,0,WAITING_FOR_IMPULSE,EXPIRED,ENTRY_WINDOW_EXPIRED,True,,,,,,,,,,,,,,,,,,,,,,,,,,,,,,
BcNwfyLe29Bk1ZdRgSv4NjXLrAbVWkd3gCdy6139vLgp,FP1-RESEARCH-PROBE-MID-0001,3,1787074381822826,1787074365000000,0,11,7,2,0,WAITING_FOR_IMPULSE,EXPIRED,ENTRY_WINDOW_EXPIRED,True,,,,,,,,,,,,,,,,,,,,,,,,,,,,,,
Ff1WtZ5mcqjoDaYqEysuGU3Y4TAntBQc4k5BYx3Wpump,FP1-RESEARCH-PROBE-MID-0001,3,1787074379071328,1787074365000000,0,3,3,2,0,WAITING_FOR_IMPULSE,EXPIRED,ENTRY_WINDOW_EXPIRED,True,,,,,,,,,,,,,,,,,,,,,,,,,,,,,,
3bqT5qATzGz6bUt5VkoPZWL4W4vjuY5eVbsfUjXGpump,FP1-RESEARCH-PROBE-MID-0001,3,1787074378983333,1787074364000000,0,1,1,2,0,WAITING_FOR_IMPULSE,EXPIRED,ENTRY_WINDOW_EXPIRED,True,,,,,,,,,,,,,,,,,,,,,,,,,,,,,,
9a7vJiGcQC4J7sM6gZPgxZx4ezqsgbcYdVV6tpBQpump,FP1-RESEARCH-PROBE-MID-0001,3,1787074374005560,1787074364000000,0,1,1,2,0,WAITING_FOR_IMPULSE,EXPIRED,ENTRY_WINDOW_EXPIRED,True,,,,,,,,,,,,,,,,,,,,,,,,,,,,,,
MPCGUZ9fXaeCuLRjmDadPqtAjNJTkd3oZJqsTdKpump,FP1-RESEARCH-PROBE-MID-0001,3,1787074371610493,1787074364000000,0,3,3,2,0,WAITING_FOR_IMPULSE,EXPIRED,ENTRY_WINDOW_EXPIRED,True,,,,,,,,,,,,,,,,,,,,,,,,,,,,,,
FcPgK56ngstaXxisMByDXmFW2r8Mrg5oMc8tqSQspump,FP1-RESEARCH-PROBE-MID-0001,3,1787074371597494,1787074364000000,0,4,4,2,0,WAITING_FOR_IMPULSE,EXPIRED,ENTRY_WINDOW_EXPIRED,True,,,,,,,,,,,,,,,,,,,,,,,,,,,,,,
Z2xDpLQTh7igJEaAy25ph2VA5gVEpFRrEJ4TUU1pump,FP1-RESEARCH-PROBE-MID-0001,3,1787074371566001,1787074363000000,0,114,57,6,0,WAITING_FOR_RESPONSE,INVALIDATED,PULLBACK_TOO_DEEP,False,7467,2555,6,3,1,110688261,7467,2555,15351,7884,3327,6713,241004,,,,,,,,,,,,,,,,,
F6RGSDn9WQ22UZ2Fntwskw6e6Gp4h1oAdtvY4PW6pump,FP1-RESEARCH-PROBE-MID-0001,3,1787074369244607,1787074363000000,0,61,22,2,0,WAITING_FOR_IMPULSE,EXPIRED,ENTRY_WINDOW_EXPIRED,True,,,,,,,,,,,,,,,,,,,,,,,,,,,,,,
DaBj1QqbYwoeRfT2JVMeBouGoB5i9RBmXxNBVbCHpump,FP1-RESEARCH-PROBE-MID-0001,3,1787074369167607,1787074363000000,0,20,6,2,0,WAITING_FOR_IMPULSE,EXPIRED,ENTRY_WINDOW_EXPIRED,True,,,,,,,,,,,,,,,,,,,,,,,,,,,,,,
Frc2DmXyxLvTVx4DJCcgH15xLtY9P3YEWPraEdp2pump,FP1-RESEARCH-PROBE-MID-0001,3,1787074366441324,1787074363000000,0,61,41,2,0,WAITING_FOR_IMPULSE,EXPIRED,ENTRY_WINDOW_EXPIRED,True,,,,,,,,,,,,,,,,,,,,,,,,,,,,,,
BmzJ5BzNEbHXvy84BYcb8w8b3RU6BgkH6S34UXnvpump,FP1-RESEARCH-PROBE-MID-0001,3,1787074366382324,1787074363000000,0,50,38,4,0,WAITING_FOR_PULLBACK,EXPIRED,ENTRY_WINDOW_EXPIRED,True,259497,5762,32,3,2,664514886,267512,10180,,,,,,,,,,,,,,,,,,,,,,
EfcAjjbHAh2cgHbEaAYqF8qgz8xsG6UxRvmL9sihxYvJ,FP1-RESEARCH-PROBE-MID-0001,3,1787074366366324,1787074363000000,0,36,32,4,0,WAITING_FOR_PULLBACK,EXPIRED,ENTRY_WINDOW_EXPIRED,True,12556,1832,7,3,3,3032098765,25960,2658,,,,,,,,,,,,,,,,,,,,,,
AETBZopyr2hVaoqPG4d9Zdoy13JuutUyW36Zx5LTpump,FP1-RESEARCH-PROBE-MID-0001,3,1787074364046665,1787074363000000,0,2,2,2,0,WAITING_FOR_IMPULSE,EXPIRED,ENTRY_WINDOW_EXPIRED,True,,,,,,,,,,,,,,,,,,,,,,,,,,,,,,
qdERCB3H4HuusXJaaZH6WanasYxZ83RQyNsjSAkpump,FP1-RESEARCH-PROBE-MID-0001,3,1787074364042665,1787074363000000,0,3,2,2,0,WAITING_FOR_IMPULSE,EXPIRED,ENTRY_WINDOW_EXPIRED,True,,,,,,,,,,,,,,,,,,,,,,,,,,,,,,
2C6NBJszGUgiDDSwAzzvWT8kPDBv3aaC2Vh2GZqApump,FP1-RESEARCH-PROBE-MID-0001,3,1787074364011666,1787074362000000,0,2,1,2,0,WAITING_FOR_IMPULSE,EXPIRED,ENTRY_WINDOW_EXPIRED,True,,,,,,,,,,,,,,,,,,,,,,,,,,,,,,
BeKQ9B9W9fmaXiEFiE5574Kjyw9tT5psUjFiBJvZpump,FP1-RESEARCH-PROBE-MID-0001,3,1787074363993670,1787074362000000,0,5,4,2,0,WAITING_FOR_IMPULSE,EXPIRED,ENTRY_WINDOW_EXPIRED,True,,,,,,,,,,,,,,,,,,,,,,,,,,,,,,
24qPHs5KK7wqr9nqTStFUqsmwsFxUiCor8jQu9Qipump,FP1-RESEARCH-PROBE-MID-0001,3,1787074363990667,1787074362000000,0,23,22,2,0,WAITING_FOR_IMPULSE,EXPIRED,ENTRY_WINDOW_EXPIRED,True,,,,,,,,,,,,,,,,,,,,,,,,,,,,,,
4V52oK8McmdFgCbawStfiAydbw3rnppfiTMxAPWVpump,FP1-RESEARCH-PROBE-MID-0001,3,1787074363952666,1787074362000000,0,8,8,2,0,WAITING_FOR_IMPULSE,EXPIRED,ENTRY_WINDOW_EXPIRED,True,,,,,,,,,,,,,,,,,,,,,,,,,,,,,,
24qPCKdD7pyyneLVu8MnAEvGjBZuc2sDHiR1wsdppump,FP1-RESEARCH-PROBE-MID-0001,3,1787074363896667,1787074362000000,0,17,14,2,0,WAITING_FOR_IMPULSE,EXPIRED,ENTRY_WINDOW_EXPIRED,True,,,,,,,,,,,,,,,,,,,,,,,,,,,,,,
YEcyStyHF112GtRXHJFagkqSAuGenSnVqCX3e7fpump,FP1-RESEARCH-PROBE-MID-0001,3,1787074363881667,1787074362000000,0,3,3,2,0,WAITING_FOR_IMPULSE,EXPIRED,ENTRY_WINDOW_EXPIRED,True,,,,,,,,,,,,,,,,,,,,,,,,,,,,,,
YKWaWhTTfvaPWjo4Qm5rotj5ECu9sCsVy237PEipump,FP1-RESEARCH-PROBE-MID-0001,3,1787074363861666,1787074362000000,0,149,116,6,0,WAITING_FOR_RESPONSE,EXPIRED,ENTRY_WINDOW_EXPIRED,True,161922,1540,50,42,1,187566187,231437,2117,234131,72209,2566,3266,256945,,,,,,,,,,,,,,,,,
BhP2FJ1JD7oRHKk8axeup9WG6X7c3NPuDEkb1X8ypump,FP1-RESEARCH-PROBE-MID-0001,3,1787074362604196,1787074362000000,0,2,2,2,0,WAITING_FOR_IMPULSE,EXPIRED,ENTRY_WINDOW_EXPIRED,True,,,,,,,,,,,,,,,,,,,,,,,,,,,,,,
AHbVsNsNSMXkFFyJCb79CicBCUGu7RkDfWDdjy7ipump,FP1-RESEARCH-PROBE-MID-0001,3,1787074362576195,1787074362000000,0,19,16,2,0,WAITING_FOR_IMPULSE,EXPIRED,ENTRY_WINDOW_EXPIRED,True,,,,,,,,,,,,,,,,,,,,,,,,,,,,,,
EqQxpgUiaL7WRGwoeBzAwmHtZRJqE6nsuxsZooZRpump,FP1-RESEARCH-PROBE-MID-0001,3,1787074362564194,1787074362000000,0,189,46,7,0,CANDIDATE_SIGNAL,CANDIDATE_SIGNAL,RECLAIM_CONFIRMED,False,36979,3287,26,3,5,229063543,46129,23200,51109,14130,2638,2978,58102,2978,65699,14590,3990,2,0,168695326,6,5,2,-8263355524,67730,2031,25771,0,968,
2MUW4ws73FHu5B5DuBk2ac1s1Rb9UPDZM8Gx5rMDpump,FP1-RESEARCH-PROBE-MID-0001,3,1787074362549194,1787074362000000,0,40,40,1,0,DISCOVERED,EXPIRED,ENTRY_WINDOW_EXPIRED,True,,,,,,,,,,,,,,,,,,,,,,,,,,,,,,
4ZX6tYHowWFoGnHh44HtR54x8ictQWKBHbYPbuKApump,FP1-RESEARCH-PROBE-MID-0001,3,1787074362542194,1787074362000000,0,207,140,2,0,WAITING_FOR_IMPULSE,EXPIRED,ENTRY_WINDOW_EXPIRED,True,,,,,,,,,,,,,,,,,,,,,,,,,,,,,,
J8gmXhSmPEjZu6A5UZDL49r4cJGLRkwDVG6CoPkfpump,FP1-RESEARCH-PROBE-MID-0001,3,1787074356193455,1787074102000000,0,2,2,2,0,WAITING_FOR_IMPULSE,EXPIRED,ENTRY_WINDOW_EXPIRED,True,,,,,,,,,,,,,,,,,,,,,,,,,,,,,,
33WbdhuLAtmNHY9Y7ALCC6HwswHerN5kYzC2AviGpump,FP1-RESEARCH-PROBE-MID-0001,3,1787074348603752,1787074101000000,0,1,1,2,0,WAITING_FOR_IMPULSE,EXPIRED,ENTRY_WINDOW_EXPIRED,True,,,,,,,,,,,,,,,,,,,,,,,,,,,,,,
7Uwg48zdxx17cBQ1TH568eM5yrqnFvXC1sK6qrU7pump,FP1-RESEARCH-PROBE-MID-0001,3,1787074345810100,1787074101000000,0,5,4,2,0,WAITING_FOR_IMPULSE,EXPIRED,ENTRY_WINDOW_EXPIRED,True,,,,,,,,,,,,,,,,,,,,,,,,,,,,,,
4FnqCuT1AxJzsBEzrFxYJpzKYFv2JqGLsrktpaHApump,FP1-RESEARCH-PROBE-MID-0001,3,1787074345782098,1787074101000000,0,3,1,2,0,WAITING_FOR_IMPULSE,EXPIRED,ENTRY_WINDOW_EXPIRED,True,,,,,,,,,,,,,,,,,,,,,,,,,,,,,,
2diUc6WN1DPsVZHLovYdApc3Ark3VRiVhinyGj4Lpump,FP1-RESEARCH-PROBE-MID-0001,3,1787074345719098,1787074101000000,0,13,1,2,0,WAITING_FOR_IMPULSE,EXPIRED,ENTRY_WINDOW_EXPIRED,True,,,,,,,,,,,,,,,,,,,,,,,,,,,,,,
D5nGbpuyLAYxG9XJjZ3WPmkMWoBJ42cKsr8tDwvkpump,FP1-RESEARCH-PROBE-MID-0001,3,1787074338092616,1787074100000000,0,2,2,2,0,WAITING_FOR_IMPULSE,EXPIRED,ENTRY_WINDOW_EXPIRED,True,,,,,,,,,,,,,,,,,,,,,,,,,,,,,,
34EgELnsALPfAZjeajmjfdbF5rxYkhEqC7kX1wNuNexi,FP1-RESEARCH-PROBE-MID-0001,3,1787074338044616,1787074100000000,0,1,1,2,0,WAITING_FOR_IMPULSE,EXPIRED,ENTRY_WINDOW_EXPIRED,True,,,,,,,,,,,,,,,,,,,,,,,,,,,,,,
5bym3pheUDteKVKK9PBbzzUw1TuJ9P9ismTPiLVVpump,FP1-RESEARCH-PROBE-MID-0001,3,1787074320268542,1787074099000000,0,2,2,2,0,WAITING_FOR_IMPULSE,EXPIRED,ENTRY_WINDOW_EXPIRED,True,,,,,,,,,,,,,,,,,,,,,,,,,,,,,,
hESwD9ZDMipam1WPSnPea2TnRspx5ZqRgcLm5n7pump,FP1-RESEARCH-PROBE-MID-0001,3,1787074315681503,1787074099000000,0,1,1,2,0,WAITING_FOR_IMPULSE,EXPIRED,ENTRY_WINDOW_EXPIRED,True,,,,,,,,,,,,,,,,,,,,,,,,,,,,,,
2QhCAuKx8Ni13CFYKbUNNh8JQRtS3Gd1h4x7n6Fppump,FP1-RESEARCH-PROBE-MID-0001,3,1787074311446238,1787074098000000,0,1,1,2,0,WAITING_FOR_IMPULSE,EXPIRED,ENTRY_WINDOW_EXPIRED,True,,,,,,,,,,,,,,,,,,,,,,,,,,,,,,
AD7oDS8r34jmEd7VFAAtomdwHoSWKe2u62dyRokq36k5,FP1-RESEARCH-PROBE-MID-0001,3,1787074305273331,1787074098000000,0,1,1,2,0,WAITING_FOR_IMPULSE,EXPIRED,ENTRY_WINDOW_EXPIRED,True,,,,,,,,,,,,,,,,,,,,,,,,,,,,,,
FjjZgHNigpF69N6A3Sy8purs6RfiZDq86aoJw62Ppump,FP1-RESEARCH-PROBE-MID-0001,3,1787074300684433,1787074098000000,0,1,1,2,0,WAITING_FOR_IMPULSE,EXPIRED,ENTRY_WINDOW_EXPIRED,True,,,,,,,,,,,,,,,,,,,,,,,,,,,,,,
HuzjVH4nkHV8YkrS898HunEvwam9Q2MQYiQqaTLfwSRg,FP1-RESEARCH-PROBE-MID-0001,3,1787074295714885,1787074097000000,0,7,5,2,0,WAITING_FOR_IMPULSE,EXPIRED,ENTRY_WINDOW_EXPIRED,True,,,,,,,,,,,,,,,,,,,,,,,,,,,,,,
GRmCFi2ebbyrq6UoXbonNmHovQehVcuX1vTfiqgypump,FP1-RESEARCH-PROBE-MID-0001,3,1787074295594888,1787074097000000,0,2,2,2,0,WAITING_FOR_IMPULSE,EXPIRED,ENTRY_WINDOW_EXPIRED,True,,,,,,,,,,,,,,,,,,,,,,,,,,,,,,
7pPAU3GB6Ytf6HqQBZVA2wn96KdjaZJgkmGK8hijpump,FP1-RESEARCH-PROBE-MID-0001,3,1787074293240434,1787074097000000,0,7,7,2,0,WAITING_FOR_IMPULSE,EXPIRED,ENTRY_WINDOW_EXPIRED,True,,,,,,,,,,,,,,,,,,,,,,,,,,,,,,
7VNRBcFqKhBoyQGHahrzczBxzBEkBFsdzDTYAsD2pump,FP1-RESEARCH-PROBE-MID-0001,3,1787074293199434,1787074097000000,0,3,3,2,0,WAITING_FOR_IMPULSE,EXPIRED,ENTRY_WINDOW_EXPIRED,True,,,,,,,,,,,,,,,,,,,,,,,,,,,,,,
FeAcCRqXAV3Y1FyrZBdDfLoGcUMj9rAUfrd5PpFnpump,FP1-RESEARCH-PROBE-MID-0001,3,1787074293130918,1787074097000000,0,16,16,4,0,WAITING_FOR_PULLBACK,EXPIRED,ENTRY_WINDOW_EXPIRED,True,35,5180,3,3,3,13123000000,38424,6350,,,,,,,,,,,,,,,,,,,,,,
Bydzbc3QtT7TnXgUsaKqdYMmFBeFAe643gXRgtcYpump,FP1-RESEARCH-PROBE-MID-0001,3,1787074290492485,1787074097000000,0,1,1,2,0,WAITING_FOR_IMPULSE,EXPIRED,ENTRY_WINDOW_EXPIRED,True,,,,,,,,,,,,,,,,,,,,,,,,,,,,,,
2yJiDwF96ubSNj3iess9z8sVenQQia2Ka7fSuoFUpump,FP1-RESEARCH-PROBE-MID-0001,3,1787074285390661,1787074097000000,0,1,1,1,0,DISCOVERED,EXPIRED,ENTRY_WINDOW_EXPIRED,True,,,,,,,,,,,,,,,,,,,,,,,,,,,,,,
QX2FVJn6jnb1gKRvKREsLtEMrEWZZzzyRhMy138pump,FP1-RESEARCH-PROBE-MID-0001,3,1787074265329937,1787074096000000,0,5,3,2,0,WAITING_FOR_IMPULSE,EXPIRED,ENTRY_WINDOW_EXPIRED,True,,,,,,,,,,,,,,,,,,,,,,,,,,,,,,
2vyJN75DNMWhqoaY5f51L9Ls32X9aLcBS3qTDfjwpump,FP1-RESEARCH-PROBE-MID-0001,3,1787074248122855,1787074095000000,0,5,2,2,0,WAITING_FOR_IMPULSE,EXPIRED,ENTRY_WINDOW_EXPIRED,True,,,,,,,,,,,,,,,,,,,,,,,,,,,,,,
8owFxWD9o3psSC4vbTr4Hx61DwnYEZF67VaPsjdhpump,FP1-RESEARCH-PROBE-MID-0001,3,1787074243563277,1787074095000000,0,1,1,2,0,WAITING_FOR_IMPULSE,EXPIRED,ENTRY_WINDOW_EXPIRED,True,,,,,,,,,,,,,,,,,,,,,,,,,,,,,,
AqifVBD2QWjdK57CP7WaTKoVGAV7SxuBHCidi4ZCpump,FP1-RESEARCH-PROBE-MID-0001,3,1787074241604872,1787074095000000,0,1,1,2,0,WAITING_FOR_IMPULSE,EXPIRED,ENTRY_WINDOW_EXPIRED,True,,,,,,,,,,,,,,,,,,,,,,,,,,,,,,
55Av5fdwkJ5GzUA2YDhCJdgdVHe8do4wZ3Z7hYLpump,FP1-RESEARCH-PROBE-MID-0001,3,1787074222902171,1787074094000000,0,4,4,2,0,WAITING_FOR_IMPULSE,EXPIRED,ENTRY_WINDOW_EXPIRED,True,,,,,,,,,,,,,,,,,,,,,,,,,,,,,,
7q4VDEHX1GjWQSx94hqSmPwxUq65LNfxoYHCF8mYpump,FP1-RESEARCH-PROBE-MID-0001,3,1787074216668604,1787074093000000,0,1,1,2,0,WAITING_FOR_IMPULSE,EXPIRED,ENTRY_WINDOW_EXPIRED,True,,,,,,,,,,,,,,,,,,,,,,,,,,,,,,
6juVPMLPFzX4nx2eWmMjQw1MZvG1rdgW35da3R7hpump,FP1-RESEARCH-PROBE-MID-0001,3,1787074206184681,1787074092000000,0,2,2,2,0,WAITING_FOR_IMPULSE,EXPIRED,ENTRY_WINDOW_EXPIRED,True,,,,,,,,,,,,,,,,,,,,,,,,,,,,,,
E6qq6xnfHqWKEP9nmD3aZuzEaPE5Rd9h2MVCCahUpump,FP1-RESEARCH-PROBE-MID-0001,3,1787074204083523,1787074092000000,0,1,1,2,0,WAITING_FOR_IMPULSE,EXPIRED,ENTRY_WINDOW_EXPIRED,True,,,,,,,,,,,,,,,,,,,,,,,,,,,,,,
E389bNEBPBuNkovrFf6LuvY4LTuEjD8d9qwY8TaCpump,FP1-RESEARCH-PROBE-MID-0001,3,1787074201943234,1787074092000000,0,1,1,1,0,DISCOVERED,EXPIRED,ENTRY_WINDOW_EXPIRED,True,,,,,,,,,,,,,,,,,,,,,,,,,,,,,,
AYWNRcfuhd27vBqn8cv32WsoLB2PBA5ioVHxv5dypump,FP1-RESEARCH-PROBE-MID-0001,3,1787074198186756,1787074092000000,0,1,1,2,0,WAITING_FOR_IMPULSE,EXPIRED,ENTRY_WINDOW_EXPIRED,True,,,,,,,,,,,,,,,,,,,,,,,,,,,,,,
4tF99sxoYQrFRjezqwSyyENU4jXuQzXf8gfvbsYTpump,FP1-RESEARCH-PROBE-MID-0001,3,1787074191499042,1787074091000000,0,1,1,2,0,WAITING_FOR_IMPULSE,EXPIRED,ENTRY_WINDOW_EXPIRED,True,,,,,,,,,,,,,,,,,,,,,,,,,,,,,,
DRGR73fa8r7V9FRDra2yVntgzYzGJ7bz9MZZYJotpump,FP1-RESEARCH-PROBE-MID-0001,3,1787074191348042,1787074091000000,0,150,30,7,0,CANDIDATE_SIGNAL,CANDIDATE_SIGNAL,RECLAIM_CONFIRMED,False,133,4038,3,3,3,10283950617,20772,5190,96660,96527,2760,2760,96660,2760,106748,10088,2999,2,0,981077725,297,2,0,981077725,106783,35,5076,-75,545,
DBHwozihHGPzAVmcDpywrrVBKaBedeUCyAHSoSzCiwcD,FP1-RESEARCH-PROBE-MID-0001,3,1787074183960775,1787074091000000,0,2,2,2,0,WAITING_FOR_IMPULSE,EXPIRED,ENTRY_WINDOW_EXPIRED,True,,,,,,,,,,,,,,,,,,,,,,,,,,,,,,
BxmxMxrVG3JkxVjpisa4hYshFfcjQNQErZkLKeHypump,FP1-RESEARCH-PROBE-MID-0001,3,1787074179136241,1787074090000000,0,1,1,2,0,WAITING_FOR_IMPULSE,EXPIRED,ENTRY_WINDOW_EXPIRED,True,,,,,,,,,,,,,,,,,,,,,,,,,,,,,,
9zukSeYGv8FaoEqrp7oU7Zc4TLepW25cRaNKrA9Apump,FP1-RESEARCH-PROBE-MID-0001,3,1787074177004463,1787074090000000,0,2,2,2,0,WAITING_FOR_IMPULSE,EXPIRED,ENTRY_WINDOW_EXPIRED,True,,,,,,,,,,,,,,,,,,,,,,,,,,,,,,
3mkfMXLDDoEv3Bzn8PEkkmt9if76xc3vZfQWuDv6pump,FP1-RESEARCH-PROBE-MID-0001,3,1787074176949463,1787074090000000,0,18,18,4,0,WAITING_FOR_PULLBACK,EXPIRED,ENTRY_WINDOW_EXPIRED,True,141091,1647,12,3,1,15407268,141091,1647,,,,,,,,,,,,,,,,,,,,,,
sHhR1nBVjY9ku3py7H4c1NGfG7oq6DME2r4PWGFpump,FP1-RESEARCH-PROBE-MID-0001,3,1787074165320247,1787074089000000,0,4,3,1,0,DISCOVERED,EXPIRED,ENTRY_WINDOW_EXPIRED,True,,,,,,,,,,,,,,,,,,,,,,,,,,,,,,
5GB8uyhAfGuMx47gidCvKCad5gwP9sz1AtMYEtnLpump,FP1-RESEARCH-PROBE-MID-0001,3,1787074161888464,1787074089000000,0,1,1,2,0,WAITING_FOR_IMPULSE,EXPIRED,ENTRY_WINDOW_EXPIRED,True,,,,,,,,,,,,,,,,,,,,,,,,,,,,,,
4rCRgEBfdn6ZFnSB53Mp7mKAf6pWX3nnSeGoqLaqpump,FP1-RESEARCH-PROBE-MID-0001,3,1787074157506105,1787074089000000,0,1,1,2,0,WAITING_FOR_IMPULSE,EXPIRED,ENTRY_WINDOW_EXPIRED,True,,,,,,,,,,,,,,,,,,,,,,,,,,,,,,
659umAgn8SwXRqch9SJzuAbS7J8i6awyPQhvJFdwpump,FP1-RESEARCH-PROBE-MID-0001,3,1787074155028647,1787074089000000,0,311,3,2,0,WAITING_FOR_IMPULSE,EXPIRED,ENTRY_WINDOW_EXPIRED,True,,,,,,,,,,,,,,,,,,,,,,,,,,,,,,
Cdgf9NRzCM7suQCHYf71mDLxrw4HzSNQHZnP3yexpump,FP1-RESEARCH-PROBE-MID-0001,3,1787074152472096,1787074088000000,0,3,3,2,0,WAITING_FOR_IMPULSE,EXPIRED,ENTRY_WINDOW_EXPIRED,True,,,,,,,,,,,,,,,,,,,,,,,,,,,,,,
8dcTVFWTY5dEFsonZxiGmuBpKh9CkJo1hgjuJC8Fpump,FP1-RESEARCH-PROBE-MID-0001,3,1787074148148561,1787074088000000,0,3,2,2,0,WAITING_FOR_IMPULSE,EXPIRED,ENTRY_WINDOW_EXPIRED,True,,,,,,,,,,,,,,,,,,,,,,,,,,,,,,
CQeDgFajjEBNDeyi6P9XToGskjy1s1LRJ5dSXH6Xpump,FP1-RESEARCH-PROBE-MID-0001,3,1787074148107861,1787074088000000,0,3,3,2,0,WAITING_FOR_IMPULSE,EXPIRED,ENTRY_WINDOW_EXPIRED,True,,,,,,,,,,,,,,,,,,,,,,,,,,,,,,
CGZK9UxGJXH2Phzb7B6RHnjxKJoYsRGT2toEaU5ipump,FP1-RESEARCH-PROBE-MID-0001,3,1787074140881382,1787074087000000,0,2,2,2,0,WAITING_FOR_IMPULSE,EXPIRED,ENTRY_WINDOW_EXPIRED,True,,,,,,,,,,,,,,,,,,,,,,,,,,,,,,
3bczSgaiPNK7qUSyRG7snp2LEfoJeVEDpKUAPYZmpump,FP1-RESEARCH-PROBE-MID-0001,3,1787074140669353,1787074087000000,0,3,3,2,0,WAITING_FOR_IMPULSE,EXPIRED,ENTRY_WINDOW_EXPIRED,True,,,,,,,,,,,,,,,,,,,,,,,,,,,,,,
A2xfCk9dPC4fDBWS38fhFhf8P6M1TjoxQRYxK4wZ9kWV,FP1-RESEARCH-PROBE-MID-0001,3,1787074140541354,1787074087000000,0,23,23,4,0,WAITING_FOR_PULLBACK,EXPIRED,ENTRY_WINDOW_EXPIRED,True,75,2436,4,4,4,6800000000,9963,3905,,,,,,,,,,,,,,,,,,,,,,
2s6vF7dW6yAmGTVFnmrbbwy1zc4tidirS9de9FpRpump,FP1-RESEARCH-PROBE-MID-0001,3,1787074136190245,1787074087000000,0,5,5,2,0,WAITING_FOR_IMPULSE,EXPIRED,ENTRY_WINDOW_EXPIRED,True,,,,,,,,,,,,,,,,,,,,,,,,,,,,,,
4V1GYsgpPBzhaz21wQCJZEshQMb11cVVW61MuuSnpump,FP1-RESEARCH-PROBE-MID-0001,3,1787074133824986,1787074086000000,0,1,1,2,0,WAITING_FOR_IMPULSE,EXPIRED,ENTRY_WINDOW_EXPIRED,True,,,,,,,,,,,,,,,,,,,,,,,,,,,,,,
Bu1HgSPsrq3ePENKaKAsQ38U3K65PEgg1YXLDBqdpump,FP1-RESEARCH-PROBE-MID-0001,3,1787074131466015,1787074086000000,0,25,14,6,0,WAITING_FOR_RESPONSE,INVALIDATED,PULLBACK_TOO_DEEP,False,14123,2592,4,3,2,16113086,47657,8307,52654,38531,3989,6436,103845,,,,,,,,,,,,,,,,,
HNZvPXcK6b7T11A6nLH7etYrcMXwfmqXiAv5G3Qrpump,FP1-RESEARCH-PROBE-MID-0001,3,1787074128946090,1787074086000000,0,3,3,2,0,WAITING_FOR_IMPULSE,EXPIRED,ENTRY_WINDOW_EXPIRED,True,,,,,,,,,,,,,,,,,,,,,,,,,,,,,,
BprzdEi6ENbXHukVLrNE6KpJa6NeZkouzE2Fwzsk1gKz,FP1-RESEARCH-PROBE-MID-0001,3,1787074127006659,1787074085000000,0,1,1,2,0,WAITING_FOR_IMPULSE,EXPIRED,ENTRY_WINDOW_EXPIRED,True,,,,,,,,,,,,,,,,,,,,,,,,,,,,,,
CbhpVzasKoGuNKFaiKKBMfpiBxwYuVSLQPBuW8Cypump,FP1-RESEARCH-PROBE-MID-0001,3,1787074122163098,1787074084000000,0,18,11,2,0,WAITING_FOR_IMPULSE,EXPIRED,ENTRY_WINDOW_EXPIRED,True,,,,,,,,,,,,,,,,,,,,,,,,,,,,,,
FGSFfV4oYKjFSydwovbLZdTFKDMR56GU4djcqgkXpump,FP1-RESEARCH-PROBE-MID-0001,3,1787074119782731,1787074084000000,0,3,3,2,0,WAITING_FOR_IMPULSE,EXPIRED,ENTRY_WINDOW_EXPIRED,True,,,,,,,,,,,,,,,,,,,,,,,,,,,,,,
89Rv8kZ5AwRPpkHB4g52kWi4bRw8G9PBs7ZD28kXpump,FP1-RESEARCH-PROBE-MID-0001,3,1787074117213096,1787074084000000,0,11,4,2,0,WAITING_FOR_IMPULSE,EXPIRED,ENTRY_WINDOW_EXPIRED,True,,,,,,,,,,,,,,,,,,,,,,,,,,,,,,
CmNBhLRd6i6LT5ZVJaUiFYxDcfq3qxX8oeYpHPWypump,FP1-RESEARCH-PROBE-MID-0001,3,1787074113176646,1787074084000000,0,3,3,2,0,WAITING_FOR_IMPULSE,EXPIRED,ENTRY_WINDOW_EXPIRED,True,,,,,,,,,,,,,,,,,,,,,,,,,,,,,,
8YS1kYVEdQKPR7ZQszF9jiHgbTWHWXiZkAt3q49Apump,FP1-RESEARCH-PROBE-MID-0001,3,1787074113102640,1787074084000000,0,1,1,2,0,WAITING_FOR_IMPULSE,EXPIRED,ENTRY_WINDOW_EXPIRED,True,,,,,,,,,,,,,,,,,,,,,,,,,,,,,,
8yvq6Eu9Z9ZWAva7afHya8UiouQFH9ZCX9LtjR1Npump,FP1-RESEARCH-PROBE-MID-0001,3,1787074110941838,1787074083000000,0,3,3,2,0,WAITING_FOR_IMPULSE,EXPIRED,ENTRY_WINDOW_EXPIRED,True,,,,,,,,,,,,,,,,,,,,,,,,,,,,,,
BG8jQaEW16LGtsuoN4QfSYSrCEm5Ckej7VsN8xMUpump,FP1-RESEARCH-PROBE-MID-0001,3,1787074108585052,1787074083000000,0,2,2,2,0,WAITING_FOR_IMPULSE,EXPIRED,ENTRY_WINDOW_EXPIRED,True,,,,,,,,,,,,,,,,,,,,,,,,,,,,,,
DWHGhDArW9YTwKMr9R44jjfevo5FM2i9CKhZd8RCpump,FP1-RESEARCH-PROBE-MID-0001,3,1787074106399682,1787074083000000,0,4,4,2,0,WAITING_FOR_IMPULSE,EXPIRED,ENTRY_WINDOW_EXPIRED,True,,,,,,,,,,,,,,,,,,,,,,,,,,,,,,
8JB2hqz3iLBBSYUjrsowAaaKnWJtMRS7DbLADxjPpump,FP1-RESEARCH-PROBE-MID-0001,3,1787074103785666,1787074082000000,0,1,1,2,0,WAITING_FOR_IMPULSE,EXPIRED,ENTRY_WINDOW_EXPIRED,True,,,,,,,,,,,,,,,,,,,,,,,,,,,,,,
SE3fFnqd8GzPWTeNNahrma4iPY76sVUTeB66yVtpump,FP1-RESEARCH-PROBE-MID-0001,3,1787074101433654,1787074082000000,0,1,1,2,0,WAITING_FOR_IMPULSE,EXPIRED,ENTRY_WINDOW_EXPIRED,True,,,,,,,,,,,,,,,,,,,,,,,,,,,,,,
8Mh4nkve6NhguLjTwuSB7fvXesjctwm3o1BjbhjBpump,FP1-RESEARCH-PROBE-MID-0001,3,1787074098669639,1787074081000000,0,16,16,4,0,WAITING_FOR_PULLBACK,EXPIRED,ENTRY_WINDOW_EXPIRED,True,111,2475,3,3,3,4624246226,5138,2654,,,,,,,,,,,,,,,,,,,,,,
9mh3dMC6KSSzPLNfGJNw3rLS63QnysCNVNH93e4Spump,FP1-RESEARCH-PROBE-MID-0001,3,1787074098579637,1787074081000000,0,3,3,2,0,WAITING_FOR_IMPULSE,EXPIRED,ENTRY_WINDOW_EXPIRED,True,,,,,,,,,,,,,,,,,,,,,,,,,,,,,,
Arz7iXW9BcTV3RR5HMfkdMfLxWkNpMeCYsFJDVgLpump,FP1-RESEARCH-PROBE-MID-0001,3,1787074096218386,1787074081000000,0,1,1,2,0,WAITING_FOR_IMPULSE,EXPIRED,ENTRY_WINDOW_EXPIRED,True,,,,,,,,,,,,,,,,,,,,,,,,,,,,,,
DL77Ho3A9PvZQeGgUP8gysshbqMqG4svcfwugZf6pump,FP1-RESEARCH-PROBE-MID-0001,3,1787074095937363,1787074081000000,0,3,1,2,0,WAITING_FOR_IMPULSE,EXPIRED,ENTRY_WINDOW_EXPIRED,True,,,,,,,,,,,,,,,,,,,,,,,,,,,,,,
441VBwN8ziKGYCGVELxanX4wcs7NqcxmBmfjyKcRpump,FP1-RESEARCH-PROBE-MID-0001,3,1787074095889361,1787074081000000,0,5,1,2,0,WAITING_FOR_IMPULSE,EXPIRED,ENTRY_WINDOW_EXPIRED,True,,,,,,,,,,,,,,,,,,,,,,,,,,,,,,
7iJMiKhioz7LUbi9HE9LHN4gTCwyTW1dNs4T2Msypump,FP1-RESEARCH-PROBE-MID-0001,3,1787074093947312,1787074080000000,0,3,3,2,0,WAITING_FOR_IMPULSE,EXPIRED,ENTRY_WINDOW_EXPIRED,True,,,,,,,,,,,,,,,,,,,,,,,,,,,,,,
4Cd3561ucBDvVhvEdxSTMv9EwLNvM8mPZW5maY8dYMiq,FP1-RESEARCH-PROBE-MID-0001,3,1787074091780271,1787074080000000,0,3,1,2,0,WAITING_FOR_IMPULSE,EXPIRED,ENTRY_WINDOW_EXPIRED,True,,,,,,,,,,,,,,,,,,,,,,,,,,,,,,
FpokBxFtPyeBYCpwYrnCxtWR4Dr1CVYX8VPHjVUCpump,FP1-RESEARCH-PROBE-MID-0001,3,1787074091437276,1787074080000000,0,57,9,2,0,WAITING_FOR_IMPULSE,EXPIRED,ENTRY_WINDOW_EXPIRED,True,,,,,,,,,,,,,,,,,,,,,,,,,,,,,,
31hHwvnsy1bJLSPxex2r8nRMJpmK4zfs4yQY9sYtpump,FP1-RESEARCH-PROBE-MID-0001,2,1787074089038467,1787074080000000,0,2,2,2,0,WAITING_FOR_IMPULSE,EXPIRED,ENTRY_WINDOW_EXPIRED,True,,,,,,,,,,,,,,,,,,,,,,,,,,,,,,
59TN9tv8Bub4UDDXiQj31BvcXwNbknLe3x8ktHwPpump,FP1-RESEARCH-PROBE-MID-0001,2,1787074088884472,1787074079000000,0,3,3,2,0,WAITING_FOR_IMPULSE,EXPIRED,ENTRY_WINDOW_EXPIRED,True,,,,,,,,,,,,,,,,,,,,,,,,,,,,,,
A94PTGwRH1kBTEXUkgnjCytK8Uhe5VEyQfwVhhn2pump,FP1-RESEARCH-PROBE-MID-0001,2,1787074088849471,1787074079000000,0,4,4,2,0,WAITING_FOR_IMPULSE,EXPIRED,ENTRY_WINDOW_EXPIRED,True,,,,,,,,,,,,,,,,,,,,,,,,,,,,,,
4AHMPbuRLA8adFfdtQhyxL5KiicHGDuap7qWPoUmpump,FP1-RESEARCH-PROBE-MID-0001,2,1787074088820470,1787074079000000,0,56,17,4,0,WAITING_FOR_PULLBACK,EXPIRED,ENTRY_WINDOW_EXPIRED,True,44963,2061,6,6,1,1481481480,154825,4002,,,,,,,,,,,,,,,,,,,,,,
6qFhtdggYQbxyzx4iZU5XoxuSwQWiii5MJwt21F9pump,FP1-RESEARCH-PROBE-MID-0001,2,1787074087184707,1787074079000000,0,32,11,2,0,WAITING_FOR_IMPULSE,EXPIRED,ENTRY_WINDOW_EXPIRED,True,,,,,,,,,,,,,,,,,,,,,,,,,,,,,,
4oKB9d8e2ivbhpLZBa18NaNdQikthrKghLnrAUs2pump,FP1-RESEARCH-PROBE-MID-0001,2,1787074087031709,1787074079000000,0,1,1,2,0,WAITING_FOR_IMPULSE,EXPIRED,ENTRY_WINDOW_EXPIRED,True,,,,,,,,,,,,,,,,,,,,,,,,,,,,,,
C37a3o83Y8e7ZPnVFY2ZYAjMgHEWuPa3V2mhjXuspump,FP1-RESEARCH-PROBE-MID-0001,2,1787074086945195,1787074079000000,0,99,9,4,0,WAITING_FOR_PULLBACK,EXPIRED,ENTRY_WINDOW_EXPIRED,True,172217,1905,8,3,3,2950432160,172256,1930,,,,,,,,,,,,,,,,,,,,,,
HcKdNrGPPNE2A5TtPdPpDtryQeVLkEsXT189amGNSfgN,FP1-RESEARCH-PROBE-MID-0001,2,1787074085668012,1787074079000000,0,6,5,2,0,WAITING_FOR_IMPULSE,EXPIRED,ENTRY_WINDOW_EXPIRED,True,,,,,,,,,,,,,,,,,,,,,,,,,,,,,,
7EpDApnFpM79aZWoDF2rQ91fk6v3P4Fw4R8bDESWpump,FP1-RESEARCH-PROBE-MID-0001,2,1787074085491012,1787074079000000,0,1,1,2,0,WAITING_FOR_IMPULSE,EXPIRED,ENTRY_WINDOW_EXPIRED,True,,,,,,,,,,,,,,,,,,,,,,,,,,,,,,
oh83tewbBFTWAyExafvRKqhpJbZyK4w9qa2aJ2jbPWW,FP1-RESEARCH-PROBE-MID-0001,2,1787074085454011,1787074078000000,0,1,1,2,0,WAITING_FOR_IMPULSE,EXPIRED,ENTRY_WINDOW_EXPIRED,True,,,,,,,,,,,,,,,,,,,,,,,,,,,,,,
4cg3h9i6KDbGH9TTEEWBoME4GtVr6FLSJ4gm1EzEpump,FP1-RESEARCH-PROBE-MID-0001,2,1787074084087947,1787074078000000,0,1,1,2,0,WAITING_FOR_IMPULSE,EXPIRED,ENTRY_WINDOW_EXPIRED,True,,,,,,,,,,,,,,,,,,,,,,,,,,,,,,
GncJk4Bqm9JtZziVTpCC4bJsF19NdhivJuaR9fCUpump,FP1-RESEARCH-PROBE-MID-0001,2,1787074083938945,1787074078000000,0,14,13,2,0,WAITING_FOR_IMPULSE,EXPIRED,ENTRY_WINDOW_EXPIRED,True,,,,,,,,,,,,,,,,,,,,,,,,,,,,,,
DivVeDkhj3A4pz2GWVEnRX4yELvaS8Z974txkPqLHthb,FP1-RESEARCH-PROBE-MID-0001,2,1787074082561141,1787074078000000,0,1,1,2,0,WAITING_FOR_IMPULSE,EXPIRED,ENTRY_WINDOW_EXPIRED,True,,,,,,,,,,,,,,,,,,,,,,,,,,,,,,
3j6y8xP74LA4Xutk2h5VVJMLrYQ7TqqQmkPP1veppump,FP1-RESEARCH-PROBE-MID-0001,2,1787074080938938,1787074078000000,0,2,2,2,0,WAITING_FOR_IMPULSE,EXPIRED,ENTRY_WINDOW_EXPIRED,True,,,,,,,,,,,,,,,,,,,,,,,,,,,,,,
2s9fEBesoN79Hu6crBfBu6p8xV6L29ogAgXpRQq2pump,FP1-RESEARCH-PROBE-MID-0001,2,1787074080869939,1787074078000000,0,18,9,4,0,WAITING_FOR_PULLBACK,EXPIRED,ENTRY_WINDOW_EXPIRED,True,295577,1511,8,5,1,19555555,298135,1624,,,,,,,,,,,,,,,,,,,,,,
3aK7HT3HyzrB2Gx1n25KddWh6oJmSkbf9sXkM2Thpump,FP1-RESEARCH-PROBE-MID-0001,2,1787074080529217,1787074077000000,0,1,1,2,0,WAITING_FOR_IMPULSE,EXPIRED,ENTRY_WINDOW_EXPIRED,True,,,,,,,,,,,,,,,,,,,,,,,,,,,,,,
CC9G6nfciwBcd1Zqc8apDugxJWuWdWH5zbfuW8Kfpump,FP1-RESEARCH-PROBE-MID-0001,2,1787074079279213,1787074077000000,0,42,7,3,0,IMPULSE_CONFIRMED,EXPIRED,ENTRY_WINDOW_EXPIRED,True,299631,3076,7,4,0,-45006636,299631,3076,,,,,,,,,,,,,,,,,,,,,,
Ctsfp37yunKdo6wQsaoy7LkgGroKsd3NGUavx6kRpump,FP1-RESEARCH-PROBE-MID-0001,2,1787074079223215,1787074077000000,0,2,2,2,0,WAITING_FOR_IMPULSE,EXPIRED,ENTRY_WINDOW_EXPIRED,True,,,,,,,,,,,,,,,,,,,,,,,,,,,,,,
7vBXRJm175S4pvz8SYYD7JPJqt2DRqxHEHgfhZSjpump,FP1-RESEARCH-PROBE-MID-0001,2,1787074079146112,1787074077000000,0,4,4,2,0,WAITING_FOR_IMPULSE,EXPIRED,ENTRY_WINDOW_EXPIRED,True,,,,,,,,,,,,,,,,,,,,,,,,,,,,,,
3umkriYCJPtWuqhHedvENPoWpnU7p2j1Aw1ZNXwnpump,FP1-RESEARCH-PROBE-MID-0001,2,1787074079074110,1787074077000000,0,9,8,2,0,WAITING_FOR_IMPULSE,EXPIRED,ENTRY_WINDOW_EXPIRED,True,,,,,,,,,,,,,,,,,,,,,,,,,,,,,,
C1Qzvsh3T8ktt6nUrxSjg7qn7mi1e26A23dR37Rxpump,FP1-RESEARCH-PROBE-MID-0001,2,1787074079037114,1787074077000000,0,59,59,1,0,DISCOVERED,EXPIRED,ENTRY_WINDOW_EXPIRED,True,,,,,,,,,,,,,,,,,,,,,,,,,,,,,,
GupN8i8AmyJsc7bgo9K17pR1ssNfKtEXtSTHAJ4Tpump,FP1-RESEARCH-PROBE-MID-0001,2,1787074078970115,1787074077000000,0,19,19,2,0,WAITING_FOR_IMPULSE,EXPIRED,ENTRY_WINDOW_EXPIRED,True,,,,,,,,,,,,,,,,,,,,,,,,,,,,,,
4cqKcf3epsVZMvy1wzUugep6VCVzuMZ4Xi3RDQPMpump,FP1-RESEARCH-PROBE-MID-0001,2,1787074078799115,1787074077000000,0,14,14,6,0,WAITING_FOR_RESPONSE,EXPIRED,ENTRY_WINDOW_EXPIRED,True,128,1585,4,4,4,3226666667,20052,1913,60015,59887,2516,2530,64530,,,,,,,,,,,,,,,,,
2aKq3qxC6CRu6L2waXKTkrre91o8jHj4Pak9NGcKpump,FP1-RESEARCH-PROBE-MID-0001,2,1787074078727097,1787074077000000,0,162,27,3,0,IMPULSE_CONFIRMED,EXPIRED,ENTRY_WINDOW_EXPIRED,True,290475,2339,27,13,0,-181571447,290475,2339,,,,,,,,,,,,,,,,,,,,,,
H7aVdNCfzCLmZEDK3kXnCigjL62v3KrAzHhpZ2Z2pump,FP1-RESEARCH-PROBE-MID-0001,2,1787074078691737,1787074077000000,0,13,8,2,0,WAITING_FOR_IMPULSE,EXPIRED,ENTRY_WINDOW_EXPIRED,True,,,,,,,,,,,,,,,,,,,,,,,,,,,,,,
3ffuhCcXTSmCzkFJxGGL9VUndmjHZCHatWqwVfvbpump,FP1-RESEARCH-PROBE-MID-0001,2,1787074077502684,1787074077000000,0,1,1,2,0,WAITING_FOR_IMPULSE,EXPIRED,ENTRY_WINDOW_EXPIRED,True,,,,,,,,,,,,,,,,,,,,,,,,,,,,,,
2RJwhPNmop21MB1eD2CnFUeqithiHR8vF4eVLSvtpump,FP1-RESEARCH-PROBE-MID-0001,2,1787074077409682,1787074077000000,0,129,129,2,0,WAITING_FOR_IMPULSE,EXPIRED,ENTRY_WINDOW_EXPIRED,True,,,,,,,,,,,,,,,,,,,,,,,,,,,,,,
DWsJZmhDkC3wWCyw63w525rJwAzhanpRNJVMf5Cspump,FP1-RESEARCH-PROBE-MID-0001,2,1787074077405684,1787074077000000,0,110,30,7,0,CANDIDATE_SIGNAL,CANDIDATE_SIGNAL,RECLAIM_CONFIRMED,False,9619,11246,15,7,5,836886547,16741,34011,18582,8963,4168,4300,18924,4300,18958,376,4852,4,2,143303163,412,9,4,1317615418,28982,10024,32440,-357,1390,
3BygAcaBzyMdqTNGSa5WfhtNaQnFuTr69fLj1BENpump,FP1-RESEARCH-PROBE-MID-0001,2,1787074077331681,1787074076000000,0,134,133,2,0,WAITING_FOR_IMPULSE,EXPIRED,ENTRY_WINDOW_EXPIRED,True,,,,,,,,,,,,,,,,,,,,,,,,,,,,,,
4W1hzsJ65AaKihdPfYKXViqYUizK8Fri8xqZvy8ypump,FP1-RESEARCH-PROBE-MID-0001,2,1787074077243681,1787074076000000,0,97,5,2,0,WAITING_FOR_IMPULSE,EXPIRED,ENTRY_WINDOW_EXPIRED,True,,,,,,,,,,,,,,,,,,,,,,,,,,,,,,
JCxuvz1A9s7RqEjxfs9pQPBrrFeQoKuVXH3iP5t9pump,FP1-RESEARCH-PROBE-MID-0001,2,1787074077117681,1787074076000000,0,1,1,1,0,DISCOVERED,EXPIRED,ENTRY_WINDOW_EXPIRED,True,,,,,,,,,,,,,,,,,,,,,,,,,,,,,,
64Zb3JNf2kakejXms5edFoVBgQdpTVKntyjxpKRTnijz,FP1-RESEARCH-PROBE-MID-0001,2,1787074076958685,1787074076000000,0,1,1,2,0,WAITING_FOR_IMPULSE,EXPIRED,ENTRY_WINDOW_EXPIRED,True,,,,,,,,,,,,,,,,,,,,,,,,,,,,,,
UAGw1PaXyeoTDHg9oMqfyt1GpgM169bju6jL1r1pump,FP1-RESEARCH-PROBE-MID-0001,2,1787074076853681,1787074076000000,0,164,164,2,0,WAITING_FOR_IMPULSE,EXPIRED,ENTRY_WINDOW_EXPIRED,True,,,,,,,,,,,,,,,,,,,,,,,,,,,,,,
8qcw8uUha1Fn3Pp5ijAUXAsorbRvbW7kw7VCDvpkpump,FP1-RESEARCH-PROBE-MID-0001,2,1787074076745688,1787074076000000,0,19,19,2,0,WAITING_FOR_IMPULSE,EXPIRED,ENTRY_WINDOW_EXPIRED,True,,,,,,,,,,,,,,,,,,,,,,,,,,,,,,
6onx45WsG44ZEPejY8TqoK8ik6Mb7qq1nk6v3VURpump,FP1-RESEARCH-PROBE-MID-0001,2,1787071711087826,1787071682000000,0,1,1,2,0,WAITING_FOR_IMPULSE,EXPIRED,ENTRY_WINDOW_EXPIRED,True,,,,,,,,,,,,,,,,,,,,,,,,,,,,,,
2M2bh7Hb7cRhT972jrEvVJyjEJAcWz57VjXbchzqpump,FP1-RESEARCH-PROBE-MID-0001,2,1787071703552738,1787071682000000,0,21,4,2,0,WAITING_FOR_IMPULSE,EXPIRED,ENTRY_WINDOW_EXPIRED,True,,,,,,,,,,,,,,,,,,,,,,,,,,,,,,
Gotn3D24ADBwpWxjUPWAdMPZQ6wtz1NxQZvSgQVxpump,FP1-RESEARCH-PROBE-MID-0001,2,1787071703472737,1787071682000000,0,1,1,2,0,WAITING_FOR_IMPULSE,EXPIRED,ENTRY_WINDOW_EXPIRED,True,,,,,,,,,,,,,,,,,,,,,,,,,,,,,,
9SajdsQujKQsn4KfCV4x9mhJ4b79uge47Ebm7pEqQ6JA,FP1-RESEARCH-PROBE-MID-0001,2,1787071697614051,1787071682000000,0,1,1,2,0,WAITING_FOR_IMPULSE,EXPIRED,ENTRY_WINDOW_EXPIRED,True,,,,,,,,,,,,,,,,,,,,,,,,,,,,,,
GcbFVivndRKiy3MaAgMtsyaSfWh4aqEn6PcyShbBpump,FP1-RESEARCH-PROBE-MID-0001,2,1787071697610055,1787071682000000,0,1,1,2,0,WAITING_FOR_IMPULSE,EXPIRED,ENTRY_WINDOW_EXPIRED,True,,,,,,,,,,,,,,,,,,,,,,,,,,,,,,
9xNuTnrzFsTiCZim765WnVJtFUHqt73w1YX7aivbpump,FP1-RESEARCH-PROBE-MID-0001,2,1787071694822245,1787071682000000,0,3,3,2,0,WAITING_FOR_IMPULSE,EXPIRED,ENTRY_WINDOW_EXPIRED,True,,,,,,,,,,,,,,,,,,,,,,,,,,,,,,
JAC7TuGanmUthUnDczyxqDsnBW6N94xG8GZYiozVpump,FP1-RESEARCH-PROBE-MID-0001,2,1787071689187843,1787071681000000,0,3,3,2,0,WAITING_FOR_IMPULSE,EXPIRED,ENTRY_WINDOW_EXPIRED,True,,,,,,,,,,,,,,,,,,,,,,,,,,,,,,
95KpDTv3NuqZ2jFnTFZ9xaYzqsCUzAWbUS9gW7Ujpump,FP1-RESEARCH-PROBE-MID-0001,2,1787071686366535,1787071681000000,0,3,3,2,0,WAITING_FOR_IMPULSE,EXPIRED,ENTRY_WINDOW_EXPIRED,True,,,,,,,,,,,,,,,,,,,,,,,,,,,,,,
GVmPQStNkmE2Ea6CzCHJcL4CAxUFX3WZkh8iS7qipump,FP1-RESEARCH-PROBE-MID-0001,2,1787071686357535,1787071681000000,0,1,1,2,0,WAITING_FOR_IMPULSE,EXPIRED,ENTRY_WINDOW_EXPIRED,True,,,,,,,,,,,,,,,,,,,,,,,,,,,,,,
8cHMb5o9k5yK72w3ZHE446ku3kDn6Hv1mGjnDCVZpump,FP1-RESEARCH-PROBE-MID-0001,2,1787071686356535,1787071681000000,0,1,1,2,0,WAITING_FOR_IMPULSE,EXPIRED,ENTRY_WINDOW_EXPIRED,True,,,,,,,,,,,,,,,,,,,,,,,,,,,,,,
48TW1NmnPNFCEqsuqGWESDfapZpmYUkRkXr5KrDTpump,FP1-RESEARCH-PROBE-MID-0001,2,1787071686323535,1787071681000000,0,1,1,2,0,WAITING_FOR_IMPULSE,EXPIRED,ENTRY_WINDOW_EXPIRED,True,,,,,,,,,,,,,,,,,,,,,,,,,,,,,,
63NeBFACYNfVzZWv5GxKGqCRibJouGNzirghU7Udpump,FP1-RESEARCH-PROBE-MID-0001,2,1787071683721897,1787071681000000,0,2,2,2,0,WAITING_FOR_IMPULSE,EXPIRED,ENTRY_WINDOW_EXPIRED,True,,,,,,,,,,,,,,,,,,,,,,,,,,,,,,
5zAztny5oMuaSSfRhFQCFTZsvZ8JKoirtXHaAYmbvyKG,FP1-RESEARCH-PROBE-MID-0001,2,1787071681186616,1787071681000000,0,27,27,2,0,WAITING_FOR_IMPULSE,EXPIRED,ENTRY_WINDOW_EXPIRED,True,,,,,,,,,,,,,,,,,,,,,,,,,,,,,,
DJvP7Xy2FVfqq3K4doeJCa3dLEPe9x8rVNcXArvwpump,FP1-RESEARCH-PROBE-MID-0001,2,1787071681182616,1787071681000000,0,1,1,2,0,WAITING_FOR_IMPULSE,EXPIRED,ENTRY_WINDOW_EXPIRED,True,,,,,,,,,,,,,,,,,,,,,,,,,,,,,,
4yghZG4UX4HNPuTsgop58imKCN1j3S8JrzeixAEDpump,FP1-RESEARCH-PROBE-MID-0001,2,1787071667231756,1787071631000000,0,1,1,2,0,WAITING_FOR_IMPULSE,EXPIRED,ENTRY_WINDOW_EXPIRED,True,,,,,,,,,,,,,,,,,,,,,,,,,,,,,,
5vYQyTQr7ALgtK4N49GEyeMs3WsKtXH2rcKVksbNgmos,FP1-RESEARCH-PROBE-MID-0001,2,1787071659001941,1787071631000000,0,2,2,2,0,WAITING_FOR_IMPULSE,EXPIRED,ENTRY_WINDOW_EXPIRED,True,,,,,,,,,,,,,,,,,,,,,,,,,,,,,,
G9BBhVVVcE452s5U7EoGr2sUC1LyAcNv4qUbL2zuM3Lj,FP1-RESEARCH-PROBE-MID-0001,2,1787071651376100,1787071630000000,0,6,6,4,0,WAITING_FOR_PULLBACK,EXPIRED,ENTRY_WINDOW_EXPIRED,True,2504,2320,3,3,3,9876543204,4945,3588,,,,,,,,,,,,,,,,,,,,,,
GCombYe6p1EMsf7v6TTLWeepdqeCFz8YZ1JGebzupump,FP1-RESEARCH-PROBE-MID-0001,2,1787071651370101,1787071630000000,0,2,2,2,0,WAITING_FOR_IMPULSE,EXPIRED,ENTRY_WINDOW_EXPIRED,True,,,,,,,,,,,,,,,,,,,,,,,,,,,,,,
4W2gJeijPNaa44X1UHH4Kez6a5F9iVb82uN7fqMjpump,FP1-RESEARCH-PROBE-MID-0001,2,1787071651346101,1787071630000000,0,2,2,2,0,WAITING_FOR_IMPULSE,EXPIRED,ENTRY_WINDOW_EXPIRED,True,,,,,,,,,,,,,,,,,,,,,,,,,,,,,,
4W58Y3L5drGgn4AoKeyaqCFpJC9UHFDZC2eAfPokpump,FP1-RESEARCH-PROBE-MID-0001,2,1787071639574422,1787071629000000,0,12,12,2,0,WAITING_FOR_IMPULSE,EXPIRED,ENTRY_WINDOW_EXPIRED,True,,,,,,,,,,,,,,,,,,,,,,,,,,,,,,
FbtyHyeqNpUVq92gusYp4HPCNwL9DPxKj7Zx5EKNpump,FP1-RESEARCH-PROBE-MID-0001,2,1787071631429766,1787071629000000,0,47,47,4,0,WAITING_FOR_PULLBACK,EXPIRED,ENTRY_WINDOW_EXPIRED,True,49749,7492,38,19,1,488888888,49749,7492,,,,,,,,,,,,,,,,,,,,,,
JAyTXrgzKJAVSsH8nFFynvZMG3PNUFXQZ3fJcc6Spump,FP1-RESEARCH-PROBE-MID-0001,2,1787071631384765,1787071629000000,0,2,2,2,0,WAITING_FOR_IMPULSE,EXPIRED,ENTRY_WINDOW_EXPIRED,True,,,,,,,,,,,,,,,,,,,,,,,,,,,,,,
3EdDwu74B9NCBGkXmtGA9voyJ8uQr2dYTBFMbXxzpump,FP1-RESEARCH-PROBE-MID-0001,2,1787071631382765,1787071629000000,0,6,6,1,0,DISCOVERED,EXPIRED,ENTRY_WINDOW_EXPIRED,True,,,,,,,,,,,,,,,,,,,,,,,,,,,,,,
4W5DWMJ8WsjxzRAPqJqX5csVotD1Y8nndC8xriRPpump,FP1-RESEARCH-PROBE-MID-0001,2,1787071631366766,1787071629000000,0,1,1,2,0,WAITING_FOR_IMPULSE,EXPIRED,ENTRY_WINDOW_EXPIRED,True,,,,,,,,,,,,,,,,,,,,,,,,,,,,,,
WjtVYkUG2qVfxQCLYZmFm2uYKuMcvty6V8EDrjjpump,FP1-RESEARCH-PROBE-MID-0001,2,1787071629267123,1787071629000000,0,53,53,7,0,WAITING_FOR_RECLAIM,EXPIRED,ENTRY_WINDOW_EXPIRED,True,7344,2286,10,8,3,3020167459,19265,3354,51839,44495,4104,4148,51918,4148,59905,8066,568,3,1,2054202291,429,5,2,1889330843,,,,,,
cMCk6YFZoWkPRcFVWFaD5aMmHFvj7Abj2PZKDdypump,FP1-RESEARCH-PROBE-MID-0001,2,1787071613371456,1787071584000000,0,9,9,4,0,WAITING_FOR_PULLBACK,EXPIRED,ENTRY_WINDOW_EXPIRED,True,8231,2030,5,5,2,2037705498,10992,3918,,,,,,,,,,,,,,,,,,,,,,
ARXn6fcH4sfB6erfQsEHbhFSerMBxrWydJKySkDYpump,FP1-RESEARCH-PROBE-MID-0001,2,1787071608150878,1787071584000000,0,1,1,2,0,WAITING_FOR_IMPULSE,EXPIRED,ENTRY_WINDOW_EXPIRED,True,,,,,,,,,,,,,,,,,,,,,,,,,,,,,,
EDcJjANKDtsHDvTkFVQXzVJ56HrMFcKN6uCcTX3Epump,FP1-RESEARCH-PROBE-MID-0001,2,1787071605367879,1787071583000000,0,5,5,3,0,IMPULSE_CONFIRMED,EXPIRED,ENTRY_WINDOW_EXPIRED,True,98080,9332,4,3,1,817876542,98080,9332,,,,,,,,,,,,,,,,,,,,,,
5NBTwamodVFt55mbbKojYLZkgmDDUjbSJ1XymgJ9pump,FP1-RESEARCH-PROBE-MID-0001,2,1787071597511624,1787071583000000,0,1,1,2,0,WAITING_FOR_IMPULSE,EXPIRED,ENTRY_WINDOW_EXPIRED,True,,,,,,,,,,,,,,,,,,,,,,,,,,,,,,
B7PKCAUcUEfMBXfAe1LdkT3c9rMDKqRvZDoZKM2Tpump,FP1-RESEARCH-PROBE-MID-0001,2,1787071594631992,1787071582000000,0,1,1,1,0,DISCOVERED,EXPIRED,ENTRY_WINDOW_EXPIRED,True,,,,,,,,,,,,,,,,,,,,,,,,,,,,,,
7zGhQQqriFH19ahTmeZhFjbADpsWZJb3ZYsEhgDfpump,FP1-RESEARCH-PROBE-MID-0001,2,1787071594618992,1787071582000000,0,1,1,2,0,WAITING_FOR_IMPULSE,EXPIRED,ENTRY_WINDOW_EXPIRED,True,,,,,,,,,,,,,,,,,,,,,,,,,,,,,,
5FbvwoNuiMxCWpuFRXoxMtKtHjnJft2pASXf5FSdpump,FP1-RESEARCH-PROBE-MID-0001,2,1787071592071169,1787071582000000,0,6,6,4,0,WAITING_FOR_PULLBACK,EXPIRED,ENTRY_WINDOW_EXPIRED,True,4,5609,3,3,3,8730000000,2512,9324,,,,,,,,,,,,,,,,,,,,,,
93TeQdYS87wa654uGyVef975mDLwyYAF562kVf2xpump,FP1-RESEARCH-PROBE-MID-0001,2,1787071589396040,1787071582000000,0,17,17,4,0,WAITING_FOR_PULLBACK,EXPIRED,ENTRY_WINDOW_EXPIRED,True,99743,138496,15,7,1,203457904,99743,138496,,,,,,,,,,,,,,,,,,,,,,
BrkeYUeTjCsNrCtsqv8SiQMcMUZzxpfDbHGU8ngdpump,FP1-RESEARCH-PROBE-MID-0001,2,1787071584056492,1787071582000000,0,1,1,2,0,WAITING_FOR_IMPULSE,EXPIRED,ENTRY_WINDOW_EXPIRED,True,,,,,,,,,,,,,,,,,,,,,,,,,,,,,,
39rfLr1Q2QmXnA58ShcAX2ngghmKZ6fGToBsug9Apump,FP1-RESEARCH-PROBE-MID-0001,2,1787071581851104,1787071582000000,0,41,40,2,0,WAITING_FOR_IMPULSE,EXPIRED,ENTRY_WINDOW_EXPIRED,True,,,,,,,,,,,,,,,,,,,,,,,,,,,,,,
C6UjUyxZhfF5qthtW3CY8twwzPFTHo9HbJyxqDjUS51,FP1-RESEARCH-PROBE-MID-0001,2,1787071581842103,1787071582000000,0,58,58,2,0,WAITING_FOR_IMPULSE,EXPIRED,ENTRY_WINDOW_EXPIRED,True,,,,,,,,,,,,,,,,,,,,,,,,,,,,,,
Cv1qtdH8k7RffqT984bhtrKCanX4hGYv7hi8VYHQpump,FP1-RESEARCH-PROBE-MID-0001,2,1787071567630430,1787071537000000,0,1,1,2,0,WAITING_FOR_IMPULSE,EXPIRED,ENTRY_WINDOW_EXPIRED,True,,,,,,,,,,,,,,,,,,,,,,,,,,,,,,
DwL8cmrjTuBbimA41La4WFrT4E5knooxPAT3eY8ypump,FP1-RESEARCH-PROBE-MID-0001,2,1787071561573443,1787071536000000,0,2,2,2,0,WAITING_FOR_IMPULSE,EXPIRED,ENTRY_WINDOW_EXPIRED,True,,,,,,,,,,,,,,,,,,,,,,,,,,,,,,
EUXkM5uEABWx49haAmUFNNZ6A8Xc4i9T6W7wx1WMpump,FP1-RESEARCH-PROBE-MID-0001,2,1787071561537442,1787071536000000,0,4,4,2,0,WAITING_FOR_IMPULSE,EXPIRED,ENTRY_WINDOW_EXPIRED,True,,,,,,,,,,,,,,,,,,,,,,,,,,,,,,
99A6C8TFffZ6JFwDV32ikEscQJh6D7MsfFokA91Vpump,FP1-RESEARCH-PROBE-MID-0001,2,1787071558938824,1787071536000000,0,6,6,2,0,WAITING_FOR_IMPULSE,EXPIRED,ENTRY_WINDOW_EXPIRED,True,,,,,,,,,,,,,,,,,,,,,,,,,,,,,,
7e2RGEgKhSwnVf9sXy2g8ocNkHdHnD39HgPnLA2nMXUb,FP1-RESEARCH-PROBE-MID-0001,2,1787071553255994,1787071536000000,0,2,2,2,0,WAITING_FOR_IMPULSE,EXPIRED,ENTRY_WINDOW_EXPIRED,True,,,,,,,,,,,,,,,,,,,,,,,,,,,,,,
365VBSYYqyWJesM4TNg6sXpw7y9dpB9naaHpV2Yxpump,FP1-RESEARCH-PROBE-MID-0001,2,1787071547669765,1787071535000000,0,2,2,2,0,WAITING_FOR_IMPULSE,EXPIRED,ENTRY_WINDOW_EXPIRED,True,,,,,,,,,,,,,,,,,,,,,,,,,,,,,,
9jdxtFML431gvbeFsPq3NNnYZfq2x2QdX5NEvkF1pump,FP1-RESEARCH-PROBE-MID-0001,2,1787071542109000,1787071535000000,0,11,11,5,0,PULLBACK_ACTIVE,EXPIRED,ENTRY_WINDOW_EXPIRED,True,2823,2050,4,4,4,4938271600,19429,2615,49930,47107,5151,5151,49930,,,,,,,,,,,,,,,,,
2LsVezXHQJR9HbDaCeokSW57N66H94tp77gdBKpApump,FP1-RESEARCH-PROBE-MID-0001,2,1787071539503731,1787071535000000,0,13,13,2,0,WAITING_FOR_IMPULSE,EXPIRED,ENTRY_WINDOW_EXPIRED,True,,,,,,,,,,,,,,,,,,,,,,,,,,,,,,
BwydP2DH2GF86ZTvoJmSeZVSC749XhLqJ2hHxTkTpump,FP1-RESEARCH-PROBE-MID-0001,2,1787071539501738,1787071535000000,0,2,2,2,0,WAITING_FOR_IMPULSE,EXPIRED,ENTRY_WINDOW_EXPIRED,True,,,,,,,,,,,,,,,,,,,,,,,,,,,,,,
Ds28H7uxUQw3XV8oJF96FxmaPumHqejK2orFtFuLpump,FP1-RESEARCH-PROBE-MID-0001,2,1787071539442736,1787071535000000,0,2,2,2,0,WAITING_FOR_IMPULSE,EXPIRED,ENTRY_WINDOW_EXPIRED,True,,,,,,,,,,,,,,,,,,,,,,,,,,,,,,
JBoXSmG68Sf1AakXMaLmFACdyRbzcVPivie4W8Lmpump,FP1-RESEARCH-PROBE-MID-0001,2,1787071535162799,1787071535000000,0,1,1,2,0,WAITING_FOR_IMPULSE,EXPIRED,ENTRY_WINDOW_EXPIRED,True,,,,,,,,,,,,,,,,,,,,,,,,,,,,,,
J3J3CENnWupvqYNu9mboc6ZnNxTpqokXcU3Vo5t3pump,FP1-RESEARCH-PROBE-MID-0001,2,1787071535158804,1787071535000000,0,28,28,2,0,WAITING_FOR_IMPULSE,EXPIRED,ENTRY_WINDOW_EXPIRED,True,,,,,,,,,,,,,,,,,,,,,,,,,,,,,,
rPJiZufxvY23Mh3xrckewVV5BoYdeJpsVpiuQDWpump,FP1-RESEARCH-PROBE-MID-0001,2,1787071535100803,1787071535000000,0,10,10,2,0,WAITING_FOR_IMPULSE,EXPIRED,ENTRY_WINDOW_EXPIRED,True,,,,,,,,,,,,,,,,,,,,,,,,,,,,,,
FwGSHzaNVeifteud9HyGmtJjzpJ9yRZnt5mXBg71pump,FP1-RESEARCH-PROBE-MID-0001,2,1787071526004179,1787071487000000,0,1,1,2,0,WAITING_FOR_IMPULSE,EXPIRED,ENTRY_WINDOW_EXPIRED,True,,,,,,,,,,,,,,,,,,,,,,,,,,,,,,
Cd11bKTP9qcPr7Pr3QBub8StvxA3UHctivGhGhZxpump,FP1-RESEARCH-PROBE-MID-0001,2,1787071512490628,1787071486000000,0,2,2,2,0,WAITING_FOR_IMPULSE,EXPIRED,ENTRY_WINDOW_EXPIRED,True,,,,,,,,,,,,,,,,,,,,,,,,,,,,,,
G5V7PZozQ77CXzhAGAaLPz8q7SHuKSWoh2QmSZeDafyR,FP1-RESEARCH-PROBE-MID-0001,2,1787071492833495,1787071485000000,0,10,10,4,0,WAITING_FOR_PULLBACK,EXPIRED,ENTRY_WINDOW_EXPIRED,True,16,1733,3,3,3,3430796756,54,1956,,,,,,,,,,,,,,,,,,,,,,
BPyXzP6WE796xCT3rvVtFNTL1AjLwFss5XQBQdRyxKP4,FP1-RESEARCH-PROBE-MID-0001,2,1787071490334605,1787071485000000,0,1,1,2,0,WAITING_FOR_IMPULSE,EXPIRED,ENTRY_WINDOW_EXPIRED,True,,,,,,,,,,,,,,,,,,,,,,,,,,,,,,
FyT7k6QJTotMyMDamWYTfgSgA7dTeRutVFFyEVpMPcGD,FP1-RESEARCH-PROBE-MID-0001,2,1787071490292506,1787071484000000,0,1,1,2,0,WAITING_FOR_IMPULSE,EXPIRED,ENTRY_WINDOW_EXPIRED,True,,,,,,,,,,,,,,,,,,,,,,,,,,,,,,
JC2AsYN4xTvqzkQRAW8D3v8uSBpk1J1aiSGAqREKpump,FP1-RESEARCH-PROBE-MID-0001,2,1787071487765503,1787071484000000,0,41,40,6,0,WAITING_FOR_RESPONSE,INVALIDATED,PULLBACK_TOO_DEEP,False,7,2147,3,3,3,22901691812,41075,4078,59984,59977,5438,6234,185047,,,,,,,,,,,,,,,,,
CdS5QqkbzPpZ17t7Z1xv9a6mVyuUNSFU331rQWPbpump,FP1-RESEARCH-PROBE-MID-0001,2,1787071484886159,1787071484000000,0,5,5,2,0,WAITING_FOR_IMPULSE,EXPIRED,ENTRY_WINDOW_EXPIRED,True,,,,,,,,,,,,,,,,,,,,,,,,,,,,,,
DqmCoj98v6ichdVTYeoZoXSX3d85HkDeV2gxVjAxpump,FP1-RESEARCH-PROBE-MID-0001,2,1787071484850159,1787071484000000,0,52,51,6,0,WAITING_FOR_RESPONSE,INVALIDATED,PULLBACK_TOO_DEEP,False,38680,1568,28,14,9,14065865368,41058,1846,51872,13192,3563,5760,166446,,,,,,,,,,,,,,,,,
G6CzwDuRer7JVRjT5okNLrx8gmvtd4HJcGEGKPCMpump,FP1-RESEARCH-PROBE-MID-0001,2,1787071484836155,1787071484000000,0,13,13,2,0,WAITING_FOR_IMPULSE,EXPIRED,ENTRY_WINDOW_EXPIRED,True,,,,,,,,,,,,,,,,,,,,,,,,,,,,,,
3EbmsFRaxwrqC4PB7SrT1wjvE64bbUsYj4dFNi4Wpump,FP1-RESEARCH-PROBE-MID-0001,2,1787071483983158,1787071484000000,0,36,36,2,0,WAITING_FOR_IMPULSE,EXPIRED,ENTRY_WINDOW_EXPIRED,True,,,,,,,,,,,,,,,,,,,,,,,,,,,,,,
28azdhuyttWsy1Cxdp1BLsMWU1YXan2BMjdQD7nPpump,FP1-RESEARCH-PROBE-MID-0001,2,1787071483951154,1787071484000000,0,24,14,6,0,WAITING_FOR_RESPONSE,INVALIDATED,PULLBACK_TOO_DEEP,False,11700,2841,5,4,1,32225500,11700,2841,28592,16892,3298,8677,52708,,,,,,,,,,,,,,,,,
6TBoYifkeUFiv3g8rFqHKJwGVtDkd99iuuzGLF9Xpump,FP1-RESEARCH-PROBE-MID-0001,2,1787071479784981,1787071438000000,0,1,1,2,0,WAITING_FOR_IMPULSE,EXPIRED,ENTRY_WINDOW_EXPIRED,True,,,,,,,,,,,,,,,,,,,,,,,,,,,,,,
GJnisvWUqQkryGd6aEu6AEu4jkwzod8Wp9UQ2tj8pump,FP1-RESEARCH-PROBE-MID-0001,2,1787071479783981,1787071438000000,0,1,1,2,0,WAITING_FOR_IMPULSE,EXPIRED,ENTRY_WINDOW_EXPIRED,True,,,,,,,,,,,,,,,,,,,,,,,,,,,,,,
BcT7yw2i9vsup8r1VQ1EwqyNHdjytB6qBtHqsuhnpump,FP1-RESEARCH-PROBE-MID-0001,2,1787071479782980,1787071438000000,0,1,1,2,0,WAITING_FOR_IMPULSE,EXPIRED,ENTRY_WINDOW_EXPIRED,True,,,,,,,,,,,,,,,,,,,,,,,,,,,,,,
EAPuNNJ8po1hsyVuJT4xEdHFEUXPBdGKujAWmFJXpump,FP1-RESEARCH-PROBE-MID-0001,2,1787071479723979,1787071438000000,0,1,1,2,0,WAITING_FOR_IMPULSE,EXPIRED,ENTRY_WINDOW_EXPIRED,True,,,,,,,,,,,,,,,,,,,,,,,,,,,,,,
B8FpNxdyjeGEDvMqsTYfwa6qfDZYSi3UMg5Q8UQ8pump,FP1-RESEARCH-PROBE-MID-0001,2,1787071477175857,1787071438000000,0,1,1,2,0,WAITING_FOR_IMPULSE,EXPIRED,ENTRY_WINDOW_EXPIRED,True,,,,,,,,,,,,,,,,,,,,,,,,,,,,,,
D7SnfVVuZRrjPXbms9ARxCwCforLyyq6xwjtjSKMpump,FP1-RESEARCH-PROBE-MID-0001,2,1787071477173856,1787071438000000,0,1,1,2,0,WAITING_FOR_IMPULSE,EXPIRED,ENTRY_WINDOW_EXPIRED,True,,,,,,,,,,,,,,,,,,,,,,,,,,,,,,
D3vwaQWvxe2Ljvor6o8d3LAimYoLEcd8MuweVYL3pump,FP1-RESEARCH-PROBE-MID-0001,2,1787071477172858,1787071438000000,0,1,1,2,0,WAITING_FOR_IMPULSE,EXPIRED,ENTRY_WINDOW_EXPIRED,True,,,,,,,,,,,,,,,,,,,,,,,,,,,,,,
J9TU2bUzc7ebXUGhKmJ3uUx39D6noFU6yZ7dEHMppump,FP1-RESEARCH-PROBE-MID-0001,2,1787071477170858,1787071438000000,0,1,1,2,0,WAITING_FOR_IMPULSE,EXPIRED,ENTRY_WINDOW_EXPIRED,True,,,,,,,,,,,,,,,,,,,,,,,,,,,,,,
9Hb4VN7bvpNeSF7vN1NzdvrLvPjMi4D92qHFkQFBpump,FP1-RESEARCH-PROBE-MID-0001,2,1787071477170858,1787071438000000,0,1,1,2,0,WAITING_FOR_IMPULSE,EXPIRED,ENTRY_WINDOW_EXPIRED,True,,,,,,,,,,,,,,,,,,,,,,,,,,,,,,
98eGRHg8KdJ2Mq5Tr8D6u6pv5GAgF3Lwx7HXNChvpump,FP1-RESEARCH-PROBE-MID-0001,2,1787071477169857,1787071438000000,0,1,1,2,0,WAITING_FOR_IMPULSE,EXPIRED,ENTRY_WINDOW_EXPIRED,True,,,,,,,,,,,,,,,,,,,,,,,,,,,,,,
4nVJM1A3JP4hfFG7HXA2DT1P9AMvrVxhftRwAMuNpump,FP1-RESEARCH-PROBE-MID-0001,2,1787071477168857,1787071438000000,0,1,1,2,0,WAITING_FOR_IMPULSE,EXPIRED,ENTRY_WINDOW_EXPIRED,True,,,,,,,,,,,,,,,,,,,,,,,,,,,,,,
DmbkLtQm298dCMiDKzrSXbM9YDPUPX71pYvVnpwzpump,FP1-RESEARCH-PROBE-MID-0001,2,1787071477166857,1787071438000000,0,1,1,2,0,WAITING_FOR_IMPULSE,EXPIRED,ENTRY_WINDOW_EXPIRED,True,,,,,,,,,,,,,,,,,,,,,,,,,,,,,,
32cEGVhsbJ7CuD5bKVNwHGKws9X7gxcqq2Ajz6xGpump,FP1-RESEARCH-PROBE-MID-0001,2,1787071477164859,1787071438000000,0,1,1,2,0,WAITING_FOR_IMPULSE,EXPIRED,ENTRY_WINDOW_EXPIRED,True,,,,,,,,,,,,,,,,,,,,,,,,,,,,,,
7x9WPrsMRptb5RfganLc11MGmegBk2DdXHjbghF5pump,FP1-RESEARCH-PROBE-MID-0001,2,1787071477163858,1787071438000000,0,1,1,2,0,WAITING_FOR_IMPULSE,EXPIRED,ENTRY_WINDOW_EXPIRED,True,,,,,,,,,,,,,,,,,,,,,,,,,,,,,,
H2whpWkGZBHb9DeKWPR925ohSmaRmG79dsAMqBS8pump,FP1-RESEARCH-PROBE-MID-0001,2,1787071477161856,1787071438000000,0,1,1,2,0,WAITING_FOR_IMPULSE,EXPIRED,ENTRY_WINDOW_EXPIRED,True,,,,,,,,,,,,,,,,,,,,,,,,,,,,,,
GCKiDwfa1GRqg5DdUxev6vyt6uAFxPGbBCr8xVD4pump,FP1-RESEARCH-PROBE-MID-0001,2,1787071477159858,1787071438000000,0,1,1,2,0,WAITING_FOR_IMPULSE,EXPIRED,ENTRY_WINDOW_EXPIRED,True,,,,,,,,,,,,,,,,,,,,,,,,,,,,,,
2u3pWR2uT7PDXtaEFBkuc6bZmwRhtAMCtj4qnafrpump,FP1-RESEARCH-PROBE-MID-0001,2,1787071477158856,1787071438000000,0,1,1,2,0,WAITING_FOR_IMPULSE,EXPIRED,ENTRY_WINDOW_EXPIRED,True,,,,,,,,,,,,,,,,,,,,,,,,,,,,,,
3rSDjFREMPPb5R6M9Nfyj1QudiGrUBuiU8QDsJs6pump,FP1-RESEARCH-PROBE-MID-0001,2,1787071477157859,1787071438000000,0,1,1,2,0,WAITING_FOR_IMPULSE,EXPIRED,ENTRY_WINDOW_EXPIRED,True,,,,,,,,,,,,,,,,,,,,,,,,,,,,,,
AruHvuTCnDCWc8VyXhKHT44EBxdXB6SqxAX1Mk9ipump,FP1-RESEARCH-PROBE-MID-0001,2,1787071477154856,1787071438000000,0,1,1,2,0,WAITING_FOR_IMPULSE,EXPIRED,ENTRY_WINDOW_EXPIRED,True,,,,,,,,,,,,,,,,,,,,,,,,,,,,,,
6uoZ8Gi5t5m3AdvZcZ7MNAzCPsh7RMnKFjCiNBe8pump,FP1-RESEARCH-PROBE-MID-0001,2,1787071477153858,1787071438000000,0,1,1,2,0,WAITING_FOR_IMPULSE,EXPIRED,ENTRY_WINDOW_EXPIRED,True,,,,,,,,,,,,,,,,,,,,,,,,,,,,,,
DgFRf36h37StqpsgSnKHANJ73HJf3CHjWyyDi6nKpump,FP1-RESEARCH-PROBE-MID-0001,2,1787071477150859,1787071438000000,0,1,1,2,0,WAITING_FOR_IMPULSE,EXPIRED,ENTRY_WINDOW_EXPIRED,True,,,,,,,,,,,,,,,,,,,,,,,,,,,,,,
8fTT4FE1VHXZDvPJQ16z2CXm1nBPt8XwhCtYR244pump,FP1-RESEARCH-PROBE-MID-0001,2,1787071477149863,1787071438000000,0,1,1,2,0,WAITING_FOR_IMPULSE,EXPIRED,ENTRY_WINDOW_EXPIRED,True,,,,,,,,,,,,,,,,,,,,,,,,,,,,,,
9LbAKZTnVB361pjkQDsjZ3JhQZqwhYZLfq79wrcFpump,FP1-RESEARCH-PROBE-MID-0001,2,1787071477149863,1787071438000000,0,1,1,2,0,WAITING_FOR_IMPULSE,EXPIRED,ENTRY_WINDOW_EXPIRED,True,,,,,,,,,,,,,,,,,,,,,,,,,,,,,,
2zzyz4jUfGLQzZ6CAHpUWSiNWjafDLdHdpBtqTmQpump,FP1-RESEARCH-PROBE-MID-0001,2,1787071477148858,1787071438000000,0,1,1,2,0,WAITING_FOR_IMPULSE,EXPIRED,ENTRY_WINDOW_EXPIRED,True,,,,,,,,,,,,,,,,,,,,,,,,,,,,,,
ALoRACVMd3KpJR3Qe6JFtsAYrFZSDYXqvikTumENpump,FP1-RESEARCH-PROBE-MID-0001,2,1787071477147857,1787071438000000,0,1,1,2,0,WAITING_FOR_IMPULSE,EXPIRED,ENTRY_WINDOW_EXPIRED,True,,,,,,,,,,,,,,,,,,,,,,,,,,,,,,
6HgTgcRtQKhggYMqFcnf8bX6zsb71Y764rs1bQsApump,FP1-RESEARCH-PROBE-MID-0001,2,1787071477145857,1787071438000000,0,1,1,2,0,WAITING_FOR_IMPULSE,EXPIRED,ENTRY_WINDOW_EXPIRED,True,,,,,,,,,,,,,,,,,,,,,,,,,,,,,,
BVbaTy8aT81VofNSxeviBN5pcfyv87AbL2isdVDupump,FP1-RESEARCH-PROBE-MID-0001,2,1787071477144857,1787071438000000,0,1,1,2,0,WAITING_FOR_IMPULSE,EXPIRED,ENTRY_WINDOW_EXPIRED,True,,,,,,,,,,,,,,,,,,,,,,,,,,,,,,
8iqxWps76QhLAixKv3b2ZLsxUatP2gHswLvxeSLopump,FP1-RESEARCH-PROBE-MID-0001,2,1787071477142856,1787071438000000,0,1,1,2,0,WAITING_FOR_IMPULSE,EXPIRED,ENTRY_WINDOW_EXPIRED,True,,,,,,,,,,,,,,,,,,,,,,,,,,,,,,
A3zgKhPmkgbMqGhnfv1ouJVCWBikc1qncTtSMr6gpump,FP1-RESEARCH-PROBE-MID-0001,2,1787071477133856,1787071438000000,0,1,1,2,0,WAITING_FOR_IMPULSE,EXPIRED,ENTRY_WINDOW_EXPIRED,True,,,,,,,,,,,,,,,,,,,,,,,,,,,,,,
FRRHgGg9KbLipMGE7xrChZDu26yWVb7Q5jFTV3nDpump,FP1-RESEARCH-PROBE-MID-0001,2,1787071477131858,1787071438000000,0,1,1,2,0,WAITING_FOR_IMPULSE,EXPIRED,ENTRY_WINDOW_EXPIRED,True,,,,,,,,,,,,,,,,,,,,,,,,,,,,,,
66YY3wbmZgVHkj5yMYWbJpEQCWkJGMxUMJZ4Y6Kjpump,FP1-RESEARCH-PROBE-MID-0001,2,1787071477121857,1787071437000000,0,1,1,2,0,WAITING_FOR_IMPULSE,EXPIRED,ENTRY_WINDOW_EXPIRED,True,,,,,,,,,,,,,,,,,,,,,,,,,,,,,,
H7xQ1DAqYdT9Yb9MF7FiqnKVcXYVupNTd9aWVnA7pump,FP1-RESEARCH-PROBE-MID-0001,2,1787071477119856,1787071437000000,0,1,1,2,0,WAITING_FOR_IMPULSE,EXPIRED,ENTRY_WINDOW_EXPIRED,True,,,,,,,,,,,,,,,,,,,,,,,,,,,,,,
EVXH6dEL1r7vM8K2fJcpH1AJaN4Y98KXBdpowKXZpump,FP1-RESEARCH-PROBE-MID-0001,2,1787071477118858,1787071437000000,0,1,1,2,0,WAITING_FOR_IMPULSE,EXPIRED,ENTRY_WINDOW_EXPIRED,True,,,,,,,,,,,,,,,,,,,,,,,,,,,,,,
Fqwc2hQK2d2T324FgSKEB5DLkJqCcWnSxMsJfjRnpump,FP1-RESEARCH-PROBE-MID-0001,2,1787071477117858,1787071437000000,0,1,1,2,0,WAITING_FOR_IMPULSE,EXPIRED,ENTRY_WINDOW_EXPIRED,True,,,,,,,,,,,,,,,,,,,,,,,,,,,,,,
5LocChriyyBQETQepYXF1RGevzB1VkptjR3MHkQ5pump,FP1-RESEARCH-PROBE-MID-0001,2,1787071477117858,1787071437000000,0,1,1,2,0,WAITING_FOR_IMPULSE,EXPIRED,ENTRY_WINDOW_EXPIRED,True,,,,,,,,,,,,,,,,,,,,,,,,,,,,,,
6U9dZDScmJKof73vWypkmSN2VwrbtzKQBxynJBFnpump,FP1-RESEARCH-PROBE-MID-0001,2,1787071477115856,1787071437000000,0,1,1,2,0,WAITING_FOR_IMPULSE,EXPIRED,ENTRY_WINDOW_EXPIRED,True,,,,,,,,,,,,,,,,,,,,,,,,,,,,,,
AK524wA1KNQABS1acKfnt4WXCo7MmVFVKAsayTjmpump,FP1-RESEARCH-PROBE-MID-0001,2,1787071474459796,1787071437000000,0,1,1,2,0,WAITING_FOR_IMPULSE,EXPIRED,ENTRY_WINDOW_EXPIRED,True,,,,,,,,,,,,,,,,,,,,,,,,,,,,,,
DYW4xHVbRe4c7wcPkkpZ82djtbpCGVWm5hBnEJYNpump,FP1-RESEARCH-PROBE-MID-0001,2,1787071474459796,1787071437000000,0,1,1,2,0,WAITING_FOR_IMPULSE,EXPIRED,ENTRY_WINDOW_EXPIRED,True,,,,,,,,,,,,,,,,,,,,,,,,,,,,,,
EB839eMDXPdTgvSJDV73qZc4iAqCpPfFrdjk22y1pump,FP1-RESEARCH-PROBE-MID-0001,2,1787071474458796,1787071437000000,0,1,1,2,0,WAITING_FOR_IMPULSE,EXPIRED,ENTRY_WINDOW_EXPIRED,True,,,,,,,,,,,,,,,,,,,,,,,,,,,,,,
2p2Xkgpgnpvnwin2JkVEUqRpuWwhrtxwLxrbyzSHpump,FP1-RESEARCH-PROBE-MID-0001,2,1787071474454793,1787071437000000,0,1,1,2,0,WAITING_FOR_IMPULSE,EXPIRED,ENTRY_WINDOW_EXPIRED,True,,,,,,,,,,,,,,,,,,,,,,,,,,,,,,
C1dh7hdX1QL8BigvMgcoY3pjjriUvCDvEUDE91e2pump,FP1-RESEARCH-PROBE-MID-0001,2,1787071474453793,1787071437000000,0,1,1,2,0,WAITING_FOR_IMPULSE,EXPIRED,ENTRY_WINDOW_EXPIRED,True,,,,,,,,,,,,,,,,,,,,,,,,,,,,,,
2JQC3ic6D4f3bxxUZX3F6YLXoupDEb6bGvPcQvaDpump,FP1-RESEARCH-PROBE-MID-0001,2,1787071474452792,1787071437000000,0,1,1,2,0,WAITING_FOR_IMPULSE,EXPIRED,ENTRY_WINDOW_EXPIRED,True,,,,,,,,,,,,,,,,,,,,,,,,,,,,,,
Eu28ALFQrnbSb2qBTvV4B9b3UsrPivKviVvSdmkmpump,FP1-RESEARCH-PROBE-MID-0001,2,1787071474450792,1787071437000000,0,1,1,2,0,WAITING_FOR_IMPULSE,EXPIRED,ENTRY_WINDOW_EXPIRED,True,,,,,,,,,,,,,,,,,,,,,,,,,,,,,,
4ALTMDtBJ3Fe8UU9ao8mXb4izxqo8Tq1QYpMDeGZpump,FP1-RESEARCH-PROBE-MID-0001,2,1787071474449794,1787071437000000,0,1,1,2,0,WAITING_FOR_IMPULSE,EXPIRED,ENTRY_WINDOW_EXPIRED,True,,,,,,,,,,,,,,,,,,,,,,,,,,,,,,
8HDTk46ZC4YaauF7JoRGosRxgFMaJ2BXMBC7nmGRpump,FP1-RESEARCH-PROBE-MID-0001,2,1787071474447791,1787071437000000,0,1,1,2,0,WAITING_FOR_IMPULSE,EXPIRED,ENTRY_WINDOW_EXPIRED,True,,,,,,,,,,,,,,,,,,,,,,,,,,,,,,
9FHb6WtKT6xrC1ksjgkBeC81P8hNHVrMaLA4mbNKpump,FP1-RESEARCH-PROBE-MID-0001,2,1787071474446793,1787071437000000,0,1,1,2,0,WAITING_FOR_IMPULSE,EXPIRED,ENTRY_WINDOW_EXPIRED,True,,,,,,,,,,,,,,,,,,,,,,,,,,,,,,
3j6VSKQH5o8rjXBvuRmC97a7wyPQznH8h23dmmaEpump,FP1-RESEARCH-PROBE-MID-0001,2,1787071474445792,1787071437000000,0,1,1,2,0,WAITING_FOR_IMPULSE,EXPIRED,ENTRY_WINDOW_EXPIRED,True,,,,,,,,,,,,,,,,,,,,,,,,,,,,,,
CThQmfpdAvTzimjbs7MnsSQJKVhv6oQXZbrneWcEpump,FP1-RESEARCH-PROBE-MID-0001,2,1787071474444792,1787071437000000,0,1,1,2,0,WAITING_FOR_IMPULSE,EXPIRED,ENTRY_WINDOW_EXPIRED,True,,,,,,,,,,,,,,,,,,,,,,,,,,,,,,
FtMyUinSqkzi8pTEBFS8qCe9HFKbNCvXm6J6QQZWpump,FP1-RESEARCH-PROBE-MID-0001,2,1787071474442796,1787071437000000,0,1,1,2,0,WAITING_FOR_IMPULSE,EXPIRED,ENTRY_WINDOW_EXPIRED,True,,,,,,,,,,,,,,,,,,,,,,,,,,,,,,
4HU3ctGds7h4PQUjvtBxbPaqJoZQVqvUS4fVgABqpump,FP1-RESEARCH-PROBE-MID-0001,2,1787071474441792,1787071437000000,0,1,1,2,0,WAITING_FOR_IMPULSE,EXPIRED,ENTRY_WINDOW_EXPIRED,True,,,,,,,,,,,,,,,,,,,,,,,,,,,,,,
BLbLqcnkX1gP1JcN2uXFK3zJWVxSocfb7oP5C7rFpump,FP1-RESEARCH-PROBE-MID-0001,2,1787071474439791,1787071437000000,0,1,1,2,0,WAITING_FOR_IMPULSE,EXPIRED,ENTRY_WINDOW_EXPIRED,True,,,,,,,,,,,,,,,,,,,,,,,,,,,,,,
4LYSQRbcjAa7WhttK5KQtbdZBona993NFG6W2NmNpump,FP1-RESEARCH-PROBE-MID-0001,2,1787071474437795,1787071437000000,0,1,1,2,0,WAITING_FOR_IMPULSE,EXPIRED,ENTRY_WINDOW_EXPIRED,True,,,,,,,,,,,,,,,,,,,,,,,,,,,,,,
9rxXcZYZN5p8JD1QuDqcPzTiHKD8S74LNoQp211bpump,FP1-RESEARCH-PROBE-MID-0001,2,1787071474436791,1787071437000000,0,1,1,2,0,WAITING_FOR_IMPULSE,EXPIRED,ENTRY_WINDOW_EXPIRED,True,,,,,,,,,,,,,,,,,,,,,,,,,,,,,,
C8wcTHeiCWCnwcxBZci8KnGKoUy1WmfZ1EvxHJompump,FP1-RESEARCH-PROBE-MID-0001,2,1787071474434793,1787071437000000,0,1,1,2,0,WAITING_FOR_IMPULSE,EXPIRED,ENTRY_WINDOW_EXPIRED,True,,,,,,,,,,,,,,,,,,,,,,,,,,,,,,
BVMWszp4v4XjVKbdJgSpAHbtBbJu8k7sa2NTXgCupump,FP1-RESEARCH-PROBE-MID-0001,2,1787071474433791,1787071437000000,0,1,1,2,0,WAITING_FOR_IMPULSE,EXPIRED,ENTRY_WINDOW_EXPIRED,True,,,,,,,,,,,,,,,,,,,,,,,,,,,,,,
5zDo9sqwLvJPaHZYFogaUmdf7JtZ7KjT2iKmfxjopump,FP1-RESEARCH-PROBE-MID-0001,2,1787071474431792,1787071437000000,0,1,1,2,0,WAITING_FOR_IMPULSE,EXPIRED,ENTRY_WINDOW_EXPIRED,True,,,,,,,,,,,,,,,,,,,,,,,,,,,,,,
9oGhrbZywdcKa17R33QbjUiRspVr1q1bXontZ5Lapump,FP1-RESEARCH-PROBE-MID-0001,2,1787071474429791,1787071437000000,0,1,1,2,0,WAITING_FOR_IMPULSE,EXPIRED,ENTRY_WINDOW_EXPIRED,True,,,,,,,,,,,,,,,,,,,,,,,,,,,,,,
CtgX76Nz9eYShysWewBnFvRBA5UMw7bk8zpKZcSEpump,FP1-RESEARCH-PROBE-MID-0001,2,1787071474428795,1787071437000000,0,1,1,2,0,WAITING_FOR_IMPULSE,EXPIRED,ENTRY_WINDOW_EXPIRED,True,,,,,,,,,,,,,,,,,,,,,,,,,,,,,,
36q9oHm1QYaiJbFGZHL4HaDRBzg3Ys9Z1Uou1Tqzpump,FP1-RESEARCH-PROBE-MID-0001,2,1787071474427793,1787071437000000,0,1,1,2,0,WAITING_FOR_IMPULSE,EXPIRED,ENTRY_WINDOW_EXPIRED,True,,,,,,,,,,,,,,,,,,,,,,,,,,,,,,
B74C6sghBbSJgcpZxfaoryU5NzcvZXqp4UjJZ9Dppump,FP1-RESEARCH-PROBE-MID-0001,2,1787071474424793,1787071437000000,0,1,1,2,0,WAITING_FOR_IMPULSE,EXPIRED,ENTRY_WINDOW_EXPIRED,True,,,,,,,,,,,,,,,,,,,,,,,,,,,,,,
9T8QP3Jk4ZQLTTet8UQXkhtysw7bNod3rrcbyvjxpump,FP1-RESEARCH-PROBE-MID-0001,2,1787071474423795,1787071437000000,0,1,1,2,0,WAITING_FOR_IMPULSE,EXPIRED,ENTRY_WINDOW_EXPIRED,True,,,,,,,,,,,,,,,,,,,,,,,,,,,,,,
3JF2Ph2wBttbhL25q29LqjTDQPc8tyV8jfE9iBYVpump,FP1-RESEARCH-PROBE-MID-0001,2,1787071474422792,1787071437000000,0,1,1,2,0,WAITING_FOR_IMPULSE,EXPIRED,ENTRY_WINDOW_EXPIRED,True,,,,,,,,,,,,,,,,,,,,,,,,,,,,,,
3Ts5EUgxWsYnsgjQrFkarumd1pSk6ytu3rXyZCtUpump,FP1-RESEARCH-PROBE-MID-0001,2,1787071474414792,1787071437000000,0,1,1,2,0,WAITING_FOR_IMPULSE,EXPIRED,ENTRY_WINDOW_EXPIRED,True,,,,,,,,,,,,,,,,,,,,,,,,,,,,,,
GiELJxLUL88GGukAcQoTV8iErp533toFfpBVdevMpump,FP1-RESEARCH-PROBE-MID-0001,2,1787071471834475,1787071437000000,0,2,2,2,0,WAITING_FOR_IMPULSE,EXPIRED,ENTRY_WINDOW_EXPIRED,True,,,,,,,,,,,,,,,,,,,,,,,,,,,,,,
9KvQaVokqD2YHLT1dtzT5jF5B7bLvVNdKnWtuP8Apump,FP1-RESEARCH-PROBE-MID-0001,2,1787071471828476,1787071437000000,0,1,1,2,0,WAITING_FOR_IMPULSE,EXPIRED,ENTRY_WINDOW_EXPIRED,True,,,,,,,,,,,,,,,,,,,,,,,,,,,,,,
BXofeKqWdzMtcrFt7rNRKFfiEsdX3PW4jfoW8xcTpump,FP1-RESEARCH-PROBE-MID-0001,2,1787071471825475,1787071437000000,0,1,1,2,0,WAITING_FOR_IMPULSE,EXPIRED,ENTRY_WINDOW_EXPIRED,True,,,,,,,,,,,,,,,,,,,,,,,,,,,,,,
6A9e85xYAuon93FSNwfWMR4TLQPtSNCR9pcb6bonpump,FP1-RESEARCH-PROBE-MID-0001,2,1787071471824478,1787071437000000,0,1,1,2,0,WAITING_FOR_IMPULSE,EXPIRED,ENTRY_WINDOW_EXPIRED,True,,,,,,,,,,,,,,,,,,,,,,,,,,,,,,
D7Yamzjb2S6ujP13tAFH4C15VLYgUBt9jTD6We85pump,FP1-RESEARCH-PROBE-MID-0001,2,1787071471821483,1787071437000000,0,1,1,2,0,WAITING_FOR_IMPULSE,EXPIRED,ENTRY_WINDOW_EXPIRED,True,,,,,,,,,,,,,,,,,,,,,,,,,,,,,,
GFHnc3qXMchXye1FHuqhve4qTVakV8AwHsegmJfppump,FP1-RESEARCH-PROBE-MID-0001,2,1787071471815474,1787071437000000,0,1,1,2,0,WAITING_FOR_IMPULSE,EXPIRED,ENTRY_WINDOW_EXPIRED,True,,,,,,,,,,,,,,,,,,,,,,,,,,,,,,
2ZJdKnQUuKBtVir6nJ8nim78Pk83niEPWjbmq1oBpump,FP1-RESEARCH-PROBE-MID-0001,2,1787071471815474,1787071437000000,0,1,1,2,0,WAITING_FOR_IMPULSE,EXPIRED,ENTRY_WINDOW_EXPIRED,True,,,,,,,,,,,,,,,,,,,,,,,,,,,,,,
5vHCBdd5XTbH9ko2JQMyMtq1WxwDW1iDUHBMP4XSpump,FP1-RESEARCH-PROBE-MID-0001,2,1787071471813476,1787071437000000,0,1,1,2,0,WAITING_FOR_IMPULSE,EXPIRED,ENTRY_WINDOW_EXPIRED,True,,,,,,,,,,,,,,,,,,,,,,,,,,,,,,
DL4LWQ51BdgbK46K4voDhFxZ4eXrJ5T7ApWDnR9cpump,FP1-RESEARCH-PROBE-MID-0001,2,1787071471812480,1787071437000000,0,1,1,2,0,WAITING_FOR_IMPULSE,EXPIRED,ENTRY_WINDOW_EXPIRED,True,,,,,,,,,,,,,,,,,,,,,,,,,,,,,,
8zmsUTVT9axYkvAVmJV7R3psRXEfUB569KztXDuVpump,FP1-RESEARCH-PROBE-MID-0001,2,1787071471811475,1787071437000000,0,1,1,2,0,WAITING_FOR_IMPULSE,EXPIRED,ENTRY_WINDOW_EXPIRED,True,,,,,,,,,,,,,,,,,,,,,,,,,,,,,,
78d8wNsjVsSqFZz6N4Y3eLs9qb2kNFku4gaaAvDGpump,FP1-RESEARCH-PROBE-MID-0001,2,1787071471810475,1787071437000000,0,1,1,2,0,WAITING_FOR_IMPULSE,EXPIRED,ENTRY_WINDOW_EXPIRED,True,,,,,,,,,,,,,,,,,,,,,,,,,,,,,,
BBDBeTacV7yVotQbxBhD8XqRUDo5Wj6LiH4Uvquhpump,FP1-RESEARCH-PROBE-MID-0001,2,1787071471808476,1787071437000000,0,1,1,2,0,WAITING_FOR_IMPULSE,EXPIRED,ENTRY_WINDOW_EXPIRED,True,,,,,,,,,,,,,,,,,,,,,,,,,,,,,,
Ao2VTkk453E4vvei13zWLBbGXivaboEEPNNfJQmZpump,FP1-RESEARCH-PROBE-MID-0001,2,1787071471807475,1787071437000000,0,1,1,2,0,WAITING_FOR_IMPULSE,EXPIRED,ENTRY_WINDOW_EXPIRED,True,,,,,,,,,,,,,,,,,,,,,,,,,,,,,,
GDZgZchNFFhTaUteLt3PgDVb9XAiTg6hyxBEuSn4pump,FP1-RESEARCH-PROBE-MID-0001,2,1787071471805477,1787071437000000,0,1,1,2,0,WAITING_FOR_IMPULSE,EXPIRED,ENTRY_WINDOW_EXPIRED,True,,,,,,,,,,,,,,,,,,,,,,,,,,,,,,
3hjwopu5nYo7PoDzrN4oD37bNJtKEZseo2P2HVMjpump,FP1-RESEARCH-PROBE-MID-0001,2,1787071471803480,1787071437000000,0,1,1,2,0,WAITING_FOR_IMPULSE,EXPIRED,ENTRY_WINDOW_EXPIRED,True,,,,,,,,,,,,,,,,,,,,,,,,,,,,,,
BB16FxLnHbcUJvVCft2wvQSZua5krZsqraRKYecppump,FP1-RESEARCH-PROBE-MID-0001,2,1787071471802476,1787071437000000,0,1,1,2,0,WAITING_FOR_IMPULSE,EXPIRED,ENTRY_WINDOW_EXPIRED,True,,,,,,,,,,,,,,,,,,,,,,,,,,,,,,
6zrMfbiPEPRmnbzmAq4EspsZmzVKDkCdZTS6ScFQpump,FP1-RESEARCH-PROBE-MID-0001,2,1787071471802476,1787071437000000,0,1,1,2,0,WAITING_FOR_IMPULSE,EXPIRED,ENTRY_WINDOW_EXPIRED,True,,,,,,,,,,,,,,,,,,,,,,,,,,,,,,
DDnqEBoaEJTKqvXCCfxoD6iTLNwu4f2MWRjYmGB2pump,FP1-RESEARCH-PROBE-MID-0001,2,1787071471801475,1787071437000000,0,1,1,2,0,WAITING_FOR_IMPULSE,EXPIRED,ENTRY_WINDOW_EXPIRED,True,,,,,,,,,,,,,,,,,,,,,,,,,,,,,,
Bx7RNf1xJm4v4SpXuaKA6h61FMYBfUwsTp1oS7R4pump,FP1-RESEARCH-PROBE-MID-0001,2,1787071471800482,1787071437000000,0,1,1,2,0,WAITING_FOR_IMPULSE,EXPIRED,ENTRY_WINDOW_EXPIRED,True,,,,,,,,,,,,,,,,,,,,,,,,,,,,,,
Gnx2qmY6J7ZvBELPXchqX6duQzneEcRLYZDGUCzZpump,FP1-RESEARCH-PROBE-MID-0001,2,1787071471799475,1787071437000000,0,1,1,2,0,WAITING_FOR_IMPULSE,EXPIRED,ENTRY_WINDOW_EXPIRED,True,,,,,,,,,,,,,,,,,,,,,,,,,,,,,,
6CmhHYzL2grKmU1Ea5tCVNHPKW8gh3gtthuzTUbxpump,FP1-RESEARCH-PROBE-MID-0001,2,1787071471783475,1787071437000000,0,1,1,2,0,WAITING_FOR_IMPULSE,EXPIRED,ENTRY_WINDOW_EXPIRED,True,,,,,,,,,,,,,,,,,,,,,,,,,,,,,,
3nZMXHrRBXRwiQYKjkzZxCMy7fEtTTXNS77H2b3Tpump,FP1-RESEARCH-PROBE-MID-0001,2,1787071469813387,1787071437000000,0,1,1,2,0,WAITING_FOR_IMPULSE,EXPIRED,ENTRY_WINDOW_EXPIRED,True,,,,,,,,,,,,,,,,,,,,,,,,,,,,,,
Bu1NyoLKCUu7RGiRrPD8PGQLTdo6UucUx1UZ6B4apump,FP1-RESEARCH-PROBE-MID-0001,2,1787071469813387,1787071437000000,0,1,1,2,0,WAITING_FOR_IMPULSE,EXPIRED,ENTRY_WINDOW_EXPIRED,True,,,,,,,,,,,,,,,,,,,,,,,,,,,,,,
8frk6YfiZK7TzNGFr672ZqNHpiyUbY6VaKJJ1ZRypump,FP1-RESEARCH-PROBE-MID-0001,2,1787071469812386,1787071437000000,0,1,1,2,0,WAITING_FOR_IMPULSE,EXPIRED,ENTRY_WINDOW_EXPIRED,True,,,,,,,,,,,,,,,,,,,,,,,,,,,,,,
9LnTX3xyKsFL9eqrPUnab2Bazpp1gxizEpvwcFewpump,FP1-RESEARCH-PROBE-MID-0001,2,1787071469811389,1787071437000000,0,1,1,2,0,WAITING_FOR_IMPULSE,EXPIRED,ENTRY_WINDOW_EXPIRED,True,,,,,,,,,,,,,,,,,,,,,,,,,,,,,,
HCjYLf3pWrwCb4i4y9nwgK4xem3AFEGj4aYE4HmApump,FP1-RESEARCH-PROBE-MID-0001,2,1787071469810386,1787071437000000,0,1,1,2,0,WAITING_FOR_IMPULSE,EXPIRED,ENTRY_WINDOW_EXPIRED,True,,,,,,,,,,,,,,,,,,,,,,,,,,,,,,
78fMNvqJ9pnpceYqrE6Cf7qyWefpcXjmtTcpW4iwpump,FP1-RESEARCH-PROBE-MID-0001,2,1787071469803386,1787071437000000,0,1,1,2,0,WAITING_FOR_IMPULSE,EXPIRED,ENTRY_WINDOW_EXPIRED,True,,,,,,,,,,,,,,,,,,,,,,,,,,,,,,
FjxKj672inUk8ZkBxhxUVMgWQvs3grHCqNk5gWhRpump,FP1-RESEARCH-PROBE-MID-0001,2,1787071469802388,1787071437000000,0,1,1,2,0,WAITING_FOR_IMPULSE,EXPIRED,ENTRY_WINDOW_EXPIRED,True,,,,,,,,,,,,,,,,,,,,,,,,,,,,,,
9QQeuAcr6Aw3wkBtpSpgPDRd6LvVcuCqqXWR3UGfpump,FP1-RESEARCH-PROBE-MID-0001,2,1787071469800387,1787071437000000,0,1,1,2,0,WAITING_FOR_IMPULSE,EXPIRED,ENTRY_WINDOW_EXPIRED,True,,,,,,,,,,,,,,,,,,,,,,,,,,,,,,
E5jGnQhacL5pK2N2sXU7mpUCm6Aa3mqi5X6bWaS1pump,FP1-RESEARCH-PROBE-MID-0001,2,1787071469799386,1787071437000000,0,1,1,2,0,WAITING_FOR_IMPULSE,EXPIRED,ENTRY_WINDOW_EXPIRED,True,,,,,,,,,,,,,,,,,,,,,,,,,,,,,,
HpNUbhYNJVJtqrXhiSFnFniC6jNpp4z1oyEcCDwjpump,FP1-RESEARCH-PROBE-MID-0001,2,1787071469796387,1787071437000000,0,1,1,2,0,WAITING_FOR_IMPULSE,EXPIRED,ENTRY_WINDOW_EXPIRED,True,,,,,,,,,,,,,,,,,,,,,,,,,,,,,,
5RKVXkLNnx3ZtiRToYhqQk9DeTX5LSotJb8J29g9pump,FP1-RESEARCH-PROBE-MID-0001,2,1787071469794387,1787071437000000,0,1,1,2,0,WAITING_FOR_IMPULSE,EXPIRED,ENTRY_WINDOW_EXPIRED,True,,,,,,,,,,,,,,,,,,,,,,,,,,,,,,
6xh7h93XbE3qYa5xhSpBjMBpBJHj98Eb9dnePsTpump,FP1-RESEARCH-PROBE-MID-0001,2,1787071469793389,1787071437000000,0,1,1,2,0,WAITING_FOR_IMPULSE,EXPIRED,ENTRY_WINDOW_EXPIRED,True,,,,,,,,,,,,,,,,,,,,,,,,,,,,,,
DmTCZjpe6fgWWUpT57VX7XiLXcDXLwYAjFdZisSppump,FP1-RESEARCH-PROBE-MID-0001,2,1787071469792394,1787071437000000,0,1,1,2,0,WAITING_FOR_IMPULSE,EXPIRED,ENTRY_WINDOW_EXPIRED,True,,,,,,,,,,,,,,,,,,,,,,,,,,,,,,
GHp5tD78psQ5MvPV3vUkh1zsaHv8WcS1eRfqxHYopump,FP1-RESEARCH-PROBE-MID-0001,2,1787071469791392,1787071437000000,0,1,1,2,0,WAITING_FOR_IMPULSE,EXPIRED,ENTRY_WINDOW_EXPIRED,True,,,,,,,,,,,,,,,,,,,,,,,,,,,,,,
GGJvdihsGQ4Sr983L9RyriBcw1eCYbWeTyFhhk4gpump,FP1-RESEARCH-PROBE-MID-0001,2,1787071469789392,1787071437000000,0,1,1,2,0,WAITING_FOR_IMPULSE,EXPIRED,ENTRY_WINDOW_EXPIRED,True,,,,,,,,,,,,,,,,,,,,,,,,,,,,,,
A1c7iVuiTbPdtRX3Jk64pJTwdHbnarvjRmfX7xBRpump,FP1-RESEARCH-PROBE-MID-0001,2,1787071469788388,1787071437000000,0,1,1,2,0,WAITING_FOR_IMPULSE,EXPIRED,ENTRY_WINDOW_EXPIRED,True,,,,,,,,,,,,,,,,,,,,,,,,,,,,,,
8iQoNcNdr9gRzhXriVgxgfbgu8G8vSJABzbN4iYNpump,FP1-RESEARCH-PROBE-MID-0001,2,1787071469787391,1787071437000000,0,1,1,2,0,WAITING_FOR_IMPULSE,EXPIRED,ENTRY_WINDOW_EXPIRED,True,,,,,,,,,,,,,,,,,,,,,,,,,,,,,,
GrXoSkwF5RRncT3fgTChVr1xxKmcKoQc28GArYoUpump,FP1-RESEARCH-PROBE-MID-0001,2,1787071469786391,1787071437000000,0,1,1,2,0,WAITING_FOR_IMPULSE,EXPIRED,ENTRY_WINDOW_EXPIRED,True,,,,,,,,,,,,,,,,,,,,,,,,,,,,,,
GPrHt4RcLreTiZKG6tAKu9xLmLhiCgNwvDSBV8B4pump,FP1-RESEARCH-PROBE-MID-0001,2,1787071469784388,1787071437000000,0,1,1,2,0,WAITING_FOR_IMPULSE,EXPIRED,ENTRY_WINDOW_EXPIRED,True,,,,,,,,,,,,,,,,,,,,,,,,,,,,,,
39Ja8BcJ8ECRwYvLQ9UStGYRfu4KidwK46asWUJrpump,FP1-RESEARCH-PROBE-MID-0001,2,1787071469782387,1787071437000000,0,1,1,2,0,WAITING_FOR_IMPULSE,EXPIRED,ENTRY_WINDOW_EXPIRED,True,,,,,,,,,,,,,,,,,,,,,,,,,,,,,,
FrPqGhJnSsFxg7M2QWqBuCNFmY6EL9DmsqtG41xRpump,FP1-RESEARCH-PROBE-MID-0001,2,1787071469781391,1787071437000000,0,1,1,2,0,WAITING_FOR_IMPULSE,EXPIRED,ENTRY_WINDOW_EXPIRED,True,,,,,,,,,,,,,,,,,,,,,,,,,,,,,,
3X68mvYKML6DesvyDdtUWLFqSzKh7P9F5FLEH16npump,FP1-RESEARCH-PROBE-MID-0001,2,1787071469780387,1787071437000000,0,1,1,2,0,WAITING_FOR_IMPULSE,EXPIRED,ENTRY_WINDOW_EXPIRED,True,,,,,,,,,,,,,,,,,,,,,,,,,,,,,,
941zwwASB1h7cqkGCZGYW2F7YQ1s2Gh3rszjKrtPpump,FP1-RESEARCH-PROBE-MID-0001,1,1787071469779387,1787071437000000,0,1,1,2,0,WAITING_FOR_IMPULSE,EXPIRED,ENTRY_WINDOW_EXPIRED,True,,,,,,,,,,,,,,,,,,,,,,,,,,,,,,
EdQjec1qKkTPZynbJeVih5RrYaGHyA3kt9FxHpjhpump,FP1-RESEARCH-PROBE-MID-0001,1,1787071469775387,1787071437000000,0,1,1,2,0,WAITING_FOR_IMPULSE,EXPIRED,ENTRY_WINDOW_EXPIRED,True,,,,,,,,,,,,,,,,,,,,,,,,,,,,,,
3fkkuwz2HGpnfmRkadpB31nxyV51YXRahYa7MnrApump,FP1-RESEARCH-PROBE-MID-0001,1,1787071469774386,1787071437000000,0,1,1,2,0,WAITING_FOR_IMPULSE,EXPIRED,ENTRY_WINDOW_EXPIRED,True,,,,,,,,,,,,,,,,,,,,,,,,,,,,,,
13QJLENJbotaW1oS5WoVrMSC7r3AZiJkMWixQLKhpump,FP1-RESEARCH-PROBE-MID-0001,1,1787071467124500,1787071437000000,0,1,1,2,0,WAITING_FOR_IMPULSE,EXPIRED,ENTRY_WINDOW_EXPIRED,True,,,,,,,,,,,,,,,,,,,,,,,,,,,,,,
4Zuwt38qbCSHwhnQoJmLj6RLLmxVYMwQjfD8Fv7Mpump,FP1-RESEARCH-PROBE-MID-0001,1,1787071467120500,1787071437000000,0,1,1,2,0,WAITING_FOR_IMPULSE,EXPIRED,ENTRY_WINDOW_EXPIRED,True,,,,,,,,,,,,,,,,,,,,,,,,,,,,,,
CrLGZLEK8oKK3RkezD8NFzdeGN5YT24sSvxmJ4dYpump,FP1-RESEARCH-PROBE-MID-0001,1,1787071467119501,1787071437000000,0,1,1,2,0,WAITING_FOR_IMPULSE,EXPIRED,ENTRY_WINDOW_EXPIRED,True,,,,,,,,,,,,,,,,,,,,,,,,,,,,,,
8MJJGM7VEdNUZTKxT2xdSf5uMKRxYLLg26bhDTKEpump,FP1-RESEARCH-PROBE-MID-0001,1,1787071467118501,1787071437000000,0,1,1,2,0,WAITING_FOR_IMPULSE,EXPIRED,ENTRY_WINDOW_EXPIRED,True,,,,,,,,,,,,,,,,,,,,,,,,,,,,,,
3J6jq1k1BcJT3BgsVpCh836umbeakxnACToywpC1pump,FP1-RESEARCH-PROBE-MID-0001,1,1787071467117502,1787071437000000,0,1,1,2,0,WAITING_FOR_IMPULSE,EXPIRED,ENTRY_WINDOW_EXPIRED,True,,,,,,,,,,,,,,,,,,,,,,,,,,,,,,
UBQjCDDtpWL5nY46aR911XQ2fRwRwCgUfw8nBncpump,FP1-RESEARCH-PROBE-MID-0001,1,1787071467116501,1787071437000000,0,1,1,2,0,WAITING_FOR_IMPULSE,EXPIRED,ENTRY_WINDOW_EXPIRED,True,,,,,,,,,,,,,,,,,,,,,,,,,,,,,,
4bEy3XWdyzrER1R4aiCxeD3SRx1EoH1Gwru9wa99pump,FP1-RESEARCH-PROBE-MID-0001,1,1787071467115500,1787071437000000,0,1,1,2,0,WAITING_FOR_IMPULSE,EXPIRED,ENTRY_WINDOW_EXPIRED,True,,,,,,,,,,,,,,,,,,,,,,,,,,,,,,
6idpSqP5DhC2sRTSJHMhCEuPHSt1ysm4JNtLBoiTpump,FP1-RESEARCH-PROBE-MID-0001,1,1787071467111500,1787071437000000,0,1,1,2,0,WAITING_FOR_IMPULSE,EXPIRED,ENTRY_WINDOW_EXPIRED,True,,,,,,,,,,,,,,,,,,,,,,,,,,,,,,
5JavAQr2RviPSDTB7TZLv7UEVNYbErQZ1WSGBZLHpump,FP1-RESEARCH-PROBE-MID-0001,1,1787071467110500,1787071437000000,0,1,1,2,0,WAITING_FOR_IMPULSE,EXPIRED,ENTRY_WINDOW_EXPIRED,True,,,,,,,,,,,,,,,,,,,,,,,,,,,,,,
8ogYzkMTJtt9SH27zDnY8Zyonzyof31E3zkwbjBCpump,FP1-RESEARCH-PROBE-MID-0001,1,1787071467109501,1787071437000000,0,1,1,2,0,WAITING_FOR_IMPULSE,EXPIRED,ENTRY_WINDOW_EXPIRED,True,,,,,,,,,,,,,,,,,,,,,,,,,,,,,,
61nvwwogi1jpXfC6syggKfsGQ5BCkpoabdLjPRiqpump,FP1-RESEARCH-PROBE-MID-0001,1,1787071467108501,1787071437000000,0,1,1,2,0,WAITING_FOR_IMPULSE,EXPIRED,ENTRY_WINDOW_EXPIRED,True,,,,,,,,,,,,,,,,,,,,,,,,,,,,,,
Dn58MtkkMTTdpgM3CY5U9sroKKRzWhKeqHg1upDHpump,FP1-RESEARCH-PROBE-MID-0001,1,1787071467107500,1787071437000000,0,1,1,2,0,WAITING_FOR_IMPULSE,EXPIRED,ENTRY_WINDOW_EXPIRED,True,,,,,,,,,,,,,,,,,,,,,,,,,,,,,,
5EUirFFgLMyfy4MRnsR8D9EmMuCtS7U9UzjnW7vDpump,FP1-RESEARCH-PROBE-MID-0001,1,1787071467100505,1787071437000000,0,1,1,2,0,WAITING_FOR_IMPULSE,EXPIRED,ENTRY_WINDOW_EXPIRED,True,,,,,,,,,,,,,,,,,,,,,,,,,,,,,,
4q6UcPTFYKUZVtQ17xRQddQcXpQENkXeZYG5ULRgpump,FP1-RESEARCH-PROBE-MID-0001,1,1787071467099500,1787071437000000,0,1,1,2,0,WAITING_FOR_IMPULSE,EXPIRED,ENTRY_WINDOW_EXPIRED,True,,,,,,,,,,,,,,,,,,,,,,,,,,,,,,
34W3pzUDJ4AKgBiHQy56jYdubiLPQHZhUtSNYgMRpump,FP1-RESEARCH-PROBE-MID-0001,1,1787071467098501,1787071437000000,0,1,1,2,0,WAITING_FOR_IMPULSE,EXPIRED,ENTRY_WINDOW_EXPIRED,True,,,,,,,,,,,,,,,,,,,,,,,,,,,,,,
2965ex9UjjD6piAZaecyGo3HitPBzWPZjLRPbBwhpump,FP1-RESEARCH-PROBE-MID-0001,1,1787071467097499,1787071437000000,0,1,1,2,0,WAITING_FOR_IMPULSE,EXPIRED,ENTRY_WINDOW_EXPIRED,True,,,,,,,,,,,,,,,,,,,,,,,,,,,,,,
2mgkxvysYgEy1T85ucigrTeHjqiCARNkQ8LHBs4ipump,FP1-RESEARCH-PROBE-MID-0001,1,1787071467094500,1787071437000000,0,1,1,2,0,WAITING_FOR_IMPULSE,EXPIRED,ENTRY_WINDOW_EXPIRED,True,,,,,,,,,,,,,,,,,,,,,,,,,,,,,,
7iFpJEngKnUDiXgz97cKi23qo6bBhKPLG38Mw3VDpump,FP1-RESEARCH-PROBE-MID-0001,1,1787071467093502,1787071437000000,0,1,1,2,0,WAITING_FOR_IMPULSE,EXPIRED,ENTRY_WINDOW_EXPIRED,True,,,,,,,,,,,,,,,,,,,,,,,,,,,,,,
99FB8hy9LvYZu5mGZMgKTBRSbYixUT83GtFq7FEppump,FP1-RESEARCH-PROBE-MID-0001,1,1787071467092500,1787071437000000,0,1,1,2,0,WAITING_FOR_IMPULSE,EXPIRED,ENTRY_WINDOW_EXPIRED,True,,,,,,,,,,,,,,,,,,,,,,,,,,,,,,
66mTPRe5h3iHAa4yB8Sck3tQKr5osgAwpsBXWQb6pump,FP1-RESEARCH-PROBE-MID-0001,1,1787071467091500,1787071437000000,0,1,1,2,0,WAITING_FOR_IMPULSE,EXPIRED,ENTRY_WINDOW_EXPIRED,True,,,,,,,,,,,,,,,,,,,,,,,,,,,,,,
DvA624znESSr1Yiuc7i5wLPQBZ6fE86WBYioHorApump,FP1-RESEARCH-PROBE-MID-0001,1,1787071464470989,1787071437000000,0,1,1,2,0,WAITING_FOR_IMPULSE,EXPIRED,ENTRY_WINDOW_EXPIRED,True,,,,,,,,,,,,,,,,,,,,,,,,,,,,,,
PoU15NBsNm5diB4XHPt6EyKibdJmekaXbN9KaVhpump,FP1-RESEARCH-PROBE-MID-0001,1,1787071464414989,1787071437000000,0,12,12,4,0,WAITING_FOR_PULLBACK,EXPIRED,ENTRY_WINDOW_EXPIRED,True,2,1712,4,4,4,3535802464,36,6343,,,,,,,,,,,,,,,,,,,,,,
3qsuQgH85Y9V66vbd3zZQ5oWYqHqvLg2m9QM2u4npump,FP1-RESEARCH-PROBE-MID-0001,1,1787071461993410,1787071437000000,0,4,4,2,0,WAITING_FOR_IMPULSE,EXPIRED,ENTRY_WINDOW_EXPIRED,True,,,,,,,,,,,,,,,,,,,,,,,,,,,,,,
9J2qTuBwDhDX5Q1zKxRyEgzeazTeHU4HPMwUjfFDpump,FP1-RESEARCH-PROBE-MID-0001,1,1787071461974410,1787071437000000,0,1,1,2,0,WAITING_FOR_IMPULSE,EXPIRED,ENTRY_WINDOW_EXPIRED,True,,,,,,,,,,,,,,,,,,,,,,,,,,,,,,
CtDZ8NYzCXPsT6YvnsVtfrYtyuVBNdWc7BTLZv8Kpump,FP1-RESEARCH-PROBE-MID-0001,1,1787071461970410,1787071437000000,0,1,1,2,0,WAITING_FOR_IMPULSE,EXPIRED,ENTRY_WINDOW_EXPIRED,True,,,,,,,,,,,,,,,,,,,,,,,,,,,,,,
D1s83xGN2PukTpJTB9UbJeEtzEKET3Z4NpCy48gipump,FP1-RESEARCH-PROBE-MID-0001,1,1787071461969409,1787071437000000,0,1,1,2,0,WAITING_FOR_IMPULSE,EXPIRED,ENTRY_WINDOW_EXPIRED,True,,,,,,,,,,,,,,,,,,,,,,,,,,,,,,
5fXzt5sy4zuqK7qTUyPPyPVtdfWQUSE8Jfsi3y3opump,FP1-RESEARCH-PROBE-MID-0001,1,1787071461967409,1787071437000000,0,1,1,2,0,WAITING_FOR_IMPULSE,EXPIRED,ENTRY_WINDOW_EXPIRED,True,,,,,,,,,,,,,,,,,,,,,,,,,,,,,,
8QiMxSyBCBqiLK6HrzuVDY5SWqkaXA5gaWYVFbwspump,FP1-RESEARCH-PROBE-MID-0001,1,1787071461963410,1787071437000000,0,1,1,2,0,WAITING_FOR_IMPULSE,EXPIRED,ENTRY_WINDOW_EXPIRED,True,,,,,,,,,,,,,,,,,,,,,,,,,,,,,,
2JcYgBQpD4T6KwNrywwzUpBka6pBeEEJsXPcYys7pump,FP1-RESEARCH-PROBE-MID-0001,1,1787071461957410,1787071437000000,0,1,1,2,0,WAITING_FOR_IMPULSE,EXPIRED,ENTRY_WINDOW_EXPIRED,True,,,,,,,,,,,,,,,,,,,,,,,,,,,,,,
Ew86xQ8tjmRnfYkDomJoTeWk36wasX42yhJmvdxHpump,FP1-RESEARCH-PROBE-MID-0001,1,1787071461956412,1787071437000000,0,1,1,2,0,WAITING_FOR_IMPULSE,EXPIRED,ENTRY_WINDOW_EXPIRED,True,,,,,,,,,,,,,,,,,,,,,,,,,,,,,,
3q29JTZEkShYJ3GpjUgUvTY6kSwP1w2o8oGRAPNppump,FP1-RESEARCH-PROBE-MID-0001,1,1787071461953410,1787071437000000,0,1,1,2,0,WAITING_FOR_IMPULSE,EXPIRED,ENTRY_WINDOW_EXPIRED,True,,,,,,,,,,,,,,,,,,,,,,,,,,,,,,
GXaoeYjEUUqvZUJCmfExdRzP3EUCFD2ieMXSQzmhpump,FP1-RESEARCH-PROBE-MID-0001,1,1787071461951409,1787071437000000,0,1,1,2,0,WAITING_FOR_IMPULSE,EXPIRED,ENTRY_WINDOW_EXPIRED,True,,,,,,,,,,,,,,,,,,,,,,,,,,,,,,
De223q3f5QZrYBAXZWwevNpDoU9Pqahc8LpAUyTzpump,FP1-RESEARCH-PROBE-MID-0001,1,1787071461949411,1787071437000000,0,1,1,2,0,WAITING_FOR_IMPULSE,EXPIRED,ENTRY_WINDOW_EXPIRED,True,,,,,,,,,,,,,,,,,,,,,,,,,,,,,,
BDavrN9S8cZC9Dh1S1vmFyt6EiWWXg36dnJGEBeZpump,FP1-RESEARCH-PROBE-MID-0001,1,1787071461939412,1787071437000000,0,1,1,2,0,WAITING_FOR_IMPULSE,EXPIRED,ENTRY_WINDOW_EXPIRED,True,,,,,,,,,,,,,,,,,,,,,,,,,,,,,,
JQAgU5WKpK9Z16v6XWps9BUJGprEQMnHPmUKXGmpump,FP1-RESEARCH-PROBE-MID-0001,1,1787071461935410,1787071437000000,0,1,1,2,0,WAITING_FOR_IMPULSE,EXPIRED,ENTRY_WINDOW_EXPIRED,True,,,,,,,,,,,,,,,,,,,,,,,,,,,,,,
9P9kfu5wYaMAQ76SX7FmhZP6K3NGZrRNJmFoAizypump,FP1-RESEARCH-PROBE-MID-0001,1,1787071461934410,1787071437000000,0,1,1,2,0,WAITING_FOR_IMPULSE,EXPIRED,ENTRY_WINDOW_EXPIRED,True,,,,,,,,,,,,,,,,,,,,,,,,,,,,,,
GWLxmQpU3xGpXtAuBDCcmdePQMuunPWQhvFBfkYVpump,FP1-RESEARCH-PROBE-MID-0001,1,1787071459194634,1787071437000000,0,1,1,2,0,WAITING_FOR_IMPULSE,EXPIRED,ENTRY_WINDOW_EXPIRED,True,,,,,,,,,,,,,,,,,,,,,,,,,,,,,,
DgGDKSA2bn3fV5D6jrQrKvDmB7aYUymQgSosPw2cpump,FP1-RESEARCH-PROBE-MID-0001,1,1787071459192634,1787071437000000,0,1,1,2,0,WAITING_FOR_IMPULSE,EXPIRED,ENTRY_WINDOW_EXPIRED,True,,,,,,,,,,,,,,,,,,,,,,,,,,,,,,
2WABzMSjRid2KbiGFZULAGcWDKp4XtbsFvFmKCEvpump,FP1-RESEARCH-PROBE-MID-0001,1,1787071459191634,1787071437000000,0,1,1,2,0,WAITING_FOR_IMPULSE,EXPIRED,ENTRY_WINDOW_EXPIRED,True,,,,,,,,,,,,,,,,,,,,,,,,,,,,,,
G8Lhs993hT1xMWh9cu7DXj7TYCaXpoQ5QGeveZsRpump,FP1-RESEARCH-PROBE-MID-0001,1,1787071459190635,1787071437000000,0,1,1,2,0,WAITING_FOR_IMPULSE,EXPIRED,ENTRY_WINDOW_EXPIRED,True,,,,,,,,,,,,,,,,,,,,,,,,,,,,,,
j9AUkZSrkC22tAgaTp3ar31h8vX1REK8rQEyWAWpump,FP1-RESEARCH-PROBE-MID-0001,1,1787071459188635,1787071437000000,0,1,1,2,0,WAITING_FOR_IMPULSE,EXPIRED,ENTRY_WINDOW_EXPIRED,True,,,,,,,,,,,,,,,,,,,,,,,,,,,,,,
N1dU4szdVnpppREm6DygCsxKizBtBkiqzLniHc3pump,FP1-RESEARCH-PROBE-MID-0001,1,1787071459186635,1787071437000000,0,1,1,2,0,WAITING_FOR_IMPULSE,EXPIRED,ENTRY_WINDOW_EXPIRED,True,,,,,,,,,,,,,,,,,,,,,,,,,,,,,,
HuoQJ3cYYVf6H4bnaVEDqb2wkCKGKgXAJMbNHMgjpump,FP1-RESEARCH-PROBE-MID-0001,1,1787071459182637,1787071437000000,0,1,1,2,0,WAITING_FOR_IMPULSE,EXPIRED,ENTRY_WINDOW_EXPIRED,True,,,,,,,,,,,,,,,,,,,,,,,,,,,,,,
Hdo7yj7uCfekRpGdvCumSVvdRQ8GhV3uDk4y36Zwpump,FP1-RESEARCH-PROBE-MID-0001,1,1787071459180634,1787071437000000,0,1,1,2,0,WAITING_FOR_IMPULSE,EXPIRED,ENTRY_WINDOW_EXPIRED,True,,,,,,,,,,,,,,,,,,,,,,,,,,,,,,
4r64uYwedD7TpXFyJjSDNTZP4tNiRYxDu8Dgucdxpump,FP1-RESEARCH-PROBE-MID-0001,1,1787071459179634,1787071437000000,0,1,1,2,0,WAITING_FOR_IMPULSE,EXPIRED,ENTRY_WINDOW_EXPIRED,True,,,,,,,,,,,,,,,,,,,,,,,,,,,,,,
FCBkyw3FrNngBmZZQ37a7wD47d4nmCqxZeM9J36rpump,FP1-RESEARCH-PROBE-MID-0001,1,1787071459177634,1787071437000000,0,1,1,2,0,WAITING_FOR_IMPULSE,EXPIRED,ENTRY_WINDOW_EXPIRED,True,,,,,,,,,,,,,,,,,,,,,,,,,,,,,,
BV4JQqSoShyrsGphhjg9vcXV8Gs4ngy694K9Zoz5pump,FP1-RESEARCH-PROBE-MID-0001,1,1787071459175634,1787071437000000,0,1,1,2,0,WAITING_FOR_IMPULSE,EXPIRED,ENTRY_WINDOW_EXPIRED,True,,,,,,,,,,,,,,,,,,,,,,,,,,,,,,
JCpq8ErukEjHQHdPgGCvjd71xgqoAF4UshXZpHsHpump,FP1-RESEARCH-PROBE-MID-0001,1,1787071459171634,1787071437000000,0,1,1,2,0,WAITING_FOR_IMPULSE,EXPIRED,ENTRY_WINDOW_EXPIRED,True,,,,,,,,,,,,,,,,,,,,,,,,,,,,,,
ni8gRCZj3G2miTtm3gnntwtjJJVb5kq35bTbYNNpump,FP1-RESEARCH-PROBE-MID-0001,1,1787071459168639,1787071437000000,0,1,1,2,0,WAITING_FOR_IMPULSE,EXPIRED,ENTRY_WINDOW_EXPIRED,True,,,,,,,,,,,,,,,,,,,,,,,,,,,,,,
96gvtdtg1D6XrxLscW4mMtqQ8R2kdzCLbJrHSt3dpump,FP1-RESEARCH-PROBE-MID-0001,1,1787071459167635,1787071437000000,0,1,1,2,0,WAITING_FOR_IMPULSE,EXPIRED,ENTRY_WINDOW_EXPIRED,True,,,,,,,,,,,,,,,,,,,,,,,,,,,,,,
Cw2wNq6rFJY7o6HhmfTSfz6TfVMdEWwjfU3fYCQ9pump,FP1-RESEARCH-PROBE-MID-0001,1,1787071459165635,1787071437000000,0,1,1,2,0,WAITING_FOR_IMPULSE,EXPIRED,ENTRY_WINDOW_EXPIRED,True,,,,,,,,,,,,,,,,,,,,,,,,,,,,,,
toSChJ9RWXT5quB2X32woex149YwbmiK4xKpxtapump,FP1-RESEARCH-PROBE-MID-0001,1,1787071459163636,1787071437000000,0,1,1,2,0,WAITING_FOR_IMPULSE,EXPIRED,ENTRY_WINDOW_EXPIRED,True,,,,,,,,,,,,,,,,,,,,,,,,,,,,,,
LqY3F2XndNXZ8XCnPo952e1w85DiW9QxH9wUZUjpump,FP1-RESEARCH-PROBE-MID-0001,1,1787071459161636,1787071437000000,0,1,1,2,0,WAITING_FOR_IMPULSE,EXPIRED,ENTRY_WINDOW_EXPIRED,True,,,,,,,,,,,,,,,,,,,,,,,,,,,,,,
G7yTabGxZANTrsyEwgJDsrWHdVTDWCE8h1sRUbHqpump,FP1-RESEARCH-PROBE-MID-0001,1,1787071459160639,1787071437000000,0,1,1,2,0,WAITING_FOR_IMPULSE,EXPIRED,ENTRY_WINDOW_EXPIRED,True,,,,,,,,,,,,,,,,,,,,,,,,,,,,,,
7kwErtgE3RUHLyUaUbxSQ3EW3Y3FDukG1X4Xs8Uepump,FP1-RESEARCH-PROBE-MID-0001,1,1787071459159639,1787071437000000,0,1,1,2,0,WAITING_FOR_IMPULSE,EXPIRED,ENTRY_WINDOW_EXPIRED,True,,,,,,,,,,,,,,,,,,,,,,,,,,,,,,
DhPPyArxXUC9AdcGa9t92XebEhvRs82wckrChVapump,FP1-RESEARCH-PROBE-MID-0001,1,1787071459155634,1787071437000000,0,1,1,2,0,WAITING_FOR_IMPULSE,EXPIRED,ENTRY_WINDOW_EXPIRED,True,,,,,,,,,,,,,,,,,,,,,,,,,,,,,,
497hDzRx3HRUPp4HZcCz36mwnD5r6tFNdBNCveFYpump,FP1-RESEARCH-PROBE-MID-0001,1,1787071459153634,1787071437000000,0,1,1,2,0,WAITING_FOR_IMPULSE,EXPIRED,ENTRY_WINDOW_EXPIRED,True,,,,,,,,,,,,,,,,,,,,,,,,,,,,,,
CZ1p6F18BxTwmsEVPVLPRTgaMRsZjnwG3V6ug8LEpump,FP1-RESEARCH-PROBE-MID-0001,1,1787071459151636,1787071437000000,0,1,1,2,0,WAITING_FOR_IMPULSE,EXPIRED,ENTRY_WINDOW_EXPIRED,True,,,,,,,,,,,,,,,,,,,,,,,,,,,,,,
BSdJz3ZFx3HufJTRmY3U31sJfCGNGhWv9hg2tgjnpump,FP1-RESEARCH-PROBE-MID-0001,1,1787071459149635,1787071437000000,0,1,1,2,0,WAITING_FOR_IMPULSE,EXPIRED,ENTRY_WINDOW_EXPIRED,True,,,,,,,,,,,,,,,,,,,,,,,,,,,,,,
A8ecPyQis5Rn7VibuGTd2uMXVQeKGaCQCNESUx9fpump,FP1-RESEARCH-PROBE-MID-0001,1,1787071459145635,1787071437000000,0,1,1,2,0,WAITING_FOR_IMPULSE,EXPIRED,ENTRY_WINDOW_EXPIRED,True,,,,,,,,,,,,,,,,,,,,,,,,,,,,,,
GV2j61njsQ32vCnuUKqfvYXzKxoSRvZ2aajucRpVpump,FP1-RESEARCH-PROBE-MID-0001,1,1787071459144636,1787071437000000,0,1,1,2,0,WAITING_FOR_IMPULSE,EXPIRED,ENTRY_WINDOW_EXPIRED,True,,,,,,,,,,,,,,,,,,,,,,,,,,,,,,
WyRfswVmF1vfKiThZUtFEM6dxfi9ERT81ASJMoBpump,FP1-RESEARCH-PROBE-MID-0001,1,1787071459141634,1787071437000000,0,1,1,2,0,WAITING_FOR_IMPULSE,EXPIRED,ENTRY_WINDOW_EXPIRED,True,,,,,,,,,,,,,,,,,,,,,,,,,,,,,,
7kNiUgLewRoDkTraVX8tRwX5PrMiYaGCgu2rR9L4pump,FP1-RESEARCH-PROBE-MID-0001,1,1787071459140638,1787071437000000,0,1,1,2,0,WAITING_FOR_IMPULSE,EXPIRED,ENTRY_WINDOW_EXPIRED,True,,,,,,,,,,,,,,,,,,,,,,,,,,,,,,
3XKYn2CRE8y43zAn4MdmctyMwY3aDbFoacFCWxpvpump,FP1-RESEARCH-PROBE-MID-0001,1,1787071459138634,1787071437000000,0,1,1,2,0,WAITING_FOR_IMPULSE,EXPIRED,ENTRY_WINDOW_EXPIRED,True,,,,,,,,,,,,,,,,,,,,,,,,,,,,,,
Axt1wS9jQnSNPVhazug5oFCfcP2hnqeq8sZnSPE4pump,FP1-RESEARCH-PROBE-MID-0001,1,1787071459135635,1787071437000000,0,1,1,2,0,WAITING_FOR_IMPULSE,EXPIRED,ENTRY_WINDOW_EXPIRED,True,,,,,,,,,,,,,,,,,,,,,,,,,,,,,,
75ScaQj8YnnGhmzZiZ3jtHxack9X6cGRr5red8bhpump,FP1-RESEARCH-PROBE-MID-0001,1,1787071459134636,1787071437000000,0,1,1,2,0,WAITING_FOR_IMPULSE,EXPIRED,ENTRY_WINDOW_EXPIRED,True,,,,,,,,,,,,,,,,,,,,,,,,,,,,,,
8Xy1RAeEy7n7VnoTLrJ23st8EgUTP3XSudQTNtCNpump,FP1-RESEARCH-PROBE-MID-0001,1,1787071456350071,1787071437000000,0,1,1,2,0,WAITING_FOR_IMPULSE,EXPIRED,ENTRY_WINDOW_EXPIRED,True,,,,,,,,,,,,,,,,,,,,,,,,,,,,,,
BJVqCGNJh7yVnfhPK3tgXMkmxPMY8ZYhgm5T7yDwpump,FP1-RESEARCH-PROBE-MID-0001,1,1787071456349072,1787071437000000,0,1,1,2,0,WAITING_FOR_IMPULSE,EXPIRED,ENTRY_WINDOW_EXPIRED,True,,,,,,,,,,,,,,,,,,,,,,,,,,,,,,
3R6w2FeGnDYLqGUZTzvnn34CCe9F3ZhX1nQKy1Uppump,FP1-RESEARCH-PROBE-MID-0001,1,1787071456344074,1787071437000000,0,1,1,2,0,WAITING_FOR_IMPULSE,EXPIRED,ENTRY_WINDOW_EXPIRED,True,,,,,,,,,,,,,,,,,,,,,,,,,,,,,,
EVRWcPhsv6egPmYZuXK7z21PrD2W93kJzmnFeoBbpump,FP1-RESEARCH-PROBE-MID-0001,1,1787071456343072,1787071437000000,0,1,1,2,0,WAITING_FOR_IMPULSE,EXPIRED,ENTRY_WINDOW_EXPIRED,True,,,,,,,,,,,,,,,,,,,,,,,,,,,,,,
B8esAhxfboHgazcUUhaXTerfXKPdsTrGFQN82D2ipump,FP1-RESEARCH-PROBE-MID-0001,1,1787071456341076,1787071437000000,0,1,1,2,0,WAITING_FOR_IMPULSE,EXPIRED,ENTRY_WINDOW_EXPIRED,True,,,,,,,,,,,,,,,,,,,,,,,,,,,,,,
7R13TJMBVFhK7xW45HwP3kNvfazzWnsup5s6siFmpump,FP1-RESEARCH-PROBE-MID-0001,1,1787071456339075,1787071437000000,0,1,1,2,0,WAITING_FOR_IMPULSE,EXPIRED,ENTRY_WINDOW_EXPIRED,True,,,,,,,,,,,,,,,,,,,,,,,,,,,,,,
BRgmB1qDWHaWpbEP1BD5d6RfFTfwefbygDMNa9hrpump,FP1-RESEARCH-PROBE-MID-0001,1,1787071456338075,1787071437000000,0,1,1,2,0,WAITING_FOR_IMPULSE,EXPIRED,ENTRY_WINDOW_EXPIRED,True,,,,,,,,,,,,,,,,,,,,,,,,,,,,,,
9H1DwjtY4uQFEWfTFArdwynt8bGFJbbtpEuuuYMzpump,FP1-RESEARCH-PROBE-MID-0001,1,1787071456329071,1787071437000000,0,1,1,2,0,WAITING_FOR_IMPULSE,EXPIRED,ENTRY_WINDOW_EXPIRED,True,,,,,,,,,,,,,,,,,,,,,,,,,,,,,,
3JEKKUNsWA6sTAY8aNvs2Dbom47q7w62yH1w38Yvpump,FP1-RESEARCH-PROBE-MID-0001,1,1787071456328071,1787071437000000,0,1,1,2,0,WAITING_FOR_IMPULSE,EXPIRED,ENTRY_WINDOW_EXPIRED,True,,,,,,,,,,,,,,,,,,,,,,,,,,,,,,
B5dgnGxYVgYRqopqrVAfBKDJZ1pGesuk924Ri97Lpump,FP1-RESEARCH-PROBE-MID-0001,1,1787071456326071,1787071437000000,0,1,1,2,0,WAITING_FOR_IMPULSE,EXPIRED,ENTRY_WINDOW_EXPIRED,True,,,,,,,,,,,,,,,,,,,,,,,,,,,,,,
BEoDpK5fs8BQMJTRxuUQcK7teQxrbabnmUWPT5t6pump,FP1-RESEARCH-PROBE-MID-0001,1,1787071456325071,1787071437000000,0,1,1,2,0,WAITING_FOR_IMPULSE,EXPIRED,ENTRY_WINDOW_EXPIRED,True,,,,,,,,,,,,,,,,,,,,,,,,,,,,,,
711JSDEU3zDp9CCWPWvG4BR9uXz8TqSs2SddDd2Qpump,FP1-RESEARCH-PROBE-MID-0001,1,1787071456323071,1787071437000000,0,1,1,2,0,WAITING_FOR_IMPULSE,EXPIRED,ENTRY_WINDOW_EXPIRED,True,,,,,,,,,,,,,,,,,,,,,,,,,,,,,,
9aBG4wP2JSDEDjKg9mGhBaTGhcutNNSxcUincx7Hpump,FP1-RESEARCH-PROBE-MID-0001,1,1787071456321071,1787071437000000,0,1,1,2,0,WAITING_FOR_IMPULSE,EXPIRED,ENTRY_WINDOW_EXPIRED,True,,,,,,,,,,,,,,,,,,,,,,,,,,,,,,
5wTr4jR5KPnTAQoZFKxAs86stE8dgyH4LmZSSrzjpump,FP1-RESEARCH-PROBE-MID-0001,1,1787071456318070,1787071437000000,0,1,1,2,0,WAITING_FOR_IMPULSE,EXPIRED,ENTRY_WINDOW_EXPIRED,True,,,,,,,,,,,,,,,,,,,,,,,,,,,,,,
9tXPUBiTvMNibCTq22yUUrnQ3h7c5mYGMtQ4eigqpump,FP1-RESEARCH-PROBE-MID-0001,1,1787071456315071,1787071437000000,0,1,1,2,0,WAITING_FOR_IMPULSE,EXPIRED,ENTRY_WINDOW_EXPIRED,True,,,,,,,,,,,,,,,,,,,,,,,,,,,,,,
FTnS6HSz2vZmbBRwYx95STt8aYfqFotTN72ptorQpump,FP1-RESEARCH-PROBE-MID-0001,1,1787071456313070,1787071437000000,0,1,1,2,0,WAITING_FOR_IMPULSE,EXPIRED,ENTRY_WINDOW_EXPIRED,True,,,,,,,,,,,,,,,,,,,,,,,,,,,,,,
En4P3H2sdG2g9paka5vA7yKSQrM5kjLWFD2wdYaApump,FP1-RESEARCH-PROBE-MID-0001,1,1787071456312070,1787071437000000,0,1,1,2,0,WAITING_FOR_IMPULSE,EXPIRED,ENTRY_WINDOW_EXPIRED,True,,,,,,,,,,,,,,,,,,,,,,,,,,,,,,
6NNkC7M4hd5owD1bESdv3GsTfAop6MWuUvnxNEBrpump,FP1-RESEARCH-PROBE-MID-0001,1,1787071456311071,1787071437000000,0,1,1,2,0,WAITING_FOR_IMPULSE,EXPIRED,ENTRY_WINDOW_EXPIRED,True,,,,,,,,,,,,,,,,,,,,,,,,,,,,,,
HCqNGZiuLo9B9CLbXPkpcSWfT4PPq6BSgqjjNGpBpump,FP1-RESEARCH-PROBE-MID-0001,1,1787071456307073,1787071437000000,0,1,1,2,0,WAITING_FOR_IMPULSE,EXPIRED,ENTRY_WINDOW_EXPIRED,True,,,,,,,,,,,,,,,,,,,,,,,,,,,,,,
EViLj8fojAQmzmismEzs4n9FKgYRtiowmmB17Jrxpump,FP1-RESEARCH-PROBE-MID-0001,1,1787071456306075,1787071437000000,0,1,1,2,0,WAITING_FOR_IMPULSE,EXPIRED,ENTRY_WINDOW_EXPIRED,True,,,,,,,,,,,,,,,,,,,,,,,,,,,,,,
3taQuaot3GSgcc9K3k31pdFpo569TDeZGnpPc9W8pump,FP1-RESEARCH-PROBE-MID-0001,1,1787071456302075,1787071437000000,0,1,1,2,0,WAITING_FOR_IMPULSE,EXPIRED,ENTRY_WINDOW_EXPIRED,True,,,,,,,,,,,,,,,,,,,,,,,,,,,,,,
2FYVhwF6f7tUDkTQMDMKuntqAR1dxQX6x9Hjj2eHpump,FP1-RESEARCH-PROBE-MID-0001,1,1787071453626803,1787071437000000,0,1,1,2,0,WAITING_FOR_IMPULSE,EXPIRED,ENTRY_WINDOW_EXPIRED,True,,,,,,,,,,,,,,,,,,,,,,,,,,,,,,
61DRyD8TR58CfbAqHQbw2ZvR1ofq8XTMmXdSaf11pump,FP1-RESEARCH-PROBE-MID-0001,1,1787071451218226,1787071437000000,0,1,1,2,0,WAITING_FOR_IMPULSE,EXPIRED,ENTRY_WINDOW_EXPIRED,True,,,,,,,,,,,,,,,,,,,,,,,,,,,,,,
5J18umGMYqD2kURZZEQjSGZVo3ZgoDTfvz8Jy2Gfpump,FP1-RESEARCH-PROBE-MID-0001,1,1787071451214226,1787071437000000,0,1,1,2,0,WAITING_FOR_IMPULSE,EXPIRED,ENTRY_WINDOW_EXPIRED,True,,,,,,,,,,,,,,,,,,,,,,,,,,,,,,
B6KnRgsr2MdtF7DdQtb6QxL1Zo3wdPfNVoscn6aipump,FP1-RESEARCH-PROBE-MID-0001,1,1787071451213226,1787071437000000,0,1,1,2,0,WAITING_FOR_IMPULSE,EXPIRED,ENTRY_WINDOW_EXPIRED,True,,,,,,,,,,,,,,,,,,,,,,,,,,,,,,
HrVZRsnfd2kxgjn9QfJ2yadtui4kpF55QHVbDrU1pump,FP1-RESEARCH-PROBE-MID-0001,1,1787071445758466,1787071436000000,0,14,14,4,0,WAITING_FOR_PULLBACK,EXPIRED,ENTRY_WINDOW_EXPIRED,True,1,1901,3,3,3,6000000000,2700,4640,,,,,,,,,,,,,,,,,,,,,,
3JJ7WJrNCJ4mRKPhRabMeNFkpDEvwCgXBekWtfGfpump,FP1-RESEARCH-PROBE-MID-0001,1,1787071442975706,1787071436000000,0,2,2,2,0,WAITING_FOR_IMPULSE,EXPIRED,ENTRY_WINDOW_EXPIRED,True,,,,,,,,,,,,,,,,,,,,,,,,,,,,,,
B4jSGfWcA31GD6fMaGJ9XKU7UhhMwR3RbcXGh1Jppump,FP1-RESEARCH-PROBE-MID-0001,1,1787071442949706,1787071436000000,0,4,4,3,0,IMPULSE_CONFIRMED,EXPIRED,ENTRY_WINDOW_EXPIRED,True,2,2571,3,3,3,7000000000,2,2571,,,,,,,,,,,,,,,,,,,,,,
2cjqf45A6MXLs2nV567W891VX4FRrj5iKsmeKmoFpump,FP1-RESEARCH-PROBE-MID-0001,1,1787071437583522,1787071435000000,0,4,4,2,0,WAITING_FOR_IMPULSE,EXPIRED,ENTRY_WINDOW_EXPIRED,True,,,,,,,,,,,,,,,,,,,,,,,,,,,,,,
DXEhtL8H6ZwN5yjJCw2VdyZYzWo2BibCe2Mu5Wyfpump,FP1-RESEARCH-PROBE-MID-0001,1,1787071437506521,1787071435000000,0,3,3,2,0,WAITING_FOR_IMPULSE,EXPIRED,ENTRY_WINDOW_EXPIRED,True,,,,,,,,,,,,,,,,,,,,,,,,,,,,,,
GVw4JNZcBXqZ1jBWiL2Fytk7KNm1z3Snuj9AHZ9spump,FP1-RESEARCH-PROBE-MID-0001,1,1787071435671130,1787071435000000,0,16,16,4,0,WAITING_FOR_PULLBACK,INVALIDATED,PULLBACK_TOO_DEEP,False,1846,13901,3,3,3,201036925,36194,26280,,,,9799,71307,,,,,,,,,,,,,,,,,
BgGa7UsxXF4t1CQvsuxm4w5w1vedeCw7Ps4F5VNjpump,FP1-RESEARCH-PROBE-MID-0001,1,1787071435654129,1787071435000000,0,4,4,2,0,WAITING_FOR_IMPULSE,EXPIRED,ENTRY_WINDOW_EXPIRED,True,,,,,,,,,,,,,,,,,,,,,,,,,,,,,,
3typLVSW8PPb2F3sQRxfCefZAUk74xUP7pfFvVJgpump,FP1-RESEARCH-PROBE-MID-0001,1,1787071435606129,1787071435000000,0,6,6,2,0,WAITING_FOR_IMPULSE,EXPIRED,ENTRY_WINDOW_EXPIRED,True,,,,,,,,,,,,,,,,,,,,,,,,,,,,,,
BqSVedE3zot4tHwWNeAp6T5Q5XwrJC3MT2mjHi1QQrD8,FP1-RESEARCH-PROBE-MID-0001,1,1787071431217334,1787071392000000,0,3,3,2,0,WAITING_FOR_IMPULSE,EXPIRED,ENTRY_WINDOW_EXPIRED,True,,,,,,,,,,,,,,,,,,,,,,,,,,,,,,
BNMsy2QFbnXxaMP3omLdUdNxCr5Fr2TstoKUHigFFqRx,FP1-RESEARCH-PROBE-MID-0001,1,1787071426698832,1787071391000000,0,1,1,2,0,WAITING_FOR_IMPULSE,EXPIRED,ENTRY_WINDOW_EXPIRED,True,,,,,,,,,,,,,,,,,,,,,,,,,,,,,,
H9LjZJb3z48iLQaq7ehmAdvgg5A9G7QQWSUcVTNa6YH9,FP1-RESEARCH-PROBE-MID-0001,1,1787071418572819,1787071390000000,0,1,1,2,0,WAITING_FOR_IMPULSE,EXPIRED,ENTRY_WINDOW_EXPIRED,True,,,,,,,,,,,,,,,,,,,,,,,,,,,,,,
8QCwhuC8rF9jLSc5khhaMTvT8rBheVuhCNtdEGhRD9oS,FP1-RESEARCH-PROBE-MID-0001,1,1787071416691245,1787071390000000,0,1,1,2,0,WAITING_FOR_IMPULSE,EXPIRED,ENTRY_WINDOW_EXPIRED,True,,,,,,,,,,,,,,,,,,,,,,,,,,,,,,
6wogx4ja7acVYj37e2kyDDStjWmfJFgjYwz5wtSopump,FP1-RESEARCH-PROBE-MID-0001,1,1787071416654242,1787071390000000,0,1,1,2,0,WAITING_FOR_IMPULSE,EXPIRED,ENTRY_WINDOW_EXPIRED,True,,,,,,,,,,,,,,,,,,,,,,,,,,,,,,
JAdBx1rKfoJBamFcJV8AmxYLe44T8ZVtrPPVqtnNpump,FP1-RESEARCH-PROBE-MID-0001,1,1787071414134929,1787071390000000,0,3,3,2,0,WAITING_FOR_IMPULSE,EXPIRED,ENTRY_WINDOW_EXPIRED,True,,,,,,,,,,,,,,,,,,,,,,,,,,,,,,
7t7ufmSnCrw3r2PohoM7FSvLEXPDsXf4mSJj366Npump,FP1-RESEARCH-PROBE-MID-0001,1,1787071414106928,1787071390000000,0,14,14,6,0,WAITING_FOR_RESPONSE,EXPIRED,ENTRY_WINDOW_EXPIRED,True,28850,7089,8,7,1,977777777,76145,9929,183365,154515,2588,3049,186130,,,,,,,,,,,,,,,,,
GrRQ8wJ2LePenkmCHeUjckJz9zPbUXLgq3wBKAGapump,FP1-RESEARCH-PROBE-MID-0001,1,1787071406123374,1787071389000000,0,2,2,2,0,WAITING_FOR_IMPULSE,EXPIRED,ENTRY_WINDOW_EXPIRED,True,,,,,,,,,,,,,,,,,,,,,,,,,,,,,,
DjjsEqD5LhoKDFanx1BFRkaeYXReYKmbSbPC3ptvpump,FP1-RESEARCH-PROBE-MID-0001,1,1787071403272559,1787071389000000,0,2,2,2,0,WAITING_FOR_IMPULSE,EXPIRED,ENTRY_WINDOW_EXPIRED,True,,,,,,,,,,,,,,,,,,,,,,,,,,,,,,
ACfKjTyHZMAMPzjtYxzfsz66aQVgLkfN5N6R8Ndypump,FP1-RESEARCH-PROBE-MID-0001,1,1787071397872167,1787071388000000,0,1,1,2,0,WAITING_FOR_IMPULSE,EXPIRED,ENTRY_WINDOW_EXPIRED,True,,,,,,,,,,,,,,,,,,,,,,,,,,,,,,
9pB8uTQQSCZtnaaUEo1Bvwymy73XSztwQrpRg5Aepump,FP1-RESEARCH-PROBE-MID-0001,1,1787071397856170,1787071388000000,0,4,1,2,0,WAITING_FOR_IMPULSE,EXPIRED,ENTRY_WINDOW_EXPIRED,True,,,,,,,,,,,,,,,,,,,,,,,,,,,,,,
93AZ1fb3ZRAemFkAys8d2z3AoYgU8z4VRhz7M9M8pump,FP1-RESEARCH-PROBE-MID-0001,1,1787071392489591,1787071388000000,0,7,7,2,0,WAITING_FOR_IMPULSE,EXPIRED,ENTRY_WINDOW_EXPIRED,True,,,,,,,,,,,,,,,,,,,,,,,,,,,,,,
5JwKdV18q4QTh8YBy7JJZRpu4kfHMo1Pz4WdyYQSpump,FP1-RESEARCH-PROBE-MID-0001,1,1787071392483589,1787071388000000,0,1,1,2,0,WAITING_FOR_IMPULSE,EXPIRED,ENTRY_WINDOW_EXPIRED,True,,,,,,,,,,,,,,,,,,,,,,,,,,,,,,
CStuJdzp4FxEMYG8wjen2FN7GyJHw5hzNFx9ynV8pump,FP1-RESEARCH-PROBE-MID-0001,1,1787071392465587,1787071388000000,0,44,39,7,0,CANDIDATE_SIGNAL,CANDIDATE_SIGNAL,RECLAIM_CONFIRMED,False,45031,2527,13,8,1,1193253898,144231,3460,189323,144292,4376,4376,189323,4376,194295,4972,624,2,0,607676082,126,4,0,3467745066,199572,5277,-1516,-3697,548,
5dGcUtSe2nJdaGGVM49G4Xus13r2sJucqzKYj7u2pump,FP1-RESEARCH-PROBE-MID-0001,1,1787071389948328,1787071387000000,0,1,1,2,0,WAITING_FOR_IMPULSE,EXPIRED,ENTRY_WINDOW_EXPIRED,True,,,,,,,,,,,,,,,,,,,,,,,,,,,,,,
4Mmw3JdgTR98cvF4jK21n4wtY7diUjG27TfGmcuapump,FP1-RESEARCH-PROBE-MID-0001,1,1787071387580328,1787071387000000,0,11,11,2,0,WAITING_FOR_IMPULSE,EXPIRED,ENTRY_WINDOW_EXPIRED,True,,,,,,,,,,,,,,,,,,,,,,,,,,,,,,
HDW9avXEHYh7dsuPGJN3mgohfKXpNmjDAFxxiyS3pump,FP1-RESEARCH-PROBE-MID-0001,1,1787071387504330,1787071387000000,0,9,9,1,0,DISCOVERED,EXPIRED,ENTRY_WINDOW_EXPIRED,True,,,,,,,,,,,,,,,,,,,,,,,,,,,,,,
6E1cERS5JEcAfy5CzxQ4GQ7JXDppg765pGtj2Jyapump,FP1-RESEARCH-PROBE-MID-0001,1,1787071387486328,1787071387000000,0,8,8,2,0,WAITING_FOR_IMPULSE,EXPIRED,ENTRY_WINDOW_EXPIRED,True,,,,,,,,,,,,,,,,,,,,,,,,,,,,,,
6Ty4TYvR4o4V5QnCJUWfQMPrqtmaTJjk6SHeviCSpump,FP1-RESEARCH-PROBE-MID-0001,1,1787071387482328,1787071387000000,0,40,40,4,0,WAITING_FOR_PULLBACK,EXPIRED,ENTRY_WINDOW_EXPIRED,True,15824,1994,26,12,6,3171871156,40947,3164,,,,,,,,,,,,,,,,,,,,,,
3hdRXc61y1hCBr8JZ7GWg8TP7geUHk3JTAXkyMx3pump,FP1-RESEARCH-PROBE-MID-0001,1,1787071370906216,1787071335000000,0,10,10,4,0,WAITING_FOR_PULLBACK,EXPIRED,ENTRY_WINDOW_EXPIRED,True,3,1683,3,3,3,5629629626,2735,5603,,,,,,,,,,,,,,,,,,,,,,
82PekqfZC6qsBEiKBo7GH6GWQEo1w4Fu92fMqEhopump,FP1-RESEARCH-PROBE-MID-0001,1,1787071357470202,1787071335000000,0,4,4,2,0,WAITING_FOR_IMPULSE,EXPIRED,ENTRY_WINDOW_EXPIRED,True,,,,,,,,,,,,,,,,,,,,,,,,,,,,,,
Bw3hp1AGgiitqao3DRyXYPryazfuKSX7NsL2n72ppump,FP1-RESEARCH-PROBE-MID-0001,1,1787071355292307,1787071335000000,0,5,5,2,0,WAITING_FOR_IMPULSE,EXPIRED,ENTRY_WINDOW_EXPIRED,True,,,,,,,,,,,,,,,,,,,,,,,,,,,,,,
CmnMzq8ZSmdVLcLHgEY7swfCZjCtF9Yf1MEcDtGDpump,FP1-RESEARCH-PROBE-MID-0001,1,1787071352654438,1787071334000000,0,65,58,7,0,CANDIDATE_SIGNAL,CANDIDATE_SIGNAL,RECLAIM_CONFIRMED,False,2,1935,3,3,3,5671111111,45183,17151,135128,135126,2514,5162,211947,5162,217678,82550,1697,2,0,1595061728,170,4,2,796395029,252720,35042,8502,-3185,2043,
9tjg4BVtSkmiHX6ZoJT6CtWfxoskrii5yn4td6EVpump,FP1-RESEARCH-PROBE-MID-0001,1,1787071344284426,1787071334000000,0,2,2,2,0,WAITING_FOR_IMPULSE,EXPIRED,ENTRY_WINDOW_EXPIRED,True,,,,,,,,,,,,,,,,,,,,,,,,,,,,,,
5pgtwgmiCuLHkQ9od1uFohfQbwkg4Jp6uBvXgAqDpump,FP1-RESEARCH-PROBE-MID-0001,1,1787071344212430,1787071334000000,0,2,2,2,0,WAITING_FOR_IMPULSE,EXPIRED,ENTRY_WINDOW_EXPIRED,True,,,,,,,,,,,,,,,,,,,,,,,,,,,,,,
7asnDo2FjAjRa4iMxaj4dRu7D7Bgw1J32TfPDwXMpump,FP1-RESEARCH-PROBE-MID-0001,1,1787071344138425,1787071334000000,0,10,10,2,0,WAITING_FOR_IMPULSE,EXPIRED,ENTRY_WINDOW_EXPIRED,True,,,,,,,,,,,,,,,,,,,,,,,,,,,,,,
8k8fFksznUSmK56BV6QfkUb3QFcu57CHKAdjrgpxpump,FP1-RESEARCH-PROBE-MID-0001,1,1787071338574598,1787071333000000,0,17,17,2,0,WAITING_FOR_IMPULSE,EXPIRED,ENTRY_WINDOW_EXPIRED,True,,,,,,,,,,,,,,,,,,,,,,,,,,,,,,
2v5WQMi9wJLDnhcT2FyoocHWEEShqrHSWxcEeGigpump,FP1-RESEARCH-PROBE-MID-0001,1,1787071338556599,1787071333000000,0,2,2,2,0,WAITING_FOR_IMPULSE,EXPIRED,ENTRY_WINDOW_EXPIRED,True,,,,,,,,,,,,,,,,,,,,,,,,,,,,,,
956APa32ifmZaAh7MSFmFcSr9ibo38af43tQXwYBCN7y,FP1-RESEARCH-PROBE-MID-0001,1,1787071336099208,1787071333000000,0,7,7,2,0,WAITING_FOR_IMPULSE,EXPIRED,ENTRY_WINDOW_EXPIRED,True,,,,,,,,,,,,,,,,,,,,,,,,,,,,,,
Fog1jWhUgPhJS6Df8B9PkMFRKw5Y4vPNj3XxJEndpump,FP1-RESEARCH-PROBE-MID-0001,1,1787071334049209,1787071333000000,0,6,6,2,0,WAITING_FOR_IMPULSE,EXPIRED,ENTRY_WINDOW_EXPIRED,True,,,,,,,,,,,,,,,,,,,,,,,,,,,,,,
5sqwueSTCdPP66NJm6Z1MnHnL2ruCigKZN2CvF51pump,FP1-RESEARCH-PROBE-MID-0001,1,1787071333780209,1787071333000000,0,91,82,4,0,WAITING_FOR_PULLBACK,EXPIRED,ENTRY_WINDOW_EXPIRED,True,56140,4618,17,5,0,-93951020,161923,9029,,,,,,,,,,,,,,,,,,,,,,
BJjpbtgjCxGRD6UWqUA58PXorqajuVZhLoHuEAhjpump,FP1-RESEARCH-PROBE-MID-0001,1,1787071322110463,1787071283000000,0,1,1,2,0,WAITING_FOR_IMPULSE,EXPIRED,ENTRY_WINDOW_EXPIRED,True,,,,,,,,,,,,,,,,,,,,,,,,,,,,,,
AZbhAj15v2d222qpdQtsx62FNAw3stokMhyy7aXypump,FP1-RESEARCH-PROBE-MID-0001,1,1787071304722410,1787071282000000,0,1,1,2,0,WAITING_FOR_IMPULSE,EXPIRED,ENTRY_WINDOW_EXPIRED,True,,,,,,,,,,,,,,,,,,,,,,,,,,,,,,
3yVEC7R6kjoejVQQySEKgwW3HiPwhFjUxXciSv2tpump,FP1-RESEARCH-PROBE-MID-0001,1,1787071296358594,1787071282000000,0,3,3,2,0,WAITING_FOR_IMPULSE,EXPIRED,ENTRY_WINDOW_EXPIRED,True,,,,,,,,,,,,,,,,,,,,,,,,,,,,,,
4NuYdUaDvnrME9e37dqgCi75i3DjAkqUBpwxEjBHpump,FP1-RESEARCH-PROBE-MID-0001,1,1787071293785632,1787071281000000,0,12,12,6,0,WAITING_FOR_RESPONSE,EXPIRED,ENTRY_WINDOW_EXPIRED,True,2,3796,3,3,3,9876543207,2592,5952,8142,8140,2649,5099,10949,,,,,,,,,,,,,,,,,
4uKSN57QYZQfd9ScoMBYTNvQfZDJqdfJCwwTJqqJsC7u,FP1-RESEARCH-PROBE-MID-0001,1,1787071291561074,1787071281000000,0,1,1,2,0,WAITING_FOR_IMPULSE,EXPIRED,ENTRY_WINDOW_EXPIRED,True,,,,,,,,,,,,,,,,,,,,,,,,,,,,,,
HRhTnbXgFgTZRkcU7DLNx1T5ZG6Ew3FMHpJ6aVJVYBxF,FP1-RESEARCH-PROBE-MID-0001,1,1787071288901983,1787071281000000,0,2,2,2,0,WAITING_FOR_IMPULSE,EXPIRED,ENTRY_WINDOW_EXPIRED,True,,,,,,,,,,,,,,,,,,,,,,,,,,,,,,
FsgVnNsph7d7qKuh4Vwx4jN1JnHgskXTWXDNjRMGpump,FP1-RESEARCH-PROBE-MID-0001,1,1787071286438605,1787071281000000,0,2,2,2,0,WAITING_FOR_IMPULSE,EXPIRED,ENTRY_WINDOW_EXPIRED,True,,,,,,,,,,,,,,,,,,,,,,,,,,,,,,
4QLC3n3Pu9nR8ttiuQnDTbHMpdrVmAuj6FDdJ8eWpump,FP1-RESEARCH-PROBE-MID-0001,1,1787071283782540,1787071281000000,0,12,12,2,0,WAITING_FOR_IMPULSE,EXPIRED,ENTRY_WINDOW_EXPIRED,True,,,,,,,,,,,,,,,,,,,,,,,,,,,,,,
7kx9tzwTie6sDBvdxAwEmho4ZyUU3i4jzdy76ijApump,FP1-RESEARCH-PROBE-MID-0001,1,1787071283762541,1787071280000000,0,7,7,4,0,WAITING_FOR_PULLBACK,EXPIRED,ENTRY_WINDOW_EXPIRED,True,18232,4555,5,3,2,109010120,23007,5963,,,,,,,,,,,,,,,,,,,,,,
9vHnFxzZDdtGgriRfkg1BMjJQyBUHbDkQmaTPGMhpump,FP1-RESEARCH-PROBE-MID-0001,1,1787071283752541,1787071280000000,0,8,7,2,0,WAITING_FOR_IMPULSE,EXPIRED,ENTRY_WINDOW_EXPIRED,True,,,,,,,,,,,,,,,,,,,,,,,,,,,,,,
3UdpR2arXRkiSimU2cWhnjABhoy9Za775uJKriYPpump,FP1-RESEARCH-PROBE-MID-0001,1,1787071281472772,1787071280000000,0,25,25,2,0,WAITING_FOR_IMPULSE,EXPIRED,ENTRY_WINDOW_EXPIRED,True,,,,,,,,,,,,,,,,,,,,,,,,,,,,,,
Cefnnz8Mh3JhUNFPZ8EBgV9FAbVH4F4GcMyk2q8pump,FP1-RESEARCH-PROBE-MID-0001,1,1787071281439771,1787071280000000,0,128,64,6,0,WAITING_FOR_RESPONSE,INVALIDATED,PULLBACK_TOO_DEEP,False,5023,1565,13,11,8,5397116800,7496,1584,52342,47319,5409,6005,57165,,,,,,,,,,,,,,,,,
37hFbS5oMo1H24i6atH2U9m7bneVMEsmV4zZwAr2pump,FP1-RESEARCH-PROBE-MID-0001,1,1787071281151772,1787071280000000,0,1,1,2,0,WAITING_FOR_IMPULSE,EXPIRED,ENTRY_WINDOW_EXPIRED,True,,,,,,,,,,,,,,,,,,,,,,,,,,,,,,
GExHZ7ayv82fM1fQcjbUPzNwzemnhiZNf6TZUBdApump,FP1-RESEARCH-PROBE-MID-0001,1,1787071264064958,1787071229000000,0,4,4,2,0,WAITING_FOR_IMPULSE,EXPIRED,ENTRY_WINDOW_EXPIRED,True,,,,,,,,,,,,,,,,,,,,,,,,,,,,,,
BoejJKDyreUqY4J3hyQbkUDM5QKwqxwJPxfSpqRxpump,FP1-RESEARCH-PROBE-MID-0001,1,1787071258739658,1787071228000000,0,8,8,4,0,WAITING_FOR_PULLBACK,EXPIRED,ENTRY_WINDOW_EXPIRED,True,14,1540,3,3,3,3499909091,5346,1648,,,,,,,,,,,,,,,,,,,,,,
5J1pLV5oMfNbtfyk1XCJwv9XW8aPyEFTEWX9ZfLUpump,FP1-RESEARCH-PROBE-MID-0001,1,1787071256183305,1787071228000000,0,1,1,2,0,WAITING_FOR_IMPULSE,EXPIRED,ENTRY_WINDOW_EXPIRED,True,,,,,,,,,,,,,,,,,,,,,,,,,,,,,,
EfWXsXAZUU1XDDrq9VL5f3Pt7HnByYpHvGDtB2bgpopJ,FP1-RESEARCH-PROBE-MID-0001,1,1787071253294303,1787071228000000,0,1,1,2,0,WAITING_FOR_IMPULSE,EXPIRED,ENTRY_WINDOW_EXPIRED,True,,,,,,,,,,,,,,,,,,,,,,,,,,,,,,
72ZEKPtHWbgUDSL1tafo6fgabFZrVjqiuQMprnW3pump,FP1-RESEARCH-PROBE-MID-0001,1,1787071250296837,1787071228000000,0,2,2,2,0,WAITING_FOR_IMPULSE,EXPIRED,ENTRY_WINDOW_EXPIRED,True,,,,,,,,,,,,,,,,,,,,,,,,,,,,,,
33PRv4HRUefwHCMBEFpagiSBnLLo71X42TCcTr5Kpump,FP1-RESEARCH-PROBE-MID-0001,1,1787071242194557,1787071227000000,0,2,2,2,0,WAITING_FOR_IMPULSE,EXPIRED,ENTRY_WINDOW_EXPIRED,True,,,,,,,,,,,,,,,,,,,,,,,,,,,,,,
BxND31ShqukkDNcuJwu6FWdyXhWzmNDoR1cpv9BDyQiX,FP1-RESEARCH-PROBE-MID-0001,1,1787071242191558,1787071227000000,0,2,2,2,0,WAITING_FOR_IMPULSE,EXPIRED,ENTRY_WINDOW_EXPIRED,True,,,,,,,,,,,,,,,,,,,,,,,,,,,,,,
9yJUtyrfMEypdZdwCLULxwPx8fDYFag6yt28tpP9pump,FP1-RESEARCH-PROBE-MID-0001,1,1787071242168443,1787071227000000,0,19,19,2,0,WAITING_FOR_IMPULSE,EXPIRED,ENTRY_WINDOW_EXPIRED,True,,,,,,,,,,,,,,,,,,,,,,,,,,,,,,
2dto74vSx8fKJRUsgzg6RzV1zg8SgBSrbYnS6PSCpump,FP1-RESEARCH-PROBE-MID-0001,1,1787071242165425,1787071227000000,0,2,2,2,0,WAITING_FOR_IMPULSE,EXPIRED,ENTRY_WINDOW_EXPIRED,True,,,,,,,,,,,,,,,,,,,,,,,,,,,,,,
7Pf6iEckKRYVAoWma1vCrFPHtzfuHYuQBahfmKqtbH84,FP1-RESEARCH-PROBE-MID-0001,1,1787071234520435,1787071226000000,0,3,3,2,0,WAITING_FOR_IMPULSE,EXPIRED,ENTRY_WINDOW_EXPIRED,True,,,,,,,,,,,,,,,,,,,,,,,,,,,,,,
GYXBnjCLht4LsxiNga5ZWz2eCBqcJnomaRqo4bgCpump,FP1-RESEARCH-PROBE-MID-0001,1,1787071234498436,1787071226000000,0,3,3,2,0,WAITING_FOR_IMPULSE,EXPIRED,ENTRY_WINDOW_EXPIRED,True,,,,,,,,,,,,,,,,,,,,,,,,,,,,,,
5pFbhLUhUfHVkZGemTSLiyMQPCKmRGrxA89NHNtxpump,FP1-RESEARCH-PROBE-MID-0001,1,1787071231757485,1787071226000000,0,1,1,2,0,WAITING_FOR_IMPULSE,EXPIRED,ENTRY_WINDOW_EXPIRED,True,,,,,,,,,,,,,,,,,,,,,,,,,,,,,,
B7LsPdY86bbxGvtV44Dz1BUTeaAcVxshPNvqgVdZpump,FP1-RESEARCH-PROBE-MID-0001,1,1787071229118812,1787071226000000,0,21,21,2,0,WAITING_FOR_IMPULSE,EXPIRED,ENTRY_WINDOW_EXPIRED,True,,,,,,,,,,,,,,,,,,,,,,,,,,,,,,
6C3C5iGgsC61eTh4aeA1CWmKpnSEDF4VPFuzgZq8pump,FP1-RESEARCH-PROBE-MID-0001,1,1787071229115812,1787071226000000,0,14,14,2,0,WAITING_FOR_IMPULSE,EXPIRED,ENTRY_WINDOW_EXPIRED,True,,,,,,,,,,,,,,,,,,,,,,,,,,,,,,
HFD1zCJZNp1TuXHpPHx1wPdCYg23Edh5V4KDiaW2pump,FP1-RESEARCH-PROBE-MID-0001,1,1787071226765014,1787071226000000,0,1,1,2,0,WAITING_FOR_IMPULSE,EXPIRED,ENTRY_WINDOW_EXPIRED,True,,,,,,,,,,,,,,,,,,,,,,,,,,,,,,
AseytNXHgzF7NUA7bqyyxZvaA67uiYfEabL8qHbepump,FP1-RESEARCH-PROBE-MID-0001,1,1787071226709013,1787071226000000,0,6,6,2,0,WAITING_FOR_IMPULSE,EXPIRED,ENTRY_WINDOW_EXPIRED,True,,,,,,,,,,,,,,,,,,,,,,,,,,,,,,
5FgU5N2dtott7fxYgUppS6oNdPqegvTVHrSjSZXkpump,FP1-RESEARCH-PROBE-MID-0001,1,1787071204634249,1787071173000000,0,2,2,2,0,WAITING_FOR_IMPULSE,EXPIRED,ENTRY_WINDOW_EXPIRED,True,,,,,,,,,,,,,,,,,,,,,,,,,,,,,,
HvaRmUHQRzhgh1bZrX7CMS4qzFFfS76tYWmwJtxepump,FP1-RESEARCH-PROBE-MID-0001,1,1787071196590350,1787071173000000,0,13,13,4,0,WAITING_FOR_PULLBACK,EXPIRED,ENTRY_WINDOW_EXPIRED,True,29,2301,3,3,3,14226172836,17004,6097,,,,,,,,,,,,,,,,,,,,,,
FbsyCxStbnGBdwszG3ytAxDK5Jjz12Diz5tbe42Upump,FP1-RESEARCH-PROBE-MID-0001,1,1787071193452560,1787071172000000,0,1,1,2,0,WAITING_FOR_IMPULSE,EXPIRED,ENTRY_WINDOW_EXPIRED,True,,,,,,,,,,,,,,,,,,,,,,,,,,,,,,
2ynCWFLd4kbHfAJgoyk2eRwt97NiTgVCP9d5zSWDpump,FP1-RESEARCH-PROBE-MID-0001,1,1787071191207361,1787071172000000,0,7,7,4,0,WAITING_FOR_PULLBACK,EXPIRED,ENTRY_WINDOW_EXPIRED,True,3,2447,3,3,3,3581000000,17,3497,,,,,,,,,,,,,,,,,,,,,,
53M9DFzQG9dkVQQx6SwKXw11AfE7zPDxSi9scYKfpMs5,FP1-RESEARCH-PROBE-MID-0001,1,1787071188635469,1787071172000000,0,1,1,2,0,WAITING_FOR_IMPULSE,EXPIRED,ENTRY_WINDOW_EXPIRED,True,,,,,,,,,,,,,,,,,,,,,,,,,,,,,,
2aqgFb1zBex3vh5Nj8yhmCAWMjPMjsKJy9Jy6t7Kpump,FP1-RESEARCH-PROBE-MID-0001,1,1787071186013299,1787071171000000,0,1,1,2,0,WAITING_FOR_IMPULSE,EXPIRED,ENTRY_WINDOW_EXPIRED,True,,,,,,,,,,,,,,,,,,,,,,,,,,,,,,
AXs7JD266FFhJJsiHgREApcmZmNnwwqykHYwthQP3Q1C,FP1-RESEARCH-PROBE-MID-0001,1,1787071183227176,1787071171000000,0,1,1,2,0,WAITING_FOR_IMPULSE,EXPIRED,ENTRY_WINDOW_EXPIRED,True,,,,,,,,,,,,,,,,,,,,,,,,,,,,,,
7qe6eneaeC3PSc37C8JEbJ5X5csqryBp4YQ5BuUBpump,FP1-RESEARCH-PROBE-MID-0001,1,1787071180519664,1787071171000000,0,4,4,2,0,WAITING_FOR_IMPULSE,EXPIRED,ENTRY_WINDOW_EXPIRED,True,,,,,,,,,,,,,,,,,,,,,,,,,,,,,,
3wZvUWgBfKJp6bF17gSjVGzdyKq6ndhBhEnKQFjPpump,FP1-RESEARCH-PROBE-MID-0001,1,1787071177905658,1787071171000000,0,8,8,2,0,WAITING_FOR_IMPULSE,EXPIRED,ENTRY_WINDOW_EXPIRED,True,,,,,,,,,,,,,,,,,,,,,,,,,,,,,,
HSWKDLQvH2L2qUMoxw2M7wJ7x4ioaeHxoT4tLvw8pump,FP1-RESEARCH-PROBE-MID-0001,1,1787071177835659,1787071170000000,0,1,1,2,0,WAITING_FOR_IMPULSE,EXPIRED,ENTRY_WINDOW_EXPIRED,True,,,,,,,,,,,,,,,,,,,,,,,,,,,,,,
9MFRvXM6fSND5RpSyjeAUS98DLT3hcc2s8xSaNmf9kz7,FP1-RESEARCH-PROBE-MID-0001,1,1787071172644698,1787071170000000,0,1,1,2,0,WAITING_FOR_IMPULSE,EXPIRED,ENTRY_WINDOW_EXPIRED,True,,,,,,,,,,,,,,,,,,,,,,,,,,,,,,
DvNE6DKnwGJV4EhPhqh3AiW5tfJqfowsh545p4zjpump,FP1-RESEARCH-PROBE-MID-0001,1,1787071172460906,1787071169000000,0,34,34,2,0,WAITING_FOR_IMPULSE,EXPIRED,ENTRY_WINDOW_EXPIRED,True,,,,,,,,,,,,,,,,,,,,,,,,,,,,,,
6HkbM4yXLrJHJ89GT1VNnrDqe86VE3CZ4HWbecL6pump,FP1-RESEARCH-PROBE-MID-0001,1,1787071172340702,1787071169000000,0,1,1,2,0,WAITING_FOR_IMPULSE,EXPIRED,ENTRY_WINDOW_EXPIRED,True,,,,,,,,,,,,,,,,,,,,,,,,,,,,,,
71q9TvSuhDwuxcC2LK3Mi5XxPwgHwhkAvbrt3Pbxpump,FP1-RESEARCH-PROBE-MID-0001,1,1787071169664280,1787071169000000,0,62,58,6,0,WAITING_FOR_RESPONSE,INVALIDATED,PULLBACK_TOO_DEEP,False,21562,1797,22,8,3,6803187875,21562,1797,56850,35288,3361,6429,119261,,,,,,,,,,,,,,,,,
F4Uas5m1WH9Jn8mo6HtpDfp4Vn6rb5KG4AUfQcyMpump,FP1-RESEARCH-PROBE-MID-0001,1,1787071169662289,1787071169000000,0,7,7,2,0,WAITING_FOR_IMPULSE,EXPIRED,ENTRY_WINDOW_EXPIRED,True,,,,,,,,,,,,,,,,,,,,,,,,,,,,,,
4X6HjEVF5skvSBy83fznLcGxkwaakQwvEUbDtBqqpump,FP1-RESEARCH-PROBE-MID-0001,1,1787071159750192,1787071121000000,0,1,1,2,0,WAITING_FOR_IMPULSE,EXPIRED,ENTRY_WINDOW_EXPIRED,True,,,,,,,,,,,,,,,,,,,,,,,,,,,,,,
Fd6z2X3G8MEFaUFe82K8u2mVDFZ78v73KRitEyQKpump,FP1-RESEARCH-PROBE-MID-0001,1,1787071143163759,1787071120000000,0,1,1,2,0,WAITING_FOR_IMPULSE,EXPIRED,ENTRY_WINDOW_EXPIRED,True,,,,,,,,,,,,,,,,,,,,,,,,,,,,,,
FauuD7SD2yUciKkCRAT5qm6q989i3CfF4WMAUEdipump,FP1-RESEARCH-PROBE-MID-0001,1,1787071139841956,1787071120000000,0,29,22,4,0,WAITING_FOR_PULLBACK,EXPIRED,ENTRY_WINDOW_EXPIRED,True,56768,4205,7,3,1,1975308,288574,9348,,,,,,,,,,,,,,,,,,,,,,
6Y4cPpuWk6h51sctgqVm6GA5AejmVphQBehyyecnpump,FP1-RESEARCH-PROBE-MID-0001,1,1787071131321540,1787071119000000,0,1,1,2,0,WAITING_FOR_IMPULSE,EXPIRED,ENTRY_WINDOW_EXPIRED,True,,,,,,,,,,,,,,,,,,,,,,,,,,,,,,
BkKhEMnJtB4xQrG3w7ud9H8c7JM5mM6UwRU4NmmUpump,FP1-RESEARCH-PROBE-MID-0001,1,1787071128815143,1787071118000000,0,7,7,1,0,DISCOVERED,EXPIRED,ENTRY_WINDOW_EXPIRED,True,,,,,,,,,,,,,,,,,,,,,,,,,,,,,,
ExHyq5VPXgeyuMeHYCsTmdgAEFFkFzJy1kRkY3vXpump,FP1-RESEARCH-PROBE-MID-0001,1,1787071125879144,1787071118000000,0,10,10,2,0,WAITING_FOR_IMPULSE,EXPIRED,ENTRY_WINDOW_EXPIRED,True,,,,,,,,,,,,,,,,,,,,,,,,,,,,,,
69XpqpcbiEnXhqLEnLSjMaxsXt9CeFFpyMe871Htpump,FP1-RESEARCH-PROBE-MID-0001,1,1787071125865145,1787071118000000,0,14,14,4,0,WAITING_FOR_PULLBACK,EXPIRED,ENTRY_WINDOW_EXPIRED,True,196199,1559,13,3,2,1757577481,196266,1593,,,,,,,,,,,,,,,,,,,,,,
4zpqxkhHr8WnMS8LdZZcf5Jw3WmiKFw3D7Hfo7Uppump,FP1-RESEARCH-PROBE-MID-0001,1,1787071122791673,1787071118000000,0,32,21,2,0,WAITING_FOR_IMPULSE,EXPIRED,ENTRY_WINDOW_EXPIRED,True,,,,,,,,,,,,,,,,,,,,,,,,,,,,,,
6BTED4xFEQbX7SgzyW19h8u2q1URqTehpJ7AuGSXvcB6,FP1-RESEARCH-PROBE-MID-0001,1,1787071119883672,1787071118000000,0,1,1,2,0,WAITING_FOR_IMPULSE,EXPIRED,ENTRY_WINDOW_EXPIRED,True,,,,,,,,,,,,,,,,,,,,,,,,,,,,,,
Baxiq29NFRf1JEyUpQnqxFBt6ZaRm8dpLu8oH21Ppump,FP1-RESEARCH-PROBE-MID-0001,1,1787071119867674,1787071118000000,0,1,1,2,0,WAITING_FOR_IMPULSE,EXPIRED,ENTRY_WINDOW_EXPIRED,True,,,,,,,,,,,,,,,,,,,,,,,,,,,,,,
DWxjHC2QbzuNV9ztZSFwvDTMDQDC11k7j3nUDzeLpump,FP1-RESEARCH-PROBE-MID-0001,1,1787071119866672,1787071118000000,0,2,2,2,0,WAITING_FOR_IMPULSE,EXPIRED,ENTRY_WINDOW_EXPIRED,True,,,,,,,,,,,,,,,,,,,,,,,,,,,,,,
C7gAN1eMGCyEuvpJ1weit6sbEQ1fPMV9sND93oP5jxhH,FP1-RESEARCH-PROBE-MID-0001,1,1787071119855675,1787071118000000,0,1,1,2,0,WAITING_FOR_IMPULSE,EXPIRED,ENTRY_WINDOW_EXPIRED,True,,,,,,,,,,,,,,,,,,,,,,,,,,,,,,
BUibKouNnL1KPTTV8WBehQC4suKhMjpAiK5iJhFwpump,FP1-RESEARCH-PROBE-MID-0001,1,1787071118172885,1787071118000000,0,17,17,2,0,WAITING_FOR_IMPULSE,EXPIRED,ENTRY_WINDOW_EXPIRED,True,,,,,,,,,,,,,,,,,,,,,,,,,,,,,,
Ba49p7JXBTYgYexeqoeCVuHW7KbABrbonJ2hUpmdKisr,FP1-RESEARCH-PROBE-MID-0001,1,1787071118134885,1787071118000000,0,40,40,2,0,WAITING_FOR_IMPULSE,EXPIRED,ENTRY_WINDOW_EXPIRED,True,,,,,,,,,,,,,,,,,,,,,,,,,,,,,,
5MBk8BVfrmW13ZoDjLwG8TSZjNvcr1AS1UXWTKfapump,FP1-RESEARCH-PROBE-MID-0001,1,1787071117856884,1787071118000000,0,17,17,7,0,WAITING_FOR_RECLAIM,EXPIRED,ENTRY_WINDOW_EXPIRED,True,84,3157,3,3,3,9000000000,8284,5741,21948,21864,2751,5050,21950,5050,25311,3363,689,2,0,1017137344,51,2,5,-11626685203,,,,,,
HEnbUYgXqJKaEMj7pWw5tZ4vAYXd5UdkZSuScUYbpump,FP1-RESEARCH-PROBE-MID-0001,1,1787071106231152,1787071068000000,0,2,2,2,0,WAITING_FOR_IMPULSE,EXPIRED,ENTRY_WINDOW_EXPIRED,True,,,,,,,,,,,,,,,,,,,,,,,,,,,,,,
GqKp51kbk11yoM1F5pHUVzCXVPnQzAr7UnuKAcRNpump,FP1-RESEARCH-PROBE-MID-0001,1,1787071101035192,1787071067000000,0,2,2,2,0,WAITING_FOR_IMPULSE,EXPIRED,ENTRY_WINDOW_EXPIRED,True,,,,,,,,,,,,,,,,,,,,,,,,,,,,,,
3snLuk93i2pK31qcRXK1eyJvHy4oZzfyZyi8wA2Lx2fh,FP1-RESEARCH-PROBE-MID-0001,1,1787071095882650,1787071066000000,0,2,2,2,0,WAITING_FOR_IMPULSE,EXPIRED,ENTRY_WINDOW_EXPIRED,True,,,,,,,,,,,,,,,,,,,,,,,,,,,,,,
4bFoEuLipYLv1VTG9fGMvCwVtuEGYuixF1VsmoSxpump,FP1-RESEARCH-PROBE-MID-0001,1,1787071093265644,1787071066000000,0,1,1,2,0,WAITING_FOR_IMPULSE,EXPIRED,ENTRY_WINDOW_EXPIRED,True,,,,,,,,,,,,,,,,,,,,,,,,,,,,,,
5Qh4mjfrShYnQicWUDLjArgAjev1M7wiwJBtAUokpump,FP1-RESEARCH-PROBE-MID-0001,1,1787071076908680,1787071064000000,0,11,11,2,0,WAITING_FOR_IMPULSE,EXPIRED,ENTRY_WINDOW_EXPIRED,True,,,,,,,,,,,,,,,,,,,,,,,,,,,,,,
8j399W432DMbfQWBnGpjjvriqT31KQuWjDTuvMwupump,FP1-RESEARCH-PROBE-MID-0001,1,1787071071396869,1787071063000000,0,1,1,2,0,WAITING_FOR_IMPULSE,EXPIRED,ENTRY_WINDOW_EXPIRED,True,,,,,,,,,,,,,,,,,,,,,,,,,,,,,,
DmqHSAH3uVyAzFDTaczSNxQRJr45JrtsZ6sGDdmipump,FP1-RESEARCH-PROBE-MID-0001,1,1787071071378870,1787071063000000,0,6,6,4,0,WAITING_FOR_PULLBACK,EXPIRED,ENTRY_WINDOW_EXPIRED,True,7817,1877,5,5,1,1203621485,13233,2475,,,,,,,,,,,,,,,,,,,,,,
7jNnpjyJ8WM42vpGnxHDMSGWHenAZ6i7yhnZMEJhpump,FP1-RESEARCH-PROBE-MID-0001,1,1787071068723109,1787071063000000,0,35,20,6,0,WAITING_FOR_RESPONSE,INVALIDATED,PULLBACK_TOO_DEEP,False,62637,6339,11,3,1,97777,71074,12507,88341,25704,4988,9151,103785,,,,,,,,,,,,,,,,,
24qjbbQ6Z28bVVFChRt8PfRQi36Q5w8kpRAhzDT2pump,FP1-RESEARCH-PROBE-STRICT-0001,5,1787078016873189,1787078017000000,0,1,1,2,0,WAITING_FOR_IMPULSE,EXPIRED,ENTRY_WINDOW_EXPIRED,True,,,,,,,,,,,,,,,,,,,,,,,,,,,,,,
D3CZDkRhK578EYZ4sXuGQT5SiPTcjRbWTHFtLcfLpump,FP1-RESEARCH-PROBE-STRICT-0001,5,1787077664760086,1787076794000000,0,8,8,4,0,WAITING_FOR_PULLBACK,EXPIRED,ENTRY_WINDOW_EXPIRED,True,16,4093,5,5,5,6684148141,23494,5392,,,,,,,,,,,,,,,,,,,,,,
2F6EXXSJPWmFcT5WZMgMwtVwPEzyoeqELLBeGkt19yaq,FP1-RESEARCH-PROBE-STRICT-0001,5,1787077638274675,1787076793000000,0,1,1,2,0,WAITING_FOR_IMPULSE,EXPIRED,ENTRY_WINDOW_EXPIRED,True,,,,,,,,,,,,,,,,,,,,,,,,,,,,,,
FHNAWXNnVyhCRkMaxyeVKTHrvJD9TEQkdz54uzXyH5Ui,FP1-RESEARCH-PROBE-STRICT-0001,5,1787077635875727,1787076793000000,0,1,1,2,0,WAITING_FOR_IMPULSE,EXPIRED,ENTRY_WINDOW_EXPIRED,True,,,,,,,,,,,,,,,,,,,,,,,,,,,,,,
8tMnE8SMA86oVnwF7mfQzKgkrMb9B4fH6bYwT81bpump,FP1-RESEARCH-PROBE-STRICT-0001,5,1787077603665235,1787076792000000,0,1,1,2,0,WAITING_FOR_IMPULSE,EXPIRED,ENTRY_WINDOW_EXPIRED,True,,,,,,,,,,,,,,,,,,,,,,,,,,,,,,
ErxeYzaKJbD48uf1Hp3bN97PUh5SpsyTHpTGUujypump,FP1-RESEARCH-PROBE-STRICT-0001,5,1787077596525624,1787076791000000,0,4,4,2,0,WAITING_FOR_IMPULSE,EXPIRED,ENTRY_WINDOW_EXPIRED,True,,,,,,,,,,,,,,,,,,,,,,,,,,,,,,
CQNpNCHbmEUhmTB7xsYgRmGKWpj4LB3CU1EnEs6upump,FP1-RESEARCH-PROBE-STRICT-0001,5,1787077580358260,1787076791000000,0,84,84,4,0,WAITING_FOR_PULLBACK,EXPIRED,ENTRY_WINDOW_EXPIRED,True,8999,3141,5,5,1,1481481480,100774,37939,,,,,,,,,,,,,,,,,,,,,,
D7LhFQJt24gVM1QTKGS25tSrgXgsZAq57StpkZdupump,FP1-RESEARCH-PROBE-STRICT-0001,5,1787077580251849,1787076791000000,0,7,7,2,0,WAITING_FOR_IMPULSE,EXPIRED,ENTRY_WINDOW_EXPIRED,True,,,,,,,,,,,,,,,,,,,,,,,,,,,,,,
8SxVsvd3CS8GheiCWDQgg9oK8jPimufvy8PMjpcbpump,FP1-RESEARCH-PROBE-STRICT-0001,5,1787077556067613,1787076790000000,0,1,1,2,0,WAITING_FOR_IMPULSE,EXPIRED,ENTRY_WINDOW_EXPIRED,True,,,,,,,,,,,,,,,,,,,,,,,,,,,,,,
7TGno7LGF4mJHT1mvBMsthaEmavcKM5H8ojXCVcJpump,FP1-RESEARCH-PROBE-STRICT-0001,5,1787077509428195,1787076788000000,0,2,2,2,0,WAITING_FOR_IMPULSE,EXPIRED,ENTRY_WINDOW_EXPIRED,True,,,,,,,,,,,,,,,,,,,,,,,,,,,,,,
AxFT1YGrrf4NKb7eg99iW3vMhWQMEamk2DJLKGYnpump,FP1-RESEARCH-PROBE-STRICT-0001,5,1787077483405654,1787076786000000,0,1,1,2,0,WAITING_FOR_IMPULSE,EXPIRED,ENTRY_WINDOW_EXPIRED,True,,,,,,,,,,,,,,,,,,,,,,,,,,,,,,
8pGvyeMVv9kwGN265xrmUiJ5bFRTbyxPDfP3ELnJpump,FP1-RESEARCH-PROBE-STRICT-0001,5,1787077469771867,1787076785000000,0,1,1,2,0,WAITING_FOR_IMPULSE,EXPIRED,ENTRY_WINDOW_EXPIRED,True,,,,,,,,,,,,,,,,,,,,,,,,,,,,,,
68zfuMUEqq4A7mdDqoQQvTsUn6zLvYQkafw787K2FBze,FP1-RESEARCH-PROBE-STRICT-0001,5,1787077462288248,1787076785000000,0,22,22,2,0,WAITING_FOR_IMPULSE,EXPIRED,ENTRY_WINDOW_EXPIRED,True,,,,,,,,,,,,,,,,,,,,,,,,,,,,,,
FLp9ohj7Lye6JpoB5FLdoETAKHdHDZm5Vk7ZAxYRpump,FP1-RESEARCH-PROBE-STRICT-0001,5,1787077459906458,1787076785000000,0,4,4,2,0,WAITING_FOR_IMPULSE,EXPIRED,ENTRY_WINDOW_EXPIRED,True,,,,,,,,,,,,,,,,,,,,,,,,,,,,,,
9ULnHREJdBvzYjesUhm46A6EfwmMj1yMPuoEJYVDBpkZ,FP1-RESEARCH-PROBE-STRICT-0001,5,1787077457326750,1787076784000000,0,12,12,2,0,WAITING_FOR_IMPULSE,EXPIRED,ENTRY_WINDOW_EXPIRED,True,,,,,,,,,,,,,,,,,,,,,,,,,,,,,,
5RKCoUbp5HKPJR49svNs53emqU2ffWmvA53ceWs6pump,FP1-RESEARCH-PROBE-STRICT-0001,5,1787077452669996,1787076784000000,0,1,1,2,0,WAITING_FOR_IMPULSE,EXPIRED,ENTRY_WINDOW_EXPIRED,True,,,,,,,,,,,,,,,,,,,,,,,,,,,,,,
6sCLdjJp1BGy5DmMLkFYCv6Aeu82Y9iqSNhNwfWKpump,FP1-RESEARCH-PROBE-STRICT-0001,5,1787077447297487,1787076784000000,0,8,8,2,0,WAITING_FOR_IMPULSE,EXPIRED,ENTRY_WINDOW_EXPIRED,True,,,,,,,,,,,,,,,,,,,,,,,,,,,,,,
CnanqtomBVJnT1MXAhoQLE1NuAdhpFqyd9r2DyDzpump,FP1-RESEARCH-PROBE-STRICT-0001,5,1787077436683872,1787076783000000,0,1,1,2,0,WAITING_FOR_IMPULSE,EXPIRED,ENTRY_WINDOW_EXPIRED,True,,,,,,,,,,,,,,,,,,,,,,,,,,,,,,
2GeLRyHhF7pWHQZVMrrB8RQJ6skNbkNxToh1ipzKpump,FP1-RESEARCH-PROBE-STRICT-0001,5,1787077410132685,1787076782000000,0,1,1,2,0,WAITING_FOR_IMPULSE,EXPIRED,ENTRY_WINDOW_EXPIRED,True,,,,,,,,,,,,,,,,,,,,,,,,,,,,,,
B6FgnQMU4VZKrC3fxVJfQ9MbaUBBn6XCsXg4mRUFpump,FP1-RESEARCH-PROBE-STRICT-0001,5,1787077402510282,1787076781000000,0,1,1,2,0,WAITING_FOR_IMPULSE,EXPIRED,ENTRY_WINDOW_EXPIRED,True,,,,,,,,,,,,,,,,,,,,,,,,,,,,,,
EZ1CJhJA7HVqbV3nLDsuB2pk9X5fjjLieBySe6fcSuYj,FP1-RESEARCH-PROBE-STRICT-0001,5,1787077395015711,1787076781000000,0,1,1,2,0,WAITING_FOR_IMPULSE,EXPIRED,ENTRY_WINDOW_EXPIRED,True,,,,,,,,,,,,,,,,,,,,,,,,,,,,,,
4UeoZ7ufmdLv5ZNpoYCX4Cnud9LuLpHJyyvZwRbpgGSW,FP1-RESEARCH-PROBE-STRICT-0001,5,1787077344764076,1787076778000000,0,9,9,2,0,WAITING_FOR_IMPULSE,EXPIRED,ENTRY_WINDOW_EXPIRED,True,,,,,,,,,,,,,,,,,,,,,,,,,,,,,,
Dx1qqmSFoJ8Fko2xcUpYbQ95eYfzkKhqGxcrZVoFpump,FP1-RESEARCH-PROBE-STRICT-0001,5,1787077342138999,1787076778000000,0,189,135,9,1,CANDIDATE_SIGNAL,CANDIDATE_SIGNAL,RECLAIM_CONFIRMED,False,2508,3156,6,6,6,10145481480,63246,13852,72706,70198,3050,4761,159334,3676,92487,19781,2069,3,0,3032098765,720,4,0,3129876542,187906,95419,6595,-3042,1026,
4ddtVZbrQ1JivaA9rT9YxafyXwRbjYkXq7gfhPs8DQ4V,FP1-RESEARCH-PROBE-STRICT-0001,5,1787077342121982,1787076778000000,0,1,1,2,0,WAITING_FOR_IMPULSE,EXPIRED,ENTRY_WINDOW_EXPIRED,True,,,,,,,,,,,,,,,,,,,,,,,,,,,,,,
89RSsU93dKCLW2rnvexmzzVwwo8xkF41nT7VA1VWpump,FP1-RESEARCH-PROBE-STRICT-0001,5,1787077304787732,1787076776000000,0,8,8,2,0,WAITING_FOR_IMPULSE,EXPIRED,ENTRY_WINDOW_EXPIRED,True,,,,,,,,,,,,,,,,,,,,,,,,,,,,,,
65ZfvDHPXnZxUpGYxruAaMWRjus4i4eo6dGPd9Rppump,FP1-RESEARCH-PROBE-STRICT-0001,5,1787077289921593,1787076775000000,0,6,6,2,0,WAITING_FOR_IMPULSE,EXPIRED,ENTRY_WINDOW_EXPIRED,True,,,,,,,,,,,,,,,,,,,,,,,,,,,,,,
7GysKgQyT6nr4KhNM4J9cVQreTie45rLf9SKuxXSeDF7,FP1-RESEARCH-PROBE-STRICT-0001,5,1787077283695018,1787076774000000,0,7,7,2,0,WAITING_FOR_IMPULSE,EXPIRED,ENTRY_WINDOW_EXPIRED,True,,,,,,,,,,,,,,,,,,,,,,,,,,,,,,
B5CrrbdHp2rTxycmbwAy4tdLwxk2FeUFzsSoPer5pump,FP1-RESEARCH-PROBE-STRICT-0001,5,1787077250471105,1787076772000000,0,1,1,2,0,WAITING_FOR_IMPULSE,EXPIRED,ENTRY_WINDOW_EXPIRED,True,,,,,,,,,,,,,,,,,,,,,,,,,,,,,,
H4oVAFf8Uor3G3rwuHMmACqaY1HMRVSeDg4zk8nzpump,FP1-RESEARCH-PROBE-STRICT-0001,5,1787077225501636,1787076771000000,0,1,1,2,0,WAITING_FOR_IMPULSE,EXPIRED,ENTRY_WINDOW_EXPIRED,True,,,,,,,,,,,,,,,,,,,,,,,,,,,,,,
ADWtiF1roQR2LXkV7UB3pBRXuh5hCWfp6zF8tRvLStxo,FP1-RESEARCH-PROBE-STRICT-0001,5,1787077223203697,1787076771000000,0,7,7,2,0,WAITING_FOR_IMPULSE,EXPIRED,ENTRY_WINDOW_EXPIRED,True,,,,,,,,,,,,,,,,,,,,,,,,,,,,,,
24ciaAuJ9gYHFiBGo9umfXTLcnZv2DGZ29qW2uZWpump,FP1-RESEARCH-PROBE-STRICT-0001,5,1787077218471561,1787076770000000,0,22,19,2,0,WAITING_FOR_IMPULSE,EXPIRED,ENTRY_WINDOW_EXPIRED,True,,,,,,,,,,,,,,,,,,,,,,,,,,,,,,
8YBBhovjGX1EpZ6jJqKHamhqn3c6SBc2dmmGwX43pump,FP1-RESEARCH-PROBE-STRICT-0001,5,1787077212884611,1787076769000000,0,1,1,2,0,WAITING_FOR_IMPULSE,EXPIRED,ENTRY_WINDOW_EXPIRED,True,,,,,,,,,,,,,,,,,,,,,,,,,,,,,,
4YQchgMod9WqHCVJmbduGr4vG5QrLXJqfrsTTmkapump,FP1-RESEARCH-PROBE-STRICT-0001,5,1787077212810324,1787076769000000,0,12,12,2,0,WAITING_FOR_IMPULSE,EXPIRED,ENTRY_WINDOW_EXPIRED,True,,,,,,,,,,,,,,,,,,,,,,,,,,,,,,
99Eqt9f1pDiBfaRQJUpxMcbLMHgyGtSLj5Nbgmj7HSzo,FP1-RESEARCH-PROBE-STRICT-0001,5,1787077210054368,1787076769000000,0,1,1,2,0,WAITING_FOR_IMPULSE,EXPIRED,ENTRY_WINDOW_EXPIRED,True,,,,,,,,,,,,,,,,,,,,,,,,,,,,,,
3z1aun6tqmGGD75w23DLcQawy655xMgPJTgmRy2cpump,FP1-RESEARCH-PROBE-STRICT-0001,5,1787077201839475,1787076769000000,0,1,1,2,0,WAITING_FOR_IMPULSE,EXPIRED,ENTRY_WINDOW_EXPIRED,True,,,,,,,,,,,,,,,,,,,,,,,,,,,,,,
GN8cnxehow6suzvczfM2ZzangFMRSxFQUL4Yt36gpump,FP1-RESEARCH-PROBE-STRICT-0001,5,1787077195350679,1787076768000000,0,2,2,2,0,WAITING_FOR_IMPULSE,EXPIRED,ENTRY_WINDOW_EXPIRED,True,,,,,,,,,,,,,,,,,,,,,,,,,,,,,,
J3BLJyPNMV1YHtqn81wUjTq4KsB3mFD8WKez44EJpump,FP1-RESEARCH-PROBE-STRICT-0001,5,1787077192904630,1787076767000000,0,2,2,2,0,WAITING_FOR_IMPULSE,EXPIRED,ENTRY_WINDOW_EXPIRED,True,,,,,,,,,,,,,,,,,,,,,,,,,,,,,,
FYocWZxfrGyqAXmLAatXws6zb56pbY2gZUa3KqVpQEk2,FP1-RESEARCH-PROBE-STRICT-0001,5,1787077186209268,1787076767000000,0,9,9,2,0,WAITING_FOR_IMPULSE,EXPIRED,ENTRY_WINDOW_EXPIRED,True,,,,,,,,,,,,,,,,,,,,,,,,,,,,,,
3NDr1uLVdeNQKpdHasDC3SpQb1A2w3QEQ9x9fwSNpump,FP1-RESEARCH-PROBE-STRICT-0001,5,1787077180022098,1787076767000000,0,2,1,2,0,WAITING_FOR_IMPULSE,EXPIRED,ENTRY_WINDOW_EXPIRED,True,,,,,,,,,,,,,,,,,,,,,,,,,,,,,,
ETMYJeCNgm3HW63Z6fSz7Ks6U7KzVcrMWPdE1822pump,FP1-RESEARCH-PROBE-STRICT-0001,5,1787077168593967,1787076766000000,0,1,1,2,0,WAITING_FOR_IMPULSE,EXPIRED,ENTRY_WINDOW_EXPIRED,True,,,,,,,,,,,,,,,,,,,,,,,,,,,,,,
HpQ7g272RNeDbeCfKEZrBdPJG6bTSHtBtsQddaoipump,FP1-RESEARCH-PROBE-STRICT-0001,5,1787077160685063,1787076765000000,0,1,1,2,0,WAITING_FOR_IMPULSE,EXPIRED,ENTRY_WINDOW_EXPIRED,True,,,,,,,,,,,,,,,,,,,,,,,,,,,,,,
F1VET93pHMiaQbDQEefDfcAkGCQk3yTq7ihg5diCpump,FP1-RESEARCH-PROBE-STRICT-0001,5,1787077160660691,1787076765000000,0,1,1,2,0,WAITING_FOR_IMPULSE,EXPIRED,ENTRY_WINDOW_EXPIRED,True,,,,,,,,,,,,,,,,,,,,,,,,,,,,,,
388MmbRP3mvHyiiNtL5mGcEN3cGrKibj8jUjvRo1yK9W,FP1-RESEARCH-PROBE-STRICT-0001,5,1787077160614547,1787076765000000,0,1,1,2,0,WAITING_FOR_IMPULSE,EXPIRED,ENTRY_WINDOW_EXPIRED,True,,,,,,,,,,,,,,,,,,,,,,,,,,,,,,
3cRRwsW47pxYF2pbLKjGJhp1u2nBajfJLgTqeCaBpump,FP1-RESEARCH-PROBE-STRICT-0001,5,1787077156248769,1787076764000000,0,1,1,2,0,WAITING_FOR_IMPULSE,EXPIRED,ENTRY_WINDOW_EXPIRED,True,,,,,,,,,,,,,,,,,,,,,,,,,,,,,,
4eo7RywxSifvBaorqKhr7JE5qYH4Ufc3BAX7NJEwoEuS,FP1-RESEARCH-PROBE-STRICT-0001,5,1787077148238519,1787076764000000,0,2,2,2,0,WAITING_FOR_IMPULSE,EXPIRED,ENTRY_WINDOW_EXPIRED,True,,,,,,,,,,,,,,,,,,,,,,,,,,,,,,
kRSYfJiDDjbA5B6VtwweBG4RA8moGyTam6fGW5HvDja,FP1-RESEARCH-PROBE-STRICT-0001,5,1787077140968799,1787076763000000,0,9,9,2,0,WAITING_FOR_IMPULSE,EXPIRED,ENTRY_WINDOW_EXPIRED,True,,,,,,,,,,,,,,,,,,,,,,,,,,,,,,
oou2cQqU3kpWJ23BGMm4BuBbJ72nnEbrfHHioDzanxs,FP1-RESEARCH-PROBE-STRICT-0001,5,1787077136248613,1787076763000000,0,1,1,2,0,WAITING_FOR_IMPULSE,EXPIRED,ENTRY_WINDOW_EXPIRED,True,,,,,,,,,,,,,,,,,,,,,,,,,,,,,,
4T1KogxQcpvNKRwr2zbsMbg6hxUp1XNCgPTZGTrBpump,FP1-RESEARCH-PROBE-STRICT-0001,5,1787077133793631,1787076762000000,0,1,1,2,0,WAITING_FOR_IMPULSE,EXPIRED,ENTRY_WINDOW_EXPIRED,True,,,,,,,,,,,,,,,,,,,,,,,,,,,,,,
DnsP5EFLTVbFDhRpodTXXrHrW7Hz1LyQfNMgyHCFpump,FP1-RESEARCH-PROBE-STRICT-0001,5,1787077131229674,1787076762000000,0,2,2,2,0,WAITING_FOR_IMPULSE,EXPIRED,ENTRY_WINDOW_EXPIRED,True,,,,,,,,,,,,,,,,,,,,,,,,,,,,,,
Be3xxfigaYz4hVNzZ3KUyu26BhnQ6ABeGtx3YYLfrkSL,FP1-RESEARCH-PROBE-STRICT-0001,5,1787077103383754,1787076760000000,0,10,10,2,0,WAITING_FOR_IMPULSE,EXPIRED,ENTRY_WINDOW_EXPIRED,True,,,,,,,,,,,,,,,,,,,,,,,,,,,,,,
GyHaKaX8qYapyeXmUWYySnY3LZjuPe9B962VPbCipump,FP1-RESEARCH-PROBE-STRICT-0001,5,1787077100628018,1787076760000000,0,3,3,2,0,WAITING_FOR_IMPULSE,EXPIRED,ENTRY_WINDOW_EXPIRED,True,,,,,,,,,,,,,,,,,,,,,,,,,,,,,,
AcRtEv1cj7HeegGqXo4AGkruMVaHgFbnTK1Ao8t6pump,FP1-RESEARCH-PROBE-STRICT-0001,5,1787077100613561,1787076760000000,0,56,31,2,0,WAITING_FOR_IMPULSE,EXPIRED,ENTRY_WINDOW_EXPIRED,True,,,,,,,,,,,,,,,,,,,,,,,,,,,,,,
468eVWi964Jy1SAFq1HJixr7erdTzTp9NKnKzKPYpump,FP1-RESEARCH-PROBE-STRICT-0001,5,1787077098621864,1787076760000000,0,1,1,2,0,WAITING_FOR_IMPULSE,EXPIRED,ENTRY_WINDOW_EXPIRED,True,,,,,,,,,,,,,,,,,,,,,,,,,,,,,,
B9D5uDCxJmr9reRMoUdzvrS8sefwCDyQXGoTNNg3fgYw,FP1-RESEARCH-PROBE-STRICT-0001,5,1787077067073986,1787076758000000,0,2,2,2,0,WAITING_FOR_IMPULSE,EXPIRED,ENTRY_WINDOW_EXPIRED,True,,,,,,,,,,,,,,,,,,,,,,,,,,,,,,
2baicCwq8XaXZsni2jt9ofaBiNsCtFsjT5vHZUscpump,FP1-RESEARCH-PROBE-STRICT-0001,5,1787077039432875,1787076756000000,0,2,2,2,0,WAITING_FOR_IMPULSE,EXPIRED,ENTRY_WINDOW_EXPIRED,True,,,,,,,,,,,,,,,,,,,,,,,,,,,,,,
J4AUPKtYEqt5VHe8zWN72o7QzWt1wjVRyZxEbUDepump,FP1-RESEARCH-PROBE-STRICT-0001,5,1787077028817897,1787076756000000,0,6,6,2,0,WAITING_FOR_IMPULSE,EXPIRED,ENTRY_WINDOW_EXPIRED,True,,,,,,,,,,,,,,,,,,,,,,,,,,,,,,
HNKCC9MRbADQZeud31YvyDapjjD1JENkwvEKSvvgpump,FP1-RESEARCH-PROBE-STRICT-0001,5,1787077023896749,1787076755000000,0,5,5,2,0,WAITING_FOR_IMPULSE,EXPIRED,ENTRY_WINDOW_EXPIRED,True,,,,,,,,,,,,,,,,,,,,,,,,,,,,,,
77oUtJndaiELNWWn7PD2cRtW4EMo3dsFFPmye75apump,FP1-RESEARCH-PROBE-STRICT-0001,5,1787077017999914,1787076755000000,0,1,1,2,0,WAITING_FOR_IMPULSE,EXPIRED,ENTRY_WINDOW_EXPIRED,True,,,,,,,,,,,,,,,,,,,,,,,,,,,,,,
CEnCFYxux8H6gKUh6QMduyzAYxaPy3TQBZKy3hCVhoCQ,FP1-RESEARCH-PROBE-STRICT-0001,5,1787077015566437,1787076755000000,0,1,1,2,0,WAITING_FOR_IMPULSE,EXPIRED,ENTRY_WINDOW_EXPIRED,True,,,,,,,,,,,,,,,,,,,,,,,,,,,,,,
61a3gXbmshsQFwBPpJZoe6SNzV4qm35ZCJxFtK4Jpump,FP1-RESEARCH-PROBE-STRICT-0001,5,1787077008640683,1787076755000000,0,1,1,2,0,WAITING_FOR_IMPULSE,EXPIRED,ENTRY_WINDOW_EXPIRED,True,,,,,,,,,,,,,,,,,,,,,,,,,,,,,,
8aM5uquSuunJFo25zafzHr72AF4BTbWiz78rwYqpump,FP1-RESEARCH-PROBE-STRICT-0001,5,1787076999663459,1787076754000000,0,1,1,2,0,WAITING_FOR_IMPULSE,EXPIRED,ENTRY_WINDOW_EXPIRED,True,,,,,,,,,,,,,,,,,,,,,,,,,,,,,,
3S27EpFcXVMghvMxsBNKYsZ4sKug1pUsmY1fBXrBpump,FP1-RESEARCH-PROBE-STRICT-0001,5,1787076997025113,1787076753000000,0,1,1,2,0,WAITING_FOR_IMPULSE,EXPIRED,ENTRY_WINDOW_EXPIRED,True,,,,,,,,,,,,,,,,,,,,,,,,,,,,,,
FW4v33A3x7GTTDZBQxozWfPkxnJ3eowM3cye7uLNpump,FP1-RESEARCH-PROBE-STRICT-0001,5,1787076994933369,1787076753000000,0,1,1,1,0,DISCOVERED,EXPIRED,ENTRY_WINDOW_EXPIRED,True,,,,,,,,,,,,,,,,,,,,,,,,,,,,,,
Di1EMmx93SbFcWymKJAiW3h8PfSss7XbzDrH6Epgpump,FP1-RESEARCH-PROBE-STRICT-0001,5,1787076994719409,1787076753000000,0,1,1,2,0,WAITING_FOR_IMPULSE,EXPIRED,ENTRY_WINDOW_EXPIRED,True,,,,,,,,,,,,,,,,,,,,,,,,,,,,,,
7VPDdPcjYp3h49sqMHtMtCppxqDhg8dDB1n5XLdppump,FP1-RESEARCH-PROBE-STRICT-0001,5,1787076993468615,1787076753000000,0,14,5,2,0,WAITING_FOR_IMPULSE,EXPIRED,ENTRY_WINDOW_EXPIRED,True,,,,,,,,,,,,,,,,,,,,,,,,,,,,,,
34x9M7rcmv9ycDA8LdcX8cfmR7THWKPxX1zUxXX1pump,FP1-RESEARCH-PROBE-STRICT-0001,5,1787076988336740,1787076753000000,0,3,1,2,0,WAITING_FOR_IMPULSE,EXPIRED,ENTRY_WINDOW_EXPIRED,True,,,,,,,,,,,,,,,,,,,,,,,,,,,,,,
7G5QwVrFkRu4QmDB3nAkqjxJFsBx9WYwm1eGBGmMpump,FP1-RESEARCH-PROBE-STRICT-0001,5,1787076974566902,1787076753000000,0,1,1,2,0,WAITING_FOR_IMPULSE,EXPIRED,ENTRY_WINDOW_EXPIRED,True,,,,,,,,,,,,,,,,,,,,,,,,,,,,,,
Au9ZAJ7nR3xtB9MXiUy57X4Z1x9RnyJGK5jkXMropump,FP1-RESEARCH-PROBE-STRICT-0001,5,1787076963689573,1787076752000000,0,9,6,2,0,WAITING_FOR_IMPULSE,EXPIRED,ENTRY_WINDOW_EXPIRED,True,,,,,,,,,,,,,,,,,,,,,,,,,,,,,,
EoD9acf25KrHhJb7ime8nr3NyqDnf1stUMk3pyDZEmtS,FP1-RESEARCH-PROBE-STRICT-0001,5,1787076960342469,1787076751000000,0,11,10,2,0,WAITING_FOR_IMPULSE,EXPIRED,ENTRY_WINDOW_EXPIRED,True,,,,,,,,,,,,,,,,,,,,,,,,,,,,,,
AssE3k56q7kSPZSSnrtxXpnDvDn4n5MuwCAhARVopump,FP1-RESEARCH-PROBE-STRICT-0001,5,1787076960231170,1787076751000000,0,8,8,2,0,WAITING_FOR_IMPULSE,EXPIRED,ENTRY_WINDOW_EXPIRED,True,,,,,,,,,,,,,,,,,,,,,,,,,,,,,,
BW7SPidghGfjYSCkVEGXTm2stHAhPLgm3sv9kVtBpump,FP1-RESEARCH-PROBE-STRICT-0001,5,1787076956920968,1787076751000000,0,4,3,2,0,WAITING_FOR_IMPULSE,EXPIRED,ENTRY_WINDOW_EXPIRED,True,,,,,,,,,,,,,,,,,,,,,,,,,,,,,,
BxaBbACnyDobzDzAGSDx6AwzoCexk4vx1SdpK6C5pump,FP1-RESEARCH-PROBE-STRICT-0001,5,1787076949703219,1787076751000000,0,1,1,2,0,WAITING_FOR_IMPULSE,EXPIRED,ENTRY_WINDOW_EXPIRED,True,,,,,,,,,,,,,,,,,,,,,,,,,,,,,,
2wmaWULyFCsfSuBreB2z6Rvqqqqj2CfyamaVJjV6pump,FP1-RESEARCH-PROBE-STRICT-0001,5,1787076943341810,1787076750000000,0,1,1,2,0,WAITING_FOR_IMPULSE,EXPIRED,ENTRY_WINDOW_EXPIRED,True,,,,,,,,,,,,,,,,,,,,,,,,,,,,,,
7jJUtWKJziKAhF9WLmm8Sfni1Xcz82bsYiKPVEeqpump,FP1-RESEARCH-PROBE-STRICT-0001,5,1787076937955256,1787076749000000,0,2,1,2,0,WAITING_FOR_IMPULSE,EXPIRED,ENTRY_WINDOW_EXPIRED,True,,,,,,,,,,,,,,,,,,,,,,,,,,,,,,
DTv3pz8peeZkZdvoHxHvJ1JUhty6ts9SGvfC4kGzDnn8,FP1-RESEARCH-PROBE-STRICT-0001,5,1787076937874263,1787076749000000,0,3,3,2,0,WAITING_FOR_IMPULSE,EXPIRED,ENTRY_WINDOW_EXPIRED,True,,,,,,,,,,,,,,,,,,,,,,,,,,,,,,
FStDTDuGtYYBwVRZ18S6TYcoDiiEqVMiorrK89fqpump,FP1-RESEARCH-PROBE-STRICT-0001,5,1787076918169386,1787076748000000,0,1,1,2,0,WAITING_FOR_IMPULSE,EXPIRED,ENTRY_WINDOW_EXPIRED,True,,,,,,,,,,,,,,,,,,,,,,,,,,,,,,
SndJGLp57MtRWUrDDhZGT2p4mxmMsV7eyDoQkgMpump,FP1-RESEARCH-PROBE-STRICT-0001,5,1787076915573781,1787076748000000,0,2,2,2,0,WAITING_FOR_IMPULSE,EXPIRED,ENTRY_WINDOW_EXPIRED,True,,,,,,,,,,,,,,,,,,,,,,,,,,,,,,
CDhGbKqXPEgh9PvwwwsVaPTJ7XwFh8Jpo7XzY6Zdpump,FP1-RESEARCH-PROBE-STRICT-0001,5,1787076911184046,1787076748000000,0,5,5,2,0,WAITING_FOR_IMPULSE,EXPIRED,ENTRY_WINDOW_EXPIRED,True,,,,,,,,,,,,,,,,,,,,,,,,,,,,,,
4guznapky4xswi8Qoc16HGf3k3hoFD7yEbKxEZyGpump,FP1-RESEARCH-PROBE-STRICT-0001,5,1787076908754179,1787076747000000,0,1,1,2,0,WAITING_FOR_IMPULSE,EXPIRED,ENTRY_WINDOW_EXPIRED,True,,,,,,,,,,,,,,,,,,,,,,,,,,,,,,
HCnZgsFH45ZGR9irM6D5R2dTdFF2hcHBc9XeRXDcpump,FP1-RESEARCH-PROBE-STRICT-0001,5,1787076905893683,1787076747000000,0,1,1,2,0,WAITING_FOR_IMPULSE,EXPIRED,ENTRY_WINDOW_EXPIRED,True,,,,,,,,,,,,,,,,,,,,,,,,,,,,,,
ByCuLLJYnaBXgDiQ7tpir9MDpNMtvDzjrQdf3JX1pump,FP1-RESEARCH-PROBE-STRICT-0001,5,1787076903523423,1787076747000000,0,78,34,1,0,DISCOVERED,EXPIRED,ENTRY_WINDOW_EXPIRED,True,,,,,,,,,,,,,,,,,,,,,,,,,,,,,,
V8pwrntDFeYXVDDSS3H5NygoudcHbToB8Q37mQFpump,FP1-RESEARCH-PROBE-STRICT-0001,5,1787076892365879,1787076746000000,0,2,1,2,0,WAITING_FOR_IMPULSE,EXPIRED,ENTRY_WINDOW_EXPIRED,True,,,,,,,,,,,,,,,,,,,,,,,,,,,,,,
HQ9bG7FeTWVbFvKEvXonjHc5CJVjVFNXG8tveE9icyvZ,FP1-RESEARCH-PROBE-STRICT-0001,5,1787076883466961,1787076745000000,0,1,1,2,0,WAITING_FOR_IMPULSE,EXPIRED,ENTRY_WINDOW_EXPIRED,True,,,,,,,,,,,,,,,,,,,,,,,,,,,,,,
CpxmLWH1bN8Mddbj1WX583BoJrwAQTucvDFe6eBhpump,FP1-RESEARCH-PROBE-STRICT-0001,5,1787076873978195,1787076744000000,0,6,4,2,0,WAITING_FOR_IMPULSE,EXPIRED,ENTRY_WINDOW_EXPIRED,True,,,,,,,,,,,,,,,,,,,,,,,,,,,,,,
5MHeqv63kDyREwMxGSbxG6w1tNR4jePekNMbP1NfNmca,FP1-RESEARCH-PROBE-STRICT-0001,5,1787076871704104,1787076744000000,0,1,1,2,0,WAITING_FOR_IMPULSE,EXPIRED,ENTRY_WINDOW_EXPIRED,True,,,,,,,,,,,,,,,,,,,,,,,,,,,,,,
GtVFV7BQzhUtEeBW3Qr7pzw4hgw6xBhUGnKDPbWXpump,FP1-RESEARCH-PROBE-STRICT-0001,5,1787076869900846,1787076744000000,0,27,24,2,0,WAITING_FOR_IMPULSE,EXPIRED,ENTRY_WINDOW_EXPIRED,True,,,,,,,,,,,,,,,,,,,,,,,,,,,,,,
PeBVYRsRQZAiUoSnBXXhX5E9HUgBZyDURWrerYcYgiz,FP1-RESEARCH-PROBE-STRICT-0001,5,1787076860112732,1787076743000000,0,12,2,2,0,WAITING_FOR_IMPULSE,EXPIRED,ENTRY_WINDOW_EXPIRED,True,,,,,,,,,,,,,,,,,,,,,,,,,,,,,,
BrtFjxbryd56QRziBsN18qAcd9iRtrMuDZQF8DVH2ix4,FP1-RESEARCH-PROBE-STRICT-0001,5,1787076852956403,1787076742000000,0,11,11,2,0,WAITING_FOR_IMPULSE,EXPIRED,ENTRY_WINDOW_EXPIRED,True,,,,,,,,,,,,,,,,,,,,,,,,,,,,,,
BXrAJKpAcGJt2NACiXdt5wHwEi2KukWTAbgmjeKUpump,FP1-RESEARCH-PROBE-STRICT-0001,5,1787076843123845,1787076742000000,0,2,1,2,0,WAITING_FOR_IMPULSE,EXPIRED,ENTRY_WINDOW_EXPIRED,True,,,,,,,,,,,,,,,,,,,,,,,,,,,,,,
EZG1FtAVKbvK7bFcUcvekGbx5MQyjzWQraEqJJeapump,FP1-RESEARCH-PROBE-STRICT-0001,5,1787076822253485,1787076741000000,0,8,7,2,0,WAITING_FOR_IMPULSE,EXPIRED,ENTRY_WINDOW_EXPIRED,True,,,,,,,,,,,,,,,,,,,,,,,,,,,,,,
9caYv4QJPXPNBG8ghnbLdXowyuVzfVkB8Y4a4umpump,FP1-RESEARCH-PROBE-STRICT-0001,5,1787076813200179,1787076741000000,0,1,1,2,0,WAITING_FOR_IMPULSE,EXPIRED,ENTRY_WINDOW_EXPIRED,True,,,,,,,,,,,,,,,,,,,,,,,,,,,,,,
HYcZNR8fUdUFSAW2PmgivxuQU2avfUwX6XmeQKPepump,FP1-RESEARCH-PROBE-STRICT-0001,5,1787076798197776,1787076740000000,0,79,50,7,0,WAITING_FOR_RECLAIM,EXPIRED,ENTRY_WINDOW_EXPIRED,True,32068,4117,6,5,2,6666666666,40685,10125,236221,204153,3318,3318,236221,3318,265281,29060,3280,3,0,4155555555,964,3,0,4155555555,,,,,,
7De9qBYKGiqnJA3dU6Pv9sjZyvXecdZNfRK8dNtpump,FP1-RESEARCH-PROBE-STRICT-0001,5,1787076795776241,1787076740000000,0,1,1,1,0,DISCOVERED,EXPIRED,ENTRY_WINDOW_EXPIRED,True,,,,,,,,,,,,,,,,,,,,,,,,,,,,,,
CXt2iDWiovFYk4fTMnx5wEve98fQGfBgiqmfvVxHpump,FP1-RESEARCH-PROBE-STRICT-0001,5,1787076791189570,1787076740000000,0,7,4,2,0,WAITING_FOR_IMPULSE,EXPIRED,ENTRY_WINDOW_EXPIRED,True,,,,,,,,,,,,,,,,,,,,,,,,,,,,,,
AXF1HmVmXa2d7WJzANJpERtdTSegsw9kBHdgK3H1pump,FP1-RESEARCH-PROBE-STRICT-0001,5,1787076788568616,1787076739000000,0,1,1,2,0,WAITING_FOR_IMPULSE,EXPIRED,ENTRY_WINDOW_EXPIRED,True,,,,,,,,,,,,,,,,,,,,,,,,,,,,,,
6pMDSx3dC9gAFgFyb19DgaBpdP2q1mv3w4Gj4sRn5n4X,FP1-RESEARCH-PROBE-STRICT-0001,5,1787076785957575,1787076739000000,0,7,2,2,0,WAITING_FOR_IMPULSE,EXPIRED,ENTRY_WINDOW_EXPIRED,True,,,,,,,,,,,,,,,,,,,,,,,,,,,,,,
4tDwumTUKbNMskmbYy31fTJ16a1Aeb9KszNWxsiNpump,FP1-RESEARCH-PROBE-STRICT-0001,5,1787076780921528,1787076739000000,0,25,6,2,0,WAITING_FOR_IMPULSE,EXPIRED,ENTRY_WINDOW_EXPIRED,True,,,,,,,,,,,,,,,,,,,,,,,,,,,,,,
gRrXUqdki1PQ5UC7EP64v6wjUvEfftEN98VDHexpump,FP1-RESEARCH-PROBE-STRICT-0001,5,1787076776706717,1787076739000000,0,1,1,2,0,WAITING_FOR_IMPULSE,EXPIRED,ENTRY_WINDOW_EXPIRED,True,,,,,,,,,,,,,,,,,,,,,,,,,,,,,,
43dbNPdxKfU3ZkJteR9U84dGGc4SkGcVDLjEzU3gpump,FP1-RESEARCH-PROBE-STRICT-0001,5,1787076770860729,1787076738000000,0,9,5,2,0,WAITING_FOR_IMPULSE,EXPIRED,ENTRY_WINDOW_EXPIRED,True,,,,,,,,,,,,,,,,,,,,,,,,,,,,,,
8P3CGNvDiKnS2AeVq8UsYoKyNLRUg2Ym3RgZESpgpump,FP1-RESEARCH-PROBE-STRICT-0001,5,1787076768813863,1787076738000000,0,1,1,2,0,WAITING_FOR_IMPULSE,EXPIRED,ENTRY_WINDOW_EXPIRED,True,,,,,,,,,,,,,,,,,,,,,,,,,,,,,,
BhK74qDZfCkrGQcCg2dDs7zzBHqfozanGWdCqaoFpump,FP1-RESEARCH-PROBE-STRICT-0001,5,1787076766818542,1787076738000000,0,1,1,2,0,WAITING_FOR_IMPULSE,EXPIRED,ENTRY_WINDOW_EXPIRED,True,,,,,,,,,,,,,,,,,,,,,,,,,,,,,,
4abDctU61kwGd6DnTdBaoiMhqWigzKtzRnvvJSXjpump,FP1-RESEARCH-PROBE-STRICT-0001,5,1787076762473765,1787076737000000,0,1,1,2,0,WAITING_FOR_IMPULSE,EXPIRED,ENTRY_WINDOW_EXPIRED,True,,,,,,,,,,,,,,,,,,,,,,,,,,,,,,
Vy4ubHnSteumfeo9wfTakoXgzuaARAu4JuQAuhFpump,FP1-RESEARCH-PROBE-STRICT-0001,5,1787076762430766,1787076737000000,0,2,2,2,0,WAITING_FOR_IMPULSE,EXPIRED,ENTRY_WINDOW_EXPIRED,True,,,,,,,,,,,,,,,,,,,,,,,,,,,,,,
6GjaJ5K56DRhyv9P2x9piKPVywstfyj6wiqXTYxspump,FP1-RESEARCH-PROBE-STRICT-0001,5,1787076761058765,1787076737000000,0,154,99,4,0,WAITING_FOR_PULLBACK,EXPIRED,ENTRY_WINDOW_EXPIRED,True,18,5229,4,4,4,8086345734,176992,14691,,,,,,,,,,,,,,,,,,,,,,
3KmQM1KsU9s6GQtas4WqbpdinXnQJoviqP1zEh94pump,FP1-RESEARCH-PROBE-STRICT-0001,5,1787076758113669,1787076736000000,0,18,13,4,0,WAITING_FOR_PULLBACK,EXPIRED,ENTRY_WINDOW_EXPIRED,True,31,3079,4,4,4,8770370368,5824,3213,,,,,,,,,,,,,,,,,,,,,,
HxDaK1KV9z8thXN6qudgL9KY65X9zBsSZgekK6Hjpump,FP1-RESEARCH-PROBE-STRICT-0001,5,1787076758042668,1787076736000000,0,26,19,1,0,DISCOVERED,EXPIRED,ENTRY_WINDOW_EXPIRED,True,,,,,,,,,,,,,,,,,,,,,,,,,,,,,,
8NXGEqwWMNKxv4HuGyAB4tyuc6xDrb44TToRB2Ddpump,FP1-RESEARCH-PROBE-STRICT-0001,5,1787076755603301,1787076736000000,0,33,24,2,0,WAITING_FOR_IMPULSE,EXPIRED,ENTRY_WINDOW_EXPIRED,True,,,,,,,,,,,,,,,,,,,,,,,,,,,,,,
HPympp8tJvsgGphbHy41MiB2R3eYezLgZoXRontGpump,FP1-RESEARCH-PROBE-STRICT-0001,5,1787076755507302,1787076736000000,0,21,6,2,0,WAITING_FOR_IMPULSE,EXPIRED,ENTRY_WINDOW_EXPIRED,True,,,,,,,,,,,,,,,,,,,,,,,,,,,,,,
HNsS8GcTpK77erjuHRMEXeE3aJ8zXhNywehLjfzDpump,FP1-RESEARCH-PROBE-STRICT-0001,5,1787076753933559,1787076735000000,0,27,17,6,0,WAITING_FOR_RESPONSE,INVALIDATED,PULLBACK_TOO_DEEP,False,25,25559,4,4,4,36000000000,1691,38642,11609,11584,4876,5948,11622,,,,,,,,,,,,,,,,,
2sgCEaV8PdZ4GTwYBLKPMABdmZvPrSPdpMhrdtT8pump,FP1-RESEARCH-PROBE-STRICT-0001,5,1787076752814768,1787076735000000,0,1,1,2,0,WAITING_FOR_IMPULSE,EXPIRED,ENTRY_WINDOW_EXPIRED,True,,,,,,,,,,,,,,,,,,,,,,,,,,,,,,
6JrhJ1TqGga75G2iw8PzdXrJwqm7qunTjRAymsTipump,FP1-RESEARCH-PROBE-STRICT-0001,5,1787076752733769,1787076735000000,0,1,1,2,0,WAITING_FOR_IMPULSE,EXPIRED,ENTRY_WINDOW_EXPIRED,True,,,,,,,,,,,,,,,,,,,,,,,,,,,,,,
EzL6hy8z79dv674kGipoL8VnEokQ5931iMk6Hj2zcN15,FP1-RESEARCH-PROBE-STRICT-0001,5,1787076752622769,1787076735000000,0,3,2,2,0,WAITING_FOR_IMPULSE,EXPIRED,ENTRY_WINDOW_EXPIRED,True,,,,,,,,,,,,,,,,,,,,,,,,,,,,,,
FX3KeFPPMcXB644Jg9rymb1Y1rs1aGD4CCGxxftqpump,FP1-RESEARCH-PROBE-STRICT-0001,5,1787076752509768,1787076735000000,0,1,1,2,0,WAITING_FOR_IMPULSE,EXPIRED,ENTRY_WINDOW_EXPIRED,True,,,,,,,,,,,,,,,,,,,,,,,,,,,,,,
2chAqtRahMc2H4FbPsrBtjAYVNZzg9KTEfXRTeYSpump,FP1-RESEARCH-PROBE-STRICT-0001,5,1787076752394767,1787076735000000,0,1,1,2,0,WAITING_FOR_IMPULSE,EXPIRED,ENTRY_WINDOW_EXPIRED,True,,,,,,,,,,,,,,,,,,,,,,,,,,,,,,
5boMjDyxC7JFJNyJSpatdatWeFAjwHwSQfjcFT9jpump,FP1-RESEARCH-PROBE-STRICT-0001,5,1787076750942013,1787076735000000,0,5,5,2,0,WAITING_FOR_IMPULSE,EXPIRED,ENTRY_WINDOW_EXPIRED,True,,,,,,,,,,,,,,,,,,,,,,,,,,,,,,
Ht4jGHzj6ySM4EMvffNF4bY3iwKLvACETAyG5hwPpump,FP1-RESEARCH-PROBE-STRICT-0001,5,1787076749909278,1787076735000000,0,12,5,2,0,WAITING_FOR_IMPULSE,EXPIRED,ENTRY_WINDOW_EXPIRED,True,,,,,,,,,,,,,,,,,,,,,,,,,,,,,,
8SQ2kAo4oqmEwjgXgcLV8oib2Qo8w6KMhcLuAqhUpump,FP1-RESEARCH-PROBE-STRICT-0001,5,1787076748667756,1787076735000000,0,6,4,2,0,WAITING_FOR_IMPULSE,EXPIRED,ENTRY_WINDOW_EXPIRED,True,,,,,,,,,,,,,,,,,,,,,,,,,,,,,,
mbsUkVJNN3n1docGZZxRAA2vT67j4b3i3Uv6g7dpump,FP1-RESEARCH-PROBE-STRICT-0001,5,1787076747032946,1787076734000000,0,2,2,2,0,WAITING_FOR_IMPULSE,EXPIRED,ENTRY_WINDOW_EXPIRED,True,,,,,,,,,,,,,,,,,,,,,,,,,,,,,,
9ofSHjkKaBxkbZ6WtXPfrtTWZ739sMdtpSk3pdW4pump,FP1-RESEARCH-PROBE-STRICT-0001,5,1787076745477206,1787076734000000,0,2,1,2,0,WAITING_FOR_IMPULSE,EXPIRED,ENTRY_WINDOW_EXPIRED,True,,,,,,,,,,,,,,,,,,,,,,,,,,,,,,
J4xP2GWnTcXEPkDsumSbjU2sxaDYD7mebqxvxYicpump,FP1-RESEARCH-PROBE-STRICT-0001,5,1787076744184625,1787076733000000,0,13,13,4,0,WAITING_FOR_PULLBACK,EXPIRED,ENTRY_WINDOW_EXPIRED,True,121,3483,4,4,4,5837435962,1319,3987,,,,,,,,,,,,,,,,,,,,,,
AKgLZJ7ZKtSZJbHUTcsqGjNCeU5hdkahUbk8ZxBLpump,FP1-RESEARCH-PROBE-STRICT-0001,5,1787076744135624,1787076733000000,0,8,3,2,0,WAITING_FOR_IMPULSE,EXPIRED,ENTRY_WINDOW_EXPIRED,True,,,,,,,,,,,,,,,,,,,,,,,,,,,,,,
AmU1A4AHMXYZgo7oBWFKUNVFdD1RRL71DG44JhoApump,FP1-RESEARCH-PROBE-STRICT-0001,5,1787076742908875,1787076733000000,0,37,12,2,0,WAITING_FOR_IMPULSE,EXPIRED,ENTRY_WINDOW_EXPIRED,True,,,,,,,,,,,,,,,,,,,,,,,,,,,,,,
CHnFDNY7yjALt3UswGt4z7r4JaJ47v7nzXjJgrgbpump,FP1-RESEARCH-PROBE-STRICT-0001,5,1787076742817880,1787076733000000,0,1,1,2,0,WAITING_FOR_IMPULSE,EXPIRED,ENTRY_WINDOW_EXPIRED,True,,,,,,,,,,,,,,,,,,,,,,,,,,,,,,
DR5stLQ1REsfUmNxB6882NEmJuXVFLVad2Jetnw6pump,FP1-RESEARCH-PROBE-STRICT-0001,5,1787076741566361,1787076733000000,0,16,16,1,0,DISCOVERED,EXPIRED,ENTRY_WINDOW_EXPIRED,True,,,,,,,,,,,,,,,,,,,,,,,,,,,,,,
5H3yawFnDbCr9yGXtbp6SL7tQRKXQCQEBDki8XjCpump,FP1-RESEARCH-PROBE-STRICT-0001,5,1787076741485363,1787076733000000,0,31,24,2,0,WAITING_FOR_IMPULSE,EXPIRED,ENTRY_WINDOW_EXPIRED,True,,,,,,,,,,,,,,,,,,,,,,,,,,,,,,
51XG8a5nVP1C6ussXiS5uhCN62qLfzQhpcxqZ1Bxpump,FP1-RESEARCH-PROBE-STRICT-0001,5,1787076741426362,1787076733000000,0,1,1,1,0,DISCOVERED,EXPIRED,ENTRY_WINDOW_EXPIRED,True,,,,,,,,,,,,,,,,,,,,,,,,,,,,,,
bqxeDEw8MtMvAra5RmfcMD7Nqz7vt18ZPzCHfxVpump,FP1-RESEARCH-PROBE-STRICT-0001,5,1787076740154423,1787076733000000,0,29,19,2,0,WAITING_FOR_IMPULSE,EXPIRED,ENTRY_WINDOW_EXPIRED,True,,,,,,,,,,,,,,,,,,,,,,,,,,,,,,
K5fvUGDgUJTCivcLbKyy7L7Msmd8x7rDYQkwUQfpump,FP1-RESEARCH-PROBE-STRICT-0001,5,1787076740038422,1787076733000000,0,7,2,2,0,WAITING_FOR_IMPULSE,EXPIRED,ENTRY_WINDOW_EXPIRED,True,,,,,,,,,,,,,,,,,,,,,,,,,,,,,,
5faGDXwbiBq5miEMyuv79tXd8oFMgpAFMXGA7Xexpump,FP1-RESEARCH-PROBE-STRICT-0001,5,1787076739821676,1787076733000000,0,22,12,2,0,WAITING_FOR_IMPULSE,EXPIRED,ENTRY_WINDOW_EXPIRED,True,,,,,,,,,,,,,,,,,,,,,,,,,,,,,,
2UdWPq4SvnFrUJtcmdiHt54JbYTMkavd446LZdHDpump,FP1-RESEARCH-PROBE-STRICT-0001,5,1787076738559451,1787076732000000,0,8,3,2,0,WAITING_FOR_IMPULSE,EXPIRED,ENTRY_WINDOW_EXPIRED,True,,,,,,,,,,,,,,,,,,,,,,,,,,,,,,
FHhPcCkRZRbyaKQn6uN1Uf5jYadvnFzohGxjWmSHpump,FP1-RESEARCH-PROBE-STRICT-0001,5,1787076738467446,1787076732000000,0,25,13,2,0,WAITING_FOR_IMPULSE,EXPIRED,ENTRY_WINDOW_EXPIRED,True,,,,,,,,,,,,,,,,,,,,,,,,,,,,,,
6L23brf3xkaSsD5mpG49rkdYWpUF7Pb2pujhqJcLpump,FP1-RESEARCH-PROBE-STRICT-0001,5,1787076737243715,1787076732000000,0,18,2,2,0,WAITING_FOR_IMPULSE,EXPIRED,ENTRY_WINDOW_EXPIRED,True,,,,,,,,,,,,,,,,,,,,,,,,,,,,,,
4MSpPMLsCDGjo161D1BpnxDEtr1wTHNMiHSrev9upump,FP1-RESEARCH-PROBE-STRICT-0001,5,1787076737035198,1787076732000000,0,1,1,2,0,WAITING_FOR_IMPULSE,EXPIRED,ENTRY_WINDOW_EXPIRED,True,,,,,,,,,,,,,,,,,,,,,,,,,,,,,,
Dipy9KTCX53GEjRpPxh3dn6Y6tcN7mrf3vL3To6Qpump,FP1-RESEARCH-PROBE-STRICT-0001,5,1787076735823607,1787076732000000,0,2,2,2,0,WAITING_FOR_IMPULSE,EXPIRED,ENTRY_WINDOW_EXPIRED,True,,,,,,,,,,,,,,,,,,,,,,,,,,,,,,
DQxaq3uzLZifBuKwyN33zZFqEgVe5A13Rtzm1SAFpump,FP1-RESEARCH-PROBE-STRICT-0001,5,1787076735615608,1787076731000000,0,8,3,2,0,WAITING_FOR_IMPULSE,EXPIRED,ENTRY_WINDOW_EXPIRED,True,,,,,,,,,,,,,,,,,,,,,,,,,,,,,,
2VLVnUfyU4UNvbZCZUfVRLGJKQRJS9UQ5mRSswwgpump,FP1-RESEARCH-PROBE-STRICT-0001,5,1787076735559613,1787076731000000,0,30,12,2,0,WAITING_FOR_IMPULSE,EXPIRED,ENTRY_WINDOW_EXPIRED,True,,,,,,,,,,,,,,,,,,,,,,,,,,,,,,
6VQxvirCSMXkidzYPaH8hheoujCx3qAwidbNe685pump,FP1-RESEARCH-PROBE-STRICT-0001,5,1787076735541611,1787076731000000,0,7,7,2,0,WAITING_FOR_IMPULSE,EXPIRED,ENTRY_WINDOW_EXPIRED,True,,,,,,,,,,,,,,,,,,,,,,,,,,,,,,
ukWSz1Bx9ZPeQCU5UcFmP1nuVuDw1YRXNkxEphRmHj4,FP1-RESEARCH-PROBE-STRICT-0001,5,1787076735521612,1787076731000000,0,1,1,2,0,WAITING_FOR_IMPULSE,EXPIRED,ENTRY_WINDOW_EXPIRED,True,,,,,,,,,,,,,,,,,,,,,,,,,,,,,,
J9F3kEV4o3MNMDZ941k1pMv6dizd1LisSVj9uRGPpump,FP1-RESEARCH-PROBE-STRICT-0001,5,1787076735480607,1787076731000000,0,81,50,2,0,WAITING_FOR_IMPULSE,EXPIRED,ENTRY_WINDOW_EXPIRED,True,,,,,,,,,,,,,,,,,,,,,,,,,,,,,,
DrkPf7FREMSJT3BubbLWzgr6eYZozXeQpdEKugBHpump,FP1-RESEARCH-PROBE-STRICT-0001,5,1787076734205874,1787076731000000,0,24,2,2,0,WAITING_FOR_IMPULSE,EXPIRED,ENTRY_WINDOW_EXPIRED,True,,,,,,,,,,,,,,,,,,,,,,,,,,,,,,
GDFGRFA98nsJYD9SYyWuk4YDXV73ffP211JKFRVZpump,FP1-RESEARCH-PROBE-STRICT-0001,5,1787076734153361,1787076731000000,0,39,17,2,0,WAITING_FOR_IMPULSE,EXPIRED,ENTRY_WINDOW_EXPIRED,True,,,,,,,,,,,,,,,,,,,,,,,,,,,,,,
EVvmWSviacYbdi2HmywGMcsL72b3dps5JjXiduR3pump,FP1-RESEARCH-PROBE-STRICT-0001,5,1787076733912823,1787076731000000,0,81,46,2,0,WAITING_FOR_IMPULSE,EXPIRED,ENTRY_WINDOW_EXPIRED,True,,,,,,,,,,,,,,,,,,,,,,,,,,,,,,
7qsyyPBvvVGayoNibVcaqNu5ePpg9ftxQUUxCpRKpump,FP1-RESEARCH-PROBE-STRICT-0001,5,1787076733893819,1787076731000000,0,39,16,2,0,WAITING_FOR_IMPULSE,EXPIRED,ENTRY_WINDOW_EXPIRED,True,,,,,,,,,,,,,,,,,,,,,,,,,,,,,,
A1qj4xebzHwjM4gz9LqLGYWLkXyRJdZX6kEQqCCbpump,FP1-RESEARCH-PROBE-STRICT-0001,5,1787076732797823,1787076731000000,0,2,2,2,0,WAITING_FOR_IMPULSE,EXPIRED,ENTRY_WINDOW_EXPIRED,True,,,,,,,,,,,,,,,,,,,,,,,,,,,,,,
KjzjkuZ8r6BBkQBPNsgSGsmxppwFmPbrgWcnGpnpump,FP1-RESEARCH-PROBE-STRICT-0001,5,1787076732649822,1787076731000000,0,58,16,4,0,WAITING_FOR_PULLBACK,INVALIDATED,PULLBACK_TOO_DEEP,False,67913,3377,13,4,1,74970908,67913,3377,,,,2678,86110,,,,,,,,,,,,,,,,,
Fusiy3cT5ZTVkmFZyTQ1kLFDZ8otdcB8C4R1S8pC1S7L,FP1-RESEARCH-PROBE-STRICT-0001,5,1787076732484044,1787076731000000,0,19,18,2,0,WAITING_FOR_IMPULSE,EXPIRED,ENTRY_WINDOW_EXPIRED,True,,,,,,,,,,,,,,,,,,,,,,,,,,,,,,
6nZgBu1Un7t9VcLkKN5PNMXSxEhYFLDsAwL6JeF1pump,FP1-RESEARCH-PROBE-STRICT-0001,5,1787076732446047,1787076730000000,0,1,1,2,0,WAITING_FOR_IMPULSE,EXPIRED,ENTRY_WINDOW_EXPIRED,True,,,,,,,,,,,,,,,,,,,,,,,,,,,,,,
49bo69QPveB1wCWWgUQYfkMr299VZmTtctGfimuVTuUY,FP1-RESEARCH-PROBE-STRICT-0001,5,1787076732365043,1787076730000000,0,46,23,2,0,WAITING_FOR_IMPULSE,EXPIRED,ENTRY_WINDOW_EXPIRED,True,,,,,,,,,,,,,,,,,,,,,,,,,,,,,,
5w2zL6fRKxxfBNu2nYC7EUFyeKreAYH9sWcJY1Bxpump,FP1-RESEARCH-PROBE-STRICT-0001,5,1787076732356042,1787076730000000,0,71,31,1,0,DISCOVERED,EXPIRED,ENTRY_WINDOW_EXPIRED,True,,,,,,,,,,,,,,,,,,,,,,,,,,,,,,
24qYt9vrVyp6T2EueAURGymF9MrpnDH6ceedMi9dpump,FP1-RESEARCH-PROBE-STRICT-0001,5,1787076732349042,1787076730000000,0,147,35,6,0,WAITING_FOR_RESPONSE,INVALIDATED,PULLBACK_TOO_DEEP,False,115005,9036,17,4,1,19753085,152734,21005,198670,83665,3186,5743,256075,,,,,,,,,,,,,,,,,
8Ra4Rbqfn3dDSzvVBWV9Qbxh95AzCNvJ3QPxLAAYF5yf,FP1-RESEARCH-PROBE-STRICT-0001,5,1787076732291048,1787076730000000,0,19,12,2,0,WAITING_FOR_IMPULSE,EXPIRED,ENTRY_WINDOW_EXPIRED,True,,,,,,,,,,,,,,,,,,,,,,,,,,,,,,
99vYtpjVMtRN2P6fKykci6ehtWnKM61ZcBLmbbV1pump,FP1-RESEARCH-PROBE-STRICT-0001,5,1787076731230011,1787076730000000,0,1,1,2,0,WAITING_FOR_IMPULSE,EXPIRED,ENTRY_WINDOW_EXPIRED,True,,,,,,,,,,,,,,,,,,,,,,,,,,,,,,
8wDRMU2vkVjSgXQZ6mwF6uzH6cHtvTzxxL8AZ7Dbpump,FP1-RESEARCH-PROBE-STRICT-0001,5,1787076731023006,1787076730000000,0,1,1,2,0,WAITING_FOR_IMPULSE,EXPIRED,ENTRY_WINDOW_EXPIRED,True,,,,,,,,,,,,,,,,,,,,,,,,,,,,,,
Egzjvops7QCrSpoLs1cbH9Jh78zxx2RfEu7HaVfypump,FP1-RESEARCH-PROBE-STRICT-0001,5,1787076731007007,1787076730000000,0,39,25,2,0,WAITING_FOR_IMPULSE,EXPIRED,ENTRY_WINDOW_EXPIRED,True,,,,,,,,,,,,,,,,,,,,,,,,,,,,,,
FBPK8CoKzipKzVxE1KZbC98B4DMQ3qLeGtXgVy5tpump,FP1-RESEARCH-PROBE-STRICT-0001,5,1787076730977008,1787076730000000,0,1,1,2,0,WAITING_FOR_IMPULSE,EXPIRED,ENTRY_WINDOW_EXPIRED,True,,,,,,,,,,,,,,,,,,,,,,,,,,,,,,
24qYL6eQCpyN8WvBcVM6wUco7w14cvcYxw1koMtmpump,FP1-RESEARCH-PROBE-STRICT-0001,5,1787076730761884,1787076730000000,0,137,55,6,0,WAITING_FOR_RESPONSE,INVALIDATED,PULLBACK_TOO_DEEP,False,156168,4832,50,12,1,29716736,156168,4832,161686,5518,3445,8053,184912,,,,,,,,,,,,,,,,,
EseYwg2iVJju6u3H4gE5bH8N9uWDqMsTWU8nAV1epump,FP1-RESEARCH-PROBE-STRICT-0001,5,1787076730714882,1787076730000000,0,140,57,6,0,WAITING_FOR_RESPONSE,INVALIDATED,PULLBACK_TOO_DEEP,False,127202,3324,34,4,1,12964845,189845,16408,207157,79955,3835,6466,215262,,,,,,,,,,,,,,,,,
A6eQxu4uXKsEcLfX4Dy8rDzwLmqkACMaSfnMuU4Ppump,FP1-RESEARCH-PROBE-STRICT-0001,5,1787076730693883,1787076730000000,0,118,48,2,0,WAITING_FOR_IMPULSE,EXPIRED,ENTRY_WINDOW_EXPIRED,True,,,,,,,,,,,,,,,,,,,,,,,,,,,,,,
H64hLpEnAAuHoKgzei5HFt217CEpmx9UPMoRtquCpump,FP1-RESEARCH-PROBE-STRICT-0001,5,1787076730687883,1787076730000000,0,1,1,2,0,WAITING_FOR_IMPULSE,EXPIRED,ENTRY_WINDOW_EXPIRED,True,,,,,,,,,,,,,,,,,,,,,,,,,,,,,,
CciwZdzuutzcihRxzZtX4n8s73q6WgDPktXPoZ7Wpump,FP1-RESEARCH-PROBE-STRICT-0001,5,1787076730661882,1787076730000000,0,92,71,2,0,WAITING_FOR_IMPULSE,EXPIRED,ENTRY_WINDOW_EXPIRED,True,,,,,,,,,,,,,,,,,,,,,,,,,,,,,,
8kC6xAByh5KyDxrWH1Y9PWkWP3p3RVyfo14XzuQ3WN5M,FP1-RESEARCH-PROBE-STRICT-0001,5,1787076027408792,1787075474000000,0,1,1,2,0,WAITING_FOR_IMPULSE,EXPIRED,ENTRY_WINDOW_EXPIRED,True,,,,,,,,,,,,,,,,,,,,,,,,,,,,,,
Cau7ZY9fZn9GWYrjCMGiQuNr7fETQZUfcUve5wPiVDnh,FP1-RESEARCH-PROBE-STRICT-0001,5,1787076027361842,1787075473000000,0,1,1,2,0,WAITING_FOR_IMPULSE,EXPIRED,ENTRY_WINDOW_EXPIRED,True,,,,,,,,,,,,,,,,,,,,,,,,,,,,,,
EVhtQSkjMHPwyTm6zpBQJR2ow9QyWxBP6mJEKV5Kpump,FP1-RESEARCH-PROBE-STRICT-0001,5,1787076004517652,1787075471000000,0,20,20,4,0,WAITING_FOR_PULLBACK,EXPIRED,ENTRY_WINDOW_EXPIRED,True,10,3121,6,6,6,7800229817,10468,5513,,,,,,,,,,,,,,,,,,,,,,
CaZu4YyRfVqMBynVd2o7LQeDQPGayu6oJQLV3QT7QKYU,FP1-RESEARCH-PROBE-STRICT-0001,5,1787076000099268,1787075471000000,0,6,6,2,0,WAITING_FOR_IMPULSE,EXPIRED,ENTRY_WINDOW_EXPIRED,True,,,,,,,,,,,,,,,,,,,,,,,,,,,,,,
24qTzcFU4LHbnCD9jif6nrpn17M6XayF7C5CPVzZpump,FP1-RESEARCH-PROBE-STRICT-0001,5,1787076000093754,1787075471000000,0,8,8,2,0,WAITING_FOR_IMPULSE,EXPIRED,ENTRY_WINDOW_EXPIRED,True,,,,,,,,,,,,,,,,,,,,,,,,,,,,,,
8A8XE8AseWxQEGaaZ4Fw5eqitxThPcYSd9mDuF5Dpump,FP1-RESEARCH-PROBE-STRICT-0001,5,1787076000087241,1787075471000000,0,1,1,2,0,WAITING_FOR_IMPULSE,EXPIRED,ENTRY_WINDOW_EXPIRED,True,,,,,,,,,,,,,,,,,,,,,,,,,,,,,,
4fhMyvMaus6ujEhbt6VbS5Pnyf8CbvXWLJdW4JvZpump,FP1-RESEARCH-PROBE-STRICT-0001,5,1787075997755261,1787075469000000,0,1,1,1,0,DISCOVERED,EXPIRED,ENTRY_WINDOW_EXPIRED,True,,,,,,,,,,,,,,,,,,,,,,,,,,,,,,
CHRskLZjjcuETHRbyWNKvx4Mt333GuNHrZw1WJrLpump,FP1-RESEARCH-PROBE-STRICT-0001,5,1787075990754537,1787075467000000,0,2,2,2,0,WAITING_FOR_IMPULSE,EXPIRED,ENTRY_WINDOW_EXPIRED,True,,,,,,,,,,,,,,,,,,,,,,,,,,,,,,
EUF4Cetz7HzMV7stvk8SmY9rJhZx3ZLZcq5T4aDEpump,FP1-RESEARCH-PROBE-STRICT-0001,5,1787075988317637,1787075466000000,0,14,14,6,0,WAITING_FOR_RESPONSE,EXPIRED,ENTRY_WINDOW_EXPIRED,True,18625,6617,8,4,2,499065256,18625,6617,36960,18335,4348,4348,36960,,,,,,,,,,,,,,,,,
D59vie5vZirj2KQJ9N8qGpchJAWoi8v4ozp1gvygpump,FP1-RESEARCH-PROBE-STRICT-0001,5,1787075988288600,1787075466000000,0,1,1,2,0,WAITING_FOR_IMPULSE,EXPIRED,ENTRY_WINDOW_EXPIRED,True,,,,,,,,,,,,,,,,,,,,,,,,,,,,,,
BewgSY6zvcEupzqRm8c9sN7ZHTF2m6d9Uyk9iZYBpump,FP1-RESEARCH-PROBE-STRICT-0001,5,1787075983620514,1787075464000000,0,6,6,2,0,WAITING_FOR_IMPULSE,EXPIRED,ENTRY_WINDOW_EXPIRED,True,,,,,,,,,,,,,,,,,,,,,,,,,,,,,,
FRBtgoEpYwX9sWoj3Z2KpE29QBFv6ubYafCHWtrupump,FP1-RESEARCH-PROBE-STRICT-0001,5,1787075979295198,1787075463000000,0,1,1,2,0,WAITING_FOR_IMPULSE,EXPIRED,ENTRY_WINDOW_EXPIRED,True,,,,,,,,,,,,,,,,,,,,,,,,,,,,,,
EG3oUzy57mbCMaxtKXKRZcvNBmeCALjqpmvXfV71pump,FP1-RESEARCH-PROBE-STRICT-0001,5,1787075976500841,1787075462000000,0,6,6,2,0,WAITING_FOR_IMPULSE,EXPIRED,ENTRY_WINDOW_EXPIRED,True,,,,,,,,,,,,,,,,,,,,,,,,,,,,,,
9e8gnDsBka6uCgUju82pxhDcdnMVfYifXjN495YWpump,FP1-RESEARCH-PROBE-STRICT-0001,5,1787075971614243,1787075459000000,0,1,1,2,0,WAITING_FOR_IMPULSE,EXPIRED,ENTRY_WINDOW_EXPIRED,True,,,,,,,,,,,,,,,,,,,,,,,,,,,,,,
2ftPYD79z9EW67uK7b4K1H9JmoVdjJxD43fnxK4Apump,FP1-RESEARCH-PROBE-STRICT-0001,5,1787075968796474,1787075458000000,0,2,2,2,0,WAITING_FOR_IMPULSE,EXPIRED,ENTRY_WINDOW_EXPIRED,True,,,,,,,,,,,,,,,,,,,,,,,,,,,,,,
Fs47a5ugFPHNGj3FNGVeh8Vfv4uPaAsc6CjQuNfepump,FP1-RESEARCH-PROBE-STRICT-0001,5,1787075966348583,1787075458000000,0,1,1,2,0,WAITING_FOR_IMPULSE,EXPIRED,ENTRY_WINDOW_EXPIRED,True,,,,,,,,,,,,,,,,,,,,,,,,,,,,,,
5W4wTbCRQsC4oKUbvYA4xkvaRMETxitwoYi9NbT9aYg1,FP1-RESEARCH-PROBE-STRICT-0001,5,1787075963918780,1787075457000000,0,1,1,2,0,WAITING_FOR_IMPULSE,EXPIRED,ENTRY_WINDOW_EXPIRED,True,,,,,,,,,,,,,,,,,,,,,,,,,,,,,,
CRxxqEPLGwoST7noV76Nsfte2UgVN8XYixMhZbWSpump,FP1-RESEARCH-PROBE-STRICT-0001,5,1787075959015459,1787075455000000,0,2,2,2,0,WAITING_FOR_IMPULSE,EXPIRED,ENTRY_WINDOW_EXPIRED,True,,,,,,,,,,,,,,,,,,,,,,,,,,,,,,
89g2tcdkwicNhppRinFEdifK4EDm2pcHBUTymcuTpump,FP1-RESEARCH-PROBE-STRICT-0001,5,1787075951635587,1787075453000000,0,1,1,2,0,WAITING_FOR_IMPULSE,EXPIRED,ENTRY_WINDOW_EXPIRED,True,,,,,,,,,,,,,,,,,,,,,,,,,,,,,,
2vBhhhZtnmMyjrFqqTPGNu3JKyT31tmPiTymg4wgpump,FP1-RESEARCH-PROBE-STRICT-0001,5,1787075949015597,1787075453000000,0,14,14,2,0,WAITING_FOR_IMPULSE,EXPIRED,ENTRY_WINDOW_EXPIRED,True,,,,,,,,,,,,,,,,,,,,,,,,,,,,,,
6crppbS8d8xQHeA6wbe1FwHL2TRcchPztfEWE6jkpump,FP1-RESEARCH-PROBE-STRICT-0001,5,1787075932151958,1787075450000000,0,46,46,2,0,WAITING_FOR_IMPULSE,EXPIRED,ENTRY_WINDOW_EXPIRED,True,,,,,,,,,,,,,,,,,,,,,,,,,,,,,,
6qFcpEmZ9ggd5Hqn5GRL8umUrRh9ateNMKDKPhs7pump,FP1-RESEARCH-PROBE-STRICT-0001,5,1787075927233418,1787075448000000,0,51,51,2,0,WAITING_FOR_IMPULSE,EXPIRED,ENTRY_WINDOW_EXPIRED,True,,,,,,,,,,,,,,,,,,,,,,,,,,,,,,
3MJU3RRDdA5ayFeX1dq7vnbqA8mBLMR9umz5GQgLpump,FP1-RESEARCH-PROBE-STRICT-0001,5,1787075927231418,1787075448000000,0,1,1,2,0,WAITING_FOR_IMPULSE,EXPIRED,ENTRY_WINDOW_EXPIRED,True,,,,,,,,,,,,,,,,,,,,,,,,,,,,,,
2JbGQU9hj6taNRqPHGvniJ7tD2MSNVyuqFbWYSMfpump,FP1-RESEARCH-PROBE-STRICT-0001,5,1787075924515153,1787075448000000,0,1,1,2,0,WAITING_FOR_IMPULSE,EXPIRED,ENTRY_WINDOW_EXPIRED,True,,,,,,,,,,,,,,,,,,,,,,,,,,,,,,
GubeDzpSydvXbP52bNLqXRKiGapnvB1JUobYM7j5pump,FP1-RESEARCH-PROBE-STRICT-0001,5,1787075924514151,1787075448000000,0,1,1,2,0,WAITING_FOR_IMPULSE,EXPIRED,ENTRY_WINDOW_EXPIRED,True,,,,,,,,,,,,,,,,,,,,,,,,,,,,,,
6Ywgrn4tpunQ25YAoQyuZkjGpSL2TzDKoyQYYgrcpump,FP1-RESEARCH-PROBE-STRICT-0001,5,1787075919277470,1787075446000000,0,7,7,2,0,WAITING_FOR_IMPULSE,EXPIRED,ENTRY_WINDOW_EXPIRED,True,,,,,,,,,,,,,,,,,,,,,,,,,,,,,,
8rgBCz31kFMX9t6owpwEZRauudeY3HXCLB1HJUTxtaKF,FP1-RESEARCH-PROBE-STRICT-0001,5,1787075913832742,1787075445000000,0,18,18,4,0,WAITING_FOR_PULLBACK,EXPIRED,ENTRY_WINDOW_EXPIRED,True,23156,4348,9,4,1,159853512,28601,6792,,,,,,,,,,,,,,,,,,,,,,
FEPGE8twpBKmJduyqUrsfcosNXb9iauH4SAjNTeNpump,FP1-RESEARCH-PROBE-STRICT-0001,5,1787075906074956,1787075444000000,0,1,1,2,0,WAITING_FOR_IMPULSE,EXPIRED,ENTRY_WINDOW_EXPIRED,True,,,,,,,,,,,,,,,,,,,,,,,,,,,,,,
Hf5MDX7vCdXVbVdUeqMUe6bCGQU5uqygKevooXwqpump,FP1-RESEARCH-PROBE-STRICT-0001,5,1787075903237401,1787075443000000,0,1,1,2,0,WAITING_FOR_IMPULSE,EXPIRED,ENTRY_WINDOW_EXPIRED,True,,,,,,,,,,,,,,,,,,,,,,,,,,,,,,
9N872gyHMcbZgVkVNLLti4m6WJo9Sam7imGGW89pump,FP1-RESEARCH-PROBE-STRICT-0001,5,1787075888446271,1787075441000000,0,1,1,2,0,WAITING_FOR_IMPULSE,EXPIRED,ENTRY_WINDOW_EXPIRED,True,,,,,,,,,,,,,,,,,,,,,,,,,,,,,,
C983zsBpasUwhAj1s1ZA9DhF8ogyATxkjNe8uQxfpump,FP1-RESEARCH-PROBE-STRICT-0001,5,1787075879664766,1787075439000000,0,4,4,2,0,WAITING_FOR_IMPULSE,EXPIRED,ENTRY_WINDOW_EXPIRED,True,,,,,,,,,,,,,,,,,,,,,,,,,,,,,,
CJFyaCyjZ6dwscrLKZAiQ7AeXRFm74u4KgG17S3fUqSU,FP1-RESEARCH-PROBE-STRICT-0001,5,1787075875432028,1787075439000000,0,1,1,2,0,WAITING_FOR_IMPULSE,EXPIRED,ENTRY_WINDOW_EXPIRED,True,,,,,,,,,,,,,,,,,,,,,,,,,,,,,,
HzgqDreTWWBvikLxHPVTM1cKbNyP1TWoPZMKxK1xrHac,FP1-RESEARCH-PROBE-STRICT-0001,5,1787075867903091,1787075438000000,0,1,1,2,0,WAITING_FOR_IMPULSE,EXPIRED,ENTRY_WINDOW_EXPIRED,True,,,,,,,,,,,,,,,,,,,,,,,,,,,,,,
2dY1HxXdKtxoD2Nb973UiFFVSVzwSn2kHAQzwi6mpump,FP1-RESEARCH-PROBE-STRICT-0001,5,1787075852384831,1787075436000000,0,54,32,6,0,WAITING_FOR_RESPONSE,INVALIDATED,PULLBACK_TOO_DEEP,False,79728,4180,18,4,2,232344836,101841,18921,104214,24486,4679,5835,106607,,,,,,,,,,,,,,,,,
DZ1w2NWZpFR4hGGSvFaVLTxWdWsB6Mpxumzg4Eiopump,FP1-RESEARCH-PROBE-STRICT-0001,5,1787075843364688,1787075436000000,0,1,1,2,0,WAITING_FOR_IMPULSE,EXPIRED,ENTRY_WINDOW_EXPIRED,True,,,,,,,,,,,,,,,,,,,,,,,,,,,,,,
F8RWF26ffeeUgKFnG5XgkKbh1vzpQsrsXuGewq1Dpump,FP1-RESEARCH-PROBE-STRICT-0001,5,1787075836212537,1787075435000000,0,2,2,2,0,WAITING_FOR_IMPULSE,EXPIRED,ENTRY_WINDOW_EXPIRED,True,,,,,,,,,,,,,,,,,,,,,,,,,,,,,,
BRaxsZoYg6scR2hekHexTfgyLnpopySWqPLcW4o6pump,FP1-RESEARCH-PROBE-STRICT-0001,5,1787075821440949,1787075434000000,0,93,93,6,0,WAITING_FOR_RESPONSE,EXPIRED,ENTRY_WINDOW_EXPIRED,True,7431,3757,9,9,4,4744973027,9869,5439,35767,28336,3046,3976,205961,,,,,,,,,,,,,,,,,
BuE9duiToFMfJ6q3wCn3d2KrzdrefqgN71kaTwtUpump,FP1-RESEARCH-PROBE-STRICT-0001,5,1787075818970422,1787075434000000,0,1,1,2,0,WAITING_FOR_IMPULSE,EXPIRED,ENTRY_WINDOW_EXPIRED,True,,,,,,,,,,,,,,,,,,,,,,,,,,,,,,
EeYis5gvhm5KhtwetHC62uvBbZ1cerZNvoFasAPkpump,FP1-RESEARCH-PROBE-STRICT-0001,5,1787075817588473,1787075434000000,0,2,2,2,0,WAITING_FOR_IMPULSE,EXPIRED,ENTRY_WINDOW_EXPIRED,True,,,,,,,,,,,,,,,,,,,,,,,,,,,,,,
HHEK9pFCXbK6GevCgBkTTzHdpdMCr1PwEFjioxh5pump,FP1-RESEARCH-PROBE-STRICT-0001,5,1787075812865899,1787075433000000,0,23,23,2,0,WAITING_FOR_IMPULSE,EXPIRED,ENTRY_WINDOW_EXPIRED,True,,,,,,,,,,,,,,,,,,,,,,,,,,,,,,
9RnvWbNFkuSmiPkACof4SWcJ679fCY3jDC6gvZxZpump,FP1-RESEARCH-PROBE-STRICT-0001,4,1787075812823794,1787075433000000,0,1,1,2,0,WAITING_FOR_IMPULSE,EXPIRED,ENTRY_WINDOW_EXPIRED,True,,,,,,,,,,,,,,,,,,,,,,,,,,,,,,
Bf8inNx9RpCFRZbSrVHnLse3Bz3da8ea4kMzhtxxpump,FP1-RESEARCH-PROBE-STRICT-0001,4,1787075802114415,1787075432000000,0,4,4,2,0,WAITING_FOR_IMPULSE,EXPIRED,ENTRY_WINDOW_EXPIRED,True,,,,,,,,,,,,,,,,,,,,,,,,,,,,,,
G6cyLHD84wq27a3vsz5Cv27nQEsZ1BxPZy4mZiEdFDpc,FP1-RESEARCH-PROBE-STRICT-0001,4,1787075797803732,1787075432000000,0,1,1,2,0,WAITING_FOR_IMPULSE,EXPIRED,ENTRY_WINDOW_EXPIRED,True,,,,,,,,,,,,,,,,,,,,,,,,,,,,,,
C1M67zE9dxmrf8SDWPjrFE6PrSedYGqeqejnhv8Lpump,FP1-RESEARCH-PROBE-STRICT-0001,4,1787075795138313,1787075432000000,0,1,1,2,0,WAITING_FOR_IMPULSE,EXPIRED,ENTRY_WINDOW_EXPIRED,True,,,,,,,,,,,,,,,,,,,,,,,,,,,,,,
H3Zo4YogAkrTMZAxtvEPFtBPeQhuDFShsWRZW5xHpump,FP1-RESEARCH-PROBE-STRICT-0001,4,1787075780189824,1787075431000000,0,1,1,2,0,WAITING_FOR_IMPULSE,EXPIRED,ENTRY_WINDOW_EXPIRED,True,,,,,,,,,,,,,,,,,,,,,,,,,,,,,,
DmQLCaRESq57oG2UNpj8CDg55qk5E7e6AkKECbHNpump,FP1-RESEARCH-PROBE-STRICT-0001,4,1787075748616857,1787075429000000,0,1,1,2,0,WAITING_FOR_IMPULSE,EXPIRED,ENTRY_WINDOW_EXPIRED,True,,,,,,,,,,,,,,,,,,,,,,,,,,,,,,
7ZURh5pqthsy8bf5iMA4XaiG7HcGPbSoc2z8eM8Dpump,FP1-RESEARCH-PROBE-STRICT-0001,4,1787075742254447,1787075428000000,0,5,4,2,0,WAITING_FOR_IMPULSE,EXPIRED,ENTRY_WINDOW_EXPIRED,True,,,,,,,,,,,,,,,,,,,,,,,,,,,,,,
5TKLzmmgfPYUL6FqFJ7CYt6JEmvkjSBoe9hncqyfpump,FP1-RESEARCH-PROBE-STRICT-0001,4,1787075737313542,1787075428000000,0,2,2,2,0,WAITING_FOR_IMPULSE,EXPIRED,ENTRY_WINDOW_EXPIRED,True,,,,,,,,,,,,,,,,,,,,,,,,,,,,,,
3o6W4NWhCteMYMe6cdJBqzb88fjsasdjCA4UgZFypump,FP1-RESEARCH-PROBE-STRICT-0001,4,1787075725916250,1787075427000000,0,2,2,2,0,WAITING_FOR_IMPULSE,EXPIRED,ENTRY_WINDOW_EXPIRED,True,,,,,,,,,,,,,,,,,,,,,,,,,,,,,,
ANTNNteL2Y9aAH3QpfskEP9bA6nmCf3GcnEGGAGupump,FP1-RESEARCH-PROBE-STRICT-0001,4,1787075715380808,1787075426000000,0,1,1,2,0,WAITING_FOR_IMPULSE,EXPIRED,ENTRY_WINDOW_EXPIRED,True,,,,,,,,,,,,,,,,,,,,,,,,,,,,,,
CHUyKXcdU6USovWmb4ikLQQn5uuev8h21hF9pKTgpump,FP1-RESEARCH-PROBE-STRICT-0001,4,1787075699304044,1787075425000000,0,1,1,2,0,WAITING_FOR_IMPULSE,EXPIRED,ENTRY_WINDOW_EXPIRED,True,,,,,,,,,,,,,,,,,,,,,,,,,,,,,,
4Cq5i7ELg61b4hZi3NrgbJ4zudfnX2HtWzcWE3k4pump,FP1-RESEARCH-PROBE-STRICT-0001,4,1787075692055657,1787075425000000,0,17,14,2,0,WAITING_FOR_IMPULSE,EXPIRED,ENTRY_WINDOW_EXPIRED,True,,,,,,,,,,,,,,,,,,,,,,,,,,,,,,
ArKXtdcsf3aeZ5nshQ85t9rRyFmtnJz3w1ek4wTmHwsJ,FP1-RESEARCH-PROBE-STRICT-0001,4,1787075689911562,1787075425000000,0,6,6,2,0,WAITING_FOR_IMPULSE,EXPIRED,ENTRY_WINDOW_EXPIRED,True,,,,,,,,,,,,,,,,,,,,,,,,,,,,,,
4b788FNwvYeuysUxNdKTHQ6hdsrYj3gUe2d3qE88pump,FP1-RESEARCH-PROBE-STRICT-0001,4,1787075689844937,1787075425000000,0,176,54,6,0,WAITING_FOR_RESPONSE,INVALIDATED,PULLBACK_TOO_DEEP,False,198586,4146,27,5,3,352125620,219042,12094,224088,25502,4238,5509,226765,,,,,,,,,,,,,,,,,
GyW1EgMyxW8d1bZNWWxZjJdhdx1HzXgUAccGXTg9pump,FP1-RESEARCH-PROBE-STRICT-0001,4,1787075687473986,1787075425000000,0,36,33,6,0,WAITING_FOR_RESPONSE,EXPIRED,ENTRY_WINDOW_EXPIRED,True,276438,4270,24,4,1,137792948,286736,14299,293836,17398,4511,5567,296129,,,,,,,,,,,,,,,,,
5yKHRzV1bnbXw1oEZWYsMS9dKd8Pd57ZYdMAKw7vpump,FP1-RESEARCH-PROBE-STRICT-0001,4,1787075669985152,1787075423000000,0,1,1,2,0,WAITING_FOR_IMPULSE,EXPIRED,ENTRY_WINDOW_EXPIRED,True,,,,,,,,,,,,,,,,,,,,,,,,,,,,,,
CetseNCz6So4U3E4GG2nWpmwL9tBJXK56cvgvZH2K9Mh,FP1-RESEARCH-PROBE-STRICT-0001,4,1787075656552368,1787075423000000,0,1,1,2,0,WAITING_FOR_IMPULSE,EXPIRED,ENTRY_WINDOW_EXPIRED,True,,,,,,,,,,,,,,,,,,,,,,,,,,,,,,
GZ6QrYCQqhWZJVshypJ7jCMhkhaYg3gCR69LcUQ7pump,FP1-RESEARCH-PROBE-STRICT-0001,4,1787075635759513,1787075421000000,0,1,1,2,0,WAITING_FOR_IMPULSE,EXPIRED,ENTRY_WINDOW_EXPIRED,True,,,,,,,,,,,,,,,,,,,,,,,,,,,,,,
9EZoqpsVNqrniz49LzTX1xdxZY7byxpz7PrHmC5zpump,FP1-RESEARCH-PROBE-STRICT-0001,4,1787075624956613,1787075421000000,0,14,12,4,0,WAITING_FOR_PULLBACK,EXPIRED,ENTRY_WINDOW_EXPIRED,True,6159,3187,7,7,4,2600834591,278318,4415,,,,,,,,,,,,,,,,,,,,,,
GgZPG1q4hwenR1jPXYEoUcZ1x6Wfp5fh1gtBwHKApump,FP1-RESEARCH-PROBE-STRICT-0001,4,1787075584564263,1787075419000000,0,1,1,2,0,WAITING_FOR_IMPULSE,EXPIRED,ENTRY_WINDOW_EXPIRED,True,,,,,,,,,,,,,,,,,,,,,,,,,,,,,,
2hXJdbf1Dy6bkdYCPP839iSjj7pmhzWYzjAtLmqAnWs7,FP1-RESEARCH-PROBE-STRICT-0001,4,1787075582629775,1787075419000000,0,4,4,2,0,WAITING_FOR_IMPULSE,EXPIRED,ENTRY_WINDOW_EXPIRED,True,,,,,,,,,,,,,,,,,,,,,,,,,,,,,,
AyPDUKiXCiJUhRuKhknsKP2U8UgwnyYVSoa5zbSRpump,FP1-RESEARCH-PROBE-STRICT-0001,4,1787075580460822,1787075419000000,0,15,14,2,0,WAITING_FOR_IMPULSE,EXPIRED,ENTRY_WINDOW_EXPIRED,True,,,,,,,,,,,,,,,,,,,,,,,,,,,,,,
AtWRb8wvXdaLzDNtCfS8grQkDewzTsKc37Q2wgWMpump,FP1-RESEARCH-PROBE-STRICT-0001,4,1787075578014485,1787075418000000,0,36,29,6,0,WAITING_FOR_RESPONSE,INVALIDATED,PULLBACK_TOO_DEEP,False,14,7559,4,4,4,16296296292,6582,8310,53051,53037,3105,5762,154954,,,,,,,,,,,,,,,,,
Cj4yFhy4jNymTqcRPCDrqgGF5dQQap82X62LDejrpump,FP1-RESEARCH-PROBE-STRICT-0001,4,1787075558775954,1787075416000000,0,50,50,6,0,WAITING_FOR_RESPONSE,EXPIRED,ENTRY_WINDOW_EXPIRED,True,19,3076,5,5,5,7449790122,13577,5239,123904,123885,3224,4494,185989,,,,,,,,,,,,,,,,,
dVoHZhxVXgg5LF7FoWC7WDAGAJArHC6wEANLLMrpump,FP1-RESEARCH-PROBE-STRICT-0001,4,1787075556628178,1787075416000000,0,27,25,6,0,WAITING_FOR_RESPONSE,EXPIRED,ENTRY_WINDOW_EXPIRED,True,10,3073,4,4,4,10590000000,2223,4341,26000,25990,3163,5020,72438,,,,,,,,,,,,,,,,,
DRxgQyzd7V2eaaxL278jaPvuUdBpB6WQnaM3QVoHpump,FP1-RESEARCH-PROBE-STRICT-0001,4,1787075556623669,1787075416000000,0,4,4,2,0,WAITING_FOR_IMPULSE,EXPIRED,ENTRY_WINDOW_EXPIRED,True,,,,,,,,,,,,,,,,,,,,,,,,,,,,,,
FAA2ddSX2h5Qpg2ptbGLsciEnrhX3G4Dhzn9J4m1pump,FP1-RESEARCH-PROBE-STRICT-0001,4,1787075554191028,1787075415000000,0,1,1,2,0,WAITING_FOR_IMPULSE,EXPIRED,ENTRY_WINDOW_EXPIRED,True,,,,,,,,,,,,,,,,,,,,,,,,,,,,,,
GuFGBdwmTmVZfhQbArPKa1muVzk1hCJvXXq5xBX2pump,FP1-RESEARCH-PROBE-STRICT-0001,4,1787075554175655,1787075415000000,0,1,1,2,0,WAITING_FOR_IMPULSE,EXPIRED,ENTRY_WINDOW_EXPIRED,True,,,,,,,,,,,,,,,,,,,,,,,,,,,,,,
FVypwdeDovpCS1pcbYveVEix56v7S1RX6g7Cntjhpump,FP1-RESEARCH-PROBE-STRICT-0001,4,1787075554114083,1787075414000000,0,1,1,2,0,WAITING_FOR_IMPULSE,EXPIRED,ENTRY_WINDOW_EXPIRED,True,,,,,,,,,,,,,,,,,,,,,,,,,,,,,,
AncUjVVrrTsJEJ5Hg3FuDCV9hkWbvpoQDPVZ4FURpump,FP1-RESEARCH-PROBE-STRICT-0001,4,1787075551671450,1787075414000000,0,26,14,2,0,WAITING_FOR_IMPULSE,EXPIRED,ENTRY_WINDOW_EXPIRED,True,,,,,,,,,,,,,,,,,,,,,,,,,,,,,,
3RDE4b4da9sw6HEBn3iNT3Tt3Krg1VvPm7b1BfyXpump,FP1-RESEARCH-PROBE-STRICT-0001,4,1787075551647415,1787075414000000,0,1,1,2,0,WAITING_FOR_IMPULSE,EXPIRED,ENTRY_WINDOW_EXPIRED,True,,,,,,,,,,,,,,,,,,,,,,,,,,,,,,
5YSmdm479Y61WebJANUc4qA3aZKNq3kcmNNpyBLhpump,FP1-RESEARCH-PROBE-STRICT-0001,4,1787075551635398,1787075413000000,0,1,1,2,0,WAITING_FOR_IMPULSE,EXPIRED,ENTRY_WINDOW_EXPIRED,True,,,,,,,,,,,,,,,,,,,,,,,,,,,,,,
PnqzLyzBH2pb4sDMF63EYSLpb6Tr5UXpBBSdqKEpump,FP1-RESEARCH-PROBE-STRICT-0001,4,1787075549341506,1787075413000000,0,1,1,2,0,WAITING_FOR_IMPULSE,EXPIRED,ENTRY_WINDOW_EXPIRED,True,,,,,,,,,,,,,,,,,,,,,,,,,,,,,,
G2pg2tKm1qah4uKY6dE26iEuPxmBMMFtZRSvU2qtpump,FP1-RESEARCH-PROBE-STRICT-0001,4,1787075545114953,1787075411000000,0,1,1,2,0,WAITING_FOR_IMPULSE,EXPIRED,ENTRY_WINDOW_EXPIRED,True,,,,,,,,,,,,,,,,,,,,,,,,,,,,,,
GC2EQr5cjkW2r4CKrgwzJxopYt1wWTvnPYZkvoM12i4z,FP1-RESEARCH-PROBE-STRICT-0001,4,1787075540153949,1787075410000000,0,4,4,2,0,WAITING_FOR_IMPULSE,EXPIRED,ENTRY_WINDOW_EXPIRED,True,,,,,,,,,,,,,,,,,,,,,,,,,,,,,,
7Ps68NVAxPzffbvpLPG7Y9XkT5bRjbUaPh6X11Espump,FP1-RESEARCH-PROBE-STRICT-0001,4,1787075540139444,1787075410000000,0,1,1,2,0,WAITING_FOR_IMPULSE,EXPIRED,ENTRY_WINDOW_EXPIRED,True,,,,,,,,,,,,,,,,,,,,,,,,,,,,,,
3f5sNCXhDAbiz8NeCLqfMuuKAr1ioX9i7CtFN273pump,FP1-RESEARCH-PROBE-STRICT-0001,4,1787075537811199,1787075409000000,0,18,18,2,0,WAITING_FOR_IMPULSE,EXPIRED,ENTRY_WINDOW_EXPIRED,True,,,,,,,,,,,,,,,,,,,,,,,,,,,,,,
CDNNmy2ZS3kRstTavZPtPZrj5zArr5mQYG9buEN4pump,FP1-RESEARCH-PROBE-STRICT-0001,4,1787075537792671,1787075409000000,0,1,1,2,0,WAITING_FOR_IMPULSE,EXPIRED,ENTRY_WINDOW_EXPIRED,True,,,,,,,,,,,,,,,,,,,,,,,,,,,,,,
5XeS8XS795aTbQw5pBLGsPSP2cMYG32LKxqi9nAPoZNL,FP1-RESEARCH-PROBE-STRICT-0001,4,1787075535265696,1787075407000000,0,1,1,2,0,WAITING_FOR_IMPULSE,EXPIRED,ENTRY_WINDOW_EXPIRED,True,,,,,,,,,,,,,,,,,,,,,,,,,,,,,,
9vh92kwJt2TueKH5yjosdkU6U7vW5yg1771qSHr8pump,FP1-RESEARCH-PROBE-STRICT-0001,4,1787075530840972,1787075405000000,0,1,1,2,0,WAITING_FOR_IMPULSE,EXPIRED,ENTRY_WINDOW_EXPIRED,True,,,,,,,,,,,,,,,,,,,,,,,,,,,,,,
24qTdqh1XJkaQCYCpEGrBfvLE47jJZ8hQrgRK4g5pump,FP1-RESEARCH-PROBE-STRICT-0001,4,1787075530838973,1787075405000000,0,112,65,2,0,WAITING_FOR_IMPULSE,EXPIRED,ENTRY_WINDOW_EXPIRED,True,,,,,,,,,,,,,,,,,,,,,,,,,,,,,,
Dj1C6x54BT7dWaopjj6KbudhJJ6v5HzMNeLKLCWKpump,FP1-RESEARCH-PROBE-STRICT-0001,4,1787075530830465,1787075405000000,0,2,1,2,0,WAITING_FOR_IMPULSE,EXPIRED,ENTRY_WINDOW_EXPIRED,True,,,,,,,,,,,,,,,,,,,,,,,,,,,,,,
DNgoSm54mvNoUVfPKU6NmjH62YxrCKaVGuUk2Uc1pump,FP1-RESEARCH-PROBE-STRICT-0001,4,1787075528278377,1787075403000000,0,2,2,2,0,WAITING_FOR_IMPULSE,EXPIRED,ENTRY_WINDOW_EXPIRED,True,,,,,,,,,,,,,,,,,,,,,,,,,,,,,,
EShAYDpWrBorZuoRWgUi2AZHpBoMSaasAWt8FvjC3ByA,FP1-RESEARCH-PROBE-STRICT-0001,4,1787075525994436,1787075402000000,0,1,1,2,0,WAITING_FOR_IMPULSE,EXPIRED,ENTRY_WINDOW_EXPIRED,True,,,,,,,,,,,,,,,,,,,,,,,,,,,,,,
DmKFzHmTFqnKqkWJBzEhUfNqPyENwBjwFVCFiz55pump,FP1-RESEARCH-PROBE-STRICT-0001,4,1787075523475976,1787075401000000,0,3,2,2,0,WAITING_FOR_IMPULSE,EXPIRED,ENTRY_WINDOW_EXPIRED,True,,,,,,,,,,,,,,,,,,,,,,,,,,,,,,
H79oBnLgHACfSgZMCqahBgFtpAFkZdmUwsz8nKgWpump,FP1-RESEARCH-PROBE-STRICT-0001,4,1787075521054497,1787075401000000,0,1,1,2,0,WAITING_FOR_IMPULSE,EXPIRED,ENTRY_WINDOW_EXPIRED,True,,,,,,,,,,,,,,,,,,,,,,,,,,,,,,
7daz5rMaLiUZvAvNeGBacEDWztKHKoeSLuVjrZwZpump,FP1-RESEARCH-PROBE-STRICT-0001,4,1787075515945853,1787075399000000,0,11,4,2,0,WAITING_FOR_IMPULSE,EXPIRED,ENTRY_WINDOW_EXPIRED,True,,,,,,,,,,,,,,,,,,,,,,,,,,,,,,
7GZFGoStSuxHuHzMhL7MTSyXTRAmiEHsRSM4DrPAXL3f,FP1-RESEARCH-PROBE-STRICT-0001,4,1787075515940837,1787075399000000,0,1,1,2,0,WAITING_FOR_IMPULSE,EXPIRED,ENTRY_WINDOW_EXPIRED,True,,,,,,,,,,,,,,,,,,,,,,,,,,,,,,
C2uQWiRQykbRHgXwehnpm7kQBBobg7ZhmwkcHFN9pump,FP1-RESEARCH-PROBE-STRICT-0001,4,1787075511496263,1787075397000000,0,3,2,2,0,WAITING_FOR_IMPULSE,EXPIRED,ENTRY_WINDOW_EXPIRED,True,,,,,,,,,,,,,,,,,,,,,,,,,,,,,,
5icdwMwcvc1j2GNXHSpRsrCmnyXfMc5d36ai9EzBpump,FP1-RESEARCH-PROBE-STRICT-0001,4,1787075511478759,1787075397000000,0,1,1,2,0,WAITING_FOR_IMPULSE,EXPIRED,ENTRY_WINDOW_EXPIRED,True,,,,,,,,,,,,,,,,,,,,,,,,,,,,,,
PBci5T2yKXKYnAZdePM679aN3XfPhcjzYqZwodHpump,FP1-RESEARCH-PROBE-STRICT-0001,4,1787075509120503,1787075396000000,0,5,5,2,0,WAITING_FOR_IMPULSE,EXPIRED,ENTRY_WINDOW_EXPIRED,True,,,,,,,,,,,,,,,,,,,,,,,,,,,,,,
G4RD3cSR94crK7ZYSJERK6JVFCpQYFgsPutP8Vtpump,FP1-RESEARCH-PROBE-STRICT-0001,4,1787075509113444,1787075396000000,0,1,1,2,0,WAITING_FOR_IMPULSE,EXPIRED,ENTRY_WINDOW_EXPIRED,True,,,,,,,,,,,,,,,,,,,,,,,,,,,,,,
ANV54inHuFLtovYbW2LAWZvgKwRtZRkcw2L9faw8pump,FP1-RESEARCH-PROBE-STRICT-0001,4,1787075503893784,1787075395000000,0,1,1,2,0,WAITING_FOR_IMPULSE,EXPIRED,ENTRY_WINDOW_EXPIRED,True,,,,,,,,,,,,,,,,,,,,,,,,,,,,,,
3dDtBGsnUsBVPajTVaYUx7Ctpx9J1Q4Tpj1nqijsSaoZ,FP1-RESEARCH-PROBE-STRICT-0001,4,1787075503888782,1787075395000000,0,2,1,2,0,WAITING_FOR_IMPULSE,EXPIRED,ENTRY_WINDOW_EXPIRED,True,,,,,,,,,,,,,,,,,,,,,,,,,,,,,,
9iHUhaCZ4KywLo4Nm7rz8SnPtavK2Qngdubctafwpump,FP1-RESEARCH-PROBE-STRICT-0001,4,1787075503855397,1787075395000000,0,1,1,2,0,WAITING_FOR_IMPULSE,EXPIRED,ENTRY_WINDOW_EXPIRED,True,,,,,,,,,,,,,,,,,,,,,,,,,,,,,,
HFBiadz9qtmtiFHmpS4RY6uKxRMaLJcXCho9t6kApump,FP1-RESEARCH-PROBE-STRICT-0001,4,1787075503840892,1787075395000000,0,1,1,2,0,WAITING_FOR_IMPULSE,EXPIRED,ENTRY_WINDOW_EXPIRED,True,,,,,,,,,,,,,,,,,,,,,,,,,,,,,,
9S177eG4Vj4S4DkkdG3fJzMSbiMusCAPEsifoeN7pump,FP1-RESEARCH-PROBE-STRICT-0001,4,1787075498668472,1787075393000000,0,2,2,2,0,WAITING_FOR_IMPULSE,EXPIRED,ENTRY_WINDOW_EXPIRED,True,,,,,,,,,,,,,,,,,,,,,,,,,,,,,,
91LmKTWhPDRJfDQrySSJJRccVC2tqRbJmjnthr7Fpump,FP1-RESEARCH-PROBE-STRICT-0001,4,1787075490773356,1787075390000000,0,2,2,2,0,WAITING_FOR_IMPULSE,EXPIRED,ENTRY_WINDOW_EXPIRED,True,,,,,,,,,,,,,,,,,,,,,,,,,,,,,,
A3tZFsKeSrdpUi8RUMzx9wEsvbut3vUbhte28qCNpump,FP1-RESEARCH-PROBE-STRICT-0001,4,1787075485611055,1787075389000000,0,1,1,2,0,WAITING_FOR_IMPULSE,EXPIRED,ENTRY_WINDOW_EXPIRED,True,,,,,,,,,,,,,,,,,,,,,,,,,,,,,,
7Pbp8NC4ChScpweytXuf68NjARHgBRt4XiUeUVjEpump,FP1-RESEARCH-PROBE-STRICT-0001,4,1787075485551654,1787075389000000,0,1,1,2,0,WAITING_FOR_IMPULSE,EXPIRED,ENTRY_WINDOW_EXPIRED,True,,,,,,,,,,,,,,,,,,,,,,,,,,,,,,
3476h4NMJaVAEE8P1c396dBKguBcaiGUfAjv4ovZkRJN,FP1-RESEARCH-PROBE-STRICT-0001,4,1787075482941893,1787075388000000,0,1,1,2,0,WAITING_FOR_IMPULSE,EXPIRED,ENTRY_WINDOW_EXPIRED,True,,,,,,,,,,,,,,,,,,,,,,,,,,,,,,
7y5FrogGb7BKdM4pD7UToWkRoJiY8ZVDmLjxxnvgpump,FP1-RESEARCH-PROBE-STRICT-0001,4,1787075480060358,1787075387000000,0,3,2,2,0,WAITING_FOR_IMPULSE,EXPIRED,ENTRY_WINDOW_EXPIRED,True,,,,,,,,,,,,,,,,,,,,,,,,,,,,,,
GoEUPw4XAY7xnWALHdmdvSo9ZZ5gog78bHZzkHwkpump,FP1-RESEARCH-PROBE-STRICT-0001,4,1787075480044754,1787075387000000,0,1,1,2,0,WAITING_FOR_IMPULSE,EXPIRED,ENTRY_WINDOW_EXPIRED,True,,,,,,,,,,,,,,,,,,,,,,,,,,,,,,
43MA7FqaVT6hYKSZyK5LvWP2zwJgNPayjhN9KFZDpump,FP1-RESEARCH-PROBE-STRICT-0001,4,1787075474982679,1787075386000000,0,36,16,4,0,WAITING_FOR_PULLBACK,INVALIDATED,PULLBACK_TOO_DEEP,False,15835,4375,13,4,2,-17838630,15836,6943,,,,1109,18631,,,,,,,,,,,,,,,,,
HhDU3cBbsjU2CdEbvJA2pGJuuMP8324SFA3EobhZpump,FP1-RESEARCH-PROBE-STRICT-0001,4,1787075474956129,1787075385000000,0,1,1,2,0,WAITING_FOR_IMPULSE,EXPIRED,ENTRY_WINDOW_EXPIRED,True,,,,,,,,,,,,,,,,,,,,,,,,,,,,,,
24qSzoohRodnTfjYgCWNeE1TSDvXcPeKZd48FGrLpump,FP1-RESEARCH-PROBE-STRICT-0001,4,1787075474949623,1787075385000000,0,3,3,2,0,WAITING_FOR_IMPULSE,EXPIRED,ENTRY_WINDOW_EXPIRED,True,,,,,,,,,,,,,,,,,,,,,,,,,,,,,,
AXLwHWF3p7arQh5bYVedTb87yCFD15H9fZ1nc3Ffh1m4,FP1-RESEARCH-PROBE-STRICT-0001,4,1787075472181426,1787075385000000,0,4,4,2,0,WAITING_FOR_IMPULSE,EXPIRED,ENTRY_WINDOW_EXPIRED,True,,,,,,,,,,,,,,,,,,,,,,,,,,,,,,
5orYcs6TNvs3FymKCdrb7ueZ6fYZvYFbpeaZ6Hnwpump,FP1-RESEARCH-PROBE-STRICT-0001,4,1787075472159401,1787075385000000,0,34,29,1,0,DISCOVERED,EXPIRED,ENTRY_WINDOW_EXPIRED,True,,,,,,,,,,,,,,,,,,,,,,,,,,,,,,
8EnJjePVFYburXMekR8te4DzautjCmTUSYiURZfmpump,FP1-RESEARCH-PROBE-STRICT-0001,4,1787075472152887,1787075384000000,0,1,1,2,0,WAITING_FOR_IMPULSE,EXPIRED,ENTRY_WINDOW_EXPIRED,True,,,,,,,,,,,,,,,,,,,,,,,,,,,,,,
6U2Sebj6bVmVJemAZQmmUEGPtsa4wD877AzhbUuupump,FP1-RESEARCH-PROBE-STRICT-0001,4,1787075456783555,1787075382000000,0,4,2,2,0,WAITING_FOR_IMPULSE,EXPIRED,ENTRY_WINDOW_EXPIRED,True,,,,,,,,,,,,,,,,,,,,,,,,,,,,,,
8zhxps4AVopErrn33FHSsjX3JdnoZWkGDV64abi5pump,FP1-RESEARCH-PROBE-STRICT-0001,4,1787075456725049,1787075382000000,0,1,1,2,0,WAITING_FOR_IMPULSE,EXPIRED,ENTRY_WINDOW_EXPIRED,True,,,,,,,,,,,,,,,,,,,,,,,,,,,,,,
EswuGgXhNaC9JtsJZfTRiLCbSZAPecYGdeZmdeP2FU1x,FP1-RESEARCH-PROBE-STRICT-0001,4,1787075451720975,1787075381000000,0,2,2,2,0,WAITING_FOR_IMPULSE,EXPIRED,ENTRY_WINDOW_EXPIRED,True,,,,,,,,,,,,,,,,,,,,,,,,,,,,,,
HTugdzVxqKC9JKxcbJkNgU5XjWy9reFDsBprsauupump,FP1-RESEARCH-PROBE-STRICT-0001,4,1787075451694394,1787075381000000,0,6,1,2,0,WAITING_FOR_IMPULSE,EXPIRED,ENTRY_WINDOW_EXPIRED,True,,,,,,,,,,,,,,,,,,,,,,,,,,,,,,
F8pRz9Ex4njrgAGQ95utMBv9jR4maCwuJLfHGgftpump,FP1-RESEARCH-PROBE-STRICT-0001,4,1787075427125831,1787075379000000,0,1,1,2,0,WAITING_FOR_IMPULSE,EXPIRED,ENTRY_WINDOW_EXPIRED,True,,,,,,,,,,,,,,,,,,,,,,,,,,,,,,
6Cyr8XEU9cr3nqrr5TS55R2eoKuMBFnDa9ZfvCzppump,FP1-RESEARCH-PROBE-STRICT-0001,4,1787075424857788,1787075379000000,0,7,3,2,0,WAITING_FOR_IMPULSE,EXPIRED,ENTRY_WINDOW_EXPIRED,True,,,,,,,,,,,,,,,,,,,,,,,,,,,,,,
HLmNBcj8p4XT5P8bqQ7ukAuYAngw8ognkCXf7xkWpump,FP1-RESEARCH-PROBE-STRICT-0001,4,1787075420137715,1787075378000000,0,4,4,2,0,WAITING_FOR_IMPULSE,EXPIRED,ENTRY_WINDOW_EXPIRED,True,,,,,,,,,,,,,,,,,,,,,,,,,,,,,,
DMDY4WjX38ijbnHc6r2yJq9yjALjv5A3TQyxpAnmCHei,FP1-RESEARCH-PROBE-STRICT-0001,4,1787075410662548,1787075374000000,0,1,1,2,0,WAITING_FOR_IMPULSE,EXPIRED,ENTRY_WINDOW_EXPIRED,True,,,,,,,,,,,,,,,,,,,,,,,,,,,,,,
68VpXuLLiTD2R2mKoM3v1ivuFSqF8aYEaqDA7B7Ppump,FP1-RESEARCH-PROBE-STRICT-0001,4,1787075410629984,1787075374000000,0,5,3,2,0,WAITING_FOR_IMPULSE,EXPIRED,ENTRY_WINDOW_EXPIRED,True,,,,,,,,,,,,,,,,,,,,,,,,,,,,,,
GyLS9mXH36mMeKs8yF4uRjiTPyVyrLP1muZbARqoJ2Eg,FP1-RESEARCH-PROBE-STRICT-0001,4,1787075410625462,1787075374000000,0,1,1,2,0,WAITING_FOR_IMPULSE,EXPIRED,ENTRY_WINDOW_EXPIRED,True,,,,,,,,,,,,,,,,,,,,,,,,,,,,,,
83hRny8zHusrVZ2oocL5G8jbuKnLzKYTLKEjK2Acpump,FP1-RESEARCH-PROBE-STRICT-0001,4,1787075407732864,1787075373000000,0,7,3,2,0,WAITING_FOR_IMPULSE,EXPIRED,ENTRY_WINDOW_EXPIRED,True,,,,,,,,,,,,,,,,,,,,,,,,,,,,,,
2DVqPwXwS6DghFa9UYvHMaJN8Gq9ysPNQdhPDNmGpump,FP1-RESEARCH-PROBE-STRICT-0001,4,1787075407704314,1787075373000000,0,386,17,6,0,WAITING_FOR_RESPONSE,INVALIDATED,PULLBACK_TOO_DEEP,False,17116,3876,9,4,3,1480631769,17116,3876,34571,17455,3887,5924,46493,,,,,,,,,,,,,,,,,
4uwANpFmRdLoNJHRsW4Ev3tBHzxU6n2SzzaVrVWjuSsr,FP1-RESEARCH-PROBE-STRICT-0001,4,1787075404807488,1787075373000000,0,1,1,2,0,WAITING_FOR_IMPULSE,EXPIRED,ENTRY_WINDOW_EXPIRED,True,,,,,,,,,,,,,,,,,,,,,,,,,,,,,,
3Et87r59AhUKag6i4g7uGEAPFScHfDJH5Tq29taLpump,FP1-RESEARCH-PROBE-STRICT-0001,4,1787075402273781,1787075371000000,0,10,3,2,0,WAITING_FOR_IMPULSE,EXPIRED,ENTRY_WINDOW_EXPIRED,True,,,,,,,,,,,,,,,,,,,,,,,,,,,,,,
EMuedahN6RHrMuoxgkhqmjC9Qaz63QbZp94DYhMipump,FP1-RESEARCH-PROBE-STRICT-0001,4,1787075402264421,1787075371000000,0,1,1,2,0,WAITING_FOR_IMPULSE,EXPIRED,ENTRY_WINDOW_EXPIRED,True,,,,,,,,,,,,,,,,,,,,,,,,,,,,,,
39UJDWZdyhECADHvttJnowdxttVMWzxNma1rfP1epump,FP1-RESEARCH-PROBE-STRICT-0001,4,1787075402237330,1787075371000000,0,86,17,2,0,WAITING_FOR_IMPULSE,EXPIRED,ENTRY_WINDOW_EXPIRED,True,,,,,,,,,,,,,,,,,,,,,,,,,,,,,,
AWqthmYvrf5MUG1WQ4RJQ8nSMCgk8tdyA658W4Kdpump,FP1-RESEARCH-PROBE-STRICT-0001,4,1787075397329524,1787075370000000,0,1,1,2,0,WAITING_FOR_IMPULSE,EXPIRED,ENTRY_WINDOW_EXPIRED,True,,,,,,,,,,,,,,,,,,,,,,,,,,,,,,
9pi8H2kDjfi7iMMdW2G8d7VfBcm6sqrcPjt5PGuopump,FP1-RESEARCH-PROBE-STRICT-0001,4,1787075393066817,1787075369000000,0,6,2,2,0,WAITING_FOR_IMPULSE,EXPIRED,ENTRY_WINDOW_EXPIRED,True,,,,,,,,,,,,,,,,,,,,,,,,,,,,,,
GeQKPF7U1m2wjGGpoQgNpf6BmbKEZ3kRdRRaxW4mpump,FP1-RESEARCH-PROBE-STRICT-0001,4,1787075390524857,1787075367000000,0,1,1,2,0,WAITING_FOR_IMPULSE,EXPIRED,ENTRY_WINDOW_EXPIRED,True,,,,,,,,,,,,,,,,,,,,,,,,,,,,,,
E8Hc2yEPn1oATBdoU9jiwoCQZcfLcwhPTVD5ATFkpump,FP1-RESEARCH-PROBE-STRICT-0001,4,1787075390494593,1787075367000000,0,1,1,2,0,WAITING_FOR_IMPULSE,EXPIRED,ENTRY_WINDOW_EXPIRED,True,,,,,,,,,,,,,,,,,,,,,,,,,,,,,,
9Juo3NXCWzGXzYdUvUAoUFBWCKPXRxYvu3pLRyhTpump,FP1-RESEARCH-PROBE-STRICT-0001,4,1787075390474942,1787075367000000,0,1,1,2,0,WAITING_FOR_IMPULSE,EXPIRED,ENTRY_WINDOW_EXPIRED,True,,,,,,,,,,,,,,,,,,,,,,,,,,,,,,
8C7CQXPwJA83NQ2KUpsbwKoSvHwJkZ8nGMnUx9AUpump,FP1-RESEARCH-PROBE-STRICT-0001,4,1787075387708997,1787075367000000,0,5,5,2,0,WAITING_FOR_IMPULSE,EXPIRED,ENTRY_WINDOW_EXPIRED,True,,,,,,,,,,,,,,,,,,,,,,,,,,,,,,
Cd1CBv62g5gYiEaByFoZYL2oBqx83ZKoUDhtTvtMpump,FP1-RESEARCH-PROBE-STRICT-0001,4,1787075385376167,1787075366000000,0,1,1,2,0,WAITING_FOR_IMPULSE,EXPIRED,ENTRY_WINDOW_EXPIRED,True,,,,,,,,,,,,,,,,,,,,,,,,,,,,,,
8FSCq37JCWAj2oJx7BGEw3MCSC6HPWWmL3YYoidKoeCg,FP1-RESEARCH-PROBE-STRICT-0001,4,1787075385302588,1787075365000000,0,7,4,2,0,WAITING_FOR_IMPULSE,EXPIRED,ENTRY_WINDOW_EXPIRED,True,,,,,,,,,,,,,,,,,,,,,,,,,,,,,,
D3P7pLLBjTdFX6MKMZCteuyeDbxcmEJDrpLeEhtWpump,FP1-RESEARCH-PROBE-STRICT-0001,4,1787075385276541,1787075365000000,0,1,1,2,0,WAITING_FOR_IMPULSE,EXPIRED,ENTRY_WINDOW_EXPIRED,True,,,,,,,,,,,,,,,,,,,,,,,,,,,,,,
ApRd598H8bd6sKCqQ1VD2iv9o5GNXsd6mJqFfUzopump,FP1-RESEARCH-PROBE-STRICT-0001,4,1787075382502648,1787075365000000,0,2,2,2,0,WAITING_FOR_IMPULSE,EXPIRED,ENTRY_WINDOW_EXPIRED,True,,,,,,,,,,,,,,,,,,,,,,,,,,,,,,
BEEg3A5f1imRXFw4LFQ3Q1pwwiTRU1CcTtJPhuGTpump,FP1-RESEARCH-PROBE-STRICT-0001,4,1787075382479330,1787075365000000,0,1,1,2,0,WAITING_FOR_IMPULSE,EXPIRED,ENTRY_WINDOW_EXPIRED,True,,,,,,,,,,,,,,,,,,,,,,,,,,,,,,
77rLUvQFF2CmANCjBfDAjakHS6XUoCneP3xJdWj1pump,FP1-RESEARCH-PROBE-STRICT-0001,4,1787075382441265,1787075364000000,0,126,44,4,0,WAITING_FOR_PULLBACK,INVALIDATED,PULLBACK_TOO_DEEP,False,67106,4456,41,4,2,-82643949,69298,9464,,,,55,71740,,,,,,,,,,,,,,,,,
DHGo6daR8JE258JCbfgfLXKDtJYnh4cYA3Kw3tV6pump,FP1-RESEARCH-PROBE-STRICT-0001,4,1787075379906503,1787075364000000,0,1,1,2,0,WAITING_FOR_IMPULSE,EXPIRED,ENTRY_WINDOW_EXPIRED,True,,,,,,,,,,,,,,,,,,,,,,,,,,,,,,
BVCRjVvcV912JZVubefJy5yqsTHKZtCEU8RduxHxpump,FP1-RESEARCH-PROBE-STRICT-0001,4,1787075379871185,1787075364000000,0,31,19,2,0,WAITING_FOR_IMPULSE,EXPIRED,ENTRY_WINDOW_EXPIRED,True,,,,,,,,,,,,,,,,,,,,,,,,,,,,,,
8D1ZUqaqrFbtLnLimrHK2MvNGVCakZz2p3SkKzYPpump,FP1-RESEARCH-PROBE-STRICT-0001,4,1787075374492449,1787075363000000,0,8,5,2,0,WAITING_FOR_IMPULSE,EXPIRED,ENTRY_WINDOW_EXPIRED,True,,,,,,,,,,,,,,,,,,,,,,,,,,,,,,
94jr24VopQWta3JAx2ZNc8CFF6GWiCiPatjaGct5RAFp,FP1-RESEARCH-PROBE-STRICT-0001,4,1787075371816870,1787075362000000,0,2,2,2,0,WAITING_FOR_IMPULSE,EXPIRED,ENTRY_WINDOW_EXPIRED,True,,,,,,,,,,,,,,,,,,,,,,,,,,,,,,
4nzZoxSEFFuVqAVEUHPZvfjnj5Gb9Jy8Dd2ZhVJCpump,FP1-RESEARCH-PROBE-STRICT-0001,4,1787075371798354,1787075362000000,0,3,3,2,0,WAITING_FOR_IMPULSE,EXPIRED,ENTRY_WINDOW_EXPIRED,True,,,,,,,,,,,,,,,,,,,,,,,,,,,,,,
6YaQdjat66iLNmy1EC6iLASVYV8spofzCa9NCejBpump,FP1-RESEARCH-PROBE-STRICT-0001,4,1787075371790850,1787075362000000,0,1,1,2,0,WAITING_FOR_IMPULSE,EXPIRED,ENTRY_WINDOW_EXPIRED,True,,,,,,,,,,,,,,,,,,,,,,,,,,,,,,
69XQTv8FcLHXzyYDpJn4N8zT9mDjTxLD7bruNivtpump,FP1-RESEARCH-PROBE-STRICT-0001,4,1787075371766810,1787075362000000,0,1,1,2,0,WAITING_FOR_IMPULSE,EXPIRED,ENTRY_WINDOW_EXPIRED,True,,,,,,,,,,,,,,,,,,,,,,,,,,,,,,
2vg5ecSWQHSwfD7ztZVLbjZejvFgQmRX38oKWqR2pump,FP1-RESEARCH-PROBE-STRICT-0001,4,1787075371751300,1787075362000000,0,1,1,2,0,WAITING_FOR_IMPULSE,EXPIRED,ENTRY_WINDOW_EXPIRED,True,,,,,,,,,,,,,,,,,,,,,,,,,,,,,,
2NEKYBCdnDkCmA2GvRUx7UMKzSXQR76qvFiJkQmjpump,FP1-RESEARCH-PROBE-STRICT-0001,4,1787075371745784,1787075362000000,0,23,19,2,0,WAITING_FOR_IMPULSE,EXPIRED,ENTRY_WINDOW_EXPIRED,True,,,,,,,,,,,,,,,,,,,,,,,,,,,,,,
47ipuCdyRkugRjHNY6pAZJryfrcRJwcPdFwhDdt2pump,FP1-RESEARCH-PROBE-STRICT-0001,4,1787075371737264,1787075361000000,0,1,1,2,0,WAITING_FOR_IMPULSE,EXPIRED,ENTRY_WINDOW_EXPIRED,True,,,,,,,,,,,,,,,,,,,,,,,,,,,,,,
36r6vzALPGWBPDRPhJqnBPSDaUnj4QpVhxT5FhWLpump,FP1-RESEARCH-PROBE-STRICT-0001,4,1787075371718740,1787075361000000,0,4,4,2,0,WAITING_FOR_IMPULSE,EXPIRED,ENTRY_WINDOW_EXPIRED,True,,,,,,,,,,,,,,,,,,,,,,,,,,,,,,
FoPbZP2gZgKPgB7jaykv6Dzq5au23iGQQPLka42Jpump,FP1-RESEARCH-PROBE-STRICT-0001,4,1787075371690313,1787075361000000,0,1,1,2,0,WAITING_FOR_IMPULSE,EXPIRED,ENTRY_WINDOW_EXPIRED,True,,,,,,,,,,,,,,,,,,,,,,,,,,,,,,
D98Po9gT13M71hesLDEcPaW3PBbZME7LzhxCSgMqpump,FP1-RESEARCH-PROBE-STRICT-0001,4,1787075369072822,1787075361000000,0,16,16,2,0,WAITING_FOR_IMPULSE,EXPIRED,ENTRY_WINDOW_EXPIRED,True,,,,,,,,,,,,,,,,,,,,,,,,,,,,,,
BQB66kEaGXwsNCsUc8oAMsXtsTz4y3DA1sCu2o2Cpump,FP1-RESEARCH-PROBE-STRICT-0001,4,1787075369020353,1787075361000000,0,1,1,2,0,WAITING_FOR_IMPULSE,EXPIRED,ENTRY_WINDOW_EXPIRED,True,,,,,,,,,,,,,,,,,,,,,,,,,,,,,,
GkPnQThFemCoF5ni61H7Ztb7Cw4r1SW5jdkWS5SWpump,FP1-RESEARCH-PROBE-STRICT-0001,4,1787075367224377,1787075360000000,0,1,1,2,0,WAITING_FOR_IMPULSE,EXPIRED,ENTRY_WINDOW_EXPIRED,True,,,,,,,,,,,,,,,,,,,,,,,,,,,,,,
A1Gkjicmwgn86tFtwtoWaS1gRJ46JnR6hzuEoVzrpump,FP1-RESEARCH-PROBE-STRICT-0001,4,1787075367205355,1787075360000000,0,1,1,2,0,WAITING_FOR_IMPULSE,EXPIRED,ENTRY_WINDOW_EXPIRED,True,,,,,,,,,,,,,,,,,,,,,,,,,,,,,,
2nQjwJJXJ7JoX6dXwTx87ZkvmWWqFfwneqNb3SGbpump,FP1-RESEARCH-PROBE-STRICT-0001,4,1787075364748788,1787075360000000,0,1,1,2,0,WAITING_FOR_IMPULSE,EXPIRED,ENTRY_WINDOW_EXPIRED,True,,,,,,,,,,,,,,,,,,,,,,,,,,,,,,
FvF2P6HN8avEcxpUg3MnyK2tNzTsHuMrtKzYvPGXpump,FP1-RESEARCH-PROBE-STRICT-0001,4,1787075364743280,1787075360000000,0,1,1,2,0,WAITING_FOR_IMPULSE,EXPIRED,ENTRY_WINDOW_EXPIRED,True,,,,,,,,,,,,,,,,,,,,,,,,,,,,,,
8YVvvg2R7XNybapng2zt9bVjgGT81SyUJXqLquvLpump,FP1-RESEARCH-PROBE-STRICT-0001,4,1787075364723254,1787075360000000,0,75,65,2,0,WAITING_FOR_IMPULSE,EXPIRED,ENTRY_WINDOW_EXPIRED,True,,,,,,,,,,,,,,,,,,,,,,,,,,,,,,
Ks76wr4BMLCJePgkGvQ8vZiVm8ah9pyPh6p3ixCpump,FP1-RESEARCH-PROBE-STRICT-0001,4,1787075362018837,1787075359000000,0,31,21,2,0,WAITING_FOR_IMPULSE,EXPIRED,ENTRY_WINDOW_EXPIRED,True,,,,,,,,,,,,,,,,,,,,,,,,,,,,,,
C61JhU11MUzhSnCFUDDT8utCByFtohmaUn9fRySpump,FP1-RESEARCH-PROBE-STRICT-0001,4,1787075362014331,1787075359000000,0,153,90,2,0,WAITING_FOR_IMPULSE,EXPIRED,ENTRY_WINDOW_EXPIRED,True,,,,,,,,,,,,,,,,,,,,,,,,,,,,,,
5HAk96NLjJ3d4nepp68ALDy9hg1E27C6FwvB6jjPpump,FP1-RESEARCH-PROBE-STRICT-0001,4,1787075359438837,1787075359000000,0,225,135,2,0,WAITING_FOR_IMPULSE,EXPIRED,ENTRY_WINDOW_EXPIRED,True,,,,,,,,,,,,,,,,,,,,,,,,,,,,,,
45WbgEWZwAFJvSfKfQwM3PEChK9CyTqKfqF1NJt4pump,FP1-RESEARCH-PROBE-STRICT-0001,4,1787075359390200,1787075358000000,0,23,23,2,0,WAITING_FOR_IMPULSE,EXPIRED,ENTRY_WINDOW_EXPIRED,True,,,,,,,,,,,,,,,,,,,,,,,,,,,,,,
5UmH46uvnH6m7CFRRtaY5797kMG4KZPsYH1xBPgdpump,FP1-RESEARCH-PROBE-STRICT-0001,4,1787075359365150,1787075358000000,0,1,1,2,0,WAITING_FOR_IMPULSE,EXPIRED,ENTRY_WINDOW_EXPIRED,True,,,,,,,,,,,,,,,,,,,,,,,,,,,,,,
71TPZoZJXA4ns3twKQbN8GEzxxSbyGfMybyBGS9opump,FP1-RESEARCH-PROBE-STRICT-0001,4,1787075359347133,1787075358000000,0,84,83,2,0,WAITING_FOR_IMPULSE,EXPIRED,ENTRY_WINDOW_EXPIRED,True,,,,,,,,,,,,,,,,,,,,,,,,,,,,,,
24qTV2t2o6PAPRdf5Pys354wJNYfTsW4XYdkPT21pump,FP1-RESEARCH-PROBE-STRICT-0001,4,1787075359347133,1787075358000000,0,82,72,2,0,WAITING_FOR_IMPULSE,EXPIRED,ENTRY_WINDOW_EXPIRED,True,,,,,,,,,,,,,,,,,,,,,,,,,,,,,,
FwWinWxnmg9sdiqKZ5kS8EY369K1EgPyPELKqzV8pump,FP1-RESEARCH-PROBE-STRICT-0001,4,1787075359346134,1787075358000000,0,79,71,2,0,WAITING_FOR_IMPULSE,EXPIRED,ENTRY_WINDOW_EXPIRED,True,,,,,,,,,,,,,,,,,,,,,,,,,,,,,,
ATKYLArzqRhf5kwEBemv5e53oTG7Pq6dKA7dNecXpump,FP1-RESEARCH-PROBE-STRICT-0001,4,1787075358007065,1787075358000000,0,339,30,6,0,WAITING_FOR_RESPONSE,INVALIDATED,PULLBACK_TOO_DEEP,False,21891,9480,25,4,4,-77482456,24418,13814,24431,2540,837,3787,24479,,,,,,,,,,,,,,,,,
F2YW3WFPeFrrqUjuexHCGbVJjpyWYu1kHv3RoQerfomo,FP1-RESEARCH-PROBE-STRICT-0001,4,1787075357997034,1787075358000000,0,37,23,2,0,WAITING_FOR_IMPULSE,EXPIRED,ENTRY_WINDOW_EXPIRED,True,,,,,,,,,,,,,,,,,,,,,,,,,,,,,,
J7Ro3NQxbfT49NivMjT9SkGmewva2V26rUd6sz7Qanon,FP1-RESEARCH-PROBE-STRICT-0001,4,1787075357991037,1787075358000000,0,33,31,2,0,WAITING_FOR_IMPULSE,EXPIRED,ENTRY_WINDOW_EXPIRED,True,,,,,,,,,,,,,,,,,,,,,,,,,,,,,,
AKFaNF97ctHh9t7vriJrgACtgpremHyYkxNNyYk7pump,FP1-RESEARCH-PROBE-STRICT-0001,4,1787075357960590,1787075358000000,0,84,50,6,0,WAITING_FOR_RESPONSE,INVALIDATED,PULLBACK_TOO_DEEP,False,168080,3957,41,8,1,20273550,193708,19973,193715,25635,3722,5728,220110,,,,,,,,,,,,,,,,,
9EUXqAo2B2mET2ug3GUSCjxKasoyiFYSG9isC8vFpump,FP1-RESEARCH-PROBE-STRICT-0001,4,1787075345318671,1787074919000000,0,38,2,2,0,WAITING_FOR_IMPULSE,EXPIRED,ENTRY_WINDOW_EXPIRED,True,,,,,,,,,,,,,,,,,,,,,,,,,,,,,,
BCatLoG4P9xr6F7CA7dDY9heA5RABbXQzEfb48Ecpump,FP1-RESEARCH-PROBE-STRICT-0001,4,1787075345279139,1787074919000000,0,3,3,2,0,WAITING_FOR_IMPULSE,EXPIRED,ENTRY_WINDOW_EXPIRED,True,,,,,,,,,,,,,,,,,,,,,,,,,,,,,,
DT6kSgLhmahMoNopntty3RrwEH55FASKfYTPFib8pump,FP1-RESEARCH-PROBE-STRICT-0001,4,1787075342872861,1787074919000000,0,1,1,2,0,WAITING_FOR_IMPULSE,EXPIRED,ENTRY_WINDOW_EXPIRED,True,,,,,,,,,,,,,,,,,,,,,,,,,,,,,,
CxDFo9s33FCBnQr5Ti4sHoGrdZqhadFhk1X7UG7Npump,FP1-RESEARCH-PROBE-STRICT-0001,4,1787075337993838,1787074918000000,0,1,1,2,0,WAITING_FOR_IMPULSE,EXPIRED,ENTRY_WINDOW_EXPIRED,True,,,,,,,,,,,,,,,,,,,,,,,,,,,,,,
2HHq1bqn6emXu4Ey4RNYuDZ1xu94nEWXUL9dJinXpump,FP1-RESEARCH-PROBE-STRICT-0001,4,1787075337892007,1787074918000000,0,2,2,2,0,WAITING_FOR_IMPULSE,EXPIRED,ENTRY_WINDOW_EXPIRED,True,,,,,,,,,,,,,,,,,,,,,,,,,,,,,,
3tWvggJJyfZJdfCNhdbSTXkzAUcW3C7sE5WNwZgHpump,FP1-RESEARCH-PROBE-STRICT-0001,4,1787075335601625,1787074918000000,0,3,3,2,0,WAITING_FOR_IMPULSE,EXPIRED,ENTRY_WINDOW_EXPIRED,True,,,,,,,,,,,,,,,,,,,,,,,,,,,,,,
2G2nzP4dZGo31btdopbpiQFfKFV1pDi1Hpb64FE2EE6h,FP1-RESEARCH-PROBE-STRICT-0001,4,1787075330807385,1787074918000000,0,10,10,2,0,WAITING_FOR_IMPULSE,EXPIRED,ENTRY_WINDOW_EXPIRED,True,,,,,,,,,,,,,,,,,,,,,,,,,,,,,,
HQNmDLAxBWVpHi81vh6fUTdBJFUpgP32LAPjJMWqpump,FP1-RESEARCH-PROBE-STRICT-0001,4,1787075330777623,1787074918000000,0,4,4,2,0,WAITING_FOR_IMPULSE,EXPIRED,ENTRY_WINDOW_EXPIRED,True,,,,,,,,,,,,,,,,,,,,,,,,,,,,,,
9LxAbNwZXEBg31P2ydmrSdvYbVJRdoRMMAqQAMPPpump,FP1-RESEARCH-PROBE-STRICT-0001,4,1787075326015941,1787074917000000,0,2,2,2,0,WAITING_FOR_IMPULSE,EXPIRED,ENTRY_WINDOW_EXPIRED,True,,,,,,,,,,,,,,,,,,,,,,,,,,,,,,
FE7zaMfnoxMQogJgmX9Mu3vsA2LUeqfJwGVhqZ9mpump,FP1-RESEARCH-PROBE-STRICT-0001,4,1787075325960817,1787074917000000,0,3,3,2,0,WAITING_FOR_IMPULSE,EXPIRED,ENTRY_WINDOW_EXPIRED,True,,,,,,,,,,,,,,,,,,,,,,,,,,,,,,
9DAqz5EqHQBzF8jon8eY5pxP4nak54aUhqXFUUDBpump,FP1-RESEARCH-PROBE-STRICT-0001,4,1787075316464004,1787074916000000,0,2,1,2,0,WAITING_FOR_IMPULSE,EXPIRED,ENTRY_WINDOW_EXPIRED,True,,,,,,,,,,,,,,,,,,,,,,,,,,,,,,
BeHJkoVVgX6bQ8g1LLmpmfqf6pExNQVcr2BVWRrSpump,FP1-RESEARCH-PROBE-STRICT-0001,4,1787075311733722,1787074916000000,0,3,3,2,0,WAITING_FOR_IMPULSE,EXPIRED,ENTRY_WINDOW_EXPIRED,True,,,,,,,,,,,,,,,,,,,,,,,,,,,,,,
HCJ5EvTSj4oUCkwJLQ5dsyzYgdmtBP4PTkAnFj5vpump,FP1-RESEARCH-PROBE-STRICT-0001,4,1787075307223978,1787074915000000,0,3,3,2,0,WAITING_FOR_IMPULSE,EXPIRED,ENTRY_WINDOW_EXPIRED,True,,,,,,,,,,,,,,,,,,,,,,,,,,,,,,
CdYKzjpd3FdVTyhJmBcUoWUaQiqrud3r8zFz36dTpump,FP1-RESEARCH-PROBE-STRICT-0001,4,1787075300725852,1787074915000000,0,1,1,2,0,WAITING_FOR_IMPULSE,EXPIRED,ENTRY_WINDOW_EXPIRED,True,,,,,,,,,,,,,,,,,,,,,,,,,,,,,,
2apyTAKUwX6dj1RkMN4MWNQ2uLus1L7NWAYfua93pump,FP1-RESEARCH-PROBE-STRICT-0001,4,1787075298029718,1787074915000000,0,1,1,2,0,WAITING_FOR_IMPULSE,EXPIRED,ENTRY_WINDOW_EXPIRED,True,,,,,,,,,,,,,,,,,,,,,,,,,,,,,,
3hQzx1Ac5YhRXXWjvj1wApcAMta57f5igoDX7r8epump,FP1-RESEARCH-PROBE-STRICT-0001,4,1787075290966414,1787074914000000,0,1,1,2,0,WAITING_FOR_IMPULSE,EXPIRED,ENTRY_WINDOW_EXPIRED,True,,,,,,,,,,,,,,,,,,,,,,,,,,,,,,
AKujSjaByeH9esE4zCxMMkHm2Fr8JcFN3JkpqBKrpump,FP1-RESEARCH-PROBE-STRICT-0001,4,1787075289287621,1787074914000000,0,3,3,2,0,WAITING_FOR_IMPULSE,EXPIRED,ENTRY_WINDOW_EXPIRED,True,,,,,,,,,,,,,,,,,,,,,,,,,,,,,,
Eb8fruA7sA3F3zUS1G1uckk6ddB8VSARHr9LaNFfBCki,FP1-RESEARCH-PROBE-STRICT-0001,4,1787075284596956,1787074914000000,0,1,1,2,0,WAITING_FOR_IMPULSE,EXPIRED,ENTRY_WINDOW_EXPIRED,True,,,,,,,,,,,,,,,,,,,,,,,,,,,,,,
2DjMaVtvEp1U56HysTsKH7DEsJWAZ7xk2nffgygvpump,FP1-RESEARCH-PROBE-STRICT-0001,4,1787075282163883,1787074914000000,0,2,2,2,0,WAITING_FOR_IMPULSE,EXPIRED,ENTRY_WINDOW_EXPIRED,True,,,,,,,,,,,,,,,,,,,,,,,,,,,,,,
CqpN8uqoq8JPr2S3j8HLjKspoM8gxXKpL92PTendpump,FP1-RESEARCH-PROBE-STRICT-0001,4,1787075279506493,1787074913000000,0,3,3,2,0,WAITING_FOR_IMPULSE,EXPIRED,ENTRY_WINDOW_EXPIRED,True,,,,,,,,,,,,,,,,,,,,,,,,,,,,,,
Xi82hKSnL8wtCf9ZxDpx8VDiXCb9qsJKR32mEDGpump,FP1-RESEARCH-PROBE-STRICT-0001,4,1787075277292687,1787074913000000,0,1,1,2,0,WAITING_FOR_IMPULSE,EXPIRED,ENTRY_WINDOW_EXPIRED,True,,,,,,,,,,,,,,,,,,,,,,,,,,,,,,
8CghaJVr4fGoA4A8ag2uosDKKxwV1sGbtx8yFY9rvs3v,FP1-RESEARCH-PROBE-STRICT-0001,4,1787075271678285,1787074913000000,0,1,1,2,0,WAITING_FOR_IMPULSE,EXPIRED,ENTRY_WINDOW_EXPIRED,True,,,,,,,,,,,,,,,,,,,,,,,,,,,,,,
9Y1uzqsFKLwG1N1d5CzwFPufJL519h8zeLtUwo4mpump,FP1-RESEARCH-PROBE-STRICT-0001,4,1787075264782089,1787074912000000,0,1,1,2,0,WAITING_FOR_IMPULSE,EXPIRED,ENTRY_WINDOW_EXPIRED,True,,,,,,,,,,,,,,,,,,,,,,,,,,,,,,
5xQvxN9Jzvukbfv9zrX93DVM7djWFqWYtNrgpKRupump,FP1-RESEARCH-PROBE-STRICT-0001,4,1787075259133516,1787074912000000,0,3,3,2,0,WAITING_FOR_IMPULSE,EXPIRED,ENTRY_WINDOW_EXPIRED,True,,,,,,,,,,,,,,,,,,,,,,,,,,,,,,
46KZnTEkDanXDfxcbviw6q3uSGrGguU9wZhwth6Apump,FP1-RESEARCH-PROBE-STRICT-0001,4,1787075251580444,1787074911000000,0,1,1,2,0,WAITING_FOR_IMPULSE,EXPIRED,ENTRY_WINDOW_EXPIRED,True,,,,,,,,,,,,,,,,,,,,,,,,,,,,,,
FcUbZgyw1FWNnVyWjU129V7hpkqtdR5eUGpjkd45NhYQ,FP1-RESEARCH-PROBE-STRICT-0001,4,1787075251565419,1787074911000000,0,1,1,2,0,WAITING_FOR_IMPULSE,EXPIRED,ENTRY_WINDOW_EXPIRED,True,,,,,,,,,,,,,,,,,,,,,,,,,,,,,,
4LkDHTHvbS6g6DU9vBgxsF6SJ9YLtSPyefgT9PXMpump,FP1-RESEARCH-PROBE-STRICT-0001,4,1787075251512566,1787074911000000,0,3,3,2,0,WAITING_FOR_IMPULSE,EXPIRED,ENTRY_WINDOW_EXPIRED,True,,,,,,,,,,,,,,,,,,,,,,,,,,,,,,
7LBMEfb4SMKepTwuUvzWk2pUujGK6hjR94zVXpZf5yWH,FP1-RESEARCH-PROBE-STRICT-0001,4,1787075251489530,1787074911000000,0,1,1,2,0,WAITING_FOR_IMPULSE,EXPIRED,ENTRY_WINDOW_EXPIRED,True,,,,,,,,,,,,,,,,,,,,,,,,,,,,,,
B8qUT5opU1cbDd545qejxGqrTj5Mr7aCiwhTBnkeFzgp,FP1-RESEARCH-PROBE-STRICT-0001,4,1787075249158998,1787074911000000,0,1,1,2,0,WAITING_FOR_IMPULSE,EXPIRED,ENTRY_WINDOW_EXPIRED,True,,,,,,,,,,,,,,,,,,,,,,,,,,,,,,
CrE13eFzYLn1b8pxdznuDnp1ygm8CLGn119NMJHepump,FP1-RESEARCH-PROBE-STRICT-0001,4,1787075246546587,1787074910000000,0,6,6,2,0,WAITING_FOR_IMPULSE,EXPIRED,ENTRY_WINDOW_EXPIRED,True,,,,,,,,,,,,,,,,,,,,,,,,,,,,,,
AkhVRhDu9hf9onXjTzUuvTWvS3fNKSRpx6F9focZpump,FP1-RESEARCH-PROBE-STRICT-0001,4,1787075239582000,1787074910000000,0,25,25,6,0,WAITING_FOR_RESPONSE,EXPIRED,ENTRY_WINDOW_EXPIRED,True,24,3105,4,4,4,7777777777,1903,5896,9593,9569,3382,4751,45040,,,,,,,,,,,,,,,,,
3jfhPzFgHPwYHgGL1MNYfHkzdNY2MnCwaeNmTkjNQHa8,FP1-RESEARCH-PROBE-STRICT-0001,4,1787075227406731,1787074909000000,0,1,1,2,0,WAITING_FOR_IMPULSE,EXPIRED,ENTRY_WINDOW_EXPIRED,True,,,,,,,,,,,,,,,,,,,,,,,,,,,,,,
9eZnJ6SE3iWDgCinsrktQsXGDc3VxawFJaQWEQvcpump,FP1-RESEARCH-PROBE-STRICT-0001,4,1787075221846281,1787074908000000,0,2,2,2,0,WAITING_FOR_IMPULSE,EXPIRED,ENTRY_WINDOW_EXPIRED,True,,,,,,,,,,,,,,,,,,,,,,,,,,,,,,
P4UYt7ezP2Zq5ixfhwXqhDbqbMG7tVbr11Hnt5cpump,FP1-RESEARCH-PROBE-STRICT-0001,4,1787075217417239,1787074908000000,0,1,1,2,0,WAITING_FOR_IMPULSE,EXPIRED,ENTRY_WINDOW_EXPIRED,True,,,,,,,,,,,,,,,,,,,,,,,,,,,,,,
HBKiLLUCQLndQpEKQny4mBJacsaxWS8aX8J2RBAvpump,FP1-RESEARCH-PROBE-STRICT-0001,4,1787075217370081,1787074908000000,0,132,132,6,0,WAITING_FOR_RESPONSE,EXPIRED,ENTRY_WINDOW_EXPIRED,True,12,3830,4,4,4,5903387648,80789,11173,85054,85042,3722,5437,87266,,,,,,,,,,,,,,,,,
Asv6UmvS4sFEc2R9FfchgQL4RrANMBS41h6VwS51pump,FP1-RESEARCH-PROBE-STRICT-0001,4,1787075217323514,1787074908000000,0,1,1,2,0,WAITING_FOR_IMPULSE,EXPIRED,ENTRY_WINDOW_EXPIRED,True,,,,,,,,,,,,,,,,,,,,,,,,,,,,,,
GW8BcpVSpjUH5L8L1V4URgEAYSDsW9kxPUecwLskpump,FP1-RESEARCH-PROBE-STRICT-0001,4,1787075210061806,1787074907000000,0,1,1,2,0,WAITING_FOR_IMPULSE,EXPIRED,ENTRY_WINDOW_EXPIRED,True,,,,,,,,,,,,,,,,,,,,,,,,,,,,,,
8EUB3ofNDxcdFqmkzgWXk5L1x1pnZQt9GYX4oYkwpump,FP1-RESEARCH-PROBE-STRICT-0001,4,1787075197999731,1787074906000000,0,1,1,2,0,WAITING_FOR_IMPULSE,EXPIRED,ENTRY_WINDOW_EXPIRED,True,,,,,,,,,,,,,,,,,,,,,,,,,,,,,,
ABxvjozT52vs2VghFYmXBHXK5nvtMtcZLcEhXGrxpump,FP1-RESEARCH-PROBE-STRICT-0001,4,1787075195900183,1787074906000000,0,70,33,7,0,CANDIDATE_SIGNAL,CANDIDATE_SIGNAL,RECLAIM_CONFIRMED,False,28996,5182,5,5,4,7011590888,31530,5713,41261,12265,3183,3605,43689,3605,60888,19627,2046,3,0,2953086418,1649,3,0,2953086418,66177,5289,3308,-1531,994,
CVxJZ8n3fhpqZiaxVSZQkzk2cYz9xcHi4SKLhZxJpump,FP1-RESEARCH-PROBE-STRICT-0001,4,1787075195872292,1787074906000000,0,1,1,2,0,WAITING_FOR_IMPULSE,EXPIRED,ENTRY_WINDOW_EXPIRED,True,,,,,,,,,,,,,,,,,,,,,,,,,,,,,,
EjZ2UASzvDq8XmHid8PPSqVM5pjbEyrNp5qzPjTzpump,FP1-RESEARCH-PROBE-STRICT-0001,4,1787075193306410,1787074905000000,0,45,45,6,0,WAITING_FOR_RESPONSE,EXPIRED,ENTRY_WINDOW_EXPIRED,True,111428,5218,19,4,2,98800087,147051,22448,156970,45542,3450,3450,156970,,,,,,,,,,,,,,,,,
2neu677KoQDWtR2sdQHZ7VZ3HsDvFaxf5Egh7233pump,FP1-RESEARCH-PROBE-STRICT-0001,4,1787075181714873,1787074904000000,0,8,1,1,0,DISCOVERED,EXPIRED,ENTRY_WINDOW_EXPIRED,True,,,,,,,,,,,,,,,,,,,,,,,,,,,,,,
DRBJpu8NHqAShWokuDkXmS7KMZmhT9YQRRSnTVc2pump,FP1-RESEARCH-PROBE-STRICT-0001,4,1787075181653148,1787074904000000,0,1,1,2,0,WAITING_FOR_IMPULSE,EXPIRED,ENTRY_WINDOW_EXPIRED,True,,,,,,,,,,,,,,,,,,,,,,,,,,,,,,
31qCKdWuiGDFRNM84yAtks1Tqa7c3mksk8HqTpPAgxRf,FP1-RESEARCH-PROBE-STRICT-0001,4,1787075172186001,1787074904000000,0,1,1,2,0,WAITING_FOR_IMPULSE,EXPIRED,ENTRY_WINDOW_EXPIRED,True,,,,,,,,,,,,,,,,,,,,,,,,,,,,,,
FFu5HxZUc4smMkgcPju4b7ynhUTNLUNkCE1Ka7HF8pJu,FP1-RESEARCH-PROBE-STRICT-0001,4,1787075166627018,1787074903000000,0,3,2,2,0,WAITING_FOR_IMPULSE,EXPIRED,ENTRY_WINDOW_EXPIRED,True,,,,,,,,,,,,,,,,,,,,,,,,,,,,,,
2QRCvcDVa9VPisBNGMoHYRSb7XHS1UdQZGbAEXrfpump,FP1-RESEARCH-PROBE-STRICT-0001,4,1787075156903750,1787074902000000,0,5,5,2,0,WAITING_FOR_IMPULSE,EXPIRED,ENTRY_WINDOW_EXPIRED,True,,,,,,,,,,,,,,,,,,,,,,,,,,,,,,
HvpiGCpVG6Rp76QJkw1mDY654KUYC6VpiCR8pGzSpump,FP1-RESEARCH-PROBE-STRICT-0001,4,1787075156868524,1787074902000000,0,7,5,2,0,WAITING_FOR_IMPULSE,EXPIRED,ENTRY_WINDOW_EXPIRED,True,,,,,,,,,,,,,,,,,,,,,,,,,,,,,,
4FpYzhDnYuUNvw9nHEbticUtFVzHTtzzmuAEj6FGpump,FP1-RESEARCH-PROBE-STRICT-0001,4,1787075154259779,1787074902000000,0,1,1,2,0,WAITING_FOR_IMPULSE,EXPIRED,ENTRY_WINDOW_EXPIRED,True,,,,,,,,,,,,,,,,,,,,,,,,,,,,,,
ABc8a65sCRhWZZHrNcXn5dZgrsJ26fvXBb6HwTu5pump,FP1-RESEARCH-PROBE-STRICT-0001,4,1787075150032799,1787074902000000,0,7,7,2,0,WAITING_FOR_IMPULSE,EXPIRED,ENTRY_WINDOW_EXPIRED,True,,,,,,,,,,,,,,,,,,,,,,,,,,,,,,
J78tUYJ7TDbMs5Nef5LzKUoGXYtNxtCs1Vifb3ypump,FP1-RESEARCH-PROBE-STRICT-0001,4,1787075145154378,1787074901000000,0,3,3,2,0,WAITING_FOR_IMPULSE,EXPIRED,ENTRY_WINDOW_EXPIRED,True,,,,,,,,,,,,,,,,,,,,,,,,,,,,,,
2wCP4inY1TwaeWreEfWmS9wGJwQxGFKooPG7HkcApump,FP1-RESEARCH-PROBE-STRICT-0001,4,1787075142935880,1787074901000000,0,2,2,2,0,WAITING_FOR_IMPULSE,EXPIRED,ENTRY_WINDOW_EXPIRED,True,,,,,,,,,,,,,,,,,,,,,,,,,,,,,,
6JcD9szZaP96tKjKGd1Sajsy2hR4WVc1VWAcEyVopump,FP1-RESEARCH-PROBE-STRICT-0001,4,1787075140468650,1787074901000000,0,3,3,2,0,WAITING_FOR_IMPULSE,EXPIRED,ENTRY_WINDOW_EXPIRED,True,,,,,,,,,,,,,,,,,,,,,,,,,,,,,,
31NQLN4hG8eNqa8s9keaL7mDdJHjffwfmx3LphM7pump,FP1-RESEARCH-PROBE-STRICT-0001,4,1787075133197607,1787074900000000,0,1,1,2,0,WAITING_FOR_IMPULSE,EXPIRED,ENTRY_WINDOW_EXPIRED,True,,,,,,,,,,,,,,,,,,,,,,,,,,,,,,
BHehuqfeeWh9ztVBy1FQrn9kGK9WHTuoymhpTSjipump,FP1-RESEARCH-PROBE-STRICT-0001,4,1787075115009217,1787074899000000,0,1,1,2,0,WAITING_FOR_IMPULSE,EXPIRED,ENTRY_WINDOW_EXPIRED,True,,,,,,,,,,,,,,,,,,,,,,,,,,,,,,
3amvkZh2Y84NkfBE1fHY28rdSjoRSNZfFsRHsDS43Vdv,FP1-RESEARCH-PROBE-STRICT-0001,4,1787075101395666,1787074898000000,0,1,1,2,0,WAITING_FOR_IMPULSE,EXPIRED,ENTRY_WINDOW_EXPIRED,True,,,,,,,,,,,,,,,,,,,,,,,,,,,,,,
8mZ2XnTbvLeVsvp9Ehgjd6BU6eZr3MqqirNJccSmpump,FP1-RESEARCH-PROBE-STRICT-0001,4,1787075083431665,1787074897000000,0,1,1,2,0,WAITING_FOR_IMPULSE,EXPIRED,ENTRY_WINDOW_EXPIRED,True,,,,,,,,,,,,,,,,,,,,,,,,,,,,,,
CrtoRnVjHXuDJJ83nteNHdnkCx4jM7oeSuEAxqEBpump,FP1-RESEARCH-PROBE-STRICT-0001,4,1787075073169420,1787074897000000,0,6,6,2,0,WAITING_FOR_IMPULSE,EXPIRED,ENTRY_WINDOW_EXPIRED,True,,,,,,,,,,,,,,,,,,,,,,,,,,,,,,
AM4oHgAiWtCzq4BLoZSy1uizXbQ3fpWEUA6FbtVRpump,FP1-RESEARCH-PROBE-STRICT-0001,4,1787075070564489,1787074896000000,0,1,1,2,0,WAITING_FOR_IMPULSE,EXPIRED,ENTRY_WINDOW_EXPIRED,True,,,,,,,,,,,,,,,,,,,,,,,,,,,,,,
AbWJhQzLhBBkSQRiY8Da61zyKN9JgUqJczEN8NHKpump,FP1-RESEARCH-PROBE-STRICT-0001,4,1787075065509355,1787074896000000,0,8,8,2,0,WAITING_FOR_IMPULSE,EXPIRED,ENTRY_WINDOW_EXPIRED,True,,,,,,,,,,,,,,,,,,,,,,,,,,,,,,
7bqhXptzL1K3EitH7kxXsGzJJzkA7LfbJ39BwhaQpump,FP1-RESEARCH-PROBE-STRICT-0001,4,1787075060320560,1787074896000000,0,1,1,2,0,WAITING_FOR_IMPULSE,EXPIRED,ENTRY_WINDOW_EXPIRED,True,,,,,,,,,,,,,,,,,,,,,,,,,,,,,,
8y4tkSS8EGaBND8c6wEoBsVsefUfLFHg2eKAGskxpump,FP1-RESEARCH-PROBE-STRICT-0001,4,1787075060320560,1787074896000000,0,23,8,2,0,WAITING_FOR_IMPULSE,EXPIRED,ENTRY_WINDOW_EXPIRED,True,,,,,,,,,,,,,,,,,,,,,,,,,,,,,,
3H6LaB87n2B7rA7R5wxsTMmPgg8dGH12YnwerQLjsR2f,FP1-RESEARCH-PROBE-STRICT-0001,4,1787075055231899,1787074896000000,0,1,1,2,0,WAITING_FOR_IMPULSE,EXPIRED,ENTRY_WINDOW_EXPIRED,True,,,,,,,,,,,,,,,,,,,,,,,,,,,,,,
76LSALDFZLvMLwS1F1UjL8pYgX2vKqJgETsJ8pj6pump,FP1-RESEARCH-PROBE-STRICT-0001,4,1787075043329703,1787074895000000,0,1,1,2,0,WAITING_FOR_IMPULSE,EXPIRED,ENTRY_WINDOW_EXPIRED,True,,,,,,,,,,,,,,,,,,,,,,,,,,,,,,
HcuMC8wWbMeN9oLSUVMo21A1jQyfHrRC5DZG7xxTpump,FP1-RESEARCH-PROBE-STRICT-0001,4,1787075036629980,1787074895000000,0,1,1,2,0,WAITING_FOR_IMPULSE,EXPIRED,ENTRY_WINDOW_EXPIRED,True,,,,,,,,,,,,,,,,,,,,,,,,,,,,,,
487cJVEC2Xw4376jXaHSCUvmbX46QqyKhFE6UN3spump,FP1-RESEARCH-PROBE-STRICT-0001,4,1787075013798601,1787074893000000,0,1,1,2,0,WAITING_FOR_IMPULSE,EXPIRED,ENTRY_WINDOW_EXPIRED,True,,,,,,,,,,,,,,,,,,,,,,,,,,,,,,
3TCRJhPgxahZ8NVeC3rTajM3b5NPVcAmbVeQkwV7pump,FP1-RESEARCH-PROBE-STRICT-0001,4,1787074996721507,1787074893000000,0,9,8,2,0,WAITING_FOR_IMPULSE,EXPIRED,ENTRY_WINDOW_EXPIRED,True,,,,,,,,,,,,,,,,,,,,,,,,,,,,,,
GVcdHB2tq4aJnskWPF84q8q9n8c9qpHJzgG5RBsbk8x8,FP1-RESEARCH-PROBE-STRICT-0001,4,1787074983772870,1787074892000000,0,49,17,4,0,WAITING_FOR_PULLBACK,EXPIRED,ENTRY_WINDOW_EXPIRED,True,280940,3478,12,11,1,1598398464,298343,4261,,,,,,,,,,,,,,,,,,,,,,
24qRCC1X9TZ3K9gTXVnQjFjh4gtSy7xiRpaaXdFepump,FP1-RESEARCH-PROBE-STRICT-0001,4,1787074974502344,1787074892000000,0,42,41,2,0,WAITING_FOR_IMPULSE,EXPIRED,ENTRY_WINDOW_EXPIRED,True,,,,,,,,,,,,,,,,,,,,,,,,,,,,,,
5Yy89FQ6jT17dv8fMCr7MZcNiohs2nph6BoYXQScpump,FP1-RESEARCH-PROBE-STRICT-0001,4,1787074969089475,1787074891000000,0,1,1,2,0,WAITING_FOR_IMPULSE,EXPIRED,ENTRY_WINDOW_EXPIRED,True,,,,,,,,,,,,,,,,,,,,,,,,,,,,,,
AkcFEkme23WCfJ4wRBZwMxTv8ierh7mxyYbLH8Rapump,FP1-RESEARCH-PROBE-STRICT-0001,4,1787074956831365,1787074891000000,0,32,32,6,0,WAITING_FOR_RESPONSE,EXPIRED,ENTRY_WINDOW_EXPIRED,True,24,3919,4,4,4,8888888885,49867,7777,139814,139790,3248,5208,200034,,,,,,,,,,,,,,,,,
658D5UHA14mVmp8J6UUkb9T8u3G4VUgUDKy4f2zh3u6x,FP1-RESEARCH-PROBE-STRICT-0001,4,1787074954310588,1787074891000000,0,140,13,2,0,WAITING_FOR_IMPULSE,EXPIRED,ENTRY_WINDOW_EXPIRED,True,,,,,,,,,,,,,,,,,,,,,,,,,,,,,,
8jtpDVU4b53Ne3dRUJE77NpwJocecEoZn9CCLcGDpump,FP1-RESEARCH-PROBE-STRICT-0001,4,1787074946582526,1787074890000000,0,1,1,2,0,WAITING_FOR_IMPULSE,EXPIRED,ENTRY_WINDOW_EXPIRED,True,,,,,,,,,,,,,,,,,,,,,,,,,,,,,,
AYsGEZCd5uBgc7aXnV8HAmX8ne3QLdDuLPUA2hhApump,FP1-RESEARCH-PROBE-STRICT-0001,3,1787074944344498,1787074890000000,0,8,5,2,0,WAITING_FOR_IMPULSE,EXPIRED,ENTRY_WINDOW_EXPIRED,True,,,,,,,,,,,,,,,,,,,,,,,,,,,,,,
CbRUyNSxqZwN2VYvUe8vEP5wB4kXwd7Bc3ZzEfcPpump,FP1-RESEARCH-PROBE-STRICT-0001,3,1787074939416848,1787074890000000,0,1,1,2,0,WAITING_FOR_IMPULSE,EXPIRED,ENTRY_WINDOW_EXPIRED,True,,,,,,,,,,,,,,,,,,,,,,,,,,,,,,
CYdHHXoQk9rDEg2JoQhb7hGH4Ze8R6Jh6ewubbUWpump,FP1-RESEARCH-PROBE-STRICT-0001,3,1787074939402711,1787074890000000,0,6,3,2,0,WAITING_FOR_IMPULSE,EXPIRED,ENTRY_WINDOW_EXPIRED,True,,,,,,,,,,,,,,,,,,,,,,,,,,,,,,
EoHpE9L3s9V9in6nrg1ZtDKnxkcxumy8XzCHyed5pump,FP1-RESEARCH-PROBE-STRICT-0001,3,1787074936755817,1787074890000000,0,21,4,2,0,WAITING_FOR_IMPULSE,EXPIRED,ENTRY_WINDOW_EXPIRED,True,,,,,,,,,,,,,,,,,,,,,,,,,,,,,,
CuCSJi1HvAkeiq4pfh84ZQpMPVVkyqCGmaDrUh25pump,FP1-RESEARCH-PROBE-STRICT-0001,3,1787074934381984,1787074890000000,0,2,2,2,0,WAITING_FOR_IMPULSE,EXPIRED,ENTRY_WINDOW_EXPIRED,True,,,,,,,,,,,,,,,,,,,,,,,,,,,,,,
CjjFca21d1eiBsRzmySpu1DNsXBX3A9P2wtpcuELpump,FP1-RESEARCH-PROBE-STRICT-0001,3,1787074934374698,1787074890000000,0,11,8,2,0,WAITING_FOR_IMPULSE,EXPIRED,ENTRY_WINDOW_EXPIRED,True,,,,,,,,,,,,,,,,,,,,,,,,,,,,,,
93ovBmR6X1UdoGz3amD6HE9vREQ2rV9TF6SyZ5aepump,FP1-RESEARCH-PROBE-STRICT-0001,3,1787074930039636,1787074889000000,0,15,8,2,0,WAITING_FOR_IMPULSE,EXPIRED,ENTRY_WINDOW_EXPIRED,True,,,,,,,,,,,,,,,,,,,,,,,,,,,,,,
GdkJoVZ1UBCV5rjfJzxFmaFBrWRKeLZY3H3Dcpfapump,FP1-RESEARCH-PROBE-STRICT-0001,3,1787074929956571,1787074889000000,0,1,1,2,0,WAITING_FOR_IMPULSE,EXPIRED,ENTRY_WINDOW_EXPIRED,True,,,,,,,,,,,,,,,,,,,,,,,,,,,,,,
GccaCYPdPDZSBDz61FLmtAVQU8MrSbWenQc64E3Npump,FP1-RESEARCH-PROBE-STRICT-0001,3,1787074927762702,1787074889000000,0,74,39,2,0,WAITING_FOR_IMPULSE,EXPIRED,ENTRY_WINDOW_EXPIRED,True,,,,,,,,,,,,,,,,,,,,,,,,,,,,,,
FzbjHbn9kz4PiecQ6ybQv9y1FGvxfnCZDQwJgBmmpump,FP1-RESEARCH-PROBE-STRICT-0001,3,1787074927586956,1787074889000000,0,18,5,2,0,WAITING_FOR_IMPULSE,EXPIRED,ENTRY_WINDOW_EXPIRED,True,,,,,,,,,,,,,,,,,,,,,,,,,,,,,,
AhKEUjNfhncSCSfxTFtA4tUZbqJm4yvExqVN58nRHryi,FP1-RESEARCH-PROBE-STRICT-0001,3,1787074924840252,1787074889000000,0,8,4,2,0,WAITING_FOR_IMPULSE,EXPIRED,ENTRY_WINDOW_EXPIRED,True,,,,,,,,,,,,,,,,,,,,,,,,,,,,,,
DZd7Cci9CD78bXkBT7JCHwKYqKes2yngnBcx4f6opump,FP1-RESEARCH-PROBE-STRICT-0001,3,1787074922382541,1787074889000000,0,7,4,2,0,WAITING_FOR_IMPULSE,EXPIRED,ENTRY_WINDOW_EXPIRED,True,,,,,,,,,,,,,,,,,,,,,,,,,,,,,,
4navMf8Pf1ixzsQUded6W4hkgxSCvBtfpjt9qdQ3pump,FP1-RESEARCH-PROBE-STRICT-0001,3,1787074914688956,1787074888000000,0,710,46,2,0,WAITING_FOR_IMPULSE,EXPIRED,ENTRY_WINDOW_EXPIRED,True,,,,,,,,,,,,,,,,,,,,,,,,,,,,,,
BSio4otAizTD2K2z3htEmqKLDuRAxcsc9GztemMNpump,FP1-RESEARCH-PROBE-STRICT-0001,3,1787074909091937,1787074888000000,0,147,22,2,0,WAITING_FOR_IMPULSE,EXPIRED,ENTRY_WINDOW_EXPIRED,True,,,,,,,,,,,,,,,,,,,,,,,,,,,,,,
C8gjcqKWjbkSyeSM6jU1jk6te2nghMEVMWdf9t76pump,FP1-RESEARCH-PROBE-STRICT-0001,3,1787074909005393,1787074888000000,0,10,10,2,0,WAITING_FOR_IMPULSE,EXPIRED,ENTRY_WINDOW_EXPIRED,True,,,,,,,,,,,,,,,,,,,,,,,,,,,,,,
CNdPbYMdTWAYR3nDtxJP8PvqEmLQ2YgwKgnhC1bcpump,FP1-RESEARCH-PROBE-STRICT-0001,3,1787074906425053,1787074888000000,0,23,13,6,0,WAITING_FOR_RESPONSE,EXPIRED,ENTRY_WINDOW_EXPIRED,True,181020,7230,9,4,1,3731,216791,12081,277639,96619,3465,4116,294279,,,,,,,,,,,,,,,,,
5Wr3m8QpTqqn1idrQvp3iNPa4f8hviBji5A9aEVapump,FP1-RESEARCH-PROBE-STRICT-0001,3,1787074906284161,1787074888000000,0,90,29,2,0,WAITING_FOR_IMPULSE,EXPIRED,ENTRY_WINDOW_EXPIRED,True,,,,,,,,,,,,,,,,,,,,,,,,,,,,,,
6XAwvXQmZn2NmEFYRnrCUiPWx8gm4TykZGhX7VR9pump,FP1-RESEARCH-PROBE-STRICT-0001,3,1787074903975939,1787074888000000,0,36,19,2,0,WAITING_FOR_IMPULSE,EXPIRED,ENTRY_WINDOW_EXPIRED,True,,,,,,,,,,,,,,,,,,,,,,,,,,,,,,
Agot2HXjh68MjHXr2xnutQ27BxoP3gfmL92QvCaKpump,FP1-RESEARCH-PROBE-STRICT-0001,3,1787074903709837,1787074888000000,0,3,1,2,0,WAITING_FOR_IMPULSE,EXPIRED,ENTRY_WINDOW_EXPIRED,True,,,,,,,,,,,,,,,,,,,,,,,,,,,,,,
8dYQJwHsvCak4vJU2hHcAWYfsQWgw7ND5VEVheBUpump,FP1-RESEARCH-PROBE-STRICT-0001,3,1787074901877246,1787074888000000,0,19,12,2,0,WAITING_FOR_IMPULSE,EXPIRED,ENTRY_WINDOW_EXPIRED,True,,,,,,,,,,,,,,,,,,,,,,,,,,,,,,
Gf7xhK5AKgAoFrx3QKrf3ujaawxNrPGoPCQZGLhUpump,FP1-RESEARCH-PROBE-STRICT-0001,3,1787074901808869,1787074888000000,0,187,22,4,0,WAITING_FOR_PULLBACK,EXPIRED,ENTRY_WINDOW_EXPIRED,True,221286,3802,13,10,1,2001698777,277325,5734,,,,,,,,,,,,,,,,,,,,,,
CLrxx8QYRwokap6Seg2MN9Ju4aFYn3WTrqJB49XZpump,FP1-RESEARCH-PROBE-STRICT-0001,3,1787074901792845,1787074888000000,0,1,1,2,0,WAITING_FOR_IMPULSE,EXPIRED,ENTRY_WINDOW_EXPIRED,True,,,,,,,,,,,,,,,,,,,,,,,,,,,,,,
Ciqjvap1Rn5zoP1tcsDufWyZH3xsGtkqxTsjXipvpump,FP1-RESEARCH-PROBE-STRICT-0001,3,1787074896624491,1787074887000000,0,3,2,2,0,WAITING_FOR_IMPULSE,EXPIRED,ENTRY_WINDOW_EXPIRED,True,,,,,,,,,,,,,,,,,,,,,,,,,,,,,,
7m9efqvT8uAgWXG6PA7YL6iHBguiBS8GXvodSsdApump,FP1-RESEARCH-PROBE-STRICT-0001,3,1787074896563579,1787074887000000,0,8,8,2,0,WAITING_FOR_IMPULSE,EXPIRED,ENTRY_WINDOW_EXPIRED,True,,,,,,,,,,,,,,,,,,,,,,,,,,,,,,
89gHGNANPENbuS93MhXCj9czPyuQTMduEdG3u4RQnfGr,FP1-RESEARCH-PROBE-STRICT-0001,3,1787074896534037,1787074887000000,0,2,2,2,0,WAITING_FOR_IMPULSE,EXPIRED,ENTRY_WINDOW_EXPIRED,True,,,,,,,,,,,,,,,,,,,,,,,,,,,,,,
562R3gCfPZunx86X2nSo1n2VPFRiX16bxRsq2tccoWG7,FP1-RESEARCH-PROBE-STRICT-0001,3,1787074893888329,1787074887000000,0,15,14,2,0,WAITING_FOR_IMPULSE,EXPIRED,ENTRY_WINDOW_EXPIRED,True,,,,,,,,,,,,,,,,,,,,,,,,,,,,,,
24qQuaGtRT856q9AFZJHyCxi15Sx25jE9hBNFh7Ypump,FP1-RESEARCH-PROBE-STRICT-0001,3,1787074893773618,1787074887000000,0,7,7,2,0,WAITING_FOR_IMPULSE,EXPIRED,ENTRY_WINDOW_EXPIRED,True,,,,,,,,,,,,,,,,,,,,,,,,,,,,,,
2t55kaY1c9x1jtafy1vA5UNYH9oaSjqmRhCphKAFpump,FP1-RESEARCH-PROBE-STRICT-0001,3,1787074893762096,1787074887000000,0,9,7,2,0,WAITING_FOR_IMPULSE,EXPIRED,ENTRY_WINDOW_EXPIRED,True,,,,,,,,,,,,,,,,,,,,,,,,,,,,,,
7hza9NUTV61zgUHedmVdJtYoUCqyH2arnqZBrodkpump,FP1-RESEARCH-PROBE-STRICT-0001,3,1787074891435949,1787074887000000,0,4,2,1,0,DISCOVERED,EXPIRED,ENTRY_WINDOW_EXPIRED,True,,,,,,,,,,,,,,,,,,,,,,,,,,,,,,
7HXh5o355GnCzHayKuYNMY91UiPzE9YLA1BTQgE5pump,FP1-RESEARCH-PROBE-STRICT-0001,3,1787074889665675,1787074887000000,0,83,58,2,0,WAITING_FOR_IMPULSE,EXPIRED,ENTRY_WINDOW_EXPIRED,True,,,,,,,,,,,,,,,,,,,,,,,,,,,,,,
7EiTAzsbxdpZUH6kGJHfL9x1PHLjV8Uw4oAX41tnGhj8,FP1-RESEARCH-PROBE-STRICT-0001,3,1787074887232694,1787074887000000,0,29,13,2,0,WAITING_FOR_IMPULSE,EXPIRED,ENTRY_WINDOW_EXPIRED,True,,,,,,,,,,,,,,,,,,,,,,,,,,,,,,
GKYyXsxGHLrDhboVACVZBoNp9jL8uFTpjfiwyBkC7PkJ,FP1-RESEARCH-PROBE-STRICT-0001,3,1787074887148527,1787074887000000,0,1,1,2,0,WAITING_FOR_IMPULSE,EXPIRED,ENTRY_WINDOW_EXPIRED,True,,,,,,,,,,,,,,,,,,,,,,,,,,,,,,
F7r6embpY1e92qa9tGnmn8zCrGQGMd7tuGJhtcPupump,FP1-RESEARCH-PROBE-STRICT-0001,3,1787074887082587,1787074887000000,0,1,1,2,0,WAITING_FOR_IMPULSE,EXPIRED,ENTRY_WINDOW_EXPIRED,True,,,,,,,,,,,,,,,,,,,,,,,,,,,,,,
j7SR8yMUfPx8WVDcxFovmzWUiaPA3owpGj1ciXfpump,FP1-RESEARCH-PROBE-STRICT-0001,3,1787074887075071,1787074887000000,0,296,175,2,0,WAITING_FOR_IMPULSE,EXPIRED,ENTRY_WINDOW_EXPIRED,True,,,,,,,,,,,,,,,,,,,,,,,,,,,,,,
Epph9prVPCXQbxriAUTQWqchv5RTj8mWt1cSgWABpump,FP1-RESEARCH-PROBE-STRICT-0001,3,1787074887014989,1787074887000000,0,5,4,2,0,WAITING_FOR_IMPULSE,EXPIRED,ENTRY_WINDOW_EXPIRED,True,,,,,,,,,,,,,,,,,,,,,,,,,,,,,,
F2VnGF7woKHK9Tkcedy494aburdMbCTwtXzFEY21pump,FP1-RESEARCH-PROBE-STRICT-0001,3,1787074886999779,1787074887000000,0,214,109,4,0,WAITING_FOR_PULLBACK,EXPIRED,ENTRY_WINDOW_EXPIRED,True,96882,3194,21,14,3,9037160765,294748,7835,,,,,,,,,,,,,,,,,,,,,,
M1S6GxVAij2gaGyr5tR19uZCpyWkHstv1kBjNEipump,FP1-RESEARCH-PROBE-STRICT-0001,3,1787074886982246,1787074887000000,0,7,6,2,0,WAITING_FOR_IMPULSE,EXPIRED,ENTRY_WINDOW_EXPIRED,True,,,,,,,,,,,,,,,,,,,,,,,,,,,,,,
9yTDqz417id8jruXYgVdRLsgodY9FT7n4sMJnfywpump,FP1-RESEARCH-PROBE-STRICT-0001,3,1787074843913077,1787074400000000,0,3,3,2,0,WAITING_FOR_IMPULSE,EXPIRED,ENTRY_WINDOW_EXPIRED,True,,,,,,,,,,,,,,,,,,,,,,,,,,,,,,
G5fnJx3Xom6ycmo1EP1szbgbyBSQ8YRwvLXeTq7hpump,FP1-RESEARCH-PROBE-STRICT-0001,3,1787074833107752,1787074399000000,0,3,1,2,0,WAITING_FOR_IMPULSE,EXPIRED,ENTRY_WINDOW_EXPIRED,True,,,,,,,,,,,,,,,,,,,,,,,,,,,,,,
62T7rgWptCEh8XyyR5BH5eU5hMYjqXw9Ra16Tp5mpump,FP1-RESEARCH-PROBE-STRICT-0001,3,1787074824979628,1787074399000000,0,3,3,2,0,WAITING_FOR_IMPULSE,EXPIRED,ENTRY_WINDOW_EXPIRED,True,,,,,,,,,,,,,,,,,,,,,,,,,,,,,,
BXZKmkQj677uZjG9Ak7ASqNX14Fc2RzWzWgX1pQod1cW,FP1-RESEARCH-PROBE-STRICT-0001,3,1787074805931828,1787074397000000,0,2,2,2,0,WAITING_FOR_IMPULSE,EXPIRED,ENTRY_WINDOW_EXPIRED,True,,,,,,,,,,,,,,,,,,,,,,,,,,,,,,
ECbmqN5UYEQWTwdATCEAABmQhVnWBpEVJa4Kwdmdpump,FP1-RESEARCH-PROBE-STRICT-0001,3,1787074803125411,1787074397000000,0,1,1,2,0,WAITING_FOR_IMPULSE,EXPIRED,ENTRY_WINDOW_EXPIRED,True,,,,,,,,,,,,,,,,,,,,,,,,,,,,,,
6GnPvo8mLMxpsD6YzpvcwW5JFW9KLZeqBnqUnTMLpump,FP1-RESEARCH-PROBE-STRICT-0001,3,1787074768186762,1787074395000000,0,3,3,2,0,WAITING_FOR_IMPULSE,EXPIRED,ENTRY_WINDOW_EXPIRED,True,,,,,,,,,,,,,,,,,,,,,,,,,,,,,,
E3CYcoAh3XRApBahsDq7rdBX5CvmSCN9ruq1r8iApump,FP1-RESEARCH-PROBE-STRICT-0001,3,1787074762874584,1787074395000000,0,38,4,2,0,WAITING_FOR_IMPULSE,EXPIRED,ENTRY_WINDOW_EXPIRED,True,,,,,,,,,,,,,,,,,,,,,,,,,,,,,,
Bw22pQm9guDJbvkA5hpr91kaqSgAbamsC2LjbWtBpump,FP1-RESEARCH-PROBE-STRICT-0001,3,1787074758049584,1787074395000000,0,5,4,2,0,WAITING_FOR_IMPULSE,EXPIRED,ENTRY_WINDOW_EXPIRED,True,,,,,,,,,,,,,,,,,,,,,,,,,,,,,,
BtVxNTNeU3CWd4ep1ja29dd5xGnXZFeuZiyuQJqopump,FP1-RESEARCH-PROBE-STRICT-0001,3,1787074752290098,1787074394000000,0,1,1,2,0,WAITING_FOR_IMPULSE,EXPIRED,ENTRY_WINDOW_EXPIRED,True,,,,,,,,,,,,,,,,,,,,,,,,,,,,,,
2PfDWTwoxAGePS3aY7Y3vV2FhaJoCQVuQrBtVgSvpump,FP1-RESEARCH-PROBE-STRICT-0001,3,1787074725799485,1787074393000000,0,1,1,2,0,WAITING_FOR_IMPULSE,EXPIRED,ENTRY_WINDOW_EXPIRED,True,,,,,,,,,,,,,,,,,,,,,,,,,,,,,,
C7vFafRvgAUwXa5NHTg27mjbnVnEC1uTKXAfc3RJ5iV2,FP1-RESEARCH-PROBE-STRICT-0001,3,1787074718243861,1787074393000000,0,5,5,2,0,WAITING_FOR_IMPULSE,EXPIRED,ENTRY_WINDOW_EXPIRED,True,,,,,,,,,,,,,,,,,,,,,,,,,,,,,,
sP8rznqCEHuxNwvmJPJDbyw6JXEqaKQfTiGySkcpump,FP1-RESEARCH-PROBE-STRICT-0001,3,1787074707837968,1787074392000000,0,1,1,1,0,DISCOVERED,EXPIRED,ENTRY_WINDOW_EXPIRED,True,,,,,,,,,,,,,,,,,,,,,,,,,,,,,,
AMikPZMtMgiuJM7FY3vyTRqoUjZv38pwcTuwC9mhpump,FP1-RESEARCH-PROBE-STRICT-0001,3,1787074704561610,1787074392000000,0,1,1,2,0,WAITING_FOR_IMPULSE,EXPIRED,ENTRY_WINDOW_EXPIRED,True,,,,,,,,,,,,,,,,,,,,,,,,,,,,,,
Cr6eCtFxVCMjFmSs9xtvs37EVj1NZm8Zsk1Wj6E7pump,FP1-RESEARCH-PROBE-STRICT-0001,3,1787074702124655,1787074392000000,0,3,3,2,0,WAITING_FOR_IMPULSE,EXPIRED,ENTRY_WINDOW_EXPIRED,True,,,,,,,,,,,,,,,,,,,,,,,,,,,,,,
7fT6V7rn2sN5RHn3q5R76WbgsUYxsdRMoDk9Tmexpump,FP1-RESEARCH-PROBE-STRICT-0001,3,1787074686917556,1787074391000000,0,80,62,6,0,WAITING_FOR_RESPONSE,INVALIDATED,PULLBACK_TOO_DEEP,False,3200,4872,4,4,1,35921179,119164,41615,138141,134941,3402,6184,151542,,,,,,,,,,,,,,,,,
5v1AcSWe341Lx4gCDTKccACatWG9QBL8NjeZja76pump,FP1-RESEARCH-PROBE-STRICT-0001,3,1787074679314430,1787074390000000,0,34,34,6,0,WAITING_FOR_RESPONSE,EXPIRED,ENTRY_WINDOW_EXPIRED,True,22,3351,4,4,4,10370370366,54669,4391,124030,124008,3292,4855,124044,,,,,,,,,,,,,,,,,
GNN2FfVP6zK4QpyokUmTMCJtUcNumrtxjYGiE3R8pump,FP1-RESEARCH-PROBE-STRICT-0001,3,1787074676491566,1787074390000000,0,1,1,2,0,WAITING_FOR_IMPULSE,EXPIRED,ENTRY_WINDOW_EXPIRED,True,,,,,,,,,,,,,,,,,,,,,,,,,,,,,,
6X4XETRPAQ8nzCu8Sd7n3qsZW7PE1B4dTKt7TSw6pump,FP1-RESEARCH-PROBE-STRICT-0001,3,1787074658085730,1787074389000000,0,12,12,6,0,WAITING_FOR_RESPONSE,EXPIRED,ENTRY_WINDOW_EXPIRED,True,15786,3236,6,6,2,1466666667,15786,3236,188757,172971,3070,3306,188768,,,,,,,,,,,,,,,,,
CTNhdQ668UNQm1PcSf92ZZjS7GWqCTHvoyYw6fPZ2uhA,FP1-RESEARCH-PROBE-STRICT-0001,3,1787074645048519,1787074387000000,0,3,3,2,0,WAITING_FOR_IMPULSE,EXPIRED,ENTRY_WINDOW_EXPIRED,True,,,,,,,,,,,,,,,,,,,,,,,,,,,,,,
DfQWQdpmED1C7Yd1NYEoQRQftm8zPBX68WRz6Taw3bmr,FP1-RESEARCH-PROBE-STRICT-0001,3,1787074631173861,1787074386000000,0,1,1,2,0,WAITING_FOR_IMPULSE,EXPIRED,ENTRY_WINDOW_EXPIRED,True,,,,,,,,,,,,,,,,,,,,,,,,,,,,,,
8pEEoFsNfkriDVCBqjWprkverjy8wce2VphhWyWSWevc,FP1-RESEARCH-PROBE-STRICT-0001,3,1787074612707967,1787074385000000,0,6,6,2,0,WAITING_FOR_IMPULSE,EXPIRED,ENTRY_WINDOW_EXPIRED,True,,,,,,,,,,,,,,,,,,,,,,,,,,,,,,
F14LrtK9fkKc3AsFSctpDqtYbJM5dWWPrPyik6uvpump,FP1-RESEARCH-PROBE-STRICT-0001,3,1787074581726115,1787074383000000,0,1,1,2,0,WAITING_FOR_IMPULSE,EXPIRED,ENTRY_WINDOW_EXPIRED,True,,,,,,,,,,,,,,,,,,,,,,,,,,,,,,
2PPbVpUibgpk3Z77vctnGFy7XmjekEKZDJK2kfSSpump,FP1-RESEARCH-PROBE-STRICT-0001,3,1787074573725467,1787074383000000,0,2,2,2,0,WAITING_FOR_IMPULSE,EXPIRED,ENTRY_WINDOW_EXPIRED,True,,,,,,,,,,,,,,,,,,,,,,,,,,,,,,
7VbX73kLJSyaAgcY9R5DJLxsVZd1eX3hPDMEmHMHaZtj,FP1-RESEARCH-PROBE-STRICT-0001,3,1787074571272462,1787074383000000,0,234,52,7,0,CANDIDATE_SIGNAL,CANDIDATE_SIGNAL,RECLAIM_CONFIRMED,False,2153,3441,5,5,5,5925925921,65478,26559,78886,76733,3139,3713,86403,3713,86413,7527,757,3,2,628944169,201,5,6,-2194600961,89178,2765,16970,-2623,909,
GzCApBeSvLABtnjsZjhs7nmWPSicdjPYXR5PZwdypump,FP1-RESEARCH-PROBE-STRICT-0001,3,1787074559048228,1787074382000000,0,7,7,2,0,WAITING_FOR_IMPULSE,EXPIRED,ENTRY_WINDOW_EXPIRED,True,,,,,,,,,,,,,,,,,,,,,,,,,,,,,,
CSuYWqiUgPoZyd3XbRcYpcHLsj9Y1W68vZGQT3unpump,FP1-RESEARCH-PROBE-STRICT-0001,3,1787074555736262,1787074382000000,0,2,2,2,0,WAITING_FOR_IMPULSE,EXPIRED,ENTRY_WINDOW_EXPIRED,True,,,,,,,,,,,,,,,,,,,,,,,,,,,,,,
2DzaY8JsyKVs8ziDPFLxRkGgoFTqxmNuwKRtYXcwpump,FP1-RESEARCH-PROBE-STRICT-0001,3,1787074544410553,1787074381000000,0,1,1,2,0,WAITING_FOR_IMPULSE,EXPIRED,ENTRY_WINDOW_EXPIRED,True,,,,,,,,,,,,,,,,,,,,,,,,,,,,,,
8EYfSF93MiiH9gQmvdJdiKU6k5o23nxmb7tLDREXpump,FP1-RESEARCH-PROBE-STRICT-0001,3,1787074541523385,1787074381000000,0,18,6,2,0,WAITING_FOR_IMPULSE,EXPIRED,ENTRY_WINDOW_EXPIRED,True,,,,,,,,,,,,,,,,,,,,,,,,,,,,,,
DKAUEeRzjuSvBdy1DaiSksqFoPoaCqdxeajpUPbNpump,FP1-RESEARCH-PROBE-STRICT-0001,3,1787074528327190,1787074380000000,0,3,3,2,0,WAITING_FOR_IMPULSE,EXPIRED,ENTRY_WINDOW_EXPIRED,True,,,,,,,,,,,,,,,,,,,,,,,,,,,,,,
DbwdNnEzi9hD2P7RJQK82ivDDeinWDEoH87a2554pump,FP1-RESEARCH-PROBE-STRICT-0001,3,1787074519791969,1787074380000000,0,18,12,6,0,WAITING_FOR_RESPONSE,INVALIDATED,PULLBACK_TOO_DEEP,False,66,7988,4,4,4,15600000000,2618,8910,8602,8536,4292,5746,8628,,,,,,,,,,,,,,,,,
DCvevheRctueH3dHDQSid9KzJgAJEh8acUJgTEVqpump,FP1-RESEARCH-PROBE-STRICT-0001,3,1787074516603314,1787074379000000,0,5,2,2,0,WAITING_FOR_IMPULSE,EXPIRED,ENTRY_WINDOW_EXPIRED,True,,,,,,,,,,,,,,,,,,,,,,,,,,,,,,
HMkBNZWxBNHAEcpVweWTKbCqyBMJfp4hb7BJ8Hztpump,FP1-RESEARCH-PROBE-STRICT-0001,3,1787074511130907,1787074379000000,0,7,7,2,0,WAITING_FOR_IMPULSE,EXPIRED,ENTRY_WINDOW_EXPIRED,True,,,,,,,,,,,,,,,,,,,,,,,,,,,,,,
DvRoafGRApkKJW44JtMtb1tUb5iUrZ9yFBy6USBSpump,FP1-RESEARCH-PROBE-STRICT-0001,3,1787074508558301,1787074379000000,0,45,45,7,0,WAITING_FOR_RECLAIM,EXPIRED,ENTRY_WINDOW_EXPIRED,True,69,3386,6,6,6,6202469129,5104,7998,31170,31101,3079,4735,35651,4735,241030,209860,779,4,0,608743836,264,5,0,806274699,,,,,,
4DvRmjC7quoLecw7DGZvZZ64V8bj6bBD31xfHzgfpump,FP1-RESEARCH-PROBE-STRICT-0001,3,1787074497384630,1787074378000000,0,2,2,2,0,WAITING_FOR_IMPULSE,EXPIRED,ENTRY_WINDOW_EXPIRED,True,,,,,,,,,,,,,,,,,,,,,,,,,,,,,,
J9Kz7bkXMmJZQuLnn4CdUXpDMi9HpcB4B4HdEeQipump,FP1-RESEARCH-PROBE-STRICT-0001,3,1787074481784339,1787074377000000,0,15,14,2,0,WAITING_FOR_IMPULSE,EXPIRED,ENTRY_WINDOW_EXPIRED,True,,,,,,,,,,,,,,,,,,,,,,,,,,,,,,
5fmWt6XZQMF4tCoP9RurvxGU8quiUJ7Q7Qp9Dyfapump,FP1-RESEARCH-PROBE-STRICT-0001,3,1787074478814895,1787074376000000,0,1,1,2,0,WAITING_FOR_IMPULSE,EXPIRED,ENTRY_WINDOW_EXPIRED,True,,,,,,,,,,,,,,,,,,,,,,,,,,,,,,
5uVuCHVRNEm8R9AQXrBeJVVpz33jmeHSCrcfRHk9pump,FP1-RESEARCH-PROBE-STRICT-0001,3,1787074467157821,1787074375000000,0,51,49,6,0,WAITING_FOR_RESPONSE,EXPIRED,ENTRY_WINDOW_EXPIRED,True,1712,3027,6,6,6,7058440814,8133,4468,70244,68532,3031,4067,212123,,,,,,,,,,,,,,,,,
5wS4D62gwXBzgFmxZTyvhLEQAu6mAZuoGqppg5Yepump,FP1-RESEARCH-PROBE-STRICT-0001,3,1787074464330440,1787074375000000,0,1,1,2,0,WAITING_FOR_IMPULSE,EXPIRED,ENTRY_WINDOW_EXPIRED,True,,,,,,,,,,,,,,,,,,,,,,,,,,,,,,
CW9La7oZyyDot6yKuh4Dg4DhFb5MabKni4n5NDP6pump,FP1-RESEARCH-PROBE-STRICT-0001,3,1787074461221399,1787074375000000,0,3,2,2,0,WAITING_FOR_IMPULSE,EXPIRED,ENTRY_WINDOW_EXPIRED,True,,,,,,,,,,,,,,,,,,,,,,,,,,,,,,
E9bPPpWwXwH47tWAjBhhxKUwUBcPH2yyyCLMnjrapump,FP1-RESEARCH-PROBE-STRICT-0001,3,1787074458655842,1787074375000000,0,2,1,2,0,WAITING_FOR_IMPULSE,EXPIRED,ENTRY_WINDOW_EXPIRED,True,,,,,,,,,,,,,,,,,,,,,,,,,,,,,,
77KC7TMEmAtjoMPnep2RHQdLXvjMHA1NdGkh1JwWpump,FP1-RESEARCH-PROBE-STRICT-0001,3,1787074453588921,1787074374000000,0,1,1,2,0,WAITING_FOR_IMPULSE,EXPIRED,ENTRY_WINDOW_EXPIRED,True,,,,,,,,,,,,,,,,,,,,,,,,,,,,,,
EDHCpWLRMMF5o2YTC8uohMAFPUGQFN5eojFMeWympump,FP1-RESEARCH-PROBE-STRICT-0001,3,1787074453564917,1787074374000000,0,1,1,2,0,WAITING_FOR_IMPULSE,EXPIRED,ENTRY_WINDOW_EXPIRED,True,,,,,,,,,,,,,,,,,,,,,,,,,,,,,,
Hnq2hZg727KG6zUEeetZAYFA8FwCbzBoByHYX5Lypump,FP1-RESEARCH-PROBE-STRICT-0001,3,1787074450274572,1787074374000000,0,1,1,2,0,WAITING_FOR_IMPULSE,EXPIRED,ENTRY_WINDOW_EXPIRED,True,,,,,,,,,,,,,,,,,,,,,,,,,,,,,,
2Zdt9AyfpuuPPcA6hDPLGCGo3vY5ECcjHNQn1zczpump,FP1-RESEARCH-PROBE-STRICT-0001,3,1787074444999643,1787074373000000,0,11,5,2,0,WAITING_FOR_IMPULSE,EXPIRED,ENTRY_WINDOW_EXPIRED,True,,,,,,,,,,,,,,,,,,,,,,,,,,,,,,
HM1YhBWxLGgupWe6yBzrbEpbomgGjAQcJxAFFDZGpump,FP1-RESEARCH-PROBE-STRICT-0001,3,1787074438756423,1787074373000000,0,1,1,2,0,WAITING_FOR_IMPULSE,EXPIRED,ENTRY_WINDOW_EXPIRED,True,,,,,,,,,,,,,,,,,,,,,,,,,,,,,,
DwyH7U88sUricdcEYQvisraCWh7k5SPL4DuDBFTepump,FP1-RESEARCH-PROBE-STRICT-0001,3,1787074430336500,1787074372000000,0,1,1,2,0,WAITING_FOR_IMPULSE,EXPIRED,ENTRY_WINDOW_EXPIRED,True,,,,,,,,,,,,,,,,,,,,,,,,,,,,,,
2m65x9kayW8sP4kJGPeaBqrARab7xXwTCGy9Fvjypump,FP1-RESEARCH-PROBE-STRICT-0001,3,1787074430315496,1787074372000000,0,2,2,2,0,WAITING_FOR_IMPULSE,EXPIRED,ENTRY_WINDOW_EXPIRED,True,,,,,,,,,,,,,,,,,,,,,,,,,,,,,,
6CFK5Vgx2sifabWAtVXLvbEo4GYfNJdzDCXW8U4epump,FP1-RESEARCH-PROBE-STRICT-0001,3,1787074430278500,1787074372000000,0,2,2,2,0,WAITING_FOR_IMPULSE,EXPIRED,ENTRY_WINDOW_EXPIRED,True,,,,,,,,,,,,,,,,,,,,,,,,,,,,,,
2A7A7BbiqcW8NGWrcoMJdQc8biJz9a34tK4SsSVy6PAt,FP1-RESEARCH-PROBE-STRICT-0001,3,1787074428241568,1787074372000000,0,3,3,2,0,WAITING_FOR_IMPULSE,EXPIRED,ENTRY_WINDOW_EXPIRED,True,,,,,,,,,,,,,,,,,,,,,,,,,,,,,,
5wDNrUhJhDcFZJrAEbdjMQtafhxHJDkAwgCj3UU2pump,FP1-RESEARCH-PROBE-STRICT-0001,3,1787074425684396,1787074371000000,0,43,33,1,0,DISCOVERED,EXPIRED,ENTRY_WINDOW_EXPIRED,True,,,,,,,,,,,,,,,,,,,,,,,,,,,,,,
2FfEbufT5Her6bRG13ihhH1Zhy2GM3K43GsBBxPKpump,FP1-RESEARCH-PROBE-STRICT-0001,3,1787074425612397,1787074371000000,0,1,1,2,0,WAITING_FOR_IMPULSE,EXPIRED,ENTRY_WINDOW_EXPIRED,True,,,,,,,,,,,,,,,,,,,,,,,,,,,,,,
7BTSYg2r12vNFQW3Vb6Sd43LLHBKrTxNZm6NkqUBpump,FP1-RESEARCH-PROBE-STRICT-0001,3,1787074423029392,1787074371000000,0,7,7,2,0,WAITING_FOR_IMPULSE,EXPIRED,ENTRY_WINDOW_EXPIRED,True,,,,,,,,,,,,,,,,,,,,,,,,,,,,,,
W7xyzgfzd7rwzSiAYwwRHvkDkKqrjDcX1cpKHqcpump,FP1-RESEARCH-PROBE-STRICT-0001,3,1787074420732125,1787074371000000,0,3,3,2,0,WAITING_FOR_IMPULSE,EXPIRED,ENTRY_WINDOW_EXPIRED,True,,,,,,,,,,,,,,,,,,,,,,,,,,,,,,
HmSbqs5RvzjQ4mB2NVVyAitvwT4GQDb4Tan5cYPkpump,FP1-RESEARCH-PROBE-STRICT-0001,3,1787074420702121,1787074371000000,0,2,2,2,0,WAITING_FOR_IMPULSE,EXPIRED,ENTRY_WINDOW_EXPIRED,True,,,,,,,,,,,,,,,,,,,,,,,,,,,,,,
AE1SturFmdGi1HqYGTmqK8dK3YCLUMsVtXsV7UdYpump,FP1-RESEARCH-PROBE-STRICT-0001,3,1787074413632749,1787074370000000,0,3,3,2,0,WAITING_FOR_IMPULSE,EXPIRED,ENTRY_WINDOW_EXPIRED,True,,,,,,,,,,,,,,,,,,,,,,,,,,,,,,
3urpXYCnV8716FyeDSRazJ7JvZa164xNqM7JirxPpump,FP1-RESEARCH-PROBE-STRICT-0001,3,1787074413622752,1787074370000000,0,3,3,2,0,WAITING_FOR_IMPULSE,EXPIRED,ENTRY_WINDOW_EXPIRED,True,,,,,,,,,,,,,,,,,,,,,,,,,,,,,,
Bg7xxgR5o8oKq9Fbx1a4SQ1YvuVyUmZK5etFxKRfpump,FP1-RESEARCH-PROBE-STRICT-0001,3,1787074413508750,1787074370000000,0,20,20,6,0,WAITING_FOR_RESPONSE,EXPIRED,ENTRY_WINDOW_EXPIRED,True,39,3260,6,6,6,8000000000,4805,3607,281779,281740,3337,3926,281782,,,,,,,,,,,,,,,,,
H24paPKpU8KkRFJ73dUErzaD4gNTbcDJPM9VLZhJpump,FP1-RESEARCH-PROBE-STRICT-0001,3,1787074411249303,1787074369000000,0,2,1,2,0,WAITING_FOR_IMPULSE,EXPIRED,ENTRY_WINDOW_EXPIRED,True,,,,,,,,,,,,,,,,,,,,,,,,,,,,,,
BWcKXzsCjCNHcYs8z6jDNTwyvHUkVC9K8k6eMjjrnSGh,FP1-RESEARCH-PROBE-STRICT-0001,3,1787074403684742,1787074368000000,0,1,1,2,0,WAITING_FOR_IMPULSE,EXPIRED,ENTRY_WINDOW_EXPIRED,True,,,,,,,,,,,,,,,,,,,,,,,,,,,,,,
DtCP4gY5Uons82CVku1a94KKcDmqm2jD1318M66Bpump,FP1-RESEARCH-PROBE-STRICT-0001,3,1787074399586738,1787074368000000,0,19,13,2,0,WAITING_FOR_IMPULSE,EXPIRED,ENTRY_WINDOW_EXPIRED,True,,,,,,,,,,,,,,,,,,,,,,,,,,,,,,
7jFRCtCpE9KQS8hYQDehAYP2ue5PAtJ9acucPjTMpump,FP1-RESEARCH-PROBE-STRICT-0001,3,1787074399583741,1787074368000000,0,34,19,7,0,CANDIDATE_SIGNAL,CANDIDATE_SIGNAL,RECLAIM_CONFIRMED,False,23530,3068,8,8,7,4907494419,26014,6597,47757,24227,4178,4178,47757,4178,69170,21413,1261,3,0,2060611478,634,3,0,2060611478,69408,238,1769,-2909,816,
BPE6SHTWbNmNs3vA6HbZLo76C9rpf1geBdFpZDdwe79f,FP1-RESEARCH-PROBE-STRICT-0001,3,1787074397117744,1787074368000000,0,1,1,2,0,WAITING_FOR_IMPULSE,EXPIRED,ENTRY_WINDOW_EXPIRED,True,,,,,,,,,,,,,,,,,,,,,,,,,,,,,,
n4BVytvjRkSU3hafk2zxNWQBR1wteczSdyYfPXLpump,FP1-RESEARCH-PROBE-STRICT-0001,3,1787074397086741,1787074367000000,0,3,3,2,0,WAITING_FOR_IMPULSE,EXPIRED,ENTRY_WINDOW_EXPIRED,True,,,,,,,,,,,,,,,,,,,,,,,,,,,,,,
8z32U1bfHnDLbvo64jTBrAeyy3xnrPEYZSBNAZu6pump,FP1-RESEARCH-PROBE-STRICT-0001,3,1787074394627739,1787074367000000,0,1,1,2,0,WAITING_FOR_IMPULSE,EXPIRED,ENTRY_WINDOW_EXPIRED,True,,,,,,,,,,,,,,,,,,,,,,,,,,,,,,
HX8dshvtcPc2c9nd9GUGTnijhARLAzvkRBpyEPpBpump,FP1-RESEARCH-PROBE-STRICT-0001,3,1787074394588741,1787074367000000,0,6,4,2,0,WAITING_FOR_IMPULSE,EXPIRED,ENTRY_WINDOW_EXPIRED,True,,,,,,,,,,,,,,,,,,,,,,,,,,,,,,
6YhBkxJx6DGBas5TUUxdt1vWz3Ab7MuBkEcaDtGEpump,FP1-RESEARCH-PROBE-STRICT-0001,3,1787074392301677,1787074366000000,0,3,3,2,0,WAITING_FOR_IMPULSE,EXPIRED,ENTRY_WINDOW_EXPIRED,True,,,,,,,,,,,,,,,,,,,,,,,,,,,,,,
FDYN6nd3q6hrpCM8CToejR1i373Tr9F4jKsJXMHqpump,FP1-RESEARCH-PROBE-STRICT-0001,3,1787074386932860,1787074366000000,0,3,3,2,0,WAITING_FOR_IMPULSE,EXPIRED,ENTRY_WINDOW_EXPIRED,True,,,,,,,,,,,,,,,,,,,,,,,,,,,,,,
Y3yF9gVu6wEfa7A2wvE5xyAGuuhPeHNVLbPnkcGpump,FP1-RESEARCH-PROBE-STRICT-0001,3,1787074381924828,1787074365000000,0,62,42,2,0,WAITING_FOR_IMPULSE,EXPIRED,ENTRY_WINDOW_EXPIRED,True,,,,,,,,,,,,,,,,,,,,,,,,,,,,,,
CjdyjBZaqePt8EKGSSCEAGxjrAUavaR5UUikcJvDpump,FP1-RESEARCH-PROBE-STRICT-0001,3,1787074381884826,1787074365000000,0,21,18,2,0,WAITING_FOR_IMPULSE,EXPIRED,ENTRY_WINDOW_EXPIRED,True,,,,,,,,,,,,,,,,,,,,,,,,,,,,,,
BcNwfyLe29Bk1ZdRgSv4NjXLrAbVWkd3gCdy6139vLgp,FP1-RESEARCH-PROBE-STRICT-0001,3,1787074381822826,1787074365000000,0,11,7,2,0,WAITING_FOR_IMPULSE,EXPIRED,ENTRY_WINDOW_EXPIRED,True,,,,,,,,,,,,,,,,,,,,,,,,,,,,,,
Ff1WtZ5mcqjoDaYqEysuGU3Y4TAntBQc4k5BYx3Wpump,FP1-RESEARCH-PROBE-STRICT-0001,3,1787074379071328,1787074365000000,0,3,3,2,0,WAITING_FOR_IMPULSE,EXPIRED,ENTRY_WINDOW_EXPIRED,True,,,,,,,,,,,,,,,,,,,,,,,,,,,,,,
3bqT5qATzGz6bUt5VkoPZWL4W4vjuY5eVbsfUjXGpump,FP1-RESEARCH-PROBE-STRICT-0001,3,1787074378983333,1787074364000000,0,1,1,2,0,WAITING_FOR_IMPULSE,EXPIRED,ENTRY_WINDOW_EXPIRED,True,,,,,,,,,,,,,,,,,,,,,,,,,,,,,,
9a7vJiGcQC4J7sM6gZPgxZx4ezqsgbcYdVV6tpBQpump,FP1-RESEARCH-PROBE-STRICT-0001,3,1787074374005560,1787074364000000,0,1,1,2,0,WAITING_FOR_IMPULSE,EXPIRED,ENTRY_WINDOW_EXPIRED,True,,,,,,,,,,,,,,,,,,,,,,,,,,,,,,
MPCGUZ9fXaeCuLRjmDadPqtAjNJTkd3oZJqsTdKpump,FP1-RESEARCH-PROBE-STRICT-0001,3,1787074371610493,1787074364000000,0,3,3,2,0,WAITING_FOR_IMPULSE,EXPIRED,ENTRY_WINDOW_EXPIRED,True,,,,,,,,,,,,,,,,,,,,,,,,,,,,,,
FcPgK56ngstaXxisMByDXmFW2r8Mrg5oMc8tqSQspump,FP1-RESEARCH-PROBE-STRICT-0001,3,1787074371597494,1787074364000000,0,4,4,2,0,WAITING_FOR_IMPULSE,EXPIRED,ENTRY_WINDOW_EXPIRED,True,,,,,,,,,,,,,,,,,,,,,,,,,,,,,,
Z2xDpLQTh7igJEaAy25ph2VA5gVEpFRrEJ4TUU1pump,FP1-RESEARCH-PROBE-STRICT-0001,3,1787074371566001,1787074363000000,0,114,48,6,0,WAITING_FOR_RESPONSE,INVALIDATED,PULLBACK_TOO_DEEP,False,37212,3546,14,7,1,171452487,37212,3546,103919,66707,3738,5506,184373,,,,,,,,,,,,,,,,,
F6RGSDn9WQ22UZ2Fntwskw6e6Gp4h1oAdtvY4PW6pump,FP1-RESEARCH-PROBE-STRICT-0001,3,1787074369244607,1787074363000000,0,61,22,2,0,WAITING_FOR_IMPULSE,EXPIRED,ENTRY_WINDOW_EXPIRED,True,,,,,,,,,,,,,,,,,,,,,,,,,,,,,,
DaBj1QqbYwoeRfT2JVMeBouGoB5i9RBmXxNBVbCHpump,FP1-RESEARCH-PROBE-STRICT-0001,3,1787074369167607,1787074363000000,0,20,6,2,0,WAITING_FOR_IMPULSE,EXPIRED,ENTRY_WINDOW_EXPIRED,True,,,,,,,,,,,,,,,,,,,,,,,,,,,,,,
Frc2DmXyxLvTVx4DJCcgH15xLtY9P3YEWPraEdp2pump,FP1-RESEARCH-PROBE-STRICT-0001,3,1787074366441324,1787074363000000,0,61,41,2,0,WAITING_FOR_IMPULSE,EXPIRED,ENTRY_WINDOW_EXPIRED,True,,,,,,,,,,,,,,,,,,,,,,,,,,,,,,
BmzJ5BzNEbHXvy84BYcb8w8b3RU6BgkH6S34UXnvpump,FP1-RESEARCH-PROBE-STRICT-0001,3,1787074366382324,1787074363000000,0,50,38,2,0,WAITING_FOR_IMPULSE,EXPIRED,ENTRY_WINDOW_EXPIRED,True,,,,,,,,,,,,,,,,,,,,,,,,,,,,,,
EfcAjjbHAh2cgHbEaAYqF8qgz8xsG6UxRvmL9sihxYvJ,FP1-RESEARCH-PROBE-STRICT-0001,3,1787074366366324,1787074363000000,0,36,32,2,0,WAITING_FOR_IMPULSE,EXPIRED,ENTRY_WINDOW_EXPIRED,True,,,,,,,,,,,,,,,,,,,,,,,,,,,,,,
AETBZopyr2hVaoqPG4d9Zdoy13JuutUyW36Zx5LTpump,FP1-RESEARCH-PROBE-STRICT-0001,3,1787074364046665,1787074363000000,0,2,2,2,0,WAITING_FOR_IMPULSE,EXPIRED,ENTRY_WINDOW_EXPIRED,True,,,,,,,,,,,,,,,,,,,,,,,,,,,,,,
qdERCB3H4HuusXJaaZH6WanasYxZ83RQyNsjSAkpump,FP1-RESEARCH-PROBE-STRICT-0001,3,1787074364042665,1787074363000000,0,3,2,2,0,WAITING_FOR_IMPULSE,EXPIRED,ENTRY_WINDOW_EXPIRED,True,,,,,,,,,,,,,,,,,,,,,,,,,,,,,,
2C6NBJszGUgiDDSwAzzvWT8kPDBv3aaC2Vh2GZqApump,FP1-RESEARCH-PROBE-STRICT-0001,3,1787074364011666,1787074362000000,0,2,1,2,0,WAITING_FOR_IMPULSE,EXPIRED,ENTRY_WINDOW_EXPIRED,True,,,,,,,,,,,,,,,,,,,,,,,,,,,,,,
BeKQ9B9W9fmaXiEFiE5574Kjyw9tT5psUjFiBJvZpump,FP1-RESEARCH-PROBE-STRICT-0001,3,1787074363993670,1787074362000000,0,5,4,2,0,WAITING_FOR_IMPULSE,EXPIRED,ENTRY_WINDOW_EXPIRED,True,,,,,,,,,,,,,,,,,,,,,,,,,,,,,,
24qPHs5KK7wqr9nqTStFUqsmwsFxUiCor8jQu9Qipump,FP1-RESEARCH-PROBE-STRICT-0001,3,1787074363990667,1787074362000000,0,23,22,2,0,WAITING_FOR_IMPULSE,EXPIRED,ENTRY_WINDOW_EXPIRED,True,,,,,,,,,,,,,,,,,,,,,,,,,,,,,,
4V52oK8McmdFgCbawStfiAydbw3rnppfiTMxAPWVpump,FP1-RESEARCH-PROBE-STRICT-0001,3,1787074363952666,1787074362000000,0,8,8,2,0,WAITING_FOR_IMPULSE,EXPIRED,ENTRY_WINDOW_EXPIRED,True,,,,,,,,,,,,,,,,,,,,,,,,,,,,,,
24qPCKdD7pyyneLVu8MnAEvGjBZuc2sDHiR1wsdppump,FP1-RESEARCH-PROBE-STRICT-0001,3,1787074363896667,1787074362000000,0,17,14,2,0,WAITING_FOR_IMPULSE,EXPIRED,ENTRY_WINDOW_EXPIRED,True,,,,,,,,,,,,,,,,,,,,,,,,,,,,,,
YEcyStyHF112GtRXHJFagkqSAuGenSnVqCX3e7fpump,FP1-RESEARCH-PROBE-STRICT-0001,3,1787074363881667,1787074362000000,0,3,3,2,0,WAITING_FOR_IMPULSE,EXPIRED,ENTRY_WINDOW_EXPIRED,True,,,,,,,,,,,,,,,,,,,,,,,,,,,,,,
YKWaWhTTfvaPWjo4Qm5rotj5ECu9sCsVy237PEipump,FP1-RESEARCH-PROBE-STRICT-0001,3,1787074363861666,1787074362000000,0,149,116,2,0,WAITING_FOR_IMPULSE,EXPIRED,ENTRY_WINDOW_EXPIRED,True,,,,,,,,,,,,,,,,,,,,,,,,,,,,,,
BhP2FJ1JD7oRHKk8axeup9WG6X7c3NPuDEkb1X8ypump,FP1-RESEARCH-PROBE-STRICT-0001,3,1787074362604196,1787074362000000,0,2,2,2,0,WAITING_FOR_IMPULSE,EXPIRED,ENTRY_WINDOW_EXPIRED,True,,,,,,,,,,,,,,,,,,,,,,,,,,,,,,
AHbVsNsNSMXkFFyJCb79CicBCUGu7RkDfWDdjy7ipump,FP1-RESEARCH-PROBE-STRICT-0001,3,1787074362576195,1787074362000000,0,19,16,2,0,WAITING_FOR_IMPULSE,EXPIRED,ENTRY_WINDOW_EXPIRED,True,,,,,,,,,,,,,,,,,,,,,,,,,,,,,,
EqQxpgUiaL7WRGwoeBzAwmHtZRJqE6nsuxsZooZRpump,FP1-RESEARCH-PROBE-STRICT-0001,3,1787074362564194,1787074362000000,0,189,110,7,0,WAITING_FOR_RECLAIM,INVALIDATED,PULLBACK_TOO_DEEP,False,53678,14562,37,4,3,-2056777433,160392,100162,162848,109170,3033,6278,196189,3033,171466,8618,2322,3,0,1677689144,2313,4,1,-498097780,,,,,,
2MUW4ws73FHu5B5DuBk2ac1s1Rb9UPDZM8Gx5rMDpump,FP1-RESEARCH-PROBE-STRICT-0001,3,1787074362549194,1787074362000000,0,40,40,1,0,DISCOVERED,EXPIRED,ENTRY_WINDOW_EXPIRED,True,,,,,,,,,,,,,,,,,,,,,,,,,,,,,,
4ZX6tYHowWFoGnHh44HtR54x8ictQWKBHbYPbuKApump,FP1-RESEARCH-PROBE-STRICT-0001,3,1787074362542194,1787074362000000,0,207,140,2,0,WAITING_FOR_IMPULSE,EXPIRED,ENTRY_WINDOW_EXPIRED,True,,,,,,,,,,,,,,,,,,,,,,,,,,,,,,
J8gmXhSmPEjZu6A5UZDL49r4cJGLRkwDVG6CoPkfpump,FP1-RESEARCH-PROBE-STRICT-0001,3,1787074356193455,1787074102000000,0,2,2,2,0,WAITING_FOR_IMPULSE,EXPIRED,ENTRY_WINDOW_EXPIRED,True,,,,,,,,,,,,,,,,,,,,,,,,,,,,,,
33WbdhuLAtmNHY9Y7ALCC6HwswHerN5kYzC2AviGpump,FP1-RESEARCH-PROBE-STRICT-0001,3,1787074348603752,1787074101000000,0,1,1,2,0,WAITING_FOR_IMPULSE,EXPIRED,ENTRY_WINDOW_EXPIRED,True,,,,,,,,,,,,,,,,,,,,,,,,,,,,,,
7Uwg48zdxx17cBQ1TH568eM5yrqnFvXC1sK6qrU7pump,FP1-RESEARCH-PROBE-STRICT-0001,3,1787074345810100,1787074101000000,0,5,4,2,0,WAITING_FOR_IMPULSE,EXPIRED,ENTRY_WINDOW_EXPIRED,True,,,,,,,,,,,,,,,,,,,,,,,,,,,,,,
4FnqCuT1AxJzsBEzrFxYJpzKYFv2JqGLsrktpaHApump,FP1-RESEARCH-PROBE-STRICT-0001,3,1787074345782098,1787074101000000,0,3,1,2,0,WAITING_FOR_IMPULSE,EXPIRED,ENTRY_WINDOW_EXPIRED,True,,,,,,,,,,,,,,,,,,,,,,,,,,,,,,
2diUc6WN1DPsVZHLovYdApc3Ark3VRiVhinyGj4Lpump,FP1-RESEARCH-PROBE-STRICT-0001,3,1787074345719098,1787074101000000,0,13,1,2,0,WAITING_FOR_IMPULSE,EXPIRED,ENTRY_WINDOW_EXPIRED,True,,,,,,,,,,,,,,,,,,,,,,,,,,,,,,
D5nGbpuyLAYxG9XJjZ3WPmkMWoBJ42cKsr8tDwvkpump,FP1-RESEARCH-PROBE-STRICT-0001,3,1787074338092616,1787074100000000,0,2,2,2,0,WAITING_FOR_IMPULSE,EXPIRED,ENTRY_WINDOW_EXPIRED,True,,,,,,,,,,,,,,,,,,,,,,,,,,,,,,
34EgELnsALPfAZjeajmjfdbF5rxYkhEqC7kX1wNuNexi,FP1-RESEARCH-PROBE-STRICT-0001,3,1787074338044616,1787074100000000,0,1,1,2,0,WAITING_FOR_IMPULSE,EXPIRED,ENTRY_WINDOW_EXPIRED,True,,,,,,,,,,,,,,,,,,,,,,,,,,,,,,
5bym3pheUDteKVKK9PBbzzUw1TuJ9P9ismTPiLVVpump,FP1-RESEARCH-PROBE-STRICT-0001,3,1787074320268542,1787074099000000,0,2,2,2,0,WAITING_FOR_IMPULSE,EXPIRED,ENTRY_WINDOW_EXPIRED,True,,,,,,,,,,,,,,,,,,,,,,,,,,,,,,
hESwD9ZDMipam1WPSnPea2TnRspx5ZqRgcLm5n7pump,FP1-RESEARCH-PROBE-STRICT-0001,3,1787074315681503,1787074099000000,0,1,1,2,0,WAITING_FOR_IMPULSE,EXPIRED,ENTRY_WINDOW_EXPIRED,True,,,,,,,,,,,,,,,,,,,,,,,,,,,,,,
2QhCAuKx8Ni13CFYKbUNNh8JQRtS3Gd1h4x7n6Fppump,FP1-RESEARCH-PROBE-STRICT-0001,3,1787074311446238,1787074098000000,0,1,1,2,0,WAITING_FOR_IMPULSE,EXPIRED,ENTRY_WINDOW_EXPIRED,True,,,,,,,,,,,,,,,,,,,,,,,,,,,,,,
AD7oDS8r34jmEd7VFAAtomdwHoSWKe2u62dyRokq36k5,FP1-RESEARCH-PROBE-STRICT-0001,3,1787074305273331,1787074098000000,0,1,1,2,0,WAITING_FOR_IMPULSE,EXPIRED,ENTRY_WINDOW_EXPIRED,True,,,,,,,,,,,,,,,,,,,,,,,,,,,,,,
FjjZgHNigpF69N6A3Sy8purs6RfiZDq86aoJw62Ppump,FP1-RESEARCH-PROBE-STRICT-0001,3,1787074300684433,1787074098000000,0,1,1,2,0,WAITING_FOR_IMPULSE,EXPIRED,ENTRY_WINDOW_EXPIRED,True,,,,,,,,,,,,,,,,,,,,,,,,,,,,,,
HuzjVH4nkHV8YkrS898HunEvwam9Q2MQYiQqaTLfwSRg,FP1-RESEARCH-PROBE-STRICT-0001,3,1787074295714885,1787074097000000,0,7,5,2,0,WAITING_FOR_IMPULSE,EXPIRED,ENTRY_WINDOW_EXPIRED,True,,,,,,,,,,,,,,,,,,,,,,,,,,,,,,
GRmCFi2ebbyrq6UoXbonNmHovQehVcuX1vTfiqgypump,FP1-RESEARCH-PROBE-STRICT-0001,3,1787074295594888,1787074097000000,0,2,2,2,0,WAITING_FOR_IMPULSE,EXPIRED,ENTRY_WINDOW_EXPIRED,True,,,,,,,,,,,,,,,,,,,,,,,,,,,,,,
7pPAU3GB6Ytf6HqQBZVA2wn96KdjaZJgkmGK8hijpump,FP1-RESEARCH-PROBE-STRICT-0001,3,1787074293240434,1787074097000000,0,7,7,2,0,WAITING_FOR_IMPULSE,EXPIRED,ENTRY_WINDOW_EXPIRED,True,,,,,,,,,,,,,,,,,,,,,,,,,,,,,,
7VNRBcFqKhBoyQGHahrzczBxzBEkBFsdzDTYAsD2pump,FP1-RESEARCH-PROBE-STRICT-0001,3,1787074293199434,1787074097000000,0,3,3,2,0,WAITING_FOR_IMPULSE,EXPIRED,ENTRY_WINDOW_EXPIRED,True,,,,,,,,,,,,,,,,,,,,,,,,,,,,,,
FeAcCRqXAV3Y1FyrZBdDfLoGcUMj9rAUfrd5PpFnpump,FP1-RESEARCH-PROBE-STRICT-0001,3,1787074293130918,1787074097000000,0,16,16,4,0,WAITING_FOR_PULLBACK,EXPIRED,ENTRY_WINDOW_EXPIRED,True,9729,5320,4,4,1,197530863,38424,6350,,,,,,,,,,,,,,,,,,,,,,
Bydzbc3QtT7TnXgUsaKqdYMmFBeFAe643gXRgtcYpump,FP1-RESEARCH-PROBE-STRICT-0001,3,1787074290492485,1787074097000000,0,1,1,2,0,WAITING_FOR_IMPULSE,EXPIRED,ENTRY_WINDOW_EXPIRED,True,,,,,,,,,,,,,,,,,,,,,,,,,,,,,,
2yJiDwF96ubSNj3iess9z8sVenQQia2Ka7fSuoFUpump,FP1-RESEARCH-PROBE-STRICT-0001,3,1787074285390661,1787074097000000,0,1,1,1,0,DISCOVERED,EXPIRED,ENTRY_WINDOW_EXPIRED,True,,,,,,,,,,,,,,,,,,,,,,,,,,,,,,
QX2FVJn6jnb1gKRvKREsLtEMrEWZZzzyRhMy138pump,FP1-RESEARCH-PROBE-STRICT-0001,3,1787074265329937,1787074096000000,0,5,3,2,0,WAITING_FOR_IMPULSE,EXPIRED,ENTRY_WINDOW_EXPIRED,True,,,,,,,,,,,,,,,,,,,,,,,,,,,,,,
2vyJN75DNMWhqoaY5f51L9Ls32X9aLcBS3qTDfjwpump,FP1-RESEARCH-PROBE-STRICT-0001,3,1787074248122855,1787074095000000,0,5,2,2,0,WAITING_FOR_IMPULSE,EXPIRED,ENTRY_WINDOW_EXPIRED,True,,,,,,,,,,,,,,,,,,,,,,,,,,,,,,
8owFxWD9o3psSC4vbTr4Hx61DwnYEZF67VaPsjdhpump,FP1-RESEARCH-PROBE-STRICT-0001,3,1787074243563277,1787074095000000,0,1,1,2,0,WAITING_FOR_IMPULSE,EXPIRED,ENTRY_WINDOW_EXPIRED,True,,,,,,,,,,,,,,,,,,,,,,,,,,,,,,
AqifVBD2QWjdK57CP7WaTKoVGAV7SxuBHCidi4ZCpump,FP1-RESEARCH-PROBE-STRICT-0001,3,1787074241604872,1787074095000000,0,1,1,2,0,WAITING_FOR_IMPULSE,EXPIRED,ENTRY_WINDOW_EXPIRED,True,,,,,,,,,,,,,,,,,,,,,,,,,,,,,,
55Av5fdwkJ5GzUA2YDhCJdgdVHe8do4wZ3Z7hYLpump,FP1-RESEARCH-PROBE-STRICT-0001,3,1787074222902171,1787074094000000,0,4,4,2,0,WAITING_FOR_IMPULSE,EXPIRED,ENTRY_WINDOW_EXPIRED,True,,,,,,,,,,,,,,,,,,,,,,,,,,,,,,
7q4VDEHX1GjWQSx94hqSmPwxUq65LNfxoYHCF8mYpump,FP1-RESEARCH-PROBE-STRICT-0001,3,1787074216668604,1787074093000000,0,1,1,2,0,WAITING_FOR_IMPULSE,EXPIRED,ENTRY_WINDOW_EXPIRED,True,,,,,,,,,,,,,,,,,,,,,,,,,,,,,,
6juVPMLPFzX4nx2eWmMjQw1MZvG1rdgW35da3R7hpump,FP1-RESEARCH-PROBE-STRICT-0001,3,1787074206184681,1787074092000000,0,2,2,2,0,WAITING_FOR_IMPULSE,EXPIRED,ENTRY_WINDOW_EXPIRED,True,,,,,,,,,,,,,,,,,,,,,,,,,,,,,,
E6qq6xnfHqWKEP9nmD3aZuzEaPE5Rd9h2MVCCahUpump,FP1-RESEARCH-PROBE-STRICT-0001,3,1787074204083523,1787074092000000,0,1,1,2,0,WAITING_FOR_IMPULSE,EXPIRED,ENTRY_WINDOW_EXPIRED,True,,,,,,,,,,,,,,,,,,,,,,,,,,,,,,
E389bNEBPBuNkovrFf6LuvY4LTuEjD8d9qwY8TaCpump,FP1-RESEARCH-PROBE-STRICT-0001,3,1787074201943234,1787074092000000,0,1,1,1,0,DISCOVERED,EXPIRED,ENTRY_WINDOW_EXPIRED,True,,,,,,,,,,,,,,,,,,,,,,,,,,,,,,
AYWNRcfuhd27vBqn8cv32WsoLB2PBA5ioVHxv5dypump,FP1-RESEARCH-PROBE-STRICT-0001,3,1787074198186756,1787074092000000,0,1,1,2,0,WAITING_FOR_IMPULSE,EXPIRED,ENTRY_WINDOW_EXPIRED,True,,,,,,,,,,,,,,,,,,,,,,,,,,,,,,
4tF99sxoYQrFRjezqwSyyENU4jXuQzXf8gfvbsYTpump,FP1-RESEARCH-PROBE-STRICT-0001,3,1787074191499042,1787074091000000,0,1,1,2,0,WAITING_FOR_IMPULSE,EXPIRED,ENTRY_WINDOW_EXPIRED,True,,,,,,,,,,,,,,,,,,,,,,,,,,,,,,
DRGR73fa8r7V9FRDra2yVntgzYzGJ7bz9MZZYJotpump,FP1-RESEARCH-PROBE-STRICT-0001,3,1787074191348042,1787074091000000,0,150,98,4,0,WAITING_FOR_PULLBACK,EXPIRED,ENTRY_WINDOW_EXPIRED,True,144,5060,4,4,4,11723950617,162365,15586,,,,,,,,,,,,,,,,,,,,,,
DBHwozihHGPzAVmcDpywrrVBKaBedeUCyAHSoSzCiwcD,FP1-RESEARCH-PROBE-STRICT-0001,3,1787074183960775,1787074091000000,0,2,2,2,0,WAITING_FOR_IMPULSE,EXPIRED,ENTRY_WINDOW_EXPIRED,True,,,,,,,,,,,,,,,,,,,,,,,,,,,,,,
BxmxMxrVG3JkxVjpisa4hYshFfcjQNQErZkLKeHypump,FP1-RESEARCH-PROBE-STRICT-0001,3,1787074179136241,1787074090000000,0,1,1,2,0,WAITING_FOR_IMPULSE,EXPIRED,ENTRY_WINDOW_EXPIRED,True,,,,,,,,,,,,,,,,,,,,,,,,,,,,,,
9zukSeYGv8FaoEqrp7oU7Zc4TLepW25cRaNKrA9Apump,FP1-RESEARCH-PROBE-STRICT-0001,3,1787074177004463,1787074090000000,0,2,2,2,0,WAITING_FOR_IMPULSE,EXPIRED,ENTRY_WINDOW_EXPIRED,True,,,,,,,,,,,,,,,,,,,,,,,,,,,,,,
3mkfMXLDDoEv3Bzn8PEkkmt9if76xc3vZfQWuDv6pump,FP1-RESEARCH-PROBE-STRICT-0001,3,1787074176949463,1787074090000000,0,18,18,2,0,WAITING_FOR_IMPULSE,EXPIRED,ENTRY_WINDOW_EXPIRED,True,,,,,,,,,,,,,,,,,,,,,,,,,,,,,,
sHhR1nBVjY9ku3py7H4c1NGfG7oq6DME2r4PWGFpump,FP1-RESEARCH-PROBE-STRICT-0001,3,1787074165320247,1787074089000000,0,4,3,1,0,DISCOVERED,EXPIRED,ENTRY_WINDOW_EXPIRED,True,,,,,,,,,,,,,,,,,,,,,,,,,,,,,,
5GB8uyhAfGuMx47gidCvKCad5gwP9sz1AtMYEtnLpump,FP1-RESEARCH-PROBE-STRICT-0001,3,1787074161888464,1787074089000000,0,1,1,2,0,WAITING_FOR_IMPULSE,EXPIRED,ENTRY_WINDOW_EXPIRED,True,,,,,,,,,,,,,,,,,,,,,,,,,,,,,,
4rCRgEBfdn6ZFnSB53Mp7mKAf6pWX3nnSeGoqLaqpump,FP1-RESEARCH-PROBE-STRICT-0001,3,1787074157506105,1787074089000000,0,1,1,2,0,WAITING_FOR_IMPULSE,EXPIRED,ENTRY_WINDOW_EXPIRED,True,,,,,,,,,,,,,,,,,,,,,,,,,,,,,,
659umAgn8SwXRqch9SJzuAbS7J8i6awyPQhvJFdwpump,FP1-RESEARCH-PROBE-STRICT-0001,3,1787074155028647,1787074089000000,0,311,3,2,0,WAITING_FOR_IMPULSE,EXPIRED,ENTRY_WINDOW_EXPIRED,True,,,,,,,,,,,,,,,,,,,,,,,,,,,,,,
Cdgf9NRzCM7suQCHYf71mDLxrw4HzSNQHZnP3yexpump,FP1-RESEARCH-PROBE-STRICT-0001,3,1787074152472096,1787074088000000,0,3,3,2,0,WAITING_FOR_IMPULSE,EXPIRED,ENTRY_WINDOW_EXPIRED,True,,,,,,,,,,,,,,,,,,,,,,,,,,,,,,
8dcTVFWTY5dEFsonZxiGmuBpKh9CkJo1hgjuJC8Fpump,FP1-RESEARCH-PROBE-STRICT-0001,3,1787074148148561,1787074088000000,0,3,2,2,0,WAITING_FOR_IMPULSE,EXPIRED,ENTRY_WINDOW_EXPIRED,True,,,,,,,,,,,,,,,,,,,,,,,,,,,,,,
CQeDgFajjEBNDeyi6P9XToGskjy1s1LRJ5dSXH6Xpump,FP1-RESEARCH-PROBE-STRICT-0001,3,1787074148107861,1787074088000000,0,3,3,2,0,WAITING_FOR_IMPULSE,EXPIRED,ENTRY_WINDOW_EXPIRED,True,,,,,,,,,,,,,,,,,,,,,,,,,,,,,,
CGZK9UxGJXH2Phzb7B6RHnjxKJoYsRGT2toEaU5ipump,FP1-RESEARCH-PROBE-STRICT-0001,3,1787074140881382,1787074087000000,0,2,2,2,0,WAITING_FOR_IMPULSE,EXPIRED,ENTRY_WINDOW_EXPIRED,True,,,,,,,,,,,,,,,,,,,,,,,,,,,,,,
3bczSgaiPNK7qUSyRG7snp2LEfoJeVEDpKUAPYZmpump,FP1-RESEARCH-PROBE-STRICT-0001,3,1787074140669353,1787074087000000,0,3,3,2,0,WAITING_FOR_IMPULSE,EXPIRED,ENTRY_WINDOW_EXPIRED,True,,,,,,,,,,,,,,,,,,,,,,,,,,,,,,
A2xfCk9dPC4fDBWS38fhFhf8P6M1TjoxQRYxK4wZ9kWV,FP1-RESEARCH-PROBE-STRICT-0001,3,1787074140541354,1787074087000000,0,23,23,4,0,WAITING_FOR_PULLBACK,EXPIRED,ENTRY_WINDOW_EXPIRED,True,362,3079,7,7,7,7739931360,9963,3905,,,,,,,,,,,,,,,,,,,,,,
2s6vF7dW6yAmGTVFnmrbbwy1zc4tidirS9de9FpRpump,FP1-RESEARCH-PROBE-STRICT-0001,3,1787074136190245,1787074087000000,0,5,5,2,0,WAITING_FOR_IMPULSE,EXPIRED,ENTRY_WINDOW_EXPIRED,True,,,,,,,,,,,,,,,,,,,,,,,,,,,,,,
4V1GYsgpPBzhaz21wQCJZEshQMb11cVVW61MuuSnpump,FP1-RESEARCH-PROBE-STRICT-0001,3,1787074133824986,1787074086000000,0,1,1,2,0,WAITING_FOR_IMPULSE,EXPIRED,ENTRY_WINDOW_EXPIRED,True,,,,,,,,,,,,,,,,,,,,,,,,,,,,,,
Bu1HgSPsrq3ePENKaKAsQ38U3K65PEgg1YXLDBqdpump,FP1-RESEARCH-PROBE-STRICT-0001,3,1787074131466015,1787074086000000,0,25,14,2,0,WAITING_FOR_IMPULSE,EXPIRED,ENTRY_WINDOW_EXPIRED,True,,,,,,,,,,,,,,,,,,,,,,,,,,,,,,
HNZvPXcK6b7T11A6nLH7etYrcMXwfmqXiAv5G3Qrpump,FP1-RESEARCH-PROBE-STRICT-0001,3,1787074128946090,1787074086000000,0,3,3,2,0,WAITING_FOR_IMPULSE,EXPIRED,ENTRY_WINDOW_EXPIRED,True,,,,,,,,,,,,,,,,,,,,,,,,,,,,,,
BprzdEi6ENbXHukVLrNE6KpJa6NeZkouzE2Fwzsk1gKz,FP1-RESEARCH-PROBE-STRICT-0001,3,1787074127006659,1787074085000000,0,1,1,2,0,WAITING_FOR_IMPULSE,EXPIRED,ENTRY_WINDOW_EXPIRED,True,,,,,,,,,,,,,,,,,,,,,,,,,,,,,,
CbhpVzasKoGuNKFaiKKBMfpiBxwYuVSLQPBuW8Cypump,FP1-RESEARCH-PROBE-STRICT-0001,3,1787074122163098,1787074084000000,0,18,11,2,0,WAITING_FOR_IMPULSE,EXPIRED,ENTRY_WINDOW_EXPIRED,True,,,,,,,,,,,,,,,,,,,,,,,,,,,,,,
FGSFfV4oYKjFSydwovbLZdTFKDMR56GU4djcqgkXpump,FP1-RESEARCH-PROBE-STRICT-0001,3,1787074119782731,1787074084000000,0,3,3,2,0,WAITING_FOR_IMPULSE,EXPIRED,ENTRY_WINDOW_EXPIRED,True,,,,,,,,,,,,,,,,,,,,,,,,,,,,,,
89Rv8kZ5AwRPpkHB4g52kWi4bRw8G9PBs7ZD28kXpump,FP1-RESEARCH-PROBE-STRICT-0001,3,1787074117213096,1787074084000000,0,11,4,2,0,WAITING_FOR_IMPULSE,EXPIRED,ENTRY_WINDOW_EXPIRED,True,,,,,,,,,,,,,,,,,,,,,,,,,,,,,,
CmNBhLRd6i6LT5ZVJaUiFYxDcfq3qxX8oeYpHPWypump,FP1-RESEARCH-PROBE-STRICT-0001,3,1787074113176646,1787074084000000,0,3,3,2,0,WAITING_FOR_IMPULSE,EXPIRED,ENTRY_WINDOW_EXPIRED,True,,,,,,,,,,,,,,,,,,,,,,,,,,,,,,
8YS1kYVEdQKPR7ZQszF9jiHgbTWHWXiZkAt3q49Apump,FP1-RESEARCH-PROBE-STRICT-0001,3,1787074113102640,1787074084000000,0,1,1,2,0,WAITING_FOR_IMPULSE,EXPIRED,ENTRY_WINDOW_EXPIRED,True,,,,,,,,,,,,,,,,,,,,,,,,,,,,,,
8yvq6Eu9Z9ZWAva7afHya8UiouQFH9ZCX9LtjR1Npump,FP1-RESEARCH-PROBE-STRICT-0001,3,1787074110941838,1787074083000000,0,3,3,2,0,WAITING_FOR_IMPULSE,EXPIRED,ENTRY_WINDOW_EXPIRED,True,,,,,,,,,,,,,,,,,,,,,,,,,,,,,,
BG8jQaEW16LGtsuoN4QfSYSrCEm5Ckej7VsN8xMUpump,FP1-RESEARCH-PROBE-STRICT-0001,3,1787074108585052,1787074083000000,0,2,2,2,0,WAITING_FOR_IMPULSE,EXPIRED,ENTRY_WINDOW_EXPIRED,True,,,,,,,,,,,,,,,,,,,,,,,,,,,,,,
DWHGhDArW9YTwKMr9R44jjfevo5FM2i9CKhZd8RCpump,FP1-RESEARCH-PROBE-STRICT-0001,3,1787074106399682,1787074083000000,0,4,4,2,0,WAITING_FOR_IMPULSE,EXPIRED,ENTRY_WINDOW_EXPIRED,True,,,,,,,,,,,,,,,,,,,,,,,,,,,,,,
8JB2hqz3iLBBSYUjrsowAaaKnWJtMRS7DbLADxjPpump,FP1-RESEARCH-PROBE-STRICT-0001,3,1787074103785666,1787074082000000,0,1,1,2,0,WAITING_FOR_IMPULSE,EXPIRED,ENTRY_WINDOW_EXPIRED,True,,,,,,,,,,,,,,,,,,,,,,,,,,,,,,
SE3fFnqd8GzPWTeNNahrma4iPY76sVUTeB66yVtpump,FP1-RESEARCH-PROBE-STRICT-0001,3,1787074101433654,1787074082000000,0,1,1,2,0,WAITING_FOR_IMPULSE,EXPIRED,ENTRY_WINDOW_EXPIRED,True,,,,,,,,,,,,,,,,,,,,,,,,,,,,,,
8Mh4nkve6NhguLjTwuSB7fvXesjctwm3o1BjbhjBpump,FP1-RESEARCH-PROBE-STRICT-0001,3,1787074098669639,1787074081000000,0,16,16,2,0,WAITING_FOR_IMPULSE,EXPIRED,ENTRY_WINDOW_EXPIRED,True,,,,,,,,,,,,,,,,,,,,,,,,,,,,,,
9mh3dMC6KSSzPLNfGJNw3rLS63QnysCNVNH93e4Spump,FP1-RESEARCH-PROBE-STRICT-0001,3,1787074098579637,1787074081000000,0,3,3,2,0,WAITING_FOR_IMPULSE,EXPIRED,ENTRY_WINDOW_EXPIRED,True,,,,,,,,,,,,,,,,,,,,,,,,,,,,,,
Arz7iXW9BcTV3RR5HMfkdMfLxWkNpMeCYsFJDVgLpump,FP1-RESEARCH-PROBE-STRICT-0001,3,1787074096218386,1787074081000000,0,1,1,2,0,WAITING_FOR_IMPULSE,EXPIRED,ENTRY_WINDOW_EXPIRED,True,,,,,,,,,,,,,,,,,,,,,,,,,,,,,,
DL77Ho3A9PvZQeGgUP8gysshbqMqG4svcfwugZf6pump,FP1-RESEARCH-PROBE-STRICT-0001,3,1787074095937363,1787074081000000,0,3,1,2,0,WAITING_FOR_IMPULSE,EXPIRED,ENTRY_WINDOW_EXPIRED,True,,,,,,,,,,,,,,,,,,,,,,,,,,,,,,
441VBwN8ziKGYCGVELxanX4wcs7NqcxmBmfjyKcRpump,FP1-RESEARCH-PROBE-STRICT-0001,3,1787074095889361,1787074081000000,0,5,1,2,0,WAITING_FOR_IMPULSE,EXPIRED,ENTRY_WINDOW_EXPIRED,True,,,,,,,,,,,,,,,,,,,,,,,,,,,,,,
7iJMiKhioz7LUbi9HE9LHN4gTCwyTW1dNs4T2Msypump,FP1-RESEARCH-PROBE-STRICT-0001,3,1787074093947312,1787074080000000,0,3,3,2,0,WAITING_FOR_IMPULSE,EXPIRED,ENTRY_WINDOW_EXPIRED,True,,,,,,,,,,,,,,,,,,,,,,,,,,,,,,
4Cd3561ucBDvVhvEdxSTMv9EwLNvM8mPZW5maY8dYMiq,FP1-RESEARCH-PROBE-STRICT-0001,3,1787074091780271,1787074080000000,0,3,1,2,0,WAITING_FOR_IMPULSE,EXPIRED,ENTRY_WINDOW_EXPIRED,True,,,,,,,,,,,,,,,,,,,,,,,,,,,,,,
FpokBxFtPyeBYCpwYrnCxtWR4Dr1CVYX8VPHjVUCpump,FP1-RESEARCH-PROBE-STRICT-0001,3,1787074091437276,1787074080000000,0,57,9,2,0,WAITING_FOR_IMPULSE,EXPIRED,ENTRY_WINDOW_EXPIRED,True,,,,,,,,,,,,,,,,,,,,,,,,,,,,,,
31hHwvnsy1bJLSPxex2r8nRMJpmK4zfs4yQY9sYtpump,FP1-RESEARCH-PROBE-STRICT-0001,2,1787074089038467,1787074080000000,0,2,2,2,0,WAITING_FOR_IMPULSE,EXPIRED,ENTRY_WINDOW_EXPIRED,True,,,,,,,,,,,,,,,,,,,,,,,,,,,,,,
59TN9tv8Bub4UDDXiQj31BvcXwNbknLe3x8ktHwPpump,FP1-RESEARCH-PROBE-STRICT-0001,2,1787074088884472,1787074079000000,0,3,3,2,0,WAITING_FOR_IMPULSE,EXPIRED,ENTRY_WINDOW_EXPIRED,True,,,,,,,,,,,,,,,,,,,,,,,,,,,,,,
A94PTGwRH1kBTEXUkgnjCytK8Uhe5VEyQfwVhhn2pump,FP1-RESEARCH-PROBE-STRICT-0001,2,1787074088849471,1787074079000000,0,4,4,2,0,WAITING_FOR_IMPULSE,EXPIRED,ENTRY_WINDOW_EXPIRED,True,,,,,,,,,,,,,,,,,,,,,,,,,,,,,,
4AHMPbuRLA8adFfdtQhyxL5KiicHGDuap7qWPoUmpump,FP1-RESEARCH-PROBE-STRICT-0001,2,1787074088820470,1787074079000000,0,56,17,4,0,WAITING_FOR_PULLBACK,EXPIRED,ENTRY_WINDOW_EXPIRED,True,123239,3196,12,12,2,1263694857,154825,4002,,,,,,,,,,,,,,,,,,,,,,
6qFhtdggYQbxyzx4iZU5XoxuSwQWiii5MJwt21F9pump,FP1-RESEARCH-PROBE-STRICT-0001,2,1787074087184707,1787074079000000,0,32,11,2,0,WAITING_FOR_IMPULSE,EXPIRED,ENTRY_WINDOW_EXPIRED,True,,,,,,,,,,,,,,,,,,,,,,,,,,,,,,
4oKB9d8e2ivbhpLZBa18NaNdQikthrKghLnrAUs2pump,FP1-RESEARCH-PROBE-STRICT-0001,2,1787074087031709,1787074079000000,0,1,1,2,0,WAITING_FOR_IMPULSE,EXPIRED,ENTRY_WINDOW_EXPIRED,True,,,,,,,,,,,,,,,,,,,,,,,,,,,,,,
C37a3o83Y8e7ZPnVFY2ZYAjMgHEWuPa3V2mhjXuspump,FP1-RESEARCH-PROBE-STRICT-0001,2,1787074086945195,1787074079000000,0,99,9,2,0,WAITING_FOR_IMPULSE,EXPIRED,ENTRY_WINDOW_EXPIRED,True,,,,,,,,,,,,,,,,,,,,,,,,,,,,,,
HcKdNrGPPNE2A5TtPdPpDtryQeVLkEsXT189amGNSfgN,FP1-RESEARCH-PROBE-STRICT-0001,2,1787074085668012,1787074079000000,0,6,5,2,0,WAITING_FOR_IMPULSE,EXPIRED,ENTRY_WINDOW_EXPIRED,True,,,,,,,,,,,,,,,,,,,,,,,,,,,,,,
7EpDApnFpM79aZWoDF2rQ91fk6v3P4Fw4R8bDESWpump,FP1-RESEARCH-PROBE-STRICT-0001,2,1787074085491012,1787074079000000,0,1,1,2,0,WAITING_FOR_IMPULSE,EXPIRED,ENTRY_WINDOW_EXPIRED,True,,,,,,,,,,,,,,,,,,,,,,,,,,,,,,
oh83tewbBFTWAyExafvRKqhpJbZyK4w9qa2aJ2jbPWW,FP1-RESEARCH-PROBE-STRICT-0001,2,1787074085454011,1787074078000000,0,1,1,2,0,WAITING_FOR_IMPULSE,EXPIRED,ENTRY_WINDOW_EXPIRED,True,,,,,,,,,,,,,,,,,,,,,,,,,,,,,,
4cg3h9i6KDbGH9TTEEWBoME4GtVr6FLSJ4gm1EzEpump,FP1-RESEARCH-PROBE-STRICT-0001,2,1787074084087947,1787074078000000,0,1,1,2,0,WAITING_FOR_IMPULSE,EXPIRED,ENTRY_WINDOW_EXPIRED,True,,,,,,,,,,,,,,,,,,,,,,,,,,,,,,
GncJk4Bqm9JtZziVTpCC4bJsF19NdhivJuaR9fCUpump,FP1-RESEARCH-PROBE-STRICT-0001,2,1787074083938945,1787074078000000,0,14,13,2,0,WAITING_FOR_IMPULSE,EXPIRED,ENTRY_WINDOW_EXPIRED,True,,,,,,,,,,,,,,,,,,,,,,,,,,,,,,
DivVeDkhj3A4pz2GWVEnRX4yELvaS8Z974txkPqLHthb,FP1-RESEARCH-PROBE-STRICT-0001,2,1787074082561141,1787074078000000,0,1,1,2,0,WAITING_FOR_IMPULSE,EXPIRED,ENTRY_WINDOW_EXPIRED,True,,,,,,,,,,,,,,,,,,,,,,,,,,,,,,
3j6y8xP74LA4Xutk2h5VVJMLrYQ7TqqQmkPP1veppump,FP1-RESEARCH-PROBE-STRICT-0001,2,1787074080938938,1787074078000000,0,2,2,2,0,WAITING_FOR_IMPULSE,EXPIRED,ENTRY_WINDOW_EXPIRED,True,,,,,,,,,,,,,,,,,,,,,,,,,,,,,,
2s9fEBesoN79Hu6crBfBu6p8xV6L29ogAgXpRQq2pump,FP1-RESEARCH-PROBE-STRICT-0001,2,1787074080869939,1787074078000000,0,18,9,2,0,WAITING_FOR_IMPULSE,EXPIRED,ENTRY_WINDOW_EXPIRED,True,,,,,,,,,,,,,,,,,,,,,,,,,,,,,,
3aK7HT3HyzrB2Gx1n25KddWh6oJmSkbf9sXkM2Thpump,FP1-RESEARCH-PROBE-STRICT-0001,2,1787074080529217,1787074077000000,0,1,1,2,0,WAITING_FOR_IMPULSE,EXPIRED,ENTRY_WINDOW_EXPIRED,True,,,,,,,,,,,,,,,,,,,,,,,,,,,,,,
CC9G6nfciwBcd1Zqc8apDugxJWuWdWH5zbfuW8Kfpump,FP1-RESEARCH-PROBE-STRICT-0001,2,1787074079279213,1787074077000000,0,42,7,3,0,IMPULSE_CONFIRMED,EXPIRED,ENTRY_WINDOW_EXPIRED,True,299631,3076,7,4,0,-45006636,299631,3076,,,,,,,,,,,,,,,,,,,,,,
Ctsfp37yunKdo6wQsaoy7LkgGroKsd3NGUavx6kRpump,FP1-RESEARCH-PROBE-STRICT-0001,2,1787074079223215,1787074077000000,0,2,2,2,0,WAITING_FOR_IMPULSE,EXPIRED,ENTRY_WINDOW_EXPIRED,True,,,,,,,,,,,,,,,,,,,,,,,,,,,,,,
7vBXRJm175S4pvz8SYYD7JPJqt2DRqxHEHgfhZSjpump,FP1-RESEARCH-PROBE-STRICT-0001,2,1787074079146112,1787074077000000,0,4,4,2,0,WAITING_FOR_IMPULSE,EXPIRED,ENTRY_WINDOW_EXPIRED,True,,,,,,,,,,,,,,,,,,,,,,,,,,,,,,
3umkriYCJPtWuqhHedvENPoWpnU7p2j1Aw1ZNXwnpump,FP1-RESEARCH-PROBE-STRICT-0001,2,1787074079074110,1787074077000000,0,9,8,2,0,WAITING_FOR_IMPULSE,EXPIRED,ENTRY_WINDOW_EXPIRED,True,,,,,,,,,,,,,,,,,,,,,,,,,,,,,,
C1Qzvsh3T8ktt6nUrxSjg7qn7mi1e26A23dR37Rxpump,FP1-RESEARCH-PROBE-STRICT-0001,2,1787074079037114,1787074077000000,0,59,59,1,0,DISCOVERED,EXPIRED,ENTRY_WINDOW_EXPIRED,True,,,,,,,,,,,,,,,,,,,,,,,,,,,,,,
GupN8i8AmyJsc7bgo9K17pR1ssNfKtEXtSTHAJ4Tpump,FP1-RESEARCH-PROBE-STRICT-0001,2,1787074078970115,1787074077000000,0,19,19,2,0,WAITING_FOR_IMPULSE,EXPIRED,ENTRY_WINDOW_EXPIRED,True,,,,,,,,,,,,,,,,,,,,,,,,,,,,,,
4cqKcf3epsVZMvy1wzUugep6VCVzuMZ4Xi3RDQPMpump,FP1-RESEARCH-PROBE-STRICT-0001,2,1787074078799115,1787074077000000,0,14,14,2,0,WAITING_FOR_IMPULSE,EXPIRED,ENTRY_WINDOW_EXPIRED,True,,,,,,,,,,,,,,,,,,,,,,,,,,,,,,
2aKq3qxC6CRu6L2waXKTkrre91o8jHj4Pak9NGcKpump,FP1-RESEARCH-PROBE-STRICT-0001,2,1787074078727097,1787074077000000,0,162,27,2,0,WAITING_FOR_IMPULSE,EXPIRED,ENTRY_WINDOW_EXPIRED,True,,,,,,,,,,,,,,,,,,,,,,,,,,,,,,
H7aVdNCfzCLmZEDK3kXnCigjL62v3KrAzHhpZ2Z2pump,FP1-RESEARCH-PROBE-STRICT-0001,2,1787074078691737,1787074077000000,0,13,8,2,0,WAITING_FOR_IMPULSE,EXPIRED,ENTRY_WINDOW_EXPIRED,True,,,,,,,,,,,,,,,,,,,,,,,,,,,,,,
3ffuhCcXTSmCzkFJxGGL9VUndmjHZCHatWqwVfvbpump,FP1-RESEARCH-PROBE-STRICT-0001,2,1787074077502684,1787074077000000,0,1,1,2,0,WAITING_FOR_IMPULSE,EXPIRED,ENTRY_WINDOW_EXPIRED,True,,,,,,,,,,,,,,,,,,,,,,,,,,,,,,
2RJwhPNmop21MB1eD2CnFUeqithiHR8vF4eVLSvtpump,FP1-RESEARCH-PROBE-STRICT-0001,2,1787074077409682,1787074077000000,0,129,129,2,0,WAITING_FOR_IMPULSE,EXPIRED,ENTRY_WINDOW_EXPIRED,True,,,,,,,,,,,,,,,,,,,,,,,,,,,,,,
DWsJZmhDkC3wWCyw63w525rJwAzhanpRNJVMf5Cspump,FP1-RESEARCH-PROBE-STRICT-0001,2,1787074077405684,1787074077000000,0,110,42,7,0,WAITING_FOR_RECLAIM,REJECT,PRICE_RAN_AWAY,False,9619,11246,15,7,5,836886547,16741,34011,18582,8963,4168,4300,18924,4300,42328,23746,9487,3,0,580324016,4778,5,1,549062926,,,,,,44800
3BygAcaBzyMdqTNGSa5WfhtNaQnFuTr69fLj1BENpump,FP1-RESEARCH-PROBE-STRICT-0001,2,1787074077331681,1787074076000000,0,134,133,2,0,WAITING_FOR_IMPULSE,EXPIRED,ENTRY_WINDOW_EXPIRED,True,,,,,,,,,,,,,,,,,,,,,,,,,,,,,,
4W1hzsJ65AaKihdPfYKXViqYUizK8Fri8xqZvy8ypump,FP1-RESEARCH-PROBE-STRICT-0001,2,1787074077243681,1787074076000000,0,97,5,2,0,WAITING_FOR_IMPULSE,EXPIRED,ENTRY_WINDOW_EXPIRED,True,,,,,,,,,,,,,,,,,,,,,,,,,,,,,,
JCxuvz1A9s7RqEjxfs9pQPBrrFeQoKuVXH3iP5t9pump,FP1-RESEARCH-PROBE-STRICT-0001,2,1787074077117681,1787074076000000,0,1,1,1,0,DISCOVERED,EXPIRED,ENTRY_WINDOW_EXPIRED,True,,,,,,,,,,,,,,,,,,,,,,,,,,,,,,
64Zb3JNf2kakejXms5edFoVBgQdpTVKntyjxpKRTnijz,FP1-RESEARCH-PROBE-STRICT-0001,2,1787074076958685,1787074076000000,0,1,1,2,0,WAITING_FOR_IMPULSE,EXPIRED,ENTRY_WINDOW_EXPIRED,True,,,,,,,,,,,,,,,,,,,,,,,,,,,,,,
UAGw1PaXyeoTDHg9oMqfyt1GpgM169bju6jL1r1pump,FP1-RESEARCH-PROBE-STRICT-0001,2,1787074076853681,1787074076000000,0,164,164,2,0,WAITING_FOR_IMPULSE,EXPIRED,ENTRY_WINDOW_EXPIRED,True,,,,,,,,,,,,,,,,,,,,,,,,,,,,,,
8qcw8uUha1Fn3Pp5ijAUXAsorbRvbW7kw7VCDvpkpump,FP1-RESEARCH-PROBE-STRICT-0001,2,1787074076745688,1787074076000000,0,19,19,2,0,WAITING_FOR_IMPULSE,EXPIRED,ENTRY_WINDOW_EXPIRED,True,,,,,,,,,,,,,,,,,,,,,,,,,,,,,,
6onx45WsG44ZEPejY8TqoK8ik6Mb7qq1nk6v3VURpump,FP1-RESEARCH-PROBE-STRICT-0001,2,1787071711087826,1787071682000000,0,1,1,2,0,WAITING_FOR_IMPULSE,EXPIRED,ENTRY_WINDOW_EXPIRED,True,,,,,,,,,,,,,,,,,,,,,,,,,,,,,,
2M2bh7Hb7cRhT972jrEvVJyjEJAcWz57VjXbchzqpump,FP1-RESEARCH-PROBE-STRICT-0001,2,1787071703552738,1787071682000000,0,21,4,2,0,WAITING_FOR_IMPULSE,EXPIRED,ENTRY_WINDOW_EXPIRED,True,,,,,,,,,,,,,,,,,,,,,,,,,,,,,,
Gotn3D24ADBwpWxjUPWAdMPZQ6wtz1NxQZvSgQVxpump,FP1-RESEARCH-PROBE-STRICT-0001,2,1787071703472737,1787071682000000,0,1,1,2,0,WAITING_FOR_IMPULSE,EXPIRED,ENTRY_WINDOW_EXPIRED,True,,,,,,,,,,,,,,,,,,,,,,,,,,,,,,
9SajdsQujKQsn4KfCV4x9mhJ4b79uge47Ebm7pEqQ6JA,FP1-RESEARCH-PROBE-STRICT-0001,2,1787071697614051,1787071682000000,0,1,1,2,0,WAITING_FOR_IMPULSE,EXPIRED,ENTRY_WINDOW_EXPIRED,True,,,,,,,,,,,,,,,,,,,,,,,,,,,,,,
GcbFVivndRKiy3MaAgMtsyaSfWh4aqEn6PcyShbBpump,FP1-RESEARCH-PROBE-STRICT-0001,2,1787071697610055,1787071682000000,0,1,1,2,0,WAITING_FOR_IMPULSE,EXPIRED,ENTRY_WINDOW_EXPIRED,True,,,,,,,,,,,,,,,,,,,,,,,,,,,,,,
9xNuTnrzFsTiCZim765WnVJtFUHqt73w1YX7aivbpump,FP1-RESEARCH-PROBE-STRICT-0001,2,1787071694822245,1787071682000000,0,3,3,2,0,WAITING_FOR_IMPULSE,EXPIRED,ENTRY_WINDOW_EXPIRED,True,,,,,,,,,,,,,,,,,,,,,,,,,,,,,,
JAC7TuGanmUthUnDczyxqDsnBW6N94xG8GZYiozVpump,FP1-RESEARCH-PROBE-STRICT-0001,2,1787071689187843,1787071681000000,0,3,3,2,0,WAITING_FOR_IMPULSE,EXPIRED,ENTRY_WINDOW_EXPIRED,True,,,,,,,,,,,,,,,,,,,,,,,,,,,,,,
95KpDTv3NuqZ2jFnTFZ9xaYzqsCUzAWbUS9gW7Ujpump,FP1-RESEARCH-PROBE-STRICT-0001,2,1787071686366535,1787071681000000,0,3,3,2,0,WAITING_FOR_IMPULSE,EXPIRED,ENTRY_WINDOW_EXPIRED,True,,,,,,,,,,,,,,,,,,,,,,,,,,,,,,
GVmPQStNkmE2Ea6CzCHJcL4CAxUFX3WZkh8iS7qipump,FP1-RESEARCH-PROBE-STRICT-0001,2,1787071686357535,1787071681000000,0,1,1,2,0,WAITING_FOR_IMPULSE,EXPIRED,ENTRY_WINDOW_EXPIRED,True,,,,,,,,,,,,,,,,,,,,,,,,,,,,,,
8cHMb5o9k5yK72w3ZHE446ku3kDn6Hv1mGjnDCVZpump,FP1-RESEARCH-PROBE-STRICT-0001,2,1787071686356535,1787071681000000,0,1,1,2,0,WAITING_FOR_IMPULSE,EXPIRED,ENTRY_WINDOW_EXPIRED,True,,,,,,,,,,,,,,,,,,,,,,,,,,,,,,
48TW1NmnPNFCEqsuqGWESDfapZpmYUkRkXr5KrDTpump,FP1-RESEARCH-PROBE-STRICT-0001,2,1787071686323535,1787071681000000,0,1,1,2,0,WAITING_FOR_IMPULSE,EXPIRED,ENTRY_WINDOW_EXPIRED,True,,,,,,,,,,,,,,,,,,,,,,,,,,,,,,
63NeBFACYNfVzZWv5GxKGqCRibJouGNzirghU7Udpump,FP1-RESEARCH-PROBE-STRICT-0001,2,1787071683721897,1787071681000000,0,2,2,2,0,WAITING_FOR_IMPULSE,EXPIRED,ENTRY_WINDOW_EXPIRED,True,,,,,,,,,,,,,,,,,,,,,,,,,,,,,,
5zAztny5oMuaSSfRhFQCFTZsvZ8JKoirtXHaAYmbvyKG,FP1-RESEARCH-PROBE-STRICT-0001,2,1787071681186616,1787071681000000,0,27,27,2,0,WAITING_FOR_IMPULSE,EXPIRED,ENTRY_WINDOW_EXPIRED,True,,,,,,,,,,,,,,,,,,,,,,,,,,,,,,
DJvP7Xy2FVfqq3K4doeJCa3dLEPe9x8rVNcXArvwpump,FP1-RESEARCH-PROBE-STRICT-0001,2,1787071681182616,1787071681000000,0,1,1,2,0,WAITING_FOR_IMPULSE,EXPIRED,ENTRY_WINDOW_EXPIRED,True,,,,,,,,,,,,,,,,,,,,,,,,,,,,,,
4yghZG4UX4HNPuTsgop58imKCN1j3S8JrzeixAEDpump,FP1-RESEARCH-PROBE-STRICT-0001,2,1787071667231756,1787071631000000,0,1,1,2,0,WAITING_FOR_IMPULSE,EXPIRED,ENTRY_WINDOW_EXPIRED,True,,,,,,,,,,,,,,,,,,,,,,,,,,,,,,
5vYQyTQr7ALgtK4N49GEyeMs3WsKtXH2rcKVksbNgmos,FP1-RESEARCH-PROBE-STRICT-0001,2,1787071659001941,1787071631000000,0,2,2,2,0,WAITING_FOR_IMPULSE,EXPIRED,ENTRY_WINDOW_EXPIRED,True,,,,,,,,,,,,,,,,,,,,,,,,,,,,,,
G9BBhVVVcE452s5U7EoGr2sUC1LyAcNv4qUbL2zuM3Lj,FP1-RESEARCH-PROBE-STRICT-0001,2,1787071651376100,1787071630000000,0,6,6,4,0,WAITING_FOR_PULLBACK,EXPIRED,ENTRY_WINDOW_EXPIRED,True,2505,3571,4,4,4,11851851844,4945,3588,,,,,,,,,,,,,,,,,,,,,,
GCombYe6p1EMsf7v6TTLWeepdqeCFz8YZ1JGebzupump,FP1-RESEARCH-PROBE-STRICT-0001,2,1787071651370101,1787071630000000,0,2,2,2,0,WAITING_FOR_IMPULSE,EXPIRED,ENTRY_WINDOW_EXPIRED,True,,,,,,,,,,,,,,,,,,,,,,,,,,,,,,
4W2gJeijPNaa44X1UHH4Kez6a5F9iVb82uN7fqMjpump,FP1-RESEARCH-PROBE-STRICT-0001,2,1787071651346101,1787071630000000,0,2,2,2,0,WAITING_FOR_IMPULSE,EXPIRED,ENTRY_WINDOW_EXPIRED,True,,,,,,,,,,,,,,,,,,,,,,,,,,,,,,
4W58Y3L5drGgn4AoKeyaqCFpJC9UHFDZC2eAfPokpump,FP1-RESEARCH-PROBE-STRICT-0001,2,1787071639574422,1787071629000000,0,12,12,2,0,WAITING_FOR_IMPULSE,EXPIRED,ENTRY_WINDOW_EXPIRED,True,,,,,,,,,,,,,,,,,,,,,,,,,,,,,,
FbtyHyeqNpUVq92gusYp4HPCNwL9DPxKj7Zx5EKNpump,FP1-RESEARCH-PROBE-STRICT-0001,2,1787071631429766,1787071629000000,0,47,47,4,0,WAITING_FOR_PULLBACK,EXPIRED,ENTRY_WINDOW_EXPIRED,True,49749,7492,38,19,1,488888888,49749,7492,,,,,,,,,,,,,,,,,,,,,,
JAyTXrgzKJAVSsH8nFFynvZMG3PNUFXQZ3fJcc6Spump,FP1-RESEARCH-PROBE-STRICT-0001,2,1787071631384765,1787071629000000,0,2,2,2,0,WAITING_FOR_IMPULSE,EXPIRED,ENTRY_WINDOW_EXPIRED,True,,,,,,,,,,,,,,,,,,,,,,,,,,,,,,
3EdDwu74B9NCBGkXmtGA9voyJ8uQr2dYTBFMbXxzpump,FP1-RESEARCH-PROBE-STRICT-0001,2,1787071631382765,1787071629000000,0,6,6,1,0,DISCOVERED,EXPIRED,ENTRY_WINDOW_EXPIRED,True,,,,,,,,,,,,,,,,,,,,,,,,,,,,,,
4W5DWMJ8WsjxzRAPqJqX5csVotD1Y8nndC8xriRPpump,FP1-RESEARCH-PROBE-STRICT-0001,2,1787071631366766,1787071629000000,0,1,1,2,0,WAITING_FOR_IMPULSE,EXPIRED,ENTRY_WINDOW_EXPIRED,True,,,,,,,,,,,,,,,,,,,,,,,,,,,,,,
WjtVYkUG2qVfxQCLYZmFm2uYKuMcvty6V8EDrjjpump,FP1-RESEARCH-PROBE-STRICT-0001,2,1787071629267123,1787071629000000,0,53,53,6,0,WAITING_FOR_RESPONSE,EXPIRED,ENTRY_WINDOW_EXPIRED,True,19259,3327,26,18,6,4152478483,19265,3354,51839,32580,4104,4148,51918,,,,,,,,,,,,,,,,,
cMCk6YFZoWkPRcFVWFaD5aMmHFvj7Abj2PZKDdypump,FP1-RESEARCH-PROBE-STRICT-0001,2,1787071613371456,1787071584000000,0,9,9,4,0,WAITING_FOR_PULLBACK,EXPIRED,ENTRY_WINDOW_EXPIRED,True,8233,3256,7,7,4,3889656626,10992,3918,,,,,,,,,,,,,,,,,,,,,,
ARXn6fcH4sfB6erfQsEHbhFSerMBxrWydJKySkDYpump,FP1-RESEARCH-PROBE-STRICT-0001,2,1787071608150878,1787071584000000,0,1,1,2,0,WAITING_FOR_IMPULSE,EXPIRED,ENTRY_WINDOW_EXPIRED,True,,,,,,,,,,,,,,,,,,,,,,,,,,,,,,
EDcJjANKDtsHDvTkFVQXzVJ56HrMFcKN6uCcTX3Epump,FP1-RESEARCH-PROBE-STRICT-0001,2,1787071605367879,1787071583000000,0,5,5,2,0,WAITING_FOR_IMPULSE,EXPIRED,ENTRY_WINDOW_EXPIRED,True,,,,,,,,,,,,,,,,,,,,,,,,,,,,,,
5NBTwamodVFt55mbbKojYLZkgmDDUjbSJ1XymgJ9pump,FP1-RESEARCH-PROBE-STRICT-0001,2,1787071597511624,1787071583000000,0,1,1,2,0,WAITING_FOR_IMPULSE,EXPIRED,ENTRY_WINDOW_EXPIRED,True,,,,,,,,,,,,,,,,,,,,,,,,,,,,,,
B7PKCAUcUEfMBXfAe1LdkT3c9rMDKqRvZDoZKM2Tpump,FP1-RESEARCH-PROBE-STRICT-0001,2,1787071594631992,1787071582000000,0,1,1,1,0,DISCOVERED,EXPIRED,ENTRY_WINDOW_EXPIRED,True,,,,,,,,,,,,,,,,,,,,,,,,,,,,,,
7zGhQQqriFH19ahTmeZhFjbADpsWZJb3ZYsEhgDfpump,FP1-RESEARCH-PROBE-STRICT-0001,2,1787071594618992,1787071582000000,0,1,1,2,0,WAITING_FOR_IMPULSE,EXPIRED,ENTRY_WINDOW_EXPIRED,True,,,,,,,,,,,,,,,,,,,,,,,,,,,,,,
5FbvwoNuiMxCWpuFRXoxMtKtHjnJft2pASXf5FSdpump,FP1-RESEARCH-PROBE-STRICT-0001,2,1787071592071169,1787071582000000,0,6,6,4,0,WAITING_FOR_PULLBACK,EXPIRED,ENTRY_WINDOW_EXPIRED,True,4,8884,4,4,4,12600000000,2512,9324,,,,,,,,,,,,,,,,,,,,,,
93TeQdYS87wa654uGyVef975mDLwyYAF562kVf2xpump,FP1-RESEARCH-PROBE-STRICT-0001,2,1787071589396040,1787071582000000,0,17,17,4,0,WAITING_FOR_PULLBACK,EXPIRED,ENTRY_WINDOW_EXPIRED,True,99743,138496,15,7,1,203457904,99743,138496,,,,,,,,,,,,,,,,,,,,,,
BrkeYUeTjCsNrCtsqv8SiQMcMUZzxpfDbHGU8ngdpump,FP1-RESEARCH-PROBE-STRICT-0001,2,1787071584056492,1787071582000000,0,1,1,2,0,WAITING_FOR_IMPULSE,EXPIRED,ENTRY_WINDOW_EXPIRED,True,,,,,,,,,,,,,,,,,,,,,,,,,,,,,,
39rfLr1Q2QmXnA58ShcAX2ngghmKZ6fGToBsug9Apump,FP1-RESEARCH-PROBE-STRICT-0001,2,1787071581851104,1787071582000000,0,41,40,2,0,WAITING_FOR_IMPULSE,EXPIRED,ENTRY_WINDOW_EXPIRED,True,,,,,,,,,,,,,,,,,,,,,,,,,,,,,,
C6UjUyxZhfF5qthtW3CY8twwzPFTHo9HbJyxqDjUS51,FP1-RESEARCH-PROBE-STRICT-0001,2,1787071581842103,1787071582000000,0,58,58,2,0,WAITING_FOR_IMPULSE,EXPIRED,ENTRY_WINDOW_EXPIRED,True,,,,,,,,,,,,,,,,,,,,,,,,,,,,,,
Cv1qtdH8k7RffqT984bhtrKCanX4hGYv7hi8VYHQpump,FP1-RESEARCH-PROBE-STRICT-0001,2,1787071567630430,1787071537000000,0,1,1,2,0,WAITING_FOR_IMPULSE,EXPIRED,ENTRY_WINDOW_EXPIRED,True,,,,,,,,,,,,,,,,,,,,,,,,,,,,,,
DwL8cmrjTuBbimA41La4WFrT4E5knooxPAT3eY8ypump,FP1-RESEARCH-PROBE-STRICT-0001,2,1787071561573443,1787071536000000,0,2,2,2,0,WAITING_FOR_IMPULSE,EXPIRED,ENTRY_WINDOW_EXPIRED,True,,,,,,,,,,,,,,,,,,,,,,,,,,,,,,
EUXkM5uEABWx49haAmUFNNZ6A8Xc4i9T6W7wx1WMpump,FP1-RESEARCH-PROBE-STRICT-0001,2,1787071561537442,1787071536000000,0,4,4,2,0,WAITING_FOR_IMPULSE,EXPIRED,ENTRY_WINDOW_EXPIRED,True,,,,,,,,,,,,,,,,,,,,,,,,,,,,,,
99A6C8TFffZ6JFwDV32ikEscQJh6D7MsfFokA91Vpump,FP1-RESEARCH-PROBE-STRICT-0001,2,1787071558938824,1787071536000000,0,6,6,2,0,WAITING_FOR_IMPULSE,EXPIRED,ENTRY_WINDOW_EXPIRED,True,,,,,,,,,,,,,,,,,,,,,,,,,,,,,,
7e2RGEgKhSwnVf9sXy2g8ocNkHdHnD39HgPnLA2nMXUb,FP1-RESEARCH-PROBE-STRICT-0001,2,1787071553255994,1787071536000000,0,2,2,2,0,WAITING_FOR_IMPULSE,EXPIRED,ENTRY_WINDOW_EXPIRED,True,,,,,,,,,,,,,,,,,,,,,,,,,,,,,,
365VBSYYqyWJesM4TNg6sXpw7y9dpB9naaHpV2Yxpump,FP1-RESEARCH-PROBE-STRICT-0001,2,1787071547669765,1787071535000000,0,2,2,2,0,WAITING_FOR_IMPULSE,EXPIRED,ENTRY_WINDOW_EXPIRED,True,,,,,,,,,,,,,,,,,,,,,,,,,,,,,,
9jdxtFML431gvbeFsPq3NNnYZfq2x2QdX5NEvkF1pump,FP1-RESEARCH-PROBE-STRICT-0001,2,1787071542109000,1787071535000000,0,11,11,2,0,WAITING_FOR_IMPULSE,EXPIRED,ENTRY_WINDOW_EXPIRED,True,,,,,,,,,,,,,,,,,,,,,,,,,,,,,,
2LsVezXHQJR9HbDaCeokSW57N66H94tp77gdBKpApump,FP1-RESEARCH-PROBE-STRICT-0001,2,1787071539503731,1787071535000000,0,13,13,2,0,WAITING_FOR_IMPULSE,EXPIRED,ENTRY_WINDOW_EXPIRED,True,,,,,,,,,,,,,,,,,,,,,,,,,,,,,,
BwydP2DH2GF86ZTvoJmSeZVSC749XhLqJ2hHxTkTpump,FP1-RESEARCH-PROBE-STRICT-0001,2,1787071539501738,1787071535000000,0,2,2,2,0,WAITING_FOR_IMPULSE,EXPIRED,ENTRY_WINDOW_EXPIRED,True,,,,,,,,,,,,,,,,,,,,,,,,,,,,,,
Ds28H7uxUQw3XV8oJF96FxmaPumHqejK2orFtFuLpump,FP1-RESEARCH-PROBE-STRICT-0001,2,1787071539442736,1787071535000000,0,2,2,2,0,WAITING_FOR_IMPULSE,EXPIRED,ENTRY_WINDOW_EXPIRED,True,,,,,,,,,,,,,,,,,,,,,,,,,,,,,,
JBoXSmG68Sf1AakXMaLmFACdyRbzcVPivie4W8Lmpump,FP1-RESEARCH-PROBE-STRICT-0001,2,1787071535162799,1787071535000000,0,1,1,2,0,WAITING_FOR_IMPULSE,EXPIRED,ENTRY_WINDOW_EXPIRED,True,,,,,,,,,,,,,,,,,,,,,,,,,,,,,,
J3J3CENnWupvqYNu9mboc6ZnNxTpqokXcU3Vo5t3pump,FP1-RESEARCH-PROBE-STRICT-0001,2,1787071535158804,1787071535000000,0,28,28,2,0,WAITING_FOR_IMPULSE,EXPIRED,ENTRY_WINDOW_EXPIRED,True,,,,,,,,,,,,,,,,,,,,,,,,,,,,,,
rPJiZufxvY23Mh3xrckewVV5BoYdeJpsVpiuQDWpump,FP1-RESEARCH-PROBE-STRICT-0001,2,1787071535100803,1787071535000000,0,10,10,2,0,WAITING_FOR_IMPULSE,EXPIRED,ENTRY_WINDOW_EXPIRED,True,,,,,,,,,,,,,,,,,,,,,,,,,,,,,,
FwGSHzaNVeifteud9HyGmtJjzpJ9yRZnt5mXBg71pump,FP1-RESEARCH-PROBE-STRICT-0001,2,1787071526004179,1787071487000000,0,1,1,2,0,WAITING_FOR_IMPULSE,EXPIRED,ENTRY_WINDOW_EXPIRED,True,,,,,,,,,,,,,,,,,,,,,,,,,,,,,,
Cd11bKTP9qcPr7Pr3QBub8StvxA3UHctivGhGhZxpump,FP1-RESEARCH-PROBE-STRICT-0001,2,1787071512490628,1787071486000000,0,2,2,2,0,WAITING_FOR_IMPULSE,EXPIRED,ENTRY_WINDOW_EXPIRED,True,,,,,,,,,,,,,,,,,,,,,,,,,,,,,,
G5V7PZozQ77CXzhAGAaLPz8q7SHuKSWoh2QmSZeDafyR,FP1-RESEARCH-PROBE-STRICT-0001,2,1787071492833495,1787071485000000,0,10,10,2,0,WAITING_FOR_IMPULSE,EXPIRED,ENTRY_WINDOW_EXPIRED,True,,,,,,,,,,,,,,,,,,,,,,,,,,,,,,
BPyXzP6WE796xCT3rvVtFNTL1AjLwFss5XQBQdRyxKP4,FP1-RESEARCH-PROBE-STRICT-0001,2,1787071490334605,1787071485000000,0,1,1,2,0,WAITING_FOR_IMPULSE,EXPIRED,ENTRY_WINDOW_EXPIRED,True,,,,,,,,,,,,,,,,,,,,,,,,,,,,,,
FyT7k6QJTotMyMDamWYTfgSgA7dTeRutVFFyEVpMPcGD,FP1-RESEARCH-PROBE-STRICT-0001,2,1787071490292506,1787071484000000,0,1,1,2,0,WAITING_FOR_IMPULSE,EXPIRED,ENTRY_WINDOW_EXPIRED,True,,,,,,,,,,,,,,,,,,,,,,,,,,,,,,
JC2AsYN4xTvqzkQRAW8D3v8uSBpk1J1aiSGAqREKpump,FP1-RESEARCH-PROBE-STRICT-0001,2,1787071487765503,1787071484000000,0,41,34,6,0,WAITING_FOR_RESPONSE,INVALIDATED,PULLBACK_TOO_DEEP,False,18,3193,6,6,6,25134099739,41075,4078,59984,59966,5438,5575,109720,,,,,,,,,,,,,,,,,
CdS5QqkbzPpZ17t7Z1xv9a6mVyuUNSFU331rQWPbpump,FP1-RESEARCH-PROBE-STRICT-0001,2,1787071484886159,1787071484000000,0,5,5,2,0,WAITING_FOR_IMPULSE,EXPIRED,ENTRY_WINDOW_EXPIRED,True,,,,,,,,,,,,,,,,,,,,,,,,,,,,,,
DqmCoj98v6ichdVTYeoZoXSX3d85HkDeV2gxVjAxpump,FP1-RESEARCH-PROBE-STRICT-0001,2,1787071484850159,1787071484000000,0,52,51,4,0,WAITING_FOR_PULLBACK,INVALIDATED,PULLBACK_TOO_DEEP,False,101972,5451,41,18,1,97777777,101972,5451,,,,6749,166446,,,,,,,,,,,,,,,,,
G6CzwDuRer7JVRjT5okNLrx8gmvtd4HJcGEGKPCMpump,FP1-RESEARCH-PROBE-STRICT-0001,2,1787071484836155,1787071484000000,0,13,13,2,0,WAITING_FOR_IMPULSE,EXPIRED,ENTRY_WINDOW_EXPIRED,True,,,,,,,,,,,,,,,,,,,,,,,,,,,,,,
3EbmsFRaxwrqC4PB7SrT1wjvE64bbUsYj4dFNi4Wpump,FP1-RESEARCH-PROBE-STRICT-0001,2,1787071483983158,1787071484000000,0,36,36,2,0,WAITING_FOR_IMPULSE,EXPIRED,ENTRY_WINDOW_EXPIRED,True,,,,,,,,,,,,,,,,,,,,,,,,,,,,,,
28azdhuyttWsy1Cxdp1BLsMWU1YXan2BMjdQD7nPpump,FP1-RESEARCH-PROBE-STRICT-0001,2,1787071483951154,1787071484000000,0,24,24,2,0,WAITING_FOR_IMPULSE,EXPIRED,ENTRY_WINDOW_EXPIRED,True,,,,,,,,,,,,,,,,,,,,,,,,,,,,,,
6TBoYifkeUFiv3g8rFqHKJwGVtDkd99iuuzGLF9Xpump,FP1-RESEARCH-PROBE-STRICT-0001,2,1787071479784981,1787071438000000,0,1,1,2,0,WAITING_FOR_IMPULSE,EXPIRED,ENTRY_WINDOW_EXPIRED,True,,,,,,,,,,,,,,,,,,,,,,,,,,,,,,
GJnisvWUqQkryGd6aEu6AEu4jkwzod8Wp9UQ2tj8pump,FP1-RESEARCH-PROBE-STRICT-0001,2,1787071479783981,1787071438000000,0,1,1,2,0,WAITING_FOR_IMPULSE,EXPIRED,ENTRY_WINDOW_EXPIRED,True,,,,,,,,,,,,,,,,,,,,,,,,,,,,,,
BcT7yw2i9vsup8r1VQ1EwqyNHdjytB6qBtHqsuhnpump,FP1-RESEARCH-PROBE-STRICT-0001,2,1787071479782980,1787071438000000,0,1,1,2,0,WAITING_FOR_IMPULSE,EXPIRED,ENTRY_WINDOW_EXPIRED,True,,,,,,,,,,,,,,,,,,,,,,,,,,,,,,
EAPuNNJ8po1hsyVuJT4xEdHFEUXPBdGKujAWmFJXpump,FP1-RESEARCH-PROBE-STRICT-0001,2,1787071479723979,1787071438000000,0,1,1,2,0,WAITING_FOR_IMPULSE,EXPIRED,ENTRY_WINDOW_EXPIRED,True,,,,,,,,,,,,,,,,,,,,,,,,,,,,,,
B8FpNxdyjeGEDvMqsTYfwa6qfDZYSi3UMg5Q8UQ8pump,FP1-RESEARCH-PROBE-STRICT-0001,2,1787071477175857,1787071438000000,0,1,1,2,0,WAITING_FOR_IMPULSE,EXPIRED,ENTRY_WINDOW_EXPIRED,True,,,,,,,,,,,,,,,,,,,,,,,,,,,,,,
D7SnfVVuZRrjPXbms9ARxCwCforLyyq6xwjtjSKMpump,FP1-RESEARCH-PROBE-STRICT-0001,2,1787071477173856,1787071438000000,0,1,1,2,0,WAITING_FOR_IMPULSE,EXPIRED,ENTRY_WINDOW_EXPIRED,True,,,,,,,,,,,,,,,,,,,,,,,,,,,,,,
D3vwaQWvxe2Ljvor6o8d3LAimYoLEcd8MuweVYL3pump,FP1-RESEARCH-PROBE-STRICT-0001,2,1787071477172858,1787071438000000,0,1,1,2,0,WAITING_FOR_IMPULSE,EXPIRED,ENTRY_WINDOW_EXPIRED,True,,,,,,,,,,,,,,,,,,,,,,,,,,,,,,
J9TU2bUzc7ebXUGhKmJ3uUx39D6noFU6yZ7dEHMppump,FP1-RESEARCH-PROBE-STRICT-0001,2,1787071477170858,1787071438000000,0,1,1,2,0,WAITING_FOR_IMPULSE,EXPIRED,ENTRY_WINDOW_EXPIRED,True,,,,,,,,,,,,,,,,,,,,,,,,,,,,,,
9Hb4VN7bvpNeSF7vN1NzdvrLvPjMi4D92qHFkQFBpump,FP1-RESEARCH-PROBE-STRICT-0001,2,1787071477170858,1787071438000000,0,1,1,2,0,WAITING_FOR_IMPULSE,EXPIRED,ENTRY_WINDOW_EXPIRED,True,,,,,,,,,,,,,,,,,,,,,,,,,,,,,,
98eGRHg8KdJ2Mq5Tr8D6u6pv5GAgF3Lwx7HXNChvpump,FP1-RESEARCH-PROBE-STRICT-0001,2,1787071477169857,1787071438000000,0,1,1,2,0,WAITING_FOR_IMPULSE,EXPIRED,ENTRY_WINDOW_EXPIRED,True,,,,,,,,,,,,,,,,,,,,,,,,,,,,,,
4nVJM1A3JP4hfFG7HXA2DT1P9AMvrVxhftRwAMuNpump,FP1-RESEARCH-PROBE-STRICT-0001,2,1787071477168857,1787071438000000,0,1,1,2,0,WAITING_FOR_IMPULSE,EXPIRED,ENTRY_WINDOW_EXPIRED,True,,,,,,,,,,,,,,,,,,,,,,,,,,,,,,
DmbkLtQm298dCMiDKzrSXbM9YDPUPX71pYvVnpwzpump,FP1-RESEARCH-PROBE-STRICT-0001,2,1787071477166857,1787071438000000,0,1,1,2,0,WAITING_FOR_IMPULSE,EXPIRED,ENTRY_WINDOW_EXPIRED,True,,,,,,,,,,,,,,,,,,,,,,,,,,,,,,
32cEGVhsbJ7CuD5bKVNwHGKws9X7gxcqq2Ajz6xGpump,FP1-RESEARCH-PROBE-STRICT-0001,2,1787071477164859,1787071438000000,0,1,1,2,0,WAITING_FOR_IMPULSE,EXPIRED,ENTRY_WINDOW_EXPIRED,True,,,,,,,,,,,,,,,,,,,,,,,,,,,,,,
7x9WPrsMRptb5RfganLc11MGmegBk2DdXHjbghF5pump,FP1-RESEARCH-PROBE-STRICT-0001,2,1787071477163858,1787071438000000,0,1,1,2,0,WAITING_FOR_IMPULSE,EXPIRED,ENTRY_WINDOW_EXPIRED,True,,,,,,,,,,,,,,,,,,,,,,,,,,,,,,
H2whpWkGZBHb9DeKWPR925ohSmaRmG79dsAMqBS8pump,FP1-RESEARCH-PROBE-STRICT-0001,2,1787071477161856,1787071438000000,0,1,1,2,0,WAITING_FOR_IMPULSE,EXPIRED,ENTRY_WINDOW_EXPIRED,True,,,,,,,,,,,,,,,,,,,,,,,,,,,,,,
GCKiDwfa1GRqg5DdUxev6vyt6uAFxPGbBCr8xVD4pump,FP1-RESEARCH-PROBE-STRICT-0001,2,1787071477159858,1787071438000000,0,1,1,2,0,WAITING_FOR_IMPULSE,EXPIRED,ENTRY_WINDOW_EXPIRED,True,,,,,,,,,,,,,,,,,,,,,,,,,,,,,,
2u3pWR2uT7PDXtaEFBkuc6bZmwRhtAMCtj4qnafrpump,FP1-RESEARCH-PROBE-STRICT-0001,2,1787071477158856,1787071438000000,0,1,1,2,0,WAITING_FOR_IMPULSE,EXPIRED,ENTRY_WINDOW_EXPIRED,True,,,,,,,,,,,,,,,,,,,,,,,,,,,,,,
3rSDjFREMPPb5R6M9Nfyj1QudiGrUBuiU8QDsJs6pump,FP1-RESEARCH-PROBE-STRICT-0001,2,1787071477157859,1787071438000000,0,1,1,2,0,WAITING_FOR_IMPULSE,EXPIRED,ENTRY_WINDOW_EXPIRED,True,,,,,,,,,,,,,,,,,,,,,,,,,,,,,,
AruHvuTCnDCWc8VyXhKHT44EBxdXB6SqxAX1Mk9ipump,FP1-RESEARCH-PROBE-STRICT-0001,2,1787071477154856,1787071438000000,0,1,1,2,0,WAITING_FOR_IMPULSE,EXPIRED,ENTRY_WINDOW_EXPIRED,True,,,,,,,,,,,,,,,,,,,,,,,,,,,,,,
6uoZ8Gi5t5m3AdvZcZ7MNAzCPsh7RMnKFjCiNBe8pump,FP1-RESEARCH-PROBE-STRICT-0001,2,1787071477153858,1787071438000000,0,1,1,2,0,WAITING_FOR_IMPULSE,EXPIRED,ENTRY_WINDOW_EXPIRED,True,,,,,,,,,,,,,,,,,,,,,,,,,,,,,,
DgFRf36h37StqpsgSnKHANJ73HJf3CHjWyyDi6nKpump,FP1-RESEARCH-PROBE-STRICT-0001,2,1787071477150859,1787071438000000,0,1,1,2,0,WAITING_FOR_IMPULSE,EXPIRED,ENTRY_WINDOW_EXPIRED,True,,,,,,,,,,,,,,,,,,,,,,,,,,,,,,
8fTT4FE1VHXZDvPJQ16z2CXm1nBPt8XwhCtYR244pump,FP1-RESEARCH-PROBE-STRICT-0001,2,1787071477149863,1787071438000000,0,1,1,2,0,WAITING_FOR_IMPULSE,EXPIRED,ENTRY_WINDOW_EXPIRED,True,,,,,,,,,,,,,,,,,,,,,,,,,,,,,,
9LbAKZTnVB361pjkQDsjZ3JhQZqwhYZLfq79wrcFpump,FP1-RESEARCH-PROBE-STRICT-0001,2,1787071477149863,1787071438000000,0,1,1,2,0,WAITING_FOR_IMPULSE,EXPIRED,ENTRY_WINDOW_EXPIRED,True,,,,,,,,,,,,,,,,,,,,,,,,,,,,,,
2zzyz4jUfGLQzZ6CAHpUWSiNWjafDLdHdpBtqTmQpump,FP1-RESEARCH-PROBE-STRICT-0001,2,1787071477148858,1787071438000000,0,1,1,2,0,WAITING_FOR_IMPULSE,EXPIRED,ENTRY_WINDOW_EXPIRED,True,,,,,,,,,,,,,,,,,,,,,,,,,,,,,,
ALoRACVMd3KpJR3Qe6JFtsAYrFZSDYXqvikTumENpump,FP1-RESEARCH-PROBE-STRICT-0001,2,1787071477147857,1787071438000000,0,1,1,2,0,WAITING_FOR_IMPULSE,EXPIRED,ENTRY_WINDOW_EXPIRED,True,,,,,,,,,,,,,,,,,,,,,,,,,,,,,,
6HgTgcRtQKhggYMqFcnf8bX6zsb71Y764rs1bQsApump,FP1-RESEARCH-PROBE-STRICT-0001,2,1787071477145857,1787071438000000,0,1,1,2,0,WAITING_FOR_IMPULSE,EXPIRED,ENTRY_WINDOW_EXPIRED,True,,,,,,,,,,,,,,,,,,,,,,,,,,,,,,
BVbaTy8aT81VofNSxeviBN5pcfyv87AbL2isdVDupump,FP1-RESEARCH-PROBE-STRICT-0001,2,1787071477144857,1787071438000000,0,1,1,2,0,WAITING_FOR_IMPULSE,EXPIRED,ENTRY_WINDOW_EXPIRED,True,,,,,,,,,,,,,,,,,,,,,,,,,,,,,,
8iqxWps76QhLAixKv3b2ZLsxUatP2gHswLvxeSLopump,FP1-RESEARCH-PROBE-STRICT-0001,2,1787071477142856,1787071438000000,0,1,1,2,0,WAITING_FOR_IMPULSE,EXPIRED,ENTRY_WINDOW_EXPIRED,True,,,,,,,,,,,,,,,,,,,,,,,,,,,,,,
A3zgKhPmkgbMqGhnfv1ouJVCWBikc1qncTtSMr6gpump,FP1-RESEARCH-PROBE-STRICT-0001,2,1787071477133856,1787071438000000,0,1,1,2,0,WAITING_FOR_IMPULSE,EXPIRED,ENTRY_WINDOW_EXPIRED,True,,,,,,,,,,,,,,,,,,,,,,,,,,,,,,
FRRHgGg9KbLipMGE7xrChZDu26yWVb7Q5jFTV3nDpump,FP1-RESEARCH-PROBE-STRICT-0001,2,1787071477131858,1787071438000000,0,1,1,2,0,WAITING_FOR_IMPULSE,EXPIRED,ENTRY_WINDOW_EXPIRED,True,,,,,,,,,,,,,,,,,,,,,,,,,,,,,,
66YY3wbmZgVHkj5yMYWbJpEQCWkJGMxUMJZ4Y6Kjpump,FP1-RESEARCH-PROBE-STRICT-0001,2,1787071477121857,1787071437000000,0,1,1,2,0,WAITING_FOR_IMPULSE,EXPIRED,ENTRY_WINDOW_EXPIRED,True,,,,,,,,,,,,,,,,,,,,,,,,,,,,,,
H7xQ1DAqYdT9Yb9MF7FiqnKVcXYVupNTd9aWVnA7pump,FP1-RESEARCH-PROBE-STRICT-0001,2,1787071477119856,1787071437000000,0,1,1,2,0,WAITING_FOR_IMPULSE,EXPIRED,ENTRY_WINDOW_EXPIRED,True,,,,,,,,,,,,,,,,,,,,,,,,,,,,,,
EVXH6dEL1r7vM8K2fJcpH1AJaN4Y98KXBdpowKXZpump,FP1-RESEARCH-PROBE-STRICT-0001,2,1787071477118858,1787071437000000,0,1,1,2,0,WAITING_FOR_IMPULSE,EXPIRED,ENTRY_WINDOW_EXPIRED,True,,,,,,,,,,,,,,,,,,,,,,,,,,,,,,
Fqwc2hQK2d2T324FgSKEB5DLkJqCcWnSxMsJfjRnpump,FP1-RESEARCH-PROBE-STRICT-0001,2,1787071477117858,1787071437000000,0,1,1,2,0,WAITING_FOR_IMPULSE,EXPIRED,ENTRY_WINDOW_EXPIRED,True,,,,,,,,,,,,,,,,,,,,,,,,,,,,,,
5LocChriyyBQETQepYXF1RGevzB1VkptjR3MHkQ5pump,FP1-RESEARCH-PROBE-STRICT-0001,2,1787071477117858,1787071437000000,0,1,1,2,0,WAITING_FOR_IMPULSE,EXPIRED,ENTRY_WINDOW_EXPIRED,True,,,,,,,,,,,,,,,,,,,,,,,,,,,,,,
6U9dZDScmJKof73vWypkmSN2VwrbtzKQBxynJBFnpump,FP1-RESEARCH-PROBE-STRICT-0001,2,1787071477115856,1787071437000000,0,1,1,2,0,WAITING_FOR_IMPULSE,EXPIRED,ENTRY_WINDOW_EXPIRED,True,,,,,,,,,,,,,,,,,,,,,,,,,,,,,,
AK524wA1KNQABS1acKfnt4WXCo7MmVFVKAsayTjmpump,FP1-RESEARCH-PROBE-STRICT-0001,2,1787071474459796,1787071437000000,0,1,1,2,0,WAITING_FOR_IMPULSE,EXPIRED,ENTRY_WINDOW_EXPIRED,True,,,,,,,,,,,,,,,,,,,,,,,,,,,,,,
DYW4xHVbRe4c7wcPkkpZ82djtbpCGVWm5hBnEJYNpump,FP1-RESEARCH-PROBE-STRICT-0001,2,1787071474459796,1787071437000000,0,1,1,2,0,WAITING_FOR_IMPULSE,EXPIRED,ENTRY_WINDOW_EXPIRED,True,,,,,,,,,,,,,,,,,,,,,,,,,,,,,,
EB839eMDXPdTgvSJDV73qZc4iAqCpPfFrdjk22y1pump,FP1-RESEARCH-PROBE-STRICT-0001,2,1787071474458796,1787071437000000,0,1,1,2,0,WAITING_FOR_IMPULSE,EXPIRED,ENTRY_WINDOW_EXPIRED,True,,,,,,,,,,,,,,,,,,,,,,,,,,,,,,
2p2Xkgpgnpvnwin2JkVEUqRpuWwhrtxwLxrbyzSHpump,FP1-RESEARCH-PROBE-STRICT-0001,2,1787071474454793,1787071437000000,0,1,1,2,0,WAITING_FOR_IMPULSE,EXPIRED,ENTRY_WINDOW_EXPIRED,True,,,,,,,,,,,,,,,,,,,,,,,,,,,,,,
C1dh7hdX1QL8BigvMgcoY3pjjriUvCDvEUDE91e2pump,FP1-RESEARCH-PROBE-STRICT-0001,2,1787071474453793,1787071437000000,0,1,1,2,0,WAITING_FOR_IMPULSE,EXPIRED,ENTRY_WINDOW_EXPIRED,True,,,,,,,,,,,,,,,,,,,,,,,,,,,,,,
2JQC3ic6D4f3bxxUZX3F6YLXoupDEb6bGvPcQvaDpump,FP1-RESEARCH-PROBE-STRICT-0001,2,1787071474452792,1787071437000000,0,1,1,2,0,WAITING_FOR_IMPULSE,EXPIRED,ENTRY_WINDOW_EXPIRED,True,,,,,,,,,,,,,,,,,,,,,,,,,,,,,,
Eu28ALFQrnbSb2qBTvV4B9b3UsrPivKviVvSdmkmpump,FP1-RESEARCH-PROBE-STRICT-0001,2,1787071474450792,1787071437000000,0,1,1,2,0,WAITING_FOR_IMPULSE,EXPIRED,ENTRY_WINDOW_EXPIRED,True,,,,,,,,,,,,,,,,,,,,,,,,,,,,,,
4ALTMDtBJ3Fe8UU9ao8mXb4izxqo8Tq1QYpMDeGZpump,FP1-RESEARCH-PROBE-STRICT-0001,2,1787071474449794,1787071437000000,0,1,1,2,0,WAITING_FOR_IMPULSE,EXPIRED,ENTRY_WINDOW_EXPIRED,True,,,,,,,,,,,,,,,,,,,,,,,,,,,,,,
8HDTk46ZC4YaauF7JoRGosRxgFMaJ2BXMBC7nmGRpump,FP1-RESEARCH-PROBE-STRICT-0001,2,1787071474447791,1787071437000000,0,1,1,2,0,WAITING_FOR_IMPULSE,EXPIRED,ENTRY_WINDOW_EXPIRED,True,,,,,,,,,,,,,,,,,,,,,,,,,,,,,,
9FHb6WtKT6xrC1ksjgkBeC81P8hNHVrMaLA4mbNKpump,FP1-RESEARCH-PROBE-STRICT-0001,2,1787071474446793,1787071437000000,0,1,1,2,0,WAITING_FOR_IMPULSE,EXPIRED,ENTRY_WINDOW_EXPIRED,True,,,,,,,,,,,,,,,,,,,,,,,,,,,,,,
3j6VSKQH5o8rjXBvuRmC97a7wyPQznH8h23dmmaEpump,FP1-RESEARCH-PROBE-STRICT-0001,2,1787071474445792,1787071437000000,0,1,1,2,0,WAITING_FOR_IMPULSE,EXPIRED,ENTRY_WINDOW_EXPIRED,True,,,,,,,,,,,,,,,,,,,,,,,,,,,,,,
CThQmfpdAvTzimjbs7MnsSQJKVhv6oQXZbrneWcEpump,FP1-RESEARCH-PROBE-STRICT-0001,2,1787071474444792,1787071437000000,0,1,1,2,0,WAITING_FOR_IMPULSE,EXPIRED,ENTRY_WINDOW_EXPIRED,True,,,,,,,,,,,,,,,,,,,,,,,,,,,,,,
FtMyUinSqkzi8pTEBFS8qCe9HFKbNCvXm6J6QQZWpump,FP1-RESEARCH-PROBE-STRICT-0001,2,1787071474442796,1787071437000000,0,1,1,2,0,WAITING_FOR_IMPULSE,EXPIRED,ENTRY_WINDOW_EXPIRED,True,,,,,,,,,,,,,,,,,,,,,,,,,,,,,,
4HU3ctGds7h4PQUjvtBxbPaqJoZQVqvUS4fVgABqpump,FP1-RESEARCH-PROBE-STRICT-0001,2,1787071474441792,1787071437000000,0,1,1,2,0,WAITING_FOR_IMPULSE,EXPIRED,ENTRY_WINDOW_EXPIRED,True,,,,,,,,,,,,,,,,,,,,,,,,,,,,,,
BLbLqcnkX1gP1JcN2uXFK3zJWVxSocfb7oP5C7rFpump,FP1-RESEARCH-PROBE-STRICT-0001,2,1787071474439791,1787071437000000,0,1,1,2,0,WAITING_FOR_IMPULSE,EXPIRED,ENTRY_WINDOW_EXPIRED,True,,,,,,,,,,,,,,,,,,,,,,,,,,,,,,
4LYSQRbcjAa7WhttK5KQtbdZBona993NFG6W2NmNpump,FP1-RESEARCH-PROBE-STRICT-0001,2,1787071474437795,1787071437000000,0,1,1,2,0,WAITING_FOR_IMPULSE,EXPIRED,ENTRY_WINDOW_EXPIRED,True,,,,,,,,,,,,,,,,,,,,,,,,,,,,,,
9rxXcZYZN5p8JD1QuDqcPzTiHKD8S74LNoQp211bpump,FP1-RESEARCH-PROBE-STRICT-0001,2,1787071474436791,1787071437000000,0,1,1,2,0,WAITING_FOR_IMPULSE,EXPIRED,ENTRY_WINDOW_EXPIRED,True,,,,,,,,,,,,,,,,,,,,,,,,,,,,,,
C8wcTHeiCWCnwcxBZci8KnGKoUy1WmfZ1EvxHJompump,FP1-RESEARCH-PROBE-STRICT-0001,2,1787071474434793,1787071437000000,0,1,1,2,0,WAITING_FOR_IMPULSE,EXPIRED,ENTRY_WINDOW_EXPIRED,True,,,,,,,,,,,,,,,,,,,,,,,,,,,,,,
BVMWszp4v4XjVKbdJgSpAHbtBbJu8k7sa2NTXgCupump,FP1-RESEARCH-PROBE-STRICT-0001,2,1787071474433791,1787071437000000,0,1,1,2,0,WAITING_FOR_IMPULSE,EXPIRED,ENTRY_WINDOW_EXPIRED,True,,,,,,,,,,,,,,,,,,,,,,,,,,,,,,
5zDo9sqwLvJPaHZYFogaUmdf7JtZ7KjT2iKmfxjopump,FP1-RESEARCH-PROBE-STRICT-0001,2,1787071474431792,1787071437000000,0,1,1,2,0,WAITING_FOR_IMPULSE,EXPIRED,ENTRY_WINDOW_EXPIRED,True,,,,,,,,,,,,,,,,,,,,,,,,,,,,,,
9oGhrbZywdcKa17R33QbjUiRspVr1q1bXontZ5Lapump,FP1-RESEARCH-PROBE-STRICT-0001,2,1787071474429791,1787071437000000,0,1,1,2,0,WAITING_FOR_IMPULSE,EXPIRED,ENTRY_WINDOW_EXPIRED,True,,,,,,,,,,,,,,,,,,,,,,,,,,,,,,
CtgX76Nz9eYShysWewBnFvRBA5UMw7bk8zpKZcSEpump,FP1-RESEARCH-PROBE-STRICT-0001,2,1787071474428795,1787071437000000,0,1,1,2,0,WAITING_FOR_IMPULSE,EXPIRED,ENTRY_WINDOW_EXPIRED,True,,,,,,,,,,,,,,,,,,,,,,,,,,,,,,
36q9oHm1QYaiJbFGZHL4HaDRBzg3Ys9Z1Uou1Tqzpump,FP1-RESEARCH-PROBE-STRICT-0001,2,1787071474427793,1787071437000000,0,1,1,2,0,WAITING_FOR_IMPULSE,EXPIRED,ENTRY_WINDOW_EXPIRED,True,,,,,,,,,,,,,,,,,,,,,,,,,,,,,,
B74C6sghBbSJgcpZxfaoryU5NzcvZXqp4UjJZ9Dppump,FP1-RESEARCH-PROBE-STRICT-0001,2,1787071474424793,1787071437000000,0,1,1,2,0,WAITING_FOR_IMPULSE,EXPIRED,ENTRY_WINDOW_EXPIRED,True,,,,,,,,,,,,,,,,,,,,,,,,,,,,,,
9T8QP3Jk4ZQLTTet8UQXkhtysw7bNod3rrcbyvjxpump,FP1-RESEARCH-PROBE-STRICT-0001,2,1787071474423795,1787071437000000,0,1,1,2,0,WAITING_FOR_IMPULSE,EXPIRED,ENTRY_WINDOW_EXPIRED,True,,,,,,,,,,,,,,,,,,,,,,,,,,,,,,
3JF2Ph2wBttbhL25q29LqjTDQPc8tyV8jfE9iBYVpump,FP1-RESEARCH-PROBE-STRICT-0001,2,1787071474422792,1787071437000000,0,1,1,2,0,WAITING_FOR_IMPULSE,EXPIRED,ENTRY_WINDOW_EXPIRED,True,,,,,,,,,,,,,,,,,,,,,,,,,,,,,,
3Ts5EUgxWsYnsgjQrFkarumd1pSk6ytu3rXyZCtUpump,FP1-RESEARCH-PROBE-STRICT-0001,2,1787071474414792,1787071437000000,0,1,1,2,0,WAITING_FOR_IMPULSE,EXPIRED,ENTRY_WINDOW_EXPIRED,True,,,,,,,,,,,,,,,,,,,,,,,,,,,,,,
GiELJxLUL88GGukAcQoTV8iErp533toFfpBVdevMpump,FP1-RESEARCH-PROBE-STRICT-0001,2,1787071471834475,1787071437000000,0,2,2,2,0,WAITING_FOR_IMPULSE,EXPIRED,ENTRY_WINDOW_EXPIRED,True,,,,,,,,,,,,,,,,,,,,,,,,,,,,,,
9KvQaVokqD2YHLT1dtzT5jF5B7bLvVNdKnWtuP8Apump,FP1-RESEARCH-PROBE-STRICT-0001,2,1787071471828476,1787071437000000,0,1,1,2,0,WAITING_FOR_IMPULSE,EXPIRED,ENTRY_WINDOW_EXPIRED,True,,,,,,,,,,,,,,,,,,,,,,,,,,,,,,
BXofeKqWdzMtcrFt7rNRKFfiEsdX3PW4jfoW8xcTpump,FP1-RESEARCH-PROBE-STRICT-0001,2,1787071471825475,1787071437000000,0,1,1,2,0,WAITING_FOR_IMPULSE,EXPIRED,ENTRY_WINDOW_EXPIRED,True,,,,,,,,,,,,,,,,,,,,,,,,,,,,,,
6A9e85xYAuon93FSNwfWMR4TLQPtSNCR9pcb6bonpump,FP1-RESEARCH-PROBE-STRICT-0001,2,1787071471824478,1787071437000000,0,1,1,2,0,WAITING_FOR_IMPULSE,EXPIRED,ENTRY_WINDOW_EXPIRED,True,,,,,,,,,,,,,,,,,,,,,,,,,,,,,,
D7Yamzjb2S6ujP13tAFH4C15VLYgUBt9jTD6We85pump,FP1-RESEARCH-PROBE-STRICT-0001,2,1787071471821483,1787071437000000,0,1,1,2,0,WAITING_FOR_IMPULSE,EXPIRED,ENTRY_WINDOW_EXPIRED,True,,,,,,,,,,,,,,,,,,,,,,,,,,,,,,
GFHnc3qXMchXye1FHuqhve4qTVakV8AwHsegmJfppump,FP1-RESEARCH-PROBE-STRICT-0001,2,1787071471815474,1787071437000000,0,1,1,2,0,WAITING_FOR_IMPULSE,EXPIRED,ENTRY_WINDOW_EXPIRED,True,,,,,,,,,,,,,,,,,,,,,,,,,,,,,,
2ZJdKnQUuKBtVir6nJ8nim78Pk83niEPWjbmq1oBpump,FP1-RESEARCH-PROBE-STRICT-0001,2,1787071471815474,1787071437000000,0,1,1,2,0,WAITING_FOR_IMPULSE,EXPIRED,ENTRY_WINDOW_EXPIRED,True,,,,,,,,,,,,,,,,,,,,,,,,,,,,,,
5vHCBdd5XTbH9ko2JQMyMtq1WxwDW1iDUHBMP4XSpump,FP1-RESEARCH-PROBE-STRICT-0001,2,1787071471813476,1787071437000000,0,1,1,2,0,WAITING_FOR_IMPULSE,EXPIRED,ENTRY_WINDOW_EXPIRED,True,,,,,,,,,,,,,,,,,,,,,,,,,,,,,,
DL4LWQ51BdgbK46K4voDhFxZ4eXrJ5T7ApWDnR9cpump,FP1-RESEARCH-PROBE-STRICT-0001,2,1787071471812480,1787071437000000,0,1,1,2,0,WAITING_FOR_IMPULSE,EXPIRED,ENTRY_WINDOW_EXPIRED,True,,,,,,,,,,,,,,,,,,,,,,,,,,,,,,
8zmsUTVT9axYkvAVmJV7R3psRXEfUB569KztXDuVpump,FP1-RESEARCH-PROBE-STRICT-0001,2,1787071471811475,1787071437000000,0,1,1,2,0,WAITING_FOR_IMPULSE,EXPIRED,ENTRY_WINDOW_EXPIRED,True,,,,,,,,,,,,,,,,,,,,,,,,,,,,,,
78d8wNsjVsSqFZz6N4Y3eLs9qb2kNFku4gaaAvDGpump,FP1-RESEARCH-PROBE-STRICT-0001,2,1787071471810475,1787071437000000,0,1,1,2,0,WAITING_FOR_IMPULSE,EXPIRED,ENTRY_WINDOW_EXPIRED,True,,,,,,,,,,,,,,,,,,,,,,,,,,,,,,
BBDBeTacV7yVotQbxBhD8XqRUDo5Wj6LiH4Uvquhpump,FP1-RESEARCH-PROBE-STRICT-0001,2,1787071471808476,1787071437000000,0,1,1,2,0,WAITING_FOR_IMPULSE,EXPIRED,ENTRY_WINDOW_EXPIRED,True,,,,,,,,,,,,,,,,,,,,,,,,,,,,,,
Ao2VTkk453E4vvei13zWLBbGXivaboEEPNNfJQmZpump,FP1-RESEARCH-PROBE-STRICT-0001,2,1787071471807475,1787071437000000,0,1,1,2,0,WAITING_FOR_IMPULSE,EXPIRED,ENTRY_WINDOW_EXPIRED,True,,,,,,,,,,,,,,,,,,,,,,,,,,,,,,
GDZgZchNFFhTaUteLt3PgDVb9XAiTg6hyxBEuSn4pump,FP1-RESEARCH-PROBE-STRICT-0001,2,1787071471805477,1787071437000000,0,1,1,2,0,WAITING_FOR_IMPULSE,EXPIRED,ENTRY_WINDOW_EXPIRED,True,,,,,,,,,,,,,,,,,,,,,,,,,,,,,,
3hjwopu5nYo7PoDzrN4oD37bNJtKEZseo2P2HVMjpump,FP1-RESEARCH-PROBE-STRICT-0001,2,1787071471803480,1787071437000000,0,1,1,2,0,WAITING_FOR_IMPULSE,EXPIRED,ENTRY_WINDOW_EXPIRED,True,,,,,,,,,,,,,,,,,,,,,,,,,,,,,,
BB16FxLnHbcUJvVCft2wvQSZua5krZsqraRKYecppump,FP1-RESEARCH-PROBE-STRICT-0001,2,1787071471802476,1787071437000000,0,1,1,2,0,WAITING_FOR_IMPULSE,EXPIRED,ENTRY_WINDOW_EXPIRED,True,,,,,,,,,,,,,,,,,,,,,,,,,,,,,,
6zrMfbiPEPRmnbzmAq4EspsZmzVKDkCdZTS6ScFQpump,FP1-RESEARCH-PROBE-STRICT-0001,2,1787071471802476,1787071437000000,0,1,1,2,0,WAITING_FOR_IMPULSE,EXPIRED,ENTRY_WINDOW_EXPIRED,True,,,,,,,,,,,,,,,,,,,,,,,,,,,,,,
DDnqEBoaEJTKqvXCCfxoD6iTLNwu4f2MWRjYmGB2pump,FP1-RESEARCH-PROBE-STRICT-0001,2,1787071471801475,1787071437000000,0,1,1,2,0,WAITING_FOR_IMPULSE,EXPIRED,ENTRY_WINDOW_EXPIRED,True,,,,,,,,,,,,,,,,,,,,,,,,,,,,,,
Bx7RNf1xJm4v4SpXuaKA6h61FMYBfUwsTp1oS7R4pump,FP1-RESEARCH-PROBE-STRICT-0001,2,1787071471800482,1787071437000000,0,1,1,2,0,WAITING_FOR_IMPULSE,EXPIRED,ENTRY_WINDOW_EXPIRED,True,,,,,,,,,,,,,,,,,,,,,,,,,,,,,,
Gnx2qmY6J7ZvBELPXchqX6duQzneEcRLYZDGUCzZpump,FP1-RESEARCH-PROBE-STRICT-0001,2,1787071471799475,1787071437000000,0,1,1,2,0,WAITING_FOR_IMPULSE,EXPIRED,ENTRY_WINDOW_EXPIRED,True,,,,,,,,,,,,,,,,,,,,,,,,,,,,,,
6CmhHYzL2grKmU1Ea5tCVNHPKW8gh3gtthuzTUbxpump,FP1-RESEARCH-PROBE-STRICT-0001,2,1787071471783475,1787071437000000,0,1,1,2,0,WAITING_FOR_IMPULSE,EXPIRED,ENTRY_WINDOW_EXPIRED,True,,,,,,,,,,,,,,,,,,,,,,,,,,,,,,
3nZMXHrRBXRwiQYKjkzZxCMy7fEtTTXNS77H2b3Tpump,FP1-RESEARCH-PROBE-STRICT-0001,2,1787071469813387,1787071437000000,0,1,1,2,0,WAITING_FOR_IMPULSE,EXPIRED,ENTRY_WINDOW_EXPIRED,True,,,,,,,,,,,,,,,,,,,,,,,,,,,,,,
Bu1NyoLKCUu7RGiRrPD8PGQLTdo6UucUx1UZ6B4apump,FP1-RESEARCH-PROBE-STRICT-0001,2,1787071469813387,1787071437000000,0,1,1,2,0,WAITING_FOR_IMPULSE,EXPIRED,ENTRY_WINDOW_EXPIRED,True,,,,,,,,,,,,,,,,,,,,,,,,,,,,,,
8frk6YfiZK7TzNGFr672ZqNHpiyUbY6VaKJJ1ZRypump,FP1-RESEARCH-PROBE-STRICT-0001,2,1787071469812386,1787071437000000,0,1,1,2,0,WAITING_FOR_IMPULSE,EXPIRED,ENTRY_WINDOW_EXPIRED,True,,,,,,,,,,,,,,,,,,,,,,,,,,,,,,
9LnTX3xyKsFL9eqrPUnab2Bazpp1gxizEpvwcFewpump,FP1-RESEARCH-PROBE-STRICT-0001,2,1787071469811389,1787071437000000,0,1,1,2,0,WAITING_FOR_IMPULSE,EXPIRED,ENTRY_WINDOW_EXPIRED,True,,,,,,,,,,,,,,,,,,,,,,,,,,,,,,
HCjYLf3pWrwCb4i4y9nwgK4xem3AFEGj4aYE4HmApump,FP1-RESEARCH-PROBE-STRICT-0001,2,1787071469810386,1787071437000000,0,1,1,2,0,WAITING_FOR_IMPULSE,EXPIRED,ENTRY_WINDOW_EXPIRED,True,,,,,,,,,,,,,,,,,,,,,,,,,,,,,,
78fMNvqJ9pnpceYqrE6Cf7qyWefpcXjmtTcpW4iwpump,FP1-RESEARCH-PROBE-STRICT-0001,2,1787071469803386,1787071437000000,0,1,1,2,0,WAITING_FOR_IMPULSE,EXPIRED,ENTRY_WINDOW_EXPIRED,True,,,,,,,,,,,,,,,,,,,,,,,,,,,,,,
FjxKj672inUk8ZkBxhxUVMgWQvs3grHCqNk5gWhRpump,FP1-RESEARCH-PROBE-STRICT-0001,2,1787071469802388,1787071437000000,0,1,1,2,0,WAITING_FOR_IMPULSE,EXPIRED,ENTRY_WINDOW_EXPIRED,True,,,,,,,,,,,,,,,,,,,,,,,,,,,,,,
9QQeuAcr6Aw3wkBtpSpgPDRd6LvVcuCqqXWR3UGfpump,FP1-RESEARCH-PROBE-STRICT-0001,2,1787071469800387,1787071437000000,0,1,1,2,0,WAITING_FOR_IMPULSE,EXPIRED,ENTRY_WINDOW_EXPIRED,True,,,,,,,,,,,,,,,,,,,,,,,,,,,,,,
E5jGnQhacL5pK2N2sXU7mpUCm6Aa3mqi5X6bWaS1pump,FP1-RESEARCH-PROBE-STRICT-0001,2,1787071469799386,1787071437000000,0,1,1,2,0,WAITING_FOR_IMPULSE,EXPIRED,ENTRY_WINDOW_EXPIRED,True,,,,,,,,,,,,,,,,,,,,,,,,,,,,,,
HpNUbhYNJVJtqrXhiSFnFniC6jNpp4z1oyEcCDwjpump,FP1-RESEARCH-PROBE-STRICT-0001,2,1787071469796387,1787071437000000,0,1,1,2,0,WAITING_FOR_IMPULSE,EXPIRED,ENTRY_WINDOW_EXPIRED,True,,,,,,,,,,,,,,,,,,,,,,,,,,,,,,
5RKVXkLNnx3ZtiRToYhqQk9DeTX5LSotJb8J29g9pump,FP1-RESEARCH-PROBE-STRICT-0001,2,1787071469794387,1787071437000000,0,1,1,2,0,WAITING_FOR_IMPULSE,EXPIRED,ENTRY_WINDOW_EXPIRED,True,,,,,,,,,,,,,,,,,,,,,,,,,,,,,,
6xh7h93XbE3qYa5xhSpBjMBpBJHj98Eb9dnePsTpump,FP1-RESEARCH-PROBE-STRICT-0001,2,1787071469793389,1787071437000000,0,1,1,2,0,WAITING_FOR_IMPULSE,EXPIRED,ENTRY_WINDOW_EXPIRED,True,,,,,,,,,,,,,,,,,,,,,,,,,,,,,,
DmTCZjpe6fgWWUpT57VX7XiLXcDXLwYAjFdZisSppump,FP1-RESEARCH-PROBE-STRICT-0001,2,1787071469792394,1787071437000000,0,1,1,2,0,WAITING_FOR_IMPULSE,EXPIRED,ENTRY_WINDOW_EXPIRED,True,,,,,,,,,,,,,,,,,,,,,,,,,,,,,,
GHp5tD78psQ5MvPV3vUkh1zsaHv8WcS1eRfqxHYopump,FP1-RESEARCH-PROBE-STRICT-0001,2,1787071469791392,1787071437000000,0,1,1,2,0,WAITING_FOR_IMPULSE,EXPIRED,ENTRY_WINDOW_EXPIRED,True,,,,,,,,,,,,,,,,,,,,,,,,,,,,,,
GGJvdihsGQ4Sr983L9RyriBcw1eCYbWeTyFhhk4gpump,FP1-RESEARCH-PROBE-STRICT-0001,2,1787071469789392,1787071437000000,0,1,1,2,0,WAITING_FOR_IMPULSE,EXPIRED,ENTRY_WINDOW_EXPIRED,True,,,,,,,,,,,,,,,,,,,,,,,,,,,,,,
A1c7iVuiTbPdtRX3Jk64pJTwdHbnarvjRmfX7xBRpump,FP1-RESEARCH-PROBE-STRICT-0001,2,1787071469788388,1787071437000000,0,1,1,2,0,WAITING_FOR_IMPULSE,EXPIRED,ENTRY_WINDOW_EXPIRED,True,,,,,,,,,,,,,,,,,,,,,,,,,,,,,,
8iQoNcNdr9gRzhXriVgxgfbgu8G8vSJABzbN4iYNpump,FP1-RESEARCH-PROBE-STRICT-0001,2,1787071469787391,1787071437000000,0,1,1,2,0,WAITING_FOR_IMPULSE,EXPIRED,ENTRY_WINDOW_EXPIRED,True,,,,,,,,,,,,,,,,,,,,,,,,,,,,,,
GrXoSkwF5RRncT3fgTChVr1xxKmcKoQc28GArYoUpump,FP1-RESEARCH-PROBE-STRICT-0001,2,1787071469786391,1787071437000000,0,1,1,2,0,WAITING_FOR_IMPULSE,EXPIRED,ENTRY_WINDOW_EXPIRED,True,,,,,,,,,,,,,,,,,,,,,,,,,,,,,,
GPrHt4RcLreTiZKG6tAKu9xLmLhiCgNwvDSBV8B4pump,FP1-RESEARCH-PROBE-STRICT-0001,2,1787071469784388,1787071437000000,0,1,1,2,0,WAITING_FOR_IMPULSE,EXPIRED,ENTRY_WINDOW_EXPIRED,True,,,,,,,,,,,,,,,,,,,,,,,,,,,,,,
39Ja8BcJ8ECRwYvLQ9UStGYRfu4KidwK46asWUJrpump,FP1-RESEARCH-PROBE-STRICT-0001,2,1787071469782387,1787071437000000,0,1,1,2,0,WAITING_FOR_IMPULSE,EXPIRED,ENTRY_WINDOW_EXPIRED,True,,,,,,,,,,,,,,,,,,,,,,,,,,,,,,
FrPqGhJnSsFxg7M2QWqBuCNFmY6EL9DmsqtG41xRpump,FP1-RESEARCH-PROBE-STRICT-0001,2,1787071469781391,1787071437000000,0,1,1,2,0,WAITING_FOR_IMPULSE,EXPIRED,ENTRY_WINDOW_EXPIRED,True,,,,,,,,,,,,,,,,,,,,,,,,,,,,,,
3X68mvYKML6DesvyDdtUWLFqSzKh7P9F5FLEH16npump,FP1-RESEARCH-PROBE-STRICT-0001,2,1787071469780387,1787071437000000,0,1,1,2,0,WAITING_FOR_IMPULSE,EXPIRED,ENTRY_WINDOW_EXPIRED,True,,,,,,,,,,,,,,,,,,,,,,,,,,,,,,
941zwwASB1h7cqkGCZGYW2F7YQ1s2Gh3rszjKrtPpump,FP1-RESEARCH-PROBE-STRICT-0001,1,1787071469779387,1787071437000000,0,1,1,2,0,WAITING_FOR_IMPULSE,EXPIRED,ENTRY_WINDOW_EXPIRED,True,,,,,,,,,,,,,,,,,,,,,,,,,,,,,,
EdQjec1qKkTPZynbJeVih5RrYaGHyA3kt9FxHpjhpump,FP1-RESEARCH-PROBE-STRICT-0001,1,1787071469775387,1787071437000000,0,1,1,2,0,WAITING_FOR_IMPULSE,EXPIRED,ENTRY_WINDOW_EXPIRED,True,,,,,,,,,,,,,,,,,,,,,,,,,,,,,,
3fkkuwz2HGpnfmRkadpB31nxyV51YXRahYa7MnrApump,FP1-RESEARCH-PROBE-STRICT-0001,1,1787071469774386,1787071437000000,0,1,1,2,0,WAITING_FOR_IMPULSE,EXPIRED,ENTRY_WINDOW_EXPIRED,True,,,,,,,,,,,,,,,,,,,,,,,,,,,,,,
13QJLENJbotaW1oS5WoVrMSC7r3AZiJkMWixQLKhpump,FP1-RESEARCH-PROBE-STRICT-0001,1,1787071467124500,1787071437000000,0,1,1,2,0,WAITING_FOR_IMPULSE,EXPIRED,ENTRY_WINDOW_EXPIRED,True,,,,,,,,,,,,,,,,,,,,,,,,,,,,,,
4Zuwt38qbCSHwhnQoJmLj6RLLmxVYMwQjfD8Fv7Mpump,FP1-RESEARCH-PROBE-STRICT-0001,1,1787071467120500,1787071437000000,0,1,1,2,0,WAITING_FOR_IMPULSE,EXPIRED,ENTRY_WINDOW_EXPIRED,True,,,,,,,,,,,,,,,,,,,,,,,,,,,,,,
CrLGZLEK8oKK3RkezD8NFzdeGN5YT24sSvxmJ4dYpump,FP1-RESEARCH-PROBE-STRICT-0001,1,1787071467119501,1787071437000000,0,1,1,2,0,WAITING_FOR_IMPULSE,EXPIRED,ENTRY_WINDOW_EXPIRED,True,,,,,,,,,,,,,,,,,,,,,,,,,,,,,,
8MJJGM7VEdNUZTKxT2xdSf5uMKRxYLLg26bhDTKEpump,FP1-RESEARCH-PROBE-STRICT-0001,1,1787071467118501,1787071437000000,0,1,1,2,0,WAITING_FOR_IMPULSE,EXPIRED,ENTRY_WINDOW_EXPIRED,True,,,,,,,,,,,,,,,,,,,,,,,,,,,,,,
3J6jq1k1BcJT3BgsVpCh836umbeakxnACToywpC1pump,FP1-RESEARCH-PROBE-STRICT-0001,1,1787071467117502,1787071437000000,0,1,1,2,0,WAITING_FOR_IMPULSE,EXPIRED,ENTRY_WINDOW_EXPIRED,True,,,,,,,,,,,,,,,,,,,,,,,,,,,,,,
UBQjCDDtpWL5nY46aR911XQ2fRwRwCgUfw8nBncpump,FP1-RESEARCH-PROBE-STRICT-0001,1,1787071467116501,1787071437000000,0,1,1,2,0,WAITING_FOR_IMPULSE,EXPIRED,ENTRY_WINDOW_EXPIRED,True,,,,,,,,,,,,,,,,,,,,,,,,,,,,,,
4bEy3XWdyzrER1R4aiCxeD3SRx1EoH1Gwru9wa99pump,FP1-RESEARCH-PROBE-STRICT-0001,1,1787071467115500,1787071437000000,0,1,1,2,0,WAITING_FOR_IMPULSE,EXPIRED,ENTRY_WINDOW_EXPIRED,True,,,,,,,,,,,,,,,,,,,,,,,,,,,,,,
6idpSqP5DhC2sRTSJHMhCEuPHSt1ysm4JNtLBoiTpump,FP1-RESEARCH-PROBE-STRICT-0001,1,1787071467111500,1787071437000000,0,1,1,2,0,WAITING_FOR_IMPULSE,EXPIRED,ENTRY_WINDOW_EXPIRED,True,,,,,,,,,,,,,,,,,,,,,,,,,,,,,,
5JavAQr2RviPSDTB7TZLv7UEVNYbErQZ1WSGBZLHpump,FP1-RESEARCH-PROBE-STRICT-0001,1,1787071467110500,1787071437000000,0,1,1,2,0,WAITING_FOR_IMPULSE,EXPIRED,ENTRY_WINDOW_EXPIRED,True,,,,,,,,,,,,,,,,,,,,,,,,,,,,,,
8ogYzkMTJtt9SH27zDnY8Zyonzyof31E3zkwbjBCpump,FP1-RESEARCH-PROBE-STRICT-0001,1,1787071467109501,1787071437000000,0,1,1,2,0,WAITING_FOR_IMPULSE,EXPIRED,ENTRY_WINDOW_EXPIRED,True,,,,,,,,,,,,,,,,,,,,,,,,,,,,,,
61nvwwogi1jpXfC6syggKfsGQ5BCkpoabdLjPRiqpump,FP1-RESEARCH-PROBE-STRICT-0001,1,1787071467108501,1787071437000000,0,1,1,2,0,WAITING_FOR_IMPULSE,EXPIRED,ENTRY_WINDOW_EXPIRED,True,,,,,,,,,,,,,,,,,,,,,,,,,,,,,,
Dn58MtkkMTTdpgM3CY5U9sroKKRzWhKeqHg1upDHpump,FP1-RESEARCH-PROBE-STRICT-0001,1,1787071467107500,1787071437000000,0,1,1,2,0,WAITING_FOR_IMPULSE,EXPIRED,ENTRY_WINDOW_EXPIRED,True,,,,,,,,,,,,,,,,,,,,,,,,,,,,,,
5EUirFFgLMyfy4MRnsR8D9EmMuCtS7U9UzjnW7vDpump,FP1-RESEARCH-PROBE-STRICT-0001,1,1787071467100505,1787071437000000,0,1,1,2,0,WAITING_FOR_IMPULSE,EXPIRED,ENTRY_WINDOW_EXPIRED,True,,,,,,,,,,,,,,,,,,,,,,,,,,,,,,
4q6UcPTFYKUZVtQ17xRQddQcXpQENkXeZYG5ULRgpump,FP1-RESEARCH-PROBE-STRICT-0001,1,1787071467099500,1787071437000000,0,1,1,2,0,WAITING_FOR_IMPULSE,EXPIRED,ENTRY_WINDOW_EXPIRED,True,,,,,,,,,,,,,,,,,,,,,,,,,,,,,,
34W3pzUDJ4AKgBiHQy56jYdubiLPQHZhUtSNYgMRpump,FP1-RESEARCH-PROBE-STRICT-0001,1,1787071467098501,1787071437000000,0,1,1,2,0,WAITING_FOR_IMPULSE,EXPIRED,ENTRY_WINDOW_EXPIRED,True,,,,,,,,,,,,,,,,,,,,,,,,,,,,,,
2965ex9UjjD6piAZaecyGo3HitPBzWPZjLRPbBwhpump,FP1-RESEARCH-PROBE-STRICT-0001,1,1787071467097499,1787071437000000,0,1,1,2,0,WAITING_FOR_IMPULSE,EXPIRED,ENTRY_WINDOW_EXPIRED,True,,,,,,,,,,,,,,,,,,,,,,,,,,,,,,
2mgkxvysYgEy1T85ucigrTeHjqiCARNkQ8LHBs4ipump,FP1-RESEARCH-PROBE-STRICT-0001,1,1787071467094500,1787071437000000,0,1,1,2,0,WAITING_FOR_IMPULSE,EXPIRED,ENTRY_WINDOW_EXPIRED,True,,,,,,,,,,,,,,,,,,,,,,,,,,,,,,
7iFpJEngKnUDiXgz97cKi23qo6bBhKPLG38Mw3VDpump,FP1-RESEARCH-PROBE-STRICT-0001,1,1787071467093502,1787071437000000,0,1,1,2,0,WAITING_FOR_IMPULSE,EXPIRED,ENTRY_WINDOW_EXPIRED,True,,,,,,,,,,,,,,,,,,,,,,,,,,,,,,
99FB8hy9LvYZu5mGZMgKTBRSbYixUT83GtFq7FEppump,FP1-RESEARCH-PROBE-STRICT-0001,1,1787071467092500,1787071437000000,0,1,1,2,0,WAITING_FOR_IMPULSE,EXPIRED,ENTRY_WINDOW_EXPIRED,True,,,,,,,,,,,,,,,,,,,,,,,,,,,,,,
66mTPRe5h3iHAa4yB8Sck3tQKr5osgAwpsBXWQb6pump,FP1-RESEARCH-PROBE-STRICT-0001,1,1787071467091500,1787071437000000,0,1,1,2,0,WAITING_FOR_IMPULSE,EXPIRED,ENTRY_WINDOW_EXPIRED,True,,,,,,,,,,,,,,,,,,,,,,,,,,,,,,
DvA624znESSr1Yiuc7i5wLPQBZ6fE86WBYioHorApump,FP1-RESEARCH-PROBE-STRICT-0001,1,1787071464470989,1787071437000000,0,1,1,2,0,WAITING_FOR_IMPULSE,EXPIRED,ENTRY_WINDOW_EXPIRED,True,,,,,,,,,,,,,,,,,,,,,,,,,,,,,,
PoU15NBsNm5diB4XHPt6EyKibdJmekaXbN9KaVhpump,FP1-RESEARCH-PROBE-STRICT-0001,1,1787071464414989,1787071437000000,0,12,12,4,0,WAITING_FOR_PULLBACK,EXPIRED,ENTRY_WINDOW_EXPIRED,True,5,3441,7,7,7,5925925917,36,6343,,,,,,,,,,,,,,,,,,,,,,
3qsuQgH85Y9V66vbd3zZQ5oWYqHqvLg2m9QM2u4npump,FP1-RESEARCH-PROBE-STRICT-0001,1,1787071461993410,1787071437000000,0,4,4,2,0,WAITING_FOR_IMPULSE,EXPIRED,ENTRY_WINDOW_EXPIRED,True,,,,,,,,,,,,,,,,,,,,,,,,,,,,,,
9J2qTuBwDhDX5Q1zKxRyEgzeazTeHU4HPMwUjfFDpump,FP1-RESEARCH-PROBE-STRICT-0001,1,1787071461974410,1787071437000000,0,1,1,2,0,WAITING_FOR_IMPULSE,EXPIRED,ENTRY_WINDOW_EXPIRED,True,,,,,,,,,,,,,,,,,,,,,,,,,,,,,,
CtDZ8NYzCXPsT6YvnsVtfrYtyuVBNdWc7BTLZv8Kpump,FP1-RESEARCH-PROBE-STRICT-0001,1,1787071461970410,1787071437000000,0,1,1,2,0,WAITING_FOR_IMPULSE,EXPIRED,ENTRY_WINDOW_EXPIRED,True,,,,,,,,,,,,,,,,,,,,,,,,,,,,,,
D1s83xGN2PukTpJTB9UbJeEtzEKET3Z4NpCy48gipump,FP1-RESEARCH-PROBE-STRICT-0001,1,1787071461969409,1787071437000000,0,1,1,2,0,WAITING_FOR_IMPULSE,EXPIRED,ENTRY_WINDOW_EXPIRED,True,,,,,,,,,,,,,,,,,,,,,,,,,,,,,,
5fXzt5sy4zuqK7qTUyPPyPVtdfWQUSE8Jfsi3y3opump,FP1-RESEARCH-PROBE-STRICT-0001,1,1787071461967409,1787071437000000,0,1,1,2,0,WAITING_FOR_IMPULSE,EXPIRED,ENTRY_WINDOW_EXPIRED,True,,,,,,,,,,,,,,,,,,,,,,,,,,,,,,
8QiMxSyBCBqiLK6HrzuVDY5SWqkaXA5gaWYVFbwspump,FP1-RESEARCH-PROBE-STRICT-0001,1,1787071461963410,1787071437000000,0,1,1,2,0,WAITING_FOR_IMPULSE,EXPIRED,ENTRY_WINDOW_EXPIRED,True,,,,,,,,,,,,,,,,,,,,,,,,,,,,,,
2JcYgBQpD4T6KwNrywwzUpBka6pBeEEJsXPcYys7pump,FP1-RESEARCH-PROBE-STRICT-0001,1,1787071461957410,1787071437000000,0,1,1,2,0,WAITING_FOR_IMPULSE,EXPIRED,ENTRY_WINDOW_EXPIRED,True,,,,,,,,,,,,,,,,,,,,,,,,,,,,,,
Ew86xQ8tjmRnfYkDomJoTeWk36wasX42yhJmvdxHpump,FP1-RESEARCH-PROBE-STRICT-0001,1,1787071461956412,1787071437000000,0,1,1,2,0,WAITING_FOR_IMPULSE,EXPIRED,ENTRY_WINDOW_EXPIRED,True,,,,,,,,,,,,,,,,,,,,,,,,,,,,,,
3q29JTZEkShYJ3GpjUgUvTY6kSwP1w2o8oGRAPNppump,FP1-RESEARCH-PROBE-STRICT-0001,1,1787071461953410,1787071437000000,0,1,1,2,0,WAITING_FOR_IMPULSE,EXPIRED,ENTRY_WINDOW_EXPIRED,True,,,,,,,,,,,,,,,,,,,,,,,,,,,,,,
GXaoeYjEUUqvZUJCmfExdRzP3EUCFD2ieMXSQzmhpump,FP1-RESEARCH-PROBE-STRICT-0001,1,1787071461951409,1787071437000000,0,1,1,2,0,WAITING_FOR_IMPULSE,EXPIRED,ENTRY_WINDOW_EXPIRED,True,,,,,,,,,,,,,,,,,,,,,,,,,,,,,,
De223q3f5QZrYBAXZWwevNpDoU9Pqahc8LpAUyTzpump,FP1-RESEARCH-PROBE-STRICT-0001,1,1787071461949411,1787071437000000,0,1,1,2,0,WAITING_FOR_IMPULSE,EXPIRED,ENTRY_WINDOW_EXPIRED,True,,,,,,,,,,,,,,,,,,,,,,,,,,,,,,
BDavrN9S8cZC9Dh1S1vmFyt6EiWWXg36dnJGEBeZpump,FP1-RESEARCH-PROBE-STRICT-0001,1,1787071461939412,1787071437000000,0,1,1,2,0,WAITING_FOR_IMPULSE,EXPIRED,ENTRY_WINDOW_EXPIRED,True,,,,,,,,,,,,,,,,,,,,,,,,,,,,,,
JQAgU5WKpK9Z16v6XWps9BUJGprEQMnHPmUKXGmpump,FP1-RESEARCH-PROBE-STRICT-0001,1,1787071461935410,1787071437000000,0,1,1,2,0,WAITING_FOR_IMPULSE,EXPIRED,ENTRY_WINDOW_EXPIRED,True,,,,,,,,,,,,,,,,,,,,,,,,,,,,,,
9P9kfu5wYaMAQ76SX7FmhZP6K3NGZrRNJmFoAizypump,FP1-RESEARCH-PROBE-STRICT-0001,1,1787071461934410,1787071437000000,0,1,1,2,0,WAITING_FOR_IMPULSE,EXPIRED,ENTRY_WINDOW_EXPIRED,True,,,,,,,,,,,,,,,,,,,,,,,,,,,,,,
GWLxmQpU3xGpXtAuBDCcmdePQMuunPWQhvFBfkYVpump,FP1-RESEARCH-PROBE-STRICT-0001,1,1787071459194634,1787071437000000,0,1,1,2,0,WAITING_FOR_IMPULSE,EXPIRED,ENTRY_WINDOW_EXPIRED,True,,,,,,,,,,,,,,,,,,,,,,,,,,,,,,
DgGDKSA2bn3fV5D6jrQrKvDmB7aYUymQgSosPw2cpump,FP1-RESEARCH-PROBE-STRICT-0001,1,1787071459192634,1787071437000000,0,1,1,2,0,WAITING_FOR_IMPULSE,EXPIRED,ENTRY_WINDOW_EXPIRED,True,,,,,,,,,,,,,,,,,,,,,,,,,,,,,,
2WABzMSjRid2KbiGFZULAGcWDKp4XtbsFvFmKCEvpump,FP1-RESEARCH-PROBE-STRICT-0001,1,1787071459191634,1787071437000000,0,1,1,2,0,WAITING_FOR_IMPULSE,EXPIRED,ENTRY_WINDOW_EXPIRED,True,,,,,,,,,,,,,,,,,,,,,,,,,,,,,,
G8Lhs993hT1xMWh9cu7DXj7TYCaXpoQ5QGeveZsRpump,FP1-RESEARCH-PROBE-STRICT-0001,1,1787071459190635,1787071437000000,0,1,1,2,0,WAITING_FOR_IMPULSE,EXPIRED,ENTRY_WINDOW_EXPIRED,True,,,,,,,,,,,,,,,,,,,,,,,,,,,,,,
j9AUkZSrkC22tAgaTp3ar31h8vX1REK8rQEyWAWpump,FP1-RESEARCH-PROBE-STRICT-0001,1,1787071459188635,1787071437000000,0,1,1,2,0,WAITING_FOR_IMPULSE,EXPIRED,ENTRY_WINDOW_EXPIRED,True,,,,,,,,,,,,,,,,,,,,,,,,,,,,,,
N1dU4szdVnpppREm6DygCsxKizBtBkiqzLniHc3pump,FP1-RESEARCH-PROBE-STRICT-0001,1,1787071459186635,1787071437000000,0,1,1,2,0,WAITING_FOR_IMPULSE,EXPIRED,ENTRY_WINDOW_EXPIRED,True,,,,,,,,,,,,,,,,,,,,,,,,,,,,,,
HuoQJ3cYYVf6H4bnaVEDqb2wkCKGKgXAJMbNHMgjpump,FP1-RESEARCH-PROBE-STRICT-0001,1,1787071459182637,1787071437000000,0,1,1,2,0,WAITING_FOR_IMPULSE,EXPIRED,ENTRY_WINDOW_EXPIRED,True,,,,,,,,,,,,,,,,,,,,,,,,,,,,,,
Hdo7yj7uCfekRpGdvCumSVvdRQ8GhV3uDk4y36Zwpump,FP1-RESEARCH-PROBE-STRICT-0001,1,1787071459180634,1787071437000000,0,1,1,2,0,WAITING_FOR_IMPULSE,EXPIRED,ENTRY_WINDOW_EXPIRED,True,,,,,,,,,,,,,,,,,,,,,,,,,,,,,,
4r64uYwedD7TpXFyJjSDNTZP4tNiRYxDu8Dgucdxpump,FP1-RESEARCH-PROBE-STRICT-0001,1,1787071459179634,1787071437000000,0,1,1,2,0,WAITING_FOR_IMPULSE,EXPIRED,ENTRY_WINDOW_EXPIRED,True,,,,,,,,,,,,,,,,,,,,,,,,,,,,,,
FCBkyw3FrNngBmZZQ37a7wD47d4nmCqxZeM9J36rpump,FP1-RESEARCH-PROBE-STRICT-0001,1,1787071459177634,1787071437000000,0,1,1,2,0,WAITING_FOR_IMPULSE,EXPIRED,ENTRY_WINDOW_EXPIRED,True,,,,,,,,,,,,,,,,,,,,,,,,,,,,,,
BV4JQqSoShyrsGphhjg9vcXV8Gs4ngy694K9Zoz5pump,FP1-RESEARCH-PROBE-STRICT-0001,1,1787071459175634,1787071437000000,0,1,1,2,0,WAITING_FOR_IMPULSE,EXPIRED,ENTRY_WINDOW_EXPIRED,True,,,,,,,,,,,,,,,,,,,,,,,,,,,,,,
JCpq8ErukEjHQHdPgGCvjd71xgqoAF4UshXZpHsHpump,FP1-RESEARCH-PROBE-STRICT-0001,1,1787071459171634,1787071437000000,0,1,1,2,0,WAITING_FOR_IMPULSE,EXPIRED,ENTRY_WINDOW_EXPIRED,True,,,,,,,,,,,,,,,,,,,,,,,,,,,,,,
ni8gRCZj3G2miTtm3gnntwtjJJVb5kq35bTbYNNpump,FP1-RESEARCH-PROBE-STRICT-0001,1,1787071459168639,1787071437000000,0,1,1,2,0,WAITING_FOR_IMPULSE,EXPIRED,ENTRY_WINDOW_EXPIRED,True,,,,,,,,,,,,,,,,,,,,,,,,,,,,,,
96gvtdtg1D6XrxLscW4mMtqQ8R2kdzCLbJrHSt3dpump,FP1-RESEARCH-PROBE-STRICT-0001,1,1787071459167635,1787071437000000,0,1,1,2,0,WAITING_FOR_IMPULSE,EXPIRED,ENTRY_WINDOW_EXPIRED,True,,,,,,,,,,,,,,,,,,,,,,,,,,,,,,
Cw2wNq6rFJY7o6HhmfTSfz6TfVMdEWwjfU3fYCQ9pump,FP1-RESEARCH-PROBE-STRICT-0001,1,1787071459165635,1787071437000000,0,1,1,2,0,WAITING_FOR_IMPULSE,EXPIRED,ENTRY_WINDOW_EXPIRED,True,,,,,,,,,,,,,,,,,,,,,,,,,,,,,,
toSChJ9RWXT5quB2X32woex149YwbmiK4xKpxtapump,FP1-RESEARCH-PROBE-STRICT-0001,1,1787071459163636,1787071437000000,0,1,1,2,0,WAITING_FOR_IMPULSE,EXPIRED,ENTRY_WINDOW_EXPIRED,True,,,,,,,,,,,,,,,,,,,,,,,,,,,,,,
LqY3F2XndNXZ8XCnPo952e1w85DiW9QxH9wUZUjpump,FP1-RESEARCH-PROBE-STRICT-0001,1,1787071459161636,1787071437000000,0,1,1,2,0,WAITING_FOR_IMPULSE,EXPIRED,ENTRY_WINDOW_EXPIRED,True,,,,,,,,,,,,,,,,,,,,,,,,,,,,,,
G7yTabGxZANTrsyEwgJDsrWHdVTDWCE8h1sRUbHqpump,FP1-RESEARCH-PROBE-STRICT-0001,1,1787071459160639,1787071437000000,0,1,1,2,0,WAITING_FOR_IMPULSE,EXPIRED,ENTRY_WINDOW_EXPIRED,True,,,,,,,,,,,,,,,,,,,,,,,,,,,,,,
7kwErtgE3RUHLyUaUbxSQ3EW3Y3FDukG1X4Xs8Uepump,FP1-RESEARCH-PROBE-STRICT-0001,1,1787071459159639,1787071437000000,0,1,1,2,0,WAITING_FOR_IMPULSE,EXPIRED,ENTRY_WINDOW_EXPIRED,True,,,,,,,,,,,,,,,,,,,,,,,,,,,,,,
DhPPyArxXUC9AdcGa9t92XebEhvRs82wckrChVapump,FP1-RESEARCH-PROBE-STRICT-0001,1,1787071459155634,1787071437000000,0,1,1,2,0,WAITING_FOR_IMPULSE,EXPIRED,ENTRY_WINDOW_EXPIRED,True,,,,,,,,,,,,,,,,,,,,,,,,,,,,,,
497hDzRx3HRUPp4HZcCz36mwnD5r6tFNdBNCveFYpump,FP1-RESEARCH-PROBE-STRICT-0001,1,1787071459153634,1787071437000000,0,1,1,2,0,WAITING_FOR_IMPULSE,EXPIRED,ENTRY_WINDOW_EXPIRED,True,,,,,,,,,,,,,,,,,,,,,,,,,,,,,,
CZ1p6F18BxTwmsEVPVLPRTgaMRsZjnwG3V6ug8LEpump,FP1-RESEARCH-PROBE-STRICT-0001,1,1787071459151636,1787071437000000,0,1,1,2,0,WAITING_FOR_IMPULSE,EXPIRED,ENTRY_WINDOW_EXPIRED,True,,,,,,,,,,,,,,,,,,,,,,,,,,,,,,
BSdJz3ZFx3HufJTRmY3U31sJfCGNGhWv9hg2tgjnpump,FP1-RESEARCH-PROBE-STRICT-0001,1,1787071459149635,1787071437000000,0,1,1,2,0,WAITING_FOR_IMPULSE,EXPIRED,ENTRY_WINDOW_EXPIRED,True,,,,,,,,,,,,,,,,,,,,,,,,,,,,,,
A8ecPyQis5Rn7VibuGTd2uMXVQeKGaCQCNESUx9fpump,FP1-RESEARCH-PROBE-STRICT-0001,1,1787071459145635,1787071437000000,0,1,1,2,0,WAITING_FOR_IMPULSE,EXPIRED,ENTRY_WINDOW_EXPIRED,True,,,,,,,,,,,,,,,,,,,,,,,,,,,,,,
GV2j61njsQ32vCnuUKqfvYXzKxoSRvZ2aajucRpVpump,FP1-RESEARCH-PROBE-STRICT-0001,1,1787071459144636,1787071437000000,0,1,1,2,0,WAITING_FOR_IMPULSE,EXPIRED,ENTRY_WINDOW_EXPIRED,True,,,,,,,,,,,,,,,,,,,,,,,,,,,,,,
WyRfswVmF1vfKiThZUtFEM6dxfi9ERT81ASJMoBpump,FP1-RESEARCH-PROBE-STRICT-0001,1,1787071459141634,1787071437000000,0,1,1,2,0,WAITING_FOR_IMPULSE,EXPIRED,ENTRY_WINDOW_EXPIRED,True,,,,,,,,,,,,,,,,,,,,,,,,,,,,,,
7kNiUgLewRoDkTraVX8tRwX5PrMiYaGCgu2rR9L4pump,FP1-RESEARCH-PROBE-STRICT-0001,1,1787071459140638,1787071437000000,0,1,1,2,0,WAITING_FOR_IMPULSE,EXPIRED,ENTRY_WINDOW_EXPIRED,True,,,,,,,,,,,,,,,,,,,,,,,,,,,,,,
3XKYn2CRE8y43zAn4MdmctyMwY3aDbFoacFCWxpvpump,FP1-RESEARCH-PROBE-STRICT-0001,1,1787071459138634,1787071437000000,0,1,1,2,0,WAITING_FOR_IMPULSE,EXPIRED,ENTRY_WINDOW_EXPIRED,True,,,,,,,,,,,,,,,,,,,,,,,,,,,,,,
Axt1wS9jQnSNPVhazug5oFCfcP2hnqeq8sZnSPE4pump,FP1-RESEARCH-PROBE-STRICT-0001,1,1787071459135635,1787071437000000,0,1,1,2,0,WAITING_FOR_IMPULSE,EXPIRED,ENTRY_WINDOW_EXPIRED,True,,,,,,,,,,,,,,,,,,,,,,,,,,,,,,
75ScaQj8YnnGhmzZiZ3jtHxack9X6cGRr5red8bhpump,FP1-RESEARCH-PROBE-STRICT-0001,1,1787071459134636,1787071437000000,0,1,1,2,0,WAITING_FOR_IMPULSE,EXPIRED,ENTRY_WINDOW_EXPIRED,True,,,,,,,,,,,,,,,,,,,,,,,,,,,,,,
8Xy1RAeEy7n7VnoTLrJ23st8EgUTP3XSudQTNtCNpump,FP1-RESEARCH-PROBE-STRICT-0001,1,1787071456350071,1787071437000000,0,1,1,2,0,WAITING_FOR_IMPULSE,EXPIRED,ENTRY_WINDOW_EXPIRED,True,,,,,,,,,,,,,,,,,,,,,,,,,,,,,,
BJVqCGNJh7yVnfhPK3tgXMkmxPMY8ZYhgm5T7yDwpump,FP1-RESEARCH-PROBE-STRICT-0001,1,1787071456349072,1787071437000000,0,1,1,2,0,WAITING_FOR_IMPULSE,EXPIRED,ENTRY_WINDOW_EXPIRED,True,,,,,,,,,,,,,,,,,,,,,,,,,,,,,,
3R6w2FeGnDYLqGUZTzvnn34CCe9F3ZhX1nQKy1Uppump,FP1-RESEARCH-PROBE-STRICT-0001,1,1787071456344074,1787071437000000,0,1,1,2,0,WAITING_FOR_IMPULSE,EXPIRED,ENTRY_WINDOW_EXPIRED,True,,,,,,,,,,,,,,,,,,,,,,,,,,,,,,
EVRWcPhsv6egPmYZuXK7z21PrD2W93kJzmnFeoBbpump,FP1-RESEARCH-PROBE-STRICT-0001,1,1787071456343072,1787071437000000,0,1,1,2,0,WAITING_FOR_IMPULSE,EXPIRED,ENTRY_WINDOW_EXPIRED,True,,,,,,,,,,,,,,,,,,,,,,,,,,,,,,
B8esAhxfboHgazcUUhaXTerfXKPdsTrGFQN82D2ipump,FP1-RESEARCH-PROBE-STRICT-0001,1,1787071456341076,1787071437000000,0,1,1,2,0,WAITING_FOR_IMPULSE,EXPIRED,ENTRY_WINDOW_EXPIRED,True,,,,,,,,,,,,,,,,,,,,,,,,,,,,,,
7R13TJMBVFhK7xW45HwP3kNvfazzWnsup5s6siFmpump,FP1-RESEARCH-PROBE-STRICT-0001,1,1787071456339075,1787071437000000,0,1,1,2,0,WAITING_FOR_IMPULSE,EXPIRED,ENTRY_WINDOW_EXPIRED,True,,,,,,,,,,,,,,,,,,,,,,,,,,,,,,
BRgmB1qDWHaWpbEP1BD5d6RfFTfwefbygDMNa9hrpump,FP1-RESEARCH-PROBE-STRICT-0001,1,1787071456338075,1787071437000000,0,1,1,2,0,WAITING_FOR_IMPULSE,EXPIRED,ENTRY_WINDOW_EXPIRED,True,,,,,,,,,,,,,,,,,,,,,,,,,,,,,,
9H1DwjtY4uQFEWfTFArdwynt8bGFJbbtpEuuuYMzpump,FP1-RESEARCH-PROBE-STRICT-0001,1,1787071456329071,1787071437000000,0,1,1,2,0,WAITING_FOR_IMPULSE,EXPIRED,ENTRY_WINDOW_EXPIRED,True,,,,,,,,,,,,,,,,,,,,,,,,,,,,,,
3JEKKUNsWA6sTAY8aNvs2Dbom47q7w62yH1w38Yvpump,FP1-RESEARCH-PROBE-STRICT-0001,1,1787071456328071,1787071437000000,0,1,1,2,0,WAITING_FOR_IMPULSE,EXPIRED,ENTRY_WINDOW_EXPIRED,True,,,,,,,,,,,,,,,,,,,,,,,,,,,,,,
B5dgnGxYVgYRqopqrVAfBKDJZ1pGesuk924Ri97Lpump,FP1-RESEARCH-PROBE-STRICT-0001,1,1787071456326071,1787071437000000,0,1,1,2,0,WAITING_FOR_IMPULSE,EXPIRED,ENTRY_WINDOW_EXPIRED,True,,,,,,,,,,,,,,,,,,,,,,,,,,,,,,
BEoDpK5fs8BQMJTRxuUQcK7teQxrbabnmUWPT5t6pump,FP1-RESEARCH-PROBE-STRICT-0001,1,1787071456325071,1787071437000000,0,1,1,2,0,WAITING_FOR_IMPULSE,EXPIRED,ENTRY_WINDOW_EXPIRED,True,,,,,,,,,,,,,,,,,,,,,,,,,,,,,,
711JSDEU3zDp9CCWPWvG4BR9uXz8TqSs2SddDd2Qpump,FP1-RESEARCH-PROBE-STRICT-0001,1,1787071456323071,1787071437000000,0,1,1,2,0,WAITING_FOR_IMPULSE,EXPIRED,ENTRY_WINDOW_EXPIRED,True,,,,,,,,,,,,,,,,,,,,,,,,,,,,,,
9aBG4wP2JSDEDjKg9mGhBaTGhcutNNSxcUincx7Hpump,FP1-RESEARCH-PROBE-STRICT-0001,1,1787071456321071,1787071437000000,0,1,1,2,0,WAITING_FOR_IMPULSE,EXPIRED,ENTRY_WINDOW_EXPIRED,True,,,,,,,,,,,,,,,,,,,,,,,,,,,,,,
5wTr4jR5KPnTAQoZFKxAs86stE8dgyH4LmZSSrzjpump,FP1-RESEARCH-PROBE-STRICT-0001,1,1787071456318070,1787071437000000,0,1,1,2,0,WAITING_FOR_IMPULSE,EXPIRED,ENTRY_WINDOW_EXPIRED,True,,,,,,,,,,,,,,,,,,,,,,,,,,,,,,
9tXPUBiTvMNibCTq22yUUrnQ3h7c5mYGMtQ4eigqpump,FP1-RESEARCH-PROBE-STRICT-0001,1,1787071456315071,1787071437000000,0,1,1,2,0,WAITING_FOR_IMPULSE,EXPIRED,ENTRY_WINDOW_EXPIRED,True,,,,,,,,,,,,,,,,,,,,,,,,,,,,,,
FTnS6HSz2vZmbBRwYx95STt8aYfqFotTN72ptorQpump,FP1-RESEARCH-PROBE-STRICT-0001,1,1787071456313070,1787071437000000,0,1,1,2,0,WAITING_FOR_IMPULSE,EXPIRED,ENTRY_WINDOW_EXPIRED,True,,,,,,,,,,,,,,,,,,,,,,,,,,,,,,
En4P3H2sdG2g9paka5vA7yKSQrM5kjLWFD2wdYaApump,FP1-RESEARCH-PROBE-STRICT-0001,1,1787071456312070,1787071437000000,0,1,1,2,0,WAITING_FOR_IMPULSE,EXPIRED,ENTRY_WINDOW_EXPIRED,True,,,,,,,,,,,,,,,,,,,,,,,,,,,,,,
6NNkC7M4hd5owD1bESdv3GsTfAop6MWuUvnxNEBrpump,FP1-RESEARCH-PROBE-STRICT-0001,1,1787071456311071,1787071437000000,0,1,1,2,0,WAITING_FOR_IMPULSE,EXPIRED,ENTRY_WINDOW_EXPIRED,True,,,,,,,,,,,,,,,,,,,,,,,,,,,,,,
HCqNGZiuLo9B9CLbXPkpcSWfT4PPq6BSgqjjNGpBpump,FP1-RESEARCH-PROBE-STRICT-0001,1,1787071456307073,1787071437000000,0,1,1,2,0,WAITING_FOR_IMPULSE,EXPIRED,ENTRY_WINDOW_EXPIRED,True,,,,,,,,,,,,,,,,,,,,,,,,,,,,,,
EViLj8fojAQmzmismEzs4n9FKgYRtiowmmB17Jrxpump,FP1-RESEARCH-PROBE-STRICT-0001,1,1787071456306075,1787071437000000,0,1,1,2,0,WAITING_FOR_IMPULSE,EXPIRED,ENTRY_WINDOW_EXPIRED,True,,,,,,,,,,,,,,,,,,,,,,,,,,,,,,
3taQuaot3GSgcc9K3k31pdFpo569TDeZGnpPc9W8pump,FP1-RESEARCH-PROBE-STRICT-0001,1,1787071456302075,1787071437000000,0,1,1,2,0,WAITING_FOR_IMPULSE,EXPIRED,ENTRY_WINDOW_EXPIRED,True,,,,,,,,,,,,,,,,,,,,,,,,,,,,,,
2FYVhwF6f7tUDkTQMDMKuntqAR1dxQX6x9Hjj2eHpump,FP1-RESEARCH-PROBE-STRICT-0001,1,1787071453626803,1787071437000000,0,1,1,2,0,WAITING_FOR_IMPULSE,EXPIRED,ENTRY_WINDOW_EXPIRED,True,,,,,,,,,,,,,,,,,,,,,,,,,,,,,,
61DRyD8TR58CfbAqHQbw2ZvR1ofq8XTMmXdSaf11pump,FP1-RESEARCH-PROBE-STRICT-0001,1,1787071451218226,1787071437000000,0,1,1,2,0,WAITING_FOR_IMPULSE,EXPIRED,ENTRY_WINDOW_EXPIRED,True,,,,,,,,,,,,,,,,,,,,,,,,,,,,,,
5J18umGMYqD2kURZZEQjSGZVo3ZgoDTfvz8Jy2Gfpump,FP1-RESEARCH-PROBE-STRICT-0001,1,1787071451214226,1787071437000000,0,1,1,2,0,WAITING_FOR_IMPULSE,EXPIRED,ENTRY_WINDOW_EXPIRED,True,,,,,,,,,,,,,,,,,,,,,,,,,,,,,,
B6KnRgsr2MdtF7DdQtb6QxL1Zo3wdPfNVoscn6aipump,FP1-RESEARCH-PROBE-STRICT-0001,1,1787071451213226,1787071437000000,0,1,1,2,0,WAITING_FOR_IMPULSE,EXPIRED,ENTRY_WINDOW_EXPIRED,True,,,,,,,,,,,,,,,,,,,,,,,,,,,,,,
HrVZRsnfd2kxgjn9QfJ2yadtui4kpF55QHVbDrU1pump,FP1-RESEARCH-PROBE-STRICT-0001,1,1787071445758466,1787071436000000,0,14,14,4,0,WAITING_FOR_PULLBACK,EXPIRED,ENTRY_WINDOW_EXPIRED,True,2691,3105,4,4,4,7777777777,2700,4640,,,,,,,,,,,,,,,,,,,,,,
3JJ7WJrNCJ4mRKPhRabMeNFkpDEvwCgXBekWtfGfpump,FP1-RESEARCH-PROBE-STRICT-0001,1,1787071442975706,1787071436000000,0,2,2,2,0,WAITING_FOR_IMPULSE,EXPIRED,ENTRY_WINDOW_EXPIRED,True,,,,,,,,,,,,,,,,,,,,,,,,,,,,,,
B4jSGfWcA31GD6fMaGJ9XKU7UhhMwR3RbcXGh1Jppump,FP1-RESEARCH-PROBE-STRICT-0001,1,1787071442949706,1787071436000000,0,4,4,2,0,WAITING_FOR_IMPULSE,EXPIRED,ENTRY_WINDOW_EXPIRED,True,,,,,,,,,,,,,,,,,,,,,,,,,,,,,,
2cjqf45A6MXLs2nV567W891VX4FRrj5iKsmeKmoFpump,FP1-RESEARCH-PROBE-STRICT-0001,1,1787071437583522,1787071435000000,0,4,4,2,0,WAITING_FOR_IMPULSE,EXPIRED,ENTRY_WINDOW_EXPIRED,True,,,,,,,,,,,,,,,,,,,,,,,,,,,,,,
DXEhtL8H6ZwN5yjJCw2VdyZYzWo2BibCe2Mu5Wyfpump,FP1-RESEARCH-PROBE-STRICT-0001,1,1787071437506521,1787071435000000,0,3,3,2,0,WAITING_FOR_IMPULSE,EXPIRED,ENTRY_WINDOW_EXPIRED,True,,,,,,,,,,,,,,,,,,,,,,,,,,,,,,
GVw4JNZcBXqZ1jBWiL2Fytk7KNm1z3Snuj9AHZ9spump,FP1-RESEARCH-PROBE-STRICT-0001,1,1787071435671130,1787071435000000,0,16,16,4,0,WAITING_FOR_PULLBACK,INVALIDATED,PULLBACK_TOO_DEEP,False,10064,17529,6,4,1,62584771,36194,26280,,,,9799,71307,,,,,,,,,,,,,,,,,
BgGa7UsxXF4t1CQvsuxm4w5w1vedeCw7Ps4F5VNjpump,FP1-RESEARCH-PROBE-STRICT-0001,1,1787071435654129,1787071435000000,0,4,4,2,0,WAITING_FOR_IMPULSE,EXPIRED,ENTRY_WINDOW_EXPIRED,True,,,,,,,,,,,,,,,,,,,,,,,,,,,,,,
3typLVSW8PPb2F3sQRxfCefZAUk74xUP7pfFvVJgpump,FP1-RESEARCH-PROBE-STRICT-0001,1,1787071435606129,1787071435000000,0,6,6,2,0,WAITING_FOR_IMPULSE,EXPIRED,ENTRY_WINDOW_EXPIRED,True,,,,,,,,,,,,,,,,,,,,,,,,,,,,,,
BqSVedE3zot4tHwWNeAp6T5Q5XwrJC3MT2mjHi1QQrD8,FP1-RESEARCH-PROBE-STRICT-0001,1,1787071431217334,1787071392000000,0,3,3,2,0,WAITING_FOR_IMPULSE,EXPIRED,ENTRY_WINDOW_EXPIRED,True,,,,,,,,,,,,,,,,,,,,,,,,,,,,,,
BNMsy2QFbnXxaMP3omLdUdNxCr5Fr2TstoKUHigFFqRx,FP1-RESEARCH-PROBE-STRICT-0001,1,1787071426698832,1787071391000000,0,1,1,2,0,WAITING_FOR_IMPULSE,EXPIRED,ENTRY_WINDOW_EXPIRED,True,,,,,,,,,,,,,,,,,,,,,,,,,,,,,,
H9LjZJb3z48iLQaq7ehmAdvgg5A9G7QQWSUcVTNa6YH9,FP1-RESEARCH-PROBE-STRICT-0001,1,1787071418572819,1787071390000000,0,1,1,2,0,WAITING_FOR_IMPULSE,EXPIRED,ENTRY_WINDOW_EXPIRED,True,,,,,,,,,,,,,,,,,,,,,,,,,,,,,,
8QCwhuC8rF9jLSc5khhaMTvT8rBheVuhCNtdEGhRD9oS,FP1-RESEARCH-PROBE-STRICT-0001,1,1787071416691245,1787071390000000,0,1,1,2,0,WAITING_FOR_IMPULSE,EXPIRED,ENTRY_WINDOW_EXPIRED,True,,,,,,,,,,,,,,,,,,,,,,,,,,,,,,
6wogx4ja7acVYj37e2kyDDStjWmfJFgjYwz5wtSopump,FP1-RESEARCH-PROBE-STRICT-0001,1,1787071416654242,1787071390000000,0,1,1,2,0,WAITING_FOR_IMPULSE,EXPIRED,ENTRY_WINDOW_EXPIRED,True,,,,,,,,,,,,,,,,,,,,,,,,,,,,,,
JAdBx1rKfoJBamFcJV8AmxYLe44T8ZVtrPPVqtnNpump,FP1-RESEARCH-PROBE-STRICT-0001,1,1787071414134929,1787071390000000,0,3,3,2,0,WAITING_FOR_IMPULSE,EXPIRED,ENTRY_WINDOW_EXPIRED,True,,,,,,,,,,,,,,,,,,,,,,,,,,,,,,
7t7ufmSnCrw3r2PohoM7FSvLEXPDsXf4mSJj366Npump,FP1-RESEARCH-PROBE-STRICT-0001,1,1787071414106928,1787071390000000,0,14,14,6,0,WAITING_FOR_RESPONSE,EXPIRED,ENTRY_WINDOW_EXPIRED,True,28850,7089,8,7,1,977777777,76145,9929,186108,157258,3026,3049,186130,,,,,,,,,,,,,,,,,
GrRQ8wJ2LePenkmCHeUjckJz9zPbUXLgq3wBKAGapump,FP1-RESEARCH-PROBE-STRICT-0001,1,1787071406123374,1787071389000000,0,2,2,2,0,WAITING_FOR_IMPULSE,EXPIRED,ENTRY_WINDOW_EXPIRED,True,,,,,,,,,,,,,,,,,,,,,,,,,,,,,,
DjjsEqD5LhoKDFanx1BFRkaeYXReYKmbSbPC3ptvpump,FP1-RESEARCH-PROBE-STRICT-0001,1,1787071403272559,1787071389000000,0,2,2,2,0,WAITING_FOR_IMPULSE,EXPIRED,ENTRY_WINDOW_EXPIRED,True,,,,,,,,,,,,,,,,,,,,,,,,,,,,,,
ACfKjTyHZMAMPzjtYxzfsz66aQVgLkfN5N6R8Ndypump,FP1-RESEARCH-PROBE-STRICT-0001,1,1787071397872167,1787071388000000,0,1,1,2,0,WAITING_FOR_IMPULSE,EXPIRED,ENTRY_WINDOW_EXPIRED,True,,,,,,,,,,,,,,,,,,,,,,,,,,,,,,
9pB8uTQQSCZtnaaUEo1Bvwymy73XSztwQrpRg5Aepump,FP1-RESEARCH-PROBE-STRICT-0001,1,1787071397856170,1787071388000000,0,4,1,2,0,WAITING_FOR_IMPULSE,EXPIRED,ENTRY_WINDOW_EXPIRED,True,,,,,,,,,,,,,,,,,,,,,,,,,,,,,,
93AZ1fb3ZRAemFkAys8d2z3AoYgU8z4VRhz7M9M8pump,FP1-RESEARCH-PROBE-STRICT-0001,1,1787071392489591,1787071388000000,0,7,7,2,0,WAITING_FOR_IMPULSE,EXPIRED,ENTRY_WINDOW_EXPIRED,True,,,,,,,,,,,,,,,,,,,,,,,,,,,,,,
5JwKdV18q4QTh8YBy7JJZRpu4kfHMo1Pz4WdyYQSpump,FP1-RESEARCH-PROBE-STRICT-0001,1,1787071392483589,1787071388000000,0,1,1,2,0,WAITING_FOR_IMPULSE,EXPIRED,ENTRY_WINDOW_EXPIRED,True,,,,,,,,,,,,,,,,,,,,,,,,,,,,,,
CStuJdzp4FxEMYG8wjen2FN7GyJHw5hzNFx9ynV8pump,FP1-RESEARCH-PROBE-STRICT-0001,1,1787071392465587,1787071388000000,0,44,43,7,0,WAITING_FOR_RECLAIM,EXPIRED,ENTRY_WINDOW_EXPIRED,True,144231,3460,20,8,0,-958817449,144231,3460,189323,45092,4376,4376,189323,4376,196943,7620,1092,3,0,2338360480,440,6,0,5284638281,,,,,,
5dGcUtSe2nJdaGGVM49G4Xus13r2sJucqzKYj7u2pump,FP1-RESEARCH-PROBE-STRICT-0001,1,1787071389948328,1787071387000000,0,1,1,2,0,WAITING_FOR_IMPULSE,EXPIRED,ENTRY_WINDOW_EXPIRED,True,,,,,,,,,,,,,,,,,,,,,,,,,,,,,,
4Mmw3JdgTR98cvF4jK21n4wtY7diUjG27TfGmcuapump,FP1-RESEARCH-PROBE-STRICT-0001,1,1787071387580328,1787071387000000,0,11,11,2,0,WAITING_FOR_IMPULSE,EXPIRED,ENTRY_WINDOW_EXPIRED,True,,,,,,,,,,,,,,,,,,,,,,,,,,,,,,
HDW9avXEHYh7dsuPGJN3mgohfKXpNmjDAFxxiyS3pump,FP1-RESEARCH-PROBE-STRICT-0001,1,1787071387504330,1787071387000000,0,9,9,1,0,DISCOVERED,EXPIRED,ENTRY_WINDOW_EXPIRED,True,,,,,,,,,,,,,,,,,,,,,,,,,,,,,,
6E1cERS5JEcAfy5CzxQ4GQ7JXDppg765pGtj2Jyapump,FP1-RESEARCH-PROBE-STRICT-0001,1,1787071387486328,1787071387000000,0,8,8,2,0,WAITING_FOR_IMPULSE,EXPIRED,ENTRY_WINDOW_EXPIRED,True,,,,,,,,,,,,,,,,,,,,,,,,,,,,,,
6Ty4TYvR4o4V5QnCJUWfQMPrqtmaTJjk6SHeviCSpump,FP1-RESEARCH-PROBE-STRICT-0001,1,1787071387482328,1787071387000000,0,40,40,4,0,WAITING_FOR_PULLBACK,EXPIRED,ENTRY_WINDOW_EXPIRED,True,18678,3024,28,13,7,4909371685,40947,3164,,,,,,,,,,,,,,,,,,,,,,
3hdRXc61y1hCBr8JZ7GWg8TP7geUHk3JTAXkyMx3pump,FP1-RESEARCH-PROBE-STRICT-0001,1,1787071370906216,1787071335000000,0,10,10,4,0,WAITING_FOR_PULLBACK,EXPIRED,ENTRY_WINDOW_EXPIRED,True,2714,4707,5,5,5,9975308636,2735,5603,,,,,,,,,,,,,,,,,,,,,,
82PekqfZC6qsBEiKBo7GH6GWQEo1w4Fu92fMqEhopump,FP1-RESEARCH-PROBE-STRICT-0001,1,1787071357470202,1787071335000000,0,4,4,2,0,WAITING_FOR_IMPULSE,EXPIRED,ENTRY_WINDOW_EXPIRED,True,,,,,,,,,,,,,,,,,,,,,,,,,,,,,,
Bw3hp1AGgiitqao3DRyXYPryazfuKSX7NsL2n72ppump,FP1-RESEARCH-PROBE-STRICT-0001,1,1787071355292307,1787071335000000,0,5,5,2,0,WAITING_FOR_IMPULSE,EXPIRED,ENTRY_WINDOW_EXPIRED,True,,,,,,,,,,,,,,,,,,,,,,,,,,,,,,
CmnMzq8ZSmdVLcLHgEY7swfCZjCtF9Yf1MEcDtGDpump,FP1-RESEARCH-PROBE-STRICT-0001,1,1787071352654438,1787071334000000,0,65,58,7,0,CANDIDATE_SIGNAL,CANDIDATE_SIGNAL,RECLAIM_CONFIRMED,False,10596,3480,9,7,3,2532765582,45183,17151,200599,190003,4514,5162,211947,5162,217679,17080,1795,3,0,1792592591,255,5,2,993925892,252720,35041,8502,-3185,1943,
9tjg4BVtSkmiHX6ZoJT6CtWfxoskrii5yn4td6EVpump,FP1-RESEARCH-PROBE-STRICT-0001,1,1787071344284426,1787071334000000,0,2,2,2,0,WAITING_FOR_IMPULSE,EXPIRED,ENTRY_WINDOW_EXPIRED,True,,,,,,,,,,,,,,,,,,,,,,,,,,,,,,
5pgtwgmiCuLHkQ9od1uFohfQbwkg4Jp6uBvXgAqDpump,FP1-RESEARCH-PROBE-STRICT-0001,1,1787071344212430,1787071334000000,0,2,2,2,0,WAITING_FOR_IMPULSE,EXPIRED,ENTRY_WINDOW_EXPIRED,True,,,,,,,,,,,,,,,,,,,,,,,,,,,,,,
7asnDo2FjAjRa4iMxaj4dRu7D7Bgw1J32TfPDwXMpump,FP1-RESEARCH-PROBE-STRICT-0001,1,1787071344138425,1787071334000000,0,10,10,2,0,WAITING_FOR_IMPULSE,EXPIRED,ENTRY_WINDOW_EXPIRED,True,,,,,,,,,,,,,,,,,,,,,,,,,,,,,,
8k8fFksznUSmK56BV6QfkUb3QFcu57CHKAdjrgpxpump,FP1-RESEARCH-PROBE-STRICT-0001,1,1787071338574598,1787071333000000,0,17,17,2,0,WAITING_FOR_IMPULSE,EXPIRED,ENTRY_WINDOW_EXPIRED,True,,,,,,,,,,,,,,,,,,,,,,,,,,,,,,
2v5WQMi9wJLDnhcT2FyoocHWEEShqrHSWxcEeGigpump,FP1-RESEARCH-PROBE-STRICT-0001,1,1787071338556599,1787071333000000,0,2,2,2,0,WAITING_FOR_IMPULSE,EXPIRED,ENTRY_WINDOW_EXPIRED,True,,,,,,,,,,,,,,,,,,,,,,,,,,,,,,
956APa32ifmZaAh7MSFmFcSr9ibo38af43tQXwYBCN7y,FP1-RESEARCH-PROBE-STRICT-0001,1,1787071336099208,1787071333000000,0,7,7,2,0,WAITING_FOR_IMPULSE,EXPIRED,ENTRY_WINDOW_EXPIRED,True,,,,,,,,,,,,,,,,,,,,,,,,,,,,,,
Fog1jWhUgPhJS6Df8B9PkMFRKw5Y4vPNj3XxJEndpump,FP1-RESEARCH-PROBE-STRICT-0001,1,1787071334049209,1787071333000000,0,6,6,2,0,WAITING_FOR_IMPULSE,EXPIRED,ENTRY_WINDOW_EXPIRED,True,,,,,,,,,,,,,,,,,,,,,,,,,,,,,,
5sqwueSTCdPP66NJm6Z1MnHnL2ruCigKZN2CvF51pump,FP1-RESEARCH-PROBE-STRICT-0001,1,1787071333780209,1787071333000000,0,91,82,4,0,WAITING_FOR_PULLBACK,EXPIRED,ENTRY_WINDOW_EXPIRED,True,56140,4618,17,5,0,-93951020,161923,9029,,,,,,,,,,,,,,,,,,,,,,
BJjpbtgjCxGRD6UWqUA58PXorqajuVZhLoHuEAhjpump,FP1-RESEARCH-PROBE-STRICT-0001,1,1787071322110463,1787071283000000,0,1,1,2,0,WAITING_FOR_IMPULSE,EXPIRED,ENTRY_WINDOW_EXPIRED,True,,,,,,,,,,,,,,,,,,,,,,,,,,,,,,
AZbhAj15v2d222qpdQtsx62FNAw3stokMhyy7aXypump,FP1-RESEARCH-PROBE-STRICT-0001,1,1787071304722410,1787071282000000,0,1,1,2,0,WAITING_FOR_IMPULSE,EXPIRED,ENTRY_WINDOW_EXPIRED,True,,,,,,,,,,,,,,,,,,,,,,,,,,,,,,
3yVEC7R6kjoejVQQySEKgwW3HiPwhFjUxXciSv2tpump,FP1-RESEARCH-PROBE-STRICT-0001,1,1787071296358594,1787071282000000,0,3,3,2,0,WAITING_FOR_IMPULSE,EXPIRED,ENTRY_WINDOW_EXPIRED,True,,,,,,,,,,,,,,,,,,,,,,,,,,,,,,
4NuYdUaDvnrME9e37dqgCi75i3DjAkqUBpwxEjBHpump,FP1-RESEARCH-PROBE-STRICT-0001,1,1787071293785632,1787071281000000,0,12,12,6,0,WAITING_FOR_RESPONSE,EXPIRED,ENTRY_WINDOW_EXPIRED,True,4,5922,4,4,4,12839506169,2592,5952,10931,10927,3504,5099,10949,,,,,,,,,,,,,,,,,
4uKSN57QYZQfd9ScoMBYTNvQfZDJqdfJCwwTJqqJsC7u,FP1-RESEARCH-PROBE-STRICT-0001,1,1787071291561074,1787071281000000,0,1,1,2,0,WAITING_FOR_IMPULSE,EXPIRED,ENTRY_WINDOW_EXPIRED,True,,,,,,,,,,,,,,,,,,,,,,,,,,,,,,
HRhTnbXgFgTZRkcU7DLNx1T5ZG6Ew3FMHpJ6aVJVYBxF,FP1-RESEARCH-PROBE-STRICT-0001,1,1787071288901983,1787071281000000,0,2,2,2,0,WAITING_FOR_IMPULSE,EXPIRED,ENTRY_WINDOW_EXPIRED,True,,,,,,,,,,,,,,,,,,,,,,,,,,,,,,
FsgVnNsph7d7qKuh4Vwx4jN1JnHgskXTWXDNjRMGpump,FP1-RESEARCH-PROBE-STRICT-0001,1,1787071286438605,1787071281000000,0,2,2,2,0,WAITING_FOR_IMPULSE,EXPIRED,ENTRY_WINDOW_EXPIRED,True,,,,,,,,,,,,,,,,,,,,,,,,,,,,,,
4QLC3n3Pu9nR8ttiuQnDTbHMpdrVmAuj6FDdJ8eWpump,FP1-RESEARCH-PROBE-STRICT-0001,1,1787071283782540,1787071281000000,0,12,12,2,0,WAITING_FOR_IMPULSE,EXPIRED,ENTRY_WINDOW_EXPIRED,True,,,,,,,,,,,,,,,,,,,,,,,,,,,,,,
7kx9tzwTie6sDBvdxAwEmho4ZyUU3i4jzdy76ijApump,FP1-RESEARCH-PROBE-STRICT-0001,1,1787071283762541,1787071280000000,0,7,7,2,0,WAITING_FOR_IMPULSE,EXPIRED,ENTRY_WINDOW_EXPIRED,True,,,,,,,,,,,,,,,,,,,,,,,,,,,,,,
9vHnFxzZDdtGgriRfkg1BMjJQyBUHbDkQmaTPGMhpump,FP1-RESEARCH-PROBE-STRICT-0001,1,1787071283752541,1787071280000000,0,8,7,2,0,WAITING_FOR_IMPULSE,EXPIRED,ENTRY_WINDOW_EXPIRED,True,,,,,,,,,,,,,,,,,,,,,,,,,,,,,,
3UdpR2arXRkiSimU2cWhnjABhoy9Za775uJKriYPpump,FP1-RESEARCH-PROBE-STRICT-0001,1,1787071281472772,1787071280000000,0,25,25,2,0,WAITING_FOR_IMPULSE,EXPIRED,ENTRY_WINDOW_EXPIRED,True,,,,,,,,,,,,,,,,,,,,,,,,,,,,,,
Cefnnz8Mh3JhUNFPZ8EBgV9FAbVH4F4GcMyk2q8pump,FP1-RESEARCH-PROBE-STRICT-0001,1,1787071281439771,1787071280000000,0,128,128,2,0,WAITING_FOR_IMPULSE,EXPIRED,ENTRY_WINDOW_EXPIRED,True,,,,,,,,,,,,,,,,,,,,,,,,,,,,,,
37hFbS5oMo1H24i6atH2U9m7bneVMEsmV4zZwAr2pump,FP1-RESEARCH-PROBE-STRICT-0001,1,1787071281151772,1787071280000000,0,1,1,2,0,WAITING_FOR_IMPULSE,EXPIRED,ENTRY_WINDOW_EXPIRED,True,,,,,,,,,,,,,,,,,,,,,,,,,,,,,,
GExHZ7ayv82fM1fQcjbUPzNwzemnhiZNf6TZUBdApump,FP1-RESEARCH-PROBE-STRICT-0001,1,1787071264064958,1787071229000000,0,4,4,2,0,WAITING_FOR_IMPULSE,EXPIRED,ENTRY_WINDOW_EXPIRED,True,,,,,,,,,,,,,,,,,,,,,,,,,,,,,,
BoejJKDyreUqY4J3hyQbkUDM5QKwqxwJPxfSpqRxpump,FP1-RESEARCH-PROBE-STRICT-0001,1,1787071258739658,1787071228000000,0,8,8,2,0,WAITING_FOR_IMPULSE,EXPIRED,ENTRY_WINDOW_EXPIRED,True,,,,,,,,,,,,,,,,,,,,,,,,,,,,,,
5J1pLV5oMfNbtfyk1XCJwv9XW8aPyEFTEWX9ZfLUpump,FP1-RESEARCH-PROBE-STRICT-0001,1,1787071256183305,1787071228000000,0,1,1,2,0,WAITING_FOR_IMPULSE,EXPIRED,ENTRY_WINDOW_EXPIRED,True,,,,,,,,,,,,,,,,,,,,,,,,,,,,,,
EfWXsXAZUU1XDDrq9VL5f3Pt7HnByYpHvGDtB2bgpopJ,FP1-RESEARCH-PROBE-STRICT-0001,1,1787071253294303,1787071228000000,0,1,1,2,0,WAITING_FOR_IMPULSE,EXPIRED,ENTRY_WINDOW_EXPIRED,True,,,,,,,,,,,,,,,,,,,,,,,,,,,,,,
72ZEKPtHWbgUDSL1tafo6fgabFZrVjqiuQMprnW3pump,FP1-RESEARCH-PROBE-STRICT-0001,1,1787071250296837,1787071228000000,0,2,2,2,0,WAITING_FOR_IMPULSE,EXPIRED,ENTRY_WINDOW_EXPIRED,True,,,,,,,,,,,,,,,,,,,,,,,,,,,,,,
33PRv4HRUefwHCMBEFpagiSBnLLo71X42TCcTr5Kpump,FP1-RESEARCH-PROBE-STRICT-0001,1,1787071242194557,1787071227000000,0,2,2,2,0,WAITING_FOR_IMPULSE,EXPIRED,ENTRY_WINDOW_EXPIRED,True,,,,,,,,,,,,,,,,,,,,,,,,,,,,,,
BxND31ShqukkDNcuJwu6FWdyXhWzmNDoR1cpv9BDyQiX,FP1-RESEARCH-PROBE-STRICT-0001,1,1787071242191558,1787071227000000,0,2,2,2,0,WAITING_FOR_IMPULSE,EXPIRED,ENTRY_WINDOW_EXPIRED,True,,,,,,,,,,,,,,,,,,,,,,,,,,,,,,
9yJUtyrfMEypdZdwCLULxwPx8fDYFag6yt28tpP9pump,FP1-RESEARCH-PROBE-STRICT-0001,1,1787071242168443,1787071227000000,0,19,19,2,0,WAITING_FOR_IMPULSE,EXPIRED,ENTRY_WINDOW_EXPIRED,True,,,,,,,,,,,,,,,,,,,,,,,,,,,,,,
2dto74vSx8fKJRUsgzg6RzV1zg8SgBSrbYnS6PSCpump,FP1-RESEARCH-PROBE-STRICT-0001,1,1787071242165425,1787071227000000,0,2,2,2,0,WAITING_FOR_IMPULSE,EXPIRED,ENTRY_WINDOW_EXPIRED,True,,,,,,,,,,,,,,,,,,,,,,,,,,,,,,
7Pf6iEckKRYVAoWma1vCrFPHtzfuHYuQBahfmKqtbH84,FP1-RESEARCH-PROBE-STRICT-0001,1,1787071234520435,1787071226000000,0,3,3,2,0,WAITING_FOR_IMPULSE,EXPIRED,ENTRY_WINDOW_EXPIRED,True,,,,,,,,,,,,,,,,,,,,,,,,,,,,,,
GYXBnjCLht4LsxiNga5ZWz2eCBqcJnomaRqo4bgCpump,FP1-RESEARCH-PROBE-STRICT-0001,1,1787071234498436,1787071226000000,0,3,3,2,0,WAITING_FOR_IMPULSE,EXPIRED,ENTRY_WINDOW_EXPIRED,True,,,,,,,,,,,,,,,,,,,,,,,,,,,,,,
5pFbhLUhUfHVkZGemTSLiyMQPCKmRGrxA89NHNtxpump,FP1-RESEARCH-PROBE-STRICT-0001,1,1787071231757485,1787071226000000,0,1,1,2,0,WAITING_FOR_IMPULSE,EXPIRED,ENTRY_WINDOW_EXPIRED,True,,,,,,,,,,,,,,,,,,,,,,,,,,,,,,
B7LsPdY86bbxGvtV44Dz1BUTeaAcVxshPNvqgVdZpump,FP1-RESEARCH-PROBE-STRICT-0001,1,1787071229118812,1787071226000000,0,21,21,2,0,WAITING_FOR_IMPULSE,EXPIRED,ENTRY_WINDOW_EXPIRED,True,,,,,,,,,,,,,,,,,,,,,,,,,,,,,,
6C3C5iGgsC61eTh4aeA1CWmKpnSEDF4VPFuzgZq8pump,FP1-RESEARCH-PROBE-STRICT-0001,1,1787071229115812,1787071226000000,0,14,14,2,0,WAITING_FOR_IMPULSE,EXPIRED,ENTRY_WINDOW_EXPIRED,True,,,,,,,,,,,,,,,,,,,,,,,,,,,,,,
HFD1zCJZNp1TuXHpPHx1wPdCYg23Edh5V4KDiaW2pump,FP1-RESEARCH-PROBE-STRICT-0001,1,1787071226765014,1787071226000000,0,1,1,2,0,WAITING_FOR_IMPULSE,EXPIRED,ENTRY_WINDOW_EXPIRED,True,,,,,,,,,,,,,,,,,,,,,,,,,,,,,,
AseytNXHgzF7NUA7bqyyxZvaA67uiYfEabL8qHbepump,FP1-RESEARCH-PROBE-STRICT-0001,1,1787071226709013,1787071226000000,0,6,6,2,0,WAITING_FOR_IMPULSE,EXPIRED,ENTRY_WINDOW_EXPIRED,True,,,,,,,,,,,,,,,,,,,,,,,,,,,,,,
5FgU5N2dtott7fxYgUppS6oNdPqegvTVHrSjSZXkpump,FP1-RESEARCH-PROBE-STRICT-0001,1,1787071204634249,1787071173000000,0,2,2,2,0,WAITING_FOR_IMPULSE,EXPIRED,ENTRY_WINDOW_EXPIRED,True,,,,,,,,,,,,,,,,,,,,,,,,,,,,,,
HvaRmUHQRzhgh1bZrX7CMS4qzFFfS76tYWmwJtxepump,FP1-RESEARCH-PROBE-STRICT-0001,1,1787071196590350,1787071173000000,0,13,13,4,0,WAITING_FOR_PULLBACK,EXPIRED,ENTRY_WINDOW_EXPIRED,True,14049,3503,6,4,1,3911111111,17004,6097,,,,,,,,,,,,,,,,,,,,,,
FbsyCxStbnGBdwszG3ytAxDK5Jjz12Diz5tbe42Upump,FP1-RESEARCH-PROBE-STRICT-0001,1,1787071193452560,1787071172000000,0,1,1,2,0,WAITING_FOR_IMPULSE,EXPIRED,ENTRY_WINDOW_EXPIRED,True,,,,,,,,,,,,,,,,,,,,,,,,,,,,,,
2ynCWFLd4kbHfAJgoyk2eRwt97NiTgVCP9d5zSWDpump,FP1-RESEARCH-PROBE-STRICT-0001,1,1787071191207361,1787071172000000,0,7,7,4,0,WAITING_FOR_PULLBACK,EXPIRED,ENTRY_WINDOW_EXPIRED,True,17,3497,5,5,5,4968654320,17,3497,,,,,,,,,,,,,,,,,,,,,,
53M9DFzQG9dkVQQx6SwKXw11AfE7zPDxSi9scYKfpMs5,FP1-RESEARCH-PROBE-STRICT-0001,1,1787071188635469,1787071172000000,0,1,1,2,0,WAITING_FOR_IMPULSE,EXPIRED,ENTRY_WINDOW_EXPIRED,True,,,,,,,,,,,,,,,,,,,,,,,,,,,,,,
2aqgFb1zBex3vh5Nj8yhmCAWMjPMjsKJy9Jy6t7Kpump,FP1-RESEARCH-PROBE-STRICT-0001,1,1787071186013299,1787071171000000,0,1,1,2,0,WAITING_FOR_IMPULSE,EXPIRED,ENTRY_WINDOW_EXPIRED,True,,,,,,,,,,,,,,,,,,,,,,,,,,,,,,
AXs7JD266FFhJJsiHgREApcmZmNnwwqykHYwthQP3Q1C,FP1-RESEARCH-PROBE-STRICT-0001,1,1787071183227176,1787071171000000,0,1,1,2,0,WAITING_FOR_IMPULSE,EXPIRED,ENTRY_WINDOW_EXPIRED,True,,,,,,,,,,,,,,,,,,,,,,,,,,,,,,
7qe6eneaeC3PSc37C8JEbJ5X5csqryBp4YQ5BuUBpump,FP1-RESEARCH-PROBE-STRICT-0001,1,1787071180519664,1787071171000000,0,4,4,2,0,WAITING_FOR_IMPULSE,EXPIRED,ENTRY_WINDOW_EXPIRED,True,,,,,,,,,,,,,,,,,,,,,,,,,,,,,,
3wZvUWgBfKJp6bF17gSjVGzdyKq6ndhBhEnKQFjPpump,FP1-RESEARCH-PROBE-STRICT-0001,1,1787071177905658,1787071171000000,0,8,8,2,0,WAITING_FOR_IMPULSE,EXPIRED,ENTRY_WINDOW_EXPIRED,True,,,,,,,,,,,,,,,,,,,,,,,,,,,,,,
HSWKDLQvH2L2qUMoxw2M7wJ7x4ioaeHxoT4tLvw8pump,FP1-RESEARCH-PROBE-STRICT-0001,1,1787071177835659,1787071170000000,0,1,1,2,0,WAITING_FOR_IMPULSE,EXPIRED,ENTRY_WINDOW_EXPIRED,True,,,,,,,,,,,,,,,,,,,,,,,,,,,,,,
9MFRvXM6fSND5RpSyjeAUS98DLT3hcc2s8xSaNmf9kz7,FP1-RESEARCH-PROBE-STRICT-0001,1,1787071172644698,1787071170000000,0,1,1,2,0,WAITING_FOR_IMPULSE,EXPIRED,ENTRY_WINDOW_EXPIRED,True,,,,,,,,,,,,,,,,,,,,,,,,,,,,,,
DvNE6DKnwGJV4EhPhqh3AiW5tfJqfowsh545p4zjpump,FP1-RESEARCH-PROBE-STRICT-0001,1,1787071172460906,1787071169000000,0,34,34,2,0,WAITING_FOR_IMPULSE,EXPIRED,ENTRY_WINDOW_EXPIRED,True,,,,,,,,,,,,,,,,,,,,,,,,,,,,,,
6HkbM4yXLrJHJ89GT1VNnrDqe86VE3CZ4HWbecL6pump,FP1-RESEARCH-PROBE-STRICT-0001,1,1787071172340702,1787071169000000,0,1,1,2,0,WAITING_FOR_IMPULSE,EXPIRED,ENTRY_WINDOW_EXPIRED,True,,,,,,,,,,,,,,,,,,,,,,,,,,,,,,
71q9TvSuhDwuxcC2LK3Mi5XxPwgHwhkAvbrt3Pbxpump,FP1-RESEARCH-PROBE-STRICT-0001,1,1787071169664280,1787071169000000,0,62,62,2,0,WAITING_FOR_IMPULSE,EXPIRED,ENTRY_WINDOW_EXPIRED,True,,,,,,,,,,,,,,,,,,,,,,,,,,,,,,
F4Uas5m1WH9Jn8mo6HtpDfp4Vn6rb5KG4AUfQcyMpump,FP1-RESEARCH-PROBE-STRICT-0001,1,1787071169662289,1787071169000000,0,7,7,2,0,WAITING_FOR_IMPULSE,EXPIRED,ENTRY_WINDOW_EXPIRED,True,,,,,,,,,,,,,,,,,,,,,,,,,,,,,,
4X6HjEVF5skvSBy83fznLcGxkwaakQwvEUbDtBqqpump,FP1-RESEARCH-PROBE-STRICT-0001,1,1787071159750192,1787071121000000,0,1,1,2,0,WAITING_FOR_IMPULSE,EXPIRED,ENTRY_WINDOW_EXPIRED,True,,,,,,,,,,,,,,,,,,,,,,,,,,,,,,
Fd6z2X3G8MEFaUFe82K8u2mVDFZ78v73KRitEyQKpump,FP1-RESEARCH-PROBE-STRICT-0001,1,1787071143163759,1787071120000000,0,1,1,2,0,WAITING_FOR_IMPULSE,EXPIRED,ENTRY_WINDOW_EXPIRED,True,,,,,,,,,,,,,,,,,,,,,,,,,,,,,,
FauuD7SD2yUciKkCRAT5qm6q989i3CfF4WMAUEdipump,FP1-RESEARCH-PROBE-STRICT-0001,1,1787071139841956,1787071120000000,0,29,22,4,0,WAITING_FOR_PULLBACK,EXPIRED,ENTRY_WINDOW_EXPIRED,True,94684,3756,8,4,1,19753085,288574,9348,,,,,,,,,,,,,,,,,,,,,,
6Y4cPpuWk6h51sctgqVm6GA5AejmVphQBehyyecnpump,FP1-RESEARCH-PROBE-STRICT-0001,1,1787071131321540,1787071119000000,0,1,1,2,0,WAITING_FOR_IMPULSE,EXPIRED,ENTRY_WINDOW_EXPIRED,True,,,,,,,,,,,,,,,,,,,,,,,,,,,,,,
BkKhEMnJtB4xQrG3w7ud9H8c7JM5mM6UwRU4NmmUpump,FP1-RESEARCH-PROBE-STRICT-0001,1,1787071128815143,1787071118000000,0,7,7,1,0,DISCOVERED,EXPIRED,ENTRY_WINDOW_EXPIRED,True,,,,,,,,,,,,,,,,,,,,,,,,,,,,,,
ExHyq5VPXgeyuMeHYCsTmdgAEFFkFzJy1kRkY3vXpump,FP1-RESEARCH-PROBE-STRICT-0001,1,1787071125879144,1787071118000000,0,10,10,2,0,WAITING_FOR_IMPULSE,EXPIRED,ENTRY_WINDOW_EXPIRED,True,,,,,,,,,,,,,,,,,,,,,,,,,,,,,,
69XpqpcbiEnXhqLEnLSjMaxsXt9CeFFpyMe871Htpump,FP1-RESEARCH-PROBE-STRICT-0001,1,1787071125865145,1787071118000000,0,14,14,2,0,WAITING_FOR_IMPULSE,EXPIRED,ENTRY_WINDOW_EXPIRED,True,,,,,,,,,,,,,,,,,,,,,,,,,,,,,,
4zpqxkhHr8WnMS8LdZZcf5Jw3WmiKFw3D7Hfo7Uppump,FP1-RESEARCH-PROBE-STRICT-0001,1,1787071122791673,1787071118000000,0,32,21,2,0,WAITING_FOR_IMPULSE,EXPIRED,ENTRY_WINDOW_EXPIRED,True,,,,,,,,,,,,,,,,,,,,,,,,,,,,,,
6BTED4xFEQbX7SgzyW19h8u2q1URqTehpJ7AuGSXvcB6,FP1-RESEARCH-PROBE-STRICT-0001,1,1787071119883672,1787071118000000,0,1,1,2,0,WAITING_FOR_IMPULSE,EXPIRED,ENTRY_WINDOW_EXPIRED,True,,,,,,,,,,,,,,,,,,,,,,,,,,,,,,
Baxiq29NFRf1JEyUpQnqxFBt6ZaRm8dpLu8oH21Ppump,FP1-RESEARCH-PROBE-STRICT-0001,1,1787071119867674,1787071118000000,0,1,1,2,0,WAITING_FOR_IMPULSE,EXPIRED,ENTRY_WINDOW_EXPIRED,True,,,,,,,,,,,,,,,,,,,,,,,,,,,,,,
DWxjHC2QbzuNV9ztZSFwvDTMDQDC11k7j3nUDzeLpump,FP1-RESEARCH-PROBE-STRICT-0001,1,1787071119866672,1787071118000000,0,2,2,2,0,WAITING_FOR_IMPULSE,EXPIRED,ENTRY_WINDOW_EXPIRED,True,,,,,,,,,,,,,,,,,,,,,,,,,,,,,,
C7gAN1eMGCyEuvpJ1weit6sbEQ1fPMV9sND93oP5jxhH,FP1-RESEARCH-PROBE-STRICT-0001,1,1787071119855675,1787071118000000,0,1,1,2,0,WAITING_FOR_IMPULSE,EXPIRED,ENTRY_WINDOW_EXPIRED,True,,,,,,,,,,,,,,,,,,,,,,,,,,,,,,
BUibKouNnL1KPTTV8WBehQC4suKhMjpAiK5iJhFwpump,FP1-RESEARCH-PROBE-STRICT-0001,1,1787071118172885,1787071118000000,0,17,17,2,0,WAITING_FOR_IMPULSE,EXPIRED,ENTRY_WINDOW_EXPIRED,True,,,,,,,,,,,,,,,,,,,,,,,,,,,,,,
Ba49p7JXBTYgYexeqoeCVuHW7KbABrbonJ2hUpmdKisr,FP1-RESEARCH-PROBE-STRICT-0001,1,1787071118134885,1787071118000000,0,40,40,2,0,WAITING_FOR_IMPULSE,EXPIRED,ENTRY_WINDOW_EXPIRED,True,,,,,,,,,,,,,,,,,,,,,,,,,,,,,,
5MBk8BVfrmW13ZoDjLwG8TSZjNvcr1AS1UXWTKfapump,FP1-RESEARCH-PROBE-STRICT-0001,1,1787071117856884,1787071118000000,0,17,17,6,0,WAITING_FOR_RESPONSE,EXPIRED,ENTRY_WINDOW_EXPIRED,True,269,5187,4,4,4,11900000000,8284,5741,21949,21680,3641,5050,21950,,,,,,,,,,,,,,,,,
HEnbUYgXqJKaEMj7pWw5tZ4vAYXd5UdkZSuScUYbpump,FP1-RESEARCH-PROBE-STRICT-0001,1,1787071106231152,1787071068000000,0,2,2,2,0,WAITING_FOR_IMPULSE,EXPIRED,ENTRY_WINDOW_EXPIRED,True,,,,,,,,,,,,,,,,,,,,,,,,,,,,,,
GqKp51kbk11yoM1F5pHUVzCXVPnQzAr7UnuKAcRNpump,FP1-RESEARCH-PROBE-STRICT-0001,1,1787071101035192,1787071067000000,0,2,2,2,0,WAITING_FOR_IMPULSE,EXPIRED,ENTRY_WINDOW_EXPIRED,True,,,,,,,,,,,,,,,,,,,,,,,,,,,,,,
3snLuk93i2pK31qcRXK1eyJvHy4oZzfyZyi8wA2Lx2fh,FP1-RESEARCH-PROBE-STRICT-0001,1,1787071095882650,1787071066000000,0,2,2,2,0,WAITING_FOR_IMPULSE,EXPIRED,ENTRY_WINDOW_EXPIRED,True,,,,,,,,,,,,,,,,,,,,,,,,,,,,,,
4bFoEuLipYLv1VTG9fGMvCwVtuEGYuixF1VsmoSxpump,FP1-RESEARCH-PROBE-STRICT-0001,1,1787071093265644,1787071066000000,0,1,1,2,0,WAITING_FOR_IMPULSE,EXPIRED,ENTRY_WINDOW_EXPIRED,True,,,,,,,,,,,,,,,,,,,,,,,,,,,,,,
5Qh4mjfrShYnQicWUDLjArgAjev1M7wiwJBtAUokpump,FP1-RESEARCH-PROBE-STRICT-0001,1,1787071076908680,1787071064000000,0,11,11,2,0,WAITING_FOR_IMPULSE,EXPIRED,ENTRY_WINDOW_EXPIRED,True,,,,,,,,,,,,,,,,,,,,,,,,,,,,,,
8j399W432DMbfQWBnGpjjvriqT31KQuWjDTuvMwupump,FP1-RESEARCH-PROBE-STRICT-0001,1,1787071071396869,1787071063000000,0,1,1,2,0,WAITING_FOR_IMPULSE,EXPIRED,ENTRY_WINDOW_EXPIRED,True,,,,,,,,,,,,,,,,,,,,,,,,,,,,,,
DmqHSAH3uVyAzFDTaczSNxQRJr45JrtsZ6sGDdmipump,FP1-RESEARCH-PROBE-STRICT-0001,1,1787071071378870,1787071063000000,0,6,6,2,0,WAITING_FOR_IMPULSE,EXPIRED,ENTRY_WINDOW_EXPIRED,True,,,,,,,,,,,,,,,,,,,,,,,,,,,,,,
7jNnpjyJ8WM42vpGnxHDMSGWHenAZ6i7yhnZMEJhpump,FP1-RESEARCH-PROBE-STRICT-0001,1,1787071068723109,1787071063000000,0,35,35,2,0,WAITING_FOR_IMPULSE,EXPIRED,ENTRY_WINDOW_EXPIRED,True,,,,,,,,,,,,,,,,,,,,,,,,,,,,,,
