parameter_set_id,combo_index,ab_role,ab_source_parameter_set_id,min_return_bps,min_trades_since_t0,min_unique_buyers_since_t0,min_depth_bps,max_depth_bps,min_rebound_bps,min_buys,min_net_flow_reserve_ppm,run_count,candidate_count,expired_count,invalidated_count,rejected_count,trade_count,candidate_state_count,accounted_run_count,h5s_observable_n,h5s_p25_bps,h5s_p50_bps,h5s_p75_bps,h15s_observable_n,h15s_p25_bps,h15s_p50_bps,h15s_p75_bps,h30s_observable_n,h30s_p25_bps,h30s_p50_bps,h30s_p75_bps,h60s_observable_n,h60s_p25_bps,h60s_p50_bps,h60s_p75_bps,h2m_observable_n,h2m_p25_bps,h2m_p50_bps,h2m_p75_bps,h5m_observable_n,h5m_p25_bps,h5m_p50_bps,h5m_p75_bps,complete_5m_extrema_n,h15_observable_n,h15_p50_bps,h30_observable_n,h30_p50_bps,diagnostic_pareto_frontier
FP1-EXP0004-C-001-CONTROL-R500-T2-U1-PD1000-9000-RB200-BU1-FL0,1,CONTROL,FP1-EXP0003-B-005-CONTROL-R500-T2-U1-PD1000-9000,500,2,1,1000,9000,200,1,0,3901,230,3623,48,0,0,230,3901,121,-449,315,987,127,-924,181,1030,67,-1280,44,1142,27,-3054,-253,4048,25,-4323,-1403,2808,11,-8571,-4555,-2342,11,127,181,67,44,True
FP1-EXP0004-C-002-CONTROL-R500-T2-U1-PD1000-9000-RB200-BU1-FL6000,2,CONTROL,FP1-EXP0003-B-005-CONTROL-R500-T2-U1-PD1000-9000,500,2,1,1000,9000,200,1,6000,3901,186,3652,63,0,0,186,3901,106,-356,324,987,107,-842,194,1000,55,-1052,390,1142,21,-2376,-201,2965,19,-4501,-2376,4192,8,-8851,-6374,-3863,8,107,194,55,390,True
FP1-EXP0004-C-003-CONTROL-R500-T2-U1-PD1000-9000-RB200-BU1-FL30000,3,CONTROL,FP1-EXP0003-B-005-CONTROL-R500-T2-U1-PD1000-9000,500,2,1,1000,9000,200,1,30000,3901,126,3702,73,0,0,126,3901,81,-316,261,1304,74,-406,190,1284,37,-286,195,1176,10,440,1339,6535,7,-2772,-2584,3349,2,-2551,-2551,3040,2,74,190,37,195,False
FP1-EXP0004-C-004-CONTROL-R500-T2-U1-PD1000-9000-RB200-BU1-FL93000,4,CONTROL,FP1-EXP0003-B-005-CONTROL-R500-T2-U1-PD1000-9000,500,2,1,1000,9000,200,1,93000,3901,57,3766,78,0,0,57,3901,37,-594,690,1722,33,-1382,305,1639,16,-2001,477,1187,6,314,356,3046,3,-2772,-236,2213,0,,,,0,33,305,16,477,True
FP1-EXP0004-C-005-CONTROL-R500-T2-U1-PD1000-9000-RB200-BU1-FL185000,5,CONTROL,FP1-EXP0003-B-005-CONTROL-R500-T2-U1-PD1000-9000,500,2,1,1000,9000,200,1,185000,3901,22,3796,83,0,0,22,3901,14,-511,-269,860,10,-1748,-1035,193,4,-8072,-2083,-622,3,-5793,-2581,-77,2,-4375,-4375,-779,0,,,,0,10,-1035,4,-2083,False
FP1-EXP0004-C-006-CONTROL-R500-T2-U1-PD1000-9000-RB200-BU2-FL0,6,CONTROL,FP1-EXP0003-B-005-CONTROL-R500-T2-U1-PD1000-9000,500,2,1,1000,9000,200,2,0,3901,184,3659,58,0,0,184,3901,110,-356,163,1007,101,-691,133,1177,52,-1052,63,1271,16,-3054,-10,2965,14,-3839,-2772,4192,7,-6620,-5760,-2551,7,101,133,52,63,False
FP1-EXP0004-C-007-CONTROL-R500-T2-U1-PD1000-9000-RB200-BU2-FL6000,7,CONTROL,FP1-EXP0003-B-005-CONTROL-R500-T2-U1-PD1000-9000,500,2,1,1000,9000,200,2,6000,3901,161,3673,67,0,0,161,3901,99,-350,244,1068,92,-691,133,1000,47,-586,391,1469,14,-503,1121,4048,12,-3839,-2772,4192,6,-6374,-5760,-2551,6,92,133,47,391,True
FP1-EXP0004-C-008-CONTROL-R500-T2-U1-PD1000-9000-RB200-BU2-FL30000,8,CONTROL,FP1-EXP0003-B-005-CONTROL-R500-T2-U1-PD1000-9000,500,2,1,1000,9000,200,2,30000,3901,122,3705,74,0,0,122,3901,81,-356,220,1266,71,-969,190,1284,36,-484,144,1176,9,1121,2131,6535,6,-2772,-2584,3349,2,-2551,-2551,2478,2,71,190,36,144,False
FP1-EXP0004-C-009-CONTROL-R500-T2-U1-PD1000-9000-RB200-BU2-FL93000,9,CONTROL,FP1-EXP0003-B-005-CONTROL-R500-T2-U1-PD1000-9000,500,2,1,1000,9000,200,2,93000,3901,54,3767,80,0,0,54,3901,37,-594,690,1722,31,-1482,144,1639,16,-2001,477,1187,6,314,356,3046,3,-2772,-236,2213,0,,,,0,31,144,16,477,False
FP1-EXP0004-C-010-CONTROL-R500-T2-U1-PD1000-9000-RB200-BU2-FL185000,10,CONTROL,FP1-EXP0003-B-005-CONTROL-R500-T2-U1-PD1000-9000,500,2,1,1000,9000,200,2,185000,3901,20,3798,83,0,0,20,3901,14,-511,-269,860,10,-1748,-1035,193,4,-8072,-2083,-622,3,-5793,-2581,-77,2,-4375,-4375,-779,0,,,,0,10,-1035,4,-2083,False
FP1-EXP0004-C-011-CONTROL-R500-T2-U1-PD1000-9000-RB200-BU3-FL0,11,CONTROL,FP1-EXP0003-B-005-CONTROL-R500-T2-U1-PD1000-9000,500,2,1,1000,9000,200,3,0,3901,133,3697,70,1,0,133,3901,92,-291,195,891,81,-351,194,1143,41,-283,256,1271,11,-2581,1657,7333,8,-4507,-2768,7115,3,-6374,-5760,-2736,3,81,194,41,256,False
FP1-EXP0004-C-012-CONTROL-R500-T2-U1-PD1000-9000-RB200-BU3-FL6000,12,CONTROL,FP1-EXP0003-B-005-CONTROL-R500-T2-U1-PD1000-9000,500,2,1,1000,9000,200,3,6000,3901,123,3704,73,1,0,123,3901,89,-291,270,902,77,-924,238,1177,38,-586,504,1469,11,-2581,1657,7333,8,-4507,-2768,7115,3,-6374,-5760,-2736,3,77,238,38,504,True
FP1-EXP0004-C-013-CONTROL-R500-T2-U1-PD1000-9000-RB200-BU3-FL30000,13,CONTROL,FP1-EXP0003-B-005-CONTROL-R500-T2-U1-PD1000-9000,500,2,1,1000,9000,200,3,30000,3901,102,3722,77,0,0,102,3901,71,-380,135,1225,64,-1214,120,1177,34,-490,256,1176,9,-595,1876,6535,6,-2768,1544,7134,1,-2736,-2736,-2736,1,64,120,34,256,False
FP1-EXP0004-C-014-CONTROL-R500-T2-U1-PD1000-9000-RB200-BU3-FL93000,14,CONTROL,FP1-EXP0003-B-005-CONTROL-R500-T2-U1-PD1000-9000,500,2,1,1000,9000,200,3,93000,3901,48,3773,80,0,0,48,3901,36,-1442,270,1682,30,-1482,144,1639,16,-2118,249,1119,6,-2581,314,3046,3,-4375,-236,2213,0,,,,0,30,144,16,249,False
FP1-EXP0004-C-015-CONTROL-R500-T2-U1-PD1000-9000-RB200-BU3-FL185000,15,CONTROL,FP1-EXP0003-B-005-CONTROL-R500-T2-U1-PD1000-9000,500,2,1,1000,9000,200,3,185000,3901,18,3800,83,0,0,18,3901,13,-511,18,860,9,-1748,-569,193,4,-8072,-2083,-622,3,-5793,-2581,-77,2,-4375,-4375,-779,0,,,,0,9,-569,4,-2083,False
FP1-EXP0004-C-016-CONTROL-R500-T2-U1-PD1000-9000-RB200-BU4-FL0,16,CONTROL,FP1-EXP0003-B-005-CONTROL-R500-T2-U1-PD1000-9000,500,2,1,1000,9000,200,4,0,3901,95,3727,78,1,0,95,3901,74,-260,340,986,62,-406,120,1177,31,-586,33,1320,10,-3150,-595,5769,7,-3144,4418,7195,2,-6374,-6374,-3113,2,62,120,31,33,False
FP1-EXP0004-C-017-CONTROL-R500-T2-U1-PD1000-9000-RB200-BU4-FL6000,17,CONTROL,FP1-EXP0003-B-005-CONTROL-R500-T2-U1-PD1000-9000,500,2,1,1000,9000,200,4,6000,3901,92,3730,78,1,0,92,3901,74,-281,340,986,61,-814,120,1177,31,-902,-46,1320,10,-3150,-595,5769,7,-3144,4418,7195,2,-6374,-6374,-3113,2,61,120,31,-46,False
FP1-EXP0004-C-018-CONTROL-R500-T2-U1-PD1000-9000-RB200-BU4-FL30000,18,CONTROL,FP1-EXP0003-B-005-CONTROL-R500-T2-U1-PD1000-9000,500,2,1,1000,9000,200,4,30000,3901,82,3739,80,0,0,82,3901,65,-380,178,986,52,-814,80,1345,27,-490,620,1469,9,-3144,-132,3214,5,3349,4418,7134,1,-3113,-3113,-3113,1,52,80,27,620,False
FP1-EXP0004-C-019-CONTROL-R500-T2-U1-PD1000-9000-RB200-BU4-FL93000,19,CONTROL,FP1-EXP0003-B-005-CONTROL-R500-T2-U1-PD1000-9000,500,2,1,1000,9000,200,4,93000,3901,37,3782,82,0,0,37,3901,30,-511,668,1722,23,-1312,681,1703,12,-902,639,1320,6,-4262,314,2403,3,-236,1611,4418,0,,,,0,23,681,12,639,True
FP1-EXP0004-C-020-CONTROL-R500-T2-U1-PD1000-9000-RB200-BU4-FL185000,20,CONTROL,FP1-EXP0003-B-005-CONTROL-R500-T2-U1-PD1000-9000,500,2,1,1000,9000,200,4,185000,3901,16,3802,83,0,0,16,3901,13,-511,18,860,9,-1748,-569,193,4,-2083,-902,-622,3,-6265,-4262,-77,2,-779,-779,4418,0,,,,0,9,-569,4,-902,False
FP1-EXP0004-C-021-CONTROL-R500-T2-U1-PD1000-9000-RB200-BU8-FL0,21,CONTROL,FP1-EXP0003-B-005-CONTROL-R500-T2-U1-PD1000-9000,500,2,1,1000,9000,200,8,0,3901,40,3779,82,0,0,40,3901,30,-231,135,809,28,-406,222,1080,14,-622,-112,1117,4,-7160,-77,-10,1,-779,-779,-779,0,,,,0,28,222,14,-112,False
FP1-EXP0004-C-022-CONTROL-R500-T2-U1-PD1000-9000-RB200-BU8-FL6000,22,CONTROL,FP1-EXP0003-B-005-CONTROL-R500-T2-U1-PD1000-9000,500,2,1,1000,9000,200,8,6000,3901,39,3780,82,0,0,39,3901,28,-466,204,809,26,-406,250,1110,13,-622,-112,1117,4,-7160,-77,-10,1,-779,-779,-779,0,,,,0,26,250,13,-112,False
FP1-EXP0004-C-023-CONTROL-R500-T2-U1-PD1000-9000-RB200-BU8-FL30000,23,CONTROL,FP1-EXP0003-B-005-CONTROL-R500-T2-U1-PD1000-9000,500,2,1,1000,9000,200,8,30000,3901,35,3784,82,0,0,35,3901,26,-466,135,931,25,-357,252,1110,12,-958,-112,1117,4,-7160,-77,-10,1,-779,-779,-779,0,,,,0,25,252,12,-112,False
FP1-EXP0004-C-024-CONTROL-R500-T2-U1-PD1000-9000-RB200-BU8-FL93000,24,CONTROL,FP1-EXP0003-B-005-CONTROL-R500-T2-U1-PD1000-9000,500,2,1,1000,9000,200,8,93000,3901,23,3796,82,0,0,23,3901,19,-511,114,931,17,-569,250,1080,8,-622,-327,929,3,-394,-77,4047,1,-779,-779,-779,0,,,,0,17,250,8,-327,False
FP1-EXP0004-C-025-CONTROL-R500-T2-U1-PD1000-9000-RB200-BU8-FL185000,25,CONTROL,FP1-EXP0003-B-005-CONTROL-R500-T2-U1-PD1000-9000,500,2,1,1000,9000,200,8,185000,3901,9,3809,83,0,0,9,3901,7,-511,18,757,6,-1865,-569,193,1,-622,-622,-622,1,-77,-77,-77,1,-779,-779,-779,0,,,,0,6,-569,1,-622,False
FP1-EXP0004-C-026-CONTROL-R500-T2-U1-PD1000-9000-RB500-BU1-FL0,26,CONTROL,FP1-EXP0003-B-005-CONTROL-R500-T2-U1-PD1000-9000,500,2,1,1000,9000,500,1,0,3901,219,3633,49,0,0,219,3901,115,-449,261,1162,118,-842,125,1291,61,-1052,44,1403,27,-3380,-503,3620,25,-4323,-1403,2808,11,-8571,-4555,-2342,11,118,125,61,44,False
FP1-EXP0004-C-027-CONTROL-R500-T2-U1-PD1000-9000-RB500-BU1-FL6000,27,CONTROL,FP1-EXP0003-B-005-CONTROL-R500-T2-U1-PD1000-9000,500,2,1,1000,9000,500,1,6000,3901,175,3662,64,0,0,175,3901,100,-356,307,1149,100,-744,192,1177,50,-842,208,1403,21,-2376,-201,2965,19,-4501,-2376,3759,8,-8851,-6374,-3863,8,100,192,50,208,False
FP1-EXP0004-C-028-CONTROL-R500-T2-U1-PD1000-9000-RB500-BU1-FL30000,28,CONTROL,FP1-EXP0003-B-005-CONTROL-R500-T2-U1-PD1000-9000,500,2,1,1000,9000,500,1,30000,3901,121,3707,73,0,0,121,3901,78,-316,215,1355,71,-406,190,1291,35,-484,195,1469,10,440,1339,6535,7,-2772,-2584,3349,2,-2551,-2551,3040,2,71,190,35,195,False
FP1-EXP0004-C-029-CONTROL-R500-T2-U1-PD1000-9000-RB500-BU1-FL93000,29,CONTROL,FP1-EXP0003-B-005-CONTROL-R500-T2-U1-PD1000-9000,500,2,1,1000,9000,500,1,93000,3901,56,3767,78,0,0,56,3901,36,-1324,690,1722,32,-1382,305,1639,16,-2001,477,1187,6,314,356,3046,3,-2772,-236,2213,0,,,,0,32,305,16,477,False
FP1-EXP0004-C-030-CONTROL-R500-T2-U1-PD1000-9000-RB500-BU1-FL185000,30,CONTROL,FP1-EXP0003-B-005-CONTROL-R500-T2-U1-PD1000-9000,500,2,1,1000,9000,500,1,185000,3901,21,3797,83,0,0,21,3901,13,-326,18,860,9,-1128,-569,193,4,-8072,-2083,-622,3,-5793,-2581,-77,2,-4375,-4375,-779,0,,,,0,9,-569,4,-2083,False
FP1-EXP0004-C-031-CONTROL-R500-T2-U1-PD1000-9000-RB500-BU2-FL0,31,CONTROL,FP1-EXP0003-B-005-CONTROL-R500-T2-U1-PD1000-9000,500,2,1,1000,9000,500,2,0,3901,174,3666,60,1,0,174,3901,105,-281,195,1171,96,-569,133,1284,48,-586,144,1469,16,-3380,-10,2965,14,-3839,-2772,3759,7,-6620,-5760,-2551,7,96,133,48,144,False
FP1-EXP0004-C-032-CONTROL-R500-T2-U1-PD1000-9000-RB500-BU2-FL6000,32,CONTROL,FP1-EXP0003-B-005-CONTROL-R500-T2-U1-PD1000-9000,500,2,1,1000,9000,500,2,6000,3901,152,3680,68,1,0,152,3901,95,-252,220,1171,88,-539,133,1177,43,-586,391,1535,14,-503,1121,3620,12,-3839,-2772,3759,6,-6374,-5760,-2551,6,88,133,43,391,False
FP1-EXP0004-C-033-CONTROL-R500-T2-U1-PD1000-9000-RB500-BU2-FL30000,33,CONTROL,FP1-EXP0003-B-005-CONTROL-R500-T2-U1-PD1000-9000,500,2,1,1000,9000,500,2,30000,3901,117,3710,74,0,0,117,3901,78,-356,195,1304,68,-969,133,1284,34,-484,144,1469,9,1121,2131,6535,6,-2772,-2584,3349,2,-2551,-2551,2478,2,68,133,34,144,False
FP1-EXP0004-C-034-CONTROL-R500-T2-U1-PD1000-9000-RB500-BU2-FL93000,34,CONTROL,FP1-EXP0003-B-005-CONTROL-R500-T2-U1-PD1000-9000,500,2,1,1000,9000,500,2,93000,3901,53,3768,80,0,0,53,3901,36,-1324,690,1722,30,-1382,144,1639,16,-2001,477,1187,6,314,356,3046,3,-2772,-236,2213,0,,,,0,30,144,16,477,False
FP1-EXP0004-C-035-CONTROL-R500-T2-U1-PD1000-9000-RB500-BU2-FL185000,35,CONTROL,FP1-EXP0003-B-005-CONTROL-R500-T2-U1-PD1000-9000,500,2,1,1000,9000,500,2,185000,3901,19,3799,83,0,0,19,3901,13,-326,18,860,9,-1128,-569,193,4,-8072,-2083,-622,3,-5793,-2581,-77,2,-4375,-4375,-779,0,,,,0,9,-569,4,-2083,False
FP1-EXP0004-C-036-CONTROL-R500-T2-U1-PD1000-9000-RB500-BU3-FL0,36,CONTROL,FP1-EXP0003-B-005-CONTROL-R500-T2-U1-PD1000-9000,500,2,1,1000,9000,500,3,0,3901,129,3701,70,1,0,129,3901,87,-288,195,1149,79,-398,133,1177,41,-374,208,1245,11,-2581,1657,7333,8,-4507,-2768,7115,3,-6374,-5760,-2736,3,79,133,41,208,False
FP1-EXP0004-C-037-CONTROL-R500-T2-U1-PD1000-9000-RB500-BU3-FL6000,37,CONTROL,FP1-EXP0003-B-005-CONTROL-R500-T2-U1-PD1000-9000,500,2,1,1000,9000,500,3,6000,3901,118,3709,73,1,0,118,3901,84,-291,262,1149,75,-1214,166,1215,38,-586,256,1469,11,-2581,1657,7333,8,-4507,-2768,7115,3,-6374,-5760,-2736,3,75,166,38,256,False
FP1-EXP0004-C-038-CONTROL-R500-T2-U1-PD1000-9000-RB500-BU3-FL30000,38,CONTROL,FP1-EXP0003-B-005-CONTROL-R500-T2-U1-PD1000-9000,500,2,1,1000,9000,500,3,30000,3901,98,3726,77,0,0,98,3901,68,-380,135,1225,61,-969,133,1215,32,-958,256,1176,9,-595,1876,6535,6,-2768,1544,7134,1,-2736,-2736,-2736,1,61,133,32,256,False
FP1-EXP0004-C-039-CONTROL-R500-T2-U1-PD1000-9000-RB500-BU3-FL93000,39,CONTROL,FP1-EXP0003-B-005-CONTROL-R500-T2-U1-PD1000-9000,500,2,1,1000,9000,500,3,93000,3901,47,3774,80,0,0,47,3901,35,-1442,668,1722,29,-1382,305,1639,16,-2118,249,1119,6,-2581,314,3046,3,-4375,-236,2213,0,,,,0,29,305,16,249,False
FP1-EXP0004-C-040-CONTROL-R500-T2-U1-PD1000-9000-RB500-BU3-FL185000,40,CONTROL,FP1-EXP0003-B-005-CONTROL-R500-T2-U1-PD1000-9000,500,2,1,1000,9000,500,3,185000,3901,17,3801,83,0,0,17,3901,12,-613,18,860,8,-1748,-569,193,4,-8072,-2083,-622,3,-5793,-2581,-77,2,-4375,-4375,-779,0,,,,0,8,-569,4,-2083,False
FP1-EXP0004-C-041-CONTROL-R500-T2-U1-PD1000-9000-RB500-BU4-FL0,41,CONTROL,FP1-EXP0003-B-005-CONTROL-R500-T2-U1-PD1000-9000,500,2,1,1000,9000,500,4,0,3901,92,3730,78,1,0,92,3901,70,-281,370,1149,60,-1214,120,1177,30,-586,33,1320,10,-3380,-595,5769,7,-3144,4418,7195,2,-6374,-6374,-3113,2,60,120,30,33,False
FP1-EXP0004-C-042-CONTROL-R500-T2-U1-PD1000-9000-RB500-BU4-FL6000,42,CONTROL,FP1-EXP0003-B-005-CONTROL-R500-T2-U1-PD1000-9000,500,2,1,1000,9000,500,4,6000,3901,88,3734,78,1,0,88,3901,70,-356,370,1149,59,-1244,120,1345,30,-902,-91,1320,10,-3380,-595,5769,7,-3144,4418,7195,2,-6374,-6374,-3113,2,59,120,30,-91,False
FP1-EXP0004-C-043-CONTROL-R500-T2-U1-PD1000-9000-RB500-BU4-FL30000,43,CONTROL,FP1-EXP0003-B-005-CONTROL-R500-T2-U1-PD1000-9000,500,2,1,1000,9000,500,4,30000,3901,79,3742,80,0,0,79,3901,63,-380,178,1017,50,-593,120,1414,26,-490,620,1469,9,-3144,-132,3214,5,3349,4418,7134,1,-3113,-3113,-3113,1,50,120,26,620,False
FP1-EXP0004-C-044-CONTROL-R500-T2-U1-PD1000-9000-RB500-BU4-FL93000,44,CONTROL,FP1-EXP0003-B-005-CONTROL-R500-T2-U1-PD1000-9000,500,2,1,1000,9000,500,4,93000,3901,36,3783,82,0,0,36,3901,29,-326,690,1722,22,-1128,681,1703,12,-902,639,1320,6,-4262,314,2403,3,-236,1611,4418,0,,,,0,22,681,12,639,False
FP1-EXP0004-C-045-CONTROL-R500-T2-U1-PD1000-9000-RB500-BU4-FL185000,45,CONTROL,FP1-EXP0003-B-005-CONTROL-R500-T2-U1-PD1000-9000,500,2,1,1000,9000,500,4,185000,3901,15,3803,83,0,0,15,3901,12,-613,18,860,8,-1748,-569,193,4,-2083,-902,-622,3,-6265,-4262,-77,2,-779,-779,4418,0,,,,0,8,-569,4,-902,False
FP1-EXP0004-C-046-CONTROL-R500-T2-U1-PD1000-9000-RB500-BU8-FL0,46,CONTROL,FP1-EXP0003-B-005-CONTROL-R500-T2-U1-PD1000-9000,500,2,1,1000,9000,500,8,0,3901,38,3781,82,0,0,38,3901,29,-214,204,809,27,-357,250,1110,14,-622,-112,1117,4,-7160,-77,-10,1,-779,-779,-779,0,,,,0,27,250,14,-112,False
FP1-EXP0004-C-047-CONTROL-R500-T2-U1-PD1000-9000-RB500-BU8-FL6000,47,CONTROL,FP1-EXP0003-B-005-CONTROL-R500-T2-U1-PD1000-9000,500,2,1,1000,9000,500,8,6000,3901,37,3782,82,0,0,37,3901,27,-231,236,931,25,-357,252,1110,13,-622,-112,1117,4,-7160,-77,-10,1,-779,-779,-779,0,,,,0,25,252,13,-112,False
FP1-EXP0004-C-048-CONTROL-R500-T2-U1-PD1000-9000-RB500-BU8-FL30000,48,CONTROL,FP1-EXP0003-B-005-CONTROL-R500-T2-U1-PD1000-9000,500,2,1,1000,9000,500,8,30000,3901,33,3786,82,0,0,33,3901,25,-231,204,931,24,-357,252,1110,12,-958,-112,1117,4,-7160,-77,-10,1,-779,-779,-779,0,,,,0,24,252,12,-112,False
FP1-EXP0004-C-049-CONTROL-R500-T2-U1-PD1000-9000-RB500-BU8-FL93000,49,CONTROL,FP1-EXP0003-B-005-CONTROL-R500-T2-U1-PD1000-9000,500,2,1,1000,9000,500,8,93000,3901,22,3797,82,0,0,22,3901,18,-466,114,931,16,-569,250,1080,8,-622,-327,929,3,-394,-77,4047,1,-779,-779,-779,0,,,,0,16,250,8,-327,False
FP1-EXP0004-C-050-CONTROL-R500-T2-U1-PD1000-9000-RB500-BU8-FL185000,50,CONTROL,FP1-EXP0003-B-005-CONTROL-R500-T2-U1-PD1000-9000,500,2,1,1000,9000,500,8,185000,3901,8,3810,83,0,0,8,3901,6,-294,18,757,5,-569,-497,193,1,-622,-622,-622,1,-77,-77,-77,1,-779,-779,-779,0,,,,0,5,-497,1,-622,False
FP1-EXP0004-C-051-CONTROL-R500-T2-U1-PD1000-9000-RB800-BU1-FL0,51,CONTROL,FP1-EXP0003-B-005-CONTROL-R500-T2-U1-PD1000-9000,500,2,1,1000,9000,800,1,0,3901,207,3645,49,0,0,207,3901,111,-225,220,1304,109,-842,84,1215,52,-1280,166,1469,24,-2746,314,3214,22,-4323,-1403,2808,10,-8571,-6374,-2551,10,109,84,52,166,True
FP1-EXP0004-C-052-CONTROL-R500-T2-U1-PD1000-9000-RB800-BU1-FL6000,52,CONTROL,FP1-EXP0003-B-005-CONTROL-R500-T2-U1-PD1000-9000,500,2,1,1000,9000,800,1,6000,3901,163,3673,65,0,0,163,3901,95,-128,261,1225,91,-539,133,1284,44,-627,309,1469,18,-1870,314,3214,16,-4501,-2584,2808,7,-8851,-6374,-2551,7,91,133,44,309,False
FP1-EXP0004-C-053-CONTROL-R500-T2-U1-PD1000-9000-RB800-BU1-FL30000,53,CONTROL,FP1-EXP0003-B-005-CONTROL-R500-T2-U1-PD1000-9000,500,2,1,1000,9000,800,1,30000,3901,119,3709,73,0,0,119,3901,76,-288,261,1355,69,-406,133,1284,33,-294,390,1176,10,314,1121,6535,7,-2772,-2584,3349,2,-2551,-2551,3040,2,69,133,33,390,False
FP1-EXP0004-C-054-CONTROL-R500-T2-U1-PD1000-9000-RB800-BU1-FL93000,54,CONTROL,FP1-EXP0003-B-005-CONTROL-R500-T2-U1-PD1000-9000,500,2,1,1000,9000,800,1,93000,3901,55,3768,78,0,0,55,3901,35,-594,788,1934,31,-1128,443,1703,15,-1011,526,1320,6,314,356,3046,3,-2772,-236,2213,0,,,,0,31,443,15,526,True
FP1-EXP0004-C-055-CONTROL-R500-T2-U1-PD1000-9000-RB800-BU1-FL185000,55,CONTROL,FP1-EXP0003-B-005-CONTROL-R500-T2-U1-PD1000-9000,500,2,1,1000,9000,800,1,185000,3901,21,3797,83,0,0,21,3901,13,-326,18,860,9,-1128,-569,193,4,-8072,-2083,-622,3,-5793,-2581,-77,2,-4375,-4375,-779,0,,,,0,9,-569,4,-2083,False
FP1-EXP0004-C-056-CONTROL-R500-T2-U1-PD1000-9000-RB800-BU2-FL0,56,CONTROL,FP1-EXP0003-B-005-CONTROL-R500-T2-U1-PD1000-9000,500,2,1,1000,9000,800,2,0,3901,163,3677,60,1,0,163,3901,98,-225,205,1321,87,-569,96,1501,41,-294,391,1535,14,-201,1121,6933,12,-3166,-2584,1544,6,-6620,-6374,-2551,6,87,96,41,391,True
FP1-EXP0004-C-057-CONTROL-R500-T2-U1-PD1000-9000-RB800-BU2-FL6000,57,CONTROL,FP1-EXP0003-B-005-CONTROL-R500-T2-U1-PD1000-9000,500,2,1,1000,9000,800,2,6000,3901,141,3691,68,1,0,141,3901,88,-160,220,1304,79,-539,84,1284,38,-294,391,1535,12,-10,1657,6933,10,-3076,-2584,3349,5,-6374,-5760,-2551,5,79,84,38,391,False
FP1-EXP0004-C-058-CONTROL-R500-T2-U1-PD1000-9000-RB800-BU2-FL30000,58,CONTROL,FP1-EXP0003-B-005-CONTROL-R500-T2-U1-PD1000-9000,500,2,1,1000,9000,800,2,30000,3901,115,3712,74,0,0,115,3901,76,-291,220,1304,66,-969,84,1284,32,-484,144,1176,9,314,1876,6535,6,-2772,-2584,3349,2,-2551,-2551,2478,2,66,84,32,144,False
FP1-EXP0004-C-059-CONTROL-R500-T2-U1-PD1000-9000-RB800-BU2-FL93000,59,CONTROL,FP1-EXP0003-B-005-CONTROL-R500-T2-U1-PD1000-9000,500,2,1,1000,9000,800,2,93000,3901,52,3769,80,0,0,52,3901,35,-594,788,1934,29,-1128,305,1639,15,-1011,526,1320,6,314,356,3046,3,-2772,-236,2213,0,,,,0,29,305,15,526,False
FP1-EXP0004-C-060-CONTROL-R500-T2-U1-PD1000-9000-RB800-BU2-FL185000,60,CONTROL,FP1-EXP0003-B-005-CONTROL-R500-T2-U1-PD1000-9000,500,2,1,1000,9000,800,2,185000,3901,19,3799,83,0,0,19,3901,13,-326,18,860,9,-1128,-569,193,4,-8072,-2083,-622,3,-5793,-2581,-77,2,-4375,-4375,-779,0,,,,0,9,-569,4,-2083,False
FP1-EXP0004-C-061-CONTROL-R500-T2-U1-PD1000-9000-RB800-BU3-FL0,61,CONTROL,FP1-EXP0003-B-005-CONTROL-R500-T2-U1-PD1000-9000,500,2,1,1000,9000,800,3,0,3901,126,3704,70,1,0,126,3901,83,-288,186,1162,77,-398,115,1177,42,-294,182,1245,11,314,1876,6933,8,-4375,1544,7134,3,-6374,-5760,-2736,3,77,115,42,182,False
FP1-EXP0004-C-062-CONTROL-R500-T2-U1-PD1000-9000-RB800-BU3-FL6000,62,CONTROL,FP1-EXP0003-B-005-CONTROL-R500-T2-U1-PD1000-9000,500,2,1,1000,9000,800,3,6000,3901,116,3711,73,1,0,116,3901,81,-288,209,1162,74,-630,133,1215,40,-374,188,1245,11,314,1876,6933,8,-4375,1544,7134,3,-6374,-5760,-2736,3,74,133,40,188,False
FP1-EXP0004-C-063-CONTROL-R500-T2-U1-PD1000-9000-RB800-BU3-FL30000,63,CONTROL,FP1-EXP0003-B-005-CONTROL-R500-T2-U1-PD1000-9000,500,2,1,1000,9000,800,3,30000,3901,97,3727,77,0,0,97,3901,67,-358,205,1266,60,-1214,120,1215,31,-490,526,1469,9,-595,1876,6535,6,-2768,1544,7134,1,-2736,-2736,-2736,1,60,120,31,526,True
FP1-EXP0004-C-064-CONTROL-R500-T2-U1-PD1000-9000-RB800-BU3-FL93000,64,CONTROL,FP1-EXP0003-B-005-CONTROL-R500-T2-U1-PD1000-9000,500,2,1,1000,9000,800,3,93000,3901,46,3775,80,0,0,46,3901,34,-1324,668,1722,28,-1382,305,1639,15,-1011,477,1320,6,-2581,314,3046,3,-4375,-236,2213,0,,,,0,28,305,15,477,False
FP1-EXP0004-C-065-CONTROL-R500-T2-U1-PD1000-9000-RB800-BU3-FL185000,65,CONTROL,FP1-EXP0003-B-005-CONTROL-R500-T2-U1-PD1000-9000,500,2,1,1000,9000,800,3,185000,3901,17,3801,83,0,0,17,3901,12,-613,18,860,8,-1748,-569,193,4,-8072,-2083,-622,3,-5793,-2581,-77,2,-4375,-4375,-779,0,,,,0,8,-569,4,-2083,False
FP1-EXP0004-C-066-CONTROL-R500-T2-U1-PD1000-9000-RB800-BU4-FL0,66,CONTROL,FP1-EXP0003-B-005-CONTROL-R500-T2-U1-PD1000-9000,500,2,1,1000,9000,800,4,0,3901,89,3733,78,1,0,89,3901,68,-281,329,1017,56,-593,133,1345,28,-490,414,1320,10,-3144,-132,5769,6,3349,4418,7195,2,-6374,-6374,-3113,2,56,133,28,414,False
FP1-EXP0004-C-067-CONTROL-R500-T2-U1-PD1000-9000-RB800-BU4-FL6000,67,CONTROL,FP1-EXP0003-B-005-CONTROL-R500-T2-U1-PD1000-9000,500,2,1,1000,9000,800,4,6000,3901,86,3736,78,1,0,86,3901,69,-281,329,1017,56,-1214,120,1345,29,-490,414,1320,10,-3144,-132,5769,6,3349,4418,7195,2,-6374,-6374,-3113,2,56,120,29,414,False
FP1-EXP0004-C-068-CONTROL-R500-T2-U1-PD1000-9000-RB800-BU4-FL30000,68,CONTROL,FP1-EXP0003-B-005-CONTROL-R500-T2-U1-PD1000-9000,500,2,1,1000,9000,800,4,30000,3901,79,3742,80,0,0,79,3901,63,-358,205,1017,49,-593,120,1414,25,-321,639,1469,9,-3144,-132,3214,5,3349,4418,7134,1,-3113,-3113,-3113,1,49,120,25,639,False
FP1-EXP0004-C-069-CONTROL-R500-T2-U1-PD1000-9000-RB800-BU4-FL93000,69,CONTROL,FP1-EXP0003-B-005-CONTROL-R500-T2-U1-PD1000-9000,500,2,1,1000,9000,800,4,93000,3901,35,3784,82,0,0,35,3901,28,-326,690,1722,21,-593,776,1703,11,-518,929,1808,6,-4262,314,2403,3,-236,1611,4418,0,,,,0,21,776,11,929,True
FP1-EXP0004-C-070-CONTROL-R500-T2-U1-PD1000-9000-RB800-BU4-FL185000,70,CONTROL,FP1-EXP0003-B-005-CONTROL-R500-T2-U1-PD1000-9000,500,2,1,1000,9000,800,4,185000,3901,15,3803,83,0,0,15,3901,12,-613,18,860,8,-1748,-569,193,4,-2083,-902,-622,3,-6265,-4262,-77,2,-779,-779,4418,0,,,,0,8,-569,4,-902,False
FP1-EXP0004-C-071-CONTROL-R500-T2-U1-PD1000-9000-RB800-BU8-FL0,71,CONTROL,FP1-EXP0003-B-005-CONTROL-R500-T2-U1-PD1000-9000,500,2,1,1000,9000,800,8,0,3901,35,3784,82,0,0,35,3901,27,-214,236,931,25,-231,252,1110,12,-622,-112,1117,4,-7160,-77,-10,1,-779,-779,-779,0,,,,0,25,252,12,-112,False
FP1-EXP0004-C-072-CONTROL-R500-T2-U1-PD1000-9000-RB800-BU8-FL6000,72,CONTROL,FP1-EXP0003-B-005-CONTROL-R500-T2-U1-PD1000-9000,500,2,1,1000,9000,800,8,6000,3901,35,3784,82,0,0,35,3901,26,-214,236,931,24,-357,252,1110,12,-622,-112,1117,4,-7160,-77,-10,1,-779,-779,-779,0,,,,0,24,252,12,-112,False
FP1-EXP0004-C-073-CONTROL-R500-T2-U1-PD1000-9000-RB800-BU8-FL30000,73,CONTROL,FP1-EXP0003-B-005-CONTROL-R500-T2-U1-PD1000-9000,500,2,1,1000,9000,800,8,30000,3901,32,3787,82,0,0,32,3901,24,-231,204,931,23,-231,483,1314,11,-622,826,2386,4,-7160,-77,-10,1,-779,-779,-779,0,,,,0,23,483,11,826,True
FP1-EXP0004-C-074-CONTROL-R500-T2-U1-PD1000-9000-RB800-BU8-FL93000,74,CONTROL,FP1-EXP0003-B-005-CONTROL-R500-T2-U1-PD1000-9000,500,2,1,1000,9000,800,8,93000,3901,21,3798,82,0,0,21,3901,17,-214,149,931,15,-357,410,1110,7,-338,-112,2208,3,-394,-77,4047,1,-779,-779,-779,0,,,,0,15,410,7,-112,False
FP1-EXP0004-C-075-CONTROL-R500-T2-U1-PD1000-9000-RB800-BU8-FL185000,75,CONTROL,FP1-EXP0003-B-005-CONTROL-R500-T2-U1-PD1000-9000,500,2,1,1000,9000,800,8,185000,3901,8,3810,83,0,0,8,3901,6,-294,18,757,5,-569,-497,193,1,-622,-622,-622,1,-77,-77,-77,1,-779,-779,-779,0,,,,0,5,-497,1,-622,False
FP1-EXP0004-C-076-CONTROL-R500-T2-U1-PD1000-9000-RB2300-BU1-FL0,76,CONTROL,FP1-EXP0003-B-005-CONTROL-R500-T2-U1-PD1000-9000,500,2,1,1000,9000,2300,1,0,3901,164,3684,52,1,0,164,3901,84,-250,233,1350,92,-1229,89,1030,53,-842,297,1143,22,-2931,-842,4198,19,-6539,-1403,3334,7,-8851,-7769,-4555,7,92,89,53,297,False
FP1-EXP0004-C-077-CONTROL-R500-T2-U1-PD1000-9000-RB2300-BU1-FL6000,77,CONTROL,FP1-EXP0003-B-005-CONTROL-R500-T2-U1-PD1000-9000,500,2,1,1000,9000,2300,1,6000,3901,125,3710,66,0,0,125,3901,69,-234,262,1526,73,-842,164,997,42,-533,391,1143,17,-1870,-201,4950,14,-4641,-2042,3334,5,-8851,-8571,-7769,5,73,164,42,391,True
FP1-EXP0004-C-078-CONTROL-R500-T2-U1-PD1000-9000-RB2300-BU1-FL30000,78,CONTROL,FP1-EXP0003-B-005-CONTROL-R500-T2-U1-PD1000-9000,500,2,1,1000,9000,2300,1,30000,3901,92,3736,73,0,0,92,3901,60,-250,277,1415,52,-1214,194,1261,26,-211,784,1316,9,-1272,-10,4950,5,-2772,5,3334,0,,,,0,52,194,26,784,True
FP1-EXP0004-C-079-CONTROL-R500-T2-U1-PD1000-9000-RB2300-BU1-FL93000,79,CONTROL,FP1-EXP0003-B-005-CONTROL-R500-T2-U1-PD1000-9000,500,2,1,1000,9000,2300,1,93000,3901,53,3770,78,0,0,53,3901,34,-326,788,1620,29,-1128,443,1639,13,-518,526,1187,6,-394,356,3046,3,-2772,-236,2213,0,,,,0,29,443,13,526,False
FP1-EXP0004-C-080-CONTROL-R500-T2-U1-PD1000-9000-RB2300-BU1-FL185000,80,CONTROL,FP1-EXP0003-B-005-CONTROL-R500-T2-U1-PD1000-9000,500,2,1,1000,9000,2300,1,185000,3901,21,3797,83,0,0,21,3901,13,-326,18,860,9,-1128,-569,193,4,-8072,-2083,-622,3,-5793,-2581,-77,2,-4375,-4375,-779,0,,,,0,9,-569,4,-2083,False
FP1-EXP0004-C-081-CONTROL-R500-T2-U1-PD1000-9000-RB2300-BU2-FL0,81,CONTROL,FP1-EXP0003-B-005-CONTROL-R500-T2-U1-PD1000-9000,500,2,1,1000,9000,2300,2,0,3901,125,3713,63,0,0,125,3901,74,-160,150,1340,69,-656,52,1143,35,17,748,1469,11,-201,1121,4950,8,-4507,-2772,5,4,-9251,-8235,-6620,4,69,52,35,748,True
FP1-EXP0004-C-082-CONTROL-R500-T2-U1-PD1000-9000-RB2300-BU2-FL6000,82,CONTROL,FP1-EXP0003-B-005-CONTROL-R500-T2-U1-PD1000-9000,500,2,1,1000,9000,2300,2,6000,3901,105,3726,70,0,0,105,3901,66,-160,150,1526,60,-1059,54,917,31,17,784,1469,10,-132,1121,4950,7,-3166,-2224,4527,3,-9251,-8235,-5760,3,60,54,31,784,True
FP1-EXP0004-C-083-CONTROL-R500-T2-U1-PD1000-9000-RB2300-BU2-FL30000,83,CONTROL,FP1-EXP0003-B-005-CONTROL-R500-T2-U1-PD1000-9000,500,2,1,1000,9000,2300,2,30000,3901,86,3740,75,0,0,86,3901,59,-250,277,1520,47,-1214,228,1360,23,63,826,1412,7,-132,1121,6535,3,-2772,5,4527,0,,,,0,47,228,23,826,True
FP1-EXP0004-C-084-CONTROL-R500-T2-U1-PD1000-9000-RB2300-BU2-FL93000,84,CONTROL,FP1-EXP0003-B-005-CONTROL-R500-T2-U1-PD1000-9000,500,2,1,1000,9000,2300,2,93000,3901,50,3771,80,0,0,50,3901,34,-326,788,1620,27,-1312,410,1639,13,-518,526,1187,6,-394,356,3046,3,-2772,-236,2213,0,,,,0,27,410,13,526,False
FP1-EXP0004-C-085-CONTROL-R500-T2-U1-PD1000-9000-RB2300-BU2-FL185000,85,CONTROL,FP1-EXP0003-B-005-CONTROL-R500-T2-U1-PD1000-9000,500,2,1,1000,9000,2300,2,185000,3901,19,3799,83,0,0,19,3901,13,-326,18,860,9,-1128,-569,193,4,-8072,-2083,-622,3,-5793,-2581,-77,2,-4375,-4375,-779,0,,,,0,9,-569,4,-2083,False
FP1-EXP0004-C-086-CONTROL-R500-T2-U1-PD1000-9000-RB2300-BU3-FL0,86,CONTROL,FP1-EXP0003-B-005-CONTROL-R500-T2-U1-PD1000-9000,500,2,1,1000,9000,2300,3,0,3901,93,3736,71,1,0,93,3901,63,-54,150,1325,57,-861,110,804,31,-257,526,1412,9,-10,1657,6535,5,-4375,-236,1170,2,-7978,-7978,-5760,2,57,110,31,526,False
FP1-EXP0004-C-087-CONTROL-R500-T2-U1-PD1000-9000-RB2300-BU3-FL6000,87,CONTROL,FP1-EXP0003-B-005-CONTROL-R500-T2-U1-PD1000-9000,500,2,1,1000,9000,2300,3,6000,3901,84,3742,74,1,0,84,3901,60,-250,150,1325,52,-1220,110,804,27,-518,826,1412,8,-132,356,4950,4,-4507,-4375,-236,1,-5760,-5760,-5760,1,52,110,27,826,True
FP1-EXP0004-C-088-CONTROL-R500-T2-U1-PD1000-9000-RB2300-BU3-FL30000,88,CONTROL,FP1-EXP0003-B-005-CONTROL-R500-T2-U1-PD1000-9000,500,2,1,1000,9000,2300,3,30000,3901,73,3751,77,0,0,73,3901,53,-250,277,1340,43,-1220,194,1360,22,-518,826,1412,7,-132,356,6535,3,-4375,-236,4527,0,,,,0,43,194,22,826,False
FP1-EXP0004-C-089-CONTROL-R500-T2-U1-PD1000-9000-RB2300-BU3-FL93000,89,CONTROL,FP1-EXP0003-B-005-CONTROL-R500-T2-U1-PD1000-9000,500,2,1,1000,9000,2300,3,93000,3901,44,3777,80,0,0,44,3901,33,-594,690,1493,26,-1312,410,1639,13,-518,249,989,6,-2581,-394,3046,3,-4375,-236,2213,0,,,,0,26,410,13,249,False
FP1-EXP0004-C-090-CONTROL-R500-T2-U1-PD1000-9000-RB2300-BU3-FL185000,90,CONTROL,FP1-EXP0003-B-005-CONTROL-R500-T2-U1-PD1000-9000,500,2,1,1000,9000,2300,3,185000,3901,17,3801,83,0,0,17,3901,12,-613,18,860,8,-1748,-569,193,4,-8072,-2083,-622,3,-5793,-2581,-77,2,-4375,-4375,-779,0,,,,0,8,-569,4,-2083,False
FP1-EXP0004-C-091-CONTROL-R500-T2-U1-PD1000-9000-RB2300-BU4-FL0,91,CONTROL,FP1-EXP0003-B-005-CONTROL-R500-T2-U1-PD1000-9000,500,2,1,1000,9000,2300,4,0,3901,67,3755,78,1,0,67,3901,54,-80,277,1340,43,-1175,120,692,21,-321,103,966,8,-4262,-10,4387,4,-236,1730,4013,1,-8364,-8364,-8364,1,43,120,21,103,False
FP1-EXP0004-C-092-CONTROL-R500-T2-U1-PD1000-9000-RB2300-BU4-FL6000,92,CONTROL,FP1-EXP0003-B-005-CONTROL-R500-T2-U1-PD1000-9000,500,2,1,1000,9000,2300,4,6000,3901,64,3758,78,1,0,64,3901,53,-80,324,1340,42,-1214,120,692,20,-902,63,966,7,-4262,-10,4387,3,-236,4013,4418,0,,,,0,42,120,20,63,False
FP1-EXP0004-C-093-CONTROL-R500-T2-U1-PD1000-9000-RB2300-BU4-FL30000,93,CONTROL,FP1-EXP0003-B-005-CONTROL-R500-T2-U1-PD1000-9000,500,2,1,1000,9000,2300,4,30000,3901,60,3761,80,0,0,60,3901,50,-40,202,1386,38,-1175,194,986,18,-518,79,1009,7,-4262,-10,4387,3,-236,4013,4418,0,,,,0,38,194,18,79,False
FP1-EXP0004-C-094-CONTROL-R500-T2-U1-PD1000-9000-RB2300-BU4-FL93000,94,CONTROL,FP1-EXP0003-B-005-CONTROL-R500-T2-U1-PD1000-9000,500,2,1,1000,9000,2300,4,93000,3901,35,3784,82,0,0,35,3901,28,-326,690,1413,21,-593,546,1360,11,-518,639,1808,6,-4262,-394,2403,3,-236,1611,4418,0,,,,0,21,546,11,639,False
FP1-EXP0004-C-095-CONTROL-R500-T2-U1-PD1000-9000-RB2300-BU4-FL185000,95,CONTROL,FP1-EXP0003-B-005-CONTROL-R500-T2-U1-PD1000-9000,500,2,1,1000,9000,2300,4,185000,3901,15,3803,83,0,0,15,3901,12,-613,18,860,8,-1748,-569,193,4,-2083,-902,-622,3,-6265,-4262,-77,2,-779,-779,4418,0,,,,0,8,-569,4,-902,False
FP1-EXP0004-C-096-CONTROL-R500-T2-U1-PD1000-9000-RB2300-BU8-FL0,96,CONTROL,FP1-EXP0003-B-005-CONTROL-R500-T2-U1-PD1000-9000,500,2,1,1000,9000,2300,8,0,3901,28,3791,82,0,0,28,3901,22,-231,137,931,19,-357,494,1110,9,-338,826,1117,4,-7160,-77,-10,1,-779,-779,-779,0,,,,0,19,494,9,826,False
FP1-EXP0004-C-097-CONTROL-R500-T2-U1-PD1000-9000-RB2300-BU8-FL6000,97,CONTROL,FP1-EXP0003-B-005-CONTROL-R500-T2-U1-PD1000-9000,500,2,1,1000,9000,2300,8,6000,3901,28,3791,82,0,0,28,3901,22,-231,137,931,19,-357,494,1110,9,-338,826,1117,4,-7160,-77,-10,1,-779,-779,-779,0,,,,0,19,494,9,826,False
FP1-EXP0004-C-098-CONTROL-R500-T2-U1-PD1000-9000-RB2300-BU8-FL30000,98,CONTROL,FP1-EXP0003-B-005-CONTROL-R500-T2-U1-PD1000-9000,500,2,1,1000,9000,2300,8,30000,3901,27,3792,82,0,0,27,3901,22,-231,114,931,19,-357,494,1110,9,-338,826,1117,4,-7160,-77,-10,1,-779,-779,-779,0,,,,0,19,494,9,826,False
FP1-EXP0004-C-099-CONTROL-R500-T2-U1-PD1000-9000-RB2300-BU8-FL93000,99,CONTROL,FP1-EXP0003-B-005-CONTROL-R500-T2-U1-PD1000-9000,500,2,1,1000,9000,2300,8,93000,3901,21,3798,82,0,0,21,3901,17,-214,149,931,15,-357,410,1110,7,-338,-112,2208,3,-394,-77,4047,1,-779,-779,-779,0,,,,0,15,410,7,-112,False
FP1-EXP0004-C-100-CONTROL-R500-T2-U1-PD1000-9000-RB2300-BU8-FL185000,100,CONTROL,FP1-EXP0003-B-005-CONTROL-R500-T2-U1-PD1000-9000,500,2,1,1000,9000,2300,8,185000,3901,8,3810,83,0,0,8,3901,6,-294,18,757,5,-569,-497,193,1,-622,-622,-622,1,-77,-77,-77,1,-779,-779,-779,0,,,,0,5,-497,1,-622,False
FP1-EXP0004-C-101-CONTROL-R500-T2-U1-PD1000-9000-RB7300-BU1-FL0,101,CONTROL,FP1-EXP0003-B-005-CONTROL-R500-T2-U1-PD1000-9000,500,2,1,1000,9000,7300,1,0,3901,70,3760,67,4,0,70,3901,34,-702,78,1092,36,-1570,31,1146,26,-1767,390,2213,9,-2581,-137,553,8,-6773,-4247,-193,4,-9307,-8281,-8235,4,36,31,26,390,False
FP1-EXP0004-C-102-CONTROL-R500-T2-U1-PD1000-9000-RB7300-BU1-FL6000,102,CONTROL,FP1-EXP0003-B-005-CONTROL-R500-T2-U1-PD1000-9000,500,2,1,1000,9000,7300,1,6000,3901,55,3768,75,3,0,55,3901,30,-901,-28,589,28,-2496,-72,645,21,-728,390,1657,7,-2581,-137,553,6,-4375,-4247,-193,4,-9307,-8281,-8235,4,28,-72,21,390,False
FP1-EXP0004-C-103-CONTROL-R500-T2-U1-PD1000-9000-RB7300-BU1-FL30000,103,CONTROL,FP1-EXP0003-B-005-CONTROL-R500-T2-U1-PD1000-9000,500,2,1,1000,9000,7300,1,30000,3901,39,3781,79,2,0,39,3901,24,-831,-28,589,19,-3702,22,741,12,-83,960,1325,3,-4871,-2581,553,2,-4375,-4375,-193,0,,,,0,19,22,12,960,True
FP1-EXP0004-C-104-CONTROL-R500-T2-U1-PD1000-9000-RB7300-BU1-FL93000,104,CONTROL,FP1-EXP0003-B-005-CONTROL-R500-T2-U1-PD1000-9000,500,2,1,1000,9000,7300,1,93000,3901,22,3796,82,1,0,22,3901,11,-1348,-90,788,9,-2207,173,1034,5,-27,526,929,3,-5408,-2581,553,2,-4375,-4375,-193,0,,,,0,9,173,5,526,False
FP1-EXP0004-C-105-CONTROL-R500-T2-U1-PD1000-9000-RB7300-BU1-FL185000,105,CONTROL,FP1-EXP0003-B-005-CONTROL-R500-T2-U1-PD1000-9000,500,2,1,1000,9000,7300,1,185000,3901,13,3805,83,0,0,13,3901,6,-613,-326,-269,5,-1035,-569,-497,3,-8072,-622,249,3,-5793,-2581,-77,2,-4375,-4375,-779,0,,,,0,5,-569,3,-622,False
FP1-EXP0004-C-106-CONTROL-R500-T2-U1-PD1000-9000-RB7300-BU2-FL0,106,CONTROL,FP1-EXP0003-B-005-CONTROL-R500-T2-U1-PD1000-9000,500,2,1,1000,9000,7300,2,0,3901,53,3773,72,3,0,53,3901,30,-702,1,727,31,-815,12,741,20,-728,144,1535,5,-2581,66,553,4,-4375,-4247,-193,2,-8235,-8235,-5336,2,31,12,20,144,False
FP1-EXP0004-C-107-CONTROL-R500-T2-U1-PD1000-9000-RB7300-BU2-FL6000,107,CONTROL,FP1-EXP0003-B-005-CONTROL-R500-T2-U1-PD1000-9000,500,2,1,1000,9000,7300,2,6000,3901,45,3778,76,2,0,45,3901,29,-901,-47,589,26,-2496,-188,645,17,-728,414,1325,5,-2581,66,553,4,-4375,-4247,-193,2,-8235,-8235,-5336,2,26,-188,17,414,False
FP1-EXP0004-C-108-CONTROL-R500-T2-U1-PD1000-9000-RB7300-BU2-FL30000,108,CONTROL,FP1-EXP0003-B-005-CONTROL-R500-T2-U1-PD1000-9000,500,2,1,1000,9000,7300,2,30000,3901,33,3787,80,1,0,33,3901,23,-702,-47,727,17,-1570,31,636,10,-27,526,1316,3,-5408,-2581,553,2,-4375,-4375,-193,0,,,,0,17,31,10,526,False
FP1-EXP0004-C-109-CONTROL-R500-T2-U1-PD1000-9000-RB7300-BU2-FL93000,109,CONTROL,FP1-EXP0003-B-005-CONTROL-R500-T2-U1-PD1000-9000,500,2,1,1000,9000,7300,2,93000,3901,18,3799,83,1,0,18,3901,11,-1348,-90,788,9,-2207,173,1034,5,-27,526,929,3,-5408,-2581,553,2,-4375,-4375,-193,0,,,,0,9,173,5,526,False
FP1-EXP0004-C-110-CONTROL-R500-T2-U1-PD1000-9000-RB7300-BU2-FL185000,110,CONTROL,FP1-EXP0003-B-005-CONTROL-R500-T2-U1-PD1000-9000,500,2,1,1000,9000,7300,2,185000,3901,11,3807,83,0,0,11,3901,6,-613,-326,-269,5,-1035,-569,-497,3,-8072,-622,249,3,-5793,-2581,-77,2,-4375,-4375,-779,0,,,,0,5,-569,3,-622,False
FP1-EXP0004-C-111-CONTROL-R500-T2-U1-PD1000-9000-RB7300-BU3-FL0,111,CONTROL,FP1-EXP0003-B-005-CONTROL-R500-T2-U1-PD1000-9000,500,2,1,1000,9000,7300,3,0,3901,44,3779,76,2,0,44,3901,28,-702,0,411,23,-1570,12,415,17,-27,413,1316,5,-2581,66,553,4,-4375,-4247,-193,2,-7978,-7978,-5336,2,23,12,17,413,False
FP1-EXP0004-C-112-CONTROL-R500-T2-U1-PD1000-9000-RB7300-BU3-FL6000,112,CONTROL,FP1-EXP0003-B-005-CONTROL-R500-T2-U1-PD1000-9000,500,2,1,1000,9000,7300,3,6000,3901,37,3784,78,2,0,37,3901,26,-702,-28,504,21,-2846,-102,377,15,-257,413,1316,4,-5793,-2581,66,3,-4375,-4247,-193,1,-5336,-5336,-5336,1,21,-102,15,413,False
FP1-EXP0004-C-113-CONTROL-R500-T2-U1-PD1000-9000-RB7300-BU3-FL30000,113,CONTROL,FP1-EXP0003-B-005-CONTROL-R500-T2-U1-PD1000-9000,500,2,1,1000,9000,7300,3,30000,3901,28,3791,81,1,0,28,3901,21,-702,-28,504,15,-4130,-497,173,10,-257,249,1316,3,-5793,-2581,553,2,-4375,-4375,-193,0,,,,0,15,-497,10,249,False
FP1-EXP0004-C-114-CONTROL-R500-T2-U1-PD1000-9000-RB7300-BU3-FL93000,114,CONTROL,FP1-EXP0003-B-005-CONTROL-R500-T2-U1-PD1000-9000,500,2,1,1000,9000,7300,3,93000,3901,17,3800,83,1,0,17,3901,11,-1348,-90,788,9,-2207,173,1034,5,-27,249,526,3,-5793,-2581,553,2,-4375,-4375,-193,0,,,,0,9,173,5,249,False
FP1-EXP0004-C-115-CONTROL-R500-T2-U1-PD1000-9000-RB7300-BU3-FL185000,115,CONTROL,FP1-EXP0003-B-005-CONTROL-R500-T2-U1-PD1000-9000,500,2,1,1000,9000,7300,3,185000,3901,9,3809,83,0,0,9,3901,5,-613,-326,-294,4,-8438,-569,-497,3,-8072,-622,249,3,-5793,-2581,-77,2,-4375,-4375,-779,0,,,,0,4,-569,3,-622,False
FP1-EXP0004-C-116-CONTROL-R500-T2-U1-PD1000-9000-RB7300-BU4-FL0,116,CONTROL,FP1-EXP0003-B-005-CONTROL-R500-T2-U1-PD1000-9000,500,2,1,1000,9000,7300,4,0,3901,32,3788,79,2,0,32,3901,23,-326,3,411,18,-764,31,415,13,-91,24,414,4,-6265,-4262,553,3,-193,1730,4418,1,-8364,-8364,-8364,1,18,31,13,24,False
FP1-EXP0004-C-117-CONTROL-R500-T2-U1-PD1000-9000-RB7300-BU4-FL6000,117,CONTROL,FP1-EXP0003-B-005-CONTROL-R500-T2-U1-PD1000-9000,500,2,1,1000,9000,7300,4,6000,3901,29,3791,79,2,0,29,3901,23,-326,-28,411,17,-764,67,415,12,-902,-47,414,3,-6265,-4262,553,2,-193,-193,4418,0,,,,0,17,67,12,-47,False
FP1-EXP0004-C-118-CONTROL-R500-T2-U1-PD1000-9000-RB7300-BU4-FL30000,118,CONTROL,FP1-EXP0003-B-005-CONTROL-R500-T2-U1-PD1000-9000,500,2,1,1000,9000,7300,4,30000,3901,25,3794,81,1,0,25,3901,20,-326,-47,277,14,-764,31,635,9,-321,-47,639,3,-6265,-4262,553,2,-193,-193,4418,0,,,,0,14,31,9,-47,False
FP1-EXP0004-C-119-CONTROL-R500-T2-U1-PD1000-9000-RB7300-BU4-FL93000,119,CONTROL,FP1-EXP0003-B-005-CONTROL-R500-T2-U1-PD1000-9000,500,2,1,1000,9000,7300,4,93000,3901,14,3803,83,1,0,14,3901,9,-326,-90,46,7,-2207,173,1034,4,-902,-27,639,3,-6265,-4262,553,2,-193,-193,4418,0,,,,0,7,173,4,-27,False
FP1-EXP0004-C-120-CONTROL-R500-T2-U1-PD1000-9000-RB7300-BU4-FL185000,120,CONTROL,FP1-EXP0003-B-005-CONTROL-R500-T2-U1-PD1000-9000,500,2,1,1000,9000,7300,4,185000,3901,7,3811,83,0,0,7,3901,5,-613,-326,-294,4,-4333,-569,-497,3,-902,-622,639,3,-6265,-4262,-77,2,-779,-779,4418,0,,,,0,4,-569,3,-622,False
FP1-EXP0004-C-121-CONTROL-R500-T2-U1-PD1000-9000-RB7300-BU8-FL0,121,CONTROL,FP1-EXP0003-B-005-CONTROL-R500-T2-U1-PD1000-9000,500,2,1,1000,9000,7300,8,0,3901,15,3803,82,1,0,15,3901,10,-1348,-613,161,9,-665,-497,31,4,-3300,-622,929,2,-7160,-7160,-77,1,-779,-779,-779,0,,,,0,9,-497,4,-622,False
FP1-EXP0004-C-122-CONTROL-R500-T2-U1-PD1000-9000-RB7300-BU8-FL6000,122,CONTROL,FP1-EXP0003-B-005-CONTROL-R500-T2-U1-PD1000-9000,500,2,1,1000,9000,7300,8,6000,3901,15,3803,82,1,0,15,3901,10,-1348,-613,161,9,-665,-497,31,4,-3300,-622,929,2,-7160,-7160,-77,1,-779,-779,-779,0,,,,0,9,-497,4,-622,False
FP1-EXP0004-C-123-CONTROL-R500-T2-U1-PD1000-9000-RB7300-BU8-FL30000,123,CONTROL,FP1-EXP0003-B-005-CONTROL-R500-T2-U1-PD1000-9000,500,2,1,1000,9000,7300,8,30000,3901,14,3804,82,1,0,14,3901,10,-1348,-613,161,9,-665,-497,31,4,-3300,-622,929,2,-7160,-7160,-77,1,-779,-779,-779,0,,,,0,9,-497,4,-622,False
FP1-EXP0004-C-124-CONTROL-R500-T2-U1-PD1000-9000-RB7300-BU8-FL93000,124,CONTROL,FP1-EXP0003-B-005-CONTROL-R500-T2-U1-PD1000-9000,500,2,1,1000,9000,7300,8,93000,3901,10,3807,83,1,0,10,3901,6,-613,-294,46,5,-569,-497,-7,2,-622,-622,929,1,-77,-77,-77,1,-779,-779,-779,0,,,,0,5,-497,2,-622,False
FP1-EXP0004-C-125-CONTROL-R500-T2-U1-PD1000-9000-RB7300-BU8-FL185000,125,CONTROL,FP1-EXP0003-B-005-CONTROL-R500-T2-U1-PD1000-9000,500,2,1,1000,9000,7300,8,185000,3901,4,3814,83,0,0,4,3901,2,-613,-613,-294,2,-569,-569,-497,1,-622,-622,-622,1,-77,-77,-77,1,-779,-779,-779,0,,,,0,2,-569,1,-622,False
FP1-EXP0004-C-126-CONTROL-R500-T2-U1-PD1000-9000-RB20700-BU1-FL0,126,CONTROL,FP1-EXP0003-B-005-CONTROL-R500-T2-U1-PD1000-9000,500,2,1,1000,9000,20700,1,0,3901,30,3792,79,0,0,30,3901,14,-16,436,2010,17,-652,0,500,12,-1340,-83,1836,3,-6810,11213,14053,2,4464,4464,9496,1,-7788,-7788,-7788,1,17,0,12,-83,False
FP1-EXP0004-C-127-CONTROL-R500-T2-U1-PD1000-9000-RB20700-BU1-FL6000,127,CONTROL,FP1-EXP0003-B-005-CONTROL-R500-T2-U1-PD1000-9000,500,2,1,1000,9000,20700,1,6000,3901,20,3799,82,0,0,20,3901,8,-657,250,2010,8,-652,277,645,6,-83,563,2481,2,-6810,-6810,11213,1,9496,9496,9496,0,,,,0,8,277,6,563,False
FP1-EXP0004-C-128-CONTROL-R500-T2-U1-PD1000-9000-RB20700-BU1-FL30000,128,CONTROL,FP1-EXP0003-B-005-CONTROL-R500-T2-U1-PD1000-9000,500,2,1,1000,9000,20700,1,30000,3901,14,3805,82,0,0,14,3901,7,-657,53,1415,7,-652,22,277,5,-83,960,966,2,-6810,-6810,11213,1,9496,9496,9496,0,,,,0,7,22,5,960,False
FP1-EXP0004-C-129-CONTROL-R500-T2-U1-PD1000-9000-RB20700-BU1-FL93000,129,CONTROL,FP1-EXP0003-B-005-CONTROL-R500-T2-U1-PD1000-9000,500,2,1,1000,9000,20700,1,93000,3901,6,3812,83,0,0,6,3901,4,-657,-269,788,4,-1035,-652,277,3,-2474,526,2481,2,-6810,-6810,11213,1,9496,9496,9496,0,,,,0,4,-652,3,526,False
FP1-EXP0004-C-130-CONTROL-R500-T2-U1-PD1000-9000-RB20700-BU1-FL185000,130,CONTROL,FP1-EXP0003-B-005-CONTROL-R500-T2-U1-PD1000-9000,500,2,1,1000,9000,20700,1,185000,3901,5,3813,83,0,0,5,3901,3,-657,-269,3501,3,-1035,-652,277,2,-2474,-2474,2481,2,-6810,-6810,11213,1,9496,9496,9496,0,,,,0,3,-652,2,-2474,False
FP1-EXP0004-C-131-CONTROL-R500-T2-U1-PD1000-9000-RB20700-BU2-FL0,131,CONTROL,FP1-EXP0003-B-005-CONTROL-R500-T2-U1-PD1000-9000,500,2,1,1000,9000,20700,2,0,3901,22,3799,80,0,0,22,3901,11,-16,436,2225,12,-332,277,645,10,-241,436,1535,3,-6810,11213,14053,2,4464,4464,9496,1,-7788,-7788,-7788,1,12,277,10,436,False
FP1-EXP0004-C-132-CONTROL-R500-T2-U1-PD1000-9000-RB20700-BU2-FL6000,132,CONTROL,FP1-EXP0003-B-005-CONTROL-R500-T2-U1-PD1000-9000,500,2,1,1000,9000,20700,2,6000,3901,15,3804,82,0,0,15,3901,6,250,810,3308,6,277,379,1581,5,563,1213,1535,2,-6810,-6810,11213,1,9496,9496,9496,0,,,,0,6,379,5,1213,False
FP1-EXP0004-C-133-CONTROL-R500-T2-U1-PD1000-9000-RB20700-BU2-FL30000,133,CONTROL,FP1-EXP0003-B-005-CONTROL-R500-T2-U1-PD1000-9000,500,2,1,1000,9000,20700,2,30000,3901,10,3809,82,0,0,10,3901,5,-269,277,788,5,-652,120,277,4,-2474,526,966,2,-6810,-6810,11213,1,9496,9496,9496,0,,,,0,5,120,4,526,False
FP1-EXP0004-C-134-CONTROL-R500-T2-U1-PD1000-9000-RB20700-BU2-FL93000,134,CONTROL,FP1-EXP0003-B-005-CONTROL-R500-T2-U1-PD1000-9000,500,2,1,1000,9000,20700,2,93000,3901,5,3813,83,0,0,5,3901,4,-657,-269,788,4,-1035,-652,277,3,-2474,526,2481,2,-6810,-6810,11213,1,9496,9496,9496,0,,,,0,4,-652,3,526,False
FP1-EXP0004-C-135-CONTROL-R500-T2-U1-PD1000-9000-RB20700-BU2-FL185000,135,CONTROL,FP1-EXP0003-B-005-CONTROL-R500-T2-U1-PD1000-9000,500,2,1,1000,9000,20700,2,185000,3901,4,3814,83,0,0,4,3901,3,-657,-269,3501,3,-1035,-652,277,2,-2474,-2474,2481,2,-6810,-6810,11213,1,9496,9496,9496,0,,,,0,3,-652,2,-2474,False
FP1-EXP0004-C-136-CONTROL-R500-T2-U1-PD1000-9000-RB20700-BU3-FL0,136,CONTROL,FP1-EXP0003-B-005-CONTROL-R500-T2-U1-PD1000-9000,500,2,1,1000,9000,20700,3,0,3901,15,3805,81,0,0,15,3901,8,-657,104,788,8,-398,277,636,7,-2474,526,2221,3,-6810,11213,14053,2,4464,4464,9496,1,-7788,-7788,-7788,1,8,277,7,526,False
FP1-EXP0004-C-137-CONTROL-R500-T2-U1-PD1000-9000-RB20700-BU3-FL6000,137,CONTROL,FP1-EXP0003-B-005-CONTROL-R500-T2-U1-PD1000-9000,500,2,1,1000,9000,20700,3,6000,3901,11,3808,82,0,0,11,3901,6,104,538,3308,6,232,277,636,5,413,526,1245,2,-6810,-6810,11213,1,9496,9496,9496,0,,,,0,6,277,5,526,False
FP1-EXP0004-C-138-CONTROL-R500-T2-U1-PD1000-9000-RB20700-BU3-FL30000,138,CONTROL,FP1-EXP0003-B-005-CONTROL-R500-T2-U1-PD1000-9000,500,2,1,1000,9000,20700,3,30000,3901,7,3812,82,0,0,7,3901,4,-657,277,788,4,-652,120,277,4,-2474,526,966,2,-6810,-6810,11213,1,9496,9496,9496,0,,,,0,4,120,4,526,False
FP1-EXP0004-C-139-CONTROL-R500-T2-U1-PD1000-9000-RB20700-BU3-FL93000,139,CONTROL,FP1-EXP0003-B-005-CONTROL-R500-T2-U1-PD1000-9000,500,2,1,1000,9000,20700,3,93000,3901,3,3815,83,0,0,3,3901,3,-657,788,3501,3,-652,277,636,3,-2474,526,2481,2,-6810,-6810,11213,1,9496,9496,9496,0,,,,0,3,277,3,526,False
FP1-EXP0004-C-140-CONTROL-R500-T2-U1-PD1000-9000-RB20700-BU3-FL185000,140,CONTROL,FP1-EXP0003-B-005-CONTROL-R500-T2-U1-PD1000-9000,500,2,1,1000,9000,20700,3,185000,3901,2,3816,83,0,0,2,3901,2,-657,-657,3501,2,-652,-652,277,2,-2474,-2474,2481,2,-6810,-6810,11213,1,9496,9496,9496,0,,,,0,2,-652,2,-2474,False
FP1-EXP0004-C-141-CONTROL-R500-T2-U1-PD1000-9000-RB20700-BU4-FL0,141,CONTROL,FP1-EXP0003-B-005-CONTROL-R500-T2-U1-PD1000-9000,500,2,1,1000,9000,20700,4,0,3901,10,3809,82,0,0,10,3901,5,-657,-80,104,6,-652,-280,120,6,-321,-134,639,3,-6810,-5307,-4262,2,-6991,-6991,4418,1,-9467,-9467,-9467,1,6,-280,6,-134,False
FP1-EXP0004-C-142-CONTROL-R500-T2-U1-PD1000-9000-RB20700-BU4-FL6000,142,CONTROL,FP1-EXP0003-B-005-CONTROL-R500-T2-U1-PD1000-9000,500,2,1,1000,9000,20700,4,6000,3901,8,3811,82,0,0,8,3901,5,-657,-80,104,5,-652,-220,120,5,-321,413,639,2,-6810,-6810,-4262,1,4418,4418,4418,0,,,,0,5,-220,5,413,False
FP1-EXP0004-C-143-CONTROL-R500-T2-U1-PD1000-9000-RB20700-BU4-FL30000,143,CONTROL,FP1-EXP0003-B-005-CONTROL-R500-T2-U1-PD1000-9000,500,2,1,1000,9000,20700,4,30000,3901,7,3812,82,0,0,7,3901,4,-4239,-657,-80,4,-4333,-652,-220,4,-2474,-321,639,2,-6810,-6810,-4262,1,4418,4418,4418,0,,,,0,4,-652,4,-321,False
FP1-EXP0004-C-144-CONTROL-R500-T2-U1-PD1000-9000-RB20700-BU4-FL93000,144,CONTROL,FP1-EXP0003-B-005-CONTROL-R500-T2-U1-PD1000-9000,500,2,1,1000,9000,20700,4,93000,3901,3,3815,83,0,0,3,3901,2,-4239,-4239,-657,2,-4333,-4333,-652,2,-2474,-2474,639,2,-6810,-6810,-4262,1,4418,4418,4418,0,,,,0,2,-4333,2,-2474,False
FP1-EXP0004-C-145-CONTROL-R500-T2-U1-PD1000-9000-RB20700-BU4-FL185000,145,CONTROL,FP1-EXP0003-B-005-CONTROL-R500-T2-U1-PD1000-9000,500,2,1,1000,9000,20700,4,185000,3901,2,3816,83,0,0,2,3901,2,-4239,-4239,-657,2,-4333,-4333,-652,2,-2474,-2474,639,2,-6810,-6810,-4262,1,4418,4418,4418,0,,,,0,2,-4333,2,-2474,False
FP1-EXP0004-C-146-CONTROL-R500-T2-U1-PD1000-9000-RB20700-BU8-FL0,146,CONTROL,FP1-EXP0003-B-005-CONTROL-R500-T2-U1-PD1000-9000,500,2,1,1000,9000,20700,8,0,3901,2,3816,83,0,0,2,3901,1,-1683,-1683,-1683,1,-1678,-1678,-1678,1,-3300,-3300,-3300,1,-7160,-7160,-7160,0,,,,0,,,,0,1,-1678,1,-3300,False
FP1-EXP0004-C-147-CONTROL-R500-T2-U1-PD1000-9000-RB20700-BU8-FL6000,147,CONTROL,FP1-EXP0003-B-005-CONTROL-R500-T2-U1-PD1000-9000,500,2,1,1000,9000,20700,8,6000,3901,2,3816,83,0,0,2,3901,1,-1683,-1683,-1683,1,-1678,-1678,-1678,1,-3300,-3300,-3300,1,-7160,-7160,-7160,0,,,,0,,,,0,1,-1678,1,-3300,False
FP1-EXP0004-C-148-CONTROL-R500-T2-U1-PD1000-9000-RB20700-BU8-FL30000,148,CONTROL,FP1-EXP0003-B-005-CONTROL-R500-T2-U1-PD1000-9000,500,2,1,1000,9000,20700,8,30000,3901,1,3817,83,0,0,1,3901,1,-1683,-1683,-1683,1,-1678,-1678,-1678,1,-3300,-3300,-3300,1,-7160,-7160,-7160,0,,,,0,,,,0,1,-1678,1,-3300,False
FP1-EXP0004-C-149-CONTROL-R500-T2-U1-PD1000-9000-RB20700-BU8-FL93000,149,CONTROL,FP1-EXP0003-B-005-CONTROL-R500-T2-U1-PD1000-9000,500,2,1,1000,9000,20700,8,93000,3901,0,3818,83,0,0,0,3901,0,,,,0,,,,0,,,,0,,,,0,,,,0,,,,0,0,,0,,False
FP1-EXP0004-C-150-CONTROL-R500-T2-U1-PD1000-9000-RB20700-BU8-FL185000,150,CONTROL,FP1-EXP0003-B-005-CONTROL-R500-T2-U1-PD1000-9000,500,2,1,1000,9000,20700,8,185000,3901,0,3818,83,0,0,0,3901,0,,,,0,,,,0,,,,0,,,,0,,,,0,,,,0,0,,0,,False
FP1-EXP0004-C-151-ROBUST_1-R1500-T5-U9-PD2500-6500-RB200-BU1-FL0,151,ROBUST_1,FP1-EXP0003-B-030-ROBUST_1-R1500-T5-U9-PD2500-6500,1500,5,9,2500,6500,200,1,0,3901,46,3803,52,0,0,46,3901,37,19,264,631,32,-152,247,983,18,-484,468,872,6,-253,2818,7333,4,-2584,-253,4192,1,-2551,-2551,-2551,1,32,247,18,468,False
FP1-EXP0004-C-152-ROBUST_1-R1500-T5-U9-PD2500-6500-RB200-BU1-FL6000,152,ROBUST_1,FP1-EXP0003-B-030-ROBUST_1-R1500-T5-U9-PD2500-6500,1500,5,9,2500,6500,200,1,6000,3901,46,3803,52,0,0,46,3901,37,19,264,631,32,-152,247,983,18,-484,468,872,6,-253,2818,7333,4,-2584,-253,4192,1,-2551,-2551,-2551,1,32,247,18,468,False
FP1-EXP0004-C-153-ROBUST_1-R1500-T5-U9-PD2500-6500-RB200-BU1-FL30000,153,ROBUST_1,FP1-EXP0003-B-030-ROBUST_1-R1500-T5-U9-PD2500-6500,1500,5,9,2500,6500,200,1,30000,3901,35,3812,54,0,0,35,3901,25,26,195,1089,23,-152,84,1215,16,-621,-70,652,5,1339,3214,6535,3,-2584,3349,7134,1,-2551,-2551,-2551,1,23,84,16,-70,False
FP1-EXP0004-C-154-ROBUST_1-R1500-T5-U9-PD2500-6500-RB200-BU1-FL93000,154,ROBUST_1,FP1-EXP0003-B-030-ROBUST_1-R1500-T5-U9-PD2500-6500,1500,5,9,2500,6500,200,1,93000,3901,15,3826,60,0,0,15,3901,12,-250,270,1089,10,144,636,1080,8,-518,526,1119,4,314,356,3046,2,-236,-236,2213,0,,,,0,10,636,8,526,False
FP1-EXP0004-C-155-ROBUST_1-R1500-T5-U9-PD2500-6500-RB200-BU1-FL185000,155,ROBUST_1,FP1-EXP0003-B-030-ROBUST_1-R1500-T5-U9-PD2500-6500,1500,5,9,2500,6500,200,1,185000,3901,3,3835,63,0,0,3,3901,3,-613,-326,860,1,-569,-569,-569,1,-622,-622,-622,1,-77,-77,-77,1,-779,-779,-779,0,,,,0,1,-569,1,-622,False
FP1-EXP0004-C-156-ROBUST_1-R1500-T5-U9-PD2500-6500-RB200-BU2-FL0,156,ROBUST_1,FP1-EXP0003-B-030-ROBUST_1-R1500-T5-U9-PD2500-6500,1500,5,9,2500,6500,200,2,0,3901,44,3803,54,0,0,44,3901,33,19,195,790,27,0,407,1215,18,-484,63,872,6,-503,1339,7028,4,-2584,-503,4192,1,-2551,-2551,-2551,1,27,407,18,63,True
FP1-EXP0004-C-157-ROBUST_1-R1500-T5-U9-PD2500-6500-RB200-BU2-FL6000,157,ROBUST_1,FP1-EXP0003-B-030-ROBUST_1-R1500-T5-U9-PD2500-6500,1500,5,9,2500,6500,200,2,6000,3901,43,3804,54,0,0,43,3901,33,19,195,790,27,0,407,1215,18,-484,63,872,6,-503,1339,7028,4,-2584,-503,4192,1,-2551,-2551,-2551,1,27,407,18,63,False
FP1-EXP0004-C-158-ROBUST_1-R1500-T5-U9-PD2500-6500-RB200-BU2-FL30000,158,ROBUST_1,FP1-EXP0003-B-030-ROBUST_1-R1500-T5-U9-PD2500-6500,1500,5,9,2500,6500,200,2,30000,3901,34,3812,55,0,0,34,3901,24,84,205,816,21,-100,150,741,15,-484,22,652,5,1339,3214,6535,3,-2584,3349,7134,1,-2551,-2551,-2551,1,21,150,15,22,False
FP1-EXP0004-C-159-ROBUST_1-R1500-T5-U9-PD2500-6500-RB200-BU2-FL93000,159,ROBUST_1,FP1-EXP0003-B-030-ROBUST_1-R1500-T5-U9-PD2500-6500,1500,5,9,2500,6500,200,2,93000,3901,15,3826,60,0,0,15,3901,12,-250,270,1089,10,144,636,1080,8,-518,526,1119,4,314,356,3046,2,-236,-236,2213,0,,,,0,10,636,8,526,False
FP1-EXP0004-C-160-ROBUST_1-R1500-T5-U9-PD2500-6500-RB200-BU2-FL185000,160,ROBUST_1,FP1-EXP0003-B-030-ROBUST_1-R1500-T5-U9-PD2500-6500,1500,5,9,2500,6500,200,2,185000,3901,3,3835,63,0,0,3,3901,3,-613,-326,860,1,-569,-569,-569,1,-622,-622,-622,1,-77,-77,-77,1,-779,-779,-779,0,,,,0,1,-569,1,-622,False
FP1-EXP0004-C-161-ROBUST_1-R1500-T5-U9-PD2500-6500-RB200-BU3-FL0,161,ROBUST_1,FP1-EXP0003-B-030-ROBUST_1-R1500-T5-U9-PD2500-6500,1500,5,9,2500,6500,200,3,0,3901,35,3810,56,0,0,35,3901,29,35,396,788,19,0,256,721,11,22,526,1119,5,314,3620,6535,3,-2768,3759,7115,1,-2736,-2736,-2736,1,19,256,11,526,False
FP1-EXP0004-C-162-ROBUST_1-R1500-T5-U9-PD2500-6500-RB200-BU3-FL6000,162,ROBUST_1,FP1-EXP0003-B-030-ROBUST_1-R1500-T5-U9-PD2500-6500,1500,5,9,2500,6500,200,3,6000,3901,34,3811,56,0,0,34,3901,29,84,447,790,19,-9,256,721,12,-171,256,872,5,314,3620,6535,3,-2768,3759,7115,1,-2736,-2736,-2736,1,19,256,12,256,False
FP1-EXP0004-C-163-ROBUST_1-R1500-T5-U9-PD2500-6500-RB200-BU3-FL30000,163,ROBUST_1,FP1-EXP0003-B-030-ROBUST_1-R1500-T5-U9-PD2500-6500,1500,5,9,2500,6500,200,3,30000,3901,29,3815,57,0,0,29,3901,21,135,547,1197,16,-196,84,636,13,-96,256,652,5,314,3214,6535,3,-2768,3349,7134,1,-2736,-2736,-2736,1,16,84,13,256,False
FP1-EXP0004-C-164-ROBUST_1-R1500-T5-U9-PD2500-6500-RB200-BU3-FL93000,164,ROBUST_1,FP1-EXP0003-B-030-ROBUST_1-R1500-T5-U9-PD2500-6500,1500,5,9,2500,6500,200,3,93000,3901,15,3826,60,0,0,15,3901,12,-250,270,1089,10,144,636,1080,8,-518,526,1119,4,314,356,3046,2,-236,-236,2213,0,,,,0,10,636,8,526,False
FP1-EXP0004-C-165-ROBUST_1-R1500-T5-U9-PD2500-6500-RB200-BU3-FL185000,165,ROBUST_1,FP1-EXP0003-B-030-ROBUST_1-R1500-T5-U9-PD2500-6500,1500,5,9,2500,6500,200,3,185000,3901,3,3835,63,0,0,3,3901,3,-613,-326,860,1,-569,-569,-569,1,-622,-622,-622,1,-77,-77,-77,1,-779,-779,-779,0,,,,0,1,-569,1,-622,False
FP1-EXP0004-C-166-ROBUST_1-R1500-T5-U9-PD2500-6500-RB200-BU4-FL0,166,ROBUST_1,FP1-EXP0003-B-030-ROBUST_1-R1500-T5-U9-PD2500-6500,1500,5,9,2500,6500,200,4,0,3901,28,3816,57,0,0,28,3901,20,35,370,860,13,-277,78,721,11,-277,-47,899,5,314,3214,5769,3,-3144,3349,7134,1,-3113,-3113,-3113,1,13,78,11,-47,False
FP1-EXP0004-C-167-ROBUST_1-R1500-T5-U9-PD2500-6500-RB200-BU4-FL6000,167,ROBUST_1,FP1-EXP0003-B-030-ROBUST_1-R1500-T5-U9-PD2500-6500,1500,5,9,2500,6500,200,4,6000,3901,26,3818,57,0,0,26,3901,20,35,370,860,13,-277,78,721,11,-277,-47,899,5,314,3214,5769,3,-3144,3349,7134,1,-3113,-3113,-3113,1,13,78,11,-47,False
FP1-EXP0004-C-168-ROBUST_1-R1500-T5-U9-PD2500-6500-RB200-BU4-FL30000,168,ROBUST_1,FP1-EXP0003-B-030-ROBUST_1-R1500-T5-U9-PD2500-6500,1500,5,9,2500,6500,200,4,30000,3901,24,3820,57,0,0,24,3901,17,97,401,986,12,-277,-100,681,11,-321,-47,899,5,314,3214,5769,3,-3144,3349,7134,1,-3113,-3113,-3113,1,12,-100,11,-47,False
FP1-EXP0004-C-169-ROBUST_1-R1500-T5-U9-PD2500-6500-RB200-BU4-FL93000,169,ROBUST_1,FP1-EXP0003-B-030-ROBUST_1-R1500-T5-U9-PD2500-6500,1500,5,9,2500,6500,200,4,93000,3901,12,3828,61,0,0,12,3901,9,144,270,860,6,305,681,1080,5,929,1119,1808,4,314,356,2403,2,-236,-236,1611,0,,,,0,6,681,5,1119,False
FP1-EXP0004-C-170-ROBUST_1-R1500-T5-U9-PD2500-6500-RB200-BU4-FL185000,170,ROBUST_1,FP1-EXP0003-B-030-ROBUST_1-R1500-T5-U9-PD2500-6500,1500,5,9,2500,6500,200,4,185000,3901,3,3835,63,0,0,3,3901,3,-613,-326,860,1,-569,-569,-569,1,-622,-622,-622,1,-77,-77,-77,1,-779,-779,-779,0,,,,0,1,-569,1,-622,False
FP1-EXP0004-C-171-ROBUST_1-R1500-T5-U9-PD2500-6500-RB200-BU8-FL0,171,ROBUST_1,FP1-EXP0003-B-030-ROBUST_1-R1500-T5-U9-PD2500-6500,1500,5,9,2500,6500,200,8,0,3901,9,3830,62,0,0,9,3901,6,-466,-214,135,7,-357,-133,1080,5,-622,826,929,3,-77,-10,4047,1,-779,-779,-779,0,,,,0,7,-133,5,826,False
FP1-EXP0004-C-172-ROBUST_1-R1500-T5-U9-PD2500-6500-RB200-BU8-FL6000,172,ROBUST_1,FP1-EXP0003-B-030-ROBUST_1-R1500-T5-U9-PD2500-6500,1500,5,9,2500,6500,200,8,6000,3901,9,3830,62,0,0,9,3901,6,-466,-214,135,7,-357,-133,1080,5,-622,826,929,3,-77,-10,4047,1,-779,-779,-779,0,,,,0,7,-133,5,826,False
FP1-EXP0004-C-173-ROBUST_1-R1500-T5-U9-PD2500-6500-RB200-BU8-FL30000,173,ROBUST_1,FP1-EXP0003-B-030-ROBUST_1-R1500-T5-U9-PD2500-6500,1500,5,9,2500,6500,200,8,30000,3901,9,3830,62,0,0,9,3901,6,-466,-214,135,7,-357,-133,1080,5,-622,826,929,3,-77,-10,4047,1,-779,-779,-779,0,,,,0,7,-133,5,826,False
FP1-EXP0004-C-174-ROBUST_1-R1500-T5-U9-PD2500-6500-RB200-BU8-FL93000,174,ROBUST_1,FP1-EXP0003-B-030-ROBUST_1-R1500-T5-U9-PD2500-6500,1500,5,9,2500,6500,200,8,93000,3901,6,3832,63,0,0,6,3901,5,-466,-214,80,5,-357,410,1080,4,-622,-327,929,3,-394,-77,4047,1,-779,-779,-779,0,,,,0,5,410,4,-327,False
FP1-EXP0004-C-175-ROBUST_1-R1500-T5-U9-PD2500-6500-RB200-BU8-FL185000,175,ROBUST_1,FP1-EXP0003-B-030-ROBUST_1-R1500-T5-U9-PD2500-6500,1500,5,9,2500,6500,200,8,185000,3901,1,3836,64,0,0,1,3901,1,-613,-613,-613,1,-569,-569,-569,1,-622,-622,-622,1,-77,-77,-77,1,-779,-779,-779,0,,,,0,1,-569,1,-622,False
FP1-EXP0004-C-176-ROBUST_1-R1500-T5-U9-PD2500-6500-RB500-BU1-FL0,176,ROBUST_1,FP1-EXP0003-B-030-ROBUST_1-R1500-T5-U9-PD2500-6500,1500,5,9,2500,6500,500,1,0,3901,39,3808,54,0,0,39,3901,29,26,307,677,24,-256,150,1215,17,-503,208,872,6,-503,1339,7333,4,-2584,-503,3759,1,-2551,-2551,-2551,1,24,150,17,208,False
FP1-EXP0004-C-177-ROBUST_1-R1500-T5-U9-PD2500-6500-RB500-BU1-FL6000,177,ROBUST_1,FP1-EXP0003-B-030-ROBUST_1-R1500-T5-U9-PD2500-6500,1500,5,9,2500,6500,500,1,6000,3901,39,3808,54,0,0,39,3901,29,26,307,677,24,-256,150,1215,17,-503,208,872,6,-503,1339,7333,4,-2584,-503,3759,1,-2551,-2551,-2551,1,24,150,17,208,False
FP1-EXP0004-C-178-ROBUST_1-R1500-T5-U9-PD2500-6500-RB500-BU1-FL30000,178,ROBUST_1,FP1-EXP0003-B-030-ROBUST_1-R1500-T5-U9-PD2500-6500,1500,5,9,2500,6500,500,1,30000,3901,35,3812,54,0,0,35,3901,26,26,195,1149,23,-196,84,1215,16,-520,-70,652,5,1339,3214,6535,3,-2584,3349,7134,1,-2551,-2551,-2551,1,23,84,16,-70,False
FP1-EXP0004-C-179-ROBUST_1-R1500-T5-U9-PD2500-6500-RB500-BU1-FL93000,179,ROBUST_1,FP1-EXP0003-B-030-ROBUST_1-R1500-T5-U9-PD2500-6500,1500,5,9,2500,6500,500,1,93000,3901,15,3826,60,0,0,15,3901,12,-250,270,1089,10,144,636,1080,8,-518,526,1119,4,314,356,3046,2,-236,-236,2213,0,,,,0,10,636,8,526,False
FP1-EXP0004-C-180-ROBUST_1-R1500-T5-U9-PD2500-6500-RB500-BU1-FL185000,180,ROBUST_1,FP1-EXP0003-B-030-ROBUST_1-R1500-T5-U9-PD2500-6500,1500,5,9,2500,6500,500,1,185000,3901,3,3835,63,0,0,3,3901,3,-613,-326,860,1,-569,-569,-569,1,-622,-622,-622,1,-77,-77,-77,1,-779,-779,-779,0,,,,0,1,-569,1,-622,False
FP1-EXP0004-C-181-ROBUST_1-R1500-T5-U9-PD2500-6500-RB500-BU2-FL0,181,ROBUST_1,FP1-EXP0003-B-030-ROBUST_1-R1500-T5-U9-PD2500-6500,1500,5,9,2500,6500,500,2,0,3901,38,3808,55,0,0,38,3901,28,26,307,741,23,-100,387,1215,17,-484,208,872,6,-503,1339,7028,4,-2584,-503,3759,1,-2551,-2551,-2551,1,23,387,17,208,True
FP1-EXP0004-C-182-ROBUST_1-R1500-T5-U9-PD2500-6500-RB500-BU2-FL6000,182,ROBUST_1,FP1-EXP0003-B-030-ROBUST_1-R1500-T5-U9-PD2500-6500,1500,5,9,2500,6500,500,2,6000,3901,37,3809,55,0,0,37,3901,28,26,307,741,23,-100,387,1215,17,-484,208,872,6,-503,1339,7028,4,-2584,-503,3759,1,-2551,-2551,-2551,1,23,387,17,208,False
FP1-EXP0004-C-183-ROBUST_1-R1500-T5-U9-PD2500-6500-RB500-BU2-FL30000,183,ROBUST_1,FP1-EXP0003-B-030-ROBUST_1-R1500-T5-U9-PD2500-6500,1500,5,9,2500,6500,500,2,30000,3901,34,3812,55,0,0,34,3901,25,97,364,1089,21,-100,150,741,15,-484,22,652,5,1339,3214,6535,3,-2584,3349,7134,1,-2551,-2551,-2551,1,21,150,15,22,False
FP1-EXP0004-C-184-ROBUST_1-R1500-T5-U9-PD2500-6500-RB500-BU2-FL93000,184,ROBUST_1,FP1-EXP0003-B-030-ROBUST_1-R1500-T5-U9-PD2500-6500,1500,5,9,2500,6500,500,2,93000,3901,15,3826,60,0,0,15,3901,12,-250,270,1089,10,144,636,1080,8,-518,526,1119,4,314,356,3046,2,-236,-236,2213,0,,,,0,10,636,8,526,False
FP1-EXP0004-C-185-ROBUST_1-R1500-T5-U9-PD2500-6500-RB500-BU2-FL185000,185,ROBUST_1,FP1-EXP0003-B-030-ROBUST_1-R1500-T5-U9-PD2500-6500,1500,5,9,2500,6500,500,2,185000,3901,3,3835,63,0,0,3,3901,3,-613,-326,860,1,-569,-569,-569,1,-622,-622,-622,1,-77,-77,-77,1,-779,-779,-779,0,,,,0,1,-569,1,-622,False
FP1-EXP0004-C-186-ROBUST_1-R1500-T5-U9-PD2500-6500-RB500-BU3-FL0,186,ROBUST_1,FP1-EXP0003-B-030-ROBUST_1-R1500-T5-U9-PD2500-6500,1500,5,9,2500,6500,500,3,0,3901,30,3814,57,0,0,30,3901,24,97,396,788,15,-9,387,721,11,22,526,899,5,314,3620,6535,3,-2768,3759,7115,1,-2736,-2736,-2736,1,15,387,11,526,False
FP1-EXP0004-C-187-ROBUST_1-R1500-T5-U9-PD2500-6500-RB500-BU3-FL6000,187,ROBUST_1,FP1-EXP0003-B-030-ROBUST_1-R1500-T5-U9-PD2500-6500,1500,5,9,2500,6500,500,3,6000,3901,29,3815,57,0,0,29,3901,24,195,481,1089,16,-100,256,681,12,-171,256,872,5,314,3620,6535,3,-2768,3759,7115,1,-2736,-2736,-2736,1,16,256,12,256,False
FP1-EXP0004-C-188-ROBUST_1-R1500-T5-U9-PD2500-6500-RB500-BU3-FL30000,188,ROBUST_1,FP1-EXP0003-B-030-ROBUST_1-R1500-T5-U9-PD2500-6500,1500,5,9,2500,6500,500,3,30000,3901,29,3815,57,0,0,29,3901,21,135,547,1197,16,-196,84,636,13,-96,256,652,5,314,3214,6535,3,-2768,3349,7134,1,-2736,-2736,-2736,1,16,84,13,256,False
FP1-EXP0004-C-189-ROBUST_1-R1500-T5-U9-PD2500-6500-RB500-BU3-FL93000,189,ROBUST_1,FP1-EXP0003-B-030-ROBUST_1-R1500-T5-U9-PD2500-6500,1500,5,9,2500,6500,500,3,93000,3901,15,3826,60,0,0,15,3901,12,-250,270,1089,10,144,636,1080,8,-518,526,1119,4,314,356,3046,2,-236,-236,2213,0,,,,0,10,636,8,526,False
FP1-EXP0004-C-190-ROBUST_1-R1500-T5-U9-PD2500-6500-RB500-BU3-FL185000,190,ROBUST_1,FP1-EXP0003-B-030-ROBUST_1-R1500-T5-U9-PD2500-6500,1500,5,9,2500,6500,500,3,185000,3901,3,3835,63,0,0,3,3901,3,-613,-326,860,1,-569,-569,-569,1,-622,-622,-622,1,-77,-77,-77,1,-779,-779,-779,0,,,,0,1,-569,1,-622,False
FP1-EXP0004-C-191-ROBUST_1-R1500-T5-U9-PD2500-6500-RB500-BU4-FL0,191,ROBUST_1,FP1-EXP0003-B-030-ROBUST_1-R1500-T5-U9-PD2500-6500,1500,5,9,2500,6500,500,4,0,3901,26,3818,57,0,0,26,3901,18,97,401,986,12,-277,78,721,11,-277,-47,899,5,314,3214,5769,3,-3144,3349,7134,1,-3113,-3113,-3113,1,12,78,11,-47,False
FP1-EXP0004-C-192-ROBUST_1-R1500-T5-U9-PD2500-6500-RB500-BU4-FL6000,192,ROBUST_1,FP1-EXP0003-B-030-ROBUST_1-R1500-T5-U9-PD2500-6500,1500,5,9,2500,6500,500,4,6000,3901,24,3820,57,0,0,24,3901,18,97,401,986,12,-277,78,721,11,-277,-47,899,5,314,3214,5769,3,-3144,3349,7134,1,-3113,-3113,-3113,1,12,78,11,-47,False
FP1-EXP0004-C-193-ROBUST_1-R1500-T5-U9-PD2500-6500-RB500-BU4-FL30000,193,ROBUST_1,FP1-EXP0003-B-030-ROBUST_1-R1500-T5-U9-PD2500-6500,1500,5,9,2500,6500,500,4,30000,3901,24,3820,57,0,0,24,3901,17,97,401,986,12,-277,-100,681,11,-321,-47,899,5,314,3214,5769,3,-3144,3349,7134,1,-3113,-3113,-3113,1,12,-100,11,-47,False
FP1-EXP0004-C-194-ROBUST_1-R1500-T5-U9-PD2500-6500-RB500-BU4-FL93000,194,ROBUST_1,FP1-EXP0003-B-030-ROBUST_1-R1500-T5-U9-PD2500-6500,1500,5,9,2500,6500,500,4,93000,3901,12,3828,61,0,0,12,3901,9,144,270,860,6,305,681,1080,5,929,1119,1808,4,314,356,2403,2,-236,-236,1611,0,,,,0,6,681,5,1119,False
FP1-EXP0004-C-195-ROBUST_1-R1500-T5-U9-PD2500-6500-RB500-BU4-FL185000,195,ROBUST_1,FP1-EXP0003-B-030-ROBUST_1-R1500-T5-U9-PD2500-6500,1500,5,9,2500,6500,500,4,185000,3901,3,3835,63,0,0,3,3901,3,-613,-326,860,1,-569,-569,-569,1,-622,-622,-622,1,-77,-77,-77,1,-779,-779,-779,0,,,,0,1,-569,1,-622,False
FP1-EXP0004-C-196-ROBUST_1-R1500-T5-U9-PD2500-6500-RB500-BU8-FL0,196,ROBUST_1,FP1-EXP0003-B-030-ROBUST_1-R1500-T5-U9-PD2500-6500,1500,5,9,2500,6500,500,8,0,3901,9,3830,62,0,0,9,3901,6,-466,-214,135,7,-357,-133,1080,5,-622,826,929,3,-77,-10,4047,1,-779,-779,-779,0,,,,0,7,-133,5,826,False
FP1-EXP0004-C-197-ROBUST_1-R1500-T5-U9-PD2500-6500-RB500-BU8-FL6000,197,ROBUST_1,FP1-EXP0003-B-030-ROBUST_1-R1500-T5-U9-PD2500-6500,1500,5,9,2500,6500,500,8,6000,3901,9,3830,62,0,0,9,3901,6,-466,-214,135,7,-357,-133,1080,5,-622,826,929,3,-77,-10,4047,1,-779,-779,-779,0,,,,0,7,-133,5,826,False
FP1-EXP0004-C-198-ROBUST_1-R1500-T5-U9-PD2500-6500-RB500-BU8-FL30000,198,ROBUST_1,FP1-EXP0003-B-030-ROBUST_1-R1500-T5-U9-PD2500-6500,1500,5,9,2500,6500,500,8,30000,3901,9,3830,62,0,0,9,3901,6,-466,-214,135,7,-357,-133,1080,5,-622,826,929,3,-77,-10,4047,1,-779,-779,-779,0,,,,0,7,-133,5,826,False
FP1-EXP0004-C-199-ROBUST_1-R1500-T5-U9-PD2500-6500-RB500-BU8-FL93000,199,ROBUST_1,FP1-EXP0003-B-030-ROBUST_1-R1500-T5-U9-PD2500-6500,1500,5,9,2500,6500,500,8,93000,3901,6,3832,63,0,0,6,3901,5,-466,-214,80,5,-357,410,1080,4,-622,-327,929,3,-394,-77,4047,1,-779,-779,-779,0,,,,0,5,410,4,-327,False
FP1-EXP0004-C-200-ROBUST_1-R1500-T5-U9-PD2500-6500-RB500-BU8-FL185000,200,ROBUST_1,FP1-EXP0003-B-030-ROBUST_1-R1500-T5-U9-PD2500-6500,1500,5,9,2500,6500,500,8,185000,3901,1,3836,64,0,0,1,3901,1,-613,-613,-613,1,-569,-569,-569,1,-622,-622,-622,1,-77,-77,-77,1,-779,-779,-779,0,,,,0,1,-569,1,-622,False
FP1-EXP0004-C-201-ROBUST_1-R1500-T5-U9-PD2500-6500-RB800-BU1-FL0,201,ROBUST_1,FP1-EXP0003-B-030-ROBUST_1-R1500-T5-U9-PD2500-6500,1500,5,9,2500,6500,800,1,0,3901,36,3811,54,0,0,36,3901,27,26,315,1089,21,-100,150,1215,13,-484,517,899,5,314,3214,6933,3,-2584,3349,7134,1,-2551,-2551,-2551,1,21,150,13,517,False
FP1-EXP0004-C-202-ROBUST_1-R1500-T5-U9-PD2500-6500-RB800-BU1-FL6000,202,ROBUST_1,FP1-EXP0003-B-030-ROBUST_1-R1500-T5-U9-PD2500-6500,1500,5,9,2500,6500,800,1,6000,3901,36,3811,54,0,0,36,3901,27,26,315,1089,21,-100,150,1215,13,-484,517,899,5,314,3214,6933,3,-2584,3349,7134,1,-2551,-2551,-2551,1,21,150,13,517,False
FP1-EXP0004-C-203-ROBUST_1-R1500-T5-U9-PD2500-6500-RB800-BU1-FL30000,203,ROBUST_1,FP1-EXP0003-B-030-ROBUST_1-R1500-T5-U9-PD2500-6500,1500,5,9,2500,6500,800,1,30000,3901,34,3813,54,0,0,34,3901,25,97,364,1149,22,-196,84,741,15,-520,22,899,5,314,3214,6535,3,-2584,3349,7134,1,-2551,-2551,-2551,1,22,84,15,22,False
FP1-EXP0004-C-204-ROBUST_1-R1500-T5-U9-PD2500-6500-RB800-BU1-FL93000,204,ROBUST_1,FP1-EXP0003-B-030-ROBUST_1-R1500-T5-U9-PD2500-6500,1500,5,9,2500,6500,800,1,93000,3901,15,3826,60,0,0,15,3901,12,-250,270,1089,10,144,636,1080,8,-518,526,1119,4,314,356,3046,2,-236,-236,2213,0,,,,0,10,636,8,526,False
FP1-EXP0004-C-205-ROBUST_1-R1500-T5-U9-PD2500-6500-RB800-BU1-FL185000,205,ROBUST_1,FP1-EXP0003-B-030-ROBUST_1-R1500-T5-U9-PD2500-6500,1500,5,9,2500,6500,800,1,185000,3901,3,3835,63,0,0,3,3901,3,-613,-326,860,1,-569,-569,-569,1,-622,-622,-622,1,-77,-77,-77,1,-779,-779,-779,0,,,,0,1,-569,1,-622,False
FP1-EXP0004-C-206-ROBUST_1-R1500-T5-U9-PD2500-6500-RB800-BU2-FL0,206,ROBUST_1,FP1-EXP0003-B-030-ROBUST_1-R1500-T5-U9-PD2500-6500,1500,5,9,2500,6500,800,2,0,3901,35,3811,55,0,0,35,3901,25,84,364,1089,20,-100,150,741,12,-484,517,899,5,314,3214,6933,3,-2584,3349,7134,1,-2551,-2551,-2551,1,20,150,12,517,False
FP1-EXP0004-C-207-ROBUST_1-R1500-T5-U9-PD2500-6500-RB800-BU2-FL6000,207,ROBUST_1,FP1-EXP0003-B-030-ROBUST_1-R1500-T5-U9-PD2500-6500,1500,5,9,2500,6500,800,2,6000,3901,34,3812,55,0,0,34,3901,25,84,364,1089,20,-100,150,741,12,-484,517,899,5,314,3214,6933,3,-2584,3349,7134,1,-2551,-2551,-2551,1,20,150,12,517,False
FP1-EXP0004-C-208-ROBUST_1-R1500-T5-U9-PD2500-6500-RB800-BU2-FL30000,208,ROBUST_1,FP1-EXP0003-B-030-ROBUST_1-R1500-T5-U9-PD2500-6500,1500,5,9,2500,6500,800,2,30000,3901,33,3813,55,0,0,33,3901,24,97,364,1089,21,-100,150,681,14,-484,22,875,5,314,3214,6535,3,-2584,3349,7134,1,-2551,-2551,-2551,1,21,150,14,22,False
FP1-EXP0004-C-209-ROBUST_1-R1500-T5-U9-PD2500-6500-RB800-BU2-FL93000,209,ROBUST_1,FP1-EXP0003-B-030-ROBUST_1-R1500-T5-U9-PD2500-6500,1500,5,9,2500,6500,800,2,93000,3901,15,3826,60,0,0,15,3901,12,-250,270,1089,10,144,636,1080,8,-518,526,1119,4,314,356,3046,2,-236,-236,2213,0,,,,0,10,636,8,526,False
FP1-EXP0004-C-210-ROBUST_1-R1500-T5-U9-PD2500-6500-RB800-BU2-FL185000,210,ROBUST_1,FP1-EXP0003-B-030-ROBUST_1-R1500-T5-U9-PD2500-6500,1500,5,9,2500,6500,800,2,185000,3901,3,3835,63,0,0,3,3901,3,-613,-326,860,1,-569,-569,-569,1,-622,-622,-622,1,-77,-77,-77,1,-779,-779,-779,0,,,,0,1,-569,1,-622,False
FP1-EXP0004-C-211-ROBUST_1-R1500-T5-U9-PD2500-6500-RB800-BU3-FL0,211,ROBUST_1,FP1-EXP0003-B-030-ROBUST_1-R1500-T5-U9-PD2500-6500,1500,5,9,2500,6500,800,3,0,3901,30,3814,57,0,0,30,3901,20,84,481,1149,15,0,209,721,12,-96,256,875,5,314,3214,6535,3,-2768,3349,7134,1,-2736,-2736,-2736,1,15,209,12,256,False
FP1-EXP0004-C-212-ROBUST_1-R1500-T5-U9-PD2500-6500-RB800-BU3-FL6000,212,ROBUST_1,FP1-EXP0003-B-030-ROBUST_1-R1500-T5-U9-PD2500-6500,1500,5,9,2500,6500,800,3,6000,3901,29,3815,57,0,0,29,3901,20,97,528,1197,16,-100,190,681,13,-96,256,875,5,314,3214,6535,3,-2768,3349,7134,1,-2736,-2736,-2736,1,16,190,13,256,False
FP1-EXP0004-C-213-ROBUST_1-R1500-T5-U9-PD2500-6500-RB800-BU3-FL30000,213,ROBUST_1,FP1-EXP0003-B-030-ROBUST_1-R1500-T5-U9-PD2500-6500,1500,5,9,2500,6500,800,3,30000,3901,29,3815,57,0,0,29,3901,20,97,481,1197,16,-196,84,636,13,-96,256,875,5,314,3214,6535,3,-2768,3349,7134,1,-2736,-2736,-2736,1,16,84,13,256,False
FP1-EXP0004-C-214-ROBUST_1-R1500-T5-U9-PD2500-6500-RB800-BU3-FL93000,214,ROBUST_1,FP1-EXP0003-B-030-ROBUST_1-R1500-T5-U9-PD2500-6500,1500,5,9,2500,6500,800,3,93000,3901,15,3826,60,0,0,15,3901,12,-250,270,1089,10,144,636,1080,8,-518,526,1119,4,314,356,3046,2,-236,-236,2213,0,,,,0,10,636,8,526,False
FP1-EXP0004-C-215-ROBUST_1-R1500-T5-U9-PD2500-6500-RB800-BU3-FL185000,215,ROBUST_1,FP1-EXP0003-B-030-ROBUST_1-R1500-T5-U9-PD2500-6500,1500,5,9,2500,6500,800,3,185000,3901,3,3835,63,0,0,3,3901,3,-613,-326,860,1,-569,-569,-569,1,-622,-622,-622,1,-77,-77,-77,1,-779,-779,-779,0,,,,0,1,-569,1,-622,False
FP1-EXP0004-C-216-ROBUST_1-R1500-T5-U9-PD2500-6500-RB800-BU4-FL0,216,ROBUST_1,FP1-EXP0003-B-030-ROBUST_1-R1500-T5-U9-PD2500-6500,1500,5,9,2500,6500,800,4,0,3901,26,3818,57,0,0,26,3901,17,97,481,986,12,-277,78,721,11,-321,-47,899,5,314,3214,5769,3,-3144,3349,7134,1,-3113,-3113,-3113,1,12,78,11,-47,False
FP1-EXP0004-C-217-ROBUST_1-R1500-T5-U9-PD2500-6500-RB800-BU4-FL6000,217,ROBUST_1,FP1-EXP0003-B-030-ROBUST_1-R1500-T5-U9-PD2500-6500,1500,5,9,2500,6500,800,4,6000,3901,24,3820,57,0,0,24,3901,17,97,481,986,12,-277,78,721,11,-321,-47,899,5,314,3214,5769,3,-3144,3349,7134,1,-3113,-3113,-3113,1,12,78,11,-47,False
FP1-EXP0004-C-218-ROBUST_1-R1500-T5-U9-PD2500-6500-RB800-BU4-FL30000,218,ROBUST_1,FP1-EXP0003-B-030-ROBUST_1-R1500-T5-U9-PD2500-6500,1500,5,9,2500,6500,800,4,30000,3901,24,3820,57,0,0,24,3901,17,97,401,986,12,-277,-100,681,11,-321,-47,899,5,314,3214,5769,3,-3144,3349,7134,1,-3113,-3113,-3113,1,12,-100,11,-47,False
FP1-EXP0004-C-219-ROBUST_1-R1500-T5-U9-PD2500-6500-RB800-BU4-FL93000,219,ROBUST_1,FP1-EXP0003-B-030-ROBUST_1-R1500-T5-U9-PD2500-6500,1500,5,9,2500,6500,800,4,93000,3901,12,3828,61,0,0,12,3901,9,144,270,860,6,305,681,1080,5,929,1119,1808,4,314,356,2403,2,-236,-236,1611,0,,,,0,6,681,5,1119,False
FP1-EXP0004-C-220-ROBUST_1-R1500-T5-U9-PD2500-6500-RB800-BU4-FL185000,220,ROBUST_1,FP1-EXP0003-B-030-ROBUST_1-R1500-T5-U9-PD2500-6500,1500,5,9,2500,6500,800,4,185000,3901,3,3835,63,0,0,3,3901,3,-613,-326,860,1,-569,-569,-569,1,-622,-622,-622,1,-77,-77,-77,1,-779,-779,-779,0,,,,0,1,-569,1,-622,False
FP1-EXP0004-C-221-ROBUST_1-R1500-T5-U9-PD2500-6500-RB800-BU8-FL0,221,ROBUST_1,FP1-EXP0003-B-030-ROBUST_1-R1500-T5-U9-PD2500-6500,1500,5,9,2500,6500,800,8,0,3901,9,3830,62,0,0,9,3901,6,-466,-214,135,7,-357,-133,1080,5,-622,826,929,3,-77,-10,4047,1,-779,-779,-779,0,,,,0,7,-133,5,826,False
FP1-EXP0004-C-222-ROBUST_1-R1500-T5-U9-PD2500-6500-RB800-BU8-FL6000,222,ROBUST_1,FP1-EXP0003-B-030-ROBUST_1-R1500-T5-U9-PD2500-6500,1500,5,9,2500,6500,800,8,6000,3901,9,3830,62,0,0,9,3901,6,-466,-214,135,7,-357,-133,1080,5,-622,826,929,3,-77,-10,4047,1,-779,-779,-779,0,,,,0,7,-133,5,826,False
FP1-EXP0004-C-223-ROBUST_1-R1500-T5-U9-PD2500-6500-RB800-BU8-FL30000,223,ROBUST_1,FP1-EXP0003-B-030-ROBUST_1-R1500-T5-U9-PD2500-6500,1500,5,9,2500,6500,800,8,30000,3901,9,3830,62,0,0,9,3901,6,-466,-214,135,7,-357,-133,1080,5,-622,826,929,3,-77,-10,4047,1,-779,-779,-779,0,,,,0,7,-133,5,826,False
FP1-EXP0004-C-224-ROBUST_1-R1500-T5-U9-PD2500-6500-RB800-BU8-FL93000,224,ROBUST_1,FP1-EXP0003-B-030-ROBUST_1-R1500-T5-U9-PD2500-6500,1500,5,9,2500,6500,800,8,93000,3901,6,3832,63,0,0,6,3901,5,-466,-214,80,5,-357,410,1080,4,-622,-327,929,3,-394,-77,4047,1,-779,-779,-779,0,,,,0,5,410,4,-327,False
FP1-EXP0004-C-225-ROBUST_1-R1500-T5-U9-PD2500-6500-RB800-BU8-FL185000,225,ROBUST_1,FP1-EXP0003-B-030-ROBUST_1-R1500-T5-U9-PD2500-6500,1500,5,9,2500,6500,800,8,185000,3901,1,3836,64,0,0,1,3901,1,-613,-613,-613,1,-569,-569,-569,1,-622,-622,-622,1,-77,-77,-77,1,-779,-779,-779,0,,,,0,1,-569,1,-622,False
FP1-EXP0004-C-226-ROBUST_1-R1500-T5-U9-PD2500-6500-RB2300-BU1-FL0,226,ROBUST_1,FP1-EXP0003-B-030-ROBUST_1-R1500-T5-U9-PD2500-6500,1500,5,9,2500,6500,2300,1,0,3901,23,3822,56,0,0,23,3901,19,0,371,1323,12,0,483,1508,9,22,587,1412,4,-1272,-10,4950,2,5,5,4527,0,,,,0,12,483,9,587,False
FP1-EXP0004-C-227-ROBUST_1-R1500-T5-U9-PD2500-6500-RB2300-BU1-FL6000,227,ROBUST_1,FP1-EXP0003-B-030-ROBUST_1-R1500-T5-U9-PD2500-6500,1500,5,9,2500,6500,2300,1,6000,3901,22,3823,56,0,0,22,3901,19,0,371,1216,11,22,546,1639,8,-83,587,1412,4,-1272,-10,4950,2,5,5,4527,0,,,,0,11,546,8,587,False
FP1-EXP0004-C-228-ROBUST_1-R1500-T5-U9-PD2500-6500-RB2300-BU1-FL30000,228,ROBUST_1,FP1-EXP0003-B-030-ROBUST_1-R1500-T5-U9-PD2500-6500,1500,5,9,2500,6500,2300,1,30000,3901,20,3825,56,0,0,20,3901,18,0,267,1216,11,22,546,1261,7,-83,826,1412,4,-1272,-10,4950,2,5,5,4527,0,,,,0,11,546,7,826,False
FP1-EXP0004-C-229-ROBUST_1-R1500-T5-U9-PD2500-6500-RB2300-BU1-FL93000,229,ROBUST_1,FP1-EXP0003-B-030-ROBUST_1-R1500-T5-U9-PD2500-6500,1500,5,9,2500,6500,2300,1,93000,3901,13,3828,60,0,0,13,3901,11,80,427,1216,8,305,546,1080,6,-327,526,2420,4,-394,356,3046,2,-236,-236,2213,0,,,,0,8,546,6,526,False
FP1-EXP0004-C-230-ROBUST_1-R1500-T5-U9-PD2500-6500-RB2300-BU1-FL185000,230,ROBUST_1,FP1-EXP0003-B-030-ROBUST_1-R1500-T5-U9-PD2500-6500,1500,5,9,2500,6500,2300,1,185000,3901,3,3835,63,0,0,3,3901,3,-613,-326,860,1,-569,-569,-569,1,-622,-622,-622,1,-77,-77,-77,1,-779,-779,-779,0,,,,0,1,-569,1,-622,False
FP1-EXP0004-C-231-ROBUST_1-R1500-T5-U9-PD2500-6500-RB2300-BU2-FL0,231,ROBUST_1,FP1-EXP0003-B-030-ROBUST_1-R1500-T5-U9-PD2500-6500,1500,5,9,2500,6500,2300,2,0,3901,21,3823,57,0,0,21,3901,18,0,427,1323,10,274,546,1581,6,587,826,1412,4,-1272,-10,4950,2,5,5,4527,0,,,,0,10,546,6,826,False
FP1-EXP0004-C-232-ROBUST_1-R1500-T5-U9-PD2500-6500-RB2300-BU2-FL6000,232,ROBUST_1,FP1-EXP0003-B-030-ROBUST_1-R1500-T5-U9-PD2500-6500,1500,5,9,2500,6500,2300,2,6000,3901,19,3825,57,0,0,19,3901,17,1,504,1216,9,483,741,1581,5,826,1213,1412,4,-1272,-10,4950,2,5,5,4527,0,,,,0,9,741,5,1213,True
FP1-EXP0004-C-233-ROBUST_1-R1500-T5-U9-PD2500-6500-RB2300-BU2-FL30000,233,ROBUST_1,FP1-EXP0003-B-030-ROBUST_1-R1500-T5-U9-PD2500-6500,1500,5,9,2500,6500,2300,2,30000,3901,18,3826,57,0,0,18,3901,16,0,427,1089,9,483,636,917,5,587,826,1412,4,-1272,-10,4950,2,5,5,4527,0,,,,0,9,636,5,826,False
FP1-EXP0004-C-234-ROBUST_1-R1500-T5-U9-PD2500-6500-RB2300-BU2-FL93000,234,ROBUST_1,FP1-EXP0003-B-030-ROBUST_1-R1500-T5-U9-PD2500-6500,1500,5,9,2500,6500,2300,2,93000,3901,13,3828,60,0,0,13,3901,11,80,427,1216,8,305,546,1080,6,-327,526,2420,4,-394,356,3046,2,-236,-236,2213,0,,,,0,8,546,6,526,False
FP1-EXP0004-C-235-ROBUST_1-R1500-T5-U9-PD2500-6500-RB2300-BU2-FL185000,235,ROBUST_1,FP1-EXP0003-B-030-ROBUST_1-R1500-T5-U9-PD2500-6500,1500,5,9,2500,6500,2300,2,185000,3901,3,3835,63,0,0,3,3901,3,-613,-326,860,1,-569,-569,-569,1,-622,-622,-622,1,-77,-77,-77,1,-779,-779,-779,0,,,,0,1,-569,1,-622,False
FP1-EXP0004-C-236-ROBUST_1-R1500-T5-U9-PD2500-6500-RB2300-BU3-FL0,236,ROBUST_1,FP1-EXP0003-B-030-ROBUST_1-R1500-T5-U9-PD2500-6500,1500,5,9,2500,6500,2300,3,0,3901,18,3825,58,0,0,18,3901,15,1,427,1216,7,483,636,1520,5,526,826,1412,4,-10,356,4950,2,-236,-236,4527,0,,,,0,7,636,5,826,False
FP1-EXP0004-C-237-ROBUST_1-R1500-T5-U9-PD2500-6500-RB2300-BU3-FL6000,237,ROBUST_1,FP1-EXP0003-B-030-ROBUST_1-R1500-T5-U9-PD2500-6500,1500,5,9,2500,6500,2300,3,6000,3901,16,3827,58,0,0,16,3901,14,124,427,1216,7,483,636,1520,5,526,826,1412,4,-10,356,4950,2,-236,-236,4527,0,,,,0,7,636,5,826,False
FP1-EXP0004-C-238-ROBUST_1-R1500-T5-U9-PD2500-6500-RB2300-BU3-FL30000,238,ROBUST_1,FP1-EXP0003-B-030-ROBUST_1-R1500-T5-U9-PD2500-6500,1500,5,9,2500,6500,2300,3,30000,3901,16,3827,58,0,0,16,3901,14,124,427,1216,7,483,636,1520,5,526,826,1412,4,-10,356,4950,2,-236,-236,4527,0,,,,0,7,636,5,826,False
FP1-EXP0004-C-239-ROBUST_1-R1500-T5-U9-PD2500-6500-RB2300-BU3-FL93000,239,ROBUST_1,FP1-EXP0003-B-030-ROBUST_1-R1500-T5-U9-PD2500-6500,1500,5,9,2500,6500,2300,3,93000,3901,13,3828,60,0,0,13,3901,11,80,427,1216,8,305,546,1080,6,-327,526,2420,4,-394,356,3046,2,-236,-236,2213,0,,,,0,8,546,6,526,False
FP1-EXP0004-C-240-ROBUST_1-R1500-T5-U9-PD2500-6500-RB2300-BU3-FL185000,240,ROBUST_1,FP1-EXP0003-B-030-ROBUST_1-R1500-T5-U9-PD2500-6500,1500,5,9,2500,6500,2300,3,185000,3901,3,3835,63,0,0,3,3901,3,-613,-326,860,1,-569,-569,-569,1,-622,-622,-622,1,-77,-77,-77,1,-779,-779,-779,0,,,,0,1,-569,1,-622,False
FP1-EXP0004-C-241-ROBUST_1-R1500-T5-U9-PD2500-6500-RB2300-BU4-FL0,241,ROBUST_1,FP1-EXP0003-B-030-ROBUST_1-R1500-T5-U9-PD2500-6500,1500,5,9,2500,6500,2300,4,0,3901,16,3826,59,0,0,16,3901,13,0,202,860,6,305,483,546,6,-321,-47,1009,4,-10,356,4387,2,-236,-236,4013,0,,,,0,6,483,6,-47,False
FP1-EXP0004-C-242-ROBUST_1-R1500-T5-U9-PD2500-6500-RB2300-BU4-FL6000,242,ROBUST_1,FP1-EXP0003-B-030-ROBUST_1-R1500-T5-U9-PD2500-6500,1500,5,9,2500,6500,2300,4,6000,3901,15,3827,59,0,0,15,3901,13,0,202,860,6,305,483,546,6,-321,-47,1009,4,-10,356,4387,2,-236,-236,4013,0,,,,0,6,483,6,-47,False
FP1-EXP0004-C-243-ROBUST_1-R1500-T5-U9-PD2500-6500-RB2300-BU4-FL30000,243,ROBUST_1,FP1-EXP0003-B-030-ROBUST_1-R1500-T5-U9-PD2500-6500,1500,5,9,2500,6500,2300,4,30000,3901,15,3827,59,0,0,15,3901,13,0,202,860,6,305,483,546,6,-321,-47,1009,4,-10,356,4387,2,-236,-236,4013,0,,,,0,6,483,6,-47,False
FP1-EXP0004-C-244-ROBUST_1-R1500-T5-U9-PD2500-6500-RB2300-BU4-FL93000,244,ROBUST_1,FP1-EXP0003-B-030-ROBUST_1-R1500-T5-U9-PD2500-6500,1500,5,9,2500,6500,2300,4,93000,3901,12,3828,61,0,0,12,3901,9,80,202,860,6,305,410,1080,5,-327,929,1808,4,-394,356,2403,2,-236,-236,1611,0,,,,0,6,410,5,929,False
FP1-EXP0004-C-245-ROBUST_1-R1500-T5-U9-PD2500-6500-RB2300-BU4-FL185000,245,ROBUST_1,FP1-EXP0003-B-030-ROBUST_1-R1500-T5-U9-PD2500-6500,1500,5,9,2500,6500,2300,4,185000,3901,3,3835,63,0,0,3,3901,3,-613,-326,860,1,-569,-569,-569,1,-622,-622,-622,1,-77,-77,-77,1,-779,-779,-779,0,,,,0,1,-569,1,-622,False
FP1-EXP0004-C-246-ROBUST_1-R1500-T5-U9-PD2500-6500-RB2300-BU8-FL0,246,ROBUST_1,FP1-EXP0003-B-030-ROBUST_1-R1500-T5-U9-PD2500-6500,1500,5,9,2500,6500,2300,8,0,3901,7,3832,62,0,0,7,3901,5,-466,-214,0,5,-357,483,1080,4,-622,826,929,3,-77,-10,4047,1,-779,-779,-779,0,,,,0,5,483,4,826,False
FP1-EXP0004-C-247-ROBUST_1-R1500-T5-U9-PD2500-6500-RB2300-BU8-FL6000,247,ROBUST_1,FP1-EXP0003-B-030-ROBUST_1-R1500-T5-U9-PD2500-6500,1500,5,9,2500,6500,2300,8,6000,3901,7,3832,62,0,0,7,3901,5,-466,-214,0,5,-357,483,1080,4,-622,826,929,3,-77,-10,4047,1,-779,-779,-779,0,,,,0,5,483,4,826,False
FP1-EXP0004-C-248-ROBUST_1-R1500-T5-U9-PD2500-6500-RB2300-BU8-FL30000,248,ROBUST_1,FP1-EXP0003-B-030-ROBUST_1-R1500-T5-U9-PD2500-6500,1500,5,9,2500,6500,2300,8,30000,3901,7,3832,62,0,0,7,3901,5,-466,-214,0,5,-357,483,1080,4,-622,826,929,3,-77,-10,4047,1,-779,-779,-779,0,,,,0,5,483,4,826,False
FP1-EXP0004-C-249-ROBUST_1-R1500-T5-U9-PD2500-6500-RB2300-BU8-FL93000,249,ROBUST_1,FP1-EXP0003-B-030-ROBUST_1-R1500-T5-U9-PD2500-6500,1500,5,9,2500,6500,2300,8,93000,3901,6,3832,63,0,0,6,3901,5,-466,-214,80,5,-357,410,1080,4,-622,-327,929,3,-394,-77,4047,1,-779,-779,-779,0,,,,0,5,410,4,-327,False
FP1-EXP0004-C-250-ROBUST_1-R1500-T5-U9-PD2500-6500-RB2300-BU8-FL185000,250,ROBUST_1,FP1-EXP0003-B-030-ROBUST_1-R1500-T5-U9-PD2500-6500,1500,5,9,2500,6500,2300,8,185000,3901,1,3836,64,0,0,1,3901,1,-613,-613,-613,1,-569,-569,-569,1,-622,-622,-622,1,-77,-77,-77,1,-779,-779,-779,0,,,,0,1,-569,1,-622,False
FP1-EXP0004-C-251-ROBUST_1-R1500-T5-U9-PD2500-6500-RB7300-BU1-FL0,251,ROBUST_1,FP1-EXP0003-B-030-ROBUST_1-R1500-T5-U9-PD2500-6500,1500,5,9,2500,6500,7300,1,0,3901,9,3831,61,0,0,9,3901,8,-14,3,727,6,22,173,741,5,-27,526,2486,1,553,553,553,1,-193,-193,-193,0,,,,0,6,173,5,526,False
FP1-EXP0004-C-252-ROBUST_1-R1500-T5-U9-PD2500-6500-RB7300-BU1-FL6000,252,ROBUST_1,FP1-EXP0003-B-030-ROBUST_1-R1500-T5-U9-PD2500-6500,1500,5,9,2500,6500,7300,1,6000,3901,9,3831,61,0,0,9,3901,8,-14,3,727,6,22,173,741,5,-27,526,2486,1,553,553,553,1,-193,-193,-193,0,,,,0,6,173,5,526,False
FP1-EXP0004-C-253-ROBUST_1-R1500-T5-U9-PD2500-6500-RB7300-BU1-FL30000,253,ROBUST_1,FP1-EXP0003-B-030-ROBUST_1-R1500-T5-U9-PD2500-6500,1500,5,9,2500,6500,7300,1,30000,3901,7,3832,62,0,0,7,3901,6,-14,3,741,5,22,173,741,4,-83,-27,960,1,553,553,553,1,-193,-193,-193,0,,,,0,5,173,4,-27,False
FP1-EXP0004-C-254-ROBUST_1-R1500-T5-U9-PD2500-6500-RB7300-BU1-FL93000,254,ROBUST_1,FP1-EXP0003-B-030-ROBUST_1-R1500-T5-U9-PD2500-6500,1500,5,9,2500,6500,7300,1,93000,3901,5,3833,63,0,0,5,3901,4,-90,3,788,3,173,636,1034,2,-27,-27,526,1,553,553,553,1,-193,-193,-193,0,,,,0,3,636,2,-27,False
FP1-EXP0004-C-255-ROBUST_1-R1500-T5-U9-PD2500-6500-RB7300-BU1-FL185000,255,ROBUST_1,FP1-EXP0003-B-030-ROBUST_1-R1500-T5-U9-PD2500-6500,1500,5,9,2500,6500,7300,1,185000,3901,1,3836,64,0,0,1,3901,1,-613,-613,-613,1,-569,-569,-569,1,-622,-622,-622,1,-77,-77,-77,1,-779,-779,-779,0,,,,0,1,-569,1,-622,False
FP1-EXP0004-C-256-ROBUST_1-R1500-T5-U9-PD2500-6500-RB7300-BU2-FL0,256,ROBUST_1,FP1-EXP0003-B-030-ROBUST_1-R1500-T5-U9-PD2500-6500,1500,5,9,2500,6500,7300,2,0,3901,8,3831,62,0,0,8,3901,7,-14,3,741,5,22,173,741,4,-83,-27,1213,1,553,553,553,1,-193,-193,-193,0,,,,0,5,173,4,-27,False
FP1-EXP0004-C-257-ROBUST_1-R1500-T5-U9-PD2500-6500-RB7300-BU2-FL6000,257,ROBUST_1,FP1-EXP0003-B-030-ROBUST_1-R1500-T5-U9-PD2500-6500,1500,5,9,2500,6500,7300,2,6000,3901,7,3832,62,0,0,7,3901,6,1,3,741,4,-1570,173,741,3,-27,1213,2486,1,553,553,553,1,-193,-193,-193,0,,,,0,4,173,3,1213,False
FP1-EXP0004-C-258-ROBUST_1-R1500-T5-U9-PD2500-6500-RB7300-BU2-FL30000,258,ROBUST_1,FP1-EXP0003-B-030-ROBUST_1-R1500-T5-U9-PD2500-6500,1500,5,9,2500,6500,7300,2,30000,3901,6,3833,62,0,0,6,3901,5,3,727,741,4,-1570,173,636,3,-27,526,2486,1,553,553,553,1,-193,-193,-193,0,,,,0,4,173,3,526,False
FP1-EXP0004-C-259-ROBUST_1-R1500-T5-U9-PD2500-6500-RB7300-BU2-FL93000,259,ROBUST_1,FP1-EXP0003-B-030-ROBUST_1-R1500-T5-U9-PD2500-6500,1500,5,9,2500,6500,7300,2,93000,3901,5,3833,63,0,0,5,3901,4,-90,3,788,3,173,636,1034,2,-27,-27,526,1,553,553,553,1,-193,-193,-193,0,,,,0,3,636,2,-27,False
FP1-EXP0004-C-260-ROBUST_1-R1500-T5-U9-PD2500-6500-RB7300-BU2-FL185000,260,ROBUST_1,FP1-EXP0003-B-030-ROBUST_1-R1500-T5-U9-PD2500-6500,1500,5,9,2500,6500,7300,2,185000,3901,1,3836,64,0,0,1,3901,1,-613,-613,-613,1,-569,-569,-569,1,-622,-622,-622,1,-77,-77,-77,1,-779,-779,-779,0,,,,0,1,-569,1,-622,False
FP1-EXP0004-C-261-ROBUST_1-R1500-T5-U9-PD2500-6500-RB7300-BU3-FL0,261,ROBUST_1,FP1-EXP0003-B-030-ROBUST_1-R1500-T5-U9-PD2500-6500,1500,5,9,2500,6500,7300,3,0,3901,8,3831,62,0,0,8,3901,5,1,3,727,3,-1570,173,636,3,-27,526,2486,1,553,553,553,1,-193,-193,-193,0,,,,0,3,173,3,526,False
FP1-EXP0004-C-262-ROBUST_1-R1500-T5-U9-PD2500-6500-RB7300-BU3-FL6000,262,ROBUST_1,FP1-EXP0003-B-030-ROBUST_1-R1500-T5-U9-PD2500-6500,1500,5,9,2500,6500,7300,3,6000,3901,6,3833,62,0,0,6,3901,4,-90,3,727,3,-1570,173,636,3,-27,526,2486,1,553,553,553,1,-193,-193,-193,0,,,,0,3,173,3,526,False
FP1-EXP0004-C-263-ROBUST_1-R1500-T5-U9-PD2500-6500-RB7300-BU3-FL30000,263,ROBUST_1,FP1-EXP0003-B-030-ROBUST_1-R1500-T5-U9-PD2500-6500,1500,5,9,2500,6500,7300,3,30000,3901,6,3833,62,0,0,6,3901,4,-90,3,727,3,-1570,173,636,3,-27,526,2486,1,553,553,553,1,-193,-193,-193,0,,,,0,3,173,3,526,False
FP1-EXP0004-C-264-ROBUST_1-R1500-T5-U9-PD2500-6500-RB7300-BU3-FL93000,264,ROBUST_1,FP1-EXP0003-B-030-ROBUST_1-R1500-T5-U9-PD2500-6500,1500,5,9,2500,6500,7300,3,93000,3901,5,3833,63,0,0,5,3901,4,-90,3,788,3,173,636,1034,2,-27,-27,526,1,553,553,553,1,-193,-193,-193,0,,,,0,3,636,2,-27,False
FP1-EXP0004-C-265-ROBUST_1-R1500-T5-U9-PD2500-6500-RB7300-BU3-FL185000,265,ROBUST_1,FP1-EXP0003-B-030-ROBUST_1-R1500-T5-U9-PD2500-6500,1500,5,9,2500,6500,7300,3,185000,3901,1,3836,64,0,0,1,3901,1,-613,-613,-613,1,-569,-569,-569,1,-622,-622,-622,1,-77,-77,-77,1,-779,-779,-779,0,,,,0,1,-569,1,-622,False
FP1-EXP0004-C-266-ROBUST_1-R1500-T5-U9-PD2500-6500-RB7300-BU4-FL0,266,ROBUST_1,FP1-EXP0003-B-030-ROBUST_1-R1500-T5-U9-PD2500-6500,1500,5,9,2500,6500,7300,4,0,3901,7,3832,62,0,0,7,3901,4,-90,-80,3,3,-220,173,2936,3,-321,-47,-27,1,553,553,553,1,-193,-193,-193,0,,,,0,3,173,3,-47,False
FP1-EXP0004-C-267-ROBUST_1-R1500-T5-U9-PD2500-6500-RB7300-BU4-FL6000,267,ROBUST_1,FP1-EXP0003-B-030-ROBUST_1-R1500-T5-U9-PD2500-6500,1500,5,9,2500,6500,7300,4,6000,3901,6,3833,62,0,0,6,3901,4,-90,-80,3,3,-220,173,2936,3,-321,-47,-27,1,553,553,553,1,-193,-193,-193,0,,,,0,3,173,3,-47,False
FP1-EXP0004-C-268-ROBUST_1-R1500-T5-U9-PD2500-6500-RB7300-BU4-FL30000,268,ROBUST_1,FP1-EXP0003-B-030-ROBUST_1-R1500-T5-U9-PD2500-6500,1500,5,9,2500,6500,7300,4,30000,3901,6,3833,62,0,0,6,3901,4,-90,-80,3,3,-220,173,2936,3,-321,-47,-27,1,553,553,553,1,-193,-193,-193,0,,,,0,3,173,3,-47,False
FP1-EXP0004-C-269-ROBUST_1-R1500-T5-U9-PD2500-6500-RB7300-BU4-FL93000,269,ROBUST_1,FP1-EXP0003-B-030-ROBUST_1-R1500-T5-U9-PD2500-6500,1500,5,9,2500,6500,7300,4,93000,3901,5,3833,63,0,0,5,3901,3,-90,3,1219,2,173,173,1034,1,-27,-27,-27,1,553,553,553,1,-193,-193,-193,0,,,,0,2,173,1,-27,False
FP1-EXP0004-C-270-ROBUST_1-R1500-T5-U9-PD2500-6500-RB7300-BU4-FL185000,270,ROBUST_1,FP1-EXP0003-B-030-ROBUST_1-R1500-T5-U9-PD2500-6500,1500,5,9,2500,6500,7300,4,185000,3901,1,3836,64,0,0,1,3901,1,-613,-613,-613,1,-569,-569,-569,1,-622,-622,-622,1,-77,-77,-77,1,-779,-779,-779,0,,,,0,1,-569,1,-622,False
FP1-EXP0004-C-271-ROBUST_1-R1500-T5-U9-PD2500-6500-RB7300-BU8-FL0,271,ROBUST_1,FP1-EXP0003-B-030-ROBUST_1-R1500-T5-U9-PD2500-6500,1500,5,9,2500,6500,7300,8,0,3901,3,3834,64,0,0,3,3901,3,-613,3,161,2,-569,-569,-7,1,-622,-622,-622,1,-77,-77,-77,1,-779,-779,-779,0,,,,0,2,-569,1,-622,False
FP1-EXP0004-C-272-ROBUST_1-R1500-T5-U9-PD2500-6500-RB7300-BU8-FL6000,272,ROBUST_1,FP1-EXP0003-B-030-ROBUST_1-R1500-T5-U9-PD2500-6500,1500,5,9,2500,6500,7300,8,6000,3901,3,3834,64,0,0,3,3901,3,-613,3,161,2,-569,-569,-7,1,-622,-622,-622,1,-77,-77,-77,1,-779,-779,-779,0,,,,0,2,-569,1,-622,False
FP1-EXP0004-C-273-ROBUST_1-R1500-T5-U9-PD2500-6500-RB7300-BU8-FL30000,273,ROBUST_1,FP1-EXP0003-B-030-ROBUST_1-R1500-T5-U9-PD2500-6500,1500,5,9,2500,6500,7300,8,30000,3901,3,3834,64,0,0,3,3901,3,-613,3,161,2,-569,-569,-7,1,-622,-622,-622,1,-77,-77,-77,1,-779,-779,-779,0,,,,0,2,-569,1,-622,False
FP1-EXP0004-C-274-ROBUST_1-R1500-T5-U9-PD2500-6500-RB7300-BU8-FL93000,274,ROBUST_1,FP1-EXP0003-B-030-ROBUST_1-R1500-T5-U9-PD2500-6500,1500,5,9,2500,6500,7300,8,93000,3901,3,3834,64,0,0,3,3901,3,-613,3,161,2,-569,-569,-7,1,-622,-622,-622,1,-77,-77,-77,1,-779,-779,-779,0,,,,0,2,-569,1,-622,False
FP1-EXP0004-C-275-ROBUST_1-R1500-T5-U9-PD2500-6500-RB7300-BU8-FL185000,275,ROBUST_1,FP1-EXP0003-B-030-ROBUST_1-R1500-T5-U9-PD2500-6500,1500,5,9,2500,6500,7300,8,185000,3901,1,3836,64,0,0,1,3901,1,-613,-613,-613,1,-569,-569,-569,1,-622,-622,-622,1,-77,-77,-77,1,-779,-779,-779,0,,,,0,1,-569,1,-622,False
FP1-EXP0004-C-276-ROBUST_1-R1500-T5-U9-PD2500-6500-RB20700-BU1-FL0,276,ROBUST_1,FP1-EXP0003-B-030-ROBUST_1-R1500-T5-U9-PD2500-6500,1500,5,9,2500,6500,20700,1,0,3901,2,3836,63,0,0,2,3901,2,-14,-14,2010,2,22,22,3017,2,-83,-83,2519,0,,,,0,,,,0,,,,0,2,22,2,-83,False
FP1-EXP0004-C-277-ROBUST_1-R1500-T5-U9-PD2500-6500-RB20700-BU1-FL6000,277,ROBUST_1,FP1-EXP0003-B-030-ROBUST_1-R1500-T5-U9-PD2500-6500,1500,5,9,2500,6500,20700,1,6000,3901,2,3836,63,0,0,2,3901,2,-14,-14,2010,2,22,22,3017,2,-83,-83,2519,0,,,,0,,,,0,,,,0,2,22,2,-83,False
FP1-EXP0004-C-278-ROBUST_1-R1500-T5-U9-PD2500-6500-RB20700-BU1-FL30000,278,ROBUST_1,FP1-EXP0003-B-030-ROBUST_1-R1500-T5-U9-PD2500-6500,1500,5,9,2500,6500,20700,1,30000,3901,2,3836,63,0,0,2,3901,2,-14,-14,1415,2,22,22,1261,2,-83,-83,960,0,,,,0,,,,0,,,,0,2,22,2,-83,False
FP1-EXP0004-C-279-ROBUST_1-R1500-T5-U9-PD2500-6500-RB20700-BU1-FL93000,279,ROBUST_1,FP1-EXP0003-B-030-ROBUST_1-R1500-T5-U9-PD2500-6500,1500,5,9,2500,6500,20700,1,93000,3901,1,3837,63,0,0,1,3901,1,788,788,788,1,636,636,636,1,526,526,526,0,,,,0,,,,0,,,,0,1,636,1,526,False
FP1-EXP0004-C-280-ROBUST_1-R1500-T5-U9-PD2500-6500-RB20700-BU1-FL185000,280,ROBUST_1,FP1-EXP0003-B-030-ROBUST_1-R1500-T5-U9-PD2500-6500,1500,5,9,2500,6500,20700,1,185000,3901,0,3837,64,0,0,0,3901,0,,,,0,,,,0,,,,0,,,,0,,,,0,,,,0,0,,0,,False
FP1-EXP0004-C-281-ROBUST_1-R1500-T5-U9-PD2500-6500-RB20700-BU2-FL0,281,ROBUST_1,FP1-EXP0003-B-030-ROBUST_1-R1500-T5-U9-PD2500-6500,1500,5,9,2500,6500,20700,2,0,3901,2,3836,63,0,0,2,3901,2,-14,-14,2225,2,22,22,1581,2,-83,-83,1213,0,,,,0,,,,0,,,,0,2,22,2,-83,False
FP1-EXP0004-C-282-ROBUST_1-R1500-T5-U9-PD2500-6500-RB20700-BU2-FL6000,282,ROBUST_1,FP1-EXP0003-B-030-ROBUST_1-R1500-T5-U9-PD2500-6500,1500,5,9,2500,6500,20700,2,6000,3901,1,3837,63,0,0,1,3901,1,2225,2225,2225,1,1581,1581,1581,1,1213,1213,1213,0,,,,0,,,,0,,,,0,1,1581,1,1213,False
FP1-EXP0004-C-283-ROBUST_1-R1500-T5-U9-PD2500-6500-RB20700-BU2-FL30000,283,ROBUST_1,FP1-EXP0003-B-030-ROBUST_1-R1500-T5-U9-PD2500-6500,1500,5,9,2500,6500,20700,2,30000,3901,1,3837,63,0,0,1,3901,1,788,788,788,1,636,636,636,1,526,526,526,0,,,,0,,,,0,,,,0,1,636,1,526,False
FP1-EXP0004-C-284-ROBUST_1-R1500-T5-U9-PD2500-6500-RB20700-BU2-FL93000,284,ROBUST_1,FP1-EXP0003-B-030-ROBUST_1-R1500-T5-U9-PD2500-6500,1500,5,9,2500,6500,20700,2,93000,3901,1,3837,63,0,0,1,3901,1,788,788,788,1,636,636,636,1,526,526,526,0,,,,0,,,,0,,,,0,1,636,1,526,False
FP1-EXP0004-C-285-ROBUST_1-R1500-T5-U9-PD2500-6500-RB20700-BU2-FL185000,285,ROBUST_1,FP1-EXP0003-B-030-ROBUST_1-R1500-T5-U9-PD2500-6500,1500,5,9,2500,6500,20700,2,185000,3901,0,3837,64,0,0,0,3901,0,,,,0,,,,0,,,,0,,,,0,,,,0,,,,0,0,,0,,False
FP1-EXP0004-C-286-ROBUST_1-R1500-T5-U9-PD2500-6500-RB20700-BU3-FL0,286,ROBUST_1,FP1-EXP0003-B-030-ROBUST_1-R1500-T5-U9-PD2500-6500,1500,5,9,2500,6500,20700,3,0,3901,2,3836,63,0,0,2,3901,1,788,788,788,1,636,636,636,1,526,526,526,0,,,,0,,,,0,,,,0,1,636,1,526,False
FP1-EXP0004-C-287-ROBUST_1-R1500-T5-U9-PD2500-6500-RB20700-BU3-FL6000,287,ROBUST_1,FP1-EXP0003-B-030-ROBUST_1-R1500-T5-U9-PD2500-6500,1500,5,9,2500,6500,20700,3,6000,3901,1,3837,63,0,0,1,3901,1,788,788,788,1,636,636,636,1,526,526,526,0,,,,0,,,,0,,,,0,1,636,1,526,False
FP1-EXP0004-C-288-ROBUST_1-R1500-T5-U9-PD2500-6500-RB20700-BU3-FL30000,288,ROBUST_1,FP1-EXP0003-B-030-ROBUST_1-R1500-T5-U9-PD2500-6500,1500,5,9,2500,6500,20700,3,30000,3901,1,3837,63,0,0,1,3901,1,788,788,788,1,636,636,636,1,526,526,526,0,,,,0,,,,0,,,,0,1,636,1,526,False
FP1-EXP0004-C-289-ROBUST_1-R1500-T5-U9-PD2500-6500-RB20700-BU3-FL93000,289,ROBUST_1,FP1-EXP0003-B-030-ROBUST_1-R1500-T5-U9-PD2500-6500,1500,5,9,2500,6500,20700,3,93000,3901,1,3837,63,0,0,1,3901,1,788,788,788,1,636,636,636,1,526,526,526,0,,,,0,,,,0,,,,0,1,636,1,526,False
FP1-EXP0004-C-290-ROBUST_1-R1500-T5-U9-PD2500-6500-RB20700-BU3-FL185000,290,ROBUST_1,FP1-EXP0003-B-030-ROBUST_1-R1500-T5-U9-PD2500-6500,1500,5,9,2500,6500,20700,3,185000,3901,0,3837,64,0,0,0,3901,0,,,,0,,,,0,,,,0,,,,0,,,,0,,,,0,0,,0,,False
FP1-EXP0004-C-291-ROBUST_1-R1500-T5-U9-PD2500-6500-RB20700-BU4-FL0,291,ROBUST_1,FP1-EXP0003-B-030-ROBUST_1-R1500-T5-U9-PD2500-6500,1500,5,9,2500,6500,20700,4,0,3901,2,3836,63,0,0,2,3901,1,-80,-80,-80,1,-220,-220,-220,1,-321,-321,-321,0,,,,0,,,,0,,,,0,1,-220,1,-321,False
FP1-EXP0004-C-292-ROBUST_1-R1500-T5-U9-PD2500-6500-RB20700-BU4-FL6000,292,ROBUST_1,FP1-EXP0003-B-030-ROBUST_1-R1500-T5-U9-PD2500-6500,1500,5,9,2500,6500,20700,4,6000,3901,1,3837,63,0,0,1,3901,1,-80,-80,-80,1,-220,-220,-220,1,-321,-321,-321,0,,,,0,,,,0,,,,0,1,-220,1,-321,False
FP1-EXP0004-C-293-ROBUST_1-R1500-T5-U9-PD2500-6500-RB20700-BU4-FL30000,293,ROBUST_1,FP1-EXP0003-B-030-ROBUST_1-R1500-T5-U9-PD2500-6500,1500,5,9,2500,6500,20700,4,30000,3901,1,3837,63,0,0,1,3901,1,-80,-80,-80,1,-220,-220,-220,1,-321,-321,-321,0,,,,0,,,,0,,,,0,1,-220,1,-321,False
FP1-EXP0004-C-294-ROBUST_1-R1500-T5-U9-PD2500-6500-RB20700-BU4-FL93000,294,ROBUST_1,FP1-EXP0003-B-030-ROBUST_1-R1500-T5-U9-PD2500-6500,1500,5,9,2500,6500,20700,4,93000,3901,1,3837,63,0,0,1,3901,0,,,,0,,,,0,,,,0,,,,0,,,,0,,,,0,0,,0,,False
FP1-EXP0004-C-295-ROBUST_1-R1500-T5-U9-PD2500-6500-RB20700-BU4-FL185000,295,ROBUST_1,FP1-EXP0003-B-030-ROBUST_1-R1500-T5-U9-PD2500-6500,1500,5,9,2500,6500,20700,4,185000,3901,0,3837,64,0,0,0,3901,0,,,,0,,,,0,,,,0,,,,0,,,,0,,,,0,0,,0,,False
FP1-EXP0004-C-296-ROBUST_1-R1500-T5-U9-PD2500-6500-RB20700-BU8-FL0,296,ROBUST_1,FP1-EXP0003-B-030-ROBUST_1-R1500-T5-U9-PD2500-6500,1500,5,9,2500,6500,20700,8,0,3901,0,3837,64,0,0,0,3901,0,,,,0,,,,0,,,,0,,,,0,,,,0,,,,0,0,,0,,False
FP1-EXP0004-C-297-ROBUST_1-R1500-T5-U9-PD2500-6500-RB20700-BU8-FL6000,297,ROBUST_1,FP1-EXP0003-B-030-ROBUST_1-R1500-T5-U9-PD2500-6500,1500,5,9,2500,6500,20700,8,6000,3901,0,3837,64,0,0,0,3901,0,,,,0,,,,0,,,,0,,,,0,,,,0,,,,0,0,,0,,False
FP1-EXP0004-C-298-ROBUST_1-R1500-T5-U9-PD2500-6500-RB20700-BU8-FL30000,298,ROBUST_1,FP1-EXP0003-B-030-ROBUST_1-R1500-T5-U9-PD2500-6500,1500,5,9,2500,6500,20700,8,30000,3901,0,3837,64,0,0,0,3901,0,,,,0,,,,0,,,,0,,,,0,,,,0,,,,0,0,,0,,False
FP1-EXP0004-C-299-ROBUST_1-R1500-T5-U9-PD2500-6500-RB20700-BU8-FL93000,299,ROBUST_1,FP1-EXP0003-B-030-ROBUST_1-R1500-T5-U9-PD2500-6500,1500,5,9,2500,6500,20700,8,93000,3901,0,3837,64,0,0,0,3901,0,,,,0,,,,0,,,,0,,,,0,,,,0,,,,0,0,,0,,False
FP1-EXP0004-C-300-ROBUST_1-R1500-T5-U9-PD2500-6500-RB20700-BU8-FL185000,300,ROBUST_1,FP1-EXP0003-B-030-ROBUST_1-R1500-T5-U9-PD2500-6500,1500,5,9,2500,6500,20700,8,185000,3901,0,3837,64,0,0,0,3901,0,,,,0,,,,0,,,,0,,,,0,,,,0,,,,0,0,,0,,False
FP1-EXP0004-C-301-ROBUST_2-R2000-T3-U5-PD2500-6500-RB200-BU1-FL0,301,ROBUST_2,FP1-EXP0003-B-051-ROBUST_2-R2000-T3-U5-PD2500-6500,2000,3,5,2500,6500,200,1,0,3901,57,3784,60,0,0,57,3901,41,5,195,631,38,-152,247,923,25,-621,468,872,10,-2584,900,4048,7,-2772,-2446,4192,3,-8588,-2551,3614,3,38,247,25,468,True
FP1-EXP0004-C-302-ROBUST_2-R2000-T3-U5-PD2500-6500-RB200-BU1-FL6000,302,ROBUST_2,FP1-EXP0003-B-051-ROBUST_2-R2000-T3-U5-PD2500-6500,2000,3,5,2500,6500,200,1,6000,3901,55,3784,62,0,0,55,3901,40,5,188,631,36,-627,238,714,23,-621,468,1271,8,-253,1121,4048,6,-2764,-2584,4192,2,-2551,-2551,3040,2,36,238,23,468,False
FP1-EXP0004-C-303-ROBUST_2-R2000-T3-U5-PD2500-6500-RB200-BU1-FL30000,303,ROBUST_2,FP1-EXP0003-B-051-ROBUST_2-R2000-T3-U5-PD2500-6500,2000,3,5,2500,6500,200,1,30000,3901,41,3795,65,0,0,41,3901,27,19,159,1089,26,-152,84,1215,21,-621,22,899,7,440,1339,6535,5,-2764,-2584,3349,2,-2551,-2551,3040,2,26,84,21,22,False
FP1-EXP0004-C-304-ROBUST_2-R2000-T3-U5-PD2500-6500-RB200-BU1-FL93000,304,ROBUST_2,FP1-EXP0003-B-051-ROBUST_2-R2000-T3-U5-PD2500-6500,2000,3,5,2500,6500,200,1,93000,3901,18,3813,70,0,0,18,3901,14,144,668,1620,12,0,636,1080,10,-518,477,1119,5,356,1121,3046,3,-2772,-236,2213,0,,,,0,12,636,10,477,False
FP1-EXP0004-C-305-ROBUST_2-R2000-T3-U5-PD2500-6500-RB200-BU1-FL185000,305,ROBUST_2,FP1-EXP0003-B-051-ROBUST_2-R2000-T3-U5-PD2500-6500,2000,3,5,2500,6500,200,1,185000,3901,4,3824,73,0,0,4,3901,4,-1931,-613,-326,2,-8438,-8438,-569,2,-8072,-8072,-622,2,-2581,-2581,-77,2,-4375,-4375,-779,0,,,,0,2,-8438,2,-8072,False
FP1-EXP0004-C-306-ROBUST_2-R2000-T3-U5-PD2500-6500-RB200-BU2-FL0,306,ROBUST_2,FP1-EXP0003-B-051-ROBUST_2-R2000-T3-U5-PD2500-6500,2000,3,5,2500,6500,200,2,0,3901,52,3786,63,0,0,52,3901,36,-43,159,790,32,-256,247,775,24,-621,41,872,9,-503,1121,4048,7,-3076,-2584,4192,3,-8756,-2551,2478,3,32,247,24,41,False
FP1-EXP0004-C-307-ROBUST_2-R2000-T3-U5-PD2500-6500-RB200-BU2-FL6000,307,ROBUST_2,FP1-EXP0003-B-051-ROBUST_2-R2000-T3-U5-PD2500-6500,2000,3,5,2500,6500,200,2,6000,3901,50,3787,64,0,0,50,3901,35,-43,188,810,31,-256,247,1215,23,-586,63,1213,8,-503,1121,4048,6,-2772,-2584,4192,2,-2551,-2551,2478,2,31,247,23,63,False
FP1-EXP0004-C-308-ROBUST_2-R2000-T3-U5-PD2500-6500-RB200-BU2-FL30000,308,ROBUST_2,FP1-EXP0003-B-051-ROBUST_2-R2000-T3-U5-PD2500-6500,2000,3,5,2500,6500,200,2,30000,3901,39,3796,66,0,0,39,3901,26,26,188,816,24,-196,120,636,20,-621,22,652,7,-10,1339,6535,5,-2772,-2584,3349,2,-2551,-2551,2478,2,24,120,20,22,False
FP1-EXP0004-C-309-ROBUST_2-R2000-T3-U5-PD2500-6500-RB200-BU2-FL93000,309,ROBUST_2,FP1-EXP0003-B-051-ROBUST_2-R2000-T3-U5-PD2500-6500,2000,3,5,2500,6500,200,2,93000,3901,18,3813,70,0,0,18,3901,14,144,668,1620,12,0,636,1080,10,-518,477,1119,5,356,1121,3046,3,-2772,-236,2213,0,,,,0,12,636,10,477,False
FP1-EXP0004-C-310-ROBUST_2-R2000-T3-U5-PD2500-6500-RB200-BU2-FL185000,310,ROBUST_2,FP1-EXP0003-B-051-ROBUST_2-R2000-T3-U5-PD2500-6500,2000,3,5,2500,6500,200,2,185000,3901,4,3824,73,0,0,4,3901,4,-1931,-613,-326,2,-8438,-8438,-569,2,-8072,-8072,-622,2,-2581,-2581,-77,2,-4375,-4375,-779,0,,,,0,2,-8438,2,-8072,False
FP1-EXP0004-C-311-ROBUST_2-R2000-T3-U5-PD2500-6500-RB200-BU3-FL0,311,ROBUST_2,FP1-EXP0003-B-051-ROBUST_2-R2000-T3-U5-PD2500-6500,2000,3,5,2500,6500,200,3,0,3901,37,3797,67,0,0,37,3901,31,19,307,677,23,0,377,721,16,-586,504,1119,7,-2768,314,6535,5,-4375,-2768,3759,1,-2736,-2736,-2736,1,23,377,16,504,True
FP1-EXP0004-C-312-ROBUST_2-R2000-T3-U5-PD2500-6500-RB200-BU3-FL6000,312,ROBUST_2,FP1-EXP0003-B-051-ROBUST_2-R2000-T3-U5-PD2500-6500,2000,3,5,2500,6500,200,3,6000,3901,35,3798,68,0,0,35,3901,30,84,396,788,22,0,377,721,16,-171,504,1119,6,-2581,314,6535,4,-4375,-2768,3759,1,-2736,-2736,-2736,1,22,377,16,504,False
FP1-EXP0004-C-313-ROBUST_2-R2000-T3-U5-PD2500-6500-RB200-BU3-FL30000,313,ROBUST_2,FP1-EXP0003-B-051-ROBUST_2-R2000-T3-U5-PD2500-6500,2000,3,5,2500,6500,200,3,30000,3901,32,3800,69,0,0,32,3901,24,84,270,1089,20,-196,120,636,17,-96,504,899,6,-2581,314,6535,4,-4375,-2768,3349,1,-2736,-2736,-2736,1,20,120,17,504,False
FP1-EXP0004-C-314-ROBUST_2-R2000-T3-U5-PD2500-6500-RB200-BU3-FL93000,314,ROBUST_2,FP1-EXP0003-B-051-ROBUST_2-R2000-T3-U5-PD2500-6500,2000,3,5,2500,6500,200,3,93000,3901,17,3814,70,0,0,17,3901,14,-250,270,1216,12,0,636,1080,10,-518,477,1119,5,314,356,3046,3,-4375,-236,2213,0,,,,0,12,636,10,477,False
FP1-EXP0004-C-315-ROBUST_2-R2000-T3-U5-PD2500-6500-RB200-BU3-FL185000,315,ROBUST_2,FP1-EXP0003-B-051-ROBUST_2-R2000-T3-U5-PD2500-6500,2000,3,5,2500,6500,200,3,185000,3901,4,3824,73,0,0,4,3901,4,-1931,-613,-326,2,-8438,-8438,-569,2,-8072,-8072,-622,2,-2581,-2581,-77,2,-4375,-4375,-779,0,,,,0,2,-8438,2,-8072,False
FP1-EXP0004-C-316-ROBUST_2-R2000-T3-U5-PD2500-6500-RB200-BU4-FL0,316,ROBUST_2,FP1-EXP0003-B-051-ROBUST_2-R2000-T3-U5-PD2500-6500,2000,3,5,2500,6500,200,4,0,3901,29,3802,70,0,0,29,3901,21,35,277,668,15,-277,120,790,12,-277,620,966,5,314,3214,5769,3,-3144,3349,7134,1,-3113,-3113,-3113,1,15,120,12,620,False
FP1-EXP0004-C-317-ROBUST_2-R2000-T3-U5-PD2500-6500-RB200-BU4-FL6000,317,ROBUST_2,FP1-EXP0003-B-051-ROBUST_2-R2000-T3-U5-PD2500-6500,2000,3,5,2500,6500,200,4,6000,3901,27,3804,70,0,0,27,3901,21,35,277,668,15,-277,120,790,12,-277,620,966,5,314,3214,5769,3,-3144,3349,7134,1,-3113,-3113,-3113,1,15,120,12,620,False
FP1-EXP0004-C-318-ROBUST_2-R2000-T3-U5-PD2500-6500-RB200-BU4-FL30000,318,ROBUST_2,FP1-EXP0003-B-051-ROBUST_2-R2000-T3-U5-PD2500-6500,2000,3,5,2500,6500,200,4,30000,3901,25,3806,70,0,0,25,3901,18,35,270,860,14,-220,78,790,12,-321,620,966,5,314,3214,5769,3,-3144,3349,7134,1,-3113,-3113,-3113,1,14,78,12,620,False
FP1-EXP0004-C-319-ROBUST_2-R2000-T3-U5-PD2500-6500-RB200-BU4-FL93000,319,ROBUST_2,FP1-EXP0003-B-051-ROBUST_2-R2000-T3-U5-PD2500-6500,2000,3,5,2500,6500,200,4,93000,3901,13,3816,72,0,0,13,3901,10,144,270,1386,7,305,790,1115,6,477,929,1808,4,314,356,2403,2,-236,-236,1611,0,,,,0,7,790,6,929,True
FP1-EXP0004-C-320-ROBUST_2-R2000-T3-U5-PD2500-6500-RB200-BU4-FL185000,320,ROBUST_2,FP1-EXP0003-B-051-ROBUST_2-R2000-T3-U5-PD2500-6500,2000,3,5,2500,6500,200,4,185000,3901,3,3824,74,0,0,3,3901,3,-613,-326,860,1,-569,-569,-569,1,-622,-622,-622,1,-77,-77,-77,1,-779,-779,-779,0,,,,0,1,-569,1,-622,False
FP1-EXP0004-C-321-ROBUST_2-R2000-T3-U5-PD2500-6500-RB200-BU8-FL0,321,ROBUST_2,FP1-EXP0003-B-051-ROBUST_2-R2000-T3-U5-PD2500-6500,2000,3,5,2500,6500,200,8,0,3901,10,3817,74,0,0,10,3901,7,-466,0,809,8,-357,-133,483,6,-622,-338,929,3,-77,-10,4047,1,-779,-779,-779,0,,,,0,8,-133,6,-338,False
FP1-EXP0004-C-322-ROBUST_2-R2000-T3-U5-PD2500-6500-RB200-BU8-FL6000,322,ROBUST_2,FP1-EXP0003-B-051-ROBUST_2-R2000-T3-U5-PD2500-6500,2000,3,5,2500,6500,200,8,6000,3901,10,3817,74,0,0,10,3901,7,-466,0,809,8,-357,-133,483,6,-622,-338,929,3,-77,-10,4047,1,-779,-779,-779,0,,,,0,8,-133,6,-338,False
FP1-EXP0004-C-323-ROBUST_2-R2000-T3-U5-PD2500-6500-RB200-BU8-FL30000,323,ROBUST_2,FP1-EXP0003-B-051-ROBUST_2-R2000-T3-U5-PD2500-6500,2000,3,5,2500,6500,200,8,30000,3901,9,3818,74,0,0,9,3901,7,-466,0,809,8,-357,-133,483,6,-622,-338,929,3,-77,-10,4047,1,-779,-779,-779,0,,,,0,8,-133,6,-338,False
FP1-EXP0004-C-324-ROBUST_2-R2000-T3-U5-PD2500-6500-RB200-BU8-FL93000,324,ROBUST_2,FP1-EXP0003-B-051-ROBUST_2-R2000-T3-U5-PD2500-6500,2000,3,5,2500,6500,200,8,93000,3901,7,3820,74,0,0,7,3901,6,-466,-214,809,6,-357,250,1080,5,-338,-327,929,3,-394,-77,4047,1,-779,-779,-779,0,,,,0,6,250,5,-327,False
FP1-EXP0004-C-325-ROBUST_2-R2000-T3-U5-PD2500-6500-RB200-BU8-FL185000,325,ROBUST_2,FP1-EXP0003-B-051-ROBUST_2-R2000-T3-U5-PD2500-6500,2000,3,5,2500,6500,200,8,185000,3901,1,3825,75,0,0,1,3901,1,-613,-613,-613,1,-569,-569,-569,1,-622,-622,-622,1,-77,-77,-77,1,-779,-779,-779,0,,,,0,1,-569,1,-622,False
FP1-EXP0004-C-326-ROBUST_2-R2000-T3-U5-PD2500-6500-RB500-BU1-FL0,326,ROBUST_2,FP1-EXP0003-B-051-ROBUST_2-R2000-T3-U5-PD2500-6500,2000,3,5,2500,6500,500,1,0,3901,52,3787,62,0,0,52,3901,35,-13,188,677,31,-627,84,1215,24,-1004,22,872,10,-2584,440,3620,7,-2772,-2584,3759,3,-8588,-2551,3040,3,31,84,24,22,False
FP1-EXP0004-C-327-ROBUST_2-R2000-T3-U5-PD2500-6500-RB500-BU1-FL6000,327,ROBUST_2,FP1-EXP0003-B-051-ROBUST_2-R2000-T3-U5-PD2500-6500,2000,3,5,2500,6500,500,1,6000,3901,50,3787,64,0,0,50,3901,34,5,188,677,29,-627,84,721,22,-810,22,899,8,-503,1121,3620,6,-2764,-2584,3759,2,-2551,-2551,3040,2,29,84,22,22,False
FP1-EXP0004-C-328-ROBUST_2-R2000-T3-U5-PD2500-6500-RB500-BU1-FL30000,328,ROBUST_2,FP1-EXP0003-B-051-ROBUST_2-R2000-T3-U5-PD2500-6500,2000,3,5,2500,6500,500,1,30000,3901,40,3796,65,0,0,40,3901,27,19,188,1197,25,-196,84,1215,20,-810,-70,899,7,440,1339,6535,5,-2764,-2584,3349,2,-2551,-2551,3040,2,25,84,20,-70,False
FP1-EXP0004-C-329-ROBUST_2-R2000-T3-U5-PD2500-6500-RB500-BU1-FL93000,329,ROBUST_2,FP1-EXP0003-B-051-ROBUST_2-R2000-T3-U5-PD2500-6500,2000,3,5,2500,6500,500,1,93000,3901,18,3813,70,0,0,18,3901,14,144,668,1620,12,0,636,1080,10,-518,477,1119,5,356,1121,3046,3,-2772,-236,2213,0,,,,0,12,636,10,477,False
FP1-EXP0004-C-330-ROBUST_2-R2000-T3-U5-PD2500-6500-RB500-BU1-FL185000,330,ROBUST_2,FP1-EXP0003-B-051-ROBUST_2-R2000-T3-U5-PD2500-6500,2000,3,5,2500,6500,500,1,185000,3901,4,3824,73,0,0,4,3901,4,-1931,-613,-326,2,-8438,-8438,-569,2,-8072,-8072,-622,2,-2581,-2581,-77,2,-4375,-4375,-779,0,,,,0,2,-8438,2,-8072,False
FP1-EXP0004-C-331-ROBUST_2-R2000-T3-U5-PD2500-6500-RB500-BU2-FL0,331,ROBUST_2,FP1-EXP0003-B-051-ROBUST_2-R2000-T3-U5-PD2500-6500,2000,3,5,2500,6500,500,2,0,3901,48,3789,64,0,0,48,3901,33,5,195,677,29,-627,150,775,23,-707,63,899,9,-503,1121,3620,7,-3076,-2584,3759,3,-8756,-2551,2478,3,29,150,23,63,False
FP1-EXP0004-C-332-ROBUST_2-R2000-T3-U5-PD2500-6500-RB500-BU2-FL6000,332,ROBUST_2,FP1-EXP0003-B-051-ROBUST_2-R2000-T3-U5-PD2500-6500,2000,3,5,2500,6500,500,2,6000,3901,46,3790,65,0,0,46,3901,32,-13,195,677,28,-967,84,721,22,-586,63,899,8,-503,1121,3620,6,-2772,-2584,3759,2,-2551,-2551,2478,2,28,84,22,63,False
FP1-EXP0004-C-333-ROBUST_2-R2000-T3-U5-PD2500-6500-RB500-BU2-FL30000,333,ROBUST_2,FP1-EXP0003-B-051-ROBUST_2-R2000-T3-U5-PD2500-6500,2000,3,5,2500,6500,500,2,30000,3901,38,3797,66,0,0,38,3901,26,26,195,1089,23,-520,120,1215,19,-520,22,899,7,-10,1339,6535,5,-2772,-2584,3349,2,-2551,-2551,2478,2,23,120,19,22,False
FP1-EXP0004-C-334-ROBUST_2-R2000-T3-U5-PD2500-6500-RB500-BU2-FL93000,334,ROBUST_2,FP1-EXP0003-B-051-ROBUST_2-R2000-T3-U5-PD2500-6500,2000,3,5,2500,6500,500,2,93000,3901,18,3813,70,0,0,18,3901,14,144,668,1620,12,0,636,1080,10,-518,477,1119,5,356,1121,3046,3,-2772,-236,2213,0,,,,0,12,636,10,477,False
FP1-EXP0004-C-335-ROBUST_2-R2000-T3-U5-PD2500-6500-RB500-BU2-FL185000,335,ROBUST_2,FP1-EXP0003-B-051-ROBUST_2-R2000-T3-U5-PD2500-6500,2000,3,5,2500,6500,500,2,185000,3901,4,3824,73,0,0,4,3901,4,-1931,-613,-326,2,-8438,-8438,-569,2,-8072,-8072,-622,2,-2581,-2581,-77,2,-4375,-4375,-779,0,,,,0,2,-8438,2,-8072,False
FP1-EXP0004-C-336-ROBUST_2-R2000-T3-U5-PD2500-6500-RB500-BU3-FL0,336,ROBUST_2,FP1-EXP0003-B-051-ROBUST_2-R2000-T3-U5-PD2500-6500,2000,3,5,2500,6500,500,3,0,3901,34,3799,68,0,0,34,3901,28,19,307,651,20,-100,256,681,16,-586,256,899,7,-2768,314,6535,5,-4375,-2768,3759,1,-2736,-2736,-2736,1,20,256,16,256,False
FP1-EXP0004-C-337-ROBUST_2-R2000-T3-U5-PD2500-6500-RB500-BU3-FL6000,337,ROBUST_2,FP1-EXP0003-B-051-ROBUST_2-R2000-T3-U5-PD2500-6500,2000,3,5,2500,6500,500,3,6000,3901,32,3800,69,0,0,32,3901,27,97,396,788,20,-100,256,681,16,-171,256,899,6,-2581,314,6535,4,-4375,-2768,3759,1,-2736,-2736,-2736,1,20,256,16,256,False
FP1-EXP0004-C-338-ROBUST_2-R2000-T3-U5-PD2500-6500-RB500-BU3-FL30000,338,ROBUST_2,FP1-EXP0003-B-051-ROBUST_2-R2000-T3-U5-PD2500-6500,2000,3,5,2500,6500,500,3,30000,3901,31,3801,69,0,0,31,3901,23,84,277,1197,19,-196,120,681,16,-520,256,899,6,-2581,314,6535,4,-4375,-2768,3349,1,-2736,-2736,-2736,1,19,120,16,256,False
FP1-EXP0004-C-339-ROBUST_2-R2000-T3-U5-PD2500-6500-RB500-BU3-FL93000,339,ROBUST_2,FP1-EXP0003-B-051-ROBUST_2-R2000-T3-U5-PD2500-6500,2000,3,5,2500,6500,500,3,93000,3901,17,3814,70,0,0,17,3901,14,-250,270,1216,12,0,636,1080,10,-518,477,1119,5,314,356,3046,3,-4375,-236,2213,0,,,,0,12,636,10,477,False
FP1-EXP0004-C-340-ROBUST_2-R2000-T3-U5-PD2500-6500-RB500-BU3-FL185000,340,ROBUST_2,FP1-EXP0003-B-051-ROBUST_2-R2000-T3-U5-PD2500-6500,2000,3,5,2500,6500,500,3,185000,3901,4,3824,73,0,0,4,3901,4,-1931,-613,-326,2,-8438,-8438,-569,2,-8072,-8072,-622,2,-2581,-2581,-77,2,-4375,-4375,-779,0,,,,0,2,-8438,2,-8072,False
FP1-EXP0004-C-341-ROBUST_2-R2000-T3-U5-PD2500-6500-RB500-BU4-FL0,341,ROBUST_2,FP1-EXP0003-B-051-ROBUST_2-R2000-T3-U5-PD2500-6500,2000,3,5,2500,6500,500,4,0,3901,28,3803,70,0,0,28,3901,20,19,277,668,15,-277,120,790,12,-277,620,966,5,314,3214,5769,3,-3144,3349,7134,1,-3113,-3113,-3113,1,15,120,12,620,False
FP1-EXP0004-C-342-ROBUST_2-R2000-T3-U5-PD2500-6500-RB500-BU4-FL6000,342,ROBUST_2,FP1-EXP0003-B-051-ROBUST_2-R2000-T3-U5-PD2500-6500,2000,3,5,2500,6500,500,4,6000,3901,26,3805,70,0,0,26,3901,20,19,277,668,15,-277,120,790,12,-277,620,966,5,314,3214,5769,3,-3144,3349,7134,1,-3113,-3113,-3113,1,15,120,12,620,False
FP1-EXP0004-C-343-ROBUST_2-R2000-T3-U5-PD2500-6500-RB500-BU4-FL30000,343,ROBUST_2,FP1-EXP0003-B-051-ROBUST_2-R2000-T3-U5-PD2500-6500,2000,3,5,2500,6500,500,4,30000,3901,25,3806,70,0,0,25,3901,18,35,270,860,14,-220,78,790,12,-321,620,966,5,314,3214,5769,3,-3144,3349,7134,1,-3113,-3113,-3113,1,14,78,12,620,False
FP1-EXP0004-C-344-ROBUST_2-R2000-T3-U5-PD2500-6500-RB500-BU4-FL93000,344,ROBUST_2,FP1-EXP0003-B-051-ROBUST_2-R2000-T3-U5-PD2500-6500,2000,3,5,2500,6500,500,4,93000,3901,13,3816,72,0,0,13,3901,10,144,270,1386,7,305,790,1115,6,477,929,1808,4,314,356,2403,2,-236,-236,1611,0,,,,0,7,790,6,929,True
FP1-EXP0004-C-345-ROBUST_2-R2000-T3-U5-PD2500-6500-RB500-BU4-FL185000,345,ROBUST_2,FP1-EXP0003-B-051-ROBUST_2-R2000-T3-U5-PD2500-6500,2000,3,5,2500,6500,500,4,185000,3901,3,3824,74,0,0,3,3901,3,-613,-326,860,1,-569,-569,-569,1,-622,-622,-622,1,-77,-77,-77,1,-779,-779,-779,0,,,,0,1,-569,1,-622,False
FP1-EXP0004-C-346-ROBUST_2-R2000-T3-U5-PD2500-6500-RB500-BU8-FL0,346,ROBUST_2,FP1-EXP0003-B-051-ROBUST_2-R2000-T3-U5-PD2500-6500,2000,3,5,2500,6500,500,8,0,3901,10,3817,74,0,0,10,3901,7,-466,0,809,8,-357,-133,483,6,-622,-338,929,3,-77,-10,4047,1,-779,-779,-779,0,,,,0,8,-133,6,-338,False
FP1-EXP0004-C-347-ROBUST_2-R2000-T3-U5-PD2500-6500-RB500-BU8-FL6000,347,ROBUST_2,FP1-EXP0003-B-051-ROBUST_2-R2000-T3-U5-PD2500-6500,2000,3,5,2500,6500,500,8,6000,3901,10,3817,74,0,0,10,3901,7,-466,0,809,8,-357,-133,483,6,-622,-338,929,3,-77,-10,4047,1,-779,-779,-779,0,,,,0,8,-133,6,-338,False
FP1-EXP0004-C-348-ROBUST_2-R2000-T3-U5-PD2500-6500-RB500-BU8-FL30000,348,ROBUST_2,FP1-EXP0003-B-051-ROBUST_2-R2000-T3-U5-PD2500-6500,2000,3,5,2500,6500,500,8,30000,3901,9,3818,74,0,0,9,3901,7,-466,0,809,8,-357,-133,483,6,-622,-338,929,3,-77,-10,4047,1,-779,-779,-779,0,,,,0,8,-133,6,-338,False
FP1-EXP0004-C-349-ROBUST_2-R2000-T3-U5-PD2500-6500-RB500-BU8-FL93000,349,ROBUST_2,FP1-EXP0003-B-051-ROBUST_2-R2000-T3-U5-PD2500-6500,2000,3,5,2500,6500,500,8,93000,3901,7,3820,74,0,0,7,3901,6,-466,-214,809,6,-357,250,1080,5,-338,-327,929,3,-394,-77,4047,1,-779,-779,-779,0,,,,0,6,250,5,-327,False
FP1-EXP0004-C-350-ROBUST_2-R2000-T3-U5-PD2500-6500-RB500-BU8-FL185000,350,ROBUST_2,FP1-EXP0003-B-051-ROBUST_2-R2000-T3-U5-PD2500-6500,2000,3,5,2500,6500,500,8,185000,3901,1,3825,75,0,0,1,3901,1,-613,-613,-613,1,-569,-569,-569,1,-622,-622,-622,1,-77,-77,-77,1,-779,-779,-779,0,,,,0,1,-569,1,-622,False
FP1-EXP0004-C-351-ROBUST_2-R2000-T3-U5-PD2500-6500-RB800-BU1-FL0,351,ROBUST_2,FP1-EXP0003-B-051-ROBUST_2-R2000-T3-U5-PD2500-6500,2000,3,5,2500,6500,800,1,0,3901,49,3790,62,0,0,49,3901,33,1,188,816,28,-627,84,923,21,-810,166,899,9,-2584,440,3214,6,-2772,-2764,3349,3,-8588,-2551,3040,3,28,84,21,166,False
FP1-EXP0004-C-352-ROBUST_2-R2000-T3-U5-PD2500-6500-RB800-BU1-FL6000,352,ROBUST_2,FP1-EXP0003-B-051-ROBUST_2-R2000-T3-U5-PD2500-6500,2000,3,5,2500,6500,800,1,6000,3901,47,3790,64,0,0,47,3901,32,1,188,810,26,-627,84,721,19,-810,166,1119,7,314,1121,6933,5,-2764,-2584,3349,2,-2551,-2551,3040,2,26,84,19,166,False
FP1-EXP0004-C-353-ROBUST_2-R2000-T3-U5-PD2500-6500-RB800-BU1-FL30000,353,ROBUST_2,FP1-EXP0003-B-051-ROBUST_2-R2000-T3-U5-PD2500-6500,2000,3,5,2500,6500,800,1,30000,3901,39,3797,65,0,0,39,3901,26,26,205,1197,24,-520,84,681,19,-810,22,960,7,314,1121,6535,5,-2764,-2584,3349,2,-2551,-2551,3040,2,24,84,19,22,False
FP1-EXP0004-C-354-ROBUST_2-R2000-T3-U5-PD2500-6500-RB800-BU1-FL93000,354,ROBUST_2,FP1-EXP0003-B-051-ROBUST_2-R2000-T3-U5-PD2500-6500,2000,3,5,2500,6500,800,1,93000,3901,18,3813,70,0,0,18,3901,14,144,668,1620,12,0,636,1080,10,-518,477,1119,5,356,1121,3046,3,-2772,-236,2213,0,,,,0,12,636,10,477,False
FP1-EXP0004-C-355-ROBUST_2-R2000-T3-U5-PD2500-6500-RB800-BU1-FL185000,355,ROBUST_2,FP1-EXP0003-B-051-ROBUST_2-R2000-T3-U5-PD2500-6500,2000,3,5,2500,6500,800,1,185000,3901,4,3824,73,0,0,4,3901,4,-1931,-613,-326,2,-8438,-8438,-569,2,-8072,-8072,-622,2,-2581,-2581,-77,2,-4375,-4375,-779,0,,,,0,2,-8438,2,-8072,False
FP1-EXP0004-C-356-ROBUST_2-R2000-T3-U5-PD2500-6500-RB800-BU2-FL0,356,ROBUST_2,FP1-EXP0003-B-051-ROBUST_2-R2000-T3-U5-PD2500-6500,2000,3,5,2500,6500,800,2,0,3901,45,3792,64,0,0,45,3901,30,1,188,816,26,-627,150,775,19,-707,166,1119,8,-2584,314,3214,6,-3076,-2772,3349,3,-8756,-2551,2478,3,26,150,19,166,False
FP1-EXP0004-C-357-ROBUST_2-R2000-T3-U5-PD2500-6500-RB800-BU2-FL6000,357,ROBUST_2,FP1-EXP0003-B-051-ROBUST_2-R2000-T3-U5-PD2500-6500,2000,3,5,2500,6500,800,2,6000,3901,43,3793,65,0,0,43,3901,29,1,205,816,25,-627,150,721,18,-586,166,1119,7,-10,1121,6933,5,-2772,-2584,3349,2,-2551,-2551,2478,2,25,150,18,166,False
FP1-EXP0004-C-358-ROBUST_2-R2000-T3-U5-PD2500-6500-RB800-BU2-FL30000,358,ROBUST_2,FP1-EXP0003-B-051-ROBUST_2-R2000-T3-U5-PD2500-6500,2000,3,5,2500,6500,800,2,30000,3901,37,3798,66,0,0,37,3901,25,84,270,1089,23,-520,120,681,18,-520,22,899,7,-10,1121,6535,5,-2772,-2584,3349,2,-2551,-2551,2478,2,23,120,18,22,False
FP1-EXP0004-C-359-ROBUST_2-R2000-T3-U5-PD2500-6500-RB800-BU2-FL93000,359,ROBUST_2,FP1-EXP0003-B-051-ROBUST_2-R2000-T3-U5-PD2500-6500,2000,3,5,2500,6500,800,2,93000,3901,18,3813,70,0,0,18,3901,14,144,668,1620,12,0,636,1080,10,-518,477,1119,5,356,1121,3046,3,-2772,-236,2213,0,,,,0,12,636,10,477,False
FP1-EXP0004-C-360-ROBUST_2-R2000-T3-U5-PD2500-6500-RB800-BU2-FL185000,360,ROBUST_2,FP1-EXP0003-B-051-ROBUST_2-R2000-T3-U5-PD2500-6500,2000,3,5,2500,6500,800,2,185000,3901,4,3824,73,0,0,4,3901,4,-1931,-613,-326,2,-8438,-8438,-569,2,-8072,-8072,-622,2,-2581,-2581,-77,2,-4375,-4375,-779,0,,,,0,2,-8438,2,-8072,False
FP1-EXP0004-C-361-ROBUST_2-R2000-T3-U5-PD2500-6500-RB800-BU3-FL0,361,ROBUST_2,FP1-EXP0003-B-051-ROBUST_2-R2000-T3-U5-PD2500-6500,2000,3,5,2500,6500,800,3,0,3901,34,3799,68,0,0,34,3901,24,2,270,788,20,-100,190,681,17,-96,256,899,7,-2768,314,6535,5,-4375,-2768,3349,1,-2736,-2736,-2736,1,20,190,17,256,False
FP1-EXP0004-C-362-ROBUST_2-R2000-T3-U5-PD2500-6500-RB800-BU3-FL6000,362,ROBUST_2,FP1-EXP0003-B-051-ROBUST_2-R2000-T3-U5-PD2500-6500,2000,3,5,2500,6500,800,3,6000,3901,32,3800,69,0,0,32,3901,23,84,481,1197,20,-100,190,681,17,-96,256,899,6,-2581,314,6535,4,-4375,-2768,3349,1,-2736,-2736,-2736,1,20,190,17,256,False
FP1-EXP0004-C-363-ROBUST_2-R2000-T3-U5-PD2500-6500-RB800-BU3-FL30000,363,ROBUST_2,FP1-EXP0003-B-051-ROBUST_2-R2000-T3-U5-PD2500-6500,2000,3,5,2500,6500,800,3,30000,3901,31,3801,69,0,0,31,3901,22,84,277,1197,19,-196,120,681,16,-520,256,899,6,-2581,314,6535,4,-4375,-2768,3349,1,-2736,-2736,-2736,1,19,120,16,256,False
FP1-EXP0004-C-364-ROBUST_2-R2000-T3-U5-PD2500-6500-RB800-BU3-FL93000,364,ROBUST_2,FP1-EXP0003-B-051-ROBUST_2-R2000-T3-U5-PD2500-6500,2000,3,5,2500,6500,800,3,93000,3901,17,3814,70,0,0,17,3901,14,-250,270,1216,12,0,636,1080,10,-518,477,1119,5,314,356,3046,3,-4375,-236,2213,0,,,,0,12,636,10,477,False
FP1-EXP0004-C-365-ROBUST_2-R2000-T3-U5-PD2500-6500-RB800-BU3-FL185000,365,ROBUST_2,FP1-EXP0003-B-051-ROBUST_2-R2000-T3-U5-PD2500-6500,2000,3,5,2500,6500,800,3,185000,3901,4,3824,73,0,0,4,3901,4,-1931,-613,-326,2,-8438,-8438,-569,2,-8072,-8072,-622,2,-2581,-2581,-77,2,-4375,-4375,-779,0,,,,0,2,-8438,2,-8072,False
FP1-EXP0004-C-366-ROBUST_2-R2000-T3-U5-PD2500-6500-RB800-BU4-FL0,366,ROBUST_2,FP1-EXP0003-B-051-ROBUST_2-R2000-T3-U5-PD2500-6500,2000,3,5,2500,6500,800,4,0,3901,27,3804,70,0,0,27,3901,18,35,277,860,14,-220,120,790,12,-321,620,966,5,314,3214,5769,3,-3144,3349,7134,1,-3113,-3113,-3113,1,14,120,12,620,False
FP1-EXP0004-C-367-ROBUST_2-R2000-T3-U5-PD2500-6500-RB800-BU4-FL6000,367,ROBUST_2,FP1-EXP0003-B-051-ROBUST_2-R2000-T3-U5-PD2500-6500,2000,3,5,2500,6500,800,4,6000,3901,25,3806,70,0,0,25,3901,18,35,277,860,14,-220,120,790,12,-321,620,966,5,314,3214,5769,3,-3144,3349,7134,1,-3113,-3113,-3113,1,14,120,12,620,False
FP1-EXP0004-C-368-ROBUST_2-R2000-T3-U5-PD2500-6500-RB800-BU4-FL30000,368,ROBUST_2,FP1-EXP0003-B-051-ROBUST_2-R2000-T3-U5-PD2500-6500,2000,3,5,2500,6500,800,4,30000,3901,25,3806,70,0,0,25,3901,18,35,270,860,14,-220,78,790,12,-321,620,966,5,314,3214,5769,3,-3144,3349,7134,1,-3113,-3113,-3113,1,14,78,12,620,False
FP1-EXP0004-C-369-ROBUST_2-R2000-T3-U5-PD2500-6500-RB800-BU4-FL93000,369,ROBUST_2,FP1-EXP0003-B-051-ROBUST_2-R2000-T3-U5-PD2500-6500,2000,3,5,2500,6500,800,4,93000,3901,13,3816,72,0,0,13,3901,10,144,270,1386,7,305,790,1115,6,477,929,1808,4,314,356,2403,2,-236,-236,1611,0,,,,0,7,790,6,929,True
FP1-EXP0004-C-370-ROBUST_2-R2000-T3-U5-PD2500-6500-RB800-BU4-FL185000,370,ROBUST_2,FP1-EXP0003-B-051-ROBUST_2-R2000-T3-U5-PD2500-6500,2000,3,5,2500,6500,800,4,185000,3901,3,3824,74,0,0,3,3901,3,-613,-326,860,1,-569,-569,-569,1,-622,-622,-622,1,-77,-77,-77,1,-779,-779,-779,0,,,,0,1,-569,1,-622,False
FP1-EXP0004-C-371-ROBUST_2-R2000-T3-U5-PD2500-6500-RB800-BU8-FL0,371,ROBUST_2,FP1-EXP0003-B-051-ROBUST_2-R2000-T3-U5-PD2500-6500,2000,3,5,2500,6500,800,8,0,3901,10,3817,74,0,0,10,3901,7,-466,0,809,8,-357,-133,483,6,-622,-338,929,3,-77,-10,4047,1,-779,-779,-779,0,,,,0,8,-133,6,-338,False
FP1-EXP0004-C-372-ROBUST_2-R2000-T3-U5-PD2500-6500-RB800-BU8-FL6000,372,ROBUST_2,FP1-EXP0003-B-051-ROBUST_2-R2000-T3-U5-PD2500-6500,2000,3,5,2500,6500,800,8,6000,3901,10,3817,74,0,0,10,3901,7,-466,0,809,8,-357,-133,483,6,-622,-338,929,3,-77,-10,4047,1,-779,-779,-779,0,,,,0,8,-133,6,-338,False
FP1-EXP0004-C-373-ROBUST_2-R2000-T3-U5-PD2500-6500-RB800-BU8-FL30000,373,ROBUST_2,FP1-EXP0003-B-051-ROBUST_2-R2000-T3-U5-PD2500-6500,2000,3,5,2500,6500,800,8,30000,3901,9,3818,74,0,0,9,3901,7,-466,0,809,8,-357,-133,483,6,-622,-338,929,3,-77,-10,4047,1,-779,-779,-779,0,,,,0,8,-133,6,-338,False
FP1-EXP0004-C-374-ROBUST_2-R2000-T3-U5-PD2500-6500-RB800-BU8-FL93000,374,ROBUST_2,FP1-EXP0003-B-051-ROBUST_2-R2000-T3-U5-PD2500-6500,2000,3,5,2500,6500,800,8,93000,3901,7,3820,74,0,0,7,3901,6,-466,-214,809,6,-357,250,1080,5,-338,-327,929,3,-394,-77,4047,1,-779,-779,-779,0,,,,0,6,250,5,-327,False
FP1-EXP0004-C-375-ROBUST_2-R2000-T3-U5-PD2500-6500-RB800-BU8-FL185000,375,ROBUST_2,FP1-EXP0003-B-051-ROBUST_2-R2000-T3-U5-PD2500-6500,2000,3,5,2500,6500,800,8,185000,3901,1,3825,75,0,0,1,3901,1,-613,-613,-613,1,-569,-569,-569,1,-622,-622,-622,1,-77,-77,-77,1,-779,-779,-779,0,,,,0,1,-569,1,-622,False
FP1-EXP0004-C-376-ROBUST_2-R2000-T3-U5-PD2500-6500-RB2300-BU1-FL0,376,ROBUST_2,FP1-EXP0003-B-051-ROBUST_2-R2000-T3-U5-PD2500-6500,2000,3,5,2500,6500,2300,1,0,3901,31,3805,65,0,0,31,3901,21,0,427,1276,15,0,546,923,14,-707,44,1412,7,-5798,-10,4950,4,-8973,-2772,5,1,-8756,-8756,-8756,1,15,546,14,44,False
FP1-EXP0004-C-377-ROBUST_2-R2000-T3-U5-PD2500-6500-RB2300-BU1-FL6000,377,ROBUST_2,FP1-EXP0003-B-051-ROBUST_2-R2000-T3-U5-PD2500-6500,2000,3,5,2500,6500,2300,1,6000,3901,28,3806,67,0,0,28,3901,19,0,504,1276,12,22,546,917,11,-83,587,1535,5,-10,1121,4950,3,-2772,5,4527,0,,,,0,12,546,11,587,False
FP1-EXP0004-C-378-ROBUST_2-R2000-T3-U5-PD2500-6500-RB2300-BU1-FL30000,378,ROBUST_2,FP1-EXP0003-B-051-ROBUST_2-R2000-T3-U5-PD2500-6500,2000,3,5,2500,6500,2300,1,30000,3901,24,3809,68,0,0,24,3901,18,0,277,1276,12,22,483,917,10,-83,587,966,5,-10,1121,4950,3,-2772,5,4527,0,,,,0,12,483,10,587,False
FP1-EXP0004-C-379-ROBUST_2-R2000-T3-U5-PD2500-6500-RB2300-BU1-FL93000,379,ROBUST_2,FP1-EXP0003-B-051-ROBUST_2-R2000-T3-U5-PD2500-6500,2000,3,5,2500,6500,2300,1,93000,3901,16,3815,70,0,0,16,3901,13,144,788,1276,10,305,546,1080,8,-518,79,929,5,356,1121,3046,3,-2772,-236,2213,0,,,,0,10,546,8,79,False
FP1-EXP0004-C-380-ROBUST_2-R2000-T3-U5-PD2500-6500-RB2300-BU1-FL185000,380,ROBUST_2,FP1-EXP0003-B-051-ROBUST_2-R2000-T3-U5-PD2500-6500,2000,3,5,2500,6500,2300,1,185000,3901,4,3824,73,0,0,4,3901,4,-1931,-613,-326,2,-8438,-8438,-569,2,-8072,-8072,-622,2,-2581,-2581,-77,2,-4375,-4375,-779,0,,,,0,2,-8438,2,-8072,False
FP1-EXP0004-C-381-ROBUST_2-R2000-T3-U5-PD2500-6500-RB2300-BU2-FL0,381,ROBUST_2,FP1-EXP0003-B-051-ROBUST_2-R2000-T3-U5-PD2500-6500,2000,3,5,2500,6500,2300,2,0,3901,26,3808,67,0,0,26,3901,19,0,703,1323,12,274,645,917,10,-83,587,1412,6,-1272,-10,4950,4,-8973,-2772,5,1,-8756,-8756,-8756,1,12,645,10,587,False
FP1-EXP0004-C-382-ROBUST_2-R2000-T3-U5-PD2500-6500-RB2300-BU2-FL6000,382,ROBUST_2,FP1-EXP0003-B-051-ROBUST_2-R2000-T3-U5-PD2500-6500,2000,3,5,2500,6500,2300,2,6000,3901,23,3810,68,0,0,23,3901,17,1,703,1276,10,483,645,1581,8,79,826,1412,5,-10,1121,4950,3,-2772,5,4527,0,,,,0,10,645,8,826,False
FP1-EXP0004-C-383-ROBUST_2-R2000-T3-U5-PD2500-6500-RB2300-BU2-FL30000,383,ROBUST_2,FP1-EXP0003-B-051-ROBUST_2-R2000-T3-U5-PD2500-6500,2000,3,5,2500,6500,2300,2,30000,3901,21,3811,69,0,0,21,3901,16,0,427,1216,10,274,546,917,8,79,587,966,5,-10,1121,4950,3,-2772,5,4527,0,,,,0,10,546,8,587,False
FP1-EXP0004-C-384-ROBUST_2-R2000-T3-U5-PD2500-6500-RB2300-BU2-FL93000,384,ROBUST_2,FP1-EXP0003-B-051-ROBUST_2-R2000-T3-U5-PD2500-6500,2000,3,5,2500,6500,2300,2,93000,3901,16,3815,70,0,0,16,3901,13,144,788,1276,10,305,546,1080,8,-518,79,929,5,356,1121,3046,3,-2772,-236,2213,0,,,,0,10,546,8,79,False
FP1-EXP0004-C-385-ROBUST_2-R2000-T3-U5-PD2500-6500-RB2300-BU2-FL185000,385,ROBUST_2,FP1-EXP0003-B-051-ROBUST_2-R2000-T3-U5-PD2500-6500,2000,3,5,2500,6500,2300,2,185000,3901,4,3824,73,0,0,4,3901,4,-1931,-613,-326,2,-8438,-8438,-569,2,-8072,-8072,-622,2,-2581,-2581,-77,2,-4375,-4375,-779,0,,,,0,2,-8438,2,-8072,False
FP1-EXP0004-C-386-ROBUST_2-R2000-T3-U5-PD2500-6500-RB2300-BU3-FL0,386,ROBUST_2,FP1-EXP0003-B-051-ROBUST_2-R2000-T3-U5-PD2500-6500,2000,3,5,2500,6500,2300,3,0,3901,21,3811,69,0,0,21,3901,18,1,267,1089,11,305,546,917,9,-518,526,1245,6,-2581,-10,4950,4,-9178,-4375,-236,0,,,,0,11,546,9,526,False
FP1-EXP0004-C-387-ROBUST_2-R2000-T3-U5-PD2500-6500-RB2300-BU3-FL6000,387,ROBUST_2,FP1-EXP0003-B-051-ROBUST_2-R2000-T3-U5-PD2500-6500,2000,3,5,2500,6500,2300,3,6000,3901,18,3813,70,0,0,18,3901,16,0,427,1089,10,377,546,917,8,-518,526,1245,5,-10,356,4950,3,-4375,-236,4527,0,,,,0,10,546,8,526,False
FP1-EXP0004-C-388-ROBUST_2-R2000-T3-U5-PD2500-6500-RB2300-BU3-FL30000,388,ROBUST_2,FP1-EXP0003-B-051-ROBUST_2-R2000-T3-U5-PD2500-6500,2000,3,5,2500,6500,2300,3,30000,3901,18,3813,70,0,0,18,3901,16,0,277,1089,10,305,546,917,8,-518,526,966,5,-10,356,4950,3,-4375,-236,4527,0,,,,0,10,546,8,526,False
FP1-EXP0004-C-389-ROBUST_2-R2000-T3-U5-PD2500-6500-RB2300-BU3-FL93000,389,ROBUST_2,FP1-EXP0003-B-051-ROBUST_2-R2000-T3-U5-PD2500-6500,2000,3,5,2500,6500,2300,3,93000,3901,15,3816,70,0,0,15,3901,13,80,427,1216,10,305,546,1080,8,-518,79,929,5,-394,356,3046,3,-4375,-236,2213,0,,,,0,10,546,8,79,False
FP1-EXP0004-C-390-ROBUST_2-R2000-T3-U5-PD2500-6500-RB2300-BU3-FL185000,390,ROBUST_2,FP1-EXP0003-B-051-ROBUST_2-R2000-T3-U5-PD2500-6500,2000,3,5,2500,6500,2300,3,185000,3901,4,3824,73,0,0,4,3901,4,-1931,-613,-326,2,-8438,-8438,-569,2,-8072,-8072,-622,2,-2581,-2581,-77,2,-4375,-4375,-779,0,,,,0,2,-8438,2,-8072,False
FP1-EXP0004-C-391-ROBUST_2-R2000-T3-U5-PD2500-6500-RB2300-BU4-FL0,391,ROBUST_2,FP1-EXP0003-B-051-ROBUST_2-R2000-T3-U5-PD2500-6500,2000,3,5,2500,6500,2300,4,0,3901,17,3812,72,0,0,17,3901,14,0,202,860,8,120,483,546,7,-321,826,1009,4,-10,356,4387,2,-236,-236,4013,0,,,,0,8,483,7,826,False
FP1-EXP0004-C-392-ROBUST_2-R2000-T3-U5-PD2500-6500-RB2300-BU4-FL6000,392,ROBUST_2,FP1-EXP0003-B-051-ROBUST_2-R2000-T3-U5-PD2500-6500,2000,3,5,2500,6500,2300,4,6000,3901,16,3813,72,0,0,16,3901,14,0,202,860,8,120,483,546,7,-321,826,1009,4,-10,356,4387,2,-236,-236,4013,0,,,,0,8,483,7,826,False
FP1-EXP0004-C-393-ROBUST_2-R2000-T3-U5-PD2500-6500-RB2300-BU4-FL30000,393,ROBUST_2,FP1-EXP0003-B-051-ROBUST_2-R2000-T3-U5-PD2500-6500,2000,3,5,2500,6500,2300,4,30000,3901,16,3813,72,0,0,16,3901,14,0,202,860,8,120,483,546,7,-321,826,1009,4,-10,356,4387,2,-236,-236,4013,0,,,,0,8,483,7,826,False
FP1-EXP0004-C-394-ROBUST_2-R2000-T3-U5-PD2500-6500-RB2300-BU4-FL93000,394,ROBUST_2,FP1-EXP0003-B-051-ROBUST_2-R2000-T3-U5-PD2500-6500,2000,3,5,2500,6500,2300,4,93000,3901,13,3816,72,0,0,13,3901,10,80,202,1276,7,305,546,1080,6,-327,79,1808,4,-394,356,2403,2,-236,-236,1611,0,,,,0,7,546,6,79,False
FP1-EXP0004-C-395-ROBUST_2-R2000-T3-U5-PD2500-6500-RB2300-BU4-FL185000,395,ROBUST_2,FP1-EXP0003-B-051-ROBUST_2-R2000-T3-U5-PD2500-6500,2000,3,5,2500,6500,2300,4,185000,3901,3,3824,74,0,0,3,3901,3,-613,-326,860,1,-569,-569,-569,1,-622,-622,-622,1,-77,-77,-77,1,-779,-779,-779,0,,,,0,1,-569,1,-622,False
FP1-EXP0004-C-396-ROBUST_2-R2000-T3-U5-PD2500-6500-RB2300-BU8-FL0,396,ROBUST_2,FP1-EXP0003-B-051-ROBUST_2-R2000-T3-U5-PD2500-6500,2000,3,5,2500,6500,2300,8,0,3901,8,3819,74,0,0,8,3901,6,-466,-214,809,6,-357,250,1080,5,-338,826,929,3,-77,-10,4047,1,-779,-779,-779,0,,,,0,6,250,5,826,False
FP1-EXP0004-C-397-ROBUST_2-R2000-T3-U5-PD2500-6500-RB2300-BU8-FL6000,397,ROBUST_2,FP1-EXP0003-B-051-ROBUST_2-R2000-T3-U5-PD2500-6500,2000,3,5,2500,6500,2300,8,6000,3901,8,3819,74,0,0,8,3901,6,-466,-214,809,6,-357,250,1080,5,-338,826,929,3,-77,-10,4047,1,-779,-779,-779,0,,,,0,6,250,5,826,False
FP1-EXP0004-C-398-ROBUST_2-R2000-T3-U5-PD2500-6500-RB2300-BU8-FL30000,398,ROBUST_2,FP1-EXP0003-B-051-ROBUST_2-R2000-T3-U5-PD2500-6500,2000,3,5,2500,6500,2300,8,30000,3901,7,3820,74,0,0,7,3901,6,-466,-214,809,6,-357,250,1080,5,-338,826,929,3,-77,-10,4047,1,-779,-779,-779,0,,,,0,6,250,5,826,False
FP1-EXP0004-C-399-ROBUST_2-R2000-T3-U5-PD2500-6500-RB2300-BU8-FL93000,399,ROBUST_2,FP1-EXP0003-B-051-ROBUST_2-R2000-T3-U5-PD2500-6500,2000,3,5,2500,6500,2300,8,93000,3901,7,3820,74,0,0,7,3901,6,-466,-214,809,6,-357,250,1080,5,-338,-327,929,3,-394,-77,4047,1,-779,-779,-779,0,,,,0,6,250,5,-327,False
FP1-EXP0004-C-400-ROBUST_2-R2000-T3-U5-PD2500-6500-RB2300-BU8-FL185000,400,ROBUST_2,FP1-EXP0003-B-051-ROBUST_2-R2000-T3-U5-PD2500-6500,2000,3,5,2500,6500,2300,8,185000,3901,1,3825,75,0,0,1,3901,1,-613,-613,-613,1,-569,-569,-569,1,-622,-622,-622,1,-77,-77,-77,1,-779,-779,-779,0,,,,0,1,-569,1,-622,False
FP1-EXP0004-C-401-ROBUST_2-R2000-T3-U5-PD2500-6500-RB7300-BU1-FL0,401,ROBUST_2,FP1-EXP0003-B-051-ROBUST_2-R2000-T3-U5-PD2500-6500,2000,3,5,2500,6500,7300,1,0,3901,13,3817,71,0,0,13,3901,9,-14,3,727,7,-1570,173,923,7,-83,526,2486,2,-2581,-2581,553,2,-4375,-4375,-193,0,,,,0,7,173,7,526,False
FP1-EXP0004-C-402-ROBUST_2-R2000-T3-U5-PD2500-6500-RB7300-BU1-FL6000,402,ROBUST_2,FP1-EXP0003-B-051-ROBUST_2-R2000-T3-U5-PD2500-6500,2000,3,5,2500,6500,7300,1,6000,3901,13,3817,71,0,0,13,3901,9,-14,3,727,7,-1570,173,645,7,-83,526,2486,2,-2581,-2581,553,2,-4375,-4375,-193,0,,,,0,7,173,7,526,False
FP1-EXP0004-C-403-ROBUST_2-R2000-T3-U5-PD2500-6500-RB7300-BU1-FL30000,403,ROBUST_2,FP1-EXP0003-B-051-ROBUST_2-R2000-T3-U5-PD2500-6500,2000,3,5,2500,6500,7300,1,30000,3901,10,3818,73,0,0,10,3901,7,-90,3,727,6,-1570,22,173,6,-83,-27,966,2,-2581,-2581,553,2,-4375,-4375,-193,0,,,,0,6,22,6,-27,False
FP1-EXP0004-C-404-ROBUST_2-R2000-T3-U5-PD2500-6500-RB7300-BU1-FL93000,404,ROBUST_2,FP1-EXP0003-B-051-ROBUST_2-R2000-T3-U5-PD2500-6500,2000,3,5,2500,6500,7300,1,93000,3901,6,3822,73,0,0,6,3901,5,-90,3,788,4,-8438,173,636,3,-8072,-27,526,2,-2581,-2581,553,2,-4375,-4375,-193,0,,,,0,4,173,3,-27,False
FP1-EXP0004-C-405-ROBUST_2-R2000-T3-U5-PD2500-6500-RB7300-BU1-FL185000,405,ROBUST_2,FP1-EXP0003-B-051-ROBUST_2-R2000-T3-U5-PD2500-6500,2000,3,5,2500,6500,7300,1,185000,3901,2,3825,74,0,0,2,3901,2,-1931,-1931,-613,2,-8438,-8438,-569,2,-8072,-8072,-622,2,-2581,-2581,-77,2,-4375,-4375,-779,0,,,,0,2,-8438,2,-8072,False
FP1-EXP0004-C-406-ROBUST_2-R2000-T3-U5-PD2500-6500-RB7300-BU2-FL0,406,ROBUST_2,FP1-EXP0003-B-051-ROBUST_2-R2000-T3-U5-PD2500-6500,2000,3,5,2500,6500,7300,2,0,3901,11,3818,72,0,0,11,3901,8,-90,1,727,6,-1570,22,645,6,-83,-27,1535,2,-2581,-2581,553,2,-4375,-4375,-193,0,,,,0,6,22,6,-27,False
FP1-EXP0004-C-407-ROBUST_2-R2000-T3-U5-PD2500-6500-RB7300-BU2-FL6000,407,ROBUST_2,FP1-EXP0003-B-051-ROBUST_2-R2000-T3-U5-PD2500-6500,2000,3,5,2500,6500,7300,2,6000,3901,10,3819,72,0,0,10,3901,7,-90,3,810,5,-1570,173,645,5,-27,1213,1535,2,-2581,-2581,553,2,-4375,-4375,-193,0,,,,0,5,173,5,1213,False
FP1-EXP0004-C-408-ROBUST_2-R2000-T3-U5-PD2500-6500-RB7300-BU2-FL30000,408,ROBUST_2,FP1-EXP0003-B-051-ROBUST_2-R2000-T3-U5-PD2500-6500,2000,3,5,2500,6500,7300,2,30000,3901,8,3820,73,0,0,8,3901,6,-90,3,727,5,-1570,120,173,5,-27,526,966,2,-2581,-2581,553,2,-4375,-4375,-193,0,,,,0,5,120,5,526,False
FP1-EXP0004-C-409-ROBUST_2-R2000-T3-U5-PD2500-6500-RB7300-BU2-FL93000,409,ROBUST_2,FP1-EXP0003-B-051-ROBUST_2-R2000-T3-U5-PD2500-6500,2000,3,5,2500,6500,7300,2,93000,3901,6,3822,73,0,0,6,3901,5,-90,3,788,4,-8438,173,636,3,-8072,-27,526,2,-2581,-2581,553,2,-4375,-4375,-193,0,,,,0,4,173,3,-27,False
FP1-EXP0004-C-410-ROBUST_2-R2000-T3-U5-PD2500-6500-RB7300-BU2-FL185000,410,ROBUST_2,FP1-EXP0003-B-051-ROBUST_2-R2000-T3-U5-PD2500-6500,2000,3,5,2500,6500,7300,2,185000,3901,2,3825,74,0,0,2,3901,2,-1931,-1931,-613,2,-8438,-8438,-569,2,-8072,-8072,-622,2,-2581,-2581,-77,2,-4375,-4375,-779,0,,,,0,2,-8438,2,-8072,False
FP1-EXP0004-C-411-ROBUST_2-R2000-T3-U5-PD2500-6500-RB7300-BU3-FL0,411,ROBUST_2,FP1-EXP0003-B-051-ROBUST_2-R2000-T3-U5-PD2500-6500,2000,3,5,2500,6500,7300,3,0,3901,10,3818,73,0,0,10,3901,7,-90,3,727,5,-1570,173,377,5,-27,526,1245,2,-2581,-2581,553,2,-4375,-4375,-193,0,,,,0,5,173,5,526,False
FP1-EXP0004-C-412-ROBUST_2-R2000-T3-U5-PD2500-6500-RB7300-BU3-FL6000,412,ROBUST_2,FP1-EXP0003-B-051-ROBUST_2-R2000-T3-U5-PD2500-6500,2000,3,5,2500,6500,7300,3,6000,3901,8,3820,73,0,0,8,3901,6,-90,3,727,5,-1570,173,377,5,-27,526,1245,2,-2581,-2581,553,2,-4375,-4375,-193,0,,,,0,5,173,5,526,False
FP1-EXP0004-C-413-ROBUST_2-R2000-T3-U5-PD2500-6500-RB7300-BU3-FL30000,413,ROBUST_2,FP1-EXP0003-B-051-ROBUST_2-R2000-T3-U5-PD2500-6500,2000,3,5,2500,6500,7300,3,30000,3901,8,3820,73,0,0,8,3901,6,-90,3,727,5,-1570,120,173,5,-27,526,966,2,-2581,-2581,553,2,-4375,-4375,-193,0,,,,0,5,120,5,526,False
FP1-EXP0004-C-414-ROBUST_2-R2000-T3-U5-PD2500-6500-RB7300-BU3-FL93000,414,ROBUST_2,FP1-EXP0003-B-051-ROBUST_2-R2000-T3-U5-PD2500-6500,2000,3,5,2500,6500,7300,3,93000,3901,6,3822,73,0,0,6,3901,5,-90,3,788,4,-8438,173,636,3,-8072,-27,526,2,-2581,-2581,553,2,-4375,-4375,-193,0,,,,0,4,173,3,-27,False
FP1-EXP0004-C-415-ROBUST_2-R2000-T3-U5-PD2500-6500-RB7300-BU3-FL185000,415,ROBUST_2,FP1-EXP0003-B-051-ROBUST_2-R2000-T3-U5-PD2500-6500,2000,3,5,2500,6500,7300,3,185000,3901,2,3825,74,0,0,2,3901,2,-1931,-1931,-613,2,-8438,-8438,-569,2,-8072,-8072,-622,2,-2581,-2581,-77,2,-4375,-4375,-779,0,,,,0,2,-8438,2,-8072,False
FP1-EXP0004-C-416-ROBUST_2-R2000-T3-U5-PD2500-6500-RB7300-BU4-FL0,416,ROBUST_2,FP1-EXP0003-B-051-ROBUST_2-R2000-T3-U5-PD2500-6500,2000,3,5,2500,6500,7300,4,0,3901,8,3819,74,0,0,8,3901,5,-80,3,277,4,-220,120,173,3,-321,-27,966,1,553,553,553,1,-193,-193,-193,0,,,,0,4,120,3,-27,False
FP1-EXP0004-C-417-ROBUST_2-R2000-T3-U5-PD2500-6500-RB7300-BU4-FL6000,417,ROBUST_2,FP1-EXP0003-B-051-ROBUST_2-R2000-T3-U5-PD2500-6500,2000,3,5,2500,6500,7300,4,6000,3901,7,3820,74,0,0,7,3901,5,-80,3,277,4,-220,120,173,3,-321,-27,966,1,553,553,553,1,-193,-193,-193,0,,,,0,4,120,3,-27,False
FP1-EXP0004-C-418-ROBUST_2-R2000-T3-U5-PD2500-6500-RB7300-BU4-FL30000,418,ROBUST_2,FP1-EXP0003-B-051-ROBUST_2-R2000-T3-U5-PD2500-6500,2000,3,5,2500,6500,7300,4,30000,3901,7,3820,74,0,0,7,3901,5,-80,3,277,4,-220,120,173,3,-321,-27,966,1,553,553,553,1,-193,-193,-193,0,,,,0,4,120,3,-27,False
FP1-EXP0004-C-419-ROBUST_2-R2000-T3-U5-PD2500-6500-RB7300-BU4-FL93000,419,ROBUST_2,FP1-EXP0003-B-051-ROBUST_2-R2000-T3-U5-PD2500-6500,2000,3,5,2500,6500,7300,4,93000,3901,5,3822,74,0,0,5,3901,3,-90,3,1219,2,173,173,1034,1,-27,-27,-27,1,553,553,553,1,-193,-193,-193,0,,,,0,2,173,1,-27,False
FP1-EXP0004-C-420-ROBUST_2-R2000-T3-U5-PD2500-6500-RB7300-BU4-FL185000,420,ROBUST_2,FP1-EXP0003-B-051-ROBUST_2-R2000-T3-U5-PD2500-6500,2000,3,5,2500,6500,7300,4,185000,3901,1,3825,75,0,0,1,3901,1,-613,-613,-613,1,-569,-569,-569,1,-622,-622,-622,1,-77,-77,-77,1,-779,-779,-779,0,,,,0,1,-569,1,-622,False
FP1-EXP0004-C-421-ROBUST_2-R2000-T3-U5-PD2500-6500-RB7300-BU8-FL0,421,ROBUST_2,FP1-EXP0003-B-051-ROBUST_2-R2000-T3-U5-PD2500-6500,2000,3,5,2500,6500,7300,8,0,3901,4,3822,75,0,0,4,3901,3,-613,3,161,2,-569,-569,-7,1,-622,-622,-622,1,-77,-77,-77,1,-779,-779,-779,0,,,,0,2,-569,1,-622,False
FP1-EXP0004-C-422-ROBUST_2-R2000-T3-U5-PD2500-6500-RB7300-BU8-FL6000,422,ROBUST_2,FP1-EXP0003-B-051-ROBUST_2-R2000-T3-U5-PD2500-6500,2000,3,5,2500,6500,7300,8,6000,3901,4,3822,75,0,0,4,3901,3,-613,3,161,2,-569,-569,-7,1,-622,-622,-622,1,-77,-77,-77,1,-779,-779,-779,0,,,,0,2,-569,1,-622,False
FP1-EXP0004-C-423-ROBUST_2-R2000-T3-U5-PD2500-6500-RB7300-BU8-FL30000,423,ROBUST_2,FP1-EXP0003-B-051-ROBUST_2-R2000-T3-U5-PD2500-6500,2000,3,5,2500,6500,7300,8,30000,3901,3,3823,75,0,0,3,3901,3,-613,3,161,2,-569,-569,-7,1,-622,-622,-622,1,-77,-77,-77,1,-779,-779,-779,0,,,,0,2,-569,1,-622,False
FP1-EXP0004-C-424-ROBUST_2-R2000-T3-U5-PD2500-6500-RB7300-BU8-FL93000,424,ROBUST_2,FP1-EXP0003-B-051-ROBUST_2-R2000-T3-U5-PD2500-6500,2000,3,5,2500,6500,7300,8,93000,3901,3,3823,75,0,0,3,3901,3,-613,3,161,2,-569,-569,-7,1,-622,-622,-622,1,-77,-77,-77,1,-779,-779,-779,0,,,,0,2,-569,1,-622,False
FP1-EXP0004-C-425-ROBUST_2-R2000-T3-U5-PD2500-6500-RB7300-BU8-FL185000,425,ROBUST_2,FP1-EXP0003-B-051-ROBUST_2-R2000-T3-U5-PD2500-6500,2000,3,5,2500,6500,7300,8,185000,3901,1,3825,75,0,0,1,3901,1,-613,-613,-613,1,-569,-569,-569,1,-622,-622,-622,1,-77,-77,-77,1,-779,-779,-779,0,,,,0,1,-569,1,-622,False
FP1-EXP0004-C-426-ROBUST_2-R2000-T3-U5-PD2500-6500-RB20700-BU1-FL0,426,ROBUST_2,FP1-EXP0003-B-051-ROBUST_2-R2000-T3-U5-PD2500-6500,2000,3,5,2500,6500,20700,1,0,3901,5,3822,74,0,0,5,3901,3,-14,1092,2010,3,22,923,3017,3,-83,1836,2519,0,,,,0,,,,0,,,,0,3,923,3,1836,True
FP1-EXP0004-C-427-ROBUST_2-R2000-T3-U5-PD2500-6500-RB20700-BU1-FL6000,427,ROBUST_2,FP1-EXP0003-B-051-ROBUST_2-R2000-T3-U5-PD2500-6500,2000,3,5,2500,6500,20700,1,6000,3901,5,3822,74,0,0,5,3901,3,-14,810,2010,3,22,645,3017,3,-83,1535,2519,0,,,,0,,,,0,,,,0,3,645,3,1535,False
FP1-EXP0004-C-428-ROBUST_2-R2000-T3-U5-PD2500-6500-RB20700-BU1-FL30000,428,ROBUST_2,FP1-EXP0003-B-051-ROBUST_2-R2000-T3-U5-PD2500-6500,2000,3,5,2500,6500,20700,1,30000,3901,5,3822,74,0,0,5,3901,3,-14,277,1415,3,22,120,1261,3,-83,960,966,0,,,,0,,,,0,,,,0,3,120,3,960,False
FP1-EXP0004-C-429-ROBUST_2-R2000-T3-U5-PD2500-6500-RB20700-BU1-FL93000,429,ROBUST_2,FP1-EXP0003-B-051-ROBUST_2-R2000-T3-U5-PD2500-6500,2000,3,5,2500,6500,20700,1,93000,3901,1,3826,74,0,0,1,3901,1,788,788,788,1,636,636,636,1,526,526,526,0,,,,0,,,,0,,,,0,1,636,1,526,False
FP1-EXP0004-C-430-ROBUST_2-R2000-T3-U5-PD2500-6500-RB20700-BU1-FL185000,430,ROBUST_2,FP1-EXP0003-B-051-ROBUST_2-R2000-T3-U5-PD2500-6500,2000,3,5,2500,6500,20700,1,185000,3901,0,3826,75,0,0,0,3901,0,,,,0,,,,0,,,,0,,,,0,,,,0,,,,0,0,,0,,False
FP1-EXP0004-C-431-ROBUST_2-R2000-T3-U5-PD2500-6500-RB20700-BU2-FL0,431,ROBUST_2,FP1-EXP0003-B-051-ROBUST_2-R2000-T3-U5-PD2500-6500,2000,3,5,2500,6500,20700,2,0,3901,4,3823,74,0,0,4,3901,3,-14,810,2225,3,22,645,1581,3,-83,1213,1535,0,,,,0,,,,0,,,,0,3,645,3,1213,False
FP1-EXP0004-C-432-ROBUST_2-R2000-T3-U5-PD2500-6500-RB20700-BU2-FL6000,432,ROBUST_2,FP1-EXP0003-B-051-ROBUST_2-R2000-T3-U5-PD2500-6500,2000,3,5,2500,6500,20700,2,6000,3901,3,3824,74,0,0,3,3901,2,810,810,2225,2,645,645,1581,2,1213,1213,1535,0,,,,0,,,,0,,,,0,2,645,2,1213,False
FP1-EXP0004-C-433-ROBUST_2-R2000-T3-U5-PD2500-6500-RB20700-BU2-FL30000,433,ROBUST_2,FP1-EXP0003-B-051-ROBUST_2-R2000-T3-U5-PD2500-6500,2000,3,5,2500,6500,20700,2,30000,3901,3,3824,74,0,0,3,3901,2,277,277,788,2,120,120,636,2,526,526,966,0,,,,0,,,,0,,,,0,2,120,2,526,False
FP1-EXP0004-C-434-ROBUST_2-R2000-T3-U5-PD2500-6500-RB20700-BU2-FL93000,434,ROBUST_2,FP1-EXP0003-B-051-ROBUST_2-R2000-T3-U5-PD2500-6500,2000,3,5,2500,6500,20700,2,93000,3901,1,3826,74,0,0,1,3901,1,788,788,788,1,636,636,636,1,526,526,526,0,,,,0,,,,0,,,,0,1,636,1,526,False
FP1-EXP0004-C-435-ROBUST_2-R2000-T3-U5-PD2500-6500-RB20700-BU2-FL185000,435,ROBUST_2,FP1-EXP0003-B-051-ROBUST_2-R2000-T3-U5-PD2500-6500,2000,3,5,2500,6500,20700,2,185000,3901,0,3826,75,0,0,0,3901,0,,,,0,,,,0,,,,0,,,,0,,,,0,,,,0,0,,0,,False
FP1-EXP0004-C-436-ROBUST_2-R2000-T3-U5-PD2500-6500-RB20700-BU3-FL0,436,ROBUST_2,FP1-EXP0003-B-051-ROBUST_2-R2000-T3-U5-PD2500-6500,2000,3,5,2500,6500,20700,3,0,3901,4,3823,74,0,0,4,3901,2,538,538,788,2,377,377,636,2,526,526,1245,0,,,,0,,,,0,,,,0,2,377,2,526,False
FP1-EXP0004-C-437-ROBUST_2-R2000-T3-U5-PD2500-6500-RB20700-BU3-FL6000,437,ROBUST_2,FP1-EXP0003-B-051-ROBUST_2-R2000-T3-U5-PD2500-6500,2000,3,5,2500,6500,20700,3,6000,3901,3,3824,74,0,0,3,3901,2,538,538,788,2,377,377,636,2,526,526,1245,0,,,,0,,,,0,,,,0,2,377,2,526,False
FP1-EXP0004-C-438-ROBUST_2-R2000-T3-U5-PD2500-6500-RB20700-BU3-FL30000,438,ROBUST_2,FP1-EXP0003-B-051-ROBUST_2-R2000-T3-U5-PD2500-6500,2000,3,5,2500,6500,20700,3,30000,3901,3,3824,74,0,0,3,3901,2,277,277,788,2,120,120,636,2,526,526,966,0,,,,0,,,,0,,,,0,2,120,2,526,False
FP1-EXP0004-C-439-ROBUST_2-R2000-T3-U5-PD2500-6500-RB20700-BU3-FL93000,439,ROBUST_2,FP1-EXP0003-B-051-ROBUST_2-R2000-T3-U5-PD2500-6500,2000,3,5,2500,6500,20700,3,93000,3901,1,3826,74,0,0,1,3901,1,788,788,788,1,636,636,636,1,526,526,526,0,,,,0,,,,0,,,,0,1,636,1,526,False
FP1-EXP0004-C-440-ROBUST_2-R2000-T3-U5-PD2500-6500-RB20700-BU3-FL185000,440,ROBUST_2,FP1-EXP0003-B-051-ROBUST_2-R2000-T3-U5-PD2500-6500,2000,3,5,2500,6500,20700,3,185000,3901,0,3826,75,0,0,0,3901,0,,,,0,,,,0,,,,0,,,,0,,,,0,,,,0,0,,0,,False
FP1-EXP0004-C-441-ROBUST_2-R2000-T3-U5-PD2500-6500-RB20700-BU4-FL0,441,ROBUST_2,FP1-EXP0003-B-051-ROBUST_2-R2000-T3-U5-PD2500-6500,2000,3,5,2500,6500,20700,4,0,3901,4,3823,74,0,0,4,3901,2,-80,-80,277,2,-220,-220,120,2,-321,-321,966,0,,,,0,,,,0,,,,0,2,-220,2,-321,False
FP1-EXP0004-C-442-ROBUST_2-R2000-T3-U5-PD2500-6500-RB20700-BU4-FL6000,442,ROBUST_2,FP1-EXP0003-B-051-ROBUST_2-R2000-T3-U5-PD2500-6500,2000,3,5,2500,6500,20700,4,6000,3901,3,3824,74,0,0,3,3901,2,-80,-80,277,2,-220,-220,120,2,-321,-321,966,0,,,,0,,,,0,,,,0,2,-220,2,-321,False
FP1-EXP0004-C-443-ROBUST_2-R2000-T3-U5-PD2500-6500-RB20700-BU4-FL30000,443,ROBUST_2,FP1-EXP0003-B-051-ROBUST_2-R2000-T3-U5-PD2500-6500,2000,3,5,2500,6500,20700,4,30000,3901,3,3824,74,0,0,3,3901,2,-80,-80,277,2,-220,-220,120,2,-321,-321,966,0,,,,0,,,,0,,,,0,2,-220,2,-321,False
FP1-EXP0004-C-444-ROBUST_2-R2000-T3-U5-PD2500-6500-RB20700-BU4-FL93000,444,ROBUST_2,FP1-EXP0003-B-051-ROBUST_2-R2000-T3-U5-PD2500-6500,2000,3,5,2500,6500,20700,4,93000,3901,1,3826,74,0,0,1,3901,0,,,,0,,,,0,,,,0,,,,0,,,,0,,,,0,0,,0,,False
FP1-EXP0004-C-445-ROBUST_2-R2000-T3-U5-PD2500-6500-RB20700-BU4-FL185000,445,ROBUST_2,FP1-EXP0003-B-051-ROBUST_2-R2000-T3-U5-PD2500-6500,2000,3,5,2500,6500,20700,4,185000,3901,0,3826,75,0,0,0,3901,0,,,,0,,,,0,,,,0,,,,0,,,,0,,,,0,0,,0,,False
FP1-EXP0004-C-446-ROBUST_2-R2000-T3-U5-PD2500-6500-RB20700-BU8-FL0,446,ROBUST_2,FP1-EXP0003-B-051-ROBUST_2-R2000-T3-U5-PD2500-6500,2000,3,5,2500,6500,20700,8,0,3901,1,3825,75,0,0,1,3901,0,,,,0,,,,0,,,,0,,,,0,,,,0,,,,0,0,,0,,False
FP1-EXP0004-C-447-ROBUST_2-R2000-T3-U5-PD2500-6500-RB20700-BU8-FL6000,447,ROBUST_2,FP1-EXP0003-B-051-ROBUST_2-R2000-T3-U5-PD2500-6500,2000,3,5,2500,6500,20700,8,6000,3901,1,3825,75,0,0,1,3901,0,,,,0,,,,0,,,,0,,,,0,,,,0,,,,0,0,,0,,False
FP1-EXP0004-C-448-ROBUST_2-R2000-T3-U5-PD2500-6500-RB20700-BU8-FL30000,448,ROBUST_2,FP1-EXP0003-B-051-ROBUST_2-R2000-T3-U5-PD2500-6500,2000,3,5,2500,6500,20700,8,30000,3901,0,3826,75,0,0,0,3901,0,,,,0,,,,0,,,,0,,,,0,,,,0,,,,0,0,,0,,False
FP1-EXP0004-C-449-ROBUST_2-R2000-T3-U5-PD2500-6500-RB20700-BU8-FL93000,449,ROBUST_2,FP1-EXP0003-B-051-ROBUST_2-R2000-T3-U5-PD2500-6500,2000,3,5,2500,6500,20700,8,93000,3901,0,3826,75,0,0,0,3901,0,,,,0,,,,0,,,,0,,,,0,,,,0,,,,0,0,,0,,False
FP1-EXP0004-C-450-ROBUST_2-R2000-T3-U5-PD2500-6500-RB20700-BU8-FL185000,450,ROBUST_2,FP1-EXP0003-B-051-ROBUST_2-R2000-T3-U5-PD2500-6500,2000,3,5,2500,6500,20700,8,185000,3901,0,3826,75,0,0,0,3901,0,,,,0,,,,0,,,,0,,,,0,,,,0,,,,0,0,,0,,False
FP1-EXP0004-C-451-ROBUST_3-R5000-T3-U2-PD2500-6500-RB200-BU1-FL0,451,ROBUST_3,FP1-EXP0003-B-072-ROBUST_3-R5000-T3-U2-PD2500-6500,5000,3,2,2500,6500,200,1,0,3901,52,3779,70,0,0,52,3901,26,26,443,1910,29,-153,154,2909,19,-621,529,3560,11,-253,4048,7437,9,-1958,1763,7115,3,-8869,-6374,-2551,3,29,154,19,529,False
FP1-EXP0004-C-452-ROBUST_3-R5000-T3-U2-PD2500-6500-RB200-BU1-FL6000,452,ROBUST_3,FP1-EXP0003-B-072-ROBUST_3-R5000-T3-U2-PD2500-6500,5000,3,2,2500,6500,200,1,6000,3901,45,3781,75,0,0,45,3901,26,26,443,1910,25,-736,150,2148,17,-253,748,2519,10,-201,2818,7333,8,-2772,-253,7115,3,-9251,-6374,-2551,3,25,150,17,748,False
FP1-EXP0004-C-453-ROBUST_3-R5000-T3-U2-PD2500-6500-RB200-BU1-FL30000,453,ROBUST_3,FP1-EXP0003-B-072-ROBUST_3-R5000-T3-U2-PD2500-6500,5000,3,2,2500,6500,200,1,30000,3901,30,3791,80,0,0,30,3901,17,5,205,1415,15,-736,78,1291,13,-621,517,960,6,1121,1339,6535,4,-2772,-2584,3349,1,-2551,-2551,-2551,1,15,78,13,517,False
FP1-EXP0004-C-454-ROBUST_3-R5000-T3-U2-PD2500-6500-RB200-BU1-FL93000,454,ROBUST_3,FP1-EXP0003-B-072-ROBUST_3-R5000-T3-U2-PD2500-6500,5000,3,2,2500,6500,200,1,93000,3901,16,3799,86,0,0,16,3901,12,-250,270,1216,10,0,305,1115,9,-518,477,1119,5,356,1121,3046,3,-2772,-236,2213,0,,,,0,10,305,9,477,False
FP1-EXP0004-C-455-ROBUST_3-R5000-T3-U2-PD2500-6500-RB200-BU1-FL185000,455,ROBUST_3,FP1-EXP0003-B-072-ROBUST_3-R5000-T3-U2-PD2500-6500,5000,3,2,2500,6500,200,1,185000,3901,5,3808,88,0,0,5,3901,4,-1931,-613,-326,2,-8438,-8438,-569,2,-8072,-8072,-622,2,-2581,-2581,-77,2,-4375,-4375,-779,0,,,,0,2,-8438,2,-8072,False
FP1-EXP0004-C-456-ROBUST_3-R5000-T3-U2-PD2500-6500-RB200-BU2-FL0,456,ROBUST_3,FP1-EXP0003-B-072-ROBUST_3-R5000-T3-U2-PD2500-6500,5000,3,2,2500,6500,200,2,0,3901,43,3783,75,0,0,43,3901,24,19,481,1863,23,-153,247,2909,17,-503,748,2224,10,-503,1121,7028,8,-2772,-1958,4192,3,-9251,-6374,-2551,3,23,247,17,748,True
FP1-EXP0004-C-457-ROBUST_3-R5000-T3-U2-PD2500-6500-RB200-BU2-FL6000,457,ROBUST_3,FP1-EXP0003-B-072-ROBUST_3-R5000-T3-U2-PD2500-6500,5000,3,2,2500,6500,200,2,6000,3901,39,3785,77,0,0,39,3901,23,19,481,1863,21,-153,238,1581,15,-503,748,2224,9,-201,1339,7028,7,-2772,-503,7115,3,-9251,-6374,-2551,3,21,238,15,748,False
FP1-EXP0004-C-458-ROBUST_3-R5000-T3-U2-PD2500-6500-RB200-BU2-FL30000,458,ROBUST_3,FP1-EXP0003-B-072-ROBUST_3-R5000-T3-U2-PD2500-6500,5000,3,2,2500,6500,200,2,30000,3901,29,3791,81,0,0,29,3901,16,-13,205,1225,14,-152,78,1291,12,-621,517,899,6,1121,1339,6535,4,-2772,-2584,3349,1,-2551,-2551,-2551,1,14,78,12,517,False
FP1-EXP0004-C-459-ROBUST_3-R5000-T3-U2-PD2500-6500-RB200-BU2-FL93000,459,ROBUST_3,FP1-EXP0003-B-072-ROBUST_3-R5000-T3-U2-PD2500-6500,5000,3,2,2500,6500,200,2,93000,3901,16,3799,86,0,0,16,3901,12,-250,270,1216,10,0,305,1115,9,-518,477,1119,5,356,1121,3046,3,-2772,-236,2213,0,,,,0,10,305,9,477,False
FP1-EXP0004-C-460-ROBUST_3-R5000-T3-U2-PD2500-6500-RB200-BU2-FL185000,460,ROBUST_3,FP1-EXP0003-B-072-ROBUST_3-R5000-T3-U2-PD2500-6500,5000,3,2,2500,6500,200,2,185000,3901,5,3808,88,0,0,5,3901,4,-1931,-613,-326,2,-8438,-8438,-569,2,-8072,-8072,-622,2,-2581,-2581,-77,2,-4375,-4375,-779,0,,,,0,2,-8438,2,-8072,False
FP1-EXP0004-C-461-ROBUST_3-R5000-T3-U2-PD2500-6500-RB200-BU3-FL0,461,ROBUST_3,FP1-EXP0003-B-072-ROBUST_3-R5000-T3-U2-PD2500-6500,5000,3,2,2500,6500,200,3,0,3901,30,3790,81,0,0,30,3901,23,1,396,790,18,-153,238,1520,13,22,526,1271,7,-2581,3620,7333,5,-2768,3759,7115,2,-6374,-6374,-2736,2,18,238,13,526,False
FP1-EXP0004-C-462-ROBUST_3-R5000-T3-U2-PD2500-6500-RB200-BU3-FL6000,462,ROBUST_3,FP1-EXP0003-B-072-ROBUST_3-R5000-T3-U2-PD2500-6500,5000,3,2,2500,6500,200,3,6000,3901,28,3791,82,0,0,28,3901,22,79,447,1216,17,-153,256,1520,13,22,526,1271,7,-2581,3620,7333,5,-2768,3759,7115,2,-6374,-6374,-2736,2,17,256,13,526,False
FP1-EXP0004-C-463-ROBUST_3-R5000-T3-U2-PD2500-6500-RB200-BU3-FL30000,463,ROBUST_3,FP1-EXP0003-B-072-ROBUST_3-R5000-T3-U2-PD2500-6500,5000,3,2,2500,6500,200,3,30000,3901,23,3793,85,0,0,23,3901,16,-13,270,1197,13,-520,78,681,12,-520,256,899,6,-2581,314,6535,4,-4375,-2768,3349,1,-2736,-2736,-2736,1,13,78,12,256,False
FP1-EXP0004-C-464-ROBUST_3-R5000-T3-U2-PD2500-6500-RB200-BU3-FL93000,464,ROBUST_3,FP1-EXP0003-B-072-ROBUST_3-R5000-T3-U2-PD2500-6500,5000,3,2,2500,6500,200,3,93000,3901,15,3800,86,0,0,15,3901,12,-326,202,1089,10,0,305,1115,9,-518,477,1119,5,314,356,3046,3,-4375,-236,2213,0,,,,0,10,305,9,477,False
FP1-EXP0004-C-465-ROBUST_3-R5000-T3-U2-PD2500-6500-RB200-BU3-FL185000,465,ROBUST_3,FP1-EXP0003-B-072-ROBUST_3-R5000-T3-U2-PD2500-6500,5000,3,2,2500,6500,200,3,185000,3901,5,3808,88,0,0,5,3901,4,-1931,-613,-326,2,-8438,-8438,-569,2,-8072,-8072,-622,2,-2581,-2581,-77,2,-4375,-4375,-779,0,,,,0,2,-8438,2,-8072,False
FP1-EXP0004-C-466-ROBUST_3-R5000-T3-U2-PD2500-6500-RB200-BU4-FL0,466,ROBUST_3,FP1-EXP0003-B-072-ROBUST_3-R5000-T3-U2-PD2500-6500,5000,3,2,2500,6500,200,4,0,3901,25,3791,85,0,0,25,3901,17,19,205,860,12,-624,-100,986,10,-171,620,1693,6,314,3214,6933,4,-3144,3349,7134,2,-6374,-6374,-3113,2,12,-100,10,620,False
FP1-EXP0004-C-467-ROBUST_3-R5000-T3-U2-PD2500-6500-RB200-BU4-FL6000,467,ROBUST_3,FP1-EXP0003-B-072-ROBUST_3-R5000-T3-U2-PD2500-6500,5000,3,2,2500,6500,200,4,6000,3901,23,3793,85,0,0,23,3901,17,19,205,860,12,-624,-100,986,10,-171,620,1693,6,314,3214,6933,4,-3144,3349,7134,2,-6374,-6374,-3113,2,12,-100,10,620,False
FP1-EXP0004-C-468-ROBUST_3-R5000-T3-U2-PD2500-6500-RB200-BU4-FL30000,468,ROBUST_3,FP1-EXP0003-B-072-ROBUST_3-R5000-T3-U2-PD2500-6500,5000,3,2,2500,6500,200,4,30000,3901,19,3795,87,0,0,19,3901,13,19,205,860,10,-277,-100,986,9,-277,620,1119,5,314,3214,5769,3,-3144,3349,7134,1,-3113,-3113,-3113,1,10,-100,9,620,False
FP1-EXP0004-C-469-ROBUST_3-R5000-T3-U2-PD2500-6500-RB200-BU4-FL93000,469,ROBUST_3,FP1-EXP0003-B-072-ROBUST_3-R5000-T3-U2-PD2500-6500,5000,3,2,2500,6500,200,4,93000,3901,10,3802,89,0,0,10,3901,8,-250,202,860,5,305,681,1115,5,477,1119,1808,4,314,356,2403,2,-236,-236,1611,0,,,,0,5,681,5,1119,False
FP1-EXP0004-C-470-ROBUST_3-R5000-T3-U2-PD2500-6500-RB200-BU4-FL185000,470,ROBUST_3,FP1-EXP0003-B-072-ROBUST_3-R5000-T3-U2-PD2500-6500,5000,3,2,2500,6500,200,4,185000,3901,3,3808,90,0,0,3,3901,3,-613,-326,860,1,-569,-569,-569,1,-622,-622,-622,1,-77,-77,-77,1,-779,-779,-779,0,,,,0,1,-569,1,-622,False
FP1-EXP0004-C-471-ROBUST_3-R5000-T3-U2-PD2500-6500-RB200-BU8-FL0,471,ROBUST_3,FP1-EXP0003-B-072-ROBUST_3-R5000-T3-U2-PD2500-6500,5000,3,2,2500,6500,200,8,0,3901,6,3804,91,0,0,6,3901,4,-613,-214,0,5,-133,250,483,4,-622,-338,826,3,-77,-10,4047,1,-779,-779,-779,0,,,,0,5,250,4,-338,False
FP1-EXP0004-C-472-ROBUST_3-R5000-T3-U2-PD2500-6500-RB200-BU8-FL6000,472,ROBUST_3,FP1-EXP0003-B-072-ROBUST_3-R5000-T3-U2-PD2500-6500,5000,3,2,2500,6500,200,8,6000,3901,6,3804,91,0,0,6,3901,4,-613,-214,0,5,-133,250,483,4,-622,-338,826,3,-77,-10,4047,1,-779,-779,-779,0,,,,0,5,250,4,-338,False
FP1-EXP0004-C-473-ROBUST_3-R5000-T3-U2-PD2500-6500-RB200-BU8-FL30000,473,ROBUST_3,FP1-EXP0003-B-072-ROBUST_3-R5000-T3-U2-PD2500-6500,5000,3,2,2500,6500,200,8,30000,3901,5,3805,91,0,0,5,3901,4,-613,-214,0,5,-133,250,483,4,-622,-338,826,3,-77,-10,4047,1,-779,-779,-779,0,,,,0,5,250,4,-338,False
FP1-EXP0004-C-474-ROBUST_3-R5000-T3-U2-PD2500-6500-RB200-BU8-FL93000,474,ROBUST_3,FP1-EXP0003-B-072-ROBUST_3-R5000-T3-U2-PD2500-6500,5000,3,2,2500,6500,200,8,93000,3901,4,3806,91,0,0,4,3901,4,-613,-214,80,4,-569,250,410,4,-622,-338,-327,3,-394,-77,4047,1,-779,-779,-779,0,,,,0,4,250,4,-338,False
FP1-EXP0004-C-475-ROBUST_3-R5000-T3-U2-PD2500-6500-RB200-BU8-FL185000,475,ROBUST_3,FP1-EXP0003-B-072-ROBUST_3-R5000-T3-U2-PD2500-6500,5000,3,2,2500,6500,200,8,185000,3901,1,3809,91,0,0,1,3901,1,-613,-613,-613,1,-569,-569,-569,1,-622,-622,-622,1,-77,-77,-77,1,-779,-779,-779,0,,,,0,1,-569,1,-622,False
FP1-EXP0004-C-476-ROBUST_3-R5000-T3-U2-PD2500-6500-RB500-BU1-FL0,476,ROBUST_3,FP1-EXP0003-B-072-ROBUST_3-R5000-T3-U2-PD2500-6500,5000,3,2,2500,6500,500,1,0,3901,48,3781,72,0,0,48,3901,22,5,370,2010,24,-736,150,2909,19,-810,517,2519,11,-503,3620,7437,9,-1958,1763,7115,3,-8869,-6374,-2551,3,24,150,19,517,False
FP1-EXP0004-C-477-ROBUST_3-R5000-T3-U2-PD2500-6500-RB500-BU1-FL6000,477,ROBUST_3,FP1-EXP0003-B-072-ROBUST_3-R5000-T3-U2-PD2500-6500,5000,3,2,2500,6500,500,1,6000,3901,42,3783,76,0,0,42,3901,22,5,370,2010,20,-1175,0,1291,17,-503,748,2378,10,-201,1339,7333,8,-2772,-503,7115,3,-9251,-6374,-2551,3,20,0,17,748,False
FP1-EXP0004-C-478-ROBUST_3-R5000-T3-U2-PD2500-6500-RB500-BU1-FL30000,478,ROBUST_3,FP1-EXP0003-B-072-ROBUST_3-R5000-T3-U2-PD2500-6500,5000,3,2,2500,6500,500,1,30000,3901,30,3791,80,0,0,30,3901,18,5,205,1415,15,-736,78,1291,13,-520,517,960,6,1121,1339,6535,4,-2772,-2584,3349,1,-2551,-2551,-2551,1,15,78,13,517,False
FP1-EXP0004-C-479-ROBUST_3-R5000-T3-U2-PD2500-6500-RB500-BU1-FL93000,479,ROBUST_3,FP1-EXP0003-B-072-ROBUST_3-R5000-T3-U2-PD2500-6500,5000,3,2,2500,6500,500,1,93000,3901,16,3799,86,0,0,16,3901,12,-250,270,1216,10,0,305,1115,9,-518,477,1119,5,356,1121,3046,3,-2772,-236,2213,0,,,,0,10,305,9,477,False
FP1-EXP0004-C-480-ROBUST_3-R5000-T3-U2-PD2500-6500-RB500-BU1-FL185000,480,ROBUST_3,FP1-EXP0003-B-072-ROBUST_3-R5000-T3-U2-PD2500-6500,5000,3,2,2500,6500,500,1,185000,3901,5,3808,88,0,0,5,3901,4,-1931,-613,-326,2,-8438,-8438,-569,2,-8072,-8072,-622,2,-2581,-2581,-77,2,-4375,-4375,-779,0,,,,0,2,-8438,2,-8072,False
FP1-EXP0004-C-481-ROBUST_3-R5000-T3-U2-PD2500-6500-RB500-BU2-FL0,481,ROBUST_3,FP1-EXP0003-B-072-ROBUST_3-R5000-T3-U2-PD2500-6500,5000,3,2,2500,6500,500,2,0,3901,41,3785,75,0,0,41,3901,22,19,396,2142,20,-1175,150,1863,17,-503,748,2224,10,-503,1121,7028,8,-2772,-1958,3759,3,-9251,-6374,-2551,3,20,150,17,748,False
FP1-EXP0004-C-482-ROBUST_3-R5000-T3-U2-PD2500-6500-RB500-BU2-FL6000,482,ROBUST_3,FP1-EXP0003-B-072-ROBUST_3-R5000-T3-U2-PD2500-6500,5000,3,2,2500,6500,500,2,6000,3901,37,3787,77,0,0,37,3901,21,19,396,1863,18,-1175,0,1581,15,-503,748,2224,9,-201,1339,7028,7,-2772,-503,7115,3,-9251,-6374,-2551,3,18,0,15,748,False
FP1-EXP0004-C-483-ROBUST_3-R5000-T3-U2-PD2500-6500-RB500-BU2-FL30000,483,ROBUST_3,FP1-EXP0003-B-072-ROBUST_3-R5000-T3-U2-PD2500-6500,5000,3,2,2500,6500,500,2,30000,3901,29,3791,81,0,0,29,3901,17,19,481,1225,14,-520,78,1291,12,-520,517,899,6,1121,1339,6535,4,-2772,-2584,3349,1,-2551,-2551,-2551,1,14,78,12,517,False
FP1-EXP0004-C-484-ROBUST_3-R5000-T3-U2-PD2500-6500-RB500-BU2-FL93000,484,ROBUST_3,FP1-EXP0003-B-072-ROBUST_3-R5000-T3-U2-PD2500-6500,5000,3,2,2500,6500,500,2,93000,3901,16,3799,86,0,0,16,3901,12,-250,270,1216,10,0,305,1115,9,-518,477,1119,5,356,1121,3046,3,-2772,-236,2213,0,,,,0,10,305,9,477,False
FP1-EXP0004-C-485-ROBUST_3-R5000-T3-U2-PD2500-6500-RB500-BU2-FL185000,485,ROBUST_3,FP1-EXP0003-B-072-ROBUST_3-R5000-T3-U2-PD2500-6500,5000,3,2,2500,6500,500,2,185000,3901,5,3808,88,0,0,5,3901,4,-1931,-613,-326,2,-8438,-8438,-569,2,-8072,-8072,-622,2,-2581,-2581,-77,2,-4375,-4375,-779,0,,,,0,2,-8438,2,-8072,False
FP1-EXP0004-C-486-ROBUST_3-R5000-T3-U2-PD2500-6500-RB500-BU3-FL0,486,ROBUST_3,FP1-EXP0003-B-072-ROBUST_3-R5000-T3-U2-PD2500-6500,5000,3,2,2500,6500,500,3,0,3901,28,3792,81,0,0,28,3901,21,1,370,788,15,-398,256,1520,13,22,526,1119,7,-2581,3620,7333,5,-2768,3759,7115,2,-6374,-6374,-2736,2,15,256,13,526,False
FP1-EXP0004-C-487-ROBUST_3-R5000-T3-U2-PD2500-6500-RB500-BU3-FL6000,487,ROBUST_3,FP1-EXP0003-B-072-ROBUST_3-R5000-T3-U2-PD2500-6500,5000,3,2,2500,6500,500,3,6000,3901,26,3793,82,0,0,26,3901,20,19,396,1216,15,-624,256,1520,13,22,526,1119,7,-2581,3620,7333,5,-2768,3759,7115,2,-6374,-6374,-2736,2,15,256,13,526,False
FP1-EXP0004-C-488-ROBUST_3-R5000-T3-U2-PD2500-6500-RB500-BU3-FL30000,488,ROBUST_3,FP1-EXP0003-B-072-ROBUST_3-R5000-T3-U2-PD2500-6500,5000,3,2,2500,6500,500,3,30000,3901,23,3793,85,0,0,23,3901,16,-13,270,1197,13,-520,78,681,12,-520,256,899,6,-2581,314,6535,4,-4375,-2768,3349,1,-2736,-2736,-2736,1,13,78,12,256,False
FP1-EXP0004-C-489-ROBUST_3-R5000-T3-U2-PD2500-6500-RB500-BU3-FL93000,489,ROBUST_3,FP1-EXP0003-B-072-ROBUST_3-R5000-T3-U2-PD2500-6500,5000,3,2,2500,6500,500,3,93000,3901,15,3800,86,0,0,15,3901,12,-326,202,1089,10,0,305,1115,9,-518,477,1119,5,314,356,3046,3,-4375,-236,2213,0,,,,0,10,305,9,477,False
FP1-EXP0004-C-490-ROBUST_3-R5000-T3-U2-PD2500-6500-RB500-BU3-FL185000,490,ROBUST_3,FP1-EXP0003-B-072-ROBUST_3-R5000-T3-U2-PD2500-6500,5000,3,2,2500,6500,500,3,185000,3901,5,3808,88,0,0,5,3901,4,-1931,-613,-326,2,-8438,-8438,-569,2,-8072,-8072,-622,2,-2581,-2581,-77,2,-4375,-4375,-779,0,,,,0,2,-8438,2,-8072,False
FP1-EXP0004-C-491-ROBUST_3-R5000-T3-U2-PD2500-6500-RB500-BU4-FL0,491,ROBUST_3,FP1-EXP0003-B-072-ROBUST_3-R5000-T3-U2-PD2500-6500,5000,3,2,2500,6500,500,4,0,3901,24,3792,85,0,0,24,3901,16,-13,205,860,12,-624,-100,986,10,-171,620,1693,6,314,3214,6933,4,-3144,3349,7134,2,-6374,-6374,-3113,2,12,-100,10,620,False
FP1-EXP0004-C-492-ROBUST_3-R5000-T3-U2-PD2500-6500-RB500-BU4-FL6000,492,ROBUST_3,FP1-EXP0003-B-072-ROBUST_3-R5000-T3-U2-PD2500-6500,5000,3,2,2500,6500,500,4,6000,3901,22,3794,85,0,0,22,3901,16,-13,205,860,12,-624,-100,986,10,-171,620,1693,6,314,3214,6933,4,-3144,3349,7134,2,-6374,-6374,-3113,2,12,-100,10,620,False
FP1-EXP0004-C-493-ROBUST_3-R5000-T3-U2-PD2500-6500-RB500-BU4-FL30000,493,ROBUST_3,FP1-EXP0003-B-072-ROBUST_3-R5000-T3-U2-PD2500-6500,5000,3,2,2500,6500,500,4,30000,3901,19,3795,87,0,0,19,3901,13,19,205,860,10,-277,-100,986,9,-277,620,1119,5,314,3214,5769,3,-3144,3349,7134,1,-3113,-3113,-3113,1,10,-100,9,620,False
FP1-EXP0004-C-494-ROBUST_3-R5000-T3-U2-PD2500-6500-RB500-BU4-FL93000,494,ROBUST_3,FP1-EXP0003-B-072-ROBUST_3-R5000-T3-U2-PD2500-6500,5000,3,2,2500,6500,500,4,93000,3901,10,3802,89,0,0,10,3901,8,-250,202,860,5,305,681,1115,5,477,1119,1808,4,314,356,2403,2,-236,-236,1611,0,,,,0,5,681,5,1119,False
FP1-EXP0004-C-495-ROBUST_3-R5000-T3-U2-PD2500-6500-RB500-BU4-FL185000,495,ROBUST_3,FP1-EXP0003-B-072-ROBUST_3-R5000-T3-U2-PD2500-6500,5000,3,2,2500,6500,500,4,185000,3901,3,3808,90,0,0,3,3901,3,-613,-326,860,1,-569,-569,-569,1,-622,-622,-622,1,-77,-77,-77,1,-779,-779,-779,0,,,,0,1,-569,1,-622,False
FP1-EXP0004-C-496-ROBUST_3-R5000-T3-U2-PD2500-6500-RB500-BU8-FL0,496,ROBUST_3,FP1-EXP0003-B-072-ROBUST_3-R5000-T3-U2-PD2500-6500,5000,3,2,2500,6500,500,8,0,3901,6,3804,91,0,0,6,3901,4,-613,-214,0,5,-133,250,483,4,-622,-338,826,3,-77,-10,4047,1,-779,-779,-779,0,,,,0,5,250,4,-338,False
FP1-EXP0004-C-497-ROBUST_3-R5000-T3-U2-PD2500-6500-RB500-BU8-FL6000,497,ROBUST_3,FP1-EXP0003-B-072-ROBUST_3-R5000-T3-U2-PD2500-6500,5000,3,2,2500,6500,500,8,6000,3901,6,3804,91,0,0,6,3901,4,-613,-214,0,5,-133,250,483,4,-622,-338,826,3,-77,-10,4047,1,-779,-779,-779,0,,,,0,5,250,4,-338,False
FP1-EXP0004-C-498-ROBUST_3-R5000-T3-U2-PD2500-6500-RB500-BU8-FL30000,498,ROBUST_3,FP1-EXP0003-B-072-ROBUST_3-R5000-T3-U2-PD2500-6500,5000,3,2,2500,6500,500,8,30000,3901,5,3805,91,0,0,5,3901,4,-613,-214,0,5,-133,250,483,4,-622,-338,826,3,-77,-10,4047,1,-779,-779,-779,0,,,,0,5,250,4,-338,False
FP1-EXP0004-C-499-ROBUST_3-R5000-T3-U2-PD2500-6500-RB500-BU8-FL93000,499,ROBUST_3,FP1-EXP0003-B-072-ROBUST_3-R5000-T3-U2-PD2500-6500,5000,3,2,2500,6500,500,8,93000,3901,4,3806,91,0,0,4,3901,4,-613,-214,80,4,-569,250,410,4,-622,-338,-327,3,-394,-77,4047,1,-779,-779,-779,0,,,,0,4,250,4,-338,False
FP1-EXP0004-C-500-ROBUST_3-R5000-T3-U2-PD2500-6500-RB500-BU8-FL185000,500,ROBUST_3,FP1-EXP0003-B-072-ROBUST_3-R5000-T3-U2-PD2500-6500,5000,3,2,2500,6500,500,8,185000,3901,1,3809,91,0,0,1,3901,1,-613,-613,-613,1,-569,-569,-569,1,-622,-622,-622,1,-77,-77,-77,1,-779,-779,-779,0,,,,0,1,-569,1,-622,False
FP1-EXP0004-C-501-ROBUST_3-R5000-T3-U2-PD2500-6500-RB800-BU1-FL0,501,ROBUST_3,FP1-EXP0003-B-072-ROBUST_3-R5000-T3-U2-PD2500-6500,5000,3,2,2500,6500,800,1,0,3901,47,3782,72,0,0,47,3901,22,5,315,2010,22,-153,150,2557,16,-810,620,2519,10,314,3214,7437,8,-2584,1763,7134,3,-8869,-6374,-2551,3,22,150,16,620,False
FP1-EXP0004-C-502-ROBUST_3-R5000-T3-U2-PD2500-6500-RB800-BU1-FL6000,502,ROBUST_3,FP1-EXP0003-B-072-ROBUST_3-R5000-T3-U2-PD2500-6500,5000,3,2,2500,6500,800,1,6000,3901,41,3784,76,0,0,41,3901,21,5,315,2010,18,-736,78,2148,15,-96,748,2519,9,314,3214,6933,7,-2772,3349,9786,3,-9251,-6374,-2551,3,18,78,15,748,False
FP1-EXP0004-C-503-ROBUST_3-R5000-T3-U2-PD2500-6500-RB800-BU1-FL30000,503,ROBUST_3,FP1-EXP0003-B-072-ROBUST_3-R5000-T3-U2-PD2500-6500,5000,3,2,2500,6500,800,1,30000,3901,30,3791,80,0,0,30,3901,18,19,270,1415,15,-736,78,1261,13,-520,517,960,6,314,1121,6535,4,-2772,-2584,3349,1,-2551,-2551,-2551,1,15,78,13,517,False
FP1-EXP0004-C-504-ROBUST_3-R5000-T3-U2-PD2500-6500-RB800-BU1-FL93000,504,ROBUST_3,FP1-EXP0003-B-072-ROBUST_3-R5000-T3-U2-PD2500-6500,5000,3,2,2500,6500,800,1,93000,3901,16,3799,86,0,0,16,3901,12,-250,270,1216,10,0,305,1115,9,-518,477,1119,5,356,1121,3046,3,-2772,-236,2213,0,,,,0,10,305,9,477,False
FP1-EXP0004-C-505-ROBUST_3-R5000-T3-U2-PD2500-6500-RB800-BU1-FL185000,505,ROBUST_3,FP1-EXP0003-B-072-ROBUST_3-R5000-T3-U2-PD2500-6500,5000,3,2,2500,6500,800,1,185000,3901,5,3808,88,0,0,5,3901,4,-1931,-613,-326,2,-8438,-8438,-569,2,-8072,-8072,-622,2,-2581,-2581,-77,2,-4375,-4375,-779,0,,,,0,2,-8438,2,-8072,False
FP1-EXP0004-C-506-ROBUST_3-R5000-T3-U2-PD2500-6500-RB800-BU2-FL0,506,ROBUST_3,FP1-EXP0003-B-072-ROBUST_3-R5000-T3-U2-PD2500-6500,5000,3,2,2500,6500,800,2,0,3901,40,3786,75,0,0,40,3901,21,19,481,2142,18,-153,150,2332,15,-96,748,1693,9,-201,1121,6933,7,-2772,-1958,7134,3,-9251,-6374,-2551,3,18,150,15,748,False
FP1-EXP0004-C-507-ROBUST_3-R5000-T3-U2-PD2500-6500-RB800-BU2-FL6000,507,ROBUST_3,FP1-EXP0003-B-072-ROBUST_3-R5000-T3-U2-PD2500-6500,5000,3,2,2500,6500,800,2,6000,3901,36,3788,77,0,0,36,3901,20,1,270,1863,16,-1854,78,1581,13,22,748,1213,8,-201,1121,6933,6,-2772,-2584,7134,3,-9251,-6374,-2551,3,16,78,13,748,False
FP1-EXP0004-C-508-ROBUST_3-R5000-T3-U2-PD2500-6500-RB800-BU2-FL30000,508,ROBUST_3,FP1-EXP0003-B-072-ROBUST_3-R5000-T3-U2-PD2500-6500,5000,3,2,2500,6500,800,2,30000,3901,29,3791,81,0,0,29,3901,17,26,481,1225,14,-520,78,681,12,-520,517,899,6,314,1121,6535,4,-2772,-2584,3349,1,-2551,-2551,-2551,1,14,78,12,517,False
FP1-EXP0004-C-509-ROBUST_3-R5000-T3-U2-PD2500-6500-RB800-BU2-FL93000,509,ROBUST_3,FP1-EXP0003-B-072-ROBUST_3-R5000-T3-U2-PD2500-6500,5000,3,2,2500,6500,800,2,93000,3901,16,3799,86,0,0,16,3901,12,-250,270,1216,10,0,305,1115,9,-518,477,1119,5,356,1121,3046,3,-2772,-236,2213,0,,,,0,10,305,9,477,False
FP1-EXP0004-C-510-ROBUST_3-R5000-T3-U2-PD2500-6500-RB800-BU2-FL185000,510,ROBUST_3,FP1-EXP0003-B-072-ROBUST_3-R5000-T3-U2-PD2500-6500,5000,3,2,2500,6500,800,2,185000,3901,5,3808,88,0,0,5,3901,4,-1931,-613,-326,2,-8438,-8438,-569,2,-8072,-8072,-622,2,-2581,-2581,-77,2,-4375,-4375,-779,0,,,,0,2,-8438,2,-8072,False
FP1-EXP0004-C-511-ROBUST_3-R5000-T3-U2-PD2500-6500-RB800-BU3-FL0,511,ROBUST_3,FP1-EXP0003-B-072-ROBUST_3-R5000-T3-U2-PD2500-6500,5000,3,2,2500,6500,800,3,0,3901,28,3792,81,0,0,28,3901,19,-13,270,1225,15,-398,78,1520,13,-96,526,1119,7,-2581,3214,6933,5,-2768,3349,7134,2,-6374,-6374,-2736,2,15,78,13,526,False
FP1-EXP0004-C-512-ROBUST_3-R5000-T3-U2-PD2500-6500-RB800-BU3-FL6000,512,ROBUST_3,FP1-EXP0003-B-072-ROBUST_3-R5000-T3-U2-PD2500-6500,5000,3,2,2500,6500,800,3,6000,3901,26,3793,82,0,0,26,3901,18,19,481,1225,15,-520,78,1520,13,-96,526,1119,7,-2581,3214,6933,5,-2768,3349,7134,2,-6374,-6374,-2736,2,15,78,13,526,False
FP1-EXP0004-C-513-ROBUST_3-R5000-T3-U2-PD2500-6500-RB800-BU3-FL30000,513,ROBUST_3,FP1-EXP0003-B-072-ROBUST_3-R5000-T3-U2-PD2500-6500,5000,3,2,2500,6500,800,3,30000,3901,23,3793,85,0,0,23,3901,16,-13,270,1197,13,-520,78,681,12,-520,256,899,6,-2581,314,6535,4,-4375,-2768,3349,1,-2736,-2736,-2736,1,13,78,12,256,False
FP1-EXP0004-C-514-ROBUST_3-R5000-T3-U2-PD2500-6500-RB800-BU3-FL93000,514,ROBUST_3,FP1-EXP0003-B-072-ROBUST_3-R5000-T3-U2-PD2500-6500,5000,3,2,2500,6500,800,3,93000,3901,15,3800,86,0,0,15,3901,12,-326,202,1089,10,0,305,1115,9,-518,477,1119,5,314,356,3046,3,-4375,-236,2213,0,,,,0,10,305,9,477,False
FP1-EXP0004-C-515-ROBUST_3-R5000-T3-U2-PD2500-6500-RB800-BU3-FL185000,515,ROBUST_3,FP1-EXP0003-B-072-ROBUST_3-R5000-T3-U2-PD2500-6500,5000,3,2,2500,6500,800,3,185000,3901,5,3808,88,0,0,5,3901,4,-1931,-613,-326,2,-8438,-8438,-569,2,-8072,-8072,-622,2,-2581,-2581,-77,2,-4375,-4375,-779,0,,,,0,2,-8438,2,-8072,False
FP1-EXP0004-C-516-ROBUST_3-R5000-T3-U2-PD2500-6500-RB800-BU4-FL0,516,ROBUST_3,FP1-EXP0003-B-072-ROBUST_3-R5000-T3-U2-PD2500-6500,5000,3,2,2500,6500,800,4,0,3901,23,3793,85,0,0,23,3901,14,19,205,986,11,-277,78,2332,10,-277,620,1693,6,314,3214,6933,4,-3144,3349,7134,2,-6374,-6374,-3113,2,11,78,10,620,False
FP1-EXP0004-C-517-ROBUST_3-R5000-T3-U2-PD2500-6500-RB800-BU4-FL6000,517,ROBUST_3,FP1-EXP0003-B-072-ROBUST_3-R5000-T3-U2-PD2500-6500,5000,3,2,2500,6500,800,4,6000,3901,21,3795,85,0,0,21,3901,14,19,205,986,11,-277,78,2332,10,-277,620,1693,6,314,3214,6933,4,-3144,3349,7134,2,-6374,-6374,-3113,2,11,78,10,620,False
FP1-EXP0004-C-518-ROBUST_3-R5000-T3-U2-PD2500-6500-RB800-BU4-FL30000,518,ROBUST_3,FP1-EXP0003-B-072-ROBUST_3-R5000-T3-U2-PD2500-6500,5000,3,2,2500,6500,800,4,30000,3901,19,3795,87,0,0,19,3901,13,19,205,860,10,-277,-100,986,9,-277,620,1119,5,314,3214,5769,3,-3144,3349,7134,1,-3113,-3113,-3113,1,10,-100,9,620,False
FP1-EXP0004-C-519-ROBUST_3-R5000-T3-U2-PD2500-6500-RB800-BU4-FL93000,519,ROBUST_3,FP1-EXP0003-B-072-ROBUST_3-R5000-T3-U2-PD2500-6500,5000,3,2,2500,6500,800,4,93000,3901,10,3802,89,0,0,10,3901,8,-250,202,860,5,305,681,1115,5,477,1119,1808,4,314,356,2403,2,-236,-236,1611,0,,,,0,5,681,5,1119,False
FP1-EXP0004-C-520-ROBUST_3-R5000-T3-U2-PD2500-6500-RB800-BU4-FL185000,520,ROBUST_3,FP1-EXP0003-B-072-ROBUST_3-R5000-T3-U2-PD2500-6500,5000,3,2,2500,6500,800,4,185000,3901,3,3808,90,0,0,3,3901,3,-613,-326,860,1,-569,-569,-569,1,-622,-622,-622,1,-77,-77,-77,1,-779,-779,-779,0,,,,0,1,-569,1,-622,False
FP1-EXP0004-C-521-ROBUST_3-R5000-T3-U2-PD2500-6500-RB800-BU8-FL0,521,ROBUST_3,FP1-EXP0003-B-072-ROBUST_3-R5000-T3-U2-PD2500-6500,5000,3,2,2500,6500,800,8,0,3901,6,3804,91,0,0,6,3901,4,-613,-214,0,5,-133,250,483,4,-622,-338,826,3,-77,-10,4047,1,-779,-779,-779,0,,,,0,5,250,4,-338,False
FP1-EXP0004-C-522-ROBUST_3-R5000-T3-U2-PD2500-6500-RB800-BU8-FL6000,522,ROBUST_3,FP1-EXP0003-B-072-ROBUST_3-R5000-T3-U2-PD2500-6500,5000,3,2,2500,6500,800,8,6000,3901,6,3804,91,0,0,6,3901,4,-613,-214,0,5,-133,250,483,4,-622,-338,826,3,-77,-10,4047,1,-779,-779,-779,0,,,,0,5,250,4,-338,False
FP1-EXP0004-C-523-ROBUST_3-R5000-T3-U2-PD2500-6500-RB800-BU8-FL30000,523,ROBUST_3,FP1-EXP0003-B-072-ROBUST_3-R5000-T3-U2-PD2500-6500,5000,3,2,2500,6500,800,8,30000,3901,5,3805,91,0,0,5,3901,4,-613,-214,0,5,-133,250,483,4,-622,-338,826,3,-77,-10,4047,1,-779,-779,-779,0,,,,0,5,250,4,-338,False
FP1-EXP0004-C-524-ROBUST_3-R5000-T3-U2-PD2500-6500-RB800-BU8-FL93000,524,ROBUST_3,FP1-EXP0003-B-072-ROBUST_3-R5000-T3-U2-PD2500-6500,5000,3,2,2500,6500,800,8,93000,3901,4,3806,91,0,0,4,3901,4,-613,-214,80,4,-569,250,410,4,-622,-338,-327,3,-394,-77,4047,1,-779,-779,-779,0,,,,0,4,250,4,-338,False
FP1-EXP0004-C-525-ROBUST_3-R5000-T3-U2-PD2500-6500-RB800-BU8-FL185000,525,ROBUST_3,FP1-EXP0003-B-072-ROBUST_3-R5000-T3-U2-PD2500-6500,5000,3,2,2500,6500,800,8,185000,3901,1,3809,91,0,0,1,3901,1,-613,-613,-613,1,-569,-569,-569,1,-622,-622,-622,1,-77,-77,-77,1,-779,-779,-779,0,,,,0,1,-569,1,-622,False
FP1-EXP0004-C-526-ROBUST_3-R5000-T3-U2-PD2500-6500-RB2300-BU1-FL0,526,ROBUST_3,FP1-EXP0003-B-072-ROBUST_3-R5000-T3-U2-PD2500-6500,5000,3,2,2500,6500,2300,1,0,3901,38,3788,75,0,0,38,3901,21,1,1089,2010,19,22,917,2557,15,-83,826,3154,9,-10,4198,5607,7,-2772,1017,6787,2,-9015,-9015,-7769,2,19,917,15,826,True
FP1-EXP0004-C-527-ROBUST_3-R5000-T3-U2-PD2500-6500-RB2300-BU1-FL6000,527,ROBUST_3,FP1-EXP0003-B-072-ROBUST_3-R5000-T3-U2-PD2500-6500,5000,3,2,2500,6500,2300,1,6000,3901,31,3791,79,0,0,31,3901,17,0,703,2010,13,22,483,997,12,-83,748,1412,8,-201,1121,5607,6,-2772,5,6787,2,-9251,-9251,-7769,2,13,483,12,748,False
FP1-EXP0004-C-528-ROBUST_3-R5000-T3-U2-PD2500-6500-RB2300-BU1-FL30000,528,ROBUST_3,FP1-EXP0003-B-072-ROBUST_3-R5000-T3-U2-PD2500-6500,5000,3,2,2500,6500,2300,1,30000,3901,21,3797,83,0,0,21,3901,14,-14,124,1276,10,22,483,1261,9,-83,587,960,5,-10,1121,4950,3,-2772,5,4527,0,,,,0,10,483,9,587,False
FP1-EXP0004-C-529-ROBUST_3-R5000-T3-U2-PD2500-6500-RB2300-BU1-FL93000,529,ROBUST_3,FP1-EXP0003-B-072-ROBUST_3-R5000-T3-U2-PD2500-6500,5000,3,2,2500,6500,2300,1,93000,3901,14,3801,86,0,0,14,3901,11,80,788,1276,8,144,410,692,7,-518,79,2420,5,356,1121,3046,3,-2772,-236,2213,0,,,,0,8,410,7,79,False
FP1-EXP0004-C-530-ROBUST_3-R5000-T3-U2-PD2500-6500-RB2300-BU1-FL185000,530,ROBUST_3,FP1-EXP0003-B-072-ROBUST_3-R5000-T3-U2-PD2500-6500,5000,3,2,2500,6500,2300,1,185000,3901,5,3808,88,0,0,5,3901,4,-1931,-613,-326,2,-8438,-8438,-569,2,-8072,-8072,-622,2,-2581,-2581,-77,2,-4375,-4375,-779,0,,,,0,2,-8438,2,-8072,False
FP1-EXP0004-C-531-ROBUST_3-R5000-T3-U2-PD2500-6500-RB2300-BU2-FL0,531,ROBUST_3,FP1-EXP0003-B-072-ROBUST_3-R5000-T3-U2-PD2500-6500,5000,3,2,2500,6500,2300,2,0,3901,29,3793,79,0,0,29,3901,17,-14,703,1863,12,-153,483,1581,11,-83,748,1412,7,-201,1121,4950,5,-2772,5,4527,2,-9251,-9251,-8235,2,12,483,11,748,False
FP1-EXP0004-C-532-ROBUST_3-R5000-T3-U2-PD2500-6500-RB2300-BU2-FL6000,532,ROBUST_3,FP1-EXP0003-B-072-ROBUST_3-R5000-T3-U2-PD2500-6500,5000,3,2,2500,6500,2300,2,6000,3901,25,3796,80,0,0,25,3901,15,-52,703,1863,10,-153,483,1581,9,79,748,1213,7,-201,1121,4950,5,-2772,5,4527,2,-9251,-9251,-8235,2,10,483,9,748,False
FP1-EXP0004-C-533-ROBUST_3-R5000-T3-U2-PD2500-6500-RB2300-BU2-FL30000,533,ROBUST_3,FP1-EXP0003-B-072-ROBUST_3-R5000-T3-U2-PD2500-6500,5000,3,2,2500,6500,2300,2,30000,3901,19,3798,84,0,0,19,3901,12,-52,703,1216,8,274,636,917,7,79,587,1412,5,-10,1121,4950,3,-2772,5,4527,0,,,,0,8,636,7,587,False
FP1-EXP0004-C-534-ROBUST_3-R5000-T3-U2-PD2500-6500-RB2300-BU2-FL93000,534,ROBUST_3,FP1-EXP0003-B-072-ROBUST_3-R5000-T3-U2-PD2500-6500,5000,3,2,2500,6500,2300,2,93000,3901,14,3801,86,0,0,14,3901,11,80,788,1276,8,144,410,692,7,-518,79,2420,5,356,1121,3046,3,-2772,-236,2213,0,,,,0,8,410,7,79,False
FP1-EXP0004-C-535-ROBUST_3-R5000-T3-U2-PD2500-6500-RB2300-BU2-FL185000,535,ROBUST_3,FP1-EXP0003-B-072-ROBUST_3-R5000-T3-U2-PD2500-6500,5000,3,2,2500,6500,2300,2,185000,3901,5,3808,88,0,0,5,3901,4,-1931,-613,-326,2,-8438,-8438,-569,2,-8072,-8072,-622,2,-2581,-2581,-77,2,-4375,-4375,-779,0,,,,0,2,-8438,2,-8072,False
FP1-EXP0004-C-536-ROBUST_3-R5000-T3-U2-PD2500-6500-RB2300-BU3-FL0,536,ROBUST_3,FP1-EXP0003-B-072-ROBUST_3-R5000-T3-U2-PD2500-6500,5000,3,2,2500,6500,2300,3,0,3901,20,3798,83,0,0,20,3901,16,-250,124,1089,11,-153,636,1374,9,-518,526,1412,6,-10,356,6535,4,-4375,-236,1170,1,-7978,-7978,-7978,1,11,636,9,526,False
FP1-EXP0004-C-537-ROBUST_3-R5000-T3-U2-PD2500-6500-RB2300-BU3-FL6000,537,ROBUST_3,FP1-EXP0003-B-072-ROBUST_3-R5000-T3-U2-PD2500-6500,5000,3,2,2500,6500,2300,3,6000,3901,16,3800,85,0,0,16,3901,13,0,703,1216,9,305,636,917,7,-518,526,1412,5,-10,356,4950,3,-4375,-236,4527,0,,,,0,9,636,7,526,False
FP1-EXP0004-C-538-ROBUST_3-R5000-T3-U2-PD2500-6500-RB2300-BU3-FL30000,538,ROBUST_3,FP1-EXP0003-B-072-ROBUST_3-R5000-T3-U2-PD2500-6500,5000,3,2,2500,6500,2300,3,30000,3901,15,3800,86,0,0,15,3901,12,-250,202,1089,8,305,636,917,7,-518,526,1412,5,-10,356,4950,3,-4375,-236,4527,0,,,,0,8,636,7,526,False
FP1-EXP0004-C-539-ROBUST_3-R5000-T3-U2-PD2500-6500-RB2300-BU3-FL93000,539,ROBUST_3,FP1-EXP0003-B-072-ROBUST_3-R5000-T3-U2-PD2500-6500,5000,3,2,2500,6500,2300,3,93000,3901,13,3802,86,0,0,13,3901,11,-250,202,1216,8,144,410,692,7,-518,79,2420,5,-394,356,3046,3,-4375,-236,2213,0,,,,0,8,410,7,79,False
FP1-EXP0004-C-540-ROBUST_3-R5000-T3-U2-PD2500-6500-RB2300-BU3-FL185000,540,ROBUST_3,FP1-EXP0003-B-072-ROBUST_3-R5000-T3-U2-PD2500-6500,5000,3,2,2500,6500,2300,3,185000,3901,5,3808,88,0,0,5,3901,4,-1931,-613,-326,2,-8438,-8438,-569,2,-8072,-8072,-622,2,-2581,-2581,-77,2,-4375,-4375,-779,0,,,,0,2,-8438,2,-8072,False
FP1-EXP0004-C-541-ROBUST_3-R5000-T3-U2-PD2500-6500-RB2300-BU4-FL0,541,ROBUST_3,FP1-EXP0003-B-072-ROBUST_3-R5000-T3-U2-PD2500-6500,5000,3,2,2500,6500,2300,4,0,3901,15,3799,87,0,0,15,3901,11,-250,124,860,7,-220,483,692,7,-321,122,1009,5,356,4387,5769,3,-236,1730,4013,1,-8364,-8364,-8364,1,7,483,7,122,False
FP1-EXP0004-C-542-ROBUST_3-R5000-T3-U2-PD2500-6500-RB2300-BU4-FL6000,542,ROBUST_3,FP1-EXP0003-B-072-ROBUST_3-R5000-T3-U2-PD2500-6500,5000,3,2,2500,6500,2300,4,6000,3901,13,3800,88,0,0,13,3901,10,-80,124,860,6,305,483,692,6,-321,79,1009,4,-10,356,4387,2,-236,-236,4013,0,,,,0,6,483,6,79,False
FP1-EXP0004-C-543-ROBUST_3-R5000-T3-U2-PD2500-6500-RB2300-BU4-FL30000,543,ROBUST_3,FP1-EXP0003-B-072-ROBUST_3-R5000-T3-U2-PD2500-6500,5000,3,2,2500,6500,2300,4,30000,3901,12,3800,89,0,0,12,3901,10,-80,124,860,6,305,483,692,6,-321,79,1009,4,-10,356,4387,2,-236,-236,4013,0,,,,0,6,483,6,79,False
FP1-EXP0004-C-544-ROBUST_3-R5000-T3-U2-PD2500-6500-RB2300-BU4-FL93000,544,ROBUST_3,FP1-EXP0003-B-072-ROBUST_3-R5000-T3-U2-PD2500-6500,5000,3,2,2500,6500,2300,4,93000,3901,10,3802,89,0,0,10,3901,8,-250,144,860,5,305,410,692,5,-327,79,1808,4,-394,356,2403,2,-236,-236,1611,0,,,,0,5,410,5,79,False
FP1-EXP0004-C-545-ROBUST_3-R5000-T3-U2-PD2500-6500-RB2300-BU4-FL185000,545,ROBUST_3,FP1-EXP0003-B-072-ROBUST_3-R5000-T3-U2-PD2500-6500,5000,3,2,2500,6500,2300,4,185000,3901,3,3808,90,0,0,3,3901,3,-613,-326,860,1,-569,-569,-569,1,-622,-622,-622,1,-77,-77,-77,1,-779,-779,-779,0,,,,0,1,-569,1,-622,False
FP1-EXP0004-C-546-ROBUST_3-R5000-T3-U2-PD2500-6500-RB2300-BU8-FL0,546,ROBUST_3,FP1-EXP0003-B-072-ROBUST_3-R5000-T3-U2-PD2500-6500,5000,3,2,2500,6500,2300,8,0,3901,5,3805,91,0,0,5,3901,4,-613,-214,0,4,-569,250,483,4,-622,-338,826,3,-77,-10,4047,1,-779,-779,-779,0,,,,0,4,250,4,-338,False
FP1-EXP0004-C-547-ROBUST_3-R5000-T3-U2-PD2500-6500-RB2300-BU8-FL6000,547,ROBUST_3,FP1-EXP0003-B-072-ROBUST_3-R5000-T3-U2-PD2500-6500,5000,3,2,2500,6500,2300,8,6000,3901,5,3805,91,0,0,5,3901,4,-613,-214,0,4,-569,250,483,4,-622,-338,826,3,-77,-10,4047,1,-779,-779,-779,0,,,,0,4,250,4,-338,False
FP1-EXP0004-C-548-ROBUST_3-R5000-T3-U2-PD2500-6500-RB2300-BU8-FL30000,548,ROBUST_3,FP1-EXP0003-B-072-ROBUST_3-R5000-T3-U2-PD2500-6500,5000,3,2,2500,6500,2300,8,30000,3901,4,3806,91,0,0,4,3901,4,-613,-214,0,4,-569,250,483,4,-622,-338,826,3,-77,-10,4047,1,-779,-779,-779,0,,,,0,4,250,4,-338,False
FP1-EXP0004-C-549-ROBUST_3-R5000-T3-U2-PD2500-6500-RB2300-BU8-FL93000,549,ROBUST_3,FP1-EXP0003-B-072-ROBUST_3-R5000-T3-U2-PD2500-6500,5000,3,2,2500,6500,2300,8,93000,3901,4,3806,91,0,0,4,3901,4,-613,-214,80,4,-569,250,410,4,-622,-338,-327,3,-394,-77,4047,1,-779,-779,-779,0,,,,0,4,250,4,-338,False
FP1-EXP0004-C-550-ROBUST_3-R5000-T3-U2-PD2500-6500-RB2300-BU8-FL185000,550,ROBUST_3,FP1-EXP0003-B-072-ROBUST_3-R5000-T3-U2-PD2500-6500,5000,3,2,2500,6500,2300,8,185000,3901,1,3809,91,0,0,1,3901,1,-613,-613,-613,1,-569,-569,-569,1,-622,-622,-622,1,-77,-77,-77,1,-779,-779,-779,0,,,,0,1,-569,1,-622,False
FP1-EXP0004-C-551-ROBUST_3-R5000-T3-U2-PD2500-6500-RB7300-BU1-FL0,551,ROBUST_3,FP1-EXP0003-B-072-ROBUST_3-R5000-T3-U2-PD2500-6500,5000,3,2,2500,6500,7300,1,0,3901,16,3802,83,0,0,16,3901,9,-1260,-14,727,8,-1570,22,3017,8,-728,-27,2486,4,-2581,-137,553,4,-6773,-4375,-193,2,-9307,-9307,-8235,2,8,22,8,-27,False
FP1-EXP0004-C-552-ROBUST_3-R5000-T3-U2-PD2500-6500-RB7300-BU1-FL6000,552,ROBUST_3,FP1-EXP0003-B-072-ROBUST_3-R5000-T3-U2-PD2500-6500,5000,3,2,2500,6500,7300,1,6000,3901,11,3804,86,0,0,11,3901,7,-1931,-14,727,7,-1570,22,3017,7,-728,-27,2486,4,-2581,-137,553,4,-6773,-4375,-193,2,-9307,-9307,-8235,2,7,22,7,-27,False
FP1-EXP0004-C-553-ROBUST_3-R5000-T3-U2-PD2500-6500-RB7300-BU1-FL30000,553,ROBUST_3,FP1-EXP0003-B-072-ROBUST_3-R5000-T3-U2-PD2500-6500,5000,3,2,2500,6500,7300,1,30000,3901,8,3805,88,0,0,8,3901,5,-90,-14,727,5,-1570,22,173,5,-83,-27,960,2,-2581,-2581,553,2,-4375,-4375,-193,0,,,,0,5,22,5,-27,False
FP1-EXP0004-C-554-ROBUST_3-R5000-T3-U2-PD2500-6500-RB7300-BU1-FL93000,554,ROBUST_3,FP1-EXP0003-B-072-ROBUST_3-R5000-T3-U2-PD2500-6500,5000,3,2,2500,6500,7300,1,93000,3901,5,3807,89,0,0,5,3901,4,-1931,-90,788,4,-8438,173,636,3,-8072,-27,526,2,-2581,-2581,553,2,-4375,-4375,-193,0,,,,0,4,173,3,-27,False
FP1-EXP0004-C-555-ROBUST_3-R5000-T3-U2-PD2500-6500-RB7300-BU1-FL185000,555,ROBUST_3,FP1-EXP0003-B-072-ROBUST_3-R5000-T3-U2-PD2500-6500,5000,3,2,2500,6500,7300,1,185000,3901,2,3809,90,0,0,2,3901,2,-1931,-1931,-613,2,-8438,-8438,-569,2,-8072,-8072,-622,2,-2581,-2581,-77,2,-4375,-4375,-779,0,,,,0,2,-8438,2,-8072,False
FP1-EXP0004-C-556-ROBUST_3-R5000-T3-U2-PD2500-6500-RB7300-BU2-FL0,556,ROBUST_3,FP1-EXP0003-B-072-ROBUST_3-R5000-T3-U2-PD2500-6500,5000,3,2,2500,6500,7300,2,0,3901,12,3803,86,0,0,12,3901,8,-1931,-14,727,7,-1570,22,1581,7,-728,-27,2486,3,-2581,553,3755,3,-4375,-193,13129,1,-8235,-8235,-8235,1,7,22,7,-27,False
FP1-EXP0004-C-557-ROBUST_3-R5000-T3-U2-PD2500-6500-RB7300-BU2-FL6000,557,ROBUST_3,FP1-EXP0003-B-072-ROBUST_3-R5000-T3-U2-PD2500-6500,5000,3,2,2500,6500,7300,2,6000,3901,9,3805,87,0,0,9,3901,6,-1931,-90,727,5,-1570,-188,173,5,-728,-27,1213,3,-2581,553,3755,3,-4375,-193,13129,1,-8235,-8235,-8235,1,5,-188,5,-27,False
FP1-EXP0004-C-558-ROBUST_3-R5000-T3-U2-PD2500-6500-RB7300-BU2-FL30000,558,ROBUST_3,FP1-EXP0003-B-072-ROBUST_3-R5000-T3-U2-PD2500-6500,5000,3,2,2500,6500,7300,2,30000,3901,7,3806,88,0,0,7,3901,4,-1931,-90,727,4,-8438,-1570,173,4,-8072,-27,526,2,-2581,-2581,553,2,-4375,-4375,-193,0,,,,0,4,-1570,4,-27,False
FP1-EXP0004-C-559-ROBUST_3-R5000-T3-U2-PD2500-6500-RB7300-BU2-FL93000,559,ROBUST_3,FP1-EXP0003-B-072-ROBUST_3-R5000-T3-U2-PD2500-6500,5000,3,2,2500,6500,7300,2,93000,3901,5,3807,89,0,0,5,3901,4,-1931,-90,788,4,-8438,173,636,3,-8072,-27,526,2,-2581,-2581,553,2,-4375,-4375,-193,0,,,,0,4,173,3,-27,False
FP1-EXP0004-C-560-ROBUST_3-R5000-T3-U2-PD2500-6500-RB7300-BU2-FL185000,560,ROBUST_3,FP1-EXP0003-B-072-ROBUST_3-R5000-T3-U2-PD2500-6500,5000,3,2,2500,6500,7300,2,185000,3901,2,3809,90,0,0,2,3901,2,-1931,-1931,-613,2,-8438,-8438,-569,2,-8072,-8072,-622,2,-2581,-2581,-77,2,-4375,-4375,-779,0,,,,0,2,-8438,2,-8072,False
FP1-EXP0004-C-561-ROBUST_3-R5000-T3-U2-PD2500-6500-RB7300-BU3-FL0,561,ROBUST_3,FP1-EXP0003-B-072-ROBUST_3-R5000-T3-U2-PD2500-6500,5000,3,2,2500,6500,7300,3,0,3901,10,3804,87,0,0,10,3901,7,-1823,-10,727,6,-1570,-398,636,6,-3126,-27,2486,3,-2581,553,17021,3,-4375,-193,1170,1,-7978,-7978,-7978,1,6,-398,6,-27,False
FP1-EXP0004-C-562-ROBUST_3-R5000-T3-U2-PD2500-6500-RB7300-BU3-FL6000,562,ROBUST_3,FP1-EXP0003-B-072-ROBUST_3-R5000-T3-U2-PD2500-6500,5000,3,2,2500,6500,7300,3,6000,3901,6,3806,89,0,0,6,3901,4,-1931,-90,727,4,-8438,-1570,173,4,-8072,-27,526,2,-2581,-2581,553,2,-4375,-4375,-193,0,,,,0,4,-1570,4,-27,False
FP1-EXP0004-C-563-ROBUST_3-R5000-T3-U2-PD2500-6500-RB7300-BU3-FL30000,563,ROBUST_3,FP1-EXP0003-B-072-ROBUST_3-R5000-T3-U2-PD2500-6500,5000,3,2,2500,6500,7300,3,30000,3901,6,3806,89,0,0,6,3901,4,-1931,-90,727,4,-8438,-1570,173,4,-8072,-27,526,2,-2581,-2581,553,2,-4375,-4375,-193,0,,,,0,4,-1570,4,-27,False
FP1-EXP0004-C-564-ROBUST_3-R5000-T3-U2-PD2500-6500-RB7300-BU3-FL93000,564,ROBUST_3,FP1-EXP0003-B-072-ROBUST_3-R5000-T3-U2-PD2500-6500,5000,3,2,2500,6500,7300,3,93000,3901,5,3807,89,0,0,5,3901,4,-1931,-90,788,4,-8438,173,636,3,-8072,-27,526,2,-2581,-2581,553,2,-4375,-4375,-193,0,,,,0,4,173,3,-27,False
FP1-EXP0004-C-565-ROBUST_3-R5000-T3-U2-PD2500-6500-RB7300-BU3-FL185000,565,ROBUST_3,FP1-EXP0003-B-072-ROBUST_3-R5000-T3-U2-PD2500-6500,5000,3,2,2500,6500,7300,3,185000,3901,2,3809,90,0,0,2,3901,2,-1931,-1931,-613,2,-8438,-8438,-569,2,-8072,-8072,-622,2,-2581,-2581,-77,2,-4375,-4375,-779,0,,,,0,2,-8438,2,-8072,False
FP1-EXP0004-C-566-ROBUST_3-R5000-T3-U2-PD2500-6500-RB7300-BU4-FL0,566,ROBUST_3,FP1-EXP0003-B-072-ROBUST_3-R5000-T3-U2-PD2500-6500,5000,3,2,2500,6500,7300,4,0,3901,7,3805,89,0,0,7,3901,4,-2137,-90,-80,4,-809,-220,173,3,-321,-27,122,2,553,553,8711,2,-193,-193,1730,1,-8364,-8364,-8364,1,4,-220,3,-27,False
FP1-EXP0004-C-567-ROBUST_3-R5000-T3-U2-PD2500-6500-RB7300-BU4-FL6000,567,ROBUST_3,FP1-EXP0003-B-072-ROBUST_3-R5000-T3-U2-PD2500-6500,5000,3,2,2500,6500,7300,4,6000,3901,5,3806,90,0,0,5,3901,3,-90,-80,2580,3,-220,173,2936,2,-321,-321,-27,1,553,553,553,1,-193,-193,-193,0,,,,0,3,173,2,-321,False
FP1-EXP0004-C-568-ROBUST_3-R5000-T3-U2-PD2500-6500-RB7300-BU4-FL30000,568,ROBUST_3,FP1-EXP0003-B-072-ROBUST_3-R5000-T3-U2-PD2500-6500,5000,3,2,2500,6500,7300,4,30000,3901,5,3806,90,0,0,5,3901,3,-90,-80,2580,3,-220,173,2936,2,-321,-321,-27,1,553,553,553,1,-193,-193,-193,0,,,,0,3,173,2,-321,False
FP1-EXP0004-C-569-ROBUST_3-R5000-T3-U2-PD2500-6500-RB7300-BU4-FL93000,569,ROBUST_3,FP1-EXP0003-B-072-ROBUST_3-R5000-T3-U2-PD2500-6500,5000,3,2,2500,6500,7300,4,93000,3901,4,3807,90,0,0,4,3901,2,-90,-90,1219,2,173,173,1034,1,-27,-27,-27,1,553,553,553,1,-193,-193,-193,0,,,,0,2,173,1,-27,False
FP1-EXP0004-C-570-ROBUST_3-R5000-T3-U2-PD2500-6500-RB7300-BU4-FL185000,570,ROBUST_3,FP1-EXP0003-B-072-ROBUST_3-R5000-T3-U2-PD2500-6500,5000,3,2,2500,6500,7300,4,185000,3901,1,3809,91,0,0,1,3901,1,-613,-613,-613,1,-569,-569,-569,1,-622,-622,-622,1,-77,-77,-77,1,-779,-779,-779,0,,,,0,1,-569,1,-622,False
FP1-EXP0004-C-571-ROBUST_3-R5000-T3-U2-PD2500-6500-RB7300-BU8-FL0,571,ROBUST_3,FP1-EXP0003-B-072-ROBUST_3-R5000-T3-U2-PD2500-6500,5000,3,2,2500,6500,7300,8,0,3901,3,3807,91,0,0,3,3901,2,-613,-613,161,2,-569,-569,-7,1,-622,-622,-622,1,-77,-77,-77,1,-779,-779,-779,0,,,,0,2,-569,1,-622,False
FP1-EXP0004-C-572-ROBUST_3-R5000-T3-U2-PD2500-6500-RB7300-BU8-FL6000,572,ROBUST_3,FP1-EXP0003-B-072-ROBUST_3-R5000-T3-U2-PD2500-6500,5000,3,2,2500,6500,7300,8,6000,3901,3,3807,91,0,0,3,3901,2,-613,-613,161,2,-569,-569,-7,1,-622,-622,-622,1,-77,-77,-77,1,-779,-779,-779,0,,,,0,2,-569,1,-622,False
FP1-EXP0004-C-573-ROBUST_3-R5000-T3-U2-PD2500-6500-RB7300-BU8-FL30000,573,ROBUST_3,FP1-EXP0003-B-072-ROBUST_3-R5000-T3-U2-PD2500-6500,5000,3,2,2500,6500,7300,8,30000,3901,2,3808,91,0,0,2,3901,2,-613,-613,161,2,-569,-569,-7,1,-622,-622,-622,1,-77,-77,-77,1,-779,-779,-779,0,,,,0,2,-569,1,-622,False
FP1-EXP0004-C-574-ROBUST_3-R5000-T3-U2-PD2500-6500-RB7300-BU8-FL93000,574,ROBUST_3,FP1-EXP0003-B-072-ROBUST_3-R5000-T3-U2-PD2500-6500,5000,3,2,2500,6500,7300,8,93000,3901,2,3808,91,0,0,2,3901,2,-613,-613,161,2,-569,-569,-7,1,-622,-622,-622,1,-77,-77,-77,1,-779,-779,-779,0,,,,0,2,-569,1,-622,False
FP1-EXP0004-C-575-ROBUST_3-R5000-T3-U2-PD2500-6500-RB7300-BU8-FL185000,575,ROBUST_3,FP1-EXP0003-B-072-ROBUST_3-R5000-T3-U2-PD2500-6500,5000,3,2,2500,6500,7300,8,185000,3901,1,3809,91,0,0,1,3901,1,-613,-613,-613,1,-569,-569,-569,1,-622,-622,-622,1,-77,-77,-77,1,-779,-779,-779,0,,,,0,1,-569,1,-622,False
FP1-EXP0004-C-576-ROBUST_3-R5000-T3-U2-PD2500-6500-RB20700-BU1-FL0,576,ROBUST_3,FP1-EXP0003-B-072-ROBUST_3-R5000-T3-U2-PD2500-6500,5000,3,2,2500,6500,20700,1,0,3901,6,3807,88,0,0,6,3901,5,-16,-14,923,5,-124,22,3017,4,-1340,-83,2221,1,14053,14053,14053,1,4464,4464,4464,1,-7788,-7788,-7788,1,5,22,4,-83,False
FP1-EXP0004-C-577-ROBUST_3-R5000-T3-U2-PD2500-6500-RB20700-BU1-FL6000,577,ROBUST_3,FP1-EXP0003-B-072-ROBUST_3-R5000-T3-U2-PD2500-6500,5000,3,2,2500,6500,20700,1,6000,3901,3,3808,90,0,0,3,3901,2,-14,-14,2010,2,22,22,3017,2,-83,-83,2519,0,,,,0,,,,0,,,,0,2,22,2,-83,False
FP1-EXP0004-C-578-ROBUST_3-R5000-T3-U2-PD2500-6500-RB20700-BU1-FL30000,578,ROBUST_3,FP1-EXP0003-B-072-ROBUST_3-R5000-T3-U2-PD2500-6500,5000,3,2,2500,6500,20700,1,30000,3901,3,3808,90,0,0,3,3901,2,-14,-14,1415,2,22,22,1261,2,-83,-83,960,0,,,,0,,,,0,,,,0,2,22,2,-83,False
FP1-EXP0004-C-579-ROBUST_3-R5000-T3-U2-PD2500-6500-RB20700-BU1-FL93000,579,ROBUST_3,FP1-EXP0003-B-072-ROBUST_3-R5000-T3-U2-PD2500-6500,5000,3,2,2500,6500,20700,1,93000,3901,1,3810,90,0,0,1,3901,1,788,788,788,1,636,636,636,1,526,526,526,0,,,,0,,,,0,,,,0,1,636,1,526,False
FP1-EXP0004-C-580-ROBUST_3-R5000-T3-U2-PD2500-6500-RB20700-BU1-FL185000,580,ROBUST_3,FP1-EXP0003-B-072-ROBUST_3-R5000-T3-U2-PD2500-6500,5000,3,2,2500,6500,20700,1,185000,3901,0,3810,91,0,0,0,3901,0,,,,0,,,,0,,,,0,,,,0,,,,0,,,,0,0,,0,,False
FP1-EXP0004-C-581-ROBUST_3-R5000-T3-U2-PD2500-6500-RB20700-BU2-FL0,581,ROBUST_3,FP1-EXP0003-B-072-ROBUST_3-R5000-T3-U2-PD2500-6500,5000,3,2,2500,6500,20700,2,0,3901,5,3808,88,0,0,5,3901,4,-16,-14,923,4,-124,22,1581,4,-1340,-83,1213,1,14053,14053,14053,1,4464,4464,4464,1,-7788,-7788,-7788,1,4,22,4,-83,False
FP1-EXP0004-C-582-ROBUST_3-R5000-T3-U2-PD2500-6500-RB20700-BU2-FL6000,582,ROBUST_3,FP1-EXP0003-B-072-ROBUST_3-R5000-T3-U2-PD2500-6500,5000,3,2,2500,6500,20700,2,6000,3901,2,3809,90,0,0,2,3901,1,2225,2225,2225,1,1581,1581,1581,1,1213,1213,1213,0,,,,0,,,,0,,,,0,1,1581,1,1213,True
FP1-EXP0004-C-583-ROBUST_3-R5000-T3-U2-PD2500-6500-RB20700-BU2-FL30000,583,ROBUST_3,FP1-EXP0003-B-072-ROBUST_3-R5000-T3-U2-PD2500-6500,5000,3,2,2500,6500,20700,2,30000,3901,2,3809,90,0,0,2,3901,1,788,788,788,1,636,636,636,1,526,526,526,0,,,,0,,,,0,,,,0,1,636,1,526,False
FP1-EXP0004-C-584-ROBUST_3-R5000-T3-U2-PD2500-6500-RB20700-BU2-FL93000,584,ROBUST_3,FP1-EXP0003-B-072-ROBUST_3-R5000-T3-U2-PD2500-6500,5000,3,2,2500,6500,20700,2,93000,3901,1,3810,90,0,0,1,3901,1,788,788,788,1,636,636,636,1,526,526,526,0,,,,0,,,,0,,,,0,1,636,1,526,False
FP1-EXP0004-C-585-ROBUST_3-R5000-T3-U2-PD2500-6500-RB20700-BU2-FL185000,585,ROBUST_3,FP1-EXP0003-B-072-ROBUST_3-R5000-T3-U2-PD2500-6500,5000,3,2,2500,6500,20700,2,185000,3901,0,3810,91,0,0,0,3901,0,,,,0,,,,0,,,,0,,,,0,,,,0,,,,0,0,,0,,False
FP1-EXP0004-C-586-ROBUST_3-R5000-T3-U2-PD2500-6500-RB20700-BU3-FL0,586,ROBUST_3,FP1-EXP0003-B-072-ROBUST_3-R5000-T3-U2-PD2500-6500,5000,3,2,2500,6500,20700,3,0,3901,5,3808,88,0,0,5,3901,3,-1823,-16,788,3,-398,636,3942,3,-3126,526,2221,1,14053,14053,14053,1,4464,4464,4464,1,-7788,-7788,-7788,1,3,636,3,526,False
FP1-EXP0004-C-587-ROBUST_3-R5000-T3-U2-PD2500-6500-RB20700-BU3-FL6000,587,ROBUST_3,FP1-EXP0003-B-072-ROBUST_3-R5000-T3-U2-PD2500-6500,5000,3,2,2500,6500,20700,3,6000,3901,2,3809,90,0,0,2,3901,1,788,788,788,1,636,636,636,1,526,526,526,0,,,,0,,,,0,,,,0,1,636,1,526,False
FP1-EXP0004-C-588-ROBUST_3-R5000-T3-U2-PD2500-6500-RB20700-BU3-FL30000,588,ROBUST_3,FP1-EXP0003-B-072-ROBUST_3-R5000-T3-U2-PD2500-6500,5000,3,2,2500,6500,20700,3,30000,3901,2,3809,90,0,0,2,3901,1,788,788,788,1,636,636,636,1,526,526,526,0,,,,0,,,,0,,,,0,1,636,1,526,False
FP1-EXP0004-C-589-ROBUST_3-R5000-T3-U2-PD2500-6500-RB20700-BU3-FL93000,589,ROBUST_3,FP1-EXP0003-B-072-ROBUST_3-R5000-T3-U2-PD2500-6500,5000,3,2,2500,6500,20700,3,93000,3901,1,3810,90,0,0,1,3901,1,788,788,788,1,636,636,636,1,526,526,526,0,,,,0,,,,0,,,,0,1,636,1,526,False
FP1-EXP0004-C-590-ROBUST_3-R5000-T3-U2-PD2500-6500-RB20700-BU3-FL185000,590,ROBUST_3,FP1-EXP0003-B-072-ROBUST_3-R5000-T3-U2-PD2500-6500,5000,3,2,2500,6500,20700,3,185000,3901,0,3810,91,0,0,0,3901,0,,,,0,,,,0,,,,0,,,,0,,,,0,,,,0,0,,0,,False
FP1-EXP0004-C-591-ROBUST_3-R5000-T3-U2-PD2500-6500-RB20700-BU4-FL0,591,ROBUST_3,FP1-EXP0003-B-072-ROBUST_3-R5000-T3-U2-PD2500-6500,5000,3,2,2500,6500,20700,4,0,3901,4,3808,89,0,0,4,3901,1,-80,-80,-80,2,-280,-280,-220,2,-321,-321,-134,1,-5307,-5307,-5307,1,-6991,-6991,-6991,1,-9467,-9467,-9467,1,2,-280,2,-321,False
FP1-EXP0004-C-592-ROBUST_3-R5000-T3-U2-PD2500-6500-RB20700-BU4-FL6000,592,ROBUST_3,FP1-EXP0003-B-072-ROBUST_3-R5000-T3-U2-PD2500-6500,5000,3,2,2500,6500,20700,4,6000,3901,2,3809,90,0,0,2,3901,1,-80,-80,-80,1,-220,-220,-220,1,-321,-321,-321,0,,,,0,,,,0,,,,0,1,-220,1,-321,False
FP1-EXP0004-C-593-ROBUST_3-R5000-T3-U2-PD2500-6500-RB20700-BU4-FL30000,593,ROBUST_3,FP1-EXP0003-B-072-ROBUST_3-R5000-T3-U2-PD2500-6500,5000,3,2,2500,6500,20700,4,30000,3901,2,3809,90,0,0,2,3901,1,-80,-80,-80,1,-220,-220,-220,1,-321,-321,-321,0,,,,0,,,,0,,,,0,1,-220,1,-321,False
FP1-EXP0004-C-594-ROBUST_3-R5000-T3-U2-PD2500-6500-RB20700-BU4-FL93000,594,ROBUST_3,FP1-EXP0003-B-072-ROBUST_3-R5000-T3-U2-PD2500-6500,5000,3,2,2500,6500,20700,4,93000,3901,1,3810,90,0,0,1,3901,0,,,,0,,,,0,,,,0,,,,0,,,,0,,,,0,0,,0,,False
FP1-EXP0004-C-595-ROBUST_3-R5000-T3-U2-PD2500-6500-RB20700-BU4-FL185000,595,ROBUST_3,FP1-EXP0003-B-072-ROBUST_3-R5000-T3-U2-PD2500-6500,5000,3,2,2500,6500,20700,4,185000,3901,0,3810,91,0,0,0,3901,0,,,,0,,,,0,,,,0,,,,0,,,,0,,,,0,0,,0,,False
FP1-EXP0004-C-596-ROBUST_3-R5000-T3-U2-PD2500-6500-RB20700-BU8-FL0,596,ROBUST_3,FP1-EXP0003-B-072-ROBUST_3-R5000-T3-U2-PD2500-6500,5000,3,2,2500,6500,20700,8,0,3901,1,3809,91,0,0,1,3901,0,,,,0,,,,0,,,,0,,,,0,,,,0,,,,0,0,,0,,False
FP1-EXP0004-C-597-ROBUST_3-R5000-T3-U2-PD2500-6500-RB20700-BU8-FL6000,597,ROBUST_3,FP1-EXP0003-B-072-ROBUST_3-R5000-T3-U2-PD2500-6500,5000,3,2,2500,6500,20700,8,6000,3901,1,3809,91,0,0,1,3901,0,,,,0,,,,0,,,,0,,,,0,,,,0,,,,0,0,,0,,False
FP1-EXP0004-C-598-ROBUST_3-R5000-T3-U2-PD2500-6500-RB20700-BU8-FL30000,598,ROBUST_3,FP1-EXP0003-B-072-ROBUST_3-R5000-T3-U2-PD2500-6500,5000,3,2,2500,6500,20700,8,30000,3901,0,3810,91,0,0,0,3901,0,,,,0,,,,0,,,,0,,,,0,,,,0,,,,0,0,,0,,False
FP1-EXP0004-C-599-ROBUST_3-R5000-T3-U2-PD2500-6500-RB20700-BU8-FL93000,599,ROBUST_3,FP1-EXP0003-B-072-ROBUST_3-R5000-T3-U2-PD2500-6500,5000,3,2,2500,6500,20700,8,93000,3901,0,3810,91,0,0,0,3901,0,,,,0,,,,0,,,,0,,,,0,,,,0,,,,0,0,,0,,False
FP1-EXP0004-C-600-ROBUST_3-R5000-T3-U2-PD2500-6500-RB20700-BU8-FL185000,600,ROBUST_3,FP1-EXP0003-B-072-ROBUST_3-R5000-T3-U2-PD2500-6500,5000,3,2,2500,6500,20700,8,185000,3901,0,3810,91,0,0,0,3901,0,,,,0,,,,0,,,,0,,,,0,,,,0,,,,0,0,,0,,False
