mint,events_available,states_in_entry_window,has_observation_after_entry_window,gap_event_count,first_trade_pump_timestamp_delta_ms,max_return_from_t0_bps,max_drawdown_depth_bps,max_trades_since_t0,max_unique_buyers_since_t0,max_total_volume_since_t0_lamports,max_3s_buys,max_3s_sells,max_3s_net_flow_lamports,max_3s_price_change_bps,max_10s_trades,max_10s_volume_lamports,time_segment,first_tradable_observed_at_us
24qjbbQ6Z28bVVFChRt8PfRQi36Q5w8kpRAhzDT2pump,1,1,False,0,0,0,0,1,0,35905499,0,1,-35905499,0,1,35905499,10,1787078016873189
D3CZDkRhK578EYZ4sXuGQT5SiPTcjRbWTHFtLcfLpump,8,7,False,0,870760,5392,0,7,7,8337844094,6,0,8328987646,5385,6,8328987646,10,1787077664760086
2F6EXXSJPWmFcT5WZMgMwtVwPEzyoeqELLBeGkt19yaq,1,1,False,0,845274,0,0,1,0,804828142,0,1,-804828142,0,1,804828142,10,1787077638274675
FHNAWXNnVyhCRkMaxyeVKTHrvJD9TEQkdz54uzXyH5Ui,1,1,False,0,842875,0,0,1,0,990589398,0,1,-990589398,0,1,990589398,10,1787077635875727
8tMnE8SMA86oVnwF7mfQzKgkrMb9B4fH6bYwT81bpump,1,1,False,0,811665,0,0,1,1,737989966,1,0,737989966,0,1,737989966,10,1787077603665235
ErxeYzaKJbD48uf1Hp3bN97PUh5SpsyTHpTGUujypump,4,4,False,0,805525,427,0,4,4,1634856065,3,0,1585326595,394,4,1634856065,10,1787077596525624
CQNpNCHbmEUhmTB7xsYgRmGKWpj4LB3CU1EnEs6upump,84,83,False,0,789358,37939,2052,83,60,105411118405,8,3,15812410639,6475,20,32277672176,10,1787077580358260
D7LhFQJt24gVM1QTKGS25tSrgXgsZAq57StpkZdupump,7,6,False,0,789251,1962,1089,6,3,7387260868,3,2,5403850245,1962,3,5403850245,10,1787077580251849
8SxVsvd3CS8GheiCWDQgg9oK8jPimufvy8PMjpcbpump,1,1,False,0,766067,0,0,1,1,987654320,1,0,987654320,0,1,987654320,10,1787077556067613
7TGno7LGF4mJHT1mvBMsthaEmavcKM5H8ojXCVcJpump,2,2,False,0,721428,62,0,2,1,322937668,1,1,312768273,0,1,312768273,10,1787077509428195
AxFT1YGrrf4NKb7eg99iW3vMhWQMEamk2DJLKGYnpump,1,1,False,0,697405,0,0,1,0,144044597,0,1,-144044597,0,1,144044597,10,1787077483405654
8pGvyeMVv9kwGN265xrmUiJ5bFRTbyxPDfP3ELnJpump,1,1,False,0,684771,0,0,1,0,381963734,0,1,-381963734,0,1,381963734,10,1787077469771867
68zfuMUEqq4A7mdDqoQQvTsUn6zLvYQkafw787K2FBze,22,21,False,0,677288,2398,4342,21,11,22227295946,4,2,9697283947,2210,5,9894814810,10,1787077462288248
FLp9ohj7Lye6JpoB5FLdoETAKHdHDZm5Vk7ZAxYRpump,4,3,False,0,674906,56,0,3,3,1074585096,3,0,1074585096,56,3,1074585096,10,1787077459906458
9ULnHREJdBvzYjesUhm46A6EfwmMj1yMPuoEJYVDBpkZ,12,11,False,0,673326,1817,896,11,7,5088992194,7,2,3550385361,1817,8,4567626337,10,1787077457326750
5RKCoUbp5HKPJR49svNs53emqU2ffWmvA53ceWs6pump,1,1,False,0,668669,0,0,1,0,348797865,0,1,-348797865,0,1,348797865,10,1787077452669996
6sCLdjJp1BGy5DmMLkFYCv6Aeu82Y9iqSNhNwfWKpump,8,7,False,0,663297,520,261,7,5,1195288976,5,2,790123452,520,5,790123452,10,1787077447297487
CnanqtomBVJnT1MXAhoQLE1NuAdhpFqyd9r2DyDzpump,1,1,False,0,653683,0,0,1,1,1975308641,1,0,1975308641,0,1,1975308641,10,1787077436683872
2GeLRyHhF7pWHQZVMrrB8RQJ6skNbkNxToh1ipzKpump,1,1,False,0,628132,0,0,1,0,84092795,0,1,-84092795,0,1,84092795,10,1787077410132685
B6FgnQMU4VZKrC3fxVJfQ9MbaUBBn6XCsXg4mRUFpump,1,1,False,0,621510,0,0,1,0,483680495,0,1,-483680495,0,1,483680495,10,1787077402510282
EZ1CJhJA7HVqbV3nLDsuB2pk9X5fjjLieBySe6fcSuYj,1,1,False,0,614015,0,0,1,0,1372113311,0,1,-1372113311,0,1,1372113311,10,1787077395015711
4UeoZ7ufmdLv5ZNpoYCX4Cnud9LuLpHJyyvZwRbpgGSW,9,8,False,0,566764,2704,2535,8,5,9674508344,3,1,3922745000,0,5,5947082256,10,1787077344764076
Dx1qqmSFoJ8Fko2xcUpYbQ95eYfzkKhqGxcrZVoFpump,189,184,True,0,564138,16413,4761,184,91,115119363430,17,7,12315946603,4796,27,19305754786,10,1787077342138999
4ddtVZbrQ1JivaA9rT9YxafyXwRbjYkXq7gfhPs8DQ4V,1,1,False,0,564121,0,0,1,1,25000001,1,0,25000001,0,1,25000001,10,1787077342121982
89RSsU93dKCLW2rnvexmzzVwwo8xkF41nT7VA1VWpump,8,7,False,0,528787,532,1431,7,4,5558455660,2,1,2154547543,500,3,2408915332,10,1787077304787732
65ZfvDHPXnZxUpGYxruAaMWRjus4i4eo6dGPd9Rppump,6,5,False,0,514921,54,1224,5,3,4056453169,3,1,2032560631,54,3,2032560631,10,1787077289921593
7GysKgQyT6nr4KhNM4J9cVQreTie45rLf9SKuxXSeDF7,7,6,False,0,509695,2704,2535,6,4,9654755261,4,1,4785640524,2704,5,5947082256,10,1787077283695018
B5CrrbdHp2rTxycmbwAy4tdLwxk2FeUFzsSoPer5pump,1,1,False,0,478471,0,0,1,0,103296321,0,1,-103296321,0,1,103296321,10,1787077250471105
H4oVAFf8Uor3G3rwuHMmACqaY1HMRVSeDg4zk8nzpump,1,1,False,0,454501,0,0,1,0,27346749,0,1,-27346749,0,1,27346749,10,1787077225501636
ADWtiF1roQR2LXkV7UB3pBRXuh5hCWfp6zF8tRvLStxo,7,6,False,0,452203,2704,2554,6,3,9595128306,2,1,4785640524,2704,3,5877946456,10,1787077223203697
24ciaAuJ9gYHFiBGo9umfXTLcnZv2DGZ29qW2uZWpump,22,19,True,0,448471,1988,1747,19,4,7069758903,4,3,3959467691,1988,4,3959467691,10,1787077218471561
8YBBhovjGX1EpZ6jJqKHamhqn3c6SBc2dmmGwX43pump,1,1,False,0,443884,0,0,1,0,29629628,0,1,-29629628,0,1,29629628,10,1787077212884611
4YQchgMod9WqHCVJmbduGr4vG5QrLXJqfrsTTmkapump,12,11,False,0,443810,1608,2429,11,5,9695686723,3,3,4280000000,1476,4,4477530863,10,1787077212810324
99Eqt9f1pDiBfaRQJUpxMcbLMHgyGtSLj5Nbgmj7HSzo,1,1,False,0,441054,0,0,1,0,200000000,0,1,-200000000,0,1,200000000,10,1787077210054368
3z1aun6tqmGGD75w23DLcQawy655xMgPJTgmRy2cpump,1,1,False,0,432839,0,0,1,0,740624999,0,1,-740624999,0,1,740624999,10,1787077201839475
GN8cnxehow6suzvczfM2ZzangFMRSxFQUL4Yt36gpump,2,1,False,0,427350,0,0,1,1,800125018,1,0,800125018,0,1,800125018,10,1787077195350679
J3BLJyPNMV1YHtqn81wUjTq4KsB3mFD8WKez44EJpump,2,1,False,0,425904,0,0,1,1,493827159,1,0,493827159,0,1,493827159,10,1787077192904630
FYocWZxfrGyqAXmLAatXws6zb56pbY2gZUa3KqVpQEk2,9,8,False,0,419209,2012,2104,8,5,7880283295,4,2,3825858486,2012,6,5002825143,10,1787077186209268
3NDr1uLVdeNQKpdHasDC3SpQb1A2w3QEQ9x9fwSNpump,2,1,True,0,413022,0,0,1,0,485587063,0,1,-485587063,0,1,485587063,10,1787077180022098
ETMYJeCNgm3HW63Z6fSz7Ks6U7KzVcrMWPdE1822pump,1,1,False,0,402593,0,0,1,0,89835746,0,1,-89835746,0,1,89835746,10,1787077168593967
HpQ7g272RNeDbeCfKEZrBdPJG6bTSHtBtsQddaoipump,1,1,False,0,395685,0,0,1,0,60280737,0,1,-60280737,0,1,60280737,10,1787077160685063
F1VET93pHMiaQbDQEefDfcAkGCQk3yTq7ihg5diCpump,1,1,False,0,395660,0,0,1,0,47058386,0,1,-47058386,0,1,47058386,10,1787077160660691
388MmbRP3mvHyiiNtL5mGcEN3cGrKibj8jUjvRo1yK9W,1,1,False,0,395614,0,0,1,0,885719491,0,1,-885719491,0,1,885719491,10,1787077160614547
3cRRwsW47pxYF2pbLKjGJhp1u2nBajfJLgTqeCaBpump,1,1,False,0,392248,0,0,1,0,16147257,0,1,-16147257,0,1,16147257,10,1787077156248769
4eo7RywxSifvBaorqKhr7JE5qYH4Ufc3BAX7NJEwoEuS,2,2,False,0,384238,0,190,2,0,745560518,0,1,-310606359,0,1,434954159,10,1787077148238519
kRSYfJiDDjbA5B6VtwweBG4RA8moGyTam6fGW5HvDja,9,9,False,0,377968,2026,0,9,9,4361802814,3,0,2130295948,664,3,2130295948,10,1787077140968799
oou2cQqU3kpWJ23BGMm4BuBbJ72nnEbrfHHioDzanxs,1,1,False,0,373248,0,0,1,0,85812282,0,1,-85812282,0,1,85812282,10,1787077136248613
4T1KogxQcpvNKRwr2zbsMbg6hxUp1XNCgPTZGTrBpump,1,1,False,0,371793,0,0,1,0,44754476,0,1,-44754476,0,1,44754476,10,1787077133793631
DnsP5EFLTVbFDhRpodTXXrHrW7Hz1LyQfNMgyHCFpump,2,2,False,0,369229,0,16,2,0,3001341621,0,2,-2976543179,0,2,3001341621,10,1787077131229674
Be3xxfigaYz4hVNzZ3KUyu26BhnQ6ABeGtx3YYLfrkSL,10,9,False,0,343383,2241,2161,9,5,8061098558,5,2,4147170651,2241,5,4147170651,10,1787077103383754
GyHaKaX8qYapyeXmUWYySnY3LZjuPe9B962VPbCipump,3,2,False,0,340628,1084,0,2,2,110857319,1,0,100015626,0,1,100015626,10,1787077100628018
AcRtEv1cj7HeegGqXo4AGkruMVaHgFbnTK1Ao8t6pump,56,30,True,0,340613,3921,7425,30,4,1049172724,2,2,120889442,1055,3,228902214,10,1787077100613561
468eVWi964Jy1SAFq1HJixr7erdTzTp9NKnKzKPYpump,1,1,False,0,338621,0,0,1,0,144304918,0,1,-144304918,0,1,144304918,10,1787077098621864
B9D5uDCxJmr9reRMoUdzvrS8sefwCDyQXGoTNNg3fgYw,2,2,False,0,309073,0,129,2,1,391111109,1,1,195555555,0,1,195555555,10,1787077067073986
2baicCwq8XaXZsni2jt9ofaBiNsCtFsjT5vHZUscpump,2,2,False,0,283432,0,994,2,1,240000001,1,1,120000001,0,1,120000001,10,1787077039432875
J4AUPKtYEqt5VHe8zWN72o7QzWt1wjVRyZxEbUDepump,6,5,False,0,272817,63,63,5,3,1095716200,2,2,900150647,0,2,900150647,10,1787077028817897
HNKCC9MRbADQZeud31YvyDapjjD1JENkwvEKSvvgpump,5,4,False,0,268896,472,0,4,3,956179658,2,0,493827159,129,3,706140592,10,1787077023896749
77oUtJndaiELNWWn7PD2cRtW4EMo3dsFFPmye75apump,1,1,False,0,262999,0,0,1,0,98765431,0,1,-98765431,0,1,98765431,10,1787077017999914
CEnCFYxux8H6gKUh6QMduyzAYxaPy3TQBZKy3hCVhoCQ,1,1,False,0,260566,0,0,1,0,41593564,0,1,-41593564,0,1,41593564,10,1787077015566437
61a3gXbmshsQFwBPpJZoe6SNzV4qm35ZCJxFtK4Jpump,1,1,False,0,253640,0,0,1,0,740624999,0,1,-740624999,0,1,740624999,10,1787077008640683
8aM5uquSuunJFo25zafzHr72AF4BTbWiz78rwYqpump,1,1,False,0,245663,0,0,1,1,314456620,1,0,314456620,0,1,314456620,10,1787076999663459
3S27EpFcXVMghvMxsBNKYsZ4sKug1pUsmY1fBXrBpump,1,1,False,0,244025,0,0,1,1,12813241,1,0,12813241,0,1,12813241,10,1787076997025113
FW4v33A3x7GTTDZBQxozWfPkxnJ3eowM3cye7uLNpump,1,1,False,0,241933,,0,1,0,0,0,1,0,,1,0,10,1787076994933369
Di1EMmx93SbFcWymKJAiW3h8PfSss7XbzDrH6Epgpump,1,1,False,0,241719,0,0,1,0,740624999,0,1,-740624999,0,1,740624999,10,1787076994719409
7VPDdPcjYp3h49sqMHtMtCppxqDhg8dDB1n5XLdppump,14,5,True,0,240468,1819,0,5,5,2979964672,3,0,2448504797,1159,4,2937393685,10,1787076993468615
34x9M7rcmv9ycDA8LdcX8cfmR7THWKPxX1zUxXX1pump,3,1,True,0,235336,0,0,1,0,220493920,0,1,-220493920,0,1,220493920,10,1787076988336740
7G5QwVrFkRu4QmDB3nAkqjxJFsBx9WYwm1eGBGmMpump,1,1,False,0,221566,0,0,1,1,491851851,1,0,491851851,0,1,491851851,10,1787076974566902
Au9ZAJ7nR3xtB9MXiUy57X4Z1x9RnyJGK5jkXMropump,9,6,True,0,211689,926,0,6,6,2235328764,2,0,1536918132,645,3,2025807020,10,1787076963689573
EoD9acf25KrHhJb7ime8nr3NyqDnf1stUMk3pyDZEmtS,11,9,True,0,209342,117,4896,9,5,26275879087,1,2,11851851851,1357,3,11998518517,10,1787076960342469
AssE3k56q7kSPZSSnrtxXpnDvDn4n5MuwCAhARVopump,8,7,False,0,209231,113,2692,7,4,11074593140,1,1,4938271604,499,2,4938271604,10,1787076960231170
BW7SPidghGfjYSCkVEGXTm2stHAhPLgm3sv9kVtBpump,4,3,True,0,205920,0,22,3,1,183221657,1,1,133109895,0,1,133109895,10,1787076956920968
BxaBbACnyDobzDzAGSDx6AwzoCexk4vx1SdpK6C5pump,1,1,False,0,198703,0,0,1,0,294007399,0,1,-294007399,0,1,294007399,10,1787076949703219
2wmaWULyFCsfSuBreB2z6Rvqqqqj2CfyamaVJjV6pump,1,1,False,0,193341,0,0,1,1,69701854,1,0,69701854,0,1,69701854,10,1787076943341810
7jJUtWKJziKAhF9WLmm8Sfni1Xcz82bsYiKPVEeqpump,2,1,True,0,188955,0,0,1,1,8948429,1,0,8948429,0,1,8948429,10,1787076937955256
DTv3pz8peeZkZdvoHxHvJ1JUhty6ts9SGvfC4kGzDnn8,3,3,False,0,188874,538,0,3,2,1892090002,1,0,985679011,0,2,1596415929,10,1787076937874263
FStDTDuGtYYBwVRZ18S6TYcoDiiEqVMiorrK89fqpump,1,1,False,0,170169,0,0,1,0,48888887,0,1,-48888887,0,1,48888887,10,1787076918169386
SndJGLp57MtRWUrDDhZGT2p4mxmMsV7eyDoQkgMpump,2,2,False,0,167573,0,859,2,0,2904866036,0,2,-1516587097,0,2,2904866036,10,1787076915573781
CDhGbKqXPEgh9PvwwwsVaPTJ7XwFh8Jpo7XzY6Zdpump,5,5,False,0,163184,1706,1732,5,3,6608978154,2,1,2962962961,1306,4,5588992994,10,1787076911184046
4guznapky4xswi8Qoc16HGf3k3hoFD7yEbKxEZyGpump,1,1,False,0,161754,0,0,1,0,5438561,0,1,-5438561,0,1,5438561,10,1787076908754179
HCnZgsFH45ZGR9irM6D5R2dTdFF2hcHBc9XeRXDcpump,1,1,False,0,158893,0,0,1,0,9876541,0,1,-9876541,0,1,9876541,10,1787076905893683
ByCuLLJYnaBXgDiQ7tpir9MDpNMtvDzjrQdf3JX1pump,78,33,True,0,156523,,0,33,5,0,2,2,0,,4,0,10,1787076903523423
V8pwrntDFeYXVDDSS3H5NygoudcHbToB8Q37mQFpump,2,1,True,0,146365,0,0,1,0,176446402,0,1,-176446402,0,1,176446402,10,1787076892365879
HQ9bG7FeTWVbFvKEvXonjHc5CJVjVFNXG8tveE9icyvZ,1,1,False,0,138466,0,0,1,1,147407406,1,0,147407406,0,1,147407406,10,1787076883466961
CpxmLWH1bN8Mddbj1WX583BoJrwAQTucvDFe6eBhpump,6,4,True,0,129978,180,4,4,3,2215056263,1,1,1783060921,0,2,1982989419,10,1787076873978195
5MHeqv63kDyREwMxGSbxG6w1tNR4jePekNMbP1NfNmca,1,1,False,0,127704,0,0,1,0,81846356,0,1,-81846356,0,1,81846356,10,1787076871704104
GtVFV7BQzhUtEeBW3Qr7pzw4hgw6xBhUGnKDPbWXpump,27,24,True,0,125900,215,4616,24,7,433238832,4,3,58202304,274,5,74065543,10,1787076869900846
PeBVYRsRQZAiUoSnBXXhX5E9HUgBZyDURWrerYcYgiz,12,2,True,0,117112,0,61,2,0,500044342,0,1,-150899032,0,1,349145310,10,1787076860112732
BrtFjxbryd56QRziBsN18qAcd9iRtrMuDZQF8DVH2ix4,11,10,False,0,110956,1,3753,10,4,16843156453,1,3,8000000000,499,4,8000987654,10,1787076852956403
BXrAJKpAcGJt2NACiXdt5wHwEi2KukWTAbgmjeKUpump,2,1,True,0,101123,0,0,1,0,72419657,0,1,-72419657,0,1,72419657,10,1787076843123845
EZG1FtAVKbvK7bFcUcvekGbx5MQyjzWQraEqJJeapump,8,6,True,0,81253,427,403,6,4,1926324177,3,1,646913577,228,4,1288888884,10,1787076822253485
9caYv4QJPXPNBG8ghnbLdXowyuVzfVkB8Y4a4umpump,1,1,False,0,72200,0,0,1,0,78715630,0,1,-78715630,0,1,78715630,10,1787076813200179
HYcZNR8fUdUFSAW2PmgivxuQU2avfUwX6XmeQKPepump,79,50,True,0,58197,10125,3318,50,23,70674669133,6,2,7171672062,1867,14,36520370531,10,1787076798197776
7De9qBYKGiqnJA3dU6Pv9sjZyvXecdZNfRK8dNtpump,1,1,False,0,55776,,0,1,0,0,0,1,0,,1,0,10,1787076795776241
CXt2iDWiovFYk4fTMnx5wEve98fQGfBgiqmfvVxHpump,7,4,True,0,51189,1083,0,4,4,2495937070,2,0,1410251089,49,2,1410251089,10,1787076791189570
AXF1HmVmXa2d7WJzANJpERtdTSegsw9kBHdgK3H1pump,1,1,False,0,49568,0,0,1,0,21405095,0,1,-21405095,0,1,21405095,10,1787076788568616
6pMDSx3dC9gAFgFyb19DgaBpdP2q1mv3w4Gj4sRn5n4X,7,2,True,0,46957,98,0,2,1,887291665,1,1,146666666,0,1,740624999,10,1787076785957575
4tDwumTUKbNMskmbYy31fTJ16a1Aeb9KszNWxsiNpump,25,6,True,0,41921,0,4278,6,1,29423906,1,1,8913563,0,1,8913563,10,1787076780921528
gRrXUqdki1PQ5UC7EP64v6wjUvEfftEN98VDHexpump,1,1,False,0,37706,0,0,1,1,196542,1,0,196542,0,1,196542,10,1787076776706717
43dbNPdxKfU3ZkJteR9U84dGGc4SkGcVDLjEzU3gpump,9,5,True,0,32860,0,149,5,0,292616336,0,1,-6258305,0,1,164217388,10,1787076770860729
8P3CGNvDiKnS2AeVq8UsYoKyNLRUg2Ym3RgZESpgpump,1,1,False,0,30813,0,0,1,0,100015619,0,1,-100015619,0,1,100015619,10,1787076768813863
BhK74qDZfCkrGQcCg2dDs7zzBHqfozanGWdCqaoFpump,1,1,False,0,28818,0,0,1,0,143291630,0,1,-143291630,0,1,143291630,10,1787076766818542
4abDctU61kwGd6DnTdBaoiMhqWigzKtzRnvvJSXjpump,1,1,False,0,25473,0,0,1,0,71339967,0,1,-71339967,0,1,71339967,10,1787076762473765
Vy4ubHnSteumfeo9wfTakoXgzuaARAu4JuQAuhFpump,2,2,False,0,25430,0,14,2,0,65393594,0,1,-23191720,0,1,42201874,10,1787076762430766
6GjaJ5K56DRhyv9P2x9piKPVywstfyj6wiqXTYxspump,154,98,True,0,24058,14691,1663,98,61,84850942370,7,3,11082226084,7719,12,21069257069,10,1787076761058765
3KmQM1KsU9s6GQtas4WqbpdinXnQJoviqP1zEh94pump,18,12,True,0,22113,3213,2459,12,7,14294817266,4,1,8770370368,3079,6,8968888885,10,1787076758113669
HxDaK1KV9z8thXN6qudgL9KY65X9zBsSZgekK6Hjpump,26,19,True,0,22042,,0,19,2,0,2,1,0,,2,0,10,1787076758042668
8NXGEqwWMNKxv4HuGyAB4tyuc6xDrb44TToRB2Ddpump,33,24,True,0,19603,702,1884,24,7,8700112736,3,6,990920717,367,10,4522172551,10,1787076755603301
HPympp8tJvsgGphbHy41MiB2R3eYezLgZoXRontGpump,21,6,True,0,19507,6,114,6,4,810003746,1,1,184023911,0,2,184023911,10,1787076755507302
HNsS8GcTpK77erjuHRMEXeE3aJ8zXhNywehLjfzDpump,27,25,True,0,18933,38642,8490,25,9,94384630066,9,4,47192315036,38642,11,51054464344,10,1787076753933559
2sgCEaV8PdZ4GTwYBLKPMABdmZvPrSPdpMhrdtT8pump,1,1,False,0,17814,0,0,1,0,105655948,0,1,-105655948,0,1,105655948,10,1787076752814768
6JrhJ1TqGga75G2iw8PzdXrJwqm7qunTjRAymsTipump,1,1,False,0,17733,0,0,1,0,1315695906,0,1,-1315695906,0,1,1315695906,10,1787076752733769
EzL6hy8z79dv674kGipoL8VnEokQ5931iMk6Hj2zcN15,3,2,True,0,17622,18,0,2,2,1068151663,1,0,985679011,0,1,985679011,10,1787076752622769
FX3KeFPPMcXB644Jg9rymb1Y1rs1aGD4CCGxxftqpump,1,1,False,0,17509,0,0,1,0,9376305,0,1,-9376305,0,1,9376305,10,1787076752509768
2chAqtRahMc2H4FbPsrBtjAYVNZzg9KTEfXRTeYSpump,1,1,False,0,17394,0,0,1,1,195555555,1,0,195555555,0,1,195555555,10,1787076752394767
5boMjDyxC7JFJNyJSpatdatWeFAjwHwSQfjcFT9jpump,5,5,False,0,15942,347,131,5,4,1337768931,3,1,818008003,347,4,1079130198,10,1787076750942013
Ht4jGHzj6ySM4EMvffNF4bY3iwKLvACETAyG5hwPpump,12,5,True,0,14909,266,18,5,4,502761173,2,1,371559000,0,2,371559000,10,1787076749909278
8SQ2kAo4oqmEwjgXgcLV8oib2Qo8w6KMhcLuAqhUpump,6,4,True,0,13667,0,257,4,0,966054772,0,1,-56607510,0,1,422168649,10,1787076748667756
mbsUkVJNN3n1docGZZxRAA2vT67j4b3i3Uv6g7dpump,2,2,False,0,13032,0,1,2,1,1824289,1,1,912145,0,2,1824289,10,1787076747032946
9ofSHjkKaBxkbZ6WtXPfrtTWZ739sMdtpSk3pdW4pump,2,1,True,0,11477,0,0,1,0,1051577034,0,1,-1051577034,0,1,1051577034,10,1787076745477206
J4xP2GWnTcXEPkDsumSbjU2sxaDYD7mebqxvxYicpump,13,12,False,0,11184,3987,2838,12,6,12170763650,6,3,6500130797,3987,11,10191952950,10,1787076744184625
AKgLZJ7ZKtSZJbHUTcsqGjNCeU5hdkahUbk8ZxBLpump,8,3,True,0,11135,510,502,3,1,51795718,1,1,21672747,0,1,21672747,10,1787076744135624
AmU1A4AHMXYZgo7oBWFKUNVFdD1RRL71DG44JhoApump,37,12,True,0,9908,954,5597,12,1,3864874844,1,1,524813471,0,1,649240037,10,1787076742908875
CHnFDNY7yjALt3UswGt4z7r4JaJ47v7nzXjJgrgbpump,1,1,False,0,9817,0,0,1,1,61662364,1,0,61662364,0,1,61662364,10,1787076742817880
DR5stLQ1REsfUmNxB6882NEmJuXVFLVad2Jetnw6pump,16,16,False,0,8566,,0,16,3,0,1,1,0,,3,0,10,1787076741566361
5H3yawFnDbCr9yGXtbp6SL7tQRKXQCQEBDki8XjCpump,31,24,True,0,8485,0,4002,24,1,13836464156,1,7,6587653,0,9,6648513753,10,1787076741485363
51XG8a5nVP1C6ussXiS5uhCN62qLfzQhpcxqZ1Bxpump,1,1,False,0,8426,,0,1,0,0,0,1,0,,1,0,10,1787076741426362
bqxeDEw8MtMvAra5RmfcMD7Nqz7vt18ZPzCHfxVpump,29,19,True,0,7154,1975,1748,19,7,10002986883,4,3,3959334443,1975,9,3959334443,10,1787076740154423
K5fvUGDgUJTCivcLbKyy7L7Msmd8x7rDYQkwUQfpump,7,2,True,0,7038,1,0,2,1,115010654,1,1,2000001,0,1,113010653,10,1787076740038422
5faGDXwbiBq5miEMyuv79tXd8oFMgpAFMXGA7Xexpump,22,12,True,0,6821,761,464,12,8,12587149110,2,1,3255023681,443,4,7872386954,10,1787076739821676
2UdWPq4SvnFrUJtcmdiHt54JbYTMkavd446LZdHDpump,8,3,True,0,6559,1656,3036,3,1,79517588,1,1,20214455,0,1,43196943,10,1787076738559451
FHhPcCkRZRbyaKQn6uN1Uf5jYadvnFzohGxjWmSHpump,25,13,True,0,6467,266,657,13,8,8139276431,2,3,987555556,139,4,4666081440,10,1787076738467446
6L23brf3xkaSsD5mpG49rkdYWpUF7Pb2pujhqJcLpump,18,2,True,0,5243,0,268,2,1,797185076,1,1,255533889,0,1,541651187,10,1787076737243715
4MSpPMLsCDGjo161D1BpnxDEtr1wTHNMiHSrev9upump,1,1,False,0,5035,0,0,1,0,28452538,0,1,-28452538,0,1,28452538,10,1787076737035198
Dipy9KTCX53GEjRpPxh3dn6Y6tcN7mrf3vL3To6Qpump,2,2,False,0,3823,0,1,2,1,2224451,1,1,1112226,0,2,2224451,10,1787076735823607
DQxaq3uzLZifBuKwyN33zZFqEgVe5A13Rtzm1SAFpump,8,3,True,0,4615,0,3544,3,1,130236457,1,1,35967115,0,1,54840631,10,1787076735615608
2VLVnUfyU4UNvbZCZUfVRLGJKQRJS9UQ5mRSswwgpump,30,12,True,0,4559,971,564,12,8,5045730608,1,1,1975308641,0,2,1975308641,10,1787076735559613
6VQxvirCSMXkidzYPaH8hheoujCx3qAwidbNe685pump,7,7,False,0,4541,7251,2616,7,1,397521081,1,1,48594226,0,2,193138314,10,1787076735541611
ukWSz1Bx9ZPeQCU5UcFmP1nuVuDw1YRXNkxEphRmHj4,1,1,False,0,4521,0,0,1,0,671604937,0,1,-671604937,0,1,671604937,10,1787076735521612
J9F3kEV4o3MNMDZ941k1pMv6dizd1LisSVj9uRGPpump,81,50,True,0,4480,811,2525,50,23,18595917444,4,6,3387333456,1158,11,4518043009,10,1787076735480607
DrkPf7FREMSJT3BubbLWzgr6eYZozXeQpdEKugBHpump,24,2,True,0,3205,0,2,2,1,31841235,1,1,20702970,0,1,20702970,10,1787076734205874
GDFGRFA98nsJYD9SYyWuk4YDXV73ffP211JKFRVZpump,39,17,True,0,3153,603,855,17,9,4310571111,2,2,987654320,143,4,987654320,10,1787076734153361
EVvmWSviacYbdi2HmywGMcsL72b3dps5JjXiduR3pump,81,46,True,0,2912,2174,7058,46,5,405338709,2,3,16317951,4137,6,67099561,10,1787076733912823
7qsyyPBvvVGayoNibVcaqNu5ePpg9ftxQUUxCpRKpump,39,16,True,0,2893,0,8045,16,2,709835216,1,1,79012344,0,3,191111260,10,1787076733893819
A1qj4xebzHwjM4gz9LqLGYWLkXyRJdZX6kEQqCCbpump,2,2,False,0,1797,127,0,2,1,205557290,1,1,196543209,0,2,205557290,10,1787076732797823
KjzjkuZ8r6BBkQBPNsgSGsmxppwFmPbrgWcnGpnpump,58,32,True,0,1649,12031,9023,32,9,1644248182,2,2,128317116,2039,4,488125161,10,1787076732649822
Fusiy3cT5ZTVkmFZyTQ1kLFDZ8otdcB8C4R1S8pC1S7L,19,18,True,0,1484,7759,6199,18,3,3384243310,2,3,537525421,2709,6,2220808719,10,1787076732484044
6nZgBu1Un7t9VcLkKN5PNMXSxEhYFLDsAwL6JeF1pump,1,1,False,0,2446,0,0,1,0,1044127,0,1,-1044127,0,1,1044127,10,1787076732446047
49bo69QPveB1wCWWgUQYfkMr299VZmTtctGfimuVTuUY,46,23,True,0,2365,132,3446,23,12,13304776935,4,5,2946050516,1661,5,7543557849,10,1787076732365043
5w2zL6fRKxxfBNu2nYC7EUFyeKreAYH9sWcJY1Bxpump,71,31,True,0,2356,,0,31,2,0,2,3,0,,5,0,10,1787076732356042
24qYt9vrVyp6T2EueAURGymF9MrpnDH6ceedMi9dpump,147,37,True,0,2349,21005,5743,37,6,2161555759,2,2,321596686,2712,6,437407101,10,1787076732349042
8Ra4Rbqfn3dDSzvVBWV9Qbxh95AzCNvJ3QPxLAAYF5yf,19,12,True,0,2291,305,993,12,3,2912293965,1,2,493827159,0,3,1698407017,10,1787076732291048
99vYtpjVMtRN2P6fKykci6ehtWnKM61ZcBLmbbV1pump,1,1,False,0,1230,0,0,1,0,14512845,0,1,-14512845,0,1,14512845,10,1787076731230011
8wDRMU2vkVjSgXQZ6mwF6uzH6cHtvTzxxL8AZ7Dbpump,1,1,False,0,1023,0,0,1,0,89123097,0,1,-89123097,0,1,89123097,10,1787076731023006
Egzjvops7QCrSpoLs1cbH9Jh78zxx2RfEu7HaVfypump,39,25,True,0,1007,641,629,25,5,4350840071,2,3,2013655431,611,8,2054059422,10,1787076731007007
FBPK8CoKzipKzVxE1KZbC98B4DMQ3qLeGtXgVy5tpump,1,1,False,0,977,0,0,1,0,8807398,0,1,-8807398,0,1,8807398,10,1787076730977008
24qYL6eQCpyN8WvBcVM6wUco7w14cvcYxw1koMtmpump,137,77,True,0,761,4832,8565,77,14,1153130332,3,3,98765431,4056,12,169367584,10,1787076730761884
EseYwg2iVJju6u3H4gE5bH8N9uWDqMsTWU8nAV1epump,140,75,True,0,714,16408,8579,75,9,16057298863,3,2,5264028337,3458,9,6703155234,10,1787076730714882
A6eQxu4uXKsEcLfX4Dy8rDzwLmqkACMaSfnMuU4Ppump,118,48,True,0,693,0,2672,48,25,19824841028,5,4,2868753692,861,11,8520192079,10,1787076730693883
H64hLpEnAAuHoKgzei5HFt217CEpmx9UPMoRtquCpump,1,1,False,0,687,0,0,1,0,64863406,0,1,-64863406,0,1,64863406,10,1787076730687883
CciwZdzuutzcihRxzZtX4n8s73q6WgDPktXPoZ7Wpump,92,71,True,0,661,0,1198,71,15,9638936411,8,5,1019578670,638,21,2377857724,10,1787076730661882
8kC6xAByh5KyDxrWH1Y9PWkWP3p3RVyfo14XzuQ3WN5M,1,1,False,0,553408,0,0,1,1,488888888,1,0,488888888,0,1,488888888,10,1787076027408792
Cau7ZY9fZn9GWYrjCMGiQuNr7fETQZUfcUve5wPiVDnh,1,1,False,0,554361,0,0,1,0,924332241,0,1,-924332241,0,1,924332241,10,1787076027361842
EVhtQSkjMHPwyTm6zpBQJR2ow9QyWxBP6mJEKV5Kpump,20,19,False,0,533517,5513,1045,19,14,17931974320,10,2,7871758356,3171,12,10187995555,10,1787076004517652
CaZu4YyRfVqMBynVd2o7LQeDQPGayu6oJQLV3QT7QKYU,6,5,False,0,529099,592,187,5,4,1453342511,4,1,1160493823,592,4,1160493823,10,1787076000099268
24qTzcFU4LHbnCD9jif6nrpn17M6XayF7C5CPVzZpump,8,7,False,0,529093,3218,4925,7,3,625311810,1,1,296250000,0,3,391583098,10,1787076000093754
8A8XE8AseWxQEGaaZ4Fw5eqitxThPcYSd9mDuF5Dpump,1,1,False,0,529087,0,0,1,1,493333333,1,0,493333333,0,1,493333333,10,1787076000087241
4fhMyvMaus6ujEhbt6VbS5Pnyf8CbvXWLJdW4JvZpump,1,1,False,0,528755,,0,1,1,0,1,0,0,,1,0,10,1787075997755261
CHRskLZjjcuETHRbyWNKvx4Mt333GuNHrZw1WJrLpump,2,1,False,0,523754,0,0,1,1,7840720,1,0,7840720,0,1,7840720,10,1787075990754537
EUF4Cetz7HzMV7stvk8SmY9rJhZx3ZLZcq5T4aDEpump,14,13,False,0,522317,6617,4348,13,6,1145780699,2,1,499065256,2100,5,768483151,10,1787075988317637
D59vie5vZirj2KQJ9N8qGpchJAWoi8v4ozp1gvygpump,1,1,False,0,522288,0,0,1,0,19436548,0,1,-19436548,0,1,19436548,10,1787075988288600
BewgSY6zvcEupzqRm8c9sN7ZHTF2m6d9Uyk9iZYBpump,6,5,False,0,519620,169,0,5,5,450907110,4,0,253376248,163,4,253376248,10,1787075983620514
FRBtgoEpYwX9sWoj3Z2KpE29QBFv6ubYafCHWtrupump,1,1,False,0,516295,0,0,1,1,98764,1,0,98764,0,1,98764,10,1787075979295198
EG3oUzy57mbCMaxtKXKRZcvNBmeCALjqpmvXfV71pump,6,5,False,0,514500,20,81,5,3,267805731,2,1,130000814,20,4,237988573,10,1787075976500841
9e8gnDsBka6uCgUju82pxhDcdnMVfYifXjN495YWpump,1,1,False,0,512614,0,0,1,1,12835905,1,0,12835905,0,1,12835905,10,1787075971614243
2ftPYD79z9EW67uK7b4K1H9JmoVdjJxD43fnxK4Apump,2,2,False,0,510796,0,320,2,0,1416837217,0,2,-922681516,0,2,1416837217,10,1787075968796474
Fs47a5ugFPHNGj3FNGVeh8Vfv4uPaAsc6CjQuNfepump,1,1,False,0,508348,0,0,1,0,3463666,0,1,-3463666,0,1,3463666,10,1787075966348583
5W4wTbCRQsC4oKUbvYA4xkvaRMETxitwoYi9NbT9aYg1,1,1,False,0,506918,0,0,1,1,1287712,1,0,1287712,0,1,1287712,10,1787075963918780
CRxxqEPLGwoST7noV76Nsfte2UgVN8XYixMhZbWSpump,2,2,False,0,504015,655,0,2,2,2013655431,2,0,2013655431,655,2,2013655431,10,1787075959015459
89g2tcdkwicNhppRinFEdifK4EDm2pcHBUTymcuTpump,1,1,False,0,498635,0,0,1,0,74789725,0,1,-74789725,0,1,74789725,10,1787075951635587
2vBhhhZtnmMyjrFqqTPGNu3JKyT31tmPiTymg4wgpump,14,13,False,0,496015,5,6055,13,3,1266990533,2,2,500078135,5050,4,500078135,10,1787075949015597
6crppbS8d8xQHeA6wbe1FwHL2TRcchPztfEWE6jkpump,46,45,False,0,482151,4729,8123,45,6,4480644719,3,3,576676269,3130,9,1542308106,10,1787075932151958
6qFcpEmZ9ggd5Hqn5GRL8umUrRh9ateNMKDKPhs7pump,51,50,False,0,479233,3232,9153,50,6,3368746145,4,3,723585553,9739,12,1336886506,10,1787075927233418
3MJU3RRDdA5ayFeX1dq7vnbqA8mBLMR9umz5GQgLpump,1,1,False,0,479231,0,0,1,0,348137656,0,1,-348137656,0,1,348137656,10,1787075927231418
2JbGQU9hj6taNRqPHGvniJ7tD2MSNVyuqFbWYSMfpump,1,1,False,0,476515,0,0,1,0,40921016,0,1,-40921016,0,1,40921016,10,1787075924515153
GubeDzpSydvXbP52bNLqXRKiGapnvB1JUobYM7j5pump,1,1,False,0,476514,0,0,1,0,466652139,0,1,-466652139,0,1,466652139,10,1787075924514151
6Ywgrn4tpunQ25YAoQyuZkjGpSL2TzDKoyQYYgrcpump,7,6,False,0,473277,679,232,6,5,1502038548,4,1,1041975304,679,4,1041975304,10,1787075919277470
8rgBCz31kFMX9t6owpwEZRauudeY3HXCLB1HJUTxtaKF,18,17,False,0,468832,6792,2944,17,5,4682304910,3,4,1183700000,4660,7,2338479478,10,1787075913832742
FEPGE8twpBKmJduyqUrsfcosNXb9iauH4SAjNTeNpump,1,1,False,0,462074,0,0,1,0,13724882,0,1,-13724882,0,1,13724882,10,1787075906074956
Hf5MDX7vCdXVbVdUeqMUe6bCGQU5uqygKevooXwqpump,1,1,False,0,460237,0,0,1,0,19417385,0,1,-19417385,0,1,19417385,10,1787075903237401
9N872gyHMcbZgVkVNLLti4m6WJo9Sam7imGGW89pump,1,1,False,0,447446,0,0,1,0,459197290,0,1,-459197290,0,1,459197290,10,1787075888446271
C983zsBpasUwhAj1s1ZA9DhF8ogyATxkjNe8uQxfpump,4,3,False,0,440664,178,0,3,3,276014096,1,0,245679011,0,1,245679011,10,1787075879664766
CJFyaCyjZ6dwscrLKZAiQ7AeXRFm74u4KgG17S3fUqSU,1,1,False,0,436432,0,0,1,0,739383864,0,1,-739383864,0,1,739383864,10,1787075875432028
HzgqDreTWWBvikLxHPVTM1cKbNyP1TWoPZMKxK1xrHac,1,1,False,0,429903,0,0,1,0,39381858,0,1,-39381858,0,1,39381858,10,1787075867903091
2dY1HxXdKtxoD2Nb973UiFFVSVzwSn2kHAQzwi6mpump,54,53,False,0,416384,18921,7778,53,6,7680577216,3,3,592592591,2967,9,2288314454,10,1787075852384831
DZ1w2NWZpFR4hGGSvFaVLTxWdWsB6Mpxumzg4Eiopump,1,1,False,0,407364,0,0,1,0,707861195,0,1,-707861195,0,1,707861195,10,1787075843364688
F8RWF26ffeeUgKFnG5XgkKbh1vzpQsrsXuGewq1Dpump,2,2,False,0,401212,0,234,2,0,1196286,0,2,-605276,0,2,1196286,10,1787075836212537
BRaxsZoYg6scR2hekHexTfgyLnpopySWqPLcW4o6pump,93,92,False,0,387440,5439,3976,92,56,41740943033,15,5,7039048778,3715,23,19781416612,10,1787075821440949
BuE9duiToFMfJ6q3wCn3d2KrzdrefqgN71kaTwtUpump,1,1,False,0,384970,0,0,1,0,55743715,0,1,-55743715,0,1,55743715,10,1787075818970422
EeYis5gvhm5KhtwetHC62uvBbZ1cerZNvoFasAPkpump,2,1,False,0,383588,0,0,1,1,1500234410,1,0,1500234410,0,1,1500234410,10,1787075817588473
HHEK9pFCXbK6GevCgBkTTzHdpdMCr1PwEFjioxh5pump,23,22,False,0,379865,2911,2866,22,12,12395613683,5,6,5523074535,2880,8,5565518978,10,1787075812865899
9RnvWbNFkuSmiPkACof4SWcJ679fCY3jDC6gvZxZpump,1,1,False,0,379823,0,0,1,0,897219243,0,1,-897219243,0,1,897219243,10,1787075812823794
Bf8inNx9RpCFRZbSrVHnLse3Bz3da8ea4kMzhtxxpump,4,4,False,0,370114,276,187,4,2,1273109276,2,1,836543209,303,2,836543209,10,1787075802114415
G6cyLHD84wq27a3vsz5Cv27nQEsZ1BxPZy4mZiEdFDpc,1,1,False,0,365803,0,0,1,0,661728393,0,1,-661728393,0,1,661728393,10,1787075797803732
C1M67zE9dxmrf8SDWPjrFE6PrSedYGqeqejnhv8Lpump,1,1,False,0,363138,0,0,1,0,999999999,0,1,-999999999,0,1,999999999,10,1787075795138313
H3Zo4YogAkrTMZAxtvEPFtBPeQhuDFShsWRZW5xHpump,1,1,False,0,349189,0,0,1,0,23593545,0,1,-23593545,0,1,23593545,10,1787075780189824
DmQLCaRESq57oG2UNpj8CDg55qk5E7e6AkKECbHNpump,1,1,False,0,319616,0,0,1,0,21459608,0,1,-21459608,0,1,21459608,10,1787075748616857
7ZURh5pqthsy8bf5iMA4XaiG7HcGPbSoc2z8eM8Dpump,5,4,True,0,314254,0,52,4,0,276922782,0,4,-198143978,0,4,276922782,10,1787075742254447
5TKLzmmgfPYUL6FqFJ7CYt6JEmvkjSBoe9hncqyfpump,2,2,False,0,309313,0,267,2,0,20163492,0,1,-7396489,0,1,12767003,10,1787075737313542
3o6W4NWhCteMYMe6cdJBqzb88fjsasdjCA4UgZFypump,2,2,False,0,298916,0,21,2,0,120718546,0,1,-60294427,0,1,60424119,10,1787075725916250
ANTNNteL2Y9aAH3QpfskEP9bA6nmCf3GcnEGGAGupump,1,1,False,0,289380,0,0,1,0,215147854,0,1,-215147854,0,1,215147854,10,1787075715380808
CHUyKXcdU6USovWmb4ikLQQn5uuev8h21hF9pKTgpump,1,1,False,0,274304,0,0,1,0,56928387,0,1,-56928387,0,1,56928387,10,1787075699304044
4Cq5i7ELg61b4hZi3NrgbJ4zudfnX2HtWzcWE3k4pump,17,13,True,0,267055,898,8077,13,2,1377759602,1,1,493827158,0,2,493827158,10,1787075692055657
ArKXtdcsf3aeZ5nshQ85t9rRyFmtnJz3w1ek4wTmHwsJ,6,5,False,0,264911,1466,5519,5,3,31604629624,1,1,11851851851,1360,2,13826851850,10,1787075689911562
4b788FNwvYeuysUxNdKTHQ6hdsrYj3gUe2d3qE88pump,176,136,True,0,264844,57100,6643,136,6,50716236402,11,3,5860382409,6552,20,20658099871,10,1787075689844937
GyW1EgMyxW8d1bZNWWxZjJdhdx1HzXgUAccGXTg9pump,36,32,True,0,262473,14299,6668,32,4,6670334992,2,2,879012343,3021,5,1765018817,10,1787075687473986
5yKHRzV1bnbXw1oEZWYsMS9dKd8Pd57ZYdMAKw7vpump,1,1,False,0,246985,0,0,1,0,254631560,0,1,-254631560,0,1,254631560,10,1787075669985152
CetseNCz6So4U3E4GG2nWpmwL9tBJXK56cvgvZH2K9Mh,1,1,False,0,233552,0,0,1,0,13192543,0,1,-13192543,0,1,13192543,10,1787075656552368
GZ6QrYCQqhWZJVshypJ7jCMhkhaYg3gCR69LcUQ7pump,1,1,False,0,214759,0,0,1,0,1400045,0,1,-1400045,0,1,1400045,10,1787075635759513
9EZoqpsVNqrniz49LzTX1xdxZY7byxpz7PrHmC5zpump,14,12,True,0,203956,4415,315,12,11,8671620207,5,1,3189497268,1410,8,5827156424,10,1787075624956613
GgZPG1q4hwenR1jPXYEoUcZ1x6Wfp5fh1gtBwHKApump,1,1,False,0,165564,0,0,1,1,11655307,1,0,11655307,0,1,11655307,10,1787075584564263
2hXJdbf1Dy6bkdYCPP839iSjj7pmhzWYzjAtLmqAnWs7,4,3,False,0,163629,0,4862,3,2,25678703701,1,1,11851851851,1360,2,13826851850,10,1787075582629775
AyPDUKiXCiJUhRuKhknsKP2U8UgwnyYVSoa5zbSRpump,15,13,True,0,161460,175,5750,13,5,33372405967,1,5,15802469135,0,7,16197530862,10,1787075580460822
AtWRb8wvXdaLzDNtCfS8grQkDewzTsKc37Q2wgWMpump,36,35,False,0,160014,8310,5973,35,10,37614853421,5,3,17275435980,8309,6,17276670547,10,1787075578014485
Cj4yFhy4jNymTqcRPCDrqgGF5dQQap82X62LDejrpump,50,49,False,0,142775,5239,4494,49,21,27931804395,11,8,8943324206,4140,14,10850584584,10,1787075558775954
dVoHZhxVXgg5LF7FoWC7WDAGAJArHC6wEANLLMrpump,27,24,True,0,140628,4341,5020,24,10,25814839509,8,4,12512412043,4341,11,16135952742,10,1787075556628178
DRxgQyzd7V2eaaxL278jaPvuUdBpB6WQnaM3QVoHpump,4,3,False,0,140623,0,2627,3,1,9876543206,1,1,4938271604,0,1,4938271604,10,1787075556623669
FAA2ddSX2h5Qpg2ptbGLsciEnrhX3G4Dhzn9J4m1pump,1,1,False,0,139191,0,0,1,0,42242206,0,1,-42242206,0,1,42242206,10,1787075554191028
GuFGBdwmTmVZfhQbArPKa1muVzk1hCJvXXq5xBX2pump,1,1,False,0,139175,0,0,1,0,169641919,0,1,-169641919,0,1,169641919,10,1787075554175655
FVypwdeDovpCS1pcbYveVEix56v7S1RX6g7Cntjhpump,1,1,False,0,140114,0,0,1,0,2021256,0,1,-2021256,0,1,2021256,10,1787075554114083
AncUjVVrrTsJEJ5Hg3FuDCV9hkWbvpoQDPVZ4FURpump,26,14,True,0,137671,2711,0,14,13,7501177620,6,0,2609210678,655,6,3400000002,10,1787075551671450
3RDE4b4da9sw6HEBn3iNT3Tt3Krg1VvPm7b1BfyXpump,1,1,False,0,137647,0,0,1,0,456443138,0,1,-456443138,0,1,456443138,10,1787075551647415
5YSmdm479Y61WebJANUc4qA3aZKNq3kcmNNpyBLhpump,1,1,False,0,138635,0,0,1,0,283666749,0,1,-283666749,0,1,283666749,10,1787075551635398
PnqzLyzBH2pb4sDMF63EYSLpb6Tr5UXpBBSdqKEpump,1,1,False,0,136341,0,0,1,0,627193232,0,1,-627193232,0,1,627193232,10,1787075549341506
G2pg2tKm1qah4uKY6dE26iEuPxmBMMFtZRSvU2qtpump,1,1,False,0,134114,0,0,1,0,70775473,0,1,-70775473,0,1,70775473,10,1787075545114953
GC2EQr5cjkW2r4CKrgwzJxopYt1wWTvnPYZkvoM12i4z,4,4,False,0,130153,0,1026,4,0,4694320985,0,4,-1932445638,0,4,4694320985,10,1787075540153949
7Ps68NVAxPzffbvpLPG7Y9XkT5bRjbUaPh6X11Espump,1,1,False,0,130139,0,0,1,0,1949781,0,1,-1949781,0,1,1949781,10,1787075540139444
3f5sNCXhDAbiz8NeCLqfMuuKAr1ioX9i7CtFN273pump,18,17,False,0,128811,10305,5175,17,3,1836609261,2,2,493827159,4248,5,607860622,10,1787075537811199
CDNNmy2ZS3kRstTavZPtPZrj5zArr5mQYG9buEN4pump,1,1,False,0,128792,0,0,1,0,55991058,0,1,-55991058,0,1,55991058,10,1787075537792671
5XeS8XS795aTbQw5pBLGsPSP2cMYG32LKxqi9nAPoZNL,1,1,False,0,128265,0,0,1,0,19417385,0,1,-19417385,0,1,19417385,10,1787075535265696
9vh92kwJt2TueKH5yjosdkU6U7vW5yg1771qSHr8pump,1,1,False,0,125840,0,0,1,1,197530863,1,0,197530863,0,1,197530863,10,1787075530840972
24qTdqh1XJkaQCYCpEGrBfvLE47jJZ8hQrgRK4g5pump,112,64,True,0,125838,4265,8920,64,9,6326516165,3,2,555069028,3138,8,1573299242,10,1787075530838973
Dj1C6x54BT7dWaopjj6KbudhJJ6v5HzMNeLKLCWKpump,2,1,True,0,125830,0,0,1,0,7602098,0,1,-7602098,0,1,7602098,10,1787075530830465
DNgoSm54mvNoUVfPKU6NmjH62YxrCKaVGuUk2Uc1pump,2,2,False,0,125278,0,244,2,1,2487332001,1,1,1975308641,0,1,1975308641,10,1787075528278377
EShAYDpWrBorZuoRWgUi2AZHpBoMSaasAWt8FvjC3ByA,1,1,False,0,123994,0,0,1,0,1975308640,0,1,-1975308640,0,1,1975308640,10,1787075525994436
DmKFzHmTFqnKqkWJBzEhUfNqPyENwBjwFVCFiz55pump,3,1,True,0,122475,0,0,1,1,987653,1,0,987653,0,1,987653,10,1787075523475976
H79oBnLgHACfSgZMCqahBgFtpAFkZdmUwsz8nKgWpump,1,1,False,0,120054,0,0,1,0,28875200,0,1,-28875200,0,1,28875200,10,1787075521054497
7daz5rMaLiUZvAvNeGBacEDWztKHKoeSLuVjrZwZpump,11,4,True,0,116945,0,2183,4,1,105665390,1,2,9796542,0,2,61798647,10,1787075515945853
7GZFGoStSuxHuHzMhL7MTSyXTRAmiEHsRSM4DrPAXL3f,1,1,False,0,116940,0,0,1,0,30159100,0,1,-30159100,0,1,30159100,10,1787075515940837
C2uQWiRQykbRHgXwehnpm7kQBBobg7ZhmwkcHFN9pump,3,2,True,0,114496,278,0,2,1,1611326372,1,1,493827159,0,1,1117499213,10,1787075511496263
5icdwMwcvc1j2GNXHSpRsrCmnyXfMc5d36ai9EzBpump,1,1,False,0,114478,0,0,1,0,11849348,0,1,-11849348,0,1,11849348,10,1787075511478759
PBci5T2yKXKYnAZdePM679aN3XfPhcjzYqZwodHpump,5,4,False,0,113120,7,7,4,2,21353373,1,2,9777777,0,2,19555553,10,1787075509120503
G4RD3cSR94crK7ZYSJERK6JVFCpQYFgsPutP8Vtpump,1,1,False,0,113113,0,0,1,0,2388363,0,1,-2388363,0,1,2388363,10,1787075509113444
ANV54inHuFLtovYbW2LAWZvgKwRtZRkcw2L9faw8pump,1,1,False,0,108893,0,0,1,0,233077590,0,1,-233077590,0,1,233077590,10,1787075503893784
3dDtBGsnUsBVPajTVaYUx7Ctpx9J1Q4Tpj1nqijsSaoZ,2,1,True,0,108888,0,0,1,1,9777777,1,0,9777777,0,1,9777777,10,1787075503888782
9iHUhaCZ4KywLo4Nm7rz8SnPtavK2Qngdubctafwpump,1,1,False,0,108855,0,0,1,0,250039066,0,1,-250039066,0,1,250039066,10,1787075503855397
HFBiadz9qtmtiFHmpS4RY6uKxRMaLJcXCho9t6kApump,1,1,False,0,108840,0,0,1,0,740624999,0,1,-740624999,0,1,740624999,10,1787075503840892
9S177eG4Vj4S4DkkdG3fJzMSbiMusCAPEsifoeN7pump,2,1,False,0,105668,0,0,1,1,39506171,1,0,39506171,0,1,39506171,10,1787075498668472
91LmKTWhPDRJfDQrySSJJRccVC2tqRbJmjnthr7Fpump,2,2,False,0,100773,0,2,2,0,2690278,0,2,-2638328,0,2,2690278,10,1787075490773356
A3tZFsKeSrdpUi8RUMzx9wEsvbut3vUbhte28qCNpump,1,1,False,0,96611,0,0,1,0,42721224,0,1,-42721224,0,1,42721224,10,1787075485611055
7Pbp8NC4ChScpweytXuf68NjARHgBRt4XiUeUVjEpump,1,1,False,0,96551,0,0,1,1,48888888,1,0,48888888,0,1,48888888,10,1787075485551654
3476h4NMJaVAEE8P1c396dBKguBcaiGUfAjv4ovZkRJN,1,1,False,0,94941,0,0,1,0,166573466,0,1,-166573466,0,1,166573466,10,1787075482941893
7y5FrogGb7BKdM4pD7UToWkRoJiY8ZVDmLjxxnvgpump,3,1,True,0,93060,0,0,1,1,9876542,1,0,9876542,0,1,9876542,10,1787075480060358
GoEUPw4XAY7xnWALHdmdvSo9ZZ5gog78bHZzkHwkpump,1,1,False,0,93044,0,0,1,0,5059457,0,1,-5059457,0,1,5059457,10,1787075480044754
43MA7FqaVT6hYKSZyK5LvWP2zwJgNPayjhN9KFZDpump,36,36,False,0,88982,25444,8825,36,10,270999041,4,4,49382715,5232,13,128569677,10,1787075474982679
HhDU3cBbsjU2CdEbvJA2pGJuuMP8324SFA3EobhZpump,1,1,False,0,89956,0,0,1,0,8738551,0,1,-8738551,0,1,8738551,10,1787075474956129
24qSzoohRodnTfjYgCWNeE1TSDvXcPeKZd48FGrLpump,3,3,False,0,89949,0,746,3,0,21018063,0,1,-3588599,0,2,13383602,10,1787075474949623
AXLwHWF3p7arQh5bYVedTb87yCFD15H9fZ1nc3Ffh1m4,4,4,False,0,87181,0,1323,4,0,2933333331,0,4,-727588858,0,4,2933333331,10,1787075472181426
5orYcs6TNvs3FymKCdrb7ueZ6fYZvYFbpeaZ6Hnwpump,34,28,True,0,87159,,0,28,3,0,2,3,0,,6,0,10,1787075472159401
8EnJjePVFYburXMekR8te4DzautjCmTUSYiURZfmpump,1,1,False,0,88152,0,0,1,0,924569509,0,1,-924569509,0,1,924569509,10,1787075472152887
6U2Sebj6bVmVJemAZQmmUEGPtsa4wD877AzhbUuupump,4,2,True,0,74783,0,861,2,0,5797406287,0,1,-2703756667,0,1,3093649620,10,1787075456783555
8zhxps4AVopErrn33FHSsjX3JdnoZWkGDV64abi5pump,1,1,False,0,74725,0,0,1,0,9876542,0,1,-9876542,0,1,9876542,10,1787075456725049
EswuGgXhNaC9JtsJZfTRiLCbSZAPecYGdeZmdeP2FU1x,2,2,False,0,70720,0,14,2,0,53580751,0,1,-20790740,0,1,32790011,10,1787075451720975
HTugdzVxqKC9JKxcbJkNgU5XjWy9reFDsBprsauupump,6,1,True,0,70694,0,0,1,0,344831289,0,1,-344831289,0,1,344831289,10,1787075451694394
F8pRz9Ex4njrgAGQ95utMBv9jR4maCwuJLfHGgftpump,1,1,False,0,48125,0,0,1,0,371774475,0,1,-371774475,0,1,371774475,10,1787075427125831
6Cyr8XEU9cr3nqrr5TS55R2eoKuMBFnDa9ZfvCzppump,7,3,True,0,45857,831,0,3,3,2416666911,2,0,1234567900,111,2,1234567900,10,1787075424857788
HLmNBcj8p4XT5P8bqQ7ukAuYAngw8ognkCXf7xkWpump,4,4,False,0,42137,0,1359,4,0,2933333332,0,4,-660019945,0,4,2933333332,10,1787075420137715
DMDY4WjX38ijbnHc6r2yJq9yjALjv5A3TQyxpAnmCHei,1,1,False,0,36662,0,0,1,0,145601999,0,1,-145601999,0,1,145601999,10,1787075410662548
68VpXuLLiTD2R2mKoM3v1ivuFSqF8aYEaqDA7B7Ppump,5,3,True,0,36629,10,6,3,2,60062575,1,1,29333333,0,1,29333333,10,1787075410629984
GyLS9mXH36mMeKs8yF4uRjiTPyVyrLP1muZbARqoJ2Eg,1,1,False,0,36625,0,0,1,0,740624999,0,1,-740624999,0,1,740624999,10,1787075410625462
83hRny8zHusrVZ2oocL5G8jbuKnLzKYTLKEjK2Acpump,7,3,True,0,34732,283,275,3,1,1169053540,1,1,312427936,283,2,675226382,10,1787075407732864
2DVqPwXwS6DghFa9UYvHMaJN8Gq9ysPNQdhPDNmGpump,386,232,True,0,34704,3876,9816,232,21,16253446642,11,9,1480631769,18080,40,2384342364,10,1787075407704314
4uwANpFmRdLoNJHRsW4Ev3tBHzxU6n2SzzaVrVWjuSsr,1,1,False,0,31807,0,0,1,0,199999999,0,1,-199999999,0,1,199999999,10,1787075404807488
3Et87r59AhUKag6i4g7uGEAPFScHfDJH5Tq29taLpump,10,3,True,0,31273,0,628,3,0,1124715749,0,1,-78547201,0,1,930643881,10,1787075402273781
EMuedahN6RHrMuoxgkhqmjC9Qaz63QbZp94DYhMipump,1,1,False,0,31264,0,0,1,0,740624999,0,1,-740624999,0,1,740624999,10,1787075402264421
39UJDWZdyhECADHvttJnowdxttVMWzxNma1rfP1epump,86,17,True,0,31237,1062,8006,17,2,149267008,2,2,49382715,2459,6,77315938,10,1787075402237330
AWqthmYvrf5MUG1WQ4RJQ8nSMCgk8tdyA658W4Kdpump,1,1,False,0,27329,0,0,1,0,97725574,0,1,-97725574,0,1,97725574,10,1787075397329524
9pi8H2kDjfi7iMMdW2G8d7VfBcm6sqrcPjt5PGuopump,6,2,True,0,24066,291,0,2,1,452070843,1,1,440000000,0,1,440000000,10,1787075393066817
GeQKPF7U1m2wjGGpoQgNpf6BmbKEZ3kRdRRaxW4mpump,1,1,False,0,23524,0,0,1,0,250039065,0,1,-250039065,0,1,250039065,10,1787075390524857
E8Hc2yEPn1oATBdoU9jiwoCQZcfLcwhPTVD5ATFkpump,1,1,False,0,23494,0,0,1,1,48888888,1,0,48888888,0,1,48888888,10,1787075390494593
9Juo3NXCWzGXzYdUvUAoUFBWCKPXRxYvu3pLRyhTpump,1,1,False,0,23474,0,0,1,0,230027,0,1,-230027,0,1,230027,10,1787075390474942
8C7CQXPwJA83NQ2KUpsbwKoSvHwJkZ8nGMnUx9AUpump,5,5,False,0,20708,191,976,5,2,2141186210,1,1,300000001,0,1,805226240,10,1787075387708997
Cd1CBv62g5gYiEaByFoZYL2oBqx83ZKoUDhtTvtMpump,1,1,False,0,19376,0,0,1,0,19753085,0,1,-19753085,0,1,19753085,10,1787075385376167
8FSCq37JCWAj2oJx7BGEw3MCSC6HPWWmL3YYoidKoeCg,7,4,True,0,20302,0,202,4,2,614472502,1,1,244422492,0,1,244422492,10,1787075385302588
D3P7pLLBjTdFX6MKMZCteuyeDbxcmEJDrpLeEhtWpump,1,1,False,0,20276,0,0,1,0,712455820,0,1,-712455820,0,1,712455820,10,1787075385276541
ApRd598H8bd6sKCqQ1VD2iv9o5GNXsd6mJqFfUzopump,2,2,False,0,17502,0,40,2,1,97485755,1,1,36837845,0,1,60647910,10,1787075382502648
BEEg3A5f1imRXFw4LFQ3Q1pwwiTRU1CcTtJPhuGTpump,1,1,False,0,17479,0,0,1,1,69135801,1,0,69135801,0,1,69135801,10,1787075382479330
77rLUvQFF2CmANCjBfDAjakHS6XUoCneP3xJdWj1pump,126,117,True,0,18441,40651,8548,117,4,11727666501,6,5,620702570,10229,14,2169473614,10,1787075382441265
DHGo6daR8JE258JCbfgfLXKDtJYnh4cYA3Kw3tV6pump,1,1,False,0,15906,0,0,1,0,15468342,0,1,-15468342,0,1,15468342,10,1787075379906503
BVCRjVvcV912JZVubefJy5yqsTHKZtCEU8RduxHxpump,31,19,True,0,15871,449,2483,19,4,10923526138,4,3,2727803164,1033,7,6071020624,10,1787075379871185
8D1ZUqaqrFbtLnLimrHK2MvNGVCakZz2p3SkKzYPpump,8,5,True,0,11492,1650,0,5,4,3076839371,4,0,2158608957,1122,4,2158608957,10,1787075374492449
94jr24VopQWta3JAx2ZNc8CFF6GWiCiPatjaGct5RAFp,2,2,False,0,9816,0,1197,2,0,2004641970,0,1,-29333330,0,1,1975308640,10,1787075371816870
4nzZoxSEFFuVqAVEUHPZvfjnj5Gb9Jy8Dd2ZhVJCpump,3,3,False,0,9798,7,7,3,1,3019753082,1,1,9876542,0,1,2999999999,10,1787075371798354
6YaQdjat66iLNmy1EC6iLASVYV8spofzCa9NCejBpump,1,1,False,0,9790,0,0,1,0,38059791,0,1,-38059791,0,1,38059791,10,1787075371790850
69XQTv8FcLHXzyYDpJn4N8zT9mDjTxLD7bruNivtpump,1,1,False,0,9766,0,0,1,0,740624999,0,1,-740624999,0,1,740624999,10,1787075371766810
2vg5ecSWQHSwfD7ztZVLbjZejvFgQmRX38oKWqR2pump,1,1,False,0,9751,0,0,1,0,45792421,0,1,-45792421,0,1,45792421,10,1787075371751300
2NEKYBCdnDkCmA2GvRUx7UMKzSXQR76qvFiJkQmjpump,23,19,True,0,9745,1986,2164,19,6,7162739267,5,6,2566633251,1482,6,2566633251,10,1787075371745784
47ipuCdyRkugRjHNY6pAZJryfrcRJwcPdFwhDdt2pump,1,1,False,0,10737,0,0,1,0,200031253,0,1,-200031253,0,1,200031253,10,1787075371737264
36r6vzALPGWBPDRPhJqnBPSDaUnj4QpVhxT5FhWLpump,4,4,False,0,10718,0,1,4,2,1605104,1,1,97777,0,1,1311775,10,1787075371718740
FoPbZP2gZgKPgB7jaykv6Dzq5au23iGQQPLka42Jpump,1,1,False,0,10690,0,0,1,0,355555554,0,1,-355555554,0,1,355555554,10,1787075371690313
D98Po9gT13M71hesLDEcPaW3PBbZME7LzhxCSgMqpump,16,16,False,0,8072,0,7426,16,1,787276225,1,1,74527863,0,3,154113857,10,1787075369072822
BQB66kEaGXwsNCsUc8oAMsXtsTz4y3DA1sCu2o2Cpump,1,1,False,0,8020,0,0,1,0,4417813,0,1,-4417813,0,1,4417813,10,1787075369020353
GkPnQThFemCoF5ni61H7Ztb7Cw4r1SW5jdkWS5SWpump,1,1,False,0,7224,0,0,1,0,740420589,0,1,-740420589,0,1,740420589,10,1787075367224377
A1Gkjicmwgn86tFtwtoWaS1gRJ46JnR6hzuEoVzrpump,1,1,False,0,7205,0,0,1,0,938124999,0,1,-938124999,0,1,938124999,10,1787075367205355
2nQjwJJXJ7JoX6dXwTx87ZkvmWWqFfwneqNb3SGbpump,1,1,False,0,4748,0,0,1,0,11572074,0,1,-11572074,0,1,11572074,10,1787075364748788
FvF2P6HN8avEcxpUg3MnyK2tNzTsHuMrtKzYvPGXpump,1,1,False,0,4743,0,0,1,0,752365584,0,1,-752365584,0,1,752365584,10,1787075364743280
8YVvvg2R7XNybapng2zt9bVjgGT81SyUJXqLquvLpump,75,65,True,0,4723,5341,9746,65,9,1043589448,4,4,98765431,5262,13,156797424,10,1787075364723254
Ks76wr4BMLCJePgkGvQ8vZiVm8ah9pyPh6p3ixCpump,31,21,True,0,3018,763,1376,21,14,9213375686,8,1,1959310497,953,9,3090113464,10,1787075362018837
C61JhU11MUzhSnCFUDDT8utCByFtohmaUn9fRySpump,153,89,True,0,3014,0,8746,89,6,3949417620,4,4,253320561,7689,11,889892240,10,1787075362014331
5HAk96NLjJ3d4nepp68ALDy9hg1E27C6FwvB6jjPpump,225,135,True,0,438,2959,2106,135,54,65247762080,7,7,8945190743,2296,16,13626581026,10,1787075359438837
45WbgEWZwAFJvSfKfQwM3PEChK9CyTqKfqF1NJt4pump,23,23,False,0,1390,19467,5356,23,2,2890577305,2,2,239525984,4383,5,1209033459,10,1787075359390200
5UmH46uvnH6m7CFRRtaY5797kMG4KZPsYH1xBPgdpump,1,1,False,0,1365,0,0,1,0,253911961,0,1,-253911961,0,1,253911961,10,1787075359365150
71TPZoZJXA4ns3twKQbN8GEzxxSbyGfMybyBGS9opump,84,83,True,0,1347,11509,9596,83,6,912429167,4,4,55865745,6910,11,195306338,10,1787075359347133
24qTV2t2o6PAPRdf5Pys354wJNYfTsW4XYdkPT21pump,82,72,True,0,1347,3355,9489,72,4,9040437721,2,4,452752233,6539,8,1892894752,10,1787075359347133
FwWinWxnmg9sdiqKZ5kS8EY369K1EgPyPELKqzV8pump,79,71,True,0,1346,0,9234,71,7,3822131426,3,4,244673645,5367,12,714982922,10,1787075359346134
ATKYLArzqRhf5kwEBemv5e53oTG7Pq6dKA7dNecXpump,339,285,True,0,7,24980,9661,285,9,34514247673,10,5,2199834210,13132,24,7750173519,10,1787075358007065
F2YW3WFPeFrrqUjuexHCGbVJjpyWYu1kHv3RoQerfomo,37,23,True,0,0,909,970,23,5,5429169017,5,2,1777777777,161,8,1885134463,10,1787075357997034
J7Ro3NQxbfT49NivMjT9SkGmewva2V26rUd6sz7Qanon,33,31,True,0,0,0,4101,31,5,10047354904,4,3,197628640,295,8,4433989696,10,1787075357991037
AKFaNF97ctHh9t7vriJrgACtgpremHyYkxNNyYk7pump,84,51,True,0,0,19973,7063,51,8,716227347,2,3,37596156,4554,7,216807707,10,1787075357960590
9EUXqAo2B2mET2ug3GUSCjxKasoyiFYSG9isC8vFpump,38,2,True,0,426318,5188,0,2,1,751684590,1,1,493827159,0,1,493827159,10,1787075345318671
BCatLoG4P9xr6F7CA7dDY9heA5RABbXQzEfb48Ecpump,3,2,False,0,426279,0,1,2,1,3090113,1,1,1545057,0,2,3090113,10,1787075345279139
DT6kSgLhmahMoNopntty3RrwEH55FASKfYTPFib8pump,1,1,False,0,423872,0,0,1,1,49259528,1,0,49259528,0,1,49259528,10,1787075342872861
CxDFo9s33FCBnQr5Ti4sHoGrdZqhadFhk1X7UG7Npump,1,1,False,0,419993,0,0,1,0,221258674,0,1,-221258674,0,1,221258674,10,1787075337993838
2HHq1bqn6emXu4Ey4RNYuDZ1xu94nEWXUL9dJinXpump,2,1,False,0,419892,0,0,1,1,493827158,1,0,493827158,0,1,493827158,10,1787075337892007
3tWvggJJyfZJdfCNhdbSTXkzAUcW3C7sE5WNwZgHpump,3,2,False,0,417601,0,1,2,1,4459967,1,1,2229984,0,2,4459967,10,1787075335601625
2G2nzP4dZGo31btdopbpiQFfKFV1pDi1Hpb64FE2EE6h,10,9,False,0,412807,1342,1053,9,4,4646338831,3,2,2838529838,1321,6,4237359491,10,1787075330807385
HQNmDLAxBWVpHi81vh6fUTdBJFUpgP32LAPjJMWqpump,4,4,False,0,412777,0,1338,4,0,2523975511,0,3,-286266458,0,3,2237709053,10,1787075330777623
9LxAbNwZXEBg31P2ydmrSdvYbVJRdoRMMAqQAMPPpump,2,1,False,0,409015,0,0,1,1,100000,1,0,100000,0,1,100000,10,1787075326015941
FE7zaMfnoxMQogJgmX9Mu3vsA2LUeqfJwGVhqZ9mpump,3,2,False,0,408960,0,1,2,1,2809911,1,1,1404956,0,2,2809911,10,1787075325960817
9DAqz5EqHQBzF8jon8eY5pxP4nak54aUhqXFUUDBpump,2,1,True,0,400464,0,0,1,0,159019224,0,1,-159019224,0,1,159019224,10,1787075316464004
BeHJkoVVgX6bQ8g1LLmpmfqf6pExNQVcr2BVWRrSpump,3,2,False,0,395733,0,2,2,1,4903901,1,1,2451951,0,2,4903901,10,1787075311733722
HCJ5EvTSj4oUCkwJLQ5dsyzYgdmtBP4PTkAnFj5vpump,3,2,False,0,392223,0,1,2,1,2514149,1,1,1257075,0,2,2514149,10,1787075307223978
CdYKzjpd3FdVTyhJmBcUoWUaQiqrud3r8zFz36dTpump,1,1,False,0,385725,0,0,1,0,247647320,0,1,-247647320,0,1,247647320,10,1787075300725852
2apyTAKUwX6dj1RkMN4MWNQ2uLus1L7NWAYfua93pump,1,1,False,0,383029,0,0,1,0,740624999,0,1,-740624999,0,1,740624999,10,1787075298029718
3hQzx1Ac5YhRXXWjvj1wApcAMta57f5igoDX7r8epump,1,1,False,0,376966,0,0,1,0,11449333,0,1,-11449333,0,1,11449333,10,1787075290966414
AKujSjaByeH9esE4zCxMMkHm2Fr8JcFN3JkpqBKrpump,3,2,False,0,375287,0,1,2,1,2680269,1,1,1340135,0,2,2680269,10,1787075289287621
Eb8fruA7sA3F3zUS1G1uckk6ddB8VSARHr9LaNFfBCki,1,1,False,0,370596,0,0,1,0,1004452503,0,1,-1004452503,0,1,1004452503,10,1787075284596956
2DjMaVtvEp1U56HysTsKH7DEsJWAZ7xk2nffgygvpump,2,1,False,0,368163,0,0,1,1,100000,1,0,100000,0,1,100000,10,1787075282163883
CqpN8uqoq8JPr2S3j8HLjKspoM8gxXKpL92PTendpump,3,2,False,0,366506,0,1,2,1,2681999,1,1,1341000,0,2,2681999,10,1787075279506493
Xi82hKSnL8wtCf9ZxDpx8VDiXCb9qsJKR32mEDGpump,1,1,False,0,364292,0,0,1,1,1971357,1,0,1971357,0,1,1971357,10,1787075277292687
8CghaJVr4fGoA4A8ag2uosDKKxwV1sGbtx8yFY9rvs3v,1,1,False,0,358678,0,0,1,0,88397748,0,1,-88397748,0,1,88397748,10,1787075271678285
9Y1uzqsFKLwG1N1d5CzwFPufJL519h8zeLtUwo4mpump,1,1,False,0,352782,0,0,1,1,86997556,1,0,86997556,0,1,86997556,10,1787075264782089
5xQvxN9Jzvukbfv9zrX93DVM7djWFqWYtNrgpKRupump,3,2,False,0,347133,0,2,2,1,5684469,1,1,2842235,0,2,5684469,10,1787075259133516
46KZnTEkDanXDfxcbviw6q3uSGrGguU9wZhwth6Apump,1,1,False,0,340580,0,0,1,0,2464856,0,1,-2464856,0,1,2464856,10,1787075251580444
FcUbZgyw1FWNnVyWjU129V7hpkqtdR5eUGpjkd45NhYQ,1,1,False,0,340565,0,0,1,0,49999999,0,1,-49999999,0,1,49999999,10,1787075251565419
4LkDHTHvbS6g6DU9vBgxsF6SJ9YLtSPyefgT9PXMpump,3,2,False,0,340512,0,1,2,1,2546769,1,1,1273385,0,2,2546769,10,1787075251512566
7LBMEfb4SMKepTwuUvzWk2pUujGK6hjR94zVXpZf5yWH,1,1,False,0,340489,0,0,1,0,49999999,0,1,-49999999,0,1,49999999,10,1787075251489530
B8qUT5opU1cbDd545qejxGqrTj5Mr7aCiwhTBnkeFzgp,1,1,False,0,338158,0,0,1,0,49999999,0,1,-49999999,0,1,49999999,10,1787075249158998
CrE13eFzYLn1b8pxdznuDnp1ygm8CLGn119NMJHepump,6,5,False,0,336546,97,97,5,2,295599448,1,1,146666666,0,3,148932783,10,1787075246546587
AkhVRhDu9hf9onXjTzUuvTWvS3fNKSRpx6F9focZpump,25,24,False,0,329582,5896,4751,24,11,25282069674,8,4,11605965774,5896,15,21538163262,10,1787075239582000
3jfhPzFgHPwYHgGL1MNYfHkzdNY2MnCwaeNmTkjNQHa8,1,1,False,0,318406,0,0,1,1,49382715,1,0,49382715,0,1,49382715,10,1787075227406731
9eZnJ6SE3iWDgCinsrktQsXGDc3VxawFJaQWEQvcpump,2,2,False,0,313846,42,0,2,1,76755860,1,0,63962710,0,1,63962710,10,1787075221846281
P4UYt7ezP2Zq5ixfhwXqhDbqbMG7tVbr11Hnt5cpump,1,1,False,0,309417,0,0,1,0,12784323,0,1,-12784323,0,1,12784323,10,1787075217417239
HBKiLLUCQLndQpEKQny4mBJacsaxWS8aX8J2RBAvpump,132,131,False,0,309370,11173,5437,131,57,35766871046,9,44,8476914349,5883,51,18029433607,10,1787075217370081
Asv6UmvS4sFEc2R9FfchgQL4RrANMBS41h6VwS51pump,1,1,False,0,309323,0,0,1,0,118839086,0,1,-118839086,0,1,118839086,10,1787075217323514
GW8BcpVSpjUH5L8L1V4URgEAYSDsW9kxPUecwLskpump,1,1,False,0,303061,0,0,1,1,227160492,1,0,227160492,0,1,227160492,10,1787075210061806
8EUB3ofNDxcdFqmkzgWXk5L1x1pnZQt9GYX4oYkwpump,1,1,False,0,291999,0,0,1,0,2680,0,1,-2680,0,1,2680,10,1787075197999731
ABxvjozT52vs2VghFYmXBHXK5nvtMtcZLcEhXGrxpump,70,57,True,0,289900,5713,3605,57,40,33164720993,12,3,7656681215,5223,20,11241848478,10,1787075195900183
CVxJZ8n3fhpqZiaxVSZQkzk2cYz9xcHi4SKLhZxJpump,1,1,False,0,289872,0,0,1,0,19191631,0,1,-19191631,0,1,19191631,10,1787075195872292
EjZ2UASzvDq8XmHid8PPSqVM5pjbEyrNp5qzPjTzpump,45,44,False,0,288306,22448,4523,44,5,7139937845,3,1,1657577152,5308,8,3050686744,10,1787075193306410
2neu677KoQDWtR2sdQHZ7VZ3HsDvFaxf5Egh7233pump,8,1,True,0,277714,,0,1,0,0,0,1,0,,1,0,10,1787075181714873
DRBJpu8NHqAShWokuDkXmS7KMZmhT9YQRRSnTVc2pump,1,1,False,0,277653,0,0,1,0,740624999,0,1,-740624999,0,1,740624999,10,1787075181653148
31qCKdWuiGDFRNM84yAtks1Tqa7c3mksk8HqTpPAgxRf,1,1,False,0,268186,0,0,1,0,267347759,0,1,-267347759,0,1,267347759,10,1787075172186001
FFu5HxZUc4smMkgcPju4b7ynhUTNLUNkCE1Ka7HF8pJu,3,2,True,0,263627,0,1053,2,0,2582984506,0,1,-382303763,0,1,2200680743,10,1787075166627018
2QRCvcDVa9VPisBNGMoHYRSb7XHS1UdQZGbAEXrfpump,5,4,False,0,254903,683,0,4,3,1008987651,2,0,967901234,13,2,967901234,10,1787075156903750
HvpiGCpVG6Rp76QJkw1mDY654KUYC6VpiCR8pGzSpump,7,5,True,0,254868,1966,0,5,5,4088129347,4,0,3989363916,1900,4,3989363916,10,1787075156868524
4FpYzhDnYuUNvw9nHEbticUtFVzHTtzzmuAEj6FGpump,1,1,False,0,252259,0,0,1,0,116544684,0,1,-116544684,0,1,116544684,10,1787075154259779
ABc8a65sCRhWZZHrNcXn5dZgrsJ26fvXBb6HwTu5pump,7,7,False,0,248032,1798,1447,7,0,5239370200,0,4,-388765988,0,4,2895048658,10,1787075150032799
J78tUYJ7TDbMs5Nef5LzKUoGXYtNxtCs1Vifb3ypump,3,3,False,0,244154,0,811,3,0,1208241948,0,2,-69065125,0,2,1139176823,10,1787075145154378
2wCP4inY1TwaeWreEfWmS9wGJwQxGFKooPG7HkcApump,2,2,False,0,241935,0,18,2,0,1007407404,0,2,-979619546,0,2,1007407404,10,1787075142935880
6JcD9szZaP96tKjKGd1Sajsy2hR4WVc1VWAcEyVopump,3,2,False,0,239468,0,99,2,1,300000053,1,1,150000027,0,1,150000027,10,1787075140468650
31NQLN4hG8eNqa8s9keaL7mDdJHjffwfmx3LphM7pump,1,1,False,0,233197,0,0,1,0,2791,0,1,-2791,0,1,2791,10,1787075133197607
BHehuqfeeWh9ztVBy1FQrn9kGK9WHTuoymhpTSjipump,1,1,False,0,216009,0,0,1,0,938124999,0,1,-938124999,0,1,938124999,10,1787075115009217
3amvkZh2Y84NkfBE1fHY28rdSjoRSNZfFsRHsDS43Vdv,1,1,False,0,203395,0,0,1,0,740624999,0,1,-740624999,0,1,740624999,10,1787075101395666
8mZ2XnTbvLeVsvp9Ehgjd6BU6eZr3MqqirNJccSmpump,1,1,False,0,186431,0,0,1,1,67693024,1,0,67693024,0,1,67693024,10,1787075083431665
CrtoRnVjHXuDJJ83nteNHdnkCx4jM7oeSuEAxqEBpump,6,5,False,0,176169,2258,1066,5,2,157909417,1,1,59259258,0,2,72637673,10,1787075073169420
AM4oHgAiWtCzq4BLoZSy1uizXbQ3fpWEUA6FbtVRpump,1,1,False,0,174564,0,0,1,0,739756037,0,1,-739756037,0,1,739756037,10,1787075070564489
AbWJhQzLhBBkSQRiY8Da61zyKN9JgUqJczEN8NHKpump,8,7,False,0,169509,125,1319,7,4,5138002875,3,1,2198688939,500,3,2838699071,10,1787075065509355
7bqhXptzL1K3EitH7kxXsGzJJzkA7LfbJ39BwhaQpump,1,1,False,0,164320,0,0,1,1,1201436980,1,0,1201436980,0,1,1201436980,10,1787075060320560
8y4tkSS8EGaBND8c6wEoBsVsefUfLFHg2eKAGskxpump,23,8,True,0,164320,729,308,8,4,4272140092,2,2,1593209877,183,2,1593209877,10,1787075060320560
3H6LaB87n2B7rA7R5wxsTMmPgg8dGH12YnwerQLjsR2f,1,1,False,0,159231,0,0,1,0,740624999,0,1,-740624999,0,1,740624999,10,1787075055231899
76LSALDFZLvMLwS1F1UjL8pYgX2vKqJgETsJ8pj6pump,1,1,False,0,148329,0,0,1,0,127098982,0,1,-127098982,0,1,127098982,9,1787075043329703
HcuMC8wWbMeN9oLSUVMo21A1jQyfHrRC5DZG7xxTpump,1,1,False,0,141629,0,0,1,0,19196551,0,1,-19196551,0,1,19196551,9,1787075036629980
487cJVEC2Xw4376jXaHSCUvmbX46QqyKhFE6UN3spump,1,1,False,0,120798,0,0,1,0,66151535,0,1,-66151535,0,1,66151535,9,1787075013798601
3TCRJhPgxahZ8NVeC3rTajM3b5NPVcAmbVeQkwV7pump,9,7,True,0,103721,1099,946,7,5,4328119570,2,1,2518518517,1012,3,2616592590,9,1787074996721507
GVcdHB2tq4aJnskWPF84q8q9n8c9qpHJzgG5RBsbk8x8,49,17,True,0,91772,4261,98,17,13,14519165364,3,1,3128888889,575,5,5392444443,9,1787074983772870
24qRCC1X9TZ3K9gTXVnQjFjh4gtSy7xiRpaaXdFepump,42,40,True,0,82502,14370,9412,40,7,4117826433,2,2,493827159,2408,6,883793341,9,1787074974502344
5Yy89FQ6jT17dv8fMCr7MZcNiohs2nph6BoYXQScpump,1,1,False,0,78089,0,0,1,0,7043230,0,1,-7043230,0,1,7043230,9,1787074969089475
AkcFEkme23WCfJ4wRBZwMxTv8ierh7mxyYbLH8Rapump,32,31,False,0,65831,7777,5208,31,15,30329613391,6,6,8986962958,3989,7,8986962958,9,1787074956831365
658D5UHA14mVmp8J6UUkb9T8u3G4VUgUDKy4f2zh3u6x,140,13,True,0,63310,24,1019,13,7,5473705988,4,3,2325877948,746,5,2627623397,9,1787074954310588
8jtpDVU4b53Ne3dRUJE77NpwJocecEoZn9CCLcGDpump,1,1,False,0,56582,0,0,1,0,9792591,0,1,-9792591,0,1,9792591,9,1787074946582526
AYsGEZCd5uBgc7aXnV8HAmX8ne3QLdDuLPUA2hhApump,8,5,True,0,54344,882,0,5,5,2708641971,1,0,977777777,0,2,1037037035,9,1787074944344498
CbRUyNSxqZwN2VYvUe8vEP5wB4kXwd7Bc3ZzEfcPpump,1,1,False,0,49416,0,0,1,0,10570531,0,1,-10570531,0,1,10570531,9,1787074939416848
CYdHHXoQk9rDEg2JoQhb7hGH4Ze8R6Jh6ewubbUWpump,6,3,True,0,49402,0,872,3,0,1850883613,0,2,-18019491,0,2,1832864122,9,1787074939402711
EoHpE9L3s9V9in6nrg1ZtDKnxkcxumy8XzCHyed5pump,21,3,True,0,46755,202,198,3,2,1609876539,2,1,1298765430,202,2,1298765430,9,1787074936755817
CuCSJi1HvAkeiq4pfh84ZQpMPVVkyqCGmaDrUh25pump,2,2,False,0,44381,0,58,2,0,377947481,0,1,-96433013,0,1,281514468,9,1787074934381984
CjjFca21d1eiBsRzmySpu1DNsXBX3A9P2wtpcuELpump,11,7,True,0,44374,2777,2949,7,5,15905722843,5,1,9563000000,2777,5,9563000000,9,1787074934374698
93ovBmR6X1UdoGz3amD6HE9vREQ2rV9TF6SyZ5aepump,15,8,True,0,41039,204,479,8,3,2556261704,2,1,1397479835,204,2,1397479835,9,1787074930039636
GdkJoVZ1UBCV5rjfJzxFmaFBrWRKeLZY3H3Dcpfapump,1,1,False,0,40956,0,0,1,1,488888888,1,0,488888888,0,1,488888888,9,1787074929956571
GccaCYPdPDZSBDz61FLmtAVQU8MrSbWenQc64E3Npump,74,39,True,0,38762,482,533,39,15,5952610224,4,2,1955555556,582,6,2177530863,9,1787074927762702
FzbjHbn9kz4PiecQ6ybQv9y1FGvxfnCZDQwJgBmmpump,18,5,True,0,38586,1613,522,5,3,4276156755,2,1,1961367014,481,2,1961367014,9,1787074927586956
AhKEUjNfhncSCSfxTFtA4tUZbqJm4yvExqVN58nRHryi,8,4,True,0,35840,0,103,4,0,187089653,0,2,-2893789,0,2,159995279,9,1787074924840252
DZd7Cci9CD78bXkBT7JCHwKYqKes2yngnBcx4f6opump,7,4,True,0,33382,144,245,4,2,1648772793,1,2,695200000,0,3,953572793,9,1787074922382541
4navMf8Pf1ixzsQUded6W4hkgxSCvBtfpjt9qdQ3pump,710,46,True,0,26688,1163,55,46,35,5640225321,6,3,1390822333,71,7,1394086971,9,1787074914688956
BSio4otAizTD2K2z3htEmqKLDuRAxcsc9GztemMNpump,147,22,True,0,21091,39,1786,22,10,8109687867,2,2,470775619,45,4,3914287761,9,1787074909091937
C8gjcqKWjbkSyeSM6jU1jk6te2nghMEVMWdf9t76pump,10,10,False,0,21005,0,5858,10,1,44195621,1,1,2362154,0,1,10881353,9,1787074909005393
CNdPbYMdTWAYR3nDtxJP8PvqEmLQ2YgwKgnhC1bcpump,23,13,True,0,18425,12081,4116,13,4,4674036660,1,1,902291357,0,1,1953711815,9,1787074906425053
5Wr3m8QpTqqn1idrQvp3iNPa4f8hviBji5A9aEVapump,90,29,True,0,18284,878,874,29,14,6798312309,6,6,1488379237,348,7,1594968830,9,1787074906284161
6XAwvXQmZn2NmEFYRnrCUiPWx8gm4TykZGhX7VR9pump,36,19,True,0,15975,6634,5052,19,2,722676079,2,1,58666666,2230,3,269274219,9,1787074903975939
Agot2HXjh68MjHXr2xnutQ27BxoP3gfmL92QvCaKpump,3,1,True,0,15709,0,0,1,0,350064,0,1,-350064,0,1,350064,9,1787074903709837
8dYQJwHsvCak4vJU2hHcAWYfsQWgw7ND5VEVheBUpump,19,12,True,0,13877,24635,3451,12,1,263423199,1,1,54644835,0,2,54644835,9,1787074901877246
Gf7xhK5AKgAoFrx3QKrf3ujaawxNrPGoPCQZGLhUpump,187,22,True,0,13808,5734,1684,22,17,14699779518,3,2,4008888888,1081,4,5069523407,9,1787074901808869
CLrxx8QYRwokap6Seg2MN9Ju4aFYn3WTrqJB49XZpump,1,1,False,0,13792,0,0,1,0,69244884,0,1,-69244884,0,1,69244884,9,1787074901792845
Ciqjvap1Rn5zoP1tcsDufWyZH3xsGtkqxTsjXipvpump,3,2,True,0,9624,1,0,2,1,3911110,1,0,1955555,0,1,1955555,9,1787074896624491
7m9efqvT8uAgWXG6PA7YL6iHBguiBS8GXvodSsdApump,8,8,False,0,9563,48,1682,8,1,3609027418,1,3,108533333,0,3,2564630106,9,1787074896563579
89gHGNANPENbuS93MhXCj9czPyuQTMduEdG3u4RQnfGr,2,2,False,0,9534,0,27,2,0,1019048087,0,1,-41270311,0,1,977777776,9,1787074896534037
562R3gCfPZunx86X2nSo1n2VPFRiX16bxRsq2tccoWG7,15,14,True,0,6888,0,2730,14,4,9726681027,2,4,1037037035,651,4,6665615904,9,1787074893888329
24qQuaGtRT856q9AFZJHyCxi15Sx25jE9hBNFh7Ypump,7,7,False,0,6773,1,3,7,1,270832955,1,1,36350697,0,2,199403021,9,1787074893773618
2t55kaY1c9x1jtafy1vA5UNYH9oaSjqmRhCphKAFpump,9,7,True,0,6762,4850,2169,7,1,73045463,1,1,12033490,0,1,19357036,9,1787074893762096
7hza9NUTV61zgUHedmVdJtYoUCqyH2arnqZBrodkpump,4,1,True,0,4435,,0,1,1,0,1,0,0,,1,0,9,1787074891435949
7HXh5o355GnCzHayKuYNMY91UiPzE9YLA1BTQgE5pump,83,58,True,0,2665,11682,8617,58,5,11346053488,3,2,720955559,3558,6,2687519568,9,1787074889665675
7EiTAzsbxdpZUH6kGJHfL9x1PHLjV8Uw4oAX41tnGhj8,29,13,True,0,232,2324,3551,13,3,2642069826,1,1,98765431,0,3,1936447515,9,1787074887232694
GKYyXsxGHLrDhboVACVZBoNp9jL8uFTpjfiwyBkC7PkJ,1,1,False,0,148,0,0,1,0,79012343,0,1,-79012343,0,1,79012343,9,1787074887148527
F7r6embpY1e92qa9tGnmn8zCrGQGMd7tuGJhtcPupump,1,1,False,0,82,0,0,1,1,296296296,1,0,296296296,0,1,296296296,9,1787074887082587
j7SR8yMUfPx8WVDcxFovmzWUiaPA3owpGj1ciXfpump,296,175,True,0,75,176,3184,175,81,65271169673,9,12,3220172189,903,30,12762901842,9,1787074887075071
Epph9prVPCXQbxriAUTQWqchv5RTj8mWt1cSgWABpump,5,4,True,0,14,3514,1708,4,1,910919483,1,1,238003510,0,1,316475429,9,1787074887014989
F2VnGF7woKHK9Tkcedy494aburdMbCTwtXzFEY21pump,214,109,True,0,0,7835,2782,109,48,74266936179,8,4,10518642245,4433,17,17444653416,9,1787074886999779
M1S6GxVAij2gaGyr5tR19uZCpyWkHstv1kBjNEipump,7,6,True,0,0,0,3201,6,1,6596160385,1,1,197530863,0,2,5024530454,9,1787074886982246
9yTDqz417id8jruXYgVdRLsgodY9FT7n4sMJnfywpump,3,3,False,0,443913,561,0,3,3,1834680473,1,0,977777777,0,2,977777777,9,1787074843913077
G5fnJx3Xom6ycmo1EP1szbgbyBSQ8YRwvLXeTq7hpump,3,1,True,0,434107,0,0,1,0,68284245,0,1,-68284245,0,1,68284245,9,1787074833107752
62T7rgWptCEh8XyyR5BH5eU5hMYjqXw9Ra16Tp5mpump,3,2,False,0,425979,0,615,2,1,1935802467,1,1,967901234,0,1,967901234,9,1787074824979628
BXZKmkQj677uZjG9Ak7ASqNX14Fc2RzWzWgX1pQod1cW,2,2,False,0,408931,941,0,2,2,2942050520,2,0,2942050520,941,2,2942050520,9,1787074805931828
ECbmqN5UYEQWTwdATCEAABmQhVnWBpEVJa4Kwdmdpump,1,1,False,0,406125,0,0,1,0,148491362,0,1,-148491362,0,1,148491362,9,1787074803125411
6GnPvo8mLMxpsD6YzpvcwW5JFW9KLZeqBnqUnTMLpump,3,3,False,0,373186,0,499,3,0,1323922734,0,3,-469646512,0,3,1323922734,9,1787074768186762
E3CYcoAh3XRApBahsDq7rdBX5CvmSCN9ruq1r8iApump,38,3,True,0,367874,32031,0,3,3,1285185183,1,0,1086419752,0,1,1086419752,9,1787074762874584
Bw22pQm9guDJbvkA5hpr91kaqSgAbamsC2LjbWtBpump,5,3,True,0,363049,0,0,3,2,10281534,2,1,10271534,0,2,10271534,9,1787074758049584
BtVxNTNeU3CWd4ep1ja29dd5xGnXZFeuZiyuQJqopump,1,1,False,0,358290,0,0,1,0,750097953,0,1,-750097953,0,1,750097953,9,1787074752290098
2PfDWTwoxAGePS3aY7Y3vV2FhaJoCQVuQrBtVgSvpump,1,1,False,0,332799,0,0,1,0,618363207,0,1,-618363207,0,1,618363207,9,1787074725799485
C7vFafRvgAUwXa5NHTg27mjbnVnEC1uTKXAfc3RJ5iV2,5,5,False,0,325243,2498,0,5,5,5103999998,2,0,2170666667,572,2,2170666667,9,1787074718243861
sP8rznqCEHuxNwvmJPJDbyw6JXEqaKQfTiGySkcpump,1,1,False,0,315837,,0,1,0,0,0,1,0,,1,0,9,1787074707837968
AMikPZMtMgiuJM7FY3vyTRqoUjZv38pwcTuwC9mhpump,1,1,False,0,312561,0,0,1,0,4097697,0,1,-4097697,0,1,4097697,9,1787074704561610
Cr6eCtFxVCMjFmSs9xtvs37EVj1NZm8Zsk1Wj6E7pump,3,3,False,0,310124,2019,0,3,3,3432392273,2,0,2942050520,862,2,2942050520,9,1787074702124655
7fT6V7rn2sN5RHn3q5R76WbgsUYxsdRMoDk9Tmexpump,80,79,False,0,295917,41615,7451,79,31,103843003871,12,15,12098765429,4844,24,47790375442,9,1787074686917556
5v1AcSWe341Lx4gCDTKccACatWG9QBL8NjeZja76pump,34,33,False,0,289314,4391,4855,33,13,34539846889,6,5,11565766802,4154,6,11565766802,9,1787074679314430
GNN2FfVP6zK4QpyokUmTMCJtUcNumrtxjYGiE3R8pump,1,1,False,0,286491,0,0,1,0,740624999,0,1,-740624999,0,1,740624999,9,1787074676491566
6X4XETRPAQ8nzCu8Sd7n3qsZW7PE1B4dTKt7TSw6pump,12,11,False,0,269085,3236,3306,11,7,18080473543,4,2,8800000000,2289,4,8800000000,9,1787074658085730
CTNhdQ668UNQm1PcSf92ZZjS7GWqCTHvoyYw6fPZ2uhA,3,3,False,0,258048,1293,0,3,3,3049759257,3,0,3049759257,1293,3,3049759257,9,1787074645048519
DfQWQdpmED1C7Yd1NYEoQRQftm8zPBX68WRz6Taw3bmr,1,1,False,0,245173,0,0,1,0,740624999,0,1,-740624999,0,1,740624999,9,1787074631173861
8pEEoFsNfkriDVCBqjWprkverjy8wce2VphhWyWSWevc,6,6,False,0,227707,0,2158,6,0,5065014296,0,3,-377608987,0,4,3559226888,9,1787074612707967
F14LrtK9fkKc3AsFSctpDqtYbJM5dWWPrPyik6uvpump,1,1,False,0,198726,0,0,1,1,1622632,1,0,1622632,0,1,1622632,9,1787074581726115
2PPbVpUibgpk3Z77vctnGFy7XmjekEKZDJK2kfSSpump,2,2,False,0,190725,0,19,2,0,326684460,0,2,-298079815,0,2,326684460,9,1787074573725467
7VbX73kLJSyaAgcY9R5DJLxsVZd1eX3hPDMEmHMHaZtj,234,222,True,0,188272,37981,3713,222,104,139852052274,14,7,22499895610,14273,22,31271325610,9,1787074571272462
GzCApBeSvLABtnjsZjhs7nmWPSicdjPYXR5PZwdypump,7,7,False,0,177048,1196,49,7,6,2758353547,4,1,2540760579,1128,5,2560316134,9,1787074559048228
CSuYWqiUgPoZyd3XbRcYpcHLsj9Y1W68vZGQT3unpump,2,2,False,0,173736,65,0,2,1,197530862,1,0,98765431,0,1,98765431,9,1787074555736262
2DzaY8JsyKVs8ziDPFLxRkGgoFTqxmNuwKRtYXcwpump,1,1,False,0,163410,0,0,1,0,2227206,0,1,-2227206,0,1,2227206,9,1787074544410553
8EYfSF93MiiH9gQmvdJdiKU6k5o23nxmb7tLDREXpump,18,6,True,0,160523,1,480,6,2,2542044640,1,1,488888888,0,2,1279994367,9,1787074541523385
DKAUEeRzjuSvBdy1DaiSksqFoPoaCqdxeajpUPbNpump,3,3,False,0,148327,0,94,3,0,242311739,0,3,-81150750,0,3,242311739,9,1787074528327190
DbwdNnEzi9hD2P7RJQK82ivDDeinWDEoH87a2554pump,18,17,False,0,139791,8910,5746,17,9,34888179667,6,4,16754370955,8910,11,33951662307,9,1787074519791969
DCvevheRctueH3dHDQSid9KzJgAJEh8acUJgTEVqpump,5,2,True,0,137603,0,321,2,0,2799351620,0,1,-610619523,0,1,2188732097,9,1787074516603314
HMkBNZWxBNHAEcpVweWTKbCqyBMJfp4hb7BJ8Hztpump,7,7,False,0,132130,0,1147,7,0,2913334751,0,3,-133893314,0,3,2050179050,9,1787074511130907
DvRoafGRApkKJW44JtMtb1tUb5iUrZ9yFBy6USBSpump,45,45,False,0,129558,7998,4735,45,25,25468234731,15,13,10102108991,6425,17,11978652199,9,1787074508558301
4DvRmjC7quoLecw7DGZvZZ64V8bj6bBD31xfHzgfpump,2,2,False,0,119384,0,0,2,0,36341311,0,1,-348623,0,1,35992688,9,1787074497384630
J9Kz7bkXMmJZQuLnn4CdUXpDMi9HpcB4B4HdEeQipump,15,14,True,0,104784,1,2,14,2,176460964,1,1,37312979,0,2,37978089,9,1787074481784339
5fmWt6XZQMF4tCoP9RurvxGU8quiUJ7Q7Qp9Dyfapump,1,1,False,0,102814,0,0,1,0,740624999,0,1,-740624999,0,1,740624999,9,1787074478814895
5uVuCHVRNEm8R9AQXrBeJVVpz33jmeHSCrcfRHk9pump,51,48,True,0,92157,4468,4067,48,22,30931146909,6,5,7058440814,3027,11,12306387251,9,1787074467157821
5wS4D62gwXBzgFmxZTyvhLEQAu6mAZuoGqppg5Yepump,1,1,False,0,89330,0,0,1,0,514021872,0,1,-514021872,0,1,514021872,9,1787074464330440
CW9La7oZyyDot6yKuh4Dg4DhFb5MabKni4n5NDP6pump,3,2,True,0,86221,32,0,2,1,97777776,1,0,48888888,0,1,48888888,9,1787074461221399
E9bPPpWwXwH47tWAjBhhxKUwUBcPH2yyyCLMnjrapump,2,1,True,0,83655,0,0,1,0,14768175,0,1,-14768175,0,1,14768175,9,1787074458655842
77KC7TMEmAtjoMPnep2RHQdLXvjMHA1NdGkh1JwWpump,1,1,False,0,79588,0,0,1,0,9849547,0,1,-9849547,0,1,9849547,9,1787074453588921
EDHCpWLRMMF5o2YTC8uohMAFPUGQFN5eojFMeWympump,1,1,False,0,79564,0,0,1,0,740624999,0,1,-740624999,0,1,740624999,9,1787074453564917
Hnq2hZg727KG6zUEeetZAYFA8FwCbzBoByHYX5Lypump,1,1,False,0,76274,0,0,1,0,3052359,0,1,-3052359,0,1,3052359,9,1787074450274572
2Zdt9AyfpuuPPcA6hDPLGCGo3vY5ECcjHNQn1zczpump,11,5,True,0,71999,1357,0,5,4,3430459587,4,1,3430458840,940,4,3430458840,9,1787074444999643
HM1YhBWxLGgupWe6yBzrbEpbomgGjAQcJxAFFDZGpump,1,1,False,0,65756,0,0,1,0,572558017,0,1,-572558017,0,1,572558017,9,1787074438756423
DwyH7U88sUricdcEYQvisraCWh7k5SPL4DuDBFTepump,1,1,False,0,58336,0,0,1,1,638431650,1,0,638431650,0,1,638431650,9,1787074430336500
2m65x9kayW8sP4kJGPeaBqrARab7xXwTCGy9Fvjypump,2,2,False,0,58315,45,0,2,2,1076543208,2,0,1076543208,45,2,1076543208,9,1787074430315496
6CFK5Vgx2sifabWAtVXLvbEo4GYfNJdzDCXW8U4epump,2,1,False,0,58278,0,0,1,1,987653,1,0,987653,0,1,987653,9,1787074430278500
2A7A7BbiqcW8NGWrcoMJdQc8biJz9a34tK4SsSVy6PAt,3,2,False,0,56241,0,2978,2,1,11603354709,1,1,5801677355,0,1,5801677355,9,1787074428241568
5wDNrUhJhDcFZJrAEbdjMQtafhxHJDkAwgCj3UU2pump,43,32,True,0,54684,,0,32,5,0,2,2,0,,4,0,9,1787074425684396
2FfEbufT5Her6bRG13ihhH1Zhy2GM3K43GsBBxPKpump,1,1,False,0,54612,0,0,1,0,54869220,0,1,-54869220,0,1,54869220,9,1787074425612397
7BTSYg2r12vNFQW3Vb6Sd43LLHBKrTxNZm6NkqUBpump,7,7,False,0,52029,0,1766,7,0,4085646240,0,3,-302401445,0,3,1928762054,9,1787074423029392
W7xyzgfzd7rwzSiAYwwRHvkDkKqrjDcX1cpKHqcpump,3,2,False,0,49732,0,2,2,1,5227649,1,1,2613825,0,2,5227649,9,1787074420732125
HmSbqs5RvzjQ4mB2NVVyAitvwT4GQDb4Tan5cYPkpump,2,2,False,0,49702,0,17,2,0,701647682,0,1,-25776115,0,1,675871567,9,1787074420702121
AE1SturFmdGi1HqYGTmqK8dK3YCLUMsVtXsV7UdYpump,3,2,False,0,43632,0,2,2,1,5012309,1,1,2506155,0,2,5012309,9,1787074413632749
3urpXYCnV8716FyeDSRazJ7JvZa164xNqM7JirxPpump,3,2,False,0,43622,0,2,2,1,5037535,1,1,2518768,0,2,5037535,9,1787074413622752
Bg7xxgR5o8oKq9Fbx1a4SQ1YvuVyUmZK5etFxKRfpump,20,19,False,0,43508,3607,3926,19,10,17924032394,7,5,8493827159,3607,8,8493925923,9,1787074413508750
H24paPKpU8KkRFJ73dUErzaD4gNTbcDJPM9VLZhJpump,2,1,True,0,42249,0,0,1,0,90000000,0,1,-90000000,0,1,90000000,9,1787074411249303
BWcKXzsCjCNHcYs8z6jDNTwyvHUkVC9K8k6eMjjrnSGh,1,1,False,0,35684,0,0,1,0,260716897,0,1,-260716897,0,1,260716897,9,1787074403684742
DtCP4gY5Uons82CVku1a94KKcDmqm2jD1318M66Bpump,19,13,True,0,31586,6711,7013,13,1,665533909,1,1,94325686,0,1,137228134,9,1787074399586738
7jFRCtCpE9KQS8hYQDehAYP2ue5PAtJ9acucPjTMpump,34,33,False,0,31583,6597,5385,33,16,37136392356,9,8,9881919060,5796,10,12147657884,9,1787074399583741
BPE6SHTWbNmNs3vA6HbZLo76C9rpf1geBdFpZDdwe79f,1,1,False,0,29117,0,0,1,0,39381858,0,1,-39381858,0,1,39381858,9,1787074397117744
n4BVytvjRkSU3hafk2zxNWQBR1wteczSdyYfPXLpump,3,2,False,0,30086,0,1,2,1,4390805,1,1,2195403,0,2,4390805,9,1787074397086741
8z32U1bfHnDLbvo64jTBrAeyy3xnrPEYZSBNAZu6pump,1,1,False,0,27627,0,0,1,0,82611594,0,1,-82611594,0,1,82611594,9,1787074394627739
HX8dshvtcPc2c9nd9GUGTnijhARLAzvkRBpyEPpBpump,6,4,True,0,27588,0,1630,4,0,5190706150,0,3,-1491253609,0,3,3699452541,9,1787074394588741
6YhBkxJx6DGBas5TUUxdt1vWz3Ab7MuBkEcaDtGEpump,3,2,False,0,26301,0,2,2,1,5232305,1,1,2616153,0,2,5232305,9,1787074392301677
FDYN6nd3q6hrpCM8CToejR1i373Tr9F4jKsJXMHqpump,3,2,False,0,20932,0,1,2,1,4180635,1,1,2090318,0,2,4180635,9,1787074386932860
Y3yF9gVu6wEfa7A2wvE5xyAGuuhPeHNVLbPnkcGpump,62,42,True,0,16924,2366,1650,42,25,12194601278,5,7,1068339511,425,8,3060116544,9,1787074381924828
CjdyjBZaqePt8EKGSSCEAGxjrAUavaR5UUikcJvDpump,21,18,True,0,16884,0,3301,18,2,10271968088,2,4,-15087855,427,4,3646833794,9,1787074381884826
BcNwfyLe29Bk1ZdRgSv4NjXLrAbVWkd3gCdy6139vLgp,11,7,True,0,16822,1145,57,7,3,3562080362,3,1,2444444444,702,3,2444444444,9,1787074381822826
Ff1WtZ5mcqjoDaYqEysuGU3Y4TAntBQc4k5BYx3Wpump,3,2,False,0,14071,0,1,2,1,2229223,1,1,1114612,0,2,2229223,9,1787074379071328
3bqT5qATzGz6bUt5VkoPZWL4W4vjuY5eVbsfUjXGpump,1,1,False,0,14983,0,0,1,0,6701617,0,1,-6701617,0,1,6701617,9,1787074378983333
9a7vJiGcQC4J7sM6gZPgxZx4ezqsgbcYdVV6tpBQpump,1,1,False,0,10005,0,0,1,0,860407,0,1,-860407,0,1,860407,9,1787074374005560
MPCGUZ9fXaeCuLRjmDadPqtAjNJTkd3oZJqsTdKpump,3,2,False,0,7610,0,1,2,1,2515377,1,1,1257689,0,2,2515377,9,1787074371610493
FcPgK56ngstaXxisMByDXmFW2r8Mrg5oMc8tqSQspump,4,4,False,0,7597,1,70,4,1,108001203,1,1,977777,0,1,104103596,9,1787074371597494
Z2xDpLQTh7igJEaAy25ph2VA5gVEpFRrEJ4TUU1pump,114,80,True,0,8566,3546,7376,80,11,2117467269,5,4,171452487,1070,8,336984850,9,1787074371566001
F6RGSDn9WQ22UZ2Fntwskw6e6Gp4h1oAdtvY4PW6pump,61,22,True,0,6244,7130,4381,22,2,767067547,2,1,79282530,1622,4,140620394,9,1787074369244607
DaBj1QqbYwoeRfT2JVMeBouGoB5i9RBmXxNBVbCHpump,20,5,True,0,6167,4444,2086,5,2,110319080,1,1,59259258,0,1,59259258,9,1787074369167607
Frc2DmXyxLvTVx4DJCcgH15xLtY9P3YEWPraEdp2pump,61,41,True,0,3441,4199,9119,41,6,7073742455,3,3,576156276,3958,7,1491052100,9,1787074366441324
BmzJ5BzNEbHXvy84BYcb8w8b3RU6BgkH6S34UXnvpump,50,38,True,0,3382,10180,3503,38,3,7269655923,2,2,664514886,6370,4,1329383280,9,1787074366382324
EfcAjjbHAh2cgHbEaAYqF8qgz8xsG6UxRvmL9sihxYvJ,36,32,True,0,3366,2658,2404,32,9,9609442096,4,5,3401445937,1407,7,4212661643,9,1787074366366324
AETBZopyr2hVaoqPG4d9Zdoy13JuutUyW36Zx5LTpump,2,2,False,0,1046,0,47,2,0,129819964,0,1,-977502,0,1,128842462,9,1787074364046665
qdERCB3H4HuusXJaaZH6WanasYxZ83RQyNsjSAkpump,3,2,True,0,1042,1644,0,2,1,381197241,1,0,197613557,0,1,197613557,9,1787074364042665
2C6NBJszGUgiDDSwAzzvWT8kPDBv3aaC2Vh2GZqApump,2,1,True,0,2011,0,0,1,1,62944553,1,0,62944553,0,1,62944553,9,1787074364011666
BeKQ9B9W9fmaXiEFiE5574Kjyw9tT5psUjFiBJvZpump,5,4,True,0,1993,0,352,4,2,557405935,1,1,12832571,0,1,343161296,9,1787074363993670
24qPHs5KK7wqr9nqTStFUqsmwsFxUiCor8jQu9Qipump,23,22,True,0,1990,6150,7952,22,3,591119852,2,1,63210911,3749,3,122854540,9,1787074363990667
4V52oK8McmdFgCbawStfiAydbw3rnppfiTMxAPWVpump,8,8,False,0,1952,0,5028,8,1,38885516,1,1,2025638,0,1,11286449,9,1787074363952666
24qPCKdD7pyyneLVu8MnAEvGjBZuc2sDHiR1wsdppump,17,14,True,0,1896,28063,2590,14,1,463523509,1,1,85096179,0,2,85096179,9,1787074363896667
YEcyStyHF112GtRXHJFagkqSAuGenSnVqCX3e7fpump,3,2,False,0,1881,0,2,2,1,4821777,1,1,2410889,0,2,4821777,9,1787074363881667
YKWaWhTTfvaPWjo4Qm5rotj5ECu9sCsVy237PEipump,149,116,True,0,1861,2117,3266,116,71,24543960055,3,32,461651183,162,34,13994026410,9,1787074363861666
BhP2FJ1JD7oRHKk8axeup9WG6X7c3NPuDEkb1X8ypump,2,2,False,0,604,0,51,2,0,189439402,0,1,-81961335,0,1,107478067,9,1787074362604196
AHbVsNsNSMXkFFyJCb79CicBCUGu7RkDfWDdjy7ipump,19,16,True,0,576,1328,5239,16,1,102161258,1,1,10877620,1240,3,30361026,9,1787074362576195
EqQxpgUiaL7WRGwoeBzAwmHtZRJqE6nsuxsZooZRpump,189,141,True,0,564,100162,8857,141,8,69768641212,7,2,5216058823,5391,14,13686162619,9,1787074362564194
2MUW4ws73FHu5B5DuBk2ac1s1Rb9UPDZM8Gx5rMDpump,40,40,False,0,549,,0,40,5,0,2,2,0,,4,0,9,1787074362549194
4ZX6tYHowWFoGnHh44HtR54x8ictQWKBHbYPbuKApump,207,140,True,0,542,398,2804,140,75,90429855653,5,6,4928331260,733,13,9592110544,9,1787074362542194
J8gmXhSmPEjZu6A5UZDL49r4cJGLRkwDVG6CoPkfpump,2,1,False,0,254193,0,0,1,1,1000156273,1,0,1000156273,0,1,1000156273,9,1787074356193455
33WbdhuLAtmNHY9Y7ALCC6HwswHerN5kYzC2AviGpump,1,1,False,0,247603,0,0,1,0,740624999,0,1,-740624999,0,1,740624999,9,1787074348603752
7Uwg48zdxx17cBQ1TH568eM5yrqnFvXC1sK6qrU7pump,5,4,True,0,244810,0,655,4,0,1377069513,0,4,-317481565,0,4,1377069513,9,1787074345810100
4FnqCuT1AxJzsBEzrFxYJpzKYFv2JqGLsrktpaHApump,3,1,True,0,244782,0,0,1,0,45601997,0,1,-45601997,0,1,45601997,9,1787074345782098
2diUc6WN1DPsVZHLovYdApc3Ark3VRiVhinyGj4Lpump,13,1,True,0,244719,0,0,1,0,2629430674,0,1,-2629430674,0,1,2629430674,9,1787074345719098
D5nGbpuyLAYxG9XJjZ3WPmkMWoBJ42cKsr8tDwvkpump,2,2,False,0,238092,596,0,2,2,1760000000,2,0,1760000000,596,2,1760000000,9,1787074338092616
34EgELnsALPfAZjeajmjfdbF5rxYkhEqC7kX1wNuNexi,1,1,False,0,238044,0,0,1,0,205429800,0,1,-205429800,0,1,205429800,9,1787074338044616
5bym3pheUDteKVKK9PBbzzUw1TuJ9P9ismTPiLVVpump,2,1,False,0,221268,0,0,1,1,5728395059,1,0,5728395059,0,1,5728395059,9,1787074320268542
hESwD9ZDMipam1WPSnPea2TnRspx5ZqRgcLm5n7pump,1,1,False,0,216681,0,0,1,0,79012343,0,1,-79012343,0,1,79012343,9,1787074315681503
2QhCAuKx8Ni13CFYKbUNNh8JQRtS3Gd1h4x7n6Fppump,1,1,False,0,213446,0,0,1,1,24415835,1,0,24415835,0,1,24415835,9,1787074311446238
AD7oDS8r34jmEd7VFAAtomdwHoSWKe2u62dyRokq36k5,1,1,False,0,207273,0,0,1,0,1047903318,0,1,-1047903318,0,1,1047903318,9,1787074305273331
FjjZgHNigpF69N6A3Sy8purs6RfiZDq86aoJw62Ppump,1,1,False,0,202684,0,0,1,0,353212266,0,1,-353212266,0,1,353212266,9,1787074300684433
HuzjVH4nkHV8YkrS898HunEvwam9Q2MQYiQqaTLfwSRg,7,5,True,0,198714,1042,0,5,5,1783216199,3,0,986574226,512,4,1184105089,9,1787074295714885
GRmCFi2ebbyrq6UoXbonNmHovQehVcuX1vTfiqgypump,2,2,False,0,198594,423,0,2,2,1698765430,2,0,1698765430,423,2,1698765430,9,1787074295594888
7pPAU3GB6Ytf6HqQBZVA2wn96KdjaZJgkmGK8hijpump,7,6,False,0,196240,2759,2752,6,2,502500718,1,1,246913579,0,2,246913579,9,1787074293240434
7VNRBcFqKhBoyQGHahrzczBxzBEkBFsdzDTYAsD2pump,3,3,False,0,196199,0,1149,3,0,2920771536,0,3,-1032848117,0,3,2920771536,9,1787074293199434
FeAcCRqXAV3Y1FyrZBdDfLoGcUMj9rAUfrd5PpFnpump,16,15,False,0,196130,6350,1514,15,8,18379028568,3,3,13123000000,5180,5,13320530863,9,1787074293130918
Bydzbc3QtT7TnXgUsaKqdYMmFBeFAe643gXRgtcYpump,1,1,False,0,193492,0,0,1,0,9359264,0,1,-9359264,0,1,9359264,9,1787074290492485
2yJiDwF96ubSNj3iess9z8sVenQQia2Ka7fSuoFUpump,1,1,False,0,188390,,0,1,1,0,1,0,0,,1,0,9,1787074285390661
QX2FVJn6jnb1gKRvKREsLtEMrEWZZzzyRhMy138pump,5,3,True,0,169329,0,832,3,0,380387276,0,1,-76855452,0,1,183592995,9,1787074265329937
2vyJN75DNMWhqoaY5f51L9Ls32X9aLcBS3qTDfjwpump,5,2,True,0,153122,0,332,2,0,1126519589,0,1,-543703955,0,1,582815634,9,1787074248122855
8owFxWD9o3psSC4vbTr4Hx61DwnYEZF67VaPsjdhpump,1,1,False,0,148563,0,0,1,0,740624999,0,1,-740624999,0,1,740624999,9,1787074243563277
AqifVBD2QWjdK57CP7WaTKoVGAV7SxuBHCidi4ZCpump,1,1,False,0,146604,0,0,1,0,99999999,0,1,-99999999,0,1,99999999,9,1787074241604872
55Av5fdwkJ5GzUA2YDhCJdgdVHe8do4wZ3Z7hYLpump,4,3,False,0,128902,631,593,3,2,3437037033,1,1,1481481480,0,1,1481481480,9,1787074222902171
7q4VDEHX1GjWQSx94hqSmPwxUq65LNfxoYHCF8mYpump,1,1,False,0,123668,0,0,1,0,15113477,0,1,-15113477,0,1,15113477,9,1787074216668604
6juVPMLPFzX4nx2eWmMjQw1MZvG1rdgW35da3R7hpump,2,2,False,0,114184,0,37,2,0,87823794,0,1,-32277430,0,1,55546364,9,1787074206184681
E6qq6xnfHqWKEP9nmD3aZuzEaPE5Rd9h2MVCCahUpump,1,1,False,0,112083,0,0,1,0,10439602,0,1,-10439602,0,1,10439602,9,1787074204083523
E389bNEBPBuNkovrFf6LuvY4LTuEjD8d9qwY8TaCpump,1,1,False,0,109943,,0,1,1,0,1,0,0,,1,0,9,1787074201943234
AYWNRcfuhd27vBqn8cv32WsoLB2PBA5ioVHxv5dypump,1,1,False,0,106186,0,0,1,0,100729150,0,1,-100729150,0,1,100729150,9,1787074198186756
4tF99sxoYQrFRjezqwSyyENU4jXuQzXf8gfvbsYTpump,1,1,False,0,100499,0,0,1,1,12729929,1,0,12729929,0,1,12729929,9,1787074191499042
DRGR73fa8r7V9FRDra2yVntgzYzGJ7bz9MZZYJotpump,150,97,True,0,100348,15586,2760,97,62,67584873199,11,6,11822716048,5131,22,13109816058,9,1787074191348042
DBHwozihHGPzAVmcDpywrrVBKaBedeUCyAHSoSzCiwcD,2,1,False,0,92960,0,0,1,1,4596774193,1,0,4596774193,0,1,4596774193,9,1787074183960775
BxmxMxrVG3JkxVjpisa4hYshFfcjQNQErZkLKeHypump,1,1,False,0,89136,0,0,1,0,1178790275,0,1,-1178790275,0,1,1178790275,9,1787074179136241
9zukSeYGv8FaoEqrp7oU7Zc4TLepW25cRaNKrA9Apump,2,2,False,0,87004,0,781,2,0,3007169864,0,2,-1762117527,0,2,3007169864,9,1787074177004463
3mkfMXLDDoEv3Bzn8PEkkmt9if76xc3vZfQWuDv6pump,18,17,False,0,86949,1647,5036,17,3,315409157,2,1,64269717,1453,2,79413779,9,1787074176949463
sHhR1nBVjY9ku3py7H4c1NGfG7oq6DME2r4PWGFpump,4,2,True,0,76320,,0,2,2,0,1,0,0,,1,0,9,1787074165320247
5GB8uyhAfGuMx47gidCvKCad5gwP9sz1AtMYEtnLpump,1,1,False,0,72888,0,0,1,1,8965800,1,0,8965800,0,1,8965800,9,1787074161888464
4rCRgEBfdn6ZFnSB53Mp7mKAf6pWX3nnSeGoqLaqpump,1,1,False,0,68506,0,0,1,0,34909404,0,1,-34909404,0,1,34909404,9,1787074157506105
659umAgn8SwXRqch9SJzuAbS7J8i6awyPQhvJFdwpump,311,3,True,0,66028,144,135,3,1,815087544,1,1,380044734,0,2,741979675,9,1787074155028647
Cdgf9NRzCM7suQCHYf71mDLxrw4HzSNQHZnP3yexpump,3,2,False,0,64472,0,1,2,1,2504157,1,1,1252079,0,2,2504157,9,1787074152472096
8dcTVFWTY5dEFsonZxiGmuBpKh9CkJo1hgjuJC8Fpump,3,2,True,0,60148,9,0,2,2,1001839510,1,0,987654320,0,2,1001839510,9,1787074148148561
CQeDgFajjEBNDeyi6P9XToGskjy1s1LRJ5dSXH6Xpump,3,2,False,0,60107,0,2,2,1,4544619,1,1,2272310,0,2,4544619,9,1787074148107861
CGZK9UxGJXH2Phzb7B6RHnjxKJoYsRGT2toEaU5ipump,2,2,False,0,53881,0,13,2,0,40140134,0,2,-20083458,0,2,40140134,9,1787074140881382
3bczSgaiPNK7qUSyRG7snp2LEfoJeVEDpKUAPYZmpump,3,2,False,0,53669,0,1,2,1,2062063,1,1,1031032,0,2,2062063,9,1787074140669353
A2xfCk9dPC4fDBWS38fhFhf8P6M1TjoxQRYxK4wZ9kWV,23,22,False,0,53541,3905,1736,22,15,17357764291,7,3,7739931360,3079,9,8913264693,9,1787074140541354
2s6vF7dW6yAmGTVFnmrbbwy1zc4tidirS9de9FpRpump,5,5,False,0,49190,172,3,5,1,312108302,1,1,98765431,0,1,98765431,9,1787074136190245
4V1GYsgpPBzhaz21wQCJZEshQMb11cVVW61MuuSnpump,1,1,False,0,47824,0,0,1,0,23212272,0,1,-23212272,0,1,23212272,9,1787074133824986
Bu1HgSPsrq3ePENKaKAsQ38U3K65PEgg1YXLDBqdpump,25,14,True,0,45466,8307,6436,14,3,181695610,3,1,50190638,4941,4,61969636,9,1787074131466015
HNZvPXcK6b7T11A6nLH7etYrcMXwfmqXiAv5G3Qrpump,3,2,False,0,42946,0,1,2,1,2613251,1,1,1306626,0,2,2613251,9,1787074128946090
BprzdEi6ENbXHukVLrNE6KpJa6NeZkouzE2Fwzsk1gKz,1,1,False,0,42006,0,0,1,0,430015666,0,1,-430015666,0,1,430015666,9,1787074127006659
CbhpVzasKoGuNKFaiKKBMfpiBxwYuVSLQPBuW8Cypump,18,11,True,0,38163,224,0,11,11,609221953,6,0,396810128,149,7,448218104,9,1787074122163098
FGSFfV4oYKjFSydwovbLZdTFKDMR56GU4djcqgkXpump,3,2,False,0,35782,0,1,2,1,3338611,1,1,1669306,0,2,3338611,9,1787074119782731
89Rv8kZ5AwRPpkHB4g52kWi4bRw8G9PBs7ZD28kXpump,11,4,True,0,33213,0,210,4,1,848663472,1,1,498666666,0,1,498666666,9,1787074117213096
CmNBhLRd6i6LT5ZVJaUiFYxDcfq3qxX8oeYpHPWypump,3,2,False,0,29176,0,1,2,1,2052505,1,1,1026253,0,2,2052505,9,1787074113176646
8YS1kYVEdQKPR7ZQszF9jiHgbTWHWXiZkAt3q49Apump,1,1,False,0,29102,0,0,1,0,76341888,0,1,-76341888,0,1,76341888,9,1787074113102640
8yvq6Eu9Z9ZWAva7afHya8UiouQFH9ZCX9LtjR1Npump,3,2,False,0,27941,0,1,2,1,3060937,1,1,1530469,0,2,3060937,9,1787074110941838
BG8jQaEW16LGtsuoN4QfSYSrCEm5Ckej7VsN8xMUpump,2,2,False,0,25585,0,87,2,1,17163609,1,1,2411034,0,2,17163609,9,1787074108585052
DWHGhDArW9YTwKMr9R44jjfevo5FM2i9CKhZd8RCpump,4,4,False,0,23399,0,103,4,0,1775997111,0,3,-14498144,0,3,1761498967,9,1787074106399682
8JB2hqz3iLBBSYUjrsowAaaKnWJtMRS7DbLADxjPpump,1,1,False,0,21785,0,0,1,0,6312362,0,1,-6312362,0,1,6312362,9,1787074103785666
SE3fFnqd8GzPWTeNNahrma4iPY76sVUTeB66yVtpump,1,1,False,0,19433,0,0,1,0,26010085,0,1,-26010085,0,1,26010085,9,1787074101433654
8Mh4nkve6NhguLjTwuSB7fvXesjctwm3o1BjbhjBpump,16,15,False,0,17669,2654,2097,15,8,9782917626,5,2,4674450332,2511,7,5542669566,9,1787074098669639
9mh3dMC6KSSzPLNfGJNw3rLS63QnysCNVNH93e4Spump,3,2,False,0,17579,0,1,2,1,2032681,1,1,1016341,0,2,2032681,9,1787074098579637
Arz7iXW9BcTV3RR5HMfkdMfLxWkNpMeCYsFJDVgLpump,1,1,False,0,15218,0,0,1,0,19132703,0,1,-19132703,0,1,19132703,9,1787074096218386
DL77Ho3A9PvZQeGgUP8gysshbqMqG4svcfwugZf6pump,3,1,True,0,14937,0,0,1,0,115472477,0,1,-115472477,0,1,115472477,9,1787074095937363
441VBwN8ziKGYCGVELxanX4wcs7NqcxmBmfjyKcRpump,5,1,True,0,14889,0,0,1,0,180981520,0,1,-180981520,0,1,180981520,9,1787074095889361
7iJMiKhioz7LUbi9HE9LHN4gTCwyTW1dNs4T2Msypump,3,2,False,0,13947,0,2,2,1,5112665,1,1,2556333,0,2,5112665,9,1787074093947312
4Cd3561ucBDvVhvEdxSTMv9EwLNvM8mPZW5maY8dYMiq,3,1,True,0,11780,0,0,1,1,488888888,1,0,488888888,0,1,488888888,9,1787074091780271
FpokBxFtPyeBYCpwYrnCxtWR4Dr1CVYX8VPHjVUCpump,57,9,True,0,11437,0,1576,9,1,3945329192,1,3,56208162,0,3,1987249641,9,1787074091437276
31hHwvnsy1bJLSPxex2r8nRMJpmK4zfs4yQY9sYtpump,2,2,False,0,9038,0,1005,2,0,4724254,0,2,-2800645,0,2,4724254,9,1787074089038467
59TN9tv8Bub4UDDXiQj31BvcXwNbknLe3x8ktHwPpump,3,2,False,0,9884,0,1,2,1,4489575,1,1,2244788,0,2,4489575,9,1787074088884472
A94PTGwRH1kBTEXUkgnjCytK8Uhe5VEyQfwVhhn2pump,4,4,False,0,9849,74,533,4,1,1082932943,2,1,196136700,61,2,867182573,9,1787074088849471
4AHMPbuRLA8adFfdtQhyxL5KiicHGDuap7qWPoUmpump,56,17,True,0,9820,4002,0,17,17,8183202987,6,0,2898960858,861,6,4380442338,9,1787074088820470
6qFhtdggYQbxyzx4iZU5XoxuSwQWiii5MJwt21F9pump,32,11,True,0,8184,9,3912,11,4,1699483406,2,1,35473443,9,3,1327850125,9,1787074087184707
4oKB9d8e2ivbhpLZBa18NaNdQikthrKghLnrAUs2pump,1,1,False,0,8031,0,0,1,0,267337,0,1,-267337,0,1,267337,9,1787074087031709
C37a3o83Y8e7ZPnVFY2ZYAjMgHEWuPa3V2mhjXuspump,99,9,True,0,7945,1930,123,9,4,3183071364,4,2,2984357357,1331,4,2984357357,9,1787074086945195
HcKdNrGPPNE2A5TtPdPpDtryQeVLkEsXT189amGNSfgN,6,5,True,0,6668,1101,0,5,5,2195919213,2,0,858821784,183,3,1376333734,9,1787074085668012
7EpDApnFpM79aZWoDF2rQ91fk6v3P4Fw4R8bDESWpump,1,1,False,0,6491,0,0,1,0,355529835,0,1,-355529835,0,1,355529835,9,1787074085491012
oh83tewbBFTWAyExafvRKqhpJbZyK4w9qa2aJ2jbPWW,1,1,False,0,7454,0,0,1,1,146666666,1,0,146666666,0,1,146666666,9,1787074085454011
4cg3h9i6KDbGH9TTEEWBoME4GtVr6FLSJ4gm1EzEpump,1,1,False,0,6087,0,0,1,0,1975308640,0,1,-1975308640,0,1,1975308640,9,1787074084087947
GncJk4Bqm9JtZziVTpCC4bJsF19NdhivJuaR9fCUpump,14,13,True,0,5938,0,895,13,5,2285707259,3,3,93086417,25,4,2011899706,9,1787074083938945
DivVeDkhj3A4pz2GWVEnRX4yELvaS8Z974txkPqLHthb,1,1,False,0,4561,0,0,1,0,24108698,0,1,-24108698,0,1,24108698,9,1787074082561141
3j6y8xP74LA4Xutk2h5VVJMLrYQ7TqqQmkPP1veppump,2,2,False,0,2938,0,1412,2,0,1210359090,0,1,-411643125,0,2,1210359090,9,1787074080938938
2s9fEBesoN79Hu6crBfBu6p8xV6L29ogAgXpRQq2pump,18,9,True,0,2869,1624,604,9,6,5460567354,2,2,987500000,98,2,2876413107,9,1787074080869939
3aK7HT3HyzrB2Gx1n25KddWh6oJmSkbf9sXkM2Thpump,1,1,False,0,3529,0,0,1,0,670353,0,1,-670353,0,1,670353,9,1787074080529217
CC9G6nfciwBcd1Zqc8apDugxJWuWdWH5zbfuW8Kfpump,42,7,True,0,2279,3076,568,7,4,6674608850,1,1,1466666666,0,2,2605676414,9,1787074079279213
Ctsfp37yunKdo6wQsaoy7LkgGroKsd3NGUavx6kRpump,2,2,False,0,2223,1425,0,2,1,10261581,1,0,6334126,0,2,10261581,9,1787074079223215
7vBXRJm175S4pvz8SYYD7JPJqt2DRqxHEHgfhZSjpump,4,4,False,0,2146,0,1318,4,1,4406915993,1,2,102823930,0,2,3846839234,9,1787074079146112
3umkriYCJPtWuqhHedvENPoWpnU7p2j1Aw1ZNXwnpump,9,7,True,0,2074,773,749,7,4,3527860663,2,1,1145679010,102,4,2340738946,9,1787074079074110
C1Qzvsh3T8ktt6nUrxSjg7qn7mi1e26A23dR37Rxpump,59,59,False,0,2037,,0,59,6,0,2,3,0,,6,0,9,1787074079037114
GupN8i8AmyJsc7bgo9K17pR1ssNfKtEXtSTHAJ4Tpump,19,19,False,0,1970,0,6156,19,2,621532633,1,1,93686981,0,2,111091048,9,1787074078970115
4cqKcf3epsVZMvy1wzUugep6VCVzuMZ4Xi3RDQPMpump,14,14,False,0,1799,1913,2530,14,6,8418202461,4,4,3226666667,1585,4,3226666667,9,1787074078799115
2aKq3qxC6CRu6L2waXKTkrre91o8jHj4Pak9NGcKpump,162,27,True,0,1727,2339,2079,27,13,24567979575,4,3,3195465393,412,5,5799247270,9,1787074078727097
H7aVdNCfzCLmZEDK3kXnCigjL62v3KrAzHhpZ2Z2pump,13,8,True,0,1691,86,4,8,2,250820161,1,1,97777777,0,1,97777777,9,1787074078691737
3ffuhCcXTSmCzkFJxGGL9VUndmjHZCHatWqwVfvbpump,1,1,False,0,502,0,0,1,0,209635458,0,1,-209635458,0,1,209635458,9,1787074077502684
2RJwhPNmop21MB1eD2CnFUeqithiHR8vF4eVLSvtpump,129,129,False,0,409,56,8756,129,15,1669550075,6,4,63002577,4736,19,402610489,9,1787074077409682
DWsJZmhDkC3wWCyw63w525rJwAzhanpRNJVMf5Cspump,110,110,False,0,405,94338,8767,110,12,21854941945,5,4,2226803993,16104,16,3457201953,9,1787074077405684
3BygAcaBzyMdqTNGSa5WfhtNaQnFuTr69fLj1BENpump,134,133,True,0,1331,1265,6180,133,38,49372578998,8,10,3437398695,1304,19,8862979675,9,1787074077331681
4W1hzsJ65AaKihdPfYKXViqYUizK8Fri8xqZvy8ypump,97,5,True,0,1243,6229,1221,5,1,36106225,1,1,7265826,0,1,9092132,9,1787074077243681
JCxuvz1A9s7RqEjxfs9pQPBrrFeQoKuVXH3iP5t9pump,1,1,False,0,1117,,0,1,0,0,0,1,0,,1,0,9,1787074077117681
64Zb3JNf2kakejXms5edFoVBgQdpTVKntyjxpKRTnijz,1,1,False,0,958,0,0,1,0,980683505,0,1,-980683505,0,1,980683505,9,1787074076958685
UAGw1PaXyeoTDHg9oMqfyt1GpgM169bju6jL1r1pump,164,164,False,0,853,249,3,164,28,1373764986,6,5,991033225,208,20,991033225,9,1787074076853681
8qcw8uUha1Fn3Pp5ijAUXAsorbRvbW7kw7VCDvpkpump,19,19,False,0,745,0,771,19,6,5440843020,4,3,148060283,56,12,4194297085,9,1787074076745688
6onx45WsG44ZEPejY8TqoK8ik6Mb7qq1nk6v3VURpump,1,1,False,0,29087,0,0,1,0,1349702726,0,1,-1349702726,0,1,1349702726,9,1787071711087826
2M2bh7Hb7cRhT972jrEvVJyjEJAcWz57VjXbchzqpump,21,4,True,0,21552,451,0,4,4,2166957455,1,0,987654320,0,2,1969920420,9,1787071703552738
Gotn3D24ADBwpWxjUPWAdMPZQ6wtz1NxQZvSgQVxpump,1,1,False,0,21472,0,0,1,1,7506552,1,0,7506552,0,1,7506552,9,1787071703472737
9SajdsQujKQsn4KfCV4x9mhJ4b79uge47Ebm7pEqQ6JA,1,1,False,0,15614,0,0,1,0,1550720685,0,1,-1550720685,0,1,1550720685,9,1787071697614051
GcbFVivndRKiy3MaAgMtsyaSfWh4aqEn6PcyShbBpump,1,1,False,0,15610,0,0,1,0,7,0,1,-7,0,1,7,9,1787071697610055
9xNuTnrzFsTiCZim765WnVJtFUHqt73w1YX7aivbpump,3,3,False,0,12822,0,2529,3,0,49453752,0,1,-767349,0,2,33981830,9,1787071694822245
JAC7TuGanmUthUnDczyxqDsnBW6N94xG8GZYiozVpump,3,3,False,0,8187,659,3187,3,1,11208695817,1,1,2126814814,0,1,8567310870,9,1787071689187843
95KpDTv3NuqZ2jFnTFZ9xaYzqsCUzAWbUS9gW7Ujpump,3,2,False,0,5366,202,0,2,2,1219753084,2,0,1219753084,202,2,1219753084,9,1787071686366535
GVmPQStNkmE2Ea6CzCHJcL4CAxUFX3WZkh8iS7qipump,1,1,False,0,5357,0,0,1,0,27,0,1,-27,0,1,27,9,1787071686357535
8cHMb5o9k5yK72w3ZHE446ku3kDn6Hv1mGjnDCVZpump,1,1,False,0,5356,0,0,1,0,27,0,1,-27,0,1,27,9,1787071686356535
48TW1NmnPNFCEqsuqGWESDfapZpmYUkRkXr5KrDTpump,1,1,False,0,5323,0,0,1,0,42994301,0,1,-42994301,0,1,42994301,9,1787071686323535
63NeBFACYNfVzZWv5GxKGqCRibJouGNzirghU7Udpump,2,2,False,0,2721,289,0,2,2,1840951428,1,0,1166240888,0,1,1166240888,9,1787071683721897
5zAztny5oMuaSSfRhFQCFTZsvZ8JKoirtXHaAYmbvyKG,27,27,False,0,186,945,1492,27,18,20598386798,4,4,3361013090,679,11,8847254369,9,1787071681186616
DJvP7Xy2FVfqq3K4doeJCa3dLEPe9x8rVNcXArvwpump,1,1,False,0,182,0,0,1,0,27,0,1,-27,0,1,27,9,1787071681182616
4yghZG4UX4HNPuTsgop58imKCN1j3S8JrzeixAEDpump,1,1,False,0,36231,0,0,1,1,16691061,1,0,16691061,0,1,16691061,9,1787071667231756
5vYQyTQr7ALgtK4N49GEyeMs3WsKtXH2rcKVksbNgmos,2,1,False,0,28001,0,0,1,1,2962962962,1,0,2962962962,0,1,2962962962,9,1787071659001941
G9BBhVVVcE452s5U7EoGr2sUC1LyAcNv4qUbL2zuM3Lj,6,5,False,0,21376,3588,0,5,5,11877502307,4,0,11851851844,3571,5,11877502307,9,1787071651376100
GCombYe6p1EMsf7v6TTLWeepdqeCFz8YZ1JGebzupump,2,2,False,0,21370,28,0,2,1,1026666665,1,0,977777777,0,1,977777777,9,1787071651370101
4W2gJeijPNaa44X1UHH4Kez6a5F9iVb82uN7fqMjpump,2,1,False,0,21346,0,0,1,1,85005359057,1,0,85005359057,0,1,85005359057,9,1787071651346101
4W58Y3L5drGgn4AoKeyaqCFpJC9UHFDZC2eAfPokpump,12,12,False,0,10574,0,7636,12,2,9713087747,2,2,390829876,124,5,5778749981,9,1787071639574422
FbtyHyeqNpUVq92gusYp4HPCNwL9DPxKj7Zx5EKNpump,47,47,False,0,2429,7492,1858,47,20,22963651030,7,6,5357887228,1603,18,10326038976,9,1787071631429766
JAyTXrgzKJAVSsH8nFFynvZMG3PNUFXQZ3fJcc6Spump,2,2,False,0,2384,0,7,2,0,503827158,0,1,-10000000,0,2,503827158,9,1787071631384765
3EdDwu74B9NCBGkXmtGA9voyJ8uQr2dYTBFMbXxzpump,6,6,False,0,2382,,0,6,1,0,1,1,0,,2,0,9,1787071631382765
4W5DWMJ8WsjxzRAPqJqX5csVotD1Y8nndC8xriRPpump,1,1,False,0,2366,0,0,1,1,195555555,1,0,195555555,0,1,195555555,9,1787071631366766
WjtVYkUG2qVfxQCLYZmFm2uYKuMcvty6V8EDrjjpump,53,53,False,0,267,3354,4148,53,31,36454291942,7,6,5956766759,1492,16,17119265759,9,1787071629267123
cMCk6YFZoWkPRcFVWFaD5aMmHFvj7Abj2PZKDdypump,9,8,False,0,29371,3918,0,8,8,10052821668,5,0,5199999997,2204,7,9089656623,9,1787071613371456
ARXn6fcH4sfB6erfQsEHbhFSerMBxrWydJKySkDYpump,1,1,False,0,24150,0,0,1,0,1242227911,0,1,-1242227911,0,1,1242227911,9,1787071608150878
EDcJjANKDtsHDvTkFVQXzVJ56HrMFcKN6uCcTX3Epump,5,4,False,0,22367,9332,0,4,3,6786358382,2,1,4938281605,0,2,4938281605,9,1787071605367879
5NBTwamodVFt55mbbKojYLZkgmDDUjbSJ1XymgJ9pump,1,1,False,0,14511,0,0,1,1,97777777,1,0,97777777,0,1,97777777,9,1787071597511624
B7PKCAUcUEfMBXfAe1LdkT3c9rMDKqRvZDoZKM2Tpump,1,1,False,0,12631,,0,1,1,0,1,0,0,,1,0,9,1787071594631992
7zGhQQqriFH19ahTmeZhFjbADpsWZJb3ZYsEhgDfpump,1,1,False,0,12618,0,0,1,0,1975855037,0,1,-1975855037,0,1,1975855037,9,1787071594618992
5FbvwoNuiMxCWpuFRXoxMtKtHjnJft2pASXf5FSdpump,6,5,False,0,10071,9324,0,5,5,13093827159,5,0,13093827159,9324,5,13093827159,9,1787071592071169
93TeQdYS87wa654uGyVef975mDLwyYAF562kVf2xpump,17,17,False,0,7396,138496,5576,17,7,565414132,5,1,203457904,242,7,203457904,9,1787071589396040
BrkeYUeTjCsNrCtsqv8SiQMcMUZzxpfDbHGU8ngdpump,1,1,False,0,2056,0,0,1,0,433191994,0,1,-433191994,0,1,433191994,9,1787071584056492
39rfLr1Q2QmXnA58ShcAX2ngghmKZ6fGToBsug9Apump,41,40,True,0,0,0,4074,40,9,16083147520,4,7,488888888,29,15,8525399951,9,1787071581851104
C6UjUyxZhfF5qthtW3CY8twwzPFTHo9HbJyxqDjUS51,58,58,False,0,0,1489,3104,58,32,50266136174,8,7,5955404747,1510,20,17271422242,9,1787071581842103
Cv1qtdH8k7RffqT984bhtrKCanX4hGYv7hi8VYHQpump,1,1,False,0,30630,0,0,1,0,592592591,0,1,-592592591,0,1,592592591,9,1787071567630430
DwL8cmrjTuBbimA41La4WFrT4E5knooxPAT3eY8ypump,2,2,False,0,25573,265,0,2,1,989352235,1,1,-12450499,265,2,989352235,9,1787071561573443
EUXkM5uEABWx49haAmUFNNZ6A8Xc4i9T6W7wx1WMpump,4,4,False,0,25537,384,110,4,1,983762763,1,2,664535161,499,4,983762763,9,1787071561537442
99A6C8TFffZ6JFwDV32ikEscQJh6D7MsfFokA91Vpump,6,6,False,0,22938,1267,1393,6,4,5487302978,3,2,2933333333,1267,3,2933333333,9,1787071558938824
7e2RGEgKhSwnVf9sXy2g8ocNkHdHnD39HgPnLA2nMXUb,2,2,False,0,17255,363,0,2,2,1086807200,2,0,1086807200,363,2,1086807200,9,1787071553255994
365VBSYYqyWJesM4TNg6sXpw7y9dpB9naaHpV2Yxpump,2,1,False,0,12669,0,0,1,1,100000,1,0,100000,0,1,100000,9,1787071547669765
9jdxtFML431gvbeFsPq3NNnYZfq2x2QdX5NEvkF1pump,11,11,False,0,7109,2615,5151,11,6,7497651135,5,3,5117755794,2153,5,5117755794,9,1787071542109000
2LsVezXHQJR9HbDaCeokSW57N66H94tp77gdBKpApump,13,13,False,0,4503,11856,9967,13,2,927358091,2,2,285282970,1412,3,556983413,9,1787071539503731
BwydP2DH2GF86ZTvoJmSeZVSC749XhLqJ2hHxTkTpump,2,1,False,0,4501,0,0,1,1,100000,1,0,100000,0,1,100000,9,1787071539501738
Ds28H7uxUQw3XV8oJF96FxmaPumHqejK2orFtFuLpump,2,2,False,0,4442,0,5,2,0,33712599,0,1,-7981663,0,1,25730936,9,1787071539442736
JBoXSmG68Sf1AakXMaLmFACdyRbzcVPivie4W8Lmpump,1,1,False,0,162,0,0,1,0,79012343,0,1,-79012343,0,1,79012343,9,1787071535162799
J3J3CENnWupvqYNu9mboc6ZnNxTpqokXcU3Vo5t3pump,28,28,False,0,158,0,9837,28,8,393206693,3,2,51654984,3361,5,177758165,9,1787071535158804
rPJiZufxvY23Mh3xrckewVV5BoYdeJpsVpiuQDWpump,10,10,False,0,100,1210,2417,10,3,9873679373,3,3,4557441451,1210,5,5441822745,9,1787071535100803
FwGSHzaNVeifteud9HyGmtJjzpJ9yRZnt5mXBg71pump,1,1,False,0,39004,0,0,1,0,10483663,0,1,-10483663,0,1,10483663,9,1787071526004179
Cd11bKTP9qcPr7Pr3QBub8StvxA3UHctivGhGhZxpump,2,2,False,0,26490,500,0,2,1,1787391614,1,1,-306141614,500,2,1787391614,9,1787071512490628
G5V7PZozQ77CXzhAGAaLPz8q7SHuKSWoh2QmSZeDafyR,10,9,False,0,7833,1956,2089,9,5,7478064697,5,3,3746846137,1956,8,7239429453,9,1787071492833495
BPyXzP6WE796xCT3rvVtFNTL1AjLwFss5XQBQdRyxKP4,1,1,False,0,5334,0,0,1,0,72968880,0,1,-72968880,0,1,72968880,9,1787071490334605
FyT7k6QJTotMyMDamWYTfgSgA7dTeRutVFFyEVpMPcGD,1,1,False,0,6292,0,0,1,1,64044083,1,0,64044083,0,1,64044083,9,1787071490292506
JC2AsYN4xTvqzkQRAW8D3v8uSBpk1J1aiSGAqREKpump,41,40,False,0,3765,4078,6315,40,22,57330920419,7,3,25134968441,3194,10,26969593060,9,1787071487765503
CdS5QqkbzPpZ17t7Z1xv9a6mVyuUNSFU331rQWPbpump,5,5,False,0,886,3409,8486,5,1,46016831,1,1,15907549,0,1,15907549,9,1787071484886159
DqmCoj98v6ichdVTYeoZoXSX3d85HkDeV2gxVjAxpump,52,51,True,0,850,5451,6761,51,19,41029636081,10,5,14164630799,8648,14,15692852590,9,1787071484850159
G6CzwDuRer7JVRjT5okNLrx8gmvtd4HJcGEGKPCMpump,13,13,False,0,836,8911,9656,13,3,494633155,2,1,93630871,2338,2,182996753,9,1787071484836155
3EbmsFRaxwrqC4PB7SrT1wjvE64bbUsYj4dFNi4Wpump,36,36,False,0,0,188,7938,36,11,13190485859,4,4,1955555555,63,10,4385068866,9,1787071483983158
28azdhuyttWsy1Cxdp1BLsMWU1YXan2BMjdQD7nPpump,24,24,False,0,0,2841,9718,24,6,248412179,2,2,32225500,3626,5,61581579,9,1787071483951154
6TBoYifkeUFiv3g8rFqHKJwGVtDkd99iuuzGLF9Xpump,1,1,False,0,41784,0,0,1,0,9999,0,1,-9999,0,1,9999,9,1787071479784981
GJnisvWUqQkryGd6aEu6AEu4jkwzod8Wp9UQ2tj8pump,1,1,False,0,41783,0,0,1,0,99,0,1,-99,0,1,99,9,1787071479783981
BcT7yw2i9vsup8r1VQ1EwqyNHdjytB6qBtHqsuhnpump,1,1,False,0,41782,0,0,1,0,9999,0,1,-9999,0,1,9999,9,1787071479782980
EAPuNNJ8po1hsyVuJT4xEdHFEUXPBdGKujAWmFJXpump,1,1,False,0,41723,0,0,1,0,9999,0,1,-9999,0,1,9999,9,1787071479723979
B8FpNxdyjeGEDvMqsTYfwa6qfDZYSi3UMg5Q8UQ8pump,1,1,False,0,39175,0,0,1,0,9999,0,1,-9999,0,1,9999,9,1787071477175857
D7SnfVVuZRrjPXbms9ARxCwCforLyyq6xwjtjSKMpump,1,1,False,0,39173,0,0,1,0,9999,0,1,-9999,0,1,9999,9,1787071477173856
D3vwaQWvxe2Ljvor6o8d3LAimYoLEcd8MuweVYL3pump,1,1,False,0,39172,0,0,1,0,9999,0,1,-9999,0,1,9999,9,1787071477172858
J9TU2bUzc7ebXUGhKmJ3uUx39D6noFU6yZ7dEHMppump,1,1,False,0,39170,0,0,1,0,9999,0,1,-9999,0,1,9999,9,1787071477170858
9Hb4VN7bvpNeSF7vN1NzdvrLvPjMi4D92qHFkQFBpump,1,1,False,0,39170,0,0,1,0,9999,0,1,-9999,0,1,9999,9,1787071477170858
98eGRHg8KdJ2Mq5Tr8D6u6pv5GAgF3Lwx7HXNChvpump,1,1,False,0,39169,0,0,1,0,99,0,1,-99,0,1,99,9,1787071477169857
4nVJM1A3JP4hfFG7HXA2DT1P9AMvrVxhftRwAMuNpump,1,1,False,0,39168,0,0,1,0,9999,0,1,-9999,0,1,9999,9,1787071477168857
DmbkLtQm298dCMiDKzrSXbM9YDPUPX71pYvVnpwzpump,1,1,False,0,39166,0,0,1,0,99,0,1,-99,0,1,99,9,1787071477166857
32cEGVhsbJ7CuD5bKVNwHGKws9X7gxcqq2Ajz6xGpump,1,1,False,0,39164,0,0,1,0,9999,0,1,-9999,0,1,9999,9,1787071477164859
7x9WPrsMRptb5RfganLc11MGmegBk2DdXHjbghF5pump,1,1,False,0,39163,0,0,1,0,9999,0,1,-9999,0,1,9999,9,1787071477163858
H2whpWkGZBHb9DeKWPR925ohSmaRmG79dsAMqBS8pump,1,1,False,0,39161,0,0,1,0,9999,0,1,-9999,0,1,9999,9,1787071477161856
GCKiDwfa1GRqg5DdUxev6vyt6uAFxPGbBCr8xVD4pump,1,1,False,0,39159,0,0,1,0,9999,0,1,-9999,0,1,9999,9,1787071477159858
2u3pWR2uT7PDXtaEFBkuc6bZmwRhtAMCtj4qnafrpump,1,1,False,0,39158,0,0,1,0,9999,0,1,-9999,0,1,9999,9,1787071477158856
3rSDjFREMPPb5R6M9Nfyj1QudiGrUBuiU8QDsJs6pump,1,1,False,0,39157,0,0,1,0,9999,0,1,-9999,0,1,9999,9,1787071477157859
AruHvuTCnDCWc8VyXhKHT44EBxdXB6SqxAX1Mk9ipump,1,1,False,0,39154,0,0,1,0,9999,0,1,-9999,0,1,9999,9,1787071477154856
6uoZ8Gi5t5m3AdvZcZ7MNAzCPsh7RMnKFjCiNBe8pump,1,1,False,0,39153,0,0,1,0,9999,0,1,-9999,0,1,9999,9,1787071477153858
DgFRf36h37StqpsgSnKHANJ73HJf3CHjWyyDi6nKpump,1,1,False,0,39150,0,0,1,0,9999,0,1,-9999,0,1,9999,9,1787071477150859
8fTT4FE1VHXZDvPJQ16z2CXm1nBPt8XwhCtYR244pump,1,1,False,0,39149,0,0,1,0,9999,0,1,-9999,0,1,9999,9,1787071477149863
9LbAKZTnVB361pjkQDsjZ3JhQZqwhYZLfq79wrcFpump,1,1,False,0,39149,0,0,1,0,99,0,1,-99,0,1,99,9,1787071477149863
2zzyz4jUfGLQzZ6CAHpUWSiNWjafDLdHdpBtqTmQpump,1,1,False,0,39148,0,0,1,0,99,0,1,-99,0,1,99,9,1787071477148858
ALoRACVMd3KpJR3Qe6JFtsAYrFZSDYXqvikTumENpump,1,1,False,0,39147,0,0,1,0,99,0,1,-99,0,1,99,9,1787071477147857
6HgTgcRtQKhggYMqFcnf8bX6zsb71Y764rs1bQsApump,1,1,False,0,39145,0,0,1,0,9999,0,1,-9999,0,1,9999,9,1787071477145857
BVbaTy8aT81VofNSxeviBN5pcfyv87AbL2isdVDupump,1,1,False,0,39144,0,0,1,0,9999,0,1,-9999,0,1,9999,9,1787071477144857
8iqxWps76QhLAixKv3b2ZLsxUatP2gHswLvxeSLopump,1,1,False,0,39142,0,0,1,0,99,0,1,-99,0,1,99,9,1787071477142856
A3zgKhPmkgbMqGhnfv1ouJVCWBikc1qncTtSMr6gpump,1,1,False,0,39133,0,0,1,0,9999,0,1,-9999,0,1,9999,9,1787071477133856
FRRHgGg9KbLipMGE7xrChZDu26yWVb7Q5jFTV3nDpump,1,1,False,0,39131,0,0,1,0,99,0,1,-99,0,1,99,9,1787071477131858
66YY3wbmZgVHkj5yMYWbJpEQCWkJGMxUMJZ4Y6Kjpump,1,1,False,0,40121,0,0,1,0,9999,0,1,-9999,0,1,9999,9,1787071477121857
H7xQ1DAqYdT9Yb9MF7FiqnKVcXYVupNTd9aWVnA7pump,1,1,False,0,40119,0,0,1,0,99,0,1,-99,0,1,99,9,1787071477119856
EVXH6dEL1r7vM8K2fJcpH1AJaN4Y98KXBdpowKXZpump,1,1,False,0,40118,0,0,1,0,9999,0,1,-9999,0,1,9999,9,1787071477118858
Fqwc2hQK2d2T324FgSKEB5DLkJqCcWnSxMsJfjRnpump,1,1,False,0,40117,0,0,1,0,99,0,1,-99,0,1,99,9,1787071477117858
5LocChriyyBQETQepYXF1RGevzB1VkptjR3MHkQ5pump,1,1,False,0,40117,0,0,1,0,9999,0,1,-9999,0,1,9999,9,1787071477117858
6U9dZDScmJKof73vWypkmSN2VwrbtzKQBxynJBFnpump,1,1,False,0,40115,0,0,1,0,9999,0,1,-9999,0,1,9999,9,1787071477115856
AK524wA1KNQABS1acKfnt4WXCo7MmVFVKAsayTjmpump,1,1,False,0,37459,0,0,1,0,9999,0,1,-9999,0,1,9999,9,1787071474459796
DYW4xHVbRe4c7wcPkkpZ82djtbpCGVWm5hBnEJYNpump,1,1,False,0,37459,0,0,1,0,99,0,1,-99,0,1,99,9,1787071474459796
EB839eMDXPdTgvSJDV73qZc4iAqCpPfFrdjk22y1pump,1,1,False,0,37458,0,0,1,0,99,0,1,-99,0,1,99,9,1787071474458796
2p2Xkgpgnpvnwin2JkVEUqRpuWwhrtxwLxrbyzSHpump,1,1,False,0,37454,0,0,1,0,14057014,0,1,-14057014,0,1,14057014,9,1787071474454793
C1dh7hdX1QL8BigvMgcoY3pjjriUvCDvEUDE91e2pump,1,1,False,0,37453,0,0,1,0,99,0,1,-99,0,1,99,9,1787071474453793
2JQC3ic6D4f3bxxUZX3F6YLXoupDEb6bGvPcQvaDpump,1,1,False,0,37452,0,0,1,0,99,0,1,-99,0,1,99,9,1787071474452792
Eu28ALFQrnbSb2qBTvV4B9b3UsrPivKviVvSdmkmpump,1,1,False,0,37450,0,0,1,0,99,0,1,-99,0,1,99,9,1787071474450792
4ALTMDtBJ3Fe8UU9ao8mXb4izxqo8Tq1QYpMDeGZpump,1,1,False,0,37449,0,0,1,0,14064568,0,1,-14064568,0,1,14064568,9,1787071474449794
8HDTk46ZC4YaauF7JoRGosRxgFMaJ2BXMBC7nmGRpump,1,1,False,0,37447,0,0,1,0,99,0,1,-99,0,1,99,9,1787071474447791
9FHb6WtKT6xrC1ksjgkBeC81P8hNHVrMaLA4mbNKpump,1,1,False,0,37446,0,0,1,0,9999,0,1,-9999,0,1,9999,9,1787071474446793
3j6VSKQH5o8rjXBvuRmC97a7wyPQznH8h23dmmaEpump,1,1,False,0,37445,0,0,1,0,9999,0,1,-9999,0,1,9999,9,1787071474445792
CThQmfpdAvTzimjbs7MnsSQJKVhv6oQXZbrneWcEpump,1,1,False,0,37444,0,0,1,0,9999,0,1,-9999,0,1,9999,9,1787071474444792
FtMyUinSqkzi8pTEBFS8qCe9HFKbNCvXm6J6QQZWpump,1,1,False,0,37442,0,0,1,0,9999,0,1,-9999,0,1,9999,9,1787071474442796
4HU3ctGds7h4PQUjvtBxbPaqJoZQVqvUS4fVgABqpump,1,1,False,0,37441,0,0,1,0,9999,0,1,-9999,0,1,9999,9,1787071474441792
BLbLqcnkX1gP1JcN2uXFK3zJWVxSocfb7oP5C7rFpump,1,1,False,0,37439,0,0,1,0,9999,0,1,-9999,0,1,9999,9,1787071474439791
4LYSQRbcjAa7WhttK5KQtbdZBona993NFG6W2NmNpump,1,1,False,0,37437,0,0,1,0,9999,0,1,-9999,0,1,9999,9,1787071474437795
9rxXcZYZN5p8JD1QuDqcPzTiHKD8S74LNoQp211bpump,1,1,False,0,37436,0,0,1,0,9999,0,1,-9999,0,1,9999,9,1787071474436791
C8wcTHeiCWCnwcxBZci8KnGKoUy1WmfZ1EvxHJompump,1,1,False,0,37434,0,0,1,0,9999,0,1,-9999,0,1,9999,9,1787071474434793
BVMWszp4v4XjVKbdJgSpAHbtBbJu8k7sa2NTXgCupump,1,1,False,0,37433,0,0,1,0,99,0,1,-99,0,1,99,9,1787071474433791
5zDo9sqwLvJPaHZYFogaUmdf7JtZ7KjT2iKmfxjopump,1,1,False,0,37431,0,0,1,0,9999,0,1,-9999,0,1,9999,9,1787071474431792
9oGhrbZywdcKa17R33QbjUiRspVr1q1bXontZ5Lapump,1,1,False,0,37429,0,0,1,0,9999,0,1,-9999,0,1,9999,9,1787071474429791
CtgX76Nz9eYShysWewBnFvRBA5UMw7bk8zpKZcSEpump,1,1,False,0,37428,0,0,1,0,9999,0,1,-9999,0,1,9999,9,1787071474428795
36q9oHm1QYaiJbFGZHL4HaDRBzg3Ys9Z1Uou1Tqzpump,1,1,False,0,37427,0,0,1,0,99,0,1,-99,0,1,99,9,1787071474427793
B74C6sghBbSJgcpZxfaoryU5NzcvZXqp4UjJZ9Dppump,1,1,False,0,37424,0,0,1,0,9999,0,1,-9999,0,1,9999,9,1787071474424793
9T8QP3Jk4ZQLTTet8UQXkhtysw7bNod3rrcbyvjxpump,1,1,False,0,37423,0,0,1,0,9999,0,1,-9999,0,1,9999,9,1787071474423795
3JF2Ph2wBttbhL25q29LqjTDQPc8tyV8jfE9iBYVpump,1,1,False,0,37422,0,0,1,0,9999,0,1,-9999,0,1,9999,9,1787071474422792
3Ts5EUgxWsYnsgjQrFkarumd1pSk6ytu3rXyZCtUpump,1,1,False,0,37414,0,0,1,0,9999,0,1,-9999,0,1,9999,9,1787071474414792
GiELJxLUL88GGukAcQoTV8iErp533toFfpBVdevMpump,2,2,False,0,34834,103,0,2,2,316049380,2,0,316049380,103,2,316049380,9,1787071471834475
9KvQaVokqD2YHLT1dtzT5jF5B7bLvVNdKnWtuP8Apump,1,1,False,0,34828,0,0,1,0,13998947,0,1,-13998947,0,1,13998947,9,1787071471828476
BXofeKqWdzMtcrFt7rNRKFfiEsdX3PW4jfoW8xcTpump,1,1,False,0,34825,0,0,1,0,9999,0,1,-9999,0,1,9999,9,1787071471825475
6A9e85xYAuon93FSNwfWMR4TLQPtSNCR9pcb6bonpump,1,1,False,0,34824,0,0,1,0,9999,0,1,-9999,0,1,9999,9,1787071471824478
D7Yamzjb2S6ujP13tAFH4C15VLYgUBt9jTD6We85pump,1,1,False,0,34821,0,0,1,0,28,0,1,-28,0,1,28,9,1787071471821483
GFHnc3qXMchXye1FHuqhve4qTVakV8AwHsegmJfppump,1,1,False,0,34815,0,0,1,0,9999,0,1,-9999,0,1,9999,9,1787071471815474
2ZJdKnQUuKBtVir6nJ8nim78Pk83niEPWjbmq1oBpump,1,1,False,0,34815,0,0,1,0,9999,0,1,-9999,0,1,9999,9,1787071471815474
5vHCBdd5XTbH9ko2JQMyMtq1WxwDW1iDUHBMP4XSpump,1,1,False,0,34813,0,0,1,0,9999,0,1,-9999,0,1,9999,9,1787071471813476
DL4LWQ51BdgbK46K4voDhFxZ4eXrJ5T7ApWDnR9cpump,1,1,False,0,34812,0,0,1,0,9999,0,1,-9999,0,1,9999,9,1787071471812480
8zmsUTVT9axYkvAVmJV7R3psRXEfUB569KztXDuVpump,1,1,False,0,34811,0,0,1,0,9999,0,1,-9999,0,1,9999,9,1787071471811475
78d8wNsjVsSqFZz6N4Y3eLs9qb2kNFku4gaaAvDGpump,1,1,False,0,34810,0,0,1,0,28,0,1,-28,0,1,28,9,1787071471810475
BBDBeTacV7yVotQbxBhD8XqRUDo5Wj6LiH4Uvquhpump,1,1,False,0,34808,0,0,1,0,109172,0,1,-109172,0,1,109172,9,1787071471808476
Ao2VTkk453E4vvei13zWLBbGXivaboEEPNNfJQmZpump,1,1,False,0,34807,0,0,1,0,99,0,1,-99,0,1,99,9,1787071471807475
GDZgZchNFFhTaUteLt3PgDVb9XAiTg6hyxBEuSn4pump,1,1,False,0,34805,0,0,1,0,9999,0,1,-9999,0,1,9999,9,1787071471805477
3hjwopu5nYo7PoDzrN4oD37bNJtKEZseo2P2HVMjpump,1,1,False,0,34803,0,0,1,0,9999,0,1,-9999,0,1,9999,9,1787071471803480
BB16FxLnHbcUJvVCft2wvQSZua5krZsqraRKYecppump,1,1,False,0,34802,0,0,1,0,99,0,1,-99,0,1,99,9,1787071471802476
6zrMfbiPEPRmnbzmAq4EspsZmzVKDkCdZTS6ScFQpump,1,1,False,0,34802,0,0,1,0,99,0,1,-99,0,1,99,9,1787071471802476
DDnqEBoaEJTKqvXCCfxoD6iTLNwu4f2MWRjYmGB2pump,1,1,False,0,34801,0,0,1,0,10000,0,1,-10000,0,1,10000,9,1787071471801475
Bx7RNf1xJm4v4SpXuaKA6h61FMYBfUwsTp1oS7R4pump,1,1,False,0,34800,0,0,1,0,9999,0,1,-9999,0,1,9999,9,1787071471800482
Gnx2qmY6J7ZvBELPXchqX6duQzneEcRLYZDGUCzZpump,1,1,False,0,34799,0,0,1,0,9999,0,1,-9999,0,1,9999,9,1787071471799475
6CmhHYzL2grKmU1Ea5tCVNHPKW8gh3gtthuzTUbxpump,1,1,False,0,34783,0,0,1,0,279,0,1,-279,0,1,279,9,1787071471783475
3nZMXHrRBXRwiQYKjkzZxCMy7fEtTTXNS77H2b3Tpump,1,1,False,0,32813,0,0,1,0,99,0,1,-99,0,1,99,9,1787071469813387
Bu1NyoLKCUu7RGiRrPD8PGQLTdo6UucUx1UZ6B4apump,1,1,False,0,32813,0,0,1,0,9999,0,1,-9999,0,1,9999,9,1787071469813387
8frk6YfiZK7TzNGFr672ZqNHpiyUbY6VaKJJ1ZRypump,1,1,False,0,32812,0,0,1,0,99,0,1,-99,0,1,99,8,1787071469812386
9LnTX3xyKsFL9eqrPUnab2Bazpp1gxizEpvwcFewpump,1,1,False,0,32811,0,0,1,0,99,0,1,-99,0,1,99,8,1787071469811389
HCjYLf3pWrwCb4i4y9nwgK4xem3AFEGj4aYE4HmApump,1,1,False,0,32810,0,0,1,0,9999,0,1,-9999,0,1,9999,8,1787071469810386
78fMNvqJ9pnpceYqrE6Cf7qyWefpcXjmtTcpW4iwpump,1,1,False,0,32803,0,0,1,0,9999,0,1,-9999,0,1,9999,8,1787071469803386
FjxKj672inUk8ZkBxhxUVMgWQvs3grHCqNk5gWhRpump,1,1,False,0,32802,0,0,1,0,9999,0,1,-9999,0,1,9999,8,1787071469802388
9QQeuAcr6Aw3wkBtpSpgPDRd6LvVcuCqqXWR3UGfpump,1,1,False,0,32800,0,0,1,0,99,0,1,-99,0,1,99,8,1787071469800387
E5jGnQhacL5pK2N2sXU7mpUCm6Aa3mqi5X6bWaS1pump,1,1,False,0,32799,0,0,1,0,99,0,1,-99,0,1,99,8,1787071469799386
HpNUbhYNJVJtqrXhiSFnFniC6jNpp4z1oyEcCDwjpump,1,1,False,0,32796,0,0,1,0,9999,0,1,-9999,0,1,9999,8,1787071469796387
5RKVXkLNnx3ZtiRToYhqQk9DeTX5LSotJb8J29g9pump,1,1,False,0,32794,0,0,1,0,9999,0,1,-9999,0,1,9999,8,1787071469794387
6xh7h93XbE3qYa5xhSpBjMBpBJHj98Eb9dnePsTpump,1,1,False,0,32793,0,0,1,0,9999,0,1,-9999,0,1,9999,8,1787071469793389
DmTCZjpe6fgWWUpT57VX7XiLXcDXLwYAjFdZisSppump,1,1,False,0,32792,0,0,1,0,9999,0,1,-9999,0,1,9999,8,1787071469792394
GHp5tD78psQ5MvPV3vUkh1zsaHv8WcS1eRfqxHYopump,1,1,False,0,32791,0,0,1,0,9999,0,1,-9999,0,1,9999,8,1787071469791392
GGJvdihsGQ4Sr983L9RyriBcw1eCYbWeTyFhhk4gpump,1,1,False,0,32789,0,0,1,0,9999,0,1,-9999,0,1,9999,8,1787071469789392
A1c7iVuiTbPdtRX3Jk64pJTwdHbnarvjRmfX7xBRpump,1,1,False,0,32788,0,0,1,0,9999,0,1,-9999,0,1,9999,8,1787071469788388
8iQoNcNdr9gRzhXriVgxgfbgu8G8vSJABzbN4iYNpump,1,1,False,0,32787,0,0,1,0,9999,0,1,-9999,0,1,9999,8,1787071469787391
GrXoSkwF5RRncT3fgTChVr1xxKmcKoQc28GArYoUpump,1,1,False,0,32786,0,0,1,0,99,0,1,-99,0,1,99,8,1787071469786391
GPrHt4RcLreTiZKG6tAKu9xLmLhiCgNwvDSBV8B4pump,1,1,False,0,32784,0,0,1,0,9999,0,1,-9999,0,1,9999,8,1787071469784388
39Ja8BcJ8ECRwYvLQ9UStGYRfu4KidwK46asWUJrpump,1,1,False,0,32782,0,0,1,0,9999,0,1,-9999,0,1,9999,8,1787071469782387
FrPqGhJnSsFxg7M2QWqBuCNFmY6EL9DmsqtG41xRpump,1,1,False,0,32781,0,0,1,0,9999,0,1,-9999,0,1,9999,8,1787071469781391
3X68mvYKML6DesvyDdtUWLFqSzKh7P9F5FLEH16npump,1,1,False,0,32780,0,0,1,0,99,0,1,-99,0,1,99,8,1787071469780387
941zwwASB1h7cqkGCZGYW2F7YQ1s2Gh3rszjKrtPpump,1,1,False,0,32779,0,0,1,0,99,0,1,-99,0,1,99,8,1787071469779387
EdQjec1qKkTPZynbJeVih5RrYaGHyA3kt9FxHpjhpump,1,1,False,0,32775,0,0,1,0,9999,0,1,-9999,0,1,9999,8,1787071469775387
3fkkuwz2HGpnfmRkadpB31nxyV51YXRahYa7MnrApump,1,1,False,0,32774,0,0,1,0,9999,0,1,-9999,0,1,9999,8,1787071469774386
13QJLENJbotaW1oS5WoVrMSC7r3AZiJkMWixQLKhpump,1,1,False,0,30124,0,0,1,0,9999,0,1,-9999,0,1,9999,8,1787071467124500
4Zuwt38qbCSHwhnQoJmLj6RLLmxVYMwQjfD8Fv7Mpump,1,1,False,0,30120,0,0,1,0,9999,0,1,-9999,0,1,9999,8,1787071467120500
CrLGZLEK8oKK3RkezD8NFzdeGN5YT24sSvxmJ4dYpump,1,1,False,0,30119,0,0,1,0,9999,0,1,-9999,0,1,9999,8,1787071467119501
8MJJGM7VEdNUZTKxT2xdSf5uMKRxYLLg26bhDTKEpump,1,1,False,0,30118,0,0,1,0,99,0,1,-99,0,1,99,8,1787071467118501
3J6jq1k1BcJT3BgsVpCh836umbeakxnACToywpC1pump,1,1,False,0,30117,0,0,1,0,9999,0,1,-9999,0,1,9999,8,1787071467117502
UBQjCDDtpWL5nY46aR911XQ2fRwRwCgUfw8nBncpump,1,1,False,0,30116,0,0,1,0,9999,0,1,-9999,0,1,9999,8,1787071467116501
4bEy3XWdyzrER1R4aiCxeD3SRx1EoH1Gwru9wa99pump,1,1,False,0,30115,0,0,1,0,9999,0,1,-9999,0,1,9999,8,1787071467115500
6idpSqP5DhC2sRTSJHMhCEuPHSt1ysm4JNtLBoiTpump,1,1,False,0,30111,0,0,1,0,9999,0,1,-9999,0,1,9999,8,1787071467111500
5JavAQr2RviPSDTB7TZLv7UEVNYbErQZ1WSGBZLHpump,1,1,False,0,30110,0,0,1,0,9999,0,1,-9999,0,1,9999,8,1787071467110500
8ogYzkMTJtt9SH27zDnY8Zyonzyof31E3zkwbjBCpump,1,1,False,0,30109,0,0,1,0,99,0,1,-99,0,1,99,8,1787071467109501
61nvwwogi1jpXfC6syggKfsGQ5BCkpoabdLjPRiqpump,1,1,False,0,30108,0,0,1,0,9999,0,1,-9999,0,1,9999,8,1787071467108501
Dn58MtkkMTTdpgM3CY5U9sroKKRzWhKeqHg1upDHpump,1,1,False,0,30107,0,0,1,0,9999,0,1,-9999,0,1,9999,8,1787071467107500
5EUirFFgLMyfy4MRnsR8D9EmMuCtS7U9UzjnW7vDpump,1,1,False,0,30100,0,0,1,0,9999,0,1,-9999,0,1,9999,8,1787071467100505
4q6UcPTFYKUZVtQ17xRQddQcXpQENkXeZYG5ULRgpump,1,1,False,0,30099,0,0,1,0,9999,0,1,-9999,0,1,9999,8,1787071467099500
34W3pzUDJ4AKgBiHQy56jYdubiLPQHZhUtSNYgMRpump,1,1,False,0,30098,0,0,1,0,9999,0,1,-9999,0,1,9999,8,1787071467098501
2965ex9UjjD6piAZaecyGo3HitPBzWPZjLRPbBwhpump,1,1,False,0,30097,0,0,1,0,9999,0,1,-9999,0,1,9999,8,1787071467097499
2mgkxvysYgEy1T85ucigrTeHjqiCARNkQ8LHBs4ipump,1,1,False,0,30094,0,0,1,0,9999,0,1,-9999,0,1,9999,8,1787071467094500
7iFpJEngKnUDiXgz97cKi23qo6bBhKPLG38Mw3VDpump,1,1,False,0,30093,0,0,1,0,9999,0,1,-9999,0,1,9999,8,1787071467093502
99FB8hy9LvYZu5mGZMgKTBRSbYixUT83GtFq7FEppump,1,1,False,0,30092,0,0,1,0,99,0,1,-99,0,1,99,8,1787071467092500
66mTPRe5h3iHAa4yB8Sck3tQKr5osgAwpsBXWQb6pump,1,1,False,0,30091,0,0,1,0,9999,0,1,-9999,0,1,9999,8,1787071467091500
DvA624znESSr1Yiuc7i5wLPQBZ6fE86WBYioHorApump,1,1,False,0,27470,0,0,1,0,99,0,1,-99,0,1,99,8,1787071464470989
PoU15NBsNm5diB4XHPt6EyKibdJmekaXbN9KaVhpump,12,11,False,0,27414,6343,0,11,11,9614451535,11,0,9614451535,6343,11,9614451535,8,1787071464414989
3qsuQgH85Y9V66vbd3zZQ5oWYqHqvLg2m9QM2u4npump,4,4,False,0,24993,37,0,4,4,986868200,3,0,921253585,22,3,962848044,8,1787071461993410
9J2qTuBwDhDX5Q1zKxRyEgzeazTeHU4HPMwUjfFDpump,1,1,False,0,24974,0,0,1,0,9999,0,1,-9999,0,1,9999,8,1787071461974410
CtDZ8NYzCXPsT6YvnsVtfrYtyuVBNdWc7BTLZv8Kpump,1,1,False,0,24970,0,0,1,0,9999,0,1,-9999,0,1,9999,8,1787071461970410
D1s83xGN2PukTpJTB9UbJeEtzEKET3Z4NpCy48gipump,1,1,False,0,24969,0,0,1,0,9999,0,1,-9999,0,1,9999,8,1787071461969409
5fXzt5sy4zuqK7qTUyPPyPVtdfWQUSE8Jfsi3y3opump,1,1,False,0,24967,0,0,1,0,9999,0,1,-9999,0,1,9999,8,1787071461967409
8QiMxSyBCBqiLK6HrzuVDY5SWqkaXA5gaWYVFbwspump,1,1,False,0,24963,0,0,1,0,9999,0,1,-9999,0,1,9999,8,1787071461963410
2JcYgBQpD4T6KwNrywwzUpBka6pBeEEJsXPcYys7pump,1,1,False,0,24957,0,0,1,0,9999,0,1,-9999,0,1,9999,8,1787071461957410
Ew86xQ8tjmRnfYkDomJoTeWk36wasX42yhJmvdxHpump,1,1,False,0,24956,0,0,1,0,9999,0,1,-9999,0,1,9999,8,1787071461956412
3q29JTZEkShYJ3GpjUgUvTY6kSwP1w2o8oGRAPNppump,1,1,False,0,24953,0,0,1,0,9999,0,1,-9999,0,1,9999,8,1787071461953410
GXaoeYjEUUqvZUJCmfExdRzP3EUCFD2ieMXSQzmhpump,1,1,False,0,24951,0,0,1,0,9999,0,1,-9999,0,1,9999,8,1787071461951409
De223q3f5QZrYBAXZWwevNpDoU9Pqahc8LpAUyTzpump,1,1,False,0,24949,0,0,1,0,9999,0,1,-9999,0,1,9999,8,1787071461949411
BDavrN9S8cZC9Dh1S1vmFyt6EiWWXg36dnJGEBeZpump,1,1,False,0,24939,0,0,1,0,9999,0,1,-9999,0,1,9999,8,1787071461939412
JQAgU5WKpK9Z16v6XWps9BUJGprEQMnHPmUKXGmpump,1,1,False,0,24935,0,0,1,0,9999,0,1,-9999,0,1,9999,8,1787071461935410
9P9kfu5wYaMAQ76SX7FmhZP6K3NGZrRNJmFoAizypump,1,1,False,0,24934,0,0,1,0,9999,0,1,-9999,0,1,9999,8,1787071461934410
GWLxmQpU3xGpXtAuBDCcmdePQMuunPWQhvFBfkYVpump,1,1,False,0,22194,0,0,1,0,9999,0,1,-9999,0,1,9999,8,1787071459194634
DgGDKSA2bn3fV5D6jrQrKvDmB7aYUymQgSosPw2cpump,1,1,False,0,22192,0,0,1,0,9999,0,1,-9999,0,1,9999,8,1787071459192634
2WABzMSjRid2KbiGFZULAGcWDKp4XtbsFvFmKCEvpump,1,1,False,0,22191,0,0,1,0,9999,0,1,-9999,0,1,9999,8,1787071459191634
G8Lhs993hT1xMWh9cu7DXj7TYCaXpoQ5QGeveZsRpump,1,1,False,0,22190,0,0,1,0,9999,0,1,-9999,0,1,9999,8,1787071459190635
j9AUkZSrkC22tAgaTp3ar31h8vX1REK8rQEyWAWpump,1,1,False,0,22188,0,0,1,0,2900,0,1,-2900,0,1,2900,8,1787071459188635
N1dU4szdVnpppREm6DygCsxKizBtBkiqzLniHc3pump,1,1,False,0,22186,0,0,1,0,99,0,1,-99,0,1,99,8,1787071459186635
HuoQJ3cYYVf6H4bnaVEDqb2wkCKGKgXAJMbNHMgjpump,1,1,False,0,22182,0,0,1,0,9999,0,1,-9999,0,1,9999,8,1787071459182637
Hdo7yj7uCfekRpGdvCumSVvdRQ8GhV3uDk4y36Zwpump,1,1,False,0,22180,0,0,1,0,9999,0,1,-9999,0,1,9999,8,1787071459180634
4r64uYwedD7TpXFyJjSDNTZP4tNiRYxDu8Dgucdxpump,1,1,False,0,22179,0,0,1,0,10000,0,1,-10000,0,1,10000,8,1787071459179634
FCBkyw3FrNngBmZZQ37a7wD47d4nmCqxZeM9J36rpump,1,1,False,0,22177,0,0,1,0,9999,0,1,-9999,0,1,9999,8,1787071459177634
BV4JQqSoShyrsGphhjg9vcXV8Gs4ngy694K9Zoz5pump,1,1,False,0,22175,0,0,1,0,9999,0,1,-9999,0,1,9999,8,1787071459175634
JCpq8ErukEjHQHdPgGCvjd71xgqoAF4UshXZpHsHpump,1,1,False,0,22171,0,0,1,0,99,0,1,-99,0,1,99,8,1787071459171634
ni8gRCZj3G2miTtm3gnntwtjJJVb5kq35bTbYNNpump,1,1,False,0,22168,0,0,1,0,99,0,1,-99,0,1,99,8,1787071459168639
96gvtdtg1D6XrxLscW4mMtqQ8R2kdzCLbJrHSt3dpump,1,1,False,0,22167,0,0,1,0,9999,0,1,-9999,0,1,9999,8,1787071459167635
Cw2wNq6rFJY7o6HhmfTSfz6TfVMdEWwjfU3fYCQ9pump,1,1,False,0,22165,0,0,1,0,9999,0,1,-9999,0,1,9999,8,1787071459165635
toSChJ9RWXT5quB2X32woex149YwbmiK4xKpxtapump,1,1,False,0,22163,0,0,1,0,9999,0,1,-9999,0,1,9999,8,1787071459163636
LqY3F2XndNXZ8XCnPo952e1w85DiW9QxH9wUZUjpump,1,1,False,0,22161,0,0,1,0,99,0,1,-99,0,1,99,8,1787071459161636
G7yTabGxZANTrsyEwgJDsrWHdVTDWCE8h1sRUbHqpump,1,1,False,0,22160,0,0,1,0,9999,0,1,-9999,0,1,9999,8,1787071459160639
7kwErtgE3RUHLyUaUbxSQ3EW3Y3FDukG1X4Xs8Uepump,1,1,False,0,22159,0,0,1,0,99,0,1,-99,0,1,99,8,1787071459159639
DhPPyArxXUC9AdcGa9t92XebEhvRs82wckrChVapump,1,1,False,0,22155,0,0,1,0,14022590,0,1,-14022590,0,1,14022590,8,1787071459155634
497hDzRx3HRUPp4HZcCz36mwnD5r6tFNdBNCveFYpump,1,1,False,0,22153,0,0,1,0,99,0,1,-99,0,1,99,8,1787071459153634
CZ1p6F18BxTwmsEVPVLPRTgaMRsZjnwG3V6ug8LEpump,1,1,False,0,22151,0,0,1,0,9999,0,1,-9999,0,1,9999,8,1787071459151636
BSdJz3ZFx3HufJTRmY3U31sJfCGNGhWv9hg2tgjnpump,1,1,False,0,22149,0,0,1,0,99,0,1,-99,0,1,99,8,1787071459149635
A8ecPyQis5Rn7VibuGTd2uMXVQeKGaCQCNESUx9fpump,1,1,False,0,22145,0,0,1,0,99,0,1,-99,0,1,99,8,1787071459145635
GV2j61njsQ32vCnuUKqfvYXzKxoSRvZ2aajucRpVpump,1,1,False,0,22144,0,0,1,0,9999,0,1,-9999,0,1,9999,8,1787071459144636
WyRfswVmF1vfKiThZUtFEM6dxfi9ERT81ASJMoBpump,1,1,False,0,22141,0,0,1,0,99,0,1,-99,0,1,99,8,1787071459141634
7kNiUgLewRoDkTraVX8tRwX5PrMiYaGCgu2rR9L4pump,1,1,False,0,22140,0,0,1,0,9999,0,1,-9999,0,1,9999,8,1787071459140638
3XKYn2CRE8y43zAn4MdmctyMwY3aDbFoacFCWxpvpump,1,1,False,0,22138,0,0,1,0,9999,0,1,-9999,0,1,9999,8,1787071459138634
Axt1wS9jQnSNPVhazug5oFCfcP2hnqeq8sZnSPE4pump,1,1,False,0,22135,0,0,1,0,9999,0,1,-9999,0,1,9999,8,1787071459135635
75ScaQj8YnnGhmzZiZ3jtHxack9X6cGRr5red8bhpump,1,1,False,0,22134,0,0,1,0,606753,0,1,-606753,0,1,606753,8,1787071459134636
8Xy1RAeEy7n7VnoTLrJ23st8EgUTP3XSudQTNtCNpump,1,1,False,0,19350,0,0,1,0,9999,0,1,-9999,0,1,9999,8,1787071456350071
BJVqCGNJh7yVnfhPK3tgXMkmxPMY8ZYhgm5T7yDwpump,1,1,False,0,19349,0,0,1,0,9999,0,1,-9999,0,1,9999,8,1787071456349072
3R6w2FeGnDYLqGUZTzvnn34CCe9F3ZhX1nQKy1Uppump,1,1,False,0,19344,0,0,1,0,99,0,1,-99,0,1,99,8,1787071456344074
EVRWcPhsv6egPmYZuXK7z21PrD2W93kJzmnFeoBbpump,1,1,False,0,19343,0,0,1,0,28380,0,1,-28380,0,1,28380,8,1787071456343072
B8esAhxfboHgazcUUhaXTerfXKPdsTrGFQN82D2ipump,1,1,False,0,19341,0,0,1,0,9999,0,1,-9999,0,1,9999,8,1787071456341076
7R13TJMBVFhK7xW45HwP3kNvfazzWnsup5s6siFmpump,1,1,False,0,19339,0,0,1,0,9999,0,1,-9999,0,1,9999,8,1787071456339075
BRgmB1qDWHaWpbEP1BD5d6RfFTfwefbygDMNa9hrpump,1,1,False,0,19338,0,0,1,0,9999,0,1,-9999,0,1,9999,8,1787071456338075
9H1DwjtY4uQFEWfTFArdwynt8bGFJbbtpEuuuYMzpump,1,1,False,0,19329,0,0,1,0,9999,0,1,-9999,0,1,9999,8,1787071456329071
3JEKKUNsWA6sTAY8aNvs2Dbom47q7w62yH1w38Yvpump,1,1,False,0,19328,0,0,1,0,1161226,0,1,-1161226,0,1,1161226,8,1787071456328071
B5dgnGxYVgYRqopqrVAfBKDJZ1pGesuk924Ri97Lpump,1,1,False,0,19326,0,0,1,0,99,0,1,-99,0,1,99,8,1787071456326071
BEoDpK5fs8BQMJTRxuUQcK7teQxrbabnmUWPT5t6pump,1,1,False,0,19325,0,0,1,0,99,0,1,-99,0,1,99,8,1787071456325071
711JSDEU3zDp9CCWPWvG4BR9uXz8TqSs2SddDd2Qpump,1,1,False,0,19323,0,0,1,0,99,0,1,-99,0,1,99,8,1787071456323071
9aBG4wP2JSDEDjKg9mGhBaTGhcutNNSxcUincx7Hpump,1,1,False,0,19321,0,0,1,0,99,0,1,-99,0,1,99,8,1787071456321071
5wTr4jR5KPnTAQoZFKxAs86stE8dgyH4LmZSSrzjpump,1,1,False,0,19318,0,0,1,0,99,0,1,-99,0,1,99,8,1787071456318070
9tXPUBiTvMNibCTq22yUUrnQ3h7c5mYGMtQ4eigqpump,1,1,False,0,19315,0,0,1,0,99,0,1,-99,0,1,99,8,1787071456315071
FTnS6HSz2vZmbBRwYx95STt8aYfqFotTN72ptorQpump,1,1,False,0,19313,0,0,1,0,99,0,1,-99,0,1,99,8,1787071456313070
En4P3H2sdG2g9paka5vA7yKSQrM5kjLWFD2wdYaApump,1,1,False,0,19312,0,0,1,0,99,0,1,-99,0,1,99,8,1787071456312070
6NNkC7M4hd5owD1bESdv3GsTfAop6MWuUvnxNEBrpump,1,1,False,0,19311,0,0,1,0,28,0,1,-28,0,1,28,8,1787071456311071
HCqNGZiuLo9B9CLbXPkpcSWfT4PPq6BSgqjjNGpBpump,1,1,False,0,19307,0,0,1,0,99,0,1,-99,0,1,99,8,1787071456307073
EViLj8fojAQmzmismEzs4n9FKgYRtiowmmB17Jrxpump,1,1,False,0,19306,0,0,1,0,99,0,1,-99,0,1,99,8,1787071456306075
3taQuaot3GSgcc9K3k31pdFpo569TDeZGnpPc9W8pump,1,1,False,0,19302,0,0,1,0,99,0,1,-99,0,1,99,8,1787071456302075
2FYVhwF6f7tUDkTQMDMKuntqAR1dxQX6x9Hjj2eHpump,1,1,False,0,16626,0,0,1,0,9999,0,1,-9999,0,1,9999,8,1787071453626803
61DRyD8TR58CfbAqHQbw2ZvR1ofq8XTMmXdSaf11pump,1,1,False,0,14218,0,0,1,0,99,0,1,-99,0,1,99,8,1787071451218226
5J18umGMYqD2kURZZEQjSGZVo3ZgoDTfvz8Jy2Gfpump,1,1,False,0,14214,0,0,1,0,99,0,1,-99,0,1,99,8,1787071451214226
B6KnRgsr2MdtF7DdQtb6QxL1Zo3wdPfNVoscn6aipump,1,1,False,0,14213,0,0,1,0,99,0,1,-99,0,1,99,8,1787071451213226
HrVZRsnfd2kxgjn9QfJ2yadtui4kpF55QHVbDrU1pump,14,13,False,0,9758,4640,487,13,10,11011694311,10,2,9928327429,4640,12,10698388756,8,1787071445758466
3JJ7WJrNCJ4mRKPhRabMeNFkpDEvwCgXBekWtfGfpump,2,2,False,0,6975,7,0,2,1,19555554,1,0,9777777,0,2,19555554,8,1787071442975706
B4jSGfWcA31GD6fMaGJ9XKU7UhhMwR3RbcXGh1Jppump,4,3,False,0,6949,2571,0,3,3,7000000000,3,0,7000000000,2571,3,7000000000,8,1787071442949706
2cjqf45A6MXLs2nV567W891VX4FRrj5iKsmeKmoFpump,4,4,False,0,2583,10,3578,4,1,579297001,3,1,29333331,10,3,549963670,8,1787071437583522
DXEhtL8H6ZwN5yjJCw2VdyZYzWo2BibCe2Mu5Wyfpump,3,3,False,0,2506,0,2290,3,1,104893724,1,1,49382715,0,3,104893724,8,1787071437506521
GVw4JNZcBXqZ1jBWiL2Fytk7KNm1z3Snuj9AHZ9spump,16,16,False,0,671,26280,9799,16,4,510642997,3,3,201036925,13901,8,361774088,8,1787071435671130
BgGa7UsxXF4t1CQvsuxm4w5w1vedeCw7Ps4F5VNjpump,4,4,False,0,654,521,184,4,3,1927854626,3,1,1591087806,521,3,1591087806,8,1787071435654129
3typLVSW8PPb2F3sQRxfCefZAUk74xUP7pfFvVJgpump,6,6,False,0,606,638,2734,6,3,7649139322,2,3,3422222222,638,5,7551361545,8,1787071435606129
BqSVedE3zot4tHwWNeAp6T5Q5XwrJC3MT2mjHi1QQrD8,3,3,False,0,39217,4065,29,3,1,1107060917,1,1,987654320,0,2,987654320,8,1787071431217334
BNMsy2QFbnXxaMP3omLdUdNxCr5Fr2TstoKUHigFFqRx,1,1,False,0,35698,0,0,1,1,980683506,1,0,980683506,0,1,980683506,8,1787071426698832
H9LjZJb3z48iLQaq7ehmAdvgg5A9G7QQWSUcVTNa6YH9,1,1,False,0,28572,0,0,1,0,1158124777,0,1,-1158124777,0,1,1158124777,8,1787071418572819
8QCwhuC8rF9jLSc5khhaMTvT8rBheVuhCNtdEGhRD9oS,1,1,False,0,26691,0,0,1,0,102288708,0,1,-102288708,0,1,102288708,8,1787071416691245
6wogx4ja7acVYj37e2kyDDStjWmfJFgjYwz5wtSopump,1,1,False,0,26654,0,0,1,0,688870467,0,1,-688870467,0,1,688870467,8,1787071416654242
JAdBx1rKfoJBamFcJV8AmxYLe44T8ZVtrPPVqtnNpump,3,3,False,0,24134,0,613,3,0,2225348503,0,2,-636,0,2,2225347867,8,1787071414134929
7t7ufmSnCrw3r2PohoM7FSvLEXPDsXf4mSJj366Npump,14,14,False,0,24106,9929,3049,14,8,6427274350,3,4,977777777,566,6,3244339820,8,1787071414106928
GrRQ8wJ2LePenkmCHeUjckJz9zPbUXLgq3wBKAGapump,2,2,False,0,17123,0,701,2,0,9800000000,0,2,-8689193637,0,2,9800000000,8,1787071406123374
DjjsEqD5LhoKDFanx1BFRkaeYXReYKmbSbPC3ptvpump,2,1,False,0,14272,0,0,1,1,986,1,0,986,0,1,986,8,1787071403272559
ACfKjTyHZMAMPzjtYxzfsz66aQVgLkfN5N6R8Ndypump,1,1,False,0,9872,0,0,1,0,934889502,0,1,-934889502,0,1,934889502,8,1787071397872167
9pB8uTQQSCZtnaaUEo1Bvwymy73XSztwQrpRg5Aepump,4,1,True,0,9856,0,0,1,0,29311201,0,1,-29311201,0,1,29311201,8,1787071397856170
93AZ1fb3ZRAemFkAys8d2z3AoYgU8z4VRhz7M9M8pump,7,7,False,0,4489,1973,4318,7,1,34492343,1,2,6370189,0,2,13632723,8,1787071392489591
5JwKdV18q4QTh8YBy7JJZRpu4kfHMo1Pz4WdyYQSpump,1,1,False,0,4483,0,0,1,0,829895771,0,1,-829895771,0,1,829895771,8,1787071392483589
CStuJdzp4FxEMYG8wjen2FN7GyJHw5hzNFx9ynV8pump,44,43,True,0,4465,3460,4376,43,18,34531955398,3,2,3143757804,618,6,5284638281,8,1787071392465587
5dGcUtSe2nJdaGGVM49G4Xus13r2sJucqzKYj7u2pump,1,1,False,0,2948,0,0,1,0,9876541,0,1,-9876541,0,1,9876541,8,1787071389948328
4Mmw3JdgTR98cvF4jK21n4wtY7diUjG27TfGmcuapump,11,11,False,0,580,0,1582,11,0,3673289048,0,3,-190040211,0,6,1590748432,8,1787071387580328
HDW9avXEHYh7dsuPGJN3mgohfKXpNmjDAFxxiyS3pump,9,9,False,0,504,,0,9,3,0,2,2,0,,4,0,8,1787071387504330
6E1cERS5JEcAfy5CzxQ4GQ7JXDppg765pGtj2Jyapump,8,8,False,0,486,0,5089,8,1,479333756,1,1,66884585,1912,3,198490110,8,1787071387486328
6Ty4TYvR4o4V5QnCJUWfQMPrqtmaTJjk6SHeviCSpump,40,40,False,0,482,3164,1815,40,20,12242045391,7,9,4909371685,2841,18,5655215085,8,1787071387482328
3hdRXc61y1hCBr8JZ7GWg8TP7geUHk3JTAXkyMx3pump,10,9,False,0,35906,5603,324,9,8,11847815497,8,1,11174412227,5603,9,11847815497,8,1787071370906216
82PekqfZC6qsBEiKBo7GH6GWQEo1w4Fu92fMqEhopump,4,3,False,0,22470,406,0,3,3,1106172836,3,0,1106172836,406,3,1106172836,8,1787071357470202
Bw3hp1AGgiitqao3DRyXYPryazfuKSX7NsL2n72ppump,5,5,False,0,20292,482,0,5,5,1215460545,4,0,726648046,343,5,1215460545,8,1787071355292307
CmnMzq8ZSmdVLcLHgEY7swfCZjCtF9Yf1MEcDtGDpump,65,62,True,0,18654,17151,5162,62,38,30526824894,9,3,5771111111,2370,13,7471231538,8,1787071352654438
9tjg4BVtSkmiHX6ZoJT6CtWfxoskrii5yn4td6EVpump,2,2,False,0,10284,0,3,2,0,22176725,0,1,-5197090,0,1,16979635,8,1787071344284426
5pgtwgmiCuLHkQ9od1uFohfQbwkg4Jp6uBvXgAqDpump,2,2,False,0,10212,0,224,2,0,405957375,0,1,-49507700,0,1,356449675,8,1787071344212430
7asnDo2FjAjRa4iMxaj4dRu7D7Bgw1J32TfPDwXMpump,10,10,False,0,10138,0,9826,10,2,75191218,1,1,13807140,0,2,21078758,8,1787071344138425
8k8fFksznUSmK56BV6QfkUb3QFcu57CHKAdjrgpxpump,17,17,False,0,5574,1037,6253,17,9,17576412552,5,4,4169996070,2278,8,8513242393,8,1787071338574598
2v5WQMi9wJLDnhcT2FyoocHWEEShqrHSWxcEeGigpump,2,2,False,0,5556,51,0,2,1,351539390,1,1,24691357,0,1,326848033,8,1787071338556599
956APa32ifmZaAh7MSFmFcSr9ibo38af43tQXwYBCN7y,7,7,False,0,3099,1352,3728,7,3,15828458450,2,2,2962962962,644,3,7768740766,8,1787071336099208
Fog1jWhUgPhJS6Df8B9PkMFRKw5Y4vPNj3XxJEndpump,6,6,False,0,1049,41,336,6,2,1783286787,1,2,362462678,390,3,1084398278,8,1787071334049209
5sqwueSTCdPP66NJm6Z1MnHnL2ruCigKZN2CvF51pump,91,82,True,0,780,9029,1114,82,24,67010279571,4,4,1980953961,409,11,10828552170,8,1787071333780209
BJjpbtgjCxGRD6UWqUA58PXorqajuVZhLoHuEAhjpump,1,1,False,0,39110,0,0,1,1,1840403932,1,0,1840403932,0,1,1840403932,8,1787071322110463
AZbhAj15v2d222qpdQtsx62FNAw3stokMhyy7aXypump,1,1,False,0,22722,0,0,1,0,193459570,0,1,-193459570,0,1,193459570,8,1787071304722410
3yVEC7R6kjoejVQQySEKgwW3HiPwhFjUxXciSv2tpump,3,3,False,0,14358,1549,290,3,1,931295861,1,1,244444444,0,2,895787186,8,1787071296358594
4NuYdUaDvnrME9e37dqgCi75i3DjAkqUBpwxEjBHpump,12,11,False,0,12785,5952,5099,11,7,26505537729,5,4,12879413835,5952,6,18994124757,8,1787071293785632
4uKSN57QYZQfd9ScoMBYTNvQfZDJqdfJCwwTJqqJsC7u,1,1,False,0,10561,0,0,1,0,11216616,0,1,-11216616,0,1,11216616,8,1787071291561074
HRhTnbXgFgTZRkcU7DLNx1T5ZG6Ew3FMHpJ6aVJVYBxF,2,2,False,0,7901,0,179,2,0,1984559643,0,2,-1646846199,0,2,1984559643,8,1787071288901983
FsgVnNsph7d7qKuh4Vwx4jN1JnHgskXTWXDNjRMGpump,2,2,False,0,5438,0,478,2,0,882615154,0,1,-98068349,0,1,784546805,8,1787071286438605
4QLC3n3Pu9nR8ttiuQnDTbHMpdrVmAuj6FDdJ8eWpump,12,12,False,0,2782,0,2480,12,1,6662801772,1,3,-412720244,0,5,2570232731,8,1787071283782540
7kx9tzwTie6sDBvdxAwEmho4ZyUU3i4jzdy76ijApump,7,7,False,0,3762,5963,669,7,3,220424897,2,1,109010120,1637,3,129985284,8,1787071283762541
9vHnFxzZDdtGgriRfkg1BMjJQyBUHbDkQmaTPGMhpump,8,6,True,0,3752,464,0,6,6,753523430,3,0,664114649,403,4,713497364,8,1787071283752541
3UdpR2arXRkiSimU2cWhnjABhoy9Za775uJKriYPpump,25,25,False,0,1472,119,4281,25,8,5238936471,4,6,588276065,208,10,2317178914,8,1787071281472772
Cefnnz8Mh3JhUNFPZ8EBgV9FAbVH4F4GcMyk2q8pump,128,128,False,0,1439,1584,8909,128,44,43780848762,8,13,5839489677,1725,25,11265316753,8,1787071281439771
37hFbS5oMo1H24i6atH2U9m7bneVMEsmV4zZwAr2pump,1,1,False,0,1151,0,0,1,0,2033240163,0,1,-2033240163,0,1,2033240163,8,1787071281151772
GExHZ7ayv82fM1fQcjbUPzNwzemnhiZNf6TZUBdApump,4,4,False,0,35064,0,46,4,0,254054489,0,4,-184893934,0,4,254054489,8,1787071264064958
BoejJKDyreUqY4J3hyQbkUDM5QKwqxwJPxfSpqRxpump,8,7,False,0,30739,1648,0,7,7,3657380376,5,0,3556797978,1579,7,3657380376,8,1787071258739658
5J1pLV5oMfNbtfyk1XCJwv9XW8aPyEFTEWX9ZfLUpump,1,1,False,0,28183,0,0,1,0,740624999,0,1,-740624999,0,1,740624999,8,1787071256183305
EfWXsXAZUU1XDDrq9VL5f3Pt7HnByYpHvGDtB2bgpopJ,1,1,False,0,25294,0,0,1,1,49382715,1,0,49382715,0,1,49382715,8,1787071253294303
72ZEKPtHWbgUDSL1tafo6fgabFZrVjqiuQMprnW3pump,2,1,False,0,22296,0,0,1,1,4938271604,1,0,4938271604,0,1,4938271604,8,1787071250296837
33PRv4HRUefwHCMBEFpagiSBnLLo71X42TCcTr5Kpump,2,2,False,0,15194,13,0,2,1,24175472,1,1,19654320,0,1,19654320,8,1787071242194557
BxND31ShqukkDNcuJwu6FWdyXhWzmNDoR1cpv9BDyQiX,2,2,False,0,15191,0,46,2,0,116631007,0,1,-45068042,0,1,71562965,8,1787071242191558
9yJUtyrfMEypdZdwCLULxwPx8fDYFag6yt28tpP9pump,19,18,False,0,15168,13324,9988,18,6,1559474351,2,2,661188899,481,3,820664051,8,1787071242168443
2dto74vSx8fKJRUsgzg6RzV1zg8SgBSrbYnS6PSCpump,2,1,False,0,15165,0,0,1,1,59259258,1,0,59259258,0,1,59259258,8,1787071242165425
7Pf6iEckKRYVAoWma1vCrFPHtzfuHYuQBahfmKqtbH84,3,3,False,0,8520,0,851,3,0,3193502281,0,3,-1184396011,0,3,3193502281,8,1787071234520435
GYXBnjCLht4LsxiNga5ZWz2eCBqcJnomaRqo4bgCpump,3,3,False,0,8498,0,247,3,0,157294742,0,1,-22925176,0,2,134369566,8,1787071234498436
5pFbhLUhUfHVkZGemTSLiyMQPCKmRGrxA89NHNtxpump,1,1,False,0,5757,0,0,1,0,1131281447,0,1,-1131281447,0,1,1131281447,8,1787071231757485
B7LsPdY86bbxGvtV44Dz1BUTeaAcVxshPNvqgVdZpump,21,21,False,0,3118,0,9672,21,4,1749447772,1,1,164209701,7,3,537722267,8,1787071229118812
6C3C5iGgsC61eTh4aeA1CWmKpnSEDF4VPFuzgZq8pump,14,14,False,0,3115,1212,109,14,9,2326854851,7,2,1333333325,682,7,1333333325,8,1787071229115812
HFD1zCJZNp1TuXHpPHx1wPdCYg23Edh5V4KDiaW2pump,1,1,False,0,765,0,0,1,0,288575045,0,1,-288575045,0,1,288575045,8,1787071226765014
AseytNXHgzF7NUA7bqyyxZvaA67uiYfEabL8qHbepump,6,6,False,0,709,2887,9410,6,2,385460348,2,1,277650826,44,2,277650826,8,1787071226709013
5FgU5N2dtott7fxYgUppS6oNdPqegvTVHrSjSZXkpump,2,1,False,0,31634,0,0,1,1,18002812,1,0,18002812,0,1,18002812,8,1787071204634249
HvaRmUHQRzhgh1bZrX7CMS4qzFFfS76tYWmwJtxepump,13,12,False,0,23590,6097,798,12,9,26076801095,6,2,14226172836,2301,7,16026467566,8,1787071196590350
FbsyCxStbnGBdwszG3ytAxDK5Jjz12Diz5tbe42Upump,1,1,False,0,21452,0,0,1,0,13353981,0,1,-13353981,0,1,13353981,8,1787071193452560
2ynCWFLd4kbHfAJgoyk2eRwt97NiTgVCP9d5zSWDpump,7,6,False,0,19207,3497,557,6,5,5956308639,5,1,4968654320,3497,5,4968654320,8,1787071191207361
53M9DFzQG9dkVQQx6SwKXw11AfE7zPDxSi9scYKfpMs5,1,1,False,0,16635,0,0,1,0,9335283,0,1,-9335283,0,1,9335283,8,1787071188635469
2aqgFb1zBex3vh5Nj8yhmCAWMjPMjsKJy9Jy6t7Kpump,1,1,False,0,15013,0,0,1,0,18081749,0,1,-18081749,0,1,18081749,8,1787071186013299
AXs7JD266FFhJJsiHgREApcmZmNnwwqykHYwthQP3Q1C,1,1,False,0,12227,0,0,1,1,9817283,1,0,9817283,0,1,9817283,8,1787071183227176
7qe6eneaeC3PSc37C8JEbJ5X5csqryBp4YQ5BuUBpump,4,4,False,0,9519,0,1341,4,0,2762201621,0,4,-437504503,0,4,2762201621,8,1787071180519664
3wZvUWgBfKJp6bF17gSjVGzdyKq6ndhBhEnKQFjPpump,8,7,False,0,6905,0,5339,7,3,155049930,2,1,59259258,2139,3,74465182,8,1787071177905658
HSWKDLQvH2L2qUMoxw2M7wJ7x4ioaeHxoT4tLvw8pump,1,1,False,0,7835,0,0,1,0,4235591963,0,1,-4235591963,0,1,4235591963,8,1787071177835659
9MFRvXM6fSND5RpSyjeAUS98DLT3hcc2s8xSaNmf9kz7,1,1,False,0,2644,0,0,1,1,64216727,1,0,64216727,0,1,64216727,8,1787071172644698
DvNE6DKnwGJV4EhPhqh3AiW5tfJqfowsh545p4zjpump,34,34,False,0,3460,6013,9756,34,5,1298209292,3,2,282780627,5552,6,514341978,8,1787071172460906
6HkbM4yXLrJHJ89GT1VNnrDqe86VE3CZ4HWbecL6pump,1,1,False,0,3340,0,0,1,0,3328,0,1,-3328,0,1,3328,8,1787071172340702
71q9TvSuhDwuxcC2LK3Mi5XxPwgHwhkAvbrt3Pbxpump,62,62,False,0,664,1797,6439,62,26,21855810256,6,4,7320238305,3448,12,10287633918,8,1787071169664280
F4Uas5m1WH9Jn8mo6HtpDfp4Vn6rb5KG4AUfQcyMpump,7,7,False,0,662,115,2112,7,3,3385367485,1,1,977777777,586,2,1855185251,8,1787071169662289
4X6HjEVF5skvSBy83fznLcGxkwaakQwvEUbDtBqqpump,1,1,False,0,38750,0,0,1,0,691358023,0,1,-691358023,0,1,691358023,8,1787071159750192
Fd6z2X3G8MEFaUFe82K8u2mVDFZ78v73KRitEyQKpump,1,1,False,0,23163,0,0,1,0,28394330,0,1,-28394330,0,1,28394330,8,1787071143163759
FauuD7SD2yUciKkCRAT5qm6q989i3CfF4WMAUEdipump,29,22,True,0,19841,9348,654,22,15,9578448887,2,2,2033701517,896,5,3375968560,8,1787071139841956
6Y4cPpuWk6h51sctgqVm6GA5AejmVphQBehyyecnpump,1,1,False,0,12321,0,0,1,0,298193017,0,1,-298193017,0,1,298193017,8,1787071131321540
BkKhEMnJtB4xQrG3w7ud9H8c7JM5mM6UwRU4NmmUpump,7,7,False,0,10815,,0,7,3,0,2,1,0,,3,0,8,1787071128815143
ExHyq5VPXgeyuMeHYCsTmdgAEFFkFzJy1kRkY3vXpump,10,10,False,0,7879,0,1936,10,0,5921667652,0,4,-355,0,6,4757473463,8,1787071125879144
69XpqpcbiEnXhqLEnLSjMaxsXt9CeFFpyMe871Htpump,14,14,False,0,7865,1593,8549,14,4,1906401475,3,1,1785172557,1723,3,1785172557,8,1787071125865145
4zpqxkhHr8WnMS8LdZZcf5Jw3WmiKFw3D7Hfo7Uppump,32,21,True,0,4791,6332,9971,21,3,106038344,2,1,14806779,5190,3,23414232,8,1787071122791673
6BTED4xFEQbX7SgzyW19h8u2q1URqTehpJ7AuGSXvcB6,1,1,False,0,1883,0,0,1,0,329430632,0,1,-329430632,0,1,329430632,8,1787071119883672
Baxiq29NFRf1JEyUpQnqxFBt6ZaRm8dpLu8oH21Ppump,1,1,False,0,1867,0,0,1,0,915914557,0,1,-915914557,0,1,915914557,8,1787071119867674
DWxjHC2QbzuNV9ztZSFwvDTMDQDC11k7j3nUDzeLpump,2,2,False,0,1866,0,498,2,0,1864068729,0,1,-926006920,0,1,938061809,8,1787071119866672
C7gAN1eMGCyEuvpJ1weit6sbEQ1fPMV9sND93oP5jxhH,1,1,False,0,1855,0,0,1,0,651654998,0,1,-651654998,0,1,651654998,8,1787071119855675
BUibKouNnL1KPTTV8WBehQC4suKhMjpAiK5iJhFwpump,17,17,False,0,172,345,1284,17,8,7642414136,2,3,975771850,77,9,3625849081,8,1787071118172885
Ba49p7JXBTYgYexeqoeCVuHW7KbABrbonJ2hUpmdKisr,40,40,False,0,134,340,6537,40,14,24849299026,3,11,3422222222,929,11,9611943928,8,1787071118134885
5MBk8BVfrmW13ZoDjLwG8TSZjNvcr1AS1UXWTKfapump,17,16,False,0,0,5741,5050,16,9,26332070291,5,4,12630373903,5721,7,13660959891,8,1787071117856884
HEnbUYgXqJKaEMj7pWw5tZ4vAYXd5UdkZSuScUYbpump,2,1,False,0,38231,0,0,1,1,10000000,1,0,10000000,0,1,10000000,8,1787071106231152
GqKp51kbk11yoM1F5pHUVzCXVPnQzAr7UnuKAcRNpump,2,2,False,0,34035,500,0,2,1,3880286254,1,1,740625000,0,2,3880286254,8,1787071101035192
3snLuk93i2pK31qcRXK1eyJvHy4oZzfyZyi8wA2Lx2fh,2,2,False,0,29882,0,264,2,0,626773688,0,1,-188656626,0,2,626773688,8,1787071095882650
4bFoEuLipYLv1VTG9fGMvCwVtuEGYuixF1VsmoSxpump,1,1,False,0,27265,0,0,1,0,18995005,0,1,-18995005,0,1,18995005,8,1787071093265644
5Qh4mjfrShYnQicWUDLjArgAjev1M7wiwJBtAUokpump,11,11,False,0,12908,171,2492,11,3,5296042398,2,2,303538294,1,5,2964766796,8,1787071076908680
8j399W432DMbfQWBnGpjjvriqT31KQuWjDTuvMwupump,1,1,False,0,8396,0,0,1,0,592592591,0,1,-592592591,0,1,592592591,8,1787071071396869
DmqHSAH3uVyAzFDTaczSNxQRJr45JrtsZ6sGDdmipump,6,6,False,0,8378,2475,0,6,6,5139460683,4,0,2892262903,1205,5,4095884388,8,1787071071378870
7jNnpjyJ8WM42vpGnxHDMSGWHenAZ6i7yhnZMEJhpump,35,34,False,0,5723,12507,9641,34,8,1264022123,3,2,149166780,2314,6,270910181,8,1787071068723109
Bxi6TiXXC5rA33D4cM5orXGS44XXqS7PKDzJZbFopump,64,64,False,0,1539,0,9855,64,11,2500094345,7,5,417042328,3369,12,1042504398,8,1787071063539342
DsDKne8C7o3jeDgbcHXzH8aoranNVUHWVRe6e4RLvFwh,9,9,False,0,845,4726,3095,9,8,8356839513,7,1,6718462821,3055,8,7610448615,8,1787071062845340
E4aNSFjTCVso2j9uEVDhxCKqj3hdJrErCMs3Htogpump,6,6,False,0,41244,0,2028,6,0,4285414981,0,6,-685664569,0,6,4285414981,8,1787071055244138
jZUBANmYafuSiHiiAaHR3yYxUoGVoAXfYz5MxgJpump,39,38,False,0,28120,4065,3544,38,8,13805076525,6,29,5975913343,3059,29,7335819429,8,1787071041120510
A4RCpJqPV24tDr8vSwEkJUAK48yCieKZzZsBheZhpump,1,1,False,0,12933,0,0,1,0,73212304,0,1,-73212304,0,1,73212304,8,1787071024933086
JCEE2398LSvUhn1pYij53xvFPNa65CLzGChvjdebpump,6,6,False,0,10281,3145,0,6,3,5768888887,3,0,3324444443,1411,3,3324444443,8,1787071022281894
5VtuPR2KqqwfBx9bnrB3refBr4RU2WBL9fmTpXNRpump,5,5,False,0,10267,0,1210,5,1,2221365044,1,2,81211406,0,3,1355417054,8,1787071022267890
5p7qVFCnfLUMiRz1yAYgSmH2djJXZ46p8b5YA4Rnpump,5,5,False,0,10247,114,240,5,3,671140553,3,1,273777778,114,3,397362775,8,1787071022247895
7RFB7bLTCd73LB6RvRoRTUbbj4H7o87N3X2ZjwMvcvbZ,3,2,False,0,7379,0,1717,2,1,5925925923,1,1,2962962962,0,2,5925925923,8,1787071019379772
EpwEkHkTJ3faEm2tPxZy8jBtt1Wpe2mNx96XpbDJpump,7,7,False,0,4778,206,0,7,6,338248758,3,1,219605744,31,4,260863675,8,1787071016778194
F4tkwNyWc7M37zEUUY4C9p75zeea854zd234AzQTpump,4,4,False,0,714,615,1004,4,1,5194987651,1,2,2933333333,0,3,4780737778,8,1787071011714741
8ZMU9yM23wVDKDBPZQ9w7gix3iahyaZw6FHbhN6opump,40,40,False,0,552,2625,8230,40,31,21111609940,13,5,4413597440,734,19,9589255193,8,1787071011552740
261a3rQQd1cCvYfhXE9KdgsoqbigFjeQHX5LgRsrpump,2,1,False,0,35023,0,0,1,1,135005988,1,0,135005988,0,1,135005988,8,1787071001023312
8WYUfRVBXurH5kjm7wrQBs31J8Hb176J3hh4Lf12pump,1,1,False,0,30469,0,0,1,0,5913135736,0,1,-5913135736,0,1,5913135736,8,1787070995469026
6MTQwFPc68vYJ4zxLKjqzY9PkWQrymKsSG7JLxeqpump,1,1,False,0,30443,0,0,1,0,2383355676,0,1,-2383355676,0,1,2383355676,8,1787070995443022
FbQcAEPZmLKVQcM2coqAAGNDjnSmAp9WoTiA8gYqpump,1,1,False,0,19976,0,0,1,0,29870764,0,1,-29870764,0,1,29870764,8,1787070984976425
ApchzNxTq6t9TuxckzAg3v1McYxSXotSJ1caSNgnpump,1,1,False,0,19942,0,0,1,0,5750534,0,1,-5750534,0,1,5750534,8,1787070984942427
HPP39j8zpAzcRjUmWMrZZd4j6hbkdUbJj2kMXum3pump,1,1,False,0,12642,0,0,1,0,1975308640,0,1,-1975308640,0,1,1975308640,8,1787070976642831
Bru5SeH8mjuQc8nKCZsfLSLv5oYSo7nrnftQFw3ipump,3,3,False,0,9985,1516,0,3,3,3422222223,3,0,3422222223,1516,3,3422222223,8,1787070973985717
7onUEB5hrsqo44d9TPWxWRV7ARrqpaGui1dgAYjvbvWp,1,1,False,0,7314,0,0,1,0,4999999999,0,1,-4999999999,0,1,4999999999,8,1787070971314472
ArJiRMUuHPfHAqmfyG5JWkLiXFJPFkapxwmvACsGVqiu,1,1,False,0,4571,0,0,1,0,335346787,0,1,-335346787,0,1,335346787,8,1787070968571492
7nK7zsRLW2qqJ2H2rEBxvSAuDfo4D1wgLafEYYnmpump,1,1,False,0,4561,0,0,1,1,488888888,1,0,488888888,0,1,488888888,8,1787070968561492
3LEcDP5ffe44LWyTuSPTGh2munDqLoewntJFNFk3DRtY,6,6,False,0,5545,0,1622,6,0,3723954595,0,3,-561294212,0,3,1963390852,8,1787070968545495
E2u1QcunKtrXqXom6UCxpHP1pZ3Zn19Q3yzivq1xpump,36,32,True,0,2741,3685,3244,32,18,18011290072,6,5,6746666668,3685,11,6746666668,8,1787070965741632
8UMbe7bSXfbzkU9jzfADEm4BZNxRfJniPe1wYxhZpump,38,38,False,0,2688,9205,7173,38,10,38006698349,5,25,3666666667,970,26,29580806413,8,1787070965688629
3GjxNfFTp4oqKqGg8VKmWijvMY78MyM8VSGJwkrVXekZ,5,5,False,0,2687,0,1688,5,1,3633932417,1,2,129382715,0,2,2081366856,8,1787070965687627
AfVnMC1fzxxDmyVTBubHsM9wLDsSeBtFywoRx25Fpump,10,10,False,0,629,3286,9557,10,3,813372173,1,1,197530863,0,3,338032518,8,1787070963629071
4vxht7r8cgffG2W7cmuccQ4F4Fr2uPURi9Umb44opump,3,3,False,0,601,250,20,3,1,587678895,1,1,493827159,0,1,493827159,8,1787070963601067
77QEm9TjeEKuQPJsnqsKDbdswShJuG3YivwM8X1Kpump,249,134,True,0,599,5971,2145,134,65,50249271286,7,8,3422222222,592,17,9256174902,8,1787070963599065
J7vvyPEsJnYnXxfgYL6bMZgCaqijCgmjGHaHcXbdpump,1,1,False,0,38257,0,0,1,0,24785286,0,1,-24785286,0,1,24785286,8,1787070957257873
3U4MEJ5XivUghHTzrPgcL5GuvxJSaapS3foiosehpump,1,1,False,0,36545,0,0,1,0,139061014,0,1,-139061014,0,1,139061014,8,1787070954545412
ASH7euPZMYeDuK666C8sw3vyia5y95Wr1B2QD1R2pump,1,1,False,0,36541,0,0,1,0,231758872,0,1,-231758872,0,1,231758872,8,1787070954541412
GbJ7UKXmjABdHWvNJjC6M5iL6tL7eJ9xrxa9Jc1xpump,4,1,True,0,32417,0,0,1,0,987654319,0,1,-987654319,0,1,987654319,8,1787070949417571
3cHVcawQZMWC7Vd4Vaea2JP1GpgHj4CVzyHHCMcBpump,5,4,False,0,27221,4639,0,4,4,6310000000,4,0,6310000000,4639,4,6310000000,8,1787070944221642
Fo2vsd8UB6HsEAj7jnpqPAoyKzfpwAz1fzyNtKnEpump,1,1,False,0,22034,0,0,1,1,48888888,1,0,48888888,0,1,48888888,8,1787070939034554
APS2KVeucuCMgNuyURwV5W9HRHqJxes3okWaQVSRCVTt,4,4,False,0,21975,385,751,4,3,3100511247,2,1,1099738484,385,2,1099738484,8,1787070938975554
En1FdD8y8jDX3yiJxiadUJraRVx47H7hZ2kyQfriWrpt,1,1,False,0,11710,0,0,1,0,977777776,0,1,-977777776,0,1,977777776,8,1787070927710205
9njHeY5zXsTu2Av7QGmnwFNjKXQjepzeju4dH8iRpump,5,5,False,0,11662,0,1569,5,0,3848279592,0,2,-587514116,0,3,2959671384,8,1787070927662211
5pt186UERui2cwBEm7iHyS8ZE2St1en2PmPEqkAwpump,1,1,False,0,11660,0,0,1,1,279585184,1,0,279585184,0,1,279585184,8,1787070927660205
DsScgwTeK3e4QVbQEGFKFH3sL884zbdE8tLv9sdPpump,3,3,False,0,10178,1,0,3,1,2933331,3,0,2933331,1,3,2933331,8,1787070925178881
79c4h8wUTFvoph2hiQNaEzaXXodpAiqo3RtgoV35pump,6,6,False,0,7335,0,2087,6,3,7912643583,2,3,395061727,0,5,7517581856,8,1787070922335832
AxpFP4eFRYdyhwvnq741KSejU1XCmwNWDnYPo8d3pump,2,2,False,0,4746,6,0,2,2,15972962,1,0,13010001,0,1,13010001,8,1787070919746617
DYtciaWiZizehLS2cNMK5KBNisxedFnZfsPz1NRTpump,3,3,False,0,4721,156,3781,3,1,2070348424,1,1,-302048437,156,2,1768299987,8,1787070919721622
GwFHahno4suyrVqENPWnrPF2x9PaaQkA1Mqjuomxpump,37,37,False,0,1824,754,9846,37,11,329721387,3,3,17545720,3534,8,84094719,8,1787070916824827
3uXwmGe2FpnXppZpVodJAFm8FEo8S3aKUtoFrzb7pump,39,39,False,0,1748,0,7281,39,11,12112901912,3,6,977777777,201,12,4206118928,8,1787070916748829
3gsza8ofPepFAG6AKWxjx29YmjQ7th7mcnHggqXSpump,18,18,False,0,1746,659,413,18,16,2938585587,16,2,2104926925,1046,16,2104926925,8,1787070916746827
96EAHyZnuUpKwczHoRZE668yzkUxF4P7PjLKq2PGpump,2,2,False,0,0,0,329,2,1,308807719,1,1,9777777,0,1,299029942,8,1787070914668141
5Eaufd9ddPfhrvVxxnr6EwsAQ84XPEK4kGKNGhxPpump,1,1,False,0,35916,0,0,1,0,71225680,0,1,-71225680,0,1,71225680,8,1787070902916174
J1M1wREewGKnZ66TgGTxZQqt7gVcuv9jzcfC5bfJpump,15,13,True,0,17004,15082,5865,13,10,16177944838,6,1,10774210555,8411,7,10932235245,8,1787070883004612
DYJYn4M8Jf2e9NXUNJCnzdWNDeeCPXtaPgVj5KEtpump,2,2,False,0,12737,216,0,2,1,703999999,1,0,400888888,0,2,703999999,8,1787070877737277
1obfCrXNqkLJqwnUUTEyDwEjd8nw8Jac9BxptPHpump,2,2,False,0,10720,0,1045,2,0,3709308376,0,2,-2006680040,0,2,3709308376,8,1787070874720051
4MR9jcrFkRnb67XhyvuUVoSZQezGdZiZmjVA62Qqpump,3,3,False,0,4844,12,0,3,1,39082294,1,1,9777777,6,3,39082294,8,1787070868844232
7HoZUbYK6xyZUEEJzsFVAoizZ8e2eAvD3dcHZxaDpump,14,14,False,0,1916,0,3253,14,4,7751155105,3,5,9777777,599,9,5609712550,8,1787070865916441
EL9rbgRm7Jm6fWe36XchuXGKds79XYxYoyJQs2japump,7,7,False,0,2865,0,5342,7,2,243349124,1,1,197530863,0,3,202422832,8,1787070865865438
BjADsXfRgRCEmrJ1RM1YH6ovup3wnGJbJvZmRxcbpump,1,1,False,0,705,0,0,1,0,312767985,0,1,-312767985,0,1,312767985,8,1787070863705441
BVgAXqvzmiFGGHkfKnN8PWKCXsaUuuC3csY3yYtNpump,1,1,False,0,32429,0,0,1,0,21366996,0,1,-21366996,0,1,21366996,8,1787070855429600
F4Uw9xiXveVNPgn2xQ1Lqwm8i8MNxbB9KH4XLyV5pump,1,1,False,0,32428,0,0,1,0,409558017,0,1,-409558017,0,1,409558017,8,1787070855428601
HfmkjuK3dCRUZAsmTHwQufQJA4CKxZPYj7WBwxe3pump,1,1,False,0,30801,0,0,1,0,63653277,0,1,-63653277,0,1,63653277,8,1787070852801200
HwCG1Jr6RbAVsKX1qTaH6JtFYGeE6zaLd13W44YGpump,1,1,False,0,30781,0,0,1,0,85016579,0,1,-85016579,0,1,85016579,8,1787070852781202
2qXtagV3mYsXkU15BdfQtrYbUGAPdQyDdJLS5qXcpump,2,1,False,0,30780,0,0,1,1,81519241,1,0,81519241,0,1,81519241,8,1787070852780201
GB4qkEPBrTcb5bHJVhTiZUBsQofwPjt2yX3QMqzMpump,1,1,False,0,29566,0,0,1,0,295354053,0,1,-295354053,0,1,295354053,8,1787070850566571
D1dsaAwKtRcVYpp5RJbJV8vabPWC8TKD9B1YxWjpump,1,1,False,0,27043,0,0,1,1,352134689,1,0,352134689,0,1,352134689,8,1787070848043498
H1XYgHBWNsh9eqAMkw1WjefcQsHPHqwUqCSEbcYYJcb2,1,1,False,0,21970,0,0,1,1,990589400,1,0,990589400,0,1,990589400,8,1787070840970288
HSugGPHYeLR6xx8pEScQ7JEHTEng3pL9DutSuF5Tpump,1,1,False,0,21968,0,0,1,0,313377842,0,1,-313377842,0,1,313377842,8,1787070840968290
HwxoKX8BzSWiX1FRZTK23c2Jh3j7jerKzVcvd4WsLfbv,1,1,False,0,15914,0,0,1,0,740624999,0,1,-740624999,0,1,740624999,8,1787070832914271
3ucftRPm2UdDQ87GnexK7wvXcSV88QaRtKxGEsmspump,1,1,False,0,15904,0,0,1,0,425673177,0,1,-425673177,0,1,425673177,8,1787070832904267
2o4ouj4wNVAkmLwCjjkGd5Xxt7yKeWq1XZLxbKmpdysC,1,1,False,0,13647,0,0,1,0,234870457,0,1,-234870457,0,1,234870457,8,1787070830647008
37opQ2GVyRQo8Xs8DT3jETmj8cJoCE4jkwXPT7KSpump,2,1,True,0,12436,0,0,1,0,1212099150,0,1,-1212099150,0,1,1212099150,8,1787070828436744
9Btgj8X4mGFDGHeU2u5PTyRJ2RALK7B9UVFSY9Thpump,4,3,True,0,12431,4120,0,3,2,654036356,1,0,493827159,0,1,493827159,8,1787070828431742
3DvQap3G2oZULUxKFjapHjQh49VR3Fvbhj7MpJt6pump,11,7,True,0,9802,1683,561,7,3,3189467721,2,2,977777778,246,3,1570370370,8,1787070825802958
A47Q5LVQQiBACxj2z5ThPjkzp3rxJQzQqZ6JDysmpump,14,14,False,0,9794,0,2920,14,1,3832501562,1,6,195555555,0,8,2167223473,8,1787070825794960
7tEL5FPbSmJBQxMYQgjBmw1WHbA8GpxvWHgt4p1apump,1,1,False,0,9792,0,0,1,0,9876541,0,1,-9876541,0,1,9876541,8,1787070825792963
HLLfisU9wwNnakYS9ugT7RfisexUjYTpD1xx9q5upump,2,2,False,0,10767,0,70,2,0,426638046,0,1,-199031485,0,1,227606561,8,1787070825767960
5s524cEaJ8BKwHzYHtKWhSdScEjn1vJy1FALnVA3pump,3,3,False,0,5172,480,0,3,2,3241669506,1,1,19654320,466,2,3222015186,8,1787070820172562
2R55S36qufETgM9FMbGgX99R77NYKCTvcQvAS2nypump,6,6,False,0,5169,0,11,6,0,24360466,0,1,-1756797,0,3,9723869,8,1787070820169560
B9p4TwbVq4EQ7pjiGpYg58kLG8yRetyzBAsfxkUapump,1,1,False,0,1753,0,0,1,0,281995792,0,1,-281995792,0,1,281995792,8,1787070814753785
D7SETdMCkyN8Y38z3fsiqv8GvqX3DgKxV4v9W9nDpump,1,1,False,0,1721,0,0,1,0,493115877,0,1,-493115877,0,1,493115877,8,1787070814721774
3gSWWRmnu27Rj4agNjPUMqoXq2SmUZ3UWo8QW4Gwpump,13,12,True,0,0,1825,0,12,12,4700008237,10,0,3501468943,1499,12,4700008237,8,1787070812985403
4E5XbSieDFTd3NFWwt4ufe1sEwdxiVuy9XS9aKQ8pump,54,53,True,0,0,815,8053,53,9,582767281,6,8,30806370,6422,19,236427743,8,1787070812945405
EJMFfFAjqji7gn2dVhP5f1FQx5uyczb8Ch3WPETZpump,1,1,False,0,37510,0,0,1,0,96572796,0,1,-96572796,0,1,96572796,8,1787070803510848
BtZEbrRikLna4ciBfo3ckw8KwPH5aU2Zfu8iyNTEpump,1,1,False,0,30907,0,0,1,1,1466666666,1,0,1466666666,0,1,1466666666,8,1787070795907972
3SSuukC7CfK4nJwKQeDCR987KqsU4aMuUTnGz4pLJyYt,1,1,False,0,28141,0,0,1,0,485737955,0,1,-485737955,0,1,485737955,8,1787070793141077
EGrKmDMFT4P6Z7Aidb2uL31X6FSa3sZr7TZLoY2LZ3V6,1,1,False,0,28128,0,0,1,0,98373269,0,1,-98373269,0,1,98373269,8,1787070793128076
Fa1smcG9A1KbqYLzns5vi6VRszSW7e8fe6BauGXxpump,1,1,False,0,23495,0,0,1,0,492536991,0,1,-492536991,0,1,492536991,8,1787070788495805
Fm7pgXVvuFbofBTDKHSB9SBHx24ReKYvqPrfJfL3pump,2,1,False,0,23491,0,0,1,1,105873900,1,0,105873900,0,1,105873900,8,1787070788491803
CSGY49xZztkpVQbmVafAwGL1hsnbbTDPPwdgk9pJpump,1,1,False,0,19229,0,0,1,0,44700349,0,1,-44700349,0,1,44700349,8,1787070783229896
BpqDmEYNCsCcEW6EYqqRStpr6d1CpNvfWyQq4R7qpump,5,4,False,0,19197,1963,2584,4,3,5455895997,3,1,5000000000,1963,3,5000000000,8,1787070783197894
2zw18fx7cbFSsj3HKxFreTQyjcRtn77YWmotn6VDpump,1,1,False,0,19170,0,0,1,0,740624999,0,1,-740624999,0,1,740624999,8,1787070783170894
DLuZjak8PnucRmug13cpUVqVMzZqknpwRpc8vMhGpump,4,4,False,0,14877,0,496,4,0,866390994,0,2,-10228869,0,3,794458961,8,1787070777877230
CcEGPMxom8ULLDYz98ssKQLeD1XW7uuSt8sxAxumpump,4,1,True,0,12058,0,0,1,0,111262079,0,1,-111262079,0,1,111262079,8,1787070775058096
Hmk12EhpLoGFyvAi4wksb6HwbqArTEYKnwvUju4jpump,18,18,False,0,9399,4698,4,18,3,1595052940,7,2,977777777,12,10,1065777770,8,1787070772399052
DyNaAooD22LazSvKdfSm49eNxqiUs3oZqT9MdNipump,2,2,False,0,7723,517,0,2,1,117260346,1,1,-115876226,517,2,117260346,8,1787070769723013
9fXMUdg7AqA9vwaSeaBwdFykgQGg4w8yWuEKW65Gpump,21,21,False,0,7721,0,2146,21,1,4700364808,1,20,-168677689,0,21,4700364808,8,1787070769721015
223UZmppqn3pNXvA5dViC5tekXLghb5s8ozE6mWVpump,1,1,False,0,4900,0,0,1,1,244444444,1,0,244444444,0,1,244444444,8,1787070766900969
CsQqJ1QomHoZst7oFf5gdfLvMoZPpQ1zumSYtExtpump,3,3,False,0,4812,0,121,3,0,558302134,0,2,-179421286,0,3,558302134,8,1787070766812966
2z3G9ytDpLPfjeUuAegvvpKJZarbJKYJ7a3YTd4Rpump,71,71,False,0,2187,0,9955,71,12,1184613319,6,5,307578894,3944,19,364395242,8,1787070764187539
5v1cxqZwhQ4KqigUeuJWfH8QaL4fxsWBQr1TsRt2pump,13,13,False,0,2124,1229,3862,13,2,16365766,5,2,1525154,2,5,5527853,8,1787070764124539
82VGKBQizZMLJeM7LfwAMs4Vf2CHuHsuERfEJjJ1pump,1,1,False,0,166,0,0,1,1,1154771451,1,0,1154771451,0,1,1154771451,8,1787070762166750
BBoXjPBQqYZ8VPM7MWVszN6oPVYbhNPdPfzxz4nbpump,177,124,True,0,91,1245,6993,124,70,47769006981,8,8,5075701768,1414,24,11760907719,8,1787070762091749
F3DhiQmzKb9BtZDjejByvVooUe6yg57HynMXYmY7pump,3,3,False,0,31714,0,299,3,0,1006492081,0,3,-366744102,0,3,1006492081,8,1787070744714588
73EiZ5NeUMWrw7xEUTuSjZb6wzG6K1mvPTZMviwr6sbB,5,4,False,0,20408,2199,0,4,4,9679999996,3,0,9550617281,2120,4,9679999996,8,1787070733408242
3GFedTzS6wvy4dbU8jMEL8RzCqKq5TnnNUz1HuMUpump,1,1,False,0,16197,0,0,1,0,502784,0,1,-502784,0,1,502784,8,1787070728197035
B19zXV5MqKfwxUw3jVAp4KTiqfYpyyDATwN5u6Kqpump,2,2,False,0,16183,0,122,2,0,926184669,0,2,-735493905,0,2,926184669,8,1787070728183035
3PMZYG1a58Hw93sLunD6J6NPueeooiiNt5ousu9hFJiM,6,5,False,0,16157,507,0,5,5,2776239631,3,0,1975318641,202,3,1975318641,8,1787070728157035
e2XAkJTmqqdAgt1WRd3GQs39TGiEHcqwa9kGHzNpump,1,1,False,0,13431,0,0,1,0,97777776,0,1,-97777776,0,1,97777776,8,1787070725431876
8xrq6KwFYq8FZHXwPqjR1fqz19N9TGM1YSCCYMhHpump,36,36,False,0,10421,5735,6627,36,12,15295175417,13,8,5523812491,2836,15,7319643316,8,1787070722421336
6FSKHHoSQycvBSCLaxUsMuzHcZU7rn96zumqUbcjpump,4,4,False,0,5348,522,3392,4,2,52417731,1,1,13827159,0,2,30787699,8,1787070717348907
EiGqJwBn3BcJezHtWSTPpcgy7TqrZvvc1MUPpp9tpump,6,6,False,0,5274,0,3950,6,2,3664756809,1,2,568598568,212,2,1074880539,8,1787070717274907
e3bifDvqEbHAi82c78W4LRwX8htydEX2HFZDWmrpump,46,46,False,0,2571,1993,9917,46,7,2915758713,4,3,210029878,7198,11,502573972,8,1787070714571424
4zdJpXaDpuBKZh6zJXUkTSz5gP24WELPf1BnfM6Ppump,4,4,False,0,2570,0,590,4,3,1299108086,1,1,97777777,0,2,1201231547,8,1787070714570424
4aPZT5JQnKhueQ3hmabXd21fTPuFRhNvHGRQNNgLpump,9,9,False,0,80,0,3687,9,0,10985070589,0,3,-129411813,0,6,9349201149,8,1787070712080425
Ahb8NLx3RrdRfQas5fHDmJ1KbZyerAkquUAqcCfzpump,46,46,False,0,0,5906,389,46,27,25156450785,9,7,6391435808,1856,24,15043679789,8,1787070711939428
2iiRebCowqoukDADMtXxn3x1m76kjq4oWJwWBYH4pump,1,1,False,0,0,0,0,1,0,475136997,0,1,-475136997,0,1,475136997,8,1787070711938425
4Xj8eKQ8vyLNbmjxKfsdtRtrtvsHQc5cXS9SwmMbpump,6,6,False,0,37185,16688,0,6,2,377141878,1,1,95580888,0,1,182871685,8,1787070703185735
GMrcNXjY25bjrCAPVmuzFTEoHnWhKsQQMhLqxyRZpump,1,1,False,0,24153,0,0,1,1,39111111,1,0,39111111,0,1,39111111,8,1787070690153741
AGkt946RqorP6gAG7HKRSrNAgtM4jk12LS2Kdyokpump,3,3,False,0,22056,0,413,3,0,1049433239,0,3,-345739229,0,3,1049433239,8,1787070687056129
7nnA6gmKc3mkmdXMy5jTEXL6GrE5iyqCniz5Hrrkpump,1,1,False,0,10720,0,0,1,0,90779617,0,1,-90779617,0,1,90779617,8,1787070675720511
3aCxyyRaCWG7ohTvWtzkwbHiyWnBpjmrij8bmuhNpump,1,1,False,0,10709,0,0,1,0,888584,0,1,-888584,0,1,888584,8,1787070675709511
4oHxg1drwtQ71NDweQSvZ7SHVvAgBxbuQGqBs7E9pump,1,1,False,0,10707,0,0,1,1,977777777,1,0,977777777,0,1,977777777,8,1787070675707516
8gjKLuYd1DWU53Q6XW9Z3wVVfUsbB967DCuE3beXpump,3,3,False,0,10704,446,0,3,1,1036737776,1,0,640737777,0,1,640737777,8,1787070675704510
Dtn5BHenpeT5UiX9Rw9EGfgULV7WMruLEiRENAhcpump,2,2,False,0,7984,0,442,2,1,1532657702,1,1,592592592,0,2,1532657702,8,1787070672984395
CzgCj3Xnd5sHPSFu1GuGWWK6wfLrpPyDZwZ7SrHmpump,2,1,False,0,4111,0,0,1,1,385509,1,0,385509,0,1,385509,8,1787070668111132
2bkD3Jghyczm6CousJCJ9TbVqNjXJoL7nPH7YqXEpump,2,1,True,0,4068,0,0,1,0,98765430,0,1,-98765430,0,1,98765430,8,1787070668068132
89KHSnKPc65862iepQ5EYEeBdEHa8NKtLaF4nekfpump,3,3,False,0,4064,0,761,3,1,3113968724,1,2,-1113522550,0,3,3113968724,8,1787070668064131
7q5ttWMVPaCJBeZpLEtiuN4htPzJxMNH9W9efLUHpump,3,3,False,0,1372,7804,0,3,1,162666506,2,0,123039836,3453,2,123039836,8,1787070665372235
7qgQMbSeMEpo8eTTrccFmWgZuaN96TACGaYaXFwNYwK5,3,3,False,0,1339,0,1665,3,1,5954404426,1,2,49382715,0,2,5905021711,8,1787070665339234
HgEynAja3sbHJeJbBADScW4eeJv4uUmqkDGzPQc9pump,2,2,False,0,1327,1680,0,2,1,376328279,1,1,9632425,0,2,376328279,8,1787070665327238
3CsU93GmfPjXTLgxbG5MrTvBaP3FbP9vtNobpwkMpump,2,1,True,0,1326,0,0,1,1,127473,1,0,127473,0,1,127473,8,1787070665326234
DDsxmmqmWb2EpfTQdHdJcU41BdFz33MP6iD1Tru2pump,9,9,False,0,1325,587,488,9,5,3705007710,4,1,1669135802,671,6,2185642119,8,1787070665325238
i29i2qjxy9RX5aU44hyHNjeTHGdkdq3aWW5Txcdpump,1,1,False,0,1323,0,0,1,0,999999999,0,1,-999999999,0,1,999999999,8,1787070665323238
VsthQwS5jGYxKAavUrCg93zWWkmhZv3oqqBaNPgpump,75,75,False,0,0,6592,6296,75,31,29676371914,17,8,2987847074,1340,27,10283893691,8,1787070664000914
C7N2wHEUorL8M4hfRf2j4JnL5dzee1VsjMHP1R1npump,35,35,False,0,0,1049,7592,35,20,17724805422,6,4,2102813824,1101,17,12945282601,8,1787070663997914
H44g5J3fHsQVzJp1FP3NTvxNXu3vTRwXS6g3BKDspump,11,11,False,0,0,59,6829,11,2,4891848568,2,5,193549568,56,8,4836697078,8,1787070663995913
F5VsHLZfcj6Z1NzKVYCrpHKPt8h4ZZrHJ1KzSzu8pump,2,1,False,0,37987,0,0,1,1,1000000000,1,0,1000000000,0,1,1000000000,8,1787070657987936
BfzWjTgJLSy75Yv7Tdsozuje8QfcqazYa5T6SMkipump,1,1,False,0,37980,0,0,1,1,987654320,1,0,987654320,0,1,987654320,8,1787070657980936
GBNqTSht7zoRVegq3aU2BureC3UFgTU34F3vXLsqpump,1,1,False,0,36592,0,0,1,0,290037034,0,1,-290037034,0,1,290037034,8,1787070655592735
9JywUQ2pQDWH4finoD1ZRoaUwdaj44q6zEnL3s9Dpump,2,2,False,0,33727,13,0,2,1,997325293,1,1,-958230259,13,2,997325293,8,1787070652727129
7XZpL3vESuLBYREQQiJMrUNyYJsEBGYJsS1vo6uhpump,1,1,False,0,27370,0,0,1,1,9886082,1,0,9886082,0,1,9886082,8,1787070645370367
CbD1ftWeitJYc9AcdKW4hLsK4mGMPJWPYpfqFYbjpump,1,1,False,0,27303,0,0,1,0,19537930,0,1,-19537930,0,1,19537930,8,1787070645303367
2Gkzxen3c9afxdX4Ace4zPskQwFNjG3nUvXoy22spump,1,1,False,0,24629,0,0,1,0,680877898,0,1,-680877898,0,1,680877898,8,1787070642629272
7UNtFiSsw5idbDS7eUfXbqXkc5NVhdVsjSA3qtyppump,1,1,False,0,24626,0,0,1,0,523505,0,1,-523505,0,1,523505,8,1787070642626272
CxzYxYBZSQnzWUxVFZrBEErAmR9SDrSMqTUHQ16Apump,1,1,False,0,19675,0,0,1,0,16979336,0,1,-16979336,0,1,16979336,8,1787070637675706
CpiNP8fftpbV2FGjnLf2mrLCdM9Xyxi6Z2f1ZFxWpump,2,2,False,0,19664,0,0,2,1,34483029,1,1,23312109,0,1,23312109,8,1787070637664710
DwSmBJDqrPpAhLUJh5uD4JBpxeG6v7JVwJhuLhiTpump,5,4,False,0,18122,307,66,4,3,759356268,2,1,488888888,47,2,589353785,8,1787070635122818
AoDwpESFTN5ZSkkwcigfgsgnh9ufBHSDcxyezbCfpump,1,1,False,0,16010,0,0,1,0,691249999,0,1,-691249999,0,1,691249999,8,1787070633010287
3H2EpprBAVKQbCuQpKeFV5RuqBoxxkrhUmkBvtDqv3o1,1,1,False,0,13371,0,0,1,1,49135801,1,0,49135801,0,1,49135801,8,1787070630371385
9bk6VZYKBaquWufDUdCh6YVxP4tBG4aZBMd526JZU4wx,4,4,False,0,10090,0,670,4,0,2385850722,0,4,-1234301870,0,4,2385850722,8,1787070625090504
72ghv9CEhahxx2eZU2wQnquQPJETquSiEG6S4fwZpump,2,1,True,0,7801,0,0,1,0,24176151,0,1,-24176151,0,1,24176151,8,1787070622801044
4LRzeGWJJNgypcD9SmH3qhnuStSmfZKf1kEEkvcCpump,3,3,False,0,2457,3453,862,3,1,81194017,1,1,15530560,0,3,81194017,8,1787070617457411
HuQ5FYDyusE9wbtGsWpLqjdgFYMyyV4s2YEN3NwJpump,6,5,False,0,2406,1494,1539,5,2,154468362,1,2,59259258,0,3,86089106,8,1787070617406413
EQoLmQrr9R3pUsvyzC9jbsSsBat44A8vdiAgCTYMpump,3,3,False,0,6,20,12,3,1,67377096,1,2,48888888,0,2,48888888,8,1787070615006285
2QUfcqAK5wEzjUDVDqHBqb4zgPkm36rQCEwMDtu4pump,73,71,True,0,0,10180,6103,71,40,52899143604,9,6,11454280459,4021,21,22980125281,8,1787070614895280
839y8kgApE97fcwLPGQjUfQtEDSE8Ljin21iRHXwpump,27,25,True,0,0,3236,4732,25,21,9861632974,9,2,4031203317,1894,12,4380572846,8,1787070614867281
47t7g3CouJo2bb3gvfbcnvZmpwHuAvWXqymqGYdWpump,4,3,False,0,39477,2064,0,3,3,3500000000,3,0,3500000000,2064,3,3500000000,8,1787070606477287
HL7RA2ATirhS14BgBAEUhvbDrcTdZ4Yp7dUcKoKapump,1,1,False,0,33699,0,0,1,0,1018418734,0,1,-1018418734,0,1,1018418734,8,1787070600699287
Gbr2X8hqW8fs4EgjwSM5M5ZEAGcSLv4veK9YMTV5pump,2,2,False,0,25314,0,487,2,0,2556709588,0,2,-1798086797,0,2,2556709588,8,1787070592314175
AfVMrXSX4zQquAsz5hpam2fvqLy7cabqwxyTjKPJpump,9,9,False,0,26232,0,2126,9,4,7130203014,3,5,987654,0,8,7129215360,8,1787070592232174
3qB7AphwNUgLbRP2u9JwXp1jEKrqTt6h3LQCN9XApump,5,5,False,0,18037,0,2365,5,1,5245798596,1,3,-194309301,0,4,5051489295,8,1787070584037386
FWB21wLJkvX6gCL5FY1aPH8Lz15PJ6uFJmWd8A2U2Evf,1,1,False,0,15652,0,0,1,1,46703954,1,0,46703954,0,1,46703954,8,1787070581652959
BR3oMahK7Ade69YXPw3MJP4S6NxYG1LB1SiSsxWCpump,20,19,False,0,5819,7071,5695,19,11,26958420221,5,3,14496936438,6163,6,16305966035,8,1787070570819513
BWaHoMM1kEEyWSLhMU71VejcgX42sWCmVRumyTwNpump,1,1,False,0,2866,0,0,1,0,99999,0,1,-99999,0,1,99999,8,1787070567866805
F5neswpYspBhGWmmh2219pLr6Z2Accwi7Y8X3Jh7pump,5,5,False,0,2835,0,1598,5,0,4214806430,0,3,-248982752,0,4,3965823678,8,1787070567835807
DnjiM7NZEKN5DDa795JoGFeHFNMQDvdUzXyTNjdVpump,34,32,True,0,2806,3530,9880,32,8,543197164,2,3,87436258,3398,8,188915093,8,1787070567806805
2McG85HREWiJPYQc9Wp1MFbYgLGXvHVaoCTu33vSpump,3,3,False,0,2796,52,519,3,2,1147374010,2,1,195555555,52,2,951818455,8,1787070567796806
7ypfkdtGJyysYuqcduzDgB55KxtGgpKFQuKnBT7zpump,2,2,False,0,230,0,1912,2,0,10274428,0,1,-4511651,0,2,10274428,8,1787070565230611
DFDsVqkJZ1x6mJ1rjKHYZT34D5s8vh7y6RvQ1dCqpump,8,8,False,0,53,1091,704,8,2,5500293981,1,2,1955555555,0,4,2299565958,8,1787070565053586
DCnRCfTfwrKdkJ2AYUHavhVTmZUn4gDYEi9pXwXepump,2,1,False,0,19154,0,0,1,1,100015626,1,0,100015626,0,1,100015626,8,1787070538154416
BoX6tGjUxNjd5ZVSPfqriT1rAg2TojeteauLoi6oF4cL,2,1,False,0,19128,0,0,1,1,11851851851,1,0,11851851851,0,1,11851851851,8,1787070538128417
ELPQwsgEveKFPxRyc47RNQFER7BDnuyUKc81husbpump,9,9,False,0,12041,0,4595,9,1,12098649682,1,4,-553721329,0,9,12098649682,8,1787070530041916
FGv88Ean4jC1MRcA8aoNT5N9627jeEs1o7BRKvAipump,2,2,False,0,12014,500,0,2,1,800193182,1,1,681056818,500,2,800193182,8,1787070530014920
FEPNXpgKBNBvbTTecFWMT5V8WpWAySCPzuXANfVYpump,142,16,True,0,12012,5084,2839,16,7,9206943811,4,6,2172839504,780,7,5636056566,7,1787070530012917
58uY623rxFF6QVarqXK312bt1ium8wqysJDmeULTy64Z,1,1,False,0,9348,0,0,1,0,4826950147,0,1,-4826950147,0,1,4826950147,7,1787070527348419
E4JPmf2wULwD4nXRk295fga1Whr9N48djiHhurzrpump,1,1,False,0,9319,0,0,1,0,730373902,0,1,-730373902,0,1,730373902,7,1787070527319415
G3eK6SE4hznULkWT2AAn5bEUVGQtUhHsXNAv2x8Gpump,1,1,False,0,6562,0,0,1,0,2962962961,0,1,-2962962961,0,1,2962962961,7,1787070524562019
BNbQiNnK9Tq6Ffuvo58U2F3cFjeCBfkR4Mw2VJZipump,5,5,False,0,4934,0,3838,5,1,15624130180,1,3,1705143355,0,5,15624130180,7,1787070521934923
GdGhFZYspFgtbyMwS25bg1y6CXKwq2mnL4AfzSJtaGjq,186,118,True,0,4868,3505,5663,118,38,33904352637,9,5,2572555110,629,17,6021840958,7,1787070521868923
4PAQnV23byvm1NYTSspkSKWijQ2mGES4GZowub9Lpump,10,7,True,0,755,81927,227,7,3,1302278072,1,1,442783232,0,2,881769454,7,1787070517755626
D3ygs9racmVTy9dPd7dPTHQ5MsLe6Cf38xWMRZCtpump,11,10,False,0,33408,2560,4150,10,8,11352766965,7,1,9224890815,2560,9,10612582803,7,1787070505408985
DhgZXqKjruw3oxv5cPE9SJtbvxHvSwqQpPCbjmcVDyHt,1,1,False,0,28022,0,0,1,0,68058008,0,1,-68058008,0,1,68058008,7,1787070500022642
7SrrHd2E8PPWRRVAAGJdqfkM1bU4yjodEjHZBZHNpump,2,2,False,0,25189,500,0,2,1,1300160757,1,1,181089243,500,2,1300160757,7,1787070497189644
EnYscH1m4u3Kiftn9AZHkJnFqMN9B8PsPsmXW8Rbpump,2,2,False,0,23501,,0,2,2,0,1,0,0,,1,0,7,1787070494501112
74s8J583H29zEnxDF9yQiGCY2YZ6h4GK7645tHKgpump,9,9,False,0,20915,3738,9265,9,4,9651045697,3,1,7275971484,3738,3,7275971484,7,1787070491915992
B98mcHr8GJ8ySR5JyQo3VkzJVLj7e6TUzFHNztcKpump,2,2,False,0,18590,0,5,2,0,249353796,0,2,-242412443,0,2,249353796,7,1787070489590652
ASzXtMJ2zr6aw1AmUNUX9EVk9c25hmFyMKvDSRzdpump,1,1,False,0,15882,0,0,1,0,1211789386,0,1,-1211789386,0,1,1211789386,7,1787070486882179
BR2gEWZUmnE9qRoimcJjRMER5LnC9Kh4Y4T3Up39pump,2,2,False,0,13208,54,0,2,1,591604935,1,1,97777777,0,1,493827158,7,1787070484208671
Apv5yQe1FDjvnRdELFk8TKH1b7uW6GLRuwBjM11kpump,1,1,False,0,10525,0,0,1,1,3332337,1,0,3332337,0,1,3332337,7,1787070481525877
wL3KVg7JqyovCuu8HqqJNPDN3nZU8PxAioVydNrpump,1,1,False,0,8898,0,0,1,0,2704852,0,1,-2704852,0,1,2704852,7,1787070478898180
DD2urZ1UnVHk6P9eQHWViVL8JWSMCGtGtCbKHeRspump,8,8,False,0,8852,451,5499,8,5,4748727482,2,2,888888886,177,3,3690747258,7,1787070478852180
Hzo7cEWRkM2om8Gq4rEVajmBu2JjEA9MSvXAYJLSpump,1,1,False,0,5742,0,0,1,0,531535,0,1,-531535,0,1,531535,7,1787070475742964
63LtZfF4xQhPXoB739EEZDcf5tuAGbp2Yi89mKCrpump,5,5,False,0,5706,0,1988,5,2,5339891675,1,2,586666666,0,3,4571179835,7,1787070475706967
HsgjuqvZ2BU3nUoj3yhM172AN9UZXzQfRwBMGp8kodiT,1,1,False,0,3037,0,0,1,0,293644114,0,1,-293644114,0,1,293644114,7,1787070473037441
89U5fxJS9x8Pkpns1wy3L7KP22A69oFBjH8Za6k4pump,4,4,False,0,3001,0,2708,4,2,39871958,1,1,13110960,0,2,32896992,7,1787070473001439
C3ikzHovSjS1M2N1VsU2s2oy9yGDn2orR2DXAV1fpump,36,36,False,0,173,3,7573,36,21,14859606136,11,2,1002036244,349,18,6577909120,7,1787070470173235
FiGtS2hxSwkyu5m4jQhvtvUL7BKpADo5hrSWcmtiJif5,23,22,True,0,14,14,7338,22,11,4075125321,3,3,933827158,214,6,1938487337,7,1787070470014233
D7n7tcEA2Qi2qJwTGQJryyRHrbKC118VAGeTYREDpump,4,3,False,0,0,65,66,3,2,397530862,1,1,197530863,0,2,199999999,7,1787070469982234
2Zt5ZgqBw5NxwXRSaUfnk4EDR3xA7RP1bUsDnVtmdrUG,1,1,False,0,38562,0,0,1,0,340740510,0,1,-340740510,0,1,340740510,7,1787070459562675
83ATspCULe2EX9urRrPDHUcJNxtQMAwYGMPXrRjuNZ9g,1,1,False,0,36675,0,0,1,0,740624999,0,1,-740624999,0,1,740624999,7,1787070456675084
Mai9B17n3kFMWt9nFweMiT5KvAxYnZTSWrPw6WFpump,1,1,False,0,26986,0,0,1,0,628069,0,1,-628069,0,1,628069,7,1787070445986334
8jYrt5wBYYpNACYUa8aAh6wVy2ArFhUMNnh3uhq7pump,2,1,False,0,19575,0,0,1,1,987,1,0,987,0,1,987,7,1787070438575775
6W2cLNvTYcKw7eVUmJNn2DBy8A3P7LPg1svCv4gYDL8A,1,1,False,0,19535,0,0,1,0,1975229150,0,1,-1975229150,0,1,1975229150,7,1787070438535775
DcdFdcXTzJpdqsjt2HEZocuX4n9UH77eeiuTtjgopump,2,1,False,0,17748,0,0,1,1,987,1,0,987,0,1,987,7,1787070435748691
DSfdRypRgQPZVr2ZxR6ptXScwyrrxXucz2ureJwxpump,1,1,False,0,17747,,0,1,0,0,0,1,0,,1,0,7,1787070435747691
D38t466qsx2dnjd6ux9FXcGDZ7UdtgqXC2LVjMAzpump,2,1,False,0,17727,0,0,1,1,987,1,0,987,0,1,987,7,1787070435727691
C5PvPdE5s3Kv6vrVfFEHYntzd3FDAMqX1XPzSkjUjFvo,1,1,False,0,15166,0,0,1,0,1966350456,0,1,-1966350456,0,1,1966350456,7,1787070433166609
CVNkkBcaC8Xwx7V4tLu8879eEMG1t6uKNijZNqecpump,1,1,False,0,15143,0,0,1,0,14450672,0,1,-14450672,0,1,14450672,7,1787070433143610
ELnJkCbUQjT9ga1UXGFBRz3uTRzY8hrurWsphiipump,1,1,False,0,15124,0,0,1,0,21569428,0,1,-21569428,0,1,21569428,7,1787070433124610
QD6MofKECC4644dcRWWfPGhu1qcC3DQXAWonfmLpump,2,2,False,0,10413,672,0,2,2,1529382714,2,0,1529382714,672,2,1529382714,7,1787070427413195
9Qm8bJsR5jz6RM9ENVGEmpQPEwPayzSbRQ9tq6kvpump,12,11,True,0,10376,501,1395,11,8,6607153221,4,1,2943209875,650,7,3066789532,7,1787070427376195
6Y6vKm53BegChJPqQ9D2i9bjZFvptSXzXFWYzXoa3Y3n,1,1,False,0,10343,0,0,1,0,5933068,0,1,-5933068,0,1,5933068,7,1787070427343196
FtuaHHJQbHVLhe7yvBVhtzoZDRdeigNyuJptdBWwpump,11,4,True,0,10329,1829,0,4,4,2894222222,2,0,1955555556,635,3,2737777778,7,1787070427329192
76FoevbY49irugigP6wyT3ksVcxVp6kqryfZzNPXpump,2,1,False,0,7654,0,0,1,1,641937,1,0,641937,0,1,641937,7,1787070424654840
FbSiAfHfxmFHZQMbtbWznbXSWLeJLe3JqGXGuDWGXbUH,15,14,False,0,7648,5431,1104,14,12,16951185305,6,1,8790123452,2844,7,8790123452,7,1787070424648841
2XPEEaReZv6rYSaGpu1RsUt1B4wYqGvkj7quMhnSmMG6,1,1,False,0,7631,0,0,1,0,1146460322,0,1,-1146460322,0,1,1146460322,7,1787070424631840
7vEh4GkeyyppeqGj8CkvZnLTeCcPHut5JqPWUUUmpump,1,1,False,0,5123,0,0,1,0,3089361,0,1,-3089361,0,1,3089361,7,1787070422123814
9CkyrXRC5HLghTpSbgJXL6mrP5fNoUCmBusEn6capump,10,10,False,0,5083,1462,2025,10,5,7990513003,4,2,3722618522,1405,5,3820396299,7,1787070422083814
crR6sgUuoDXxGufa4jkt3LCDzqSTMMhuzUekN8Spump,6,6,False,0,2341,0,162,6,1,477592176,1,2,-26769376,17,3,256922388,7,1787070419341587
HcXiswj4Fge11CpPd35aDSQ4ez3y8JtXasUL7Ha4pump,23,21,True,0,2325,339370,9999,21,3,1006568122,2,2,150238752,1437,3,520473538,7,1787070419325584
9jsKoBpdwfcHsRcS9r5DzXqjXXguRW2bALCFxezypump,94,62,True,0,74,10423,5165,62,37,20755440755,6,3,1645708712,658,12,4078829865,7,1787070417074510
B1nheRjFDnGCRD7v24XJ2TpPAHWL83RK7aDNbfjMpump,4,1,True,0,40315,0,0,1,1,852244,1,0,852244,0,1,852244,7,1787070412315906
7niJSaCesq7x9iDvehMjZ8LZ65wMC3ejqDgSnPJTpump,2,1,False,0,38400,0,0,1,1,987654,1,0,987654,0,1,987654,7,1787070409400986
BvRdWcxwFMNVqkErqchCRWMd9SUKQxMQZbpbfSnQpump,2,1,False,0,35448,0,0,1,1,987654,1,0,987654,0,1,987654,7,1787070406448888
6LkZguvyoAne54rY4pjkXHTDZmuazmqBwNJuypGjrtYG,1,1,False,0,30577,0,0,1,0,465384,0,1,-465384,0,1,465384,7,1787070401577700
AMmQY3m9vKfwWEEVx1Sp4eAHAzU8bYHN83RxHuigpump,1,1,False,0,21241,0,0,1,0,740594063,0,1,-740594063,0,1,740594063,7,1787070391241870
7zAYhoLSP9SCn9yECpdweBCqxTKJ3XqojTSoUfJGpump,1,1,False,0,18554,0,0,1,0,13555930,0,1,-13555930,0,1,13555930,7,1787070388554091
ESLYP2ofsrWLcBDNC9gPXxM7LVpUHhTMxmRMyc3nwgtS,3,2,False,0,14299,0,2174,2,1,16678801998,1,1,11851851851,0,2,16678801998,7,1787070383299230
7z2xwVnmRf5j6B1U7CUzo7p494vXSNifArck9tutpump,1,1,False,0,11516,0,0,1,1,515555555,1,0,515555555,0,1,515555555,7,1787070380516761
4U3UnRsCSnaTcFqp2AtshizLZVkxZU8JX9UCXzTjpump,2,1,False,0,12467,0,0,1,1,987654,1,0,987654,0,1,987654,7,1787070380467769
FecYWvGQrV9zQZoiCdYQSrSLBgA8aQfMtvr5VLxspump,3,2,False,0,9753,0,0,2,2,98775432,2,0,98775432,0,2,98775432,7,1787070377753302
2yZ5GauvhVoTdHqtDv5yWAcYDT4E3BsMqoWm1RJGpump,2,2,False,0,9730,13,0,2,1,19753084,1,0,9876542,0,1,9876542,7,1787070377730301
BWZMLT88aPb8E6V6dA5NiDUMEdnzMHspfmKihQvupump,2,1,False,0,9708,0,0,1,1,987654,1,0,987654,0,1,987654,7,1787070377708301
9FXnjTCEerpExphFCoUPKPXS6hZF2Lia3CtgsHsoCS1B,5,5,False,0,9705,0,3398,5,2,10838402776,1,1,97777777,500,3,7663701923,7,1787070377705303
9fzCv8WapnUXq8MpStkBVZqs9nEDDNzHNTcgVB4Ng85b,1,1,False,0,6876,0,0,1,0,969854363,0,1,-969854363,0,1,969854363,7,1787070374876568
D3S79vPZh7McrHWKd594c4Hf1Pru5XxzFD31i4ehtYxP,3,3,False,0,2035,0,828,3,0,2970345020,0,1,-694486565,0,2,1550720685,7,1787070369035226
6gW8JNETpeWTDyJtozsVDJjQ7zk69sfTVbQjPCrYpump,1,1,False,0,2009,0,0,1,1,1975308640,1,0,1975308640,0,1,1975308640,7,1787070369009226
B3smasfGqTbq8NTnX9xNiVf2YWPyvAfRtJy19o81pump,1,1,False,0,2002,0,0,1,0,18568859,0,1,-18568859,0,1,18568859,7,1787070369002225
49v66E5oCYwrvoZQMzKJM8XiCoGPe2BxfqMDfdD8pump,17,17,False,0,463,3820,4090,17,7,14272171183,4,9,997333333,610,9,11266236529,7,1787070367463661
2HFphJeTZtSfgkYQL5A8VfzciFtYKvSp4YY4tjMRpump,48,45,True,0,301,8981,9989,45,7,5435820451,3,2,2447224948,5610,5,2595206396,7,1787070367301661
4gECnwKfHHte1aPJ7NYPtJmGiHamLNcAkU2GXVxZpump,1,1,False,0,35174,0,0,1,0,691249999,0,1,-691249999,0,1,691249999,7,1787070358174976
2KY9yt4y7DGQS78RfEJXDuc4t9NHmaLKskL71L1R5N4Y,2,1,True,0,27708,0,0,1,0,976304648,0,1,-976304648,0,1,976304648,7,1787070350708088
3j7MNiZKUz5DYcAtYqXUCBL2bw6sw7R8v5gjMnk5pump,14,14,False,0,25170,3097,7010,14,4,8619386285,1,3,63978257,0,4,3641741632,7,1787070348170041
G3UsSR2mWFrDDWf84UdXcyTp2Pvwudrzvh5u1ejPpump,5,5,False,0,22602,0,1567,5,1,3709516584,1,4,-364072085,0,5,3709516584,7,1787070345602214
H4FUJhJ9QcMjDQMujLZQ6Qdqo9LsUL1ca3rGUorwpump,6,5,False,0,17439,4586,0,5,5,7439768712,5,0,7439768712,4586,5,7439768712,7,1787070340439126
Bu8ATST8UP24Ci2GqLbqdkockzyTPji3hC6RYg7fpump,1,1,False,0,15490,0,0,1,0,67753349,0,1,-67753349,0,1,67753349,7,1787070337490668
8qCPxC72UDxpLNT6pPANrqWqxqaLFudPUGd5ixDWpump,87,9,True,0,10185,1467,932,9,6,1921178063,1,1,545937069,40,3,545937069,7,1787070332185391
3irwwygERj5x2c1JzDoWd2zf5CsRqsLQPXjNNw6dpump,15,15,False,0,7556,,0,15,1,0,2,1,0,,5,0,7,1787070329556745
3WEYr6dTDw7zcNsPyhrMVAh9VRxDhJqeDsPn2PiMpump,5,4,True,0,7546,664,320,4,2,2531846251,2,2,1514292874,30,2,1514292874,7,1787070329546746
EgsUJtX3p66qUM3yZftxAhBD8DCmzVZATK5FKYE2pump,9,9,False,0,5841,0,2383,9,0,5375534144,0,7,-164247889,0,7,5198592888,7,1787070326841231
HTxeYPjmSQeULJ4Dmw7h3pvD5HPYMg3wEWmy3kTqb3Vi,4,4,False,0,5829,0,2656,4,0,6864197528,0,4,-1857200826,0,4,6864197528,7,1787070326829222
Hoj3HxLqPk2a5Kdg6GiHHyXAeX2n8HMqtyqsrVRFpump,15,15,False,0,3267,7068,6029,15,8,300663959,2,3,88500112,3527,6,162368149,7,1787070324267964
B1cU1vpFp9TEjyh5eKvQmxpetyvjZrtxXZQ4hDWBpump,15,15,False,0,3244,0,1405,15,1,3422578686,1,6,-147020255,0,9,2154634173,7,1787070324244969
8NXSoeMxh5iyLPD8A1WuuymFZbBYHMJBVRFjqfdWpump,108,108,False,0,926,0,6204,108,14,26297605472,4,22,1809216409,495,43,15022078257,7,1787070321926894
5yxgrdMtkDwkZ1Gqr7RpZ4Bq7DovnczkfF2tjpebuQqR,1,1,False,0,37364,0,0,1,0,976361302,0,1,-976361302,0,1,976361302,7,1787070311364135
HgNeTsTFZEBQY3rLPSxYrBoWf2UrP6JrkK8joqgDpump,1,1,False,0,34814,0,0,1,0,29666685,0,1,-29666685,0,1,29666685,7,1787070308814581
AxRSag2D4tEWN6UiK8aqoL6LSb7vfVkBBzd7Yawzpump,1,1,False,0,29275,0,0,1,0,49378760,0,1,-49378760,0,1,49378760,7,1787070303275880
5kiDiCQfiHm69ZHL5ZUbtJGRUAd95aBfR6tXakBHpump,1,1,False,0,29247,0,0,1,0,691249999,0,1,-691249999,0,1,691249999,7,1787070303247882
A18AgABtBBt2T4aHPUKxcwvxW5MrY6HPE5nr7fJypump,1,1,False,0,22012,0,0,1,0,12936215,0,1,-12936215,0,1,12936215,7,1787070295012387
DAzYHqenaKFhWgHoqRPosr2h6uVLdLFRgtWSzksMJyAA,2,2,False,0,16428,54,0,2,2,800269487,1,0,700000001,0,1,700000001,7,1787070289428001
6LkEawYccmn1T3Th4hRKh8ZbhgdK39h6W2QyoK12PC95,4,4,False,0,16380,0,1942,4,1,5484149407,1,3,-1372852716,0,4,5484149407,7,1787070289380997
9weFfFRnh7aQin1WBQ6YzGinJJpSFR5V7bGKMPNdpump,2,1,False,0,16360,0,0,1,1,500078135,1,0,500078135,0,1,500078135,7,1787070289360998
DXaHyn3oy4xo5uWxpAdN5vTzyJXYsA3sE6J1XvTqpump,4,3,False,0,13804,410,0,3,3,806712777,3,0,806712777,410,3,806712777,7,1787070286804871
6ZYKMixAwki3hC19397ycQUnrk4BtZ2YSeNKq19mpump,1,1,False,0,13783,0,0,1,0,1466666665,0,1,-1466666665,0,1,1466666665,7,1787070286783872
FS2rSd7GAQ5AsMG2N6cX2cyE7FMhop6jRLVYYnPfpump,3,3,False,0,12041,0,538,3,1,4197415119,1,1,-100581420,500,2,2615583699,7,1787070284041000
HPH3EjMym2Vr3adP1CKeJK4Ld4fQnW6YQ1aeEZrypump,7,7,False,0,6749,,0,7,2,0,2,1,0,,3,0,7,1787070278749487
DKiJk9eRaS4T8mnDZA5nNRGdKYB2EuhT8kt7qKXGpump,1,1,False,0,6747,0,0,1,0,971366267,0,1,-971366267,0,1,971366267,7,1787070278747488
4wVvDYxkc2DLSqL8kBEnChp4XD2gPK1G2BSGAWStpump,1,1,False,0,3671,0,0,1,0,384193852,0,1,-384193852,0,1,384193852,7,1787070275671045
8EA64sQ2sHVjN6svRvH5fMYsJK8bDJvTPdQdWnwCpump,2,1,True,0,1859,0,0,1,0,8115578,0,1,-8115578,0,1,8115578,7,1787070272859184
DBTHFgm3cbEAzt5osUsiNqcDbiqe31kUotig9q35pump,10,10,False,0,1813,1803,5832,10,2,633286641,2,2,155137781,1460,4,263733772,7,1787070272813186
GhJBCY9q6vpNAGT5SGgeyNHUtPrdMz2j4SHS3BcHDATB,1,1,False,0,1812,0,0,1,0,12654643,0,1,-12654643,0,1,12654643,7,1787070272812184
5xDcSnxbZHeFEtqJeeeJxwVxusno6fjLy6GmErbkpump,5,5,False,0,668,2264,87,5,3,2098601720,2,1,1000918541,19,3,1441291298,7,1787070271668184
6Ud9TEE51rtCna4CcWtiXpaBoL5sNGQ6st5UP5D5pump,3,3,False,0,37254,2314,1,3,1,135313365,1,1,26680325,0,1,106665534,7,1787070264254152
uyG1bDmhrPaxHFC4kCv2FLMkzjkSs1rNsvxiw57pump,4,4,False,0,34471,1146,0,4,3,1218098378,1,1,98765431,0,1,1037888013,7,1787070261471098
36D3urdvsKdxaWjc1S1nimtc3EDW7q9crdaCvw4aKPra,1,1,False,0,32803,0,0,1,0,9810765,0,1,-9810765,0,1,9810765,7,1787070258803525
79u1oBcggcCJuE2SzkiBRsZkmKHntMrKsayfPkk5pump,1,1,False,0,30152,0,0,1,0,790123455,0,1,-790123455,0,1,790123455,7,1787070256152763
96GufXvQvy9tecSE7pGqbpYZcHh2i8K9Y1tFWKUepump,7,7,False,0,24924,3899,343,7,6,7636556582,6,1,6996952797,3899,6,6996952797,7,1787070250924672
A4CyUwZLHyCQ8CuM5nk1JQWiXMG4KJtuZJwf4pkKpump,2,1,False,0,24873,0,0,1,1,197530863,1,0,197530863,0,1,197530863,7,1787070250873677
C5AW4q1iwMdus3pBgfCHbaMQbnqA2KbqVcjtYYPfpump,2,1,True,0,15166,0,0,1,1,500000001,1,0,500000001,0,1,500000001,7,1787070240166551
5R4Scv9BbpwVtaytSRETRTAisNnZtUu5MxqWxRJHpump,1,1,False,0,12434,0,0,1,1,6421036,1,0,6421036,0,1,6421036,7,1787070237434748
E9vpPhCihFCaykv1XaKoXPBjNDf2gj5iLW3jMxemkNF9,1,1,False,0,12430,0,0,1,0,863209875,0,1,-863209875,0,1,863209875,7,1787070237430751
DFRchqssWS4DbkzVmeZiK2Dcz8RT8Tq2vj8xMsQapump,5,5,False,0,10739,902,0,5,5,1859259259,5,0,1859259259,902,5,1859259259,7,1787070234739926
7UQB2iSQSwaHWXmh5RfP6kEzNq6n3iRtZfmx5NRBpump,10,8,True,0,8367,9110,707,8,7,13036640104,7,1,11541232249,9110,7,11541232249,7,1787070232367573
BuE2jWaSdAH5EAFBZVtqdroBDuwKAZvrSeRCSFqZpump,1,1,False,0,4002,0,0,1,0,9905894,0,1,-9905894,0,1,9905894,7,1787070227002668
5KvgSZH3SKwnrXfCDpDgmneagvaotuG16wAKpaCJLHTz,20,1,True,0,4000,0,0,1,1,296296295,1,0,296296295,0,1,296296295,7,1787070227000668
BnfWgueCPu62HgZGC43ZeHAu6SLWeo3ieV4PNcs9ErtL,1,1,False,0,3958,0,0,1,0,4938271602,0,1,-4938271602,0,1,4938271602,7,1787070226958670
ofWg6Hh6iaQvToNs5J4SzcYQ97hP9F3FAbqLUbAzu7a,2,2,False,0,3952,0,26,2,1,65901838,1,1,24398414,0,1,41503424,7,1787070226952668
AsAeXvjQfndmi1sBvqe1Q7yKTcikUJ5B2PqtA5a9pump,138,64,True,0,3948,4257,2756,64,35,29602515330,10,7,3554615418,1688,22,12890171523,7,1787070226948671
2ddhqw3g6FbYTq4XrR3uivEZx3aACcGVkAuuUf6voWAd,1,1,False,0,1090,0,0,1,0,569418,0,1,-569418,0,1,569418,7,1787070224090059
6sNszQahQmQDMSYHSSgToffSYWKGiCyYdqhGdLbpump,46,44,True,0,0,23964,9711,44,14,2814891445,7,3,584885277,3863,16,1236671825,7,1787070222986054
5qpr4Z2oaMkVNZkUnTfHbmYRGNeLRLViHYwcmShpump,5,2,True,0,22426,1113,0,2,1,1892392442,1,1,1000000001,0,1,1000000001,7,1787070219426289
3tsNGBY7xent87vYvfseqWcrd7KBf49mdxca7uokpump,1,1,False,0,19612,0,0,1,0,592592591,0,1,-592592591,0,1,592592591,7,1787070216612160
HTMdtbkxFtbHLiUbW9VH3FT9wydanuUhdaAcbgmucqdZ,5,4,False,0,19599,5598,0,4,4,8546009364,4,0,8546009364,5598,4,8546009364,7,1787070216599164
Ctjry6kB8utFuouYvMpW2J2gjnezLsSN2aVeDXtupump,6,5,False,0,19574,,0,5,4,0,4,1,0,,4,0,7,1787070216574164
D3F3UHkSD7JABRKwTXvKtne44mhsyC1yrtTqTKPXpump,3,3,False,0,19570,4612,0,3,3,8651851848,3,0,8651851848,4612,3,8651851848,7,1787070216570164
Gw6jVFwXvFjU5GHFP58y7MAjtf7tdAb8b4sc7RUwpump,3,3,False,0,18185,486,353,3,0,2213000184,0,2,-223247654,0,2,1989752530,7,1787070214185130
ESq2nk7qAue468yCVpswh66SqZskWztfUis7RW8npump,38,33,True,0,15601,4724,2427,33,20,29484900299,3,2,2009965649,305,6,6400535032,7,1787070211601020
CUogv7WP66jgYDPtK7tYUtxeBZ8GxmTYfPNKTP8fpump,1,1,False,0,15571,0,0,1,0,2993953721,0,1,-2993953721,0,1,2993953721,7,1787070211571020
5GZMFATE21DzKHQFffKSo4K1ShQQCqttZVyvFxykpump,1,1,False,0,15566,0,0,1,0,1252078959,0,1,-1252078959,0,1,1252078959,7,1787070211566020
3RSNMzJ4FjBpMLEEcJqDuiNTPCM9QMiU1GiZuRtipump,7,7,False,0,10029,0,1944,7,2,6236453301,2,5,-1231651538,0,7,6236453301,7,1787070206029023
5DU1Ks8DEfLdohUxok1svxdUXX5iJUc9wAAAKSXcpump,2,2,False,0,10021,635,0,2,1,1388863942,1,1,487386058,635,2,1388863942,7,1787070206021029
9PYQZrFkuEUjDNppRwHzp85npssx6uM7Kt1NLncFU9G1,27,26,True,0,7548,785,4240,26,7,5018133792,3,4,1729168357,699,9,3212401388,7,1787070203548248
91dFzNq4C8dyTRmTkvHVg4ACXtNXrZMbyYRDCcxmpump,17,12,True,0,5785,0,2684,12,6,5934733781,4,3,553845041,162,5,2729489922,7,1787070200785322
JD5QLvR5ecdyWAHBHwJcGsE8FsR6Hq3JB2tS9CHzpump,12,12,False,0,3311,,0,12,3,0,3,3,0,,6,0,7,1787070198311944
C1YA1dDK8uuzwpUnvRM6Wf3KAiNTELT6AS92SMgE63Mc,76,75,True,0,608,2779,8169,75,29,25137253280,7,11,6113580247,1516,24,11169475090,7,1787070195608125
4j3uwhFisGz63StTsJMixuahGrDEjj6iBYmWwcefd7iu,3,3,False,0,34409,5,0,3,2,1460646332,1,1,488888888,0,2,961880901,7,1787070179409523
C8t4F1GHYacUcKLhzAskwtWhoYgBn2Kyhtqk5h3ppump,2,2,False,0,34391,0,476,2,0,1877269071,0,2,-1095416870,0,2,1877269071,7,1787070179391523
BsjQRs35Ej4wX21F2RGxjRjd3P6sd72WQF6AdXn6pump,1,1,False,0,34374,0,0,1,0,16211993,0,1,-16211993,0,1,16211993,7,1787070179374524
4jo1TWJt5cbaTMyHTRWZvzEiHirNtcshQwK5YXgmpump,1,1,False,0,34364,0,0,1,0,393684625,0,1,-393684625,0,1,393684625,7,1787070179364527
8tUJbSRGkvXkneSHax8s496bLDLfM2c4R6YfLXQwVQzr,2,2,False,0,5483,0,2005,2,0,7926667341,0,1,-3871894105,0,1,4054773236,7,1787070149483705
3fAedbXLHtBZTw8nFciNGvFVBxH1dKfsLUcdPgMLpump,85,82,True,0,3044,28685,3215,82,30,33424146254,6,5,7920987654,2174,13,8217283948,7,1787070147044229
Cr7iyQsMQMTPkGcrgppRzfB6PEM91LHETuEDHsgEpump,4,4,False,0,3015,302,6093,4,2,336237497,1,1,98765431,0,2,175879456,7,1787070147015229
FT1Knggjck5J8nitGbhYNQET9TW76eFA8c9XcfKGpump,5,5,False,0,3010,0,222,5,0,617151991,0,2,-116599823,0,3,384577200,7,1787070147010232
519UgU7vipAUsyK3W3RLry39jmpwsVdwkbHeAEb4rqpf,1,1,False,0,360,0,0,1,1,98765431,1,0,98765431,0,1,98765431,7,1787070144360227
7CGiA4cdtprHDyZ8CC316tovjLcMd4KMf4b2ArAWpump,30,30,False,0,298,8845,971,30,16,20111902653,5,4,2041497085,441,9,7912838421,7,1787070144298227
8GdFq8JXgJhHe4xmZCzFN73vM8GQsxLGnVmEksi9z61r,1,1,False,0,181,0,0,1,0,1104451324,0,1,-1104451324,0,1,1104451324,7,1787070144181228
3gBqsXx42w3wJ41eTipjegYAw4JGTcS4CPXakXoK9c4E,3,2,False,0,30693,65,0,2,2,5052257403,2,0,5052257403,65,2,5052257403,7,1787070128693000
3LWVsiM7SW963fS2uS53Qt9fjrpPRTdPTqudS3puaRPc,1,1,False,0,30669,0,0,1,0,586455,0,1,-586455,0,1,586455,7,1787070128669003
9fsqYWLdNaGWyTpy8tir1bQEKAbEbppTpNDvdELepump,1,1,False,0,30644,,0,1,1,0,1,0,0,,1,0,7,1787070128644000
F4ZfUjC4WhmgdXtm3PuxcXtyJvC1wxPtqoUWSrBipump,4,4,False,0,28052,0,1543,4,1,5740624999,1,2,-456714246,500,3,4999999999,7,1787070126052779
DFVfo2n6irJucPGLmUV9ofzKS8KR2oxwD9zLZXGepump,2,2,False,0,22237,0,235,2,0,318857429,0,1,-26955030,0,1,291902399,7,1787070120237522
95yXhF5CL1PACPZnxa83Bj6mWhcVjfz61nKASuqLpump,2,1,True,0,17817,0,0,1,0,35989708,0,1,-35989708,0,1,35989708,7,1787070114817665
9wNMB7TaymHd79MSEBsz6mVXfRJySU1i66JugkoHpump,6,6,False,0,17779,0,2750,6,2,5378336416,1,4,79012344,0,5,5299324072,7,1787070114779666
ASXtbLTi7couq9q436zvyuLLVEshQA9ze4E9GMoqpump,1,1,False,0,7497,0,0,1,0,2142834,0,1,-2142834,0,1,2142834,7,1787070103497450
H5zpBfwx82o8fTy7WPYewBr6oSVGTFkxkfbMpysJpump,1,1,False,0,4710,0,0,1,0,49382714,0,1,-49382714,0,1,49382714,7,1787070100710359
4g6W6JrFcQoZCqJu2peBDL5t4sB3i2Ffyp6WQyXjU1ws,4,3,False,0,1982,0,2899,3,2,13175308638,1,1,5599999999,1360,2,7575308639,7,1787070097982931
49nh6FHBysbLcKLXH7HyqjAC2HPqV1mWmg8Y21zEpump,15,14,False,0,1925,10658,6444,14,9,23453622985,6,1,15805823300,7128,8,17567444438,7,1787070097925932
Ax9ifweZmA6PnP7PxN6pt44gcoGzLq4kQpbXKGdqpump,2,2,False,0,0,0,13,2,0,19980042,0,2,-10554,0,2,19980042,7,1787070095990406
5nKo8KMpoqwrJ8YWPamQ6jef6E5KMxzreha8QGrypump,18,18,False,0,0,14084,9970,18,8,16893573119,3,1,5123794548,5876,6,6519527375,7,1787070095921406
BiHJJdDwj3hvX8xUtU2boN4zzPhDiq6gmqHGnaoB7q4K,1,1,False,0,41264,0,0,1,0,592592591,0,1,-592592591,0,1,592592591,7,1787070089264771
4royGGATvofJZ9GiqEZt6L9T2Ka1dQJzQkDtegZBFLv8,1,1,False,0,38606,0,0,1,0,98761083,0,1,-98761083,0,1,98761083,7,1787070086606277
DDHgCvxPwYcP12c85y7h5oxwAfSab1JcWXb3W7GKpump,3,3,False,0,35969,0,550,3,0,1382716041,0,3,-522789902,0,3,1382716041,7,1787070083969527
9F6RYWLGMiuBDaJ7bbetQ8pKb1uNc6oeBgYyVNrGpump,3,3,False,0,17812,0,0,3,0,1019704,0,3,-409327,0,3,1019704,7,1787070064812055
FeZo2fmPWeq5Ug5fwRvK3HrCLeswhHm85Rhr1Y3Vpump,5,5,False,0,17799,0,1861,5,1,4551669467,1,4,977777777,0,4,3573891690,7,1787070064799055
3bYcKZ3au2LZQqjEheb2gCPmY1P9QDhpaf7iuVCNpump,1,1,False,0,4955,0,0,1,0,879486204,0,1,-879486204,0,1,879486204,7,1787070051955210
5YUeXgQuovvVkehNpCekgoxbCMU9ZZ5wG4aPbBqUpump,21,21,False,0,4951,3502,1387,21,14,19804157645,5,3,7167111111,2219,10,10993496239,7,1787070051951209
Apio9AYVjznd4HMRaXutAY35m95nXzz6bEBT43Z7pump,7,5,True,0,2202,2898,2247,5,2,679220582,2,1,147293775,1941,2,245441381,7,1787070049202638
9SazS5zszki2LhdSEW3PjxtUcW7bzvpo1YrfikT1oyP2,46,43,True,0,2127,274,4712,43,21,18582959554,6,5,977777282,480,17,8246401860,7,1787070049127642
UtaPjjVwafeLTnjwXiDf6sV1viZvsk3LqxLAv6cpump,11,11,False,0,0,1874,194,11,6,5546415734,3,2,1965986402,1121,4,2783542398,7,1787070046880761
Egp2MLxYnojLEQw9eTfV6v4tEkJW4o254QdhoAggpump,16,16,False,0,0,0,5200,16,2,16724055828,2,7,-261488227,0,8,14823198761,7,1787070046878760
4U9uLk4XCxeTBrAuTUHMB1aQsoiZFBUhwVdEwCBNpump,6,6,False,0,0,,0,6,3,0,2,1,0,,3,0,7,1787070046833762
6tGqPXCfwFeHxSVdEVpmj9yBHaxzXVQt7FvKwXzbpump,4,4,False,0,0,548,1889,4,1,6072328778,1,1,-369016855,548,2,2344325495,7,1787070046830760
3q3z2pZmVL5ipwCCEU2F1JNQrNMnnsdvbTPfV8hfpump,1,1,False,0,22092,0,0,1,1,50000001,1,0,50000001,0,1,50000001,7,1787070026092995
7MVf8pn97Ew3ChfA7TjvCJx4p3Jvh8SUzZMWNSiMkrDP,1,1,False,0,23091,0,0,1,1,980683506,1,0,980683506,0,1,980683506,7,1787070026091999
841YJhMLjQ3Qowdbkm6G1S43yyAZ42BA413nR2wpump,1,1,False,0,23049,,0,1,0,0,0,1,0,,1,0,7,1787070026049996
JD2YCnXSNPYSFLeqpr7bK7rHwYh1ru9XQv2Tx9cXpump,2,2,False,0,20343,0,15,2,1,61021066,1,1,37861023,0,1,37861023,7,1787070023343810
DBVsKVmcrcMa5RuMUrLTj7iiA5Ee9QhbhLGkrtcTpump,1,1,False,0,7561,0,0,1,0,131198904,0,1,-131198904,0,1,131198904,7,1787070010561586
C1ckN7bM1Bc3MP1ktQpCzgcj1C4DZSZ8uNuEEm1P2dG7,1,1,False,0,7537,0,0,1,0,42157019,0,1,-42157019,0,1,42157019,7,1787070010537586
5quBgXgYviR3ZPDfD3Ba2ThV92eDWHhBwCRZb4EFpump,6,6,False,0,7520,0,1403,6,0,2906125135,0,3,-359830989,0,3,1925562364,7,1787070010520588
8TmFY6KyFoSqhwrBBFb4zNWh4iJGdpbKV2UPH32qkLc6,2,2,False,0,7519,0,2038,2,0,9340225204,0,1,-4020253166,0,1,5319972038,7,1787070010519585
BpTfFWohNzK5ksrNNGb2iUNw7HQXfL5JT62r9ZHRpump,1,1,False,0,5127,0,0,1,0,7400438,0,1,-7400438,0,1,7400438,7,1787070008127621
G1USpSEP61KmQKgZ6hcFKGvY1agtGmj7pQt59bZQpump,1,1,False,0,5120,0,0,1,1,49382715,1,0,49382715,0,1,49382715,7,1787070008120621
GjeB4pGvZ8hxNcRCC3q173e58CZS1vZZqfzMj49tpump,1,1,False,0,5116,0,0,1,0,1439974,0,1,-1439974,0,1,1439974,7,1787070008116621
4LP9BosLmzsmFqrnFpsdFugTn7HceXSc7o4jCiVcwZQ8,5,5,False,0,3220,0,1529,5,0,6576664302,0,3,-692321525,0,3,4856354732,7,1787070005220645
88ifA1yccK76Sve95VpPfWDLKmoCc6kjKAEVZkghpump,6,6,False,0,723,0,5178,6,1,4791618020,1,2,20980768,0,3,3089125535,7,1787070002723922
Hh3K9heGVdwKF5BmNjzsyKDE9mHkCTzbwdM9hKmspump,30,30,False,0,572,162,2759,30,9,5613893591,6,7,185171115,106,16,2421525597,7,1787070002572403
8AvvM3ouGMx9k4A6ESJz2E2tuzdJNuqfdhXLymuEbEUj,2,1,False,0,37007,0,0,1,1,50000000,1,0,50000000,0,1,50000000,7,1787069992007137
CgVqKeuXahQw6ctsGhV2T4UMmWWg2rsJ5ffX2A7Epump,2,2,False,0,36972,296,0,2,2,980683507,2,0,980683507,296,2,980683507,7,1787069991972134
V2k62PcuWCRPcLMNxf2yD8XFBDNd8YkdGG2aCo5pump,2,1,False,0,36970,0,0,1,1,100000,1,0,100000,0,1,100000,7,1787069991970133
EwPZHWanDY32fYEEX6z98sXsJMBJiQ2wr95fg5Ketx6n,7,6,False,0,26393,3414,5354,6,5,14702441595,4,1,14000000000,3407,5,14011191596,7,1787069981393402
x3wo1JPZx3Mk7kPDPioWkkufUE9DPpqJQx4uFnnpump,1,1,False,0,23566,0,0,1,0,11240160,0,1,-11240160,0,1,11240160,7,1787069978566566
9LHgjKkaofFJFNa61sXbzHECHX4XnPat43RHY45bbsfG,2,2,False,0,21464,1360,0,2,1,13826851850,1,1,-9876851850,1360,2,13826851850,7,1787069976464778
3hHfXkkK1K7HezK7Bb35x3TPHsUqTddHtnX2JvFLpump,83,64,True,0,22424,21506,661,64,30,53142646837,9,4,4288711943,287,13,7801217935,7,1787069976424776
5dQC87GSS6LUuFRnWo7v4em2fMaoZtX9KZxzrU2zGoJW,2,2,False,0,19837,294,0,2,2,977777777,2,0,977777777,294,2,977777777,7,1787069973837293
3h4hQRFEqK7X7VeggKmFE9GmWbmyJnGhgNFmys1hpump,3,3,False,0,19804,0,564,3,0,1438498093,0,3,-483947591,0,3,1438498093,7,1787069973804293
2PmSh2PePhFx7hrYm3qdisAkUf6nR8chXkvc9hXHpump,1,1,False,0,8567,,0,1,0,0,0,1,0,,1,0,7,1787069961567561
Pg6vGWaLbuHEYA1YKq91G9WRCDYW1cutd9GKF44pump,2,2,False,0,5887,10,0,2,2,262264180,1,0,243185166,0,2,262264180,7,1787069958887437
6H7nxX1bSSUu537LLinS95gLBrQUzBDMiv3SiuH1pump,1,1,False,0,5825,0,0,1,0,518222222,0,1,-518222222,0,1,518222222,7,1787069958825434
7phZfcTVhgX5ZDW7qj3DTLPt4Ngeun3EuHALar9vpump,5,5,False,0,5817,1598,7419,5,2,684642476,2,1,592592590,169,3,641975305,7,1787069958817438
BogZnM7ijGH9XVhvhTp1C4k6Rquqhu5Qb4NPcXCCpump,4,4,False,0,5814,0,527,4,1,1954112612,1,3,-923076458,0,4,1954112612,7,1787069958814434
D85PFXsd8AL58vMkz97WuwXVfr31Y81Afzy8SU53evEK,6,4,True,0,215,0,2209,4,2,3440227722,2,1,1481481479,272,2,1481481479,7,1787069953215214
ARZVFA377ksAG1f9yPhShL7jjYQZYqidQo1FBqCApump,6,6,False,0,197,0,1478,6,0,3209234227,0,3,-322258397,0,4,1933920564,7,1787069953197218
EzKQ9HbwsnyLA7gMCMkT565AiS6Ms6HiunrxWrSzheit,63,63,False,0,196,7095,7767,63,33,77028579193,16,10,19098912526,11457,30,40053986990,7,1787069953196215
FBbDVF7Ksv7VjvPW2KgyudNJThwHoCEqnMvJsLrJpump,72,71,True,0,195,168,8217,71,36,52214746585,10,7,11638161987,6311,17,17916674182,7,1787069953195221
EjpgYTPGnZZ5dPmCTLdd4kB1XHXw6vvXwLpNdnJxpump,1,1,False,0,38166,0,0,1,0,89484169,0,1,-89484169,0,1,89484169,7,1787069946166124
ApuK2zZGve4NWWv1L5jKW5gdXHSRJJZwhwNJZFxrpump,28,27,False,0,33685,12005,6020,27,15,21988931020,5,2,17090240364,8166,8,17090240364,7,1787069940685433
6qykUGwgHVPPaF9pFaj7ps9QDu6uUbNmDbmwcMispump,9,9,False,0,25141,0,2332,9,2,5971919407,2,7,1333217592,389,9,5971919407,7,1787069932141936
4LLPdmS9GAzqb2KPf5MCTeoXWnKQw7AJX3RDQzP6pump,9,9,False,0,25119,2285,581,9,5,7809760101,5,3,5725483845,2332,8,7653061718,7,1787069932119936
7e7BoAWtCBi5gHpGo4Cvz5tyJz2SZVUkVb8r9rFNpump,109,13,True,0,22642,2061,3793,13,12,2337687634,8,1,1616907177,944,9,1617894831,7,1787069929642748
J7qmHjc2heDTvieBun93XwZ4ubxLQQ5p1JUaeF6ipump,2,1,False,0,16431,0,0,1,1,1500000000,1,0,1500000000,0,1,1500000000,7,1787069923431494
752a2kRmw277NriZRemhnMffmLX91WckDgFLZhCsM9hC,4,2,True,0,16412,0,752,2,0,2134228724,0,1,-272928391,0,1,1861300333,7,1787069923412497
AVNMch8azMfDNygNRFBLvp5NUhSYXwi1DDyBS8cUpump,4,4,False,0,11206,33001,0,4,2,371726876,1,1,185099910,0,1,185099910,7,1787069918206151
7fftrpTkbXSoH9nxdrVjbmXxyhFYYkMv5DPQjh21pump,2,2,False,0,9534,13,0,2,1,13467858,1,0,12826024,0,1,12826024,7,1787069915534795
HbUCPUpc9SKjShyzbfhr5kp9HNF9A9aiKGnLHy6Zpump,3,3,False,0,9532,323,0,3,2,2073086417,2,0,1975308640,293,2,1975308640,7,1787069915532797
EmGJcUrUXLUSbuq44yPUqxTzXjUrAhh2tnGcemoxSYDu,4,3,True,0,9531,0,942,3,0,2605254589,0,2,-711425540,0,2,1893829049,7,1787069915531796
5HRYarxoij4TAaSpwUj5LToBRKU2NLa2tJSYt8NSEb7d,3,3,False,0,9494,0,4240,3,0,14932186670,0,3,-1185185183,0,3,14932186670,7,1787069915494800
9EythB5ttV9Leqky35XbCvGAc6VeBQYdKpWzBbZzpump,1,1,False,0,1146,0,0,1,0,60735617,0,1,-60735617,0,1,60735617,7,1787069907146832
F5dpDLB39VSbKdk6u4ncrEBbPJ7RBnMobX4BiyN1pump,8,8,False,0,53,0,966,8,2,1851809704,2,4,48307952,0,5,1426309075,7,1787069906053981
G3cgSiqKTgRr5fG4MipqxwhCovN5mB9539AXELrSAGjV,10,9,False,0,26,6032,260,9,8,14895401857,5,1,10893827159,3651,5,10893827159,7,1787069906026983
9D4EmMmV3ZX75BtWahqyBtWHUw7NNwui4ajGiDk4pump,13,13,False,0,24,2846,9038,13,5,8019929696,2,1,763401131,85,3,2751628817,7,1787069906024982
2c9gwfXJUmigzNNJBeUCUTfug25g594g3sY8sUs4pump,1,1,False,0,39603,0,0,1,0,46330515,0,1,-46330515,0,1,46330515,7,1787069900603725
Byxo4MtBVhLfUGBQhSHNHDy8uHjLt3LwrtUtNDfUpump,9,8,False,0,39549,3395,4639,8,7,11168712820,7,1,10971548328,3395,7,10971548328,7,1787069900549725
LsgiGzWWQhsNv3XNLVAmZjQ4r44xqWDRsZmo5HpNn9X,1,1,False,0,33231,0,0,1,1,449333332,1,0,449333332,0,1,449333332,7,1787069893231122
5TQrzmoueino8ABPULBMPLcB71c6cJQUiQPEWtAspump,1,1,False,0,28066,0,0,1,1,1222222222,1,0,1222222222,0,1,1222222222,7,1787069888066840
FLT7KwDgHyWW2UfnwPPLzkg7DsHiDHK8CHdksBnRqYBX,2,2,False,0,28048,1,0,2,1,8000987653,1,1,987654,0,2,8000987653,7,1787069888048843
B5dxWPLe3iVgWBWhwoWvvN9NhCyWao7G4ZPeWoAWpump,5,5,False,0,25536,0,2748,5,0,8693497317,0,2,-926283834,0,3,6695063799,7,1787069885536798
5i3Df8j5qYBimPeutDiaCvzo2aZqEvvJKQKP4RdEpump,2,2,False,0,23847,0,454,2,0,2355200187,0,1,-977755410,0,1,1377444777,7,1787069882847162
fRigJvH56uH86yp19rhwXYdSpMcUxZeKgvVXBje6Fca,111,73,True,0,13658,140,6717,73,39,47480960610,7,4,3149611483,1267,10,7851661083,7,1787069872658223
J3mWYhnwMJqx4kV9pkABTfrPFnTnSUxC6FzhWq79ifqq,6,5,True,0,7705,0,741,5,0,1923813723,0,2,-210736481,0,3,1474049080,7,1787069866705510
6atxTFG7fZbiQ15DLxRqURSZP5kqSruBvrhhzPHqpump,11,11,False,0,5725,0,9791,11,1,136368673,1,2,24243127,0,3,35708547,7,1787069863725928
AMiQuJDKpWZ8b3d47Wj98khwLBot2DTNZqAPALAaJXc5,28,28,False,0,2937,670,2983,28,11,32545060607,7,4,6192531122,2589,11,12550900660,7,1787069860937932
4y6fRps8JVoJ1YyZ3DZCbayF5DEMYNaM2pXSd3c33HfS,38,38,False,0,2882,30775,8378,38,15,23433700526,6,6,5231354800,2853,15,10666641576,7,1787069860882933
69uCigf9qJ348vzoMKtioXEHYcz7oS8hGWUsGwq7pump,43,42,True,0,2878,0,6541,42,4,24232883933,3,19,48888888,0,25,13440202097,7,1787069860878928
FJRqsYP2zovq5kNUB7FTqdmGSbyXreima3LrqGR26XLi,10,10,False,0,2877,0,3794,10,1,8896927328,1,4,-59714264,0,8,4781976102,7,1787069860877927
E4pseRGxCHaZVhgefam6ZUy9wGZZNweXJ7b55Lr3AQ7A,1,1,False,0,635,0,0,1,0,25637414,0,1,-25637414,0,1,25637414,7,1787069858635196
6vQWVa9Digp98Deqdd91yyXxiiypzk3oHWjtY5eSpump,1,1,False,0,32644,0,0,1,0,499999,0,1,-499999,0,1,499999,7,1787069850644614
3bvv1c7iP5WBB8nASnFxENg8a4RYn61JXQ9o3Hk3znK9,1,1,False,0,27984,0,0,1,0,2820735491,0,1,-2820735491,0,1,2820735491,7,1787069845984375
3zfynnL6qjm2vbtmosTam7VH55kFdHAxUGFBmpUopump,1,1,False,0,18030,0,0,1,1,37556040,1,0,37556040,0,1,37556040,7,1787069834030568
21GHNrEoGxCfyxWR3eF25C2Dwqv3ycesZS4hk7UHpump,2,2,False,0,18029,298,0,2,1,501707241,1,1,488888888,0,1,488888888,7,1787069834029568
45PwBsZKkYzo4YHR5n6FuDUEvMZmo2LuTV5C2X2Npump,1,1,False,0,15328,0,0,1,0,2409011,0,1,-2409011,0,1,2409011,7,1787069831328572
DAcERVa1B2V1dRuhKPKLdebak5yx1XqBk5zErvgKpump,1,1,False,0,12481,0,0,1,0,1029082582,0,1,-1029082582,0,1,1029082582,7,1787069828481128
AWWH9dkNYM1bjd8d2agdHkr3ULc8qx8ECbKih9y9pump,2,1,False,0,12477,0,0,1,1,59259258,1,0,59259258,0,1,59259258,7,1787069828477127
a7uAqeaW4xExxdQexwawihHFEVqopsqdjR9GJcdpump,11,11,False,0,13423,3791,2026,11,6,11095885681,5,2,6179426746,3737,7,6710395756,7,1787069828423126
rt5AYqEjp82JGU7bwpEzsLQB1R2N4fyiJiFgTMnhjXk,2,2,False,0,10867,0,141,2,0,180050642,0,1,-52963715,0,1,127086927,7,1787069825867660
FcDpmv6Gi339W9LteHcSV3waRyZvC8rV3gx8w5rkpump,2,2,False,0,10808,3184,0,2,2,441397769,1,0,297336250,0,1,297336250,7,1787069825808663
DmNaK8RdcRrFpySgdVsFVsRGRo3YmbwjdzRVQwFSbeef,1,1,False,0,9062,0,0,1,1,47111396,1,0,47111396,0,1,47111396,7,1787069823062018
99q8zgK8ETKbbKbfPgKRQBgsQj6Srqn1VFx8MjLppump,3,3,False,0,9004,0,297,3,0,59770429,0,1,-9372367,0,2,50398062,7,1787069823004021
4yDJAJ9GVdkUWFP9aCGQcAzWdB8eKjyxKEN2kviFpump,11,11,False,0,6457,,0,11,3,0,2,2,0,,4,0,7,1787069820457998
49byZ5gmDDzsGuywAKP3eJhMZkimywVuNvMiyWZ2pump,1,1,False,0,18624,0,0,1,0,385832900,0,1,-385832900,0,1,385832900,7,1787069795624601
6HFTqjNkzEgmY7Sb62qNrBqtZAAeFoiGY7tpb2fAzCPi,2,2,False,0,18075,0,399,2,1,1961367011,1,1,980683506,0,1,980683506,7,1787069793075801
3z2GRENf27FQo7DLgvTpM86y9C78VzVG5D42XrkRY4F6,1,1,False,0,15339,0,0,1,0,3980239,0,1,-3980239,0,1,3980239,7,1787069790339280
HVqYTS18CV9TirJfXyFaEEr9RrzAjPZkEYG2vJympump,19,17,True,0,14427,9274,4877,17,8,37096658346,8,5,9499999999,5523,14,26091885976,7,1787069788427711
CbWeQF2VuyVo7t1sfh7DWta3zno54Xq8BW3R1Eaapump,2,1,True,0,11704,0,0,1,1,88346576,1,0,88346576,0,1,88346576,7,1787069785704618
AgUtLLGDsXpky21n8aZN73WXnWqG8yUe2YVr3JQXpump,2,1,False,0,10040,0,0,1,1,987654,1,0,987654,0,1,987654,7,1787069783040863
F48gYvsPT71PGyfsKKrXLxr7a19WPjKfy3h5vanwpump,2,1,False,0,10039,0,0,1,1,987654,1,0,987654,0,1,987654,7,1787069783039865
J15TB9XGM7fnUTFYzjtrzdubrxEyaDv7gDepa2nXpump,2,1,False,0,10037,0,0,1,1,987654,1,0,987654,0,1,987654,7,1787069783037865
La67hcm6Q9vqERJTsunsFkLcJN53b4aJhzjsauYpump,2,1,False,0,10035,0,0,1,1,987654,1,0,987654,0,1,987654,7,1787069783035867
DmEZr1jwnZjYXD7fjnJbxDJRTjTCPZKsGtGmcesYpump,6,5,False,0,10034,2073,1716,5,3,5928473878,2,1,2963950616,2073,4,5096984511,7,1787069783034867
5QxN85Kh4kFbUQ5oQcVfaYdRvwV3jUuNrXbnQJUDpump,2,1,False,0,8075,0,0,1,1,13100538,1,0,13100538,0,1,13100538,7,1787069781075356
C8vsFm2mi6cKqTjuhCFHZUt61kFRiY3oNLZ9FMWppump,4,3,False,0,7406,9,396,3,2,1238872660,2,1,625986600,9,3,1238872660,7,1787069778406820
2g4u7bneR6wSf2fbRJsW8UVMAXNVUEwewZrxVivcpump,9,5,True,0,6883,2251,0,5,3,869414805,1,1,246913579,0,2,296913580,7,1787069775883518
C2dcfMn1rDfVM2vNUzf77tqHsTY8Fd1oSu9pRhR4pump,1,1,False,0,5970,0,0,1,1,831111111,1,0,831111111,0,1,831111111,7,1787069773970939
AzCVmuWQkxLeSqwXYV86kXJRCwS4Rg8kFbGGoZhapump,2,1,True,0,5958,0,0,1,0,654110565,0,1,-654110565,0,1,654110565,7,1787069773958935
9fqaGzwBXnQ5RfYG8fV6nD7CF4kHUtQTQV9Pxpdpump,1,1,False,0,5954,0,0,1,0,1309457,0,1,-1309457,0,1,1309457,7,1787069773954940
4VEtc6PK7ppP1vhMfmch8Wa7tmCNxFrjvD2oBssDpump,2,2,False,0,3606,0,623,2,0,1961367012,0,2,-980683506,0,2,1961367012,7,1787069771606394
AEV9q3L6qRcXoBvCraFNBnKqcFBZup475ixG7FtVpump,1,1,False,0,4591,0,0,1,0,31308238,0,1,-31308238,0,1,31308238,7,1787069771591397
9R4FztKGrvaiQMAJiRrC9ZNT49KBMRSwnf69U39Kpump,23,23,False,0,4568,,0,23,6,0,3,3,0,,9,0,7,1787069771568392
3jpGXsYaD8gMh8tV6YxB5i9bg2giT9goYV7HeoYMpump,1,1,False,0,2053,0,0,1,0,987654319,0,1,-987654319,0,1,987654319,7,1787069769053278
5UQEae7siXBuKnvtStaDNYYTzYwLjSbTyhCqrHUcpump,1,1,False,0,2017,0,0,1,0,214670509,0,1,-214670509,0,1,214670509,7,1787069769017281
Cn9wUB2vbWrSuLjbQ5oqNXxpVdiwzraiXFpxn73Mpump,1,1,False,0,645,0,0,1,0,5330108,0,1,-5330108,0,1,5330108,7,1787069766645635
EGr63PrrTX3pM553ACTqa6QBuZMmWTSaxEXSZUz7pump,1,1,False,0,1634,0,0,1,0,1246597,0,1,-1246597,0,1,1246597,7,1787069766634636
ADhDT32vX3hnRGaB4ansFUeD1frLxvsDBxGvg7b2pump,83,83,False,0,316,2580,7736,83,8,1370716098,9,9,71079800,5529,35,640525296,7,1787069765316635
9kvAsg75pJLdzEScnQkfZDqwbjtUpziWjjzBJSk7pump,1,1,False,0,38434,0,0,1,0,412657026,0,1,-412657026,0,1,412657026,7,1787069756434841
ERdcdU3Gb4znWtdQsYjamKnirk5DY8Z5yfgk7G3wpump,2,2,False,0,29217,0,859,2,1,782222221,1,1,391111111,0,1,391111111,7,1787069746217396
6r4esz647vHSpoeRT6bmP8q735wau1qSXe1sDC4Wpump,1,1,False,0,20603,0,0,1,1,1481481480,1,0,1481481480,0,1,1481481480,7,1787069736603184
HdiBC53zF7to8JyVY1DLjRVT7bSGevbTC1kZFgj9pump,2,1,False,0,16170,0,0,1,1,500078135,1,0,500078135,0,1,500078135,7,1787069732170389
Gb1PPHEAXin26fSxoVKSbmxmjhHVeUdFcymDxSzpump,33,32,False,0,11737,14774,5827,32,20,44553233847,13,3,14512234620,10691,20,32071020199,7,1787069726737927
4VsMda8M13xQFNevtxS4z6njMtFbmVrV4p8UvXNApump,31,29,True,0,9202,5527,4757,29,13,16902169078,7,6,6352653442,3187,12,10363795902,7,1787069724202004
2JNacJJ6Jq3HtzXbeCDYz89X4YVcPo5h83iVoUYrpump,6,6,False,0,9147,0,9717,6,3,112259202,1,1,4144451,0,2,102716046,7,1787069724147999
G2nPp5n2v8oELA1zpsBLwuovAz2wTVr8jXhBySdPpump,4,4,False,0,6722,0,645,4,0,1027443797,0,4,-9895609,0,4,1027443797,7,1787069721722000
CRQk2h8w3ZqnLQTKuWyBwS9xFKs1W4xYRp5PN171pump,27,13,True,0,7688,4756,837,13,5,14395521923,1,1,3970259998,154,4,5766340600,7,1787069721688999
6iZtuduxpVjC16gFgNgLHuvqy5AdaVMWBcq3uRMEpump,19,19,False,0,599,842,159,19,14,2968422462,3,2,626586880,195,7,1099837588,7,1787069714599231
KJEjdXMnCjk9immagrkCPZdeXbUsrMUw2gDdh8Fpump,4,4,False,0,505,0,1147,4,0,592644210,0,2,-8726351,0,2,425229075,7,1787069714505231
3mNm4jUj8A9uezMkrUGPJ6oqhPHTkZCz2qSd1VQLRA1a,76,76,False,0,184,4625,8011,76,29,44905336965,19,12,11103872682,3739,26,22249102791,7,1787069714184384
TwvQzB4QytwRsPs7gKkvDtRK5sgZ7cZgjAyo9SMpump,4,4,False,0,183,0,2874,4,0,7226526241,0,1,-703616795,0,2,3348092773,7,1787069714183384
9P5uZTUnwSfugCgtnzD5LBXbdjCSFqyxu6enpoKvpump,3,1,True,0,167,0,0,1,1,98765431,1,0,98765431,0,1,98765431,7,1787069714167385
HDTuo93tMCie5NCR67Tg1GrGoXaFG6m49vHQjJ9upump,1,1,False,0,22723,0,0,1,1,9679011,1,0,9679011,0,1,9679011,7,1787069685723050
32z3R9fSxnmLqTEk2PoQNigoCyiZuqzqHDBaiSHwpump,1,1,False,0,10558,0,0,1,0,295890044,0,1,-295890044,0,1,295890044,7,1787069672558205
9LNcZUB7BQcLeQAUWNiKiMtm96DTUXsBPptsQrpmpump,5,5,False,0,5458,,0,5,1,0,1,2,0,,3,0,7,1787069667458860
5iXv67U1Drj13tKc8Xea9tvinY3GNBM395ZaeAoGpump,10,10,False,0,2609,8337,2371,10,2,202112671,2,1,59613626,1040,4,91374074,7,1787069664609759
H87My1UxLGGRcgYYqS3aqDPrPPDpV4J8YZNfsW1kCQvb,4,4,False,0,2603,0,549,4,1,1052849192,1,3,9777777,0,3,1043071415,7,1787069664603761
6k4vbc5hB5Dzpyty2qzck1GvpCuqWDUqU2bmifQhpump,8,2,True,0,38613,0,0,2,0,1941479279,0,2,-1941478696,0,2,1941479279,7,1787069654613943
9Qx4Scd28X4QQ1iRYNVBgze161LuUwozGZtXcWjKpump,1,1,False,0,25726,0,0,1,0,468635,0,1,-468635,0,1,468635,7,1787069640726699
85b8MNcDBokczdYDH8dWaGqMwXWjYZNsFMcMrckrpump,4,4,False,0,25704,,0,4,2,0,2,1,0,,3,0,7,1787069640704701
95xWATB1ghLiUYHDzExJDefgzfch2pZpbjHXToFVpump,1,1,False,0,21342,0,0,1,0,482468,0,1,-482468,0,1,482468,7,1787069635342012
7SDJ13gLY2RRrnALw3tDJvRdyyWRaqJKZvkMw3XmqLRp,13,7,True,0,21313,0,978,7,5,1317558620,1,1,394978992,0,3,592609394,7,1787069635313014
7guQKdXCenVCxDbRKKioipLwNTGqnBknmTDciw8opump,73,39,True,0,21305,15185,3887,39,24,24934623612,7,4,5866666666,2162,12,9946991494,7,1787069635305015
Do76jTkEDKXMU773A4t14b8egmWg2EDd6ntnoUtGpump,13,12,True,0,21303,4007,9485,12,3,8719749288,3,1,6220612229,4007,3,6220612229,7,1787069635303013
9Ab1WgbgwuTGKsT3Z9WeVNNBJLaWCXRgZCTJmniZpump,9,9,False,0,10682,0,9641,9,3,275926456,1,2,31788428,0,2,188687250,7,1787069624682641
5rX4WS2D5W8kuVrK1CxLdN6WZXoC1r4dA8sRRoZypump,8,8,False,0,3674,189,3344,8,3,2908475150,1,3,986036639,0,4,1487645536,7,1787069616674475
4kDo8YMV8dg1m1XQhqtFwsdq2Gt4VDAQaJ65eTjKpump,3,3,False,0,1271,0,574,3,0,924943166,0,1,-29629628,0,1,447997782,7,1787069614271045
3nygpzZgA56y613bReiXdRLujJqiY7AkMTCFR5eNpump,5,2,True,0,985,204,0,2,2,1202628123,1,0,640546272,0,1,640546272,7,1787069613985562
5aHxhVtzYbxmMrArmh15rjE6Miu4LHjm5ZfJ3Qdgpump,1,1,False,0,22339,0,0,1,0,740624999,0,1,-740624999,0,1,740624999,7,1787069585339319
8J7mbhxyXbkYAmVHyXjKK28TioM6XE8Jx7iU4Uqhpump,28,24,True,0,10423,10228,9824,24,7,6052584614,2,2,4898176129,1118,6,4921827463,7,1787069572423151
2NHvuf6gN9nQy57VkJgk9ppxj8tKx4AHXCTcNPDwpump,5,5,False,0,5046,,0,5,4,0,3,0,0,,3,0,7,1787069567046205
v731usvbA6gRFvWBqNgxN2xGVb26faWyeTQ6rCSpump,8,8,False,0,5022,3366,2792,8,3,289237393,2,2,129261258,1477,3,145957265,7,1787069567022209
7t5XvZZeTmmsYUtxi6FpPUZ5V6C5tJBHdo6WYJshpump,1,1,False,0,336,0,0,1,1,90103042,1,0,90103042,0,1,90103042,7,1787069562336405
7jto3ZrHZoGVn4C2yj5LQf5bkzcKrk8dE9Jcru9ppump,10,10,False,0,190,0,5004,10,0,6662454046,0,7,-72827801,0,7,5637282080,7,1787069562190405
73tUWuqQQprj2cTJZF4b15eRnuAdZdLzzCqumBwMpump,202,94,True,0,176,286,5207,94,43,99441020619,10,8,4228148145,1803,20,29434841068,7,1787069562176405
ECuUuBKUwp92s7qhuDDZQAdjKuLPrQP7EK4MG1oxpump,2,2,False,0,31169,0,548,2,0,1732861825,0,2,-797288925,0,2,1732861825,7,1787069552169564
CBWoqmYRr27ojG5t2Q4mvHZbb7tWZnkEpur2nufLpump,1,1,False,0,26640,0,0,1,0,12650865,0,1,-12650865,0,1,12650865,7,1787069546640275
2UsK2vWVrTWCfunALiP3GHnfuVLjpn69jXERu1mcpump,3,3,False,0,26580,52,13,3,1,237192839,1,1,118518518,0,2,138427408,7,1787069546580278
GV23fCQ4fQFqehtnpdfVSurT34K8z4bjKsNxTZ5Vpump,1,1,False,0,19674,0,0,1,0,147607794,0,1,-147607794,0,1,147607794,7,1787069538674910
ExSKuGWnmLufCapzibJ3FEpBoRtkVvzoykKgrnZ1pump,2,1,True,0,19520,0,0,1,0,99368875,0,1,-99368875,0,1,99368875,7,1787069538520911
HjRAC9q8udb7gfjDiBbQYUKwnEG4qiy6G3w5oVu5pump,2,2,False,0,16979,0,392,2,1,1303576605,1,1,684444444,0,1,684444444,7,1787069535979232
92qpr28zuP8nqJTHy9VKHp8GZSaj8JEWXDzBgv2xpump,1,1,False,0,14376,0,0,1,1,117753764,1,0,117753764,0,1,117753764,7,1787069533376129
2XUvCZufBzSn4p8gWL8yBVBvS8K3iamiGBDYk7N6pump,1,1,False,0,12867,0,0,1,0,12846932,0,1,-12846932,0,1,12846932,7,1787069530867409
Da8SXMtGWFUeJBhzb2HLaJmSBboEdsUd9qLVAzy3pump,6,5,False,0,10601,3050,1272,5,4,6853961725,3,1,4556172838,3050,3,4556172838,7,1787069528601733
24qMAAeUS4ggVmwPmJrwjWjNgTo1zeNjoeiNauDvpump,1,1,False,0,8918,0,0,1,0,98749999,0,1,-98749999,0,1,98749999,7,1787069525918700
5yyya7ErjAXojujC34a58NY8JC1TMSivKSz1Tj4dpump,9,9,False,0,3236,,0,9,2,0,2,1,0,,3,0,7,1787069520236644
4ZvaxXwCK42yZGBVQLYWYeiaksZVfawkPs3voXgepump,11,11,False,0,536,0,940,11,1,3781770377,1,9,-233412020,0,10,2258074354,7,1787069517536607
FkY58wZT5STjiVXPxdejJAryJ9wQVsRany1Q9ZRqSBn4,15,15,False,0,532,0,3708,15,2,8938155858,2,8,-98765430,0,14,8839390428,7,1787069517532607
GB8vVTucs6jS1uNmvwRPBikQcLkt5KPPE7DCZkaWpump,1,1,False,0,1530,0,0,1,0,395061726,0,1,-395061726,0,1,395061726,7,1787069517530607
Gzd9fu1jZkx4d3YLTsTxfKMXY4co285odiyRBRsApump,3,3,False,0,1462,0,53,3,0,108773526,0,3,-27815454,0,3,108773526,7,1787069517462612
37DZKzYMqNuffbCQKLqRVcBa2gzaYGrs7chkqQLvpump,3,2,False,0,28298,30,0,2,2,3049382715,2,0,3049382715,30,2,3049382715,7,1787069510298606
Di7xUSUqZhdcrQzWr4zdFyutC7mEBZctPr29QYPHpump,5,5,False,0,26812,0,2523,5,1,6907237893,1,2,977777777,0,2,3954151479,7,1787069507812566
ChzYTpMnh9URa4KkBxc3hkLM6kCQDifa7itqmsTtpump,1,1,False,0,26806,0,0,1,0,165,0,1,-165,0,1,165,7,1787069507806565
EBPU1qtuhAtFi8jLwM3pEAPBjRd7kY3c8wxNcvfkpump,1,1,False,0,26803,0,0,1,0,79012343,0,1,-79012343,0,1,79012343,7,1787069507803564
28ASAfhWnTP9LqYYvyd1CyNm2yaCJfF1YVwzmMh1pump,3,2,False,0,26796,59,0,2,2,3126777777,1,0,3029000000,0,2,3126777777,7,1787069507796563
6VYWuGzXZHtb7Kerfz3EzJNiScJY5d1Np6i9pS23pump,34,32,True,0,25973,0,9923,32,10,436684916,6,4,100015626,6904,11,145632752,7,1787069505973531
42JJanV8Jb5moYLsGvWCBXWSSMAAVKSTozhmb4uoQaxj,1,1,False,0,25956,0,0,1,0,662024,0,1,-662024,0,1,662024,7,1787069505956533
AxB9HVBRfBvd32Diiee6b5hNVd2YrFDHKQ3LxNaopump,1,1,False,0,23586,0,0,1,0,790123455,0,1,-790123455,0,1,790123455,7,1787069503586166
4NoD3AFpe55m3wuGF4SsyKfT8v6iWdyU6wxtEZqjpump,1,1,False,0,24568,0,0,1,1,46228297,1,0,46228297,0,1,46228297,7,1787069503568166
GX9bRZUvcSJaTwzXxWpZnicig3EEMTzMoKtjAbGkpump,2,1,False,0,24078,0,0,1,1,100000000,1,0,100000000,0,1,100000000,7,1787069501078122
2hQNWgkFeYF8hcNUb61NfdGCtSWjcXc24istWyHzpump,1,1,False,0,24065,0,0,1,0,179,0,1,-179,0,1,179,7,1787069501065124
FYr6KuVPRRyAkW7PWRvekUQBAUkntRf3cLo6j8KVpump,1,1,False,0,21400,0,0,1,0,180,0,1,-180,0,1,180,7,1787069498400390
3TRGj3TGoSbnJrAed6iBZxwUd496ULzzRxVkobKXpump,2,1,True,0,21375,0,0,1,0,472987016,0,1,-472987016,0,1,472987016,7,1787069498375392
8CDDKf2skpFKpoSBNGCvYKhYmjf6h6FDpfea5YFcpump,2,1,False,0,19677,0,0,1,1,10000,1,0,10000,0,1,10000,7,1787069495677353
ub2hfraFWNtazYVd5U8mkyJRLTjyewHpAjR77Mfpump,4,3,True,0,19670,0,649,3,0,2286743682,0,3,-1195163366,0,3,2286743682,7,1787069495670354
Agfopc8fHJmtoNQtAvai2yFYdhtvrvNLUoby8r5shYuu,1,1,False,0,19656,0,0,1,0,4478755,0,1,-4478755,0,1,4478755,7,1787069495656350
jx978bYTbhdDXVK5dSaCZxqUG1naFeAudLKRTWqpump,3,1,True,0,19642,0,0,1,1,10000,1,0,10000,0,1,10000,7,1787069495642349
HjAT5aWPEofPZrXtpqepMZ2svKVetyES3XFBQ5gZpump,3,2,False,0,18020,0,197,2,1,599999999,1,1,300000000,0,1,300000000,7,1787069493020302
E5VAUhwprfB5YSKPuN5YtfHTweeLnEgDVcP5F35Hpump,12,10,True,0,15618,661,7569,10,3,198303009,2,3,105293825,661,6,126190432,7,1787069490618307
FzJd9MrY7JWJ8v3JHHiDUc98KhAVUL7rK3cgTU5jpump,1,1,False,0,15616,0,0,1,0,740624999,0,1,-740624999,0,1,740624999,7,1787069490616304
4GoSBuxT8c6mSrgXqVoR1RM4SSSedU2YyZsTeyiqpump,1,1,False,0,15606,0,0,1,0,181,0,1,-181,0,1,181,7,1787069490606305
E2uSiD8JPUSmrUUPzDiuNvqeXhtNURFusB1gigogpump,2,1,False,0,14147,0,0,1,1,10000,1,0,10000,0,1,10000,7,1787069488147654
6WsjJzhPEDSQE3wVJwiaKzebjUWGvbMysAZ7gLXMpump,2,1,False,0,11610,0,0,1,1,10000,1,0,10000,0,1,10000,7,1787069485610521
DvkosRPUJ4xTBveMyXPozfUA4RQcEWCk1DRi4Vmdpump,3,1,True,0,12596,0,0,1,1,29333333,1,0,29333333,0,1,29333333,7,1787069485596516
C84B31RfBYc5jtZAasdgN9AMpLt2uUdL2b5DUwEpump,3,3,False,0,10307,0,191,3,0,757631899,0,3,-260329864,0,3,757631899,7,1787069483307717
7SKWGc2feiz7mhorXPRR2QnTPYt38sZNABH3YCNZpump,1,1,False,0,11290,0,0,1,0,759959329,0,1,-759959329,0,1,759959329,7,1787069483290718
6AAsnBq6y1xGtd6FzbBoQULTfyaJJi1wtM7RbfsC1FAw,1,1,False,0,8742,0,0,1,0,18077594,0,1,-18077594,0,1,18077594,7,1787069480742681
ERdB9rN7a2jXuLaEjciGtd5cyQ9t2zBma8eyViWNpump,1,1,False,0,8736,0,0,1,0,1976852637,0,1,-1976852637,0,1,1976852637,7,1787069480736677
EqTuLeNp11sDfB5KPZ2e3RS8e7FmEtMKzCEze3Nqpump,2,1,True,0,8228,0,0,1,1,396235760,1,0,396235760,0,1,396235760,7,1787069478228831
HmfKDe3iFkfHC7XiDVMUKnV5AF9Q65ceo1BXF831pump,12,12,False,0,5669,20,7,12,5,27988236,2,2,7940652,3,3,7940652,7,1787069475669060
24qM2G5rsxCAzYXWwvnDrQsr5xeYpGpTxH4U4bxapump,1,1,False,0,5629,0,0,1,0,98833191,0,1,-98833191,0,1,98833191,7,1787069475629055
C6zJSWte14Bfiy1m62BdwM2G87sA4x12tDhBdwjYpump,1,1,False,0,3869,0,0,1,1,7785876,1,0,7785876,0,1,7785876,7,1787069472869236
BxDKMQymhcru3fP5kUoftXn1dfqWYFJR5xizutespump,12,11,True,0,4823,0,3824,11,3,222423762,2,2,49382715,2,4,101788032,7,1787069472823237
EcQUguYM4sySxFwFrPHcqJpm7Mo2pAh5bwxxo9Q8pump,1,1,False,0,2004,0,0,1,0,96118275,0,1,-96118275,0,1,96118275,7,1787069470004531
J4kRumERgC3nWPjsLw8Q6gVH1tCs1tx8CzJSfmaipump,97,77,True,0,478,11866,9998,77,10,8112915324,3,5,786178203,5448,12,3788700584,7,1787069467478404
8M4QVZEUSRF5hqdFXeC4CW8DqVFW9us56xPfr8RGpump,8,6,True,0,464,5748,0,6,6,4528224045,4,0,2942050520,1144,5,4427934621,7,1787069467464402
2fQCsHfwPwe4Bsu7HAKVa1Ey9NBmct1sWi7LD5nxpump,15,4,True,0,462,0,996,4,1,3120004961,1,2,379908390,0,2,2092912504,7,1787069467462402
9mxybyvPGoKPDAo3q7vE7oTLV7prGvCxixd7brFNpump,2,2,False,0,452,0,478,2,1,1520987651,1,1,760493826,0,1,760493826,7,1787069467452401
2xMRV5doKaaGPHUnquwanpS41PsU9LhadvYpexfQpump,1,1,False,0,450,0,0,1,0,198,0,1,-198,0,1,198,7,1787069467450402
436kmyn86K89dy71LHworVnA59asDpa9PchD1Njcpump,165,154,True,0,407,10506,1547,154,113,15017748166,13,15,958656227,297,23,3829734498,7,1787069467407402
Ht9oQ8G1TLetFDoe4wyPoHvFGM1WDUkRnFwNw3rUDWv1,1,1,False,0,33306,0,0,1,0,2974886,0,1,-2974886,0,1,2974886,7,1787069457306777
Ez6sTr5JR7GwSuzocy9QbHGsQ9YfeuaAq7XgY33bpump,1,1,False,0,33233,,0,1,0,0,0,1,0,,1,0,7,1787069457233773
EG5e9nfD7JmwhjP1t1EAz5oak7An185ZwZ52HCgWpump,1,1,False,0,24001,0,0,1,0,169292112,0,1,-169292112,0,1,169292112,7,1787069447001795
Ffs4azMtdGcSyVp1LPW64TdH3u3j9cgtPkQDtEgqpump,1,1,False,0,19669,0,0,1,0,9905894,0,1,-9905894,0,1,9905894,7,1787069441669208
6RZNdhUBrMzLHQn4sRwak5Rqkvthmt6JSCS3PxAopump,177,123,True,0,14635,26754,5985,123,46,68912640470,8,6,5807803861,2101,16,8860981014,7,1787069436635735
ELsssQhCrHcr2ZLZ2rLzoxi7MCySJZSpesLE3yph5NCh,4,4,False,0,12009,0,2008,4,1,5678896602,1,1,-966141427,500,3,4297937251,7,1787069434009944
8haQaREpwco7QdwuvqsHQhVy68oh5SjM5DkJBbRpDpMC,2,1,True,0,11994,0,0,1,0,145809127,0,1,-145809127,0,1,145809127,7,1787069433994945
BnZ4X1KmYCtHCQXCsCdCJc8Qh5mgQ8Xa7HgNLULcpump,4,4,False,0,9104,0,1415,4,0,4753979695,0,2,-661291761,0,3,4092687934,7,1787069431104518
CgpPLnECTdr5edFd2YeByzbG3cisjVBfGJ4fZVPWpump,1,1,False,0,4751,0,0,1,1,201284015,1,0,201284015,0,1,201284015,7,1787069425751437
BFynFytWZwSsCjiX5ek9Qmo3FpBUM2d7jCQWqRXHpump,2,2,False,0,2171,5,0,2,2,108641973,1,0,98765431,0,1,98765431,7,1787069423171093
BbZSWiCj7Qz4v73yJLoSxzc2EUsL5m1gfS6exCFGpump,4,4,False,0,2164,,0,4,1,0,1,1,0,,2,0,7,1787069423164092
C3gKpFiLZ1yU43vHXThzzNzE1QgXJWNXMhzxUvSVpump,11,11,False,0,2155,3461,0,11,7,9093333331,8,0,5768888888,2076,8,5768888888,7,1787069423155088
25bzbsbEnX2oFQ4A5yTghXnL6UtF5ZuoNgria1qKpump,28,28,False,0,2154,1908,772,28,13,23686518392,4,4,3640571670,1136,12,11416121891,7,1787069423154089
Ha2E9efnDuoEWhBcZXgqpiPwT6P4WH3TqArwbHfQpump,98,63,True,0,199,2884,9781,63,4,8666631337,5,3,579476381,12442,12,3562117292,7,1787069421199032
C5j39jGM3Shba842maMqeaXa7mgKoWVHr3n8tQwwgjg1,2,1,False,0,34311,0,0,1,1,25000000,1,0,25000000,0,1,25000000,7,1787069410311258
2jFVmfUL4HZZxkdVTpmnyXGBYaAoRx7hz178N2bZpump,8,6,True,0,31682,1244,603,6,5,2321238717,4,1,1818563493,875,4,1818563493,7,1787069407682222
DLS1jJ9CfhukRsEbZDV4g3qNVHgqs6kixWTLQyqopump,3,1,True,0,28995,0,0,1,1,588410104,1,0,588410104,0,1,588410104,7,1787069404995978
68XGpB5N9fXSvronBcy24oUPgvL1V3eNozLESKwCpump,5,3,True,0,22585,443,0,3,3,987654318,3,0,987654318,443,3,987654318,7,1787069397585995
HkSQUPz5upGMFcqh2VEp6xJ9k2CYTcmLqSibJ8PCpump,1,1,False,0,16744,0,0,1,0,68932578,0,1,-68932578,0,1,68932578,7,1787069391744815
DTtpoa6EsXT9k5t2Z7qj9dN5ffZ44PdCGbVX5Szdpump,20,13,True,0,13920,9879,880,13,4,4960988180,2,5,441935902,88,6,2513050539,7,1787069388920387
5gx8ApnXvs5tYSbARtoezSckxeYMXbndnMLRoLqBpump,17,17,False,0,9902,,0,17,0,0,0,8,0,,11,0,7,1787069383902358
62zcTpg47PwYn3JtUmt53dsA4yuiqsp8nPHk4oatpump,2,2,False,0,9873,72,0,2,2,299626246,1,0,165602718,0,1,165602718,7,1787069383873354
9eQcyRj2d5jzaar9VitTLVWrQpL6RAGcy9QxnYMvpump,42,42,False,0,7499,89678,9583,42,7,2221411071,4,5,239185805,5925,11,1051901071,7,1787069381499502
HH6WRxj2rXHkcfeM2Au8FThs4RKfz87vL7XTJSVwpump,2,2,False,0,7469,0,265,2,0,615110856,0,2,-165022945,0,2,615110856,7,1787069381469992
55HU9tXUM6kFRb1mAVz4pd9ERqckvJJhULtnQRGCpump,1,1,False,0,4720,0,0,1,0,296296294,0,1,-296296294,0,1,296296294,7,1787069378720960
48HFG7XfYqb5dnuZNVUoUDua8LK8m3Vmeyyjrmoxpump,3,3,False,0,1906,0,665,3,0,583952716,0,1,-25650462,0,1,297573339,7,1787069375906155
EqC73MTcc4vk9YbSJrDux9nd916nVg5ybZezSVb6pump,12,12,False,0,1856,0,2801,12,2,11865029001,1,3,2933333333,14,5,5231470704,7,1787069375856154
4DUAhgK2ucsRRDmqezKgFcRkzHH9wdJV8ztaFCT3pump,13,13,False,0,1852,0,9043,13,2,331054829,2,2,44689066,2521,3,102830354,7,1787069375852157
F65tndi6sGf4uU3sL8kN1t8WavqKDMAH5GxRMnNdQqXX,8,8,False,0,341,0,6440,8,0,15188045626,0,3,-246913578,0,5,12218318229,7,1787069374341332
Gd9H6T4vuw4tWmitRfoHru2xjHeCW8Nd8wJDF9u1gQZ5,59,59,False,0,262,1547,858,59,31,19989335088,8,8,3190477436,1013,25,10739881427,6,1787069374262331
G8ySmLuJdG7ToeD3S1SqAK2KJbAXuDbRyGiVEs6Epump,5,5,False,0,260,5774,563,5,1,605739329,1,1,64355157,1164,3,517419316,6,1787069374260333
EmfhRpojZobpLYSmHok3mZ9dAN3VUCmXTP8FiKnipump,35,33,True,0,235,1031,2082,33,22,24380451781,8,6,903598931,921,20,11089148511,6,1787069374235332
EVMSfYSHAxMvihUCgJXQwQ8wb96hY7X5Ga3UdHFKpump,2,2,False,0,35576,17,0,2,2,49866666,2,0,49866666,17,2,49866666,6,1787069365576935
35tsjDssy9YiX2UCekpAzPZTDGYPu36YnZHEtxFopump,4,3,False,0,35558,3110,0,3,3,5337424640,3,0,5337424640,3110,3,5337424640,6,1787069365558933
7tR6kjDq3VLb8N2DCL8MaZMMLusiBD1sQ72ws2JSpump,1,1,False,0,34011,0,0,1,0,954487,0,1,-954487,0,1,954487,6,1787069363011860
DZpVty19HXTj2cFAHByDY2tswqtLYVvoFAiG9uTMpump,1,1,False,0,31667,0,0,1,0,595138641,0,1,-595138641,0,1,595138641,6,1787069360667135
78YMH3aNCa2V3RufwYN1Gr9debv9XiwDQhCszJhwpump,21,4,True,0,21938,,0,4,2,0,1,1,0,,1,0,6,1787069349938201
7RiBA4StT3NFo7RubGy1nRnwAhQh4vuQJUL7LVvvAbMJ,1,1,False,0,16519,0,0,1,0,12813495,0,1,-12813495,0,1,12813495,6,1787069344519288
DNjGNMZdf4PqNC5JhtK1BbHt5Xn1KLBhhevVYeTapump,2,2,False,0,12275,13,0,2,1,20280170,1,1,20270170,0,2,20280170,6,1787069339275166
3jCzzAtjzg5pKNo8CmqQq6sM9sia7wHeJgSDE7LDpump,5,4,True,0,12274,286,2452,4,2,1252623549,1,1,296296296,0,2,725473679,6,1787069339274166
FakbhwDTDumLa9wJDqdqhGfNL7Qkay6TX8ih2w4gpump,3,3,False,0,12270,,0,3,0,0,0,2,0,,2,0,6,1787069339270166
EMviGP2Tc4oY8KQTDJqjNmJgDpvCDE4xr1Sb3p4jpump,1,1,False,0,12250,0,0,1,1,456852792,1,0,456852792,0,1,456852792,6,1787069339250166
4DKwa5LSDtuj3XTi6e83B3yg1RCT2Q4ZjdtKbq6Zpump,4,4,False,0,12219,0,92,4,0,334056268,0,2,-78973985,0,2,176342871,6,1787069339219166
H8Tzb9WdVk46ody7bu81EDYE2RAmucx8b4rEv8qtpump,1,1,False,0,6555,0,0,1,0,19968036,0,1,-19968036,0,1,19968036,6,1787069333555204
DoLvSvSxyyJaW3nR6PB9zUhXnJCUmKz7u7rS8WeApump,11,11,False,0,6517,1096,1574,11,5,6844869472,4,3,2457186119,923,5,2773643403,6,1787069333517203
C2PW9VTXhW2za6f9u7vfjTDAbYVDgWGg5GN6N3Xtpump,25,25,False,0,4103,3518,70,25,20,7184621149,7,1,2492428877,995,12,4760999415,6,1787069331103441
9aW26x7bQ3fyXKRwFqDpMKVqs9T1vwpSLT8UYGJ7pump,22,22,False,0,4066,7947,9291,22,6,348265889,3,2,98765431,3065,9,176322574,6,1787069331066437
2o2XZbBUsvmviYBpTcsCqQQ3mxcaQf9eV1GTQnwHpump,42,42,False,0,4056,8458,7356,42,9,17208909058,2,5,987654320,100,7,4833583650,6,1787069331056441
EeMBhSLyqmZPMhqMFTsZiUG7LyM6DrPXHkp8x8R6pump,14,14,False,0,4016,8144,8574,14,1,219224327,1,3,41186284,2835,5,73427382,6,1787069331016431
6sio7F8T2ZdmMqJNDnAE7Z9uEfa5NSz6d5EQ2PVHpump,27,27,False,0,1055,3608,9841,27,6,2020341306,2,1,182680828,2283,5,531875333,6,1787069328055698
HWd66s1P7wmzNxTuqvo4ohow6q6LMsSKY3FoQf5ipump,62,62,False,0,1045,34234,9931,62,6,451241942,4,4,78031431,5592,12,96207613,6,1787069328045694
DsBUF8v9SqHWNRhejJcAsXjduKKmyY1ppoM6ffqQpump,6,6,False,0,1012,0,4609,6,1,153696389,1,1,23294629,0,2,84134946,6,1787069328012695
AamEnV9sCdKJHHRt6QmXzAXkZT9LU8d7iwSpd5i1pump,7,6,False,0,1009,1129,6250,6,2,220515462,1,1,59259258,0,2,103332784,6,1787069328009694
7zRek4QscFgVkdKFYJHRVvbZ8SFJdwWqUJn8W8ofpump,1,1,False,0,1005,0,0,1,0,123926937,0,1,-123926937,0,1,123926937,6,1787069328005694
FsDF8Uj3VoFPRZqMR9NjLwsafPJhm1ge4VWohG8dWemw,1,1,False,0,248,0,0,1,0,206435751,0,1,-206435751,0,1,206435751,6,1787069327248512
2zn33FEDbKbUgzbq1ghsgjnK3mMUPPAn8VgfdXULpump,13,13,False,0,232,178,939,13,1,3623561436,1,9,-961296,178,10,1799022265,6,1787069327232517
HquLBhV9ryWv57Gq1NmcNpduG1jbEdGTEhu9LN1oSp17,3,3,False,0,39110,0,296,3,2,2190056276,2,1,1481481480,0,3,2190056276,6,1787069318110409
CMK9wvHADHfE9vwvR3pUqJKVMwrc9yUaGf3kgbK7pump,2,1,False,0,37479,0,0,1,1,5000000000,1,0,5000000000,0,1,5000000000,6,1787069315479098
HSVKgLAAF6fusGSMg77e4siccehw2wq1pEw349MQpump,1,1,False,0,35215,0,0,1,0,60075082,0,1,-60075082,0,1,60075082,6,1787069313215661
4i1PdxKpNDf4YMK26zPp2TiCEgBB91xTLasL8aSKpump,2,2,False,0,35194,0,1785,2,1,839390430,1,1,98765431,0,1,740624999,6,1787069313194661
7XAsqezfMctWjtSpQRc16uSu6Y5Z1X6PezdtKmvPpump,2,1,False,0,35129,0,0,1,1,20003124,1,0,20003124,0,1,20003124,6,1787069313129662
HUGLQto7y6XEA1rBfkMwdYBn7b5EdfMEqDGfkCxjpump,1,1,False,0,32550,0,0,1,0,938125000,0,1,-938125000,0,1,938125000,6,1787069310550711
24q8bC3bPosFTY4bM44Zkswjpk3h4Qtcz9hrt8KXpump,1,1,False,0,29748,0,0,1,0,899252551,0,1,-899252551,0,1,899252551,6,1787069307748379
DdXAW6rhWBvo6eWFoicTEwE1gJFcmHZQRD4W9WKzpump,1,1,False,0,26888,0,0,1,0,130842455,0,1,-130842455,0,1,130842455,6,1787069304888596
9MRQ8mFTZXJWeyRMtC6euCKJUdVBeL5PHxAdh5ZYpump,1,1,False,0,26841,0,0,1,1,15166728,1,0,15166728,0,1,15166728,6,1787069304841599
6unCTMujA6BPgstNQ6TRb5M1tuYihXi3m5MBmreYpump,1,1,False,0,14937,0,0,1,0,93441796,0,1,-93441796,0,1,93441796,6,1787069291937355
8Ma6jxLsibvuWQQG4mT3AzRTPqMYZ4vD25sENJxNpump,11,10,False,0,6991,808,0,10,10,1476481901,5,0,1244444440,650,8,1408272107,6,1787069283991313
CjmpZGHTM2hWCcBnMRb6fsQ3AUdkL6nR6mNGrrSDpump,31,31,False,0,6952,0,6456,31,2,23344370547,1,25,794079819,0,27,21894049787,6,1787069283952314
5iW99evJJujtZqbQwucmGZAFgEKo8Jij1dtQ44Ctpump,21,10,True,0,4374,1431,8587,10,2,215992526,1,1,91817956,0,2,98974473,6,1787069281374141
fmc6SKPMFsBa1TcJ82aAvCG6aiwReKo5xU8gi8Apump,5,5,False,0,4368,,0,5,1,0,1,1,0,,2,0,6,1787069281368145
9CcEUZ8WChzkexFuYhogbfFf7PmhCde1fweDUa4hddGz,2,2,False,0,2853,0,4040,2,0,947554588,0,1,-12782316,0,1,934772272,6,1787069278853787
7uto3WR5mv2rXYNSZsdSS3Q4xoPvLNSSgabcGwmApump,32,32,False,0,2826,0,6768,32,6,22736266251,2,11,197530863,0,12,13299943351,6,1787069278826782
HBmPXu3jATp9DtdymoT5gMUR6HLiBeZsE5KzuZtdpump,27,27,False,0,2803,0,4872,27,3,12769659275,2,17,46669206,554,21,10802666447,6,1787069278803782
FenJ7zfi3AS5egmNYNeb2XD6PY6tf4nzDSZBcypfpump,1,1,False,0,37877,,0,1,0,0,0,1,0,,1,0,6,1787069272877631
52E6cVkLk7U9SyjGmDgkXW2BpXHidYysZTURGLUPpump,4,3,False,0,35354,2199,0,3,3,7000000000,3,0,7000000000,2199,3,7000000000,6,1787069270354066
8sxkBnCHJ8D58yk3sNoWkZrzVuui4ZFkAovRP3nxpump,4,3,False,0,33721,0,2627,3,1,5916049381,1,2,4938271604,0,2,4938271604,6,1787069267721688
GMWgcTPLs1R4jPRoJ2SfQABVGYGUQCkXYM5bqKLupump,8,3,True,0,21241,0,379,3,0,1124920331,0,3,-421851140,0,3,1124920331,6,1787069255241524
BS688k7JzGQt6RpwTwLTdTdXyBun2FZhG63dBJ3spump,1,1,False,0,21240,0,0,1,0,987654319,0,1,-987654319,0,1,987654319,6,1787069255240524
BYM9EMuCqwxn1HZeDJVa4U9d3oqywh4o3pCByDiCSeLa,2,1,False,0,21235,0,0,1,1,25000000,1,0,25000000,0,1,25000000,6,1787069255235524
B5a8vA7ShmdmcugMNMpa4Axc5Jo3HvNZUEAqydkQpump,2,2,False,0,21234,0,96,2,0,353814833,0,1,-175103390,0,1,178711443,6,1787069255234523
6mwhWJh9i6KQbpLNYemX15Nz8ohKd5nxJibYNpjqpump,1,1,False,0,15693,0,0,1,1,9817283,1,0,9817283,0,1,9817283,6,1787069249693325
23KrLmQecpAoHtoui3fhMXJxwiNf6dBY12hrnXzhpump,4,4,False,0,11480,1,902,4,1,2327295020,1,2,-638709653,1,3,1687597713,6,1787069244480208
EYNVUevA12CpoQYDkexG49FrvKLcC75ZEYevz7Capump,17,17,False,0,11440,0,2078,17,5,3262223504,3,5,2464197528,960,8,2464197528,6,1787069244440212
CjqgbkVtVjERKspZXhz6EmzmUgL8bqx5FUZL6oz7pump,1,1,False,0,5915,0,0,1,0,41388845,0,1,-41388845,0,1,41388845,6,1787069238915483
EyPUiMdJyJ71xBYTt8LY6KJQyvpx9jpkeypptQDrpump,13,13,False,0,3418,1544,1353,13,10,12587377173,5,1,3422320984,1508,10,11363369396,6,1787069236418065
7yaMAWj4ZVRSd6CTkSyzwagMH5Z1fNe38YqgwcDbpump,2,2,False,0,3408,53,0,2,1,386983358,1,1,-228958670,53,2,386983358,6,1787069236408068
6kcHwu3LEUPcgwadnYtzXcpE1W2pBtKayuPVUdcjpump,10,9,True,0,35,21,2199,9,2,4600331283,3,4,29333331,11,5,4294728273,6,1787069233035014
6G1bGNX7cjxZE4FZ2V5seu94hQYFc6bDJ8e1BHNR3YCZ,1,1,False,0,36613,0,0,1,0,88047700,0,1,-88047700,0,1,88047700,6,1787069224613364
BCbHgZPkfU1GrjJKQni3z3Wn1dvyhg52uRxMqf71pump,5,5,False,0,29000,0,41,5,0,78820617,0,5,-17589565,0,5,78820617,6,1787069216000191
8gqNDRnJNiWBEKZr9BTH5NwL2qgRkLCZNcD3pLg7pump,1,1,False,0,26536,0,0,1,0,18941236,0,1,-18941236,0,1,18941236,6,1787069213536955
BsYT9eeYUjdNbwJ6PjYCx5H8SHmEcGSupcdLHiKQpump,4,2,True,0,23791,0,176,2,0,536265272,0,2,-206402229,0,2,536265272,6,1787069210791633
4aFozQHsA6V8RMm4pjrnrfgNd9muVVVi7UnT1fXDpump,1,1,False,0,21543,0,0,1,0,50682108,0,1,-50682108,0,1,50682108,6,1787069208543789
G2xuM9GymyoHvAtihegWDGE5d9zehFkvwtbX6bZepump,3,3,False,0,21482,0,883,3,0,2754703798,0,3,-1121967527,0,3,2754703798,6,1787069208482788
EeZ7fyBk8tnmfXdBpac2Xqtfp3U8tQ6FiMWqXcRxpump,1,1,False,0,22474,0,0,1,0,12943479,0,1,-12943479,0,1,12943479,6,1787069208474792
nnWL29Y1FwjhY8USvqmvev8UTwY9MJj5Affso5Vpump,1,1,False,0,16966,0,0,1,0,48967143,0,1,-48967143,0,1,48967143,6,1787069202966023
FVvmSAPZZjBNRxbo4hVkSgWRzcTugzsr1hScSyULpump,1,1,False,0,14154,0,0,1,0,965878840,0,1,-965878840,0,1,965878840,6,1787069200154467
GGL1VVAw1GRaLZSUGHBt2iXMvn9NtA6tw57rD9fmpump,5,5,False,0,12592,1,43,5,4,77896947,1,1,879744,0,3,76137459,6,1787069197592002
GFCRJDEoSE5cLW4Z2CEZ45BLfyG25MyyamxzikYTpkCz,1,1,False,0,4449,0,0,1,0,77361632,0,1,-77361632,0,1,77361632,6,1787069189449988
93cmsxuo9pzZsNPd4rXBepLdgZE8iaCv5ABrAWA1pump,1,1,False,0,4445,0,0,1,0,50084893,0,1,-50084893,0,1,50084893,6,1787069189445988
5V2iVhkRDY6hQ42AY3ke1eD8VUXfobfo78T1RUbUadjz,1,1,False,0,4442,0,0,1,1,25000000,1,0,25000000,0,1,25000000,6,1787069189442989
NWcMVju4D12KwLEjN1dkcMLTKDwaGWV1yFGpqDApump,7,6,False,0,4417,,0,6,2,0,1,1,0,,3,0,6,1787069189417989
GjGjwxvEWwmDe7wb6i9ALMqRcz19RMsmieRYSyrSpump,19,19,False,0,2072,,0,19,1,0,1,2,0,,3,0,6,1787069187072116
SsZ1xaJqo8ntvwpyzxSL5VL7Jznseg6yUSGEQKWpump,10,9,False,0,2034,7141,0,9,9,13156543205,4,0,9975308639,4707,5,9976296293,6,1787069187034115
BawJtuEvK45aSFziskL1NRq2csS7YpuT2CHSH3ygpump,5,4,False,0,1999,0,7866,4,1,105709236,1,1,60009374,0,1,60009374,6,1787069186999120
45kdkmxurUeNk75ux1jPXAEEPx83MiNyep4mXAz2pump,74,61,True,0,1993,769,7161,61,32,16857341221,6,3,2805299144,880,12,6247061198,6,1787069186993120
47mvKXsaRPzNR2PPT23Kirmp8u4gcD7SD3WZBA3fpump,1,1,False,0,43328,0,0,1,1,250000001,1,0,250000001,0,1,250000001,6,1787069181328618
8J7jCgrZpTY3YNsiq3Ccv2bVZh23uSh8AnEGv9iDihiZ,1,1,False,0,39342,0,0,1,0,6187841,0,1,-6187841,0,1,6187841,6,1787069176342978
63KfHT14QhbH83P8Q8qp2BhA4HjVV46fyPYfKLuYDG39,2,1,False,0,29475,0,0,1,1,25000000,1,0,25000000,0,1,25000000,6,1787069166475945
EWKPvMbYRUTwf6rZbVMmzgM3JcY7hgj9askUqZfypump,4,4,False,0,26569,0,8780,4,1,23584578,1,1,5010010,0,2,14565873,6,1787069163569379
BxbnQJKY3XswFe2Q1BtxibFZRFAnVD6YgyAYwQCopump,4,4,False,0,5062,0,422,4,1,2795351737,1,1,44773332,0,2,1874309171,6,1787069141062745
5RiUhy7zfxftwNNbgjB3qfFemfsWu1upGgY3YsWipump,1,1,False,0,4989,0,0,1,1,987654,1,0,987654,0,1,987654,6,1787069140989747
BdjEBNAaUjv1BRt2N37vhnvu3DLwt4Makdxbfpsvpump,8,8,False,0,4987,3475,1043,8,2,55694780,2,1,13313138,2556,4,39363148,6,1787069140987741
DptUf61HtKqpawVKUUqTrb3YSFsfx9GsZXJVRr4bpump,20,19,True,0,2412,113305,9974,19,1,858180162,1,2,153746316,0,4,274506720,6,1787069138412188
Evddsvt4gaQddgXKUjLFy9S8JqMqGpjnQUekvNWcpump,55,53,True,0,286,20,7172,53,22,28193421415,4,5,2204646594,1287,12,12005381248,6,1787069136286001
59pjdCbBm5GiarhcyRUNi9pVfuU4h9HvHgmD4atopump,4,4,False,0,181,,0,4,1,0,1,1,0,,2,0,6,1787069136181001
CitfEAnQQ8jxDasYzXEvmf7sFaW4EXQBSfwezhVPpump,1,1,False,0,167,0,0,1,0,121059863,0,1,-121059863,0,1,121059863,6,1787069136167000
BhJ8UHJ1BMqbwaW9ZBP2vdVe8QLgyeki5aYGigCyjXPa,69,40,True,0,143,1837,6215,40,17,16604016808,3,6,4879568639,1471,8,4995986914,6,1787069136143001
DFv3YAzYT9rSD22v1ZDm9zwWXNVXtBNWWg1GXpuVpump,3,1,True,0,32546,,0,1,1,0,1,0,0,,1,0,6,1787069123546508
GEsrnsDas2B9u1s3CyoHq1i5uLkyRNSKujwYCgkfpump,1,1,False,0,29932,0,0,1,1,29451851,1,0,29451851,0,1,29451851,6,1787069120932461
2teg9oTshxwaRJtKdFSzFXfifTN7eiT6jKib3V7Bpump,2,1,False,0,29896,0,0,1,1,4938271604,1,0,4938271604,0,1,4938271604,6,1787069120896461
CW8M7xzXTBXtbhc5Y14gAXuKT9NaXqfeJP7s5K6vpump,2,1,False,0,29853,,0,1,1,0,1,0,0,,1,0,6,1787069120853460
G7GQXnwo4HgJZwacfNFRpUWh5GjWqPnHnxDtNaCtpump,1,1,False,0,27276,,0,1,0,0,0,1,0,,1,0,6,1787069118276610
12esBVcoRgSDumrKZRZvbjJL7RTFPr6LZTeJL7YRpump,3,3,False,0,23232,0,1385,3,0,3911111111,0,3,-1588788978,0,3,3911111111,6,1787069113232264
3pjXa5kaJDCyn9XZjAgQiGL6bmWv1xkAqsTjtF8opump,5,4,False,0,20179,896,444,4,3,4152310526,3,1,3402469133,896,3,3402469133,6,1787069110179330
7qNAmHszoqWQEN4P8tyT7119rvAQKYssVbNqtxChpump,5,5,False,0,14952,0,8336,5,1,651377189,1,1,98765431,0,1,441164607,6,1787069104952697
F2htMRKmu4iRaPDa5UpV48DA3aSUZXHSuJXmpBEjpump,3,3,False,0,12414,0,1736,3,1,3790007714,1,1,-49382714,500,2,3740625000,6,1787069102414496
269p2C24vNUB3NEkJsQcUUcKQz2Pee2Fg4GpuEa8pump,2,2,False,0,12393,0,675,2,0,1958971923,0,2,-766552125,0,2,1958971923,6,1787069102393497
3H467R6Fibv12DtCqC2TEaoPnpSx7xVg4RcRWC2Qpump,5,5,False,0,9626,334,73,5,3,1583062010,3,2,705844569,297,5,1583062010,6,1787069099626887
2j9SETNLSWb3u4po8iXmtAFaDDS4jEGF5Gi7SkZECEpR,22,22,False,0,6885,8075,1221,22,13,20948739635,9,2,7935282468,3375,16,14361588039,6,1787069096885954
AHmKFJNWPyqZv91X1wc2EQH4cCcdGUnP6SWf4Pi4pump,1,1,False,0,4089,0,0,1,0,98765430,0,1,-98765430,0,1,98765430,6,1787069094089554
467BcC5mnSncmTeZMdsP7KD1zhxESyr1hjd4UCXkpump,20,19,False,0,4044,5644,9586,19,4,554345070,2,2,100015626,577,3,121145506,6,1787069094044553
HympJjWqZRLmPF1agepnWBL2dn2UfLRaJ7DukqVPq8QS,10,10,False,0,1535,926,437,10,3,3735938295,4,2,1955555556,433,5,2642961404,6,1787069091535510
B2VntjQtCLcfek7bZiB8SFR8rbnAmddctRc1KsYVpump,20,20,False,0,2489,1346,836,20,4,8768646736,6,3,3062895649,1667,11,3633400625,6,1787069091489514
AQWonkcTB97AEij8jLuxngFcbgbY9jrFba2ks7W6pump,25,25,False,0,381,12404,9941,25,7,2750670843,5,5,356257291,1256,7,1024688865,6,1787069089381511
EN8hg6MhvVXGRa8EQcRLJAYCi8M3M6QeRjEDeJ6dSRMN,1,1,False,0,34653,0,0,1,1,977777777,1,0,977777777,0,1,977777777,6,1787069079653421
BfFArptn33zNkwxT6ngwRsDRv16VsgLQDXcq5L8Jpump,5,4,False,0,34584,2571,0,4,4,7032950613,4,0,7032950613,2571,4,7032950613,6,1787069079584424
9cwikQxaYdjaAcGuCgsjnCzKaSwvzPRVLJvyhvwPpump,3,3,False,0,28193,,0,3,0,0,0,3,0,,3,0,6,1787069072193670
3gQdr8kgj57PzUv37XTUVFkdKupfyjnLjjdniM6dhbh5,2,1,False,0,25676,0,0,1,1,25000000,1,0,25000000,0,1,25000000,6,1787069069676204
24qLtuXFx2TxiU3GCEofwW5cj2RxjbBwTQeJmPmDpump,2,1,False,0,25622,0,0,1,1,98750000,1,0,98750000,0,1,98750000,6,1787069069622204
xcMgKr8G1rvEFwfDGyGZRp4R35pVnk2B9oqkarjpump,23,6,True,0,22590,5133,0,6,6,4726388374,2,0,1817000000,75,2,1817000000,6,1787069066590088
MFUerBPpDtXacicnZFZ5VASwNhuqeroDd4VmX6Vpump,1,1,False,0,22564,0,0,1,0,977777776,0,1,-977777776,0,1,977777776,6,1787069066564083
DpekEZcq5CXCnEu8NZ5a2gj3zXXwrk98PGFee8krpump,1,1,False,0,16044,0,0,1,0,124051948,0,1,-124051948,0,1,124051948,6,1787069059044285
57mciYaLVkruzRCU7V7dsDG37uiXkfVCRdBZw4L6ni9m,1,1,False,0,12110,0,0,1,0,1974999999,0,1,-1974999999,0,1,1974999999,6,1787069054110311
HhPh5vkCfYCGbWMxFQGDVgsm8xWX6rrANAvzMoe4pump,1,1,False,0,12076,0,0,1,0,62249801,0,1,-62249801,0,1,62249801,6,1787069054076311
8x8GBqbccZJ4bDG7myBqWsaa6QQh1N7wmKCUPj99pump,1,1,False,0,12074,0,0,1,0,627504295,0,1,-627504295,0,1,627504295,6,1787069054074316
BULTap9HQpqx56h8Mof4yCPLtx2GykC9XfZbSF47pump,1,1,False,0,9404,,0,1,1,0,1,0,0,,1,0,6,1787069051404311
74Vdp4DHNJbpHw8MF1QkDQaWZ8mqWhANj9n6N3XDpump,4,4,False,0,6819,0,2546,4,0,7287936778,0,4,-2539763125,0,4,7287936778,6,1787069048819080
2PU518aBvGP5utsCPk7q2RUh7ttTd9PUeuoeBWUopump,51,23,True,0,7791,2184,1132,23,12,8576810033,7,4,4271423751,1018,13,5220390336,6,1787069048791079
ShJUJYkj6b197ToSNNAMGWV7ZDaUm76PzPegz6bpump,10,10,False,0,5096,2141,9849,10,1,110842269,1,1,21360145,0,2,27939341,6,1787069046096559
GtJodoLjHSZ7mmR3MNCZn7Sm5xYDALqkJGJH36oPpump,4,4,False,0,5092,3460,746,4,1,83519890,1,1,27747492,0,2,37009819,6,1787069046092561
9ngMZApivFyGA6VtLHHPZmXmHC6aaa1yyYaTTc8Wpump,21,21,False,0,5084,1785,5095,21,14,4417178420,5,3,2626856973,1277,13,3399205360,6,1787069046084560
5yLAMeLg9eXxrXwPBgZxnMVyK8RSpAexuHJ6Uyrqpump,3,3,False,0,268,0,689,3,1,1178765673,1,1,53316818,0,2,1125448855,6,1787069041268230
2Y1JBRVQ1vWnGnd4H7gipn6eKK8yMFNJntE5GLWxpump,7,7,False,0,259,0,432,7,0,748001801,0,3,-4988287,0,5,688140086,6,1787069041259234
iPmRaPfzkk4xUpfPYnNvJMdrWa8VcYSHoqesuSRpump,2,2,False,0,205,0,1673,2,0,6342270591,0,2,-3180421022,0,2,6342270591,6,1787069041205229
5NbyfdqLx4HfBE6A9HJeg4bdLVem6BzrP8HpkuR8SnvD,1,1,False,0,33404,0,0,1,0,3233140,0,1,-3233140,0,1,3233140,6,1787069028404117
6uG9PyELk3byLUdGLUDD1AwNCSEfQDqi5h5YXkQHdCe5,1,1,False,0,33403,0,0,1,0,340889760,0,1,-340889760,0,1,340889760,6,1787069028403117
6cMF6PppSFRfnc9zCT1M2wxxk3aA4Xkd3AwVGb3fpump,9,8,False,0,29749,3354,86,8,7,6192486327,7,1,6037473981,3354,8,6192486327,6,1787069023749338
Ld3cQcvUcNFK3G5qy3fNxHmJMBqqq6o7XXodxrcpump,1,1,False,0,22477,0,0,1,1,61041583,1,0,61041583,0,1,61041583,6,1787069016477433
DDnfdjzJUpakDYjmzeAn7f1uvt7mfWfPzjVW2Ur5pump,5,5,False,0,12204,2323,0,5,5,4897355438,5,0,4897355438,2323,5,4897355438,6,1787069006204005
9FvhBVEsHpxTaQV3UQ1hG8dGnjXUL1euMWFSyX2jpump,6,6,False,0,9222,148,4908,6,4,1521125210,2,1,211588861,171,4,740594618,6,1787069003222918
F5ZYCjgchWd48DKLDRR6EyHaX3neJLPC7YMV5TuiSjFT,5,4,True,0,9209,719,0,4,4,3202292146,1,0,1975308641,0,1,1975308641,6,1787069003209918
HWzKXHGMwApwFKjRo4JARybunANGv7L13P3FidYypump,16,16,False,0,5386,9274,2052,16,11,13905452930,4,1,5114074073,2825,5,5688376282,6,1787068998386262
8KdhYaxohbwcWxRs99rhB4ptgDdDRh8sdBFkSJmCpump,16,16,False,0,5372,0,1579,16,2,3296678008,1,9,19182128,0,11,3243123157,6,1787068998372262
5B9qYTqgcxXkYW94R9YiMQrsAkuH8LHVDJMdKAsApump,9,9,False,0,5303,730,274,9,2,222976646,1,3,49382715,0,4,120218227,6,1787068998303736
E2pVJcXHgPVE6FEYHVn3woGeqQBBUVfKJsbbebRQpump,16,16,False,0,2915,1370,9737,16,3,448401527,1,1,305724698,1848,3,305724698,6,1787068995915610
9S6hhsUxaXKqVu2ifLcJav3S3bevYYheZxygK4MDpump,68,68,False,0,540,0,2999,68,0,7095966455,0,29,-71144224,0,46,4595361257,6,1787068993540072
EnUBVKiDwW39tX9GTeZRcwGchmiPWTLXYGDJ8KFxpump,16,16,False,0,521,2221,30,16,14,4697448157,4,1,1606535014,762,8,2597832619,6,1787068993521069
Ah2fBEJBAd4wPW6EBqVX5d4LQ2dqJbjWbAfMgqiAG8Tf,3,3,False,0,29189,0,970,3,0,4451641623,0,3,-1645230411,0,3,4451641623,6,1787068982189761
FEAERhEPkp3b5ePJtyq9azLJ9tU2vvLuuxhyVDkQpump,1,1,False,0,27061,0,0,1,0,138141953,0,1,-138141953,0,1,138141953,6,1787068980061888
4cHkXKuSFAf6KYrVRtDc5ZrMbgHSXAa6gqm83inTpump,3,3,False,0,27057,543,340,3,0,1979510164,0,2,-557641983,0,2,1099738484,6,1787068980057890
5BCm2mMQZ697jGjCFYZDryz47v2EU6jjXj6d7Mbfpump,11,10,False,0,21779,4813,119,10,9,13050691948,8,1,12598518516,4813,9,12853161084,6,1787068974779107
DscQEujBkzjbftWkBczkqxwfyc3jENrsuQuEcsXafcfa,1,1,False,0,17348,0,0,1,1,1750,1,0,1750,0,1,1750,6,1787068969348279
9uUfsxqUrbRg3AxHVVYvB248pjczdPxPtVscpqziH1oE,1,1,False,0,17279,0,0,1,0,977777776,0,1,-977777776,0,1,977777776,6,1787068969279279
5gCPB5LcWweQMVsqsyoD19dvkvD8ikHHAjME7KvJnsiU,5,5,False,0,9590,1169,235,5,3,13406164267,1,1,977777777,0,3,10911765987,6,1787068961590396
6BTsHo5337dArvPQH4q7cKxgwRqbcskcBP2AeUyWhnup,5,4,False,0,6915,573,3027,4,2,11851851845,2,1,5925925923,573,2,5925925923,6,1787068958915214
22HNTtcBo3kjFcn2VwUB63THdFbPWe21PctnsCX1pump,3,3,False,0,6901,0,597,3,1,253185483,1,1,4729,0,2,153154465,6,1787068958901214
8msEKNTpqYbk2jycxc5JBa6cqHQeKvpB5caBSMqxpump,10,10,False,0,5316,1534,3397,10,3,15120095661,2,2,3291851851,403,5,8495964555,6,1787068956316377
ChZsgf8Zzti5yGGm6aVdNjJ4rLAjpWPj5NDtouPspump,2,2,False,0,5249,0,222,2,0,929657806,0,1,-433923979,0,1,495733827,6,1787068956249379
GX2AZF1yCPJd2fU214mHJwTRtjTLqJGPGmAiRQ14pump,4,4,False,0,5247,0,2198,4,0,4853827158,0,3,-493827158,0,3,4360000000,6,1787068956247373
81eWQMY3wsfXHBShVeH4G5B8Aw76AHFUQeSxMLXopump,25,25,False,0,2826,17548,1355,25,12,12729914279,5,6,1508404478,458,8,5085585466,6,1787068953826554
6TYSnMcN1DX7c5d3RinZtCAhqczNQfMaStwrz2pRpump,47,22,True,0,2780,0,5852,22,7,5902031894,2,7,838945067,56,7,2713433065,6,1787068953780550
Bq5fNVCRtWMurqqSfuHrxu5GLkmCGKWj9W1DsMKrpump,1,1,False,0,30878,0,0,1,0,53367767,0,1,-53367767,0,1,53367767,6,1787068938878174
GoKvu5JWEMA3EpVqEWDtz6t7Bt8zVYza2eKLWXSmH1Tm,4,3,False,0,28440,741,0,3,3,6209382715,2,0,4938271604,329,3,6209382715,6,1787068936440325
2sZRevdkLZZd5VWgjfbLT1k61L5PANyNzkDzHZKJpump,1,1,False,0,25632,0,0,1,0,1158114845,0,1,-1158114845,0,1,1158114845,6,1787068933632325
AWrGStuwMeJGpRV1xVqYrTedVFPLnGUzmNLz7LzyWBsT,10,1,True,0,21901,0,0,1,0,899771703,0,1,-899771703,0,1,899771703,6,1787068928901321
HwPZzVLNA4uFNACneQFkaxDKQYkp1GL6Y3zkR1Tjpump,1,1,False,0,19186,0,0,1,0,11370369,0,1,-11370369,0,1,11370369,6,1787068926186225
GUZJzzN6URDwA44xqMW1dV2ve8mp3X4BPJp8N65jpump,28,27,False,0,13249,13361,4683,27,15,34704616375,9,3,16477000451,7634,13,18655888879,6,1787068919249984
BXZKQHqzpJaBQCgxkKXgukVWfiV5SbVrY5SCeKpkUqfd,2,1,False,0,13235,0,0,1,1,25000000,1,0,25000000,0,1,25000000,6,1787068919235981
g1ekqPTnM6QUA26TD8JKJAbtWzC1k58rjvnzLZEpump,2,2,False,0,13221,0,34,2,1,125933944,1,1,74301948,0,2,125933944,6,1787068919221984
EUEYGnE95yvKLM94d9asU9XtT25i5zPqx9MEfSgnpump,1,1,False,0,7980,0,0,1,0,69192804,0,1,-69192804,0,1,69192804,6,1787068913980956
D4qbEV1K2PxKo6gPWnAfMErs9nEZ29FVGJiBEKY7pump,5,4,True,0,8899,0,4,4,2,21184168,2,2,5627524,0,4,21184168,6,1787068913899956
JEEbBstPLEjEoPaWKWr1FBiqx8nW1bAQBGcpTtQ1pump,6,5,False,0,6458,959,206,5,4,3944847515,3,1,3500000000,959,3,3500000000,6,1787068911458856
57ZY7AQ3JEiJXzRzNEg2gLTnHiEntzHqhUuqEaN8vk3u,16,15,False,0,4223,1220,3337,15,11,16376943020,4,3,5052258514,1024,8,9241113934,6,1787068909223444
2VuKtZLaS35WeYDeCKDE1Zq7gFYBb6C5dnFY9BrFpump,12,12,False,0,4192,,0,12,5,0,2,1,0,,4,0,6,1787068909192444
7siHoTptUE8C1WcWy36hCLNy9kQn8FjDpyHivR1Vpump,1,1,False,0,4182,0,0,1,0,16766877,0,1,-16766877,0,1,16766877,6,1787068909182448
8GPzPsLp4ZFveMKjVrPA7giEBEcAY5Yo2X3QysvJQgTE,9,6,True,0,5172,0,2795,6,1,26512330660,1,3,7822222222,965,5,22601219549,6,1787068909172444
2Ps3zK9Gt48qTyJ7uQgmCACrp5QkfLdRccxwkNvdpump,1,1,False,0,2464,0,0,1,0,3454430,0,1,-3454430,0,1,3454430,6,1787068906464710
2ZVi18VfBqE6hwMSzjp1UMojPcD84S15FF49FFGmpump,1,1,False,0,2460,0,0,1,0,1943014,0,1,-1943014,0,1,1943014,6,1787068906460710
GqE36QjB3BhCxc9rv3sKrJDKByA7zGvytAKjfVX6pump,46,46,False,0,2408,10258,8483,46,5,693349432,3,3,45088788,4101,8,135195388,6,1787068906408710
6JKtT9NUGB5PnDo99A4hD56GUM78Bv15xrnXoqJbpump,3,3,False,0,29916,0,1436,3,0,4888888888,0,3,-1668025199,0,3,4888888888,6,1787068889916850
GQYLDDsMzkiMfQdU5hVDRLtA4ngXKcbypHdje8a5pump,1,1,False,0,19571,0,0,1,1,151494433,1,0,151494433,0,1,151494433,6,1787068879571889
ANZQ5zZ5WfhdRucTaSbc42vAqHUYxeU9FmLAfYtM3BEQ,2,1,False,0,19506,0,0,1,1,8000000000,1,0,8000000000,0,1,8000000000,6,1787068879506888
71QuXR9YKmLYYffNVTaHpk4BSgi4kjfn16jtQi3upump,6,5,False,0,15887,5721,0,5,5,12630373903,5,0,12630373903,5721,5,12630373903,6,1787068874887764
7ws8X3s5MsG4te1PodUndzikqBxhiuVzzcQXyh9spump,8,8,False,0,13136,0,2745,8,0,6490697260,0,6,-21138602,0,7,6469558658,6,1787068872136211
9PH3Xoy37fyEJnwJzG5utxCswj9yNVFgzKDvWnWypump,51,51,False,0,13122,0,6125,51,3,36696874119,3,23,3135469365,552,39,31387760149,6,1787068872122212
FnDJajeeLUmq1w32q2UmYqCgVmQumTWBGQ9TxA89pump,11,11,False,0,10311,12926,9855,11,1,347480745,1,1,71115486,0,2,222477106,6,1787068869311849
FZ9UXniTDoyG1mGKa6RC7fw7Uiwe6tENCvi3XYN9pump,8,8,False,0,10295,0,4730,8,2,12894418775,2,2,508649093,554,4,9804814977,6,1787068869295845
AEkuZrbZwfCUB2SmgD51evkKK6K1etCcffsJtF6Jpump,8,8,False,0,7753,9960,6190,8,2,324627605,1,2,37559207,0,2,241508048,6,1787068866753028
9f9WCHpnejPBpfQp3FJJsrPcuKVPrAHuymPsqrSTpump,6,4,True,0,4976,0,4161,4,0,3016957245,0,3,-58632673,0,3,2958324572,6,1787068863976624
GY5HQfdB5tXgjfLyNJFiAKS5eBEzaWZxMVtYtHSdpump,1,1,False,0,4954,0,0,1,0,699888,0,1,-699888,0,1,699888,6,1787068863954624
2yqrhGhs3DQNgyjZHcpawC8o6ZTHsqnp7GDwbdZapump,11,11,False,0,2353,2060,117,11,6,4621135587,2,2,1862802642,804,4,3673067698,6,1787068861353920
CLSvgj2Q5VrqjunS3SmsN9q1q5gWz7QhHQdE8ECgpump,5,5,False,0,90,0,2216,5,0,2766012200,0,3,-41154845,0,3,1706842966,6,1787068859090817
73XVzayrPDQDrpfqYcBkAHfWFRhZeKvMZ6o5fEWBegP8,5,5,False,0,72,2062,247,5,4,5967858148,4,1,5428373519,2062,4,5428373519,6,1787068859072817
A9bKmiD4qTVaVMbfau2aHAJ3WdrrHQ1d5rgaZdnxpump,1,1,False,0,36819,0,0,1,1,244444444,1,0,244444444,0,1,244444444,6,1787068851819535
8PcyQ5bTicR4hwq9HGiLoX3xU56taopkmXUwmQe9m24B,5,4,False,0,34390,592,0,4,4,1160493823,3,0,888888885,409,4,1160493823,6,1787068849390805
Eizz6UJUBmoH4CxqLR5XBRyEGfoaKeckjmsraobSpump,1,1,False,0,34387,0,0,1,1,243466666,1,0,243466666,0,1,243466666,6,1787068849387804
DU2WDxy2ykT3daeJFBHHwtGgiq8juc3oc7ktUhCrpump,350,73,True,0,34364,18824,6790,73,17,26910709801,4,52,949497017,227,53,22573199611,6,1787068849364801
24qLbu5Y3YkEVpbXXWkgLcZeHFsFrWSpcnQJ492spump,3,3,False,0,31482,0,1624,3,0,355906421,0,1,-14162546,0,1,223382997,6,1787068846482800
2z3mYYAxwES5ha4dT7jAmDErpQoKSXeUf58YZ2Ujpump,3,3,False,0,26577,0,1085,3,0,3404561361,0,3,-1593100839,0,3,3404561361,6,1787068841577143
9jj8koJcii7rYcVb5hqU4UuUcsfezJNPaZiKTCHypump,8,8,False,0,16908,0,9989,8,2,140286995,1,2,49382715,0,3,49382715,6,1787068830908025
UqJbFc7D5iKvSUtaKCNwNchkGtmZGsxGKo2AETUpump,1,1,False,0,13007,0,0,1,1,155905540,1,0,155905540,0,1,155905540,6,1787068826007980
8eMgj7S8W4LTSgi2jnfjYZP6ZZarnvy2VNdcUdYjpump,2,2,False,0,12922,0,1004,2,0,51948147,0,1,-7576721,0,1,44371426,6,1787068825922466
E3D2joNA8Q9V1cnj3q1EZniiFfTfbUrrXMyJaW4apump,8,8,False,0,5371,0,1022,8,3,2301452516,1,2,86137682,0,4,1494747929,6,1787068818371057
5QULTRd4KJKWGpLe41QGWABtd763RfszZRYYiFt6pump,7,7,False,0,2697,3501,1001,7,4,7854825402,4,1,5360843941,2284,5,7385454723,6,1787068815697204
CwWwkSRLoW4XNzC9adxTTXY8vJozi3ksVJPgXfj6pump,140,96,True,0,386,753,5512,96,44,60381687532,6,6,12999999997,6361,17,25069900162,6,1787068813386478
6DV4a5a4ScgN8T6ZrDGANaVptF2YeHyqsEixwmkwpump,1,1,False,0,130,0,0,1,0,972628305,0,1,-972628305,0,1,972628305,6,1787068813130129
H5uGzkBy52Ca9Sk52TYJWZcqctgmcD8xaYPRf1Sypump,10,10,False,0,128,0,4058,10,2,11121980246,2,4,-405104685,588,5,6305174401,6,1787068813128121
A4ziYDQUh26qZsqUGGReaXN65jNe6CGkU2BSh9RYpump,1,1,False,0,41761,0,0,1,0,792863172,0,1,-792863172,0,1,792863172,6,1787068807761542
8tiJQDJfJhiojFibohNzc5gZDhPertj4DsPVQVh5pump,3,2,False,0,39078,195,0,2,2,350617281,2,0,350617281,195,2,350617281,6,1787068805078937
8Pzjmg82S3adkdD4yXGwZssAf7j3toxa29sZSYbfpump,1,1,False,0,35261,0,0,1,1,152636140,1,0,152636140,0,1,152636140,6,1787068800261468
AUgcsSWSW2mavcU5sKn2UbAWAt6y3uAU6make1Wjpump,3,2,False,0,29574,0,2566,2,2,194828149,1,0,100015626,0,1,100015626,6,1787068794574466
6uR2tcwXZsXwdHh7K9SzMKiFeuHqBfmeyuG3xjqYpump,11,10,False,0,29490,12361,0,10,10,22245203615,5,0,17090240364,8166,5,17090240364,6,1787068794490466
D6W5G5QR8c1fUXBNapdm54zztGdQCkNs7A9WncA6pump,1,1,False,0,27302,0,0,1,0,304891152,0,1,-304891152,0,1,304891152,6,1787068792302264
DwCPHs7uvmyoGqnU5uEBHzZgA5JFK9F5iMRbqi35pump,2,2,False,0,24859,210,0,2,2,652246911,1,0,327802468,0,1,327802468,6,1787068789859171
Hmyxjzn89CpaGpwze47gJgyxU8b85bXXZRzA4b9opump,5,5,False,0,21830,5339,0,5,3,271360363,2,1,97777777,3217,3,180389139,6,1787068785830031
AEgHqYiVEeKsqHzjewSgiq6aMNBAJFSVnof1jXDNg5Am,1,1,False,0,20165,0,0,1,1,98765431,1,0,98765431,0,1,98765431,6,1787068784165030
Cq7pBxBnX4bbNmDH86rkobHXo7FWpYUueotyko7Wpump,1,1,False,0,17989,0,0,1,0,977777776,0,1,-977777776,0,1,977777776,6,1787068781989030
6jQDGqBr6A88aKdkq9Mpv6CJMbD3V8zg1FYsbTu4pump,3,3,False,0,13233,0,241,3,2,530529839,1,1,62018259,66,2,468511580,6,1787068776233393
3U4y4rgddgQJGRrX5sGK96fwifiqoUEJGqHziRHbpump,3,3,False,0,8165,664,745,3,2,2159772203,1,1,987654320,0,2,1185185183,6,1787068771165572
Dw3PqF3Ay3KvHnApxVpvSmVKUS5BvanVED7XUSYRpump,3,3,False,0,8074,0,2416,3,0,8027768645,0,3,-2950030102,0,3,8027768645,6,1787068771074567
25nSThMwQUW96tyw32MzUNKKEpFWVPTn2fzsEiqapump,1,1,False,0,2523,0,0,1,1,162534128,1,0,162534128,0,1,162534128,6,1787068765523916
EGxsHjNkPXWFoc1qnuXqNPwdG6YxrKVD2up5qJAjpump,12,12,False,0,2485,6589,1171,12,7,19301261427,5,2,10679436684,4568,8,17887770176,6,1787068765485574
5S8zUyVVKSo8i7PgZKorH6hSLBse34hA61QrRaQopump,3,3,False,0,1025,,0,3,2,0,1,1,0,,1,0,6,1787068763025887
EH3iHdwbMbU5TD7zLKM1acAA6YKvWTw8GESGqYcFpump,79,50,True,0,1008,24619,7419,50,25,31179592064,4,6,3456790122,237,8,8327226803,6,1787068763008885
FrPcvzyGAvCtUZggUb7Doh6zGc7Rw28gdDiEeNBzpump,1,1,False,0,40687,0,0,1,0,980683505,0,1,-980683505,0,1,980683505,6,1787068756687800
6CZQjaWntPUwcpnK3LMCxfyv8iKP9MnNwy3AhZGZpump,1,1,False,0,33168,0,0,1,1,179758697,1,0,179758697,0,1,179758697,6,1787068749168213
DVYr2zNgMTmu2tWQbcUPT1kJAAfvgXEhqioVpGGJpump,1,1,False,0,26659,0,0,1,1,6283925991,1,0,6283925991,0,1,6283925991,6,1787068741659406
3j9d3VVA7fNpqPFeHsSYTZ3foJrMDpoeAc44Ymab1i6x,5,5,False,0,23993,0,890,5,1,5076558215,1,3,-446675091,0,4,4286434759,6,1787068738993111
ErCJa2u26ydqHmPUDYhz87JL6bn2VXDQaRtvLBLrpump,3,3,False,0,18334,0,772,3,0,1578541931,0,3,-349270264,0,3,1578541931,6,1787068733334147
3ZjtSMJzpSKndDfCsE88ddQkHBvFoSTmx2MbHMaPpump,5,4,True,0,4053,119817,112,4,0,1329001189,0,1,-4222385,0,2,1034069068,6,1787068718053773
ALXLpF447JLdYAEtbA5QNjrpYSnapotwHpmqPQAApump,1,1,False,0,1633,0,0,1,1,63637612,1,0,63637612,0,1,63637612,6,1787068715633726
Ba79uxQkzNpB2UBSUgDVwWCRaeUEMH9vnyhKRJKzpump,185,184,False,0,1607,12807,5710,184,43,34365594241,11,104,7276260312,4471,130,16307962012,6,1787068715607725
D4QheaeFswkdqketvcNcpazJLq9P8ykuUi7gCKggpump,192,56,True,0,1602,5404,2530,56,26,34191587170,4,11,5185185182,967,15,9481245168,6,1787068715602725
9U8sjdqSknDGc7n7mf4m99VZrRtz59CC9YhLCVAtpump,42,24,True,0,1599,1950,1314,24,15,14030285408,5,1,2244250753,581,6,2307624119,6,1787068715599724
HG8yCPKzxkrXvJEsRNkSS7ZgTcKvEZZCHKgYrAwKpump,19,19,False,0,0,0,2185,19,9,12511623930,4,5,3222209695,1568,8,7191244821,6,1787068713992753
CXD1xU8LKM418VGELPwJTcMu38kycFoo2g8TfR37pump,1,1,False,0,36575,0,0,1,0,48736615,0,1,-48736615,0,1,48736615,6,1787068708575201
GwkaYvASnqbeEC8Remprvv2pAxjyENRF7AH93v8c73uR,3,1,True,0,37498,0,0,1,0,53693870,0,1,-53693870,0,1,53693870,6,1787068708498200
FFQaXCFqauuPLeEw29aAZA1BXMTv8X1mvR4tqB5Jpump,4,3,False,0,32367,68,20,3,1,733044473,1,1,500000000,0,1,500000000,6,1787068703367616
7Yzz2SLcALcEdDekj8LnPdYDLVfQjX7f56u8nKuwpump,11,11,False,0,32308,11366,3465,11,1,331266102,1,1,65702989,0,2,160490281,6,1787068703308620
yvjp2eg7jAukww6synkkjg5PhxH28T6wuqZcECapump,5,5,False,0,32306,0,1224,5,0,3512287973,0,4,-285320492,0,4,3226967481,6,1787068703306615
yKDHNd97mSsU1RFgytpK3YBPYHKPgNXunMVnUmVpump,1,1,False,0,27568,0,0,1,1,1955555555,1,0,1955555555,0,1,1955555555,6,1787068698568682
H2hCHg5eycF2BSm1dGGyJLTsceGMRy8XYKmW7p8opump,2,2,False,0,22858,0,8,2,0,1090151290,0,2,-1076026116,0,2,1090151290,6,1787068693858391
Ath6BzTbTn4E7XWDUet6oen8AekCeLAcXPPA6Yojpump,1,1,False,0,20334,0,0,1,1,137982988,1,0,137982988,0,1,137982988,6,1787068691334392
6xrTCZ1nAWeKGHM1AyWxxXsGwRjwc1vba7BAHyZVpump,1,1,False,0,18920,0,0,1,0,36225325,0,1,-36225325,0,1,36225325,6,1787068688920346
GfWoghVdH4UeMjzTyBMn2tAmgnsyy5C6rLR2omqDpump,40,16,True,0,11643,7751,875,16,7,5882848893,2,2,2368131750,199,2,2368131750,6,1787068681643048
5f9n9cfF2nMepFxfj7ENXunbFJs1NGffcsEep4ENpump,1,1,False,0,9040,0,0,1,0,110718630,0,1,-110718630,0,1,110718630,6,1787068679040967
FWfFzJXe2PUqJohjByYyR2Du46bQqSvsAv9pDmhDpump,6,1,True,0,9019,0,0,1,0,2021423923,0,1,-2021423923,0,1,2021423923,6,1787068679019968
E6QMPsawdyM8J9yJ6aDva8zuhzVuJnFkNn7qS1f7pump,27,26,False,0,6517,19055,4372,26,18,57612974912,8,3,29659259256,19055,11,40901203761,6,1787068676517913
2ehtSdNHenE9BcFs7PCxHoqCkKkVbozfHy3LwM7Lstc3,2,1,False,0,6497,0,0,1,1,4938271603,1,0,4938271603,0,1,4938271603,6,1787068676497912
BGzgre2yekLUJpgHu9g1T5Paf7si9NMxFpbvcgDDpump,1,1,False,0,4069,0,0,1,0,12904302,0,1,-12904302,0,1,12904302,6,1787068674069401
Gp2cLQUtM6w64ABdYBuWZYswpvxMowUXiRtg8ZLNBcU3,3,3,False,0,2451,0,1214,3,0,3563425212,0,3,-1320357149,0,3,3563425212,6,1787068671451532
BGTxUQBNkQ8BnS4werjjoeRJFcSaG5RHZ3CAXc3ppump,1,1,False,0,2446,0,0,1,0,7737421,0,1,-7737421,0,1,7737421,6,1787068671446536
7NzBydAUDsZXsnJtE51yrt1nuHfWXYqisbgMC6U3pump,1,1,False,0,2405,0,0,1,1,987654320,1,0,987654320,0,1,987654320,6,1787068671405536
4BQAe8dFXFBBPKZVzQRT63D5ZMP1pbagvM9ruQBYpump,27,25,True,0,2400,14357,6972,25,21,34938695466,7,3,12155348435,5529,12,23550410162,6,1787068671400532
7TnHp7VohtsTfHsBoZfn2nzayMAHMmCATbCXyqUepump,24,5,True,0,81,15103,0,5,1,1590694339,1,0,504595077,0,3,673425721,6,1787068669081635
F79UEDnbUMw37kXjU97vzsn9uNhbA5SkkFaMmZ4Hpump,14,6,True,0,648,934,52,6,4,2775068724,3,1,2053333334,655,3,2053333334,6,1787068668648635
DDF3WG5bN7h6eTVeWAktr8qszZabf9x6obhn7KhVgMZU,40,40,False,0,625,2887,6692,40,19,54843709653,6,5,9644290104,7973,19,39289148634,6,1787068668625634
9KXzxAMGx9A9tfBR3xmjB9Npb9W9kkf7q3ZvC6owpump,18,18,False,0,31733,9057,0,18,18,32617320884,18,0,32617320884,9057,18,32617320884,6,1787068653733060
VpJj38FKoY5AYPLxR53PshzGW4efgwNUZL5z9eQ1PPG,1,1,False,0,18254,0,0,1,0,12873605,0,1,-12873605,0,1,12873605,6,1787068640254802
GLJBa5cVdQqhE8pmNcMVP88DkLn5GLn7gx6efCkmpump,4,4,False,0,15743,0,3428,4,0,9793878902,0,3,-910745276,0,3,8412503778,6,1787068637743158
DQxZB9HreqTdq9z8mPeWpX1DwYXfeUm2tuoTp9nKpump,19,16,True,0,6329,7876,2584,16,3,4774505398,1,7,143223242,0,7,2694631106,6,1787068627329653
GPqTVyceJJGqs8kJvcHxdsA97GNVPkMoGgUqHyBdpump,5,5,False,0,6296,0,8612,5,2,117888967,1,2,26747671,0,2,80973960,6,1787068627296654
7BB7WGHSMuMsziy9k4cBKFBJLW528Svn4jgq8MEDpump,2,2,False,0,6287,0,116,2,1,293899138,1,1,48888888,0,2,293899138,6,1787068627287654
HrDSwLTEcL6ZcUvuxupCAK6JrkrN66yD3dpqij3cpump,2,2,False,0,6242,0,36,2,0,714649576,0,1,-59697653,0,2,714649576,6,1787068627242653
EDTmJjr4VoV9S8ftCQFt4ZBvmDy9s1tBoiWVrmDApump,1,1,False,0,3507,0,0,1,1,1845628,1,0,1845628,0,1,1845628,6,1787068624507826
99kgFiE3JZEARv9Ng7bxUg9tuQqr3Ljryjnn8ABbpump,4,4,False,0,3434,3155,2275,4,1,99000679,1,1,16646319,0,2,38266517,6,1787068624434825
9AnP6WHGoFgPDceRYhdmgw7UHPwtFfQpdGcab2gpump,58,55,True,0,986,23049,8272,55,34,21919093372,8,4,3646993589,1759,11,9519744409,6,1787068621986308
7nKuatTPT3J8C4k67JiwD6beXtz9XUyYFmsuEn8fpump,9,9,False,0,250,0,3641,9,3,9970084132,1,4,751068253,299,7,9608886652,6,1787068621250271
6JLBXGLLa5raxssXsS1moN4bEEwMR3iDnzinKdbMtHdv,1,1,False,0,43424,0,0,1,0,534604323,0,1,-534604323,0,1,534604323,6,1787068617424525
FQkGeo3GaN3GNr37MLbbwerU7rcoQHKTgakRcFdwpump,1,1,False,0,40928,0,0,1,1,1000000001,1,0,1000000001,0,1,1000000001,6,1787068614928411
8SDcWGuJ3h4Fsnvse1b5X15otHUSWV7J36tbDqqNpump,1,1,False,0,38296,0,0,1,0,163233671,0,1,-163233671,0,1,163233671,6,1787068612296222
7tosDumHaFaXPovYty5VJxkrZtzj3sWuNhcAozF1pump,14,13,False,0,32424,4454,829,13,10,11370187377,7,3,8471481480,4454,13,11370187377,6,1787068605424228
7CTynQEd1v7DT9YoViBpab8tUAPwv9EkRRo726KKpump,1,1,False,0,22983,0,0,1,1,111217702,1,0,111217702,0,1,111217702,6,1787068595983936
EPPxZq2cK5tPQ1ZcxEL3unGkCzoARCCbsDGTKXhipump,1,1,False,0,18919,0,0,1,0,4718611,0,1,-4718611,0,1,4718611,6,1787068590919020
8dvMtGWoGKBogc1QNEifHHRJ8HasjNtfVGgymRHTsfiH,2,2,False,0,16247,1360,0,2,1,3098269271,1,1,852348011,1360,2,3098269271,6,1787068588247466
FGSpzgJKNeZxwV8RnW5cUFAwJpFjcKM4w4oP1W7Cpump,1,1,False,0,16246,0,0,1,0,681991885,0,1,-681991885,0,1,681991885,6,1787068588246464
HqYuaXTGUGmUbHXbNahyzgyySF3qTj93wQx5zS1Gpump,10,10,False,0,16205,1454,4237,10,2,1136297653,2,1,372285779,2301,3,511474249,6,1787068588205463
7xGHxnafwdKwsRkhL59qb1gW8NvWGyiWz1ntnZrmpump,2,2,False,0,14104,0,240,2,0,513915323,0,1,-144278133,0,1,369637190,6,1787068586104643
6cCBF9gtyp3c6VmyxUWzETk3yFmxhjvPm15cxicfpump,2,2,False,0,14103,0,1,2,1,1944995,1,1,972498,0,1,972498,6,1787068586103643
36e4KrVF3KRTaBkD6fMaUZBBXjtH25gSvx1fYjoppump,3,2,False,0,9216,124,0,2,1,65343763,1,0,50084894,0,1,50084894,6,1787068581216435
3ZaXkRLPJZqQUkRYxzUz8jSwzQDrPjXSeCXEbAX2pump,3,3,False,0,9208,801,0,3,2,3020919584,1,1,488888888,465,2,2532030696,6,1787068581208435
EYyzBZDciirp5f8UUHhN45noNvcn7ejY7Jn8pRvkAut6,1,1,False,0,9191,0,0,1,0,492924652,0,1,-492924652,0,1,492924652,6,1787068581191341
EKAsZkj9Kd1QtndnyvXq5QCGNWhbdGRMtVq92FQ6pump,5,5,False,0,10184,508,565,5,3,6423345439,1,1,2218666666,0,2,3028345677,6,1787068581184338
DipM9dsBCKuns9jcjNripsLYjvzddVkHDXFQbVLEpump,61,60,True,0,4853,11000,8263,60,44,6968164880,3,3,405805453,100,7,782049212,6,1787068575853235
BJvvPVDFjfN9ruPNka5Erj9QnKTxA3dpXBwcPYpN6VbM,1,1,False,0,2539,0,0,1,0,1942415742,0,1,-1942415742,0,1,1942415742,6,1787068573539332
29tQgTCDngnpLWcwmbHW1ekxyQicz8HibgW4ocG9G9G2,1,1,False,0,2512,0,0,1,1,205943536,1,0,205943536,0,1,205943536,6,1787068573512332
51JgCxryNwxQb5iHf7jXvU6bSsNtt2LZ78WPS7wipump,3,3,False,0,18807,650,0,3,3,2518518518,2,0,2444444445,606,3,2518518518,6,1787068546807814
DQknX5FSwzzaTAzk8YL1qow7Yo9hNV4GVPkDGWYdpump,1,1,False,0,18804,0,0,1,0,887311407,0,1,-887311407,0,1,887311407,6,1787068546804814
98jjGUkmHKBSgLeWNmaB3Kb3v3wj15FvAEbJjyatpump,10,9,False,0,18794,7951,0,9,9,16810484703,8,0,15530476803,6982,9,16810484703,6,1787068546794815
C6ELtu3Bq97gxujFDqiaT5m6a8q7yFUctr7x4bywpump,9,8,False,0,12952,2999,0,8,8,7582793814,6,0,7198596285,2735,7,7485016037,6,1787068539952398
AdbjNggdbe3y3P6HvQVskyzfbiMKT5smy2sgVtE1pump,8,8,False,0,12932,405,3630,8,4,3678655196,4,3,1995329085,875,7,3588737985,6,1787068539932398
CTQPu8hFtjyVWctEJz3LpVqcuKnJshD4NQCi9xmFpump,1,1,False,0,12922,0,0,1,0,740624999,0,1,-740624999,0,1,740624999,6,1787068539922399
3yuLWV2Dy4tr1j7bBP1pF9BXQWYXDd2t7tttN3stpump,1,1,False,0,10159,0,0,1,1,80507361,1,0,80507361,0,1,80507361,6,1787068537159702
8LmALrT47mRXMhB6WzqcecmTRMa6R1Ws5c27DgTmpump,57,40,True,0,7484,9580,55,40,34,4057019271,3,4,572755196,169,8,863034439,6,1787068534484682
HdtxngzvSVNpQRFhCNyx9NRggh4JgvUHuMArXXUnpump,1,1,False,0,4969,0,0,1,0,740624999,0,1,-740624999,0,1,740624999,6,1787068531969432
CBQzqQ9DQn9jqMJfLJndGLwHuuBivuSaEZeKV1hepump,12,6,True,0,4948,4381,258,6,4,2744715281,4,1,1953518339,1018,4,1953518339,6,1787068531948432
GbGCAULLhV3GLoGZn89E8aQdswM7L4CokcECtDeJpump,73,31,True,0,5901,55225,8889,31,3,5049440849,2,1,776727429,2411,4,1677006847,6,1787068531901431
Gk84xYtbSRAis6jHPeRVgGpAPvPPwt1xYmE3bdH9zDkV,9,9,False,0,3211,0,3458,9,0,8272814996,0,3,-84298401,0,5,5237472178,6,1787068529211039
FZyeNURLMUjBRkKH1JUwYZ7QZZR7zATbbjipt6Q5pump,20,20,False,0,621,7896,9988,20,5,617765107,4,3,176170245,9688,7,381785289,6,1787068526621297
GXPeajkDoForJeyV1282eBtnXEAXiKqLMbXdEHTfpump,142,129,True,0,619,5306,8922,129,67,42396777791,14,8,5476521683,3586,38,16463374939,6,1787068526619295
G9PqYykfEGYvTa3K8qZkkFL2Y2Tbet2dDaMhor4Spump,118,118,False,0,615,18524,8505,118,67,99117953619,13,6,10560895697,4855,25,31942282005,6,1787068526615294
9j4oLrzDr5EGdwMvAa6bSJMUvHXRRSi8skX5zHeApump,5,5,False,0,432,0,1799,5,2,3654872698,1,3,278798723,0,4,3459317143,6,1787068526432297
ERT1RYDY4iv1BHR9zqC6k82BUrDRtoqvoF4NUsjmpump,37,37,False,0,388,1602,6855,37,14,16009300220,9,4,3177777777,928,17,5644026179,6,1787068526388293
qs8TkM8DEod43W1nXCCjKPEgF9Sbw5pXLcsRcRkpump,4,4,False,0,38007,0,2722,4,0,3787476509,0,3,-682899154,0,3,3104577355,6,1787068514007335
HFuth5zVvtzk1yBTKQcEX8W555qAZhjF8xaz1GmRpump,2,1,True,0,28066,0,0,1,0,10153141,0,1,-10153141,0,1,10153141,6,1787068504066165
Erxenfx7gmQkZ7BxquKYTPWwcui723ukJCNitmzKpump,3,3,False,0,20698,1048,0,3,3,4156049382,2,0,4106666667,1022,2,4106666667,6,1787068496698256
4mabujxY3wqbFPgLpguApdnUZfyfvFLM2ixRKNhHPvCn,1,1,False,0,15464,0,0,1,0,493827158,0,1,-493827158,0,1,493827158,6,1787068491464179
FovjU7ggN4fN8F4uk21n4zbkedS4vMnB32EWexiXpump,1,1,False,0,15452,0,0,1,0,12961745,0,1,-12961745,0,1,12961745,6,1787068491452177
AY6pz5uHme6CoJWqCYMPCTWDfK3os1vBoJRSDBeCFaKi,21,13,True,0,9866,0,5130,13,7,6525025614,2,2,3456790121,823,5,3456790121,6,1787068485866953
2GDL7x24mCSf9orxDv3xU3YynwY1VrRX3MHQPJGqpump,36,36,False,0,7373,14245,6495,36,16,19404041665,7,9,4513185181,1652,14,7727993847,6,1787068483373810
4gjxgUFehGHJGkZJes54JBThA63QnEProQD69VLppump,24,24,False,0,8320,988273,9996,24,5,11207715361,2,2,126167228,2581,4,7704305563,6,1787068483320809
DutqQxmowUZPprkPG15kcudf6FjUSMoYiuyWR9R8wEi4,1,1,False,0,5573,0,0,1,1,977777777,1,0,977777777,0,1,977777777,6,1787068480573995
EKL2U6dVDGvRhu2gnETuS6Bgq2Kc5DR9TMPZuJRdpump,2,1,False,0,541,0,0,1,1,10000,1,0,10000,0,1,10000,6,1787068475541164
36kRy3ZuFHfZPSX6EMuxFSEzH5RBVXwVD5s3QpE8pump,2,2,False,0,529,0,90,2,0,16006312,0,1,-6508127,0,1,9498185,6,1787068475529165
BiXNebB5a3yApaw4tCLW4JJhgkiN3r5iKoSU6WWipump,20,20,False,0,379,0,3117,20,4,7823507095,2,4,53822712,0,8,4390374017,6,1787068475379164
Euc3yMr35r2WZhwHsxrKnrBYjRuGs5HuCb73xap5pump,1,1,False,0,25918,0,0,1,0,5423728813,0,1,-5423728813,0,1,5423728813,6,1787068456918306
Gj5FdktW8GXgrqdC7NVxCZ2wgssjq5cHncpC3vkFhrPF,3,3,False,0,18074,828,465,3,1,2701361341,1,2,1248638659,828,3,2701361341,6,1787068449074198
43LbMFUCmoVTwhLWBXmMKPjtgUAJ4SaZ8BRHVY3Wpump,1,1,False,0,18071,0,0,1,1,153846481,1,0,153846481,0,1,153846481,6,1787068449071203
7dEQ1mCj7veiAR8RrU7uPoTyg1BHHZwQ6BwV3bbApump,1,1,False,0,6881,0,0,1,0,93954649,0,1,-93954649,0,1,93954649,6,1787068436881468
BoZDRfc1ANHEDhiLp8NKpsaKLa7ifSoj8u6XsioQpump,17,17,False,0,2687,0,1614,17,9,17971062805,6,4,1975309463,1064,12,12032427368,6,1787068431687001
6inCHFLrQ55VwjyJpeDuBPtELYJcTEryygdpfukxpump,1,1,False,0,2684,0,0,1,0,15580329,0,1,-15580329,0,1,15580329,6,1787068431684001
GDw3R3FxDW3LFoQrPWjER2hy2ktUj9LX4sno3FCQpump,3,3,False,0,323,0,222,3,1,28111580,1,2,-1643733,0,3,28111580,6,1787068429323996
i3TNdDmbq5kvQTgmmX8XtgNv1Umihsc6oH9zmkjpump,79,8,True,0,32600,7842,729,8,5,15645727607,2,3,10865185184,3149,3,10865185184,6,1787068419600363
BLAFFE52H1BgW6ubEpArZUSR5hFp2c55SxGaRjkd9VNV,13,12,False,0,30125,4221,4260,12,3,10240669181,2,2,5052257561,65,4,5052257561,6,1787068417125313
Fn4hEsCQ4zuogCQE19QLDMyx3vqLtUf3iF6HJTRNpump,6,5,False,0,31082,8166,0,5,5,17090240364,5,0,17090240364,8166,5,17090240364,6,1787068417082310
GZd7HjY1K5R47SfFBD939XbRXXVEcggzDTQ6n8mSpump,2,2,False,0,28926,0,1,2,1,1924559,1,1,962280,0,2,1924559,6,1787068414926442
ACsGKXuAcKDCzo2LY3WbhaUbpvr4AxJeRe4B5U6fpump,2,2,False,0,28886,316,0,2,2,977777778,2,0,977777778,316,2,977777778,6,1787068414886441
6c9KvGttoB9GyurFLqYw45cEpjeSHWuzSrwmTs2Gpump,1,1,False,0,23693,0,0,1,0,7077,0,1,-7077,0,1,7077,6,1787068409693178
2oJbKdVadiBm3H4CqDcyqaEsCMqa3s6M7siEtjuKpump,2,2,False,0,17759,14,0,2,2,70898357,1,0,50359286,0,2,70898357,6,1787068402759329
FByafbd2cQRu8didZG2RbN7aUPqSJK6p7saroBMFpump,7,6,False,0,17727,7440,5253,6,5,14978893811,5,1,14900000000,7440,5,14900000000,6,1787068402727328
HFA4EdiJ6FkKkyNcRqbHbLK6SVvA9BpErBD3d717qAcx,3,2,False,0,17725,94,0,2,2,5767761606,2,0,5767761606,94,2,5767761606,6,1787068402725327
7vbbm2GL3jjCtP6ysvYyzuUuHJrekQRWdS1oS4dXpump,3,2,True,0,9065,0,1,2,1,1771827,1,1,885914,0,1,885914,6,1787068393065435
7AMkNWeQd6awkDi8yERYxgWWfQ6jgNAxFQVK6tMRpump,1,1,False,0,7457,0,0,1,1,142008128,1,0,142008128,0,1,142008128,6,1787068390457354
4KMdHZpCFCKC44kryUkyirWMXFfgRKED5AhuDNaVpump,19,18,False,0,7436,10821,4819,18,9,36629227089,4,4,13518061727,5460,8,20502980244,6,1787068390436358
9yMecmtE6NkpsYUVBoGmFkaCR6mbJrVhejuAk4TMpump,2,2,False,0,1505,181,0,2,2,448148148,1,0,300000001,0,1,300000001,6,1787068383505908
FvAGz9dsd5CQquVnPVwatFY3H8Mye5LQPRfSToCepump,2,2,False,0,1469,287,0,2,2,977777778,2,0,977777778,287,2,977777778,6,1787068383469912
4yNC2V79Lj1iEHD4rVFUT7gRwLXqfQSyvRH6J5Wopump,46,46,False,0,1441,0,9912,46,10,1494252233,4,6,141281206,3818,9,527846399,6,1787068383441909
3U7W6C37t3vbULrkphncBgJFfVu2njCb7zwK2dogpump,22,22,False,0,117,0,4356,22,2,12456012632,1,17,21728394,0,21,12434284238,6,1787068382117412
GxVmb3wBJ58giUvgEWeiVjgT96HMjhkStJRAuASvpump,30,30,False,0,88,7450,5672,30,11,294756305,3,2,28953728,1858,6,60798250,6,1787068382088410
CLZgc7nbotEStjzRZn4y4u8A1pqeKrVAykk3zkwmpump,22,22,False,0,34,422,2039,22,5,5140259385,3,5,744143209,422,7,2101869863,6,1787068382034410
BJKBP1xUPCjHqc6vdJCK5mBoefTNoDvvZPRoe2CNpump,1,1,False,0,36810,0,0,1,0,9999999,0,1,-9999999,0,1,9999999,6,1787068376810703
CKVUKUUd31bgqofKc3B9Zrc2JeAYCs144cQLHy7npump,1,1,False,0,27096,0,0,1,0,790123455,0,1,-790123455,0,1,790123455,6,1787068365096480
24CtFWYaTjSw1v2EQ1A5SuoKBFL47V2k1CAab493pump,1,1,False,0,27062,0,0,1,1,514633946,1,0,514633946,0,1,514633946,6,1787068365062485
FxAYTYYv5AZwtcBgBNJrfKefrtncVhnNQgbXAHYZpump,6,6,False,0,24776,0,2309,6,2,4589402642,2,3,1481481478,440,3,2331367696,6,1787068362776481
96FJEYnoSQwSqbkdqbKUFZ48uKGYegQQxKj2Y7GSpump,19,18,False,0,19091,7904,2747,18,12,18888489684,6,5,6995957889,3495,11,13706784720,6,1787068357091890
AyS36fPw5c1N1AoXoVrQ3Kb4XWv3ZV7QeNjx7izzpump,5,4,False,0,15162,573,0,4,4,1863130386,4,0,1863130386,573,4,1863130386,6,1787068352162212
GD78P2bDc6c8V8MKLpS4rzqxTK3eqUwfbKJ5JfF1pump,1,1,False,0,13602,0,0,1,1,169060771,1,0,169060771,0,1,169060771,6,1787068349602633
FjjUXaThPrzBetocbcVCwVGAvTtpWAXg9k2bNPcwpump,17,4,True,0,10850,2071,0,4,3,3850649985,3,1,2962962960,1321,3,2962962960,6,1787068346850785
PffJyWqTgbnJfrqgP1QtTdkfLJR8WyE1JVRN9oBpump,1,1,False,0,10821,0,0,1,0,610997726,0,1,-610997726,0,1,610997726,6,1787068346821782
FakHG3sEQEefDwAaVqtz1atP8JYtvUjJus5JZ9gWpump,1,1,False,0,10789,0,0,1,1,1424392,1,0,1424392,0,1,1424392,6,1787068346789781
9QJecQrABhfeN7xfnAAstLytgparWohgNfSJZ1fmpump,1,1,False,0,5889,0,0,1,0,228349664,0,1,-228349664,0,1,228349664,6,1787068341889650
DoVC7VEM2yi6tfjdz2NrASmNbrDWH4mEzjQJS9gtpump,6,6,False,0,4381,0,215,6,0,391503706,0,6,-63143220,0,6,391503706,6,1787068339381826
EhAL5D9VKM8HtPzrs3hXMQdeeYyPKAPhunA8Xq6pump,2,2,False,0,1798,0,6,2,0,955173767,0,1,-9028308,0,2,955173767,6,1787068336798318
HMpaMTFhTi5JC4jGi19WfPLCuodv3ifCYV8dWNmfpump,34,34,False,0,1796,0,4785,34,8,14093991252,4,14,172693971,127,21,11848271243,6,1787068336796318
EXncNMq6dpJWrqpm9khPG43hi26grvftP1XXFvg6pump,1,1,False,0,1781,0,0,1,0,819116,0,1,-819116,0,1,819116,6,1787068336781321
xLvg15xbnHsLjNHKce5Dfrotx35ueu9M2DW25FEpump,1,1,False,0,1759,0,0,1,0,6306,0,1,-6306,0,1,6306,6,1787068336759322
FKwUdsxpMeMjH8j7M6BQ7V41LLnk5NJ3nXoim7ixpump,63,18,True,0,1749,8157,2230,18,11,19847631295,3,1,6355211751,2136,3,6355211751,6,1787068336749317
Cbpu68y9tzm3TW7nuTew2aN2gUBxr6g6jtYrC4Rupump,14,10,True,0,681,0,9536,10,1,76318570,1,1,3654384,3542,3,42773264,6,1787068334681473
8hqjD2YH5UZrLc1bULeRm1rfCvs6EcWukf26RqXipump,70,29,True,0,680,10842,7025,29,5,3479079860,2,2,579674696,3923,5,1752174370,6,1787068334680471
EVsTVpBcmmTBfXASdH79KGdNJUgdRBVBETDDCFL2pump,29,29,False,0,676,0,9629,29,4,19113435443,3,3,2419998989,3446,10,7642486882,6,1787068334676472
mBAoZQbxdUJeZaaczCNaGsQcEbU2GZXBYQag2f2pump,1,1,False,0,654,0,0,1,0,374897176,0,1,-374897176,0,1,374897176,6,1787068334654470
DsohymxiSDBM6mBPpZf2ubixp5TaEKwdtLkmCTiypump,2,1,False,0,30412,0,0,1,1,9777777,1,0,9777777,0,1,9777777,6,1787068319412977
Hyx5o66DbGjFSfsyUwbhbvgm6aszcG2EEuWRBcawpump,1,1,False,0,28765,0,0,1,0,8512094,0,1,-8512094,0,1,8512094,6,1787068316765255
9k3LNi4jE3C5sq1aETJA7wMTazuGHYc9wQF9Q9chpump,1,1,False,0,26986,0,0,1,0,180530444,0,1,-180530444,0,1,180530444,6,1787068314986906
EBERfvapJDNYbeWhQghSsCntD3SLMuu1ThPZg2Xwpump,2,1,False,0,26971,0,0,1,1,85005359057,1,0,85005359057,0,1,85005359057,6,1787068314971901
44QDLH9HezHZMeN5z8Mmdpjn4APFUcrepXpMheKVpump,1,1,False,0,22012,0,0,1,0,97777776,0,1,-97777776,0,1,97777776,6,1787068310012889
62aiaEPjDodJPVSwVZfpZnaKqBEexLDXQh64wHYKpump,12,11,False,0,21203,1215,1203,11,9,9766482722,5,1,4418471429,1215,6,5348011293,6,1787068308203058
BYF2tiCqXAjUQ7XVB6jRQEuy9FxzgoJCh2jhnHJFpump,3,1,True,0,21193,0,0,1,1,10000,1,0,10000,0,1,10000,6,1787068308193059
XBzmJ1mvB7uEJyWpTgcZmU534hvDDu9NKSpHLzEpump,3,3,False,0,21187,0,89,3,1,60870379,1,1,9876542,0,1,28579412,6,1787068308187058
G5XsVmTRngxtEzdXUibA3pvqv3UMH4oVu6BXkM2tpump,14,5,True,0,18707,0,526,5,1,1683923397,1,4,5866666,0,4,1678056731,6,1787068305707990
2Jix9meKSd22kmGupFcDP9pZhhGRK5DGFi6QbpZfpump,1,1,False,0,16021,0,0,1,0,4358,0,1,-4358,0,1,4358,6,1787068303021993
GmTLB3e7E6JERHJWaafKum9x8MKdMS5tNeRGUoAvr3hG,1,1,False,0,13473,0,0,1,1,49382715,1,0,49382715,0,1,49382715,6,1787068300473204
4YECbwZi3kkRhjZf9mbiT1z8ukvkhrzB1FxEXkcppump,1,1,False,0,13466,0,0,1,0,24448939,0,1,-24448939,0,1,24448939,6,1787068300466204
3VBKNTjMCU1jLq2YQ2Hok3pffEWQx4kq6KBBpGibpump,24,23,False,0,14444,6185,1288,23,14,16741454128,6,3,7608020888,3812,11,10384470780,6,1787068300444203
4kPKYmSrmefdcGM3xGJpipsNbGXyxz94vrkxBijkpump,10,1,True,0,5997,0,0,1,0,1161674342,0,1,-1161674342,0,1,1161674342,6,1787068290997983
vsDXhizfyYRRdoEoi2GTeXLh8BNT91sFcudJSYzpump,11,11,False,0,6936,0,9550,11,3,148545610,2,1,14665057,1431,4,47595913,6,1787068290936196
DWLUpCj59c1qTMo8Twhuvi5GU7u8ePze9VSENz5opump,7,7,False,0,4591,531,615,7,2,2172372202,2,2,967901234,320,3,1100514200,6,1787068288591647
F4ish8hWFM4Rgvj2nhp4xs9yUicW86GcWUAq7dXMpump,1,1,False,0,4552,0,0,1,0,1114279412,0,1,-1114279412,0,1,1114279412,6,1787068288552648
CWpFQZWLsnQstSmrHCzGDKdEbsQum2FZfrcUgrb3pump,1,1,False,0,1878,0,0,1,0,151279376,0,1,-151279376,0,1,151279376,6,1787068285878906
6ZPsuLeJqaJmFvZoF2YJK9GdEnkrw1Cg5nvnJmgSpump,81,81,False,0,1858,13693,819,81,61,14294199975,9,4,2204591739,720,18,3663434041,6,1787068285858904
EDMusteWGdi1CMhqFQqUwWhCwEB9Zf4X9DRVTXHspump,241,157,True,0,1824,10177,6733,157,77,96935424114,10,5,8665514457,2712,17,18129062082,6,1787068285824905
7P4zkhhhRvK7NB7pPbn32dh79uGjcosrwwXSFwMvpump,1,1,False,0,0,0,0,1,0,10277037,0,1,-10277037,0,1,10277037,6,1787068283837904
2gBHmCqyhJo1vy7k3H6F3w59K61nHfUuVp1XWx1Ppump,4,3,True,0,0,20,0,3,3,72020242,1,0,42489380,0,3,72020242,6,1787068283832902
5qw3r6sfEvSSigpKHhG4Wf4ZpdxrN6SQQSJESVddpump,16,16,False,0,0,,0,16,2,0,3,1,0,,6,0,6,1787068283779903
5SPinjzQzKZtbEy2avECoJhvRE1gteBEZFLAAPeWpump,16,14,True,0,0,4752,6078,14,4,1473395907,3,2,526728834,4752,5,858247551,6,1787068283760903
FsVYi2p2HDDL1LwTMubicDjCzKCjyNdheDHntH4npump,1,1,False,0,34888,0,0,1,0,285913279,0,1,-285913279,0,1,285913279,6,1787068274888526
4He6W4HkPAkBDRG7LxtJ5K4gyt3aCzwxSxj7HLvapump,2,2,False,0,33085,0,65,2,0,127777776,0,1,-30195580,0,1,97582196,6,1787068272085594
2hJgAt7bdCq6djJzuRnhsfDF1QfpqnMeTxuhLcQ4pump,7,7,False,0,33072,3427,0,7,7,7113342143,7,0,7113342143,3427,7,7113342143,6,1787068272072073
6HwFAMGhWzzJA1g77phGYm41MR5YwfiwHFLT6WWcpump,1,1,False,0,33063,0,0,1,0,98765430,0,1,-98765430,0,1,98765430,6,1787068272063069
55ybm3HXYtRQ5MNrwFijmvS7QT2pDBdLExMAaKt1pump,3,3,False,0,30519,0,304,3,1,1492956369,1,1,260000001,0,1,766232489,6,1787068269519383
AkESTitb7mCzB5QcFfgJz5MHvd5p8WaSywc7eBKFpump,2,2,False,0,25610,3,0,2,1,5896294,1,0,2948147,0,1,2948147,6,1787068264610382
2ggLRbxFpjdYoKzajKx3sPmF1s2pLrmfwGt62myehCi1,7,4,True,0,22992,0,5629,4,1,12286696850,1,1,98765431,0,2,11913366251,6,1787068261992043
5bpzpuVPs8M6aSBPvmTzj2KXDLgu7wHa2s7QTNBGpump,2,2,False,0,17101,0,607,2,0,280140472,0,1,-19753084,0,1,260387388,6,1787068255101912
8TKfTQ3ca21iCqbV8c9QqSrBWBEkB6qmquktT2C5pump,7,1,True,0,14474,0,0,1,0,50869,0,1,-50869,0,1,50869,6,1787068252474361
FJdmdNzJiHKeNj1TE5b8FnAeUC1A27TBd1ztfiFtTH5h,1,1,False,0,14456,0,0,1,0,164085821,0,1,-164085821,0,1,164085821,6,1787068252456988
8GrpSBxTBRQbdxaLiYxAVXZG781PNRWHMqu5as2opump,1,1,False,0,14444,0,0,1,0,345679010,0,1,-345679010,0,1,345679010,6,1787068252444836
32J4SuD4PyNc7DKLZJphKH4j9sdjZdgYnFZKUWYqTZUf,2,2,False,0,9432,0,183,2,1,299439252,1,1,1283104,0,1,298156148,6,1787068247432286
5EcYAi9ETKWMw5F5GuocR2ZBqfN4tGUv4LCdZZVJpump,1,1,False,0,9394,0,0,1,1,98764,1,0,98764,0,1,98764,6,1787068247394283
ALMSXM2Pt9QosS8PEBYSHZVKEJWswTbxBEZbJ48zpump,2,2,False,0,6893,0,290,2,1,16169472,1,1,987654,0,1,15181818,6,1787068244893046
2oce2R3xMVJg6W7ZNptyJmtJmiK3rqC2Qx6HtTgFpump,15,1,True,0,5141,0,0,1,1,25587735,1,0,25587735,0,1,25587735,5,1787068242141546
BgupAX4oYHwyegx4beCrzt2KSvtFVaVb3oa94txrpump,61,55,True,0,2585,268,5737,55,29,17794115474,4,3,1918320113,904,11,8411002993,5,1787068239585249
Fawa4ox7xcGv2cPE6twLXsi5jAu2zWwQhVB6hNwYpump,1,1,False,0,2581,0,0,1,1,9876542,1,0,9876542,0,1,9876542,5,1787068239581249
CDfPCmvmU6WkfAKqDhRZkv8bVHLW2FUpZCzbqa1cpump,30,5,True,0,2553,3328,285,5,4,5716368866,4,1,5211453795,3328,5,5716368866,5,1787068239553253
F5x61bJ8ur7NgoRP6xiNHxR6DSGYzZT5gdKKMnaNpump,2,1,False,0,528,0,0,1,1,50084894,1,0,50084894,0,1,50084894,5,1787068237528074
24pUwoWNkMPyGHujVodmEyP14EWMoMqNbeNC83uGpump,14,1,True,0,32845,0,0,1,0,99663555,0,1,-99663555,0,1,99663555,5,1787068224845769
AFpx6M8NLR5ksaZyqJqZYYeizNpx2ggvkBAUwciTg5pd,1,1,False,0,30792,0,0,1,0,691249999,0,1,-691249999,0,1,691249999,5,1787068222792864
6mQdqW3RiGcREnX2P9kR6nAwLwsFrYdXio2WhpS5pump,1,1,False,0,30785,0,0,1,0,987654319,0,1,-987654319,0,1,987654319,5,1787068222785863
AFymcLGhZSx3vk5Czn1tGZPSTHZkUUbCBQ4ELC1Spump,2,1,False,0,30764,0,0,1,1,888888887,1,0,888888887,0,1,888888887,5,1787068222764866
8WmF5b2oaaPLuPo4EtnzE8QJz2MPwQSKTzhBsDcmjVtw,7,6,False,0,20284,3297,0,6,6,5588604682,2,0,2686683161,1217,5,2903978462,5,1787068212284073
5J1SXgQ1HxhMBHFzeQdN8oZN8qDtit2LbY6hmF8fpump,3,3,False,0,17637,0,5194,3,2,458049760,1,1,439549855,0,1,439549855,5,1787068209637747
HVzmtidSqpyzzTo3jRy4ivc7D7YCu6U7e9i4sJBEpump,1,1,False,0,11280,0,0,1,0,101523561,0,1,-101523561,0,1,101523561,5,1787068202280650
EDUeEMK5VXFhHyEhpLvY8HCAXgJRp7wxV33GUbhXpump,1,1,False,0,7340,0,0,1,0,6126,0,1,-6126,0,1,6126,5,1787068197340010
xCRd1LLkchgUwFbLNamEboHcSVGXCQcxnvozH2mpump,1,1,False,0,4843,0,0,1,0,33629502,0,1,-33629502,0,1,33629502,5,1787068194843098
FMS7mMaPegdg9RYMM9FaYYa1qKNjab2irr9ngdJQpump,15,15,False,0,2146,5521,516,15,9,11238706486,9,1,6030053593,3090,14,11039292067,5,1787068192146103
AqHus94YU2JMAdXtWVxymcv3BSShddEtwn2UpXiSpump,12,9,True,0,20,0,2924,9,1,1997092692,1,2,63703958,0,2,1044647304,5,1787068190020359
HQHnrWJCxwoBXGPtRj692RwrxBmhxhbvJJhDHRGopump,40,40,False,0,5,0,8303,40,6,5290594966,4,2,420783109,4701,8,1949011740,5,1787068190005359
AVVHLJ2gAQx4eaD7eXQsYXAuf5Wd3cFNpFvzMfykpump,2,1,False,0,38355,,0,1,1,0,1,0,0,,1,0,5,1787068185355286
7GkUAP8vMDrdeXZdoVx92v2FNy78fTEeaVdWWqXjpump,1,1,False,0,25532,0,0,1,0,959350243,0,1,-959350243,0,1,959350243,5,1787068170532335
GJfYnaSPz2vQiKzMeRoXcZHMsxGqjLn1RgFEu3bmpump,1,1,False,0,23218,0,0,1,0,166517693,0,1,-166517693,0,1,166517693,5,1787068168218436
8rAMB47et3mQGULVLGoYTN4Uzn5reKD4qh9qtTetpump,2,2,False,0,14245,0,636,2,0,2010942290,0,2,-1005559751,0,2,2010942290,5,1787068158245276
CZXe4zRfyM98wdcNwXFXvzR59hMaMCPvY9YPGnJ9pump,5,5,False,0,414,0,6126,5,0,440311855,0,1,-22311266,0,2,299961012,5,1787068143414224
A7KgLHNKQHNcueqSVGDjvLavoMZmPmf2qH1a67Fupump,335,335,False,0,403,909,7929,335,38,42612253396,4,104,2707814582,367,276,35189984457,5,1787068143403223
AxAHCTBv4p7w257XLybFkpPxzSchPUmnkAhnUJenpump,9,9,False,0,399,34,1182,9,4,2589506787,2,3,68543208,29,5,2150348914,5,1787068143399221
3j31X3XMUYoXpYmXevpQwAK1C3soeGxUD3dAZcHipump,1,1,False,0,397,0,0,1,1,691358023,1,0,691358023,0,1,691358023,5,1787068143397230
W2v9eUMgzg6joy3ghzc4VLg181jrhgTgPs5XrD1pump,1,1,False,0,396,0,0,1,0,973223216,0,1,-973223216,0,1,973223216,5,1787068143396221
6pbTuQBjYyNjddSLYKgpk8t7YtWivGESSeFxZfiCpump,8,8,False,0,371,39,5445,8,2,728996042,2,1,201210060,39,3,320333429,5,1787068143371224
9BAiRoDStkd48Dhasc1X22mqnnUPL2K4rvguUTBkdi7W,4,4,False,0,349,0,480,4,1,1113240250,1,2,25650463,0,2,1086314913,5,1787068143349221
7XYpFiBiRQj6SkqfcdmrXbYEjjhf7U1cmemVx2K5pump,1,1,False,0,37614,0,0,1,0,56569631,0,1,-56569631,0,1,56569631,5,1787068136614707
Bo2V4XK2tDnWiXxXL8apj5AeEoiCfPbdNAQcNhn9gbfM,6,5,False,0,23411,53,0,5,5,128757738,4,0,98757737,33,4,98757737,5,1787068121411840
8eurA7RdwKXw8E8HAh2xufotNqNgMhDZFfPjjZ4Hpump,1,1,False,0,21022,0,0,1,0,554337930,0,1,-554337930,0,1,554337930,5,1787068119022442
7rx6SxqbjXUo4P4WHLSZodpPD5j4PBc5Hc5xxkW4pump,8,8,False,0,13700,1060,9300,8,1,94073245,1,1,14677448,0,1,20651527,5,1787068111700242
9sAtx6eTh42BW98Y8if8p6bgnnZm7piupf19WiuLpump,1,1,False,0,9694,0,0,1,0,70952018,0,1,-70952018,0,1,70952018,5,1787068106694097
BNgDzPDGWXfeXEWjrkioqTT77bnCgNZWSxvgRH85pump,71,48,True,0,3062,2530,4312,48,30,44705002861,3,3,2992965737,741,6,6874793324,5,1787068099062946
9CsdJuF7Fycty9yLvXWYYQuF16EV1kiyNMAWjdVJpump,29,29,False,0,3034,65,3989,29,3,12079427349,2,7,543209875,60,18,7741392579,5,1787068099034945
A4YoGxFx4HYaHA1fQoWAnycAXLW7ykUCjDUUWo78pump,10,10,False,0,958,0,7023,10,3,898303763,1,1,118439913,31,3,378013802,5,1787068096958186
7ATS6jVtX2c3hX3WHmkZKqrqmXFVhK4VXyoLGpwepump,23,23,False,0,865,,0,23,3,0,3,2,0,,5,0,5,1787068096865188
BiPaTtTjX38ZUcRBdWaukrUWjDudpUcUfuae69oZpump,1,1,False,0,864,0,0,1,0,47453795,0,1,-47453795,0,1,47453795,5,1787068096864185
Hd8HTPvHerHfJ73AvqWcFKYQVL7iJtW23Z75w5ncNCwy,10,10,False,0,680,590,2694,10,7,7188470321,3,2,1019369500,220,6,6555492699,5,1787068096680185
BVxrD3FgDmVi4sbfbCs7JpERzWNZiUwDwBt57z7npump,1,1,False,0,40405,0,0,1,1,782222222,1,0,782222222,0,1,782222222,5,1787068092405365
5udPz3XjS8LpMVfznG5NtWrd3ttHCAs1qEsc4rxohWFc,1,1,False,0,33449,0,0,1,0,266545633,0,1,-266545633,0,1,266545633,5,1787068085449084
AGzjJVaJWCeKmXpMhuhzoCgRda1AUwC21M6BJs6zpump,5,4,True,0,33425,51,3754,4,2,1022340760,1,1,98765431,0,2,844816699,5,1787068085425080
AaFg4kbAQSMepH5YY2DPaXb8fEo8xL5uAVmpWNJ6pump,1,1,False,0,33423,0,0,1,0,29335497,0,1,-29335497,0,1,29335497,5,1787068085423080
354eB7oEoPrWQYjSpCG3yrAUnj1vrKEm1JCzZn6Yzdge,5,5,False,0,28223,1078,2744,5,2,3518044129,1,3,1173333333,0,3,1855821908,5,1787068080223129
AVywUctaezmnQmijFdp2xGPobDNN38L7akbvoZgzpump,5,1,True,0,5333,0,0,1,1,977777777,1,0,977777777,0,1,977777777,5,1787068055333555
H7Dpc6oFjnRqq1dS73BVSYNKkqn2m1xRga5itK32pump,3,3,False,0,5259,0,263,3,0,672249063,0,1,-197468915,0,2,474780148,5,1787068055259554
5uFZPwAQAuubRVuwrPWjNywwmoL5GqtypH486Qxvpump,1,1,False,0,5242,0,0,1,0,68057022,0,1,-68057022,0,1,68057022,5,1787068055242555
F4hBmii6jj1y9BrLh6FutpTJbzC6Xd6cKZj4CjKYpump,12,12,False,0,2704,317,3687,12,7,684874993,2,2,188008558,98,3,342181409,5,1787068052704513
CBZqkbqF3sL99aT91ufEoJDQbfqyniQyGdiQrkH1pump,7,7,False,0,213,48,1037,7,2,2155002045,2,2,138888888,48,3,1734729455,5,1787068050213934
2rKhEM3FcPhNnFGKRn9ofb8haxT9m4sw4ATZFSkrpump,32,32,False,0,195,183,3780,32,6,16377685508,3,17,842570409,183,20,7814179754,5,1787068050195949
CSoqoWFCa2n6J5fgjfnGDsSpNWtLNS5nu7vwEqoUpump,10,10,False,0,163,729,584,10,7,4088122787,5,3,2608357730,729,6,2608456494,5,1787068050163949
R1evg4uF72mNz9U7bBQBFbjitNDixdwrDv65zWNpump,193,132,True,0,161,13158,7429,132,61,75251801247,7,14,9011804996,4361,21,12805318526,5,1787068050161949
7BzqmAjcy1EzcU2mhK6mto9qsBQSgmYRdgYSXz4Ypump,2,2,False,0,40981,,0,2,2,0,1,0,0,,1,0,5,1787068045981448
G6fYYYJhmiqGyuX8wBamJ9oUbt4koNpj3fHZSNVepump,11,7,True,0,38750,2791,1834,7,7,3824700075,1,0,1633733825,0,2,1633733825,5,1787068043750358
D4xtV34Ahrf14DKtN5MukWn7SsGfnW2vPC1QYQ77pump,2,1,False,0,38678,0,0,1,1,1975308641,1,0,1975308641,0,1,1975308641,5,1787068043678357
4Wgqw2Dp2VxnbuLcSrMjmKq4sM4j2ydiG5fbvRAupump,1,1,False,0,36076,0,0,1,0,7181908,0,1,-7181908,0,1,7181908,5,1787068041076931
zXSkGzZNBeupTuFwG1bvAjm4Zf6apAFqBSKRMbzpump,6,6,False,0,23802,996,3208,6,2,96273666,1,3,34333454,0,3,52155692,5,1787068026802436
Add3CGqzNBwby4UmTWE9owQmEN4Fq2NYo6EzBoQ2pump,53,25,True,0,18585,6558,206,25,23,12669420462,13,1,7632486256,4262,15,7632487698,5,1787068021585345
DkFR83m1Vu7DtpDwkS9u6jt8kqCnEz9T4exBSfDQpump,1,1,False,0,16114,0,0,1,0,167140026,0,1,-167140026,0,1,167140026,5,1787068019114164
FxEkEXPjD6fbRTY4C4jpdUnUqXfncnD4VPoDTQAbpump,1,1,False,0,13924,0,0,1,1,97777777,1,0,97777777,0,1,97777777,5,1787068016924180
37n4sXw6uBoYk6zY6sFFcm46JzQYYKgcFCDVeVTzpump,4,3,False,0,11374,89,0,3,3,3147160492,2,0,3049382715,30,2,3049382715,5,1787068014374584
82YgNJ5YxdbuCwTk5yea6unCep12qrRzQtPu5YTPpump,9,9,False,0,8822,5405,9104,9,2,941742037,2,1,377104342,140,3,697476399,5,1787068011822687
EtQLoxcLpNNmTbedEUqx3Gs1kpXhFCjCTs8fkKCiZAnD,6,5,False,0,8811,641,857,5,3,7618394172,2,2,5052258514,65,3,6039912834,5,1787068011811691
24qKPdpsFWdmfFWL3nQ76THGLtzXCAWQtuRuBKampump,8,7,False,0,4850,2496,3814,7,3,345172193,2,1,197500000,803,4,197500000,5,1787068006850764
GcHv5rto2kjxNCeem2f2AvMcN3sGtHhXdr1zxfAtpump,2,2,False,0,4817,331,0,2,2,977777778,2,0,977777778,331,2,977777778,5,1787068006817317
7uiXzRK6ydWNrWxjZEpzfab3Uya7TYMZZsDT7Gzrpump,2,2,False,0,2294,0,3226,2,0,54911364,0,1,-20556664,0,1,34354700,5,1787068004294865
4EVZChtck9a1jSEvSnNPJdMmDkJRvxQ5cmsQMGrDpump,32,32,False,0,2241,0,5669,32,5,22417276824,3,7,641245141,138,18,12494052235,5,1787068004241865
H9UoZx4beVp7JNXr5HnAJ2KMeFB8cTwobhhZ62Eopump,173,173,False,0,141,24896,1026,173,106,80002061516,13,9,11404185228,3272,29,30777761109,5,1787068002141868
B5qtdQTve5BzzGTAAfNcrJeobvur6u1SPjq2CXyApump,6,6,False,0,130,,0,6,1,0,1,1,0,,2,0,5,1787068002130865
4zATr5cpTCZMrojRrBGfmtBMdHsiR8YXEgRm9ZLJec3U,3,2,True,0,37485,0,200,2,0,641016870,0,2,-68180976,0,2,641016870,5,1787067994485060
AKEptPbEfFD1CgjipRx1sVYBD2svtRxsnrXb9JeQnzSe,1,1,False,0,31064,0,0,1,0,1435643562,0,1,-1435643562,0,1,1435643562,5,1787067987064415
3zEUbKgU5AQDkVuMQ64PohCGmnbwb2VR29yLUPVRpump,1,1,False,0,26456,0,0,1,0,95253662,0,1,-95253662,0,1,95253662,5,1787067982456757
FRk8i5ej7mouDQQ6gRaj3hVEKxnDWdd64vWiWmnapump,2,2,False,0,21108,653,0,2,1,1671967886,1,1,977777777,0,1,977777777,5,1787067977108559
4uaMcKKq68eHaCdZYt9bnZMgos1nocgN9AVTCWtxpump,1,1,False,0,20046,0,0,1,0,25024728,0,1,-25024728,0,1,25024728,5,1787067975046682
7QBzAA9gszFzWEdvt7ZqsJvkfDjaWTy5qN8bvuMmpump,1,1,False,0,17451,0,0,1,0,594330283,0,1,-594330283,0,1,594330283,5,1787067972451560
4uSmPfEerzMwMVuCEcEjxsUBtn6B8649LytUnKCXpump,1,1,False,0,14660,0,0,1,0,6428975,0,1,-6428975,0,1,6428975,5,1787067969660526
4gm1P72psZmEmfLNbnb6FsbT5UQSb6TN3e2GPqKrLLQk,5,5,False,0,12351,302,1202,5,2,8869900387,1,3,488888888,0,4,8381011499,5,1787067967351623
9VvK3M6rt9mWPuLztYcUhQ9HhC51xkqsTvbqYLsn8QxS,16,15,False,0,10941,3500,3968,15,9,16829681706,7,3,9504265899,3500,8,10977206664,5,1787067964941326
H2TKUdy1DFyus1c7jcDEzKm9Lx8iMHCr2pUhrBPrpump,1,1,False,0,10922,0,0,1,0,32324,0,1,-32324,0,1,32324,5,1787067964922327
AL2rgQ182EBubw2X7JK2EmzB7M2PnTyV68GtJvwNpump,3,1,True,0,10894,0,0,1,1,98271604,1,0,98271604,0,1,98271604,5,1787067964894331
FhXRb39tstiKnHMokPL8V42oAZaBUSMgXPDzw8QYpump,2,2,False,0,6859,0,658,2,1,1984201600,1,1,894310433,0,1,1089891167,5,1787067959859990
3Nv2cUv7nP5272jCL6Umnei2Q8UJgCWwKmKxJjUDpump,3,2,True,0,4254,0,858,2,0,2155284978,0,1,-96563791,0,1,2058721187,5,1787067957254278
DZ9zivk2sXf59RT38vRcNx5ojpfM9GU4zYWTQDHapump,1,1,False,0,4239,0,0,1,0,982716047,0,1,-982716047,0,1,982716047,5,1787067957239278
FXGZx1eZ572j3JEoTbavTmygxJZweUPv1fb4PBgzpump,1,1,False,0,4224,0,0,1,0,592592591,0,1,-592592591,0,1,592592591,5,1787067957224275
E5otfHu3ZhoRTrBrdw936aa3f52NW2vKadaWRS21pump,1,1,False,0,1517,0,0,1,0,592592591,0,1,-592592591,0,1,592592591,5,1787067954517749
Do8CJSB7c43yEMrrJtduT5kU7EFi3NMmDccVFxX3pump,7,7,False,0,1515,,0,7,1,0,1,1,0,,3,0,5,1787067954515745
5xGUPDnrHYQex67yXNJS4aXdaH4121a6Hd8AfxbBpump,1,1,False,0,1490,,0,1,1,0,1,0,0,,1,0,5,1787067954490744
9Ry394wcaVd63WBXCkrwGxA614BQfEZRnwDxPgbZpump,1,1,False,0,1477,0,0,1,0,122007856,0,1,-122007856,0,1,122007856,5,1787067954477743
2KMhxpWcmvH46csq91C8UYCPqotXQqhP5umJVXuxpump,113,40,True,0,606,203,3483,40,19,13407072872,3,3,2053333333,714,6,3886495327,5,1787067953606856
kKH1t67CpxuFyDnvShbPeQThEfD3adWVcYkPVNSpump,35,34,False,0,34676,13292,5,34,33,9849682587,10,0,7605023183,4727,12,7819851632,5,1787067944676064
Huy3CmnHDndz6aPgTNA5NNVWtFLiu84YFCGkKR2kpump,3,1,True,0,30781,0,0,1,1,246913579,1,0,246913579,0,1,246913579,5,1787067939781129
BRabcKxuTAAJwk7rrRmqdcedADPPWQ7ZMeoPvXCJpump,4,1,True,0,30753,0,0,1,1,936649,1,0,936649,0,1,936649,5,1787067939753133
BCJ9GtvjZMRBctQ33jMkYRD6PHoM4LUrknAa7tuBDgMS,3,2,True,0,29318,0,152,2,0,2603672082,0,2,-2092816268,0,2,2603672082,5,1787067937318702
98uWrRPAToKDpYwXGScorYD7smUQwEn8hmg9j22hpump,1,1,False,0,25117,0,0,1,0,94000510,0,1,-94000510,0,1,94000510,5,1787067932117851
4DQp4r91ENBXcVyMYZjaZM3FidiDjZPbMfc3bRN5pump,1,1,False,0,23256,0,0,1,0,50855912,0,1,-50855912,0,1,50855912,5,1787067929256967
CqfVzVkpVA3PR8GettoeKUdoG2qJYumtXvqUv3s1pump,2,2,False,0,20821,0,1,2,1,1706515,1,1,853258,0,2,1706515,5,1787067926821618
3BdkGUuBGBEeCSP9rTUhPs5KkXV8K6aRuPPH6dy8pump,93,89,True,0,16593,16219,9987,89,14,13439747746,5,6,2072386175,6976,10,4656398298,5,1787067921593174
Hoaoc78aNKte38hht3LhwkAC1BRXK3korcj6efREpump,1,1,False,0,16592,0,0,1,0,740624999,0,1,-740624999,0,1,740624999,5,1787067921592174
8q73s4ZF676W6jzdRBaEgcbLS8GnUZUMbUebZybopump,2,2,False,0,16551,151,0,2,1,849140571,1,1,246913579,0,1,602226992,5,1787067921551180
3GKsw7UQpc5AcgpfhydjkWAwNrP67hEeg5vRmfT4pump,1,1,False,0,16550,0,0,1,0,1032291557,0,1,-1032291557,0,1,1032291557,5,1787067921550180
7V3YFc6xszq2zrRUvBS3KrmfxyTFRbT9RT5465nKpump,1,1,False,0,14014,0,0,1,0,6193004,0,1,-6193004,0,1,6193004,5,1787067919014108
GBkDEFC7MaUogfk89rzCqRsUPw2GZqMg16hxXmckpump,1,1,False,0,4307,0,0,1,0,920083,0,1,-920083,0,1,920083,5,1787067908307475
BGu3PGvJWiJzAJm1gydRDXxWy6ZRjksDh6r1ANeibAef,2,2,False,0,4279,1356,0,2,1,2543763609,1,1,1406853673,1356,2,2543763609,5,1787067908279477
9x7rkEEGR9jQmU8ryvw6eAs4CjhGztd6aZ1oD3y8pump,8,8,False,0,4277,0,296,8,2,1721445624,1,2,9777777,19,3,958643552,5,1787067908277476
GSJKTRiwt1zyd2PEX8QNCFppGMniVgSsdCVWYgvspump,12,11,True,0,4272,1049,9191,11,2,203739345,1,1,30836690,924,3,57790122,5,1787067908272475
DyQdMnRbn6CxiG1gtyLYE8VS1Dc2jHyaAUawxFHRpump,22,22,False,0,5234,,0,22,2,0,4,2,0,,9,0,5,1787067908234480
Eh75Byni4TA5PNFgfwYipAgzMAzUAW5gJXKxaXbNpump,6,6,False,0,2626,51,283,6,1,555660815,1,2,97777777,0,2,439802637,5,1787067905626416
85P67BdHzxczZ5JpfXZvb73Xuu7SK7H4QRt7Tvoipump,24,24,False,0,2567,12598,9505,24,3,501180597,2,2,60472982,4785,5,243001809,5,1787067905567421
BWUsLEwgy3X9pCmEzsvcXp5r5H7GubEuU7YDSxXmpump,48,45,True,0,519,427032,9861,45,5,4113145577,2,2,589308653,3009,4,964715226,5,1787067903519604
5SNWNQzdLTQQi69pEkRnYLtpAAZevLZozdvhr3aUpump,2,1,False,0,38856,0,0,1,1,100015626,1,0,100015626,0,1,100015626,5,1787067897856150
CAjdhGg5v3MtUmZuQ56EbKhF9kg5jXMG2PU1u4pqpump,1,1,False,0,34720,0,0,1,0,128776125,0,1,-128776125,0,1,128776125,5,1787067892720251
GH2ytPeRwst7PuD2xYWeUGsLENSCqTeQ7J3J32Zpump,6,5,False,0,32033,644,0,5,5,1003171309,5,0,1003171309,644,5,1003171309,5,1787067890033249
DUr14QVCekfziRypDeZtSzZz7NhCXjeLsTnXMAoTpump,1,1,False,0,23083,0,0,1,0,4044550,0,1,-4044550,0,1,4044550,5,1787067880083494
2FSpXwxfEmrruzHAZsBfMDjNcStzbXSMT7Uz1L7qpump,2,2,False,0,14041,0,2646,2,1,11551599,1,1,1975308,0,1,9576291,5,1787067870041277
CF2yK2H192nmk4AGtw6CJWBBvkCRLYWZ3b7q8hBbpump,2,2,False,0,9064,0,350,2,0,4449376269,0,2,-3774520565,0,2,4449376269,5,1787067865064873
3VHWbS6ehWMQH5e2efFeqWroGkyJ7uQ39QX91aeEpump,39,38,True,0,9040,1864,7253,38,4,22598506712,2,17,469998146,74,29,21688847058,5,1787067865040869
DqoatisVhJPEurhEbCRbQC5hke8mE3vEec8gtoBdWdpM,2,2,False,0,9021,3,0,2,1,611544261,1,1,4808101,0,1,606736160,5,1787067865021873
8AVQEe8Z5VVQz7k9snRbmkrYgxpDi73sbL2wHF2Vpump,14,14,False,0,7455,,0,14,1,0,2,2,0,,4,0,5,1787067862455586
J93nJaKYSUSPHumjXdGg8VA6YXNDoHrTDUH8EwiPpump,91,91,False,0,7450,13036,8071,91,42,74856728324,10,8,12835401475,4762,29,51143873458,5,1787067862450580
G4UqR5d95ZV4uxwfqUCFu1TQ4Zqo8gRfooz8QsE5pump,20,20,False,0,4741,,0,20,3,0,2,1,0,,4,0,5,1787067859741658
EiV4nSR5CKeXoCFwbjn6UEQ7w8PD7E7oec38DsJ2pump,1,1,False,0,4738,0,0,1,1,15000001,1,0,15000001,0,1,15000001,5,1787067859738657
CgtV4B4gHQC1HzwNU4T6uUF9Yk9YrASk9oG5nHj5pump,5,5,False,0,4717,,0,5,1,0,1,0,0,,2,0,5,1787067859717657
9y6zPAwGP3YmM4XFepLiovS4EGtm5rnSKJ9aE5aGpump,8,8,False,0,4712,29,573,8,2,1077737693,1,6,49382715,0,7,1028354978,5,1787067859712662
6GWbaVdftMU8rMRCBgFKU8xuzucWLXq5qnZDa9sSpump,23,23,False,0,998,885,4176,23,5,17425999292,3,6,3435643580,1953,11,10154600336,5,1787067855998021
Dfts9RfrBE6iRhwGnmiKC4BbfNVfxUT883Hhq7Kjpump,4,4,False,0,618,475,629,4,2,3713424943,1,2,977777777,0,3,2735647166,5,1787067855618017
9utrWQZjf65VrRcDfYRavBzp86789ta8VyCRUNFSpump,1,1,False,0,41448,0,0,1,1,4743421,1,0,4743421,0,1,4743421,5,1787067850448425
8Nt6qhbV55du9qVKc6wSWzaH7GywoimniQxdbieUpump,1,1,False,0,33957,0,0,1,0,4546781,0,1,-4546781,0,1,4546781,5,1787067842957201
CTVs3R3nDiWX5BNNnWVJ39eZ4PqkCXq9kEv37encpump,2,2,False,0,29148,0,822,2,0,2897773007,0,2,-1583264731,0,2,2897773007,5,1787067838148451
9GGxBUcT2LYReVohxZJi6hsnd2qNkENiydozsvfDpump,4,4,False,0,16472,0,2087,4,1,6678114263,1,3,-2261726234,0,4,6678114263,5,1787067825472405
FsgtaXpAisBM4MFwjo2yz1j4G9grPuaMDt8NKbJqpump,3,2,False,0,13952,5,0,2,2,1291456788,2,0,1291456788,5,2,1291456788,5,1787067822952405
8z9dvZaED9DJ8vvosuu3UnzSeup5HK7DHBpXWcNq1Sq5,6,6,False,0,11497,0,4398,6,0,3998256198,0,3,-192996988,0,3,2517055138,5,1787067820497237
Ao8wvP82mgPf5nzaR2cL2SRrDYtUZaWYCHLG2BmXpump,3,2,False,0,10279,3,0,2,2,105015626,1,0,100015626,0,1,100015626,5,1787067818279238
4L3JjmSj8deiu3Jrd88LaWTNSujiJUffPXE9XZjLPwEN,2,2,False,0,10207,235,0,2,2,538271603,1,0,488888888,0,1,488888888,5,1787067818207237
8DgjbmA5nRvELZkVErmYbF7C363DbmkXcRU2GpArpump,1,1,False,0,7838,0,0,1,1,320184835,1,0,320184835,0,1,320184835,5,1787067815838258
GzG1iAUDYYJQTPj84gsCMSSQTK9geLmQC69gmCCAWng2,13,13,False,0,7787,3679,1062,13,10,9016274918,6,3,4497777777,2113,9,6648888887,5,1787067815787258
6W7HE5uyNSUVmzTtsGx4QE1Q2suCLxkJysqNct3bpump,1,1,False,0,5258,0,0,1,0,74142489,0,1,-74142489,0,1,74142489,5,1787067813258572
Fjt9MbZQHmfgXrA6SqD7W5QE2fDxTuC9UShTFN8Ypump,4,4,False,0,5224,,0,4,1,0,1,1,0,,2,0,5,1787067813224575
APYACdHbjQnj6MrV1ujXPEACEExat2btFknrzexFexDc,1,1,False,0,5196,0,0,1,0,1957800877,0,1,-1957800877,0,1,1957800877,5,1787067813196571
6z3yt4Z6maTYKY6uaKcyjXbwXPAVTdcLrfGreym7pump,3,3,False,0,2741,,0,3,1,0,1,1,0,,1,0,5,1787067810741142
DdUjpbtP9ynQnWmbHwf1vhqvFeKWxDiPLs2RaVxspump,14,14,False,0,2709,3155,9899,14,5,1707858813,6,2,670668763,2966,8,1108513965,5,1787067810709141
4Shwd88E81NEDzSnUBqfb3Ze1PhUWMk252Xj72V4pump,12,12,False,0,131,3209,0,12,12,6027164593,5,0,4526295252,2356,8,4748339325,5,1787067808131170
5vQZo5q5nbBc7ffDGdjCsBbh8VDsgj1XMiKsHhApump,1,1,False,0,53,0,0,1,1,19555555,1,0,19555555,0,1,19555555,5,1787067808053171
GiNiPsAHXGWYgiZTP2E6zQUCjE4CvoPeySgZjZV1pump,31,31,False,0,2,1194,6663,31,18,10506769205,4,3,2871502408,1092,10,4318177863,5,1787067808002171
CikNrvgGmbKLP1ZxrncDG9GjkUNJF6u4Humg5Riepump,1,1,False,0,36824,0,0,1,1,1530169041,1,0,1530169041,0,1,1530169041,5,1787067797824412
2X2sJp18RuuvfrGc2ELNiBLBPhbnNJ8tmHAV5Y1ipump,1,1,False,0,25652,0,0,1,0,71787518,0,1,-71787518,0,1,71787518,5,1787067785652911
EgmLdc9X9LFa4yXVnefkNUT5RwXrQWRkVbNWyZB1pump,1,1,False,0,23040,0,0,1,0,79034,0,1,-79034,0,1,79034,5,1787067783040277
dsB57n747YqYoWzpTRezmEUbRkWVDJ8BAJhDXMDpump,1,1,False,0,20896,0,0,1,1,10005546,1,0,10005546,0,1,10005546,5,1787067780896323
7S7oaJ1rKYuCYp1YWqGtz4Xj6PpZJZETmbubd3jXpump,8,2,True,0,20878,0,1696,2,1,1875584163,1,1,1144787767,0,1,1144787767,5,1787067780878319
5GRm53dJDf82eGMufnY9jq29ffETo1WwDHngiP3Npump,2,1,True,0,14604,0,0,1,0,555145792,0,1,-555145792,0,1,555145792,5,1787067773604449
J9yKWqAjwcAB5gQbLhXT6HKKACYjBBjann9JaabNpump,2,2,False,0,12071,581,0,2,2,1955555555,2,0,1955555555,581,2,1955555555,5,1787067771071651
5SmxuH7PucVXd3MMByaiDkusLCE9dAwWBfXfsBTVpump,13,7,True,0,12070,0,3579,7,0,2657778510,0,6,-519181,0,6,2657259329,5,1787067771070650
2kcGMZMBobwiCoKzDhVkcDNc29PyTDnz6um3jvmGpump,1,1,False,0,12045,0,0,1,1,126909002,1,0,126909002,0,1,126909002,5,1787067771045650
6bwiGLq1mZZDcUpKU1FcTgWG9gwte8ZwwStpeoZHpump,3,3,False,0,12019,69,8218,3,2,3773323462,1,1,12974001,69,2,3760349461,5,1787067771019651
6bgvB3MPQiA5E6m18xPorvPyXV5atLKK1X99nw1Fpump,4,4,False,0,12017,0,1914,4,0,5553992173,0,2,-818433044,0,3,4735559129,5,1787067771017654
Cyw3Aw9kRPPWP8wSX6oFeKAF8V1exx17B5mGddrpump,1,1,False,0,9747,0,0,1,0,97777776,0,1,-97777776,0,1,97777776,5,1787067768747941
E4Pr4VvyEQD3TxwY54XFmGwy15NDeqwxUNGbeeYkjWxR,1,1,False,0,9665,0,0,1,0,36382900,0,1,-36382900,0,1,36382900,5,1787067768665940
BJucG57AySFHa3X12cRJ6Spxny7wbhCwqaKR9aAovLit,1,1,False,0,6917,0,0,1,1,488888888,1,0,488888888,0,1,488888888,5,1787067765917990
41Pxett2qtePRmrGNFp3Mvdz2mCdR1uSSx4T8bTJpump,2,2,False,0,4356,600,0,2,1,2178049124,1,1,987654320,0,1,1190394804,5,1787067763356994
A9cGGvsCtwP1Z8AV3CR6bT6PvxvY3sMQRn3CBKUupump,25,25,False,0,1729,5281,4064,25,12,28457150249,4,5,9705157714,2890,9,12685143056,5,1787067760729497
7pB2ygzC2jLmtNhUrtpacjZadKsMc31uAqSBPSUJpump,10,10,False,0,0,0,2768,10,0,7347524461,0,3,-558,0,4,4722045744,5,1787067758735497
GbuL4t4UuBQiFbwQJVA9fh145jt2iU7YwhLhCXAfpump,5,1,True,0,36050,0,0,1,1,49382715,1,0,49382715,0,1,49382715,5,1787067751050171
Agei7pARZvgo8LPfdArTkD3oNYrVwix5tn4pQTK4pump,14,1,True,0,33583,0,0,1,1,88600911,1,0,88600911,0,1,88600911,5,1787067748583557
4rGwxqhKEYmxes5XU9huLSihFfDKGRbo4a7d5zgKpump,53,15,True,0,33562,17346,4868,15,5,10936152858,2,3,2000257742,887,3,3488898960,5,1787067748562558
76RHWtajnS5FBtwtQEnBi71f1W1v9nub4JpHQjaXvgB9,1,1,False,0,33517,0,0,1,0,2232047107,0,1,-2232047107,0,1,2232047107,5,1787067748517557
8toLVgmghJrhTc6vzQdPKMfArLuFrkwZ1Q3xhQBypump,2,2,False,0,31124,0,143,2,0,595515261,0,2,-297600452,0,2,595515261,5,1787067746124141
4d4y9LACvT8nKDxnz7itmovFBuVBF7vQxVkUMM17pump,4,4,False,0,28564,1055,0,4,4,1653333329,3,0,1555555552,571,3,1555555552,5,1787067743564142
4qURVyMjY496svYwCA2mDG3cqN8o6c3k58o6gZkspump,2,2,False,0,28562,0,131,2,1,2152864869,1,1,980683506,0,1,1172181363,5,1787067743562141
A4itGqnUoDX2P2AKNpM5eLaipwJvtLBkJRgTbkBrpump,6,5,False,0,26631,3431,0,5,5,11634918574,5,0,11634918574,3431,5,11634918574,5,1787067741631308
B5La77wcHinBjMo3cFJkvEgEWkM3SjxwFzvFZ2bapump,1,1,False,0,26586,0,0,1,0,395061726,0,1,-395061726,0,1,395061726,5,1787067741586305
6xefuyAvqgSAV5bgG28p9Ud3FhMTXqqD9Bn3onw5pump,15,1,True,0,24013,0,0,1,1,196543209,1,0,196543209,0,1,196543209,5,1787067739013430
9yf7vWM1UYiJtXFw1QQo8jgDxFcYG4TKd9HfWmh7pump,10,10,False,0,22536,35,891,10,8,4415503521,8,2,1550289206,908,10,4415503521,5,1787067736536858
Cgq1SovkYAdZkLw1nac9uN8ATMmjTR5zVL6e13MGpump,7,7,False,0,22519,109,2540,7,1,5236462314,1,4,118913791,109,7,5236462314,5,1787067736519859
JDZr1xg5Ek4bYnfF4NqpjK6tb28AEmARDT9ozwJzX6U7,1,1,False,0,14820,0,0,1,0,167766024,0,1,-167766024,0,1,167766024,5,1787067728820523
7aGdbu4MmedPASNYq2ySUeP7aaQHJaLUs8bSuNYWytS5,1,1,False,0,9673,0,0,1,0,1170992471,0,1,-1170992471,0,1,1170992471,5,1787067723673344
8m8dxnAQWew8FFCGZXzDpgmMLytMPrcED7qNA8NPpump,6,6,False,0,6721,0,4628,6,0,1887072192,0,2,-52168741,0,2,1063774233,5,1787067720721685
DMhj3AA1fenHBkgM1ZTEwUrB4KkjqBLVVPAASr3tpump,6,6,False,0,6709,1298,7416,6,2,1750387450,1,1,545089161,0,2,768738860,5,1787067720709683
ARQ6d1QAkadC7XCLvusJ9YXArTNRKYB8xhd9YDqbpump,21,21,False,0,6656,14776,1680,21,13,41544512994,9,4,10985440700,7027,15,19063942652,5,1787067720656688
BhBSS1D7Mvz5RpKui98aejqjT1Zwe7zKihiD3Cy9jvr6,1,1,False,0,3801,0,0,1,1,189175405,1,0,189175405,0,1,189175405,5,1787067717801858
CjYxPdUeDqkbRzD65YHyTuQVFPuUHEennS5X2Eftpump,5,4,True,0,1280,,0,4,1,0,1,1,0,,2,0,5,1787067715280203
GjQbbyQQmom8LRZbcMDw9msYA9NgBmMK3ugxj9Y6pump,1,1,False,0,41710,0,0,1,0,197530863,0,1,-197530863,0,1,197530863,5,1787067710710562
5gESZz7SUtzQZM7Sy4VYXEPxsfwaSa5ehAyAz44Fpump,1,1,False,0,41709,0,0,1,0,740624999,0,1,-740624999,0,1,740624999,5,1787067710709566
GBzQa36RWDHtQcMsnQcb1S6vWwJtJmB1tdtPeRyppump,1,1,False,0,36729,0,0,1,0,1797749834,0,1,-1797749834,0,1,1797749834,5,1787067705729266
71QaCoPdxETJY6wkLYteF9HH2y7nBo3vyMkDdPt2usts,2,1,False,0,33381,0,0,1,1,11851851851,1,0,11851851851,0,1,11851851851,5,1787067701381151
8kGvSuZuEuUv9R88fnpEqB1JqFSN7hxQZ6MF1FNPpump,2,2,False,0,33374,0,19,2,0,67202043,0,1,-28406624,0,2,67202043,5,1787067701374148
D7ZGxqDmRJhpCT34nAuGX5e7nEbjpuj5Crn7wMiCpump,13,13,False,0,28434,0,1486,13,1,3587646449,1,6,-71145637,91,12,2965583731,5,1787067696434756
r2GcRQMgyCGQfpp1hw6uHNEk8qABHitS9MSwSkbpump,6,5,False,0,23758,4758,0,5,5,12444444440,5,0,12444444440,4758,5,12444444440,5,1787067691758045
6B8cTehoFnmfkC4EQM9DAsbqUHM6AchqQ4Pz6hiVpump,3,3,False,0,21296,2062,8496,3,1,197689737,1,1,53513544,0,1,119121367,5,1787067689296923
CVV9ySvTvrnMfzH2KiKTkfwHrNCcBefXrqCGJT9Lpump,82,69,True,0,18645,30766,6453,69,32,46843978841,11,4,10487504642,4036,17,15910524712,5,1787067686645310
2gPyHUZzpcAuaqsYFxiFnJUq1zj38ph62X5ZuAwtpump,1,1,False,0,18641,0,0,1,0,924609151,0,1,-924609151,0,1,924609151,5,1787067686641310
5sSQgA9P1NtBuNYgbbKW745ZuojFczBQtLQAhSrWpump,23,23,False,0,9499,1396,4878,23,8,1103133332,3,12,229925934,14,12,370673065,5,1787067676499507
4JrJFVhPMrMWQpyjeKKVoZ2BrSZCCwr7CNvg9h7Spump,6,6,False,0,9491,,0,6,2,0,1,1,0,,3,0,5,1787067676491508
4Xg9qDuEP1vMEwqMr2yWo92Yn9a7xZu5BNQBbXVfpump,63,19,True,0,7038,24937,307,19,17,14270922919,7,1,4683845295,1309,11,5665126570,5,1787067674038971
FthMtG5G3GcEGzdXhqoHF4wtEFmuGhX2UXjxAEjLpump,6,6,False,0,4658,0,2556,6,2,9410915366,2,1,2933333332,856,3,5859261293,5,1787067671658139
9fKLURC9ff2Yycw854Us85nasp4WT6j7hUN2DCN2pump,17,17,False,0,2138,6,4220,17,3,154067729,3,4,31168728,4,6,55915166,5,1787067669138139
7nNBnzA3v3fQhczBbtXpJhTnMe7ic5qQzpGxZyU4pump,54,36,True,0,2125,28082,60,36,24,5135930296,5,2,582138255,146,6,708176499,5,1787067669125136
7sYJmusBDnRXTcTzHVmoHE1TWA7kQ364pjvsY7Y6k1bL,8,8,False,0,2115,0,1431,8,0,6314072866,0,4,-76872,0,4,3527397057,5,1787067669115134
HQZmUCrpzhnCjVQin6CTZvxEsXqVMstp2WpYL4KTpump,5,5,False,0,2101,105,206,5,3,575274011,2,1,175999999,87,4,288736895,5,1787067669101139
fHd5P1Yq5ZmtJ9uQ5ADdXkuT9oq6UW6vYmPibcypump,4,3,True,0,89,0,3397,3,1,4475272570,1,1,19753085,0,1,3714894486,5,1787067667089821
BwzaQ1ABdHzmsen9c5armc3n2kYcSYFCac3F1gx2pump,19,19,False,0,61,1183,3300,19,9,4971578111,5,6,1234567900,443,7,2081606442,5,1787067667061819
E8KEJ8AVGHfsUgENLmx2YZALPmsJE1oicmH46zg2GRTb,24,24,False,0,59,1889,2014,24,11,18686898132,5,3,7861728391,2715,12,12925209611,5,1787067667059815
B9X7e2TqUA2f4dWgtwj3fHiaqNEe3FaBig3PvUULpump,1,1,False,0,37221,0,0,1,0,1276251222,0,1,-1276251222,0,1,1276251222,5,1787067662221686
7CwWt1RhKZRx4jvwNsTNTbpSQeA8Q44tFzabxwAhpump,2,1,False,0,34635,0,0,1,1,2172839505,1,0,2172839505,0,1,2172839505,5,1787067659635423
DmFY3VXpqg1WD88p8Y5g1Qp8V48nENsFhEADYyYpe5RG,1,1,False,0,34627,0,0,1,0,55187176,0,1,-55187176,0,1,55187176,5,1787067659627426
3UmWfSZtfE8CcAM2BLXRmJMiepFtoBLAvJN3E8Wipump,6,5,False,0,34610,3940,4071,5,4,9029568113,4,1,8962962962,3940,4,8962962962,5,1787067659610427
CmqzoCbVQz8RcKAYXAZy1YZ6e5QPJrDbH4agr4RmTVxr,1,1,False,0,27088,0,0,1,0,262771859,0,1,-262771859,0,1,262771859,5,1787067652088940
4UBh45eUb3vP3EpiuALHsAugQtmmreJJMBXyBGNCpump,1,1,False,0,22467,0,0,1,1,2594189,1,0,2594189,0,1,2594189,5,1787067646467898
o8cP38GZGcW9rrk4THZEF7nKjA6YbCZagpcU7LApump,5,5,False,0,17597,938,919,5,4,6704819574,3,1,3498370367,1084,3,3498370367,5,1787067641597015
4msGCouoxxcsBM7PRXKv52TTkDPkV2Ff2xe1raQ7pump,76,40,True,0,15112,40822,2680,40,20,18366788439,4,3,1955555555,157,7,4080051242,5,1787067639112545
5BgoY2aJVCVQ7WtxiBvebkYjqJvxdP55uUZPhpPQpump,1,1,False,0,15049,0,0,1,0,51802032,0,1,-51802032,0,1,51802032,5,1787067639049543
FfvRkchaAj1Uod6991bEBVPTPeY72Hujsq9YSmqupump,6,5,True,0,12480,,0,5,1,0,1,1,0,,2,0,5,1787067636480547
uz6MPZVczDgvvqQtoxALk3QC9893m5SjPAcTv6Rpump,6,6,False,0,9931,1642,501,6,4,5256416072,4,1,3911111108,1625,4,3911111108,5,1787067633931266
52GEyASdkpFAPJjRzuLJeYM57nr4ivf4cvG6pMLCjPdr,6,6,False,0,7456,0,3144,6,3,3143480218,2,1,129517757,52,3,2461959125,5,1787067631456010
BEzxsHEdfs5joU9SWpNo8qL7p4UHb8ZtJBbs57Jppump,38,29,True,0,325,13709,1769,29,22,18377987342,7,3,7496296297,3116,12,10328911365,5,1787067624325030
FzV9aEQpdohzram1Ttd2MeQd2L9X1cH9by2LEUYppump,2,2,False,0,36530,,0,2,0,0,0,1,0,,1,0,5,1787067616530771
GQ1SNHteYB7sQwab4Bcz8SNzXSzJvj2tWmsE6H4mpump,5,2,True,0,29344,0,1,2,1,2034683,1,1,1017342,0,2,2034683,5,1787067609344256
ESCwYG8b7sJsRsUNi9u9aLbAS2gvGvDvmeD3G6WXpump,1,1,False,0,29312,0,0,1,0,740110806,0,1,-740110806,0,1,740110806,5,1787067609312255
AwZNrUSNtqryPDS34GakzmxotYhrPRdKr99jK56Lpump,2,2,False,0,30296,0,1910,2,0,740922429,0,1,-692881,0,1,740229548,5,1787067609296256
6wBC7wdj9momvYSNGUByQbqbLgfpry1AX42XR2Cmpump,1,1,False,0,25252,0,0,1,0,49381,0,1,-49381,0,1,49381,5,1787067604252566
Dbk2RaQbxq9Z9jvuTjwGvj8CHWffag9y9BBzCbLrpump,2,2,False,0,25225,45,0,2,2,473531764,1,0,375753987,0,2,473531764,5,1787067604225564
7Lh1xeoPEEFe9izWfKGbzmL8A2cunj1nza9FfcRcpump,1,1,False,0,19307,0,0,1,1,63067327,1,0,63067327,0,1,63067327,5,1787067597307346
2Jzrq2qEXJkkBTckPNuvF5EDbRYFF17dUxKuUqjppump,3,3,False,0,16799,466,0,3,3,1974237284,3,0,1974237284,466,3,1974237284,5,1787067594799511
99FvPEm2zoNfVM2XK77Dp8mxaCdEKwoPhR1LK7tdpump,1,1,False,0,14609,0,0,1,1,1185185184,1,0,1185185184,0,1,1185185184,5,1787067592609978
4TPzh7JnybSbqS5Tcv71EFAvzS79zuEjbCZyA6Rbpump,19,19,False,0,5159,0,3410,19,1,10510227142,1,7,-570105073,0,7,5520722347,5,1787067582159605
7LvaootnkeBBj15Er5u4ARSmupXDgGGupeZBJwoEqdbD,4,3,True,0,619,0,805,3,0,2062068917,0,2,-566826280,0,3,2062068917,5,1787067577619106
HUxMtwnKnLHR1Sknw3JbSV89PxFWSsY6w3HqMvo8pump,122,118,True,0,536,10065,2191,118,53,14949163681,4,26,1957677348,628,51,5741034928,5,1787067577536111
9Pss4uSU4HsE9unHjkGer8zLqmnmfoa3n48DaiEPpump,11,11,False,0,534,577,325,11,7,1790013915,4,2,987654317,387,8,1145700477,5,1787067577534108
9pCSNt3B7prJC4WnJjso4c5Z6XwwgxmJUZSiUNfrERfq,6,6,False,0,529,755,147,6,1,1616279264,1,2,1234567900,0,2,1234567900,5,1787067577529107
7AB6VuvEb1fD6D78kLRpnXmb8GV4uVYmJi6W756tpump,121,44,True,0,504,5369,3646,44,23,26629202792,7,4,6097092695,3805,15,7463317459,5,1787067577504107
FwhqFNUAZLbxJw2WReYjDW1EizbkoDD1ht8SqdCnJ33Z,1,1,False,0,34419,0,0,1,0,11505388,0,1,-11505388,0,1,11505388,5,1787067572419686
Fmu6jxFZPnTvuaHbDsgpC9QnsFtHrHyCuyyHKwfcpump,3,3,False,0,34394,47,431,3,1,2143222402,1,2,-661972402,47,3,2143222402,5,1787067572394635
DCDGWYao5XtfujmbkXcehLAKqbfwpesCTnonwqJHpump,2,1,True,0,28040,0,0,1,1,238615390,1,0,238615390,0,1,238615390,5,1787067565040584
3FKWaozoxMm2jchGM6wSYBa23xV1PY8AzHEsCmY5pump,9,9,False,0,25559,0,592,9,0,1152576410,0,9,-100878085,0,9,1152576410,5,1787067562559981
Aq6J9MnSQu6uoRMuS8ZCBn8uzJYVpzErsgs7B9Bfpump,2,1,False,0,18773,0,0,1,1,5000780,1,0,5000780,0,1,5000780,5,1787067554773061
mZopQ7HZq6thPxMPSYkQcg5wq2WBBoP7MWSFLVcpump,6,5,False,0,16083,7440,0,5,5,14900000000,5,0,14900000000,7440,5,14900000000,5,1787067552083513
2xHL1VG1dGv2QrcZTjJE9mL1N2iUNbUKcUgY74eZ5moQ,1,1,False,0,13809,0,0,1,0,77037042,0,1,-77037042,0,1,77037042,5,1787067549809053
81q4dUfVpmbWUwA8HNpw1wfqLYYLdWRjqGuPGXNZpump,2,2,False,0,13776,0,46,2,0,1053699267,0,1,-77422083,0,2,1053699267,5,1787067549776053
3KvXkvvfk4UzkWsGdbEXTw1p9xqWeA2nVsxXcCgnpump,28,16,True,0,13718,3390,1061,16,11,7081261422,4,4,644275012,435,8,4786492449,5,1787067549718053
fn2t1DdVXhNtBZ9nwK87UTDwVAb6ERZ3KxTLBjDpump,7,7,False,0,11285,0,5403,7,3,5760208318,2,1,4139734831,85,3,4139734831,5,1787067547285025
rPuCTyn8NwEPr9Q919AV4jrP1Wk2H2Xf9Z41RTrpump,1,1,False,0,8868,0,0,1,1,126129784,1,0,126129784,0,1,126129784,5,1787067544868068
3cdXzPaGPotGhcdgfmXRwmu5BedGjCv3TsCafCMNpump,1,1,False,0,8853,0,0,1,1,173246443,1,0,173246443,0,1,173246443,5,1787067544853257
5yuieKvo8oVP8dwZLLy78D47wDNKLNyAcf7UYpg3pump,4,4,False,0,2257,26,53,4,2,193578456,2,1,96789229,26,2,96789229,5,1787067537257529
BuQsCw5eNFJ2vVJ4GoG5Pa2y52avZbYHEduarBSvpump,3,3,False,0,2239,0,902,3,1,127962740,1,1,987653,0,2,125916904,5,1787067537239529
APbodr7wfdFfQvekNpyxyVrWBBkuPQpjDigXUwFzpump,5,5,False,0,35686,0,1241,5,2,5203782854,2,3,-1861527015,0,5,5203782854,5,1787067528686710
HjEApW494j7ekfSmG6GvsJMuupuJUG77KzP8vmTQg3wX,4,3,False,0,31634,1639,0,3,3,5135802466,3,0,5135802466,1639,3,5135802466,5,1787067523634573
BnCn7DeNaGvRH8cbUHUeeq5BQdw41uXhK4dDATmypump,4,4,False,0,23761,0,754,4,0,2530327465,0,2,-632454742,0,4,2530327465,5,1787067515761288
5oWgTWpjmhCNrkUQ6LC7hQMAEA2r1uUi5DCopAehpump,2,1,True,0,18958,0,0,1,0,18359499,0,1,-18359499,0,1,18359499,5,1787067510958525
3qik1b57uXP8udgTaL22Bm3BozMnsQXuuymcUk7Kpump,106,56,True,0,18914,20877,6473,56,31,34419010236,6,6,5690864196,1637,12,7104235736,5,1787067510914520
4ux7tX3e9QHqRhsxDX71NeW2LNPaoyWHokmRcijopump,2,2,False,0,16414,0,98,2,0,507494019,0,2,-304008483,0,2,507494019,5,1787067508414525
AjJNhp2GTCF8W3KzqrYYNKkBHWnMMGXXZwKwPSzpump,1,1,False,0,11465,0,0,1,1,132496496,1,0,132496496,0,1,132496496,5,1787067503465248
BjwT5xmJZxhVBAZWJMEU9FMKjEBhurDnFvfyL266umY,2,1,False,0,6487,0,0,1,1,10000000001,1,0,10000000001,0,1,10000000001,5,1787067498487623
3NFWTfCv9rrhyzpr1azFZyiNLTipQS2DAM9CayWnpump,8,8,False,0,7444,1065,972,8,5,7383528300,5,1,3389162179,2256,7,6847699332,5,1787067498444623
9PM3iczyK5oZ8W6SkWCSqvXZUAwpKFXJ8rfNeFsWpump,2,2,False,0,4953,0,89,2,0,3367969754,0,1,-66567371,0,1,3301402383,5,1787067495953250
Dod9AqMyrXpVoqToy15ZQ6hVQmWQ8JbLKLbHX2FZpump,2,2,False,0,2415,99,0,2,2,586184259,1,0,431320062,0,1,431320062,5,1787067493415250
FtEo2Mq6QMEbmwSzMwDGSKU7KswMtRPWzDtBF9veNmg8,2,2,False,0,629,5,0,2,2,303111110,1,0,293333333,0,2,303111110,5,1787067491629478
HmqRd111tGEDxfPbe9FVzCR8tGq1XjYKs1omG9F5pump,8,8,False,0,590,,0,8,2,0,2,1,0,,3,0,5,1787067491590477
B4UrMjg6xT27DH65f2p9YZzGMaaJaqvr1uLeLa4apump,21,21,False,0,440,1597,8225,21,12,12713324381,5,4,5419746179,1035,6,6498001775,5,1787067491440475
39BJyCMMdYfwr16Af4ZFSvKWLX42nYvM6Pygckfepump,22,16,True,0,410,5293,4198,16,6,14987961421,5,3,8839506172,4411,6,8957247277,5,1787067491410476
3TBYwMiixnUyK6Syu4BL54C38FX3cdWoJUBwqcjtpump,2,2,False,0,402,0,711,2,0,1068853118,0,1,-79153042,0,1,989700076,5,1787067491402477
7dixrwoNuWSXRpCCwAwAwiRpFTocDQk3aDEYWL9epump,33,33,False,0,401,779,7538,33,7,24933166392,2,13,3414518517,779,17,11065810718,5,1787067491401478
xXsELM4GLu7X4Mmvw2SR4rtieZ3yafncbMuq5KFpump,1,1,False,0,39646,0,0,1,1,126913579,1,0,126913579,0,1,126913579,5,1787067486646778
9ksV5XdWJ6QhexGo7q8B8rPqE4FfCYJ9oiUWh1sHpump,1,1,False,0,35073,0,0,1,1,82127734,1,0,82127734,0,1,82127734,5,1787067482073355
U6KfpGk7wJouDwCdCbro5AwfP9T21BPLu7AjYK7pump,3,3,False,0,32661,0,1470,3,0,3750973363,0,3,-1268951415,0,3,3750973363,5,1787067479661208
5gEWPDvExPWtghyn8dS2PSwh67ghTSE5Y5ccSZZYpump,128,45,True,0,21172,46066,172,45,43,27847245740,17,1,13053175509,9193,19,13056876015,5,1787067467172201
3kEks6uwadwDRcqXAXGPJ3mw5LDvk9ZpxhWhu4hrWipe,7,7,False,0,21118,0,1507,7,6,1726828809,5,1,1283950617,102,5,1283950617,5,1787067467118200
ETRAxfGxcGBBJR7MPVY5zjDKpS9JMRn8pDpRnNbBpump,18,18,False,0,9342,882,3804,18,4,24619744671,2,8,7871604937,882,13,12503851979,5,1787067454342311
7mYAhgYi7EReRQkKnMSXa91VrsrPWMtdpLwXw6r3pump,7,7,False,0,4251,483,132,7,5,1411213691,2,1,531310692,185,3,615874141,5,1787067449251597
AXbLANzLRti8ZutcrTdx9vmkf7YXcR4YMoC647hdpump,7,7,False,0,1811,107,69,7,3,636537684,1,4,231210227,0,5,231210227,5,1787067446811468
9RXTD6BZY5B8HmjAb1nuYNVR6PLynX4BFeM8SCKApump,1,1,False,0,1765,0,0,1,0,480032,0,1,-480032,0,1,480032,5,1787067446765467
HJmenWneNHJps98VnRjZxeFnvZj1265x5bLYhyoZ1vAc,6,5,False,0,0,1665,863,5,4,6686570886,3,1,5135802466,1639,3,5135802466,5,1787067444982471
32jvHqpDyLuvvjNktrDAu4KEytM5SwriYQrn1Wgxpump,16,16,False,0,0,0,1455,16,0,3245155672,0,4,-64629697,0,8,2488312785,5,1787067444753467
H8T4y2arTEP7caSiDrBDBS21QuXqVpvvEXa8jq71pump,1,1,False,0,0,0,0,1,0,197625094,0,1,-197625094,0,1,197625094,5,1787067444744472
75f9bRL7zHvNPCgmF3rpamVLxLhq65hdqJsQjuvhAcvV,7,7,False,0,38931,4178,3815,7,3,2441960638,1,1,1285026857,0,2,1285026857,5,1787067437931129
9YGHuJEXm1XwTpBY2wPjfZ6rrJnKWzjF9TkTUW6Vpump,1,1,False,0,39863,0,0,1,1,138680650,1,0,138680650,0,1,138680650,5,1787067437863411
Cm5bWbdGBpfZe1XiVuRGu6xWjH9RVpn5DnJrNuChpump,4,1,True,0,37357,0,0,1,0,19753084,0,1,-19753084,0,1,19753084,5,1787067435357744
Xwvk1rEgkkUUynkYemnF4dgEo7T3AEWarK2bbLQpump,1,1,False,0,37355,0,0,1,0,89719269,0,1,-89719269,0,1,89719269,5,1787067435355747
CUNXetgpQEFAGjcJt92CWKqD7dawro4tofixAzSGpump,23,22,True,0,29884,37318,8242,22,10,17713677067,5,3,6579509647,2822,9,6579509647,5,1787067427884409
3P7tpokHkNLMWYx6pDRuHx34gCf5vMsm7ZXZurH3pump,17,10,True,0,20771,8451,14,10,2,177910226,1,1,49382715,0,2,55267060,5,1787067418771334
5tCbb94AoFWpyv7CWGXi5uosWZcWzHkGZVNYXDd2pump,1,1,False,0,20701,0,0,1,1,990589400,1,0,990589400,0,1,990589400,5,1787067418701338
GQboHuWGCWyc8AfzXTygDAsc46zBa76S9PvPnGQppump,7,7,False,0,11521,0,1300,7,5,6993500010,3,1,3226666666,127,4,3715555654,5,1787067408521159
AwgKTAZyha9nZMrutB6RBNNS9VABGyETb6pubeW3oqzk,2,2,False,0,11472,0,667,2,0,2529505532,0,2,-1360832483,0,2,2529505532,5,1787067408472160
DHjN3WHvp53BWLwBb2u8BBEM2stgYATjZun4zKUqpump,1,1,False,0,11420,0,0,1,0,21617496,0,1,-21617496,0,1,21617496,5,1787067408420159
FQRLGs7o49AaRtpg7hjUv9TWaDc7bxnWve6NgeSVpump,7,7,False,0,9030,,0,7,2,0,1,1,0,,2,0,5,1787067406030612
ENeKa7sUx16jrygnKao43Ke3CzdvpiZcoLZDM19Di4eq,2,2,False,0,8989,0,64,2,1,588590596,1,1,488888888,0,1,488888888,5,1787067405989096
HNxui9amdoxYwoF9TUNgimza1Yaa1FoHjZGoiyBwpump,2,2,False,0,5020,2481,0,2,2,626618985,1,0,493827159,0,1,493827159,5,1787067401020076
NpMgggqz9PrvLhYJR7sRkc1mMWrK5KnzaMZh8kUpump,50,50,False,0,5019,11039,7383,50,33,33564802014,10,4,8625782693,4302,17,16583104056,5,1787067401019075
CmSntwyVh9roxNKuwpkUUjxWngMYwPRzc5Li9oq6pump,3,3,False,0,2410,1804,0,3,3,3451851850,2,0,2962962962,855,3,3451851850,5,1787067398410196
Grawwa5aFYAZ61zD8JojvdCnpQRr7JRwbEDPQNXxpump,29,29,False,0,2383,533,4337,29,23,2217214847,5,2,434293746,215,9,830329543,5,1787067398383199
24qHNPpJmLox4sktTFgzQhwRFGqWqSvJfxJSvP5Upump,2,2,False,0,2377,477,0,2,1,5642048,1,1,1745988,0,1,3896060,5,1787067398377196
8ReQW4fgjjU8eZhb8yWhmfQF2mytxPxgUNC3Ja1Gpump,11,7,True,0,39348,495,3114,7,4,3731389952,2,1,122561478,9,3,2059134368,5,1787067391348823
5uZ4zLkVW5cP81KjWBE8eGAg67L3GoEj3dXzSnwepump,1,1,False,0,30539,0,0,1,1,98764,1,0,98764,0,1,98764,5,1787067381539426
5pGctmFtTSzmPU8tSDB74zCJtPHbEWy2x4aqW4b4pump,1,1,False,0,22129,0,0,1,1,58758618,1,0,58758618,0,1,58758618,5,1787067372129232
6q4aYKL8HTqdcVzUtupcBiTSBYFPa6wzRaH57VU3pump,2,2,False,0,19741,0,545,2,0,2270175114,0,2,-1301975039,0,2,2270175114,5,1787067369741714
BtRAgpShx9tSXDDT5opkoDQ6T4tTf1rnJW7dSCCNpump,4,4,False,0,12552,0,6652,4,1,224477288,1,1,11534137,0,2,157612508,5,1787067362552483
DLB5PcsEXrnWsmXH86D62QnmLrvUdzbHSzRzhf1cpump,2,2,False,0,2969,0,1430,2,0,3061164875,0,1,-23688492,0,2,3061164875,5,1787067351969658
Bkd5fhUHJpu6kXAacWVibfH6FRYPJmuPiFmy8umupump,5,5,False,0,2964,4315,0,5,2,258529837,1,1,93827159,0,2,140946431,5,1787067351964654
B5b9RdYxMK4sX7m58CVvYQt5VQsvevU36fE7CCz3pump,4,3,False,0,830,0,132,3,2,497777776,1,1,200000000,0,1,200000000,5,1787067349830368
8HY4raCAFbScjr1JpAiuCUeJVQPbwwCvvH1o1fuipump,17,17,False,0,777,0,5390,17,4,19013153406,3,4,1362854936,632,8,8195796595,5,1787067349777367
8wTX864ew6EUmzU6RNxxWgQ3UyJA5w8gd1GgQDC3pump,107,107,False,0,755,6458,3028,107,65,63718518057,14,9,13989038581,3661,37,20851658625,5,1787067349755369
82WdU57Xa3FaWFX6wKq86VYTLxbi2V8onKVkNJqepump,1,1,False,0,39081,0,0,1,1,59522053,1,0,59522053,0,1,59522053,5,1787067345081419
6bh47LV9yxutwdNpsUxvJXgMLxWDCFeua5T8q4Wypump,1,1,False,0,39070,0,0,1,1,9876542,1,0,9876542,0,1,9876542,5,1787067345070418
2C7fvHayPvAcWsSXbqU1R71epx2zLDwQAZoGVC3R9Mar,2,2,False,0,36585,0,307,2,0,1529518583,0,2,-1052226682,0,2,1529518583,5,1787067342585068
BkJk5KcyFDe7GgjAVZRGqPUudBAumn8CGhRdbjVBpump,1,1,False,0,34510,0,0,1,0,3065107719,0,1,-3065107719,0,1,3065107719,5,1787067340510520
93HsZnsa9cuWWpUhfc8AJMctJTL4Ytpf56boVAwP7BoQ,22,19,True,0,19536,12104,398,19,15,24321790674,8,1,12162887308,4996,12,13957257790,5,1787067324536684
HuUbSwPKdp1cmtWjBW92tS8Rv4qiXF614LRowZ1Zpump,5,5,False,0,16876,1470,0,5,5,2432200176,3,0,2332824243,792,3,2332824243,5,1787067321876710
7T88XSXmr7dNkphu1SgjUQAVjcsxceJ46ARRVrGcpump,2,2,False,0,16873,0,87,2,0,207200245,0,2,-71515453,0,2,207200245,5,1787067321873711
9Ubo1GEsw7jR8vxQq1zc6MYk3s6WuHPa933ZzSggpump,27,27,False,0,12715,0,9984,27,5,337992610,1,2,28643395,1638,4,50783823,5,1787067316715033
2hBFV1CuU2uQ5BA8iJh2HWT7kNQMHW7bNPU1tLJipump,139,139,False,0,9109,4,4950,139,3,13025382899,2,124,228846171,182,137,13009358240,5,1787067312109985
7HZYVv5aAp6LKdA48rfdu3UWNJBQ7vjwMgHHojbspump,1,1,False,0,9077,0,0,1,1,172358500,1,0,172358500,0,1,172358500,5,1787067312077738
aw47Q7uuzZErT42v4u987GGKa2XLZWdniQMBoPUpump,2,2,False,0,6413,0,46,2,0,1969538991,0,1,-82550471,0,2,1969538991,5,1787067309413209
2gWYMkU6UtW8fNCCWeSs585xL4dcfuhgUFj2EiLSpump,4,4,False,0,5207,3377,1249,4,1,29754858,1,1,15386045,0,2,22998365,5,1787067307207376
6vmcnkcF12CrFgnztEE18Hr5p8Sb4zL2S13mDM4mpump,1,1,False,0,5182,0,0,1,0,1098584,0,1,-1098584,0,1,1098584,5,1787067307182372
4DV96r1Knn4snRBSudzXqt16qyNWbKsWd5zHqBdzpump,11,9,True,0,2476,,0,9,2,0,1,1,0,,2,0,5,1787067304476455
2BRi28Sem2iDQexhAisj7AFvE49xNV4VXLAZPdw8pump,16,7,True,0,281,1003,244,7,6,4318687769,4,1,3238596027,678,6,3831188617,5,1787067302281947
9c1bfNonZwmPomLhqYDAopeUkSiS2JhQQFikGpccoj4,10,10,False,0,280,0,1698,10,2,5826062758,2,6,-163235098,0,8,5070235069,5,1787067302280948
2tSPc3aarJAu3NuXoWESTYC6jZq3SwnxB3MP5sJwpump,3,3,False,0,262,0,65,3,0,538704048,0,2,-87386411,0,2,424538313,5,1787067302262943
24qGhPYDfZGWUvfVe29DTKzPczBXqXN8qAzgQrD2pump,12,12,False,0,249,28182,6635,12,3,6484679274,2,1,4878254418,3850,4,5797316545,5,1787067302249944
8UcDEmzqT5ZC6Fjch21EXE1gnAuTGGPJrYJBugqpump,8,8,False,0,103,581,9217,8,3,4553791003,2,1,3281997718,1834,3,3281997718,5,1787067302103948
8uDqU8BcdGcSnNaQAbFE262RCvXiNghHgrShRPjypump,1,1,False,0,37613,0,0,1,0,969119148,0,1,-969119148,0,1,969119148,5,1787067294613746
AzMrfHapYFAQpbwZjZpfpkQFyUnSYfKJnwGk5eBwpump,2,1,False,0,32858,0,0,1,1,550085950,1,0,550085950,0,1,550085950,5,1787067289858659
BbzX7rFxXNKgPvbKXpmuMwdtKyJDo1Av4J9GcCpNzTSh,1,1,False,0,27810,0,0,1,0,91834931,0,1,-91834931,0,1,91834931,5,1787067284810036
2SfHDNT6ReUjyZdXUkL4MNMkrsR38d3f7dRnYmfxpump,3,3,False,0,14534,0,2627,3,1,6027333271,1,1,790123456,0,3,6027333271,5,1787067270534792
4d2ssJ1nKqGDdFt3FSPp2bNGK22YqqtjqP4qAG7Vpump,22,21,False,0,12039,4863,3347,21,15,17478100398,8,2,8098765426,3584,15,12706595042,5,1787067268039125
4UBtJfagWvAHMRY2iXwBZPu9YocGsHET1dHg8Abupump,1,1,False,0,9564,0,0,1,0,356360057,0,1,-356360057,0,1,356360057,5,1787067265564279
FR92hfRWJ3RYqHMX8KKzWdn5vDjZCzaHrLxCxN6pump,1,1,False,0,9533,0,0,1,1,164961314,1,0,164961314,0,1,164961314,5,1787067265533777
Q3MrnbeUYRHXrEYLafCC1HpEZLAXWcZpGFw8CAUpump,5,5,False,0,8025,0,1720,5,2,4173814322,1,2,1942715,0,3,4115424897,5,1787067263025776
2BQRTS9oQ3JaVVWuL8v2pV81iBxHU9DzLgMhHHufpump,20,20,False,0,5421,3168,5530,20,11,27235606736,6,5,6543678360,3827,11,16187870526,5,1787067260421839
24rW98Uz2Zr2hZmZp7GtTf3GtP7dffdp3uHUB64ipump,1,1,False,0,5417,0,0,1,1,29372838,1,0,29372838,0,1,29372838,5,1787067260417840
2qCH7WcwQPDyZG6UuoWTvH9TpJF2kAbFVWTBw8UApump,10,10,False,0,5379,0,828,10,3,1848910700,1,7,183521847,0,8,1653910561,5,1787067260379837
649bNgey6AhHLFKfwFhzULGXb8j8H2eMKSyjD1dPpump,47,47,False,0,5365,65,6644,47,17,15701388098,4,13,1872681245,481,17,6620567289,5,1787067260365838
F9gTN1fvAWtCJ4VamJ9iBDxMQREd5dQnNHEMfhkhpump,1,1,False,0,959,0,0,1,0,226921555,0,1,-226921555,0,1,226921555,5,1787067255959194
FiS7zabVW9RG873aMEYtbo942GH3gvnD2jTpdam4pump,7,2,True,0,33272,166,0,2,1,414360077,1,1,367978012,0,1,367978012,5,1787067243272719
H7d3QZfLp5S5Hnh2tqahCfFHsbtQkA5j8o1CXiCepump,32,31,False,0,31422,0,9984,31,4,3277946745,3,2,323149821,1100,6,1509994639,5,1787067241422130
EYAjw12tJRDxfNhqJwzja1HozYyWkhAGK2h2dkymAWqN,1,1,False,0,28822,0,0,1,0,6723033,0,1,-6723033,0,1,6723033,5,1787067238822474
6dQHm1D4S8FEeNMVtNBPqQyyyTksMVh2j8tJg3d7pump,10,9,False,0,27281,3257,0,9,9,5679012336,8,0,5580246905,3184,9,5679012336,5,1787067236281476
Ee5Dmi3AkoYu8NxsCMXm1qUGHnqirmPPNsW6y5cUpump,38,37,True,0,11813,6340,173,37,13,9708560080,15,2,7519379810,5097,25,7923529835,5,1787067219813999
BtscEaXC87G6pHwH3QxBqcMGtGDdkXVsqt1bZZfLpump,3,3,False,0,9404,1650,29,3,1,119370425,1,1,28000289,0,1,72671333,5,1787067217404606
34JfuX29R59aZFMsB1URSvpUQQzTZAvXPAFrn287pump,4,4,False,0,9254,136,0,4,4,339326792,2,0,184233529,59,2,184233529,5,1787067217254610
4n43YzVNP63FE1eBiCEmodFfgVV7eX6Jxttnh5y1pump,1,1,False,0,6751,0,0,1,1,129573079,1,0,129573079,0,1,129573079,5,1787067214751218
EPv8hF1Xv7gmYFHoYdFbqQm5rFqpEHC9emNTBp4spump,66,66,False,0,2811,14962,7700,66,41,6243754761,4,12,537863401,159,12,880175287,5,1787067209811527
53DwCjCUj2tppgNcdEPFjpkHEzjRKVGZBvbpG4HBpump,2,2,False,0,944,0,168,2,0,853769551,0,1,-261176960,0,1,592592591,5,1787067207944256
7dVfPAwXPznaPG4xTViiSGGL71ZsVRwzwx2Gk1sBpump,79,77,True,0,913,12307,7173,77,49,54088963145,11,3,4843240834,5061,21,27932765287,5,1787067207913256
EN7FkrWk4fnWEWkmcM273vb3juRrm19j5ZiKrQDfpump,6,5,False,0,34214,5585,0,5,5,12445901233,5,0,12445901233,5585,5,12445901233,5,1787067196214525
D1EPncVwZWvmUGr3JUggpvtaGGcL5vkwcY86hq8bpump,3,3,False,0,31558,0,259,3,0,1499907224,0,2,-532368083,0,3,1499907224,5,1787067193558686
4rFrJPdAWvBsuQ1dD3BMR4BcWn9PLWv8H1RmqZWopump,2,1,True,0,31555,0,0,1,0,1494178906,0,1,-1494178906,0,1,1494178906,5,1787067193555682
HqqhRNTVaxc2QLf4YFpbcd5L3X1PudVQRn6za4Brpump,1,1,False,0,28946,0,0,1,0,121624,0,1,-121624,0,1,121624,5,1787067190946286
F6iFoS3kzU2YsWEbY65fNUje9q6XZzQDccodFiGhpump,1,1,False,0,26321,,0,1,0,0,0,1,0,,1,0,5,1787067188321206
DT1r39PrAzDJbRAQs25K62RY2f3AFmaiBetAE3GRpump,2,2,False,0,21498,0,267,2,0,437471857,0,1,-8489103,0,2,437471857,5,1787067183498393
G1wxajaqbFyoMJRCYYNodSEpPS9JC4AagTRCHMXbpump,7,7,False,0,17695,1314,1054,7,4,3289145292,3,2,2212345677,559,4,2212455986,5,1787067178695023
GkXVsgHnTrswtYSNRNub7rC1NnnBosfHBuJ7FMjFpump,42,10,True,0,15088,5951,0,10,10,2701554388,3,0,987654320,454,5,987654320,5,1787067176088132
DFXKTkX56krsTsuvTHraznCzje3eYwkgeC6dMhH4pump,6,5,False,0,15084,13,1973,5,4,166050482,1,1,60009374,0,2,80090318,5,1787067176084132
6KPEcaYSxTTdSS3tXGUfJVcTb4ejLgMXwyVFJNdxpump,3,3,False,0,15071,1305,0,3,3,2962962960,3,0,2962962960,1305,3,2962962960,5,1787067176071131
3ZwZARAm1vo5X6rjeKSfBppf1vVffB2QEPihFBe9pump,33,31,True,0,8077,6557,9558,31,10,1145036412,5,3,196153220,4103,12,331830822,5,1787067169077452
4hEry1diNttMascjvENmGtYfeM7a5SNipxNzzZSfpump,15,14,False,0,8047,2289,1182,14,11,9138333248,8,3,6582469133,2289,8,6582469133,5,1787067169047946
EFXggRGzgymzaQvR4XJshDFbttiKKshSTCmjKNLXpump,1,1,False,0,6562,0,0,1,1,107379222,1,0,107379222,0,1,107379222,5,1787067166562944
CnfkSP4rErzLvsW69nnW5xrRTMz32bUokNwLbWbTpump,43,43,False,0,4114,115,4119,43,3,10240881543,1,40,192824803,0,40,9808619581,5,1787067164114959
GuEs6KnSMjyDeVhZpjHwdb43CS3Hhi4cbJ6wexRuGxtp,1,1,False,0,32620,0,0,1,0,116820654,0,1,-116820654,0,1,116820654,5,1787067149620426
7JcJuvJbYSZGUgRUazRcN46MgYQD4mTPHbor4C35pump,13,4,True,0,32614,503,0,4,4,2617283947,2,0,1975308640,305,4,2617283947,5,1787067149614426
D1uHtZ6C1NjAsvoq2YXJjZFUzs7jZmqrNB8N8kR3xaZB,2,1,True,0,12041,0,0,1,1,98765431,1,0,98765431,0,1,98765431,5,1787067128041093
E5YZa1ad2YNj4QwdeGCvB6rqBRrK3KaoCdK8DbR2pump,3,3,False,0,11982,0,1126,3,0,3410151621,0,3,-1423986001,0,3,3410151621,5,1787067127982092
7JTebRp9CUq4eX9YEbrPRCBHYyd78dDx7jN2Eptzpump,15,14,False,0,9543,13228,5710,14,10,22478105068,6,1,10255571516,7303,8,13540102909,5,1787067125543443
GvNjmvMrCdVpWsgGNNDDpPzQd1zUzQ1hEEr97886pump,3,3,False,0,2764,,0,3,1,0,1,1,0,,1,0,5,1787067118764408
B9cvX9jEHSSafCj4v2keapUAE1MPXJSj5VCbsi68pump,22,21,True,0,2760,3290,5378,21,14,12612794047,6,2,5412100876,2315,11,7589452624,5,1787067118760406
yJVXyF9u787WiqHxq9S6Y788F8bMf93Rf95WLQvpump,1,1,False,0,2759,0,0,1,0,545901232,0,1,-545901232,0,1,545901232,5,1787067118759406
4ciDskhdDgwgCEnCYhQWFqX6rmkbtZN4bB92JaWepump,2,2,False,0,2757,0,18,2,0,251055698,0,1,-26745240,0,1,224310458,5,1787067118757410
BYBLwwa8VrNRQRFntBnisZ6CfdjeMVnPoWfQg1DUpump,14,14,False,0,3685,23,9785,14,4,488246813,2,2,59197339,2280,4,188219549,5,1787067118685410
EjuF4YqjQjDhFZQosfGEEuCPzVXBquT3y7fQR589pump,3,3,False,0,1322,951,504,3,1,1115312400,1,1,-508886293,951,2,606426107,5,1787067116322001
8fnDDHEnLvZXJ5hsG9XtBNFNhaZYcA4dQUJS4Hhhpump,3,3,False,0,1320,40,2318,3,1,1095460794,1,1,72559190,0,2,712578229,5,1787067116320005
EaV4PZ9EmZdSuE5tJoEMk4PuHrNXYJw6YQuSbmn9pump,3,3,False,0,1270,1194,81,3,0,611727053,0,1,-838,0,2,611726215,5,1787067116270999
SWuEhLUfxXkaNizNXX6XxGYmWQ18kR2iK152o6Dpump,2,1,True,0,1257,0,0,1,0,105047680,0,1,-105047680,0,1,105047680,5,1787067116257000
J4qeEBd66j6aPgJJrMYpogzNY6qevGkUMJSSfQTHRYmD,3,3,False,0,130,0,662,3,1,2207756256,1,1,-1020920816,20,2,1126835440,5,1787067115130999
A5wY7z1QJ4dp58oS3H6Ce2CTJvhj5WsB6w7sYT5spump,1,1,False,0,117,0,0,1,1,740625000,1,0,740625000,0,1,740625000,5,1787067115117999
GKYBMq1HUW28oFQ92SKmDe5kbAPgFw9kS4PnyabXpump,1,1,False,0,112,0,0,1,0,8020550,0,1,-8020550,0,1,8020550,5,1787067115112000
CTNNwYzBaQ5iTa7mQNW94DemHkdACYm1QRtweHz2pump,5,2,True,0,35651,755,0,2,1,611771454,1,1,493827159,0,1,493827159,5,1787067108651158
4YmXgTJJJdJiKqWzRBARynps7fgvXERYBqNyvFqQpump,9,8,False,0,33295,0,7014,8,3,386265730,3,1,162765732,4573,3,162765732,5,1787067106295426
EZVSfNGH9xZNZE3h8EkvJDMGn4Dbh6EpKQ6wuQGHQsyc,1,1,False,0,26022,0,0,1,0,95328415,0,1,-95328415,0,1,95328415,5,1787067097022518
7LaWMFwNW6uY5dh7Fn84HTeQxf1ARwY6JRBs18LTpump,12,2,True,0,24772,3539,0,2,1,89932609,1,1,89931796,0,1,89931796,5,1787067094772146
37tXzwcJjEQJgdvbxQXs3oSj4gZAi1mUwVzK85zFpump,1,1,False,0,21518,0,0,1,1,58805468,1,0,58805468,0,1,58805468,5,1787067090518715
7r2PvWwvfwYZJTqg9QwDrxRaygLJeAAaRCefNYaMpump,5,5,False,0,16604,740,472,5,3,2746688457,3,1,1898784205,740,4,1967462551,5,1787067085604593
N3gFrAdr514LsJ77xKWqD5WEELK7NhScjspdieapump,4,4,False,0,10945,0,1865,4,0,4303752711,0,3,-1041418825,0,3,2445159378,5,1787067077945504
91Ee4Fv8jsS3UqxThUDh7xnRUmtqCz5gwa55ggb7pump,4,4,False,0,8397,0,3196,4,1,18048998,1,1,3005288,0,2,7774242,5,1787067075397502
Cd8ZdfW8LV4xWCxrxSMRtSZb6RLrnCinkr9w5GcKpump,3,1,True,0,6047,0,0,1,0,104789910,0,1,-104789910,0,1,104789910,5,1787067073047727
8u72xJAbLJmuCEyfGtDGB3UBidQyKGgaBQNm11NXXZCb,28,26,True,0,6044,3961,6449,26,16,23956624365,4,2,7673207015,3360,9,12307868378,5,1787067073044725
AcmMcPNkUCWR7WDSewGz2y75NmetyG5Mnu2qayWoQzNR,5,5,False,0,6000,0,2225,5,1,8764445529,1,3,-1600257169,0,4,4763387540,5,1787067073000724
E5NqGL6LGEyiR5AKtAkZD4f8yZwfFMMFoAwCXZ6wpump,6,5,False,0,3545,82,0,5,4,1015437161,4,1,1015427079,82,4,1015427079,5,1787067070545123
8dfnXH1LauPjz5ndQj5p2ZQcFWQac8nmwmP1CHaezuT4,1,1,False,0,4510,0,0,1,0,22999999,0,1,-22999999,0,1,22999999,5,1787067070510122
Eb4we8nuaemqjufpBX3DJH2XcnhsTuYwafQnHePHpump,28,27,False,0,2207,13412,3672,27,16,28216672172,15,4,18169483398,13412,19,21478263222,5,1787067068207704
5efUPKYcfhXiZJ8WhzVdinVyg7bHycqRT79pfjKDpump,2,2,False,0,2183,0,358,2,1,655111110,1,0,488888888,0,1,488888888,5,1787067068183702
9wHmrR1JdbBy73KxYU5c9nsPmfu1ysQKtT7HhPvcpump,29,29,False,0,2172,660,752,29,23,6786773494,9,2,2542362295,1105,15,4563822744,5,1787067068172703
7G6ff1XxpbDYuxMXNuvGLfB8GtJapM244KugEXv5pump,4,4,False,0,27,,0,4,2,0,1,1,0,,2,0,5,1787067066027665
C1xjCVMJD48AN7PbcGpAxzigfiLAZ2PtkRhChmWLpump,2,2,False,0,0,0,2699,2,0,255547372,0,1,-115944146,0,1,139603226,5,1787067065956665
6E3qf1yDnB6Fq3VdWHmqPZkGqUv6mydKgQUnc7pbpump,1,1,False,0,39267,0,0,1,1,252207500,1,0,252207500,0,1,252207500,4,1787067053267815
GCZVabQrFB33Tixef8gB7anxiWV39FkWHujdjksGTG5g,1,1,False,0,39180,0,0,1,0,169122026,0,1,-169122026,0,1,169122026,4,1787067053180809
HTc42NzhwM7B1C2ksGkibyD8oPUwTmXy8VKkPdyvpump,1,1,False,0,31687,0,0,1,1,62587276,1,0,62587276,0,1,62587276,4,1787067045687044
77XeKnSBH6acxoUiAcc1jeg6Cz2s6QwBZCKoVENipump,4,4,False,0,29159,0,3275,4,0,1545271082,0,1,-260450,0,2,1066383054,4,1787067043159536
Ahk6jNb4fogNVALVEp1xMxRxKiDfAU8DLyGNW73gpump,1,1,False,0,29157,0,0,1,0,2962962961,0,1,-2962962961,0,1,2962962961,4,1787067043157539
frfhs959dE1uitwCedTRJ7E9jj6DhF7KxA4kxuUpump,1,1,False,0,22392,0,0,1,0,937170750,0,1,-937170750,0,1,937170750,4,1787067036392329
3w6jYgaUCWWtTaGryFpLCcbYuAspYXV87cgixcpPucsx,1,1,False,0,22361,0,0,1,0,790123455,0,1,-790123455,0,1,790123455,4,1787067036361330
GFkqjxVcHVnx3Nm2j2fTisdNpHidgfnHMTfkofkppump,3,3,False,0,18671,0,1186,3,2,2537722960,1,1,199901234,0,1,2234216788,4,1787067031671098
E9kUCLKmfBSpqDeJs8JB6F9BKYbzA6so3YBBZWf3pump,2,2,False,0,16224,,0,2,1,0,1,0,0,,2,0,4,1787067029224062
DzYT1eefuQYQLsXRJQHz2ZqnyV8gGfVPPZGQgZ2pump,1,1,False,0,16208,0,0,1,0,99248404,0,1,-99248404,0,1,99248404,4,1787067029208062
D3yjGJTUNT5zL6YJcBijV7Tafdi24dWmH5hMmCc1pump,1,1,False,0,13627,0,0,1,0,9045476,0,1,-9045476,0,1,9045476,4,1787067026627017
Ha6b9UbnhZpqmmmtbrsVfe4Fvq96EtNUQYFjwf6Cpump,7,7,False,0,8678,0,2844,7,0,6582651317,0,5,-1119877914,0,5,3643248722,4,1787067021678534
7Rvh2hNvCNbDCLEUjCND589z71bqiqaBuHZeUfPmpump,8,8,False,0,4665,469,5794,8,2,1281468986,1,2,75363682,352,3,542102925,4,1787067016665779
2p2NAvSH1d5cqBSa1TL8kNDj5rQAa7gnFG6XWG2qpump,36,36,False,0,4653,3591,0,36,18,7493061723,16,1,3188636562,1456,34,6894197408,4,1787067016653779
AVaaCatcBDHWvG5PPGKHeygwYPJaPcNVakFkT4Ubpump,17,17,False,0,4646,4466,5286,17,13,8702327670,4,1,2100254483,1000,7,3552597873,4,1787067016646780
AbebtWFtKP7ASXWzT5jqmKFEXjySYCbZgxM6AeFWpump,3,2,True,0,2099,0,1001,2,1,366856520,1,1,293333333,0,1,293333333,4,1787067014099005
6L8ZFH9TJ7tPXP27oDwSpNE9W8t4oAe2vbgu7LBVpump,19,16,True,0,1807,92,6281,16,6,4373128820,2,3,244444444,97,4,2339760948,4,1787067013807998
EmjDymBhJz1hc3M91Cz6hPCjcoynHnWPfA5yABHpump,2,2,False,0,1507,0,1039,2,0,282437029,0,1,-135157882,0,1,147279147,4,1787067013507999
3Xk2UHm6bBctTDJZ88Jp6PB1RtUkCKSbSJBnQRjKpump,1,1,False,0,33902,0,0,1,0,97394035,0,1,-97394035,0,1,97394035,4,1787066996902486
3mNdT2nBQy3Q6hwkySrTSanxUfwseiiDEH92YRVLpump,11,9,True,0,30118,6700,3200,9,9,13189111109,5,0,12545901233,6622,6,12645901234,4,1787066992118681
Dt9YyyB7Gv2bEofZfFMvKjtApFsHktR6WAAQarrnpump,1,1,False,0,25471,0,0,1,0,740624999,0,1,-740624999,0,1,740624999,4,1787066987471772
2x634VQMncevfftxBE6GXTNotUDXTrb5kyhsXmtQpump,1,1,False,0,23117,0,0,1,0,88507807,0,1,-88507807,0,1,88507807,4,1787066985117160
915hYG7DcJRWmysQkuUhHBhB1KxpYsJoDVr5Qkm1pump,1,1,False,0,23071,0,0,1,0,740624999,0,1,-740624999,0,1,740624999,4,1787066985071171
9Wisw4jMZbjFw1t6QPaV8fk144WSC79r5LYKLuDzpump,2,1,True,0,20666,0,0,1,0,1081343254,0,1,-1081343254,0,1,1081343254,4,1787066982666754
9uLWdp8EKbHR9gMD9WixzV7nnyUCEQApqmPrMDsDpump,1,1,False,0,20657,0,0,1,0,100000648,0,1,-100000648,0,1,100000648,4,1787066982657754
E9yDciN1TQWCfoVAasw4k1zAQccegP1MFKDbkCidpump,1,1,False,0,18183,0,0,1,1,977624999,1,0,977624999,0,1,977624999,4,1787066980183277
3BMTVF7oesMrJkYWqRqWpmDQJQk3LJTMLiJktbrzpump,1,1,False,0,14409,0,0,1,0,100000648,0,1,-100000648,0,1,100000648,4,1787066975409298
4EwGJ8dFWtxQje6wRk4LN2JAJnZNQSB1sYetSbo1pump,1,1,False,0,12068,0,0,1,1,97777,1,0,97777,0,1,97777,4,1787066973068206
8mNWDG4etPaAW4sgo4CUkeczDN1fqgf8u5RYWsUdpump,4,1,True,0,12044,0,0,1,1,49382715,1,0,49382715,0,1,49382715,4,1787066973044173
DFiJ39j6NCijGjKzbJD2bq1RnGLNZ5jMxPG9yhw5pump,6,6,False,0,10554,0,3855,6,2,12216524407,2,3,-1399326564,873,3,8249512659,4,1787066970554931
A984TxKww94Um8PeKacsE215nHny1Xbbgup683rFrgdM,1,1,False,0,8201,0,0,1,0,106546072,0,1,-106546072,0,1,106546072,4,1787066968201942
EMCXbZ4JtFgFfBNuoh4rf5LEaReP1emzPmxKU8t2pump,2,2,False,0,5712,0,1076,2,1,223807799,1,1,149321073,0,1,149321073,4,1787066965712942
B1joCxDHGxtzX5aRSnF5uGZWPzxNMVvxdkcHBPaRpump,3,3,False,0,5700,0,405,3,0,698857618,0,2,-59253851,0,2,602259773,4,1787066965700943
FTjc3JJPUutBcvVWzifJwUhtjhkcS1Yo6b8peX4npump,13,12,False,0,5695,3898,2805,12,7,17756608764,3,2,5465782666,2654,4,9464898664,4,1787066965695942
6Zx8x6VnkPTnzu4omumc9ff9J9SpjAXmfEoXuaZhpump,7,7,False,0,5679,,0,7,1,0,1,1,0,,3,0,4,1787066965679947
FY76MvafEKa43fv9BydmGWnwoF4E7Lh7D5DezWxQpump,122,4,True,0,5675,0,434,4,1,831677374,1,2,98765431,0,2,677576871,4,1787066965675942
6wngz2Kvd6pxdW9eTp8mHoDyYv1LcDk4D5fxKNmE2uHi,3,3,False,0,5667,0,933,3,0,2405250669,0,3,-898281946,0,3,2405250669,4,1787066965667943
5Uzpvgy8swizaTG9UvV9etxVrUBLm2enYnfSgqfJpump,27,23,True,0,3105,0,2647,23,7,11667592570,4,3,3764444444,1300,5,3764444444,4,1787066963105898
3XGG4wbsMCC926LMzNqtjLRsvvYxyxffKCqopWWdpump,24,24,False,0,3065,4608,8481,24,10,23274762740,2,2,2217558543,568,5,5759630890,4,1787066963065896
EPfNaVs3dJ3wK33hVFPDCuFCaGJ5fPTYPD14sbhopump,112,108,True,0,1210,13214,1202,108,49,35882266956,6,6,2434679053,549,21,7415367612,4,1787066961210783
HsexDRQ2jUVtiWeN4aRJVhoV41s9aWLWTKJNeK76pump,12,12,False,0,863,741,7304,12,2,146337063,1,1,44112276,0,2,44112276,4,1787066960863783
Fj8quYhxinaaXFLJTBQznFyzR9VjKF7PJBeqpNJTpump,4,3,False,0,35070,1046,0,3,3,2567901231,3,0,2567901231,1046,3,2567901231,4,1787066955070992
EK5GsjvgswVrQQ1fHRoNNS4fuAdchurDsZ5nZbrJpump,3,3,False,0,32785,801,0,3,3,1977506816,3,0,1977506816,801,3,1977506816,4,1787066952785957
FD5hVGW6rUZZG1aaZBHMvukGQCjBLRMiERBFmQaBpump,5,1,True,0,32780,0,0,1,0,4551720726,0,1,-4551720726,0,1,4551720726,4,1787066952780956
7Y1X5pUH9PE1a7WgNyuxWT5L4dUYjPSArjsdjBJjpump,1,1,False,0,32774,0,0,1,0,987654319,0,1,-987654319,0,1,987654319,4,1787066952774957
7R9DfpwQvv4RBEhhFKV2prcpRqYVXeiBS4pVvqtupump,2,1,True,0,30172,0,0,1,0,59020979,0,1,-59020979,0,1,59020979,4,1787066950172294
9xt1mevKYgvzhov4taPS3zAkZmu3v2PePFzTgwQxpump,48,26,True,0,30170,21611,704,26,20,11455793986,12,4,5221042883,1368,12,5824939322,4,1787066950170292
8F5vUshAPkxXCVjeKXnMuhxUjuiFkqSQXK38217ikFaa,1,1,False,0,27590,0,0,1,0,15210139,0,1,-15210139,0,1,15210139,4,1787066947590159
6QqpS5uaDJE6TD63pb4T8fwiSKWKFR8yjnh5Mgn2pump,1,1,False,0,27587,0,0,1,0,977777776,0,1,-977777776,0,1,977777776,4,1787066947587161
2aSKQADskXMk1c8vDCEJ19SxdB2gVbksWJvqgg4kpump,3,3,False,0,26193,0,433,3,1,130040935,1,1,64188381,0,2,115647210,4,1787066943193118
22544PaAyokfax2FuNRYvFv8akCVHeFea2DxubAgpump,4,2,True,0,23861,0,0,2,1,2161595,1,1,1080798,0,2,2161595,4,1787066940861073
2jtvNSNsvDee4R8xhkjpKTefjCo52mrDJCTfBkBnpump,1,1,False,0,23808,0,0,1,1,7001,1,0,7001,0,1,7001,4,1787066940808069
GpfKkdLNjj9yZEHJaupuhY4YmbfNVKLjQDsxyaX4pump,1,1,False,0,23791,0,0,1,0,10191784,0,1,-10191784,0,1,10191784,4,1787066940791068
Q5t5QyXekSmZXBXznF8j1g7YqNnKw7JUQSv28eUpump,1,1,False,0,21350,0,0,1,0,626694089,0,1,-626694089,0,1,626694089,4,1787066938350093
3qYaHFwEm7ngTsG5Fhaof4vZ1zDqmrKCSWeVk1mupump,1,1,False,0,19774,0,0,1,0,12440116,0,1,-12440116,0,1,12440116,4,1787066935774678
AEbwXBayrwoK2hx5MHzX4d6YD2xdjx5CFMhWf37fpump,1,1,False,0,17186,0,0,1,0,78119058,0,1,-78119058,0,1,78119058,4,1787066933186243
7PaAtqbcbr6WsRYneU2obDTf41VeTSfCpRCddyympump,2,2,False,0,15629,323,0,2,1,494021407,1,1,493827159,0,1,493827159,4,1787066930629243
CHqqDm9Aem8PZS6YezH99Pb6pdRvTcXzRBbSv28vpump,1,1,False,0,13284,0,0,1,0,999999,0,1,-999999,0,1,999999,4,1787066928284325
2cCEhCXK6Hn3x2QWT78y3Nci1gV2wNn98zpQfLiGpump,1,1,False,0,14223,0,0,1,0,999999,0,1,-999999,0,1,999999,4,1787066928223329
C8BQeT71PAGKM23AnQytrWGpznN8rNKDzQa9s6Uupump,1,1,False,0,14214,0,0,1,0,999999,0,1,-999999,0,1,999999,4,1787066928214331
6GSFUF4XLfT5boqc3BvNUSAo5pBNptM2Q4yi8EuSpump,1,1,False,0,12004,0,0,1,0,999999,0,1,-999999,0,1,999999,4,1787066926004437
DzK87pyop9F1h4PSK3Rmqurb2WkVhqGqECMWH9nUpump,1,1,False,0,11745,0,0,1,0,999999,0,1,-999999,0,1,999999,4,1787066925745438
GXJ8cThMgk5m2zbNMhiz2eS4TAYvXWMvfABxgSqupump,42,42,False,0,11728,1,10,42,28,470150562,2,1,16791092,1,6,67164366,4,1787066925728443
FtUvuvWa4dH2QeEiC9L1gwtTS5DWc3v69Gqyojaopump,1,1,False,0,11719,0,0,1,0,999999,0,1,-999999,0,1,999999,4,1787066925719438
2UyZU554RYa9egtZTLSut5iD83RQ87i1s9Cf6w9fpump,1,1,False,0,11714,0,0,1,0,999999,0,1,-999999,0,1,999999,4,1787066925714437
CpMdhrXL1XvFoQNJnisZeZjs5fgPDfesmPi7jaLnpump,1,1,False,0,11713,0,0,1,0,999999,0,1,-999999,0,1,999999,4,1787066925713437
ECETmJ79EdaW2bSUk94C9DLVceFXLiJNG2FToZb9pump,1,1,False,0,11700,0,0,1,0,999999,0,1,-999999,0,1,999999,4,1787066925700437
9EiyHHMjfoDnbZiiWK6kkckn1S5Qit5MygxFEYTFpump,1,1,False,0,11685,0,0,1,0,999999,0,1,-999999,0,1,999999,4,1787066925685442
DXiF7Jf7gfe3nrNKgVEiiADFRRLLcoZHfdzgPdMnpump,1,1,False,0,11680,0,0,1,0,999999,0,1,-999999,0,1,999999,4,1787066925680437
AJy9tBXL3mp8DUWtKJnfL882pD4mC9YSfcEW1ZAfpump,6,6,False,0,9623,1253,2190,6,4,4509648978,2,1,2444444445,771,3,2684035162,4,1787066923623906
FNcURCNweo52xGpdCfEEj4M8Cc7m1XRctjEzsrAFpump,1,1,False,0,7265,0,0,1,0,999999,0,1,-999999,0,1,999999,4,1787066921265975
Ef9evPeJTBXu3CjbczRfhhtthH38F7ohETZjWYqgpump,1,1,False,0,7082,0,0,1,0,999999,0,1,-999999,0,1,999999,4,1787066921082972
DxsPZou6GtdcGjH865n8eLWDLUfNC7kCRvA4s4vrpump,1,1,False,0,7081,0,0,1,0,999999,0,1,-999999,0,1,999999,4,1787066921081972
Faps4u3tHTf7mDK8DRZbV3UX3irrWBCJdFvhEQ1Fpump,1,1,False,0,7042,0,0,1,0,149661091,0,1,-149661091,0,1,149661091,4,1787066921042977
DfLEutREWe89CS697YvhnoGCE62r2tRqErzbZPQKpump,1,1,False,0,4598,0,0,1,0,999999,0,1,-999999,0,1,999999,4,1787066918598147
H4HVW6JndY5ScWbgowUzJ49sCfVXMMBWVAxUJh1Npump,2,2,False,0,5579,500,0,2,1,1007961155,1,1,473288845,500,2,1007961155,4,1787066918579151
6obNnzoANuFwz6sLe1r1SZ61Q6x1xZpnCjGxbUC7pump,1,1,False,0,3169,0,0,1,0,999999,0,1,-999999,0,1,999999,4,1787066916169422
7meBPtBCjuZ2NRKcaSuTM4dtxLqJNtNDLMCnFGfTpump,1,1,False,0,2958,0,0,1,0,999999,0,1,-999999,0,1,999999,4,1787066915958424
83rZ5vZ94kLU1pt3Gwai69ErRCvdSdNvg58jzMCipump,1,1,False,0,2945,0,0,1,0,999999,0,1,-999999,0,1,999999,4,1787066915945424
FX1trC7LrSUrQCs64xf4t5hcf53BZK7TwJSe1bpVpump,1,1,False,0,2943,0,0,1,0,999999,0,1,-999999,0,1,999999,4,1787066915943423
3smV7jp3PKRwMwDtjQBcaotwR1TQKpd4Do6MGH4cpump,19,19,False,0,2928,,0,19,2,0,2,3,0,,6,0,4,1787066915928423
BoA1qz1An56Db4YEYZW4FGnakFk2FusrsGT1s5vPpump,1,1,False,0,2907,0,0,1,0,999999,0,1,-999999,0,1,999999,4,1787066915907424
BPHfvn95qLq3ZnfmXSShtm9EMjuRxB8wu9hyqPTLpump,1,1,False,0,2906,0,0,1,0,999999,0,1,-999999,0,1,999999,4,1787066915906428
4wxAqwRor8VeVCgnmGRM2HUgAu6jFcmcwtBYmx3Npump,1,1,False,0,2903,0,0,1,0,999999,0,1,-999999,0,1,999999,4,1787066915903428
54p3qGkuyU4yYnuPG5wnbfkjV6Hm4uyzQLRwUC8Ppump,1,1,False,0,2901,0,0,1,0,999999,0,1,-999999,0,1,999999,4,1787066915901423
AN4uKb4HNmN2xfwsKdWSs7ntZX2jSLCeFKhqd7uqpump,1,1,False,0,2898,0,0,1,0,999999,0,1,-999999,0,1,999999,4,1787066915898428
Hzc4PutKmT4BEH8gdmi6XBLwYzQ68wzkhCvayaH9pump,1,1,False,0,2897,0,0,1,0,999999,0,1,-999999,0,1,999999,4,1787066915897427
3172pw54ZZWocN6gCu5rjpJR9iSebb7QvDB849pbpump,1,1,False,0,2893,0,0,1,0,999999,0,1,-999999,0,1,999999,4,1787066915893427
F4th88ZcYFExbffKg2QqbMi5egCkoWR7AfSiWHWmpump,1,1,False,0,2891,0,0,1,0,999999,0,1,-999999,0,1,999999,4,1787066915891425
6y11mzyUfRZGXvtM3kezzixFMLsQe3YxtYVT534zpump,3,3,False,0,32939,0,263,3,0,876036289,0,3,-329599741,0,3,876036289,4,1787066902939053
CZfgW5p5dQ8sTPaMthNLHVJzTpm6MDV3qr1AiCuKpump,2,2,False,0,30492,0,546,2,1,164452532,1,1,156440872,0,1,156440872,4,1787066900492564
95y9EjrW3NchyiSSwKgtMmZvS9o9ALQK44wGSPCZpump,15,14,False,0,22123,3906,3083,14,8,12960504647,6,5,6070433654,3906,11,11804843923,4,1787066891123021
DW3KeUXuZn6g3Cnh6bUaoouVT8N6dJj9DzfrqK5Dpump,1,1,False,0,22121,0,0,1,0,91059504,0,1,-91059504,0,1,91059504,4,1787066891121019
64j7EkTwzF2Uj5GYvPD36zbe5Y5SULjpqRL7cXKUpump,3,3,False,0,20006,0,209,3,0,493794593,0,3,-175897849,0,3,493794593,4,1787066889006648
C5tnXNXKAvG6smYqBYV3hcqwYn9toV3B4pJxVTQrpump,1,1,False,0,19992,0,0,1,0,9876541,0,1,-9876541,0,1,9876541,4,1787066888992653
4Pys3jFTCVjETLoboG2bD69BbrUogyYPE6vM1kCPpump,2,1,True,0,17448,0,0,1,0,22025928,0,1,-22025928,0,1,22025928,4,1787066886448569
DiB2SSGFmYH4dBjjVCZo41KhusoaCqd5Y28UfJAwYtqJ,3,2,False,0,15875,0,3027,2,1,11851851847,1,1,5925925924,0,1,5925925924,4,1787066883875378
KayJh8ySKeWmQDLMKF4R44DzxipaUFjLtCG6kiypump,12,12,False,0,13482,0,2349,12,2,6494073033,1,6,488888888,0,8,3657033091,4,1787066881482758
Nov1DpbfcaTe4LcYgT6GGyGRQFn5BsYg9Hqqdd6pump,5,5,False,0,13470,0,2630,5,1,5529073537,1,2,32020002,0,2,2807449080,4,1787066881470759
HY9JkToWtCRb9wmkciy5w45PySuFgZYKgSrSUxP6pump,1,1,False,0,13440,0,0,1,0,790123455,0,1,-790123455,0,1,790123455,4,1787066881440762
AJTkxgiYzZCavZFMMfBvJN4MAyHdce4fknPQ1vwzpump,8,8,False,0,9610,0,2014,8,0,5749545749,0,4,-331088344,0,4,4427133581,4,1787066876610667
HjatBgm3osejTZAgxg4XfkCtCBi8TwgiiGd2RMxypump,1,1,False,0,9602,0,0,1,0,9876541,0,1,-9876541,0,1,9876541,4,1787066876602665
EQhWW4QEVAYFMDFKnojfaHqcYRhUXfWLUPD91K18pump,1,1,False,0,9575,0,0,1,0,674340495,0,1,-674340495,0,1,674340495,4,1787066876575666
H2EsChjFvrDnUySEpu1wYrt6gPCJZS6txRbroxjtpump,4,4,False,0,7135,937,1,4,2,5887380,2,1,3495346,1,2,4575443,4,1787066874135904
EPgEnZDrL4FSKSVBcdzr5iBUAGaSfpaBgSJLyA3Npump,9,9,False,0,7114,1358,2638,9,3,285604484,1,2,74604105,37,4,147755341,4,1787066874114900
3cRwsTn9BixRUjQkv1ZorddfJVcHyd5zJD9zJWFspump,1,1,False,0,4700,0,0,1,0,234285565,0,1,-234285565,0,1,234285565,4,1787066871700830
AWzUZ8dih8DHFA9xgjVpahcYQc6o3o5zYKxmhgFJpump,5,5,False,0,4664,5913,2176,5,1,57473544,1,1,17142621,0,2,34838539,4,1787066871664831
FyzRXs2ag8Hz8xj66HgipAwpFu39DHTzaKYnejffpump,21,15,True,0,5642,2902,811,15,9,9108472260,4,3,5364889754,2407,9,6813428600,4,1787066871642832
9BufJm1QeH8KbwX4ydMRFXNFaMm5rbEjEiiXzRVdpump,6,6,False,0,5641,0,4438,6,1,268135005,1,2,27884984,2227,4,229338652,4,1787066871641830
9PTH9TNLipkBnWvb4HqJi3oMrLyQthFvEFyMzqyzpump,11,11,False,0,3687,,0,11,1,0,2,3,0,,5,0,4,1787066869687432
CNc1TKXufwKtLbtnKdfmaQhy5pPLkGJzByqn6KJVpump,7,7,False,0,3490,7324,6361,7,1,211940775,1,1,65493758,0,2,75072362,4,1787066869490433
31RQpj5q4S4feJQBrkiYnNaWi8qfpm6q2tn1PUBNpump,1,1,False,0,569,0,0,1,0,84558092,0,1,-84558092,0,1,84558092,4,1787066866569361
5UsdThrfAc33fQZqkMYSp2dgMQvG9mTM3jDNzNgRwSy5,1,1,False,0,35802,0,0,1,0,328555035,0,1,-328555035,0,1,328555035,4,1787066857802257
Bw3DgRde7VjM8keGMAvwE7b6psfdUEdPcdKJgW99pump,1,1,False,0,33550,0,0,1,0,321087224,0,1,-321087224,0,1,321087224,4,1787066855550018
D2366H6vaDUDeAFGbrDZEYxeDjbtMWDTicrWrznVpump,2,2,False,0,31059,16,0,2,2,24344339,1,0,24246562,0,2,24344339,4,1787066853059251
BLBi8kMRuiBb9nzhGZrb7uMoNQHXVn5GoXZdAhi7wmg5,2,2,False,0,28975,0,3325,2,1,1190005498,1,1,449380499,0,1,740624999,4,1787066850975132
HtZf9VLTSnV1ePvnLSNqaJUVgAaxuKv5jSFMvyxxpump,19,19,False,0,26589,8351,14,19,18,29773127966,18,1,29697699622,8351,19,29773127966,4,1787066848589790
7kC5LZttoyAxKaJ5w18xUBjZjojTC2EKxHMuVPfnpump,1,1,False,0,20754,0,0,1,0,389072426,0,1,-389072426,0,1,389072426,4,1787066841754914
2BtGyv45VEBnzxEQKgxQpGx9u4zZdzHxKNQXdhsypump,2,2,False,0,20724,173,0,2,2,1270070283,2,0,1270070283,173,2,1270070283,4,1787066841724918
BThniFe6cxjbUJB2A8fU2V2oG3wrkDUYFYhb2Zeppump,3,1,True,0,14817,,0,1,1,0,1,0,0,,1,0,4,1787066834817942
4jwozZwJaetP8nbwuU1Np9UNMCLdMtwMAisVrHpspump,6,6,False,0,7835,,0,6,3,0,1,1,0,,3,0,4,1787066827835550
CAae6GSu3m6FgqSqKBCUMk2boFphQf9PgUwgvzM4pump,2,2,False,0,3548,0,0,2,1,488889250,1,1,488888888,0,2,488889250,4,1787066822548257
66pwqC5cgbYT61yyC9V8p7cKNvWyJ5cxVC9wS3Eypump,1,1,False,0,3543,0,0,1,0,55102280,0,1,-55102280,0,1,55102280,4,1787066822543256
8NyBM7qTRkhu92nnoZgCSaskhNdAxJV89cHBjonFpump,43,43,False,0,1204,1949,5873,43,20,34418752462,6,12,5535989506,2641,18,11251662280,4,1787066820204910
8s8FzxbA2Tu366TrnMVDSaptTpsDAjinBYXymQbvpump,1,1,False,0,39085,0,0,1,0,135137210,0,1,-135137210,0,1,135137210,4,1787066811085910
5DabFZHLpe88bsKzNcT68foFEBS1uFEMkdHNVx9jpump,2,2,False,0,27233,0,573,2,0,1961367012,0,2,-957401419,0,2,1961367012,4,1787066798233060
5YHvBp85RxKeaFPdW4tSApZTj6j5QxaSJyTV5UfApump,7,7,False,0,19879,0,2409,7,1,3388855453,1,3,543209876,0,3,1632339890,4,1787066790879985
4x3fk2NCAjeZL7Zw3kQb9F86CygtdH2A3oQPT3aFpump,41,40,True,0,17410,724,5979,40,16,24814369633,5,5,4617234070,972,8,5893041322,4,1787066788410515
8Z5Q9P1zjpiQaAGdyMWQ9uFeJr8WAdhu4owfTcG3pump,5,5,False,0,14872,271,3093,5,3,1527083790,2,1,1040242061,557,4,1449461299,4,1787066785872750
5bT1E2bt8MFLBFk1zbvWFMkJM7SaXKAce3nyWcTQpump,6,3,True,0,14828,0,711,3,2,667315534,1,1,244444444,0,1,391582202,4,1787066785828750
8xcnJhzpjQgQV7tqHpozEpwrEh3FYfM2sUAMJXMNdxfx,2,1,False,0,12566,0,0,1,1,4938271604,1,0,4938271604,0,1,4938271604,4,1787066783566063
HZ3DaVsQpavZKv5X1tiCJUdpSvN3HaL82Gxdjqq6BMZR,1,1,False,0,12536,0,0,1,0,1062343152,0,1,-1062343152,0,1,1062343152,4,1787066783536058
HytWXd83c8mYWhkhkN6fLKHKP4s9Qs5UvUAZZbu5pump,45,32,True,0,7543,14713,5044,32,11,24329669736,4,4,1807530223,979,11,10693198805,4,1787066778543785
FmXsJy3S3g7Bh4PqQjoMqyTNsZ3nEQLsTF2thrb3pump,10,10,False,0,7522,3445,2342,10,7,19876075406,5,2,5723306786,1545,7,13495850800,4,1787066778522784
5iXyYJNCE7J7egQRDnxcJfAURSPbkwqxD8NsB55Tpump,12,12,False,0,7521,0,4635,12,0,11836872712,0,7,-331414254,0,8,10262332928,4,1787066778521784
9jUFbpo7qPCeh9yCmsfGLgBcxwTtUn9fxVvxTkNnEMMB,16,16,False,0,8493,0,2049,16,6,8381977696,5,4,2365887345,728,8,4738878145,4,1787066778493791
ChRJ8AF5jrxyNFtLNReaqrqZU3CQuU6ShF2rko14pump,1,1,False,0,6200,0,0,1,0,269648914,0,1,-269648914,0,1,269648914,4,1787066776200813
3kmKX1DWt5N3GfUT7jJ1EdHdrTCpXAHA31vsp8Xipump,30,30,False,0,5972,868,7350,30,8,7331086741,3,3,2009382713,533,7,2312164062,4,1787066775972818
3wgjXrqevsgEmMBydGUnMpPdDE6ThedB45YV69Aipump,7,4,True,0,3371,803,238,4,3,3102323714,3,1,2644989018,803,3,2644989018,4,1787066773371518
DxcuD2z7zfQMYL6GjRnJCgF95CT44zbmbPkmeTcDpump,15,15,False,0,3163,290,106,15,12,1245286743,4,1,228811043,110,7,793944061,4,1787066773163513
Be1PVm1QXqQoUmrwXzErGTc7wkqkSJnPujc4mNXGpump,40,40,False,0,1007,624,1273,40,17,13117809663,6,8,1867292965,507,19,6853115427,4,1787066771007423
CzMzBLu6wfgfMqhw1FWWPLEVCZv4NfSK7FSmMSWeEnLE,2,1,False,0,34963,0,0,1,1,4938271604,1,0,4938271604,0,1,4938271604,4,1787066760963190
4XWZKDhM8bP68xX1ZaVGcUVQgkUWU7FQzyPaZikLpump,2,1,False,0,34884,0,0,1,1,4938271604,1,0,4938271604,0,1,4938271604,4,1787066760884190
BrUrS9wgscV1hJQSzwwNR1VdA2ee344MRfSv1uzHpump,1,1,False,0,32465,0,0,1,0,98915674,0,1,-98915674,0,1,98915674,4,1787066758465620
BHoACkdfozrkeVPkCqdS9SRdgdS1SfdCQdTajdt7GJ7b,2,1,False,0,27506,0,0,1,1,5000000000,1,0,5000000000,0,1,5000000000,4,1787066753506324
C1ZCS31ouZWqCVygUE2Rk9GdKebXtHSbpMuouSkG75HF,4,3,True,0,21232,0,1878,3,0,625444292,0,1,-41014866,0,1,474196755,4,1787066746232994
5HrmXHAZbMnrwRwsjQrj7JBgVuyKQvYm6NeYyuKhpump,1,1,False,0,18930,0,0,1,0,98765430,0,1,-98765430,0,1,98765430,4,1787066743930227
3JM9y426qsGiuWKfAZwYcdz1jttoMP3wLYTjZTEqpump,1,1,False,0,18929,0,0,1,0,43031071,0,1,-43031071,0,1,43031071,4,1787066743929225
5Sw7u2rS7msGVRoPr9AJE9zmXdMWzMn6AvX8xc3rpump,3,3,False,0,14201,0,645,3,0,1564444443,0,3,-538845831,0,3,1564444443,4,1787066739201880
4LLLk8wgJugxCA9rriVQrkV1ec52WP7R71JtGhqYcaqP,1,1,False,0,7121,0,0,1,0,266644118,0,1,-266644118,0,1,266644118,4,1787066732121194
5ZNZt8qzMpife6TCbmJywYMA5KHXg1PLKJAYC3wdpump,4,4,False,0,7096,119,0,4,4,753111279,2,0,655937070,56,2,655937070,4,1787066732096189
2ABv5BRk3z6j2anJDJ325MEEhHBYaVebCXJHkadJpump,3,3,False,0,7092,0,1344,3,1,5487144983,1,2,-2243125606,0,3,5487144983,4,1787066732092190
AkJQkHKaD4n1xxsjuuQjpWJakARyA9nSwwzaJfiHpump,17,16,False,0,7081,4302,4221,16,9,16885715595,8,2,9464930113,4302,9,10086148214,4,1787066732081190
ChiNkysgW3HaikGBqvyEeLyEFEqTB7SG2pUKXiN8pump,12,12,False,0,7079,0,9059,12,5,380816342,2,1,98765431,0,4,201127894,4,1787066732079190
CVGEh6WMezUxr6KUdr9CBf6basqBksuQqjaxjxUKpump,8,8,False,0,7078,0,3507,8,3,8842567894,2,4,276543207,51,7,8296666662,4,1787066732078189
2RbqmaKBqqE7pZJ8Muo5by5rUb75Q36cSw3CUmoupump,39,38,True,0,5716,1223,4572,38,17,17391291173,4,8,3423272223,1223,17,8539254828,4,1787066729716355
D3stWvp6kVPxHuBbyqe9RT8Vwahg2BfZf5i7uYEKpump,1,1,False,0,1428,0,0,1,0,1583259,0,1,-1583259,0,1,1583259,4,1787066725428245
FRVhe4EJY6o1wYq6acjgw5ZfhQK8AWXBpueXS5bqpump,1,1,False,0,1332,0,0,1,1,987654,1,0,987654,0,1,987654,4,1787066725332245
cwWtytTFvAAKX7DYYtcaHMfhnYH9LFSNqwkA8MRpump,19,19,False,0,647,1599,510,19,17,4939483793,16,1,2436700614,1474,18,3772567899,4,1787066724647245
6NutQrNcVe8TUxvYpWZzAomTPeHa3Y1G7wSTSeyApump,1,1,False,0,37541,0,0,1,0,21189327,0,1,-21189327,0,1,21189327,4,1787066715541080
74DbWwKbjAXgD98F52UmdCgRtaU1StmVMofTdk5tpump,7,2,True,0,31463,0,2695,2,1,3098476984,1,1,429908031,0,1,2668568953,4,1787066708463346
2fBCPCSyUE4XxoahSh4skAPJXQ7EHZKF2zp1nqQzpump,7,6,True,0,31456,860,0,6,3,123050028,1,0,58669397,0,2,58669397,4,1787066708456344
GZ3HRw2qvPViHVYH2x5XeWPwkq28YhvPj9SYRs1RcFN6,2,1,False,0,26633,0,0,1,1,4938271604,1,0,4938271604,0,1,4938271604,4,1787066703633034
FKR4nSzDiyiyH3XNrtyBg9tHySpsTs4Twmzc83Hcpump,1,1,False,0,22280,0,0,1,1,32116978,1,0,32116978,0,1,32116978,4,1787066699280437
Eb1PPQPtgCmVsS965UyKYYTpTcojXy5fxLmC3P92pump,2,2,False,0,22272,500,0,2,1,3333969696,1,1,-1852719696,500,2,3333969696,4,1787066699272437
4xLrja6DGgjcK9wnaqZfZU9fdS7ySSst6ThW9ukipump,1,1,False,0,19775,0,0,1,0,124567334,0,1,-124567334,0,1,124567334,4,1787066696775355
8ZNUPdYsESjHnqnctRmdiWWp5dcLP6MCjZ9jwU7cpump,1,1,False,0,15886,0,0,1,0,115948962,0,1,-115948962,0,1,115948962,4,1787066691886578
XLoG6MY16eG2NTrKi7L91T6np354t6xZc7R13jopump,11,11,False,0,13582,276,9300,11,7,224183296,4,1,75377925,175,7,112363759,4,1787066689582360
H4XzoYhh4MBhSSuPFpFxAxZU2iW2rNwMr9YgyPvspump,1,1,False,0,11065,0,0,1,0,1898295985,0,1,-1898295985,0,1,1898295985,4,1787066687065258
E6cYEzxM4i6hM5ipzAc1UDfwRWck94oaqkcTFGmDpump,20,20,False,0,6312,8412,7658,20,11,18585820966,4,2,4877948554,1171,7,6490570960,4,1787066682312319
DwVrCYyzEykP4vfKiP1EieBkNRcQxZ4QKwWEtKDYpump,11,11,False,0,6275,,0,11,3,0,1,1,0,,3,0,4,1787066682275320
21FDEsqLcwxiMrMgiriphmLKK5y954TahwCMxw8xpump,1,1,False,0,6270,0,0,1,0,2933333332,0,1,-2933333332,0,1,2933333332,4,1787066682270318
ASwwHiWXZASCHMKGuc9qi7aTK61Jgu3Q1qoFbKUGpump,2,2,False,0,7248,0,613,2,0,1955555554,0,2,-959352159,0,2,1955555554,4,1787066682248319
8zZB4Ajmj5ziFYTh6uRDKcGi6P3QAoYsMAQPacCkpump,2,2,False,0,2449,0,1393,2,1,2000672050,1,1,977777777,0,1,1022894273,4,1787066677449206
3DPgoMHaMn61gC9RdiLdwQU2m5Y8LNtrDgXfrhcGpump,4,4,False,0,2439,1187,4865,4,1,100178758,1,1,15294930,0,2,71253416,4,1787066677439206
Aiygym3qmEorEzZCyFMHGWJZFJYfsYkwayN6HtpVpump,1,1,False,0,2413,0,0,1,0,313383905,0,1,-313383905,0,1,313383905,4,1787066677413210
Em1Qm2JyKHX2HmCQHjFAtdCW9RepiwA6hSDML1zEpump,2,2,False,0,2389,0,192,2,0,3855441011,0,2,-3518107309,0,2,3855441011,4,1787066677389206
9jysQYfmxyGm2kGusMjde9Zhjgi6uWZDHgqufPRppump,45,45,False,0,275,20412,8312,45,35,5909908500,3,2,679598372,136,6,1284044064,4,1787066675275874
2mxybSMqo8yYMrBiLbLHp1NH8VopGtfmU9LrMt2ypump,24,21,True,0,246,3815,4935,21,12,11992673178,4,2,3002643780,1033,9,7468675840,4,1787066675246499
CcFVSzr9R4HioBCSZKLHT9eYGdAA4Xk9NqeR3qMVUzbG,3,1,True,0,35652,0,0,1,1,785083402,1,0,785083402,0,1,785083402,4,1787066664652841
FS9uKToQCWBR2c2nFtYV1CFXhQyrd144WgK6uehHpump,8,8,False,0,31095,708,0,8,8,1227522171,8,0,1227522171,708,8,1227522171,4,1787066660095316
J95Z97Fyto9s3UQ6Ai4pPz6jXzryfc9hEZWqohydpump,1,1,False,0,22527,0,0,1,0,689862285,0,1,-689862285,0,1,689862285,4,1787066650527216
8RHRAAfv69yMxfGgkvtRYSiatZmDCvQRNw8ceWpKpump,1,1,False,0,20306,,0,1,0,0,0,1,0,,1,0,4,1787066648306073
AR173ZBcY73sBjYytzJQbwstM8iBzKooHgvfFnw7pump,2,2,False,0,20225,0,1746,2,0,7784951918,0,2,-4426085827,0,2,7784951918,4,1787066648225073
6F5bDR5k1XhnwCfNiH65pwf9iAA8kAKjChvB1oYAFUVZ,7,7,False,0,15626,0,3065,7,0,4745995491,0,2,-514143015,0,2,1458554706,4,1787066643626192
91mYuvZo1s5vEAs9rZ6pUxfoH33dEKhGJA5FSsFNpump,1,1,False,0,9081,0,0,1,1,49381,1,0,49381,0,1,49381,4,1787066636081175
HzLxpkmkEUp1LxrcYwHFFkosxSAyXSh3kzzBB3Tkpump,4,4,False,0,9028,0,2239,4,1,7998689515,1,3,-3204010462,0,4,7998689515,4,1787066636028833
9fqahsdPKWtkr4G4NXLFJMUrv49LgDMXcrbwk2oXpump,1,1,False,0,9025,0,0,1,1,987654320,1,0,987654320,0,1,987654320,4,1787066636025832
D5xaN5jFyfyJDs79aqtknrG1VYGS2HkGZPnciksMpump,1,1,False,0,6541,0,0,1,0,395061726,0,1,-395061726,0,1,395061726,4,1787066633541829
E2jbwmzQJq8rJe1duMCwQoCC3xVg74anNBFjthV1pump,13,13,False,0,6490,1403,1106,13,6,3057590496,3,3,296296296,69,5,1898484800,4,1787066633490827
FFn24apPsrvKp6AiYx1jgEkXJ7Hnxc5ZvzeL83NVpump,11,11,False,0,4108,0,5459,11,4,381196191,3,1,53836947,2760,4,187066306,4,1787066631108037
2zrCenGC218r7FCrajYJ7M2Yz2FRGWfJa9Zcs4wdpump,11,11,False,0,1479,0,1088,11,4,3681609779,2,3,206320986,60,5,2853566303,4,1787066628479033
4DbgSg4QJRMrv4eJ9Pf6SuzrotAzgu6e33saQhrwpump,204,83,True,0,436,5950,7829,83,36,57395597005,10,9,12862532486,3692,27,25374908934,4,1787066627436676
9gne2zYwH25E1sTchPfsk4r5DFHkqPNp6E5Bv6Kjpump,14,14,False,0,353,264,1175,14,6,4910183167,3,3,391208888,161,8,3450657800,4,1787066627353675
533PZDVWdv8GtUcAXsfgCvmbGViYyNCh2YBfW16upump,1,1,False,0,39890,0,0,1,1,9777777,1,0,9777777,0,1,9777777,4,1787066621890176
8hk2B8xu3RxKVGaqVgkPXLEE1xpuceYHa7MaXdX8XBzb,13,12,False,0,27023,3345,3781,12,8,17686991804,6,4,9219704894,3345,11,17661265168,4,1787066607023521
9qf51UX4bCAZceXPgtZmCayMQ4vm6DiREg5hDBC7gEjP,1,1,False,0,24635,0,0,1,1,600891529,1,0,600891529,0,1,600891529,4,1787066604635016
86XMhQK5LjAFnzQ2fHD1zXgU4hdE7UxpzwbnNpvqpump,1,1,False,0,24627,0,0,1,0,1242035424,0,1,-1242035424,0,1,1242035424,4,1787066604627012
qBjCuAKCVTU21rKKsUAigRpkkyyAh4ctGjStgA1pump,2,1,False,0,22096,0,0,1,1,200031254,1,0,200031254,0,1,200031254,4,1787066602096167
4TxQ5XErydVTEAeRcY1xdcv8fhmeiNjL91RmcWW6pump,1,1,False,0,11179,0,0,1,0,11050041,0,1,-11050041,0,1,11050041,4,1787066590179808
HEPh9L1wQvjJQh8b8DqdKC74jgjPEHmhtyEYdaX7pump,1,1,False,0,6696,0,0,1,0,75506178,0,1,-75506178,0,1,75506178,4,1787066585696506
2uwbxJLBwFTGEde921n2TCfUjUNxubVwQL8Wg34Mpump,26,26,False,0,3426,0,4527,26,8,259324343,5,5,45063344,2223,11,99775143,4,1787066582426756
7kGggpYwBsFpFzd4T9WqtdXEmPXm9NKsEZxqygmApump,26,26,False,0,3398,3468,4923,26,13,7177577336,7,3,1975217852,957,17,4964611214,4,1787066582398757
4kjU3LLx9FRRqcsErWeR3zNfgXc8mB7cn5gyQoWGpump,38,38,False,0,37290,15452,6276,38,16,28553708993,7,4,8633650833,3775,16,15186644555,4,1787066573290338
GLYdNkeguF8h9eTmBr7LAd9Zko8bMjme3BMTuTETpump,16,15,True,0,34807,,0,15,2,0,1,1,0,,3,0,4,1787066570807289
Yoi5Xg4VAoG3bg7SetcyFxDdrEWKVboJq8yNx9upump,1,1,False,0,32423,0,0,1,0,987331201,0,1,-987331201,0,1,987331201,4,1787066568423892
UA5mDmpp5cojDca8XjVLpXcgMK4XS8UzRg8khFGeDAC,2,2,False,0,19587,151,0,2,1,3317646072,1,1,-2748757186,151,2,3317646072,4,1787066554587693
HN9gkM1zuGWgEUP9nV83BAuaLHe7x6KrXj4nLFLopump,1,1,False,0,15838,0,0,1,1,132684444,1,0,132684444,0,1,132684444,4,1787066549838585
2C9GDTkVdZreyPGGh8W11UmFPfzhohtiSLGAfccJS8gt,22,22,False,0,8671,4607,6034,22,9,28427168392,3,7,3935802467,1165,7,10069431002,4,1787066542671667
HrZCBqbhNXZaf2DaaoxkGowTQPYqXcAoabTBidfxpump,1,1,False,0,3885,0,0,1,0,146278923,0,1,-146278923,0,1,146278923,4,1787066537885414
DndAr5mFkj4LoEBjczsuixgtN8k9M5rnMUaEnJZRpump,9,9,False,0,3883,0,2120,9,1,5341828822,1,8,-853961645,0,9,5341828822,4,1787066537883414
6crzsf9H2e49AzGz1vsjwptZjQLsyVK1ZUZPL365nM14,12,12,False,0,3811,1419,1246,12,4,8301148253,3,3,4888888889,1419,7,5221614255,4,1787066537811410
4a889pa56R9feqq1TwzcEQwHqj837GMQDaCPMxVupump,90,44,True,0,186,868,1430,44,17,13698991452,5,5,987654320,161,11,3223436636,4,1787066534186209
DkJfaFgSp1iWbkZi7BayxPjd99LLbf7SDzHkPyAxpump,2,2,False,0,37587,0,189,2,0,588410103,0,2,-275215428,0,2,588410103,4,1787066528587184
2fJR1wYfqxR4GywVbccPj5V7tf8B9XtQx56RepCfpump,1,1,False,0,36180,0,0,1,0,35528761,0,1,-35528761,0,1,35528761,4,1787066526180684
CTfRcZkGeGNQMKX49LbKJB4kzDSjMDPGt5yzYSrtpump,6,6,False,0,33776,0,882,6,1,2653767447,1,3,-335164738,62,6,2653767447,4,1787066523776871
HiV4a6iFbW1J8M674D2nu62Ux4cre7AR8hQsmKrgpump,1,1,False,0,33771,,0,1,0,0,0,1,0,,1,0,4,1787066523771867
5FAizxYSPPZomGNj5y4agpH8mQpH79SYe3p298ccpump,1,1,False,0,33770,0,0,1,0,3187192,0,1,-3187192,0,1,3187192,4,1787066523770867
ExNu5Hy9psp9SjMhVrizh32LuiTmwy5JmFzhZ2ozpump,1,1,False,0,29107,,0,1,1,0,1,0,0,,1,0,4,1787066519107299
7gTgAFtgtgJUaekotuCqd5Q7TgN7QBcbJuz8ZZd8pump,1,1,False,0,29096,0,0,1,0,987654319,0,1,-987654319,0,1,987654319,4,1787066519096297
39d8XDF8fCsKDeModvSVaX8KWzekCnfXSaps4iu7pump,3,3,False,0,27454,0,1209,3,0,3466968684,0,3,-1220699744,0,3,3466968684,4,1787066516454299
EeLEpWFayqFCUkVxD9zYkXg1eYM7RpDxZLg1G6tDpump,4,3,False,0,25474,198,194,3,2,1042962960,2,1,743703702,198,3,1042962960,4,1787066514474948
BiQMZuHkLmHtFZKRtHw3RMGoH5e7nwQUza91A9zNpump,2,1,True,0,25462,0,0,1,1,50072852,1,0,50072852,0,1,50072852,4,1787066514462952
9tLsrZhQnYv6qrmb8MqYSJSJimzVr6kZQTDYWiKSpump,1,1,False,0,22937,0,0,1,1,10000001,1,0,10000001,0,1,10000001,4,1787066511937919
hQKw7FMtJoEwK1N3YCfJQxoXsCef2tqgNwXNMGupump,44,44,False,0,20742,2401,2517,44,23,13248244086,3,10,1214913688,38,16,7308161718,4,1787066509742108
HfccLg8TPFERXUT6KxkUQDc6HveZy45x9Zbst9sd7dc,1,1,False,0,18568,0,0,1,0,980683505,0,1,-980683505,0,1,980683505,4,1787066507568066
CjUKHaRcx4Lz9hErzrvLgU3fFesaaxT9Xu3Az1e4pump,31,31,False,0,16019,0,4650,31,2,16131247933,1,22,97777777,0,23,8778274546,4,1787066505019817
21Dkeb3rV1jamWr7pT4Ja9nKz2SxQGwWRMALe3Xvpump,1,1,False,0,14484,0,0,1,0,268573130,0,1,-268573130,0,1,268573130,4,1787066502484584
4qz6Fqpqtw8Po5ECjcJkGZ6K5j3GKThewDKNftvApump,1,1,False,0,14451,0,0,1,0,224921081,0,1,-224921081,0,1,224921081,4,1787066502451580
9XfmKwgqq6J6i9i92QXnkif6RiLcHyZibqtHDCXr54PH,14,14,False,0,14432,0,2701,14,4,8315447849,4,8,2167888124,1734,9,5298150787,4,1787066502432584
4nBuV1v9kBULknEuo2feWTpDyzd6RrXesjoArFskpump,1,1,False,0,12111,0,0,1,0,128395059,0,1,-128395059,0,1,128395059,4,1787066500111526
EvT6AkMZX7xBdMZkYqUejaxxFj2o2KwznTPFVCyXpump,5,4,False,0,9846,200,229,4,2,698518517,2,1,349259259,200,3,648518517,4,1787066497846756
BXzHPi7MPfNvmzGoDMkS8r5RQ25wMiXdHG3SCNgNpump,36,36,False,0,1220,876,7057,36,9,28424993679,5,19,2224799726,867,29,27057934421,4,1787066488220661
9RY5FGDWxJjHtBSsP1XvMBErE8gN317PVqCVoV8Krau7,2,2,False,0,29426,224,0,2,2,686478454,2,0,686478454,224,2,686478454,4,1787066470426359
AzsAnEYfUVALdvmgfnUUt2ge2oNAAa2HPakZjU23pump,1,1,False,0,22127,0,0,1,0,5481144,0,1,-5481144,0,1,5481144,4,1787066463127313
752y1QBLEaug9K1XFsn4zLkM9JioFV3dCXH5diUpump,1,1,False,0,19810,0,0,1,1,5233068,1,0,5233068,0,1,5233068,4,1787066460810895
CYNjhNuWMXjciGq4mMteXgSXym3no75du3AJVUzFpump,1,1,False,0,16132,0,0,1,0,880395645,0,1,-880395645,0,1,880395645,4,1787066456132686
9RmTCsQzTTiCz6udn2dfhXGRytYZToZun5pRKYXUpump,15,15,False,0,13471,,0,15,2,0,2,1,0,,3,0,4,1787066453471685
8Z2ayu92jGqrBKivkrGUUF8qFVKrjniMQ9uMZ277gR9i,1,1,False,0,11211,0,0,1,0,2794769497,0,1,-2794769497,0,1,2794769497,4,1787066451211336
9SziKybT5q7Mm6MRtT9KE8Kx4X5agsgnD5iazdogpump,2,1,False,0,11206,0,0,1,1,85005359057,1,0,85005359057,0,1,85005359057,4,1787066451206336
EMHd2RYku9hXGw2Vpz9GRjVTaPhscVpmqcdfiCo1pump,1,1,False,0,8834,0,0,1,0,225357100,0,1,-225357100,0,1,225357100,4,1787066448834276
DsyENQYWNvZNrLK9UrmJ2MPS9KG6R8UmbQjecmrjpump,10,10,False,0,8762,0,9512,10,2,301380934,1,1,73586860,11,2,74257708,4,1787066448762273
WpzkBmE1SibGgVynPWyVRPuYZJR9mDais5g1pPfpump,12,11,True,0,8755,0,0,11,1,107547,3,0,29331,0,6,58662,4,1787066448755277
F8UPt8AiBFQosL42tCzKH1Jy6q3v2TkVqgXoi5PPpump,2,2,False,0,7493,0,2385,2,0,165844125,0,1,-29701674,0,1,136142451,4,1787066446493067
93PWoMABzHxyc9ybeRrWn2NTRSVfyZ7iddPJAZLopump,1,1,False,0,7486,0,0,1,0,255457436,0,1,-255457436,0,1,255457436,4,1787066446486066
B36yvmToe5inYF1DDdC6MiyRtzaaHDgVt35xFMWzpump,123,122,True,0,7447,13,4934,122,4,13166261242,1,106,649988509,303,119,12893767298,4,1787066446447065
3v8gB3emTYnvejfBjnLAYU7ByjmwHs3wXSW7V4UYpump,1,1,False,0,7445,0,0,1,0,733759219,0,1,-733759219,0,1,733759219,4,1787066446445065
9afdTzWpQKihGLYDfAZxjMxe8erdRTttjP8ZPk9TzEck,44,44,False,0,7431,16264,1862,44,32,50066595400,17,8,20208395049,9676,35,35980352939,4,1787066446431070
KmmYC2hyBYYawxEkxxxfJoXojDyNroqBybbtECPpump,55,50,True,0,4949,19252,2370,50,40,13723129739,4,4,1738801659,434,6,2515747660,4,1787066443949263
CzWkQz2JVUFiqAU1yxtcSdYHd3xXo7r2WjvDLB5Wpump,5,4,True,0,2459,5901,0,4,1,383698517,1,0,146535826,0,2,207405313,4,1787066441459552
7ZmkMohJauEKjkP72GXEroDJ6UfM5SwHErnxjgfhg4uK,4,4,False,0,173,0,142,4,0,908390719,0,4,-673352973,0,4,908390719,4,1787066439173205
45j5ZJ9ecdUZpBNbFyKc8SjR4WYvj881TKn1tsLypump,5,5,False,0,128,0,5663,5,1,344713310,1,1,56581208,0,2,178809943,4,1787066439128205
8dGkVisCHAKGdKSBebaq9q167SP2QVXBtT7S8K6Dpump,1,1,False,0,35645,0,0,1,0,7723740,0,1,-7723740,0,1,7723740,4,1787066426645261
FnSSQvEEeBg96T2VYHULmMb6j6WUUrevgcb3zwJ5MW5R,2,2,False,0,31731,302,0,2,2,497185183,1,0,399407406,0,1,399407406,4,1787066421731273
2c7mZmonAP2NTCKsXoH4JdsZQb4XuY92CNfPx1sBpump,1,1,False,0,25821,0,0,1,1,93816918,1,0,93816918,0,1,93816918,4,1787066414821312
4qFAdWjzJCmD69aS4C9tCZf8Sub1MQTYXc2A4qimpump,9,8,False,0,23387,8604,562,8,6,19013983515,6,2,17655139905,8604,6,17655139905,4,1787066412387266
F8BCpwWPaQfkPJ8Fws8WCk8FGUHV7j3PkDthBNpQEPkM,1,1,False,0,18697,0,0,1,0,23510560,0,1,-23510560,0,1,23510560,4,1787066407697138
9qsGthDGZKBPLSYCZmJ82wyu3qBW1qWMuQiqcU4opump,5,5,False,0,11523,16341,0,5,4,1943871483,1,1,1234567900,0,1,1234567900,4,1787066400523248
ptsqjgReVCSHFJHhcGiQ2j9RpeTPqnMkQ1p4SVfpump,9,9,False,0,9301,0,2089,9,2,13472323521,1,2,-34556761,1463,5,9697583527,4,1787066398301743
GxttC5QrEmNWudJJhwfhqDcpUU3oUoXqhirAM47bpump,2,1,False,0,9293,0,0,1,1,140021877,1,0,140021877,0,1,140021877,4,1787066398293681
3ArNuayHXEspRmA1zTAAgdhvkWdAkfZ1X5o7XmaFpump,1,1,False,0,9247,0,0,1,0,1406353349,0,1,-1406353349,0,1,1406353349,4,1787066398247680
F1ekXG2zhNhw2L44tpX6z8D46j5ztv7ds2cyA2Gppump,28,27,True,0,6717,0,9983,27,9,426884447,4,4,46610625,6535,10,190857093,4,1787066395717857
F8x1tFDtRNpdvNR29htFeak8Azi9TV3woVSSSGfq2EJ8,3,3,False,0,6708,560,0,3,2,2987633248,2,1,977777777,260,2,2009855471,4,1787066395708858
36cgrUfUhsoXaM7ez9yJfCj3mk76UedWhQdDLM68pump,50,50,False,0,7670,11399,6705,50,36,37629072416,12,4,2943209876,2351,18,13196675071,4,1787066395670858
9rAVYs95WVcz8FoUCQXcsUa4iUPmpX5uvfj3iKiMpump,5,5,False,0,5326,0,1895,5,0,4735420909,0,3,-777123572,0,3,2401754617,4,1787066393326520
96cFnwPyQ15MexCPH8Lrm15ztqRmfJDZeSWtpCSuGgo6,7,7,False,0,5298,3792,1362,7,4,12379293720,4,1,7359369242,4112,5,8321529422,4,1787066393298519
72hxKmcdYuMLS8WhDMiRPKAYvy1BFZvgcHS4MxiNXEmj,17,2,True,0,2811,651,0,2,2,1992470210,1,0,1281359100,0,1,1281359100,4,1787066390811524
9GtuBueDfkjHChXfMyGyDZghhfrhBeAyQ9upUu4Ypump,1,1,False,0,338,0,0,1,0,9874,0,1,-9874,0,1,9874,4,1787066388338801
BBLv9kgY4uAeQfwfXJxiiiaPVEuvAFtUiKuUtZCoPDmd,6,6,False,0,25546,2066,970,6,4,6851498241,4,1,4259534421,2066,6,6851498241,4,1787066372546370
7EJYJjwt1vUyVhmx34WarLpgr8VvXfrpikE1pdVGpump,2,2,False,0,26536,1534,0,2,1,81261219,1,0,41226388,0,2,81261219,4,1787066372536375
J2bpt4tWFNUdawud8FcZ31QiAVfJY8emasAhAuMYpump,1,1,False,0,24479,0,0,1,0,7854231,0,1,-7854231,0,1,7854231,4,1787066370479349
AWpn9PEyQHNCgGJ6SSxhEKd1CpkPBuBkWsN4v9U1pump,2,1,True,0,24425,0,0,1,1,167789690,1,0,167789690,0,1,167789690,4,1787066370425344
DFDfVTsqDm7MQ46XJSXHC1wbsuoLENepmDMC5G7U4155,4,4,False,0,21993,0,1854,4,0,4546580750,0,4,-1306674290,0,4,4546580750,4,1787066367993513
ERFMWTyubLBgoruM2gw86g5REGGkjCeHSLuMxyeHGPcQ,3,2,False,0,17701,0,2653,2,1,5740625000,1,1,5000000000,0,1,5000000000,4,1787066363701076
CeAwjR2BMhbCE41CXwMM1WbfURZq6TLiQvP56vsPpump,2,1,True,0,13920,0,0,1,1,3422222222,1,0,3422222222,0,1,3422222222,4,1787066358920154
E4qGdhPQkAfjGFQv8z8vZZjw6jSaH6HHFNGfFqkYpump,1,1,False,0,11508,0,0,1,0,1774118,0,1,-1774118,0,1,1774118,4,1787066356508058
9EtWj1CTtrDYRG64Qiifi5TXNnLzu1iFCJ7kgTyNtS9v,1,1,False,0,9584,0,0,1,0,155379102,0,1,-155379102,0,1,155379102,4,1787066354584008
6QHpHEY3bDriTp3wS2jZ1kgCRAw2gxr5917cwKKXpump,2,2,False,0,8346,118,0,2,1,162733747,1,1,64065454,0,1,98668293,4,1787066352346959
9y5vEvuryHsZU7oyZ2hj3b28uCdZERE5B6EZd7FTpump,3,3,False,0,8315,1910,2912,3,1,328299813,1,1,91437470,0,1,166048811,4,1787066352315955
9rk4CTUc7BBGy9cTMpPtvjjrmSQ5MXkrxcQz8582pump,9,9,False,0,5897,389,585,9,3,868909498,3,1,742058454,389,5,792073626,4,1787066349897827
2TeeNpNVkSW5qBjhPveUomtQWz3jjKQ4QVYXjierpump,19,19,False,0,3546,676,6535,19,6,4179633815,6,13,1955555557,676,13,2224078258,4,1787066347546325
FRN1Gtp5evPT7ejGkkEp7P4ffrkPu7E7xjPNqFXpump,2,1,True,0,3516,0,0,1,0,69737697,0,1,-69737697,0,1,69737697,4,1787066347516327
5UbddY8MEzRzgW61r2gCBynCdvSVJWUvnMucAKcxZAFQ,16,3,True,0,3515,352,0,3,2,2294046300,1,1,970777612,0,2,1258718223,4,1787066347515325
HpjtBcyRhcMxW8BjftH3evsg8ASgMua8K5DXHm4apump,2,1,True,0,4504,0,0,1,1,285087,1,0,285087,0,1,285087,4,1787066347504323
EA7RhMjFhyixeA6naXLk4XCdnhN8sj7tKZEx17qnpump,91,68,True,0,2340,1408,6592,68,28,39989334672,5,5,3344553408,1536,15,12784098569,4,1787066345340769
AEs5xrbnBnNmnSZ5J1tuQqbadnKTJLDtJv6h4LgTpump,2,2,False,0,2302,0,47,2,0,253303770,0,1,-71947549,0,1,181356221,4,1787066345302811
G6CphRFTadysW9SP9eibctG6EdzqfTmzmoKBuY31pump,1,1,False,0,2296,0,0,1,1,1284802879,1,0,1284802879,0,1,1284802879,4,1787066345296550
EFFgkA1cifkq3iTUF2tJUKuPyKAoRbBoaotVTdN6pump,19,19,False,0,2262,0,6259,19,9,1702887311,6,6,310222535,31,8,1391539333,4,1787066345262443
6ru7J1nED2JceVoGUSssBD3yXrLg5BX8UHE5wbFjpump,2,1,True,0,39593,0,0,1,1,331204785,1,0,331204785,0,1,331204785,4,1787066340593588
ACL9ooDZ66UdiuHqQqsemmYKfcUghtYMVbZToKxEpump,5,5,False,0,30194,2229,0,5,5,4413075781,5,0,4413075781,2229,5,4413075781,4,1787066331194662
2vWTy8ZGA6hJgLYxjM9x2yoqcLwbLpb2pMVm1jzxpump,1,1,False,0,15293,,0,1,1,0,1,0,0,,1,0,4,1787066315293519
CvpmBHqdPLLK3tAMyoL7v4Zuy4htrTGTMmxuV1dmhTd2,1,1,False,0,13048,0,0,1,1,19555555,1,0,19555555,0,1,19555555,4,1787066313048659
CdSGEJf78fJa8j7Mc6EZgV6HnVwogEgmd5eY5cq8pump,1,1,False,0,9810,0,0,1,1,49382715,1,0,49382715,0,1,49382715,4,1787066308810698
2x52DqYfrwgZVoBvv8wsUcL4yA7gaoo1YdUTEoBYpump,4,4,False,0,7477,1335,0,4,2,27677681,1,1,4977931,0,2,20416211,4,1787066306477860
DSDvBY17VQoEWMaZxivedBeGxetBTbNru7fF2KNX5y2F,5,1,True,0,7465,0,0,1,0,9436549,0,1,-9436549,0,1,9436549,4,1787066306465862
8byoAn15FwnCTeJcrYRdrRFTSBSR2ZmE7hbDEErRpump,151,14,True,0,7460,6643,463,14,8,7591903950,3,1,2962962958,954,5,3070617277,4,1787066306460861
8is651tweFeTdWwqZV56RevF9UmdfKRiBZJE9ftpGcPS,6,5,False,0,3018,725,676,5,3,14993088106,2,2,13101482327,531,3,13496544054,4,1787066302018596
754NmFdRmxEXuUPLBy5raM5QW48ie1qV6fUYCcRSpump,296,236,True,0,2928,19821,7952,236,49,11162593035,3,98,593420314,144,178,3861877631,4,1787066301928596
HCQGp2EpU2ZDrdDpt1RKA5jsyKMiuTCkXxfr7Bbepump,30,30,False,0,687,193,4416,30,24,2049711377,5,2,223487822,102,12,1198665803,4,1787066299687596
9uKyHUwn97B5dyEppFj9yYM6RS2wxSf8JuRERJxypump,3,3,False,0,671,22,45,3,2,193566137,2,1,97777777,22,2,97777777,4,1787066299671596
PPSqVJkqo4kUdxtEiVhavvxC5pYhrnZY767R5Hipump,16,16,False,0,656,1240,2199,16,4,16671454376,8,4,5866666666,1548,12,8266391737,4,1787066299656598
2eTsHrcsxWxpnwFVEGwEutdRySEy44mnzgZ54JfHpump,6,6,False,0,36963,236,2574,6,3,1612728699,3,2,1401481479,236,3,1401481479,4,1787066293963524
paZafJrK2jTf4pJkPnXwC7MN8fScMsf7scXtu4hpump,1,1,False,0,33161,0,0,1,0,870932147,0,1,-870932147,0,1,870932147,4,1787066290161671
3YVwekptG83VNCGNB2mWRVmnNAzsxyUqMU5TBR6xpump,92,2,True,0,33154,292,0,2,2,836543209,2,0,836543209,292,2,836543209,4,1787066290154671
3vzHTbug23rAxSZRwDLSR4BTTVF62ZrYP32hdkYcpump,1,1,False,0,33151,0,0,1,0,1481481479,0,1,-1481481479,0,1,1481481479,4,1787066290151673
FGcy21LZayyuGwML8iBqL7UkWuNDVLr4pMQujTYMDVy7,2,2,False,0,30859,239,0,2,2,1201491522,2,0,1201491522,239,2,1201491522,4,1787066287859540
BsHg4R8PhU7nqDF4CD84yd9srpwNjTM4BXMzDc1ia6qT,14,9,True,0,30829,11096,3923,9,5,5700577966,1,3,1481481480,0,3,2274405132,4,1787066287829540
BUXQycQFFkN1TVr7mQ61pc8Lk6jfr9vn8QHQAcGqpump,1,1,False,0,29768,0,0,1,1,88986135,1,0,88986135,0,1,88986135,4,1787066285768743
D25DYDB92NG22SDVfQFnHwm9W6VJHqrN843A2wa3pump,2,2,False,0,27911,500,0,2,1,1255962596,1,1,225287404,500,2,1255962596,4,1787066283911951
HbhHEcMXj1tQ9oAH1nYroQH5sxrQhYTFqc6RtKE6pump,2,1,False,0,27907,0,0,1,1,69135801,1,0,69135801,0,1,69135801,4,1787066283907950
7ND6vF1UmRugwCrFU1RBjgDfrK4NBoPZcRAd7atATCn6,1,1,False,0,26627,0,0,1,0,987654319,0,1,-987654319,0,1,987654319,4,1787066281627537
8sZAmae3zbjNXKUby3D6sSnCnCahZYGa5gQnaziLpump,1,1,False,0,26625,0,0,1,0,50084893,0,1,-50084893,0,1,50084893,4,1787066281625540
6SjNgtGU1Yz8Eyhrg21xZrScnEWtb8pgEbMfryHGXjto,2,1,False,0,22459,0,0,1,1,50000000,1,0,50000000,0,1,50000000,4,1787066277459820
HL8bunGjs96pH6jXMGGqKnUke9pwFaMiUJFAHgBYpump,2,1,False,0,20163,0,0,1,1,13432097,1,0,13432097,0,1,13432097,4,1787066275163820
6d7Xcfkqinfcyx15j8YMZQ2h5jF9KS5tvsP7YKftpump,2,2,False,0,17750,0,166,2,0,576392876,0,2,-316985347,0,2,576392876,4,1787066272750074
4PJ5KELr6hM1fG3ZujxcYsGuC3WKFNWCpM2Kd6C9pump,21,20,True,0,17682,0,9861,20,3,208054390,2,1,22047046,891,3,47519072,4,1787066272682073
3xAdk5Ljb4LcaQ4EUYXgHcxuBTURwxaMuWEoTLHnyvc4,1,1,False,0,10929,0,0,1,0,970248442,0,1,-970248442,0,1,970248442,4,1787066263929001
EPKnb1gSaKMQ16pd5gBotaRTFTBayDbp8GdksjdApump,8,8,False,0,10891,834,3488,8,2,9901677703,2,4,2688888889,834,6,7889056849,4,1787066263891001
yZ6ieky2qidSDXDfcn5gBLbTon9U83y8kvpAtoVpump,1,1,False,0,8431,0,0,1,0,178795382,0,1,-178795382,0,1,178795382,4,1787066261431444
3PU8DotQS2zyyJvA2Tgra2KxA8GNzL7X1JqSH16Cpump,2,1,False,0,8411,0,0,1,1,1975308641,1,0,1975308641,0,1,1975308641,4,1787066261411444
GkWGVxec8hiVaG2Rt4dhaobbz8Ki3CxLHSUCYWy1pump,2,2,False,0,8408,0,711,2,0,2297777776,0,2,-1170676084,0,2,2297777776,4,1787066261408445
Di6zMhERJeMbZa3EiM7VkSG54PnD5HB1JnmRdM8Tpump,7,6,True,0,6844,11,4015,6,3,36501356431,2,3,14084968196,11,3,22367499347,4,1787066258844257
7PGgVyUou7hVHmV5YZaPAYgGwhSfBv6wq68yAa7Zpump,2,1,True,0,4556,0,0,1,1,76187879,1,0,76187879,0,1,76187879,4,1787066256556803
HBpmGs7eVPCZZLx5ec1Nk8y6UiwV5efAVoAmPki4pump,1,1,False,0,2350,0,0,1,0,184034017,0,1,-184034017,0,1,184034017,4,1787066254350403
DMXBsVBwfuzc5axa2vz6Ba2BzAxcUmn6V7ZtsJFEpump,82,82,False,0,2321,44412,2326,82,45,46996947283,7,6,8869135800,2754,17,19585987474,4,1787066254321403
BUqx8UFh2qFZBFVtvBcSHJgHJSVFJYLBNUAy2uRdpump,13,13,False,0,2289,0,7067,13,1,2454236880,2,2,35573485,2156,4,2238665301,4,1787066254289024
FUe4dRk8jBJ9L5wHnBRhH4oppmQN6VmqJBdtZuh1pump,1,1,False,0,2270,0,0,1,0,1354793160,0,1,-1354793160,0,1,1354793160,4,1787066254270024
9hWpUCEY5PA7qRFb9f3ou5DTpVzTu18J3VfUKgxdpump,27,27,False,0,5,2313,9990,27,9,172405144,3,1,11693905,15682,5,42654400,4,1787066252005082
8fuoufUhtd24HVTe33Yt1eih9gBx2SfSscrnNPB4pump,4,3,False,0,2,435,0,3,3,1654320985,3,0,1654320985,435,3,1654320985,4,1787066252002079
CW3pfVXkKDCegs8T6icu9RZD52c214KvpPXcgCefpump,22,22,False,0,0,148,828,22,19,2943128698,6,2,358221574,205,11,2450428450,4,1787066251983075
7tzbWvVZ6DuvpAMyZRb5hzkc8F6oXfmVhfhBwRcrpump,1,1,False,0,36789,0,0,1,0,103699,0,1,-103699,0,1,103699,4,1787066244789221
GeeaupAH349xivTwzTP9XjNUZjiwmKmfXryh6BEtpump,19,19,False,0,34498,0,9297,19,4,151883695,5,3,21728392,80,8,64235602,4,1787066242498553
A7QcYqVSvD5edsB7FuZ1W2dq7a6huXE6X29hgzy2pump,1,1,False,0,34422,0,0,1,0,1048915183,0,1,-1048915183,0,1,1048915183,4,1787066242422551
HywDGuEWP2La1oBokids5bxCVdLYiVAsCnegeED8ZjbA,257,20,True,0,32373,33286,1223,20,8,5199040611,3,3,980683507,378,4,1411371861,4,1787066240373552
8C3L2dHAJUudf3ga4qjcfam8LnitgiqRREcWHyFkpump,1,1,False,0,27830,0,0,1,1,114528183,1,0,114528183,0,1,114528183,4,1787066235830684
ChWb52vvK2Uwo4c4NZ6W6bVKAqNDN3CXxoKiSrtfpump,1,1,False,0,28815,0,0,1,1,29481480,1,0,29481480,0,1,29481480,4,1787066235815683
62XqhzuJcJz461uQuG2KHpvWvmXBFW82P4SNEUydKg2B,12,11,False,0,28787,3931,3873,11,10,10580891550,7,1,8591981107,3676,10,10580402662,4,1787066235787682
9F9HtSj2xbC838JhA8u3RuCBHnQLVvk7VExzaKwMpump,1,1,False,0,20435,0,0,1,0,489822503,0,1,-489822503,0,1,489822503,4,1787066226435765
EsQvfeqehMe1kpsvgPhv5WRKrJPcZoAtyX6kFF2spump,2,2,False,0,18033,0,901,2,0,2897773007,0,2,-1447719302,0,2,2897773007,4,1787066224033177
HPRSwJVbSVhgqutT1f7XK5eg8sCYMQuDiSj4hNx7pump,51,51,False,0,11232,11921,7712,51,43,8770240724,9,2,804886211,247,16,1672041674,4,1787066217232731
DrJboeniDcaJKQmnBVx7wZneCyyWndMz22ZxJKJ4DnPu,11,11,False,0,7422,1158,607,11,4,3270416149,3,2,1805985545,1207,7,3092489635,4,1787066212422308
EoEZ8gDkEDMQd8iE4XJULhQ5rD6FiCUmxpfCvr8cpump,117,113,True,0,5044,32819,5080,113,54,80705123467,5,5,6161501167,1667,13,14369874235,4,1787066210044309
4Yr1Wb8YLLEk6WuRGQmF41nHR9EM6AwSFRLzeQ1fpump,2,1,False,0,2654,0,0,1,1,100000,1,0,100000,0,1,100000,4,1787066207654309
734UtxFNNSPA9QrMMSR4ceJkDE3jnUgiPV8ZLD9Cpump,19,19,False,0,455,3507,7195,19,6,336743430,2,3,51275670,9635,7,154096686,4,1787066205455695
po8L6arSXh4GDXS6qLv7zqYoyDSMgqnd9gg9x6Dpump,5,5,False,0,381,0,2173,5,1,6359789151,1,2,252156308,1012,3,3648982499,4,1787066205381696
3paBdf62TTCxcUAkqbgTpZfjYkxCvHMFD8r9PGDppump,1,1,False,0,32224,0,0,1,0,1000156273,0,1,-1000156273,0,1,1000156273,4,1787066193224222
61xoWAiuJu9GPwsqA2Uvu4V4CL8JEc5UWQLWomaCpump,1,1,False,0,32190,0,0,1,0,17273712,0,1,-17273712,0,1,17273712,4,1787066193190222
ELYJUc3ccPGAwNX87kkq85xFK1KR84ykUPbLmsaTpump,11,11,False,0,32188,110,9834,11,3,181312491,2,1,98765431,314,4,107537890,4,1787066193188220
JdJdFDxAbD1CyuKpv1uabsEQHqpR2VLkt4tmHgDpump,1,1,False,0,24238,0,0,1,1,124959143,1,0,124959143,0,1,124959143,4,1787066184238910
G5ufrm1ScH9xXCQ1xBXgo2R6rKEqjPSy6ZGojLR2XZTW,2,2,False,0,21999,1,0,2,1,4843879,1,0,3103655,0,1,3103655,4,1787066181999897
DNHkDQ236jFyNq7GNwa4CifdRgTdp5aHwwNfFzr67pbJ,1,1,False,0,19644,0,0,1,0,977777776,0,1,-977777776,0,1,977777776,4,1787066179644817
DJf1zBhEfs8gKmPDbzfbKhREsD9VuhwFjZW3Nk25sUcq,2,1,True,0,12831,0,0,1,1,97777777,1,0,97777777,0,1,97777777,4,1787066172831841
GiceoDuWoNLCvnALzP2rDYgtPeboeCKzSZTXUUEkpump,5,5,False,0,12804,0,755,5,2,2179624257,2,1,488888888,0,4,2173938569,4,1787066172804841
2dTWhrw39Z3CaMsaYL7zm2uhnzegRNDJje2AnPPLpump,51,51,False,0,2294,11178,4188,51,28,53645281908,18,4,21532226782,9796,26,33185652251,4,1787066161294193
9gYgf4dWzYgYtrYXCrXbtHxjVJwknrnM1marMaJYpump,17,17,False,0,2287,469,125,17,12,1820021894,3,3,391952667,169,6,793420632,4,1787066161287193
Avazq6GDxR2ZtgPvoRgQBGwe3K5vddp3FeF4bibvpump,3,3,False,0,2265,4650,980,3,1,291521763,1,0,156025446,0,1,156025446,4,1787066161265189
Bk3sjJSStMzXZyfjE8cjo46XVmv2LAMuEREXadSYpump,7,7,False,0,340,1603,1969,7,2,7221012442,4,1,3422222223,1603,5,3614147763,4,1787066159340586
56sTa6gdQwoFRbYoKYh6xUtJvnzVoPn8WcdyvYHYpump,29,29,False,0,235,78,6219,29,11,17530273479,4,4,1603555555,538,11,9644902318,4,1787066159235720
AyaUSQj8pw4j8keAaiPGBrzV75Ut5W5459vZv6vfpump,1,1,False,0,28211,0,0,1,1,62946671,1,0,62946671,0,1,62946671,4,1787066145211944
hyoGjMM7pCQjqd4ng69qnmY6WTxSXzbVq36MNA8pump,1,1,False,0,28197,0,0,1,1,98765431,1,0,98765431,0,1,98765431,4,1787066145197953
DEGwpm5H4WDajoMAjSdttG98XGCUzAMdCNuQQbDvpump,8,8,False,0,3997,0,9408,8,5,676784855,3,1,185582213,226,3,360321538,4,1787066119997046
BN6hn1Z3agNHvjiR88HrG4TBux7qC5TsDFuWrzy8pump,3,3,False,0,3995,0,5468,3,1,60423208,1,1,22244745,0,1,22244745,4,1787066119995042
FvU1y3JxEfReDVG17i53i7aumcYNe1e9UtjJJMY4pump,6,6,False,0,3961,0,3157,6,0,6999655336,0,6,-410422533,0,6,6999655336,4,1787066119961047
A2xFC17oyjpP5y2qRjbTdtuJW8hZZ5k4pdNjJLUMpump,7,7,False,0,1704,0,742,7,1,2624760164,1,2,-56801496,0,4,2105627309,4,1787066117704509
auFas1D5oqc5d8aakNWDPKU2ahFRVytX2GK3dN5pump,30,30,False,0,1691,9636,258,30,19,5473427810,4,4,1510798112,818,8,2575226443,4,1787066117691510
CzEWFLDqWsd1oc5JPbGox9e2u1MmaEUipFPt5ssTpump,4,4,False,0,1689,0,1984,4,1,6763390555,1,3,-2514694554,0,4,6763390555,4,1787066117689507
DLpB73BLmjiGppBZVp26qDJi5YFvDKSc2VNdLapQpump,1,1,False,0,564,0,0,1,1,72605115,1,0,72605115,0,1,72605115,4,1787066115564140
61V2GKHRF4qst9rJcHTTGcFNupH7SAwhZkPveMgTpump,5,5,False,0,555,0,9515,5,1,2382571395,1,2,379707536,0,3,2001890990,4,1787066115555140
AqmEUVURk1ZzMobyFemaevGUERhxXiNiK7ot7tmspump,2,2,False,0,543,0,22,2,0,67284222,0,2,-31801354,0,2,67284222,4,1787066115543142
GYPxqUjgrbTZhioiX7tg3h4hPYq2zWs4MbfaouBWpump,5,5,False,0,538,0,1514,5,0,4396738199,0,2,-66639812,0,3,2705584073,4,1787066115538141
2sRN8XEvbqC3TsAfGjFYSBBTv47DgwPhPfkAmikQpump,25,24,True,0,533,0,5353,24,3,5299365933,5,3,244444444,70,10,2433025533,4,1787066115533143
4GGwW9ZYvXr6BvdTvRDBReETqEEBBiB9PxJUCQDXhHbo,3,3,False,0,531,0,836,3,1,7927195300,1,1,5925925925,0,1,5925925925,4,1787066115531141
2JjukK53nwk8ChyEg8MQncAikcswKAfAYwRLezzfpump,5,5,False,0,510,0,2773,5,0,6551111109,0,5,-1261682348,0,5,6551111109,4,1787066115510141
3muXZoEoewTFNJFTENFRpaagQ3cGm3CKKy41CtUxpump,153,141,True,0,505,16068,7103,141,59,85387100115,8,11,18498623058,16225,19,23821849586,4,1787066115505141
EKazz6J8nsmTN2mXuyQ8dkEE1KvzQfvN49SBi1KBpump,4,2,True,0,37545,80,0,2,1,181460517,1,1,131683950,0,1,131683950,4,1787066110545052
9FVid2gUJJzeo1P416AEPECZNQAs8T3UNaPG7fAypump,1,1,False,0,38484,0,0,1,1,36507003,1,0,36507003,0,1,36507003,4,1787066110484055
t9XQ3pDBJCcGXFPHiXZAbxtSCt3K1Je8XURMaBzpump,3,2,False,0,31420,0,7,2,1,19999999,1,1,10000000,0,2,19999999,4,1787066103420268
7avZnWr6EmrSmRqfzxphcZL3RwXoNroaiBsM1hk4pump,1,1,False,0,31388,0,0,1,0,334732756,0,1,-334732756,0,1,334732756,4,1787066103388264
8tahYLGHLcfmUo27x5ckwwCuBvBHVyHAoV6VGKX4pump,1,1,False,0,19317,0,0,1,0,55925,0,1,-55925,0,1,55925,4,1787066090317114
7xi6pZ41MUX5TVrx7w96cYRqs3cLYqHbZZWGwVgDpump,3,2,False,0,19298,0,7,2,1,19999999,1,1,10000000,0,2,19999999,4,1787066090298114
3igZMv9Gk2s3NaewXosKVbiFppLT828tGiZSgPMKVpog,12,12,False,0,6429,5654,0,12,6,11851851839,10,0,9759321939,4451,12,11851851839,4,1787066076429110
BUR6uUd5Q6usT2o7kP2MB5RZfzbHHovoHryzbZ2vpump,4,4,False,0,6373,3515,3868,4,1,97983086,1,1,17952209,0,2,68706310,4,1787066076373111
2pd9TSp2cd9VPztCUbULEgyTpPtVJt7fjWU7Aq9g6chy,8,8,False,0,5174,0,2692,8,5,7033164421,3,1,987654320,193,6,6515235653,4,1787066074174915
Arh9yqh5mUhRFnRdACu1ZqaMZ5xiMFgx7g2J9AXwpump,1,1,False,0,5150,0,0,1,0,34592096,0,1,-34592096,0,1,34592096,4,1787066074150914
6sgpaiVijqLsiVQMHoaNZh8mAFDqXsEGS7z3Ffk3HChZ,4,4,False,0,3107,0,585,4,1,2703329912,1,1,-210305515,477,3,1995538154,4,1787066072107382
EJPHSgz8n58KbyBMPwvvmrJ2E5AZiYCFoSxQtFzxpump,1,1,False,0,3054,0,0,1,1,56062244,1,0,56062244,0,1,56062244,4,1787066072054382
CCwMj1iJvQ61akakwhz3SD1op5AjdTgfuevdAFNMpump,33,31,True,0,3034,1247,6917,31,16,17568033681,5,5,2280836136,1327,12,5764760526,4,1787066072034383
6NrqtoD8XSCKag5MQUqu6onEBLAiddVw4E1GjA4Kpump,3,2,False,0,987,0,7,2,1,19999999,1,1,10000000,0,2,19999999,4,1787066069987319
GyAZ4x4it6NMvGezqM4zvLLboaT5PvQs8rq9SwDwpump,27,27,False,0,892,392,68,27,23,1379741653,5,2,272341986,86,11,601389056,4,1787066069892319
4cvn3z1qb5VSWtnT2W3ZmSUZ5VMp6erUPQPPoLo8bdiM,16,16,False,0,889,5173,2430,16,7,13387789748,4,6,5840447778,2683,9,8284892222,4,1787066069889318
av28PGBE9Fwz7768iwNhcwMELFk2A9CMVR7Y2RG6H4K,1,1,False,0,35460,0,0,1,1,173729313,1,0,173729313,0,1,173729313,3,1787066062460980
D2LRdZqyuaWyTAkqF2jCMyaqjTg2X33tVdLpQWqppump,1,1,False,0,33263,0,0,1,0,33775767,0,1,-33775767,0,1,33775767,3,1787066060263951
8V8BR2XgvKpwE2NT3M4q67vHPfPffaukKNsU1WWUpump,5,4,False,0,33237,5187,0,4,4,11900000000,4,0,11900000000,5187,4,11900000000,3,1787066060237952
WYV2o8EkysUeECWuGmLNbtWKcvXdXiDL1FWB8ybpump,1,1,False,0,33211,0,0,1,0,101124457,0,1,-101124457,0,1,101124457,3,1787066060211952
ACZauFEprmiEDsPhFqUD84Ssmh2tRJFNC7LpMXCipump,5,4,False,0,31490,2273,0,4,4,6559048179,4,0,6559048179,2273,4,6559048179,3,1787066058490802
5G68hVFL7KZAUWdLZFBuzLyG4vLgcwHAkDJvprjabr7y,3,2,False,0,26556,5,0,2,2,7844443,1,0,6844444,0,2,7844443,3,1787066051556394
F37Dcoc8SteeLQMbJ7wUXceLztQoHVi3dC7eyqZtpump,2,2,False,0,24605,0,572,2,0,2248657364,0,2,-1202923625,0,2,2248657364,3,1787066049605346
E63vD8AxNDAySjvzyVNQP4FNX6NWeUiJfW93Si2Zpump,11,4,True,0,24601,226,0,4,4,5191894471,4,0,5191894471,226,4,5191894471,3,1787066049601347
E7w2RjBdKD9Nj8ASAgU5ZvauKeY6r5Rtkg7TDJTPFzg7,1,1,False,0,20803,0,0,1,0,46774481,0,1,-46774481,0,1,46774481,3,1787066044803039
9ioks99qfhk3RvJ4R6gemw96ASmjkRXNsabEjZSapump,5,5,False,0,20779,63,1863,5,2,947724352,1,2,259942813,0,3,473765831,3,1787066044779038
CEEgCzVSVBpxb3BLARQmVcvq8AhnmTPqzT13mRM4pump,1,1,False,0,18875,0,0,1,1,119863037,1,0,119863037,0,1,119863037,3,1787066042875040
CXWRoTsvSqr2GcajhC1jHeZ8dhsgmJ4W5d5W8nSEpump,1,1,False,0,17552,0,0,1,0,259848934,0,1,-259848934,0,1,259848934,3,1787066040552528
CpHpGDyzwuTM9DMwZAcYDzwi8LCNDidmiRvFk3Ekpump,2,1,True,0,17552,0,0,1,1,1274888558,1,0,1274888558,0,1,1274888558,3,1787066040552528
93KqxMgn2sRWnyArHcsDmFvujGLSkYKT5EUifFvJpump,10,1,True,0,17536,0,0,1,1,5000001,1,0,5000001,0,1,5000001,3,1787066040536533
4De2DM4jEFeVnKmxftkWzVgpZDSQdipi7JCyfWyHpump,1,1,False,0,17483,0,0,1,0,990589399,0,1,-990589399,0,1,990589399,3,1787066040483530
5voxpVWgGkVVp5ANQZ5F4xFV82bqjhXsyJmkDZt7pump,1,1,False,0,15224,,0,1,1,0,1,0,0,,1,0,3,1787066038224558
CfEU66dXoqxEoVhuKMPrKvesYjiiZXcxsntWG94Mpump,3,3,False,0,13949,2973,358,3,2,1454475294,1,1,493827159,0,2,781581009,3,1787066035949174
4wWUG8wWaF5dHCuxBHBuUt1igokmAjsvsEMHJwPCpump,9,9,False,0,13919,4310,1979,9,1,162857618,1,1,10864196,0,2,65116136,3,1787066035919178
4ovLa8niyLdr7Di2NpmtP2fCQoKuZPbbxmwrAMxbpump,1,1,False,0,11845,0,0,1,0,353,0,1,-353,0,1,353,3,1787066033845174
4kABDzHYWtuNYyYTpTHLJxzgyKyrCfLWD8o14PHKSEgw,1,1,False,0,7212,0,0,1,0,106543376,0,1,-106543376,0,1,106543376,3,1787066029212304
E7SpmNVmGpanvoeFnPkWKMFoTvKJDW9F1q1yvMxMpump,1,1,False,0,5820,0,0,1,1,6117696,1,0,6117696,0,1,6117696,3,1787066026820325
8FHZpb2kRwBiqkT4wVmyxDS1R2eHEdyo2mxBTthppump,5,5,False,0,3573,0,2269,5,1,6420920972,1,3,-21676642,0,5,6420920972,3,1787066024573287
GEJHipUhtpAfKinhkJED7YojsvT6L94e9mNxmu38AUMk,1,1,False,0,3569,0,0,1,0,25052134,0,1,-25052134,0,1,25052134,3,1787066024569286
CKQ8Yn9cmzBoMM4JjshBciaz8qmMqwGxE5BVXHzspump,4,3,True,0,3538,0,8045,3,2,3143144841,1,1,132533333,0,1,2995870769,3,1787066024538287
CJBMBkXm6eLCf5x377TwxQY3aXRoUD73Vnf7xVFyv9Fg,2,2,False,0,2337,0,166,2,1,519885625,1,1,259942813,0,2,519885625,3,1787066022337245
9RWmsbDB4r5TX3U6q2PEZ35ovuz7Cv1Xyy9gjuUMpump,2,2,False,0,37437,211,0,2,2,686478455,2,0,686478455,211,2,686478455,3,1787066015437617
yE9HaCVdg285cTfCDSDQUPVJSaFpXWjyFxqNmFKpump,1,1,False,0,35091,0,0,1,0,2033739,0,1,-2033739,0,1,2033739,3,1787066013091205
i4sWhVpq6g7v1y2kXTe5wvahW6frWZiWT45qgvtpump,1,1,False,0,31825,0,0,1,1,987654320,1,0,987654320,0,1,987654320,3,1787066008825929
BkQ13B4rg5u6A34muiyqc3TA87XUuRfbHwiVgn8npump,1,1,False,0,29573,0,0,1,0,60106646,0,1,-60106646,0,1,60106646,3,1787066006573665
BxLFMN5dxh6NbuUN3cJoa25gwq5E5SBkmM48GSokpump,3,3,False,0,22723,1133,0,3,3,2444444445,3,0,2444444445,1133,3,2444444445,3,1787065999723081
BpkPJvqwpfh9fyzxgWBqbsdji4PJMckMd5dz16obpump,2,2,False,0,20297,0,2043,2,0,847249704,0,1,-328919103,0,2,847249704,3,1787065997297347
GR2xzQC4MEfmkZ6W1Sy9hHspQjzqhfgWkXscHYdTpump,8,8,False,0,18176,0,119,8,0,180566871,0,6,-56746,0,7,180510125,3,1787065995176489
AEfbMmKAhrotE9TUjr4DbuDHYGKqmRzETmHjghaPpump,1,1,False,0,19146,0,0,1,1,179530882,1,0,179530882,0,1,179530882,3,1787065995146493
9p84LCs5cvAhK5zTW8HSdn1Ps6ntiQjwmsTEMkPGpump,2,1,False,0,17165,0,0,1,1,148148147,1,0,148148147,0,1,148148147,3,1787065993165426
Adwsh1zWuoS8JMiJeNP8srvGJPV6yZRKWKQ6bKhNpump,38,38,False,0,14695,2366,9939,38,15,719380992,6,3,170336262,1981,13,249457223,3,1787065990695832
HiyxgZp2kbtRABCmda5vLey6sVcZki5Hg8YVfAmmpump,4,4,False,0,10394,1485,320,4,2,4632930313,2,2,2211514131,1485,4,4632930313,3,1787065986394950
6aNcAXbqLxzRtsSzYqbAVFhnhV1pq9BpRwhfxCZwpump,70,29,True,0,8125,95233,4315,29,2,2923322459,2,2,329887170,3075,5,572930202,3,1787065984125394
CyBa9vpBVntr9rnVg9xQTq9PwZq35VW1Z7z4UuVEpump,2,2,False,0,8057,0,1871,2,1,3841941661,1,1,259976603,0,1,3581965058,3,1787065984057392
DzHCzW1YuXJXKGWpxkBiSWkrqRPYwxftG9ytbtRwpump,21,14,True,0,4663,5592,3773,14,11,16964688747,7,1,11234905000,7414,7,11234905000,3,1787065979663447
wruRZnzAAJwMV9dYB8DNGo8Ak5AZcWfxzFCgShvpump,71,71,False,0,4644,11346,5397,71,46,56918332283,11,9,17840706136,9686,22,26823431586,3,1787065979644446
5Q1TXEM1J4AFwK3JVr1ea9M6d91NHw3eqVuXc2KKpump,128,117,True,0,2559,2247,5255,117,50,32238147873,12,8,5025381026,2166,26,9589788544,3,1787065977559973
9vAyjtKR6nxsAG7zQ7DBpzP73JACNv4tqB4ZWxxQpump,1,1,False,0,569,0,0,1,0,7993765,0,1,-7993765,0,1,7993765,3,1787065975569984
47R6XKxXcTRfMydePQnmah6BsUDbfLizFkUVKrk9pump,1,1,False,0,21788,0,0,1,0,163028580,0,1,-163028580,0,1,163028580,3,1787065952788473
7ieZjiJXVfdvybwSLkpxubFS9wRdMeLbKy2od1Uxpump,2,2,False,0,21786,0,214,2,0,728853188,0,2,-292620951,0,2,728853188,3,1787065952786477
DS9ZKwSjJHBe5qpUcCnbWmVpC8192ZVSWeta1mMFpump,2,1,True,0,21741,0,0,1,0,187866820,0,1,-187866820,0,1,187866820,3,1787065952741472
F8gmQp86FD5BPToSuBzH78bamwBwnAVyf6UPNh6Spump,1,1,False,0,17227,0,0,1,0,72444720,0,1,-72444720,0,1,72444720,3,1787065948227030
2cPtCR16CgmuHWu1YZqmQXdA3DbMVe9oKsfg7JDopump,16,16,False,0,11890,1772,2392,16,8,7242434129,7,4,3375874445,1706,9,4031171806,3,1787065941890687
AmuKDXLtnUGWVqRtxBYcH4iFxLPBELCitYCyAWcUpump,12,11,False,0,11851,3122,1950,11,10,14347127737,5,1,7584000000,2971,7,7584000000,3,1787065941851692
CF2akftHm8VjH3Ct3jpNCAEUqNfH3rPKDR4tiXUNpump,1,1,False,0,9316,0,0,1,1,1280473553,1,0,1280473553,0,1,1280473553,3,1787065939316424
BQGD8AJppfbeUwEvN8GftCbMdPkC1NFgWamyjCphpump,1,1,False,0,6910,0,0,1,1,987654320,1,0,987654320,0,1,987654320,3,1787065936910703
LTZT55fCZm53bPYCyksJkbsReHVEUQ6EssLrrYApump,6,6,False,0,6909,0,5081,6,3,1727365346,1,2,86364443,0,2,1023551657,3,1787065936909702
HAitwTdTkkfbs7U6WDLRddM7ih5KrZQxfhCuwtUupump,2,2,False,0,6874,3,0,2,2,9777777,2,0,9777777,3,2,9777777,3,1787065936874697
EAjgxeuNrE1gNyhyqa2T5n4LJuXV898MKzcWAJRVpump,9,9,False,0,4342,0,1709,9,0,3218977287,0,3,-226872854,0,6,1729486706,3,1787065934342046
9WWmzsfy75fq9fupdc1VbV3pkxC6Bo72SttL9a6cpump,19,19,False,0,4337,66,1071,19,5,2994369621,1,14,105699488,0,15,2730826429,3,1787065934337046
Cfnoqtw5fNWVhEeQL9xTpB8L9dJQ7bRgtpitBzxmpump,1,1,False,0,3102,0,0,1,0,735600352,0,1,-735600352,0,1,735600352,3,1787065932102377
9CefKkMgoGzGwpQmshq4o1VUkBT63RFjjkFboN3Mpump,7,7,False,0,3065,6565,6039,7,1,159209655,1,1,37730315,1238,3,100614698,3,1787065932065382
B1JnhwRpjY9WNYcVJX7JaUHDHZ8Nvi3b6pFUbJnQpump,9,9,False,0,853,0,1184,9,0,2381568531,0,6,-110368585,0,6,806517247,3,1787065929853818
GeZ36sgBR6pRRQKxUzHXFRbtqJvViP3uNghwSmwHpump,2,2,False,0,615,0,27,2,1,101677257,1,1,22287225,0,2,101677257,3,1787065929615818
77nVXyBFpodeqNznEAFL6e7hM2Z4aVQX7EiUHVDVpump,14,14,False,0,522,630,4226,14,4,12323691023,3,8,1860158687,630,10,10290108285,3,1787065929522819
HrX5pyQfv3JL3zEpfLED98Ugqnx9FTxpePy42f3hpump,1,1,False,0,36812,0,0,1,0,2933333332,0,1,-2933333332,0,1,2933333332,3,1787065922812024
DQqJfhVePQGDu7tzSG5mJMaEYXMHfXZsYqhoWoHNpump,1,1,False,0,34628,0,0,1,1,43905865,1,0,43905865,0,1,43905865,3,1787065920628971
M1VnkXh52xk8QKz4mQXn2jKPxGxt3HMNC4GDaTbpump,4,3,False,0,23810,951,1523,3,2,83992650,1,1,60009374,0,2,69148800,3,1787065908810527
3MDxMCLM97cL4TWCUbjkfe8tK7JELLJXeMf7SuaLXds2,2,2,False,0,17048,261,0,2,1,531452980,1,1,485300151,0,2,531452980,3,1787065902048887
78EWR6cSaNeAQHn64pzLJy6aakENq6bjG3A8yVHXpump,6,6,False,0,15866,6041,850,6,3,8694874778,3,1,7621075116,3976,3,7621075116,3,1787065899866042
6yRrxfmbna8VPoe6fRsmft85zPWEhuyB2XKqPgoEpump,1,1,False,0,15815,0,0,1,1,64316581,1,0,64316581,0,1,64316581,3,1787065899815045
LQqRZn5ZQKzsMPKqBEegdWruX6Kh2enHPrCRE9Ppump,4,4,False,0,5286,0,2064,4,1,6924989265,1,3,-2311275598,0,4,6924989265,3,1787065888286740
BeWYjaUbQnd5thLtsycuhdFh4DPgUfbGSSGnVYTgpump,37,37,False,0,2962,16191,9984,37,7,3432624114,4,3,1688681353,3767,7,1688681353,3,1787065885962382
EpEusBNqtyisdnVkCcvYJn7qRvfd5g2uhyxnN2capump,20,20,False,0,2945,2528,5528,20,8,10509440447,4,4,4888888889,1474,8,6030579998,3,1787065885945377
8Rc8K5DsA82qker7WYZ5AYP7gbu8vzJaE5VoEgAYkyAT,32,30,True,0,730,1333,6275,30,22,11437909923,5,1,2545450455,759,11,7097386910,3,1787065883730379
4ibgrkhCfALBStum2zRUXuevmu6FsyzgVwErpSeopump,1,1,False,0,726,0,0,1,0,128649299,0,1,-128649299,0,1,128649299,3,1787065883726378
D7aYTXCXUzDptnp9TFZ2aFDaZzXMyh5eYXJnprHXpump,13,13,False,0,640,0,4482,13,6,10244604785,6,3,4893827159,2611,6,4893827159,3,1787065883640378
8ScXDJAJaDiNPBVLMvu9eVb5VosgZrGH1JahkU92pump,1,1,False,0,598,0,0,1,0,1087080126,0,1,-1087080126,0,1,1087080126,3,1787065883598377
b7fiQMy9TvHFkFYtiCvUUAjnaFtJsUFdzYbUJ3Dpump,2,1,False,0,37308,0,0,1,1,5000000000,1,0,5000000000,0,1,5000000000,3,1787065880308231
BJs65ZhFSrs3VGXBEgvCxF9eBuMfVkrPQAFcgDw9HxEd,1,1,False,0,36016,0,0,1,0,47677728,0,1,-47677728,0,1,47677728,3,1787065878016185
BsRJ2pfLLLx3kfnrPYCXKCo14f1fGk5xHuQWVKEypump,1,1,False,0,22687,0,0,1,0,26173149,0,1,-26173149,0,1,26173149,3,1787065862687092
9wQft7bRhdBiEoXajQ8BawAQvbPrCGNMfvJeJh7ipump,6,6,False,0,17586,1709,1351,6,0,3514342152,0,4,-88319132,0,4,3328614600,3,1787065856586307
EYbYu1BTtFgduBUkmdpEmmTkrTwVj38vyDKfpURxpump,1,1,False,0,13702,0,0,1,0,197530862,0,1,-197530862,0,1,197530862,3,1787065851702353
C2BnFi3FRy5ZFfS6skqALY1SnRTqxrELtotpKWhbpump,11,10,False,0,9905,5187,4871,10,6,24750885778,4,3,11900000000,5187,5,11900000000,3,1787065847905515
8MMxzkC7nC6tWVQZr2Ld5zt3rkGkrcswZnUwEyKxpump,1,1,False,0,10836,0,0,1,0,204071733,0,1,-204071733,0,1,204071733,3,1787065847836514
6gCteDkvNjTsw2dL36Eek7EjiJURz1gsXbrEFjpSpump,8,7,False,0,10827,2806,4974,7,2,151770025,2,2,59259258,1614,4,75885013,3,1787065847827516
4TUTxrTaMjRJBKgEB9CKR8QAruStkB43XuN4884Tpump,13,12,False,0,6458,23488,556,12,9,8132380678,7,2,5214289892,3339,9,6208091440,3,1787065843458001
7z62wLUMmQKqX9dgYnBRX8dmxNgjPgLRkgoXMHUepump,2,1,True,0,3571,0,0,1,0,41221018,0,1,-41221018,0,1,41221018,3,1787065839571955
AtYYkehsx7GyMekkYoH51EpS2EnnCHNmsmjxUeQ9pump,13,13,False,0,3568,7230,8582,13,4,2629712924,3,2,921437946,1057,3,921437946,3,1787065839568952
44HjpkRFfENt7WxUq4oEyVAooF6nMwvFqssY93Ttpump,1,1,False,0,4512,0,0,1,0,4927064,0,1,-4927064,0,1,4927064,3,1787065839512956
FsSX2ZuVRTGC8JyswwL6MUQSWBbJWDNtJUVX38wfpump,1,1,False,0,187,0,0,1,1,103711323,1,0,103711323,0,1,103711323,3,1787065835187840
6RUcauPdNQcJvuYLqhR4bTQPiiEyqZaobRQeLCy8pump,4,4,False,0,0,456,41,4,2,822827019,1,1,678851081,499,3,813947910,3,1787065834899840
GvpyEmFAK7fJWQgunuWowHdiwGBcSBKJLaayRFFMa6sd,3,3,False,0,0,0,54,3,1,967791860,1,2,12836607,0,2,954955253,3,1787065834888840
VPX6Jju2J2v5mCsYKZ5nnAb3hKMLxpFVFcKpgXMpump,1,1,False,0,0,0,0,1,1,8500001,1,0,8500001,0,1,8500001,3,1787065834880840
7B7PcAsLqB2q7SejUxJMoETwx2CWV95Qqmnt9WXVpump,38,38,False,0,0,1131,7211,38,13,376448900,6,4,34215627,7982,16,187824723,3,1787065834868843
3UMRBojgP4w8RkENHZQkS3tLG1Hxsn7EEPWr3PfEpump,53,53,False,0,0,2211,5692,53,13,43032920876,9,9,4596543208,2211,31,30753883520,3,1787065834851840
9cwLL7Uf37eCEL1wkVF2nvJaVamEEh2zfPxzWirmpump,1,1,False,0,27394,0,0,1,1,152276684,1,0,152276684,0,1,152276684,3,1787065829394068
HsnAzENqnAcDzB6zZEKajZHNmqKysN8ucvVgywwXpump,2,1,True,0,28338,0,0,1,0,192600250,0,1,-192600250,0,1,192600250,3,1787065829338069
8vKaAhccfEQYCASbRqD8spiiPTgXkCSH3MYkAqX3Hx3B,2,1,True,0,27119,0,0,1,1,98764,1,0,98764,0,1,98764,3,1787065828119249
5NQTfQu9xa3gBA9WRGTtDGD74Ezbe274X2zZDk7HX4ZS,1,1,False,0,27107,0,0,1,1,27985075,1,0,27985075,0,1,27985075,3,1787065828107250
7uEFqUm8vRLfRrnHt8RA9U27z1qGG8i3xUrPKWxzpump,1,1,False,0,25227,0,0,1,0,746852648,0,1,-746852648,0,1,746852648,3,1787065826227249
FRjGMwzkw5vbQruH6k6sp5bYHXacbTCQvW89nK5Npump,1,1,False,0,26205,0,0,1,0,19715599,0,1,-19715599,0,1,19715599,3,1787065826205254
Dp85YCrwxm6sJL17YRBR9BXjyxC3hh5XvaRim83apump,1,1,False,0,23827,0,0,1,0,65662267,0,1,-65662267,0,1,65662267,3,1787065821827697
8DVEh2yo3iTqQThHp5Twnhf9Tq4M3SQG2ZdVPcu1pump,1,1,False,0,23820,0,0,1,0,643198775,0,1,-643198775,0,1,643198775,3,1787065821820697
7srnGgZj4H8cfPfUBU4dgjzsVcYrXi2qA7iRNp4epump,1,1,False,0,21531,0,0,1,0,197530862,0,1,-197530862,0,1,197530862,3,1787065819531789
FnyPJRwR6mphqf3qqhcackoqKukd1yNDFFFoy6Lhpump,16,1,True,0,20559,0,0,1,1,888888888,1,0,888888888,0,1,888888888,3,1787065817559007
PAyjkzFpLPvvRjmD22LoAG2fFpMmjcG4BZTqDZopump,1,1,False,0,21524,0,0,1,0,195555554,0,1,-195555554,0,1,195555554,3,1787065817524004
ANAemUjUBm7u1fXXfnA6nfLEK96cZ8fd55RtM7dnpump,6,2,True,0,19495,0,1,2,1,1688419,1,1,844210,0,2,1688419,3,1787065815495009
RYKSNJa1UP3SBmFdLQozxKHiAVtcxAt5myJsTjVpump,1,1,False,0,19491,0,0,1,0,189907789,0,1,-189907789,0,1,189907789,3,1787065815491008
3xNDTyMgPXrtuZhzU1eYLEfqPe4Kwdr8FFrhomyHpump,1,1,False,0,18311,0,0,1,0,9231008,0,1,-9231008,0,1,9231008,3,1787065813311044
4Ca7E6wrkvVj6AVDufdc3gx81XSzj8dUUoCRid4Cpump,1,1,False,0,15384,0,0,1,0,39770875,0,1,-39770875,0,1,39770875,3,1787065809384886
9iZsUpvKxVP6VgLNFHL7C341Hi2EEEXbTNZqdqNgpump,2,1,True,0,15365,0,0,1,0,17515055,0,1,-17515055,0,1,17515055,3,1787065809365890
35hqEgKcDHUWbLGoqMeHVy5HnXCuJiGv1EK2RRqapump,2,2,False,0,15357,0,0,2,1,1919769,1,1,959885,0,2,1919769,3,1787065809357886
4TBM31qT6PR6bATPD5k7ZjqhAG8DV33XUSg2w6tzpump,1,1,False,0,16325,0,0,1,0,71987715,0,1,-71987715,0,1,71987715,3,1787065809325890
AwKgLNg2FG4ztEELSHhzi1j3nHcGoqwuWFWjouo1pump,1,1,False,0,14381,0,0,1,0,8212657,0,1,-8212657,0,1,8212657,3,1787065807381878
3SXKPDTAYeLXe3Xo2se7QJ9USSTgdkUoBzhacHrJLokU,3,3,False,0,14345,943,0,3,2,2373452200,2,1,1382862801,255,2,1382862801,3,1787065807345878
7RFkZg8Mp7zUR1nqeJ75xcDkwgsr2CGHZjuUwcfZpump,31,4,True,0,12572,0,25,4,0,167781688,0,2,-10774422,0,4,167781688,3,1787065805572417
DTCNpKqec2RN3ptE9H863gWC4QTk1uXZf1b6jGTjpump,4,2,True,0,9227,0,1,2,1,1760979,1,1,880490,0,2,1760979,3,1787065801227157
7wa4e3aa3YNLnmRbstgNBsNwrfSQGkeM2E2njKA8pump,39,38,False,0,9224,36638,9675,38,2,4390969204,2,2,455096368,2572,6,1391924455,3,1787065801224158
DCSYHkrShPY6ut6W6zHkbphwS76c41zdc4g2cg6Xpump,1,1,False,0,9209,0,0,1,0,13362373,0,1,-13362373,0,1,13362373,3,1787065801209157
CD65upP9W1gYpPCBxbHGAc9nJvU1ttkjWTargc1cpump,1,1,False,0,7890,0,0,1,0,738873785,0,1,-738873785,0,1,738873785,3,1787065798890537
3XpoYs1MseycynY9Xui4yB1rnEdKYMhZq7TJF8Lgpump,6,6,False,0,5695,1293,1040,6,5,2301486055,2,1,1001906172,226,2,1001906172,3,1787065796695470
D5sPbcttATYnu9HgsisbfDe74YYAYxtEESAVhtNhpump,5,4,True,0,5691,0,688,4,1,2226977313,1,2,987654320,0,3,1361105282,3,1787065796691471
BEgW652buwqSwbDMff3GeubGUMawSzqd8zzXMgWBpump,23,22,False,0,5648,5924,4108,22,11,18309378376,9,7,9010679234,5778,11,9279028513,3,1787065796648471
HYvmGhabdEos3reFSMBQ51fZ4AT8GWYCoKXxjUZmpump,2,2,False,0,4723,0,19,2,0,219647160,0,1,-28061595,0,1,191585565,3,1787065794723796
HjHHwJ19ygQxstzkuMhV8hAx5hPbqejuTnq7DzsRpump,2,2,False,0,2559,0,1,2,1,1827495,1,1,913748,0,2,1827495,3,1787065792559980
2v5zfULYPBHdD6Xi7SN9Kv5YWPFaYfVCEQxjmYHepump,13,12,False,0,2550,0,5018,12,2,2548331296,2,2,1000156273,2269,4,1272311995,3,1787065792550979
6Xgu7RzzDuWKN6Jzp3H2STaAScaTmc66YP3FK934meb4,1,1,False,0,1455,0,0,1,0,49999999,0,1,-49999999,0,1,49999999,3,1787065790455175
B5HEUj7Qjo6QKsh262tzKVPYiBZnvwuVbvPfLYKypump,15,1,True,0,1416,0,0,1,1,9777777,1,0,9777777,0,1,9777777,3,1787065790416176
4MUpfFVG5raPmk9MzUmux7t1PEKfCieBWiSnXLRipump,2,2,False,0,1416,0,17,2,1,38583290,1,1,12865883,0,1,25717407,3,1787065790416176
DapJsmvZ6e1fYdPm6YZUE8ybu8ZU2DxXWjQk8B6Dpump,85,57,True,0,1404,,0,57,4,0,3,3,0,,11,0,3,1787065790404180
DS2khsRGLNKNTbBcf35r1UfUEB5qwM2jmZVSMgspump,23,23,False,0,1402,40060,4504,23,2,1433448574,3,2,118121942,3658,6,864049508,3,1787065790402180
7eWoX2T76o3Y7XXSMM4KNsnpzftXRU7eoJEQe2KHQ6NU,1,1,False,0,1399,0,0,1,0,691249999,0,1,-691249999,0,1,691249999,3,1787065790399175
Gar7aSW6dSSfMRye37HLHuMmJExt8VNDNYQ1YX44pump,12,11,False,0,461,0,5149,11,2,141351274,1,1,60009374,4979,4,92392135,3,1787065788461862
E3qUxBqUmYg4PvoVGVexgLbZcmb3kDpZtzMX9wsApump,1,1,False,0,40880,0,0,1,0,326289573,0,1,-326289573,0,1,326289573,3,1787065783880977
3kXT6SjSm4t5mFToMbk6CB4PHdUyqiKvaaUrV1m8repd,1,1,False,0,37165,0,0,1,1,69135801,1,0,69135801,0,1,69135801,3,1787065779165552
pQp2xpQ5gpsdQ32fNtLser6EGjpSRULtDKaA5L7pump,15,12,True,0,27958,2473,2114,12,10,5877226008,8,2,3427061986,1763,10,4548101568,3,1787065768958896
F52dVaoMSoqF268GTQC4da3BpMV97TerhiGgVuQepump,1,1,False,0,21487,0,0,1,0,506466,0,1,-506466,0,1,506466,3,1787065762487490
5Sz32fiudEjDMjyhqG3rT3fJ4tLfvVNRZei5Wj3B5fUQ,7,6,False,0,19912,3414,5,6,5,14022383191,5,1,14011191596,3414,5,14011191596,3,1787065760912154
BhaR6NVoxsMEZZL6CckWxbdCj1QaNgU1jQjvhmbRpump,5,5,False,0,16433,850,0,5,5,1680954215,5,0,1680954215,850,5,1680954215,3,1787065756433614
5mSrAZTcNuzmv4zWkBPhd86VgSY2CwYe1nZwb54PkqQr,2,2,False,0,12196,477,0,2,1,4609455318,1,1,-3193698208,477,2,4609455318,3,1787065752196355
Bcv7veYYjpYku3dP8t5tARxYDWCp74wLzZkJEWtLpump,3,3,False,0,12149,56,1861,3,2,587102529,1,1,258536525,0,2,328566004,3,1787065752149354
7MvhocuVFqodB1k31qjWo8SpKQo9e1Li6tfvLVpGpump,20,20,False,0,7920,844,4722,20,8,12023288089,3,5,3040118872,773,8,6816087191,3,1787065747920188
AKkYfnRC3rCrB44yc17NaGKaVobeVsfn3CYuGPT3pump,19,12,True,0,8907,23354,9537,12,2,1074263494,1,2,283733419,0,2,328842877,3,1787065747907193
6EFzmzMJ47kft2aa1kkiVWYYtWCkkthXMGjtgkZppump,9,9,False,0,8871,1786,1793,9,8,9627443294,8,1,4888888890,1786,8,4888888890,3,1787065747871187
CMoW8gcRD2dUKdRJ7XKVndqn1kmW3qZjE7wLr8Jpump,26,25,False,0,6906,3962,169,25,22,6501868120,8,1,3843271897,2643,13,3843904045,3,1787065745906630
EeV8EotafBvwgyEgs7dyDETyGszMAi3xVG56XoJYpump,105,85,True,0,2478,34500,1376,85,54,20614088497,4,6,913527528,229,10,3715955534,3,1787065741478736
54xoSB8yGEfCJdMSrUZPMJqGvdMQYaELWVZKk1Etpump,4,4,False,0,2432,94,733,4,2,2360437390,1,2,49382715,0,2,2281425046,3,1787065741432737
3Dgt1FPzD89deWyJn6mYB6cKgsbfzebR894ckj2Mpump,321,85,True,0,375,2687,4842,85,51,44353950853,11,6,3588506958,1943,17,15828264490,3,1787065739375640
CXrYnJwCikT8bH2eTbX6dC7YT5iwnujxEY8fPedrpump,35,35,False,0,371,31,2770,35,14,23230657826,4,5,4264924469,1416,12,12770351755,3,1787065739371640
6MhqGGX8HqMdQi5QNw1ZCHHQZjZMXtWEDUA2gjvRpump,1,1,False,0,38657,0,0,1,1,254538279,1,0,254538279,0,1,254538279,3,1787065732657468
8shsCYppd2Wdkv95ZcEngWYC2pRCgQD2JmCdNvqSpump,6,6,False,0,36410,0,4619,6,4,204266864,2,1,90933333,7,3,110686417,3,1787065730410619
AchEa5m3swHwDH7GPsRpsQJLuGuis1Z8XD4oDDuZpump,3,3,False,0,36340,1491,0,3,3,3422222221,3,0,3422222221,1491,3,3422222221,3,1787065730340617
5tNdmZkSa8u5NQSeXF5u6TEFCKR4ptzRmXEZAoVHpump,28,27,False,0,33398,0,9995,27,11,265888570,3,4,59259258,4893,9,100408167,3,1787065726398505
5aUWLwd8xLM2L59y9QZV4MxpbXPWvULN6eKoRvRMpump,1,1,False,0,31135,0,0,1,0,13518677,0,1,-13518677,0,1,13518677,3,1787065724135061
GgwohhznMYgg5ok9AuK4yceKawmiFFEJv6mqnw1pump,1,1,False,0,29074,0,0,1,0,11967621,0,1,-11967621,0,1,11967621,3,1787065722074947
BhQAxsLEhpz7feyXmqjR3qKVZVS8mJFERRYmHY1Ypump,1,1,False,0,26701,0,0,1,0,98538608,0,1,-98538608,0,1,98538608,3,1787065719701746
9A3aBz72VR1cGaUNdC7YEkvmkX1RFupzdR8dNnqZpump,2,1,True,0,26685,0,0,1,0,2269659,0,1,-2269659,0,1,2269659,3,1787065719685747
297YndZP9ZwUUkJShXKMTRevtRt25JCwRZdPQ8hfpump,1,1,False,0,16559,0,0,1,0,740624999,0,1,-740624999,0,1,740624999,3,1787065708559217
J3rofYdAHjXsXJQK8bkkcoyoLhWat9YWjHothHRVpump,7,6,True,0,9941,207,751,6,1,800545146,1,1,488888888,0,3,750990395,3,1787065701941658
GjfYkeaXYEDPFFWiJYm6chZoudUgdHS3yeEVhuGXpump,1,1,False,0,9940,0,0,1,0,7998058,0,1,-7998058,0,1,7998058,3,1787065701940657
BDTYTE5w7YUtu7W7accm5skhXXnipE1ses8fTzZopump,16,16,False,0,3499,0,9174,16,2,508102409,2,1,62485199,3078,4,109826666,3,1787065695499835
8akk7Jr89BDidNsqxPTYTynSD8g6wgYtjVYzhhNAFhBm,2,2,False,0,2360,0,235,2,1,419776583,1,1,12850841,0,1,406925742,3,1787065693360178
9u4eL9FZoefPoiLm3Ph9o7NFZFRMHUvFJgEp2QyPpump,8,8,False,0,2339,0,2781,8,4,2332242572,2,2,391111110,82,5,1668772732,3,1787065693339180
8TKhoxfRkvsVaSutxVtjQe3o5NsnVXN7gwu7yicfpump,230,198,True,0,569,2885,8444,198,88,63176606626,11,9,5618666660,1407,27,13413786160,3,1787065691569179
ABQqT811oxVjGMvmaFUDcgd6vjqVp4L9kVPJZfizpump,2,1,False,0,39193,0,0,1,1,98765430,1,0,98765430,0,1,98765430,3,1787065688193823
3utoVnTMJj9rJMBNoyWBgPuzsyCrwjDrGXFirvgbLYZj,29,11,True,0,36802,7927,644,11,8,3824581746,1,1,990589400,44,3,1012269250,3,1787065685802846
57dhgKRqwrjxJR8jAXzDQXUru7QCdxahbmeHgS59pump,1,1,False,0,32534,0,0,1,1,83103823,1,0,83103823,0,1,83103823,3,1787065681534827
F54thvNRKFXwvVqe5jnsiVseddgUGZ2bB7qkMMi3pump,1,1,False,0,32505,0,0,1,0,740625000,0,1,-740625000,0,1,740625000,3,1787065681505829
EyngvhkJJBpzE1DzNdiCopJNCkiiYBqhJbRbisU5pump,5,4,False,0,26886,2741,0,4,4,7207901230,4,0,7207901230,2741,4,7207901230,3,1787065674886006
ArovBxfTQwRG3Ka2HZXjuATGzQhJ4AJzA4esv8vYpump,3,2,True,0,24814,0,813,2,1,279116818,1,1,148148147,0,1,148148147,3,1787065672814176
6a3uWxEtgvC5n3DuH8TZVDQvBkQAHZDbuSSM34Sc2U1P,1,1,False,0,24812,0,0,1,0,54116887,0,1,-54116887,0,1,54116887,3,1787065672812171
CSPWZ4o6jhP1NfXLHS8A94BxC5YKz864xRHKh559pump,1,1,False,0,19258,0,0,1,0,32986998,0,1,-32986998,0,1,32986998,3,1787065666258747
BHD7zgQKsFYfPBQGoB88cPokdxfzAuZNekM3nooDpump,1,1,False,0,14819,0,0,1,0,1800098302,0,1,-1800098302,0,1,1800098302,3,1787065661819391
GRaxWZoxVut1qHtbg2ibiuknQmY72V7oadE4X4H4pump,2,2,False,0,14782,0,0,2,0,42143968,0,2,-42131466,0,2,42143968,3,1787065661782390
D969TVj1QuT6BUpwzTHTXCHLieNorFg2nTJ3EJqsFJYZ,1,1,False,0,14753,0,0,1,1,97777777,1,0,97777777,0,1,97777777,3,1787065661753390
Bgqv3W2gLUXXJGeNnP2F1yyd5xXfknVrhohKGdUVpump,11,2,True,0,12612,0,467,2,0,1316114543,0,1,-269439846,0,2,1316114543,3,1787065659612390
4i2wPuz9KpvXfSXtRuGEGq9FNtK613K5rNmkxRfGpump,24,23,False,0,9150,2382,187,23,20,4651185790,7,2,3388225774,2305,10,3388841037,3,1787065655150124
AjhtDHFBpxGy9Vk6nawqwJpMe6LzJzZNHp4zJUo2pump,51,51,False,0,4718,337,5856,51,23,46909134534,9,6,11431682099,7847,16,16155972571,3,1787065650718235
FsTQDLE8bthkwsE6kzzXgPj5Ui4iqMX1SfiAv4zapump,13,13,False,0,4671,240,50,13,10,1305347387,3,1,311091363,82,9,818988757,3,1787065650671235
7Bh1Je3to5VepSLidvQ8rgQreieCfRtS457o9pPKpump,3,3,False,0,2291,0,622,3,0,1728665430,0,3,-749190097,0,3,1728665430,3,1787065648291060
Bo11Q3ptGQ8o1SKSzURi7DCR9xGpiWSSfhNsXggkpump,17,17,False,0,62,622,9984,17,3,233540097,1,3,49382715,293,5,73602515,3,1787065646062058
AFetZu7tV5fQeqRviviDYfm3Yv8AY6UVVSFDBTU1pump,9,9,False,0,9,8019,1638,9,2,1307620195,1,2,920851001,0,3,920851001,3,1787065646009055
9FkKZ367nCJbuF9Jzw7EkPmDgwVC8jtwcbA8SDDxpump,117,105,True,0,0,129275,9986,105,11,828165203,6,8,37218955,7348,20,178844229,3,1787065645861057
8uyH1EfnkM3WtCBVEMbZjGHSVLZZ8U9BDYQ8vD56pump,97,97,False,0,0,14727,7868,97,78,11159018434,9,3,1131816002,316,25,3070584798,3,1787065645859055
GpM6u3FKikLSBBpZPS2NbA4eRTwaP8TfcuwQ99oFpZ6Z,1,1,False,0,31808,0,0,1,0,1958434197,0,1,-1958434197,0,1,1958434197,3,1787065630808046
4AuUfnUV26G7ToJJYPyTsPtEtec29uzvxEYZVoXApump,3,2,False,0,18189,843,0,2,2,101981057,1,0,100015626,0,1,100015626,3,1787065616189957
Guvd1USF34T9kLGD8qHZuxg2TyGqDWXPpadDRgA2pump,7,6,False,0,13915,3054,4964,6,5,13014722092,3,1,11368694254,2501,5,12274097093,3,1787065611915955
JEDB6MRykFxGb2JYQtWv828suDvbmrYh9FLEyFsppump,1,1,False,0,8230,0,0,1,0,790123455,0,1,-790123455,0,1,790123455,3,1787065605230131
4hsXc7FjE7yg4w6Y2wUYM1waQdZtYfszC54265Er3Adx,9,8,False,0,3804,478,4930,8,7,27528367031,3,1,11851851851,1306,6,14688860860,3,1787065600804467
EHvGfp94mub8Ev5Vcnrc8X1o9z8NzLvJyGTaDLVQpump,7,7,False,0,1831,0,1762,7,1,4257306693,1,3,-464573516,0,4,2997037882,3,1787065598831617
A2b2A1vMr5j7JoPBCqxqQ5YcCwihwRWddFQpbqrpump,6,1,True,0,1775,0,0,1,1,539375928,1,0,539375928,0,1,539375928,3,1787065598775614
HenJf28waBHRC1ArKvnCDWiaeBN928JPes7U72kcpump,2,2,False,0,0,,0,2,1,0,1,0,0,,1,0,3,1787065596829833
4ABzFHDyzBwZiJrvCeEzvdobgnw1saJpxyXoMWXUpump,110,108,True,0,0,7197,8694,108,67,90669395449,10,8,15856463856,5504,31,36357467571,3,1787065596780833
9AFAdDMw5RRaHWxy5GgYhZ1XM5rXfckUNHdWihBhpump,39,39,False,0,0,244,2064,39,18,5473287819,5,14,703057040,473,18,4041676152,3,1787065596778834
9niKyHXW9x7iHzwnMGoXTJLQeoHirz791Y8sJaESpump,1,1,False,0,39393,0,0,1,0,999999999,0,1,-999999999,0,1,999999999,3,1787065589393821
Eo3k9Ybo54MynJE2R2HNTFXHdkp6pKouNqBQmfJQpump,1,1,False,0,35060,0,0,1,0,2062021246,0,1,-2062021246,0,1,2062021246,3,1787065585060391
34KFeEBnUu8ys9z9L9bp3tA4W5o7WQHAX27s4Rwmpump,7,6,False,0,20810,2236,0,6,6,3294747487,5,0,3294135687,2236,5,3294135687,3,1787065569810653
7towQFHFbJ2s8fgHXCC48V5BfgCgSGHzZEVmDNKkCZmG,1,1,False,0,14838,0,0,1,1,987654320,1,0,987654320,0,1,987654320,3,1787065563838432
FCTa2JHNhUV31dNLt9jbGsX9EZCGttaT8ixC2aSwpump,1,1,False,0,10876,0,0,1,0,271604937,0,1,-271604937,0,1,271604937,3,1787065559876258
EjH3DAu7LK1o2WTYDeVpYopzhRzSqpHkBmN2GHGUpump,1,1,False,0,8867,0,0,1,1,20333953,1,0,20333953,0,1,20333953,3,1787065557867202
EpbnC5mGVwbZFRrxsKPP5Bf3vNJ4vSZWS2EcDerpump,5,5,False,0,8861,0,7194,5,2,93721116,1,1,49382715,0,2,49382715,3,1787065557861202
7bhNAErEmh6mpeLPriVbfWn3DRuXnXgAZGdFXFXhpump,1,1,False,0,8858,0,0,1,1,488888888,1,0,488888888,0,1,488888888,3,1787065557858203
4fLQEwYaHPZKFPoatC1DHPnVGnuzm92bSGd6KFrRpump,3,2,False,0,8855,9,0,2,2,212863431,2,0,212863431,9,2,212863431,3,1787065557855201
G4g1zqJPWMUwKFGeejHq6C5TzWZTZhCfSREf3ZTnpump,36,36,False,0,9830,11678,5572,36,7,22030695260,3,24,900313558,1218,27,16910320525,3,1787065557830201
BuyVSuqtMorMjX4AYEi6uvFitZQqJoW6ryAMJLXcpF56,2,2,False,0,9819,0,104,2,1,195803013,1,1,27654320,0,2,195803013,3,1787065557819201
4zRdgWwkjfhRysjJvJXNZsgnQ2qP567KptbuBP7gpump,2,2,False,0,7954,499,0,2,1,964264794,1,1,516985206,499,2,964264794,3,1787065555954655
3J1beT5wNFPcLKKAxRmwcVcsqveV4rgAhzJLKu2Upump,2,2,False,0,7949,0,7,2,1,34695478,1,1,24567900,0,2,34695478,3,1787065555949655
5iKDXGCoUqV6Rf1fK4ttpr4Wm4gbK3JNthqsP7iGpump,1,1,False,0,7937,0,0,1,0,1974999999,0,1,-1974999999,0,1,1974999999,3,1787065555937655
5JWfn5d8zfCiefBZ6iGvKXFetGnf1UXD8fAkJ1wmpump,18,18,False,0,6865,0,3991,18,0,10523854953,0,12,-364929244,0,12,5636882995,3,1787065553865355
EnJfD6WV7XKpAmjFEQZMAXRsAJKoV7sJj3Yd14vgwaJo,7,6,False,0,6854,478,4930,6,5,25572811476,2,1,11851851851,195,4,12839506171,3,1787065553854357
HssGekuZzMbBSRMU2rykNJ5WEfhBn91y4ev5gMMPpump,8,8,False,0,4495,0,1688,8,2,3699974535,1,4,987654,0,4,3063633516,3,1787065551495661
uwqmMNqdD3Hg6kpfTrqfaUGz9dZkiLBwAA587wxpump,10,10,False,0,2182,9,22,10,1,149262191,2,2,25695603,9,6,96249115,3,1787065549182210
7R4bY5SHTLah4RvZ3RY8ATScEAxA5Sy6Wk8Af9Xvpump,15,15,False,0,2102,2817,8306,15,5,129247773,2,1,22588772,2664,4,36560511,3,1787065549102207
4htYDeEuxaLjNwauFnt8nsxhadk5p3ky6yzPP1NZpump,1,1,False,0,40709,0,0,1,0,933568321,0,1,-933568321,0,1,933568321,3,1787065545709254
AhVp35nh5K4GmF2BZGKYQdyodNdnsg6bZbfxugVopump,1,1,False,0,32425,0,0,1,0,99161172,0,1,-99161172,0,1,99161172,3,1787065536425076
8piNgzvTZLkfBPRcNnzajVcJB2dYBqo9sZ9q79qSpump,1,1,False,0,30275,0,0,1,0,2293291148,0,1,-2293291148,0,1,2293291148,3,1787065534275929
uLBzbXh2HTQg7zBohUEh6DpCFjNnXCvUopLZxz7pump,1,1,False,0,18777,0,0,1,0,83459540,0,1,-83459540,0,1,83459540,3,1787065521777576
G7PgFPtp4ievgoU7NJvTiL3FCuJprLAfphJNXp7Apump,4,4,False,0,18716,0,7897,4,2,817480261,1,1,493827159,393,2,493827159,3,1787065521716575
GFXGpRyQQEcj8zpG7wDG2xKoCGKQpEkfX26XdpjmgPLm,1,1,False,0,16635,0,0,1,0,48197687,0,1,-48197687,0,1,48197687,3,1787065519635008
2dLcVwY8syb6e3f9CxNsRhGH3HTsYypESt623Q12pump,1,1,False,0,16631,0,0,1,1,488888888,1,0,488888888,0,1,488888888,3,1787065519631009
C8bXaDGhMCLCbRJ36SgydQ1TniTW9QtfP8koEfrAWXtD,14,14,False,0,16630,8591,630,14,8,14531449980,8,4,11456790121,3975,13,14234383922,3,1787065519630008
AdxPnUFwJdj6g2QQrFprpgtiMkmW4JericYLFZZjQKMg,1,1,False,0,15382,0,0,1,0,1000000000,0,1,-1000000000,0,1,1000000000,3,1787065517382007
G4mxSyeiS8ah9SVKp8xJQ3p5LAw8bJfJiqq2xAyBpump,1,1,False,0,11055,0,0,1,0,29629627,0,1,-29629627,0,1,29629627,3,1787065513055528
BP7jFaZj2aGvfvqsBRyBEfdHkSgMh6kP7cwt3THnpump,64,47,True,0,8557,6193,9928,47,8,312474966,5,4,29292839,3976,15,107656077,3,1787065510557891
ArDnhbwnMsrwcDz1j4FyHkwRFc2Ga78yvS6qWs9Tpump,24,24,False,0,8551,3229,3191,24,19,11928811682,14,1,6730151224,3797,15,7316817890,3,1787065510551890
5jjt7Umhf5FY9XHpoVw4td1m7QpebX8u79A6vA1hwwXq,2,2,False,0,8522,0,26,2,0,120927034,0,1,-60385674,0,1,60541360,3,1787065510522891
8aSJsFziZEGpTAmrEhaB52yMmRvnTUCDrdoJYDGrpump,22,22,False,0,3973,811,9950,22,3,666945652,2,2,126825887,8187,3,218802639,3,1787065505973446
6wPXe8q56DQxnwFGUAwiJ6Wb7U5yW1ZT6MbQfFoZpump,4,4,False,0,3944,666,2783,4,1,33110142,1,1,7890354,0,2,18779643,3,1787065505944447
GBGoUEQEsZdgKCUvcqP2jYz9bPzprRwD3fh46tgDpump,10,9,False,0,1798,9073,0,9,8,15574658343,5,0,9624041062,4417,5,9624041062,3,1787065503798169
EeUAhKCJrm17tJ7q9pZLepZf1mATDkPssuyurZywPnAV,1,1,False,0,36854,0,0,1,0,997475107,0,1,-997475107,0,1,997475107,3,1787065497854605
5qWauo9cgmk9Kxs9VUyyZhnNiN8PNsYjGHKzp959pump,4,1,True,0,34548,0,0,1,0,29061183,0,1,-29061183,0,1,29061183,3,1787065495548601
6hFzZsZFchximX5HAr7ocE6uciR1cLMx3APKxTqppump,10,1,True,0,33594,0,0,1,0,79392012,0,1,-79392012,0,1,79392012,3,1787065493594212
58Gqp4bDHV6qvwpUhezea9dsxzTvXGbfjq14Voytpump,2,2,False,0,33560,0,221,2,1,635929748,1,1,296296296,0,2,635929748,3,1787065493560217
CgkZJjhBHdSxZNbBLJpfNTYzP2tRVbEn5jULvsWDpump,1,1,False,0,31374,0,0,1,1,25708139,1,0,25708139,0,1,25708139,3,1787065491374009
F2jVDTxpjPdi1Uz2SqfAzMFZ3D6GfEdButz4W1EFpump,1,1,False,0,31299,0,0,1,0,592592591,0,1,-592592591,0,1,592592591,3,1787065491299009
AFWYQqBmf1ocNqAtTYFhMuBnqz5PS4nPom7Q5qWwdgn4,4,3,False,0,21725,292,0,3,3,6522649139,3,0,6522649139,292,3,6522649139,3,1787065480725310
3ifkEAs12bdqXHoy73iDE4y7S89VJuSyhpEQncL4pump,7,7,False,0,19591,0,959,7,0,1961367008,0,7,-364564659,0,7,1961367008,3,1787065478591310
C23gFj6iwvx8CDXufQCQ4iE9u2fjMyaGkGJJgMMNpump,1,1,False,0,12889,0,0,1,0,10402138,0,1,-10402138,0,1,10402138,3,1787065471889065
66FimQQPYtrbtHcja5YVa1g3bSZrL63A2hDcVr28pump,1,1,False,0,12841,0,0,1,0,864922888,0,1,-864922888,0,1,864922888,3,1787065471841610
HJMat3yYfo4ZsotwMtnjdtKXNfDDTrqf3TswLmy7pump,2,2,False,0,10703,0,180,2,0,390164623,0,2,-110723594,0,2,390164623,3,1787065469703805
HL4x3JDqhdXRJXq1jLnh1TRUR1YwbDA87arfa7S2pump,20,6,True,0,8513,,0,6,1,0,1,1,0,,2,0,3,1787065467513809
Ae5H9KGbPfvjsZggw6VdrAocg3BjngdGfcAjZ84pump,8,8,False,0,8480,0,18,8,0,31266277,0,8,-3110559,0,8,31266277,3,1787065467480806
6dRSbtMsAAkyEJwFunPqrzEakGfCghmppgQwp7Vmpump,11,11,False,0,4087,954,291,11,4,4045683874,4,2,2449333333,1279,4,2449333333,3,1787065463087087
6AE7AKJWrm7kWQYyu7J5oUUWkfvkLWK24NivEjh2pump,144,144,False,0,4008,12421,1426,144,66,73000574682,10,9,5861776873,2449,33,15296914786,3,1787065463008086
2wQauj7GfHJoP3dEEs5EuvJs6VLh5cHhwx1NjjY4pump,1,1,False,0,37237,0,0,1,0,1420732745,0,1,-1420732745,0,1,1420732745,3,1787065454237860
2LjXcHzemgaBLvCDscATTZgXdwGQtfdtwLumgfZu9Ts6,3,2,False,0,35356,65,0,2,2,5052255497,2,0,5052255497,65,2,5052255497,3,1787065452356702
4wG9SotRU2HhNvUFArbYoTRJsJprQt7oQwn2yLBBpump,6,6,False,0,34212,1801,1163,6,5,6086799861,4,1,3721086416,1801,6,6086799861,3,1787065450212918
GGmThnnz54NiHkuJRd7aaGZ1j6Y9ePShqRi7tKWEpump,11,10,True,0,34208,83,861,10,3,4847814492,2,3,2124422460,83,4,2394940292,3,1787065450208918
tZx1K5kgNATiTu5rQ3JyPptCatTWrV37LkqBmJXpump,2,1,False,0,29926,0,0,1,1,148148147,1,0,148148147,0,1,148148147,3,1787065445926013
5dwYpr9b6CVx4hfnAorRLMaeHC5MMZ2DoJzvcCTDekz9,1,1,False,0,19360,0,0,1,0,50000000,0,1,-50000000,0,1,50000000,3,1787065435360091
96kShEHXAYBn4oDsnyM4cRht5j5Xe8bRyBHAMxMtpump,9,9,False,0,16254,0,2928,9,4,7066444959,3,5,98765431,0,9,7066444959,3,1787065431254077
2GUmrjdzU6KsGTfMNAYh7DdBgxvs1hdXpVtLeY5EamW6,2,2,False,0,14091,144,0,2,1,3914004825,1,1,293333333,0,2,3914004825,3,1787065429091812
FuGuFz7UFAxtRLGVeR5LjQ1oUJQEFNAiF59eUEH7LgUg,1,1,False,0,12018,0,0,1,1,50000000,1,0,50000000,0,1,50000000,3,1787065427018873
4g3MHSiFLeAZWiLWFY2WaB3Z16CsLGH95VHRtvPhpump,8,7,False,0,11988,538,421,7,4,2500893020,4,2,1823703700,538,5,2178289361,3,1787065426988875
Chaz8qJSjSXnYCbkAPhch3cAEHd6pAtXDLifntkDpump,3,2,False,0,9855,268,0,2,2,449504950,2,0,449504950,268,2,449504950,3,1787065424855768
99PtAH34w8yX3g6yGLwXhhoxHi6L3FzwA4QMMC3dnDgp,1,1,False,0,9854,0,0,1,0,345411,0,1,-345411,0,1,345411,3,1787065424854766
5tTyDHQxmYeABNMRt3sWRYwqcrQgBH56M92zDN5epump,1,1,False,0,4148,0,0,1,1,98765431,1,0,98765431,0,1,98765431,3,1787065418148968
32otTmG5mkhqmvky1c3wG3QeNttHwBUd6HBKhxPM7B7r,1,1,False,0,4043,0,0,1,0,987654319,0,1,-987654319,0,1,987654319,3,1787065418043408
7wubvLH7Ev9ntAQyFpAUgYUaeUdpGb1kapBLbSKJU47c,1,1,False,0,1719,0,0,1,0,9832651,0,1,-9832651,0,1,9832651,3,1787065415719371
43eFnCzW329p4K7hLfTiYdZRK3ZMQtS4ksnQ4uZQpump,34,34,False,0,1617,9456,772,34,28,3647572787,3,2,318945734,119,7,736155746,3,1787065415617369
9PM1nycT2QKCpC7k969kRXrPTAPkbKU3qHE8GkyGpump,4,4,False,0,0,0,2237,4,1,40436107,1,1,3968308,0,2,28509611,3,1787065413980344
FJ458DC9nWcS86YD9LYdTeMWw7RaYpbjLbNGCBPApump,1,1,False,0,0,0,0,1,0,36673958,0,1,-36673958,0,1,36673958,3,1787065413767346
8hKbMLdokgi9P7yq7F7zXUHvGnk6Xardv2RRB2Dppump,1,1,False,0,0,0,0,1,1,98765431,1,0,98765431,0,1,98765431,3,1787065413745344
BM5uygAgnTfJ9pWsdcNiu2RnpZubasnAVF5mhfpWpump,2,1,True,0,0,0,0,1,1,97777777,1,0,97777777,0,1,97777777,3,1787065413740346
5MwaKy4wMbYKL8ou1ooDUXnbDxg68YQeTsapPyzbpump,52,52,False,0,0,1609,5172,52,17,20850687502,10,22,2138819422,888,24,14429876119,3,1787065413739345
4HBgm6eo1Gc7uHrm7cFp8rFgyBM8TyM3XKZZ46H2pump,1,1,False,0,41459,0,0,1,0,3229296706,0,1,-3229296706,0,1,3229296706,3,1787065409459277
kTAGCJajSmE4y8PBjsXXYzLuuyjs9EGtn9Xc69Wpump,1,1,False,0,34792,0,0,1,1,9776928,1,0,9776928,0,1,9776928,3,1787065402792461
BSNF7CkAv2X1eM7v85eN486karYRv9wv9daoZrjVpump,3,3,False,0,30690,0,284,3,0,733650052,0,3,-215539972,0,3,733650052,3,1787065398690238
Hadp8sYKu9zvH7mbD3KXJmXGN8ZMpkPNWut5gGYzpump,2,1,False,0,18709,0,0,1,1,1000000000,1,0,1000000000,0,1,1000000000,3,1787065385709583
7Ah7E8FfRRCsh6XaWFZ7UrjSu3QL8FcwtBgbg8mppump,5,2,True,0,18682,0,589,2,1,1718309745,1,1,489629629,0,1,1228680116,3,1787065385682582
22mcbs3LiZrFDUiQKefPrG8UEehPcHNnayPsMNXopump,3,3,False,0,16492,488,77,3,2,1660606242,2,1,1534475483,488,2,1534475483,3,1787065383492329
B66jaibTCKg17XZ4y4AHZFYgTRSG99GdjA9Fjh4Vpump,1,1,False,0,10345,0,0,1,0,13478842,0,1,-13478842,0,1,13478842,3,1787065377345793
Ckony28uJRAD7q7jnNuLd9fUZ8pqcyU5Y3gAKzTYpump,2,1,False,0,8134,0,0,1,1,25959024,1,0,25959024,0,1,25959024,3,1787065375134353
A7hDRSATUYE8qkHuH43Bwydz8bKMcwGgSohqafQbpump,19,5,True,0,5899,0,1316,5,1,265737278,1,2,12385434,0,2,233286426,3,1787065372899034
7tKgsskqAPkDg5kvi5FDvubhgyWtrpJHrbGMHnq7pump,22,22,False,0,3681,2971,9964,22,4,2989259391,2,4,2510457420,2971,8,2510457420,3,1787065370681034
9Ua9ev3GTrSSyeSivRHySnHni3ChEQQmAzMsYvSmpump,5,5,False,0,3678,0,4042,5,1,12838124998,1,4,938125000,0,5,12838124998,3,1787065370678034
4BTsBqepNuLTxULGor88BssZDfUTa7hN3PwaQbPnpump,2,2,False,0,2675,0,1262,2,0,2675817756,0,1,-490326033,0,1,2185491723,3,1787065368675035
C1qt4W66MEsRUunBvpQpG2NxDeJekrAw9HJPmumzpump,12,11,True,0,831,4484,776,11,8,10694879861,3,3,4888888889,1844,6,5317102083,3,1787065366831529
EEa3RiqWFCG1m4et9BDXrHUSdDkBqFr63uruvSKupump,16,15,True,0,815,1067,2848,15,6,3039785739,3,2,977777776,564,5,1621746159,3,1787065366815528
DGCRAPu5VdDa6p1yGc9AutfpsKFgsF3oXJdjcoZxBiik,112,68,True,0,675,173,4287,68,34,44203974827,7,5,2073876542,815,19,15243120329,3,1787065366675523
7mSx9fSDbNumi4o4n9iJbhvV2Jz3d3ga2Ja7fEGupump,20,2,True,0,38051,0,188,2,0,617590425,0,2,-70451184,0,2,617590425,3,1787065362051643
Du29o9SYz6BLYP8wSazAfbNwR7nTzaFPT33Gvfwkpump,9,9,False,0,31900,0,2659,9,0,3794510638,0,6,-33696738,0,8,3760813900,3,1787065355900074
2hFhxEgBroVPoHn1VJGXiEt5vBu1oWDoz5sAKS4epump,1,1,False,0,30976,0,0,1,0,999999999,0,1,-999999999,0,1,999999999,3,1787065353976666
6544VbTaKiqWHbkN5nJYGBcxCckHGHi7CyFxAe9npump,2,1,False,0,24608,0,0,1,1,2000000000,1,0,2000000000,0,1,2000000000,3,1787065347608768
2YXmiK5j35EFLxDYczMrK9Tw6fjnwmCE3qh5sBzYpump,1,1,False,0,15250,0,0,1,0,55115744,0,1,-55115744,0,1,55115744,3,1787065337250974
7L3P6BCGFakmJC7KAiPb5pz2CtAWFnLB8uwdVX1xpump,2,1,True,0,15239,0,0,1,0,63788007,0,1,-63788007,0,1,63788007,3,1787065337239969
BpFLfwYsAFCNLPSJx6iekUcvGD1sv5dLXCpRM85mpump,1,1,False,0,13121,0,0,1,0,1006721998,0,1,-1006721998,0,1,1006721998,3,1787065335121230
548RTetuTFgMWKfRxsUKHX9ae2LgoKEiaQPWnY1ypump,1,1,False,0,11083,0,0,1,0,435413505,0,1,-435413505,0,1,435413505,3,1787065333083799
4tKPZs9gtfoxd8xPz4ZmLCHicS357CfTP7UGwc3epump,2,2,False,0,9075,0,273,2,0,188247766,0,1,-8996746,0,1,179251020,3,1787065331075202
HWFB8MWTMNH3bEvczfAu7M7GN7sd5MAot9JxUbw1pump,72,72,False,0,1800,7048,7378,72,35,55022524553,15,7,5481512555,2105,27,22980569458,3,1787065322800261
BtwR42hq1a7ou6kdbJ4SLyT5fi1JhR4R5riZth15pump,2,1,True,0,1786,0,0,1,0,1622213,0,1,-1622213,0,1,1622213,3,1787065322786265
pYqRRbJYk5pGfnZFKycZFaBAZawLo5uqby1zhu5pump,1,1,False,0,1771,0,0,1,0,238241401,0,1,-238241401,0,1,238241401,3,1787065322771261
8kvymRCQMbvdFcnRUrUoMYbtoVfvTDCjhjbZa7Rpump,23,7,True,0,1750,0,971,7,0,3394939264,0,2,-448714617,0,3,1338201363,3,1787065322750260
Ei9e8WBVvrCyqtgDEVhkskSdu2rmCTNwDBiWWy4wfi4E,28,28,False,0,1748,143,5368,28,15,25373758214,6,6,5323456789,2546,11,15832546089,3,1787065322748260
2BfkNAvxhGoR5njN9wfJiyer79fKhbDzkTyKPEa8pump,74,73,True,0,326,4484,6487,73,31,71643543832,9,8,7640810252,8831,27,34725785581,3,1787065321326542
J5Lwy5LBSLESUYT7bsi3DW4HHBsiibb1Z626CPHupump,1,1,False,0,31966,0,0,1,0,790123455,0,1,-790123455,0,1,790123455,3,1787065310966841
5VrEVK3FSPUQm9uWXThDvfnSjhKdsKNMuLA42yVrpump,6,5,False,0,16219,2613,0,5,5,7020246909,3,0,5630617281,1684,3,5630617281,3,1787065294219434
9breyVDwJD3tpPzJYhpX3BHHxKfZoPhqX3vfhKhfpump,6,6,False,0,16167,26,32,6,1,98271585,3,1,29481477,13,5,68790108,3,1787065294167433
3ymXk8yWarBrMKm1fP7uE2rLQozZ7euopSaCNRX3pump,2,1,False,0,14081,0,0,1,1,2962962962,1,0,2962962962,0,1,2962962962,3,1787065292081046
3n1BHAGZwbCNrtzZwf2sMDksWFvFFtaCBnU5FKckVEfs,6,5,False,0,14033,478,4930,5,4,25571524209,2,1,11851851851,262,3,12839506171,3,1787065292033045
Ftxc5tMB1jDoC5GqXK5Y9uF4SZ6u9UZuAwm6fizeSoQ2,3,1,True,0,9864,0,0,1,0,58903701,0,1,-58903701,0,1,58903701,3,1787065287864942
DxBXSWvUdyo1rwPDPz2gyatRe36b2wwpq2dqHxFhpump,1,1,False,0,9834,0,0,1,0,9777777,0,1,-9777777,0,1,9777777,3,1787065287834947
CVnSTzWScUyoX1PWWFcj3sf83rPDxeZZK5ubKLBjpump,4,4,False,0,6788,4534,297,4,2,1120969796,1,1,554081366,0,2,600394653,3,1787065283788912
7rHzU2UBHn71pSb7pjJVBPzfkWV228unwPr3buzspump,25,25,False,0,4522,1721,166,25,20,2132927867,5,2,232225628,121,12,1156372657,3,1787065281522795
HjbSh9Ka8VXQDcXMuK56ydDjtHtG3z4agAXVGoiUGfBh,4,4,False,0,4510,0,1413,4,1,4301348568,1,3,-1186242827,0,4,4301348568,3,1787065281510791
CFkpcmysGQvTwij4njX3EtFdkkRkVQS7JNrof8zSpump,38,38,False,0,2279,13016,4316,38,16,17695636759,2,17,377818238,163,19,15521889667,3,1787065279279242
Eem7qNazymfvybLgnSRekYVxn8jtTkovBHsiLSqVpump,1,1,False,0,2266,0,0,1,1,523456789,1,0,523456789,0,1,523456789,3,1787065279266237
F1tFTFtujrMjxeBThUZymPtXsxcCh7tytDngJ71Kpump,78,77,True,0,95,2224,7749,77,47,67971351285,9,7,10787298247,3559,25,27414689393,3,1787065277095236
3RhQ1nQQLqhAuQF29y5cXt7ATc7nRm1HpckUreLJgLdT,5,4,False,0,36731,2426,0,4,4,7900000000,4,0,7900000000,2426,4,7900000000,3,1787065269731881
8P5KzzRkpkkxk9Nqfj6eX7m9zkvuyB2ZEihXbDZFpump,8,2,True,0,32418,1,0,2,0,113113574,0,1,-6374472,0,1,106739102,3,1787065265418029
3we5ukc18G2xunqwkWtd8ZLpRSddtg4PiNQZHqympump,2,2,False,0,26042,534,0,2,1,1045233488,1,1,535013424,534,2,1045233488,3,1787065259042661
4viTmpLtFnJNqifTkES2zj8Txg9F2ot7Zg2WpXRepump,1,1,False,0,20514,0,0,1,0,362608208,0,1,-362608208,0,1,362608208,3,1787065252514699
Fjk1M6JSzGNNF86Tqkt3KuCaEN1DU1Tk46P5BPePpump,1,1,False,0,18429,0,0,1,0,61258582,0,1,-61258582,0,1,61258582,3,1787065250429820
C75AAyf8pkzfX8ECqBMycm8jEFQ8Qw3UVRUiYKDgpump,1,1,False,0,18370,0,0,1,0,284836843,0,1,-284836843,0,1,284836843,3,1787065250370819
9ptYcPGDdzUUYXeLHjSVEhoqUSSKo32xTvLx48pnpump,1,1,False,0,16451,0,0,1,0,30144915,0,1,-30144915,0,1,30144915,3,1787065248451317
5GXgTN1jMWtaQDE6emx1tp8XYrWKvQo2BT2ftj7Hpump,1,1,False,0,12161,0,0,1,1,9876542,1,0,9876542,0,1,9876542,3,1787065244161983
FGvgPyP4D8b4kPFQGqKJMBTZEVT6FUzFRArLr7rtpump,1,1,False,0,12151,,0,1,1,0,1,0,0,,1,0,3,1787065244151980
bijjPsHz3conwbusW6SqSGqksASxwk3PZovz91Hpump,2,2,False,0,12113,1163,0,2,1,280671987,1,1,245384098,0,2,280671987,3,1787065244113978
Bg6KoKNLami1M7TmXK4jAFFEjW6SgsMB6VL9mVW1pump,10,10,False,0,10108,1958,4413,10,6,7606929917,4,2,4132128470,2909,6,5991328319,3,1787065242108443
DAMUaKfebFBMnUvAohd5moH4yZpryTzc4ZtyiZKmpump,9,9,False,0,8114,4380,4044,9,6,18352641728,6,2,8437103435,4380,7,15881877421,3,1787065240114981
EzoQusPQPbxwfD1vAJDDXZRxQDbC1oMqAi8NdDxTpump,24,24,False,0,554,468,105,24,22,1352125188,4,1,267909765,100,8,432721620,3,1787065231554197
25xyhS4CoqSnMQVgApv9CErgV9UgJ3scGiWUM6XLpump,2,2,False,0,500,146,0,2,2,488888889,2,0,488888889,146,2,488888889,3,1787065231500197
F4BTJVdKZrPZ7FthJE37r3bfc5MdzGjhjEmwvcovKQSF,10,10,False,0,454,507,1229,10,5,1953601859,3,1,1466666667,476,4,1480321252,3,1787065231454197
VhqMUos8W6RFpe3MrwAb9hhJJwQRMKpupPkPM5mpump,2,2,False,0,25800,346,0,2,2,423703701,1,0,236049381,0,1,236049381,3,1787065211800236
J3gRr8QZKsXSWCRjdyfchzTSeXJuM7g3yGYq8xiq9fBJ,2,2,False,0,21817,465,0,2,1,1198401689,1,1,184098311,465,2,1198401689,3,1787065207817927
7gwL3JjZ6A3253J5CdpruPsXGRUHCGunbBiBTMZLpump,8,8,False,0,21807,209,0,8,8,782368994,5,0,458901358,104,8,782368994,3,1787065207807922
7sVRuhvQoMvcZ8bAQrscsv2BFGdmSeHWxanF1Zxhpump,36,15,True,0,13677,4688,1562,15,9,9380596079,5,2,6846296296,3265,8,8210397803,3,1787065198677846
D9aZxb36koMSdPouSxHLACrjnebyEtfttFMxaumgyTAP,1,1,False,0,13669,0,0,1,0,187803037,0,1,-187803037,0,1,187803037,3,1787065198669847
HAzmFt4RbTnhLwD8exmC6xzAKwkekK6dnP1Cuo6Npump,18,18,False,0,9704,185,104,18,16,1200026728,3,1,279116234,69,9,708321324,3,1787065194704294
9VnUYPQDZzhuMCLRXBPJgd9irqp3JB7yXopTDQ599krj,2,1,False,0,7800,0,0,1,1,5000000000,1,0,5000000000,0,1,5000000000,3,1787065192800254
85MwaGgtGLhT6Ku8LJQ25cZkaREbpRa1B85gtmprtfjm,17,5,True,0,3814,0,930,5,0,4287075076,0,3,-477437069,0,5,4287075076,3,1787065188814796
D7LR7fu3NpSno4DBVbS11LPVWKutBapswJGaxWU2pump,8,8,False,0,3812,5,1270,8,2,2973999334,1,3,9777777,58,3,2650788762,3,1787065188812790
Fzn8Z3cPf6teB4f8QCCY4jCXGdQH3nzJtMX9WoPopump,88,88,False,0,1913,1042,5836,88,13,23032372429,7,22,1957241182,925,39,10570109961,3,1787065186913714
GBBXsBxEkugK2GxK24fkbaDQoJfMQjtDxAKmjBCSpump,170,170,False,0,202,26362,3819,170,92,142473737902,18,10,22802284764,5718,55,62763233930,3,1787065185202499
DGbRTZEamhDYQMj6D4HcXES5XtMwazQAyZrtrFuipump,1,1,False,0,38218,0,0,1,0,232848731,0,1,-232848731,0,1,232848731,3,1787065181218820
GiNAqnyrCuQCH3TMXNKZY7HkZZrXkZF1DgsJTtDVpump,6,5,False,0,35957,2883,0,5,5,5186666666,4,0,4600000000,2457,5,5186666666,3,1787065178957778
3aef9ANY3WsU7Mj22V1HEtpCNqJiEyffAGvhzPkLpmJe,3,3,False,0,34088,0,1199,3,0,2840746054,0,3,-862118096,0,3,2840746054,3,1787065177088023
8bJBR5JgqGwXHL7kmceip8J7NHp5U5cSY6yNrrYRGiP2,4,2,True,0,34001,3,0,2,1,8954956,1,1,6675822,0,1,6675822,3,1787065177001018
3icpehL5Tk1VTkrWs6BkYhwjBpyQe72SSP8k13J8pump,1,1,False,0,16714,0,0,1,0,51573,0,1,-51573,0,1,51573,3,1787065158714279
2sQAAi5tfhiE2QaURQiz7Wonq2CGF8Lq2b7TDJrjyzQo,1,1,False,0,8248,0,0,1,1,244444444,1,0,244444444,0,1,244444444,3,1787065150248770
AdDkZK1Z2dzf6HKmV35ZU2W7Rq1F7k1KnZqPuY4Vpump,5,5,False,0,6129,0,1708,5,1,4388145072,1,3,-750904892,0,4,3637240180,3,1787065148129137
AqRn2MzTZuf8mohwF1gzps67ias9t39uHMsT17awpump,2,1,False,0,6125,0,0,1,1,1000000000,1,0,1000000000,0,1,1000000000,3,1787065148125139
9AAfgr7Rmhi5N7VxYuoprpGaH6ckoQCdqRJVvc93de8Z,2,1,False,0,7113,0,0,1,1,500000000,1,0,500000000,0,1,500000000,3,1787065148113137
Ad1X6R7RQEPKf5GxFuyykSnUcKL2fDHJSmQUwhZqpump,3,3,False,0,2866,0,748,3,0,1690615042,0,1,-921701,0,2,1353428032,3,1787065143866140
96QZ4sLztCF2uH1efdiUvbJGQYTkCAzoeFpafGFZpump,43,43,False,0,2859,20,3932,43,10,9759431358,4,20,160246212,92,28,8168988489,3,1787065143859140
9zfsCfWZVtpjjYArMM27mswrmcWXGU1tFH8mkSFZpump,20,20,False,0,2839,3829,9454,20,10,262974791,4,2,30190130,4228,6,69165021,3,1787065143839139
BYtd6zYpTryP926ryXLhAMeBKCLaAmzFRzXeqcy4pump,9,9,False,0,2837,1176,5299,9,1,503200544,1,2,24538770,0,2,223745895,3,1787065143837139
8XohgfzpbCdwYAUbGy1zvTyvX47omrJmcsL4jsdBpump,1,1,False,0,2714,0,0,1,1,196136701,1,0,196136701,0,1,196136701,3,1787065143714139
5KQngWMYdTxbqtPGYCdvXGEwh2WjkzaJBHTUpNnGpump,12,12,False,0,1031,1916,2722,12,6,11396473464,4,2,3940444445,1900,5,6740289144,3,1787065142031676
Da7TNzPtTr84a39Cz2SaoET28mz2Xz2AX3HuQnf1pump,2,2,False,0,1029,0,0,2,0,610410879,0,1,-324,0,1,610410555,3,1787065142029677
148Hqs287Z1EqNnp3GsHKZoRhcDmxNFwmpAE6m3fpump,37,37,False,0,648,1106,1053,37,18,16371371744,10,2,1752641116,1373,20,9858157793,3,1787065141648682
7d7zECpt1YnfwAGzRAGTJP1tChAr6zq5J5kW2atSpump,1,1,False,0,36363,0,0,1,0,691249999,0,1,-691249999,0,1,691249999,3,1787065135363856
FtBkRoLCa8QG3W2tEWsWuABPWELD1bxokXMW6Haupump,1,1,False,0,34293,0,0,1,0,16032752,0,1,-16032752,0,1,16032752,3,1787065133293519
AkTkpPrzY1aYPaTBs4wDnd7m65dLMbDpsu7nLNKepump,2,1,True,0,29396,0,0,1,0,22102724,0,1,-22102724,0,1,22102724,3,1787065127396712
AFAccqRa2wuNHTJ2fFzfLwV4QxHUKpbMMPwKVTS2ChvW,7,7,False,0,25503,1352,1777,7,4,6078762732,3,2,2983960418,1284,4,3082725849,3,1787065123503602
Dkg175f16EU62JVUexHK7QmdxfpKCgXowCDaPU6Ppump,1,1,False,0,25433,0,0,1,1,456589515,1,0,456589515,0,1,456589515,3,1787065123433600
3h3frMwxRPqBBWLVmeNzJk72QyL92sWpofwcdXegxqjh,8,7,False,0,22711,3442,1383,7,6,12247205387,6,1,9419019530,3442,7,12247205387,3,1787065119711959
Ef8N2nZgM1WdCeYL2BvVuTLoDjRhzHPyUAa2riedpump,7,6,False,0,20750,3073,26,6,5,7779193049,4,1,7584000000,2971,5,7730666666,3,1787065117750411
6qJ3ygeR2DMe5ZV25V1ZEZMBRStPEDAgXwYghfo2pump,2,1,True,0,18537,0,0,1,0,1526260197,0,1,-1526260197,0,1,1526260197,3,1787065115537356
GKKMaeqRoz55F8LcHx5YJk1coD7eZvvtTgBzjj9Upump,17,14,True,0,17016,3675,1906,14,11,14584788338,5,2,9116518029,3675,10,14134616665,3,1787065114016675
FiTtvJPu4Z4qJ4QhrVqneCN5aMh5Mqy9nUCpruHspump,1,1,False,0,11190,0,0,1,0,888049759,0,1,-888049759,0,1,888049759,3,1787065106190007
Z5CEhSuuJdjBqY9BkgLwF3PkVjjGrFngHgzQyFdpump,2,2,False,0,7290,1910,0,2,0,2084374886,0,1,-969057223,0,1,1115317663,3,1787065102290688
DUx99zFzk4F1tgoexRTmFf8EeRMWTQkqeDDEH2Apump,24,24,False,0,7254,25,809,24,9,4189735192,5,6,575036995,261,14,2626712500,3,1787065102254964
ETbehGB2VdbqQNQopMcUN1zqu393hzr8Eri4WgMfpump,1,1,False,0,7239,0,0,1,1,12853478,1,0,12853478,0,1,12853478,3,1787065102239962
8eMJszqif5htY2FDG4Lm6D8UYFztUq7uQzjnBYxdpump,1,1,False,0,3058,0,0,1,0,1174092113,0,1,-1174092113,0,1,1174092113,3,1787065098058430
3Xi1232TK8C7rfnz6N49JbB2NuT6zp2t8wpwznJmpump,14,14,False,0,2116,1678,22,14,11,3684946521,3,1,1806001626,497,7,3016112839,3,1787065096116137
EjALPc8bMUJddQFXc2PPkZNkMKZrb25xAhJdKXvjpump,25,25,False,0,775,612,106,25,18,3002018725,4,3,427970223,222,10,1384111614,3,1787065094775609
3NA2jKPWLLbYbaTDX575jfS2NiDk4jy69EFwYdHQpump,40,40,False,0,437,634,125,40,35,2327960602,7,2,394316474,200,14,784778602,3,1787065094437606
5CxJFwndBzGemt6xxNgmg9c3i1xQx7EFWm4fbQZ2pump,39,39,False,0,357,0,3692,39,8,14850360069,3,16,293333332,354,28,12739423565,3,1787065094357597
BpV1vGpucoMR6LVFehtQQpmWNvKv73C5MKRFzszzpump,1,1,False,0,37852,0,0,1,1,12856331,1,0,12856331,0,1,12856331,3,1787065089852812
AZEqLUaeDb3u6FnGVcLakprwgmk6bD3GPGzNXBZ1pump,1,1,False,0,36062,0,0,1,0,770000,0,1,-770000,0,1,770000,3,1787065088062080
9NDyGWL91RqmBdRMroW4EoCccGivsrtw1tNMRWiLpump,1,1,False,0,34009,0,0,1,0,187095742,0,1,-187095742,0,1,187095742,3,1787065086009186
Eog9WBe8EXBmspFDomGdsmPYajKDRC1dMvnKUFYMpump,4,3,False,0,33946,424,406,3,2,1517919209,1,1,633940072,0,2,1267880143,3,1787065085946185
J57vagaHtWhnbqckPddzrjbcuUhU5c9oybg12ctopump,1,1,False,0,25580,0,0,1,0,1040067,0,1,-1040067,0,1,1040067,3,1787065076580037
Btkp9kheswek3VuM96ZKQPGrE6dcxqwLyT53wahZpump,1,1,False,0,25579,0,0,1,1,98765431,1,0,98765431,0,1,98765431,3,1787065076579042
AbmbgXKVG4CfgMSN26W6DEAfzNqUCNRZwCmoHc43pump,1,1,False,0,26521,0,0,1,0,491706503,0,1,-491706503,0,1,491706503,3,1787065076521036
9huHVyzXCXc82azFTsM5UaKgp1ZCaj6PRfH5rancpump,9,9,False,0,11882,0,1829,9,0,3910450396,0,6,-41985625,0,6,2550745803,3,1787065060882733
2XLD5y5d1Bdx5rpDxhX3xzLCDdav3gw8gAasxAGSGFAE,15,15,False,0,9506,9704,1765,15,7,10228441477,3,2,1466666666,717,5,5454609940,3,1787065057506729
4hzoEL79dUm4Cf3u7AnUdAa7ZQbyocPHMH3CJaRnHF2c,2,2,False,0,9473,6,0,2,2,46201089,2,0,46201089,6,2,46201089,3,1787065057473730
yK2X7cXdttZJYGkQgU1V8z1pZvZk5SfkJcCcwibneBx,1,1,False,0,7320,0,0,1,0,16756489,0,1,-16756489,0,1,16756489,3,1787065055320203
BTMUZ4adEGNjKANCUUocLbcprB9BNJcPMtJkyhSfed8R,10,10,False,0,5456,1535,2667,10,5,11681071676,4,1,3607133849,1418,5,6586267912,3,1787065053456154
8pyF5fL8m67wNZ69MouKc25pXnJviyDwuqiRygdapump,3,2,False,0,5451,65,0,2,2,147862671,1,0,97777777,0,1,97777777,3,1787065053451154
25VBxxYhYrjZy86nAU3HRTWxWgwmSEpRfvEAaKE2pump,24,24,False,0,3253,3983,9803,24,4,9639367283,2,2,1221145610,1488,5,4009463877,3,1787065051253114
HxG6XSxrtAAqMGhpYcHKrawGtavmsuAFtM8GkyJ2pump,43,43,False,0,2140,629,4044,43,19,10849254082,6,23,309877193,103,28,9749576079,3,1787065049140698
BevCG6FzKrk2bMFpZwU3DfW4oRLP7cWrv3Vh6C6TUyjy,53,50,True,0,530,12946,3583,50,17,25501857185,8,6,6574167950,3726,13,9212141976,3,1787065047530627
GnSZ7XrqWiqJuVTZdKDoVcSJquXioy8W4vuQSD2Epump,14,14,False,0,371,0,888,14,5,10769877889,1,4,840395060,0,5,3754607613,3,1787065047371626
EpSjX6gghH8B1Yw6A98pj6iK5yMUiBMscx7jqBnpump,9,1,True,0,369,0,0,1,0,1959449651,0,1,-1959449651,0,1,1959449651,3,1787065047369625
HiYg4cqCWdqAynuJMQ7wczTtL6CtRi81dW1shb5epump,1,1,False,0,31855,0,0,1,0,966,0,1,-966,0,1,966,3,1787065034855435
FgcVQVyMEoj7GerVRGjAXa2cBgAAjLD3UxPZEBAXpump,1,1,False,0,31786,0,0,1,1,95073878,1,0,95073878,0,1,95073878,3,1787065034786435
9jCU12TRpb5cus2R5xAjwRmMLMiLsquoktzoEczfpump,1,1,False,0,30140,0,0,1,0,118332975,0,1,-118332975,0,1,118332975,3,1787065033140895
DDonAwGfnikR6WnnyFx5AWbcTLcf2Fc9H8Z7xhRrpump,3,3,False,0,30134,22,0,3,1,8799999,3,0,8799999,22,3,8799999,3,1787065033134893
BCmiskQhRUzMJYCbpp8pCG53HekhxfiUz14MVQm4pump,5,3,True,0,23128,0,117,3,0,394199391,0,2,-96425474,0,3,394199391,3,1787065025128980
EqG4JREPMF2iazeNfVmBMELkSExwRHatCZCXpymEpump,1,1,False,0,23084,0,0,1,1,158024690,1,0,158024690,0,1,158024690,3,1787065025084979
6d82jE3VCP4uiKCqLeZptjKbjwBaNvVHNn4wT2sKpump,1,1,False,0,21127,0,0,1,0,1469,0,1,-1469,0,1,1469,3,1787065023127232
GqPErgvui2Up3RTG12SN1jPpTePnGtTp7HAeiqDA6c15,4,4,False,0,21105,44,0,4,3,5003832631,3,1,65561028,33,4,5003832631,3,1787065023105230
7kBKwZrC4Qg3hiN4aRi9LtenV4zvxVUduGn4KWkWmkL8,1,1,False,0,21080,0,0,1,0,740624999,0,1,-740624999,0,1,740624999,2,1787065023080229
666ivw47E3JESR1nWU9XuVnV2rtdQ7A4aE3yWTbppump,2,1,False,0,15785,0,0,1,1,9876542,1,0,9876542,0,1,9876542,2,1787065016785418
GD3KdagGKdgjR8Xogq9kqSVrw7c658CcaAwxxa3Xpump,1,1,False,0,13664,0,0,1,0,97459,0,1,-97459,0,1,97459,2,1787065014664523
CpujVzBHfcpntVdyQnwWsvL7NhnDeCpdSS9kikujpump,2,2,False,0,4684,0,833,2,0,2071722415,0,2,-738597945,0,2,2071722415,2,1787065004684044
Am62v7d8n5hW5hNRME62uEE8GmGiNGc3E8xc4yNypump,34,34,False,0,4634,2109,5729,34,15,18509332159,4,7,3435487843,1012,10,7828031846,2,1787065004634043
8Z7t1wmu1XwXk4BF9Aqin4mXrxthBMHkgzhZ7q1Hpump,5,4,True,0,540,0,834,4,2,1055824965,1,1,107555555,0,2,849503979,2,1787065000540375
DEbhqQPXNe1n3ZeRtMnx58Cm2GWysonQukaSHHqCu5m6,53,53,False,0,526,7339,6294,53,34,39720277798,14,5,13132117961,7159,18,18278916431,2,1787065000526377
CYoG5SUoLouU1oCsDQpdfwZ3xn3vQiwruCGSJBnypump,1,1,False,0,37259,0,0,1,0,25130807,0,1,-25130807,0,1,25130807,2,1787064996259870
FnRfq69Daq5Jwcera91jhZP3V5MmvdArn93rwHGqpump,1,1,False,0,32186,0,0,1,0,816295244,0,1,-816295244,0,1,816295244,2,1787064990186168
8kQAYRKSY1NkStV8R5Qhwn4wvi22ANMcPjTbGRuxpump,1,1,False,0,32159,0,0,1,0,524290258,0,1,-524290258,0,1,524290258,2,1787064990159162
GPQb7Jku7Ut4RBhHQhp2dZgKCQNsUNm7dvSGiK7Jpump,1,1,False,0,30110,0,0,1,0,9547167,0,1,-9547167,0,1,9547167,2,1787064988110936
Fwr92ZBGMXeBfv8NcpW5P1mpNZXhwhVtBwYd4UJSpump,1,1,False,0,28159,0,0,1,0,202061521,0,1,-202061521,0,1,202061521,2,1787064986159378
5HXF7V4PFeRcGtMRSGJC92kRXZJTrLq2iJW5AzPbpump,1,1,False,0,28129,0,0,1,0,155748806,0,1,-155748806,0,1,155748806,2,1787064986129383
3hEZDpv2QSbuMVy7XM27Ysn2txVG6YRvmNgn8CGopump,13,6,True,0,25226,4716,896,6,2,3076100536,1,1,493827159,0,1,1665308518,2,1787064982226205
E2eVHdSGeDuSWLWUtwWDBFsxFq9QRcykMXF236z6pump,1,1,False,0,21060,0,0,1,0,14485604,0,1,-14485604,0,1,14485604,2,1787064978060338
F1YtfbQbpuGmXB4DadwXKir9DHhit4Q2FNN2C4QVpump,7,7,False,0,15402,9870,5396,7,1,3256228387,1,1,328784345,0,2,1231404325,2,1787064972402615
4TTyubdTQcwnQA43kMEXJHtSpFaDrPuCEvhTTbVAvJNE,3,3,False,0,15399,0,1102,3,0,217121664,0,2,-4232620,0,2,212889044,2,1787064972399615
H3QGoRAP5UwEUdM2sSzXGVCcS7fnrgnjXfCtMyQfFsTd,1,1,False,0,13325,0,0,1,0,720535466,0,1,-720535466,0,1,720535466,2,1787064970325862
4kfFgrkfqEfzzPqZ35nvfWzGHv4zjFeSromCPpyRpump,9,5,True,0,14278,3259,1609,5,0,195104168,0,1,-26597069,0,2,69447206,2,1787064970278867
AJCnomx6dQV1FFUdCQ3EEpdBoorrvnykjST4ow3Dpump,1,1,False,0,6544,0,0,1,0,47766887,0,1,-47766887,0,1,47766887,2,1787064962544375
3or3ducQiooWdP4nkkMNwMwncmxvQpXKxNtsfTSXpump,40,40,False,0,6532,7732,9975,40,6,334966461,2,3,49382715,3681,9,66492602,2,1787064962532375
B29SR2tU5nR6v6UbBBThEygC9323A24NPF2cdvrwpump,17,17,False,0,6500,10383,6136,17,5,39408373675,5,1,10168734811,4643,8,28511484882,2,1787064962500377
DQJPnuYm3n6zDRSpzLACjfiqT9TULfKacLe9p7WNpump,1,1,False,0,2428,,0,1,0,0,0,1,0,,1,0,2,1787064958428348
97AzCUTz2GUYYgKma9QpBxwkzF6uKm6LUpkiskXnRdUz,14,14,False,0,2427,3085,255,14,11,5996399581,3,1,3226666665,1653,6,4509025811,2,1787064958427344
4CShtBAZjdft5pU4EKnBamcYoZ3jdGiKi32WpGxm3KAT,5,5,False,0,2376,0,2353,5,0,7290155960,0,2,-1768910095,0,2,3015728185,2,1787064958376342
23Kz21yct4F44ddBGm6Xi7wmXDP5C5PKAN6y88Hmpump,140,101,True,0,2343,13679,1099,101,68,11211620157,9,10,1472388873,3141,17,3491769507,2,1787064958343346
4VZaSbcv6fHhs31JLq3pAPmgTWRncj5kjsYtjtRkpump,1,1,False,0,2339,0,0,1,1,296296296,1,0,296296296,0,1,296296296,2,1787064958339345
5F6b5skfWuEcMkaGMYMXCmAuoJdMQ6yttYTBZPh8pump,41,41,False,0,481,298,122,41,28,2454121904,8,6,247420041,110,16,835852109,2,1787064956481760
DAT918yWTWyffMxN3P9uN8LJvPU3nj7sy6AhtJW9pump,46,46,False,0,273,11224,7372,46,11,32530324207,10,2,6487901231,3016,25,18855078623,2,1787064956273451
4ZKJhnoRcrqtKJfoKdWMNnd45RwNg2eZY45RJ5mjpump,36,36,False,0,271,4903,900,36,23,36816915473,6,4,9927618187,2716,17,23071298062,2,1787064956271447
5kg3NqPd5yHaeGHvdnBU96LsBcSFw4cq7FzHKhZzpump,6,5,False,0,40344,4758,0,5,5,12444444440,5,0,12444444440,4758,5,12444444440,2,1787064952344366
CeUyznQZhXrSHLTGDBpj9pG6XwvJrT2isfWCvmQUpump,1,1,False,0,35415,0,0,1,0,27372136,0,1,-27372136,0,1,27372136,2,1787064946415949
9GFd8RskbzzTejiypWJvhYa98YDb2EaNkxNyUHRD8hSq,2,2,False,0,33534,0,1190,2,0,2068311018,0,1,-105939224,0,1,1962371794,2,1787064944534895
5g8Gj7nXiiLWudLYNWHahjnM4EPcLmp3CAuuWF2gpump,8,7,False,0,29652,1879,579,7,5,4107726192,5,2,3133863097,1879,5,3133863097,2,1787064940652593
CH1uU3VRu2Eo5gdyPacdEMtmvuNeEVMLAqVtenV1ZsL4,1,1,False,0,25533,0,0,1,1,19555555,1,0,19555555,0,1,19555555,2,1787064936533978
BUk3rD8QNS3cqn1RyCWU2DKCUnXtBdSomTaxFn6pump,1,1,False,0,23423,0,0,1,0,6984441,0,1,-6984441,0,1,6984441,2,1787064934423507
BjeM1EibPgokXEAsoMsEMKVvUkhSPmuBwmp8W9g3pump,14,1,True,0,20618,0,0,1,1,2690975,1,0,2690975,0,1,2690975,2,1787064930618668
HpnvXSjEaHBEJW34YAT5PkkgsDFp73KNY5wJQadupump,5,1,True,0,20564,0,0,1,1,986666,1,0,986666,0,1,986666,2,1787064930564669
4DHdFr1FwYXHRGmzF6MxEhEkBQ6UaBfMdm6HWnxzpump,1,1,False,0,16623,0,0,1,0,8351569,0,1,-8351569,0,1,8351569,2,1787064926623331
Cbu3XBfSDpJjngcitUUH1sqnHRLbbN5Yd9Rw5evKpump,6,6,False,0,13660,0,2937,6,0,1291649306,0,3,-613592,0,3,732144078,2,1787064922660733
4fK9KZZC4noa2d3iSKHXDR4xbupU9kWhRE6LSYnLpump,31,18,True,0,9659,12388,5361,18,2,371920456,1,1,20127305,0,2,158316222,2,1787064918659937
9PcQqbCgrLRRKDTuURamBGWn32yLn3S7Xe5nJJwJpump,3,2,False,0,7670,329,0,2,2,2496790120,2,0,2496790120,329,2,2496790120,2,1787064916670009
HanF4Pie7NWik9h3tNNZ4jAV4LFNpufVoXuEYXGfpump,7,7,False,0,7636,0,3127,7,2,15234618985,1,4,78222222,0,6,15156396763,2,1787064916636013
9hqw6wLfzKRry1rrhQv4N3nNkSzPGX7aaDjxdJE2pump,1,1,False,0,7635,0,0,1,0,52955109,0,1,-52955109,0,1,52955109,2,1787064916635013
Ev9cqrx5iHNnjPJfDApPtXuNDFz8ejPxuN9sg6Cipump,6,6,False,0,7620,1522,0,6,3,3324444444,3,0,2151111111,807,3,2151111111,2,1787064916620009
4tdUtLJTUfZ14kUeqdV3noCjAM9PzY9JCUKt7jACpump,3,3,False,0,7596,29,575,3,1,2430338038,1,1,48888888,0,1,1399999999,2,1787064916596498
BcJ5BMkh1XtKsHwrMkbhfyq9wXwCPnHvoeLCrDpfpump,2,2,False,0,5642,500,0,2,1,822900032,1,1,658349968,500,2,822900032,2,1787064914642504
9dKWKgEqhWSiZHf6pKKrpjCnz7PdD1PXT8ArAbeepump,4,4,False,0,3505,0,8643,4,1,42338433,1,1,4718701,0,1,27364765,2,1787064912505451
4QsURTgHyFtpUamgYAxezfk99UUudNWmXsyN2ytrpump,11,11,False,0,1674,644,520,11,7,4384643716,2,1,1351391310,490,4,1972761950,2,1787064910674663
CYb7JyLwmhSMe3CjUPGxbrP3niWvPDtiC1wtGR8Jpump,86,86,False,0,0,126,8423,86,34,47529882066,8,11,2683456784,1199,24,15856394720,2,1787064908982661
FJkodwcMuLwJv7QmrD1Q983MioazHKd7MGrzmQnCpump,1,1,False,0,35588,0,0,1,0,98765430,0,1,-98765430,0,1,98765430,2,1787064900588149
D4twka3oojSNrmFfXZmY4795oSSWNwHcztY9Q1dVpump,1,1,False,0,33591,0,0,1,0,686262478,0,1,-686262478,0,1,686262478,2,1787064898591568
BCY6bxkvQWygjJ5Y6u6ccWkkvwMRk9LMNhaKXc82pump,4,3,False,0,31571,12229,1694,3,1,436999318,1,1,321503024,0,2,321503024,2,1787064896571034
J1g9RDXHpm1pibghqjCY3HkjdAqyoMBonx88iwMgpump,2,1,True,0,28667,0,0,1,0,229641751,0,1,-229641751,0,1,229641751,2,1787064892667155
ATbZQCx7zaNrWDF5apHppNooMGPz2M7JLf1UxJLZpump,1,1,False,0,20749,0,0,1,0,49382714,0,1,-49382714,0,1,49382714,2,1787064884749791
656Hsgow9HLfTfwMGDZuwmsuJ8qNi3bQy92LmHP3pump,1,1,False,0,17650,0,0,1,0,92493,0,1,-92493,0,1,92493,2,1787064880650937
388d1grAEt8bTzTW4g5UrkJwitDQ4TTKbVBUPYfopump,36,36,False,0,11898,1202,5292,36,13,30431287733,5,4,7139259258,1062,11,11862154356,2,1787064873898913
3KbdYDBZSvxME7sUYRBeh6PHYFbys77ZLXCGn3Topump,133,133,False,0,9157,0,4905,133,2,12316055905,2,117,-3983992,0,131,12278334769,2,1787064871157024
21ADMsfQv1NxhDLLLhS3mM9Hw5GpJEf6UBdEY1yFpump,1,1,False,0,3352,0,0,1,0,45813268,0,1,-45813268,0,1,45813268,2,1787064865352895
Bi9vuVTxBgqT3pT8E7SAnTuwzTsFKVZCvjRN25SSpump,42,42,False,0,3290,8834,246,42,33,17014594049,20,1,8754906388,4550,24,9051662543,2,1787064865290892
8xGJQ3XZZnMy33fC2J6FS3nTye84vQSGYQA8X4ndpump,1,1,False,0,1324,0,0,1,0,46014072,0,1,-46014072,0,1,46014072,2,1787064863324102
4B9wk87xzekiVjKwxTURwCjw4xYJPQYe41yyGpeHvARw,1,1,False,0,37495,0,0,1,1,493827159,1,0,493827159,0,1,493827159,2,1787064853495186
mb8J2GXZ8ntofnyYMkcuzt6s92HLciS5xBtPhNWpump,6,5,True,0,33590,3994,574,5,1,1853366500,1,3,83985670,0,4,1590372818,2,1787064849590798
9pqpEqdVaKYCyHQmZ6MkNbNpG76ML8LcRD4nDEDhpump,6,5,True,0,31609,512,213,5,4,2910385562,4,1,2419027540,512,5,2910385562,2,1787064847609767
6K4yMfxexYdgm7LPKwDvxfr2d6moHkAd8qbp9cX4P5hK,1,1,False,0,27000,0,0,1,1,1565131252,1,0,1565131252,0,1,1565131252,2,1787064842000225
6ecNkh5eYppMQJxKdo16sAJQQmwCWLGpChiUGt9bpump,1,1,False,0,26975,0,0,1,1,488888888,1,0,488888888,0,1,488888888,2,1787064841975223
6QnH5vD1ZXezYEjUCcrTk8eDSfLxuwEPV3kQ97dspump,22,22,False,0,26944,127781,9270,22,9,20003530372,2,3,2720197530,71,6,8240632263,2,1787064841944223
9dJvYQtFyxji2RKQsonYBSK4U69JHBXyeMfCWbWupump,1,1,False,0,16337,0,0,1,0,788478021,0,1,-788478021,0,1,788478021,2,1787064830337642
DDQnW54xhVLLT7coGAfTPzgzKoWusNuL2Cy7Apdapump,3,3,False,0,16280,1944,1655,3,2,210544438,1,1,151245236,0,2,151245236,2,1787064830280647
GEDmJDFQv1KJ7LgpGZdgFyTDZyXqmGZRtbrKRtY9pump,4,3,True,0,9789,1170,0,3,3,1013648951,2,0,818093396,285,2,818093396,2,1787064822789375
Hnenk6xLnerwDWMAsfQ2pnx6BTKeSHmEU9zGwqdZpump,1,1,False,0,7684,0,0,1,0,1000000000,0,1,-1000000000,0,1,1000000000,2,1787064820684078
8hdyHPyxu5f1iG4XkwxpQn8ge8LsUrhxwtCHszrSpump,92,92,False,0,5695,15203,8182,92,42,68639801042,12,6,12371747505,4226,27,25628219198,2,1787064818695083
2TDMnabsjqxjuM279NdqQsZg67jfyvq4AkzVQ9Wtpump,23,22,False,0,3842,5744,1565,22,14,20826663110,7,2,10650036168,5174,11,11022655766,2,1787064816842353
BnTacabkmp5UhPHkTghAfPboGZTEuqb4ciZKsKqdpump,12,12,False,0,3819,69,324,12,7,1601459834,1,2,206594628,22,5,852854163,2,1787064816819353
92zBSc8Dguy7go21XguA5R42TciW8bnw1osYzKKwbPPD,3,3,False,0,3807,1046,2094,3,2,3026597406,2,1,2933333334,1046,2,2933333334,2,1787064816807358
8za7XqcwP36S3KJatCCNffgYAC5Xdm4yCuDtf8Capump,21,21,False,0,3751,,0,21,3,0,2,1,0,,4,0,2,1787064816751358
4YfLBvoX3i7Rn2DCUFZhC2D9m6gUeURgVNvHEVizpump,17,16,True,0,1761,7568,9730,16,8,713650082,5,2,149162663,2773,9,396634855,2,1787064814761526
5eNTra94PT3NSoQNFqZpV73kA7aoCehjDTxE6Drkpump,83,83,False,0,1749,1708,9229,83,11,94777286560,3,60,4270419750,345,68,80617711125,2,1787064814749529
DDqHQNwQXNyNAF6HqUXUeax3p5zATFuMcfWkKKpNAcKH,6,4,True,0,43,946,3066,4,2,1486735088,1,1,296296296,0,1,980516266,2,1787064813043988
GJGCrCoZ48J5WYPCqJSjg4QRF1kMcVmxFNgB3kzMuSnU,1,1,False,0,35322,0,0,1,0,66703753,0,1,-66703753,0,1,66703753,2,1787064808322486
CSJrSiNjrqjeaW2EKz63WBvtVDzVTSiBBnYwsWEaCBd,1,1,False,0,31498,0,0,1,0,148148146,0,1,-148148146,0,1,148148146,2,1787064804498339
FGLZxU2SghTqaEkXtYt77WyPLJPYL2zuiAT2sEnipump,1,1,False,0,31468,0,0,1,0,782283009,0,1,-782283009,0,1,782283009,2,1787064804468339
2mZa38Ad4EiCcpAPTdjWhndgf6qUA3AXA1ejUQLKpump,5,4,False,0,29767,2971,0,4,4,7584000000,4,0,7584000000,2971,4,7584000000,2,1787064802767339
EoFea2d8e6rbMboXu5KJmyfmECdhnyF8KuNiGxerpump,34,1,True,0,20271,0,0,1,0,485887923,0,1,-485887923,0,1,485887923,2,1787064791271832
AaTrtP9adRxU4FxWgNJJ86Hd9NQEdSKYM98E717fpump,3,2,True,0,20266,153,0,2,2,1302280049,2,0,1302280049,153,2,1302280049,2,1787064791266827
EgL4PpuYJokz8w6w5NbyTUbunumKcjgkKjsc1cu4pump,3,3,False,0,13901,0,1940,3,0,701489778,0,2,-64546128,0,2,636943650,2,1787064783901438
56bnVpU5H8JKCypZFd9X8CUwvy7YctyqiuztZTmApump,1,1,False,0,13818,0,0,1,1,195555555,1,0,195555555,0,1,195555555,2,1787064783818992
CWxcXSMP553sEY9YQtF6o23DEtnfP5gXUmqAFmErpump,1,1,False,0,11041,0,0,1,0,7205304,0,1,-7205304,0,1,7205304,2,1787064780041687
4mKjGRzd8HD7GAufxxhkdHh3q2pAkRdctMLh29owFYBV,1,1,False,0,8960,0,0,1,1,97777777,1,0,97777777,0,1,97777777,2,1787064777960649
EzhvittSvmBmhZh1T7kuit3PijUeJV2H8hYiyq4npump,1,1,False,0,8922,0,0,1,0,790123455,0,1,-790123455,0,1,790123455,2,1787064777922654
HBk6J6J78yxUbh9LWJ5XQz7Ahbi5byGJzGonrXcBmHB2,28,28,False,0,6912,0,6339,28,7,8486595609,3,3,977875554,166,11,4543875470,2,1787064775912649
C28KYUN1RWZt1FhS97PAtxFJ2DFdBtZKLBVjAYNTpump,1,1,False,0,5031,0,0,1,1,97777777,1,0,97777777,0,1,97777777,2,1787064774031607
6GNX4fJBfnn8Y6SxEyJn5UJ8bw6JUwC5nTPrj1mQtPUz,36,18,True,0,5009,4306,2470,18,13,12440953712,3,2,2518518517,720,3,3134579485,2,1787064774009606
G67zTbei93DdJph4MzD7vJn51dn3CdwPZdKHfydFpump,7,7,False,0,4983,0,2191,7,0,5962680970,0,4,-10493648,0,6,5952187322,2,1787064773983612
FLFvMR3GLJZtrXLpjxBDgrsZwXgBuRipJbMhwKJNpump,7,7,False,0,3123,0,7966,7,2,173195393,1,1,64065454,0,2,64065454,2,1787064772123607
5HSdBptEPiM8MW3FpqYMwcpFEEtZwBUvzWjLu9uBpump,1,1,False,0,4055,0,0,1,0,247688316,0,1,-247688316,0,1,247688316,2,1787064772055607
ANkGRZzPBjtDp3MxXpQNW1NcAYREGzdroCCcaNG5pump,22,22,False,0,4034,0,5171,22,5,5215500984,4,5,271697163,112,7,1900859275,2,1787064772034607
DiVyAUmabC8rhPn1QyEpxT62K5u1en3KMRhai4yEpump,2,2,False,0,129,0,631,2,0,1955555554,0,2,-959792803,0,2,1955555554,2,1787064768129865
EsHmaDSRPkzCCstSQJ8voVLGsjSgSBSq624ecBVMNSLT,1,1,False,0,36363,0,0,1,1,98765431,1,0,98765431,0,1,98765431,2,1787064760363605
ANbxc4zJPPv8i1Wv7anrC98ZAsUSBm5D6u1v6RCqpump,4,4,False,0,34766,0,1490,4,0,3780980942,0,3,-1260695935,0,4,3780980942,2,1787064758766605
68H3P61sJrAioz42Tkf7BxyadCVv5SZ4WnmtTohJpump,10,7,True,0,30878,2810,14,7,1,69728667,1,1,14783928,0,2,14783928,2,1787064754878526
UcjZTLwdUQZ3zrEnYVoaZhHHs8BY25YPC1FrKsQpump,6,5,False,0,29035,8166,0,5,5,17090240364,5,0,17090240364,8166,5,17090240364,2,1787064753035742
GzD5wvrCXvSL14MjkQu4e2QLT6feyKtDCAaxHhL36p8L,4,3,False,0,23402,1466,0,3,3,14814814812,2,0,13827160492,966,2,13827160492,2,1787064747402092
C8sJ5fZ4SFFT6WhwPRFhEj9jPRfQsyCahfcN1shgpump,5,4,False,0,24361,5485,0,4,4,13553807802,4,0,13553807802,5485,4,13553807802,2,1787064747361096
6hYj99fVZMgSYFRyVpEGx1KJrNLE95RqMDvwwRjxfXe6,1,1,False,0,24357,0,0,1,0,180003527,0,1,-180003527,0,1,180003527,2,1787064747357096
A3zhn7QcSLPAfdMXpDj7TendXh1RcGqiMV51ShBzpump,5,5,False,0,20448,3769,774,5,4,1929157347,2,1,1466666666,19,3,1506172837,2,1787064743448190
3FJS9AR9EpCFmYrPSZuT1CFKj2YyJm6qBKoreUUHpump,2,2,False,0,18509,0,5351,2,0,838402776,0,1,-97777776,0,1,740625000,2,1787064741509123
CzGv2k3u4UXXE79FWXKaP6CLVVLjtK4bBM5GAGudpump,8,8,False,0,12835,179,49,8,7,713649705,2,1,189925994,47,5,342784882,2,1787064735835736
BwBtDFdDXo9Rg14tGSv6ygkAF7q5okojKHXU4Ghmpump,2,2,False,0,10894,0,32,2,0,1618080814,0,1,-71716296,0,2,1618080814,2,1787064733894227
GPJspkMPdouTTfjJJjAHGEPobKbKKoFoAGVmjyCMvJ53,9,8,True,0,9055,0,2010,8,2,6992059970,1,3,97777777,0,6,6796504416,2,1787064732055183
CmCnaXaoxmSyq2RrQ2AnVyr577i9V6mmwZUb2wZwpump,1,1,False,0,10007,0,0,1,1,488888888,1,0,488888888,0,1,488888888,2,1787064732007187
GKo9pZKas6nhmeSUXYye3wnrBhDmqQWkTVS3UwyApump,4,4,False,0,4421,0,1694,4,0,5517604182,0,3,-1067053986,0,3,3213188487,2,1787064726421880
FTSRQWbFw6hYMrxb8dx5CCKtdgTDkePKBrfNgsNapump,4,4,False,0,4419,85,5946,4,3,452227953,1,1,231817112,0,1,231817112,2,1787064726419875
Bapyr2ew7jZ4tqjpS8pth7aNXCvQtnhuiNMwK3xxE4Zm,32,32,False,0,4373,16177,2728,32,19,75901719658,7,4,20681481477,5699,16,39785149332,2,1787064726373876
FfiRxrazcMCrYyPQ7C2zA7a1t1NXRnqSa5fASGtupump,4,4,False,0,2497,0,344,4,0,732732569,0,2,-153445044,0,2,331276489,2,1787064724497076
7eRefboELfoKcAoHmcFtFDMWDGTq3Hwackf74jSZpump,18,18,False,0,731,1965,2733,18,9,20285203398,9,2,7395064576,1965,11,7536657888,2,1787064722731075
3zygTwGb6oqRhGmQKMnF8WA6uhERf6Ma6qiUMishpump,1,1,False,0,33558,0,0,1,0,1419746,0,1,-1419746,0,1,1419746,2,1787064715558717
HG3jWnPhExfrdK1gMMTGkGmg2Za9dmdMG2v7q6P2pump,1,1,False,0,31813,0,0,1,0,1220465600,0,1,-1220465600,0,1,1220465600,2,1787064713813722
JBd2L3ie2DbB2jAD53tXxoTdbAkNjfjrQ3BWG3GVpump,3,3,False,0,31749,0,1029,3,0,2637037030,0,3,-963903406,0,3,2637037030,2,1787064713749721
FpLxq3gkwSVwr2wPCVoVyj4SKmRH4iYwrNRFgvgopump,6,5,True,0,29952,2171,3,5,1,281005156,1,1,110615235,0,1,110615235,2,1787064711952233
2pyPrHZwoSNGhM6G9kvztMEbmEwGfPYnZYP5tBakpump,2,2,False,0,28166,0,218,2,0,811499703,0,1,-401250977,0,2,811499703,2,1787064710166844
CWmC4bf8CVVkH4oZp9mJN5JEgq25hzwDnbgPkmJxpump,1,1,False,0,28148,0,0,1,1,112493826,1,0,112493826,0,1,112493826,2,1787064710148840
Bq3Pj3SQVoGVqkWHvoagGNEPrR7MH2jV7mHGi8AApump,1,1,False,0,27361,0,0,1,0,3839370504,0,1,-3839370504,0,1,3839370504,2,1787064708361789
3NTZZ7xKGyFY7jSoNUcuCJBkUFPn6HhDXymvYeDtpump,1,1,False,0,25469,0,0,1,0,1691665984,0,1,-1691665984,0,1,1691665984,2,1787064706469205
B91Z5VjtSSWdUUQFk4B77xgL6mbdsP5LsvDYyQnypump,7,6,False,0,23913,1577,0,6,6,4968471429,5,0,4745061727,1429,6,4968471429,2,1787064704913830
8foVK3wW3WxF4yqKp6wr2TW2YoPyaq8pG2iBNrmK1Npg,7,7,False,0,15709,0,508,7,1,1809875814,1,2,97777777,0,4,1556407885,2,1787064695709108
FpUX2Tv6anPpmNjRkYzNH5mrFLDDA3jNCUgeiqWVpump,24,23,False,0,10359,6736,4548,23,15,24445478254,9,7,8862222215,4931,17,19901319113,2,1787064690359729
3vjQAhYhus9Sff1Pc8xiANh6pKhRUEi9JC5AHYGaWX9t,68,53,True,0,8672,15778,6366,53,33,40597291797,13,3,20227065838,9468,19,22713253205,2,1787064688672902
7ao13TaErWrXip91NHuaNWy7WRsEXont4hg4dva7b54b,9,8,True,0,8630,,0,8,1,0,1,3,0,,6,0,2,1787064688630898
HtPvE1kqz5qezC26Fy6LuUybA7grbddDjhgVhGjmpump,4,4,False,0,6753,1366,6057,4,2,23699999992,2,2,5924999998,1366,2,17774999994,2,1787064686753541
2K9N5Ehbni3mjQsrRjE4TKPP35bM1LkHVjp4xGNSpump,2,2,False,0,6746,23,0,2,1,38755270,1,1,33866383,0,2,38755270,2,1787064686746544
J2CAbtSqBjHRAHrgTUVhPEVcTyH6EQYbnDgwVax6pump,16,15,True,0,4932,1387,4660,15,5,7015919965,2,4,195555554,44,5,3875327172,2,1787064684932543
5SSjnMZzrbvVVRNsg2ZQBGwFr3JcZkmCgAsd4crupump,4,4,False,0,4918,0,1468,4,0,3617972088,0,3,-441788236,0,4,3617972088,2,1787064684918543
6s2QkSPa8MgYonu1Twt3pX19HApCvwg5VTqDrCpQpump,11,11,False,0,5894,0,9849,11,4,319574424,1,1,89570829,1393,4,129270989,2,1787064684894546
2KDxw2HMzzJsVSBruPzgQHMsGppSrRbvitJ4EQJ4pump,6,6,False,0,4117,66,626,6,2,2341269991,1,1,-31807157,66,2,1349718366,2,1787064683117267
4M6ATB3CveC1p5Z9PVopfWx34amCaLUFH1k4DSwCpump,3,3,False,0,2315,0,1172,3,1,4329547872,1,2,-1708623773,0,3,4329547872,2,1787064681315201
HEg9rbsUXbTC4TiSD9Za39WdmtnjSrieU2DrHNgffPFH,6,6,False,0,2308,0,2696,6,1,6092263717,1,2,493827159,0,3,4593882875,2,1787064681308201
5an9iiaADSfpmaKGtzkqMTfZKfWj3jJwsupEomSZpump,16,16,False,0,512,0,3664,16,1,7806541297,1,13,59773537,53,15,7805089567,2,1787064679512089
7Xu29sa9fBNcmrgp8wLenWtAwPGkuKQyCavej4CZpump,38,38,False,0,423,6785,902,38,29,15020559354,6,3,3144161087,1243,13,8026651475,2,1787064679423089
EnGXEjmUMCQkV5ojPucv1b7HHtEKsrphiL1aASuApump,1,1,False,0,37425,0,0,1,0,461985041,0,1,-461985041,0,1,461985041,2,1787064675425469
3JctAnT5GKtoSCjkcaZL9SdJFqHa2JnrzhMwfL1Tpump,9,5,True,0,20740,234,3010,5,3,8561995942,3,1,6905360505,234,3,6905360505,2,1787064655740174
HV3hCbfoj62e9JL3j7YW7j7nVhNLp8vvTfJFr3wApump,1,1,False,0,15437,0,0,1,0,8088647,0,1,-8088647,0,1,8088647,2,1787064650437818
BhKAaNRbow6hgNi6QX5tT8gV1XwQRdogf65njFPXT7Yt,49,1,True,0,13577,0,0,1,1,138271604,1,0,138271604,0,1,138271604,2,1787064648577771
41XjjXTHKebuSP1jUrmMPNFEXNvabU2i3fmvFyjApump,1,1,False,0,11876,0,0,1,0,2999999999,0,1,-2999999999,0,1,2999999999,2,1787064646876304
4UnMzLCWToh29KvetKUVLw1yQFRQDDWPpwrGjQZ7pump,2,2,False,0,7704,382,0,2,1,605065960,1,1,581629943,0,2,605065960,2,1787064641704513
76bCW4Sf3M1vk36AK3PuUk4uHQrCPiWS8M1gbzDcpump,2,2,False,0,5036,0,118,2,1,202529178,1,1,198488888,0,1,198488888,2,1787064638036992
GWFjEuMNgmvGaZ5oNEaAFDrfMaa4kTQ9wuKyNHsepump,2,1,True,0,3397,0,0,1,1,23728438,1,0,23728438,0,1,23728438,2,1787064636397915
4AqXtzD7kWYfeTWffZuoQAYD9pjtLJUNcJxpo34oav7K,14,14,False,0,3320,15,1884,14,1,7960952141,2,7,19555554,5,9,4023632685,2,1787064636320916
4Zt1rS9prrRQxoeqWzs9YKkg9MiGL4NNKuqULCYQpump,20,20,False,0,1571,92,125,20,16,1185952103,4,2,187760010,44,10,560910343,2,1787064634571188
3n1Yo6N6YsAZezMdUNxLFDiHH9tW8Scq9wfjaKW2pump,2,2,False,0,1568,0,19,2,0,79000578,0,2,-49236710,0,2,79000578,2,1787064634568188
AvhcxceTTJYvBD1fM6Nwas9ixn9Gk9PUzx8TfxuiZTzb,13,13,False,0,1550,972,2467,13,7,11626415884,3,4,1369876542,498,5,7563815901,2,1787064634550187
BRjC8jWshr8Lnx72KL9crnRcnhBbiYCyYFL2jiHBpump,2,2,False,0,1548,500,0,2,1,748889235,1,1,732360765,500,2,748889235,2,1787064634548190
HbtgmL4pLsfqrqhBvF65EoAhkbtSESswqfFmFmEGpump,5,2,True,0,1512,0,10,2,1,39506169,1,1,19753085,0,1,19753085,2,1787064634512188
FPoKuopkbnjHGNCDYp5c5f4s1jN5Tq58dsJDF9hfpump,12,12,False,0,104,0,3892,12,1,9663160712,1,4,48888888,0,7,5430940298,2,1787064633104351
FbqxgU9LwDc7asnYBpzLc1QdBntBykirViEedPM3pump,48,47,True,0,102,2812,8995,47,10,77328036910,3,34,6496395059,1397,36,66015544110,2,1787064633102352
Hjib1YmwPBdMgX5i9n36wqM7YvYKqqFEmCgV3jxmpump,39,39,False,0,96,0,4884,39,2,15344781433,2,19,-234019319,0,24,10558469673,2,1787064633096350
C6jN8XedqLh3JfswyreL4bwzXjkGAfsPxftNdkJQJHaY,1,1,False,0,34382,0,0,1,0,91611111,0,1,-91611111,0,1,91611111,2,1787064627382608
4WbJBx6VxwmtAj17c7Vk2R8MFfki9JRw6MyFkmC7MHjm,1,1,False,0,29393,0,0,1,0,1142395,0,1,-1142395,0,1,1142395,2,1787064622393727
F1XnVU6v8W6NmcXZzcHKhFi1nxGBexTC7bkFWseYpump,1,1,False,0,27754,0,0,1,1,246913579,1,0,246913579,0,1,246913579,2,1787064620754364
Dx88osBUPJJBA4r7Yg9VXMC28FCTFqyPgYt1MWRB2gtR,1,1,False,0,27734,0,0,1,0,5369151,0,1,-5369151,0,1,5369151,2,1787064620734364
FHEyqH5XpPU4bPvdUwUFSKxMMgz96xVt1SqM2ctKpump,7,6,False,0,27696,2735,0,6,6,7198596285,6,0,7198596285,2735,6,7198596285,2,1787064620696363
D3JPgTrKCtPmYJje5Qy3BDs29Cg65yuXL4jZj6fARSNW,3,3,False,0,26850,0,119,3,1,144971826,1,1,4888888,0,2,102242107,2,1787064618850364
CyVufBCSHzBWZvXuPb5wyiqVTqxMt6SErYFgdnBYpump,3,1,True,0,23630,0,0,1,0,4732844,0,1,-4732844,0,1,4732844,2,1787064615630218
7G9vhbKRGDfLrQi3dHJvpjeVfnC5BmJm89D9wyjNpump,1,1,False,0,21811,0,0,1,1,126570019,1,0,126570019,0,1,126570019,2,1787064613811589
CMSqjACTfSYB8Qg2ZF2pz61GrvNBekfoXGmMtP7Gpump,60,59,False,0,20010,10441,5285,59,35,32963024540,19,2,11900000000,5817,35,12997503903,2,1787064612010552
BndvGQ8HyuaZbBGM6uxsdaqGrmR5jXMZ3cSEhbJPpump,1,1,False,0,17894,0,0,1,0,413353380,0,1,-413353380,0,1,413353380,2,1787064608894478
9o9b5f4P8XNtxYmDbrHEubNqh8MBBmJ1mkQDi4JNpump,28,28,False,0,15518,50365,0,28,28,49426662433,24,0,48052341449,48294,24,48052341449,2,1787064605518099
GSkTjJaaiWYEbWALpnKxH9BQYDWhntzKMwP9WdRzpump,5,5,False,0,15517,873,1541,5,2,770246471,1,1,228227094,0,3,420882095,2,1787064605517102
HWdPQxNZ9gHPxbLCjabg78v3ERfB5bunqafKWa872KZh,2,2,False,0,15493,6,0,2,1,19753084,1,0,9876542,0,2,19753084,2,1787064605493098
9ZtDYQ5qcWUTZx5Ch76frqrYCmSbDHWjbyzPiBJwpump,1,1,False,0,11110,0,0,1,0,9691557166,0,1,-9691557166,0,1,9691557166,2,1787064600110032
Estjrds6hWnSwAr41vZDNTFFxGcEVepCsQEZZ75jRnFw,9,6,True,0,7589,771,791,6,6,2641056602,1,0,990589400,0,2,990589400,2,1787064596589192
BNd4QiknanD9AMMHaGesm2ucpy77USPYcVbwd8Q2pump,1,1,False,0,7558,0,0,1,0,1978069654,0,1,-1978069654,0,1,1978069654,2,1787064596558190
24P2GKPn9sG5pajA6odu8Ncopk62TScTAUnwySSrqLq1,78,47,True,0,3114,15941,4928,47,26,29923475783,7,3,4194988225,1893,10,5324478938,2,1787064591114798
788Dpw38bgyWgYz74osEPNYJ5ZKCDd8CpMT1C64mpump,1,1,False,0,3066,0,0,1,0,977777776,0,1,-977777776,0,1,977777776,2,1787064591066269
EGX9Dy4bow9oBCP6JU5taaGBk52RwkRW6ffaYx3Wpump,3,3,False,0,3051,8192,0,3,1,1026142821,1,1,679068896,0,2,679068896,2,1787064591051266
7W3cQQPsuwMJanB1MfSH3NJLhYZftFTh8RSSf7ekpump,6,4,True,0,1239,417,3865,4,3,1421089330,2,1,790062314,153,2,790062314,2,1787064589239125
CwW5TufT5PCAey6voTRBoEsusS3eybcHhWi7kKqYpump,1,1,False,0,37091,0,0,1,0,138833781,0,1,-138833781,0,1,138833781,2,1787064584091465
BsYrbCAhoWbSi9vbuFk8oYNw1DYjf9qCopo4uKnRpump,1,1,False,0,29440,0,0,1,0,455119645,0,1,-455119645,0,1,455119645,2,1787064575440345
3e78aD9MrYTSgNkf78g6vbtnHQP1t2aH3eckXehopump,5,5,False,0,27627,338,0,5,5,3590123451,4,0,3555555551,319,5,3590123451,2,1787064573627550
agJcWMEFtKUq8ncZ7TTFmWn99XoxBTGoQ2ZB2bcpump,2,2,False,0,24439,223,0,2,2,1288888888,1,0,888888887,0,2,1288888888,2,1787064570439568
DyBh57TtmtyMvDpdbcP4RWsgGYAiokub6o3mpeQRpump,2,2,False,0,21109,0,27,2,1,98765429,1,1,49382715,0,1,49382715,2,1787064567109747
7hks1uwKS44Aqp53GY3jLVjXhxJ9wM9Ng1eWEktUpump,5,4,False,0,21079,2440,0,4,4,8967901230,4,0,8967901230,2440,4,8967901230,2,1787064567079753
4P2q13SsuM4GM1b5mp7nE3coXSxMms8S4HGeug3Kpump,5,5,False,0,21075,0,3050,5,1,12838124998,1,4,-5913135735,0,5,12838124998,2,1787064567075752
5KeDEpM75HZuyMzAWESH1Nusp1Y2ffaTvKybr1HApump,21,21,False,0,15219,97,211,21,14,1642677008,5,2,93721008,163,10,1061452285,2,1787064560219566
B7WueYMFiBHyxe7h74tABqYYVdouZpdH5UU2pRV2pump,5,1,True,0,15215,0,0,1,1,77175439,1,0,77175439,0,1,77175439,2,1787064560215567
Hdc7EzQVfaTjQaxFz7yzm9CJLaCuvZo16Nvp3Xxspump,13,12,False,0,11704,4063,4776,12,5,16113088323,3,7,10120000000,3140,7,10256828703,2,1787064556704427
3xzHdmkB2fePTuN7Ww9ewV1gdKBsNBdtC1Rhrv5Bpump,1,1,False,0,11701,0,0,1,0,1232795796,0,1,-1232795796,0,1,1232795796,2,1787064556701424
7o6wqzMsXy7PnNc4aZrp497MWAe71LoE6QSKWWkopump,2,1,True,0,11699,0,0,1,0,109029715,0,1,-109029715,0,1,109029715,2,1787064556699425
BKadJDktcyAnQLHS1pikKuj9qLB2NMidzqrd43Vftj9Q,1,1,False,0,11695,0,0,1,0,7244874428,0,1,-7244874428,0,1,7244874428,2,1787064556695424
ED6DJM5dSGhsrZHQKF4p86C86ercCvP53cXuoBQcpump,11,9,True,0,11662,0,3739,9,2,535372339,1,1,151424337,12,2,157061987,2,1787064556662424
Hnen8pgM1zeET1D3FHC4eBveHTrChwigJ9Biis4Rpump,34,29,True,0,11661,52752,9863,29,5,784136752,2,2,84690560,6107,5,547354707,2,1787064556661424
6U84z6ukyyoEc3hCj28HVzk12JtSAXpVcPqL1kuypump,80,13,True,0,4818,6366,293,13,10,4934587254,1,2,1975000000,192,3,1975000000,2,1787064549818882
HPEqFRP2wp9RJzTsafbwUchq7nRFgg2NdbRtAyE2pump,14,13,True,0,3097,0,5223,13,7,5087460445,7,3,2478158345,1019,7,2478158345,2,1787064548097877
Eam5kx2rZkBoKMY1Cp1bawmmnHCHBH2QvzoLmWEZpump,5,5,False,0,3089,256,0,5,5,569330179,2,0,202299371,68,2,234785692,2,1787064548089877
DZb5D7RVQ3qLRyAbBZHdLLkEiqj9kkhHca4ihAxapump,2,2,False,0,3030,,0,2,0,0,0,1,0,,2,0,2,1787064548030877
4QrWH4GKuif9abEVYE7DixdJkU7SemD9wa7Dbokppump,50,50,False,0,0,1182,8698,50,23,18929624211,7,8,3953323168,939,14,6769134954,2,1787064544933172
8vQexNjGTxQGrc99h47oSW9rCqTDGNSMysmX911Bpump,15,15,False,0,0,10180,7728,15,6,21765848585,6,1,14666666667,6084,7,15262663554,2,1787064544914175
7snqWSDoNPzqx69yWC8pPvCatX4vxcKpsgJCVq5vpump,32,32,False,0,0,7042,1867,32,24,29441432853,7,2,7766529397,3049,17,12462210849,2,1787064544912173
DfPSFmQScCqyevTFGLcZkbf9w6U77gW9pXyiiTYpump,3,2,True,0,37013,0,18,2,0,125498451,0,2,-96680907,0,2,125498451,2,1787064540013666
5rXXQt3oDac3YzshfUMTUR31GCoLixUZLeaSfi9Zpump,1,1,False,0,35270,0,0,1,0,93184279,0,1,-93184279,0,1,93184279,2,1787064538270160
5UHUJYoo9CpDuAjegkpQyEtqE7L3Qeho19crybTtpump,2,1,False,0,33869,0,0,1,1,85005359057,1,0,85005359057,0,1,85005359057,2,1787064536869674
247Fg2D8CoYafaDcZXuwApmZ8sTNXzHtmoyq3hK6pump,1,1,False,0,31527,0,0,1,0,246913579,0,1,-246913579,0,1,246913579,2,1787064533527919
243vcQRLUij8XfzdadU7hm7R55uytPeVoVC4Aj38pump,10,8,True,0,29658,1490,906,8,4,8625953388,4,2,3794469131,1162,5,5800254554,2,1787064531658158
3BB9H4Vqq2QCiBaEGdLMtDedjhVyNjEyN71Q3rZVpump,1,1,False,0,24571,0,0,1,0,9999999,0,1,-9999999,0,1,9999999,2,1787064526571393
7AsNiQiTzcBDeG7Bi6io1WSi3Bfy4753RKXoVK9jy6JV,1,1,False,0,25532,0,0,1,1,12844084,1,0,12844084,0,1,12844084,2,1787064526532396
BJaSJWVPouJorp6ugDZmCTd3xDVzvXxdTJtzRG8QjCnk,1,1,False,0,25531,0,0,1,0,2105644228,0,1,-2105644228,0,1,2105644228,2,1787064526531393
GfsjwoWurhhfuf952vLHMGy88yGTjbtvPdPaRhEqpump,6,1,True,0,22056,0,0,1,0,16028743,0,1,-16028743,0,1,16028743,2,1787064523056637
HwLsW1m9MzNVAfrax3XvwfBctndvC22cnSbMdWRMMFne,4,2,True,0,20499,755,0,2,0,1204796550,0,1,-142434013,0,1,1062362537,2,1787064521499637
64MrMSW3pyvpazk9f1yq1jMWT6ooGKcXehKgnMstpump,1,1,False,0,16343,0,0,1,1,987654320,1,0,987654320,0,1,987654320,2,1787064516343372
7udtmseCaBzc4jvhwRy7bgV3AEJ6vxCWiFiKqLGMpump,4,4,False,0,14234,0,604,4,0,1580246906,0,3,-313993527,0,4,1580246906,2,1787064513234264
AKsT2ZjG76ds4hzVawGgykNs8ffjP573eYa4WmkF3UVx,1,1,False,0,12507,0,0,1,0,77658774,0,1,-77658774,0,1,77658774,2,1787064511507857
CcWVFqrwzkEdHH1YpfZRjkdbKrxYQbU9BRqeC6ZGpump,180,45,True,0,12461,8937,1136,45,8,14762448463,3,10,5866666667,675,21,5866666667,2,1787064511461861
214NLARqYoqaRSU33bSkYuvmjyaWJJvpxtofaSa4pump,1,1,False,0,10958,0,0,1,0,329734294,0,1,-329734294,0,1,329734294,2,1787064509958077
E7zBYn4xg1y6ivnBawy9MnHTrZpzBTHyKSDUdQn4pump,1,1,False,0,7262,0,0,1,1,197530864,1,0,197530864,0,1,197530864,2,1787064506262575
9tNHWNrGKoBG3gvSKLvBGGiYhfjtf3AQmMuW5VL5pump,19,19,False,0,5515,304,120,19,16,1051368209,4,2,209464039,89,8,566079485,2,1787064504515486
CnQX61iEqsLoVJy39JXtAY9Csf6r1EfPgnN58JJGpump,8,7,True,0,6444,0,4778,7,1,1612197626,1,1,277109263,0,2,698536259,2,1787064504444484
7TsvAKxNczzAZy69a8w4iodJp8ZZoxwpP4tF7Aj5pump,4,4,False,0,3191,0,912,4,0,3480395530,0,4,-1940676520,0,4,3480395530,2,1787064501191447
AUiNfDqDEhUtC8tQSKqsPdHq4pSBNezN8cPLvMLfpump,1,1,False,0,3124,0,0,1,0,740624999,0,1,-740624999,0,1,740624999,2,1787064501124450
24qDrKc9iJuJcRmGAu3F3hPcJDYZoTEPdMZN9zvApump,6,6,False,0,1479,6963,1616,6,2,262019559,2,1,170225692,3138,3,195082497,2,1787064499479948
FvvReWR5Cw6ps7RdvuoKg29BmxmxTHfugKVfe68Bpump,2,1,True,0,52,0,0,1,0,29035745,0,1,-29035745,0,1,29035745,2,1787064498052102
5vFLJANo7aB3EMEvKDjLSsnxJnWFXF2CP7QaZCjKpump,146,144,True,0,50,8917,7070,144,56,62031703377,16,15,9435555553,4740,44,24673800473,2,1787064498050105
3p2ejSxgcnaNR5384HjBz1ohpU5p5yHEKPYwbBLRTAvs,3,2,False,0,34643,65,0,2,2,5052255338,2,0,5052255338,65,2,5052255338,2,1787064492643019
2J6L3s8jKtDop27TdjvWJXUim7mrybBiTvqtWB34pump,6,5,False,0,34634,3723,5209,5,4,15318554614,4,1,13343245974,3723,4,13343245974,2,1787064492634018
5yirGVQM9N6yRVzjKbSwYHsieMSq3xe7jngAWj8apump,5,5,False,0,33956,2522,4,5,3,2279493140,3,1,1280895214,616,3,1280895214,2,1787064490956509
8ZkUY4EM1nhWf2hihmWiPKaRy3gqxdoMD5LMQsPMpump,77,14,True,0,33932,5700,2394,14,10,7469049226,6,1,5194358589,1867,7,5194943726,2,1787064490932508
7GsT5xHLzn7pxEMmZj4ZkfBVT27t2517zZ2y9m8jpump,12,11,False,0,32490,6789,5452,11,9,20096493668,8,1,16646082751,6789,10,20033401187,2,1787064489490366
7VWjxaVPACVYubZD5uvBd9VWdL66iB9GwaMm836ipump,1,1,False,0,29087,0,0,1,0,551304171,0,1,-551304171,0,1,551304171,2,1787064486087718
ChjPCUfeZ3g1HhzH5sCxUjQDk9ktf996iUPMwft9pump,30,28,True,0,28463,0,9994,28,8,338967105,3,4,98765430,1857,11,114889988,2,1787064484463550
EWnG1sjnBCRjWyZcUEWzYNRV94Xj1QmFyPcnKfDpump,23,1,True,0,23440,0,0,1,0,134095987,0,1,-134095987,0,1,134095987,2,1787064479440028
CieePUtWkaViC5B488Xc9akKjPBk4ZfnEQ3wEbF6pump,1,1,False,0,22794,0,0,1,1,10000001,1,0,10000001,0,1,10000001,2,1787064477794286
4NGhHTtB6deviFMr6e1GredimNvYbQDrgZyC3Peupump,2,2,False,0,19442,406,0,2,1,761959022,1,1,183260393,0,1,578698629,2,1787064474442519
93gjmszxtgK2AnUTzwfLP9wcaFQgtZubZtuTsC8Dpump,5,5,False,0,19433,0,6438,5,1,465867179,1,1,64065454,0,2,212976366,2,1787064474433520
HoxaDaoeB1TRqPVtJiN54EQYH9zQn7h2ADbYyLKyRQKn,3,1,True,0,19378,0,0,1,1,9876542,1,0,9876542,0,1,9876542,2,1787064474378524
5YFRDbRDrQh6m8m4K434xVYu23BNsjUTe1CTrHyznegn,2,2,False,0,17949,0,20,2,0,83163223,0,2,-51352264,0,2,83163223,2,1787064472949520
DA75mihP9S26skD8ZDtJKzXonVbjqQafyGmuoDzFpump,11,1,True,0,14498,0,0,1,1,68997530,1,0,68997530,0,1,68997530,2,1787064469498786
F8hWqQqFJVWt195VdN6dcEcmoApn8ZP7oXQsNZYbpump,4,4,False,0,10618,0,1385,4,1,3977615963,1,2,-949004693,0,3,3028611270,2,1787064464618408
8X89MLw4CZJjqntP4zosd4gBoKRTDYNJH3wPCxfNpump,1,1,False,0,9120,0,0,1,0,254353359,0,1,-254353359,0,1,254353359,2,1787064463120406
EbN66VR4datJzQENwDdevLfLWDKrA2hsrvdiyg7Kpump,1,1,False,0,7370,0,0,1,0,351532850,0,1,-351532850,0,1,351532850,2,1787064461370582
8iaiChuZKc2dewk9RtF38iMh5SeStNk53ZYugaGvadha,2,1,True,0,6720,0,0,1,0,9757964,0,1,-9757964,0,1,9757964,2,1787064459720516
BGBJha3DrwEGNmw4kyZCwCGGKhQ9xNS4MLFokBfKpump,25,25,False,0,1562,0,4893,25,0,12954724932,0,12,-80472552,0,21,9800547399,2,1787064454562358
E1AWVwgmt2n8mUPikdwFNp8A8CmTbUZT4pYxMTPvycox,1,1,False,0,122,0,0,1,0,108051878,0,1,-108051878,0,1,108051878,2,1787064453122361
CA3DpvybxaRhfVEUv32qER6DufmKM1dvtowNpc23pump,2,1,True,0,27658,0,0,1,1,230319168,1,0,230319168,0,1,230319168,2,1787064439658116
EbvfnFFSMiDGLQH9Jgfyronu3LYdX7R6m1nP4Fq7pump,8,2,True,0,24107,0,488,2,0,2423848891,0,2,-1165781567,0,2,2423848891,2,1787064435107470
7ETp6ga7ApFpRDCfFSDdYGG746r1p8fKHf1m3quLpump,10,3,True,0,22497,0,1237,3,0,3041284908,0,2,-555489954,0,2,2485794954,2,1787064433497379
8re4w1A6VgTVHWxkkEriFdSKDQiQnXafaWYm3GPrpump,1,1,False,0,22480,0,0,1,1,977777777,1,0,977777777,0,1,977777777,2,1787064433480381
78DBj47j3BfW8WSJub3ToQ3m2X4RYzGtEtsmTvkfpump,1,1,False,0,22475,0,0,1,1,195555555,1,0,195555555,0,1,195555555,2,1787064433475380
DJMqKkXvA89E6SQ7kPqA4jfgTnEd94BP3RYwFPdGpump,4,1,True,0,19452,0,0,1,0,95815316,0,1,-95815316,0,1,95815316,2,1787064430452270
8MHgmEZVwPq2MZFui8bZygbPagXAYtqsCjDWNXkDpump,31,18,True,0,17855,2071,508,18,9,3507470143,8,6,2184652978,788,10,2642450249,2,1787064428855275
4foMfd56C1Y1F3i4AWmL7BzzkjXKPpAJjkp9HNyerGAa,1,1,False,0,17847,0,0,1,0,107542882,0,1,-107542882,0,1,107542882,2,1787064428847274
76h6KVURfVTzhM65CKgyHYgdmATQ6u7KqfDfGpUZpump,1,1,False,0,17051,0,0,1,0,16966335,0,1,-16966335,0,1,16966335,2,1787064427051271
2pPvP9Kff2msGHPpttu99VH8hiUbYPDvGnmZfy2Epump,1,1,False,0,8711,0,0,1,0,186706097,0,1,-186706097,0,1,186706097,2,1787064417711437
Bk36sjvP1GjARcYaGgCX2mgsYf8coXZcq4iwJAuUpump,96,37,True,0,7106,14959,900,37,19,10447133569,2,1,3169663659,1428,3,3498884094,2,1787064416106495
8CpHJfj1SszKCPfcyBq33tZo3B48RcYDZCiKJcf2pump,1,1,False,0,4037,0,0,1,1,98765431,1,0,98765431,0,1,98765431,2,1787064413037787
4hCAaN9nBEg3He3M1ysd7ezr36CuArwp7CQRY9CYZ6aR,38,38,False,0,3990,13772,4164,38,19,43043267724,9,5,7890666665,2438,14,20264403544,2,1787064412990790
HirJZf8NhpnXHcVsvDK9hnTCATYwbHssTNXmbahopump,9,9,False,0,3332,80,4096,9,2,577815908,1,2,179266755,0,3,283967653,2,1787064411332794
HtN2FHrNy5nB7xqPqt886JHUGf6cNWZuXz25TzC5pump,1,1,False,0,1779,0,0,1,0,362708675,0,1,-362708675,0,1,362708675,2,1787064409779384
2hpHxtxf64cf4unk9Ax12hbuQypdHziBaz3pwvndpump,39,12,True,0,1769,8050,50,12,9,5876923949,3,1,2151111111,791,3,2151111111,2,1787064409769383
9W5B7Ms7Eerzm558qVQ4EvVEPndSPbT5up2F7d6Xpump,16,1,True,0,1768,0,0,1,1,98765431,1,0,98765431,0,1,98765431,2,1787064409768387
FXNiqPK64vbVF4779W9CXtbScgTP2dbD1PA3grzpump,16,16,False,0,1741,0,4018,16,2,11525895688,2,12,-29816385,0,14,10904604117,2,1787064409741384
7tfePwg7qXFraVWXfgmWtdVvr7yESCjKdCfSrMwepump,5,2,True,0,467,0,632,2,0,2523787763,0,2,-1315581504,0,2,2523787763,2,1787064408467562
6kMgsfZPDc7SoXrxER3GmRmVesBm1Dh36VKqYPcspump,6,1,True,0,343,0,0,1,0,1531800247,0,1,-1531800247,0,1,1531800247,2,1787064408343560
7vPc7cTL2hmW7DdsgThmiAVxAWEEmJwpjdf4B6m3pump,13,13,False,0,339,0,4426,13,3,11185743591,1,5,98765431,0,6,4599930666,2,1787064408339562
B4H3RAN8xYwnA8Qf9FAku7dqsTGQckDq285qEdU7pump,11,2,True,0,33470,449,0,2,2,2219259257,2,0,2219259257,449,2,2219259257,2,1787064401470117
6ASnwiizx3LnDGUE3PeTjgrTZ9Vn9VQfabbcB2Lspump,3,3,False,0,30487,0,1677,3,0,4413075779,0,3,-1527782598,0,3,4413075779,2,1787064398487954
7cAqmFuQ52poyiwL4fx8v9QWd5aJzDNVA38AbQuPpump,5,3,True,0,28953,396,0,3,3,3733626293,3,0,3733626293,396,3,3733626293,2,1787064396953233
9k5WpcVpraPBeddRhvBzb1pv2bdxJhcmEVhHXLufpump,7,1,True,0,26705,0,0,1,0,70810809,0,1,-70810809,0,1,70810809,2,1787064393705695
HJ7sJJW1MBG5CWduoCL5e5j8QR8zftsyKK6J1wRGpump,1,1,False,0,26645,0,0,1,0,3222264133,0,1,-3222264133,0,1,3222264133,2,1787064393645685
212s5Dc8mXsqXGukLzg8zKFjYxZPnnErNPfu89K8pump,1,1,False,0,25309,0,0,1,1,9837036,1,0,9837036,0,1,9837036,2,1787064392309800
DYJEDYVCoemcfC4Vr8VAtwd6QAeb5iAqAt9L7pBUpump,12,12,False,0,19102,3186,201,12,6,8003738953,2,2,1993257992,1099,10,6010480961,2,1787064386102758
H6BVimfBJHzAJWiC89tmR2R2ZVVuxM6WF4x5pcLPpump,3,3,False,0,19071,0,4184,3,0,12119999999,0,3,-2781167717,0,3,12119999999,2,1787064386071675
Bnfgtb6A4pEhuvbxPNSmu5QYSNGdTZJAJW5RMXhSpump,2,1,False,0,19068,0,0,1,1,493827159,1,0,493827159,0,1,493827159,2,1787064386068677
3t3t5UoaB6z7PnqiHR9kacKbibDxNxT2MZFttHsDpump,1,1,False,0,17463,0,0,1,0,92718992,0,1,-92718992,0,1,92718992,2,1787064384463477
r33bMXDqi71ieaXbuVc7hbb42yy5d87azWgn7KVpump,3,3,False,0,18436,0,2233,3,0,6646340142,0,3,-2606463065,0,3,6646340142,2,1787064384436918
3f3SahKkaqpNfYGrdpPTj2vcnMTWP4jtU7XmPeMEpump,1,1,False,0,16871,0,0,1,0,6322827939,0,1,-6322827939,0,1,6322827939,2,1787064382871918
3GHxFPP9A8LvhaHFCp7JKtUYNFBqVUdXUdWNgrt2pump,1,1,False,0,12472,0,0,1,1,64236500,1,0,64236500,0,1,64236500,2,1787064378472284
BSXFT7VfjXnVAagQyHUPqCfgk2P1f5hEEa6acxK9pump,46,45,True,0,10446,2595,8708,45,5,420734522,6,3,30157481,3143,9,86262417,2,1787064375446141
As9X8MXAtbRJ8kv5Sqe68darxg3Z1AJSGHXFkcWRDmPM,2,2,False,0,10349,0,33,2,0,50940822,0,1,-483195,0,1,50457627,2,1787064375349027
GZ56yoJ8kArq7gYeAVQtoAWTpVYiCtK7968ZtV27pump,2,1,True,0,8898,0,0,1,1,2757335,1,0,2757335,0,1,2757335,2,1787064373898959
EKMzgQs4QaDv7ynZLV6yhRk84ajv8chJw2AAjAR5pump,1,1,False,0,8898,0,0,1,0,2827143,0,1,-2827143,0,1,2827143,2,1787064373898959
Ermeg1ms4YJEkKNvR81wTkV8woFAhgfJ9bbcMSuXAfF8,2,2,False,0,7409,0,0,2,0,303845361,0,1,-492956,0,1,303352405,2,1787064372409902
3F7srbn7bx1kT2z5eJQgckwUjK3SUs5ji7D6nvRgpump,63,17,True,0,7389,4734,904,17,11,14110522931,5,3,3759411961,860,11,9420762838,2,1787064372389246
82c949QyXN9ziLsAhPyGXW39rDj1ZsdLQAv9fCjXpump,220,196,True,0,7383,43279,7103,196,92,88853191255,11,7,12787865537,6812,23,17259900480,2,1787064372383886
9cbwHUkiE11FUpopU7KQC4GhsJidhNN8Xmsuo6rjpump,4,4,False,0,7382,1184,2159,4,0,596682815,0,1,-15749711,0,1,377694872,2,1787064372382885
4eW2BDxMezkrMQJh6ywg1VuyjJG2t5TUwJb2U3GSBAhU,2,2,False,0,7382,0,599,2,0,1589055288,0,1,-647920716,0,1,941134572,2,1787064372382885
GWfLQX1ofSBH9uWNV7aQVr282DqFU1X1xrHGneQipump,13,9,True,0,5903,,0,9,2,0,1,1,0,,4,0,2,1787064370903750
FaiUnfK4Ascwr1ebaofVTgQKA2qJHXftsu7pjmBnpump,19,1,True,0,5864,0,0,1,0,904716395,0,1,-904716395,0,1,904716395,2,1787064370864221
yCRjT2b71FnAbU2rhe1qnptojesXWhrhMdMzmcKpump,33,33,False,0,2685,0,9993,33,8,1865339571,2,4,242968645,1658,10,675463856,2,1787064367685830
5vTv2mGrwYCZ2q6FzoEkcGub1YPNVPe3KqcfWKF3ayEF,9,9,False,0,2101,2567,54,9,5,7358995510,2,1,2188905615,482,3,4951181273,2,1787064366101937
56YrdvvioEox3m1akv8khYBcQa5Hv1RFWnqiFyndNtNM,2,1,True,0,2098,0,0,1,0,26764955,0,1,-26764955,0,1,26764955,2,1787064366098936
BVb6PPYggRx1TvJypB5KqTRBgbsNaELCdeDsXNUJpump,17,17,False,0,841,866,89,17,15,2570786398,3,1,433945968,104,7,1082933269,2,1787064364841100
4WcjjzeKcADtCvNktiQkPpYzg48hYYun6d2EDCRVpump,46,46,False,0,435,498,537,46,32,3716245560,7,4,442291097,196,16,1776852304,2,1787064364435621
65w43MrTpxdHtX2qgSs5jzzSomTTrR7NgdXkTzwKpump,137,88,True,0,409,13434,91,88,75,7217180258,9,2,509752070,184,19,988276194,2,1787064364409051
5QXQxJ7abvMcRbyrnK5LwD6dFALmdL5kZsfjM1eGpump,1,1,False,0,34493,0,0,1,1,128709326,1,0,128709326,0,1,128709326,2,1787064357493805
8oL9NgYNdiGU7YGYQp39WgUMT2DXduVAdvKpQh4Lpump,1,1,False,0,34490,0,0,1,0,9731302,0,1,-9731302,0,1,9731302,2,1787064357490804
5kVM7dYJHSQGMEbGmzhPsrw1MovYdRkSfD4tRgf9pump,10,10,False,0,26105,3001,811,10,5,5892726674,3,3,1373357083,199,3,2799785879,2,1787064348105570
A6JLxconN12bCMHAPanHLBk4N4uUvSuEYfCLte9Zpump,1,1,False,0,24728,0,0,1,0,498075,0,1,-498075,0,1,498075,2,1787064346728428
HrBJhUvwMVfph6QyM3G1N61LfHD5nPMRNQYfY9xxpump,5,5,False,0,23115,0,1088,5,1,4105889852,1,3,-740625000,0,4,3365264852,2,1787064345115989
B5kt2TpevFWePavTni5xWeCJ38sB8QgVVBZs6Rtkpump,1,1,False,0,21009,0,0,1,0,3600000000,0,1,-3600000000,0,1,3600000000,2,1787064342009924
H9S9qFsRNck2Kp3jKxkgW6uZenEWqsicDQ3WtyGpump,49,35,True,0,19363,3994,3923,35,20,16060404333,4,4,4572839502,1049,6,5505971350,2,1787064340363736
3tUNZdwgAkgzB5LhwbMLNgkTBYAjCJkQKW97qhtLpump,2,1,True,0,19361,0,0,1,1,98765431,1,0,98765431,0,1,98765431,2,1787064340361736
7FGWcxckHoJMVQhS7NrJ1KeJ6xTUQSC5RWNxtz7Jpump,7,6,False,0,19282,4121,0,6,6,9215149621,4,0,6600000000,2301,4,6600000000,2,1787064340282281
DDvB8ASBNHG8R55n2iE4rrmUbbuqsQSXyaUwuVkJncGK,5,5,False,0,13395,0,2609,5,3,10762422635,3,1,2933333334,1127,4,8485730251,2,1787064334395953
6AE74Uypn1SzPogfEaajukAZ5Hv9AwD5bg4ZpUhfnFU3,3,3,False,0,12976,0,1592,3,0,1711532951,0,1,-440758822,0,1,809951394,2,1787064332976912
6GYJt9KEYATrEC5ZKzvkeKRyxhYMxwcwR2wyjDzEpump,9,4,True,0,11452,6502,0,4,4,2143137905,2,0,1481481480,246,2,1481481480,2,1787064331452360
71yArK62EudjmDev8qm1u9pZqxr7BVGmPvRKWLqZpump,3,3,False,0,11401,0,4,3,1,38679850,1,0,16175197,0,1,16175197,2,1787064331401998
8WALeooCaSDdfcwpboA1E7UMiA8A9Xvod58nxkPipump,32,30,True,0,9914,8594,2491,30,20,17167129558,13,5,8540246902,4630,14,9029135790,2,1787064329914381
F5g7UCV99Wi9X5L5t49YdefMVCufQ7Afy45Jb5VywH1q,6,6,False,0,6975,0,2641,6,1,6889962265,1,3,698909497,0,5,5760079456,2,1787064326975562
83PpTY16FNxijdYU8j7GvSNybA5XWuof8tTqKmCfpump,7,6,False,0,6867,2887,0,6,6,4339770912,5,0,4089731846,2085,5,4089731846,2,1787064326867467
DivCCVuxKWzgvKNsB84mVshDo2jKtJerZ8R6Bkq2pump,10,1,True,0,5423,0,0,1,1,12838367,1,0,12838367,0,1,12838367,2,1787064325423685
EvR6ZXJub9xGsPYNfsLe3xcWP3j3hfouts6iKcUzpump,3,3,False,0,5415,0,68,3,0,259035953,0,2,-105566635,0,2,153431761,2,1787064325415681
GTMjn9CPcyVgQ5HWEPgcEjabfvxagBSiNHNdsEAMpump,2,2,False,0,3860,0,41,2,0,125965699,0,2,-63574577,0,2,125965699,2,1787064323860876
2rnWSS5mH7yZXTSP2483wA9STCr5HHt1QvAXumzypump,45,43,True,0,3452,240895,2516,43,4,3089144111,2,2,337960905,2418,5,729868457,2,1787064322452320
5FX3MikbJmKw1WQapYCNkf2UkHbuSyXFeoe56Wzbpump,71,71,False,0,3368,5058,7254,71,24,16840194616,19,20,5214877193,2233,27,5214877193,2,1787064322368799
8BVxRNLdAGFx4esco7zUB6aJracYLGBnsLR3WLfMpump,6,6,False,0,1853,208,3340,6,2,1571983970,1,1,768286098,0,2,900988245,2,1787064320853219
4kgW9s5Judyb1hXSjpxpchwg1ABpcP8QTuweftfKpump,116,111,True,0,1838,38825,3161,111,89,33240036573,4,4,787657173,160,11,18706301629,2,1787064320838710
6TF1zu2MoEusj39JHJYjh9T5Grg5xdTH3XyfM9Wppump,80,34,True,0,31650,91238,9028,34,4,9533129385,2,2,609918084,1846,5,1968518918,2,1787064309650897
3ARb7PSW5ZiEfNetLcCBMAnAEPomHdtHwMSUxaTfpump,1,1,False,0,31643,0,0,1,0,740624999,0,1,-740624999,0,1,740624999,2,1787064309643708
GWGVbJZewRkPrnomEb7kcnCJ9k7JC9nqBadrkUekpump,1,1,False,0,25554,0,0,1,0,987653,0,1,-987653,0,1,987653,2,1787064302554654
9S3SMWbMQqa1qDjnwtsbYhogKtNYsqYSvPF8Auh4pump,1,1,False,0,25537,0,0,1,0,402856335,0,1,-402856335,0,1,402856335,2,1787064302537603
2SYyejdvTU8wF12HWCxDfvP9QEyh2WCX73tnyohCpump,1,1,False,0,19991,0,0,1,0,27237,0,1,-27237,0,1,27237,2,1787064296991226
2zM6ZBQ2kZrMNxUujye5snvtQNbXGFt9dmthk4HYpump,2,1,False,0,18703,0,0,1,1,100000,1,0,100000,0,1,100000,2,1787064295703747
42zsARnfgtVFoVYLJ81F6tbdpGduSunK7L3Agyefpump,29,6,True,0,17367,2493,8274,6,4,3918301764,3,1,2938482020,2461,3,2938482020,2,1787064294367060
BMn2fVVscG7DdFoL1tgamkNtvJF3FSBrZEZvPyEUpump,1,1,False,0,15494,0,0,1,1,49382715,1,0,49382715,0,1,49382715,2,1787064291494358
GEqLp23rMG5JG3fFMxi7PesZQMinFPqae3U1SYHypump,2,2,False,0,15115,0,66,2,0,40320809,0,1,-7673049,0,1,32647760,2,1787064290115569
58vskPFMb1qpAf1dyDLScgFqcAPqyhz451TsaDzRpump,1,1,False,0,15100,0,0,1,0,80349711,0,1,-80349711,0,1,80349711,2,1787064290100539
HmSZa73avVb1qZaRr5ffk4GipR51Hk7xUjB3HugLpump,3,2,False,0,15094,1,0,2,2,50986429,1,0,49504949,0,2,50986429,2,1787064290094029
DPsBoFzXFqTNtrrP7BBX9RpBfVmJw3L5EGnxnU4opump,11,10,False,0,13722,4345,748,10,9,11226321976,4,1,7122904204,3458,7,9486643870,2,1787064288722599
tYkzNt93oC96SXrLcJVVeucQU2QEtXPBEJdgSivpump,1,1,False,0,14700,0,0,1,1,48888888,1,0,48888888,0,1,48888888,2,1787064288700577
EJdPhKSfvtX2JPmBPoYi9TNCAEfePcpQVeS1zu2Mpump,1,1,False,0,13272,0,0,1,0,9761927,0,1,-9761927,0,1,9761927,2,1787064287272254
2aP9mKoc7Jb88En1FwQxkuzMM2TyB9LpaVPiFaqepump,1,1,False,0,13263,0,0,1,0,30788479,0,1,-30788479,0,1,30788479,2,1787064287263744
5mve4LA6AS35PnaqL8DDsE893GnG7xLyXdnWYD4Tpump,4,4,False,0,13228,0,489,4,0,1209010765,0,4,-290372772,0,4,1209010765,2,1787064287228765
Fj1Tg716CPKuy7piNiY6ayn7Kb12NPKeDvgmQjQZpump,2,2,False,0,11968,0,415,2,0,917394980,0,2,-245315204,0,2,917394980,2,1787064285968041
9RNoZoh5AZ5iWYBT4aYMtL942b1XqKwgYpe2XS8Ypump,54,54,False,0,11942,4426,3263,54,38,26566638860,18,2,7607031795,3450,21,12017070805,2,1787064285942304
4x9qgW5eBkp4gaMfFeP3znsSGgZRF1Y8xBgVtP6Upump,1,1,False,0,10470,0,0,1,1,257247,1,0,257247,0,1,257247,2,1787064284470737
2VetcYWpyKqQM6kAyhjmYpoXMxD7wpSS5CynQy2Tpump,10,1,True,0,8972,0,0,1,0,3527836540,0,1,-3527836540,0,1,3527836540,2,1787064282972603
AyRNqbak1GGzRtWtwXEBcBHws8pW7yKWELeUJLAvpump,1,1,False,0,6126,0,0,1,0,20564317,0,1,-20564317,0,1,20564317,2,1787064280126909
2Po6dkhpraPgfWYq5w7uGdDv8imfL4jMCmxc3bVSpump,2,2,False,0,5608,0,170,2,1,520494469,1,1,260247235,0,1,260247235,2,1787064278608610
FpWrRbwR7GYRdeeqo7ZfASE5PuCPh1vZ8X97NbqSpump,50,50,False,0,2794,4622,3500,50,23,36252215481,14,4,5853889630,2782,19,11653790177,2,1787064275794678
Dtoz9eFU6orYN2ZBvSFNDWJzJTnJkT1yVDjizTFbpump,393,198,True,0,1292,12040,6324,198,75,81922491845,10,14,5988888886,1924,40,18493086585,2,1787064274292716
86g3YpShwRvh4B4Zgwm6GTR79VX7Wn7Nx3HRJ4eWpump,3,3,False,0,152,0,1910,3,0,4518932110,0,1,-632776934,0,2,3155438269,2,1787064273152647
HyQz6snMehCDrRfcZUN123ff3UDufPpBZfBNHLQmpump,1,1,False,0,150,0,0,1,0,6699970,0,1,-6699970,0,1,6699970,2,1787064273150639
EAbLeTR8fmJmnwo72JpnRrBCGKWxFE7echdsbX2Spump,14,10,True,0,109,4593,5,10,1,87685848,1,1,11704218,0,2,28271289,2,1787064273109398
4fuUtJJSzK4DmFcJCC4x1PuA53WuFf96hXrpz75kpump,10,10,False,0,103,589,8509,10,8,2561332454,2,1,1975308640,230,5,2203102479,2,1787064273103889
525P99DHK56g9obfdQGStx3udLztqUGy4ndYLrnmbT7P,10,10,False,0,94,6682,1049,10,7,14599675683,4,1,7845397815,4825,5,7845397815,2,1787064273094378
H9r8dVhszRLUsdc8LjxUP2UABuGMYWsCpfWcEGrapump,50,49,True,0,69,264,5557,49,27,18364324987,7,10,3868069793,2668,26,14857845429,2,1787064273069355
4kUaJPsahgAMKUADxqgmK9MPTtpdXG9by8qoRPDmpump,1,1,False,0,32297,0,0,1,0,98765430,0,1,-98765430,0,1,98765430,2,1787064265297121
3AXoMV8MvFFCrWnDwYqy9afnBXjL5dzfWCXcgGmwcNBu,1,1,False,0,32237,0,0,1,0,39729635,0,1,-39729635,0,1,39729635,2,1787064265237216
EyW6AuVjJytoppzoMsKounP4SQ7XbrJJM8MnUiHbpump,2,1,True,0,30992,0,0,1,1,12792523,1,0,12792523,0,1,12792523,2,1787064263992784
ByhbsVE8W2m4bn1Z5P7NCYusjBRttPZvGjTQ2fZWpump,5,1,True,0,30968,0,0,1,0,54302652,0,1,-54302652,0,1,54302652,2,1787064263968748
28WZVsZJxhMRQbeoEWKyUvo1Xdin9qyNVnRAYHLPpump,1,1,False,0,29506,0,0,1,0,1926912,0,1,-1926912,0,1,1926912,2,1787064262506022
4tRXPXB7BwPA5imp75eHTaPByZv56WpYpzLbvYZ6pump,1,1,False,0,29474,0,0,1,0,19997746,0,1,-19997746,0,1,19997746,2,1787064262474476
HE8ZSk2iuhDEJA4EGtmpzK5AeZtA9oPrMSwbNG9wpump,3,3,False,0,25583,48365,9285,3,1,345679007,1,1,49382715,0,1,246913577,2,1787064258583906
7rP2dAFmW6thqX8Vzm9pWFJuU2yyRRNhG82cN2e4pump,3,3,False,0,25082,635,597,3,1,2564344877,1,1,250030122,635,2,1626219878,2,1787064257082217
8DRryAMEM6sEhkHUtwrPNWQesAQRMq2ecgSufhK5GVY5,4,1,True,0,25079,0,0,1,0,115976736,0,1,-115976736,0,1,115976736,2,1787064257079220
6KCqvG5RTuqrzQfvFrW6QJ6Esvi1sugawN9HjnaVpump,1,1,False,0,25075,0,0,1,0,498163343,0,1,-498163343,0,1,498163343,2,1787064257075703
c65Xg7D7uv4KVYs1BrerSHTfQFUPeFgQnZ6hiwHKk98,1,1,False,0,25033,0,0,1,0,384806795,0,1,-384806795,0,1,384806795,2,1787064257033006
3RkhGrEAS67bFSpw6TFfYrqkVbthJw79Ex6dPnpWpump,6,5,False,0,22343,4708,0,5,5,9976296293,4,0,9975308639,4707,5,9976296293,2,1787064254343995
6dv1pDCxbVbniHNPwidN32QWjVpitWmDrdQgHSTkpump,16,13,True,0,20506,1499,7213,13,2,711386142,1,2,98765431,1699,5,450453552,2,1787064251506257
1TUiPA5AJofVU6KWCQXFuP4p1jwhgDqfzEYEHpupump,2,2,False,0,20464,14,0,2,1,98765430,1,0,49382715,0,1,49382715,2,1787064251464132
3MhmXovYu5rbkzS7jf9UxcLWVUUrZuVbU6NfpgitLqNG,2,1,True,0,20463,0,0,1,1,374444443,1,0,374444443,0,1,374444443,2,1787064251463131
HxSG7M3yt2gyf2yH9Sqi9hAtdXguGKDKp375oDf8pump,3,3,False,0,16440,0,1232,3,0,2840746054,0,3,-802819502,0,3,2840746054,2,1787064247440986
8swkPm6hhyAQdvTxPB7LyF7urHgsD94XrNU29Ch6pump,316,3,True,0,17396,3607,0,3,2,2276746170,2,1,1520987653,284,2,1520987653,2,1787064247396233
Fyucz52exzEtsGDCqgW42vHkex4tXFDzqCm1MPjQpump,5,5,False,0,14473,0,1710,5,1,3076977348,1,2,49382715,0,2,2824720823,2,1787064244473329
9CCVxFgnK91EZxPJTEYP3PwhgjzH6Qb1vNbgPB6npump,2,2,False,0,12754,0,476,2,0,753933990,0,1,-10179954,0,1,743754036,2,1787064241754613
45enmmXo5pMqaKqymjobKDcwoUxLLebNBbEXpTT7pump,2,2,False,0,11222,0,163,2,1,520291363,1,1,260145682,0,1,260145682,2,1787064240222700
9RctEcZFSxhxB24QbdQGgRsaXK9MMhhiz7S3KGmapump,8,8,False,0,7131,,0,8,2,0,1,1,0,,2,0,2,1787064236131110
F5NDzpECSHugv9BXuGUxYvKXbXcs3cDXxkDn2mPb7t4H,28,19,True,0,5679,5336,1763,19,15,9991596982,9,4,6659145030,3885,12,8012379229,2,1787064234679946
2b36Lsh2BcqdV8jhSfwkb8dxAeCtohXuLHLRqwQrpump,3,2,True,0,5633,35,0,2,2,1232869858,1,0,1173333333,0,1,1173333333,2,1787064234633400
FEmy929vmdMdEwVkzQAw4hNZpRteYNxQWk8Lx5AKpump,11,5,True,0,4419,,0,5,1,0,1,1,0,,2,0,2,1787064233419925
EM3y4xMRkZ9XJs5XV9S7T3gvhepnh6AUkrvuyXwpump,1,1,False,0,3063,0,0,1,0,451133,0,1,-451133,0,1,451133,2,1787064232063937
8CUFoynHM47xBktzAkEYVhHbubRJXqUWyAJcGFapump,3,3,False,0,3999,0,1791,3,0,4622533940,0,1,-1198760972,0,2,3423772968,2,1787064231999622
AvgVTPjDFnvnRKDZpSnc18Nm38etAyZdrdn1e5Dvpump,4,1,True,0,3980,0,0,1,0,182605375,0,1,-182605375,0,1,182605375,2,1787064231980583
5rt6kZ9iSnYSi1HsVXiLiso4QZCubteZE1tXHBjWpump,1,1,False,0,1395,0,0,1,0,972835840,0,1,-972835840,0,1,972835840,2,1787064229395990
DG86wkRsQy8p25jipHRhTQMwWyVm78S6Pv4Eeca15MgV,16,16,False,0,1327,0,3547,16,5,11049089973,2,7,244444445,69,10,8333298755,2,1787064229327581
D9uPD614Y7iRB7Eqq836rgGutQEuXv5FY7rBbtgQpump,10,10,False,0,1297,0,2402,10,2,7088003350,1,2,-445659625,314,5,3960019427,2,1787064229297090
EiTdgDdinDDRutBUkZULxbGs5K2v9SJ9GmDqpTPMpump,39,39,False,0,91,3721,9753,39,9,462677649,3,3,33518514,3257,8,95730395,2,1787064228091438
2LvJkFsmty9MvfvcjvGd5ThevMUoMaH9CKChcftdpump,11,11,False,0,47,1224,1336,11,6,8361163393,5,2,4938271600,2347,8,5458341655,2,1787064228047890
PR2kqxSQ38FSvgeAyNhmwBuxUN3wTNmKiBhQ83Epump,35,29,True,0,11,4345,1919,29,20,9249119041,7,3,3163200975,886,10,4614929606,2,1787064228011015
Btfp926uYk6fm6ysRVjHGwCQC8FZiixqiRaKdiZxpump,52,52,False,0,7,1524,9970,52,8,1387739597,4,2,89606746,3073,10,666904067,2,1787064228007016
2ktFEdP93M7LA2Kq33kpLSWGTwpAdmgcKuRoVk1ADW3n,1,1,False,0,35313,0,0,1,0,53937591,0,1,-53937591,0,1,53937591,2,1787064224313306
EQ8hnrAV4wZraA3ojkVEXxGQ8ZfYfT2nn9XJ96pqpump,2,1,True,0,35270,0,0,1,0,836728594,0,1,-836728594,0,1,836728594,2,1787064224270866
UbjCJpB1iRgK7J9hcfW1UJPDoDU7Ey6eHG4ETX8pump,3,2,False,0,34938,0,0,2,1,222072197,1,1,98765431,0,1,123306766,2,1787064222938009
GQHQRtXyLX5MnNVTQEwhb9WkVh9eocUxuFQ957EApump,5,1,True,0,33586,0,0,1,0,60689831,0,1,-60689831,0,1,60689831,2,1787064221586981
4v15tb2mZTmtvobsD3EoBZrEE8kofmGZ59qPxMhapump,5,1,True,0,33565,0,0,1,0,751397375,0,1,-751397375,0,1,751397375,2,1787064221565936
EJFfBuFqjZr1wUphx7ERXvKXDAVCJcu5UNLxMjWJpump,1,1,False,0,29828,0,0,1,1,942851,1,0,942851,0,1,942851,2,1787064217828716
3ASVkUqpMUWTLDe7pHpaw8hDWSRfwtZQbpK9Mv4tGgtK,5,4,False,0,29801,397,0,4,4,1797530861,3,0,1185185184,266,4,1797530861,2,1787064217801619
9KfERrKgsLT7eUkUJbcgW8HLUrkpAS1t6r7zAhmrpump,3,2,False,0,28655,99,0,2,2,246913578,2,0,246913578,99,2,246913578,2,1787064216655653
EYTEYBG6BmHLF3RLHx2yFr2CBzS6JJdShTvJmWWGpump,5,2,True,0,27435,0,184,2,1,1848555556,1,1,1279019648,0,2,1848555556,2,1787064215435977
iNxSAmy92SxsEMkb21kKCxhJoLdGY22gGKPG4jnpump,1,1,False,0,25728,0,0,1,1,959350244,1,0,959350244,0,1,959350244,2,1787064212728259
DaKqS4KMhGbSfZkdP9vp1d91ECssiCw5Q8VwP6zjpump,1,1,False,0,24562,0,0,1,0,93660405,0,1,-93660405,0,1,93660405,2,1787064211562962
3jNL5TTJE3o53LqCknfX4Z448M7AbjsEto8cbSG2pump,1,1,False,0,24536,0,0,1,0,2555821,0,1,-2555821,0,1,2555821,1,1787064211536939
9isGuumtaqvJeJeyLF44fvfskk2cv5mYsopexMBfpump,1,1,False,0,23233,,0,1,0,0,0,1,0,,1,0,1,1787064210233955
3rbh7vzmyMgSmgssKHLn8iprVbsNgnWEj4h98hQhpump,2,1,True,0,23228,0,0,1,1,82118389,1,0,82118389,0,1,82118389,1,1787064210228956
E415g2kebMVnrXpdJsVLcqvJ8QvAQbeyVG1CZPS5pump,13,13,False,0,22965,3489,0,13,4,5681420264,7,0,3334753599,1773,10,4508086932,1,1787064208965522
33pzZxwiPcb9xYunuv81a1gbAcGmgK1nutsVp965pump,1,1,False,0,21827,0,0,1,0,20786266,0,1,-20786266,0,1,20786266,1,1787064207827294
8MjctjGau8DFidk3QF2TEwDCufhLPBTP3Xtvy4GHXryA,5,1,True,0,17922,0,0,1,1,40000001,1,0,40000001,0,1,40000001,1,1787064203922539
9jJspxX4Bu8rX9LEoiV8K6y9Cvc3RTaUev2PdD1bpump,1,1,False,0,13809,0,0,1,0,15655910,0,1,-15655910,0,1,15655910,1,1787064198809903
3ptBEdkj4zQARs9Bb7QvStQfoGqYxFmSyWYKrf9upump,1,1,False,0,12675,0,0,1,1,12849162,1,0,12849162,0,1,12849162,1,1787064197675857
J1KgSxG2QrXEF4u6rRbSbHFUNbMYEWMB2PcUyAr7pump,2,2,False,0,12650,382,0,2,2,1574320986,1,0,987654320,0,1,987654320,1,1787064197650103
tfCkhfnj3hj7WYsEAwnGFGWRPhbtGkuRmphxruqpump,3,3,False,0,11336,450,0,3,3,1955555556,3,0,1955555556,450,3,1955555556,1,1787064196336211
3jKNXMbSakUPWX8kU7xkp1D36cAhogCjNytde8GZpump,7,2,True,0,10179,34,0,2,1,436677086,1,1,21721006,0,1,414956080,1,1787064195179758
6hXkwpXUsaKZuk4YEc4gNEpspV3Xq8kGBTn34FWNENgB,1,1,False,0,9979,0,0,1,0,8921650,0,1,-8921650,0,1,8921650,1,1787064193979798
33LRY1TKKQ2Nstf17YwhbrsUc2tDjzfXm2aGkdskpump,3,3,False,0,9948,0,1455,3,1,5044746011,1,1,1282024690,0,1,2588427627,1,1787064193948747
GhSf67TLnBZuD1zmQFX2PN7fvMsRYN29DixdeYZ5pump,30,20,True,0,6234,10942,7133,20,16,5270834315,2,1,1047010775,278,3,1340212563,1,1787064190234116
Awxq2eHxwvwNquvpTDQCu8tpQrN83TGnMZruZNbRpump,2,2,False,0,6027,0,2263,2,1,5387995313,1,1,1069967690,0,1,4318027623,1,1787064189027966
AKrqgP6o3rwX9W4zWWtDSwMd1SBuEigq23KMrrY7pump,7,6,True,0,4768,1369,0,6,6,2444444445,3,0,1466666668,616,6,2444444445,1,1787064187768236
AHHS9oQb1njTqDwNEUdcP5q7u7SQyVkqGL3xUSr1pump,2,1,True,0,4754,0,0,1,0,88475981,0,1,-88475981,0,1,88475981,1,1787064187754116
B6dF5TSofX9AT2xFy8D6CuMWtiT3iTPPJWBaNa2Ypump,2,2,False,0,4752,2331,0,2,2,592098763,1,0,493827159,0,1,493827159,1,1787064187752115
CVFhFN27U4PijxthEWq4EK5smzYjp1Zo89nKBguNpump,4,3,False,0,3507,170,167,3,2,1211581720,1,1,691358023,0,1,691358023,1,1787064186507021
6M4GypeqJoSdQr1u1iLr3RWFUj3EcfGhBTGE8S5ppump,3,3,False,0,2331,0,125,3,1,236289694,1,2,97777,0,2,236191917,1,1787064185331495
24qDEfnRLxeHdEboaa6RA4VYXQeZvpWzSMk1sdzQpump,14,14,False,0,2309,2464,2741,14,3,760934121,3,1,177840483,3172,6,447730117,1,1787064185309462
2e1RHfYkxo4HbHQgNHWt8gsFuEvpnb7L6VYSgeHopump,3,1,True,0,1017,0,0,1,0,617410505,0,1,-617410505,0,1,617410505,1,1787064184017782
3ozDvt3ZGhGG4VkHUj4A7oSasPATSUceG3SonX2XYrL2,74,73,True,0,1000,1750,4696,73,18,21329493714,6,10,3405432093,1427,25,9632772435,1,1787064184000760
AkzjDaqD9NU1gKU7YX4ftxTa2C2KHvU23P2rVGMcpump,1,1,False,0,999,0,0,1,1,977777777,1,0,977777777,0,1,977777777,1,1787064183999760
B35manTCnrU2ky9XUbKyxcQkE3SCarzJ6Uji5zEdKpLk,14,14,False,0,963,659,3128,14,7,9813890391,3,2,1249786836,659,5,5768572110,1,1787064183963687
CGP5BHoxnJMZpDNm3dKJnHZrPFbRLBf8pQ8zAhFLpump,39,35,True,0,941,495,2232,35,11,3414504358,4,4,664401107,280,13,1520187342,1,1787064183941144
F6HD4wxw2Nv3UZZgJKYz32uRpC7MUVM68w5fmiWbpump,166,160,True,0,932,5999,7215,160,90,71912885417,14,8,6972574941,3348,40,18457937318,1,1787064183932633
7uJSbWyg8e3JJqHA1Q9W64PWnWGiMWjzq7MPgaYQpump,1,1,False,0,34298,0,0,1,0,92917714,0,1,-92917714,0,1,92917714,1,1787064179298415
Lt28D1t7wE47rdxiTgB3LSRvGJ1Y499uANkEQYBpump,1,1,False,0,30430,0,0,1,0,62901911,0,1,-62901911,0,1,62901911,1,1787064174430314
EwCyVUFBa8EfVcpN36HnUigx6tArSoMpGkA4vAGkpump,2,2,False,0,29204,522,0,2,2,1955555556,2,0,1955555556,522,2,1955555556,1,1787064173204095
CMm2vDh28o1eB7NTm1pYb9NbUVjqNzWRzhRTmX2tpump,2,2,False,0,26896,500,0,2,1,817492231,1,1,663757769,500,2,817492231,1,1787064170896341
FH4EqZ9rVXxJCkWqoJ1qVHE29dcKtov12qgpAZLVpump,2,1,True,0,27786,0,0,1,1,977777777,1,0,977777777,0,1,977777777,1,1787064170786946
8mFzq1i48jECBWLs3RNuCLeeZrXBA7esmDd1HQo6vinm,3,2,False,0,26704,83,0,2,2,6074074071,2,0,6074074071,83,2,6074074071,1,1787064169704985
AnaBxpWiC2Vr9ygmSP8mZvJMDeaLVrW1GGwmkgRBpump,1,1,False,0,26649,0,0,1,0,1662222221,0,1,-1662222221,0,1,1662222221,1,1787064169649295
E4pK3dWL6sSpzCmR6mH5j8DHpqoTS36NDxZJDjASpump,8,1,True,0,25433,0,0,1,0,337873022,0,1,-337873022,0,1,337873022,1,1787064168433319
G93EkCbMEm5pusi8rXuc6QvPDJ6YTmJVuPjRVt1Bpump,37,36,False,0,22989,14832,6501,36,26,32183248491,11,1,11988073082,6189,24,24660553031,1,1787064165989891
9SR8VyanMFqopL2N3dehvudh8cqqKasS81NJ13aQpump,16,1,True,0,20363,0,0,1,0,31211040,0,1,-31211040,0,1,31211040,1,1787064162363357
9GBzXWNkNDDAPRRfLzuevakUvqSvijqzGCkUBSRqpump,11,11,False,0,20341,0,1375,11,5,2869543323,4,4,379532059,100,4,2208320531,1,1787064162341445
2avcWDF5UCvYCsqmtHVLw4XRKcv83G4Dh1ietBJppump,1,1,False,0,20318,0,0,1,0,14266571,0,1,-14266571,0,1,14266571,1,1787064162318427
8MKegPxWszKPUfkccySASibkWZPRoVNNruxGiT8Hpump,5,1,True,0,19151,0,0,1,1,48888888,1,0,48888888,0,1,48888888,1,1787064161151976
EEnEeaJMA9R2N3LhcHGSuWSD7hC1MrWFsfKcADVmpump,7,1,True,0,16907,0,0,1,1,97777777,1,0,97777777,0,1,97777777,1,1787064158907850
3QmfbkzQpZAzBvsyzWFiGLASZpCBP5FmZvuFKArjpump,1,1,False,0,16840,0,0,1,0,260078023,0,1,-260078023,0,1,260078023,1,1787064158840784
8jhaF4samiaSELBrzUZCCe4ogwdjsksAB5PCq7Ktpump,41,6,True,0,13105,1018,0,6,6,4493827154,6,0,4493827154,1018,6,4493827154,1,1787064154105782
CoYqBHSjwGQmXVkGaaGjAWuEwjTDEBCJn42gN96zpump,21,21,False,0,11993,871,210,21,7,2489608643,6,7,977777777,468,8,1075555554,1,1787064152993505
8fqetwvgHa5HtbN8E24ocB9gQw9eoK967U2aw3vE1CB5,5,5,False,0,9562,1235,235,5,3,3023907680,3,1,2469135799,903,3,2469135799,1,1787064150562308
4JXfoqWNt6Zgu4Hxkx93DfK6oJxUTHsZtr8Ag53opump,1,1,False,0,7070,0,0,1,0,195714,0,1,-195714,0,1,195714,1,1787064147070293
FsqfkuDGVEq8FgckHBrUCvCUcr7wpidLEfgkjKP9pump,1,1,False,0,7054,0,0,1,1,260111849,1,0,260111849,0,1,260111849,1,1787064147054252
CYr8uFjHjsAEtMioZAGMeeSh7yjWbUJDuQ1ZUcxspump,8,8,False,0,5979,1120,658,8,2,4345361402,2,5,2444444445,759,5,2444444445,1,1787064145979737
5MKJETpwcR5qiyd7zqTtkeyd7EdjEskcFBK6Pky28ZBy,1,1,False,0,5910,0,0,1,0,8465167,0,1,-8465167,0,1,8465167,1,1787064145910967
CbewmdDq2BimsA5FDqZnqYwrJyQVY3TbbdHBbjRYpump,29,29,False,0,3687,18262,9910,29,2,666893362,2,2,123950183,6893,5,398081677,1,1787064143687818
6YjTEBFsapaJBBjS6ziXfQqfzdfa2EFsvee4FU54pump,6,6,False,0,3685,2301,534,6,2,378009307,1,1,71257874,33,3,212366404,1,1787064143685808
BYh8yraJPYtngRsQ16gfmFaA6UmiKvb6Q6f184zEpump,107,75,True,0,219,7467,2750,75,46,41963801521,16,3,10206411393,3191,17,10214312627,1,1787064139219473
2NwBvfxqB5aLoXSvXeAb6KGE4Eje6jHAHKuXH5TEpump,1,1,False,0,32519,0,0,1,1,488888888,1,0,488888888,0,1,488888888,1,1787064134519291
2WZ9NhG21zSHhP76JaUqLLn8yzrCWzdnzW844K4ipump,10,2,True,0,30350,0,695,2,1,1432952465,1,1,148000000,0,1,1284952465,1,1787064132350036
6rvzt94uNcyK37EzcuMXoa8L7kBng8zp1XbbMnFTpump,1,1,False,0,30287,0,0,1,0,5298260,0,1,-5298260,0,1,5298260,1,1787064132287911
F4yek8pmQbQNxKiuSU667Nzqxvd8Ps4W3nm3UyLBpump,1,1,False,0,30279,0,0,1,0,6991471,0,1,-6991471,0,1,6991471,1,1787064132279386
8uKMNVeB2GpUUHjUxaUUT8w5mXxwwPmaL4ReVdkiGzK,3,2,False,0,29302,65,0,2,2,5052280386,2,0,5052280386,65,2,5052280386,1,1787064131302893
Fi9ioWtvjkbosTyfkxu2bdeizNGJnTsecqNLooYVpump,1,1,False,0,29295,0,0,1,0,4254203,0,1,-4254203,0,1,4254203,1,1787064131295887
5bPk9ZHSASAkEHq9PheLBSUAG93FQqYeN5T2XDhupump,9,8,True,0,29294,0,2437,8,0,7327316227,0,6,-1508522873,0,7,5818793354,1,1787064131294380
EAkm38Edva2yxTKrcXaeoDYvV1H35UuL5hbL65iKpump,6,5,False,0,29290,4714,0,5,5,12455674952,5,0,12455674952,4714,5,12455674952,1,1787064131290378
EdZiReGkLSmo13BjoN6nRNzDrHeHVFanN8QDp2iGpump,1,1,False,0,26089,0,0,1,0,493827158,0,1,-493827158,0,1,493827158,1,1787064127089417
EXXTcAHBrmTrcAUnUT5gE6FZPHF7Yi61HAbFsVupump,2,2,False,0,23775,30,0,2,2,309325528,1,0,259942813,0,2,309325528,1,1787064124775671
8CjfnbYXtkoTicvhEqEj6QsS7yTzYij3j9mK3deppump,28,27,False,0,23771,3952,3713,27,7,12314022794,2,6,3300000001,382,17,8222625793,1,1787064124771672
dzp74rymK9czkMFupsWepjrfaZg5tEzuNYzz4Ewpump,1,1,False,0,22889,0,0,1,0,977777776,0,1,-977777776,0,1,977777776,1,1787064123889110
GYQwJuixFQ7eMGciYwL71Kx1Pagr5q1BVriihniYpump,1,1,False,0,23856,0,0,1,0,22900912,0,1,-22900912,0,1,22900912,1,1787064123856589
4z7tsVN9zRAf1pPeRyeU4kNZaN6WjMwdZGD1YN1jpump,22,21,False,0,22797,10934,544,21,17,19655504452,9,2,9126115548,4973,17,18423631780,1,1787064122797665
GFbQH5JgJZbsJvqhawKRx9AenwJ8XMtPNJJSXEDspump,1,1,False,0,21685,0,0,1,1,977777777,1,0,977777777,0,1,977777777,1,1787064121685733
9wcaaJ6Kb6QNpyECDSdXfSCHz4ce34UR7FPWgEEjpump,17,4,True,0,18739,67037,2760,4,1,196344518,1,1,112638623,0,1,112638623,1,1787064118739474
AssUCKUUpWHMRBwtLKQSToQ6tXUyf1VvXRanBqnSpump,1,1,False,0,17524,0,0,1,0,38011698,0,1,-38011698,0,1,38011698,1,1787064116524165
6fXyEHtV5DDVN5WQdefuVDtmXQvYAc58LaLBtZCTpump,1,1,False,0,16526,0,0,1,0,14715732,0,1,-14715732,0,1,14715732,1,1787064115526720
By9bZne95VjqPdrT8JAQaFnvh6t7ELdbfbknUw3jpump,26,25,False,0,15532,3893,1070,25,18,9228129470,11,3,4173869886,2450,22,8078194961,1,1787064114532210
CeefLfPLkQ2riXsQTjWZpyQaKDEXuE5q8BAQnfRTpump,1,1,False,0,14436,0,0,1,0,543209875,0,1,-543209875,0,1,543209875,1,1787064113436682
CAveSimuGbBBVdkboS39i41qSwMPmVkbZoYuf1aApump,8,8,False,0,13476,0,1847,8,1,3958311499,1,5,520437854,0,8,3958311499,1,1787064112476171
HpWtBh1uXKdSEqggMFWtxHS4xN6H9Pb5CYLhxAekpump,23,22,False,0,11464,6180,1844,22,17,23362454541,9,2,13185185175,6180,11,13713580233,1,1787064110464905
MSoT1JhE5j6A8wFiF8mjz7pkgB45WyTdzF1WgvBpump,4,4,False,0,11310,169,703,4,1,1008900718,1,1,259976603,0,3,737978657,1,1787064109310784
HWagQerEDV7L4877mPc3PxeS3aJ7aAx51s5t2txGpump,3,3,False,0,10391,0,0,3,1,395059,2,1,197530,0,3,395059,1,1787064108391497
HY2BMrzCmvF7UZ3f5jTzT6Bm3zmz8pGc2zMJBQaepump,1,1,False,0,10339,0,0,1,0,22900912,0,1,-22900912,0,1,22900912,1,1787064108339980
7cqJtW69eKUnzb7VetAfbbmmuUTZiruZXcx1wpQepump,11,7,True,0,9351,2028,1290,7,5,8544464054,4,1,3945679010,2028,5,6416088799,1,1787064107351367
CZXzLoquofv7ZDYiUbpk91Zgv4Fq7vh5h5GBeWW2pump,1,1,False,0,9312,0,0,1,0,436947,0,1,-436947,0,1,436947,1,1787064106312972
3xjXaNqxLg25vP649V8M4f7CHcx9FGvMU4qirHUvpump,58,38,True,0,9275,15460,3080,38,25,34076292917,12,4,5838586580,1760,14,10597788134,1,1787064106275972
2DKyG8vxUCBQvtU88bKYyo4EnaSSCj3hPfZ8X9z4pump,29,28,False,0,9251,9057,102,28,26,12775577172,6,1,5807999994,3700,14,6127818827,1,1787064106251649
CRW3tQpgTYk6BaopfSMSFhxQWtP4tpKoCFbndRkrpump,2,2,False,0,8434,13,0,2,1,73973925,1,1,19753085,0,2,73973925,1,1787064105434936
DothJDtopyR6DiGNCBwnPAz4sEEikBVYnPv8kvMxpump,3,2,True,0,7505,0,149,2,0,1365166731,0,2,-1056760498,0,2,1365166731,1,1787064104505249
CoVCN3wjhp1u11W1VRR5PgezaVmiu4SSaKTp3zoqmJ4,2,2,False,0,5772,0,134,2,0,426153225,0,2,-214517333,0,2,426153225,1,1787064102772506
5cmsox5kv68STJHtgWi4K8zNNRcrScThXuktS2vhhWmA,16,2,True,0,5695,141,0,2,2,1269950018,2,0,1269950018,141,2,1269950018,1,1787064101695365
BghqX3pf1JBS6FUgkfyUmrHvxLE9QeWBq3cgQRH3pump,3,3,False,0,4720,1523,0,3,3,3324444445,3,0,3324444445,1523,3,3324444445,1,1787064100720149
HXJvSguF4JrmbuncpNasqWr2ZgDcSoT1B2FUk654pump,16,3,True,0,4632,1040,157,3,1,4382541663,1,1,2933333333,0,1,2933333333,1,1787064100632611
9T8EGWCfL7CvsGPhuxk2d2B7iFgjztvdHrivxWFKpump,1,1,False,0,3584,0,0,1,0,24633156,0,1,-24633156,0,1,24633156,1,1787064099584103
5q227gBbLJXKiE71oeumsttAceQA1fvyqptdU9W3pump,8,8,False,0,2623,3843,2011,8,3,17514909197,3,2,9777777777,2854,4,12575613988,1,1787064098623245
9wDNacGsJVS41BoJJhoAUoY2HybSZdfHGjpw135qpump,1,1,False,0,1768,0,0,1,0,740624999,0,1,-740624999,0,1,740624999,1,1787064097768606
9kKy3Q8rHTcLTqUZX33M2rN4Wh5LxjK1wiaA6GCipump,120,49,True,0,1729,0,5535,49,23,27782915821,4,7,2666666661,1163,17,16595055888,1,1787064097729557
CjXj1ZxtT5VdZUk1XyjnD9Rww7FqWK54TVSXpzVCpump,1,1,False,0,1701,0,0,1,1,25522454,1,0,25522454,0,1,25522454,1,1787064097701561
evShR7tKJBiKLWjLzJFmqkLLCmozqMyYWREjejMpump,3,1,True,0,754,0,0,1,1,599111110,1,0,599111110,0,1,599111110,1,1787064096754379
Fw7GfoL8cXqqu4VzzyiWaueruossqmmXJggCT4vrpump,3,3,False,0,736,0,764,3,0,1475240621,0,1,-35807166,0,2,1215773785,1,1787064096736199
A8FbNYoi78rNmFfz6Tk8aXTxu5XHsXA8AhAxQjEFpump,15,15,False,0,680,7250,4594,15,2,1842571207,2,2,207584948,1969,5,904532288,1,1787064096680189
4GbqyqMooq6NRJ8uJpzqYuUaabuzHf8qjuv1k5aypump,126,125,True,0,0,1846,7708,125,56,60603871381,9,14,5576107530,1972,38,20058301761,1,1787064095944345
Ataijhng2bbV2krTtkNxwGHGgBzGEKPtPCuuw8HFpump,1,1,False,0,35497,0,0,1,0,10848966,0,1,-10848966,0,1,10848966,1,1787064091497839
Hru551XdjhjHo1bAJS6cmNWjNr9jDSN5mZd55j1Wpump,1,1,False,0,34616,0,0,1,0,1185185183,0,1,-1185185183,0,1,1185185183,1,1787064090616685
4vJAxpw3LwzTJtzNCkhDjzz5nwokhJrkk8uRPvsRAnCQ,2,1,True,0,33739,0,0,1,0,424501989,0,1,-424501989,0,1,424501989,1,1787064089739453
2rALqRgijkywr4nbDJ9gEpbWaNUHwUGieUJ6gfm3pump,21,1,True,0,30925,0,0,1,1,1260058,1,0,1260058,0,1,1260058,1,1787064086925790
HTB6NYh4QQuGbJ5611LbFwAoD1dtjtdFc3VTveCopump,19,7,True,0,30091,276,4,7,4,270821284,3,1,195555555,33,3,195555555,1,1787064086091287
CUwcQTwnceRemMzrUxAhLWziE2mw9CEx1c2LUgThpump,4,4,False,0,29145,0,324,4,0,1239717595,0,3,-201480666,0,4,1239717595,1,1787064085145796
7VX5AN6ZFRF91oP7hygghg5a5NtmrfCNUABvEnJKny1a,1,1,False,0,29144,0,0,1,0,2277994,0,1,-2277994,0,1,2277994,1,1787064085144797
Gmy1zuxH383cydnMa1SEoJBMbRqw418PN3YcjMDxyWJ4,4,1,True,0,28188,0,0,1,0,128623282,0,1,-128623282,0,1,128623282,1,1787064084188225
4Ws3SDx82Btk7HLCTPdN1gS7eZ87XFG2CTCK5awNpump,4,1,True,0,28187,0,0,1,0,1534330647,0,1,-1534330647,0,1,1534330647,1,1787064084187229
9w2HsVPjyBueHww6dBn2jCPjo53pQuF4StAcr6MUpump,1,1,False,0,27275,0,0,1,1,49382715,1,0,49382715,0,1,49382715,1,1787064083275978
5N19c8Tv82WZaC8QtmdMp49jg66fkLSHNZKWQ9crpump,17,16,False,0,27261,15308,7771,16,15,34184547390,11,1,17311987953,8635,15,33633500866,1,1787064083261970
CagEy3SbfuNQ8PVTFCX2G4Ye39LfTbQMFeMhwHT2pump,12,1,True,0,25617,0,0,1,1,197530863,1,0,197530863,0,1,197530863,1,1787064081617821
7nz38FK8hJJjdnKid3vZ3QmZSuczaYa2fiS2fv1zpump,1,1,False,0,25691,0,0,1,0,896077,0,1,-896077,0,1,896077,1,1787064080691918
9TTcgKsT3Qz2MoFAPcDeucy1zQzYfhmoCp4HBum5pump,2,1,True,0,23880,0,0,1,1,296296295,1,0,296296295,0,1,296296295,1,1787064078880440
ARtPPG4cCiLSrJAaCDS4qs3nTtiPkWfNoURKWK8Cpump,1,1,False,0,23876,0,0,1,0,296296295,0,1,-296296295,0,1,296296295,1,1787064078876934
D1YFaubCtEsQQU8QsE9e2DxEVVu8x97q82HtT4odpump,1,1,False,0,22990,0,0,1,1,977777777,1,0,977777777,0,1,977777777,1,1787064077990005
M25gg4U1Sm7qkCkcPqFtXjrhdyziqkzSY6JFRjZpump,10,4,True,0,19489,637,224,4,3,1374932180,2,0,1175308640,637,2,1175308640,1,1787064074489354
B1yxyoP9yG754KqXW2bUbCVT2Dp2yCwY2aWuR51Gpump,30,29,False,0,19668,14084,6315,29,15,47113896944,17,5,17090240364,8166,23,29229712509,1,1787064073668418
FGKh8zXEtab4qqVbYCfvzPYLJ6ixHDLhy1mpALWUpump,2,2,False,0,18797,1,0,2,1,1878986574,1,1,-1877011266,1,2,1878986574,1,1787064072797147
AaAgjs9EgPwK4mcfZQTKYVufbnCnLQQ6eaxQ3uTopump,6,3,True,0,16534,0,456,3,0,945055165,0,2,-98729933,0,2,846325232,1,1787064070534016
8KKvRK2fyAdu1AdWpFf8192TGe63TZbuPgUTTQkpump,1,1,False,0,16485,0,0,1,1,49453090,1,0,49453090,0,1,49453090,1,1787064070485189
9TSfah5YzupBsko6DvLp2DYV7FpBJGaCQ8rzaDo28vgX,7,1,True,0,15655,0,0,1,0,984758709,0,1,-984758709,0,1,984758709,1,1787064069655731
Bf86PsZp2ctKufFHjXkY5HBoWWsAcS1SFhB3pbF3pump,1,1,False,0,14019,0,0,1,0,1999999999,0,1,-1999999999,0,1,1999999999,1,1787064068019289
5JYfyy8wY7MtpfY1T71DbcPBWHdR1cgDvUfrDPiNpump,1,1,False,0,13146,0,0,1,1,500000001,1,0,500000001,0,1,500000001,1,1787064067146117
Dmz2nwsMuFkU5hGkg5UiMJUE2Z5M8i7r4qYjrKxbpump,5,5,False,0,13122,0,1050,5,1,3217323642,1,2,-25946294,0,4,2476698643,1,1787064067122122
GwHu1JWM5dtHuSg669JBRCatAiUacrdEqBPLSYh4pump,51,23,True,0,13101,5327,2027,23,10,11641984328,3,5,1955555555,142,6,4512352336,1,1787064067101118
5m5So6tT4fvz1nsfjrp45r1MKqKh9VGC77yjQnVopump,1,1,False,0,11795,0,0,1,0,24104338,0,1,-24104338,0,1,24104338,1,1787064064795851
GUiGNgpumS2AP6T74uf7gQYeKwH76te4n6qX7CfR279k,8,5,True,0,9482,344,1972,5,1,1577551731,1,3,99058940,0,3,1420073275,1,1787064062482877
SLffDfvkYSbfbAUQuBbFUTjERAfSghZebPT7i8Xpump,1,1,False,0,9478,0,0,1,0,1471025259,0,1,-1471025259,0,1,1471025259,1,1787064062478876
A8HgJ86h6igVYUi2YxhbF5Jimsp2DWa57CrVg1rWpump,3,3,False,0,9428,374,421,3,1,2268735160,1,2,703904525,0,2,1564830635,1,1787064062428839
45VnKyUXzT3GLvHD7tCvC6MfxuztTYcqzbYoJHaTpump,1,1,False,0,6232,0,0,1,0,126385821,0,1,-126385821,0,1,126385821,1,1787064059232343
FV26YpLsSdPrMw6Zp1cU75DY7Rwdub9bPSTcpSKepump,11,11,False,0,5480,1813,2174,11,6,7479999996,3,3,3911111111,1813,4,3911111111,1,1787064058480122
3g9z3bzsjYsHR6c7daAPvmGFUdjsr1N1wabsDXTopump,14,13,False,0,4801,6570,5566,13,8,18141475161,7,2,15018706724,6544,8,15053274624,1,1787064057801489
Aw9DHBx8R5hJpqtL9opMEbwEKrq6JduKuz78t1ampump,25,24,False,0,4105,4657,2214,24,17,26586274010,8,2,8878667016,3911,10,9637621225,1,1787064057105917
7VpVi2JbZBy3dNBr8Vt7ciYq18JFVWBWaLLxvgZZpump,3,1,True,0,4094,0,0,1,0,492203995,0,1,-492203995,0,1,492203995,1,1787064057094920
CxSk1EZoxxdASZ4wFyG1B44m4MmxPZy6z4hLHnMJpump,7,7,False,0,3432,0,1007,7,1,2151075387,2,1,97777,0,5,1988338865,1,1787064056432159
4XpPEJ6yFiV2D8Zt9my1Dq2z9h7GC9noGpRdnPR9sReW,5,5,False,0,3386,47,4887,5,3,12293568652,1,1,148514850,0,2,12069582097,1,1787064056386620
Ah5QtF57kCSZ2zEXcjxSBQe3Vfpt3X33rVRYD6H4WwuF,7,7,False,0,1908,0,2321,7,2,8394830239,1,2,493827159,500,4,6507702244,1,1787064054908620
GQbUF2KKjjY2uDrRaCMf8Gf6U23uhouH84gYCrJdpump,15,2,True,0,2212,655,0,2,1,1538539253,1,1,987654320,0,1,987654320,1,1787064054212505
zkWjCEkAtTzohFPu7raRSijFQYYje3PSaEdkEKCpump,6,3,True,0,928,117,0,3,3,1613850630,2,0,1494136382,117,2,1494136382,1,1787064052928273
2oE99Rw2D2uhJJCyqu9EZ3qrM4V4mjyoSHx4b28hpump,65,65,False,0,899,4955,90,65,48,4682308416,7,4,425022853,116,15,850393810,1,1787064052899275
dPobroVBRa3HHTujM8Lkzd1qbe4Lb1M5tF8eFg3pump,13,13,False,0,884,0,2845,13,2,8824837983,2,3,543618912,25,7,4552699808,1,1787064052884273
HJsiVD1yAUs8dbhaoDZHq1mm6imuKGME2LX7nh2hmyhr,1,1,False,0,411,0,0,1,1,48888888,1,0,48888888,0,1,48888888,1,1787064052411802
CcJA5uDGrBrcYBRJxvxsCVnR5DphApEEbJo1R9EWpump,9,1,True,0,409,0,0,1,0,89339420,0,1,-89339420,0,1,89339420,1,1787064052409795
BoF1SdDtP5Ht8CyW9YWuutHiYerk5zwrHNouPCp7pump,31,31,False,0,385,2662,5307,31,6,21383768778,4,10,5055177368,2739,14,11078912294,1,1787064052385802
Hwsm2kat2Vaj4ah67rFmzCWwKEihzALiBHC5iBgtpump,10,10,False,0,384,0,3830,10,3,12579046444,2,4,98765431,0,7,11840968080,1,1787064052384796
HwPG6qLwiDvRjmvavGiNSZHqCs2E2wZ6nLUs6yqJpump,11,11,False,0,371,0,3231,11,1,6780642776,1,5,97474738,0,5,6386169915,1,1787064052371799
8Xd8PNz8iKv7yU923jFc6UVGVNhQiQpGuqnfp4uGpsPf,1,1,False,0,364,0,0,1,1,977777,1,0,977777,0,1,977777,1,1787064052364290
APcvbnGysXsKM3P8rUhNF4TSGPM6DFQyoYCH35uBazq8,37,36,True,0,362,12115,7679,36,17,71831897488,8,6,13665514552,5313,16,35373091642,1,1787064052362286
67psNL5w4WhPXWfhDcPGyY57fGKRhhHiHJeeRuG9pump,1,1,False,0,25632,0,0,1,0,955403,0,1,-955403,0,1,955403,1,1787064048632275
9pFri2MYz94qaosSR4vj1ehvwN2TCaH2PyVNuywMpump,1,1,False,0,25606,0,0,1,0,307354,0,1,-307354,0,1,307354,1,1787064048606276
7MWrn8c4UD6R1bgSoeKN5Q53seAveQuMaSqLBqHzpump,1,1,False,0,25604,0,0,1,0,279796,0,1,-279796,0,1,279796,1,1787064048604276
78GD2AhGRMdTGTDncpVsrZZ5fKZtJNAVeRLAJ8fHpump,1,1,False,0,24987,0,0,1,0,2795,0,1,-2795,0,1,2795,1,1787064047987413
8Z1wkiZPH2ygKxe9vf5tk8eRDUYkDZ2fq6ZDUwSfpump,1,1,False,0,24986,0,0,1,0,20180,0,1,-20180,0,1,20180,1,1787064047986413
9SAMny92fnFPCkZwCHyvMKXW8skQq4oFLoAvEkS7pump,2,2,False,0,24977,0,822,2,0,2897773007,0,2,-1583264731,0,2,2897773007,1,1787064047977418
GwDKxXH1n4VzGbnVv9CCCMRq89PYkV6sRusHTUjmpump,2,2,False,0,24975,799,0,2,2,2711769338,2,0,2711769338,799,2,2711769338,1,1787064047975416
FWCrBP3s9SFM6vvzdzxPATbq5KjTvr8HJ5iss3XGpump,1,1,False,0,23624,,0,1,0,0,0,1,0,,1,0,1,1787064046624426
AukfntKepyrRSzUMNLsRUuvVTVwDxknvhFenvG72pump,404,2,True,0,23078,0,5,2,0,12413333,0,1,-21247,0,1,12392086,1,1787064046078799
2fV7DyyqEf2ZDrYUT471Kwa6q8zNa83nqnE2P5mzpump,1,1,False,0,23077,0,0,1,0,27972,0,1,-27972,0,1,27972,1,1787064046077800
4doSt4guUZvEA56Yv3HL8ZS27AAJQd8atz4MkVpHpump,1,1,False,0,23077,0,0,1,0,28003,0,1,-28003,0,1,28003,1,1787064046077800
C3beYyATVenwj7RcHzopkq87ChLDXfB9u75uzjSpump,1,1,False,0,23075,0,0,1,0,12216,0,1,-12216,0,1,12216,1,1787064046075800
5ewVqD9heE4VJxpKHmrZMvS6rbnHKA8W9r1jVRqLpump,1,1,False,0,23069,0,0,1,0,324476,0,1,-324476,0,1,324476,1,1787064046069803
7pB9eagKnMTHpNWR6zrcsw9QkCVAAky8PRrFSPdApump,2,1,True,0,23068,0,0,1,0,1641215,0,1,-1641215,0,1,1641215,1,1787064046068798
EJm5KjnqTazZug8tzovQKH1nSHWcqVAggpfVU5hMpump,1,1,False,0,23067,0,0,1,0,8396,0,1,-8396,0,1,8396,1,1787064046067798
BNgxZCbGVJUm4bWKGxMyWpTLW8zAzsDaEV5inkd7pump,1,1,False,0,23066,0,0,1,0,297912,0,1,-297912,0,1,297912,1,1787064046066793
9ryBHgfNyBMmTQb4iafNRWEpVbdbgC7L814pBDtEpump,1,1,False,0,23065,0,0,1,0,2797,0,1,-2797,0,1,2797,1,1787064046065291
9QR4PFGtyWPx3eXkhNQqgFeZBY2z1ib3UvVi1KYUpump,1,1,False,0,23064,0,0,1,0,2798,0,1,-2798,0,1,2798,1,1787064046064292
86MtGu7tansvMHNym1YrDQBtNPopU3TggAbudywkpump,1,1,False,0,23063,0,0,1,0,2801,0,1,-2801,0,1,2801,1,1787064046063289
6rkDRxSnVKMgqqd499MLZmYTpK9n79rvnd9XKKwTpump,1,1,False,0,23062,0,0,1,0,22496,0,1,-22496,0,1,22496,1,1787064046062292
4m7r2x6p8iRqeQDTyUAxu4dtevPSiPHfbk6Y3yTZpump,1,1,False,0,23061,0,0,1,0,2799,0,1,-2799,0,1,2799,1,1787064046061288
5AztZJhDZpguKcLGmSpxoya9ZBoPmW7FiZBR8WJspump,1,1,False,0,23057,0,0,1,0,2848,0,1,-2848,0,1,2848,1,1787064046057288
GKSN3z8qUcgJ7bNVeKVCAoGVGHUSPhnT1kBroXcwpump,1,1,False,0,23053,0,0,1,0,2802,0,1,-2802,0,1,2802,1,1787064046053288
CyFLPEfuAKAvDhMgg6Rt87zR1GoCHpZY8UoYwX3apump,1,1,False,0,23052,0,0,1,0,2795,0,1,-2795,0,1,2795,1,1787064046052287
BeSpaKfrGAyL3TGit6DenCBKn3VdQTkZ5CyN9L3ppump,1,1,False,0,23051,0,0,1,0,417006,0,1,-417006,0,1,417006,1,1787064046051283
6rNXwBJoJkkvjgNKYRLWEJp8k2mkzVTXM8S8vo7hpump,1,1,False,0,23050,0,0,1,0,2797,0,1,-2797,0,1,2797,1,1787064046050280
Bo81Kt5e3EAfWgaFAMeMY8arUzWARqb8vSZYpn6Npump,1,1,False,0,23048,0,0,1,0,218308,0,1,-218308,0,1,218308,1,1787064046048277
DV3uTAueTFjgdoUCtpELHmAYVXxXBREZwKnFBBjRpump,1,1,False,0,23043,0,0,1,0,2797,0,1,-2797,0,1,2797,1,1787064046043278
3mEEqymvBUJZvt1x5NSkBq8dBZ4qpnbt98a2EHDnpump,1,1,False,0,23042,0,0,1,0,2800,0,1,-2800,0,1,2800,1,1787064046042281
3UbwRgMaX5gqoJwESTszGM3imBrgB3qL2yAtwtwPpump,1,1,False,0,23040,0,0,1,0,2812,0,1,-2812,0,1,2812,1,1787064046040278
3458Wn33KmNJiPRHRVGLDxkxbZqPWH22jD8xnwimpump,1,1,False,0,23039,0,0,1,0,8415,0,1,-8415,0,1,8415,1,1787064046039277
BkDPp5RsCaQhzCNpjqyhSq7dbbwEooRn1FghAPMRpump,1,1,False,0,23038,0,0,1,0,2796,0,1,-2796,0,1,2796,1,1787064046038278
AWuvsS9cCVGjjncJkSt1wLGuprLisgRi489r2H94pump,1,1,False,0,23037,0,0,1,0,1195018,0,1,-1195018,0,1,1195018,1,1787064046037279
E7Xhr9LbZgxsPY1RRm7xLAtsMTtDv74oaDcJrCACpump,1,1,False,0,23036,0,0,1,0,2801,0,1,-2801,0,1,2801,1,1787064046036279
2AuVf8pvAqqq7LGqYg4H1JsLjrSy198yQEt3rwn5pump,1,1,False,0,23034,0,0,1,0,988275,0,1,-988275,0,1,988275,1,1787064046034277
GnvTKJ55We5UHrrgyh8Rcv9n5W2T7cxE12maCBNzpump,1,1,False,0,23025,0,0,1,0,13988,0,1,-13988,0,1,13988,1,1787064046025278
B5Nj2fpMz6ondbu2TD172tQLyLmzrtgQ4jJqPw3tpump,1,1,False,0,23024,0,0,1,0,2796,0,1,-2796,0,1,2796,1,1787064046024278
HNTu7xXvGaccbxw5TzfDadYWLYrLz4mQvKuSRRdwpump,1,1,False,0,23023,0,0,1,0,2903,0,1,-2903,0,1,2903,1,1787064046023283
4WrnPEGwbXUMAWrz4i7Qw9yBdNtxBxCd8dUcys6ppump,1,1,False,0,23022,0,0,1,0,5591,0,1,-5591,0,1,5591,1,1787064046022283
6tZgFcGBJTDLeWCnsfDLzicESsi5T4D1aECt8m3Lpump,1,1,False,0,23020,0,0,1,0,308970,0,1,-308970,0,1,308970,1,1787064046020278
4ejePuuJD3MNmH7DUfrXUWD8a22pos5wK6S3MVPZpump,1,1,False,0,23019,0,0,1,0,954332,0,1,-954332,0,1,954332,1,1787064046019282
AqwHfLrk414bZWUtQBjjnKwjLtKEA78234tLND4Jpump,1,1,False,0,23018,0,0,1,0,27160,0,1,-27160,0,1,27160,1,1787064046018278
Fw6yJNjD31DfhrDLJitY37dJCay1xsg5qLMe3r7Spump,1,1,False,0,22405,0,0,1,0,2798,0,1,-2798,0,1,2798,1,1787064045405434
32eW7NxyDDNL35T8rPZBJ7HeG3NRsDymCph98dZfpump,1,1,False,0,22400,0,0,1,0,2802,0,1,-2802,0,1,2802,1,1787064045400438
CVPxnifftqirB9RaaN8AfpKqJMbsXAjsJXRAVrHRpump,1,1,False,0,22399,0,0,1,0,2797,0,1,-2797,0,1,2797,1,1787064045399434
Cau1pEsGCpUxxZG6ge1Mi2WBzmEWeq5b2moP1AQVpump,1,1,False,0,22397,0,0,1,0,280790,0,1,-280790,0,1,280790,1,1787064045397435
vx2BSabZtdDZWPowVE58fo578KuAH8nwYqszb5Cpump,1,1,False,0,22387,0,0,1,0,317701,0,1,-317701,0,1,317701,1,1787064045387433
ALn5AHfGx4aj7A3AWCrU2oM9jrFyh5UF22UnD6C7pump,1,1,False,0,22386,0,0,1,0,1197716,0,1,-1197716,0,1,1197716,1,1787064045386433
CgH2DmJA5UzMUtkvzxyHszkWx97tUUuQp8TFk1p3pump,1,1,False,0,22346,0,0,1,0,28037418,0,1,-28037418,0,1,28037418,1,1787064045346917
HTxijxkZpNTerb4AkYJ63PXCvrvjVm9Dub1Av8LSpump,24,1,True,0,22345,0,0,1,0,101787563,0,1,-101787563,0,1,101787563,1,1787064045345916
4QGeKxAsXQQSFn4DppwFK2fZcXGyGC7kchidVH54pump,8,7,False,0,22337,4547,0,7,7,12213233089,7,0,12213233089,4547,7,12213233089,1,1787064045337916
3JV3fdMASNgSvuEmLgZ39h8fke1XzqDegwqhKHQKpump,1,1,False,0,22329,0,0,1,0,43581248,0,1,-43581248,0,1,43581248,1,1787064045329920
khJmh2CNkhf9fJ1ePGyn1759YcLtpD2CRXVSHzUpump,1,1,False,0,21674,0,0,1,0,279733,0,1,-279733,0,1,279733,1,1787064044674272
BkbCAQj789sNwcDZ2g6uzMsVBT5D137QYTozN4cmpump,1,1,False,0,21673,0,0,1,0,2797,0,1,-2797,0,1,2797,1,1787064044673272
5Rn3np9nBUc9fGEpyhAdmtJcXiMgTntHsatxrgsSpump,1,1,False,0,21671,0,0,1,0,2799,0,1,-2799,0,1,2799,1,1787064044671270
GP3AcLwyjD2bBfhF4eAtqUATLA4jGSxNM1QGEorXpump,1,1,False,0,21666,0,0,1,0,15659,0,1,-15659,0,1,15659,1,1787064044666265
9k975fwFmNJbDbSJYFKagDvepDxdwcjzhUVH1DRTpump,1,1,False,0,21662,0,0,1,0,5591,0,1,-5591,0,1,5591,1,1787064044662759
J8AtksfCV54uaPbYB6EhDUyWfsPHmQkxuFL7q1YTpump,1,1,False,0,21660,0,0,1,0,317914,0,1,-317914,0,1,317914,1,1787064044660761
6mbv7s97kmEELAtujNUCXh4pFUcduUSeHutrmuRkpump,1,1,False,0,21659,0,0,1,0,2803,0,1,-2803,0,1,2803,1,1787064044659762
ButgfQfUNkGd19tXhDpuwxRDqqnh8vjGWPck5Jjjpump,1,1,False,0,21658,0,0,1,0,2798,0,1,-2798,0,1,2798,1,1787064044658760
2sM1KhXrL4Zgui97jLbbidHkZpQPDF7qo59fXEH2pump,1,1,False,0,21657,0,0,1,0,30332,0,1,-30332,0,1,30332,1,1787064044657760
DpatNpSdqNQH984TA91hM7fRsqmDNVtYSNhUuX1npump,1,1,False,0,21656,0,0,1,0,2891511,0,1,-2891511,0,1,2891511,1,1787064044656761
66oUegcvMCRhLmgoUGKE8PazxwB53JnBDnYFTgZfkLh3,36,2,True,0,21122,0,2268,2,1,99480575,1,1,97777777,0,1,97777777,1,1787064044122647
AWf5T3ZwpEcnE3jBLqiqevYYaTNR5shYAhPdWSyzpump,1,1,False,0,21118,0,0,1,0,5599,0,1,-5599,0,1,5599,1,1787064044118649
96XU7cuoGfgVRCy17DKXNDQZizqnKrWCfxCDWNSYpump,1,1,False,0,21117,0,0,1,0,5598,0,1,-5598,0,1,5598,1,1787064044117649
qYfPHbSL5GSW2eh6zvQ4XF3WWezAtJNehMFLDsVpump,1,1,False,0,21116,0,0,1,0,2813,0,1,-2813,0,1,2813,1,1787064044116648
6UvtDJwxLzamiXzcgmsdehRRLoXi6uPjYgJqoCSjpump,1,1,False,0,21115,0,0,1,0,2816,0,1,-2816,0,1,2816,1,1787064044115652
CBXq3mLUEfKWfaVcgbrL9eULWj1kSQKk5gJhe45mpump,1,1,False,0,21114,0,0,1,0,2795,0,1,-2795,0,1,2795,1,1787064044114649
CZ9cfYJn95WyRr6zEgyF32KsWNhqNbg2z2h5hA3vpump,1,1,False,0,21113,0,0,1,0,15236,0,1,-15236,0,1,15236,1,1787064044113648
2m2uuK24rYSVg8sNu1jy72rAG8gdfGnm2ouQE3VVpump,1,1,False,0,20647,0,0,1,0,27,0,1,-27,0,1,27,1,1787064043647478
ME5XqCYQC9eY6Xat572GEuTwh9zDiYAYwaL5mL7pump,1,1,False,0,20645,0,0,1,0,27742,0,1,-27742,0,1,27742,1,1787064043645477
4soovRTuaEYNcziCexvSgFJK34jLxzUMF4Tq3CGTpump,1,1,False,0,20643,0,0,1,0,2821,0,1,-2821,0,1,2821,1,1787064043643474
9V3d2MsRedetNh51BoWYD51ucDfP3AuVH9XDsxotpump,1,1,False,0,20638,0,0,1,0,2795,0,1,-2795,0,1,2795,1,1787064043638475
BGTphq6bojTHwhfLcJBqxoYgVpgCY8YWwndDp9QCpump,1,1,False,0,20635,0,0,1,0,2796,0,1,-2796,0,1,2796,1,1787064043635475
6wv3hgxADW8Nx9tQRLgMrTKy3d67hxZhxrgB9CnEpump,1,1,False,0,21633,0,0,1,0,5591,0,1,-5591,0,1,5591,1,1787064043633476
ActpXidRdZQKQBii7YE2TxHBdUEWrt4DNx7NFUrcpump,1,1,False,0,21632,0,0,1,0,7271,0,1,-7271,0,1,7271,1,1787064043632475
FUFCeand7TzDZaBWgen88eXrAaAFqdcUPwEW7QhLpump,1,1,False,0,21631,0,0,1,0,2798,0,1,-2798,0,1,2798,1,1787064043631476
ETzaiUvqMbz51NWGjgXknRAmqQ4QMJbe8XxRN9t3pump,1,1,False,0,21630,0,0,1,0,5592,0,1,-5592,0,1,5592,1,1787064043630479
DgskKHEQP3X8X2sPq9cLja4LXXAUNryrgmaafLZApump,1,1,False,0,21625,0,0,1,0,12837,0,1,-12837,0,1,12837,1,1787064043625476
HZGrmPZusWdJGNxxH6A4FhxGDqfddB5FzpBTFJ2Spump,1,1,False,0,21624,0,0,1,0,5599,0,1,-5599,0,1,5599,1,1787064043624476
GZGWcHUtCJCP1h7JQYAZw8RA28oXEGRPoMsNDGJqpump,1,1,False,0,21622,0,0,1,0,15293,0,1,-15293,0,1,15293,1,1787064043622476
AHasbeU21VR4Xp9f6zu7ofDVQR9ATG5d1EL5xN2vpump,2,1,True,0,21609,0,0,1,1,97777777,1,0,97777777,0,1,97777777,1,1787064043609475
AXqyJ8wGjHYZN3nMYasSRgryD3XDtrWoc2o4hRubpump,1,1,False,0,21169,0,0,1,0,31280,0,1,-31280,0,1,31280,1,1787064043169874
3pKx91vzwQJY5cHTosznG7MPbRRA5eAXbXzrWiMypump,1,1,False,0,21168,0,0,1,0,33948,0,1,-33948,0,1,33948,1,1787064043168875
398XemP2emy3qo3YtJegd115oa59GmqJ93pSNUBBpump,1,1,False,0,20636,0,0,1,0,5607,0,1,-5607,0,1,5607,1,1787064042636063
BR7pcYBvG9Wb8Cr373GTJHT7McgxcEUdgbEWBPuCpump,1,1,False,0,20635,0,0,1,0,7404,0,1,-7404,0,1,7404,1,1787064042635062
AySszwe1ZTRTWj1Y2Svu76LGmRYKWk4WdmGdHFXKpump,1,1,False,0,20634,0,0,1,0,2796,0,1,-2796,0,1,2796,1,1787064042634059
rmhs5ZnCQL7psZqYiNXgTpuTfdqeKgs45CbQ7Bipump,1,1,False,0,20632,0,0,1,0,2795,0,1,-2795,0,1,2795,1,1787064042632060
24bdXk9e5BskiEjTWCU5EBPuHKdMSVLTamaHEcc7pump,1,1,False,0,20631,0,0,1,0,2795,0,1,-2795,0,1,2795,1,1787064042631059
GfuGkuALxuyXJtLy4gdwHzfaH6r7veX2dsxg78UUpump,1,1,False,0,20630,0,0,1,0,2796,0,1,-2796,0,1,2796,1,1787064042630063
FMd14dE13xVWYQtyNFhE7JYwh5w6dnZZuqe4q6qupump,1,1,False,0,20629,0,0,1,0,2800,0,1,-2800,0,1,2800,1,1787064042629061
93Uces6SDiY8st1WiDZ448sGM52hoyvqLYM49JyZpump,1,1,False,0,20626,0,0,1,0,100000,0,1,-100000,0,1,100000,1,1787064042626059
FqKttCVYG5JgBT81A3esBReAopfevFTCi1PC9YwMpump,1,1,False,0,20193,0,0,1,0,16376,0,1,-16376,0,1,16376,1,1787064042193925
BXc4uVYRqvsm3py3HHn9kVNoUQ5GfzTM8WKDEqYPpump,1,1,False,0,20191,0,0,1,0,1405761,0,1,-1405761,0,1,1405761,1,1787064042191925
Fywarw347zdb8gXev5Fa3x5z5v4v2BSzSgNHRPZapump,1,1,False,0,20190,0,0,1,0,5591,0,1,-5591,0,1,5591,1,1787064042190924
5fAKmw2v2jzBNW7mKrGRExmzv6R2mx5bZ6HzVgsYpump,1,1,False,0,20189,0,0,1,0,2796,0,1,-2796,0,1,2796,1,1787064042189925
AvpQmGgdyxTWbv6exzE4F46sz9f6xf7XdRW3hZD4pump,1,1,False,0,20187,0,0,1,0,2795,0,1,-2795,0,1,2795,1,1787064042187925
C4KBEJv2GP4nfCCpcHYyPLiGRNCmhW6RqJAarGzcpump,1,1,False,0,20183,0,0,1,0,2798,0,1,-2798,0,1,2798,1,1787064042183922
6pgdEji9E14w4CUvMu5kuKc1wPY1JgNFBt4Pv4A6pump,1,1,False,0,20182,0,0,1,0,2796,0,1,-2796,0,1,2796,1,1787064042182926
9zmLfHxTrFHUbU6ZfV5g466A2tPX7KrCFLgJbXBypump,1,1,False,0,20182,0,0,1,0,22999,0,1,-22999,0,1,22999,1,1787064042182926
CD4bc6pay5wy9tZjQf5DAj6FxSiTE6NrqokCwDj3pump,1,1,False,0,20181,0,0,1,0,2809,0,1,-2809,0,1,2809,1,1787064042181928
4xXcfrDu98AUfXVo1mA7zSC9ssAtnndMDbBaxyBxpump,1,1,False,0,20180,0,0,1,0,13389,0,1,-13389,0,1,13389,1,1787064042180923
GAGYtMbXnPY73XGhMS2nTr86FJgM6gBAmjRTdMZopump,1,1,False,0,20178,0,0,1,0,1181,0,1,-1181,0,1,1181,1,1787064042178925
GHU9MgZfEUfzpR6TVkKucPekTVnXM9oQerZYF54qpump,1,1,False,0,20175,0,0,1,0,2795,0,1,-2795,0,1,2795,1,1787064042175926
GTUrU4c4nHhEd2weAVqNrZ2qQmycZRh8fC91xHyZpump,1,1,False,0,20173,0,0,1,0,479661,0,1,-479661,0,1,479661,1,1787064042173923
5iafpX6afqjtgq824ra9bAwCmk5KomUgL3bcFUZcpump,1,1,False,0,20172,0,0,1,0,4197,0,1,-4197,0,1,4197,1,1787064042172922
CfojA3Ch4TPWUpdP6KU8x5eEi3FeZwYTBiA5nSdzpump,1,1,False,0,20148,,0,1,0,0,0,1,0,,1,0,1,1787064042148745
APA9E8UhBLBx5naxSReqUQtAvF8nN3Gs68UUQBMppump,1,1,False,0,20140,0,0,1,0,697468,0,1,-697468,0,1,697468,1,1787064042140746
6eqKKzyYRbWKbWrvQhNyKdCtq28NGYeSVtMZ2LfSpump,1,1,False,0,20139,0,0,1,0,27959,0,1,-27959,0,1,27959,1,1787064042139746
47yV9NhvX5qSZsHDmS2hgocJjRkfy9nWxSnWmiPnpump,1,1,False,0,20138,0,0,1,0,2795,0,1,-2795,0,1,2795,1,1787064042138750
9aA7v2eM1LywgkYQfmVK93ppSyxD3EfmAP2Mtdnpump,1,1,False,0,20137,0,0,1,0,5598,0,1,-5598,0,1,5598,1,1787064042137745
FrwzSJqS3EdCP95yoQEBnjKycu64ZRs5sEUhr9t1pump,1,1,False,0,20136,0,0,1,0,55954,0,1,-55954,0,1,55954,1,1787064042136745
6kBT9Y4LFhdYAHC7mJtouEsTxrvuKcVSmkJdkDrmpump,1,1,False,0,20134,0,0,1,0,28522,0,1,-28522,0,1,28522,1,1787064042134744
AR5kHksWspzgJryLQu1TA1oJmtN9FRyWqGn25rLxpump,1,1,False,0,19768,0,0,1,0,5597,0,1,-5597,0,1,5597,1,1787064041768198
4MPSZrzcd9xd6Nf5MvYN2hqFCCC8XzYEeb62tRvQpump,1,1,False,0,19767,0,0,1,0,5591,0,1,-5591,0,1,5591,1,1787064041767197
8HYyzgtEfXPfXHnghXpjggJ75AE6TFV9uomDSD4ypump,1,1,False,0,19765,0,0,1,0,5595,0,1,-5595,0,1,5595,1,1787064041765191
5dSXTR3ceFzRsdAnDaBGDm5aSevwi8Bv87ioZXYVpump,1,1,False,0,19762,0,0,1,0,300710,0,1,-300710,0,1,300710,1,1787064041762686
CGY8LZSmwPiFUc9FTmkLGAvB7PhLKzWZiyEiPqVCpump,1,1,False,0,19758,0,0,1,0,20748,0,1,-20748,0,1,20748,1,1787064041758688
GXefbuPxZpsazAN3oRRAHVSRVxbNY7o8wMXhPb8jpump,1,1,False,0,19757,0,0,1,0,2801,0,1,-2801,0,1,2801,1,1787064041757683
Ci3BkpLzwYJm2RrWamgAqtJ2Y3GM45pL2ePtzgRFHdUP,1,1,False,0,19756,0,0,1,0,639827,0,1,-639827,0,1,639827,1,1787064041756684
6aWJqwHzNdhLECdtTAUZ9AaBgGtkkSovjw5vhQBFpump,1,1,False,0,19754,0,0,1,0,510101,0,1,-510101,0,1,510101,1,1787064041754684
HQCFyRNtCtb5yacgWp96EUjChQxG2GmdQCTufi2Hpump,1,1,False,0,19753,0,0,1,0,7117,0,1,-7117,0,1,7117,1,1787064041753684
ChqRy5KnnioAeXHuRah6VTiur9v2qH2399JRyXRApump,1,1,False,0,19095,0,0,1,0,692923,0,1,-692923,0,1,692923,1,1787064041095438
8arKMeKZ9c9fi7HCevrKnnrKzfPWNMLQGFhYxqKPpump,1,1,False,0,19093,0,0,1,0,335548,0,1,-335548,0,1,335548,1,1787064041093433
QprST6tUmPAvqdrQe6btSt7wJjPjV5dqyBRSQYGpump,17,1,True,0,18150,0,0,1,1,25495227,1,0,25495227,0,1,25495227,1,1787064039150263
HQYNoHLM6hycKbsntS3AFepVcXUKeP6TzMowsb37pump,1,1,False,0,18145,0,0,1,0,27,0,1,-27,0,1,27,1,1787064039145225
2fiKhURGnu7c4Cz1CrouaTvfbcDXMmcZdnKyHoPupump,1,1,False,0,17507,0,0,1,0,11743,0,1,-11743,0,1,11743,1,1787064038507595
5XR3PYNtkp9H6wasH8ETqPLYSYhL7Fr4vL8azGvkpump,1,1,False,0,17491,0,0,1,0,2940,0,1,-2940,0,1,2940,1,1787064038491597
Bw186LPGtEWC3UVwfFEdTVGKH1CxwZWfHh6uj4Uapump,2,2,False,0,17483,0,294,2,1,639702107,1,1,321232834,0,1,321232834,1,1787064038483598
DN8zP68Sg9fU3M9MovpU4DPvAzBuvBJzVNdwWUJmYXkn,4,2,True,0,17149,0,644,2,0,2573956336,0,2,-1247548214,0,2,2573956336,1,1787064037149978
6AnPsNteGbx4AqcnvSUy5QRzDtNHLXaGrUWQ6HCspump,1,1,False,0,16581,0,0,1,0,2795,0,1,-2795,0,1,2795,1,1787064036581151
FLbuhPhyi94ZvA9pTEcYeoteH6W3sCf8jLz9r7sBpump,1,1,False,0,16572,0,0,1,0,279629,0,1,-279629,0,1,279629,1,1787064036572150
7YjhmQYkkMxDUc22Ety34L8rzUafNafRjmqn8nqXpump,1,1,False,0,16553,0,0,1,0,5591,0,1,-5591,0,1,5591,1,1787064036553631
9jjqJjtxBFVsr4HBrchFmRntepLs5b8kV33L6FvZpump,1,1,False,0,16551,0,0,1,0,393480,0,1,-393480,0,1,393480,1,1787064036551631
9EJbtX9WJPrEDTYUsMb72wa2S3noFGKyYrYKKw8Vpump,1,1,False,0,16547,0,0,1,0,2795,0,1,-2795,0,1,2795,1,1787064036547634
9kBU2LksFFSZ7KRoqKpxoCSBXTbHCrCVGJ51cYsupump,1,1,False,0,16542,0,0,1,0,279597,0,1,-279597,0,1,279597,1,1787064036542622
B16Qywdi8kByHeZnbjzyazANuEXGMaVVRtz9Cbd9pump,1,1,False,0,16523,0,0,1,0,283654,0,1,-283654,0,1,283654,1,1787064036523622
21dfe9UctGMk6zpUsQ1B7YxwckSUxvRX6Vz5e7oppump,1,1,False,0,16514,0,0,1,0,28459,0,1,-28459,0,1,28459,1,1787064036514628
6jfwyCmuXQpcqtQrGiyYafMPtpK4WvYc9qnbmMXTpump,1,1,False,0,16507,0,0,1,0,1676551,0,1,-1676551,0,1,1676551,1,1787064036507132
sgpjbg7Um13T85v6VfHahi1obqWKthzbURB3PnSpump,1,1,False,0,16500,0,0,1,0,34510,0,1,-34510,0,1,34510,1,1787064036500671
HX9PCYbAUKR6AYaRT6AWRrHEhEqu84c5WoD8uBxBpump,1,1,False,0,16495,0,0,1,0,2795,0,1,-2795,0,1,2795,1,1787064036495672
AwMfZ7Zw4RG6CtXcUzfBW3rLpyMy696skBJ8Bjzvpump,1,1,False,0,15968,0,0,1,0,5611,0,1,-5611,0,1,5611,1,1787064035968916
BabAudhznZJfAZDXYxQwxr4yD9c5yPiFsUGs2n9ypump,1,1,False,0,15941,0,0,1,0,25550,0,1,-25550,0,1,25550,1,1787064035941390
CjBbgMBvp2w725gih6J4Use25GcPXmYndg2akNfbpump,1,1,False,0,15932,0,0,1,0,732090,0,1,-732090,0,1,732090,1,1787064035932395
EhiH15ATDwkjwNRnE1TRQLweRGwHkLR2XP64HVjMpump,1,1,False,0,15539,0,0,1,0,2994991,0,1,-2994991,0,1,2994991,1,1787064035539161
8JKymRCSaAoQhidEAvVjyK8ooP2LwJLnn15iGYCFpump,1,1,False,0,15532,0,0,1,0,2839,0,1,-2839,0,1,2839,1,1787064035532161
GqoHoE5bMvBkiZ9TXrU7UAWLtUMBpeRzeCxofyuLpump,1,1,False,0,15530,0,0,1,0,2798,0,1,-2798,0,1,2798,1,1787064035530166
H3mqqQzSvbajcUgixqVPFRo27yzfPcNcBnAiovLapump,1,1,False,0,15521,0,0,1,0,27164,0,1,-27164,0,1,27164,1,1787064035521165
D9RTkimGrt1fxN98P3MYDQGPw3VtZtG2eWGkY2Wfpump,1,1,False,0,15520,0,0,1,0,3327,0,1,-3327,0,1,3327,1,1787064035520163
HNZ2dvwwdAYxTfPR3G8QkGoEUHzkR9ZHo6mCi8nppump,1,1,False,0,15518,0,0,1,0,2797,0,1,-2797,0,1,2797,1,1787064035518162
6NiqoukKXSDXpP7XPCns6ChhFbNCeuthAeAv1nEdpump,1,1,False,0,15515,0,0,1,0,41698883,0,1,-41698883,0,1,41698883,1,1787064035515162
2dzZSSdexa6H2uXWvJbYrpiH6UbTjPaXwuVBNinGpump,1,1,False,0,15507,0,0,1,0,2795,0,1,-2795,0,1,2795,1,1787064035507027
7gYi9gX46VLer6wXs9XzBJ9T4Fj51Q3fmxZBWxuQpump,1,1,False,0,15500,0,0,1,0,5615,0,1,-5615,0,1,5615,1,1787064035500508
DGJ5Lbz7EsSbjoPh2HFbjVoJY8imwZtekQTyEyebpump,24,21,True,0,14405,4694,2206,21,18,18442297779,5,2,6074074072,1613,13,14950016151,1,1787064034405038
8dyxma7zNwqSRg24YHu3ioYnMdkRh5v6mNoaTZcNpump,172,37,True,0,13198,5931,5014,37,22,32519323340,4,7,5283950615,1629,9,12694005568,1,1787064032198357
9dZSKYiPPdc1hs9nK81SMSrok8Z7oRQivsHzpec2pump,47,40,True,0,13180,43,9860,40,4,8188284549,2,3,3271303953,1951,7,4127557729,1,1787064032180361
3yUBZH55JjojQLjAeSkXJvnobq4cLebzsegw7KMApump,1,1,False,0,13167,0,0,1,1,97777777,1,0,97777777,0,1,97777777,1,1787064032167361
9S8oejxDEHB8fwE9T3dSJk5e1ypuHCqDBJF1J3tJpump,1,1,False,0,13160,0,0,1,0,78748664,0,1,-78748664,0,1,78748664,1,1787064032160351
47TTomUftv1D6MZfy4gW45gNdMu6utXq42RBzPdUpump,14,2,True,0,12611,0,784,2,0,1379840312,0,1,-35438354,0,1,1344401958,1,1787064031611105
CU1gWYdLfZ2KsQ5ybX565w2qojF6C1ErLA7GNrFCpump,1,1,False,0,12566,0,0,1,0,15885121,0,1,-15885121,0,1,15885121,1,1787064031566108
4pKaxQ2h4H6zPuYoVWtnMTx6b5BKTa96CUm5zR6Qpump,4,1,True,0,11999,0,0,1,1,197530863,1,0,197530863,0,1,197530863,1,1787064030999301
Fh9WTra7G2P3Ni6LVioV2t7phRh9g3nTLNFTUQt4pump,1,1,False,0,11516,0,0,1,0,31376591,0,1,-31376591,0,1,31376591,1,1787064030516536
ED7fX3NyZnqzzZZGmE96inrkazDbZT8uyAyCW29Ypump,5,5,False,0,10890,4556,1271,5,3,8086243468,3,1,5950800035,4556,5,8086243468,1,1787064029890234
Cm2RFRRtJWprgmwjy5fjt6FhNYNeWQbQ83MXBmFGpump,27,13,True,0,9764,0,410,13,8,642419471,2,1,16790910,0,4,541674046,1,1787064028764275
9Fu1GzW3YN1y3LoPFpad5tQ3akKKyzF7PJaazzD3pump,1,1,False,0,9544,0,0,1,0,50084893,0,1,-50084893,0,1,50084893,1,1787064027544142
BW5iHuy55MPtUTNFYfmYU6srndzgfwVF3RYLbDjgpump,1,1,False,0,9030,0,0,1,0,138054123,0,1,-138054123,0,1,138054123,1,1787064027030966
3B1V1fTfq3YYsXnLhpvdeDeaS7ceywH2WaAmk6acpump,2,1,True,0,8440,0,0,1,0,5561398,0,1,-5561398,0,1,5561398,1,1787064026440351
5sPnSfjdhuxPX8ZeuTtfefL882en7FAv8zRHr4LVYwMu,2,1,True,0,8345,0,0,1,0,478014822,0,1,-478014822,0,1,478014822,1,1787064026345302
GhqVUq5ryYQSzkot9oKshMf5uPWFdxwdB61twb4Qpump,21,17,True,0,7909,36,8619,17,11,62755446968,5,2,264851219,2105,10,62044507116,1,1787064025909376
C7eur8CFg8VhTofcPcG3eEHfCDeCSY7GTn2ntEfLpump,7,1,True,0,7878,0,0,1,1,97777777,1,0,97777777,0,1,97777777,1,1787064025878372
5qLjqMdMaDQgL22kJn5fFqxHUjcRW3exfifibfWkpump,15,1,True,0,7877,0,0,1,0,99058939,0,1,-99058939,0,1,99058939,1,1787064025877373
3gZ6XtPx5pBjvHxMTgNQn2t4Ai1HJVnVC6zE3KS9pump,40,39,False,0,7371,6527,4207,39,30,10679083230,10,3,8686807467,5656,20,9140276160,1,1787064025371571
7ir9jGjPjd4eZv97iJ1eXhjL2BPKTHyMNrYgnS6fpump,1,1,False,0,8362,0,0,1,0,936265731,0,1,-936265731,0,1,936265731,1,1787064025362574
DTfYHxLaau7D3mX9N8Ei1dRce4zmHU8mWyxZtKTapump,1,1,False,0,7930,0,0,1,1,7126201,1,0,7126201,0,1,7126201,1,1787064024930851
CRmWNEbxFf6Vv77JYqesrhYmv7aZtQMmfoE99w6cpump,1,1,False,0,5869,0,0,1,0,10570347,0,1,-10570347,0,1,10570347,1,1787064021869233
6bHgrcBqj4RWjqeEJgxWnmgLC9T71h4Dteg5Mik5pump,2,1,False,0,5848,0,0,1,1,493827159,1,0,493827159,0,1,493827159,1,1787064021848714
6NQCpZ2M24GkB2iq4u9H6H5ToYoZx33CZ4skWqbupump,8,5,True,0,4468,0,1385,5,2,1774190965,1,1,395061727,0,2,815349473,1,1787064020468321
1s3HXLJc741LedDaT8ZmeMr4CUeYxEeARJkCG4epump,1,1,False,0,5114,0,0,1,1,253253628,1,0,253253628,0,1,253253628,1,1787064020114185
DmKqwGRtnNy1a1cFuNC82HK9sYskK6tpaENV2uhTpump,24,23,False,0,4631,2859,4122,23,12,19562694408,9,4,9290961447,2647,16,13720514546,1,1787064019631382
aVgJ7wXmjkxi7wt3we8R9VFX2gryJJ6AvHxu1KYpump,9,1,True,0,3914,0,0,1,0,7243358,0,1,-7243358,0,1,7243358,1,1787064018914191
5s2iWMwxgCnC4XQFNT4rD7VZzagzrwKMwtnjFtiEpump,81,79,True,0,3511,17985,6649,79,45,58467354558,11,7,15300747099,7752,35,24951301792,1,1787064018511680
u7PHEEUWYkMEzYVV1GDqvFDJezJUerbgvUiXcN9pump,1,1,False,0,3273,0,0,1,0,28640463,0,1,-28640463,0,1,28640463,1,1787064018273654
J3HqP4wLgW3PCeztsdUtaxfjuw9GU4KWGB9HQjABpump,23,14,True,0,3533,4606,1995,14,7,6864585545,2,3,1299753085,493,5,2295795694,1,1787064017533313
2RmJ1phKAfZDaawiej3kDjR8EjfegUiNhyXZsMe6pump,2,1,True,0,3238,0,0,1,0,39948875,0,1,-39948875,0,1,39948875,1,1787064017238159
4qjDnzk2mR6FreY4hiNZbgbRWwTsF8q1589Zzqmypump,3,3,False,0,3224,0,1018,3,0,2444444443,0,3,-789241607,0,3,2444444443,1,1787064017224154
JG5UPRfZgSCYNSEfF39DKVte7ZRPhhcJe6gKGgNBY2o,86,85,False,0,3199,7987,6698,85,45,86511151436,8,13,12891895376,4443,32,40738253543,1,1787064017199153
F9RteAMpFG5ejoWZqEGKWykiB58Bwo71iQ3erb6Qpump,135,18,True,0,2880,3003,1621,18,10,6407740683,2,3,915627861,47,6,3532268585,1,1787064016880057
BfgakHXUGEedyG6KJbp936aE4cmnamFRBMfGqM53pump,9,1,True,0,3592,0,0,1,1,2456789,1,0,2456789,0,1,2456789,1,1787064016592615
6nPwaUCaZTbFwR3r6Jkq3juaXxUa6T4dQ1xhi7uspump,4,1,True,0,3302,0,0,1,1,107990122,1,0,107990122,0,1,107990122,1,1787064016302680
A1e3He2qtgP4hdiK2WiVrJW46UyAQ6GfkLWLFmKypump,3,1,True,0,3001,0,0,1,0,249055956,0,1,-249055956,0,1,249055956,1,1787064016001039
BpxrzX73eabdCcie253yZXq28A9vdFzY4WMq8cbKyxTD,9,8,False,0,2671,1030,606,8,5,3358592224,4,1,1111111106,559,5,1403036673,1,1787064015671424
AUqmCpoGNxroqENYZQzDPsTAzwZCXN15mkgcgqNVpump,1,1,False,0,2122,0,0,1,0,150504049,0,1,-150504049,0,1,150504049,1,1787064015122310
6jRTP7MWb8ihnXLJc3R58i5ExrMvAxV9CybXPvYepump,4,1,True,0,2080,0,0,1,1,200000001,1,0,200000001,0,1,200000001,1,1787064015080312
GtGUKTmfaisNvGPNLozWqXYKrqdwvJ44F3tSMaFfLLYb,1,1,False,0,2054,0,0,1,1,59508270,1,0,59508270,0,1,59508270,1,1787064015054311
FbNWCDGRqaxsyUz8dRXDkLxXzziRhpfdEBpCmHHwpump,1,1,False,0,1847,0,0,1,0,252549111,0,1,-252549111,0,1,252549111,1,1787064014847270
BG35wpr7E5h3wgoVfHYpCbRmzUR2gLFmdZvx31FTTqer,2,2,False,0,1845,0,507,2,1,803637448,1,1,12862203,0,2,803637448,1,1787064014845267
GBSBX9ySY36AXBcKppTVQUsiRko1jQmdejKT2futpump,30,1,True,0,2781,0,0,1,0,1453891222,0,1,-1453891222,0,1,1453891222,1,1787064014781265
DwKdw37UzUPb1AtfpSMNtdXqRCNC83HeBb8neyJipump,41,26,True,0,2548,6178,1224,26,13,15539442678,3,3,3714710252,861,5,6811892973,1,1787064014548937
9KyjJAAZ3sNuYbfm7XQaasceUgW2ihgGAiE1Zk9Hpump,2,2,False,0,2539,0,459,2,0,759935191,0,2,-25202459,0,2,759935191,1,1787064014539938
EaULJvUCk2h8bbXFitbK1FQbdc6LDp35Xni82h9Vpump,1,1,False,0,2259,0,0,1,0,10490903,0,1,-10490903,0,1,10490903,1,1787064014259386
JCtCGUnFdheCEdBDMHxSJnpnTHKNN7Cr1kbV3BVapump,2,2,False,0,2240,0,5,2,0,17971761,0,1,-8166321,0,1,9805440,1,1787064014240021
4u2ApyTEH59gAJXPpsmEwQ53vnGFn7rd92SGxivCpump,2,1,True,0,1950,0,0,1,0,679775468,0,1,-679775468,0,1,679775468,1,1787064013950879
FuCndHLJKJveUWTthkZ7Q9nLgQ4D4RTLmWmfhqBWpump,5,1,True,0,2651,0,0,1,1,1000000001,1,0,1000000001,0,1,1000000001,1,1787064013651803
5giVUuiWzPhCoYKTNm1sWEujUeKdehuqS23Gp187fNJk,2,1,True,0,1639,0,0,1,0,741450165,0,1,-741450165,0,1,741450165,1,1787064012639689
24q87NzkQ7BxVmBWr5dFX7RfrVfZ79PrrLxZ7KKBpump,77,24,True,0,1632,0,4123,24,6,10782805475,2,10,523827159,44,11,5183660743,1,1787064012632685
HF63RfdxSvsp2YCd7nRhm4gtkfVa3NRDvViaePX9VeY3,24,15,True,0,1581,1495,1220,15,9,6423972433,2,2,1484516160,178,6,1872676804,1,1787064012581684
EoizsUfqaFXCpVuJpyQ4DwQTRmpupcAW5BcJjxmzpump,24,1,True,0,1375,0,0,1,0,104322200,0,1,-104322200,0,1,104322200,1,1787064012375137
EvtiTBgitS6gisiJBLwHwERpbc6XLekAP2apbFPbpump,1,1,False,0,1354,0,0,1,1,177777777,1,0,177777777,0,1,177777777,1,1787064012354782
HzxJdwoYh4Du5PcDerkEfbDCne84mvnJx54h3ofppump,1,1,False,0,1316,0,0,1,0,1291155546,0,1,-1291155546,0,1,1291155546,1,1787064012316830
87ke9TVw885FWLqMTmY49syBboF9z1ttJ2G1gNh7pump,7,1,True,0,1282,0,0,1,0,243841421,0,1,-243841421,0,1,243841421,1,1787064012282830
6dsibqAMYvqBJfx5etwKECzNALZ2CKu9a3TrHPu1pump,9,1,True,0,795,0,0,1,1,101612546,1,0,101612546,0,1,101612546,1,1787064011795432
6i2Sqq7cvpWwxAAWeEEMz3URyJUmhbRHqYta4X9Ppump,5,5,False,0,1530,1517,207,5,4,3624691355,4,1,3279012345,1517,4,3279012345,1,1787064011530134
GLhTVtjpzxAAYnLu3HEFBqG9ayTQCqff7Wj8xaRLpump,137,33,True,0,1522,0,3538,33,12,16565396096,2,4,1289247925,426,5,3582251820,1,1787064011522136
GZM4pFFTefBpvYragRZj5dmRHzCtyaTKsEAFL29Bpump,4,4,False,0,1380,0,489,4,0,816279983,0,3,-17946076,0,4,816279983,1,1787064011380100
B6zNpCq82H1PqrMWFf9kLkyGzDhu2NMkqiz5SVXVzV2r,48,48,False,0,1060,9063,7104,48,27,25935288833,12,3,8373827690,3467,19,10554295985,1,1787064011060554
9RybYWwCkr8XXQBxzvK525ccuFKpyr2tS9Hxbfgtpump,2,1,True,0,794,0,0,1,0,21919812,0,1,-21919812,0,1,21919812,1,1787064010794015
9ExLMtJf3Ez8uvrv4L98wp3YVg1AawjMJduznKKVpump,11,11,False,0,751,2424,3601,11,2,9822334388,4,5,951988333,2424,11,9822334388,1,1787064010751015
2wy6xgRnX5uE6ewWhHXwjwpWaNsRWPteSgr18WKRv85P,4,2,True,0,579,53,0,2,1,691358019,1,1,98765431,0,1,592592588,1,1787064010579364
8rfwKyybVhx6XRjTws5WcJXn3hxnyUnPip4uDUbE2Th6,193,193,False,0,571,2249,8827,193,87,68402128417,21,9,6970654574,1621,60,20622218972,1,1787064010571364
9sw5nypHtFYJLpaitjL1sbe9o9tZQNoKJZDy6UKTpump,109,19,True,0,562,180,243,19,3,1805279277,1,2,319377816,56,3,1402367739,1,1787064010562365
DoFD8FyDMUbwBKxaGciJsy8ArRDmkuVkcn778jDBpump,8,8,False,0,545,,0,8,1,0,1,1,0,,4,0,1,1787064010545854
51QG1ZM64Uba35riWjSZBhavfjWJRC4MR2p565uCpump,228,214,True,0,509,7528,7802,214,89,136797931179,20,25,14226741941,6028,78,57108533115,1,1787064010509849
A2ZgSsvcgSX3CZYKjYTfCp3h69oA87zQqxzshyU3pump,4,4,False,0,263,0,1313,4,1,5240624998,1,3,-2313411078,0,4,5240624998,1,1787064010263298
2d8ogfJb23HeDEQbJ1P26qz1bz6hUvX22LNDv2PZpump,2,1,True,0,254,0,0,1,0,15301416,0,1,-15301416,0,1,15301416,1,1787064010254298
4aNUDbbCvavBVK5gCq2sPfp7KqpfGE7r2GmXTsNypump,1,1,False,0,1181,0,0,1,0,134919893,0,1,-134919893,0,1,134919893,1,1787064010181784
GdXGPDDxgzbJ49SyKAnKMiT9usJsVKVA5CaTzvXhpump,32,1,True,0,1177,0,0,1,0,5608823,0,1,-5608823,0,1,5608823,1,1787064010177785
5ShyDi5HWRNRzZiip6tc2gzrW3ddP7EFDF9NPHMfpump,120,120,False,0,998,14,9178,120,2,70492637307,1,100,-1270693,14,103,67353557914,1,1787064009998611
6xEhaS9Shut97UW2LzmgUTf9UwjYSeFDGjcK62Eupump,27,27,False,0,984,0,2453,27,18,12698072227,14,3,820610633,1992,20,11383774599,1,1787064009984611
KaMQPqCgJqnCUR1e4kkUvGQAEbY9f9ZtiVsZmtJpump,1,1,False,0,820,0,0,1,0,17531802,0,1,-17531802,0,1,17531802,1,1787064009820063
5zqHzNQMyX811qRvc5YJ4tP2N47NY7VbdMJBQqh3adha,116,79,True,0,788,1345,4441,79,25,9295225608,4,7,1473333047,189,15,2454980811,1,1787064009788064
51MMzFKYJxULJVLD36Dxd3HD5BbeE9TLyqQBCJ8upump,65,65,False,0,730,0,7079,65,11,1277019193,10,7,143340986,10535,32,539852249,1,1787064009730548
B6HQV3wsCqA37k3Vp94WrKMvzdnVGkjGTu3tXmUtpump,58,58,False,0,726,0,7081,58,13,39518964182,9,10,1474245509,1009,35,24715011844,1,1787064009726548
5HEA5ETq8UWxvNXGoyqKPwa2Ecs48M9YdVmG1PDopump,51,28,True,0,672,190,1962,28,11,8893057072,2,3,2469135800,526,6,2605273886,1,1787064009672548
5CDyYrSvocs1RR18df1mVJzvvHAoiGCZdkJcfMMppump,24,23,True,0,572,0,5659,23,9,13829416935,3,3,1618024089,194,7,7560562680,1,1787064009572185
Hn9Lng1ir5gZrjrmRyVWkddTUJVfH3ceATeM7ANrpump,1,1,False,0,1,0,0,1,1,322837548,1,0,322837548,0,1,322837548,1,1787063194001218
7VWp1GCMs1LG6SD6FnTsD8TJ5iMgTaUza35GPpZWpump,1,1,False,0,0,0,0,1,1,244444444,1,0,244444444,0,1,244444444,1,1787063193994218
HMVZBarouQihaVcnRavhwi1P6mFymd8AngiWHYBbpump,3,3,False,0,0,35,443,3,1,2334630981,1,2,-853380981,35,3,2334630981,1,1787063193955212
2RWuyLjvyqfSUvH6H86keTYrw46fDgDnKnv3MsdYpump,1,1,False,0,0,,0,1,0,0,0,1,0,,1,0,1,1787063193828702
9a86E7n2GWvV2J4mYD2CehYzdqyW71s1QrAHkHJmpump,1,1,False,0,777,0,0,1,0,19209043,0,1,-19209043,0,1,19209043,1,1787063193777184
9taPHcqKuWxkVp9Kfdf5SENcsH1Z2coeUCw7JRcCpump,1,1,False,0,630,0,0,1,0,1955668295,0,1,-1955668295,0,1,1955668295,1,1787063193630325
6BceESs53QBap6s85WWykgHjw7cgh558AGrn2DQNpfgj,151,1,True,0,615,0,0,1,0,72271355,0,1,-72271355,0,1,72271355,1,1787063193615325
DxwmAUHnSEprWTcmGmUrwbWgjip72WKQeWwUJx2Upump,3,2,True,0,587,534,0,2,1,1039033343,1,1,916522211,534,2,1039033343,1,1787063193587185
4Wb6cjRhDDW6UFP2xFbKKAW5cVLEBBps2AxJKyffpump,3,3,False,0,483,0,230,3,0,446371186,0,3,-46961532,0,3,446371186,1,1787063193483146
DQaFWFzznjpaCpGNKi4MFaxgy4jC9rjsVYo5zfoMpump,3,3,False,0,457,108,2119,3,1,21685009,1,2,-3023651,108,3,21685009,1,1787063193457146
CbGNHY8KneYPTMje2KrS4NUuvjvmKsY8mQZJ2WKApump,7,6,True,0,379,0,280,6,0,636423474,0,6,-19060464,0,6,636423474,1,1787063193379635
4br8SvTaZV4vLNkMwNUXjzXB5n9qX5qnc67hbJpepump,61,7,True,0,375,5,74,7,4,831566481,4,3,-196161257,5,7,831566481,1,1787063193375632
