mint,first_tradable_observed_at_us,trade_events_5m,priced_trade_events_5m,unpriced_trade_events_5m,first_trade_priceable,any_priceable_trade_5m,price_coverage_class,return_from_t0_metric_available,short_window_price_metric_available,gap_event_count,reserve_defect_codes
24qjbbQ6Z28bVVFChRt8PfRQi36Q5w8kpRAhzDT2pump,1787078016873189,1,1,0,True,True,FULLY_PRICED_5M,True,True,0,
D3CZDkRhK578EYZ4sXuGQT5SiPTcjRbWTHFtLcfLpump,1787077664760086,7,7,0,True,True,FULLY_PRICED_5M,True,True,0,
2F6EXXSJPWmFcT5WZMgMwtVwPEzyoeqELLBeGkt19yaq,1787077638274675,1,1,0,True,True,FULLY_PRICED_5M,True,True,0,
FHNAWXNnVyhCRkMaxyeVKTHrvJD9TEQkdz54uzXyH5Ui,1787077635875727,1,1,0,True,True,FULLY_PRICED_5M,True,True,0,
8tMnE8SMA86oVnwF7mfQzKgkrMb9B4fH6bYwT81bpump,1787077603665235,1,1,0,True,True,FULLY_PRICED_5M,True,True,0,
ErxeYzaKJbD48uf1Hp3bN97PUh5SpsyTHpTGUujypump,1787077596525624,4,4,0,True,True,FULLY_PRICED_5M,True,True,0,
CQNpNCHbmEUhmTB7xsYgRmGKWpj4LB3CU1EnEs6upump,1787077580358260,83,83,0,True,True,FULLY_PRICED_5M,True,True,0,
D7LhFQJt24gVM1QTKGS25tSrgXgsZAq57StpkZdupump,1787077580251849,6,6,0,True,True,FULLY_PRICED_5M,True,True,0,
8SxVsvd3CS8GheiCWDQgg9oK8jPimufvy8PMjpcbpump,1787077556067613,1,1,0,True,True,FULLY_PRICED_5M,True,True,0,
7TGno7LGF4mJHT1mvBMsthaEmavcKM5H8ojXCVcJpump,1787077509428195,2,2,0,True,True,FULLY_PRICED_5M,True,True,0,
AxFT1YGrrf4NKb7eg99iW3vMhWQMEamk2DJLKGYnpump,1787077483405654,1,1,0,True,True,FULLY_PRICED_5M,True,True,0,
8pGvyeMVv9kwGN265xrmUiJ5bFRTbyxPDfP3ELnJpump,1787077469771867,1,1,0,True,True,FULLY_PRICED_5M,True,True,0,
68zfuMUEqq4A7mdDqoQQvTsUn6zLvYQkafw787K2FBze,1787077462288248,21,21,0,True,True,FULLY_PRICED_5M,True,True,0,
FLp9ohj7Lye6JpoB5FLdoETAKHdHDZm5Vk7ZAxYRpump,1787077459906458,3,3,0,True,True,FULLY_PRICED_5M,True,True,0,
9ULnHREJdBvzYjesUhm46A6EfwmMj1yMPuoEJYVDBpkZ,1787077457326750,11,11,0,True,True,FULLY_PRICED_5M,True,True,0,
5RKCoUbp5HKPJR49svNs53emqU2ffWmvA53ceWs6pump,1787077452669996,1,1,0,True,True,FULLY_PRICED_5M,True,True,0,
6sCLdjJp1BGy5DmMLkFYCv6Aeu82Y9iqSNhNwfWKpump,1787077447297487,7,7,0,True,True,FULLY_PRICED_5M,True,True,0,
CnanqtomBVJnT1MXAhoQLE1NuAdhpFqyd9r2DyDzpump,1787077436683872,1,1,0,True,True,FULLY_PRICED_5M,True,True,0,
2GeLRyHhF7pWHQZVMrrB8RQJ6skNbkNxToh1ipzKpump,1787077410132685,1,1,0,True,True,FULLY_PRICED_5M,True,True,0,
B6FgnQMU4VZKrC3fxVJfQ9MbaUBBn6XCsXg4mRUFpump,1787077402510282,1,1,0,True,True,FULLY_PRICED_5M,True,True,0,
EZ1CJhJA7HVqbV3nLDsuB2pk9X5fjjLieBySe6fcSuYj,1787077395015711,1,1,0,True,True,FULLY_PRICED_5M,True,True,0,
4UeoZ7ufmdLv5ZNpoYCX4Cnud9LuLpHJyyvZwRbpgGSW,1787077344764076,8,8,0,True,True,FULLY_PRICED_5M,True,True,0,
Dx1qqmSFoJ8Fko2xcUpYbQ95eYfzkKhqGxcrZVoFpump,1787077342138999,184,184,0,True,True,FULLY_PRICED_5M,True,True,0,
4ddtVZbrQ1JivaA9rT9YxafyXwRbjYkXq7gfhPs8DQ4V,1787077342121982,1,1,0,True,True,FULLY_PRICED_5M,True,True,0,
89RSsU93dKCLW2rnvexmzzVwwo8xkF41nT7VA1VWpump,1787077304787732,7,7,0,True,True,FULLY_PRICED_5M,True,True,0,
65ZfvDHPXnZxUpGYxruAaMWRjus4i4eo6dGPd9Rppump,1787077289921593,5,5,0,True,True,FULLY_PRICED_5M,True,True,0,
7GysKgQyT6nr4KhNM4J9cVQreTie45rLf9SKuxXSeDF7,1787077283695018,6,6,0,True,True,FULLY_PRICED_5M,True,True,0,
B5CrrbdHp2rTxycmbwAy4tdLwxk2FeUFzsSoPer5pump,1787077250471105,1,1,0,True,True,FULLY_PRICED_5M,True,True,0,
H4oVAFf8Uor3G3rwuHMmACqaY1HMRVSeDg4zk8nzpump,1787077225501636,1,1,0,True,True,FULLY_PRICED_5M,True,True,0,
ADWtiF1roQR2LXkV7UB3pBRXuh5hCWfp6zF8tRvLStxo,1787077223203697,6,6,0,True,True,FULLY_PRICED_5M,True,True,0,
24ciaAuJ9gYHFiBGo9umfXTLcnZv2DGZ29qW2uZWpump,1787077218471561,19,19,0,True,True,FULLY_PRICED_5M,True,True,0,
8YBBhovjGX1EpZ6jJqKHamhqn3c6SBc2dmmGwX43pump,1787077212884611,1,1,0,True,True,FULLY_PRICED_5M,True,True,0,
4YQchgMod9WqHCVJmbduGr4vG5QrLXJqfrsTTmkapump,1787077212810324,11,11,0,True,True,FULLY_PRICED_5M,True,True,0,
99Eqt9f1pDiBfaRQJUpxMcbLMHgyGtSLj5Nbgmj7HSzo,1787077210054368,1,1,0,True,True,FULLY_PRICED_5M,True,True,0,
3z1aun6tqmGGD75w23DLcQawy655xMgPJTgmRy2cpump,1787077201839475,1,1,0,True,True,FULLY_PRICED_5M,True,True,0,
GN8cnxehow6suzvczfM2ZzangFMRSxFQUL4Yt36gpump,1787077195350679,1,1,0,True,True,FULLY_PRICED_5M,True,True,0,
J3BLJyPNMV1YHtqn81wUjTq4KsB3mFD8WKez44EJpump,1787077192904630,1,1,0,True,True,FULLY_PRICED_5M,True,True,0,
FYocWZxfrGyqAXmLAatXws6zb56pbY2gZUa3KqVpQEk2,1787077186209268,8,8,0,True,True,FULLY_PRICED_5M,True,True,0,
3NDr1uLVdeNQKpdHasDC3SpQb1A2w3QEQ9x9fwSNpump,1787077180022098,1,1,0,True,True,FULLY_PRICED_5M,True,True,0,
ETMYJeCNgm3HW63Z6fSz7Ks6U7KzVcrMWPdE1822pump,1787077168593967,1,1,0,True,True,FULLY_PRICED_5M,True,True,0,
HpQ7g272RNeDbeCfKEZrBdPJG6bTSHtBtsQddaoipump,1787077160685063,1,1,0,True,True,FULLY_PRICED_5M,True,True,0,
F1VET93pHMiaQbDQEefDfcAkGCQk3yTq7ihg5diCpump,1787077160660691,1,1,0,True,True,FULLY_PRICED_5M,True,True,0,
388MmbRP3mvHyiiNtL5mGcEN3cGrKibj8jUjvRo1yK9W,1787077160614547,1,1,0,True,True,FULLY_PRICED_5M,True,True,0,
3cRRwsW47pxYF2pbLKjGJhp1u2nBajfJLgTqeCaBpump,1787077156248769,1,1,0,True,True,FULLY_PRICED_5M,True,True,0,
4eo7RywxSifvBaorqKhr7JE5qYH4Ufc3BAX7NJEwoEuS,1787077148238519,2,2,0,True,True,FULLY_PRICED_5M,True,True,0,
kRSYfJiDDjbA5B6VtwweBG4RA8moGyTam6fGW5HvDja,1787077140968799,9,9,0,True,True,FULLY_PRICED_5M,True,True,0,
oou2cQqU3kpWJ23BGMm4BuBbJ72nnEbrfHHioDzanxs,1787077136248613,1,1,0,True,True,FULLY_PRICED_5M,True,True,0,
4T1KogxQcpvNKRwr2zbsMbg6hxUp1XNCgPTZGTrBpump,1787077133793631,1,1,0,True,True,FULLY_PRICED_5M,True,True,0,
DnsP5EFLTVbFDhRpodTXXrHrW7Hz1LyQfNMgyHCFpump,1787077131229674,2,2,0,True,True,FULLY_PRICED_5M,True,True,0,
Be3xxfigaYz4hVNzZ3KUyu26BhnQ6ABeGtx3YYLfrkSL,1787077103383754,9,9,0,True,True,FULLY_PRICED_5M,True,True,0,
GyHaKaX8qYapyeXmUWYySnY3LZjuPe9B962VPbCipump,1787077100628018,2,2,0,True,True,FULLY_PRICED_5M,True,True,0,
AcRtEv1cj7HeegGqXo4AGkruMVaHgFbnTK1Ao8t6pump,1787077100613561,30,30,0,True,True,FULLY_PRICED_5M,True,True,0,
468eVWi964Jy1SAFq1HJixr7erdTzTp9NKnKzKPYpump,1787077098621864,1,1,0,True,True,FULLY_PRICED_5M,True,True,0,
B9D5uDCxJmr9reRMoUdzvrS8sefwCDyQXGoTNNg3fgYw,1787077067073986,2,2,0,True,True,FULLY_PRICED_5M,True,True,0,
2baicCwq8XaXZsni2jt9ofaBiNsCtFsjT5vHZUscpump,1787077039432875,2,2,0,True,True,FULLY_PRICED_5M,True,True,0,
J4AUPKtYEqt5VHe8zWN72o7QzWt1wjVRyZxEbUDepump,1787077028817897,5,5,0,True,True,FULLY_PRICED_5M,True,True,0,
HNKCC9MRbADQZeud31YvyDapjjD1JENkwvEKSvvgpump,1787077023896749,4,4,0,True,True,FULLY_PRICED_5M,True,True,0,
77oUtJndaiELNWWn7PD2cRtW4EMo3dsFFPmye75apump,1787077017999914,1,1,0,True,True,FULLY_PRICED_5M,True,True,0,
CEnCFYxux8H6gKUh6QMduyzAYxaPy3TQBZKy3hCVhoCQ,1787077015566437,1,1,0,True,True,FULLY_PRICED_5M,True,True,0,
61a3gXbmshsQFwBPpJZoe6SNzV4qm35ZCJxFtK4Jpump,1787077008640683,1,1,0,True,True,FULLY_PRICED_5M,True,True,0,
8aM5uquSuunJFo25zafzHr72AF4BTbWiz78rwYqpump,1787076999663459,1,1,0,True,True,FULLY_PRICED_5M,True,True,0,
3S27EpFcXVMghvMxsBNKYsZ4sKug1pUsmY1fBXrBpump,1787076997025113,1,1,0,True,True,FULLY_PRICED_5M,True,True,0,
FW4v33A3x7GTTDZBQxozWfPkxnJ3eowM3cye7uLNpump,1787076994933369,1,0,1,False,False,NO_PRICED_TRADES_5M,False,False,0,VIRTUAL_SOL_NONPOSITIVE
Di1EMmx93SbFcWymKJAiW3h8PfSss7XbzDrH6Epgpump,1787076994719409,1,1,0,True,True,FULLY_PRICED_5M,True,True,0,
7VPDdPcjYp3h49sqMHtMtCppxqDhg8dDB1n5XLdppump,1787076993468615,5,5,0,True,True,FULLY_PRICED_5M,True,True,0,
34x9M7rcmv9ycDA8LdcX8cfmR7THWKPxX1zUxXX1pump,1787076988336740,1,1,0,True,True,FULLY_PRICED_5M,True,True,0,
7G5QwVrFkRu4QmDB3nAkqjxJFsBx9WYwm1eGBGmMpump,1787076974566902,1,1,0,True,True,FULLY_PRICED_5M,True,True,0,
Au9ZAJ7nR3xtB9MXiUy57X4Z1x9RnyJGK5jkXMropump,1787076963689573,6,6,0,True,True,FULLY_PRICED_5M,True,True,0,
EoD9acf25KrHhJb7ime8nr3NyqDnf1stUMk3pyDZEmtS,1787076960342469,9,9,0,True,True,FULLY_PRICED_5M,True,True,0,
AssE3k56q7kSPZSSnrtxXpnDvDn4n5MuwCAhARVopump,1787076960231170,7,7,0,True,True,FULLY_PRICED_5M,True,True,0,
BW7SPidghGfjYSCkVEGXTm2stHAhPLgm3sv9kVtBpump,1787076956920968,3,3,0,True,True,FULLY_PRICED_5M,True,True,0,
BxaBbACnyDobzDzAGSDx6AwzoCexk4vx1SdpK6C5pump,1787076949703219,1,1,0,True,True,FULLY_PRICED_5M,True,True,0,
2wmaWULyFCsfSuBreB2z6Rvqqqqj2CfyamaVJjV6pump,1787076943341810,1,1,0,True,True,FULLY_PRICED_5M,True,True,0,
7jJUtWKJziKAhF9WLmm8Sfni1Xcz82bsYiKPVEeqpump,1787076937955256,1,1,0,True,True,FULLY_PRICED_5M,True,True,0,
DTv3pz8peeZkZdvoHxHvJ1JUhty6ts9SGvfC4kGzDnn8,1787076937874263,3,3,0,True,True,FULLY_PRICED_5M,True,True,0,
FStDTDuGtYYBwVRZ18S6TYcoDiiEqVMiorrK89fqpump,1787076918169386,1,1,0,True,True,FULLY_PRICED_5M,True,True,0,
SndJGLp57MtRWUrDDhZGT2p4mxmMsV7eyDoQkgMpump,1787076915573781,2,2,0,True,True,FULLY_PRICED_5M,True,True,0,
CDhGbKqXPEgh9PvwwwsVaPTJ7XwFh8Jpo7XzY6Zdpump,1787076911184046,5,5,0,True,True,FULLY_PRICED_5M,True,True,0,
4guznapky4xswi8Qoc16HGf3k3hoFD7yEbKxEZyGpump,1787076908754179,1,1,0,True,True,FULLY_PRICED_5M,True,True,0,
HCnZgsFH45ZGR9irM6D5R2dTdFF2hcHBc9XeRXDcpump,1787076905893683,1,1,0,True,True,FULLY_PRICED_5M,True,True,0,
ByCuLLJYnaBXgDiQ7tpir9MDpNMtvDzjrQdf3JX1pump,1787076903523423,33,0,33,False,False,NO_PRICED_TRADES_5M,False,False,0,VIRTUAL_SOL_NONPOSITIVE
V8pwrntDFeYXVDDSS3H5NygoudcHbToB8Q37mQFpump,1787076892365879,1,1,0,True,True,FULLY_PRICED_5M,True,True,0,
HQ9bG7FeTWVbFvKEvXonjHc5CJVjVFNXG8tveE9icyvZ,1787076883466961,1,1,0,True,True,FULLY_PRICED_5M,True,True,0,
CpxmLWH1bN8Mddbj1WX583BoJrwAQTucvDFe6eBhpump,1787076873978195,4,4,0,True,True,FULLY_PRICED_5M,True,True,0,
5MHeqv63kDyREwMxGSbxG6w1tNR4jePekNMbP1NfNmca,1787076871704104,1,1,0,True,True,FULLY_PRICED_5M,True,True,0,
GtVFV7BQzhUtEeBW3Qr7pzw4hgw6xBhUGnKDPbWXpump,1787076869900846,24,24,0,True,True,FULLY_PRICED_5M,True,True,0,
PeBVYRsRQZAiUoSnBXXhX5E9HUgBZyDURWrerYcYgiz,1787076860112732,2,2,0,True,True,FULLY_PRICED_5M,True,True,0,
BrtFjxbryd56QRziBsN18qAcd9iRtrMuDZQF8DVH2ix4,1787076852956403,10,10,0,True,True,FULLY_PRICED_5M,True,True,0,
BXrAJKpAcGJt2NACiXdt5wHwEi2KukWTAbgmjeKUpump,1787076843123845,1,1,0,True,True,FULLY_PRICED_5M,True,True,0,
EZG1FtAVKbvK7bFcUcvekGbx5MQyjzWQraEqJJeapump,1787076822253485,6,6,0,True,True,FULLY_PRICED_5M,True,True,0,
9caYv4QJPXPNBG8ghnbLdXowyuVzfVkB8Y4a4umpump,1787076813200179,1,1,0,True,True,FULLY_PRICED_5M,True,True,0,
HYcZNR8fUdUFSAW2PmgivxuQU2avfUwX6XmeQKPepump,1787076798197776,50,50,0,True,True,FULLY_PRICED_5M,True,True,0,
7De9qBYKGiqnJA3dU6Pv9sjZyvXecdZNfRK8dNtpump,1787076795776241,1,0,1,False,False,NO_PRICED_TRADES_5M,False,False,0,VIRTUAL_SOL_NONPOSITIVE
CXt2iDWiovFYk4fTMnx5wEve98fQGfBgiqmfvVxHpump,1787076791189570,4,4,0,True,True,FULLY_PRICED_5M,True,True,0,
AXF1HmVmXa2d7WJzANJpERtdTSegsw9kBHdgK3H1pump,1787076788568616,1,1,0,True,True,FULLY_PRICED_5M,True,True,0,
6pMDSx3dC9gAFgFyb19DgaBpdP2q1mv3w4Gj4sRn5n4X,1787076785957575,2,2,0,True,True,FULLY_PRICED_5M,True,True,0,
4tDwumTUKbNMskmbYy31fTJ16a1Aeb9KszNWxsiNpump,1787076780921528,6,6,0,True,True,FULLY_PRICED_5M,True,True,0,
gRrXUqdki1PQ5UC7EP64v6wjUvEfftEN98VDHexpump,1787076776706717,1,1,0,True,True,FULLY_PRICED_5M,True,True,0,
43dbNPdxKfU3ZkJteR9U84dGGc4SkGcVDLjEzU3gpump,1787076770860729,5,5,0,True,True,FULLY_PRICED_5M,True,True,0,
8P3CGNvDiKnS2AeVq8UsYoKyNLRUg2Ym3RgZESpgpump,1787076768813863,1,1,0,True,True,FULLY_PRICED_5M,True,True,0,
BhK74qDZfCkrGQcCg2dDs7zzBHqfozanGWdCqaoFpump,1787076766818542,1,1,0,True,True,FULLY_PRICED_5M,True,True,0,
4abDctU61kwGd6DnTdBaoiMhqWigzKtzRnvvJSXjpump,1787076762473765,1,1,0,True,True,FULLY_PRICED_5M,True,True,0,
Vy4ubHnSteumfeo9wfTakoXgzuaARAu4JuQAuhFpump,1787076762430766,2,2,0,True,True,FULLY_PRICED_5M,True,True,0,
6GjaJ5K56DRhyv9P2x9piKPVywstfyj6wiqXTYxspump,1787076761058765,98,98,0,True,True,FULLY_PRICED_5M,True,True,0,
3KmQM1KsU9s6GQtas4WqbpdinXnQJoviqP1zEh94pump,1787076758113669,12,12,0,True,True,FULLY_PRICED_5M,True,True,0,
HxDaK1KV9z8thXN6qudgL9KY65X9zBsSZgekK6Hjpump,1787076758042668,19,0,19,False,False,NO_PRICED_TRADES_5M,False,False,0,VIRTUAL_SOL_NONPOSITIVE
8NXGEqwWMNKxv4HuGyAB4tyuc6xDrb44TToRB2Ddpump,1787076755603301,24,24,0,True,True,FULLY_PRICED_5M,True,True,0,
HPympp8tJvsgGphbHy41MiB2R3eYezLgZoXRontGpump,1787076755507302,6,6,0,True,True,FULLY_PRICED_5M,True,True,0,
HNsS8GcTpK77erjuHRMEXeE3aJ8zXhNywehLjfzDpump,1787076753933559,25,25,0,True,True,FULLY_PRICED_5M,True,True,0,
2sgCEaV8PdZ4GTwYBLKPMABdmZvPrSPdpMhrdtT8pump,1787076752814768,1,1,0,True,True,FULLY_PRICED_5M,True,True,0,
6JrhJ1TqGga75G2iw8PzdXrJwqm7qunTjRAymsTipump,1787076752733769,1,1,0,True,True,FULLY_PRICED_5M,True,True,0,
EzL6hy8z79dv674kGipoL8VnEokQ5931iMk6Hj2zcN15,1787076752622769,2,2,0,True,True,FULLY_PRICED_5M,True,True,0,
FX3KeFPPMcXB644Jg9rymb1Y1rs1aGD4CCGxxftqpump,1787076752509768,1,1,0,True,True,FULLY_PRICED_5M,True,True,0,
2chAqtRahMc2H4FbPsrBtjAYVNZzg9KTEfXRTeYSpump,1787076752394767,1,1,0,True,True,FULLY_PRICED_5M,True,True,0,
5boMjDyxC7JFJNyJSpatdatWeFAjwHwSQfjcFT9jpump,1787076750942013,5,5,0,True,True,FULLY_PRICED_5M,True,True,0,
Ht4jGHzj6ySM4EMvffNF4bY3iwKLvACETAyG5hwPpump,1787076749909278,5,5,0,True,True,FULLY_PRICED_5M,True,True,0,
8SQ2kAo4oqmEwjgXgcLV8oib2Qo8w6KMhcLuAqhUpump,1787076748667756,4,4,0,True,True,FULLY_PRICED_5M,True,True,0,
mbsUkVJNN3n1docGZZxRAA2vT67j4b3i3Uv6g7dpump,1787076747032946,2,2,0,True,True,FULLY_PRICED_5M,True,True,0,
9ofSHjkKaBxkbZ6WtXPfrtTWZ739sMdtpSk3pdW4pump,1787076745477206,1,1,0,True,True,FULLY_PRICED_5M,True,True,0,
J4xP2GWnTcXEPkDsumSbjU2sxaDYD7mebqxvxYicpump,1787076744184625,12,12,0,True,True,FULLY_PRICED_5M,True,True,0,
AKgLZJ7ZKtSZJbHUTcsqGjNCeU5hdkahUbk8ZxBLpump,1787076744135624,3,3,0,True,True,FULLY_PRICED_5M,True,True,0,
AmU1A4AHMXYZgo7oBWFKUNVFdD1RRL71DG44JhoApump,1787076742908875,12,12,0,True,True,FULLY_PRICED_5M,True,True,0,
CHnFDNY7yjALt3UswGt4z7r4JaJ47v7nzXjJgrgbpump,1787076742817880,1,1,0,True,True,FULLY_PRICED_5M,True,True,0,
DR5stLQ1REsfUmNxB6882NEmJuXVFLVad2Jetnw6pump,1787076741566361,16,0,16,False,False,NO_PRICED_TRADES_5M,False,False,0,VIRTUAL_SOL_NONPOSITIVE
5H3yawFnDbCr9yGXtbp6SL7tQRKXQCQEBDki8XjCpump,1787076741485363,24,24,0,True,True,FULLY_PRICED_5M,True,True,0,
51XG8a5nVP1C6ussXiS5uhCN62qLfzQhpcxqZ1Bxpump,1787076741426362,1,0,1,False,False,NO_PRICED_TRADES_5M,False,False,0,VIRTUAL_SOL_NONPOSITIVE
bqxeDEw8MtMvAra5RmfcMD7Nqz7vt18ZPzCHfxVpump,1787076740154423,19,19,0,True,True,FULLY_PRICED_5M,True,True,0,
K5fvUGDgUJTCivcLbKyy7L7Msmd8x7rDYQkwUQfpump,1787076740038422,2,2,0,True,True,FULLY_PRICED_5M,True,True,0,
5faGDXwbiBq5miEMyuv79tXd8oFMgpAFMXGA7Xexpump,1787076739821676,12,12,0,True,True,FULLY_PRICED_5M,True,True,0,
2UdWPq4SvnFrUJtcmdiHt54JbYTMkavd446LZdHDpump,1787076738559451,3,3,0,True,True,FULLY_PRICED_5M,True,True,0,
FHhPcCkRZRbyaKQn6uN1Uf5jYadvnFzohGxjWmSHpump,1787076738467446,13,13,0,True,True,FULLY_PRICED_5M,True,True,0,
6L23brf3xkaSsD5mpG49rkdYWpUF7Pb2pujhqJcLpump,1787076737243715,2,2,0,True,True,FULLY_PRICED_5M,True,True,0,
4MSpPMLsCDGjo161D1BpnxDEtr1wTHNMiHSrev9upump,1787076737035198,1,1,0,True,True,FULLY_PRICED_5M,True,True,0,
Dipy9KTCX53GEjRpPxh3dn6Y6tcN7mrf3vL3To6Qpump,1787076735823607,2,2,0,True,True,FULLY_PRICED_5M,True,True,0,
DQxaq3uzLZifBuKwyN33zZFqEgVe5A13Rtzm1SAFpump,1787076735615608,3,3,0,True,True,FULLY_PRICED_5M,True,True,0,
2VLVnUfyU4UNvbZCZUfVRLGJKQRJS9UQ5mRSswwgpump,1787076735559613,12,12,0,True,True,FULLY_PRICED_5M,True,True,0,
6VQxvirCSMXkidzYPaH8hheoujCx3qAwidbNe685pump,1787076735541611,7,7,0,True,True,FULLY_PRICED_5M,True,True,0,
ukWSz1Bx9ZPeQCU5UcFmP1nuVuDw1YRXNkxEphRmHj4,1787076735521612,1,1,0,True,True,FULLY_PRICED_5M,True,True,0,
J9F3kEV4o3MNMDZ941k1pMv6dizd1LisSVj9uRGPpump,1787076735480607,50,50,0,True,True,FULLY_PRICED_5M,True,True,0,
DrkPf7FREMSJT3BubbLWzgr6eYZozXeQpdEKugBHpump,1787076734205874,2,2,0,True,True,FULLY_PRICED_5M,True,True,0,
GDFGRFA98nsJYD9SYyWuk4YDXV73ffP211JKFRVZpump,1787076734153361,17,17,0,True,True,FULLY_PRICED_5M,True,True,0,
EVvmWSviacYbdi2HmywGMcsL72b3dps5JjXiduR3pump,1787076733912823,46,46,0,True,True,FULLY_PRICED_5M,True,True,0,
7qsyyPBvvVGayoNibVcaqNu5ePpg9ftxQUUxCpRKpump,1787076733893819,16,16,0,True,True,FULLY_PRICED_5M,True,True,0,
A1qj4xebzHwjM4gz9LqLGYWLkXyRJdZX6kEQqCCbpump,1787076732797823,2,2,0,True,True,FULLY_PRICED_5M,True,True,0,
KjzjkuZ8r6BBkQBPNsgSGsmxppwFmPbrgWcnGpnpump,1787076732649822,32,32,0,True,True,FULLY_PRICED_5M,True,True,0,
Fusiy3cT5ZTVkmFZyTQ1kLFDZ8otdcB8C4R1S8pC1S7L,1787076732484044,18,18,0,True,True,FULLY_PRICED_5M,True,True,0,
6nZgBu1Un7t9VcLkKN5PNMXSxEhYFLDsAwL6JeF1pump,1787076732446047,1,1,0,True,True,FULLY_PRICED_5M,True,True,0,
49bo69QPveB1wCWWgUQYfkMr299VZmTtctGfimuVTuUY,1787076732365043,23,23,0,True,True,FULLY_PRICED_5M,True,True,0,
5w2zL6fRKxxfBNu2nYC7EUFyeKreAYH9sWcJY1Bxpump,1787076732356042,31,0,31,False,False,NO_PRICED_TRADES_5M,False,False,0,VIRTUAL_SOL_NONPOSITIVE
24qYt9vrVyp6T2EueAURGymF9MrpnDH6ceedMi9dpump,1787076732349042,37,37,0,True,True,FULLY_PRICED_5M,True,True,0,
8Ra4Rbqfn3dDSzvVBWV9Qbxh95AzCNvJ3QPxLAAYF5yf,1787076732291048,12,12,0,True,True,FULLY_PRICED_5M,True,True,0,
99vYtpjVMtRN2P6fKykci6ehtWnKM61ZcBLmbbV1pump,1787076731230011,1,1,0,True,True,FULLY_PRICED_5M,True,True,0,
8wDRMU2vkVjSgXQZ6mwF6uzH6cHtvTzxxL8AZ7Dbpump,1787076731023006,1,1,0,True,True,FULLY_PRICED_5M,True,True,0,
Egzjvops7QCrSpoLs1cbH9Jh78zxx2RfEu7HaVfypump,1787076731007007,25,25,0,True,True,FULLY_PRICED_5M,True,True,0,
FBPK8CoKzipKzVxE1KZbC98B4DMQ3qLeGtXgVy5tpump,1787076730977008,1,1,0,True,True,FULLY_PRICED_5M,True,True,0,
24qYL6eQCpyN8WvBcVM6wUco7w14cvcYxw1koMtmpump,1787076730761884,77,77,0,True,True,FULLY_PRICED_5M,True,True,0,
EseYwg2iVJju6u3H4gE5bH8N9uWDqMsTWU8nAV1epump,1787076730714882,75,75,0,True,True,FULLY_PRICED_5M,True,True,0,
A6eQxu4uXKsEcLfX4Dy8rDzwLmqkACMaSfnMuU4Ppump,1787076730693883,48,48,0,True,True,FULLY_PRICED_5M,True,True,0,
H64hLpEnAAuHoKgzei5HFt217CEpmx9UPMoRtquCpump,1787076730687883,1,1,0,True,True,FULLY_PRICED_5M,True,True,0,
CciwZdzuutzcihRxzZtX4n8s73q6WgDPktXPoZ7Wpump,1787076730661882,71,71,0,True,True,FULLY_PRICED_5M,True,True,0,
8kC6xAByh5KyDxrWH1Y9PWkWP3p3RVyfo14XzuQ3WN5M,1787076027408792,1,1,0,True,True,FULLY_PRICED_5M,True,True,0,
Cau7ZY9fZn9GWYrjCMGiQuNr7fETQZUfcUve5wPiVDnh,1787076027361842,1,1,0,True,True,FULLY_PRICED_5M,True,True,0,
EVhtQSkjMHPwyTm6zpBQJR2ow9QyWxBP6mJEKV5Kpump,1787076004517652,19,19,0,True,True,FULLY_PRICED_5M,True,True,0,
CaZu4YyRfVqMBynVd2o7LQeDQPGayu6oJQLV3QT7QKYU,1787076000099268,5,5,0,True,True,FULLY_PRICED_5M,True,True,0,
24qTzcFU4LHbnCD9jif6nrpn17M6XayF7C5CPVzZpump,1787076000093754,7,7,0,True,True,FULLY_PRICED_5M,True,True,0,
8A8XE8AseWxQEGaaZ4Fw5eqitxThPcYSd9mDuF5Dpump,1787076000087241,1,1,0,True,True,FULLY_PRICED_5M,True,True,0,
4fhMyvMaus6ujEhbt6VbS5Pnyf8CbvXWLJdW4JvZpump,1787075997755261,1,0,1,False,False,NO_PRICED_TRADES_5M,False,False,0,VIRTUAL_SOL_NONPOSITIVE
CHRskLZjjcuETHRbyWNKvx4Mt333GuNHrZw1WJrLpump,1787075990754537,1,1,0,True,True,FULLY_PRICED_5M,True,True,0,
EUF4Cetz7HzMV7stvk8SmY9rJhZx3ZLZcq5T4aDEpump,1787075988317637,13,13,0,True,True,FULLY_PRICED_5M,True,True,0,
D59vie5vZirj2KQJ9N8qGpchJAWoi8v4ozp1gvygpump,1787075988288600,1,1,0,True,True,FULLY_PRICED_5M,True,True,0,
BewgSY6zvcEupzqRm8c9sN7ZHTF2m6d9Uyk9iZYBpump,1787075983620514,5,5,0,True,True,FULLY_PRICED_5M,True,True,0,
FRBtgoEpYwX9sWoj3Z2KpE29QBFv6ubYafCHWtrupump,1787075979295198,1,1,0,True,True,FULLY_PRICED_5M,True,True,0,
EG3oUzy57mbCMaxtKXKRZcvNBmeCALjqpmvXfV71pump,1787075976500841,5,5,0,True,True,FULLY_PRICED_5M,True,True,0,
9e8gnDsBka6uCgUju82pxhDcdnMVfYifXjN495YWpump,1787075971614243,1,1,0,True,True,FULLY_PRICED_5M,True,True,0,
2ftPYD79z9EW67uK7b4K1H9JmoVdjJxD43fnxK4Apump,1787075968796474,2,2,0,True,True,FULLY_PRICED_5M,True,True,0,
Fs47a5ugFPHNGj3FNGVeh8Vfv4uPaAsc6CjQuNfepump,1787075966348583,1,1,0,True,True,FULLY_PRICED_5M,True,True,0,
5W4wTbCRQsC4oKUbvYA4xkvaRMETxitwoYi9NbT9aYg1,1787075963918780,1,1,0,True,True,FULLY_PRICED_5M,True,True,0,
CRxxqEPLGwoST7noV76Nsfte2UgVN8XYixMhZbWSpump,1787075959015459,2,2,0,True,True,FULLY_PRICED_5M,True,True,0,
89g2tcdkwicNhppRinFEdifK4EDm2pcHBUTymcuTpump,1787075951635587,1,1,0,True,True,FULLY_PRICED_5M,True,True,0,
2vBhhhZtnmMyjrFqqTPGNu3JKyT31tmPiTymg4wgpump,1787075949015597,13,13,0,True,True,FULLY_PRICED_5M,True,True,0,
6crppbS8d8xQHeA6wbe1FwHL2TRcchPztfEWE6jkpump,1787075932151958,45,45,0,True,True,FULLY_PRICED_5M,True,True,0,
6qFcpEmZ9ggd5Hqn5GRL8umUrRh9ateNMKDKPhs7pump,1787075927233418,50,50,0,True,True,FULLY_PRICED_5M,True,True,0,
3MJU3RRDdA5ayFeX1dq7vnbqA8mBLMR9umz5GQgLpump,1787075927231418,1,1,0,True,True,FULLY_PRICED_5M,True,True,0,
2JbGQU9hj6taNRqPHGvniJ7tD2MSNVyuqFbWYSMfpump,1787075924515153,1,1,0,True,True,FULLY_PRICED_5M,True,True,0,
GubeDzpSydvXbP52bNLqXRKiGapnvB1JUobYM7j5pump,1787075924514151,1,1,0,True,True,FULLY_PRICED_5M,True,True,0,
6Ywgrn4tpunQ25YAoQyuZkjGpSL2TzDKoyQYYgrcpump,1787075919277470,6,6,0,True,True,FULLY_PRICED_5M,True,True,0,
8rgBCz31kFMX9t6owpwEZRauudeY3HXCLB1HJUTxtaKF,1787075913832742,17,17,0,True,True,FULLY_PRICED_5M,True,True,0,
FEPGE8twpBKmJduyqUrsfcosNXb9iauH4SAjNTeNpump,1787075906074956,1,1,0,True,True,FULLY_PRICED_5M,True,True,0,
Hf5MDX7vCdXVbVdUeqMUe6bCGQU5uqygKevooXwqpump,1787075903237401,1,1,0,True,True,FULLY_PRICED_5M,True,True,0,
9N872gyHMcbZgVkVNLLti4m6WJo9Sam7imGGW89pump,1787075888446271,1,1,0,True,True,FULLY_PRICED_5M,True,True,0,
C983zsBpasUwhAj1s1ZA9DhF8ogyATxkjNe8uQxfpump,1787075879664766,3,3,0,True,True,FULLY_PRICED_5M,True,True,0,
CJFyaCyjZ6dwscrLKZAiQ7AeXRFm74u4KgG17S3fUqSU,1787075875432028,1,1,0,True,True,FULLY_PRICED_5M,True,True,0,
HzgqDreTWWBvikLxHPVTM1cKbNyP1TWoPZMKxK1xrHac,1787075867903091,1,1,0,True,True,FULLY_PRICED_5M,True,True,0,
2dY1HxXdKtxoD2Nb973UiFFVSVzwSn2kHAQzwi6mpump,1787075852384831,53,53,0,True,True,FULLY_PRICED_5M,True,True,0,
DZ1w2NWZpFR4hGGSvFaVLTxWdWsB6Mpxumzg4Eiopump,1787075843364688,1,1,0,True,True,FULLY_PRICED_5M,True,True,0,
F8RWF26ffeeUgKFnG5XgkKbh1vzpQsrsXuGewq1Dpump,1787075836212537,2,2,0,True,True,FULLY_PRICED_5M,True,True,0,
BRaxsZoYg6scR2hekHexTfgyLnpopySWqPLcW4o6pump,1787075821440949,92,92,0,True,True,FULLY_PRICED_5M,True,True,0,
BuE9duiToFMfJ6q3wCn3d2KrzdrefqgN71kaTwtUpump,1787075818970422,1,1,0,True,True,FULLY_PRICED_5M,True,True,0,
EeYis5gvhm5KhtwetHC62uvBbZ1cerZNvoFasAPkpump,1787075817588473,1,1,0,True,True,FULLY_PRICED_5M,True,True,0,
HHEK9pFCXbK6GevCgBkTTzHdpdMCr1PwEFjioxh5pump,1787075812865899,22,22,0,True,True,FULLY_PRICED_5M,True,True,0,
9RnvWbNFkuSmiPkACof4SWcJ679fCY3jDC6gvZxZpump,1787075812823794,1,1,0,True,True,FULLY_PRICED_5M,True,True,0,
Bf8inNx9RpCFRZbSrVHnLse3Bz3da8ea4kMzhtxxpump,1787075802114415,4,4,0,True,True,FULLY_PRICED_5M,True,True,0,
G6cyLHD84wq27a3vsz5Cv27nQEsZ1BxPZy4mZiEdFDpc,1787075797803732,1,1,0,True,True,FULLY_PRICED_5M,True,True,0,
C1M67zE9dxmrf8SDWPjrFE6PrSedYGqeqejnhv8Lpump,1787075795138313,1,1,0,True,True,FULLY_PRICED_5M,True,True,0,
H3Zo4YogAkrTMZAxtvEPFtBPeQhuDFShsWRZW5xHpump,1787075780189824,1,1,0,True,True,FULLY_PRICED_5M,True,True,0,
DmQLCaRESq57oG2UNpj8CDg55qk5E7e6AkKECbHNpump,1787075748616857,1,1,0,True,True,FULLY_PRICED_5M,True,True,0,
7ZURh5pqthsy8bf5iMA4XaiG7HcGPbSoc2z8eM8Dpump,1787075742254447,4,4,0,True,True,FULLY_PRICED_5M,True,True,0,
5TKLzmmgfPYUL6FqFJ7CYt6JEmvkjSBoe9hncqyfpump,1787075737313542,2,2,0,True,True,FULLY_PRICED_5M,True,True,0,
3o6W4NWhCteMYMe6cdJBqzb88fjsasdjCA4UgZFypump,1787075725916250,2,2,0,True,True,FULLY_PRICED_5M,True,True,0,
ANTNNteL2Y9aAH3QpfskEP9bA6nmCf3GcnEGGAGupump,1787075715380808,1,1,0,True,True,FULLY_PRICED_5M,True,True,0,
CHUyKXcdU6USovWmb4ikLQQn5uuev8h21hF9pKTgpump,1787075699304044,1,1,0,True,True,FULLY_PRICED_5M,True,True,0,
4Cq5i7ELg61b4hZi3NrgbJ4zudfnX2HtWzcWE3k4pump,1787075692055657,13,13,0,True,True,FULLY_PRICED_5M,True,True,0,
ArKXtdcsf3aeZ5nshQ85t9rRyFmtnJz3w1ek4wTmHwsJ,1787075689911562,5,5,0,True,True,FULLY_PRICED_5M,True,True,0,
4b788FNwvYeuysUxNdKTHQ6hdsrYj3gUe2d3qE88pump,1787075689844937,136,136,0,True,True,FULLY_PRICED_5M,True,True,0,
GyW1EgMyxW8d1bZNWWxZjJdhdx1HzXgUAccGXTg9pump,1787075687473986,32,32,0,True,True,FULLY_PRICED_5M,True,True,0,
5yKHRzV1bnbXw1oEZWYsMS9dKd8Pd57ZYdMAKw7vpump,1787075669985152,1,1,0,True,True,FULLY_PRICED_5M,True,True,0,
CetseNCz6So4U3E4GG2nWpmwL9tBJXK56cvgvZH2K9Mh,1787075656552368,1,1,0,True,True,FULLY_PRICED_5M,True,True,0,
GZ6QrYCQqhWZJVshypJ7jCMhkhaYg3gCR69LcUQ7pump,1787075635759513,1,1,0,True,True,FULLY_PRICED_5M,True,True,0,
9EZoqpsVNqrniz49LzTX1xdxZY7byxpz7PrHmC5zpump,1787075624956613,12,12,0,True,True,FULLY_PRICED_5M,True,True,0,
GgZPG1q4hwenR1jPXYEoUcZ1x6Wfp5fh1gtBwHKApump,1787075584564263,1,1,0,True,True,FULLY_PRICED_5M,True,True,0,
2hXJdbf1Dy6bkdYCPP839iSjj7pmhzWYzjAtLmqAnWs7,1787075582629775,3,3,0,True,True,FULLY_PRICED_5M,True,True,0,
AyPDUKiXCiJUhRuKhknsKP2U8UgwnyYVSoa5zbSRpump,1787075580460822,13,13,0,True,True,FULLY_PRICED_5M,True,True,0,
AtWRb8wvXdaLzDNtCfS8grQkDewzTsKc37Q2wgWMpump,1787075578014485,35,35,0,True,True,FULLY_PRICED_5M,True,True,0,
Cj4yFhy4jNymTqcRPCDrqgGF5dQQap82X62LDejrpump,1787075558775954,49,49,0,True,True,FULLY_PRICED_5M,True,True,0,
dVoHZhxVXgg5LF7FoWC7WDAGAJArHC6wEANLLMrpump,1787075556628178,24,24,0,True,True,FULLY_PRICED_5M,True,True,0,
DRxgQyzd7V2eaaxL278jaPvuUdBpB6WQnaM3QVoHpump,1787075556623669,3,3,0,True,True,FULLY_PRICED_5M,True,True,0,
FAA2ddSX2h5Qpg2ptbGLsciEnrhX3G4Dhzn9J4m1pump,1787075554191028,1,1,0,True,True,FULLY_PRICED_5M,True,True,0,
GuFGBdwmTmVZfhQbArPKa1muVzk1hCJvXXq5xBX2pump,1787075554175655,1,1,0,True,True,FULLY_PRICED_5M,True,True,0,
FVypwdeDovpCS1pcbYveVEix56v7S1RX6g7Cntjhpump,1787075554114083,1,1,0,True,True,FULLY_PRICED_5M,True,True,0,
AncUjVVrrTsJEJ5Hg3FuDCV9hkWbvpoQDPVZ4FURpump,1787075551671450,14,14,0,True,True,FULLY_PRICED_5M,True,True,0,
3RDE4b4da9sw6HEBn3iNT3Tt3Krg1VvPm7b1BfyXpump,1787075551647415,1,1,0,True,True,FULLY_PRICED_5M,True,True,0,
5YSmdm479Y61WebJANUc4qA3aZKNq3kcmNNpyBLhpump,1787075551635398,1,1,0,True,True,FULLY_PRICED_5M,True,True,0,
PnqzLyzBH2pb4sDMF63EYSLpb6Tr5UXpBBSdqKEpump,1787075549341506,1,1,0,True,True,FULLY_PRICED_5M,True,True,0,
G2pg2tKm1qah4uKY6dE26iEuPxmBMMFtZRSvU2qtpump,1787075545114953,1,1,0,True,True,FULLY_PRICED_5M,True,True,0,
GC2EQr5cjkW2r4CKrgwzJxopYt1wWTvnPYZkvoM12i4z,1787075540153949,4,4,0,True,True,FULLY_PRICED_5M,True,True,0,
7Ps68NVAxPzffbvpLPG7Y9XkT5bRjbUaPh6X11Espump,1787075540139444,1,1,0,True,True,FULLY_PRICED_5M,True,True,0,
3f5sNCXhDAbiz8NeCLqfMuuKAr1ioX9i7CtFN273pump,1787075537811199,17,17,0,True,True,FULLY_PRICED_5M,True,True,0,
CDNNmy2ZS3kRstTavZPtPZrj5zArr5mQYG9buEN4pump,1787075537792671,1,1,0,True,True,FULLY_PRICED_5M,True,True,0,
5XeS8XS795aTbQw5pBLGsPSP2cMYG32LKxqi9nAPoZNL,1787075535265696,1,1,0,True,True,FULLY_PRICED_5M,True,True,0,
9vh92kwJt2TueKH5yjosdkU6U7vW5yg1771qSHr8pump,1787075530840972,1,1,0,True,True,FULLY_PRICED_5M,True,True,0,
24qTdqh1XJkaQCYCpEGrBfvLE47jJZ8hQrgRK4g5pump,1787075530838973,64,64,0,True,True,FULLY_PRICED_5M,True,True,0,
Dj1C6x54BT7dWaopjj6KbudhJJ6v5HzMNeLKLCWKpump,1787075530830465,1,1,0,True,True,FULLY_PRICED_5M,True,True,0,
DNgoSm54mvNoUVfPKU6NmjH62YxrCKaVGuUk2Uc1pump,1787075528278377,2,2,0,True,True,FULLY_PRICED_5M,True,True,0,
EShAYDpWrBorZuoRWgUi2AZHpBoMSaasAWt8FvjC3ByA,1787075525994436,1,1,0,True,True,FULLY_PRICED_5M,True,True,0,
DmKFzHmTFqnKqkWJBzEhUfNqPyENwBjwFVCFiz55pump,1787075523475976,1,1,0,True,True,FULLY_PRICED_5M,True,True,0,
H79oBnLgHACfSgZMCqahBgFtpAFkZdmUwsz8nKgWpump,1787075521054497,1,1,0,True,True,FULLY_PRICED_5M,True,True,0,
7daz5rMaLiUZvAvNeGBacEDWztKHKoeSLuVjrZwZpump,1787075515945853,4,4,0,True,True,FULLY_PRICED_5M,True,True,0,
7GZFGoStSuxHuHzMhL7MTSyXTRAmiEHsRSM4DrPAXL3f,1787075515940837,1,1,0,True,True,FULLY_PRICED_5M,True,True,0,
C2uQWiRQykbRHgXwehnpm7kQBBobg7ZhmwkcHFN9pump,1787075511496263,2,2,0,True,True,FULLY_PRICED_5M,True,True,0,
5icdwMwcvc1j2GNXHSpRsrCmnyXfMc5d36ai9EzBpump,1787075511478759,1,1,0,True,True,FULLY_PRICED_5M,True,True,0,
PBci5T2yKXKYnAZdePM679aN3XfPhcjzYqZwodHpump,1787075509120503,4,4,0,True,True,FULLY_PRICED_5M,True,True,0,
G4RD3cSR94crK7ZYSJERK6JVFCpQYFgsPutP8Vtpump,1787075509113444,1,1,0,True,True,FULLY_PRICED_5M,True,True,0,
ANV54inHuFLtovYbW2LAWZvgKwRtZRkcw2L9faw8pump,1787075503893784,1,1,0,True,True,FULLY_PRICED_5M,True,True,0,
3dDtBGsnUsBVPajTVaYUx7Ctpx9J1Q4Tpj1nqijsSaoZ,1787075503888782,1,1,0,True,True,FULLY_PRICED_5M,True,True,0,
9iHUhaCZ4KywLo4Nm7rz8SnPtavK2Qngdubctafwpump,1787075503855397,1,1,0,True,True,FULLY_PRICED_5M,True,True,0,
HFBiadz9qtmtiFHmpS4RY6uKxRMaLJcXCho9t6kApump,1787075503840892,1,1,0,True,True,FULLY_PRICED_5M,True,True,0,
9S177eG4Vj4S4DkkdG3fJzMSbiMusCAPEsifoeN7pump,1787075498668472,1,1,0,True,True,FULLY_PRICED_5M,True,True,0,
91LmKTWhPDRJfDQrySSJJRccVC2tqRbJmjnthr7Fpump,1787075490773356,2,2,0,True,True,FULLY_PRICED_5M,True,True,0,
A3tZFsKeSrdpUi8RUMzx9wEsvbut3vUbhte28qCNpump,1787075485611055,1,1,0,True,True,FULLY_PRICED_5M,True,True,0,
7Pbp8NC4ChScpweytXuf68NjARHgBRt4XiUeUVjEpump,1787075485551654,1,1,0,True,True,FULLY_PRICED_5M,True,True,0,
3476h4NMJaVAEE8P1c396dBKguBcaiGUfAjv4ovZkRJN,1787075482941893,1,1,0,True,True,FULLY_PRICED_5M,True,True,0,
7y5FrogGb7BKdM4pD7UToWkRoJiY8ZVDmLjxxnvgpump,1787075480060358,1,1,0,True,True,FULLY_PRICED_5M,True,True,0,
GoEUPw4XAY7xnWALHdmdvSo9ZZ5gog78bHZzkHwkpump,1787075480044754,1,1,0,True,True,FULLY_PRICED_5M,True,True,0,
43MA7FqaVT6hYKSZyK5LvWP2zwJgNPayjhN9KFZDpump,1787075474982679,36,36,0,True,True,FULLY_PRICED_5M,True,True,0,
HhDU3cBbsjU2CdEbvJA2pGJuuMP8324SFA3EobhZpump,1787075474956129,1,1,0,True,True,FULLY_PRICED_5M,True,True,0,
24qSzoohRodnTfjYgCWNeE1TSDvXcPeKZd48FGrLpump,1787075474949623,3,3,0,True,True,FULLY_PRICED_5M,True,True,0,
AXLwHWF3p7arQh5bYVedTb87yCFD15H9fZ1nc3Ffh1m4,1787075472181426,4,4,0,True,True,FULLY_PRICED_5M,True,True,0,
5orYcs6TNvs3FymKCdrb7ueZ6fYZvYFbpeaZ6Hnwpump,1787075472159401,28,0,28,False,False,NO_PRICED_TRADES_5M,False,False,0,VIRTUAL_SOL_NONPOSITIVE
8EnJjePVFYburXMekR8te4DzautjCmTUSYiURZfmpump,1787075472152887,1,1,0,True,True,FULLY_PRICED_5M,True,True,0,
6U2Sebj6bVmVJemAZQmmUEGPtsa4wD877AzhbUuupump,1787075456783555,2,2,0,True,True,FULLY_PRICED_5M,True,True,0,
8zhxps4AVopErrn33FHSsjX3JdnoZWkGDV64abi5pump,1787075456725049,1,1,0,True,True,FULLY_PRICED_5M,True,True,0,
EswuGgXhNaC9JtsJZfTRiLCbSZAPecYGdeZmdeP2FU1x,1787075451720975,2,2,0,True,True,FULLY_PRICED_5M,True,True,0,
HTugdzVxqKC9JKxcbJkNgU5XjWy9reFDsBprsauupump,1787075451694394,1,1,0,True,True,FULLY_PRICED_5M,True,True,0,
F8pRz9Ex4njrgAGQ95utMBv9jR4maCwuJLfHGgftpump,1787075427125831,1,1,0,True,True,FULLY_PRICED_5M,True,True,0,
6Cyr8XEU9cr3nqrr5TS55R2eoKuMBFnDa9ZfvCzppump,1787075424857788,3,3,0,True,True,FULLY_PRICED_5M,True,True,0,
HLmNBcj8p4XT5P8bqQ7ukAuYAngw8ognkCXf7xkWpump,1787075420137715,4,4,0,True,True,FULLY_PRICED_5M,True,True,0,
DMDY4WjX38ijbnHc6r2yJq9yjALjv5A3TQyxpAnmCHei,1787075410662548,1,1,0,True,True,FULLY_PRICED_5M,True,True,0,
68VpXuLLiTD2R2mKoM3v1ivuFSqF8aYEaqDA7B7Ppump,1787075410629984,3,3,0,True,True,FULLY_PRICED_5M,True,True,0,
GyLS9mXH36mMeKs8yF4uRjiTPyVyrLP1muZbARqoJ2Eg,1787075410625462,1,1,0,True,True,FULLY_PRICED_5M,True,True,0,
83hRny8zHusrVZ2oocL5G8jbuKnLzKYTLKEjK2Acpump,1787075407732864,3,3,0,True,True,FULLY_PRICED_5M,True,True,0,
2DVqPwXwS6DghFa9UYvHMaJN8Gq9ysPNQdhPDNmGpump,1787075407704314,232,232,0,True,True,FULLY_PRICED_5M,True,True,0,
4uwANpFmRdLoNJHRsW4Ev3tBHzxU6n2SzzaVrVWjuSsr,1787075404807488,1,1,0,True,True,FULLY_PRICED_5M,True,True,0,
3Et87r59AhUKag6i4g7uGEAPFScHfDJH5Tq29taLpump,1787075402273781,3,3,0,True,True,FULLY_PRICED_5M,True,True,0,
EMuedahN6RHrMuoxgkhqmjC9Qaz63QbZp94DYhMipump,1787075402264421,1,1,0,True,True,FULLY_PRICED_5M,True,True,0,
39UJDWZdyhECADHvttJnowdxttVMWzxNma1rfP1epump,1787075402237330,17,17,0,True,True,FULLY_PRICED_5M,True,True,0,
AWqthmYvrf5MUG1WQ4RJQ8nSMCgk8tdyA658W4Kdpump,1787075397329524,1,1,0,True,True,FULLY_PRICED_5M,True,True,0,
9pi8H2kDjfi7iMMdW2G8d7VfBcm6sqrcPjt5PGuopump,1787075393066817,2,2,0,True,True,FULLY_PRICED_5M,True,True,0,
GeQKPF7U1m2wjGGpoQgNpf6BmbKEZ3kRdRRaxW4mpump,1787075390524857,1,1,0,True,True,FULLY_PRICED_5M,True,True,0,
E8Hc2yEPn1oATBdoU9jiwoCQZcfLcwhPTVD5ATFkpump,1787075390494593,1,1,0,True,True,FULLY_PRICED_5M,True,True,0,
9Juo3NXCWzGXzYdUvUAoUFBWCKPXRxYvu3pLRyhTpump,1787075390474942,1,1,0,True,True,FULLY_PRICED_5M,True,True,0,
8C7CQXPwJA83NQ2KUpsbwKoSvHwJkZ8nGMnUx9AUpump,1787075387708997,5,5,0,True,True,FULLY_PRICED_5M,True,True,0,
Cd1CBv62g5gYiEaByFoZYL2oBqx83ZKoUDhtTvtMpump,1787075385376167,1,1,0,True,True,FULLY_PRICED_5M,True,True,0,
8FSCq37JCWAj2oJx7BGEw3MCSC6HPWWmL3YYoidKoeCg,1787075385302588,4,4,0,True,True,FULLY_PRICED_5M,True,True,0,
D3P7pLLBjTdFX6MKMZCteuyeDbxcmEJDrpLeEhtWpump,1787075385276541,1,1,0,True,True,FULLY_PRICED_5M,True,True,0,
ApRd598H8bd6sKCqQ1VD2iv9o5GNXsd6mJqFfUzopump,1787075382502648,2,2,0,True,True,FULLY_PRICED_5M,True,True,0,
BEEg3A5f1imRXFw4LFQ3Q1pwwiTRU1CcTtJPhuGTpump,1787075382479330,1,1,0,True,True,FULLY_PRICED_5M,True,True,0,
77rLUvQFF2CmANCjBfDAjakHS6XUoCneP3xJdWj1pump,1787075382441265,117,117,0,True,True,FULLY_PRICED_5M,True,True,0,
DHGo6daR8JE258JCbfgfLXKDtJYnh4cYA3Kw3tV6pump,1787075379906503,1,1,0,True,True,FULLY_PRICED_5M,True,True,0,
BVCRjVvcV912JZVubefJy5yqsTHKZtCEU8RduxHxpump,1787075379871185,19,19,0,True,True,FULLY_PRICED_5M,True,True,0,
8D1ZUqaqrFbtLnLimrHK2MvNGVCakZz2p3SkKzYPpump,1787075374492449,5,5,0,True,True,FULLY_PRICED_5M,True,True,0,
94jr24VopQWta3JAx2ZNc8CFF6GWiCiPatjaGct5RAFp,1787075371816870,2,2,0,True,True,FULLY_PRICED_5M,True,True,0,
4nzZoxSEFFuVqAVEUHPZvfjnj5Gb9Jy8Dd2ZhVJCpump,1787075371798354,3,3,0,True,True,FULLY_PRICED_5M,True,True,0,
6YaQdjat66iLNmy1EC6iLASVYV8spofzCa9NCejBpump,1787075371790850,1,1,0,True,True,FULLY_PRICED_5M,True,True,0,
69XQTv8FcLHXzyYDpJn4N8zT9mDjTxLD7bruNivtpump,1787075371766810,1,1,0,True,True,FULLY_PRICED_5M,True,True,0,
2vg5ecSWQHSwfD7ztZVLbjZejvFgQmRX38oKWqR2pump,1787075371751300,1,1,0,True,True,FULLY_PRICED_5M,True,True,0,
2NEKYBCdnDkCmA2GvRUx7UMKzSXQR76qvFiJkQmjpump,1787075371745784,19,19,0,True,True,FULLY_PRICED_5M,True,True,0,
47ipuCdyRkugRjHNY6pAZJryfrcRJwcPdFwhDdt2pump,1787075371737264,1,1,0,True,True,FULLY_PRICED_5M,True,True,0,
36r6vzALPGWBPDRPhJqnBPSDaUnj4QpVhxT5FhWLpump,1787075371718740,4,4,0,True,True,FULLY_PRICED_5M,True,True,0,
FoPbZP2gZgKPgB7jaykv6Dzq5au23iGQQPLka42Jpump,1787075371690313,1,1,0,True,True,FULLY_PRICED_5M,True,True,0,
D98Po9gT13M71hesLDEcPaW3PBbZME7LzhxCSgMqpump,1787075369072822,16,16,0,True,True,FULLY_PRICED_5M,True,True,0,
BQB66kEaGXwsNCsUc8oAMsXtsTz4y3DA1sCu2o2Cpump,1787075369020353,1,1,0,True,True,FULLY_PRICED_5M,True,True,0,
GkPnQThFemCoF5ni61H7Ztb7Cw4r1SW5jdkWS5SWpump,1787075367224377,1,1,0,True,True,FULLY_PRICED_5M,True,True,0,
A1Gkjicmwgn86tFtwtoWaS1gRJ46JnR6hzuEoVzrpump,1787075367205355,1,1,0,True,True,FULLY_PRICED_5M,True,True,0,
2nQjwJJXJ7JoX6dXwTx87ZkvmWWqFfwneqNb3SGbpump,1787075364748788,1,1,0,True,True,FULLY_PRICED_5M,True,True,0,
FvF2P6HN8avEcxpUg3MnyK2tNzTsHuMrtKzYvPGXpump,1787075364743280,1,1,0,True,True,FULLY_PRICED_5M,True,True,0,
8YVvvg2R7XNybapng2zt9bVjgGT81SyUJXqLquvLpump,1787075364723254,65,65,0,True,True,FULLY_PRICED_5M,True,True,0,
Ks76wr4BMLCJePgkGvQ8vZiVm8ah9pyPh6p3ixCpump,1787075362018837,21,21,0,True,True,FULLY_PRICED_5M,True,True,0,
C61JhU11MUzhSnCFUDDT8utCByFtohmaUn9fRySpump,1787075362014331,89,89,0,True,True,FULLY_PRICED_5M,True,True,0,
5HAk96NLjJ3d4nepp68ALDy9hg1E27C6FwvB6jjPpump,1787075359438837,135,135,0,True,True,FULLY_PRICED_5M,True,True,0,
45WbgEWZwAFJvSfKfQwM3PEChK9CyTqKfqF1NJt4pump,1787075359390200,23,23,0,True,True,FULLY_PRICED_5M,True,True,0,
5UmH46uvnH6m7CFRRtaY5797kMG4KZPsYH1xBPgdpump,1787075359365150,1,1,0,True,True,FULLY_PRICED_5M,True,True,0,
71TPZoZJXA4ns3twKQbN8GEzxxSbyGfMybyBGS9opump,1787075359347133,83,83,0,True,True,FULLY_PRICED_5M,True,True,0,
24qTV2t2o6PAPRdf5Pys354wJNYfTsW4XYdkPT21pump,1787075359347133,72,72,0,True,True,FULLY_PRICED_5M,True,True,0,
FwWinWxnmg9sdiqKZ5kS8EY369K1EgPyPELKqzV8pump,1787075359346134,71,71,0,True,True,FULLY_PRICED_5M,True,True,0,
ATKYLArzqRhf5kwEBemv5e53oTG7Pq6dKA7dNecXpump,1787075358007065,285,285,0,True,True,FULLY_PRICED_5M,True,True,0,
F2YW3WFPeFrrqUjuexHCGbVJjpyWYu1kHv3RoQerfomo,1787075357997034,23,23,0,True,True,FULLY_PRICED_5M,True,True,0,
J7Ro3NQxbfT49NivMjT9SkGmewva2V26rUd6sz7Qanon,1787075357991037,31,31,0,True,True,FULLY_PRICED_5M,True,True,0,
AKFaNF97ctHh9t7vriJrgACtgpremHyYkxNNyYk7pump,1787075357960590,51,51,0,True,True,FULLY_PRICED_5M,True,True,0,
9EUXqAo2B2mET2ug3GUSCjxKasoyiFYSG9isC8vFpump,1787075345318671,2,2,0,True,True,FULLY_PRICED_5M,True,True,0,
BCatLoG4P9xr6F7CA7dDY9heA5RABbXQzEfb48Ecpump,1787075345279139,2,2,0,True,True,FULLY_PRICED_5M,True,True,0,
DT6kSgLhmahMoNopntty3RrwEH55FASKfYTPFib8pump,1787075342872861,1,1,0,True,True,FULLY_PRICED_5M,True,True,0,
CxDFo9s33FCBnQr5Ti4sHoGrdZqhadFhk1X7UG7Npump,1787075337993838,1,1,0,True,True,FULLY_PRICED_5M,True,True,0,
2HHq1bqn6emXu4Ey4RNYuDZ1xu94nEWXUL9dJinXpump,1787075337892007,1,1,0,True,True,FULLY_PRICED_5M,True,True,0,
3tWvggJJyfZJdfCNhdbSTXkzAUcW3C7sE5WNwZgHpump,1787075335601625,2,2,0,True,True,FULLY_PRICED_5M,True,True,0,
2G2nzP4dZGo31btdopbpiQFfKFV1pDi1Hpb64FE2EE6h,1787075330807385,9,9,0,True,True,FULLY_PRICED_5M,True,True,0,
HQNmDLAxBWVpHi81vh6fUTdBJFUpgP32LAPjJMWqpump,1787075330777623,4,4,0,True,True,FULLY_PRICED_5M,True,True,0,
9LxAbNwZXEBg31P2ydmrSdvYbVJRdoRMMAqQAMPPpump,1787075326015941,1,1,0,True,True,FULLY_PRICED_5M,True,True,0,
FE7zaMfnoxMQogJgmX9Mu3vsA2LUeqfJwGVhqZ9mpump,1787075325960817,2,2,0,True,True,FULLY_PRICED_5M,True,True,0,
9DAqz5EqHQBzF8jon8eY5pxP4nak54aUhqXFUUDBpump,1787075316464004,1,1,0,True,True,FULLY_PRICED_5M,True,True,0,
BeHJkoVVgX6bQ8g1LLmpmfqf6pExNQVcr2BVWRrSpump,1787075311733722,2,2,0,True,True,FULLY_PRICED_5M,True,True,0,
HCJ5EvTSj4oUCkwJLQ5dsyzYgdmtBP4PTkAnFj5vpump,1787075307223978,2,2,0,True,True,FULLY_PRICED_5M,True,True,0,
CdYKzjpd3FdVTyhJmBcUoWUaQiqrud3r8zFz36dTpump,1787075300725852,1,1,0,True,True,FULLY_PRICED_5M,True,True,0,
2apyTAKUwX6dj1RkMN4MWNQ2uLus1L7NWAYfua93pump,1787075298029718,1,1,0,True,True,FULLY_PRICED_5M,True,True,0,
3hQzx1Ac5YhRXXWjvj1wApcAMta57f5igoDX7r8epump,1787075290966414,1,1,0,True,True,FULLY_PRICED_5M,True,True,0,
AKujSjaByeH9esE4zCxMMkHm2Fr8JcFN3JkpqBKrpump,1787075289287621,2,2,0,True,True,FULLY_PRICED_5M,True,True,0,
Eb8fruA7sA3F3zUS1G1uckk6ddB8VSARHr9LaNFfBCki,1787075284596956,1,1,0,True,True,FULLY_PRICED_5M,True,True,0,
2DjMaVtvEp1U56HysTsKH7DEsJWAZ7xk2nffgygvpump,1787075282163883,1,1,0,True,True,FULLY_PRICED_5M,True,True,0,
CqpN8uqoq8JPr2S3j8HLjKspoM8gxXKpL92PTendpump,1787075279506493,2,2,0,True,True,FULLY_PRICED_5M,True,True,0,
Xi82hKSnL8wtCf9ZxDpx8VDiXCb9qsJKR32mEDGpump,1787075277292687,1,1,0,True,True,FULLY_PRICED_5M,True,True,0,
8CghaJVr4fGoA4A8ag2uosDKKxwV1sGbtx8yFY9rvs3v,1787075271678285,1,1,0,True,True,FULLY_PRICED_5M,True,True,0,
9Y1uzqsFKLwG1N1d5CzwFPufJL519h8zeLtUwo4mpump,1787075264782089,1,1,0,True,True,FULLY_PRICED_5M,True,True,0,
5xQvxN9Jzvukbfv9zrX93DVM7djWFqWYtNrgpKRupump,1787075259133516,2,2,0,True,True,FULLY_PRICED_5M,True,True,0,
46KZnTEkDanXDfxcbviw6q3uSGrGguU9wZhwth6Apump,1787075251580444,1,1,0,True,True,FULLY_PRICED_5M,True,True,0,
FcUbZgyw1FWNnVyWjU129V7hpkqtdR5eUGpjkd45NhYQ,1787075251565419,1,1,0,True,True,FULLY_PRICED_5M,True,True,0,
4LkDHTHvbS6g6DU9vBgxsF6SJ9YLtSPyefgT9PXMpump,1787075251512566,2,2,0,True,True,FULLY_PRICED_5M,True,True,0,
7LBMEfb4SMKepTwuUvzWk2pUujGK6hjR94zVXpZf5yWH,1787075251489530,1,1,0,True,True,FULLY_PRICED_5M,True,True,0,
B8qUT5opU1cbDd545qejxGqrTj5Mr7aCiwhTBnkeFzgp,1787075249158998,1,1,0,True,True,FULLY_PRICED_5M,True,True,0,
CrE13eFzYLn1b8pxdznuDnp1ygm8CLGn119NMJHepump,1787075246546587,5,5,0,True,True,FULLY_PRICED_5M,True,True,0,
AkhVRhDu9hf9onXjTzUuvTWvS3fNKSRpx6F9focZpump,1787075239582000,24,24,0,True,True,FULLY_PRICED_5M,True,True,0,
3jfhPzFgHPwYHgGL1MNYfHkzdNY2MnCwaeNmTkjNQHa8,1787075227406731,1,1,0,True,True,FULLY_PRICED_5M,True,True,0,
9eZnJ6SE3iWDgCinsrktQsXGDc3VxawFJaQWEQvcpump,1787075221846281,2,2,0,True,True,FULLY_PRICED_5M,True,True,0,
P4UYt7ezP2Zq5ixfhwXqhDbqbMG7tVbr11Hnt5cpump,1787075217417239,1,1,0,True,True,FULLY_PRICED_5M,True,True,0,
HBKiLLUCQLndQpEKQny4mBJacsaxWS8aX8J2RBAvpump,1787075217370081,131,131,0,True,True,FULLY_PRICED_5M,True,True,0,
Asv6UmvS4sFEc2R9FfchgQL4RrANMBS41h6VwS51pump,1787075217323514,1,1,0,True,True,FULLY_PRICED_5M,True,True,0,
GW8BcpVSpjUH5L8L1V4URgEAYSDsW9kxPUecwLskpump,1787075210061806,1,1,0,True,True,FULLY_PRICED_5M,True,True,0,
8EUB3ofNDxcdFqmkzgWXk5L1x1pnZQt9GYX4oYkwpump,1787075197999731,1,1,0,True,True,FULLY_PRICED_5M,True,True,0,
ABxvjozT52vs2VghFYmXBHXK5nvtMtcZLcEhXGrxpump,1787075195900183,57,57,0,True,True,FULLY_PRICED_5M,True,True,0,
CVxJZ8n3fhpqZiaxVSZQkzk2cYz9xcHi4SKLhZxJpump,1787075195872292,1,1,0,True,True,FULLY_PRICED_5M,True,True,0,
EjZ2UASzvDq8XmHid8PPSqVM5pjbEyrNp5qzPjTzpump,1787075193306410,44,44,0,True,True,FULLY_PRICED_5M,True,True,0,
2neu677KoQDWtR2sdQHZ7VZ3HsDvFaxf5Egh7233pump,1787075181714873,1,0,1,False,False,NO_PRICED_TRADES_5M,False,False,0,VIRTUAL_SOL_NONPOSITIVE
DRBJpu8NHqAShWokuDkXmS7KMZmhT9YQRRSnTVc2pump,1787075181653148,1,1,0,True,True,FULLY_PRICED_5M,True,True,0,
31qCKdWuiGDFRNM84yAtks1Tqa7c3mksk8HqTpPAgxRf,1787075172186001,1,1,0,True,True,FULLY_PRICED_5M,True,True,0,
FFu5HxZUc4smMkgcPju4b7ynhUTNLUNkCE1Ka7HF8pJu,1787075166627018,2,2,0,True,True,FULLY_PRICED_5M,True,True,0,
2QRCvcDVa9VPisBNGMoHYRSb7XHS1UdQZGbAEXrfpump,1787075156903750,4,4,0,True,True,FULLY_PRICED_5M,True,True,0,
HvpiGCpVG6Rp76QJkw1mDY654KUYC6VpiCR8pGzSpump,1787075156868524,5,5,0,True,True,FULLY_PRICED_5M,True,True,0,
4FpYzhDnYuUNvw9nHEbticUtFVzHTtzzmuAEj6FGpump,1787075154259779,1,1,0,True,True,FULLY_PRICED_5M,True,True,0,
ABc8a65sCRhWZZHrNcXn5dZgrsJ26fvXBb6HwTu5pump,1787075150032799,7,7,0,True,True,FULLY_PRICED_5M,True,True,0,
J78tUYJ7TDbMs5Nef5LzKUoGXYtNxtCs1Vifb3ypump,1787075145154378,3,3,0,True,True,FULLY_PRICED_5M,True,True,0,
2wCP4inY1TwaeWreEfWmS9wGJwQxGFKooPG7HkcApump,1787075142935880,2,2,0,True,True,FULLY_PRICED_5M,True,True,0,
6JcD9szZaP96tKjKGd1Sajsy2hR4WVc1VWAcEyVopump,1787075140468650,2,2,0,True,True,FULLY_PRICED_5M,True,True,0,
31NQLN4hG8eNqa8s9keaL7mDdJHjffwfmx3LphM7pump,1787075133197607,1,1,0,True,True,FULLY_PRICED_5M,True,True,0,
BHehuqfeeWh9ztVBy1FQrn9kGK9WHTuoymhpTSjipump,1787075115009217,1,1,0,True,True,FULLY_PRICED_5M,True,True,0,
3amvkZh2Y84NkfBE1fHY28rdSjoRSNZfFsRHsDS43Vdv,1787075101395666,1,1,0,True,True,FULLY_PRICED_5M,True,True,0,
8mZ2XnTbvLeVsvp9Ehgjd6BU6eZr3MqqirNJccSmpump,1787075083431665,1,1,0,True,True,FULLY_PRICED_5M,True,True,0,
CrtoRnVjHXuDJJ83nteNHdnkCx4jM7oeSuEAxqEBpump,1787075073169420,5,5,0,True,True,FULLY_PRICED_5M,True,True,0,
AM4oHgAiWtCzq4BLoZSy1uizXbQ3fpWEUA6FbtVRpump,1787075070564489,1,1,0,True,True,FULLY_PRICED_5M,True,True,0,
AbWJhQzLhBBkSQRiY8Da61zyKN9JgUqJczEN8NHKpump,1787075065509355,7,7,0,True,True,FULLY_PRICED_5M,True,True,0,
7bqhXptzL1K3EitH7kxXsGzJJzkA7LfbJ39BwhaQpump,1787075060320560,1,1,0,True,True,FULLY_PRICED_5M,True,True,0,
8y4tkSS8EGaBND8c6wEoBsVsefUfLFHg2eKAGskxpump,1787075060320560,8,8,0,True,True,FULLY_PRICED_5M,True,True,0,
3H6LaB87n2B7rA7R5wxsTMmPgg8dGH12YnwerQLjsR2f,1787075055231899,1,1,0,True,True,FULLY_PRICED_5M,True,True,0,
76LSALDFZLvMLwS1F1UjL8pYgX2vKqJgETsJ8pj6pump,1787075043329703,1,1,0,True,True,FULLY_PRICED_5M,True,True,0,
HcuMC8wWbMeN9oLSUVMo21A1jQyfHrRC5DZG7xxTpump,1787075036629980,1,1,0,True,True,FULLY_PRICED_5M,True,True,0,
487cJVEC2Xw4376jXaHSCUvmbX46QqyKhFE6UN3spump,1787075013798601,1,1,0,True,True,FULLY_PRICED_5M,True,True,0,
3TCRJhPgxahZ8NVeC3rTajM3b5NPVcAmbVeQkwV7pump,1787074996721507,7,7,0,True,True,FULLY_PRICED_5M,True,True,0,
GVcdHB2tq4aJnskWPF84q8q9n8c9qpHJzgG5RBsbk8x8,1787074983772870,17,17,0,True,True,FULLY_PRICED_5M,True,True,0,
24qRCC1X9TZ3K9gTXVnQjFjh4gtSy7xiRpaaXdFepump,1787074974502344,40,40,0,True,True,FULLY_PRICED_5M,True,True,0,
5Yy89FQ6jT17dv8fMCr7MZcNiohs2nph6BoYXQScpump,1787074969089475,1,1,0,True,True,FULLY_PRICED_5M,True,True,0,
AkcFEkme23WCfJ4wRBZwMxTv8ierh7mxyYbLH8Rapump,1787074956831365,31,31,0,True,True,FULLY_PRICED_5M,True,True,0,
658D5UHA14mVmp8J6UUkb9T8u3G4VUgUDKy4f2zh3u6x,1787074954310588,13,13,0,True,True,FULLY_PRICED_5M,True,True,0,
8jtpDVU4b53Ne3dRUJE77NpwJocecEoZn9CCLcGDpump,1787074946582526,1,1,0,True,True,FULLY_PRICED_5M,True,True,0,
AYsGEZCd5uBgc7aXnV8HAmX8ne3QLdDuLPUA2hhApump,1787074944344498,5,5,0,True,True,FULLY_PRICED_5M,True,True,0,
CbRUyNSxqZwN2VYvUe8vEP5wB4kXwd7Bc3ZzEfcPpump,1787074939416848,1,1,0,True,True,FULLY_PRICED_5M,True,True,0,
CYdHHXoQk9rDEg2JoQhb7hGH4Ze8R6Jh6ewubbUWpump,1787074939402711,3,3,0,True,True,FULLY_PRICED_5M,True,True,0,
EoHpE9L3s9V9in6nrg1ZtDKnxkcxumy8XzCHyed5pump,1787074936755817,3,3,0,True,True,FULLY_PRICED_5M,True,True,0,
CuCSJi1HvAkeiq4pfh84ZQpMPVVkyqCGmaDrUh25pump,1787074934381984,2,2,0,True,True,FULLY_PRICED_5M,True,True,0,
CjjFca21d1eiBsRzmySpu1DNsXBX3A9P2wtpcuELpump,1787074934374698,7,7,0,True,True,FULLY_PRICED_5M,True,True,0,
93ovBmR6X1UdoGz3amD6HE9vREQ2rV9TF6SyZ5aepump,1787074930039636,8,8,0,True,True,FULLY_PRICED_5M,True,True,0,
GdkJoVZ1UBCV5rjfJzxFmaFBrWRKeLZY3H3Dcpfapump,1787074929956571,1,1,0,True,True,FULLY_PRICED_5M,True,True,0,
GccaCYPdPDZSBDz61FLmtAVQU8MrSbWenQc64E3Npump,1787074927762702,39,39,0,True,True,FULLY_PRICED_5M,True,True,0,
FzbjHbn9kz4PiecQ6ybQv9y1FGvxfnCZDQwJgBmmpump,1787074927586956,5,5,0,True,True,FULLY_PRICED_5M,True,True,0,
AhKEUjNfhncSCSfxTFtA4tUZbqJm4yvExqVN58nRHryi,1787074924840252,4,4,0,True,True,FULLY_PRICED_5M,True,True,0,
DZd7Cci9CD78bXkBT7JCHwKYqKes2yngnBcx4f6opump,1787074922382541,4,4,0,True,True,FULLY_PRICED_5M,True,True,0,
4navMf8Pf1ixzsQUded6W4hkgxSCvBtfpjt9qdQ3pump,1787074914688956,46,46,0,True,True,FULLY_PRICED_5M,True,True,0,
BSio4otAizTD2K2z3htEmqKLDuRAxcsc9GztemMNpump,1787074909091937,22,22,0,True,True,FULLY_PRICED_5M,True,True,0,
C8gjcqKWjbkSyeSM6jU1jk6te2nghMEVMWdf9t76pump,1787074909005393,10,10,0,True,True,FULLY_PRICED_5M,True,True,0,
CNdPbYMdTWAYR3nDtxJP8PvqEmLQ2YgwKgnhC1bcpump,1787074906425053,13,13,0,True,True,FULLY_PRICED_5M,True,True,0,
5Wr3m8QpTqqn1idrQvp3iNPa4f8hviBji5A9aEVapump,1787074906284161,29,29,0,True,True,FULLY_PRICED_5M,True,True,0,
6XAwvXQmZn2NmEFYRnrCUiPWx8gm4TykZGhX7VR9pump,1787074903975939,19,19,0,True,True,FULLY_PRICED_5M,True,True,0,
Agot2HXjh68MjHXr2xnutQ27BxoP3gfmL92QvCaKpump,1787074903709837,1,1,0,True,True,FULLY_PRICED_5M,True,True,0,
8dYQJwHsvCak4vJU2hHcAWYfsQWgw7ND5VEVheBUpump,1787074901877246,12,12,0,True,True,FULLY_PRICED_5M,True,True,0,
Gf7xhK5AKgAoFrx3QKrf3ujaawxNrPGoPCQZGLhUpump,1787074901808869,22,22,0,True,True,FULLY_PRICED_5M,True,True,0,
CLrxx8QYRwokap6Seg2MN9Ju4aFYn3WTrqJB49XZpump,1787074901792845,1,1,0,True,True,FULLY_PRICED_5M,True,True,0,
Ciqjvap1Rn5zoP1tcsDufWyZH3xsGtkqxTsjXipvpump,1787074896624491,2,2,0,True,True,FULLY_PRICED_5M,True,True,0,
7m9efqvT8uAgWXG6PA7YL6iHBguiBS8GXvodSsdApump,1787074896563579,8,8,0,True,True,FULLY_PRICED_5M,True,True,0,
89gHGNANPENbuS93MhXCj9czPyuQTMduEdG3u4RQnfGr,1787074896534037,2,2,0,True,True,FULLY_PRICED_5M,True,True,0,
562R3gCfPZunx86X2nSo1n2VPFRiX16bxRsq2tccoWG7,1787074893888329,14,14,0,True,True,FULLY_PRICED_5M,True,True,0,
24qQuaGtRT856q9AFZJHyCxi15Sx25jE9hBNFh7Ypump,1787074893773618,7,7,0,True,True,FULLY_PRICED_5M,True,True,0,
2t55kaY1c9x1jtafy1vA5UNYH9oaSjqmRhCphKAFpump,1787074893762096,7,7,0,True,True,FULLY_PRICED_5M,True,True,0,
7hza9NUTV61zgUHedmVdJtYoUCqyH2arnqZBrodkpump,1787074891435949,1,0,1,False,False,NO_PRICED_TRADES_5M,False,False,0,VIRTUAL_SOL_NONPOSITIVE
7HXh5o355GnCzHayKuYNMY91UiPzE9YLA1BTQgE5pump,1787074889665675,58,58,0,True,True,FULLY_PRICED_5M,True,True,0,
7EiTAzsbxdpZUH6kGJHfL9x1PHLjV8Uw4oAX41tnGhj8,1787074887232694,13,13,0,True,True,FULLY_PRICED_5M,True,True,0,
GKYyXsxGHLrDhboVACVZBoNp9jL8uFTpjfiwyBkC7PkJ,1787074887148527,1,1,0,True,True,FULLY_PRICED_5M,True,True,0,
F7r6embpY1e92qa9tGnmn8zCrGQGMd7tuGJhtcPupump,1787074887082587,1,1,0,True,True,FULLY_PRICED_5M,True,True,0,
j7SR8yMUfPx8WVDcxFovmzWUiaPA3owpGj1ciXfpump,1787074887075071,175,175,0,True,True,FULLY_PRICED_5M,True,True,0,
Epph9prVPCXQbxriAUTQWqchv5RTj8mWt1cSgWABpump,1787074887014989,4,4,0,True,True,FULLY_PRICED_5M,True,True,0,
F2VnGF7woKHK9Tkcedy494aburdMbCTwtXzFEY21pump,1787074886999779,109,109,0,True,True,FULLY_PRICED_5M,True,True,0,
M1S6GxVAij2gaGyr5tR19uZCpyWkHstv1kBjNEipump,1787074886982246,6,6,0,True,True,FULLY_PRICED_5M,True,True,0,
9yTDqz417id8jruXYgVdRLsgodY9FT7n4sMJnfywpump,1787074843913077,3,3,0,True,True,FULLY_PRICED_5M,True,True,0,
G5fnJx3Xom6ycmo1EP1szbgbyBSQ8YRwvLXeTq7hpump,1787074833107752,1,1,0,True,True,FULLY_PRICED_5M,True,True,0,
62T7rgWptCEh8XyyR5BH5eU5hMYjqXw9Ra16Tp5mpump,1787074824979628,2,2,0,True,True,FULLY_PRICED_5M,True,True,0,
BXZKmkQj677uZjG9Ak7ASqNX14Fc2RzWzWgX1pQod1cW,1787074805931828,2,2,0,True,True,FULLY_PRICED_5M,True,True,0,
ECbmqN5UYEQWTwdATCEAABmQhVnWBpEVJa4Kwdmdpump,1787074803125411,1,1,0,True,True,FULLY_PRICED_5M,True,True,0,
6GnPvo8mLMxpsD6YzpvcwW5JFW9KLZeqBnqUnTMLpump,1787074768186762,3,3,0,True,True,FULLY_PRICED_5M,True,True,0,
E3CYcoAh3XRApBahsDq7rdBX5CvmSCN9ruq1r8iApump,1787074762874584,3,3,0,True,True,FULLY_PRICED_5M,True,True,0,
Bw22pQm9guDJbvkA5hpr91kaqSgAbamsC2LjbWtBpump,1787074758049584,3,3,0,True,True,FULLY_PRICED_5M,True,True,0,
BtVxNTNeU3CWd4ep1ja29dd5xGnXZFeuZiyuQJqopump,1787074752290098,1,1,0,True,True,FULLY_PRICED_5M,True,True,0,
2PfDWTwoxAGePS3aY7Y3vV2FhaJoCQVuQrBtVgSvpump,1787074725799485,1,1,0,True,True,FULLY_PRICED_5M,True,True,0,
C7vFafRvgAUwXa5NHTg27mjbnVnEC1uTKXAfc3RJ5iV2,1787074718243861,5,5,0,True,True,FULLY_PRICED_5M,True,True,0,
sP8rznqCEHuxNwvmJPJDbyw6JXEqaKQfTiGySkcpump,1787074707837968,1,0,1,False,False,NO_PRICED_TRADES_5M,False,False,0,VIRTUAL_SOL_NONPOSITIVE
AMikPZMtMgiuJM7FY3vyTRqoUjZv38pwcTuwC9mhpump,1787074704561610,1,1,0,True,True,FULLY_PRICED_5M,True,True,0,
Cr6eCtFxVCMjFmSs9xtvs37EVj1NZm8Zsk1Wj6E7pump,1787074702124655,3,3,0,True,True,FULLY_PRICED_5M,True,True,0,
7fT6V7rn2sN5RHn3q5R76WbgsUYxsdRMoDk9Tmexpump,1787074686917556,79,79,0,True,True,FULLY_PRICED_5M,True,True,0,
5v1AcSWe341Lx4gCDTKccACatWG9QBL8NjeZja76pump,1787074679314430,33,33,0,True,True,FULLY_PRICED_5M,True,True,0,
GNN2FfVP6zK4QpyokUmTMCJtUcNumrtxjYGiE3R8pump,1787074676491566,1,1,0,True,True,FULLY_PRICED_5M,True,True,0,
6X4XETRPAQ8nzCu8Sd7n3qsZW7PE1B4dTKt7TSw6pump,1787074658085730,11,11,0,True,True,FULLY_PRICED_5M,True,True,0,
CTNhdQ668UNQm1PcSf92ZZjS7GWqCTHvoyYw6fPZ2uhA,1787074645048519,3,3,0,True,True,FULLY_PRICED_5M,True,True,0,
DfQWQdpmED1C7Yd1NYEoQRQftm8zPBX68WRz6Taw3bmr,1787074631173861,1,1,0,True,True,FULLY_PRICED_5M,True,True,0,
8pEEoFsNfkriDVCBqjWprkverjy8wce2VphhWyWSWevc,1787074612707967,6,6,0,True,True,FULLY_PRICED_5M,True,True,0,
F14LrtK9fkKc3AsFSctpDqtYbJM5dWWPrPyik6uvpump,1787074581726115,1,1,0,True,True,FULLY_PRICED_5M,True,True,0,
2PPbVpUibgpk3Z77vctnGFy7XmjekEKZDJK2kfSSpump,1787074573725467,2,2,0,True,True,FULLY_PRICED_5M,True,True,0,
7VbX73kLJSyaAgcY9R5DJLxsVZd1eX3hPDMEmHMHaZtj,1787074571272462,222,222,0,True,True,FULLY_PRICED_5M,True,True,0,
GzCApBeSvLABtnjsZjhs7nmWPSicdjPYXR5PZwdypump,1787074559048228,7,7,0,True,True,FULLY_PRICED_5M,True,True,0,
CSuYWqiUgPoZyd3XbRcYpcHLsj9Y1W68vZGQT3unpump,1787074555736262,2,2,0,True,True,FULLY_PRICED_5M,True,True,0,
2DzaY8JsyKVs8ziDPFLxRkGgoFTqxmNuwKRtYXcwpump,1787074544410553,1,1,0,True,True,FULLY_PRICED_5M,True,True,0,
8EYfSF93MiiH9gQmvdJdiKU6k5o23nxmb7tLDREXpump,1787074541523385,6,6,0,True,True,FULLY_PRICED_5M,True,True,0,
DKAUEeRzjuSvBdy1DaiSksqFoPoaCqdxeajpUPbNpump,1787074528327190,3,3,0,True,True,FULLY_PRICED_5M,True,True,0,
DbwdNnEzi9hD2P7RJQK82ivDDeinWDEoH87a2554pump,1787074519791969,17,17,0,True,True,FULLY_PRICED_5M,True,True,0,
DCvevheRctueH3dHDQSid9KzJgAJEh8acUJgTEVqpump,1787074516603314,2,2,0,True,True,FULLY_PRICED_5M,True,True,0,
HMkBNZWxBNHAEcpVweWTKbCqyBMJfp4hb7BJ8Hztpump,1787074511130907,7,7,0,True,True,FULLY_PRICED_5M,True,True,0,
DvRoafGRApkKJW44JtMtb1tUb5iUrZ9yFBy6USBSpump,1787074508558301,45,45,0,True,True,FULLY_PRICED_5M,True,True,0,
4DvRmjC7quoLecw7DGZvZZ64V8bj6bBD31xfHzgfpump,1787074497384630,2,2,0,True,True,FULLY_PRICED_5M,True,True,0,
J9Kz7bkXMmJZQuLnn4CdUXpDMi9HpcB4B4HdEeQipump,1787074481784339,14,14,0,True,True,FULLY_PRICED_5M,True,True,0,
5fmWt6XZQMF4tCoP9RurvxGU8quiUJ7Q7Qp9Dyfapump,1787074478814895,1,1,0,True,True,FULLY_PRICED_5M,True,True,0,
5uVuCHVRNEm8R9AQXrBeJVVpz33jmeHSCrcfRHk9pump,1787074467157821,48,48,0,True,True,FULLY_PRICED_5M,True,True,0,
5wS4D62gwXBzgFmxZTyvhLEQAu6mAZuoGqppg5Yepump,1787074464330440,1,1,0,True,True,FULLY_PRICED_5M,True,True,0,
CW9La7oZyyDot6yKuh4Dg4DhFb5MabKni4n5NDP6pump,1787074461221399,2,2,0,True,True,FULLY_PRICED_5M,True,True,0,
E9bPPpWwXwH47tWAjBhhxKUwUBcPH2yyyCLMnjrapump,1787074458655842,1,1,0,True,True,FULLY_PRICED_5M,True,True,0,
77KC7TMEmAtjoMPnep2RHQdLXvjMHA1NdGkh1JwWpump,1787074453588921,1,1,0,True,True,FULLY_PRICED_5M,True,True,0,
EDHCpWLRMMF5o2YTC8uohMAFPUGQFN5eojFMeWympump,1787074453564917,1,1,0,True,True,FULLY_PRICED_5M,True,True,0,
Hnq2hZg727KG6zUEeetZAYFA8FwCbzBoByHYX5Lypump,1787074450274572,1,1,0,True,True,FULLY_PRICED_5M,True,True,0,
2Zdt9AyfpuuPPcA6hDPLGCGo3vY5ECcjHNQn1zczpump,1787074444999643,5,5,0,True,True,FULLY_PRICED_5M,True,True,0,
HM1YhBWxLGgupWe6yBzrbEpbomgGjAQcJxAFFDZGpump,1787074438756423,1,1,0,True,True,FULLY_PRICED_5M,True,True,0,
DwyH7U88sUricdcEYQvisraCWh7k5SPL4DuDBFTepump,1787074430336500,1,1,0,True,True,FULLY_PRICED_5M,True,True,0,
2m65x9kayW8sP4kJGPeaBqrARab7xXwTCGy9Fvjypump,1787074430315496,2,2,0,True,True,FULLY_PRICED_5M,True,True,0,
6CFK5Vgx2sifabWAtVXLvbEo4GYfNJdzDCXW8U4epump,1787074430278500,1,1,0,True,True,FULLY_PRICED_5M,True,True,0,
2A7A7BbiqcW8NGWrcoMJdQc8biJz9a34tK4SsSVy6PAt,1787074428241568,2,2,0,True,True,FULLY_PRICED_5M,True,True,0,
5wDNrUhJhDcFZJrAEbdjMQtafhxHJDkAwgCj3UU2pump,1787074425684396,32,0,32,False,False,NO_PRICED_TRADES_5M,False,False,0,VIRTUAL_SOL_NONPOSITIVE
2FfEbufT5Her6bRG13ihhH1Zhy2GM3K43GsBBxPKpump,1787074425612397,1,1,0,True,True,FULLY_PRICED_5M,True,True,0,
7BTSYg2r12vNFQW3Vb6Sd43LLHBKrTxNZm6NkqUBpump,1787074423029392,7,7,0,True,True,FULLY_PRICED_5M,True,True,0,
W7xyzgfzd7rwzSiAYwwRHvkDkKqrjDcX1cpKHqcpump,1787074420732125,2,2,0,True,True,FULLY_PRICED_5M,True,True,0,
HmSbqs5RvzjQ4mB2NVVyAitvwT4GQDb4Tan5cYPkpump,1787074420702121,2,2,0,True,True,FULLY_PRICED_5M,True,True,0,
AE1SturFmdGi1HqYGTmqK8dK3YCLUMsVtXsV7UdYpump,1787074413632749,2,2,0,True,True,FULLY_PRICED_5M,True,True,0,
3urpXYCnV8716FyeDSRazJ7JvZa164xNqM7JirxPpump,1787074413622752,2,2,0,True,True,FULLY_PRICED_5M,True,True,0,
Bg7xxgR5o8oKq9Fbx1a4SQ1YvuVyUmZK5etFxKRfpump,1787074413508750,19,19,0,True,True,FULLY_PRICED_5M,True,True,0,
H24paPKpU8KkRFJ73dUErzaD4gNTbcDJPM9VLZhJpump,1787074411249303,1,1,0,True,True,FULLY_PRICED_5M,True,True,0,
BWcKXzsCjCNHcYs8z6jDNTwyvHUkVC9K8k6eMjjrnSGh,1787074403684742,1,1,0,True,True,FULLY_PRICED_5M,True,True,0,
DtCP4gY5Uons82CVku1a94KKcDmqm2jD1318M66Bpump,1787074399586738,13,13,0,True,True,FULLY_PRICED_5M,True,True,0,
7jFRCtCpE9KQS8hYQDehAYP2ue5PAtJ9acucPjTMpump,1787074399583741,33,33,0,True,True,FULLY_PRICED_5M,True,True,0,
BPE6SHTWbNmNs3vA6HbZLo76C9rpf1geBdFpZDdwe79f,1787074397117744,1,1,0,True,True,FULLY_PRICED_5M,True,True,0,
n4BVytvjRkSU3hafk2zxNWQBR1wteczSdyYfPXLpump,1787074397086741,2,2,0,True,True,FULLY_PRICED_5M,True,True,0,
8z32U1bfHnDLbvo64jTBrAeyy3xnrPEYZSBNAZu6pump,1787074394627739,1,1,0,True,True,FULLY_PRICED_5M,True,True,0,
HX8dshvtcPc2c9nd9GUGTnijhARLAzvkRBpyEPpBpump,1787074394588741,4,4,0,True,True,FULLY_PRICED_5M,True,True,0,
6YhBkxJx6DGBas5TUUxdt1vWz3Ab7MuBkEcaDtGEpump,1787074392301677,2,2,0,True,True,FULLY_PRICED_5M,True,True,0,
FDYN6nd3q6hrpCM8CToejR1i373Tr9F4jKsJXMHqpump,1787074386932860,2,2,0,True,True,FULLY_PRICED_5M,True,True,0,
Y3yF9gVu6wEfa7A2wvE5xyAGuuhPeHNVLbPnkcGpump,1787074381924828,42,42,0,True,True,FULLY_PRICED_5M,True,True,0,
CjdyjBZaqePt8EKGSSCEAGxjrAUavaR5UUikcJvDpump,1787074381884826,18,18,0,True,True,FULLY_PRICED_5M,True,True,0,
BcNwfyLe29Bk1ZdRgSv4NjXLrAbVWkd3gCdy6139vLgp,1787074381822826,7,7,0,True,True,FULLY_PRICED_5M,True,True,0,
Ff1WtZ5mcqjoDaYqEysuGU3Y4TAntBQc4k5BYx3Wpump,1787074379071328,2,2,0,True,True,FULLY_PRICED_5M,True,True,0,
3bqT5qATzGz6bUt5VkoPZWL4W4vjuY5eVbsfUjXGpump,1787074378983333,1,1,0,True,True,FULLY_PRICED_5M,True,True,0,
9a7vJiGcQC4J7sM6gZPgxZx4ezqsgbcYdVV6tpBQpump,1787074374005560,1,1,0,True,True,FULLY_PRICED_5M,True,True,0,
MPCGUZ9fXaeCuLRjmDadPqtAjNJTkd3oZJqsTdKpump,1787074371610493,2,2,0,True,True,FULLY_PRICED_5M,True,True,0,
FcPgK56ngstaXxisMByDXmFW2r8Mrg5oMc8tqSQspump,1787074371597494,4,4,0,True,True,FULLY_PRICED_5M,True,True,0,
Z2xDpLQTh7igJEaAy25ph2VA5gVEpFRrEJ4TUU1pump,1787074371566001,80,80,0,True,True,FULLY_PRICED_5M,True,True,0,
F6RGSDn9WQ22UZ2Fntwskw6e6Gp4h1oAdtvY4PW6pump,1787074369244607,22,22,0,True,True,FULLY_PRICED_5M,True,True,0,
DaBj1QqbYwoeRfT2JVMeBouGoB5i9RBmXxNBVbCHpump,1787074369167607,5,5,0,True,True,FULLY_PRICED_5M,True,True,0,
Frc2DmXyxLvTVx4DJCcgH15xLtY9P3YEWPraEdp2pump,1787074366441324,41,41,0,True,True,FULLY_PRICED_5M,True,True,0,
BmzJ5BzNEbHXvy84BYcb8w8b3RU6BgkH6S34UXnvpump,1787074366382324,38,38,0,True,True,FULLY_PRICED_5M,True,True,0,
EfcAjjbHAh2cgHbEaAYqF8qgz8xsG6UxRvmL9sihxYvJ,1787074366366324,32,32,0,True,True,FULLY_PRICED_5M,True,True,0,
AETBZopyr2hVaoqPG4d9Zdoy13JuutUyW36Zx5LTpump,1787074364046665,2,2,0,True,True,FULLY_PRICED_5M,True,True,0,
qdERCB3H4HuusXJaaZH6WanasYxZ83RQyNsjSAkpump,1787074364042665,2,2,0,True,True,FULLY_PRICED_5M,True,True,0,
2C6NBJszGUgiDDSwAzzvWT8kPDBv3aaC2Vh2GZqApump,1787074364011666,1,1,0,True,True,FULLY_PRICED_5M,True,True,0,
BeKQ9B9W9fmaXiEFiE5574Kjyw9tT5psUjFiBJvZpump,1787074363993670,4,4,0,True,True,FULLY_PRICED_5M,True,True,0,
24qPHs5KK7wqr9nqTStFUqsmwsFxUiCor8jQu9Qipump,1787074363990667,22,22,0,True,True,FULLY_PRICED_5M,True,True,0,
4V52oK8McmdFgCbawStfiAydbw3rnppfiTMxAPWVpump,1787074363952666,8,8,0,True,True,FULLY_PRICED_5M,True,True,0,
24qPCKdD7pyyneLVu8MnAEvGjBZuc2sDHiR1wsdppump,1787074363896667,14,14,0,True,True,FULLY_PRICED_5M,True,True,0,
YEcyStyHF112GtRXHJFagkqSAuGenSnVqCX3e7fpump,1787074363881667,2,2,0,True,True,FULLY_PRICED_5M,True,True,0,
YKWaWhTTfvaPWjo4Qm5rotj5ECu9sCsVy237PEipump,1787074363861666,116,116,0,True,True,FULLY_PRICED_5M,True,True,0,
BhP2FJ1JD7oRHKk8axeup9WG6X7c3NPuDEkb1X8ypump,1787074362604196,2,2,0,True,True,FULLY_PRICED_5M,True,True,0,
AHbVsNsNSMXkFFyJCb79CicBCUGu7RkDfWDdjy7ipump,1787074362576195,16,16,0,True,True,FULLY_PRICED_5M,True,True,0,
EqQxpgUiaL7WRGwoeBzAwmHtZRJqE6nsuxsZooZRpump,1787074362564194,141,141,0,True,True,FULLY_PRICED_5M,True,True,0,
2MUW4ws73FHu5B5DuBk2ac1s1Rb9UPDZM8Gx5rMDpump,1787074362549194,40,0,40,False,False,NO_PRICED_TRADES_5M,False,False,0,VIRTUAL_SOL_NONPOSITIVE
4ZX6tYHowWFoGnHh44HtR54x8ictQWKBHbYPbuKApump,1787074362542194,140,140,0,True,True,FULLY_PRICED_5M,True,True,0,
J8gmXhSmPEjZu6A5UZDL49r4cJGLRkwDVG6CoPkfpump,1787074356193455,1,1,0,True,True,FULLY_PRICED_5M,True,True,0,
33WbdhuLAtmNHY9Y7ALCC6HwswHerN5kYzC2AviGpump,1787074348603752,1,1,0,True,True,FULLY_PRICED_5M,True,True,0,
7Uwg48zdxx17cBQ1TH568eM5yrqnFvXC1sK6qrU7pump,1787074345810100,4,4,0,True,True,FULLY_PRICED_5M,True,True,0,
4FnqCuT1AxJzsBEzrFxYJpzKYFv2JqGLsrktpaHApump,1787074345782098,1,1,0,True,True,FULLY_PRICED_5M,True,True,0,
2diUc6WN1DPsVZHLovYdApc3Ark3VRiVhinyGj4Lpump,1787074345719098,1,1,0,True,True,FULLY_PRICED_5M,True,True,0,
D5nGbpuyLAYxG9XJjZ3WPmkMWoBJ42cKsr8tDwvkpump,1787074338092616,2,2,0,True,True,FULLY_PRICED_5M,True,True,0,
34EgELnsALPfAZjeajmjfdbF5rxYkhEqC7kX1wNuNexi,1787074338044616,1,1,0,True,True,FULLY_PRICED_5M,True,True,0,
5bym3pheUDteKVKK9PBbzzUw1TuJ9P9ismTPiLVVpump,1787074320268542,1,1,0,True,True,FULLY_PRICED_5M,True,True,0,
hESwD9ZDMipam1WPSnPea2TnRspx5ZqRgcLm5n7pump,1787074315681503,1,1,0,True,True,FULLY_PRICED_5M,True,True,0,
2QhCAuKx8Ni13CFYKbUNNh8JQRtS3Gd1h4x7n6Fppump,1787074311446238,1,1,0,True,True,FULLY_PRICED_5M,True,True,0,
AD7oDS8r34jmEd7VFAAtomdwHoSWKe2u62dyRokq36k5,1787074305273331,1,1,0,True,True,FULLY_PRICED_5M,True,True,0,
FjjZgHNigpF69N6A3Sy8purs6RfiZDq86aoJw62Ppump,1787074300684433,1,1,0,True,True,FULLY_PRICED_5M,True,True,0,
HuzjVH4nkHV8YkrS898HunEvwam9Q2MQYiQqaTLfwSRg,1787074295714885,5,5,0,True,True,FULLY_PRICED_5M,True,True,0,
GRmCFi2ebbyrq6UoXbonNmHovQehVcuX1vTfiqgypump,1787074295594888,2,2,0,True,True,FULLY_PRICED_5M,True,True,0,
7pPAU3GB6Ytf6HqQBZVA2wn96KdjaZJgkmGK8hijpump,1787074293240434,6,6,0,True,True,FULLY_PRICED_5M,True,True,0,
7VNRBcFqKhBoyQGHahrzczBxzBEkBFsdzDTYAsD2pump,1787074293199434,3,3,0,True,True,FULLY_PRICED_5M,True,True,0,
FeAcCRqXAV3Y1FyrZBdDfLoGcUMj9rAUfrd5PpFnpump,1787074293130918,15,15,0,True,True,FULLY_PRICED_5M,True,True,0,
Bydzbc3QtT7TnXgUsaKqdYMmFBeFAe643gXRgtcYpump,1787074290492485,1,1,0,True,True,FULLY_PRICED_5M,True,True,0,
2yJiDwF96ubSNj3iess9z8sVenQQia2Ka7fSuoFUpump,1787074285390661,1,0,1,False,False,NO_PRICED_TRADES_5M,False,False,0,VIRTUAL_SOL_NONPOSITIVE
QX2FVJn6jnb1gKRvKREsLtEMrEWZZzzyRhMy138pump,1787074265329937,3,3,0,True,True,FULLY_PRICED_5M,True,True,0,
2vyJN75DNMWhqoaY5f51L9Ls32X9aLcBS3qTDfjwpump,1787074248122855,2,2,0,True,True,FULLY_PRICED_5M,True,True,0,
8owFxWD9o3psSC4vbTr4Hx61DwnYEZF67VaPsjdhpump,1787074243563277,1,1,0,True,True,FULLY_PRICED_5M,True,True,0,
AqifVBD2QWjdK57CP7WaTKoVGAV7SxuBHCidi4ZCpump,1787074241604872,1,1,0,True,True,FULLY_PRICED_5M,True,True,0,
55Av5fdwkJ5GzUA2YDhCJdgdVHe8do4wZ3Z7hYLpump,1787074222902171,3,3,0,True,True,FULLY_PRICED_5M,True,True,0,
7q4VDEHX1GjWQSx94hqSmPwxUq65LNfxoYHCF8mYpump,1787074216668604,1,1,0,True,True,FULLY_PRICED_5M,True,True,0,
6juVPMLPFzX4nx2eWmMjQw1MZvG1rdgW35da3R7hpump,1787074206184681,2,2,0,True,True,FULLY_PRICED_5M,True,True,0,
E6qq6xnfHqWKEP9nmD3aZuzEaPE5Rd9h2MVCCahUpump,1787074204083523,1,1,0,True,True,FULLY_PRICED_5M,True,True,0,
E389bNEBPBuNkovrFf6LuvY4LTuEjD8d9qwY8TaCpump,1787074201943234,1,0,1,False,False,NO_PRICED_TRADES_5M,False,False,0,VIRTUAL_SOL_NONPOSITIVE
AYWNRcfuhd27vBqn8cv32WsoLB2PBA5ioVHxv5dypump,1787074198186756,1,1,0,True,True,FULLY_PRICED_5M,True,True,0,
4tF99sxoYQrFRjezqwSyyENU4jXuQzXf8gfvbsYTpump,1787074191499042,1,1,0,True,True,FULLY_PRICED_5M,True,True,0,
DRGR73fa8r7V9FRDra2yVntgzYzGJ7bz9MZZYJotpump,1787074191348042,97,97,0,True,True,FULLY_PRICED_5M,True,True,0,
DBHwozihHGPzAVmcDpywrrVBKaBedeUCyAHSoSzCiwcD,1787074183960775,1,1,0,True,True,FULLY_PRICED_5M,True,True,0,
BxmxMxrVG3JkxVjpisa4hYshFfcjQNQErZkLKeHypump,1787074179136241,1,1,0,True,True,FULLY_PRICED_5M,True,True,0,
9zukSeYGv8FaoEqrp7oU7Zc4TLepW25cRaNKrA9Apump,1787074177004463,2,2,0,True,True,FULLY_PRICED_5M,True,True,0,
3mkfMXLDDoEv3Bzn8PEkkmt9if76xc3vZfQWuDv6pump,1787074176949463,17,17,0,True,True,FULLY_PRICED_5M,True,True,0,
sHhR1nBVjY9ku3py7H4c1NGfG7oq6DME2r4PWGFpump,1787074165320247,2,0,2,False,False,NO_PRICED_TRADES_5M,False,False,0,VIRTUAL_SOL_NONPOSITIVE
5GB8uyhAfGuMx47gidCvKCad5gwP9sz1AtMYEtnLpump,1787074161888464,1,1,0,True,True,FULLY_PRICED_5M,True,True,0,
4rCRgEBfdn6ZFnSB53Mp7mKAf6pWX3nnSeGoqLaqpump,1787074157506105,1,1,0,True,True,FULLY_PRICED_5M,True,True,0,
659umAgn8SwXRqch9SJzuAbS7J8i6awyPQhvJFdwpump,1787074155028647,3,3,0,True,True,FULLY_PRICED_5M,True,True,0,
Cdgf9NRzCM7suQCHYf71mDLxrw4HzSNQHZnP3yexpump,1787074152472096,2,2,0,True,True,FULLY_PRICED_5M,True,True,0,
8dcTVFWTY5dEFsonZxiGmuBpKh9CkJo1hgjuJC8Fpump,1787074148148561,2,2,0,True,True,FULLY_PRICED_5M,True,True,0,
CQeDgFajjEBNDeyi6P9XToGskjy1s1LRJ5dSXH6Xpump,1787074148107861,2,2,0,True,True,FULLY_PRICED_5M,True,True,0,
CGZK9UxGJXH2Phzb7B6RHnjxKJoYsRGT2toEaU5ipump,1787074140881382,2,2,0,True,True,FULLY_PRICED_5M,True,True,0,
3bczSgaiPNK7qUSyRG7snp2LEfoJeVEDpKUAPYZmpump,1787074140669353,2,2,0,True,True,FULLY_PRICED_5M,True,True,0,
A2xfCk9dPC4fDBWS38fhFhf8P6M1TjoxQRYxK4wZ9kWV,1787074140541354,22,22,0,True,True,FULLY_PRICED_5M,True,True,0,
2s6vF7dW6yAmGTVFnmrbbwy1zc4tidirS9de9FpRpump,1787074136190245,5,5,0,True,True,FULLY_PRICED_5M,True,True,0,
4V1GYsgpPBzhaz21wQCJZEshQMb11cVVW61MuuSnpump,1787074133824986,1,1,0,True,True,FULLY_PRICED_5M,True,True,0,
Bu1HgSPsrq3ePENKaKAsQ38U3K65PEgg1YXLDBqdpump,1787074131466015,14,14,0,True,True,FULLY_PRICED_5M,True,True,0,
HNZvPXcK6b7T11A6nLH7etYrcMXwfmqXiAv5G3Qrpump,1787074128946090,2,2,0,True,True,FULLY_PRICED_5M,True,True,0,
BprzdEi6ENbXHukVLrNE6KpJa6NeZkouzE2Fwzsk1gKz,1787074127006659,1,1,0,True,True,FULLY_PRICED_5M,True,True,0,
CbhpVzasKoGuNKFaiKKBMfpiBxwYuVSLQPBuW8Cypump,1787074122163098,11,11,0,True,True,FULLY_PRICED_5M,True,True,0,
FGSFfV4oYKjFSydwovbLZdTFKDMR56GU4djcqgkXpump,1787074119782731,2,2,0,True,True,FULLY_PRICED_5M,True,True,0,
89Rv8kZ5AwRPpkHB4g52kWi4bRw8G9PBs7ZD28kXpump,1787074117213096,4,4,0,True,True,FULLY_PRICED_5M,True,True,0,
CmNBhLRd6i6LT5ZVJaUiFYxDcfq3qxX8oeYpHPWypump,1787074113176646,2,2,0,True,True,FULLY_PRICED_5M,True,True,0,
8YS1kYVEdQKPR7ZQszF9jiHgbTWHWXiZkAt3q49Apump,1787074113102640,1,1,0,True,True,FULLY_PRICED_5M,True,True,0,
8yvq6Eu9Z9ZWAva7afHya8UiouQFH9ZCX9LtjR1Npump,1787074110941838,2,2,0,True,True,FULLY_PRICED_5M,True,True,0,
BG8jQaEW16LGtsuoN4QfSYSrCEm5Ckej7VsN8xMUpump,1787074108585052,2,2,0,True,True,FULLY_PRICED_5M,True,True,0,
DWHGhDArW9YTwKMr9R44jjfevo5FM2i9CKhZd8RCpump,1787074106399682,4,4,0,True,True,FULLY_PRICED_5M,True,True,0,
8JB2hqz3iLBBSYUjrsowAaaKnWJtMRS7DbLADxjPpump,1787074103785666,1,1,0,True,True,FULLY_PRICED_5M,True,True,0,
SE3fFnqd8GzPWTeNNahrma4iPY76sVUTeB66yVtpump,1787074101433654,1,1,0,True,True,FULLY_PRICED_5M,True,True,0,
8Mh4nkve6NhguLjTwuSB7fvXesjctwm3o1BjbhjBpump,1787074098669639,15,15,0,True,True,FULLY_PRICED_5M,True,True,0,
9mh3dMC6KSSzPLNfGJNw3rLS63QnysCNVNH93e4Spump,1787074098579637,2,2,0,True,True,FULLY_PRICED_5M,True,True,0,
Arz7iXW9BcTV3RR5HMfkdMfLxWkNpMeCYsFJDVgLpump,1787074096218386,1,1,0,True,True,FULLY_PRICED_5M,True,True,0,
DL77Ho3A9PvZQeGgUP8gysshbqMqG4svcfwugZf6pump,1787074095937363,1,1,0,True,True,FULLY_PRICED_5M,True,True,0,
441VBwN8ziKGYCGVELxanX4wcs7NqcxmBmfjyKcRpump,1787074095889361,1,1,0,True,True,FULLY_PRICED_5M,True,True,0,
7iJMiKhioz7LUbi9HE9LHN4gTCwyTW1dNs4T2Msypump,1787074093947312,2,2,0,True,True,FULLY_PRICED_5M,True,True,0,
4Cd3561ucBDvVhvEdxSTMv9EwLNvM8mPZW5maY8dYMiq,1787074091780271,1,1,0,True,True,FULLY_PRICED_5M,True,True,0,
FpokBxFtPyeBYCpwYrnCxtWR4Dr1CVYX8VPHjVUCpump,1787074091437276,9,9,0,True,True,FULLY_PRICED_5M,True,True,0,
31hHwvnsy1bJLSPxex2r8nRMJpmK4zfs4yQY9sYtpump,1787074089038467,2,2,0,True,True,FULLY_PRICED_5M,True,True,0,
59TN9tv8Bub4UDDXiQj31BvcXwNbknLe3x8ktHwPpump,1787074088884472,2,2,0,True,True,FULLY_PRICED_5M,True,True,0,
A94PTGwRH1kBTEXUkgnjCytK8Uhe5VEyQfwVhhn2pump,1787074088849471,4,4,0,True,True,FULLY_PRICED_5M,True,True,0,
4AHMPbuRLA8adFfdtQhyxL5KiicHGDuap7qWPoUmpump,1787074088820470,17,17,0,True,True,FULLY_PRICED_5M,True,True,0,
6qFhtdggYQbxyzx4iZU5XoxuSwQWiii5MJwt21F9pump,1787074087184707,11,11,0,True,True,FULLY_PRICED_5M,True,True,0,
4oKB9d8e2ivbhpLZBa18NaNdQikthrKghLnrAUs2pump,1787074087031709,1,1,0,True,True,FULLY_PRICED_5M,True,True,0,
C37a3o83Y8e7ZPnVFY2ZYAjMgHEWuPa3V2mhjXuspump,1787074086945195,9,9,0,True,True,FULLY_PRICED_5M,True,True,0,
HcKdNrGPPNE2A5TtPdPpDtryQeVLkEsXT189amGNSfgN,1787074085668012,5,5,0,True,True,FULLY_PRICED_5M,True,True,0,
7EpDApnFpM79aZWoDF2rQ91fk6v3P4Fw4R8bDESWpump,1787074085491012,1,1,0,True,True,FULLY_PRICED_5M,True,True,0,
oh83tewbBFTWAyExafvRKqhpJbZyK4w9qa2aJ2jbPWW,1787074085454011,1,1,0,True,True,FULLY_PRICED_5M,True,True,0,
4cg3h9i6KDbGH9TTEEWBoME4GtVr6FLSJ4gm1EzEpump,1787074084087947,1,1,0,True,True,FULLY_PRICED_5M,True,True,0,
GncJk4Bqm9JtZziVTpCC4bJsF19NdhivJuaR9fCUpump,1787074083938945,13,13,0,True,True,FULLY_PRICED_5M,True,True,0,
DivVeDkhj3A4pz2GWVEnRX4yELvaS8Z974txkPqLHthb,1787074082561141,1,1,0,True,True,FULLY_PRICED_5M,True,True,0,
3j6y8xP74LA4Xutk2h5VVJMLrYQ7TqqQmkPP1veppump,1787074080938938,2,2,0,True,True,FULLY_PRICED_5M,True,True,0,
2s9fEBesoN79Hu6crBfBu6p8xV6L29ogAgXpRQq2pump,1787074080869939,9,9,0,True,True,FULLY_PRICED_5M,True,True,0,
3aK7HT3HyzrB2Gx1n25KddWh6oJmSkbf9sXkM2Thpump,1787074080529217,1,1,0,True,True,FULLY_PRICED_5M,True,True,0,
CC9G6nfciwBcd1Zqc8apDugxJWuWdWH5zbfuW8Kfpump,1787074079279213,7,7,0,True,True,FULLY_PRICED_5M,True,True,0,
Ctsfp37yunKdo6wQsaoy7LkgGroKsd3NGUavx6kRpump,1787074079223215,2,2,0,True,True,FULLY_PRICED_5M,True,True,0,
7vBXRJm175S4pvz8SYYD7JPJqt2DRqxHEHgfhZSjpump,1787074079146112,4,4,0,True,True,FULLY_PRICED_5M,True,True,0,
3umkriYCJPtWuqhHedvENPoWpnU7p2j1Aw1ZNXwnpump,1787074079074110,7,7,0,True,True,FULLY_PRICED_5M,True,True,0,
C1Qzvsh3T8ktt6nUrxSjg7qn7mi1e26A23dR37Rxpump,1787074079037114,59,0,59,False,False,NO_PRICED_TRADES_5M,False,False,0,VIRTUAL_SOL_NONPOSITIVE
GupN8i8AmyJsc7bgo9K17pR1ssNfKtEXtSTHAJ4Tpump,1787074078970115,19,19,0,True,True,FULLY_PRICED_5M,True,True,0,
4cqKcf3epsVZMvy1wzUugep6VCVzuMZ4Xi3RDQPMpump,1787074078799115,14,14,0,True,True,FULLY_PRICED_5M,True,True,0,
2aKq3qxC6CRu6L2waXKTkrre91o8jHj4Pak9NGcKpump,1787074078727097,27,27,0,True,True,FULLY_PRICED_5M,True,True,0,
H7aVdNCfzCLmZEDK3kXnCigjL62v3KrAzHhpZ2Z2pump,1787074078691737,8,8,0,True,True,FULLY_PRICED_5M,True,True,0,
3ffuhCcXTSmCzkFJxGGL9VUndmjHZCHatWqwVfvbpump,1787074077502684,1,1,0,True,True,FULLY_PRICED_5M,True,True,0,
2RJwhPNmop21MB1eD2CnFUeqithiHR8vF4eVLSvtpump,1787074077409682,129,129,0,True,True,FULLY_PRICED_5M,True,True,0,
DWsJZmhDkC3wWCyw63w525rJwAzhanpRNJVMf5Cspump,1787074077405684,110,110,0,True,True,FULLY_PRICED_5M,True,True,0,
3BygAcaBzyMdqTNGSa5WfhtNaQnFuTr69fLj1BENpump,1787074077331681,133,133,0,True,True,FULLY_PRICED_5M,True,True,0,
4W1hzsJ65AaKihdPfYKXViqYUizK8Fri8xqZvy8ypump,1787074077243681,5,5,0,True,True,FULLY_PRICED_5M,True,True,0,
JCxuvz1A9s7RqEjxfs9pQPBrrFeQoKuVXH3iP5t9pump,1787074077117681,1,0,1,False,False,NO_PRICED_TRADES_5M,False,False,0,VIRTUAL_SOL_NONPOSITIVE
64Zb3JNf2kakejXms5edFoVBgQdpTVKntyjxpKRTnijz,1787074076958685,1,1,0,True,True,FULLY_PRICED_5M,True,True,0,
UAGw1PaXyeoTDHg9oMqfyt1GpgM169bju6jL1r1pump,1787074076853681,164,164,0,True,True,FULLY_PRICED_5M,True,True,0,
8qcw8uUha1Fn3Pp5ijAUXAsorbRvbW7kw7VCDvpkpump,1787074076745688,19,19,0,True,True,FULLY_PRICED_5M,True,True,0,
6onx45WsG44ZEPejY8TqoK8ik6Mb7qq1nk6v3VURpump,1787071711087826,1,1,0,True,True,FULLY_PRICED_5M,True,True,0,
2M2bh7Hb7cRhT972jrEvVJyjEJAcWz57VjXbchzqpump,1787071703552738,4,4,0,True,True,FULLY_PRICED_5M,True,True,0,
Gotn3D24ADBwpWxjUPWAdMPZQ6wtz1NxQZvSgQVxpump,1787071703472737,1,1,0,True,True,FULLY_PRICED_5M,True,True,0,
9SajdsQujKQsn4KfCV4x9mhJ4b79uge47Ebm7pEqQ6JA,1787071697614051,1,1,0,True,True,FULLY_PRICED_5M,True,True,0,
GcbFVivndRKiy3MaAgMtsyaSfWh4aqEn6PcyShbBpump,1787071697610055,1,1,0,True,True,FULLY_PRICED_5M,True,True,0,
9xNuTnrzFsTiCZim765WnVJtFUHqt73w1YX7aivbpump,1787071694822245,3,3,0,True,True,FULLY_PRICED_5M,True,True,0,
JAC7TuGanmUthUnDczyxqDsnBW6N94xG8GZYiozVpump,1787071689187843,3,3,0,True,True,FULLY_PRICED_5M,True,True,0,
95KpDTv3NuqZ2jFnTFZ9xaYzqsCUzAWbUS9gW7Ujpump,1787071686366535,2,2,0,True,True,FULLY_PRICED_5M,True,True,0,
GVmPQStNkmE2Ea6CzCHJcL4CAxUFX3WZkh8iS7qipump,1787071686357535,1,1,0,True,True,FULLY_PRICED_5M,True,True,0,
8cHMb5o9k5yK72w3ZHE446ku3kDn6Hv1mGjnDCVZpump,1787071686356535,1,1,0,True,True,FULLY_PRICED_5M,True,True,0,
48TW1NmnPNFCEqsuqGWESDfapZpmYUkRkXr5KrDTpump,1787071686323535,1,1,0,True,True,FULLY_PRICED_5M,True,True,0,
63NeBFACYNfVzZWv5GxKGqCRibJouGNzirghU7Udpump,1787071683721897,2,2,0,True,True,FULLY_PRICED_5M,True,True,0,
5zAztny5oMuaSSfRhFQCFTZsvZ8JKoirtXHaAYmbvyKG,1787071681186616,27,27,0,True,True,FULLY_PRICED_5M,True,True,0,
DJvP7Xy2FVfqq3K4doeJCa3dLEPe9x8rVNcXArvwpump,1787071681182616,1,1,0,True,True,FULLY_PRICED_5M,True,True,0,
4yghZG4UX4HNPuTsgop58imKCN1j3S8JrzeixAEDpump,1787071667231756,1,1,0,True,True,FULLY_PRICED_5M,True,True,0,
5vYQyTQr7ALgtK4N49GEyeMs3WsKtXH2rcKVksbNgmos,1787071659001941,1,1,0,True,True,FULLY_PRICED_5M,True,True,0,
G9BBhVVVcE452s5U7EoGr2sUC1LyAcNv4qUbL2zuM3Lj,1787071651376100,5,5,0,True,True,FULLY_PRICED_5M,True,True,0,
GCombYe6p1EMsf7v6TTLWeepdqeCFz8YZ1JGebzupump,1787071651370101,2,2,0,True,True,FULLY_PRICED_5M,True,True,0,
4W2gJeijPNaa44X1UHH4Kez6a5F9iVb82uN7fqMjpump,1787071651346101,1,1,0,True,True,FULLY_PRICED_5M,True,True,0,
4W58Y3L5drGgn4AoKeyaqCFpJC9UHFDZC2eAfPokpump,1787071639574422,12,12,0,True,True,FULLY_PRICED_5M,True,True,0,
FbtyHyeqNpUVq92gusYp4HPCNwL9DPxKj7Zx5EKNpump,1787071631429766,47,47,0,True,True,FULLY_PRICED_5M,True,True,0,
JAyTXrgzKJAVSsH8nFFynvZMG3PNUFXQZ3fJcc6Spump,1787071631384765,2,2,0,True,True,FULLY_PRICED_5M,True,True,0,
3EdDwu74B9NCBGkXmtGA9voyJ8uQr2dYTBFMbXxzpump,1787071631382765,6,0,6,False,False,NO_PRICED_TRADES_5M,False,False,0,VIRTUAL_SOL_NONPOSITIVE
4W5DWMJ8WsjxzRAPqJqX5csVotD1Y8nndC8xriRPpump,1787071631366766,1,1,0,True,True,FULLY_PRICED_5M,True,True,0,
WjtVYkUG2qVfxQCLYZmFm2uYKuMcvty6V8EDrjjpump,1787071629267123,53,53,0,True,True,FULLY_PRICED_5M,True,True,0,
cMCk6YFZoWkPRcFVWFaD5aMmHFvj7Abj2PZKDdypump,1787071613371456,8,8,0,True,True,FULLY_PRICED_5M,True,True,0,
ARXn6fcH4sfB6erfQsEHbhFSerMBxrWydJKySkDYpump,1787071608150878,1,1,0,True,True,FULLY_PRICED_5M,True,True,0,
EDcJjANKDtsHDvTkFVQXzVJ56HrMFcKN6uCcTX3Epump,1787071605367879,4,4,0,True,True,FULLY_PRICED_5M,True,True,0,
5NBTwamodVFt55mbbKojYLZkgmDDUjbSJ1XymgJ9pump,1787071597511624,1,1,0,True,True,FULLY_PRICED_5M,True,True,0,
B7PKCAUcUEfMBXfAe1LdkT3c9rMDKqRvZDoZKM2Tpump,1787071594631992,1,0,1,False,False,NO_PRICED_TRADES_5M,False,False,0,VIRTUAL_SOL_NONPOSITIVE
7zGhQQqriFH19ahTmeZhFjbADpsWZJb3ZYsEhgDfpump,1787071594618992,1,1,0,True,True,FULLY_PRICED_5M,True,True,0,
5FbvwoNuiMxCWpuFRXoxMtKtHjnJft2pASXf5FSdpump,1787071592071169,5,5,0,True,True,FULLY_PRICED_5M,True,True,0,
93TeQdYS87wa654uGyVef975mDLwyYAF562kVf2xpump,1787071589396040,17,17,0,True,True,FULLY_PRICED_5M,True,True,0,
BrkeYUeTjCsNrCtsqv8SiQMcMUZzxpfDbHGU8ngdpump,1787071584056492,1,1,0,True,True,FULLY_PRICED_5M,True,True,0,
39rfLr1Q2QmXnA58ShcAX2ngghmKZ6fGToBsug9Apump,1787071581851104,40,40,0,True,True,FULLY_PRICED_5M,True,True,0,
C6UjUyxZhfF5qthtW3CY8twwzPFTHo9HbJyxqDjUS51,1787071581842103,58,58,0,True,True,FULLY_PRICED_5M,True,True,0,
Cv1qtdH8k7RffqT984bhtrKCanX4hGYv7hi8VYHQpump,1787071567630430,1,1,0,True,True,FULLY_PRICED_5M,True,True,0,
DwL8cmrjTuBbimA41La4WFrT4E5knooxPAT3eY8ypump,1787071561573443,2,2,0,True,True,FULLY_PRICED_5M,True,True,0,
EUXkM5uEABWx49haAmUFNNZ6A8Xc4i9T6W7wx1WMpump,1787071561537442,4,4,0,True,True,FULLY_PRICED_5M,True,True,0,
99A6C8TFffZ6JFwDV32ikEscQJh6D7MsfFokA91Vpump,1787071558938824,6,6,0,True,True,FULLY_PRICED_5M,True,True,0,
7e2RGEgKhSwnVf9sXy2g8ocNkHdHnD39HgPnLA2nMXUb,1787071553255994,2,2,0,True,True,FULLY_PRICED_5M,True,True,0,
365VBSYYqyWJesM4TNg6sXpw7y9dpB9naaHpV2Yxpump,1787071547669765,1,1,0,True,True,FULLY_PRICED_5M,True,True,0,
9jdxtFML431gvbeFsPq3NNnYZfq2x2QdX5NEvkF1pump,1787071542109000,11,11,0,True,True,FULLY_PRICED_5M,True,True,0,
2LsVezXHQJR9HbDaCeokSW57N66H94tp77gdBKpApump,1787071539503731,13,13,0,True,True,FULLY_PRICED_5M,True,True,0,
BwydP2DH2GF86ZTvoJmSeZVSC749XhLqJ2hHxTkTpump,1787071539501738,1,1,0,True,True,FULLY_PRICED_5M,True,True,0,
Ds28H7uxUQw3XV8oJF96FxmaPumHqejK2orFtFuLpump,1787071539442736,2,2,0,True,True,FULLY_PRICED_5M,True,True,0,
JBoXSmG68Sf1AakXMaLmFACdyRbzcVPivie4W8Lmpump,1787071535162799,1,1,0,True,True,FULLY_PRICED_5M,True,True,0,
J3J3CENnWupvqYNu9mboc6ZnNxTpqokXcU3Vo5t3pump,1787071535158804,28,28,0,True,True,FULLY_PRICED_5M,True,True,0,
rPJiZufxvY23Mh3xrckewVV5BoYdeJpsVpiuQDWpump,1787071535100803,10,10,0,True,True,FULLY_PRICED_5M,True,True,0,
FwGSHzaNVeifteud9HyGmtJjzpJ9yRZnt5mXBg71pump,1787071526004179,1,1,0,True,True,FULLY_PRICED_5M,True,True,0,
Cd11bKTP9qcPr7Pr3QBub8StvxA3UHctivGhGhZxpump,1787071512490628,2,2,0,True,True,FULLY_PRICED_5M,True,True,0,
G5V7PZozQ77CXzhAGAaLPz8q7SHuKSWoh2QmSZeDafyR,1787071492833495,9,9,0,True,True,FULLY_PRICED_5M,True,True,0,
BPyXzP6WE796xCT3rvVtFNTL1AjLwFss5XQBQdRyxKP4,1787071490334605,1,1,0,True,True,FULLY_PRICED_5M,True,True,0,
FyT7k6QJTotMyMDamWYTfgSgA7dTeRutVFFyEVpMPcGD,1787071490292506,1,1,0,True,True,FULLY_PRICED_5M,True,True,0,
JC2AsYN4xTvqzkQRAW8D3v8uSBpk1J1aiSGAqREKpump,1787071487765503,40,40,0,True,True,FULLY_PRICED_5M,True,True,0,
CdS5QqkbzPpZ17t7Z1xv9a6mVyuUNSFU331rQWPbpump,1787071484886159,5,5,0,True,True,FULLY_PRICED_5M,True,True,0,
DqmCoj98v6ichdVTYeoZoXSX3d85HkDeV2gxVjAxpump,1787071484850159,51,51,0,True,True,FULLY_PRICED_5M,True,True,0,
G6CzwDuRer7JVRjT5okNLrx8gmvtd4HJcGEGKPCMpump,1787071484836155,13,13,0,True,True,FULLY_PRICED_5M,True,True,0,
3EbmsFRaxwrqC4PB7SrT1wjvE64bbUsYj4dFNi4Wpump,1787071483983158,36,36,0,True,True,FULLY_PRICED_5M,True,True,0,
28azdhuyttWsy1Cxdp1BLsMWU1YXan2BMjdQD7nPpump,1787071483951154,24,24,0,True,True,FULLY_PRICED_5M,True,True,0,
6TBoYifkeUFiv3g8rFqHKJwGVtDkd99iuuzGLF9Xpump,1787071479784981,1,1,0,True,True,FULLY_PRICED_5M,True,True,0,
GJnisvWUqQkryGd6aEu6AEu4jkwzod8Wp9UQ2tj8pump,1787071479783981,1,1,0,True,True,FULLY_PRICED_5M,True,True,0,
BcT7yw2i9vsup8r1VQ1EwqyNHdjytB6qBtHqsuhnpump,1787071479782980,1,1,0,True,True,FULLY_PRICED_5M,True,True,0,
EAPuNNJ8po1hsyVuJT4xEdHFEUXPBdGKujAWmFJXpump,1787071479723979,1,1,0,True,True,FULLY_PRICED_5M,True,True,0,
B8FpNxdyjeGEDvMqsTYfwa6qfDZYSi3UMg5Q8UQ8pump,1787071477175857,1,1,0,True,True,FULLY_PRICED_5M,True,True,0,
D7SnfVVuZRrjPXbms9ARxCwCforLyyq6xwjtjSKMpump,1787071477173856,1,1,0,True,True,FULLY_PRICED_5M,True,True,0,
D3vwaQWvxe2Ljvor6o8d3LAimYoLEcd8MuweVYL3pump,1787071477172858,1,1,0,True,True,FULLY_PRICED_5M,True,True,0,
J9TU2bUzc7ebXUGhKmJ3uUx39D6noFU6yZ7dEHMppump,1787071477170858,1,1,0,True,True,FULLY_PRICED_5M,True,True,0,
9Hb4VN7bvpNeSF7vN1NzdvrLvPjMi4D92qHFkQFBpump,1787071477170858,1,1,0,True,True,FULLY_PRICED_5M,True,True,0,
98eGRHg8KdJ2Mq5Tr8D6u6pv5GAgF3Lwx7HXNChvpump,1787071477169857,1,1,0,True,True,FULLY_PRICED_5M,True,True,0,
4nVJM1A3JP4hfFG7HXA2DT1P9AMvrVxhftRwAMuNpump,1787071477168857,1,1,0,True,True,FULLY_PRICED_5M,True,True,0,
DmbkLtQm298dCMiDKzrSXbM9YDPUPX71pYvVnpwzpump,1787071477166857,1,1,0,True,True,FULLY_PRICED_5M,True,True,0,
32cEGVhsbJ7CuD5bKVNwHGKws9X7gxcqq2Ajz6xGpump,1787071477164859,1,1,0,True,True,FULLY_PRICED_5M,True,True,0,
7x9WPrsMRptb5RfganLc11MGmegBk2DdXHjbghF5pump,1787071477163858,1,1,0,True,True,FULLY_PRICED_5M,True,True,0,
H2whpWkGZBHb9DeKWPR925ohSmaRmG79dsAMqBS8pump,1787071477161856,1,1,0,True,True,FULLY_PRICED_5M,True,True,0,
GCKiDwfa1GRqg5DdUxev6vyt6uAFxPGbBCr8xVD4pump,1787071477159858,1,1,0,True,True,FULLY_PRICED_5M,True,True,0,
2u3pWR2uT7PDXtaEFBkuc6bZmwRhtAMCtj4qnafrpump,1787071477158856,1,1,0,True,True,FULLY_PRICED_5M,True,True,0,
3rSDjFREMPPb5R6M9Nfyj1QudiGrUBuiU8QDsJs6pump,1787071477157859,1,1,0,True,True,FULLY_PRICED_5M,True,True,0,
AruHvuTCnDCWc8VyXhKHT44EBxdXB6SqxAX1Mk9ipump,1787071477154856,1,1,0,True,True,FULLY_PRICED_5M,True,True,0,
6uoZ8Gi5t5m3AdvZcZ7MNAzCPsh7RMnKFjCiNBe8pump,1787071477153858,1,1,0,True,True,FULLY_PRICED_5M,True,True,0,
DgFRf36h37StqpsgSnKHANJ73HJf3CHjWyyDi6nKpump,1787071477150859,1,1,0,True,True,FULLY_PRICED_5M,True,True,0,
8fTT4FE1VHXZDvPJQ16z2CXm1nBPt8XwhCtYR244pump,1787071477149863,1,1,0,True,True,FULLY_PRICED_5M,True,True,0,
9LbAKZTnVB361pjkQDsjZ3JhQZqwhYZLfq79wrcFpump,1787071477149863,1,1,0,True,True,FULLY_PRICED_5M,True,True,0,
2zzyz4jUfGLQzZ6CAHpUWSiNWjafDLdHdpBtqTmQpump,1787071477148858,1,1,0,True,True,FULLY_PRICED_5M,True,True,0,
ALoRACVMd3KpJR3Qe6JFtsAYrFZSDYXqvikTumENpump,1787071477147857,1,1,0,True,True,FULLY_PRICED_5M,True,True,0,
6HgTgcRtQKhggYMqFcnf8bX6zsb71Y764rs1bQsApump,1787071477145857,1,1,0,True,True,FULLY_PRICED_5M,True,True,0,
BVbaTy8aT81VofNSxeviBN5pcfyv87AbL2isdVDupump,1787071477144857,1,1,0,True,True,FULLY_PRICED_5M,True,True,0,
8iqxWps76QhLAixKv3b2ZLsxUatP2gHswLvxeSLopump,1787071477142856,1,1,0,True,True,FULLY_PRICED_5M,True,True,0,
A3zgKhPmkgbMqGhnfv1ouJVCWBikc1qncTtSMr6gpump,1787071477133856,1,1,0,True,True,FULLY_PRICED_5M,True,True,0,
FRRHgGg9KbLipMGE7xrChZDu26yWVb7Q5jFTV3nDpump,1787071477131858,1,1,0,True,True,FULLY_PRICED_5M,True,True,0,
66YY3wbmZgVHkj5yMYWbJpEQCWkJGMxUMJZ4Y6Kjpump,1787071477121857,1,1,0,True,True,FULLY_PRICED_5M,True,True,0,
H7xQ1DAqYdT9Yb9MF7FiqnKVcXYVupNTd9aWVnA7pump,1787071477119856,1,1,0,True,True,FULLY_PRICED_5M,True,True,0,
EVXH6dEL1r7vM8K2fJcpH1AJaN4Y98KXBdpowKXZpump,1787071477118858,1,1,0,True,True,FULLY_PRICED_5M,True,True,0,
Fqwc2hQK2d2T324FgSKEB5DLkJqCcWnSxMsJfjRnpump,1787071477117858,1,1,0,True,True,FULLY_PRICED_5M,True,True,0,
5LocChriyyBQETQepYXF1RGevzB1VkptjR3MHkQ5pump,1787071477117858,1,1,0,True,True,FULLY_PRICED_5M,True,True,0,
6U9dZDScmJKof73vWypkmSN2VwrbtzKQBxynJBFnpump,1787071477115856,1,1,0,True,True,FULLY_PRICED_5M,True,True,0,
AK524wA1KNQABS1acKfnt4WXCo7MmVFVKAsayTjmpump,1787071474459796,1,1,0,True,True,FULLY_PRICED_5M,True,True,0,
DYW4xHVbRe4c7wcPkkpZ82djtbpCGVWm5hBnEJYNpump,1787071474459796,1,1,0,True,True,FULLY_PRICED_5M,True,True,0,
EB839eMDXPdTgvSJDV73qZc4iAqCpPfFrdjk22y1pump,1787071474458796,1,1,0,True,True,FULLY_PRICED_5M,True,True,0,
2p2Xkgpgnpvnwin2JkVEUqRpuWwhrtxwLxrbyzSHpump,1787071474454793,1,1,0,True,True,FULLY_PRICED_5M,True,True,0,
C1dh7hdX1QL8BigvMgcoY3pjjriUvCDvEUDE91e2pump,1787071474453793,1,1,0,True,True,FULLY_PRICED_5M,True,True,0,
2JQC3ic6D4f3bxxUZX3F6YLXoupDEb6bGvPcQvaDpump,1787071474452792,1,1,0,True,True,FULLY_PRICED_5M,True,True,0,
Eu28ALFQrnbSb2qBTvV4B9b3UsrPivKviVvSdmkmpump,1787071474450792,1,1,0,True,True,FULLY_PRICED_5M,True,True,0,
4ALTMDtBJ3Fe8UU9ao8mXb4izxqo8Tq1QYpMDeGZpump,1787071474449794,1,1,0,True,True,FULLY_PRICED_5M,True,True,0,
8HDTk46ZC4YaauF7JoRGosRxgFMaJ2BXMBC7nmGRpump,1787071474447791,1,1,0,True,True,FULLY_PRICED_5M,True,True,0,
9FHb6WtKT6xrC1ksjgkBeC81P8hNHVrMaLA4mbNKpump,1787071474446793,1,1,0,True,True,FULLY_PRICED_5M,True,True,0,
3j6VSKQH5o8rjXBvuRmC97a7wyPQznH8h23dmmaEpump,1787071474445792,1,1,0,True,True,FULLY_PRICED_5M,True,True,0,
CThQmfpdAvTzimjbs7MnsSQJKVhv6oQXZbrneWcEpump,1787071474444792,1,1,0,True,True,FULLY_PRICED_5M,True,True,0,
FtMyUinSqkzi8pTEBFS8qCe9HFKbNCvXm6J6QQZWpump,1787071474442796,1,1,0,True,True,FULLY_PRICED_5M,True,True,0,
4HU3ctGds7h4PQUjvtBxbPaqJoZQVqvUS4fVgABqpump,1787071474441792,1,1,0,True,True,FULLY_PRICED_5M,True,True,0,
BLbLqcnkX1gP1JcN2uXFK3zJWVxSocfb7oP5C7rFpump,1787071474439791,1,1,0,True,True,FULLY_PRICED_5M,True,True,0,
4LYSQRbcjAa7WhttK5KQtbdZBona993NFG6W2NmNpump,1787071474437795,1,1,0,True,True,FULLY_PRICED_5M,True,True,0,
9rxXcZYZN5p8JD1QuDqcPzTiHKD8S74LNoQp211bpump,1787071474436791,1,1,0,True,True,FULLY_PRICED_5M,True,True,0,
C8wcTHeiCWCnwcxBZci8KnGKoUy1WmfZ1EvxHJompump,1787071474434793,1,1,0,True,True,FULLY_PRICED_5M,True,True,0,
BVMWszp4v4XjVKbdJgSpAHbtBbJu8k7sa2NTXgCupump,1787071474433791,1,1,0,True,True,FULLY_PRICED_5M,True,True,0,
5zDo9sqwLvJPaHZYFogaUmdf7JtZ7KjT2iKmfxjopump,1787071474431792,1,1,0,True,True,FULLY_PRICED_5M,True,True,0,
9oGhrbZywdcKa17R33QbjUiRspVr1q1bXontZ5Lapump,1787071474429791,1,1,0,True,True,FULLY_PRICED_5M,True,True,0,
CtgX76Nz9eYShysWewBnFvRBA5UMw7bk8zpKZcSEpump,1787071474428795,1,1,0,True,True,FULLY_PRICED_5M,True,True,0,
36q9oHm1QYaiJbFGZHL4HaDRBzg3Ys9Z1Uou1Tqzpump,1787071474427793,1,1,0,True,True,FULLY_PRICED_5M,True,True,0,
B74C6sghBbSJgcpZxfaoryU5NzcvZXqp4UjJZ9Dppump,1787071474424793,1,1,0,True,True,FULLY_PRICED_5M,True,True,0,
9T8QP3Jk4ZQLTTet8UQXkhtysw7bNod3rrcbyvjxpump,1787071474423795,1,1,0,True,True,FULLY_PRICED_5M,True,True,0,
3JF2Ph2wBttbhL25q29LqjTDQPc8tyV8jfE9iBYVpump,1787071474422792,1,1,0,True,True,FULLY_PRICED_5M,True,True,0,
3Ts5EUgxWsYnsgjQrFkarumd1pSk6ytu3rXyZCtUpump,1787071474414792,1,1,0,True,True,FULLY_PRICED_5M,True,True,0,
GiELJxLUL88GGukAcQoTV8iErp533toFfpBVdevMpump,1787071471834475,2,2,0,True,True,FULLY_PRICED_5M,True,True,0,
9KvQaVokqD2YHLT1dtzT5jF5B7bLvVNdKnWtuP8Apump,1787071471828476,1,1,0,True,True,FULLY_PRICED_5M,True,True,0,
BXofeKqWdzMtcrFt7rNRKFfiEsdX3PW4jfoW8xcTpump,1787071471825475,1,1,0,True,True,FULLY_PRICED_5M,True,True,0,
6A9e85xYAuon93FSNwfWMR4TLQPtSNCR9pcb6bonpump,1787071471824478,1,1,0,True,True,FULLY_PRICED_5M,True,True,0,
D7Yamzjb2S6ujP13tAFH4C15VLYgUBt9jTD6We85pump,1787071471821483,1,1,0,True,True,FULLY_PRICED_5M,True,True,0,
GFHnc3qXMchXye1FHuqhve4qTVakV8AwHsegmJfppump,1787071471815474,1,1,0,True,True,FULLY_PRICED_5M,True,True,0,
2ZJdKnQUuKBtVir6nJ8nim78Pk83niEPWjbmq1oBpump,1787071471815474,1,1,0,True,True,FULLY_PRICED_5M,True,True,0,
5vHCBdd5XTbH9ko2JQMyMtq1WxwDW1iDUHBMP4XSpump,1787071471813476,1,1,0,True,True,FULLY_PRICED_5M,True,True,0,
DL4LWQ51BdgbK46K4voDhFxZ4eXrJ5T7ApWDnR9cpump,1787071471812480,1,1,0,True,True,FULLY_PRICED_5M,True,True,0,
8zmsUTVT9axYkvAVmJV7R3psRXEfUB569KztXDuVpump,1787071471811475,1,1,0,True,True,FULLY_PRICED_5M,True,True,0,
78d8wNsjVsSqFZz6N4Y3eLs9qb2kNFku4gaaAvDGpump,1787071471810475,1,1,0,True,True,FULLY_PRICED_5M,True,True,0,
BBDBeTacV7yVotQbxBhD8XqRUDo5Wj6LiH4Uvquhpump,1787071471808476,1,1,0,True,True,FULLY_PRICED_5M,True,True,0,
Ao2VTkk453E4vvei13zWLBbGXivaboEEPNNfJQmZpump,1787071471807475,1,1,0,True,True,FULLY_PRICED_5M,True,True,0,
GDZgZchNFFhTaUteLt3PgDVb9XAiTg6hyxBEuSn4pump,1787071471805477,1,1,0,True,True,FULLY_PRICED_5M,True,True,0,
3hjwopu5nYo7PoDzrN4oD37bNJtKEZseo2P2HVMjpump,1787071471803480,1,1,0,True,True,FULLY_PRICED_5M,True,True,0,
BB16FxLnHbcUJvVCft2wvQSZua5krZsqraRKYecppump,1787071471802476,1,1,0,True,True,FULLY_PRICED_5M,True,True,0,
6zrMfbiPEPRmnbzmAq4EspsZmzVKDkCdZTS6ScFQpump,1787071471802476,1,1,0,True,True,FULLY_PRICED_5M,True,True,0,
DDnqEBoaEJTKqvXCCfxoD6iTLNwu4f2MWRjYmGB2pump,1787071471801475,1,1,0,True,True,FULLY_PRICED_5M,True,True,0,
Bx7RNf1xJm4v4SpXuaKA6h61FMYBfUwsTp1oS7R4pump,1787071471800482,1,1,0,True,True,FULLY_PRICED_5M,True,True,0,
Gnx2qmY6J7ZvBELPXchqX6duQzneEcRLYZDGUCzZpump,1787071471799475,1,1,0,True,True,FULLY_PRICED_5M,True,True,0,
6CmhHYzL2grKmU1Ea5tCVNHPKW8gh3gtthuzTUbxpump,1787071471783475,1,1,0,True,True,FULLY_PRICED_5M,True,True,0,
3nZMXHrRBXRwiQYKjkzZxCMy7fEtTTXNS77H2b3Tpump,1787071469813387,1,1,0,True,True,FULLY_PRICED_5M,True,True,0,
Bu1NyoLKCUu7RGiRrPD8PGQLTdo6UucUx1UZ6B4apump,1787071469813387,1,1,0,True,True,FULLY_PRICED_5M,True,True,0,
8frk6YfiZK7TzNGFr672ZqNHpiyUbY6VaKJJ1ZRypump,1787071469812386,1,1,0,True,True,FULLY_PRICED_5M,True,True,0,
9LnTX3xyKsFL9eqrPUnab2Bazpp1gxizEpvwcFewpump,1787071469811389,1,1,0,True,True,FULLY_PRICED_5M,True,True,0,
HCjYLf3pWrwCb4i4y9nwgK4xem3AFEGj4aYE4HmApump,1787071469810386,1,1,0,True,True,FULLY_PRICED_5M,True,True,0,
78fMNvqJ9pnpceYqrE6Cf7qyWefpcXjmtTcpW4iwpump,1787071469803386,1,1,0,True,True,FULLY_PRICED_5M,True,True,0,
FjxKj672inUk8ZkBxhxUVMgWQvs3grHCqNk5gWhRpump,1787071469802388,1,1,0,True,True,FULLY_PRICED_5M,True,True,0,
9QQeuAcr6Aw3wkBtpSpgPDRd6LvVcuCqqXWR3UGfpump,1787071469800387,1,1,0,True,True,FULLY_PRICED_5M,True,True,0,
E5jGnQhacL5pK2N2sXU7mpUCm6Aa3mqi5X6bWaS1pump,1787071469799386,1,1,0,True,True,FULLY_PRICED_5M,True,True,0,
HpNUbhYNJVJtqrXhiSFnFniC6jNpp4z1oyEcCDwjpump,1787071469796387,1,1,0,True,True,FULLY_PRICED_5M,True,True,0,
5RKVXkLNnx3ZtiRToYhqQk9DeTX5LSotJb8J29g9pump,1787071469794387,1,1,0,True,True,FULLY_PRICED_5M,True,True,0,
6xh7h93XbE3qYa5xhSpBjMBpBJHj98Eb9dnePsTpump,1787071469793389,1,1,0,True,True,FULLY_PRICED_5M,True,True,0,
DmTCZjpe6fgWWUpT57VX7XiLXcDXLwYAjFdZisSppump,1787071469792394,1,1,0,True,True,FULLY_PRICED_5M,True,True,0,
GHp5tD78psQ5MvPV3vUkh1zsaHv8WcS1eRfqxHYopump,1787071469791392,1,1,0,True,True,FULLY_PRICED_5M,True,True,0,
GGJvdihsGQ4Sr983L9RyriBcw1eCYbWeTyFhhk4gpump,1787071469789392,1,1,0,True,True,FULLY_PRICED_5M,True,True,0,
A1c7iVuiTbPdtRX3Jk64pJTwdHbnarvjRmfX7xBRpump,1787071469788388,1,1,0,True,True,FULLY_PRICED_5M,True,True,0,
8iQoNcNdr9gRzhXriVgxgfbgu8G8vSJABzbN4iYNpump,1787071469787391,1,1,0,True,True,FULLY_PRICED_5M,True,True,0,
GrXoSkwF5RRncT3fgTChVr1xxKmcKoQc28GArYoUpump,1787071469786391,1,1,0,True,True,FULLY_PRICED_5M,True,True,0,
GPrHt4RcLreTiZKG6tAKu9xLmLhiCgNwvDSBV8B4pump,1787071469784388,1,1,0,True,True,FULLY_PRICED_5M,True,True,0,
39Ja8BcJ8ECRwYvLQ9UStGYRfu4KidwK46asWUJrpump,1787071469782387,1,1,0,True,True,FULLY_PRICED_5M,True,True,0,
FrPqGhJnSsFxg7M2QWqBuCNFmY6EL9DmsqtG41xRpump,1787071469781391,1,1,0,True,True,FULLY_PRICED_5M,True,True,0,
3X68mvYKML6DesvyDdtUWLFqSzKh7P9F5FLEH16npump,1787071469780387,1,1,0,True,True,FULLY_PRICED_5M,True,True,0,
941zwwASB1h7cqkGCZGYW2F7YQ1s2Gh3rszjKrtPpump,1787071469779387,1,1,0,True,True,FULLY_PRICED_5M,True,True,0,
EdQjec1qKkTPZynbJeVih5RrYaGHyA3kt9FxHpjhpump,1787071469775387,1,1,0,True,True,FULLY_PRICED_5M,True,True,0,
3fkkuwz2HGpnfmRkadpB31nxyV51YXRahYa7MnrApump,1787071469774386,1,1,0,True,True,FULLY_PRICED_5M,True,True,0,
13QJLENJbotaW1oS5WoVrMSC7r3AZiJkMWixQLKhpump,1787071467124500,1,1,0,True,True,FULLY_PRICED_5M,True,True,0,
4Zuwt38qbCSHwhnQoJmLj6RLLmxVYMwQjfD8Fv7Mpump,1787071467120500,1,1,0,True,True,FULLY_PRICED_5M,True,True,0,
CrLGZLEK8oKK3RkezD8NFzdeGN5YT24sSvxmJ4dYpump,1787071467119501,1,1,0,True,True,FULLY_PRICED_5M,True,True,0,
8MJJGM7VEdNUZTKxT2xdSf5uMKRxYLLg26bhDTKEpump,1787071467118501,1,1,0,True,True,FULLY_PRICED_5M,True,True,0,
3J6jq1k1BcJT3BgsVpCh836umbeakxnACToywpC1pump,1787071467117502,1,1,0,True,True,FULLY_PRICED_5M,True,True,0,
UBQjCDDtpWL5nY46aR911XQ2fRwRwCgUfw8nBncpump,1787071467116501,1,1,0,True,True,FULLY_PRICED_5M,True,True,0,
4bEy3XWdyzrER1R4aiCxeD3SRx1EoH1Gwru9wa99pump,1787071467115500,1,1,0,True,True,FULLY_PRICED_5M,True,True,0,
6idpSqP5DhC2sRTSJHMhCEuPHSt1ysm4JNtLBoiTpump,1787071467111500,1,1,0,True,True,FULLY_PRICED_5M,True,True,0,
5JavAQr2RviPSDTB7TZLv7UEVNYbErQZ1WSGBZLHpump,1787071467110500,1,1,0,True,True,FULLY_PRICED_5M,True,True,0,
8ogYzkMTJtt9SH27zDnY8Zyonzyof31E3zkwbjBCpump,1787071467109501,1,1,0,True,True,FULLY_PRICED_5M,True,True,0,
61nvwwogi1jpXfC6syggKfsGQ5BCkpoabdLjPRiqpump,1787071467108501,1,1,0,True,True,FULLY_PRICED_5M,True,True,0,
Dn58MtkkMTTdpgM3CY5U9sroKKRzWhKeqHg1upDHpump,1787071467107500,1,1,0,True,True,FULLY_PRICED_5M,True,True,0,
5EUirFFgLMyfy4MRnsR8D9EmMuCtS7U9UzjnW7vDpump,1787071467100505,1,1,0,True,True,FULLY_PRICED_5M,True,True,0,
4q6UcPTFYKUZVtQ17xRQddQcXpQENkXeZYG5ULRgpump,1787071467099500,1,1,0,True,True,FULLY_PRICED_5M,True,True,0,
34W3pzUDJ4AKgBiHQy56jYdubiLPQHZhUtSNYgMRpump,1787071467098501,1,1,0,True,True,FULLY_PRICED_5M,True,True,0,
2965ex9UjjD6piAZaecyGo3HitPBzWPZjLRPbBwhpump,1787071467097499,1,1,0,True,True,FULLY_PRICED_5M,True,True,0,
2mgkxvysYgEy1T85ucigrTeHjqiCARNkQ8LHBs4ipump,1787071467094500,1,1,0,True,True,FULLY_PRICED_5M,True,True,0,
7iFpJEngKnUDiXgz97cKi23qo6bBhKPLG38Mw3VDpump,1787071467093502,1,1,0,True,True,FULLY_PRICED_5M,True,True,0,
99FB8hy9LvYZu5mGZMgKTBRSbYixUT83GtFq7FEppump,1787071467092500,1,1,0,True,True,FULLY_PRICED_5M,True,True,0,
66mTPRe5h3iHAa4yB8Sck3tQKr5osgAwpsBXWQb6pump,1787071467091500,1,1,0,True,True,FULLY_PRICED_5M,True,True,0,
DvA624znESSr1Yiuc7i5wLPQBZ6fE86WBYioHorApump,1787071464470989,1,1,0,True,True,FULLY_PRICED_5M,True,True,0,
PoU15NBsNm5diB4XHPt6EyKibdJmekaXbN9KaVhpump,1787071464414989,11,11,0,True,True,FULLY_PRICED_5M,True,True,0,
3qsuQgH85Y9V66vbd3zZQ5oWYqHqvLg2m9QM2u4npump,1787071461993410,4,4,0,True,True,FULLY_PRICED_5M,True,True,0,
9J2qTuBwDhDX5Q1zKxRyEgzeazTeHU4HPMwUjfFDpump,1787071461974410,1,1,0,True,True,FULLY_PRICED_5M,True,True,0,
CtDZ8NYzCXPsT6YvnsVtfrYtyuVBNdWc7BTLZv8Kpump,1787071461970410,1,1,0,True,True,FULLY_PRICED_5M,True,True,0,
D1s83xGN2PukTpJTB9UbJeEtzEKET3Z4NpCy48gipump,1787071461969409,1,1,0,True,True,FULLY_PRICED_5M,True,True,0,
5fXzt5sy4zuqK7qTUyPPyPVtdfWQUSE8Jfsi3y3opump,1787071461967409,1,1,0,True,True,FULLY_PRICED_5M,True,True,0,
8QiMxSyBCBqiLK6HrzuVDY5SWqkaXA5gaWYVFbwspump,1787071461963410,1,1,0,True,True,FULLY_PRICED_5M,True,True,0,
2JcYgBQpD4T6KwNrywwzUpBka6pBeEEJsXPcYys7pump,1787071461957410,1,1,0,True,True,FULLY_PRICED_5M,True,True,0,
Ew86xQ8tjmRnfYkDomJoTeWk36wasX42yhJmvdxHpump,1787071461956412,1,1,0,True,True,FULLY_PRICED_5M,True,True,0,
3q29JTZEkShYJ3GpjUgUvTY6kSwP1w2o8oGRAPNppump,1787071461953410,1,1,0,True,True,FULLY_PRICED_5M,True,True,0,
GXaoeYjEUUqvZUJCmfExdRzP3EUCFD2ieMXSQzmhpump,1787071461951409,1,1,0,True,True,FULLY_PRICED_5M,True,True,0,
De223q3f5QZrYBAXZWwevNpDoU9Pqahc8LpAUyTzpump,1787071461949411,1,1,0,True,True,FULLY_PRICED_5M,True,True,0,
BDavrN9S8cZC9Dh1S1vmFyt6EiWWXg36dnJGEBeZpump,1787071461939412,1,1,0,True,True,FULLY_PRICED_5M,True,True,0,
JQAgU5WKpK9Z16v6XWps9BUJGprEQMnHPmUKXGmpump,1787071461935410,1,1,0,True,True,FULLY_PRICED_5M,True,True,0,
9P9kfu5wYaMAQ76SX7FmhZP6K3NGZrRNJmFoAizypump,1787071461934410,1,1,0,True,True,FULLY_PRICED_5M,True,True,0,
GWLxmQpU3xGpXtAuBDCcmdePQMuunPWQhvFBfkYVpump,1787071459194634,1,1,0,True,True,FULLY_PRICED_5M,True,True,0,
DgGDKSA2bn3fV5D6jrQrKvDmB7aYUymQgSosPw2cpump,1787071459192634,1,1,0,True,True,FULLY_PRICED_5M,True,True,0,
2WABzMSjRid2KbiGFZULAGcWDKp4XtbsFvFmKCEvpump,1787071459191634,1,1,0,True,True,FULLY_PRICED_5M,True,True,0,
G8Lhs993hT1xMWh9cu7DXj7TYCaXpoQ5QGeveZsRpump,1787071459190635,1,1,0,True,True,FULLY_PRICED_5M,True,True,0,
j9AUkZSrkC22tAgaTp3ar31h8vX1REK8rQEyWAWpump,1787071459188635,1,1,0,True,True,FULLY_PRICED_5M,True,True,0,
N1dU4szdVnpppREm6DygCsxKizBtBkiqzLniHc3pump,1787071459186635,1,1,0,True,True,FULLY_PRICED_5M,True,True,0,
HuoQJ3cYYVf6H4bnaVEDqb2wkCKGKgXAJMbNHMgjpump,1787071459182637,1,1,0,True,True,FULLY_PRICED_5M,True,True,0,
Hdo7yj7uCfekRpGdvCumSVvdRQ8GhV3uDk4y36Zwpump,1787071459180634,1,1,0,True,True,FULLY_PRICED_5M,True,True,0,
4r64uYwedD7TpXFyJjSDNTZP4tNiRYxDu8Dgucdxpump,1787071459179634,1,1,0,True,True,FULLY_PRICED_5M,True,True,0,
FCBkyw3FrNngBmZZQ37a7wD47d4nmCqxZeM9J36rpump,1787071459177634,1,1,0,True,True,FULLY_PRICED_5M,True,True,0,
BV4JQqSoShyrsGphhjg9vcXV8Gs4ngy694K9Zoz5pump,1787071459175634,1,1,0,True,True,FULLY_PRICED_5M,True,True,0,
JCpq8ErukEjHQHdPgGCvjd71xgqoAF4UshXZpHsHpump,1787071459171634,1,1,0,True,True,FULLY_PRICED_5M,True,True,0,
ni8gRCZj3G2miTtm3gnntwtjJJVb5kq35bTbYNNpump,1787071459168639,1,1,0,True,True,FULLY_PRICED_5M,True,True,0,
96gvtdtg1D6XrxLscW4mMtqQ8R2kdzCLbJrHSt3dpump,1787071459167635,1,1,0,True,True,FULLY_PRICED_5M,True,True,0,
Cw2wNq6rFJY7o6HhmfTSfz6TfVMdEWwjfU3fYCQ9pump,1787071459165635,1,1,0,True,True,FULLY_PRICED_5M,True,True,0,
toSChJ9RWXT5quB2X32woex149YwbmiK4xKpxtapump,1787071459163636,1,1,0,True,True,FULLY_PRICED_5M,True,True,0,
LqY3F2XndNXZ8XCnPo952e1w85DiW9QxH9wUZUjpump,1787071459161636,1,1,0,True,True,FULLY_PRICED_5M,True,True,0,
G7yTabGxZANTrsyEwgJDsrWHdVTDWCE8h1sRUbHqpump,1787071459160639,1,1,0,True,True,FULLY_PRICED_5M,True,True,0,
7kwErtgE3RUHLyUaUbxSQ3EW3Y3FDukG1X4Xs8Uepump,1787071459159639,1,1,0,True,True,FULLY_PRICED_5M,True,True,0,
DhPPyArxXUC9AdcGa9t92XebEhvRs82wckrChVapump,1787071459155634,1,1,0,True,True,FULLY_PRICED_5M,True,True,0,
497hDzRx3HRUPp4HZcCz36mwnD5r6tFNdBNCveFYpump,1787071459153634,1,1,0,True,True,FULLY_PRICED_5M,True,True,0,
CZ1p6F18BxTwmsEVPVLPRTgaMRsZjnwG3V6ug8LEpump,1787071459151636,1,1,0,True,True,FULLY_PRICED_5M,True,True,0,
BSdJz3ZFx3HufJTRmY3U31sJfCGNGhWv9hg2tgjnpump,1787071459149635,1,1,0,True,True,FULLY_PRICED_5M,True,True,0,
A8ecPyQis5Rn7VibuGTd2uMXVQeKGaCQCNESUx9fpump,1787071459145635,1,1,0,True,True,FULLY_PRICED_5M,True,True,0,
GV2j61njsQ32vCnuUKqfvYXzKxoSRvZ2aajucRpVpump,1787071459144636,1,1,0,True,True,FULLY_PRICED_5M,True,True,0,
WyRfswVmF1vfKiThZUtFEM6dxfi9ERT81ASJMoBpump,1787071459141634,1,1,0,True,True,FULLY_PRICED_5M,True,True,0,
7kNiUgLewRoDkTraVX8tRwX5PrMiYaGCgu2rR9L4pump,1787071459140638,1,1,0,True,True,FULLY_PRICED_5M,True,True,0,
3XKYn2CRE8y43zAn4MdmctyMwY3aDbFoacFCWxpvpump,1787071459138634,1,1,0,True,True,FULLY_PRICED_5M,True,True,0,
Axt1wS9jQnSNPVhazug5oFCfcP2hnqeq8sZnSPE4pump,1787071459135635,1,1,0,True,True,FULLY_PRICED_5M,True,True,0,
75ScaQj8YnnGhmzZiZ3jtHxack9X6cGRr5red8bhpump,1787071459134636,1,1,0,True,True,FULLY_PRICED_5M,True,True,0,
8Xy1RAeEy7n7VnoTLrJ23st8EgUTP3XSudQTNtCNpump,1787071456350071,1,1,0,True,True,FULLY_PRICED_5M,True,True,0,
BJVqCGNJh7yVnfhPK3tgXMkmxPMY8ZYhgm5T7yDwpump,1787071456349072,1,1,0,True,True,FULLY_PRICED_5M,True,True,0,
3R6w2FeGnDYLqGUZTzvnn34CCe9F3ZhX1nQKy1Uppump,1787071456344074,1,1,0,True,True,FULLY_PRICED_5M,True,True,0,
EVRWcPhsv6egPmYZuXK7z21PrD2W93kJzmnFeoBbpump,1787071456343072,1,1,0,True,True,FULLY_PRICED_5M,True,True,0,
B8esAhxfboHgazcUUhaXTerfXKPdsTrGFQN82D2ipump,1787071456341076,1,1,0,True,True,FULLY_PRICED_5M,True,True,0,
7R13TJMBVFhK7xW45HwP3kNvfazzWnsup5s6siFmpump,1787071456339075,1,1,0,True,True,FULLY_PRICED_5M,True,True,0,
BRgmB1qDWHaWpbEP1BD5d6RfFTfwefbygDMNa9hrpump,1787071456338075,1,1,0,True,True,FULLY_PRICED_5M,True,True,0,
9H1DwjtY4uQFEWfTFArdwynt8bGFJbbtpEuuuYMzpump,1787071456329071,1,1,0,True,True,FULLY_PRICED_5M,True,True,0,
3JEKKUNsWA6sTAY8aNvs2Dbom47q7w62yH1w38Yvpump,1787071456328071,1,1,0,True,True,FULLY_PRICED_5M,True,True,0,
B5dgnGxYVgYRqopqrVAfBKDJZ1pGesuk924Ri97Lpump,1787071456326071,1,1,0,True,True,FULLY_PRICED_5M,True,True,0,
BEoDpK5fs8BQMJTRxuUQcK7teQxrbabnmUWPT5t6pump,1787071456325071,1,1,0,True,True,FULLY_PRICED_5M,True,True,0,
711JSDEU3zDp9CCWPWvG4BR9uXz8TqSs2SddDd2Qpump,1787071456323071,1,1,0,True,True,FULLY_PRICED_5M,True,True,0,
9aBG4wP2JSDEDjKg9mGhBaTGhcutNNSxcUincx7Hpump,1787071456321071,1,1,0,True,True,FULLY_PRICED_5M,True,True,0,
5wTr4jR5KPnTAQoZFKxAs86stE8dgyH4LmZSSrzjpump,1787071456318070,1,1,0,True,True,FULLY_PRICED_5M,True,True,0,
9tXPUBiTvMNibCTq22yUUrnQ3h7c5mYGMtQ4eigqpump,1787071456315071,1,1,0,True,True,FULLY_PRICED_5M,True,True,0,
FTnS6HSz2vZmbBRwYx95STt8aYfqFotTN72ptorQpump,1787071456313070,1,1,0,True,True,FULLY_PRICED_5M,True,True,0,
En4P3H2sdG2g9paka5vA7yKSQrM5kjLWFD2wdYaApump,1787071456312070,1,1,0,True,True,FULLY_PRICED_5M,True,True,0,
6NNkC7M4hd5owD1bESdv3GsTfAop6MWuUvnxNEBrpump,1787071456311071,1,1,0,True,True,FULLY_PRICED_5M,True,True,0,
HCqNGZiuLo9B9CLbXPkpcSWfT4PPq6BSgqjjNGpBpump,1787071456307073,1,1,0,True,True,FULLY_PRICED_5M,True,True,0,
EViLj8fojAQmzmismEzs4n9FKgYRtiowmmB17Jrxpump,1787071456306075,1,1,0,True,True,FULLY_PRICED_5M,True,True,0,
3taQuaot3GSgcc9K3k31pdFpo569TDeZGnpPc9W8pump,1787071456302075,1,1,0,True,True,FULLY_PRICED_5M,True,True,0,
2FYVhwF6f7tUDkTQMDMKuntqAR1dxQX6x9Hjj2eHpump,1787071453626803,1,1,0,True,True,FULLY_PRICED_5M,True,True,0,
61DRyD8TR58CfbAqHQbw2ZvR1ofq8XTMmXdSaf11pump,1787071451218226,1,1,0,True,True,FULLY_PRICED_5M,True,True,0,
5J18umGMYqD2kURZZEQjSGZVo3ZgoDTfvz8Jy2Gfpump,1787071451214226,1,1,0,True,True,FULLY_PRICED_5M,True,True,0,
B6KnRgsr2MdtF7DdQtb6QxL1Zo3wdPfNVoscn6aipump,1787071451213226,1,1,0,True,True,FULLY_PRICED_5M,True,True,0,
HrVZRsnfd2kxgjn9QfJ2yadtui4kpF55QHVbDrU1pump,1787071445758466,13,13,0,True,True,FULLY_PRICED_5M,True,True,0,
3JJ7WJrNCJ4mRKPhRabMeNFkpDEvwCgXBekWtfGfpump,1787071442975706,2,2,0,True,True,FULLY_PRICED_5M,True,True,0,
B4jSGfWcA31GD6fMaGJ9XKU7UhhMwR3RbcXGh1Jppump,1787071442949706,3,3,0,True,True,FULLY_PRICED_5M,True,True,0,
2cjqf45A6MXLs2nV567W891VX4FRrj5iKsmeKmoFpump,1787071437583522,4,4,0,True,True,FULLY_PRICED_5M,True,True,0,
DXEhtL8H6ZwN5yjJCw2VdyZYzWo2BibCe2Mu5Wyfpump,1787071437506521,3,3,0,True,True,FULLY_PRICED_5M,True,True,0,
GVw4JNZcBXqZ1jBWiL2Fytk7KNm1z3Snuj9AHZ9spump,1787071435671130,16,16,0,True,True,FULLY_PRICED_5M,True,True,0,
BgGa7UsxXF4t1CQvsuxm4w5w1vedeCw7Ps4F5VNjpump,1787071435654129,4,4,0,True,True,FULLY_PRICED_5M,True,True,0,
3typLVSW8PPb2F3sQRxfCefZAUk74xUP7pfFvVJgpump,1787071435606129,6,6,0,True,True,FULLY_PRICED_5M,True,True,0,
BqSVedE3zot4tHwWNeAp6T5Q5XwrJC3MT2mjHi1QQrD8,1787071431217334,3,3,0,True,True,FULLY_PRICED_5M,True,True,0,
BNMsy2QFbnXxaMP3omLdUdNxCr5Fr2TstoKUHigFFqRx,1787071426698832,1,1,0,True,True,FULLY_PRICED_5M,True,True,0,
H9LjZJb3z48iLQaq7ehmAdvgg5A9G7QQWSUcVTNa6YH9,1787071418572819,1,1,0,True,True,FULLY_PRICED_5M,True,True,0,
8QCwhuC8rF9jLSc5khhaMTvT8rBheVuhCNtdEGhRD9oS,1787071416691245,1,1,0,True,True,FULLY_PRICED_5M,True,True,0,
6wogx4ja7acVYj37e2kyDDStjWmfJFgjYwz5wtSopump,1787071416654242,1,1,0,True,True,FULLY_PRICED_5M,True,True,0,
JAdBx1rKfoJBamFcJV8AmxYLe44T8ZVtrPPVqtnNpump,1787071414134929,3,3,0,True,True,FULLY_PRICED_5M,True,True,0,
7t7ufmSnCrw3r2PohoM7FSvLEXPDsXf4mSJj366Npump,1787071414106928,14,14,0,True,True,FULLY_PRICED_5M,True,True,0,
GrRQ8wJ2LePenkmCHeUjckJz9zPbUXLgq3wBKAGapump,1787071406123374,2,2,0,True,True,FULLY_PRICED_5M,True,True,0,
DjjsEqD5LhoKDFanx1BFRkaeYXReYKmbSbPC3ptvpump,1787071403272559,1,1,0,True,True,FULLY_PRICED_5M,True,True,0,
ACfKjTyHZMAMPzjtYxzfsz66aQVgLkfN5N6R8Ndypump,1787071397872167,1,1,0,True,True,FULLY_PRICED_5M,True,True,0,
9pB8uTQQSCZtnaaUEo1Bvwymy73XSztwQrpRg5Aepump,1787071397856170,1,1,0,True,True,FULLY_PRICED_5M,True,True,0,
93AZ1fb3ZRAemFkAys8d2z3AoYgU8z4VRhz7M9M8pump,1787071392489591,7,7,0,True,True,FULLY_PRICED_5M,True,True,0,
5JwKdV18q4QTh8YBy7JJZRpu4kfHMo1Pz4WdyYQSpump,1787071392483589,1,1,0,True,True,FULLY_PRICED_5M,True,True,0,
CStuJdzp4FxEMYG8wjen2FN7GyJHw5hzNFx9ynV8pump,1787071392465587,43,43,0,True,True,FULLY_PRICED_5M,True,True,0,
5dGcUtSe2nJdaGGVM49G4Xus13r2sJucqzKYj7u2pump,1787071389948328,1,1,0,True,True,FULLY_PRICED_5M,True,True,0,
4Mmw3JdgTR98cvF4jK21n4wtY7diUjG27TfGmcuapump,1787071387580328,11,11,0,True,True,FULLY_PRICED_5M,True,True,0,
HDW9avXEHYh7dsuPGJN3mgohfKXpNmjDAFxxiyS3pump,1787071387504330,9,0,9,False,False,NO_PRICED_TRADES_5M,False,False,0,VIRTUAL_SOL_NONPOSITIVE
6E1cERS5JEcAfy5CzxQ4GQ7JXDppg765pGtj2Jyapump,1787071387486328,8,8,0,True,True,FULLY_PRICED_5M,True,True,0,
6Ty4TYvR4o4V5QnCJUWfQMPrqtmaTJjk6SHeviCSpump,1787071387482328,40,40,0,True,True,FULLY_PRICED_5M,True,True,0,
3hdRXc61y1hCBr8JZ7GWg8TP7geUHk3JTAXkyMx3pump,1787071370906216,9,9,0,True,True,FULLY_PRICED_5M,True,True,0,
82PekqfZC6qsBEiKBo7GH6GWQEo1w4Fu92fMqEhopump,1787071357470202,3,3,0,True,True,FULLY_PRICED_5M,True,True,0,
Bw3hp1AGgiitqao3DRyXYPryazfuKSX7NsL2n72ppump,1787071355292307,5,5,0,True,True,FULLY_PRICED_5M,True,True,0,
CmnMzq8ZSmdVLcLHgEY7swfCZjCtF9Yf1MEcDtGDpump,1787071352654438,62,62,0,True,True,FULLY_PRICED_5M,True,True,0,
9tjg4BVtSkmiHX6ZoJT6CtWfxoskrii5yn4td6EVpump,1787071344284426,2,2,0,True,True,FULLY_PRICED_5M,True,True,0,
5pgtwgmiCuLHkQ9od1uFohfQbwkg4Jp6uBvXgAqDpump,1787071344212430,2,2,0,True,True,FULLY_PRICED_5M,True,True,0,
7asnDo2FjAjRa4iMxaj4dRu7D7Bgw1J32TfPDwXMpump,1787071344138425,10,10,0,True,True,FULLY_PRICED_5M,True,True,0,
8k8fFksznUSmK56BV6QfkUb3QFcu57CHKAdjrgpxpump,1787071338574598,17,17,0,True,True,FULLY_PRICED_5M,True,True,0,
2v5WQMi9wJLDnhcT2FyoocHWEEShqrHSWxcEeGigpump,1787071338556599,2,2,0,True,True,FULLY_PRICED_5M,True,True,0,
956APa32ifmZaAh7MSFmFcSr9ibo38af43tQXwYBCN7y,1787071336099208,7,7,0,True,True,FULLY_PRICED_5M,True,True,0,
Fog1jWhUgPhJS6Df8B9PkMFRKw5Y4vPNj3XxJEndpump,1787071334049209,6,6,0,True,True,FULLY_PRICED_5M,True,True,0,
5sqwueSTCdPP66NJm6Z1MnHnL2ruCigKZN2CvF51pump,1787071333780209,82,82,0,True,True,FULLY_PRICED_5M,True,True,0,
BJjpbtgjCxGRD6UWqUA58PXorqajuVZhLoHuEAhjpump,1787071322110463,1,1,0,True,True,FULLY_PRICED_5M,True,True,0,
AZbhAj15v2d222qpdQtsx62FNAw3stokMhyy7aXypump,1787071304722410,1,1,0,True,True,FULLY_PRICED_5M,True,True,0,
3yVEC7R6kjoejVQQySEKgwW3HiPwhFjUxXciSv2tpump,1787071296358594,3,3,0,True,True,FULLY_PRICED_5M,True,True,0,
4NuYdUaDvnrME9e37dqgCi75i3DjAkqUBpwxEjBHpump,1787071293785632,11,11,0,True,True,FULLY_PRICED_5M,True,True,0,
4uKSN57QYZQfd9ScoMBYTNvQfZDJqdfJCwwTJqqJsC7u,1787071291561074,1,1,0,True,True,FULLY_PRICED_5M,True,True,0,
HRhTnbXgFgTZRkcU7DLNx1T5ZG6Ew3FMHpJ6aVJVYBxF,1787071288901983,2,2,0,True,True,FULLY_PRICED_5M,True,True,0,
FsgVnNsph7d7qKuh4Vwx4jN1JnHgskXTWXDNjRMGpump,1787071286438605,2,2,0,True,True,FULLY_PRICED_5M,True,True,0,
4QLC3n3Pu9nR8ttiuQnDTbHMpdrVmAuj6FDdJ8eWpump,1787071283782540,12,12,0,True,True,FULLY_PRICED_5M,True,True,0,
7kx9tzwTie6sDBvdxAwEmho4ZyUU3i4jzdy76ijApump,1787071283762541,7,7,0,True,True,FULLY_PRICED_5M,True,True,0,
9vHnFxzZDdtGgriRfkg1BMjJQyBUHbDkQmaTPGMhpump,1787071283752541,6,6,0,True,True,FULLY_PRICED_5M,True,True,0,
3UdpR2arXRkiSimU2cWhnjABhoy9Za775uJKriYPpump,1787071281472772,25,25,0,True,True,FULLY_PRICED_5M,True,True,0,
Cefnnz8Mh3JhUNFPZ8EBgV9FAbVH4F4GcMyk2q8pump,1787071281439771,128,128,0,True,True,FULLY_PRICED_5M,True,True,0,
37hFbS5oMo1H24i6atH2U9m7bneVMEsmV4zZwAr2pump,1787071281151772,1,1,0,True,True,FULLY_PRICED_5M,True,True,0,
GExHZ7ayv82fM1fQcjbUPzNwzemnhiZNf6TZUBdApump,1787071264064958,4,4,0,True,True,FULLY_PRICED_5M,True,True,0,
BoejJKDyreUqY4J3hyQbkUDM5QKwqxwJPxfSpqRxpump,1787071258739658,7,7,0,True,True,FULLY_PRICED_5M,True,True,0,
5J1pLV5oMfNbtfyk1XCJwv9XW8aPyEFTEWX9ZfLUpump,1787071256183305,1,1,0,True,True,FULLY_PRICED_5M,True,True,0,
EfWXsXAZUU1XDDrq9VL5f3Pt7HnByYpHvGDtB2bgpopJ,1787071253294303,1,1,0,True,True,FULLY_PRICED_5M,True,True,0,
72ZEKPtHWbgUDSL1tafo6fgabFZrVjqiuQMprnW3pump,1787071250296837,1,1,0,True,True,FULLY_PRICED_5M,True,True,0,
33PRv4HRUefwHCMBEFpagiSBnLLo71X42TCcTr5Kpump,1787071242194557,2,2,0,True,True,FULLY_PRICED_5M,True,True,0,
BxND31ShqukkDNcuJwu6FWdyXhWzmNDoR1cpv9BDyQiX,1787071242191558,2,2,0,True,True,FULLY_PRICED_5M,True,True,0,
9yJUtyrfMEypdZdwCLULxwPx8fDYFag6yt28tpP9pump,1787071242168443,18,18,0,True,True,FULLY_PRICED_5M,True,True,0,
2dto74vSx8fKJRUsgzg6RzV1zg8SgBSrbYnS6PSCpump,1787071242165425,1,1,0,True,True,FULLY_PRICED_5M,True,True,0,
7Pf6iEckKRYVAoWma1vCrFPHtzfuHYuQBahfmKqtbH84,1787071234520435,3,3,0,True,True,FULLY_PRICED_5M,True,True,0,
GYXBnjCLht4LsxiNga5ZWz2eCBqcJnomaRqo4bgCpump,1787071234498436,3,3,0,True,True,FULLY_PRICED_5M,True,True,0,
5pFbhLUhUfHVkZGemTSLiyMQPCKmRGrxA89NHNtxpump,1787071231757485,1,1,0,True,True,FULLY_PRICED_5M,True,True,0,
B7LsPdY86bbxGvtV44Dz1BUTeaAcVxshPNvqgVdZpump,1787071229118812,21,21,0,True,True,FULLY_PRICED_5M,True,True,0,
6C3C5iGgsC61eTh4aeA1CWmKpnSEDF4VPFuzgZq8pump,1787071229115812,14,14,0,True,True,FULLY_PRICED_5M,True,True,0,
HFD1zCJZNp1TuXHpPHx1wPdCYg23Edh5V4KDiaW2pump,1787071226765014,1,1,0,True,True,FULLY_PRICED_5M,True,True,0,
AseytNXHgzF7NUA7bqyyxZvaA67uiYfEabL8qHbepump,1787071226709013,6,6,0,True,True,FULLY_PRICED_5M,True,True,0,
5FgU5N2dtott7fxYgUppS6oNdPqegvTVHrSjSZXkpump,1787071204634249,1,1,0,True,True,FULLY_PRICED_5M,True,True,0,
HvaRmUHQRzhgh1bZrX7CMS4qzFFfS76tYWmwJtxepump,1787071196590350,12,12,0,True,True,FULLY_PRICED_5M,True,True,0,
FbsyCxStbnGBdwszG3ytAxDK5Jjz12Diz5tbe42Upump,1787071193452560,1,1,0,True,True,FULLY_PRICED_5M,True,True,0,
2ynCWFLd4kbHfAJgoyk2eRwt97NiTgVCP9d5zSWDpump,1787071191207361,6,6,0,True,True,FULLY_PRICED_5M,True,True,0,
53M9DFzQG9dkVQQx6SwKXw11AfE7zPDxSi9scYKfpMs5,1787071188635469,1,1,0,True,True,FULLY_PRICED_5M,True,True,0,
2aqgFb1zBex3vh5Nj8yhmCAWMjPMjsKJy9Jy6t7Kpump,1787071186013299,1,1,0,True,True,FULLY_PRICED_5M,True,True,0,
AXs7JD266FFhJJsiHgREApcmZmNnwwqykHYwthQP3Q1C,1787071183227176,1,1,0,True,True,FULLY_PRICED_5M,True,True,0,
7qe6eneaeC3PSc37C8JEbJ5X5csqryBp4YQ5BuUBpump,1787071180519664,4,4,0,True,True,FULLY_PRICED_5M,True,True,0,
3wZvUWgBfKJp6bF17gSjVGzdyKq6ndhBhEnKQFjPpump,1787071177905658,7,7,0,True,True,FULLY_PRICED_5M,True,True,0,
HSWKDLQvH2L2qUMoxw2M7wJ7x4ioaeHxoT4tLvw8pump,1787071177835659,1,1,0,True,True,FULLY_PRICED_5M,True,True,0,
9MFRvXM6fSND5RpSyjeAUS98DLT3hcc2s8xSaNmf9kz7,1787071172644698,1,1,0,True,True,FULLY_PRICED_5M,True,True,0,
DvNE6DKnwGJV4EhPhqh3AiW5tfJqfowsh545p4zjpump,1787071172460906,34,34,0,True,True,FULLY_PRICED_5M,True,True,0,
6HkbM4yXLrJHJ89GT1VNnrDqe86VE3CZ4HWbecL6pump,1787071172340702,1,1,0,True,True,FULLY_PRICED_5M,True,True,0,
71q9TvSuhDwuxcC2LK3Mi5XxPwgHwhkAvbrt3Pbxpump,1787071169664280,62,62,0,True,True,FULLY_PRICED_5M,True,True,0,
F4Uas5m1WH9Jn8mo6HtpDfp4Vn6rb5KG4AUfQcyMpump,1787071169662289,7,7,0,True,True,FULLY_PRICED_5M,True,True,0,
4X6HjEVF5skvSBy83fznLcGxkwaakQwvEUbDtBqqpump,1787071159750192,1,1,0,True,True,FULLY_PRICED_5M,True,True,0,
Fd6z2X3G8MEFaUFe82K8u2mVDFZ78v73KRitEyQKpump,1787071143163759,1,1,0,True,True,FULLY_PRICED_5M,True,True,0,
FauuD7SD2yUciKkCRAT5qm6q989i3CfF4WMAUEdipump,1787071139841956,22,22,0,True,True,FULLY_PRICED_5M,True,True,0,
6Y4cPpuWk6h51sctgqVm6GA5AejmVphQBehyyecnpump,1787071131321540,1,1,0,True,True,FULLY_PRICED_5M,True,True,0,
BkKhEMnJtB4xQrG3w7ud9H8c7JM5mM6UwRU4NmmUpump,1787071128815143,7,0,7,False,False,NO_PRICED_TRADES_5M,False,False,0,VIRTUAL_SOL_NONPOSITIVE
ExHyq5VPXgeyuMeHYCsTmdgAEFFkFzJy1kRkY3vXpump,1787071125879144,10,10,0,True,True,FULLY_PRICED_5M,True,True,0,
69XpqpcbiEnXhqLEnLSjMaxsXt9CeFFpyMe871Htpump,1787071125865145,14,14,0,True,True,FULLY_PRICED_5M,True,True,0,
4zpqxkhHr8WnMS8LdZZcf5Jw3WmiKFw3D7Hfo7Uppump,1787071122791673,21,21,0,True,True,FULLY_PRICED_5M,True,True,0,
6BTED4xFEQbX7SgzyW19h8u2q1URqTehpJ7AuGSXvcB6,1787071119883672,1,1,0,True,True,FULLY_PRICED_5M,True,True,0,
Baxiq29NFRf1JEyUpQnqxFBt6ZaRm8dpLu8oH21Ppump,1787071119867674,1,1,0,True,True,FULLY_PRICED_5M,True,True,0,
DWxjHC2QbzuNV9ztZSFwvDTMDQDC11k7j3nUDzeLpump,1787071119866672,2,2,0,True,True,FULLY_PRICED_5M,True,True,0,
C7gAN1eMGCyEuvpJ1weit6sbEQ1fPMV9sND93oP5jxhH,1787071119855675,1,1,0,True,True,FULLY_PRICED_5M,True,True,0,
BUibKouNnL1KPTTV8WBehQC4suKhMjpAiK5iJhFwpump,1787071118172885,17,17,0,True,True,FULLY_PRICED_5M,True,True,0,
Ba49p7JXBTYgYexeqoeCVuHW7KbABrbonJ2hUpmdKisr,1787071118134885,40,40,0,True,True,FULLY_PRICED_5M,True,True,0,
5MBk8BVfrmW13ZoDjLwG8TSZjNvcr1AS1UXWTKfapump,1787071117856884,16,16,0,True,True,FULLY_PRICED_5M,True,True,0,
HEnbUYgXqJKaEMj7pWw5tZ4vAYXd5UdkZSuScUYbpump,1787071106231152,1,1,0,True,True,FULLY_PRICED_5M,True,True,0,
GqKp51kbk11yoM1F5pHUVzCXVPnQzAr7UnuKAcRNpump,1787071101035192,2,2,0,True,True,FULLY_PRICED_5M,True,True,0,
3snLuk93i2pK31qcRXK1eyJvHy4oZzfyZyi8wA2Lx2fh,1787071095882650,2,2,0,True,True,FULLY_PRICED_5M,True,True,0,
4bFoEuLipYLv1VTG9fGMvCwVtuEGYuixF1VsmoSxpump,1787071093265644,1,1,0,True,True,FULLY_PRICED_5M,True,True,0,
5Qh4mjfrShYnQicWUDLjArgAjev1M7wiwJBtAUokpump,1787071076908680,11,11,0,True,True,FULLY_PRICED_5M,True,True,0,
8j399W432DMbfQWBnGpjjvriqT31KQuWjDTuvMwupump,1787071071396869,1,1,0,True,True,FULLY_PRICED_5M,True,True,0,
DmqHSAH3uVyAzFDTaczSNxQRJr45JrtsZ6sGDdmipump,1787071071378870,6,6,0,True,True,FULLY_PRICED_5M,True,True,0,
7jNnpjyJ8WM42vpGnxHDMSGWHenAZ6i7yhnZMEJhpump,1787071068723109,34,34,0,True,True,FULLY_PRICED_5M,True,True,0,
Bxi6TiXXC5rA33D4cM5orXGS44XXqS7PKDzJZbFopump,1787071063539342,64,64,0,True,True,FULLY_PRICED_5M,True,True,0,
DsDKne8C7o3jeDgbcHXzH8aoranNVUHWVRe6e4RLvFwh,1787071062845340,9,9,0,True,True,FULLY_PRICED_5M,True,True,0,
E4aNSFjTCVso2j9uEVDhxCKqj3hdJrErCMs3Htogpump,1787071055244138,6,6,0,True,True,FULLY_PRICED_5M,True,True,0,
jZUBANmYafuSiHiiAaHR3yYxUoGVoAXfYz5MxgJpump,1787071041120510,38,38,0,True,True,FULLY_PRICED_5M,True,True,0,
A4RCpJqPV24tDr8vSwEkJUAK48yCieKZzZsBheZhpump,1787071024933086,1,1,0,True,True,FULLY_PRICED_5M,True,True,0,
JCEE2398LSvUhn1pYij53xvFPNa65CLzGChvjdebpump,1787071022281894,6,6,0,True,True,FULLY_PRICED_5M,True,True,0,
5VtuPR2KqqwfBx9bnrB3refBr4RU2WBL9fmTpXNRpump,1787071022267890,5,5,0,True,True,FULLY_PRICED_5M,True,True,0,
5p7qVFCnfLUMiRz1yAYgSmH2djJXZ46p8b5YA4Rnpump,1787071022247895,5,5,0,True,True,FULLY_PRICED_5M,True,True,0,
7RFB7bLTCd73LB6RvRoRTUbbj4H7o87N3X2ZjwMvcvbZ,1787071019379772,2,2,0,True,True,FULLY_PRICED_5M,True,True,0,
EpwEkHkTJ3faEm2tPxZy8jBtt1Wpe2mNx96XpbDJpump,1787071016778194,7,7,0,True,True,FULLY_PRICED_5M,True,True,0,
F4tkwNyWc7M37zEUUY4C9p75zeea854zd234AzQTpump,1787071011714741,4,4,0,True,True,FULLY_PRICED_5M,True,True,0,
8ZMU9yM23wVDKDBPZQ9w7gix3iahyaZw6FHbhN6opump,1787071011552740,40,40,0,True,True,FULLY_PRICED_5M,True,True,0,
261a3rQQd1cCvYfhXE9KdgsoqbigFjeQHX5LgRsrpump,1787071001023312,1,1,0,True,True,FULLY_PRICED_5M,True,True,0,
8WYUfRVBXurH5kjm7wrQBs31J8Hb176J3hh4Lf12pump,1787070995469026,1,1,0,True,True,FULLY_PRICED_5M,True,True,0,
6MTQwFPc68vYJ4zxLKjqzY9PkWQrymKsSG7JLxeqpump,1787070995443022,1,1,0,True,True,FULLY_PRICED_5M,True,True,0,
FbQcAEPZmLKVQcM2coqAAGNDjnSmAp9WoTiA8gYqpump,1787070984976425,1,1,0,True,True,FULLY_PRICED_5M,True,True,0,
ApchzNxTq6t9TuxckzAg3v1McYxSXotSJ1caSNgnpump,1787070984942427,1,1,0,True,True,FULLY_PRICED_5M,True,True,0,
HPP39j8zpAzcRjUmWMrZZd4j6hbkdUbJj2kMXum3pump,1787070976642831,1,1,0,True,True,FULLY_PRICED_5M,True,True,0,
Bru5SeH8mjuQc8nKCZsfLSLv5oYSo7nrnftQFw3ipump,1787070973985717,3,3,0,True,True,FULLY_PRICED_5M,True,True,0,
7onUEB5hrsqo44d9TPWxWRV7ARrqpaGui1dgAYjvbvWp,1787070971314472,1,1,0,True,True,FULLY_PRICED_5M,True,True,0,
ArJiRMUuHPfHAqmfyG5JWkLiXFJPFkapxwmvACsGVqiu,1787070968571492,1,1,0,True,True,FULLY_PRICED_5M,True,True,0,
7nK7zsRLW2qqJ2H2rEBxvSAuDfo4D1wgLafEYYnmpump,1787070968561492,1,1,0,True,True,FULLY_PRICED_5M,True,True,0,
3LEcDP5ffe44LWyTuSPTGh2munDqLoewntJFNFk3DRtY,1787070968545495,6,6,0,True,True,FULLY_PRICED_5M,True,True,0,
E2u1QcunKtrXqXom6UCxpHP1pZ3Zn19Q3yzivq1xpump,1787070965741632,32,32,0,True,True,FULLY_PRICED_5M,True,True,0,
8UMbe7bSXfbzkU9jzfADEm4BZNxRfJniPe1wYxhZpump,1787070965688629,38,38,0,True,True,FULLY_PRICED_5M,True,True,0,
3GjxNfFTp4oqKqGg8VKmWijvMY78MyM8VSGJwkrVXekZ,1787070965687627,5,5,0,True,True,FULLY_PRICED_5M,True,True,0,
AfVnMC1fzxxDmyVTBubHsM9wLDsSeBtFywoRx25Fpump,1787070963629071,10,10,0,True,True,FULLY_PRICED_5M,True,True,0,
4vxht7r8cgffG2W7cmuccQ4F4Fr2uPURi9Umb44opump,1787070963601067,3,3,0,True,True,FULLY_PRICED_5M,True,True,0,
77QEm9TjeEKuQPJsnqsKDbdswShJuG3YivwM8X1Kpump,1787070963599065,134,134,0,True,True,FULLY_PRICED_5M,True,True,0,
J7vvyPEsJnYnXxfgYL6bMZgCaqijCgmjGHaHcXbdpump,1787070957257873,1,1,0,True,True,FULLY_PRICED_5M,True,True,0,
3U4MEJ5XivUghHTzrPgcL5GuvxJSaapS3foiosehpump,1787070954545412,1,1,0,True,True,FULLY_PRICED_5M,True,True,0,
ASH7euPZMYeDuK666C8sw3vyia5y95Wr1B2QD1R2pump,1787070954541412,1,1,0,True,True,FULLY_PRICED_5M,True,True,0,
GbJ7UKXmjABdHWvNJjC6M5iL6tL7eJ9xrxa9Jc1xpump,1787070949417571,1,1,0,True,True,FULLY_PRICED_5M,True,True,0,
3cHVcawQZMWC7Vd4Vaea2JP1GpgHj4CVzyHHCMcBpump,1787070944221642,4,4,0,True,True,FULLY_PRICED_5M,True,True,0,
Fo2vsd8UB6HsEAj7jnpqPAoyKzfpwAz1fzyNtKnEpump,1787070939034554,1,1,0,True,True,FULLY_PRICED_5M,True,True,0,
APS2KVeucuCMgNuyURwV5W9HRHqJxes3okWaQVSRCVTt,1787070938975554,4,4,0,True,True,FULLY_PRICED_5M,True,True,0,
En1FdD8y8jDX3yiJxiadUJraRVx47H7hZ2kyQfriWrpt,1787070927710205,1,1,0,True,True,FULLY_PRICED_5M,True,True,0,
9njHeY5zXsTu2Av7QGmnwFNjKXQjepzeju4dH8iRpump,1787070927662211,5,5,0,True,True,FULLY_PRICED_5M,True,True,0,
5pt186UERui2cwBEm7iHyS8ZE2St1en2PmPEqkAwpump,1787070927660205,1,1,0,True,True,FULLY_PRICED_5M,True,True,0,
DsScgwTeK3e4QVbQEGFKFH3sL884zbdE8tLv9sdPpump,1787070925178881,3,3,0,True,True,FULLY_PRICED_5M,True,True,0,
79c4h8wUTFvoph2hiQNaEzaXXodpAiqo3RtgoV35pump,1787070922335832,6,6,0,True,True,FULLY_PRICED_5M,True,True,0,
AxpFP4eFRYdyhwvnq741KSejU1XCmwNWDnYPo8d3pump,1787070919746617,2,2,0,True,True,FULLY_PRICED_5M,True,True,0,
DYtciaWiZizehLS2cNMK5KBNisxedFnZfsPz1NRTpump,1787070919721622,3,3,0,True,True,FULLY_PRICED_5M,True,True,0,
GwFHahno4suyrVqENPWnrPF2x9PaaQkA1Mqjuomxpump,1787070916824827,37,37,0,True,True,FULLY_PRICED_5M,True,True,0,
3uXwmGe2FpnXppZpVodJAFm8FEo8S3aKUtoFrzb7pump,1787070916748829,39,39,0,True,True,FULLY_PRICED_5M,True,True,0,
3gsza8ofPepFAG6AKWxjx29YmjQ7th7mcnHggqXSpump,1787070916746827,18,18,0,True,True,FULLY_PRICED_5M,True,True,0,
96EAHyZnuUpKwczHoRZE668yzkUxF4P7PjLKq2PGpump,1787070914668141,2,2,0,True,True,FULLY_PRICED_5M,True,True,0,
5Eaufd9ddPfhrvVxxnr6EwsAQ84XPEK4kGKNGhxPpump,1787070902916174,1,1,0,True,True,FULLY_PRICED_5M,True,True,0,
J1M1wREewGKnZ66TgGTxZQqt7gVcuv9jzcfC5bfJpump,1787070883004612,13,13,0,True,True,FULLY_PRICED_5M,True,True,0,
DYJYn4M8Jf2e9NXUNJCnzdWNDeeCPXtaPgVj5KEtpump,1787070877737277,2,2,0,True,True,FULLY_PRICED_5M,True,True,0,
1obfCrXNqkLJqwnUUTEyDwEjd8nw8Jac9BxptPHpump,1787070874720051,2,2,0,True,True,FULLY_PRICED_5M,True,True,0,
4MR9jcrFkRnb67XhyvuUVoSZQezGdZiZmjVA62Qqpump,1787070868844232,3,3,0,True,True,FULLY_PRICED_5M,True,True,0,
7HoZUbYK6xyZUEEJzsFVAoizZ8e2eAvD3dcHZxaDpump,1787070865916441,14,14,0,True,True,FULLY_PRICED_5M,True,True,0,
EL9rbgRm7Jm6fWe36XchuXGKds79XYxYoyJQs2japump,1787070865865438,7,7,0,True,True,FULLY_PRICED_5M,True,True,0,
BjADsXfRgRCEmrJ1RM1YH6ovup3wnGJbJvZmRxcbpump,1787070863705441,1,1,0,True,True,FULLY_PRICED_5M,True,True,0,
BVgAXqvzmiFGGHkfKnN8PWKCXsaUuuC3csY3yYtNpump,1787070855429600,1,1,0,True,True,FULLY_PRICED_5M,True,True,0,
F4Uw9xiXveVNPgn2xQ1Lqwm8i8MNxbB9KH4XLyV5pump,1787070855428601,1,1,0,True,True,FULLY_PRICED_5M,True,True,0,
HfmkjuK3dCRUZAsmTHwQufQJA4CKxZPYj7WBwxe3pump,1787070852801200,1,1,0,True,True,FULLY_PRICED_5M,True,True,0,
HwCG1Jr6RbAVsKX1qTaH6JtFYGeE6zaLd13W44YGpump,1787070852781202,1,1,0,True,True,FULLY_PRICED_5M,True,True,0,
2qXtagV3mYsXkU15BdfQtrYbUGAPdQyDdJLS5qXcpump,1787070852780201,1,1,0,True,True,FULLY_PRICED_5M,True,True,0,
GB4qkEPBrTcb5bHJVhTiZUBsQofwPjt2yX3QMqzMpump,1787070850566571,1,1,0,True,True,FULLY_PRICED_5M,True,True,0,
D1dsaAwKtRcVYpp5RJbJV8vabPWC8TKD9B1YxWjpump,1787070848043498,1,1,0,True,True,FULLY_PRICED_5M,True,True,0,
H1XYgHBWNsh9eqAMkw1WjefcQsHPHqwUqCSEbcYYJcb2,1787070840970288,1,1,0,True,True,FULLY_PRICED_5M,True,True,0,
HSugGPHYeLR6xx8pEScQ7JEHTEng3pL9DutSuF5Tpump,1787070840968290,1,1,0,True,True,FULLY_PRICED_5M,True,True,0,
HwxoKX8BzSWiX1FRZTK23c2Jh3j7jerKzVcvd4WsLfbv,1787070832914271,1,1,0,True,True,FULLY_PRICED_5M,True,True,0,
3ucftRPm2UdDQ87GnexK7wvXcSV88QaRtKxGEsmspump,1787070832904267,1,1,0,True,True,FULLY_PRICED_5M,True,True,0,
2o4ouj4wNVAkmLwCjjkGd5Xxt7yKeWq1XZLxbKmpdysC,1787070830647008,1,1,0,True,True,FULLY_PRICED_5M,True,True,0,
37opQ2GVyRQo8Xs8DT3jETmj8cJoCE4jkwXPT7KSpump,1787070828436744,1,1,0,True,True,FULLY_PRICED_5M,True,True,0,
9Btgj8X4mGFDGHeU2u5PTyRJ2RALK7B9UVFSY9Thpump,1787070828431742,3,3,0,True,True,FULLY_PRICED_5M,True,True,0,
3DvQap3G2oZULUxKFjapHjQh49VR3Fvbhj7MpJt6pump,1787070825802958,7,7,0,True,True,FULLY_PRICED_5M,True,True,0,
A47Q5LVQQiBACxj2z5ThPjkzp3rxJQzQqZ6JDysmpump,1787070825794960,14,14,0,True,True,FULLY_PRICED_5M,True,True,0,
7tEL5FPbSmJBQxMYQgjBmw1WHbA8GpxvWHgt4p1apump,1787070825792963,1,1,0,True,True,FULLY_PRICED_5M,True,True,0,
HLLfisU9wwNnakYS9ugT7RfisexUjYTpD1xx9q5upump,1787070825767960,2,2,0,True,True,FULLY_PRICED_5M,True,True,0,
5s524cEaJ8BKwHzYHtKWhSdScEjn1vJy1FALnVA3pump,1787070820172562,3,3,0,True,True,FULLY_PRICED_5M,True,True,0,
2R55S36qufETgM9FMbGgX99R77NYKCTvcQvAS2nypump,1787070820169560,6,6,0,True,True,FULLY_PRICED_5M,True,True,0,
B9p4TwbVq4EQ7pjiGpYg58kLG8yRetyzBAsfxkUapump,1787070814753785,1,1,0,True,True,FULLY_PRICED_5M,True,True,0,
D7SETdMCkyN8Y38z3fsiqv8GvqX3DgKxV4v9W9nDpump,1787070814721774,1,1,0,True,True,FULLY_PRICED_5M,True,True,0,
3gSWWRmnu27Rj4agNjPUMqoXq2SmUZ3UWo8QW4Gwpump,1787070812985403,12,12,0,True,True,FULLY_PRICED_5M,True,True,0,
4E5XbSieDFTd3NFWwt4ufe1sEwdxiVuy9XS9aKQ8pump,1787070812945405,53,53,0,True,True,FULLY_PRICED_5M,True,True,0,
EJMFfFAjqji7gn2dVhP5f1FQx5uyczb8Ch3WPETZpump,1787070803510848,1,1,0,True,True,FULLY_PRICED_5M,True,True,0,
BtZEbrRikLna4ciBfo3ckw8KwPH5aU2Zfu8iyNTEpump,1787070795907972,1,1,0,True,True,FULLY_PRICED_5M,True,True,0,
3SSuukC7CfK4nJwKQeDCR987KqsU4aMuUTnGz4pLJyYt,1787070793141077,1,1,0,True,True,FULLY_PRICED_5M,True,True,0,
EGrKmDMFT4P6Z7Aidb2uL31X6FSa3sZr7TZLoY2LZ3V6,1787070793128076,1,1,0,True,True,FULLY_PRICED_5M,True,True,0,
Fa1smcG9A1KbqYLzns5vi6VRszSW7e8fe6BauGXxpump,1787070788495805,1,1,0,True,True,FULLY_PRICED_5M,True,True,0,
Fm7pgXVvuFbofBTDKHSB9SBHx24ReKYvqPrfJfL3pump,1787070788491803,1,1,0,True,True,FULLY_PRICED_5M,True,True,0,
CSGY49xZztkpVQbmVafAwGL1hsnbbTDPPwdgk9pJpump,1787070783229896,1,1,0,True,True,FULLY_PRICED_5M,True,True,0,
BpqDmEYNCsCcEW6EYqqRStpr6d1CpNvfWyQq4R7qpump,1787070783197894,4,4,0,True,True,FULLY_PRICED_5M,True,True,0,
2zw18fx7cbFSsj3HKxFreTQyjcRtn77YWmotn6VDpump,1787070783170894,1,1,0,True,True,FULLY_PRICED_5M,True,True,0,
DLuZjak8PnucRmug13cpUVqVMzZqknpwRpc8vMhGpump,1787070777877230,4,4,0,True,True,FULLY_PRICED_5M,True,True,0,
CcEGPMxom8ULLDYz98ssKQLeD1XW7uuSt8sxAxumpump,1787070775058096,1,1,0,True,True,FULLY_PRICED_5M,True,True,0,
Hmk12EhpLoGFyvAi4wksb6HwbqArTEYKnwvUju4jpump,1787070772399052,18,18,0,True,True,FULLY_PRICED_5M,True,True,0,
DyNaAooD22LazSvKdfSm49eNxqiUs3oZqT9MdNipump,1787070769723013,2,2,0,True,True,FULLY_PRICED_5M,True,True,0,
9fXMUdg7AqA9vwaSeaBwdFykgQGg4w8yWuEKW65Gpump,1787070769721015,21,21,0,True,True,FULLY_PRICED_5M,True,True,0,
223UZmppqn3pNXvA5dViC5tekXLghb5s8ozE6mWVpump,1787070766900969,1,1,0,True,True,FULLY_PRICED_5M,True,True,0,
CsQqJ1QomHoZst7oFf5gdfLvMoZPpQ1zumSYtExtpump,1787070766812966,3,3,0,True,True,FULLY_PRICED_5M,True,True,0,
2z3G9ytDpLPfjeUuAegvvpKJZarbJKYJ7a3YTd4Rpump,1787070764187539,71,71,0,True,True,FULLY_PRICED_5M,True,True,0,
5v1cxqZwhQ4KqigUeuJWfH8QaL4fxsWBQr1TsRt2pump,1787070764124539,13,13,0,True,True,FULLY_PRICED_5M,True,True,0,
82VGKBQizZMLJeM7LfwAMs4Vf2CHuHsuERfEJjJ1pump,1787070762166750,1,1,0,True,True,FULLY_PRICED_5M,True,True,0,
BBoXjPBQqYZ8VPM7MWVszN6oPVYbhNPdPfzxz4nbpump,1787070762091749,124,124,0,True,True,FULLY_PRICED_5M,True,True,0,
F3DhiQmzKb9BtZDjejByvVooUe6yg57HynMXYmY7pump,1787070744714588,3,3,0,True,True,FULLY_PRICED_5M,True,True,0,
73EiZ5NeUMWrw7xEUTuSjZb6wzG6K1mvPTZMviwr6sbB,1787070733408242,4,4,0,True,True,FULLY_PRICED_5M,True,True,0,
3GFedTzS6wvy4dbU8jMEL8RzCqKq5TnnNUz1HuMUpump,1787070728197035,1,1,0,True,True,FULLY_PRICED_5M,True,True,0,
B19zXV5MqKfwxUw3jVAp4KTiqfYpyyDATwN5u6Kqpump,1787070728183035,2,2,0,True,True,FULLY_PRICED_5M,True,True,0,
3PMZYG1a58Hw93sLunD6J6NPueeooiiNt5ousu9hFJiM,1787070728157035,5,5,0,True,True,FULLY_PRICED_5M,True,True,0,
e2XAkJTmqqdAgt1WRd3GQs39TGiEHcqwa9kGHzNpump,1787070725431876,1,1,0,True,True,FULLY_PRICED_5M,True,True,0,
8xrq6KwFYq8FZHXwPqjR1fqz19N9TGM1YSCCYMhHpump,1787070722421336,36,36,0,True,True,FULLY_PRICED_5M,True,True,0,
6FSKHHoSQycvBSCLaxUsMuzHcZU7rn96zumqUbcjpump,1787070717348907,4,4,0,True,True,FULLY_PRICED_5M,True,True,0,
EiGqJwBn3BcJezHtWSTPpcgy7TqrZvvc1MUPpp9tpump,1787070717274907,6,6,0,True,True,FULLY_PRICED_5M,True,True,0,
e3bifDvqEbHAi82c78W4LRwX8htydEX2HFZDWmrpump,1787070714571424,46,46,0,True,True,FULLY_PRICED_5M,True,True,0,
4zdJpXaDpuBKZh6zJXUkTSz5gP24WELPf1BnfM6Ppump,1787070714570424,4,4,0,True,True,FULLY_PRICED_5M,True,True,0,
4aPZT5JQnKhueQ3hmabXd21fTPuFRhNvHGRQNNgLpump,1787070712080425,9,9,0,True,True,FULLY_PRICED_5M,True,True,0,
Ahb8NLx3RrdRfQas5fHDmJ1KbZyerAkquUAqcCfzpump,1787070711939428,46,46,0,True,True,FULLY_PRICED_5M,True,True,0,
2iiRebCowqoukDADMtXxn3x1m76kjq4oWJwWBYH4pump,1787070711938425,1,1,0,True,True,FULLY_PRICED_5M,True,True,0,
4Xj8eKQ8vyLNbmjxKfsdtRtrtvsHQc5cXS9SwmMbpump,1787070703185735,6,6,0,True,True,FULLY_PRICED_5M,True,True,0,
GMrcNXjY25bjrCAPVmuzFTEoHnWhKsQQMhLqxyRZpump,1787070690153741,1,1,0,True,True,FULLY_PRICED_5M,True,True,0,
AGkt946RqorP6gAG7HKRSrNAgtM4jk12LS2Kdyokpump,1787070687056129,3,3,0,True,True,FULLY_PRICED_5M,True,True,0,
7nnA6gmKc3mkmdXMy5jTEXL6GrE5iyqCniz5Hrrkpump,1787070675720511,1,1,0,True,True,FULLY_PRICED_5M,True,True,0,
3aCxyyRaCWG7ohTvWtzkwbHiyWnBpjmrij8bmuhNpump,1787070675709511,1,1,0,True,True,FULLY_PRICED_5M,True,True,0,
4oHxg1drwtQ71NDweQSvZ7SHVvAgBxbuQGqBs7E9pump,1787070675707516,1,1,0,True,True,FULLY_PRICED_5M,True,True,0,
8gjKLuYd1DWU53Q6XW9Z3wVVfUsbB967DCuE3beXpump,1787070675704510,3,3,0,True,True,FULLY_PRICED_5M,True,True,0,
Dtn5BHenpeT5UiX9Rw9EGfgULV7WMruLEiRENAhcpump,1787070672984395,2,2,0,True,True,FULLY_PRICED_5M,True,True,0,
CzgCj3Xnd5sHPSFu1GuGWWK6wfLrpPyDZwZ7SrHmpump,1787070668111132,1,1,0,True,True,FULLY_PRICED_5M,True,True,0,
2bkD3Jghyczm6CousJCJ9TbVqNjXJoL7nPH7YqXEpump,1787070668068132,1,1,0,True,True,FULLY_PRICED_5M,True,True,0,
89KHSnKPc65862iepQ5EYEeBdEHa8NKtLaF4nekfpump,1787070668064131,3,3,0,True,True,FULLY_PRICED_5M,True,True,0,
7q5ttWMVPaCJBeZpLEtiuN4htPzJxMNH9W9efLUHpump,1787070665372235,3,3,0,True,True,FULLY_PRICED_5M,True,True,0,
7qgQMbSeMEpo8eTTrccFmWgZuaN96TACGaYaXFwNYwK5,1787070665339234,3,3,0,True,True,FULLY_PRICED_5M,True,True,0,
HgEynAja3sbHJeJbBADScW4eeJv4uUmqkDGzPQc9pump,1787070665327238,2,2,0,True,True,FULLY_PRICED_5M,True,True,0,
3CsU93GmfPjXTLgxbG5MrTvBaP3FbP9vtNobpwkMpump,1787070665326234,1,1,0,True,True,FULLY_PRICED_5M,True,True,0,
DDsxmmqmWb2EpfTQdHdJcU41BdFz33MP6iD1Tru2pump,1787070665325238,9,9,0,True,True,FULLY_PRICED_5M,True,True,0,
i29i2qjxy9RX5aU44hyHNjeTHGdkdq3aWW5Txcdpump,1787070665323238,1,1,0,True,True,FULLY_PRICED_5M,True,True,0,
VsthQwS5jGYxKAavUrCg93zWWkmhZv3oqqBaNPgpump,1787070664000914,75,75,0,True,True,FULLY_PRICED_5M,True,True,0,
C7N2wHEUorL8M4hfRf2j4JnL5dzee1VsjMHP1R1npump,1787070663997914,35,35,0,True,True,FULLY_PRICED_5M,True,True,0,
H44g5J3fHsQVzJp1FP3NTvxNXu3vTRwXS6g3BKDspump,1787070663995913,11,11,0,True,True,FULLY_PRICED_5M,True,True,0,
F5VsHLZfcj6Z1NzKVYCrpHKPt8h4ZZrHJ1KzSzu8pump,1787070657987936,1,1,0,True,True,FULLY_PRICED_5M,True,True,0,
BfzWjTgJLSy75Yv7Tdsozuje8QfcqazYa5T6SMkipump,1787070657980936,1,1,0,True,True,FULLY_PRICED_5M,True,True,0,
GBNqTSht7zoRVegq3aU2BureC3UFgTU34F3vXLsqpump,1787070655592735,1,1,0,True,True,FULLY_PRICED_5M,True,True,0,
9JywUQ2pQDWH4finoD1ZRoaUwdaj44q6zEnL3s9Dpump,1787070652727129,2,2,0,True,True,FULLY_PRICED_5M,True,True,0,
7XZpL3vESuLBYREQQiJMrUNyYJsEBGYJsS1vo6uhpump,1787070645370367,1,1,0,True,True,FULLY_PRICED_5M,True,True,0,
CbD1ftWeitJYc9AcdKW4hLsK4mGMPJWPYpfqFYbjpump,1787070645303367,1,1,0,True,True,FULLY_PRICED_5M,True,True,0,
2Gkzxen3c9afxdX4Ace4zPskQwFNjG3nUvXoy22spump,1787070642629272,1,1,0,True,True,FULLY_PRICED_5M,True,True,0,
7UNtFiSsw5idbDS7eUfXbqXkc5NVhdVsjSA3qtyppump,1787070642626272,1,1,0,True,True,FULLY_PRICED_5M,True,True,0,
CxzYxYBZSQnzWUxVFZrBEErAmR9SDrSMqTUHQ16Apump,1787070637675706,1,1,0,True,True,FULLY_PRICED_5M,True,True,0,
CpiNP8fftpbV2FGjnLf2mrLCdM9Xyxi6Z2f1ZFxWpump,1787070637664710,2,2,0,True,True,FULLY_PRICED_5M,True,True,0,
DwSmBJDqrPpAhLUJh5uD4JBpxeG6v7JVwJhuLhiTpump,1787070635122818,4,4,0,True,True,FULLY_PRICED_5M,True,True,0,
AoDwpESFTN5ZSkkwcigfgsgnh9ufBHSDcxyezbCfpump,1787070633010287,1,1,0,True,True,FULLY_PRICED_5M,True,True,0,
3H2EpprBAVKQbCuQpKeFV5RuqBoxxkrhUmkBvtDqv3o1,1787070630371385,1,1,0,True,True,FULLY_PRICED_5M,True,True,0,
9bk6VZYKBaquWufDUdCh6YVxP4tBG4aZBMd526JZU4wx,1787070625090504,4,4,0,True,True,FULLY_PRICED_5M,True,True,0,
72ghv9CEhahxx2eZU2wQnquQPJETquSiEG6S4fwZpump,1787070622801044,1,1,0,True,True,FULLY_PRICED_5M,True,True,0,
4LRzeGWJJNgypcD9SmH3qhnuStSmfZKf1kEEkvcCpump,1787070617457411,3,3,0,True,True,FULLY_PRICED_5M,True,True,0,
HuQ5FYDyusE9wbtGsWpLqjdgFYMyyV4s2YEN3NwJpump,1787070617406413,5,5,0,True,True,FULLY_PRICED_5M,True,True,0,
EQoLmQrr9R3pUsvyzC9jbsSsBat44A8vdiAgCTYMpump,1787070615006285,3,3,0,True,True,FULLY_PRICED_5M,True,True,0,
2QUfcqAK5wEzjUDVDqHBqb4zgPkm36rQCEwMDtu4pump,1787070614895280,71,71,0,True,True,FULLY_PRICED_5M,True,True,0,
839y8kgApE97fcwLPGQjUfQtEDSE8Ljin21iRHXwpump,1787070614867281,25,25,0,True,True,FULLY_PRICED_5M,True,True,0,
47t7g3CouJo2bb3gvfbcnvZmpwHuAvWXqymqGYdWpump,1787070606477287,3,3,0,True,True,FULLY_PRICED_5M,True,True,0,
HL7RA2ATirhS14BgBAEUhvbDrcTdZ4Yp7dUcKoKapump,1787070600699287,1,1,0,True,True,FULLY_PRICED_5M,True,True,0,
Gbr2X8hqW8fs4EgjwSM5M5ZEAGcSLv4veK9YMTV5pump,1787070592314175,2,2,0,True,True,FULLY_PRICED_5M,True,True,0,
AfVMrXSX4zQquAsz5hpam2fvqLy7cabqwxyTjKPJpump,1787070592232174,9,9,0,True,True,FULLY_PRICED_5M,True,True,0,
3qB7AphwNUgLbRP2u9JwXp1jEKrqTt6h3LQCN9XApump,1787070584037386,5,5,0,True,True,FULLY_PRICED_5M,True,True,0,
FWB21wLJkvX6gCL5FY1aPH8Lz15PJ6uFJmWd8A2U2Evf,1787070581652959,1,1,0,True,True,FULLY_PRICED_5M,True,True,0,
BR3oMahK7Ade69YXPw3MJP4S6NxYG1LB1SiSsxWCpump,1787070570819513,19,19,0,True,True,FULLY_PRICED_5M,True,True,0,
BWaHoMM1kEEyWSLhMU71VejcgX42sWCmVRumyTwNpump,1787070567866805,1,1,0,True,True,FULLY_PRICED_5M,True,True,0,
F5neswpYspBhGWmmh2219pLr6Z2Accwi7Y8X3Jh7pump,1787070567835807,5,5,0,True,True,FULLY_PRICED_5M,True,True,0,
DnjiM7NZEKN5DDa795JoGFeHFNMQDvdUzXyTNjdVpump,1787070567806805,32,32,0,True,True,FULLY_PRICED_5M,True,True,0,
2McG85HREWiJPYQc9Wp1MFbYgLGXvHVaoCTu33vSpump,1787070567796806,3,3,0,True,True,FULLY_PRICED_5M,True,True,0,
7ypfkdtGJyysYuqcduzDgB55KxtGgpKFQuKnBT7zpump,1787070565230611,2,2,0,True,True,FULLY_PRICED_5M,True,True,0,
DFDsVqkJZ1x6mJ1rjKHYZT34D5s8vh7y6RvQ1dCqpump,1787070565053586,8,8,0,True,True,FULLY_PRICED_5M,True,True,0,
DCnRCfTfwrKdkJ2AYUHavhVTmZUn4gDYEi9pXwXepump,1787070538154416,1,1,0,True,True,FULLY_PRICED_5M,True,True,0,
BoX6tGjUxNjd5ZVSPfqriT1rAg2TojeteauLoi6oF4cL,1787070538128417,1,1,0,True,True,FULLY_PRICED_5M,True,True,0,
ELPQwsgEveKFPxRyc47RNQFER7BDnuyUKc81husbpump,1787070530041916,9,9,0,True,True,FULLY_PRICED_5M,True,True,0,
FGv88Ean4jC1MRcA8aoNT5N9627jeEs1o7BRKvAipump,1787070530014920,2,2,0,True,True,FULLY_PRICED_5M,True,True,0,
FEPNXpgKBNBvbTTecFWMT5V8WpWAySCPzuXANfVYpump,1787070530012917,16,16,0,True,True,FULLY_PRICED_5M,True,True,0,
58uY623rxFF6QVarqXK312bt1ium8wqysJDmeULTy64Z,1787070527348419,1,1,0,True,True,FULLY_PRICED_5M,True,True,0,
E4JPmf2wULwD4nXRk295fga1Whr9N48djiHhurzrpump,1787070527319415,1,1,0,True,True,FULLY_PRICED_5M,True,True,0,
G3eK6SE4hznULkWT2AAn5bEUVGQtUhHsXNAv2x8Gpump,1787070524562019,1,1,0,True,True,FULLY_PRICED_5M,True,True,0,
BNbQiNnK9Tq6Ffuvo58U2F3cFjeCBfkR4Mw2VJZipump,1787070521934923,5,5,0,True,True,FULLY_PRICED_5M,True,True,0,
GdGhFZYspFgtbyMwS25bg1y6CXKwq2mnL4AfzSJtaGjq,1787070521868923,118,118,0,True,True,FULLY_PRICED_5M,True,True,0,
4PAQnV23byvm1NYTSspkSKWijQ2mGES4GZowub9Lpump,1787070517755626,7,7,0,True,True,FULLY_PRICED_5M,True,True,0,
D3ygs9racmVTy9dPd7dPTHQ5MsLe6Cf38xWMRZCtpump,1787070505408985,10,10,0,True,True,FULLY_PRICED_5M,True,True,0,
DhgZXqKjruw3oxv5cPE9SJtbvxHvSwqQpPCbjmcVDyHt,1787070500022642,1,1,0,True,True,FULLY_PRICED_5M,True,True,0,
7SrrHd2E8PPWRRVAAGJdqfkM1bU4yjodEjHZBZHNpump,1787070497189644,2,2,0,True,True,FULLY_PRICED_5M,True,True,0,
EnYscH1m4u3Kiftn9AZHkJnFqMN9B8PsPsmXW8Rbpump,1787070494501112,2,0,2,False,False,NO_PRICED_TRADES_5M,False,False,0,VIRTUAL_SOL_NONPOSITIVE
74s8J583H29zEnxDF9yQiGCY2YZ6h4GK7645tHKgpump,1787070491915992,9,9,0,True,True,FULLY_PRICED_5M,True,True,0,
B98mcHr8GJ8ySR5JyQo3VkzJVLj7e6TUzFHNztcKpump,1787070489590652,2,2,0,True,True,FULLY_PRICED_5M,True,True,0,
ASzXtMJ2zr6aw1AmUNUX9EVk9c25hmFyMKvDSRzdpump,1787070486882179,1,1,0,True,True,FULLY_PRICED_5M,True,True,0,
BR2gEWZUmnE9qRoimcJjRMER5LnC9Kh4Y4T3Up39pump,1787070484208671,2,2,0,True,True,FULLY_PRICED_5M,True,True,0,
Apv5yQe1FDjvnRdELFk8TKH1b7uW6GLRuwBjM11kpump,1787070481525877,1,1,0,True,True,FULLY_PRICED_5M,True,True,0,
wL3KVg7JqyovCuu8HqqJNPDN3nZU8PxAioVydNrpump,1787070478898180,1,1,0,True,True,FULLY_PRICED_5M,True,True,0,
DD2urZ1UnVHk6P9eQHWViVL8JWSMCGtGtCbKHeRspump,1787070478852180,8,8,0,True,True,FULLY_PRICED_5M,True,True,0,
Hzo7cEWRkM2om8Gq4rEVajmBu2JjEA9MSvXAYJLSpump,1787070475742964,1,1,0,True,True,FULLY_PRICED_5M,True,True,0,
63LtZfF4xQhPXoB739EEZDcf5tuAGbp2Yi89mKCrpump,1787070475706967,5,5,0,True,True,FULLY_PRICED_5M,True,True,0,
HsgjuqvZ2BU3nUoj3yhM172AN9UZXzQfRwBMGp8kodiT,1787070473037441,1,1,0,True,True,FULLY_PRICED_5M,True,True,0,
89U5fxJS9x8Pkpns1wy3L7KP22A69oFBjH8Za6k4pump,1787070473001439,4,4,0,True,True,FULLY_PRICED_5M,True,True,0,
C3ikzHovSjS1M2N1VsU2s2oy9yGDn2orR2DXAV1fpump,1787070470173235,36,36,0,True,True,FULLY_PRICED_5M,True,True,0,
FiGtS2hxSwkyu5m4jQhvtvUL7BKpADo5hrSWcmtiJif5,1787070470014233,22,22,0,True,True,FULLY_PRICED_5M,True,True,0,
D7n7tcEA2Qi2qJwTGQJryyRHrbKC118VAGeTYREDpump,1787070469982234,3,3,0,True,True,FULLY_PRICED_5M,True,True,0,
2Zt5ZgqBw5NxwXRSaUfnk4EDR3xA7RP1bUsDnVtmdrUG,1787070459562675,1,1,0,True,True,FULLY_PRICED_5M,True,True,0,
83ATspCULe2EX9urRrPDHUcJNxtQMAwYGMPXrRjuNZ9g,1787070456675084,1,1,0,True,True,FULLY_PRICED_5M,True,True,0,
Mai9B17n3kFMWt9nFweMiT5KvAxYnZTSWrPw6WFpump,1787070445986334,1,1,0,True,True,FULLY_PRICED_5M,True,True,0,
8jYrt5wBYYpNACYUa8aAh6wVy2ArFhUMNnh3uhq7pump,1787070438575775,1,1,0,True,True,FULLY_PRICED_5M,True,True,0,
6W2cLNvTYcKw7eVUmJNn2DBy8A3P7LPg1svCv4gYDL8A,1787070438535775,1,1,0,True,True,FULLY_PRICED_5M,True,True,0,
DcdFdcXTzJpdqsjt2HEZocuX4n9UH77eeiuTtjgopump,1787070435748691,1,1,0,True,True,FULLY_PRICED_5M,True,True,0,
DSfdRypRgQPZVr2ZxR6ptXScwyrrxXucz2ureJwxpump,1787070435747691,1,0,1,False,False,NO_PRICED_TRADES_5M,False,False,0,VIRTUAL_SOL_NONPOSITIVE
D38t466qsx2dnjd6ux9FXcGDZ7UdtgqXC2LVjMAzpump,1787070435727691,1,1,0,True,True,FULLY_PRICED_5M,True,True,0,
C5PvPdE5s3Kv6vrVfFEHYntzd3FDAMqX1XPzSkjUjFvo,1787070433166609,1,1,0,True,True,FULLY_PRICED_5M,True,True,0,
CVNkkBcaC8Xwx7V4tLu8879eEMG1t6uKNijZNqecpump,1787070433143610,1,1,0,True,True,FULLY_PRICED_5M,True,True,0,
ELnJkCbUQjT9ga1UXGFBRz3uTRzY8hrurWsphiipump,1787070433124610,1,1,0,True,True,FULLY_PRICED_5M,True,True,0,
QD6MofKECC4644dcRWWfPGhu1qcC3DQXAWonfmLpump,1787070427413195,2,2,0,True,True,FULLY_PRICED_5M,True,True,0,
9Qm8bJsR5jz6RM9ENVGEmpQPEwPayzSbRQ9tq6kvpump,1787070427376195,11,11,0,True,True,FULLY_PRICED_5M,True,True,0,
6Y6vKm53BegChJPqQ9D2i9bjZFvptSXzXFWYzXoa3Y3n,1787070427343196,1,1,0,True,True,FULLY_PRICED_5M,True,True,0,
FtuaHHJQbHVLhe7yvBVhtzoZDRdeigNyuJptdBWwpump,1787070427329192,4,4,0,True,True,FULLY_PRICED_5M,True,True,0,
76FoevbY49irugigP6wyT3ksVcxVp6kqryfZzNPXpump,1787070424654840,1,1,0,True,True,FULLY_PRICED_5M,True,True,0,
FbSiAfHfxmFHZQMbtbWznbXSWLeJLe3JqGXGuDWGXbUH,1787070424648841,14,14,0,True,True,FULLY_PRICED_5M,True,True,0,
2XPEEaReZv6rYSaGpu1RsUt1B4wYqGvkj7quMhnSmMG6,1787070424631840,1,1,0,True,True,FULLY_PRICED_5M,True,True,0,
7vEh4GkeyyppeqGj8CkvZnLTeCcPHut5JqPWUUUmpump,1787070422123814,1,1,0,True,True,FULLY_PRICED_5M,True,True,0,
9CkyrXRC5HLghTpSbgJXL6mrP5fNoUCmBusEn6capump,1787070422083814,10,10,0,True,True,FULLY_PRICED_5M,True,True,0,
crR6sgUuoDXxGufa4jkt3LCDzqSTMMhuzUekN8Spump,1787070419341587,6,6,0,True,True,FULLY_PRICED_5M,True,True,0,
HcXiswj4Fge11CpPd35aDSQ4ez3y8JtXasUL7Ha4pump,1787070419325584,21,21,0,True,True,FULLY_PRICED_5M,True,True,0,
9jsKoBpdwfcHsRcS9r5DzXqjXXguRW2bALCFxezypump,1787070417074510,62,62,0,True,True,FULLY_PRICED_5M,True,True,0,
B1nheRjFDnGCRD7v24XJ2TpPAHWL83RK7aDNbfjMpump,1787070412315906,1,1,0,True,True,FULLY_PRICED_5M,True,True,0,
7niJSaCesq7x9iDvehMjZ8LZ65wMC3ejqDgSnPJTpump,1787070409400986,1,1,0,True,True,FULLY_PRICED_5M,True,True,0,
BvRdWcxwFMNVqkErqchCRWMd9SUKQxMQZbpbfSnQpump,1787070406448888,1,1,0,True,True,FULLY_PRICED_5M,True,True,0,
6LkZguvyoAne54rY4pjkXHTDZmuazmqBwNJuypGjrtYG,1787070401577700,1,1,0,True,True,FULLY_PRICED_5M,True,True,0,
AMmQY3m9vKfwWEEVx1Sp4eAHAzU8bYHN83RxHuigpump,1787070391241870,1,1,0,True,True,FULLY_PRICED_5M,True,True,0,
7zAYhoLSP9SCn9yECpdweBCqxTKJ3XqojTSoUfJGpump,1787070388554091,1,1,0,True,True,FULLY_PRICED_5M,True,True,0,
ESLYP2ofsrWLcBDNC9gPXxM7LVpUHhTMxmRMyc3nwgtS,1787070383299230,2,2,0,True,True,FULLY_PRICED_5M,True,True,0,
7z2xwVnmRf5j6B1U7CUzo7p494vXSNifArck9tutpump,1787070380516761,1,1,0,True,True,FULLY_PRICED_5M,True,True,0,
4U3UnRsCSnaTcFqp2AtshizLZVkxZU8JX9UCXzTjpump,1787070380467769,1,1,0,True,True,FULLY_PRICED_5M,True,True,0,
FecYWvGQrV9zQZoiCdYQSrSLBgA8aQfMtvr5VLxspump,1787070377753302,2,2,0,True,True,FULLY_PRICED_5M,True,True,0,
2yZ5GauvhVoTdHqtDv5yWAcYDT4E3BsMqoWm1RJGpump,1787070377730301,2,2,0,True,True,FULLY_PRICED_5M,True,True,0,
BWZMLT88aPb8E6V6dA5NiDUMEdnzMHspfmKihQvupump,1787070377708301,1,1,0,True,True,FULLY_PRICED_5M,True,True,0,
9FXnjTCEerpExphFCoUPKPXS6hZF2Lia3CtgsHsoCS1B,1787070377705303,5,5,0,True,True,FULLY_PRICED_5M,True,True,0,
9fzCv8WapnUXq8MpStkBVZqs9nEDDNzHNTcgVB4Ng85b,1787070374876568,1,1,0,True,True,FULLY_PRICED_5M,True,True,0,
D3S79vPZh7McrHWKd594c4Hf1Pru5XxzFD31i4ehtYxP,1787070369035226,3,3,0,True,True,FULLY_PRICED_5M,True,True,0,
6gW8JNETpeWTDyJtozsVDJjQ7zk69sfTVbQjPCrYpump,1787070369009226,1,1,0,True,True,FULLY_PRICED_5M,True,True,0,
B3smasfGqTbq8NTnX9xNiVf2YWPyvAfRtJy19o81pump,1787070369002225,1,1,0,True,True,FULLY_PRICED_5M,True,True,0,
49v66E5oCYwrvoZQMzKJM8XiCoGPe2BxfqMDfdD8pump,1787070367463661,17,17,0,True,True,FULLY_PRICED_5M,True,True,0,
2HFphJeTZtSfgkYQL5A8VfzciFtYKvSp4YY4tjMRpump,1787070367301661,45,45,0,True,True,FULLY_PRICED_5M,True,True,0,
4gECnwKfHHte1aPJ7NYPtJmGiHamLNcAkU2GXVxZpump,1787070358174976,1,1,0,True,True,FULLY_PRICED_5M,True,True,0,
2KY9yt4y7DGQS78RfEJXDuc4t9NHmaLKskL71L1R5N4Y,1787070350708088,1,1,0,True,True,FULLY_PRICED_5M,True,True,0,
3j7MNiZKUz5DYcAtYqXUCBL2bw6sw7R8v5gjMnk5pump,1787070348170041,14,14,0,True,True,FULLY_PRICED_5M,True,True,0,
G3UsSR2mWFrDDWf84UdXcyTp2Pvwudrzvh5u1ejPpump,1787070345602214,5,5,0,True,True,FULLY_PRICED_5M,True,True,0,
H4FUJhJ9QcMjDQMujLZQ6Qdqo9LsUL1ca3rGUorwpump,1787070340439126,5,5,0,True,True,FULLY_PRICED_5M,True,True,0,
Bu8ATST8UP24Ci2GqLbqdkockzyTPji3hC6RYg7fpump,1787070337490668,1,1,0,True,True,FULLY_PRICED_5M,True,True,0,
8qCPxC72UDxpLNT6pPANrqWqxqaLFudPUGd5ixDWpump,1787070332185391,9,9,0,True,True,FULLY_PRICED_5M,True,True,0,
3irwwygERj5x2c1JzDoWd2zf5CsRqsLQPXjNNw6dpump,1787070329556745,15,0,15,False,False,NO_PRICED_TRADES_5M,False,False,0,VIRTUAL_SOL_NONPOSITIVE
3WEYr6dTDw7zcNsPyhrMVAh9VRxDhJqeDsPn2PiMpump,1787070329546746,4,4,0,True,True,FULLY_PRICED_5M,True,True,0,
EgsUJtX3p66qUM3yZftxAhBD8DCmzVZATK5FKYE2pump,1787070326841231,9,9,0,True,True,FULLY_PRICED_5M,True,True,0,
HTxeYPjmSQeULJ4Dmw7h3pvD5HPYMg3wEWmy3kTqb3Vi,1787070326829222,4,4,0,True,True,FULLY_PRICED_5M,True,True,0,
Hoj3HxLqPk2a5Kdg6GiHHyXAeX2n8HMqtyqsrVRFpump,1787070324267964,15,15,0,True,True,FULLY_PRICED_5M,True,True,0,
B1cU1vpFp9TEjyh5eKvQmxpetyvjZrtxXZQ4hDWBpump,1787070324244969,15,15,0,True,True,FULLY_PRICED_5M,True,True,0,
8NXSoeMxh5iyLPD8A1WuuymFZbBYHMJBVRFjqfdWpump,1787070321926894,108,108,0,True,True,FULLY_PRICED_5M,True,True,0,
5yxgrdMtkDwkZ1Gqr7RpZ4Bq7DovnczkfF2tjpebuQqR,1787070311364135,1,1,0,True,True,FULLY_PRICED_5M,True,True,0,
HgNeTsTFZEBQY3rLPSxYrBoWf2UrP6JrkK8joqgDpump,1787070308814581,1,1,0,True,True,FULLY_PRICED_5M,True,True,0,
AxRSag2D4tEWN6UiK8aqoL6LSb7vfVkBBzd7Yawzpump,1787070303275880,1,1,0,True,True,FULLY_PRICED_5M,True,True,0,
5kiDiCQfiHm69ZHL5ZUbtJGRUAd95aBfR6tXakBHpump,1787070303247882,1,1,0,True,True,FULLY_PRICED_5M,True,True,0,
A18AgABtBBt2T4aHPUKxcwvxW5MrY6HPE5nr7fJypump,1787070295012387,1,1,0,True,True,FULLY_PRICED_5M,True,True,0,
DAzYHqenaKFhWgHoqRPosr2h6uVLdLFRgtWSzksMJyAA,1787070289428001,2,2,0,True,True,FULLY_PRICED_5M,True,True,0,
6LkEawYccmn1T3Th4hRKh8ZbhgdK39h6W2QyoK12PC95,1787070289380997,4,4,0,True,True,FULLY_PRICED_5M,True,True,0,
9weFfFRnh7aQin1WBQ6YzGinJJpSFR5V7bGKMPNdpump,1787070289360998,1,1,0,True,True,FULLY_PRICED_5M,True,True,0,
DXaHyn3oy4xo5uWxpAdN5vTzyJXYsA3sE6J1XvTqpump,1787070286804871,3,3,0,True,True,FULLY_PRICED_5M,True,True,0,
6ZYKMixAwki3hC19397ycQUnrk4BtZ2YSeNKq19mpump,1787070286783872,1,1,0,True,True,FULLY_PRICED_5M,True,True,0,
FS2rSd7GAQ5AsMG2N6cX2cyE7FMhop6jRLVYYnPfpump,1787070284041000,3,3,0,True,True,FULLY_PRICED_5M,True,True,0,
HPH3EjMym2Vr3adP1CKeJK4Ld4fQnW6YQ1aeEZrypump,1787070278749487,7,0,7,False,False,NO_PRICED_TRADES_5M,False,False,0,VIRTUAL_SOL_NONPOSITIVE
DKiJk9eRaS4T8mnDZA5nNRGdKYB2EuhT8kt7qKXGpump,1787070278747488,1,1,0,True,True,FULLY_PRICED_5M,True,True,0,
4wVvDYxkc2DLSqL8kBEnChp4XD2gPK1G2BSGAWStpump,1787070275671045,1,1,0,True,True,FULLY_PRICED_5M,True,True,0,
8EA64sQ2sHVjN6svRvH5fMYsJK8bDJvTPdQdWnwCpump,1787070272859184,1,1,0,True,True,FULLY_PRICED_5M,True,True,0,
DBTHFgm3cbEAzt5osUsiNqcDbiqe31kUotig9q35pump,1787070272813186,10,10,0,True,True,FULLY_PRICED_5M,True,True,0,
GhJBCY9q6vpNAGT5SGgeyNHUtPrdMz2j4SHS3BcHDATB,1787070272812184,1,1,0,True,True,FULLY_PRICED_5M,True,True,0,
5xDcSnxbZHeFEtqJeeeJxwVxusno6fjLy6GmErbkpump,1787070271668184,5,5,0,True,True,FULLY_PRICED_5M,True,True,0,
6Ud9TEE51rtCna4CcWtiXpaBoL5sNGQ6st5UP5D5pump,1787070264254152,3,3,0,True,True,FULLY_PRICED_5M,True,True,0,
uyG1bDmhrPaxHFC4kCv2FLMkzjkSs1rNsvxiw57pump,1787070261471098,4,4,0,True,True,FULLY_PRICED_5M,True,True,0,
36D3urdvsKdxaWjc1S1nimtc3EDW7q9crdaCvw4aKPra,1787070258803525,1,1,0,True,True,FULLY_PRICED_5M,True,True,0,
79u1oBcggcCJuE2SzkiBRsZkmKHntMrKsayfPkk5pump,1787070256152763,1,1,0,True,True,FULLY_PRICED_5M,True,True,0,
96GufXvQvy9tecSE7pGqbpYZcHh2i8K9Y1tFWKUepump,1787070250924672,7,7,0,True,True,FULLY_PRICED_5M,True,True,0,
A4CyUwZLHyCQ8CuM5nk1JQWiXMG4KJtuZJwf4pkKpump,1787070250873677,1,1,0,True,True,FULLY_PRICED_5M,True,True,0,
C5AW4q1iwMdus3pBgfCHbaMQbnqA2KbqVcjtYYPfpump,1787070240166551,1,1,0,True,True,FULLY_PRICED_5M,True,True,0,
5R4Scv9BbpwVtaytSRETRTAisNnZtUu5MxqWxRJHpump,1787070237434748,1,1,0,True,True,FULLY_PRICED_5M,True,True,0,
E9vpPhCihFCaykv1XaKoXPBjNDf2gj5iLW3jMxemkNF9,1787070237430751,1,1,0,True,True,FULLY_PRICED_5M,True,True,0,
DFRchqssWS4DbkzVmeZiK2Dcz8RT8Tq2vj8xMsQapump,1787070234739926,5,5,0,True,True,FULLY_PRICED_5M,True,True,0,
7UQB2iSQSwaHWXmh5RfP6kEzNq6n3iRtZfmx5NRBpump,1787070232367573,8,8,0,True,True,FULLY_PRICED_5M,True,True,0,
BuE2jWaSdAH5EAFBZVtqdroBDuwKAZvrSeRCSFqZpump,1787070227002668,1,1,0,True,True,FULLY_PRICED_5M,True,True,0,
5KvgSZH3SKwnrXfCDpDgmneagvaotuG16wAKpaCJLHTz,1787070227000668,1,1,0,True,True,FULLY_PRICED_5M,True,True,0,
BnfWgueCPu62HgZGC43ZeHAu6SLWeo3ieV4PNcs9ErtL,1787070226958670,1,1,0,True,True,FULLY_PRICED_5M,True,True,0,
ofWg6Hh6iaQvToNs5J4SzcYQ97hP9F3FAbqLUbAzu7a,1787070226952668,2,2,0,True,True,FULLY_PRICED_5M,True,True,0,
AsAeXvjQfndmi1sBvqe1Q7yKTcikUJ5B2PqtA5a9pump,1787070226948671,64,64,0,True,True,FULLY_PRICED_5M,True,True,0,
2ddhqw3g6FbYTq4XrR3uivEZx3aACcGVkAuuUf6voWAd,1787070224090059,1,1,0,True,True,FULLY_PRICED_5M,True,True,0,
6sNszQahQmQDMSYHSSgToffSYWKGiCyYdqhGdLbpump,1787070222986054,44,44,0,True,True,FULLY_PRICED_5M,True,True,0,
5qpr4Z2oaMkVNZkUnTfHbmYRGNeLRLViHYwcmShpump,1787070219426289,2,2,0,True,True,FULLY_PRICED_5M,True,True,0,
3tsNGBY7xent87vYvfseqWcrd7KBf49mdxca7uokpump,1787070216612160,1,1,0,True,True,FULLY_PRICED_5M,True,True,0,
HTMdtbkxFtbHLiUbW9VH3FT9wydanuUhdaAcbgmucqdZ,1787070216599164,4,4,0,True,True,FULLY_PRICED_5M,True,True,0,
Ctjry6kB8utFuouYvMpW2J2gjnezLsSN2aVeDXtupump,1787070216574164,5,0,5,False,False,NO_PRICED_TRADES_5M,False,False,0,VIRTUAL_SOL_NONPOSITIVE
D3F3UHkSD7JABRKwTXvKtne44mhsyC1yrtTqTKPXpump,1787070216570164,3,3,0,True,True,FULLY_PRICED_5M,True,True,0,
Gw6jVFwXvFjU5GHFP58y7MAjtf7tdAb8b4sc7RUwpump,1787070214185130,3,3,0,True,True,FULLY_PRICED_5M,True,True,0,
ESq2nk7qAue468yCVpswh66SqZskWztfUis7RW8npump,1787070211601020,33,33,0,True,True,FULLY_PRICED_5M,True,True,0,
CUogv7WP66jgYDPtK7tYUtxeBZ8GxmTYfPNKTP8fpump,1787070211571020,1,1,0,True,True,FULLY_PRICED_5M,True,True,0,
5GZMFATE21DzKHQFffKSo4K1ShQQCqttZVyvFxykpump,1787070211566020,1,1,0,True,True,FULLY_PRICED_5M,True,True,0,
3RSNMzJ4FjBpMLEEcJqDuiNTPCM9QMiU1GiZuRtipump,1787070206029023,7,7,0,True,True,FULLY_PRICED_5M,True,True,0,
5DU1Ks8DEfLdohUxok1svxdUXX5iJUc9wAAAKSXcpump,1787070206021029,2,2,0,True,True,FULLY_PRICED_5M,True,True,0,
9PYQZrFkuEUjDNppRwHzp85npssx6uM7Kt1NLncFU9G1,1787070203548248,26,26,0,True,True,FULLY_PRICED_5M,True,True,0,
91dFzNq4C8dyTRmTkvHVg4ACXtNXrZMbyYRDCcxmpump,1787070200785322,12,12,0,True,True,FULLY_PRICED_5M,True,True,0,
JD5QLvR5ecdyWAHBHwJcGsE8FsR6Hq3JB2tS9CHzpump,1787070198311944,12,0,12,False,False,NO_PRICED_TRADES_5M,False,False,0,VIRTUAL_SOL_NONPOSITIVE
C1YA1dDK8uuzwpUnvRM6Wf3KAiNTELT6AS92SMgE63Mc,1787070195608125,75,75,0,True,True,FULLY_PRICED_5M,True,True,0,
4j3uwhFisGz63StTsJMixuahGrDEjj6iBYmWwcefd7iu,1787070179409523,3,3,0,True,True,FULLY_PRICED_5M,True,True,0,
C8t4F1GHYacUcKLhzAskwtWhoYgBn2Kyhtqk5h3ppump,1787070179391523,2,2,0,True,True,FULLY_PRICED_5M,True,True,0,
BsjQRs35Ej4wX21F2RGxjRjd3P6sd72WQF6AdXn6pump,1787070179374524,1,1,0,True,True,FULLY_PRICED_5M,True,True,0,
4jo1TWJt5cbaTMyHTRWZvzEiHirNtcshQwK5YXgmpump,1787070179364527,1,1,0,True,True,FULLY_PRICED_5M,True,True,0,
8tUJbSRGkvXkneSHax8s496bLDLfM2c4R6YfLXQwVQzr,1787070149483705,2,2,0,True,True,FULLY_PRICED_5M,True,True,0,
3fAedbXLHtBZTw8nFciNGvFVBxH1dKfsLUcdPgMLpump,1787070147044229,82,82,0,True,True,FULLY_PRICED_5M,True,True,0,
Cr7iyQsMQMTPkGcrgppRzfB6PEM91LHETuEDHsgEpump,1787070147015229,4,4,0,True,True,FULLY_PRICED_5M,True,True,0,
FT1Knggjck5J8nitGbhYNQET9TW76eFA8c9XcfKGpump,1787070147010232,5,5,0,True,True,FULLY_PRICED_5M,True,True,0,
519UgU7vipAUsyK3W3RLry39jmpwsVdwkbHeAEb4rqpf,1787070144360227,1,1,0,True,True,FULLY_PRICED_5M,True,True,0,
7CGiA4cdtprHDyZ8CC316tovjLcMd4KMf4b2ArAWpump,1787070144298227,30,30,0,True,True,FULLY_PRICED_5M,True,True,0,
8GdFq8JXgJhHe4xmZCzFN73vM8GQsxLGnVmEksi9z61r,1787070144181228,1,1,0,True,True,FULLY_PRICED_5M,True,True,0,
3gBqsXx42w3wJ41eTipjegYAw4JGTcS4CPXakXoK9c4E,1787070128693000,2,2,0,True,True,FULLY_PRICED_5M,True,True,0,
3LWVsiM7SW963fS2uS53Qt9fjrpPRTdPTqudS3puaRPc,1787070128669003,1,1,0,True,True,FULLY_PRICED_5M,True,True,0,
9fsqYWLdNaGWyTpy8tir1bQEKAbEbppTpNDvdELepump,1787070128644000,1,0,1,False,False,NO_PRICED_TRADES_5M,False,False,0,VIRTUAL_SOL_NONPOSITIVE
F4ZfUjC4WhmgdXtm3PuxcXtyJvC1wxPtqoUWSrBipump,1787070126052779,4,4,0,True,True,FULLY_PRICED_5M,True,True,0,
DFVfo2n6irJucPGLmUV9ofzKS8KR2oxwD9zLZXGepump,1787070120237522,2,2,0,True,True,FULLY_PRICED_5M,True,True,0,
95yXhF5CL1PACPZnxa83Bj6mWhcVjfz61nKASuqLpump,1787070114817665,1,1,0,True,True,FULLY_PRICED_5M,True,True,0,
9wNMB7TaymHd79MSEBsz6mVXfRJySU1i66JugkoHpump,1787070114779666,6,6,0,True,True,FULLY_PRICED_5M,True,True,0,
ASXtbLTi7couq9q436zvyuLLVEshQA9ze4E9GMoqpump,1787070103497450,1,1,0,True,True,FULLY_PRICED_5M,True,True,0,
H5zpBfwx82o8fTy7WPYewBr6oSVGTFkxkfbMpysJpump,1787070100710359,1,1,0,True,True,FULLY_PRICED_5M,True,True,0,
4g6W6JrFcQoZCqJu2peBDL5t4sB3i2Ffyp6WQyXjU1ws,1787070097982931,3,3,0,True,True,FULLY_PRICED_5M,True,True,0,
49nh6FHBysbLcKLXH7HyqjAC2HPqV1mWmg8Y21zEpump,1787070097925932,14,14,0,True,True,FULLY_PRICED_5M,True,True,0,
Ax9ifweZmA6PnP7PxN6pt44gcoGzLq4kQpbXKGdqpump,1787070095990406,2,2,0,True,True,FULLY_PRICED_5M,True,True,0,
5nKo8KMpoqwrJ8YWPamQ6jef6E5KMxzreha8QGrypump,1787070095921406,18,18,0,True,True,FULLY_PRICED_5M,True,True,0,
BiHJJdDwj3hvX8xUtU2boN4zzPhDiq6gmqHGnaoB7q4K,1787070089264771,1,1,0,True,True,FULLY_PRICED_5M,True,True,0,
4royGGATvofJZ9GiqEZt6L9T2Ka1dQJzQkDtegZBFLv8,1787070086606277,1,1,0,True,True,FULLY_PRICED_5M,True,True,0,
DDHgCvxPwYcP12c85y7h5oxwAfSab1JcWXb3W7GKpump,1787070083969527,3,3,0,True,True,FULLY_PRICED_5M,True,True,0,
9F6RYWLGMiuBDaJ7bbetQ8pKb1uNc6oeBgYyVNrGpump,1787070064812055,3,3,0,True,True,FULLY_PRICED_5M,True,True,0,
FeZo2fmPWeq5Ug5fwRvK3HrCLeswhHm85Rhr1Y3Vpump,1787070064799055,5,5,0,True,True,FULLY_PRICED_5M,True,True,0,
3bYcKZ3au2LZQqjEheb2gCPmY1P9QDhpaf7iuVCNpump,1787070051955210,1,1,0,True,True,FULLY_PRICED_5M,True,True,0,
5YUeXgQuovvVkehNpCekgoxbCMU9ZZ5wG4aPbBqUpump,1787070051951209,21,21,0,True,True,FULLY_PRICED_5M,True,True,0,
Apio9AYVjznd4HMRaXutAY35m95nXzz6bEBT43Z7pump,1787070049202638,5,5,0,True,True,FULLY_PRICED_5M,True,True,0,
9SazS5zszki2LhdSEW3PjxtUcW7bzvpo1YrfikT1oyP2,1787070049127642,43,43,0,True,True,FULLY_PRICED_5M,True,True,0,
UtaPjjVwafeLTnjwXiDf6sV1viZvsk3LqxLAv6cpump,1787070046880761,11,11,0,True,True,FULLY_PRICED_5M,True,True,0,
Egp2MLxYnojLEQw9eTfV6v4tEkJW4o254QdhoAggpump,1787070046878760,16,16,0,True,True,FULLY_PRICED_5M,True,True,0,
4U9uLk4XCxeTBrAuTUHMB1aQsoiZFBUhwVdEwCBNpump,1787070046833762,6,0,6,False,False,NO_PRICED_TRADES_5M,False,False,0,VIRTUAL_SOL_NONPOSITIVE
6tGqPXCfwFeHxSVdEVpmj9yBHaxzXVQt7FvKwXzbpump,1787070046830760,4,4,0,True,True,FULLY_PRICED_5M,True,True,0,
3q3z2pZmVL5ipwCCEU2F1JNQrNMnnsdvbTPfV8hfpump,1787070026092995,1,1,0,True,True,FULLY_PRICED_5M,True,True,0,
7MVf8pn97Ew3ChfA7TjvCJx4p3Jvh8SUzZMWNSiMkrDP,1787070026091999,1,1,0,True,True,FULLY_PRICED_5M,True,True,0,
841YJhMLjQ3Qowdbkm6G1S43yyAZ42BA413nR2wpump,1787070026049996,1,0,1,False,False,NO_PRICED_TRADES_5M,False,False,0,VIRTUAL_SOL_NONPOSITIVE
JD2YCnXSNPYSFLeqpr7bK7rHwYh1ru9XQv2Tx9cXpump,1787070023343810,2,2,0,True,True,FULLY_PRICED_5M,True,True,0,
DBVsKVmcrcMa5RuMUrLTj7iiA5Ee9QhbhLGkrtcTpump,1787070010561586,1,1,0,True,True,FULLY_PRICED_5M,True,True,0,
C1ckN7bM1Bc3MP1ktQpCzgcj1C4DZSZ8uNuEEm1P2dG7,1787070010537586,1,1,0,True,True,FULLY_PRICED_5M,True,True,0,
5quBgXgYviR3ZPDfD3Ba2ThV92eDWHhBwCRZb4EFpump,1787070010520588,6,6,0,True,True,FULLY_PRICED_5M,True,True,0,
8TmFY6KyFoSqhwrBBFb4zNWh4iJGdpbKV2UPH32qkLc6,1787070010519585,2,2,0,True,True,FULLY_PRICED_5M,True,True,0,
BpTfFWohNzK5ksrNNGb2iUNw7HQXfL5JT62r9ZHRpump,1787070008127621,1,1,0,True,True,FULLY_PRICED_5M,True,True,0,
G1USpSEP61KmQKgZ6hcFKGvY1agtGmj7pQt59bZQpump,1787070008120621,1,1,0,True,True,FULLY_PRICED_5M,True,True,0,
GjeB4pGvZ8hxNcRCC3q173e58CZS1vZZqfzMj49tpump,1787070008116621,1,1,0,True,True,FULLY_PRICED_5M,True,True,0,
4LP9BosLmzsmFqrnFpsdFugTn7HceXSc7o4jCiVcwZQ8,1787070005220645,5,5,0,True,True,FULLY_PRICED_5M,True,True,0,
88ifA1yccK76Sve95VpPfWDLKmoCc6kjKAEVZkghpump,1787070002723922,6,6,0,True,True,FULLY_PRICED_5M,True,True,0,
Hh3K9heGVdwKF5BmNjzsyKDE9mHkCTzbwdM9hKmspump,1787070002572403,30,30,0,True,True,FULLY_PRICED_5M,True,True,0,
8AvvM3ouGMx9k4A6ESJz2E2tuzdJNuqfdhXLymuEbEUj,1787069992007137,1,1,0,True,True,FULLY_PRICED_5M,True,True,0,
CgVqKeuXahQw6ctsGhV2T4UMmWWg2rsJ5ffX2A7Epump,1787069991972134,2,2,0,True,True,FULLY_PRICED_5M,True,True,0,
V2k62PcuWCRPcLMNxf2yD8XFBDNd8YkdGG2aCo5pump,1787069991970133,1,1,0,True,True,FULLY_PRICED_5M,True,True,0,
EwPZHWanDY32fYEEX6z98sXsJMBJiQ2wr95fg5Ketx6n,1787069981393402,6,6,0,True,True,FULLY_PRICED_5M,True,True,0,
x3wo1JPZx3Mk7kPDPioWkkufUE9DPpqJQx4uFnnpump,1787069978566566,1,1,0,True,True,FULLY_PRICED_5M,True,True,0,
9LHgjKkaofFJFNa61sXbzHECHX4XnPat43RHY45bbsfG,1787069976464778,2,2,0,True,True,FULLY_PRICED_5M,True,True,0,
3hHfXkkK1K7HezK7Bb35x3TPHsUqTddHtnX2JvFLpump,1787069976424776,64,64,0,True,True,FULLY_PRICED_5M,True,True,0,
5dQC87GSS6LUuFRnWo7v4em2fMaoZtX9KZxzrU2zGoJW,1787069973837293,2,2,0,True,True,FULLY_PRICED_5M,True,True,0,
3h4hQRFEqK7X7VeggKmFE9GmWbmyJnGhgNFmys1hpump,1787069973804293,3,3,0,True,True,FULLY_PRICED_5M,True,True,0,
2PmSh2PePhFx7hrYm3qdisAkUf6nR8chXkvc9hXHpump,1787069961567561,1,0,1,False,False,NO_PRICED_TRADES_5M,False,False,0,VIRTUAL_SOL_NONPOSITIVE
Pg6vGWaLbuHEYA1YKq91G9WRCDYW1cutd9GKF44pump,1787069958887437,2,2,0,True,True,FULLY_PRICED_5M,True,True,0,
6H7nxX1bSSUu537LLinS95gLBrQUzBDMiv3SiuH1pump,1787069958825434,1,1,0,True,True,FULLY_PRICED_5M,True,True,0,
7phZfcTVhgX5ZDW7qj3DTLPt4Ngeun3EuHALar9vpump,1787069958817438,5,5,0,True,True,FULLY_PRICED_5M,True,True,0,
BogZnM7ijGH9XVhvhTp1C4k6Rquqhu5Qb4NPcXCCpump,1787069958814434,4,4,0,True,True,FULLY_PRICED_5M,True,True,0,
D85PFXsd8AL58vMkz97WuwXVfr31Y81Afzy8SU53evEK,1787069953215214,4,4,0,True,True,FULLY_PRICED_5M,True,True,0,
ARZVFA377ksAG1f9yPhShL7jjYQZYqidQo1FBqCApump,1787069953197218,6,6,0,True,True,FULLY_PRICED_5M,True,True,0,
EzKQ9HbwsnyLA7gMCMkT565AiS6Ms6HiunrxWrSzheit,1787069953196215,63,63,0,True,True,FULLY_PRICED_5M,True,True,0,
FBbDVF7Ksv7VjvPW2KgyudNJThwHoCEqnMvJsLrJpump,1787069953195221,71,71,0,True,True,FULLY_PRICED_5M,True,True,0,
EjpgYTPGnZZ5dPmCTLdd4kB1XHXw6vvXwLpNdnJxpump,1787069946166124,1,1,0,True,True,FULLY_PRICED_5M,True,True,0,
ApuK2zZGve4NWWv1L5jKW5gdXHSRJJZwhwNJZFxrpump,1787069940685433,27,27,0,True,True,FULLY_PRICED_5M,True,True,0,
6qykUGwgHVPPaF9pFaj7ps9QDu6uUbNmDbmwcMispump,1787069932141936,9,9,0,True,True,FULLY_PRICED_5M,True,True,0,
4LLPdmS9GAzqb2KPf5MCTeoXWnKQw7AJX3RDQzP6pump,1787069932119936,9,9,0,True,True,FULLY_PRICED_5M,True,True,0,
7e7BoAWtCBi5gHpGo4Cvz5tyJz2SZVUkVb8r9rFNpump,1787069929642748,13,13,0,True,True,FULLY_PRICED_5M,True,True,0,
J7qmHjc2heDTvieBun93XwZ4ubxLQQ5p1JUaeF6ipump,1787069923431494,1,1,0,True,True,FULLY_PRICED_5M,True,True,0,
752a2kRmw277NriZRemhnMffmLX91WckDgFLZhCsM9hC,1787069923412497,2,2,0,True,True,FULLY_PRICED_5M,True,True,0,
AVNMch8azMfDNygNRFBLvp5NUhSYXwi1DDyBS8cUpump,1787069918206151,4,4,0,True,True,FULLY_PRICED_5M,True,True,0,
7fftrpTkbXSoH9nxdrVjbmXxyhFYYkMv5DPQjh21pump,1787069915534795,2,2,0,True,True,FULLY_PRICED_5M,True,True,0,
HbUCPUpc9SKjShyzbfhr5kp9HNF9A9aiKGnLHy6Zpump,1787069915532797,3,3,0,True,True,FULLY_PRICED_5M,True,True,0,
EmGJcUrUXLUSbuq44yPUqxTzXjUrAhh2tnGcemoxSYDu,1787069915531796,3,3,0,True,True,FULLY_PRICED_5M,True,True,0,
5HRYarxoij4TAaSpwUj5LToBRKU2NLa2tJSYt8NSEb7d,1787069915494800,3,3,0,True,True,FULLY_PRICED_5M,True,True,0,
9EythB5ttV9Leqky35XbCvGAc6VeBQYdKpWzBbZzpump,1787069907146832,1,1,0,True,True,FULLY_PRICED_5M,True,True,0,
F5dpDLB39VSbKdk6u4ncrEBbPJ7RBnMobX4BiyN1pump,1787069906053981,8,8,0,True,True,FULLY_PRICED_5M,True,True,0,
G3cgSiqKTgRr5fG4MipqxwhCovN5mB9539AXELrSAGjV,1787069906026983,9,9,0,True,True,FULLY_PRICED_5M,True,True,0,
9D4EmMmV3ZX75BtWahqyBtWHUw7NNwui4ajGiDk4pump,1787069906024982,13,13,0,True,True,FULLY_PRICED_5M,True,True,0,
2c9gwfXJUmigzNNJBeUCUTfug25g594g3sY8sUs4pump,1787069900603725,1,1,0,True,True,FULLY_PRICED_5M,True,True,0,
Byxo4MtBVhLfUGBQhSHNHDy8uHjLt3LwrtUtNDfUpump,1787069900549725,8,8,0,True,True,FULLY_PRICED_5M,True,True,0,
LsgiGzWWQhsNv3XNLVAmZjQ4r44xqWDRsZmo5HpNn9X,1787069893231122,1,1,0,True,True,FULLY_PRICED_5M,True,True,0,
5TQrzmoueino8ABPULBMPLcB71c6cJQUiQPEWtAspump,1787069888066840,1,1,0,True,True,FULLY_PRICED_5M,True,True,0,
FLT7KwDgHyWW2UfnwPPLzkg7DsHiDHK8CHdksBnRqYBX,1787069888048843,2,2,0,True,True,FULLY_PRICED_5M,True,True,0,
B5dxWPLe3iVgWBWhwoWvvN9NhCyWao7G4ZPeWoAWpump,1787069885536798,5,5,0,True,True,FULLY_PRICED_5M,True,True,0,
5i3Df8j5qYBimPeutDiaCvzo2aZqEvvJKQKP4RdEpump,1787069882847162,2,2,0,True,True,FULLY_PRICED_5M,True,True,0,
fRigJvH56uH86yp19rhwXYdSpMcUxZeKgvVXBje6Fca,1787069872658223,73,73,0,True,True,FULLY_PRICED_5M,True,True,0,
J3mWYhnwMJqx4kV9pkABTfrPFnTnSUxC6FzhWq79ifqq,1787069866705510,5,5,0,True,True,FULLY_PRICED_5M,True,True,0,
6atxTFG7fZbiQ15DLxRqURSZP5kqSruBvrhhzPHqpump,1787069863725928,11,11,0,True,True,FULLY_PRICED_5M,True,True,0,
AMiQuJDKpWZ8b3d47Wj98khwLBot2DTNZqAPALAaJXc5,1787069860937932,28,28,0,True,True,FULLY_PRICED_5M,True,True,0,
4y6fRps8JVoJ1YyZ3DZCbayF5DEMYNaM2pXSd3c33HfS,1787069860882933,38,38,0,True,True,FULLY_PRICED_5M,True,True,0,
69uCigf9qJ348vzoMKtioXEHYcz7oS8hGWUsGwq7pump,1787069860878928,42,42,0,True,True,FULLY_PRICED_5M,True,True,0,
FJRqsYP2zovq5kNUB7FTqdmGSbyXreima3LrqGR26XLi,1787069860877927,10,10,0,True,True,FULLY_PRICED_5M,True,True,0,
E4pseRGxCHaZVhgefam6ZUy9wGZZNweXJ7b55Lr3AQ7A,1787069858635196,1,1,0,True,True,FULLY_PRICED_5M,True,True,0,
6vQWVa9Digp98Deqdd91yyXxiiypzk3oHWjtY5eSpump,1787069850644614,1,1,0,True,True,FULLY_PRICED_5M,True,True,0,
3bvv1c7iP5WBB8nASnFxENg8a4RYn61JXQ9o3Hk3znK9,1787069845984375,1,1,0,True,True,FULLY_PRICED_5M,True,True,0,
3zfynnL6qjm2vbtmosTam7VH55kFdHAxUGFBmpUopump,1787069834030568,1,1,0,True,True,FULLY_PRICED_5M,True,True,0,
21GHNrEoGxCfyxWR3eF25C2Dwqv3ycesZS4hk7UHpump,1787069834029568,2,2,0,True,True,FULLY_PRICED_5M,True,True,0,
45PwBsZKkYzo4YHR5n6FuDUEvMZmo2LuTV5C2X2Npump,1787069831328572,1,1,0,True,True,FULLY_PRICED_5M,True,True,0,
DAcERVa1B2V1dRuhKPKLdebak5yx1XqBk5zErvgKpump,1787069828481128,1,1,0,True,True,FULLY_PRICED_5M,True,True,0,
AWWH9dkNYM1bjd8d2agdHkr3ULc8qx8ECbKih9y9pump,1787069828477127,1,1,0,True,True,FULLY_PRICED_5M,True,True,0,
a7uAqeaW4xExxdQexwawihHFEVqopsqdjR9GJcdpump,1787069828423126,11,11,0,True,True,FULLY_PRICED_5M,True,True,0,
rt5AYqEjp82JGU7bwpEzsLQB1R2N4fyiJiFgTMnhjXk,1787069825867660,2,2,0,True,True,FULLY_PRICED_5M,True,True,0,
FcDpmv6Gi339W9LteHcSV3waRyZvC8rV3gx8w5rkpump,1787069825808663,2,2,0,True,True,FULLY_PRICED_5M,True,True,0,
DmNaK8RdcRrFpySgdVsFVsRGRo3YmbwjdzRVQwFSbeef,1787069823062018,1,1,0,True,True,FULLY_PRICED_5M,True,True,0,
99q8zgK8ETKbbKbfPgKRQBgsQj6Srqn1VFx8MjLppump,1787069823004021,3,3,0,True,True,FULLY_PRICED_5M,True,True,0,
4yDJAJ9GVdkUWFP9aCGQcAzWdB8eKjyxKEN2kviFpump,1787069820457998,11,0,11,False,False,NO_PRICED_TRADES_5M,False,False,0,VIRTUAL_SOL_NONPOSITIVE
49byZ5gmDDzsGuywAKP3eJhMZkimywVuNvMiyWZ2pump,1787069795624601,1,1,0,True,True,FULLY_PRICED_5M,True,True,0,
6HFTqjNkzEgmY7Sb62qNrBqtZAAeFoiGY7tpb2fAzCPi,1787069793075801,2,2,0,True,True,FULLY_PRICED_5M,True,True,0,
3z2GRENf27FQo7DLgvTpM86y9C78VzVG5D42XrkRY4F6,1787069790339280,1,1,0,True,True,FULLY_PRICED_5M,True,True,0,
HVqYTS18CV9TirJfXyFaEEr9RrzAjPZkEYG2vJympump,1787069788427711,17,17,0,True,True,FULLY_PRICED_5M,True,True,0,
CbWeQF2VuyVo7t1sfh7DWta3zno54Xq8BW3R1Eaapump,1787069785704618,1,1,0,True,True,FULLY_PRICED_5M,True,True,0,
AgUtLLGDsXpky21n8aZN73WXnWqG8yUe2YVr3JQXpump,1787069783040863,1,1,0,True,True,FULLY_PRICED_5M,True,True,0,
F48gYvsPT71PGyfsKKrXLxr7a19WPjKfy3h5vanwpump,1787069783039865,1,1,0,True,True,FULLY_PRICED_5M,True,True,0,
J15TB9XGM7fnUTFYzjtrzdubrxEyaDv7gDepa2nXpump,1787069783037865,1,1,0,True,True,FULLY_PRICED_5M,True,True,0,
La67hcm6Q9vqERJTsunsFkLcJN53b4aJhzjsauYpump,1787069783035867,1,1,0,True,True,FULLY_PRICED_5M,True,True,0,
DmEZr1jwnZjYXD7fjnJbxDJRTjTCPZKsGtGmcesYpump,1787069783034867,5,5,0,True,True,FULLY_PRICED_5M,True,True,0,
5QxN85Kh4kFbUQ5oQcVfaYdRvwV3jUuNrXbnQJUDpump,1787069781075356,1,1,0,True,True,FULLY_PRICED_5M,True,True,0,
C8vsFm2mi6cKqTjuhCFHZUt61kFRiY3oNLZ9FMWppump,1787069778406820,3,3,0,True,True,FULLY_PRICED_5M,True,True,0,
2g4u7bneR6wSf2fbRJsW8UVMAXNVUEwewZrxVivcpump,1787069775883518,5,5,0,True,True,FULLY_PRICED_5M,True,True,0,
C2dcfMn1rDfVM2vNUzf77tqHsTY8Fd1oSu9pRhR4pump,1787069773970939,1,1,0,True,True,FULLY_PRICED_5M,True,True,0,
AzCVmuWQkxLeSqwXYV86kXJRCwS4Rg8kFbGGoZhapump,1787069773958935,1,1,0,True,True,FULLY_PRICED_5M,True,True,0,
9fqaGzwBXnQ5RfYG8fV6nD7CF4kHUtQTQV9Pxpdpump,1787069773954940,1,1,0,True,True,FULLY_PRICED_5M,True,True,0,
4VEtc6PK7ppP1vhMfmch8Wa7tmCNxFrjvD2oBssDpump,1787069771606394,2,2,0,True,True,FULLY_PRICED_5M,True,True,0,
AEV9q3L6qRcXoBvCraFNBnKqcFBZup475ixG7FtVpump,1787069771591397,1,1,0,True,True,FULLY_PRICED_5M,True,True,0,
9R4FztKGrvaiQMAJiRrC9ZNT49KBMRSwnf69U39Kpump,1787069771568392,23,0,23,False,False,NO_PRICED_TRADES_5M,False,False,0,VIRTUAL_SOL_NONPOSITIVE
3jpGXsYaD8gMh8tV6YxB5i9bg2giT9goYV7HeoYMpump,1787069769053278,1,1,0,True,True,FULLY_PRICED_5M,True,True,0,
5UQEae7siXBuKnvtStaDNYYTzYwLjSbTyhCqrHUcpump,1787069769017281,1,1,0,True,True,FULLY_PRICED_5M,True,True,0,
Cn9wUB2vbWrSuLjbQ5oqNXxpVdiwzraiXFpxn73Mpump,1787069766645635,1,1,0,True,True,FULLY_PRICED_5M,True,True,0,
EGr63PrrTX3pM553ACTqa6QBuZMmWTSaxEXSZUz7pump,1787069766634636,1,1,0,True,True,FULLY_PRICED_5M,True,True,0,
ADhDT32vX3hnRGaB4ansFUeD1frLxvsDBxGvg7b2pump,1787069765316635,83,83,0,True,True,FULLY_PRICED_5M,True,True,0,
9kvAsg75pJLdzEScnQkfZDqwbjtUpziWjjzBJSk7pump,1787069756434841,1,1,0,True,True,FULLY_PRICED_5M,True,True,0,
ERdcdU3Gb4znWtdQsYjamKnirk5DY8Z5yfgk7G3wpump,1787069746217396,2,2,0,True,True,FULLY_PRICED_5M,True,True,0,
6r4esz647vHSpoeRT6bmP8q735wau1qSXe1sDC4Wpump,1787069736603184,1,1,0,True,True,FULLY_PRICED_5M,True,True,0,
HdiBC53zF7to8JyVY1DLjRVT7bSGevbTC1kZFgj9pump,1787069732170389,1,1,0,True,True,FULLY_PRICED_5M,True,True,0,
Gb1PPHEAXin26fSxoVKSbmxmjhHVeUdFcymDxSzpump,1787069726737927,32,32,0,True,True,FULLY_PRICED_5M,True,True,0,
4VsMda8M13xQFNevtxS4z6njMtFbmVrV4p8UvXNApump,1787069724202004,29,29,0,True,True,FULLY_PRICED_5M,True,True,0,
2JNacJJ6Jq3HtzXbeCDYz89X4YVcPo5h83iVoUYrpump,1787069724147999,6,6,0,True,True,FULLY_PRICED_5M,True,True,0,
G2nPp5n2v8oELA1zpsBLwuovAz2wTVr8jXhBySdPpump,1787069721722000,4,4,0,True,True,FULLY_PRICED_5M,True,True,0,
CRQk2h8w3ZqnLQTKuWyBwS9xFKs1W4xYRp5PN171pump,1787069721688999,13,13,0,True,True,FULLY_PRICED_5M,True,True,0,
6iZtuduxpVjC16gFgNgLHuvqy5AdaVMWBcq3uRMEpump,1787069714599231,19,19,0,True,True,FULLY_PRICED_5M,True,True,0,
KJEjdXMnCjk9immagrkCPZdeXbUsrMUw2gDdh8Fpump,1787069714505231,4,4,0,True,True,FULLY_PRICED_5M,True,True,0,
3mNm4jUj8A9uezMkrUGPJ6oqhPHTkZCz2qSd1VQLRA1a,1787069714184384,76,76,0,True,True,FULLY_PRICED_5M,True,True,0,
TwvQzB4QytwRsPs7gKkvDtRK5sgZ7cZgjAyo9SMpump,1787069714183384,4,4,0,True,True,FULLY_PRICED_5M,True,True,0,
9P5uZTUnwSfugCgtnzD5LBXbdjCSFqyxu6enpoKvpump,1787069714167385,1,1,0,True,True,FULLY_PRICED_5M,True,True,0,
HDTuo93tMCie5NCR67Tg1GrGoXaFG6m49vHQjJ9upump,1787069685723050,1,1,0,True,True,FULLY_PRICED_5M,True,True,0,
32z3R9fSxnmLqTEk2PoQNigoCyiZuqzqHDBaiSHwpump,1787069672558205,1,1,0,True,True,FULLY_PRICED_5M,True,True,0,
9LNcZUB7BQcLeQAUWNiKiMtm96DTUXsBPptsQrpmpump,1787069667458860,5,0,5,False,False,NO_PRICED_TRADES_5M,False,False,0,VIRTUAL_SOL_NONPOSITIVE
5iXv67U1Drj13tKc8Xea9tvinY3GNBM395ZaeAoGpump,1787069664609759,10,10,0,True,True,FULLY_PRICED_5M,True,True,0,
H87My1UxLGGRcgYYqS3aqDPrPPDpV4J8YZNfsW1kCQvb,1787069664603761,4,4,0,True,True,FULLY_PRICED_5M,True,True,0,
6k4vbc5hB5Dzpyty2qzck1GvpCuqWDUqU2bmifQhpump,1787069654613943,2,2,0,True,True,FULLY_PRICED_5M,True,True,0,
9Qx4Scd28X4QQ1iRYNVBgze161LuUwozGZtXcWjKpump,1787069640726699,1,1,0,True,True,FULLY_PRICED_5M,True,True,0,
85b8MNcDBokczdYDH8dWaGqMwXWjYZNsFMcMrckrpump,1787069640704701,4,0,4,False,False,NO_PRICED_TRADES_5M,False,False,0,VIRTUAL_SOL_NONPOSITIVE
95xWATB1ghLiUYHDzExJDefgzfch2pZpbjHXToFVpump,1787069635342012,1,1,0,True,True,FULLY_PRICED_5M,True,True,0,
7SDJ13gLY2RRrnALw3tDJvRdyyWRaqJKZvkMw3XmqLRp,1787069635313014,7,7,0,True,True,FULLY_PRICED_5M,True,True,0,
7guQKdXCenVCxDbRKKioipLwNTGqnBknmTDciw8opump,1787069635305015,39,39,0,True,True,FULLY_PRICED_5M,True,True,0,
Do76jTkEDKXMU773A4t14b8egmWg2EDd6ntnoUtGpump,1787069635303013,12,12,0,True,True,FULLY_PRICED_5M,True,True,0,
9Ab1WgbgwuTGKsT3Z9WeVNNBJLaWCXRgZCTJmniZpump,1787069624682641,9,9,0,True,True,FULLY_PRICED_5M,True,True,0,
5rX4WS2D5W8kuVrK1CxLdN6WZXoC1r4dA8sRRoZypump,1787069616674475,8,8,0,True,True,FULLY_PRICED_5M,True,True,0,
4kDo8YMV8dg1m1XQhqtFwsdq2Gt4VDAQaJ65eTjKpump,1787069614271045,3,3,0,True,True,FULLY_PRICED_5M,True,True,0,
3nygpzZgA56y613bReiXdRLujJqiY7AkMTCFR5eNpump,1787069613985562,2,2,0,True,True,FULLY_PRICED_5M,True,True,0,
5aHxhVtzYbxmMrArmh15rjE6Miu4LHjm5ZfJ3Qdgpump,1787069585339319,1,1,0,True,True,FULLY_PRICED_5M,True,True,0,
8J7mbhxyXbkYAmVHyXjKK28TioM6XE8Jx7iU4Uqhpump,1787069572423151,24,24,0,True,True,FULLY_PRICED_5M,True,True,0,
2NHvuf6gN9nQy57VkJgk9ppxj8tKx4AHXCTcNPDwpump,1787069567046205,5,0,5,False,False,NO_PRICED_TRADES_5M,False,False,0,VIRTUAL_SOL_NONPOSITIVE
v731usvbA6gRFvWBqNgxN2xGVb26faWyeTQ6rCSpump,1787069567022209,8,8,0,True,True,FULLY_PRICED_5M,True,True,0,
7t5XvZZeTmmsYUtxi6FpPUZ5V6C5tJBHdo6WYJshpump,1787069562336405,1,1,0,True,True,FULLY_PRICED_5M,True,True,0,
7jto3ZrHZoGVn4C2yj5LQf5bkzcKrk8dE9Jcru9ppump,1787069562190405,10,10,0,True,True,FULLY_PRICED_5M,True,True,0,
73tUWuqQQprj2cTJZF4b15eRnuAdZdLzzCqumBwMpump,1787069562176405,94,94,0,True,True,FULLY_PRICED_5M,True,True,0,
ECuUuBKUwp92s7qhuDDZQAdjKuLPrQP7EK4MG1oxpump,1787069552169564,2,2,0,True,True,FULLY_PRICED_5M,True,True,0,
CBWoqmYRr27ojG5t2Q4mvHZbb7tWZnkEpur2nufLpump,1787069546640275,1,1,0,True,True,FULLY_PRICED_5M,True,True,0,
2UsK2vWVrTWCfunALiP3GHnfuVLjpn69jXERu1mcpump,1787069546580278,3,3,0,True,True,FULLY_PRICED_5M,True,True,0,
GV23fCQ4fQFqehtnpdfVSurT34K8z4bjKsNxTZ5Vpump,1787069538674910,1,1,0,True,True,FULLY_PRICED_5M,True,True,0,
ExSKuGWnmLufCapzibJ3FEpBoRtkVvzoykKgrnZ1pump,1787069538520911,1,1,0,True,True,FULLY_PRICED_5M,True,True,0,
HjRAC9q8udb7gfjDiBbQYUKwnEG4qiy6G3w5oVu5pump,1787069535979232,2,2,0,True,True,FULLY_PRICED_5M,True,True,0,
92qpr28zuP8nqJTHy9VKHp8GZSaj8JEWXDzBgv2xpump,1787069533376129,1,1,0,True,True,FULLY_PRICED_5M,True,True,0,
2XUvCZufBzSn4p8gWL8yBVBvS8K3iamiGBDYk7N6pump,1787069530867409,1,1,0,True,True,FULLY_PRICED_5M,True,True,0,
Da8SXMtGWFUeJBhzb2HLaJmSBboEdsUd9qLVAzy3pump,1787069528601733,5,5,0,True,True,FULLY_PRICED_5M,True,True,0,
24qMAAeUS4ggVmwPmJrwjWjNgTo1zeNjoeiNauDvpump,1787069525918700,1,1,0,True,True,FULLY_PRICED_5M,True,True,0,
5yyya7ErjAXojujC34a58NY8JC1TMSivKSz1Tj4dpump,1787069520236644,9,0,9,False,False,NO_PRICED_TRADES_5M,False,False,0,VIRTUAL_SOL_NONPOSITIVE
4ZvaxXwCK42yZGBVQLYWYeiaksZVfawkPs3voXgepump,1787069517536607,11,11,0,True,True,FULLY_PRICED_5M,True,True,0,
FkY58wZT5STjiVXPxdejJAryJ9wQVsRany1Q9ZRqSBn4,1787069517532607,15,15,0,True,True,FULLY_PRICED_5M,True,True,0,
GB8vVTucs6jS1uNmvwRPBikQcLkt5KPPE7DCZkaWpump,1787069517530607,1,1,0,True,True,FULLY_PRICED_5M,True,True,0,
Gzd9fu1jZkx4d3YLTsTxfKMXY4co285odiyRBRsApump,1787069517462612,3,3,0,True,True,FULLY_PRICED_5M,True,True,0,
37DZKzYMqNuffbCQKLqRVcBa2gzaYGrs7chkqQLvpump,1787069510298606,2,2,0,True,True,FULLY_PRICED_5M,True,True,0,
Di7xUSUqZhdcrQzWr4zdFyutC7mEBZctPr29QYPHpump,1787069507812566,5,5,0,True,True,FULLY_PRICED_5M,True,True,0,
ChzYTpMnh9URa4KkBxc3hkLM6kCQDifa7itqmsTtpump,1787069507806565,1,1,0,True,True,FULLY_PRICED_5M,True,True,0,
EBPU1qtuhAtFi8jLwM3pEAPBjRd7kY3c8wxNcvfkpump,1787069507803564,1,1,0,True,True,FULLY_PRICED_5M,True,True,0,
28ASAfhWnTP9LqYYvyd1CyNm2yaCJfF1YVwzmMh1pump,1787069507796563,2,2,0,True,True,FULLY_PRICED_5M,True,True,0,
6VYWuGzXZHtb7Kerfz3EzJNiScJY5d1Np6i9pS23pump,1787069505973531,32,32,0,True,True,FULLY_PRICED_5M,True,True,0,
42JJanV8Jb5moYLsGvWCBXWSSMAAVKSTozhmb4uoQaxj,1787069505956533,1,1,0,True,True,FULLY_PRICED_5M,True,True,0,
AxB9HVBRfBvd32Diiee6b5hNVd2YrFDHKQ3LxNaopump,1787069503586166,1,1,0,True,True,FULLY_PRICED_5M,True,True,0,
4NoD3AFpe55m3wuGF4SsyKfT8v6iWdyU6wxtEZqjpump,1787069503568166,1,1,0,True,True,FULLY_PRICED_5M,True,True,0,
GX9bRZUvcSJaTwzXxWpZnicig3EEMTzMoKtjAbGkpump,1787069501078122,1,1,0,True,True,FULLY_PRICED_5M,True,True,0,
2hQNWgkFeYF8hcNUb61NfdGCtSWjcXc24istWyHzpump,1787069501065124,1,1,0,True,True,FULLY_PRICED_5M,True,True,0,
FYr6KuVPRRyAkW7PWRvekUQBAUkntRf3cLo6j8KVpump,1787069498400390,1,1,0,True,True,FULLY_PRICED_5M,True,True,0,
3TRGj3TGoSbnJrAed6iBZxwUd496ULzzRxVkobKXpump,1787069498375392,1,1,0,True,True,FULLY_PRICED_5M,True,True,0,
8CDDKf2skpFKpoSBNGCvYKhYmjf6h6FDpfea5YFcpump,1787069495677353,1,1,0,True,True,FULLY_PRICED_5M,True,True,0,
ub2hfraFWNtazYVd5U8mkyJRLTjyewHpAjR77Mfpump,1787069495670354,3,3,0,True,True,FULLY_PRICED_5M,True,True,0,
Agfopc8fHJmtoNQtAvai2yFYdhtvrvNLUoby8r5shYuu,1787069495656350,1,1,0,True,True,FULLY_PRICED_5M,True,True,0,
jx978bYTbhdDXVK5dSaCZxqUG1naFeAudLKRTWqpump,1787069495642349,1,1,0,True,True,FULLY_PRICED_5M,True,True,0,
HjAT5aWPEofPZrXtpqepMZ2svKVetyES3XFBQ5gZpump,1787069493020302,2,2,0,True,True,FULLY_PRICED_5M,True,True,0,
E5VAUhwprfB5YSKPuN5YtfHTweeLnEgDVcP5F35Hpump,1787069490618307,10,10,0,True,True,FULLY_PRICED_5M,True,True,0,
FzJd9MrY7JWJ8v3JHHiDUc98KhAVUL7rK3cgTU5jpump,1787069490616304,1,1,0,True,True,FULLY_PRICED_5M,True,True,0,
4GoSBuxT8c6mSrgXqVoR1RM4SSSedU2YyZsTeyiqpump,1787069490606305,1,1,0,True,True,FULLY_PRICED_5M,True,True,0,
E2uSiD8JPUSmrUUPzDiuNvqeXhtNURFusB1gigogpump,1787069488147654,1,1,0,True,True,FULLY_PRICED_5M,True,True,0,
6WsjJzhPEDSQE3wVJwiaKzebjUWGvbMysAZ7gLXMpump,1787069485610521,1,1,0,True,True,FULLY_PRICED_5M,True,True,0,
DvkosRPUJ4xTBveMyXPozfUA4RQcEWCk1DRi4Vmdpump,1787069485596516,1,1,0,True,True,FULLY_PRICED_5M,True,True,0,
C84B31RfBYc5jtZAasdgN9AMpLt2uUdL2b5DUwEpump,1787069483307717,3,3,0,True,True,FULLY_PRICED_5M,True,True,0,
7SKWGc2feiz7mhorXPRR2QnTPYt38sZNABH3YCNZpump,1787069483290718,1,1,0,True,True,FULLY_PRICED_5M,True,True,0,
6AAsnBq6y1xGtd6FzbBoQULTfyaJJi1wtM7RbfsC1FAw,1787069480742681,1,1,0,True,True,FULLY_PRICED_5M,True,True,0,
ERdB9rN7a2jXuLaEjciGtd5cyQ9t2zBma8eyViWNpump,1787069480736677,1,1,0,True,True,FULLY_PRICED_5M,True,True,0,
EqTuLeNp11sDfB5KPZ2e3RS8e7FmEtMKzCEze3Nqpump,1787069478228831,1,1,0,True,True,FULLY_PRICED_5M,True,True,0,
HmfKDe3iFkfHC7XiDVMUKnV5AF9Q65ceo1BXF831pump,1787069475669060,12,12,0,True,True,FULLY_PRICED_5M,True,True,0,
24qM2G5rsxCAzYXWwvnDrQsr5xeYpGpTxH4U4bxapump,1787069475629055,1,1,0,True,True,FULLY_PRICED_5M,True,True,0,
C6zJSWte14Bfiy1m62BdwM2G87sA4x12tDhBdwjYpump,1787069472869236,1,1,0,True,True,FULLY_PRICED_5M,True,True,0,
BxDKMQymhcru3fP5kUoftXn1dfqWYFJR5xizutespump,1787069472823237,11,11,0,True,True,FULLY_PRICED_5M,True,True,0,
EcQUguYM4sySxFwFrPHcqJpm7Mo2pAh5bwxxo9Q8pump,1787069470004531,1,1,0,True,True,FULLY_PRICED_5M,True,True,0,
J4kRumERgC3nWPjsLw8Q6gVH1tCs1tx8CzJSfmaipump,1787069467478404,77,77,0,True,True,FULLY_PRICED_5M,True,True,0,
8M4QVZEUSRF5hqdFXeC4CW8DqVFW9us56xPfr8RGpump,1787069467464402,6,6,0,True,True,FULLY_PRICED_5M,True,True,0,
2fQCsHfwPwe4Bsu7HAKVa1Ey9NBmct1sWi7LD5nxpump,1787069467462402,4,4,0,True,True,FULLY_PRICED_5M,True,True,0,
9mxybyvPGoKPDAo3q7vE7oTLV7prGvCxixd7brFNpump,1787069467452401,2,2,0,True,True,FULLY_PRICED_5M,True,True,0,
2xMRV5doKaaGPHUnquwanpS41PsU9LhadvYpexfQpump,1787069467450402,1,1,0,True,True,FULLY_PRICED_5M,True,True,0,
436kmyn86K89dy71LHworVnA59asDpa9PchD1Njcpump,1787069467407402,154,154,0,True,True,FULLY_PRICED_5M,True,True,0,
Ht9oQ8G1TLetFDoe4wyPoHvFGM1WDUkRnFwNw3rUDWv1,1787069457306777,1,1,0,True,True,FULLY_PRICED_5M,True,True,0,
Ez6sTr5JR7GwSuzocy9QbHGsQ9YfeuaAq7XgY33bpump,1787069457233773,1,0,1,False,False,NO_PRICED_TRADES_5M,False,False,0,VIRTUAL_SOL_NONPOSITIVE
EG5e9nfD7JmwhjP1t1EAz5oak7An185ZwZ52HCgWpump,1787069447001795,1,1,0,True,True,FULLY_PRICED_5M,True,True,0,
Ffs4azMtdGcSyVp1LPW64TdH3u3j9cgtPkQDtEgqpump,1787069441669208,1,1,0,True,True,FULLY_PRICED_5M,True,True,0,
6RZNdhUBrMzLHQn4sRwak5Rqkvthmt6JSCS3PxAopump,1787069436635735,123,123,0,True,True,FULLY_PRICED_5M,True,True,0,
ELsssQhCrHcr2ZLZ2rLzoxi7MCySJZSpesLE3yph5NCh,1787069434009944,4,4,0,True,True,FULLY_PRICED_5M,True,True,0,
8haQaREpwco7QdwuvqsHQhVy68oh5SjM5DkJBbRpDpMC,1787069433994945,1,1,0,True,True,FULLY_PRICED_5M,True,True,0,
BnZ4X1KmYCtHCQXCsCdCJc8Qh5mgQ8Xa7HgNLULcpump,1787069431104518,4,4,0,True,True,FULLY_PRICED_5M,True,True,0,
CgpPLnECTdr5edFd2YeByzbG3cisjVBfGJ4fZVPWpump,1787069425751437,1,1,0,True,True,FULLY_PRICED_5M,True,True,0,
BFynFytWZwSsCjiX5ek9Qmo3FpBUM2d7jCQWqRXHpump,1787069423171093,2,2,0,True,True,FULLY_PRICED_5M,True,True,0,
BbZSWiCj7Qz4v73yJLoSxzc2EUsL5m1gfS6exCFGpump,1787069423164092,4,0,4,False,False,NO_PRICED_TRADES_5M,False,False,0,VIRTUAL_SOL_NONPOSITIVE
C3gKpFiLZ1yU43vHXThzzNzE1QgXJWNXMhzxUvSVpump,1787069423155088,11,11,0,True,True,FULLY_PRICED_5M,True,True,0,
25bzbsbEnX2oFQ4A5yTghXnL6UtF5ZuoNgria1qKpump,1787069423154089,28,28,0,True,True,FULLY_PRICED_5M,True,True,0,
Ha2E9efnDuoEWhBcZXgqpiPwT6P4WH3TqArwbHfQpump,1787069421199032,63,63,0,True,True,FULLY_PRICED_5M,True,True,0,
C5j39jGM3Shba842maMqeaXa7mgKoWVHr3n8tQwwgjg1,1787069410311258,1,1,0,True,True,FULLY_PRICED_5M,True,True,0,
2jFVmfUL4HZZxkdVTpmnyXGBYaAoRx7hz178N2bZpump,1787069407682222,6,6,0,True,True,FULLY_PRICED_5M,True,True,0,
DLS1jJ9CfhukRsEbZDV4g3qNVHgqs6kixWTLQyqopump,1787069404995978,1,1,0,True,True,FULLY_PRICED_5M,True,True,0,
68XGpB5N9fXSvronBcy24oUPgvL1V3eNozLESKwCpump,1787069397585995,3,3,0,True,True,FULLY_PRICED_5M,True,True,0,
HkSQUPz5upGMFcqh2VEp6xJ9k2CYTcmLqSibJ8PCpump,1787069391744815,1,1,0,True,True,FULLY_PRICED_5M,True,True,0,
DTtpoa6EsXT9k5t2Z7qj9dN5ffZ44PdCGbVX5Szdpump,1787069388920387,13,13,0,True,True,FULLY_PRICED_5M,True,True,0,
5gx8ApnXvs5tYSbARtoezSckxeYMXbndnMLRoLqBpump,1787069383902358,17,0,17,False,False,NO_PRICED_TRADES_5M,False,False,0,VIRTUAL_SOL_NONPOSITIVE
62zcTpg47PwYn3JtUmt53dsA4yuiqsp8nPHk4oatpump,1787069383873354,2,2,0,True,True,FULLY_PRICED_5M,True,True,0,
9eQcyRj2d5jzaar9VitTLVWrQpL6RAGcy9QxnYMvpump,1787069381499502,42,42,0,True,True,FULLY_PRICED_5M,True,True,0,
HH6WRxj2rXHkcfeM2Au8FThs4RKfz87vL7XTJSVwpump,1787069381469992,2,2,0,True,True,FULLY_PRICED_5M,True,True,0,
55HU9tXUM6kFRb1mAVz4pd9ERqckvJJhULtnQRGCpump,1787069378720960,1,1,0,True,True,FULLY_PRICED_5M,True,True,0,
48HFG7XfYqb5dnuZNVUoUDua8LK8m3Vmeyyjrmoxpump,1787069375906155,3,3,0,True,True,FULLY_PRICED_5M,True,True,0,
EqC73MTcc4vk9YbSJrDux9nd916nVg5ybZezSVb6pump,1787069375856154,12,12,0,True,True,FULLY_PRICED_5M,True,True,0,
4DUAhgK2ucsRRDmqezKgFcRkzHH9wdJV8ztaFCT3pump,1787069375852157,13,13,0,True,True,FULLY_PRICED_5M,True,True,0,
F65tndi6sGf4uU3sL8kN1t8WavqKDMAH5GxRMnNdQqXX,1787069374341332,8,8,0,True,True,FULLY_PRICED_5M,True,True,0,
Gd9H6T4vuw4tWmitRfoHru2xjHeCW8Nd8wJDF9u1gQZ5,1787069374262331,59,59,0,True,True,FULLY_PRICED_5M,True,True,0,
G8ySmLuJdG7ToeD3S1SqAK2KJbAXuDbRyGiVEs6Epump,1787069374260333,5,5,0,True,True,FULLY_PRICED_5M,True,True,0,
EmfhRpojZobpLYSmHok3mZ9dAN3VUCmXTP8FiKnipump,1787069374235332,33,33,0,True,True,FULLY_PRICED_5M,True,True,0,
EVMSfYSHAxMvihUCgJXQwQ8wb96hY7X5Ga3UdHFKpump,1787069365576935,2,2,0,True,True,FULLY_PRICED_5M,True,True,0,
35tsjDssy9YiX2UCekpAzPZTDGYPu36YnZHEtxFopump,1787069365558933,3,3,0,True,True,FULLY_PRICED_5M,True,True,0,
7tR6kjDq3VLb8N2DCL8MaZMMLusiBD1sQ72ws2JSpump,1787069363011860,1,1,0,True,True,FULLY_PRICED_5M,True,True,0,
DZpVty19HXTj2cFAHByDY2tswqtLYVvoFAiG9uTMpump,1787069360667135,1,1,0,True,True,FULLY_PRICED_5M,True,True,0,
78YMH3aNCa2V3RufwYN1Gr9debv9XiwDQhCszJhwpump,1787069349938201,4,0,4,False,False,NO_PRICED_TRADES_5M,False,False,0,VIRTUAL_SOL_NONPOSITIVE
7RiBA4StT3NFo7RubGy1nRnwAhQh4vuQJUL7LVvvAbMJ,1787069344519288,1,1,0,True,True,FULLY_PRICED_5M,True,True,0,
DNjGNMZdf4PqNC5JhtK1BbHt5Xn1KLBhhevVYeTapump,1787069339275166,2,2,0,True,True,FULLY_PRICED_5M,True,True,0,
3jCzzAtjzg5pKNo8CmqQq6sM9sia7wHeJgSDE7LDpump,1787069339274166,4,4,0,True,True,FULLY_PRICED_5M,True,True,0,
FakbhwDTDumLa9wJDqdqhGfNL7Qkay6TX8ih2w4gpump,1787069339270166,3,0,3,False,False,NO_PRICED_TRADES_5M,False,False,0,VIRTUAL_SOL_NONPOSITIVE
EMviGP2Tc4oY8KQTDJqjNmJgDpvCDE4xr1Sb3p4jpump,1787069339250166,1,1,0,True,True,FULLY_PRICED_5M,True,True,0,
4DKwa5LSDtuj3XTi6e83B3yg1RCT2Q4ZjdtKbq6Zpump,1787069339219166,4,4,0,True,True,FULLY_PRICED_5M,True,True,0,
H8Tzb9WdVk46ody7bu81EDYE2RAmucx8b4rEv8qtpump,1787069333555204,1,1,0,True,True,FULLY_PRICED_5M,True,True,0,
DoLvSvSxyyJaW3nR6PB9zUhXnJCUmKz7u7rS8WeApump,1787069333517203,11,11,0,True,True,FULLY_PRICED_5M,True,True,0,
C2PW9VTXhW2za6f9u7vfjTDAbYVDgWGg5GN6N3Xtpump,1787069331103441,25,25,0,True,True,FULLY_PRICED_5M,True,True,0,
9aW26x7bQ3fyXKRwFqDpMKVqs9T1vwpSLT8UYGJ7pump,1787069331066437,22,22,0,True,True,FULLY_PRICED_5M,True,True,0,
2o2XZbBUsvmviYBpTcsCqQQ3mxcaQf9eV1GTQnwHpump,1787069331056441,42,42,0,True,True,FULLY_PRICED_5M,True,True,0,
EeMBhSLyqmZPMhqMFTsZiUG7LyM6DrPXHkp8x8R6pump,1787069331016431,14,14,0,True,True,FULLY_PRICED_5M,True,True,0,
6sio7F8T2ZdmMqJNDnAE7Z9uEfa5NSz6d5EQ2PVHpump,1787069328055698,27,27,0,True,True,FULLY_PRICED_5M,True,True,0,
HWd66s1P7wmzNxTuqvo4ohow6q6LMsSKY3FoQf5ipump,1787069328045694,62,62,0,True,True,FULLY_PRICED_5M,True,True,0,
DsBUF8v9SqHWNRhejJcAsXjduKKmyY1ppoM6ffqQpump,1787069328012695,6,6,0,True,True,FULLY_PRICED_5M,True,True,0,
AamEnV9sCdKJHHRt6QmXzAXkZT9LU8d7iwSpd5i1pump,1787069328009694,6,6,0,True,True,FULLY_PRICED_5M,True,True,0,
7zRek4QscFgVkdKFYJHRVvbZ8SFJdwWqUJn8W8ofpump,1787069328005694,1,1,0,True,True,FULLY_PRICED_5M,True,True,0,
FsDF8Uj3VoFPRZqMR9NjLwsafPJhm1ge4VWohG8dWemw,1787069327248512,1,1,0,True,True,FULLY_PRICED_5M,True,True,0,
2zn33FEDbKbUgzbq1ghsgjnK3mMUPPAn8VgfdXULpump,1787069327232517,13,13,0,True,True,FULLY_PRICED_5M,True,True,0,
HquLBhV9ryWv57Gq1NmcNpduG1jbEdGTEhu9LN1oSp17,1787069318110409,3,3,0,True,True,FULLY_PRICED_5M,True,True,0,
CMK9wvHADHfE9vwvR3pUqJKVMwrc9yUaGf3kgbK7pump,1787069315479098,1,1,0,True,True,FULLY_PRICED_5M,True,True,0,
HSVKgLAAF6fusGSMg77e4siccehw2wq1pEw349MQpump,1787069313215661,1,1,0,True,True,FULLY_PRICED_5M,True,True,0,
4i1PdxKpNDf4YMK26zPp2TiCEgBB91xTLasL8aSKpump,1787069313194661,2,2,0,True,True,FULLY_PRICED_5M,True,True,0,
7XAsqezfMctWjtSpQRc16uSu6Y5Z1X6PezdtKmvPpump,1787069313129662,1,1,0,True,True,FULLY_PRICED_5M,True,True,0,
HUGLQto7y6XEA1rBfkMwdYBn7b5EdfMEqDGfkCxjpump,1787069310550711,1,1,0,True,True,FULLY_PRICED_5M,True,True,0,
24q8bC3bPosFTY4bM44Zkswjpk3h4Qtcz9hrt8KXpump,1787069307748379,1,1,0,True,True,FULLY_PRICED_5M,True,True,0,
DdXAW6rhWBvo6eWFoicTEwE1gJFcmHZQRD4W9WKzpump,1787069304888596,1,1,0,True,True,FULLY_PRICED_5M,True,True,0,
9MRQ8mFTZXJWeyRMtC6euCKJUdVBeL5PHxAdh5ZYpump,1787069304841599,1,1,0,True,True,FULLY_PRICED_5M,True,True,0,
6unCTMujA6BPgstNQ6TRb5M1tuYihXi3m5MBmreYpump,1787069291937355,1,1,0,True,True,FULLY_PRICED_5M,True,True,0,
8Ma6jxLsibvuWQQG4mT3AzRTPqMYZ4vD25sENJxNpump,1787069283991313,10,10,0,True,True,FULLY_PRICED_5M,True,True,0,
CjmpZGHTM2hWCcBnMRb6fsQ3AUdkL6nR6mNGrrSDpump,1787069283952314,31,31,0,True,True,FULLY_PRICED_5M,True,True,0,
5iW99evJJujtZqbQwucmGZAFgEKo8Jij1dtQ44Ctpump,1787069281374141,10,10,0,True,True,FULLY_PRICED_5M,True,True,0,
fmc6SKPMFsBa1TcJ82aAvCG6aiwReKo5xU8gi8Apump,1787069281368145,5,0,5,False,False,NO_PRICED_TRADES_5M,False,False,0,VIRTUAL_SOL_NONPOSITIVE
9CcEUZ8WChzkexFuYhogbfFf7PmhCde1fweDUa4hddGz,1787069278853787,2,2,0,True,True,FULLY_PRICED_5M,True,True,0,
7uto3WR5mv2rXYNSZsdSS3Q4xoPvLNSSgabcGwmApump,1787069278826782,32,32,0,True,True,FULLY_PRICED_5M,True,True,0,
HBmPXu3jATp9DtdymoT5gMUR6HLiBeZsE5KzuZtdpump,1787069278803782,27,27,0,True,True,FULLY_PRICED_5M,True,True,0,
FenJ7zfi3AS5egmNYNeb2XD6PY6tf4nzDSZBcypfpump,1787069272877631,1,0,1,False,False,NO_PRICED_TRADES_5M,False,False,0,VIRTUAL_SOL_NONPOSITIVE
52E6cVkLk7U9SyjGmDgkXW2BpXHidYysZTURGLUPpump,1787069270354066,3,3,0,True,True,FULLY_PRICED_5M,True,True,0,
8sxkBnCHJ8D58yk3sNoWkZrzVuui4ZFkAovRP3nxpump,1787069267721688,3,3,0,True,True,FULLY_PRICED_5M,True,True,0,
GMWgcTPLs1R4jPRoJ2SfQABVGYGUQCkXYM5bqKLupump,1787069255241524,3,3,0,True,True,FULLY_PRICED_5M,True,True,0,
BS688k7JzGQt6RpwTwLTdTdXyBun2FZhG63dBJ3spump,1787069255240524,1,1,0,True,True,FULLY_PRICED_5M,True,True,0,
BYM9EMuCqwxn1HZeDJVa4U9d3oqywh4o3pCByDiCSeLa,1787069255235524,1,1,0,True,True,FULLY_PRICED_5M,True,True,0,
B5a8vA7ShmdmcugMNMpa4Axc5Jo3HvNZUEAqydkQpump,1787069255234523,2,2,0,True,True,FULLY_PRICED_5M,True,True,0,
6mwhWJh9i6KQbpLNYemX15Nz8ohKd5nxJibYNpjqpump,1787069249693325,1,1,0,True,True,FULLY_PRICED_5M,True,True,0,
23KrLmQecpAoHtoui3fhMXJxwiNf6dBY12hrnXzhpump,1787069244480208,4,4,0,True,True,FULLY_PRICED_5M,True,True,0,
EYNVUevA12CpoQYDkexG49FrvKLcC75ZEYevz7Capump,1787069244440212,17,17,0,True,True,FULLY_PRICED_5M,True,True,0,
CjqgbkVtVjERKspZXhz6EmzmUgL8bqx5FUZL6oz7pump,1787069238915483,1,1,0,True,True,FULLY_PRICED_5M,True,True,0,
EyPUiMdJyJ71xBYTt8LY6KJQyvpx9jpkeypptQDrpump,1787069236418065,13,13,0,True,True,FULLY_PRICED_5M,True,True,0,
7yaMAWj4ZVRSd6CTkSyzwagMH5Z1fNe38YqgwcDbpump,1787069236408068,2,2,0,True,True,FULLY_PRICED_5M,True,True,0,
6kcHwu3LEUPcgwadnYtzXcpE1W2pBtKayuPVUdcjpump,1787069233035014,9,9,0,True,True,FULLY_PRICED_5M,True,True,0,
6G1bGNX7cjxZE4FZ2V5seu94hQYFc6bDJ8e1BHNR3YCZ,1787069224613364,1,1,0,True,True,FULLY_PRICED_5M,True,True,0,
BCbHgZPkfU1GrjJKQni3z3Wn1dvyhg52uRxMqf71pump,1787069216000191,5,5,0,True,True,FULLY_PRICED_5M,True,True,0,
8gqNDRnJNiWBEKZr9BTH5NwL2qgRkLCZNcD3pLg7pump,1787069213536955,1,1,0,True,True,FULLY_PRICED_5M,True,True,0,
BsYT9eeYUjdNbwJ6PjYCx5H8SHmEcGSupcdLHiKQpump,1787069210791633,2,2,0,True,True,FULLY_PRICED_5M,True,True,0,
4aFozQHsA6V8RMm4pjrnrfgNd9muVVVi7UnT1fXDpump,1787069208543789,1,1,0,True,True,FULLY_PRICED_5M,True,True,0,
G2xuM9GymyoHvAtihegWDGE5d9zehFkvwtbX6bZepump,1787069208482788,3,3,0,True,True,FULLY_PRICED_5M,True,True,0,
EeZ7fyBk8tnmfXdBpac2Xqtfp3U8tQ6FiMWqXcRxpump,1787069208474792,1,1,0,True,True,FULLY_PRICED_5M,True,True,0,
nnWL29Y1FwjhY8USvqmvev8UTwY9MJj5Affso5Vpump,1787069202966023,1,1,0,True,True,FULLY_PRICED_5M,True,True,0,
FVvmSAPZZjBNRxbo4hVkSgWRzcTugzsr1hScSyULpump,1787069200154467,1,1,0,True,True,FULLY_PRICED_5M,True,True,0,
GGL1VVAw1GRaLZSUGHBt2iXMvn9NtA6tw57rD9fmpump,1787069197592002,5,5,0,True,True,FULLY_PRICED_5M,True,True,0,
GFCRJDEoSE5cLW4Z2CEZ45BLfyG25MyyamxzikYTpkCz,1787069189449988,1,1,0,True,True,FULLY_PRICED_5M,True,True,0,
93cmsxuo9pzZsNPd4rXBepLdgZE8iaCv5ABrAWA1pump,1787069189445988,1,1,0,True,True,FULLY_PRICED_5M,True,True,0,
5V2iVhkRDY6hQ42AY3ke1eD8VUXfobfo78T1RUbUadjz,1787069189442989,1,1,0,True,True,FULLY_PRICED_5M,True,True,0,
NWcMVju4D12KwLEjN1dkcMLTKDwaGWV1yFGpqDApump,1787069189417989,6,0,6,False,False,NO_PRICED_TRADES_5M,False,False,0,VIRTUAL_SOL_NONPOSITIVE
GjGjwxvEWwmDe7wb6i9ALMqRcz19RMsmieRYSyrSpump,1787069187072116,19,0,19,False,False,NO_PRICED_TRADES_5M,False,False,0,VIRTUAL_SOL_NONPOSITIVE
SsZ1xaJqo8ntvwpyzxSL5VL7Jznseg6yUSGEQKWpump,1787069187034115,9,9,0,True,True,FULLY_PRICED_5M,True,True,0,
BawJtuEvK45aSFziskL1NRq2csS7YpuT2CHSH3ygpump,1787069186999120,4,4,0,True,True,FULLY_PRICED_5M,True,True,0,
45kdkmxurUeNk75ux1jPXAEEPx83MiNyep4mXAz2pump,1787069186993120,61,61,0,True,True,FULLY_PRICED_5M,True,True,0,
47mvKXsaRPzNR2PPT23Kirmp8u4gcD7SD3WZBA3fpump,1787069181328618,1,1,0,True,True,FULLY_PRICED_5M,True,True,0,
8J7jCgrZpTY3YNsiq3Ccv2bVZh23uSh8AnEGv9iDihiZ,1787069176342978,1,1,0,True,True,FULLY_PRICED_5M,True,True,0,
63KfHT14QhbH83P8Q8qp2BhA4HjVV46fyPYfKLuYDG39,1787069166475945,1,1,0,True,True,FULLY_PRICED_5M,True,True,0,
EWKPvMbYRUTwf6rZbVMmzgM3JcY7hgj9askUqZfypump,1787069163569379,4,4,0,True,True,FULLY_PRICED_5M,True,True,0,
BxbnQJKY3XswFe2Q1BtxibFZRFAnVD6YgyAYwQCopump,1787069141062745,4,4,0,True,True,FULLY_PRICED_5M,True,True,0,
5RiUhy7zfxftwNNbgjB3qfFemfsWu1upGgY3YsWipump,1787069140989747,1,1,0,True,True,FULLY_PRICED_5M,True,True,0,
BdjEBNAaUjv1BRt2N37vhnvu3DLwt4Makdxbfpsvpump,1787069140987741,8,8,0,True,True,FULLY_PRICED_5M,True,True,0,
DptUf61HtKqpawVKUUqTrb3YSFsfx9GsZXJVRr4bpump,1787069138412188,19,19,0,True,True,FULLY_PRICED_5M,True,True,0,
Evddsvt4gaQddgXKUjLFy9S8JqMqGpjnQUekvNWcpump,1787069136286001,53,53,0,True,True,FULLY_PRICED_5M,True,True,0,
59pjdCbBm5GiarhcyRUNi9pVfuU4h9HvHgmD4atopump,1787069136181001,4,0,4,False,False,NO_PRICED_TRADES_5M,False,False,0,VIRTUAL_SOL_NONPOSITIVE
CitfEAnQQ8jxDasYzXEvmf7sFaW4EXQBSfwezhVPpump,1787069136167000,1,1,0,True,True,FULLY_PRICED_5M,True,True,0,
BhJ8UHJ1BMqbwaW9ZBP2vdVe8QLgyeki5aYGigCyjXPa,1787069136143001,40,40,0,True,True,FULLY_PRICED_5M,True,True,0,
DFv3YAzYT9rSD22v1ZDm9zwWXNVXtBNWWg1GXpuVpump,1787069123546508,1,0,1,False,False,NO_PRICED_TRADES_5M,False,False,0,VIRTUAL_SOL_NONPOSITIVE
GEsrnsDas2B9u1s3CyoHq1i5uLkyRNSKujwYCgkfpump,1787069120932461,1,1,0,True,True,FULLY_PRICED_5M,True,True,0,
2teg9oTshxwaRJtKdFSzFXfifTN7eiT6jKib3V7Bpump,1787069120896461,1,1,0,True,True,FULLY_PRICED_5M,True,True,0,
CW8M7xzXTBXtbhc5Y14gAXuKT9NaXqfeJP7s5K6vpump,1787069120853460,1,0,1,False,False,NO_PRICED_TRADES_5M,False,False,0,VIRTUAL_SOL_NONPOSITIVE
G7GQXnwo4HgJZwacfNFRpUWh5GjWqPnHnxDtNaCtpump,1787069118276610,1,0,1,False,False,NO_PRICED_TRADES_5M,False,False,0,VIRTUAL_SOL_NONPOSITIVE
12esBVcoRgSDumrKZRZvbjJL7RTFPr6LZTeJL7YRpump,1787069113232264,3,3,0,True,True,FULLY_PRICED_5M,True,True,0,
3pjXa5kaJDCyn9XZjAgQiGL6bmWv1xkAqsTjtF8opump,1787069110179330,4,4,0,True,True,FULLY_PRICED_5M,True,True,0,
7qNAmHszoqWQEN4P8tyT7119rvAQKYssVbNqtxChpump,1787069104952697,5,5,0,True,True,FULLY_PRICED_5M,True,True,0,
F2htMRKmu4iRaPDa5UpV48DA3aSUZXHSuJXmpBEjpump,1787069102414496,3,3,0,True,True,FULLY_PRICED_5M,True,True,0,
269p2C24vNUB3NEkJsQcUUcKQz2Pee2Fg4GpuEa8pump,1787069102393497,2,2,0,True,True,FULLY_PRICED_5M,True,True,0,
3H467R6Fibv12DtCqC2TEaoPnpSx7xVg4RcRWC2Qpump,1787069099626887,5,5,0,True,True,FULLY_PRICED_5M,True,True,0,
2j9SETNLSWb3u4po8iXmtAFaDDS4jEGF5Gi7SkZECEpR,1787069096885954,22,22,0,True,True,FULLY_PRICED_5M,True,True,0,
AHmKFJNWPyqZv91X1wc2EQH4cCcdGUnP6SWf4Pi4pump,1787069094089554,1,1,0,True,True,FULLY_PRICED_5M,True,True,0,
467BcC5mnSncmTeZMdsP7KD1zhxESyr1hjd4UCXkpump,1787069094044553,19,19,0,True,True,FULLY_PRICED_5M,True,True,0,
HympJjWqZRLmPF1agepnWBL2dn2UfLRaJ7DukqVPq8QS,1787069091535510,10,10,0,True,True,FULLY_PRICED_5M,True,True,0,
B2VntjQtCLcfek7bZiB8SFR8rbnAmddctRc1KsYVpump,1787069091489514,20,20,0,True,True,FULLY_PRICED_5M,True,True,0,
AQWonkcTB97AEij8jLuxngFcbgbY9jrFba2ks7W6pump,1787069089381511,25,25,0,True,True,FULLY_PRICED_5M,True,True,0,
EN8hg6MhvVXGRa8EQcRLJAYCi8M3M6QeRjEDeJ6dSRMN,1787069079653421,1,1,0,True,True,FULLY_PRICED_5M,True,True,0,
BfFArptn33zNkwxT6ngwRsDRv16VsgLQDXcq5L8Jpump,1787069079584424,4,4,0,True,True,FULLY_PRICED_5M,True,True,0,
9cwikQxaYdjaAcGuCgsjnCzKaSwvzPRVLJvyhvwPpump,1787069072193670,3,0,3,False,False,NO_PRICED_TRADES_5M,False,False,0,VIRTUAL_SOL_NONPOSITIVE
3gQdr8kgj57PzUv37XTUVFkdKupfyjnLjjdniM6dhbh5,1787069069676204,1,1,0,True,True,FULLY_PRICED_5M,True,True,0,
24qLtuXFx2TxiU3GCEofwW5cj2RxjbBwTQeJmPmDpump,1787069069622204,1,1,0,True,True,FULLY_PRICED_5M,True,True,0,
xcMgKr8G1rvEFwfDGyGZRp4R35pVnk2B9oqkarjpump,1787069066590088,6,6,0,True,True,FULLY_PRICED_5M,True,True,0,
MFUerBPpDtXacicnZFZ5VASwNhuqeroDd4VmX6Vpump,1787069066564083,1,1,0,True,True,FULLY_PRICED_5M,True,True,0,
DpekEZcq5CXCnEu8NZ5a2gj3zXXwrk98PGFee8krpump,1787069059044285,1,1,0,True,True,FULLY_PRICED_5M,True,True,0,
57mciYaLVkruzRCU7V7dsDG37uiXkfVCRdBZw4L6ni9m,1787069054110311,1,1,0,True,True,FULLY_PRICED_5M,True,True,0,
HhPh5vkCfYCGbWMxFQGDVgsm8xWX6rrANAvzMoe4pump,1787069054076311,1,1,0,True,True,FULLY_PRICED_5M,True,True,0,
8x8GBqbccZJ4bDG7myBqWsaa6QQh1N7wmKCUPj99pump,1787069054074316,1,1,0,True,True,FULLY_PRICED_5M,True,True,0,
BULTap9HQpqx56h8Mof4yCPLtx2GykC9XfZbSF47pump,1787069051404311,1,0,1,False,False,NO_PRICED_TRADES_5M,False,False,0,VIRTUAL_SOL_NONPOSITIVE
74Vdp4DHNJbpHw8MF1QkDQaWZ8mqWhANj9n6N3XDpump,1787069048819080,4,4,0,True,True,FULLY_PRICED_5M,True,True,0,
2PU518aBvGP5utsCPk7q2RUh7ttTd9PUeuoeBWUopump,1787069048791079,23,23,0,True,True,FULLY_PRICED_5M,True,True,0,
ShJUJYkj6b197ToSNNAMGWV7ZDaUm76PzPegz6bpump,1787069046096559,10,10,0,True,True,FULLY_PRICED_5M,True,True,0,
GtJodoLjHSZ7mmR3MNCZn7Sm5xYDALqkJGJH36oPpump,1787069046092561,4,4,0,True,True,FULLY_PRICED_5M,True,True,0,
9ngMZApivFyGA6VtLHHPZmXmHC6aaa1yyYaTTc8Wpump,1787069046084560,21,21,0,True,True,FULLY_PRICED_5M,True,True,0,
5yLAMeLg9eXxrXwPBgZxnMVyK8RSpAexuHJ6Uyrqpump,1787069041268230,3,3,0,True,True,FULLY_PRICED_5M,True,True,0,
2Y1JBRVQ1vWnGnd4H7gipn6eKK8yMFNJntE5GLWxpump,1787069041259234,7,7,0,True,True,FULLY_PRICED_5M,True,True,0,
iPmRaPfzkk4xUpfPYnNvJMdrWa8VcYSHoqesuSRpump,1787069041205229,2,2,0,True,True,FULLY_PRICED_5M,True,True,0,
5NbyfdqLx4HfBE6A9HJeg4bdLVem6BzrP8HpkuR8SnvD,1787069028404117,1,1,0,True,True,FULLY_PRICED_5M,True,True,0,
6uG9PyELk3byLUdGLUDD1AwNCSEfQDqi5h5YXkQHdCe5,1787069028403117,1,1,0,True,True,FULLY_PRICED_5M,True,True,0,
6cMF6PppSFRfnc9zCT1M2wxxk3aA4Xkd3AwVGb3fpump,1787069023749338,8,8,0,True,True,FULLY_PRICED_5M,True,True,0,
Ld3cQcvUcNFK3G5qy3fNxHmJMBqqq6o7XXodxrcpump,1787069016477433,1,1,0,True,True,FULLY_PRICED_5M,True,True,0,
DDnfdjzJUpakDYjmzeAn7f1uvt7mfWfPzjVW2Ur5pump,1787069006204005,5,5,0,True,True,FULLY_PRICED_5M,True,True,0,
9FvhBVEsHpxTaQV3UQ1hG8dGnjXUL1euMWFSyX2jpump,1787069003222918,6,6,0,True,True,FULLY_PRICED_5M,True,True,0,
F5ZYCjgchWd48DKLDRR6EyHaX3neJLPC7YMV5TuiSjFT,1787069003209918,4,4,0,True,True,FULLY_PRICED_5M,True,True,0,
HWzKXHGMwApwFKjRo4JARybunANGv7L13P3FidYypump,1787068998386262,16,16,0,True,True,FULLY_PRICED_5M,True,True,0,
8KdhYaxohbwcWxRs99rhB4ptgDdDRh8sdBFkSJmCpump,1787068998372262,16,16,0,True,True,FULLY_PRICED_5M,True,True,0,
5B9qYTqgcxXkYW94R9YiMQrsAkuH8LHVDJMdKAsApump,1787068998303736,9,9,0,True,True,FULLY_PRICED_5M,True,True,0,
E2pVJcXHgPVE6FEYHVn3woGeqQBBUVfKJsbbebRQpump,1787068995915610,16,16,0,True,True,FULLY_PRICED_5M,True,True,0,
9S6hhsUxaXKqVu2ifLcJav3S3bevYYheZxygK4MDpump,1787068993540072,68,68,0,True,True,FULLY_PRICED_5M,True,True,0,
EnUBVKiDwW39tX9GTeZRcwGchmiPWTLXYGDJ8KFxpump,1787068993521069,16,16,0,True,True,FULLY_PRICED_5M,True,True,0,
Ah2fBEJBAd4wPW6EBqVX5d4LQ2dqJbjWbAfMgqiAG8Tf,1787068982189761,3,3,0,True,True,FULLY_PRICED_5M,True,True,0,
FEAERhEPkp3b5ePJtyq9azLJ9tU2vvLuuxhyVDkQpump,1787068980061888,1,1,0,True,True,FULLY_PRICED_5M,True,True,0,
4cHkXKuSFAf6KYrVRtDc5ZrMbgHSXAa6gqm83inTpump,1787068980057890,3,3,0,True,True,FULLY_PRICED_5M,True,True,0,
5BCm2mMQZ697jGjCFYZDryz47v2EU6jjXj6d7Mbfpump,1787068974779107,10,10,0,True,True,FULLY_PRICED_5M,True,True,0,
DscQEujBkzjbftWkBczkqxwfyc3jENrsuQuEcsXafcfa,1787068969348279,1,1,0,True,True,FULLY_PRICED_5M,True,True,0,
9uUfsxqUrbRg3AxHVVYvB248pjczdPxPtVscpqziH1oE,1787068969279279,1,1,0,True,True,FULLY_PRICED_5M,True,True,0,
5gCPB5LcWweQMVsqsyoD19dvkvD8ikHHAjME7KvJnsiU,1787068961590396,5,5,0,True,True,FULLY_PRICED_5M,True,True,0,
6BTsHo5337dArvPQH4q7cKxgwRqbcskcBP2AeUyWhnup,1787068958915214,4,4,0,True,True,FULLY_PRICED_5M,True,True,0,
22HNTtcBo3kjFcn2VwUB63THdFbPWe21PctnsCX1pump,1787068958901214,3,3,0,True,True,FULLY_PRICED_5M,True,True,0,
8msEKNTpqYbk2jycxc5JBa6cqHQeKvpB5caBSMqxpump,1787068956316377,10,10,0,True,True,FULLY_PRICED_5M,True,True,0,
ChZsgf8Zzti5yGGm6aVdNjJ4rLAjpWPj5NDtouPspump,1787068956249379,2,2,0,True,True,FULLY_PRICED_5M,True,True,0,
GX2AZF1yCPJd2fU214mHJwTRtjTLqJGPGmAiRQ14pump,1787068956247373,4,4,0,True,True,FULLY_PRICED_5M,True,True,0,
81eWQMY3wsfXHBShVeH4G5B8Aw76AHFUQeSxMLXopump,1787068953826554,25,25,0,True,True,FULLY_PRICED_5M,True,True,0,
6TYSnMcN1DX7c5d3RinZtCAhqczNQfMaStwrz2pRpump,1787068953780550,22,22,0,True,True,FULLY_PRICED_5M,True,True,0,
Bq5fNVCRtWMurqqSfuHrxu5GLkmCGKWj9W1DsMKrpump,1787068938878174,1,1,0,True,True,FULLY_PRICED_5M,True,True,0,
GoKvu5JWEMA3EpVqEWDtz6t7Bt8zVYza2eKLWXSmH1Tm,1787068936440325,3,3,0,True,True,FULLY_PRICED_5M,True,True,0,
2sZRevdkLZZd5VWgjfbLT1k61L5PANyNzkDzHZKJpump,1787068933632325,1,1,0,True,True,FULLY_PRICED_5M,True,True,0,
AWrGStuwMeJGpRV1xVqYrTedVFPLnGUzmNLz7LzyWBsT,1787068928901321,1,1,0,True,True,FULLY_PRICED_5M,True,True,0,
HwPZzVLNA4uFNACneQFkaxDKQYkp1GL6Y3zkR1Tjpump,1787068926186225,1,1,0,True,True,FULLY_PRICED_5M,True,True,0,
GUZJzzN6URDwA44xqMW1dV2ve8mp3X4BPJp8N65jpump,1787068919249984,27,27,0,True,True,FULLY_PRICED_5M,True,True,0,
BXZKQHqzpJaBQCgxkKXgukVWfiV5SbVrY5SCeKpkUqfd,1787068919235981,1,1,0,True,True,FULLY_PRICED_5M,True,True,0,
g1ekqPTnM6QUA26TD8JKJAbtWzC1k58rjvnzLZEpump,1787068919221984,2,2,0,True,True,FULLY_PRICED_5M,True,True,0,
EUEYGnE95yvKLM94d9asU9XtT25i5zPqx9MEfSgnpump,1787068913980956,1,1,0,True,True,FULLY_PRICED_5M,True,True,0,
D4qbEV1K2PxKo6gPWnAfMErs9nEZ29FVGJiBEKY7pump,1787068913899956,4,4,0,True,True,FULLY_PRICED_5M,True,True,0,
JEEbBstPLEjEoPaWKWr1FBiqx8nW1bAQBGcpTtQ1pump,1787068911458856,5,5,0,True,True,FULLY_PRICED_5M,True,True,0,
57ZY7AQ3JEiJXzRzNEg2gLTnHiEntzHqhUuqEaN8vk3u,1787068909223444,15,15,0,True,True,FULLY_PRICED_5M,True,True,0,
2VuKtZLaS35WeYDeCKDE1Zq7gFYBb6C5dnFY9BrFpump,1787068909192444,12,0,12,False,False,NO_PRICED_TRADES_5M,False,False,0,VIRTUAL_SOL_NONPOSITIVE
7siHoTptUE8C1WcWy36hCLNy9kQn8FjDpyHivR1Vpump,1787068909182448,1,1,0,True,True,FULLY_PRICED_5M,True,True,0,
8GPzPsLp4ZFveMKjVrPA7giEBEcAY5Yo2X3QysvJQgTE,1787068909172444,6,6,0,True,True,FULLY_PRICED_5M,True,True,0,
2Ps3zK9Gt48qTyJ7uQgmCACrp5QkfLdRccxwkNvdpump,1787068906464710,1,1,0,True,True,FULLY_PRICED_5M,True,True,0,
2ZVi18VfBqE6hwMSzjp1UMojPcD84S15FF49FFGmpump,1787068906460710,1,1,0,True,True,FULLY_PRICED_5M,True,True,0,
GqE36QjB3BhCxc9rv3sKrJDKByA7zGvytAKjfVX6pump,1787068906408710,46,46,0,True,True,FULLY_PRICED_5M,True,True,0,
6JKtT9NUGB5PnDo99A4hD56GUM78Bv15xrnXoqJbpump,1787068889916850,3,3,0,True,True,FULLY_PRICED_5M,True,True,0,
GQYLDDsMzkiMfQdU5hVDRLtA4ngXKcbypHdje8a5pump,1787068879571889,1,1,0,True,True,FULLY_PRICED_5M,True,True,0,
ANZQ5zZ5WfhdRucTaSbc42vAqHUYxeU9FmLAfYtM3BEQ,1787068879506888,1,1,0,True,True,FULLY_PRICED_5M,True,True,0,
71QuXR9YKmLYYffNVTaHpk4BSgi4kjfn16jtQi3upump,1787068874887764,5,5,0,True,True,FULLY_PRICED_5M,True,True,0,
7ws8X3s5MsG4te1PodUndzikqBxhiuVzzcQXyh9spump,1787068872136211,8,8,0,True,True,FULLY_PRICED_5M,True,True,0,
9PH3Xoy37fyEJnwJzG5utxCswj9yNVFgzKDvWnWypump,1787068872122212,51,51,0,True,True,FULLY_PRICED_5M,True,True,0,
FnDJajeeLUmq1w32q2UmYqCgVmQumTWBGQ9TxA89pump,1787068869311849,11,11,0,True,True,FULLY_PRICED_5M,True,True,0,
FZ9UXniTDoyG1mGKa6RC7fw7Uiwe6tENCvi3XYN9pump,1787068869295845,8,8,0,True,True,FULLY_PRICED_5M,True,True,0,
AEkuZrbZwfCUB2SmgD51evkKK6K1etCcffsJtF6Jpump,1787068866753028,8,8,0,True,True,FULLY_PRICED_5M,True,True,0,
9f9WCHpnejPBpfQp3FJJsrPcuKVPrAHuymPsqrSTpump,1787068863976624,4,4,0,True,True,FULLY_PRICED_5M,True,True,0,
GY5HQfdB5tXgjfLyNJFiAKS5eBEzaWZxMVtYtHSdpump,1787068863954624,1,1,0,True,True,FULLY_PRICED_5M,True,True,0,
2yqrhGhs3DQNgyjZHcpawC8o6ZTHsqnp7GDwbdZapump,1787068861353920,11,11,0,True,True,FULLY_PRICED_5M,True,True,0,
CLSvgj2Q5VrqjunS3SmsN9q1q5gWz7QhHQdE8ECgpump,1787068859090817,5,5,0,True,True,FULLY_PRICED_5M,True,True,0,
73XVzayrPDQDrpfqYcBkAHfWFRhZeKvMZ6o5fEWBegP8,1787068859072817,5,5,0,True,True,FULLY_PRICED_5M,True,True,0,
A9bKmiD4qTVaVMbfau2aHAJ3WdrrHQ1d5rgaZdnxpump,1787068851819535,1,1,0,True,True,FULLY_PRICED_5M,True,True,0,
8PcyQ5bTicR4hwq9HGiLoX3xU56taopkmXUwmQe9m24B,1787068849390805,4,4,0,True,True,FULLY_PRICED_5M,True,True,0,
Eizz6UJUBmoH4CxqLR5XBRyEGfoaKeckjmsraobSpump,1787068849387804,1,1,0,True,True,FULLY_PRICED_5M,True,True,0,
DU2WDxy2ykT3daeJFBHHwtGgiq8juc3oc7ktUhCrpump,1787068849364801,73,73,0,True,True,FULLY_PRICED_5M,True,True,0,
24qLbu5Y3YkEVpbXXWkgLcZeHFsFrWSpcnQJ492spump,1787068846482800,3,3,0,True,True,FULLY_PRICED_5M,True,True,0,
2z3mYYAxwES5ha4dT7jAmDErpQoKSXeUf58YZ2Ujpump,1787068841577143,3,3,0,True,True,FULLY_PRICED_5M,True,True,0,
9jj8koJcii7rYcVb5hqU4UuUcsfezJNPaZiKTCHypump,1787068830908025,8,8,0,True,True,FULLY_PRICED_5M,True,True,0,
UqJbFc7D5iKvSUtaKCNwNchkGtmZGsxGKo2AETUpump,1787068826007980,1,1,0,True,True,FULLY_PRICED_5M,True,True,0,
8eMgj7S8W4LTSgi2jnfjYZP6ZZarnvy2VNdcUdYjpump,1787068825922466,2,2,0,True,True,FULLY_PRICED_5M,True,True,0,
E3D2joNA8Q9V1cnj3q1EZniiFfTfbUrrXMyJaW4apump,1787068818371057,8,8,0,True,True,FULLY_PRICED_5M,True,True,0,
5QULTRd4KJKWGpLe41QGWABtd763RfszZRYYiFt6pump,1787068815697204,7,7,0,True,True,FULLY_PRICED_5M,True,True,0,
CwWwkSRLoW4XNzC9adxTTXY8vJozi3ksVJPgXfj6pump,1787068813386478,96,96,0,True,True,FULLY_PRICED_5M,True,True,0,
6DV4a5a4ScgN8T6ZrDGANaVptF2YeHyqsEixwmkwpump,1787068813130129,1,1,0,True,True,FULLY_PRICED_5M,True,True,0,
H5uGzkBy52Ca9Sk52TYJWZcqctgmcD8xaYPRf1Sypump,1787068813128121,10,10,0,True,True,FULLY_PRICED_5M,True,True,0,
A4ziYDQUh26qZsqUGGReaXN65jNe6CGkU2BSh9RYpump,1787068807761542,1,1,0,True,True,FULLY_PRICED_5M,True,True,0,
8tiJQDJfJhiojFibohNzc5gZDhPertj4DsPVQVh5pump,1787068805078937,2,2,0,True,True,FULLY_PRICED_5M,True,True,0,
8Pzjmg82S3adkdD4yXGwZssAf7j3toxa29sZSYbfpump,1787068800261468,1,1,0,True,True,FULLY_PRICED_5M,True,True,0,
AUgcsSWSW2mavcU5sKn2UbAWAt6y3uAU6make1Wjpump,1787068794574466,2,2,0,True,True,FULLY_PRICED_5M,True,True,0,
6uR2tcwXZsXwdHh7K9SzMKiFeuHqBfmeyuG3xjqYpump,1787068794490466,10,10,0,True,True,FULLY_PRICED_5M,True,True,0,
D6W5G5QR8c1fUXBNapdm54zztGdQCkNs7A9WncA6pump,1787068792302264,1,1,0,True,True,FULLY_PRICED_5M,True,True,0,
DwCPHs7uvmyoGqnU5uEBHzZgA5JFK9F5iMRbqi35pump,1787068789859171,2,2,0,True,True,FULLY_PRICED_5M,True,True,0,
Hmyxjzn89CpaGpwze47gJgyxU8b85bXXZRzA4b9opump,1787068785830031,5,5,0,True,True,FULLY_PRICED_5M,True,True,0,
AEgHqYiVEeKsqHzjewSgiq6aMNBAJFSVnof1jXDNg5Am,1787068784165030,1,1,0,True,True,FULLY_PRICED_5M,True,True,0,
Cq7pBxBnX4bbNmDH86rkobHXo7FWpYUueotyko7Wpump,1787068781989030,1,1,0,True,True,FULLY_PRICED_5M,True,True,0,
6jQDGqBr6A88aKdkq9Mpv6CJMbD3V8zg1FYsbTu4pump,1787068776233393,3,3,0,True,True,FULLY_PRICED_5M,True,True,0,
3U4y4rgddgQJGRrX5sGK96fwifiqoUEJGqHziRHbpump,1787068771165572,3,3,0,True,True,FULLY_PRICED_5M,True,True,0,
Dw3PqF3Ay3KvHnApxVpvSmVKUS5BvanVED7XUSYRpump,1787068771074567,3,3,0,True,True,FULLY_PRICED_5M,True,True,0,
25nSThMwQUW96tyw32MzUNKKEpFWVPTn2fzsEiqapump,1787068765523916,1,1,0,True,True,FULLY_PRICED_5M,True,True,0,
EGxsHjNkPXWFoc1qnuXqNPwdG6YxrKVD2up5qJAjpump,1787068765485574,12,12,0,True,True,FULLY_PRICED_5M,True,True,0,
5S8zUyVVKSo8i7PgZKorH6hSLBse34hA61QrRaQopump,1787068763025887,3,0,3,False,False,NO_PRICED_TRADES_5M,False,False,0,VIRTUAL_SOL_NONPOSITIVE
EH3iHdwbMbU5TD7zLKM1acAA6YKvWTw8GESGqYcFpump,1787068763008885,50,50,0,True,True,FULLY_PRICED_5M,True,True,0,
FrPcvzyGAvCtUZggUb7Doh6zGc7Rw28gdDiEeNBzpump,1787068756687800,1,1,0,True,True,FULLY_PRICED_5M,True,True,0,
6CZQjaWntPUwcpnK3LMCxfyv8iKP9MnNwy3AhZGZpump,1787068749168213,1,1,0,True,True,FULLY_PRICED_5M,True,True,0,
DVYr2zNgMTmu2tWQbcUPT1kJAAfvgXEhqioVpGGJpump,1787068741659406,1,1,0,True,True,FULLY_PRICED_5M,True,True,0,
3j9d3VVA7fNpqPFeHsSYTZ3foJrMDpoeAc44Ymab1i6x,1787068738993111,5,5,0,True,True,FULLY_PRICED_5M,True,True,0,
ErCJa2u26ydqHmPUDYhz87JL6bn2VXDQaRtvLBLrpump,1787068733334147,3,3,0,True,True,FULLY_PRICED_5M,True,True,0,
3ZjtSMJzpSKndDfCsE88ddQkHBvFoSTmx2MbHMaPpump,1787068718053773,4,4,0,True,True,FULLY_PRICED_5M,True,True,0,
ALXLpF447JLdYAEtbA5QNjrpYSnapotwHpmqPQAApump,1787068715633726,1,1,0,True,True,FULLY_PRICED_5M,True,True,0,
Ba79uxQkzNpB2UBSUgDVwWCRaeUEMH9vnyhKRJKzpump,1787068715607725,184,184,0,True,True,FULLY_PRICED_5M,True,True,0,
D4QheaeFswkdqketvcNcpazJLq9P8ykuUi7gCKggpump,1787068715602725,56,56,0,True,True,FULLY_PRICED_5M,True,True,0,
9U8sjdqSknDGc7n7mf4m99VZrRtz59CC9YhLCVAtpump,1787068715599724,24,24,0,True,True,FULLY_PRICED_5M,True,True,0,
HG8yCPKzxkrXvJEsRNkSS7ZgTcKvEZZCHKgYrAwKpump,1787068713992753,19,19,0,True,True,FULLY_PRICED_5M,True,True,0,
CXD1xU8LKM418VGELPwJTcMu38kycFoo2g8TfR37pump,1787068708575201,1,1,0,True,True,FULLY_PRICED_5M,True,True,0,
GwkaYvASnqbeEC8Remprvv2pAxjyENRF7AH93v8c73uR,1787068708498200,1,1,0,True,True,FULLY_PRICED_5M,True,True,0,
FFQaXCFqauuPLeEw29aAZA1BXMTv8X1mvR4tqB5Jpump,1787068703367616,3,3,0,True,True,FULLY_PRICED_5M,True,True,0,
7Yzz2SLcALcEdDekj8LnPdYDLVfQjX7f56u8nKuwpump,1787068703308620,11,11,0,True,True,FULLY_PRICED_5M,True,True,0,
yvjp2eg7jAukww6synkkjg5PhxH28T6wuqZcECapump,1787068703306615,5,5,0,True,True,FULLY_PRICED_5M,True,True,0,
yKDHNd97mSsU1RFgytpK3YBPYHKPgNXunMVnUmVpump,1787068698568682,1,1,0,True,True,FULLY_PRICED_5M,True,True,0,
H2hCHg5eycF2BSm1dGGyJLTsceGMRy8XYKmW7p8opump,1787068693858391,2,2,0,True,True,FULLY_PRICED_5M,True,True,0,
Ath6BzTbTn4E7XWDUet6oen8AekCeLAcXPPA6Yojpump,1787068691334392,1,1,0,True,True,FULLY_PRICED_5M,True,True,0,
6xrTCZ1nAWeKGHM1AyWxxXsGwRjwc1vba7BAHyZVpump,1787068688920346,1,1,0,True,True,FULLY_PRICED_5M,True,True,0,
GfWoghVdH4UeMjzTyBMn2tAmgnsyy5C6rLR2omqDpump,1787068681643048,16,16,0,True,True,FULLY_PRICED_5M,True,True,0,
5f9n9cfF2nMepFxfj7ENXunbFJs1NGffcsEep4ENpump,1787068679040967,1,1,0,True,True,FULLY_PRICED_5M,True,True,0,
FWfFzJXe2PUqJohjByYyR2Du46bQqSvsAv9pDmhDpump,1787068679019968,1,1,0,True,True,FULLY_PRICED_5M,True,True,0,
E6QMPsawdyM8J9yJ6aDva8zuhzVuJnFkNn7qS1f7pump,1787068676517913,26,26,0,True,True,FULLY_PRICED_5M,True,True,0,
2ehtSdNHenE9BcFs7PCxHoqCkKkVbozfHy3LwM7Lstc3,1787068676497912,1,1,0,True,True,FULLY_PRICED_5M,True,True,0,
BGzgre2yekLUJpgHu9g1T5Paf7si9NMxFpbvcgDDpump,1787068674069401,1,1,0,True,True,FULLY_PRICED_5M,True,True,0,
Gp2cLQUtM6w64ABdYBuWZYswpvxMowUXiRtg8ZLNBcU3,1787068671451532,3,3,0,True,True,FULLY_PRICED_5M,True,True,0,
BGTxUQBNkQ8BnS4werjjoeRJFcSaG5RHZ3CAXc3ppump,1787068671446536,1,1,0,True,True,FULLY_PRICED_5M,True,True,0,
7NzBydAUDsZXsnJtE51yrt1nuHfWXYqisbgMC6U3pump,1787068671405536,1,1,0,True,True,FULLY_PRICED_5M,True,True,0,
4BQAe8dFXFBBPKZVzQRT63D5ZMP1pbagvM9ruQBYpump,1787068671400532,25,25,0,True,True,FULLY_PRICED_5M,True,True,0,
7TnHp7VohtsTfHsBoZfn2nzayMAHMmCATbCXyqUepump,1787068669081635,5,5,0,True,True,FULLY_PRICED_5M,True,True,0,
F79UEDnbUMw37kXjU97vzsn9uNhbA5SkkFaMmZ4Hpump,1787068668648635,6,6,0,True,True,FULLY_PRICED_5M,True,True,0,
DDF3WG5bN7h6eTVeWAktr8qszZabf9x6obhn7KhVgMZU,1787068668625634,40,40,0,True,True,FULLY_PRICED_5M,True,True,0,
9KXzxAMGx9A9tfBR3xmjB9Npb9W9kkf7q3ZvC6owpump,1787068653733060,18,18,0,True,True,FULLY_PRICED_5M,True,True,0,
VpJj38FKoY5AYPLxR53PshzGW4efgwNUZL5z9eQ1PPG,1787068640254802,1,1,0,True,True,FULLY_PRICED_5M,True,True,0,
GLJBa5cVdQqhE8pmNcMVP88DkLn5GLn7gx6efCkmpump,1787068637743158,4,4,0,True,True,FULLY_PRICED_5M,True,True,0,
DQxZB9HreqTdq9z8mPeWpX1DwYXfeUm2tuoTp9nKpump,1787068627329653,16,16,0,True,True,FULLY_PRICED_5M,True,True,0,
GPqTVyceJJGqs8kJvcHxdsA97GNVPkMoGgUqHyBdpump,1787068627296654,5,5,0,True,True,FULLY_PRICED_5M,True,True,0,
7BB7WGHSMuMsziy9k4cBKFBJLW528Svn4jgq8MEDpump,1787068627287654,2,2,0,True,True,FULLY_PRICED_5M,True,True,0,
HrDSwLTEcL6ZcUvuxupCAK6JrkrN66yD3dpqij3cpump,1787068627242653,2,2,0,True,True,FULLY_PRICED_5M,True,True,0,
EDTmJjr4VoV9S8ftCQFt4ZBvmDy9s1tBoiWVrmDApump,1787068624507826,1,1,0,True,True,FULLY_PRICED_5M,True,True,0,
99kgFiE3JZEARv9Ng7bxUg9tuQqr3Ljryjnn8ABbpump,1787068624434825,4,4,0,True,True,FULLY_PRICED_5M,True,True,0,
9AnP6WHGoFgPDceRYhdmgw7UHPwtFfQpdGcab2gpump,1787068621986308,55,55,0,True,True,FULLY_PRICED_5M,True,True,0,
7nKuatTPT3J8C4k67JiwD6beXtz9XUyYFmsuEn8fpump,1787068621250271,9,9,0,True,True,FULLY_PRICED_5M,True,True,0,
6JLBXGLLa5raxssXsS1moN4bEEwMR3iDnzinKdbMtHdv,1787068617424525,1,1,0,True,True,FULLY_PRICED_5M,True,True,0,
FQkGeo3GaN3GNr37MLbbwerU7rcoQHKTgakRcFdwpump,1787068614928411,1,1,0,True,True,FULLY_PRICED_5M,True,True,0,
8SDcWGuJ3h4Fsnvse1b5X15otHUSWV7J36tbDqqNpump,1787068612296222,1,1,0,True,True,FULLY_PRICED_5M,True,True,0,
7tosDumHaFaXPovYty5VJxkrZtzj3sWuNhcAozF1pump,1787068605424228,13,13,0,True,True,FULLY_PRICED_5M,True,True,0,
7CTynQEd1v7DT9YoViBpab8tUAPwv9EkRRo726KKpump,1787068595983936,1,1,0,True,True,FULLY_PRICED_5M,True,True,0,
EPPxZq2cK5tPQ1ZcxEL3unGkCzoARCCbsDGTKXhipump,1787068590919020,1,1,0,True,True,FULLY_PRICED_5M,True,True,0,
8dvMtGWoGKBogc1QNEifHHRJ8HasjNtfVGgymRHTsfiH,1787068588247466,2,2,0,True,True,FULLY_PRICED_5M,True,True,0,
FGSpzgJKNeZxwV8RnW5cUFAwJpFjcKM4w4oP1W7Cpump,1787068588246464,1,1,0,True,True,FULLY_PRICED_5M,True,True,0,
HqYuaXTGUGmUbHXbNahyzgyySF3qTj93wQx5zS1Gpump,1787068588205463,10,10,0,True,True,FULLY_PRICED_5M,True,True,0,
7xGHxnafwdKwsRkhL59qb1gW8NvWGyiWz1ntnZrmpump,1787068586104643,2,2,0,True,True,FULLY_PRICED_5M,True,True,0,
6cCBF9gtyp3c6VmyxUWzETk3yFmxhjvPm15cxicfpump,1787068586103643,2,2,0,True,True,FULLY_PRICED_5M,True,True,0,
36e4KrVF3KRTaBkD6fMaUZBBXjtH25gSvx1fYjoppump,1787068581216435,2,2,0,True,True,FULLY_PRICED_5M,True,True,0,
3ZaXkRLPJZqQUkRYxzUz8jSwzQDrPjXSeCXEbAX2pump,1787068581208435,3,3,0,True,True,FULLY_PRICED_5M,True,True,0,
EYyzBZDciirp5f8UUHhN45noNvcn7ejY7Jn8pRvkAut6,1787068581191341,1,1,0,True,True,FULLY_PRICED_5M,True,True,0,
EKAsZkj9Kd1QtndnyvXq5QCGNWhbdGRMtVq92FQ6pump,1787068581184338,5,5,0,True,True,FULLY_PRICED_5M,True,True,0,
DipM9dsBCKuns9jcjNripsLYjvzddVkHDXFQbVLEpump,1787068575853235,60,60,0,True,True,FULLY_PRICED_5M,True,True,0,
BJvvPVDFjfN9ruPNka5Erj9QnKTxA3dpXBwcPYpN6VbM,1787068573539332,1,1,0,True,True,FULLY_PRICED_5M,True,True,0,
29tQgTCDngnpLWcwmbHW1ekxyQicz8HibgW4ocG9G9G2,1787068573512332,1,1,0,True,True,FULLY_PRICED_5M,True,True,0,
51JgCxryNwxQb5iHf7jXvU6bSsNtt2LZ78WPS7wipump,1787068546807814,3,3,0,True,True,FULLY_PRICED_5M,True,True,0,
DQknX5FSwzzaTAzk8YL1qow7Yo9hNV4GVPkDGWYdpump,1787068546804814,1,1,0,True,True,FULLY_PRICED_5M,True,True,0,
98jjGUkmHKBSgLeWNmaB3Kb3v3wj15FvAEbJjyatpump,1787068546794815,9,9,0,True,True,FULLY_PRICED_5M,True,True,0,
C6ELtu3Bq97gxujFDqiaT5m6a8q7yFUctr7x4bywpump,1787068539952398,8,8,0,True,True,FULLY_PRICED_5M,True,True,0,
AdbjNggdbe3y3P6HvQVskyzfbiMKT5smy2sgVtE1pump,1787068539932398,8,8,0,True,True,FULLY_PRICED_5M,True,True,0,
CTQPu8hFtjyVWctEJz3LpVqcuKnJshD4NQCi9xmFpump,1787068539922399,1,1,0,True,True,FULLY_PRICED_5M,True,True,0,
3yuLWV2Dy4tr1j7bBP1pF9BXQWYXDd2t7tttN3stpump,1787068537159702,1,1,0,True,True,FULLY_PRICED_5M,True,True,0,
8LmALrT47mRXMhB6WzqcecmTRMa6R1Ws5c27DgTmpump,1787068534484682,40,40,0,True,True,FULLY_PRICED_5M,True,True,0,
HdtxngzvSVNpQRFhCNyx9NRggh4JgvUHuMArXXUnpump,1787068531969432,1,1,0,True,True,FULLY_PRICED_5M,True,True,0,
CBQzqQ9DQn9jqMJfLJndGLwHuuBivuSaEZeKV1hepump,1787068531948432,6,6,0,True,True,FULLY_PRICED_5M,True,True,0,
GbGCAULLhV3GLoGZn89E8aQdswM7L4CokcECtDeJpump,1787068531901431,31,31,0,True,True,FULLY_PRICED_5M,True,True,0,
Gk84xYtbSRAis6jHPeRVgGpAPvPPwt1xYmE3bdH9zDkV,1787068529211039,9,9,0,True,True,FULLY_PRICED_5M,True,True,0,
FZyeNURLMUjBRkKH1JUwYZ7QZZR7zATbbjipt6Q5pump,1787068526621297,20,20,0,True,True,FULLY_PRICED_5M,True,True,0,
GXPeajkDoForJeyV1282eBtnXEAXiKqLMbXdEHTfpump,1787068526619295,129,129,0,True,True,FULLY_PRICED_5M,True,True,0,
G9PqYykfEGYvTa3K8qZkkFL2Y2Tbet2dDaMhor4Spump,1787068526615294,118,118,0,True,True,FULLY_PRICED_5M,True,True,0,
9j4oLrzDr5EGdwMvAa6bSJMUvHXRRSi8skX5zHeApump,1787068526432297,5,5,0,True,True,FULLY_PRICED_5M,True,True,0,
ERT1RYDY4iv1BHR9zqC6k82BUrDRtoqvoF4NUsjmpump,1787068526388293,37,37,0,True,True,FULLY_PRICED_5M,True,True,0,
qs8TkM8DEod43W1nXCCjKPEgF9Sbw5pXLcsRcRkpump,1787068514007335,4,4,0,True,True,FULLY_PRICED_5M,True,True,0,
HFuth5zVvtzk1yBTKQcEX8W555qAZhjF8xaz1GmRpump,1787068504066165,1,1,0,True,True,FULLY_PRICED_5M,True,True,0,
Erxenfx7gmQkZ7BxquKYTPWwcui723ukJCNitmzKpump,1787068496698256,3,3,0,True,True,FULLY_PRICED_5M,True,True,0,
4mabujxY3wqbFPgLpguApdnUZfyfvFLM2ixRKNhHPvCn,1787068491464179,1,1,0,True,True,FULLY_PRICED_5M,True,True,0,
FovjU7ggN4fN8F4uk21n4zbkedS4vMnB32EWexiXpump,1787068491452177,1,1,0,True,True,FULLY_PRICED_5M,True,True,0,
AY6pz5uHme6CoJWqCYMPCTWDfK3os1vBoJRSDBeCFaKi,1787068485866953,13,13,0,True,True,FULLY_PRICED_5M,True,True,0,
2GDL7x24mCSf9orxDv3xU3YynwY1VrRX3MHQPJGqpump,1787068483373810,36,36,0,True,True,FULLY_PRICED_5M,True,True,0,
4gjxgUFehGHJGkZJes54JBThA63QnEProQD69VLppump,1787068483320809,24,24,0,True,True,FULLY_PRICED_5M,True,True,0,
DutqQxmowUZPprkPG15kcudf6FjUSMoYiuyWR9R8wEi4,1787068480573995,1,1,0,True,True,FULLY_PRICED_5M,True,True,0,
EKL2U6dVDGvRhu2gnETuS6Bgq2Kc5DR9TMPZuJRdpump,1787068475541164,1,1,0,True,True,FULLY_PRICED_5M,True,True,0,
36kRy3ZuFHfZPSX6EMuxFSEzH5RBVXwVD5s3QpE8pump,1787068475529165,2,2,0,True,True,FULLY_PRICED_5M,True,True,0,
BiXNebB5a3yApaw4tCLW4JJhgkiN3r5iKoSU6WWipump,1787068475379164,20,20,0,True,True,FULLY_PRICED_5M,True,True,0,
Euc3yMr35r2WZhwHsxrKnrBYjRuGs5HuCb73xap5pump,1787068456918306,1,1,0,True,True,FULLY_PRICED_5M,True,True,0,
Gj5FdktW8GXgrqdC7NVxCZ2wgssjq5cHncpC3vkFhrPF,1787068449074198,3,3,0,True,True,FULLY_PRICED_5M,True,True,0,
43LbMFUCmoVTwhLWBXmMKPjtgUAJ4SaZ8BRHVY3Wpump,1787068449071203,1,1,0,True,True,FULLY_PRICED_5M,True,True,0,
7dEQ1mCj7veiAR8RrU7uPoTyg1BHHZwQ6BwV3bbApump,1787068436881468,1,1,0,True,True,FULLY_PRICED_5M,True,True,0,
BoZDRfc1ANHEDhiLp8NKpsaKLa7ifSoj8u6XsioQpump,1787068431687001,17,17,0,True,True,FULLY_PRICED_5M,True,True,0,
6inCHFLrQ55VwjyJpeDuBPtELYJcTEryygdpfukxpump,1787068431684001,1,1,0,True,True,FULLY_PRICED_5M,True,True,0,
GDw3R3FxDW3LFoQrPWjER2hy2ktUj9LX4sno3FCQpump,1787068429323996,3,3,0,True,True,FULLY_PRICED_5M,True,True,0,
i3TNdDmbq5kvQTgmmX8XtgNv1Umihsc6oH9zmkjpump,1787068419600363,8,8,0,True,True,FULLY_PRICED_5M,True,True,0,
BLAFFE52H1BgW6ubEpArZUSR5hFp2c55SxGaRjkd9VNV,1787068417125313,12,12,0,True,True,FULLY_PRICED_5M,True,True,0,
Fn4hEsCQ4zuogCQE19QLDMyx3vqLtUf3iF6HJTRNpump,1787068417082310,5,5,0,True,True,FULLY_PRICED_5M,True,True,0,
GZd7HjY1K5R47SfFBD939XbRXXVEcggzDTQ6n8mSpump,1787068414926442,2,2,0,True,True,FULLY_PRICED_5M,True,True,0,
ACsGKXuAcKDCzo2LY3WbhaUbpvr4AxJeRe4B5U6fpump,1787068414886441,2,2,0,True,True,FULLY_PRICED_5M,True,True,0,
6c9KvGttoB9GyurFLqYw45cEpjeSHWuzSrwmTs2Gpump,1787068409693178,1,1,0,True,True,FULLY_PRICED_5M,True,True,0,
2oJbKdVadiBm3H4CqDcyqaEsCMqa3s6M7siEtjuKpump,1787068402759329,2,2,0,True,True,FULLY_PRICED_5M,True,True,0,
FByafbd2cQRu8didZG2RbN7aUPqSJK6p7saroBMFpump,1787068402727328,6,6,0,True,True,FULLY_PRICED_5M,True,True,0,
HFA4EdiJ6FkKkyNcRqbHbLK6SVvA9BpErBD3d717qAcx,1787068402725327,2,2,0,True,True,FULLY_PRICED_5M,True,True,0,
7vbbm2GL3jjCtP6ysvYyzuUuHJrekQRWdS1oS4dXpump,1787068393065435,2,2,0,True,True,FULLY_PRICED_5M,True,True,0,
7AMkNWeQd6awkDi8yERYxgWWfQ6jgNAxFQVK6tMRpump,1787068390457354,1,1,0,True,True,FULLY_PRICED_5M,True,True,0,
4KMdHZpCFCKC44kryUkyirWMXFfgRKED5AhuDNaVpump,1787068390436358,18,18,0,True,True,FULLY_PRICED_5M,True,True,0,
9yMecmtE6NkpsYUVBoGmFkaCR6mbJrVhejuAk4TMpump,1787068383505908,2,2,0,True,True,FULLY_PRICED_5M,True,True,0,
FvAGz9dsd5CQquVnPVwatFY3H8Mye5LQPRfSToCepump,1787068383469912,2,2,0,True,True,FULLY_PRICED_5M,True,True,0,
4yNC2V79Lj1iEHD4rVFUT7gRwLXqfQSyvRH6J5Wopump,1787068383441909,46,46,0,True,True,FULLY_PRICED_5M,True,True,0,
3U7W6C37t3vbULrkphncBgJFfVu2njCb7zwK2dogpump,1787068382117412,22,22,0,True,True,FULLY_PRICED_5M,True,True,0,
GxVmb3wBJ58giUvgEWeiVjgT96HMjhkStJRAuASvpump,1787068382088410,30,30,0,True,True,FULLY_PRICED_5M,True,True,0,
CLZgc7nbotEStjzRZn4y4u8A1pqeKrVAykk3zkwmpump,1787068382034410,22,22,0,True,True,FULLY_PRICED_5M,True,True,0,
BJKBP1xUPCjHqc6vdJCK5mBoefTNoDvvZPRoe2CNpump,1787068376810703,1,1,0,True,True,FULLY_PRICED_5M,True,True,0,
CKVUKUUd31bgqofKc3B9Zrc2JeAYCs144cQLHy7npump,1787068365096480,1,1,0,True,True,FULLY_PRICED_5M,True,True,0,
24CtFWYaTjSw1v2EQ1A5SuoKBFL47V2k1CAab493pump,1787068365062485,1,1,0,True,True,FULLY_PRICED_5M,True,True,0,
FxAYTYYv5AZwtcBgBNJrfKefrtncVhnNQgbXAHYZpump,1787068362776481,6,6,0,True,True,FULLY_PRICED_5M,True,True,0,
96FJEYnoSQwSqbkdqbKUFZ48uKGYegQQxKj2Y7GSpump,1787068357091890,18,18,0,True,True,FULLY_PRICED_5M,True,True,0,
AyS36fPw5c1N1AoXoVrQ3Kb4XWv3ZV7QeNjx7izzpump,1787068352162212,4,4,0,True,True,FULLY_PRICED_5M,True,True,0,
GD78P2bDc6c8V8MKLpS4rzqxTK3eqUwfbKJ5JfF1pump,1787068349602633,1,1,0,True,True,FULLY_PRICED_5M,True,True,0,
FjjUXaThPrzBetocbcVCwVGAvTtpWAXg9k2bNPcwpump,1787068346850785,4,4,0,True,True,FULLY_PRICED_5M,True,True,0,
PffJyWqTgbnJfrqgP1QtTdkfLJR8WyE1JVRN9oBpump,1787068346821782,1,1,0,True,True,FULLY_PRICED_5M,True,True,0,
FakHG3sEQEefDwAaVqtz1atP8JYtvUjJus5JZ9gWpump,1787068346789781,1,1,0,True,True,FULLY_PRICED_5M,True,True,0,
9QJecQrABhfeN7xfnAAstLytgparWohgNfSJZ1fmpump,1787068341889650,1,1,0,True,True,FULLY_PRICED_5M,True,True,0,
DoVC7VEM2yi6tfjdz2NrASmNbrDWH4mEzjQJS9gtpump,1787068339381826,6,6,0,True,True,FULLY_PRICED_5M,True,True,0,
EhAL5D9VKM8HtPzrs3hXMQdeeYyPKAPhunA8Xq6pump,1787068336798318,2,2,0,True,True,FULLY_PRICED_5M,True,True,0,
HMpaMTFhTi5JC4jGi19WfPLCuodv3ifCYV8dWNmfpump,1787068336796318,34,34,0,True,True,FULLY_PRICED_5M,True,True,0,
EXncNMq6dpJWrqpm9khPG43hi26grvftP1XXFvg6pump,1787068336781321,1,1,0,True,True,FULLY_PRICED_5M,True,True,0,
xLvg15xbnHsLjNHKce5Dfrotx35ueu9M2DW25FEpump,1787068336759322,1,1,0,True,True,FULLY_PRICED_5M,True,True,0,
FKwUdsxpMeMjH8j7M6BQ7V41LLnk5NJ3nXoim7ixpump,1787068336749317,18,18,0,True,True,FULLY_PRICED_5M,True,True,0,
Cbpu68y9tzm3TW7nuTew2aN2gUBxr6g6jtYrC4Rupump,1787068334681473,10,10,0,True,True,FULLY_PRICED_5M,True,True,0,
8hqjD2YH5UZrLc1bULeRm1rfCvs6EcWukf26RqXipump,1787068334680471,29,29,0,True,True,FULLY_PRICED_5M,True,True,0,
EVsTVpBcmmTBfXASdH79KGdNJUgdRBVBETDDCFL2pump,1787068334676472,29,29,0,True,True,FULLY_PRICED_5M,True,True,0,
mBAoZQbxdUJeZaaczCNaGsQcEbU2GZXBYQag2f2pump,1787068334654470,1,1,0,True,True,FULLY_PRICED_5M,True,True,0,
DsohymxiSDBM6mBPpZf2ubixp5TaEKwdtLkmCTiypump,1787068319412977,1,1,0,True,True,FULLY_PRICED_5M,True,True,0,
Hyx5o66DbGjFSfsyUwbhbvgm6aszcG2EEuWRBcawpump,1787068316765255,1,1,0,True,True,FULLY_PRICED_5M,True,True,0,
9k3LNi4jE3C5sq1aETJA7wMTazuGHYc9wQF9Q9chpump,1787068314986906,1,1,0,True,True,FULLY_PRICED_5M,True,True,0,
EBERfvapJDNYbeWhQghSsCntD3SLMuu1ThPZg2Xwpump,1787068314971901,1,1,0,True,True,FULLY_PRICED_5M,True,True,0,
44QDLH9HezHZMeN5z8Mmdpjn4APFUcrepXpMheKVpump,1787068310012889,1,1,0,True,True,FULLY_PRICED_5M,True,True,0,
62aiaEPjDodJPVSwVZfpZnaKqBEexLDXQh64wHYKpump,1787068308203058,11,11,0,True,True,FULLY_PRICED_5M,True,True,0,
BYF2tiCqXAjUQ7XVB6jRQEuy9FxzgoJCh2jhnHJFpump,1787068308193059,1,1,0,True,True,FULLY_PRICED_5M,True,True,0,
XBzmJ1mvB7uEJyWpTgcZmU534hvDDu9NKSpHLzEpump,1787068308187058,3,3,0,True,True,FULLY_PRICED_5M,True,True,0,
G5XsVmTRngxtEzdXUibA3pvqv3UMH4oVu6BXkM2tpump,1787068305707990,5,5,0,True,True,FULLY_PRICED_5M,True,True,0,
2Jix9meKSd22kmGupFcDP9pZhhGRK5DGFi6QbpZfpump,1787068303021993,1,1,0,True,True,FULLY_PRICED_5M,True,True,0,
GmTLB3e7E6JERHJWaafKum9x8MKdMS5tNeRGUoAvr3hG,1787068300473204,1,1,0,True,True,FULLY_PRICED_5M,True,True,0,
4YECbwZi3kkRhjZf9mbiT1z8ukvkhrzB1FxEXkcppump,1787068300466204,1,1,0,True,True,FULLY_PRICED_5M,True,True,0,
3VBKNTjMCU1jLq2YQ2Hok3pffEWQx4kq6KBBpGibpump,1787068300444203,23,23,0,True,True,FULLY_PRICED_5M,True,True,0,
4kPKYmSrmefdcGM3xGJpipsNbGXyxz94vrkxBijkpump,1787068290997983,1,1,0,True,True,FULLY_PRICED_5M,True,True,0,
vsDXhizfyYRRdoEoi2GTeXLh8BNT91sFcudJSYzpump,1787068290936196,11,11,0,True,True,FULLY_PRICED_5M,True,True,0,
DWLUpCj59c1qTMo8Twhuvi5GU7u8ePze9VSENz5opump,1787068288591647,7,7,0,True,True,FULLY_PRICED_5M,True,True,0,
F4ish8hWFM4Rgvj2nhp4xs9yUicW86GcWUAq7dXMpump,1787068288552648,1,1,0,True,True,FULLY_PRICED_5M,True,True,0,
CWpFQZWLsnQstSmrHCzGDKdEbsQum2FZfrcUgrb3pump,1787068285878906,1,1,0,True,True,FULLY_PRICED_5M,True,True,0,
6ZPsuLeJqaJmFvZoF2YJK9GdEnkrw1Cg5nvnJmgSpump,1787068285858904,81,81,0,True,True,FULLY_PRICED_5M,True,True,0,
EDMusteWGdi1CMhqFQqUwWhCwEB9Zf4X9DRVTXHspump,1787068285824905,157,157,0,True,True,FULLY_PRICED_5M,True,True,0,
7P4zkhhhRvK7NB7pPbn32dh79uGjcosrwwXSFwMvpump,1787068283837904,1,1,0,True,True,FULLY_PRICED_5M,True,True,0,
2gBHmCqyhJo1vy7k3H6F3w59K61nHfUuVp1XWx1Ppump,1787068283832902,3,3,0,True,True,FULLY_PRICED_5M,True,True,0,
5qw3r6sfEvSSigpKHhG4Wf4ZpdxrN6SQQSJESVddpump,1787068283779903,16,0,16,False,False,NO_PRICED_TRADES_5M,False,False,0,VIRTUAL_SOL_NONPOSITIVE
5SPinjzQzKZtbEy2avECoJhvRE1gteBEZFLAAPeWpump,1787068283760903,14,14,0,True,True,FULLY_PRICED_5M,True,True,0,
FsVYi2p2HDDL1LwTMubicDjCzKCjyNdheDHntH4npump,1787068274888526,1,1,0,True,True,FULLY_PRICED_5M,True,True,0,
4He6W4HkPAkBDRG7LxtJ5K4gyt3aCzwxSxj7HLvapump,1787068272085594,2,2,0,True,True,FULLY_PRICED_5M,True,True,0,
2hJgAt7bdCq6djJzuRnhsfDF1QfpqnMeTxuhLcQ4pump,1787068272072073,7,7,0,True,True,FULLY_PRICED_5M,True,True,0,
6HwFAMGhWzzJA1g77phGYm41MR5YwfiwHFLT6WWcpump,1787068272063069,1,1,0,True,True,FULLY_PRICED_5M,True,True,0,
55ybm3HXYtRQ5MNrwFijmvS7QT2pDBdLExMAaKt1pump,1787068269519383,3,3,0,True,True,FULLY_PRICED_5M,True,True,0,
AkESTitb7mCzB5QcFfgJz5MHvd5p8WaSywc7eBKFpump,1787068264610382,2,2,0,True,True,FULLY_PRICED_5M,True,True,0,
2ggLRbxFpjdYoKzajKx3sPmF1s2pLrmfwGt62myehCi1,1787068261992043,4,4,0,True,True,FULLY_PRICED_5M,True,True,0,
5bpzpuVPs8M6aSBPvmTzj2KXDLgu7wHa2s7QTNBGpump,1787068255101912,2,2,0,True,True,FULLY_PRICED_5M,True,True,0,
8TKfTQ3ca21iCqbV8c9QqSrBWBEkB6qmquktT2C5pump,1787068252474361,1,1,0,True,True,FULLY_PRICED_5M,True,True,0,
FJdmdNzJiHKeNj1TE5b8FnAeUC1A27TBd1ztfiFtTH5h,1787068252456988,1,1,0,True,True,FULLY_PRICED_5M,True,True,0,
8GrpSBxTBRQbdxaLiYxAVXZG781PNRWHMqu5as2opump,1787068252444836,1,1,0,True,True,FULLY_PRICED_5M,True,True,0,
32J4SuD4PyNc7DKLZJphKH4j9sdjZdgYnFZKUWYqTZUf,1787068247432286,2,2,0,True,True,FULLY_PRICED_5M,True,True,0,
5EcYAi9ETKWMw5F5GuocR2ZBqfN4tGUv4LCdZZVJpump,1787068247394283,1,1,0,True,True,FULLY_PRICED_5M,True,True,0,
ALMSXM2Pt9QosS8PEBYSHZVKEJWswTbxBEZbJ48zpump,1787068244893046,2,2,0,True,True,FULLY_PRICED_5M,True,True,0,
2oce2R3xMVJg6W7ZNptyJmtJmiK3rqC2Qx6HtTgFpump,1787068242141546,1,1,0,True,True,FULLY_PRICED_5M,True,True,0,
BgupAX4oYHwyegx4beCrzt2KSvtFVaVb3oa94txrpump,1787068239585249,55,55,0,True,True,FULLY_PRICED_5M,True,True,0,
Fawa4ox7xcGv2cPE6twLXsi5jAu2zWwQhVB6hNwYpump,1787068239581249,1,1,0,True,True,FULLY_PRICED_5M,True,True,0,
CDfPCmvmU6WkfAKqDhRZkv8bVHLW2FUpZCzbqa1cpump,1787068239553253,5,5,0,True,True,FULLY_PRICED_5M,True,True,0,
F5x61bJ8ur7NgoRP6xiNHxR6DSGYzZT5gdKKMnaNpump,1787068237528074,1,1,0,True,True,FULLY_PRICED_5M,True,True,0,
24pUwoWNkMPyGHujVodmEyP14EWMoMqNbeNC83uGpump,1787068224845769,1,1,0,True,True,FULLY_PRICED_5M,True,True,0,
AFpx6M8NLR5ksaZyqJqZYYeizNpx2ggvkBAUwciTg5pd,1787068222792864,1,1,0,True,True,FULLY_PRICED_5M,True,True,0,
6mQdqW3RiGcREnX2P9kR6nAwLwsFrYdXio2WhpS5pump,1787068222785863,1,1,0,True,True,FULLY_PRICED_5M,True,True,0,
AFymcLGhZSx3vk5Czn1tGZPSTHZkUUbCBQ4ELC1Spump,1787068222764866,1,1,0,True,True,FULLY_PRICED_5M,True,True,0,
8WmF5b2oaaPLuPo4EtnzE8QJz2MPwQSKTzhBsDcmjVtw,1787068212284073,6,6,0,True,True,FULLY_PRICED_5M,True,True,0,
5J1SXgQ1HxhMBHFzeQdN8oZN8qDtit2LbY6hmF8fpump,1787068209637747,3,3,0,True,True,FULLY_PRICED_5M,True,True,0,
HVzmtidSqpyzzTo3jRy4ivc7D7YCu6U7e9i4sJBEpump,1787068202280650,1,1,0,True,True,FULLY_PRICED_5M,True,True,0,
EDUeEMK5VXFhHyEhpLvY8HCAXgJRp7wxV33GUbhXpump,1787068197340010,1,1,0,True,True,FULLY_PRICED_5M,True,True,0,
xCRd1LLkchgUwFbLNamEboHcSVGXCQcxnvozH2mpump,1787068194843098,1,1,0,True,True,FULLY_PRICED_5M,True,True,0,
FMS7mMaPegdg9RYMM9FaYYa1qKNjab2irr9ngdJQpump,1787068192146103,15,15,0,True,True,FULLY_PRICED_5M,True,True,0,
AqHus94YU2JMAdXtWVxymcv3BSShddEtwn2UpXiSpump,1787068190020359,9,9,0,True,True,FULLY_PRICED_5M,True,True,0,
HQHnrWJCxwoBXGPtRj692RwrxBmhxhbvJJhDHRGopump,1787068190005359,40,40,0,True,True,FULLY_PRICED_5M,True,True,0,
AVVHLJ2gAQx4eaD7eXQsYXAuf5Wd3cFNpFvzMfykpump,1787068185355286,1,0,1,False,False,NO_PRICED_TRADES_5M,False,False,0,VIRTUAL_SOL_NONPOSITIVE
7GkUAP8vMDrdeXZdoVx92v2FNy78fTEeaVdWWqXjpump,1787068170532335,1,1,0,True,True,FULLY_PRICED_5M,True,True,0,
GJfYnaSPz2vQiKzMeRoXcZHMsxGqjLn1RgFEu3bmpump,1787068168218436,1,1,0,True,True,FULLY_PRICED_5M,True,True,0,
8rAMB47et3mQGULVLGoYTN4Uzn5reKD4qh9qtTetpump,1787068158245276,2,2,0,True,True,FULLY_PRICED_5M,True,True,0,
CZXe4zRfyM98wdcNwXFXvzR59hMaMCPvY9YPGnJ9pump,1787068143414224,5,5,0,True,True,FULLY_PRICED_5M,True,True,0,
A7KgLHNKQHNcueqSVGDjvLavoMZmPmf2qH1a67Fupump,1787068143403223,335,335,0,True,True,FULLY_PRICED_5M,True,True,0,
AxAHCTBv4p7w257XLybFkpPxzSchPUmnkAhnUJenpump,1787068143399221,9,9,0,True,True,FULLY_PRICED_5M,True,True,0,
3j31X3XMUYoXpYmXevpQwAK1C3soeGxUD3dAZcHipump,1787068143397230,1,1,0,True,True,FULLY_PRICED_5M,True,True,0,
W2v9eUMgzg6joy3ghzc4VLg181jrhgTgPs5XrD1pump,1787068143396221,1,1,0,True,True,FULLY_PRICED_5M,True,True,0,
6pbTuQBjYyNjddSLYKgpk8t7YtWivGESSeFxZfiCpump,1787068143371224,8,8,0,True,True,FULLY_PRICED_5M,True,True,0,
9BAiRoDStkd48Dhasc1X22mqnnUPL2K4rvguUTBkdi7W,1787068143349221,4,4,0,True,True,FULLY_PRICED_5M,True,True,0,
7XYpFiBiRQj6SkqfcdmrXbYEjjhf7U1cmemVx2K5pump,1787068136614707,1,1,0,True,True,FULLY_PRICED_5M,True,True,0,
Bo2V4XK2tDnWiXxXL8apj5AeEoiCfPbdNAQcNhn9gbfM,1787068121411840,5,5,0,True,True,FULLY_PRICED_5M,True,True,0,
8eurA7RdwKXw8E8HAh2xufotNqNgMhDZFfPjjZ4Hpump,1787068119022442,1,1,0,True,True,FULLY_PRICED_5M,True,True,0,
7rx6SxqbjXUo4P4WHLSZodpPD5j4PBc5Hc5xxkW4pump,1787068111700242,8,8,0,True,True,FULLY_PRICED_5M,True,True,0,
9sAtx6eTh42BW98Y8if8p6bgnnZm7piupf19WiuLpump,1787068106694097,1,1,0,True,True,FULLY_PRICED_5M,True,True,0,
BNgDzPDGWXfeXEWjrkioqTT77bnCgNZWSxvgRH85pump,1787068099062946,48,48,0,True,True,FULLY_PRICED_5M,True,True,0,
9CsdJuF7Fycty9yLvXWYYQuF16EV1kiyNMAWjdVJpump,1787068099034945,29,29,0,True,True,FULLY_PRICED_5M,True,True,0,
A4YoGxFx4HYaHA1fQoWAnycAXLW7ykUCjDUUWo78pump,1787068096958186,10,10,0,True,True,FULLY_PRICED_5M,True,True,0,
7ATS6jVtX2c3hX3WHmkZKqrqmXFVhK4VXyoLGpwepump,1787068096865188,23,0,23,False,False,NO_PRICED_TRADES_5M,False,False,0,VIRTUAL_SOL_NONPOSITIVE
BiPaTtTjX38ZUcRBdWaukrUWjDudpUcUfuae69oZpump,1787068096864185,1,1,0,True,True,FULLY_PRICED_5M,True,True,0,
Hd8HTPvHerHfJ73AvqWcFKYQVL7iJtW23Z75w5ncNCwy,1787068096680185,10,10,0,True,True,FULLY_PRICED_5M,True,True,0,
BVxrD3FgDmVi4sbfbCs7JpERzWNZiUwDwBt57z7npump,1787068092405365,1,1,0,True,True,FULLY_PRICED_5M,True,True,0,
5udPz3XjS8LpMVfznG5NtWrd3ttHCAs1qEsc4rxohWFc,1787068085449084,1,1,0,True,True,FULLY_PRICED_5M,True,True,0,
AGzjJVaJWCeKmXpMhuhzoCgRda1AUwC21M6BJs6zpump,1787068085425080,4,4,0,True,True,FULLY_PRICED_5M,True,True,0,
AaFg4kbAQSMepH5YY2DPaXb8fEo8xL5uAVmpWNJ6pump,1787068085423080,1,1,0,True,True,FULLY_PRICED_5M,True,True,0,
354eB7oEoPrWQYjSpCG3yrAUnj1vrKEm1JCzZn6Yzdge,1787068080223129,5,5,0,True,True,FULLY_PRICED_5M,True,True,0,
AVywUctaezmnQmijFdp2xGPobDNN38L7akbvoZgzpump,1787068055333555,1,1,0,True,True,FULLY_PRICED_5M,True,True,0,
H7Dpc6oFjnRqq1dS73BVSYNKkqn2m1xRga5itK32pump,1787068055259554,3,3,0,True,True,FULLY_PRICED_5M,True,True,0,
5uFZPwAQAuubRVuwrPWjNywwmoL5GqtypH486Qxvpump,1787068055242555,1,1,0,True,True,FULLY_PRICED_5M,True,True,0,
F4hBmii6jj1y9BrLh6FutpTJbzC6Xd6cKZj4CjKYpump,1787068052704513,12,12,0,True,True,FULLY_PRICED_5M,True,True,0,
CBZqkbqF3sL99aT91ufEoJDQbfqyniQyGdiQrkH1pump,1787068050213934,7,7,0,True,True,FULLY_PRICED_5M,True,True,0,
2rKhEM3FcPhNnFGKRn9ofb8haxT9m4sw4ATZFSkrpump,1787068050195949,32,32,0,True,True,FULLY_PRICED_5M,True,True,0,
CSoqoWFCa2n6J5fgjfnGDsSpNWtLNS5nu7vwEqoUpump,1787068050163949,10,10,0,True,True,FULLY_PRICED_5M,True,True,0,
R1evg4uF72mNz9U7bBQBFbjitNDixdwrDv65zWNpump,1787068050161949,132,132,0,True,True,FULLY_PRICED_5M,True,True,0,
7BzqmAjcy1EzcU2mhK6mto9qsBQSgmYRdgYSXz4Ypump,1787068045981448,2,0,2,False,False,NO_PRICED_TRADES_5M,False,False,0,VIRTUAL_SOL_NONPOSITIVE
G6fYYYJhmiqGyuX8wBamJ9oUbt4koNpj3fHZSNVepump,1787068043750358,7,7,0,True,True,FULLY_PRICED_5M,True,True,0,
D4xtV34Ahrf14DKtN5MukWn7SsGfnW2vPC1QYQ77pump,1787068043678357,1,1,0,True,True,FULLY_PRICED_5M,True,True,0,
4Wgqw2Dp2VxnbuLcSrMjmKq4sM4j2ydiG5fbvRAupump,1787068041076931,1,1,0,True,True,FULLY_PRICED_5M,True,True,0,
zXSkGzZNBeupTuFwG1bvAjm4Zf6apAFqBSKRMbzpump,1787068026802436,6,6,0,True,True,FULLY_PRICED_5M,True,True,0,
Add3CGqzNBwby4UmTWE9owQmEN4Fq2NYo6EzBoQ2pump,1787068021585345,25,25,0,True,True,FULLY_PRICED_5M,True,True,0,
DkFR83m1Vu7DtpDwkS9u6jt8kqCnEz9T4exBSfDQpump,1787068019114164,1,1,0,True,True,FULLY_PRICED_5M,True,True,0,
FxEkEXPjD6fbRTY4C4jpdUnUqXfncnD4VPoDTQAbpump,1787068016924180,1,1,0,True,True,FULLY_PRICED_5M,True,True,0,
37n4sXw6uBoYk6zY6sFFcm46JzQYYKgcFCDVeVTzpump,1787068014374584,3,3,0,True,True,FULLY_PRICED_5M,True,True,0,
82YgNJ5YxdbuCwTk5yea6unCep12qrRzQtPu5YTPpump,1787068011822687,9,9,0,True,True,FULLY_PRICED_5M,True,True,0,
EtQLoxcLpNNmTbedEUqx3Gs1kpXhFCjCTs8fkKCiZAnD,1787068011811691,5,5,0,True,True,FULLY_PRICED_5M,True,True,0,
24qKPdpsFWdmfFWL3nQ76THGLtzXCAWQtuRuBKampump,1787068006850764,7,7,0,True,True,FULLY_PRICED_5M,True,True,0,
GcHv5rto2kjxNCeem2f2AvMcN3sGtHhXdr1zxfAtpump,1787068006817317,2,2,0,True,True,FULLY_PRICED_5M,True,True,0,
7uiXzRK6ydWNrWxjZEpzfab3Uya7TYMZZsDT7Gzrpump,1787068004294865,2,2,0,True,True,FULLY_PRICED_5M,True,True,0,
4EVZChtck9a1jSEvSnNPJdMmDkJRvxQ5cmsQMGrDpump,1787068004241865,32,32,0,True,True,FULLY_PRICED_5M,True,True,0,
H9UoZx4beVp7JNXr5HnAJ2KMeFB8cTwobhhZ62Eopump,1787068002141868,173,173,0,True,True,FULLY_PRICED_5M,True,True,0,
B5qtdQTve5BzzGTAAfNcrJeobvur6u1SPjq2CXyApump,1787068002130865,6,0,6,False,False,NO_PRICED_TRADES_5M,False,False,0,VIRTUAL_SOL_NONPOSITIVE
4zATr5cpTCZMrojRrBGfmtBMdHsiR8YXEgRm9ZLJec3U,1787067994485060,2,2,0,True,True,FULLY_PRICED_5M,True,True,0,
AKEptPbEfFD1CgjipRx1sVYBD2svtRxsnrXb9JeQnzSe,1787067987064415,1,1,0,True,True,FULLY_PRICED_5M,True,True,0,
3zEUbKgU5AQDkVuMQ64PohCGmnbwb2VR29yLUPVRpump,1787067982456757,1,1,0,True,True,FULLY_PRICED_5M,True,True,0,
FRk8i5ej7mouDQQ6gRaj3hVEKxnDWdd64vWiWmnapump,1787067977108559,2,2,0,True,True,FULLY_PRICED_5M,True,True,0,
4uaMcKKq68eHaCdZYt9bnZMgos1nocgN9AVTCWtxpump,1787067975046682,1,1,0,True,True,FULLY_PRICED_5M,True,True,0,
7QBzAA9gszFzWEdvt7ZqsJvkfDjaWTy5qN8bvuMmpump,1787067972451560,1,1,0,True,True,FULLY_PRICED_5M,True,True,0,
4uSmPfEerzMwMVuCEcEjxsUBtn6B8649LytUnKCXpump,1787067969660526,1,1,0,True,True,FULLY_PRICED_5M,True,True,0,
4gm1P72psZmEmfLNbnb6FsbT5UQSb6TN3e2GPqKrLLQk,1787067967351623,5,5,0,True,True,FULLY_PRICED_5M,True,True,0,
9VvK3M6rt9mWPuLztYcUhQ9HhC51xkqsTvbqYLsn8QxS,1787067964941326,15,15,0,True,True,FULLY_PRICED_5M,True,True,0,
H2TKUdy1DFyus1c7jcDEzKm9Lx8iMHCr2pUhrBPrpump,1787067964922327,1,1,0,True,True,FULLY_PRICED_5M,True,True,0,
AL2rgQ182EBubw2X7JK2EmzB7M2PnTyV68GtJvwNpump,1787067964894331,1,1,0,True,True,FULLY_PRICED_5M,True,True,0,
FhXRb39tstiKnHMokPL8V42oAZaBUSMgXPDzw8QYpump,1787067959859990,2,2,0,True,True,FULLY_PRICED_5M,True,True,0,
3Nv2cUv7nP5272jCL6Umnei2Q8UJgCWwKmKxJjUDpump,1787067957254278,2,2,0,True,True,FULLY_PRICED_5M,True,True,0,
DZ9zivk2sXf59RT38vRcNx5ojpfM9GU4zYWTQDHapump,1787067957239278,1,1,0,True,True,FULLY_PRICED_5M,True,True,0,
FXGZx1eZ572j3JEoTbavTmygxJZweUPv1fb4PBgzpump,1787067957224275,1,1,0,True,True,FULLY_PRICED_5M,True,True,0,
E5otfHu3ZhoRTrBrdw936aa3f52NW2vKadaWRS21pump,1787067954517749,1,1,0,True,True,FULLY_PRICED_5M,True,True,0,
Do8CJSB7c43yEMrrJtduT5kU7EFi3NMmDccVFxX3pump,1787067954515745,7,0,7,False,False,NO_PRICED_TRADES_5M,False,False,0,VIRTUAL_SOL_NONPOSITIVE
5xGUPDnrHYQex67yXNJS4aXdaH4121a6Hd8AfxbBpump,1787067954490744,1,0,1,False,False,NO_PRICED_TRADES_5M,False,False,0,VIRTUAL_SOL_NONPOSITIVE
9Ry394wcaVd63WBXCkrwGxA614BQfEZRnwDxPgbZpump,1787067954477743,1,1,0,True,True,FULLY_PRICED_5M,True,True,0,
2KMhxpWcmvH46csq91C8UYCPqotXQqhP5umJVXuxpump,1787067953606856,40,40,0,True,True,FULLY_PRICED_5M,True,True,0,
kKH1t67CpxuFyDnvShbPeQThEfD3adWVcYkPVNSpump,1787067944676064,34,34,0,True,True,FULLY_PRICED_5M,True,True,0,
Huy3CmnHDndz6aPgTNA5NNVWtFLiu84YFCGkKR2kpump,1787067939781129,1,1,0,True,True,FULLY_PRICED_5M,True,True,0,
BRabcKxuTAAJwk7rrRmqdcedADPPWQ7ZMeoPvXCJpump,1787067939753133,1,1,0,True,True,FULLY_PRICED_5M,True,True,0,
BCJ9GtvjZMRBctQ33jMkYRD6PHoM4LUrknAa7tuBDgMS,1787067937318702,2,2,0,True,True,FULLY_PRICED_5M,True,True,0,
98uWrRPAToKDpYwXGScorYD7smUQwEn8hmg9j22hpump,1787067932117851,1,1,0,True,True,FULLY_PRICED_5M,True,True,0,
4DQp4r91ENBXcVyMYZjaZM3FidiDjZPbMfc3bRN5pump,1787067929256967,1,1,0,True,True,FULLY_PRICED_5M,True,True,0,
CqfVzVkpVA3PR8GettoeKUdoG2qJYumtXvqUv3s1pump,1787067926821618,2,2,0,True,True,FULLY_PRICED_5M,True,True,0,
3BdkGUuBGBEeCSP9rTUhPs5KkXV8K6aRuPPH6dy8pump,1787067921593174,89,89,0,True,True,FULLY_PRICED_5M,True,True,0,
Hoaoc78aNKte38hht3LhwkAC1BRXK3korcj6efREpump,1787067921592174,1,1,0,True,True,FULLY_PRICED_5M,True,True,0,
8q73s4ZF676W6jzdRBaEgcbLS8GnUZUMbUebZybopump,1787067921551180,2,2,0,True,True,FULLY_PRICED_5M,True,True,0,
3GKsw7UQpc5AcgpfhydjkWAwNrP67hEeg5vRmfT4pump,1787067921550180,1,1,0,True,True,FULLY_PRICED_5M,True,True,0,
7V3YFc6xszq2zrRUvBS3KrmfxyTFRbT9RT5465nKpump,1787067919014108,1,1,0,True,True,FULLY_PRICED_5M,True,True,0,
GBkDEFC7MaUogfk89rzCqRsUPw2GZqMg16hxXmckpump,1787067908307475,1,1,0,True,True,FULLY_PRICED_5M,True,True,0,
BGu3PGvJWiJzAJm1gydRDXxWy6ZRjksDh6r1ANeibAef,1787067908279477,2,2,0,True,True,FULLY_PRICED_5M,True,True,0,
9x7rkEEGR9jQmU8ryvw6eAs4CjhGztd6aZ1oD3y8pump,1787067908277476,8,8,0,True,True,FULLY_PRICED_5M,True,True,0,
GSJKTRiwt1zyd2PEX8QNCFppGMniVgSsdCVWYgvspump,1787067908272475,11,11,0,True,True,FULLY_PRICED_5M,True,True,0,
DyQdMnRbn6CxiG1gtyLYE8VS1Dc2jHyaAUawxFHRpump,1787067908234480,22,0,22,False,False,NO_PRICED_TRADES_5M,False,False,0,VIRTUAL_SOL_NONPOSITIVE
Eh75Byni4TA5PNFgfwYipAgzMAzUAW5gJXKxaXbNpump,1787067905626416,6,6,0,True,True,FULLY_PRICED_5M,True,True,0,
85P67BdHzxczZ5JpfXZvb73Xuu7SK7H4QRt7Tvoipump,1787067905567421,24,24,0,True,True,FULLY_PRICED_5M,True,True,0,
BWUsLEwgy3X9pCmEzsvcXp5r5H7GubEuU7YDSxXmpump,1787067903519604,45,45,0,True,True,FULLY_PRICED_5M,True,True,0,
5SNWNQzdLTQQi69pEkRnYLtpAAZevLZozdvhr3aUpump,1787067897856150,1,1,0,True,True,FULLY_PRICED_5M,True,True,0,
CAjdhGg5v3MtUmZuQ56EbKhF9kg5jXMG2PU1u4pqpump,1787067892720251,1,1,0,True,True,FULLY_PRICED_5M,True,True,0,
GH2ytPeRwst7PuD2xYWeUGsLENSCqTeQ7J3J32Zpump,1787067890033249,5,5,0,True,True,FULLY_PRICED_5M,True,True,0,
DUr14QVCekfziRypDeZtSzZz7NhCXjeLsTnXMAoTpump,1787067880083494,1,1,0,True,True,FULLY_PRICED_5M,True,True,0,
2FSpXwxfEmrruzHAZsBfMDjNcStzbXSMT7Uz1L7qpump,1787067870041277,2,2,0,True,True,FULLY_PRICED_5M,True,True,0,
CF2yK2H192nmk4AGtw6CJWBBvkCRLYWZ3b7q8hBbpump,1787067865064873,2,2,0,True,True,FULLY_PRICED_5M,True,True,0,
3VHWbS6ehWMQH5e2efFeqWroGkyJ7uQ39QX91aeEpump,1787067865040869,38,38,0,True,True,FULLY_PRICED_5M,True,True,0,
DqoatisVhJPEurhEbCRbQC5hke8mE3vEec8gtoBdWdpM,1787067865021873,2,2,0,True,True,FULLY_PRICED_5M,True,True,0,
8AVQEe8Z5VVQz7k9snRbmkrYgxpDi73sbL2wHF2Vpump,1787067862455586,14,0,14,False,False,NO_PRICED_TRADES_5M,False,False,0,VIRTUAL_SOL_NONPOSITIVE
J93nJaKYSUSPHumjXdGg8VA6YXNDoHrTDUH8EwiPpump,1787067862450580,91,91,0,True,True,FULLY_PRICED_5M,True,True,0,
G4UqR5d95ZV4uxwfqUCFu1TQ4Zqo8gRfooz8QsE5pump,1787067859741658,20,0,20,False,False,NO_PRICED_TRADES_5M,False,False,0,VIRTUAL_SOL_NONPOSITIVE
EiV4nSR5CKeXoCFwbjn6UEQ7w8PD7E7oec38DsJ2pump,1787067859738657,1,1,0,True,True,FULLY_PRICED_5M,True,True,0,
CgtV4B4gHQC1HzwNU4T6uUF9Yk9YrASk9oG5nHj5pump,1787067859717657,5,0,5,False,False,NO_PRICED_TRADES_5M,False,False,0,VIRTUAL_SOL_NONPOSITIVE
9y6zPAwGP3YmM4XFepLiovS4EGtm5rnSKJ9aE5aGpump,1787067859712662,8,8,0,True,True,FULLY_PRICED_5M,True,True,0,
6GWbaVdftMU8rMRCBgFKU8xuzucWLXq5qnZDa9sSpump,1787067855998021,23,23,0,True,True,FULLY_PRICED_5M,True,True,0,
Dfts9RfrBE6iRhwGnmiKC4BbfNVfxUT883Hhq7Kjpump,1787067855618017,4,4,0,True,True,FULLY_PRICED_5M,True,True,0,
9utrWQZjf65VrRcDfYRavBzp86789ta8VyCRUNFSpump,1787067850448425,1,1,0,True,True,FULLY_PRICED_5M,True,True,0,
8Nt6qhbV55du9qVKc6wSWzaH7GywoimniQxdbieUpump,1787067842957201,1,1,0,True,True,FULLY_PRICED_5M,True,True,0,
CTVs3R3nDiWX5BNNnWVJ39eZ4PqkCXq9kEv37encpump,1787067838148451,2,2,0,True,True,FULLY_PRICED_5M,True,True,0,
9GGxBUcT2LYReVohxZJi6hsnd2qNkENiydozsvfDpump,1787067825472405,4,4,0,True,True,FULLY_PRICED_5M,True,True,0,
FsgtaXpAisBM4MFwjo2yz1j4G9grPuaMDt8NKbJqpump,1787067822952405,2,2,0,True,True,FULLY_PRICED_5M,True,True,0,
8z9dvZaED9DJ8vvosuu3UnzSeup5HK7DHBpXWcNq1Sq5,1787067820497237,6,6,0,True,True,FULLY_PRICED_5M,True,True,0,
Ao8wvP82mgPf5nzaR2cL2SRrDYtUZaWYCHLG2BmXpump,1787067818279238,2,2,0,True,True,FULLY_PRICED_5M,True,True,0,
4L3JjmSj8deiu3Jrd88LaWTNSujiJUffPXE9XZjLPwEN,1787067818207237,2,2,0,True,True,FULLY_PRICED_5M,True,True,0,
8DgjbmA5nRvELZkVErmYbF7C363DbmkXcRU2GpArpump,1787067815838258,1,1,0,True,True,FULLY_PRICED_5M,True,True,0,
GzG1iAUDYYJQTPj84gsCMSSQTK9geLmQC69gmCCAWng2,1787067815787258,13,13,0,True,True,FULLY_PRICED_5M,True,True,0,
6W7HE5uyNSUVmzTtsGx4QE1Q2suCLxkJysqNct3bpump,1787067813258572,1,1,0,True,True,FULLY_PRICED_5M,True,True,0,
Fjt9MbZQHmfgXrA6SqD7W5QE2fDxTuC9UShTFN8Ypump,1787067813224575,4,0,4,False,False,NO_PRICED_TRADES_5M,False,False,0,VIRTUAL_SOL_NONPOSITIVE
APYACdHbjQnj6MrV1ujXPEACEExat2btFknrzexFexDc,1787067813196571,1,1,0,True,True,FULLY_PRICED_5M,True,True,0,
6z3yt4Z6maTYKY6uaKcyjXbwXPAVTdcLrfGreym7pump,1787067810741142,3,0,3,False,False,NO_PRICED_TRADES_5M,False,False,0,VIRTUAL_SOL_NONPOSITIVE
DdUjpbtP9ynQnWmbHwf1vhqvFeKWxDiPLs2RaVxspump,1787067810709141,14,14,0,True,True,FULLY_PRICED_5M,True,True,0,
4Shwd88E81NEDzSnUBqfb3Ze1PhUWMk252Xj72V4pump,1787067808131170,12,12,0,True,True,FULLY_PRICED_5M,True,True,0,
5vQZo5q5nbBc7ffDGdjCsBbh8VDsgj1XMiKsHhApump,1787067808053171,1,1,0,True,True,FULLY_PRICED_5M,True,True,0,
GiNiPsAHXGWYgiZTP2E6zQUCjE4CvoPeySgZjZV1pump,1787067808002171,31,31,0,True,True,FULLY_PRICED_5M,True,True,0,
CikNrvgGmbKLP1ZxrncDG9GjkUNJF6u4Humg5Riepump,1787067797824412,1,1,0,True,True,FULLY_PRICED_5M,True,True,0,
2X2sJp18RuuvfrGc2ELNiBLBPhbnNJ8tmHAV5Y1ipump,1787067785652911,1,1,0,True,True,FULLY_PRICED_5M,True,True,0,
EgmLdc9X9LFa4yXVnefkNUT5RwXrQWRkVbNWyZB1pump,1787067783040277,1,1,0,True,True,FULLY_PRICED_5M,True,True,0,
dsB57n747YqYoWzpTRezmEUbRkWVDJ8BAJhDXMDpump,1787067780896323,1,1,0,True,True,FULLY_PRICED_5M,True,True,0,
7S7oaJ1rKYuCYp1YWqGtz4Xj6PpZJZETmbubd3jXpump,1787067780878319,2,2,0,True,True,FULLY_PRICED_5M,True,True,0,
5GRm53dJDf82eGMufnY9jq29ffETo1WwDHngiP3Npump,1787067773604449,1,1,0,True,True,FULLY_PRICED_5M,True,True,0,
J9yKWqAjwcAB5gQbLhXT6HKKACYjBBjann9JaabNpump,1787067771071651,2,2,0,True,True,FULLY_PRICED_5M,True,True,0,
5SmxuH7PucVXd3MMByaiDkusLCE9dAwWBfXfsBTVpump,1787067771070650,7,7,0,True,True,FULLY_PRICED_5M,True,True,0,
2kcGMZMBobwiCoKzDhVkcDNc29PyTDnz6um3jvmGpump,1787067771045650,1,1,0,True,True,FULLY_PRICED_5M,True,True,0,
6bwiGLq1mZZDcUpKU1FcTgWG9gwte8ZwwStpeoZHpump,1787067771019651,3,3,0,True,True,FULLY_PRICED_5M,True,True,0,
6bgvB3MPQiA5E6m18xPorvPyXV5atLKK1X99nw1Fpump,1787067771017654,4,4,0,True,True,FULLY_PRICED_5M,True,True,0,
Cyw3Aw9kRPPWP8wSX6oFeKAF8V1exx17B5mGddrpump,1787067768747941,1,1,0,True,True,FULLY_PRICED_5M,True,True,0,
E4Pr4VvyEQD3TxwY54XFmGwy15NDeqwxUNGbeeYkjWxR,1787067768665940,1,1,0,True,True,FULLY_PRICED_5M,True,True,0,
BJucG57AySFHa3X12cRJ6Spxny7wbhCwqaKR9aAovLit,1787067765917990,1,1,0,True,True,FULLY_PRICED_5M,True,True,0,
41Pxett2qtePRmrGNFp3Mvdz2mCdR1uSSx4T8bTJpump,1787067763356994,2,2,0,True,True,FULLY_PRICED_5M,True,True,0,
A9cGGvsCtwP1Z8AV3CR6bT6PvxvY3sMQRn3CBKUupump,1787067760729497,25,25,0,True,True,FULLY_PRICED_5M,True,True,0,
7pB2ygzC2jLmtNhUrtpacjZadKsMc31uAqSBPSUJpump,1787067758735497,10,10,0,True,True,FULLY_PRICED_5M,True,True,0,
GbuL4t4UuBQiFbwQJVA9fh145jt2iU7YwhLhCXAfpump,1787067751050171,1,1,0,True,True,FULLY_PRICED_5M,True,True,0,
Agei7pARZvgo8LPfdArTkD3oNYrVwix5tn4pQTK4pump,1787067748583557,1,1,0,True,True,FULLY_PRICED_5M,True,True,0,
4rGwxqhKEYmxes5XU9huLSihFfDKGRbo4a7d5zgKpump,1787067748562558,15,15,0,True,True,FULLY_PRICED_5M,True,True,0,
76RHWtajnS5FBtwtQEnBi71f1W1v9nub4JpHQjaXvgB9,1787067748517557,1,1,0,True,True,FULLY_PRICED_5M,True,True,0,
8toLVgmghJrhTc6vzQdPKMfArLuFrkwZ1Q3xhQBypump,1787067746124141,2,2,0,True,True,FULLY_PRICED_5M,True,True,0,
4d4y9LACvT8nKDxnz7itmovFBuVBF7vQxVkUMM17pump,1787067743564142,4,4,0,True,True,FULLY_PRICED_5M,True,True,0,
4qURVyMjY496svYwCA2mDG3cqN8o6c3k58o6gZkspump,1787067743562141,2,2,0,True,True,FULLY_PRICED_5M,True,True,0,
A4itGqnUoDX2P2AKNpM5eLaipwJvtLBkJRgTbkBrpump,1787067741631308,5,5,0,True,True,FULLY_PRICED_5M,True,True,0,
B5La77wcHinBjMo3cFJkvEgEWkM3SjxwFzvFZ2bapump,1787067741586305,1,1,0,True,True,FULLY_PRICED_5M,True,True,0,
6xefuyAvqgSAV5bgG28p9Ud3FhMTXqqD9Bn3onw5pump,1787067739013430,1,1,0,True,True,FULLY_PRICED_5M,True,True,0,
9yf7vWM1UYiJtXFw1QQo8jgDxFcYG4TKd9HfWmh7pump,1787067736536858,10,10,0,True,True,FULLY_PRICED_5M,True,True,0,
Cgq1SovkYAdZkLw1nac9uN8ATMmjTR5zVL6e13MGpump,1787067736519859,7,7,0,True,True,FULLY_PRICED_5M,True,True,0,
JDZr1xg5Ek4bYnfF4NqpjK6tb28AEmARDT9ozwJzX6U7,1787067728820523,1,1,0,True,True,FULLY_PRICED_5M,True,True,0,
7aGdbu4MmedPASNYq2ySUeP7aaQHJaLUs8bSuNYWytS5,1787067723673344,1,1,0,True,True,FULLY_PRICED_5M,True,True,0,
8m8dxnAQWew8FFCGZXzDpgmMLytMPrcED7qNA8NPpump,1787067720721685,6,6,0,True,True,FULLY_PRICED_5M,True,True,0,
DMhj3AA1fenHBkgM1ZTEwUrB4KkjqBLVVPAASr3tpump,1787067720709683,6,6,0,True,True,FULLY_PRICED_5M,True,True,0,
ARQ6d1QAkadC7XCLvusJ9YXArTNRKYB8xhd9YDqbpump,1787067720656688,21,21,0,True,True,FULLY_PRICED_5M,True,True,0,
BhBSS1D7Mvz5RpKui98aejqjT1Zwe7zKihiD3Cy9jvr6,1787067717801858,1,1,0,True,True,FULLY_PRICED_5M,True,True,0,
CjYxPdUeDqkbRzD65YHyTuQVFPuUHEennS5X2Eftpump,1787067715280203,4,0,4,False,False,NO_PRICED_TRADES_5M,False,False,0,VIRTUAL_SOL_NONPOSITIVE
GjQbbyQQmom8LRZbcMDw9msYA9NgBmMK3ugxj9Y6pump,1787067710710562,1,1,0,True,True,FULLY_PRICED_5M,True,True,0,
5gESZz7SUtzQZM7Sy4VYXEPxsfwaSa5ehAyAz44Fpump,1787067710709566,1,1,0,True,True,FULLY_PRICED_5M,True,True,0,
GBzQa36RWDHtQcMsnQcb1S6vWwJtJmB1tdtPeRyppump,1787067705729266,1,1,0,True,True,FULLY_PRICED_5M,True,True,0,
71QaCoPdxETJY6wkLYteF9HH2y7nBo3vyMkDdPt2usts,1787067701381151,1,1,0,True,True,FULLY_PRICED_5M,True,True,0,
8kGvSuZuEuUv9R88fnpEqB1JqFSN7hxQZ6MF1FNPpump,1787067701374148,2,2,0,True,True,FULLY_PRICED_5M,True,True,0,
D7ZGxqDmRJhpCT34nAuGX5e7nEbjpuj5Crn7wMiCpump,1787067696434756,13,13,0,True,True,FULLY_PRICED_5M,True,True,0,
r2GcRQMgyCGQfpp1hw6uHNEk8qABHitS9MSwSkbpump,1787067691758045,5,5,0,True,True,FULLY_PRICED_5M,True,True,0,
6B8cTehoFnmfkC4EQM9DAsbqUHM6AchqQ4Pz6hiVpump,1787067689296923,3,3,0,True,True,FULLY_PRICED_5M,True,True,0,
CVV9ySvTvrnMfzH2KiKTkfwHrNCcBefXrqCGJT9Lpump,1787067686645310,69,69,0,True,True,FULLY_PRICED_5M,True,True,0,
2gPyHUZzpcAuaqsYFxiFnJUq1zj38ph62X5ZuAwtpump,1787067686641310,1,1,0,True,True,FULLY_PRICED_5M,True,True,0,
5sSQgA9P1NtBuNYgbbKW745ZuojFczBQtLQAhSrWpump,1787067676499507,23,23,0,True,True,FULLY_PRICED_5M,True,True,0,
4JrJFVhPMrMWQpyjeKKVoZ2BrSZCCwr7CNvg9h7Spump,1787067676491508,6,0,6,False,False,NO_PRICED_TRADES_5M,False,False,0,VIRTUAL_SOL_NONPOSITIVE
4Xg9qDuEP1vMEwqMr2yWo92Yn9a7xZu5BNQBbXVfpump,1787067674038971,19,19,0,True,True,FULLY_PRICED_5M,True,True,0,
FthMtG5G3GcEGzdXhqoHF4wtEFmuGhX2UXjxAEjLpump,1787067671658139,6,6,0,True,True,FULLY_PRICED_5M,True,True,0,
9fKLURC9ff2Yycw854Us85nasp4WT6j7hUN2DCN2pump,1787067669138139,17,17,0,True,True,FULLY_PRICED_5M,True,True,0,
7nNBnzA3v3fQhczBbtXpJhTnMe7ic5qQzpGxZyU4pump,1787067669125136,36,36,0,True,True,FULLY_PRICED_5M,True,True,0,
7sYJmusBDnRXTcTzHVmoHE1TWA7kQ364pjvsY7Y6k1bL,1787067669115134,8,8,0,True,True,FULLY_PRICED_5M,True,True,0,
HQZmUCrpzhnCjVQin6CTZvxEsXqVMstp2WpYL4KTpump,1787067669101139,5,5,0,True,True,FULLY_PRICED_5M,True,True,0,
fHd5P1Yq5ZmtJ9uQ5ADdXkuT9oq6UW6vYmPibcypump,1787067667089821,3,3,0,True,True,FULLY_PRICED_5M,True,True,0,
BwzaQ1ABdHzmsen9c5armc3n2kYcSYFCac3F1gx2pump,1787067667061819,19,19,0,True,True,FULLY_PRICED_5M,True,True,0,
E8KEJ8AVGHfsUgENLmx2YZALPmsJE1oicmH46zg2GRTb,1787067667059815,24,24,0,True,True,FULLY_PRICED_5M,True,True,0,
B9X7e2TqUA2f4dWgtwj3fHiaqNEe3FaBig3PvUULpump,1787067662221686,1,1,0,True,True,FULLY_PRICED_5M,True,True,0,
7CwWt1RhKZRx4jvwNsTNTbpSQeA8Q44tFzabxwAhpump,1787067659635423,1,1,0,True,True,FULLY_PRICED_5M,True,True,0,
DmFY3VXpqg1WD88p8Y5g1Qp8V48nENsFhEADYyYpe5RG,1787067659627426,1,1,0,True,True,FULLY_PRICED_5M,True,True,0,
3UmWfSZtfE8CcAM2BLXRmJMiepFtoBLAvJN3E8Wipump,1787067659610427,5,5,0,True,True,FULLY_PRICED_5M,True,True,0,
CmqzoCbVQz8RcKAYXAZy1YZ6e5QPJrDbH4agr4RmTVxr,1787067652088940,1,1,0,True,True,FULLY_PRICED_5M,True,True,0,
4UBh45eUb3vP3EpiuALHsAugQtmmreJJMBXyBGNCpump,1787067646467898,1,1,0,True,True,FULLY_PRICED_5M,True,True,0,
o8cP38GZGcW9rrk4THZEF7nKjA6YbCZagpcU7LApump,1787067641597015,5,5,0,True,True,FULLY_PRICED_5M,True,True,0,
4msGCouoxxcsBM7PRXKv52TTkDPkV2Ff2xe1raQ7pump,1787067639112545,40,40,0,True,True,FULLY_PRICED_5M,True,True,0,
5BgoY2aJVCVQ7WtxiBvebkYjqJvxdP55uUZPhpPQpump,1787067639049543,1,1,0,True,True,FULLY_PRICED_5M,True,True,0,
FfvRkchaAj1Uod6991bEBVPTPeY72Hujsq9YSmqupump,1787067636480547,5,0,5,False,False,NO_PRICED_TRADES_5M,False,False,0,VIRTUAL_SOL_NONPOSITIVE
uz6MPZVczDgvvqQtoxALk3QC9893m5SjPAcTv6Rpump,1787067633931266,6,6,0,True,True,FULLY_PRICED_5M,True,True,0,
52GEyASdkpFAPJjRzuLJeYM57nr4ivf4cvG6pMLCjPdr,1787067631456010,6,6,0,True,True,FULLY_PRICED_5M,True,True,0,
BEzxsHEdfs5joU9SWpNo8qL7p4UHb8ZtJBbs57Jppump,1787067624325030,29,29,0,True,True,FULLY_PRICED_5M,True,True,0,
FzV9aEQpdohzram1Ttd2MeQd2L9X1cH9by2LEUYppump,1787067616530771,2,0,2,False,False,NO_PRICED_TRADES_5M,False,False,0,VIRTUAL_SOL_NONPOSITIVE
GQ1SNHteYB7sQwab4Bcz8SNzXSzJvj2tWmsE6H4mpump,1787067609344256,2,2,0,True,True,FULLY_PRICED_5M,True,True,0,
ESCwYG8b7sJsRsUNi9u9aLbAS2gvGvDvmeD3G6WXpump,1787067609312255,1,1,0,True,True,FULLY_PRICED_5M,True,True,0,
AwZNrUSNtqryPDS34GakzmxotYhrPRdKr99jK56Lpump,1787067609296256,2,2,0,True,True,FULLY_PRICED_5M,True,True,0,
6wBC7wdj9momvYSNGUByQbqbLgfpry1AX42XR2Cmpump,1787067604252566,1,1,0,True,True,FULLY_PRICED_5M,True,True,0,
Dbk2RaQbxq9Z9jvuTjwGvj8CHWffag9y9BBzCbLrpump,1787067604225564,2,2,0,True,True,FULLY_PRICED_5M,True,True,0,
7Lh1xeoPEEFe9izWfKGbzmL8A2cunj1nza9FfcRcpump,1787067597307346,1,1,0,True,True,FULLY_PRICED_5M,True,True,0,
2Jzrq2qEXJkkBTckPNuvF5EDbRYFF17dUxKuUqjppump,1787067594799511,3,3,0,True,True,FULLY_PRICED_5M,True,True,0,
99FvPEm2zoNfVM2XK77Dp8mxaCdEKwoPhR1LK7tdpump,1787067592609978,1,1,0,True,True,FULLY_PRICED_5M,True,True,0,
4TPzh7JnybSbqS5Tcv71EFAvzS79zuEjbCZyA6Rbpump,1787067582159605,19,19,0,True,True,FULLY_PRICED_5M,True,True,0,
7LvaootnkeBBj15Er5u4ARSmupXDgGGupeZBJwoEqdbD,1787067577619106,3,3,0,True,True,FULLY_PRICED_5M,True,True,0,
HUxMtwnKnLHR1Sknw3JbSV89PxFWSsY6w3HqMvo8pump,1787067577536111,118,118,0,True,True,FULLY_PRICED_5M,True,True,0,
9Pss4uSU4HsE9unHjkGer8zLqmnmfoa3n48DaiEPpump,1787067577534108,11,11,0,True,True,FULLY_PRICED_5M,True,True,0,
9pCSNt3B7prJC4WnJjso4c5Z6XwwgxmJUZSiUNfrERfq,1787067577529107,6,6,0,True,True,FULLY_PRICED_5M,True,True,0,
7AB6VuvEb1fD6D78kLRpnXmb8GV4uVYmJi6W756tpump,1787067577504107,44,44,0,True,True,FULLY_PRICED_5M,True,True,0,
FwhqFNUAZLbxJw2WReYjDW1EizbkoDD1ht8SqdCnJ33Z,1787067572419686,1,1,0,True,True,FULLY_PRICED_5M,True,True,0,
Fmu6jxFZPnTvuaHbDsgpC9QnsFtHrHyCuyyHKwfcpump,1787067572394635,3,3,0,True,True,FULLY_PRICED_5M,True,True,0,
DCDGWYao5XtfujmbkXcehLAKqbfwpesCTnonwqJHpump,1787067565040584,1,1,0,True,True,FULLY_PRICED_5M,True,True,0,
3FKWaozoxMm2jchGM6wSYBa23xV1PY8AzHEsCmY5pump,1787067562559981,9,9,0,True,True,FULLY_PRICED_5M,True,True,0,
Aq6J9MnSQu6uoRMuS8ZCBn8uzJYVpzErsgs7B9Bfpump,1787067554773061,1,1,0,True,True,FULLY_PRICED_5M,True,True,0,
mZopQ7HZq6thPxMPSYkQcg5wq2WBBoP7MWSFLVcpump,1787067552083513,5,5,0,True,True,FULLY_PRICED_5M,True,True,0,
2xHL1VG1dGv2QrcZTjJE9mL1N2iUNbUKcUgY74eZ5moQ,1787067549809053,1,1,0,True,True,FULLY_PRICED_5M,True,True,0,
81q4dUfVpmbWUwA8HNpw1wfqLYYLdWRjqGuPGXNZpump,1787067549776053,2,2,0,True,True,FULLY_PRICED_5M,True,True,0,
3KvXkvvfk4UzkWsGdbEXTw1p9xqWeA2nVsxXcCgnpump,1787067549718053,16,16,0,True,True,FULLY_PRICED_5M,True,True,0,
fn2t1DdVXhNtBZ9nwK87UTDwVAb6ERZ3KxTLBjDpump,1787067547285025,7,7,0,True,True,FULLY_PRICED_5M,True,True,0,
rPuCTyn8NwEPr9Q919AV4jrP1Wk2H2Xf9Z41RTrpump,1787067544868068,1,1,0,True,True,FULLY_PRICED_5M,True,True,0,
3cdXzPaGPotGhcdgfmXRwmu5BedGjCv3TsCafCMNpump,1787067544853257,1,1,0,True,True,FULLY_PRICED_5M,True,True,0,
5yuieKvo8oVP8dwZLLy78D47wDNKLNyAcf7UYpg3pump,1787067537257529,4,4,0,True,True,FULLY_PRICED_5M,True,True,0,
BuQsCw5eNFJ2vVJ4GoG5Pa2y52avZbYHEduarBSvpump,1787067537239529,3,3,0,True,True,FULLY_PRICED_5M,True,True,0,
APbodr7wfdFfQvekNpyxyVrWBBkuPQpjDigXUwFzpump,1787067528686710,5,5,0,True,True,FULLY_PRICED_5M,True,True,0,
HjEApW494j7ekfSmG6GvsJMuupuJUG77KzP8vmTQg3wX,1787067523634573,3,3,0,True,True,FULLY_PRICED_5M,True,True,0,
BnCn7DeNaGvRH8cbUHUeeq5BQdw41uXhK4dDATmypump,1787067515761288,4,4,0,True,True,FULLY_PRICED_5M,True,True,0,
5oWgTWpjmhCNrkUQ6LC7hQMAEA2r1uUi5DCopAehpump,1787067510958525,1,1,0,True,True,FULLY_PRICED_5M,True,True,0,
3qik1b57uXP8udgTaL22Bm3BozMnsQXuuymcUk7Kpump,1787067510914520,56,56,0,True,True,FULLY_PRICED_5M,True,True,0,
4ux7tX3e9QHqRhsxDX71NeW2LNPaoyWHokmRcijopump,1787067508414525,2,2,0,True,True,FULLY_PRICED_5M,True,True,0,
AjJNhp2GTCF8W3KzqrYYNKkBHWnMMGXXZwKwPSzpump,1787067503465248,1,1,0,True,True,FULLY_PRICED_5M,True,True,0,
BjwT5xmJZxhVBAZWJMEU9FMKjEBhurDnFvfyL266umY,1787067498487623,1,1,0,True,True,FULLY_PRICED_5M,True,True,0,
3NFWTfCv9rrhyzpr1azFZyiNLTipQS2DAM9CayWnpump,1787067498444623,8,8,0,True,True,FULLY_PRICED_5M,True,True,0,
9PM3iczyK5oZ8W6SkWCSqvXZUAwpKFXJ8rfNeFsWpump,1787067495953250,2,2,0,True,True,FULLY_PRICED_5M,True,True,0,
Dod9AqMyrXpVoqToy15ZQ6hVQmWQ8JbLKLbHX2FZpump,1787067493415250,2,2,0,True,True,FULLY_PRICED_5M,True,True,0,
FtEo2Mq6QMEbmwSzMwDGSKU7KswMtRPWzDtBF9veNmg8,1787067491629478,2,2,0,True,True,FULLY_PRICED_5M,True,True,0,
HmqRd111tGEDxfPbe9FVzCR8tGq1XjYKs1omG9F5pump,1787067491590477,8,0,8,False,False,NO_PRICED_TRADES_5M,False,False,0,VIRTUAL_SOL_NONPOSITIVE
B4UrMjg6xT27DH65f2p9YZzGMaaJaqvr1uLeLa4apump,1787067491440475,21,21,0,True,True,FULLY_PRICED_5M,True,True,0,
39BJyCMMdYfwr16Af4ZFSvKWLX42nYvM6Pygckfepump,1787067491410476,16,16,0,True,True,FULLY_PRICED_5M,True,True,0,
3TBYwMiixnUyK6Syu4BL54C38FX3cdWoJUBwqcjtpump,1787067491402477,2,2,0,True,True,FULLY_PRICED_5M,True,True,0,
7dixrwoNuWSXRpCCwAwAwiRpFTocDQk3aDEYWL9epump,1787067491401478,33,33,0,True,True,FULLY_PRICED_5M,True,True,0,
xXsELM4GLu7X4Mmvw2SR4rtieZ3yafncbMuq5KFpump,1787067486646778,1,1,0,True,True,FULLY_PRICED_5M,True,True,0,
9ksV5XdWJ6QhexGo7q8B8rPqE4FfCYJ9oiUWh1sHpump,1787067482073355,1,1,0,True,True,FULLY_PRICED_5M,True,True,0,
U6KfpGk7wJouDwCdCbro5AwfP9T21BPLu7AjYK7pump,1787067479661208,3,3,0,True,True,FULLY_PRICED_5M,True,True,0,
5gEWPDvExPWtghyn8dS2PSwh67ghTSE5Y5ccSZZYpump,1787067467172201,45,45,0,True,True,FULLY_PRICED_5M,True,True,0,
3kEks6uwadwDRcqXAXGPJ3mw5LDvk9ZpxhWhu4hrWipe,1787067467118200,7,7,0,True,True,FULLY_PRICED_5M,True,True,0,
ETRAxfGxcGBBJR7MPVY5zjDKpS9JMRn8pDpRnNbBpump,1787067454342311,18,18,0,True,True,FULLY_PRICED_5M,True,True,0,
7mYAhgYi7EReRQkKnMSXa91VrsrPWMtdpLwXw6r3pump,1787067449251597,7,7,0,True,True,FULLY_PRICED_5M,True,True,0,
AXbLANzLRti8ZutcrTdx9vmkf7YXcR4YMoC647hdpump,1787067446811468,7,7,0,True,True,FULLY_PRICED_5M,True,True,0,
9RXTD6BZY5B8HmjAb1nuYNVR6PLynX4BFeM8SCKApump,1787067446765467,1,1,0,True,True,FULLY_PRICED_5M,True,True,0,
HJmenWneNHJps98VnRjZxeFnvZj1265x5bLYhyoZ1vAc,1787067444982471,5,5,0,True,True,FULLY_PRICED_5M,True,True,0,
32jvHqpDyLuvvjNktrDAu4KEytM5SwriYQrn1Wgxpump,1787067444753467,16,16,0,True,True,FULLY_PRICED_5M,True,True,0,
H8T4y2arTEP7caSiDrBDBS21QuXqVpvvEXa8jq71pump,1787067444744472,1,1,0,True,True,FULLY_PRICED_5M,True,True,0,
75f9bRL7zHvNPCgmF3rpamVLxLhq65hdqJsQjuvhAcvV,1787067437931129,7,7,0,True,True,FULLY_PRICED_5M,True,True,0,
9YGHuJEXm1XwTpBY2wPjfZ6rrJnKWzjF9TkTUW6Vpump,1787067437863411,1,1,0,True,True,FULLY_PRICED_5M,True,True,0,
Cm5bWbdGBpfZe1XiVuRGu6xWjH9RVpn5DnJrNuChpump,1787067435357744,1,1,0,True,True,FULLY_PRICED_5M,True,True,0,
Xwvk1rEgkkUUynkYemnF4dgEo7T3AEWarK2bbLQpump,1787067435355747,1,1,0,True,True,FULLY_PRICED_5M,True,True,0,
CUNXetgpQEFAGjcJt92CWKqD7dawro4tofixAzSGpump,1787067427884409,22,22,0,True,True,FULLY_PRICED_5M,True,True,0,
3P7tpokHkNLMWYx6pDRuHx34gCf5vMsm7ZXZurH3pump,1787067418771334,10,10,0,True,True,FULLY_PRICED_5M,True,True,0,
5tCbb94AoFWpyv7CWGXi5uosWZcWzHkGZVNYXDd2pump,1787067418701338,1,1,0,True,True,FULLY_PRICED_5M,True,True,0,
GQboHuWGCWyc8AfzXTygDAsc46zBa76S9PvPnGQppump,1787067408521159,7,7,0,True,True,FULLY_PRICED_5M,True,True,0,
AwgKTAZyha9nZMrutB6RBNNS9VABGyETb6pubeW3oqzk,1787067408472160,2,2,0,True,True,FULLY_PRICED_5M,True,True,0,
DHjN3WHvp53BWLwBb2u8BBEM2stgYATjZun4zKUqpump,1787067408420159,1,1,0,True,True,FULLY_PRICED_5M,True,True,0,
FQRLGs7o49AaRtpg7hjUv9TWaDc7bxnWve6NgeSVpump,1787067406030612,7,0,7,False,False,NO_PRICED_TRADES_5M,False,False,0,VIRTUAL_SOL_NONPOSITIVE
ENeKa7sUx16jrygnKao43Ke3CzdvpiZcoLZDM19Di4eq,1787067405989096,2,2,0,True,True,FULLY_PRICED_5M,True,True,0,
HNxui9amdoxYwoF9TUNgimza1Yaa1FoHjZGoiyBwpump,1787067401020076,2,2,0,True,True,FULLY_PRICED_5M,True,True,0,
NpMgggqz9PrvLhYJR7sRkc1mMWrK5KnzaMZh8kUpump,1787067401019075,50,50,0,True,True,FULLY_PRICED_5M,True,True,0,
CmSntwyVh9roxNKuwpkUUjxWngMYwPRzc5Li9oq6pump,1787067398410196,3,3,0,True,True,FULLY_PRICED_5M,True,True,0,
Grawwa5aFYAZ61zD8JojvdCnpQRr7JRwbEDPQNXxpump,1787067398383199,29,29,0,True,True,FULLY_PRICED_5M,True,True,0,
24qHNPpJmLox4sktTFgzQhwRFGqWqSvJfxJSvP5Upump,1787067398377196,2,2,0,True,True,FULLY_PRICED_5M,True,True,0,
8ReQW4fgjjU8eZhb8yWhmfQF2mytxPxgUNC3Ja1Gpump,1787067391348823,7,7,0,True,True,FULLY_PRICED_5M,True,True,0,
5uZ4zLkVW5cP81KjWBE8eGAg67L3GoEj3dXzSnwepump,1787067381539426,1,1,0,True,True,FULLY_PRICED_5M,True,True,0,
5pGctmFtTSzmPU8tSDB74zCJtPHbEWy2x4aqW4b4pump,1787067372129232,1,1,0,True,True,FULLY_PRICED_5M,True,True,0,
6q4aYKL8HTqdcVzUtupcBiTSBYFPa6wzRaH57VU3pump,1787067369741714,2,2,0,True,True,FULLY_PRICED_5M,True,True,0,
BtRAgpShx9tSXDDT5opkoDQ6T4tTf1rnJW7dSCCNpump,1787067362552483,4,4,0,True,True,FULLY_PRICED_5M,True,True,0,
DLB5PcsEXrnWsmXH86D62QnmLrvUdzbHSzRzhf1cpump,1787067351969658,2,2,0,True,True,FULLY_PRICED_5M,True,True,0,
Bkd5fhUHJpu6kXAacWVibfH6FRYPJmuPiFmy8umupump,1787067351964654,5,5,0,True,True,FULLY_PRICED_5M,True,True,0,
B5b9RdYxMK4sX7m58CVvYQt5VQsvevU36fE7CCz3pump,1787067349830368,3,3,0,True,True,FULLY_PRICED_5M,True,True,0,
8HY4raCAFbScjr1JpAiuCUeJVQPbwwCvvH1o1fuipump,1787067349777367,17,17,0,True,True,FULLY_PRICED_5M,True,True,0,
8wTX864ew6EUmzU6RNxxWgQ3UyJA5w8gd1GgQDC3pump,1787067349755369,107,107,0,True,True,FULLY_PRICED_5M,True,True,0,
82WdU57Xa3FaWFX6wKq86VYTLxbi2V8onKVkNJqepump,1787067345081419,1,1,0,True,True,FULLY_PRICED_5M,True,True,0,
6bh47LV9yxutwdNpsUxvJXgMLxWDCFeua5T8q4Wypump,1787067345070418,1,1,0,True,True,FULLY_PRICED_5M,True,True,0,
2C7fvHayPvAcWsSXbqU1R71epx2zLDwQAZoGVC3R9Mar,1787067342585068,2,2,0,True,True,FULLY_PRICED_5M,True,True,0,
BkJk5KcyFDe7GgjAVZRGqPUudBAumn8CGhRdbjVBpump,1787067340510520,1,1,0,True,True,FULLY_PRICED_5M,True,True,0,
93HsZnsa9cuWWpUhfc8AJMctJTL4Ytpf56boVAwP7BoQ,1787067324536684,19,19,0,True,True,FULLY_PRICED_5M,True,True,0,
HuUbSwPKdp1cmtWjBW92tS8Rv4qiXF614LRowZ1Zpump,1787067321876710,5,5,0,True,True,FULLY_PRICED_5M,True,True,0,
7T88XSXmr7dNkphu1SgjUQAVjcsxceJ46ARRVrGcpump,1787067321873711,2,2,0,True,True,FULLY_PRICED_5M,True,True,0,
9Ubo1GEsw7jR8vxQq1zc6MYk3s6WuHPa933ZzSggpump,1787067316715033,27,27,0,True,True,FULLY_PRICED_5M,True,True,0,
2hBFV1CuU2uQ5BA8iJh2HWT7kNQMHW7bNPU1tLJipump,1787067312109985,139,139,0,True,True,FULLY_PRICED_5M,True,True,0,
7HZYVv5aAp6LKdA48rfdu3UWNJBQ7vjwMgHHojbspump,1787067312077738,1,1,0,True,True,FULLY_PRICED_5M,True,True,0,
aw47Q7uuzZErT42v4u987GGKa2XLZWdniQMBoPUpump,1787067309413209,2,2,0,True,True,FULLY_PRICED_5M,True,True,0,
2gWYMkU6UtW8fNCCWeSs585xL4dcfuhgUFj2EiLSpump,1787067307207376,4,4,0,True,True,FULLY_PRICED_5M,True,True,0,
6vmcnkcF12CrFgnztEE18Hr5p8Sb4zL2S13mDM4mpump,1787067307182372,1,1,0,True,True,FULLY_PRICED_5M,True,True,0,
4DV96r1Knn4snRBSudzXqt16qyNWbKsWd5zHqBdzpump,1787067304476455,9,0,9,False,False,NO_PRICED_TRADES_5M,False,False,0,VIRTUAL_SOL_NONPOSITIVE
2BRi28Sem2iDQexhAisj7AFvE49xNV4VXLAZPdw8pump,1787067302281947,7,7,0,True,True,FULLY_PRICED_5M,True,True,0,
9c1bfNonZwmPomLhqYDAopeUkSiS2JhQQFikGpccoj4,1787067302280948,10,10,0,True,True,FULLY_PRICED_5M,True,True,0,
2tSPc3aarJAu3NuXoWESTYC6jZq3SwnxB3MP5sJwpump,1787067302262943,3,3,0,True,True,FULLY_PRICED_5M,True,True,0,
24qGhPYDfZGWUvfVe29DTKzPczBXqXN8qAzgQrD2pump,1787067302249944,12,12,0,True,True,FULLY_PRICED_5M,True,True,0,
8UcDEmzqT5ZC6Fjch21EXE1gnAuTGGPJrYJBugqpump,1787067302103948,8,8,0,True,True,FULLY_PRICED_5M,True,True,0,
8uDqU8BcdGcSnNaQAbFE262RCvXiNghHgrShRPjypump,1787067294613746,1,1,0,True,True,FULLY_PRICED_5M,True,True,0,
AzMrfHapYFAQpbwZjZpfpkQFyUnSYfKJnwGk5eBwpump,1787067289858659,1,1,0,True,True,FULLY_PRICED_5M,True,True,0,
BbzX7rFxXNKgPvbKXpmuMwdtKyJDo1Av4J9GcCpNzTSh,1787067284810036,1,1,0,True,True,FULLY_PRICED_5M,True,True,0,
2SfHDNT6ReUjyZdXUkL4MNMkrsR38d3f7dRnYmfxpump,1787067270534792,3,3,0,True,True,FULLY_PRICED_5M,True,True,0,
4d2ssJ1nKqGDdFt3FSPp2bNGK22YqqtjqP4qAG7Vpump,1787067268039125,21,21,0,True,True,FULLY_PRICED_5M,True,True,0,
4UBtJfagWvAHMRY2iXwBZPu9YocGsHET1dHg8Abupump,1787067265564279,1,1,0,True,True,FULLY_PRICED_5M,True,True,0,
FR92hfRWJ3RYqHMX8KKzWdn5vDjZCzaHrLxCxN6pump,1787067265533777,1,1,0,True,True,FULLY_PRICED_5M,True,True,0,
Q3MrnbeUYRHXrEYLafCC1HpEZLAXWcZpGFw8CAUpump,1787067263025776,5,5,0,True,True,FULLY_PRICED_5M,True,True,0,
2BQRTS9oQ3JaVVWuL8v2pV81iBxHU9DzLgMhHHufpump,1787067260421839,20,20,0,True,True,FULLY_PRICED_5M,True,True,0,
24rW98Uz2Zr2hZmZp7GtTf3GtP7dffdp3uHUB64ipump,1787067260417840,1,1,0,True,True,FULLY_PRICED_5M,True,True,0,
2qCH7WcwQPDyZG6UuoWTvH9TpJF2kAbFVWTBw8UApump,1787067260379837,10,10,0,True,True,FULLY_PRICED_5M,True,True,0,
649bNgey6AhHLFKfwFhzULGXb8j8H2eMKSyjD1dPpump,1787067260365838,47,47,0,True,True,FULLY_PRICED_5M,True,True,0,
F9gTN1fvAWtCJ4VamJ9iBDxMQREd5dQnNHEMfhkhpump,1787067255959194,1,1,0,True,True,FULLY_PRICED_5M,True,True,0,
FiS7zabVW9RG873aMEYtbo942GH3gvnD2jTpdam4pump,1787067243272719,2,2,0,True,True,FULLY_PRICED_5M,True,True,0,
H7d3QZfLp5S5Hnh2tqahCfFHsbtQkA5j8o1CXiCepump,1787067241422130,31,31,0,True,True,FULLY_PRICED_5M,True,True,0,
EYAjw12tJRDxfNhqJwzja1HozYyWkhAGK2h2dkymAWqN,1787067238822474,1,1,0,True,True,FULLY_PRICED_5M,True,True,0,
6dQHm1D4S8FEeNMVtNBPqQyyyTksMVh2j8tJg3d7pump,1787067236281476,9,9,0,True,True,FULLY_PRICED_5M,True,True,0,
Ee5Dmi3AkoYu8NxsCMXm1qUGHnqirmPPNsW6y5cUpump,1787067219813999,37,37,0,True,True,FULLY_PRICED_5M,True,True,0,
BtscEaXC87G6pHwH3QxBqcMGtGDdkXVsqt1bZZfLpump,1787067217404606,3,3,0,True,True,FULLY_PRICED_5M,True,True,0,
34JfuX29R59aZFMsB1URSvpUQQzTZAvXPAFrn287pump,1787067217254610,4,4,0,True,True,FULLY_PRICED_5M,True,True,0,
4n43YzVNP63FE1eBiCEmodFfgVV7eX6Jxttnh5y1pump,1787067214751218,1,1,0,True,True,FULLY_PRICED_5M,True,True,0,
EPv8hF1Xv7gmYFHoYdFbqQm5rFqpEHC9emNTBp4spump,1787067209811527,66,66,0,True,True,FULLY_PRICED_5M,True,True,0,
53DwCjCUj2tppgNcdEPFjpkHEzjRKVGZBvbpG4HBpump,1787067207944256,2,2,0,True,True,FULLY_PRICED_5M,True,True,0,
7dVfPAwXPznaPG4xTViiSGGL71ZsVRwzwx2Gk1sBpump,1787067207913256,77,77,0,True,True,FULLY_PRICED_5M,True,True,0,
EN7FkrWk4fnWEWkmcM273vb3juRrm19j5ZiKrQDfpump,1787067196214525,5,5,0,True,True,FULLY_PRICED_5M,True,True,0,
D1EPncVwZWvmUGr3JUggpvtaGGcL5vkwcY86hq8bpump,1787067193558686,3,3,0,True,True,FULLY_PRICED_5M,True,True,0,
4rFrJPdAWvBsuQ1dD3BMR4BcWn9PLWv8H1RmqZWopump,1787067193555682,1,1,0,True,True,FULLY_PRICED_5M,True,True,0,
HqqhRNTVaxc2QLf4YFpbcd5L3X1PudVQRn6za4Brpump,1787067190946286,1,1,0,True,True,FULLY_PRICED_5M,True,True,0,
F6iFoS3kzU2YsWEbY65fNUje9q6XZzQDccodFiGhpump,1787067188321206,1,0,1,False,False,NO_PRICED_TRADES_5M,False,False,0,VIRTUAL_SOL_NONPOSITIVE
DT1r39PrAzDJbRAQs25K62RY2f3AFmaiBetAE3GRpump,1787067183498393,2,2,0,True,True,FULLY_PRICED_5M,True,True,0,
G1wxajaqbFyoMJRCYYNodSEpPS9JC4AagTRCHMXbpump,1787067178695023,7,7,0,True,True,FULLY_PRICED_5M,True,True,0,
GkXVsgHnTrswtYSNRNub7rC1NnnBosfHBuJ7FMjFpump,1787067176088132,10,10,0,True,True,FULLY_PRICED_5M,True,True,0,
DFXKTkX56krsTsuvTHraznCzje3eYwkgeC6dMhH4pump,1787067176084132,5,5,0,True,True,FULLY_PRICED_5M,True,True,0,
6KPEcaYSxTTdSS3tXGUfJVcTb4ejLgMXwyVFJNdxpump,1787067176071131,3,3,0,True,True,FULLY_PRICED_5M,True,True,0,
3ZwZARAm1vo5X6rjeKSfBppf1vVffB2QEPihFBe9pump,1787067169077452,31,31,0,True,True,FULLY_PRICED_5M,True,True,0,
4hEry1diNttMascjvENmGtYfeM7a5SNipxNzzZSfpump,1787067169047946,14,14,0,True,True,FULLY_PRICED_5M,True,True,0,
EFXggRGzgymzaQvR4XJshDFbttiKKshSTCmjKNLXpump,1787067166562944,1,1,0,True,True,FULLY_PRICED_5M,True,True,0,
CnfkSP4rErzLvsW69nnW5xrRTMz32bUokNwLbWbTpump,1787067164114959,43,43,0,True,True,FULLY_PRICED_5M,True,True,0,
GuEs6KnSMjyDeVhZpjHwdb43CS3Hhi4cbJ6wexRuGxtp,1787067149620426,1,1,0,True,True,FULLY_PRICED_5M,True,True,0,
7JcJuvJbYSZGUgRUazRcN46MgYQD4mTPHbor4C35pump,1787067149614426,4,4,0,True,True,FULLY_PRICED_5M,True,True,0,
D1uHtZ6C1NjAsvoq2YXJjZFUzs7jZmqrNB8N8kR3xaZB,1787067128041093,1,1,0,True,True,FULLY_PRICED_5M,True,True,0,
E5YZa1ad2YNj4QwdeGCvB6rqBRrK3KaoCdK8DbR2pump,1787067127982092,3,3,0,True,True,FULLY_PRICED_5M,True,True,0,
7JTebRp9CUq4eX9YEbrPRCBHYyd78dDx7jN2Eptzpump,1787067125543443,14,14,0,True,True,FULLY_PRICED_5M,True,True,0,
GvNjmvMrCdVpWsgGNNDDpPzQd1zUzQ1hEEr97886pump,1787067118764408,3,0,3,False,False,NO_PRICED_TRADES_5M,False,False,0,VIRTUAL_SOL_NONPOSITIVE
B9cvX9jEHSSafCj4v2keapUAE1MPXJSj5VCbsi68pump,1787067118760406,21,21,0,True,True,FULLY_PRICED_5M,True,True,0,
yJVXyF9u787WiqHxq9S6Y788F8bMf93Rf95WLQvpump,1787067118759406,1,1,0,True,True,FULLY_PRICED_5M,True,True,0,
4ciDskhdDgwgCEnCYhQWFqX6rmkbtZN4bB92JaWepump,1787067118757410,2,2,0,True,True,FULLY_PRICED_5M,True,True,0,
BYBLwwa8VrNRQRFntBnisZ6CfdjeMVnPoWfQg1DUpump,1787067118685410,14,14,0,True,True,FULLY_PRICED_5M,True,True,0,
EjuF4YqjQjDhFZQosfGEEuCPzVXBquT3y7fQR589pump,1787067116322001,3,3,0,True,True,FULLY_PRICED_5M,True,True,0,
8fnDDHEnLvZXJ5hsG9XtBNFNhaZYcA4dQUJS4Hhhpump,1787067116320005,3,3,0,True,True,FULLY_PRICED_5M,True,True,0,
EaV4PZ9EmZdSuE5tJoEMk4PuHrNXYJw6YQuSbmn9pump,1787067116270999,3,3,0,True,True,FULLY_PRICED_5M,True,True,0,
SWuEhLUfxXkaNizNXX6XxGYmWQ18kR2iK152o6Dpump,1787067116257000,1,1,0,True,True,FULLY_PRICED_5M,True,True,0,
J4qeEBd66j6aPgJJrMYpogzNY6qevGkUMJSSfQTHRYmD,1787067115130999,3,3,0,True,True,FULLY_PRICED_5M,True,True,0,
A5wY7z1QJ4dp58oS3H6Ce2CTJvhj5WsB6w7sYT5spump,1787067115117999,1,1,0,True,True,FULLY_PRICED_5M,True,True,0,
GKYBMq1HUW28oFQ92SKmDe5kbAPgFw9kS4PnyabXpump,1787067115112000,1,1,0,True,True,FULLY_PRICED_5M,True,True,0,
CTNNwYzBaQ5iTa7mQNW94DemHkdACYm1QRtweHz2pump,1787067108651158,2,2,0,True,True,FULLY_PRICED_5M,True,True,0,
4YmXgTJJJdJiKqWzRBARynps7fgvXERYBqNyvFqQpump,1787067106295426,8,8,0,True,True,FULLY_PRICED_5M,True,True,0,
EZVSfNGH9xZNZE3h8EkvJDMGn4Dbh6EpKQ6wuQGHQsyc,1787067097022518,1,1,0,True,True,FULLY_PRICED_5M,True,True,0,
7LaWMFwNW6uY5dh7Fn84HTeQxf1ARwY6JRBs18LTpump,1787067094772146,2,2,0,True,True,FULLY_PRICED_5M,True,True,0,
37tXzwcJjEQJgdvbxQXs3oSj4gZAi1mUwVzK85zFpump,1787067090518715,1,1,0,True,True,FULLY_PRICED_5M,True,True,0,
7r2PvWwvfwYZJTqg9QwDrxRaygLJeAAaRCefNYaMpump,1787067085604593,5,5,0,True,True,FULLY_PRICED_5M,True,True,0,
N3gFrAdr514LsJ77xKWqD5WEELK7NhScjspdieapump,1787067077945504,4,4,0,True,True,FULLY_PRICED_5M,True,True,0,
91Ee4Fv8jsS3UqxThUDh7xnRUmtqCz5gwa55ggb7pump,1787067075397502,4,4,0,True,True,FULLY_PRICED_5M,True,True,0,
Cd8ZdfW8LV4xWCxrxSMRtSZb6RLrnCinkr9w5GcKpump,1787067073047727,1,1,0,True,True,FULLY_PRICED_5M,True,True,0,
8u72xJAbLJmuCEyfGtDGB3UBidQyKGgaBQNm11NXXZCb,1787067073044725,26,26,0,True,True,FULLY_PRICED_5M,True,True,0,
AcmMcPNkUCWR7WDSewGz2y75NmetyG5Mnu2qayWoQzNR,1787067073000724,5,5,0,True,True,FULLY_PRICED_5M,True,True,0,
E5NqGL6LGEyiR5AKtAkZD4f8yZwfFMMFoAwCXZ6wpump,1787067070545123,5,5,0,True,True,FULLY_PRICED_5M,True,True,0,
8dfnXH1LauPjz5ndQj5p2ZQcFWQac8nmwmP1CHaezuT4,1787067070510122,1,1,0,True,True,FULLY_PRICED_5M,True,True,0,
Eb4we8nuaemqjufpBX3DJH2XcnhsTuYwafQnHePHpump,1787067068207704,27,27,0,True,True,FULLY_PRICED_5M,True,True,0,
5efUPKYcfhXiZJ8WhzVdinVyg7bHycqRT79pfjKDpump,1787067068183702,2,2,0,True,True,FULLY_PRICED_5M,True,True,0,
9wHmrR1JdbBy73KxYU5c9nsPmfu1ysQKtT7HhPvcpump,1787067068172703,29,29,0,True,True,FULLY_PRICED_5M,True,True,0,
7G6ff1XxpbDYuxMXNuvGLfB8GtJapM244KugEXv5pump,1787067066027665,4,0,4,False,False,NO_PRICED_TRADES_5M,False,False,0,VIRTUAL_SOL_NONPOSITIVE
C1xjCVMJD48AN7PbcGpAxzigfiLAZ2PtkRhChmWLpump,1787067065956665,2,2,0,True,True,FULLY_PRICED_5M,True,True,0,
6E3qf1yDnB6Fq3VdWHmqPZkGqUv6mydKgQUnc7pbpump,1787067053267815,1,1,0,True,True,FULLY_PRICED_5M,True,True,0,
GCZVabQrFB33Tixef8gB7anxiWV39FkWHujdjksGTG5g,1787067053180809,1,1,0,True,True,FULLY_PRICED_5M,True,True,0,
HTc42NzhwM7B1C2ksGkibyD8oPUwTmXy8VKkPdyvpump,1787067045687044,1,1,0,True,True,FULLY_PRICED_5M,True,True,0,
77XeKnSBH6acxoUiAcc1jeg6Cz2s6QwBZCKoVENipump,1787067043159536,4,4,0,True,True,FULLY_PRICED_5M,True,True,0,
Ahk6jNb4fogNVALVEp1xMxRxKiDfAU8DLyGNW73gpump,1787067043157539,1,1,0,True,True,FULLY_PRICED_5M,True,True,0,
frfhs959dE1uitwCedTRJ7E9jj6DhF7KxA4kxuUpump,1787067036392329,1,1,0,True,True,FULLY_PRICED_5M,True,True,0,
3w6jYgaUCWWtTaGryFpLCcbYuAspYXV87cgixcpPucsx,1787067036361330,1,1,0,True,True,FULLY_PRICED_5M,True,True,0,
GFkqjxVcHVnx3Nm2j2fTisdNpHidgfnHMTfkofkppump,1787067031671098,3,3,0,True,True,FULLY_PRICED_5M,True,True,0,
E9kUCLKmfBSpqDeJs8JB6F9BKYbzA6so3YBBZWf3pump,1787067029224062,2,0,2,False,False,NO_PRICED_TRADES_5M,False,False,0,VIRTUAL_SOL_NONPOSITIVE
DzYT1eefuQYQLsXRJQHz2ZqnyV8gGfVPPZGQgZ2pump,1787067029208062,1,1,0,True,True,FULLY_PRICED_5M,True,True,0,
D3yjGJTUNT5zL6YJcBijV7Tafdi24dWmH5hMmCc1pump,1787067026627017,1,1,0,True,True,FULLY_PRICED_5M,True,True,0,
Ha6b9UbnhZpqmmmtbrsVfe4Fvq96EtNUQYFjwf6Cpump,1787067021678534,7,7,0,True,True,FULLY_PRICED_5M,True,True,0,
7Rvh2hNvCNbDCLEUjCND589z71bqiqaBuHZeUfPmpump,1787067016665779,8,8,0,True,True,FULLY_PRICED_5M,True,True,0,
2p2NAvSH1d5cqBSa1TL8kNDj5rQAa7gnFG6XWG2qpump,1787067016653779,36,36,0,True,True,FULLY_PRICED_5M,True,True,0,
AVaaCatcBDHWvG5PPGKHeygwYPJaPcNVakFkT4Ubpump,1787067016646780,17,17,0,True,True,FULLY_PRICED_5M,True,True,0,
AbebtWFtKP7ASXWzT5jqmKFEXjySYCbZgxM6AeFWpump,1787067014099005,2,2,0,True,True,FULLY_PRICED_5M,True,True,0,
6L8ZFH9TJ7tPXP27oDwSpNE9W8t4oAe2vbgu7LBVpump,1787067013807998,16,16,0,True,True,FULLY_PRICED_5M,True,True,0,
EmjDymBhJz1hc3M91Cz6hPCjcoynHnWPfA5yABHpump,1787067013507999,2,2,0,True,True,FULLY_PRICED_5M,True,True,0,
3Xk2UHm6bBctTDJZ88Jp6PB1RtUkCKSbSJBnQRjKpump,1787066996902486,1,1,0,True,True,FULLY_PRICED_5M,True,True,0,
3mNdT2nBQy3Q6hwkySrTSanxUfwseiiDEH92YRVLpump,1787066992118681,9,9,0,True,True,FULLY_PRICED_5M,True,True,0,
Dt9YyyB7Gv2bEofZfFMvKjtApFsHktR6WAAQarrnpump,1787066987471772,1,1,0,True,True,FULLY_PRICED_5M,True,True,0,
2x634VQMncevfftxBE6GXTNotUDXTrb5kyhsXmtQpump,1787066985117160,1,1,0,True,True,FULLY_PRICED_5M,True,True,0,
915hYG7DcJRWmysQkuUhHBhB1KxpYsJoDVr5Qkm1pump,1787066985071171,1,1,0,True,True,FULLY_PRICED_5M,True,True,0,
9Wisw4jMZbjFw1t6QPaV8fk144WSC79r5LYKLuDzpump,1787066982666754,1,1,0,True,True,FULLY_PRICED_5M,True,True,0,
9uLWdp8EKbHR9gMD9WixzV7nnyUCEQApqmPrMDsDpump,1787066982657754,1,1,0,True,True,FULLY_PRICED_5M,True,True,0,
E9yDciN1TQWCfoVAasw4k1zAQccegP1MFKDbkCidpump,1787066980183277,1,1,0,True,True,FULLY_PRICED_5M,True,True,0,
3BMTVF7oesMrJkYWqRqWpmDQJQk3LJTMLiJktbrzpump,1787066975409298,1,1,0,True,True,FULLY_PRICED_5M,True,True,0,
4EwGJ8dFWtxQje6wRk4LN2JAJnZNQSB1sYetSbo1pump,1787066973068206,1,1,0,True,True,FULLY_PRICED_5M,True,True,0,
8mNWDG4etPaAW4sgo4CUkeczDN1fqgf8u5RYWsUdpump,1787066973044173,1,1,0,True,True,FULLY_PRICED_5M,True,True,0,
DFiJ39j6NCijGjKzbJD2bq1RnGLNZ5jMxPG9yhw5pump,1787066970554931,6,6,0,True,True,FULLY_PRICED_5M,True,True,0,
A984TxKww94Um8PeKacsE215nHny1Xbbgup683rFrgdM,1787066968201942,1,1,0,True,True,FULLY_PRICED_5M,True,True,0,
EMCXbZ4JtFgFfBNuoh4rf5LEaReP1emzPmxKU8t2pump,1787066965712942,2,2,0,True,True,FULLY_PRICED_5M,True,True,0,
B1joCxDHGxtzX5aRSnF5uGZWPzxNMVvxdkcHBPaRpump,1787066965700943,3,3,0,True,True,FULLY_PRICED_5M,True,True,0,
FTjc3JJPUutBcvVWzifJwUhtjhkcS1Yo6b8peX4npump,1787066965695942,12,12,0,True,True,FULLY_PRICED_5M,True,True,0,
6Zx8x6VnkPTnzu4omumc9ff9J9SpjAXmfEoXuaZhpump,1787066965679947,7,0,7,False,False,NO_PRICED_TRADES_5M,False,False,0,VIRTUAL_SOL_NONPOSITIVE
FY76MvafEKa43fv9BydmGWnwoF4E7Lh7D5DezWxQpump,1787066965675942,4,4,0,True,True,FULLY_PRICED_5M,True,True,0,
6wngz2Kvd6pxdW9eTp8mHoDyYv1LcDk4D5fxKNmE2uHi,1787066965667943,3,3,0,True,True,FULLY_PRICED_5M,True,True,0,
5Uzpvgy8swizaTG9UvV9etxVrUBLm2enYnfSgqfJpump,1787066963105898,23,23,0,True,True,FULLY_PRICED_5M,True,True,0,
3XGG4wbsMCC926LMzNqtjLRsvvYxyxffKCqopWWdpump,1787066963065896,24,24,0,True,True,FULLY_PRICED_5M,True,True,0,
EPfNaVs3dJ3wK33hVFPDCuFCaGJ5fPTYPD14sbhopump,1787066961210783,108,108,0,True,True,FULLY_PRICED_5M,True,True,0,
HsexDRQ2jUVtiWeN4aRJVhoV41s9aWLWTKJNeK76pump,1787066960863783,12,12,0,True,True,FULLY_PRICED_5M,True,True,0,
Fj8quYhxinaaXFLJTBQznFyzR9VjKF7PJBeqpNJTpump,1787066955070992,3,3,0,True,True,FULLY_PRICED_5M,True,True,0,
EK5GsjvgswVrQQ1fHRoNNS4fuAdchurDsZ5nZbrJpump,1787066952785957,3,3,0,True,True,FULLY_PRICED_5M,True,True,0,
FD5hVGW6rUZZG1aaZBHMvukGQCjBLRMiERBFmQaBpump,1787066952780956,1,1,0,True,True,FULLY_PRICED_5M,True,True,0,
7Y1X5pUH9PE1a7WgNyuxWT5L4dUYjPSArjsdjBJjpump,1787066952774957,1,1,0,True,True,FULLY_PRICED_5M,True,True,0,
7R9DfpwQvv4RBEhhFKV2prcpRqYVXeiBS4pVvqtupump,1787066950172294,1,1,0,True,True,FULLY_PRICED_5M,True,True,0,
9xt1mevKYgvzhov4taPS3zAkZmu3v2PePFzTgwQxpump,1787066950170292,26,26,0,True,True,FULLY_PRICED_5M,True,True,0,
8F5vUshAPkxXCVjeKXnMuhxUjuiFkqSQXK38217ikFaa,1787066947590159,1,1,0,True,True,FULLY_PRICED_5M,True,True,0,
6QqpS5uaDJE6TD63pb4T8fwiSKWKFR8yjnh5Mgn2pump,1787066947587161,1,1,0,True,True,FULLY_PRICED_5M,True,True,0,
2aSKQADskXMk1c8vDCEJ19SxdB2gVbksWJvqgg4kpump,1787066943193118,3,3,0,True,True,FULLY_PRICED_5M,True,True,0,
22544PaAyokfax2FuNRYvFv8akCVHeFea2DxubAgpump,1787066940861073,2,2,0,True,True,FULLY_PRICED_5M,True,True,0,
2jtvNSNsvDee4R8xhkjpKTefjCo52mrDJCTfBkBnpump,1787066940808069,1,1,0,True,True,FULLY_PRICED_5M,True,True,0,
GpfKkdLNjj9yZEHJaupuhY4YmbfNVKLjQDsxyaX4pump,1787066940791068,1,1,0,True,True,FULLY_PRICED_5M,True,True,0,
Q5t5QyXekSmZXBXznF8j1g7YqNnKw7JUQSv28eUpump,1787066938350093,1,1,0,True,True,FULLY_PRICED_5M,True,True,0,
3qYaHFwEm7ngTsG5Fhaof4vZ1zDqmrKCSWeVk1mupump,1787066935774678,1,1,0,True,True,FULLY_PRICED_5M,True,True,0,
AEbwXBayrwoK2hx5MHzX4d6YD2xdjx5CFMhWf37fpump,1787066933186243,1,1,0,True,True,FULLY_PRICED_5M,True,True,0,
7PaAtqbcbr6WsRYneU2obDTf41VeTSfCpRCddyympump,1787066930629243,2,2,0,True,True,FULLY_PRICED_5M,True,True,0,
CHqqDm9Aem8PZS6YezH99Pb6pdRvTcXzRBbSv28vpump,1787066928284325,1,1,0,True,True,FULLY_PRICED_5M,True,True,0,
2cCEhCXK6Hn3x2QWT78y3Nci1gV2wNn98zpQfLiGpump,1787066928223329,1,1,0,True,True,FULLY_PRICED_5M,True,True,0,
C8BQeT71PAGKM23AnQytrWGpznN8rNKDzQa9s6Uupump,1787066928214331,1,1,0,True,True,FULLY_PRICED_5M,True,True,0,
6GSFUF4XLfT5boqc3BvNUSAo5pBNptM2Q4yi8EuSpump,1787066926004437,1,1,0,True,True,FULLY_PRICED_5M,True,True,0,
DzK87pyop9F1h4PSK3Rmqurb2WkVhqGqECMWH9nUpump,1787066925745438,1,1,0,True,True,FULLY_PRICED_5M,True,True,0,
GXJ8cThMgk5m2zbNMhiz2eS4TAYvXWMvfABxgSqupump,1787066925728443,42,42,0,True,True,FULLY_PRICED_5M,True,True,0,
FtUvuvWa4dH2QeEiC9L1gwtTS5DWc3v69Gqyojaopump,1787066925719438,1,1,0,True,True,FULLY_PRICED_5M,True,True,0,
2UyZU554RYa9egtZTLSut5iD83RQ87i1s9Cf6w9fpump,1787066925714437,1,1,0,True,True,FULLY_PRICED_5M,True,True,0,
CpMdhrXL1XvFoQNJnisZeZjs5fgPDfesmPi7jaLnpump,1787066925713437,1,1,0,True,True,FULLY_PRICED_5M,True,True,0,
ECETmJ79EdaW2bSUk94C9DLVceFXLiJNG2FToZb9pump,1787066925700437,1,1,0,True,True,FULLY_PRICED_5M,True,True,0,
9EiyHHMjfoDnbZiiWK6kkckn1S5Qit5MygxFEYTFpump,1787066925685442,1,1,0,True,True,FULLY_PRICED_5M,True,True,0,
DXiF7Jf7gfe3nrNKgVEiiADFRRLLcoZHfdzgPdMnpump,1787066925680437,1,1,0,True,True,FULLY_PRICED_5M,True,True,0,
AJy9tBXL3mp8DUWtKJnfL882pD4mC9YSfcEW1ZAfpump,1787066923623906,6,6,0,True,True,FULLY_PRICED_5M,True,True,0,
FNcURCNweo52xGpdCfEEj4M8Cc7m1XRctjEzsrAFpump,1787066921265975,1,1,0,True,True,FULLY_PRICED_5M,True,True,0,
Ef9evPeJTBXu3CjbczRfhhtthH38F7ohETZjWYqgpump,1787066921082972,1,1,0,True,True,FULLY_PRICED_5M,True,True,0,
DxsPZou6GtdcGjH865n8eLWDLUfNC7kCRvA4s4vrpump,1787066921081972,1,1,0,True,True,FULLY_PRICED_5M,True,True,0,
Faps4u3tHTf7mDK8DRZbV3UX3irrWBCJdFvhEQ1Fpump,1787066921042977,1,1,0,True,True,FULLY_PRICED_5M,True,True,0,
DfLEutREWe89CS697YvhnoGCE62r2tRqErzbZPQKpump,1787066918598147,1,1,0,True,True,FULLY_PRICED_5M,True,True,0,
H4HVW6JndY5ScWbgowUzJ49sCfVXMMBWVAxUJh1Npump,1787066918579151,2,2,0,True,True,FULLY_PRICED_5M,True,True,0,
6obNnzoANuFwz6sLe1r1SZ61Q6x1xZpnCjGxbUC7pump,1787066916169422,1,1,0,True,True,FULLY_PRICED_5M,True,True,0,
7meBPtBCjuZ2NRKcaSuTM4dtxLqJNtNDLMCnFGfTpump,1787066915958424,1,1,0,True,True,FULLY_PRICED_5M,True,True,0,
83rZ5vZ94kLU1pt3Gwai69ErRCvdSdNvg58jzMCipump,1787066915945424,1,1,0,True,True,FULLY_PRICED_5M,True,True,0,
FX1trC7LrSUrQCs64xf4t5hcf53BZK7TwJSe1bpVpump,1787066915943423,1,1,0,True,True,FULLY_PRICED_5M,True,True,0,
3smV7jp3PKRwMwDtjQBcaotwR1TQKpd4Do6MGH4cpump,1787066915928423,19,0,19,False,False,NO_PRICED_TRADES_5M,False,False,0,VIRTUAL_SOL_NONPOSITIVE
BoA1qz1An56Db4YEYZW4FGnakFk2FusrsGT1s5vPpump,1787066915907424,1,1,0,True,True,FULLY_PRICED_5M,True,True,0,
BPHfvn95qLq3ZnfmXSShtm9EMjuRxB8wu9hyqPTLpump,1787066915906428,1,1,0,True,True,FULLY_PRICED_5M,True,True,0,
4wxAqwRor8VeVCgnmGRM2HUgAu6jFcmcwtBYmx3Npump,1787066915903428,1,1,0,True,True,FULLY_PRICED_5M,True,True,0,
54p3qGkuyU4yYnuPG5wnbfkjV6Hm4uyzQLRwUC8Ppump,1787066915901423,1,1,0,True,True,FULLY_PRICED_5M,True,True,0,
AN4uKb4HNmN2xfwsKdWSs7ntZX2jSLCeFKhqd7uqpump,1787066915898428,1,1,0,True,True,FULLY_PRICED_5M,True,True,0,
Hzc4PutKmT4BEH8gdmi6XBLwYzQ68wzkhCvayaH9pump,1787066915897427,1,1,0,True,True,FULLY_PRICED_5M,True,True,0,
3172pw54ZZWocN6gCu5rjpJR9iSebb7QvDB849pbpump,1787066915893427,1,1,0,True,True,FULLY_PRICED_5M,True,True,0,
F4th88ZcYFExbffKg2QqbMi5egCkoWR7AfSiWHWmpump,1787066915891425,1,1,0,True,True,FULLY_PRICED_5M,True,True,0,
6y11mzyUfRZGXvtM3kezzixFMLsQe3YxtYVT534zpump,1787066902939053,3,3,0,True,True,FULLY_PRICED_5M,True,True,0,
CZfgW5p5dQ8sTPaMthNLHVJzTpm6MDV3qr1AiCuKpump,1787066900492564,2,2,0,True,True,FULLY_PRICED_5M,True,True,0,
95y9EjrW3NchyiSSwKgtMmZvS9o9ALQK44wGSPCZpump,1787066891123021,14,14,0,True,True,FULLY_PRICED_5M,True,True,0,
DW3KeUXuZn6g3Cnh6bUaoouVT8N6dJj9DzfrqK5Dpump,1787066891121019,1,1,0,True,True,FULLY_PRICED_5M,True,True,0,
64j7EkTwzF2Uj5GYvPD36zbe5Y5SULjpqRL7cXKUpump,1787066889006648,3,3,0,True,True,FULLY_PRICED_5M,True,True,0,
C5tnXNXKAvG6smYqBYV3hcqwYn9toV3B4pJxVTQrpump,1787066888992653,1,1,0,True,True,FULLY_PRICED_5M,True,True,0,
4Pys3jFTCVjETLoboG2bD69BbrUogyYPE6vM1kCPpump,1787066886448569,1,1,0,True,True,FULLY_PRICED_5M,True,True,0,
DiB2SSGFmYH4dBjjVCZo41KhusoaCqd5Y28UfJAwYtqJ,1787066883875378,2,2,0,True,True,FULLY_PRICED_5M,True,True,0,
KayJh8ySKeWmQDLMKF4R44DzxipaUFjLtCG6kiypump,1787066881482758,12,12,0,True,True,FULLY_PRICED_5M,True,True,0,
Nov1DpbfcaTe4LcYgT6GGyGRQFn5BsYg9Hqqdd6pump,1787066881470759,5,5,0,True,True,FULLY_PRICED_5M,True,True,0,
HY9JkToWtCRb9wmkciy5w45PySuFgZYKgSrSUxP6pump,1787066881440762,1,1,0,True,True,FULLY_PRICED_5M,True,True,0,
AJTkxgiYzZCavZFMMfBvJN4MAyHdce4fknPQ1vwzpump,1787066876610667,8,8,0,True,True,FULLY_PRICED_5M,True,True,0,
HjatBgm3osejTZAgxg4XfkCtCBi8TwgiiGd2RMxypump,1787066876602665,1,1,0,True,True,FULLY_PRICED_5M,True,True,0,
EQhWW4QEVAYFMDFKnojfaHqcYRhUXfWLUPD91K18pump,1787066876575666,1,1,0,True,True,FULLY_PRICED_5M,True,True,0,
H2EsChjFvrDnUySEpu1wYrt6gPCJZS6txRbroxjtpump,1787066874135904,4,4,0,True,True,FULLY_PRICED_5M,True,True,0,
EPgEnZDrL4FSKSVBcdzr5iBUAGaSfpaBgSJLyA3Npump,1787066874114900,9,9,0,True,True,FULLY_PRICED_5M,True,True,0,
3cRwsTn9BixRUjQkv1ZorddfJVcHyd5zJD9zJWFspump,1787066871700830,1,1,0,True,True,FULLY_PRICED_5M,True,True,0,
AWzUZ8dih8DHFA9xgjVpahcYQc6o3o5zYKxmhgFJpump,1787066871664831,5,5,0,True,True,FULLY_PRICED_5M,True,True,0,
FyzRXs2ag8Hz8xj66HgipAwpFu39DHTzaKYnejffpump,1787066871642832,15,15,0,True,True,FULLY_PRICED_5M,True,True,0,
9BufJm1QeH8KbwX4ydMRFXNFaMm5rbEjEiiXzRVdpump,1787066871641830,6,6,0,True,True,FULLY_PRICED_5M,True,True,0,
9PTH9TNLipkBnWvb4HqJi3oMrLyQthFvEFyMzqyzpump,1787066869687432,11,0,11,False,False,NO_PRICED_TRADES_5M,False,False,0,VIRTUAL_SOL_NONPOSITIVE
CNc1TKXufwKtLbtnKdfmaQhy5pPLkGJzByqn6KJVpump,1787066869490433,7,7,0,True,True,FULLY_PRICED_5M,True,True,0,
31RQpj5q4S4feJQBrkiYnNaWi8qfpm6q2tn1PUBNpump,1787066866569361,1,1,0,True,True,FULLY_PRICED_5M,True,True,0,
5UsdThrfAc33fQZqkMYSp2dgMQvG9mTM3jDNzNgRwSy5,1787066857802257,1,1,0,True,True,FULLY_PRICED_5M,True,True,0,
Bw3DgRde7VjM8keGMAvwE7b6psfdUEdPcdKJgW99pump,1787066855550018,1,1,0,True,True,FULLY_PRICED_5M,True,True,0,
D2366H6vaDUDeAFGbrDZEYxeDjbtMWDTicrWrznVpump,1787066853059251,2,2,0,True,True,FULLY_PRICED_5M,True,True,0,
BLBi8kMRuiBb9nzhGZrb7uMoNQHXVn5GoXZdAhi7wmg5,1787066850975132,2,2,0,True,True,FULLY_PRICED_5M,True,True,0,
HtZf9VLTSnV1ePvnLSNqaJUVgAaxuKv5jSFMvyxxpump,1787066848589790,19,19,0,True,True,FULLY_PRICED_5M,True,True,0,
7kC5LZttoyAxKaJ5w18xUBjZjojTC2EKxHMuVPfnpump,1787066841754914,1,1,0,True,True,FULLY_PRICED_5M,True,True,0,
2BtGyv45VEBnzxEQKgxQpGx9u4zZdzHxKNQXdhsypump,1787066841724918,2,2,0,True,True,FULLY_PRICED_5M,True,True,0,
BThniFe6cxjbUJB2A8fU2V2oG3wrkDUYFYhb2Zeppump,1787066834817942,1,0,1,False,False,NO_PRICED_TRADES_5M,False,False,0,VIRTUAL_SOL_NONPOSITIVE
4jwozZwJaetP8nbwuU1Np9UNMCLdMtwMAisVrHpspump,1787066827835550,6,0,6,False,False,NO_PRICED_TRADES_5M,False,False,0,VIRTUAL_SOL_NONPOSITIVE
CAae6GSu3m6FgqSqKBCUMk2boFphQf9PgUwgvzM4pump,1787066822548257,2,2,0,True,True,FULLY_PRICED_5M,True,True,0,
66pwqC5cgbYT61yyC9V8p7cKNvWyJ5cxVC9wS3Eypump,1787066822543256,1,1,0,True,True,FULLY_PRICED_5M,True,True,0,
8NyBM7qTRkhu92nnoZgCSaskhNdAxJV89cHBjonFpump,1787066820204910,43,43,0,True,True,FULLY_PRICED_5M,True,True,0,
8s8FzxbA2Tu366TrnMVDSaptTpsDAjinBYXymQbvpump,1787066811085910,1,1,0,True,True,FULLY_PRICED_5M,True,True,0,
5DabFZHLpe88bsKzNcT68foFEBS1uFEMkdHNVx9jpump,1787066798233060,2,2,0,True,True,FULLY_PRICED_5M,True,True,0,
5YHvBp85RxKeaFPdW4tSApZTj6j5QxaSJyTV5UfApump,1787066790879985,7,7,0,True,True,FULLY_PRICED_5M,True,True,0,
4x3fk2NCAjeZL7Zw3kQb9F86CygtdH2A3oQPT3aFpump,1787066788410515,40,40,0,True,True,FULLY_PRICED_5M,True,True,0,
8Z5Q9P1zjpiQaAGdyMWQ9uFeJr8WAdhu4owfTcG3pump,1787066785872750,5,5,0,True,True,FULLY_PRICED_5M,True,True,0,
5bT1E2bt8MFLBFk1zbvWFMkJM7SaXKAce3nyWcTQpump,1787066785828750,3,3,0,True,True,FULLY_PRICED_5M,True,True,0,
8xcnJhzpjQgQV7tqHpozEpwrEh3FYfM2sUAMJXMNdxfx,1787066783566063,1,1,0,True,True,FULLY_PRICED_5M,True,True,0,
HZ3DaVsQpavZKv5X1tiCJUdpSvN3HaL82Gxdjqq6BMZR,1787066783536058,1,1,0,True,True,FULLY_PRICED_5M,True,True,0,
HytWXd83c8mYWhkhkN6fLKHKP4s9Qs5UvUAZZbu5pump,1787066778543785,32,32,0,True,True,FULLY_PRICED_5M,True,True,0,
FmXsJy3S3g7Bh4PqQjoMqyTNsZ3nEQLsTF2thrb3pump,1787066778522784,10,10,0,True,True,FULLY_PRICED_5M,True,True,0,
5iXyYJNCE7J7egQRDnxcJfAURSPbkwqxD8NsB55Tpump,1787066778521784,12,12,0,True,True,FULLY_PRICED_5M,True,True,0,
9jUFbpo7qPCeh9yCmsfGLgBcxwTtUn9fxVvxTkNnEMMB,1787066778493791,16,16,0,True,True,FULLY_PRICED_5M,True,True,0,
ChRJ8AF5jrxyNFtLNReaqrqZU3CQuU6ShF2rko14pump,1787066776200813,1,1,0,True,True,FULLY_PRICED_5M,True,True,0,
3kmKX1DWt5N3GfUT7jJ1EdHdrTCpXAHA31vsp8Xipump,1787066775972818,30,30,0,True,True,FULLY_PRICED_5M,True,True,0,
3wgjXrqevsgEmMBydGUnMpPdDE6ThedB45YV69Aipump,1787066773371518,4,4,0,True,True,FULLY_PRICED_5M,True,True,0,
DxcuD2z7zfQMYL6GjRnJCgF95CT44zbmbPkmeTcDpump,1787066773163513,15,15,0,True,True,FULLY_PRICED_5M,True,True,0,
Be1PVm1QXqQoUmrwXzErGTc7wkqkSJnPujc4mNXGpump,1787066771007423,40,40,0,True,True,FULLY_PRICED_5M,True,True,0,
CzMzBLu6wfgfMqhw1FWWPLEVCZv4NfSK7FSmMSWeEnLE,1787066760963190,1,1,0,True,True,FULLY_PRICED_5M,True,True,0,
4XWZKDhM8bP68xX1ZaVGcUVQgkUWU7FQzyPaZikLpump,1787066760884190,1,1,0,True,True,FULLY_PRICED_5M,True,True,0,
BrUrS9wgscV1hJQSzwwNR1VdA2ee344MRfSv1uzHpump,1787066758465620,1,1,0,True,True,FULLY_PRICED_5M,True,True,0,
BHoACkdfozrkeVPkCqdS9SRdgdS1SfdCQdTajdt7GJ7b,1787066753506324,1,1,0,True,True,FULLY_PRICED_5M,True,True,0,
C1ZCS31ouZWqCVygUE2Rk9GdKebXtHSbpMuouSkG75HF,1787066746232994,3,3,0,True,True,FULLY_PRICED_5M,True,True,0,
5HrmXHAZbMnrwRwsjQrj7JBgVuyKQvYm6NeYyuKhpump,1787066743930227,1,1,0,True,True,FULLY_PRICED_5M,True,True,0,
3JM9y426qsGiuWKfAZwYcdz1jttoMP3wLYTjZTEqpump,1787066743929225,1,1,0,True,True,FULLY_PRICED_5M,True,True,0,
5Sw7u2rS7msGVRoPr9AJE9zmXdMWzMn6AvX8xc3rpump,1787066739201880,3,3,0,True,True,FULLY_PRICED_5M,True,True,0,
4LLLk8wgJugxCA9rriVQrkV1ec52WP7R71JtGhqYcaqP,1787066732121194,1,1,0,True,True,FULLY_PRICED_5M,True,True,0,
5ZNZt8qzMpife6TCbmJywYMA5KHXg1PLKJAYC3wdpump,1787066732096189,4,4,0,True,True,FULLY_PRICED_5M,True,True,0,
2ABv5BRk3z6j2anJDJ325MEEhHBYaVebCXJHkadJpump,1787066732092190,3,3,0,True,True,FULLY_PRICED_5M,True,True,0,
AkJQkHKaD4n1xxsjuuQjpWJakARyA9nSwwzaJfiHpump,1787066732081190,16,16,0,True,True,FULLY_PRICED_5M,True,True,0,
ChiNkysgW3HaikGBqvyEeLyEFEqTB7SG2pUKXiN8pump,1787066732079190,12,12,0,True,True,FULLY_PRICED_5M,True,True,0,
CVGEh6WMezUxr6KUdr9CBf6basqBksuQqjaxjxUKpump,1787066732078189,8,8,0,True,True,FULLY_PRICED_5M,True,True,0,
2RbqmaKBqqE7pZJ8Muo5by5rUb75Q36cSw3CUmoupump,1787066729716355,38,38,0,True,True,FULLY_PRICED_5M,True,True,0,
D3stWvp6kVPxHuBbyqe9RT8Vwahg2BfZf5i7uYEKpump,1787066725428245,1,1,0,True,True,FULLY_PRICED_5M,True,True,0,
FRVhe4EJY6o1wYq6acjgw5ZfhQK8AWXBpueXS5bqpump,1787066725332245,1,1,0,True,True,FULLY_PRICED_5M,True,True,0,
cwWtytTFvAAKX7DYYtcaHMfhnYH9LFSNqwkA8MRpump,1787066724647245,19,19,0,True,True,FULLY_PRICED_5M,True,True,0,
6NutQrNcVe8TUxvYpWZzAomTPeHa3Y1G7wSTSeyApump,1787066715541080,1,1,0,True,True,FULLY_PRICED_5M,True,True,0,
74DbWwKbjAXgD98F52UmdCgRtaU1StmVMofTdk5tpump,1787066708463346,2,2,0,True,True,FULLY_PRICED_5M,True,True,0,
2fBCPCSyUE4XxoahSh4skAPJXQ7EHZKF2zp1nqQzpump,1787066708456344,6,6,0,True,True,FULLY_PRICED_5M,True,True,0,
GZ3HRw2qvPViHVYH2x5XeWPwkq28YhvPj9SYRs1RcFN6,1787066703633034,1,1,0,True,True,FULLY_PRICED_5M,True,True,0,
FKR4nSzDiyiyH3XNrtyBg9tHySpsTs4Twmzc83Hcpump,1787066699280437,1,1,0,True,True,FULLY_PRICED_5M,True,True,0,
Eb1PPQPtgCmVsS965UyKYYTpTcojXy5fxLmC3P92pump,1787066699272437,2,2,0,True,True,FULLY_PRICED_5M,True,True,0,
4xLrja6DGgjcK9wnaqZfZU9fdS7ySSst6ThW9ukipump,1787066696775355,1,1,0,True,True,FULLY_PRICED_5M,True,True,0,
8ZNUPdYsESjHnqnctRmdiWWp5dcLP6MCjZ9jwU7cpump,1787066691886578,1,1,0,True,True,FULLY_PRICED_5M,True,True,0,
XLoG6MY16eG2NTrKi7L91T6np354t6xZc7R13jopump,1787066689582360,11,11,0,True,True,FULLY_PRICED_5M,True,True,0,
H4XzoYhh4MBhSSuPFpFxAxZU2iW2rNwMr9YgyPvspump,1787066687065258,1,1,0,True,True,FULLY_PRICED_5M,True,True,0,
E6cYEzxM4i6hM5ipzAc1UDfwRWck94oaqkcTFGmDpump,1787066682312319,20,20,0,True,True,FULLY_PRICED_5M,True,True,0,
DwVrCYyzEykP4vfKiP1EieBkNRcQxZ4QKwWEtKDYpump,1787066682275320,11,0,11,False,False,NO_PRICED_TRADES_5M,False,False,0,VIRTUAL_SOL_NONPOSITIVE
21FDEsqLcwxiMrMgiriphmLKK5y954TahwCMxw8xpump,1787066682270318,1,1,0,True,True,FULLY_PRICED_5M,True,True,0,
ASwwHiWXZASCHMKGuc9qi7aTK61Jgu3Q1qoFbKUGpump,1787066682248319,2,2,0,True,True,FULLY_PRICED_5M,True,True,0,
8zZB4Ajmj5ziFYTh6uRDKcGi6P3QAoYsMAQPacCkpump,1787066677449206,2,2,0,True,True,FULLY_PRICED_5M,True,True,0,
3DPgoMHaMn61gC9RdiLdwQU2m5Y8LNtrDgXfrhcGpump,1787066677439206,4,4,0,True,True,FULLY_PRICED_5M,True,True,0,
Aiygym3qmEorEzZCyFMHGWJZFJYfsYkwayN6HtpVpump,1787066677413210,1,1,0,True,True,FULLY_PRICED_5M,True,True,0,
Em1Qm2JyKHX2HmCQHjFAtdCW9RepiwA6hSDML1zEpump,1787066677389206,2,2,0,True,True,FULLY_PRICED_5M,True,True,0,
9jysQYfmxyGm2kGusMjde9Zhjgi6uWZDHgqufPRppump,1787066675275874,45,45,0,True,True,FULLY_PRICED_5M,True,True,0,
2mxybSMqo8yYMrBiLbLHp1NH8VopGtfmU9LrMt2ypump,1787066675246499,21,21,0,True,True,FULLY_PRICED_5M,True,True,0,
CcFVSzr9R4HioBCSZKLHT9eYGdAA4Xk9NqeR3qMVUzbG,1787066664652841,1,1,0,True,True,FULLY_PRICED_5M,True,True,0,
FS9uKToQCWBR2c2nFtYV1CFXhQyrd144WgK6uehHpump,1787066660095316,8,8,0,True,True,FULLY_PRICED_5M,True,True,0,
J95Z97Fyto9s3UQ6Ai4pPz6jXzryfc9hEZWqohydpump,1787066650527216,1,1,0,True,True,FULLY_PRICED_5M,True,True,0,
8RHRAAfv69yMxfGgkvtRYSiatZmDCvQRNw8ceWpKpump,1787066648306073,1,0,1,False,False,NO_PRICED_TRADES_5M,False,False,0,VIRTUAL_SOL_NONPOSITIVE
AR173ZBcY73sBjYytzJQbwstM8iBzKooHgvfFnw7pump,1787066648225073,2,2,0,True,True,FULLY_PRICED_5M,True,True,0,
6F5bDR5k1XhnwCfNiH65pwf9iAA8kAKjChvB1oYAFUVZ,1787066643626192,7,7,0,True,True,FULLY_PRICED_5M,True,True,0,
91mYuvZo1s5vEAs9rZ6pUxfoH33dEKhGJA5FSsFNpump,1787066636081175,1,1,0,True,True,FULLY_PRICED_5M,True,True,0,
HzLxpkmkEUp1LxrcYwHFFkosxSAyXSh3kzzBB3Tkpump,1787066636028833,4,4,0,True,True,FULLY_PRICED_5M,True,True,0,
9fqahsdPKWtkr4G4NXLFJMUrv49LgDMXcrbwk2oXpump,1787066636025832,1,1,0,True,True,FULLY_PRICED_5M,True,True,0,
D5xaN5jFyfyJDs79aqtknrG1VYGS2HkGZPnciksMpump,1787066633541829,1,1,0,True,True,FULLY_PRICED_5M,True,True,0,
E2jbwmzQJq8rJe1duMCwQoCC3xVg74anNBFjthV1pump,1787066633490827,13,13,0,True,True,FULLY_PRICED_5M,True,True,0,
FFn24apPsrvKp6AiYx1jgEkXJ7Hnxc5ZvzeL83NVpump,1787066631108037,11,11,0,True,True,FULLY_PRICED_5M,True,True,0,
2zrCenGC218r7FCrajYJ7M2Yz2FRGWfJa9Zcs4wdpump,1787066628479033,11,11,0,True,True,FULLY_PRICED_5M,True,True,0,
4DbgSg4QJRMrv4eJ9Pf6SuzrotAzgu6e33saQhrwpump,1787066627436676,83,83,0,True,True,FULLY_PRICED_5M,True,True,0,
9gne2zYwH25E1sTchPfsk4r5DFHkqPNp6E5Bv6Kjpump,1787066627353675,14,14,0,True,True,FULLY_PRICED_5M,True,True,0,
533PZDVWdv8GtUcAXsfgCvmbGViYyNCh2YBfW16upump,1787066621890176,1,1,0,True,True,FULLY_PRICED_5M,True,True,0,
8hk2B8xu3RxKVGaqVgkPXLEE1xpuceYHa7MaXdX8XBzb,1787066607023521,12,12,0,True,True,FULLY_PRICED_5M,True,True,0,
9qf51UX4bCAZceXPgtZmCayMQ4vm6DiREg5hDBC7gEjP,1787066604635016,1,1,0,True,True,FULLY_PRICED_5M,True,True,0,
86XMhQK5LjAFnzQ2fHD1zXgU4hdE7UxpzwbnNpvqpump,1787066604627012,1,1,0,True,True,FULLY_PRICED_5M,True,True,0,
qBjCuAKCVTU21rKKsUAigRpkkyyAh4ctGjStgA1pump,1787066602096167,1,1,0,True,True,FULLY_PRICED_5M,True,True,0,
4TxQ5XErydVTEAeRcY1xdcv8fhmeiNjL91RmcWW6pump,1787066590179808,1,1,0,True,True,FULLY_PRICED_5M,True,True,0,
HEPh9L1wQvjJQh8b8DqdKC74jgjPEHmhtyEYdaX7pump,1787066585696506,1,1,0,True,True,FULLY_PRICED_5M,True,True,0,
2uwbxJLBwFTGEde921n2TCfUjUNxubVwQL8Wg34Mpump,1787066582426756,26,26,0,True,True,FULLY_PRICED_5M,True,True,0,
7kGggpYwBsFpFzd4T9WqtdXEmPXm9NKsEZxqygmApump,1787066582398757,26,26,0,True,True,FULLY_PRICED_5M,True,True,0,
4kjU3LLx9FRRqcsErWeR3zNfgXc8mB7cn5gyQoWGpump,1787066573290338,38,38,0,True,True,FULLY_PRICED_5M,True,True,0,
GLYdNkeguF8h9eTmBr7LAd9Zko8bMjme3BMTuTETpump,1787066570807289,15,0,15,False,False,NO_PRICED_TRADES_5M,False,False,0,VIRTUAL_SOL_NONPOSITIVE
Yoi5Xg4VAoG3bg7SetcyFxDdrEWKVboJq8yNx9upump,1787066568423892,1,1,0,True,True,FULLY_PRICED_5M,True,True,0,
UA5mDmpp5cojDca8XjVLpXcgMK4XS8UzRg8khFGeDAC,1787066554587693,2,2,0,True,True,FULLY_PRICED_5M,True,True,0,
HN9gkM1zuGWgEUP9nV83BAuaLHe7x6KrXj4nLFLopump,1787066549838585,1,1,0,True,True,FULLY_PRICED_5M,True,True,0,
2C9GDTkVdZreyPGGh8W11UmFPfzhohtiSLGAfccJS8gt,1787066542671667,22,22,0,True,True,FULLY_PRICED_5M,True,True,0,
HrZCBqbhNXZaf2DaaoxkGowTQPYqXcAoabTBidfxpump,1787066537885414,1,1,0,True,True,FULLY_PRICED_5M,True,True,0,
DndAr5mFkj4LoEBjczsuixgtN8k9M5rnMUaEnJZRpump,1787066537883414,9,9,0,True,True,FULLY_PRICED_5M,True,True,0,
6crzsf9H2e49AzGz1vsjwptZjQLsyVK1ZUZPL365nM14,1787066537811410,12,12,0,True,True,FULLY_PRICED_5M,True,True,0,
4a889pa56R9feqq1TwzcEQwHqj837GMQDaCPMxVupump,1787066534186209,44,44,0,True,True,FULLY_PRICED_5M,True,True,0,
DkJfaFgSp1iWbkZi7BayxPjd99LLbf7SDzHkPyAxpump,1787066528587184,2,2,0,True,True,FULLY_PRICED_5M,True,True,0,
2fJR1wYfqxR4GywVbccPj5V7tf8B9XtQx56RepCfpump,1787066526180684,1,1,0,True,True,FULLY_PRICED_5M,True,True,0,
CTfRcZkGeGNQMKX49LbKJB4kzDSjMDPGt5yzYSrtpump,1787066523776871,6,6,0,True,True,FULLY_PRICED_5M,True,True,0,
HiV4a6iFbW1J8M674D2nu62Ux4cre7AR8hQsmKrgpump,1787066523771867,1,0,1,False,False,NO_PRICED_TRADES_5M,False,False,0,VIRTUAL_SOL_NONPOSITIVE
5FAizxYSPPZomGNj5y4agpH8mQpH79SYe3p298ccpump,1787066523770867,1,1,0,True,True,FULLY_PRICED_5M,True,True,0,
ExNu5Hy9psp9SjMhVrizh32LuiTmwy5JmFzhZ2ozpump,1787066519107299,1,0,1,False,False,NO_PRICED_TRADES_5M,False,False,0,VIRTUAL_SOL_NONPOSITIVE
7gTgAFtgtgJUaekotuCqd5Q7TgN7QBcbJuz8ZZd8pump,1787066519096297,1,1,0,True,True,FULLY_PRICED_5M,True,True,0,
39d8XDF8fCsKDeModvSVaX8KWzekCnfXSaps4iu7pump,1787066516454299,3,3,0,True,True,FULLY_PRICED_5M,True,True,0,
EeLEpWFayqFCUkVxD9zYkXg1eYM7RpDxZLg1G6tDpump,1787066514474948,3,3,0,True,True,FULLY_PRICED_5M,True,True,0,
BiQMZuHkLmHtFZKRtHw3RMGoH5e7nwQUza91A9zNpump,1787066514462952,1,1,0,True,True,FULLY_PRICED_5M,True,True,0,
9tLsrZhQnYv6qrmb8MqYSJSJimzVr6kZQTDYWiKSpump,1787066511937919,1,1,0,True,True,FULLY_PRICED_5M,True,True,0,
hQKw7FMtJoEwK1N3YCfJQxoXsCef2tqgNwXNMGupump,1787066509742108,44,44,0,True,True,FULLY_PRICED_5M,True,True,0,
HfccLg8TPFERXUT6KxkUQDc6HveZy45x9Zbst9sd7dc,1787066507568066,1,1,0,True,True,FULLY_PRICED_5M,True,True,0,
CjUKHaRcx4Lz9hErzrvLgU3fFesaaxT9Xu3Az1e4pump,1787066505019817,31,31,0,True,True,FULLY_PRICED_5M,True,True,0,
21Dkeb3rV1jamWr7pT4Ja9nKz2SxQGwWRMALe3Xvpump,1787066502484584,1,1,0,True,True,FULLY_PRICED_5M,True,True,0,
4qz6Fqpqtw8Po5ECjcJkGZ6K5j3GKThewDKNftvApump,1787066502451580,1,1,0,True,True,FULLY_PRICED_5M,True,True,0,
9XfmKwgqq6J6i9i92QXnkif6RiLcHyZibqtHDCXr54PH,1787066502432584,14,14,0,True,True,FULLY_PRICED_5M,True,True,0,
4nBuV1v9kBULknEuo2feWTpDyzd6RrXesjoArFskpump,1787066500111526,1,1,0,True,True,FULLY_PRICED_5M,True,True,0,
EvT6AkMZX7xBdMZkYqUejaxxFj2o2KwznTPFVCyXpump,1787066497846756,4,4,0,True,True,FULLY_PRICED_5M,True,True,0,
BXzHPi7MPfNvmzGoDMkS8r5RQ25wMiXdHG3SCNgNpump,1787066488220661,36,36,0,True,True,FULLY_PRICED_5M,True,True,0,
9RY5FGDWxJjHtBSsP1XvMBErE8gN317PVqCVoV8Krau7,1787066470426359,2,2,0,True,True,FULLY_PRICED_5M,True,True,0,
AzsAnEYfUVALdvmgfnUUt2ge2oNAAa2HPakZjU23pump,1787066463127313,1,1,0,True,True,FULLY_PRICED_5M,True,True,0,
752y1QBLEaug9K1XFsn4zLkM9JioFV3dCXH5diUpump,1787066460810895,1,1,0,True,True,FULLY_PRICED_5M,True,True,0,
CYNjhNuWMXjciGq4mMteXgSXym3no75du3AJVUzFpump,1787066456132686,1,1,0,True,True,FULLY_PRICED_5M,True,True,0,
9RmTCsQzTTiCz6udn2dfhXGRytYZToZun5pRKYXUpump,1787066453471685,15,0,15,False,False,NO_PRICED_TRADES_5M,False,False,0,VIRTUAL_SOL_NONPOSITIVE
8Z2ayu92jGqrBKivkrGUUF8qFVKrjniMQ9uMZ277gR9i,1787066451211336,1,1,0,True,True,FULLY_PRICED_5M,True,True,0,
9SziKybT5q7Mm6MRtT9KE8Kx4X5agsgnD5iazdogpump,1787066451206336,1,1,0,True,True,FULLY_PRICED_5M,True,True,0,
EMHd2RYku9hXGw2Vpz9GRjVTaPhscVpmqcdfiCo1pump,1787066448834276,1,1,0,True,True,FULLY_PRICED_5M,True,True,0,
DsyENQYWNvZNrLK9UrmJ2MPS9KG6R8UmbQjecmrjpump,1787066448762273,10,10,0,True,True,FULLY_PRICED_5M,True,True,0,
WpzkBmE1SibGgVynPWyVRPuYZJR9mDais5g1pPfpump,1787066448755277,11,11,0,True,True,FULLY_PRICED_5M,True,True,0,
F8UPt8AiBFQosL42tCzKH1Jy6q3v2TkVqgXoi5PPpump,1787066446493067,2,2,0,True,True,FULLY_PRICED_5M,True,True,0,
93PWoMABzHxyc9ybeRrWn2NTRSVfyZ7iddPJAZLopump,1787066446486066,1,1,0,True,True,FULLY_PRICED_5M,True,True,0,
B36yvmToe5inYF1DDdC6MiyRtzaaHDgVt35xFMWzpump,1787066446447065,122,122,0,True,True,FULLY_PRICED_5M,True,True,0,
3v8gB3emTYnvejfBjnLAYU7ByjmwHs3wXSW7V4UYpump,1787066446445065,1,1,0,True,True,FULLY_PRICED_5M,True,True,0,
9afdTzWpQKihGLYDfAZxjMxe8erdRTttjP8ZPk9TzEck,1787066446431070,44,44,0,True,True,FULLY_PRICED_5M,True,True,0,
KmmYC2hyBYYawxEkxxxfJoXojDyNroqBybbtECPpump,1787066443949263,50,50,0,True,True,FULLY_PRICED_5M,True,True,0,
CzWkQz2JVUFiqAU1yxtcSdYHd3xXo7r2WjvDLB5Wpump,1787066441459552,4,4,0,True,True,FULLY_PRICED_5M,True,True,0,
7ZmkMohJauEKjkP72GXEroDJ6UfM5SwHErnxjgfhg4uK,1787066439173205,4,4,0,True,True,FULLY_PRICED_5M,True,True,0,
45j5ZJ9ecdUZpBNbFyKc8SjR4WYvj881TKn1tsLypump,1787066439128205,5,5,0,True,True,FULLY_PRICED_5M,True,True,0,
8dGkVisCHAKGdKSBebaq9q167SP2QVXBtT7S8K6Dpump,1787066426645261,1,1,0,True,True,FULLY_PRICED_5M,True,True,0,
FnSSQvEEeBg96T2VYHULmMb6j6WUUrevgcb3zwJ5MW5R,1787066421731273,2,2,0,True,True,FULLY_PRICED_5M,True,True,0,
2c7mZmonAP2NTCKsXoH4JdsZQb4XuY92CNfPx1sBpump,1787066414821312,1,1,0,True,True,FULLY_PRICED_5M,True,True,0,
4qFAdWjzJCmD69aS4C9tCZf8Sub1MQTYXc2A4qimpump,1787066412387266,8,8,0,True,True,FULLY_PRICED_5M,True,True,0,
F8BCpwWPaQfkPJ8Fws8WCk8FGUHV7j3PkDthBNpQEPkM,1787066407697138,1,1,0,True,True,FULLY_PRICED_5M,True,True,0,
9qsGthDGZKBPLSYCZmJ82wyu3qBW1qWMuQiqcU4opump,1787066400523248,5,5,0,True,True,FULLY_PRICED_5M,True,True,0,
ptsqjgReVCSHFJHhcGiQ2j9RpeTPqnMkQ1p4SVfpump,1787066398301743,9,9,0,True,True,FULLY_PRICED_5M,True,True,0,
GxttC5QrEmNWudJJhwfhqDcpUU3oUoXqhirAM47bpump,1787066398293681,1,1,0,True,True,FULLY_PRICED_5M,True,True,0,
3ArNuayHXEspRmA1zTAAgdhvkWdAkfZ1X5o7XmaFpump,1787066398247680,1,1,0,True,True,FULLY_PRICED_5M,True,True,0,
F1ekXG2zhNhw2L44tpX6z8D46j5ztv7ds2cyA2Gppump,1787066395717857,27,27,0,True,True,FULLY_PRICED_5M,True,True,0,
F8x1tFDtRNpdvNR29htFeak8Azi9TV3woVSSSGfq2EJ8,1787066395708858,3,3,0,True,True,FULLY_PRICED_5M,True,True,0,
36cgrUfUhsoXaM7ez9yJfCj3mk76UedWhQdDLM68pump,1787066395670858,50,50,0,True,True,FULLY_PRICED_5M,True,True,0,
9rAVYs95WVcz8FoUCQXcsUa4iUPmpX5uvfj3iKiMpump,1787066393326520,5,5,0,True,True,FULLY_PRICED_5M,True,True,0,
96cFnwPyQ15MexCPH8Lrm15ztqRmfJDZeSWtpCSuGgo6,1787066393298519,7,7,0,True,True,FULLY_PRICED_5M,True,True,0,
72hxKmcdYuMLS8WhDMiRPKAYvy1BFZvgcHS4MxiNXEmj,1787066390811524,2,2,0,True,True,FULLY_PRICED_5M,True,True,0,
9GtuBueDfkjHChXfMyGyDZghhfrhBeAyQ9upUu4Ypump,1787066388338801,1,1,0,True,True,FULLY_PRICED_5M,True,True,0,
BBLv9kgY4uAeQfwfXJxiiiaPVEuvAFtUiKuUtZCoPDmd,1787066372546370,6,6,0,True,True,FULLY_PRICED_5M,True,True,0,
7EJYJjwt1vUyVhmx34WarLpgr8VvXfrpikE1pdVGpump,1787066372536375,2,2,0,True,True,FULLY_PRICED_5M,True,True,0,
J2bpt4tWFNUdawud8FcZ31QiAVfJY8emasAhAuMYpump,1787066370479349,1,1,0,True,True,FULLY_PRICED_5M,True,True,0,
AWpn9PEyQHNCgGJ6SSxhEKd1CpkPBuBkWsN4v9U1pump,1787066370425344,1,1,0,True,True,FULLY_PRICED_5M,True,True,0,
DFDfVTsqDm7MQ46XJSXHC1wbsuoLENepmDMC5G7U4155,1787066367993513,4,4,0,True,True,FULLY_PRICED_5M,True,True,0,
ERFMWTyubLBgoruM2gw86g5REGGkjCeHSLuMxyeHGPcQ,1787066363701076,2,2,0,True,True,FULLY_PRICED_5M,True,True,0,
CeAwjR2BMhbCE41CXwMM1WbfURZq6TLiQvP56vsPpump,1787066358920154,1,1,0,True,True,FULLY_PRICED_5M,True,True,0,
E4qGdhPQkAfjGFQv8z8vZZjw6jSaH6HHFNGfFqkYpump,1787066356508058,1,1,0,True,True,FULLY_PRICED_5M,True,True,0,
9EtWj1CTtrDYRG64Qiifi5TXNnLzu1iFCJ7kgTyNtS9v,1787066354584008,1,1,0,True,True,FULLY_PRICED_5M,True,True,0,
6QHpHEY3bDriTp3wS2jZ1kgCRAw2gxr5917cwKKXpump,1787066352346959,2,2,0,True,True,FULLY_PRICED_5M,True,True,0,
9y5vEvuryHsZU7oyZ2hj3b28uCdZERE5B6EZd7FTpump,1787066352315955,3,3,0,True,True,FULLY_PRICED_5M,True,True,0,
9rk4CTUc7BBGy9cTMpPtvjjrmSQ5MXkrxcQz8582pump,1787066349897827,9,9,0,True,True,FULLY_PRICED_5M,True,True,0,
2TeeNpNVkSW5qBjhPveUomtQWz3jjKQ4QVYXjierpump,1787066347546325,19,19,0,True,True,FULLY_PRICED_5M,True,True,0,
FRN1Gtp5evPT7ejGkkEp7P4ffrkPu7E7xjPNqFXpump,1787066347516327,1,1,0,True,True,FULLY_PRICED_5M,True,True,0,
5UbddY8MEzRzgW61r2gCBynCdvSVJWUvnMucAKcxZAFQ,1787066347515325,3,3,0,True,True,FULLY_PRICED_5M,True,True,0,
HpjtBcyRhcMxW8BjftH3evsg8ASgMua8K5DXHm4apump,1787066347504323,1,1,0,True,True,FULLY_PRICED_5M,True,True,0,
EA7RhMjFhyixeA6naXLk4XCdnhN8sj7tKZEx17qnpump,1787066345340769,68,68,0,True,True,FULLY_PRICED_5M,True,True,0,
AEs5xrbnBnNmnSZ5J1tuQqbadnKTJLDtJv6h4LgTpump,1787066345302811,2,2,0,True,True,FULLY_PRICED_5M,True,True,0,
G6CphRFTadysW9SP9eibctG6EdzqfTmzmoKBuY31pump,1787066345296550,1,1,0,True,True,FULLY_PRICED_5M,True,True,0,
EFFgkA1cifkq3iTUF2tJUKuPyKAoRbBoaotVTdN6pump,1787066345262443,19,19,0,True,True,FULLY_PRICED_5M,True,True,0,
6ru7J1nED2JceVoGUSssBD3yXrLg5BX8UHE5wbFjpump,1787066340593588,1,1,0,True,True,FULLY_PRICED_5M,True,True,0,
ACL9ooDZ66UdiuHqQqsemmYKfcUghtYMVbZToKxEpump,1787066331194662,5,5,0,True,True,FULLY_PRICED_5M,True,True,0,
2vWTy8ZGA6hJgLYxjM9x2yoqcLwbLpb2pMVm1jzxpump,1787066315293519,1,0,1,False,False,NO_PRICED_TRADES_5M,False,False,0,VIRTUAL_SOL_NONPOSITIVE
CvpmBHqdPLLK3tAMyoL7v4Zuy4htrTGTMmxuV1dmhTd2,1787066313048659,1,1,0,True,True,FULLY_PRICED_5M,True,True,0,
CdSGEJf78fJa8j7Mc6EZgV6HnVwogEgmd5eY5cq8pump,1787066308810698,1,1,0,True,True,FULLY_PRICED_5M,True,True,0,
2x52DqYfrwgZVoBvv8wsUcL4yA7gaoo1YdUTEoBYpump,1787066306477860,4,4,0,True,True,FULLY_PRICED_5M,True,True,0,
DSDvBY17VQoEWMaZxivedBeGxetBTbNru7fF2KNX5y2F,1787066306465862,1,1,0,True,True,FULLY_PRICED_5M,True,True,0,
8byoAn15FwnCTeJcrYRdrRFTSBSR2ZmE7hbDEErRpump,1787066306460861,14,14,0,True,True,FULLY_PRICED_5M,True,True,0,
8is651tweFeTdWwqZV56RevF9UmdfKRiBZJE9ftpGcPS,1787066302018596,5,5,0,True,True,FULLY_PRICED_5M,True,True,0,
754NmFdRmxEXuUPLBy5raM5QW48ie1qV6fUYCcRSpump,1787066301928596,236,236,0,True,True,FULLY_PRICED_5M,True,True,0,
HCQGp2EpU2ZDrdDpt1RKA5jsyKMiuTCkXxfr7Bbepump,1787066299687596,30,30,0,True,True,FULLY_PRICED_5M,True,True,0,
9uKyHUwn97B5dyEppFj9yYM6RS2wxSf8JuRERJxypump,1787066299671596,3,3,0,True,True,FULLY_PRICED_5M,True,True,0,
PPSqVJkqo4kUdxtEiVhavvxC5pYhrnZY767R5Hipump,1787066299656598,16,16,0,True,True,FULLY_PRICED_5M,True,True,0,
2eTsHrcsxWxpnwFVEGwEutdRySEy44mnzgZ54JfHpump,1787066293963524,6,6,0,True,True,FULLY_PRICED_5M,True,True,0,
paZafJrK2jTf4pJkPnXwC7MN8fScMsf7scXtu4hpump,1787066290161671,1,1,0,True,True,FULLY_PRICED_5M,True,True,0,
3YVwekptG83VNCGNB2mWRVmnNAzsxyUqMU5TBR6xpump,1787066290154671,2,2,0,True,True,FULLY_PRICED_5M,True,True,0,
3vzHTbug23rAxSZRwDLSR4BTTVF62ZrYP32hdkYcpump,1787066290151673,1,1,0,True,True,FULLY_PRICED_5M,True,True,0,
FGcy21LZayyuGwML8iBqL7UkWuNDVLr4pMQujTYMDVy7,1787066287859540,2,2,0,True,True,FULLY_PRICED_5M,True,True,0,
BsHg4R8PhU7nqDF4CD84yd9srpwNjTM4BXMzDc1ia6qT,1787066287829540,9,9,0,True,True,FULLY_PRICED_5M,True,True,0,
BUXQycQFFkN1TVr7mQ61pc8Lk6jfr9vn8QHQAcGqpump,1787066285768743,1,1,0,True,True,FULLY_PRICED_5M,True,True,0,
D25DYDB92NG22SDVfQFnHwm9W6VJHqrN843A2wa3pump,1787066283911951,2,2,0,True,True,FULLY_PRICED_5M,True,True,0,
HbhHEcMXj1tQ9oAH1nYroQH5sxrQhYTFqc6RtKE6pump,1787066283907950,1,1,0,True,True,FULLY_PRICED_5M,True,True,0,
7ND6vF1UmRugwCrFU1RBjgDfrK4NBoPZcRAd7atATCn6,1787066281627537,1,1,0,True,True,FULLY_PRICED_5M,True,True,0,
8sZAmae3zbjNXKUby3D6sSnCnCahZYGa5gQnaziLpump,1787066281625540,1,1,0,True,True,FULLY_PRICED_5M,True,True,0,
6SjNgtGU1Yz8Eyhrg21xZrScnEWtb8pgEbMfryHGXjto,1787066277459820,1,1,0,True,True,FULLY_PRICED_5M,True,True,0,
HL8bunGjs96pH6jXMGGqKnUke9pwFaMiUJFAHgBYpump,1787066275163820,1,1,0,True,True,FULLY_PRICED_5M,True,True,0,
6d7Xcfkqinfcyx15j8YMZQ2h5jF9KS5tvsP7YKftpump,1787066272750074,2,2,0,True,True,FULLY_PRICED_5M,True,True,0,
4PJ5KELr6hM1fG3ZujxcYsGuC3WKFNWCpM2Kd6C9pump,1787066272682073,20,20,0,True,True,FULLY_PRICED_5M,True,True,0,
3xAdk5Ljb4LcaQ4EUYXgHcxuBTURwxaMuWEoTLHnyvc4,1787066263929001,1,1,0,True,True,FULLY_PRICED_5M,True,True,0,
EPKnb1gSaKMQ16pd5gBotaRTFTBayDbp8GdksjdApump,1787066263891001,8,8,0,True,True,FULLY_PRICED_5M,True,True,0,
yZ6ieky2qidSDXDfcn5gBLbTon9U83y8kvpAtoVpump,1787066261431444,1,1,0,True,True,FULLY_PRICED_5M,True,True,0,
3PU8DotQS2zyyJvA2Tgra2KxA8GNzL7X1JqSH16Cpump,1787066261411444,1,1,0,True,True,FULLY_PRICED_5M,True,True,0,
GkWGVxec8hiVaG2Rt4dhaobbz8Ki3CxLHSUCYWy1pump,1787066261408445,2,2,0,True,True,FULLY_PRICED_5M,True,True,0,
Di6zMhERJeMbZa3EiM7VkSG54PnD5HB1JnmRdM8Tpump,1787066258844257,6,6,0,True,True,FULLY_PRICED_5M,True,True,0,
7PGgVyUou7hVHmV5YZaPAYgGwhSfBv6wq68yAa7Zpump,1787066256556803,1,1,0,True,True,FULLY_PRICED_5M,True,True,0,
HBpmGs7eVPCZZLx5ec1Nk8y6UiwV5efAVoAmPki4pump,1787066254350403,1,1,0,True,True,FULLY_PRICED_5M,True,True,0,
DMXBsVBwfuzc5axa2vz6Ba2BzAxcUmn6V7ZtsJFEpump,1787066254321403,82,82,0,True,True,FULLY_PRICED_5M,True,True,0,
BUqx8UFh2qFZBFVtvBcSHJgHJSVFJYLBNUAy2uRdpump,1787066254289024,13,13,0,True,True,FULLY_PRICED_5M,True,True,0,
FUe4dRk8jBJ9L5wHnBRhH4oppmQN6VmqJBdtZuh1pump,1787066254270024,1,1,0,True,True,FULLY_PRICED_5M,True,True,0,
9hWpUCEY5PA7qRFb9f3ou5DTpVzTu18J3VfUKgxdpump,1787066252005082,27,27,0,True,True,FULLY_PRICED_5M,True,True,0,
8fuoufUhtd24HVTe33Yt1eih9gBx2SfSscrnNPB4pump,1787066252002079,3,3,0,True,True,FULLY_PRICED_5M,True,True,0,
CW3pfVXkKDCegs8T6icu9RZD52c214KvpPXcgCefpump,1787066251983075,22,22,0,True,True,FULLY_PRICED_5M,True,True,0,
7tzbWvVZ6DuvpAMyZRb5hzkc8F6oXfmVhfhBwRcrpump,1787066244789221,1,1,0,True,True,FULLY_PRICED_5M,True,True,0,
GeeaupAH349xivTwzTP9XjNUZjiwmKmfXryh6BEtpump,1787066242498553,19,19,0,True,True,FULLY_PRICED_5M,True,True,0,
A7QcYqVSvD5edsB7FuZ1W2dq7a6huXE6X29hgzy2pump,1787066242422551,1,1,0,True,True,FULLY_PRICED_5M,True,True,0,
HywDGuEWP2La1oBokids5bxCVdLYiVAsCnegeED8ZjbA,1787066240373552,20,20,0,True,True,FULLY_PRICED_5M,True,True,0,
8C3L2dHAJUudf3ga4qjcfam8LnitgiqRREcWHyFkpump,1787066235830684,1,1,0,True,True,FULLY_PRICED_5M,True,True,0,
ChWb52vvK2Uwo4c4NZ6W6bVKAqNDN3CXxoKiSrtfpump,1787066235815683,1,1,0,True,True,FULLY_PRICED_5M,True,True,0,
62XqhzuJcJz461uQuG2KHpvWvmXBFW82P4SNEUydKg2B,1787066235787682,11,11,0,True,True,FULLY_PRICED_5M,True,True,0,
9F9HtSj2xbC838JhA8u3RuCBHnQLVvk7VExzaKwMpump,1787066226435765,1,1,0,True,True,FULLY_PRICED_5M,True,True,0,
EsQvfeqehMe1kpsvgPhv5WRKrJPcZoAtyX6kFF2spump,1787066224033177,2,2,0,True,True,FULLY_PRICED_5M,True,True,0,
HPRSwJVbSVhgqutT1f7XK5eg8sCYMQuDiSj4hNx7pump,1787066217232731,51,51,0,True,True,FULLY_PRICED_5M,True,True,0,
DrJboeniDcaJKQmnBVx7wZneCyyWndMz22ZxJKJ4DnPu,1787066212422308,11,11,0,True,True,FULLY_PRICED_5M,True,True,0,
EoEZ8gDkEDMQd8iE4XJULhQ5rD6FiCUmxpfCvr8cpump,1787066210044309,113,113,0,True,True,FULLY_PRICED_5M,True,True,0,
4Yr1Wb8YLLEk6WuRGQmF41nHR9EM6AwSFRLzeQ1fpump,1787066207654309,1,1,0,True,True,FULLY_PRICED_5M,True,True,0,
734UtxFNNSPA9QrMMSR4ceJkDE3jnUgiPV8ZLD9Cpump,1787066205455695,19,19,0,True,True,FULLY_PRICED_5M,True,True,0,
po8L6arSXh4GDXS6qLv7zqYoyDSMgqnd9gg9x6Dpump,1787066205381696,5,5,0,True,True,FULLY_PRICED_5M,True,True,0,
3paBdf62TTCxcUAkqbgTpZfjYkxCvHMFD8r9PGDppump,1787066193224222,1,1,0,True,True,FULLY_PRICED_5M,True,True,0,
61xoWAiuJu9GPwsqA2Uvu4V4CL8JEc5UWQLWomaCpump,1787066193190222,1,1,0,True,True,FULLY_PRICED_5M,True,True,0,
ELYJUc3ccPGAwNX87kkq85xFK1KR84ykUPbLmsaTpump,1787066193188220,11,11,0,True,True,FULLY_PRICED_5M,True,True,0,
JdJdFDxAbD1CyuKpv1uabsEQHqpR2VLkt4tmHgDpump,1787066184238910,1,1,0,True,True,FULLY_PRICED_5M,True,True,0,
G5ufrm1ScH9xXCQ1xBXgo2R6rKEqjPSy6ZGojLR2XZTW,1787066181999897,2,2,0,True,True,FULLY_PRICED_5M,True,True,0,
DNHkDQ236jFyNq7GNwa4CifdRgTdp5aHwwNfFzr67pbJ,1787066179644817,1,1,0,True,True,FULLY_PRICED_5M,True,True,0,
DJf1zBhEfs8gKmPDbzfbKhREsD9VuhwFjZW3Nk25sUcq,1787066172831841,1,1,0,True,True,FULLY_PRICED_5M,True,True,0,
GiceoDuWoNLCvnALzP2rDYgtPeboeCKzSZTXUUEkpump,1787066172804841,5,5,0,True,True,FULLY_PRICED_5M,True,True,0,
2dTWhrw39Z3CaMsaYL7zm2uhnzegRNDJje2AnPPLpump,1787066161294193,51,51,0,True,True,FULLY_PRICED_5M,True,True,0,
9gYgf4dWzYgYtrYXCrXbtHxjVJwknrnM1marMaJYpump,1787066161287193,17,17,0,True,True,FULLY_PRICED_5M,True,True,0,
Avazq6GDxR2ZtgPvoRgQBGwe3K5vddp3FeF4bibvpump,1787066161265189,3,3,0,True,True,FULLY_PRICED_5M,True,True,0,
Bk3sjJSStMzXZyfjE8cjo46XVmv2LAMuEREXadSYpump,1787066159340586,7,7,0,True,True,FULLY_PRICED_5M,True,True,0,
56sTa6gdQwoFRbYoKYh6xUtJvnzVoPn8WcdyvYHYpump,1787066159235720,29,29,0,True,True,FULLY_PRICED_5M,True,True,0,
AyaUSQj8pw4j8keAaiPGBrzV75Ut5W5459vZv6vfpump,1787066145211944,1,1,0,True,True,FULLY_PRICED_5M,True,True,0,
hyoGjMM7pCQjqd4ng69qnmY6WTxSXzbVq36MNA8pump,1787066145197953,1,1,0,True,True,FULLY_PRICED_5M,True,True,0,
DEGwpm5H4WDajoMAjSdttG98XGCUzAMdCNuQQbDvpump,1787066119997046,8,8,0,True,True,FULLY_PRICED_5M,True,True,0,
BN6hn1Z3agNHvjiR88HrG4TBux7qC5TsDFuWrzy8pump,1787066119995042,3,3,0,True,True,FULLY_PRICED_5M,True,True,0,
FvU1y3JxEfReDVG17i53i7aumcYNe1e9UtjJJMY4pump,1787066119961047,6,6,0,True,True,FULLY_PRICED_5M,True,True,0,
A2xFC17oyjpP5y2qRjbTdtuJW8hZZ5k4pdNjJLUMpump,1787066117704509,7,7,0,True,True,FULLY_PRICED_5M,True,True,0,
auFas1D5oqc5d8aakNWDPKU2ahFRVytX2GK3dN5pump,1787066117691510,30,30,0,True,True,FULLY_PRICED_5M,True,True,0,
CzEWFLDqWsd1oc5JPbGox9e2u1MmaEUipFPt5ssTpump,1787066117689507,4,4,0,True,True,FULLY_PRICED_5M,True,True,0,
DLpB73BLmjiGppBZVp26qDJi5YFvDKSc2VNdLapQpump,1787066115564140,1,1,0,True,True,FULLY_PRICED_5M,True,True,0,
61V2GKHRF4qst9rJcHTTGcFNupH7SAwhZkPveMgTpump,1787066115555140,5,5,0,True,True,FULLY_PRICED_5M,True,True,0,
AqmEUVURk1ZzMobyFemaevGUERhxXiNiK7ot7tmspump,1787066115543142,2,2,0,True,True,FULLY_PRICED_5M,True,True,0,
GYPxqUjgrbTZhioiX7tg3h4hPYq2zWs4MbfaouBWpump,1787066115538141,5,5,0,True,True,FULLY_PRICED_5M,True,True,0,
2sRN8XEvbqC3TsAfGjFYSBBTv47DgwPhPfkAmikQpump,1787066115533143,24,24,0,True,True,FULLY_PRICED_5M,True,True,0,
4GGwW9ZYvXr6BvdTvRDBReETqEEBBiB9PxJUCQDXhHbo,1787066115531141,3,3,0,True,True,FULLY_PRICED_5M,True,True,0,
2JjukK53nwk8ChyEg8MQncAikcswKAfAYwRLezzfpump,1787066115510141,5,5,0,True,True,FULLY_PRICED_5M,True,True,0,
3muXZoEoewTFNJFTENFRpaagQ3cGm3CKKy41CtUxpump,1787066115505141,141,141,0,True,True,FULLY_PRICED_5M,True,True,0,
EKazz6J8nsmTN2mXuyQ8dkEE1KvzQfvN49SBi1KBpump,1787066110545052,2,2,0,True,True,FULLY_PRICED_5M,True,True,0,
9FVid2gUJJzeo1P416AEPECZNQAs8T3UNaPG7fAypump,1787066110484055,1,1,0,True,True,FULLY_PRICED_5M,True,True,0,
t9XQ3pDBJCcGXFPHiXZAbxtSCt3K1Je8XURMaBzpump,1787066103420268,2,2,0,True,True,FULLY_PRICED_5M,True,True,0,
7avZnWr6EmrSmRqfzxphcZL3RwXoNroaiBsM1hk4pump,1787066103388264,1,1,0,True,True,FULLY_PRICED_5M,True,True,0,
8tahYLGHLcfmUo27x5ckwwCuBvBHVyHAoV6VGKX4pump,1787066090317114,1,1,0,True,True,FULLY_PRICED_5M,True,True,0,
7xi6pZ41MUX5TVrx7w96cYRqs3cLYqHbZZWGwVgDpump,1787066090298114,2,2,0,True,True,FULLY_PRICED_5M,True,True,0,
3igZMv9Gk2s3NaewXosKVbiFppLT828tGiZSgPMKVpog,1787066076429110,12,12,0,True,True,FULLY_PRICED_5M,True,True,0,
BUR6uUd5Q6usT2o7kP2MB5RZfzbHHovoHryzbZ2vpump,1787066076373111,4,4,0,True,True,FULLY_PRICED_5M,True,True,0,
2pd9TSp2cd9VPztCUbULEgyTpPtVJt7fjWU7Aq9g6chy,1787066074174915,8,8,0,True,True,FULLY_PRICED_5M,True,True,0,
Arh9yqh5mUhRFnRdACu1ZqaMZ5xiMFgx7g2J9AXwpump,1787066074150914,1,1,0,True,True,FULLY_PRICED_5M,True,True,0,
6sgpaiVijqLsiVQMHoaNZh8mAFDqXsEGS7z3Ffk3HChZ,1787066072107382,4,4,0,True,True,FULLY_PRICED_5M,True,True,0,
EJPHSgz8n58KbyBMPwvvmrJ2E5AZiYCFoSxQtFzxpump,1787066072054382,1,1,0,True,True,FULLY_PRICED_5M,True,True,0,
CCwMj1iJvQ61akakwhz3SD1op5AjdTgfuevdAFNMpump,1787066072034383,31,31,0,True,True,FULLY_PRICED_5M,True,True,0,
6NrqtoD8XSCKag5MQUqu6onEBLAiddVw4E1GjA4Kpump,1787066069987319,2,2,0,True,True,FULLY_PRICED_5M,True,True,0,
GyAZ4x4it6NMvGezqM4zvLLboaT5PvQs8rq9SwDwpump,1787066069892319,27,27,0,True,True,FULLY_PRICED_5M,True,True,0,
4cvn3z1qb5VSWtnT2W3ZmSUZ5VMp6erUPQPPoLo8bdiM,1787066069889318,16,16,0,True,True,FULLY_PRICED_5M,True,True,0,
av28PGBE9Fwz7768iwNhcwMELFk2A9CMVR7Y2RG6H4K,1787066062460980,1,1,0,True,True,FULLY_PRICED_5M,True,True,0,
D2LRdZqyuaWyTAkqF2jCMyaqjTg2X33tVdLpQWqppump,1787066060263951,1,1,0,True,True,FULLY_PRICED_5M,True,True,0,
8V8BR2XgvKpwE2NT3M4q67vHPfPffaukKNsU1WWUpump,1787066060237952,4,4,0,True,True,FULLY_PRICED_5M,True,True,0,
WYV2o8EkysUeECWuGmLNbtWKcvXdXiDL1FWB8ybpump,1787066060211952,1,1,0,True,True,FULLY_PRICED_5M,True,True,0,
ACZauFEprmiEDsPhFqUD84Ssmh2tRJFNC7LpMXCipump,1787066058490802,4,4,0,True,True,FULLY_PRICED_5M,True,True,0,
5G68hVFL7KZAUWdLZFBuzLyG4vLgcwHAkDJvprjabr7y,1787066051556394,2,2,0,True,True,FULLY_PRICED_5M,True,True,0,
F37Dcoc8SteeLQMbJ7wUXceLztQoHVi3dC7eyqZtpump,1787066049605346,2,2,0,True,True,FULLY_PRICED_5M,True,True,0,
E63vD8AxNDAySjvzyVNQP4FNX6NWeUiJfW93Si2Zpump,1787066049601347,4,4,0,True,True,FULLY_PRICED_5M,True,True,0,
E7w2RjBdKD9Nj8ASAgU5ZvauKeY6r5Rtkg7TDJTPFzg7,1787066044803039,1,1,0,True,True,FULLY_PRICED_5M,True,True,0,
9ioks99qfhk3RvJ4R6gemw96ASmjkRXNsabEjZSapump,1787066044779038,5,5,0,True,True,FULLY_PRICED_5M,True,True,0,
CEEgCzVSVBpxb3BLARQmVcvq8AhnmTPqzT13mRM4pump,1787066042875040,1,1,0,True,True,FULLY_PRICED_5M,True,True,0,
CXWRoTsvSqr2GcajhC1jHeZ8dhsgmJ4W5d5W8nSEpump,1787066040552528,1,1,0,True,True,FULLY_PRICED_5M,True,True,0,
CpHpGDyzwuTM9DMwZAcYDzwi8LCNDidmiRvFk3Ekpump,1787066040552528,1,1,0,True,True,FULLY_PRICED_5M,True,True,0,
93KqxMgn2sRWnyArHcsDmFvujGLSkYKT5EUifFvJpump,1787066040536533,1,1,0,True,True,FULLY_PRICED_5M,True,True,0,
4De2DM4jEFeVnKmxftkWzVgpZDSQdipi7JCyfWyHpump,1787066040483530,1,1,0,True,True,FULLY_PRICED_5M,True,True,0,
5voxpVWgGkVVp5ANQZ5F4xFV82bqjhXsyJmkDZt7pump,1787066038224558,1,0,1,False,False,NO_PRICED_TRADES_5M,False,False,0,VIRTUAL_SOL_NONPOSITIVE
CfEU66dXoqxEoVhuKMPrKvesYjiiZXcxsntWG94Mpump,1787066035949174,3,3,0,True,True,FULLY_PRICED_5M,True,True,0,
4wWUG8wWaF5dHCuxBHBuUt1igokmAjsvsEMHJwPCpump,1787066035919178,9,9,0,True,True,FULLY_PRICED_5M,True,True,0,
4ovLa8niyLdr7Di2NpmtP2fCQoKuZPbbxmwrAMxbpump,1787066033845174,1,1,0,True,True,FULLY_PRICED_5M,True,True,0,
4kABDzHYWtuNYyYTpTHLJxzgyKyrCfLWD8o14PHKSEgw,1787066029212304,1,1,0,True,True,FULLY_PRICED_5M,True,True,0,
E7SpmNVmGpanvoeFnPkWKMFoTvKJDW9F1q1yvMxMpump,1787066026820325,1,1,0,True,True,FULLY_PRICED_5M,True,True,0,
8FHZpb2kRwBiqkT4wVmyxDS1R2eHEdyo2mxBTthppump,1787066024573287,5,5,0,True,True,FULLY_PRICED_5M,True,True,0,
GEJHipUhtpAfKinhkJED7YojsvT6L94e9mNxmu38AUMk,1787066024569286,1,1,0,True,True,FULLY_PRICED_5M,True,True,0,
CKQ8Yn9cmzBoMM4JjshBciaz8qmMqwGxE5BVXHzspump,1787066024538287,3,3,0,True,True,FULLY_PRICED_5M,True,True,0,
CJBMBkXm6eLCf5x377TwxQY3aXRoUD73Vnf7xVFyv9Fg,1787066022337245,2,2,0,True,True,FULLY_PRICED_5M,True,True,0,
9RWmsbDB4r5TX3U6q2PEZ35ovuz7Cv1Xyy9gjuUMpump,1787066015437617,2,2,0,True,True,FULLY_PRICED_5M,True,True,0,
yE9HaCVdg285cTfCDSDQUPVJSaFpXWjyFxqNmFKpump,1787066013091205,1,1,0,True,True,FULLY_PRICED_5M,True,True,0,
i4sWhVpq6g7v1y2kXTe5wvahW6frWZiWT45qgvtpump,1787066008825929,1,1,0,True,True,FULLY_PRICED_5M,True,True,0,
BkQ13B4rg5u6A34muiyqc3TA87XUuRfbHwiVgn8npump,1787066006573665,1,1,0,True,True,FULLY_PRICED_5M,True,True,0,
BxLFMN5dxh6NbuUN3cJoa25gwq5E5SBkmM48GSokpump,1787065999723081,3,3,0,True,True,FULLY_PRICED_5M,True,True,0,
BpkPJvqwpfh9fyzxgWBqbsdji4PJMckMd5dz16obpump,1787065997297347,2,2,0,True,True,FULLY_PRICED_5M,True,True,0,
GR2xzQC4MEfmkZ6W1Sy9hHspQjzqhfgWkXscHYdTpump,1787065995176489,8,8,0,True,True,FULLY_PRICED_5M,True,True,0,
AEfbMmKAhrotE9TUjr4DbuDHYGKqmRzETmHjghaPpump,1787065995146493,1,1,0,True,True,FULLY_PRICED_5M,True,True,0,
9p84LCs5cvAhK5zTW8HSdn1Ps6ntiQjwmsTEMkPGpump,1787065993165426,1,1,0,True,True,FULLY_PRICED_5M,True,True,0,
Adwsh1zWuoS8JMiJeNP8srvGJPV6yZRKWKQ6bKhNpump,1787065990695832,38,38,0,True,True,FULLY_PRICED_5M,True,True,0,
HiyxgZp2kbtRABCmda5vLey6sVcZki5Hg8YVfAmmpump,1787065986394950,4,4,0,True,True,FULLY_PRICED_5M,True,True,0,
6aNcAXbqLxzRtsSzYqbAVFhnhV1pq9BpRwhfxCZwpump,1787065984125394,29,29,0,True,True,FULLY_PRICED_5M,True,True,0,
CyBa9vpBVntr9rnVg9xQTq9PwZq35VW1Z7z4UuVEpump,1787065984057392,2,2,0,True,True,FULLY_PRICED_5M,True,True,0,
DzHCzW1YuXJXKGWpxkBiSWkrqRPYwxftG9ytbtRwpump,1787065979663447,14,14,0,True,True,FULLY_PRICED_5M,True,True,0,
wruRZnzAAJwMV9dYB8DNGo8Ak5AZcWfxzFCgShvpump,1787065979644446,71,71,0,True,True,FULLY_PRICED_5M,True,True,0,
5Q1TXEM1J4AFwK3JVr1ea9M6d91NHw3eqVuXc2KKpump,1787065977559973,117,117,0,True,True,FULLY_PRICED_5M,True,True,0,
9vAyjtKR6nxsAG7zQ7DBpzP73JACNv4tqB4ZWxxQpump,1787065975569984,1,1,0,True,True,FULLY_PRICED_5M,True,True,0,
47R6XKxXcTRfMydePQnmah6BsUDbfLizFkUVKrk9pump,1787065952788473,1,1,0,True,True,FULLY_PRICED_5M,True,True,0,
7ieZjiJXVfdvybwSLkpxubFS9wRdMeLbKy2od1Uxpump,1787065952786477,2,2,0,True,True,FULLY_PRICED_5M,True,True,0,
DS9ZKwSjJHBe5qpUcCnbWmVpC8192ZVSWeta1mMFpump,1787065952741472,1,1,0,True,True,FULLY_PRICED_5M,True,True,0,
F8gmQp86FD5BPToSuBzH78bamwBwnAVyf6UPNh6Spump,1787065948227030,1,1,0,True,True,FULLY_PRICED_5M,True,True,0,
2cPtCR16CgmuHWu1YZqmQXdA3DbMVe9oKsfg7JDopump,1787065941890687,16,16,0,True,True,FULLY_PRICED_5M,True,True,0,
AmuKDXLtnUGWVqRtxBYcH4iFxLPBELCitYCyAWcUpump,1787065941851692,11,11,0,True,True,FULLY_PRICED_5M,True,True,0,
CF2akftHm8VjH3Ct3jpNCAEUqNfH3rPKDR4tiXUNpump,1787065939316424,1,1,0,True,True,FULLY_PRICED_5M,True,True,0,
BQGD8AJppfbeUwEvN8GftCbMdPkC1NFgWamyjCphpump,1787065936910703,1,1,0,True,True,FULLY_PRICED_5M,True,True,0,
LTZT55fCZm53bPYCyksJkbsReHVEUQ6EssLrrYApump,1787065936909702,6,6,0,True,True,FULLY_PRICED_5M,True,True,0,
HAitwTdTkkfbs7U6WDLRddM7ih5KrZQxfhCuwtUupump,1787065936874697,2,2,0,True,True,FULLY_PRICED_5M,True,True,0,
EAjgxeuNrE1gNyhyqa2T5n4LJuXV898MKzcWAJRVpump,1787065934342046,9,9,0,True,True,FULLY_PRICED_5M,True,True,0,
9WWmzsfy75fq9fupdc1VbV3pkxC6Bo72SttL9a6cpump,1787065934337046,19,19,0,True,True,FULLY_PRICED_5M,True,True,0,
Cfnoqtw5fNWVhEeQL9xTpB8L9dJQ7bRgtpitBzxmpump,1787065932102377,1,1,0,True,True,FULLY_PRICED_5M,True,True,0,
9CefKkMgoGzGwpQmshq4o1VUkBT63RFjjkFboN3Mpump,1787065932065382,7,7,0,True,True,FULLY_PRICED_5M,True,True,0,
B1JnhwRpjY9WNYcVJX7JaUHDHZ8Nvi3b6pFUbJnQpump,1787065929853818,9,9,0,True,True,FULLY_PRICED_5M,True,True,0,
GeZ36sgBR6pRRQKxUzHXFRbtqJvViP3uNghwSmwHpump,1787065929615818,2,2,0,True,True,FULLY_PRICED_5M,True,True,0,
77nVXyBFpodeqNznEAFL6e7hM2Z4aVQX7EiUHVDVpump,1787065929522819,14,14,0,True,True,FULLY_PRICED_5M,True,True,0,
HrX5pyQfv3JL3zEpfLED98Ugqnx9FTxpePy42f3hpump,1787065922812024,1,1,0,True,True,FULLY_PRICED_5M,True,True,0,
DQqJfhVePQGDu7tzSG5mJMaEYXMHfXZsYqhoWoHNpump,1787065920628971,1,1,0,True,True,FULLY_PRICED_5M,True,True,0,
M1VnkXh52xk8QKz4mQXn2jKPxGxt3HMNC4GDaTbpump,1787065908810527,3,3,0,True,True,FULLY_PRICED_5M,True,True,0,
3MDxMCLM97cL4TWCUbjkfe8tK7JELLJXeMf7SuaLXds2,1787065902048887,2,2,0,True,True,FULLY_PRICED_5M,True,True,0,
78EWR6cSaNeAQHn64pzLJy6aakENq6bjG3A8yVHXpump,1787065899866042,6,6,0,True,True,FULLY_PRICED_5M,True,True,0,
6yRrxfmbna8VPoe6fRsmft85zPWEhuyB2XKqPgoEpump,1787065899815045,1,1,0,True,True,FULLY_PRICED_5M,True,True,0,
LQqRZn5ZQKzsMPKqBEegdWruX6Kh2enHPrCRE9Ppump,1787065888286740,4,4,0,True,True,FULLY_PRICED_5M,True,True,0,
BeWYjaUbQnd5thLtsycuhdFh4DPgUfbGSSGnVYTgpump,1787065885962382,37,37,0,True,True,FULLY_PRICED_5M,True,True,0,
EpEusBNqtyisdnVkCcvYJn7qRvfd5g2uhyxnN2capump,1787065885945377,20,20,0,True,True,FULLY_PRICED_5M,True,True,0,
8Rc8K5DsA82qker7WYZ5AYP7gbu8vzJaE5VoEgAYkyAT,1787065883730379,30,30,0,True,True,FULLY_PRICED_5M,True,True,0,
4ibgrkhCfALBStum2zRUXuevmu6FsyzgVwErpSeopump,1787065883726378,1,1,0,True,True,FULLY_PRICED_5M,True,True,0,
D7aYTXCXUzDptnp9TFZ2aFDaZzXMyh5eYXJnprHXpump,1787065883640378,13,13,0,True,True,FULLY_PRICED_5M,True,True,0,
8ScXDJAJaDiNPBVLMvu9eVb5VosgZrGH1JahkU92pump,1787065883598377,1,1,0,True,True,FULLY_PRICED_5M,True,True,0,
b7fiQMy9TvHFkFYtiCvUUAjnaFtJsUFdzYbUJ3Dpump,1787065880308231,1,1,0,True,True,FULLY_PRICED_5M,True,True,0,
BJs65ZhFSrs3VGXBEgvCxF9eBuMfVkrPQAFcgDw9HxEd,1787065878016185,1,1,0,True,True,FULLY_PRICED_5M,True,True,0,
BsRJ2pfLLLx3kfnrPYCXKCo14f1fGk5xHuQWVKEypump,1787065862687092,1,1,0,True,True,FULLY_PRICED_5M,True,True,0,
9wQft7bRhdBiEoXajQ8BawAQvbPrCGNMfvJeJh7ipump,1787065856586307,6,6,0,True,True,FULLY_PRICED_5M,True,True,0,
EYbYu1BTtFgduBUkmdpEmmTkrTwVj38vyDKfpURxpump,1787065851702353,1,1,0,True,True,FULLY_PRICED_5M,True,True,0,
C2BnFi3FRy5ZFfS6skqALY1SnRTqxrELtotpKWhbpump,1787065847905515,10,10,0,True,True,FULLY_PRICED_5M,True,True,0,
8MMxzkC7nC6tWVQZr2Ld5zt3rkGkrcswZnUwEyKxpump,1787065847836514,1,1,0,True,True,FULLY_PRICED_5M,True,True,0,
6gCteDkvNjTsw2dL36Eek7EjiJURz1gsXbrEFjpSpump,1787065847827516,7,7,0,True,True,FULLY_PRICED_5M,True,True,0,
4TUTxrTaMjRJBKgEB9CKR8QAruStkB43XuN4884Tpump,1787065843458001,12,12,0,True,True,FULLY_PRICED_5M,True,True,0,
7z62wLUMmQKqX9dgYnBRX8dmxNgjPgLRkgoXMHUepump,1787065839571955,1,1,0,True,True,FULLY_PRICED_5M,True,True,0,
AtYYkehsx7GyMekkYoH51EpS2EnnCHNmsmjxUeQ9pump,1787065839568952,13,13,0,True,True,FULLY_PRICED_5M,True,True,0,
44HjpkRFfENt7WxUq4oEyVAooF6nMwvFqssY93Ttpump,1787065839512956,1,1,0,True,True,FULLY_PRICED_5M,True,True,0,
FsSX2ZuVRTGC8JyswwL6MUQSWBbJWDNtJUVX38wfpump,1787065835187840,1,1,0,True,True,FULLY_PRICED_5M,True,True,0,
6RUcauPdNQcJvuYLqhR4bTQPiiEyqZaobRQeLCy8pump,1787065834899840,4,4,0,True,True,FULLY_PRICED_5M,True,True,0,
GvpyEmFAK7fJWQgunuWowHdiwGBcSBKJLaayRFFMa6sd,1787065834888840,3,3,0,True,True,FULLY_PRICED_5M,True,True,0,
VPX6Jju2J2v5mCsYKZ5nnAb3hKMLxpFVFcKpgXMpump,1787065834880840,1,1,0,True,True,FULLY_PRICED_5M,True,True,0,
7B7PcAsLqB2q7SejUxJMoETwx2CWV95Qqmnt9WXVpump,1787065834868843,38,38,0,True,True,FULLY_PRICED_5M,True,True,0,
3UMRBojgP4w8RkENHZQkS3tLG1Hxsn7EEPWr3PfEpump,1787065834851840,53,53,0,True,True,FULLY_PRICED_5M,True,True,0,
9cwLL7Uf37eCEL1wkVF2nvJaVamEEh2zfPxzWirmpump,1787065829394068,1,1,0,True,True,FULLY_PRICED_5M,True,True,0,
HsnAzENqnAcDzB6zZEKajZHNmqKysN8ucvVgywwXpump,1787065829338069,1,1,0,True,True,FULLY_PRICED_5M,True,True,0,
8vKaAhccfEQYCASbRqD8spiiPTgXkCSH3MYkAqX3Hx3B,1787065828119249,1,1,0,True,True,FULLY_PRICED_5M,True,True,0,
5NQTfQu9xa3gBA9WRGTtDGD74Ezbe274X2zZDk7HX4ZS,1787065828107250,1,1,0,True,True,FULLY_PRICED_5M,True,True,0,
7uEFqUm8vRLfRrnHt8RA9U27z1qGG8i3xUrPKWxzpump,1787065826227249,1,1,0,True,True,FULLY_PRICED_5M,True,True,0,
FRjGMwzkw5vbQruH6k6sp5bYHXacbTCQvW89nK5Npump,1787065826205254,1,1,0,True,True,FULLY_PRICED_5M,True,True,0,
Dp85YCrwxm6sJL17YRBR9BXjyxC3hh5XvaRim83apump,1787065821827697,1,1,0,True,True,FULLY_PRICED_5M,True,True,0,
8DVEh2yo3iTqQThHp5Twnhf9Tq4M3SQG2ZdVPcu1pump,1787065821820697,1,1,0,True,True,FULLY_PRICED_5M,True,True,0,
7srnGgZj4H8cfPfUBU4dgjzsVcYrXi2qA7iRNp4epump,1787065819531789,1,1,0,True,True,FULLY_PRICED_5M,True,True,0,
FnyPJRwR6mphqf3qqhcackoqKukd1yNDFFFoy6Lhpump,1787065817559007,1,1,0,True,True,FULLY_PRICED_5M,True,True,0,
PAyjkzFpLPvvRjmD22LoAG2fFpMmjcG4BZTqDZopump,1787065817524004,1,1,0,True,True,FULLY_PRICED_5M,True,True,0,
ANAemUjUBm7u1fXXfnA6nfLEK96cZ8fd55RtM7dnpump,1787065815495009,2,2,0,True,True,FULLY_PRICED_5M,True,True,0,
RYKSNJa1UP3SBmFdLQozxKHiAVtcxAt5myJsTjVpump,1787065815491008,1,1,0,True,True,FULLY_PRICED_5M,True,True,0,
3xNDTyMgPXrtuZhzU1eYLEfqPe4Kwdr8FFrhomyHpump,1787065813311044,1,1,0,True,True,FULLY_PRICED_5M,True,True,0,
4Ca7E6wrkvVj6AVDufdc3gx81XSzj8dUUoCRid4Cpump,1787065809384886,1,1,0,True,True,FULLY_PRICED_5M,True,True,0,
9iZsUpvKxVP6VgLNFHL7C341Hi2EEEXbTNZqdqNgpump,1787065809365890,1,1,0,True,True,FULLY_PRICED_5M,True,True,0,
35hqEgKcDHUWbLGoqMeHVy5HnXCuJiGv1EK2RRqapump,1787065809357886,2,2,0,True,True,FULLY_PRICED_5M,True,True,0,
4TBM31qT6PR6bATPD5k7ZjqhAG8DV33XUSg2w6tzpump,1787065809325890,1,1,0,True,True,FULLY_PRICED_5M,True,True,0,
AwKgLNg2FG4ztEELSHhzi1j3nHcGoqwuWFWjouo1pump,1787065807381878,1,1,0,True,True,FULLY_PRICED_5M,True,True,0,
3SXKPDTAYeLXe3Xo2se7QJ9USSTgdkUoBzhacHrJLokU,1787065807345878,3,3,0,True,True,FULLY_PRICED_5M,True,True,0,
7RFkZg8Mp7zUR1nqeJ75xcDkwgsr2CGHZjuUwcfZpump,1787065805572417,4,4,0,True,True,FULLY_PRICED_5M,True,True,0,
DTCNpKqec2RN3ptE9H863gWC4QTk1uXZf1b6jGTjpump,1787065801227157,2,2,0,True,True,FULLY_PRICED_5M,True,True,0,
7wa4e3aa3YNLnmRbstgNBsNwrfSQGkeM2E2njKA8pump,1787065801224158,38,38,0,True,True,FULLY_PRICED_5M,True,True,0,
DCSYHkrShPY6ut6W6zHkbphwS76c41zdc4g2cg6Xpump,1787065801209157,1,1,0,True,True,FULLY_PRICED_5M,True,True,0,
CD65upP9W1gYpPCBxbHGAc9nJvU1ttkjWTargc1cpump,1787065798890537,1,1,0,True,True,FULLY_PRICED_5M,True,True,0,
3XpoYs1MseycynY9Xui4yB1rnEdKYMhZq7TJF8Lgpump,1787065796695470,6,6,0,True,True,FULLY_PRICED_5M,True,True,0,
D5sPbcttATYnu9HgsisbfDe74YYAYxtEESAVhtNhpump,1787065796691471,4,4,0,True,True,FULLY_PRICED_5M,True,True,0,
BEgW652buwqSwbDMff3GeubGUMawSzqd8zzXMgWBpump,1787065796648471,22,22,0,True,True,FULLY_PRICED_5M,True,True,0,
HYvmGhabdEos3reFSMBQ51fZ4AT8GWYCoKXxjUZmpump,1787065794723796,2,2,0,True,True,FULLY_PRICED_5M,True,True,0,
HjHHwJ19ygQxstzkuMhV8hAx5hPbqejuTnq7DzsRpump,1787065792559980,2,2,0,True,True,FULLY_PRICED_5M,True,True,0,
2v5zfULYPBHdD6Xi7SN9Kv5YWPFaYfVCEQxjmYHepump,1787065792550979,12,12,0,True,True,FULLY_PRICED_5M,True,True,0,
6Xgu7RzzDuWKN6Jzp3H2STaAScaTmc66YP3FK934meb4,1787065790455175,1,1,0,True,True,FULLY_PRICED_5M,True,True,0,
B5HEUj7Qjo6QKsh262tzKVPYiBZnvwuVbvPfLYKypump,1787065790416176,1,1,0,True,True,FULLY_PRICED_5M,True,True,0,
4MUpfFVG5raPmk9MzUmux7t1PEKfCieBWiSnXLRipump,1787065790416176,2,2,0,True,True,FULLY_PRICED_5M,True,True,0,
DapJsmvZ6e1fYdPm6YZUE8ybu8ZU2DxXWjQk8B6Dpump,1787065790404180,57,0,57,False,False,NO_PRICED_TRADES_5M,False,False,0,VIRTUAL_SOL_NONPOSITIVE
DS2khsRGLNKNTbBcf35r1UfUEB5qwM2jmZVSMgspump,1787065790402180,23,23,0,True,True,FULLY_PRICED_5M,True,True,0,
7eWoX2T76o3Y7XXSMM4KNsnpzftXRU7eoJEQe2KHQ6NU,1787065790399175,1,1,0,True,True,FULLY_PRICED_5M,True,True,0,
Gar7aSW6dSSfMRye37HLHuMmJExt8VNDNYQ1YX44pump,1787065788461862,11,11,0,True,True,FULLY_PRICED_5M,True,True,0,
E3qUxBqUmYg4PvoVGVexgLbZcmb3kDpZtzMX9wsApump,1787065783880977,1,1,0,True,True,FULLY_PRICED_5M,True,True,0,
3kXT6SjSm4t5mFToMbk6CB4PHdUyqiKvaaUrV1m8repd,1787065779165552,1,1,0,True,True,FULLY_PRICED_5M,True,True,0,
pQp2xpQ5gpsdQ32fNtLser6EGjpSRULtDKaA5L7pump,1787065768958896,12,12,0,True,True,FULLY_PRICED_5M,True,True,0,
F52dVaoMSoqF268GTQC4da3BpMV97TerhiGgVuQepump,1787065762487490,1,1,0,True,True,FULLY_PRICED_5M,True,True,0,
5Sz32fiudEjDMjyhqG3rT3fJ4tLfvVNRZei5Wj3B5fUQ,1787065760912154,6,6,0,True,True,FULLY_PRICED_5M,True,True,0,
BhaR6NVoxsMEZZL6CckWxbdCj1QaNgU1jQjvhmbRpump,1787065756433614,5,5,0,True,True,FULLY_PRICED_5M,True,True,0,
5mSrAZTcNuzmv4zWkBPhd86VgSY2CwYe1nZwb54PkqQr,1787065752196355,2,2,0,True,True,FULLY_PRICED_5M,True,True,0,
Bcv7veYYjpYku3dP8t5tARxYDWCp74wLzZkJEWtLpump,1787065752149354,3,3,0,True,True,FULLY_PRICED_5M,True,True,0,
7MvhocuVFqodB1k31qjWo8SpKQo9e1Li6tfvLVpGpump,1787065747920188,20,20,0,True,True,FULLY_PRICED_5M,True,True,0,
AKkYfnRC3rCrB44yc17NaGKaVobeVsfn3CYuGPT3pump,1787065747907193,12,12,0,True,True,FULLY_PRICED_5M,True,True,0,
6EFzmzMJ47kft2aa1kkiVWYYtWCkkthXMGjtgkZppump,1787065747871187,9,9,0,True,True,FULLY_PRICED_5M,True,True,0,
CMoW8gcRD2dUKdRJ7XKVndqn1kmW3qZjE7wLr8Jpump,1787065745906630,25,25,0,True,True,FULLY_PRICED_5M,True,True,0,
EeV8EotafBvwgyEgs7dyDETyGszMAi3xVG56XoJYpump,1787065741478736,85,85,0,True,True,FULLY_PRICED_5M,True,True,0,
54xoSB8yGEfCJdMSrUZPMJqGvdMQYaELWVZKk1Etpump,1787065741432737,4,4,0,True,True,FULLY_PRICED_5M,True,True,0,
3Dgt1FPzD89deWyJn6mYB6cKgsbfzebR894ckj2Mpump,1787065739375640,85,85,0,True,True,FULLY_PRICED_5M,True,True,0,
CXrYnJwCikT8bH2eTbX6dC7YT5iwnujxEY8fPedrpump,1787065739371640,35,35,0,True,True,FULLY_PRICED_5M,True,True,0,
6MhqGGX8HqMdQi5QNw1ZCHHQZjZMXtWEDUA2gjvRpump,1787065732657468,1,1,0,True,True,FULLY_PRICED_5M,True,True,0,
8shsCYppd2Wdkv95ZcEngWYC2pRCgQD2JmCdNvqSpump,1787065730410619,6,6,0,True,True,FULLY_PRICED_5M,True,True,0,
AchEa5m3swHwDH7GPsRpsQJLuGuis1Z8XD4oDDuZpump,1787065730340617,3,3,0,True,True,FULLY_PRICED_5M,True,True,0,
5tNdmZkSa8u5NQSeXF5u6TEFCKR4ptzRmXEZAoVHpump,1787065726398505,27,27,0,True,True,FULLY_PRICED_5M,True,True,0,
5aUWLwd8xLM2L59y9QZV4MxpbXPWvULN6eKoRvRMpump,1787065724135061,1,1,0,True,True,FULLY_PRICED_5M,True,True,0,
GgwohhznMYgg5ok9AuK4yceKawmiFFEJv6mqnw1pump,1787065722074947,1,1,0,True,True,FULLY_PRICED_5M,True,True,0,
BhQAxsLEhpz7feyXmqjR3qKVZVS8mJFERRYmHY1Ypump,1787065719701746,1,1,0,True,True,FULLY_PRICED_5M,True,True,0,
9A3aBz72VR1cGaUNdC7YEkvmkX1RFupzdR8dNnqZpump,1787065719685747,1,1,0,True,True,FULLY_PRICED_5M,True,True,0,
297YndZP9ZwUUkJShXKMTRevtRt25JCwRZdPQ8hfpump,1787065708559217,1,1,0,True,True,FULLY_PRICED_5M,True,True,0,
J3rofYdAHjXsXJQK8bkkcoyoLhWat9YWjHothHRVpump,1787065701941658,6,6,0,True,True,FULLY_PRICED_5M,True,True,0,
GjfYkeaXYEDPFFWiJYm6chZoudUgdHS3yeEVhuGXpump,1787065701940657,1,1,0,True,True,FULLY_PRICED_5M,True,True,0,
BDTYTE5w7YUtu7W7accm5skhXXnipE1ses8fTzZopump,1787065695499835,16,16,0,True,True,FULLY_PRICED_5M,True,True,0,
8akk7Jr89BDidNsqxPTYTynSD8g6wgYtjVYzhhNAFhBm,1787065693360178,2,2,0,True,True,FULLY_PRICED_5M,True,True,0,
9u4eL9FZoefPoiLm3Ph9o7NFZFRMHUvFJgEp2QyPpump,1787065693339180,8,8,0,True,True,FULLY_PRICED_5M,True,True,0,
8TKhoxfRkvsVaSutxVtjQe3o5NsnVXN7gwu7yicfpump,1787065691569179,198,198,0,True,True,FULLY_PRICED_5M,True,True,0,
ABQqT811oxVjGMvmaFUDcgd6vjqVp4L9kVPJZfizpump,1787065688193823,1,1,0,True,True,FULLY_PRICED_5M,True,True,0,
3utoVnTMJj9rJMBNoyWBgPuzsyCrwjDrGXFirvgbLYZj,1787065685802846,11,11,0,True,True,FULLY_PRICED_5M,True,True,0,
57dhgKRqwrjxJR8jAXzDQXUru7QCdxahbmeHgS59pump,1787065681534827,1,1,0,True,True,FULLY_PRICED_5M,True,True,0,
F54thvNRKFXwvVqe5jnsiVseddgUGZ2bB7qkMMi3pump,1787065681505829,1,1,0,True,True,FULLY_PRICED_5M,True,True,0,
EyngvhkJJBpzE1DzNdiCopJNCkiiYBqhJbRbisU5pump,1787065674886006,4,4,0,True,True,FULLY_PRICED_5M,True,True,0,
ArovBxfTQwRG3Ka2HZXjuATGzQhJ4AJzA4esv8vYpump,1787065672814176,2,2,0,True,True,FULLY_PRICED_5M,True,True,0,
6a3uWxEtgvC5n3DuH8TZVDQvBkQAHZDbuSSM34Sc2U1P,1787065672812171,1,1,0,True,True,FULLY_PRICED_5M,True,True,0,
CSPWZ4o6jhP1NfXLHS8A94BxC5YKz864xRHKh559pump,1787065666258747,1,1,0,True,True,FULLY_PRICED_5M,True,True,0,
BHD7zgQKsFYfPBQGoB88cPokdxfzAuZNekM3nooDpump,1787065661819391,1,1,0,True,True,FULLY_PRICED_5M,True,True,0,
GRaxWZoxVut1qHtbg2ibiuknQmY72V7oadE4X4H4pump,1787065661782390,2,2,0,True,True,FULLY_PRICED_5M,True,True,0,
D969TVj1QuT6BUpwzTHTXCHLieNorFg2nTJ3EJqsFJYZ,1787065661753390,1,1,0,True,True,FULLY_PRICED_5M,True,True,0,
Bgqv3W2gLUXXJGeNnP2F1yyd5xXfknVrhohKGdUVpump,1787065659612390,2,2,0,True,True,FULLY_PRICED_5M,True,True,0,
4i2wPuz9KpvXfSXtRuGEGq9FNtK613K5rNmkxRfGpump,1787065655150124,23,23,0,True,True,FULLY_PRICED_5M,True,True,0,
AjhtDHFBpxGy9Vk6nawqwJpMe6LzJzZNHp4zJUo2pump,1787065650718235,51,51,0,True,True,FULLY_PRICED_5M,True,True,0,
FsTQDLE8bthkwsE6kzzXgPj5Ui4iqMX1SfiAv4zapump,1787065650671235,13,13,0,True,True,FULLY_PRICED_5M,True,True,0,
7Bh1Je3to5VepSLidvQ8rgQreieCfRtS457o9pPKpump,1787065648291060,3,3,0,True,True,FULLY_PRICED_5M,True,True,0,
Bo11Q3ptGQ8o1SKSzURi7DCR9xGpiWSSfhNsXggkpump,1787065646062058,17,17,0,True,True,FULLY_PRICED_5M,True,True,0,
AFetZu7tV5fQeqRviviDYfm3Yv8AY6UVVSFDBTU1pump,1787065646009055,9,9,0,True,True,FULLY_PRICED_5M,True,True,0,
9FkKZ367nCJbuF9Jzw7EkPmDgwVC8jtwcbA8SDDxpump,1787065645861057,105,105,0,True,True,FULLY_PRICED_5M,True,True,0,
8uyH1EfnkM3WtCBVEMbZjGHSVLZZ8U9BDYQ8vD56pump,1787065645859055,97,97,0,True,True,FULLY_PRICED_5M,True,True,0,
GpM6u3FKikLSBBpZPS2NbA4eRTwaP8TfcuwQ99oFpZ6Z,1787065630808046,1,1,0,True,True,FULLY_PRICED_5M,True,True,0,
4AuUfnUV26G7ToJJYPyTsPtEtec29uzvxEYZVoXApump,1787065616189957,2,2,0,True,True,FULLY_PRICED_5M,True,True,0,
Guvd1USF34T9kLGD8qHZuxg2TyGqDWXPpadDRgA2pump,1787065611915955,6,6,0,True,True,FULLY_PRICED_5M,True,True,0,
JEDB6MRykFxGb2JYQtWv828suDvbmrYh9FLEyFsppump,1787065605230131,1,1,0,True,True,FULLY_PRICED_5M,True,True,0,
4hsXc7FjE7yg4w6Y2wUYM1waQdZtYfszC54265Er3Adx,1787065600804467,8,8,0,True,True,FULLY_PRICED_5M,True,True,0,
EHvGfp94mub8Ev5Vcnrc8X1o9z8NzLvJyGTaDLVQpump,1787065598831617,7,7,0,True,True,FULLY_PRICED_5M,True,True,0,
A2b2A1vMr5j7JoPBCqxqQ5YcCwihwRWddFQpbqrpump,1787065598775614,1,1,0,True,True,FULLY_PRICED_5M,True,True,0,
HenJf28waBHRC1ArKvnCDWiaeBN928JPes7U72kcpump,1787065596829833,2,0,2,False,False,NO_PRICED_TRADES_5M,False,False,0,VIRTUAL_SOL_NONPOSITIVE
4ABzFHDyzBwZiJrvCeEzvdobgnw1saJpxyXoMWXUpump,1787065596780833,108,108,0,True,True,FULLY_PRICED_5M,True,True,0,
9AFAdDMw5RRaHWxy5GgYhZ1XM5rXfckUNHdWihBhpump,1787065596778834,39,39,0,True,True,FULLY_PRICED_5M,True,True,0,
9niKyHXW9x7iHzwnMGoXTJLQeoHirz791Y8sJaESpump,1787065589393821,1,1,0,True,True,FULLY_PRICED_5M,True,True,0,
Eo3k9Ybo54MynJE2R2HNTFXHdkp6pKouNqBQmfJQpump,1787065585060391,1,1,0,True,True,FULLY_PRICED_5M,True,True,0,
34KFeEBnUu8ys9z9L9bp3tA4W5o7WQHAX27s4Rwmpump,1787065569810653,6,6,0,True,True,FULLY_PRICED_5M,True,True,0,
7towQFHFbJ2s8fgHXCC48V5BfgCgSGHzZEVmDNKkCZmG,1787065563838432,1,1,0,True,True,FULLY_PRICED_5M,True,True,0,
FCTa2JHNhUV31dNLt9jbGsX9EZCGttaT8ixC2aSwpump,1787065559876258,1,1,0,True,True,FULLY_PRICED_5M,True,True,0,
EjH3DAu7LK1o2WTYDeVpYopzhRzSqpHkBmN2GHGUpump,1787065557867202,1,1,0,True,True,FULLY_PRICED_5M,True,True,0,
EpbnC5mGVwbZFRrxsKPP5Bf3vNJ4vSZWS2EcDerpump,1787065557861202,5,5,0,True,True,FULLY_PRICED_5M,True,True,0,
7bhNAErEmh6mpeLPriVbfWn3DRuXnXgAZGdFXFXhpump,1787065557858203,1,1,0,True,True,FULLY_PRICED_5M,True,True,0,
4fLQEwYaHPZKFPoatC1DHPnVGnuzm92bSGd6KFrRpump,1787065557855201,2,2,0,True,True,FULLY_PRICED_5M,True,True,0,
G4g1zqJPWMUwKFGeejHq6C5TzWZTZhCfSREf3ZTnpump,1787065557830201,36,36,0,True,True,FULLY_PRICED_5M,True,True,0,
BuyVSuqtMorMjX4AYEi6uvFitZQqJoW6ryAMJLXcpF56,1787065557819201,2,2,0,True,True,FULLY_PRICED_5M,True,True,0,
4zRdgWwkjfhRysjJvJXNZsgnQ2qP567KptbuBP7gpump,1787065555954655,2,2,0,True,True,FULLY_PRICED_5M,True,True,0,
3J1beT5wNFPcLKKAxRmwcVcsqveV4rgAhzJLKu2Upump,1787065555949655,2,2,0,True,True,FULLY_PRICED_5M,True,True,0,
5iKDXGCoUqV6Rf1fK4ttpr4Wm4gbK3JNthqsP7iGpump,1787065555937655,1,1,0,True,True,FULLY_PRICED_5M,True,True,0,
5JWfn5d8zfCiefBZ6iGvKXFetGnf1UXD8fAkJ1wmpump,1787065553865355,18,18,0,True,True,FULLY_PRICED_5M,True,True,0,
EnJfD6WV7XKpAmjFEQZMAXRsAJKoV7sJj3Yd14vgwaJo,1787065553854357,6,6,0,True,True,FULLY_PRICED_5M,True,True,0,
HssGekuZzMbBSRMU2rykNJ5WEfhBn91y4ev5gMMPpump,1787065551495661,8,8,0,True,True,FULLY_PRICED_5M,True,True,0,
uwqmMNqdD3Hg6kpfTrqfaUGz9dZkiLBwAA587wxpump,1787065549182210,10,10,0,True,True,FULLY_PRICED_5M,True,True,0,
7R4bY5SHTLah4RvZ3RY8ATScEAxA5Sy6Wk8Af9Xvpump,1787065549102207,15,15,0,True,True,FULLY_PRICED_5M,True,True,0,
4htYDeEuxaLjNwauFnt8nsxhadk5p3ky6yzPP1NZpump,1787065545709254,1,1,0,True,True,FULLY_PRICED_5M,True,True,0,
AhVp35nh5K4GmF2BZGKYQdyodNdnsg6bZbfxugVopump,1787065536425076,1,1,0,True,True,FULLY_PRICED_5M,True,True,0,
8piNgzvTZLkfBPRcNnzajVcJB2dYBqo9sZ9q79qSpump,1787065534275929,1,1,0,True,True,FULLY_PRICED_5M,True,True,0,
uLBzbXh2HTQg7zBohUEh6DpCFjNnXCvUopLZxz7pump,1787065521777576,1,1,0,True,True,FULLY_PRICED_5M,True,True,0,
G7PgFPtp4ievgoU7NJvTiL3FCuJprLAfphJNXp7Apump,1787065521716575,4,4,0,True,True,FULLY_PRICED_5M,True,True,0,
GFXGpRyQQEcj8zpG7wDG2xKoCGKQpEkfX26XdpjmgPLm,1787065519635008,1,1,0,True,True,FULLY_PRICED_5M,True,True,0,
2dLcVwY8syb6e3f9CxNsRhGH3HTsYypESt623Q12pump,1787065519631009,1,1,0,True,True,FULLY_PRICED_5M,True,True,0,
C8bXaDGhMCLCbRJ36SgydQ1TniTW9QtfP8koEfrAWXtD,1787065519630008,14,14,0,True,True,FULLY_PRICED_5M,True,True,0,
AdxPnUFwJdj6g2QQrFprpgtiMkmW4JericYLFZZjQKMg,1787065517382007,1,1,0,True,True,FULLY_PRICED_5M,True,True,0,
G4mxSyeiS8ah9SVKp8xJQ3p5LAw8bJfJiqq2xAyBpump,1787065513055528,1,1,0,True,True,FULLY_PRICED_5M,True,True,0,
BP7jFaZj2aGvfvqsBRyBEfdHkSgMh6kP7cwt3THnpump,1787065510557891,47,47,0,True,True,FULLY_PRICED_5M,True,True,0,
ArDnhbwnMsrwcDz1j4FyHkwRFc2Ga78yvS6qWs9Tpump,1787065510551890,24,24,0,True,True,FULLY_PRICED_5M,True,True,0,
5jjt7Umhf5FY9XHpoVw4td1m7QpebX8u79A6vA1hwwXq,1787065510522891,2,2,0,True,True,FULLY_PRICED_5M,True,True,0,
8aSJsFziZEGpTAmrEhaB52yMmRvnTUCDrdoJYDGrpump,1787065505973446,22,22,0,True,True,FULLY_PRICED_5M,True,True,0,
6wPXe8q56DQxnwFGUAwiJ6Wb7U5yW1ZT6MbQfFoZpump,1787065505944447,4,4,0,True,True,FULLY_PRICED_5M,True,True,0,
GBGoUEQEsZdgKCUvcqP2jYz9bPzprRwD3fh46tgDpump,1787065503798169,9,9,0,True,True,FULLY_PRICED_5M,True,True,0,
EeUAhKCJrm17tJ7q9pZLepZf1mATDkPssuyurZywPnAV,1787065497854605,1,1,0,True,True,FULLY_PRICED_5M,True,True,0,
5qWauo9cgmk9Kxs9VUyyZhnNiN8PNsYjGHKzp959pump,1787065495548601,1,1,0,True,True,FULLY_PRICED_5M,True,True,0,
6hFzZsZFchximX5HAr7ocE6uciR1cLMx3APKxTqppump,1787065493594212,1,1,0,True,True,FULLY_PRICED_5M,True,True,0,
58Gqp4bDHV6qvwpUhezea9dsxzTvXGbfjq14Voytpump,1787065493560217,2,2,0,True,True,FULLY_PRICED_5M,True,True,0,
CgkZJjhBHdSxZNbBLJpfNTYzP2tRVbEn5jULvsWDpump,1787065491374009,1,1,0,True,True,FULLY_PRICED_5M,True,True,0,
F2jVDTxpjPdi1Uz2SqfAzMFZ3D6GfEdButz4W1EFpump,1787065491299009,1,1,0,True,True,FULLY_PRICED_5M,True,True,0,
AFWYQqBmf1ocNqAtTYFhMuBnqz5PS4nPom7Q5qWwdgn4,1787065480725310,3,3,0,True,True,FULLY_PRICED_5M,True,True,0,
3ifkEAs12bdqXHoy73iDE4y7S89VJuSyhpEQncL4pump,1787065478591310,7,7,0,True,True,FULLY_PRICED_5M,True,True,0,
C23gFj6iwvx8CDXufQCQ4iE9u2fjMyaGkGJJgMMNpump,1787065471889065,1,1,0,True,True,FULLY_PRICED_5M,True,True,0,
66FimQQPYtrbtHcja5YVa1g3bSZrL63A2hDcVr28pump,1787065471841610,1,1,0,True,True,FULLY_PRICED_5M,True,True,0,
HJMat3yYfo4ZsotwMtnjdtKXNfDDTrqf3TswLmy7pump,1787065469703805,2,2,0,True,True,FULLY_PRICED_5M,True,True,0,
HL4x3JDqhdXRJXq1jLnh1TRUR1YwbDA87arfa7S2pump,1787065467513809,6,0,6,False,False,NO_PRICED_TRADES_5M,False,False,0,VIRTUAL_SOL_NONPOSITIVE
Ae5H9KGbPfvjsZggw6VdrAocg3BjngdGfcAjZ84pump,1787065467480806,8,8,0,True,True,FULLY_PRICED_5M,True,True,0,
6dRSbtMsAAkyEJwFunPqrzEakGfCghmppgQwp7Vmpump,1787065463087087,11,11,0,True,True,FULLY_PRICED_5M,True,True,0,
6AE7AKJWrm7kWQYyu7J5oUUWkfvkLWK24NivEjh2pump,1787065463008086,144,144,0,True,True,FULLY_PRICED_5M,True,True,0,
2wQauj7GfHJoP3dEEs5EuvJs6VLh5cHhwx1NjjY4pump,1787065454237860,1,1,0,True,True,FULLY_PRICED_5M,True,True,0,
2LjXcHzemgaBLvCDscATTZgXdwGQtfdtwLumgfZu9Ts6,1787065452356702,2,2,0,True,True,FULLY_PRICED_5M,True,True,0,
4wG9SotRU2HhNvUFArbYoTRJsJprQt7oQwn2yLBBpump,1787065450212918,6,6,0,True,True,FULLY_PRICED_5M,True,True,0,
GGmThnnz54NiHkuJRd7aaGZ1j6Y9ePShqRi7tKWEpump,1787065450208918,10,10,0,True,True,FULLY_PRICED_5M,True,True,0,
tZx1K5kgNATiTu5rQ3JyPptCatTWrV37LkqBmJXpump,1787065445926013,1,1,0,True,True,FULLY_PRICED_5M,True,True,0,
5dwYpr9b6CVx4hfnAorRLMaeHC5MMZ2DoJzvcCTDekz9,1787065435360091,1,1,0,True,True,FULLY_PRICED_5M,True,True,0,
96kShEHXAYBn4oDsnyM4cRht5j5Xe8bRyBHAMxMtpump,1787065431254077,9,9,0,True,True,FULLY_PRICED_5M,True,True,0,
2GUmrjdzU6KsGTfMNAYh7DdBgxvs1hdXpVtLeY5EamW6,1787065429091812,2,2,0,True,True,FULLY_PRICED_5M,True,True,0,
FuGuFz7UFAxtRLGVeR5LjQ1oUJQEFNAiF59eUEH7LgUg,1787065427018873,1,1,0,True,True,FULLY_PRICED_5M,True,True,0,
4g3MHSiFLeAZWiLWFY2WaB3Z16CsLGH95VHRtvPhpump,1787065426988875,7,7,0,True,True,FULLY_PRICED_5M,True,True,0,
Chaz8qJSjSXnYCbkAPhch3cAEHd6pAtXDLifntkDpump,1787065424855768,2,2,0,True,True,FULLY_PRICED_5M,True,True,0,
99PtAH34w8yX3g6yGLwXhhoxHi6L3FzwA4QMMC3dnDgp,1787065424854766,1,1,0,True,True,FULLY_PRICED_5M,True,True,0,
5tTyDHQxmYeABNMRt3sWRYwqcrQgBH56M92zDN5epump,1787065418148968,1,1,0,True,True,FULLY_PRICED_5M,True,True,0,
32otTmG5mkhqmvky1c3wG3QeNttHwBUd6HBKhxPM7B7r,1787065418043408,1,1,0,True,True,FULLY_PRICED_5M,True,True,0,
7wubvLH7Ev9ntAQyFpAUgYUaeUdpGb1kapBLbSKJU47c,1787065415719371,1,1,0,True,True,FULLY_PRICED_5M,True,True,0,
43eFnCzW329p4K7hLfTiYdZRK3ZMQtS4ksnQ4uZQpump,1787065415617369,34,34,0,True,True,FULLY_PRICED_5M,True,True,0,
9PM1nycT2QKCpC7k969kRXrPTAPkbKU3qHE8GkyGpump,1787065413980344,4,4,0,True,True,FULLY_PRICED_5M,True,True,0,
FJ458DC9nWcS86YD9LYdTeMWw7RaYpbjLbNGCBPApump,1787065413767346,1,1,0,True,True,FULLY_PRICED_5M,True,True,0,
8hKbMLdokgi9P7yq7F7zXUHvGnk6Xardv2RRB2Dppump,1787065413745344,1,1,0,True,True,FULLY_PRICED_5M,True,True,0,
BM5uygAgnTfJ9pWsdcNiu2RnpZubasnAVF5mhfpWpump,1787065413740346,1,1,0,True,True,FULLY_PRICED_5M,True,True,0,
5MwaKy4wMbYKL8ou1ooDUXnbDxg68YQeTsapPyzbpump,1787065413739345,52,52,0,True,True,FULLY_PRICED_5M,True,True,0,
4HBgm6eo1Gc7uHrm7cFp8rFgyBM8TyM3XKZZ46H2pump,1787065409459277,1,1,0,True,True,FULLY_PRICED_5M,True,True,0,
kTAGCJajSmE4y8PBjsXXYzLuuyjs9EGtn9Xc69Wpump,1787065402792461,1,1,0,True,True,FULLY_PRICED_5M,True,True,0,
BSNF7CkAv2X1eM7v85eN486karYRv9wv9daoZrjVpump,1787065398690238,3,3,0,True,True,FULLY_PRICED_5M,True,True,0,
Hadp8sYKu9zvH7mbD3KXJmXGN8ZMpkPNWut5gGYzpump,1787065385709583,1,1,0,True,True,FULLY_PRICED_5M,True,True,0,
7Ah7E8FfRRCsh6XaWFZ7UrjSu3QL8FcwtBgbg8mppump,1787065385682582,2,2,0,True,True,FULLY_PRICED_5M,True,True,0,
22mcbs3LiZrFDUiQKefPrG8UEehPcHNnayPsMNXopump,1787065383492329,3,3,0,True,True,FULLY_PRICED_5M,True,True,0,
B66jaibTCKg17XZ4y4AHZFYgTRSG99GdjA9Fjh4Vpump,1787065377345793,1,1,0,True,True,FULLY_PRICED_5M,True,True,0,
Ckony28uJRAD7q7jnNuLd9fUZ8pqcyU5Y3gAKzTYpump,1787065375134353,1,1,0,True,True,FULLY_PRICED_5M,True,True,0,
A7hDRSATUYE8qkHuH43Bwydz8bKMcwGgSohqafQbpump,1787065372899034,5,5,0,True,True,FULLY_PRICED_5M,True,True,0,
7tKgsskqAPkDg5kvi5FDvubhgyWtrpJHrbGMHnq7pump,1787065370681034,22,22,0,True,True,FULLY_PRICED_5M,True,True,0,
9Ua9ev3GTrSSyeSivRHySnHni3ChEQQmAzMsYvSmpump,1787065370678034,5,5,0,True,True,FULLY_PRICED_5M,True,True,0,
4BTsBqepNuLTxULGor88BssZDfUTa7hN3PwaQbPnpump,1787065368675035,2,2,0,True,True,FULLY_PRICED_5M,True,True,0,
C1qt4W66MEsRUunBvpQpG2NxDeJekrAw9HJPmumzpump,1787065366831529,11,11,0,True,True,FULLY_PRICED_5M,True,True,0,
EEa3RiqWFCG1m4et9BDXrHUSdDkBqFr63uruvSKupump,1787065366815528,15,15,0,True,True,FULLY_PRICED_5M,True,True,0,
DGCRAPu5VdDa6p1yGc9AutfpsKFgsF3oXJdjcoZxBiik,1787065366675523,68,68,0,True,True,FULLY_PRICED_5M,True,True,0,
7mSx9fSDbNumi4o4n9iJbhvV2Jz3d3ga2Ja7fEGupump,1787065362051643,2,2,0,True,True,FULLY_PRICED_5M,True,True,0,
Du29o9SYz6BLYP8wSazAfbNwR7nTzaFPT33Gvfwkpump,1787065355900074,9,9,0,True,True,FULLY_PRICED_5M,True,True,0,
2hFhxEgBroVPoHn1VJGXiEt5vBu1oWDoz5sAKS4epump,1787065353976666,1,1,0,True,True,FULLY_PRICED_5M,True,True,0,
6544VbTaKiqWHbkN5nJYGBcxCckHGHi7CyFxAe9npump,1787065347608768,1,1,0,True,True,FULLY_PRICED_5M,True,True,0,
2YXmiK5j35EFLxDYczMrK9Tw6fjnwmCE3qh5sBzYpump,1787065337250974,1,1,0,True,True,FULLY_PRICED_5M,True,True,0,
7L3P6BCGFakmJC7KAiPb5pz2CtAWFnLB8uwdVX1xpump,1787065337239969,1,1,0,True,True,FULLY_PRICED_5M,True,True,0,
BpFLfwYsAFCNLPSJx6iekUcvGD1sv5dLXCpRM85mpump,1787065335121230,1,1,0,True,True,FULLY_PRICED_5M,True,True,0,
548RTetuTFgMWKfRxsUKHX9ae2LgoKEiaQPWnY1ypump,1787065333083799,1,1,0,True,True,FULLY_PRICED_5M,True,True,0,
4tKPZs9gtfoxd8xPz4ZmLCHicS357CfTP7UGwc3epump,1787065331075202,2,2,0,True,True,FULLY_PRICED_5M,True,True,0,
HWFB8MWTMNH3bEvczfAu7M7GN7sd5MAot9JxUbw1pump,1787065322800261,72,72,0,True,True,FULLY_PRICED_5M,True,True,0,
BtwR42hq1a7ou6kdbJ4SLyT5fi1JhR4R5riZth15pump,1787065322786265,1,1,0,True,True,FULLY_PRICED_5M,True,True,0,
pYqRRbJYk5pGfnZFKycZFaBAZawLo5uqby1zhu5pump,1787065322771261,1,1,0,True,True,FULLY_PRICED_5M,True,True,0,
8kvymRCQMbvdFcnRUrUoMYbtoVfvTDCjhjbZa7Rpump,1787065322750260,7,7,0,True,True,FULLY_PRICED_5M,True,True,0,
Ei9e8WBVvrCyqtgDEVhkskSdu2rmCTNwDBiWWy4wfi4E,1787065322748260,28,28,0,True,True,FULLY_PRICED_5M,True,True,0,
2BfkNAvxhGoR5njN9wfJiyer79fKhbDzkTyKPEa8pump,1787065321326542,73,73,0,True,True,FULLY_PRICED_5M,True,True,0,
J5Lwy5LBSLESUYT7bsi3DW4HHBsiibb1Z626CPHupump,1787065310966841,1,1,0,True,True,FULLY_PRICED_5M,True,True,0,
5VrEVK3FSPUQm9uWXThDvfnSjhKdsKNMuLA42yVrpump,1787065294219434,5,5,0,True,True,FULLY_PRICED_5M,True,True,0,
9breyVDwJD3tpPzJYhpX3BHHxKfZoPhqX3vfhKhfpump,1787065294167433,6,6,0,True,True,FULLY_PRICED_5M,True,True,0,
3ymXk8yWarBrMKm1fP7uE2rLQozZ7euopSaCNRX3pump,1787065292081046,1,1,0,True,True,FULLY_PRICED_5M,True,True,0,
3n1BHAGZwbCNrtzZwf2sMDksWFvFFtaCBnU5FKckVEfs,1787065292033045,5,5,0,True,True,FULLY_PRICED_5M,True,True,0,
Ftxc5tMB1jDoC5GqXK5Y9uF4SZ6u9UZuAwm6fizeSoQ2,1787065287864942,1,1,0,True,True,FULLY_PRICED_5M,True,True,0,
DxBXSWvUdyo1rwPDPz2gyatRe36b2wwpq2dqHxFhpump,1787065287834947,1,1,0,True,True,FULLY_PRICED_5M,True,True,0,
CVnSTzWScUyoX1PWWFcj3sf83rPDxeZZK5ubKLBjpump,1787065283788912,4,4,0,True,True,FULLY_PRICED_5M,True,True,0,
7rHzU2UBHn71pSb7pjJVBPzfkWV228unwPr3buzspump,1787065281522795,25,25,0,True,True,FULLY_PRICED_5M,True,True,0,
HjbSh9Ka8VXQDcXMuK56ydDjtHtG3z4agAXVGoiUGfBh,1787065281510791,4,4,0,True,True,FULLY_PRICED_5M,True,True,0,
CFkpcmysGQvTwij4njX3EtFdkkRkVQS7JNrof8zSpump,1787065279279242,38,38,0,True,True,FULLY_PRICED_5M,True,True,0,
Eem7qNazymfvybLgnSRekYVxn8jtTkovBHsiLSqVpump,1787065279266237,1,1,0,True,True,FULLY_PRICED_5M,True,True,0,
F1tFTFtujrMjxeBThUZymPtXsxcCh7tytDngJ71Kpump,1787065277095236,77,77,0,True,True,FULLY_PRICED_5M,True,True,0,
3RhQ1nQQLqhAuQF29y5cXt7ATc7nRm1HpckUreLJgLdT,1787065269731881,4,4,0,True,True,FULLY_PRICED_5M,True,True,0,
8P5KzzRkpkkxk9Nqfj6eX7m9zkvuyB2ZEihXbDZFpump,1787065265418029,2,2,0,True,True,FULLY_PRICED_5M,True,True,0,
3we5ukc18G2xunqwkWtd8ZLpRSddtg4PiNQZHqympump,1787065259042661,2,2,0,True,True,FULLY_PRICED_5M,True,True,0,
4viTmpLtFnJNqifTkES2zj8Txg9F2ot7Zg2WpXRepump,1787065252514699,1,1,0,True,True,FULLY_PRICED_5M,True,True,0,
Fjk1M6JSzGNNF86Tqkt3KuCaEN1DU1Tk46P5BPePpump,1787065250429820,1,1,0,True,True,FULLY_PRICED_5M,True,True,0,
C75AAyf8pkzfX8ECqBMycm8jEFQ8Qw3UVRUiYKDgpump,1787065250370819,1,1,0,True,True,FULLY_PRICED_5M,True,True,0,
9ptYcPGDdzUUYXeLHjSVEhoqUSSKo32xTvLx48pnpump,1787065248451317,1,1,0,True,True,FULLY_PRICED_5M,True,True,0,
5GXgTN1jMWtaQDE6emx1tp8XYrWKvQo2BT2ftj7Hpump,1787065244161983,1,1,0,True,True,FULLY_PRICED_5M,True,True,0,
FGvgPyP4D8b4kPFQGqKJMBTZEVT6FUzFRArLr7rtpump,1787065244151980,1,0,1,False,False,NO_PRICED_TRADES_5M,False,False,0,VIRTUAL_SOL_NONPOSITIVE
bijjPsHz3conwbusW6SqSGqksASxwk3PZovz91Hpump,1787065244113978,2,2,0,True,True,FULLY_PRICED_5M,True,True,0,
Bg6KoKNLami1M7TmXK4jAFFEjW6SgsMB6VL9mVW1pump,1787065242108443,10,10,0,True,True,FULLY_PRICED_5M,True,True,0,
DAMUaKfebFBMnUvAohd5moH4yZpryTzc4ZtyiZKmpump,1787065240114981,9,9,0,True,True,FULLY_PRICED_5M,True,True,0,
EzoQusPQPbxwfD1vAJDDXZRxQDbC1oMqAi8NdDxTpump,1787065231554197,24,24,0,True,True,FULLY_PRICED_5M,True,True,0,
25xyhS4CoqSnMQVgApv9CErgV9UgJ3scGiWUM6XLpump,1787065231500197,2,2,0,True,True,FULLY_PRICED_5M,True,True,0,
F4BTJVdKZrPZ7FthJE37r3bfc5MdzGjhjEmwvcovKQSF,1787065231454197,10,10,0,True,True,FULLY_PRICED_5M,True,True,0,
VhqMUos8W6RFpe3MrwAb9hhJJwQRMKpupPkPM5mpump,1787065211800236,2,2,0,True,True,FULLY_PRICED_5M,True,True,0,
J3gRr8QZKsXSWCRjdyfchzTSeXJuM7g3yGYq8xiq9fBJ,1787065207817927,2,2,0,True,True,FULLY_PRICED_5M,True,True,0,
7gwL3JjZ6A3253J5CdpruPsXGRUHCGunbBiBTMZLpump,1787065207807922,8,8,0,True,True,FULLY_PRICED_5M,True,True,0,
7sVRuhvQoMvcZ8bAQrscsv2BFGdmSeHWxanF1Zxhpump,1787065198677846,15,15,0,True,True,FULLY_PRICED_5M,True,True,0,
D9aZxb36koMSdPouSxHLACrjnebyEtfttFMxaumgyTAP,1787065198669847,1,1,0,True,True,FULLY_PRICED_5M,True,True,0,
HAzmFt4RbTnhLwD8exmC6xzAKwkekK6dnP1Cuo6Npump,1787065194704294,18,18,0,True,True,FULLY_PRICED_5M,True,True,0,
9VnUYPQDZzhuMCLRXBPJgd9irqp3JB7yXopTDQ599krj,1787065192800254,1,1,0,True,True,FULLY_PRICED_5M,True,True,0,
85MwaGgtGLhT6Ku8LJQ25cZkaREbpRa1B85gtmprtfjm,1787065188814796,5,5,0,True,True,FULLY_PRICED_5M,True,True,0,
D7LR7fu3NpSno4DBVbS11LPVWKutBapswJGaxWU2pump,1787065188812790,8,8,0,True,True,FULLY_PRICED_5M,True,True,0,
Fzn8Z3cPf6teB4f8QCCY4jCXGdQH3nzJtMX9WoPopump,1787065186913714,88,88,0,True,True,FULLY_PRICED_5M,True,True,0,
GBBXsBxEkugK2GxK24fkbaDQoJfMQjtDxAKmjBCSpump,1787065185202499,170,170,0,True,True,FULLY_PRICED_5M,True,True,0,
DGbRTZEamhDYQMj6D4HcXES5XtMwazQAyZrtrFuipump,1787065181218820,1,1,0,True,True,FULLY_PRICED_5M,True,True,0,
GiNAqnyrCuQCH3TMXNKZY7HkZZrXkZF1DgsJTtDVpump,1787065178957778,5,5,0,True,True,FULLY_PRICED_5M,True,True,0,
3aef9ANY3WsU7Mj22V1HEtpCNqJiEyffAGvhzPkLpmJe,1787065177088023,3,3,0,True,True,FULLY_PRICED_5M,True,True,0,
8bJBR5JgqGwXHL7kmceip8J7NHp5U5cSY6yNrrYRGiP2,1787065177001018,2,2,0,True,True,FULLY_PRICED_5M,True,True,0,
3icpehL5Tk1VTkrWs6BkYhwjBpyQe72SSP8k13J8pump,1787065158714279,1,1,0,True,True,FULLY_PRICED_5M,True,True,0,
2sQAAi5tfhiE2QaURQiz7Wonq2CGF8Lq2b7TDJrjyzQo,1787065150248770,1,1,0,True,True,FULLY_PRICED_5M,True,True,0,
AdDkZK1Z2dzf6HKmV35ZU2W7Rq1F7k1KnZqPuY4Vpump,1787065148129137,5,5,0,True,True,FULLY_PRICED_5M,True,True,0,
AqRn2MzTZuf8mohwF1gzps67ias9t39uHMsT17awpump,1787065148125139,1,1,0,True,True,FULLY_PRICED_5M,True,True,0,
9AAfgr7Rmhi5N7VxYuoprpGaH6ckoQCdqRJVvc93de8Z,1787065148113137,1,1,0,True,True,FULLY_PRICED_5M,True,True,0,
Ad1X6R7RQEPKf5GxFuyykSnUcKL2fDHJSmQUwhZqpump,1787065143866140,3,3,0,True,True,FULLY_PRICED_5M,True,True,0,
96QZ4sLztCF2uH1efdiUvbJGQYTkCAzoeFpafGFZpump,1787065143859140,43,43,0,True,True,FULLY_PRICED_5M,True,True,0,
9zfsCfWZVtpjjYArMM27mswrmcWXGU1tFH8mkSFZpump,1787065143839139,20,20,0,True,True,FULLY_PRICED_5M,True,True,0,
BYtd6zYpTryP926ryXLhAMeBKCLaAmzFRzXeqcy4pump,1787065143837139,9,9,0,True,True,FULLY_PRICED_5M,True,True,0,
8XohgfzpbCdwYAUbGy1zvTyvX47omrJmcsL4jsdBpump,1787065143714139,1,1,0,True,True,FULLY_PRICED_5M,True,True,0,
5KQngWMYdTxbqtPGYCdvXGEwh2WjkzaJBHTUpNnGpump,1787065142031676,12,12,0,True,True,FULLY_PRICED_5M,True,True,0,
Da7TNzPtTr84a39Cz2SaoET28mz2Xz2AX3HuQnf1pump,1787065142029677,2,2,0,True,True,FULLY_PRICED_5M,True,True,0,
148Hqs287Z1EqNnp3GsHKZoRhcDmxNFwmpAE6m3fpump,1787065141648682,37,37,0,True,True,FULLY_PRICED_5M,True,True,0,
7d7zECpt1YnfwAGzRAGTJP1tChAr6zq5J5kW2atSpump,1787065135363856,1,1,0,True,True,FULLY_PRICED_5M,True,True,0,
FtBkRoLCa8QG3W2tEWsWuABPWELD1bxokXMW6Haupump,1787065133293519,1,1,0,True,True,FULLY_PRICED_5M,True,True,0,
AkTkpPrzY1aYPaTBs4wDnd7m65dLMbDpsu7nLNKepump,1787065127396712,1,1,0,True,True,FULLY_PRICED_5M,True,True,0,
AFAccqRa2wuNHTJ2fFzfLwV4QxHUKpbMMPwKVTS2ChvW,1787065123503602,7,7,0,True,True,FULLY_PRICED_5M,True,True,0,
Dkg175f16EU62JVUexHK7QmdxfpKCgXowCDaPU6Ppump,1787065123433600,1,1,0,True,True,FULLY_PRICED_5M,True,True,0,
3h3frMwxRPqBBWLVmeNzJk72QyL92sWpofwcdXegxqjh,1787065119711959,7,7,0,True,True,FULLY_PRICED_5M,True,True,0,
Ef8N2nZgM1WdCeYL2BvVuTLoDjRhzHPyUAa2riedpump,1787065117750411,6,6,0,True,True,FULLY_PRICED_5M,True,True,0,
6qJ3ygeR2DMe5ZV25V1ZEZMBRStPEDAgXwYghfo2pump,1787065115537356,1,1,0,True,True,FULLY_PRICED_5M,True,True,0,
GKKMaeqRoz55F8LcHx5YJk1coD7eZvvtTgBzjj9Upump,1787065114016675,14,14,0,True,True,FULLY_PRICED_5M,True,True,0,
FiTtvJPu4Z4qJ4QhrVqneCN5aMh5Mqy9nUCpruHspump,1787065106190007,1,1,0,True,True,FULLY_PRICED_5M,True,True,0,
Z5CEhSuuJdjBqY9BkgLwF3PkVjjGrFngHgzQyFdpump,1787065102290688,2,2,0,True,True,FULLY_PRICED_5M,True,True,0,
DUx99zFzk4F1tgoexRTmFf8EeRMWTQkqeDDEH2Apump,1787065102254964,24,24,0,True,True,FULLY_PRICED_5M,True,True,0,
ETbehGB2VdbqQNQopMcUN1zqu393hzr8Eri4WgMfpump,1787065102239962,1,1,0,True,True,FULLY_PRICED_5M,True,True,0,
8eMJszqif5htY2FDG4Lm6D8UYFztUq7uQzjnBYxdpump,1787065098058430,1,1,0,True,True,FULLY_PRICED_5M,True,True,0,
3Xi1232TK8C7rfnz6N49JbB2NuT6zp2t8wpwznJmpump,1787065096116137,14,14,0,True,True,FULLY_PRICED_5M,True,True,0,
EjALPc8bMUJddQFXc2PPkZNkMKZrb25xAhJdKXvjpump,1787065094775609,25,25,0,True,True,FULLY_PRICED_5M,True,True,0,
3NA2jKPWLLbYbaTDX575jfS2NiDk4jy69EFwYdHQpump,1787065094437606,40,40,0,True,True,FULLY_PRICED_5M,True,True,0,
5CxJFwndBzGemt6xxNgmg9c3i1xQx7EFWm4fbQZ2pump,1787065094357597,39,39,0,True,True,FULLY_PRICED_5M,True,True,0,
BpV1vGpucoMR6LVFehtQQpmWNvKv73C5MKRFzszzpump,1787065089852812,1,1,0,True,True,FULLY_PRICED_5M,True,True,0,
AZEqLUaeDb3u6FnGVcLakprwgmk6bD3GPGzNXBZ1pump,1787065088062080,1,1,0,True,True,FULLY_PRICED_5M,True,True,0,
9NDyGWL91RqmBdRMroW4EoCccGivsrtw1tNMRWiLpump,1787065086009186,1,1,0,True,True,FULLY_PRICED_5M,True,True,0,
Eog9WBe8EXBmspFDomGdsmPYajKDRC1dMvnKUFYMpump,1787065085946185,3,3,0,True,True,FULLY_PRICED_5M,True,True,0,
J57vagaHtWhnbqckPddzrjbcuUhU5c9oybg12ctopump,1787065076580037,1,1,0,True,True,FULLY_PRICED_5M,True,True,0,
Btkp9kheswek3VuM96ZKQPGrE6dcxqwLyT53wahZpump,1787065076579042,1,1,0,True,True,FULLY_PRICED_5M,True,True,0,
AbmbgXKVG4CfgMSN26W6DEAfzNqUCNRZwCmoHc43pump,1787065076521036,1,1,0,True,True,FULLY_PRICED_5M,True,True,0,
9huHVyzXCXc82azFTsM5UaKgp1ZCaj6PRfH5rancpump,1787065060882733,9,9,0,True,True,FULLY_PRICED_5M,True,True,0,
2XLD5y5d1Bdx5rpDxhX3xzLCDdav3gw8gAasxAGSGFAE,1787065057506729,15,15,0,True,True,FULLY_PRICED_5M,True,True,0,
4hzoEL79dUm4Cf3u7AnUdAa7ZQbyocPHMH3CJaRnHF2c,1787065057473730,2,2,0,True,True,FULLY_PRICED_5M,True,True,0,
yK2X7cXdttZJYGkQgU1V8z1pZvZk5SfkJcCcwibneBx,1787065055320203,1,1,0,True,True,FULLY_PRICED_5M,True,True,0,
BTMUZ4adEGNjKANCUUocLbcprB9BNJcPMtJkyhSfed8R,1787065053456154,10,10,0,True,True,FULLY_PRICED_5M,True,True,0,
8pyF5fL8m67wNZ69MouKc25pXnJviyDwuqiRygdapump,1787065053451154,2,2,0,True,True,FULLY_PRICED_5M,True,True,0,
25VBxxYhYrjZy86nAU3HRTWxWgwmSEpRfvEAaKE2pump,1787065051253114,24,24,0,True,True,FULLY_PRICED_5M,True,True,0,
HxG6XSxrtAAqMGhpYcHKrawGtavmsuAFtM8GkyJ2pump,1787065049140698,43,43,0,True,True,FULLY_PRICED_5M,True,True,0,
BevCG6FzKrk2bMFpZwU3DfW4oRLP7cWrv3Vh6C6TUyjy,1787065047530627,50,50,0,True,True,FULLY_PRICED_5M,True,True,0,
GnSZ7XrqWiqJuVTZdKDoVcSJquXioy8W4vuQSD2Epump,1787065047371626,14,14,0,True,True,FULLY_PRICED_5M,True,True,0,
EpSjX6gghH8B1Yw6A98pj6iK5yMUiBMscx7jqBnpump,1787065047369625,1,1,0,True,True,FULLY_PRICED_5M,True,True,0,
HiYg4cqCWdqAynuJMQ7wczTtL6CtRi81dW1shb5epump,1787065034855435,1,1,0,True,True,FULLY_PRICED_5M,True,True,0,
FgcVQVyMEoj7GerVRGjAXa2cBgAAjLD3UxPZEBAXpump,1787065034786435,1,1,0,True,True,FULLY_PRICED_5M,True,True,0,
9jCU12TRpb5cus2R5xAjwRmMLMiLsquoktzoEczfpump,1787065033140895,1,1,0,True,True,FULLY_PRICED_5M,True,True,0,
DDonAwGfnikR6WnnyFx5AWbcTLcf2Fc9H8Z7xhRrpump,1787065033134893,3,3,0,True,True,FULLY_PRICED_5M,True,True,0,
BCmiskQhRUzMJYCbpp8pCG53HekhxfiUz14MVQm4pump,1787065025128980,3,3,0,True,True,FULLY_PRICED_5M,True,True,0,
EqG4JREPMF2iazeNfVmBMELkSExwRHatCZCXpymEpump,1787065025084979,1,1,0,True,True,FULLY_PRICED_5M,True,True,0,
6d82jE3VCP4uiKCqLeZptjKbjwBaNvVHNn4wT2sKpump,1787065023127232,1,1,0,True,True,FULLY_PRICED_5M,True,True,0,
GqPErgvui2Up3RTG12SN1jPpTePnGtTp7HAeiqDA6c15,1787065023105230,4,4,0,True,True,FULLY_PRICED_5M,True,True,0,
7kBKwZrC4Qg3hiN4aRi9LtenV4zvxVUduGn4KWkWmkL8,1787065023080229,1,1,0,True,True,FULLY_PRICED_5M,True,True,0,
666ivw47E3JESR1nWU9XuVnV2rtdQ7A4aE3yWTbppump,1787065016785418,1,1,0,True,True,FULLY_PRICED_5M,True,True,0,
GD3KdagGKdgjR8Xogq9kqSVrw7c658CcaAwxxa3Xpump,1787065014664523,1,1,0,True,True,FULLY_PRICED_5M,True,True,0,
CpujVzBHfcpntVdyQnwWsvL7NhnDeCpdSS9kikujpump,1787065004684044,2,2,0,True,True,FULLY_PRICED_5M,True,True,0,
Am62v7d8n5hW5hNRME62uEE8GmGiNGc3E8xc4yNypump,1787065004634043,34,34,0,True,True,FULLY_PRICED_5M,True,True,0,
8Z7t1wmu1XwXk4BF9Aqin4mXrxthBMHkgzhZ7q1Hpump,1787065000540375,4,4,0,True,True,FULLY_PRICED_5M,True,True,0,
DEbhqQPXNe1n3ZeRtMnx58Cm2GWysonQukaSHHqCu5m6,1787065000526377,53,53,0,True,True,FULLY_PRICED_5M,True,True,0,
CYoG5SUoLouU1oCsDQpdfwZ3xn3vQiwruCGSJBnypump,1787064996259870,1,1,0,True,True,FULLY_PRICED_5M,True,True,0,
FnRfq69Daq5Jwcera91jhZP3V5MmvdArn93rwHGqpump,1787064990186168,1,1,0,True,True,FULLY_PRICED_5M,True,True,0,
8kQAYRKSY1NkStV8R5Qhwn4wvi22ANMcPjTbGRuxpump,1787064990159162,1,1,0,True,True,FULLY_PRICED_5M,True,True,0,
GPQb7Jku7Ut4RBhHQhp2dZgKCQNsUNm7dvSGiK7Jpump,1787064988110936,1,1,0,True,True,FULLY_PRICED_5M,True,True,0,
Fwr92ZBGMXeBfv8NcpW5P1mpNZXhwhVtBwYd4UJSpump,1787064986159378,1,1,0,True,True,FULLY_PRICED_5M,True,True,0,
5HXF7V4PFeRcGtMRSGJC92kRXZJTrLq2iJW5AzPbpump,1787064986129383,1,1,0,True,True,FULLY_PRICED_5M,True,True,0,
3hEZDpv2QSbuMVy7XM27Ysn2txVG6YRvmNgn8CGopump,1787064982226205,6,6,0,True,True,FULLY_PRICED_5M,True,True,0,
E2eVHdSGeDuSWLWUtwWDBFsxFq9QRcykMXF236z6pump,1787064978060338,1,1,0,True,True,FULLY_PRICED_5M,True,True,0,
F1YtfbQbpuGmXB4DadwXKir9DHhit4Q2FNN2C4QVpump,1787064972402615,7,7,0,True,True,FULLY_PRICED_5M,True,True,0,
4TTyubdTQcwnQA43kMEXJHtSpFaDrPuCEvhTTbVAvJNE,1787064972399615,3,3,0,True,True,FULLY_PRICED_5M,True,True,0,
H3QGoRAP5UwEUdM2sSzXGVCcS7fnrgnjXfCtMyQfFsTd,1787064970325862,1,1,0,True,True,FULLY_PRICED_5M,True,True,0,
4kfFgrkfqEfzzPqZ35nvfWzGHv4zjFeSromCPpyRpump,1787064970278867,5,5,0,True,True,FULLY_PRICED_5M,True,True,0,
AJCnomx6dQV1FFUdCQ3EEpdBoorrvnykjST4ow3Dpump,1787064962544375,1,1,0,True,True,FULLY_PRICED_5M,True,True,0,
3or3ducQiooWdP4nkkMNwMwncmxvQpXKxNtsfTSXpump,1787064962532375,40,40,0,True,True,FULLY_PRICED_5M,True,True,0,
B29SR2tU5nR6v6UbBBThEygC9323A24NPF2cdvrwpump,1787064962500377,17,17,0,True,True,FULLY_PRICED_5M,True,True,0,
DQJPnuYm3n6zDRSpzLACjfiqT9TULfKacLe9p7WNpump,1787064958428348,1,0,1,False,False,NO_PRICED_TRADES_5M,False,False,0,VIRTUAL_SOL_NONPOSITIVE
97AzCUTz2GUYYgKma9QpBxwkzF6uKm6LUpkiskXnRdUz,1787064958427344,14,14,0,True,True,FULLY_PRICED_5M,True,True,0,
4CShtBAZjdft5pU4EKnBamcYoZ3jdGiKi32WpGxm3KAT,1787064958376342,5,5,0,True,True,FULLY_PRICED_5M,True,True,0,
23Kz21yct4F44ddBGm6Xi7wmXDP5C5PKAN6y88Hmpump,1787064958343346,101,101,0,True,True,FULLY_PRICED_5M,True,True,0,
4VZaSbcv6fHhs31JLq3pAPmgTWRncj5kjsYtjtRkpump,1787064958339345,1,1,0,True,True,FULLY_PRICED_5M,True,True,0,
5F6b5skfWuEcMkaGMYMXCmAuoJdMQ6yttYTBZPh8pump,1787064956481760,41,41,0,True,True,FULLY_PRICED_5M,True,True,0,
DAT918yWTWyffMxN3P9uN8LJvPU3nj7sy6AhtJW9pump,1787064956273451,46,46,0,True,True,FULLY_PRICED_5M,True,True,0,
4ZKJhnoRcrqtKJfoKdWMNnd45RwNg2eZY45RJ5mjpump,1787064956271447,36,36,0,True,True,FULLY_PRICED_5M,True,True,0,
5kg3NqPd5yHaeGHvdnBU96LsBcSFw4cq7FzHKhZzpump,1787064952344366,5,5,0,True,True,FULLY_PRICED_5M,True,True,0,
CeUyznQZhXrSHLTGDBpj9pG6XwvJrT2isfWCvmQUpump,1787064946415949,1,1,0,True,True,FULLY_PRICED_5M,True,True,0,
9GFd8RskbzzTejiypWJvhYa98YDb2EaNkxNyUHRD8hSq,1787064944534895,2,2,0,True,True,FULLY_PRICED_5M,True,True,0,
5g8Gj7nXiiLWudLYNWHahjnM4EPcLmp3CAuuWF2gpump,1787064940652593,7,7,0,True,True,FULLY_PRICED_5M,True,True,0,
CH1uU3VRu2Eo5gdyPacdEMtmvuNeEVMLAqVtenV1ZsL4,1787064936533978,1,1,0,True,True,FULLY_PRICED_5M,True,True,0,
BUk3rD8QNS3cqn1RyCWU2DKCUnXtBdSomTaxFn6pump,1787064934423507,1,1,0,True,True,FULLY_PRICED_5M,True,True,0,
BjeM1EibPgokXEAsoMsEMKVvUkhSPmuBwmp8W9g3pump,1787064930618668,1,1,0,True,True,FULLY_PRICED_5M,True,True,0,
HpnvXSjEaHBEJW34YAT5PkkgsDFp73KNY5wJQadupump,1787064930564669,1,1,0,True,True,FULLY_PRICED_5M,True,True,0,
4DHdFr1FwYXHRGmzF6MxEhEkBQ6UaBfMdm6HWnxzpump,1787064926623331,1,1,0,True,True,FULLY_PRICED_5M,True,True,0,
Cbu3XBfSDpJjngcitUUH1sqnHRLbbN5Yd9Rw5evKpump,1787064922660733,6,6,0,True,True,FULLY_PRICED_5M,True,True,0,
4fK9KZZC4noa2d3iSKHXDR4xbupU9kWhRE6LSYnLpump,1787064918659937,18,18,0,True,True,FULLY_PRICED_5M,True,True,0,
9PcQqbCgrLRRKDTuURamBGWn32yLn3S7Xe5nJJwJpump,1787064916670009,2,2,0,True,True,FULLY_PRICED_5M,True,True,0,
HanF4Pie7NWik9h3tNNZ4jAV4LFNpufVoXuEYXGfpump,1787064916636013,7,7,0,True,True,FULLY_PRICED_5M,True,True,0,
9hqw6wLfzKRry1rrhQv4N3nNkSzPGX7aaDjxdJE2pump,1787064916635013,1,1,0,True,True,FULLY_PRICED_5M,True,True,0,
Ev9cqrx5iHNnjPJfDApPtXuNDFz8ejPxuN9sg6Cipump,1787064916620009,6,6,0,True,True,FULLY_PRICED_5M,True,True,0,
4tdUtLJTUfZ14kUeqdV3noCjAM9PzY9JCUKt7jACpump,1787064916596498,3,3,0,True,True,FULLY_PRICED_5M,True,True,0,
BcJ5BMkh1XtKsHwrMkbhfyq9wXwCPnHvoeLCrDpfpump,1787064914642504,2,2,0,True,True,FULLY_PRICED_5M,True,True,0,
9dKWKgEqhWSiZHf6pKKrpjCnz7PdD1PXT8ArAbeepump,1787064912505451,4,4,0,True,True,FULLY_PRICED_5M,True,True,0,
4QsURTgHyFtpUamgYAxezfk99UUudNWmXsyN2ytrpump,1787064910674663,11,11,0,True,True,FULLY_PRICED_5M,True,True,0,
CYb7JyLwmhSMe3CjUPGxbrP3niWvPDtiC1wtGR8Jpump,1787064908982661,86,86,0,True,True,FULLY_PRICED_5M,True,True,0,
FJkodwcMuLwJv7QmrD1Q983MioazHKd7MGrzmQnCpump,1787064900588149,1,1,0,True,True,FULLY_PRICED_5M,True,True,0,
D4twka3oojSNrmFfXZmY4795oSSWNwHcztY9Q1dVpump,1787064898591568,1,1,0,True,True,FULLY_PRICED_5M,True,True,0,
BCY6bxkvQWygjJ5Y6u6ccWkkvwMRk9LMNhaKXc82pump,1787064896571034,3,3,0,True,True,FULLY_PRICED_5M,True,True,0,
J1g9RDXHpm1pibghqjCY3HkjdAqyoMBonx88iwMgpump,1787064892667155,1,1,0,True,True,FULLY_PRICED_5M,True,True,0,
ATbZQCx7zaNrWDF5apHppNooMGPz2M7JLf1UxJLZpump,1787064884749791,1,1,0,True,True,FULLY_PRICED_5M,True,True,0,
656Hsgow9HLfTfwMGDZuwmsuJ8qNi3bQy92LmHP3pump,1787064880650937,1,1,0,True,True,FULLY_PRICED_5M,True,True,0,
388d1grAEt8bTzTW4g5UrkJwitDQ4TTKbVBUPYfopump,1787064873898913,36,36,0,True,True,FULLY_PRICED_5M,True,True,0,
3KbdYDBZSvxME7sUYRBeh6PHYFbys77ZLXCGn3Topump,1787064871157024,133,133,0,True,True,FULLY_PRICED_5M,True,True,0,
21ADMsfQv1NxhDLLLhS3mM9Hw5GpJEf6UBdEY1yFpump,1787064865352895,1,1,0,True,True,FULLY_PRICED_5M,True,True,0,
Bi9vuVTxBgqT3pT8E7SAnTuwzTsFKVZCvjRN25SSpump,1787064865290892,42,42,0,True,True,FULLY_PRICED_5M,True,True,0,
8xGJQ3XZZnMy33fC2J6FS3nTye84vQSGYQA8X4ndpump,1787064863324102,1,1,0,True,True,FULLY_PRICED_5M,True,True,0,
4B9wk87xzekiVjKwxTURwCjw4xYJPQYe41yyGpeHvARw,1787064853495186,1,1,0,True,True,FULLY_PRICED_5M,True,True,0,
mb8J2GXZ8ntofnyYMkcuzt6s92HLciS5xBtPhNWpump,1787064849590798,5,5,0,True,True,FULLY_PRICED_5M,True,True,0,
9pqpEqdVaKYCyHQmZ6MkNbNpG76ML8LcRD4nDEDhpump,1787064847609767,5,5,0,True,True,FULLY_PRICED_5M,True,True,0,
6K4yMfxexYdgm7LPKwDvxfr2d6moHkAd8qbp9cX4P5hK,1787064842000225,1,1,0,True,True,FULLY_PRICED_5M,True,True,0,
6ecNkh5eYppMQJxKdo16sAJQQmwCWLGpChiUGt9bpump,1787064841975223,1,1,0,True,True,FULLY_PRICED_5M,True,True,0,
6QnH5vD1ZXezYEjUCcrTk8eDSfLxuwEPV3kQ97dspump,1787064841944223,22,22,0,True,True,FULLY_PRICED_5M,True,True,0,
9dJvYQtFyxji2RKQsonYBSK4U69JHBXyeMfCWbWupump,1787064830337642,1,1,0,True,True,FULLY_PRICED_5M,True,True,0,
DDQnW54xhVLLT7coGAfTPzgzKoWusNuL2Cy7Apdapump,1787064830280647,3,3,0,True,True,FULLY_PRICED_5M,True,True,0,
GEDmJDFQv1KJ7LgpGZdgFyTDZyXqmGZRtbrKRtY9pump,1787064822789375,3,3,0,True,True,FULLY_PRICED_5M,True,True,0,
Hnenk6xLnerwDWMAsfQ2pnx6BTKeSHmEU9zGwqdZpump,1787064820684078,1,1,0,True,True,FULLY_PRICED_5M,True,True,0,
8hdyHPyxu5f1iG4XkwxpQn8ge8LsUrhxwtCHszrSpump,1787064818695083,92,92,0,True,True,FULLY_PRICED_5M,True,True,0,
2TDMnabsjqxjuM279NdqQsZg67jfyvq4AkzVQ9Wtpump,1787064816842353,22,22,0,True,True,FULLY_PRICED_5M,True,True,0,
BnTacabkmp5UhPHkTghAfPboGZTEuqb4ciZKsKqdpump,1787064816819353,12,12,0,True,True,FULLY_PRICED_5M,True,True,0,
92zBSc8Dguy7go21XguA5R42TciW8bnw1osYzKKwbPPD,1787064816807358,3,3,0,True,True,FULLY_PRICED_5M,True,True,0,
8za7XqcwP36S3KJatCCNffgYAC5Xdm4yCuDtf8Capump,1787064816751358,21,0,21,False,False,NO_PRICED_TRADES_5M,False,False,0,VIRTUAL_SOL_NONPOSITIVE
4YfLBvoX3i7Rn2DCUFZhC2D9m6gUeURgVNvHEVizpump,1787064814761526,16,16,0,True,True,FULLY_PRICED_5M,True,True,0,
5eNTra94PT3NSoQNFqZpV73kA7aoCehjDTxE6Drkpump,1787064814749529,83,83,0,True,True,FULLY_PRICED_5M,True,True,0,
DDqHQNwQXNyNAF6HqUXUeax3p5zATFuMcfWkKKpNAcKH,1787064813043988,4,4,0,True,True,FULLY_PRICED_5M,True,True,0,
GJGCrCoZ48J5WYPCqJSjg4QRF1kMcVmxFNgB3kzMuSnU,1787064808322486,1,1,0,True,True,FULLY_PRICED_5M,True,True,0,
CSJrSiNjrqjeaW2EKz63WBvtVDzVTSiBBnYwsWEaCBd,1787064804498339,1,1,0,True,True,FULLY_PRICED_5M,True,True,0,
FGLZxU2SghTqaEkXtYt77WyPLJPYL2zuiAT2sEnipump,1787064804468339,1,1,0,True,True,FULLY_PRICED_5M,True,True,0,
2mZa38Ad4EiCcpAPTdjWhndgf6qUA3AXA1ejUQLKpump,1787064802767339,4,4,0,True,True,FULLY_PRICED_5M,True,True,0,
EoFea2d8e6rbMboXu5KJmyfmECdhnyF8KuNiGxerpump,1787064791271832,1,1,0,True,True,FULLY_PRICED_5M,True,True,0,
AaTrtP9adRxU4FxWgNJJ86Hd9NQEdSKYM98E717fpump,1787064791266827,2,2,0,True,True,FULLY_PRICED_5M,True,True,0,
EgL4PpuYJokz8w6w5NbyTUbunumKcjgkKjsc1cu4pump,1787064783901438,3,3,0,True,True,FULLY_PRICED_5M,True,True,0,
56bnVpU5H8JKCypZFd9X8CUwvy7YctyqiuztZTmApump,1787064783818992,1,1,0,True,True,FULLY_PRICED_5M,True,True,0,
CWxcXSMP553sEY9YQtF6o23DEtnfP5gXUmqAFmErpump,1787064780041687,1,1,0,True,True,FULLY_PRICED_5M,True,True,0,
4mKjGRzd8HD7GAufxxhkdHh3q2pAkRdctMLh29owFYBV,1787064777960649,1,1,0,True,True,FULLY_PRICED_5M,True,True,0,
EzhvittSvmBmhZh1T7kuit3PijUeJV2H8hYiyq4npump,1787064777922654,1,1,0,True,True,FULLY_PRICED_5M,True,True,0,
HBk6J6J78yxUbh9LWJ5XQz7Ahbi5byGJzGonrXcBmHB2,1787064775912649,28,28,0,True,True,FULLY_PRICED_5M,True,True,0,
C28KYUN1RWZt1FhS97PAtxFJ2DFdBtZKLBVjAYNTpump,1787064774031607,1,1,0,True,True,FULLY_PRICED_5M,True,True,0,
6GNX4fJBfnn8Y6SxEyJn5UJ8bw6JUwC5nTPrj1mQtPUz,1787064774009606,18,18,0,True,True,FULLY_PRICED_5M,True,True,0,
G67zTbei93DdJph4MzD7vJn51dn3CdwPZdKHfydFpump,1787064773983612,7,7,0,True,True,FULLY_PRICED_5M,True,True,0,
FLFvMR3GLJZtrXLpjxBDgrsZwXgBuRipJbMhwKJNpump,1787064772123607,7,7,0,True,True,FULLY_PRICED_5M,True,True,0,
5HSdBptEPiM8MW3FpqYMwcpFEEtZwBUvzWjLu9uBpump,1787064772055607,1,1,0,True,True,FULLY_PRICED_5M,True,True,0,
ANkGRZzPBjtDp3MxXpQNW1NcAYREGzdroCCcaNG5pump,1787064772034607,22,22,0,True,True,FULLY_PRICED_5M,True,True,0,
DiVyAUmabC8rhPn1QyEpxT62K5u1en3KMRhai4yEpump,1787064768129865,2,2,0,True,True,FULLY_PRICED_5M,True,True,0,
EsHmaDSRPkzCCstSQJ8voVLGsjSgSBSq624ecBVMNSLT,1787064760363605,1,1,0,True,True,FULLY_PRICED_5M,True,True,0,
ANbxc4zJPPv8i1Wv7anrC98ZAsUSBm5D6u1v6RCqpump,1787064758766605,4,4,0,True,True,FULLY_PRICED_5M,True,True,0,
68H3P61sJrAioz42Tkf7BxyadCVv5SZ4WnmtTohJpump,1787064754878526,7,7,0,True,True,FULLY_PRICED_5M,True,True,0,
UcjZTLwdUQZ3zrEnYVoaZhHHs8BY25YPC1FrKsQpump,1787064753035742,5,5,0,True,True,FULLY_PRICED_5M,True,True,0,
GzD5wvrCXvSL14MjkQu4e2QLT6feyKtDCAaxHhL36p8L,1787064747402092,3,3,0,True,True,FULLY_PRICED_5M,True,True,0,
C8sJ5fZ4SFFT6WhwPRFhEj9jPRfQsyCahfcN1shgpump,1787064747361096,4,4,0,True,True,FULLY_PRICED_5M,True,True,0,
6hYj99fVZMgSYFRyVpEGx1KJrNLE95RqMDvwwRjxfXe6,1787064747357096,1,1,0,True,True,FULLY_PRICED_5M,True,True,0,
A3zhn7QcSLPAfdMXpDj7TendXh1RcGqiMV51ShBzpump,1787064743448190,5,5,0,True,True,FULLY_PRICED_5M,True,True,0,
3FJS9AR9EpCFmYrPSZuT1CFKj2YyJm6qBKoreUUHpump,1787064741509123,2,2,0,True,True,FULLY_PRICED_5M,True,True,0,
CzGv2k3u4UXXE79FWXKaP6CLVVLjtK4bBM5GAGudpump,1787064735835736,8,8,0,True,True,FULLY_PRICED_5M,True,True,0,
BwBtDFdDXo9Rg14tGSv6ygkAF7q5okojKHXU4Ghmpump,1787064733894227,2,2,0,True,True,FULLY_PRICED_5M,True,True,0,
GPJspkMPdouTTfjJJjAHGEPobKbKKoFoAGVmjyCMvJ53,1787064732055183,8,8,0,True,True,FULLY_PRICED_5M,True,True,0,
CmCnaXaoxmSyq2RrQ2AnVyr577i9V6mmwZUb2wZwpump,1787064732007187,1,1,0,True,True,FULLY_PRICED_5M,True,True,0,
GKo9pZKas6nhmeSUXYye3wnrBhDmqQWkTVS3UwyApump,1787064726421880,4,4,0,True,True,FULLY_PRICED_5M,True,True,0,
FTSRQWbFw6hYMrxb8dx5CCKtdgTDkePKBrfNgsNapump,1787064726419875,4,4,0,True,True,FULLY_PRICED_5M,True,True,0,
Bapyr2ew7jZ4tqjpS8pth7aNXCvQtnhuiNMwK3xxE4Zm,1787064726373876,32,32,0,True,True,FULLY_PRICED_5M,True,True,0,
FfiRxrazcMCrYyPQ7C2zA7a1t1NXRnqSa5fASGtupump,1787064724497076,4,4,0,True,True,FULLY_PRICED_5M,True,True,0,
7eRefboELfoKcAoHmcFtFDMWDGTq3Hwackf74jSZpump,1787064722731075,18,18,0,True,True,FULLY_PRICED_5M,True,True,0,
3zygTwGb6oqRhGmQKMnF8WA6uhERf6Ma6qiUMishpump,1787064715558717,1,1,0,True,True,FULLY_PRICED_5M,True,True,0,
HG3jWnPhExfrdK1gMMTGkGmg2Za9dmdMG2v7q6P2pump,1787064713813722,1,1,0,True,True,FULLY_PRICED_5M,True,True,0,
JBd2L3ie2DbB2jAD53tXxoTdbAkNjfjrQ3BWG3GVpump,1787064713749721,3,3,0,True,True,FULLY_PRICED_5M,True,True,0,
FpLxq3gkwSVwr2wPCVoVyj4SKmRH4iYwrNRFgvgopump,1787064711952233,5,5,0,True,True,FULLY_PRICED_5M,True,True,0,
2pyPrHZwoSNGhM6G9kvztMEbmEwGfPYnZYP5tBakpump,1787064710166844,2,2,0,True,True,FULLY_PRICED_5M,True,True,0,
CWmC4bf8CVVkH4oZp9mJN5JEgq25hzwDnbgPkmJxpump,1787064710148840,1,1,0,True,True,FULLY_PRICED_5M,True,True,0,
Bq3Pj3SQVoGVqkWHvoagGNEPrR7MH2jV7mHGi8AApump,1787064708361789,1,1,0,True,True,FULLY_PRICED_5M,True,True,0,
3NTZZ7xKGyFY7jSoNUcuCJBkUFPn6HhDXymvYeDtpump,1787064706469205,1,1,0,True,True,FULLY_PRICED_5M,True,True,0,
B91Z5VjtSSWdUUQFk4B77xgL6mbdsP5LsvDYyQnypump,1787064704913830,6,6,0,True,True,FULLY_PRICED_5M,True,True,0,
8foVK3wW3WxF4yqKp6wr2TW2YoPyaq8pG2iBNrmK1Npg,1787064695709108,7,7,0,True,True,FULLY_PRICED_5M,True,True,0,
FpUX2Tv6anPpmNjRkYzNH5mrFLDDA3jNCUgeiqWVpump,1787064690359729,23,23,0,True,True,FULLY_PRICED_5M,True,True,0,
3vjQAhYhus9Sff1Pc8xiANh6pKhRUEi9JC5AHYGaWX9t,1787064688672902,53,53,0,True,True,FULLY_PRICED_5M,True,True,0,
7ao13TaErWrXip91NHuaNWy7WRsEXont4hg4dva7b54b,1787064688630898,8,0,8,False,False,NO_PRICED_TRADES_5M,False,False,0,VIRTUAL_SOL_NONPOSITIVE
HtPvE1kqz5qezC26Fy6LuUybA7grbddDjhgVhGjmpump,1787064686753541,4,4,0,True,True,FULLY_PRICED_5M,True,True,0,
2K9N5Ehbni3mjQsrRjE4TKPP35bM1LkHVjp4xGNSpump,1787064686746544,2,2,0,True,True,FULLY_PRICED_5M,True,True,0,
J2CAbtSqBjHRAHrgTUVhPEVcTyH6EQYbnDgwVax6pump,1787064684932543,15,15,0,True,True,FULLY_PRICED_5M,True,True,0,
5SSjnMZzrbvVVRNsg2ZQBGwFr3JcZkmCgAsd4crupump,1787064684918543,4,4,0,True,True,FULLY_PRICED_5M,True,True,0,
6s2QkSPa8MgYonu1Twt3pX19HApCvwg5VTqDrCpQpump,1787064684894546,11,11,0,True,True,FULLY_PRICED_5M,True,True,0,
2KDxw2HMzzJsVSBruPzgQHMsGppSrRbvitJ4EQJ4pump,1787064683117267,6,6,0,True,True,FULLY_PRICED_5M,True,True,0,
4M6ATB3CveC1p5Z9PVopfWx34amCaLUFH1k4DSwCpump,1787064681315201,3,3,0,True,True,FULLY_PRICED_5M,True,True,0,
HEg9rbsUXbTC4TiSD9Za39WdmtnjSrieU2DrHNgffPFH,1787064681308201,6,6,0,True,True,FULLY_PRICED_5M,True,True,0,
5an9iiaADSfpmaKGtzkqMTfZKfWj3jJwsupEomSZpump,1787064679512089,16,16,0,True,True,FULLY_PRICED_5M,True,True,0,
7Xu29sa9fBNcmrgp8wLenWtAwPGkuKQyCavej4CZpump,1787064679423089,38,38,0,True,True,FULLY_PRICED_5M,True,True,0,
EnGXEjmUMCQkV5ojPucv1b7HHtEKsrphiL1aASuApump,1787064675425469,1,1,0,True,True,FULLY_PRICED_5M,True,True,0,
3JctAnT5GKtoSCjkcaZL9SdJFqHa2JnrzhMwfL1Tpump,1787064655740174,5,5,0,True,True,FULLY_PRICED_5M,True,True,0,
HV3hCbfoj62e9JL3j7YW7j7nVhNLp8vvTfJFr3wApump,1787064650437818,1,1,0,True,True,FULLY_PRICED_5M,True,True,0,
BhKAaNRbow6hgNi6QX5tT8gV1XwQRdogf65njFPXT7Yt,1787064648577771,1,1,0,True,True,FULLY_PRICED_5M,True,True,0,
41XjjXTHKebuSP1jUrmMPNFEXNvabU2i3fmvFyjApump,1787064646876304,1,1,0,True,True,FULLY_PRICED_5M,True,True,0,
4UnMzLCWToh29KvetKUVLw1yQFRQDDWPpwrGjQZ7pump,1787064641704513,2,2,0,True,True,FULLY_PRICED_5M,True,True,0,
76bCW4Sf3M1vk36AK3PuUk4uHQrCPiWS8M1gbzDcpump,1787064638036992,2,2,0,True,True,FULLY_PRICED_5M,True,True,0,
GWFjEuMNgmvGaZ5oNEaAFDrfMaa4kTQ9wuKyNHsepump,1787064636397915,1,1,0,True,True,FULLY_PRICED_5M,True,True,0,
4AqXtzD7kWYfeTWffZuoQAYD9pjtLJUNcJxpo34oav7K,1787064636320916,14,14,0,True,True,FULLY_PRICED_5M,True,True,0,
4Zt1rS9prrRQxoeqWzs9YKkg9MiGL4NNKuqULCYQpump,1787064634571188,20,20,0,True,True,FULLY_PRICED_5M,True,True,0,
3n1Yo6N6YsAZezMdUNxLFDiHH9tW8Scq9wfjaKW2pump,1787064634568188,2,2,0,True,True,FULLY_PRICED_5M,True,True,0,
AvhcxceTTJYvBD1fM6Nwas9ixn9Gk9PUzx8TfxuiZTzb,1787064634550187,13,13,0,True,True,FULLY_PRICED_5M,True,True,0,
BRjC8jWshr8Lnx72KL9crnRcnhBbiYCyYFL2jiHBpump,1787064634548190,2,2,0,True,True,FULLY_PRICED_5M,True,True,0,
HbtgmL4pLsfqrqhBvF65EoAhkbtSESswqfFmFmEGpump,1787064634512188,2,2,0,True,True,FULLY_PRICED_5M,True,True,0,
FPoKuopkbnjHGNCDYp5c5f4s1jN5Tq58dsJDF9hfpump,1787064633104351,12,12,0,True,True,FULLY_PRICED_5M,True,True,0,
FbqxgU9LwDc7asnYBpzLc1QdBntBykirViEedPM3pump,1787064633102352,47,47,0,True,True,FULLY_PRICED_5M,True,True,0,
Hjib1YmwPBdMgX5i9n36wqM7YvYKqqFEmCgV3jxmpump,1787064633096350,39,39,0,True,True,FULLY_PRICED_5M,True,True,0,
C6jN8XedqLh3JfswyreL4bwzXjkGAfsPxftNdkJQJHaY,1787064627382608,1,1,0,True,True,FULLY_PRICED_5M,True,True,0,
4WbJBx6VxwmtAj17c7Vk2R8MFfki9JRw6MyFkmC7MHjm,1787064622393727,1,1,0,True,True,FULLY_PRICED_5M,True,True,0,
F1XnVU6v8W6NmcXZzcHKhFi1nxGBexTC7bkFWseYpump,1787064620754364,1,1,0,True,True,FULLY_PRICED_5M,True,True,0,
Dx88osBUPJJBA4r7Yg9VXMC28FCTFqyPgYt1MWRB2gtR,1787064620734364,1,1,0,True,True,FULLY_PRICED_5M,True,True,0,
FHEyqH5XpPU4bPvdUwUFSKxMMgz96xVt1SqM2ctKpump,1787064620696363,6,6,0,True,True,FULLY_PRICED_5M,True,True,0,
D3JPgTrKCtPmYJje5Qy3BDs29Cg65yuXL4jZj6fARSNW,1787064618850364,3,3,0,True,True,FULLY_PRICED_5M,True,True,0,
CyVufBCSHzBWZvXuPb5wyiqVTqxMt6SErYFgdnBYpump,1787064615630218,1,1,0,True,True,FULLY_PRICED_5M,True,True,0,
7G9vhbKRGDfLrQi3dHJvpjeVfnC5BmJm89D9wyjNpump,1787064613811589,1,1,0,True,True,FULLY_PRICED_5M,True,True,0,
CMSqjACTfSYB8Qg2ZF2pz61GrvNBekfoXGmMtP7Gpump,1787064612010552,59,59,0,True,True,FULLY_PRICED_5M,True,True,0,
BndvGQ8HyuaZbBGM6uxsdaqGrmR5jXMZ3cSEhbJPpump,1787064608894478,1,1,0,True,True,FULLY_PRICED_5M,True,True,0,
9o9b5f4P8XNtxYmDbrHEubNqh8MBBmJ1mkQDi4JNpump,1787064605518099,28,28,0,True,True,FULLY_PRICED_5M,True,True,0,
GSkTjJaaiWYEbWALpnKxH9BQYDWhntzKMwP9WdRzpump,1787064605517102,5,5,0,True,True,FULLY_PRICED_5M,True,True,0,
HWdPQxNZ9gHPxbLCjabg78v3ERfB5bunqafKWa872KZh,1787064605493098,2,2,0,True,True,FULLY_PRICED_5M,True,True,0,
9ZtDYQ5qcWUTZx5Ch76frqrYCmSbDHWjbyzPiBJwpump,1787064600110032,1,1,0,True,True,FULLY_PRICED_5M,True,True,0,
Estjrds6hWnSwAr41vZDNTFFxGcEVepCsQEZZ75jRnFw,1787064596589192,6,6,0,True,True,FULLY_PRICED_5M,True,True,0,
BNd4QiknanD9AMMHaGesm2ucpy77USPYcVbwd8Q2pump,1787064596558190,1,1,0,True,True,FULLY_PRICED_5M,True,True,0,
24P2GKPn9sG5pajA6odu8Ncopk62TScTAUnwySSrqLq1,1787064591114798,47,47,0,True,True,FULLY_PRICED_5M,True,True,0,
788Dpw38bgyWgYz74osEPNYJ5ZKCDd8CpMT1C64mpump,1787064591066269,1,1,0,True,True,FULLY_PRICED_5M,True,True,0,
EGX9Dy4bow9oBCP6JU5taaGBk52RwkRW6ffaYx3Wpump,1787064591051266,3,3,0,True,True,FULLY_PRICED_5M,True,True,0,
7W3cQQPsuwMJanB1MfSH3NJLhYZftFTh8RSSf7ekpump,1787064589239125,4,4,0,True,True,FULLY_PRICED_5M,True,True,0,
CwW5TufT5PCAey6voTRBoEsusS3eybcHhWi7kKqYpump,1787064584091465,1,1,0,True,True,FULLY_PRICED_5M,True,True,0,
BsYrbCAhoWbSi9vbuFk8oYNw1DYjf9qCopo4uKnRpump,1787064575440345,1,1,0,True,True,FULLY_PRICED_5M,True,True,0,
3e78aD9MrYTSgNkf78g6vbtnHQP1t2aH3eckXehopump,1787064573627550,5,5,0,True,True,FULLY_PRICED_5M,True,True,0,
agJcWMEFtKUq8ncZ7TTFmWn99XoxBTGoQ2ZB2bcpump,1787064570439568,2,2,0,True,True,FULLY_PRICED_5M,True,True,0,
DyBh57TtmtyMvDpdbcP4RWsgGYAiokub6o3mpeQRpump,1787064567109747,2,2,0,True,True,FULLY_PRICED_5M,True,True,0,
7hks1uwKS44Aqp53GY3jLVjXhxJ9wM9Ng1eWEktUpump,1787064567079753,4,4,0,True,True,FULLY_PRICED_5M,True,True,0,
4P2q13SsuM4GM1b5mp7nE3coXSxMms8S4HGeug3Kpump,1787064567075752,5,5,0,True,True,FULLY_PRICED_5M,True,True,0,
5KeDEpM75HZuyMzAWESH1Nusp1Y2ffaTvKybr1HApump,1787064560219566,21,21,0,True,True,FULLY_PRICED_5M,True,True,0,
B7WueYMFiBHyxe7h74tABqYYVdouZpdH5UU2pRV2pump,1787064560215567,1,1,0,True,True,FULLY_PRICED_5M,True,True,0,
Hdc7EzQVfaTjQaxFz7yzm9CJLaCuvZo16Nvp3Xxspump,1787064556704427,12,12,0,True,True,FULLY_PRICED_5M,True,True,0,
3xzHdmkB2fePTuN7Ww9ewV1gdKBsNBdtC1Rhrv5Bpump,1787064556701424,1,1,0,True,True,FULLY_PRICED_5M,True,True,0,
7o6wqzMsXy7PnNc4aZrp497MWAe71LoE6QSKWWkopump,1787064556699425,1,1,0,True,True,FULLY_PRICED_5M,True,True,0,
BKadJDktcyAnQLHS1pikKuj9qLB2NMidzqrd43Vftj9Q,1787064556695424,1,1,0,True,True,FULLY_PRICED_5M,True,True,0,
ED6DJM5dSGhsrZHQKF4p86C86ercCvP53cXuoBQcpump,1787064556662424,9,9,0,True,True,FULLY_PRICED_5M,True,True,0,
Hnen8pgM1zeET1D3FHC4eBveHTrChwigJ9Biis4Rpump,1787064556661424,29,29,0,True,True,FULLY_PRICED_5M,True,True,0,
6U84z6ukyyoEc3hCj28HVzk12JtSAXpVcPqL1kuypump,1787064549818882,13,13,0,True,True,FULLY_PRICED_5M,True,True,0,
HPEqFRP2wp9RJzTsafbwUchq7nRFgg2NdbRtAyE2pump,1787064548097877,13,13,0,True,True,FULLY_PRICED_5M,True,True,0,
Eam5kx2rZkBoKMY1Cp1bawmmnHCHBH2QvzoLmWEZpump,1787064548089877,5,5,0,True,True,FULLY_PRICED_5M,True,True,0,
DZb5D7RVQ3qLRyAbBZHdLLkEiqj9kkhHca4ihAxapump,1787064548030877,2,0,2,False,False,NO_PRICED_TRADES_5M,False,False,0,VIRTUAL_SOL_NONPOSITIVE
4QrWH4GKuif9abEVYE7DixdJkU7SemD9wa7Dbokppump,1787064544933172,50,50,0,True,True,FULLY_PRICED_5M,True,True,0,
8vQexNjGTxQGrc99h47oSW9rCqTDGNSMysmX911Bpump,1787064544914175,15,15,0,True,True,FULLY_PRICED_5M,True,True,0,
7snqWSDoNPzqx69yWC8pPvCatX4vxcKpsgJCVq5vpump,1787064544912173,32,32,0,True,True,FULLY_PRICED_5M,True,True,0,
DfPSFmQScCqyevTFGLcZkbf9w6U77gW9pXyiiTYpump,1787064540013666,2,2,0,True,True,FULLY_PRICED_5M,True,True,0,
5rXXQt3oDac3YzshfUMTUR31GCoLixUZLeaSfi9Zpump,1787064538270160,1,1,0,True,True,FULLY_PRICED_5M,True,True,0,
5UHUJYoo9CpDuAjegkpQyEtqE7L3Qeho19crybTtpump,1787064536869674,1,1,0,True,True,FULLY_PRICED_5M,True,True,0,
247Fg2D8CoYafaDcZXuwApmZ8sTNXzHtmoyq3hK6pump,1787064533527919,1,1,0,True,True,FULLY_PRICED_5M,True,True,0,
243vcQRLUij8XfzdadU7hm7R55uytPeVoVC4Aj38pump,1787064531658158,8,8,0,True,True,FULLY_PRICED_5M,True,True,0,
3BB9H4Vqq2QCiBaEGdLMtDedjhVyNjEyN71Q3rZVpump,1787064526571393,1,1,0,True,True,FULLY_PRICED_5M,True,True,0,
7AsNiQiTzcBDeG7Bi6io1WSi3Bfy4753RKXoVK9jy6JV,1787064526532396,1,1,0,True,True,FULLY_PRICED_5M,True,True,0,
BJaSJWVPouJorp6ugDZmCTd3xDVzvXxdTJtzRG8QjCnk,1787064526531393,1,1,0,True,True,FULLY_PRICED_5M,True,True,0,
GfsjwoWurhhfuf952vLHMGy88yGTjbtvPdPaRhEqpump,1787064523056637,1,1,0,True,True,FULLY_PRICED_5M,True,True,0,
HwLsW1m9MzNVAfrax3XvwfBctndvC22cnSbMdWRMMFne,1787064521499637,2,2,0,True,True,FULLY_PRICED_5M,True,True,0,
64MrMSW3pyvpazk9f1yq1jMWT6ooGKcXehKgnMstpump,1787064516343372,1,1,0,True,True,FULLY_PRICED_5M,True,True,0,
7udtmseCaBzc4jvhwRy7bgV3AEJ6vxCWiFiKqLGMpump,1787064513234264,4,4,0,True,True,FULLY_PRICED_5M,True,True,0,
AKsT2ZjG76ds4hzVawGgykNs8ffjP573eYa4WmkF3UVx,1787064511507857,1,1,0,True,True,FULLY_PRICED_5M,True,True,0,
CcWVFqrwzkEdHH1YpfZRjkdbKrxYQbU9BRqeC6ZGpump,1787064511461861,45,45,0,True,True,FULLY_PRICED_5M,True,True,0,
214NLARqYoqaRSU33bSkYuvmjyaWJJvpxtofaSa4pump,1787064509958077,1,1,0,True,True,FULLY_PRICED_5M,True,True,0,
E7zBYn4xg1y6ivnBawy9MnHTrZpzBTHyKSDUdQn4pump,1787064506262575,1,1,0,True,True,FULLY_PRICED_5M,True,True,0,
9tNHWNrGKoBG3gvSKLvBGGiYhfjtf3AQmMuW5VL5pump,1787064504515486,19,19,0,True,True,FULLY_PRICED_5M,True,True,0,
CnQX61iEqsLoVJy39JXtAY9Csf6r1EfPgnN58JJGpump,1787064504444484,7,7,0,True,True,FULLY_PRICED_5M,True,True,0,
7TsvAKxNczzAZy69a8w4iodJp8ZZoxwpP4tF7Aj5pump,1787064501191447,4,4,0,True,True,FULLY_PRICED_5M,True,True,0,
AUiNfDqDEhUtC8tQSKqsPdHq4pSBNezN8cPLvMLfpump,1787064501124450,1,1,0,True,True,FULLY_PRICED_5M,True,True,0,
24qDrKc9iJuJcRmGAu3F3hPcJDYZoTEPdMZN9zvApump,1787064499479948,6,6,0,True,True,FULLY_PRICED_5M,True,True,0,
FvvReWR5Cw6ps7RdvuoKg29BmxmxTHfugKVfe68Bpump,1787064498052102,1,1,0,True,True,FULLY_PRICED_5M,True,True,0,
5vFLJANo7aB3EMEvKDjLSsnxJnWFXF2CP7QaZCjKpump,1787064498050105,144,144,0,True,True,FULLY_PRICED_5M,True,True,0,
3p2ejSxgcnaNR5384HjBz1ohpU5p5yHEKPYwbBLRTAvs,1787064492643019,2,2,0,True,True,FULLY_PRICED_5M,True,True,0,
2J6L3s8jKtDop27TdjvWJXUim7mrybBiTvqtWB34pump,1787064492634018,5,5,0,True,True,FULLY_PRICED_5M,True,True,0,
5yirGVQM9N6yRVzjKbSwYHsieMSq3xe7jngAWj8apump,1787064490956509,5,5,0,True,True,FULLY_PRICED_5M,True,True,0,
8ZkUY4EM1nhWf2hihmWiPKaRy3gqxdoMD5LMQsPMpump,1787064490932508,14,14,0,True,True,FULLY_PRICED_5M,True,True,0,
7GsT5xHLzn7pxEMmZj4ZkfBVT27t2517zZ2y9m8jpump,1787064489490366,11,11,0,True,True,FULLY_PRICED_5M,True,True,0,
7VWjxaVPACVYubZD5uvBd9VWdL66iB9GwaMm836ipump,1787064486087718,1,1,0,True,True,FULLY_PRICED_5M,True,True,0,
ChjPCUfeZ3g1HhzH5sCxUjQDk9ktf996iUPMwft9pump,1787064484463550,28,28,0,True,True,FULLY_PRICED_5M,True,True,0,
EWnG1sjnBCRjWyZcUEWzYNRV94Xj1QmFyPcnKfDpump,1787064479440028,1,1,0,True,True,FULLY_PRICED_5M,True,True,0,
CieePUtWkaViC5B488Xc9akKjPBk4ZfnEQ3wEbF6pump,1787064477794286,1,1,0,True,True,FULLY_PRICED_5M,True,True,0,
4NGhHTtB6deviFMr6e1GredimNvYbQDrgZyC3Peupump,1787064474442519,2,2,0,True,True,FULLY_PRICED_5M,True,True,0,
93gjmszxtgK2AnUTzwfLP9wcaFQgtZubZtuTsC8Dpump,1787064474433520,5,5,0,True,True,FULLY_PRICED_5M,True,True,0,
HoxaDaoeB1TRqPVtJiN54EQYH9zQn7h2ADbYyLKyRQKn,1787064474378524,1,1,0,True,True,FULLY_PRICED_5M,True,True,0,
5YFRDbRDrQh6m8m4K434xVYu23BNsjUTe1CTrHyznegn,1787064472949520,2,2,0,True,True,FULLY_PRICED_5M,True,True,0,
DA75mihP9S26skD8ZDtJKzXonVbjqQafyGmuoDzFpump,1787064469498786,1,1,0,True,True,FULLY_PRICED_5M,True,True,0,
F8hWqQqFJVWt195VdN6dcEcmoApn8ZP7oXQsNZYbpump,1787064464618408,4,4,0,True,True,FULLY_PRICED_5M,True,True,0,
8X89MLw4CZJjqntP4zosd4gBoKRTDYNJH3wPCxfNpump,1787064463120406,1,1,0,True,True,FULLY_PRICED_5M,True,True,0,
EbN66VR4datJzQENwDdevLfLWDKrA2hsrvdiyg7Kpump,1787064461370582,1,1,0,True,True,FULLY_PRICED_5M,True,True,0,
8iaiChuZKc2dewk9RtF38iMh5SeStNk53ZYugaGvadha,1787064459720516,1,1,0,True,True,FULLY_PRICED_5M,True,True,0,
BGBJha3DrwEGNmw4kyZCwCGGKhQ9xNS4MLFokBfKpump,1787064454562358,25,25,0,True,True,FULLY_PRICED_5M,True,True,0,
E1AWVwgmt2n8mUPikdwFNp8A8CmTbUZT4pYxMTPvycox,1787064453122361,1,1,0,True,True,FULLY_PRICED_5M,True,True,0,
CA3DpvybxaRhfVEUv32qER6DufmKM1dvtowNpc23pump,1787064439658116,1,1,0,True,True,FULLY_PRICED_5M,True,True,0,
EbvfnFFSMiDGLQH9Jgfyronu3LYdX7R6m1nP4Fq7pump,1787064435107470,2,2,0,True,True,FULLY_PRICED_5M,True,True,0,
7ETp6ga7ApFpRDCfFSDdYGG746r1p8fKHf1m3quLpump,1787064433497379,3,3,0,True,True,FULLY_PRICED_5M,True,True,0,
8re4w1A6VgTVHWxkkEriFdSKDQiQnXafaWYm3GPrpump,1787064433480381,1,1,0,True,True,FULLY_PRICED_5M,True,True,0,
78DBj47j3BfW8WSJub3ToQ3m2X4RYzGtEtsmTvkfpump,1787064433475380,1,1,0,True,True,FULLY_PRICED_5M,True,True,0,
DJMqKkXvA89E6SQ7kPqA4jfgTnEd94BP3RYwFPdGpump,1787064430452270,1,1,0,True,True,FULLY_PRICED_5M,True,True,0,
8MHgmEZVwPq2MZFui8bZygbPagXAYtqsCjDWNXkDpump,1787064428855275,18,18,0,True,True,FULLY_PRICED_5M,True,True,0,
4foMfd56C1Y1F3i4AWmL7BzzkjXKPpAJjkp9HNyerGAa,1787064428847274,1,1,0,True,True,FULLY_PRICED_5M,True,True,0,
76h6KVURfVTzhM65CKgyHYgdmATQ6u7KqfDfGpUZpump,1787064427051271,1,1,0,True,True,FULLY_PRICED_5M,True,True,0,
2pPvP9Kff2msGHPpttu99VH8hiUbYPDvGnmZfy2Epump,1787064417711437,1,1,0,True,True,FULLY_PRICED_5M,True,True,0,
Bk36sjvP1GjARcYaGgCX2mgsYf8coXZcq4iwJAuUpump,1787064416106495,37,37,0,True,True,FULLY_PRICED_5M,True,True,0,
8CpHJfj1SszKCPfcyBq33tZo3B48RcYDZCiKJcf2pump,1787064413037787,1,1,0,True,True,FULLY_PRICED_5M,True,True,0,
4hCAaN9nBEg3He3M1ysd7ezr36CuArwp7CQRY9CYZ6aR,1787064412990790,38,38,0,True,True,FULLY_PRICED_5M,True,True,0,
HirJZf8NhpnXHcVsvDK9hnTCATYwbHssTNXmbahopump,1787064411332794,9,9,0,True,True,FULLY_PRICED_5M,True,True,0,
HtN2FHrNy5nB7xqPqt886JHUGf6cNWZuXz25TzC5pump,1787064409779384,1,1,0,True,True,FULLY_PRICED_5M,True,True,0,
2hpHxtxf64cf4unk9Ax12hbuQypdHziBaz3pwvndpump,1787064409769383,12,12,0,True,True,FULLY_PRICED_5M,True,True,0,
9W5B7Ms7Eerzm558qVQ4EvVEPndSPbT5up2F7d6Xpump,1787064409768387,1,1,0,True,True,FULLY_PRICED_5M,True,True,0,
FXNiqPK64vbVF4779W9CXtbScgTP2dbD1PA3grzpump,1787064409741384,16,16,0,True,True,FULLY_PRICED_5M,True,True,0,
7tfePwg7qXFraVWXfgmWtdVvr7yESCjKdCfSrMwepump,1787064408467562,2,2,0,True,True,FULLY_PRICED_5M,True,True,0,
6kMgsfZPDc7SoXrxER3GmRmVesBm1Dh36VKqYPcspump,1787064408343560,1,1,0,True,True,FULLY_PRICED_5M,True,True,0,
7vPc7cTL2hmW7DdsgThmiAVxAWEEmJwpjdf4B6m3pump,1787064408339562,13,13,0,True,True,FULLY_PRICED_5M,True,True,0,
B4H3RAN8xYwnA8Qf9FAku7dqsTGQckDq285qEdU7pump,1787064401470117,2,2,0,True,True,FULLY_PRICED_5M,True,True,0,
6ASnwiizx3LnDGUE3PeTjgrTZ9Vn9VQfabbcB2Lspump,1787064398487954,3,3,0,True,True,FULLY_PRICED_5M,True,True,0,
7cAqmFuQ52poyiwL4fx8v9QWd5aJzDNVA38AbQuPpump,1787064396953233,3,3,0,True,True,FULLY_PRICED_5M,True,True,0,
9k5WpcVpraPBeddRhvBzb1pv2bdxJhcmEVhHXLufpump,1787064393705695,1,1,0,True,True,FULLY_PRICED_5M,True,True,0,
HJ7sJJW1MBG5CWduoCL5e5j8QR8zftsyKK6J1wRGpump,1787064393645685,1,1,0,True,True,FULLY_PRICED_5M,True,True,0,
212s5Dc8mXsqXGukLzg8zKFjYxZPnnErNPfu89K8pump,1787064392309800,1,1,0,True,True,FULLY_PRICED_5M,True,True,0,
DYJEDYVCoemcfC4Vr8VAtwd6QAeb5iAqAt9L7pBUpump,1787064386102758,12,12,0,True,True,FULLY_PRICED_5M,True,True,0,
H6BVimfBJHzAJWiC89tmR2R2ZVVuxM6WF4x5pcLPpump,1787064386071675,3,3,0,True,True,FULLY_PRICED_5M,True,True,0,
Bnfgtb6A4pEhuvbxPNSmu5QYSNGdTZJAJW5RMXhSpump,1787064386068677,1,1,0,True,True,FULLY_PRICED_5M,True,True,0,
3t3t5UoaB6z7PnqiHR9kacKbibDxNxT2MZFttHsDpump,1787064384463477,1,1,0,True,True,FULLY_PRICED_5M,True,True,0,
r33bMXDqi71ieaXbuVc7hbb42yy5d87azWgn7KVpump,1787064384436918,3,3,0,True,True,FULLY_PRICED_5M,True,True,0,
3f3SahKkaqpNfYGrdpPTj2vcnMTWP4jtU7XmPeMEpump,1787064382871918,1,1,0,True,True,FULLY_PRICED_5M,True,True,0,
3GHxFPP9A8LvhaHFCp7JKtUYNFBqVUdXUdWNgrt2pump,1787064378472284,1,1,0,True,True,FULLY_PRICED_5M,True,True,0,
BSXFT7VfjXnVAagQyHUPqCfgk2P1f5hEEa6acxK9pump,1787064375446141,45,45,0,True,True,FULLY_PRICED_5M,True,True,0,
As9X8MXAtbRJ8kv5Sqe68darxg3Z1AJSGHXFkcWRDmPM,1787064375349027,2,2,0,True,True,FULLY_PRICED_5M,True,True,0,
GZ56yoJ8kArq7gYeAVQtoAWTpVYiCtK7968ZtV27pump,1787064373898959,1,1,0,True,True,FULLY_PRICED_5M,True,True,0,
EKMzgQs4QaDv7ynZLV6yhRk84ajv8chJw2AAjAR5pump,1787064373898959,1,1,0,True,True,FULLY_PRICED_5M,True,True,0,
Ermeg1ms4YJEkKNvR81wTkV8woFAhgfJ9bbcMSuXAfF8,1787064372409902,2,2,0,True,True,FULLY_PRICED_5M,True,True,0,
3F7srbn7bx1kT2z5eJQgckwUjK3SUs5ji7D6nvRgpump,1787064372389246,17,17,0,True,True,FULLY_PRICED_5M,True,True,0,
82c949QyXN9ziLsAhPyGXW39rDj1ZsdLQAv9fCjXpump,1787064372383886,196,196,0,True,True,FULLY_PRICED_5M,True,True,0,
9cbwHUkiE11FUpopU7KQC4GhsJidhNN8Xmsuo6rjpump,1787064372382885,4,4,0,True,True,FULLY_PRICED_5M,True,True,0,
4eW2BDxMezkrMQJh6ywg1VuyjJG2t5TUwJb2U3GSBAhU,1787064372382885,2,2,0,True,True,FULLY_PRICED_5M,True,True,0,
GWfLQX1ofSBH9uWNV7aQVr282DqFU1X1xrHGneQipump,1787064370903750,9,0,9,False,False,NO_PRICED_TRADES_5M,False,False,0,VIRTUAL_SOL_NONPOSITIVE
FaiUnfK4Ascwr1ebaofVTgQKA2qJHXftsu7pjmBnpump,1787064370864221,1,1,0,True,True,FULLY_PRICED_5M,True,True,0,
yCRjT2b71FnAbU2rhe1qnptojesXWhrhMdMzmcKpump,1787064367685830,33,33,0,True,True,FULLY_PRICED_5M,True,True,0,
5vTv2mGrwYCZ2q6FzoEkcGub1YPNVPe3KqcfWKF3ayEF,1787064366101937,9,9,0,True,True,FULLY_PRICED_5M,True,True,0,
56YrdvvioEox3m1akv8khYBcQa5Hv1RFWnqiFyndNtNM,1787064366098936,1,1,0,True,True,FULLY_PRICED_5M,True,True,0,
BVb6PPYggRx1TvJypB5KqTRBgbsNaELCdeDsXNUJpump,1787064364841100,17,17,0,True,True,FULLY_PRICED_5M,True,True,0,
4WcjjzeKcADtCvNktiQkPpYzg48hYYun6d2EDCRVpump,1787064364435621,46,46,0,True,True,FULLY_PRICED_5M,True,True,0,
65w43MrTpxdHtX2qgSs5jzzSomTTrR7NgdXkTzwKpump,1787064364409051,88,88,0,True,True,FULLY_PRICED_5M,True,True,0,
5QXQxJ7abvMcRbyrnK5LwD6dFALmdL5kZsfjM1eGpump,1787064357493805,1,1,0,True,True,FULLY_PRICED_5M,True,True,0,
8oL9NgYNdiGU7YGYQp39WgUMT2DXduVAdvKpQh4Lpump,1787064357490804,1,1,0,True,True,FULLY_PRICED_5M,True,True,0,
5kVM7dYJHSQGMEbGmzhPsrw1MovYdRkSfD4tRgf9pump,1787064348105570,10,10,0,True,True,FULLY_PRICED_5M,True,True,0,
A6JLxconN12bCMHAPanHLBk4N4uUvSuEYfCLte9Zpump,1787064346728428,1,1,0,True,True,FULLY_PRICED_5M,True,True,0,
HrBJhUvwMVfph6QyM3G1N61LfHD5nPMRNQYfY9xxpump,1787064345115989,5,5,0,True,True,FULLY_PRICED_5M,True,True,0,
B5kt2TpevFWePavTni5xWeCJ38sB8QgVVBZs6Rtkpump,1787064342009924,1,1,0,True,True,FULLY_PRICED_5M,True,True,0,
H9S9qFsRNck2Kp3jKxkgW6uZenEWqsicDQ3WtyGpump,1787064340363736,35,35,0,True,True,FULLY_PRICED_5M,True,True,0,
3tUNZdwgAkgzB5LhwbMLNgkTBYAjCJkQKW97qhtLpump,1787064340361736,1,1,0,True,True,FULLY_PRICED_5M,True,True,0,
7FGWcxckHoJMVQhS7NrJ1KeJ6xTUQSC5RWNxtz7Jpump,1787064340282281,6,6,0,True,True,FULLY_PRICED_5M,True,True,0,
DDvB8ASBNHG8R55n2iE4rrmUbbuqsQSXyaUwuVkJncGK,1787064334395953,5,5,0,True,True,FULLY_PRICED_5M,True,True,0,
6AE74Uypn1SzPogfEaajukAZ5Hv9AwD5bg4ZpUhfnFU3,1787064332976912,3,3,0,True,True,FULLY_PRICED_5M,True,True,0,
6GYJt9KEYATrEC5ZKzvkeKRyxhYMxwcwR2wyjDzEpump,1787064331452360,4,4,0,True,True,FULLY_PRICED_5M,True,True,0,
71yArK62EudjmDev8qm1u9pZqxr7BVGmPvRKWLqZpump,1787064331401998,3,3,0,True,True,FULLY_PRICED_5M,True,True,0,
8WALeooCaSDdfcwpboA1E7UMiA8A9Xvod58nxkPipump,1787064329914381,30,30,0,True,True,FULLY_PRICED_5M,True,True,0,
F5g7UCV99Wi9X5L5t49YdefMVCufQ7Afy45Jb5VywH1q,1787064326975562,6,6,0,True,True,FULLY_PRICED_5M,True,True,0,
83PpTY16FNxijdYU8j7GvSNybA5XWuof8tTqKmCfpump,1787064326867467,6,6,0,True,True,FULLY_PRICED_5M,True,True,0,
DivCCVuxKWzgvKNsB84mVshDo2jKtJerZ8R6Bkq2pump,1787064325423685,1,1,0,True,True,FULLY_PRICED_5M,True,True,0,
EvR6ZXJub9xGsPYNfsLe3xcWP3j3hfouts6iKcUzpump,1787064325415681,3,3,0,True,True,FULLY_PRICED_5M,True,True,0,
GTMjn9CPcyVgQ5HWEPgcEjabfvxagBSiNHNdsEAMpump,1787064323860876,2,2,0,True,True,FULLY_PRICED_5M,True,True,0,
2rnWSS5mH7yZXTSP2483wA9STCr5HHt1QvAXumzypump,1787064322452320,43,43,0,True,True,FULLY_PRICED_5M,True,True,0,
5FX3MikbJmKw1WQapYCNkf2UkHbuSyXFeoe56Wzbpump,1787064322368799,71,71,0,True,True,FULLY_PRICED_5M,True,True,0,
8BVxRNLdAGFx4esco7zUB6aJracYLGBnsLR3WLfMpump,1787064320853219,6,6,0,True,True,FULLY_PRICED_5M,True,True,0,
4kgW9s5Judyb1hXSjpxpchwg1ABpcP8QTuweftfKpump,1787064320838710,111,111,0,True,True,FULLY_PRICED_5M,True,True,0,
6TF1zu2MoEusj39JHJYjh9T5Grg5xdTH3XyfM9Wppump,1787064309650897,34,34,0,True,True,FULLY_PRICED_5M,True,True,0,
3ARb7PSW5ZiEfNetLcCBMAnAEPomHdtHwMSUxaTfpump,1787064309643708,1,1,0,True,True,FULLY_PRICED_5M,True,True,0,
GWGVbJZewRkPrnomEb7kcnCJ9k7JC9nqBadrkUekpump,1787064302554654,1,1,0,True,True,FULLY_PRICED_5M,True,True,0,
9S3SMWbMQqa1qDjnwtsbYhogKtNYsqYSvPF8Auh4pump,1787064302537603,1,1,0,True,True,FULLY_PRICED_5M,True,True,0,
2SYyejdvTU8wF12HWCxDfvP9QEyh2WCX73tnyohCpump,1787064296991226,1,1,0,True,True,FULLY_PRICED_5M,True,True,0,
2zM6ZBQ2kZrMNxUujye5snvtQNbXGFt9dmthk4HYpump,1787064295703747,1,1,0,True,True,FULLY_PRICED_5M,True,True,0,
42zsARnfgtVFoVYLJ81F6tbdpGduSunK7L3Agyefpump,1787064294367060,6,6,0,True,True,FULLY_PRICED_5M,True,True,0,
BMn2fVVscG7DdFoL1tgamkNtvJF3FSBrZEZvPyEUpump,1787064291494358,1,1,0,True,True,FULLY_PRICED_5M,True,True,0,
GEqLp23rMG5JG3fFMxi7PesZQMinFPqae3U1SYHypump,1787064290115569,2,2,0,True,True,FULLY_PRICED_5M,True,True,0,
58vskPFMb1qpAf1dyDLScgFqcAPqyhz451TsaDzRpump,1787064290100539,1,1,0,True,True,FULLY_PRICED_5M,True,True,0,
HmSZa73avVb1qZaRr5ffk4GipR51Hk7xUjB3HugLpump,1787064290094029,2,2,0,True,True,FULLY_PRICED_5M,True,True,0,
DPsBoFzXFqTNtrrP7BBX9RpBfVmJw3L5EGnxnU4opump,1787064288722599,10,10,0,True,True,FULLY_PRICED_5M,True,True,0,
tYkzNt93oC96SXrLcJVVeucQU2QEtXPBEJdgSivpump,1787064288700577,1,1,0,True,True,FULLY_PRICED_5M,True,True,0,
EJdPhKSfvtX2JPmBPoYi9TNCAEfePcpQVeS1zu2Mpump,1787064287272254,1,1,0,True,True,FULLY_PRICED_5M,True,True,0,
2aP9mKoc7Jb88En1FwQxkuzMM2TyB9LpaVPiFaqepump,1787064287263744,1,1,0,True,True,FULLY_PRICED_5M,True,True,0,
5mve4LA6AS35PnaqL8DDsE893GnG7xLyXdnWYD4Tpump,1787064287228765,4,4,0,True,True,FULLY_PRICED_5M,True,True,0,
Fj1Tg716CPKuy7piNiY6ayn7Kb12NPKeDvgmQjQZpump,1787064285968041,2,2,0,True,True,FULLY_PRICED_5M,True,True,0,
9RNoZoh5AZ5iWYBT4aYMtL942b1XqKwgYpe2XS8Ypump,1787064285942304,54,54,0,True,True,FULLY_PRICED_5M,True,True,0,
4x9qgW5eBkp4gaMfFeP3znsSGgZRF1Y8xBgVtP6Upump,1787064284470737,1,1,0,True,True,FULLY_PRICED_5M,True,True,0,
2VetcYWpyKqQM6kAyhjmYpoXMxD7wpSS5CynQy2Tpump,1787064282972603,1,1,0,True,True,FULLY_PRICED_5M,True,True,0,
AyRNqbak1GGzRtWtwXEBcBHws8pW7yKWELeUJLAvpump,1787064280126909,1,1,0,True,True,FULLY_PRICED_5M,True,True,0,
2Po6dkhpraPgfWYq5w7uGdDv8imfL4jMCmxc3bVSpump,1787064278608610,2,2,0,True,True,FULLY_PRICED_5M,True,True,0,
FpWrRbwR7GYRdeeqo7ZfASE5PuCPh1vZ8X97NbqSpump,1787064275794678,50,50,0,True,True,FULLY_PRICED_5M,True,True,0,
Dtoz9eFU6orYN2ZBvSFNDWJzJTnJkT1yVDjizTFbpump,1787064274292716,198,198,0,True,True,FULLY_PRICED_5M,True,True,0,
86g3YpShwRvh4B4Zgwm6GTR79VX7Wn7Nx3HRJ4eWpump,1787064273152647,3,3,0,True,True,FULLY_PRICED_5M,True,True,0,
HyQz6snMehCDrRfcZUN123ff3UDufPpBZfBNHLQmpump,1787064273150639,1,1,0,True,True,FULLY_PRICED_5M,True,True,0,
EAbLeTR8fmJmnwo72JpnRrBCGKWxFE7echdsbX2Spump,1787064273109398,10,10,0,True,True,FULLY_PRICED_5M,True,True,0,
4fuUtJJSzK4DmFcJCC4x1PuA53WuFf96hXrpz75kpump,1787064273103889,10,10,0,True,True,FULLY_PRICED_5M,True,True,0,
525P99DHK56g9obfdQGStx3udLztqUGy4ndYLrnmbT7P,1787064273094378,10,10,0,True,True,FULLY_PRICED_5M,True,True,0,
H9r8dVhszRLUsdc8LjxUP2UABuGMYWsCpfWcEGrapump,1787064273069355,49,49,0,True,True,FULLY_PRICED_5M,True,True,0,
4kUaJPsahgAMKUADxqgmK9MPTtpdXG9by8qoRPDmpump,1787064265297121,1,1,0,True,True,FULLY_PRICED_5M,True,True,0,
3AXoMV8MvFFCrWnDwYqy9afnBXjL5dzfWCXcgGmwcNBu,1787064265237216,1,1,0,True,True,FULLY_PRICED_5M,True,True,0,
EyW6AuVjJytoppzoMsKounP4SQ7XbrJJM8MnUiHbpump,1787064263992784,1,1,0,True,True,FULLY_PRICED_5M,True,True,0,
ByhbsVE8W2m4bn1Z5P7NCYusjBRttPZvGjTQ2fZWpump,1787064263968748,1,1,0,True,True,FULLY_PRICED_5M,True,True,0,
28WZVsZJxhMRQbeoEWKyUvo1Xdin9qyNVnRAYHLPpump,1787064262506022,1,1,0,True,True,FULLY_PRICED_5M,True,True,0,
4tRXPXB7BwPA5imp75eHTaPByZv56WpYpzLbvYZ6pump,1787064262474476,1,1,0,True,True,FULLY_PRICED_5M,True,True,0,
HE8ZSk2iuhDEJA4EGtmpzK5AeZtA9oPrMSwbNG9wpump,1787064258583906,3,3,0,True,True,FULLY_PRICED_5M,True,True,0,
7rP2dAFmW6thqX8Vzm9pWFJuU2yyRRNhG82cN2e4pump,1787064257082217,3,3,0,True,True,FULLY_PRICED_5M,True,True,0,
8DRryAMEM6sEhkHUtwrPNWQesAQRMq2ecgSufhK5GVY5,1787064257079220,1,1,0,True,True,FULLY_PRICED_5M,True,True,0,
6KCqvG5RTuqrzQfvFrW6QJ6Esvi1sugawN9HjnaVpump,1787064257075703,1,1,0,True,True,FULLY_PRICED_5M,True,True,0,
c65Xg7D7uv4KVYs1BrerSHTfQFUPeFgQnZ6hiwHKk98,1787064257033006,1,1,0,True,True,FULLY_PRICED_5M,True,True,0,
3RkhGrEAS67bFSpw6TFfYrqkVbthJw79Ex6dPnpWpump,1787064254343995,5,5,0,True,True,FULLY_PRICED_5M,True,True,0,
6dv1pDCxbVbniHNPwidN32QWjVpitWmDrdQgHSTkpump,1787064251506257,13,13,0,True,True,FULLY_PRICED_5M,True,True,0,
1TUiPA5AJofVU6KWCQXFuP4p1jwhgDqfzEYEHpupump,1787064251464132,2,2,0,True,True,FULLY_PRICED_5M,True,True,0,
3MhmXovYu5rbkzS7jf9UxcLWVUUrZuVbU6NfpgitLqNG,1787064251463131,1,1,0,True,True,FULLY_PRICED_5M,True,True,0,
HxSG7M3yt2gyf2yH9Sqi9hAtdXguGKDKp375oDf8pump,1787064247440986,3,3,0,True,True,FULLY_PRICED_5M,True,True,0,
8swkPm6hhyAQdvTxPB7LyF7urHgsD94XrNU29Ch6pump,1787064247396233,3,3,0,True,True,FULLY_PRICED_5M,True,True,0,
Fyucz52exzEtsGDCqgW42vHkex4tXFDzqCm1MPjQpump,1787064244473329,5,5,0,True,True,FULLY_PRICED_5M,True,True,0,
9CCVxFgnK91EZxPJTEYP3PwhgjzH6Qb1vNbgPB6npump,1787064241754613,2,2,0,True,True,FULLY_PRICED_5M,True,True,0,
45enmmXo5pMqaKqymjobKDcwoUxLLebNBbEXpTT7pump,1787064240222700,2,2,0,True,True,FULLY_PRICED_5M,True,True,0,
9RctEcZFSxhxB24QbdQGgRsaXK9MMhhiz7S3KGmapump,1787064236131110,8,0,8,False,False,NO_PRICED_TRADES_5M,False,False,0,VIRTUAL_SOL_NONPOSITIVE
F5NDzpECSHugv9BXuGUxYvKXbXcs3cDXxkDn2mPb7t4H,1787064234679946,19,19,0,True,True,FULLY_PRICED_5M,True,True,0,
2b36Lsh2BcqdV8jhSfwkb8dxAeCtohXuLHLRqwQrpump,1787064234633400,2,2,0,True,True,FULLY_PRICED_5M,True,True,0,
FEmy929vmdMdEwVkzQAw4hNZpRteYNxQWk8Lx5AKpump,1787064233419925,5,0,5,False,False,NO_PRICED_TRADES_5M,False,False,0,VIRTUAL_SOL_NONPOSITIVE
EM3y4xMRkZ9XJs5XV9S7T3gvhepnh6AUkrvuyXwpump,1787064232063937,1,1,0,True,True,FULLY_PRICED_5M,True,True,0,
8CUFoynHM47xBktzAkEYVhHbubRJXqUWyAJcGFapump,1787064231999622,3,3,0,True,True,FULLY_PRICED_5M,True,True,0,
AvgVTPjDFnvnRKDZpSnc18Nm38etAyZdrdn1e5Dvpump,1787064231980583,1,1,0,True,True,FULLY_PRICED_5M,True,True,0,
5rt6kZ9iSnYSi1HsVXiLiso4QZCubteZE1tXHBjWpump,1787064229395990,1,1,0,True,True,FULLY_PRICED_5M,True,True,0,
DG86wkRsQy8p25jipHRhTQMwWyVm78S6Pv4Eeca15MgV,1787064229327581,16,16,0,True,True,FULLY_PRICED_5M,True,True,0,
D9uPD614Y7iRB7Eqq836rgGutQEuXv5FY7rBbtgQpump,1787064229297090,10,10,0,True,True,FULLY_PRICED_5M,True,True,0,
EiTdgDdinDDRutBUkZULxbGs5K2v9SJ9GmDqpTPMpump,1787064228091438,39,39,0,True,True,FULLY_PRICED_5M,True,True,0,
2LvJkFsmty9MvfvcjvGd5ThevMUoMaH9CKChcftdpump,1787064228047890,11,11,0,True,True,FULLY_PRICED_5M,True,True,0,
PR2kqxSQ38FSvgeAyNhmwBuxUN3wTNmKiBhQ83Epump,1787064228011015,29,29,0,True,True,FULLY_PRICED_5M,True,True,0,
Btfp926uYk6fm6ysRVjHGwCQC8FZiixqiRaKdiZxpump,1787064228007016,52,52,0,True,True,FULLY_PRICED_5M,True,True,0,
2ktFEdP93M7LA2Kq33kpLSWGTwpAdmgcKuRoVk1ADW3n,1787064224313306,1,1,0,True,True,FULLY_PRICED_5M,True,True,0,
EQ8hnrAV4wZraA3ojkVEXxGQ8ZfYfT2nn9XJ96pqpump,1787064224270866,1,1,0,True,True,FULLY_PRICED_5M,True,True,0,
UbjCJpB1iRgK7J9hcfW1UJPDoDU7Ey6eHG4ETX8pump,1787064222938009,2,2,0,True,True,FULLY_PRICED_5M,True,True,0,
GQHQRtXyLX5MnNVTQEwhb9WkVh9eocUxuFQ957EApump,1787064221586981,1,1,0,True,True,FULLY_PRICED_5M,True,True,0,
4v15tb2mZTmtvobsD3EoBZrEE8kofmGZ59qPxMhapump,1787064221565936,1,1,0,True,True,FULLY_PRICED_5M,True,True,0,
EJFfBuFqjZr1wUphx7ERXvKXDAVCJcu5UNLxMjWJpump,1787064217828716,1,1,0,True,True,FULLY_PRICED_5M,True,True,0,
3ASVkUqpMUWTLDe7pHpaw8hDWSRfwtZQbpK9Mv4tGgtK,1787064217801619,4,4,0,True,True,FULLY_PRICED_5M,True,True,0,
9KfERrKgsLT7eUkUJbcgW8HLUrkpAS1t6r7zAhmrpump,1787064216655653,2,2,0,True,True,FULLY_PRICED_5M,True,True,0,
EYTEYBG6BmHLF3RLHx2yFr2CBzS6JJdShTvJmWWGpump,1787064215435977,2,2,0,True,True,FULLY_PRICED_5M,True,True,0,
iNxSAmy92SxsEMkb21kKCxhJoLdGY22gGKPG4jnpump,1787064212728259,1,1,0,True,True,FULLY_PRICED_5M,True,True,0,
DaKqS4KMhGbSfZkdP9vp1d91ECssiCw5Q8VwP6zjpump,1787064211562962,1,1,0,True,True,FULLY_PRICED_5M,True,True,0,
3jNL5TTJE3o53LqCknfX4Z448M7AbjsEto8cbSG2pump,1787064211536939,1,1,0,True,True,FULLY_PRICED_5M,True,True,0,
9isGuumtaqvJeJeyLF44fvfskk2cv5mYsopexMBfpump,1787064210233955,1,0,1,False,False,NO_PRICED_TRADES_5M,False,False,0,VIRTUAL_SOL_NONPOSITIVE
3rbh7vzmyMgSmgssKHLn8iprVbsNgnWEj4h98hQhpump,1787064210228956,1,1,0,True,True,FULLY_PRICED_5M,True,True,0,
E415g2kebMVnrXpdJsVLcqvJ8QvAQbeyVG1CZPS5pump,1787064208965522,13,13,0,True,True,FULLY_PRICED_5M,True,True,0,
33pzZxwiPcb9xYunuv81a1gbAcGmgK1nutsVp965pump,1787064207827294,1,1,0,True,True,FULLY_PRICED_5M,True,True,0,
8MjctjGau8DFidk3QF2TEwDCufhLPBTP3Xtvy4GHXryA,1787064203922539,1,1,0,True,True,FULLY_PRICED_5M,True,True,0,
9jJspxX4Bu8rX9LEoiV8K6y9Cvc3RTaUev2PdD1bpump,1787064198809903,1,1,0,True,True,FULLY_PRICED_5M,True,True,0,
3ptBEdkj4zQARs9Bb7QvStQfoGqYxFmSyWYKrf9upump,1787064197675857,1,1,0,True,True,FULLY_PRICED_5M,True,True,0,
J1KgSxG2QrXEF4u6rRbSbHFUNbMYEWMB2PcUyAr7pump,1787064197650103,2,2,0,True,True,FULLY_PRICED_5M,True,True,0,
tfCkhfnj3hj7WYsEAwnGFGWRPhbtGkuRmphxruqpump,1787064196336211,3,3,0,True,True,FULLY_PRICED_5M,True,True,0,
3jKNXMbSakUPWX8kU7xkp1D36cAhogCjNytde8GZpump,1787064195179758,2,2,0,True,True,FULLY_PRICED_5M,True,True,0,
6hXkwpXUsaKZuk4YEc4gNEpspV3Xq8kGBTn34FWNENgB,1787064193979798,1,1,0,True,True,FULLY_PRICED_5M,True,True,0,
33LRY1TKKQ2Nstf17YwhbrsUc2tDjzfXm2aGkdskpump,1787064193948747,3,3,0,True,True,FULLY_PRICED_5M,True,True,0,
GhSf67TLnBZuD1zmQFX2PN7fvMsRYN29DixdeYZ5pump,1787064190234116,20,20,0,True,True,FULLY_PRICED_5M,True,True,0,
Awxq2eHxwvwNquvpTDQCu8tpQrN83TGnMZruZNbRpump,1787064189027966,2,2,0,True,True,FULLY_PRICED_5M,True,True,0,
AKrqgP6o3rwX9W4zWWtDSwMd1SBuEigq23KMrrY7pump,1787064187768236,6,6,0,True,True,FULLY_PRICED_5M,True,True,0,
AHHS9oQb1njTqDwNEUdcP5q7u7SQyVkqGL3xUSr1pump,1787064187754116,1,1,0,True,True,FULLY_PRICED_5M,True,True,0,
B6dF5TSofX9AT2xFy8D6CuMWtiT3iTPPJWBaNa2Ypump,1787064187752115,2,2,0,True,True,FULLY_PRICED_5M,True,True,0,
CVFhFN27U4PijxthEWq4EK5smzYjp1Zo89nKBguNpump,1787064186507021,3,3,0,True,True,FULLY_PRICED_5M,True,True,0,
6M4GypeqJoSdQr1u1iLr3RWFUj3EcfGhBTGE8S5ppump,1787064185331495,3,3,0,True,True,FULLY_PRICED_5M,True,True,0,
24qDEfnRLxeHdEboaa6RA4VYXQeZvpWzSMk1sdzQpump,1787064185309462,14,14,0,True,True,FULLY_PRICED_5M,True,True,0,
2e1RHfYkxo4HbHQgNHWt8gsFuEvpnb7L6VYSgeHopump,1787064184017782,1,1,0,True,True,FULLY_PRICED_5M,True,True,0,
3ozDvt3ZGhGG4VkHUj4A7oSasPATSUceG3SonX2XYrL2,1787064184000760,73,73,0,True,True,FULLY_PRICED_5M,True,True,0,
AkzjDaqD9NU1gKU7YX4ftxTa2C2KHvU23P2rVGMcpump,1787064183999760,1,1,0,True,True,FULLY_PRICED_5M,True,True,0,
B35manTCnrU2ky9XUbKyxcQkE3SCarzJ6Uji5zEdKpLk,1787064183963687,14,14,0,True,True,FULLY_PRICED_5M,True,True,0,
CGP5BHoxnJMZpDNm3dKJnHZrPFbRLBf8pQ8zAhFLpump,1787064183941144,35,35,0,True,True,FULLY_PRICED_5M,True,True,0,
F6HD4wxw2Nv3UZZgJKYz32uRpC7MUVM68w5fmiWbpump,1787064183932633,160,160,0,True,True,FULLY_PRICED_5M,True,True,0,
7uJSbWyg8e3JJqHA1Q9W64PWnWGiMWjzq7MPgaYQpump,1787064179298415,1,1,0,True,True,FULLY_PRICED_5M,True,True,0,
Lt28D1t7wE47rdxiTgB3LSRvGJ1Y499uANkEQYBpump,1787064174430314,1,1,0,True,True,FULLY_PRICED_5M,True,True,0,
EwCyVUFBa8EfVcpN36HnUigx6tArSoMpGkA4vAGkpump,1787064173204095,2,2,0,True,True,FULLY_PRICED_5M,True,True,0,
CMm2vDh28o1eB7NTm1pYb9NbUVjqNzWRzhRTmX2tpump,1787064170896341,2,2,0,True,True,FULLY_PRICED_5M,True,True,0,
FH4EqZ9rVXxJCkWqoJ1qVHE29dcKtov12qgpAZLVpump,1787064170786946,1,1,0,True,True,FULLY_PRICED_5M,True,True,0,
8mFzq1i48jECBWLs3RNuCLeeZrXBA7esmDd1HQo6vinm,1787064169704985,2,2,0,True,True,FULLY_PRICED_5M,True,True,0,
AnaBxpWiC2Vr9ygmSP8mZvJMDeaLVrW1GGwmkgRBpump,1787064169649295,1,1,0,True,True,FULLY_PRICED_5M,True,True,0,
E4pK3dWL6sSpzCmR6mH5j8DHpqoTS36NDxZJDjASpump,1787064168433319,1,1,0,True,True,FULLY_PRICED_5M,True,True,0,
G93EkCbMEm5pusi8rXuc6QvPDJ6YTmJVuPjRVt1Bpump,1787064165989891,36,36,0,True,True,FULLY_PRICED_5M,True,True,0,
9SR8VyanMFqopL2N3dehvudh8cqqKasS81NJ13aQpump,1787064162363357,1,1,0,True,True,FULLY_PRICED_5M,True,True,0,
9GBzXWNkNDDAPRRfLzuevakUvqSvijqzGCkUBSRqpump,1787064162341445,11,11,0,True,True,FULLY_PRICED_5M,True,True,0,
2avcWDF5UCvYCsqmtHVLw4XRKcv83G4Dh1ietBJppump,1787064162318427,1,1,0,True,True,FULLY_PRICED_5M,True,True,0,
8MKegPxWszKPUfkccySASibkWZPRoVNNruxGiT8Hpump,1787064161151976,1,1,0,True,True,FULLY_PRICED_5M,True,True,0,
EEnEeaJMA9R2N3LhcHGSuWSD7hC1MrWFsfKcADVmpump,1787064158907850,1,1,0,True,True,FULLY_PRICED_5M,True,True,0,
3QmfbkzQpZAzBvsyzWFiGLASZpCBP5FmZvuFKArjpump,1787064158840784,1,1,0,True,True,FULLY_PRICED_5M,True,True,0,
8jhaF4samiaSELBrzUZCCe4ogwdjsksAB5PCq7Ktpump,1787064154105782,6,6,0,True,True,FULLY_PRICED_5M,True,True,0,
CoYqBHSjwGQmXVkGaaGjAWuEwjTDEBCJn42gN96zpump,1787064152993505,21,21,0,True,True,FULLY_PRICED_5M,True,True,0,
8fqetwvgHa5HtbN8E24ocB9gQw9eoK967U2aw3vE1CB5,1787064150562308,5,5,0,True,True,FULLY_PRICED_5M,True,True,0,
4JXfoqWNt6Zgu4Hxkx93DfK6oJxUTHsZtr8Ag53opump,1787064147070293,1,1,0,True,True,FULLY_PRICED_5M,True,True,0,
FsqfkuDGVEq8FgckHBrUCvCUcr7wpidLEfgkjKP9pump,1787064147054252,1,1,0,True,True,FULLY_PRICED_5M,True,True,0,
CYr8uFjHjsAEtMioZAGMeeSh7yjWbUJDuQ1ZUcxspump,1787064145979737,8,8,0,True,True,FULLY_PRICED_5M,True,True,0,
5MKJETpwcR5qiyd7zqTtkeyd7EdjEskcFBK6Pky28ZBy,1787064145910967,1,1,0,True,True,FULLY_PRICED_5M,True,True,0,
CbewmdDq2BimsA5FDqZnqYwrJyQVY3TbbdHBbjRYpump,1787064143687818,29,29,0,True,True,FULLY_PRICED_5M,True,True,0,
6YjTEBFsapaJBBjS6ziXfQqfzdfa2EFsvee4FU54pump,1787064143685808,6,6,0,True,True,FULLY_PRICED_5M,True,True,0,
BYh8yraJPYtngRsQ16gfmFaA6UmiKvb6Q6f184zEpump,1787064139219473,75,75,0,True,True,FULLY_PRICED_5M,True,True,0,
2NwBvfxqB5aLoXSvXeAb6KGE4Eje6jHAHKuXH5TEpump,1787064134519291,1,1,0,True,True,FULLY_PRICED_5M,True,True,0,
2WZ9NhG21zSHhP76JaUqLLn8yzrCWzdnzW844K4ipump,1787064132350036,2,2,0,True,True,FULLY_PRICED_5M,True,True,0,
6rvzt94uNcyK37EzcuMXoa8L7kBng8zp1XbbMnFTpump,1787064132287911,1,1,0,True,True,FULLY_PRICED_5M,True,True,0,
F4yek8pmQbQNxKiuSU667Nzqxvd8Ps4W3nm3UyLBpump,1787064132279386,1,1,0,True,True,FULLY_PRICED_5M,True,True,0,
8uKMNVeB2GpUUHjUxaUUT8w5mXxwwPmaL4ReVdkiGzK,1787064131302893,2,2,0,True,True,FULLY_PRICED_5M,True,True,0,
Fi9ioWtvjkbosTyfkxu2bdeizNGJnTsecqNLooYVpump,1787064131295887,1,1,0,True,True,FULLY_PRICED_5M,True,True,0,
5bPk9ZHSASAkEHq9PheLBSUAG93FQqYeN5T2XDhupump,1787064131294380,8,8,0,True,True,FULLY_PRICED_5M,True,True,0,
EAkm38Edva2yxTKrcXaeoDYvV1H35UuL5hbL65iKpump,1787064131290378,5,5,0,True,True,FULLY_PRICED_5M,True,True,0,
EdZiReGkLSmo13BjoN6nRNzDrHeHVFanN8QDp2iGpump,1787064127089417,1,1,0,True,True,FULLY_PRICED_5M,True,True,0,
EXXTcAHBrmTrcAUnUT5gE6FZPHF7Yi61HAbFsVupump,1787064124775671,2,2,0,True,True,FULLY_PRICED_5M,True,True,0,
8CjfnbYXtkoTicvhEqEj6QsS7yTzYij3j9mK3deppump,1787064124771672,27,27,0,True,True,FULLY_PRICED_5M,True,True,0,
dzp74rymK9czkMFupsWepjrfaZg5tEzuNYzz4Ewpump,1787064123889110,1,1,0,True,True,FULLY_PRICED_5M,True,True,0,
GYQwJuixFQ7eMGciYwL71Kx1Pagr5q1BVriihniYpump,1787064123856589,1,1,0,True,True,FULLY_PRICED_5M,True,True,0,
4z7tsVN9zRAf1pPeRyeU4kNZaN6WjMwdZGD1YN1jpump,1787064122797665,21,21,0,True,True,FULLY_PRICED_5M,True,True,0,
GFbQH5JgJZbsJvqhawKRx9AenwJ8XMtPNJJSXEDspump,1787064121685733,1,1,0,True,True,FULLY_PRICED_5M,True,True,0,
9wcaaJ6Kb6QNpyECDSdXfSCHz4ce34UR7FPWgEEjpump,1787064118739474,4,4,0,True,True,FULLY_PRICED_5M,True,True,0,
AssUCKUUpWHMRBwtLKQSToQ6tXUyf1VvXRanBqnSpump,1787064116524165,1,1,0,True,True,FULLY_PRICED_5M,True,True,0,
6fXyEHtV5DDVN5WQdefuVDtmXQvYAc58LaLBtZCTpump,1787064115526720,1,1,0,True,True,FULLY_PRICED_5M,True,True,0,
By9bZne95VjqPdrT8JAQaFnvh6t7ELdbfbknUw3jpump,1787064114532210,25,25,0,True,True,FULLY_PRICED_5M,True,True,0,
CeefLfPLkQ2riXsQTjWZpyQaKDEXuE5q8BAQnfRTpump,1787064113436682,1,1,0,True,True,FULLY_PRICED_5M,True,True,0,
CAveSimuGbBBVdkboS39i41qSwMPmVkbZoYuf1aApump,1787064112476171,8,8,0,True,True,FULLY_PRICED_5M,True,True,0,
HpWtBh1uXKdSEqggMFWtxHS4xN6H9Pb5CYLhxAekpump,1787064110464905,22,22,0,True,True,FULLY_PRICED_5M,True,True,0,
MSoT1JhE5j6A8wFiF8mjz7pkgB45WyTdzF1WgvBpump,1787064109310784,4,4,0,True,True,FULLY_PRICED_5M,True,True,0,
HWagQerEDV7L4877mPc3PxeS3aJ7aAx51s5t2txGpump,1787064108391497,3,3,0,True,True,FULLY_PRICED_5M,True,True,0,
HY2BMrzCmvF7UZ3f5jTzT6Bm3zmz8pGc2zMJBQaepump,1787064108339980,1,1,0,True,True,FULLY_PRICED_5M,True,True,0,
7cqJtW69eKUnzb7VetAfbbmmuUTZiruZXcx1wpQepump,1787064107351367,7,7,0,True,True,FULLY_PRICED_5M,True,True,0,
CZXzLoquofv7ZDYiUbpk91Zgv4Fq7vh5h5GBeWW2pump,1787064106312972,1,1,0,True,True,FULLY_PRICED_5M,True,True,0,
3xjXaNqxLg25vP649V8M4f7CHcx9FGvMU4qirHUvpump,1787064106275972,38,38,0,True,True,FULLY_PRICED_5M,True,True,0,
2DKyG8vxUCBQvtU88bKYyo4EnaSSCj3hPfZ8X9z4pump,1787064106251649,28,28,0,True,True,FULLY_PRICED_5M,True,True,0,
CRW3tQpgTYk6BaopfSMSFhxQWtP4tpKoCFbndRkrpump,1787064105434936,2,2,0,True,True,FULLY_PRICED_5M,True,True,0,
DothJDtopyR6DiGNCBwnPAz4sEEikBVYnPv8kvMxpump,1787064104505249,2,2,0,True,True,FULLY_PRICED_5M,True,True,0,
CoVCN3wjhp1u11W1VRR5PgezaVmiu4SSaKTp3zoqmJ4,1787064102772506,2,2,0,True,True,FULLY_PRICED_5M,True,True,0,
5cmsox5kv68STJHtgWi4K8zNNRcrScThXuktS2vhhWmA,1787064101695365,2,2,0,True,True,FULLY_PRICED_5M,True,True,0,
BghqX3pf1JBS6FUgkfyUmrHvxLE9QeWBq3cgQRH3pump,1787064100720149,3,3,0,True,True,FULLY_PRICED_5M,True,True,0,
HXJvSguF4JrmbuncpNasqWr2ZgDcSoT1B2FUk654pump,1787064100632611,3,3,0,True,True,FULLY_PRICED_5M,True,True,0,
9T8EGWCfL7CvsGPhuxk2d2B7iFgjztvdHrivxWFKpump,1787064099584103,1,1,0,True,True,FULLY_PRICED_5M,True,True,0,
5q227gBbLJXKiE71oeumsttAceQA1fvyqptdU9W3pump,1787064098623245,8,8,0,True,True,FULLY_PRICED_5M,True,True,0,
9wDNacGsJVS41BoJJhoAUoY2HybSZdfHGjpw135qpump,1787064097768606,1,1,0,True,True,FULLY_PRICED_5M,True,True,0,
9kKy3Q8rHTcLTqUZX33M2rN4Wh5LxjK1wiaA6GCipump,1787064097729557,49,49,0,True,True,FULLY_PRICED_5M,True,True,0,
CjXj1ZxtT5VdZUk1XyjnD9Rww7FqWK54TVSXpzVCpump,1787064097701561,1,1,0,True,True,FULLY_PRICED_5M,True,True,0,
evShR7tKJBiKLWjLzJFmqkLLCmozqMyYWREjejMpump,1787064096754379,1,1,0,True,True,FULLY_PRICED_5M,True,True,0,
Fw7GfoL8cXqqu4VzzyiWaueruossqmmXJggCT4vrpump,1787064096736199,3,3,0,True,True,FULLY_PRICED_5M,True,True,0,
A8FbNYoi78rNmFfz6Tk8aXTxu5XHsXA8AhAxQjEFpump,1787064096680189,15,15,0,True,True,FULLY_PRICED_5M,True,True,0,
4GbqyqMooq6NRJ8uJpzqYuUaabuzHf8qjuv1k5aypump,1787064095944345,125,125,0,True,True,FULLY_PRICED_5M,True,True,0,
Ataijhng2bbV2krTtkNxwGHGgBzGEKPtPCuuw8HFpump,1787064091497839,1,1,0,True,True,FULLY_PRICED_5M,True,True,0,
Hru551XdjhjHo1bAJS6cmNWjNr9jDSN5mZd55j1Wpump,1787064090616685,1,1,0,True,True,FULLY_PRICED_5M,True,True,0,
4vJAxpw3LwzTJtzNCkhDjzz5nwokhJrkk8uRPvsRAnCQ,1787064089739453,1,1,0,True,True,FULLY_PRICED_5M,True,True,0,
2rALqRgijkywr4nbDJ9gEpbWaNUHwUGieUJ6gfm3pump,1787064086925790,1,1,0,True,True,FULLY_PRICED_5M,True,True,0,
HTB6NYh4QQuGbJ5611LbFwAoD1dtjtdFc3VTveCopump,1787064086091287,7,7,0,True,True,FULLY_PRICED_5M,True,True,0,
CUwcQTwnceRemMzrUxAhLWziE2mw9CEx1c2LUgThpump,1787064085145796,4,4,0,True,True,FULLY_PRICED_5M,True,True,0,
7VX5AN6ZFRF91oP7hygghg5a5NtmrfCNUABvEnJKny1a,1787064085144797,1,1,0,True,True,FULLY_PRICED_5M,True,True,0,
Gmy1zuxH383cydnMa1SEoJBMbRqw418PN3YcjMDxyWJ4,1787064084188225,1,1,0,True,True,FULLY_PRICED_5M,True,True,0,
4Ws3SDx82Btk7HLCTPdN1gS7eZ87XFG2CTCK5awNpump,1787064084187229,1,1,0,True,True,FULLY_PRICED_5M,True,True,0,
9w2HsVPjyBueHww6dBn2jCPjo53pQuF4StAcr6MUpump,1787064083275978,1,1,0,True,True,FULLY_PRICED_5M,True,True,0,
5N19c8Tv82WZaC8QtmdMp49jg66fkLSHNZKWQ9crpump,1787064083261970,16,16,0,True,True,FULLY_PRICED_5M,True,True,0,
CagEy3SbfuNQ8PVTFCX2G4Ye39LfTbQMFeMhwHT2pump,1787064081617821,1,1,0,True,True,FULLY_PRICED_5M,True,True,0,
7nz38FK8hJJjdnKid3vZ3QmZSuczaYa2fiS2fv1zpump,1787064080691918,1,1,0,True,True,FULLY_PRICED_5M,True,True,0,
9TTcgKsT3Qz2MoFAPcDeucy1zQzYfhmoCp4HBum5pump,1787064078880440,1,1,0,True,True,FULLY_PRICED_5M,True,True,0,
ARtPPG4cCiLSrJAaCDS4qs3nTtiPkWfNoURKWK8Cpump,1787064078876934,1,1,0,True,True,FULLY_PRICED_5M,True,True,0,
D1YFaubCtEsQQU8QsE9e2DxEVVu8x97q82HtT4odpump,1787064077990005,1,1,0,True,True,FULLY_PRICED_5M,True,True,0,
M25gg4U1Sm7qkCkcPqFtXjrhdyziqkzSY6JFRjZpump,1787064074489354,4,4,0,True,True,FULLY_PRICED_5M,True,True,0,
B1yxyoP9yG754KqXW2bUbCVT2Dp2yCwY2aWuR51Gpump,1787064073668418,29,29,0,True,True,FULLY_PRICED_5M,True,True,0,
FGKh8zXEtab4qqVbYCfvzPYLJ6ixHDLhy1mpALWUpump,1787064072797147,2,2,0,True,True,FULLY_PRICED_5M,True,True,0,
AaAgjs9EgPwK4mcfZQTKYVufbnCnLQQ6eaxQ3uTopump,1787064070534016,3,3,0,True,True,FULLY_PRICED_5M,True,True,0,
8KKvRK2fyAdu1AdWpFf8192TGe63TZbuPgUTTQkpump,1787064070485189,1,1,0,True,True,FULLY_PRICED_5M,True,True,0,
9TSfah5YzupBsko6DvLp2DYV7FpBJGaCQ8rzaDo28vgX,1787064069655731,1,1,0,True,True,FULLY_PRICED_5M,True,True,0,
Bf86PsZp2ctKufFHjXkY5HBoWWsAcS1SFhB3pbF3pump,1787064068019289,1,1,0,True,True,FULLY_PRICED_5M,True,True,0,
5JYfyy8wY7MtpfY1T71DbcPBWHdR1cgDvUfrDPiNpump,1787064067146117,1,1,0,True,True,FULLY_PRICED_5M,True,True,0,
Dmz2nwsMuFkU5hGkg5UiMJUE2Z5M8i7r4qYjrKxbpump,1787064067122122,5,5,0,True,True,FULLY_PRICED_5M,True,True,0,
GwHu1JWM5dtHuSg669JBRCatAiUacrdEqBPLSYh4pump,1787064067101118,23,23,0,True,True,FULLY_PRICED_5M,True,True,0,
5m5So6tT4fvz1nsfjrp45r1MKqKh9VGC77yjQnVopump,1787064064795851,1,1,0,True,True,FULLY_PRICED_5M,True,True,0,
GUiGNgpumS2AP6T74uf7gQYeKwH76te4n6qX7CfR279k,1787064062482877,5,5,0,True,True,FULLY_PRICED_5M,True,True,0,
SLffDfvkYSbfbAUQuBbFUTjERAfSghZebPT7i8Xpump,1787064062478876,1,1,0,True,True,FULLY_PRICED_5M,True,True,0,
A8HgJ86h6igVYUi2YxhbF5Jimsp2DWa57CrVg1rWpump,1787064062428839,3,3,0,True,True,FULLY_PRICED_5M,True,True,0,
45VnKyUXzT3GLvHD7tCvC6MfxuztTYcqzbYoJHaTpump,1787064059232343,1,1,0,True,True,FULLY_PRICED_5M,True,True,0,
FV26YpLsSdPrMw6Zp1cU75DY7Rwdub9bPSTcpSKepump,1787064058480122,11,11,0,True,True,FULLY_PRICED_5M,True,True,0,
3g9z3bzsjYsHR6c7daAPvmGFUdjsr1N1wabsDXTopump,1787064057801489,13,13,0,True,True,FULLY_PRICED_5M,True,True,0,
Aw9DHBx8R5hJpqtL9opMEbwEKrq6JduKuz78t1ampump,1787064057105917,24,24,0,True,True,FULLY_PRICED_5M,True,True,0,
7VpVi2JbZBy3dNBr8Vt7ciYq18JFVWBWaLLxvgZZpump,1787064057094920,1,1,0,True,True,FULLY_PRICED_5M,True,True,0,
CxSk1EZoxxdASZ4wFyG1B44m4MmxPZy6z4hLHnMJpump,1787064056432159,7,7,0,True,True,FULLY_PRICED_5M,True,True,0,
4XpPEJ6yFiV2D8Zt9my1Dq2z9h7GC9noGpRdnPR9sReW,1787064056386620,5,5,0,True,True,FULLY_PRICED_5M,True,True,0,
Ah5QtF57kCSZ2zEXcjxSBQe3Vfpt3X33rVRYD6H4WwuF,1787064054908620,7,7,0,True,True,FULLY_PRICED_5M,True,True,0,
GQbUF2KKjjY2uDrRaCMf8Gf6U23uhouH84gYCrJdpump,1787064054212505,2,2,0,True,True,FULLY_PRICED_5M,True,True,0,
zkWjCEkAtTzohFPu7raRSijFQYYje3PSaEdkEKCpump,1787064052928273,3,3,0,True,True,FULLY_PRICED_5M,True,True,0,
2oE99Rw2D2uhJJCyqu9EZ3qrM4V4mjyoSHx4b28hpump,1787064052899275,65,65,0,True,True,FULLY_PRICED_5M,True,True,0,
dPobroVBRa3HHTujM8Lkzd1qbe4Lb1M5tF8eFg3pump,1787064052884273,13,13,0,True,True,FULLY_PRICED_5M,True,True,0,
HJsiVD1yAUs8dbhaoDZHq1mm6imuKGME2LX7nh2hmyhr,1787064052411802,1,1,0,True,True,FULLY_PRICED_5M,True,True,0,
CcJA5uDGrBrcYBRJxvxsCVnR5DphApEEbJo1R9EWpump,1787064052409795,1,1,0,True,True,FULLY_PRICED_5M,True,True,0,
BoF1SdDtP5Ht8CyW9YWuutHiYerk5zwrHNouPCp7pump,1787064052385802,31,31,0,True,True,FULLY_PRICED_5M,True,True,0,
Hwsm2kat2Vaj4ah67rFmzCWwKEihzALiBHC5iBgtpump,1787064052384796,10,10,0,True,True,FULLY_PRICED_5M,True,True,0,
HwPG6qLwiDvRjmvavGiNSZHqCs2E2wZ6nLUs6yqJpump,1787064052371799,11,11,0,True,True,FULLY_PRICED_5M,True,True,0,
8Xd8PNz8iKv7yU923jFc6UVGVNhQiQpGuqnfp4uGpsPf,1787064052364290,1,1,0,True,True,FULLY_PRICED_5M,True,True,0,
APcvbnGysXsKM3P8rUhNF4TSGPM6DFQyoYCH35uBazq8,1787064052362286,36,36,0,True,True,FULLY_PRICED_5M,True,True,0,
67psNL5w4WhPXWfhDcPGyY57fGKRhhHiHJeeRuG9pump,1787064048632275,1,1,0,True,True,FULLY_PRICED_5M,True,True,0,
9pFri2MYz94qaosSR4vj1ehvwN2TCaH2PyVNuywMpump,1787064048606276,1,1,0,True,True,FULLY_PRICED_5M,True,True,0,
7MWrn8c4UD6R1bgSoeKN5Q53seAveQuMaSqLBqHzpump,1787064048604276,1,1,0,True,True,FULLY_PRICED_5M,True,True,0,
78GD2AhGRMdTGTDncpVsrZZ5fKZtJNAVeRLAJ8fHpump,1787064047987413,1,1,0,True,True,FULLY_PRICED_5M,True,True,0,
8Z1wkiZPH2ygKxe9vf5tk8eRDUYkDZ2fq6ZDUwSfpump,1787064047986413,1,1,0,True,True,FULLY_PRICED_5M,True,True,0,
9SAMny92fnFPCkZwCHyvMKXW8skQq4oFLoAvEkS7pump,1787064047977418,2,2,0,True,True,FULLY_PRICED_5M,True,True,0,
GwDKxXH1n4VzGbnVv9CCCMRq89PYkV6sRusHTUjmpump,1787064047975416,2,2,0,True,True,FULLY_PRICED_5M,True,True,0,
FWCrBP3s9SFM6vvzdzxPATbq5KjTvr8HJ5iss3XGpump,1787064046624426,1,0,1,False,False,NO_PRICED_TRADES_5M,False,False,0,VIRTUAL_SOL_NONPOSITIVE
AukfntKepyrRSzUMNLsRUuvVTVwDxknvhFenvG72pump,1787064046078799,2,2,0,True,True,FULLY_PRICED_5M,True,True,0,
2fV7DyyqEf2ZDrYUT471Kwa6q8zNa83nqnE2P5mzpump,1787064046077800,1,1,0,True,True,FULLY_PRICED_5M,True,True,0,
4doSt4guUZvEA56Yv3HL8ZS27AAJQd8atz4MkVpHpump,1787064046077800,1,1,0,True,True,FULLY_PRICED_5M,True,True,0,
C3beYyATVenwj7RcHzopkq87ChLDXfB9u75uzjSpump,1787064046075800,1,1,0,True,True,FULLY_PRICED_5M,True,True,0,
5ewVqD9heE4VJxpKHmrZMvS6rbnHKA8W9r1jVRqLpump,1787064046069803,1,1,0,True,True,FULLY_PRICED_5M,True,True,0,
7pB9eagKnMTHpNWR6zrcsw9QkCVAAky8PRrFSPdApump,1787064046068798,1,1,0,True,True,FULLY_PRICED_5M,True,True,0,
EJm5KjnqTazZug8tzovQKH1nSHWcqVAggpfVU5hMpump,1787064046067798,1,1,0,True,True,FULLY_PRICED_5M,True,True,0,
BNgxZCbGVJUm4bWKGxMyWpTLW8zAzsDaEV5inkd7pump,1787064046066793,1,1,0,True,True,FULLY_PRICED_5M,True,True,0,
9ryBHgfNyBMmTQb4iafNRWEpVbdbgC7L814pBDtEpump,1787064046065291,1,1,0,True,True,FULLY_PRICED_5M,True,True,0,
9QR4PFGtyWPx3eXkhNQqgFeZBY2z1ib3UvVi1KYUpump,1787064046064292,1,1,0,True,True,FULLY_PRICED_5M,True,True,0,
86MtGu7tansvMHNym1YrDQBtNPopU3TggAbudywkpump,1787064046063289,1,1,0,True,True,FULLY_PRICED_5M,True,True,0,
6rkDRxSnVKMgqqd499MLZmYTpK9n79rvnd9XKKwTpump,1787064046062292,1,1,0,True,True,FULLY_PRICED_5M,True,True,0,
4m7r2x6p8iRqeQDTyUAxu4dtevPSiPHfbk6Y3yTZpump,1787064046061288,1,1,0,True,True,FULLY_PRICED_5M,True,True,0,
5AztZJhDZpguKcLGmSpxoya9ZBoPmW7FiZBR8WJspump,1787064046057288,1,1,0,True,True,FULLY_PRICED_5M,True,True,0,
GKSN3z8qUcgJ7bNVeKVCAoGVGHUSPhnT1kBroXcwpump,1787064046053288,1,1,0,True,True,FULLY_PRICED_5M,True,True,0,
CyFLPEfuAKAvDhMgg6Rt87zR1GoCHpZY8UoYwX3apump,1787064046052287,1,1,0,True,True,FULLY_PRICED_5M,True,True,0,
BeSpaKfrGAyL3TGit6DenCBKn3VdQTkZ5CyN9L3ppump,1787064046051283,1,1,0,True,True,FULLY_PRICED_5M,True,True,0,
6rNXwBJoJkkvjgNKYRLWEJp8k2mkzVTXM8S8vo7hpump,1787064046050280,1,1,0,True,True,FULLY_PRICED_5M,True,True,0,
Bo81Kt5e3EAfWgaFAMeMY8arUzWARqb8vSZYpn6Npump,1787064046048277,1,1,0,True,True,FULLY_PRICED_5M,True,True,0,
DV3uTAueTFjgdoUCtpELHmAYVXxXBREZwKnFBBjRpump,1787064046043278,1,1,0,True,True,FULLY_PRICED_5M,True,True,0,
3mEEqymvBUJZvt1x5NSkBq8dBZ4qpnbt98a2EHDnpump,1787064046042281,1,1,0,True,True,FULLY_PRICED_5M,True,True,0,
3UbwRgMaX5gqoJwESTszGM3imBrgB3qL2yAtwtwPpump,1787064046040278,1,1,0,True,True,FULLY_PRICED_5M,True,True,0,
3458Wn33KmNJiPRHRVGLDxkxbZqPWH22jD8xnwimpump,1787064046039277,1,1,0,True,True,FULLY_PRICED_5M,True,True,0,
BkDPp5RsCaQhzCNpjqyhSq7dbbwEooRn1FghAPMRpump,1787064046038278,1,1,0,True,True,FULLY_PRICED_5M,True,True,0,
AWuvsS9cCVGjjncJkSt1wLGuprLisgRi489r2H94pump,1787064046037279,1,1,0,True,True,FULLY_PRICED_5M,True,True,0,
E7Xhr9LbZgxsPY1RRm7xLAtsMTtDv74oaDcJrCACpump,1787064046036279,1,1,0,True,True,FULLY_PRICED_5M,True,True,0,
2AuVf8pvAqqq7LGqYg4H1JsLjrSy198yQEt3rwn5pump,1787064046034277,1,1,0,True,True,FULLY_PRICED_5M,True,True,0,
GnvTKJ55We5UHrrgyh8Rcv9n5W2T7cxE12maCBNzpump,1787064046025278,1,1,0,True,True,FULLY_PRICED_5M,True,True,0,
B5Nj2fpMz6ondbu2TD172tQLyLmzrtgQ4jJqPw3tpump,1787064046024278,1,1,0,True,True,FULLY_PRICED_5M,True,True,0,
HNTu7xXvGaccbxw5TzfDadYWLYrLz4mQvKuSRRdwpump,1787064046023283,1,1,0,True,True,FULLY_PRICED_5M,True,True,0,
4WrnPEGwbXUMAWrz4i7Qw9yBdNtxBxCd8dUcys6ppump,1787064046022283,1,1,0,True,True,FULLY_PRICED_5M,True,True,0,
6tZgFcGBJTDLeWCnsfDLzicESsi5T4D1aECt8m3Lpump,1787064046020278,1,1,0,True,True,FULLY_PRICED_5M,True,True,0,
4ejePuuJD3MNmH7DUfrXUWD8a22pos5wK6S3MVPZpump,1787064046019282,1,1,0,True,True,FULLY_PRICED_5M,True,True,0,
AqwHfLrk414bZWUtQBjjnKwjLtKEA78234tLND4Jpump,1787064046018278,1,1,0,True,True,FULLY_PRICED_5M,True,True,0,
Fw6yJNjD31DfhrDLJitY37dJCay1xsg5qLMe3r7Spump,1787064045405434,1,1,0,True,True,FULLY_PRICED_5M,True,True,0,
32eW7NxyDDNL35T8rPZBJ7HeG3NRsDymCph98dZfpump,1787064045400438,1,1,0,True,True,FULLY_PRICED_5M,True,True,0,
CVPxnifftqirB9RaaN8AfpKqJMbsXAjsJXRAVrHRpump,1787064045399434,1,1,0,True,True,FULLY_PRICED_5M,True,True,0,
Cau1pEsGCpUxxZG6ge1Mi2WBzmEWeq5b2moP1AQVpump,1787064045397435,1,1,0,True,True,FULLY_PRICED_5M,True,True,0,
vx2BSabZtdDZWPowVE58fo578KuAH8nwYqszb5Cpump,1787064045387433,1,1,0,True,True,FULLY_PRICED_5M,True,True,0,
ALn5AHfGx4aj7A3AWCrU2oM9jrFyh5UF22UnD6C7pump,1787064045386433,1,1,0,True,True,FULLY_PRICED_5M,True,True,0,
CgH2DmJA5UzMUtkvzxyHszkWx97tUUuQp8TFk1p3pump,1787064045346917,1,1,0,True,True,FULLY_PRICED_5M,True,True,0,
HTxijxkZpNTerb4AkYJ63PXCvrvjVm9Dub1Av8LSpump,1787064045345916,1,1,0,True,True,FULLY_PRICED_5M,True,True,0,
4QGeKxAsXQQSFn4DppwFK2fZcXGyGC7kchidVH54pump,1787064045337916,7,7,0,True,True,FULLY_PRICED_5M,True,True,0,
3JV3fdMASNgSvuEmLgZ39h8fke1XzqDegwqhKHQKpump,1787064045329920,1,1,0,True,True,FULLY_PRICED_5M,True,True,0,
khJmh2CNkhf9fJ1ePGyn1759YcLtpD2CRXVSHzUpump,1787064044674272,1,1,0,True,True,FULLY_PRICED_5M,True,True,0,
BkbCAQj789sNwcDZ2g6uzMsVBT5D137QYTozN4cmpump,1787064044673272,1,1,0,True,True,FULLY_PRICED_5M,True,True,0,
5Rn3np9nBUc9fGEpyhAdmtJcXiMgTntHsatxrgsSpump,1787064044671270,1,1,0,True,True,FULLY_PRICED_5M,True,True,0,
GP3AcLwyjD2bBfhF4eAtqUATLA4jGSxNM1QGEorXpump,1787064044666265,1,1,0,True,True,FULLY_PRICED_5M,True,True,0,
9k975fwFmNJbDbSJYFKagDvepDxdwcjzhUVH1DRTpump,1787064044662759,1,1,0,True,True,FULLY_PRICED_5M,True,True,0,
J8AtksfCV54uaPbYB6EhDUyWfsPHmQkxuFL7q1YTpump,1787064044660761,1,1,0,True,True,FULLY_PRICED_5M,True,True,0,
6mbv7s97kmEELAtujNUCXh4pFUcduUSeHutrmuRkpump,1787064044659762,1,1,0,True,True,FULLY_PRICED_5M,True,True,0,
ButgfQfUNkGd19tXhDpuwxRDqqnh8vjGWPck5Jjjpump,1787064044658760,1,1,0,True,True,FULLY_PRICED_5M,True,True,0,
2sM1KhXrL4Zgui97jLbbidHkZpQPDF7qo59fXEH2pump,1787064044657760,1,1,0,True,True,FULLY_PRICED_5M,True,True,0,
DpatNpSdqNQH984TA91hM7fRsqmDNVtYSNhUuX1npump,1787064044656761,1,1,0,True,True,FULLY_PRICED_5M,True,True,0,
66oUegcvMCRhLmgoUGKE8PazxwB53JnBDnYFTgZfkLh3,1787064044122647,2,2,0,True,True,FULLY_PRICED_5M,True,True,0,
AWf5T3ZwpEcnE3jBLqiqevYYaTNR5shYAhPdWSyzpump,1787064044118649,1,1,0,True,True,FULLY_PRICED_5M,True,True,0,
96XU7cuoGfgVRCy17DKXNDQZizqnKrWCfxCDWNSYpump,1787064044117649,1,1,0,True,True,FULLY_PRICED_5M,True,True,0,
qYfPHbSL5GSW2eh6zvQ4XF3WWezAtJNehMFLDsVpump,1787064044116648,1,1,0,True,True,FULLY_PRICED_5M,True,True,0,
6UvtDJwxLzamiXzcgmsdehRRLoXi6uPjYgJqoCSjpump,1787064044115652,1,1,0,True,True,FULLY_PRICED_5M,True,True,0,
CBXq3mLUEfKWfaVcgbrL9eULWj1kSQKk5gJhe45mpump,1787064044114649,1,1,0,True,True,FULLY_PRICED_5M,True,True,0,
CZ9cfYJn95WyRr6zEgyF32KsWNhqNbg2z2h5hA3vpump,1787064044113648,1,1,0,True,True,FULLY_PRICED_5M,True,True,0,
2m2uuK24rYSVg8sNu1jy72rAG8gdfGnm2ouQE3VVpump,1787064043647478,1,1,0,True,True,FULLY_PRICED_5M,True,True,0,
ME5XqCYQC9eY6Xat572GEuTwh9zDiYAYwaL5mL7pump,1787064043645477,1,1,0,True,True,FULLY_PRICED_5M,True,True,0,
4soovRTuaEYNcziCexvSgFJK34jLxzUMF4Tq3CGTpump,1787064043643474,1,1,0,True,True,FULLY_PRICED_5M,True,True,0,
9V3d2MsRedetNh51BoWYD51ucDfP3AuVH9XDsxotpump,1787064043638475,1,1,0,True,True,FULLY_PRICED_5M,True,True,0,
BGTphq6bojTHwhfLcJBqxoYgVpgCY8YWwndDp9QCpump,1787064043635475,1,1,0,True,True,FULLY_PRICED_5M,True,True,0,
6wv3hgxADW8Nx9tQRLgMrTKy3d67hxZhxrgB9CnEpump,1787064043633476,1,1,0,True,True,FULLY_PRICED_5M,True,True,0,
ActpXidRdZQKQBii7YE2TxHBdUEWrt4DNx7NFUrcpump,1787064043632475,1,1,0,True,True,FULLY_PRICED_5M,True,True,0,
FUFCeand7TzDZaBWgen88eXrAaAFqdcUPwEW7QhLpump,1787064043631476,1,1,0,True,True,FULLY_PRICED_5M,True,True,0,
ETzaiUvqMbz51NWGjgXknRAmqQ4QMJbe8XxRN9t3pump,1787064043630479,1,1,0,True,True,FULLY_PRICED_5M,True,True,0,
DgskKHEQP3X8X2sPq9cLja4LXXAUNryrgmaafLZApump,1787064043625476,1,1,0,True,True,FULLY_PRICED_5M,True,True,0,
HZGrmPZusWdJGNxxH6A4FhxGDqfddB5FzpBTFJ2Spump,1787064043624476,1,1,0,True,True,FULLY_PRICED_5M,True,True,0,
GZGWcHUtCJCP1h7JQYAZw8RA28oXEGRPoMsNDGJqpump,1787064043622476,1,1,0,True,True,FULLY_PRICED_5M,True,True,0,
AHasbeU21VR4Xp9f6zu7ofDVQR9ATG5d1EL5xN2vpump,1787064043609475,1,1,0,True,True,FULLY_PRICED_5M,True,True,0,
AXqyJ8wGjHYZN3nMYasSRgryD3XDtrWoc2o4hRubpump,1787064043169874,1,1,0,True,True,FULLY_PRICED_5M,True,True,0,
3pKx91vzwQJY5cHTosznG7MPbRRA5eAXbXzrWiMypump,1787064043168875,1,1,0,True,True,FULLY_PRICED_5M,True,True,0,
398XemP2emy3qo3YtJegd115oa59GmqJ93pSNUBBpump,1787064042636063,1,1,0,True,True,FULLY_PRICED_5M,True,True,0,
BR7pcYBvG9Wb8Cr373GTJHT7McgxcEUdgbEWBPuCpump,1787064042635062,1,1,0,True,True,FULLY_PRICED_5M,True,True,0,
AySszwe1ZTRTWj1Y2Svu76LGmRYKWk4WdmGdHFXKpump,1787064042634059,1,1,0,True,True,FULLY_PRICED_5M,True,True,0,
rmhs5ZnCQL7psZqYiNXgTpuTfdqeKgs45CbQ7Bipump,1787064042632060,1,1,0,True,True,FULLY_PRICED_5M,True,True,0,
24bdXk9e5BskiEjTWCU5EBPuHKdMSVLTamaHEcc7pump,1787064042631059,1,1,0,True,True,FULLY_PRICED_5M,True,True,0,
GfuGkuALxuyXJtLy4gdwHzfaH6r7veX2dsxg78UUpump,1787064042630063,1,1,0,True,True,FULLY_PRICED_5M,True,True,0,
FMd14dE13xVWYQtyNFhE7JYwh5w6dnZZuqe4q6qupump,1787064042629061,1,1,0,True,True,FULLY_PRICED_5M,True,True,0,
93Uces6SDiY8st1WiDZ448sGM52hoyvqLYM49JyZpump,1787064042626059,1,1,0,True,True,FULLY_PRICED_5M,True,True,0,
FqKttCVYG5JgBT81A3esBReAopfevFTCi1PC9YwMpump,1787064042193925,1,1,0,True,True,FULLY_PRICED_5M,True,True,0,
BXc4uVYRqvsm3py3HHn9kVNoUQ5GfzTM8WKDEqYPpump,1787064042191925,1,1,0,True,True,FULLY_PRICED_5M,True,True,0,
Fywarw347zdb8gXev5Fa3x5z5v4v2BSzSgNHRPZapump,1787064042190924,1,1,0,True,True,FULLY_PRICED_5M,True,True,0,
5fAKmw2v2jzBNW7mKrGRExmzv6R2mx5bZ6HzVgsYpump,1787064042189925,1,1,0,True,True,FULLY_PRICED_5M,True,True,0,
AvpQmGgdyxTWbv6exzE4F46sz9f6xf7XdRW3hZD4pump,1787064042187925,1,1,0,True,True,FULLY_PRICED_5M,True,True,0,
C4KBEJv2GP4nfCCpcHYyPLiGRNCmhW6RqJAarGzcpump,1787064042183922,1,1,0,True,True,FULLY_PRICED_5M,True,True,0,
6pgdEji9E14w4CUvMu5kuKc1wPY1JgNFBt4Pv4A6pump,1787064042182926,1,1,0,True,True,FULLY_PRICED_5M,True,True,0,
9zmLfHxTrFHUbU6ZfV5g466A2tPX7KrCFLgJbXBypump,1787064042182926,1,1,0,True,True,FULLY_PRICED_5M,True,True,0,
CD4bc6pay5wy9tZjQf5DAj6FxSiTE6NrqokCwDj3pump,1787064042181928,1,1,0,True,True,FULLY_PRICED_5M,True,True,0,
4xXcfrDu98AUfXVo1mA7zSC9ssAtnndMDbBaxyBxpump,1787064042180923,1,1,0,True,True,FULLY_PRICED_5M,True,True,0,
GAGYtMbXnPY73XGhMS2nTr86FJgM6gBAmjRTdMZopump,1787064042178925,1,1,0,True,True,FULLY_PRICED_5M,True,True,0,
GHU9MgZfEUfzpR6TVkKucPekTVnXM9oQerZYF54qpump,1787064042175926,1,1,0,True,True,FULLY_PRICED_5M,True,True,0,
GTUrU4c4nHhEd2weAVqNrZ2qQmycZRh8fC91xHyZpump,1787064042173923,1,1,0,True,True,FULLY_PRICED_5M,True,True,0,
5iafpX6afqjtgq824ra9bAwCmk5KomUgL3bcFUZcpump,1787064042172922,1,1,0,True,True,FULLY_PRICED_5M,True,True,0,
CfojA3Ch4TPWUpdP6KU8x5eEi3FeZwYTBiA5nSdzpump,1787064042148745,1,0,1,False,False,NO_PRICED_TRADES_5M,False,False,0,VIRTUAL_SOL_NONPOSITIVE
APA9E8UhBLBx5naxSReqUQtAvF8nN3Gs68UUQBMppump,1787064042140746,1,1,0,True,True,FULLY_PRICED_5M,True,True,0,
6eqKKzyYRbWKbWrvQhNyKdCtq28NGYeSVtMZ2LfSpump,1787064042139746,1,1,0,True,True,FULLY_PRICED_5M,True,True,0,
47yV9NhvX5qSZsHDmS2hgocJjRkfy9nWxSnWmiPnpump,1787064042138750,1,1,0,True,True,FULLY_PRICED_5M,True,True,0,
9aA7v2eM1LywgkYQfmVK93ppSyxD3EfmAP2Mtdnpump,1787064042137745,1,1,0,True,True,FULLY_PRICED_5M,True,True,0,
FrwzSJqS3EdCP95yoQEBnjKycu64ZRs5sEUhr9t1pump,1787064042136745,1,1,0,True,True,FULLY_PRICED_5M,True,True,0,
6kBT9Y4LFhdYAHC7mJtouEsTxrvuKcVSmkJdkDrmpump,1787064042134744,1,1,0,True,True,FULLY_PRICED_5M,True,True,0,
AR5kHksWspzgJryLQu1TA1oJmtN9FRyWqGn25rLxpump,1787064041768198,1,1,0,True,True,FULLY_PRICED_5M,True,True,0,
4MPSZrzcd9xd6Nf5MvYN2hqFCCC8XzYEeb62tRvQpump,1787064041767197,1,1,0,True,True,FULLY_PRICED_5M,True,True,0,
8HYyzgtEfXPfXHnghXpjggJ75AE6TFV9uomDSD4ypump,1787064041765191,1,1,0,True,True,FULLY_PRICED_5M,True,True,0,
5dSXTR3ceFzRsdAnDaBGDm5aSevwi8Bv87ioZXYVpump,1787064041762686,1,1,0,True,True,FULLY_PRICED_5M,True,True,0,
CGY8LZSmwPiFUc9FTmkLGAvB7PhLKzWZiyEiPqVCpump,1787064041758688,1,1,0,True,True,FULLY_PRICED_5M,True,True,0,
GXefbuPxZpsazAN3oRRAHVSRVxbNY7o8wMXhPb8jpump,1787064041757683,1,1,0,True,True,FULLY_PRICED_5M,True,True,0,
Ci3BkpLzwYJm2RrWamgAqtJ2Y3GM45pL2ePtzgRFHdUP,1787064041756684,1,1,0,True,True,FULLY_PRICED_5M,True,True,0,
6aWJqwHzNdhLECdtTAUZ9AaBgGtkkSovjw5vhQBFpump,1787064041754684,1,1,0,True,True,FULLY_PRICED_5M,True,True,0,
HQCFyRNtCtb5yacgWp96EUjChQxG2GmdQCTufi2Hpump,1787064041753684,1,1,0,True,True,FULLY_PRICED_5M,True,True,0,
ChqRy5KnnioAeXHuRah6VTiur9v2qH2399JRyXRApump,1787064041095438,1,1,0,True,True,FULLY_PRICED_5M,True,True,0,
8arKMeKZ9c9fi7HCevrKnnrKzfPWNMLQGFhYxqKPpump,1787064041093433,1,1,0,True,True,FULLY_PRICED_5M,True,True,0,
QprST6tUmPAvqdrQe6btSt7wJjPjV5dqyBRSQYGpump,1787064039150263,1,1,0,True,True,FULLY_PRICED_5M,True,True,0,
HQYNoHLM6hycKbsntS3AFepVcXUKeP6TzMowsb37pump,1787064039145225,1,1,0,True,True,FULLY_PRICED_5M,True,True,0,
2fiKhURGnu7c4Cz1CrouaTvfbcDXMmcZdnKyHoPupump,1787064038507595,1,1,0,True,True,FULLY_PRICED_5M,True,True,0,
5XR3PYNtkp9H6wasH8ETqPLYSYhL7Fr4vL8azGvkpump,1787064038491597,1,1,0,True,True,FULLY_PRICED_5M,True,True,0,
Bw186LPGtEWC3UVwfFEdTVGKH1CxwZWfHh6uj4Uapump,1787064038483598,2,2,0,True,True,FULLY_PRICED_5M,True,True,0,
DN8zP68Sg9fU3M9MovpU4DPvAzBuvBJzVNdwWUJmYXkn,1787064037149978,2,2,0,True,True,FULLY_PRICED_5M,True,True,0,
6AnPsNteGbx4AqcnvSUy5QRzDtNHLXaGrUWQ6HCspump,1787064036581151,1,1,0,True,True,FULLY_PRICED_5M,True,True,0,
FLbuhPhyi94ZvA9pTEcYeoteH6W3sCf8jLz9r7sBpump,1787064036572150,1,1,0,True,True,FULLY_PRICED_5M,True,True,0,
7YjhmQYkkMxDUc22Ety34L8rzUafNafRjmqn8nqXpump,1787064036553631,1,1,0,True,True,FULLY_PRICED_5M,True,True,0,
9jjqJjtxBFVsr4HBrchFmRntepLs5b8kV33L6FvZpump,1787064036551631,1,1,0,True,True,FULLY_PRICED_5M,True,True,0,
9EJbtX9WJPrEDTYUsMb72wa2S3noFGKyYrYKKw8Vpump,1787064036547634,1,1,0,True,True,FULLY_PRICED_5M,True,True,0,
9kBU2LksFFSZ7KRoqKpxoCSBXTbHCrCVGJ51cYsupump,1787064036542622,1,1,0,True,True,FULLY_PRICED_5M,True,True,0,
B16Qywdi8kByHeZnbjzyazANuEXGMaVVRtz9Cbd9pump,1787064036523622,1,1,0,True,True,FULLY_PRICED_5M,True,True,0,
21dfe9UctGMk6zpUsQ1B7YxwckSUxvRX6Vz5e7oppump,1787064036514628,1,1,0,True,True,FULLY_PRICED_5M,True,True,0,
6jfwyCmuXQpcqtQrGiyYafMPtpK4WvYc9qnbmMXTpump,1787064036507132,1,1,0,True,True,FULLY_PRICED_5M,True,True,0,
sgpjbg7Um13T85v6VfHahi1obqWKthzbURB3PnSpump,1787064036500671,1,1,0,True,True,FULLY_PRICED_5M,True,True,0,
HX9PCYbAUKR6AYaRT6AWRrHEhEqu84c5WoD8uBxBpump,1787064036495672,1,1,0,True,True,FULLY_PRICED_5M,True,True,0,
AwMfZ7Zw4RG6CtXcUzfBW3rLpyMy696skBJ8Bjzvpump,1787064035968916,1,1,0,True,True,FULLY_PRICED_5M,True,True,0,
BabAudhznZJfAZDXYxQwxr4yD9c5yPiFsUGs2n9ypump,1787064035941390,1,1,0,True,True,FULLY_PRICED_5M,True,True,0,
CjBbgMBvp2w725gih6J4Use25GcPXmYndg2akNfbpump,1787064035932395,1,1,0,True,True,FULLY_PRICED_5M,True,True,0,
EhiH15ATDwkjwNRnE1TRQLweRGwHkLR2XP64HVjMpump,1787064035539161,1,1,0,True,True,FULLY_PRICED_5M,True,True,0,
8JKymRCSaAoQhidEAvVjyK8ooP2LwJLnn15iGYCFpump,1787064035532161,1,1,0,True,True,FULLY_PRICED_5M,True,True,0,
GqoHoE5bMvBkiZ9TXrU7UAWLtUMBpeRzeCxofyuLpump,1787064035530166,1,1,0,True,True,FULLY_PRICED_5M,True,True,0,
H3mqqQzSvbajcUgixqVPFRo27yzfPcNcBnAiovLapump,1787064035521165,1,1,0,True,True,FULLY_PRICED_5M,True,True,0,
D9RTkimGrt1fxN98P3MYDQGPw3VtZtG2eWGkY2Wfpump,1787064035520163,1,1,0,True,True,FULLY_PRICED_5M,True,True,0,
HNZ2dvwwdAYxTfPR3G8QkGoEUHzkR9ZHo6mCi8nppump,1787064035518162,1,1,0,True,True,FULLY_PRICED_5M,True,True,0,
6NiqoukKXSDXpP7XPCns6ChhFbNCeuthAeAv1nEdpump,1787064035515162,1,1,0,True,True,FULLY_PRICED_5M,True,True,0,
2dzZSSdexa6H2uXWvJbYrpiH6UbTjPaXwuVBNinGpump,1787064035507027,1,1,0,True,True,FULLY_PRICED_5M,True,True,0,
7gYi9gX46VLer6wXs9XzBJ9T4Fj51Q3fmxZBWxuQpump,1787064035500508,1,1,0,True,True,FULLY_PRICED_5M,True,True,0,
DGJ5Lbz7EsSbjoPh2HFbjVoJY8imwZtekQTyEyebpump,1787064034405038,21,21,0,True,True,FULLY_PRICED_5M,True,True,0,
8dyxma7zNwqSRg24YHu3ioYnMdkRh5v6mNoaTZcNpump,1787064032198357,37,37,0,True,True,FULLY_PRICED_5M,True,True,0,
9dZSKYiPPdc1hs9nK81SMSrok8Z7oRQivsHzpec2pump,1787064032180361,40,40,0,True,True,FULLY_PRICED_5M,True,True,0,
3yUBZH55JjojQLjAeSkXJvnobq4cLebzsegw7KMApump,1787064032167361,1,1,0,True,True,FULLY_PRICED_5M,True,True,0,
9S8oejxDEHB8fwE9T3dSJk5e1ypuHCqDBJF1J3tJpump,1787064032160351,1,1,0,True,True,FULLY_PRICED_5M,True,True,0,
47TTomUftv1D6MZfy4gW45gNdMu6utXq42RBzPdUpump,1787064031611105,2,2,0,True,True,FULLY_PRICED_5M,True,True,0,
CU1gWYdLfZ2KsQ5ybX565w2qojF6C1ErLA7GNrFCpump,1787064031566108,1,1,0,True,True,FULLY_PRICED_5M,True,True,0,
4pKaxQ2h4H6zPuYoVWtnMTx6b5BKTa96CUm5zR6Qpump,1787064030999301,1,1,0,True,True,FULLY_PRICED_5M,True,True,0,
Fh9WTra7G2P3Ni6LVioV2t7phRh9g3nTLNFTUQt4pump,1787064030516536,1,1,0,True,True,FULLY_PRICED_5M,True,True,0,
ED7fX3NyZnqzzZZGmE96inrkazDbZT8uyAyCW29Ypump,1787064029890234,5,5,0,True,True,FULLY_PRICED_5M,True,True,0,
Cm2RFRRtJWprgmwjy5fjt6FhNYNeWQbQ83MXBmFGpump,1787064028764275,13,13,0,True,True,FULLY_PRICED_5M,True,True,0,
9Fu1GzW3YN1y3LoPFpad5tQ3akKKyzF7PJaazzD3pump,1787064027544142,1,1,0,True,True,FULLY_PRICED_5M,True,True,0,
BW5iHuy55MPtUTNFYfmYU6srndzgfwVF3RYLbDjgpump,1787064027030966,1,1,0,True,True,FULLY_PRICED_5M,True,True,0,
3B1V1fTfq3YYsXnLhpvdeDeaS7ceywH2WaAmk6acpump,1787064026440351,1,1,0,True,True,FULLY_PRICED_5M,True,True,0,
5sPnSfjdhuxPX8ZeuTtfefL882en7FAv8zRHr4LVYwMu,1787064026345302,1,1,0,True,True,FULLY_PRICED_5M,True,True,0,
GhqVUq5ryYQSzkot9oKshMf5uPWFdxwdB61twb4Qpump,1787064025909376,17,17,0,True,True,FULLY_PRICED_5M,True,True,0,
C7eur8CFg8VhTofcPcG3eEHfCDeCSY7GTn2ntEfLpump,1787064025878372,1,1,0,True,True,FULLY_PRICED_5M,True,True,0,
5qLjqMdMaDQgL22kJn5fFqxHUjcRW3exfifibfWkpump,1787064025877373,1,1,0,True,True,FULLY_PRICED_5M,True,True,0,
3gZ6XtPx5pBjvHxMTgNQn2t4Ai1HJVnVC6zE3KS9pump,1787064025371571,39,39,0,True,True,FULLY_PRICED_5M,True,True,0,
7ir9jGjPjd4eZv97iJ1eXhjL2BPKTHyMNrYgnS6fpump,1787064025362574,1,1,0,True,True,FULLY_PRICED_5M,True,True,0,
DTfYHxLaau7D3mX9N8Ei1dRce4zmHU8mWyxZtKTapump,1787064024930851,1,1,0,True,True,FULLY_PRICED_5M,True,True,0,
CRmWNEbxFf6Vv77JYqesrhYmv7aZtQMmfoE99w6cpump,1787064021869233,1,1,0,True,True,FULLY_PRICED_5M,True,True,0,
6bHgrcBqj4RWjqeEJgxWnmgLC9T71h4Dteg5Mik5pump,1787064021848714,1,1,0,True,True,FULLY_PRICED_5M,True,True,0,
6NQCpZ2M24GkB2iq4u9H6H5ToYoZx33CZ4skWqbupump,1787064020468321,5,5,0,True,True,FULLY_PRICED_5M,True,True,0,
1s3HXLJc741LedDaT8ZmeMr4CUeYxEeARJkCG4epump,1787064020114185,1,1,0,True,True,FULLY_PRICED_5M,True,True,0,
DmKqwGRtnNy1a1cFuNC82HK9sYskK6tpaENV2uhTpump,1787064019631382,23,23,0,True,True,FULLY_PRICED_5M,True,True,0,
aVgJ7wXmjkxi7wt3we8R9VFX2gryJJ6AvHxu1KYpump,1787064018914191,1,1,0,True,True,FULLY_PRICED_5M,True,True,0,
5s2iWMwxgCnC4XQFNT4rD7VZzagzrwKMwtnjFtiEpump,1787064018511680,79,79,0,True,True,FULLY_PRICED_5M,True,True,0,
u7PHEEUWYkMEzYVV1GDqvFDJezJUerbgvUiXcN9pump,1787064018273654,1,1,0,True,True,FULLY_PRICED_5M,True,True,0,
J3HqP4wLgW3PCeztsdUtaxfjuw9GU4KWGB9HQjABpump,1787064017533313,14,14,0,True,True,FULLY_PRICED_5M,True,True,0,
2RmJ1phKAfZDaawiej3kDjR8EjfegUiNhyXZsMe6pump,1787064017238159,1,1,0,True,True,FULLY_PRICED_5M,True,True,0,
4qjDnzk2mR6FreY4hiNZbgbRWwTsF8q1589Zzqmypump,1787064017224154,3,3,0,True,True,FULLY_PRICED_5M,True,True,0,
JG5UPRfZgSCYNSEfF39DKVte7ZRPhhcJe6gKGgNBY2o,1787064017199153,85,85,0,True,True,FULLY_PRICED_5M,True,True,0,
F9RteAMpFG5ejoWZqEGKWykiB58Bwo71iQ3erb6Qpump,1787064016880057,18,18,0,True,True,FULLY_PRICED_5M,True,True,0,
BfgakHXUGEedyG6KJbp936aE4cmnamFRBMfGqM53pump,1787064016592615,1,1,0,True,True,FULLY_PRICED_5M,True,True,0,
6nPwaUCaZTbFwR3r6Jkq3juaXxUa6T4dQ1xhi7uspump,1787064016302680,1,1,0,True,True,FULLY_PRICED_5M,True,True,0,
A1e3He2qtgP4hdiK2WiVrJW46UyAQ6GfkLWLFmKypump,1787064016001039,1,1,0,True,True,FULLY_PRICED_5M,True,True,0,
BpxrzX73eabdCcie253yZXq28A9vdFzY4WMq8cbKyxTD,1787064015671424,8,8,0,True,True,FULLY_PRICED_5M,True,True,0,
AUqmCpoGNxroqENYZQzDPsTAzwZCXN15mkgcgqNVpump,1787064015122310,1,1,0,True,True,FULLY_PRICED_5M,True,True,0,
6jRTP7MWb8ihnXLJc3R58i5ExrMvAxV9CybXPvYepump,1787064015080312,1,1,0,True,True,FULLY_PRICED_5M,True,True,0,
GtGUKTmfaisNvGPNLozWqXYKrqdwvJ44F3tSMaFfLLYb,1787064015054311,1,1,0,True,True,FULLY_PRICED_5M,True,True,0,
FbNWCDGRqaxsyUz8dRXDkLxXzziRhpfdEBpCmHHwpump,1787064014847270,1,1,0,True,True,FULLY_PRICED_5M,True,True,0,
BG35wpr7E5h3wgoVfHYpCbRmzUR2gLFmdZvx31FTTqer,1787064014845267,2,2,0,True,True,FULLY_PRICED_5M,True,True,0,
GBSBX9ySY36AXBcKppTVQUsiRko1jQmdejKT2futpump,1787064014781265,1,1,0,True,True,FULLY_PRICED_5M,True,True,0,
DwKdw37UzUPb1AtfpSMNtdXqRCNC83HeBb8neyJipump,1787064014548937,26,26,0,True,True,FULLY_PRICED_5M,True,True,0,
9KyjJAAZ3sNuYbfm7XQaasceUgW2ihgGAiE1Zk9Hpump,1787064014539938,2,2,0,True,True,FULLY_PRICED_5M,True,True,0,
EaULJvUCk2h8bbXFitbK1FQbdc6LDp35Xni82h9Vpump,1787064014259386,1,1,0,True,True,FULLY_PRICED_5M,True,True,0,
JCtCGUnFdheCEdBDMHxSJnpnTHKNN7Cr1kbV3BVapump,1787064014240021,2,2,0,True,True,FULLY_PRICED_5M,True,True,0,
4u2ApyTEH59gAJXPpsmEwQ53vnGFn7rd92SGxivCpump,1787064013950879,1,1,0,True,True,FULLY_PRICED_5M,True,True,0,
FuCndHLJKJveUWTthkZ7Q9nLgQ4D4RTLmWmfhqBWpump,1787064013651803,1,1,0,True,True,FULLY_PRICED_5M,True,True,0,
5giVUuiWzPhCoYKTNm1sWEujUeKdehuqS23Gp187fNJk,1787064012639689,1,1,0,True,True,FULLY_PRICED_5M,True,True,0,
24q87NzkQ7BxVmBWr5dFX7RfrVfZ79PrrLxZ7KKBpump,1787064012632685,24,24,0,True,True,FULLY_PRICED_5M,True,True,0,
HF63RfdxSvsp2YCd7nRhm4gtkfVa3NRDvViaePX9VeY3,1787064012581684,15,15,0,True,True,FULLY_PRICED_5M,True,True,0,
EoizsUfqaFXCpVuJpyQ4DwQTRmpupcAW5BcJjxmzpump,1787064012375137,1,1,0,True,True,FULLY_PRICED_5M,True,True,0,
EvtiTBgitS6gisiJBLwHwERpbc6XLekAP2apbFPbpump,1787064012354782,1,1,0,True,True,FULLY_PRICED_5M,True,True,0,
HzxJdwoYh4Du5PcDerkEfbDCne84mvnJx54h3ofppump,1787064012316830,1,1,0,True,True,FULLY_PRICED_5M,True,True,0,
87ke9TVw885FWLqMTmY49syBboF9z1ttJ2G1gNh7pump,1787064012282830,1,1,0,True,True,FULLY_PRICED_5M,True,True,0,
6dsibqAMYvqBJfx5etwKECzNALZ2CKu9a3TrHPu1pump,1787064011795432,1,1,0,True,True,FULLY_PRICED_5M,True,True,0,
6i2Sqq7cvpWwxAAWeEEMz3URyJUmhbRHqYta4X9Ppump,1787064011530134,5,5,0,True,True,FULLY_PRICED_5M,True,True,0,
GLhTVtjpzxAAYnLu3HEFBqG9ayTQCqff7Wj8xaRLpump,1787064011522136,33,33,0,True,True,FULLY_PRICED_5M,True,True,0,
GZM4pFFTefBpvYragRZj5dmRHzCtyaTKsEAFL29Bpump,1787064011380100,4,4,0,True,True,FULLY_PRICED_5M,True,True,0,
B6zNpCq82H1PqrMWFf9kLkyGzDhu2NMkqiz5SVXVzV2r,1787064011060554,48,48,0,True,True,FULLY_PRICED_5M,True,True,0,
9RybYWwCkr8XXQBxzvK525ccuFKpyr2tS9Hxbfgtpump,1787064010794015,1,1,0,True,True,FULLY_PRICED_5M,True,True,0,
9ExLMtJf3Ez8uvrv4L98wp3YVg1AawjMJduznKKVpump,1787064010751015,11,11,0,True,True,FULLY_PRICED_5M,True,True,0,
2wy6xgRnX5uE6ewWhHXwjwpWaNsRWPteSgr18WKRv85P,1787064010579364,2,2,0,True,True,FULLY_PRICED_5M,True,True,0,
8rfwKyybVhx6XRjTws5WcJXn3hxnyUnPip4uDUbE2Th6,1787064010571364,193,193,0,True,True,FULLY_PRICED_5M,True,True,0,
9sw5nypHtFYJLpaitjL1sbe9o9tZQNoKJZDy6UKTpump,1787064010562365,19,19,0,True,True,FULLY_PRICED_5M,True,True,0,
DoFD8FyDMUbwBKxaGciJsy8ArRDmkuVkcn778jDBpump,1787064010545854,8,0,8,False,False,NO_PRICED_TRADES_5M,False,False,0,VIRTUAL_SOL_NONPOSITIVE
51QG1ZM64Uba35riWjSZBhavfjWJRC4MR2p565uCpump,1787064010509849,214,214,0,True,True,FULLY_PRICED_5M,True,True,0,
A2ZgSsvcgSX3CZYKjYTfCp3h69oA87zQqxzshyU3pump,1787064010263298,4,4,0,True,True,FULLY_PRICED_5M,True,True,0,
2d8ogfJb23HeDEQbJ1P26qz1bz6hUvX22LNDv2PZpump,1787064010254298,1,1,0,True,True,FULLY_PRICED_5M,True,True,0,
4aNUDbbCvavBVK5gCq2sPfp7KqpfGE7r2GmXTsNypump,1787064010181784,1,1,0,True,True,FULLY_PRICED_5M,True,True,0,
GdXGPDDxgzbJ49SyKAnKMiT9usJsVKVA5CaTzvXhpump,1787064010177785,1,1,0,True,True,FULLY_PRICED_5M,True,True,0,
5ShyDi5HWRNRzZiip6tc2gzrW3ddP7EFDF9NPHMfpump,1787064009998611,120,120,0,True,True,FULLY_PRICED_5M,True,True,0,
6xEhaS9Shut97UW2LzmgUTf9UwjYSeFDGjcK62Eupump,1787064009984611,27,27,0,True,True,FULLY_PRICED_5M,True,True,0,
KaMQPqCgJqnCUR1e4kkUvGQAEbY9f9ZtiVsZmtJpump,1787064009820063,1,1,0,True,True,FULLY_PRICED_5M,True,True,0,
5zqHzNQMyX811qRvc5YJ4tP2N47NY7VbdMJBQqh3adha,1787064009788064,79,79,0,True,True,FULLY_PRICED_5M,True,True,0,
51MMzFKYJxULJVLD36Dxd3HD5BbeE9TLyqQBCJ8upump,1787064009730548,65,65,0,True,True,FULLY_PRICED_5M,True,True,0,
B6HQV3wsCqA37k3Vp94WrKMvzdnVGkjGTu3tXmUtpump,1787064009726548,58,58,0,True,True,FULLY_PRICED_5M,True,True,0,
5HEA5ETq8UWxvNXGoyqKPwa2Ecs48M9YdVmG1PDopump,1787064009672548,28,28,0,True,True,FULLY_PRICED_5M,True,True,0,
5CDyYrSvocs1RR18df1mVJzvvHAoiGCZdkJcfMMppump,1787064009572185,23,23,0,True,True,FULLY_PRICED_5M,True,True,0,
Hn9Lng1ir5gZrjrmRyVWkddTUJVfH3ceATeM7ANrpump,1787063194001218,1,1,0,True,True,FULLY_PRICED_5M,True,True,0,
7VWp1GCMs1LG6SD6FnTsD8TJ5iMgTaUza35GPpZWpump,1787063193994218,1,1,0,True,True,FULLY_PRICED_5M,True,True,0,
HMVZBarouQihaVcnRavhwi1P6mFymd8AngiWHYBbpump,1787063193955212,3,3,0,True,True,FULLY_PRICED_5M,True,True,0,
2RWuyLjvyqfSUvH6H86keTYrw46fDgDnKnv3MsdYpump,1787063193828702,1,0,1,False,False,NO_PRICED_TRADES_5M,False,False,0,VIRTUAL_SOL_NONPOSITIVE
9a86E7n2GWvV2J4mYD2CehYzdqyW71s1QrAHkHJmpump,1787063193777184,1,1,0,True,True,FULLY_PRICED_5M,True,True,0,
9taPHcqKuWxkVp9Kfdf5SENcsH1Z2coeUCw7JRcCpump,1787063193630325,1,1,0,True,True,FULLY_PRICED_5M,True,True,0,
6BceESs53QBap6s85WWykgHjw7cgh558AGrn2DQNpfgj,1787063193615325,1,1,0,True,True,FULLY_PRICED_5M,True,True,0,
DxwmAUHnSEprWTcmGmUrwbWgjip72WKQeWwUJx2Upump,1787063193587185,2,2,0,True,True,FULLY_PRICED_5M,True,True,0,
4Wb6cjRhDDW6UFP2xFbKKAW5cVLEBBps2AxJKyffpump,1787063193483146,3,3,0,True,True,FULLY_PRICED_5M,True,True,0,
DQaFWFzznjpaCpGNKi4MFaxgy4jC9rjsVYo5zfoMpump,1787063193457146,3,3,0,True,True,FULLY_PRICED_5M,True,True,0,
CbGNHY8KneYPTMje2KrS4NUuvjvmKsY8mQZJ2WKApump,1787063193379635,6,6,0,True,True,FULLY_PRICED_5M,True,True,0,
4br8SvTaZV4vLNkMwNUXjzXB5n9qX5qnc67hbJpepump,1787063193375632,7,7,0,True,True,FULLY_PRICED_5M,True,True,0,
