mint,event_key,event_type,observed_at_us,quote_mint,quote_amount_raw,sol_amount_lamports,virtual_quote_reserve_raw,virtual_sol_reserve_lamports,virtual_token_reserve_raw,price_proxy_raw_ratio
2MUW4ws73FHu5B5DuBk2ac1s1Rb9UPDZM8Gx5rMDpump,3Qe5bs8WmR73dgosB8JQcFE8n5KfEJFh3GvUouEs8tohtWSwzjAfVtTU6TyohU51Jzbj5u96sLYP2UKs8RwjLCtP:0:bddb7fd34ee661ee,SELL,1787074362549194,EPjFWdd5AufqSSqeM2qN1xzybapC8G4wEGGkZwyTDt1v,5574691,0,252447402,0,1277566292437873,1.97600236867768104421778041724133704316713768219651487304861E-7
2MUW4ws73FHu5B5DuBk2ac1s1Rb9UPDZM8Gx5rMDpump,3DXZg33EyrbXqBvjhtJxn6XiCmeQkqKpSPsvoBFa6iuQKro51wmbbwfmXiyPWW3MRHAjzt72ESzjcQyHj2kiioVU:0:bddb7fd34ee661ee,BUY,1787074369235605,EPjFWdd5AufqSSqeM2qN1xzybapC8G4wEGGkZwyTDt1v,5054413,0,341973567,0,1252489390836773,2.73035100737684971247880298254660232442011499449748401917349E-7
2MUW4ws73FHu5B5DuBk2ac1s1Rb9UPDZM8Gx5rMDpump,i1gaS9DAfEkPYY2gEiGtEWK1i1ZSsPmY3JcNeCEYVrKht4R2UDUx5LzsZnvhMQDjMWTbiPDPEkEiJ9sEgb5Qago:0:bddb7fd34ee661ee,BUY,1787074371577498,EPjFWdd5AufqSSqeM2qN1xzybapC8G4wEGGkZwyTDt1v,6378559,0,452891498,0,1229555477477145,3.68337587279316850147795617957488924161552042991661002089736E-7
2MUW4ws73FHu5B5DuBk2ac1s1Rb9UPDZM8Gx5rMDpump,4fZbP6YWPEZ8F6v4HhH2McbihsBsDbX8GuZoZyWaYvjfbKhqkNm28s2SCT29KbTQ4n1oUrtmyjvfy9zbn7ZZLQDM:0:bddb7fd34ee661ee,SELL,1787074381860831,EPjFWdd5AufqSSqeM2qN1xzybapC8G4wEGGkZwyTDt1v,4474964,0,374417668,0,1241825805001550,3.01505788083967755870937027257538787904114148182601683873301E-7
2MUW4ws73FHu5B5DuBk2ac1s1Rb9UPDZM8Gx5rMDpump,3QDcySFjDrxtK5ETPKah1QKpXs54HYRZphAYj6BHpY3oYFwj3Reaiq1q6YE5cADywXYu2hWDYWg9kn7UBj67ezvy:0:bddb7fd34ee661ee,SELL,1787074386907858,EPjFWdd5AufqSSqeM2qN1xzybapC8G4wEGGkZwyTDt1v,3356341,0,371061327,0,1253058427694596,2.96124521250526725867882566276434483445402592976422431840003E-7
2MUW4ws73FHu5B5DuBk2ac1s1Rb9UPDZM8Gx5rMDpump,dFzrKVnmCo5SrikGdXEMkPettMLyYD2hJTBAn1a511wUxjUY8rMsryfYx2GqJB2MVSZ2PxzYpxpprU1jw1UNu6e:0:bddb7fd34ee661ee,SELL,1787074386987860,EPjFWdd5AufqSSqeM2qN1xzybapC8G4wEGGkZwyTDt1v,5866681,0,245905351,0,1273188228126648,1.93141395410026543658956103934916783843253268879438351202660E-7
2MUW4ws73FHu5B5DuBk2ac1s1Rb9UPDZM8Gx5rMDpump,rb3BYrqKpzY1kUqLqNKeiRGQd4xSf8Xpjn9j6HcAZvNRNmbWwAs4Gt8iLBzWbnUwWV7Gz9mcmpbfD7rPV8A5M8C:0:bddb7fd34ee661ee,SELL,1787074394670740,EPjFWdd5AufqSSqeM2qN1xzybapC8G4wEGGkZwyTDt1v,2877675,0,183779396,0,1288263972926340,1.42656629279586387465276367936350151477993363211026464941843E-7
2MUW4ws73FHu5B5DuBk2ac1s1Rb9UPDZM8Gx5rMDpump,eQCnqzEwF1ta3A9zteb4yHqZkENDzyW9j9sAR4La8EdPnvPydf4AeRQLmdi7GQbYQeTmxkYHN5HKDXnQiZyzc9h:0:bddb7fd34ee661ee,SELL,1787074397157740,EPjFWdd5AufqSSqeM2qN1xzybapC8G4wEGGkZwyTDt1v,934563,0,163494670,0,1294848600549799,1.26265472218589393107187798063079541355427137382955439959535E-7
2MUW4ws73FHu5B5DuBk2ac1s1Rb9UPDZM8Gx5rMDpump,4ZAU7namuERTFucJnZBwgJv31qAVgNNuNjjFVuNVPc99cWP6Get5yHqdtmuE99Q8ZXmQBWk3VUYwqpqC9XwtCwZD:0:bddb7fd34ee661ee,SELL,1787074401619741,EPjFWdd5AufqSSqeM2qN1xzybapC8G4wEGGkZwyTDt1v,2583097,0,106557633,0,1315634680685682,8.09933293522365433108678333939308458049940655157707298875819E-8
2MUW4ws73FHu5B5DuBk2ac1s1Rb9UPDZM8Gx5rMDpump,A5QQvcvRyszVJcqNyF7Nfjp5u6BR1DEjw4ZDDKk5JTfG8mQShjDLKW5fyzgKJXzhnZR6WwMvYsL9Q8QGT6JdB96:0:bddb7fd34ee661ee,SELL,1787074403643743,EPjFWdd5AufqSSqeM2qN1xzybapC8G4wEGGkZwyTDt1v,358843,0,98617160,0,1320080189111921,7.47054313922734684818039952677814294852921504078239123049258E-8
2MUW4ws73FHu5B5DuBk2ac1s1Rb9UPDZM8Gx5rMDpump,3eTekBPPmA4AFFHP2AeXG1saqEnd1umy4XouWB2atvTrKVYvh74XotRfFfJJiNmYkUtAcQeW7Vyp4P1ZDgsWczfZ:0:bddb7fd34ee661ee,BUY,1787074406089742,EPjFWdd5AufqSSqeM2qN1xzybapC8G4wEGGkZwyTDt1v,296435,0,105158815,0,1316124029487358,7.99003837358400731571693336405669924104094840691094582720721E-8
2MUW4ws73FHu5B5DuBk2ac1s1Rb9UPDZM8Gx5rMDpump,46WzUonEYfGZeQ3pQTuh6qpLeCCxj8F2jwh8UMxa1KoDGP7SAQDgAKKmqwxpxGHKrLmzAeKaAkQwt1XYiTENR2jv:0:bddb7fd34ee661ee,SELL,1787074411225300,EPjFWdd5AufqSSqeM2qN1xzybapC8G4wEGGkZwyTDt1v,1518805,0,71177513,0,1335411340362925,5.33000663156388004256402288417923124328063029705317408001191E-8
2MUW4ws73FHu5B5DuBk2ac1s1Rb9UPDZM8Gx5rMDpump,3zc32WEr2t9dkFDF2TNajmPZhEv2eFeqQN8PeT8Jyw5hiBLtg5hjedAHNxznNwCabgHLGvtYeFDyKkuPFbcGk5GC:0:bddb7fd34ee661ee,BUY,1787074413683750,EPjFWdd5AufqSSqeM2qN1xzybapC8G4wEGGkZwyTDt1v,682068,0,86308597,0,1322736045998230,6.52500529195644923051168057087786180630814518182198643808020E-8
2MUW4ws73FHu5B5DuBk2ac1s1Rb9UPDZM8Gx5rMDpump,4sj2zcUq114qdUkr8sEWik2BzBvUEKKPZxRGyEyfKtxicYduHscoejJjmwSLhwhcHoR8DDJozYC3uKPN5GMnD2Xh:0:bddb7fd34ee661ee,BUY,1787074420665123,EPjFWdd5AufqSSqeM2qN1xzybapC8G4wEGGkZwyTDt1v,2248287,0,88556884,0,1289154351133614,6.86937789273470399375019854436271531592070789650429573356532E-8
2MUW4ws73FHu5B5DuBk2ac1s1Rb9UPDZM8Gx5rMDpump,2mmTViFR7gbLedanCyRxcsAscFD6eE7ERW5tWEoKwoqSMvmTcQUd62DwZ7CAfc6KFBPwJQecGAzw1LgjbxQCV3Gk:0:bddb7fd34ee661ee,BUY,1787074423126391,EPjFWdd5AufqSSqeM2qN1xzybapC8G4wEGGkZwyTDt1v,482536,0,95219784,0,1282167969326785,7.42646722410294583499419711779699068029105506420671437849904E-8
2MUW4ws73FHu5B5DuBk2ac1s1Rb9UPDZM8Gx5rMDpump,2wwPz1hG2ijTxEGXDoub77coCqM2dtbnDCfq5xqNxei6LGcgkejKBqTmv5uy7jHHw62E4c18LiFkq426BCE58Uqe:0:bddb7fd34ee661ee,SELL,1787074430254496,EPjFWdd5AufqSSqeM2qN1xzybapC8G4wEGGkZwyTDt1v,1212902,0,78277276,0,1298710858102132,6.02730588657665569097147950461633920922721972336293933966131E-8
2MUW4ws73FHu5B5DuBk2ac1s1Rb9UPDZM8Gx5rMDpump,4h3r9mRsQTLUGwRzQ8skw6AbhugsYXLh1ntCv6KWAR5AbjuQEEGkDGpH1BbY8EVXd4BdTrjheKGhWYtR2qZbce4M:0:bddb7fd34ee661ee,BUY,1787074430364496,EPjFWdd5AufqSSqeM2qN1xzybapC8G4wEGGkZwyTDt1v,75913,0,78353189,0,1297452610145964,6.03900199416032860955467328770872152951535098508593798182187E-8
2MUW4ws73FHu5B5DuBk2ac1s1Rb9UPDZM8Gx5rMDpump,2rTSbxx5vX8FCoHevncEDGjkJkSREWe6Ad2ccbvqxWWjvFQS1iZFUnWGmNSpBw8J9FKtzhN9RL8XCYtHwqBTohQf:0:bddb7fd34ee661ee,BUY,1787074436096380,EPjFWdd5AufqSSqeM2qN1xzybapC8G4wEGGkZwyTDt1v,908966,0,90747654,0,1282573626484292,7.07543427730941333341690716937669135660850037588825028276414E-8
2MUW4ws73FHu5B5DuBk2ac1s1Rb9UPDZM8Gx5rMDpump,quSgpSH1VS4z4Rdr2p6SFUMEQeSAhT4sdsU3FXc4bxsb9ub5EKyznJ9BHuFZrsVf8esGnzaszGspzkbpQRWXugV:0:bddb7fd34ee661ee,SELL,1787074441973510,EPjFWdd5AufqSSqeM2qN1xzybapC8G4wEGGkZwyTDt1v,2451168,0,56489353,0,1318178721222274,4.28540926131932677575782833490695110734297185606476519177938E-8
2MUW4ws73FHu5B5DuBk2ac1s1Rb9UPDZM8Gx5rMDpump,PmA3rf6rLE2nEU8ngyx48u1mZZ3tWzmAev4BfqyaodAxvXZwiZmQSPuLYxsFzT1DokRBftKM2boGBgHkvbHejFo:0:bddb7fd34ee661ee,SELL,1787074445112139,EPjFWdd5AufqSSqeM2qN1xzybapC8G4wEGGkZwyTDt1v,711719,0,55777634,0,1334998611958212,4.17810426920098896792064299688685206629556239130109220009263E-8
2MUW4ws73FHu5B5DuBk2ac1s1Rb9UPDZM8Gx5rMDpump,5J4xFDKeqrbnyUmofS27puuPybMkmWe2XnL2Ecp7XvsAu52uz1qX4YQbEqYqEwsQ1dSGnmoKwSy8M6BgoWuPDiw:0:bddb7fd34ee661ee,SELL,1787074447357543,EPjFWdd5AufqSSqeM2qN1xzybapC8G4wEGGkZwyTDt1v,1453509,0,30120891,0,1370718172433174,2.19745324792273957449534360412459318415378348981818925690984E-8
2MUW4ws73FHu5B5DuBk2ac1s1Rb9UPDZM8Gx5rMDpump,2r3wiQUPQhGp4KCjV9brAxdbTKgb79DaTve7Lkx2RaDgTm3juCyPjJVpLz2sLYRDksRwhTVjveMf9K9L7EfZBdZd:0:bddb7fd34ee661ee,SELL,1787074450195574,EPjFWdd5AufqSSqeM2qN1xzybapC8G4wEGGkZwyTDt1v,487353,0,21373018,0,1393261042837337,1.53402825047590858198362955137273807613017691594034110065733E-8
2MUW4ws73FHu5B5DuBk2ac1s1Rb9UPDZM8Gx5rMDpump,4VXX3kaLbX7rcy7Lt3naJXdHL9YBHy9R95N6nLc8XVRovJA4xU8kHfcKVjdroNbcnYLyG9RSNH4zKWHArYYXa5Si:0:bddb7fd34ee661ee,SELL,1787074453380919,EPjFWdd5AufqSSqeM2qN1xzybapC8G4wEGGkZwyTDt1v,83743,0,19863028,0,1398741607969401,1.42006414099855142269451576576181287653276537992929004787313E-8
2MUW4ws73FHu5B5DuBk2ac1s1Rb9UPDZM8Gx5rMDpump,2pAJL2txxhXEh3x2vxDbuXikqsBEbGLaTVP66FpaUWbgFoK6rMAGwwNVRNRLqhJUZMNMSFm1qYJY3u7BSptEMkz5:0:bddb7fd34ee661ee,SELL,1787074456055274,EPjFWdd5AufqSSqeM2qN1xzybapC8G4wEGGkZwyTDt1v,157692,0,19705336,0,1409935112692133,1.39760587722186668359302321331558559291928875434374877571657E-8
2MUW4ws73FHu5B5DuBk2ac1s1Rb9UPDZM8Gx5rMDpump,rsw4ktX98homVWX6N37z19NYrNyQRnM6Wu5S2sUkYUmjtyQgpMf7eXnWHhQ6kayUREh1mCjMQgPUd8GdANLzFW4:0:bddb7fd34ee661ee,BUY,1787074461377399,EPjFWdd5AufqSSqeM2qN1xzybapC8G4wEGGkZwyTDt1v,86383,0,19791719,0,1403781305393248,1.40988620691565989255201726637448296409159496773388676958380E-8
2MUW4ws73FHu5B5DuBk2ac1s1Rb9UPDZM8Gx5rMDpump,wAfGRd67jukig7D1NXt7qvfKnj3Ct7bp3bKJ33heyjUZp9iQAgDbCueJByJiRgGUm5bvG7F3R1Jwe9aFQcpiqwH:0:bddb7fd34ee661ee,BUY,1787074464444441,EPjFWdd5AufqSSqeM2qN1xzybapC8G4wEGGkZwyTDt1v,530997,0,20322716,0,1367103024069193,1.48655336446475515443859496327098337155487913511630360346851E-8
2MUW4ws73FHu5B5DuBk2ac1s1Rb9UPDZM8Gx5rMDpump,23nAjkHMocnpEp1RKGNFwZ3YUJDzvd84hrwbsov4KoSkMMxGWgU1VcG2p6hX9ANu3LxWy9hvdkFuThAmvfaedLSi:0:bddb7fd34ee661ee,BUY,1787074466967825,EPjFWdd5AufqSSqeM2qN1xzybapC8G4wEGGkZwyTDt1v,189641,0,20512357,0,1354463938754738,1.51442621786288191689205698720398319943431386360420385235173E-8
2MUW4ws73FHu5B5DuBk2ac1s1Rb9UPDZM8Gx5rMDpump,5Qvq8vh7prdBwaQuvDpFHZECfLm9C6iEaksYRBbs13cRHtQoxa4fLSRtovsUnoixBZXhPLQ5woSkprB16BqSWwiL:0:bddb7fd34ee661ee,SELL,1787074475239096,EPjFWdd5AufqSSqeM2qN1xzybapC8G4wEGGkZwyTDt1v,464631,0,14654403,0,1385855395331057,1.05742655758823346509720965061099543123521605623331507691072E-8
2MUW4ws73FHu5B5DuBk2ac1s1Rb9UPDZM8Gx5rMDpump,4EQLMo3c2pYaaK9HfeWZTRtbywdxkeH1gWsQajTXCkzzbEL9JJdFPgrK9KHcsU46J4t5eqSoG7nupaktBNNM6zf8:0:bddb7fd34ee661ee,SELL,1787074481520340,EPjFWdd5AufqSSqeM2qN1xzybapC8G4wEGGkZwyTDt1v,202516,0,12400927,0,1405275647960800,8.82455126721581274400256301855797935973873276063612419776091E-9
2MUW4ws73FHu5B5DuBk2ac1s1Rb9UPDZM8Gx5rMDpump,5CoszKyWQ8FMqiLqBpkYGJRj7GtyZ82wcWWDiCvxUa12tGinm9UxDx3YUzssGzNPcCogCJqVhi1XG8mzP1VdPhFD:0:bddb7fd34ee661ee,BUY,1787074485821671,EPjFWdd5AufqSSqeM2qN1xzybapC8G4wEGGkZwyTDt1v,70047,0,13177203,0,1397382491956088,9.42991849107415794127471322541606253869858141760611961868628E-9
2MUW4ws73FHu5B5DuBk2ac1s1Rb9UPDZM8Gx5rMDpump,2jY4FCSL3A3qaTppz69sw9jgZX7HqCbu7uFRwEvYiXrpLxgiSZEn1stQsqMdVRsZR61kFtPYAg9Mq26Lvm7485JW:0:bddb7fd34ee661ee,SELL,1787074492159657,EPjFWdd5AufqSSqeM2qN1xzybapC8G4wEGGkZwyTDt1v,59105,0,12519785,0,1403678655917183,8.91926720351774512698277368276898011626236384568100192485064E-9
2MUW4ws73FHu5B5DuBk2ac1s1Rb9UPDZM8Gx5rMDpump,22HMykVH9AyxfYnExYke7VmMcwGdqUq5j4oQK4FsGX5SiUmRwXbqC2noE9svq6qUsKhHQafFX6y83yLKADJSt4kq:0:bddb7fd34ee661ee,BUY,1787074494851472,EPjFWdd5AufqSSqeM2qN1xzybapC8G4wEGGkZwyTDt1v,189415,0,12709200,0,1382758660177728,9.19119175747304151494363541186001146832155358315249815522650E-9
2MUW4ws73FHu5B5DuBk2ac1s1Rb9UPDZM8Gx5rMDpump,4kcc9U9eoc2BK363jjdbuogShnTW7eG8hnsdyU9E6kw1Dyh8VK6q4Zg17HY5LL2CSypzi2bGdA9kmY6MPE9NYtwy:0:bddb7fd34ee661ee,BUY,1787074497898389,EPjFWdd5AufqSSqeM2qN1xzybapC8G4wEGGkZwyTDt1v,164310,0,14242309,0,1365109932250861,1.04330857636619595499668499703918102103278376109763358816972E-8
2MUW4ws73FHu5B5DuBk2ac1s1Rb9UPDZM8Gx5rMDpump,5KDxYSqiaUxH48p1yuEvjMEjcho2uXZqUCdoR4Kd2DoByhnHsBak7e7mUS72cHKY5eFLJicYYCsRqU4hp5Eo6Dh6:0:bddb7fd34ee661ee,SELL,1787074505516202,EPjFWdd5AufqSSqeM2qN1xzybapC8G4wEGGkZwyTDt1v,69383,0,13592825,0,1371792870849583,9.90880277106386302718664083577988863494793851338141563163678E-9
2MUW4ws73FHu5B5DuBk2ac1s1Rb9UPDZM8Gx5rMDpump,46y4RyS1xLWbfWE7ZjUSKjBji9Ax7tpUBVif9HKjsqPgvooopkG9WPVSo4Ny6bFBjYkWN2s4RzEA1jwwsg6FMZp8:0:bddb7fd34ee661ee,SELL,1787074511114911,EPjFWdd5AufqSSqeM2qN1xzybapC8G4wEGGkZwyTDt1v,235516,0,11352518,0,1395980419835043,8.13229028050513646015270457379152186703229553364369277782797E-9
2MUW4ws73FHu5B5DuBk2ac1s1Rb9UPDZM8Gx5rMDpump,4RAX1Arjjxt7utcL7UESaggFKNkRQ1Sdby9Q4Saj8RePW6rgaV3biT29sCrVudThCHBDiiwVDzaHohrBEuaGi7Mj:0:bddb7fd34ee661ee,BUY,1787074516807330,EPjFWdd5AufqSSqeM2qN1xzybapC8G4wEGGkZwyTDt1v,58553,0,11907774,0,1388817302409641,8.57403920540134659545031141849436649675073619863682521493688E-9
2MUW4ws73FHu5B5DuBk2ac1s1Rb9UPDZM8Gx5rMDpump,2B5uuxbcERBqn1sUmkzVRTKg3S6yaRGpffBP6YL7yQkVFccFCKwoJQsSDWHLgPv6jV25euFCZecsJ7spD82w3hFo:0:bddb7fd34ee661ee,SELL,1787074522647516,EPjFWdd5AufqSSqeM2qN1xzybapC8G4wEGGkZwyTDt1v,132123,0,10642841,0,1404399974895964,7.57821218331224114604749428300879677474154268712302642628396E-9
2MUW4ws73FHu5B5DuBk2ac1s1Rb9UPDZM8Gx5rMDpump,38dh2c9jJ2L3SXuSzZxFyme55RsSBHderv3JCSPuCEKjiHDWcxacjHj68vrRBiKq7xkcRiw5GsCnzsxD4yibyCVf:0:bddb7fd34ee661ee,BUY,1787074531328488,EPjFWdd5AufqSSqeM2qN1xzybapC8G4wEGGkZwyTDt1v,236851,0,12868348,0,1373826173867950,9.36679490082046236123999050756310655828552311525664914822742E-9
2MUW4ws73FHu5B5DuBk2ac1s1Rb9UPDZM8Gx5rMDpump,3FWZS7eXMqhhnfBrBePHqSRftUVFmmHdtkmrcdLbD8cneaQZefaaDCM8CTLrv1VbyHXDZQGLdXJH7pJ5SWP1Zt6x:0:bddb7fd34ee661ee,SELL,1787074539705220,EPjFWdd5AufqSSqeM2qN1xzybapC8G4wEGGkZwyTDt1v,509416,0,12358932,0,1430453272766171,8.63987117600887368322654669788376945313855346567334871505791E-9
2MUW4ws73FHu5B5DuBk2ac1s1Rb9UPDZM8Gx5rMDpump,2q6HhJE1TUTu5QxZ4jPqvmVjhhiKV6kjS7yXjbEhLGytybwU5gHH48owX5GmhNw7N9UAxzRXKV7MtSWXUprXf8wc:0:bddb7fd34ee661ee,SELL,1787074550144233,EPjFWdd5AufqSSqeM2qN1xzybapC8G4wEGGkZwyTDt1v,75186,0,12283746,0,1439208867270898,8.53506831381123436611314612800303219658820694578770123349998E-9
2NHvuf6gN9nQy57VkJgk9ppxj8tKx4AHXCTcNPDwpump,V26yQiDAiFM2XuWgZ3q3yG6Fj5DjwHGj12hRKy9PDTMeBWNLPkKK6jDu6ibsB7xum7yfLLCsjagxRfjWhLhgfyF:0:bddb7fd34ee661ee,BUY,1787069567046205,EPjFWdd5AufqSSqeM2qN1xzybapC8G4wEGGkZwyTDt1v,80713707,0,3940532772,0,1013677041284541,0.00000388736511878232945174947214323832500305274622995665592369069
2NHvuf6gN9nQy57VkJgk9ppxj8tKx4AHXCTcNPDwpump,5f42nPvWFUg49xaedyZ8JRuLPw6TcMVahtEF6p76tfPj2DkoBWtqupcvTMMAB4fKppLUxyiLUXnD1kDCsxQTsWZc:0:bddb7fd34ee661ee,BUY,1787069567050206,EPjFWdd5AufqSSqeM2qN1xzybapC8G4wEGGkZwyTDt1v,3789232,0,3944322004,0,1012703222091813,0.00000389484492391829538683968909664245901349562992759385703767202
2NHvuf6gN9nQy57VkJgk9ppxj8tKx4AHXCTcNPDwpump,3xrYeQjNfFmDb5ewjeVzhEngWzHDXZFjPVLYQCMJyiaAibNGXtzdkwefLbTRgaT8X7EjDLLyY1Yj6yykVNXZXJcE:0:bddb7fd34ee661ee,BUY,1787069569916244,EPjFWdd5AufqSSqeM2qN1xzybapC8G4wEGGkZwyTDt1v,6027246,0,4047343547,0,1011158089988737,0.00000400268126920201192192906478182525054676435194906882156874437
2NHvuf6gN9nQy57VkJgk9ppxj8tKx4AHXCTcNPDwpump,1VrWWEJNCbHGpULVQv9zPYEdYh9DfZgXbRYXx9QvTGDjXwMNnPrgm6kNAoEpYSBpi6D72H1JLeC6AB8MtV1sZLb:0:bddb7fd34ee661ee,BUY,1787069600602928,EPjFWdd5AufqSSqeM2qN1xzybapC8G4wEGGkZwyTDt1v,7578358,0,4054921905,0,1009268308342927,0.00000401768476378456482456957376135586512317150578843516508643735
2NHvuf6gN9nQy57VkJgk9ppxj8tKx4AHXCTcNPDwpump,4dGGLeGUtH6Tdaeu3qoi9zhnGqBury8sZaeqJ7JYycyZf33rPcbQhKFZYtY2vUVpccFbyKeVT3HnVRrqazRSavKA:0:bddb7fd34ee661ee,BUY,1787069606153763,EPjFWdd5AufqSSqeM2qN1xzybapC8G4wEGGkZwyTDt1v,29949145,0,4546765097,0,1001868632186573,0.00000453828471211510952506450733011884503625994024039857769449370
2PmSh2PePhFx7hrYm3qdisAkUf6nR8chXkvc9hXHpump,2K9pdznke6C7LKvpZcGq2V96iPXGsroToM5Ss48Wo4iXpCU1XPUDFTH62LNETYfoeQktup3aVvP9ipokAxut9Hon:0:bddb7fd34ee661ee,SELL,1787069961567561,EPjFWdd5AufqSSqeM2qN1xzybapC8G4wEGGkZwyTDt1v,6825994,0,3449001153,0,1029318182270179,0.00000335076287624995459067647511801712313393221658722951389066099
2RWuyLjvyqfSUvH6H86keTYrw46fDgDnKnv3MsdYpump,5CcHkT2vpmHn8q4MVQidkVya3nRC5NYc2fukZvmjroBw2nuFwE8WzGJJ9NiusvWkJrHQVDPt4YkrAPzC5fVhe8Wr:0:bddb7fd34ee661ee,SELL,1787063193828702,EPjFWdd5AufqSSqeM2qN1xzybapC8G4wEGGkZwyTDt1v,404880,0,924277828,0,1066486274278004,8.66657030936214260898784610717919359815385252950647574990457E-7
2VuKtZLaS35WeYDeCKDE1Zq7gFYBb6C5dnFY9BrFpump,43wGsYq3h3KQhDwzHVDxTjmZpeDXGhFVFMppd2EoGbREBDn75otygSbyCEkPiER6iDTudZja1aqrEYpsdDCTyJZe:0:bddb7fd34ee661ee,BUY,1787068909192444,EPjFWdd5AufqSSqeM2qN1xzybapC8G4wEGGkZwyTDt1v,52349429,0,16324412931,0,822833080766741,0.0000198392764128885209183683312568441552250136267961149869870570
2VuKtZLaS35WeYDeCKDE1Zq7gFYBb6C5dnFY9BrFpump,32X1GagxKC41FxjSV7PWHpmq7zPXVx9oSY39vUfV4oDoirNUPf5tAaZV8jjrt2TqK6P9r4noq62TYeNWE91AAikF:0:bddb7fd34ee661ee,BUY,1787068909193447,EPjFWdd5AufqSSqeM2qN1xzybapC8G4wEGGkZwyTDt1v,39336,0,16324452267,0,822831098088321,0.0000198393720229175961742319746260922891966935636235017794225477
2VuKtZLaS35WeYDeCKDE1Zq7gFYBb6C5dnFY9BrFpump,3LaqRXD9249QmoHEHZEFJKiPfGmDojdWsMf6wkZxiDhKsHBDgWAJ6Rcrk9GUboCnmLAVmtw8E1LUAMJyrnxaFmx1:0:bddb7fd34ee661ee,BUY,1787068913956956,EPjFWdd5AufqSSqeM2qN1xzybapC8G4wEGGkZwyTDt1v,12447570,0,20187799055,0,822204158595895,0.0000245532679979086536879155782749514464068762442860018720693370
2VuKtZLaS35WeYDeCKDE1Zq7gFYBb6C5dnFY9BrFpump,46RxmQRtmysTQA35zX4ST9v1C2iLpqf9UZxumJt1dDMLJEnGojBXqCZ8twGRcfSWbQDGhDrGL2wV3wyhmgeoFKCB:0:bddb7fd34ee661ee,SELL,1787068916556468,EPjFWdd5AufqSSqeM2qN1xzybapC8G4wEGGkZwyTDt1v,12921880,0,16174691179,0,822730775149911,0.0000196597619385913762956342895865845883956212988009644047598057
2VuKtZLaS35WeYDeCKDE1Zq7gFYBb6C5dnFY9BrFpump,287KrXJUZNdtKU8ZGxTnJxxYmnMForWADd4WdA54uh9EBhuprtA6S9BSXEJdsFjSZjrwxFvLWCzPgg7uXBJUbZ79:0:bddb7fd34ee661ee,SELL,1787068921130035,EPjFWdd5AufqSSqeM2qN1xzybapC8G4wEGGkZwyTDt1v,6899430,0,14031040936,0,823081866647327,0.0000170469566935703145043183456830807134366004985137477310168211
2VuKtZLaS35WeYDeCKDE1Zq7gFYBb6C5dnFY9BrFpump,21oGHKikyPXpz84ywPUNPf8MYRFKtf4WuMw73fhjCjDL34A6cTB7wioqZXxsyo1d549PXC5wVEPJM4aPjqbyCUN5:0:bddb7fd34ee661ee,SELL,1787069046098560,EPjFWdd5AufqSSqeM2qN1xzybapC8G4wEGGkZwyTDt1v,20775113,0,18322336328,0,808468584060872,0.0000226630158415907684790021311961655423704466556053910576938245
2VuKtZLaS35WeYDeCKDE1Zq7gFYBb6C5dnFY9BrFpump,48cDyra6KBwDyHYECNsLsocavdkAW3qqvUNs3ctyXfxLx1cicyAUbAEs5anR56XLXnBPxW4pYvKQMfXdv7pjMDKW:0:bddb7fd34ee661ee,SELL,1787069054091310,EPjFWdd5AufqSSqeM2qN1xzybapC8G4wEGGkZwyTDt1v,32077860,0,14051999055,0,809886494196432,0.0000173505783288093592998172901177165328399669621125693320900148
2VuKtZLaS35WeYDeCKDE1Zq7gFYBb6C5dnFY9BrFpump,5Tg91wcxqqiyfYMn248ciyBpgJz3CxBaREtNUPPqpZoUhoZpoWsK1mZusC6aoCPPXEQdpkdhnycnTtbaZ1mCbU4N:0:bddb7fd34ee661ee,SELL,1787069058979284,EPjFWdd5AufqSSqeM2qN1xzybapC8G4wEGGkZwyTDt1v,28047754,0,10310706058,0,811506258660890,0.0000127056396028469935014037198772375894239036780485755640524917
2VuKtZLaS35WeYDeCKDE1Zq7gFYBb6C5dnFY9BrFpump,3GLjXmZPRnya5nA4yHthVvSPbETGfdducZ9rqPjGUWsbZTHPTdtcbdn9WCfncwqTCCCs5d85MJRuFssdzRH96FUm:0:bddb7fd34ee661ee,SELL,1787069064240042,EPjFWdd5AufqSSqeM2qN1xzybapC8G4wEGGkZwyTDt1v,13273481,0,8537863633,0,812552297431984,0.0000105074635318653758893388094893538449027988762962162055423435
2VuKtZLaS35WeYDeCKDE1Zq7gFYBb6C5dnFY9BrFpump,4j5ctYraeFaBPiXsq35zRoNxg3MCfzDR7Dt8Lzbg6RmH9rGYozuX3FDx5Utt786mif4T124WNpLPLs1qsDR4JU2e:0:bddb7fd34ee661ee,BUY,1787069072205669,EPjFWdd5AufqSSqeM2qN1xzybapC8G4wEGGkZwyTDt1v,31802067,0,12769830182,0,809536912292289,0.0000157742407888985338003384785177440635993224548538160283335332
2VuKtZLaS35WeYDeCKDE1Zq7gFYBb6C5dnFY9BrFpump,5WQXpsjZ9RFGATax7ehZRQvJpNNZTXzrJnZTHKNECk5McgRCL3cjdWFXeW8AdBaceVAhE9XciKwm1Z6ZXeNexrym:0:bddb7fd34ee661ee,BUY,1787069082113137,EPjFWdd5AufqSSqeM2qN1xzybapC8G4wEGGkZwyTDt1v,3795073,0,12773625255,0,809296397105119,0.0000157836180918285267613826743570319078712803942910410315746408
2VuKtZLaS35WeYDeCKDE1Zq7gFYBb6C5dnFY9BrFpump,4V6HaB8zhK4eErYXHmkjFFhHE7qohyPBzf8khCuj4rSx8oEafhnotUvJE2WYWfBvFd2VnWWubhRGHoG1v7Na7gVU:0:bddb7fd34ee661ee,BUY,1787069086881503,EPjFWdd5AufqSSqeM2qN1xzybapC8G4wEGGkZwyTDt1v,3771406,0,12777396661,0,809057523368963,0.0000157929396760247288353993687228893645895887323365653600762623
2neu677KoQDWtR2sdQHZ7VZ3HsDvFaxf5Egh7233pump,3T9t9M8ZDJeQSkKw4ajfQo4VZX5cPEMUKHJpLy4DwXt2Xq784gywtW52RtjJ5yhZNTTf4oUiGTV6A2KB2CEHzHLu:0:bddb7fd34ee661ee,SELL,1787075181714873,EPjFWdd5AufqSSqeM2qN1xzybapC8G4wEGGkZwyTDt1v,6724626,0,3675447958,0,1063815422366517,0.00000345496773286456040064220832064401086765079729105603502829649
2vWTy8ZGA6hJgLYxjM9x2yoqcLwbLpb2pMVm1jzxpump,4S3xwB6aixBTtuAvcfzarEvnpEG8cm1RGMxv6Y8BMYbxoXQwh8kumnqzuUVdvugvUmB1z6JGxrasTNUNNtXGANCy:0:bddb7fd34ee661ee,BUY,1787066315293519,EPjFWdd5AufqSSqeM2qN1xzybapC8G4wEGGkZwyTDt1v,987653,0,4293185182,0,1072703786295702,0.00000400220940472800631525236275857354513668537155325362323365548
2yJiDwF96ubSNj3iess9z8sVenQQia2Ka7fSuoFUpump,36M3cHi6BPo3MmWPoFnNcphsRatn1rwnCTwHn7ZjMdHgQ23rF1cZJwQagMoHcKpFgWmA95aHyX3ssYsGgENt4ScD:0:bddb7fd34ee661ee,BUY,1787074285390661,EPjFWdd5AufqSSqeM2qN1xzybapC8G4wEGGkZwyTDt1v,1275343,0,13044246970,0,1070314638506274,0.0000121873012857270538692472049788043173025919347110223964311622
3EdDwu74B9NCBGkXmtGA9voyJ8uQr2dYTBFMbXxzpump,2KmGthtyh9wdfMqSrFn4jSp7N3fmnh3WDSGrf8WxzAL1WvhMeHU5v9bsGb75edjhSPFCmNB7gaYpWuhP1eDBnvKL:0:bddb7fd34ee661ee,BUY,1787071631382765,EPjFWdd5AufqSSqeM2qN1xzybapC8G4wEGGkZwyTDt1v,1460006,0,1264097239,0,1056947263022812,0.00000119598894213960143463838215367328996651217489295293654243746
3EdDwu74B9NCBGkXmtGA9voyJ8uQr2dYTBFMbXxzpump,2WCA6ZB6sq9qLVpV2xjhmPLM5QXETVaAhepPTQTrK4o1hwamUCrh5yTPQbJuPsDvbyS9Voww2u7hbxQqfP6Dep23:0:bddb7fd34ee661ee,BUY,1787071639541425,EPjFWdd5AufqSSqeM2qN1xzybapC8G4wEGGkZwyTDt1v,775883,0,1304016023,0,1056298923360112,0.00000123451420252507123071287231537348270567745755042588394895205
3EdDwu74B9NCBGkXmtGA9voyJ8uQr2dYTBFMbXxzpump,5BjYLyrGiEMn7RESFPno1oxnE6JxSTkWtPDRhrVkt7XsjM5PkNu5AfrRm6N84ymR6aHtQyDgKGg3pPGDHNBxZB3y:0:bddb7fd34ee661ee,SELL,1787071648507571,EPjFWdd5AufqSSqeM2qN1xzybapC8G4wEGGkZwyTDt1v,6344755,0,976020354,0,1061463527911522,9.19504371403475963587735014769452934643621270754955532295837E-7
3EdDwu74B9NCBGkXmtGA9voyJ8uQr2dYTBFMbXxzpump,48xbB2DJJ87KYd71HMtbpXSyNATPHZxGMmVEFzGGwKiihynXnhRDhdXGE6pAGPdzz2KqxYZbgP6eTCwnAjUBe2ok:0:bddb7fd34ee661ee,BUY,1787071656312941,EPjFWdd5AufqSSqeM2qN1xzybapC8G4wEGGkZwyTDt1v,4105558,0,1187406883,0,1057017262359954,0.00000112335618847787884710309830064993901139133133011563317534502
3EdDwu74B9NCBGkXmtGA9voyJ8uQr2dYTBFMbXxzpump,5XXhHGBEtoMBk8XLgGLegHcixdbqu2QNt8ddhttns2VDT5TSBsSvdZ2ST4LmJu5gWN4VJKinXmJtShUopmaHC8KW:0:bddb7fd34ee661ee,BUY,1787071664426148,EPjFWdd5AufqSSqeM2qN1xzybapC8G4wEGGkZwyTDt1v,2847161,0,1333645901,0,1054488811949818,0.00000126473214877832842164853056483179317108239650522840902500289
3EdDwu74B9NCBGkXmtGA9voyJ8uQr2dYTBFMbXxzpump,4j6xUTyertVSvpPfZHVKy7TJDBmUbBXtLQ1E4CVXzxrSmWx4dvKGqmYPXE6dMp7WXBffBsdvfthapUxRWYhL36oe:0:bddb7fd34ee661ee,BUY,1787071694824245,EPjFWdd5AufqSSqeM2qN1xzybapC8G4wEGGkZwyTDt1v,2314033,0,495848956,0,1025470464919548,4.83533142067530153923659747668565251188810602739926001293107E-7
3irwwygERj5x2c1JzDoWd2zf5CsRqsLQPXjNNw6dpump,3p17N66no1RXSLi23K42vCtmYKPy4xbmJqJdibJtDshDa6eiSTd1YzhiygMU5kqJ49UGqX5ogTfzUKNm5LBvCyPf:0:bddb7fd34ee661ee,SELL,1787070329556745,EPjFWdd5AufqSSqeM2qN1xzybapC8G4wEGGkZwyTDt1v,538330,0,142455758,0,1084295587097779,1.31380925731973586334307708200437162343509062629076279146741E-7
3irwwygERj5x2c1JzDoWd2zf5CsRqsLQPXjNNw6dpump,5RgWqu3Z9g6L6hsHQT6jgE9RZ52qoCMKJc8UPyYc6fZLBnVVGvnUR4B3yVVguJE1zF5k5Bf5MicW8vzEEkdwGfYj:0:bddb7fd34ee661ee,SELL,1787070337491672,EPjFWdd5AufqSSqeM2qN1xzybapC8G4wEGGkZwyTDt1v,723468,0,97184883,0,1089830347381669,8.91743226213950577937198602223624212115935482007570688906181E-8
3irwwygERj5x2c1JzDoWd2zf5CsRqsLQPXjNNw6dpump,4G93hmTH3UNC7yrQxgY3JtTXkwhhbKjEiL8yD43BryD8EJxCu2VbVXnT1bRrUs2cTgA9ZtmnpZRzwgAsE1sYPJRR:0:bddb7fd34ee661ee,BUY,1787070348131042,EPjFWdd5AufqSSqeM2qN1xzybapC8G4wEGGkZwyTDt1v,74153,0,101821878,0,1088999430347396,9.35003960172121820350305939184545870653986938008119576043976E-8
3irwwygERj5x2c1JzDoWd2zf5CsRqsLQPXjNNw6dpump,2jYU1eifUfaL6aKH8g88Ku3H2E1P1gu26eVA7BMdmCLdp6z3fHTyw7xoXAW35CJAkyDQbQsJsdZRbw8zsRzYyJs8:0:bddb7fd34ee661ee,BUY,1787070353392514,EPjFWdd5AufqSSqeM2qN1xzybapC8G4wEGGkZwyTDt1v,430587,0,128635804,0,1084413633831733,1.18622451790347228422440101011270325357107621755394148972785E-7
3irwwygERj5x2c1JzDoWd2zf5CsRqsLQPXjNNw6dpump,3aYt6C1DYhzSqbVKNVCB1wQD1bY78HfWzH5hsRe6obVaiNRAGg6a9A7nCAtcyNA1PMaCdxPfmZjAMYxsiMH3zZqR:0:bddb7fd34ee661ee,BUY,1787070369020229,EPjFWdd5AufqSSqeM2qN1xzybapC8G4wEGGkZwyTDt1v,341905,0,12706734,0,1096516391792227,1.15882754650217128338141217141239613232418305845207326969332E-8
3irwwygERj5x2c1JzDoWd2zf5CsRqsLQPXjNNw6dpump,263LxA2Yo3cGPttVYcRoJx6weXpNFkvnH3MbTvdKMdLQxt6PAgED1soeC5y3uqYAXGDR7NBD7y7YqRHpW4M419P1:0:bddb7fd34ee661ee,BUY,1787070374810567,EPjFWdd5AufqSSqeM2qN1xzybapC8G4wEGGkZwyTDt1v,593259,0,15929764,0,1047605221833096,1.52058844954267734127662740780842940555030767258238099140049E-8
3irwwygERj5x2c1JzDoWd2zf5CsRqsLQPXjNNw6dpump,5saAGg1YFjLTWGodfFGHQSq2GmSykW735PXLm5aL2pqQBmbDdmuduq3TjQ3oyU3NCPT8TfG43Z2BxfXW5Xa2wsLR:0:bddb7fd34ee661ee,BUY,1787070377755301,EPjFWdd5AufqSSqeM2qN1xzybapC8G4wEGGkZwyTDt1v,976077,0,20953604,0,987120602220787,2.12269949111176138481193156085250874591112743437252250474982E-8
3irwwygERj5x2c1JzDoWd2zf5CsRqsLQPXjNNw6dpump,nJqtSH21yqYcyze97Ferw3fxGy2PaBcSrMN4PY1hpdKKcNAWPjnmrfFNhvFipK3shjzpVeHsHGnnz92LnFcLKXC:0:bddb7fd34ee661ee,SELL,1787070377773303,EPjFWdd5AufqSSqeM2qN1xzybapC8G4wEGGkZwyTDt1v,25020,0,20928584,0,988300732056025,2.11763315771920282493404210261484486202020066560602148548183E-8
3irwwygERj5x2c1JzDoWd2zf5CsRqsLQPXjNNw6dpump,rkxTuiqTALzuNJ48gAXLY3aUpqbaYs24FmhwbB1Lxhj2DwmQVYmwAnjRsQighZcaTCtCVAHfiXqeT6541vKZYz1:0:bddb7fd34ee661ee,SELL,1787070385492297,EPjFWdd5AufqSSqeM2qN1xzybapC8G4wEGGkZwyTDt1v,133484,0,20238809,0,994644694314559,2.03477775689008234288174123442864549080815757416273590620385E-8
3irwwygERj5x2c1JzDoWd2zf5CsRqsLQPXjNNw6dpump,5XmjkFgc73uFhcDNZ7w4XHofp7QRaf1BELSAsRQ57EgXMEo13vvnn37h1y2u2cDSjmJBKZTjZtgocm9BfcvgZdap:0:bddb7fd34ee661ee,SELL,1787070388513090,EPjFWdd5AufqSSqeM2qN1xzybapC8G4wEGGkZwyTDt1v,448556,0,17876482,0,1017188866068797,1.75743980260898118589897141221137635196460550042423590132701E-8
3irwwygERj5x2c1JzDoWd2zf5CsRqsLQPXjNNw6dpump,3epYJoz3VPfT83c8dRMxxvMEt97Yt2xgxrciEaLA92DypbbJLBqJW7Z5LvK8Jyz51AGjbcEuor2u7qGMAJWbVVjz:0:bddb7fd34ee661ee,BUY,1787070388556095,EPjFWdd5AufqSSqeM2qN1xzybapC8G4wEGGkZwyTDt1v,1190812,0,23848258,0,953662247767264,2.50070274416693021266207726613722599052879088921606203330866E-8
3irwwygERj5x2c1JzDoWd2zf5CsRqsLQPXjNNw6dpump,TiaeZRbtm1ySDFNXhZdw9ZKjWj8NMYfgGh6SKxakqwnNu52Qj31aNDZrm4mjWScTGx2HNC5u8q7QMUpzEeJSCRy:0:bddb7fd34ee661ee,BUY,1787070391261872,EPjFWdd5AufqSSqeM2qN1xzybapC8G4wEGGkZwyTDt1v,262778,0,25143321,0,943268606525810,2.66555261418127359995838187410838437972467665196202636010537E-8
3irwwygERj5x2c1JzDoWd2zf5CsRqsLQPXjNNw6dpump,2oTA9jus23UsZqmsQRCiNdYNYn1dvTwhT54iwdomCGaFaCRneze9Rf7NtVfvCUjfkG13dVH1oNfKHjJpzt5EbQz1:0:bddb7fd34ee661ee,SELL,1787070394207000,EPjFWdd5AufqSSqeM2qN1xzybapC8G4wEGGkZwyTDt1v,896896,0,20599698,0,978160959451221,2.10596198927803018688663277660300350620353899743746870400014E-8
3irwwygERj5x2c1JzDoWd2zf5CsRqsLQPXjNNw6dpump,6xaafpyfYk9ngXvBJqxZvcYwMVsJDg482GsMBUaYhYVZz8S2iKi6R7WwY3Bzp7APUHvUCWbJAW52bMoaa6cNCYc:0:bddb7fd34ee661ee,BUY,1787070409413988,EPjFWdd5AufqSSqeM2qN1xzybapC8G4wEGGkZwyTDt1v,863641,0,24854608,0,938801756804261,2.64748205037521621197646996533695479070677771833159656496948E-8
3irwwygERj5x2c1JzDoWd2zf5CsRqsLQPXjNNw6dpump,3wLRwAu2HngTKnytiYhSisSHutyb8UJYJ6TYHTKFqjUw1AQ2AkpZkJLaJGFYrxJ36w12GEJxNtZAvrZThv7PZ32f:0:bddb7fd34ee661ee,BUY,1787070538155417,EPjFWdd5AufqSSqeM2qN1xzybapC8G4wEGGkZwyTDt1v,164607,0,14490307,0,925319484250858,1.56597880479426032380716782106620106006864860793669286608280E-8
3smV7jp3PKRwMwDtjQBcaotwR1TQKpd4Do6MGH4cpump,5do4MAJn5VBakj5NfPGtBpDFYRzeLrFKvTTsQVM5KYvpjuLzRdRd4okpshBfVfHrcE7HAE2sKL5H7PoEcZHDEKhf:0:bddb7fd34ee661ee,SELL,1787066915928423,EPjFWdd5AufqSSqeM2qN1xzybapC8G4wEGGkZwyTDt1v,1164359,0,1460448074,0,1071331807254858,0.00000136320798478129711630470444861235752859109482686938534497718
3smV7jp3PKRwMwDtjQBcaotwR1TQKpd4Do6MGH4cpump,RN4cfiXZqrnd8RAK5j3Xgy2ZpAYzgCR18nEnn18MDfMaFkTTvNeAJYsWgDVr1QUcT3vC1xTUhAuD9GPnMN37roE:0:bddb7fd34ee661ee,SELL,1787066921010972,EPjFWdd5AufqSSqeM2qN1xzybapC8G4wEGGkZwyTDt1v,843684,0,1102105710,0,1071951061747798,0.00000102813062025708091391403119916956292589872177302578149654433
3smV7jp3PKRwMwDtjQBcaotwR1TQKpd4Do6MGH4cpump,5GQ9sLBFP2mzhMQAdHq1Aqf6cz6SNHuNLwLzygVirnnZg1bZ9Ty2WqrC5RnbNaqZKr8D3owi9Qiv8L8BJanKCr7P:0:bddb7fd34ee661ee,SELL,1787066923604910,EPjFWdd5AufqSSqeM2qN1xzybapC8G4wEGGkZwyTDt1v,640448,0,829926683,0,1072574349662409,7.73770772404932160485614310085355873516857246023484856357337E-7
3smV7jp3PKRwMwDtjQBcaotwR1TQKpd4Do6MGH4cpump,5GefKcnmNHHfCgQrmY7cjtUx7Vj7kzBYG88ZEM5eZtesB7xEzv4uprDNCdgN1GMY6YzVMMKS63SDbjAhKSycy2tm:0:bddb7fd34ee661ee,BUY,1787066928256324,EPjFWdd5AufqSSqeM2qN1xzybapC8G4wEGGkZwyTDt1v,1143052,0,1315037582,0,1071099132597105,0.00000122774591256685546158837496808677589767717753842551793414994
3smV7jp3PKRwMwDtjQBcaotwR1TQKpd4Do6MGH4cpump,29PEHG8UNejGDzd7XWkMSHmpaaBB1enDzEL9XxwNpMnQMTjrujxaC1MNmZkZEM6R53CiLqA52soCHGQRkwtY3KZb:0:bddb7fd34ee661ee,SELL,1787066930631242,EPjFWdd5AufqSSqeM2qN1xzybapC8G4wEGGkZwyTDt1v,900126,0,1314137456,0,1071832788845459,0.00000122606573495063829843799133232049837811795300456396709027934
3smV7jp3PKRwMwDtjQBcaotwR1TQKpd4Do6MGH4cpump,2d5FjHckTRMngYW8kcYyKoP5h9vn7ouU2N6eR8AxAVZ7VTJZ5qKCsSaY4h2RorGcgmTPMLKnh88rmsMQBtwebvZv:0:bddb7fd34ee661ee,SELL,1787066930657244,EPjFWdd5AufqSSqeM2qN1xzybapC8G4wEGGkZwyTDt1v,376885,0,1088418737,0,1072140271640788,0.00000101518314887500650593385119760664167682218821644510698279756
3smV7jp3PKRwMwDtjQBcaotwR1TQKpd4Do6MGH4cpump,5Pvh8fyXT2zhPExqKbfyo3YxyrY9dL4nWiTiJ6DNgjVJ7VKSXdTD5hKfSMycCjc2qTSssmrXKCt1heSV1DJZCJ2P:0:bddb7fd34ee661ee,SELL,1787066933223243,EPjFWdd5AufqSSqeM2qN1xzybapC8G4wEGGkZwyTDt1v,238762,0,945390985,0,1072375515289627,8.81585761257024747272798086518808020897248096280520471990226E-7
3smV7jp3PKRwMwDtjQBcaotwR1TQKpd4Do6MGH4cpump,xuJ6aF7jsSnk8dSEx7p6XfJjkV1HPpCa1gyqaFkjk7VWJTiXeycPLnt2bgFvniQHPgDCkEmsQeax9a6CaR3k8ib:0:bddb7fd34ee661ee,BUY,1787066935778678,EPjFWdd5AufqSSqeM2qN1xzybapC8G4wEGGkZwyTDt1v,971643,0,1526846658,0,1071274493195164,0.00000142526184250504711472612741924173683126338160005394004411069
3smV7jp3PKRwMwDtjQBcaotwR1TQKpd4Do6MGH4cpump,48J9N8bTHDgUuTBWZicYTfUr5ntC8R4KiSwEkRXhE5TkdwnMYrcbB5paovJqCAjCiZeq8FEyhzFnYXNu1a7VG98w:0:bddb7fd34ee661ee,BUY,1787066938371094,EPjFWdd5AufqSSqeM2qN1xzybapC8G4wEGGkZwyTDt1v,87623,0,1579279377,0,1071213018195169,0.00000147429068744967787613381470182323672849526620571400429890687
3smV7jp3PKRwMwDtjQBcaotwR1TQKpd4Do6MGH4cpump,MVcbHjNYZXiiFE7Fbp2Fy9BTPgJKwvXjaDGuWJsdbBa4DM5uSa9nySm1nU8nPSpu5C8rth38HSYfk9oWqYPmCnm:0:bddb7fd34ee661ee,BUY,1787066940842073,EPjFWdd5AufqSSqeM2qN1xzybapC8G4wEGGkZwyTDt1v,440014,0,1842506073,0,1070914643225745,0.00000172049759955668686228625573501770598079162501783645385297856
3smV7jp3PKRwMwDtjQBcaotwR1TQKpd4Do6MGH4cpump,5J6oQ1a3ZmqcRFC1iQPsVVdkmr52nuju2CNQmea35q9F6fypSRYzHcvhjTcEagQZe42eDLMxdTMyoaV2x6zCr8i8:0:bddb7fd34ee661ee,SELL,1787066943213118,EPjFWdd5AufqSSqeM2qN1xzybapC8G4wEGGkZwyTDt1v,102698,0,1781066331,0,1070974338005127,0.00000166303362069117441974292791014566588859263887515219392725271
3smV7jp3PKRwMwDtjQBcaotwR1TQKpd4Do6MGH4cpump,nPcbFZJRdwiwS3BuEQwJDKUq8zJnciy7gH5at9H7M6ojZfKfL4XEqPdsZRsM9fU1CEv3zzrDfo4JH4mi32u1JpU:0:bddb7fd34ee661ee,BUY,1787066945660225,EPjFWdd5AufqSSqeM2qN1xzybapC8G4wEGGkZwyTDt1v,576594,0,2125906004,0,1070627738039005,0.00000198566311003101360931976929049869470019662279030064764496539
3smV7jp3PKRwMwDtjQBcaotwR1TQKpd4Do6MGH4cpump,2WX7RffhJgFCoBVUSFsH6A4qkCG7ABhcWx5LZmYhkdkdR3o1jUzVMRTjh61fWmwpPVHuwJLo8EH9vcxnV9wZ4yXV:0:bddb7fd34ee661ee,SELL,1787066947530164,EPjFWdd5AufqSSqeM2qN1xzybapC8G4wEGGkZwyTDt1v,883632,0,1597219097,0,1071072929587553,0.00000149123281233058004719371513639589997560771119221496304466913
3smV7jp3PKRwMwDtjQBcaotwR1TQKpd4Do6MGH4cpump,32LYTQcmm3FseBU63mQmCzURd33p1Ewu5TJHs947CcQXbZ2QkLF9MfeYYRLH2cQA9M8CmZV7GymRYThCXhYxa8mb:0:bddb7fd34ee661ee,SELL,1787066947583160,EPjFWdd5AufqSSqeM2qN1xzybapC8G4wEGGkZwyTDt1v,413355,0,1349840093,0,1071350192131464,0.00000125994292334467875236579521003061816645339697980412609983182
3smV7jp3PKRwMwDtjQBcaotwR1TQKpd4Do6MGH4cpump,31MmNxCXBL3KZoDBUpjnyaEhnEpJDDWFFhBqGDnkeXTn4rKXbQpXqMfeJJGzma6ttNGVXvSFaMHh7gZgA1hi5XhQ:0:bddb7fd34ee661ee,BUY,1787066952783957,EPjFWdd5AufqSSqeM2qN1xzybapC8G4wEGGkZwyTDt1v,613374,0,1716757421,0,1070863586432856,0.00000160315229946203989073175867711073132526943285329824855287659
3smV7jp3PKRwMwDtjQBcaotwR1TQKpd4Do6MGH4cpump,3s4ike9ovKT5bZAe7p7BUTMzr29SMzfLQEsuxuUq7Q9KAN5NQiEMBt1kcUdrc1r5f32jsomfLgK54p38xEV7ULoY:0:bddb7fd34ee661ee,BUY,1787066955100992,EPjFWdd5AufqSSqeM2qN1xzybapC8G4wEGGkZwyTDt1v,3797707,0,1720555128,0,1068499916124618,0.00000161025293688402451826808251483518889969315489370430462762559
3smV7jp3PKRwMwDtjQBcaotwR1TQKpd4Do6MGH4cpump,48UxbSFj1BPxJKvwNF5pqNNGmQKs2yDYa8TkbSCkmqivHAvPJqzZzhXAbQvTA54ihS21yprUHCrsZTdrFeqEBnJw:0:bddb7fd34ee661ee,SELL,1787066968176941,EPjFWdd5AufqSSqeM2qN1xzybapC8G4wEGGkZwyTDt1v,194431,0,42356840,0,1074243304549743,3.94294661373322621122566012565266306332343501354455253402164E-8
3smV7jp3PKRwMwDtjQBcaotwR1TQKpd4Do6MGH4cpump,5Q5cDwnho8BNzEoQH1o37SB6aHrzEvVH7a9Wdd7MRRorqAGvBpkVMntpfD2jaN6G2caVsE6azmzYup2m5UdpJr2M:0:bddb7fd34ee661ee,SELL,1787066973053202,EPjFWdd5AufqSSqeM2qN1xzybapC8G4wEGGkZwyTDt1v,557614,0,41799226,0,1088574053032914,3.83981465326513375980901814442719036294568327029011574359257E-8
3smV7jp3PKRwMwDtjQBcaotwR1TQKpd4Do6MGH4cpump,5e8aMrXLyddwUQFNR4xTyaqJ4LBYczByJTqc3VeQmCN9z574xqfA8L1Xdq3ZDJ2QpG5mjhtgptDyLxNc8bj9P33V:0:bddb7fd34ee661ee,BUY,1787066980194278,EPjFWdd5AufqSSqeM2qN1xzybapC8G4wEGGkZwyTDt1v,82576,0,41881802,0,1086427772626851,3.85500104611048983681962921627134049933978854201119797281079E-8
4DV96r1Knn4snRBSudzXqt16qyNWbKsWd5zHqBdzpump,31rpGkUq87Hz8g3zCriin76q2hnVsWrw3JeESMbWM1iJEg57hKSo5M21a6dYpodY5BqvNhRC2bMcbUyU5gKB39Xk:1:bddb7fd34ee661ee,BUY,1787067304476455,EPjFWdd5AufqSSqeM2qN1xzybapC8G4wEGGkZwyTDt1v,9876542,0,4301876542,0,1070536533309933,0.00000401843039274826486756090184248036961598444730873009103769031
4DV96r1Knn4snRBSudzXqt16qyNWbKsWd5zHqBdzpump,RBjA8yhKc5hQ9YR3vrS9fqNjK8G7iGCouEmEx5gkHjbSh4TfCCQV2LdGiunS7NP9gEB7dMFZgvEVBB89D1p252Y:0:bddb7fd34ee661ee,SELL,1787067314282034,EPjFWdd5AufqSSqeM2qN1xzybapC8G4wEGGkZwyTDt1v,1034072,0,3852394818,0,1070793927746625,0.00000359769953692860977837865223923523314106449359424945867310050
4DV96r1Knn4snRBSudzXqt16qyNWbKsWd5zHqBdzpump,3YKpM7mcrtFf6tNSn2cbip2e2fKDx57EuCCgQ9FWt4K1w1Aqgwm28gHR4QV2ADsE4E9VsQrNcyZx7u6aRwumdMDf:0:bddb7fd34ee661ee,BUY,1787067316778039,EPjFWdd5AufqSSqeM2qN1xzybapC8G4wEGGkZwyTDt1v,2572274,0,4969745527,0,1070079427385412,0.00000464427723757186093562095361457730092917535671329626208991219
4DV96r1Knn4snRBSudzXqt16qyNWbKsWd5zHqBdzpump,5txLjUP8RjGdV2BPTWTyPjNs7foDkWqesvA1XisYPwMcMk5apLxxknpypU434d3zQwukUjxRinhwXpzqoLNnQZdH:0:bddb7fd34ee661ee,BUY,1787067326704626,EPjFWdd5AufqSSqeM2qN1xzybapC8G4wEGGkZwyTDt1v,2337739,0,5984740445,0,1069576304996533,0.00000559543102913017445667702438008039009757769335818289454614724
4DV96r1Knn4snRBSudzXqt16qyNWbKsWd5zHqBdzpump,2s2zuJt5AJdPqwtLHchWo1XCqQybDGU6CDnXAozkGYGgBA9JRBPEq8bgAmwqsZTkvqdFMx3rZsznRrT61hehVRH2:0:bddb7fd34ee661ee,SELL,1787067369745720,EPjFWdd5AufqSSqeM2qN1xzybapC8G4wEGGkZwyTDt1v,3392404,0,7978520037,0,1063546124991856,0.00000750180913597996958862825142852153072311168389260881520641280
4DV96r1Knn4snRBSudzXqt16qyNWbKsWd5zHqBdzpump,EMCLdde84X9wszTQk4GNUwdmYqZnjwsgPKUPF5K6Lxe6XFc7zoiuugyRmA2dUhVSkiJQEotXC7whfBJsHiVxe4q:0:bddb7fd34ee661ee,SELL,1787067384281422,EPjFWdd5AufqSSqeM2qN1xzybapC8G4wEGGkZwyTDt1v,1128389,0,7491292208,0,1063696561984933,0.00000704269664463399131522688925184899069022055252513785323760053
4DV96r1Knn4snRBSudzXqt16qyNWbKsWd5zHqBdzpump,5ZbNhUfx3P4Bic2S6SFqwN9FnLE5Q5teTtosSWbzhJvBShF8r718hqJnLqwWaD88b1o2nMuUjTHPFzvDvdiVH4nF:0:bddb7fd34ee661ee,SELL,1787067398382199,EPjFWdd5AufqSSqeM2qN1xzybapC8G4wEGGkZwyTDt1v,1152295,0,1929792619,0,1065056981561208,0.00000181191490446945285107943656993072332292643657662396973829705
4DV96r1Knn4snRBSudzXqt16qyNWbKsWd5zHqBdzpump,3heYroDs3mQRMaqKXaLWJ9u7Bgdd5NJhL4sXBgTCRknmrpnjha8bsa2gFacrNtSiJGrZBUyZzohtLuiqgMMjFn9H:0:bddb7fd34ee661ee,SELL,1787067411033162,EPjFWdd5AufqSSqeM2qN1xzybapC8G4wEGGkZwyTDt1v,1173676,0,1525268722,0,1065705130791585,0.00000143122959431288476727688747401931435656917692143903641211024
4DV96r1Knn4snRBSudzXqt16qyNWbKsWd5zHqBdzpump,2VJWGShRVpqZRMqW4xcUfg1LVz2UWSiYihWMQWr2AKTJRiRFCY7VidHpa8cNBTrqkPPZ8CPYJ99N95eP47pHpZNH:0:bddb7fd34ee661ee,BUY,1787067430455408,EPjFWdd5AufqSSqeM2qN1xzybapC8G4wEGGkZwyTDt1v,1518818,0,2048232331,0,1064644988438486,0.00000192386415494628008538957723480859127157016217287098698995284
4JrJFVhPMrMWQpyjeKKVoZ2BrSZCCwr7CNvg9h7Spump,3fG9VRNNACxcLQuW79uzW9waLegErrXtmQocWbYcK2CMGAZawMnYKpkR5sFT8qowtMDfWtCiWBr1JkUYWtH1oe2m:0:bddb7fd34ee661ee,SELL,1787067676491508,EPjFWdd5AufqSSqeM2qN1xzybapC8G4wEGGkZwyTDt1v,16708143,0,21153530752,0,1051848819660325,0.0000201108090408193252153292374207511671885448830134819024064736
4JrJFVhPMrMWQpyjeKKVoZ2BrSZCCwr7CNvg9h7Spump,34TZK7moYBQjTMKjz3npUqT4YFNaYvDbC1qh3nZat9mgGUq56RSx3zXL6J7JqGpFSFSntA4rkNUQoGYypVmdNZE7:0:bddb7fd34ee661ee,SELL,1787067684395242,EPjFWdd5AufqSSqeM2qN1xzybapC8G4wEGGkZwyTDt1v,40583847,0,12674011533,0,1053870710437115,0.0000120261540694523976892111511326474455985713957428235806552359
4JrJFVhPMrMWQpyjeKKVoZ2BrSZCCwr7CNvg9h7Spump,36BarwGjXYUHnQF2xjwuEVAwsdGFmevoXCk8qDLsxSNPSMSVffipTUwLJ7Nn3jP7Mt6LDXwNMoaYygZUb67tCpsk:0:bddb7fd34ee661ee,BUY,1787067689315924,EPjFWdd5AufqSSqeM2qN1xzybapC8G4wEGGkZwyTDt1v,4950422,0,13707951700,0,1053459233159353,0.0000130123228963397839520379109040386594473074664305431298088909
4JrJFVhPMrMWQpyjeKKVoZ2BrSZCCwr7CNvg9h7Spump,5edVmQ5fargk19w7EQSvoDYYQY3Eg2afZWWTzX2MCwx6S4X3ZzAFPVvrN1z4Fd8NDoHnrxQchdmojKLi4KQYSYLh:0:bddb7fd34ee661ee,SELL,1787067703328683,EPjFWdd5AufqSSqeM2qN1xzybapC8G4wEGGkZwyTDt1v,16356483,0,10287697844,0,1054717734365383,0.00000975398204543326734116851066342440589727108949894398713656914
4JrJFVhPMrMWQpyjeKKVoZ2BrSZCCwr7CNvg9h7Spump,2ztbCbTm9DXRcokDHxcKDeFhng18sbUwqZ64rsMaLnffwzB1aqTHvYpzE4CCabzJa4rNRn7fwULhPuGet3SHQThJ:0:bddb7fd34ee661ee,BUY,1787067710698562,EPjFWdd5AufqSSqeM2qN1xzybapC8G4wEGGkZwyTDt1v,4911810,0,10292609654,0,1054214405060691,0.00000976329824805178569536572503423775430382880838508967802455756
4JrJFVhPMrMWQpyjeKKVoZ2BrSZCCwr7CNvg9h7Spump,4baMYfNsWeP61dgdRxb6UtJSBCx8UGnqabBDvChrJeC8qrYgAdr3tsG1vHBxYuSRTKLgAMzaMEkjj6NryX66J9rz:0:bddb7fd34ee661ee,SELL,1787067710725562,EPjFWdd5AufqSSqeM2qN1xzybapC8G4wEGGkZwyTDt1v,5807912,0,9188224424,0,1054809612949605,0.00000871078942701954711250308834333176781264526116801540557875266
4U9uLk4XCxeTBrAuTUHMB1aQsoiZFBUhwVdEwCBNpump,hbZewPuTEbTRSyxWAMgbVj4J7FXKLxd2tRbBixwzZYYywvQf4vPyhHBhpcoowhSULEqwsMi7VEz5da2J6qZYYK1:0:bddb7fd34ee661ee,SELL,1787070046833762,EPjFWdd5AufqSSqeM2qN1xzybapC8G4wEGGkZwyTDt1v,41563481,0,1593034903,0,854190062071098,0.00000186496539088440564254527761952153905041248023392921829653422
4U9uLk4XCxeTBrAuTUHMB1aQsoiZFBUhwVdEwCBNpump,5tbojeGe1vL7DR2FvEonryajdKDDFaZBBkwqaKgkgqBqPSB5Lwp3k8gPQBixA1iFHoqNQvbdfmtgWkihRPRzaneR:0:bddb7fd34ee661ee,SELL,1787070054430908,EPjFWdd5AufqSSqeM2qN1xzybapC8G4wEGGkZwyTDt1v,65084337,0,1380904720,0,890575005399468,0.00000155057655068659184573715779118129309217744238291760888369045
4U9uLk4XCxeTBrAuTUHMB1aQsoiZFBUhwVdEwCBNpump,4GZdTz7nhgrfBHnEDyUetc7ZZbGZDKMZhPyiMeWV8pFaVCohGojEYfHGHoWFAAmKceQnxR27d5AfqqWtEH3rewyj:0:bddb7fd34ee661ee,BUY,1787070059923783,EPjFWdd5AufqSSqeM2qN1xzybapC8G4wEGGkZwyTDt1v,70596249,0,1604844172,0,847260356510414,0.00000189415704354423462104771609322477380021870196595764177917903
4U9uLk4XCxeTBrAuTUHMB1aQsoiZFBUhwVdEwCBNpump,29j9PxnNuZfWemq5dN9e3fMpoCmiNLq7QWDRGTNULb1QoFnz5JNtm4ABNzXaDUksfkzXga3Y75SvBxRjo5PxJDxA:0:bddb7fd34ee661ee,BUY,1787070078064553,EPjFWdd5AufqSSqeM2qN1xzybapC8G4wEGGkZwyTDt1v,374644,0,1605218816,0,847062613370451,0.00000189504151247197115600148180933597061289456338038448652575956
4U9uLk4XCxeTBrAuTUHMB1aQsoiZFBUhwVdEwCBNpump,46jaGyFAPKhYneCCh867pe8AQZpLDSRsTh3j79bEwFQW1Hju5VUMELSdRJMyv9pZfPNgevTLLnXyPK9khE8Y9Gmj:0:bddb7fd34ee661ee,BUY,1787070083999370,EPjFWdd5AufqSSqeM2qN1xzybapC8G4wEGGkZwyTDt1v,75941156,0,1836514001,0,808799202906778,0.00000227066742202474222568687486671890532120772847973939814124454
4U9uLk4XCxeTBrAuTUHMB1aQsoiZFBUhwVdEwCBNpump,5VGGL8Edfuh3ivf2GzZ45yafV3pGErLRXUh3m6p3F2StwNdDmDFLT4MHeUDaayQgg5F23wR7Rmc6MzzrKiwFTeNZ:0:bddb7fd34ee661ee,BUY,1787070086679909,EPjFWdd5AufqSSqeM2qN1xzybapC8G4wEGGkZwyTDt1v,7580841,0,1844094842,0,805474331965738,0.00000228945202698084388534980363992512050937845959676381690422920
4fhMyvMaus6ujEhbt6VbS5Pnyf8CbvXWLJdW4JvZpump,3Y6a5NG2srmjjD8cmh7RaE9F2Tf5f4YQNoHAaR5s7Nght4CoQKDD4VoPGEiahsMJC4pJqEakyNVyHPgE7p2Z6HjQ:0:bddb7fd34ee661ee,BUY,1787075997755261,EPjFWdd5AufqSSqeM2qN1xzybapC8G4wEGGkZwyTDt1v,1552074,0,4336609523,0,1061962342600951,0.00000408358126181650211202132367070194426797103497500341547962039
4jwozZwJaetP8nbwuU1Np9UNMCLdMtwMAisVrHpspump,4WnVFuBp2jB8xKn1q5rmdC8DZWa4oxGUFx2hpjYt7tryUTCZL8Z4qZG4CMcWvEvNJG7MHXzKjQuLeSuiiFF3RZq7:0:bddb7fd34ee661ee,BUY,1787066827835550,EPjFWdd5AufqSSqeM2qN1xzybapC8G4wEGGkZwyTDt1v,3787968,0,534874455,0,1056438256637312,5.06299778183467331541180072525532855768342797143618315983065E-7
4jwozZwJaetP8nbwuU1Np9UNMCLdMtwMAisVrHpspump,5zfph9zFcTLiXnCbu7KxVa3pbSfhHYLeQuWr5K6hDpAckN6YRQUhB4XgPeZxnBTMZKhnWgYVUtmhyvocTETANzWR:0:bddb7fd34ee661ee,BUY,1787066834772941,EPjFWdd5AufqSSqeM2qN1xzybapC8G4wEGGkZwyTDt1v,3787751,0,538662206,0,1049009623313061,5.13495962314203137240384735395690373330626516125620643839601E-7
4jwozZwJaetP8nbwuU1Np9UNMCLdMtwMAisVrHpspump,4D5HMP5cn9HMr5hCG6L9oTn3v671q25PMMk3xTKbfSUwjjfBs9wieDc2hBoMGm4vxUUi5966PPZtfbcQtTbycBBd:0:bddb7fd34ee661ee,SELL,1787066841744914,EPjFWdd5AufqSSqeM2qN1xzybapC8G4wEGGkZwyTDt1v,7110824,0,283966677,0,1063042742445706,2.67126302322226103207024099548398136456757502787601404330504E-7
4jwozZwJaetP8nbwuU1Np9UNMCLdMtwMAisVrHpspump,2S31uiSqSYvsBRvjdmohtE6ep1bos6NZHedWfSG1mxzTTWGSHM1FpZpkTZvcTfNq1u7DPYioWQicPAbnVMPuVPW6:0:bddb7fd34ee661ee,SELL,1787066848564790,EPjFWdd5AufqSSqeM2qN1xzybapC8G4wEGGkZwyTDt1v,1598702,0,226368836,0,1069061447745040,2.11745392631524961047265829446139466321479135718795764154115E-7
4jwozZwJaetP8nbwuU1Np9UNMCLdMtwMAisVrHpspump,2VfbvnjPFavxQUpuJBK1S1jBb5EsquaUYPJSkEDtoJiYJgd7zTkpw4FdkaQ1J1yyPiKPKPPxtc76xfG6HnBwQbts:0:bddb7fd34ee661ee,SELL,1787066853042247,EPjFWdd5AufqSSqeM2qN1xzybapC8G4wEGGkZwyTDt1v,781146,0,198126855,0,1072763308189745,1.84688321727122600649095953363682054950567109145948384613376E-7
4jwozZwJaetP8nbwuU1Np9UNMCLdMtwMAisVrHpspump,5zYVEo81p6WrSyrUi43ShYAfssTXYgw9XYgihK3DVHogauSBbFifP4Yv8UWJR5c374LmVFohqQQuX1RiPyLyZuiH:0:bddb7fd34ee661ee,BUY,1787066857820256,EPjFWdd5AufqSSqeM2qN1xzybapC8G4wEGGkZwyTDt1v,517049,0,216774908,0,1069971019151084,2.02598859333582149981994114601453893387699260638958338838543E-7
4yDJAJ9GVdkUWFP9aCGQcAzWdB8eKjyxKEN2kviFpump,2Nmk6H6iBqJ7bt5D9ZAidUES4z6sU8n7eirFezj8WLxTNGEFUNaH9F6tQXW28yprTRYQMBw9J3MRyotjSUBmsc5g:0:bddb7fd34ee661ee,BUY,1787069820457998,EPjFWdd5AufqSSqeM2qN1xzybapC8G4wEGGkZwyTDt1v,16725253,0,2875127757,0,1042758453918878,0.00000275723274761738084642967293461431666110642973140764945807023
4yDJAJ9GVdkUWFP9aCGQcAzWdB8eKjyxKEN2kviFpump,4LN4eYBNWgWo3MZjU52Z6jPnQYxT6mEj8vrLEuaQ8Tt6TLveZECWrrbhagCATq9F1fZ7jSRyu5sLLgcZUuYZC7ez:0:bddb7fd34ee661ee,BUY,1787069822982020,EPjFWdd5AufqSSqeM2qN1xzybapC8G4wEGGkZwyTDt1v,37929410,0,2913057167,0,1029181236022669,0.00000283046082170879792801885406679697821187227640138890694491530
4yDJAJ9GVdkUWFP9aCGQcAzWdB8eKjyxKEN2kviFpump,5d5J2RoM4cWRN7DmwWWg4AxcAXF7UzkYXK6i2EvwUiAshsNbxNMU2QM2RLMZbgxme1xvqfyZjpp7c88DkFt5PaHv:0:bddb7fd34ee661ee,BUY,1787069825830659,EPjFWdd5AufqSSqeM2qN1xzybapC8G4wEGGkZwyTDt1v,6969405,0,3054368550,0,1026724826577282,0.00000297486577799246040043542930276416098001481423332709791684385
4yDJAJ9GVdkUWFP9aCGQcAzWdB8eKjyxKEN2kviFpump,5LVGSJWW8oKZbSoKwptZWnnVDwjMGgovfYt1RkdAvHY27NBauSk2o3ngkctDbfYAmV8M1DRYQFjbuMurVTgmCGVv:0:bddb7fd34ee661ee,BUY,1787069828485129,EPjFWdd5AufqSSqeM2qN1xzybapC8G4wEGGkZwyTDt1v,38232343,0,3820373344,0,1014031919508295,0.00000376750797534312579530641566902661320221431574323103174358201
4yDJAJ9GVdkUWFP9aCGQcAzWdB8eKjyxKEN2kviFpump,4HkCcocUGypwauimeyMckooxnBzruzLue9cDhTygsuZZCW26YnBpGbN3BA5zTY4y8AYtyPfGwfmfLM8sFwaSaDoG:0:bddb7fd34ee661ee,SELL,1787069834099567,EPjFWdd5AufqSSqeM2qN1xzybapC8G4wEGGkZwyTDt1v,61285143,0,2574173286,0,1030563878563595,0.00000249782991578153833625352809171445929055761967637893314410464
4yDJAJ9GVdkUWFP9aCGQcAzWdB8eKjyxKEN2kviFpump,66a73NppFmTTsQb2tUPA7MhudUFkffLEDS1DSYX2qZBjAoY6PNjR1wKY7mdp67ViUgfwv3QXqG7wr3fAvuwxK2sP:0:bddb7fd34ee661ee,SELL,1787069842886375,EPjFWdd5AufqSSqeM2qN1xzybapC8G4wEGGkZwyTDt1v,33472594,0,2540700692,0,1044141096459804,0.00000243329249333670741601938497331650157722475019677393385589198
4yDJAJ9GVdkUWFP9aCGQcAzWdB8eKjyxKEN2kviFpump,2dECkd9kFaZoDDBNB95x7ytZbf6kBKWdgFXkd76E2pwdG26rdERggWmTKRx3vjBhoXgjGQG629jrJtLLTKE3w2Ms:0:bddb7fd34ee661ee,SELL,1787069842893375,EPjFWdd5AufqSSqeM2qN1xzybapC8G4wEGGkZwyTDt1v,7225291,0,2337002913,0,1047118912747707,0.00000223184099202979237889304785066761918126913408744813078008510
4yDJAJ9GVdkUWFP9aCGQcAzWdB8eKjyxKEN2kviFpump,5Az3hS3PXwsFBfKy92Sfo1MMZJKmKNzwNQ4x3B3p9xwENnDuTLPMX68usB56NdB64KwLcX7bZtvT2PqEYHCGHRXF:0:bddb7fd34ee661ee,BUY,1787069842941375,EPjFWdd5AufqSSqeM2qN1xzybapC8G4wEGGkZwyTDt1v,3803728,0,2340806641,0,1045417381996484,0.00000223911203440069902904383969558497176429162984849169972051153
4yDJAJ9GVdkUWFP9aCGQcAzWdB8eKjyxKEN2kviFpump,3cGh8NHsw6G89ZDCxRL23dG1h596PAhv8hFBDfoyvyXt7sKz4iz568Y1MCr4mU2NsFNkLGGeCXh7FzbyQpMQAG2P:0:bddb7fd34ee661ee,BUY,1787069845977374,EPjFWdd5AufqSSqeM2qN1xzybapC8G4wEGGkZwyTDt1v,28180653,0,3090756148,0,1032981458614022,0.00000299207320927807130483135942336037461008270688743359433230432
4yDJAJ9GVdkUWFP9aCGQcAzWdB8eKjyxKEN2kviFpump,ApeAkizNpgdRFXZCQCo1ne5BJFcpYXHMiSQAA7GstgW557DMd5zu8GmSgfvzpt738C9VH3adDcU3pDb9445L1hg:0:bddb7fd34ee661ee,SELL,1787069853246751,EPjFWdd5AufqSSqeM2qN1xzybapC8G4wEGGkZwyTDt1v,22750485,0,2481247889,0,1040641428249520,0.00000238434471436885588497893539519940776391024457153277562433459
4yDJAJ9GVdkUWFP9aCGQcAzWdB8eKjyxKEN2kviFpump,5F3YjKzURhJ9zeC7exQrDqcVyk1Q51KrG6u9ZiVPeFT9Nn41xskxQQfGeuMUg6ZNy4kDsBkBveDxvor9tpVvkJSu:0:bddb7fd34ee661ee,BUY,1787069853285751,EPjFWdd5AufqSSqeM2qN1xzybapC8G4wEGGkZwyTDt1v,37941969,0,2519189858,0,1024968141990287,0.00000245782259447423179603579153334786833127093217020362235236106
51XG8a5nVP1C6ussXiS5uhCN62qLfzQhpcxqZ1Bxpump,qtTPAkvVdgPfPhTzUrTSURXzSRu72wzfzTom3uvBcj2caAycA88WL8a2AGJbvvgxgKQuwJQjuXVMYuqaetRgNkU:0:bddb7fd34ee661ee,SELL,1787076741426362,EPjFWdd5AufqSSqeM2qN1xzybapC8G4wEGGkZwyTDt1v,293276,0,4301805091,0,1070554321979028,0.00000401829687917907609189974722627790343816808222731668260031674
59pjdCbBm5GiarhcyRUNi9pVfuU4h9HvHgmD4atopump,5dx9BrWfJjgRoBja2v8KoJdS2sh6JujutB6HFQYUgf8MSmXnRzZJxUZPj14qSQZcLz4wQz5ksGs2Jg5MHMEeZ55c:0:bddb7fd34ee661ee,BUY,1787069136181001,EPjFWdd5AufqSSqeM2qN1xzybapC8G4wEGGkZwyTDt1v,3099484,0,17430359881,0,1063637889412558,0.0000163874943291336701475489383504535020301571864270457664018312
59pjdCbBm5GiarhcyRUNi9pVfuU4h9HvHgmD4atopump,2N6K9DCT4GzfYBxrZiBxTnjRzdvhZSd3zcbtohz4kXRQZSwAsje2gcaS24qvXWdXLS9TPZ1sB7zQpMqzqpXbC2xQ:0:bddb7fd34ee661ee,SELL,1787069146171356,EPjFWdd5AufqSSqeM2qN1xzybapC8G4wEGGkZwyTDt1v,2326388,0,17428033493,0,1063779869601375,0.0000163831202216025400991431738100298397825700018964703355460002
59pjdCbBm5GiarhcyRUNi9pVfuU4h9HvHgmD4atopump,32yXtAfd58BKz8pVd8vqvg3u1k6JBSuVEnBCWYnv1unr3M3mRPpFbnNod2DePHtT2F35QTLJsHurTxUFTusTjrfV:0:bddb7fd34ee661ee,BUY,1787069163580383,EPjFWdd5AufqSSqeM2qN1xzybapC8G4wEGGkZwyTDt1v,4186034,0,17432219527,0,1063524421997829,0.0000163909912799685429716148179875002210055979917871628840133677
59pjdCbBm5GiarhcyRUNi9pVfuU4h9HvHgmD4atopump,5dr3zb2DoT9bCXD1457ieNtJ6QZAuQigrvBFWb7H8vW11e1chNfJtjsYr3DnRPyTuD3nojfR3FHfXGWdY1u4LMmY:0:bddb7fd34ee661ee,SELL,1787069176382977,EPjFWdd5AufqSSqeM2qN1xzybapC8G4wEGGkZwyTDt1v,2188498,0,17430031029,0,1063657957166543,0.0000163868759797853705274341355171656340728758199893775084235177
5S8zUyVVKSo8i7PgZKorH6hSLBse34hA61QrRaQopump,3XVKG9XVsnjZEQgBinMYEv9Vv7YXP1tDhNDBHEFYa3H9tp8xMhxmT65pdZMD37R66GSpaJU3b3FgD7uzesx9NoZd:0:bddb7fd34ee661ee,BUY,1787068763025887,EPjFWdd5AufqSSqeM2qN1xzybapC8G4wEGGkZwyTDt1v,14599458,0,346420852,0,926483018424448,3.73909553775862989124904290465810376807540920501570241814135E-7
5S8zUyVVKSo8i7PgZKorH6hSLBse34hA61QrRaQopump,47pc9gDDJ24CyPKaT2FQWnoxKb8w4YNzYZoDM2mCPNeQj7ebZBYtxZDgCwrSJphVYsZqvXxDB2YH6ickcCY6e1ZG:0:bddb7fd34ee661ee,SELL,1787068776270403,EPjFWdd5AufqSSqeM2qN1xzybapC8G4wEGGkZwyTDt1v,25783521,0,261813900,0,1000984622115363,2.61556365817801817309198311489903143778356970227558006224434E-7
5S8zUyVVKSo8i7PgZKorH6hSLBse34hA61QrRaQopump,2J5Q9z3HABYQepoG1ETaR2g3hioEhssDDMnFqFbdR635s55bm4eLm1HVrXcufav1YsKU26vSP1FSmHKscdaEtCjG:0:bddb7fd34ee661ee,BUY,1787068802527621,EPjFWdd5AufqSSqeM2qN1xzybapC8G4wEGGkZwyTDt1v,98765431,0,360579331,0,726807293777051,4.96114078776166131526285236837006436629918780149451502499011E-7
5gx8ApnXvs5tYSbARtoezSckxeYMXbndnMLRoLqBpump,3eNn49QYyCkgxeuxvfmRMNovyvk9jd1Bwa4qtVHAPdZ6kxVnpiZ8AZT51Vwr6jzM9TLJYNrprUZXzLC3cobfGV2:0:bddb7fd34ee661ee,SELL,1787069383902358,EPjFWdd5AufqSSqeM2qN1xzybapC8G4wEGGkZwyTDt1v,124401877,0,5556437816,0,828825263149348,0.00000670399185817140352292304249738884883519769136689658938368621
5gx8ApnXvs5tYSbARtoezSckxeYMXbndnMLRoLqBpump,5Bi3nYqJHzwgKJ9dQSTu18zKAx6tKi8q86H57TPMQd4MRoGZLDFNgh61qN4jgURMD8mpQrSmq8yrvQzUSHLKQKG1:0:bddb7fd34ee661ee,SELL,1787069383903358,EPjFWdd5AufqSSqeM2qN1xzybapC8G4wEGGkZwyTDt1v,112076741,0,5444361075,0,845887326760577,0.00000643627218751439173169130386035057248724653740629220672249970
5gx8ApnXvs5tYSbARtoezSckxeYMXbndnMLRoLqBpump,3ZyiqAzzVQDLN6USgtGoPsGbhRQFY1U7BRjBmdpXEuV7xD3s5hb33LHrzozPbGsTA9Wh6N8waZURNLYxC2c7rPUp:0:bddb7fd34ee661ee,SELL,1787069383906354,EPjFWdd5AufqSSqeM2qN1xzybapC8G4wEGGkZwyTDt1v,110085170,0,5334275905,0,863344175986735,0.00000617862036180801131517609643329059871852034106036660438903078
5gx8ApnXvs5tYSbARtoezSckxeYMXbndnMLRoLqBpump,2TtyXCrtwgUtpruzq8tm9VGA4gSd8Qozqv62FuLEBZW6kDkovD1epADbhkogP9oUHkRN9qLM6EE5hNXDYvyDNY9U:0:bddb7fd34ee661ee,SELL,1787069386525426,EPjFWdd5AufqSSqeM2qN1xzybapC8G4wEGGkZwyTDt1v,4522319,0,5329753586,0,864076727351816,0.00000616814851886405066975878074953423064688312697807004562348699
5gx8ApnXvs5tYSbARtoezSckxeYMXbndnMLRoLqBpump,2XaESde3dcQEoJQNV3F2rgJrKJrqNSjLWZTZM7ebJgJt9U7ZMF1zfwRTJ9aScE6wzGcMhfAwHZ1RmVUhTTV1HRrC:0:bddb7fd34ee661ee,SELL,1787069386526429,EPjFWdd5AufqSSqeM2qN1xzybapC8G4wEGGkZwyTDt1v,4845259,0,5324908327,0,864862971115940,0.00000615693873461737619370047166015431977110476633614380212722448
5gx8ApnXvs5tYSbARtoezSckxeYMXbndnMLRoLqBpump,3EhFv1SyrkRhiY4VYqovzUSUkTFj1K36WDumArLfVp9DGbdUJs2166YjkuUUSUzwzHTXLg47bkQiqd3cBKpzBSaF:0:bddb7fd34ee661ee,SELL,1787069386582427,EPjFWdd5AufqSSqeM2qN1xzybapC8G4wEGGkZwyTDt1v,12568089,0,5312340238,0,866909089088628,0.00000612790926391694072751562693236654370368265681504466668683897
5gx8ApnXvs5tYSbARtoezSckxeYMXbndnMLRoLqBpump,3yU33dYdnd2uqE2Z8q7mtbYgLakAAqoSvN7n6Sake5E8NRN2dZ6yyM8fbKTGrMjSXodzPYmcUusXMxs3JDBHriuE:0:bddb7fd34ee661ee,SELL,1787069386584425,EPjFWdd5AufqSSqeM2qN1xzybapC8G4wEGGkZwyTDt1v,2976984,0,5309363254,0,867395169012097,0.00000612104314582129490862428332880232129189029218507441691254930
5gx8ApnXvs5tYSbARtoezSckxeYMXbndnMLRoLqBpump,4qoTffR9TbwgbYS1EM9JfwG37PN7gpk77oWXz7w2jE5ReMfsKD8qtMWTcCYVdYUa7CMtPjvFfb7DFp22S7XyEXGX:0:bddb7fd34ee661ee,SELL,1787069386594426,EPjFWdd5AufqSSqeM2qN1xzybapC8G4wEGGkZwyTDt1v,2797097,0,5306566157,0,867852374123260,0.00000611459542570349063518006548001642630631690280250749024345346
5gx8ApnXvs5tYSbARtoezSckxeYMXbndnMLRoLqBpump,3PpbywT7oCLpsUHeijn3SbTHK5WM6D1a5Fnun9H7LKSHVkDTfDV3NwooDqDBXmzdFfoj7Ec6BPzKd1yGYyvLFKLy:0:bddb7fd34ee661ee,SELL,1787069388915388,EPjFWdd5AufqSSqeM2qN1xzybapC8G4wEGGkZwyTDt1v,59740292,0,5246825865,0,877733730185692,0.00000597769652066349276298742068606083974688313566999615791359308
5gx8ApnXvs5tYSbARtoezSckxeYMXbndnMLRoLqBpump,38hkzYc5Xb6aHCPnsxXDEdqq1iXR5UPDX4XDi3Z1mz4XQnmEQ9NTH92YerrbuB4PSivnLxgtCcM5pXkvWd6LQ36x:0:bddb7fd34ee661ee,SELL,1787069388917387,EPjFWdd5AufqSSqeM2qN1xzybapC8G4wEGGkZwyTDt1v,4250693,0,5242575172,0,878445399041829,0.00000596801483361217298324632287849661736382475490919905692044397
5gx8ApnXvs5tYSbARtoezSckxeYMXbndnMLRoLqBpump,5iAtygo3qpDyaUViPySCaRxTxDymMRZdZCcXwfmqbVym5MFB3Kz557KutyDzh81pggZBeJvndwXjHJ9Zch13Y745:0:bddb7fd34ee661ee,SELL,1787069391741811,EPjFWdd5AufqSSqeM2qN1xzybapC8G4wEGGkZwyTDt1v,92092141,0,5150483031,0,894152259422431,0.00000576018566941485410650113200120721308561614422877623863084578
5gx8ApnXvs5tYSbARtoezSckxeYMXbndnMLRoLqBpump,4uVXef9wvDKbUwmJS5u1TnirszamSpEHZfWwBZsRr8tGf66KfEJYU8L8oWRZscAPeCZQNxiW44ZiMxtfE7Ht1QWJ:0:bddb7fd34ee661ee,SELL,1787069394462175,EPjFWdd5AufqSSqeM2qN1xzybapC8G4wEGGkZwyTDt1v,10267280,0,5140215751,0,895938276250575,0.00000573724316424046860804107958274137456714102933117530584812379
5gx8ApnXvs5tYSbARtoezSckxeYMXbndnMLRoLqBpump,2cK7Ld21PiChWWCFigyc3cKuzAx1ewgmoWgzh6NHv2YuCT5rq3deNiuPyHy4Hm8yeKUdeWXX3m2TmxsegHAL5d1B:0:bddb7fd34ee661ee,SELL,1787069397583992,EPjFWdd5AufqSSqeM2qN1xzybapC8G4wEGGkZwyTDt1v,9797021,0,5130418730,0,897649155494652,0.00000571539414769779274626843649451530464718703548009203944017695
5gx8ApnXvs5tYSbARtoezSckxeYMXbndnMLRoLqBpump,4gs8TCmdChReKGSakxJAkG8iD6CLFYHnm9YRGSpRUn8nx8rRvfCotcuwmbAMG4TdokJXUC58AGtD7zue83tzW2ud:0:bddb7fd34ee661ee,SELL,1787069400169461,EPjFWdd5AufqSSqeM2qN1xzybapC8G4wEGGkZwyTDt1v,7877668,0,5122541062,0,899029599739031,0.00000569785584755714799899930030796633214531497709711749675211768
5gx8ApnXvs5tYSbARtoezSckxeYMXbndnMLRoLqBpump,EyYBGafu5SLTTh2eBom7crTnRB94YtmLVrTZusXD4YMBPDqhhD4gLmZ4kf1MKWZiH3zV3dMChokxLnmoDyAxTYj:0:bddb7fd34ee661ee,SELL,1787069400196462,EPjFWdd5AufqSSqeM2qN1xzybapC8G4wEGGkZwyTDt1v,120413820,0,5002127242,0,920671510048099,0.00000543312917518070252853048900044730612937885416100581465121016
5gx8ApnXvs5tYSbARtoezSckxeYMXbndnMLRoLqBpump,5Wnwk2A4okDxQtay3RSHWywZhtfG3MiJmXtaVbhCbYskmZbyQzFMQkwcRSBZm7yP2ytjgHpV2GbBjicgnm6WdCiX:0:bddb7fd34ee661ee,SELL,1787069404990979,EPjFWdd5AufqSSqeM2qN1xzybapC8G4wEGGkZwyTDt1v,3114600,0,4999012642,0,921245128107062,0.00000542636534998211949610463972245619850055195567463984083241926
5gx8ApnXvs5tYSbARtoezSckxeYMXbndnMLRoLqBpump,2ePsoa7BKqXZwEAabGWLmqFar9JEBeNAJYrtETf2SYuwCp9L2XSLXJFQjszQ1SYXSZUt1H37PRYHRWeh1Uytgdq9:0:bddb7fd34ee661ee,SELL,1787069407667217,EPjFWdd5AufqSSqeM2qN1xzybapC8G4wEGGkZwyTDt1v,89783148,0,4909229494,0,938093451946529,0.00000523319876480688234369318335866565478102410976726030934214982
5orYcs6TNvs3FymKCdrb7ueZ6fYZvYFbpeaZ6Hnwpump,4d9X6FSuxMoEBHA19aCVzV7GWEHtRYNmhLuEkx8NVps54UtEGVoYf8L3Rc68BBmKf3jS16wGqM1HxbQdN6yuR35Y:1:bddb7fd34ee661ee,BUY,1787075472159401,EPjFWdd5AufqSSqeM2qN1xzybapC8G4wEGGkZwyTDt1v,4605324,0,4296605324,0,1071849903305629,0.00000400858861931049600409279732590051132008392095339310892575172
5orYcs6TNvs3FymKCdrb7ueZ6fYZvYFbpeaZ6Hnwpump,3LXeqRrWHUwhfxQK1pstSuAFScjrx8fXvC1wH8UZvAjzDiw8DUJifooMM4d4ufozEbNu6taDC2AD84xEeQTs8J55:0:bddb7fd34ee661ee,SELL,1787075472218895,EPjFWdd5AufqSSqeM2qN1xzybapC8G4wEGGkZwyTDt1v,1355806,0,3032642601,0,1072188235594847,0.00000282846099250240184177447514300133948458321053263015049246138
5orYcs6TNvs3FymKCdrb7ueZ6fYZvYFbpeaZ6Hnwpump,4o8sw1fqTL3sjM6vYNDa3sPYA29Ti4ooyghnPq2rDJuxH8pw1AhbHia5sK7u1AKmpW819aS6vwHHBVPRaAo5yuYo:0:bddb7fd34ee661ee,BUY,1787075477686561,EPjFWdd5AufqSSqeM2qN1xzybapC8G4wEGGkZwyTDt1v,282708,0,3296175500,0,1072088293736468,0.00000307453734851640771345762493470795681898701645223008695558903
5orYcs6TNvs3FymKCdrb7ueZ6fYZvYFbpeaZ6Hnwpump,4nr8GBWTdspQZeExbAo9kXw7QQLsfwXHaows4MfN4ZhC9vxpho3HDvw8vadKPUriEN7LwgNHa6K5vKyJiwKsBao3:0:bddb7fd34ee661ee,BUY,1787075482906509,EPjFWdd5AufqSSqeM2qN1xzybapC8G4wEGGkZwyTDt1v,690903,0,3940082064,0,1071863623116593,0.00000367591732663121992258905699943282250680983221077512137292591
5orYcs6TNvs3FymKCdrb7ueZ6fYZvYFbpeaZ6Hnwpump,pAcGQ4QouLXv1pKo7SeU5HpQ2b8paUd74bgsD3sGTKsnVxawUDTNaXwkzCzD4rLYgrWftXa2H8LrrYTPDFy9dLr:0:bddb7fd34ee661ee,SELL,1787075482937590,EPjFWdd5AufqSSqeM2qN1xzybapC8G4wEGGkZwyTDt1v,540137,0,3436617301,0,1072010582911548,0.00000320576807335824276804241520190187125180519259478679315929298
5orYcs6TNvs3FymKCdrb7ueZ6fYZvYFbpeaZ6Hnwpump,5aAtxp5dUw3d7hQRiGzmxqPDqy3gSBuz6fCd3ZYQUVGLartnUiXYPP3fayfvTkuJrhrphPcmDBC5ojH3qRFv1Pg9:0:bddb7fd34ee661ee,BUY,1787075487934863,EPjFWdd5AufqSSqeM2qN1xzybapC8G4wEGGkZwyTDt1v,37905073,0,3474522374,0,1060315554367254,0.00000327687579389838344028257373655622490750973193572280738954251
5orYcs6TNvs3FymKCdrb7ueZ6fYZvYFbpeaZ6Hnwpump,2pA4XWDhzE59onZdHWx3fBBGBPVoUQnambxRLd4tumv4zw9z6ZYvQxmGm8ZsiCxN7wZG6W41F1VytGWbZ58esMWf:0:bddb7fd34ee661ee,BUY,1787075490765849,EPjFWdd5AufqSSqeM2qN1xzybapC8G4wEGGkZwyTDt1v,3418538,0,3756476456,0,1059273348905371,0.00000354627675649713775928347995189977768842018139255339024393404
5orYcs6TNvs3FymKCdrb7ueZ6fYZvYFbpeaZ6Hnwpump,2rQC96x5evSDZ2fuCKPS4Afv3w3whkuBxogC91eFFLDtr31H6PhWAL1TpLMredhMy7gkw6ZT7CDPE7mkVyugwJhu:0:bddb7fd34ee661ee,SELL,1787075490810403,EPjFWdd5AufqSSqeM2qN1xzybapC8G4wEGGkZwyTDt1v,4239621,0,3406414984,0,1060470213280598,0.00000321217412930642151253415425863162964987162914636747143107883
5orYcs6TNvs3FymKCdrb7ueZ6fYZvYFbpeaZ6Hnwpump,4vB6MdQnep9LCu3Rn8nBLWqqZkWdexHibe8Thec6TmMpwMjyK2eFCP276wgdspnW85pTxSbkCtYxh2WCU77tG9Rm:0:bddb7fd34ee661ee,BUY,1787075493599886,EPjFWdd5AufqSSqeM2qN1xzybapC8G4wEGGkZwyTDt1v,10016447,0,4231079089,0,1057361079115042,0.00000400154608730368647797032190571234202514375011220118184394808
5orYcs6TNvs3FymKCdrb7ueZ6fYZvYFbpeaZ6Hnwpump,PFddFrbXNG2RiCTQ4H5Z91HQC9Gt37XjRtRoaTina6BnZ995mNXXr2WiQnrWj6wDoytCizF3mLSvve7UjViDHpn:0:bddb7fd34ee661ee,SELL,1787075496313623,EPjFWdd5AufqSSqeM2qN1xzybapC8G4wEGGkZwyTDt1v,15560041,0,2945378861,0,1061263939620892,0.00000277534998697134417180021432395303627476986325951624561990553
5orYcs6TNvs3FymKCdrb7ueZ6fYZvYFbpeaZ6Hnwpump,4oZS4boLsMrC8uVCKLHGa7sVw5gNYi9eW9PqpzgnKgXtUD1GvuZ82n3e2U4GozKETMFYKZvZVm4ap6ZH5CMySqai:0:bddb7fd34ee661ee,SELL,1787075498667467,EPjFWdd5AufqSSqeM2qN1xzybapC8G4wEGGkZwyTDt1v,5480758,0,2491659140,0,1063242420400377,0.00000234345347043408513541814132635593191454644092158177776911859
5orYcs6TNvs3FymKCdrb7ueZ6fYZvYFbpeaZ6Hnwpump,5yw611VeEWJfwV1wvFo4NnTPZ6EA7KtEy1cdC71hA7sRLSSiqaUkV8uCqc3kqks81o813zPiM3cPtoyM8pY8D6wi:0:bddb7fd34ee661ee,SELL,1787075498701512,EPjFWdd5AufqSSqeM2qN1xzybapC8G4wEGGkZwyTDt1v,27108577,0,2464550563,0,1074937448944671,0.00000229273858252830759181477612726423837555351841228949557253128
5orYcs6TNvs3FymKCdrb7ueZ6fYZvYFbpeaZ6Hnwpump,3wmikZX9Xep4X2ZmbEeWcmmQxvSKyiyWJKpkfLfRG9Gv1nxWDTxDkKZfprHtqa9z9d8d6nBVPrPfwp9eHDHpa52Y:0:bddb7fd34ee661ee,SELL,1787075501326406,EPjFWdd5AufqSSqeM2qN1xzybapC8G4wEGGkZwyTDt1v,452792,0,2041270672,0,1075134975259675,0.00000189861805166088691090619500254880445379719807130282650402517
5orYcs6TNvs3FymKCdrb7ueZ6fYZvYFbpeaZ6Hnwpump,5KSsM7yg6n1t1mYa65LgnpEG7yGS3wb5t9pxBTtjsReguBdZv8QUqqs5g8mT4K33XidKgouNHGGXV1aLr5J1Mjyt:0:bddb7fd34ee661ee,BUY,1787075501368952,EPjFWdd5AufqSSqeM2qN1xzybapC8G4wEGGkZwyTDt1v,707382,0,2702318408,0,1074762527021273,0.00000251433999610084325657080409298915692892392931806320900097482
5orYcs6TNvs3FymKCdrb7ueZ6fYZvYFbpeaZ6Hnwpump,4hdkq19HzG4HxEE2NhFypSnCUFtCawtazinvWsm3415N2a6p1xCfPcqqjFJRNMTgAC27sMUfpMWRsj3ayJv2Zjao:0:bddb7fd34ee661ee,SELL,1787075503822278,EPjFWdd5AufqSSqeM2qN1xzybapC8G4wEGGkZwyTDt1v,351835,0,2373486325,0,1074902476994146,0.00000220809457211151834160778552971161492308193070966355361964095
5orYcs6TNvs3FymKCdrb7ueZ6fYZvYFbpeaZ6Hnwpump,4W1ycyXkyncK82hGgkt3isTqJ3kv8BjSDdQJiDyALkGiV7iZbMc9yV65QPvUz7JKzTL9BofRoBXZedKWKHz8RfXG:0:bddb7fd34ee661ee,SELL,1787075506589816,EPjFWdd5AufqSSqeM2qN1xzybapC8G4wEGGkZwyTDt1v,339423,0,2056209379,0,1075056217033668,0.00000191265288867736002548414697708966389761861653035301354724976
5orYcs6TNvs3FymKCdrb7ueZ6fYZvYFbpeaZ6Hnwpump,2yEHNA16wkneY4iirUaT4qqHDRZwpWBewZaL669RJ8DJ5Q98d8FU3CkSQz8cbvHHViTk3H6JMCA8bNUep9K34aEX:0:bddb7fd34ee661ee,SELL,1787075509108442,EPjFWdd5AufqSSqeM2qN1xzybapC8G4wEGGkZwyTDt1v,488038,0,1599905737,0,1075311441003423,0.00000148785335670478286853826893137370934514953030515700907321179
5orYcs6TNvs3FymKCdrb7ueZ6fYZvYFbpeaZ6Hnwpump,5yXuTfePY4Ct7GX6gwKWoGofNRP3Uo3HndUHfzqkL6Ryy7SbbNrGhJUFvbyPLpaqsEzc7yyexLTyJ2ewUKFDGTM8:0:bddb7fd34ee661ee,SELL,1787075511467735,EPjFWdd5AufqSSqeM2qN1xzybapC8G4wEGGkZwyTDt1v,81022,0,1524148290,0,1075365900068920,0.00000141732994314057905343544117554520688649456370281296316872437
5orYcs6TNvs3FymKCdrb7ueZ6fYZvYFbpeaZ6Hnwpump,3LqNFxTnJaEa1igoEPjfjx9WLBnamnhKTVWadmhYBsm6jztdW82As13LSPcKJvkzdFvU43VTYbUxXPH69A833T2F:0:bddb7fd34ee661ee,BUY,1787075515913097,EPjFWdd5AufqSSqeM2qN1xzybapC8G4wEGGkZwyTDt1v,391449,0,1890068320,0,1075089783352873,0.00000175805625657185639403915655913755503293388989714128784565527
5orYcs6TNvs3FymKCdrb7ueZ6fYZvYFbpeaZ6Hnwpump,41VpefFfQRgyDbnpkzZwfL4JQfENP654hbg8Ajd8QmbTHkjgnBXLrB1cLxYdpDTm6vR2qCmgUMcqHt5aMWuG5ABk:0:bddb7fd34ee661ee,SELL,1787075518368944,EPjFWdd5AufqSSqeM2qN1xzybapC8G4wEGGkZwyTDt1v,366587,0,1547322564,0,1075298342728580,0.00000143897047220741915117648210308115463395472468495005518109419
5orYcs6TNvs3FymKCdrb7ueZ6fYZvYFbpeaZ6Hnwpump,5aypDEHyDXVLPHzadPP367dfhBS5B8jHU7tT2BGkMikLK3AgfitECTC4i1FCa3BKQstKpw3Asx6BV79y1qd2FGAb:0:bddb7fd34ee661ee,BUY,1787075525997943,EPjFWdd5AufqSSqeM2qN1xzybapC8G4wEGGkZwyTDt1v,603413,0,2111272603,0,1074879169584308,0.00000196419529072881770403425316077657990610194637442581596615908
5orYcs6TNvs3FymKCdrb7ueZ6fYZvYFbpeaZ6Hnwpump,5GERpJ42USWEcCtMQ35bnfhsgdP4HU8CUvBz4m7gkA3RFfq3od4QFy9CP4LMkuxdwMsk5h4ujFHmP1Z9eDLcCChb:0:bddb7fd34ee661ee,BUY,1787075530815436,EPjFWdd5AufqSSqeM2qN1xzybapC8G4wEGGkZwyTDt1v,595742,0,2667896195,0,1074575954344702,0.00000248274324789533996678654557234652597495310024718989425534191
5orYcs6TNvs3FymKCdrb7ueZ6fYZvYFbpeaZ6Hnwpump,3oKi14sNB77UssLgTXowFxbHXc5Dh4znss7cWbuoGpY3QjKuxSzhg6yJ7UTvVmyWfDHyYfq6N4P9mddgDvSL6yL1:0:bddb7fd34ee661ee,SELL,1787075537755532,EPjFWdd5AufqSSqeM2qN1xzybapC8G4wEGGkZwyTDt1v,905617,0,1821458269,0,1074940843270450,0.00000169447303114682169419284226862849401327420191262561608027987
5orYcs6TNvs3FymKCdrb7ueZ6fYZvYFbpeaZ6Hnwpump,2ZuaYKWhskQCkAFWd6M89MBqKaqEPavv93KLS72aqhB6pouXSMFSJWuwUcPYmj9LUFFF8eU5MMtSfVt66TnQ9iLh:0:bddb7fd34ee661ee,BUY,1787075537808197,EPjFWdd5AufqSSqeM2qN1xzybapC8G4wEGGkZwyTDt1v,471886,0,2262394130,0,1074662429999022,0.00000210521375535763253494656900271388266963483051812921650591873
5orYcs6TNvs3FymKCdrb7ueZ6fYZvYFbpeaZ6Hnwpump,LbXHmAem4CkV11Cb7QHt9dLyKpoeGd1etFxXgBhZ3yXVVCN8H2JP3eZ2XNPffvc5oU4FAB2KXNi4pyyD3MP2Feg:0:bddb7fd34ee661ee,BUY,1787075542657672,EPjFWdd5AufqSSqeM2qN1xzybapC8G4wEGGkZwyTDt1v,325061,0,2566091301,0,1074508044582773,0.00000238815457356245533579391911615449048692398538755271362467319
5orYcs6TNvs3FymKCdrb7ueZ6fYZvYFbpeaZ6Hnwpump,35a76RiYTgGB415eDunNXjgbK6e3wZxj6D5rMcZBd2yCZnTJYyv2f39v2sw1ioPMvYPHZzatxsazKzvtyQBTqzq6:0:bddb7fd34ee661ee,BUY,1787075558811533,EPjFWdd5AufqSSqeM2qN1xzybapC8G4wEGGkZwyTDt1v,412648,0,2951557055,0,1074335282878762,0.00000274733325995873598221094376271293921555380148919051352141665
5orYcs6TNvs3FymKCdrb7ueZ6fYZvYFbpeaZ6Hnwpump,zD6ryXAAQ1gfy3mndmXnmsDqQyiCQPpoYri4tTTGTf4hhTJRG4xMTpcUb5efkod6TQqXqLnWXDXSwK3yPYpRU8J:0:bddb7fd34ee661ee,BUY,1787075648070884,EPjFWdd5AufqSSqeM2qN1xzybapC8G4wEGGkZwyTDt1v,866409,0,3760655948,0,1074020011790637,0.00000350147660817802308055874050716945075768524666836585564313403
5orYcs6TNvs3FymKCdrb7ueZ6fYZvYFbpeaZ6Hnwpump,24tPANrc5xtYUGz2FRnuRB286WFisoX6AGEeeDFfqexzSxCdb8UYLDTB42q2iLZD5BXGRG9okjnT99TeoDzEj99S:0:bddb7fd34ee661ee,BUY,1787075677734934,EPjFWdd5AufqSSqeM2qN1xzybapC8G4wEGGkZwyTDt1v,3790899,0,3764446847,0,1072938445100704,0.00000350853943596612948717712030173670892847343769480364824692482
5qw3r6sfEvSSigpKHhG4Wf4ZpdxrN6SQQSJESVddpump,3vVYqBPUxzncPTLxDKWokGtjp6ZEbxGXQTFCJyRVWcLTFr9WXW57ZrWci8obuH5okxfk4hsDZbUjyW7eXBf2gvhQ:0:bddb7fd34ee661ee,BUY,1787068283779903,EPjFWdd5AufqSSqeM2qN1xzybapC8G4wEGGkZwyTDt1v,7247044,0,580997515,0,945749671992190,6.14324839020190405091409523707203472738982096228621742701007E-7
5qw3r6sfEvSSigpKHhG4Wf4ZpdxrN6SQQSJESVddpump,28MtEAxTkuQ7kRSE1Rkvap8TrNCXTuvUQjb8nqUScE18MhHpaHNgu96yN6dY1H86rLLDpf83cm7aBxKNLeJS7otf:0:bddb7fd34ee661ee,SELL,1787068285905903,EPjFWdd5AufqSSqeM2qN1xzybapC8G4wEGGkZwyTDt1v,17066294,0,418216081,0,974370968926897,4.29216483595148053513339135780415098597786409369914201419694E-7
5qw3r6sfEvSSigpKHhG4Wf4ZpdxrN6SQQSJESVddpump,5fNh9Tn4xtzCUASFJrsDDJuZsdjmcfTXBGbcoQgWRGPAeA1yGVr3LXP7QTH8sFRtx81pAdzVACGUeJCo7V1brtvM:0:bddb7fd34ee661ee,BUY,1787068293388779,EPjFWdd5AufqSSqeM2qN1xzybapC8G4wEGGkZwyTDt1v,4167244,0,457714832,0,964757801612504,4.74434963091225304709168281671573227116133691774584209092392E-7
5qw3r6sfEvSSigpKHhG4Wf4ZpdxrN6SQQSJESVddpump,5qeb3Cti7efu9MhQk3Wib8mEqWcUz2eU5g5pFPXcsiL3sucJ1q3436PdVATpqLkMXvdSCEQ9AS7Zvc5nV55E9edN:0:bddb7fd34ee661ee,BUY,1787068298260556,EPjFWdd5AufqSSqeM2qN1xzybapC8G4wEGGkZwyTDt1v,8934634,0,540879728,0,946286211084525,5.71581538084662073231239272765995636461254763890998345195282E-7
5qw3r6sfEvSSigpKHhG4Wf4ZpdxrN6SQQSJESVddpump,4ubm3gtiSf1voGmRj5ck8paChUjhPYxS2u3oVMACmXeSfxQcXYoHzTxHussENhxccvErjWQ72iu4hKsxUGJVb6wo:0:bddb7fd34ee661ee,BUY,1787068303010993,EPjFWdd5AufqSSqeM2qN1xzybapC8G4wEGGkZwyTDt1v,4440810,0,581846263,0,938580142861864,6.19921769520787223339460169980625373235116126420337023089140E-7
5qw3r6sfEvSSigpKHhG4Wf4ZpdxrN6SQQSJESVddpump,g9J2x4TqNhs8cM2B4mM7ZG1Dt2bdEG9mz3NVMkvN9WqQ3WvQrBQpppVNfhJDHeC66D5LQW8rVgnpJetVNtkrCY5:0:bddb7fd34ee661ee,BUY,1787068305666990,EPjFWdd5AufqSSqeM2qN1xzybapC8G4wEGGkZwyTDt1v,683194,0,582529457,0,937479372116390,6.21378426369980719911560831665417630973177340408757163938776E-7
5qw3r6sfEvSSigpKHhG4Wf4ZpdxrN6SQQSJESVddpump,3yYnXZW5WDsGVwKXJmVWP5g1sQ1De9kw6BfSD5Md6i534NSKHFFFUsu6UWMMFpjg3fJnMDg6sewcVqS7pC8nmcSf:0:bddb7fd34ee661ee,BUY,1787068308175054,EPjFWdd5AufqSSqeM2qN1xzybapC8G4wEGGkZwyTDt1v,8087060,0,655323395,0,924642867019010,7.08731358208300564200924297266590419832830566916575684699373E-7
5qw3r6sfEvSSigpKHhG4Wf4ZpdxrN6SQQSJESVddpump,4STfKL9JNbYk9dGEQPtJ8rnb1AUuSZinbfLFBWtC2NzSNb65oWWJxgjreGNT96uoLvvGwTDz4HTyNSXqbWvSqZK8:0:bddb7fd34ee661ee,SELL,1787068312663883,EPjFWdd5AufqSSqeM2qN1xzybapC8G4wEGGkZwyTDt1v,14764364,0,519869603,0,945955133561119,5.49571099680924522366473921268152281142001753013249010353389E-7
5qw3r6sfEvSSigpKHhG4Wf4ZpdxrN6SQQSJESVddpump,2uoVkFa1HUjKfTxciXWnR7Wj8Hj2RRy3E2SsFMipvRJvEqcuME1HMBF13B7yQ3Je8x1CxVMQ7MDDdzk481JDeeKK:0:bddb7fd34ee661ee,BUY,1787068312721885,EPjFWdd5AufqSSqeM2qN1xzybapC8G4wEGGkZwyTDt1v,683185,0,520552788,0,944713642922502,5.51016481978235467612855562697807975234199854214130387340968E-7
5qw3r6sfEvSSigpKHhG4Wf4ZpdxrN6SQQSJESVddpump,4KXnJCCim6Cg1RQ3Rd58y4V3SEG4qKtUymQccBaTugQHppKMP3F8rhkBfHFjLoaqxRKoFukb2eF5QMTv73Bu6T3c:0:bddb7fd34ee661ee,BUY,1787068316793257,EPjFWdd5AufqSSqeM2qN1xzybapC8G4wEGGkZwyTDt1v,683154,0,521235942,0,943475462842163,5.52463696755618977347815385133812575837349121958500444184380E-7
5qw3r6sfEvSSigpKHhG4Wf4ZpdxrN6SQQSJESVddpump,4DN4TFxikpQ3ySYzAapx1H7cRBdmkFJ9EKoaRfv5N4HXKxfEc7F86YWTcXdfd1npWiPH3fX2V65LXfHNEvo7H4Kh:0:bddb7fd34ee661ee,BUY,1787068316850257,EPjFWdd5AufqSSqeM2qN1xzybapC8G4wEGGkZwyTDt1v,20428706,0,698151752,0,907892592666341,7.68980557435363154034814154070427641249612900357371448144792E-7
5qw3r6sfEvSSigpKHhG4Wf4ZpdxrN6SQQSJESVddpump,271TwFW2CTR5mqiLWzaymk9m24ZySj6VfNYa7ADSpXo6mFunUyRSgdg3cnXV1S2x7XsrzGbU5mhLDgApzDh6qqP3:0:bddb7fd34ee661ee,BUY,1787068319456976,EPjFWdd5AufqSSqeM2qN1xzybapC8G4wEGGkZwyTDt1v,683136,0,698834888,0,907005096609936,7.70486175449286278421487639011800563700138694015664279715207E-7
5qw3r6sfEvSSigpKHhG4Wf4ZpdxrN6SQQSJESVddpump,neJdCkaHzpdnw3QZGtAZdk1zxzp42FVAWs8CV5ziZetf3cm7G3sqbHdrMDwbWC7eLPTgRdvTyHyn1KpfXnDamhz:0:bddb7fd34ee661ee,SELL,1787068322120025,EPjFWdd5AufqSSqeM2qN1xzybapC8G4wEGGkZwyTDt1v,23770147,0,489232106,0,938942248864655,5.21046003193025954999027951802543116937445636405587474698153E-7
5qw3r6sfEvSSigpKHhG4Wf4ZpdxrN6SQQSJESVddpump,aTD9hPiYes2qmin7fQGF1pYoGRiwETmboammwmdsNtvJkS6vgKgKgcFW5RKYWGudxng7JhG4KNQmM4f1Mtt5AhB:0:bddb7fd34ee661ee,BUY,1787068324643690,EPjFWdd5AufqSSqeM2qN1xzybapC8G4wEGGkZwyTDt1v,683136,0,489915242,0,937632993182246,5.22502136296707805447786956541494714998940693387378545875170E-7
5qw3r6sfEvSSigpKHhG4Wf4ZpdxrN6SQQSJESVddpump,2UNYnRV5ygKhmS88vFipzCo9HSbh1NEe4b41VYEfpVs4oznUNPCetb4rvnvyTnPapkGUGKPyapHN5V7vLLwN4UZz:0:bddb7fd34ee661ee,BUY,1787068326629850,EPjFWdd5AufqSSqeM2qN1xzybapC8G4wEGGkZwyTDt1v,683136,0,490598378,0,936327383655541,5.23960301240621241304038537185779680753710053889380011396401E-7
5qw3r6sfEvSSigpKHhG4Wf4ZpdxrN6SQQSJESVddpump,4iej5R5FNVFMENmukD26EMyFFDkvjMeqRnepqTBnKTGrZudgmAb7rVNCV7X1Xa3VM5yV7epbStZxuYwsF6eFgX31:0:bddb7fd34ee661ee,SELL,1787068329337069,EPjFWdd5AufqSSqeM2qN1xzybapC8G4wEGGkZwyTDt1v,16778091,0,341495532,0,969482964894399,3.52245005189129264167088525815725617638538332592824141536241E-7
5voxpVWgGkVVp5ANQZ5F4xFV82bqjhXsyJmkDZt7pump,5iXX2PtFnMo1dNBW162WgvttLaCd9JVteu6q8syA6pfyFoYLZ7mCe564cjstpoqsYRAs5ouhF7Ao8jdZJH2rWA1E:0:bddb7fd34ee661ee,BUY,1787066038224558,EPjFWdd5AufqSSqeM2qN1xzybapC8G4wEGGkZwyTDt1v,1008099,0,4565150318,0,1008798333045676,0.00000452533491428093071844450025325758444372073181543274006738302
5w2zL6fRKxxfBNu2nYC7EUFyeKreAYH9sWcJY1Bxpump,4i43EpGgshtt5Cnn7exTYpAy4qf71WVi5tsHKZPbY3JkaXADpxkGS55XJUnN1dGCaD2dExWfeargwNgmpKwYZk2C:0:bddb7fd34ee661ee,SELL,1787076732356042,EPjFWdd5AufqSSqeM2qN1xzybapC8G4wEGGkZwyTDt1v,853662,0,499411750,0,1077216053671271,4.63613356204588420450497804098147698644843994153675063363049E-7
5w2zL6fRKxxfBNu2nYC7EUFyeKreAYH9sWcJY1Bxpump,35L8222eWXmaPDb1zcYPVvTZMpu9zJFpKDkazKwtt6XzYAUjMPgr6xN7fz4y1SgQmKLJ7iXfc33Rc3eiaNnKjN3F:0:bddb7fd34ee661ee,SELL,1787076735601612,EPjFWdd5AufqSSqeM2qN1xzybapC8G4wEGGkZwyTDt1v,863689,0,368149932,0,1079082234302673,3.41169486714705014731620620005626181109971927204300044918813E-7
5w2zL6fRKxxfBNu2nYC7EUFyeKreAYH9sWcJY1Bxpump,2z87VBqNzqzvUyVtPW5s8MrjuVkFFnyCCfx6rRsjZvK6fsXJitePcMEh4Wuaxw9TaTtyWWLuXAhgEQZ5TqNSZxag:0:bddb7fd34ee661ee,SELL,1787076738585446,EPjFWdd5AufqSSqeM2qN1xzybapC8G4wEGGkZwyTDt1v,365325,0,312573118,0,1080154102972262,2.89378262916274618138233952862111503162516107088028967824425E-7
5w2zL6fRKxxfBNu2nYC7EUFyeKreAYH9sWcJY1Bxpump,25sMqB1YQKEAnXP8Mq4kNLssFymQq7Km8gc6CrDaG8oJkh2WkhVBHPCkaEQc6VXaHyM1P1LwUJ49ZPRaiJ8V8awp:0:bddb7fd34ee661ee,SELL,1787076739995680,EPjFWdd5AufqSSqeM2qN1xzybapC8G4wEGGkZwyTDt1v,477510,0,312095608,0,1081806754810690,2.88494785794358390652432177625302344822431790877784417542367E-7
5w2zL6fRKxxfBNu2nYC7EUFyeKreAYH9sWcJY1Bxpump,3PkY4dVWPrc5osxWwiLSxARw25GhKWx7E43hTnC5fVHt64toPFycUUfKhjbetD1gkXZ7bvB8YZkwsV4tx5UKWD2J:0:bddb7fd34ee661ee,SELL,1787076742960876,EPjFWdd5AufqSSqeM2qN1xzybapC8G4wEGGkZwyTDt1v,337778,0,244947178,0,1082978855620492,2.26179095490888121431205457614321069264066740333725814209776E-7
5w2zL6fRKxxfBNu2nYC7EUFyeKreAYH9sWcJY1Bxpump,4RrBganULwJ4iXPMbUf36uKco3xMjcGXuJDoYwQ61eYs7PoFgKCJR4iyLPduizGFtCRoSTrLy9kU9Z3K49CZFkZh:0:bddb7fd34ee661ee,SELL,1787076744435627,EPjFWdd5AufqSSqeM2qN1xzybapC8G4wEGGkZwyTDt1v,39359,0,244907819,0,1083152903911626,2.26106414076494899225784802238945486973522039752383876488298E-7
5w2zL6fRKxxfBNu2nYC7EUFyeKreAYH9sWcJY1Bxpump,49aJRvnSe7t4hint7JQWEfsUM5QhNoi6Cgzg5RdBaVwvrfdXAovpDg9ud3ix12ZNCr4piTM2ZPzke65hAFAdokNd:0:bddb7fd34ee661ee,SELL,1787076745688213,EPjFWdd5AufqSSqeM2qN1xzybapC8G4wEGGkZwyTDt1v,67638,0,231012011,0,1083452133307992,2.13218474446743662110819367429464944702512513075816489322240E-7
5w2zL6fRKxxfBNu2nYC7EUFyeKreAYH9sWcJY1Bxpump,2rJFJpeKogD3tEevBnFKuG7aHvJSK3ofR7ZD3Pd72jHyu8Nk2TG4jeDoj2b7M8Wq97WoG4fftuXRuUQ1HLLN8S6:0:bddb7fd34ee661ee,BUY,1787076749877280,EPjFWdd5AufqSSqeM2qN1xzybapC8G4wEGGkZwyTDt1v,269795,0,286376076,0,1082188264033702,2.64626854233822614951784128968242970416755762757943286366606E-7
5w2zL6fRKxxfBNu2nYC7EUFyeKreAYH9sWcJY1Bxpump,4GuZmSfWKapj1qZ9UfujHVTzsqqeCxZ1cz6RdEovv5TGy8HdpfA9ifML2VthYSjYU9mx9pwu53eMKREffby22FV4:0:bddb7fd34ee661ee,BUY,1787076752475772,EPjFWdd5AufqSSqeM2qN1xzybapC8G4wEGGkZwyTDt1v,282345,0,344258385,0,1081122359727306,3.18426847712994383734924593066608600141898615071743498985974E-7
5w2zL6fRKxxfBNu2nYC7EUFyeKreAYH9sWcJY1Bxpump,65ir4WNvG3ySxUXiY1eGoVyEpFb89AxZQxZRRHc4GNT7wEmoQjEXpCuAFLyCkktd5csky1KseqYmmqhi96vpZy4p:0:bddb7fd34ee661ee,BUY,1787076755394306,EPjFWdd5AufqSSqeM2qN1xzybapC8G4wEGGkZwyTDt1v,137536,0,372442697,0,1080690608838865,3.44633971974797270653583479234957591758368737289531444871794E-7
5w2zL6fRKxxfBNu2nYC7EUFyeKreAYH9sWcJY1Bxpump,1b4v2oVi8NfJG6idA1rZyxfAEczYYUZeGDFB4A951DqgXveTGgEdFAetspy5ceB1RBJdZXZyhAhZPRLFnQWzRUv:0:bddb7fd34ee661ee,SELL,1787076759421766,EPjFWdd5AufqSSqeM2qN1xzybapC8G4wEGGkZwyTDt1v,377835,0,294937460,0,1081788062158653,2.72638856276031845815690577999559439331875245145458072851184E-7
5w2zL6fRKxxfBNu2nYC7EUFyeKreAYH9sWcJY1Bxpump,3FAS1DZ6b64mmSFCwGEa51ciSwn6PhBdiyLBBWeDr3JAdDY7F9GZYjiLcZ89riJysNzVo4n5b4Qmr17Y7d68ytCK:0:bddb7fd34ee661ee,SELL,1787076763898605,EPjFWdd5AufqSSqeM2qN1xzybapC8G4wEGGkZwyTDt1v,355567,0,221912088,0,1083093808465984,2.04887227925621960514713769235685279586122821484489682497909E-7
5w2zL6fRKxxfBNu2nYC7EUFyeKreAYH9sWcJY1Bxpump,4MH362rvo9AH66JNR1ZFUPatkUnRdJ6QnkTgPh7UTzJusFAvpf4SP5jvtJP6xGEP5bkK97LnUAEUJbrzL3nPKiku:0:bddb7fd34ee661ee,BUY,1787076772771678,EPjFWdd5AufqSSqeM2qN1xzybapC8G4wEGGkZwyTDt1v,454741,0,315116027,0,1080878877562079,2.91536853519372880584735870135625054730381232958632465679912E-7
5w2zL6fRKxxfBNu2nYC7EUFyeKreAYH9sWcJY1Bxpump,4FH85mrEZ8ydtbvSj2MEHGQ9nghoWHpqBbeGtT42oaqEW2DqGU5ytDi4xHKJtp9164iuxtQpgfhRWnQCc22iHjCr:0:bddb7fd34ee661ee,BUY,1787076793180647,EPjFWdd5AufqSSqeM2qN1xzybapC8G4wEGGkZwyTDt1v,169374,0,349812104,0,1080298220232474,3.23810682502765241431067204075883863623938003607826583801345E-7
5w2zL6fRKxxfBNu2nYC7EUFyeKreAYH9sWcJY1Bxpump,262BZi85NQfvyNWeELtVU9RNUacpZe29du8cLEKAvsEhEUsGXh3zgiZDbXwe7TpuQsR2yPshhG266XCKi8Tp5wLL:0:bddb7fd34ee661ee,BUY,1787076798422776,EPjFWdd5AufqSSqeM2qN1xzybapC8G4wEGGkZwyTDt1v,784446,0,510146798,0,1077881095427143,4.73286710532611108280889640592106271470106775446733465174427E-7
5w2zL6fRKxxfBNu2nYC7EUFyeKreAYH9sWcJY1Bxpump,3S9XJUHwYWkwr1vtVbbYoCWje55ucHRGD8gUfzSCBzSYUtqogKbYzjjS8fERrwbXWpNKPZFBjEEehtgHdenWirj7:0:bddb7fd34ee661ee,BUY,1787076825857260,EPjFWdd5AufqSSqeM2qN1xzybapC8G4wEGGkZwyTDt1v,150273,0,540852103,0,1077563679484434,5.01921244467680581369654373108072115539228557072467318363610E-7
5w2zL6fRKxxfBNu2nYC7EUFyeKreAYH9sWcJY1Bxpump,2WRWeugtxUAxibBU2MmURQgEz4HMT9EEnLThMKdYCsJbhYsLBoBed5y2LtepXzfDhronqF9cdveHK16GTT8dc31i:0:bddb7fd34ee661ee,BUY,1787076838643374,EPjFWdd5AufqSSqeM2qN1xzybapC8G4wEGGkZwyTDt1v,607429,0,664829430,0,1076354829349600,6.17667531070335757408313368759972039184778698197303639458306E-7
5w2zL6fRKxxfBNu2nYC7EUFyeKreAYH9sWcJY1Bxpump,2uupTk7bKerqEd8vuPpuq9XgJ7DoVv4yCb4BqkXaprbhPN7SxKGWiUSkyJPszrXCRJfxM51z5mgNDmYAh2jTt9u5:0:bddb7fd34ee661ee,BUY,1787076858064404,EPjFWdd5AufqSSqeM2qN1xzybapC8G4wEGGkZwyTDt1v,765007,0,820789274,0,1075117711168974,7.63441310168313530885195685732875945710258157908399332494659E-7
5w2zL6fRKxxfBNu2nYC7EUFyeKreAYH9sWcJY1Bxpump,ATxTFHa44tXGv5RZ8n7BeJV3A2PVYTgS5MmJg5XLh4FJDrP3XYwiAYYuAminArqA1AFBB7TfUs8bkZWLZsfrATJ:0:bddb7fd34ee661ee,SELL,1787076865125926,EPjFWdd5AufqSSqeM2qN1xzybapC8G4wEGGkZwyTDt1v,952359,0,626411153,0,1076366617001248,5.81968209628405545091690399275663870186438503685038872538167E-7
5w2zL6fRKxxfBNu2nYC7EUFyeKreAYH9sWcJY1Bxpump,DZHFMbDuztL5dy8FE1FiriC51usGUPzUzp1pnCTPTYebAfrqqVfi9bqJFrh2k7Z2MCvxkeoNoUm6YxruhKNTw94:0:bddb7fd34ee661ee,SELL,1787076873762195,EPjFWdd5AufqSSqeM2qN1xzybapC8G4wEGGkZwyTDt1v,551588,0,513731719,0,1077315251519366,4.76862940792373134140684633094356133688779118815791779946794E-7
5w2zL6fRKxxfBNu2nYC7EUFyeKreAYH9sWcJY1Bxpump,QRanuit6aji2x4vou7RNTvHPvoQumnS8UmahN5zU6qM6aFNC7qde9QU4DzysP9q4FncVApv91ksWbqXCLD8nD1W:0:bddb7fd34ee661ee,BUY,1787076879815393,EPjFWdd5AufqSSqeM2qN1xzybapC8G4wEGGkZwyTDt1v,1512358,0,515244077,0,1074153089472807,4.79674714944851252064937006446511581733247893285580137003474E-7
5w2zL6fRKxxfBNu2nYC7EUFyeKreAYH9sWcJY1Bxpump,4UbSMuLUwj7S4akTkznJA69twQkue6oZ2vhKom73VrVDVLvkgcmosBq29oKkSVkmyNLZAvLy5fMsSAaKkPYPofbE:0:bddb7fd34ee661ee,SELL,1787076885092205,EPjFWdd5AufqSSqeM2qN1xzybapC8G4wEGGkZwyTDt1v,230057,0,485936123,0,1074632916239343,4.52188012908188236090206921420469131439168253314469620012044E-7
5w2zL6fRKxxfBNu2nYC7EUFyeKreAYH9sWcJY1Bxpump,ni6pMEVYWKWALRbaVbsr6ibAW49qVNPGgn3z6G9AiC4TDvcLF6hXNdTKbZDmtBdMUciZZ9S57Y36ffhTZaaozYQ:0:bddb7fd34ee661ee,BUY,1787076888885594,EPjFWdd5AufqSSqeM2qN1xzybapC8G4wEGGkZwyTDt1v,423153,0,539797298,0,1073697940461467,5.02745956435381939655797050754198431618125589731948669365210E-7
5w2zL6fRKxxfBNu2nYC7EUFyeKreAYH9sWcJY1Bxpump,2zPWSrtPjjRyq5kBpDpagkgDdRPpWwMPAJJ4bqZJVvGC4ZQk71zi1V8Fe9UmDnJrC5Rs3dUAAdEfemFUQbhaEG98:0:bddb7fd34ee661ee,SELL,1787076899097203,EPjFWdd5AufqSSqeM2qN1xzybapC8G4wEGGkZwyTDt1v,1365096,0,365604690,0,1076420106473655,3.39648700169414798093018743565954171257618609562624295209528E-7
5w2zL6fRKxxfBNu2nYC7EUFyeKreAYH9sWcJY1Bxpump,4VotQUsU6CP8ypv95nYLRtevAAWcByxNtMv91KioUvegfwcpJq6AGa89J3eozTQpE4yu9FWGzdwA18dPXkqURs8v:0:bddb7fd34ee661ee,SELL,1787076911242051,EPjFWdd5AufqSSqeM2qN1xzybapC8G4wEGGkZwyTDt1v,119403,0,350363075,0,1076771772795985,3.25382856285538034274876967881464909651134645356715006191428E-7
5w2zL6fRKxxfBNu2nYC7EUFyeKreAYH9sWcJY1Bxpump,m7c2D9cU6V8U8fqFe7uToC9ec1FkjRPAURKSxeHWT6RwN1cH6xTFXBYt4BZatrkLKCACgLmEC5Kw3ko4m9pDFbG:0:bddb7fd34ee661ee,BUY,1787076923184624,EPjFWdd5AufqSSqeM2qN1xzybapC8G4wEGGkZwyTDt1v,902319,0,465249495,0,1074005796853427,4.33190860201189476403048637478466094295328287542892241102144E-7
5w2zL6fRKxxfBNu2nYC7EUFyeKreAYH9sWcJY1Bxpump,5D9wLsbfYamoKwYNJy7D1CpQUN61ZV6nFXZobX9xSyn1nW1xeNJ4WEpWRjWAJL3eMUKD587yybxvjKufT8HYtnTe:0:bddb7fd34ee661ee,SELL,1787076934641284,EPjFWdd5AufqSSqeM2qN1xzybapC8G4wEGGkZwyTDt1v,486593,0,403231644,0,1075130251442185,3.75053760657467401913591748507910259411005729334970067337466E-7
5w2zL6fRKxxfBNu2nYC7EUFyeKreAYH9sWcJY1Bxpump,4AsAWUcrTRqbFLU2iAjYtCxfotfTihtwpQxmbyCRVnqLJJwZthsmis2ijJBfNbyAZQY1gjwLNi2eiDGBuqSc2XDa:0:bddb7fd34ee661ee,SELL,1787076946056947,EPjFWdd5AufqSSqeM2qN1xzybapC8G4wEGGkZwyTDt1v,523005,0,336486536,0,1076526545236821,3.12566873050006955989575066795582679390783916325997481234205E-7
5w2zL6fRKxxfBNu2nYC7EUFyeKreAYH9sWcJY1Bxpump,551aFPeYvFur44W4Yo7UgSxUD3BErLX5dFr52P56gx1PjMkZLi5EhsZ6kBokuXCuSS7jz5WxkVuqfPngVSerCXCc:0:bddb7fd34ee661ee,SELL,1787076966986683,EPjFWdd5AufqSSqeM2qN1xzybapC8G4wEGGkZwyTDt1v,507298,0,271648294,0,1078152005324023,2.51957323882507672972901642269172880837907263022952663259680E-7
5w2zL6fRKxxfBNu2nYC7EUFyeKreAYH9sWcJY1Bxpump,3A5e3C3MyYK9jdRiwUHXmPBKPuUZScWZamzHy9Rqtm8c1Wg9V63CJyGfjpTyntcbX8pY1vpC9AFaLxiMmqaQuXow:0:bddb7fd34ee661ee,SELL,1787076990873577,EPjFWdd5AufqSSqeM2qN1xzybapC8G4wEGGkZwyTDt1v,100808,0,258759033,0,1078552257329688,2.39913301596200232533890045659945115321810517355194718353086E-7
5w2zL6fRKxxfBNu2nYC7EUFyeKreAYH9sWcJY1Bxpump,PsZ639y6XZyfqZQJxYz9hU3FPubxNA7LNUoVySNYK1VtcBBaEdykRQ98toPMzVvQwDrsrNTSnRqUVxHFfNy265g:0:bddb7fd34ee661ee,SELL,1787077028941714,EPjFWdd5AufqSSqeM2qN1xzybapC8G4wEGGkZwyTDt1v,397619,0,207841883,0,1080212156706997,1.92408390990156423304620152036970287872152141736546105160371E-7
5wDNrUhJhDcFZJrAEbdjMQtafhxHJDkAwgCj3UU2pump,Teb8ugdAfLSSVAhX1S1kzkKTDM2Ppv4nhehMvohioKZ9JyZkKxDYQyjHnBET6MTrgKYifukFgvExUb8tDHhGVbD:1:bddb7fd34ee661ee,BUY,1787074425684396,EPjFWdd5AufqSSqeM2qN1xzybapC8G4wEGGkZwyTDt1v,580740739,0,4872740739,0,945118208966135,0.00000515569448643920645674837879105743041266403098252534822257691
5wDNrUhJhDcFZJrAEbdjMQtafhxHJDkAwgCj3UU2pump,5cEx3QWNUk9jian4NJhFTaKdAcEWRXBYKUyxv4Utuh6DmGwiau5jL8d39JZDbW2LWKR34K8yJmDm3QZitz2qhRvA:0:bddb7fd34ee661ee,SELL,1787074436094379,EPjFWdd5AufqSSqeM2qN1xzybapC8G4wEGGkZwyTDt1v,116322369,0,3980670978,0,968231901132833,0.00000411127847919760551844567292992787471448835336200141226070310
5wDNrUhJhDcFZJrAEbdjMQtafhxHJDkAwgCj3UU2pump,yyjxp4UwVnM8JfSohiqG3qxDwqT45DrJeisfArfPUJUoe1ZzZyALM9mKzb31CiGE82xB7FxvioEppiMx771skBk:0:bddb7fd34ee661ee,BUY,1787074450194569,EPjFWdd5AufqSSqeM2qN1xzybapC8G4wEGGkZwyTDt1v,31580449,0,4221798165,0,960610943490914,0.00000439490950379739469182041764670972678205597038104298938468439
5wDNrUhJhDcFZJrAEbdjMQtafhxHJDkAwgCj3UU2pump,2epMFwKEBGuVbFXXv3UNwofubrRRySWvj4ukJrczZqikwzvjmwgbZ43YUmyPrzHS4M3R1na38cXgo7j3Uu9A6vWb:0:bddb7fd34ee661ee,SELL,1787074455902272,EPjFWdd5AufqSSqeM2qN1xzybapC8G4wEGGkZwyTDt1v,161695613,0,2945501329,0,998867754586640,0.00000294884013972293315260324090445794364466869348982063310368073
5wDNrUhJhDcFZJrAEbdjMQtafhxHJDkAwgCj3UU2pump,gbQyy9W9yzpyyu34D5sbbw77RbSABshdnP7GZCbS9n9vUsL3ThQETCxrMzGdTyJrwVFbaCJXk4doZD5Tnj9Eyvb:0:bddb7fd34ee661ee,BUY,1787074458668841,EPjFWdd5AufqSSqeM2qN1xzybapC8G4wEGGkZwyTDt1v,7585146,0,2953086475,0,996302114595712,0.00000296404718181124076710416589575443089535423435071295888715547
5wDNrUhJhDcFZJrAEbdjMQtafhxHJDkAwgCj3UU2pump,4hvzBUAPRyMiaDp8Vc1tFCcuNwXRARAXRo8gj9SwaX4hCAw8wE6newKtedMTLvEjnVUoo4cJZSmV5mZZAE1kGU7J:0:bddb7fd34ee661ee,SELL,1787074475094094,EPjFWdd5AufqSSqeM2qN1xzybapC8G4wEGGkZwyTDt1v,8102752,0,2890112463,0,999043314788989,0.00000289288003855010982162920255722025391942250571967569029218166
5wDNrUhJhDcFZJrAEbdjMQtafhxHJDkAwgCj3UU2pump,2VhRSv1YQPpNTq9STojDFRJgCEv41HR6jLidnAUsDMpBujoQaG8EH6U3sJ6XrMer7Wn7d7XediCBNmHdL2aq6V53:0:bddb7fd34ee661ee,SELL,1787074485786672,EPjFWdd5AufqSSqeM2qN1xzybapC8G4wEGGkZwyTDt1v,50167974,0,2494099187,0,1016691540045514,0.00000245315229719364757018193376969649955620367758661486041117526
5wDNrUhJhDcFZJrAEbdjMQtafhxHJDkAwgCj3UU2pump,2yRxdV6f8gD9BEGt8E6Tc3mRBAn9LNmd2obAYvAsWqrL7yAzjZvLrdw9XXmawVd5hEyE3JqLuJbsmwuhSBm4KgTh:0:bddb7fd34ee661ee,BUY,1787074495035471,EPjFWdd5AufqSSqeM2qN1xzybapC8G4wEGGkZwyTDt1v,25695756,0,2695480789,0,1006323768726325,0.00000267854230692731462834833709558661051027471619961252545544212
5wDNrUhJhDcFZJrAEbdjMQtafhxHJDkAwgCj3UU2pump,3CsK5AfBXhPwbHuq3QcqYgZPSADrAdH76vpDsCU6f8kp36531ZAhEv5jG5Kpk7TcXuK7Qp6RGbVsPbT3SVUbLXUw:0:bddb7fd34ee661ee,BUY,1787074505485204,EPjFWdd5AufqSSqeM2qN1xzybapC8G4wEGGkZwyTDt1v,105599588,0,3495048883,0,968385772999862,0.00000360914934982269515705728519819102495773381251589718188283131
5wDNrUhJhDcFZJrAEbdjMQtafhxHJDkAwgCj3UU2pump,4Awtatx7BE5ohW8gHz76RGXh5UeHGcUeq45VNeuPWuoUFkGmGs9NbCWMJT48qz4mVFAx4g4qA2shyazwDQSsSPGh:0:bddb7fd34ee661ee,SELL,1787074513586715,EPjFWdd5AufqSSqeM2qN1xzybapC8G4wEGGkZwyTDt1v,172354846,0,2136608811,0,1018617897876245,0.00000209755671430346605904486614679246231936551067192526276737787
5wDNrUhJhDcFZJrAEbdjMQtafhxHJDkAwgCj3UU2pump,2AhtLNeZpZTvh1Q71iJs6MkUDvjjix7BZMP1gWxDxRqvCzYams3PMt6G83tvcDzf8a7V1GWvSN7NchBGLqTgUs85:0:bddb7fd34ee661ee,SELL,1787074541738386,EPjFWdd5AufqSSqeM2qN1xzybapC8G4wEGGkZwyTDt1v,45140065,0,1772257510,0,1040602677351835,0.00000170310681355357248831426831277885460232527509727988796645055
5wDNrUhJhDcFZJrAEbdjMQtafhxHJDkAwgCj3UU2pump,4Qq22NHsbHpY4oBW3R3pbeme4xNPHLnneMzh73zHWiU6dEUfrnXeQRgcmYLEuKzvY1KuxuCXDjZeQ6tYcqKQjxRM:0:bddb7fd34ee661ee,BUY,1787074544533554,EPjFWdd5AufqSSqeM2qN1xzybapC8G4wEGGkZwyTDt1v,92847864,0,1865105374,0,988799848268782,0.00000188623145246783547011911580175570963131104451168661064970132
5wDNrUhJhDcFZJrAEbdjMQtafhxHJDkAwgCj3UU2pump,4UfqDoTH8UHGJdB8si9Lqmf6XY91BAVyyWWZHdckpLxdJrRPpHQ9c3ZpNMNDNGPNsuCFmqfrarEt5srS7NpTVv9Z:0:bddb7fd34ee661ee,BUY,1787074561916492,EPjFWdd5AufqSSqeM2qN1xzybapC8G4wEGGkZwyTDt1v,48184143,0,2128468563,0,963897985344207,0.00000220818862095652790408770944750722950645226118329585110075864
5wDNrUhJhDcFZJrAEbdjMQtafhxHJDkAwgCj3UU2pump,3xLojEVGYhhFwuq8pjYL2GAduZdvUfQsQPBjEgqFJwBLz3wvxJ2GvRthtKctxzZWSnSFxE4KNwDsNJMp1HSC3se1:0:bddb7fd34ee661ee,BUY,1787074570934467,EPjFWdd5AufqSSqeM2qN1xzybapC8G4wEGGkZwyTDt1v,87320117,0,2588872491,0,925912555769614,0.00000279602266420087781757501454260421250882401264580964271686310
5wDNrUhJhDcFZJrAEbdjMQtafhxHJDkAwgCj3UU2pump,2PM5yNQH9pwkzTh6j3WMLhPgcJ2v1irYJtzKtf2kM5ZhmXnwcjZdXHJr9i9WqpubAErjG6y5Phq9DX2qkr3k4gdv:0:bddb7fd34ee661ee,BUY,1787074573590463,EPjFWdd5AufqSSqeM2qN1xzybapC8G4wEGGkZwyTDt1v,26545491,0,2615417982,0,916514898237009,0.00000285365572019720503377107202478988180121931297201326219120129
5wDNrUhJhDcFZJrAEbdjMQtafhxHJDkAwgCj3UU2pump,2VErnBmL15keTcwyExrnQHRx1pXYtCMH4CGxdUsaPLBDu5oDDsQYwgBDtZHXFu3fYoxT6mudKc43woVsS97rkFv7:0:bddb7fd34ee661ee,SELL,1787074578911470,EPjFWdd5AufqSSqeM2qN1xzybapC8G4wEGGkZwyTDt1v,111043496,0,2045698149,0,957152997675574,0.00000213727393004873316191607468045331708220878168080780143529128
5wDNrUhJhDcFZJrAEbdjMQtafhxHJDkAwgCj3UU2pump,551gs8oBSLUePmkKiqpBq56PcJfRs3n3TZgrRCrYR3PTTCm3TBrmAT9oYZtrBmG7ecV41qqF7FdJ9Y3K72wtgqqW:0:bddb7fd34ee661ee,SELL,1787074587287309,EPjFWdd5AufqSSqeM2qN1xzybapC8G4wEGGkZwyTDt1v,54125766,0,1760225655,0,983165931277070,0.00000179036477872415580148789569080557241252544994021113368407159
5wDNrUhJhDcFZJrAEbdjMQtafhxHJDkAwgCj3UU2pump,rVDhvryjXDRXwTWu4NffFCvu7CLCyri9BRbW7ydncFGYVfMBGbmVLGYGTkzA6w2fmuirHVU7MoF1U4K2MoydUNL:0:bddb7fd34ee661ee,BUY,1787074595602359,EPjFWdd5AufqSSqeM2qN1xzybapC8G4wEGGkZwyTDt1v,108799775,0,2308933180,0,925933841015671,0.00000249362651814010368245545788966605068645616476576380519389151
5wDNrUhJhDcFZJrAEbdjMQtafhxHJDkAwgCj3UU2pump,4T1An6DNJCSANi2abMAhEskA1DBvjRx72hoo6smKDcYdizFKZ4xwLPMuuguT572ZA44cugvFZZLjJp9vAMVFNoFz:0:bddb7fd34ee661ee,BUY,1787074612579964,EPjFWdd5AufqSSqeM2qN1xzybapC8G4wEGGkZwyTDt1v,31715289,0,2465881920,0,913387634376091,0.00000269971020757728288701799098556497071236666709658487428676782
5wDNrUhJhDcFZJrAEbdjMQtafhxHJDkAwgCj3UU2pump,5F5eqkATjk7R9nUa4qDbKimfr3NgUW7uSG3D2PrsXTJUKTvBzuG8jLN4daHXtb6LUw3iK6r8xQW4DQ3MKCpxVGzC:0:bddb7fd34ee661ee,BUY,1787074620430854,EPjFWdd5AufqSSqeM2qN1xzybapC8G4wEGGkZwyTDt1v,62737938,0,2769637522,0,890725447098650,0.00000310941775720173843675092455645821612246517189658645824272914
5wDNrUhJhDcFZJrAEbdjMQtafhxHJDkAwgCj3UU2pump,rtgj7VaXexxanUt9DpJTgY1G7YPEZCphJB4TpM52BQv4frUuR19Pz2DhhD1gbsqg9Y9kqtHi7Rq8hoaYtyvK4QA:0:bddb7fd34ee661ee,BUY,1787074633832167,EPjFWdd5AufqSSqeM2qN1xzybapC8G4wEGGkZwyTDt1v,46146584,0,2989392075,0,876127759521009,0.00000341205040305347867827973948181700200223653181135737396205079
5wDNrUhJhDcFZJrAEbdjMQtafhxHJDkAwgCj3UU2pump,3VAqtcnzgvQTNCEpB9aTdRCRu7UKmnJqtrQErTLhoeiiuFiJxzSagi47qnegaSBBCwKCywSSW55gNoazCUtoekhY:0:bddb7fd34ee661ee,BUY,1787074644627524,EPjFWdd5AufqSSqeM2qN1xzybapC8G4wEGGkZwyTDt1v,153505810,0,3690579521,0,833335818354026,0.00000442868221875965416480081583947016468169586762967860187012315
5wDNrUhJhDcFZJrAEbdjMQtafhxHJDkAwgCj3UU2pump,5QKaMQ3xythUZLGXhJyePuLqmSXtFe7DcNMPZ7EmbWvepMsYhdQSURSiGNuVdMvd8ojCd6drGmqnkQBoTvsyHd7b:0:bddb7fd34ee661ee,SELL,1787074650110085,EPjFWdd5AufqSSqeM2qN1xzybapC8G4wEGGkZwyTDt1v,209154702,0,2697590639,0,883400408198372,0.00000305364432024831311703865732236203299291253982659463934673524
5wDNrUhJhDcFZJrAEbdjMQtafhxHJDkAwgCj3UU2pump,5R8uYDhuqLrRwxtg2VdNhiK91CFvZUz5kyWgq53X7japNqiPgDViszPewqNLio9vQqHG9au9wkbioKCVe5xWoJD5:0:bddb7fd34ee661ee,SELL,1787074652771346,EPjFWdd5AufqSSqeM2qN1xzybapC8G4wEGGkZwyTDt1v,28395035,0,2669195604,0,892798065730977,0.00000298969689390467074274432426607127792213574687609899575191147
5wDNrUhJhDcFZJrAEbdjMQtafhxHJDkAwgCj3UU2pump,5dcppjSqXQ1YdBUk7451zofUoXxcVUfMNdwNTnfFCRMLhwhBbgktdLVshDo5bfGxGpaaP3rcaFxwHQ1epAGTYaDE:0:bddb7fd34ee661ee,BUY,1787074654524168,EPjFWdd5AufqSSqeM2qN1xzybapC8G4wEGGkZwyTDt1v,6826151,0,2676021755,0,890520665142855,0.00000300500803602431795000933084382878082038089426695616024754909
5wDNrUhJhDcFZJrAEbdjMQtafhxHJDkAwgCj3UU2pump,2iAUEHbxg5zhPXKXXPhoA1bzoBLqs61zzkCMXVkDndKQYt2bMGDXdxqcSEowDqXXbheNUEuPWwtrNFor4JYL9CXf:0:bddb7fd34ee661ee,SELL,1787074657962731,EPjFWdd5AufqSSqeM2qN1xzybapC8G4wEGGkZwyTDt1v,63341360,0,2353328598,0,912110290516977,0.00000258009214726231375153630908349034582094717020298520564872842
5wDNrUhJhDcFZJrAEbdjMQtafhxHJDkAwgCj3UU2pump,4CVE13mTHDZcuSx4dGma9eFKFWMAPq9N26cngAE4CHu73pyzXp7F22xvmjAEH4eZ7Wpy5ipn6z92pGZrHqvzzhbN:0:bddb7fd34ee661ee,BUY,1787074666012344,EPjFWdd5AufqSSqeM2qN1xzybapC8G4wEGGkZwyTDt1v,74207937,0,2723294956,0,884227775877199,0.00000307985683134456239785204803045977753834832162237653145556633
5wDNrUhJhDcFZJrAEbdjMQtafhxHJDkAwgCj3UU2pump,qMKiXd2MzqJyYqeCGncaCj1PnwwE3gJntH5BtGj3Z6tEjR6tNUc86GD8TWvFAHcVQ1oF1FzpcZTznKaxMf4Sv6a:0:bddb7fd34ee661ee,SELL,1787074674019651,EPjFWdd5AufqSSqeM2qN1xzybapC8G4wEGGkZwyTDt1v,135463120,0,2022676025,0,930513725595880,0.00000217371970919045165044459034769538461521916209831639580475315
5wDNrUhJhDcFZJrAEbdjMQtafhxHJDkAwgCj3UU2pump,8M5ddgLdXSTJyAZasXsbuorWdYiSDoFmxgS2ou1uBundq6SPRznXjMAc26vQHA4QjwQRwVJR3a8a8WbT6fJxDHA:0:bddb7fd34ee661ee,SELL,1787074684594971,EPjFWdd5AufqSSqeM2qN1xzybapC8G4wEGGkZwyTDt1v,47063273,0,1772844604,0,952680530505553,0.00000186090147455749481605657966292031598637965813381092682924619
5wDNrUhJhDcFZJrAEbdjMQtafhxHJDkAwgCj3UU2pump,39Gmy3iNuyBHEjxPfYu7F8MZ5iAxR1jV3i19ra1yS93QRbrRGHw3aNeNYLJ7enXkzLJKr2FX9bDYPJmVKzvugtrF:0:bddb7fd34ee661ee,BUY,1787074692653356,EPjFWdd5AufqSSqeM2qN1xzybapC8G4wEGGkZwyTDt1v,80719754,0,2187479377,0,911192821847855,0.00000240067670041989307570004610067306205577956476316116313841107
5wDNrUhJhDcFZJrAEbdjMQtafhxHJDkAwgCj3UU2pump,51Fg7k9HHiQb6voFctpXeiNQcBxrJ85zQKkXeA29iEZ4249WzC2DoN1d7vuPwL3mwbXp5maHKxpVFdELczhF19i1:0:bddb7fd34ee661ee,SELL,1787074704627614,EPjFWdd5AufqSSqeM2qN1xzybapC8G4wEGGkZwyTDt1v,114568716,0,1576445531,0,961553985284931,0.00000163947688338358060274757531713472189220190955428573020659658
5wDNrUhJhDcFZJrAEbdjMQtafhxHJDkAwgCj3UU2pump,21Md7AqkienZjZNNhotvK8xrGxLAjoRqD4hzL2xcUbFN3EZJKRqjN6Poquer7VsNwREwX11Axy9kamSx6Sbr7sTT:0:bddb7fd34ee661ee,SELL,1787074720981138,EPjFWdd5AufqSSqeM2qN1xzybapC8G4wEGGkZwyTDt1v,47032741,0,1317466973,0,991123844275418,0.00000132926574273183996536792237683093976177005003291275510877048
5xGUPDnrHYQex67yXNJS4aXdaH4121a6Hd8AfxbBpump,52KNXCmgq24HVxnAVAA93dufZyrdCNz1WA4J9StTuu2pMManzT5Kpowj6zwTEukp5EDBoNVRzd1dLAatkPUwP31A:0:bddb7fd34ee661ee,BUY,1787067954490744,EPjFWdd5AufqSSqeM2qN1xzybapC8G4wEGGkZwyTDt1v,4915258,0,1205231499,0,1068449135652871,0.00000112801953671247883695182852971323034107523854562516720599821
5yyya7ErjAXojujC34a58NY8JC1TMSivKSz1Tj4dpump,niTkuXy2EGPisZ4izi5fHAFCupWduMz8vKEuyfu2dR99asX3sdT2juH8q9WeJKxUSR7T4nYwTeSmvoKqjgdqFVH:0:bddb7fd34ee661ee,BUY,1787069520236644,EPjFWdd5AufqSSqeM2qN1xzybapC8G4wEGGkZwyTDt1v,1599238,0,7402659009,0,1066792571071546,0.00000693917375292964040960957905588383878693858552390471414344590
5yyya7ErjAXojujC34a58NY8JC1TMSivKSz1Tj4dpump,5Sh7ieg9bVCKa3s4mtWayf6BwFTb9ChFTqFSHfYQSs23JDgfniV144aqm4BHwieLhnj91RCN7Tg1kpZf29uRU1Z9:0:bddb7fd34ee661ee,SELL,1787069525867700,EPjFWdd5AufqSSqeM2qN1xzybapC8G4wEGGkZwyTDt1v,1722456,0,5631773245,0,1067040851045124,0.00000527793592858596040683215334799033473210978699029047574097998
5yyya7ErjAXojujC34a58NY8JC1TMSivKSz1Tj4dpump,4YJeCN1KAYUSUDwoqfZFLffDgaf5mSjJUxzFDwi1ApA7882QzhPfHs47jPjKyh8sT2eyBz2NiTWNPYmaT2cHurDd:0:bddb7fd34ee661ee,SELL,1787069530849413,EPjFWdd5AufqSSqeM2qN1xzybapC8G4wEGGkZwyTDt1v,426849,0,5192889333,0,1067121731593987,0.00000486625769043541874346042806509782407841972695159339946681668
5yyya7ErjAXojujC34a58NY8JC1TMSivKSz1Tj4dpump,5XmjsnWsitb3G35o7ZKdtgwqvYKVczw9DqzwrasjKq58PQrzvZh1fH8kYnmgikRj8DqteCW3wB7wVRiYmLYsRPkx:0:bddb7fd34ee661ee,BUY,1787069536045232,EPjFWdd5AufqSSqeM2qN1xzybapC8G4wEGGkZwyTDt1v,636753,0,5847515298,0,1066990896983223,0.00000548037974319470162354307087320744227496422704630354014834283
5yyya7ErjAXojujC34a58NY8JC1TMSivKSz1Tj4dpump,2wuteN2q9y8U5yNTmUPCwGT4uRVr5BPAbgTRHEy4LGkeqX1TikNWfv3SAC1mq97dzkxF8j67kDFgCA3x3tBTqr9w:0:bddb7fd34ee661ee,BUY,1787069538653912,EPjFWdd5AufqSSqeM2qN1xzybapC8G4wEGGkZwyTDt1v,3799017,0,5851314315,0,1066298143992704,0.00000548750304777801134598672655176291778007789747041278573204019
5yyya7ErjAXojujC34a58NY8JC1TMSivKSz1Tj4dpump,38afyULJndKjNhmomzstfF1mixkuYMpNrwocUfZDYTqykZ7vUkZ3iTmwhkfJ2MyyN1nPUegxkKasAEGTHVEc6SG2:0:bddb7fd34ee661ee,BUY,1787069541285914,EPjFWdd5AufqSSqeM2qN1xzybapC8G4wEGGkZwyTDt1v,3798528,0,5855112843,0,1065606378966256,0.00000549463006094242872093058417657903456718560328966941272168061
5yyya7ErjAXojujC34a58NY8JC1TMSivKSz1Tj4dpump,7UPzM1fb8KrTHV7vULUn5tTmKQZepf9Ts87WfDWC9Rz7TdhvT5r1FTJL41Z7fVpYvX4R8oCkzr8hcMPicNBjhkV:0:bddb7fd34ee661ee,BUY,1787069546584276,EPjFWdd5AufqSSqeM2qN1xzybapC8G4wEGGkZwyTDt1v,2564346,0,6982684858,0,1065139882884737,0.00000655565054900457985125500636933262389081752769887342646351291
5yyya7ErjAXojujC34a58NY8JC1TMSivKSz1Tj4dpump,5PUEVGJxM3MczPwRE3XXpKjFno2qU3b9E9EUYFo3NdPEJFbfRWeiZQBgJXF4nNiT9ptJ5Dn3dj9EcBfAaBCMVZE:0:bddb7fd34ee661ee,SELL,1787069549462860,EPjFWdd5AufqSSqeM2qN1xzybapC8G4wEGGkZwyTDt1v,6394731,0,4168282536,0,1066116230480742,0.00000390978245788491875940345489887801847365515075493980193488728
5yyya7ErjAXojujC34a58NY8JC1TMSivKSz1Tj4dpump,3WTojjapJmCdaaFQVxMh3NtHtYqFR2FagYWobMs6dTgn5A1d9AiVtL3cPo9xwRyLMq2RZoYiqbdGiAhk2Hn6g3fV:0:bddb7fd34ee661ee,BUY,1787069554562570,EPjFWdd5AufqSSqeM2qN1xzybapC8G4wEGGkZwyTDt1v,1255838,0,4720827839,0,1065795123165121,0.00000442939523402999642883685156408248101252302001078980956530271
6Zx8x6VnkPTnzu4omumc9ff9J9SpjAXmfEoXuaZhpump,5uvjpcdDq7QsdoAr7QYCq5X1m27JjjT5DCGmgFQqJ2ZeeS3gty7KcPsDjTdCZBbPaTzbKfMekwRuq8RcodeK742p:0:bddb7fd34ee661ee,BUY,1787066965679947,EPjFWdd5AufqSSqeM2qN1xzybapC8G4wEGGkZwyTDt1v,13595820,0,2867816933,0,1043571452025640,0.00000274807913481475655677801125004731519960052226331143697208832
6Zx8x6VnkPTnzu4omumc9ff9J9SpjAXmfEoXuaZhpump,pQ2BgkfcDLUzP1UKWvtN7ryujRSyQ8QBBZ1di27dGr5mH1H66zr6W1Eax5RkEsacm95G584ZnkeJoVwrraxTpxN:0:bddb7fd34ee661ee,BUY,1787066970588931,EPjFWdd5AufqSSqeM2qN1xzybapC8G4wEGGkZwyTDt1v,9168165,0,3373717278,0,1040245875098561,0.00000324319217096664549276617554824475797300272727293715843598230
6Zx8x6VnkPTnzu4omumc9ff9J9SpjAXmfEoXuaZhpump,5DorMtoTcuPCVA2GUMF4qDFtYmU81KMvZgwaGoYMiP5hBf6G7h5mAnnpM7H1d3VhM5AkT3acEwYwBhUCRbjCphjS:0:bddb7fd34ee661ee,BUY,1787066977691031,EPjFWdd5AufqSSqeM2qN1xzybapC8G4wEGGkZwyTDt1v,7383111,0,3780222003,0,1037974351073977,0.00000364192236454461436806551982216910968748532763373542928484093
6Zx8x6VnkPTnzu4omumc9ff9J9SpjAXmfEoXuaZhpump,pKA9WYxACx142T3SGtBG1nCvS1tJKD2UEwDiWaRQrDxAkT8v39CF6nxXqiHvHa1AvN1wmfrDHquYJv9Zz2mvotR:0:bddb7fd34ee661ee,SELL,1787066982637753,EPjFWdd5AufqSSqeM2qN1xzybapC8G4wEGGkZwyTDt1v,11973660,0,3118936033,0,1041272528868665,0.00000299531193470426155163110443575667509141605609680991375455227
6Zx8x6VnkPTnzu4omumc9ff9J9SpjAXmfEoXuaZhpump,72aeVYfD2TCukBMXCcpdiCbF9B7ryaVJS8Ev9Ha35nQdG6xYz1hmLZSo8dJeVM4eTZ5qhXUu2Gss6YgV8b5sZ38:0:bddb7fd34ee661ee,BUY,1787066989834572,EPjFWdd5AufqSSqeM2qN1xzybapC8G4wEGGkZwyTDt1v,4410945,0,3362221120,0,1039801992329753,0.00000323352055949296247832685162223105810035266974006182332376739
6Zx8x6VnkPTnzu4omumc9ff9J9SpjAXmfEoXuaZhpump,4LwYXizP7hjrzDqAvrDcmkYZtSWGRV1SP9J22PS2Z4SG4PDqwsKqkQQLszj6PswxyPsc3PX8MTAf6tXQ6czXub77:0:bddb7fd34ee661ee,BUY,1787066994751837,EPjFWdd5AufqSSqeM2qN1xzybapC8G4wEGGkZwyTDt1v,21040950,0,4515616930,0,1033335327531744,0.00000436994343432169216688364136457383016213869677782120461712836
6Zx8x6VnkPTnzu4omumc9ff9J9SpjAXmfEoXuaZhpump,7SX6yTs7D5eZEgLjiwZaUUvmKbPb5JpFdjdBT5SbkMKR8ZJ2nh16MDUg3au3RaGGxxjNcB4UKdg8vWYx56YaxGu:0:bddb7fd34ee661ee,BUY,1787066999345521,EPjFWdd5AufqSSqeM2qN1xzybapC8G4wEGGkZwyTDt1v,36914674,0,6522829766,0,1024956421009711,0.00000636400692975238127583296990285442197280832558267573246440166
6z3yt4Z6maTYKY6uaKcyjXbwXPAVTdcLrfGreym7pump,36M4tDGp5JbC95h4FxDJYjqSxRFJJJvayMW85Ey84KrNAJwun6jUipRjJfbrshJas6uJniG1UgFW11x9WAutw8vb:0:bddb7fd34ee661ee,BUY,1787067810741142,EPjFWdd5AufqSSqeM2qN1xzybapC8G4wEGGkZwyTDt1v,3649784,0,4278953319,0,1064686934603764,0.00000401897795486000187362297979395875184815622819425884214008914
6z3yt4Z6maTYKY6uaKcyjXbwXPAVTdcLrfGreym7pump,2XuzvtiiwEN1XoSUUCy8WNa8Z6Nx4UvNsEBbTPYRrfy8EQUj8NQpUDJsD8aYygYkY3pNtSj417enDndRjdabUXNW:0:bddb7fd34ee661ee,SELL,1787067822982405,EPjFWdd5AufqSSqeM2qN1xzybapC8G4wEGGkZwyTDt1v,5927902,0,3414167841,0,1066163958552665,0.00000320229155526396582392259064522027431081039891803955624052494
6z3yt4Z6maTYKY6uaKcyjXbwXPAVTdcLrfGreym7pump,3F2XeC41xU3P4K5o1yhKM1abT69sMVCsbS2jquPhXE7o3PJTTDwRwnA2GYT9Ydsesh54bv4Jivv21QNK96FyDxNh:0:bddb7fd34ee661ee,SELL,1787067845569895,EPjFWdd5AufqSSqeM2qN1xzybapC8G4wEGGkZwyTDt1v,6664297,0,2440056654,0,1068249131538398,0.00000228416441629682958908451435276297513927125273829652763668537
78YMH3aNCa2V3RufwYN1Gr9debv9XiwDQhCszJhwpump,2GwG79JcjCkJ3UUyuiCZP4RR1tjvytTWLFZhLeiyyzMdKkzDMzFDMGep17GLnSLyKjGggha6YCQ1R4fw6TfEXALs:0:bddb7fd34ee661ee,BUY,1787069349938201,EPjFWdd5AufqSSqeM2qN1xzybapC8G4wEGGkZwyTDt1v,380505,0,3154149892,0,1072868076366663,0.00000293992333398690752971044552213312283654724272118530101749624
78YMH3aNCa2V3RufwYN1Gr9debv9XiwDQhCszJhwpump,2uVNVR3mBigzwnjVrjM93AHQ2y411CmFfgwTfNnmisWN8jtiD5mZsMNWQxeQ4Aq6z8XVs8ZMZxuvGQ1VqwqKoR99:0:bddb7fd34ee661ee,BUY,1787069614184043,EPjFWdd5AufqSSqeM2qN1xzybapC8G4wEGGkZwyTDt1v,8555874,0,7263068687,0,1055928290285311,0.00000687837304277312667585916885983227580107015937504702308766248
78YMH3aNCa2V3RufwYN1Gr9debv9XiwDQhCszJhwpump,3pzqQzt6K9RiFLVjiHyF1NGx84XHMtbYSiWcBLGB4QM2DCqZQhDP1ngCXwajRVmVmq1GWKnVSebcE1krcxzvdCCi:0:bddb7fd34ee661ee,SELL,1787069624692639,EPjFWdd5AufqSSqeM2qN1xzybapC8G4wEGGkZwyTDt1v,19919215,0,4605702113,0,1058832173986581,0.00000434979426027374371151155949560782199736174749387866380571503
78YMH3aNCa2V3RufwYN1Gr9debv9XiwDQhCszJhwpump,uxCBAUU5F7cx24TAWQRSvk6B2gswU9H1w72xxpEDYpqJrohFgE4M2oBtm6Mf32jJndL3oFnusQArzgAakuaqLgw:0:bddb7fd34ee661ee,SELL,1787069640710700,EPjFWdd5AufqSSqeM2qN1xzybapC8G4wEGGkZwyTDt1v,2875083,0,4221899778,0,1059493556963376,0.00000398482817592626506846716344105860512926680341695958742705476
7ATS6jVtX2c3hX3WHmkZKqrqmXFVhK4VXyoLGpwepump,35624XqvBqsYrdETfkz8rHMfzJ6tiV6bpBBzGK4BFweT3oNaNUMMPGGidcg7Tw5KfEsJUCDu1n9X3gDkw9KS3DKZ:0:bddb7fd34ee661ee,BUY,1787068096865188,EPjFWdd5AufqSSqeM2qN1xzybapC8G4wEGGkZwyTDt1v,7210516,0,4414495197,0,838299507127029,0.00000526601191992716246679550114420553307703748338093321283988711
7ATS6jVtX2c3hX3WHmkZKqrqmXFVhK4VXyoLGpwepump,3G6mMgwtrRGgoVZ27JuWkTQfPxaNr4xtMWGc7uLKiG2fU5SEFTBuDBrYmuGkNWkHSVszwgGtUx3M1f2jKK1EpWi4:0:bddb7fd34ee661ee,BUY,1787068101607996,EPjFWdd5AufqSSqeM2qN1xzybapC8G4wEGGkZwyTDt1v,28407358,0,5032906168,0,832939525917588,0.00000604234282489550334640415206059492364589473071482680070061930
7ATS6jVtX2c3hX3WHmkZKqrqmXFVhK4VXyoLGpwepump,4W1t9cpKp4VMmLVKPJqumCQ69PBpjxnxd64fYSv9XuQYbRzx7s3LuaLnaDHhFZcKdWhSKRwqPxJxMytDWcd9rbQW:0:bddb7fd34ee661ee,SELL,1787068106711875,EPjFWdd5AufqSSqeM2qN1xzybapC8G4wEGGkZwyTDt1v,54029537,0,3844857833,0,841978379681527,0.00000456645672357322663335670947466015853818413326733058807762567
7ATS6jVtX2c3hX3WHmkZKqrqmXFVhK4VXyoLGpwepump,3GuZzWsciJKNj8xKBfrduwYCtVC1Am8ZDf4RvRsDJzY2HvxmYD3zGAmAea3MzozXaVe5PLjWTxXCDDMyiymkoYkB:0:bddb7fd34ee661ee,BUY,1787068111670243,EPjFWdd5AufqSSqeM2qN1xzybapC8G4wEGGkZwyTDt1v,22393919,0,4334773923,0,837102773736146,0.00000517830553069737722252085831658111140157706915895576282711866
7ATS6jVtX2c3hX3WHmkZKqrqmXFVhK4VXyoLGpwepump,2LxqTQRj68RNvioeZ7doacbm8sXngGgB7obRLnTVUkqHjGVKBhHJ2CSLRtHkHsM8HncY7HWxYSfd1uP1GWHwUdGv:0:bddb7fd34ee661ee,BUY,1787068114234240,EPjFWdd5AufqSSqeM2qN1xzybapC8G4wEGGkZwyTDt1v,31502370,0,5019046605,0,831063137319060,0.00000603930842269219583331829095124630234813959119546723684505600
7ATS6jVtX2c3hX3WHmkZKqrqmXFVhK4VXyoLGpwepump,5DQocosFwrC6wzFGwckP67TpGQ2uw6dWW7U4sAVcFyejypBqUwgsnqEaCE9zJFLEo2t9jmQLAZuNxKCdamh1n5yz:0:bddb7fd34ee661ee,SELL,1787068124136840,EPjFWdd5AufqSSqeM2qN1xzybapC8G4wEGGkZwyTDt1v,85744375,0,3126260944,0,845507618280946,0.00000369749589052336997339865635539849280408992724257411871232575
7ATS6jVtX2c3hX3WHmkZKqrqmXFVhK4VXyoLGpwepump,38BDa1pSxQCXq6QRgWWrKQYKP7ryamHjiQEAYvS31ApyExaGNNGoK1hXkZdbkjyn1acBs7xpVnBbrF9Qi45ETUjS:0:bddb7fd34ee661ee,BUY,1787068131446786,EPjFWdd5AufqSSqeM2qN1xzybapC8G4wEGGkZwyTDt1v,22462927,0,3619101678,0,839475785485981,0.00000431114481271769564237119901442398643073571997124922915156192
7ATS6jVtX2c3hX3WHmkZKqrqmXFVhK4VXyoLGpwepump,4ZGZcF39ixeuCXHBdVpm2Kvw2rq36Y1TwYfGMtGe9VZgH8KZ1Hq3PVoGbLkpBa5A2MSeJS4tdAd6SM8qMd3J52gQ:0:bddb7fd34ee661ee,BUY,1787068138630018,EPjFWdd5AufqSSqeM2qN1xzybapC8G4wEGGkZwyTDt1v,24949541,0,4162760448,0,833728189124195,0.00000499294674487718560157737203990843864762688438036965437710538
7ATS6jVtX2c3hX3WHmkZKqrqmXFVhK4VXyoLGpwepump,HGjTMYzd9w6kWSCvFc6oVqoycARzDN8m1UHDoPEX3VHAGkv5LjdGahPPYNbbKnLoCa8wjW64U6mDxD7HnSCGkmM:0:bddb7fd34ee661ee,BUY,1787068147731192,EPjFWdd5AufqSSqeM2qN1xzybapC8G4wEGGkZwyTDt1v,15852164,0,843826168,0,773308443044424,0.00000109118964830896717762012387869584351196953871590441850650357
7ATS6jVtX2c3hX3WHmkZKqrqmXFVhK4VXyoLGpwepump,65zaKdS9anK7rEo4Np4dpN9hqyNDx4dpy4iRAWdcFq2XqUMQjc5rPP6V9biK7M5JNA61CwyA8HKdcDbopYfeUSEC:0:bddb7fd34ee661ee,BUY,1787068152996919,EPjFWdd5AufqSSqeM2qN1xzybapC8G4wEGGkZwyTDt1v,13041306,0,1021268435,0,761538884338867,0.00000134105881656537898070998528414440019154404667312042799907733
7ATS6jVtX2c3hX3WHmkZKqrqmXFVhK4VXyoLGpwepump,GUBXVcHiZjwhD6DdcoDpEQ8JVDFo9tuVs9WYnPoFFHM9Y39Rww5eJkGd3vnqayPuHhFwpWLumdm5wPCCdVbXzYp:0:bddb7fd34ee661ee,BUY,1787068153029920,EPjFWdd5AufqSSqeM2qN1xzybapC8G4wEGGkZwyTDt1v,6345830,0,1027614265,0,756836151313292,0.00000135777640010568088740529919985682476084371881044798248073794
7ATS6jVtX2c3hX3WHmkZKqrqmXFVhK4VXyoLGpwepump,5Jk8mHr1BaUtDxbhvmHmhqtoBrcmYtdMY1MTNwH4DEJn1rc19QXuYWyCuffH5R2Wr3W9kfHepjVnUVUbBnPTd524:0:bddb7fd34ee661ee,BUY,1787068155723919,EPjFWdd5AufqSSqeM2qN1xzybapC8G4wEGGkZwyTDt1v,7208860,0,1034823125,0,751563825082476,0.00000137689320649039934286552153278242635755151813451715959098692
7ATS6jVtX2c3hX3WHmkZKqrqmXFVhK4VXyoLGpwepump,3epemkuHT3wmsu3XNfENPfHvgphugM8KH7VBLpQNpnqLSoNucPkjtD6pHoU5GWquHrq8kPr9rRkbgpD8K8CS5vk9:0:bddb7fd34ee661ee,BUY,1787068158246276,EPjFWdd5AufqSSqeM2qN1xzybapC8G4wEGGkZwyTDt1v,7208842,0,1042031967,0,746364460482205,0.00000139614360298824058948500233591961820985940367674359286889927
7ATS6jVtX2c3hX3WHmkZKqrqmXFVhK4VXyoLGpwepump,3TgH9D1MkuhDhxLrCXY88ETeRqk9E7W5CSEFAxjzQMT6HB47xoE72QgtiTvksHsPLoiVeg4ujGxXHQnG9LUntDNv:0:bddb7fd34ee661ee,SELL,1787068161035523,EPjFWdd5AufqSSqeM2qN1xzybapC8G4wEGGkZwyTDt1v,13862209,0,894304506,0,756427254896552,0.00000118227430359090367805146286497446172858469796530352391270555
7ATS6jVtX2c3hX3WHmkZKqrqmXFVhK4VXyoLGpwepump,48mP4DeFmePjvKLbg2XFPQi6D4D17WaYc45RD7xibtnVaGVoi1qvCYnJSHeBdBXhkjTbYkXHDs6geH1o2CNVZ5nh:0:bddb7fd34ee661ee,BUY,1787068165901431,EPjFWdd5AufqSSqeM2qN1xzybapC8G4wEGGkZwyTDt1v,7208838,0,901513344,0,750378580381364,0.00000120141135097676290486076746960271477195208621721220319463155
7ATS6jVtX2c3hX3WHmkZKqrqmXFVhK4VXyoLGpwepump,3AddAQtUJ4sT2jyQbCqJTay4xvYvHhvz5aiMWkbj71gu9VV3GmyFKuKfUKcKYyd8pHJWKtPQ1ogpmpxpmU73hZjk:0:bddb7fd34ee661ee,SELL,1787068168182431,EPjFWdd5AufqSSqeM2qN1xzybapC8G4wEGGkZwyTDt1v,1080645,0,890942071,0,751279140315688,0.00000118590018435175179042288353804816242021660777362547231799850
7ATS6jVtX2c3hX3WHmkZKqrqmXFVhK4VXyoLGpwepump,5hGxL4hNmte6MW6ibh5NBw5rjaw93pCywmPZksmowno7uprvM9jzeWgExySv8hJNyJgoTzrUSZ2MTaEFDX1x2SVL:0:bddb7fd34ee661ee,BUY,1787068170483334,EPjFWdd5AufqSSqeM2qN1xzybapC8G4wEGGkZwyTDt1v,7208652,0,898150723,0,745249295888178,0.00000120516816044703021636602500440937236127635984534045787361020
7ATS6jVtX2c3hX3WHmkZKqrqmXFVhK4VXyoLGpwepump,5HKgvRAQcFooUF2wBzjfZy1114VzPBxcXLRFZzUu4zpw6CVfHvBUa1QThRtCsjD1PE6UpLNjciFBSVFrAsTUmnkj:0:bddb7fd34ee661ee,BUY,1787068172630635,EPjFWdd5AufqSSqeM2qN1xzybapC8G4wEGGkZwyTDt1v,7208647,0,905359370,0,739315477186174,0.00000122459139290007440493258001649555869910316493313877611646134
7ATS6jVtX2c3hX3WHmkZKqrqmXFVhK4VXyoLGpwepump,2mLA5Kw7djt9JXnqPC5FSYC7cJ259kk3wMV48cnG5DXTmwJoopJbPe5y5DsYjEgFBHFznJBmX3hobQbvQAJg5aNn:0:bddb7fd34ee661ee,BUY,1787068175119082,EPjFWdd5AufqSSqeM2qN1xzybapC8G4wEGGkZwyTDt1v,29690378,0,1146885716,0,715840195763065,0.00000160215327776816571343808743496914952007586822008969141029760
7ATS6jVtX2c3hX3WHmkZKqrqmXFVhK4VXyoLGpwepump,496sCn5Nx1ZL6L2Qn4TWsLxzRhx1a3YwKp3ZVtDfXGLgvbToZdcbjmXmWsMQis8rRYf2P32M4aEgCRygxMJ2jK4E:0:bddb7fd34ee661ee,BUY,1787068177974106,EPjFWdd5AufqSSqeM2qN1xzybapC8G4wEGGkZwyTDt1v,5311615,0,1152197331,0,712540182209330,0.00000161702786701439324105075812110599652120233936254940118063059
7ATS6jVtX2c3hX3WHmkZKqrqmXFVhK4VXyoLGpwepump,enhyG67HptTnuAZfLGjBNYYiKRAmhhQNxFgFvA21EPZUXPKDDy9a15tc75ufU6ndadVn2UvnZMKxxUU2T3Y2ne2:0:bddb7fd34ee661ee,BUY,1787068182774338,EPjFWdd5AufqSSqeM2qN1xzybapC8G4wEGGkZwyTDt1v,6160258,0,1199986294,0,708750824415624,0.00000169310038544139575547259657299171975558350739681871653344930
7ATS6jVtX2c3hX3WHmkZKqrqmXFVhK4VXyoLGpwepump,wS1ot962wTnNW6fxQqFZsv5n9FG8yKMfrThMy42bByoCGjmnysE9Z1UTCgReJN2emnxg2ZAfVKd4NFofYB8qx74:0:bddb7fd34ee661ee,SELL,1787068185340285,EPjFWdd5AufqSSqeM2qN1xzybapC8G4wEGGkZwyTDt1v,15240010,0,1080499510,0,717867856910549,0.00000150515098231322155509032629848530016816982040378910377225504
7ATS6jVtX2c3hX3WHmkZKqrqmXFVhK4VXyoLGpwepump,qPafqJU7nG7ECQvnbtNBNjeWt8UxDHv8U8gWEtVY8iUz1vbTjK7PXHwmmMsMPcW65Azde1zYZhxhgnWC9ZgoZeC:0:bddb7fd34ee661ee,SELL,1787068185354286,EPjFWdd5AufqSSqeM2qN1xzybapC8G4wEGGkZwyTDt1v,19701191,0,1060798319,0,731200129454819,0.00000145076330852256357134898174921222896803542991851290250509773
7BzqmAjcy1EzcU2mhK6mto9qsBQSgmYRdgYSXz4Ypump,2JGGzwkTFRsZTSjpVkcGLrK2Myg2Jkx9mvuHQn1m5vk9KRAtx7jSucfm6F2LHmxcD2r6YnpT4e3gRrTY2DHDqPhc:0:bddb7fd34ee661ee,BUY,1787068045981448,EPjFWdd5AufqSSqeM2qN1xzybapC8G4wEGGkZwyTDt1v,757815,0,4302734071,0,1070323177344426,0.00000402003260517584423936071102383868843840175563713410731170633
7BzqmAjcy1EzcU2mhK6mto9qsBQSgmYRdgYSXz4Ypump,5LpXGV3dp1ZbqEAdU3Y2GuA8kCatQdyGHoBN3EHgHeLeiD139KLsFjt7qM5JHJnfEcugriXqAa29v3cxypyLtyYu:0:bddb7fd34ee661ee,BUY,1787068087950036,EPjFWdd5AufqSSqeM2qN1xzybapC8G4wEGGkZwyTDt1v,3723456,0,4305699713,0,1069585969803234,0.00000402557609632080019352596647362467770510231480815157109394465
7De9qBYKGiqnJA3dU6Pv9sjZyvXecdZNfRK8dNtpump,9bna8D85bMSFJi6v91VmNEbZMmwjhazeQBuFK6DkNBYESMx1pFZwhfeGh2MD8Pgbp2J5Hkn2s413dfzGymhyGxq:0:bddb7fd34ee661ee,SELL,1787076795776241,EPjFWdd5AufqSSqeM2qN1xzybapC8G4wEGGkZwyTDt1v,7598821,0,4292000007,0,1073000000000000,0.00000400000000652376514445479962721342031686859273066169617893756
7G6ff1XxpbDYuxMXNuvGLfB8GtJapM244KugEXv5pump,3BzPE8JqP6b6LUHSpeAdnHvmQi62h27ij93d1LD4JkjW7tufN68NgguqJUgzGpPb9iZ8z36hpGybk9Lwe19FRxmt:0:bddb7fd34ee661ee,BUY,1787067066027665,EPjFWdd5AufqSSqeM2qN1xzybapC8G4wEGGkZwyTDt1v,11817739,0,7552728144,0,1025600499887530,0.00000736420091919636513182473603159936842998222111564892997700083
7G6ff1XxpbDYuxMXNuvGLfB8GtJapM244KugEXv5pump,8BcT6HJb4RQFQteH2D37kwxGqftsSLZscTCt5Xfzewxv9i4AogHd2F3eLkMD6zL7u3CBgNKhJayuPLv7eCeMdVL:0:bddb7fd34ee661ee,BUY,1787067070513123,EPjFWdd5AufqSSqeM2qN1xzybapC8G4wEGGkZwyTDt1v,34755972,0,8819847578,0,1020902533906671,0.00000863926504741763523491307200422641138931921462793996060549597
7G6ff1XxpbDYuxMXNuvGLfB8GtJapM244KugEXv5pump,58pcED55gC67rCXjtE9AMiHPRvhksD972BhGSQhWgJVbrWHWDCy3tkwqudeEDb4zkJSVuifffvpzhr1ssf6SrNn9:0:bddb7fd34ee661ee,SELL,1787067082936853,EPjFWdd5AufqSSqeM2qN1xzybapC8G4wEGGkZwyTDt1v,29221534,0,7751183467,0,1024296187439447,0.00000756732628906541186240798917793920908125195274877175064638848
7G6ff1XxpbDYuxMXNuvGLfB8GtJapM244KugEXv5pump,3Yp1L4v4g41kfoTNreQjDDdmb36s3FuBjJtNypHrU8ehLEnyumoYwDUUC5qZLzvccVqxFoehLzpTiADiqatjkbSP:0:bddb7fd34ee661ee,BUY,1787067097035516,EPjFWdd5AufqSSqeM2qN1xzybapC8G4wEGGkZwyTDt1v,4916084,0,7756099551,0,1023646953241050,0.00000757692828220002667030425241848315251569418395571770627590023
7ao13TaErWrXip91NHuaNWy7WRsEXont4hg4dva7b54b,4tNaE4TJm5Qpnvj8JuJnE33cFYLgbX2RBM4WajhDPGRUe9MGPYuTtzp78unr2Ut48VfDXBfe4UWVBnSUgrdg1Qr9:0:bddb7fd34ee661ee,SELL,1787064688630898,EPjFWdd5AufqSSqeM2qN1xzybapC8G4wEGGkZwyTDt1v,86828918,0,4683739313,0,983256262181114,0.00000476349807588335888928664797878067115525893037677540271158802
7ao13TaErWrXip91NHuaNWy7WRsEXont4hg4dva7b54b,5unw2T7eukmLWWuqUwgoth4TYat6D1bgzJ22FqKpKYGW7EkgpV6muaiT9TAUurBRKiuwwytccLwdsQ1CVkBcNLq5:0:bddb7fd34ee661ee,SELL,1787064688632900,EPjFWdd5AufqSSqeM2qN1xzybapC8G4wEGGkZwyTDt1v,67252647,0,4616486666,0,997580268966911,0.00000462768441759660089036289261938200759851108407340315314607013
7ao13TaErWrXip91NHuaNWy7WRsEXont4hg4dva7b54b,64Q8RMYjh6uu6i3MVKcfpbbMWt7B7dVNswKSWo2bfFsq9n4vun9eSXgj5LLKumxvPQKquixqEWnGJe3YMK3rzkKt:0:bddb7fd34ee661ee,SELL,1787064688671902,EPjFWdd5AufqSSqeM2qN1xzybapC8G4wEGGkZwyTDt1v,40599777,0,4575886889,0,1006431348033170,0.00000454664582730106669720747173870187135946331724059791683588275
7ao13TaErWrXip91NHuaNWy7WRsEXont4hg4dva7b54b,3exV2rydRs4ShdxFPsxMJTo5QLsy9hFAaRqi6r4XE7ssCBB6iT5Bghyf6nBRKKavU7tonoUEJ3m15RHdMjJmYNwb:0:bddb7fd34ee661ee,SELL,1787064692137800,EPjFWdd5AufqSSqeM2qN1xzybapC8G4wEGGkZwyTDt1v,11953416,0,4563933473,0,1009067296377552,0.00000452292279155617531202040155961617187359899837322539780953520
7ao13TaErWrXip91NHuaNWy7WRsEXont4hg4dva7b54b,5yn9icAvm3VUTdrejDaUqUC1cukjWhFkd6HTeFdTLkmYDPKM1k5BF2WJQg75S3hNGbRSqjpHzupD63ifqgLfCafD:0:bddb7fd34ee661ee,SELL,1787064692139796,EPjFWdd5AufqSSqeM2qN1xzybapC8G4wEGGkZwyTDt1v,103542104,0,4460391369,0,1032491463176808,0.00000432002735913777197273113803270773672896994256738400014697843
7ao13TaErWrXip91NHuaNWy7WRsEXont4hg4dva7b54b,3VTy6CH7KT3a65H2Vdf8gLqLRaCPfyLMCN6ZNmnRw4VGusQkns5ejo8Qku5BKGsd2t4YFPJTxjEDCad5E4CcTTTW:0:bddb7fd34ee661ee,SELL,1787064692144796,EPjFWdd5AufqSSqeM2qN1xzybapC8G4wEGGkZwyTDt1v,94485693,0,4365905676,0,1054836350883578,0.00000413894124177927938819244129834898001238524339687068179806261
7ao13TaErWrXip91NHuaNWy7WRsEXont4hg4dva7b54b,2S5g4NZy3gVZ7jRhAjFkkGAe5NonaovSgsj3vFP3iEowgsEBzq3cEBKnooNPeW2j2kAJrd6co27pLGfZFt3XM38r:0:bddb7fd34ee661ee,SELL,1787064702826732,EPjFWdd5AufqSSqeM2qN1xzybapC8G4wEGGkZwyTDt1v,4727046,0,4361178630,0,1055979679430098,0.00000412998347880490071981107679081644098041722862282893495318722
7ao13TaErWrXip91NHuaNWy7WRsEXont4hg4dva7b54b,2SsVbLteCke8UzA6Dn4s1GQrV8gk4z5QYDHwec9h96BqGuPynUcLJ1mXEmUeNjEcivH9BCAVzkKE7rySQVp8NqWV:0:bddb7fd34ee661ee,BUY,1787064717434757,EPjFWdd5AufqSSqeM2qN1xzybapC8G4wEGGkZwyTDt1v,29972423,0,4391151053,0,1048771940673387,0.00000418694559103151183592122357825907796341962988392571381281703
7hza9NUTV61zgUHedmVdJtYoUCqyH2arnqZBrodkpump,23SzyMgUvVTrmc5EMfUPhkQW4ARyihPZxhmpRkQF3AfHTjusYG99WTP1FjpzSAScts7YTeapBEBDpDn8eZRE8Qwd:1:bddb7fd34ee661ee,BUY,1787074891435949,EPjFWdd5AufqSSqeM2qN1xzybapC8G4wEGGkZwyTDt1v,4938270,0,4296938270,0,1071766851330634,0.00000400920989921008379292053058208600378845135248861058077385968
841YJhMLjQ3Qowdbkm6G1S43yyAZ42BA413nR2wpump,27yGHaM1WwCR5qGm2oYvqT5DE3twsMX9ZVq3zY6ndBA5iPmviQsoNsRS5FQxsxmDmzutbQD96bX3DLKPAX9g1yy7:0:bddb7fd34ee661ee,SELL,1787070026049996,EPjFWdd5AufqSSqeM2qN1xzybapC8G4wEGGkZwyTDt1v,20690043,0,601451491,0,1118099307034634,5.37923140830074380808547629209000807841458993070656566674709E-7
85b8MNcDBokczdYDH8dWaGqMwXWjYZNsFMcMrckrpump,4BUPnLn5dyJsFn8mPLFE5AMJy6Y8MaKCDAcxbCoVLzjHaSq4MTYdxrU9k8t1KdXYjFCcPfS7f1fAPTESEUnHSmGq:0:bddb7fd34ee661ee,BUY,1787069640704701,EPjFWdd5AufqSSqeM2qN1xzybapC8G4wEGGkZwyTDt1v,20664850,0,4900333393,0,1011387336253371,0.00000484515992770189974373798364430911101111291375117960734476694
85b8MNcDBokczdYDH8dWaGqMwXWjYZNsFMcMrckrpump,5yfsVrUu8EJghE47krYKai16x6ubLDfoH6SqgkPNWcoBg3skVpVyQpsC49x8gf7MAni4ec6xYQAwKwiPfLPLzN7e:0:bddb7fd34ee661ee,BUY,1787069640705704,EPjFWdd5AufqSSqeM2qN1xzybapC8G4wEGGkZwyTDt1v,31468982,0,4931802375,0,1004933847963575,0.00000490758907662821496695788749089028699116489377483201387376123
85b8MNcDBokczdYDH8dWaGqMwXWjYZNsFMcMrckrpump,2aCw1dxnKTo6bCgR9xPUeXjVf5RiDWTFLa9PNbgxi2CmTHnxrgc2Xquf5Wchh87FLGRje4hXd6szajYH3edwHVGS:0:bddb7fd34ee661ee,SELL,1787069649233649,EPjFWdd5AufqSSqeM2qN1xzybapC8G4wEGGkZwyTDt1v,8935563,0,4194609379,0,1006757917364392,0.00000416645283503817523844192352004485960718182613310385321927001
85b8MNcDBokczdYDH8dWaGqMwXWjYZNsFMcMrckrpump,59VGmz7d7AFygCqtAk1ivUZ36Jvmhk9qSycrbYYvU44yZbCtPSARWYMJwZFPQjLJS9EaaYLs7rULPmEJ8GWHmF98:0:bddb7fd34ee661ee,SELL,1787069654625943,EPjFWdd5AufqSSqeM2qN1xzybapC8G4wEGGkZwyTDt1v,5013986,0,3780452375,0,1007962776220082,0.00000375058728773389072905699233933583179462005397208877610547273
8AVQEe8Z5VVQz7k9snRbmkrYgxpDi73sbL2wHF2Vpump,4H4Seh7LtNHmRb7BBtLYcKtMtBTqdy9SqAku94kicCBBUiUNfztwSEb6zLdtKDeYgeAEpZhT8f8EjoFPjTVQKM5D:0:bddb7fd34ee661ee,BUY,1787067862455586,EPjFWdd5AufqSSqeM2qN1xzybapC8G4wEGGkZwyTDt1v,7875000,0,6281442589,0,1053324613100205,0.00000596344423255438831246307117210564788463663627854482297349337
8AVQEe8Z5VVQz7k9snRbmkrYgxpDi73sbL2wHF2Vpump,Vt3E44yyEGT4NFpXzxz2bcrShq3NDc6xqLMg5nkhD6qbfqSMt17msBtV7tX4qzJzScAhTwTagLXRmYevvh9d863:0:bddb7fd34ee661ee,BUY,1787067865089873,EPjFWdd5AufqSSqeM2qN1xzybapC8G4wEGGkZwyTDt1v,30944508,0,8577075873,0,1048161017868195,0.00000818297544631502130400880008969660031358126734334588556716360
8AVQEe8Z5VVQz7k9snRbmkrYgxpDi73sbL2wHF2Vpump,5f2SN6okW5QuJGRMypJCQFKVqumZc3UXz9E3BC9MPSaHssoVBPeCpo1ZLtn7eiPq8YujE7sKyq9hPCHYJLr19ws1:0:bddb7fd34ee661ee,BUY,1787067872477102,EPjFWdd5AufqSSqeM2qN1xzybapC8G4wEGGkZwyTDt1v,36320040,0,11260114586,0,1043741245402151,0.0000107882242228163598541803127347731985559296580519191153404718
8AVQEe8Z5VVQz7k9snRbmkrYgxpDi73sbL2wHF2Vpump,rbtRLvBtTiNLJP9sTwRWCfZH2wgnG6PXw9qo14wtKWDwgEP8pd6ru4ZQjGYbXypSXaaCjqbnGxpc6XeyjQ6VVoV:0:bddb7fd34ee661ee,BUY,1787067892701250,EPjFWdd5AufqSSqeM2qN1xzybapC8G4wEGGkZwyTDt1v,24850434,0,13091779526,0,1041442840144716,0.0000125708094783010873026292828993982047981919866043006723888678
8AVQEe8Z5VVQz7k9snRbmkrYgxpDi73sbL2wHF2Vpump,2tiULvSTcjRfXzE3yM3BLzbSjYsMwr6Hncw3aj1acXijgBpqaobVf5vPMbvzERa366LP39Eo9PXjc33Z2u3Uqv8A:0:bddb7fd34ee661ee,SELL,1787067908266475,EPjFWdd5AufqSSqeM2qN1xzybapC8G4wEGGkZwyTDt1v,8371926,0,5238196312,0,1020268531901800,0.00000513413493429607417368418306157832845583342156274877837500719
8AVQEe8Z5VVQz7k9snRbmkrYgxpDi73sbL2wHF2Vpump,5qZFH7CFSoJxikEh3CPqQaUi6iZq2ueqETfi79zho8qnofzcmhePWrFupuJ3TkerqPk1iRXJRe5xttcdN2qRkVKD:0:bddb7fd34ee661ee,SELL,1787067913680704,EPjFWdd5AufqSSqeM2qN1xzybapC8G4wEGGkZwyTDt1v,33899161,0,3768098348,0,1026914241639269,0.00000366934082244780570900137482095001944722870195154841068382418
8AVQEe8Z5VVQz7k9snRbmkrYgxpDi73sbL2wHF2Vpump,b8ksCbsPnbzN47wirgWCP2zkYmYWwBLqxsbrWxe42LHWnAZtYtBxSkf5HwqdFfZtvttaBKi4aCvrZfL65QqCkV9:0:bddb7fd34ee661ee,SELL,1787067919089109,EPjFWdd5AufqSSqeM2qN1xzybapC8G4wEGGkZwyTDt1v,11410376,0,3271727378,0,1030033339827414,0.00000317633153364549379932278812727549451140481384393374218553853
8AVQEe8Z5VVQz7k9snRbmkrYgxpDi73sbL2wHF2Vpump,3fZ31bXhKv31zBtd9mqjGprKBPAQorq2zjnFuZ8tpZBg3bccPzaPTrV31QoR22x75UPXiXBJuqJNqcsYFJn4ovpj:0:bddb7fd34ee661ee,SELL,1787067929273966,EPjFWdd5AufqSSqeM2qN1xzybapC8G4wEGGkZwyTDt1v,22499397,0,2286277507,0,1037165843366315,0.00000220435094505181577172643556251401807581285480933314354290698
8AVQEe8Z5VVQz7k9snRbmkrYgxpDi73sbL2wHF2Vpump,27SFQuJAGAMkQTxQDZRATuA9fMhpXwzj66TpjeiJXyJ62FcyjEY7r1nKZETcuzWZ552hDqEHYFTyn6xx4WBeuyHL:0:bddb7fd34ee661ee,BUY,1787067932122848,EPjFWdd5AufqSSqeM2qN1xzybapC8G4wEGGkZwyTDt1v,12272921,0,2821094669,0,1031627981632036,0.00000273460464356252413388282892698819918524688265483689054219974
8AVQEe8Z5VVQz7k9snRbmkrYgxpDi73sbL2wHF2Vpump,3DqjA8cS68LDQpMrAThhZ5tqKaCbhKVskYfpxwzf3dFX8hz7ALGWwEtRZz871SmCgkm85bfFnNwcE38sevfwmmPV:0:bddb7fd34ee661ee,SELL,1787067937353702,EPjFWdd5AufqSSqeM2qN1xzybapC8G4wEGGkZwyTDt1v,28046644,0,1587059345,0,1041987167555185,0.00000152310833992679402768282160402164788635179171857860367940687
8AVQEe8Z5VVQz7k9snRbmkrYgxpDi73sbL2wHF2Vpump,4XkqnvxiH3qNHpEeyWyPUNUKWR1fsk3aXQG3Fo5dyhRUVQz18d8SE1r3fJSQmzHP6aAq85iEyAojkWG9NYjDgaJt:0:bddb7fd34ee661ee,BUY,1787067939757129,EPjFWdd5AufqSSqeM2qN1xzybapC8G4wEGGkZwyTDt1v,12534402,0,2134461416,0,1033822165621743,0.00000206463112030136252047804562444297997743349631112868014687025
8AVQEe8Z5VVQz7k9snRbmkrYgxpDi73sbL2wHF2Vpump,57VKrbFZypn4U1sunZATsCWSYExZhKoRpLicCmqPvNfJXQmXGMC45rS5tkufv3a2UEkJvjGN3oyhbDuzamfnbmR9:0:bddb7fd34ee661ee,SELL,1787067942385128,EPjFWdd5AufqSSqeM2qN1xzybapC8G4wEGGkZwyTDt1v,12087065,0,1603749089,0,1039709853035668,0.00000154249676899520757474583530394221006423316953160482485987052
8AVQEe8Z5VVQz7k9snRbmkrYgxpDi73sbL2wHF2Vpump,65WYreEs6qSoCh98MHDp7SuJNcRW9b9eYqi2bvdw4sh43mnUfsuM1cZQWniKDoPDNtAn7sAhbY2TArDbBu27Mwrs:0:bddb7fd34ee661ee,SELL,1787067944689064,EPjFWdd5AufqSSqeM2qN1xzybapC8G4wEGGkZwyTDt1v,10138952,0,1155750101,0,1046324751557853,0.00000110458067562601924568254649434194106194078281225056147585826
8AVQEe8Z5VVQz7k9snRbmkrYgxpDi73sbL2wHF2Vpump,55VDQb8p9YAno2z6MsE2CdXGMWDSDgosEVu7tEQjjyjDVB5gtpeSqPShV4jy8xrVgSQsY3VpboxXFk5a1mM4xpYX:0:bddb7fd34ee661ee,SELL,1787067949024184,EPjFWdd5AufqSSqeM2qN1xzybapC8G4wEGGkZwyTDt1v,140832,0,1155609269,0,1046452265598871,0.00000110431149799141566088194468359430509273272480786312824464115
8RHRAAfv69yMxfGgkvtRYSiatZmDCvQRNw8ceWpKpump,3WkomGz5RPJFMUPPYKhCjP9fCaiNqJJLAE7PuXRny3QyQ9XjSKKumpA1fy2UZZUWmGFg3TaoKeYKvwhcP3YyPhMC:0:bddb7fd34ee661ee,SELL,1787066648306073,EPjFWdd5AufqSSqeM2qN1xzybapC8G4wEGGkZwyTDt1v,62907230,0,4292000001,0,1073000000000000,0.00000400000000093196644920782851817334575955265610438024231127679
8za7XqcwP36S3KJatCCNffgYAC5Xdm4yCuDtf8Capump,YmBetu7K9smWMtQrBcRs2cwtUhJqDtxaRix4fkMvtMQstiigKsKZKnRagkn5xBDLkbtTP6uopgmDKCyVjNRxzrs:0:bddb7fd34ee661ee,BUY,1787064816751358,EPjFWdd5AufqSSqeM2qN1xzybapC8G4wEGGkZwyTDt1v,1926829,0,1235352838,0,1069877320615386,0.00000115466774946629734363088764503612673616802916463029724239301
8za7XqcwP36S3KJatCCNffgYAC5Xdm4yCuDtf8Capump,4y4fgJkJbwcGckrovJsdiPEZmL9A2thkuezX8DZnFdCUPSqDBDyXSHy3xi4tUyz8TfWmNKVGFrtiUsCixsuXXtWu:0:bddb7fd34ee661ee,SELL,1787064820716080,EPjFWdd5AufqSSqeM2qN1xzybapC8G4wEGGkZwyTDt1v,430342,0,1170902217,0,1070250149046036,0.00000109404536691135235477446215519807683785083157665853230125264
8za7XqcwP36S3KJatCCNffgYAC5Xdm4yCuDtf8Capump,5A37zLHdTTeYBhNSghcnJbFQx8eW8C8gUHPSqLrPekdw3UEnzddEHkLL1SPBQw3NMiSaRgTWcKGaBNXqJ8YPWb4D:0:bddb7fd34ee661ee,BUY,1787064834177422,EPjFWdd5AufqSSqeM2qN1xzybapC8G4wEGGkZwyTDt1v,999571,0,1320477526,0,1069337281583348,0.00000123485596990015467315469437161104209898901094577937794988510
8za7XqcwP36S3KJatCCNffgYAC5Xdm4yCuDtf8Capump,XyGd4a2Xidd8mG5kju1UdDew7d9kuBbbKUGFZTDZhC3oQbv5fVnMbXbwrwUdLjMBVjPK2QEZXMoKQd3X17YoFPu:0:bddb7fd34ee661ee,BUY,1787064841969224,EPjFWdd5AufqSSqeM2qN1xzybapC8G4wEGGkZwyTDt1v,518961,0,1398103852,0,1068917186336731,0.00000130796274011780029379880602768120733301866789664030244200453
8za7XqcwP36S3KJatCCNffgYAC5Xdm4yCuDtf8Capump,2d4ATC5uJT71rTkZCuC2XpCPAyPWV9gdZ4VcUtB4Q1FhYtLPyu2DyfQMZLxMYQQRdQ1xVVq36KLYP9SZq61165Bn:0:bddb7fd34ee661ee,SELL,1787064847643762,EPjFWdd5AufqSSqeM2qN1xzybapC8G4wEGGkZwyTDt1v,1177363,0,1221846598,0,1069818096030251,0.00000114210687081652255492500977118540302706925829849500682517173
8za7XqcwP36S3KJatCCNffgYAC5Xdm4yCuDtf8Capump,4VkJgh9rCNtx44JmZ2JW3Lo4jNSTiGapgBEVX7qoNcxjLUEGTxb1NGnR2c2ey9SJYYnSeJ33YSWTmoDYt8AMmyAP:0:bddb7fd34ee661ee,SELL,1787064851531186,EPjFWdd5AufqSSqeM2qN1xzybapC8G4wEGGkZwyTDt1v,1744807,0,960267581,0,1071347990656910,8.96317153132662617806957942522887692146871761202257420904505E-7
8za7XqcwP36S3KJatCCNffgYAC5Xdm4yCuDtf8Capump,5iH4wtS3rSsgrgShbCBXfsBR2euVf54dcePBg4jd3YvTdzvsEuDFzfenntyBJRunrUFqjPhK5Xy4hg2NTSMWqgxC:0:bddb7fd34ee661ee,BUY,1787064865308891,EPjFWdd5AufqSSqeM2qN1xzybapC8G4wEGGkZwyTDt1v,509934,0,61848210,0,1036543339446437,5.96677511169285592163858040180936137505528279296042508817774E-8
8za7XqcwP36S3KJatCCNffgYAC5Xdm4yCuDtf8Capump,95xRi22P6J2MAxzwfwgP49YyfcXbb19QK3HBEbGsmkjf9ga2fr8vHdU2ZjbFxw8ocDZVWUphp1vaxYxBkJrH8Pa:0:bddb7fd34ee661ee,SELL,1787064879159154,EPjFWdd5AufqSSqeM2qN1xzybapC8G4wEGGkZwyTDt1v,1113796,0,45633528,0,1055552313186669,4.32318961646100293040127234696791848369891793753892961960432E-8
8za7XqcwP36S3KJatCCNffgYAC5Xdm4yCuDtf8Capump,5VE2T9xJSxmGQHvouf3GEtRL6kJBi5fQ2ExLNx2YE9gs98Fyk65d3jick5vSjzaQVxh2xPBcoB5kuHWk8gnD42nZ:0:bddb7fd34ee661ee,BUY,1787064886871552,EPjFWdd5AufqSSqeM2qN1xzybapC8G4wEGGkZwyTDt1v,286283,0,49781609,0,1048971565655369,4.74575390124114566584795042191529241304057343685766394178667E-8
8za7XqcwP36S3KJatCCNffgYAC5Xdm4yCuDtf8Capump,55oGhKn3mAYtEVrt9A9VEYEnzUx3xR29yAmrYBfEdDhGDrmBp5FdLtjfYMGhAuNqGfHf4LnCmiGaii3LJDPtbsAv:0:bddb7fd34ee661ee,SELL,1787064890745155,EPjFWdd5AufqSSqeM2qN1xzybapC8G4wEGGkZwyTDt1v,379032,0,44252503,0,1057019624514588,4.18653561141988695262923823713269636896576675182583366939595E-8
8za7XqcwP36S3KJatCCNffgYAC5Xdm4yCuDtf8Capump,3hKdbHMguV2YEck5EFYTUafRV4s8ZiJcPU8qsHmK4DXg2m3icA9rMkSK72A5Hxdy9T3bnTMQ1hFFhNN9wmCm7gNz:0:bddb7fd34ee661ee,BUY,1787064900591147,EPjFWdd5AufqSSqeM2qN1xzybapC8G4wEGGkZwyTDt1v,426859,0,50426710,0,1046921039402727,4.81666793407539665741077702265082667996597642514025569432896E-8
8za7XqcwP36S3KJatCCNffgYAC5Xdm4yCuDtf8Capump,3W5yJYUUsMkNzpLb9jRE2yLTRS7cnpHDnKdcNexuFex2jn5y3vWNCNtJ9H77474cgMTpN339NcdP82KFd1gZXjA5:0:bddb7fd34ee661ee,BUY,1787064912501452,EPjFWdd5AufqSSqeM2qN1xzybapC8G4wEGGkZwyTDt1v,1749091,0,37239626,0,818552419401352,4.54944913940089338249597505513996339392586342344077400286224E-8
8za7XqcwP36S3KJatCCNffgYAC5Xdm4yCuDtf8Capump,2YF3fcFP54ruT3gP9eAhPmRy98U6RV1YkCcKX8HwHv2aSpXv5qiQRE4aE667wQDd7ESqbMzXSqbSq8nmH5befw8:0:bddb7fd34ee661ee,BUY,1787064920645991,EPjFWdd5AufqSSqeM2qN1xzybapC8G4wEGGkZwyTDt1v,1453578,0,42265265,0,787802063636330,5.36495992469381874558455214101436281223387772683608291856224E-8
8za7XqcwP36S3KJatCCNffgYAC5Xdm4yCuDtf8Capump,2Ysr1j3stAX4JoaeFYsDhq56DsGGcPmiBmL2F3Zn65wqcAy25Lj6xPMBJ95q5LFDgTVpgNyNsnAkeXPfedWFK849:0:bddb7fd34ee661ee,BUY,1787064958338346,EPjFWdd5AufqSSqeM2qN1xzybapC8G4wEGGkZwyTDt1v,310187,0,30022351,0,750858786506290,3.99840176868576878919557867398806794164166720135607537876694E-8
8za7XqcwP36S3KJatCCNffgYAC5Xdm4yCuDtf8Capump,8YqZU3zfbnbH8QkoPkSU9YPQYosvvASL9btB3N5Mgcc3abMstqxjRCpSi3ccNRtdHtNXvKKx9BB4mPL3EyVahw5:0:bddb7fd34ee661ee,SELL,1787064966581041,EPjFWdd5AufqSSqeM2qN1xzybapC8G4wEGGkZwyTDt1v,732967,0,24651646,0,769649058156189,3.20297228181591688802593682532138817116551022002787941337812E-8
8za7XqcwP36S3KJatCCNffgYAC5Xdm4yCuDtf8Capump,3Tghu38urejVPUYu39DNddPbnb1P6DX7U5DGrvNUgUuvugYAnffPRJ9RJXuMxHtgG4oyoVTb7hkKkukyrF1fiope:0:bddb7fd34ee661ee,SELL,1787064976350531,EPjFWdd5AufqSSqeM2qN1xzybapC8G4wEGGkZwyTDt1v,1081971,0,16387614,0,804979997852315,2.03577903099730687493782580399617929868510315423552854456549E-8
8za7XqcwP36S3KJatCCNffgYAC5Xdm4yCuDtf8Capump,3TYxEnCm94prTRS6hJgwCiJGojVqqEv21XdZe92UuJMNpZZUF6pVHS1JAtr31gLVBTN69JMJXefnvmv1X7Xgr9Gh:0:bddb7fd34ee661ee,SELL,1787064983967332,EPjFWdd5AufqSSqeM2qN1xzybapC8G4wEGGkZwyTDt1v,235949,0,14554044,0,816739469228964,1.78196898133741746985054734318605493781364950445223990376618E-8
8za7XqcwP36S3KJatCCNffgYAC5Xdm4yCuDtf8Capump,32TJP8dFfWYDUYDSSuYcSwaEtZVbUApYgeDX4QMsCDSQCr7jeiT1Ss3CppfdmkVPXgnNptT83n9VYXD2mrSwy7ms:0:bddb7fd34ee661ee,BUY,1787064986179382,EPjFWdd5AufqSSqeM2qN1xzybapC8G4wEGGkZwyTDt1v,224347,0,14778391,0,804340754801723,1.83732962824232399699677442696849228167734922760955930027783E-8
8za7XqcwP36S3KJatCCNffgYAC5Xdm4yCuDtf8Capump,3yF7aoCqRffgBDLqBhSzNwmVQ2iUdzVFTdpk7eJoLVwUmrXTCe1yRj17i4DyDFWLW5NvfMUQh22nYDzcUo11QHd4:0:bddb7fd34ee661ee,SELL,1787064990140163,EPjFWdd5AufqSSqeM2qN1xzybapC8G4wEGGkZwyTDt1v,557176,0,10809551,0,835854250677543,1.29323395690549923642354792220758591601790098656970795070624E-8
8za7XqcwP36S3KJatCCNffgYAC5Xdm4yCuDtf8Capump,68htUxzobqkreseEPdXMGwYVZ9E3PMs1Z2rBfDt27hsFeqvbPA9KUwyva7ZRHAF95dnkUUXVQG8qw9rn71popFY:0:bddb7fd34ee661ee,BUY,1787064994091398,EPjFWdd5AufqSSqeM2qN1xzybapC8G4wEGGkZwyTDt1v,758772,0,11568323,0,781030226446471,1.48116200990498428709430223812710647313815054045237013663757E-8
8za7XqcwP36S3KJatCCNffgYAC5Xdm4yCuDtf8Capump,5MykzoXP2kV23opzp22W8XvgjHL9KJDVmqkUBVJ6ZLjrPCgaNNDiMvbP13oQic8EUNAVZdtB9SW33yM52Q2frRWt:0:bddb7fd34ee661ee,BUY,1787064996174870,EPjFWdd5AufqSSqeM2qN1xzybapC8G4wEGGkZwyTDt1v,347354,0,13155724,0,758262407775565,1.73498301710532762352638508381143989968868470384019083734713E-8
9LNcZUB7BQcLeQAUWNiKiMtm96DTUXsBPptsQrpmpump,dsTVWyU4GqTUdESjNdkKE9bo1sSh2fyZqr16ZR6aHsPjGSaKJuFvjUAbGbXmJdmMQZgX1cetHKTgphMhJaWVDZA:0:bddb7fd34ee661ee,BUY,1787069667458860,EPjFWdd5AufqSSqeM2qN1xzybapC8G4wEGGkZwyTDt1v,51974618,0,5007365014,0,1026647447109733,0.00000487739489159299377906194317321688697461241662408269319603104
9LNcZUB7BQcLeQAUWNiKiMtm96DTUXsBPptsQrpmpump,5Juu5KmvpU5JGvirfrrZf9b4Twx56acXtVwiCsDSzsoxqzMZQ4RgrSvYbn4BU2rPK9JqmYKjKBGS82WDecfnW7E:0:bddb7fd34ee661ee,SELL,1787069677928118,EPjFWdd5AufqSSqeM2qN1xzybapC8G4wEGGkZwyTDt1v,11936403,0,4676621988,0,1029100585699230,0.00000454437792863798111722817110574331848983556783455941374578173
9LNcZUB7BQcLeQAUWNiKiMtm96DTUXsBPptsQrpmpump,gxS1FXcYn3QS9N8PrmN4h8FYJmiJm3BwL6cQ93cyQCifc1SqwZZ97qVVrQumNTJBbmyzg2bTk3NA696w6rR8cf4:0:bddb7fd34ee661ee,BUY,1787069688497896,EPjFWdd5AufqSSqeM2qN1xzybapC8G4wEGGkZwyTDt1v,13307669,0,5044382104,0,1026180514192028,0.00000491568689352061744295704183841464482325271729324654395416872
9LNcZUB7BQcLeQAUWNiKiMtm96DTUXsBPptsQrpmpump,4nreyHJvmaCh1GAT8o31BPJrAEuyCpgKi6WDhPgXH8DR3AMEvijB9YcECYo1PVSCxeq3y9VsCkgApJJadSrknqjo:0:bddb7fd34ee661ee,SELL,1787069694403076,EPjFWdd5AufqSSqeM2qN1xzybapC8G4wEGGkZwyTDt1v,25629735,0,4332681121,0,1031421006995534,0.00000420069117422848872301871240696671361242646606575572354757136
9LNcZUB7BQcLeQAUWNiKiMtm96DTUXsBPptsQrpmpump,2V3jE5hsQuBdwBGDSUuA3ViAynuBD4osHnQuDaKgeGxkkxSQJiyrMm1TvPVttjyEUmvX6kMkWdwSXUMfU6xnydKw:0:bddb7fd34ee661ee,SELL,1787069697121072,EPjFWdd5AufqSSqeM2qN1xzybapC8G4wEGGkZwyTDt1v,150762119,0,4181919002,0,1068604706055556,0.00000391343869094151733979548192507241513698768691801878707577257
9PTH9TNLipkBnWvb4HqJi3oMrLyQthFvEFyMzqyzpump,4kv2E8nQCdzBrH1RX2aE12crmqc6TgjAPXKgBft1Vae1YWLHZ6htwuEWucb6TqTbMgYKanNnhY3znrfX78f7zJXB:0:bddb7fd34ee661ee,BUY,1787066869687432,EPjFWdd5AufqSSqeM2qN1xzybapC8G4wEGGkZwyTDt1v,10431147,0,5052801463,0,1055087994829302,0.00000478898583602732614187141094119374005846771959574833642150866
9PTH9TNLipkBnWvb4HqJi3oMrLyQthFvEFyMzqyzpump,64WQD9ZPhpnMCLxioA7XApBYtKjAkgen4QpNtCRemAsCntFXnck8mXNgSdYp28QFKkU5ioyTkY7Nrj47Qbs2WTCA:0:bddb7fd34ee661ee,BUY,1787066874136904,EPjFWdd5AufqSSqeM2qN1xzybapC8G4wEGGkZwyTDt1v,23349842,0,6895419417,0,1050234684418501,0.00000656559864123882848554153162967943217484476827218866600802604
9PTH9TNLipkBnWvb4HqJi3oMrLyQthFvEFyMzqyzpump,4dTEAneVbfAvL69EEBRbsmELoRHYXFT7m9NeUxdZsZTE91RYDWCe2MFBWAWmwLN9zo5H2FoRDoDiv39tjFV6BQg:0:bddb7fd34ee661ee,SELL,1787066879110697,EPjFWdd5AufqSSqeM2qN1xzybapC8G4wEGGkZwyTDt1v,8984286,0,6185565001,0,1051604857758414,0.00000588202398968093645642996707681916207562863321158489644696368
9PTH9TNLipkBnWvb4HqJi3oMrLyQthFvEFyMzqyzpump,2XRZBxZrgRRYvybxbYv3EZ8AKb86zMciwnGBDU4ebhyNN7DvD5FWSUFu99wK5nRtuGuK8nbWAjQytayyc4RXukD6:0:bddb7fd34ee661ee,SELL,1787066879149693,EPjFWdd5AufqSSqeM2qN1xzybapC8G4wEGGkZwyTDt1v,296606,0,6185268395,0,1051655286155901,0.00000588145990080924151795110022212155316858363391468242274309939
9PTH9TNLipkBnWvb4HqJi3oMrLyQthFvEFyMzqyzpump,3BDpiLFPFmP9PhZo8T6yAbJpQj57MF351qo8nYLMBTNMMAPmf7axvu5A5g7C2rwmtzFoq1iG2FRnfJC4dAPYNKdc:0:bddb7fd34ee661ee,SELL,1787066881455759,EPjFWdd5AufqSSqeM2qN1xzybapC8G4wEGGkZwyTDt1v,10960443,0,5314405031,0,1053522152687776,0.00000504441697542072287656371643417376701327273393552652336137998
9PTH9TNLipkBnWvb4HqJi3oMrLyQthFvEFyMzqyzpump,5RqUfsifq9jMjD9iHeAGJrAGPybxEe5YfzP2LnbdFzoCPeuBvKsX7KTzA9u9ho1TQELNHeSiM2jAZWwz87Ry2fqj:0:bddb7fd34ee661ee,BUY,1787066886372562,EPjFWdd5AufqSSqeM2qN1xzybapC8G4wEGGkZwyTDt1v,17381190,0,6691014380,0,1050087756043561,0.00000637186210532525751574416648788795930272813561385231472456572
9PTH9TNLipkBnWvb4HqJi3oMrLyQthFvEFyMzqyzpump,2H5xW8iWGx23VMyom4XPB4PK7pZzt1f7WeMhwswtwDbD7JvN8aXm1GpkM4gW2jHqS2udPieRHZ6AxeohyB7s5J3s:0:bddb7fd34ee661ee,SELL,1787066888943650,EPjFWdd5AufqSSqeM2qN1xzybapC8G4wEGGkZwyTDt1v,7643492,0,6084982144,0,1051288697686395,0.00000578811715315823026170893620814254291503335668017334266223203
9PTH9TNLipkBnWvb4HqJi3oMrLyQthFvEFyMzqyzpump,kfkyqY99FhnHfHay38Jv6vUoP2mqTWkHnTZdrc3VMRHPuJAErnqrt3NA1YrbQ3iDaXFDwioH9uuV9GMdRRzzgzg:0:bddb7fd34ee661ee,BUY,1787066893498800,EPjFWdd5AufqSSqeM2qN1xzybapC8G4wEGGkZwyTDt1v,10922888,0,6949508919,0,1049404956282910,0.00000662233285386397185293390564384419464691382579333045340106902
9PTH9TNLipkBnWvb4HqJi3oMrLyQthFvEFyMzqyzpump,re1tau2pPLKECGQu6Au69LG94rysEagerwRdmw4wS7NefaychgntHJVwhTUt8EeLvVSHgcrdtQJscpGJNW8pAzm:0:bddb7fd34ee661ee,BUY,1787066895967984,EPjFWdd5AufqSSqeM2qN1xzybapC8G4wEGGkZwyTDt1v,11490882,0,7857488981,0,1047672649305811,0.00000749994665433556986337913365199453990780845301637075492137873
9PTH9TNLipkBnWvb4HqJi3oMrLyQthFvEFyMzqyzpump,5h9dErkf5j7XBfqj8p474a2iQvJ3qkPvHziBM53hbjQjhr1cA4R5a28LwE5jtbk4RhVwvc6dqdX5gnv3MJVUXBa3:0:bddb7fd34ee661ee,SELL,1787066900470567,EPjFWdd5AufqSSqeM2qN1xzybapC8G4wEGGkZwyTDt1v,9831272,0,7079702013,0,1048985137211528,0.00000674909659046234617565671079489821911459244012828037841354573
9PTH9TNLipkBnWvb4HqJi3oMrLyQthFvEFyMzqyzpump,4FB8mGqjyz39KLhVVvKV814DwtU38FFodtbzydpdJq7zFrPSc5E1XAQLyRmZHduapUYwsTrhGMZmxDQRKUWx4gk9:0:bddb7fd34ee661ee,SELL,1787066905318580,EPjFWdd5AufqSSqeM2qN1xzybapC8G4wEGGkZwyTDt1v,19691787,0,5517500097,0,1051910967667690,0.00000524521586578136875587536097566856171978275232234388721027015
9R4FztKGrvaiQMAJiRrC9ZNT49KBMRSwnf69U39Kpump,5EipiMiYiuStz3X13fp4Mpv3TjQ6pR2TuKUaCHRGBrtk2ZJW1JTKCm3MTq6bkgH9pXNrp1tsyAnZeA3xRU8qcUov:0:bddb7fd34ee661ee,BUY,1787069771568392,EPjFWdd5AufqSSqeM2qN1xzybapC8G4wEGGkZwyTDt1v,7586328,0,5505590865,0,1049077869979757,0.00000524802879037590969944259670642544054916359087151149091536170
9R4FztKGrvaiQMAJiRrC9ZNT49KBMRSwnf69U39Kpump,3jmGjyz63UpnFAkYWZqF4mVYK5PYJvqFfhstwMXJXsg7Unr9m9mLXpEHSfWLL6Qv8zpxrokNiBeBQUosPaxiVHho:0:bddb7fd34ee661ee,BUY,1787069771610394,EPjFWdd5AufqSSqeM2qN1xzybapC8G4wEGGkZwyTDt1v,10070634,0,7273421006,0,1047162437122251,0.00000694583834193707266913724382297080314904190584925123509565230
9R4FztKGrvaiQMAJiRrC9ZNT49KBMRSwnf69U39Kpump,5WtPUcZrjpiAjpbriBXWLu13wX9vCz6jGGyqmA2Vxp6iMpbBYdvnNB391gsXBwRQQ37kDQ6NSJAUU3uVxV7okLso:0:bddb7fd34ee661ee,SELL,1787069773957935,EPjFWdd5AufqSSqeM2qN1xzybapC8G4wEGGkZwyTDt1v,9393799,0,5622301525,0,1048516621822125,0.00000536214820822725317991041124322449167609720206885360165324812
9R4FztKGrvaiQMAJiRrC9ZNT49KBMRSwnf69U39Kpump,3P7bexRhDS6mp5XMy5HeP6TBPgjTsWXyGp158YqJFRNQ7Ki3tBNxyLVVVkfB7YpXcddoaF8G7mXZEihdz1i7X89E:0:bddb7fd34ee661ee,SELL,1787069773994939,EPjFWdd5AufqSSqeM2qN1xzybapC8G4wEGGkZwyTDt1v,9720242,0,3910849646,0,1050332512914221,0.00000372343957548174358318207034577608549397568428655101550913911
9R4FztKGrvaiQMAJiRrC9ZNT49KBMRSwnf69U39Kpump,3CyzkKUb73xiz3Lkguz8xAgZXre6Fbb4E3BKGn98yQsJS9AmQ2Jp3JaWszhLrYfEiVE6B4EMtNFDwE7tafeqLdq6:0:bddb7fd34ee661ee,BUY,1787069775891518,EPjFWdd5AufqSSqeM2qN1xzybapC8G4wEGGkZwyTDt1v,759863,0,3911609509,0,1050128477270506,0.00000372488661498548793408897871541229209386413250733813684777352
9R4FztKGrvaiQMAJiRrC9ZNT49KBMRSwnf69U39Kpump,t59KKZc97SBg1dgpQjD9jQh2NLx6WpDKYA5kA2TQfVroefUKWs7CtnZUPWjLfb9DbJGn8VJVRDgxLahYqwEEQyA:0:bddb7fd34ee661ee,BUY,1787069781034356,EPjFWdd5AufqSSqeM2qN1xzybapC8G4wEGGkZwyTDt1v,24630979,0,3936240488,0,1043557310822153,0.00000377194471945089851660306555840161748468173250601489205703742
9R4FztKGrvaiQMAJiRrC9ZNT49KBMRSwnf69U39Kpump,4dRY1xfJY8HzWSpkXfKfPzuWvwE2b8sGLaM6hqbwVYrBpepeaCAv8aEXZfxhQAy3LKNrKum1hj5GBcNnC8kPNcV2:0:bddb7fd34ee661ee,SELL,1787069783045863,EPjFWdd5AufqSSqeM2qN1xzybapC8G4wEGGkZwyTDt1v,9049244,0,3193246122,0,1045961931629454,0.00000305292766919862446400283858575303850216648745570578113617423
9R4FztKGrvaiQMAJiRrC9ZNT49KBMRSwnf69U39Kpump,4AsKMTVbKfSr5vrsG9FRTNSzX7LNLecugH5JZSwaBccNhMfpnW6qXkHYGnAVGE8PM2x8oersoQ8wpNJP8Fyq3u2g:0:bddb7fd34ee661ee,BUY,1787069785665612,EPjFWdd5AufqSSqeM2qN1xzybapC8G4wEGGkZwyTDt1v,3024317,0,3441334494,0,1044972240515529,0.00000329323053816457761011005753534426153642273616224438962035423
9R4FztKGrvaiQMAJiRrC9ZNT49KBMRSwnf69U39Kpump,33sx5wt72eSLkRiLMbBK9gvGmZMkMRG5FLL3vNXwEUSdG3eixsKRHsyPqjPjR7NH2XnDcRizcYDoNTvt3yz8iSzZ:0:bddb7fd34ee661ee,SELL,1787069785698619,EPjFWdd5AufqSSqeM2qN1xzybapC8G4wEGGkZwyTDt1v,671805,0,3440662689,0,1045176276159244,0.00000329194487808655305704048045670015354438952147530110513356806
9R4FztKGrvaiQMAJiRrC9ZNT49KBMRSwnf69U39Kpump,28XhpBSjAZabuZQ7pV364ArV2YuzUsY5Hw2JrukqSv4XtGLvxAVUxw5jJKLdBMZf1JB5RvJ1CHQK6zft5S9p3Cgh:0:bddb7fd34ee661ee,BUY,1787069785713614,EPjFWdd5AufqSSqeM2qN1xzybapC8G4wEGGkZwyTDt1v,16789516,0,4833876424,0,1040100861440273,0.00000464750737472356345411037261641923005489297092894350273035805
9R4FztKGrvaiQMAJiRrC9ZNT49KBMRSwnf69U39Kpump,2aP2S8pXAzoZ7C8x5zsJi23zh54my4Vnf5SGTnkTJXey4oiYGU7CkhF2k9sDiUXWfeHW4o5HKfpdNRNBh6SeyHpu:0:bddb7fd34ee661ee,BUY,1787069788453712,EPjFWdd5AufqSSqeM2qN1xzybapC8G4wEGGkZwyTDt1v,6142768,0,5342942284,0,1038780805044838,0.00000514347421328157570568978766267083776233347416966613248613167
9R4FztKGrvaiQMAJiRrC9ZNT49KBMRSwnf69U39Kpump,59G8Hf6sh1482E8v9WHsaQVaq3DWUpiFBSj3wWW6sqdGVuHb3GM1VxB7sP2x7GY4cawXqTgMdcQrMUjUfrwtgy4w:0:bddb7fd34ee661ee,SELL,1787069790305276,EPjFWdd5AufqSSqeM2qN1xzybapC8G4wEGGkZwyTDt1v,11270869,0,4406961744,0,1040976732457283,0.00000423348726882408188279305109808232026334631112870658170304970
9R4FztKGrvaiQMAJiRrC9ZNT49KBMRSwnf69U39Kpump,3izhakLXF6Dkhsb6wkLNZUJ7s5NcGEDm99Q4yc1mmFE3q9ycxyMvaX6Gn28qzv6wSfopNVr4sqdWc3V1HytQ3qag:0:bddb7fd34ee661ee,SELL,1787069793079802,EPjFWdd5AufqSSqeM2qN1xzybapC8G4wEGGkZwyTDt1v,6282594,0,3884479754,0,1042462874707835,0.00000372625236662617891567154136102657457393322439457923190333492
9R4FztKGrvaiQMAJiRrC9ZNT49KBMRSwnf69U39Kpump,5YTJvC2KYrYuBb3MDaPcRaBWDnpX5jAXSdEpqLShtgUFU4yh2fco7XGGZ2VLyudbn1M5JGrMBjuWZqjYMBmhZTDm:0:bddb7fd34ee661ee,SELL,1787069793143802,EPjFWdd5AufqSSqeM2qN1xzybapC8G4wEGGkZwyTDt1v,1209384,0,3783870615,0,1042787533782256,0.00000362861128697584558588640408627405894110128352385075393471031
9R4FztKGrvaiQMAJiRrC9ZNT49KBMRSwnf69U39Kpump,39QNNc8fuZRiBbFHp84NiWXQiqnT7MgKs5EkFtnyPGcrwJsgu5eJmo3A6MtfiNEgvXQB21HrNjCCLx2rYouumFeG:0:bddb7fd34ee661ee,BUY,1787069795618601,EPjFWdd5AufqSSqeM2qN1xzybapC8G4wEGGkZwyTDt1v,7588084,0,3791458699,0,1040700537987767,0.00000364317933988092837217766807455695714606813747680396752687539
9R4FztKGrvaiQMAJiRrC9ZNT49KBMRSwnf69U39Kpump,59aTz4v59ffYCs4xQkcs9Kb6Enc71ttjywiofcdD2XxdqTwdNfM7GLeTf3hebnt9umAoBTyWtjHTyB4eyPm5b8a1:0:bddb7fd34ee661ee,BUY,1787069795670602,EPjFWdd5AufqSSqeM2qN1xzybapC8G4wEGGkZwyTDt1v,750043,0,3792208742,0,1040494702759087,0.00000364462090190769241748008005320174948152234185169320553717126
9R4FztKGrvaiQMAJiRrC9ZNT49KBMRSwnf69U39Kpump,9eTtK8Wy2KJKHARSE5iextoGL4ZdHU3XRYxaiE3ptnGiFsBNogEypCjDD1DSj64DDFqzqCA3xbwBjWjn3wv9hAC:0:bddb7fd34ee661ee,BUY,1787069795695601,EPjFWdd5AufqSSqeM2qN1xzybapC8G4wEGGkZwyTDt1v,9661207,0,4468512438,0,1037850626333379,0.00000430554486803828526807504618262321034499550107550423623962768
9R4FztKGrvaiQMAJiRrC9ZNT49KBMRSwnf69U39Kpump,5nHMQX4Q4mettqggNMxsF8rVfq2jjtk8WvyX6e3owg1B17YXDGraSkS7XiE8rfyko1FZVgAq8irZjbyDouGxne5J:0:bddb7fd34ee661ee,SELL,1787069800259443,EPjFWdd5AufqSSqeM2qN1xzybapC8G4wEGGkZwyTDt1v,16505415,0,3308919226,0,1041698364274681,0.00000317646579804697206774787606891062147575337997019124226675650
9R4FztKGrvaiQMAJiRrC9ZNT49KBMRSwnf69U39Kpump,5zUwcao2FzszLmpDQJ1kwk7T6k4pu6opvN9ifgDWZkExS2rkWAL5VPomHqyGnbtWMRUAXPe3oeawPQtGouv9NKew:0:bddb7fd34ee661ee,SELL,1787069802642537,EPjFWdd5AufqSSqeM2qN1xzybapC8G4wEGGkZwyTDt1v,5271427,0,2937971882,0,1043360538410893,0.00000281587406638430584120975583608645144603209988950677793422631
9R4FztKGrvaiQMAJiRrC9ZNT49KBMRSwnf69U39Kpump,2GLBLkSdhurA2YTC193TaxdZUYzK4uvLY5DyPwHwKDjojRW5uq8tK3VjANgX4aZuK3NDM9oBk37u8wuoihkxRaSh:0:bddb7fd34ee661ee,SELL,1787069805417342,EPjFWdd5AufqSSqeM2qN1xzybapC8G4wEGGkZwyTDt1v,4788404,0,2600464890,0,1045063818433470,0.00000248833118526488215011882799140979506245196227268002872687856
9R4FztKGrvaiQMAJiRrC9ZNT49KBMRSwnf69U39Kpump,4At79E6F5K21BYTMnwb7ozWBLUvK9rZk67jh6FWTVy98MJFtk83duBcrnhxqmxG6tvtS8fRPieMcLt6ZGVu2pW3P:0:bddb7fd34ee661ee,BUY,1787069805426341,EPjFWdd5AufqSSqeM2qN1xzybapC8G4wEGGkZwyTDt1v,7588044,0,2608052934,0,1042023240118637,0.00000250287405653550157917283850516776569998804612136147575009943
9R4FztKGrvaiQMAJiRrC9ZNT49KBMRSwnf69U39Kpump,5YNx9fMrrEVe9EyJx3TtB4Y8oF6TyufW5oDmqNZxEXUjDXsmV9ALzEogZZ93pkAhHEi7YJrahGQwL4JB4DasVeF9:0:bddb7fd34ee661ee,BUY,1787069805488341,EPjFWdd5AufqSSqeM2qN1xzybapC8G4wEGGkZwyTDt1v,7915053,0,3068348018,0,1038870422800629,0.00000295354256956148874366023179419391755370076171337767940627743
9R4FztKGrvaiQMAJiRrC9ZNT49KBMRSwnf69U39Kpump,5BGMpbaFbZFNvvwmjVeWGybUBnVXVxEXLksdk41haCRa5Vk2fuXonuBVViDRZJdHuGJSmhgcxQsvTLujhGpbkpim:0:bddb7fd34ee661ee,BUY,1787069840093488,EPjFWdd5AufqSSqeM2qN1xzybapC8G4wEGGkZwyTDt1v,2729766,0,2334325485,0,1039986269903800,0.00000224457336846949715792571533333075042910558635671214910127199
9RctEcZFSxhxB24QbdQGgRsaXK9MMhhiz7S3KGmapump,2m3GKk8uPp3hhDCEUoNCYHJf7JwhTa3g9aGHQWApFdrcGu3SKjvc5LfxPhpu2Nzpd72cwdWVbEcVxEneb7yKsJhX:0:bddb7fd34ee661ee,BUY,1787064236131110,EPjFWdd5AufqSSqeM2qN1xzybapC8G4wEGGkZwyTDt1v,15183901,0,1679126222,0,1062542671318653,0.00000158029062486134794629443817684517104126141557301177426634669
9RctEcZFSxhxB24QbdQGgRsaXK9MMhhiz7S3KGmapump,5AgjdDMEfKstSE2Nm9SBTQ9w2gp7EBx8bQM1uEqreP14ghGQtJXhfbUpxwf1cfS8NiR9vhvxNUZzcNfuBimCpk6D:0:bddb7fd34ee661ee,SELL,1787064248810992,EPjFWdd5AufqSSqeM2qN1xzybapC8G4wEGGkZwyTDt1v,10001448,0,920197805,0,1068909460973579,8.60875348752054115825042755229400532582540207744838451597189E-7
9RctEcZFSxhxB24QbdQGgRsaXK9MMhhiz7S3KGmapump,2G1yp7AbBVffbGGdmtC9AzC7tumGPnn6N1quct7PzgoYZQZN2bin3ax8SYc2dnPdhRTbbUCWVDzyza8AS3V4yZ5j:0:bddb7fd34ee661ee,BUY,1787064254406039,EPjFWdd5AufqSSqeM2qN1xzybapC8G4wEGGkZwyTDt1v,1769180,0,1054202566,0,1066858310258931,9.88137371066773245992065559898041636391284406874581440194769E-7
9RctEcZFSxhxB24QbdQGgRsaXK9MMhhiz7S3KGmapump,55HKWELkz1cpRJoQbYfjXo99yzxmUL4TVxkAigUgnXrTMbyGhenuLVCZpRHFSLq9PW3GvZAQ1EgQU1pPpcNY3TbC:0:bddb7fd34ee661ee,BUY,1787064259826218,EPjFWdd5AufqSSqeM2qN1xzybapC8G4wEGGkZwyTDt1v,6148328,0,1517225411,0,1060672249721694,0.00000143043754694072495244302412796658748539699148036624424833855
9RctEcZFSxhxB24QbdQGgRsaXK9MMhhiz7S3KGmapump,5caVdne1JJM222ier2dwHHwAxSyiuVdqnJCipcdZYCX3H3j4qpkxxaiAHCULyXfQY6Pd8vWw6Znxcm7GCErf6RAW:0:bddb7fd34ee661ee,SELL,1787064269469878,EPjFWdd5AufqSSqeM2qN1xzybapC8G4wEGGkZwyTDt1v,3265544,0,1270796482,0,1062960073223164,0.00000119552607290942114197853030766801272169662727207185878133671
9RctEcZFSxhxB24QbdQGgRsaXK9MMhhiz7S3KGmapump,3tNxoi2ZMrcQsF4u2QtVLcwGrRvmYsHxwWLUB92ocXCL1kxbQJvVLgoYRr1dPCJdzgwKcMsoA8ThWy6Fg8syXgXA:0:bddb7fd34ee661ee,SELL,1787064284444180,EPjFWdd5AufqSSqeM2qN1xzybapC8G4wEGGkZwyTDt1v,1386431,0,652355190,0,1072804104238839,6.08084166925190832095991261097026473708239369343424712761339E-7
9RctEcZFSxhxB24QbdQGgRsaXK9MMhhiz7S3KGmapump,63qaHZkiv7bqt5bkP2njwgaNJAvGSdmQwSkEFbdLbYWDBfzpUE2opbEdaKYhQHQ16z8YuNdaX5FpzHAnEP2ZeALL:0:bddb7fd34ee661ee,SELL,1787064290142385,EPjFWdd5AufqSSqeM2qN1xzybapC8G4wEGGkZwyTDt1v,208770,0,623393201,0,1073147539975233,5.80901672676235358771984252166021583549821915968589407000639E-7
9RctEcZFSxhxB24QbdQGgRsaXK9MMhhiz7S3KGmapump,34bAxedy1kd3UoYsWi468AN51DeGRksqUuSBT6HUYWMgUUcrQMf6unLcd2TaxTXNvZFcD7dxLw1dcbFtLUqGMvdQ:0:bddb7fd34ee661ee,SELL,1787064295754327,EPjFWdd5AufqSSqeM2qN1xzybapC8G4wEGGkZwyTDt1v,287334,0,583513942,0,1073642404275545,5.43490029525924015026402838760781499268783036799637412723728E-7
9RmTCsQzTTiCz6udn2dfhXGRytYZToZun5pRKYXUpump,5UnWXtz5HAnumXfhWrivDanxJ94ybHaXFGdCTC61Ya4E9QACyFHDy1wEzcsqc5gEmd17HbN329yCGekaUmAMKrku:0:bddb7fd34ee661ee,SELL,1787066453471685,EPjFWdd5AufqSSqeM2qN1xzybapC8G4wEGGkZwyTDt1v,1983579,0,7059046723,0,1070587336622292,0.00000659362060574275525150722439428245424083101893292410808621109
9RmTCsQzTTiCz6udn2dfhXGRytYZToZun5pRKYXUpump,4LMXkaZCueWCE6v9cpAyfLQoeUSWX3irD6Vz89pLG2etnrVeSPgraJknTMUf4RLvBriSPP1fF2xT1LUDzvceogQv:0:bddb7fd34ee661ee,SELL,1787066458480851,EPjFWdd5AufqSSqeM2qN1xzybapC8G4wEGGkZwyTDt1v,1301836,0,6203221634,0,1070784811910653,0.00000579315429673614100248415177385701610842310193155716789180499
9RmTCsQzTTiCz6udn2dfhXGRytYZToZun5pRKYXUpump,2M4LNUQNfJQCcWmiSXNFpnpaXU3wbj5y4Qn8pAkgtYLP6UQWivHEJfLNmVx8nyTrd4eUgBAzHgSsxEBoGc5xbdx4:0:bddb7fd34ee661ee,BUY,1787066458492851,EPjFWdd5AufqSSqeM2qN1xzybapC8G4wEGGkZwyTDt1v,9821859,0,6213043493,0,1069092067222050,0.00000581151397853329438377235847741385195414629727449078030638808
9RmTCsQzTTiCz6udn2dfhXGRytYZToZun5pRKYXUpump,3xuygnqsRChoa5g6bQsU6RS9z1mzGGRr4JQYtjyV2tEwBXyE8WZEgHfMFo5JYdbrfJH3AsEQvJLSvyMn4cUgrn39:0:bddb7fd34ee661ee,BUY,1787066468182801,EPjFWdd5AufqSSqeM2qN1xzybapC8G4wEGGkZwyTDt1v,8428679,0,8922290385,0,1067643690759544,0.00000835699256430063895169074196287059691848449489187409781988819
9RmTCsQzTTiCz6udn2dfhXGRytYZToZun5pRKYXUpump,43BXDHiTn7vJG8xWbPPWjsn7qrkjmkc3svrErNobirUa7UkCK4xjEyhKQ6g1GJ1Ceod3LPh7bsZbeQfyZGTs2cJ1:0:bddb7fd34ee661ee,BUY,1787066477566974,EPjFWdd5AufqSSqeM2qN1xzybapC8G4wEGGkZwyTDt1v,4637867,0,10412270597,0,1067089010661155,0.00000975764017150611213998715667410611925347386786878208490706448
9RmTCsQzTTiCz6udn2dfhXGRytYZToZun5pRKYXUpump,2CnxRFfAwTbktXdzkUC7MroH5ienGhkMe5nBiiJfA5WbibxezuEHufiSHjYsachXRAY3AHCE5tEhwqSibZ6shKqZ:0:bddb7fd34ee661ee,BUY,1787066490822396,EPjFWdd5AufqSSqeM2qN1xzybapC8G4wEGGkZwyTDt1v,1636850,0,6247849524,0,1066607420201823,0.00000585768428539319985648429881105155762094467848936217052872317
9RmTCsQzTTiCz6udn2dfhXGRytYZToZun5pRKYXUpump,kHNmiQALwAxWnSMrzjNKQkJ8gmRPdNYMuRgA3fs94QPEd6yLFuUHttjKenaR3BMvv9BstUQxE8uzYF3qqQjMQ3q:0:bddb7fd34ee661ee,BUY,1787066497831759,EPjFWdd5AufqSSqeM2qN1xzybapC8G4wEGGkZwyTDt1v,1142631,0,7293031785,0,1066412390559775,0.00000683884756925206401805020838542202665241950633248163109089073
9RmTCsQzTTiCz6udn2dfhXGRytYZToZun5pRKYXUpump,5rpiQ3jQuzJR2ckEduxTAEmpxYG1qN9RqXzSVnYs9r6eucic5yUgJY5gZepZKq1wBqLmwguutF4CV7fBoUryuepp:0:bddb7fd34ee661ee,BUY,1787066505023822,EPjFWdd5AufqSSqeM2qN1xzybapC8G4wEGGkZwyTDt1v,938992,0,8151831679,0,1066275105570015,0.00000764514864542593873546127059930377333468538557188701310178373
9RmTCsQzTTiCz6udn2dfhXGRytYZToZun5pRKYXUpump,aq1aH5ZuTnMFWSfguFV5eKeMXKmRMHFeNnkBrEtdtJ2LUeTxX9ZTLiKw181W3RDW43ADp5k7fXrvTdGrc7hLWGR:0:bddb7fd34ee661ee,BUY,1787066507570064,EPjFWdd5AufqSSqeM2qN1xzybapC8G4wEGGkZwyTDt1v,441603,0,8555698841,0,1066217346185712,0.00000802434782327184378507057166840256413753525916552669923440892
9RmTCsQzTTiCz6udn2dfhXGRytYZToZun5pRKYXUpump,2VhTXjGBFNzpSCXXEPc1HJxsrmPygr31MFcyqksxNrMMkpLcUGEwUNKq5brCQM9B3h8Eko5bakHQdgy6hbHBUALX:0:bddb7fd34ee661ee,SELL,1787066519109298,EPjFWdd5AufqSSqeM2qN1xzybapC8G4wEGGkZwyTDt1v,2114751,0,6621179911,0,1066480953258702,0.00000620843709469780367163058822536873151725257152250681146668772
9RmTCsQzTTiCz6udn2dfhXGRytYZToZun5pRKYXUpump,KU41Gp98dPMoLrE9s9GmVkTf4sQ3r2GSm5Y4ruWaPe7NZzxCZutguddZMPKkZZWhq4n35WdT92Q1LSt5GbiUvpj:0:bddb7fd34ee661ee,SELL,1787066523831872,EPjFWdd5AufqSSqeM2qN1xzybapC8G4wEGGkZwyTDt1v,105873,0,6621074038,0,1066498006676416,0.00000620823854948740346103368945305035658446931029757556528029282
9RmTCsQzTTiCz6udn2dfhXGRytYZToZun5pRKYXUpump,3T1J1RwmY8rPVXfXhKaAbY6wZQVCHTsvXVAGabAoiPagPwVmMiWpPTin9sUTcnZG2dNovmiv7J7X3rijLb2SDaiA:0:bddb7fd34ee661ee,BUY,1787066526183685,EPjFWdd5AufqSSqeM2qN1xzybapC8G4wEGGkZwyTDt1v,3586363,0,9948740165,0,1065920641383829,0.00000933347172270167426295963722624118450023435881138879858860285
9RmTCsQzTTiCz6udn2dfhXGRytYZToZun5pRKYXUpump,3SMFX1niSn5LDQtZN9WczTP3kiJg4ptaCw5yHWQYwpxkihBBaUsG9z3czi17ZMx8WZyL59EHk8PsAMLWo8JeeF7x:0:bddb7fd34ee661ee,BUY,1787066540344610,EPjFWdd5AufqSSqeM2qN1xzybapC8G4wEGGkZwyTDt1v,815690,0,1366461984,0,1055664984098423,0.00000129440874196183474850378322157933026978424205918060984374686
9RmTCsQzTTiCz6udn2dfhXGRytYZToZun5pRKYXUpump,3Y7WT3qXVUXFaUTo5d6E6x82VctocTvtBzJF1chp39RQ1qzWTKnQ4E8qRCfXH35hiFLU5eaifnVy3sVTaU74Qcdd:0:bddb7fd34ee661ee,SELL,1787066554564691,EPjFWdd5AufqSSqeM2qN1xzybapC8G4wEGGkZwyTDt1v,6144098,0,1360317886,0,1060433067793109,0.00000128279466881487203096704797342174501320737599586764982621332
9RmTCsQzTTiCz6udn2dfhXGRytYZToZun5pRKYXUpump,5DuPbtQVUrh69kiZbnA36fEGDGzg7Yzpqsudfsu73aACLtK3JZVeeumbUp71tVgEQEFAsY3DiN1WEvpU9MQ5kyg2:0:bddb7fd34ee661ee,BUY,1787066563684898,EPjFWdd5AufqSSqeM2qN1xzybapC8G4wEGGkZwyTDt1v,242840,0,1441680204,0,1060243796148513,0.00000135976292361918006349225052313399756791201315286610098742648
9cwikQxaYdjaAcGuCgsjnCzKaSwvzPRVLJvyhvwPpump,5zw1SGTYHjn8t3hjFGK9xTi5LeYsYqPFk8ZPjvRbcmBzcJbQPxsgykKkahXSxJEMhHNJD98EHd2YYjXacYjpVRkS:0:bddb7fd34ee661ee,SELL,1787069072193670,EPjFWdd5AufqSSqeM2qN1xzybapC8G4wEGGkZwyTDt1v,264152493,0,4888959591,0,941982834249350,0.00000519007291135610579454928264661894716869709488090881642482817
9cwikQxaYdjaAcGuCgsjnCzKaSwvzPRVLJvyhvwPpump,2wxjFyLuh2PeaaXjgF5m2DFDx6hxinCp3ZMybmNKJwEkKuZo8w33TGo9yMKmvfsUWPhMihCuvN3vwP359gsEZ9Tq:0:bddb7fd34ee661ee,SELL,1787069072194674,EPjFWdd5AufqSSqeM2qN1xzybapC8G4wEGGkZwyTDt1v,333673683,0,4555285908,0,1010982868242200,0.00000450579930787580409090817575474685475303258232741438360387749
9cwikQxaYdjaAcGuCgsjnCzKaSwvzPRVLJvyhvwPpump,5HSgVKTzgUbVXafZ7biY81kUhrWJnKP3i5SSFUyrP63tean7qLNzTeypa38bpoCYd9HL5va1SQSEHvWH1SySMxiR:0:bddb7fd34ee661ee,SELL,1787069072195672,EPjFWdd5AufqSSqeM2qN1xzybapC8G4wEGGkZwyTDt1v,263285895,0,4292000013,0,1073000000000000,0.00000400000001211556383970177073625349487418452935694315004659832
9fsqYWLdNaGWyTpy8tir1bQEKAbEbppTpNDvdELepump,2X6G2KZD8jemEFKyTx61br98Bv1CRKhbTP6bz6sWCfLtdJvcs7EuHUbbbx4vf9vhAajUUT7rm1HcZHHy2Soh71Ej:0:bddb7fd34ee661ee,BUY,1787070128644000,EPjFWdd5AufqSSqeM2qN1xzybapC8G4wEGGkZwyTDt1v,2728316,0,8579920127,0,991373078724055,0.00000865458252915519080381214298271048955462310474959999659233068
9isGuumtaqvJeJeyLF44fvfskk2cv5mYsopexMBfpump,5EaF9DoNTewEjvT2xwXcKURjdJyvqHGwAUoRDr28QoF3Moyf3jcVMYTqXSg8PzhfivapmW6de5iqu3Lj4KLynf6j:0:bddb7fd34ee661ee,SELL,1787064210233955,EPjFWdd5AufqSSqeM2qN1xzybapC8G4wEGGkZwyTDt1v,191648851,0,6270067265,0,734492623829400,0.00000853659664042636238489542329680789172150410366502005891518990
AVVHLJ2gAQx4eaD7eXQsYXAuf5Wd3cFNpFvzMfykpump,2BNLL4BwRf1Qg4Fh5YExjfGx8nHzRjADU5T6UrhdPdLPpXRwEPVxwVedfgwR1nDjoBxePzSjxYEzTbSJDkUSBcBR:1:bddb7fd34ee661ee,BUY,1787068185355286,EPjFWdd5AufqSSqeM2qN1xzybapC8G4wEGGkZwyTDt1v,9876542,0,4301876542,0,1070536533309933,0.00000401843039274826486756090184248036961598444730873009103769031
B5qtdQTve5BzzGTAAfNcrJeobvur6u1SPjq2CXyApump,42um8CBGWe17ophXV1k8QBhWRczjbgvqQ9WiazzGLtfUzGHPNv343d1hSVUcNck9qp4bPfmT4fSXTuZoJuS652XD:0:bddb7fd34ee661ee,BUY,1787068002130865,EPjFWdd5AufqSSqeM2qN1xzybapC8G4wEGGkZwyTDt1v,42982002,0,1147112015,0,901266563361629,0.00000127277773483728660255259784136195297331375457697249581207864
B5qtdQTve5BzzGTAAfNcrJeobvur6u1SPjq2CXyApump,26ujKGSiZDWcyj6gDQJBL3uVojTwXvCEScxTC3SeXZAE3FdJNGPkMiMAe2DnpaLjNK3er985zBqJGhgakcvdDaT4:0:bddb7fd34ee661ee,SELL,1787068009397687,EPjFWdd5AufqSSqeM2qN1xzybapC8G4wEGGkZwyTDt1v,12718954,0,1097387208,0,911371675307924,0.00000120410501854715549094598062048170398034236886236019614108218
B5qtdQTve5BzzGTAAfNcrJeobvur6u1SPjq2CXyApump,Jc1EAG8jM4MpM2BYwWSLzb8P4HppjEpXYVG3j7g6XKqe212brKJzJMeKgj2e6KzRr84j5JUGW8oEBmrBo6gGVxw:0:bddb7fd34ee661ee,BUY,1787068016940179,EPjFWdd5AufqSSqeM2qN1xzybapC8G4wEGGkZwyTDt1v,62126632,0,1330994344,0,862540474908386,0.00000154310943395597803996669602334140770551364528781438007230655
B5qtdQTve5BzzGTAAfNcrJeobvur6u1SPjq2CXyApump,4Ns3YQLr7JK5yz1knXrXTKjMbpuMcCtyAq2dT4VjBP2aKgwxM1CMzwf39FKaTQLBY37tzh4aRoyhXCmWc21SKtDA:0:bddb7fd34ee661ee,BUY,1787068026725435,EPjFWdd5AufqSSqeM2qN1xzybapC8G4wEGGkZwyTDt1v,60118434,0,1547991021,0,825264861145669,0.00000187575055461710890954738028311027610993800593836436301746816
B5qtdQTve5BzzGTAAfNcrJeobvur6u1SPjq2CXyApump,4YALFHCusnSnngWGGwjvXk7FG1uQWf2GdGxVCxGhR9EtPuCTtbKDK2GZzY8YetoPvUpkStBxySavqxWHJuLjYQkv:0:bddb7fd34ee661ee,SELL,1787068034221374,EPjFWdd5AufqSSqeM2qN1xzybapC8G4wEGGkZwyTDt1v,18132575,0,1482456141,0,835046274493917,0.00000177529819158638631696502465860183685544755397096462044128954
B5qtdQTve5BzzGTAAfNcrJeobvur6u1SPjq2CXyApump,5SAcXLmXzihKXwKspD7q11bvcVumd8xxyHGqjKLJSChgsfzQMXNMMQqrxvqAFdAzYBhN68mvHYdS48fJ817UrJYB:0:bddb7fd34ee661ee,SELL,1787068041071932,EPjFWdd5AufqSSqeM2qN1xzybapC8G4wEGGkZwyTDt1v,82462549,0,1171105853,0,884232246205103,0.00000132443241922705783964281342881012737609521248423317920238607
B7PKCAUcUEfMBXfAe1LdkT3c9rMDKqRvZDoZKM2Tpump,3NChW8i5V985jPamoMuBGa5nB2FaJwohZvP1WSFhnjas1n2eSnhouhi6zKsvDrVsXvRVUSqZgmZNBed9ZTxcdzBJ:0:bddb7fd34ee661ee,BUY,1787071594631992,EPjFWdd5AufqSSqeM2qN1xzybapC8G4wEGGkZwyTDt1v,2728204,0,4695406619,0,1062959244500565,0.00000441729694086827637278092219823521068117301378431648537886333
BThniFe6cxjbUJB2A8fU2V2oG3wrkDUYFYhb2Zeppump,WhAQ6k11ELY2WtqYFtCNbDKAPYfquqxuhhDBguXUnPXqjWgqVP8BrETm3SUo46VtYxj7X1kjo3DWLJbyDVq9tmd:0:bddb7fd34ee661ee,BUY,1787066834817942,EPjFWdd5AufqSSqeM2qN1xzybapC8G4wEGGkZwyTDt1v,3752394,0,4434333625,0,1038558754891228,0.00000426969933488685840990701904290663485412054562705255899455179
BULTap9HQpqx56h8Mof4yCPLtx2GykC9XfZbSF47pump,3Ndw23rhztAuGha3BygXp3vwhS1iuHLj7vNcgnkpdebePa5cLER1uCSwjFskDLz1vXPj81kDe3zGayCa22CQTDYz:0:bddb7fd34ee661ee,BUY,1787069051404311,EPjFWdd5AufqSSqeM2qN1xzybapC8G4wEGGkZwyTDt1v,760906,0,4301851429,0,1070542792728698,0.00000401838343896094536013282226457878264939639165862521466693797
BbZSWiCj7Qz4v73yJLoSxzc2EUsL5m1gfS6exCFGpump,uYM2YgeQrDuDMRQVD87UV2vg3LqwN6YzJRKDgzHN2PPE8dHuf6nLfy9p4H5cgz5k4ASqBmoaC1q2fZxjjjeEFqM:0:bddb7fd34ee661ee,BUY,1787069423164092,EPjFWdd5AufqSSqeM2qN1xzybapC8G4wEGGkZwyTDt1v,3654038,0,19245059275,0,1060942718028366,0.0000181395837380972085315591322837033635718309066983213362331551
BbZSWiCj7Qz4v73yJLoSxzc2EUsL5m1gfS6exCFGpump,4545heWSs29XVYSCitoTuazj229Um4yucyrMuaURccd15oQuwPGVwGredghPUWhT1wZoWMxuic2bXQsKim8tubEd:0:bddb7fd34ee661ee,SELL,1787069428482488,EPjFWdd5AufqSSqeM2qN1xzybapC8G4wEGGkZwyTDt1v,2219087,0,17029991309,0,1061065066144932,0.0000160499029252498785679913097802278258126462724853496877223110
BbZSWiCj7Qz4v73yJLoSxzc2EUsL5m1gfS6exCFGpump,2AKur6j7bmyaxBdQXjqDbiES6Lsp125XokhN2NnD3AvT9icH8DTuxmowZEQWUw58rX9CJWDt9UkS4poRAZmBimNH:0:bddb7fd34ee661ee,SELL,1787069439276827,EPjFWdd5AufqSSqeM2qN1xzybapC8G4wEGGkZwyTDt1v,4763749,0,12273540308,0,1061361957842345,0.0000115639534819497601460074089407101192301709138959289847001118
BbZSWiCj7Qz4v73yJLoSxzc2EUsL5m1gfS6exCFGpump,4AWtHdjR3YBxygnmedSmyLj6WkaaHLtPx66RsfPNVvvZvZ2ivfkktiptHeGn7PLgUCKiPPupp4GpRcW6Q1MheFpV:0:bddb7fd34ee661ee,BUY,1787069444310829,EPjFWdd5AufqSSqeM2qN1xzybapC8G4wEGGkZwyTDt1v,1318880,0,13590258821,0,1061247919136278,0.0000128059227028315468158798080649292010687349845693831073348410
BkKhEMnJtB4xQrG3w7ud9H8c7JM5mM6UwRU4NmmUpump,2WceXUQMu4YfxtY73Axna4q55tny78SBpYUmFUv5cu2JLD6bC2HGrrAFHuS1T8jeCd7b9XAzJbvPRsJmXkZVCWyH:0:bddb7fd34ee661ee,SELL,1787071128815143,EPjFWdd5AufqSSqeM2qN1xzybapC8G4wEGGkZwyTDt1v,44819487,0,10391516492,0,1020872153264509,0.0000101790576408322773032688405232556698625456247706346431584408
BkKhEMnJtB4xQrG3w7ud9H8c7JM5mM6UwRU4NmmUpump,5hp6XWQ9unPjyEuNC9jsVTm8d6gXiyQUc8B2MRrfxdsje1t2D9q7DwoiMTfiFR4UBtj2ZDj7q4CZLzHxE1rdtgn7:0:bddb7fd34ee661ee,SELL,1787071134483661,EPjFWdd5AufqSSqeM2qN1xzybapC8G4wEGGkZwyTDt1v,75200282,0,7832070572,0,1028313750950835,0.00000761642112123662668440344405249395067832839384552780864584137
BkKhEMnJtB4xQrG3w7ud9H8c7JM5mM6UwRU4NmmUpump,4JGDTJsxGFuGGxWC7VGMiJs3GJiRdXXP44LndWhjV1RyGddHsHo9fwmFMF2GV26f7dDLSDeZFrF4tkSznPaAv7Wg:0:bddb7fd34ee661ee,BUY,1787071137307092,EPjFWdd5AufqSSqeM2qN1xzybapC8G4wEGGkZwyTDt1v,128490675,0,7960561247,0,1011715834833015,0.00000786837664581369419230371117469149349679384927444782053954278
BkKhEMnJtB4xQrG3w7ud9H8c7JM5mM6UwRU4NmmUpump,4dpTVwz3yGM19Pkht4qigDwYXNLytesVNzR9sVPtPZGmsKLso7Pvq74VsrTxFLpUApEp9ZrhFWFiq6EHJZKro9gP:0:bddb7fd34ee661ee,BUY,1787071140055959,EPjFWdd5AufqSSqeM2qN1xzybapC8G4wEGGkZwyTDt1v,191620399,0,12015758593,0,987935035978951,0.0000121624987022486855453354248507932917946280305813398902634997
BkKhEMnJtB4xQrG3w7ud9H8c7JM5mM6UwRU4NmmUpump,xg4kbbJfvZjp6ivimuek1dGZzSpd2i9asTUBy3aTvBMJsvrNsgzUA5kwsKDAcWKrxoMVU53hiqr6XWXm6wLdqij:0:bddb7fd34ee661ee,BUY,1787071146020733,EPjFWdd5AufqSSqeM2qN1xzybapC8G4wEGGkZwyTDt1v,96198050,0,14034113114,0,980088457033114,0.0000143192310992862075727703795642552717576891643067436728449772
BkKhEMnJtB4xQrG3w7ud9H8c7JM5mM6UwRU4NmmUpump,2RyqNygyfHBuum83HQcxtRzFPyRd2nJFsSNMFxmNnJyY8LkALdLSSxYPhbUPNyrHXnLUeWHF45GoLXMv5yF1LWKe:0:bddb7fd34ee661ee,BUY,1787071154381727,EPjFWdd5AufqSSqeM2qN1xzybapC8G4wEGGkZwyTDt1v,37821257,0,14071934371,0,977454265069064,0.0000143965143678673488950376715742430345325635047109268423015624
BkKhEMnJtB4xQrG3w7ud9H8c7JM5mM6UwRU4NmmUpump,22apk785DNfrb7xifxPSa7MkG5oP1wzi7BumNWfZbqkfVHhdBCbAneo9iqhHrhdCN2RQqz36hrEv53Vm8ojqZsSG:0:bddb7fd34ee661ee,BUY,1787071157063686,EPjFWdd5AufqSSqeM2qN1xzybapC8G4wEGGkZwyTDt1v,75237836,0,15554779327,0,972255943975865,0.0000159986466767089544659470558259046572538703953686727596825296
ByCuLLJYnaBXgDiQ7tpir9MDpNMtvDzjrQdf3JX1pump,3NHUw2wiwYKJrA8XcjtaxTbBJ4rnMo5FJw9fZHtjgXRMMrMWfePqPk27UQ22QJJoDDQyz3dPi4dHK9NAnUitdM3E:1:bddb7fd34ee661ee,BUY,1787076903523423,EPjFWdd5AufqSSqeM2qN1xzybapC8G4wEGGkZwyTDt1v,86913579,0,4378913579,0,1051702874906178,0.00000416364135107136714715191570478504875747757449510068230466645
ByCuLLJYnaBXgDiQ7tpir9MDpNMtvDzjrQdf3JX1pump,4hauPYACviHfjwyiFuXq4p8H15oUngJU14mFaHSQtGRrdqBk4az2G9L6wvgEcjMyNvM2m6Sb5Mh44Dv8DPXJWrUj:0:bddb7fd34ee661ee,SELL,1787076911208046,EPjFWdd5AufqSSqeM2qN1xzybapC8G4wEGGkZwyTDt1v,22162961,0,3278556711,0,1057052928857139,0.00000310160127416202245784426627358608806627769358107184960336599
ByCuLLJYnaBXgDiQ7tpir9MDpNMtvDzjrQdf3JX1pump,61TJB2WaqBxWKTSTLxdCFAjxPcnLTBmLtK2nCTtUfW1mLZkJqMvaz4NtYjW6Rpb4DjPaadS4VufBbySkA3ASSccT:0:bddb7fd34ee661ee,BUY,1787076920564553,EPjFWdd5AufqSSqeM2qN1xzybapC8G4wEGGkZwyTDt1v,20273418,0,4279137898,0,1050556663503415,0.00000407320999110115109738713257802530985730694341251712672445131
ByCuLLJYnaBXgDiQ7tpir9MDpNMtvDzjrQdf3JX1pump,2CQkBxbTU8bzscqxR9eBoHvskmp7D7DEPGx55P4iyf4NnRxHDzx7oKW4BtigvVUMHR966nr9hwX9AoF99mnsoYnE:0:bddb7fd34ee661ee,BUY,1787076940877046,EPjFWdd5AufqSSqeM2qN1xzybapC8G4wEGGkZwyTDt1v,12107422,0,4874968652,0,1047592597850803,0.00000465349665700319098735642754679010906938313810310518827813347
ByCuLLJYnaBXgDiQ7tpir9MDpNMtvDzjrQdf3JX1pump,2vV8MeMcAjPVoHB2Y76d8qM9EPAtj5NHonigAPsnjay4So4M1HDLdnQ5FXhohy28thX2JiRRixsBMW2YtFukUEDP:0:bddb7fd34ee661ee,SELL,1787076963558562,EPjFWdd5AufqSSqeM2qN1xzybapC8G4wEGGkZwyTDt1v,16230665,0,4073654903,0,1051092092083416,0.00000387564033035909244211378382708699573041760756026264999028566
ByCuLLJYnaBXgDiQ7tpir9MDpNMtvDzjrQdf3JX1pump,49VXoRgBqP49Y1nLcgTh55QrMf4zb7bo3x4PwDvmVvdCVo4MsooDYg66YCFsCnv8oLWjVe6792phBb38kuH7ipmi:0:bddb7fd34ee661ee,SELL,1787076969654911,EPjFWdd5AufqSSqeM2qN1xzybapC8G4wEGGkZwyTDt1v,12151298,0,3471943374,0,1054236773347483,0.00000329332410116529473531728141443586800615954351424968112076847
ByCuLLJYnaBXgDiQ7tpir9MDpNMtvDzjrQdf3JX1pump,2fZvHHCQy8WDkwJeFEAZhgN38UWjnKJ22xGW4c8dkngsCyvEkomDxq4ap6VQFRBvaGY4WpH9N2M6a8nN3wAFr3Tv:0:bddb7fd34ee661ee,BUY,1787076974574908,EPjFWdd5AufqSSqeM2qN1xzybapC8G4wEGGkZwyTDt1v,18937304,0,3490880678,0,1048517757701328,0.00000332934817017603918987018050763133241332786784766449415327656
ByCuLLJYnaBXgDiQ7tpir9MDpNMtvDzjrQdf3JX1pump,2SeYacYznLeBo8PtNrhPVj1F5wCBhMFzbJ44YBHP3toERXReagPrvtrKxTJEuwR7zybdzaxnwDtBv4qkzGPscbtR:0:bddb7fd34ee661ee,BUY,1787076974669193,EPjFWdd5AufqSSqeM2qN1xzybapC8G4wEGGkZwyTDt1v,15342820,0,3506223498,0,1043929568104042,0.00000335867821463081348529576365382042532387512115036996887252954
ByCuLLJYnaBXgDiQ7tpir9MDpNMtvDzjrQdf3JX1pump,41Mpt87HgpxFjnQiHTzsYhf7XResYh6im6SGtw4dh1VF37DCS1qZcCis2ejx4PTG9C4YJBrJe9XvaCkSfbo5L8aM:0:bddb7fd34ee661ee,SELL,1787076988428495,EPjFWdd5AufqSSqeM2qN1xzybapC8G4wEGGkZwyTDt1v,17772608,0,2915747445,0,1049248075552707,0.00000277889234484808251733609409394505626480935863241494516761809
ByCuLLJYnaBXgDiQ7tpir9MDpNMtvDzjrQdf3JX1pump,4zxDej2e5qSXXfYDXnJRjcp1nwv8xKQFqh9DMoK657KMTJcanhzhtvEYKgnNTDRoGrLwXQxDEiZp3ddB7BUxzFiA:0:bddb7fd34ee661ee,SELL,1787076999738580,EPjFWdd5AufqSSqeM2qN1xzybapC8G4wEGGkZwyTDt1v,5516127,0,2732116511,0,1051236847597971,0.00000259895428631783937692990252456195464530284241339346243370472
ByCuLLJYnaBXgDiQ7tpir9MDpNMtvDzjrQdf3JX1pump,4ZWZUvn5NrztgczYJ88qQwPWMyxxax7UwQerw6LAbsR9XupUohE6powmzdsvHNQxdMKi7YGxkPRo4Y9RbEoxgxpX:0:bddb7fd34ee661ee,BUY,1787077008324484,EPjFWdd5AufqSSqeM2qN1xzybapC8G4wEGGkZwyTDt1v,2272615,0,2807714547,0,1050363139973227,0.00000267308937275880284772452261476171816536232933730066502842774
ByCuLLJYnaBXgDiQ7tpir9MDpNMtvDzjrQdf3JX1pump,5mbpQUr62bhbfKoukQXA1M5nuzfetA7Er25DrMqeNHh3e1wjDjXrDZiAJWLhErTbciLUUKYVNezzemzX5JVZEGrB:0:bddb7fd34ee661ee,SELL,1787077015840952,EPjFWdd5AufqSSqeM2qN1xzybapC8G4wEGGkZwyTDt1v,28499689,0,1850271788,0,1061134176189180,0.00000174367373091763637964762106549875465214395808405986728831694
ByCuLLJYnaBXgDiQ7tpir9MDpNMtvDzjrQdf3JX1pump,4AY5orjgrdWgxWppYqcaAPGWXvMzZtNB1bnLEdxuVF3rN8mYZpK2vqbgDYV6mgTYajvmMqG2k2ntdJ3CEzMykLNV:0:bddb7fd34ee661ee,SELL,1787077028930201,EPjFWdd5AufqSSqeM2qN1xzybapC8G4wEGGkZwyTDt1v,14898243,0,1345680566,0,1069747701171757,0.00000125794200307791982380464655452695880272250581534158451879148
ByCuLLJYnaBXgDiQ7tpir9MDpNMtvDzjrQdf3JX1pump,33rSv96V76hoxLxw1fgmtixG6LZdbeMt9PrsYVJgrJwfZgPSKzAnJN6nBBARaHNqdBQxrvEnXL7MUarrmCTTpidV:0:bddb7fd34ee661ee,BUY,1787077045031636,EPjFWdd5AufqSSqeM2qN1xzybapC8G4wEGGkZwyTDt1v,2606550,0,1433816557,0,1067679632110353,0.00000134292770403978625217053636527012514975404708230791803877558
ByCuLLJYnaBXgDiQ7tpir9MDpNMtvDzjrQdf3JX1pump,2ucfqUVFu84TUQYSUjeK3BdWmCNFGrWZqpLiysV6aXDfZChB7kbnrz9tUEfEv6RgzJZDVtv6thQe4HR4ziPwpmxb:0:bddb7fd34ee661ee,BUY,1787077050578579,EPjFWdd5AufqSSqeM2qN1xzybapC8G4wEGGkZwyTDt1v,2366149,0,1513691578,0,1065920601672733,0.00000142007910872966223958642500481731992271930009956649396451466
ByCuLLJYnaBXgDiQ7tpir9MDpNMtvDzjrQdf3JX1pump,mmzNKvW87G3ZwqyinpVDGuBNsMHqr4vab7cpYyZ3qt4EwRdBFCDSyW2pbKjL4rRZ3D33GhB4ysbDHQCPYHwNunS:0:bddb7fd34ee661ee,BUY,1787077067071984,EPjFWdd5AufqSSqeM2qN1xzybapC8G4wEGGkZwyTDt1v,3356296,0,1626742939,0,1063562373489546,0.00000152952283716342813225679281488290870990161624747747951075023
ByCuLLJYnaBXgDiQ7tpir9MDpNMtvDzjrQdf3JX1pump,4ZjzKfvokuT6SYBS84nGWwCVvKvrggf9wAPqfSTLvcAtT6ZJaABk1a2CFpESytFWqiF1HoBTDMqqdd1LsibS18EB:0:bddb7fd34ee661ee,BUY,1787077088071206,EPjFWdd5AufqSSqeM2qN1xzybapC8G4wEGGkZwyTDt1v,14557508,0,2112838759,0,1054129111109784,0.00000200434532803634426191921947742268585246445001780530736072734
ByCuLLJYnaBXgDiQ7tpir9MDpNMtvDzjrQdf3JX1pump,26XRfhRt6m9WkVM1Zri1iRkhdcseBXy713wNtEebq8aSnGTr8ioBUGiwfrrdfcUH6Hoc4CoLz7s5wtUzTyQzFQRx:0:bddb7fd34ee661ee,SELL,1787077103203601,EPjFWdd5AufqSSqeM2qN1xzybapC8G4wEGGkZwyTDt1v,6629922,0,1890835891,0,1057447298138183,0.00000178811359613773687938904649297745275288499214288795046003259
ByCuLLJYnaBXgDiQ7tpir9MDpNMtvDzjrQdf3JX1pump,MwepsbgeHZF5LebrxPpnam9tZudjBiD8jZo7kB8S351TTeVyZBb2FeJYpZFMmZuaTYB3BPqKBu2cqWwcJTMj4DM:0:bddb7fd34ee661ee,BUY,1787077110530380,EPjFWdd5AufqSSqeM2qN1xzybapC8G4wEGGkZwyTDt1v,7591303,0,1898427194,0,1053218849547239,0.00000180250020669123211769493960807830067976198820793011589472658
ByCuLLJYnaBXgDiQ7tpir9MDpNMtvDzjrQdf3JX1pump,2SSNBmz39Zbac2aMQaETFJqDvAmQJ3AcUsu7vW6NMNYwdsGeF9ZMVPPaMZrhCC6K6tWUTvAnTcXq4mHzHVx5xSQF:0:bddb7fd34ee661ee,SELL,1787077110868577,EPjFWdd5AufqSSqeM2qN1xzybapC8G4wEGGkZwyTDt1v,14553983,0,1466972732,0,1061355559705566,0.00000138216898058833134263747084957855319674851633314235679703081
ByCuLLJYnaBXgDiQ7tpir9MDpNMtvDzjrQdf3JX1pump,iATgtYaLv4HM4Euivx4S1rxJ3ZfXzcmEys9T9WD86wxWifNAy23GbnJeTWzkonKaythCLzBj8PfYvWzuA5r1SHD:0:bddb7fd34ee661ee,BUY,1787077113633469,EPjFWdd5AufqSSqeM2qN1xzybapC8G4wEGGkZwyTDt1v,178545867,0,1645518599,0,946193902908547,0.00000173909237201990849723149895608375345241547968892772802404277
ByCuLLJYnaBXgDiQ7tpir9MDpNMtvDzjrQdf3JX1pump,4fSCC5dDN5trhoNoR3coX6wbY3PCBWB5eApFrC3rwHEqT6oBPLtKTtkWWfrPtcRupux7giZnkMJ7VXJexdb6hYBJ:0:bddb7fd34ee661ee,BUY,1787077138113306,EPjFWdd5AufqSSqeM2qN1xzybapC8G4wEGGkZwyTDt1v,62750773,0,2034920143,0,911436855929543,0.00000223265070943905945255624796881020089354216363218506957440051
ByCuLLJYnaBXgDiQ7tpir9MDpNMtvDzjrQdf3JX1pump,28dcXC2EjA7Yg1BB1owwMKrWtR5FiPGEz62ZPLNTgLadJuGpdsCU7gK9M5yNQZU9diywEUw6aGyVftWLMcUvMid5:0:bddb7fd34ee661ee,BUY,1787077143310874,EPjFWdd5AufqSSqeM2qN1xzybapC8G4wEGGkZwyTDt1v,12609386,0,2112423226,0,905823916546611,0.00000233204620391727203240522081456607273474685384260409334813846
ByCuLLJYnaBXgDiQ7tpir9MDpNMtvDzjrQdf3JX1pump,mfDVhxP125km6oKUueiy2itUtUwq32SWG2XqLo7UtE4Pph4JfcsxDFu1HeKXz1z66q1sd2AiAkatVPYJh9kGDbT:0:bddb7fd34ee661ee,BUY,1787077150684585,EPjFWdd5AufqSSqeM2qN1xzybapC8G4wEGGkZwyTDt1v,18652197,0,2226144304,0,897895709991184,0.00000247929050025404111246977627997301997097663173383925621536328
ByCuLLJYnaBXgDiQ7tpir9MDpNMtvDzjrQdf3JX1pump,5hu4xW8cqdY3Tj5X2TpCX6jjeayWeuFmu1Lkgoyn6oZDD86kfXKn4ushaGNwJVL8rzMG42q3Dbdsy1zzRQLcRwbr:0:bddb7fd34ee661ee,SELL,1787077150752728,EPjFWdd5AufqSSqeM2qN1xzybapC8G4wEGGkZwyTDt1v,10434413,0,2215709891,0,902124158582128,0.00000245610304293639551089543259303057441843198902001582701852025
ByCuLLJYnaBXgDiQ7tpir9MDpNMtvDzjrQdf3JX1pump,iW8yvNKE8RmGscQXCp8tMmo85mMBk2z6St3WvGgj7WBv5hHUWdgjAEirxVRvex33H23aucss6uUHnRZS9Nnn2e7:0:bddb7fd34ee661ee,BUY,1787077158190755,EPjFWdd5AufqSSqeM2qN1xzybapC8G4wEGGkZwyTDt1v,118959768,0,2931519071,0,856157706669573,0.00000342404097768799923696127228096236984056204142691598016832612
ByCuLLJYnaBXgDiQ7tpir9MDpNMtvDzjrQdf3JX1pump,5PAa9NHYjyxgL9nrN5Vv6zXxkBhsPC9PrTGjM3LUuL6Hk9WZ3tEjSL6wdHvwiUNFvPAMfYaP7PukcqB1vDT3sbxZ:0:bddb7fd34ee661ee,BUY,1787077165808774,EPjFWdd5AufqSSqeM2qN1xzybapC8G4wEGGkZwyTDt1v,70826751,0,3346730292,0,835960543417200,0.00000400345485005714993004897965523184470183453908588916533751646
ByCuLLJYnaBXgDiQ7tpir9MDpNMtvDzjrQdf3JX1pump,2sBJancmpYpLDfLx3KAqQD3tyNSCjav3Sfc5FTY7mMKuQzKGiWdrraDbMsJf9x7SqMgPxovz4HipGFmEdcq69pTr:0:bddb7fd34ee661ee,BUY,1787077178029448,EPjFWdd5AufqSSqeM2qN1xzybapC8G4wEGGkZwyTDt1v,102413076,0,3930623462,0,811138933663231,0.00000484580791141251997221783332437575670707072632082964646884954
ByCuLLJYnaBXgDiQ7tpir9MDpNMtvDzjrQdf3JX1pump,3sqoUSGTe7equLsMcuwKYAayqGCxEnYCmrjvyQf5rzwsUucSgh6JsuAKaUS3zL7pC9R88KQnRQ1ccyAG64tkfia8:0:bddb7fd34ee661ee,SELL,1787077186048462,EPjFWdd5AufqSSqeM2qN1xzybapC8G4wEGGkZwyTDt1v,100151325,0,3349512641,0,832346930195332,0.00000402417852398872806625505757480509610793923510602005023106278
ByCuLLJYnaBXgDiQ7tpir9MDpNMtvDzjrQdf3JX1pump,2GZswmtrTjdhLYjaDYdbdY2VajmF3YyBSd5fL9GWt8DwTW6HBHAPtg83oQHJJ6tdNprn16U1UdYX9As1XzNHsBG8:0:bddb7fd34ee661ee,SELL,1787077189675655,EPjFWdd5AufqSSqeM2qN1xzybapC8G4wEGGkZwyTDt1v,22857288,0,3326655353,0,838065945841487,0.00000396944341851256701056635289479463504702836593387796163868565
ByCuLLJYnaBXgDiQ7tpir9MDpNMtvDzjrQdf3JX1pump,uC7nsuy9mviTAGkr4e54DGuEy9yCwL5fYM7P7xMYeDyoU769J2YqbVPLYy7ga7xi8BpGUL4HybLq6s2oQGmfmJp:0:bddb7fd34ee661ee,SELL,1787077192943535,EPjFWdd5AufqSSqeM2qN1xzybapC8G4wEGGkZwyTDt1v,250443381,0,3076211972,0,906295336786907,0.00000339427099217580481552860375751380122184153800160827579914682
ByCuLLJYnaBXgDiQ7tpir9MDpNMtvDzjrQdf3JX1pump,5P4wNGGAH1SaWHsw9HNszgfvJe7xYo3ZQXmjHbFebrh4vqJZhZ1VugQsfSdBR7dnDPpcRgvRAqLMEvPqXj6Th45q:0:bddb7fd34ee661ee,SELL,1787077195248516,EPjFWdd5AufqSSqeM2qN1xzybapC8G4wEGGkZwyTDt1v,57629902,0,2341982669,0,923598067391705,0.00000253571629444168948102152970599110371082527906692899570900529
ByCuLLJYnaBXgDiQ7tpir9MDpNMtvDzjrQdf3JX1pump,4mXhV7q3CrvK6bp1wK2VGwefFoBGQFkX775ZnE6TP2SmGgJDLAevUhYZVSb2sVTKxPY11dUNt8Faa7UV1RBAf4Df:0:bddb7fd34ee661ee,SELL,1787077201583094,EPjFWdd5AufqSSqeM2qN1xzybapC8G4wEGGkZwyTDt1v,45919806,0,1745395682,0,942069445376215,0.00000185272507304700561288623556127330388930676334299798464317459
C1Qzvsh3T8ktt6nUrxSjg7qn7mi1e26A23dR37Rxpump,4a7ASke2VaQtH4C1T79tt3SJus442F9rMCH47a4YjiiS8rgyN6KNToqQ6dqsSnspXnf2AZrKwNMRoxX5XkFPmAP6:0:bddb7fd34ee661ee,BUY,1787074079037114,EPjFWdd5AufqSSqeM2qN1xzybapC8G4wEGGkZwyTDt1v,4772321,0,8542977851,0,1056258663623265,0.00000808796002836575797430464800471417630526152560899865040094583
C1Qzvsh3T8ktt6nUrxSjg7qn7mi1e26A23dR37Rxpump,2gygHB8PmwKyRDfE2WHQw2NnKdZS15sptNyrtFAXpmpRLM6NkP8EStTzr7fGTvvdk9uj5h2Ue1rw31Xcfdaazbxn:0:bddb7fd34ee661ee,BUY,1787074080966938,EPjFWdd5AufqSSqeM2qN1xzybapC8G4wEGGkZwyTDt1v,18097845,0,8561075696,0,1054025766123122,0.00000812226415250646784759443790074148682318351092316276428494667
C1Qzvsh3T8ktt6nUrxSjg7qn7mi1e26A23dR37Rxpump,232jGnPTuz9dJGy6cgLGbSzbcabkr5LAHVQKLYh5PgugB3omtJeHSmu6jh8GULRh5WRFpdz4qGA3WfSLsXFyzijK:0:bddb7fd34ee661ee,SELL,1787074084084949,EPjFWdd5AufqSSqeM2qN1xzybapC8G4wEGGkZwyTDt1v,2870426,0,7834289180,0,1054379286975062,0.00000743023812851636118914856966014639381870248250528351142459114
C1Qzvsh3T8ktt6nUrxSjg7qn7mi1e26A23dR37Rxpump,5N4RZ2yNcXBPXJX51HFjH82kRiNKwc6phZnjbFEzWkSFAZMSHsJVcued5dqVYpp3msaFJvzsPD7AyRZhybqftZHA:0:bddb7fd34ee661ee,BUY,1787074085598013,EPjFWdd5AufqSSqeM2qN1xzybapC8G4wEGGkZwyTDt1v,9467913,0,10228669719,0,1053106584207789,0.00000971285325947765220131450448394600524858682634102816694708282
C1Qzvsh3T8ktt6nUrxSjg7qn7mi1e26A23dR37Rxpump,2JBJztF5PUCBPYZ1ge8BwaRby4dBa1mPkNtiTZuPHjoDGXGkXd2hWsXNVBcYehCaRkmrixKrMmSMnV3ksv4beGNb:0:bddb7fd34ee661ee,BUY,1787074087241712,EPjFWdd5AufqSSqeM2qN1xzybapC8G4wEGGkZwyTDt1v,6115710,0,11774369632,0,1052477309220758,0.0000111872907176664994264017704533964427334262919439855388303005
C1Qzvsh3T8ktt6nUrxSjg7qn7mi1e26A23dR37Rxpump,5ttsdRQ99nLXgGYfjatCQeSUJd99NVTZ2NXA6SD96SEr2Re86abTaKdhd7R6dD6mcFgLfWTrqV1HJN5yfkJhzsKj:0:bddb7fd34ee661ee,BUY,1787074089164467,EPjFWdd5AufqSSqeM2qN1xzybapC8G4wEGGkZwyTDt1v,7911823,0,13772681512,0,1051770568831482,0.0000130947584198913846004406084023986893350268506413779056945486
C1Qzvsh3T8ktt6nUrxSjg7qn7mi1e26A23dR37Rxpump,3NF9cJQRqyESkxhZuRPVmASUi9ZZU3SSsFTtzSy4F7UYWhpQvLDfLSfVrBUt8p9JAFyXBE5VgCbdFvQE1SLzftho:0:bddb7fd34ee661ee,BUY,1787074093860312,EPjFWdd5AufqSSqeM2qN1xzybapC8G4wEGGkZwyTDt1v,6626488,0,15445546539,0,1051264770931246,0.0000146923467484959196909548949989801502163719716695200076671895
C1Qzvsh3T8ktt6nUrxSjg7qn7mi1e26A23dR37Rxpump,4FS8kjbhc9Gs8pUxWdRETDKbhA4iSZZwYA5TFtk8HmVGC8tmvUvwUbN2CVMRpyqYHeviDtYFXWBkdFVGERuhQvGR:0:bddb7fd34ee661ee,BUY,1787074094200825,EPjFWdd5AufqSSqeM2qN1xzybapC8G4wEGGkZwyTDt1v,24468199,0,21612830533,0,1049602034595666,0.0000205914525892909729269326123662082752044954416904636240729773
C1Qzvsh3T8ktt6nUrxSjg7qn7mi1e26A23dR37Rxpump,4qy7WFznS8yeuFJAMRwkQYxH6k3t7TjKCwRN3nEAkanRDnoqx7nWbBS2xS8UKUZ1WjTauahbcS7pB1w8zqxF3FTR:0:bddb7fd34ee661ee,SELL,1787074096028362,EPjFWdd5AufqSSqeM2qN1xzybapC8G4wEGGkZwyTDt1v,8489769,0,19472134197,0,1050014492442123,0.0000185446337523510969708685467875891807106893803296648967588797
C1Qzvsh3T8ktt6nUrxSjg7qn7mi1e26A23dR37Rxpump,4uwRXyVayebDE6HrkjhCoDWrkSNVV1wfU8gbz56WpqDbx22yCP3PoLBVzyXqosSdkPZ98RNfarVY37SgDKZuHjg3:0:bddb7fd34ee661ee,SELL,1787074096285392,EPjFWdd5AufqSSqeM2qN1xzybapC8G4wEGGkZwyTDt1v,61037601,0,19411096596,0,1053316231006688,0.0000184285554751664600723143007515625779401604507115358473058992
C1Qzvsh3T8ktt6nUrxSjg7qn7mi1e26A23dR37Rxpump,4gFPR2bkiL4jtP5BphyTmLpuZTiA2w5zJN8pvsnUqgVBsKQWpmxBpCk1dMgf7StYvsvC82Sj42bix6eKYZhsBVDk:0:bddb7fd34ee661ee,SELL,1787074098548635,EPjFWdd5AufqSSqeM2qN1xzybapC8G4wEGGkZwyTDt1v,1512041,0,19409584555,0,1053398286260170,0.0000184256845754979609336412908345044956372626615134376375414464
C1Qzvsh3T8ktt6nUrxSjg7qn7mi1e26A23dR37Rxpump,xrxBACqjn4paghRbTQUrdzYnUSJLbPWW73hTWmPZRkK78ZV99UnZNWNhTPjeK8WRz1Xt2Ly7kLcsonqdUqFD7pH:0:bddb7fd34ee661ee,BUY,1787074108643053,EPjFWdd5AufqSSqeM2qN1xzybapC8G4wEGGkZwyTDt1v,18098404,0,19427682959,0,1052416963539110,0.0000184600625342143935845888472957009022805105494784332525726135
C1Qzvsh3T8ktt6nUrxSjg7qn7mi1e26A23dR37Rxpump,3R3HPqUUcxWU7SXJ1T5nGYMua57V6mQskgehVrgZ5pTCTXLvxL2Lq51KEVVPdg3nnNRTaH5tLDGHCrFuDX94G94z:0:bddb7fd34ee661ee,BUY,1787074115637814,EPjFWdd5AufqSSqeM2qN1xzybapC8G4wEGGkZwyTDt1v,1224087,0,19263245729,0,1052350657703142,0.0000183049685843727351610775744052864616375851863902291238567655
C1Qzvsh3T8ktt6nUrxSjg7qn7mi1e26A23dR37Rxpump,EjoFn4HjBKGhwp4arHJo6QJViUJ6yE9rPPNkQ5FQ1PAqXxodEoswoy96A4AbkA16w61X8P7DeBKXNdmAVszaEyL:0:bddb7fd34ee661ee,BUY,1787074119623726,EPjFWdd5AufqSSqeM2qN1xzybapC8G4wEGGkZwyTDt1v,9727239,0,24812037045,0,1051819527068742,0.0000235896333985615399407926019816040503634618055250412826425855
C1Qzvsh3T8ktt6nUrxSjg7qn7mi1e26A23dR37Rxpump,2nLVqi8yLAWezJ5TdMNhbktUekJD6g78yDcNuauk27JtND63HhUczeBwDznmWRctXy6Z5DHtmEMdA2skkssawQ5i:0:bddb7fd34ee661ee,SELL,1787074124550155,EPjFWdd5AufqSSqeM2qN1xzybapC8G4wEGGkZwyTDt1v,3412849,0,22864951057,0,1051964222810220,0.0000217354835470720757273922409161100334122858873509271576258340
C1Qzvsh3T8ktt6nUrxSjg7qn7mi1e26A23dR37Rxpump,4TRdxNNzsWTGds1MRMueFnTtX56g1rp9GcxVfkDuJmJGcrqETcyWKzWHRrKau59aNga5vkVetvXHMGVYusk8LYJD:0:bddb7fd34ee661ee,SELL,1787074127155660,EPjFWdd5AufqSSqeM2qN1xzybapC8G4wEGGkZwyTDt1v,7417414,0,18631823617,0,1052305591889139,0.0000177057156786095206323357921173352258018979532968444103834445
C1Qzvsh3T8ktt6nUrxSjg7qn7mi1e26A23dR37Rxpump,vpJwSoKjuuSb3vAtoN7iZXZizovz1FmKaUTbyqCnjk5qp5Frr8MvWobbHKkUQKgPsoNffELRzuMgVg4CWF9aXp6:0:bddb7fd34ee661ee,SELL,1787074133808987,EPjFWdd5AufqSSqeM2qN1xzybapC8G4wEGGkZwyTDt1v,4891791,0,15839338914,0,1052581947658533,0.0000150480814811944915087400296475680501635071926819538335494318
C1Qzvsh3T8ktt6nUrxSjg7qn7mi1e26A23dR37Rxpump,3MBKwGovgAEvZTeVfJGPRiPJyKu9ZVjT1md6e5Np3GZWf2Rm21g2iv2ZdozLqc4ABUbwX916ZKEYMMyxcxpmiDCD:0:bddb7fd34ee661ee,BUY,1787074138787588,EPjFWdd5AufqSSqeM2qN1xzybapC8G4wEGGkZwyTDt1v,4933090,0,18654525251,0,1052254227869397,0.0000177281542396571393278943815920129426356286081342701937883400
C1Qzvsh3T8ktt6nUrxSjg7qn7mi1e26A23dR37Rxpump,3CzPhHbEzZhBNJC3c3EorK4tKQ9oiVvXqm8f3CGsPr2aqesQhE3L1EVw2UZAhfdBku3QkQpWaQxvefiyt2RA6mN5:0:bddb7fd34ee661ee,BUY,1787074138931112,EPjFWdd5AufqSSqeM2qN1xzybapC8G4wEGGkZwyTDt1v,37919129,0,18692444380,0,1050119645470963,0.0000178002996712024347149047837681051079872159843529227551601460
C1Qzvsh3T8ktt6nUrxSjg7qn7mi1e26A23dR37Rxpump,5jGU9CMkEx8tFK91fNjkkHEsyP2dATPL5K7ZduJt1TM9ELFFBKE3YQg3P3hMqqNzKLDgqwqD4NKpXqoQxRgVGxUw:0:bddb7fd34ee661ee,BUY,1787074143436360,EPjFWdd5AufqSSqeM2qN1xzybapC8G4wEGGkZwyTDt1v,16247814,0,22977417578,0,1049207655017519,0.0000218997807232128302966966385944183485665326993363033685074737
C1Qzvsh3T8ktt6nUrxSjg7qn7mi1e26A23dR37Rxpump,3CsJ8b4sETV4RNdEzY2fSFoavvi8fvmrubJHpzsBzTgybrcewRiNeTyhiNM4tQ7URdAPF7TtjReEn1XoEBfusA58:0:bddb7fd34ee661ee,BUY,1787074150339617,EPjFWdd5AufqSSqeM2qN1xzybapC8G4wEGGkZwyTDt1v,12004227,0,26141588629,0,1048659797530376,0.0000249285694851315874663533507864089265007911609662064571465471
C1Qzvsh3T8ktt6nUrxSjg7qn7mi1e26A23dR37Rxpump,3cSQCtZwm8KDxGyR3iaQvsCb7vU6j9izw4skXqDGcQaPCzUEJMVKi9y9Z28Ve2bAsVQCF9XXBpVhmDRsJPJGDeBZ:0:bddb7fd34ee661ee,BUY,1787074155097647,EPjFWdd5AufqSSqeM2qN1xzybapC8G4wEGGkZwyTDt1v,13338363,0,29655628922,0,1048125007085454,0.0000282939808911382706442082535107091743155936916006005156577304
C1Qzvsh3T8ktt6nUrxSjg7qn7mi1e26A23dR37Rxpump,24T7deNrPCBK2PYDD5nLvHpghhCxbVyhxW5icv6nrTnj3rxaz7kSNg1oFkDc4otz4NHLwkSY3X9ZrFCsUe9cBbWt:0:bddb7fd34ee661ee,SELL,1787074165435247,EPjFWdd5AufqSSqeM2qN1xzybapC8G4wEGGkZwyTDt1v,7816230,0,27595877808,0,1048401330578780,0.0000263218645409057533731043321575285245335063058060954771256805
C1Qzvsh3T8ktt6nUrxSjg7qn7mi1e26A23dR37Rxpump,rB3NdoWKFZtV7DqhvQEd5nNdkXGFcffg5Kh78hPRJpfr7nNLpjd4mNvjy9Q3L2c4228WgeCFevucXsLFGAw3zgW:0:bddb7fd34ee661ee,SELL,1787074172075396,EPjFWdd5AufqSSqeM2qN1xzybapC8G4wEGGkZwyTDt1v,28637162,0,20041529076,0,1049490421800488,0.0000190964382901342653664935186533792443639595214919858430608041
C1Qzvsh3T8ktt6nUrxSjg7qn7mi1e26A23dR37Rxpump,4i8xETKCLnoCyimvdjWqtD6F2fY6Uur44pXmPv9dMiwm7u7ymgMzfLfsi1kG4zfyvtQxkTduojqPRhpkV5abaJjz:0:bddb7fd34ee661ee,BUY,1787074177114463,EPjFWdd5AufqSSqeM2qN1xzybapC8G4wEGGkZwyTDt1v,4261215,0,21165383910,0,1049267327362065,0.0000201715838834049346904470916793383329576604327809062479319736
C1Qzvsh3T8ktt6nUrxSjg7qn7mi1e26A23dR37Rxpump,42yaUTBmu9zRvysp2BE7z6ddRVvuXMvkaX5u37pvhbrkDKtrQKWNDP67NabJdtb3SsmSV9VB748CFdff63EhgddN:0:bddb7fd34ee661ee,SELL,1787074179095243,EPjFWdd5AufqSSqeM2qN1xzybapC8G4wEGGkZwyTDt1v,62666646,0,21102717264,0,1052383232481559,0.0000200523123256525133695508190254712050950970605597886936057612
C1Qzvsh3T8ktt6nUrxSjg7qn7mi1e26A23dR37Rxpump,CjYZ6K747FUAcsZr6b2hQtXTebTvxxGoxfW6oQF2ZtXgR9KvWN9CuihUyZVqkmgeWtzf979jgEw3X9Bq9hEtrnn:0:bddb7fd34ee661ee,SELL,1787074181767296,EPjFWdd5AufqSSqeM2qN1xzybapC8G4wEGGkZwyTDt1v,1282340,0,21101434924,0,1052447186149717,0.0000200498753777827981270924247716180443476121957671408937439365
C1Qzvsh3T8ktt6nUrxSjg7qn7mi1e26A23dR37Rxpump,3mmmh6V6eVsMQJc6A5SiEuKHgKTCqzSkYam5yzxWWcbNK8RLmMprcgUxGbjTS2EuEeC1Hio7ekxgynQUUT754FW9:0:bddb7fd34ee661ee,BUY,1787074181801297,EPjFWdd5AufqSSqeM2qN1xzybapC8G4wEGGkZwyTDt1v,15166224,0,21116601148,0,1051691304622678,0.0000200787066082819214092961918611644865747352607458823271864531
C1Qzvsh3T8ktt6nUrxSjg7qn7mi1e26A23dR37Rxpump,4SnyNecJLhwALGaEA9H594fQGpF1XMH561psGYJQJ4ACuoJhi5V59UjHkjcVv2Pp1awgFHU5Vr3MXj4R8vSSXra8:0:bddb7fd34ee661ee,BUY,1787074186413284,EPjFWdd5AufqSSqeM2qN1xzybapC8G4wEGGkZwyTDt1v,37915188,0,21154516336,0,1049806360913752,0.0000201508746028049382649365755895569866636082527849751565624192
C1Qzvsh3T8ktt6nUrxSjg7qn7mi1e26A23dR37Rxpump,4K1JZR6csWGgHcbhB5pqLETGbiCFhuuqZkfmBbxapNytVE1sqqLyxDMnTEKUhJ3QtxnZKxW7A7DqHc21UD2WBCJa:0:bddb7fd34ee661ee,BUY,1787074188948448,EPjFWdd5AufqSSqeM2qN1xzybapC8G4wEGGkZwyTDt1v,19225326,0,26525762001,0,1048853158128547,0.0000252902532594071798697515913369477047314276031382165852232593
C1Qzvsh3T8ktt6nUrxSjg7qn7mi1e26A23dR37Rxpump,3K4D8Uo9KQogTAge9pwGEtkMKbDqLZzcV1yMQWdwUkVUfAGXXXaBBHFutTBUhPgZStjiu7v16FUzrXuHsDpAQjeu:0:bddb7fd34ee661ee,SELL,1787074193329448,EPjFWdd5AufqSSqeM2qN1xzybapC8G4wEGGkZwyTDt1v,23171658,0,19582451819,0,1049770188026666,0.0000186540368952662346438731508224031206344086029476413938645762
C1Qzvsh3T8ktt6nUrxSjg7qn7mi1e26A23dR37Rxpump,21e8ErwHmy9WznaQLJ8nfLmuMqLSVSBWPVsKCBubxEjFTKLZrVPpxeBVme4hkLMfFPyXHwAkm3Ecnf4ScFAj3mUb:0:bddb7fd34ee661ee,SELL,1787074200307723,EPjFWdd5AufqSSqeM2qN1xzybapC8G4wEGGkZwyTDt1v,16850415,0,14528932444,0,1050674278016454,0.0000138281984702517584830133983406801337376058320897444047248250
C1Qzvsh3T8ktt6nUrxSjg7qn7mi1e26A23dR37Rxpump,T8M4Yt6gpnjZPxG7BH4MqF9t2iPpoMTcL6PZ5dknWJ11a1bJaJ3rsSfCqt9yhvfpXVNC4ERyGZvxn6NJEa1Tyb3:0:bddb7fd34ee661ee,BUY,1787074208438333,EPjFWdd5AufqSSqeM2qN1xzybapC8G4wEGGkZwyTDt1v,3791519,0,14532723963,0,1050400162135106,0.0000138354167172441393711437882528832353172332789579576251180226
C1Qzvsh3T8ktt6nUrxSjg7qn7mi1e26A23dR37Rxpump,2Q7Dbh7BHPSgXu2R5T6P51LXphRqBZZaR1S4pXK6MgytqVNkveNF83w95ecTd165kKUiLcbJQZDrCZcb24APKc5g:0:bddb7fd34ee661ee,SELL,1787074210505119,EPjFWdd5AufqSSqeM2qN1xzybapC8G4wEGGkZwyTDt1v,13315851,0,10826591497,0,1051363491562368,0.0000102976673471049047577621362554873259892130907730923030197913
C1Qzvsh3T8ktt6nUrxSjg7qn7mi1e26A23dR37Rxpump,2WcV3YeUWA6A1T43ZasNzjY8jGuHXQGwH8gw5VcrhgzgrgzQEwV3EkuMBymaGzpSZbgbDadSHswZqU9oAtComgxv:0:bddb7fd34ee661ee,BUY,1787074214593802,EPjFWdd5AufqSSqeM2qN1xzybapC8G4wEGGkZwyTDt1v,37914910,0,10864506407,0,1047694447648280,0.0000103699188550508648488118075668413668613899589477332768695714
C1Qzvsh3T8ktt6nUrxSjg7qn7mi1e26A23dR37Rxpump,623J1AKMC96cSPWiU8FTyQcNF8kz7oGqnd5smA6vQdYbLCU5vrqfKAsy5Gd3StBRb1CJP3utjhGfWTrWMRGEd2vP:0:bddb7fd34ee661ee,BUY,1787074218956397,EPjFWdd5AufqSSqeM2qN1xzybapC8G4wEGGkZwyTDt1v,41849287,0,16730366532,0,1043674290332848,0.0000160302564573707772361404548333801744695838734210343984803492
C1Qzvsh3T8ktt6nUrxSjg7qn7mi1e26A23dR37Rxpump,XCagZcX1dY1ZvqeS7tvMysd8kzPs3njpLRbEfSkB2DNwK4fLsH4PyXtEDNa5xtNk42aW82brt6N41idCawpXFkn:0:bddb7fd34ee661ee,SELL,1787074233044517,EPjFWdd5AufqSSqeM2qN1xzybapC8G4wEGGkZwyTDt1v,43439198,0,10626082379,0,1046391170096523,0.0000101549809312895967724662032944441271034524971379426439719998
C1Qzvsh3T8ktt6nUrxSjg7qn7mi1e26A23dR37Rxpump,2aYcbhLEuZhsvX2XgeRC4HJ1KDfDtzwqea4S3dwM3GtwmHmcZzJNFMHHKjRMTukYY46vC9twBKhw3GRyQQ7cyV6B:0:bddb7fd34ee661ee,BUY,1787074239409567,EPjFWdd5AufqSSqeM2qN1xzybapC8G4wEGGkZwyTDt1v,19259359,0,13327687530,0,1044498058189427,0.0000127598968954549564234658002299245479878585687598319257914133
C1Qzvsh3T8ktt6nUrxSjg7qn7mi1e26A23dR37Rxpump,iRiwdPDgR86QUf6KVKRCeHyPQQAGr8qgMGCDuqtfQqaBaPdHKBFiswv6VEvFPbxSCCBcgYH7FyB94CQL9q7b2Cq:0:bddb7fd34ee661ee,BUY,1787074250381688,EPjFWdd5AufqSSqeM2qN1xzybapC8G4wEGGkZwyTDt1v,37266109,0,18540649744,0,1041585636677303,0.0000178004084264692470965748797382115052791205473574098096656013
C1Qzvsh3T8ktt6nUrxSjg7qn7mi1e26A23dR37Rxpump,2ShNVuN7ykJaZ65hq1vUNpdShsZEdVEmo4ywPMUEjUZQCmKzBMoYQCpDqdzACAPoobxWhQNbFXvnj8xK9LxTbbAY:0:bddb7fd34ee661ee,SELL,1787074250414688,EPjFWdd5AufqSSqeM2qN1xzybapC8G4wEGGkZwyTDt1v,98338881,0,18442310863,0,1047139624300317,0.0000176120838472929296917070241950615189544309611687105415415894
C1Qzvsh3T8ktt6nUrxSjg7qn7mi1e26A23dR37Rxpump,2GhEGhCbQvNRaEHd6NHV8e8cbFZzCkP2QM3zMmbmqkVGcEzMNh4ruKrLv2n6icLo8VzAiS1PggM1LYWyo1WKLbqh:0:bddb7fd34ee661ee,SELL,1787074269750884,EPjFWdd5AufqSSqeM2qN1xzybapC8G4wEGGkZwyTDt1v,13125727,0,11174759179,0,1047885423411124,0.0000106641040416646113512876668032562270628876635351357227695502
C1Qzvsh3T8ktt6nUrxSjg7qn7mi1e26A23dR37Rxpump,21VGVk1BDoMdMib6pU9vixREG5mLYCGXy7XCNzStpCDTsgmsjjGz2no7mHuvatEUBb7JdWWrfTDD85dExfN3sDi5:0:bddb7fd34ee661ee,SELL,1787074278658271,EPjFWdd5AufqSSqeM2qN1xzybapC8G4wEGGkZwyTDt1v,1206749,0,10506524375,0,1047998595631215,0.0000100253229525292119046393125246633525732394917051225953631656
C1Qzvsh3T8ktt6nUrxSjg7qn7mi1e26A23dR37Rxpump,3Q8dFmapLg6eJLXuiS3QS1q4eSvy4qHPD5vBpK1KT4V7c533GW1E24M9adkZhHTwjcEPWH6Pfbs7UT8Y2ZTN2zkG:0:bddb7fd34ee661ee,SELL,1787074285454661,EPjFWdd5AufqSSqeM2qN1xzybapC8G4wEGGkZwyTDt1v,1990522,0,9404068161,0,1048197182768727,0.00000897165945071510709845633592394542065673403862939483907765476
C1Qzvsh3T8ktt6nUrxSjg7qn7mi1e26A23dR37Rxpump,2EfxVoG7KnMXQqfi6wv6RwyZqv9Vnh7MyKGxkaosgSJeLVLDRRvDT8EbPjgXU1Az2Lr1TmaWWF4wZxnc2CWyMJja:0:bddb7fd34ee661ee,BUY,1787074290558483,EPjFWdd5AufqSSqeM2qN1xzybapC8G4wEGGkZwyTDt1v,37906685,0,9441974846,0,1043988986916782,0.00000904413261473670567363289549025518819664335812706065162411309
C1Qzvsh3T8ktt6nUrxSjg7qn7mi1e26A23dR37Rxpump,58sHLFyTzwzuAWXT8s4Q5mseDjLhNJCPJCtuGkeJ3iqmZX2WhQmdmUkDZ7fombNnny4AK7LtvsQcyS8STaw9WBon:0:bddb7fd34ee661ee,SELL,1787074293119921,EPjFWdd5AufqSSqeM2qN1xzybapC8G4wEGGkZwyTDt1v,6730768,0,8289319702,0,1044733731689904,0.00000793438505004682003172777683850898832326999396923151328848145
C1Qzvsh3T8ktt6nUrxSjg7qn7mi1e26A23dR37Rxpump,4B5cj7TwXfxGhnwbZ6DPGEetRvNCdjPSyQrwDaSpAR1pVXbaHy3Z43k928aovrhK7mocVEbP6bKxTuzDu4wwqz3m:0:bddb7fd34ee661ee,BUY,1787074300661432,EPjFWdd5AufqSSqeM2qN1xzybapC8G4wEGGkZwyTDt1v,380026,0,8289699728,0,1044685837924212,0.00000793511257362463289344395580648077142083509770373880610102705
C1Qzvsh3T8ktt6nUrxSjg7qn7mi1e26A23dR37Rxpump,31dJYo5AJrPi1epjKSqqGxRaUhQNrZ9F4ZcCFgirjtSuPr1znu5S4Djfsb87NUAFRtoAbXHxxtk9ceLQiowrAGb1:0:bddb7fd34ee661ee,BUY,1787074302963283,EPjFWdd5AufqSSqeM2qN1xzybapC8G4wEGGkZwyTDt1v,17791543,0,11306238269,0,1042448511106693,0.0000108458481627998832855221873424670096400283191929049228028025
C1Qzvsh3T8ktt6nUrxSjg7qn7mi1e26A23dR37Rxpump,2EMF6AdiVyeZ4NarsRx9DAnuqM1LZdMKU5jZSzXir3SppoRuyXU9WVRH38v8Q71AcSYRdeWkSFCfb3mVTTGDMwHH:0:bddb7fd34ee661ee,SELL,1787074309282478,EPjFWdd5AufqSSqeM2qN1xzybapC8G4wEGGkZwyTDt1v,20578369,0,7810915539,0,1044349320750035,0.00000747921733064404660062438926843049622041476770178890881720376
C1Qzvsh3T8ktt6nUrxSjg7qn7mi1e26A23dR37Rxpump,68sjSEvo8qH2EBaD8k76cHCh6PFo7SsMKQo96DcamS79bP6zWVNSkXwsjcbqjcHKpcGEMoBS72YYVVp7Naobe4S:0:bddb7fd34ee661ee,BUY,1787074313852517,EPjFWdd5AufqSSqeM2qN1xzybapC8G4wEGGkZwyTDt1v,3790350,0,7814705889,0,1043842782377346,0.00000748647786901591807149969771922212234489772907357443558488196
C1Qzvsh3T8ktt6nUrxSjg7qn7mi1e26A23dR37Rxpump,32BrRxF6Jxeqo6eAnw1n1M7CTaV6gKmmiAKto2vzFSPBEjibiyVDWSkyPGNixxTUBjd2LqAgC1Jm33RKQSWDUsPf:0:bddb7fd34ee661ee,BUY,1787074315672504,EPjFWdd5AufqSSqeM2qN1xzybapC8G4wEGGkZwyTDt1v,5683550,0,8705542944,0,1043084158693442,0.00000834596410217224098715673991224019333804927353836432789444163
C1Qzvsh3T8ktt6nUrxSjg7qn7mi1e26A23dR37Rxpump,3ThmuqmDGcyVQpj58pBMBi6vECnpupML1QF9yzaE5UtTD8AN1zGX41QAzezd4tCnZLCTvUAWeJ4YWkykXTbgxFZG:0:bddb7fd34ee661ee,BUY,1787074320336861,EPjFWdd5AufqSSqeM2qN1xzybapC8G4wEGGkZwyTDt1v,8764462,0,10077901400,0,1042035071135965,0.00000967136488891268120560117625818415095364481443215041541124163
C1Qzvsh3T8ktt6nUrxSjg7qn7mi1e26A23dR37Rxpump,4G12M2uEgKg5cvg3F2vq9fgN1Cpvy48drkbJnwzYkVVVaAr3hHJX2N59xdgjTQyUPDgCgQE74fM7fECQtJUDorMF:0:bddb7fd34ee661ee,BUY,1787074326819643,EPjFWdd5AufqSSqeM2qN1xzybapC8G4wEGGkZwyTDt1v,8084075,0,11342707266,0,1041199863739666,0.0000108938808590125282416961279273406817961669547958405496005908
C1Qzvsh3T8ktt6nUrxSjg7qn7mi1e26A23dR37Rxpump,5auVQiawDCKx4oMurA42eBXrXJAjrNxjhsj67zKeBSJZTiMZCUV1AYWru87ZaeFKwZtEigNt9yf6asmLTxvg3BEB:0:bddb7fd34ee661ee,BUY,1787074331559381,EPjFWdd5AufqSSqeM2qN1xzybapC8G4wEGGkZwyTDt1v,18298252,0,14200991250,0,1039522887396429,0.0000136610664586400367391504953709935087466452427622944419664195
C1Qzvsh3T8ktt6nUrxSjg7qn7mi1e26A23dR37Rxpump,49HQ2KraWgJiza3c84FsGLdzZmgFXHv1sSHtNsDh35FcL18sdrvbakGTXkLMh2v8ewjQErqtWAqucgqJacWA8cYD:0:bddb7fd34ee661ee,BUY,1787074331572383,EPjFWdd5AufqSSqeM2qN1xzybapC8G4wEGGkZwyTDt1v,379982,0,14201371232,0,1039495073255115,0.0000136617975374614118264613765243813771573138038014653379152564
C1Qzvsh3T8ktt6nUrxSjg7qn7mi1e26A23dR37Rxpump,kVW84YC1L6kpSKT1s7BRTmE3V9CWe6avxdgLyhuddxmdQ9bCoztn1BSe5nFJKaLBJKeqAPAchrFqHP3q85Fhpqf:0:bddb7fd34ee661ee,BUY,1787074335835462,EPjFWdd5AufqSSqeM2qN1xzybapC8G4wEGGkZwyTDt1v,41349537,0,20614717927,0,1036477206044910,0.0000198892149357183020937914297489797637575575577198444343626036
C1Qzvsh3T8ktt6nUrxSjg7qn7mi1e26A23dR37Rxpump,EHdDQLCCaFz1KstgvSZvVB1MBYiLBb8wPynnyNzZLnMp3PucRivkCSVdvq1wngzY11fJRUXSg3jc9EwfXA3JNPx:0:bddb7fd34ee661ee,BUY,1787074342869861,EPjFWdd5AufqSSqeM2qN1xzybapC8G4wEGGkZwyTDt1v,25594804,0,24579528465,0,1035191933322306,0.0000237439335390833148588226229165488635026474863380873151262438
C1Qzvsh3T8ktt6nUrxSjg7qn7mi1e26A23dR37Rxpump,4zy3gv1LgFoRH3dBh9oakBxWZ6dPgJ5CrANuGDLcULbS6QZ4AoX43st7XWwdzxEgTREKERk8BaQkSn4R8RYmJdaw:0:bddb7fd34ee661ee,SELL,1787074345758100,EPjFWdd5AufqSSqeM2qN1xzybapC8G4wEGGkZwyTDt1v,99514582,0,24480013883,0,1039400129174251,0.0000235520596889362422304867453553062375414545795213808349102291
C1Qzvsh3T8ktt6nUrxSjg7qn7mi1e26A23dR37Rxpump,355UVMMbucxJss5AJ81ZBWavmQq8jfwKmxvVwnKRKGixmaL7W4T3LhJhRUVdgxdiCXMaaLAGAb62SSTpGNmWX2Ep:0:bddb7fd34ee661ee,BUY,1787074348628755,EPjFWdd5AufqSSqeM2qN1xzybapC8G4wEGGkZwyTDt1v,6809172,0,27339037012,0,1039111098039405,0.0000263100231183973492110845999782953057612856652181348739305635
C1Qzvsh3T8ktt6nUrxSjg7qn7mi1e26A23dR37Rxpump,3Q1Hpjt3aLW6uMsgQXgB5kwyDdA1DzTvHRTxxkgEX4c8hxTnTAuXu1JojuUgaNDgBPQLe4wBr5JWwXh5LqyL2EBL:0:bddb7fd34ee661ee,SELL,1787074358864837,EPjFWdd5AufqSSqeM2qN1xzybapC8G4wEGGkZwyTDt1v,11692354,0,22427579983,0,1039555695053685,0.0000215741976016415255189919138507657534451981820236139782756539
CW8M7xzXTBXtbhc5Y14gAXuKT9NaXqfeJP7s5K6vpump,2fSTqZoHPF7ojhzTdxkMeFcQzKzF8GEqD6ydoQJnHNfUTDVe61eo7iwnYaoaMDC19NoK3GmYaPYMwqFS2EBZbDJm:1:bddb7fd34ee661ee,BUY,1787069120853460,EPjFWdd5AufqSSqeM2qN1xzybapC8G4wEGGkZwyTDt1v,19221705,0,4311221705,0,1068215999127843,0.00000403590819508408934494517411349328995194040089702315283158558
CfojA3Ch4TPWUpdP6KU8x5eEi3FeZwYTBiA5nSdzpump,GykMqnssSj7wRWp8raoXYqpyCj4K1shDAUwEDzmiQhGGadf2MtAVw8TP9QtPtqs1vPhvSHqhLXYkowtXauSJyd6:0:bddb7fd34ee661ee,SELL,1787064042148745,EPjFWdd5AufqSSqeM2qN1xzybapC8G4wEGGkZwyTDt1v,31710,0,4333370902,0,1062756036578332,0.00000407748415709008537916389377486197310611795515560129056651229
CgtV4B4gHQC1HzwNU4T6uUF9Yk9YrASk9oG5nHj5pump,66qwr3RSPVW77WMYU4iW8CPF7WVUBDJhVVhjBDcvd9ZEvSFfSFSYXT24coVoC7Dy7LQkWjFkvYmsK5UeonXWfXci:0:bddb7fd34ee661ee,BUY,1787067859717657,EPjFWdd5AufqSSqeM2qN1xzybapC8G4wEGGkZwyTDt1v,8580417,0,6227236254,0,1066103831605812,0.00000584111609900160069289877852529131863145534056076455204502694
CgtV4B4gHQC1HzwNU4T6uUF9Yk9YrASk9oG5nHj5pump,4vPdzKi1JTCapMzb34KaHXf4YF8tPKrHFqcyDfK8radYnnn8m1Qhi79o6vhE5MCYhQdKLnAcsTamKTuKpVG82Wx6:0:bddb7fd34ee661ee,BUY,1787067870085271,EPjFWdd5AufqSSqeM2qN1xzybapC8G4wEGGkZwyTDt1v,1307642,0,6519176153,0,1065880010088320,0.00000611623831134595894367314844950960993155253118110853814219153
CgtV4B4gHQC1HzwNU4T6uUF9Yk9YrASk9oG5nHj5pump,2vJNacS9R7YUzFFnGBKT64NgWU8CUt7SyJ8k5ogRieok6PRDN2hwa1rNAseRWkYpgEVnYiv7gJ5Lz1PmXyNP5duC:0:bddb7fd34ee661ee,BUY,1787067882664286,EPjFWdd5AufqSSqeM2qN1xzybapC8G4wEGGkZwyTDt1v,4683297,0,7564005605,0,1065114844515416,0.00000710158687952688836707431081994762530454967047293374032023385
CgtV4B4gHQC1HzwNU4T6uUF9Yk9YrASk9oG5nHj5pump,53ALaVEruJEX8oTEm8sYR3uPf4FS1oK3g5jtjApHH4kE3LNTjjcY4fY55D84jqQnvHVn4Ej5eXGRHeWk2ixz2Wct:0:bddb7fd34ee661ee,BUY,1787067888069589,EPjFWdd5AufqSSqeM2qN1xzybapC8G4wEGGkZwyTDt1v,3908718,0,8435577668,0,1064564728144229,0.00000792396877802355096167946799412269463306478990892106507611646
CgtV4B4gHQC1HzwNU4T6uUF9Yk9YrASk9oG5nHj5pump,3VmwJixSXhdeUGKjNfTeSCDPjz6R6UrTAfnn6hEGMedyRWJKfSFiPKRSdX9Je3RnGZT3h4HWfRgRqgVFux5ZG5g6:0:bddb7fd34ee661ee,BUY,1787067895488255,EPjFWdd5AufqSSqeM2qN1xzybapC8G4wEGGkZwyTDt1v,5849027,0,9738900240,0,1063827095980480,0.00000915458938468201752288230208985639761970679949811757448054628
CjYxPdUeDqkbRzD65YHyTuQVFPuUHEennS5X2Eftpump,q1fMGHMNf8jNTrJYhyLrno36rqqVkTDtdRcmtiWXF3gG8WjTzitAA92EhBmAWVk2H2w4ecLhtwGjkJrjJpcqiqL:0:bddb7fd34ee661ee,BUY,1787067715280203,EPjFWdd5AufqSSqeM2qN1xzybapC8G4wEGGkZwyTDt1v,9889015,0,18530005233,0,1052165830529908,0.0000176112972834972531650229865094830149205024787105150264302619
CjYxPdUeDqkbRzD65YHyTuQVFPuUHEennS5X2Eftpump,3yY69xtCyXKAbhk5kxCfvdat4q7DfQ7nm3u9ziH3gsreu28q6SpGZpDh1VLtVxrba55dankCtA7AMXQzxxPGXAKA:0:bddb7fd34ee661ee,SELL,1787067731588525,EPjFWdd5AufqSSqeM2qN1xzybapC8G4wEGGkZwyTDt1v,21936298,0,14077151557,0,1053412887926246,0.0000133633751004436186157218523107569474651496459604210262786959
CjYxPdUeDqkbRzD65YHyTuQVFPuUHEennS5X2Eftpump,4Q4FJi2XA7vQuabeeiqGkBBrV7dyWUEWCtLhrthEALCMMcr72uCmM9kyaUU9PsE5QpJjDNUHunx2Rx5Ggh2HhhJk:0:bddb7fd34ee661ee,SELL,1787067743578141,EPjFWdd5AufqSSqeM2qN1xzybapC8G4wEGGkZwyTDt1v,11593715,0,11721797058,0,1054281176976094,0.0000111182835414179017314857517927524360821985345347591633674666
CjYxPdUeDqkbRzD65YHyTuQVFPuUHEennS5X2Eftpump,2JX7chTpQHVH48EFS9Y9CprYoM5KYbUYvFG46pRiAvyPo8N2PdwqbgSPZoRouwPMoqnsJkCh1sXKDg9MbSAGjYFe:0:bddb7fd34ee661ee,SELL,1787067751014170,EPjFWdd5AufqSSqeM2qN1xzybapC8G4wEGGkZwyTDt1v,11672774,0,9348019346,0,1055332095537517,0.00000885789353467804050905934373169229609696647393145649742774600
Ctjry6kB8utFuouYvMpW2J2gjnezLsSN2aVeDXtupump,7i3JivPLoqavbE9nY73TK6EnC6mDE4KsxRRAtx5nfRE8qmnQtFxomnHhWd6MfEhH7E85boq6jh6Uvfm61MPvEGf:1:bddb7fd34ee661ee,BUY,1787070216574164,EPjFWdd5AufqSSqeM2qN1xzybapC8G4wEGGkZwyTDt1v,368599155,0,4660599155,0,988138187350322,0.00000471654593928540299744296700389515956765816187401211872805835
Ctjry6kB8utFuouYvMpW2J2gjnezLsSN2aVeDXtupump,3c38fUJCRUSLBsVxh5TnFKz64PTcv4Mwi62cmxMNDSanBonM4M5hRTTvzp4jbjbCBj2DeVKLxRfWyeFdcDhuUX4c:0:bddb7fd34ee661ee,BUY,1787070216576160,EPjFWdd5AufqSSqeM2qN1xzybapC8G4wEGGkZwyTDt1v,306527056,0,4967126211,0,927159046556247,0.00000535736153300712520832093097460552319107567823000426963595070
Ctjry6kB8utFuouYvMpW2J2gjnezLsSN2aVeDXtupump,3CZrQeeVjtL1ZcT3h2Vox6CZQm8xL2oFwCX9YQFAw2tuTUFtyykT9eQd7TQAaN6my4CQqCEX1PeiPgy4kepvGVnZ:0:bddb7fd34ee661ee,BUY,1787070216578162,EPjFWdd5AufqSSqeM2qN1xzybapC8G4wEGGkZwyTDt1v,292299129,0,5259425340,0,875631025269186,0.00000600644014227699435828124636935026875597524488657085640605703
Ctjry6kB8utFuouYvMpW2J2gjnezLsSN2aVeDXtupump,7NwLrpgZZZZCkgTMK1GMELfZV5PkwFJCvRtCu1r2ikVHuQmQdNRQXHZUw84BmqHTevwGacKnWvrSZKTWb44MzkQ:0:bddb7fd34ee661ee,BUY,1787070219378293,EPjFWdd5AufqSSqeM2qN1xzybapC8G4wEGGkZwyTDt1v,38038010,0,5297463350,0,869343627202307,0.00000609363568586580878598831187144949598879692116842821379442722
Ctjry6kB8utFuouYvMpW2J2gjnezLsSN2aVeDXtupump,4PFcXpmE4NQZZhNPFvPbMHv6BZifZfnDJeaCd67K6ej1j7tSQMFaiDAJ59Kowv1qbAZsja97GMrEXWraqJraguCx:0:bddb7fd34ee661ee,SELL,1787070226987669,EPjFWdd5AufqSSqeM2qN1xzybapC8G4wEGGkZwyTDt1v,15060119,0,4292000008,0,1073000000000000,0.00000400000000745573159366262814538676607642124883504193849021435
DFv3YAzYT9rSD22v1ZDm9zwWXNVXtBNWWg1GXpuVpump,4x1TD71VndFSVyP4ySCUSkmiepQ9snfFreegkVoBmceUfpQ5UbX4XAPSLESs7WYsso9PeyP13embPsnXjjWpfBPb:0:bddb7fd34ee661ee,BUY,1787069123546508,EPjFWdd5AufqSSqeM2qN1xzybapC8G4wEGGkZwyTDt1v,35137677,0,7007752486,0,1032644581383017,0.00000678621920100964794612802763801835245206126220776522094872484
DQJPnuYm3n6zDRSpzLACjfiqT9TULfKacLe9p7WNpump,xQ3Pg5Z8j3ivL4bKJWPBhqSRoCdQ12WFUvj9jVjMhAiYJp12cJCNtDsyPjQYxqcrcRprX1QuwAwrxW7FjVuVDWb:0:bddb7fd34ee661ee,SELL,1787064958428348,EPjFWdd5AufqSSqeM2qN1xzybapC8G4wEGGkZwyTDt1v,900118,0,4292000001,0,1073000000000000,0.00000400000000093196644920782851817334575955265610438024231127679
DR5stLQ1REsfUmNxB6882NEmJuXVFLVad2Jetnw6pump,5bEsmAoEVtqGV3aLKzQoixJaQaGN46WETrdxex1h9zqWptBRctTKgccEjirZqiyQtvrbkb5gpbvAwFSKrwEYWcsu:0:bddb7fd34ee661ee,SELL,1787076741566361,EPjFWdd5AufqSSqeM2qN1xzybapC8G4wEGGkZwyTDt1v,84784,0,57019717,0,1036660681686893,5.50032599936320395016449046653835870714196323664284460933721E-8
DR5stLQ1REsfUmNxB6882NEmJuXVFLVad2Jetnw6pump,2DaGMxqnTxje7H5NUsi5YXtWY5EfBc4f6YCfR6JEsWNRGxjTL568tpNoP41Tf7Yw49dSmUGYc94U1huCwvejzZf5:0:bddb7fd34ee661ee,BUY,1787076765168749,EPjFWdd5AufqSSqeM2qN1xzybapC8G4wEGGkZwyTDt1v,149902,0,57169619,0,1033942498284163,5.52928418116805371823176800231119439792989732229871702904278E-8
DR5stLQ1REsfUmNxB6882NEmJuXVFLVad2Jetnw6pump,39JDAagR8tC551pDjtYVzXqK6dTRLRmY9JtRBFsVJVGdpusYffkFGtips5qTLrj6RqCUv6RL3KicjuMzxJcNC2Z4:0:bddb7fd34ee661ee,BUY,1787076807025942,EPjFWdd5AufqSSqeM2qN1xzybapC8G4wEGGkZwyTDt1v,149915,0,57319534,0,1031238298183195,5.55832091389389361117308713441628435565589204626845506913461E-8
DR5stLQ1REsfUmNxB6882NEmJuXVFLVad2Jetnw6pump,qzT3TDg3uGayzAphPUzMRhj5YfxFxpAAxj1VWbEn8yiJRBbbKisxZUp585t5eQhzZH6fPZjsv3Lj5vBqWb7WteP:0:bddb7fd34ee661ee,BUY,1787076818631621,EPjFWdd5AufqSSqeM2qN1xzybapC8G4wEGGkZwyTDt1v,254851,0,64442850,0,1026673557951402,6.27685884192708777837246355949623569058978147179600606794467E-8
DR5stLQ1REsfUmNxB6882NEmJuXVFLVad2Jetnw6pump,5U3fyHMWeSoeDMnUVyqErdDTTizsehenFRkyeheWj426kgrh1mXZXDfyzZgpBNYuCkQ7BuUsBYCZraFwzi483hmL:0:bddb7fd34ee661ee,BUY,1787076830042152,EPjFWdd5AufqSSqeM2qN1xzybapC8G4wEGGkZwyTDt1v,107656,0,67446651,0,1024961293007193,6.58040956864960081372819551083950356522442009022807141878185E-8
DR5stLQ1REsfUmNxB6882NEmJuXVFLVad2Jetnw6pump,2GZ1yRHJcs9J4UCQvHNwKdxxJzUALyGs6JoezxhTRt9zdeHve2sspJtpy9JiYDDjpB9WdKUrLx4keLi94UQAUwuy:0:bddb7fd34ee661ee,SELL,1787076838748373,EPjFWdd5AufqSSqeM2qN1xzybapC8G4wEGGkZwyTDt1v,545588,0,52104902,0,1033320018417119,5.04247484528717214400143368021567349984515492606869135713691E-8
DR5stLQ1REsfUmNxB6882NEmJuXVFLVad2Jetnw6pump,Q9syhLqBCqmVb7rKuBydWKfW48Lv9PShVKLSdApSAZZqfKpuQGEY2aeAbgSmB9ccK49CSJeQ9Pi4iGRHmNkS8ry:0:bddb7fd34ee661ee,BUY,1787076847620414,EPjFWdd5AufqSSqeM2qN1xzybapC8G4wEGGkZwyTDt1v,269363,0,59643765,0,1028005611043176,5.80189099741158665163721303339161607948683033418975824392755E-8
DR5stLQ1REsfUmNxB6882NEmJuXVFLVad2Jetnw6pump,2kmXNxCBFNozZPHD3K5YDWLyWV1C2DJdPh1XpYnMc6TeWSszKjJjfXThfDjN7qivNvSsjdGtYjvcWVqeoC1CzC1X:0:bddb7fd34ee661ee,SELL,1787076858069403,EPjFWdd5AufqSSqeM2qN1xzybapC8G4wEGGkZwyTDt1v,786433,0,37353510,0,1041741513622841,3.58567931790454808145580099235038112004613592931603240395093E-8
DR5stLQ1REsfUmNxB6882NEmJuXVFLVad2Jetnw6pump,4ERk569NnesJJjMoaE5kQazWMh7M8YjPhAm6JkAZzYNzBAxrxaoM9ZBkoY49k4CZAbAKwrWUeGDBSEXUhDFxEjNh:0:bddb7fd34ee661ee,BUY,1787076865100926,EPjFWdd5AufqSSqeM2qN1xzybapC8G4wEGGkZwyTDt1v,116563,0,40648845,0,1038500833625970,3.91418511028756926044111345459236257620682986796584563505056E-8
DR5stLQ1REsfUmNxB6882NEmJuXVFLVad2Jetnw6pump,2YZHyz4LSrUxZRMqqgppdbfELSTXmBdrgC1kXHz6jHQRrrzBp8DYj3b2t5L6PACLZNqJKJTKcYd3wzaJyYwPTWv7:0:bddb7fd34ee661ee,BUY,1787076873754196,EPjFWdd5AufqSSqeM2qN1xzybapC8G4wEGGkZwyTDt1v,366946,0,50932139,0,1029209930839390,4.94866377343069466422657737648805352660141235744396721987040E-8
DR5stLQ1REsfUmNxB6882NEmJuXVFLVad2Jetnw6pump,2kBWL4qXiHhDZpoaT9tZXbpFgUJMM1Vihmzx6cuABR3MzDu2Nrz8tCJWqq6DD9yhErU2q5e8eRS5pJe3d5tHQJ6F:0:bddb7fd34ee661ee,BUY,1787076878341917,EPjFWdd5AufqSSqeM2qN1xzybapC8G4wEGGkZwyTDt1v,445155,0,63299248,0,1020292412786322,6.20403006106217584447297424929033182141271055686643155149102E-8
DR5stLQ1REsfUmNxB6882NEmJuXVFLVad2Jetnw6pump,4w9x9GGKChrRXoze72CNUZCk9Wtb4ZKyGaSjKXarcvu14BeQSwkR8BqEq87xpkaq3oSnGficRBm5BaGKu9LvAVoH:0:bddb7fd34ee661ee,BUY,1787076883512966,EPjFWdd5AufqSSqeM2qN1xzybapC8G4wEGGkZwyTDt1v,683298,0,63982546,0,1009396273147306,6.33869449512646681696327273744590906185938822040186090404307E-8
DR5stLQ1REsfUmNxB6882NEmJuXVFLVad2Jetnw6pump,m6ZidSRfwfuzsTqrHWjdPjF5AAivKUsb6KfssG476PZTTFW6vNbhPj46SrXmBoma8iDsZT9N4ihAAVVq5RrfLV4:0:bddb7fd34ee661ee,BUY,1787076888813595,EPjFWdd5AufqSSqeM2qN1xzybapC8G4wEGGkZwyTDt1v,157568,0,67317710,0,1006916568294158,6.68553007465599458117104092182530156214264709872490966375009E-8
DR5stLQ1REsfUmNxB6882NEmJuXVFLVad2Jetnw6pump,3N4iwLBWQphWGC8zMgm8a7CXEsZ4RQ4BVqk64AdVxRtBfcRfRC2V23tMx73N7YWwazYWodxX9VNYm3XpeSb3iZ5V:0:bddb7fd34ee661ee,SELL,1787076894431627,EPjFWdd5AufqSSqeM2qN1xzybapC8G4wEGGkZwyTDt1v,1695805,0,30543809,0,1032937379241865,2.95698554566956831077814046316320309759748938546213964611034E-8
DR5stLQ1REsfUmNxB6882NEmJuXVFLVad2Jetnw6pump,59C57PJoX9e784cX5jgTcy6CJ24fNHf26QV7nuomb2SctVdW8wUstmThzvCwh7ECwZRX455uRLe5jVQ8SqWfz5MB:0:bddb7fd34ee661ee,SELL,1787076905869682,EPjFWdd5AufqSSqeM2qN1xzybapC8G4wEGGkZwyTDt1v,422753,0,30121056,0,1047434826586389,2.87569739285499247043477034460779467380033427399605651970725E-8
DR5stLQ1REsfUmNxB6882NEmJuXVFLVad2Jetnw6pump,4AEpizXnb2ndG7oUbZYZaCYTJ8wWCpgUPsVg6cXNyapJz5cpemCofePvN4xFTGPH9SR6PgxGNW3Q8axh1tru2sF6:0:bddb7fd34ee661ee,SELL,1787077008370673,EPjFWdd5AufqSSqeM2qN1xzybapC8G4wEGGkZwyTDt1v,924884,0,29196172,0,1080615778964950,2.70180878054224525418299087798079786346820220280585083628355E-8
DSfdRypRgQPZVr2ZxR6ptXScwyrrxXucz2ureJwxpump,2fb4AARLyrRcPXnebuK67ZVQkNJihEFEhgjt6DGPbMrVHNXCxc4gmAdY5YK5toZG65CzNG8jp2W1CjKi4gNMnPdS:0:bddb7fd34ee661ee,SELL,1787070435747691,EPjFWdd5AufqSSqeM2qN1xzybapC8G4wEGGkZwyTDt1v,294477,0,417097399,0,1136838255702460,3.66892472968613035843404202510270279306035087285730539200817E-7
DZb5D7RVQ3qLRyAbBZHdLLkEiqj9kkhHca4ihAxapump,54kg712Ep95HfnzWm2zHWvc8SdPBLtFywr6hgvRTAH4eKSjtJuwL2BzFyR6kwXEUqmQUvo2g3eGw8Nve4TJaRxuD:0:bddb7fd34ee661ee,SELL,1787064548030877,EPjFWdd5AufqSSqeM2qN1xzybapC8G4wEGGkZwyTDt1v,98780792,0,5076075040,0,907259244180971,0.00000559495543589906406047036152095973375961589653617081424628905
DZb5D7RVQ3qLRyAbBZHdLLkEiqj9kkhHca4ihAxapump,58nvxEzSGpGZP2ciRfSxFTqG4Hhk8XAsF6GKMZA1FH4psg2R2ziuYyAbVUAzNMcpXj7USAzyfwemfzMtfQQfWPXN:0:bddb7fd34ee661ee,SELL,1787064551549928,EPjFWdd5AufqSSqeM2qN1xzybapC8G4wEGGkZwyTDt1v,95080254,0,4980994786,0,924577559894933,0.00000538731957388845723842761069895517880977678473183668597950818
DapJsmvZ6e1fYdPm6YZUE8ybu8ZU2DxXWjQk8B6Dpump,uyx3FFWb1aJKaKAcv2PLhLVdCDYdw7eBvVLWC2y8LrP6GKvdQNi3pvorqunPytumf1Z33bcawqErtUiPvhjX784:0:bddb7fd34ee661ee,BUY,1787065790404180,EPjFWdd5AufqSSqeM2qN1xzybapC8G4wEGGkZwyTDt1v,3640033,0,2974222286,0,1063677826314428,0.00000279616836265683926560158953938316225115219338951860235255148
DapJsmvZ6e1fYdPm6YZUE8ybu8ZU2DxXWjQk8B6Dpump,4YceY9jg1bxTL9sLDHTSEXMb2ueGRV7nbQoMeb6PYr5CAxEfXoinje5xc2k6fkfe16oNfTvqEibgpus7ecRu9KyJ:0:bddb7fd34ee661ee,SELL,1787065792515980,EPjFWdd5AufqSSqeM2qN1xzybapC8G4wEGGkZwyTDt1v,1469654,0,2732868135,0,1064203682189394,0.00000256799349667504480565283983304070738280069986258687296124693
DapJsmvZ6e1fYdPm6YZUE8ybu8ZU2DxXWjQk8B6Dpump,4GASf9yuZENdrfkJTeYZ5tVZavVLJY6bzJd7iJNvnNbFZQZQnCAgFmxgQ2yoJ1uMTHrwrnSd9K9nh9aaWMwZMcfb:0:bddb7fd34ee661ee,BUY,1787065792554977,EPjFWdd5AufqSSqeM2qN1xzybapC8G4wEGGkZwyTDt1v,441640,0,2805385099,0,1064031731348513,0.00000263656150126703697101390404316902017295481883750607548609304
DapJsmvZ6e1fYdPm6YZUE8ybu8ZU2DxXWjQk8B6Dpump,2BQaSTAdvHdmBVfKSPBWeyiEpL4CyBymNsLs6uYUo56tzHRSEwvZZgTGLHWXDS2atfNrVkeE3DrGnF5q186ZCJA5:0:bddb7fd34ee661ee,SELL,1787065796669470,EPjFWdd5AufqSSqeM2qN1xzybapC8G4wEGGkZwyTDt1v,14227820,0,2791157279,0,1069455593465937,0.00000260988609162751604229101456277395105236949615776343325808403
DapJsmvZ6e1fYdPm6YZUE8ybu8ZU2DxXWjQk8B6Dpump,4XpgPYFwXM94eEhbMgyindWSg4PhJB7ocTw5sZT5FsbMhQQRBH8VQnEAcxR8rPUbfmmtGqpY6mHMBZ7gMXXkEFvV:0:bddb7fd34ee661ee,SELL,1787065796685470,EPjFWdd5AufqSSqeM2qN1xzybapC8G4wEGGkZwyTDt1v,95860,0,2694119338,0,1069492324682951,0.00000251906374250854641757115193243160127308581363782164975149094
DapJsmvZ6e1fYdPm6YZUE8ybu8ZU2DxXWjQk8B6Dpump,4okSQUjZRNACRk2XdMr837vuyA3xqGsNXtNAu4mfqLERNcaYzCyj8kk5p4TmKqBqkW4zyzqrwHVv2TKKemT4UFgM:0:bddb7fd34ee661ee,SELL,1787065798912541,EPjFWdd5AufqSSqeM2qN1xzybapC8G4wEGGkZwyTDt1v,1202832,0,1475959972,0,1069970030047742,0.00000137944048015451680697679266642759513976238545002747805360940
DapJsmvZ6e1fYdPm6YZUE8ybu8ZU2DxXWjQk8B6Dpump,4qT3oNTFAYf6VdyRegmhaYnrbcgZntA3e8TQzUTKbtnGWk2RiE1xVxFukya1rKB8NmYUa7anBovtFjVxpff7gos8:0:bddb7fd34ee661ee,BUY,1787065801197157,EPjFWdd5AufqSSqeM2qN1xzybapC8G4wEGGkZwyTDt1v,7576190,0,1483536162,0,1064505859112729,0.00000139363832458050993715419625068925488258496375860818969945741
DapJsmvZ6e1fYdPm6YZUE8ybu8ZU2DxXWjQk8B6Dpump,2vitL9J74XsQkhjpjDgw6ZC3cNrUhpEwsTf7R5fEFo3GNfgq2M1TzgZA4EBziqrBsxDVCkqyP3bZ8dDqsjgBEerj:0:bddb7fd34ee661ee,BUY,1787065801235158,EPjFWdd5AufqSSqeM2qN1xzybapC8G4wEGGkZwyTDt1v,1976232,0,1805743180,0,1063089707654510,0.00000169858024868287266883919986022219599901174708362294529891253
DapJsmvZ6e1fYdPm6YZUE8ybu8ZU2DxXWjQk8B6Dpump,ZpxcxPdRQ2F1xUnQqTAVp15yMRN8q1o3ju6kidppAXAJHCqSVHHTP1VeSS7jkbCRD77GX8r4QZi8QvUzQu8r8Yr:0:bddb7fd34ee661ee,SELL,1787065803433054,EPjFWdd5AufqSSqeM2qN1xzybapC8G4wEGGkZwyTDt1v,1119550,0,1623099549,0,1063749226418516,0.00000152582912277617591314910715764176571895564300825687285694567
DapJsmvZ6e1fYdPm6YZUE8ybu8ZU2DxXWjQk8B6Dpump,36EnPQrmUPcwoJ5pJnF4LtnB5PGuWkWnnMGGLX4LzYHnKibiH4FtrUFC7maUW5CHawaR4oJsc6yPJEFoujqHCnea:0:bddb7fd34ee661ee,BUY,1787065807320881,EPjFWdd5AufqSSqeM2qN1xzybapC8G4wEGGkZwyTDt1v,2909292,0,2096879863,0,1061845942108868,0.00000197474961276916850444303545048373468905410835187997293485681
DapJsmvZ6e1fYdPm6YZUE8ybu8ZU2DxXWjQk8B6Dpump,4t6KJXDBPndJRfKbaSxCMXCZcYs8pLvsTGSQdCp3G6adar2DRt8BJTNp6f5p82x5P1HHzBM1apsLuLKV5X5US4Jr:0:bddb7fd34ee661ee,BUY,1787065807365883,EPjFWdd5AufqSSqeM2qN1xzybapC8G4wEGGkZwyTDt1v,753809,0,2219593030,0,1061464355448405,0.00000209106694785088202537797441668249837903175214428210090930767
DapJsmvZ6e1fYdPm6YZUE8ybu8ZU2DxXWjQk8B6Dpump,4foMGJD5JiBJryh8giFGs38VmG7iffiVNdYe6Zb4DXV44uNVATxC8ZtKfKQXgmzr75fLu1UFAX4KuogK3fPyTXP5:0:bddb7fd34ee661ee,BUY,1787065809354889,EPjFWdd5AufqSSqeM2qN1xzybapC8G4wEGGkZwyTDt1v,3123718,0,2727394209,0,1059972615524074,0.00000257307987872074953147662395980005556548434572488871044897200
DapJsmvZ6e1fYdPm6YZUE8ybu8ZU2DxXWjQk8B6Dpump,4V24gFwGC4auzV8RNPRZL5PZ5kVccWibwMys8AM8aRGWaqngPJXW7aztGPHAtLS54ArF7sBkhU3jzzdwo5PBCosi:0:bddb7fd34ee661ee,BUY,1787065811373589,EPjFWdd5AufqSSqeM2qN1xzybapC8G4wEGGkZwyTDt1v,5532978,0,3625034612,0,1057826636227518,0.00000342687023360255539849273922125527661402018428219211121517289
DapJsmvZ6e1fYdPm6YZUE8ybu8ZU2DxXWjQk8B6Dpump,2tUyjyZykb8po6TkXuAvDvHK6dUnLdgEMY5LugHGttapakR3ZTdPKyxeAxLW1uCiQXBwUhEYfUTM8tF3Ukpxchpy:0:bddb7fd34ee661ee,BUY,1787065813284044,EPjFWdd5AufqSSqeM2qN1xzybapC8G4wEGGkZwyTDt1v,6531555,0,4682771629,0,1055924081644383,0.00000443476165607242646052986608616266920973861256851192469135911
DapJsmvZ6e1fYdPm6YZUE8ybu8ZU2DxXWjQk8B6Dpump,32F9EkvCLGCfm98GwF5Kwn6PKq1V6RJZQ4mUJ2Mv8U7oXSxiR4PsqG3ByVUSxgiZJcABwgwrvSAo9ScNyoWEAkAT:0:bddb7fd34ee661ee,BUY,1787065813323043,EPjFWdd5AufqSSqeM2qN1xzybapC8G4wEGGkZwyTDt1v,4914570,0,5477811917,0,1054817050884723,0.00000519313933388307497409997710948011880521785351335688495564454
DapJsmvZ6e1fYdPm6YZUE8ybu8ZU2DxXWjQk8B6Dpump,4MEezv4ohD11riFQnenYrojF9AhYzEeJyFHDD2yNSjf5HjpKCMqJv3J4bMJ8ekkTxiAHbsHHzZnTv1D6pGXQFDfN:0:bddb7fd34ee661ee,SELL,1787065815499004,EPjFWdd5AufqSSqeM2qN1xzybapC8G4wEGGkZwyTDt1v,4937150,0,4678407875,0,1055768614967633,0.00000443128144621293491147165239826683328067552244181422710209490
DapJsmvZ6e1fYdPm6YZUE8ybu8ZU2DxXWjQk8B6Dpump,4UFzm4eXzyfrdT2g3EKUwreGYgzcrwuNmwZujg7MqXX2p2cvdmWSBvoi7NuebXBGVk3y7xaPMbToUJjLavggifyD:0:bddb7fd34ee661ee,SELL,1787065817535003,EPjFWdd5AufqSSqeM2qN1xzybapC8G4wEGGkZwyTDt1v,5881362,0,3724924216,0,1057097523097460,0.00000352372807107275518816370292389907105386036982993741094630708
DapJsmvZ6e1fYdPm6YZUE8ybu8ZU2DxXWjQk8B6Dpump,62tLwdHpUJynPFEnc1Wkh8mrwcRusvVH2nomUmj2YPL6Yvq8adk6S8eNJT8w6wmkuQEYabHbn5tDxDzRzvr7Ncma:0:bddb7fd34ee661ee,BUY,1787065819505789,EPjFWdd5AufqSSqeM2qN1xzybapC8G4wEGGkZwyTDt1v,3103444,0,4227640711,0,1056217528831143,0.00000400262312980025436959840642077364928204346824168074748633100
DapJsmvZ6e1fYdPm6YZUE8ybu8ZU2DxXWjQk8B6Dpump,rcTFs9hjMndkJoyR4cHhW4r7bgsEhWGqGJCiDGqcP4Uxvz6Ad1kTSXFaFv7rNP2mhkFTF6DdXS4SPPrqRfcnfMn:0:bddb7fd34ee661ee,SELL,1787065819547791,EPjFWdd5AufqSSqeM2qN1xzybapC8G4wEGGkZwyTDt1v,21758453,0,4205882258,0,1061681699766156,0.00000396152844955920372250809487936561677475496967601099381190908
DapJsmvZ6e1fYdPm6YZUE8ybu8ZU2DxXWjQk8B6Dpump,551wCRvTcDa5SdWtZgjrvoT1X8wNhPQqu86G44dmFFwrmEJkC6MY446j9XrqE3Xo3jhgqPYQUo1XvfyePeWKCeex:0:bddb7fd34ee661ee,BUY,1787065821823699,EPjFWdd5AufqSSqeM2qN1xzybapC8G4wEGGkZwyTDt1v,1174924,0,5386231944,0,1061385199087546,0.00000507471929006589494096750746332770237887546891214842369270410
DapJsmvZ6e1fYdPm6YZUE8ybu8ZU2DxXWjQk8B6Dpump,2TViGeqgvpc1hUAj2M1TuJvnEEBgkfdAkxNtyYkYHepyfWmB5Jz4s1XR8EYVHjJo9ZtdzHX9LjiRr1KSZZcwc7R9:0:bddb7fd34ee661ee,SELL,1787065821861696,EPjFWdd5AufqSSqeM2qN1xzybapC8G4wEGGkZwyTDt1v,1565601,0,3812944904,0,1061693798856764,0.00000359137908510513470055043532751013284817277282471994101598929
DapJsmvZ6e1fYdPm6YZUE8ybu8ZU2DxXWjQk8B6Dpump,iDRxGHGnW2DgXbTCTPMiC8VwSBJDavNUkTq8TUdFh5RjFHtivNUJyJAYjJTEcoseUKk8yW7YyGgbydzgWKrsTLv:0:bddb7fd34ee661ee,SELL,1787065824223254,EPjFWdd5AufqSSqeM2qN1xzybapC8G4wEGGkZwyTDt1v,129256,0,3683049909,0,1061729790986482,0.00000346891453952514438463684485781893339450244016146937331826525
DapJsmvZ6e1fYdPm6YZUE8ybu8ZU2DxXWjQk8B6Dpump,37USdm74g7AG4WMB8RPm9iK5Y8ba6KdTPYJWCAmHH9qap4fnnBzMKaF8kGYthZnkhef5ynyYqWFQKsiAoggbrLZt:0:bddb7fd34ee661ee,SELL,1787065824238250,EPjFWdd5AufqSSqeM2qN1xzybapC8G4wEGGkZwyTDt1v,531252,0,3149094627,0,1061882959833497,0.00000296557600612950536634336898297366968368346820759073910270533
DapJsmvZ6e1fYdPm6YZUE8ybu8ZU2DxXWjQk8B6Dpump,3VRhjpndC6CtKUKQLLMBGEZHznBXSZk7M3rAzeajAHB51cT8F6WfFzyno2fwx5ZSdYuJnyVzEbqBhhziTTUCVpc8:0:bddb7fd34ee661ee,SELL,1787065826188249,EPjFWdd5AufqSSqeM2qN1xzybapC8G4wEGGkZwyTDt1v,646352,0,2499320331,0,1062100956502651,0.00000235318527461825302088124709380359532135900742765509153489712
DapJsmvZ6e1fYdPm6YZUE8ybu8ZU2DxXWjQk8B6Dpump,4GRQmqYjieN4mA4yUQkJW9yGRFJ4YDnNsuvAtUNpmTBEn87xB4fCgoPVbsQHgzLpGCVKfRHuqtLceCGHr3ie323u:0:bddb7fd34ee661ee,BUY,1787065826211250,EPjFWdd5AufqSSqeM2qN1xzybapC8G4wEGGkZwyTDt1v,265506,0,2766203860,0,1061988140142284,0.00000260474082095623690960528315085865449699205417072735159205472
DapJsmvZ6e1fYdPm6YZUE8ybu8ZU2DxXWjQk8B6Dpump,5MeQQmYwk2wnrEEGTUMHcizcXqemRUFCQRkebxcrJX73XuAupHLouAC9D3NkQDFjGaiRAxM83ky9kKXwSaLEjh7L:0:bddb7fd34ee661ee,BUY,1787065828105253,EPjFWdd5AufqSSqeM2qN1xzybapC8G4wEGGkZwyTDt1v,273269,0,3040863531,0,1061883238339907,0.00000286365150254554146067446695935746935601000668927284325046417
DapJsmvZ6e1fYdPm6YZUE8ybu8ZU2DxXWjQk8B6Dpump,2pwGydmQ4qRoZHNQCE7MJg3sR2n5VUiwAUvt2L5mHdrmwcb5YsTLkVqsavCow15sViH3wFbZn17M8wxBK6WdTdo:0:bddb7fd34ee661ee,SELL,1787065829374068,EPjFWdd5AufqSSqeM2qN1xzybapC8G4wEGGkZwyTDt1v,186182,0,2853722620,0,1061948258262883,0.00000268725203680645533184556398886097386669121557804053874647249
DapJsmvZ6e1fYdPm6YZUE8ybu8ZU2DxXWjQk8B6Dpump,4YqLQC5HoLNZGiCft3fsvKQ4is1PLj9eUchp2V3NhKznSxmsGSmfNePZS2szBmSqTMWWS9w1dAFM4LSzTdAHe1om:0:bddb7fd34ee661ee,BUY,1787065829395070,EPjFWdd5AufqSSqeM2qN1xzybapC8G4wEGGkZwyTDt1v,429980,0,3285852171,0,1061788275046819,0.00000309463972076270296252198773808995306158411523955629789620649
DapJsmvZ6e1fYdPm6YZUE8ybu8ZU2DxXWjQk8B6Dpump,2UCy8USiS23hPCYG9zYWkAigbNFMb5cRDQaYWeP6xCCGgEwqNfsLGAhovvKsQZz4io6gjJYWcNyFQokdYHebWkpA:0:bddb7fd34ee661ee,SELL,1787065831480841,EPjFWdd5AufqSSqeM2qN1xzybapC8G4wEGGkZwyTDt1v,492224,0,2791093484,0,1061947356164953,0.00000262827857501295719993853223643087943429468564416745788191185
DapJsmvZ6e1fYdPm6YZUE8ybu8ZU2DxXWjQk8B6Dpump,3zLCoW8uxbmG9LX9JmSbRFtCo4bZTVjMAKLVyLUjUugK6tsxgUayBiVN6rhgw7fqpVnAT894KAM432vuP4SBewjg:0:bddb7fd34ee661ee,BUY,1787065834866844,EPjFWdd5AufqSSqeM2qN1xzybapC8G4wEGGkZwyTDt1v,3570869,0,4756989128,0,1043618661263689,0.00000455816794444811221413797787424402020377294552467504772564043
DapJsmvZ6e1fYdPm6YZUE8ybu8ZU2DxXWjQk8B6Dpump,4zSyfJWdXMkXgKTFX7TC9wfTMd6ByeoURBbHTtsTyZBzL54bgfrYkRVNbc14sSyPWfZ2Y1cUz36hyDirXKtfg1d:0:bddb7fd34ee661ee,BUY,1787065837381638,EPjFWdd5AufqSSqeM2qN1xzybapC8G4wEGGkZwyTDt1v,3223385,0,5243429255,0,1042911973331323,0.00000502768151970790872859776493937595510468949274096497806395906
DapJsmvZ6e1fYdPm6YZUE8ybu8ZU2DxXWjQk8B6Dpump,2E2kg3mFTXwwh74QpLfcoqXhoAQzzf1rbhnvsukcx8k3EAH7pPQVnW9kijDHf8ueHZfP7uZdfAqe6qnKZrGcR4EQ:0:bddb7fd34ee661ee,SELL,1787065839505953,EPjFWdd5AufqSSqeM2qN1xzybapC8G4wEGGkZwyTDt1v,5170639,0,5238258616,0,1043941422596051,0.00000501777063599374332963798546794893739147326210691826600200683
DapJsmvZ6e1fYdPm6YZUE8ybu8ZU2DxXWjQk8B6Dpump,mHtQZ7PVovb7nbhc7uhWSftbvFDQHwm3371U783umpdvAR2Pb5oProghJ1yEbTE2EYVnYEFyLEjt4brcDkkT4aA:0:bddb7fd34ee661ee,BUY,1787065839532952,EPjFWdd5AufqSSqeM2qN1xzybapC8G4wEGGkZwyTDt1v,3022818,0,5774485571,0,1043339347519011,0.00000553461880329858963929326025190226598767385797391134267181270
DapJsmvZ6e1fYdPm6YZUE8ybu8ZU2DxXWjQk8B6Dpump,Pb8VoMqmZtA66LrQhiL16JvDNj93eqoyqbLJKvpNhwaws88dUPzcJfaatinPuAE32uqEvUzBcfH1jykrXT6Dp5F:0:bddb7fd34ee661ee,BUY,1787065841744002,EPjFWdd5AufqSSqeM2qN1xzybapC8G4wEGGkZwyTDt1v,13365809,0,8140035235,0,1040929977698406,0.00000781996427175474650858369362719015716136747505500841889649201
DapJsmvZ6e1fYdPm6YZUE8ybu8ZU2DxXWjQk8B6Dpump,3Bt3mUWRAJZerGyspFyLBmeQhKpV3Hh3VqdaEq79uH1AnWeADQreS3dJ6ef5F8csZUAxn9K7NjXTNMsRd3AeKpYn:0:bddb7fd34ee661ee,BUY,1787065843393998,EPjFWdd5AufqSSqeM2qN1xzybapC8G4wEGGkZwyTDt1v,4070537,0,8860092488,0,1040409706460870,0.00000851596484825108627003381864906353920462761108340070875885611
DapJsmvZ6e1fYdPm6YZUE8ybu8ZU2DxXWjQk8B6Dpump,4evrNWPRmPbUJK28BpYDMofZHfwvRKsB8fzSqyuUBkC9cMPDDj2WxKedx6F1TAFWuDi7GLRNQLCQcCHgh3dTVET:0:bddb7fd34ee661ee,BUY,1787065843445996,EPjFWdd5AufqSSqeM2qN1xzybapC8G4wEGGkZwyTDt1v,1598802,0,9142860888,0,1040221998599575,0.00000878933621891173823892349039267043864978389136753847358389369
DapJsmvZ6e1fYdPm6YZUE8ybu8ZU2DxXWjQk8B6Dpump,3D4zz8fEDqbP5tvSXk3Fx2UGE75CTneg1M9aDL1bsdwiNh2h5noJbMHES8y1UFyTa1foTdnacMU8qNf4nzzDDUKZ:0:bddb7fd34ee661ee,BUY,1787065845648260,EPjFWdd5AufqSSqeM2qN1xzybapC8G4wEGGkZwyTDt1v,2996953,0,9672736774,0,1039881134298646,0.00000930177157269406055683015169591960547735102337438023591774754
DapJsmvZ6e1fYdPm6YZUE8ybu8ZU2DxXWjQk8B6Dpump,2abCKxXipAkEMz61Q2ApGBB81xVP5TRGy8v7YdwVFTkAQqMfKnqJDmXWA4t9UjZtLDKPZAxU8Nw5SGNPzC5yzsHs:0:bddb7fd34ee661ee,SELL,1787065850103350,EPjFWdd5AufqSSqeM2qN1xzybapC8G4wEGGkZwyTDt1v,9917606,0,7917469414,0,1040948434869881,0.00000760601500398978655105442090052870889147923554181661904267682
DapJsmvZ6e1fYdPm6YZUE8ybu8ZU2DxXWjQk8B6Dpump,3pKkuTzjCM2XBBFiKQxEUrRVW5wfJXxJaw8E9BTn952oDzPWsX7gQ9tCecrZQgySYFUW7Z2aMEQMcTASDMHjSSm8:0:bddb7fd34ee661ee,BUY,1787065851729133,EPjFWdd5AufqSSqeM2qN1xzybapC8G4wEGGkZwyTDt1v,13972759,0,10386120134,0,1039114604237997,0.00000999516327808359926130528873464579388879468100695515997616341
DapJsmvZ6e1fYdPm6YZUE8ybu8ZU2DxXWjQk8B6Dpump,4Kvi9M66gRSUHSo4U58gk1HTyVH62MbMiu2MgAAUCgTzLWbnJY3otKNUSy9rCPbEKFH9Qb8c47ckunvnGzBWHr8w:0:bddb7fd34ee661ee,SELL,1787065851789136,EPjFWdd5AufqSSqeM2qN1xzybapC8G4wEGGkZwyTDt1v,16835853,0,7406856757,0,1040801739173622,0.00000711649152592780257478543957482819156794200910111159268138656
DapJsmvZ6e1fYdPm6YZUE8ybu8ZU2DxXWjQk8B6Dpump,5kMLZqjNTa8kMeZo2SSdReea8bhKVxpu3n6wqvkwmANJVk5uFYiZAj4kM8i9J8TiayVEjfBaRWQbD3ywoZmzXmEk:0:bddb7fd34ee661ee,BUY,1787065856588307,EPjFWdd5AufqSSqeM2qN1xzybapC8G4wEGGkZwyTDt1v,7566874,0,8744539955,0,1039739537172326,0.00000841031781746189725955189976857680975199871877400490618118221
DapJsmvZ6e1fYdPm6YZUE8ybu8ZU2DxXWjQk8B6Dpump,2Xio8Sqr6LE1ZwErPgPMYPwBrKtZUtN2KHnAnoUmyrNZt5ztfELTkgTrgw13nyzGcM888Vs6xrjmfmUR4QJejGrB:0:bddb7fd34ee661ee,BUY,1787065858738575,EPjFWdd5AufqSSqeM2qN1xzybapC8G4wEGGkZwyTDt1v,104721,0,8744644676,0,1039727085830036,0.00000841051925565540714861035718040956254150248316970740920897405
DapJsmvZ6e1fYdPm6YZUE8ybu8ZU2DxXWjQk8B6Dpump,5syW1bpDL5wacF4TiroGK3JeG5aVop8WJCXNjx8WYCbQVzPX7vmcfmLDYepfVCtW6mJh4zMMJt7ZDRq9diGEqe4w:0:bddb7fd34ee661ee,BUY,1787065860449228,EPjFWdd5AufqSSqeM2qN1xzybapC8G4wEGGkZwyTDt1v,3051271,0,9282717262,0,1039364420149367,0.00000893114780729744553451945416107801024237702965060788805160143
DapJsmvZ6e1fYdPm6YZUE8ybu8ZU2DxXWjQk8B6Dpump,5P52xUTJnnU5hT5tVheajdwCXw4p9jAH38mqNE1T4YuMsVdmtApocfzoG2okzjLwv3fojFjpKW3BSRz2UPisXbg2:0:bddb7fd34ee661ee,BUY,1787065862702091,EPjFWdd5AufqSSqeM2qN1xzybapC8G4wEGGkZwyTDt1v,8422284,0,10766592854,0,1038422251292399,0.0000103682224072145215774588415529557178072807889676748698508395
DapJsmvZ6e1fYdPm6YZUE8ybu8ZU2DxXWjQk8B6Dpump,2dF4acamgd9FcmSrzBZhZhSkxGc6kwkFXDUELBEqnRan5pHPWWDnePD4im59BDjqk3GrZFh1sdZPXxDxGTVqUjo3:0:bddb7fd34ee661ee,SELL,1787065866836788,EPjFWdd5AufqSSqeM2qN1xzybapC8G4wEGGkZwyTDt1v,8835538,0,9208644978,0,1039275126109250,0.00000886064214052206118723942673799169963861369930880213652925757
DapJsmvZ6e1fYdPm6YZUE8ybu8ZU2DxXWjQk8B6Dpump,5CtTmVnFoMZJwULSufzWz8PpzJiTDkrHMhdjmUmmNScXE2P7HiiqsLBpdypM3hADFn65hmGkvQ8RfPP6jq2oMHKN:0:bddb7fd34ee661ee,SELL,1787065871627740,EPjFWdd5AufqSSqeM2qN1xzybapC8G4wEGGkZwyTDt1v,8708925,0,7671569950,0,1040258934052671,0.00000737467345761009207954970453546524168800122052597655240486143
DapJsmvZ6e1fYdPm6YZUE8ybu8ZU2DxXWjQk8B6Dpump,29ujEyo3rhJJNq5JhutKz7GQHtdrf2PXwuTZoDwaETimQN4jNsg5JByeEkzQZL4amBm4uVRkqGyDYuDYbGFVhA6c:0:bddb7fd34ee661ee,SELL,1787065873907253,EPjFWdd5AufqSSqeM2qN1xzybapC8G4wEGGkZwyTDt1v,3654346,0,7667915604,0,1040754696700567,0.00000736764929171981179189195473242393032543180992161789219411018
DapJsmvZ6e1fYdPm6YZUE8ybu8ZU2DxXWjQk8B6Dpump,3eKSV6LmftSC9EyAT6bg8WLYE9HN1q23h8ygi1CnB8o8yXnHr6eKecdhYHnZFh4R6rWMyvnqk1ScHoaqKoWHUA52:0:bddb7fd34ee661ee,SELL,1787065873910250,EPjFWdd5AufqSSqeM2qN1xzybapC8G4wEGGkZwyTDt1v,5226973,0,6659500398,0,1041464629989352,0.00000639436060163472584919778462456498211627443164303533778975772
DapJsmvZ6e1fYdPm6YZUE8ybu8ZU2DxXWjQk8B6Dpump,5zzmdYvtz6QwwnNrZ7eCqWCt6spWUd9mttEjZ23Kzpnzz4tQjdnk6xHCDtGApvSWfDtfPXq8f5WWcvzYGvhp7iGw:0:bddb7fd34ee661ee,BUY,1787065875811717,EPjFWdd5AufqSSqeM2qN1xzybapC8G4wEGGkZwyTDt1v,5408761,0,7702148338,0,1040619452187348,0.00000740150332747512695409828829088964011147314946059237070157799
DapJsmvZ6e1fYdPm6YZUE8ybu8ZU2DxXWjQk8B6Dpump,4kEF6qb1fDgCAXhua32LaJPWHtaEiccBqtoh1zDq7ewVCJftaHPqEuTnfzs3qEHwS3dRHFr8hhEezkHVqazpu5eh:0:bddb7fd34ee661ee,SELL,1787065888233228,EPjFWdd5AufqSSqeM2qN1xzybapC8G4wEGGkZwyTDt1v,108701,0,526880548,0,1047988665893250,5.02754051782530437240229775705794253844147524967472070246872E-7
DapJsmvZ6e1fYdPm6YZUE8ybu8ZU2DxXWjQk8B6Dpump,3QXigJzpfw51XtNaXabv8AgrAiWmyXALvwA1VE6rr4BQKD5aStAULzg3FvxWoFpcSTUwSimYavk9DYPFwPGfwLH9:0:bddb7fd34ee661ee,BUY,1787065892978949,EPjFWdd5AufqSSqeM2qN1xzybapC8G4wEGGkZwyTDt1v,1227929,0,528108477,0,1045551939859554,5.05100183804296992088770162246458472648299142986204034431652E-7
DapJsmvZ6e1fYdPm6YZUE8ybu8ZU2DxXWjQk8B6Dpump,47ghXMtSDJF275or77sAK4Srti8z2mHNoTWZ4R9upbHpHqN1gtRR4sk8URR3QRGzrVTfn5r2iANHtzpfEfXZyyH5:0:bddb7fd34ee661ee,SELL,1787065897424222,EPjFWdd5AufqSSqeM2qN1xzybapC8G4wEGGkZwyTDt1v,655597,0,440510126,0,1046851509523421,4.20795234082952387262659023885107425545138308831284457988225E-7
DapJsmvZ6e1fYdPm6YZUE8ybu8ZU2DxXWjQk8B6Dpump,46y854Jo3DiXsfiAKtRDs85WQXmSGMSXou5SKTUKSfjbtgo9D3m2Fnf7FoP3x5BMphoVkKr7PZw9wC7QyFS75N9V:0:bddb7fd34ee661ee,BUY,1787065915991561,EPjFWdd5AufqSSqeM2qN1xzybapC8G4wEGGkZwyTDt1v,535379,0,511959880,0,1045580751046205,4.89641646030432811348842297070584404497949338769122243339934E-7
DapJsmvZ6e1fYdPm6YZUE8ybu8ZU2DxXWjQk8B6Dpump,49yjKdA2wN3DEABAPrpevn7wGRa2H63BA8u2EsDUg4wYfUob12wVs8qSKu4jhe2Gst2WqUXsSaVMHgEDWXCNyq2Q:0:bddb7fd34ee661ee,SELL,1787065925094022,EPjFWdd5AufqSSqeM2qN1xzybapC8G4wEGGkZwyTDt1v,231898,0,480997966,0,1046054575303602,4.59821100500800729489430221100605583617292571568383743923395E-7
DapJsmvZ6e1fYdPm6YZUE8ybu8ZU2DxXWjQk8B6Dpump,1dCGASuq3j5fBHrUaoB5D4wVh8CJcfAQsc17uF9gFK677PgovgzYCXSW9QaugboSy7EvD87xixkgAvB9vKiJU7m:0:bddb7fd34ee661ee,SELL,1787065939292423,EPjFWdd5AufqSSqeM2qN1xzybapC8G4wEGGkZwyTDt1v,1483160,0,560145906,0,1041597050525268,5.37776010135131883014011556650430392118854146901158869416462E-7
DapJsmvZ6e1fYdPm6YZUE8ybu8ZU2DxXWjQk8B6Dpump,5nM2swSC9FsPbzZqDrbN5BEaroV2CSpLjHSDymxhZ9m9dK9joUhipsiEK4HB8T4jzq1FAFkEoziAtymvSRbZhWgX:0:bddb7fd34ee661ee,SELL,1787065979641450,EPjFWdd5AufqSSqeM2qN1xzybapC8G4wEGGkZwyTDt1v,661573,0,523023457,0,1040957367882795,5.02444646761834558457845335529679215979915185641806187141708E-7
DapJsmvZ6e1fYdPm6YZUE8ybu8ZU2DxXWjQk8B6Dpump,5dWALjhicyqs7jfxug3x2UPAhKmfJk6BaMKXtDTjxTAwKCkmvVukNVybnj1Cd4RZymhBfusX4YHonjRYht6SnzM2:0:bddb7fd34ee661ee,SELL,1787066053851326,EPjFWdd5AufqSSqeM2qN1xzybapC8G4wEGGkZwyTDt1v,655697,0,332964849,0,1043424304148443,3.19107814219200589690173832547244870170466462258373317460104E-7
Do8CJSB7c43yEMrrJtduT5kU7EFi3NMmDccVFxX3pump,5LXFd64EvSyE7HYc1mPPU15wdqrWFbixWn3cWs9ib3qABBTCisn5QeETqwgJMnWP5t9C8ZnzPjTnVgdBwYfdvvRN:0:bddb7fd34ee661ee,SELL,1787067954515745,EPjFWdd5AufqSSqeM2qN1xzybapC8G4wEGGkZwyTDt1v,15351360,0,3415107378,0,1066836755315555,0.00000320115271711824388197963103719829893567633107968112267199795
Do8CJSB7c43yEMrrJtduT5kU7EFi3NMmDccVFxX3pump,5dfe93oUMJ9cJLt6ReEMiozJ5xXvTwohUap55YcYunLSABN2whi7Qem8dDwWkSmM1QQycmcZ4v5d3ZNVKDtp7qLz:0:bddb7fd34ee661ee,BUY,1787067957211273,EPjFWdd5AufqSSqeM2qN1xzybapC8G4wEGGkZwyTDt1v,2262391,0,4049693370,0,1066130480596446,0.00000379849694170117122353551249037278975193271938310847022666727
Do8CJSB7c43yEMrrJtduT5kU7EFi3NMmDccVFxX3pump,2mEg6Rn43y9PAGghHF6jPKEnppbheK4z9nq7BwisVpa143Ed2eAbUpQgtL6joK3nWMm3bnvsDJVmWVg83riFHTmd:0:bddb7fd34ee661ee,BUY,1787067962522814,EPjFWdd5AufqSSqeM2qN1xzybapC8G4wEGGkZwyTDt1v,2721958,0,4812671813,0,1065414373742677,0.00000451718310885335878631526032233820953867197880804984296450257
Do8CJSB7c43yEMrrJtduT5kU7EFi3NMmDccVFxX3pump,BaqLfGH1b941Tw341eixHF8xQGYPQUtTZLe6EGEGQbapPg8CHax3crqwFmXPv3iTLhFVgaqFRfnxFQ2swBtgA48:0:bddb7fd34ee661ee,BUY,1787067967325623,EPjFWdd5AufqSSqeM2qN1xzybapC8G4wEGGkZwyTDt1v,1420016,0,5210591464,0,1065100107727179,0.00000489211429629736880510216271124138984036567877020476731353973
Do8CJSB7c43yEMrrJtduT5kU7EFi3NMmDccVFxX3pump,36WHfKwbpDcngbb7e83V3bTBZs5MS6usNp8nPedjhJ33TXEAv5hPHXLgEW6jW5C55Vvt4K8XqjpJ69vjahYKHa4u:0:bddb7fd34ee661ee,SELL,1787067972457563,EPjFWdd5AufqSSqeM2qN1xzybapC8G4wEGGkZwyTDt1v,4908238,0,3833904706,0,1066104349756840,0.00000359618146842234297783474658788353783596301906111983101363567
Do8CJSB7c43yEMrrJtduT5kU7EFi3NMmDccVFxX3pump,55zzWa9PVMtdd96bioT4EyMPbWSQWVT1gRZfwQpd2c9kFXstk8J8ZwkegmUGw5m9w5h3pS2sTW73LNP88fDKK4hY:0:bddb7fd34ee661ee,SELL,1787067977132564,EPjFWdd5AufqSSqeM2qN1xzybapC8G4wEGGkZwyTDt1v,1770652,0,3337033202,0,1066596947572861,0.00000312867312211395743531288790539658625295746904340663870878774
Do8CJSB7c43yEMrrJtduT5kU7EFi3NMmDccVFxX3pump,5E5AbaqP2o7YmMTwX1qRtDS7y2rtH6Lagbq6gHE4EptKaHbrKFYgm1rzKwuUpqMvoUnbcbLCEswPdGfNtKuxrYK4:0:bddb7fd34ee661ee,BUY,1787067984797038,EPjFWdd5AufqSSqeM2qN1xzybapC8G4wEGGkZwyTDt1v,2304778,0,3983344736,0,1065860792923540,0.00000373720917632603736614025994763753757438037794766424408471361
DoFD8FyDMUbwBKxaGciJsy8ArRDmkuVkcn778jDBpump,5KKdeNeh5WEZFpNSBin8qDWobJc1vo2vigEqSEb11KqCFVb68zXcrNritZBbKTKTTjccVg1SSVEbNBefQad5dgFy:0:bddb7fd34ee661ee,BUY,1787064010545854,EPjFWdd5AufqSSqeM2qN1xzybapC8G4wEGGkZwyTDt1v,319318,0,5219183825,0,1070855246240476,0.00000487384624889623685837593454273948503857838839579520860108179
DoFD8FyDMUbwBKxaGciJsy8ArRDmkuVkcn778jDBpump,37AomzGxMgid9ubJEZg9UUyPsiBQ8wPEPzmNDaVWX2muAYw5yaXcSN1mdoamxoTYUEPSeM9amRcrJorkV61WynSw:0:bddb7fd34ee661ee,BUY,1787064014194017,EPjFWdd5AufqSSqeM2qN1xzybapC8G4wEGGkZwyTDt1v,632507,0,5620902260,0,1070725486226684,0.00000524962031099911174564259634429842430246313945068497762157585
DoFD8FyDMUbwBKxaGciJsy8ArRDmkuVkcn778jDBpump,5w5TTdoZTvkaHa5xqshZrCRJKANrCY9FzqGouWHPpkiegpY5XDmf735vSH5fWkZQAjqLYigjX594sqXE8TZ8uma:0:bddb7fd34ee661ee,SELL,1787064016967575,EPjFWdd5AufqSSqeM2qN1xzybapC8G4wEGGkZwyTDt1v,1580802,0,4616620017,0,1071026698049811,0.00000431046212517971384041322308278740680376884169856377401541940
DoFD8FyDMUbwBKxaGciJsy8ArRDmkuVkcn778jDBpump,3byUcPYa4pnJpcvttxfdGeXzKG4494qCkfi3dkm8vy2HmRP44nz4ppi1CquvrSocqkhSB46oZEDPWXe9dGKBa3TT:0:bddb7fd34ee661ee,SELL,1787064020047669,EPjFWdd5AufqSSqeM2qN1xzybapC8G4wEGGkZwyTDt1v,1717361,0,3525176096,0,1071425263456217,0.00000329017451448591282052379635812180321613971995930283135327447
DoFD8FyDMUbwBKxaGciJsy8ArRDmkuVkcn778jDBpump,5VZoF3AjmQ8eaEPrgagmwSYcyimKx6rYtywFMbXuZ7BEN5uHDRFiWpgXU1tVGe1EBWVfG4g7yTjb2KKAP1p9szwH:0:bddb7fd34ee661ee,BUY,1787064024091565,EPjFWdd5AufqSSqeM2qN1xzybapC8G4wEGGkZwyTDt1v,1325815,0,4367462833,0,1071022453044790,0.00000407784432584379568804936752444747190428882421702778584355162
DoFD8FyDMUbwBKxaGciJsy8ArRDmkuVkcn778jDBpump,JypPL6UhW9UKfD1DwhCZysnThsM4jAZXas5UFoBU9eEN2DWJNtj4fgYPBqj7wfPVnPtPtcstLWx45yHPFgEjoQW:0:bddb7fd34ee661ee,BUY,1787064033909020,EPjFWdd5AufqSSqeM2qN1xzybapC8G4wEGGkZwyTDt1v,2199190,0,5763899504,0,1070483422370081,0.00000538438931752774011383056842045468818889351145913037818692494
DoFD8FyDMUbwBKxaGciJsy8ArRDmkuVkcn778jDBpump,2553UHZR8sWDGPJxT7odWx17nLvWpW1WFaVAxAUmzHQBCFDa64Nj2hAi2Zeeqx9rXzewnojabZa9N9vzP7ntQTqQ:0:bddb7fd34ee661ee,SELL,1787064046085907,EPjFWdd5AufqSSqeM2qN1xzybapC8G4wEGGkZwyTDt1v,1364899,0,4897014767,0,1070736974482753,0.00000457349926611587199078525932068209657917608795501723844594869
DoFD8FyDMUbwBKxaGciJsy8ArRDmkuVkcn778jDBpump,5Jfuuut9ZtnTCHRBGkr3S7z44EB75k64NwTfNfp8YXfknYivRhLcreGYJEDZAeG4MiqKUVhYiXj8TsZvjvs79wdm:0:bddb7fd34ee661ee,SELL,1787064086938785,EPjFWdd5AufqSSqeM2qN1xzybapC8G4wEGGkZwyTDt1v,63050130,0,11320794013,0,1064668589957909,0.0000106331623941752244595975442205249243182670718119712532513406
DwVrCYyzEykP4vfKiP1EieBkNRcQxZ4QKwWEtKDYpump,2xdHdV8NW5GtioYWPRJmnoymYmd4ZidUbsNu6ZrWWkcLRAJRqMQRanh6ZNLkZ65ZVaFwfTnAjZ319t41yhmu1SpW:0:bddb7fd34ee661ee,BUY,1787066682275320,EPjFWdd5AufqSSqeM2qN1xzybapC8G4wEGGkZwyTDt1v,815723,0,7695847754,0,1070823419042907,0.00000718685043410657215783566021208184402556496975379942063330399
DwVrCYyzEykP4vfKiP1EieBkNRcQxZ4QKwWEtKDYpump,4gmWuFP8jaiYzfwPuBH8moFUbE4WRwtwb9duc6p7pbEt55VEw9ubjgQR5n9spVqmqwaz92rp7qmq8Lamz476t988:0:bddb7fd34ee661ee,SELL,1787066699278440,EPjFWdd5AufqSSqeM2qN1xzybapC8G4wEGGkZwyTDt1v,1001754,0,6761682839,0,1070962824394785,0.00000631364850859423134703938740796016224943065563063701510600611
DwVrCYyzEykP4vfKiP1EieBkNRcQxZ4QKwWEtKDYpump,3sqPajAk2EFrEGB3mp7asYnvGBaeEF6PL2wn3NA8co9uG4AW37oquEprm2Wzn4Rrd6CZKMQynKa5emhFui9KvSuE:0:bddb7fd34ee661ee,BUY,1787066706212995,EPjFWdd5AufqSSqeM2qN1xzybapC8G4wEGGkZwyTDt1v,75857,0,6761758696,0,1070950809923452,0.00000631379016976821560078507935187881902272207986709616454715271
DwVrCYyzEykP4vfKiP1EieBkNRcQxZ4QKwWEtKDYpump,2idzF6SvPHMwHPGepveyGsZaJ5g8naxGKD8fuJM3AooYgygfDmuqvED5ZGbYadFqfcU9GvahqpNL2oikbvXsgv2h:0:bddb7fd34ee661ee,SELL,1787066706223995,EPjFWdd5AufqSSqeM2qN1xzybapC8G4wEGGkZwyTDt1v,746537,0,6072731178,0,1071069062258613,0.00000566978488314670405633916202490214425711232219985027540542490
DwVrCYyzEykP4vfKiP1EieBkNRcQxZ4QKwWEtKDYpump,2txbwGauovCHGCpeSdpv7fseChiW2nkyy4DCe4AZdLoVw7tE6TzK7C5Er35Gr9XSVqLX3C14DJ8uKWLdEHTrJXBE:0:bddb7fd34ee661ee,SELL,1787066713102041,EPjFWdd5AufqSSqeM2qN1xzybapC8G4wEGGkZwyTDt1v,185342,0,5901661536,0,1071101752856362,0.00000550989812150128256430572868735819000867115161603652690112277
DwVrCYyzEykP4vfKiP1EieBkNRcQxZ4QKwWEtKDYpump,2xTrxkreNm6i1Use4XEVVRDvkfU5pmZnEEn8aNi9oJvf3U4F1kyy1xT4Maq8iESD6gz49d2oe4XazWoikDHsXRFs:0:bddb7fd34ee661ee,BUY,1787066798239055,EPjFWdd5AufqSSqeM2qN1xzybapC8G4wEGGkZwyTDt1v,1109810,0,130259645779,0,1065130486966432,0.000122294542662081536314226965706029941836431551778092456694545
DwVrCYyzEykP4vfKiP1EieBkNRcQxZ4QKwWEtKDYpump,4rCTXq9Th7gzxRCH4kvy2inyhmZa3WNz8mz9TBgUnDcSxNctQ6Pju61DGr1DygZnPPpRFUP4qy7vHx6PAgHzzPAs:0:bddb7fd34ee661ee,BUY,1787066846116796,EPjFWdd5AufqSSqeM2qN1xzybapC8G4wEGGkZwyTDt1v,24619461,0,130288018896,0,1064898531132127,0.000122347824780532586681934835835993838877309562229697281337762
DwVrCYyzEykP4vfKiP1EieBkNRcQxZ4QKwWEtKDYpump,5BLQpDTHr8hrV7WqtyRvzJsk7jcMSam9UFDnnMm6vhbvdm4yusQN6sTK7KKkZMFni469SrihrphLJm3Nb6ZQUWvH:0:bddb7fd34ee661ee,SELL,1787066848540790,EPjFWdd5AufqSSqeM2qN1xzybapC8G4wEGGkZwyTDt1v,7702168,0,130280316728,0,1064961487906110,0.000122333359663693189944558965688996484433003158442302907526500
DwVrCYyzEykP4vfKiP1EieBkNRcQxZ4QKwWEtKDYpump,5APe1yLJUAE13b3qbBcAy9cSqUk4QMWtroHJUa9q6VytufWRdPeXa7xe9iPDzpbjHuKDVZmMRRH5KbQ1oQzkSrdA:0:bddb7fd34ee661ee,SELL,1787066918596147,EPjFWdd5AufqSSqeM2qN1xzybapC8G4wEGGkZwyTDt1v,1978851,0,130260501301,0,1065123491591836,0.000122296149065611713488726938551471496552930044584004104115268
DwVrCYyzEykP4vfKiP1EieBkNRcQxZ4QKwWEtKDYpump,3FrKddUSDdtigkG5H4qVX62tueFJK1vg3mrxyRtYfhEv5CtVTxFciP6hxgi5f8YRM6zupDAV4fj5TFV5GE69YcXK:0:bddb7fd34ee661ee,BUY,1787066930633242,EPjFWdd5AufqSSqeM2qN1xzybapC8G4wEGGkZwyTDt1v,1172437,0,130261673738,0,1065113904810435,0.000122298350579869189509522836348073679943482276797885027893980
DwVrCYyzEykP4vfKiP1EieBkNRcQxZ4QKwWEtKDYpump,geA6SZooUHDWizmYo1HZGzPb1v26Re1YU1cp5m9ZUFjqWDXVbT8HVDYF7f2WmokY5qd5rVXvAkxjwyivZjiM3dc:0:bddb7fd34ee661ee,SELL,1787066947558160,EPjFWdd5AufqSSqeM2qN1xzybapC8G4wEGGkZwyTDt1v,1842276,0,130259831462,0,1065128968816178,0.000122294891300135590912252734525589757164855555009844143890729
DyQdMnRbn6CxiG1gtyLYE8VS1Dc2jHyaAUawxFHRpump,4wYdT3xeD4msYvHUytCwqubTT3RxjnQ65ApzUEbGnma1w1wJoqzgcoSUR5mJd4tytR2yjuKKhTTux4aG4xazzAeJ:0:bddb7fd34ee661ee,BUY,1787067908234480,EPjFWdd5AufqSSqeM2qN1xzybapC8G4wEGGkZwyTDt1v,1010279,0,1675935996,0,1051807580310393,0.00000159338649708668574627478188658474169379659944211220849859674
DyQdMnRbn6CxiG1gtyLYE8VS1Dc2jHyaAUawxFHRpump,2BohzDPD6ZgzA7AdNcfBQv94DrXbgo5q2prYwFJekqtEWP3xzDSn5jsaVwBhHK9mRF7pq3e6jufSDaLGaMhQ2ZR6:0:bddb7fd34ee661ee,SELL,1787067913650701,EPjFWdd5AufqSSqeM2qN1xzybapC8G4wEGGkZwyTDt1v,4806613,0,1671129383,0,1054832859059137,0.00000158425988406407011941225760141808146140140190363287241474231
DyQdMnRbn6CxiG1gtyLYE8VS1Dc2jHyaAUawxFHRpump,R5Lv3HgayCniLAAHGBUzfqpUfjA9yTd3gjQxGAjGzT6ciQGviApvMNvBnUnWb17kjdXSduSB9Rijfj4vD5qHEjw:0:bddb7fd34ee661ee,BUY,1787067913676701,EPjFWdd5AufqSSqeM2qN1xzybapC8G4wEGGkZwyTDt1v,9433896,0,1986778065,0,1048911520889909,0.00000189413313271113075200296240774988888164914437704001151267049
DyQdMnRbn6CxiG1gtyLYE8VS1Dc2jHyaAUawxFHRpump,2DEfM8X4V6uwqWxD7Sxtyeuq8NQqdsZTg5sEae1gLyyotQw877EZwf98ZjqToE37kEbqcF2NR46WwycB2YfisfKw:0:bddb7fd34ee661ee,BUY,1787067916348701,EPjFWdd5AufqSSqeM2qN1xzybapC8G4wEGGkZwyTDt1v,19085958,0,2619380271,0,1038931043148712,0.00000252122630108480009516192424355952170917254650517313713969243
DyQdMnRbn6CxiG1gtyLYE8VS1Dc2jHyaAUawxFHRpump,3g2VSTpQudHv87PyRfeUe2fCbguZzDyWhmDAANNUXJ2NzSXEhqShfQ11WwoHqZS6JnuTbHPLV2ZfkyP3RFCeqHt5:0:bddb7fd34ee661ee,BUY,1787067921554178,EPjFWdd5AufqSSqeM2qN1xzybapC8G4wEGGkZwyTDt1v,10644448,0,2970709549,0,1034726197702018,0.00000287101027846548192336162463191749942632460564611611258309029
DyQdMnRbn6CxiG1gtyLYE8VS1Dc2jHyaAUawxFHRpump,2jYEPNHnswoGnz7XenRg5Lq9speH9PcjjrNxfmbbEMQa5kqaq2AkHd4ycABQfcQH84DKHirryRCXWJM7AWzo9DyZ:0:bddb7fd34ee661ee,BUY,1787067924187613,EPjFWdd5AufqSSqeM2qN1xzybapC8G4wEGGkZwyTDt1v,16220903,0,3503213681,0,1029106986423348,0.00000340412972335887776188458001320154950398048354186264386462880
DyQdMnRbn6CxiG1gtyLYE8VS1Dc2jHyaAUawxFHRpump,CgqniEC2DNEoJh7USPQmWtDTGvmNtP53Pozw5U4QRT7XuUbxp1cqdUfP14iVjrvCwqRtM5vEM5kRN4HctoyLvmY:0:bddb7fd34ee661ee,SELL,1787067926871618,EPjFWdd5AufqSSqeM2qN1xzybapC8G4wEGGkZwyTDt1v,31358699,0,2464908749,0,1038402149220112,0.00000237375158636878821677129761798098526345689349270595188216767
DyQdMnRbn6CxiG1gtyLYE8VS1Dc2jHyaAUawxFHRpump,35bV5mCFwfAhmqXkSJkAR37H1yw6nqekaFcRXU9tmip5TD2Tjxgz8eZfctjRvSXqJgBJfpqq1vPukNaX9985KCEP:0:bddb7fd34ee661ee,BUY,1787067929283967,EPjFWdd5AufqSSqeM2qN1xzybapC8G4wEGGkZwyTDt1v,18951981,0,2483860730,0,1030479089551667,0.00000241039411200537724973896054359260933415980844464478109828791
DyQdMnRbn6CxiG1gtyLYE8VS1Dc2jHyaAUawxFHRpump,5661i6AURHNSc2vSYmWC4XTK96D6paQYJRJMC3z552DBvrwkTR68jPY7NNCqjKsVUfgkioUTnZXMRZCCjr5pU7hs:0:bddb7fd34ee661ee,BUY,1787067932079851,EPjFWdd5AufqSSqeM2qN1xzybapC8G4wEGGkZwyTDt1v,13652257,0,2840410942,0,1024846139718408,0.00000277154865683588946275948483896067448209602882317767713734693
DyQdMnRbn6CxiG1gtyLYE8VS1Dc2jHyaAUawxFHRpump,4SZR78BgQiRLgxiiEHhxd9q3FjLXuhq1ELc4GbcVVLJ6mXp7bVU7n9CdWCQiTXiiUTYo2NGTzHcrwVqLMADuotSA:0:bddb7fd34ee661ee,BUY,1787067932084847,EPjFWdd5AufqSSqeM2qN1xzybapC8G4wEGGkZwyTDt1v,18951948,0,2859362890,0,1018053427328590,0.00000280865700487161504812579547589533811821798508393484567217104
DyQdMnRbn6CxiG1gtyLYE8VS1Dc2jHyaAUawxFHRpump,cJiv7yCvpNPahwDh6AkyyByKnNUC8Po1RkR8aSdUPLWbAxs3HtF8Lwbm3qxWsgVYvD2aDmsn9vUJEmYLt3tsJhL:0:bddb7fd34ee661ee,BUY,1787067934629229,EPjFWdd5AufqSSqeM2qN1xzybapC8G4wEGGkZwyTDt1v,21465390,0,3330975662,0,1010467791624388,0.00000329646891232946223495057620697944604082538009908830688368814
DyQdMnRbn6CxiG1gtyLYE8VS1Dc2jHyaAUawxFHRpump,397EX2s4ptUpYFKC3MxAaHsrN6E5rTkTWkkJLPzN7TDRQ6ep4aV9nuBWvqAEFbAL3S9JpeJzBDFxHQLMexSwhKEJ:0:bddb7fd34ee661ee,BUY,1787067934642224,EPjFWdd5AufqSSqeM2qN1xzybapC8G4wEGGkZwyTDt1v,18951902,0,3349927564,0,1004751164864434,0.00000333408676809246477141753110502936219216467443950960360923449
DyQdMnRbn6CxiG1gtyLYE8VS1Dc2jHyaAUawxFHRpump,2z58hKcS4KrmXfDdFFY51b8eZC9bVY64TCDz2sc5VzSCS3v7CBciYpiF1X9gfWmoFJL2GAFC1sRm6g5yJWmjJCE5:0:bddb7fd34ee661ee,SELL,1787067937361703,EPjFWdd5AufqSSqeM2qN1xzybapC8G4wEGGkZwyTDt1v,39312180,0,2577065877,0,1016682167135473,0.00000253478024923063858097156699663055947381977460848215475236628
DyQdMnRbn6CxiG1gtyLYE8VS1Dc2jHyaAUawxFHRpump,2wp2cWLrTBpiLH9Nn1AiiQdsekdMHAYKroq91xMbbSCD2HeXiuvRXDtLoexDoBGEX6MjxTteTEju7Vp3KTCoxXTH:0:bddb7fd34ee661ee,BUY,1787067939755133,EPjFWdd5AufqSSqeM2qN1xzybapC8G4wEGGkZwyTDt1v,18952030,0,2596017907,0,1009259957192005,0.00000257219945020183223673065749242494727071287937691039653051084
DyQdMnRbn6CxiG1gtyLYE8VS1Dc2jHyaAUawxFHRpump,2wK4aMSeAapBYc6jpQQVF54EAZvYtcNiAk3Yg28zT37LE9ok1ckif4aznZVkTd8b7wBC2UZLtUKgyFiZgjW5AHm3:0:bddb7fd34ee661ee,BUY,1787067939765133,EPjFWdd5AufqSSqeM2qN1xzybapC8G4wEGGkZwyTDt1v,21904586,0,2967492032,0,1000815313934697,0.00000296507456538942235284743599347840925691722634822159169340800
DyQdMnRbn6CxiG1gtyLYE8VS1Dc2jHyaAUawxFHRpump,B4dv5HqFeCiZmw4PEd4kuG2yVthVogVVWBhudvMRGT2BzLr62UHiB7RgqgEZQy1GqM9ViH5R1nSUsBgwBZttcBr:0:bddb7fd34ee661ee,BUY,1787067942373131,EPjFWdd5AufqSSqeM2qN1xzybapC8G4wEGGkZwyTDt1v,12403660,0,3176926327,0,996649472522810,0.00000318760649013165528561507059136593306109530205653765211829817
DyQdMnRbn6CxiG1gtyLYE8VS1Dc2jHyaAUawxFHRpump,3ETHLgaiAXoonVY6zS8NddJfy8bcz5GnSFAKNdi4DxvbNEbGdm7MVCFgSVN64ZQ4riXo6nL4Rpz7bu654Z3Lp6YA:0:bddb7fd34ee661ee,SELL,1787067944685068,EPjFWdd5AufqSSqeM2qN1xzybapC8G4wEGGkZwyTDt1v,59724201,0,2150539327,0,1015744831769091,0.00000211720430145282937363167541849321123517057570724809994995372
DyQdMnRbn6CxiG1gtyLYE8VS1Dc2jHyaAUawxFHRpump,3XH55q5aK98EfGJF658kV84YpGwoqYAq2cCCaj8EufrLYYx95mG8MrAGVfJYGZJgMnsGuUWqP6LwPQDakrHB8Zze:0:bddb7fd34ee661ee,BUY,1787067946508909,EPjFWdd5AufqSSqeM2qN1xzybapC8G4wEGGkZwyTDt1v,5305906,0,2155845233,0,1013244909464090,0.00000212766450920561415613563820657598948243040127734693120594407
DyQdMnRbn6CxiG1gtyLYE8VS1Dc2jHyaAUawxFHRpump,ZcKbZx8vi6MjXRxRMGUqRVvRNivv6yfRnKiEcPi4c7TnVt4aKy8kSPXWWGiWSGSk3PP9fSgdK3Nx5YnAa6ChUVH:0:bddb7fd34ee661ee,BUY,1787067946515913,EPjFWdd5AufqSSqeM2qN1xzybapC8G4wEGGkZwyTDt1v,5305904,0,2161151137,0,1010757263359519,0.00000213815048908661097032757182429348687777060266465855778926480
DyQdMnRbn6CxiG1gtyLYE8VS1Dc2jHyaAUawxFHRpump,2vriCSa7NLx1tfXvrNzJeTpjvcUwWbz2yFAzAL27PrGGTnVDY1vRtB8DRSLfPBj76rP6kkAMC6Fvv6Y1rou1CUTU:0:bddb7fd34ee661ee,SELL,1787067946520910,EPjFWdd5AufqSSqeM2qN1xzybapC8G4wEGGkZwyTDt1v,27023895,0,1729167871,0,1023556218661487,0.00000168937263969852798127766326680512858613778252377484619188328
DyQdMnRbn6CxiG1gtyLYE8VS1Dc2jHyaAUawxFHRpump,5yLVriyT1Lqy18HaMD8KGDAgtPNn8jJGaGj4z6P2k2hgdEZScNCpPk3j6KUKUjvN6fFeZBap1v9KiuEH916Eg94j:0:bddb7fd34ee661ee,BUY,1787067948994185,EPjFWdd5AufqSSqeM2qN1xzybapC8G4wEGGkZwyTDt1v,9433274,0,1879299090,0,1018002623869027,0.00000184606507482026360773352425611791239586876677856590671350677
DyQdMnRbn6CxiG1gtyLYE8VS1Dc2jHyaAUawxFHRpump,2KXBuxSiXsVf226C5LHhAAAj9YCECw7ngjyL9haQGRW6cYeMxhbcnpPNpZ6ydPf3zNasPL4TTceHQVhfHWXNtV97:0:bddb7fd34ee661ee,BUY,1787067948996185,EPjFWdd5AufqSSqeM2qN1xzybapC8G4wEGGkZwyTDt1v,5305906,0,1884604996,0,1015136545711360,0.00000185650393926007004089086022975547360179131990428905962880583
E389bNEBPBuNkovrFf6LuvY4LTuEjD8d9qwY8TaCpump,4VpUYJXSZ6CdFoGGVekYw5toT36TBryvcTUGrjCispznmQnoDDF4FjXACbJBomTVkBgTzZ9hefTTx9Ezprt87ihu:0:bddb7fd34ee661ee,BUY,1787074201943234,EPjFWdd5AufqSSqeM2qN1xzybapC8G4wEGGkZwyTDt1v,35537,0,7522456,0,848183105226976,8.86890572759872557656350825749343492257744289190134519617412E-9
E9kUCLKmfBSpqDeJs8JB6F9BKYbzA6so3YBBZWf3pump,36eV1gmcncJLp1Qcw1H7WvFsNvbJkUW6xcmu5nwHBxBSAPmA1bgAWCEEpuketzuG9XXyUWbjuwPCbf5GkTgg7DW9:0:bddb7fd34ee661ee,BUY,1787067029224062,EPjFWdd5AufqSSqeM2qN1xzybapC8G4wEGGkZwyTDt1v,8922970,0,4058023553,0,1055278427750261,0.00000384545295941590078313584900238249141392095340285038498093363
E9kUCLKmfBSpqDeJs8JB6F9BKYbzA6so3YBBZWf3pump,2UsenSEVy9ioitqRv2GsqSinvU6zywkZ1jYqiF9erGb5thEuTiMUYxA7TMLWLq7Thsz2ANiFgKxAGjPdDBygz2gp:0:bddb7fd34ee661ee,BUY,1787067033937254,EPjFWdd5AufqSSqeM2qN1xzybapC8G4wEGGkZwyTDt1v,17696883,0,5147831339,0,1050696381665018,0.00000489944709892531693146365142459923011471367120619533551224670
EnYscH1m4u3Kiftn9AZHkJnFqMN9B8PsPsmXW8Rbpump,54V58kSKPvxUoFaFAdFuFiKZEPux4161gVqgxqCEezbM7YzKgXJnBRXVST6usV31tg2YZJu6sxkQaepdUkgjoT9f:0:bddb7fd34ee661ee,BUY,1787070494501112,EPjFWdd5AufqSSqeM2qN1xzybapC8G4wEGGkZwyTDt1v,7488262,0,11267173553,0,978001614639965,0.0000115206083347294086235167440227262313204076239623008791179419
EnYscH1m4u3Kiftn9AZHkJnFqMN9B8PsPsmXW8Rbpump,472ZaM1TiWAT25MRmC4TJkUf1D1LMV4H1xx3SSw1tFrgLDXNMDS5NrCUciyWWTTxbN6gA4aNYn3KBNt3tv8nNmCT:0:bddb7fd34ee661ee,BUY,1787070505439984,EPjFWdd5AufqSSqeM2qN1xzybapC8G4wEGGkZwyTDt1v,5906981,0,13153184447,0,977489151614600,0.0000134560925052454986748759490983048687403609123761765241869185
ExNu5Hy9psp9SjMhVrizh32LuiTmwy5JmFzhZ2ozpump,2ApVVMcfKc9mtSSN1urvB36PKswBwuJHyimPZWDrP8h58wo4vpFypxMa6QLrgiPdat6UwwKp1DKN931tts47esuo:0:bddb7fd34ee661ee,BUY,1787066519107299,EPjFWdd5AufqSSqeM2qN1xzybapC8G4wEGGkZwyTDt1v,47512963,0,4416215243,0,1042819642769161,0.00000423487922731579700973694764390880126255184452317245546733972
Ez6sTr5JR7GwSuzocy9QbHGsQ9YfeuaAq7XgY33bpump,2ubKCSZpNz2uzXGAa6V1CYkdxu6EDCcNvTx4xbFSw6PmA75pHm46TcEvMbWaezPQ8V782QRXrxBogPr3VmG44Htm:0:bddb7fd34ee661ee,SELL,1787069457233773,EPjFWdd5AufqSSqeM2qN1xzybapC8G4wEGGkZwyTDt1v,678721,0,4292000007,0,1073000000000000,0.00000400000000652376514445479962721342031686859273066169617893756
F6iFoS3kzU2YsWEbY65fNUje9q6XZzQDccodFiGhpump,3oKMvtf1k7ZMQxBPqsLtoZdddqXzFfM1VQgvLvM8f5vopVq21zz7eRtmMUaRip19qwqGoqyqTDULELbBLVdzCjDf:0:bddb7fd34ee661ee,SELL,1787067188321206,EPjFWdd5AufqSSqeM2qN1xzybapC8G4wEGGkZwyTDt1v,5225528,0,2460334508,0,1063817850311382,0.00000231274038810295791941423501883988567343892445425054752144510
FEmy929vmdMdEwVkzQAw4hNZpRteYNxQWk8Lx5AKpump,5txfFXZEg5zwP5Pz7p39YmmSo8AJvbZ1biD6sgPezgiLawVbFoe4w9VWidBwDxrcVmf3WUj7T7MgkCoPstXC2gF2:0:bddb7fd34ee661ee,SELL,1787064233419925,EPjFWdd5AufqSSqeM2qN1xzybapC8G4wEGGkZwyTDt1v,2801924,0,2673172762,0,1069424542395467,0.00000249963663262505920666038512394606844190828393340149910054104
FEmy929vmdMdEwVkzQAw4hNZpRteYNxQWk8Lx5AKpump,mwshwbg4vKWB85ZgbdkFQC87vhRuRaUVZNWJQDGYhyhopEM4wjy3RmabS65G7oezy5EYSQnbGcBwcSJ8aMkgSC2:0:bddb7fd34ee661ee,SELL,1787064243094619,EPjFWdd5AufqSSqeM2qN1xzybapC8G4wEGGkZwyTDt1v,606838,0,2537147357,0,1069667368405593,0.00000237190310926449866441479048017851834176262747337494793539540
FEmy929vmdMdEwVkzQAw4hNZpRteYNxQWk8Lx5AKpump,2mEje25UmyHANCxJKkjKfs1p6Ks67vcEAxFAzGnm9Swzu9pYnc88Py7aUYT3Fnie7maHydhbhPRLAkc5nQ3urvvb:0:bddb7fd34ee661ee,BUY,1787064417737441,EPjFWdd5AufqSSqeM2qN1xzybapC8G4wEGGkZwyTDt1v,2561301,0,7552787237,0,1060481465435909,0.00000712203605924922071452586061704694350719621856165265798682163
FEmy929vmdMdEwVkzQAw4hNZpRteYNxQWk8Lx5AKpump,5C95bdYSKdSA9oim8wfxo8deUyCH83NLRpKSoMiZ3SzkLnHwuVNaYYBpQ21BocETmg4Wxmo3xeXA2XAg9BBBRk4m:0:bddb7fd34ee661ee,BUY,1787064441278820,EPjFWdd5AufqSSqeM2qN1xzybapC8G4wEGGkZwyTDt1v,7595917,0,9239137572,0,1059415999701249,0.00000872097228530190141663541833436652633414101175444864095185771
FEmy929vmdMdEwVkzQAw4hNZpRteYNxQWk8Lx5AKpump,33vZMaGF3uF2YAZypc83Mp2xPxErzR3rxE8GFNs7kFDS8ysKehQcRep5fJz5FnEdeGXWJsyx8wk74r1Hbq3bAd6C:0:bddb7fd34ee661ee,SELL,1787064463044406,EPjFWdd5AufqSSqeM2qN1xzybapC8G4wEGGkZwyTDt1v,3318519,0,9376471222,0,1058609343797844,0.00000885734787524279212962206942862189497867542703393057300226444
FGvgPyP4D8b4kPFQGqKJMBTZEVT6FUzFRArLr7rtpump,26WpvfLbdq1sbtB4Mbxzyaep3igczM3PcWsWPVLoFm6cMFwxEvMDSfjch3ZRNiCqeMxZijncm6x7nw1B6B8SnLZX:0:bddb7fd34ee661ee,BUY,1787065244151980,EPjFWdd5AufqSSqeM2qN1xzybapC8G4wEGGkZwyTDt1v,29965074,0,4782537340,0,962944091207308,0.00000496657841682564368273869958190418520058669447137899675063000
FQRLGs7o49AaRtpg7hjUv9TWaDc7bxnWve6NgeSVpump,5gWvNajrv1FgnzxoTeAhJGLPZ8fxovqzSDVWAH3312Mk4fZgvFfn4podXfzGzQ6WaBvem5DCBMKAhKv2qr3b3Qg7:0:bddb7fd34ee661ee,BUY,1787067406030612,EPjFWdd5AufqSSqeM2qN1xzybapC8G4wEGGkZwyTDt1v,18948501,0,2489132856,0,1063038709827229,0.00000234152607331161797599272894712389144598839853067520147271334
FQRLGs7o49AaRtpg7hjUv9TWaDc7bxnWve6NgeSVpump,5PeQhcBnUFCitBdYEdsqy7EmGyyhYvCnwFUpHX4S8sveRyX6YVtRHLaAHc9dVyxqPk44983TwWtJx5WZ4NoG7iuY:0:bddb7fd34ee661ee,BUY,1787067416336911,EPjFWdd5AufqSSqeM2qN1xzybapC8G4wEGGkZwyTDt1v,6774246,0,3185469549,0,1060153471942325,0.00000300472491323718223824385540057988355126421241755756231790432
FQRLGs7o49AaRtpg7hjUv9TWaDc7bxnWve6NgeSVpump,TQ4cUqwYmiR24PP7d7ky1asUizoFFr5oup54CCUHqLRvZ8aYHFECukxEQZvBLqNHaGwhWr8RkDH1bGAgs1GG7T3:0:bddb7fd34ee661ee,BUY,1787067430455408,EPjFWdd5AufqSSqeM2qN1xzybapC8G4wEGGkZwyTDt1v,3557505,0,3550738281,0,1058970822434078,0.00000335300860588256390162911252214712870966280378211118404154552
FQRLGs7o49AaRtpg7hjUv9TWaDc7bxnWve6NgeSVpump,X65tCWfH3MLsre6k15yQN9Uh9ZRdY4moLhi3mTLKhhbu5kkL8BkJozdFJeyz2STrt8K3JcnAQVQVovtkHx5MSrc:0:bddb7fd34ee661ee,BUY,1787067440205764,EPjFWdd5AufqSSqeM2qN1xzybapC8G4wEGGkZwyTDt1v,5315927,0,4095740137,0,1057387772441611,0.00000387345139006339980464868847459046276359589975332687232365079
FQRLGs7o49AaRtpg7hjUv9TWaDc7bxnWve6NgeSVpump,CBfRa9MVEMGUXeeZktxLV1oDhpeBX7Pq5AixYS8wc1HXuPd6nbpxZ481Jtv5hge4qfEVm9QYegDeTkmyTVzfjMR:0:bddb7fd34ee661ee,SELL,1787067449277597,EPjFWdd5AufqSSqeM2qN1xzybapC8G4wEGGkZwyTDt1v,2365734,0,403319379,0,1111670464960909,3.62804798465327944443327577904333473812186149809055301997419E-7
FQRLGs7o49AaRtpg7hjUv9TWaDc7bxnWve6NgeSVpump,4QM1xnifPYSQ9T8W24WVEhsPiQSGyd9md5hkXuhHwM1suzap3Ny7pVjq8AoDnzFQHCGSCpMciDBU2JUXGn2JLCA3:0:bddb7fd34ee661ee,BUY,1787067469636470,EPjFWdd5AufqSSqeM2qN1xzybapC8G4wEGGkZwyTDt1v,831104,0,451005910,0,1109384401207496,4.06537093462922397134748836516341241955325868746587598304042E-7
FQRLGs7o49AaRtpg7hjUv9TWaDc7bxnWve6NgeSVpump,xrMLsiATcRyLx1iVdBxsJ6nYq8Zic3JaVCbXBiNutJaixH5f8eZdFRMtxFU1HZsoqkdc7gvj5ZfApFQk3Fx1wrc:0:bddb7fd34ee661ee,SELL,1787067477097170,EPjFWdd5AufqSSqeM2qN1xzybapC8G4wEGGkZwyTDt1v,562614,0,418686122,0,1110770050215514,3.76933211260751598324379001791342667015500261697568706142653E-7
FW4v33A3x7GTTDZBQxozWfPkxnJ3eowM3cye7uLNpump,2WC3Fpi5pab7aCfn7YoyXzYJbAcPcd9i14JSQHhKsVV9dFsuroJ4kiPVRFq9CKmfThQKwcqfDNr4DqYxqcQ1XngL:0:bddb7fd34ee661ee,SELL,1787076994933369,EPjFWdd5AufqSSqeM2qN1xzybapC8G4wEGGkZwyTDt1v,1914557,0,39086458,0,2050570114979893,1.90612638477778970421536988877001089150931013592557779908104E-8
FWCrBP3s9SFM6vvzdzxPATbq5KjTvr8HJ5iss3XGpump,3wt9canNwAMiGYDbBd8wr3Go39AiN7wmgj3Y7WNGE4SnSg5Y6ZapWLunHkidj42RUdRcyTPUpm9JXtNddBtrQbF7:0:bddb7fd34ee661ee,SELL,1787064046624426,EPjFWdd5AufqSSqeM2qN1xzybapC8G4wEGGkZwyTDt1v,100063,0,4293307597,0,1072673202903916,0.00000400243763466567199934910318477067356217484012094595723594390
FakbhwDTDumLa9wJDqdqhGfNL7Qkay6TX8ih2w4gpump,3qiBrtZPyrvL7RiAi7oG8VXhcMaTXbhxzfEmagcCkGaCTdWvN6dMK3pHMw4Db4TPMzxeztHvCznQ2ffwghdxG5ao:0:bddb7fd34ee661ee,SELL,1787069339270166,EPjFWdd5AufqSSqeM2qN1xzybapC8G4wEGGkZwyTDt1v,2572682,0,3998265304,0,856353228811252,0.00000466894404024166276566644832922561536723612500016051684850983
FakbhwDTDumLa9wJDqdqhGfNL7Qkay6TX8ih2w4gpump,3aVtnBiXRrZKaci1aqXdK91D1DcPmqhjwfGa9ggoDy5gVyCH2GReWtqY4VivxMsgPT64agqXPZ3R1RFBSxYE4fkD:0:bddb7fd34ee661ee,SELL,1787069360703131,EPjFWdd5AufqSSqeM2qN1xzybapC8G4wEGGkZwyTDt1v,893939,0,3997371365,0,856544736683577,0.00000466685649190638916007780616040292085606869291409798717607161
FakbhwDTDumLa9wJDqdqhGfNL7Qkay6TX8ih2w4gpump,P8H2g7xqJdBn6FLTSkUerepdFyxeivNQpG44rb5yRjFCp34sHErgqNCQFiidM1J95KvSGLswKq48A3YxeTryAJK:0:bddb7fd34ee661ee,SELL,1787069363038860,EPjFWdd5AufqSSqeM2qN1xzybapC8G4wEGGkZwyTDt1v,22638890,0,3974732475,0,861423359916880,0.00000461414521587100650526031481282007184857583194871058889275631
FenJ7zfi3AS5egmNYNeb2XD6PY6tf4nzDSZBcypfpump,MJ8BhtZfQXNUq2VAkPTsP5jDPhZxN12BFDGX4CRSJDZmqHjo5UrGo6eFuywyiLh4nGQpPzf456dSFmoX1mRzEwD:0:bddb7fd34ee661ee,SELL,1787069272877631,EPjFWdd5AufqSSqeM2qN1xzybapC8G4wEGGkZwyTDt1v,11423466,0,6831905649,0,1062054933710198,0.00000643272342338575879498154063498116608636631209714913859472547
FfvRkchaAj1Uod6991bEBVPTPeY72Hujsq9YSmqupump,65c3mzCxJWdfEwpndXs32y2vi3rd9MxQFEThmFhcJQVXMnbLgrZLJB38mU7NgaAUJg7ynAxzDG47tjyx7iP21nHC:0:bddb7fd34ee661ee,SELL,1787067636480547,EPjFWdd5AufqSSqeM2qN1xzybapC8G4wEGGkZwyTDt1v,1118498,0,61893700713,0,1004059190572648,0.0000616434780878804421479688269820526687937406392551439227520246
FfvRkchaAj1Uod6991bEBVPTPeY72Hujsq9YSmqupump,5TmBsTs3z4VcHRDR3WZLiK5DifrcWPwc5kFGkst54RQBceVFzS7qGmmcfDiv4XnwkeVUr2q3UUT4spHaZZ6Msu7g:0:bddb7fd34ee661ee,SELL,1787067644144528,EPjFWdd5AufqSSqeM2qN1xzybapC8G4wEGGkZwyTDt1v,275159,0,61893425554,0,1004063654325048,0.0000616429299949175223217591433743470948948971969247314831436074
FfvRkchaAj1Uod6991bEBVPTPeY72Hujsq9YSmqupump,4Dv6Vd7Jap1Frz2frJGiLnfDtxpp3hqZ8F8smE4h2PMfKmc12YsvczGpyh51EiAM1V41sucDgN7Q4GLZdTXCmJyf:0:bddb7fd34ee661ee,BUY,1787067652027939,EPjFWdd5AufqSSqeM2qN1xzybapC8G4wEGGkZwyTDt1v,2855575,0,61896281129,0,1004017332009436,0.0000616486181619206187558364949036755541129332989157903913469799
FfvRkchaAj1Uod6991bEBVPTPeY72Hujsq9YSmqupump,JGWJAYd6tbu4qp6B65u3dKNZyooWYrVYu5UuBN9C4UmDpeoQa3zg9L5subWgtBXQReFXAzyp3wTGn9YeC47jfaX:0:bddb7fd34ee661ee,SELL,1787067659617423,EPjFWdd5AufqSSqeM2qN1xzybapC8G4wEGGkZwyTDt1v,1432180,0,61894848949,0,1004040563903059,0.0000616457652949726861169524891475036971219901389389511219577388
FfvRkchaAj1Uod6991bEBVPTPeY72Hujsq9YSmqupump,3HWVfWaJyogTtQZVKQayidm4EJ6FC1XeB7Vm6Z3yFkPaWsPjXTbnCzmpgWmLwf8GDa5ar948PVdrAarLwXoW4zGF:0:bddb7fd34ee661ee,SELL,1787067748545557,EPjFWdd5AufqSSqeM2qN1xzybapC8G4wEGGkZwyTDt1v,1858255,0,61890880000,0,1004104951506120,0.0000616378595755015319226796289975602223395020589531295099874894
Fjt9MbZQHmfgXrA6SqD7W5QE2fDxTuC9UShTFN8Ypump,2X5cG3vsdc9t21dNHF3qpzCGPMhfrmXG5V77hHCr3q521i9btdrgDpe8yweYFHyCAsJsKHtEcwy8XMVMCtGuz39h:0:bddb7fd34ee661ee,BUY,1787067813224575,EPjFWdd5AufqSSqeM2qN1xzybapC8G4wEGGkZwyTDt1v,1503666,0,821898138,0,1045004905993150,7.86501702801946019442126265226527620643344342539772639829499E-7
Fjt9MbZQHmfgXrA6SqD7W5QE2fDxTuC9UShTFN8Ypump,2TXyFz4rapwPbRQgRwjeTBTpXyFTftztVgsHSrzue7oxrcMuvgGTBQ8qMgpGEPj89cfPYcC5BYWpjXFmZdfhA7GU:0:bddb7fd34ee661ee,SELL,1787067818296236,EPjFWdd5AufqSSqeM2qN1xzybapC8G4wEGGkZwyTDt1v,1485541,0,759212775,0,1046897123013741,7.25202847835159241017321123031857821285099893886824104261199E-7
Fjt9MbZQHmfgXrA6SqD7W5QE2fDxTuC9UShTFN8Ypump,4ks8mvrhCUugux9Y3tceJD6qhvJbc9zq9Ar7fGtAH4eRR3psPx3kGAk8BN1FdjhxbNQh9v2s7YsnEj6froDQJm2E:0:bddb7fd34ee661ee,SELL,1787067825499405,EPjFWdd5AufqSSqeM2qN1xzybapC8G4wEGGkZwyTDt1v,1930757,0,677534494,0,1049566280540342,6.45537596397617617905291794536138128557973538687549548713105E-7
Fjt9MbZQHmfgXrA6SqD7W5QE2fDxTuC9UShTFN8Ypump,4tFoYtoAnGRKmB8UpqksQ81QpaWTeZtiWuVP1iko54fCMwM5my8byyGanU7yWrFECv8vY6JqZtWitijFBDqUA2u7:0:bddb7fd34ee661ee,SELL,1787067845529895,EPjFWdd5AufqSSqeM2qN1xzybapC8G4wEGGkZwyTDt1v,1811116,0,600712558,0,1052379395193490,5.70813682540366785274491649199610764705600600567738538624797E-7
FzV9aEQpdohzram1Ttd2MeQd2L9X1cH9by2LEUYppump,3MKUpgH7xEpPFMZSZgCxzR4cyR3yqSAv2LrmvBQC4aBsjhLoHCvTVXAShoQrFKsJ3is8boTMuCHnoyhGVAF3w1eT:0:bddb7fd34ee661ee,SELL,1787067616530771,EPjFWdd5AufqSSqeM2qN1xzybapC8G4wEGGkZwyTDt1v,1344507,0,1165868922,0,1070872808864870,0.00000108870905335230829862213582490244106479975705600943236852562
FzV9aEQpdohzram1Ttd2MeQd2L9X1cH9by2LEUYppump,3AvkVSjqBHL1GsoJZwSnTaTe9EZtssNh6iFhdTB19UJY9TDGUcHvoEnFaTG6M2ViySZNFrCvsvy6h5TtkWyN5gSr:0:bddb7fd34ee661ee,SELL,1787067822913405,EPjFWdd5AufqSSqeM2qN1xzybapC8G4wEGGkZwyTDt1v,446556,0,342771816,0,1078248902005388,3.17896744770612502176400027382799557585324094291292191624192E-7
G4UqR5d95ZV4uxwfqUCFu1TQ4Zqo8gRfooz8QsE5pump,3U18HCwxDNCuzJzNGqNU3F6RCgAqS3VxiN9uCD1WXJmLm68u25XefRPW9ogFUKk7d2eyUCAZ62m5YpTg6LcU6zVN:0:bddb7fd34ee661ee,BUY,1787067859741658,EPjFWdd5AufqSSqeM2qN1xzybapC8G4wEGGkZwyTDt1v,1216308,0,1279762213,0,1090707256752205,0.00000117333244560116272643241441071324982382755865361896083595372
G4UqR5d95ZV4uxwfqUCFu1TQ4Zqo8gRfooz8QsE5pump,39y2twB8d9QJkRRTgE731Qb1tAvLUgztvzrm2kKoNDuHv4sp9p5kLcWW7DEWbu7gmNQw3hAJitwxdqMnpuPYUJQC:0:bddb7fd34ee661ee,BUY,1787067865068869,EPjFWdd5AufqSSqeM2qN1xzybapC8G4wEGGkZwyTDt1v,403198,0,1346144142,0,1090363730063600,0.00000123458264878407184686648833278716208034060018824208122552628
G4UqR5d95ZV4uxwfqUCFu1TQ4Zqo8gRfooz8QsE5pump,5uwbKD6s1ydeGjwez616tC6EpPcVXmqh9ZwmjVFVds2zj84ghrsxCrZe7jjw5AdCiEcGNLvmvoft1PvvfsaEqvKH:0:bddb7fd34ee661ee,BUY,1787067870103272,EPjFWdd5AufqSSqeM2qN1xzybapC8G4wEGGkZwyTDt1v,297459,0,1395106511,0,1090122844380523,0.00000127976999857551657804911453187657150957450386156863351364126
G4UqR5d95ZV4uxwfqUCFu1TQ4Zqo8gRfooz8QsE5pump,52sEAoR9mXbfL7zqEAWPfD2ahrKyYqpJmKz5moG5YAfesA6QT61kZgXbux8R2srFqZkp8bgtRxuMwUUFbECswvq1:0:bddb7fd34ee661ee,SELL,1787067877417906,EPjFWdd5AufqSSqeM2qN1xzybapC8G4wEGGkZwyTDt1v,2450764,0,991000625,0,1092041218623678,9.07475476291067531754776296301157223422208652577144530434740E-7
G4UqR5d95ZV4uxwfqUCFu1TQ4Zqo8gRfooz8QsE5pump,2KWH1JzFjidZwGd4mRzHA8vmJv5xthXGAazNtUaPkNdFFCF9fKPsHKX58F1ASgBJVdwPFHyUcwv2JQoqpH3FQ4sH:0:bddb7fd34ee661ee,BUY,1787067880042493,EPjFWdd5AufqSSqeM2qN1xzybapC8G4wEGGkZwyTDt1v,18953549,0,1009954174,0,1071547164330423,9.42519571344383545657608362344726500614366271130833074179212E-7
G4UqR5d95ZV4uxwfqUCFu1TQ4Zqo8gRfooz8QsE5pump,vuRUDqyi433EAPuJMCcFYZcigAKFTtH9xSrCgHkSvpAwEzU5YGRu9SnN48vXd9PjmzKb1JSQQUjrTX2s17EFXzb:0:bddb7fd34ee661ee,BUY,1787067882676286,EPjFWdd5AufqSSqeM2qN1xzybapC8G4wEGGkZwyTDt1v,18953516,0,1028907690,0,1051808187287611,9.78227496643977930419673433720921687457916690040501769607124E-7
G4UqR5d95ZV4uxwfqUCFu1TQ4Zqo8gRfooz8QsE5pump,5mP6i3KuYZtX1SS8GXLRGGH7rUt248vnCPsa1sHG2Msw1UtRAdMvVBKauPUVuJUErSjoU1txX1cywhBGsukaqt2o:0:bddb7fd34ee661ee,BUY,1787067885370154,EPjFWdd5AufqSSqeM2qN1xzybapC8G4wEGGkZwyTDt1v,17736728,0,1421352571,0,1033983952614157,0.00000137463697323975206186371603661210957566430065767475286790955
G4UqR5d95ZV4uxwfqUCFu1TQ4Zqo8gRfooz8QsE5pump,51aj1fgAfZT5K9xVMFxdyAXiY8Etf4Yrbpdoio7z3YHVA8cueqmZc82ZNMNDp9QYBs97MZ7RLdgwqUHmiACzLEqk:0:bddb7fd34ee661ee,SELL,1787067890081249,EPjFWdd5AufqSSqeM2qN1xzybapC8G4wEGGkZwyTDt1v,13198531,0,1126913667,0,1043675413852130,0.00000107975492384231191690078718588279344211560459954040313546568
G4UqR5d95ZV4uxwfqUCFu1TQ4Zqo8gRfooz8QsE5pump,5u5EdMkimzVXSkPSTHLhi4Ntc9TUKGMbxWpYz8BGNfeRz2btStoDm9PoPr4LQgQnXQ9KKLyxrn8SHimN8ZHEn7NT:0:bddb7fd34ee661ee,BUY,1787067895487255,EPjFWdd5AufqSSqeM2qN1xzybapC8G4wEGGkZwyTDt1v,14966395,0,1456737743,0,1029996167655169,0.00000141431375061940931894791431385415430085429393725461610909357
G4UqR5d95ZV4uxwfqUCFu1TQ4Zqo8gRfooz8QsE5pump,24ZDzcWC8APedDc3y1GtoikSS11N5xmk1gQDwpKdz2st5cfKnD2owG1tLgaxtoai1biEmr2iyJbyBM9DjVq19JiY:0:bddb7fd34ee661ee,BUY,1787067897832017,EPjFWdd5AufqSSqeM2qN1xzybapC8G4wEGGkZwyTDt1v,18954830,0,1475692573,0,1016766175447444,0.00000145135883611647308874402791308436000485350687633597515104663
G4UqR5d95ZV4uxwfqUCFu1TQ4Zqo8gRfooz8QsE5pump,4Du8hccz8cw9AQhiVnry7pUJumme8Dnc3sesUbTfXZtPViCovXCf6z2zYxmogYxRyK3v3hW7TJ64133S64VRHtAE:0:bddb7fd34ee661ee,BUY,1787067954499744,EPjFWdd5AufqSSqeM2qN1xzybapC8G4wEGGkZwyTDt1v,621225,0,76185740,0,1164629322508107,6.54162990125724488307352188939320043441778388168495991656708E-8
G4UqR5d95ZV4uxwfqUCFu1TQ4Zqo8gRfooz8QsE5pump,3ggcsjmUogkAJYYBJaZYWSeCjes5judWsXEVswL3LVVQ8obH8iHFVoyoFcydZSq3UyrzNBLoPunNUE33LPXs4ryQ:0:bddb7fd34ee661ee,SELL,1787067957264275,EPjFWdd5AufqSSqeM2qN1xzybapC8G4wEGGkZwyTDt1v,1489246,0,45958125,0,1187848896212286,3.86902114793787793072028889236692337018848844006179599380041E-8
G4UqR5d95ZV4uxwfqUCFu1TQ4Zqo8gRfooz8QsE5pump,4BaFtnm5JYVJuLZQmnj4pxs7ikrngR5wcnbfQxpPFMaELxiXeojaSSnJgmqpcvQHC8yhPFy6W2Kx97nL4Vi4eLrd:0:bddb7fd34ee661ee,BUY,1787067959863991,EPjFWdd5AufqSSqeM2qN1xzybapC8G4wEGGkZwyTDt1v,683799,0,46641924,0,1170434333362205,3.98500989508875718442324325085906308450932381823363717613766E-8
G4UqR5d95ZV4uxwfqUCFu1TQ4Zqo8gRfooz8QsE5pump,59JAQspZVxDXRV9aJP9rJHPTMFpqqA7TBbEeQ3jVZxPRkASz69ddny3wXAQEUixx5dqWQ797CyjqtnxyQdoE2h6H:0:bddb7fd34ee661ee,BUY,1787067964885326,EPjFWdd5AufqSSqeM2qN1xzybapC8G4wEGGkZwyTDt1v,683790,0,47325714,0,1153523227926236,4.10271010190930659608463306276272650249712159045504515579493E-8
G4UqR5d95ZV4uxwfqUCFu1TQ4Zqo8gRfooz8QsE5pump,4zeeMjohNxq2kYmqA2eaP6J8MJV4ZRa5uDnaJWM5xHVhG2EGUAiR9dScdKY3JMakmB5iudh1mz5E8V4Zba8Q5MaH:0:bddb7fd34ee661ee,BUY,1787067969820687,EPjFWdd5AufqSSqeM2qN1xzybapC8G4wEGGkZwyTDt1v,736742,0,56395805,0,1135841047681664,4.96511418698135884751622204983291294333959497361901408014793E-8
G4UqR5d95ZV4uxwfqUCFu1TQ4Zqo8gRfooz8QsE5pump,4ey8jbWYQZN886xrqxRpQfaCfsgGoJM9H21XdNNe54uvjsMuiH3hYnrvwRPkBTnCGyS9WHygWVhHAxtfb7Hfv9yE:0:bddb7fd34ee661ee,SELL,1787067975106682,EPjFWdd5AufqSSqeM2qN1xzybapC8G4wEGGkZwyTDt1v,587743,0,49097848,0,1147803186282548,4.27754937316525882139423025659096143113575311992160233250336E-8
G4UqR5d95ZV4uxwfqUCFu1TQ4Zqo8gRfooz8QsE5pump,64Efkm4CKHhbrZkkaEcLbnSE1HiCP7Nrb6tnvwzR42Ut1GgzzX3gxWgEctLmVLMj9yBwK714UzpauFbdRK5WcS23:0:bddb7fd34ee661ee,SELL,1787067979896061,EPjFWdd5AufqSSqeM2qN1xzybapC8G4wEGGkZwyTDt1v,528449,0,42465685,0,1160291638245469,3.65991476627499782277776146434709173617967911151291977868760E-8
G4UqR5d95ZV4uxwfqUCFu1TQ4Zqo8gRfooz8QsE5pump,5LWaz3nHUpBvdTEEUUwMh2uC3dqPpzYoSqHxsj4b8D5HG93sFeDhRc1g7sYQwMDZRetWnRRP8tMQ7DxbyDZcj6Gs:0:bddb7fd34ee661ee,BUY,1787067984796042,EPjFWdd5AufqSSqeM2qN1xzybapC8G4wEGGkZwyTDt1v,410001,0,47569797,0,1149196288494744,4.13939702696991147720170682984604172005004765143790581469143E-8
G4UqR5d95ZV4uxwfqUCFu1TQ4Zqo8gRfooz8QsE5pump,31ZT15u51xv9HvwU3XR2vSjBYccf3Nmb15C6DcuwsYZDFWHEnWNp5R2dgwHWLsw7UEGYWhWpgSavpQZA69Soa5Uk:0:bddb7fd34ee661ee,BUY,1787067992008133,EPjFWdd5AufqSSqeM2qN1xzybapC8G4wEGGkZwyTDt1v,607879,0,55044568,0,1134696371756256,4.85103939433624252932139726544125643425227555791496498553044E-8
G4UqR5d95ZV4uxwfqUCFu1TQ4Zqo8gRfooz8QsE5pump,4McACvb1pEGMMenjLiCqXsYLyFByUjz5yx5iH9QBNyM2GqMC3QTb8Uj4X5cnadH8DfZs914tmYQsxUweUbN1CKxm:0:bddb7fd34ee661ee,SELL,1787067996857507,EPjFWdd5AufqSSqeM2qN1xzybapC8G4wEGGkZwyTDt1v,1237148,0,39524336,0,1160785496782339,3.40496466483775168489484484788139700924839583383424636773197E-8
G7GQXnwo4HgJZwacfNFRpUWh5GjWqPnHnxDtNaCtpump,28JnFHtbKcf7aNLDr24TnZKwuze9gyi7wrPjNEg7MMYpziA1M9ZKmsWNSpzZCZyqKZFLvFtDL1hrD75BAzR88VN9:0:bddb7fd34ee661ee,SELL,1787069118276610,EPjFWdd5AufqSSqeM2qN1xzybapC8G4wEGGkZwyTDt1v,413055,0,72154392,0,981010297003241,7.35511056514033928296104333386413298631762103205665392749196E-8
GLYdNkeguF8h9eTmBr7LAd9Zko8bMjme3BMTuTETpump,5zWwkWM2TFnrfdjD6XauWSSHYENdCHdsPoHFn1JMJo9Sf1HHAJiQGL7jLzgQZiHqESMHySNp39NhkuBixfrPWwbv:0:bddb7fd34ee661ee,BUY,1787066570807289,EPjFWdd5AufqSSqeM2qN1xzybapC8G4wEGGkZwyTDt1v,3781519,0,2101186372,0,1066548856799855,0.00000197007981266281702471075782458105866668307346640687810416359
GLYdNkeguF8h9eTmBr7LAd9Zko8bMjme3BMTuTETpump,gLqGRXcYbsmHRdfoUGZeQ7pVS4rgCKMFBWZZ8gxxhkq15LsqeMPS9KZVSiuCbsrTA7cUcRaFSfzSNyRfzph9TP7:0:bddb7fd34ee661ee,BUY,1787066582403756,EPjFWdd5AufqSSqeM2qN1xzybapC8G4wEGGkZwyTDt1v,1255709,0,1244207221,0,1040738060719157,0.00000119550467880481323197190168151896270846851448429387556847750
GLYdNkeguF8h9eTmBr7LAd9Zko8bMjme3BMTuTETpump,5zP7BwUUgSMHTwJaLGo945Jhtm9XtYDSDRAtNAVrFrRk4rA2roXpt2ZyPnb5FbJGvm5N2poFSJLQaUJU95S2EqRW:0:bddb7fd34ee661ee,BUY,1787066604616011,EPjFWdd5AufqSSqeM2qN1xzybapC8G4wEGGkZwyTDt1v,4037448,0,1513963395,0,1037371792946397,0.00000145942217177504209107954565447504594499498396115496281406004
GLYdNkeguF8h9eTmBr7LAd9Zko8bMjme3BMTuTETpump,2mBWH8D1RYSriS5ekwfap1z7bq1HBXmn5QMtMPdM6AEdkRwMggBDXULYf6HS3D1ex5dmrs4SxuRuDBat29XYBsUe:0:bddb7fd34ee661ee,SELL,1787066608658305,EPjFWdd5AufqSSqeM2qN1xzybapC8G4wEGGkZwyTDt1v,6425717,0,1507537678,0,1041793478566182,0.00000144706000662897284074454044439849584286759263690988538291568
GLYdNkeguF8h9eTmBr7LAd9Zko8bMjme3BMTuTETpump,3XwufTrV7AHEF8jVGnpfEk3sWDSZSHyDKbMf7kXvX3QvAip1EBVmd95dhoVCCtytYX9tVnP9HKETJcDgm8CACASz:0:bddb7fd34ee661ee,SELL,1787066615149539,EPjFWdd5AufqSSqeM2qN1xzybapC8G4wEGGkZwyTDt1v,7127280,0,835920762,0,1046742227842083,7.98592757381439446873451992931267236853777650634954612011048E-7
GLYdNkeguF8h9eTmBr7LAd9Zko8bMjme3BMTuTETpump,325AY2XacVrc48G5HrrCG3Q3ySfLjE4bxCWtx6kC7QcMkwQbhHQdVRm8d6duW4x2U3iVwUJUtvhstnVU72RYdqim:0:bddb7fd34ee661ee,BUY,1787066617045260,EPjFWdd5AufqSSqeM2qN1xzybapC8G4wEGGkZwyTDt1v,1812715,0,1006379005,0,1044477252895233,9.63524099936473704495357296784389710315893453718580130213458E-7
GLYdNkeguF8h9eTmBr7LAd9Zko8bMjme3BMTuTETpump,oMnNJwEwvkVtboGQWKMKztLJBZnC4o1ECJSm5wpECDpHGYQq1CAiSukkx55nVtz7h9PboDJRwo8kokJQyuUEvDj:0:bddb7fd34ee661ee,SELL,1787066621846176,EPjFWdd5AufqSSqeM2qN1xzybapC8G4wEGGkZwyTDt1v,2542897,0,766664370,0,1047123102251429,7.32162597073436634368537597652346476794538506596740120269917E-7
GLYdNkeguF8h9eTmBr7LAd9Zko8bMjme3BMTuTETpump,5ELPb5WGNvp4NtwveSz5P2kyU482yot7kYfZ7i1YwPCxxuZRxeU2MYgE2WYYSkU136DdBT4xdu6drGgr4QMCVoSF:0:bddb7fd34ee661ee,BUY,1787066748620500,EPjFWdd5AufqSSqeM2qN1xzybapC8G4wEGGkZwyTDt1v,154458,0,499017425,0,1033390677539992,4.82893290839357442831926860639078661505848514071831373014529E-7
GLYdNkeguF8h9eTmBr7LAd9Zko8bMjme3BMTuTETpump,4zd4Esxao4BsJAVky2SV9K1rD84ENqSDE1ktMSNWyrDDMdgkSkKZpHuCuw5RiXk9ocxDDbfUt5zCMKx5AzyZbcvF:0:bddb7fd34ee661ee,SELL,1787066822479257,EPjFWdd5AufqSSqeM2qN1xzybapC8G4wEGGkZwyTDt1v,1575779,0,286047936,0,1032237223586656,2.77114532845546392991258304268030032328464649210109179286004E-7
GLYdNkeguF8h9eTmBr7LAd9Zko8bMjme3BMTuTETpump,4Snvy3oAUjojFF9ko5nJAGTX6SqpepbjfUodKV4Znk6JzupVSntjjqzDz4uJ7Wy5x8qjxFeqRamkxKC6NpsKQVq4:0:bddb7fd34ee661ee,BUY,1787066825260224,EPjFWdd5AufqSSqeM2qN1xzybapC8G4wEGGkZwyTDt1v,993463,0,374352448,0,1028664604820065,3.63920802024175887253571914504603239883407657414654562588849E-7
GLYdNkeguF8h9eTmBr7LAd9Zko8bMjme3BMTuTETpump,3rLzp8thYJgP4yMC6Bt3gUrM6ia6mCbzUXM1rLGL86nqZxTKzWrKjjwz3SUJb7x4XQYuN7Lcdb89Kq3zvWGnmHJW:0:bddb7fd34ee661ee,BUY,1787066832597899,EPjFWdd5AufqSSqeM2qN1xzybapC8G4wEGGkZwyTDt1v,1622438,0,517942975,0,1024225626031160,5.05692263341439407682112366964567022701484420360149967055772E-7
GLYdNkeguF8h9eTmBr7LAd9Zko8bMjme3BMTuTETpump,nJdpbitiMasn6p7VsTju6m7KkEJMU7TLWCGCBKVgZBGapVDPs1XbcocU2uwxEgbX2tPWwNCtmjTMGXHAa5EfaiY:0:bddb7fd34ee661ee,SELL,1787066841741914,EPjFWdd5AufqSSqeM2qN1xzybapC8G4wEGGkZwyTDt1v,268556,0,494163924,0,1024756969578157,4.82225482402352866331863778581601071665019600573574887092262E-7
GLYdNkeguF8h9eTmBr7LAd9Zko8bMjme3BMTuTETpump,4GPedPSuPVVKJyJ7bSng84BYWQMa3Q9UoFyQnw65566912nB4PkLwWnQmtsVFrrQ21MpGBWfLn4M6pohg4sBkhGd:0:bddb7fd34ee661ee,SELL,1787066848542790,EPjFWdd5AufqSSqeM2qN1xzybapC8G4wEGGkZwyTDt1v,1056949,0,400378448,0,1026953484606548,3.89870090516704529079988886133026548156474254941801096819260E-7
GLYdNkeguF8h9eTmBr7LAd9Zko8bMjme3BMTuTETpump,4f7WRaPTyHKTmh4HZN34px84ghk5nUY1ZbhC426KUymdCsSSzmu12mU1ais3ZD6scrFoxR9EPt1W2ntk45HrQDha:0:bddb7fd34ee661ee,SELL,1787066853066251,EPjFWdd5AufqSSqeM2qN1xzybapC8G4wEGGkZwyTDt1v,2050013,0,217546219,0,1032238743807482,2.10751844285137124787176200964006431304024556301471473860941E-7
GLYdNkeguF8h9eTmBr7LAd9Zko8bMjme3BMTuTETpump,5jzHedJxa6TezqweNUZfCQoBXE7THGukExaUDJ1mdoCe8ELemqP9VE5MaqJAEyJih4xTCPL5xK9cpsZeH2i6a4Z2:0:bddb7fd34ee661ee,SELL,1787066857822253,EPjFWdd5AufqSSqeM2qN1xzybapC8G4wEGGkZwyTDt1v,281038,0,192448122,0,1033573975455373,1.86196756661961253744389914615115895707388364944114849728394E-7
GWfLQX1ofSBH9uWNV7aQVr282DqFU1X1xrHGneQipump,5LiAnUWL9DhVBpm5CGVVN5U4TW9G8xJ578YrpLfoYnN9yg682GSrh1KpfSZJ5d7jFA6yRSjKMJ4LnCSHtnKapCmU:0:bddb7fd34ee661ee,BUY,1787064370903750,EPjFWdd5AufqSSqeM2qN1xzybapC8G4wEGGkZwyTDt1v,7850460,0,11182186410,0,1060174750670268,0.0000105474936117185893663856873997153752982398183220260560373959
GWfLQX1ofSBH9uWNV7aQVr282DqFU1X1xrHGneQipump,3zhdKjax87vZLPiZ1MYo16goRjmBsMLg9zzKHRGa1m27n3r41fL8TRFpktKPyTgmaqdgszBaxjo2CciaHsApH7H7:0:bddb7fd34ee661ee,BUY,1787064373907466,EPjFWdd5AufqSSqeM2qN1xzybapC8G4wEGGkZwyTDt1v,10595993,0,12920030310,0,1059171103513341,0.0000121982465978758295987988484216822523644371091655315769541504
GWfLQX1ofSBH9uWNV7aQVr282DqFU1X1xrHGneQipump,4pHCv7EXNCtY6Gc7TWLwGz4wMnpgiY1ks4soRm34N9p13WpFiCJa2H6LMhoYTURhm2Kuuxk2p4A9xGaZkt2Ueu2i:0:bddb7fd34ee661ee,SELL,1787064378420075,EPjFWdd5AufqSSqeM2qN1xzybapC8G4wEGGkZwyTDt1v,6365953,0,11875447911,0,1059693235290752,0.0000112064959136421106813206456255094047506039703555835141395174
GWfLQX1ofSBH9uWNV7aQVr282DqFU1X1xrHGneQipump,4FUQaKB8kLtxeTrZY84jV6rz6WVXCvs6YxxXwe98PMY4UUKFSAfRys1RHpf8Zqe3FzhYh1Vi1WH5ESxdW7y5sv7m:0:bddb7fd34ee661ee,BUY,1787064382867909,EPjFWdd5AufqSSqeM2qN1xzybapC8G4wEGGkZwyTDt1v,12171583,0,13870643364,0,1058608228812005,0.0000131027163652090268826707476962260485254096924203433479323185
GWfLQX1ofSBH9uWNV7aQVr282DqFU1X1xrHGneQipump,2JF2c98t64FbJdwtmA61EiuJ8FP8qHtfnQppRaJXbwC4bwcYFoWZBrcLhNnC2PH1KeWJKeJhQdj5vuymqP5TwVvC:0:bddb7fd34ee661ee,SELL,1787064387664436,EPjFWdd5AufqSSqeM2qN1xzybapC8G4wEGGkZwyTDt1v,26818293,0,13843825071,0,1060658967413523,0.0000130520982675128387125805427684255425832574556024506104862901
GWfLQX1ofSBH9uWNV7aQVr282DqFU1X1xrHGneQipump,t3F2hc7dSAyPivbssFKtdvJ5DtX8r5tKH8Z6ocYXiVDzvoKPTDcU8LNXz8Cwy59oZV9AsGndqLiKgdt9fmRiMdd:0:bddb7fd34ee661ee,BUY,1787064387684477,EPjFWdd5AufqSSqeM2qN1xzybapC8G4wEGGkZwyTDt1v,9343894,0,16090937397,0,1059943558182127,0.0000151809379591843713175410685453217291113968819857940210006666
GWfLQX1ofSBH9uWNV7aQVr282DqFU1X1xrHGneQipump,3uVeKzopV35wTzCgSaUMrEjHR8BPefQWEsn4nrMBHCTrTSg4uL3pUVt9frM5KjykbqoC4485CrxzqdS1pq7fe9ec:0:bddb7fd34ee661ee,BUY,1787064392319881,EPjFWdd5AufqSSqeM2qN1xzybapC8G4wEGGkZwyTDt1v,3245039,0,16871177638,0,1059729843804415,0.0000159202628260734012175631114689425328259917584077886911602230
GWfLQX1ofSBH9uWNV7aQVr282DqFU1X1xrHGneQipump,Cg16uJxFu6fMWu4oLLjbEJ1TW6tx3tNvk9ZLuKjUfd7QFaNNxGNiREJBPQgomdAcMmCxbgFrHLtZfKMgawjjwWo:0:bddb7fd34ee661ee,SELL,1787064396930704,EPjFWdd5AufqSSqeM2qN1xzybapC8G4wEGGkZwyTDt1v,10824146,0,14266948052,0,1060410177797160,0.0000134541787232157683158498375382313437642757572335803198950995
GWfLQX1ofSBH9uWNV7aQVr282DqFU1X1xrHGneQipump,GeUHWLQxcjBpUSZec9dX4ViKwCkgh1Wz1oTsGJbUYtZSFUWWKupKDCm8a7shBBk2qyCYZ2iG9PYGY5moLX1vat8:0:bddb7fd34ee661ee,SELL,1787064403138556,EPjFWdd5AufqSSqeM2qN1xzybapC8G4wEGGkZwyTDt1v,10482110,0,11743157199,0,1061189847684157,0.0000110660285948147589793679197733151532042956162293632687642624
GjGjwxvEWwmDe7wb6i9ALMqRcz19RMsmieRYSyrSpump,4YFDePpduwqzejEChA9RmTKh33NYnW6SSjQ8tjHnhZwAog4obco9HnsNt6BTPzGNHwYyLDdk1SWwpZ7K3ttmUozN:0:bddb7fd34ee661ee,BUY,1787069187072116,EPjFWdd5AufqSSqeM2qN1xzybapC8G4wEGGkZwyTDt1v,82183500,0,2929845658,0,827667782949630,0.00000353988124022256864632607160778595175412811542267730526589828
GjGjwxvEWwmDe7wb6i9ALMqRcz19RMsmieRYSyrSpump,5i2RaYskuyjEWrYZSmR3ifvGZFmrGo54heessDBxhjJ39mEXpGmLKpuCLy5MA8kvn8WoAHYrWuXQDKSWwtRATKmp:0:bddb7fd34ee661ee,SELL,1787069192239387,EPjFWdd5AufqSSqeM2qN1xzybapC8G4wEGGkZwyTDt1v,86772558,0,2422525896,0,852928776609503,0.00000284024406543045596739010807686458799559460873778879186330972
GjGjwxvEWwmDe7wb6i9ALMqRcz19RMsmieRYSyrSpump,4eaf2TnGDUtJksTCKjJXSYSYnpjfLHGiEyuvAWf8Ui7TqtRLsL1nUoRxWJSF3Q3sjnuM15ra4BXN9uUkZALByEtm:0:bddb7fd34ee661ee,SELL,1787069194916180,EPjFWdd5AufqSSqeM2qN1xzybapC8G4wEGGkZwyTDt1v,24075125,0,2398450771,0,861490289616090,0.00000278407174161978422568785001869704474635225714334179557601322
GjGjwxvEWwmDe7wb6i9ALMqRcz19RMsmieRYSyrSpump,2c5Uf8Smn6BCLcrjrQB8kzpytbtYFVUE1cwffZAfehaSH2QbyzaKmP9fMAiQyzYiKEAob9vCXWWtmusx5d2ZoPcq:0:bddb7fd34ee661ee,SELL,1787069200123467,EPjFWdd5AufqSSqeM2qN1xzybapC8G4wEGGkZwyTDt1v,12380753,0,2320493385,0,865960359342935,0.00000267967622300947061534285219460882848869739244291268963570391
GjGjwxvEWwmDe7wb6i9ALMqRcz19RMsmieRYSyrSpump,37JNyx35QCQAvWjZy4xs1cNVcb88YLxUMGoW6i7T1VG2LNxiWW1MEQfoDeM7hZ8LYZ32EQBoExyLJ1m4YRJn3met:0:bddb7fd34ee661ee,SELL,1787069202967023,EPjFWdd5AufqSSqeM2qN1xzybapC8G4wEGGkZwyTDt1v,15129542,0,2305363843,0,871643446722576,0.00000264484733025675362617525605970401362646546263349416829337385
GjGjwxvEWwmDe7wb6i9ALMqRcz19RMsmieRYSyrSpump,5h7TxsGt6dEKhms56n6mqRq5K6MZPbVDFwU2Snxy9HAQUVnGGVNYRCMoxsNEn3v7x2fhWukYE77xyEL5UM2XDuSp:0:bddb7fd34ee661ee,BUY,1787069205581333,EPjFWdd5AufqSSqeM2qN1xzybapC8G4wEGGkZwyTDt1v,124650534,0,3091845946,0,826931439205277,0.00000373893868271766347007610409144595067260497467164223830450991
GjGjwxvEWwmDe7wb6i9ALMqRcz19RMsmieRYSyrSpump,31rVckNeYDgDgvZeAaSmuPDdXogh1QKnfdfUihaemPc8qStx8FqRTKen4rEjMvsj41FFR94SUr79tpEVdNQZAPXV:0:bddb7fd34ee661ee,BUY,1787069213466955,EPjFWdd5AufqSSqeM2qN1xzybapC8G4wEGGkZwyTDt1v,37850991,0,3326807923,0,816930415114754,0.00000407232716697502830553927607386994633247818075002483393424843
GjGjwxvEWwmDe7wb6i9ALMqRcz19RMsmieRYSyrSpump,4wGhNwXyaxebxm2ugUSqLhZj3XFz2sZ5zv8w6XtHD17FHVSPaqV6zWYnndR1ptxwj5DGMhjg5G1t1gdYRzpD5Yji:0:bddb7fd34ee661ee,SELL,1787069218853717,EPjFWdd5AufqSSqeM2qN1xzybapC8G4wEGGkZwyTDt1v,44361070,0,3048713505,0,827970931467633,0.00000368215041027582278391786458030630695260196370448890301316477
GjGjwxvEWwmDe7wb6i9ALMqRcz19RMsmieRYSyrSpump,jc2SKuT2dE4tX1Cqhqxmrv68zmvVoi7AYfrozugFtm3X8V9YBCGDf8xcF9Adiz5pezy4Mt4dXrUgQ1b8gbyVzf3:0:bddb7fd34ee661ee,SELL,1787069227355262,EPjFWdd5AufqSSqeM2qN1xzybapC8G4wEGGkZwyTDt1v,29168450,0,2864081527,0,835969033536666,0.00000342606174642996512382823675342480717762008587609409569268110
GjGjwxvEWwmDe7wb6i9ALMqRcz19RMsmieRYSyrSpump,TptuqdS2Mgp8vy4DP8Xggau8HTEFnP7v5QorXRDynSjBGaNVE3qtPkS9JHcfTQuhsWdyMxB11Wv168cDDrUgqbr:0:bddb7fd34ee661ee,SELL,1787069238951482,EPjFWdd5AufqSSqeM2qN1xzybapC8G4wEGGkZwyTDt1v,3464580,0,1133893082,0,895174222975104,0.00000126667307089285466698804676124966392398909774354799822852291
GjGjwxvEWwmDe7wb6i9ALMqRcz19RMsmieRYSyrSpump,616RBnjdSucq1Fnhg6MyHmYuAB5GZjx4VvGcfeaPpjyppPcuv8E1xNm6WksLbW1VsC2cwnMgBMkj4vJMHbEysEro:0:bddb7fd34ee661ee,SELL,1787069249732325,EPjFWdd5AufqSSqeM2qN1xzybapC8G4wEGGkZwyTDt1v,5742979,0,790177919,0,899731212022880,8.78237754165969647593688918800180956196339957274070582957135E-7
GjGjwxvEWwmDe7wb6i9ALMqRcz19RMsmieRYSyrSpump,4RayABNjqpsbu4dH8TUvPKAtDyeASy7oFH1EWRbKeFA1HM4cmGek93HCSnXnPzZvApCez9VMTMZjBs8kcsVjmWup:0:bddb7fd34ee661ee,SELL,1787069257896657,EPjFWdd5AufqSSqeM2qN1xzybapC8G4wEGGkZwyTDt1v,1713143,0,687419433,0,901686111184341,7.62371100622912610151174510585449551794380077983337354571355E-7
GjGjwxvEWwmDe7wb6i9ALMqRcz19RMsmieRYSyrSpump,DPfExszw9jFEbYxtcrmCGBGXt8rPYqCy28Mq7Dba2J39vkRNq36TA1M3DivrG5qzRC3u69oYviJ6qGr6epbpU3i:0:bddb7fd34ee661ee,SELL,1787069265134736,EPjFWdd5AufqSSqeM2qN1xzybapC8G4wEGGkZwyTDt1v,4033088,0,444092584,0,907007523250003,4.89623925509152088643630192230309120657476651280508579364803E-7
GjGjwxvEWwmDe7wb6i9ALMqRcz19RMsmieRYSyrSpump,5vBir6DUXiKnJfjJV7qxRDM2nKhbXz2o4WWSRyDbzooXvBgWHkCdSHYpjeNMCFT5wUwQ6B5pDfmaheL3NqtGzoZX:0:bddb7fd34ee661ee,BUY,1787069281360145,EPjFWdd5AufqSSqeM2qN1xzybapC8G4wEGGkZwyTDt1v,1546405,0,187754391,0,829440716766549,2.26362640758621673558064534121253808130980411903248183726704E-7
GjGjwxvEWwmDe7wb6i9ALMqRcz19RMsmieRYSyrSpump,62EaYbTGhJxzM2fksokqUNDLPBjvYEviWsRd3RedCC2pBhT87C4vJf26Hk82z498cPEdWxzM98y8HqfHA6ToRjx6:0:bddb7fd34ee661ee,BUY,1787069291939360,EPjFWdd5AufqSSqeM2qN1xzybapC8G4wEGGkZwyTDt1v,771545,0,200906075,0,826046219163749,2.43214084562227064520974316585734504322454335514248537482716E-7
GjGjwxvEWwmDe7wb6i9ALMqRcz19RMsmieRYSyrSpump,rTWCxANijMcxkT3JDnoVNNiC1XdFMT5coXJm2dUEZ6Wm4AF7HNMuYjFxoFJXMuAivauCQsrKzSBycM7oDQLQAMR:0:bddb7fd34ee661ee,BUY,1787069300309228,EPjFWdd5AufqSSqeM2qN1xzybapC8G4wEGGkZwyTDt1v,1993796,0,234570557,0,817929074290928,2.86785938259196714352433470639625698467047003144405830803374E-7
GjGjwxvEWwmDe7wb6i9ALMqRcz19RMsmieRYSyrSpump,21jqzDtcQr5z88AWjTEcveD54GxbYeEdz65r2h6BvXwB3cfWHRCpyB6xcRw6ASqdQCgV3btkmeK4dG7zC9zCExwy:0:bddb7fd34ee661ee,SELL,1787069307819379,EPjFWdd5AufqSSqeM2qN1xzybapC8G4wEGGkZwyTDt1v,509615,0,234060942,0,819709932853849,2.85541180628504265166732494454697697065784517123646314240940E-7
GjGjwxvEWwmDe7wb6i9ALMqRcz19RMsmieRYSyrSpump,iYaT8ZHUKrs3JtMXSd3LJZhxcxDZRWwcGVmvCBdp7y75hfeqQkuynweSdn38Ai7HHHp83jPrTwGcharxPnRB3aH:0:bddb7fd34ee661ee,SELL,1787069310533712,EPjFWdd5AufqSSqeM2qN1xzybapC8G4wEGGkZwyTDt1v,2114467,0,196630503,0,827182563898464,2.37711131232374764394587026229398119053230149343656591441110E-7
GjGjwxvEWwmDe7wb6i9ALMqRcz19RMsmieRYSyrSpump,2pD2yoCPwCM4iTKwiAX6mTCLwoZjMhPc4fAofr7WxFsYDwD6bspiyZHuCmdqZv2drHSEtVZJ9QFjf2UuysRymbwW:0:bddb7fd34ee661ee,SELL,1787069318071410,EPjFWdd5AufqSSqeM2qN1xzybapC8G4wEGGkZwyTDt1v,2085754,0,159317639,0,836050961458926,1.90559722247059517354045555530169756461485981529965712748435E-7
GvNjmvMrCdVpWsgGNNDDpPzQd1zUzQ1hEEr97886pump,5edt8DJcnWnWpVZ8nY6e2uMnnTkNyafisqJUVbiwjPhAhNAmfKWeTvYnZWwQekpxmNbUEBbAjyfkHk7F2k7pP655:0:bddb7fd34ee661ee,SELL,1787067118764408,EPjFWdd5AufqSSqeM2qN1xzybapC8G4wEGGkZwyTDt1v,46279086,0,4017334755,0,993212044788160,0.00000404479061251905019270687116246463119268404308554090047029281
GvNjmvMrCdVpWsgGNNDDpPzQd1zUzQ1hEEr97886pump,2givzJfNvYqVigNMDmRHroutdwm2h2XFx68n4gh78yQfpncxQ864U3pDVy9iEbmWbizNyVRG2y9aDjRMBxUjPeAQ:0:bddb7fd34ee661ee,BUY,1787067139796449,EPjFWdd5AufqSSqeM2qN1xzybapC8G4wEGGkZwyTDt1v,56547173,0,4651459331,0,979425849136218,0.00000474916945994660759102039281297994834910825127281398944180799
GvNjmvMrCdVpWsgGNNDDpPzQd1zUzQ1hEEr97886pump,ceTJWnanq4QXKQXXnVCgUdRjr5VkinXA8jbbQZepKipmJSjT23Hr4o3hBNBTsgkfbSaPhyLVQBfGa3i9kUDfCvh:0:bddb7fd34ee661ee,SELL,1787067152189552,EPjFWdd5AufqSSqeM2qN1xzybapC8G4wEGGkZwyTDt1v,114445509,0,3339943921,0,1004131722918826,0.00000332620098017757879198577493887288858703657135445775239502791
HDW9avXEHYh7dsuPGJN3mgohfKXpNmjDAFxxiyS3pump,59Axp3JufuScg3TjAf2XEe7U829FueUvmWZLgJdrpKkszAD3CzJ2pqBcZ7o6pBvZ9Kxq5otWK5emczbnw5nJ8rXE:0:bddb7fd34ee661ee,BUY,1787071387504330,EPjFWdd5AufqSSqeM2qN1xzybapC8G4wEGGkZwyTDt1v,24025625,0,5437335718,0,1041042986982665,0.00000522296945081917176915764607385837737235564795342095240229744
HDW9avXEHYh7dsuPGJN3mgohfKXpNmjDAFxxiyS3pump,5a7BqYdvxVQMPEFUvUHtBwc9dhZKLUwD6dk4o274VGdpjCiWxDoHmh32uoSpbYfYQbKRLuT5w9Zgh7wRuovgb9oS:0:bddb7fd34ee661ee,SELL,1787071406121369,EPjFWdd5AufqSSqeM2qN1xzybapC8G4wEGGkZwyTDt1v,38964237,0,3692823927,0,1048557002434047,0.00000352181514064350953010860407089718783723241811017230765346035
HDW9avXEHYh7dsuPGJN3mgohfKXpNmjDAFxxiyS3pump,yPnobZp47kU38yUVTYHNp96dg2gUiSCrZA3CfNoZVsjzjb5JTVLs6H5WkdRGcQyHYTSUzd2wzs4BXWrrbMdULnw:0:bddb7fd34ee661ee,SELL,1787071409020910,EPjFWdd5AufqSSqeM2qN1xzybapC8G4wEGGkZwyTDt1v,9724927,0,3256226955,0,1051325633240695,0.00000309725821576587149926005234144766800494747715292238764112522
HDW9avXEHYh7dsuPGJN3mgohfKXpNmjDAFxxiyS3pump,3yWFSnvuY6dK7W9cjQuJZEMc2bCDMtNooSiTu3Yb5UUFWDGgF8ZZD3wHV48EieQ8DsyinpVcbYUsC4D3W38bwEUn:0:bddb7fd34ee661ee,BUY,1787071411377754,EPjFWdd5AufqSSqeM2qN1xzybapC8G4wEGGkZwyTDt1v,37884744,0,3294111699,0,1039234603829392,0.00000316974789605907344194905811833806575926278598307365965173368
HDW9avXEHYh7dsuPGJN3mgohfKXpNmjDAFxxiyS3pump,3pvB1Kh5Rb35tAA7txDc7z875Wq4WJoGiDp3LRk9WLWWf3JRfFixGu5m7n6imZdgVxQMTSexHwWRvzcAs3JAU3g1:0:bddb7fd34ee661ee,BUY,1787071418527823,EPjFWdd5AufqSSqeM2qN1xzybapC8G4wEGGkZwyTDt1v,8164846,0,3532703943,0,1036665106580295,0.00000340775812803570432618720838669300585993099121878936421989748
HDW9avXEHYh7dsuPGJN3mgohfKXpNmjDAFxxiyS3pump,32SwfpbgUDL28nUM54ZiEfrWK9nstNBAAnp33MmRg5KqN1Z6hwVVZzYTVApqZ4A1NcdM86ckhfSYhoUCpTsEp27U:0:bddb7fd34ee661ee,BUY,1787071421430814,EPjFWdd5AufqSSqeM2qN1xzybapC8G4wEGGkZwyTDt1v,10076236,0,3826318562,0,1033716664470117,0.00000370151579587949304703142559304696213591613465713610139053650
HDW9avXEHYh7dsuPGJN3mgohfKXpNmjDAFxxiyS3pump,2E3353MzuS8uvdi7eLipzBtiPFHmCoaSByzwbiCG1Hvc7M3R7CSvFrpsMeZJ9i6LSYCzV46w1yCwwT3omyQstRn:0:bddb7fd34ee661ee,SELL,1787071426659831,EPjFWdd5AufqSSqeM2qN1xzybapC8G4wEGGkZwyTDt1v,18417614,0,3287184446,0,1038716425706105,0.00000316466011766918739887375751444215917762619301401944903474093
HDW9avXEHYh7dsuPGJN3mgohfKXpNmjDAFxxiyS3pump,35vQwrmNNKwzETPw12N9UNMaEFBXJvpE3zE5Sp4qNR6VpPxB6RSXRWwgUrfQjfgiX6A1VyRduFMmWwGV7dsScpKH:0:bddb7fd34ee661ee,BUY,1787071428392288,EPjFWdd5AufqSSqeM2qN1xzybapC8G4wEGGkZwyTDt1v,757684,0,3287942130,0,1038477060855174,0.00000316611917002039236658437209802070753055174801672358505593414
HDW9avXEHYh7dsuPGJN3mgohfKXpNmjDAFxxiyS3pump,3F6uBx7QrJtf59xDkBhA5toEh2EeMcF97iKVhtJri55njLGyF9tiuN843WRambJN7Ba46VADiR7XfHsHj1ju88oB:0:bddb7fd34ee661ee,BUY,1787071431177330,EPjFWdd5AufqSSqeM2qN1xzybapC8G4wEGGkZwyTDt1v,17806826,0,3802983315,0,1032883175604428,0.00000368191040847823884402446099674726823646637690111381739025188
HL4x3JDqhdXRJXq1jLnh1TRUR1YwbDA87arfa7S2pump,2JeHqhpv62FtdjzGYDr2G2LvTJyPVu1XUysSjkqEMJioQDbnPtWWuk1fz5T3WU3XcMx2iELhTLTeVsPH9h1Bm27E:0:bddb7fd34ee661ee,SELL,1787065467513809,EPjFWdd5AufqSSqeM2qN1xzybapC8G4wEGGkZwyTDt1v,858261,0,2758071123,0,1065545369825962,0.00000258841265806493266653141644397346933718669779073348937746656
HL4x3JDqhdXRJXq1jLnh1TRUR1YwbDA87arfa7S2pump,49fJGsiuBhYYPK8YwNPXecyU2jhH94kcHhhQqARHR681kM63CDSPZJXoepzWCoF43S8jJRapxfcLUokbg1UcAJxp:0:bddb7fd34ee661ee,SELL,1787065508288424,EPjFWdd5AufqSSqeM2qN1xzybapC8G4wEGGkZwyTDt1v,1005068,0,3088369229,0,1068598328566239,0.00000289011235226591676995895463734546614890842370222035671319004
HL4x3JDqhdXRJXq1jLnh1TRUR1YwbDA87arfa7S2pump,2oPXvHvKYoxJjUbyoG5g7gqfiV3JB32PEbsiCKCW4dXx5hyGXcb7r5pYaEJqVo8PoKuU7oYpMdqySaALBMRpHwzK:0:bddb7fd34ee661ee,SELL,1787065513068528,EPjFWdd5AufqSSqeM2qN1xzybapC8G4wEGGkZwyTDt1v,179190,0,3088190039,0,1068660333559694,0.00000288977698714920782874656513848308054621304140496046464924048
HL4x3JDqhdXRJXq1jLnh1TRUR1YwbDA87arfa7S2pump,5KAiqVk6PKEy52SjpSsUP8hmznTkBKwWw9ZQrpuah4o1DC2hEXanhJj4HqhnUx9zRPVxVgVN84shQkL6B8CT5c23:0:bddb7fd34ee661ee,BUY,1787065521718576,EPjFWdd5AufqSSqeM2qN1xzybapC8G4wEGGkZwyTDt1v,70539,0,3088260578,0,1068635924275126,0.00000288990900253968150874859376824022471372498977997271450683070
HL4x3JDqhdXRJXq1jLnh1TRUR1YwbDA87arfa7S2pump,3Z1Y7J4Jd4o2xTbFUZovpDr1Z3MRQ32v48q9pgWu2Adoz7DJuVv6WUxcfDWgjKrzf6gV9SHitYsNQYcWJgJKgWuJ:0:bddb7fd34ee661ee,BUY,1787065648259057,EPjFWdd5AufqSSqeM2qN1xzybapC8G4wEGGkZwyTDt1v,85497,0,11528649,0,1015475888052152,1.13529519860031584009663489745733903317240049991417715388283E-8
HL4x3JDqhdXRJXq1jLnh1TRUR1YwbDA87arfa7S2pump,4x5rYohXpZD1kCPS2D3nQUxXvsonsWceV8JAthd2XRmmCLSi5PMcXFZespZRVuYjieBdUguafhLtc8nsTLuSHsS4:0:bddb7fd34ee661ee,BUY,1787065695501836,EPjFWdd5AufqSSqeM2qN1xzybapC8G4wEGGkZwyTDt1v,218405,0,12391621,0,937188279067258,1.32221254541646975572170923103240099371667747240851238447973E-8
HPH3EjMym2Vr3adP1CKeJK4Ld4fQnW6YQ1aeEZrypump,N5zkr82JhJeygyCGNv9q6iGdaifaWkhoSeitWYKJop8PYTP9ziWPVWz7zg9iGRXAkGsgipkEN1267hadd6njmiD:0:bddb7fd34ee661ee,BUY,1787070278749487,EPjFWdd5AufqSSqeM2qN1xzybapC8G4wEGGkZwyTDt1v,18731733,0,5622931162,0,1020772902931286,0.00000550850355240916040764087861788650490201095522011204952311982
HPH3EjMym2Vr3adP1CKeJK4Ld4fQnW6YQ1aeEZrypump,41fnCoHRqUG61dcwSrmPQSABGF3rFajdwrQZ4Xs921tZsEcwAoD8s9dUvgeFGKpMzNJxTrdL68i7PWMktgrnLrsg:0:bddb7fd34ee661ee,BUY,1787070281402661,EPjFWdd5AufqSSqeM2qN1xzybapC8G4wEGGkZwyTDt1v,3748730,0,5626679892,0,1020092821235179,0.00000551585088618400119535605748849531189467429949095033668511406
HPH3EjMym2Vr3adP1CKeJK4Ld4fQnW6YQ1aeEZrypump,4n8xBJCCXemzLVcsVgvDDby29T79GHrjXBPJ5CzQu7tD2Vp44spTXa8vHvyGYCb43Nbm9dgKoJD8d8hTrHZAkQ5Q:0:bddb7fd34ee661ee,SELL,1787070286812871,EPjFWdd5AufqSSqeM2qN1xzybapC8G4wEGGkZwyTDt1v,23476393,0,5016646302,0,1024366822883778,0.00000489731431156393051585445884009622685262783415747750368273139
HPH3EjMym2Vr3adP1CKeJK4Ld4fQnW6YQ1aeEZrypump,48jvdYSvp1zGHqEs342YAbqgvtSCW9W53zmkubWsx84WMaCesZFtu6BzYYximiiTRUJcQvJwJ57tY6mZCHYTVUnm:0:bddb7fd34ee661ee,SELL,1787070295015388,EPjFWdd5AufqSSqeM2qN1xzybapC8G4wEGGkZwyTDt1v,24104387,0,4387292526,0,1029312547081681,0.00000426235212855308448483107386642447394116588238189583592160795
HPH3EjMym2Vr3adP1CKeJK4Ld4fQnW6YQ1aeEZrypump,oivJvuqKnVMCnW2sQsgrCJeWU5JBUqTQ5YH7XhoFraEmeGnXR7mppJauygjU2ipSKWqZzEJ4XtEeA3A2nst4ehR:0:bddb7fd34ee661ee,BUY,1787070303200880,EPjFWdd5AufqSSqeM2qN1xzybapC8G4wEGGkZwyTDt1v,36084055,0,5322198624,0,1020915846081676,0.00000521316095193041980277983757751190198101708952590637739585254
HPH3EjMym2Vr3adP1CKeJK4Ld4fQnW6YQ1aeEZrypump,5AafcSTwmsQ3rZWXsFdAAWmFePmirAbP1BgteQW8BufPT5KSguq3QT1YZwPzbsWd4KbCryzZW8297ZwVmXjexNZe:0:bddb7fd34ee661ee,BUY,1787070308753582,EPjFWdd5AufqSSqeM2qN1xzybapC8G4wEGGkZwyTDt1v,43446387,0,6438767484,0,1012649345995971,0.00000635833865835096065568830774762754667489331631440479414621647
HPH3EjMym2Vr3adP1CKeJK4Ld4fQnW6YQ1aeEZrypump,28gNfubqFo4KMuD85QtMpofkXgB3MZncQRzemoRefEXREfENFivmWb9uZAnvezMJ8gbZ4itpWgQH1mkHzTvyRgKR:0:bddb7fd34ee661ee,SELL,1787070311451134,EPjFWdd5AufqSSqeM2qN1xzybapC8G4wEGGkZwyTDt1v,10507873,0,6168370656,0,1014304660556906,0.00000608137859941730305144502385193809278832709345693424270699158
HenJf28waBHRC1ArKvnCDWiaeBN928JPes7U72kcpump,qCYHb4dGnWAWPTkrEeSF47o5HQjJUZqSuaNReLrUpGKcBMX2RPXDCSNwhRAjXMVM5Ui6f7vNSoMdDhbkvuJQp7c:0:bddb7fd34ee661ee,BUY,1787065596829833,EPjFWdd5AufqSSqeM2qN1xzybapC8G4wEGGkZwyTDt1v,8804981,0,3311094193,0,1059496668967551,0.00000312515771873692246862108293913313428292801086130336009998200
HenJf28waBHRC1ArKvnCDWiaeBN928JPes7U72kcpump,3HgxNdMgLPEEyZZAUeiGWy1dKWGpFs9Y7HFEPMFo4jCFaXk1xCGKnmb9kvXp9K1FG8xmkj66wXQ5p5qhxAFSFNSm:0:bddb7fd34ee661ee,BUY,1787065609804518,EPjFWdd5AufqSSqeM2qN1xzybapC8G4wEGGkZwyTDt1v,9289491,0,4373380790,0,1056532498044073,0.00000413937176385611327239227952242871289758282412668846480883587
HiV4a6iFbW1J8M674D2nu62Ux4cre7AR8hQsmKrgpump,2xaL86vyrXUxeaDvHCZX1TFwi8LvaUUdr2NCxQLozDZb1ievkq4oyTqkura1pnFEtUDNJXtuN4H19H55LW16DhR6:0:bddb7fd34ee661ee,SELL,1787066523771867,EPjFWdd5AufqSSqeM2qN1xzybapC8G4wEGGkZwyTDt1v,1379509,0,4292000004,0,1073000000000000,0.00000400000000372786579683131407269338303821062441752096924510718
HmqRd111tGEDxfPbe9FVzCR8tGq1XjYKs1omG9F5pump,2rVxhnQ17sPSo9FcXLsU5YWNdTtF1TQ2T5y7iwdyvkzbTGvr12VSsfGTmnin8qmJhGV78Bv8vijE6d3FwUTy1FRR:0:bddb7fd34ee661ee,BUY,1787067491590477,EPjFWdd5AufqSSqeM2qN1xzybapC8G4wEGGkZwyTDt1v,9175819,0,4338243612,0,1057114885828366,0.00000410385254257441288864057939463065815139608050241448863766299
HmqRd111tGEDxfPbe9FVzCR8tGq1XjYKs1omG9F5pump,5Luk3irimsHJXtkfAu14DWJ8Dw5yN2fKXk1F5FNNudAPt3u1smj18THzmUwB7B83DqAvinHDSAKK3wFGWmAKm8JQ:0:bddb7fd34ee661ee,BUY,1787067498491624,EPjFWdd5AufqSSqeM2qN1xzybapC8G4wEGGkZwyTDt1v,7196986,0,4345440598,0,1055364076029739,0.00000411748011581697069138794440887223635346154094701666463941366
HmqRd111tGEDxfPbe9FVzCR8tGq1XjYKs1omG9F5pump,4Dd5Mw9xTqDAxPwEhaZVfYasMqakyA7dzExj6HJBhT3nqGhJMuGiTbmfn5BF2HTXnwcyFR39u83ncbWXJRtVZAor:0:bddb7fd34ee661ee,SELL,1787067501156914,EPjFWdd5AufqSSqeM2qN1xzybapC8G4wEGGkZwyTDt1v,17345960,0,3135843401,0,1059593721090435,0.00000295947714542219308258220979829369700171270598879861749756726
HmqRd111tGEDxfPbe9FVzCR8tGq1XjYKs1omG9F5pump,5iKW74MNLMgFGxi4GgW4XwskncKRE7cVTWd3rMPqjsKJmyfVxtPtDVQbhHmgpkPzGp8M89jN5XnVbF1UpyMHw9wz:0:bddb7fd34ee661ee,BUY,1787067505964071,EPjFWdd5AufqSSqeM2qN1xzybapC8G4wEGGkZwyTDt1v,7196982,0,3143040383,0,1057167447498127,0.00000297307715105895612956237325386494207683640300181482326887709
HmqRd111tGEDxfPbe9FVzCR8tGq1XjYKs1omG9F5pump,36fkqn1NR4WiCRNPc33esqajZqQXch2cWwKGbFib6wRZ1853PaELhWX7GJREAayGvc3YeTrxyLDwpTicjUheds6p:0:bddb7fd34ee661ee,SELL,1787067510882524,EPjFWdd5AufqSSqeM2qN1xzybapC8G4wEGGkZwyTDt1v,5937005,0,2786139005,0,1059168149650570,0.00000263049734446714120612213759605144710987415658562176981597664
HmqRd111tGEDxfPbe9FVzCR8tGq1XjYKs1omG9F5pump,nSxRGjCqnVWJxXfz7FvphWtKCHbnT1bSuio6AecemwViiY2seHb2hruHkW6gUUQLxfVXe7GxN2HAVmQovDD8xax:0:bddb7fd34ee661ee,BUY,1787067518551258,EPjFWdd5AufqSSqeM2qN1xzybapC8G4wEGGkZwyTDt1v,11144520,0,3453484401,0,1054948369810004,0.00000327360513540769002876123641454085556226519824226861320733456
HmqRd111tGEDxfPbe9FVzCR8tGq1XjYKs1omG9F5pump,3gQA5gqpQyUeqHA7LVSNb9E555FbyuhmWcQwXUqa74UgXuKp7i4bwxzo6MLqQ3fqexWF46a4t9VgMvtL85Xmjhyc:0:bddb7fd34ee661ee,BUY,1787067528699715,EPjFWdd5AufqSSqeM2qN1xzybapC8G4wEGGkZwyTDt1v,3716734,0,3675796696,0,1053814226229343,0.00000348808794236189353457721897474124330968741262335773376314363
HmqRd111tGEDxfPbe9FVzCR8tGq1XjYKs1omG9F5pump,5rcKjeZiUmwRQG5294gxEfBnNUMLhPHh4Cfuh1QCgJSPWc5WUL9b37NZwLoev9VDa4XryYNgk3GKQsdNxncNtwa9:0:bddb7fd34ee661ee,BUY,1787067530909498,EPjFWdd5AufqSSqeM2qN1xzybapC8G4wEGGkZwyTDt1v,5301898,0,3681098594,0,1052296414537142,0.00000349815749930037553516817143148479650805822610554728005869088
HxDaK1KV9z8thXN6qudgL9KY65X9zBsSZgekK6Hjpump,3WmoTWYnTXTGi875wDzZocbWC3gMYnALE4UP4GFPUTtB1AV2tUrmjLHC1pFLKfPDjeEbfVgvJkXuZVzF5ws8ynWj:0:bddb7fd34ee661ee,BUY,1787076758042668,EPjFWdd5AufqSSqeM2qN1xzybapC8G4wEGGkZwyTDt1v,3796054,0,624948892,0,1058209233200287,5.90572140549180104995196506956603994411739040053580805304492E-7
HxDaK1KV9z8thXN6qudgL9KY65X9zBsSZgekK6Hjpump,2BtFuhvFf5fG2GBaUa7o3Rv4ByoFDEWCAvuaXwbU4ZfZJa4kqrVTGB57Y3KmqmKoer2Q4Lwc3dxrwkB9BhSAifEY:0:bddb7fd34ee661ee,SELL,1787076767085544,EPjFWdd5AufqSSqeM2qN1xzybapC8G4wEGGkZwyTDt1v,1148831,0,472761792,0,1060158102249443,4.45935177967224167289646107933785149621648442510254142787200E-7
HxDaK1KV9z8thXN6qudgL9KY65X9zBsSZgekK6Hjpump,5kMpEPBYD1oCmEe9FQBt1bSy3esgBpHPQgFS3Y3CPHSwDdT3jTZyfmcrUFgXRVNEQA6jsfCLY1B5WKTbfETFP8Q6:0:bddb7fd34ee661ee,SELL,1787076780658528,EPjFWdd5AufqSSqeM2qN1xzybapC8G4wEGGkZwyTDt1v,239451,0,441024975,0,1060695340293891,4.15788547612364817171398614343568710155693008139013061134988E-7
HxDaK1KV9z8thXN6qudgL9KY65X9zBsSZgekK6Hjpump,5TsV7uUBUg2tFspq6Py3NCCaFxRx6tVx3csmus4GUGmukvntdyQeHoo2ngTHLoGdVHYxJnv2uZiYGXmhdmNmvoo1:0:bddb7fd34ee661ee,SELL,1787076793034646,EPjFWdd5AufqSSqeM2qN1xzybapC8G4wEGGkZwyTDt1v,306493,0,400374226,0,1061432992041306,3.77201602929277810303265239721899774911129960333398856569995E-7
HxDaK1KV9z8thXN6qudgL9KY65X9zBsSZgekK6Hjpump,PKU5GS8mLnYHoDTyPSsD4NmNqxvLZQXbN6oYRgr5cG8XF8tJJ7SmKvEBrjHbNR3D66gJcdmfkJjFBA3ffALpSNT:0:bddb7fd34ee661ee,SELL,1787076802451143,EPjFWdd5AufqSSqeM2qN1xzybapC8G4wEGGkZwyTDt1v,285242,0,362515072,0,1062189739524524,3.41290316137185955454290708320703915695415223102412238156097E-7
HxDaK1KV9z8thXN6qudgL9KY65X9zBsSZgekK6Hjpump,5e7edmYhc6bJrKPYot5iWGn2BZYdmxvT3uQtKzdJzPfGA24s8wTLmcZFK26hdXEry5ppXsx6itrp7HP1Abn9aCtX:0:bddb7fd34ee661ee,BUY,1787076825758255,EPjFWdd5AufqSSqeM2qN1xzybapC8G4wEGGkZwyTDt1v,625429,0,445384583,0,1060360353199475,4.20031342794098458617253874228286318658985721795936313307968E-7
HxDaK1KV9z8thXN6qudgL9KY65X9zBsSZgekK6Hjpump,2HvkL91c2NNjuppzBdcoYnnuzZcXMx5nFvqzHxD2XWGzshmRU5afbqcQquqg9NLe5oBSq5FyNQf71CzBKqqzwg3J:0:bddb7fd34ee661ee,BUY,1787076835012449,EPjFWdd5AufqSSqeM2qN1xzybapC8G4wEGGkZwyTDt1v,890161,0,563096161,0,1058245307602442,5.32103621867928992228114007657121167841879793380460749367905E-7
HxDaK1KV9z8thXN6qudgL9KY65X9zBsSZgekK6Hjpump,5ZKEe4GERqj9Jkmoy5rEN6V9E5C7nYPqymdJjEF1i7gE8nFHcZS4K1UjsqnL4SHLNTKG5EA1xCp89XhpB1iyjknS:0:bddb7fd34ee661ee,BUY,1787076850104690,EPjFWdd5AufqSSqeM2qN1xzybapC8G4wEGGkZwyTDt1v,1425631,0,751141022,0,1055572838022876,7.11595633141634076696706342174263246546726275247333609135026E-7
HxDaK1KV9z8thXN6qudgL9KY65X9zBsSZgekK6Hjpump,2Q3gJw4MDKSqwJvDYLtucfwknr8mNaLeQ6Z8cUvqBQEzA6RbcppWuQcof6xkLUZHxmeQQEciTQ4g9xCAZCGmFidJ:0:bddb7fd34ee661ee,BUY,1787076852878399,EPjFWdd5AufqSSqeM2qN1xzybapC8G4wEGGkZwyTDt1v,7584592,0,758725614,0,1045020817490109,7.26038755689363335895960266605260179897796752206201009652204E-7
HxDaK1KV9z8thXN6qudgL9KY65X9zBsSZgekK6Hjpump,3FAQ3nSZqLYh7EH1v2QvzLFyuiRk1XYDjaR9ytV4ek7yGf7NTRfQyq43JCffF4VCTjzZENdWMseLxVqoTLvjTU8T:0:bddb7fd34ee661ee,SELL,1787076885102205,EPjFWdd5AufqSSqeM2qN1xzybapC8G4wEGGkZwyTDt1v,2083474,0,641032001,0,1047898366380787,6.11731081530344476801393082535093801530662217481254977156788E-7
HxDaK1KV9z8thXN6qudgL9KY65X9zBsSZgekK6Hjpump,CZd9Q563oPt6Bm3jULcbqw9WfXfzDpHqZHkMQ33wiX3EHJxQbeSKZeHrgCYfbfHXowAGuWM91z1tCEnVVCm26Vn:0:bddb7fd34ee661ee,SELL,1787076892551885,EPjFWdd5AufqSSqeM2qN1xzybapC8G4wEGGkZwyTDt1v,1000454,0,584427769,0,1049536371830189,5.56843749951105261955559111998012250277205693860243440977291E-7
HxDaK1KV9z8thXN6qudgL9KY65X9zBsSZgekK6Hjpump,2xMkKns5TkcTKp5NVU9Dm2JJiN2uiSUM5cxRPwt7gwaJx1Q4YPaznbGba1vpnXkya8i5T4VH7xb3FpHUsH5NRUtR:0:bddb7fd34ee661ee,BUY,1787076908714173,EPjFWdd5AufqSSqeM2qN1xzybapC8G4wEGGkZwyTDt1v,2228560,0,710049293,0,1045549446843302,6.79115937695499645943583387041921155148097898778188196528925E-7
HxDaK1KV9z8thXN6qudgL9KY65X9zBsSZgekK6Hjpump,2yhg9EZXbosDHCjfB3fyG5N1usT9LFNB6fbC4vsMEoZoUDZMKmtnckUWW1cEdBbU7thpzVKbgZgtgqWSC5Vw5bKg:0:bddb7fd34ee661ee,BUY,1787076923093621,EPjFWdd5AufqSSqeM2qN1xzybapC8G4wEGGkZwyTDt1v,2893545,0,872494497,0,1041305986901054,8.37884836902320963100481098083747215342760198659363657933669E-7
HxDaK1KV9z8thXN6qudgL9KY65X9zBsSZgekK6Hjpump,2xmPDfbyt5RGHiVK7fJmNfReZXj1WJSAUhS3fV1Cpxt1H8STuC6oZmhFeVABynxxWPqzg3gBN5ehZTAnqinB9cXC:0:bddb7fd34ee661ee,SELL,1787076938008260,EPjFWdd5AufqSSqeM2qN1xzybapC8G4wEGGkZwyTDt1v,465886,0,846327504,0,1041862311449074,8.12321834372610666930012633271145851753911316760803750138687E-7
HxDaK1KV9z8thXN6qudgL9KY65X9zBsSZgekK6Hjpump,4GhyJMJiPDZY8EVB5JTomMBDQDUYg4LhvYwVtHkitfXfe7zAeQSDFzUZR7vxYPvuUG7M2JthSSPqZPxsjpmzyVj3:0:bddb7fd34ee661ee,BUY,1787076946029407,EPjFWdd5AufqSSqeM2qN1xzybapC8G4wEGGkZwyTDt1v,1809673,0,947757675,0,1039639286511745,9.11621643483643981933424753694311191526774142403975071114692E-7
HxDaK1KV9z8thXN6qudgL9KY65X9zBsSZgekK6Hjpump,39Vs9xmPWp1UTUcf2VtRahrpdLPrWXTm43ss4SJEuyY1gX5gJQL5zBzihraySpyLhgoZRNT6fxHDkPaJWCGrXqDp:0:bddb7fd34ee661ee,SELL,1787076972050567,EPjFWdd5AufqSSqeM2qN1xzybapC8G4wEGGkZwyTDt1v,2210297,0,823593111,0,1042069532411203,7.90343720245155667025135952494447386766534645424640103763682E-7
HxDaK1KV9z8thXN6qudgL9KY65X9zBsSZgekK6Hjpump,u8Pf42b6n5fLSrx14YFMSHDs5Fh3cSkhdUZPQCPZeVu6wsao4TPfgj6rwfYGw32xcbFi1Lt4bkBVco46RgpQwca:0:bddb7fd34ee661ee,SELL,1787076990875578,EPjFWdd5AufqSSqeM2qN1xzybapC8G4wEGGkZwyTDt1v,3914785,0,602637569,0,1047046459447195,5.75559530871411557480811946046004728227591394356897649754209E-7
HxDaK1KV9z8thXN6qudgL9KY65X9zBsSZgekK6Hjpump,35TYtvgnhTQS3TWZquBeMRxiXKEj6t4rvLJic7yy8Xn7RfxbuwMoWB7e1s4vxFhgB5H3s4YdJNB4B72L26RjyyTY:0:bddb7fd34ee661ee,BUY,1787077015844948,EPjFWdd5AufqSSqeM2qN1xzybapC8G4wEGGkZwyTDt1v,2042074,0,717521917,0,1043510460879390,6.87603952139902805121561380615341543869790054367394960362790E-7
HxDaK1KV9z8thXN6qudgL9KY65X9zBsSZgekK6Hjpump,3aVk2pTS8bWwfxwbugNfESDfM93VWyNw7EXVUo6T8LJSpNxyVimxYiwMzb961TqiRCftWPT6QxBZrUDua7cy7H7c:0:bddb7fd34ee661ee,BUY,1787077039708138,EPjFWdd5AufqSSqeM2qN1xzybapC8G4wEGGkZwyTDt1v,931408,0,769851926,0,1042157646496707,7.38709665076024149218863259113819414568064398241857198774015E-7
JCxuvz1A9s7RqEjxfs9pQPBrrFeQoKuVXH3iP5t9pump,4SuRdhyS9KtTM9Q6ZwYa11hJ85esiF83MAbiga5yhoH1AGZDbnc2gBEmEaf6qNXrSmn8QsTrSYbmvevAHadhpke7:0:bddb7fd34ee661ee,SELL,1787074077117681,EPjFWdd5AufqSSqeM2qN1xzybapC8G4wEGGkZwyTDt1v,196450979,0,9403977163,0,1052365915279022,0.00000893603358533961073506582654140833033989243641732973896818372
JD5QLvR5ecdyWAHBHwJcGsE8FsR6Hq3JB2tS9CHzpump,5G43aoJMGU3zP5erE8rHCQ2us5dXbiXvQvKmpVnDFN819ckzq2Dr6kdT4JSzHAPup3Ajc6ViJzFvTEAA9D9RSDgU:0:bddb7fd34ee661ee,BUY,1787070198311944,EPjFWdd5AufqSSqeM2qN1xzybapC8G4wEGGkZwyTDt1v,6807329,0,19341871543,0,920991968469072,0.0000210011294399789577875343537335666380377037446241640069348076
JD5QLvR5ecdyWAHBHwJcGsE8FsR6Hq3JB2tS9CHzpump,rsrDRSjFLeyoy6MetnALqtNd8LKTscER4D1LJANwCKoaV1wX9NHT1TBz4qDCDWQ2SVNyDL9gffDzapVCr9cvChm:0:bddb7fd34ee661ee,BUY,1787070198317941,EPjFWdd5AufqSSqeM2qN1xzybapC8G4wEGGkZwyTDt1v,18909219,0,19360780762,0,920092457332460,0.0000210422122338997787487759825827829135550972053664737120042080
JD5QLvR5ecdyWAHBHwJcGsE8FsR6Hq3JB2tS9CHzpump,2FK6sfoMGAQYoyLRa5giNmw6vhNgPxCFDcr16Kdu8VrWu7M46rmoJZSQ7X6FbqHzNLjAXYHdhYFyRftzEZPjJg1C:0:bddb7fd34ee661ee,BUY,1787070200763318,EPjFWdd5AufqSSqeM2qN1xzybapC8G4wEGGkZwyTDt1v,82386903,0,20526063950,0,916193732117549,0.0000224036284362688434992971919998914753300285151551664163448188
JD5QLvR5ecdyWAHBHwJcGsE8FsR6Hq3JB2tS9CHzpump,2CW3KjoVbRFSdQjBPgmwyvH92imjRFuMta2tfqfwS1V49YZPAi3ePW3f2PLRS9AVdhLrAwvHCMuH6JKksRcYe2i4:0:bddb7fd34ee661ee,BUY,1787070203480245,EPjFWdd5AufqSSqeM2qN1xzybapC8G4wEGGkZwyTDt1v,6807313,0,20532871263,0,915889984214619,0.0000224184908852421361392464119183238871629600064072462729157689
JD5QLvR5ecdyWAHBHwJcGsE8FsR6Hq3JB2tS9CHzpump,eXT1oSpNErJGkKqwGwFceALXJdpG2aopqVq4zbKXTiQeuoKc2tNN135W3hYgFVsVSFgzhPmZDmPH8HTPttfActe:0:bddb7fd34ee661ee,BUY,1787070205999022,EPjFWdd5AufqSSqeM2qN1xzybapC8G4wEGGkZwyTDt1v,1425679,0,20534296942,0,915826394786422,0.0000224216042023868086727696572042049496142330389251433007535825
JD5QLvR5ecdyWAHBHwJcGsE8FsR6Hq3JB2tS9CHzpump,3caGUgvAuTMQxLF2b5YmLJ3XrSbPvpLTHZibV8szLrYUDTFkjmEUj3tRsahJGfwgEff1xaCtJVKRw6jgXfKmNXzX:0:bddb7fd34ee661ee,SELL,1787070206083023,EPjFWdd5AufqSSqeM2qN1xzybapC8G4wEGGkZwyTDt1v,25154230,0,20509142712,0,916949645470738,0.0000223667055364541220463427514562685782652536410596146002269068
JD5QLvR5ecdyWAHBHwJcGsE8FsR6Hq3JB2tS9CHzpump,5zSoFgbztvuQRDmvj4tkoaRcRTZPPFTYFeETDM3HuqhSLrVGwJ6J9SvycpdpdWCXera1aSwR7v8pXWosm5st5UrJ:0:bddb7fd34ee661ee,SELL,1787070211582021,EPjFWdd5AufqSSqeM2qN1xzybapC8G4wEGGkZwyTDt1v,96050794,0,20413091918,0,921264216834531,0.0000221576954200386702997912907495854309177441455631052758257531
JD5QLvR5ecdyWAHBHwJcGsE8FsR6Hq3JB2tS9CHzpump,3vMc7YDnjWuegX6ptgcBDHon4FnZYeRRiA8Wz5U6956D8TxrfbrbxdZVF3NYdzB1yr2Gk6pkLozWYbUVcagE8FPB:0:bddb7fd34ee661ee,BUY,1787070211596021,EPjFWdd5AufqSSqeM2qN1xzybapC8G4wEGGkZwyTDt1v,255986494,0,24311768128,0,909854361386975,0.0000267205051267098697003348738938592746657437927983111527690678
JD5QLvR5ecdyWAHBHwJcGsE8FsR6Hq3JB2tS9CHzpump,5mHQs441DdjXCvncZbagwQJTup6WEwoLCx31eizoHci1VAwxa9fWicrQhq4DLpTskHPxz3jkERMS7r3vK7Ayf1Ld:0:bddb7fd34ee661ee,SELL,1787070214151134,EPjFWdd5AufqSSqeM2qN1xzybapC8G4wEGGkZwyTDt1v,89592369,0,24222175759,0,913219707626177,0.0000265239301744408423888285151028727492172137832691478753139465
JD5QLvR5ecdyWAHBHwJcGsE8FsR6Hq3JB2tS9CHzpump,58n62aaeYyEuypipcCPpoF3Ff99rQdFW1axU2wQR2uCwPfJVih9dLtbnC8PRczzNNbJfBfzJZZW3hhNx7AgG7joy:0:bddb7fd34ee661ee,SELL,1787070214164130,EPjFWdd5AufqSSqeM2qN1xzybapC8G4wEGGkZwyTDt1v,165001677,0,21536058174,0,919483235654599,0.0000234219149832221115743320637983723600677170057070507824769315
JD5QLvR5ecdyWAHBHwJcGsE8FsR6Hq3JB2tS9CHzpump,CGey8q5Qo7CTyMTFytn3adeD4t9BvKnVZ9FNvpxUHo2zpdaAz2aQtWR9d8S4xQNxi29HmDF2NwwuaYMZRR9fCJq:0:bddb7fd34ee661ee,SELL,1787070216569160,EPjFWdd5AufqSSqeM2qN1xzybapC8G4wEGGkZwyTDt1v,179289303,0,21356768871,0,927202264230210,0.0000230335598767449128885804290960185785501981507585694200956672
JD5QLvR5ecdyWAHBHwJcGsE8FsR6Hq3JB2tS9CHzpump,27ivioqP1LvWUuUxD5NxhXyDhrT7fi7msfRH65Hm7pBofmZniPL38YvWKVU2c3XgMNVgesKFx2ecmjEohRDmfxcr:0:bddb7fd34ee661ee,BUY,1787070219384289,EPjFWdd5AufqSSqeM2qN1xzybapC8G4wEGGkZwyTDt1v,153126938,0,24245721861,0,920601597965298,0.0000263368235668801657363817388370250462036700083518209976318387
NWcMVju4D12KwLEjN1dkcMLTKDwaGWV1yFGpqDApump,4BQPs61KyUS9W46DWRPEFmDvwiv7p5SgzFmmpEUnAWKPrYtvyALnu2XCYtaNg115Sf34haoza9QQwrAk8sKh7rGA:1:bddb7fd34ee661ee,BUY,1787069189417989,EPjFWdd5AufqSSqeM2qN1xzybapC8G4wEGGkZwyTDt1v,4614562,0,4296614562,0,1071847598758813,0.00000400860585681717202856575440260298479905500641489021969828392
NWcMVju4D12KwLEjN1dkcMLTKDwaGWV1yFGpqDApump,3YfDB3pB3G2ZLzyzvu7Bx419vcX8nXnqUDw3tvncUKDPgXv4odeUW5RMV2hPuPCPeioW8jc2gwMBxaUGTJQ5aTFt:0:bddb7fd34ee661ee,BUY,1787069200213470,EPjFWdd5AufqSSqeM2qN1xzybapC8G4wEGGkZwyTDt1v,277335,0,4554548250,0,1071778418323064,0.00000424952412936825131766160946927275204604732732451398013244302
NWcMVju4D12KwLEjN1dkcMLTKDwaGWV1yFGpqDApump,3toNZ4RDhebGHfgSrdmch6tGq7SCVuH3Mb4Ms9kZaKaoBrhwPhHgc3sSupwqKpqUQFZfqMWH5ZkR1mZeLYMLuAfM:0:bddb7fd34ee661ee,SELL,1787069216023189,EPjFWdd5AufqSSqeM2qN1xzybapC8G4wEGGkZwyTDt1v,1691127,0,2981148317,0,1072176523171174,0.00000278046408643855079120023551090858094330399227143950663330148
NWcMVju4D12KwLEjN1dkcMLTKDwaGWV1yFGpqDApump,5fZ2UzxUyDKR4RjP7ycEg62vKEZkHQHAB92c74g6NnsRXxPyYErxgnLCMUtdUx3rhinAd8nmtmtnKidtwitDr6DH:0:bddb7fd34ee661ee,BUY,1787069218882720,EPjFWdd5AufqSSqeM2qN1xzybapC8G4wEGGkZwyTDt1v,948068,0,3862937204,0,1071835656840669,0.00000360403871558663315918508750253875830599186988948249798836571
NWcMVju4D12KwLEjN1dkcMLTKDwaGWV1yFGpqDApump,QWnEyw7G1aAAGJXFVXNZ7T1Y4QRzDc3KbcdPvoEeX3KGFixZh7L8n5V5fvWz9ZWRN7gRKYdNncMC7eqGNhkNe62:0:bddb7fd34ee661ee,BUY,1787069224576363,EPjFWdd5AufqSSqeM2qN1xzybapC8G4wEGGkZwyTDt1v,325683,0,4165826203,0,1071745298337395,0.00000388695542631488239469606728747367023908587376856737245032841
NWcMVju4D12KwLEjN1dkcMLTKDwaGWV1yFGpqDApump,46kaTu6D5Yhdz4nBUiXVMw7m9oZxotnYsvRArsfb3S72vJKbPANM8U6LuN59uZ5BxLa5deeQEKwK3VwHYSXQLax2:0:bddb7fd34ee661ee,SELL,1787069272890625,EPjFWdd5AufqSSqeM2qN1xzybapC8G4wEGGkZwyTDt1v,332546,0,441653871,0,1086042632561651,4.06663475040818703864517478864301059480311860945273981646262E-7
fmc6SKPMFsBa1TcJ82aAvCG6aiwReKo5xU8gi8Apump,2M28cbqH2TkY16CkQuSmNACkne46Xgq9gQAHrTEisXvjLLdwFPTVgWYu5KMSizpBAy6vp6ycKa59WH3xULEcKxE2:0:bddb7fd34ee661ee,SELL,1787069281368145,EPjFWdd5AufqSSqeM2qN1xzybapC8G4wEGGkZwyTDt1v,5937186,0,1413921973,0,1064223595066914,0.00000132859483622997327467495923006518172346988644820991402488542
fmc6SKPMFsBa1TcJ82aAvCG6aiwReKo5xU8gi8Apump,5nu5JeWWxTxb7RqP5j15ttZWTh4c5ExwWmoZAzPwDfjx23ss1pEkRm8PxYXKYXXJzAvN75PpmYLeTizyzzmiCx8p:0:bddb7fd34ee661ee,SELL,1787069286675325,EPjFWdd5AufqSSqeM2qN1xzybapC8G4wEGGkZwyTDt1v,6327806,0,1407594167,0,1069007787469657,0.00000131672957250552632238755808427654291054563822953879678897933
fmc6SKPMFsBa1TcJ82aAvCG6aiwReKo5xU8gi8Apump,4Cu8ogqBUmzMiphWVqZKyjYD9TwGxWnUK2xBtw5U7MPpGf4Gg9viQGJvcSRQyQas3gxuyC8fUeURAbzL1zUek56v:0:bddb7fd34ee661ee,BUY,1787069291938355,EPjFWdd5AufqSSqeM2qN1xzybapC8G4wEGGkZwyTDt1v,8183170,0,2130813112,0,1062828939830576,0.00000200485048171502536242011480888228874477211063550289670538087
fmc6SKPMFsBa1TcJ82aAvCG6aiwReKo5xU8gi8Apump,47CqEzioDEQqmNkh9yoHu7wk3zjn2C38dhWqJprUepNVqVSTA9gGWB4yhjTjtyzkoXyyUW13vsLYr8wEHpEhRkgC:0:bddb7fd34ee661ee,BUY,1787069310530710,EPjFWdd5AufqSSqeM2qN1xzybapC8G4wEGGkZwyTDt1v,2909058,0,2387549238,0,1061379908146172,0.00000224947657259702857539898629688096505310171706798317856676326
fmc6SKPMFsBa1TcJ82aAvCG6aiwReKo5xU8gi8Apump,3eHkdLKEdqNabwfQFgLWSYCy7F5zE3NS3CTaCHickkfns8C3aU4XFNwTWK9Wux3o11uMBpo9k6xpoQ51Ae9f5NiB:0:bddb7fd34ee661ee,SELL,1787069315550712,EPjFWdd5AufqSSqeM2qN1xzybapC8G4wEGGkZwyTDt1v,3162298,0,2108101936,0,1062787565841008,0.00000198355908909398176633657600487338115147541029477510695075904
sHhR1nBVjY9ku3py7H4c1NGfG7oq6DME2r4PWGFpump,5mn7isjCTvdg39B6CToFDqJ2LciEfz89yxrozFZDqjKb1ug2YkaXiFDp8i2W7DJwMuKD1pK97RJaMTxZdsf69KfG:1:bddb7fd34ee661ee,BUY,1787074165320247,EPjFWdd5AufqSSqeM2qN1xzybapC8G4wEGGkZwyTDt1v,15123460,0,4307123460,0,1069232410874341,0.00000402823877783310522615997483975823501144240945881955848248768
sHhR1nBVjY9ku3py7H4c1NGfG7oq6DME2r4PWGFpump,zxct9rD2GMNq4f1B5R6WeAxouLA5zn7Grecv9Tq2xvmpwUe3A9KW5p3cVLgd4zLUsXEUqXsozPMScyvqpAjn4aR:0:bddb7fd34ee661ee,BUY,1787074420692124,EPjFWdd5AufqSSqeM2qN1xzybapC8G4wEGGkZwyTDt1v,1973697,0,4309097157,0,1068742670296208,0.00000403193142443326386194674137786646024898110556638466084861413
sP8rznqCEHuxNwvmJPJDbyw6JXEqaKQfTiGySkcpump,3vMiVWSEsCc4qLswg3Hoz1dftyMkU8g1R3raE8uABhuzd4soPmGXAf2Wo838ozeJzQpyvD3c4e2yGqM7wuvdmWD2:0:bddb7fd34ee661ee,SELL,1787074707837968,EPjFWdd5AufqSSqeM2qN1xzybapC8G4wEGGkZwyTDt1v,2272724,0,4615251626,0,1048162614912085,0.00000440318282711037716055672221058022016282574632335539413225284
