signal_key,mint,horizon_seconds,target_at,status,mfe_bps,mae_bps,observation_count
fp1sig-0030cb8737e0c4dd41a94e4d,Br53V3urMmBgis9PY63cHYUxxZkxoNsZ42YX9Jiupump,5,2026-08-28T09:08:51.191785+00:00,AVAILABLE,998,994,2
fp1sig-0030cb8737e0c4dd41a94e4d,Br53V3urMmBgis9PY63cHYUxxZkxoNsZ42YX9Jiupump,10,2026-08-28T09:08:56.191785+00:00,AVAILABLE,998,994,4
fp1sig-0030cb8737e0c4dd41a94e4d,Br53V3urMmBgis9PY63cHYUxxZkxoNsZ42YX9Jiupump,15,2026-08-28T09:09:01.191785+00:00,AVAILABLE,998,994,4
fp1sig-0030cb8737e0c4dd41a94e4d,Br53V3urMmBgis9PY63cHYUxxZkxoNsZ42YX9Jiupump,20,2026-08-28T09:09:06.191785+00:00,AVAILABLE,998,136,5
fp1sig-0030cb8737e0c4dd41a94e4d,Br53V3urMmBgis9PY63cHYUxxZkxoNsZ42YX9Jiupump,30,2026-08-28T09:09:16.191785+00:00,AVAILABLE,998,136,7
fp1sig-0030cb8737e0c4dd41a94e4d,Br53V3urMmBgis9PY63cHYUxxZkxoNsZ42YX9Jiupump,45,2026-08-28T09:09:31.191785+00:00,AVAILABLE,998,136,9
fp1sig-0030cb8737e0c4dd41a94e4d,Br53V3urMmBgis9PY63cHYUxxZkxoNsZ42YX9Jiupump,60,2026-08-28T09:09:46.191785+00:00,AVAILABLE,998,-1051,13
fp1sig-0030cb8737e0c4dd41a94e4d,Br53V3urMmBgis9PY63cHYUxxZkxoNsZ42YX9Jiupump,90,2026-08-28T09:10:16.191785+00:00,AVAILABLE,998,-2245,17
fp1sig-0030cb8737e0c4dd41a94e4d,Br53V3urMmBgis9PY63cHYUxxZkxoNsZ42YX9Jiupump,120,2026-08-28T09:10:46.191785+00:00,AVAILABLE,998,-2927,21
fp1sig-0030cb8737e0c4dd41a94e4d,Br53V3urMmBgis9PY63cHYUxxZkxoNsZ42YX9Jiupump,180,2026-08-28T09:11:46.191785+00:00,AVAILABLE,998,-3664,33
fp1sig-0030cb8737e0c4dd41a94e4d,Br53V3urMmBgis9PY63cHYUxxZkxoNsZ42YX9Jiupump,300,2026-08-28T09:13:46.191785+00:00,AVAILABLE,998,-3664,37
fp1sig-00672ce49a1610e7ad6f5deb,2UdieZLivbCpPEuzyxEfxfj54bKmQmtFjRAsGyGNpump,5,2026-08-27T22:03:42.202926+00:00,AVAILABLE,6745,2610,5
fp1sig-00672ce49a1610e7ad6f5deb,2UdieZLivbCpPEuzyxEfxfj54bKmQmtFjRAsGyGNpump,10,2026-08-27T22:03:47.202926+00:00,AVAILABLE,6745,2610,7
fp1sig-00672ce49a1610e7ad6f5deb,2UdieZLivbCpPEuzyxEfxfj54bKmQmtFjRAsGyGNpump,15,2026-08-27T22:03:52.202926+00:00,AVAILABLE,6745,2610,7
fp1sig-00672ce49a1610e7ad6f5deb,2UdieZLivbCpPEuzyxEfxfj54bKmQmtFjRAsGyGNpump,20,2026-08-27T22:03:57.202926+00:00,AVAILABLE,6745,2610,9
fp1sig-00672ce49a1610e7ad6f5deb,2UdieZLivbCpPEuzyxEfxfj54bKmQmtFjRAsGyGNpump,30,2026-08-27T22:04:07.202926+00:00,AVAILABLE,6745,2610,11
fp1sig-00672ce49a1610e7ad6f5deb,2UdieZLivbCpPEuzyxEfxfj54bKmQmtFjRAsGyGNpump,45,2026-08-27T22:04:22.202926+00:00,AVAILABLE,6745,2610,25
fp1sig-00672ce49a1610e7ad6f5deb,2UdieZLivbCpPEuzyxEfxfj54bKmQmtFjRAsGyGNpump,60,2026-08-27T22:04:37.202926+00:00,AVAILABLE,6745,2610,39
fp1sig-00672ce49a1610e7ad6f5deb,2UdieZLivbCpPEuzyxEfxfj54bKmQmtFjRAsGyGNpump,90,2026-08-27T22:05:07.202926+00:00,AVAILABLE,6745,-888,65
fp1sig-00672ce49a1610e7ad6f5deb,2UdieZLivbCpPEuzyxEfxfj54bKmQmtFjRAsGyGNpump,120,2026-08-27T22:05:37.202926+00:00,AVAILABLE,6745,-2006,84
fp1sig-00672ce49a1610e7ad6f5deb,2UdieZLivbCpPEuzyxEfxfj54bKmQmtFjRAsGyGNpump,180,2026-08-27T22:06:37.202926+00:00,AVAILABLE,6745,-2006,109
fp1sig-00672ce49a1610e7ad6f5deb,2UdieZLivbCpPEuzyxEfxfj54bKmQmtFjRAsGyGNpump,300,2026-08-27T22:08:37.202926+00:00,AVAILABLE,6745,-2239,137
fp1sig-00a2bc3af1d2668a3c306d56,Cy6TskvYWb9Ds466KLWvkBvjzrp1CCq1i65dbVbvpump,5,2026-08-27T18:10:16.416604+00:00,AVAILABLE,-635,-813,2
fp1sig-00a2bc3af1d2668a3c306d56,Cy6TskvYWb9Ds466KLWvkBvjzrp1CCq1i65dbVbvpump,10,2026-08-27T18:10:21.416604+00:00,AVAILABLE,-635,-1323,3
fp1sig-00a2bc3af1d2668a3c306d56,Cy6TskvYWb9Ds466KLWvkBvjzrp1CCq1i65dbVbvpump,15,2026-08-27T18:10:26.416604+00:00,AVAILABLE,-635,-1474,4
fp1sig-00a2bc3af1d2668a3c306d56,Cy6TskvYWb9Ds466KLWvkBvjzrp1CCq1i65dbVbvpump,20,2026-08-27T18:10:31.416604+00:00,AVAILABLE,-635,-2591,6
fp1sig-00a2bc3af1d2668a3c306d56,Cy6TskvYWb9Ds466KLWvkBvjzrp1CCq1i65dbVbvpump,30,2026-08-27T18:10:41.416604+00:00,AVAILABLE,-635,-2750,10
fp1sig-00a2bc3af1d2668a3c306d56,Cy6TskvYWb9Ds466KLWvkBvjzrp1CCq1i65dbVbvpump,45,2026-08-27T18:10:56.416604+00:00,AVAILABLE,-635,-2750,10
fp1sig-00a2bc3af1d2668a3c306d56,Cy6TskvYWb9Ds466KLWvkBvjzrp1CCq1i65dbVbvpump,60,2026-08-27T18:11:11.416604+00:00,AVAILABLE,-635,-2895,12
fp1sig-00a2bc3af1d2668a3c306d56,Cy6TskvYWb9Ds466KLWvkBvjzrp1CCq1i65dbVbvpump,90,2026-08-27T18:11:41.416604+00:00,AVAILABLE,-635,-2895,13
fp1sig-00a2bc3af1d2668a3c306d56,Cy6TskvYWb9Ds466KLWvkBvjzrp1CCq1i65dbVbvpump,120,2026-08-27T18:12:11.416604+00:00,AVAILABLE,-635,-2895,13
fp1sig-00a2bc3af1d2668a3c306d56,Cy6TskvYWb9Ds466KLWvkBvjzrp1CCq1i65dbVbvpump,180,2026-08-27T18:13:11.416604+00:00,AVAILABLE,-635,-2895,13
fp1sig-00a2bc3af1d2668a3c306d56,Cy6TskvYWb9Ds466KLWvkBvjzrp1CCq1i65dbVbvpump,300,2026-08-27T18:15:11.416604+00:00,AVAILABLE,-635,-2895,16
fp1sig-012cc72536b483b6d97b53f3,DpoddfrJgKdfuPKok5rCk8JL4WPEupnDmvGPT5dypump,5,2026-08-27T21:41:01.361301+00:00,AVAILABLE,214,214,1
fp1sig-012cc72536b483b6d97b53f3,DpoddfrJgKdfuPKok5rCk8JL4WPEupnDmvGPT5dypump,10,2026-08-27T21:41:06.361301+00:00,AVAILABLE,214,214,1
fp1sig-012cc72536b483b6d97b53f3,DpoddfrJgKdfuPKok5rCk8JL4WPEupnDmvGPT5dypump,15,2026-08-27T21:41:11.361301+00:00,AVAILABLE,214,214,1
fp1sig-012cc72536b483b6d97b53f3,DpoddfrJgKdfuPKok5rCk8JL4WPEupnDmvGPT5dypump,20,2026-08-27T21:41:16.361301+00:00,AVAILABLE,214,64,2
fp1sig-012cc72536b483b6d97b53f3,DpoddfrJgKdfuPKok5rCk8JL4WPEupnDmvGPT5dypump,30,2026-08-27T21:41:26.361301+00:00,AVAILABLE,214,1,3
fp1sig-012cc72536b483b6d97b53f3,DpoddfrJgKdfuPKok5rCk8JL4WPEupnDmvGPT5dypump,45,2026-08-27T21:41:41.361301+00:00,AVAILABLE,214,1,3
fp1sig-012cc72536b483b6d97b53f3,DpoddfrJgKdfuPKok5rCk8JL4WPEupnDmvGPT5dypump,60,2026-08-27T21:41:56.361301+00:00,AVAILABLE,214,1,3
fp1sig-012cc72536b483b6d97b53f3,DpoddfrJgKdfuPKok5rCk8JL4WPEupnDmvGPT5dypump,90,2026-08-27T21:42:26.361301+00:00,AVAILABLE,214,1,3
fp1sig-012cc72536b483b6d97b53f3,DpoddfrJgKdfuPKok5rCk8JL4WPEupnDmvGPT5dypump,120,2026-08-27T21:42:56.361301+00:00,AVAILABLE,214,-119,6
fp1sig-012cc72536b483b6d97b53f3,DpoddfrJgKdfuPKok5rCk8JL4WPEupnDmvGPT5dypump,180,2026-08-27T21:43:56.361301+00:00,AVAILABLE,214,-120,7
fp1sig-012cc72536b483b6d97b53f3,DpoddfrJgKdfuPKok5rCk8JL4WPEupnDmvGPT5dypump,300,2026-08-27T21:45:56.361301+00:00,AVAILABLE,214,-120,7
fp1sig-0151484094ac20de7c738d86,3irT8xsAXD4Gdht17PNpQhB2Rx73XLU821xmZCaHpump,5,2026-08-27T13:42:36.030006+00:00,MISSING,,,0
fp1sig-0151484094ac20de7c738d86,3irT8xsAXD4Gdht17PNpQhB2Rx73XLU821xmZCaHpump,10,2026-08-27T13:42:41.030006+00:00,AVAILABLE,309,309,1
fp1sig-0151484094ac20de7c738d86,3irT8xsAXD4Gdht17PNpQhB2Rx73XLU821xmZCaHpump,15,2026-08-27T13:42:46.030006+00:00,AVAILABLE,309,309,1
fp1sig-0151484094ac20de7c738d86,3irT8xsAXD4Gdht17PNpQhB2Rx73XLU821xmZCaHpump,20,2026-08-27T13:42:51.030006+00:00,AVAILABLE,309,-2401,7
fp1sig-0151484094ac20de7c738d86,3irT8xsAXD4Gdht17PNpQhB2Rx73XLU821xmZCaHpump,30,2026-08-27T13:43:01.030006+00:00,AVAILABLE,309,-2401,9
fp1sig-0151484094ac20de7c738d86,3irT8xsAXD4Gdht17PNpQhB2Rx73XLU821xmZCaHpump,45,2026-08-27T13:43:16.030006+00:00,AVAILABLE,309,-2963,17
fp1sig-0151484094ac20de7c738d86,3irT8xsAXD4Gdht17PNpQhB2Rx73XLU821xmZCaHpump,60,2026-08-27T13:43:31.030006+00:00,AVAILABLE,309,-2963,23
fp1sig-0151484094ac20de7c738d86,3irT8xsAXD4Gdht17PNpQhB2Rx73XLU821xmZCaHpump,90,2026-08-27T13:44:01.030006+00:00,AVAILABLE,309,-3249,40
fp1sig-0151484094ac20de7c738d86,3irT8xsAXD4Gdht17PNpQhB2Rx73XLU821xmZCaHpump,120,2026-08-27T13:44:31.030006+00:00,AVAILABLE,309,-3249,49
fp1sig-0151484094ac20de7c738d86,3irT8xsAXD4Gdht17PNpQhB2Rx73XLU821xmZCaHpump,180,2026-08-27T13:45:31.030006+00:00,AVAILABLE,309,-3249,49
fp1sig-0151484094ac20de7c738d86,3irT8xsAXD4Gdht17PNpQhB2Rx73XLU821xmZCaHpump,300,2026-08-27T13:47:31.030006+00:00,AVAILABLE,309,-3249,49
fp1sig-02266b9cc58403336994d625,25G7doSJ5NdvTxhsTtdU5f1tJvjd9JUX2CcL5KDRpump,5,2026-08-28T08:11:57.985110+00:00,AVAILABLE,-253,-376,2
fp1sig-02266b9cc58403336994d625,25G7doSJ5NdvTxhsTtdU5f1tJvjd9JUX2CcL5KDRpump,10,2026-08-28T08:12:02.985110+00:00,AVAILABLE,-253,-1270,3
fp1sig-02266b9cc58403336994d625,25G7doSJ5NdvTxhsTtdU5f1tJvjd9JUX2CcL5KDRpump,15,2026-08-28T08:12:07.985110+00:00,AVAILABLE,-253,-1270,3
fp1sig-02266b9cc58403336994d625,25G7doSJ5NdvTxhsTtdU5f1tJvjd9JUX2CcL5KDRpump,20,2026-08-28T08:12:12.985110+00:00,AVAILABLE,-253,-1270,3
fp1sig-02266b9cc58403336994d625,25G7doSJ5NdvTxhsTtdU5f1tJvjd9JUX2CcL5KDRpump,30,2026-08-28T08:12:22.985110+00:00,AVAILABLE,-253,-1708,4
fp1sig-02266b9cc58403336994d625,25G7doSJ5NdvTxhsTtdU5f1tJvjd9JUX2CcL5KDRpump,45,2026-08-28T08:12:37.985110+00:00,AVAILABLE,-253,-1708,4
fp1sig-02266b9cc58403336994d625,25G7doSJ5NdvTxhsTtdU5f1tJvjd9JUX2CcL5KDRpump,60,2026-08-28T08:12:52.985110+00:00,AVAILABLE,-253,-2136,5
fp1sig-02266b9cc58403336994d625,25G7doSJ5NdvTxhsTtdU5f1tJvjd9JUX2CcL5KDRpump,90,2026-08-28T08:13:22.985110+00:00,AVAILABLE,-253,-2136,5
fp1sig-02266b9cc58403336994d625,25G7doSJ5NdvTxhsTtdU5f1tJvjd9JUX2CcL5KDRpump,120,2026-08-28T08:13:52.985110+00:00,AVAILABLE,-253,-2136,5
fp1sig-02266b9cc58403336994d625,25G7doSJ5NdvTxhsTtdU5f1tJvjd9JUX2CcL5KDRpump,180,2026-08-28T08:14:52.985110+00:00,AVAILABLE,-253,-2136,5
fp1sig-02266b9cc58403336994d625,25G7doSJ5NdvTxhsTtdU5f1tJvjd9JUX2CcL5KDRpump,300,2026-08-28T08:16:52.985110+00:00,AVAILABLE,-253,-2136,5
fp1sig-0254618e6839387546a96d0f,5gyi18Mmzb4M3Eu3S8XZwRF6eefPo9kXWwsrvDa8pump,5,2026-08-27T13:14:20.346330+00:00,AVAILABLE,290,30,2
fp1sig-0254618e6839387546a96d0f,5gyi18Mmzb4M3Eu3S8XZwRF6eefPo9kXWwsrvDa8pump,10,2026-08-27T13:14:25.346330+00:00,AVAILABLE,290,30,2
fp1sig-0254618e6839387546a96d0f,5gyi18Mmzb4M3Eu3S8XZwRF6eefPo9kXWwsrvDa8pump,15,2026-08-27T13:14:30.346330+00:00,AVAILABLE,290,30,2
fp1sig-0254618e6839387546a96d0f,5gyi18Mmzb4M3Eu3S8XZwRF6eefPo9kXWwsrvDa8pump,20,2026-08-27T13:14:35.346330+00:00,AVAILABLE,290,30,2
fp1sig-0254618e6839387546a96d0f,5gyi18Mmzb4M3Eu3S8XZwRF6eefPo9kXWwsrvDa8pump,30,2026-08-27T13:14:45.346330+00:00,AVAILABLE,290,30,2
fp1sig-0254618e6839387546a96d0f,5gyi18Mmzb4M3Eu3S8XZwRF6eefPo9kXWwsrvDa8pump,45,2026-08-27T13:15:00.346330+00:00,AVAILABLE,290,30,2
fp1sig-0254618e6839387546a96d0f,5gyi18Mmzb4M3Eu3S8XZwRF6eefPo9kXWwsrvDa8pump,60,2026-08-27T13:15:15.346330+00:00,AVAILABLE,290,30,2
fp1sig-0254618e6839387546a96d0f,5gyi18Mmzb4M3Eu3S8XZwRF6eefPo9kXWwsrvDa8pump,90,2026-08-27T13:15:45.346330+00:00,AVAILABLE,629,30,5
fp1sig-0254618e6839387546a96d0f,5gyi18Mmzb4M3Eu3S8XZwRF6eefPo9kXWwsrvDa8pump,120,2026-08-27T13:16:15.346330+00:00,AVAILABLE,629,30,5
fp1sig-0254618e6839387546a96d0f,5gyi18Mmzb4M3Eu3S8XZwRF6eefPo9kXWwsrvDa8pump,180,2026-08-27T13:17:15.346330+00:00,AVAILABLE,629,30,5
fp1sig-0254618e6839387546a96d0f,5gyi18Mmzb4M3Eu3S8XZwRF6eefPo9kXWwsrvDa8pump,300,2026-08-27T13:19:15.346330+00:00,AVAILABLE,629,30,7
fp1sig-028be987991618188ebc36e3,3HttKepykr5MKAUc8fhj7MP2Zcgw3eyQuGwpUvD1pump,5,2026-08-27T13:59:09.514767+00:00,MISSING,,,0
fp1sig-028be987991618188ebc36e3,3HttKepykr5MKAUc8fhj7MP2Zcgw3eyQuGwpUvD1pump,10,2026-08-27T13:59:14.514767+00:00,MISSING,,,0
fp1sig-028be987991618188ebc36e3,3HttKepykr5MKAUc8fhj7MP2Zcgw3eyQuGwpUvD1pump,15,2026-08-27T13:59:19.514767+00:00,MISSING,,,0
fp1sig-028be987991618188ebc36e3,3HttKepykr5MKAUc8fhj7MP2Zcgw3eyQuGwpUvD1pump,20,2026-08-27T13:59:24.514767+00:00,AVAILABLE,-1421,-1470,2
fp1sig-028be987991618188ebc36e3,3HttKepykr5MKAUc8fhj7MP2Zcgw3eyQuGwpUvD1pump,30,2026-08-27T13:59:34.514767+00:00,AVAILABLE,-277,-1470,3
fp1sig-028be987991618188ebc36e3,3HttKepykr5MKAUc8fhj7MP2Zcgw3eyQuGwpUvD1pump,45,2026-08-27T13:59:49.514767+00:00,AVAILABLE,-277,-1470,4
fp1sig-028be987991618188ebc36e3,3HttKepykr5MKAUc8fhj7MP2Zcgw3eyQuGwpUvD1pump,60,2026-08-27T14:00:04.514767+00:00,AVAILABLE,-277,-3955,5
fp1sig-028be987991618188ebc36e3,3HttKepykr5MKAUc8fhj7MP2Zcgw3eyQuGwpUvD1pump,90,2026-08-27T14:00:34.514767+00:00,AVAILABLE,-277,-3955,6
fp1sig-028be987991618188ebc36e3,3HttKepykr5MKAUc8fhj7MP2Zcgw3eyQuGwpUvD1pump,120,2026-08-27T14:01:04.514767+00:00,AVAILABLE,-277,-3955,9
fp1sig-028be987991618188ebc36e3,3HttKepykr5MKAUc8fhj7MP2Zcgw3eyQuGwpUvD1pump,180,2026-08-27T14:02:04.514767+00:00,AVAILABLE,-277,-4573,13
fp1sig-028be987991618188ebc36e3,3HttKepykr5MKAUc8fhj7MP2Zcgw3eyQuGwpUvD1pump,300,2026-08-27T14:04:04.514767+00:00,AVAILABLE,-277,-6140,19
fp1sig-037e02632b95bf3ff7057ab1,DP9CHFWfmAgFHdBqXtsiV5DDDT85gvLaqyTv4b1rbUfg,5,2026-08-28T09:12:27.837313+00:00,AVAILABLE,5883,2717,2
fp1sig-037e02632b95bf3ff7057ab1,DP9CHFWfmAgFHdBqXtsiV5DDDT85gvLaqyTv4b1rbUfg,10,2026-08-28T09:12:32.837313+00:00,AVAILABLE,5883,2717,2
fp1sig-037e02632b95bf3ff7057ab1,DP9CHFWfmAgFHdBqXtsiV5DDDT85gvLaqyTv4b1rbUfg,15,2026-08-28T09:12:37.837313+00:00,AVAILABLE,5883,2717,2
fp1sig-037e02632b95bf3ff7057ab1,DP9CHFWfmAgFHdBqXtsiV5DDDT85gvLaqyTv4b1rbUfg,20,2026-08-28T09:12:42.837313+00:00,AVAILABLE,5883,538,4
fp1sig-037e02632b95bf3ff7057ab1,DP9CHFWfmAgFHdBqXtsiV5DDDT85gvLaqyTv4b1rbUfg,30,2026-08-28T09:12:52.837313+00:00,AVAILABLE,5883,538,9
fp1sig-037e02632b95bf3ff7057ab1,DP9CHFWfmAgFHdBqXtsiV5DDDT85gvLaqyTv4b1rbUfg,45,2026-08-28T09:13:07.837313+00:00,AVAILABLE,5883,538,9
fp1sig-037e02632b95bf3ff7057ab1,DP9CHFWfmAgFHdBqXtsiV5DDDT85gvLaqyTv4b1rbUfg,60,2026-08-28T09:13:22.837313+00:00,AVAILABLE,5883,538,18
fp1sig-037e02632b95bf3ff7057ab1,DP9CHFWfmAgFHdBqXtsiV5DDDT85gvLaqyTv4b1rbUfg,90,2026-08-28T09:13:52.837313+00:00,AVAILABLE,8757,538,27
fp1sig-037e02632b95bf3ff7057ab1,DP9CHFWfmAgFHdBqXtsiV5DDDT85gvLaqyTv4b1rbUfg,120,2026-08-28T09:14:22.837313+00:00,AVAILABLE,8757,538,29
fp1sig-037e02632b95bf3ff7057ab1,DP9CHFWfmAgFHdBqXtsiV5DDDT85gvLaqyTv4b1rbUfg,180,2026-08-28T09:15:22.837313+00:00,AVAILABLE,9439,538,50
fp1sig-037e02632b95bf3ff7057ab1,DP9CHFWfmAgFHdBqXtsiV5DDDT85gvLaqyTv4b1rbUfg,300,2026-08-28T09:17:22.837313+00:00,AVAILABLE,12232,538,72
fp1sig-03918a0cffe6d27a73a399ed,3AD1KN9cXtz7p6NdrbTYyTss4oLenBU9jCJMCE7hpump,5,2026-08-27T17:14:59.017854+00:00,MISSING,,,0
fp1sig-03918a0cffe6d27a73a399ed,3AD1KN9cXtz7p6NdrbTYyTss4oLenBU9jCJMCE7hpump,10,2026-08-27T17:15:04.017854+00:00,MISSING,,,0
fp1sig-03918a0cffe6d27a73a399ed,3AD1KN9cXtz7p6NdrbTYyTss4oLenBU9jCJMCE7hpump,15,2026-08-27T17:15:09.017854+00:00,MISSING,,,0
fp1sig-03918a0cffe6d27a73a399ed,3AD1KN9cXtz7p6NdrbTYyTss4oLenBU9jCJMCE7hpump,20,2026-08-27T17:15:14.017854+00:00,MISSING,,,0
fp1sig-03918a0cffe6d27a73a399ed,3AD1KN9cXtz7p6NdrbTYyTss4oLenBU9jCJMCE7hpump,30,2026-08-27T17:15:24.017854+00:00,AVAILABLE,609,609,1
fp1sig-03918a0cffe6d27a73a399ed,3AD1KN9cXtz7p6NdrbTYyTss4oLenBU9jCJMCE7hpump,45,2026-08-27T17:15:39.017854+00:00,AVAILABLE,1333,609,3
fp1sig-03918a0cffe6d27a73a399ed,3AD1KN9cXtz7p6NdrbTYyTss4oLenBU9jCJMCE7hpump,60,2026-08-27T17:15:54.017854+00:00,AVAILABLE,1383,609,5
fp1sig-03918a0cffe6d27a73a399ed,3AD1KN9cXtz7p6NdrbTYyTss4oLenBU9jCJMCE7hpump,90,2026-08-27T17:16:24.017854+00:00,AVAILABLE,1383,609,6
fp1sig-03918a0cffe6d27a73a399ed,3AD1KN9cXtz7p6NdrbTYyTss4oLenBU9jCJMCE7hpump,120,2026-08-27T17:16:54.017854+00:00,AVAILABLE,1383,609,6
fp1sig-03918a0cffe6d27a73a399ed,3AD1KN9cXtz7p6NdrbTYyTss4oLenBU9jCJMCE7hpump,180,2026-08-27T17:17:54.017854+00:00,AVAILABLE,1383,609,6
fp1sig-03918a0cffe6d27a73a399ed,3AD1KN9cXtz7p6NdrbTYyTss4oLenBU9jCJMCE7hpump,300,2026-08-27T17:19:54.017854+00:00,AVAILABLE,1383,609,6
fp1sig-039f4ec9b1765ce2fdac69c7,EP4pN6MFtvSSVZLL9rEHzjuYkNNfi2vQuXLu1hWpump,5,2026-08-28T09:55:53.687224+00:00,MISSING,,,0
fp1sig-039f4ec9b1765ce2fdac69c7,EP4pN6MFtvSSVZLL9rEHzjuYkNNfi2vQuXLu1hWpump,10,2026-08-28T09:55:58.687224+00:00,MISSING,,,0
fp1sig-039f4ec9b1765ce2fdac69c7,EP4pN6MFtvSSVZLL9rEHzjuYkNNfi2vQuXLu1hWpump,15,2026-08-28T09:56:03.687224+00:00,MISSING,,,0
fp1sig-039f4ec9b1765ce2fdac69c7,EP4pN6MFtvSSVZLL9rEHzjuYkNNfi2vQuXLu1hWpump,20,2026-08-28T09:56:08.687224+00:00,MISSING,,,0
fp1sig-039f4ec9b1765ce2fdac69c7,EP4pN6MFtvSSVZLL9rEHzjuYkNNfi2vQuXLu1hWpump,30,2026-08-28T09:56:18.687224+00:00,MISSING,,,0
fp1sig-039f4ec9b1765ce2fdac69c7,EP4pN6MFtvSSVZLL9rEHzjuYkNNfi2vQuXLu1hWpump,45,2026-08-28T09:56:33.687224+00:00,MISSING,,,0
fp1sig-039f4ec9b1765ce2fdac69c7,EP4pN6MFtvSSVZLL9rEHzjuYkNNfi2vQuXLu1hWpump,60,2026-08-28T09:56:48.687224+00:00,MISSING,,,0
fp1sig-039f4ec9b1765ce2fdac69c7,EP4pN6MFtvSSVZLL9rEHzjuYkNNfi2vQuXLu1hWpump,90,2026-08-28T09:57:18.687224+00:00,MISSING,,,0
fp1sig-039f4ec9b1765ce2fdac69c7,EP4pN6MFtvSSVZLL9rEHzjuYkNNfi2vQuXLu1hWpump,120,2026-08-28T09:57:48.687224+00:00,AVAILABLE,-3322,-3322,1
fp1sig-039f4ec9b1765ce2fdac69c7,EP4pN6MFtvSSVZLL9rEHzjuYkNNfi2vQuXLu1hWpump,180,2026-08-28T09:58:48.687224+00:00,AVAILABLE,-3322,-3322,1
fp1sig-039f4ec9b1765ce2fdac69c7,EP4pN6MFtvSSVZLL9rEHzjuYkNNfi2vQuXLu1hWpump,300,2026-08-28T10:00:48.687224+00:00,AVAILABLE,-3322,-3322,1
fp1sig-03dbb3298b2046e0fd037ee8,Ef7BJnmmUTAv8qCSVeWvKq5TXnN1C3hvptuZfeWpump,5,2026-08-27T19:19:03.415200+00:00,AVAILABLE,697,697,1
fp1sig-03dbb3298b2046e0fd037ee8,Ef7BJnmmUTAv8qCSVeWvKq5TXnN1C3hvptuZfeWpump,10,2026-08-27T19:19:08.415200+00:00,AVAILABLE,697,28,3
fp1sig-03dbb3298b2046e0fd037ee8,Ef7BJnmmUTAv8qCSVeWvKq5TXnN1C3hvptuZfeWpump,15,2026-08-27T19:19:13.415200+00:00,AVAILABLE,697,28,3
fp1sig-03dbb3298b2046e0fd037ee8,Ef7BJnmmUTAv8qCSVeWvKq5TXnN1C3hvptuZfeWpump,20,2026-08-27T19:19:18.415200+00:00,AVAILABLE,697,-69,7
fp1sig-03dbb3298b2046e0fd037ee8,Ef7BJnmmUTAv8qCSVeWvKq5TXnN1C3hvptuZfeWpump,30,2026-08-27T19:19:28.415200+00:00,AVAILABLE,697,-248,9
fp1sig-03dbb3298b2046e0fd037ee8,Ef7BJnmmUTAv8qCSVeWvKq5TXnN1C3hvptuZfeWpump,45,2026-08-27T19:19:43.415200+00:00,AVAILABLE,697,-1201,16
fp1sig-03dbb3298b2046e0fd037ee8,Ef7BJnmmUTAv8qCSVeWvKq5TXnN1C3hvptuZfeWpump,60,2026-08-27T19:19:58.415200+00:00,AVAILABLE,697,-1201,16
fp1sig-03dbb3298b2046e0fd037ee8,Ef7BJnmmUTAv8qCSVeWvKq5TXnN1C3hvptuZfeWpump,90,2026-08-27T19:20:28.415200+00:00,AVAILABLE,697,-1273,19
fp1sig-03dbb3298b2046e0fd037ee8,Ef7BJnmmUTAv8qCSVeWvKq5TXnN1C3hvptuZfeWpump,120,2026-08-27T19:20:58.415200+00:00,AVAILABLE,697,-2203,23
fp1sig-03dbb3298b2046e0fd037ee8,Ef7BJnmmUTAv8qCSVeWvKq5TXnN1C3hvptuZfeWpump,180,2026-08-27T19:21:58.415200+00:00,AVAILABLE,697,-2590,40
fp1sig-03dbb3298b2046e0fd037ee8,Ef7BJnmmUTAv8qCSVeWvKq5TXnN1C3hvptuZfeWpump,300,2026-08-27T19:23:58.415200+00:00,AVAILABLE,697,-2590,56
fp1sig-04b960fd00bee378edc6e3aa,Jc4wd3hpY3exkyyPbShoftN5y4kfuY6DqxfXBBapump,5,2026-08-27T23:38:00.250966+00:00,AVAILABLE,4631,423,13
fp1sig-04b960fd00bee378edc6e3aa,Jc4wd3hpY3exkyyPbShoftN5y4kfuY6DqxfXBBapump,10,2026-08-27T23:38:05.250966+00:00,AVAILABLE,4631,423,17
fp1sig-04b960fd00bee378edc6e3aa,Jc4wd3hpY3exkyyPbShoftN5y4kfuY6DqxfXBBapump,15,2026-08-27T23:38:10.250966+00:00,AVAILABLE,4631,423,21
fp1sig-04b960fd00bee378edc6e3aa,Jc4wd3hpY3exkyyPbShoftN5y4kfuY6DqxfXBBapump,20,2026-08-27T23:38:15.250966+00:00,AVAILABLE,4631,423,23
fp1sig-04b960fd00bee378edc6e3aa,Jc4wd3hpY3exkyyPbShoftN5y4kfuY6DqxfXBBapump,30,2026-08-27T23:38:25.250966+00:00,AVAILABLE,5278,423,25
fp1sig-04b960fd00bee378edc6e3aa,Jc4wd3hpY3exkyyPbShoftN5y4kfuY6DqxfXBBapump,45,2026-08-27T23:38:40.250966+00:00,AVAILABLE,5278,423,29
fp1sig-04b960fd00bee378edc6e3aa,Jc4wd3hpY3exkyyPbShoftN5y4kfuY6DqxfXBBapump,60,2026-08-27T23:38:55.250966+00:00,AVAILABLE,5278,423,33
fp1sig-04b960fd00bee378edc6e3aa,Jc4wd3hpY3exkyyPbShoftN5y4kfuY6DqxfXBBapump,90,2026-08-27T23:39:25.250966+00:00,AVAILABLE,5278,423,46
fp1sig-04b960fd00bee378edc6e3aa,Jc4wd3hpY3exkyyPbShoftN5y4kfuY6DqxfXBBapump,120,2026-08-27T23:39:55.250966+00:00,AVAILABLE,5278,423,55
fp1sig-04b960fd00bee378edc6e3aa,Jc4wd3hpY3exkyyPbShoftN5y4kfuY6DqxfXBBapump,180,2026-08-27T23:40:55.250966+00:00,AVAILABLE,17927,423,98
fp1sig-04b960fd00bee378edc6e3aa,Jc4wd3hpY3exkyyPbShoftN5y4kfuY6DqxfXBBapump,300,2026-08-27T23:42:55.250966+00:00,AVAILABLE,30608,423,169
fp1sig-04d7d70776be1358bc29967d,3ZHcZ9Um69JqJjsyvmpnpsmSapGsNWEN2dLHNHVQpump,5,2026-08-28T06:15:35.963095+00:00,AVAILABLE,-2322,-2322,1
fp1sig-04d7d70776be1358bc29967d,3ZHcZ9Um69JqJjsyvmpnpsmSapGsNWEN2dLHNHVQpump,10,2026-08-28T06:15:40.963095+00:00,AVAILABLE,-2126,-3712,4
fp1sig-04d7d70776be1358bc29967d,3ZHcZ9Um69JqJjsyvmpnpsmSapGsNWEN2dLHNHVQpump,15,2026-08-28T06:15:45.963095+00:00,AVAILABLE,-1223,-3712,9
fp1sig-04d7d70776be1358bc29967d,3ZHcZ9Um69JqJjsyvmpnpsmSapGsNWEN2dLHNHVQpump,20,2026-08-28T06:15:50.963095+00:00,AVAILABLE,-1223,-3712,11
fp1sig-04d7d70776be1358bc29967d,3ZHcZ9Um69JqJjsyvmpnpsmSapGsNWEN2dLHNHVQpump,30,2026-08-28T06:16:00.963095+00:00,AVAILABLE,-1223,-4885,15
fp1sig-04d7d70776be1358bc29967d,3ZHcZ9Um69JqJjsyvmpnpsmSapGsNWEN2dLHNHVQpump,45,2026-08-28T06:16:15.963095+00:00,AVAILABLE,-656,-4885,19
fp1sig-04d7d70776be1358bc29967d,3ZHcZ9Um69JqJjsyvmpnpsmSapGsNWEN2dLHNHVQpump,60,2026-08-28T06:16:30.963095+00:00,AVAILABLE,2080,-4885,24
fp1sig-04d7d70776be1358bc29967d,3ZHcZ9Um69JqJjsyvmpnpsmSapGsNWEN2dLHNHVQpump,90,2026-08-28T06:17:00.963095+00:00,AVAILABLE,2080,-6775,50
fp1sig-04d7d70776be1358bc29967d,3ZHcZ9Um69JqJjsyvmpnpsmSapGsNWEN2dLHNHVQpump,120,2026-08-28T06:17:30.963095+00:00,AVAILABLE,2080,-6775,57
fp1sig-04d7d70776be1358bc29967d,3ZHcZ9Um69JqJjsyvmpnpsmSapGsNWEN2dLHNHVQpump,180,2026-08-28T06:18:30.963095+00:00,AVAILABLE,2080,-7897,73
fp1sig-04d7d70776be1358bc29967d,3ZHcZ9Um69JqJjsyvmpnpsmSapGsNWEN2dLHNHVQpump,300,2026-08-28T06:20:30.963095+00:00,AVAILABLE,9348,-8336,128
fp1sig-06231280358f7122ecc92e12,7aaoSjiugUe3bghn3oXik4ZUuShcNSJ4WDAghV4Vpump,5,2026-08-28T00:23:55.471098+00:00,MISSING,,,0
fp1sig-06231280358f7122ecc92e12,7aaoSjiugUe3bghn3oXik4ZUuShcNSJ4WDAghV4Vpump,10,2026-08-28T00:24:00.471098+00:00,MISSING,,,0
fp1sig-06231280358f7122ecc92e12,7aaoSjiugUe3bghn3oXik4ZUuShcNSJ4WDAghV4Vpump,15,2026-08-28T00:24:05.471098+00:00,MISSING,,,0
fp1sig-06231280358f7122ecc92e12,7aaoSjiugUe3bghn3oXik4ZUuShcNSJ4WDAghV4Vpump,20,2026-08-28T00:24:10.471098+00:00,AVAILABLE,-1281,-1490,3
fp1sig-06231280358f7122ecc92e12,7aaoSjiugUe3bghn3oXik4ZUuShcNSJ4WDAghV4Vpump,30,2026-08-28T00:24:20.471098+00:00,AVAILABLE,-1028,-2167,12
fp1sig-06231280358f7122ecc92e12,7aaoSjiugUe3bghn3oXik4ZUuShcNSJ4WDAghV4Vpump,45,2026-08-28T00:24:35.471098+00:00,AVAILABLE,-1028,-2752,20
fp1sig-06231280358f7122ecc92e12,7aaoSjiugUe3bghn3oXik4ZUuShcNSJ4WDAghV4Vpump,60,2026-08-28T00:24:50.471098+00:00,AVAILABLE,-1028,-2752,24
fp1sig-06231280358f7122ecc92e12,7aaoSjiugUe3bghn3oXik4ZUuShcNSJ4WDAghV4Vpump,90,2026-08-28T00:25:20.471098+00:00,AVAILABLE,-1028,-2878,36
fp1sig-06231280358f7122ecc92e12,7aaoSjiugUe3bghn3oXik4ZUuShcNSJ4WDAghV4Vpump,120,2026-08-28T00:25:50.471098+00:00,AVAILABLE,-1028,-2878,41
fp1sig-06231280358f7122ecc92e12,7aaoSjiugUe3bghn3oXik4ZUuShcNSJ4WDAghV4Vpump,180,2026-08-28T00:26:50.471098+00:00,AVAILABLE,-1028,-2878,44
fp1sig-06231280358f7122ecc92e12,7aaoSjiugUe3bghn3oXik4ZUuShcNSJ4WDAghV4Vpump,300,2026-08-28T00:28:50.471098+00:00,AVAILABLE,-1028,-2878,44
fp1sig-06ba3ae3ac6b980ebc59f4df,3fjZBCA98PViKUpKbyHMyNy4DvSALtQZYUBXQrgCpump,5,2026-08-27T23:46:55.371751+00:00,AVAILABLE,600,281,6
fp1sig-06ba3ae3ac6b980ebc59f4df,3fjZBCA98PViKUpKbyHMyNy4DvSALtQZYUBXQrgCpump,10,2026-08-27T23:47:00.371751+00:00,AVAILABLE,936,281,12
fp1sig-06ba3ae3ac6b980ebc59f4df,3fjZBCA98PViKUpKbyHMyNy4DvSALtQZYUBXQrgCpump,15,2026-08-27T23:47:05.371751+00:00,AVAILABLE,1110,281,14
fp1sig-06ba3ae3ac6b980ebc59f4df,3fjZBCA98PViKUpKbyHMyNy4DvSALtQZYUBXQrgCpump,20,2026-08-27T23:47:10.371751+00:00,AVAILABLE,1110,281,16
fp1sig-06ba3ae3ac6b980ebc59f4df,3fjZBCA98PViKUpKbyHMyNy4DvSALtQZYUBXQrgCpump,30,2026-08-27T23:47:20.371751+00:00,AVAILABLE,1110,-2007,28
fp1sig-06ba3ae3ac6b980ebc59f4df,3fjZBCA98PViKUpKbyHMyNy4DvSALtQZYUBXQrgCpump,45,2026-08-27T23:47:35.371751+00:00,AVAILABLE,1110,-2171,42
fp1sig-06ba3ae3ac6b980ebc59f4df,3fjZBCA98PViKUpKbyHMyNy4DvSALtQZYUBXQrgCpump,60,2026-08-27T23:47:50.371751+00:00,AVAILABLE,1110,-2171,56
fp1sig-06ba3ae3ac6b980ebc59f4df,3fjZBCA98PViKUpKbyHMyNy4DvSALtQZYUBXQrgCpump,90,2026-08-27T23:48:20.371751+00:00,AVAILABLE,1110,-7395,70
fp1sig-06ba3ae3ac6b980ebc59f4df,3fjZBCA98PViKUpKbyHMyNy4DvSALtQZYUBXQrgCpump,120,2026-08-27T23:48:50.371751+00:00,AVAILABLE,1110,-7406,73
fp1sig-06ba3ae3ac6b980ebc59f4df,3fjZBCA98PViKUpKbyHMyNy4DvSALtQZYUBXQrgCpump,180,2026-08-27T23:49:50.371751+00:00,AVAILABLE,1110,-7410,75
fp1sig-06ba3ae3ac6b980ebc59f4df,3fjZBCA98PViKUpKbyHMyNy4DvSALtQZYUBXQrgCpump,300,2026-08-27T23:51:50.371751+00:00,AVAILABLE,1110,-7410,75
fp1sig-07500ad77c893eff4d3a0ff1,DEfDDZ65eMCLWtp3UYj25eqqXAUZyDgqQg9uX5LCpump,5,2026-08-28T01:59:06.490275+00:00,AVAILABLE,272,-371,6
fp1sig-07500ad77c893eff4d3a0ff1,DEfDDZ65eMCLWtp3UYj25eqqXAUZyDgqQg9uX5LCpump,10,2026-08-28T01:59:11.490275+00:00,AVAILABLE,280,-371,9
fp1sig-07500ad77c893eff4d3a0ff1,DEfDDZ65eMCLWtp3UYj25eqqXAUZyDgqQg9uX5LCpump,15,2026-08-28T01:59:16.490275+00:00,AVAILABLE,604,-371,11
fp1sig-07500ad77c893eff4d3a0ff1,DEfDDZ65eMCLWtp3UYj25eqqXAUZyDgqQg9uX5LCpump,20,2026-08-28T01:59:21.490275+00:00,AVAILABLE,774,-371,15
fp1sig-07500ad77c893eff4d3a0ff1,DEfDDZ65eMCLWtp3UYj25eqqXAUZyDgqQg9uX5LCpump,30,2026-08-28T01:59:31.490275+00:00,AVAILABLE,2461,-371,21
fp1sig-07500ad77c893eff4d3a0ff1,DEfDDZ65eMCLWtp3UYj25eqqXAUZyDgqQg9uX5LCpump,45,2026-08-28T01:59:46.490275+00:00,AVAILABLE,4459,-371,36
fp1sig-07500ad77c893eff4d3a0ff1,DEfDDZ65eMCLWtp3UYj25eqqXAUZyDgqQg9uX5LCpump,60,2026-08-28T02:00:01.490275+00:00,AVAILABLE,4459,-371,42
fp1sig-07500ad77c893eff4d3a0ff1,DEfDDZ65eMCLWtp3UYj25eqqXAUZyDgqQg9uX5LCpump,90,2026-08-28T02:00:31.490275+00:00,AVAILABLE,4459,-371,55
fp1sig-07500ad77c893eff4d3a0ff1,DEfDDZ65eMCLWtp3UYj25eqqXAUZyDgqQg9uX5LCpump,120,2026-08-28T02:01:01.490275+00:00,AVAILABLE,5673,-371,73
fp1sig-07500ad77c893eff4d3a0ff1,DEfDDZ65eMCLWtp3UYj25eqqXAUZyDgqQg9uX5LCpump,180,2026-08-28T02:02:01.490275+00:00,AVAILABLE,6233,-371,117
fp1sig-07500ad77c893eff4d3a0ff1,DEfDDZ65eMCLWtp3UYj25eqqXAUZyDgqQg9uX5LCpump,300,2026-08-28T02:04:01.490275+00:00,AVAILABLE,7259,-371,155
fp1sig-0782639a70f32d66ffb90095,Dcgb9pUbXpB5oFFeHAUyTKJ18KEuWYf42brHyWvgpump,5,2026-08-28T05:38:59.141746+00:00,AVAILABLE,743,743,1
fp1sig-0782639a70f32d66ffb90095,Dcgb9pUbXpB5oFFeHAUyTKJ18KEuWYf42brHyWvgpump,10,2026-08-28T05:39:04.141746+00:00,AVAILABLE,743,-179,7
fp1sig-0782639a70f32d66ffb90095,Dcgb9pUbXpB5oFFeHAUyTKJ18KEuWYf42brHyWvgpump,15,2026-08-28T05:39:09.141746+00:00,AVAILABLE,743,-179,7
fp1sig-0782639a70f32d66ffb90095,Dcgb9pUbXpB5oFFeHAUyTKJ18KEuWYf42brHyWvgpump,20,2026-08-28T05:39:14.141746+00:00,AVAILABLE,743,-179,11
fp1sig-0782639a70f32d66ffb90095,Dcgb9pUbXpB5oFFeHAUyTKJ18KEuWYf42brHyWvgpump,30,2026-08-28T05:39:24.141746+00:00,AVAILABLE,1688,-179,15
fp1sig-0782639a70f32d66ffb90095,Dcgb9pUbXpB5oFFeHAUyTKJ18KEuWYf42brHyWvgpump,45,2026-08-28T05:39:39.141746+00:00,AVAILABLE,3976,-179,19
fp1sig-0782639a70f32d66ffb90095,Dcgb9pUbXpB5oFFeHAUyTKJ18KEuWYf42brHyWvgpump,60,2026-08-28T05:39:54.141746+00:00,AVAILABLE,4601,-179,28
fp1sig-0782639a70f32d66ffb90095,Dcgb9pUbXpB5oFFeHAUyTKJ18KEuWYf42brHyWvgpump,90,2026-08-28T05:40:24.141746+00:00,AVAILABLE,4859,-179,37
fp1sig-0782639a70f32d66ffb90095,Dcgb9pUbXpB5oFFeHAUyTKJ18KEuWYf42brHyWvgpump,120,2026-08-28T05:40:54.141746+00:00,AVAILABLE,4859,-179,47
fp1sig-0782639a70f32d66ffb90095,Dcgb9pUbXpB5oFFeHAUyTKJ18KEuWYf42brHyWvgpump,180,2026-08-28T05:41:54.141746+00:00,AVAILABLE,4859,-179,73
fp1sig-0782639a70f32d66ffb90095,Dcgb9pUbXpB5oFFeHAUyTKJ18KEuWYf42brHyWvgpump,300,2026-08-28T05:43:54.141746+00:00,AVAILABLE,6431,-179,105
fp1sig-079caab6c783e4863c83e327,EjoDrZUYKAPHtTKp4zk6xSpfASud9URdFWSr8Jkpump,5,2026-08-28T11:33:45.553824+00:00,AVAILABLE,-4882,-4882,1
fp1sig-079caab6c783e4863c83e327,EjoDrZUYKAPHtTKp4zk6xSpfASud9URdFWSr8Jkpump,10,2026-08-28T11:33:50.553824+00:00,AVAILABLE,-4882,-5146,2
fp1sig-079caab6c783e4863c83e327,EjoDrZUYKAPHtTKp4zk6xSpfASud9URdFWSr8Jkpump,15,2026-08-28T11:33:55.553824+00:00,AVAILABLE,-4882,-5896,3
fp1sig-079caab6c783e4863c83e327,EjoDrZUYKAPHtTKp4zk6xSpfASud9URdFWSr8Jkpump,20,2026-08-28T11:34:00.553824+00:00,AVAILABLE,-4882,-5896,3
fp1sig-079caab6c783e4863c83e327,EjoDrZUYKAPHtTKp4zk6xSpfASud9URdFWSr8Jkpump,30,2026-08-28T11:34:10.553824+00:00,AVAILABLE,-4882,-5896,3
fp1sig-079caab6c783e4863c83e327,EjoDrZUYKAPHtTKp4zk6xSpfASud9URdFWSr8Jkpump,45,2026-08-28T11:34:25.553824+00:00,AVAILABLE,-4882,-5899,4
fp1sig-079caab6c783e4863c83e327,EjoDrZUYKAPHtTKp4zk6xSpfASud9URdFWSr8Jkpump,60,2026-08-28T11:34:40.553824+00:00,AVAILABLE,-4882,-5899,4
fp1sig-079caab6c783e4863c83e327,EjoDrZUYKAPHtTKp4zk6xSpfASud9URdFWSr8Jkpump,90,2026-08-28T11:35:10.553824+00:00,AVAILABLE,-4882,-5899,4
fp1sig-079caab6c783e4863c83e327,EjoDrZUYKAPHtTKp4zk6xSpfASud9URdFWSr8Jkpump,120,2026-08-28T11:35:40.553824+00:00,AVAILABLE,-4882,-5899,4
fp1sig-079caab6c783e4863c83e327,EjoDrZUYKAPHtTKp4zk6xSpfASud9URdFWSr8Jkpump,180,2026-08-28T11:36:40.553824+00:00,AVAILABLE,-4882,-5924,5
fp1sig-079caab6c783e4863c83e327,EjoDrZUYKAPHtTKp4zk6xSpfASud9URdFWSr8Jkpump,300,2026-08-28T11:38:40.553824+00:00,AVAILABLE,-4882,-5924,5
fp1sig-07b051606af44970a1878017,8skFfrmeFXjTSqK5K3kBARW21qv8XCs5SuLybojhpump,5,2026-08-27T14:31:34.478356+00:00,MISSING,,,0
fp1sig-07b051606af44970a1878017,8skFfrmeFXjTSqK5K3kBARW21qv8XCs5SuLybojhpump,10,2026-08-27T14:31:39.478356+00:00,MISSING,,,0
fp1sig-07b051606af44970a1878017,8skFfrmeFXjTSqK5K3kBARW21qv8XCs5SuLybojhpump,15,2026-08-27T14:31:44.478356+00:00,MISSING,,,0
fp1sig-07b051606af44970a1878017,8skFfrmeFXjTSqK5K3kBARW21qv8XCs5SuLybojhpump,20,2026-08-27T14:31:49.478356+00:00,MISSING,,,0
fp1sig-07b051606af44970a1878017,8skFfrmeFXjTSqK5K3kBARW21qv8XCs5SuLybojhpump,30,2026-08-27T14:31:59.478356+00:00,AVAILABLE,774,774,1
fp1sig-07b051606af44970a1878017,8skFfrmeFXjTSqK5K3kBARW21qv8XCs5SuLybojhpump,45,2026-08-27T14:32:14.478356+00:00,AVAILABLE,774,774,1
fp1sig-07b051606af44970a1878017,8skFfrmeFXjTSqK5K3kBARW21qv8XCs5SuLybojhpump,60,2026-08-27T14:32:29.478356+00:00,AVAILABLE,774,-3140,7
fp1sig-07b051606af44970a1878017,8skFfrmeFXjTSqK5K3kBARW21qv8XCs5SuLybojhpump,90,2026-08-27T14:32:59.478356+00:00,AVAILABLE,774,-3140,11
fp1sig-07b051606af44970a1878017,8skFfrmeFXjTSqK5K3kBARW21qv8XCs5SuLybojhpump,120,2026-08-27T14:33:29.478356+00:00,AVAILABLE,774,-3140,12
fp1sig-07b051606af44970a1878017,8skFfrmeFXjTSqK5K3kBARW21qv8XCs5SuLybojhpump,180,2026-08-27T14:34:29.478356+00:00,AVAILABLE,774,-3140,13
fp1sig-07b051606af44970a1878017,8skFfrmeFXjTSqK5K3kBARW21qv8XCs5SuLybojhpump,300,2026-08-27T14:36:29.478356+00:00,AVAILABLE,774,-3140,14
fp1sig-08986970cc182e3bf94a01a7,8egFRKX2FkaCGQsypX8Wp8YMZ727LhD1iN1VxyyVpump,5,2026-08-28T03:09:28.160050+00:00,AVAILABLE,1005,-672,8
fp1sig-08986970cc182e3bf94a01a7,8egFRKX2FkaCGQsypX8Wp8YMZ727LhD1iN1VxyyVpump,10,2026-08-28T03:09:33.160050+00:00,AVAILABLE,1005,-1114,15
fp1sig-08986970cc182e3bf94a01a7,8egFRKX2FkaCGQsypX8Wp8YMZ727LhD1iN1VxyyVpump,15,2026-08-28T03:09:38.160050+00:00,AVAILABLE,1005,-1167,19
fp1sig-08986970cc182e3bf94a01a7,8egFRKX2FkaCGQsypX8Wp8YMZ727LhD1iN1VxyyVpump,20,2026-08-28T03:09:43.160050+00:00,AVAILABLE,1005,-1204,20
fp1sig-08986970cc182e3bf94a01a7,8egFRKX2FkaCGQsypX8Wp8YMZ727LhD1iN1VxyyVpump,30,2026-08-28T03:09:53.160050+00:00,AVAILABLE,1005,-1319,26
fp1sig-08986970cc182e3bf94a01a7,8egFRKX2FkaCGQsypX8Wp8YMZ727LhD1iN1VxyyVpump,45,2026-08-28T03:10:08.160050+00:00,AVAILABLE,1005,-1319,33
fp1sig-08986970cc182e3bf94a01a7,8egFRKX2FkaCGQsypX8Wp8YMZ727LhD1iN1VxyyVpump,60,2026-08-28T03:10:23.160050+00:00,AVAILABLE,1138,-1319,50
fp1sig-08986970cc182e3bf94a01a7,8egFRKX2FkaCGQsypX8Wp8YMZ727LhD1iN1VxyyVpump,90,2026-08-28T03:10:53.160050+00:00,AVAILABLE,1725,-1319,68
fp1sig-08986970cc182e3bf94a01a7,8egFRKX2FkaCGQsypX8Wp8YMZ727LhD1iN1VxyyVpump,120,2026-08-28T03:11:23.160050+00:00,AVAILABLE,1926,-1319,96
fp1sig-08986970cc182e3bf94a01a7,8egFRKX2FkaCGQsypX8Wp8YMZ727LhD1iN1VxyyVpump,180,2026-08-28T03:12:23.160050+00:00,AVAILABLE,4376,-1319,147
fp1sig-08986970cc182e3bf94a01a7,8egFRKX2FkaCGQsypX8Wp8YMZ727LhD1iN1VxyyVpump,300,2026-08-28T03:14:23.160050+00:00,AVAILABLE,5288,-1319,202
fp1sig-09a3336879df3e871fc206b9,BtmuTHEkEz1JKTtTLAT7sD9iQ7seLiGyi53Q71Aapump,5,2026-08-28T07:15:46.058747+00:00,AVAILABLE,697,-1340,6
fp1sig-09a3336879df3e871fc206b9,BtmuTHEkEz1JKTtTLAT7sD9iQ7seLiGyi53Q71Aapump,10,2026-08-28T07:15:51.058747+00:00,AVAILABLE,697,-2279,9
fp1sig-09a3336879df3e871fc206b9,BtmuTHEkEz1JKTtTLAT7sD9iQ7seLiGyi53Q71Aapump,15,2026-08-28T07:15:56.058747+00:00,AVAILABLE,697,-4200,13
fp1sig-09a3336879df3e871fc206b9,BtmuTHEkEz1JKTtTLAT7sD9iQ7seLiGyi53Q71Aapump,20,2026-08-28T07:16:01.058747+00:00,AVAILABLE,697,-5464,15
fp1sig-09a3336879df3e871fc206b9,BtmuTHEkEz1JKTtTLAT7sD9iQ7seLiGyi53Q71Aapump,30,2026-08-28T07:16:11.058747+00:00,AVAILABLE,697,-5766,22
fp1sig-09a3336879df3e871fc206b9,BtmuTHEkEz1JKTtTLAT7sD9iQ7seLiGyi53Q71Aapump,45,2026-08-28T07:16:26.058747+00:00,AVAILABLE,697,-8120,27
fp1sig-09a3336879df3e871fc206b9,BtmuTHEkEz1JKTtTLAT7sD9iQ7seLiGyi53Q71Aapump,60,2026-08-28T07:16:41.058747+00:00,AVAILABLE,697,-8380,42
fp1sig-09a3336879df3e871fc206b9,BtmuTHEkEz1JKTtTLAT7sD9iQ7seLiGyi53Q71Aapump,90,2026-08-28T07:17:11.058747+00:00,AVAILABLE,697,-8838,46
fp1sig-09a3336879df3e871fc206b9,BtmuTHEkEz1JKTtTLAT7sD9iQ7seLiGyi53Q71Aapump,120,2026-08-28T07:17:41.058747+00:00,AVAILABLE,697,-8863,47
fp1sig-09a3336879df3e871fc206b9,BtmuTHEkEz1JKTtTLAT7sD9iQ7seLiGyi53Q71Aapump,180,2026-08-28T07:18:41.058747+00:00,AVAILABLE,697,-8863,47
fp1sig-09a3336879df3e871fc206b9,BtmuTHEkEz1JKTtTLAT7sD9iQ7seLiGyi53Q71Aapump,300,2026-08-28T07:20:41.058747+00:00,AVAILABLE,697,-8863,47
fp1sig-09c49428b0ba27fc229dd6a5,FWe3E3TNq1nBquUtijursGsyoBBeGQWG3dkiXS23pump,5,2026-08-28T07:22:26.332182+00:00,AVAILABLE,-2042,-7409,9
fp1sig-09c49428b0ba27fc229dd6a5,FWe3E3TNq1nBquUtijursGsyoBBeGQWG3dkiXS23pump,10,2026-08-28T07:22:31.332182+00:00,AVAILABLE,-2042,-7409,12
fp1sig-09c49428b0ba27fc229dd6a5,FWe3E3TNq1nBquUtijursGsyoBBeGQWG3dkiXS23pump,15,2026-08-28T07:22:36.332182+00:00,AVAILABLE,-2042,-7409,12
fp1sig-09c49428b0ba27fc229dd6a5,FWe3E3TNq1nBquUtijursGsyoBBeGQWG3dkiXS23pump,20,2026-08-28T07:22:41.332182+00:00,AVAILABLE,-1721,-7409,18
fp1sig-09c49428b0ba27fc229dd6a5,FWe3E3TNq1nBquUtijursGsyoBBeGQWG3dkiXS23pump,30,2026-08-28T07:22:51.332182+00:00,AVAILABLE,-1721,-7409,18
fp1sig-09c49428b0ba27fc229dd6a5,FWe3E3TNq1nBquUtijursGsyoBBeGQWG3dkiXS23pump,45,2026-08-28T07:23:06.332182+00:00,AVAILABLE,-1721,-7409,18
fp1sig-09c49428b0ba27fc229dd6a5,FWe3E3TNq1nBquUtijursGsyoBBeGQWG3dkiXS23pump,60,2026-08-28T07:23:21.332182+00:00,AVAILABLE,-1721,-7409,18
fp1sig-09c49428b0ba27fc229dd6a5,FWe3E3TNq1nBquUtijursGsyoBBeGQWG3dkiXS23pump,90,2026-08-28T07:23:51.332182+00:00,AVAILABLE,-1721,-7409,18
fp1sig-09c49428b0ba27fc229dd6a5,FWe3E3TNq1nBquUtijursGsyoBBeGQWG3dkiXS23pump,120,2026-08-28T07:24:21.332182+00:00,AVAILABLE,-1721,-7409,18
fp1sig-09c49428b0ba27fc229dd6a5,FWe3E3TNq1nBquUtijursGsyoBBeGQWG3dkiXS23pump,180,2026-08-28T07:25:21.332182+00:00,AVAILABLE,-1721,-7409,18
fp1sig-09c49428b0ba27fc229dd6a5,FWe3E3TNq1nBquUtijursGsyoBBeGQWG3dkiXS23pump,300,2026-08-28T07:27:21.332182+00:00,AVAILABLE,-1721,-7409,18
fp1sig-09d8da9528bfd6b44bd67ef2,cAJyZLNWgWtjSoMD56uUyayokUt3kduMzhQGsGvWs4F,5,2026-08-28T02:49:05.914970+00:00,AVAILABLE,-413,-1104,3
fp1sig-09d8da9528bfd6b44bd67ef2,cAJyZLNWgWtjSoMD56uUyayokUt3kduMzhQGsGvWs4F,10,2026-08-28T02:49:10.914970+00:00,AVAILABLE,-413,-1104,5
fp1sig-09d8da9528bfd6b44bd67ef2,cAJyZLNWgWtjSoMD56uUyayokUt3kduMzhQGsGvWs4F,15,2026-08-28T02:49:15.914970+00:00,AVAILABLE,-413,-1122,7
fp1sig-09d8da9528bfd6b44bd67ef2,cAJyZLNWgWtjSoMD56uUyayokUt3kduMzhQGsGvWs4F,20,2026-08-28T02:49:20.914970+00:00,AVAILABLE,-413,-1122,7
fp1sig-09d8da9528bfd6b44bd67ef2,cAJyZLNWgWtjSoMD56uUyayokUt3kduMzhQGsGvWs4F,30,2026-08-28T02:49:30.914970+00:00,AVAILABLE,-413,-1122,7
fp1sig-09d8da9528bfd6b44bd67ef2,cAJyZLNWgWtjSoMD56uUyayokUt3kduMzhQGsGvWs4F,45,2026-08-28T02:49:45.914970+00:00,AVAILABLE,-413,-1122,7
fp1sig-09d8da9528bfd6b44bd67ef2,cAJyZLNWgWtjSoMD56uUyayokUt3kduMzhQGsGvWs4F,60,2026-08-28T02:50:00.914970+00:00,AVAILABLE,-413,-1122,8
fp1sig-09d8da9528bfd6b44bd67ef2,cAJyZLNWgWtjSoMD56uUyayokUt3kduMzhQGsGvWs4F,90,2026-08-28T02:50:30.914970+00:00,AVAILABLE,-413,-1122,9
fp1sig-09d8da9528bfd6b44bd67ef2,cAJyZLNWgWtjSoMD56uUyayokUt3kduMzhQGsGvWs4F,120,2026-08-28T02:51:00.914970+00:00,AVAILABLE,-413,-1122,10
fp1sig-09d8da9528bfd6b44bd67ef2,cAJyZLNWgWtjSoMD56uUyayokUt3kduMzhQGsGvWs4F,180,2026-08-28T02:52:00.914970+00:00,AVAILABLE,-413,-1122,10
fp1sig-09d8da9528bfd6b44bd67ef2,cAJyZLNWgWtjSoMD56uUyayokUt3kduMzhQGsGvWs4F,300,2026-08-28T02:54:00.914970+00:00,AVAILABLE,-413,-1498,11
fp1sig-0a0ccce9a93865fcf66a0666,2GJeproPabfJwAkqQSxW821pGS3u9haeYB69TFjDpump,5,2026-08-28T05:39:05.338829+00:00,AVAILABLE,754,754,1
fp1sig-0a0ccce9a93865fcf66a0666,2GJeproPabfJwAkqQSxW821pGS3u9haeYB69TFjDpump,10,2026-08-28T05:39:10.338829+00:00,AVAILABLE,754,297,3
fp1sig-0a0ccce9a93865fcf66a0666,2GJeproPabfJwAkqQSxW821pGS3u9haeYB69TFjDpump,15,2026-08-28T05:39:15.338829+00:00,AVAILABLE,754,297,4
fp1sig-0a0ccce9a93865fcf66a0666,2GJeproPabfJwAkqQSxW821pGS3u9haeYB69TFjDpump,20,2026-08-28T05:39:20.338829+00:00,AVAILABLE,1467,297,7
fp1sig-0a0ccce9a93865fcf66a0666,2GJeproPabfJwAkqQSxW821pGS3u9haeYB69TFjDpump,30,2026-08-28T05:39:30.338829+00:00,AVAILABLE,2055,297,10
fp1sig-0a0ccce9a93865fcf66a0666,2GJeproPabfJwAkqQSxW821pGS3u9haeYB69TFjDpump,45,2026-08-28T05:39:45.338829+00:00,AVAILABLE,2121,297,12
fp1sig-0a0ccce9a93865fcf66a0666,2GJeproPabfJwAkqQSxW821pGS3u9haeYB69TFjDpump,60,2026-08-28T05:40:00.338829+00:00,AVAILABLE,2239,297,13
fp1sig-0a0ccce9a93865fcf66a0666,2GJeproPabfJwAkqQSxW821pGS3u9haeYB69TFjDpump,90,2026-08-28T05:40:30.338829+00:00,AVAILABLE,2239,297,14
fp1sig-0a0ccce9a93865fcf66a0666,2GJeproPabfJwAkqQSxW821pGS3u9haeYB69TFjDpump,120,2026-08-28T05:41:00.338829+00:00,AVAILABLE,2239,297,14
fp1sig-0a0ccce9a93865fcf66a0666,2GJeproPabfJwAkqQSxW821pGS3u9haeYB69TFjDpump,180,2026-08-28T05:42:00.338829+00:00,AVAILABLE,2239,297,14
fp1sig-0a0ccce9a93865fcf66a0666,2GJeproPabfJwAkqQSxW821pGS3u9haeYB69TFjDpump,300,2026-08-28T05:44:00.338829+00:00,AVAILABLE,2239,297,14
fp1sig-0a3f8a5e539b0ed65c978bec,5BoetSFL5uAMA7He9k2L818T16BVnSY6eSR8984Qpump,5,2026-08-28T02:26:22.817741+00:00,MISSING,,,0
fp1sig-0a3f8a5e539b0ed65c978bec,5BoetSFL5uAMA7He9k2L818T16BVnSY6eSR8984Qpump,10,2026-08-28T02:26:27.817741+00:00,MISSING,,,0
fp1sig-0a3f8a5e539b0ed65c978bec,5BoetSFL5uAMA7He9k2L818T16BVnSY6eSR8984Qpump,15,2026-08-28T02:26:32.817741+00:00,AVAILABLE,1226,1226,1
fp1sig-0a3f8a5e539b0ed65c978bec,5BoetSFL5uAMA7He9k2L818T16BVnSY6eSR8984Qpump,20,2026-08-28T02:26:37.817741+00:00,AVAILABLE,1226,-1358,2
fp1sig-0a3f8a5e539b0ed65c978bec,5BoetSFL5uAMA7He9k2L818T16BVnSY6eSR8984Qpump,30,2026-08-28T02:26:47.817741+00:00,AVAILABLE,1226,-1928,4
fp1sig-0a3f8a5e539b0ed65c978bec,5BoetSFL5uAMA7He9k2L818T16BVnSY6eSR8984Qpump,45,2026-08-28T02:27:02.817741+00:00,AVAILABLE,1226,-1928,5
fp1sig-0a3f8a5e539b0ed65c978bec,5BoetSFL5uAMA7He9k2L818T16BVnSY6eSR8984Qpump,60,2026-08-28T02:27:17.817741+00:00,AVAILABLE,1226,-2087,8
fp1sig-0a3f8a5e539b0ed65c978bec,5BoetSFL5uAMA7He9k2L818T16BVnSY6eSR8984Qpump,90,2026-08-28T02:27:47.817741+00:00,AVAILABLE,1226,-3919,11
fp1sig-0a3f8a5e539b0ed65c978bec,5BoetSFL5uAMA7He9k2L818T16BVnSY6eSR8984Qpump,120,2026-08-28T02:28:17.817741+00:00,AVAILABLE,1226,-5577,13
fp1sig-0a3f8a5e539b0ed65c978bec,5BoetSFL5uAMA7He9k2L818T16BVnSY6eSR8984Qpump,180,2026-08-28T02:29:17.817741+00:00,AVAILABLE,1226,-6180,14
fp1sig-0a3f8a5e539b0ed65c978bec,5BoetSFL5uAMA7He9k2L818T16BVnSY6eSR8984Qpump,300,2026-08-28T02:31:17.817741+00:00,AVAILABLE,1226,-7356,18
fp1sig-0a8bd43ff970eaf89ea63e2e,iUSHcbsEReyVkFSTmMDVVSCMDKnruaWGkFzhdnapump,5,2026-08-28T03:30:12.424307+00:00,MISSING,,,0
fp1sig-0a8bd43ff970eaf89ea63e2e,iUSHcbsEReyVkFSTmMDVVSCMDKnruaWGkFzhdnapump,10,2026-08-28T03:30:17.424307+00:00,MISSING,,,0
fp1sig-0a8bd43ff970eaf89ea63e2e,iUSHcbsEReyVkFSTmMDVVSCMDKnruaWGkFzhdnapump,15,2026-08-28T03:30:22.424307+00:00,MISSING,,,0
fp1sig-0a8bd43ff970eaf89ea63e2e,iUSHcbsEReyVkFSTmMDVVSCMDKnruaWGkFzhdnapump,20,2026-08-28T03:30:27.424307+00:00,MISSING,,,0
fp1sig-0a8bd43ff970eaf89ea63e2e,iUSHcbsEReyVkFSTmMDVVSCMDKnruaWGkFzhdnapump,30,2026-08-28T03:30:37.424307+00:00,MISSING,,,0
fp1sig-0a8bd43ff970eaf89ea63e2e,iUSHcbsEReyVkFSTmMDVVSCMDKnruaWGkFzhdnapump,45,2026-08-28T03:30:52.424307+00:00,MISSING,,,0
fp1sig-0a8bd43ff970eaf89ea63e2e,iUSHcbsEReyVkFSTmMDVVSCMDKnruaWGkFzhdnapump,60,2026-08-28T03:31:07.424307+00:00,MISSING,,,0
fp1sig-0a8bd43ff970eaf89ea63e2e,iUSHcbsEReyVkFSTmMDVVSCMDKnruaWGkFzhdnapump,90,2026-08-28T03:31:37.424307+00:00,MISSING,,,0
fp1sig-0a8bd43ff970eaf89ea63e2e,iUSHcbsEReyVkFSTmMDVVSCMDKnruaWGkFzhdnapump,120,2026-08-28T03:32:07.424307+00:00,MISSING,,,0
fp1sig-0a8bd43ff970eaf89ea63e2e,iUSHcbsEReyVkFSTmMDVVSCMDKnruaWGkFzhdnapump,180,2026-08-28T03:33:07.424307+00:00,MISSING,,,0
fp1sig-0a8bd43ff970eaf89ea63e2e,iUSHcbsEReyVkFSTmMDVVSCMDKnruaWGkFzhdnapump,300,2026-08-28T03:35:07.424307+00:00,MISSING,,,0
fp1sig-0ad0128b7df1f1f92d2972d6,2JVEmhvMfiqpr3947GsoA55BqM2tFQgSaidS1iEdpump,5,2026-08-27T23:40:34.888011+00:00,MISSING,,,0
fp1sig-0ad0128b7df1f1f92d2972d6,2JVEmhvMfiqpr3947GsoA55BqM2tFQgSaidS1iEdpump,10,2026-08-27T23:40:39.888011+00:00,MISSING,,,0
fp1sig-0ad0128b7df1f1f92d2972d6,2JVEmhvMfiqpr3947GsoA55BqM2tFQgSaidS1iEdpump,15,2026-08-27T23:40:44.888011+00:00,MISSING,,,0
fp1sig-0ad0128b7df1f1f92d2972d6,2JVEmhvMfiqpr3947GsoA55BqM2tFQgSaidS1iEdpump,20,2026-08-27T23:40:49.888011+00:00,MISSING,,,0
fp1sig-0ad0128b7df1f1f92d2972d6,2JVEmhvMfiqpr3947GsoA55BqM2tFQgSaidS1iEdpump,30,2026-08-27T23:40:59.888011+00:00,MISSING,,,0
fp1sig-0ad0128b7df1f1f92d2972d6,2JVEmhvMfiqpr3947GsoA55BqM2tFQgSaidS1iEdpump,45,2026-08-27T23:41:14.888011+00:00,AVAILABLE,1364,1144,4
fp1sig-0ad0128b7df1f1f92d2972d6,2JVEmhvMfiqpr3947GsoA55BqM2tFQgSaidS1iEdpump,60,2026-08-27T23:41:29.888011+00:00,AVAILABLE,1364,1144,4
fp1sig-0ad0128b7df1f1f92d2972d6,2JVEmhvMfiqpr3947GsoA55BqM2tFQgSaidS1iEdpump,90,2026-08-27T23:41:59.888011+00:00,AVAILABLE,1364,-642,9
fp1sig-0ad0128b7df1f1f92d2972d6,2JVEmhvMfiqpr3947GsoA55BqM2tFQgSaidS1iEdpump,120,2026-08-27T23:42:29.888011+00:00,AVAILABLE,1364,-2022,16
fp1sig-0ad0128b7df1f1f92d2972d6,2JVEmhvMfiqpr3947GsoA55BqM2tFQgSaidS1iEdpump,180,2026-08-27T23:43:29.888011+00:00,AVAILABLE,1364,-2022,16
fp1sig-0ad0128b7df1f1f92d2972d6,2JVEmhvMfiqpr3947GsoA55BqM2tFQgSaidS1iEdpump,300,2026-08-27T23:45:29.888011+00:00,AVAILABLE,1364,-2022,16
fp1sig-0af5a715e56bb69e76cb7a04,2TdHmHBoUVwAeUygtiiCgjizdDUaAuC1e4BMK9dapump,5,2026-08-28T02:38:34.176308+00:00,AVAILABLE,720,-269,8
fp1sig-0af5a715e56bb69e76cb7a04,2TdHmHBoUVwAeUygtiiCgjizdDUaAuC1e4BMK9dapump,10,2026-08-28T02:38:39.176308+00:00,AVAILABLE,720,-535,11
fp1sig-0af5a715e56bb69e76cb7a04,2TdHmHBoUVwAeUygtiiCgjizdDUaAuC1e4BMK9dapump,15,2026-08-28T02:38:44.176308+00:00,AVAILABLE,720,-790,12
fp1sig-0af5a715e56bb69e76cb7a04,2TdHmHBoUVwAeUygtiiCgjizdDUaAuC1e4BMK9dapump,20,2026-08-28T02:38:49.176308+00:00,AVAILABLE,720,-790,12
fp1sig-0af5a715e56bb69e76cb7a04,2TdHmHBoUVwAeUygtiiCgjizdDUaAuC1e4BMK9dapump,30,2026-08-28T02:38:59.176308+00:00,AVAILABLE,720,-1349,18
fp1sig-0af5a715e56bb69e76cb7a04,2TdHmHBoUVwAeUygtiiCgjizdDUaAuC1e4BMK9dapump,45,2026-08-28T02:39:14.176308+00:00,AVAILABLE,720,-2755,23
fp1sig-0af5a715e56bb69e76cb7a04,2TdHmHBoUVwAeUygtiiCgjizdDUaAuC1e4BMK9dapump,60,2026-08-28T02:39:29.176308+00:00,AVAILABLE,720,-2755,43
fp1sig-0af5a715e56bb69e76cb7a04,2TdHmHBoUVwAeUygtiiCgjizdDUaAuC1e4BMK9dapump,90,2026-08-28T02:39:59.176308+00:00,AVAILABLE,5284,-2755,64
fp1sig-0af5a715e56bb69e76cb7a04,2TdHmHBoUVwAeUygtiiCgjizdDUaAuC1e4BMK9dapump,120,2026-08-28T02:40:29.176308+00:00,AVAILABLE,8438,-2755,81
fp1sig-0af5a715e56bb69e76cb7a04,2TdHmHBoUVwAeUygtiiCgjizdDUaAuC1e4BMK9dapump,180,2026-08-28T02:41:29.176308+00:00,AVAILABLE,8438,-2755,113
fp1sig-0af5a715e56bb69e76cb7a04,2TdHmHBoUVwAeUygtiiCgjizdDUaAuC1e4BMK9dapump,300,2026-08-28T02:43:29.176308+00:00,AVAILABLE,8781,-2755,130
fp1sig-0b6723c8737f620906ef4b55,9QXWmmEsPvmTBZCSi9kxYrRqqbgbuhXpKR3XbTyVpump,5,2026-08-27T19:53:43.929491+00:00,AVAILABLE,729,729,1
fp1sig-0b6723c8737f620906ef4b55,9QXWmmEsPvmTBZCSi9kxYrRqqbgbuhXpKR3XbTyVpump,10,2026-08-27T19:53:48.929491+00:00,AVAILABLE,729,729,1
fp1sig-0b6723c8737f620906ef4b55,9QXWmmEsPvmTBZCSi9kxYrRqqbgbuhXpKR3XbTyVpump,15,2026-08-27T19:53:53.929491+00:00,AVAILABLE,729,5,2
fp1sig-0b6723c8737f620906ef4b55,9QXWmmEsPvmTBZCSi9kxYrRqqbgbuhXpKR3XbTyVpump,20,2026-08-27T19:53:58.929491+00:00,AVAILABLE,729,5,2
fp1sig-0b6723c8737f620906ef4b55,9QXWmmEsPvmTBZCSi9kxYrRqqbgbuhXpKR3XbTyVpump,30,2026-08-27T19:54:08.929491+00:00,AVAILABLE,729,-3070,4
fp1sig-0b6723c8737f620906ef4b55,9QXWmmEsPvmTBZCSi9kxYrRqqbgbuhXpKR3XbTyVpump,45,2026-08-27T19:54:23.929491+00:00,AVAILABLE,729,-3070,5
fp1sig-0b6723c8737f620906ef4b55,9QXWmmEsPvmTBZCSi9kxYrRqqbgbuhXpKR3XbTyVpump,60,2026-08-27T19:54:38.929491+00:00,AVAILABLE,2040,-3070,7
fp1sig-0b6723c8737f620906ef4b55,9QXWmmEsPvmTBZCSi9kxYrRqqbgbuhXpKR3XbTyVpump,90,2026-08-27T19:55:08.929491+00:00,AVAILABLE,5628,-3070,10
fp1sig-0b6723c8737f620906ef4b55,9QXWmmEsPvmTBZCSi9kxYrRqqbgbuhXpKR3XbTyVpump,120,2026-08-27T19:55:38.929491+00:00,AVAILABLE,18880,-3070,13
fp1sig-0b6723c8737f620906ef4b55,9QXWmmEsPvmTBZCSi9kxYrRqqbgbuhXpKR3XbTyVpump,180,2026-08-27T19:56:38.929491+00:00,AVAILABLE,18880,-3070,16
fp1sig-0b6723c8737f620906ef4b55,9QXWmmEsPvmTBZCSi9kxYrRqqbgbuhXpKR3XbTyVpump,300,2026-08-27T19:58:38.929491+00:00,AVAILABLE,18880,-3070,20
fp1sig-0ba5b230341673a525e16c15,3xhxtZaddzyzYQwaiemb53S51o49agPd7z84f5zapump,5,2026-08-28T10:54:52.603657+00:00,AVAILABLE,-2575,-2575,1
fp1sig-0ba5b230341673a525e16c15,3xhxtZaddzyzYQwaiemb53S51o49agPd7z84f5zapump,10,2026-08-28T10:54:57.603657+00:00,AVAILABLE,-1685,-3977,3
fp1sig-0ba5b230341673a525e16c15,3xhxtZaddzyzYQwaiemb53S51o49agPd7z84f5zapump,15,2026-08-28T10:55:02.603657+00:00,AVAILABLE,-1685,-4935,4
fp1sig-0ba5b230341673a525e16c15,3xhxtZaddzyzYQwaiemb53S51o49agPd7z84f5zapump,20,2026-08-28T10:55:07.603657+00:00,AVAILABLE,-1685,-5767,8
fp1sig-0ba5b230341673a525e16c15,3xhxtZaddzyzYQwaiemb53S51o49agPd7z84f5zapump,30,2026-08-28T10:55:17.603657+00:00,AVAILABLE,-1685,-5767,10
fp1sig-0ba5b230341673a525e16c15,3xhxtZaddzyzYQwaiemb53S51o49agPd7z84f5zapump,45,2026-08-28T10:55:32.603657+00:00,AVAILABLE,-1685,-5767,14
fp1sig-0ba5b230341673a525e16c15,3xhxtZaddzyzYQwaiemb53S51o49agPd7z84f5zapump,60,2026-08-28T10:55:47.603657+00:00,AVAILABLE,-1685,-6239,18
fp1sig-0ba5b230341673a525e16c15,3xhxtZaddzyzYQwaiemb53S51o49agPd7z84f5zapump,90,2026-08-28T10:56:17.603657+00:00,AVAILABLE,-1685,-6239,25
fp1sig-0ba5b230341673a525e16c15,3xhxtZaddzyzYQwaiemb53S51o49agPd7z84f5zapump,120,2026-08-28T10:56:47.603657+00:00,AVAILABLE,-1685,-6239,27
fp1sig-0ba5b230341673a525e16c15,3xhxtZaddzyzYQwaiemb53S51o49agPd7z84f5zapump,180,2026-08-28T10:57:47.603657+00:00,AVAILABLE,-1685,-6239,29
fp1sig-0ba5b230341673a525e16c15,3xhxtZaddzyzYQwaiemb53S51o49agPd7z84f5zapump,300,2026-08-28T10:59:47.603657+00:00,AVAILABLE,-1685,-6239,30
fp1sig-0bf2f9de5395b763a6a607b9,HrPitt5yK5KrTdJLEuE3BnTEmvSaCRmZzrQXd2gDpump,5,2026-08-28T02:59:50.070836+00:00,AVAILABLE,247,-526,5
fp1sig-0bf2f9de5395b763a6a607b9,HrPitt5yK5KrTdJLEuE3BnTEmvSaCRmZzrQXd2gDpump,10,2026-08-28T02:59:55.070836+00:00,AVAILABLE,247,-888,7
fp1sig-0bf2f9de5395b763a6a607b9,HrPitt5yK5KrTdJLEuE3BnTEmvSaCRmZzrQXd2gDpump,15,2026-08-28T03:00:00.070836+00:00,AVAILABLE,247,-888,7
fp1sig-0bf2f9de5395b763a6a607b9,HrPitt5yK5KrTdJLEuE3BnTEmvSaCRmZzrQXd2gDpump,20,2026-08-28T03:00:05.070836+00:00,AVAILABLE,247,-888,7
fp1sig-0bf2f9de5395b763a6a607b9,HrPitt5yK5KrTdJLEuE3BnTEmvSaCRmZzrQXd2gDpump,30,2026-08-28T03:00:15.070836+00:00,AVAILABLE,247,-1228,14
fp1sig-0bf2f9de5395b763a6a607b9,HrPitt5yK5KrTdJLEuE3BnTEmvSaCRmZzrQXd2gDpump,45,2026-08-28T03:00:30.070836+00:00,AVAILABLE,247,-1533,17
fp1sig-0bf2f9de5395b763a6a607b9,HrPitt5yK5KrTdJLEuE3BnTEmvSaCRmZzrQXd2gDpump,60,2026-08-28T03:00:45.070836+00:00,AVAILABLE,247,-1533,17
fp1sig-0bf2f9de5395b763a6a607b9,HrPitt5yK5KrTdJLEuE3BnTEmvSaCRmZzrQXd2gDpump,90,2026-08-28T03:01:15.070836+00:00,AVAILABLE,247,-1836,21
fp1sig-0bf2f9de5395b763a6a607b9,HrPitt5yK5KrTdJLEuE3BnTEmvSaCRmZzrQXd2gDpump,120,2026-08-28T03:01:45.070836+00:00,AVAILABLE,247,-2218,26
fp1sig-0bf2f9de5395b763a6a607b9,HrPitt5yK5KrTdJLEuE3BnTEmvSaCRmZzrQXd2gDpump,180,2026-08-28T03:02:45.070836+00:00,AVAILABLE,247,-2218,26
fp1sig-0bf2f9de5395b763a6a607b9,HrPitt5yK5KrTdJLEuE3BnTEmvSaCRmZzrQXd2gDpump,300,2026-08-28T03:04:45.070836+00:00,AVAILABLE,247,-2256,27
fp1sig-0bf9d366b7484f28fab545fa,Bp6DrftWRYM4Lnqkks1r6mx6Sr72ZKDHqH4uGnQ6pump,5,2026-08-27T14:58:52.961424+00:00,AVAILABLE,-1354,-1422,2
fp1sig-0bf9d366b7484f28fab545fa,Bp6DrftWRYM4Lnqkks1r6mx6Sr72ZKDHqH4uGnQ6pump,10,2026-08-27T14:58:57.961424+00:00,AVAILABLE,-1354,-1422,2
fp1sig-0bf9d366b7484f28fab545fa,Bp6DrftWRYM4Lnqkks1r6mx6Sr72ZKDHqH4uGnQ6pump,15,2026-08-27T14:59:02.961424+00:00,AVAILABLE,-1354,-1422,3
fp1sig-0bf9d366b7484f28fab545fa,Bp6DrftWRYM4Lnqkks1r6mx6Sr72ZKDHqH4uGnQ6pump,20,2026-08-27T14:59:07.961424+00:00,AVAILABLE,-1354,-1422,4
fp1sig-0bf9d366b7484f28fab545fa,Bp6DrftWRYM4Lnqkks1r6mx6Sr72ZKDHqH4uGnQ6pump,30,2026-08-27T14:59:17.961424+00:00,AVAILABLE,-1354,-2644,10
fp1sig-0bf9d366b7484f28fab545fa,Bp6DrftWRYM4Lnqkks1r6mx6Sr72ZKDHqH4uGnQ6pump,45,2026-08-27T14:59:32.961424+00:00,AVAILABLE,-1354,-2707,11
fp1sig-0bf9d366b7484f28fab545fa,Bp6DrftWRYM4Lnqkks1r6mx6Sr72ZKDHqH4uGnQ6pump,60,2026-08-27T14:59:47.961424+00:00,AVAILABLE,-1354,-4177,15
fp1sig-0bf9d366b7484f28fab545fa,Bp6DrftWRYM4Lnqkks1r6mx6Sr72ZKDHqH4uGnQ6pump,90,2026-08-27T15:00:17.961424+00:00,AVAILABLE,-1354,-4550,19
fp1sig-0bf9d366b7484f28fab545fa,Bp6DrftWRYM4Lnqkks1r6mx6Sr72ZKDHqH4uGnQ6pump,120,2026-08-27T15:00:47.961424+00:00,AVAILABLE,-1354,-4550,19
fp1sig-0bf9d366b7484f28fab545fa,Bp6DrftWRYM4Lnqkks1r6mx6Sr72ZKDHqH4uGnQ6pump,180,2026-08-27T15:01:47.961424+00:00,AVAILABLE,-1354,-4550,19
fp1sig-0bf9d366b7484f28fab545fa,Bp6DrftWRYM4Lnqkks1r6mx6Sr72ZKDHqH4uGnQ6pump,300,2026-08-27T15:03:47.961424+00:00,AVAILABLE,-1354,-4550,19
fp1sig-0c0a7a32bbe74a2f8fae46f0,Bs4omLPnNw1YjjTBE9wwfWrBBmpCdGoLyQVsdi9fpump,5,2026-08-28T02:58:20.005415+00:00,AVAILABLE,94,94,1
fp1sig-0c0a7a32bbe74a2f8fae46f0,Bs4omLPnNw1YjjTBE9wwfWrBBmpCdGoLyQVsdi9fpump,10,2026-08-28T02:58:25.005415+00:00,AVAILABLE,94,94,1
fp1sig-0c0a7a32bbe74a2f8fae46f0,Bs4omLPnNw1YjjTBE9wwfWrBBmpCdGoLyQVsdi9fpump,15,2026-08-28T02:58:30.005415+00:00,AVAILABLE,94,94,1
fp1sig-0c0a7a32bbe74a2f8fae46f0,Bs4omLPnNw1YjjTBE9wwfWrBBmpCdGoLyQVsdi9fpump,20,2026-08-28T02:58:35.005415+00:00,AVAILABLE,94,94,1
fp1sig-0c0a7a32bbe74a2f8fae46f0,Bs4omLPnNw1YjjTBE9wwfWrBBmpCdGoLyQVsdi9fpump,30,2026-08-28T02:58:45.005415+00:00,AVAILABLE,94,-157,2
fp1sig-0c0a7a32bbe74a2f8fae46f0,Bs4omLPnNw1YjjTBE9wwfWrBBmpCdGoLyQVsdi9fpump,45,2026-08-28T02:59:00.005415+00:00,AVAILABLE,94,-157,2
fp1sig-0c0a7a32bbe74a2f8fae46f0,Bs4omLPnNw1YjjTBE9wwfWrBBmpCdGoLyQVsdi9fpump,60,2026-08-28T02:59:15.005415+00:00,AVAILABLE,94,-157,2
fp1sig-0c0a7a32bbe74a2f8fae46f0,Bs4omLPnNw1YjjTBE9wwfWrBBmpCdGoLyQVsdi9fpump,90,2026-08-28T02:59:45.005415+00:00,AVAILABLE,94,-157,2
fp1sig-0c0a7a32bbe74a2f8fae46f0,Bs4omLPnNw1YjjTBE9wwfWrBBmpCdGoLyQVsdi9fpump,120,2026-08-28T03:00:15.005415+00:00,AVAILABLE,94,-251,3
fp1sig-0c0a7a32bbe74a2f8fae46f0,Bs4omLPnNw1YjjTBE9wwfWrBBmpCdGoLyQVsdi9fpump,180,2026-08-28T03:01:15.005415+00:00,AVAILABLE,94,-251,3
fp1sig-0c0a7a32bbe74a2f8fae46f0,Bs4omLPnNw1YjjTBE9wwfWrBBmpCdGoLyQVsdi9fpump,300,2026-08-28T03:03:15.005415+00:00,AVAILABLE,94,-4430,7
fp1sig-0c19fbc5c56436db6cd63d2a,CJv4RYsKqsnEoZ8QPDSuWr2UtSZU4gwduu2tCRfEpump,5,2026-08-28T12:15:31.063956+00:00,MISSING,,,0
fp1sig-0c19fbc5c56436db6cd63d2a,CJv4RYsKqsnEoZ8QPDSuWr2UtSZU4gwduu2tCRfEpump,10,2026-08-28T12:15:36.063956+00:00,AVAILABLE,-1544,-1544,1
fp1sig-0c19fbc5c56436db6cd63d2a,CJv4RYsKqsnEoZ8QPDSuWr2UtSZU4gwduu2tCRfEpump,15,2026-08-28T12:15:41.063956+00:00,AVAILABLE,-1544,-1544,1
fp1sig-0c19fbc5c56436db6cd63d2a,CJv4RYsKqsnEoZ8QPDSuWr2UtSZU4gwduu2tCRfEpump,20,2026-08-28T12:15:46.063956+00:00,AVAILABLE,-1544,-2401,2
fp1sig-0c19fbc5c56436db6cd63d2a,CJv4RYsKqsnEoZ8QPDSuWr2UtSZU4gwduu2tCRfEpump,30,2026-08-28T12:15:56.063956+00:00,AVAILABLE,-1544,-3419,3
fp1sig-0c19fbc5c56436db6cd63d2a,CJv4RYsKqsnEoZ8QPDSuWr2UtSZU4gwduu2tCRfEpump,45,2026-08-28T12:16:11.063956+00:00,AVAILABLE,-1544,-4186,4
fp1sig-0c19fbc5c56436db6cd63d2a,CJv4RYsKqsnEoZ8QPDSuWr2UtSZU4gwduu2tCRfEpump,60,2026-08-28T12:16:26.063956+00:00,AVAILABLE,-1544,-7173,6
fp1sig-0c19fbc5c56436db6cd63d2a,CJv4RYsKqsnEoZ8QPDSuWr2UtSZU4gwduu2tCRfEpump,90,2026-08-28T12:16:56.063956+00:00,AVAILABLE,-1544,-7528,7
fp1sig-0c19fbc5c56436db6cd63d2a,CJv4RYsKqsnEoZ8QPDSuWr2UtSZU4gwduu2tCRfEpump,120,2026-08-28T12:17:26.063956+00:00,AVAILABLE,-1544,-8077,12
fp1sig-0c19fbc5c56436db6cd63d2a,CJv4RYsKqsnEoZ8QPDSuWr2UtSZU4gwduu2tCRfEpump,180,2026-08-28T12:18:26.063956+00:00,AVAILABLE,-1544,-8737,23
fp1sig-0c19fbc5c56436db6cd63d2a,CJv4RYsKqsnEoZ8QPDSuWr2UtSZU4gwduu2tCRfEpump,300,2026-08-28T12:20:26.063956+00:00,AVAILABLE,-1544,-8737,33
fp1sig-0c5cb6e1df929338a6674ebf,CX8YYFvQVYHUMahVUkiafd8NgEaTVMhdad6bBqkGpump,5,2026-08-28T02:04:42.783917+00:00,MISSING,,,0
fp1sig-0c5cb6e1df929338a6674ebf,CX8YYFvQVYHUMahVUkiafd8NgEaTVMhdad6bBqkGpump,10,2026-08-28T02:04:47.783917+00:00,AVAILABLE,2423,1432,2
fp1sig-0c5cb6e1df929338a6674ebf,CX8YYFvQVYHUMahVUkiafd8NgEaTVMhdad6bBqkGpump,15,2026-08-28T02:04:52.783917+00:00,AVAILABLE,2423,-2977,4
fp1sig-0c5cb6e1df929338a6674ebf,CX8YYFvQVYHUMahVUkiafd8NgEaTVMhdad6bBqkGpump,20,2026-08-28T02:04:57.783917+00:00,AVAILABLE,2423,-2977,5
fp1sig-0c5cb6e1df929338a6674ebf,CX8YYFvQVYHUMahVUkiafd8NgEaTVMhdad6bBqkGpump,30,2026-08-28T02:05:07.783917+00:00,AVAILABLE,2649,-2977,6
fp1sig-0c5cb6e1df929338a6674ebf,CX8YYFvQVYHUMahVUkiafd8NgEaTVMhdad6bBqkGpump,45,2026-08-28T02:05:22.783917+00:00,AVAILABLE,2649,-2977,10
fp1sig-0c5cb6e1df929338a6674ebf,CX8YYFvQVYHUMahVUkiafd8NgEaTVMhdad6bBqkGpump,60,2026-08-28T02:05:37.783917+00:00,AVAILABLE,4982,-2977,13
fp1sig-0c5cb6e1df929338a6674ebf,CX8YYFvQVYHUMahVUkiafd8NgEaTVMhdad6bBqkGpump,90,2026-08-28T02:06:07.783917+00:00,AVAILABLE,4982,-2977,17
fp1sig-0c5cb6e1df929338a6674ebf,CX8YYFvQVYHUMahVUkiafd8NgEaTVMhdad6bBqkGpump,120,2026-08-28T02:06:37.783917+00:00,AVAILABLE,4982,-4031,20
fp1sig-0c5cb6e1df929338a6674ebf,CX8YYFvQVYHUMahVUkiafd8NgEaTVMhdad6bBqkGpump,180,2026-08-28T02:07:37.783917+00:00,AVAILABLE,4982,-6756,29
fp1sig-0c5cb6e1df929338a6674ebf,CX8YYFvQVYHUMahVUkiafd8NgEaTVMhdad6bBqkGpump,300,2026-08-28T02:09:37.783917+00:00,AVAILABLE,4982,-7944,44
fp1sig-0ca9066e8f459d81c7376fa0,FxCC5VrrSQdxHwYBePwzACMgPkuohKWuZLXJsYQMpump,5,2026-08-28T02:46:00.112628+00:00,AVAILABLE,1588,-333,6
fp1sig-0ca9066e8f459d81c7376fa0,FxCC5VrrSQdxHwYBePwzACMgPkuohKWuZLXJsYQMpump,10,2026-08-28T02:46:05.112628+00:00,AVAILABLE,1588,-333,9
fp1sig-0ca9066e8f459d81c7376fa0,FxCC5VrrSQdxHwYBePwzACMgPkuohKWuZLXJsYQMpump,15,2026-08-28T02:46:10.112628+00:00,AVAILABLE,1588,-333,10
fp1sig-0ca9066e8f459d81c7376fa0,FxCC5VrrSQdxHwYBePwzACMgPkuohKWuZLXJsYQMpump,20,2026-08-28T02:46:15.112628+00:00,AVAILABLE,1588,-333,11
fp1sig-0ca9066e8f459d81c7376fa0,FxCC5VrrSQdxHwYBePwzACMgPkuohKWuZLXJsYQMpump,30,2026-08-28T02:46:25.112628+00:00,AVAILABLE,1588,-333,15
fp1sig-0ca9066e8f459d81c7376fa0,FxCC5VrrSQdxHwYBePwzACMgPkuohKWuZLXJsYQMpump,45,2026-08-28T02:46:40.112628+00:00,AVAILABLE,1588,-669,21
fp1sig-0ca9066e8f459d81c7376fa0,FxCC5VrrSQdxHwYBePwzACMgPkuohKWuZLXJsYQMpump,60,2026-08-28T02:46:55.112628+00:00,AVAILABLE,1588,-1183,30
fp1sig-0ca9066e8f459d81c7376fa0,FxCC5VrrSQdxHwYBePwzACMgPkuohKWuZLXJsYQMpump,90,2026-08-28T02:47:25.112628+00:00,AVAILABLE,2948,-1183,58
fp1sig-0ca9066e8f459d81c7376fa0,FxCC5VrrSQdxHwYBePwzACMgPkuohKWuZLXJsYQMpump,120,2026-08-28T02:47:55.112628+00:00,AVAILABLE,3698,-4100,95
fp1sig-0ca9066e8f459d81c7376fa0,FxCC5VrrSQdxHwYBePwzACMgPkuohKWuZLXJsYQMpump,180,2026-08-28T02:48:55.112628+00:00,AVAILABLE,3698,-4269,107
fp1sig-0ca9066e8f459d81c7376fa0,FxCC5VrrSQdxHwYBePwzACMgPkuohKWuZLXJsYQMpump,300,2026-08-28T02:50:55.112628+00:00,AVAILABLE,3698,-4269,113
fp1sig-0d205147fffdab7dd24667c3,EDEQBFWPQgNMgAZ7Eir6uWkCi7iu3nVrwWTxeC84pump,5,2026-08-28T06:11:06.132298+00:00,MISSING,,,0
fp1sig-0d205147fffdab7dd24667c3,EDEQBFWPQgNMgAZ7Eir6uWkCi7iu3nVrwWTxeC84pump,10,2026-08-28T06:11:11.132298+00:00,MISSING,,,0
fp1sig-0d205147fffdab7dd24667c3,EDEQBFWPQgNMgAZ7Eir6uWkCi7iu3nVrwWTxeC84pump,15,2026-08-28T06:11:16.132298+00:00,MISSING,,,0
fp1sig-0d205147fffdab7dd24667c3,EDEQBFWPQgNMgAZ7Eir6uWkCi7iu3nVrwWTxeC84pump,20,2026-08-28T06:11:21.132298+00:00,MISSING,,,0
fp1sig-0d205147fffdab7dd24667c3,EDEQBFWPQgNMgAZ7Eir6uWkCi7iu3nVrwWTxeC84pump,30,2026-08-28T06:11:31.132298+00:00,MISSING,,,0
fp1sig-0d205147fffdab7dd24667c3,EDEQBFWPQgNMgAZ7Eir6uWkCi7iu3nVrwWTxeC84pump,45,2026-08-28T06:11:46.132298+00:00,AVAILABLE,-3212,-6338,3
fp1sig-0d205147fffdab7dd24667c3,EDEQBFWPQgNMgAZ7Eir6uWkCi7iu3nVrwWTxeC84pump,60,2026-08-28T06:12:01.132298+00:00,AVAILABLE,-3212,-6338,3
fp1sig-0d205147fffdab7dd24667c3,EDEQBFWPQgNMgAZ7Eir6uWkCi7iu3nVrwWTxeC84pump,90,2026-08-28T06:12:31.132298+00:00,AVAILABLE,-3212,-6338,5
fp1sig-0d205147fffdab7dd24667c3,EDEQBFWPQgNMgAZ7Eir6uWkCi7iu3nVrwWTxeC84pump,120,2026-08-28T06:13:01.132298+00:00,AVAILABLE,-3100,-6338,8
fp1sig-0d205147fffdab7dd24667c3,EDEQBFWPQgNMgAZ7Eir6uWkCi7iu3nVrwWTxeC84pump,180,2026-08-28T06:14:01.132298+00:00,AVAILABLE,-3100,-6338,11
fp1sig-0d205147fffdab7dd24667c3,EDEQBFWPQgNMgAZ7Eir6uWkCi7iu3nVrwWTxeC84pump,300,2026-08-28T06:16:01.132298+00:00,AVAILABLE,-3100,-6338,24
fp1sig-0d88aeffc1a2d86d1692f246,4K2ZSaLiCR1cQLGYmSTPxZgQRvAHKY97cEKzpz4wpump,5,2026-08-27T14:51:00.300523+00:00,AVAILABLE,943,898,2
fp1sig-0d88aeffc1a2d86d1692f246,4K2ZSaLiCR1cQLGYmSTPxZgQRvAHKY97cEKzpz4wpump,10,2026-08-27T14:51:05.300523+00:00,AVAILABLE,943,898,2
fp1sig-0d88aeffc1a2d86d1692f246,4K2ZSaLiCR1cQLGYmSTPxZgQRvAHKY97cEKzpz4wpump,15,2026-08-27T14:51:10.300523+00:00,AVAILABLE,1383,898,4
fp1sig-0d88aeffc1a2d86d1692f246,4K2ZSaLiCR1cQLGYmSTPxZgQRvAHKY97cEKzpz4wpump,20,2026-08-27T14:51:15.300523+00:00,AVAILABLE,1425,898,7
fp1sig-0d88aeffc1a2d86d1692f246,4K2ZSaLiCR1cQLGYmSTPxZgQRvAHKY97cEKzpz4wpump,30,2026-08-27T14:51:25.300523+00:00,AVAILABLE,1741,642,12
fp1sig-0d88aeffc1a2d86d1692f246,4K2ZSaLiCR1cQLGYmSTPxZgQRvAHKY97cEKzpz4wpump,45,2026-08-27T14:51:40.300523+00:00,AVAILABLE,1741,642,12
fp1sig-0d88aeffc1a2d86d1692f246,4K2ZSaLiCR1cQLGYmSTPxZgQRvAHKY97cEKzpz4wpump,60,2026-08-27T14:51:55.300523+00:00,AVAILABLE,1741,642,12
fp1sig-0d88aeffc1a2d86d1692f246,4K2ZSaLiCR1cQLGYmSTPxZgQRvAHKY97cEKzpz4wpump,90,2026-08-27T14:52:25.300523+00:00,AVAILABLE,1741,642,12
fp1sig-0d88aeffc1a2d86d1692f246,4K2ZSaLiCR1cQLGYmSTPxZgQRvAHKY97cEKzpz4wpump,120,2026-08-27T14:52:55.300523+00:00,AVAILABLE,1741,642,12
fp1sig-0d88aeffc1a2d86d1692f246,4K2ZSaLiCR1cQLGYmSTPxZgQRvAHKY97cEKzpz4wpump,180,2026-08-27T14:53:55.300523+00:00,AVAILABLE,1741,642,12
fp1sig-0d88aeffc1a2d86d1692f246,4K2ZSaLiCR1cQLGYmSTPxZgQRvAHKY97cEKzpz4wpump,300,2026-08-27T14:55:55.300523+00:00,AVAILABLE,1741,642,12
fp1sig-0e9b70c12a59a027ea38c5c1,BCpTBDUknNmPUqaM9Xw6BN8kAYt4iRCkQXsAtY9spump,5,2026-08-28T07:21:22.093183+00:00,AVAILABLE,-357,-4536,7
fp1sig-0e9b70c12a59a027ea38c5c1,BCpTBDUknNmPUqaM9Xw6BN8kAYt4iRCkQXsAtY9spump,10,2026-08-28T07:21:27.093183+00:00,AVAILABLE,-357,-6079,10
fp1sig-0e9b70c12a59a027ea38c5c1,BCpTBDUknNmPUqaM9Xw6BN8kAYt4iRCkQXsAtY9spump,15,2026-08-28T07:21:32.093183+00:00,AVAILABLE,-357,-7807,13
fp1sig-0e9b70c12a59a027ea38c5c1,BCpTBDUknNmPUqaM9Xw6BN8kAYt4iRCkQXsAtY9spump,20,2026-08-28T07:21:37.093183+00:00,AVAILABLE,-357,-7807,13
fp1sig-0e9b70c12a59a027ea38c5c1,BCpTBDUknNmPUqaM9Xw6BN8kAYt4iRCkQXsAtY9spump,30,2026-08-28T07:21:47.093183+00:00,AVAILABLE,-357,-7807,13
fp1sig-0e9b70c12a59a027ea38c5c1,BCpTBDUknNmPUqaM9Xw6BN8kAYt4iRCkQXsAtY9spump,45,2026-08-28T07:22:02.093183+00:00,AVAILABLE,-357,-7807,13
fp1sig-0e9b70c12a59a027ea38c5c1,BCpTBDUknNmPUqaM9Xw6BN8kAYt4iRCkQXsAtY9spump,60,2026-08-28T07:22:17.093183+00:00,AVAILABLE,-357,-7807,13
fp1sig-0e9b70c12a59a027ea38c5c1,BCpTBDUknNmPUqaM9Xw6BN8kAYt4iRCkQXsAtY9spump,90,2026-08-28T07:22:47.093183+00:00,AVAILABLE,-357,-7807,13
fp1sig-0e9b70c12a59a027ea38c5c1,BCpTBDUknNmPUqaM9Xw6BN8kAYt4iRCkQXsAtY9spump,120,2026-08-28T07:23:17.093183+00:00,AVAILABLE,-357,-7807,13
fp1sig-0e9b70c12a59a027ea38c5c1,BCpTBDUknNmPUqaM9Xw6BN8kAYt4iRCkQXsAtY9spump,180,2026-08-28T07:24:17.093183+00:00,AVAILABLE,-357,-7807,13
fp1sig-0e9b70c12a59a027ea38c5c1,BCpTBDUknNmPUqaM9Xw6BN8kAYt4iRCkQXsAtY9spump,300,2026-08-28T07:26:17.093183+00:00,AVAILABLE,-357,-7807,13
fp1sig-0ec4632f68f5351345e8ee3c,GyaUPR7LnBHW4gyiSUeXQ6bQatgbzfDwzaJHgHuHpump,5,2026-08-28T06:12:20.572995+00:00,MISSING,,,0
fp1sig-0ec4632f68f5351345e8ee3c,GyaUPR7LnBHW4gyiSUeXQ6bQatgbzfDwzaJHgHuHpump,10,2026-08-28T06:12:25.572995+00:00,AVAILABLE,-2955,-2955,1
fp1sig-0ec4632f68f5351345e8ee3c,GyaUPR7LnBHW4gyiSUeXQ6bQatgbzfDwzaJHgHuHpump,15,2026-08-28T06:12:30.572995+00:00,AVAILABLE,-2955,-2975,2
fp1sig-0ec4632f68f5351345e8ee3c,GyaUPR7LnBHW4gyiSUeXQ6bQatgbzfDwzaJHgHuHpump,20,2026-08-28T06:12:35.572995+00:00,AVAILABLE,-2299,-2975,3
fp1sig-0ec4632f68f5351345e8ee3c,GyaUPR7LnBHW4gyiSUeXQ6bQatgbzfDwzaJHgHuHpump,30,2026-08-28T06:12:45.572995+00:00,AVAILABLE,117,-2975,5
fp1sig-0ec4632f68f5351345e8ee3c,GyaUPR7LnBHW4gyiSUeXQ6bQatgbzfDwzaJHgHuHpump,45,2026-08-28T06:13:00.572995+00:00,AVAILABLE,1836,-2975,9
fp1sig-0ec4632f68f5351345e8ee3c,GyaUPR7LnBHW4gyiSUeXQ6bQatgbzfDwzaJHgHuHpump,60,2026-08-28T06:13:15.572995+00:00,AVAILABLE,1836,-5429,15
fp1sig-0ec4632f68f5351345e8ee3c,GyaUPR7LnBHW4gyiSUeXQ6bQatgbzfDwzaJHgHuHpump,90,2026-08-28T06:13:45.572995+00:00,AVAILABLE,1836,-5429,21
fp1sig-0ec4632f68f5351345e8ee3c,GyaUPR7LnBHW4gyiSUeXQ6bQatgbzfDwzaJHgHuHpump,120,2026-08-28T06:14:15.572995+00:00,AVAILABLE,1836,-5808,26
fp1sig-0ec4632f68f5351345e8ee3c,GyaUPR7LnBHW4gyiSUeXQ6bQatgbzfDwzaJHgHuHpump,180,2026-08-28T06:15:15.572995+00:00,AVAILABLE,1836,-7513,39
fp1sig-0ec4632f68f5351345e8ee3c,GyaUPR7LnBHW4gyiSUeXQ6bQatgbzfDwzaJHgHuHpump,300,2026-08-28T06:17:15.572995+00:00,AVAILABLE,1836,-7513,39
fp1sig-0f5197415889629e629c1818,JAdPmaqX7YhVFNd6aQjmFdTqd8i1vG4gRbMw6Whppump,5,2026-08-28T00:41:05.120302+00:00,MISSING,,,0
fp1sig-0f5197415889629e629c1818,JAdPmaqX7YhVFNd6aQjmFdTqd8i1vG4gRbMw6Whppump,10,2026-08-28T00:41:10.120302+00:00,MISSING,,,0
fp1sig-0f5197415889629e629c1818,JAdPmaqX7YhVFNd6aQjmFdTqd8i1vG4gRbMw6Whppump,15,2026-08-28T00:41:15.120302+00:00,AVAILABLE,-2042,-2042,1
fp1sig-0f5197415889629e629c1818,JAdPmaqX7YhVFNd6aQjmFdTqd8i1vG4gRbMw6Whppump,20,2026-08-28T00:41:20.120302+00:00,AVAILABLE,-2042,-2042,1
fp1sig-0f5197415889629e629c1818,JAdPmaqX7YhVFNd6aQjmFdTqd8i1vG4gRbMw6Whppump,30,2026-08-28T00:41:30.120302+00:00,AVAILABLE,494,-2042,2
fp1sig-0f5197415889629e629c1818,JAdPmaqX7YhVFNd6aQjmFdTqd8i1vG4gRbMw6Whppump,45,2026-08-28T00:41:45.120302+00:00,AVAILABLE,674,-2042,4
fp1sig-0f5197415889629e629c1818,JAdPmaqX7YhVFNd6aQjmFdTqd8i1vG4gRbMw6Whppump,60,2026-08-28T00:42:00.120302+00:00,AVAILABLE,2299,-2042,5
fp1sig-0f5197415889629e629c1818,JAdPmaqX7YhVFNd6aQjmFdTqd8i1vG4gRbMw6Whppump,90,2026-08-28T00:42:30.120302+00:00,AVAILABLE,2299,-2042,6
fp1sig-0f5197415889629e629c1818,JAdPmaqX7YhVFNd6aQjmFdTqd8i1vG4gRbMw6Whppump,120,2026-08-28T00:43:00.120302+00:00,AVAILABLE,9169,-2042,10
fp1sig-0f5197415889629e629c1818,JAdPmaqX7YhVFNd6aQjmFdTqd8i1vG4gRbMw6Whppump,180,2026-08-28T00:44:00.120302+00:00,AVAILABLE,26232,-2042,14
fp1sig-0f5197415889629e629c1818,JAdPmaqX7YhVFNd6aQjmFdTqd8i1vG4gRbMw6Whppump,300,2026-08-28T00:46:00.120302+00:00,AVAILABLE,26232,-2042,28
fp1sig-0f684f761758b78e7285c50d,E4RyXXXjAhvef4BTSryV2hWwnNmZP9j8nnPnVDndpump,5,2026-08-28T06:18:20.034958+00:00,MISSING,,,0
fp1sig-0f684f761758b78e7285c50d,E4RyXXXjAhvef4BTSryV2hWwnNmZP9j8nnPnVDndpump,10,2026-08-28T06:18:25.034958+00:00,MISSING,,,0
fp1sig-0f684f761758b78e7285c50d,E4RyXXXjAhvef4BTSryV2hWwnNmZP9j8nnPnVDndpump,15,2026-08-28T06:18:30.034958+00:00,MISSING,,,0
fp1sig-0f684f761758b78e7285c50d,E4RyXXXjAhvef4BTSryV2hWwnNmZP9j8nnPnVDndpump,20,2026-08-28T06:18:35.034958+00:00,MISSING,,,0
fp1sig-0f684f761758b78e7285c50d,E4RyXXXjAhvef4BTSryV2hWwnNmZP9j8nnPnVDndpump,30,2026-08-28T06:18:45.034958+00:00,AVAILABLE,73,73,1
fp1sig-0f684f761758b78e7285c50d,E4RyXXXjAhvef4BTSryV2hWwnNmZP9j8nnPnVDndpump,45,2026-08-28T06:19:00.034958+00:00,AVAILABLE,73,73,1
fp1sig-0f684f761758b78e7285c50d,E4RyXXXjAhvef4BTSryV2hWwnNmZP9j8nnPnVDndpump,60,2026-08-28T06:19:15.034958+00:00,AVAILABLE,73,-548,3
fp1sig-0f684f761758b78e7285c50d,E4RyXXXjAhvef4BTSryV2hWwnNmZP9j8nnPnVDndpump,90,2026-08-28T06:19:45.034958+00:00,AVAILABLE,73,-551,4
fp1sig-0f684f761758b78e7285c50d,E4RyXXXjAhvef4BTSryV2hWwnNmZP9j8nnPnVDndpump,120,2026-08-28T06:20:15.034958+00:00,AVAILABLE,366,-551,8
fp1sig-0f684f761758b78e7285c50d,E4RyXXXjAhvef4BTSryV2hWwnNmZP9j8nnPnVDndpump,180,2026-08-28T06:21:15.034958+00:00,AVAILABLE,366,-551,9
fp1sig-0f684f761758b78e7285c50d,E4RyXXXjAhvef4BTSryV2hWwnNmZP9j8nnPnVDndpump,300,2026-08-28T06:23:15.034958+00:00,AVAILABLE,366,-551,9
fp1sig-103e58578fa44f0c56042eb2,2n9EaxioH5c3dmnv3u9uPUbx7MoqQ5PiHEETeqN2pump,5,2026-08-27T19:31:45.392322+00:00,AVAILABLE,-155,-355,2
fp1sig-103e58578fa44f0c56042eb2,2n9EaxioH5c3dmnv3u9uPUbx7MoqQ5PiHEETeqN2pump,10,2026-08-27T19:31:50.392322+00:00,AVAILABLE,10,-355,3
fp1sig-103e58578fa44f0c56042eb2,2n9EaxioH5c3dmnv3u9uPUbx7MoqQ5PiHEETeqN2pump,15,2026-08-27T19:31:55.392322+00:00,AVAILABLE,10,-355,3
fp1sig-103e58578fa44f0c56042eb2,2n9EaxioH5c3dmnv3u9uPUbx7MoqQ5PiHEETeqN2pump,20,2026-08-27T19:32:00.392322+00:00,AVAILABLE,10,-355,3
fp1sig-103e58578fa44f0c56042eb2,2n9EaxioH5c3dmnv3u9uPUbx7MoqQ5PiHEETeqN2pump,30,2026-08-27T19:32:10.392322+00:00,AVAILABLE,10,-355,3
fp1sig-103e58578fa44f0c56042eb2,2n9EaxioH5c3dmnv3u9uPUbx7MoqQ5PiHEETeqN2pump,45,2026-08-27T19:32:25.392322+00:00,AVAILABLE,10,-355,3
fp1sig-103e58578fa44f0c56042eb2,2n9EaxioH5c3dmnv3u9uPUbx7MoqQ5PiHEETeqN2pump,60,2026-08-27T19:32:40.392322+00:00,AVAILABLE,10,-403,5
fp1sig-103e58578fa44f0c56042eb2,2n9EaxioH5c3dmnv3u9uPUbx7MoqQ5PiHEETeqN2pump,90,2026-08-27T19:33:10.392322+00:00,AVAILABLE,3928,-403,12
fp1sig-103e58578fa44f0c56042eb2,2n9EaxioH5c3dmnv3u9uPUbx7MoqQ5PiHEETeqN2pump,120,2026-08-27T19:33:40.392322+00:00,AVAILABLE,3928,-403,15
fp1sig-103e58578fa44f0c56042eb2,2n9EaxioH5c3dmnv3u9uPUbx7MoqQ5PiHEETeqN2pump,180,2026-08-27T19:34:40.392322+00:00,AVAILABLE,3928,-2271,24
fp1sig-103e58578fa44f0c56042eb2,2n9EaxioH5c3dmnv3u9uPUbx7MoqQ5PiHEETeqN2pump,300,2026-08-27T19:36:40.392322+00:00,AVAILABLE,3928,-5819,32
fp1sig-104d433d257a7da12b667ab2,AqArcXWUf45fzDXCQbW4gjetuJ6Qk4AssFr4peNdpump,5,2026-08-28T10:25:38.960403+00:00,AVAILABLE,759,735,2
fp1sig-104d433d257a7da12b667ab2,AqArcXWUf45fzDXCQbW4gjetuJ6Qk4AssFr4peNdpump,10,2026-08-28T10:25:43.960403+00:00,AVAILABLE,1939,735,6
fp1sig-104d433d257a7da12b667ab2,AqArcXWUf45fzDXCQbW4gjetuJ6Qk4AssFr4peNdpump,15,2026-08-28T10:25:48.960403+00:00,AVAILABLE,1939,735,7
fp1sig-104d433d257a7da12b667ab2,AqArcXWUf45fzDXCQbW4gjetuJ6Qk4AssFr4peNdpump,20,2026-08-28T10:25:53.960403+00:00,AVAILABLE,1939,618,9
fp1sig-104d433d257a7da12b667ab2,AqArcXWUf45fzDXCQbW4gjetuJ6Qk4AssFr4peNdpump,30,2026-08-28T10:26:03.960403+00:00,AVAILABLE,1939,618,10
fp1sig-104d433d257a7da12b667ab2,AqArcXWUf45fzDXCQbW4gjetuJ6Qk4AssFr4peNdpump,45,2026-08-28T10:26:18.960403+00:00,AVAILABLE,1939,-109,15
fp1sig-104d433d257a7da12b667ab2,AqArcXWUf45fzDXCQbW4gjetuJ6Qk4AssFr4peNdpump,60,2026-08-28T10:26:33.960403+00:00,AVAILABLE,4461,-109,25
fp1sig-104d433d257a7da12b667ab2,AqArcXWUf45fzDXCQbW4gjetuJ6Qk4AssFr4peNdpump,90,2026-08-28T10:27:03.960403+00:00,AVAILABLE,4461,-109,38
fp1sig-104d433d257a7da12b667ab2,AqArcXWUf45fzDXCQbW4gjetuJ6Qk4AssFr4peNdpump,120,2026-08-28T10:27:33.960403+00:00,AVAILABLE,4461,-109,44
fp1sig-104d433d257a7da12b667ab2,AqArcXWUf45fzDXCQbW4gjetuJ6Qk4AssFr4peNdpump,180,2026-08-28T10:28:33.960403+00:00,AVAILABLE,4461,-2329,56
fp1sig-104d433d257a7da12b667ab2,AqArcXWUf45fzDXCQbW4gjetuJ6Qk4AssFr4peNdpump,300,2026-08-28T10:30:33.960403+00:00,AVAILABLE,4461,-2747,68
fp1sig-10ad1c249d01bb0fbba55b63,FjsEhFzquBBZj6yPo9Jba7Wt42GgQvhdWbnGNiFdpump,5,2026-08-27T12:38:30.401714+00:00,AVAILABLE,-347,-347,1
fp1sig-10ad1c249d01bb0fbba55b63,FjsEhFzquBBZj6yPo9Jba7Wt42GgQvhdWbnGNiFdpump,10,2026-08-27T12:38:35.401714+00:00,AVAILABLE,-347,-347,1
fp1sig-10ad1c249d01bb0fbba55b63,FjsEhFzquBBZj6yPo9Jba7Wt42GgQvhdWbnGNiFdpump,15,2026-08-27T12:38:40.401714+00:00,AVAILABLE,-347,-347,1
fp1sig-10ad1c249d01bb0fbba55b63,FjsEhFzquBBZj6yPo9Jba7Wt42GgQvhdWbnGNiFdpump,20,2026-08-27T12:38:45.401714+00:00,AVAILABLE,-347,-347,1
fp1sig-10ad1c249d01bb0fbba55b63,FjsEhFzquBBZj6yPo9Jba7Wt42GgQvhdWbnGNiFdpump,30,2026-08-27T12:38:55.401714+00:00,AVAILABLE,-347,-1413,2
fp1sig-10ad1c249d01bb0fbba55b63,FjsEhFzquBBZj6yPo9Jba7Wt42GgQvhdWbnGNiFdpump,45,2026-08-27T12:39:10.401714+00:00,AVAILABLE,-347,-1413,4
fp1sig-10ad1c249d01bb0fbba55b63,FjsEhFzquBBZj6yPo9Jba7Wt42GgQvhdWbnGNiFdpump,60,2026-08-27T12:39:25.401714+00:00,AVAILABLE,-347,-2083,6
fp1sig-10ad1c249d01bb0fbba55b63,FjsEhFzquBBZj6yPo9Jba7Wt42GgQvhdWbnGNiFdpump,90,2026-08-27T12:39:55.401714+00:00,AVAILABLE,-347,-2083,9
fp1sig-10ad1c249d01bb0fbba55b63,FjsEhFzquBBZj6yPo9Jba7Wt42GgQvhdWbnGNiFdpump,120,2026-08-27T12:40:25.401714+00:00,AVAILABLE,-347,-2224,11
fp1sig-10ad1c249d01bb0fbba55b63,FjsEhFzquBBZj6yPo9Jba7Wt42GgQvhdWbnGNiFdpump,180,2026-08-27T12:41:25.401714+00:00,AVAILABLE,-347,-4460,18
fp1sig-10ad1c249d01bb0fbba55b63,FjsEhFzquBBZj6yPo9Jba7Wt42GgQvhdWbnGNiFdpump,300,2026-08-27T12:43:25.401714+00:00,AVAILABLE,-347,-4460,19
fp1sig-10c49b05a8fd88a87bd1e4af,CPGUme99rPPQLjh4nspLMV5JTWAHRh8JnRdPwPwgpump,5,2026-08-28T08:43:49.850571+00:00,MISSING,,,0
fp1sig-10c49b05a8fd88a87bd1e4af,CPGUme99rPPQLjh4nspLMV5JTWAHRh8JnRdPwPwgpump,10,2026-08-28T08:43:54.850571+00:00,AVAILABLE,-7156,-7156,1
fp1sig-10c49b05a8fd88a87bd1e4af,CPGUme99rPPQLjh4nspLMV5JTWAHRh8JnRdPwPwgpump,15,2026-08-28T08:43:59.850571+00:00,AVAILABLE,-7156,-7551,2
fp1sig-10c49b05a8fd88a87bd1e4af,CPGUme99rPPQLjh4nspLMV5JTWAHRh8JnRdPwPwgpump,20,2026-08-28T08:44:04.850571+00:00,AVAILABLE,-7156,-8833,5
fp1sig-10c49b05a8fd88a87bd1e4af,CPGUme99rPPQLjh4nspLMV5JTWAHRh8JnRdPwPwgpump,30,2026-08-28T08:44:14.850571+00:00,AVAILABLE,-7156,-8833,9
fp1sig-10c49b05a8fd88a87bd1e4af,CPGUme99rPPQLjh4nspLMV5JTWAHRh8JnRdPwPwgpump,45,2026-08-28T08:44:29.850571+00:00,AVAILABLE,-7156,-8833,15
fp1sig-10c49b05a8fd88a87bd1e4af,CPGUme99rPPQLjh4nspLMV5JTWAHRh8JnRdPwPwgpump,60,2026-08-28T08:44:44.850571+00:00,AVAILABLE,-7156,-8833,15
fp1sig-10c49b05a8fd88a87bd1e4af,CPGUme99rPPQLjh4nspLMV5JTWAHRh8JnRdPwPwgpump,90,2026-08-28T08:45:14.850571+00:00,AVAILABLE,-7156,-8833,15
fp1sig-10c49b05a8fd88a87bd1e4af,CPGUme99rPPQLjh4nspLMV5JTWAHRh8JnRdPwPwgpump,120,2026-08-28T08:45:44.850571+00:00,AVAILABLE,-7156,-8833,15
fp1sig-10c49b05a8fd88a87bd1e4af,CPGUme99rPPQLjh4nspLMV5JTWAHRh8JnRdPwPwgpump,180,2026-08-28T08:46:44.850571+00:00,AVAILABLE,-7156,-8833,15
fp1sig-10c49b05a8fd88a87bd1e4af,CPGUme99rPPQLjh4nspLMV5JTWAHRh8JnRdPwPwgpump,300,2026-08-28T08:48:44.850571+00:00,AVAILABLE,-7156,-8833,15
fp1sig-10d389237e9f89f9c0df2e1d,3iZJthpH2FrEtjGj5WXiZcK2pfub2xoXiqGMytHmpump,5,2026-08-28T02:33:34.601592+00:00,AVAILABLE,4325,1373,5
fp1sig-10d389237e9f89f9c0df2e1d,3iZJthpH2FrEtjGj5WXiZcK2pfub2xoXiqGMytHmpump,10,2026-08-28T02:33:39.601592+00:00,AVAILABLE,4325,1373,5
fp1sig-10d389237e9f89f9c0df2e1d,3iZJthpH2FrEtjGj5WXiZcK2pfub2xoXiqGMytHmpump,15,2026-08-28T02:33:44.601592+00:00,AVAILABLE,5767,1373,7
fp1sig-10d389237e9f89f9c0df2e1d,3iZJthpH2FrEtjGj5WXiZcK2pfub2xoXiqGMytHmpump,20,2026-08-28T02:33:49.601592+00:00,AVAILABLE,5767,1373,7
fp1sig-10d389237e9f89f9c0df2e1d,3iZJthpH2FrEtjGj5WXiZcK2pfub2xoXiqGMytHmpump,30,2026-08-28T02:33:59.601592+00:00,AVAILABLE,6130,1373,8
fp1sig-10d389237e9f89f9c0df2e1d,3iZJthpH2FrEtjGj5WXiZcK2pfub2xoXiqGMytHmpump,45,2026-08-28T02:34:14.601592+00:00,AVAILABLE,6473,1373,9
fp1sig-10d389237e9f89f9c0df2e1d,3iZJthpH2FrEtjGj5WXiZcK2pfub2xoXiqGMytHmpump,60,2026-08-28T02:34:29.601592+00:00,AVAILABLE,6624,1373,11
fp1sig-10d389237e9f89f9c0df2e1d,3iZJthpH2FrEtjGj5WXiZcK2pfub2xoXiqGMytHmpump,90,2026-08-28T02:34:59.601592+00:00,AVAILABLE,6624,1373,16
fp1sig-10d389237e9f89f9c0df2e1d,3iZJthpH2FrEtjGj5WXiZcK2pfub2xoXiqGMytHmpump,120,2026-08-28T02:35:29.601592+00:00,AVAILABLE,8696,1373,21
fp1sig-10d389237e9f89f9c0df2e1d,3iZJthpH2FrEtjGj5WXiZcK2pfub2xoXiqGMytHmpump,180,2026-08-28T02:36:29.601592+00:00,AVAILABLE,16299,1373,37
fp1sig-10d389237e9f89f9c0df2e1d,3iZJthpH2FrEtjGj5WXiZcK2pfub2xoXiqGMytHmpump,300,2026-08-28T02:38:29.601592+00:00,AVAILABLE,16299,1373,50
fp1sig-11157ff67a083d1202e25b54,5Yy8YNgg28pZpZJ3fp6XaLRRf8jTFjUcpH21f4gbpump,5,2026-08-28T00:18:50.404804+00:00,AVAILABLE,-961,-961,1
fp1sig-11157ff67a083d1202e25b54,5Yy8YNgg28pZpZJ3fp6XaLRRf8jTFjUcpH21f4gbpump,10,2026-08-28T00:18:55.404804+00:00,AVAILABLE,-961,-961,1
fp1sig-11157ff67a083d1202e25b54,5Yy8YNgg28pZpZJ3fp6XaLRRf8jTFjUcpH21f4gbpump,15,2026-08-28T00:19:00.404804+00:00,AVAILABLE,-961,-1436,2
fp1sig-11157ff67a083d1202e25b54,5Yy8YNgg28pZpZJ3fp6XaLRRf8jTFjUcpH21f4gbpump,20,2026-08-28T00:19:05.404804+00:00,AVAILABLE,-961,-1436,2
fp1sig-11157ff67a083d1202e25b54,5Yy8YNgg28pZpZJ3fp6XaLRRf8jTFjUcpH21f4gbpump,30,2026-08-28T00:19:15.404804+00:00,AVAILABLE,-602,-1436,7
fp1sig-11157ff67a083d1202e25b54,5Yy8YNgg28pZpZJ3fp6XaLRRf8jTFjUcpH21f4gbpump,45,2026-08-28T00:19:30.404804+00:00,AVAILABLE,-222,-1436,14
fp1sig-11157ff67a083d1202e25b54,5Yy8YNgg28pZpZJ3fp6XaLRRf8jTFjUcpH21f4gbpump,60,2026-08-28T00:19:45.404804+00:00,AVAILABLE,-222,-1436,18
fp1sig-11157ff67a083d1202e25b54,5Yy8YNgg28pZpZJ3fp6XaLRRf8jTFjUcpH21f4gbpump,90,2026-08-28T00:20:15.404804+00:00,AVAILABLE,-222,-1436,24
fp1sig-11157ff67a083d1202e25b54,5Yy8YNgg28pZpZJ3fp6XaLRRf8jTFjUcpH21f4gbpump,120,2026-08-28T00:20:45.404804+00:00,AVAILABLE,-222,-1436,30
fp1sig-11157ff67a083d1202e25b54,5Yy8YNgg28pZpZJ3fp6XaLRRf8jTFjUcpH21f4gbpump,180,2026-08-28T00:21:45.404804+00:00,AVAILABLE,-222,-1436,32
fp1sig-11157ff67a083d1202e25b54,5Yy8YNgg28pZpZJ3fp6XaLRRf8jTFjUcpH21f4gbpump,300,2026-08-28T00:23:45.404804+00:00,AVAILABLE,-222,-3802,50
fp1sig-11e3bca73319b14cabaf1db0,54QKTHWqwdWT4cp7SLp7mp1YgAq9w8xuqHm72n32pump,5,2026-08-28T03:27:16.410274+00:00,MISSING,,,0
fp1sig-11e3bca73319b14cabaf1db0,54QKTHWqwdWT4cp7SLp7mp1YgAq9w8xuqHm72n32pump,10,2026-08-28T03:27:21.410274+00:00,AVAILABLE,-656,-656,1
fp1sig-11e3bca73319b14cabaf1db0,54QKTHWqwdWT4cp7SLp7mp1YgAq9w8xuqHm72n32pump,15,2026-08-28T03:27:26.410274+00:00,AVAILABLE,-656,-656,1
fp1sig-11e3bca73319b14cabaf1db0,54QKTHWqwdWT4cp7SLp7mp1YgAq9w8xuqHm72n32pump,20,2026-08-28T03:27:31.410274+00:00,AVAILABLE,369,-656,2
fp1sig-11e3bca73319b14cabaf1db0,54QKTHWqwdWT4cp7SLp7mp1YgAq9w8xuqHm72n32pump,30,2026-08-28T03:27:41.410274+00:00,AVAILABLE,968,-656,3
fp1sig-11e3bca73319b14cabaf1db0,54QKTHWqwdWT4cp7SLp7mp1YgAq9w8xuqHm72n32pump,45,2026-08-28T03:27:56.410274+00:00,AVAILABLE,1754,-656,4
fp1sig-11e3bca73319b14cabaf1db0,54QKTHWqwdWT4cp7SLp7mp1YgAq9w8xuqHm72n32pump,60,2026-08-28T03:28:11.410274+00:00,AVAILABLE,6538,-656,5
fp1sig-11e3bca73319b14cabaf1db0,54QKTHWqwdWT4cp7SLp7mp1YgAq9w8xuqHm72n32pump,90,2026-08-28T03:28:41.410274+00:00,AVAILABLE,11810,-656,8
fp1sig-11e3bca73319b14cabaf1db0,54QKTHWqwdWT4cp7SLp7mp1YgAq9w8xuqHm72n32pump,120,2026-08-28T03:29:11.410274+00:00,AVAILABLE,11810,-656,8
fp1sig-11e3bca73319b14cabaf1db0,54QKTHWqwdWT4cp7SLp7mp1YgAq9w8xuqHm72n32pump,180,2026-08-28T03:30:11.410274+00:00,AVAILABLE,11810,-656,11
fp1sig-11e3bca73319b14cabaf1db0,54QKTHWqwdWT4cp7SLp7mp1YgAq9w8xuqHm72n32pump,300,2026-08-28T03:32:11.410274+00:00,AVAILABLE,11810,-6146,21
fp1sig-1293c04bc6e93667b78e1d5d,2bKDS7dnNzfne5ZBTXnFxeyKGQeJVrP4FEQvhL9upump,5,2026-08-28T09:57:32.039985+00:00,AVAILABLE,892,891,2
fp1sig-1293c04bc6e93667b78e1d5d,2bKDS7dnNzfne5ZBTXnFxeyKGQeJVrP4FEQvhL9upump,10,2026-08-28T09:57:37.039985+00:00,AVAILABLE,892,891,2
fp1sig-1293c04bc6e93667b78e1d5d,2bKDS7dnNzfne5ZBTXnFxeyKGQeJVrP4FEQvhL9upump,15,2026-08-28T09:57:42.039985+00:00,AVAILABLE,892,891,2
fp1sig-1293c04bc6e93667b78e1d5d,2bKDS7dnNzfne5ZBTXnFxeyKGQeJVrP4FEQvhL9upump,20,2026-08-28T09:57:47.039985+00:00,AVAILABLE,892,891,2
fp1sig-1293c04bc6e93667b78e1d5d,2bKDS7dnNzfne5ZBTXnFxeyKGQeJVrP4FEQvhL9upump,30,2026-08-28T09:57:57.039985+00:00,AVAILABLE,892,891,2
fp1sig-1293c04bc6e93667b78e1d5d,2bKDS7dnNzfne5ZBTXnFxeyKGQeJVrP4FEQvhL9upump,45,2026-08-28T09:58:12.039985+00:00,AVAILABLE,892,891,2
fp1sig-1293c04bc6e93667b78e1d5d,2bKDS7dnNzfne5ZBTXnFxeyKGQeJVrP4FEQvhL9upump,60,2026-08-28T09:58:27.039985+00:00,AVAILABLE,892,891,2
fp1sig-1293c04bc6e93667b78e1d5d,2bKDS7dnNzfne5ZBTXnFxeyKGQeJVrP4FEQvhL9upump,90,2026-08-28T09:58:57.039985+00:00,AVAILABLE,892,891,2
fp1sig-1293c04bc6e93667b78e1d5d,2bKDS7dnNzfne5ZBTXnFxeyKGQeJVrP4FEQvhL9upump,120,2026-08-28T09:59:27.039985+00:00,AVAILABLE,892,891,2
fp1sig-1293c04bc6e93667b78e1d5d,2bKDS7dnNzfne5ZBTXnFxeyKGQeJVrP4FEQvhL9upump,180,2026-08-28T10:00:27.039985+00:00,AVAILABLE,892,891,2
fp1sig-1293c04bc6e93667b78e1d5d,2bKDS7dnNzfne5ZBTXnFxeyKGQeJVrP4FEQvhL9upump,300,2026-08-28T10:02:27.039985+00:00,AVAILABLE,892,891,2
fp1sig-12afac3c2cf426d4e6721513,6K8jewYKyu5ZHr2XH1jLbKSzJCZmJsbR2QvYJyoHpump,5,2026-08-28T05:55:52.465369+00:00,AVAILABLE,924,432,3
fp1sig-12afac3c2cf426d4e6721513,6K8jewYKyu5ZHr2XH1jLbKSzJCZmJsbR2QvYJyoHpump,10,2026-08-28T05:55:57.465369+00:00,AVAILABLE,924,432,3
fp1sig-12afac3c2cf426d4e6721513,6K8jewYKyu5ZHr2XH1jLbKSzJCZmJsbR2QvYJyoHpump,15,2026-08-28T05:56:02.465369+00:00,AVAILABLE,1124,-951,5
fp1sig-12afac3c2cf426d4e6721513,6K8jewYKyu5ZHr2XH1jLbKSzJCZmJsbR2QvYJyoHpump,20,2026-08-28T05:56:07.465369+00:00,AVAILABLE,1124,-951,5
fp1sig-12afac3c2cf426d4e6721513,6K8jewYKyu5ZHr2XH1jLbKSzJCZmJsbR2QvYJyoHpump,30,2026-08-28T05:56:17.465369+00:00,AVAILABLE,1124,-951,9
fp1sig-12afac3c2cf426d4e6721513,6K8jewYKyu5ZHr2XH1jLbKSzJCZmJsbR2QvYJyoHpump,45,2026-08-28T05:56:32.465369+00:00,AVAILABLE,1124,-951,12
fp1sig-12afac3c2cf426d4e6721513,6K8jewYKyu5ZHr2XH1jLbKSzJCZmJsbR2QvYJyoHpump,60,2026-08-28T05:56:47.465369+00:00,AVAILABLE,1124,-951,12
fp1sig-12afac3c2cf426d4e6721513,6K8jewYKyu5ZHr2XH1jLbKSzJCZmJsbR2QvYJyoHpump,90,2026-08-28T05:57:17.465369+00:00,AVAILABLE,1124,-951,12
fp1sig-12afac3c2cf426d4e6721513,6K8jewYKyu5ZHr2XH1jLbKSzJCZmJsbR2QvYJyoHpump,120,2026-08-28T05:57:47.465369+00:00,AVAILABLE,1124,-951,12
fp1sig-12afac3c2cf426d4e6721513,6K8jewYKyu5ZHr2XH1jLbKSzJCZmJsbR2QvYJyoHpump,180,2026-08-28T05:58:47.465369+00:00,AVAILABLE,1124,-951,12
fp1sig-12afac3c2cf426d4e6721513,6K8jewYKyu5ZHr2XH1jLbKSzJCZmJsbR2QvYJyoHpump,300,2026-08-28T06:00:47.465369+00:00,AVAILABLE,1124,-951,14
fp1sig-12b429b45aba57ee33ec908b,5V4ioLfiLyN16qasY3oy6w3mE6CF73CCao23RPE1pump,5,2026-08-27T23:32:09.818392+00:00,MISSING,,,0
fp1sig-12b429b45aba57ee33ec908b,5V4ioLfiLyN16qasY3oy6w3mE6CF73CCao23RPE1pump,10,2026-08-27T23:32:14.818392+00:00,MISSING,,,0
fp1sig-12b429b45aba57ee33ec908b,5V4ioLfiLyN16qasY3oy6w3mE6CF73CCao23RPE1pump,15,2026-08-27T23:32:19.818392+00:00,MISSING,,,0
fp1sig-12b429b45aba57ee33ec908b,5V4ioLfiLyN16qasY3oy6w3mE6CF73CCao23RPE1pump,20,2026-08-27T23:32:24.818392+00:00,MISSING,,,0
fp1sig-12b429b45aba57ee33ec908b,5V4ioLfiLyN16qasY3oy6w3mE6CF73CCao23RPE1pump,30,2026-08-27T23:32:34.818392+00:00,MISSING,,,0
fp1sig-12b429b45aba57ee33ec908b,5V4ioLfiLyN16qasY3oy6w3mE6CF73CCao23RPE1pump,45,2026-08-27T23:32:49.818392+00:00,MISSING,,,0
fp1sig-12b429b45aba57ee33ec908b,5V4ioLfiLyN16qasY3oy6w3mE6CF73CCao23RPE1pump,60,2026-08-27T23:33:04.818392+00:00,MISSING,,,0
fp1sig-12b429b45aba57ee33ec908b,5V4ioLfiLyN16qasY3oy6w3mE6CF73CCao23RPE1pump,90,2026-08-27T23:33:34.818392+00:00,MISSING,,,0
fp1sig-12b429b45aba57ee33ec908b,5V4ioLfiLyN16qasY3oy6w3mE6CF73CCao23RPE1pump,120,2026-08-27T23:34:04.818392+00:00,MISSING,,,0
fp1sig-12b429b45aba57ee33ec908b,5V4ioLfiLyN16qasY3oy6w3mE6CF73CCao23RPE1pump,180,2026-08-27T23:35:04.818392+00:00,MISSING,,,0
fp1sig-12b429b45aba57ee33ec908b,5V4ioLfiLyN16qasY3oy6w3mE6CF73CCao23RPE1pump,300,2026-08-27T23:37:04.818392+00:00,MISSING,,,0
fp1sig-12c10dfcccba6cddd88eb74b,GGkkzsXAPNsMXfjWmK6JZ19rABbCeMngwe4f25ccpump,5,2026-08-27T21:02:13.286389+00:00,MISSING,,,0
fp1sig-12c10dfcccba6cddd88eb74b,GGkkzsXAPNsMXfjWmK6JZ19rABbCeMngwe4f25ccpump,10,2026-08-27T21:02:18.286389+00:00,AVAILABLE,1509,1509,1
fp1sig-12c10dfcccba6cddd88eb74b,GGkkzsXAPNsMXfjWmK6JZ19rABbCeMngwe4f25ccpump,15,2026-08-27T21:02:23.286389+00:00,AVAILABLE,1509,1509,1
fp1sig-12c10dfcccba6cddd88eb74b,GGkkzsXAPNsMXfjWmK6JZ19rABbCeMngwe4f25ccpump,20,2026-08-27T21:02:28.286389+00:00,AVAILABLE,1509,1509,1
fp1sig-12c10dfcccba6cddd88eb74b,GGkkzsXAPNsMXfjWmK6JZ19rABbCeMngwe4f25ccpump,30,2026-08-27T21:02:38.286389+00:00,AVAILABLE,2534,1509,2
fp1sig-12c10dfcccba6cddd88eb74b,GGkkzsXAPNsMXfjWmK6JZ19rABbCeMngwe4f25ccpump,45,2026-08-27T21:02:53.286389+00:00,AVAILABLE,2534,1509,2
fp1sig-12c10dfcccba6cddd88eb74b,GGkkzsXAPNsMXfjWmK6JZ19rABbCeMngwe4f25ccpump,60,2026-08-27T21:03:08.286389+00:00,AVAILABLE,3135,1509,4
fp1sig-12c10dfcccba6cddd88eb74b,GGkkzsXAPNsMXfjWmK6JZ19rABbCeMngwe4f25ccpump,90,2026-08-27T21:03:38.286389+00:00,AVAILABLE,3135,1509,4
fp1sig-12c10dfcccba6cddd88eb74b,GGkkzsXAPNsMXfjWmK6JZ19rABbCeMngwe4f25ccpump,120,2026-08-27T21:04:08.286389+00:00,AVAILABLE,3135,1509,4
fp1sig-12c10dfcccba6cddd88eb74b,GGkkzsXAPNsMXfjWmK6JZ19rABbCeMngwe4f25ccpump,180,2026-08-27T21:05:08.286389+00:00,AVAILABLE,3135,1509,4
fp1sig-12c10dfcccba6cddd88eb74b,GGkkzsXAPNsMXfjWmK6JZ19rABbCeMngwe4f25ccpump,300,2026-08-27T21:07:08.286389+00:00,AVAILABLE,3135,1509,4
fp1sig-13033729e55990510118e4ae,6uMtr6EyLur4wqJVxPbBu3iNV1owjBBYmbHh3mpjpump,5,2026-08-28T05:56:33.974697+00:00,MISSING,,,0
fp1sig-13033729e55990510118e4ae,6uMtr6EyLur4wqJVxPbBu3iNV1owjBBYmbHh3mpjpump,10,2026-08-28T05:56:38.974697+00:00,MISSING,,,0
fp1sig-13033729e55990510118e4ae,6uMtr6EyLur4wqJVxPbBu3iNV1owjBBYmbHh3mpjpump,15,2026-08-28T05:56:43.974697+00:00,AVAILABLE,611,611,1
fp1sig-13033729e55990510118e4ae,6uMtr6EyLur4wqJVxPbBu3iNV1owjBBYmbHh3mpjpump,20,2026-08-28T05:56:48.974697+00:00,AVAILABLE,1155,611,2
fp1sig-13033729e55990510118e4ae,6uMtr6EyLur4wqJVxPbBu3iNV1owjBBYmbHh3mpjpump,30,2026-08-28T05:56:58.974697+00:00,AVAILABLE,1601,611,3
fp1sig-13033729e55990510118e4ae,6uMtr6EyLur4wqJVxPbBu3iNV1owjBBYmbHh3mpjpump,45,2026-08-28T05:57:13.974697+00:00,AVAILABLE,1749,611,5
fp1sig-13033729e55990510118e4ae,6uMtr6EyLur4wqJVxPbBu3iNV1owjBBYmbHh3mpjpump,60,2026-08-28T05:57:28.974697+00:00,AVAILABLE,1839,611,6
fp1sig-13033729e55990510118e4ae,6uMtr6EyLur4wqJVxPbBu3iNV1owjBBYmbHh3mpjpump,90,2026-08-28T05:57:58.974697+00:00,AVAILABLE,4415,611,13
fp1sig-13033729e55990510118e4ae,6uMtr6EyLur4wqJVxPbBu3iNV1owjBBYmbHh3mpjpump,120,2026-08-28T05:58:28.974697+00:00,AVAILABLE,4700,611,19
fp1sig-13033729e55990510118e4ae,6uMtr6EyLur4wqJVxPbBu3iNV1owjBBYmbHh3mpjpump,180,2026-08-28T05:59:28.974697+00:00,AVAILABLE,4700,-1054,39
fp1sig-13033729e55990510118e4ae,6uMtr6EyLur4wqJVxPbBu3iNV1owjBBYmbHh3mpjpump,300,2026-08-28T06:01:28.974697+00:00,AVAILABLE,4700,-3110,101
fp1sig-13f856c468707e027e0d36ce,3gwWhRK2xr1whiE5vsnUg75AURpuRpFH56wEbe8Qpump,5,2026-08-28T09:59:35.118342+00:00,AVAILABLE,329,329,1
fp1sig-13f856c468707e027e0d36ce,3gwWhRK2xr1whiE5vsnUg75AURpuRpFH56wEbe8Qpump,10,2026-08-28T09:59:40.118342+00:00,AVAILABLE,329,-813,3
fp1sig-13f856c468707e027e0d36ce,3gwWhRK2xr1whiE5vsnUg75AURpuRpFH56wEbe8Qpump,15,2026-08-28T09:59:45.118342+00:00,AVAILABLE,988,-813,7
fp1sig-13f856c468707e027e0d36ce,3gwWhRK2xr1whiE5vsnUg75AURpuRpFH56wEbe8Qpump,20,2026-08-28T09:59:50.118342+00:00,AVAILABLE,988,-813,10
fp1sig-13f856c468707e027e0d36ce,3gwWhRK2xr1whiE5vsnUg75AURpuRpFH56wEbe8Qpump,30,2026-08-28T10:00:00.118342+00:00,AVAILABLE,988,-813,12
fp1sig-13f856c468707e027e0d36ce,3gwWhRK2xr1whiE5vsnUg75AURpuRpFH56wEbe8Qpump,45,2026-08-28T10:00:15.118342+00:00,AVAILABLE,988,-869,24
fp1sig-13f856c468707e027e0d36ce,3gwWhRK2xr1whiE5vsnUg75AURpuRpFH56wEbe8Qpump,60,2026-08-28T10:00:30.118342+00:00,AVAILABLE,988,-1964,35
fp1sig-13f856c468707e027e0d36ce,3gwWhRK2xr1whiE5vsnUg75AURpuRpFH56wEbe8Qpump,90,2026-08-28T10:01:00.118342+00:00,AVAILABLE,988,-2656,54
fp1sig-13f856c468707e027e0d36ce,3gwWhRK2xr1whiE5vsnUg75AURpuRpFH56wEbe8Qpump,120,2026-08-28T10:01:30.118342+00:00,AVAILABLE,988,-2915,59
fp1sig-13f856c468707e027e0d36ce,3gwWhRK2xr1whiE5vsnUg75AURpuRpFH56wEbe8Qpump,180,2026-08-28T10:02:30.118342+00:00,AVAILABLE,988,-2915,76
fp1sig-13f856c468707e027e0d36ce,3gwWhRK2xr1whiE5vsnUg75AURpuRpFH56wEbe8Qpump,300,2026-08-28T10:04:30.118342+00:00,AVAILABLE,3051,-2915,96
fp1sig-144d832f6ff536820a7dead9,DDkrjDPppmHzy2R5fq1dKS41yyq6xRiE9vxExzbmpump,5,2026-08-28T03:57:13.995147+00:00,MISSING,,,0
fp1sig-144d832f6ff536820a7dead9,DDkrjDPppmHzy2R5fq1dKS41yyq6xRiE9vxExzbmpump,10,2026-08-28T03:57:18.995147+00:00,AVAILABLE,-2850,-2850,1
fp1sig-144d832f6ff536820a7dead9,DDkrjDPppmHzy2R5fq1dKS41yyq6xRiE9vxExzbmpump,15,2026-08-28T03:57:23.995147+00:00,AVAILABLE,-2850,-2850,1
fp1sig-144d832f6ff536820a7dead9,DDkrjDPppmHzy2R5fq1dKS41yyq6xRiE9vxExzbmpump,20,2026-08-28T03:57:28.995147+00:00,AVAILABLE,-2850,-2850,1
fp1sig-144d832f6ff536820a7dead9,DDkrjDPppmHzy2R5fq1dKS41yyq6xRiE9vxExzbmpump,30,2026-08-28T03:57:38.995147+00:00,AVAILABLE,-2850,-2850,1
fp1sig-144d832f6ff536820a7dead9,DDkrjDPppmHzy2R5fq1dKS41yyq6xRiE9vxExzbmpump,45,2026-08-28T03:57:53.995147+00:00,AVAILABLE,-2840,-2850,2
fp1sig-144d832f6ff536820a7dead9,DDkrjDPppmHzy2R5fq1dKS41yyq6xRiE9vxExzbmpump,60,2026-08-28T03:58:08.995147+00:00,AVAILABLE,-1956,-2850,3
fp1sig-144d832f6ff536820a7dead9,DDkrjDPppmHzy2R5fq1dKS41yyq6xRiE9vxExzbmpump,90,2026-08-28T03:58:38.995147+00:00,AVAILABLE,129,-3124,6
fp1sig-144d832f6ff536820a7dead9,DDkrjDPppmHzy2R5fq1dKS41yyq6xRiE9vxExzbmpump,120,2026-08-28T03:59:08.995147+00:00,AVAILABLE,129,-5738,14
fp1sig-144d832f6ff536820a7dead9,DDkrjDPppmHzy2R5fq1dKS41yyq6xRiE9vxExzbmpump,180,2026-08-28T04:00:08.995147+00:00,AVAILABLE,129,-8178,28
fp1sig-144d832f6ff536820a7dead9,DDkrjDPppmHzy2R5fq1dKS41yyq6xRiE9vxExzbmpump,300,2026-08-28T04:02:08.995147+00:00,AVAILABLE,129,-8178,42
fp1sig-14a66f2d11a00a23df4bdf85,7Zx8aciz3ttZPMDHoxDsYjpCQfxtjbxeBnR7gTbBpump,5,2026-08-28T05:56:28.648747+00:00,MISSING,,,0
fp1sig-14a66f2d11a00a23df4bdf85,7Zx8aciz3ttZPMDHoxDsYjpCQfxtjbxeBnR7gTbBpump,10,2026-08-28T05:56:33.648747+00:00,MISSING,,,0
fp1sig-14a66f2d11a00a23df4bdf85,7Zx8aciz3ttZPMDHoxDsYjpCQfxtjbxeBnR7gTbBpump,15,2026-08-28T05:56:38.648747+00:00,MISSING,,,0
fp1sig-14a66f2d11a00a23df4bdf85,7Zx8aciz3ttZPMDHoxDsYjpCQfxtjbxeBnR7gTbBpump,20,2026-08-28T05:56:43.648747+00:00,AVAILABLE,309,309,1
fp1sig-14a66f2d11a00a23df4bdf85,7Zx8aciz3ttZPMDHoxDsYjpCQfxtjbxeBnR7gTbBpump,30,2026-08-28T05:56:53.648747+00:00,AVAILABLE,309,309,1
fp1sig-14a66f2d11a00a23df4bdf85,7Zx8aciz3ttZPMDHoxDsYjpCQfxtjbxeBnR7gTbBpump,45,2026-08-28T05:57:08.648747+00:00,AVAILABLE,309,249,2
fp1sig-14a66f2d11a00a23df4bdf85,7Zx8aciz3ttZPMDHoxDsYjpCQfxtjbxeBnR7gTbBpump,60,2026-08-28T05:57:23.648747+00:00,AVAILABLE,309,249,2
fp1sig-14a66f2d11a00a23df4bdf85,7Zx8aciz3ttZPMDHoxDsYjpCQfxtjbxeBnR7gTbBpump,90,2026-08-28T05:57:53.648747+00:00,AVAILABLE,309,97,3
fp1sig-14a66f2d11a00a23df4bdf85,7Zx8aciz3ttZPMDHoxDsYjpCQfxtjbxeBnR7gTbBpump,120,2026-08-28T05:58:23.648747+00:00,AVAILABLE,693,63,5
fp1sig-14a66f2d11a00a23df4bdf85,7Zx8aciz3ttZPMDHoxDsYjpCQfxtjbxeBnR7gTbBpump,180,2026-08-28T05:59:23.648747+00:00,AVAILABLE,1349,63,7
fp1sig-14a66f2d11a00a23df4bdf85,7Zx8aciz3ttZPMDHoxDsYjpCQfxtjbxeBnR7gTbBpump,300,2026-08-28T06:01:23.648747+00:00,AVAILABLE,1349,-18,14
fp1sig-14ac269f82c73521eb3f91e1,2X2e7U6qmLCBFx1bJBb3kvCB2hbkLhtw5QVdmoKRpump,5,2026-08-28T09:10:35.645068+00:00,AVAILABLE,19,19,1
fp1sig-14ac269f82c73521eb3f91e1,2X2e7U6qmLCBFx1bJBb3kvCB2hbkLhtw5QVdmoKRpump,10,2026-08-28T09:10:40.645068+00:00,AVAILABLE,19,-101,3
fp1sig-14ac269f82c73521eb3f91e1,2X2e7U6qmLCBFx1bJBb3kvCB2hbkLhtw5QVdmoKRpump,15,2026-08-28T09:10:45.645068+00:00,AVAILABLE,19,-101,3
fp1sig-14ac269f82c73521eb3f91e1,2X2e7U6qmLCBFx1bJBb3kvCB2hbkLhtw5QVdmoKRpump,20,2026-08-28T09:10:50.645068+00:00,AVAILABLE,19,-101,3
fp1sig-14ac269f82c73521eb3f91e1,2X2e7U6qmLCBFx1bJBb3kvCB2hbkLhtw5QVdmoKRpump,30,2026-08-28T09:11:00.645068+00:00,AVAILABLE,19,-101,3
fp1sig-14ac269f82c73521eb3f91e1,2X2e7U6qmLCBFx1bJBb3kvCB2hbkLhtw5QVdmoKRpump,45,2026-08-28T09:11:15.645068+00:00,AVAILABLE,19,-105,5
fp1sig-14ac269f82c73521eb3f91e1,2X2e7U6qmLCBFx1bJBb3kvCB2hbkLhtw5QVdmoKRpump,60,2026-08-28T09:11:30.645068+00:00,AVAILABLE,794,-155,13
fp1sig-14ac269f82c73521eb3f91e1,2X2e7U6qmLCBFx1bJBb3kvCB2hbkLhtw5QVdmoKRpump,90,2026-08-28T09:12:00.645068+00:00,AVAILABLE,1609,-155,22
fp1sig-14ac269f82c73521eb3f91e1,2X2e7U6qmLCBFx1bJBb3kvCB2hbkLhtw5QVdmoKRpump,120,2026-08-28T09:12:30.645068+00:00,AVAILABLE,1879,-155,29
fp1sig-14ac269f82c73521eb3f91e1,2X2e7U6qmLCBFx1bJBb3kvCB2hbkLhtw5QVdmoKRpump,180,2026-08-28T09:13:30.645068+00:00,AVAILABLE,1879,-155,33
fp1sig-14ac269f82c73521eb3f91e1,2X2e7U6qmLCBFx1bJBb3kvCB2hbkLhtw5QVdmoKRpump,300,2026-08-28T09:15:30.645068+00:00,AVAILABLE,2216,-155,49
fp1sig-14c2625dd9319f0aab810322,4C6RhYo26uNCcJcYEdrd9cM9pqg7zwFqUUqCuELTpump,5,2026-08-28T01:49:29.270540+00:00,AVAILABLE,160,-940,2
fp1sig-14c2625dd9319f0aab810322,4C6RhYo26uNCcJcYEdrd9cM9pqg7zwFqUUqCuELTpump,10,2026-08-28T01:49:34.270540+00:00,AVAILABLE,489,-940,4
fp1sig-14c2625dd9319f0aab810322,4C6RhYo26uNCcJcYEdrd9cM9pqg7zwFqUUqCuELTpump,15,2026-08-28T01:49:39.270540+00:00,AVAILABLE,713,-1750,7
fp1sig-14c2625dd9319f0aab810322,4C6RhYo26uNCcJcYEdrd9cM9pqg7zwFqUUqCuELTpump,20,2026-08-28T01:49:44.270540+00:00,AVAILABLE,713,-3449,8
fp1sig-14c2625dd9319f0aab810322,4C6RhYo26uNCcJcYEdrd9cM9pqg7zwFqUUqCuELTpump,30,2026-08-28T01:49:54.270540+00:00,AVAILABLE,713,-4971,11
fp1sig-14c2625dd9319f0aab810322,4C6RhYo26uNCcJcYEdrd9cM9pqg7zwFqUUqCuELTpump,45,2026-08-28T01:50:09.270540+00:00,AVAILABLE,713,-6681,16
fp1sig-14c2625dd9319f0aab810322,4C6RhYo26uNCcJcYEdrd9cM9pqg7zwFqUUqCuELTpump,60,2026-08-28T01:50:24.270540+00:00,AVAILABLE,713,-7964,23
fp1sig-14c2625dd9319f0aab810322,4C6RhYo26uNCcJcYEdrd9cM9pqg7zwFqUUqCuELTpump,90,2026-08-28T01:50:54.270540+00:00,AVAILABLE,713,-7964,29
fp1sig-14c2625dd9319f0aab810322,4C6RhYo26uNCcJcYEdrd9cM9pqg7zwFqUUqCuELTpump,120,2026-08-28T01:51:24.270540+00:00,AVAILABLE,713,-7964,36
fp1sig-14c2625dd9319f0aab810322,4C6RhYo26uNCcJcYEdrd9cM9pqg7zwFqUUqCuELTpump,180,2026-08-28T01:52:24.270540+00:00,AVAILABLE,713,-8136,44
fp1sig-14c2625dd9319f0aab810322,4C6RhYo26uNCcJcYEdrd9cM9pqg7zwFqUUqCuELTpump,300,2026-08-28T01:54:24.270540+00:00,AVAILABLE,713,-8664,81
fp1sig-14cdef07cf31dffc59dcc5da,FM9ZpRrcvgeaP2KaF5UqgNedw2WCVNKyn92S1J4pump,5,2026-08-28T02:22:49.315041+00:00,AVAILABLE,119,102,4
fp1sig-14cdef07cf31dffc59dcc5da,FM9ZpRrcvgeaP2KaF5UqgNedw2WCVNKyn92S1J4pump,10,2026-08-28T02:22:54.315041+00:00,AVAILABLE,137,102,5
fp1sig-14cdef07cf31dffc59dcc5da,FM9ZpRrcvgeaP2KaF5UqgNedw2WCVNKyn92S1J4pump,15,2026-08-28T02:22:59.315041+00:00,AVAILABLE,137,46,7
fp1sig-14cdef07cf31dffc59dcc5da,FM9ZpRrcvgeaP2KaF5UqgNedw2WCVNKyn92S1J4pump,20,2026-08-28T02:23:04.315041+00:00,AVAILABLE,235,20,9
fp1sig-14cdef07cf31dffc59dcc5da,FM9ZpRrcvgeaP2KaF5UqgNedw2WCVNKyn92S1J4pump,30,2026-08-28T02:23:14.315041+00:00,AVAILABLE,235,-12,12
fp1sig-14cdef07cf31dffc59dcc5da,FM9ZpRrcvgeaP2KaF5UqgNedw2WCVNKyn92S1J4pump,45,2026-08-28T02:23:29.315041+00:00,AVAILABLE,235,-335,14
fp1sig-14cdef07cf31dffc59dcc5da,FM9ZpRrcvgeaP2KaF5UqgNedw2WCVNKyn92S1J4pump,60,2026-08-28T02:23:44.315041+00:00,AVAILABLE,1763,-335,20
fp1sig-14cdef07cf31dffc59dcc5da,FM9ZpRrcvgeaP2KaF5UqgNedw2WCVNKyn92S1J4pump,90,2026-08-28T02:24:14.315041+00:00,AVAILABLE,2682,-335,33
fp1sig-14cdef07cf31dffc59dcc5da,FM9ZpRrcvgeaP2KaF5UqgNedw2WCVNKyn92S1J4pump,120,2026-08-28T02:24:44.315041+00:00,AVAILABLE,2682,-335,49
fp1sig-14cdef07cf31dffc59dcc5da,FM9ZpRrcvgeaP2KaF5UqgNedw2WCVNKyn92S1J4pump,180,2026-08-28T02:25:44.315041+00:00,AVAILABLE,3178,-335,72
fp1sig-14cdef07cf31dffc59dcc5da,FM9ZpRrcvgeaP2KaF5UqgNedw2WCVNKyn92S1J4pump,300,2026-08-28T02:27:44.315041+00:00,AVAILABLE,4390,-335,108
fp1sig-152e1472db90ad503a6a3fd5,96k9E1MbAsnYCmVtwRwHmxd1qx5pUvXyh2wzwHEkpump,5,2026-08-28T01:06:36.603172+00:00,AVAILABLE,-238,-238,1
fp1sig-152e1472db90ad503a6a3fd5,96k9E1MbAsnYCmVtwRwHmxd1qx5pUvXyh2wzwHEkpump,10,2026-08-28T01:06:41.603172+00:00,AVAILABLE,-238,-255,2
fp1sig-152e1472db90ad503a6a3fd5,96k9E1MbAsnYCmVtwRwHmxd1qx5pUvXyh2wzwHEkpump,15,2026-08-28T01:06:46.603172+00:00,AVAILABLE,-238,-255,2
fp1sig-152e1472db90ad503a6a3fd5,96k9E1MbAsnYCmVtwRwHmxd1qx5pUvXyh2wzwHEkpump,20,2026-08-28T01:06:51.603172+00:00,AVAILABLE,-238,-1061,4
fp1sig-152e1472db90ad503a6a3fd5,96k9E1MbAsnYCmVtwRwHmxd1qx5pUvXyh2wzwHEkpump,30,2026-08-28T01:07:01.603172+00:00,AVAILABLE,-238,-1074,6
fp1sig-152e1472db90ad503a6a3fd5,96k9E1MbAsnYCmVtwRwHmxd1qx5pUvXyh2wzwHEkpump,45,2026-08-28T01:07:16.603172+00:00,AVAILABLE,-238,-1074,6
fp1sig-152e1472db90ad503a6a3fd5,96k9E1MbAsnYCmVtwRwHmxd1qx5pUvXyh2wzwHEkpump,60,2026-08-28T01:07:31.603172+00:00,AVAILABLE,-238,-1074,6
fp1sig-152e1472db90ad503a6a3fd5,96k9E1MbAsnYCmVtwRwHmxd1qx5pUvXyh2wzwHEkpump,90,2026-08-28T01:08:01.603172+00:00,AVAILABLE,-238,-1074,6
fp1sig-152e1472db90ad503a6a3fd5,96k9E1MbAsnYCmVtwRwHmxd1qx5pUvXyh2wzwHEkpump,120,2026-08-28T01:08:31.603172+00:00,AVAILABLE,-238,-1074,6
fp1sig-152e1472db90ad503a6a3fd5,96k9E1MbAsnYCmVtwRwHmxd1qx5pUvXyh2wzwHEkpump,180,2026-08-28T01:09:31.603172+00:00,AVAILABLE,-238,-1074,6
fp1sig-152e1472db90ad503a6a3fd5,96k9E1MbAsnYCmVtwRwHmxd1qx5pUvXyh2wzwHEkpump,300,2026-08-28T01:11:31.603172+00:00,AVAILABLE,-238,-1074,6
fp1sig-154376ea56593414e88e01ff,D5AgGKyesUN6UNH7LYvvvWZ7mEL9Johbk4qtg2TDpump,5,2026-08-27T16:44:09.110388+00:00,AVAILABLE,-1449,-1450,2
fp1sig-154376ea56593414e88e01ff,D5AgGKyesUN6UNH7LYvvvWZ7mEL9Johbk4qtg2TDpump,10,2026-08-27T16:44:14.110388+00:00,AVAILABLE,-1449,-1450,2
fp1sig-154376ea56593414e88e01ff,D5AgGKyesUN6UNH7LYvvvWZ7mEL9Johbk4qtg2TDpump,15,2026-08-27T16:44:19.110388+00:00,AVAILABLE,-1402,-1450,3
fp1sig-154376ea56593414e88e01ff,D5AgGKyesUN6UNH7LYvvvWZ7mEL9Johbk4qtg2TDpump,20,2026-08-27T16:44:24.110388+00:00,AVAILABLE,-1402,-1450,4
fp1sig-154376ea56593414e88e01ff,D5AgGKyesUN6UNH7LYvvvWZ7mEL9Johbk4qtg2TDpump,30,2026-08-27T16:44:34.110388+00:00,AVAILABLE,-1402,-1450,4
fp1sig-154376ea56593414e88e01ff,D5AgGKyesUN6UNH7LYvvvWZ7mEL9Johbk4qtg2TDpump,45,2026-08-27T16:44:49.110388+00:00,AVAILABLE,-1402,-1450,5
fp1sig-154376ea56593414e88e01ff,D5AgGKyesUN6UNH7LYvvvWZ7mEL9Johbk4qtg2TDpump,60,2026-08-27T16:45:04.110388+00:00,AVAILABLE,-1402,-1450,5
fp1sig-154376ea56593414e88e01ff,D5AgGKyesUN6UNH7LYvvvWZ7mEL9Johbk4qtg2TDpump,90,2026-08-27T16:45:34.110388+00:00,AVAILABLE,-1402,-2638,8
fp1sig-154376ea56593414e88e01ff,D5AgGKyesUN6UNH7LYvvvWZ7mEL9Johbk4qtg2TDpump,120,2026-08-27T16:46:04.110388+00:00,AVAILABLE,-1402,-2638,8
fp1sig-154376ea56593414e88e01ff,D5AgGKyesUN6UNH7LYvvvWZ7mEL9Johbk4qtg2TDpump,180,2026-08-27T16:47:04.110388+00:00,AVAILABLE,-1402,-2682,9
fp1sig-154376ea56593414e88e01ff,D5AgGKyesUN6UNH7LYvvvWZ7mEL9Johbk4qtg2TDpump,300,2026-08-27T16:49:04.110388+00:00,AVAILABLE,-1402,-2935,12
fp1sig-15fb410e973d97deeb47f941,Fd1jB4ke8ge7bpHkQxGTF3wUkD5kbpw8HX6RUDVzHV9d,5,2026-08-27T14:11:25.916713+00:00,AVAILABLE,286,286,1
fp1sig-15fb410e973d97deeb47f941,Fd1jB4ke8ge7bpHkQxGTF3wUkD5kbpw8HX6RUDVzHV9d,10,2026-08-27T14:11:30.916713+00:00,AVAILABLE,286,286,1
fp1sig-15fb410e973d97deeb47f941,Fd1jB4ke8ge7bpHkQxGTF3wUkD5kbpw8HX6RUDVzHV9d,15,2026-08-27T14:11:35.916713+00:00,AVAILABLE,286,227,2
fp1sig-15fb410e973d97deeb47f941,Fd1jB4ke8ge7bpHkQxGTF3wUkD5kbpw8HX6RUDVzHV9d,20,2026-08-27T14:11:40.916713+00:00,AVAILABLE,286,227,2
fp1sig-15fb410e973d97deeb47f941,Fd1jB4ke8ge7bpHkQxGTF3wUkD5kbpw8HX6RUDVzHV9d,30,2026-08-27T14:11:50.916713+00:00,AVAILABLE,286,227,2
fp1sig-15fb410e973d97deeb47f941,Fd1jB4ke8ge7bpHkQxGTF3wUkD5kbpw8HX6RUDVzHV9d,45,2026-08-27T14:12:05.916713+00:00,AVAILABLE,286,227,2
fp1sig-15fb410e973d97deeb47f941,Fd1jB4ke8ge7bpHkQxGTF3wUkD5kbpw8HX6RUDVzHV9d,60,2026-08-27T14:12:20.916713+00:00,AVAILABLE,286,227,2
fp1sig-15fb410e973d97deeb47f941,Fd1jB4ke8ge7bpHkQxGTF3wUkD5kbpw8HX6RUDVzHV9d,90,2026-08-27T14:12:50.916713+00:00,AVAILABLE,286,227,2
fp1sig-15fb410e973d97deeb47f941,Fd1jB4ke8ge7bpHkQxGTF3wUkD5kbpw8HX6RUDVzHV9d,120,2026-08-27T14:13:20.916713+00:00,AVAILABLE,286,227,2
fp1sig-15fb410e973d97deeb47f941,Fd1jB4ke8ge7bpHkQxGTF3wUkD5kbpw8HX6RUDVzHV9d,180,2026-08-27T14:14:20.916713+00:00,AVAILABLE,286,227,2
fp1sig-15fb410e973d97deeb47f941,Fd1jB4ke8ge7bpHkQxGTF3wUkD5kbpw8HX6RUDVzHV9d,300,2026-08-27T14:16:20.916713+00:00,AVAILABLE,286,227,2
fp1sig-1604b4ad4d26773d259ab43e,53kHqyAjysPccAZ8afAQg9gnhA7kXjBhD7nURjmvpump,5,2026-08-28T04:56:58.754547+00:00,AVAILABLE,-2236,-2236,1
fp1sig-1604b4ad4d26773d259ab43e,53kHqyAjysPccAZ8afAQg9gnhA7kXjBhD7nURjmvpump,10,2026-08-28T04:57:03.754547+00:00,AVAILABLE,-2236,-2236,1
fp1sig-1604b4ad4d26773d259ab43e,53kHqyAjysPccAZ8afAQg9gnhA7kXjBhD7nURjmvpump,15,2026-08-28T04:57:08.754547+00:00,AVAILABLE,-2236,-2236,1
fp1sig-1604b4ad4d26773d259ab43e,53kHqyAjysPccAZ8afAQg9gnhA7kXjBhD7nURjmvpump,20,2026-08-28T04:57:13.754547+00:00,AVAILABLE,-1090,-2236,2
fp1sig-1604b4ad4d26773d259ab43e,53kHqyAjysPccAZ8afAQg9gnhA7kXjBhD7nURjmvpump,30,2026-08-28T04:57:23.754547+00:00,AVAILABLE,54,-2236,3
fp1sig-1604b4ad4d26773d259ab43e,53kHqyAjysPccAZ8afAQg9gnhA7kXjBhD7nURjmvpump,45,2026-08-28T04:57:38.754547+00:00,AVAILABLE,54,-2656,5
fp1sig-1604b4ad4d26773d259ab43e,53kHqyAjysPccAZ8afAQg9gnhA7kXjBhD7nURjmvpump,60,2026-08-28T04:57:53.754547+00:00,AVAILABLE,558,-2997,9
fp1sig-1604b4ad4d26773d259ab43e,53kHqyAjysPccAZ8afAQg9gnhA7kXjBhD7nURjmvpump,90,2026-08-28T04:58:23.754547+00:00,AVAILABLE,558,-7474,18
fp1sig-1604b4ad4d26773d259ab43e,53kHqyAjysPccAZ8afAQg9gnhA7kXjBhD7nURjmvpump,120,2026-08-28T04:58:53.754547+00:00,AVAILABLE,558,-7662,24
fp1sig-1604b4ad4d26773d259ab43e,53kHqyAjysPccAZ8afAQg9gnhA7kXjBhD7nURjmvpump,180,2026-08-28T04:59:53.754547+00:00,AVAILABLE,558,-9435,41
fp1sig-1604b4ad4d26773d259ab43e,53kHqyAjysPccAZ8afAQg9gnhA7kXjBhD7nURjmvpump,300,2026-08-28T05:01:53.754547+00:00,AVAILABLE,558,-9438,46
fp1sig-168405b6866ca15d6575432d,Apd2NXobph9pcSN8fcEGVvMT7manX1sNEZcnjb2Epump,5,2026-08-28T02:29:07.378703+00:00,MISSING,,,0
fp1sig-168405b6866ca15d6575432d,Apd2NXobph9pcSN8fcEGVvMT7manX1sNEZcnjb2Epump,10,2026-08-28T02:29:12.378703+00:00,AVAILABLE,-1199,-1199,1
fp1sig-168405b6866ca15d6575432d,Apd2NXobph9pcSN8fcEGVvMT7manX1sNEZcnjb2Epump,15,2026-08-28T02:29:17.378703+00:00,AVAILABLE,4959,-1199,3
fp1sig-168405b6866ca15d6575432d,Apd2NXobph9pcSN8fcEGVvMT7manX1sNEZcnjb2Epump,20,2026-08-28T02:29:22.378703+00:00,AVAILABLE,4959,-1199,3
fp1sig-168405b6866ca15d6575432d,Apd2NXobph9pcSN8fcEGVvMT7manX1sNEZcnjb2Epump,30,2026-08-28T02:29:32.378703+00:00,AVAILABLE,8710,-1199,6
fp1sig-168405b6866ca15d6575432d,Apd2NXobph9pcSN8fcEGVvMT7manX1sNEZcnjb2Epump,45,2026-08-28T02:29:47.378703+00:00,AVAILABLE,8710,-1199,10
fp1sig-168405b6866ca15d6575432d,Apd2NXobph9pcSN8fcEGVvMT7manX1sNEZcnjb2Epump,60,2026-08-28T02:30:02.378703+00:00,AVAILABLE,8710,-1199,13
fp1sig-168405b6866ca15d6575432d,Apd2NXobph9pcSN8fcEGVvMT7manX1sNEZcnjb2Epump,90,2026-08-28T02:30:32.378703+00:00,AVAILABLE,8710,-6230,19
fp1sig-168405b6866ca15d6575432d,Apd2NXobph9pcSN8fcEGVvMT7manX1sNEZcnjb2Epump,120,2026-08-28T02:31:02.378703+00:00,AVAILABLE,8710,-7733,25
fp1sig-168405b6866ca15d6575432d,Apd2NXobph9pcSN8fcEGVvMT7manX1sNEZcnjb2Epump,180,2026-08-28T02:32:02.378703+00:00,AVAILABLE,8710,-8348,35
fp1sig-168405b6866ca15d6575432d,Apd2NXobph9pcSN8fcEGVvMT7manX1sNEZcnjb2Epump,300,2026-08-28T02:34:02.378703+00:00,AVAILABLE,8710,-8348,45
fp1sig-192a075f6f9a233c74ca3b54,3bsPszFfCDvFphLRDV656eRmsoWjoDybQPaPWJDzpump,5,2026-08-28T10:01:00.210262+00:00,MISSING,,,0
fp1sig-192a075f6f9a233c74ca3b54,3bsPszFfCDvFphLRDV656eRmsoWjoDybQPaPWJDzpump,10,2026-08-28T10:01:05.210262+00:00,AVAILABLE,-3172,-3172,1
fp1sig-192a075f6f9a233c74ca3b54,3bsPszFfCDvFphLRDV656eRmsoWjoDybQPaPWJDzpump,15,2026-08-28T10:01:10.210262+00:00,AVAILABLE,-3172,-3172,1
fp1sig-192a075f6f9a233c74ca3b54,3bsPszFfCDvFphLRDV656eRmsoWjoDybQPaPWJDzpump,20,2026-08-28T10:01:15.210262+00:00,AVAILABLE,-3172,-3172,1
fp1sig-192a075f6f9a233c74ca3b54,3bsPszFfCDvFphLRDV656eRmsoWjoDybQPaPWJDzpump,30,2026-08-28T10:01:25.210262+00:00,AVAILABLE,-3172,-3172,1
fp1sig-192a075f6f9a233c74ca3b54,3bsPszFfCDvFphLRDV656eRmsoWjoDybQPaPWJDzpump,45,2026-08-28T10:01:40.210262+00:00,AVAILABLE,-3172,-3586,2
fp1sig-192a075f6f9a233c74ca3b54,3bsPszFfCDvFphLRDV656eRmsoWjoDybQPaPWJDzpump,60,2026-08-28T10:01:55.210262+00:00,AVAILABLE,-2050,-3586,3
fp1sig-192a075f6f9a233c74ca3b54,3bsPszFfCDvFphLRDV656eRmsoWjoDybQPaPWJDzpump,90,2026-08-28T10:02:25.210262+00:00,AVAILABLE,-2050,-3586,4
fp1sig-192a075f6f9a233c74ca3b54,3bsPszFfCDvFphLRDV656eRmsoWjoDybQPaPWJDzpump,120,2026-08-28T10:02:55.210262+00:00,AVAILABLE,-2050,-3586,5
fp1sig-192a075f6f9a233c74ca3b54,3bsPszFfCDvFphLRDV656eRmsoWjoDybQPaPWJDzpump,180,2026-08-28T10:03:55.210262+00:00,AVAILABLE,-1110,-3586,7
fp1sig-192a075f6f9a233c74ca3b54,3bsPszFfCDvFphLRDV656eRmsoWjoDybQPaPWJDzpump,300,2026-08-28T10:05:55.210262+00:00,AVAILABLE,-1110,-4545,13
fp1sig-1931b8d6e587e6b5f9c28d3a,6jcTAR486G3HNGhYt1xbk3thUeyQbfCN1ZXtb9XZpump,5,2026-08-27T14:08:15.341491+00:00,MISSING,,,0
fp1sig-1931b8d6e587e6b5f9c28d3a,6jcTAR486G3HNGhYt1xbk3thUeyQbfCN1ZXtb9XZpump,10,2026-08-27T14:08:20.341491+00:00,MISSING,,,0
fp1sig-1931b8d6e587e6b5f9c28d3a,6jcTAR486G3HNGhYt1xbk3thUeyQbfCN1ZXtb9XZpump,15,2026-08-27T14:08:25.341491+00:00,MISSING,,,0
fp1sig-1931b8d6e587e6b5f9c28d3a,6jcTAR486G3HNGhYt1xbk3thUeyQbfCN1ZXtb9XZpump,20,2026-08-27T14:08:30.341491+00:00,AVAILABLE,974,-139,2
fp1sig-1931b8d6e587e6b5f9c28d3a,6jcTAR486G3HNGhYt1xbk3thUeyQbfCN1ZXtb9XZpump,30,2026-08-27T14:08:40.341491+00:00,AVAILABLE,974,-4249,15
fp1sig-1931b8d6e587e6b5f9c28d3a,6jcTAR486G3HNGhYt1xbk3thUeyQbfCN1ZXtb9XZpump,45,2026-08-27T14:08:55.341491+00:00,AVAILABLE,974,-4249,15
fp1sig-1931b8d6e587e6b5f9c28d3a,6jcTAR486G3HNGhYt1xbk3thUeyQbfCN1ZXtb9XZpump,60,2026-08-27T14:09:10.341491+00:00,AVAILABLE,974,-4249,17
fp1sig-1931b8d6e587e6b5f9c28d3a,6jcTAR486G3HNGhYt1xbk3thUeyQbfCN1ZXtb9XZpump,90,2026-08-27T14:09:40.341491+00:00,AVAILABLE,974,-4249,18
fp1sig-1931b8d6e587e6b5f9c28d3a,6jcTAR486G3HNGhYt1xbk3thUeyQbfCN1ZXtb9XZpump,120,2026-08-27T14:10:10.341491+00:00,AVAILABLE,974,-4303,23
fp1sig-1931b8d6e587e6b5f9c28d3a,6jcTAR486G3HNGhYt1xbk3thUeyQbfCN1ZXtb9XZpump,180,2026-08-27T14:11:10.341491+00:00,AVAILABLE,974,-4303,39
fp1sig-1931b8d6e587e6b5f9c28d3a,6jcTAR486G3HNGhYt1xbk3thUeyQbfCN1ZXtb9XZpump,300,2026-08-27T14:13:10.341491+00:00,AVAILABLE,974,-5019,45
fp1sig-1a859f3b215e81af3fdd363f,Gf8hWxXUxNByJFzvoZuAaqHs4DoY4YZFqgtuEKyYMW3V,5,2026-08-28T06:04:08.995361+00:00,AVAILABLE,-2701,-2713,2
fp1sig-1a859f3b215e81af3fdd363f,Gf8hWxXUxNByJFzvoZuAaqHs4DoY4YZFqgtuEKyYMW3V,10,2026-08-28T06:04:13.995361+00:00,AVAILABLE,-2701,-2713,2
fp1sig-1a859f3b215e81af3fdd363f,Gf8hWxXUxNByJFzvoZuAaqHs4DoY4YZFqgtuEKyYMW3V,15,2026-08-28T06:04:18.995361+00:00,AVAILABLE,-2701,-2715,3
fp1sig-1a859f3b215e81af3fdd363f,Gf8hWxXUxNByJFzvoZuAaqHs4DoY4YZFqgtuEKyYMW3V,20,2026-08-28T06:04:23.995361+00:00,AVAILABLE,-2701,-2715,3
fp1sig-1a859f3b215e81af3fdd363f,Gf8hWxXUxNByJFzvoZuAaqHs4DoY4YZFqgtuEKyYMW3V,30,2026-08-28T06:04:33.995361+00:00,AVAILABLE,-2701,-2715,3
fp1sig-1a859f3b215e81af3fdd363f,Gf8hWxXUxNByJFzvoZuAaqHs4DoY4YZFqgtuEKyYMW3V,45,2026-08-28T06:04:48.995361+00:00,AVAILABLE,-2701,-2727,4
fp1sig-1a859f3b215e81af3fdd363f,Gf8hWxXUxNByJFzvoZuAaqHs4DoY4YZFqgtuEKyYMW3V,60,2026-08-28T06:05:03.995361+00:00,AVAILABLE,-2701,-2727,4
fp1sig-1a859f3b215e81af3fdd363f,Gf8hWxXUxNByJFzvoZuAaqHs4DoY4YZFqgtuEKyYMW3V,90,2026-08-28T06:05:33.995361+00:00,AVAILABLE,-2701,-2727,4
fp1sig-1a859f3b215e81af3fdd363f,Gf8hWxXUxNByJFzvoZuAaqHs4DoY4YZFqgtuEKyYMW3V,120,2026-08-28T06:06:03.995361+00:00,AVAILABLE,-2701,-2727,4
fp1sig-1a859f3b215e81af3fdd363f,Gf8hWxXUxNByJFzvoZuAaqHs4DoY4YZFqgtuEKyYMW3V,180,2026-08-28T06:07:03.995361+00:00,AVAILABLE,-2701,-2727,4
fp1sig-1a859f3b215e81af3fdd363f,Gf8hWxXUxNByJFzvoZuAaqHs4DoY4YZFqgtuEKyYMW3V,300,2026-08-28T06:09:03.995361+00:00,AVAILABLE,-2701,-2727,4
fp1sig-1ae1a413565d8ae3eef8b79b,4DTkNVQqmELrq9fWEWhEULRGfJvNX2YENzrWod8Epump,5,2026-08-28T11:29:12.547245+00:00,AVAILABLE,1392,728,2
fp1sig-1ae1a413565d8ae3eef8b79b,4DTkNVQqmELrq9fWEWhEULRGfJvNX2YENzrWod8Epump,10,2026-08-28T11:29:17.547245+00:00,AVAILABLE,1392,728,2
fp1sig-1ae1a413565d8ae3eef8b79b,4DTkNVQqmELrq9fWEWhEULRGfJvNX2YENzrWod8Epump,15,2026-08-28T11:29:22.547245+00:00,AVAILABLE,1398,728,3
fp1sig-1ae1a413565d8ae3eef8b79b,4DTkNVQqmELrq9fWEWhEULRGfJvNX2YENzrWod8Epump,20,2026-08-28T11:29:27.547245+00:00,AVAILABLE,1398,728,3
fp1sig-1ae1a413565d8ae3eef8b79b,4DTkNVQqmELrq9fWEWhEULRGfJvNX2YENzrWod8Epump,30,2026-08-28T11:29:37.547245+00:00,AVAILABLE,1398,728,3
fp1sig-1ae1a413565d8ae3eef8b79b,4DTkNVQqmELrq9fWEWhEULRGfJvNX2YENzrWod8Epump,45,2026-08-28T11:29:52.547245+00:00,AVAILABLE,1398,728,3
fp1sig-1ae1a413565d8ae3eef8b79b,4DTkNVQqmELrq9fWEWhEULRGfJvNX2YENzrWod8Epump,60,2026-08-28T11:30:07.547245+00:00,AVAILABLE,1398,728,3
fp1sig-1ae1a413565d8ae3eef8b79b,4DTkNVQqmELrq9fWEWhEULRGfJvNX2YENzrWod8Epump,90,2026-08-28T11:30:37.547245+00:00,AVAILABLE,1398,728,3
fp1sig-1ae1a413565d8ae3eef8b79b,4DTkNVQqmELrq9fWEWhEULRGfJvNX2YENzrWod8Epump,120,2026-08-28T11:31:07.547245+00:00,AVAILABLE,1398,728,3
fp1sig-1ae1a413565d8ae3eef8b79b,4DTkNVQqmELrq9fWEWhEULRGfJvNX2YENzrWod8Epump,180,2026-08-28T11:32:07.547245+00:00,AVAILABLE,1398,728,3
fp1sig-1ae1a413565d8ae3eef8b79b,4DTkNVQqmELrq9fWEWhEULRGfJvNX2YENzrWod8Epump,300,2026-08-28T11:34:07.547245+00:00,AVAILABLE,1398,728,4
fp1sig-1aff857d65cd5cbebfdc4aba,25G6DrtUMQoDqJwfTSSYHosLCMCwc1YuNRbdtio2pump,5,2026-08-28T07:46:12.856207+00:00,AVAILABLE,-3838,-3838,1
fp1sig-1aff857d65cd5cbebfdc4aba,25G6DrtUMQoDqJwfTSSYHosLCMCwc1YuNRbdtio2pump,10,2026-08-28T07:46:17.856207+00:00,AVAILABLE,-3791,-4187,4
fp1sig-1aff857d65cd5cbebfdc4aba,25G6DrtUMQoDqJwfTSSYHosLCMCwc1YuNRbdtio2pump,15,2026-08-28T07:46:22.856207+00:00,AVAILABLE,-3622,-4766,7
fp1sig-1aff857d65cd5cbebfdc4aba,25G6DrtUMQoDqJwfTSSYHosLCMCwc1YuNRbdtio2pump,20,2026-08-28T07:46:27.856207+00:00,AVAILABLE,-3622,-8471,8
fp1sig-1aff857d65cd5cbebfdc4aba,25G6DrtUMQoDqJwfTSSYHosLCMCwc1YuNRbdtio2pump,30,2026-08-28T07:46:37.856207+00:00,AVAILABLE,-3622,-8474,14
fp1sig-1aff857d65cd5cbebfdc4aba,25G6DrtUMQoDqJwfTSSYHosLCMCwc1YuNRbdtio2pump,45,2026-08-28T07:46:52.856207+00:00,AVAILABLE,-3622,-8766,17
fp1sig-1aff857d65cd5cbebfdc4aba,25G6DrtUMQoDqJwfTSSYHosLCMCwc1YuNRbdtio2pump,60,2026-08-28T07:47:07.856207+00:00,AVAILABLE,-3622,-8766,26
fp1sig-1aff857d65cd5cbebfdc4aba,25G6DrtUMQoDqJwfTSSYHosLCMCwc1YuNRbdtio2pump,90,2026-08-28T07:47:37.856207+00:00,AVAILABLE,-3622,-8766,34
fp1sig-1aff857d65cd5cbebfdc4aba,25G6DrtUMQoDqJwfTSSYHosLCMCwc1YuNRbdtio2pump,120,2026-08-28T07:48:07.856207+00:00,AVAILABLE,-3622,-9240,79
fp1sig-1aff857d65cd5cbebfdc4aba,25G6DrtUMQoDqJwfTSSYHosLCMCwc1YuNRbdtio2pump,180,2026-08-28T07:49:07.856207+00:00,AVAILABLE,-3622,-9555,115
fp1sig-1aff857d65cd5cbebfdc4aba,25G6DrtUMQoDqJwfTSSYHosLCMCwc1YuNRbdtio2pump,300,2026-08-28T07:51:07.856207+00:00,AVAILABLE,-3622,-9651,136
fp1sig-1b2bbf5c5d030e0eebe4076e,BuXixHoVD5en8ySNPwHViV9ZJzjF4D89hvD5kiqJpump,5,2026-08-28T10:42:28.737857+00:00,AVAILABLE,674,674,1
fp1sig-1b2bbf5c5d030e0eebe4076e,BuXixHoVD5en8ySNPwHViV9ZJzjF4D89hvD5kiqJpump,10,2026-08-28T10:42:33.737857+00:00,AVAILABLE,1296,674,4
fp1sig-1b2bbf5c5d030e0eebe4076e,BuXixHoVD5en8ySNPwHViV9ZJzjF4D89hvD5kiqJpump,15,2026-08-28T10:42:38.737857+00:00,AVAILABLE,1296,674,4
fp1sig-1b2bbf5c5d030e0eebe4076e,BuXixHoVD5en8ySNPwHViV9ZJzjF4D89hvD5kiqJpump,20,2026-08-28T10:42:43.737857+00:00,AVAILABLE,1296,674,6
fp1sig-1b2bbf5c5d030e0eebe4076e,BuXixHoVD5en8ySNPwHViV9ZJzjF4D89hvD5kiqJpump,30,2026-08-28T10:42:53.737857+00:00,AVAILABLE,1296,-2152,17
fp1sig-1b2bbf5c5d030e0eebe4076e,BuXixHoVD5en8ySNPwHViV9ZJzjF4D89hvD5kiqJpump,45,2026-08-28T10:43:08.737857+00:00,AVAILABLE,1296,-2216,24
fp1sig-1b2bbf5c5d030e0eebe4076e,BuXixHoVD5en8ySNPwHViV9ZJzjF4D89hvD5kiqJpump,60,2026-08-28T10:43:23.737857+00:00,AVAILABLE,1296,-2359,27
fp1sig-1b2bbf5c5d030e0eebe4076e,BuXixHoVD5en8ySNPwHViV9ZJzjF4D89hvD5kiqJpump,90,2026-08-28T10:43:53.737857+00:00,AVAILABLE,1296,-2359,27
fp1sig-1b2bbf5c5d030e0eebe4076e,BuXixHoVD5en8ySNPwHViV9ZJzjF4D89hvD5kiqJpump,120,2026-08-28T10:44:23.737857+00:00,AVAILABLE,1296,-2359,27
fp1sig-1b2bbf5c5d030e0eebe4076e,BuXixHoVD5en8ySNPwHViV9ZJzjF4D89hvD5kiqJpump,180,2026-08-28T10:45:23.737857+00:00,AVAILABLE,1296,-2359,27
fp1sig-1b2bbf5c5d030e0eebe4076e,BuXixHoVD5en8ySNPwHViV9ZJzjF4D89hvD5kiqJpump,300,2026-08-28T10:47:23.737857+00:00,AVAILABLE,1296,-2359,27
fp1sig-1b38487e0a75f26cab1ea35e,2oF6YWWPYfeCushRySM6tasKMSLvsdXTG7twjhydpump,5,2026-08-27T21:46:36.655063+00:00,AVAILABLE,296,-1441,3
fp1sig-1b38487e0a75f26cab1ea35e,2oF6YWWPYfeCushRySM6tasKMSLvsdXTG7twjhydpump,10,2026-08-27T21:46:41.655063+00:00,AVAILABLE,296,-1441,10
fp1sig-1b38487e0a75f26cab1ea35e,2oF6YWWPYfeCushRySM6tasKMSLvsdXTG7twjhydpump,15,2026-08-27T21:46:46.655063+00:00,AVAILABLE,296,-1441,10
fp1sig-1b38487e0a75f26cab1ea35e,2oF6YWWPYfeCushRySM6tasKMSLvsdXTG7twjhydpump,20,2026-08-27T21:46:51.655063+00:00,AVAILABLE,296,-1441,11
fp1sig-1b38487e0a75f26cab1ea35e,2oF6YWWPYfeCushRySM6tasKMSLvsdXTG7twjhydpump,30,2026-08-27T21:47:01.655063+00:00,AVAILABLE,296,-2240,22
fp1sig-1b38487e0a75f26cab1ea35e,2oF6YWWPYfeCushRySM6tasKMSLvsdXTG7twjhydpump,45,2026-08-27T21:47:16.655063+00:00,AVAILABLE,296,-2370,38
fp1sig-1b38487e0a75f26cab1ea35e,2oF6YWWPYfeCushRySM6tasKMSLvsdXTG7twjhydpump,60,2026-08-27T21:47:31.655063+00:00,AVAILABLE,296,-3952,45
fp1sig-1b38487e0a75f26cab1ea35e,2oF6YWWPYfeCushRySM6tasKMSLvsdXTG7twjhydpump,90,2026-08-27T21:48:01.655063+00:00,AVAILABLE,296,-3980,56
fp1sig-1b38487e0a75f26cab1ea35e,2oF6YWWPYfeCushRySM6tasKMSLvsdXTG7twjhydpump,120,2026-08-27T21:48:31.655063+00:00,AVAILABLE,296,-4441,66
fp1sig-1b38487e0a75f26cab1ea35e,2oF6YWWPYfeCushRySM6tasKMSLvsdXTG7twjhydpump,180,2026-08-27T21:49:31.655063+00:00,AVAILABLE,296,-4441,77
fp1sig-1b38487e0a75f26cab1ea35e,2oF6YWWPYfeCushRySM6tasKMSLvsdXTG7twjhydpump,300,2026-08-27T21:51:31.655063+00:00,AVAILABLE,296,-9178,141
fp1sig-1b7cccd007e9b1a9378ec092,35UFhucyMmEqKvR6ZC49BDAmWfb9e6VKtjKcX6Nzpump,5,2026-08-27T16:49:00.174075+00:00,MISSING,,,0
fp1sig-1b7cccd007e9b1a9378ec092,35UFhucyMmEqKvR6ZC49BDAmWfb9e6VKtjKcX6Nzpump,10,2026-08-27T16:49:05.174075+00:00,MISSING,,,0
fp1sig-1b7cccd007e9b1a9378ec092,35UFhucyMmEqKvR6ZC49BDAmWfb9e6VKtjKcX6Nzpump,15,2026-08-27T16:49:10.174075+00:00,MISSING,,,0
fp1sig-1b7cccd007e9b1a9378ec092,35UFhucyMmEqKvR6ZC49BDAmWfb9e6VKtjKcX6Nzpump,20,2026-08-27T16:49:15.174075+00:00,MISSING,,,0
fp1sig-1b7cccd007e9b1a9378ec092,35UFhucyMmEqKvR6ZC49BDAmWfb9e6VKtjKcX6Nzpump,30,2026-08-27T16:49:25.174075+00:00,MISSING,,,0
fp1sig-1b7cccd007e9b1a9378ec092,35UFhucyMmEqKvR6ZC49BDAmWfb9e6VKtjKcX6Nzpump,45,2026-08-27T16:49:40.174075+00:00,AVAILABLE,-803,-3122,4
fp1sig-1b7cccd007e9b1a9378ec092,35UFhucyMmEqKvR6ZC49BDAmWfb9e6VKtjKcX6Nzpump,60,2026-08-27T16:49:55.174075+00:00,AVAILABLE,-803,-3141,13
fp1sig-1b7cccd007e9b1a9378ec092,35UFhucyMmEqKvR6ZC49BDAmWfb9e6VKtjKcX6Nzpump,90,2026-08-27T16:50:25.174075+00:00,AVAILABLE,-183,-3141,28
fp1sig-1b7cccd007e9b1a9378ec092,35UFhucyMmEqKvR6ZC49BDAmWfb9e6VKtjKcX6Nzpump,120,2026-08-27T16:50:55.174075+00:00,AVAILABLE,-183,-3141,33
fp1sig-1b7cccd007e9b1a9378ec092,35UFhucyMmEqKvR6ZC49BDAmWfb9e6VKtjKcX6Nzpump,180,2026-08-27T16:51:55.174075+00:00,AVAILABLE,-183,-3141,45
fp1sig-1b7cccd007e9b1a9378ec092,35UFhucyMmEqKvR6ZC49BDAmWfb9e6VKtjKcX6Nzpump,300,2026-08-27T16:53:55.174075+00:00,AVAILABLE,-183,-4740,96
fp1sig-1c15fdb8cf6056b57a3876b2,3Yb7NkZLqB1jL59rKnjYiT9R4fAsTt71hK3yGgKRpump,5,2026-08-28T07:10:31.408718+00:00,AVAILABLE,-4248,-4248,1
fp1sig-1c15fdb8cf6056b57a3876b2,3Yb7NkZLqB1jL59rKnjYiT9R4fAsTt71hK3yGgKRpump,10,2026-08-28T07:10:36.408718+00:00,AVAILABLE,-4248,-4248,1
fp1sig-1c15fdb8cf6056b57a3876b2,3Yb7NkZLqB1jL59rKnjYiT9R4fAsTt71hK3yGgKRpump,15,2026-08-28T07:10:41.408718+00:00,AVAILABLE,-4248,-4248,1
fp1sig-1c15fdb8cf6056b57a3876b2,3Yb7NkZLqB1jL59rKnjYiT9R4fAsTt71hK3yGgKRpump,20,2026-08-28T07:10:46.408718+00:00,AVAILABLE,-4248,-5385,2
fp1sig-1c15fdb8cf6056b57a3876b2,3Yb7NkZLqB1jL59rKnjYiT9R4fAsTt71hK3yGgKRpump,30,2026-08-28T07:10:56.408718+00:00,AVAILABLE,-4248,-5385,2
fp1sig-1c15fdb8cf6056b57a3876b2,3Yb7NkZLqB1jL59rKnjYiT9R4fAsTt71hK3yGgKRpump,45,2026-08-28T07:11:11.408718+00:00,AVAILABLE,-4248,-6235,3
fp1sig-1c15fdb8cf6056b57a3876b2,3Yb7NkZLqB1jL59rKnjYiT9R4fAsTt71hK3yGgKRpump,60,2026-08-28T07:11:26.408718+00:00,AVAILABLE,-4248,-7222,7
fp1sig-1c15fdb8cf6056b57a3876b2,3Yb7NkZLqB1jL59rKnjYiT9R4fAsTt71hK3yGgKRpump,90,2026-08-28T07:11:56.408718+00:00,AVAILABLE,-4248,-8176,22
fp1sig-1c15fdb8cf6056b57a3876b2,3Yb7NkZLqB1jL59rKnjYiT9R4fAsTt71hK3yGgKRpump,120,2026-08-28T07:12:26.408718+00:00,AVAILABLE,-4248,-8471,46
fp1sig-1c15fdb8cf6056b57a3876b2,3Yb7NkZLqB1jL59rKnjYiT9R4fAsTt71hK3yGgKRpump,180,2026-08-28T07:13:26.408718+00:00,AVAILABLE,-4248,-9853,95
fp1sig-1c15fdb8cf6056b57a3876b2,3Yb7NkZLqB1jL59rKnjYiT9R4fAsTt71hK3yGgKRpump,300,2026-08-28T07:15:26.408718+00:00,AVAILABLE,-4248,-9853,131
fp1sig-1d04b046e9e6659635467907,FZeY2Pex59ZMvh9RZW9F71eM1CyezFnAAjHRuEwCpump,5,2026-08-27T22:11:01.742562+00:00,AVAILABLE,2997,1605,6
fp1sig-1d04b046e9e6659635467907,FZeY2Pex59ZMvh9RZW9F71eM1CyezFnAAjHRuEwCpump,10,2026-08-27T22:11:06.742562+00:00,AVAILABLE,3268,1605,7
fp1sig-1d04b046e9e6659635467907,FZeY2Pex59ZMvh9RZW9F71eM1CyezFnAAjHRuEwCpump,15,2026-08-27T22:11:11.742562+00:00,AVAILABLE,3268,1605,8
fp1sig-1d04b046e9e6659635467907,FZeY2Pex59ZMvh9RZW9F71eM1CyezFnAAjHRuEwCpump,20,2026-08-27T22:11:16.742562+00:00,AVAILABLE,3268,1605,8
fp1sig-1d04b046e9e6659635467907,FZeY2Pex59ZMvh9RZW9F71eM1CyezFnAAjHRuEwCpump,30,2026-08-27T22:11:26.742562+00:00,AVAILABLE,7203,1605,17
fp1sig-1d04b046e9e6659635467907,FZeY2Pex59ZMvh9RZW9F71eM1CyezFnAAjHRuEwCpump,45,2026-08-27T22:11:41.742562+00:00,AVAILABLE,8030,1605,22
fp1sig-1d04b046e9e6659635467907,FZeY2Pex59ZMvh9RZW9F71eM1CyezFnAAjHRuEwCpump,60,2026-08-27T22:11:56.742562+00:00,AVAILABLE,8030,1605,24
fp1sig-1d04b046e9e6659635467907,FZeY2Pex59ZMvh9RZW9F71eM1CyezFnAAjHRuEwCpump,90,2026-08-27T22:12:26.742562+00:00,AVAILABLE,8030,1605,26
fp1sig-1d04b046e9e6659635467907,FZeY2Pex59ZMvh9RZW9F71eM1CyezFnAAjHRuEwCpump,120,2026-08-27T22:12:56.742562+00:00,AVAILABLE,8030,1605,29
fp1sig-1d04b046e9e6659635467907,FZeY2Pex59ZMvh9RZW9F71eM1CyezFnAAjHRuEwCpump,180,2026-08-27T22:13:56.742562+00:00,AVAILABLE,8030,-4131,40
fp1sig-1d04b046e9e6659635467907,FZeY2Pex59ZMvh9RZW9F71eM1CyezFnAAjHRuEwCpump,300,2026-08-27T22:15:56.742562+00:00,AVAILABLE,8030,-4131,41
fp1sig-1dda40e9c02a5780c789d3f5,DV3yYBrgjh4HjnSuirvWh1ismwvWhfVm4Cs9tY4Zpump,5,2026-08-28T08:48:37.823357+00:00,AVAILABLE,114,114,1
fp1sig-1dda40e9c02a5780c789d3f5,DV3yYBrgjh4HjnSuirvWh1ismwvWhfVm4Cs9tY4Zpump,10,2026-08-28T08:48:42.823357+00:00,AVAILABLE,114,114,1
fp1sig-1dda40e9c02a5780c789d3f5,DV3yYBrgjh4HjnSuirvWh1ismwvWhfVm4Cs9tY4Zpump,15,2026-08-28T08:48:47.823357+00:00,AVAILABLE,114,61,2
fp1sig-1dda40e9c02a5780c789d3f5,DV3yYBrgjh4HjnSuirvWh1ismwvWhfVm4Cs9tY4Zpump,20,2026-08-28T08:48:52.823357+00:00,AVAILABLE,114,61,2
fp1sig-1dda40e9c02a5780c789d3f5,DV3yYBrgjh4HjnSuirvWh1ismwvWhfVm4Cs9tY4Zpump,30,2026-08-28T08:49:02.823357+00:00,AVAILABLE,114,-291,3
fp1sig-1dda40e9c02a5780c789d3f5,DV3yYBrgjh4HjnSuirvWh1ismwvWhfVm4Cs9tY4Zpump,45,2026-08-28T08:49:17.823357+00:00,AVAILABLE,114,-291,3
fp1sig-1dda40e9c02a5780c789d3f5,DV3yYBrgjh4HjnSuirvWh1ismwvWhfVm4Cs9tY4Zpump,60,2026-08-28T08:49:32.823357+00:00,AVAILABLE,114,-2490,4
fp1sig-1dda40e9c02a5780c789d3f5,DV3yYBrgjh4HjnSuirvWh1ismwvWhfVm4Cs9tY4Zpump,90,2026-08-28T08:50:02.823357+00:00,AVAILABLE,114,-3239,11
fp1sig-1dda40e9c02a5780c789d3f5,DV3yYBrgjh4HjnSuirvWh1ismwvWhfVm4Cs9tY4Zpump,120,2026-08-28T08:50:32.823357+00:00,AVAILABLE,114,-3239,19
fp1sig-1dda40e9c02a5780c789d3f5,DV3yYBrgjh4HjnSuirvWh1ismwvWhfVm4Cs9tY4Zpump,180,2026-08-28T08:51:32.823357+00:00,AVAILABLE,114,-3239,24
fp1sig-1dda40e9c02a5780c789d3f5,DV3yYBrgjh4HjnSuirvWh1ismwvWhfVm4Cs9tY4Zpump,300,2026-08-28T08:53:32.823357+00:00,AVAILABLE,114,-3239,36
fp1sig-1ee9cf7257d1e2467530257b,3zL5SnJyYYCpCxf8VCXRZy9GADEVKxoxpGv16Rfbpump,5,2026-08-27T18:17:24.112419+00:00,MISSING,,,0
fp1sig-1ee9cf7257d1e2467530257b,3zL5SnJyYYCpCxf8VCXRZy9GADEVKxoxpGv16Rfbpump,10,2026-08-27T18:17:29.112419+00:00,AVAILABLE,640,-825,4
fp1sig-1ee9cf7257d1e2467530257b,3zL5SnJyYYCpCxf8VCXRZy9GADEVKxoxpGv16Rfbpump,15,2026-08-27T18:17:34.112419+00:00,AVAILABLE,640,-825,4
fp1sig-1ee9cf7257d1e2467530257b,3zL5SnJyYYCpCxf8VCXRZy9GADEVKxoxpGv16Rfbpump,20,2026-08-27T18:17:39.112419+00:00,AVAILABLE,640,-825,5
fp1sig-1ee9cf7257d1e2467530257b,3zL5SnJyYYCpCxf8VCXRZy9GADEVKxoxpGv16Rfbpump,30,2026-08-27T18:17:49.112419+00:00,AVAILABLE,640,-1675,11
fp1sig-1ee9cf7257d1e2467530257b,3zL5SnJyYYCpCxf8VCXRZy9GADEVKxoxpGv16Rfbpump,45,2026-08-27T18:18:04.112419+00:00,AVAILABLE,640,-1675,14
fp1sig-1ee9cf7257d1e2467530257b,3zL5SnJyYYCpCxf8VCXRZy9GADEVKxoxpGv16Rfbpump,60,2026-08-27T18:18:19.112419+00:00,AVAILABLE,640,-1675,19
fp1sig-1ee9cf7257d1e2467530257b,3zL5SnJyYYCpCxf8VCXRZy9GADEVKxoxpGv16Rfbpump,90,2026-08-27T18:18:49.112419+00:00,AVAILABLE,640,-1675,20
fp1sig-1ee9cf7257d1e2467530257b,3zL5SnJyYYCpCxf8VCXRZy9GADEVKxoxpGv16Rfbpump,120,2026-08-27T18:19:19.112419+00:00,AVAILABLE,640,-1675,22
fp1sig-1ee9cf7257d1e2467530257b,3zL5SnJyYYCpCxf8VCXRZy9GADEVKxoxpGv16Rfbpump,180,2026-08-27T18:20:19.112419+00:00,AVAILABLE,640,-2745,27
fp1sig-1ee9cf7257d1e2467530257b,3zL5SnJyYYCpCxf8VCXRZy9GADEVKxoxpGv16Rfbpump,300,2026-08-27T18:22:19.112419+00:00,AVAILABLE,640,-4453,36
fp1sig-1f0068a9f04fd06f9b213e0f,HyTd4ACuHBajMCEKcCZgeYz9gZcCc7pye1qb48WFpump,5,2026-08-28T11:58:20.435020+00:00,MISSING,,,0
fp1sig-1f0068a9f04fd06f9b213e0f,HyTd4ACuHBajMCEKcCZgeYz9gZcCc7pye1qb48WFpump,10,2026-08-28T11:58:25.435020+00:00,AVAILABLE,153,153,1
fp1sig-1f0068a9f04fd06f9b213e0f,HyTd4ACuHBajMCEKcCZgeYz9gZcCc7pye1qb48WFpump,15,2026-08-28T11:58:30.435020+00:00,AVAILABLE,153,153,1
fp1sig-1f0068a9f04fd06f9b213e0f,HyTd4ACuHBajMCEKcCZgeYz9gZcCc7pye1qb48WFpump,20,2026-08-28T11:58:35.435020+00:00,AVAILABLE,204,-1212,6
fp1sig-1f0068a9f04fd06f9b213e0f,HyTd4ACuHBajMCEKcCZgeYz9gZcCc7pye1qb48WFpump,30,2026-08-28T11:58:45.435020+00:00,AVAILABLE,204,-2655,9
fp1sig-1f0068a9f04fd06f9b213e0f,HyTd4ACuHBajMCEKcCZgeYz9gZcCc7pye1qb48WFpump,45,2026-08-28T11:59:00.435020+00:00,AVAILABLE,204,-3986,13
fp1sig-1f0068a9f04fd06f9b213e0f,HyTd4ACuHBajMCEKcCZgeYz9gZcCc7pye1qb48WFpump,60,2026-08-28T11:59:15.435020+00:00,AVAILABLE,204,-3986,14
fp1sig-1f0068a9f04fd06f9b213e0f,HyTd4ACuHBajMCEKcCZgeYz9gZcCc7pye1qb48WFpump,90,2026-08-28T11:59:45.435020+00:00,AVAILABLE,204,-3986,14
fp1sig-1f0068a9f04fd06f9b213e0f,HyTd4ACuHBajMCEKcCZgeYz9gZcCc7pye1qb48WFpump,120,2026-08-28T12:00:15.435020+00:00,AVAILABLE,204,-3986,14
fp1sig-1f0068a9f04fd06f9b213e0f,HyTd4ACuHBajMCEKcCZgeYz9gZcCc7pye1qb48WFpump,180,2026-08-28T12:01:15.435020+00:00,AVAILABLE,204,-3986,21
fp1sig-1f0068a9f04fd06f9b213e0f,HyTd4ACuHBajMCEKcCZgeYz9gZcCc7pye1qb48WFpump,300,2026-08-28T12:03:15.435020+00:00,AVAILABLE,204,-3986,26
fp1sig-1fdc9d25b25a26f73c837051,5e73homhW2cByvFkEggroa7rG8yUCkCySfPFYf3Cpump,5,2026-08-28T01:42:51.314409+00:00,AVAILABLE,847,-561,6
fp1sig-1fdc9d25b25a26f73c837051,5e73homhW2cByvFkEggroa7rG8yUCkCySfPFYf3Cpump,10,2026-08-28T01:42:56.314409+00:00,AVAILABLE,847,-561,6
fp1sig-1fdc9d25b25a26f73c837051,5e73homhW2cByvFkEggroa7rG8yUCkCySfPFYf3Cpump,15,2026-08-28T01:43:01.314409+00:00,AVAILABLE,1063,-561,8
fp1sig-1fdc9d25b25a26f73c837051,5e73homhW2cByvFkEggroa7rG8yUCkCySfPFYf3Cpump,20,2026-08-28T01:43:06.314409+00:00,AVAILABLE,1063,-561,10
fp1sig-1fdc9d25b25a26f73c837051,5e73homhW2cByvFkEggroa7rG8yUCkCySfPFYf3Cpump,30,2026-08-28T01:43:16.314409+00:00,AVAILABLE,1582,-678,18
fp1sig-1fdc9d25b25a26f73c837051,5e73homhW2cByvFkEggroa7rG8yUCkCySfPFYf3Cpump,45,2026-08-28T01:43:31.314409+00:00,AVAILABLE,1582,-678,23
fp1sig-1fdc9d25b25a26f73c837051,5e73homhW2cByvFkEggroa7rG8yUCkCySfPFYf3Cpump,60,2026-08-28T01:43:46.314409+00:00,AVAILABLE,1582,-1322,32
fp1sig-1fdc9d25b25a26f73c837051,5e73homhW2cByvFkEggroa7rG8yUCkCySfPFYf3Cpump,90,2026-08-28T01:44:16.314409+00:00,AVAILABLE,1739,-1322,43
fp1sig-1fdc9d25b25a26f73c837051,5e73homhW2cByvFkEggroa7rG8yUCkCySfPFYf3Cpump,120,2026-08-28T01:44:46.314409+00:00,AVAILABLE,1739,-1322,52
fp1sig-1fdc9d25b25a26f73c837051,5e73homhW2cByvFkEggroa7rG8yUCkCySfPFYf3Cpump,180,2026-08-28T01:45:46.314409+00:00,AVAILABLE,1739,-1322,63
fp1sig-1fdc9d25b25a26f73c837051,5e73homhW2cByvFkEggroa7rG8yUCkCySfPFYf3Cpump,300,2026-08-28T01:47:46.314409+00:00,AVAILABLE,1739,-1322,78
fp1sig-207018d662ad181e9caa60c3,Dx8GHdKinjMzfVJVw1w7JT2kBHZXCkk9cudto5topump,5,2026-08-28T11:31:27.242718+00:00,AVAILABLE,-1469,-1674,3
fp1sig-207018d662ad181e9caa60c3,Dx8GHdKinjMzfVJVw1w7JT2kBHZXCkk9cudto5topump,10,2026-08-28T11:31:32.242718+00:00,AVAILABLE,-1469,-1712,5
fp1sig-207018d662ad181e9caa60c3,Dx8GHdKinjMzfVJVw1w7JT2kBHZXCkk9cudto5topump,15,2026-08-28T11:31:37.242718+00:00,AVAILABLE,-1469,-1712,5
fp1sig-207018d662ad181e9caa60c3,Dx8GHdKinjMzfVJVw1w7JT2kBHZXCkk9cudto5topump,20,2026-08-28T11:31:42.242718+00:00,AVAILABLE,-1365,-1712,8
fp1sig-207018d662ad181e9caa60c3,Dx8GHdKinjMzfVJVw1w7JT2kBHZXCkk9cudto5topump,30,2026-08-28T11:31:52.242718+00:00,AVAILABLE,-1284,-2305,17
fp1sig-207018d662ad181e9caa60c3,Dx8GHdKinjMzfVJVw1w7JT2kBHZXCkk9cudto5topump,45,2026-08-28T11:32:07.242718+00:00,AVAILABLE,-1284,-2531,22
fp1sig-207018d662ad181e9caa60c3,Dx8GHdKinjMzfVJVw1w7JT2kBHZXCkk9cudto5topump,60,2026-08-28T11:32:22.242718+00:00,AVAILABLE,-1284,-2531,23
fp1sig-207018d662ad181e9caa60c3,Dx8GHdKinjMzfVJVw1w7JT2kBHZXCkk9cudto5topump,90,2026-08-28T11:32:52.242718+00:00,AVAILABLE,-1284,-2531,23
fp1sig-207018d662ad181e9caa60c3,Dx8GHdKinjMzfVJVw1w7JT2kBHZXCkk9cudto5topump,120,2026-08-28T11:33:22.242718+00:00,AVAILABLE,-1284,-2531,25
fp1sig-207018d662ad181e9caa60c3,Dx8GHdKinjMzfVJVw1w7JT2kBHZXCkk9cudto5topump,180,2026-08-28T11:34:22.242718+00:00,AVAILABLE,-1284,-2626,26
fp1sig-207018d662ad181e9caa60c3,Dx8GHdKinjMzfVJVw1w7JT2kBHZXCkk9cudto5topump,300,2026-08-28T11:36:22.242718+00:00,AVAILABLE,-1284,-2844,27
fp1sig-207e967197a264943170dd62,F5rKte7ELibjAj1uwEzsqo42mz9SP5t35gPFpUh5pump,5,2026-08-28T06:52:37.407891+00:00,AVAILABLE,374,-2190,4
fp1sig-207e967197a264943170dd62,F5rKte7ELibjAj1uwEzsqo42mz9SP5t35gPFpUh5pump,10,2026-08-28T06:52:42.407891+00:00,AVAILABLE,374,-6018,10
fp1sig-207e967197a264943170dd62,F5rKte7ELibjAj1uwEzsqo42mz9SP5t35gPFpUh5pump,15,2026-08-28T06:52:47.407891+00:00,AVAILABLE,374,-7310,16
fp1sig-207e967197a264943170dd62,F5rKte7ELibjAj1uwEzsqo42mz9SP5t35gPFpUh5pump,20,2026-08-28T06:52:52.407891+00:00,AVAILABLE,374,-7663,22
fp1sig-207e967197a264943170dd62,F5rKte7ELibjAj1uwEzsqo42mz9SP5t35gPFpUh5pump,30,2026-08-28T06:53:02.407891+00:00,AVAILABLE,374,-7663,29
fp1sig-207e967197a264943170dd62,F5rKte7ELibjAj1uwEzsqo42mz9SP5t35gPFpUh5pump,45,2026-08-28T06:53:17.407891+00:00,AVAILABLE,374,-9159,38
fp1sig-207e967197a264943170dd62,F5rKte7ELibjAj1uwEzsqo42mz9SP5t35gPFpUh5pump,60,2026-08-28T06:53:32.407891+00:00,AVAILABLE,374,-9159,40
fp1sig-207e967197a264943170dd62,F5rKte7ELibjAj1uwEzsqo42mz9SP5t35gPFpUh5pump,90,2026-08-28T06:54:02.407891+00:00,AVAILABLE,374,-9159,40
fp1sig-207e967197a264943170dd62,F5rKte7ELibjAj1uwEzsqo42mz9SP5t35gPFpUh5pump,120,2026-08-28T06:54:32.407891+00:00,AVAILABLE,374,-9160,41
fp1sig-207e967197a264943170dd62,F5rKte7ELibjAj1uwEzsqo42mz9SP5t35gPFpUh5pump,180,2026-08-28T06:55:32.407891+00:00,AVAILABLE,374,-9160,41
fp1sig-207e967197a264943170dd62,F5rKte7ELibjAj1uwEzsqo42mz9SP5t35gPFpUh5pump,300,2026-08-28T06:57:32.407891+00:00,AVAILABLE,374,-9160,41
fp1sig-207f174b14e9c04c0b549618,8UNZqnvCUT8Yijz7i1xgjR1Sw9cA6yqyncZQ4nqfpump,5,2026-08-28T02:39:52.525042+00:00,AVAILABLE,-2561,-2561,1
fp1sig-207f174b14e9c04c0b549618,8UNZqnvCUT8Yijz7i1xgjR1Sw9cA6yqyncZQ4nqfpump,10,2026-08-28T02:39:57.525042+00:00,AVAILABLE,-2561,-6662,2
fp1sig-207f174b14e9c04c0b549618,8UNZqnvCUT8Yijz7i1xgjR1Sw9cA6yqyncZQ4nqfpump,15,2026-08-28T02:40:02.525042+00:00,AVAILABLE,-2561,-6662,4
fp1sig-207f174b14e9c04c0b549618,8UNZqnvCUT8Yijz7i1xgjR1Sw9cA6yqyncZQ4nqfpump,20,2026-08-28T02:40:07.525042+00:00,AVAILABLE,-2561,-6757,5
fp1sig-207f174b14e9c04c0b549618,8UNZqnvCUT8Yijz7i1xgjR1Sw9cA6yqyncZQ4nqfpump,30,2026-08-28T02:40:17.525042+00:00,AVAILABLE,-2561,-7034,7
fp1sig-207f174b14e9c04c0b549618,8UNZqnvCUT8Yijz7i1xgjR1Sw9cA6yqyncZQ4nqfpump,45,2026-08-28T02:40:32.525042+00:00,AVAILABLE,-2561,-7854,13
fp1sig-207f174b14e9c04c0b549618,8UNZqnvCUT8Yijz7i1xgjR1Sw9cA6yqyncZQ4nqfpump,60,2026-08-28T02:40:47.525042+00:00,AVAILABLE,-2561,-8472,15
fp1sig-207f174b14e9c04c0b549618,8UNZqnvCUT8Yijz7i1xgjR1Sw9cA6yqyncZQ4nqfpump,90,2026-08-28T02:41:17.525042+00:00,AVAILABLE,-2561,-8484,16
fp1sig-207f174b14e9c04c0b549618,8UNZqnvCUT8Yijz7i1xgjR1Sw9cA6yqyncZQ4nqfpump,120,2026-08-28T02:41:47.525042+00:00,AVAILABLE,-2561,-8484,16
fp1sig-207f174b14e9c04c0b549618,8UNZqnvCUT8Yijz7i1xgjR1Sw9cA6yqyncZQ4nqfpump,180,2026-08-28T02:42:47.525042+00:00,AVAILABLE,-2561,-8484,16
fp1sig-207f174b14e9c04c0b549618,8UNZqnvCUT8Yijz7i1xgjR1Sw9cA6yqyncZQ4nqfpump,300,2026-08-28T02:44:47.525042+00:00,AVAILABLE,-2561,-8484,16
fp1sig-216f2bf236fd0d27ce8bc135,EbRPC7RaVV5gxExiLqAKFnro5Q4gVdyn3hRojcfHpump,5,2026-08-28T07:47:19.554471+00:00,AVAILABLE,-445,-445,1
fp1sig-216f2bf236fd0d27ce8bc135,EbRPC7RaVV5gxExiLqAKFnro5Q4gVdyn3hRojcfHpump,10,2026-08-28T07:47:24.554471+00:00,AVAILABLE,-445,-670,2
fp1sig-216f2bf236fd0d27ce8bc135,EbRPC7RaVV5gxExiLqAKFnro5Q4gVdyn3hRojcfHpump,15,2026-08-28T07:47:29.554471+00:00,AVAILABLE,-445,-4262,10
fp1sig-216f2bf236fd0d27ce8bc135,EbRPC7RaVV5gxExiLqAKFnro5Q4gVdyn3hRojcfHpump,20,2026-08-28T07:47:34.554471+00:00,AVAILABLE,-445,-4262,10
fp1sig-216f2bf236fd0d27ce8bc135,EbRPC7RaVV5gxExiLqAKFnro5Q4gVdyn3hRojcfHpump,30,2026-08-28T07:47:44.554471+00:00,AVAILABLE,-445,-4262,11
fp1sig-216f2bf236fd0d27ce8bc135,EbRPC7RaVV5gxExiLqAKFnro5Q4gVdyn3hRojcfHpump,45,2026-08-28T07:47:59.554471+00:00,AVAILABLE,-445,-4262,14
fp1sig-216f2bf236fd0d27ce8bc135,EbRPC7RaVV5gxExiLqAKFnro5Q4gVdyn3hRojcfHpump,60,2026-08-28T07:48:14.554471+00:00,AVAILABLE,-445,-4262,15
fp1sig-216f2bf236fd0d27ce8bc135,EbRPC7RaVV5gxExiLqAKFnro5Q4gVdyn3hRojcfHpump,90,2026-08-28T07:48:44.554471+00:00,AVAILABLE,-445,-4262,17
fp1sig-216f2bf236fd0d27ce8bc135,EbRPC7RaVV5gxExiLqAKFnro5Q4gVdyn3hRojcfHpump,120,2026-08-28T07:49:14.554471+00:00,AVAILABLE,-445,-4262,18
fp1sig-216f2bf236fd0d27ce8bc135,EbRPC7RaVV5gxExiLqAKFnro5Q4gVdyn3hRojcfHpump,180,2026-08-28T07:50:14.554471+00:00,AVAILABLE,-445,-4351,20
fp1sig-216f2bf236fd0d27ce8bc135,EbRPC7RaVV5gxExiLqAKFnro5Q4gVdyn3hRojcfHpump,300,2026-08-28T07:52:14.554471+00:00,AVAILABLE,-445,-4351,20
fp1sig-2175b776ab137be0189804a6,4SSouBg9STpesaxMGWVceCFy37DpkY4iZbdfyc82pump,5,2026-08-28T11:11:29.887904+00:00,AVAILABLE,4176,2701,2
fp1sig-2175b776ab137be0189804a6,4SSouBg9STpesaxMGWVceCFy37DpkY4iZbdfyc82pump,10,2026-08-28T11:11:34.887904+00:00,AVAILABLE,4752,2701,4
fp1sig-2175b776ab137be0189804a6,4SSouBg9STpesaxMGWVceCFy37DpkY4iZbdfyc82pump,15,2026-08-28T11:11:39.887904+00:00,AVAILABLE,6185,2701,6
fp1sig-2175b776ab137be0189804a6,4SSouBg9STpesaxMGWVceCFy37DpkY4iZbdfyc82pump,20,2026-08-28T11:11:44.887904+00:00,AVAILABLE,12783,2701,8
fp1sig-2175b776ab137be0189804a6,4SSouBg9STpesaxMGWVceCFy37DpkY4iZbdfyc82pump,30,2026-08-28T11:11:54.887904+00:00,AVAILABLE,12787,2701,11
fp1sig-2175b776ab137be0189804a6,4SSouBg9STpesaxMGWVceCFy37DpkY4iZbdfyc82pump,45,2026-08-28T11:12:09.887904+00:00,AVAILABLE,12787,2701,18
fp1sig-2175b776ab137be0189804a6,4SSouBg9STpesaxMGWVceCFy37DpkY4iZbdfyc82pump,60,2026-08-28T11:12:24.887904+00:00,AVAILABLE,15021,2701,23
fp1sig-2175b776ab137be0189804a6,4SSouBg9STpesaxMGWVceCFy37DpkY4iZbdfyc82pump,90,2026-08-28T11:12:54.887904+00:00,AVAILABLE,23333,2270,30
fp1sig-2175b776ab137be0189804a6,4SSouBg9STpesaxMGWVceCFy37DpkY4iZbdfyc82pump,120,2026-08-28T11:13:24.887904+00:00,AVAILABLE,23333,2270,33
fp1sig-2175b776ab137be0189804a6,4SSouBg9STpesaxMGWVceCFy37DpkY4iZbdfyc82pump,180,2026-08-28T11:14:24.887904+00:00,AVAILABLE,23333,2270,34
fp1sig-2175b776ab137be0189804a6,4SSouBg9STpesaxMGWVceCFy37DpkY4iZbdfyc82pump,300,2026-08-28T11:16:24.887904+00:00,AVAILABLE,23333,2270,36
fp1sig-217a57a9e6513402aceacfb7,8VvNAXMA4YKrXVny4jGzFmaKTqo7Zad3H1Yvrk9Bpump,5,2026-08-28T11:10:13.533103+00:00,AVAILABLE,45,-572,3
fp1sig-217a57a9e6513402aceacfb7,8VvNAXMA4YKrXVny4jGzFmaKTqo7Zad3H1Yvrk9Bpump,10,2026-08-28T11:10:18.533103+00:00,AVAILABLE,45,-5262,5
fp1sig-217a57a9e6513402aceacfb7,8VvNAXMA4YKrXVny4jGzFmaKTqo7Zad3H1Yvrk9Bpump,15,2026-08-28T11:10:23.533103+00:00,AVAILABLE,45,-5262,6
fp1sig-217a57a9e6513402aceacfb7,8VvNAXMA4YKrXVny4jGzFmaKTqo7Zad3H1Yvrk9Bpump,20,2026-08-28T11:10:28.533103+00:00,AVAILABLE,45,-5262,7
fp1sig-217a57a9e6513402aceacfb7,8VvNAXMA4YKrXVny4jGzFmaKTqo7Zad3H1Yvrk9Bpump,30,2026-08-28T11:10:38.533103+00:00,AVAILABLE,45,-5262,7
fp1sig-217a57a9e6513402aceacfb7,8VvNAXMA4YKrXVny4jGzFmaKTqo7Zad3H1Yvrk9Bpump,45,2026-08-28T11:10:53.533103+00:00,AVAILABLE,45,-5278,9
fp1sig-217a57a9e6513402aceacfb7,8VvNAXMA4YKrXVny4jGzFmaKTqo7Zad3H1Yvrk9Bpump,60,2026-08-28T11:11:08.533103+00:00,AVAILABLE,45,-5278,11
fp1sig-217a57a9e6513402aceacfb7,8VvNAXMA4YKrXVny4jGzFmaKTqo7Zad3H1Yvrk9Bpump,90,2026-08-28T11:11:38.533103+00:00,AVAILABLE,45,-5278,16
fp1sig-217a57a9e6513402aceacfb7,8VvNAXMA4YKrXVny4jGzFmaKTqo7Zad3H1Yvrk9Bpump,120,2026-08-28T11:12:08.533103+00:00,AVAILABLE,45,-5278,21
fp1sig-217a57a9e6513402aceacfb7,8VvNAXMA4YKrXVny4jGzFmaKTqo7Zad3H1Yvrk9Bpump,180,2026-08-28T11:13:08.533103+00:00,AVAILABLE,4083,-5278,29
fp1sig-217a57a9e6513402aceacfb7,8VvNAXMA4YKrXVny4jGzFmaKTqo7Zad3H1Yvrk9Bpump,300,2026-08-28T11:15:08.533103+00:00,AVAILABLE,4083,-9164,59
fp1sig-217a78ba0ab190d0c768a089,FjCAq2RFCA1gdegZJJZvbnLaB2CCwJyGiG23saQhpump,5,2026-08-27T12:33:26.075342+00:00,MISSING,,,0
fp1sig-217a78ba0ab190d0c768a089,FjCAq2RFCA1gdegZJJZvbnLaB2CCwJyGiG23saQhpump,10,2026-08-27T12:33:31.075342+00:00,AVAILABLE,-2007,-2803,2
fp1sig-217a78ba0ab190d0c768a089,FjCAq2RFCA1gdegZJJZvbnLaB2CCwJyGiG23saQhpump,15,2026-08-27T12:33:36.075342+00:00,AVAILABLE,-2007,-4748,3
fp1sig-217a78ba0ab190d0c768a089,FjCAq2RFCA1gdegZJJZvbnLaB2CCwJyGiG23saQhpump,20,2026-08-27T12:33:41.075342+00:00,AVAILABLE,-2007,-4748,4
fp1sig-217a78ba0ab190d0c768a089,FjCAq2RFCA1gdegZJJZvbnLaB2CCwJyGiG23saQhpump,30,2026-08-27T12:33:51.075342+00:00,AVAILABLE,-2007,-4748,6
fp1sig-217a78ba0ab190d0c768a089,FjCAq2RFCA1gdegZJJZvbnLaB2CCwJyGiG23saQhpump,45,2026-08-27T12:34:06.075342+00:00,AVAILABLE,-2007,-6799,11
fp1sig-217a78ba0ab190d0c768a089,FjCAq2RFCA1gdegZJJZvbnLaB2CCwJyGiG23saQhpump,60,2026-08-27T12:34:21.075342+00:00,AVAILABLE,-2007,-6799,15
fp1sig-217a78ba0ab190d0c768a089,FjCAq2RFCA1gdegZJJZvbnLaB2CCwJyGiG23saQhpump,90,2026-08-27T12:34:51.075342+00:00,AVAILABLE,4387,-6799,29
fp1sig-217a78ba0ab190d0c768a089,FjCAq2RFCA1gdegZJJZvbnLaB2CCwJyGiG23saQhpump,120,2026-08-27T12:35:21.075342+00:00,AVAILABLE,4387,-6799,37
fp1sig-217a78ba0ab190d0c768a089,FjCAq2RFCA1gdegZJJZvbnLaB2CCwJyGiG23saQhpump,180,2026-08-27T12:36:21.075342+00:00,AVAILABLE,4387,-6799,48
fp1sig-217a78ba0ab190d0c768a089,FjCAq2RFCA1gdegZJJZvbnLaB2CCwJyGiG23saQhpump,300,2026-08-27T12:38:21.075342+00:00,AVAILABLE,4387,-8501,72
fp1sig-2198da2f0a0f10aaa65e5861,2FEbyuDUdnN7nd81bo5ewLQyEQS2n2XsDC62kfPxpump,5,2026-08-27T19:09:20.034839+00:00,AVAILABLE,1649,1116,2
fp1sig-2198da2f0a0f10aaa65e5861,2FEbyuDUdnN7nd81bo5ewLQyEQS2n2XsDC62kfPxpump,10,2026-08-27T19:09:25.034839+00:00,AVAILABLE,1649,1116,3
fp1sig-2198da2f0a0f10aaa65e5861,2FEbyuDUdnN7nd81bo5ewLQyEQS2n2XsDC62kfPxpump,15,2026-08-27T19:09:30.034839+00:00,AVAILABLE,1770,1116,6
fp1sig-2198da2f0a0f10aaa65e5861,2FEbyuDUdnN7nd81bo5ewLQyEQS2n2XsDC62kfPxpump,20,2026-08-27T19:09:35.034839+00:00,AVAILABLE,1770,867,7
fp1sig-2198da2f0a0f10aaa65e5861,2FEbyuDUdnN7nd81bo5ewLQyEQS2n2XsDC62kfPxpump,30,2026-08-27T19:09:45.034839+00:00,AVAILABLE,1770,558,12
fp1sig-2198da2f0a0f10aaa65e5861,2FEbyuDUdnN7nd81bo5ewLQyEQS2n2XsDC62kfPxpump,45,2026-08-27T19:10:00.034839+00:00,AVAILABLE,2574,558,27
fp1sig-2198da2f0a0f10aaa65e5861,2FEbyuDUdnN7nd81bo5ewLQyEQS2n2XsDC62kfPxpump,60,2026-08-27T19:10:15.034839+00:00,AVAILABLE,3048,558,47
fp1sig-2198da2f0a0f10aaa65e5861,2FEbyuDUdnN7nd81bo5ewLQyEQS2n2XsDC62kfPxpump,90,2026-08-27T19:10:45.034839+00:00,AVAILABLE,3048,-4048,86
fp1sig-2198da2f0a0f10aaa65e5861,2FEbyuDUdnN7nd81bo5ewLQyEQS2n2XsDC62kfPxpump,120,2026-08-27T19:11:15.034839+00:00,AVAILABLE,3048,-6005,93
fp1sig-2198da2f0a0f10aaa65e5861,2FEbyuDUdnN7nd81bo5ewLQyEQS2n2XsDC62kfPxpump,180,2026-08-27T19:12:15.034839+00:00,AVAILABLE,3048,-6005,93
fp1sig-2198da2f0a0f10aaa65e5861,2FEbyuDUdnN7nd81bo5ewLQyEQS2n2XsDC62kfPxpump,300,2026-08-27T19:14:15.034839+00:00,AVAILABLE,3048,-6038,94
fp1sig-21db7206bfed5ec1f876f504,89MY6gnjUsZqFjHNtRioJgCTEVVwje7nbQcbSyEhpump,5,2026-08-28T04:58:51.418451+00:00,AVAILABLE,4989,1420,4
fp1sig-21db7206bfed5ec1f876f504,89MY6gnjUsZqFjHNtRioJgCTEVVwje7nbQcbSyEhpump,10,2026-08-28T04:58:56.418451+00:00,AVAILABLE,10117,1420,7
fp1sig-21db7206bfed5ec1f876f504,89MY6gnjUsZqFjHNtRioJgCTEVVwje7nbQcbSyEhpump,15,2026-08-28T04:59:01.418451+00:00,AVAILABLE,11041,1420,10
fp1sig-21db7206bfed5ec1f876f504,89MY6gnjUsZqFjHNtRioJgCTEVVwje7nbQcbSyEhpump,20,2026-08-28T04:59:06.418451+00:00,AVAILABLE,12964,1420,11
fp1sig-21db7206bfed5ec1f876f504,89MY6gnjUsZqFjHNtRioJgCTEVVwje7nbQcbSyEhpump,30,2026-08-28T04:59:16.418451+00:00,AVAILABLE,17619,1420,14
fp1sig-21db7206bfed5ec1f876f504,89MY6gnjUsZqFjHNtRioJgCTEVVwje7nbQcbSyEhpump,45,2026-08-28T04:59:31.418451+00:00,AVAILABLE,34078,1420,22
fp1sig-21db7206bfed5ec1f876f504,89MY6gnjUsZqFjHNtRioJgCTEVVwje7nbQcbSyEhpump,60,2026-08-28T04:59:46.418451+00:00,AVAILABLE,34078,1420,29
fp1sig-21db7206bfed5ec1f876f504,89MY6gnjUsZqFjHNtRioJgCTEVVwje7nbQcbSyEhpump,90,2026-08-28T05:00:16.418451+00:00,AVAILABLE,34078,1420,36
fp1sig-21db7206bfed5ec1f876f504,89MY6gnjUsZqFjHNtRioJgCTEVVwje7nbQcbSyEhpump,120,2026-08-28T05:00:46.418451+00:00,AVAILABLE,55928,1420,44
fp1sig-21db7206bfed5ec1f876f504,89MY6gnjUsZqFjHNtRioJgCTEVVwje7nbQcbSyEhpump,180,2026-08-28T05:01:46.418451+00:00,AVAILABLE,94295,1420,58
fp1sig-21db7206bfed5ec1f876f504,89MY6gnjUsZqFjHNtRioJgCTEVVwje7nbQcbSyEhpump,300,2026-08-28T05:03:46.418451+00:00,AVAILABLE,94295,1420,64
fp1sig-2242341e1a67e93521c8ed12,4WoG8Hb49BAVJmiyR86XuxBPd8GPRDhALMauvhpPpump,5,2026-08-28T08:20:43.716477+00:00,AVAILABLE,275,-243,5
fp1sig-2242341e1a67e93521c8ed12,4WoG8Hb49BAVJmiyR86XuxBPd8GPRDhALMauvhpPpump,10,2026-08-28T08:20:48.716477+00:00,AVAILABLE,1757,-243,11
fp1sig-2242341e1a67e93521c8ed12,4WoG8Hb49BAVJmiyR86XuxBPd8GPRDhALMauvhpPpump,15,2026-08-28T08:20:53.716477+00:00,AVAILABLE,1757,-243,17
fp1sig-2242341e1a67e93521c8ed12,4WoG8Hb49BAVJmiyR86XuxBPd8GPRDhALMauvhpPpump,20,2026-08-28T08:20:58.716477+00:00,AVAILABLE,1757,-243,21
fp1sig-2242341e1a67e93521c8ed12,4WoG8Hb49BAVJmiyR86XuxBPd8GPRDhALMauvhpPpump,30,2026-08-28T08:21:08.716477+00:00,AVAILABLE,1891,-243,26
fp1sig-2242341e1a67e93521c8ed12,4WoG8Hb49BAVJmiyR86XuxBPd8GPRDhALMauvhpPpump,45,2026-08-28T08:21:23.716477+00:00,AVAILABLE,2051,-243,34
fp1sig-2242341e1a67e93521c8ed12,4WoG8Hb49BAVJmiyR86XuxBPd8GPRDhALMauvhpPpump,60,2026-08-28T08:21:38.716477+00:00,AVAILABLE,2051,-243,42
fp1sig-2242341e1a67e93521c8ed12,4WoG8Hb49BAVJmiyR86XuxBPd8GPRDhALMauvhpPpump,90,2026-08-28T08:22:08.716477+00:00,AVAILABLE,2051,-958,53
fp1sig-2242341e1a67e93521c8ed12,4WoG8Hb49BAVJmiyR86XuxBPd8GPRDhALMauvhpPpump,120,2026-08-28T08:22:38.716477+00:00,AVAILABLE,2788,-958,72
fp1sig-2242341e1a67e93521c8ed12,4WoG8Hb49BAVJmiyR86XuxBPd8GPRDhALMauvhpPpump,180,2026-08-28T08:23:38.716477+00:00,AVAILABLE,7504,-958,144
fp1sig-2242341e1a67e93521c8ed12,4WoG8Hb49BAVJmiyR86XuxBPd8GPRDhALMauvhpPpump,300,2026-08-28T08:25:38.716477+00:00,AVAILABLE,8120,-958,244
fp1sig-22558fbe81c091bd8febae2a,J4QY1MfubcEjKLzNiQf7tBumaLSVfW58P6HNMVuYpump,5,2026-08-27T21:51:05.207278+00:00,MISSING,,,0
fp1sig-22558fbe81c091bd8febae2a,J4QY1MfubcEjKLzNiQf7tBumaLSVfW58P6HNMVuYpump,10,2026-08-27T21:51:10.207278+00:00,MISSING,,,0
fp1sig-22558fbe81c091bd8febae2a,J4QY1MfubcEjKLzNiQf7tBumaLSVfW58P6HNMVuYpump,15,2026-08-27T21:51:15.207278+00:00,AVAILABLE,-5787,-5787,1
fp1sig-22558fbe81c091bd8febae2a,J4QY1MfubcEjKLzNiQf7tBumaLSVfW58P6HNMVuYpump,20,2026-08-27T21:51:20.207278+00:00,AVAILABLE,-5787,-5787,1
fp1sig-22558fbe81c091bd8febae2a,J4QY1MfubcEjKLzNiQf7tBumaLSVfW58P6HNMVuYpump,30,2026-08-27T21:51:30.207278+00:00,AVAILABLE,-5733,-7282,3
fp1sig-22558fbe81c091bd8febae2a,J4QY1MfubcEjKLzNiQf7tBumaLSVfW58P6HNMVuYpump,45,2026-08-27T21:51:45.207278+00:00,AVAILABLE,-5733,-8450,10
fp1sig-22558fbe81c091bd8febae2a,J4QY1MfubcEjKLzNiQf7tBumaLSVfW58P6HNMVuYpump,60,2026-08-27T21:52:00.207278+00:00,AVAILABLE,-5733,-8450,12
fp1sig-22558fbe81c091bd8febae2a,J4QY1MfubcEjKLzNiQf7tBumaLSVfW58P6HNMVuYpump,90,2026-08-27T21:52:30.207278+00:00,AVAILABLE,-5733,-8450,22
fp1sig-22558fbe81c091bd8febae2a,J4QY1MfubcEjKLzNiQf7tBumaLSVfW58P6HNMVuYpump,120,2026-08-27T21:53:00.207278+00:00,AVAILABLE,-2431,-8450,29
fp1sig-22558fbe81c091bd8febae2a,J4QY1MfubcEjKLzNiQf7tBumaLSVfW58P6HNMVuYpump,180,2026-08-27T21:54:00.207278+00:00,AVAILABLE,-1740,-8450,34
fp1sig-22558fbe81c091bd8febae2a,J4QY1MfubcEjKLzNiQf7tBumaLSVfW58P6HNMVuYpump,300,2026-08-27T21:56:00.207278+00:00,AVAILABLE,-1740,-8450,47
fp1sig-22a30259847642080321fe73,398MckGgmqQfUcTctz4jXeKAFwXfLGXfrPh45cbYpump,5,2026-08-28T10:36:01.044211+00:00,AVAILABLE,3101,-95,2
fp1sig-22a30259847642080321fe73,398MckGgmqQfUcTctz4jXeKAFwXfLGXfrPh45cbYpump,10,2026-08-28T10:36:06.044211+00:00,AVAILABLE,3101,-136,3
fp1sig-22a30259847642080321fe73,398MckGgmqQfUcTctz4jXeKAFwXfLGXfrPh45cbYpump,15,2026-08-28T10:36:11.044211+00:00,AVAILABLE,3766,-136,5
fp1sig-22a30259847642080321fe73,398MckGgmqQfUcTctz4jXeKAFwXfLGXfrPh45cbYpump,20,2026-08-28T10:36:16.044211+00:00,AVAILABLE,3766,-825,6
fp1sig-22a30259847642080321fe73,398MckGgmqQfUcTctz4jXeKAFwXfLGXfrPh45cbYpump,30,2026-08-28T10:36:26.044211+00:00,AVAILABLE,3766,-3044,10
fp1sig-22a30259847642080321fe73,398MckGgmqQfUcTctz4jXeKAFwXfLGXfrPh45cbYpump,45,2026-08-28T10:36:41.044211+00:00,AVAILABLE,3766,-5477,21
fp1sig-22a30259847642080321fe73,398MckGgmqQfUcTctz4jXeKAFwXfLGXfrPh45cbYpump,60,2026-08-28T10:36:56.044211+00:00,AVAILABLE,3766,-6517,30
fp1sig-22a30259847642080321fe73,398MckGgmqQfUcTctz4jXeKAFwXfLGXfrPh45cbYpump,90,2026-08-28T10:37:26.044211+00:00,AVAILABLE,3766,-6517,37
fp1sig-22a30259847642080321fe73,398MckGgmqQfUcTctz4jXeKAFwXfLGXfrPh45cbYpump,120,2026-08-28T10:37:56.044211+00:00,AVAILABLE,3766,-6517,41
fp1sig-22a30259847642080321fe73,398MckGgmqQfUcTctz4jXeKAFwXfLGXfrPh45cbYpump,180,2026-08-28T10:38:56.044211+00:00,AVAILABLE,3766,-8882,61
fp1sig-22a30259847642080321fe73,398MckGgmqQfUcTctz4jXeKAFwXfLGXfrPh45cbYpump,300,2026-08-28T10:40:56.044211+00:00,AVAILABLE,3766,-9856,150
fp1sig-23af59b42090e1c5a53825fa,8bNQ9AhAPweSXA4ptXccHKyDPzkWCTK99kNGCgBypump,5,2026-08-28T05:19:15.593014+00:00,AVAILABLE,-317,-317,1
fp1sig-23af59b42090e1c5a53825fa,8bNQ9AhAPweSXA4ptXccHKyDPzkWCTK99kNGCgBypump,10,2026-08-28T05:19:20.593014+00:00,AVAILABLE,-317,-317,1
fp1sig-23af59b42090e1c5a53825fa,8bNQ9AhAPweSXA4ptXccHKyDPzkWCTK99kNGCgBypump,15,2026-08-28T05:19:25.593014+00:00,AVAILABLE,-317,-317,1
fp1sig-23af59b42090e1c5a53825fa,8bNQ9AhAPweSXA4ptXccHKyDPzkWCTK99kNGCgBypump,20,2026-08-28T05:19:30.593014+00:00,AVAILABLE,-317,-317,1
fp1sig-23af59b42090e1c5a53825fa,8bNQ9AhAPweSXA4ptXccHKyDPzkWCTK99kNGCgBypump,30,2026-08-28T05:19:40.593014+00:00,AVAILABLE,-317,-317,1
fp1sig-23af59b42090e1c5a53825fa,8bNQ9AhAPweSXA4ptXccHKyDPzkWCTK99kNGCgBypump,45,2026-08-28T05:19:55.593014+00:00,AVAILABLE,-317,-317,1
fp1sig-23af59b42090e1c5a53825fa,8bNQ9AhAPweSXA4ptXccHKyDPzkWCTK99kNGCgBypump,60,2026-08-28T05:20:10.593014+00:00,AVAILABLE,-317,-317,1
fp1sig-23af59b42090e1c5a53825fa,8bNQ9AhAPweSXA4ptXccHKyDPzkWCTK99kNGCgBypump,90,2026-08-28T05:20:40.593014+00:00,AVAILABLE,-317,-317,1
fp1sig-23af59b42090e1c5a53825fa,8bNQ9AhAPweSXA4ptXccHKyDPzkWCTK99kNGCgBypump,120,2026-08-28T05:21:10.593014+00:00,AVAILABLE,-317,-317,1
fp1sig-23af59b42090e1c5a53825fa,8bNQ9AhAPweSXA4ptXccHKyDPzkWCTK99kNGCgBypump,180,2026-08-28T05:22:10.593014+00:00,AVAILABLE,-317,-317,1
fp1sig-23af59b42090e1c5a53825fa,8bNQ9AhAPweSXA4ptXccHKyDPzkWCTK99kNGCgBypump,300,2026-08-28T05:24:10.593014+00:00,AVAILABLE,-317,-317,1
fp1sig-2494075720d297212bc025fe,F7eZkwaVwX9ASLB9VSpuAA7wy5QVLKYN9NMcUNtDpump,5,2026-08-28T11:23:44.490440+00:00,AVAILABLE,-1697,-1697,1
fp1sig-2494075720d297212bc025fe,F7eZkwaVwX9ASLB9VSpuAA7wy5QVLKYN9NMcUNtDpump,10,2026-08-28T11:23:49.490440+00:00,AVAILABLE,475,-1697,2
fp1sig-2494075720d297212bc025fe,F7eZkwaVwX9ASLB9VSpuAA7wy5QVLKYN9NMcUNtDpump,15,2026-08-28T11:23:54.490440+00:00,AVAILABLE,1887,-1697,3
fp1sig-2494075720d297212bc025fe,F7eZkwaVwX9ASLB9VSpuAA7wy5QVLKYN9NMcUNtDpump,20,2026-08-28T11:23:59.490440+00:00,AVAILABLE,1887,-1697,3
fp1sig-2494075720d297212bc025fe,F7eZkwaVwX9ASLB9VSpuAA7wy5QVLKYN9NMcUNtDpump,30,2026-08-28T11:24:09.490440+00:00,AVAILABLE,1887,-4241,5
fp1sig-2494075720d297212bc025fe,F7eZkwaVwX9ASLB9VSpuAA7wy5QVLKYN9NMcUNtDpump,45,2026-08-28T11:24:24.490440+00:00,AVAILABLE,1887,-4241,7
fp1sig-2494075720d297212bc025fe,F7eZkwaVwX9ASLB9VSpuAA7wy5QVLKYN9NMcUNtDpump,60,2026-08-28T11:24:39.490440+00:00,AVAILABLE,1887,-4241,8
fp1sig-2494075720d297212bc025fe,F7eZkwaVwX9ASLB9VSpuAA7wy5QVLKYN9NMcUNtDpump,90,2026-08-28T11:25:09.490440+00:00,AVAILABLE,1887,-4241,9
fp1sig-2494075720d297212bc025fe,F7eZkwaVwX9ASLB9VSpuAA7wy5QVLKYN9NMcUNtDpump,120,2026-08-28T11:25:39.490440+00:00,AVAILABLE,1887,-4241,10
fp1sig-2494075720d297212bc025fe,F7eZkwaVwX9ASLB9VSpuAA7wy5QVLKYN9NMcUNtDpump,180,2026-08-28T11:26:39.490440+00:00,AVAILABLE,1887,-4241,12
fp1sig-2494075720d297212bc025fe,F7eZkwaVwX9ASLB9VSpuAA7wy5QVLKYN9NMcUNtDpump,300,2026-08-28T11:28:39.490440+00:00,AVAILABLE,1887,-4354,15
fp1sig-24c3b376d59b1fa980eb8e79,bmk6QbSz3kj6xhtLADbu2bpEuav87Nycohjbrkcpump,5,2026-08-28T00:30:53.286587+00:00,AVAILABLE,513,-356,2
fp1sig-24c3b376d59b1fa980eb8e79,bmk6QbSz3kj6xhtLADbu2bpEuav87Nycohjbrkcpump,10,2026-08-28T00:30:58.286587+00:00,AVAILABLE,513,-356,2
fp1sig-24c3b376d59b1fa980eb8e79,bmk6QbSz3kj6xhtLADbu2bpEuav87Nycohjbrkcpump,15,2026-08-28T00:31:03.286587+00:00,AVAILABLE,513,-356,5
fp1sig-24c3b376d59b1fa980eb8e79,bmk6QbSz3kj6xhtLADbu2bpEuav87Nycohjbrkcpump,20,2026-08-28T00:31:08.286587+00:00,AVAILABLE,1218,-356,6
fp1sig-24c3b376d59b1fa980eb8e79,bmk6QbSz3kj6xhtLADbu2bpEuav87Nycohjbrkcpump,30,2026-08-28T00:31:18.286587+00:00,AVAILABLE,1218,-453,12
fp1sig-24c3b376d59b1fa980eb8e79,bmk6QbSz3kj6xhtLADbu2bpEuav87Nycohjbrkcpump,45,2026-08-28T00:31:33.286587+00:00,AVAILABLE,1218,-741,19
fp1sig-24c3b376d59b1fa980eb8e79,bmk6QbSz3kj6xhtLADbu2bpEuav87Nycohjbrkcpump,60,2026-08-28T00:31:48.286587+00:00,AVAILABLE,1218,-1416,32
fp1sig-24c3b376d59b1fa980eb8e79,bmk6QbSz3kj6xhtLADbu2bpEuav87Nycohjbrkcpump,90,2026-08-28T00:32:18.286587+00:00,AVAILABLE,1218,-1416,46
fp1sig-24c3b376d59b1fa980eb8e79,bmk6QbSz3kj6xhtLADbu2bpEuav87Nycohjbrkcpump,120,2026-08-28T00:32:48.286587+00:00,AVAILABLE,1218,-1416,56
fp1sig-24c3b376d59b1fa980eb8e79,bmk6QbSz3kj6xhtLADbu2bpEuav87Nycohjbrkcpump,180,2026-08-28T00:33:48.286587+00:00,AVAILABLE,2556,-1416,95
fp1sig-24c3b376d59b1fa980eb8e79,bmk6QbSz3kj6xhtLADbu2bpEuav87Nycohjbrkcpump,300,2026-08-28T00:35:48.286587+00:00,AVAILABLE,2556,-4213,135
fp1sig-25c9f436554d07f4a6ef0273,7r3uhZ5DaUNFLvUjW5QwfYmpYFRzAAmGnzUC9VzMpump,5,2026-08-28T06:13:00.388788+00:00,AVAILABLE,181,181,1
fp1sig-25c9f436554d07f4a6ef0273,7r3uhZ5DaUNFLvUjW5QwfYmpYFRzAAmGnzUC9VzMpump,10,2026-08-28T06:13:05.388788+00:00,AVAILABLE,3453,181,3
fp1sig-25c9f436554d07f4a6ef0273,7r3uhZ5DaUNFLvUjW5QwfYmpYFRzAAmGnzUC9VzMpump,15,2026-08-28T06:13:10.388788+00:00,AVAILABLE,3453,181,4
fp1sig-25c9f436554d07f4a6ef0273,7r3uhZ5DaUNFLvUjW5QwfYmpYFRzAAmGnzUC9VzMpump,20,2026-08-28T06:13:15.388788+00:00,AVAILABLE,3453,-718,5
fp1sig-25c9f436554d07f4a6ef0273,7r3uhZ5DaUNFLvUjW5QwfYmpYFRzAAmGnzUC9VzMpump,30,2026-08-28T06:13:25.388788+00:00,AVAILABLE,5124,-718,9
fp1sig-25c9f436554d07f4a6ef0273,7r3uhZ5DaUNFLvUjW5QwfYmpYFRzAAmGnzUC9VzMpump,45,2026-08-28T06:13:40.388788+00:00,AVAILABLE,5124,-718,10
fp1sig-25c9f436554d07f4a6ef0273,7r3uhZ5DaUNFLvUjW5QwfYmpYFRzAAmGnzUC9VzMpump,60,2026-08-28T06:13:55.388788+00:00,AVAILABLE,5124,-718,12
fp1sig-25c9f436554d07f4a6ef0273,7r3uhZ5DaUNFLvUjW5QwfYmpYFRzAAmGnzUC9VzMpump,90,2026-08-28T06:14:25.388788+00:00,AVAILABLE,5124,-1451,18
fp1sig-25c9f436554d07f4a6ef0273,7r3uhZ5DaUNFLvUjW5QwfYmpYFRzAAmGnzUC9VzMpump,120,2026-08-28T06:14:55.388788+00:00,AVAILABLE,5124,-1451,18
fp1sig-25c9f436554d07f4a6ef0273,7r3uhZ5DaUNFLvUjW5QwfYmpYFRzAAmGnzUC9VzMpump,180,2026-08-28T06:15:55.388788+00:00,AVAILABLE,5124,-1453,20
fp1sig-25c9f436554d07f4a6ef0273,7r3uhZ5DaUNFLvUjW5QwfYmpYFRzAAmGnzUC9VzMpump,300,2026-08-28T06:17:55.388788+00:00,AVAILABLE,5124,-1453,20
fp1sig-2673666d3f9d52981856d7da,25FXW4168mmhdPP94xyeQ7NZYxbFT43BHbV2YFQJpump,5,2026-08-28T01:55:54.533616+00:00,AVAILABLE,-3139,-3139,1
fp1sig-2673666d3f9d52981856d7da,25FXW4168mmhdPP94xyeQ7NZYxbFT43BHbV2YFQJpump,10,2026-08-28T01:55:59.533616+00:00,AVAILABLE,-1861,-3139,4
fp1sig-2673666d3f9d52981856d7da,25FXW4168mmhdPP94xyeQ7NZYxbFT43BHbV2YFQJpump,15,2026-08-28T01:56:04.533616+00:00,AVAILABLE,-1246,-3139,5
fp1sig-2673666d3f9d52981856d7da,25FXW4168mmhdPP94xyeQ7NZYxbFT43BHbV2YFQJpump,20,2026-08-28T01:56:09.533616+00:00,AVAILABLE,-1246,-3139,6
fp1sig-2673666d3f9d52981856d7da,25FXW4168mmhdPP94xyeQ7NZYxbFT43BHbV2YFQJpump,30,2026-08-28T01:56:19.533616+00:00,AVAILABLE,-1246,-3139,10
fp1sig-2673666d3f9d52981856d7da,25FXW4168mmhdPP94xyeQ7NZYxbFT43BHbV2YFQJpump,45,2026-08-28T01:56:34.533616+00:00,AVAILABLE,-1246,-3601,19
fp1sig-2673666d3f9d52981856d7da,25FXW4168mmhdPP94xyeQ7NZYxbFT43BHbV2YFQJpump,60,2026-08-28T01:56:49.533616+00:00,AVAILABLE,-1246,-6319,27
fp1sig-2673666d3f9d52981856d7da,25FXW4168mmhdPP94xyeQ7NZYxbFT43BHbV2YFQJpump,90,2026-08-28T01:57:19.533616+00:00,AVAILABLE,-1246,-8073,36
fp1sig-2673666d3f9d52981856d7da,25FXW4168mmhdPP94xyeQ7NZYxbFT43BHbV2YFQJpump,120,2026-08-28T01:57:49.533616+00:00,AVAILABLE,-1246,-8073,40
fp1sig-2673666d3f9d52981856d7da,25FXW4168mmhdPP94xyeQ7NZYxbFT43BHbV2YFQJpump,180,2026-08-28T01:58:49.533616+00:00,AVAILABLE,-1246,-8073,56
fp1sig-2673666d3f9d52981856d7da,25FXW4168mmhdPP94xyeQ7NZYxbFT43BHbV2YFQJpump,300,2026-08-28T02:00:49.533616+00:00,AVAILABLE,-1246,-9127,70
fp1sig-2696b9db8a8be69b262c41a5,5EApUjn3SnMzX3YZh7PXxYbFb7PUqvuMdZwzehbKpump,5,2026-08-28T06:06:28.108817+00:00,AVAILABLE,-2234,-3299,3
fp1sig-2696b9db8a8be69b262c41a5,5EApUjn3SnMzX3YZh7PXxYbFb7PUqvuMdZwzehbKpump,10,2026-08-28T06:06:33.108817+00:00,AVAILABLE,-2234,-4102,6
fp1sig-2696b9db8a8be69b262c41a5,5EApUjn3SnMzX3YZh7PXxYbFb7PUqvuMdZwzehbKpump,15,2026-08-28T06:06:38.108817+00:00,AVAILABLE,-2165,-4102,10
fp1sig-2696b9db8a8be69b262c41a5,5EApUjn3SnMzX3YZh7PXxYbFb7PUqvuMdZwzehbKpump,20,2026-08-28T06:06:43.108817+00:00,AVAILABLE,-1767,-4102,13
fp1sig-2696b9db8a8be69b262c41a5,5EApUjn3SnMzX3YZh7PXxYbFb7PUqvuMdZwzehbKpump,30,2026-08-28T06:06:53.108817+00:00,AVAILABLE,-1767,-7199,19
fp1sig-2696b9db8a8be69b262c41a5,5EApUjn3SnMzX3YZh7PXxYbFb7PUqvuMdZwzehbKpump,45,2026-08-28T06:07:08.108817+00:00,AVAILABLE,-1767,-7207,21
fp1sig-2696b9db8a8be69b262c41a5,5EApUjn3SnMzX3YZh7PXxYbFb7PUqvuMdZwzehbKpump,60,2026-08-28T06:07:23.108817+00:00,AVAILABLE,-1767,-7214,22
fp1sig-2696b9db8a8be69b262c41a5,5EApUjn3SnMzX3YZh7PXxYbFb7PUqvuMdZwzehbKpump,90,2026-08-28T06:07:53.108817+00:00,AVAILABLE,-1767,-7214,23
fp1sig-2696b9db8a8be69b262c41a5,5EApUjn3SnMzX3YZh7PXxYbFb7PUqvuMdZwzehbKpump,120,2026-08-28T06:08:23.108817+00:00,AVAILABLE,-1767,-7214,23
fp1sig-2696b9db8a8be69b262c41a5,5EApUjn3SnMzX3YZh7PXxYbFb7PUqvuMdZwzehbKpump,180,2026-08-28T06:09:23.108817+00:00,AVAILABLE,-1767,-7214,23
fp1sig-2696b9db8a8be69b262c41a5,5EApUjn3SnMzX3YZh7PXxYbFb7PUqvuMdZwzehbKpump,300,2026-08-28T06:11:23.108817+00:00,AVAILABLE,-1767,-7214,24
fp1sig-26ee4bfd5ffefa12e1366214,Tm9zG1uKhPBDJUYZTNSukdM4X78ZR1nLuTTCwz4pump,5,2026-08-27T13:37:30.323536+00:00,AVAILABLE,833,-1140,11
fp1sig-26ee4bfd5ffefa12e1366214,Tm9zG1uKhPBDJUYZTNSukdM4X78ZR1nLuTTCwz4pump,10,2026-08-27T13:37:35.323536+00:00,AVAILABLE,833,-1140,13
fp1sig-26ee4bfd5ffefa12e1366214,Tm9zG1uKhPBDJUYZTNSukdM4X78ZR1nLuTTCwz4pump,15,2026-08-27T13:37:40.323536+00:00,AVAILABLE,833,-1282,15
fp1sig-26ee4bfd5ffefa12e1366214,Tm9zG1uKhPBDJUYZTNSukdM4X78ZR1nLuTTCwz4pump,20,2026-08-27T13:37:45.323536+00:00,AVAILABLE,2345,-1282,24
fp1sig-26ee4bfd5ffefa12e1366214,Tm9zG1uKhPBDJUYZTNSukdM4X78ZR1nLuTTCwz4pump,30,2026-08-27T13:37:55.323536+00:00,AVAILABLE,6446,-1282,44
fp1sig-26ee4bfd5ffefa12e1366214,Tm9zG1uKhPBDJUYZTNSukdM4X78ZR1nLuTTCwz4pump,45,2026-08-27T13:38:10.323536+00:00,AVAILABLE,8296,-1282,54
fp1sig-26ee4bfd5ffefa12e1366214,Tm9zG1uKhPBDJUYZTNSukdM4X78ZR1nLuTTCwz4pump,60,2026-08-27T13:38:25.323536+00:00,AVAILABLE,12711,-1282,79
fp1sig-26ee4bfd5ffefa12e1366214,Tm9zG1uKhPBDJUYZTNSukdM4X78ZR1nLuTTCwz4pump,90,2026-08-27T13:38:55.323536+00:00,AVAILABLE,12711,-1282,107
fp1sig-26ee4bfd5ffefa12e1366214,Tm9zG1uKhPBDJUYZTNSukdM4X78ZR1nLuTTCwz4pump,120,2026-08-27T13:39:25.323536+00:00,AVAILABLE,25808,-1282,165
fp1sig-26ee4bfd5ffefa12e1366214,Tm9zG1uKhPBDJUYZTNSukdM4X78ZR1nLuTTCwz4pump,180,2026-08-27T13:40:25.323536+00:00,AVAILABLE,25808,-1282,245
fp1sig-26ee4bfd5ffefa12e1366214,Tm9zG1uKhPBDJUYZTNSukdM4X78ZR1nLuTTCwz4pump,300,2026-08-27T13:42:25.323536+00:00,AVAILABLE,25808,-1282,434
fp1sig-270abfd6d053daa8886a1ff0,HVhKnCHb11C93eG3aUVzqGJBbJiUmjtYEVGAJ46spump,5,2026-08-28T01:50:29.208200+00:00,AVAILABLE,-3657,-3657,1
fp1sig-270abfd6d053daa8886a1ff0,HVhKnCHb11C93eG3aUVzqGJBbJiUmjtYEVGAJ46spump,10,2026-08-28T01:50:34.208200+00:00,AVAILABLE,-3657,-4466,2
fp1sig-270abfd6d053daa8886a1ff0,HVhKnCHb11C93eG3aUVzqGJBbJiUmjtYEVGAJ46spump,15,2026-08-28T01:50:39.208200+00:00,AVAILABLE,-3657,-6177,3
fp1sig-270abfd6d053daa8886a1ff0,HVhKnCHb11C93eG3aUVzqGJBbJiUmjtYEVGAJ46spump,20,2026-08-28T01:50:44.208200+00:00,AVAILABLE,-3657,-6177,4
fp1sig-270abfd6d053daa8886a1ff0,HVhKnCHb11C93eG3aUVzqGJBbJiUmjtYEVGAJ46spump,30,2026-08-28T01:50:54.208200+00:00,AVAILABLE,-3657,-6660,5
fp1sig-270abfd6d053daa8886a1ff0,HVhKnCHb11C93eG3aUVzqGJBbJiUmjtYEVGAJ46spump,45,2026-08-28T01:51:09.208200+00:00,AVAILABLE,-3657,-6908,8
fp1sig-270abfd6d053daa8886a1ff0,HVhKnCHb11C93eG3aUVzqGJBbJiUmjtYEVGAJ46spump,60,2026-08-28T01:51:24.208200+00:00,AVAILABLE,-3657,-6908,9
fp1sig-270abfd6d053daa8886a1ff0,HVhKnCHb11C93eG3aUVzqGJBbJiUmjtYEVGAJ46spump,90,2026-08-28T01:51:54.208200+00:00,AVAILABLE,-3657,-6908,12
fp1sig-270abfd6d053daa8886a1ff0,HVhKnCHb11C93eG3aUVzqGJBbJiUmjtYEVGAJ46spump,120,2026-08-28T01:52:24.208200+00:00,AVAILABLE,-3657,-7536,19
fp1sig-270abfd6d053daa8886a1ff0,HVhKnCHb11C93eG3aUVzqGJBbJiUmjtYEVGAJ46spump,180,2026-08-28T01:53:24.208200+00:00,AVAILABLE,-3657,-7536,24
fp1sig-270abfd6d053daa8886a1ff0,HVhKnCHb11C93eG3aUVzqGJBbJiUmjtYEVGAJ46spump,300,2026-08-28T01:55:24.208200+00:00,AVAILABLE,-3657,-7536,37
fp1sig-277fee1b90cc02be5854079f,CBZBdg5pCgpAEsLbUJRekQEFdzr2tF5EunVbUGCQpump,5,2026-08-28T07:58:06.502440+00:00,AVAILABLE,-3192,-5533,7
fp1sig-277fee1b90cc02be5854079f,CBZBdg5pCgpAEsLbUJRekQEFdzr2tF5EunVbUGCQpump,10,2026-08-28T07:58:11.502440+00:00,AVAILABLE,-3192,-5533,10
fp1sig-277fee1b90cc02be5854079f,CBZBdg5pCgpAEsLbUJRekQEFdzr2tF5EunVbUGCQpump,15,2026-08-28T07:58:16.502440+00:00,AVAILABLE,-3192,-7401,16
fp1sig-277fee1b90cc02be5854079f,CBZBdg5pCgpAEsLbUJRekQEFdzr2tF5EunVbUGCQpump,20,2026-08-28T07:58:21.502440+00:00,AVAILABLE,-3192,-7513,17
fp1sig-277fee1b90cc02be5854079f,CBZBdg5pCgpAEsLbUJRekQEFdzr2tF5EunVbUGCQpump,30,2026-08-28T07:58:31.502440+00:00,AVAILABLE,-3192,-8504,23
fp1sig-277fee1b90cc02be5854079f,CBZBdg5pCgpAEsLbUJRekQEFdzr2tF5EunVbUGCQpump,45,2026-08-28T07:58:46.502440+00:00,AVAILABLE,-3192,-8921,34
fp1sig-277fee1b90cc02be5854079f,CBZBdg5pCgpAEsLbUJRekQEFdzr2tF5EunVbUGCQpump,60,2026-08-28T07:59:01.502440+00:00,AVAILABLE,-3192,-8921,44
fp1sig-277fee1b90cc02be5854079f,CBZBdg5pCgpAEsLbUJRekQEFdzr2tF5EunVbUGCQpump,90,2026-08-28T07:59:31.502440+00:00,AVAILABLE,-3192,-9415,93
fp1sig-277fee1b90cc02be5854079f,CBZBdg5pCgpAEsLbUJRekQEFdzr2tF5EunVbUGCQpump,120,2026-08-28T08:00:01.502440+00:00,AVAILABLE,-3192,-9831,131
fp1sig-277fee1b90cc02be5854079f,CBZBdg5pCgpAEsLbUJRekQEFdzr2tF5EunVbUGCQpump,180,2026-08-28T08:01:01.502440+00:00,AVAILABLE,-3192,-9831,229
fp1sig-277fee1b90cc02be5854079f,CBZBdg5pCgpAEsLbUJRekQEFdzr2tF5EunVbUGCQpump,300,2026-08-28T08:03:01.502440+00:00,AVAILABLE,-3192,-9836,409
fp1sig-2782bb374e3a64b09d8e703e,GbxZSi3vRY5PTK8N4hzDmhtm1vM4bEaBV5kRvxLFpump,5,2026-08-27T17:37:05.345938+00:00,AVAILABLE,1053,943,3
fp1sig-2782bb374e3a64b09d8e703e,GbxZSi3vRY5PTK8N4hzDmhtm1vM4bEaBV5kRvxLFpump,10,2026-08-27T17:37:10.345938+00:00,AVAILABLE,1053,153,6
fp1sig-2782bb374e3a64b09d8e703e,GbxZSi3vRY5PTK8N4hzDmhtm1vM4bEaBV5kRvxLFpump,15,2026-08-27T17:37:15.345938+00:00,AVAILABLE,1053,153,8
fp1sig-2782bb374e3a64b09d8e703e,GbxZSi3vRY5PTK8N4hzDmhtm1vM4bEaBV5kRvxLFpump,20,2026-08-27T17:37:20.345938+00:00,AVAILABLE,1053,153,10
fp1sig-2782bb374e3a64b09d8e703e,GbxZSi3vRY5PTK8N4hzDmhtm1vM4bEaBV5kRvxLFpump,30,2026-08-27T17:37:30.345938+00:00,AVAILABLE,1053,153,10
fp1sig-2782bb374e3a64b09d8e703e,GbxZSi3vRY5PTK8N4hzDmhtm1vM4bEaBV5kRvxLFpump,45,2026-08-27T17:37:45.345938+00:00,AVAILABLE,1053,153,11
fp1sig-2782bb374e3a64b09d8e703e,GbxZSi3vRY5PTK8N4hzDmhtm1vM4bEaBV5kRvxLFpump,60,2026-08-27T17:38:00.345938+00:00,AVAILABLE,1053,153,15
fp1sig-2782bb374e3a64b09d8e703e,GbxZSi3vRY5PTK8N4hzDmhtm1vM4bEaBV5kRvxLFpump,90,2026-08-27T17:38:30.345938+00:00,AVAILABLE,1053,-1510,22
fp1sig-2782bb374e3a64b09d8e703e,GbxZSi3vRY5PTK8N4hzDmhtm1vM4bEaBV5kRvxLFpump,120,2026-08-27T17:39:00.345938+00:00,AVAILABLE,3232,-1510,40
fp1sig-2782bb374e3a64b09d8e703e,GbxZSi3vRY5PTK8N4hzDmhtm1vM4bEaBV5kRvxLFpump,180,2026-08-27T17:40:00.345938+00:00,AVAILABLE,3232,-1510,44
fp1sig-2782bb374e3a64b09d8e703e,GbxZSi3vRY5PTK8N4hzDmhtm1vM4bEaBV5kRvxLFpump,300,2026-08-27T17:42:00.345938+00:00,AVAILABLE,3232,-1510,61
fp1sig-29f847fb15d3671ec461378e,J7Z13EF3PYmMDxSFbYchxUoLtSLHwubEM3PRvjjepump,5,2026-08-28T04:43:04.446492+00:00,AVAILABLE,701,-4573,4
fp1sig-29f847fb15d3671ec461378e,J7Z13EF3PYmMDxSFbYchxUoLtSLHwubEM3PRvjjepump,10,2026-08-28T04:43:09.446492+00:00,AVAILABLE,701,-5840,6
fp1sig-29f847fb15d3671ec461378e,J7Z13EF3PYmMDxSFbYchxUoLtSLHwubEM3PRvjjepump,15,2026-08-28T04:43:14.446492+00:00,AVAILABLE,701,-6501,9
fp1sig-29f847fb15d3671ec461378e,J7Z13EF3PYmMDxSFbYchxUoLtSLHwubEM3PRvjjepump,20,2026-08-28T04:43:19.446492+00:00,AVAILABLE,701,-6501,12
fp1sig-29f847fb15d3671ec461378e,J7Z13EF3PYmMDxSFbYchxUoLtSLHwubEM3PRvjjepump,30,2026-08-28T04:43:29.446492+00:00,AVAILABLE,701,-6501,18
fp1sig-29f847fb15d3671ec461378e,J7Z13EF3PYmMDxSFbYchxUoLtSLHwubEM3PRvjjepump,45,2026-08-28T04:43:44.446492+00:00,AVAILABLE,701,-7417,23
fp1sig-29f847fb15d3671ec461378e,J7Z13EF3PYmMDxSFbYchxUoLtSLHwubEM3PRvjjepump,60,2026-08-28T04:43:59.446492+00:00,AVAILABLE,701,-7417,27
fp1sig-29f847fb15d3671ec461378e,J7Z13EF3PYmMDxSFbYchxUoLtSLHwubEM3PRvjjepump,90,2026-08-28T04:44:29.446492+00:00,AVAILABLE,701,-8158,36
fp1sig-29f847fb15d3671ec461378e,J7Z13EF3PYmMDxSFbYchxUoLtSLHwubEM3PRvjjepump,120,2026-08-28T04:44:59.446492+00:00,AVAILABLE,701,-8746,48
fp1sig-29f847fb15d3671ec461378e,J7Z13EF3PYmMDxSFbYchxUoLtSLHwubEM3PRvjjepump,180,2026-08-28T04:45:59.446492+00:00,AVAILABLE,701,-9539,63
fp1sig-29f847fb15d3671ec461378e,J7Z13EF3PYmMDxSFbYchxUoLtSLHwubEM3PRvjjepump,300,2026-08-28T04:47:59.446492+00:00,AVAILABLE,701,-9838,125
fp1sig-2a060f4fe52c239ee52a2975,2jMXLqaZKronWNBzfgsCvWoWeFkh8oTmFi3xb2Zgpump,5,2026-08-28T06:20:10.825500+00:00,AVAILABLE,-2767,-2767,1
fp1sig-2a060f4fe52c239ee52a2975,2jMXLqaZKronWNBzfgsCvWoWeFkh8oTmFi3xb2Zgpump,10,2026-08-28T06:20:15.825500+00:00,AVAILABLE,-2767,-2767,1
fp1sig-2a060f4fe52c239ee52a2975,2jMXLqaZKronWNBzfgsCvWoWeFkh8oTmFi3xb2Zgpump,15,2026-08-28T06:20:20.825500+00:00,AVAILABLE,-2767,-2767,1
fp1sig-2a060f4fe52c239ee52a2975,2jMXLqaZKronWNBzfgsCvWoWeFkh8oTmFi3xb2Zgpump,20,2026-08-28T06:20:25.825500+00:00,AVAILABLE,-2767,-3058,2
fp1sig-2a060f4fe52c239ee52a2975,2jMXLqaZKronWNBzfgsCvWoWeFkh8oTmFi3xb2Zgpump,30,2026-08-28T06:20:35.825500+00:00,AVAILABLE,3491,-3058,5
fp1sig-2a060f4fe52c239ee52a2975,2jMXLqaZKronWNBzfgsCvWoWeFkh8oTmFi3xb2Zgpump,45,2026-08-28T06:20:50.825500+00:00,AVAILABLE,3491,-3058,6
fp1sig-2a060f4fe52c239ee52a2975,2jMXLqaZKronWNBzfgsCvWoWeFkh8oTmFi3xb2Zgpump,60,2026-08-28T06:21:05.825500+00:00,AVAILABLE,3744,-3058,8
fp1sig-2a060f4fe52c239ee52a2975,2jMXLqaZKronWNBzfgsCvWoWeFkh8oTmFi3xb2Zgpump,90,2026-08-28T06:21:35.825500+00:00,AVAILABLE,3744,-4865,13
fp1sig-2a060f4fe52c239ee52a2975,2jMXLqaZKronWNBzfgsCvWoWeFkh8oTmFi3xb2Zgpump,120,2026-08-28T06:22:05.825500+00:00,AVAILABLE,3744,-8063,17
fp1sig-2a060f4fe52c239ee52a2975,2jMXLqaZKronWNBzfgsCvWoWeFkh8oTmFi3xb2Zgpump,180,2026-08-28T06:23:05.825500+00:00,AVAILABLE,3744,-8688,19
fp1sig-2a060f4fe52c239ee52a2975,2jMXLqaZKronWNBzfgsCvWoWeFkh8oTmFi3xb2Zgpump,300,2026-08-28T06:25:05.825500+00:00,AVAILABLE,3744,-8688,20
fp1sig-2a41b953902cbcf1f3f86c26,BbDcCetDDKZZMub4epn3DMncz7AxWiWfAUtR2yiZpump,5,2026-08-27T18:44:36.711129+00:00,AVAILABLE,481,481,1
fp1sig-2a41b953902cbcf1f3f86c26,BbDcCetDDKZZMub4epn3DMncz7AxWiWfAUtR2yiZpump,10,2026-08-27T18:44:41.711129+00:00,AVAILABLE,481,481,1
fp1sig-2a41b953902cbcf1f3f86c26,BbDcCetDDKZZMub4epn3DMncz7AxWiWfAUtR2yiZpump,15,2026-08-27T18:44:46.711129+00:00,AVAILABLE,675,481,2
fp1sig-2a41b953902cbcf1f3f86c26,BbDcCetDDKZZMub4epn3DMncz7AxWiWfAUtR2yiZpump,20,2026-08-27T18:44:51.711129+00:00,AVAILABLE,675,481,2
fp1sig-2a41b953902cbcf1f3f86c26,BbDcCetDDKZZMub4epn3DMncz7AxWiWfAUtR2yiZpump,30,2026-08-27T18:45:01.711129+00:00,AVAILABLE,675,481,2
fp1sig-2a41b953902cbcf1f3f86c26,BbDcCetDDKZZMub4epn3DMncz7AxWiWfAUtR2yiZpump,45,2026-08-27T18:45:16.711129+00:00,AVAILABLE,675,481,2
fp1sig-2a41b953902cbcf1f3f86c26,BbDcCetDDKZZMub4epn3DMncz7AxWiWfAUtR2yiZpump,60,2026-08-27T18:45:31.711129+00:00,AVAILABLE,675,481,2
fp1sig-2a41b953902cbcf1f3f86c26,BbDcCetDDKZZMub4epn3DMncz7AxWiWfAUtR2yiZpump,90,2026-08-27T18:46:01.711129+00:00,AVAILABLE,2457,481,10
fp1sig-2a41b953902cbcf1f3f86c26,BbDcCetDDKZZMub4epn3DMncz7AxWiWfAUtR2yiZpump,120,2026-08-27T18:46:31.711129+00:00,AVAILABLE,2457,481,10
fp1sig-2a41b953902cbcf1f3f86c26,BbDcCetDDKZZMub4epn3DMncz7AxWiWfAUtR2yiZpump,180,2026-08-27T18:47:31.711129+00:00,AVAILABLE,4007,481,18
fp1sig-2a41b953902cbcf1f3f86c26,BbDcCetDDKZZMub4epn3DMncz7AxWiWfAUtR2yiZpump,300,2026-08-27T18:49:31.711129+00:00,AVAILABLE,4007,481,24
fp1sig-2a7cb5b681b6305f4ef6b88f,8svoRacQL9w1jEjcaKFXE4sZpjWDvYmjPgmyjdszpump,5,2026-08-28T04:37:27.619111+00:00,AVAILABLE,207,138,2
fp1sig-2a7cb5b681b6305f4ef6b88f,8svoRacQL9w1jEjcaKFXE4sZpjWDvYmjPgmyjdszpump,10,2026-08-28T04:37:32.619111+00:00,AVAILABLE,207,138,2
fp1sig-2a7cb5b681b6305f4ef6b88f,8svoRacQL9w1jEjcaKFXE4sZpjWDvYmjPgmyjdszpump,15,2026-08-28T04:37:37.619111+00:00,AVAILABLE,207,91,3
fp1sig-2a7cb5b681b6305f4ef6b88f,8svoRacQL9w1jEjcaKFXE4sZpjWDvYmjPgmyjdszpump,20,2026-08-28T04:37:42.619111+00:00,AVAILABLE,207,91,4
fp1sig-2a7cb5b681b6305f4ef6b88f,8svoRacQL9w1jEjcaKFXE4sZpjWDvYmjPgmyjdszpump,30,2026-08-28T04:37:52.619111+00:00,AVAILABLE,207,91,4
fp1sig-2a7cb5b681b6305f4ef6b88f,8svoRacQL9w1jEjcaKFXE4sZpjWDvYmjPgmyjdszpump,45,2026-08-28T04:38:07.619111+00:00,AVAILABLE,207,91,5
fp1sig-2a7cb5b681b6305f4ef6b88f,8svoRacQL9w1jEjcaKFXE4sZpjWDvYmjPgmyjdszpump,60,2026-08-28T04:38:22.619111+00:00,AVAILABLE,207,91,5
fp1sig-2a7cb5b681b6305f4ef6b88f,8svoRacQL9w1jEjcaKFXE4sZpjWDvYmjPgmyjdszpump,90,2026-08-28T04:38:52.619111+00:00,AVAILABLE,208,90,11
fp1sig-2a7cb5b681b6305f4ef6b88f,8svoRacQL9w1jEjcaKFXE4sZpjWDvYmjPgmyjdszpump,120,2026-08-28T04:39:22.619111+00:00,AVAILABLE,492,90,13
fp1sig-2a7cb5b681b6305f4ef6b88f,8svoRacQL9w1jEjcaKFXE4sZpjWDvYmjPgmyjdszpump,180,2026-08-28T04:40:22.619111+00:00,AVAILABLE,510,90,15
fp1sig-2a7cb5b681b6305f4ef6b88f,8svoRacQL9w1jEjcaKFXE4sZpjWDvYmjPgmyjdszpump,300,2026-08-28T04:42:22.619111+00:00,AVAILABLE,510,90,17
fp1sig-2b0d059b864fdfa1e778291c,J7eLJGC4VjYEkgWWXpak4T4JaDMzA7wBUMAAdWfapump,5,2026-08-28T12:21:59.786570+00:00,MISSING,,,0
fp1sig-2b0d059b864fdfa1e778291c,J7eLJGC4VjYEkgWWXpak4T4JaDMzA7wBUMAAdWfapump,10,2026-08-28T12:22:04.786570+00:00,AVAILABLE,2084,2084,1
fp1sig-2b0d059b864fdfa1e778291c,J7eLJGC4VjYEkgWWXpak4T4JaDMzA7wBUMAAdWfapump,15,2026-08-28T12:22:09.786570+00:00,AVAILABLE,2084,2084,1
fp1sig-2b0d059b864fdfa1e778291c,J7eLJGC4VjYEkgWWXpak4T4JaDMzA7wBUMAAdWfapump,20,2026-08-28T12:22:14.786570+00:00,AVAILABLE,2084,354,3
fp1sig-2b0d059b864fdfa1e778291c,J7eLJGC4VjYEkgWWXpak4T4JaDMzA7wBUMAAdWfapump,30,2026-08-28T12:22:24.786570+00:00,AVAILABLE,2084,-2749,5
fp1sig-2b0d059b864fdfa1e778291c,J7eLJGC4VjYEkgWWXpak4T4JaDMzA7wBUMAAdWfapump,45,2026-08-28T12:22:39.786570+00:00,AVAILABLE,2084,-2749,6
fp1sig-2b0d059b864fdfa1e778291c,J7eLJGC4VjYEkgWWXpak4T4JaDMzA7wBUMAAdWfapump,60,2026-08-28T12:22:54.786570+00:00,AVAILABLE,2084,-2749,7
fp1sig-2b0d059b864fdfa1e778291c,J7eLJGC4VjYEkgWWXpak4T4JaDMzA7wBUMAAdWfapump,90,2026-08-28T12:23:24.786570+00:00,AVAILABLE,3273,-2749,10
fp1sig-2b0d059b864fdfa1e778291c,J7eLJGC4VjYEkgWWXpak4T4JaDMzA7wBUMAAdWfapump,120,2026-08-28T12:23:54.786570+00:00,AVAILABLE,5280,-2749,13
fp1sig-2b0d059b864fdfa1e778291c,J7eLJGC4VjYEkgWWXpak4T4JaDMzA7wBUMAAdWfapump,180,2026-08-28T12:24:54.786570+00:00,AVAILABLE,5280,-8168,21
fp1sig-2b0d059b864fdfa1e778291c,J7eLJGC4VjYEkgWWXpak4T4JaDMzA7wBUMAAdWfapump,300,2026-08-28T12:26:54.786570+00:00,AVAILABLE,5280,-8168,21
fp1sig-2b63e59c2b28c487db216d25,AwPZf38Jn4uz19HQnckf9VT6dEhhSvA9VwoPqZZLpump,5,2026-08-28T08:07:34.981409+00:00,AVAILABLE,-1270,-1270,1
fp1sig-2b63e59c2b28c487db216d25,AwPZf38Jn4uz19HQnckf9VT6dEhhSvA9VwoPqZZLpump,10,2026-08-28T08:07:39.981409+00:00,AVAILABLE,-1270,-2902,2
fp1sig-2b63e59c2b28c487db216d25,AwPZf38Jn4uz19HQnckf9VT6dEhhSvA9VwoPqZZLpump,15,2026-08-28T08:07:44.981409+00:00,AVAILABLE,-99,-2902,5
fp1sig-2b63e59c2b28c487db216d25,AwPZf38Jn4uz19HQnckf9VT6dEhhSvA9VwoPqZZLpump,20,2026-08-28T08:07:49.981409+00:00,AVAILABLE,-99,-2915,8
fp1sig-2b63e59c2b28c487db216d25,AwPZf38Jn4uz19HQnckf9VT6dEhhSvA9VwoPqZZLpump,30,2026-08-28T08:07:59.981409+00:00,AVAILABLE,4330,-2915,14
fp1sig-2b63e59c2b28c487db216d25,AwPZf38Jn4uz19HQnckf9VT6dEhhSvA9VwoPqZZLpump,45,2026-08-28T08:08:14.981409+00:00,AVAILABLE,8273,-2915,20
fp1sig-2b63e59c2b28c487db216d25,AwPZf38Jn4uz19HQnckf9VT6dEhhSvA9VwoPqZZLpump,60,2026-08-28T08:08:29.981409+00:00,AVAILABLE,8273,-2915,25
fp1sig-2b63e59c2b28c487db216d25,AwPZf38Jn4uz19HQnckf9VT6dEhhSvA9VwoPqZZLpump,90,2026-08-28T08:08:59.981409+00:00,AVAILABLE,8273,-2915,39
fp1sig-2b63e59c2b28c487db216d25,AwPZf38Jn4uz19HQnckf9VT6dEhhSvA9VwoPqZZLpump,120,2026-08-28T08:09:29.981409+00:00,AVAILABLE,9250,-2915,45
fp1sig-2b63e59c2b28c487db216d25,AwPZf38Jn4uz19HQnckf9VT6dEhhSvA9VwoPqZZLpump,180,2026-08-28T08:10:29.981409+00:00,AVAILABLE,9250,-5669,61
fp1sig-2b63e59c2b28c487db216d25,AwPZf38Jn4uz19HQnckf9VT6dEhhSvA9VwoPqZZLpump,300,2026-08-28T08:12:29.981409+00:00,AVAILABLE,9250,-8931,106
fp1sig-2c88a9ae046d0a5869582032,BcCL6BKr2WXQ2u8qLfhmpydN6nnrVbLxF6XBxJdKpump,5,2026-08-28T03:25:31.536801+00:00,AVAILABLE,1646,717,4
fp1sig-2c88a9ae046d0a5869582032,BcCL6BKr2WXQ2u8qLfhmpydN6nnrVbLxF6XBxJdKpump,10,2026-08-28T03:25:36.536801+00:00,AVAILABLE,1646,717,4
fp1sig-2c88a9ae046d0a5869582032,BcCL6BKr2WXQ2u8qLfhmpydN6nnrVbLxF6XBxJdKpump,15,2026-08-28T03:25:41.536801+00:00,AVAILABLE,1835,717,5
fp1sig-2c88a9ae046d0a5869582032,BcCL6BKr2WXQ2u8qLfhmpydN6nnrVbLxF6XBxJdKpump,20,2026-08-28T03:25:46.536801+00:00,AVAILABLE,2025,717,6
fp1sig-2c88a9ae046d0a5869582032,BcCL6BKr2WXQ2u8qLfhmpydN6nnrVbLxF6XBxJdKpump,30,2026-08-28T03:25:56.536801+00:00,AVAILABLE,2025,717,9
fp1sig-2c88a9ae046d0a5869582032,BcCL6BKr2WXQ2u8qLfhmpydN6nnrVbLxF6XBxJdKpump,45,2026-08-28T03:26:11.536801+00:00,AVAILABLE,2025,207,12
fp1sig-2c88a9ae046d0a5869582032,BcCL6BKr2WXQ2u8qLfhmpydN6nnrVbLxF6XBxJdKpump,60,2026-08-28T03:26:26.536801+00:00,AVAILABLE,2025,-692,15
fp1sig-2c88a9ae046d0a5869582032,BcCL6BKr2WXQ2u8qLfhmpydN6nnrVbLxF6XBxJdKpump,90,2026-08-28T03:26:56.536801+00:00,AVAILABLE,2025,-1535,16
fp1sig-2c88a9ae046d0a5869582032,BcCL6BKr2WXQ2u8qLfhmpydN6nnrVbLxF6XBxJdKpump,120,2026-08-28T03:27:26.536801+00:00,AVAILABLE,2025,-1535,16
fp1sig-2c88a9ae046d0a5869582032,BcCL6BKr2WXQ2u8qLfhmpydN6nnrVbLxF6XBxJdKpump,180,2026-08-28T03:28:26.536801+00:00,AVAILABLE,2025,-1535,30
fp1sig-2c88a9ae046d0a5869582032,BcCL6BKr2WXQ2u8qLfhmpydN6nnrVbLxF6XBxJdKpump,300,2026-08-28T03:30:26.536801+00:00,AVAILABLE,2025,-1535,45
fp1sig-2cfeee352c8c7f813f579eb2,EuYRNGmkyXirgiEau9gkgkHv8gB4d45yyAHTBfBWpump,5,2026-08-27T13:24:21.080689+00:00,AVAILABLE,2181,931,15
fp1sig-2cfeee352c8c7f813f579eb2,EuYRNGmkyXirgiEau9gkgkHv8gB4d45yyAHTBfBWpump,10,2026-08-27T13:24:26.080689+00:00,AVAILABLE,3653,931,31
fp1sig-2cfeee352c8c7f813f579eb2,EuYRNGmkyXirgiEau9gkgkHv8gB4d45yyAHTBfBWpump,15,2026-08-27T13:24:31.080689+00:00,AVAILABLE,3653,931,32
fp1sig-2cfeee352c8c7f813f579eb2,EuYRNGmkyXirgiEau9gkgkHv8gB4d45yyAHTBfBWpump,20,2026-08-27T13:24:36.080689+00:00,AVAILABLE,3653,931,34
fp1sig-2cfeee352c8c7f813f579eb2,EuYRNGmkyXirgiEau9gkgkHv8gB4d45yyAHTBfBWpump,30,2026-08-27T13:24:46.080689+00:00,AVAILABLE,3653,931,37
fp1sig-2cfeee352c8c7f813f579eb2,EuYRNGmkyXirgiEau9gkgkHv8gB4d45yyAHTBfBWpump,45,2026-08-27T13:25:01.080689+00:00,AVAILABLE,3653,-90,38
fp1sig-2cfeee352c8c7f813f579eb2,EuYRNGmkyXirgiEau9gkgkHv8gB4d45yyAHTBfBWpump,60,2026-08-27T13:25:16.080689+00:00,AVAILABLE,3653,-90,38
fp1sig-2cfeee352c8c7f813f579eb2,EuYRNGmkyXirgiEau9gkgkHv8gB4d45yyAHTBfBWpump,90,2026-08-27T13:25:46.080689+00:00,AVAILABLE,3653,-90,39
fp1sig-2cfeee352c8c7f813f579eb2,EuYRNGmkyXirgiEau9gkgkHv8gB4d45yyAHTBfBWpump,120,2026-08-27T13:26:16.080689+00:00,AVAILABLE,3653,-90,39
fp1sig-2cfeee352c8c7f813f579eb2,EuYRNGmkyXirgiEau9gkgkHv8gB4d45yyAHTBfBWpump,180,2026-08-27T13:27:16.080689+00:00,AVAILABLE,3653,-3613,48
fp1sig-2cfeee352c8c7f813f579eb2,EuYRNGmkyXirgiEau9gkgkHv8gB4d45yyAHTBfBWpump,300,2026-08-27T13:29:16.080689+00:00,AVAILABLE,3653,-5524,90
fp1sig-2d40ec6fb372bf2250965996,E1aVB6KRL3CG9sP51EVZpmLVqWs8yyVv21pLfyEUpump,5,2026-08-28T00:00:38.273117+00:00,AVAILABLE,3649,-455,6
fp1sig-2d40ec6fb372bf2250965996,E1aVB6KRL3CG9sP51EVZpmLVqWs8yyVv21pLfyEUpump,10,2026-08-28T00:00:43.273117+00:00,AVAILABLE,3649,-455,10
fp1sig-2d40ec6fb372bf2250965996,E1aVB6KRL3CG9sP51EVZpmLVqWs8yyVv21pLfyEUpump,15,2026-08-28T00:00:48.273117+00:00,AVAILABLE,3649,-455,12
fp1sig-2d40ec6fb372bf2250965996,E1aVB6KRL3CG9sP51EVZpmLVqWs8yyVv21pLfyEUpump,20,2026-08-28T00:00:53.273117+00:00,AVAILABLE,3649,-455,16
fp1sig-2d40ec6fb372bf2250965996,E1aVB6KRL3CG9sP51EVZpmLVqWs8yyVv21pLfyEUpump,30,2026-08-28T00:01:03.273117+00:00,AVAILABLE,6062,-455,20
fp1sig-2d40ec6fb372bf2250965996,E1aVB6KRL3CG9sP51EVZpmLVqWs8yyVv21pLfyEUpump,45,2026-08-28T00:01:18.273117+00:00,AVAILABLE,18140,-455,26
fp1sig-2d40ec6fb372bf2250965996,E1aVB6KRL3CG9sP51EVZpmLVqWs8yyVv21pLfyEUpump,60,2026-08-28T00:01:33.273117+00:00,AVAILABLE,35980,-455,30
fp1sig-2d40ec6fb372bf2250965996,E1aVB6KRL3CG9sP51EVZpmLVqWs8yyVv21pLfyEUpump,90,2026-08-28T00:02:03.273117+00:00,AVAILABLE,36759,-455,33
fp1sig-2d40ec6fb372bf2250965996,E1aVB6KRL3CG9sP51EVZpmLVqWs8yyVv21pLfyEUpump,120,2026-08-28T00:02:33.273117+00:00,AVAILABLE,36759,-455,36
fp1sig-2d40ec6fb372bf2250965996,E1aVB6KRL3CG9sP51EVZpmLVqWs8yyVv21pLfyEUpump,180,2026-08-28T00:03:33.273117+00:00,AVAILABLE,36759,-455,44
fp1sig-2d40ec6fb372bf2250965996,E1aVB6KRL3CG9sP51EVZpmLVqWs8yyVv21pLfyEUpump,300,2026-08-28T00:05:33.273117+00:00,AVAILABLE,63654,-455,57
fp1sig-2d7e71340d1a91184543a88b,4Rtw1qv3b2Dx2yuG3we2skRt15rQodgk786xAURVMrMe,5,2026-08-28T06:39:11.055093+00:00,MISSING,,,0
fp1sig-2d7e71340d1a91184543a88b,4Rtw1qv3b2Dx2yuG3we2skRt15rQodgk786xAURVMrMe,10,2026-08-28T06:39:16.055093+00:00,MISSING,,,0
fp1sig-2d7e71340d1a91184543a88b,4Rtw1qv3b2Dx2yuG3we2skRt15rQodgk786xAURVMrMe,15,2026-08-28T06:39:21.055093+00:00,MISSING,,,0
fp1sig-2d7e71340d1a91184543a88b,4Rtw1qv3b2Dx2yuG3we2skRt15rQodgk786xAURVMrMe,20,2026-08-28T06:39:26.055093+00:00,MISSING,,,0
fp1sig-2d7e71340d1a91184543a88b,4Rtw1qv3b2Dx2yuG3we2skRt15rQodgk786xAURVMrMe,30,2026-08-28T06:39:36.055093+00:00,AVAILABLE,3,-647,2
fp1sig-2d7e71340d1a91184543a88b,4Rtw1qv3b2Dx2yuG3we2skRt15rQodgk786xAURVMrMe,45,2026-08-28T06:39:51.055093+00:00,AVAILABLE,3,-1872,7
fp1sig-2d7e71340d1a91184543a88b,4Rtw1qv3b2Dx2yuG3we2skRt15rQodgk786xAURVMrMe,60,2026-08-28T06:40:06.055093+00:00,AVAILABLE,3,-1872,7
fp1sig-2d7e71340d1a91184543a88b,4Rtw1qv3b2Dx2yuG3we2skRt15rQodgk786xAURVMrMe,90,2026-08-28T06:40:36.055093+00:00,AVAILABLE,3,-1872,7
fp1sig-2d7e71340d1a91184543a88b,4Rtw1qv3b2Dx2yuG3we2skRt15rQodgk786xAURVMrMe,120,2026-08-28T06:41:06.055093+00:00,AVAILABLE,3,-1872,8
fp1sig-2d7e71340d1a91184543a88b,4Rtw1qv3b2Dx2yuG3we2skRt15rQodgk786xAURVMrMe,180,2026-08-28T06:42:06.055093+00:00,AVAILABLE,3,-1872,8
fp1sig-2d7e71340d1a91184543a88b,4Rtw1qv3b2Dx2yuG3we2skRt15rQodgk786xAURVMrMe,300,2026-08-28T06:44:06.055093+00:00,AVAILABLE,3,-1872,8
fp1sig-2dc2120b7025fb83e309bb18,4U3YiKGkrNUfRDLq8phDuoKt5f8vzgjNcW1z7U58pump,5,2026-08-27T12:41:54.413362+00:00,AVAILABLE,72,-4,4
fp1sig-2dc2120b7025fb83e309bb18,4U3YiKGkrNUfRDLq8phDuoKt5f8vzgjNcW1z7U58pump,10,2026-08-27T12:41:59.413362+00:00,AVAILABLE,72,-4,5
fp1sig-2dc2120b7025fb83e309bb18,4U3YiKGkrNUfRDLq8phDuoKt5f8vzgjNcW1z7U58pump,15,2026-08-27T12:42:04.413362+00:00,AVAILABLE,189,-4,8
fp1sig-2dc2120b7025fb83e309bb18,4U3YiKGkrNUfRDLq8phDuoKt5f8vzgjNcW1z7U58pump,20,2026-08-27T12:42:09.413362+00:00,AVAILABLE,189,-4,9
fp1sig-2dc2120b7025fb83e309bb18,4U3YiKGkrNUfRDLq8phDuoKt5f8vzgjNcW1z7U58pump,30,2026-08-27T12:42:19.413362+00:00,AVAILABLE,189,-215,12
fp1sig-2dc2120b7025fb83e309bb18,4U3YiKGkrNUfRDLq8phDuoKt5f8vzgjNcW1z7U58pump,45,2026-08-27T12:42:34.413362+00:00,AVAILABLE,189,-300,16
fp1sig-2dc2120b7025fb83e309bb18,4U3YiKGkrNUfRDLq8phDuoKt5f8vzgjNcW1z7U58pump,60,2026-08-27T12:42:49.413362+00:00,AVAILABLE,189,-665,20
fp1sig-2dc2120b7025fb83e309bb18,4U3YiKGkrNUfRDLq8phDuoKt5f8vzgjNcW1z7U58pump,90,2026-08-27T12:43:19.413362+00:00,AVAILABLE,189,-807,42
fp1sig-2dc2120b7025fb83e309bb18,4U3YiKGkrNUfRDLq8phDuoKt5f8vzgjNcW1z7U58pump,120,2026-08-27T12:43:49.413362+00:00,AVAILABLE,189,-1161,51
fp1sig-2dc2120b7025fb83e309bb18,4U3YiKGkrNUfRDLq8phDuoKt5f8vzgjNcW1z7U58pump,180,2026-08-27T12:44:49.413362+00:00,AVAILABLE,189,-1161,82
fp1sig-2dc2120b7025fb83e309bb18,4U3YiKGkrNUfRDLq8phDuoKt5f8vzgjNcW1z7U58pump,300,2026-08-27T12:46:49.413362+00:00,AVAILABLE,1196,-1161,150
fp1sig-2e36eea01ec96df3b7bf5f41,CxVkEJGccXWQ3qay9Piepw77tJF6jqdw21B2LtK4pump,5,2026-08-27T20:43:06.833370+00:00,AVAILABLE,-231,-498,2
fp1sig-2e36eea01ec96df3b7bf5f41,CxVkEJGccXWQ3qay9Piepw77tJF6jqdw21B2LtK4pump,10,2026-08-27T20:43:11.833370+00:00,AVAILABLE,-231,-498,2
fp1sig-2e36eea01ec96df3b7bf5f41,CxVkEJGccXWQ3qay9Piepw77tJF6jqdw21B2LtK4pump,15,2026-08-27T20:43:16.833370+00:00,AVAILABLE,157,-498,6
fp1sig-2e36eea01ec96df3b7bf5f41,CxVkEJGccXWQ3qay9Piepw77tJF6jqdw21B2LtK4pump,20,2026-08-27T20:43:21.833370+00:00,AVAILABLE,491,-498,7
fp1sig-2e36eea01ec96df3b7bf5f41,CxVkEJGccXWQ3qay9Piepw77tJF6jqdw21B2LtK4pump,30,2026-08-27T20:43:31.833370+00:00,AVAILABLE,1410,-498,11
fp1sig-2e36eea01ec96df3b7bf5f41,CxVkEJGccXWQ3qay9Piepw77tJF6jqdw21B2LtK4pump,45,2026-08-27T20:43:46.833370+00:00,AVAILABLE,1410,-498,13
fp1sig-2e36eea01ec96df3b7bf5f41,CxVkEJGccXWQ3qay9Piepw77tJF6jqdw21B2LtK4pump,60,2026-08-27T20:44:01.833370+00:00,AVAILABLE,1556,-498,16
fp1sig-2e36eea01ec96df3b7bf5f41,CxVkEJGccXWQ3qay9Piepw77tJF6jqdw21B2LtK4pump,90,2026-08-27T20:44:31.833370+00:00,AVAILABLE,1556,-1628,26
fp1sig-2e36eea01ec96df3b7bf5f41,CxVkEJGccXWQ3qay9Piepw77tJF6jqdw21B2LtK4pump,120,2026-08-27T20:45:01.833370+00:00,AVAILABLE,1556,-1628,38
fp1sig-2e36eea01ec96df3b7bf5f41,CxVkEJGccXWQ3qay9Piepw77tJF6jqdw21B2LtK4pump,180,2026-08-27T20:46:01.833370+00:00,AVAILABLE,1556,-1628,51
fp1sig-2e36eea01ec96df3b7bf5f41,CxVkEJGccXWQ3qay9Piepw77tJF6jqdw21B2LtK4pump,300,2026-08-27T20:48:01.833370+00:00,AVAILABLE,1556,-6872,61
fp1sig-2f0ea0aff62785653b1549a8,DFE2mG3RTytE174M2khoTwTCzSn4C1YzMUoyhqi2pump,5,2026-08-28T01:08:40.128118+00:00,AVAILABLE,-1643,-1643,1
fp1sig-2f0ea0aff62785653b1549a8,DFE2mG3RTytE174M2khoTwTCzSn4C1YzMUoyhqi2pump,10,2026-08-28T01:08:45.128118+00:00,AVAILABLE,1471,-1643,4
fp1sig-2f0ea0aff62785653b1549a8,DFE2mG3RTytE174M2khoTwTCzSn4C1YzMUoyhqi2pump,15,2026-08-28T01:08:50.128118+00:00,AVAILABLE,1471,-2235,5
fp1sig-2f0ea0aff62785653b1549a8,DFE2mG3RTytE174M2khoTwTCzSn4C1YzMUoyhqi2pump,20,2026-08-28T01:08:55.128118+00:00,AVAILABLE,1471,-3115,8
fp1sig-2f0ea0aff62785653b1549a8,DFE2mG3RTytE174M2khoTwTCzSn4C1YzMUoyhqi2pump,30,2026-08-28T01:09:05.128118+00:00,AVAILABLE,2803,-3115,11
fp1sig-2f0ea0aff62785653b1549a8,DFE2mG3RTytE174M2khoTwTCzSn4C1YzMUoyhqi2pump,45,2026-08-28T01:09:20.128118+00:00,AVAILABLE,4271,-3115,21
fp1sig-2f0ea0aff62785653b1549a8,DFE2mG3RTytE174M2khoTwTCzSn4C1YzMUoyhqi2pump,60,2026-08-28T01:09:35.128118+00:00,AVAILABLE,4271,-4664,27
fp1sig-2f0ea0aff62785653b1549a8,DFE2mG3RTytE174M2khoTwTCzSn4C1YzMUoyhqi2pump,90,2026-08-28T01:10:05.128118+00:00,AVAILABLE,4271,-7154,35
fp1sig-2f0ea0aff62785653b1549a8,DFE2mG3RTytE174M2khoTwTCzSn4C1YzMUoyhqi2pump,120,2026-08-28T01:10:35.128118+00:00,AVAILABLE,4271,-8807,40
fp1sig-2f0ea0aff62785653b1549a8,DFE2mG3RTytE174M2khoTwTCzSn4C1YzMUoyhqi2pump,180,2026-08-28T01:11:35.128118+00:00,AVAILABLE,4271,-9080,48
fp1sig-2f0ea0aff62785653b1549a8,DFE2mG3RTytE174M2khoTwTCzSn4C1YzMUoyhqi2pump,300,2026-08-28T01:13:35.128118+00:00,AVAILABLE,4271,-9080,58
fp1sig-2f76f02be7ce6811dacd5746,FxdmSh62EjUbKLQTGTenh2pkKvbjoMLw5p3fUqnfpump,5,2026-08-27T19:18:54.996228+00:00,MISSING,,,0
fp1sig-2f76f02be7ce6811dacd5746,FxdmSh62EjUbKLQTGTenh2pkKvbjoMLw5p3fUqnfpump,10,2026-08-27T19:18:59.996228+00:00,MISSING,,,0
fp1sig-2f76f02be7ce6811dacd5746,FxdmSh62EjUbKLQTGTenh2pkKvbjoMLw5p3fUqnfpump,15,2026-08-27T19:19:04.996228+00:00,MISSING,,,0
fp1sig-2f76f02be7ce6811dacd5746,FxdmSh62EjUbKLQTGTenh2pkKvbjoMLw5p3fUqnfpump,20,2026-08-27T19:19:09.996228+00:00,MISSING,,,0
fp1sig-2f76f02be7ce6811dacd5746,FxdmSh62EjUbKLQTGTenh2pkKvbjoMLw5p3fUqnfpump,30,2026-08-27T19:19:19.996228+00:00,AVAILABLE,-4796,-4796,1
fp1sig-2f76f02be7ce6811dacd5746,FxdmSh62EjUbKLQTGTenh2pkKvbjoMLw5p3fUqnfpump,45,2026-08-27T19:19:34.996228+00:00,AVAILABLE,-3805,-6217,4
fp1sig-2f76f02be7ce6811dacd5746,FxdmSh62EjUbKLQTGTenh2pkKvbjoMLw5p3fUqnfpump,60,2026-08-27T19:19:49.996228+00:00,AVAILABLE,-3805,-6608,5
fp1sig-2f76f02be7ce6811dacd5746,FxdmSh62EjUbKLQTGTenh2pkKvbjoMLw5p3fUqnfpump,90,2026-08-27T19:20:19.996228+00:00,AVAILABLE,-3805,-6608,7
fp1sig-2f76f02be7ce6811dacd5746,FxdmSh62EjUbKLQTGTenh2pkKvbjoMLw5p3fUqnfpump,120,2026-08-27T19:20:49.996228+00:00,AVAILABLE,-3805,-6608,8
fp1sig-2f76f02be7ce6811dacd5746,FxdmSh62EjUbKLQTGTenh2pkKvbjoMLw5p3fUqnfpump,180,2026-08-27T19:21:49.996228+00:00,AVAILABLE,-3805,-7879,14
fp1sig-2f76f02be7ce6811dacd5746,FxdmSh62EjUbKLQTGTenh2pkKvbjoMLw5p3fUqnfpump,300,2026-08-27T19:23:49.996228+00:00,AVAILABLE,-3805,-7891,15
fp1sig-2fa41212c92b2985b5279c6d,FqV7LbQZof7iPcno584m3nWJU7V7mXDpyDhLNCtpump,5,2026-08-28T12:03:44.786730+00:00,MISSING,,,0
fp1sig-2fa41212c92b2985b5279c6d,FqV7LbQZof7iPcno584m3nWJU7V7mXDpyDhLNCtpump,10,2026-08-28T12:03:49.786730+00:00,MISSING,,,0
fp1sig-2fa41212c92b2985b5279c6d,FqV7LbQZof7iPcno584m3nWJU7V7mXDpyDhLNCtpump,15,2026-08-28T12:03:54.786730+00:00,MISSING,,,0
fp1sig-2fa41212c92b2985b5279c6d,FqV7LbQZof7iPcno584m3nWJU7V7mXDpyDhLNCtpump,20,2026-08-28T12:03:59.786730+00:00,MISSING,,,0
fp1sig-2fa41212c92b2985b5279c6d,FqV7LbQZof7iPcno584m3nWJU7V7mXDpyDhLNCtpump,30,2026-08-28T12:04:09.786730+00:00,MISSING,,,0
fp1sig-2fa41212c92b2985b5279c6d,FqV7LbQZof7iPcno584m3nWJU7V7mXDpyDhLNCtpump,45,2026-08-28T12:04:24.786730+00:00,AVAILABLE,36,36,1
fp1sig-2fa41212c92b2985b5279c6d,FqV7LbQZof7iPcno584m3nWJU7V7mXDpyDhLNCtpump,60,2026-08-28T12:04:39.786730+00:00,AVAILABLE,105,36,3
fp1sig-2fa41212c92b2985b5279c6d,FqV7LbQZof7iPcno584m3nWJU7V7mXDpyDhLNCtpump,90,2026-08-28T12:05:09.786730+00:00,AVAILABLE,168,36,5
fp1sig-2fa41212c92b2985b5279c6d,FqV7LbQZof7iPcno584m3nWJU7V7mXDpyDhLNCtpump,120,2026-08-28T12:05:39.786730+00:00,AVAILABLE,168,36,5
fp1sig-2fa41212c92b2985b5279c6d,FqV7LbQZof7iPcno584m3nWJU7V7mXDpyDhLNCtpump,180,2026-08-28T12:06:39.786730+00:00,AVAILABLE,168,-105,6
fp1sig-2fa41212c92b2985b5279c6d,FqV7LbQZof7iPcno584m3nWJU7V7mXDpyDhLNCtpump,300,2026-08-28T12:08:39.786730+00:00,AVAILABLE,168,-797,9
fp1sig-301bed8ed2781ddf868c5c4b,AP8nD8BiaEEfixcQZ3L3Md61QsQYDAhG7NcsTYSzpump,5,2026-08-28T10:43:40.715336+00:00,AVAILABLE,2271,440,9
fp1sig-301bed8ed2781ddf868c5c4b,AP8nD8BiaEEfixcQZ3L3Md61QsQYDAhG7NcsTYSzpump,10,2026-08-28T10:43:45.715336+00:00,AVAILABLE,2271,440,9
fp1sig-301bed8ed2781ddf868c5c4b,AP8nD8BiaEEfixcQZ3L3Md61QsQYDAhG7NcsTYSzpump,15,2026-08-28T10:43:50.715336+00:00,AVAILABLE,2275,440,10
fp1sig-301bed8ed2781ddf868c5c4b,AP8nD8BiaEEfixcQZ3L3Md61QsQYDAhG7NcsTYSzpump,20,2026-08-28T10:43:55.715336+00:00,AVAILABLE,2300,440,11
fp1sig-301bed8ed2781ddf868c5c4b,AP8nD8BiaEEfixcQZ3L3Md61QsQYDAhG7NcsTYSzpump,30,2026-08-28T10:44:05.715336+00:00,AVAILABLE,2300,440,15
fp1sig-301bed8ed2781ddf868c5c4b,AP8nD8BiaEEfixcQZ3L3Md61QsQYDAhG7NcsTYSzpump,45,2026-08-28T10:44:20.715336+00:00,AVAILABLE,2300,440,17
fp1sig-301bed8ed2781ddf868c5c4b,AP8nD8BiaEEfixcQZ3L3Md61QsQYDAhG7NcsTYSzpump,60,2026-08-28T10:44:35.715336+00:00,AVAILABLE,2300,440,17
fp1sig-301bed8ed2781ddf868c5c4b,AP8nD8BiaEEfixcQZ3L3Md61QsQYDAhG7NcsTYSzpump,90,2026-08-28T10:45:05.715336+00:00,AVAILABLE,3382,440,25
fp1sig-301bed8ed2781ddf868c5c4b,AP8nD8BiaEEfixcQZ3L3Md61QsQYDAhG7NcsTYSzpump,120,2026-08-28T10:45:35.715336+00:00,AVAILABLE,3382,440,26
fp1sig-301bed8ed2781ddf868c5c4b,AP8nD8BiaEEfixcQZ3L3Md61QsQYDAhG7NcsTYSzpump,180,2026-08-28T10:46:35.715336+00:00,AVAILABLE,3382,440,33
fp1sig-301bed8ed2781ddf868c5c4b,AP8nD8BiaEEfixcQZ3L3Md61QsQYDAhG7NcsTYSzpump,300,2026-08-28T10:48:35.715336+00:00,AVAILABLE,3382,440,34
fp1sig-3073d478391469ac7a151986,Acvh2GTyLmf2a9b7FvAyk7BNFDQZQiK3TTds8C3Xpump,5,2026-08-27T17:20:55.807350+00:00,AVAILABLE,-1440,-1958,3
fp1sig-3073d478391469ac7a151986,Acvh2GTyLmf2a9b7FvAyk7BNFDQZQiK3TTds8C3Xpump,10,2026-08-27T17:21:00.807350+00:00,AVAILABLE,-1440,-1958,3
fp1sig-3073d478391469ac7a151986,Acvh2GTyLmf2a9b7FvAyk7BNFDQZQiK3TTds8C3Xpump,15,2026-08-27T17:21:05.807350+00:00,AVAILABLE,-1440,-1958,3
fp1sig-3073d478391469ac7a151986,Acvh2GTyLmf2a9b7FvAyk7BNFDQZQiK3TTds8C3Xpump,20,2026-08-27T17:21:10.807350+00:00,AVAILABLE,-1440,-1958,3
fp1sig-3073d478391469ac7a151986,Acvh2GTyLmf2a9b7FvAyk7BNFDQZQiK3TTds8C3Xpump,30,2026-08-27T17:21:20.807350+00:00,AVAILABLE,-1350,-1958,5
fp1sig-3073d478391469ac7a151986,Acvh2GTyLmf2a9b7FvAyk7BNFDQZQiK3TTds8C3Xpump,45,2026-08-27T17:21:35.807350+00:00,AVAILABLE,-1350,-1958,8
fp1sig-3073d478391469ac7a151986,Acvh2GTyLmf2a9b7FvAyk7BNFDQZQiK3TTds8C3Xpump,60,2026-08-27T17:21:50.807350+00:00,AVAILABLE,-1350,-1958,9
fp1sig-3073d478391469ac7a151986,Acvh2GTyLmf2a9b7FvAyk7BNFDQZQiK3TTds8C3Xpump,90,2026-08-27T17:22:20.807350+00:00,AVAILABLE,-1350,-4135,20
fp1sig-3073d478391469ac7a151986,Acvh2GTyLmf2a9b7FvAyk7BNFDQZQiK3TTds8C3Xpump,120,2026-08-27T17:22:50.807350+00:00,AVAILABLE,-1350,-4135,23
fp1sig-3073d478391469ac7a151986,Acvh2GTyLmf2a9b7FvAyk7BNFDQZQiK3TTds8C3Xpump,180,2026-08-27T17:23:50.807350+00:00,AVAILABLE,-1350,-4135,29
fp1sig-3073d478391469ac7a151986,Acvh2GTyLmf2a9b7FvAyk7BNFDQZQiK3TTds8C3Xpump,300,2026-08-27T17:25:50.807350+00:00,AVAILABLE,-952,-4135,47
fp1sig-31458e320dae8311c8d478d7,DkmL5wUzScVHH2yKXe5QDVigf8qKubpMWrwku85fpump,5,2026-08-28T11:48:42.293763+00:00,MISSING,,,0
fp1sig-31458e320dae8311c8d478d7,DkmL5wUzScVHH2yKXe5QDVigf8qKubpMWrwku85fpump,10,2026-08-28T11:48:47.293763+00:00,MISSING,,,0
fp1sig-31458e320dae8311c8d478d7,DkmL5wUzScVHH2yKXe5QDVigf8qKubpMWrwku85fpump,15,2026-08-28T11:48:52.293763+00:00,AVAILABLE,-3057,-3057,1
fp1sig-31458e320dae8311c8d478d7,DkmL5wUzScVHH2yKXe5QDVigf8qKubpMWrwku85fpump,20,2026-08-28T11:48:57.293763+00:00,AVAILABLE,-3057,-3057,1
fp1sig-31458e320dae8311c8d478d7,DkmL5wUzScVHH2yKXe5QDVigf8qKubpMWrwku85fpump,30,2026-08-28T11:49:07.293763+00:00,AVAILABLE,-3057,-3057,1
fp1sig-31458e320dae8311c8d478d7,DkmL5wUzScVHH2yKXe5QDVigf8qKubpMWrwku85fpump,45,2026-08-28T11:49:22.293763+00:00,AVAILABLE,-3057,-3732,2
fp1sig-31458e320dae8311c8d478d7,DkmL5wUzScVHH2yKXe5QDVigf8qKubpMWrwku85fpump,60,2026-08-28T11:49:37.293763+00:00,AVAILABLE,-3057,-4783,3
fp1sig-31458e320dae8311c8d478d7,DkmL5wUzScVHH2yKXe5QDVigf8qKubpMWrwku85fpump,90,2026-08-28T11:50:07.293763+00:00,AVAILABLE,-3057,-4783,3
fp1sig-31458e320dae8311c8d478d7,DkmL5wUzScVHH2yKXe5QDVigf8qKubpMWrwku85fpump,120,2026-08-28T11:50:37.293763+00:00,AVAILABLE,-3057,-4783,4
fp1sig-31458e320dae8311c8d478d7,DkmL5wUzScVHH2yKXe5QDVigf8qKubpMWrwku85fpump,180,2026-08-28T11:51:37.293763+00:00,AVAILABLE,-3057,-4783,5
fp1sig-31458e320dae8311c8d478d7,DkmL5wUzScVHH2yKXe5QDVigf8qKubpMWrwku85fpump,300,2026-08-28T11:53:37.293763+00:00,AVAILABLE,818,-4783,9
fp1sig-317f612ced0dd82ba6013abc,TzWXTvH3x6RSXQAdaHef32KebTcFGzYSRUjxoBDpump,5,2026-08-27T15:43:07.492638+00:00,MISSING,,,0
fp1sig-317f612ced0dd82ba6013abc,TzWXTvH3x6RSXQAdaHef32KebTcFGzYSRUjxoBDpump,10,2026-08-27T15:43:12.492638+00:00,AVAILABLE,46,46,1
fp1sig-317f612ced0dd82ba6013abc,TzWXTvH3x6RSXQAdaHef32KebTcFGzYSRUjxoBDpump,15,2026-08-27T15:43:17.492638+00:00,AVAILABLE,1900,46,6
fp1sig-317f612ced0dd82ba6013abc,TzWXTvH3x6RSXQAdaHef32KebTcFGzYSRUjxoBDpump,20,2026-08-27T15:43:22.492638+00:00,AVAILABLE,1900,46,6
fp1sig-317f612ced0dd82ba6013abc,TzWXTvH3x6RSXQAdaHef32KebTcFGzYSRUjxoBDpump,30,2026-08-27T15:43:32.492638+00:00,AVAILABLE,1959,46,10
fp1sig-317f612ced0dd82ba6013abc,TzWXTvH3x6RSXQAdaHef32KebTcFGzYSRUjxoBDpump,45,2026-08-27T15:43:47.492638+00:00,AVAILABLE,1959,46,12
fp1sig-317f612ced0dd82ba6013abc,TzWXTvH3x6RSXQAdaHef32KebTcFGzYSRUjxoBDpump,60,2026-08-27T15:44:02.492638+00:00,AVAILABLE,1959,-1405,16
fp1sig-317f612ced0dd82ba6013abc,TzWXTvH3x6RSXQAdaHef32KebTcFGzYSRUjxoBDpump,90,2026-08-27T15:44:32.492638+00:00,AVAILABLE,1959,-1405,19
fp1sig-317f612ced0dd82ba6013abc,TzWXTvH3x6RSXQAdaHef32KebTcFGzYSRUjxoBDpump,120,2026-08-27T15:45:02.492638+00:00,AVAILABLE,1959,-1405,24
fp1sig-317f612ced0dd82ba6013abc,TzWXTvH3x6RSXQAdaHef32KebTcFGzYSRUjxoBDpump,180,2026-08-27T15:46:02.492638+00:00,AVAILABLE,1959,-1405,34
fp1sig-317f612ced0dd82ba6013abc,TzWXTvH3x6RSXQAdaHef32KebTcFGzYSRUjxoBDpump,300,2026-08-27T15:48:02.492638+00:00,AVAILABLE,1959,-1405,60
fp1sig-344350a148606a882f2c19b9,GE3g1cPNFmxWEja9JLLnVKa7pUhc7oKW1ME88mr9pump,5,2026-08-28T07:08:51.294969+00:00,AVAILABLE,2936,1464,5
fp1sig-344350a148606a882f2c19b9,GE3g1cPNFmxWEja9JLLnVKa7pUhc7oKW1ME88mr9pump,10,2026-08-28T07:08:56.294969+00:00,AVAILABLE,4250,1464,9
fp1sig-344350a148606a882f2c19b9,GE3g1cPNFmxWEja9JLLnVKa7pUhc7oKW1ME88mr9pump,15,2026-08-28T07:09:01.294969+00:00,AVAILABLE,4250,1464,15
fp1sig-344350a148606a882f2c19b9,GE3g1cPNFmxWEja9JLLnVKa7pUhc7oKW1ME88mr9pump,20,2026-08-28T07:09:06.294969+00:00,AVAILABLE,4250,1464,15
fp1sig-344350a148606a882f2c19b9,GE3g1cPNFmxWEja9JLLnVKa7pUhc7oKW1ME88mr9pump,30,2026-08-28T07:09:16.294969+00:00,AVAILABLE,4250,1464,17
fp1sig-344350a148606a882f2c19b9,GE3g1cPNFmxWEja9JLLnVKa7pUhc7oKW1ME88mr9pump,45,2026-08-28T07:09:31.294969+00:00,AVAILABLE,4250,68,22
fp1sig-344350a148606a882f2c19b9,GE3g1cPNFmxWEja9JLLnVKa7pUhc7oKW1ME88mr9pump,60,2026-08-28T07:09:46.294969+00:00,AVAILABLE,4250,-3771,30
fp1sig-344350a148606a882f2c19b9,GE3g1cPNFmxWEja9JLLnVKa7pUhc7oKW1ME88mr9pump,90,2026-08-28T07:10:16.294969+00:00,AVAILABLE,4250,-3771,31
fp1sig-344350a148606a882f2c19b9,GE3g1cPNFmxWEja9JLLnVKa7pUhc7oKW1ME88mr9pump,120,2026-08-28T07:10:46.294969+00:00,AVAILABLE,4250,-3771,31
fp1sig-344350a148606a882f2c19b9,GE3g1cPNFmxWEja9JLLnVKa7pUhc7oKW1ME88mr9pump,180,2026-08-28T07:11:46.294969+00:00,AVAILABLE,4250,-3815,33
fp1sig-344350a148606a882f2c19b9,GE3g1cPNFmxWEja9JLLnVKa7pUhc7oKW1ME88mr9pump,300,2026-08-28T07:13:46.294969+00:00,AVAILABLE,4250,-3815,33
fp1sig-35cd2fff15db11561921fad2,EsDdNgyqj8RkSiUG4sWNm9txBHf4c3s2kZKBJJB3pump,5,2026-08-28T01:22:48.761242+00:00,AVAILABLE,-833,-1593,6
fp1sig-35cd2fff15db11561921fad2,EsDdNgyqj8RkSiUG4sWNm9txBHf4c3s2kZKBJJB3pump,10,2026-08-28T01:22:53.761242+00:00,AVAILABLE,-833,-1650,8
fp1sig-35cd2fff15db11561921fad2,EsDdNgyqj8RkSiUG4sWNm9txBHf4c3s2kZKBJJB3pump,15,2026-08-28T01:22:58.761242+00:00,AVAILABLE,-833,-1650,8
fp1sig-35cd2fff15db11561921fad2,EsDdNgyqj8RkSiUG4sWNm9txBHf4c3s2kZKBJJB3pump,20,2026-08-28T01:23:03.761242+00:00,AVAILABLE,-509,-1650,10
fp1sig-35cd2fff15db11561921fad2,EsDdNgyqj8RkSiUG4sWNm9txBHf4c3s2kZKBJJB3pump,30,2026-08-28T01:23:13.761242+00:00,AVAILABLE,7,-1650,12
fp1sig-35cd2fff15db11561921fad2,EsDdNgyqj8RkSiUG4sWNm9txBHf4c3s2kZKBJJB3pump,45,2026-08-28T01:23:28.761242+00:00,AVAILABLE,446,-1650,20
fp1sig-35cd2fff15db11561921fad2,EsDdNgyqj8RkSiUG4sWNm9txBHf4c3s2kZKBJJB3pump,60,2026-08-28T01:23:43.761242+00:00,AVAILABLE,471,-1650,26
fp1sig-35cd2fff15db11561921fad2,EsDdNgyqj8RkSiUG4sWNm9txBHf4c3s2kZKBJJB3pump,90,2026-08-28T01:24:13.761242+00:00,AVAILABLE,872,-1650,44
fp1sig-35cd2fff15db11561921fad2,EsDdNgyqj8RkSiUG4sWNm9txBHf4c3s2kZKBJJB3pump,120,2026-08-28T01:24:43.761242+00:00,AVAILABLE,2974,-1650,66
fp1sig-35cd2fff15db11561921fad2,EsDdNgyqj8RkSiUG4sWNm9txBHf4c3s2kZKBJJB3pump,180,2026-08-28T01:25:43.761242+00:00,AVAILABLE,5657,-1650,97
fp1sig-35cd2fff15db11561921fad2,EsDdNgyqj8RkSiUG4sWNm9txBHf4c3s2kZKBJJB3pump,300,2026-08-28T01:27:43.761242+00:00,AVAILABLE,5657,-1650,97
fp1sig-35d01e24ca5586b95aa10a55,5YrKpUkjym5gdcFdRVhJkAWuCa6oSeokcx9iQ1e3fqCn,5,2026-08-28T12:21:54.069032+00:00,MISSING,,,0
fp1sig-35d01e24ca5586b95aa10a55,5YrKpUkjym5gdcFdRVhJkAWuCa6oSeokcx9iQ1e3fqCn,10,2026-08-28T12:21:59.069032+00:00,MISSING,,,0
fp1sig-35d01e24ca5586b95aa10a55,5YrKpUkjym5gdcFdRVhJkAWuCa6oSeokcx9iQ1e3fqCn,15,2026-08-28T12:22:04.069032+00:00,AVAILABLE,5317,1201,6
fp1sig-35d01e24ca5586b95aa10a55,5YrKpUkjym5gdcFdRVhJkAWuCa6oSeokcx9iQ1e3fqCn,20,2026-08-28T12:22:09.069032+00:00,AVAILABLE,5317,1201,6
fp1sig-35d01e24ca5586b95aa10a55,5YrKpUkjym5gdcFdRVhJkAWuCa6oSeokcx9iQ1e3fqCn,30,2026-08-28T12:22:19.069032+00:00,AVAILABLE,5317,1201,6
fp1sig-35d01e24ca5586b95aa10a55,5YrKpUkjym5gdcFdRVhJkAWuCa6oSeokcx9iQ1e3fqCn,45,2026-08-28T12:22:34.069032+00:00,AVAILABLE,5317,1201,9
fp1sig-35d01e24ca5586b95aa10a55,5YrKpUkjym5gdcFdRVhJkAWuCa6oSeokcx9iQ1e3fqCn,60,2026-08-28T12:22:49.069032+00:00,AVAILABLE,5317,1201,10
fp1sig-35d01e24ca5586b95aa10a55,5YrKpUkjym5gdcFdRVhJkAWuCa6oSeokcx9iQ1e3fqCn,90,2026-08-28T12:23:19.069032+00:00,AVAILABLE,5317,1201,11
fp1sig-35d01e24ca5586b95aa10a55,5YrKpUkjym5gdcFdRVhJkAWuCa6oSeokcx9iQ1e3fqCn,120,2026-08-28T12:23:49.069032+00:00,AVAILABLE,5317,1201,34
fp1sig-35d01e24ca5586b95aa10a55,5YrKpUkjym5gdcFdRVhJkAWuCa6oSeokcx9iQ1e3fqCn,180,2026-08-28T12:24:49.069032+00:00,AVAILABLE,5317,1201,39
fp1sig-35d01e24ca5586b95aa10a55,5YrKpUkjym5gdcFdRVhJkAWuCa6oSeokcx9iQ1e3fqCn,300,2026-08-28T12:26:49.069032+00:00,AVAILABLE,5317,-5439,53
fp1sig-36365a706421a511f653d3a1,6aqxWcHE7Swxhbs474Cq6kYZuyB8tju7JojW9gTvpump,5,2026-08-28T04:58:09.377764+00:00,AVAILABLE,2746,1794,3
fp1sig-36365a706421a511f653d3a1,6aqxWcHE7Swxhbs474Cq6kYZuyB8tju7JojW9gTvpump,10,2026-08-28T04:58:14.377764+00:00,AVAILABLE,2804,1794,4
fp1sig-36365a706421a511f653d3a1,6aqxWcHE7Swxhbs474Cq6kYZuyB8tju7JojW9gTvpump,15,2026-08-28T04:58:19.377764+00:00,AVAILABLE,2804,1729,8
fp1sig-36365a706421a511f653d3a1,6aqxWcHE7Swxhbs474Cq6kYZuyB8tju7JojW9gTvpump,20,2026-08-28T04:58:24.377764+00:00,AVAILABLE,2804,1120,10
fp1sig-36365a706421a511f653d3a1,6aqxWcHE7Swxhbs474Cq6kYZuyB8tju7JojW9gTvpump,30,2026-08-28T04:58:34.377764+00:00,AVAILABLE,2804,881,14
fp1sig-36365a706421a511f653d3a1,6aqxWcHE7Swxhbs474Cq6kYZuyB8tju7JojW9gTvpump,45,2026-08-28T04:58:49.377764+00:00,AVAILABLE,2804,-695,19
fp1sig-36365a706421a511f653d3a1,6aqxWcHE7Swxhbs474Cq6kYZuyB8tju7JojW9gTvpump,60,2026-08-28T04:59:04.377764+00:00,AVAILABLE,2804,-695,28
fp1sig-36365a706421a511f653d3a1,6aqxWcHE7Swxhbs474Cq6kYZuyB8tju7JojW9gTvpump,90,2026-08-28T04:59:34.377764+00:00,AVAILABLE,2804,-1155,38
fp1sig-36365a706421a511f653d3a1,6aqxWcHE7Swxhbs474Cq6kYZuyB8tju7JojW9gTvpump,120,2026-08-28T05:00:04.377764+00:00,AVAILABLE,2804,-1632,44
fp1sig-36365a706421a511f653d3a1,6aqxWcHE7Swxhbs474Cq6kYZuyB8tju7JojW9gTvpump,180,2026-08-28T05:01:04.377764+00:00,AVAILABLE,2804,-1632,50
fp1sig-36365a706421a511f653d3a1,6aqxWcHE7Swxhbs474Cq6kYZuyB8tju7JojW9gTvpump,300,2026-08-28T05:03:04.377764+00:00,AVAILABLE,3026,-1632,89
fp1sig-36a6480339676590f2e20811,FiRT4D7WmJjJyXjtzdGQbV1RPFtEA8V5pBXgXVqQpump,5,2026-08-28T11:58:53.227656+00:00,AVAILABLE,38,-2602,2
fp1sig-36a6480339676590f2e20811,FiRT4D7WmJjJyXjtzdGQbV1RPFtEA8V5pBXgXVqQpump,10,2026-08-28T11:58:58.227656+00:00,AVAILABLE,38,-3529,4
fp1sig-36a6480339676590f2e20811,FiRT4D7WmJjJyXjtzdGQbV1RPFtEA8V5pBXgXVqQpump,15,2026-08-28T11:59:03.227656+00:00,AVAILABLE,38,-3570,6
fp1sig-36a6480339676590f2e20811,FiRT4D7WmJjJyXjtzdGQbV1RPFtEA8V5pBXgXVqQpump,20,2026-08-28T11:59:08.227656+00:00,AVAILABLE,38,-3570,7
fp1sig-36a6480339676590f2e20811,FiRT4D7WmJjJyXjtzdGQbV1RPFtEA8V5pBXgXVqQpump,30,2026-08-28T11:59:18.227656+00:00,AVAILABLE,38,-3570,10
fp1sig-36a6480339676590f2e20811,FiRT4D7WmJjJyXjtzdGQbV1RPFtEA8V5pBXgXVqQpump,45,2026-08-28T11:59:33.227656+00:00,AVAILABLE,38,-4933,12
fp1sig-36a6480339676590f2e20811,FiRT4D7WmJjJyXjtzdGQbV1RPFtEA8V5pBXgXVqQpump,60,2026-08-28T11:59:48.227656+00:00,AVAILABLE,38,-7442,18
fp1sig-36a6480339676590f2e20811,FiRT4D7WmJjJyXjtzdGQbV1RPFtEA8V5pBXgXVqQpump,90,2026-08-28T12:00:18.227656+00:00,AVAILABLE,38,-7996,27
fp1sig-36a6480339676590f2e20811,FiRT4D7WmJjJyXjtzdGQbV1RPFtEA8V5pBXgXVqQpump,120,2026-08-28T12:00:48.227656+00:00,AVAILABLE,38,-8234,36
fp1sig-36a6480339676590f2e20811,FiRT4D7WmJjJyXjtzdGQbV1RPFtEA8V5pBXgXVqQpump,180,2026-08-28T12:01:48.227656+00:00,AVAILABLE,38,-8234,48
fp1sig-36a6480339676590f2e20811,FiRT4D7WmJjJyXjtzdGQbV1RPFtEA8V5pBXgXVqQpump,300,2026-08-28T12:03:48.227656+00:00,AVAILABLE,38,-8535,60
fp1sig-36bc1514d59fa72e065b9b47,BXvprFuA7WU1bbUokKnDA4vHohumbdeE5sEnF2Xwpump,5,2026-08-27T22:36:51.325866+00:00,MISSING,,,0
fp1sig-36bc1514d59fa72e065b9b47,BXvprFuA7WU1bbUokKnDA4vHohumbdeE5sEnF2Xwpump,10,2026-08-27T22:36:56.325866+00:00,AVAILABLE,618,-7,2
fp1sig-36bc1514d59fa72e065b9b47,BXvprFuA7WU1bbUokKnDA4vHohumbdeE5sEnF2Xwpump,15,2026-08-27T22:37:01.325866+00:00,AVAILABLE,1473,-7,4
fp1sig-36bc1514d59fa72e065b9b47,BXvprFuA7WU1bbUokKnDA4vHohumbdeE5sEnF2Xwpump,20,2026-08-27T22:37:06.325866+00:00,AVAILABLE,1493,-7,6
fp1sig-36bc1514d59fa72e065b9b47,BXvprFuA7WU1bbUokKnDA4vHohumbdeE5sEnF2Xwpump,30,2026-08-27T22:37:16.325866+00:00,AVAILABLE,2399,-7,8
fp1sig-36bc1514d59fa72e065b9b47,BXvprFuA7WU1bbUokKnDA4vHohumbdeE5sEnF2Xwpump,45,2026-08-27T22:37:31.325866+00:00,AVAILABLE,2477,-7,14
fp1sig-36bc1514d59fa72e065b9b47,BXvprFuA7WU1bbUokKnDA4vHohumbdeE5sEnF2Xwpump,60,2026-08-27T22:37:46.325866+00:00,AVAILABLE,2586,-7,21
fp1sig-36bc1514d59fa72e065b9b47,BXvprFuA7WU1bbUokKnDA4vHohumbdeE5sEnF2Xwpump,90,2026-08-27T22:38:16.325866+00:00,AVAILABLE,3754,-7,42
fp1sig-36bc1514d59fa72e065b9b47,BXvprFuA7WU1bbUokKnDA4vHohumbdeE5sEnF2Xwpump,120,2026-08-27T22:38:46.325866+00:00,AVAILABLE,3907,-7,66
fp1sig-36bc1514d59fa72e065b9b47,BXvprFuA7WU1bbUokKnDA4vHohumbdeE5sEnF2Xwpump,180,2026-08-27T22:39:46.325866+00:00,AVAILABLE,4570,-7,130
fp1sig-36bc1514d59fa72e065b9b47,BXvprFuA7WU1bbUokKnDA4vHohumbdeE5sEnF2Xwpump,300,2026-08-27T22:41:46.325866+00:00,AVAILABLE,4570,-4229,334
fp1sig-3715341f6a689948747bd740,6Lrr828SoJz7RzGf3wvSmL2Wvdd6s1fgt35NYY66pump,5,2026-08-28T06:21:56.792300+00:00,AVAILABLE,1380,-130,3
fp1sig-3715341f6a689948747bd740,6Lrr828SoJz7RzGf3wvSmL2Wvdd6s1fgt35NYY66pump,10,2026-08-28T06:22:01.792300+00:00,AVAILABLE,1380,-130,3
fp1sig-3715341f6a689948747bd740,6Lrr828SoJz7RzGf3wvSmL2Wvdd6s1fgt35NYY66pump,15,2026-08-28T06:22:06.792300+00:00,AVAILABLE,1380,-738,5
fp1sig-3715341f6a689948747bd740,6Lrr828SoJz7RzGf3wvSmL2Wvdd6s1fgt35NYY66pump,20,2026-08-28T06:22:11.792300+00:00,AVAILABLE,1380,-738,5
fp1sig-3715341f6a689948747bd740,6Lrr828SoJz7RzGf3wvSmL2Wvdd6s1fgt35NYY66pump,30,2026-08-28T06:22:21.792300+00:00,AVAILABLE,1380,-738,6
fp1sig-3715341f6a689948747bd740,6Lrr828SoJz7RzGf3wvSmL2Wvdd6s1fgt35NYY66pump,45,2026-08-28T06:22:36.792300+00:00,AVAILABLE,1380,-2448,9
fp1sig-3715341f6a689948747bd740,6Lrr828SoJz7RzGf3wvSmL2Wvdd6s1fgt35NYY66pump,60,2026-08-28T06:22:51.792300+00:00,AVAILABLE,1380,-2448,9
fp1sig-3715341f6a689948747bd740,6Lrr828SoJz7RzGf3wvSmL2Wvdd6s1fgt35NYY66pump,90,2026-08-28T06:23:21.792300+00:00,AVAILABLE,1380,-2448,16
fp1sig-3715341f6a689948747bd740,6Lrr828SoJz7RzGf3wvSmL2Wvdd6s1fgt35NYY66pump,120,2026-08-28T06:23:51.792300+00:00,AVAILABLE,1380,-2448,16
fp1sig-3715341f6a689948747bd740,6Lrr828SoJz7RzGf3wvSmL2Wvdd6s1fgt35NYY66pump,180,2026-08-28T06:24:51.792300+00:00,AVAILABLE,1380,-3514,25
fp1sig-3715341f6a689948747bd740,6Lrr828SoJz7RzGf3wvSmL2Wvdd6s1fgt35NYY66pump,300,2026-08-28T06:26:51.792300+00:00,AVAILABLE,1380,-4196,30
fp1sig-37409137d7814adb9d1d8fa2,GvA9DSJm4xanGZ2TbKteaWkmqowTsQGj5GCKh6pYpump,5,2026-08-28T02:19:00.936597+00:00,AVAILABLE,1230,1156,2
fp1sig-37409137d7814adb9d1d8fa2,GvA9DSJm4xanGZ2TbKteaWkmqowTsQGj5GCKh6pYpump,10,2026-08-28T02:19:05.936597+00:00,AVAILABLE,1230,1156,2
fp1sig-37409137d7814adb9d1d8fa2,GvA9DSJm4xanGZ2TbKteaWkmqowTsQGj5GCKh6pYpump,15,2026-08-28T02:19:10.936597+00:00,AVAILABLE,1230,1156,2
fp1sig-37409137d7814adb9d1d8fa2,GvA9DSJm4xanGZ2TbKteaWkmqowTsQGj5GCKh6pYpump,20,2026-08-28T02:19:15.936597+00:00,AVAILABLE,1230,1156,2
fp1sig-37409137d7814adb9d1d8fa2,GvA9DSJm4xanGZ2TbKteaWkmqowTsQGj5GCKh6pYpump,30,2026-08-28T02:19:25.936597+00:00,AVAILABLE,1230,1156,2
fp1sig-37409137d7814adb9d1d8fa2,GvA9DSJm4xanGZ2TbKteaWkmqowTsQGj5GCKh6pYpump,45,2026-08-28T02:19:40.936597+00:00,AVAILABLE,1230,23,7
fp1sig-37409137d7814adb9d1d8fa2,GvA9DSJm4xanGZ2TbKteaWkmqowTsQGj5GCKh6pYpump,60,2026-08-28T02:19:55.936597+00:00,AVAILABLE,1230,23,7
fp1sig-37409137d7814adb9d1d8fa2,GvA9DSJm4xanGZ2TbKteaWkmqowTsQGj5GCKh6pYpump,90,2026-08-28T02:20:25.936597+00:00,AVAILABLE,1230,23,7
fp1sig-37409137d7814adb9d1d8fa2,GvA9DSJm4xanGZ2TbKteaWkmqowTsQGj5GCKh6pYpump,120,2026-08-28T02:20:55.936597+00:00,AVAILABLE,1230,23,7
fp1sig-37409137d7814adb9d1d8fa2,GvA9DSJm4xanGZ2TbKteaWkmqowTsQGj5GCKh6pYpump,180,2026-08-28T02:21:55.936597+00:00,AVAILABLE,1230,23,7
fp1sig-37409137d7814adb9d1d8fa2,GvA9DSJm4xanGZ2TbKteaWkmqowTsQGj5GCKh6pYpump,300,2026-08-28T02:23:55.936597+00:00,AVAILABLE,1230,-200,8
fp1sig-37779f7399dd836ae7f26d5c,FXUyYpaw3MLcEN8L7357MhHYREdjR8iwVCevjibXpump,5,2026-08-27T17:56:44.139257+00:00,MISSING,,,0
fp1sig-37779f7399dd836ae7f26d5c,FXUyYpaw3MLcEN8L7357MhHYREdjR8iwVCevjibXpump,10,2026-08-27T17:56:49.139257+00:00,AVAILABLE,3066,3066,1
fp1sig-37779f7399dd836ae7f26d5c,FXUyYpaw3MLcEN8L7357MhHYREdjR8iwVCevjibXpump,15,2026-08-27T17:56:54.139257+00:00,AVAILABLE,3066,3066,1
fp1sig-37779f7399dd836ae7f26d5c,FXUyYpaw3MLcEN8L7357MhHYREdjR8iwVCevjibXpump,20,2026-08-27T17:56:59.139257+00:00,AVAILABLE,3066,3066,1
fp1sig-37779f7399dd836ae7f26d5c,FXUyYpaw3MLcEN8L7357MhHYREdjR8iwVCevjibXpump,30,2026-08-27T17:57:09.139257+00:00,AVAILABLE,3066,3066,1
fp1sig-37779f7399dd836ae7f26d5c,FXUyYpaw3MLcEN8L7357MhHYREdjR8iwVCevjibXpump,45,2026-08-27T17:57:24.139257+00:00,AVAILABLE,3066,3066,1
fp1sig-37779f7399dd836ae7f26d5c,FXUyYpaw3MLcEN8L7357MhHYREdjR8iwVCevjibXpump,60,2026-08-27T17:57:39.139257+00:00,AVAILABLE,4422,3066,2
fp1sig-37779f7399dd836ae7f26d5c,FXUyYpaw3MLcEN8L7357MhHYREdjR8iwVCevjibXpump,90,2026-08-27T17:58:09.139257+00:00,AVAILABLE,6626,2682,4
fp1sig-37779f7399dd836ae7f26d5c,FXUyYpaw3MLcEN8L7357MhHYREdjR8iwVCevjibXpump,120,2026-08-27T17:58:39.139257+00:00,AVAILABLE,6626,2682,4
fp1sig-37779f7399dd836ae7f26d5c,FXUyYpaw3MLcEN8L7357MhHYREdjR8iwVCevjibXpump,180,2026-08-27T17:59:39.139257+00:00,AVAILABLE,6626,2682,6
fp1sig-37779f7399dd836ae7f26d5c,FXUyYpaw3MLcEN8L7357MhHYREdjR8iwVCevjibXpump,300,2026-08-27T18:01:39.139257+00:00,AVAILABLE,6626,2682,7
fp1sig-3778b0bd3505d0e4e939bcfc,74TifhfvCG7P7z9m5bTAngVydXm6h7Zq5N4g3LpptE2d,5,2026-08-28T09:07:21.845038+00:00,AVAILABLE,45,0,2
fp1sig-3778b0bd3505d0e4e939bcfc,74TifhfvCG7P7z9m5bTAngVydXm6h7Zq5N4g3LpptE2d,10,2026-08-28T09:07:26.845038+00:00,AVAILABLE,45,0,2
fp1sig-3778b0bd3505d0e4e939bcfc,74TifhfvCG7P7z9m5bTAngVydXm6h7Zq5N4g3LpptE2d,15,2026-08-28T09:07:31.845038+00:00,AVAILABLE,155,-1156,8
fp1sig-3778b0bd3505d0e4e939bcfc,74TifhfvCG7P7z9m5bTAngVydXm6h7Zq5N4g3LpptE2d,20,2026-08-28T09:07:36.845038+00:00,AVAILABLE,405,-1156,10
fp1sig-3778b0bd3505d0e4e939bcfc,74TifhfvCG7P7z9m5bTAngVydXm6h7Zq5N4g3LpptE2d,30,2026-08-28T09:07:46.845038+00:00,AVAILABLE,1617,-1156,21
fp1sig-3778b0bd3505d0e4e939bcfc,74TifhfvCG7P7z9m5bTAngVydXm6h7Zq5N4g3LpptE2d,45,2026-08-28T09:08:01.845038+00:00,AVAILABLE,3591,-1156,33
fp1sig-3778b0bd3505d0e4e939bcfc,74TifhfvCG7P7z9m5bTAngVydXm6h7Zq5N4g3LpptE2d,60,2026-08-28T09:08:16.845038+00:00,AVAILABLE,4269,-1156,43
fp1sig-3778b0bd3505d0e4e939bcfc,74TifhfvCG7P7z9m5bTAngVydXm6h7Zq5N4g3LpptE2d,90,2026-08-28T09:08:46.845038+00:00,AVAILABLE,11718,-1156,71
fp1sig-3778b0bd3505d0e4e939bcfc,74TifhfvCG7P7z9m5bTAngVydXm6h7Zq5N4g3LpptE2d,120,2026-08-28T09:09:16.845038+00:00,AVAILABLE,11718,-1156,106
fp1sig-3778b0bd3505d0e4e939bcfc,74TifhfvCG7P7z9m5bTAngVydXm6h7Zq5N4g3LpptE2d,180,2026-08-28T09:10:16.845038+00:00,AVAILABLE,14471,-1156,158
fp1sig-3778b0bd3505d0e4e939bcfc,74TifhfvCG7P7z9m5bTAngVydXm6h7Zq5N4g3LpptE2d,300,2026-08-28T09:12:16.845038+00:00,AVAILABLE,43650,-1156,361
fp1sig-3780d45f862a995f002b8d5d,DkGJQpdR2jGEAJPkQKGCs6JNvpy4dLhGDY61C9bbpump,5,2026-08-28T05:17:44.146826+00:00,MISSING,,,0
fp1sig-3780d45f862a995f002b8d5d,DkGJQpdR2jGEAJPkQKGCs6JNvpy4dLhGDY61C9bbpump,10,2026-08-28T05:17:49.146826+00:00,MISSING,,,0
fp1sig-3780d45f862a995f002b8d5d,DkGJQpdR2jGEAJPkQKGCs6JNvpy4dLhGDY61C9bbpump,15,2026-08-28T05:17:54.146826+00:00,MISSING,,,0
fp1sig-3780d45f862a995f002b8d5d,DkGJQpdR2jGEAJPkQKGCs6JNvpy4dLhGDY61C9bbpump,20,2026-08-28T05:17:59.146826+00:00,MISSING,,,0
fp1sig-3780d45f862a995f002b8d5d,DkGJQpdR2jGEAJPkQKGCs6JNvpy4dLhGDY61C9bbpump,30,2026-08-28T05:18:09.146826+00:00,MISSING,,,0
fp1sig-3780d45f862a995f002b8d5d,DkGJQpdR2jGEAJPkQKGCs6JNvpy4dLhGDY61C9bbpump,45,2026-08-28T05:18:24.146826+00:00,AVAILABLE,0,-273,3
fp1sig-3780d45f862a995f002b8d5d,DkGJQpdR2jGEAJPkQKGCs6JNvpy4dLhGDY61C9bbpump,60,2026-08-28T05:18:39.146826+00:00,AVAILABLE,2258,-273,8
fp1sig-3780d45f862a995f002b8d5d,DkGJQpdR2jGEAJPkQKGCs6JNvpy4dLhGDY61C9bbpump,90,2026-08-28T05:19:09.146826+00:00,AVAILABLE,2258,-273,9
fp1sig-3780d45f862a995f002b8d5d,DkGJQpdR2jGEAJPkQKGCs6JNvpy4dLhGDY61C9bbpump,120,2026-08-28T05:19:39.146826+00:00,AVAILABLE,2258,-273,9
fp1sig-3780d45f862a995f002b8d5d,DkGJQpdR2jGEAJPkQKGCs6JNvpy4dLhGDY61C9bbpump,180,2026-08-28T05:20:39.146826+00:00,AVAILABLE,2258,-273,9
fp1sig-3780d45f862a995f002b8d5d,DkGJQpdR2jGEAJPkQKGCs6JNvpy4dLhGDY61C9bbpump,300,2026-08-28T05:22:39.146826+00:00,AVAILABLE,2258,-273,9
fp1sig-379db4492cad50707f40d108,2oaVcVuXB37bHJ4TLLRCqLgyTsW9a1VpzNvoYiqbpump,5,2026-08-28T06:24:04.998212+00:00,MISSING,,,0
fp1sig-379db4492cad50707f40d108,2oaVcVuXB37bHJ4TLLRCqLgyTsW9a1VpzNvoYiqbpump,10,2026-08-28T06:24:09.998212+00:00,MISSING,,,0
fp1sig-379db4492cad50707f40d108,2oaVcVuXB37bHJ4TLLRCqLgyTsW9a1VpzNvoYiqbpump,15,2026-08-28T06:24:14.998212+00:00,AVAILABLE,-33,-33,1
fp1sig-379db4492cad50707f40d108,2oaVcVuXB37bHJ4TLLRCqLgyTsW9a1VpzNvoYiqbpump,20,2026-08-28T06:24:19.998212+00:00,AVAILABLE,-33,-35,2
fp1sig-379db4492cad50707f40d108,2oaVcVuXB37bHJ4TLLRCqLgyTsW9a1VpzNvoYiqbpump,30,2026-08-28T06:24:29.998212+00:00,AVAILABLE,-33,-35,2
fp1sig-379db4492cad50707f40d108,2oaVcVuXB37bHJ4TLLRCqLgyTsW9a1VpzNvoYiqbpump,45,2026-08-28T06:24:44.998212+00:00,AVAILABLE,-33,-35,2
fp1sig-379db4492cad50707f40d108,2oaVcVuXB37bHJ4TLLRCqLgyTsW9a1VpzNvoYiqbpump,60,2026-08-28T06:24:59.998212+00:00,AVAILABLE,-33,-35,2
fp1sig-379db4492cad50707f40d108,2oaVcVuXB37bHJ4TLLRCqLgyTsW9a1VpzNvoYiqbpump,90,2026-08-28T06:25:29.998212+00:00,AVAILABLE,-33,-35,2
fp1sig-379db4492cad50707f40d108,2oaVcVuXB37bHJ4TLLRCqLgyTsW9a1VpzNvoYiqbpump,120,2026-08-28T06:25:59.998212+00:00,AVAILABLE,-33,-35,2
fp1sig-379db4492cad50707f40d108,2oaVcVuXB37bHJ4TLLRCqLgyTsW9a1VpzNvoYiqbpump,180,2026-08-28T06:26:59.998212+00:00,AVAILABLE,-33,-35,2
fp1sig-379db4492cad50707f40d108,2oaVcVuXB37bHJ4TLLRCqLgyTsW9a1VpzNvoYiqbpump,300,2026-08-28T06:28:59.998212+00:00,AVAILABLE,-33,-35,2
fp1sig-37a4fd99918d444479fa5c3f,9tcVQwbzfYNbu2ymBHT9EFDU8a6rk7X95bk72knRpump,5,2026-08-28T06:05:11.214688+00:00,AVAILABLE,43,16,3
fp1sig-37a4fd99918d444479fa5c3f,9tcVQwbzfYNbu2ymBHT9EFDU8a6rk7X95bk72knRpump,10,2026-08-28T06:05:16.214688+00:00,AVAILABLE,233,16,5
fp1sig-37a4fd99918d444479fa5c3f,9tcVQwbzfYNbu2ymBHT9EFDU8a6rk7X95bk72knRpump,15,2026-08-28T06:05:21.214688+00:00,AVAILABLE,364,16,6
fp1sig-37a4fd99918d444479fa5c3f,9tcVQwbzfYNbu2ymBHT9EFDU8a6rk7X95bk72knRpump,20,2026-08-28T06:05:26.214688+00:00,AVAILABLE,392,16,7
fp1sig-37a4fd99918d444479fa5c3f,9tcVQwbzfYNbu2ymBHT9EFDU8a6rk7X95bk72knRpump,30,2026-08-28T06:05:36.214688+00:00,AVAILABLE,407,16,10
fp1sig-37a4fd99918d444479fa5c3f,9tcVQwbzfYNbu2ymBHT9EFDU8a6rk7X95bk72knRpump,45,2026-08-28T06:05:51.214688+00:00,AVAILABLE,407,16,10
fp1sig-37a4fd99918d444479fa5c3f,9tcVQwbzfYNbu2ymBHT9EFDU8a6rk7X95bk72knRpump,60,2026-08-28T06:06:06.214688+00:00,AVAILABLE,407,16,10
fp1sig-37a4fd99918d444479fa5c3f,9tcVQwbzfYNbu2ymBHT9EFDU8a6rk7X95bk72knRpump,90,2026-08-28T06:06:36.214688+00:00,AVAILABLE,407,16,10
fp1sig-37a4fd99918d444479fa5c3f,9tcVQwbzfYNbu2ymBHT9EFDU8a6rk7X95bk72knRpump,120,2026-08-28T06:07:06.214688+00:00,AVAILABLE,407,16,10
fp1sig-37a4fd99918d444479fa5c3f,9tcVQwbzfYNbu2ymBHT9EFDU8a6rk7X95bk72knRpump,180,2026-08-28T06:08:06.214688+00:00,AVAILABLE,407,16,10
fp1sig-37a4fd99918d444479fa5c3f,9tcVQwbzfYNbu2ymBHT9EFDU8a6rk7X95bk72knRpump,300,2026-08-28T06:10:06.214688+00:00,AVAILABLE,407,16,10
fp1sig-37ec0fab166dd1501a594652,BhViZziQ8K2gHkEDF1YkugTGRcoUAm7GAvWw9Unopump,5,2026-08-28T05:24:36.239297+00:00,MISSING,,,0
fp1sig-37ec0fab166dd1501a594652,BhViZziQ8K2gHkEDF1YkugTGRcoUAm7GAvWw9Unopump,10,2026-08-28T05:24:41.239297+00:00,AVAILABLE,267,267,1
fp1sig-37ec0fab166dd1501a594652,BhViZziQ8K2gHkEDF1YkugTGRcoUAm7GAvWw9Unopump,15,2026-08-28T05:24:46.239297+00:00,AVAILABLE,267,267,1
fp1sig-37ec0fab166dd1501a594652,BhViZziQ8K2gHkEDF1YkugTGRcoUAm7GAvWw9Unopump,20,2026-08-28T05:24:51.239297+00:00,AVAILABLE,267,267,1
fp1sig-37ec0fab166dd1501a594652,BhViZziQ8K2gHkEDF1YkugTGRcoUAm7GAvWw9Unopump,30,2026-08-28T05:25:01.239297+00:00,AVAILABLE,267,267,1
fp1sig-37ec0fab166dd1501a594652,BhViZziQ8K2gHkEDF1YkugTGRcoUAm7GAvWw9Unopump,45,2026-08-28T05:25:16.239297+00:00,AVAILABLE,267,267,1
fp1sig-37ec0fab166dd1501a594652,BhViZziQ8K2gHkEDF1YkugTGRcoUAm7GAvWw9Unopump,60,2026-08-28T05:25:31.239297+00:00,AVAILABLE,267,267,1
fp1sig-37ec0fab166dd1501a594652,BhViZziQ8K2gHkEDF1YkugTGRcoUAm7GAvWw9Unopump,90,2026-08-28T05:26:01.239297+00:00,AVAILABLE,267,267,1
fp1sig-37ec0fab166dd1501a594652,BhViZziQ8K2gHkEDF1YkugTGRcoUAm7GAvWw9Unopump,120,2026-08-28T05:26:31.239297+00:00,AVAILABLE,267,267,1
fp1sig-37ec0fab166dd1501a594652,BhViZziQ8K2gHkEDF1YkugTGRcoUAm7GAvWw9Unopump,180,2026-08-28T05:27:31.239297+00:00,AVAILABLE,267,267,1
fp1sig-37ec0fab166dd1501a594652,BhViZziQ8K2gHkEDF1YkugTGRcoUAm7GAvWw9Unopump,300,2026-08-28T05:29:31.239297+00:00,AVAILABLE,267,267,1
fp1sig-37ec2ec3835e3fae3ca6f798,2gorLvZ9EjU6rbdsgRrxnueoN5fUe63Uy92yaNnYpump,5,2026-08-27T16:41:56.171394+00:00,AVAILABLE,250,200,2
fp1sig-37ec2ec3835e3fae3ca6f798,2gorLvZ9EjU6rbdsgRrxnueoN5fUe63Uy92yaNnYpump,10,2026-08-27T16:42:01.171394+00:00,AVAILABLE,313,200,3
fp1sig-37ec2ec3835e3fae3ca6f798,2gorLvZ9EjU6rbdsgRrxnueoN5fUe63Uy92yaNnYpump,15,2026-08-27T16:42:06.171394+00:00,AVAILABLE,322,200,4
fp1sig-37ec2ec3835e3fae3ca6f798,2gorLvZ9EjU6rbdsgRrxnueoN5fUe63Uy92yaNnYpump,20,2026-08-27T16:42:11.171394+00:00,AVAILABLE,322,176,6
fp1sig-37ec2ec3835e3fae3ca6f798,2gorLvZ9EjU6rbdsgRrxnueoN5fUe63Uy92yaNnYpump,30,2026-08-27T16:42:21.171394+00:00,AVAILABLE,322,127,8
fp1sig-37ec2ec3835e3fae3ca6f798,2gorLvZ9EjU6rbdsgRrxnueoN5fUe63Uy92yaNnYpump,45,2026-08-27T16:42:36.171394+00:00,AVAILABLE,322,127,8
fp1sig-37ec2ec3835e3fae3ca6f798,2gorLvZ9EjU6rbdsgRrxnueoN5fUe63Uy92yaNnYpump,60,2026-08-27T16:42:51.171394+00:00,AVAILABLE,322,127,8
fp1sig-37ec2ec3835e3fae3ca6f798,2gorLvZ9EjU6rbdsgRrxnueoN5fUe63Uy92yaNnYpump,90,2026-08-27T16:43:21.171394+00:00,AVAILABLE,322,-261,9
fp1sig-37ec2ec3835e3fae3ca6f798,2gorLvZ9EjU6rbdsgRrxnueoN5fUe63Uy92yaNnYpump,120,2026-08-27T16:43:51.171394+00:00,AVAILABLE,322,-261,9
fp1sig-37ec2ec3835e3fae3ca6f798,2gorLvZ9EjU6rbdsgRrxnueoN5fUe63Uy92yaNnYpump,180,2026-08-27T16:44:51.171394+00:00,AVAILABLE,322,-426,12
fp1sig-37ec2ec3835e3fae3ca6f798,2gorLvZ9EjU6rbdsgRrxnueoN5fUe63Uy92yaNnYpump,300,2026-08-27T16:46:51.171394+00:00,AVAILABLE,322,-426,12
fp1sig-3858a9519cd8f26408366831,CMXyGHo1jLUCMRNRRmqNUr1sjXT3snFSXqdTG3WUpump,5,2026-08-28T03:14:50.809462+00:00,AVAILABLE,1809,1809,1
fp1sig-3858a9519cd8f26408366831,CMXyGHo1jLUCMRNRRmqNUr1sjXT3snFSXqdTG3WUpump,10,2026-08-28T03:14:55.809462+00:00,AVAILABLE,16698,1809,4
fp1sig-3858a9519cd8f26408366831,CMXyGHo1jLUCMRNRRmqNUr1sjXT3snFSXqdTG3WUpump,15,2026-08-28T03:15:00.809462+00:00,AVAILABLE,24836,1809,6
fp1sig-3858a9519cd8f26408366831,CMXyGHo1jLUCMRNRRmqNUr1sjXT3snFSXqdTG3WUpump,20,2026-08-28T03:15:05.809462+00:00,AVAILABLE,24836,1809,9
fp1sig-3858a9519cd8f26408366831,CMXyGHo1jLUCMRNRRmqNUr1sjXT3snFSXqdTG3WUpump,30,2026-08-28T03:15:15.809462+00:00,AVAILABLE,24836,1809,13
fp1sig-3858a9519cd8f26408366831,CMXyGHo1jLUCMRNRRmqNUr1sjXT3snFSXqdTG3WUpump,45,2026-08-28T03:15:30.809462+00:00,AVAILABLE,24836,582,18
fp1sig-3858a9519cd8f26408366831,CMXyGHo1jLUCMRNRRmqNUr1sjXT3snFSXqdTG3WUpump,60,2026-08-28T03:15:45.809462+00:00,AVAILABLE,24836,582,21
fp1sig-3858a9519cd8f26408366831,CMXyGHo1jLUCMRNRRmqNUr1sjXT3snFSXqdTG3WUpump,90,2026-08-28T03:16:15.809462+00:00,AVAILABLE,24836,582,26
fp1sig-3858a9519cd8f26408366831,CMXyGHo1jLUCMRNRRmqNUr1sjXT3snFSXqdTG3WUpump,120,2026-08-28T03:16:45.809462+00:00,AVAILABLE,24836,582,37
fp1sig-3858a9519cd8f26408366831,CMXyGHo1jLUCMRNRRmqNUr1sjXT3snFSXqdTG3WUpump,180,2026-08-28T03:17:45.809462+00:00,AVAILABLE,53997,582,50
fp1sig-3858a9519cd8f26408366831,CMXyGHo1jLUCMRNRRmqNUr1sjXT3snFSXqdTG3WUpump,300,2026-08-28T03:19:45.809462+00:00,AVAILABLE,53997,582,83
fp1sig-38e250ff4a84e83f63f91918,2x4iY5AaiGyRfxzHzSY1KzQJ7K82SDqmkMApwbcRpump,5,2026-08-27T19:40:17.400076+00:00,AVAILABLE,3829,694,20
fp1sig-38e250ff4a84e83f63f91918,2x4iY5AaiGyRfxzHzSY1KzQJ7K82SDqmkMApwbcRpump,10,2026-08-27T19:40:22.400076+00:00,AVAILABLE,3829,694,22
fp1sig-38e250ff4a84e83f63f91918,2x4iY5AaiGyRfxzHzSY1KzQJ7K82SDqmkMApwbcRpump,15,2026-08-27T19:40:27.400076+00:00,AVAILABLE,3829,694,22
fp1sig-38e250ff4a84e83f63f91918,2x4iY5AaiGyRfxzHzSY1KzQJ7K82SDqmkMApwbcRpump,20,2026-08-27T19:40:32.400076+00:00,AVAILABLE,3829,694,24
fp1sig-38e250ff4a84e83f63f91918,2x4iY5AaiGyRfxzHzSY1KzQJ7K82SDqmkMApwbcRpump,30,2026-08-27T19:40:42.400076+00:00,AVAILABLE,3829,694,27
fp1sig-38e250ff4a84e83f63f91918,2x4iY5AaiGyRfxzHzSY1KzQJ7K82SDqmkMApwbcRpump,45,2026-08-27T19:40:57.400076+00:00,AVAILABLE,3829,694,28
fp1sig-38e250ff4a84e83f63f91918,2x4iY5AaiGyRfxzHzSY1KzQJ7K82SDqmkMApwbcRpump,60,2026-08-27T19:41:12.400076+00:00,AVAILABLE,3829,694,30
fp1sig-38e250ff4a84e83f63f91918,2x4iY5AaiGyRfxzHzSY1KzQJ7K82SDqmkMApwbcRpump,90,2026-08-27T19:41:42.400076+00:00,AVAILABLE,3829,694,38
fp1sig-38e250ff4a84e83f63f91918,2x4iY5AaiGyRfxzHzSY1KzQJ7K82SDqmkMApwbcRpump,120,2026-08-27T19:42:12.400076+00:00,AVAILABLE,3829,694,43
fp1sig-38e250ff4a84e83f63f91918,2x4iY5AaiGyRfxzHzSY1KzQJ7K82SDqmkMApwbcRpump,180,2026-08-27T19:43:12.400076+00:00,AVAILABLE,3829,311,46
fp1sig-38e250ff4a84e83f63f91918,2x4iY5AaiGyRfxzHzSY1KzQJ7K82SDqmkMApwbcRpump,300,2026-08-27T19:45:12.400076+00:00,AVAILABLE,3829,-981,75
fp1sig-3921721c887479d10c2e10f6,6W7wrYfvQU1BPHoSNynQ49LeBNEWRo8yBRWwj7FEpump,5,2026-08-27T23:45:24.380863+00:00,AVAILABLE,1587,-1073,2
fp1sig-3921721c887479d10c2e10f6,6W7wrYfvQU1BPHoSNynQ49LeBNEWRo8yBRWwj7FEpump,10,2026-08-27T23:45:29.380863+00:00,AVAILABLE,2428,-1073,4
fp1sig-3921721c887479d10c2e10f6,6W7wrYfvQU1BPHoSNynQ49LeBNEWRo8yBRWwj7FEpump,15,2026-08-27T23:45:34.380863+00:00,AVAILABLE,9567,-1073,9
fp1sig-3921721c887479d10c2e10f6,6W7wrYfvQU1BPHoSNynQ49LeBNEWRo8yBRWwj7FEpump,20,2026-08-27T23:45:39.380863+00:00,AVAILABLE,10398,-1073,11
fp1sig-3921721c887479d10c2e10f6,6W7wrYfvQU1BPHoSNynQ49LeBNEWRo8yBRWwj7FEpump,30,2026-08-27T23:45:49.380863+00:00,AVAILABLE,10398,-1073,14
fp1sig-3921721c887479d10c2e10f6,6W7wrYfvQU1BPHoSNynQ49LeBNEWRo8yBRWwj7FEpump,45,2026-08-27T23:46:04.380863+00:00,AVAILABLE,10398,-1073,19
fp1sig-3921721c887479d10c2e10f6,6W7wrYfvQU1BPHoSNynQ49LeBNEWRo8yBRWwj7FEpump,60,2026-08-27T23:46:19.380863+00:00,AVAILABLE,10398,-1073,21
fp1sig-3921721c887479d10c2e10f6,6W7wrYfvQU1BPHoSNynQ49LeBNEWRo8yBRWwj7FEpump,90,2026-08-27T23:46:49.380863+00:00,AVAILABLE,10398,-1073,32
fp1sig-3921721c887479d10c2e10f6,6W7wrYfvQU1BPHoSNynQ49LeBNEWRo8yBRWwj7FEpump,120,2026-08-27T23:47:19.380863+00:00,AVAILABLE,13150,-1073,38
fp1sig-3921721c887479d10c2e10f6,6W7wrYfvQU1BPHoSNynQ49LeBNEWRo8yBRWwj7FEpump,180,2026-08-27T23:48:19.380863+00:00,AVAILABLE,20703,-1073,45
fp1sig-3921721c887479d10c2e10f6,6W7wrYfvQU1BPHoSNynQ49LeBNEWRo8yBRWwj7FEpump,300,2026-08-27T23:50:19.380863+00:00,AVAILABLE,24153,-1073,61
fp1sig-39f4f6410c95252fd0ee8619,FRUFjB44XfnHvfirBnxJT5qrk3DyWoLMydFRwMGvpump,5,2026-08-27T22:16:31.988922+00:00,AVAILABLE,-659,-1425,7
fp1sig-39f4f6410c95252fd0ee8619,FRUFjB44XfnHvfirBnxJT5qrk3DyWoLMydFRwMGvpump,10,2026-08-27T22:16:36.988922+00:00,AVAILABLE,-659,-1425,8
fp1sig-39f4f6410c95252fd0ee8619,FRUFjB44XfnHvfirBnxJT5qrk3DyWoLMydFRwMGvpump,15,2026-08-27T22:16:41.988922+00:00,AVAILABLE,-659,-1425,8
fp1sig-39f4f6410c95252fd0ee8619,FRUFjB44XfnHvfirBnxJT5qrk3DyWoLMydFRwMGvpump,20,2026-08-27T22:16:46.988922+00:00,AVAILABLE,-659,-1425,9
fp1sig-39f4f6410c95252fd0ee8619,FRUFjB44XfnHvfirBnxJT5qrk3DyWoLMydFRwMGvpump,30,2026-08-27T22:16:56.988922+00:00,AVAILABLE,-659,-1425,11
fp1sig-39f4f6410c95252fd0ee8619,FRUFjB44XfnHvfirBnxJT5qrk3DyWoLMydFRwMGvpump,45,2026-08-27T22:17:11.988922+00:00,AVAILABLE,-659,-1425,11
fp1sig-39f4f6410c95252fd0ee8619,FRUFjB44XfnHvfirBnxJT5qrk3DyWoLMydFRwMGvpump,60,2026-08-27T22:17:26.988922+00:00,AVAILABLE,-659,-1425,12
fp1sig-39f4f6410c95252fd0ee8619,FRUFjB44XfnHvfirBnxJT5qrk3DyWoLMydFRwMGvpump,90,2026-08-27T22:17:56.988922+00:00,AVAILABLE,-659,-1425,14
fp1sig-39f4f6410c95252fd0ee8619,FRUFjB44XfnHvfirBnxJT5qrk3DyWoLMydFRwMGvpump,120,2026-08-27T22:18:26.988922+00:00,AVAILABLE,-659,-1547,17
fp1sig-39f4f6410c95252fd0ee8619,FRUFjB44XfnHvfirBnxJT5qrk3DyWoLMydFRwMGvpump,180,2026-08-27T22:19:26.988922+00:00,AVAILABLE,-659,-1597,21
fp1sig-39f4f6410c95252fd0ee8619,FRUFjB44XfnHvfirBnxJT5qrk3DyWoLMydFRwMGvpump,300,2026-08-27T22:21:26.988922+00:00,AVAILABLE,-659,-1597,27
fp1sig-3b44293425b93159324e198b,3maNqY5bJzNgZjueR61dda4SxXHSXvtCPV8jQj1xpump,5,2026-08-27T21:51:03.843976+00:00,AVAILABLE,2157,1747,2
fp1sig-3b44293425b93159324e198b,3maNqY5bJzNgZjueR61dda4SxXHSXvtCPV8jQj1xpump,10,2026-08-27T21:51:08.843976+00:00,AVAILABLE,2157,1747,2
fp1sig-3b44293425b93159324e198b,3maNqY5bJzNgZjueR61dda4SxXHSXvtCPV8jQj1xpump,15,2026-08-27T21:51:13.843976+00:00,AVAILABLE,2157,1747,2
fp1sig-3b44293425b93159324e198b,3maNqY5bJzNgZjueR61dda4SxXHSXvtCPV8jQj1xpump,20,2026-08-27T21:51:18.843976+00:00,AVAILABLE,2157,1747,2
fp1sig-3b44293425b93159324e198b,3maNqY5bJzNgZjueR61dda4SxXHSXvtCPV8jQj1xpump,30,2026-08-27T21:51:28.843976+00:00,AVAILABLE,2157,1747,2
fp1sig-3b44293425b93159324e198b,3maNqY5bJzNgZjueR61dda4SxXHSXvtCPV8jQj1xpump,45,2026-08-27T21:51:43.843976+00:00,AVAILABLE,2157,1064,5
fp1sig-3b44293425b93159324e198b,3maNqY5bJzNgZjueR61dda4SxXHSXvtCPV8jQj1xpump,60,2026-08-27T21:51:58.843976+00:00,AVAILABLE,2157,-1651,14
fp1sig-3b44293425b93159324e198b,3maNqY5bJzNgZjueR61dda4SxXHSXvtCPV8jQj1xpump,90,2026-08-27T21:52:28.843976+00:00,AVAILABLE,2157,-1651,27
fp1sig-3b44293425b93159324e198b,3maNqY5bJzNgZjueR61dda4SxXHSXvtCPV8jQj1xpump,120,2026-08-27T21:52:58.843976+00:00,AVAILABLE,2157,-2991,31
fp1sig-3b44293425b93159324e198b,3maNqY5bJzNgZjueR61dda4SxXHSXvtCPV8jQj1xpump,180,2026-08-27T21:53:58.843976+00:00,AVAILABLE,2157,-2991,32
fp1sig-3b44293425b93159324e198b,3maNqY5bJzNgZjueR61dda4SxXHSXvtCPV8jQj1xpump,300,2026-08-27T21:55:58.843976+00:00,AVAILABLE,2157,-3545,38
fp1sig-3b875247d4ea1bb5fb4fdb17,Ga9qB4Zca7LghZYwsr5nevomPocWfyrSL9AhPLVWMZGA,5,2026-08-28T06:05:39.753345+00:00,MISSING,,,0
fp1sig-3b875247d4ea1bb5fb4fdb17,Ga9qB4Zca7LghZYwsr5nevomPocWfyrSL9AhPLVWMZGA,10,2026-08-28T06:05:44.753345+00:00,MISSING,,,0
fp1sig-3b875247d4ea1bb5fb4fdb17,Ga9qB4Zca7LghZYwsr5nevomPocWfyrSL9AhPLVWMZGA,15,2026-08-28T06:05:49.753345+00:00,MISSING,,,0
fp1sig-3b875247d4ea1bb5fb4fdb17,Ga9qB4Zca7LghZYwsr5nevomPocWfyrSL9AhPLVWMZGA,20,2026-08-28T06:05:54.753345+00:00,MISSING,,,0
fp1sig-3b875247d4ea1bb5fb4fdb17,Ga9qB4Zca7LghZYwsr5nevomPocWfyrSL9AhPLVWMZGA,30,2026-08-28T06:06:04.753345+00:00,MISSING,,,0
fp1sig-3b875247d4ea1bb5fb4fdb17,Ga9qB4Zca7LghZYwsr5nevomPocWfyrSL9AhPLVWMZGA,45,2026-08-28T06:06:19.753345+00:00,MISSING,,,0
fp1sig-3b875247d4ea1bb5fb4fdb17,Ga9qB4Zca7LghZYwsr5nevomPocWfyrSL9AhPLVWMZGA,60,2026-08-28T06:06:34.753345+00:00,MISSING,,,0
fp1sig-3b875247d4ea1bb5fb4fdb17,Ga9qB4Zca7LghZYwsr5nevomPocWfyrSL9AhPLVWMZGA,90,2026-08-28T06:07:04.753345+00:00,MISSING,,,0
fp1sig-3b875247d4ea1bb5fb4fdb17,Ga9qB4Zca7LghZYwsr5nevomPocWfyrSL9AhPLVWMZGA,120,2026-08-28T06:07:34.753345+00:00,MISSING,,,0
fp1sig-3b875247d4ea1bb5fb4fdb17,Ga9qB4Zca7LghZYwsr5nevomPocWfyrSL9AhPLVWMZGA,180,2026-08-28T06:08:34.753345+00:00,MISSING,,,0
fp1sig-3b875247d4ea1bb5fb4fdb17,Ga9qB4Zca7LghZYwsr5nevomPocWfyrSL9AhPLVWMZGA,300,2026-08-28T06:10:34.753345+00:00,MISSING,,,0
fp1sig-3b99b882ff16ddf78562140c,3GV5j98XT3sgTpK32sFydRBwQsZP9zjek38a8VKbpump,5,2026-08-28T09:29:44.014036+00:00,MISSING,,,0
fp1sig-3b99b882ff16ddf78562140c,3GV5j98XT3sgTpK32sFydRBwQsZP9zjek38a8VKbpump,10,2026-08-28T09:29:49.014036+00:00,MISSING,,,0
fp1sig-3b99b882ff16ddf78562140c,3GV5j98XT3sgTpK32sFydRBwQsZP9zjek38a8VKbpump,15,2026-08-28T09:29:54.014036+00:00,AVAILABLE,883,433,5
fp1sig-3b99b882ff16ddf78562140c,3GV5j98XT3sgTpK32sFydRBwQsZP9zjek38a8VKbpump,20,2026-08-28T09:29:59.014036+00:00,AVAILABLE,3283,433,9
fp1sig-3b99b882ff16ddf78562140c,3GV5j98XT3sgTpK32sFydRBwQsZP9zjek38a8VKbpump,30,2026-08-28T09:30:09.014036+00:00,AVAILABLE,3289,433,10
fp1sig-3b99b882ff16ddf78562140c,3GV5j98XT3sgTpK32sFydRBwQsZP9zjek38a8VKbpump,45,2026-08-28T09:30:24.014036+00:00,AVAILABLE,3289,433,14
fp1sig-3b99b882ff16ddf78562140c,3GV5j98XT3sgTpK32sFydRBwQsZP9zjek38a8VKbpump,60,2026-08-28T09:30:39.014036+00:00,AVAILABLE,3289,433,19
fp1sig-3b99b882ff16ddf78562140c,3GV5j98XT3sgTpK32sFydRBwQsZP9zjek38a8VKbpump,90,2026-08-28T09:31:09.014036+00:00,AVAILABLE,3289,-589,47
fp1sig-3b99b882ff16ddf78562140c,3GV5j98XT3sgTpK32sFydRBwQsZP9zjek38a8VKbpump,120,2026-08-28T09:31:39.014036+00:00,AVAILABLE,3289,-1050,53
fp1sig-3b99b882ff16ddf78562140c,3GV5j98XT3sgTpK32sFydRBwQsZP9zjek38a8VKbpump,180,2026-08-28T09:32:39.014036+00:00,AVAILABLE,3289,-1050,67
fp1sig-3b99b882ff16ddf78562140c,3GV5j98XT3sgTpK32sFydRBwQsZP9zjek38a8VKbpump,300,2026-08-28T09:34:39.014036+00:00,AVAILABLE,3289,-2600,79
fp1sig-3c1c038c31b5e943d409bd98,CWzoaK6SkBVHgBWZ2edNX3HJFzxfLTKGpoWFX5UVpump,5,2026-08-27T23:55:27.173295+00:00,MISSING,,,0
fp1sig-3c1c038c31b5e943d409bd98,CWzoaK6SkBVHgBWZ2edNX3HJFzxfLTKGpoWFX5UVpump,10,2026-08-27T23:55:32.173295+00:00,AVAILABLE,-1050,-1050,1
fp1sig-3c1c038c31b5e943d409bd98,CWzoaK6SkBVHgBWZ2edNX3HJFzxfLTKGpoWFX5UVpump,15,2026-08-27T23:55:37.173295+00:00,AVAILABLE,-693,-1753,3
fp1sig-3c1c038c31b5e943d409bd98,CWzoaK6SkBVHgBWZ2edNX3HJFzxfLTKGpoWFX5UVpump,20,2026-08-27T23:55:42.173295+00:00,AVAILABLE,-693,-1753,3
fp1sig-3c1c038c31b5e943d409bd98,CWzoaK6SkBVHgBWZ2edNX3HJFzxfLTKGpoWFX5UVpump,30,2026-08-27T23:55:52.173295+00:00,AVAILABLE,-693,-2598,6
fp1sig-3c1c038c31b5e943d409bd98,CWzoaK6SkBVHgBWZ2edNX3HJFzxfLTKGpoWFX5UVpump,45,2026-08-27T23:56:07.173295+00:00,AVAILABLE,-160,-2598,8
fp1sig-3c1c038c31b5e943d409bd98,CWzoaK6SkBVHgBWZ2edNX3HJFzxfLTKGpoWFX5UVpump,60,2026-08-27T23:56:22.173295+00:00,AVAILABLE,3367,-2598,11
fp1sig-3c1c038c31b5e943d409bd98,CWzoaK6SkBVHgBWZ2edNX3HJFzxfLTKGpoWFX5UVpump,90,2026-08-27T23:56:52.173295+00:00,AVAILABLE,8621,-2598,20
fp1sig-3c1c038c31b5e943d409bd98,CWzoaK6SkBVHgBWZ2edNX3HJFzxfLTKGpoWFX5UVpump,120,2026-08-27T23:57:22.173295+00:00,AVAILABLE,10865,-2598,22
fp1sig-3c1c038c31b5e943d409bd98,CWzoaK6SkBVHgBWZ2edNX3HJFzxfLTKGpoWFX5UVpump,180,2026-08-27T23:58:22.173295+00:00,AVAILABLE,12970,-2598,31
fp1sig-3c1c038c31b5e943d409bd98,CWzoaK6SkBVHgBWZ2edNX3HJFzxfLTKGpoWFX5UVpump,300,2026-08-28T00:00:22.173295+00:00,AVAILABLE,23868,-2598,44
fp1sig-3c42474712644518b046031a,E6kuLzpXY57mchPDAh9B1zqa1fwq5oavroJtmPqUpump,5,2026-08-28T03:36:47.260789+00:00,AVAILABLE,985,652,3
fp1sig-3c42474712644518b046031a,E6kuLzpXY57mchPDAh9B1zqa1fwq5oavroJtmPqUpump,10,2026-08-28T03:36:52.260789+00:00,AVAILABLE,985,652,3
fp1sig-3c42474712644518b046031a,E6kuLzpXY57mchPDAh9B1zqa1fwq5oavroJtmPqUpump,15,2026-08-28T03:36:57.260789+00:00,AVAILABLE,985,652,3
fp1sig-3c42474712644518b046031a,E6kuLzpXY57mchPDAh9B1zqa1fwq5oavroJtmPqUpump,20,2026-08-28T03:37:02.260789+00:00,AVAILABLE,985,652,3
fp1sig-3c42474712644518b046031a,E6kuLzpXY57mchPDAh9B1zqa1fwq5oavroJtmPqUpump,30,2026-08-28T03:37:12.260789+00:00,AVAILABLE,985,652,3
fp1sig-3c42474712644518b046031a,E6kuLzpXY57mchPDAh9B1zqa1fwq5oavroJtmPqUpump,45,2026-08-28T03:37:27.260789+00:00,AVAILABLE,985,482,6
fp1sig-3c42474712644518b046031a,E6kuLzpXY57mchPDAh9B1zqa1fwq5oavroJtmPqUpump,60,2026-08-28T03:37:42.260789+00:00,AVAILABLE,985,191,12
fp1sig-3c42474712644518b046031a,E6kuLzpXY57mchPDAh9B1zqa1fwq5oavroJtmPqUpump,90,2026-08-28T03:38:12.260789+00:00,AVAILABLE,4340,191,18
fp1sig-3c42474712644518b046031a,E6kuLzpXY57mchPDAh9B1zqa1fwq5oavroJtmPqUpump,120,2026-08-28T03:38:42.260789+00:00,AVAILABLE,4340,191,24
fp1sig-3c42474712644518b046031a,E6kuLzpXY57mchPDAh9B1zqa1fwq5oavroJtmPqUpump,180,2026-08-28T03:39:42.260789+00:00,AVAILABLE,4340,191,28
fp1sig-3c42474712644518b046031a,E6kuLzpXY57mchPDAh9B1zqa1fwq5oavroJtmPqUpump,300,2026-08-28T03:41:42.260789+00:00,AVAILABLE,4340,159,32
fp1sig-3dc93c0a85f7098309bcd00f,EtRoEwxkProfKYr7azw5eU3yUq3q3aMaeYyJZXHVpump,5,2026-08-28T05:56:10.346527+00:00,MISSING,,,0
fp1sig-3dc93c0a85f7098309bcd00f,EtRoEwxkProfKYr7azw5eU3yUq3q3aMaeYyJZXHVpump,10,2026-08-28T05:56:15.346527+00:00,AVAILABLE,-143,-143,1
fp1sig-3dc93c0a85f7098309bcd00f,EtRoEwxkProfKYr7azw5eU3yUq3q3aMaeYyJZXHVpump,15,2026-08-28T05:56:20.346527+00:00,AVAILABLE,-143,-143,1
fp1sig-3dc93c0a85f7098309bcd00f,EtRoEwxkProfKYr7azw5eU3yUq3q3aMaeYyJZXHVpump,20,2026-08-28T05:56:25.346527+00:00,AVAILABLE,-143,-143,1
fp1sig-3dc93c0a85f7098309bcd00f,EtRoEwxkProfKYr7azw5eU3yUq3q3aMaeYyJZXHVpump,30,2026-08-28T05:56:35.346527+00:00,AVAILABLE,-143,-143,1
fp1sig-3dc93c0a85f7098309bcd00f,EtRoEwxkProfKYr7azw5eU3yUq3q3aMaeYyJZXHVpump,45,2026-08-28T05:56:50.346527+00:00,AVAILABLE,-143,-143,1
fp1sig-3dc93c0a85f7098309bcd00f,EtRoEwxkProfKYr7azw5eU3yUq3q3aMaeYyJZXHVpump,60,2026-08-28T05:57:05.346527+00:00,AVAILABLE,-143,-143,1
fp1sig-3dc93c0a85f7098309bcd00f,EtRoEwxkProfKYr7azw5eU3yUq3q3aMaeYyJZXHVpump,90,2026-08-28T05:57:35.346527+00:00,AVAILABLE,-143,-389,3
fp1sig-3dc93c0a85f7098309bcd00f,EtRoEwxkProfKYr7azw5eU3yUq3q3aMaeYyJZXHVpump,120,2026-08-28T05:58:05.346527+00:00,AVAILABLE,-143,-389,3
fp1sig-3dc93c0a85f7098309bcd00f,EtRoEwxkProfKYr7azw5eU3yUq3q3aMaeYyJZXHVpump,180,2026-08-28T05:59:05.346527+00:00,AVAILABLE,-143,-389,3
fp1sig-3dc93c0a85f7098309bcd00f,EtRoEwxkProfKYr7azw5eU3yUq3q3aMaeYyJZXHVpump,300,2026-08-28T06:01:05.346527+00:00,AVAILABLE,-143,-561,6
fp1sig-3df20d1a09defa2062514bd1,FjkF4ku9JJV935N5sYXWLivhBMsmfQUw3h6xQoopump,5,2026-08-28T02:41:06.008400+00:00,AVAILABLE,2642,221,2
fp1sig-3df20d1a09defa2062514bd1,FjkF4ku9JJV935N5sYXWLivhBMsmfQUw3h6xQoopump,10,2026-08-28T02:41:11.008400+00:00,AVAILABLE,2697,221,5
fp1sig-3df20d1a09defa2062514bd1,FjkF4ku9JJV935N5sYXWLivhBMsmfQUw3h6xQoopump,15,2026-08-28T02:41:16.008400+00:00,AVAILABLE,2929,-429,9
fp1sig-3df20d1a09defa2062514bd1,FjkF4ku9JJV935N5sYXWLivhBMsmfQUw3h6xQoopump,20,2026-08-28T02:41:21.008400+00:00,AVAILABLE,4123,-429,13
fp1sig-3df20d1a09defa2062514bd1,FjkF4ku9JJV935N5sYXWLivhBMsmfQUw3h6xQoopump,30,2026-08-28T02:41:31.008400+00:00,AVAILABLE,4123,-2240,17
fp1sig-3df20d1a09defa2062514bd1,FjkF4ku9JJV935N5sYXWLivhBMsmfQUw3h6xQoopump,45,2026-08-28T02:41:46.008400+00:00,AVAILABLE,4123,-3255,27
fp1sig-3df20d1a09defa2062514bd1,FjkF4ku9JJV935N5sYXWLivhBMsmfQUw3h6xQoopump,60,2026-08-28T02:42:01.008400+00:00,AVAILABLE,4123,-4045,34
fp1sig-3df20d1a09defa2062514bd1,FjkF4ku9JJV935N5sYXWLivhBMsmfQUw3h6xQoopump,90,2026-08-28T02:42:31.008400+00:00,AVAILABLE,4123,-4045,34
fp1sig-3df20d1a09defa2062514bd1,FjkF4ku9JJV935N5sYXWLivhBMsmfQUw3h6xQoopump,120,2026-08-28T02:43:01.008400+00:00,AVAILABLE,4123,-4045,34
fp1sig-3df20d1a09defa2062514bd1,FjkF4ku9JJV935N5sYXWLivhBMsmfQUw3h6xQoopump,180,2026-08-28T02:44:01.008400+00:00,AVAILABLE,4123,-4045,34
fp1sig-3df20d1a09defa2062514bd1,FjkF4ku9JJV935N5sYXWLivhBMsmfQUw3h6xQoopump,300,2026-08-28T02:46:01.008400+00:00,AVAILABLE,4123,-4045,34
fp1sig-3e5517d38e5d9d6b4ea476a1,DMYowGeSqxMe8fX9NwPgfyUePspSPjNFEA81fbqtpump,5,2026-08-27T18:23:13.417427+00:00,AVAILABLE,-3378,-3378,1
fp1sig-3e5517d38e5d9d6b4ea476a1,DMYowGeSqxMe8fX9NwPgfyUePspSPjNFEA81fbqtpump,10,2026-08-27T18:23:18.417427+00:00,AVAILABLE,-3378,-3378,1
fp1sig-3e5517d38e5d9d6b4ea476a1,DMYowGeSqxMe8fX9NwPgfyUePspSPjNFEA81fbqtpump,15,2026-08-27T18:23:23.417427+00:00,AVAILABLE,-3378,-3378,1
fp1sig-3e5517d38e5d9d6b4ea476a1,DMYowGeSqxMe8fX9NwPgfyUePspSPjNFEA81fbqtpump,20,2026-08-27T18:23:28.417427+00:00,AVAILABLE,-3378,-3378,1
fp1sig-3e5517d38e5d9d6b4ea476a1,DMYowGeSqxMe8fX9NwPgfyUePspSPjNFEA81fbqtpump,30,2026-08-27T18:23:38.417427+00:00,AVAILABLE,-3378,-3378,1
fp1sig-3e5517d38e5d9d6b4ea476a1,DMYowGeSqxMe8fX9NwPgfyUePspSPjNFEA81fbqtpump,45,2026-08-27T18:23:53.417427+00:00,AVAILABLE,-3378,-3378,1
fp1sig-3e5517d38e5d9d6b4ea476a1,DMYowGeSqxMe8fX9NwPgfyUePspSPjNFEA81fbqtpump,60,2026-08-27T18:24:08.417427+00:00,AVAILABLE,-3378,-4405,4
fp1sig-3e5517d38e5d9d6b4ea476a1,DMYowGeSqxMe8fX9NwPgfyUePspSPjNFEA81fbqtpump,90,2026-08-27T18:24:38.417427+00:00,AVAILABLE,-3378,-4405,5
fp1sig-3e5517d38e5d9d6b4ea476a1,DMYowGeSqxMe8fX9NwPgfyUePspSPjNFEA81fbqtpump,120,2026-08-27T18:25:08.417427+00:00,AVAILABLE,-3378,-4405,6
fp1sig-3e5517d38e5d9d6b4ea476a1,DMYowGeSqxMe8fX9NwPgfyUePspSPjNFEA81fbqtpump,180,2026-08-27T18:26:08.417427+00:00,AVAILABLE,-3378,-4405,6
fp1sig-3e5517d38e5d9d6b4ea476a1,DMYowGeSqxMe8fX9NwPgfyUePspSPjNFEA81fbqtpump,300,2026-08-27T18:28:08.417427+00:00,AVAILABLE,-3378,-4405,6
fp1sig-3ebf67c7d0afbe3aae17c557,6is9DoYNiGkvaQpNwvVw8Eu16UQYPnvagq3DebwNpump,5,2026-08-28T03:08:40.893435+00:00,AVAILABLE,-4168,-4168,1
fp1sig-3ebf67c7d0afbe3aae17c557,6is9DoYNiGkvaQpNwvVw8Eu16UQYPnvagq3DebwNpump,10,2026-08-28T03:08:45.893435+00:00,AVAILABLE,-4168,-5382,3
fp1sig-3ebf67c7d0afbe3aae17c557,6is9DoYNiGkvaQpNwvVw8Eu16UQYPnvagq3DebwNpump,15,2026-08-28T03:08:50.893435+00:00,AVAILABLE,-3972,-5382,4
fp1sig-3ebf67c7d0afbe3aae17c557,6is9DoYNiGkvaQpNwvVw8Eu16UQYPnvagq3DebwNpump,20,2026-08-28T03:08:55.893435+00:00,AVAILABLE,-3926,-5382,6
fp1sig-3ebf67c7d0afbe3aae17c557,6is9DoYNiGkvaQpNwvVw8Eu16UQYPnvagq3DebwNpump,30,2026-08-28T03:09:05.893435+00:00,AVAILABLE,-3926,-5382,10
fp1sig-3ebf67c7d0afbe3aae17c557,6is9DoYNiGkvaQpNwvVw8Eu16UQYPnvagq3DebwNpump,45,2026-08-28T03:09:20.893435+00:00,AVAILABLE,-2747,-5382,13
fp1sig-3ebf67c7d0afbe3aae17c557,6is9DoYNiGkvaQpNwvVw8Eu16UQYPnvagq3DebwNpump,60,2026-08-28T03:09:35.893435+00:00,AVAILABLE,-2747,-6283,18
fp1sig-3ebf67c7d0afbe3aae17c557,6is9DoYNiGkvaQpNwvVw8Eu16UQYPnvagq3DebwNpump,90,2026-08-28T03:10:05.893435+00:00,AVAILABLE,-2747,-7545,25
fp1sig-3ebf67c7d0afbe3aae17c557,6is9DoYNiGkvaQpNwvVw8Eu16UQYPnvagq3DebwNpump,120,2026-08-28T03:10:35.893435+00:00,AVAILABLE,-2747,-8722,36
fp1sig-3ebf67c7d0afbe3aae17c557,6is9DoYNiGkvaQpNwvVw8Eu16UQYPnvagq3DebwNpump,180,2026-08-28T03:11:35.893435+00:00,AVAILABLE,-2747,-9221,51
fp1sig-3ebf67c7d0afbe3aae17c557,6is9DoYNiGkvaQpNwvVw8Eu16UQYPnvagq3DebwNpump,300,2026-08-28T03:13:35.893435+00:00,AVAILABLE,-2747,-9221,53
fp1sig-3f4ad9b241a881c71ba35b0b,9sRczX8yN18n28zeemNDfKeX73Kraw3rMboGkFCipump,5,2026-08-28T11:38:20.225194+00:00,AVAILABLE,1057,-2458,3
fp1sig-3f4ad9b241a881c71ba35b0b,9sRczX8yN18n28zeemNDfKeX73Kraw3rMboGkFCipump,10,2026-08-28T11:38:25.225194+00:00,AVAILABLE,1057,-3577,6
fp1sig-3f4ad9b241a881c71ba35b0b,9sRczX8yN18n28zeemNDfKeX73Kraw3rMboGkFCipump,15,2026-08-28T11:38:30.225194+00:00,AVAILABLE,1057,-4259,8
fp1sig-3f4ad9b241a881c71ba35b0b,9sRczX8yN18n28zeemNDfKeX73Kraw3rMboGkFCipump,20,2026-08-28T11:38:35.225194+00:00,AVAILABLE,1057,-5731,11
fp1sig-3f4ad9b241a881c71ba35b0b,9sRczX8yN18n28zeemNDfKeX73Kraw3rMboGkFCipump,30,2026-08-28T11:38:45.225194+00:00,AVAILABLE,1057,-7241,14
fp1sig-3f4ad9b241a881c71ba35b0b,9sRczX8yN18n28zeemNDfKeX73Kraw3rMboGkFCipump,45,2026-08-28T11:39:00.225194+00:00,AVAILABLE,1057,-7960,21
fp1sig-3f4ad9b241a881c71ba35b0b,9sRczX8yN18n28zeemNDfKeX73Kraw3rMboGkFCipump,60,2026-08-28T11:39:15.225194+00:00,AVAILABLE,1057,-7960,23
fp1sig-3f4ad9b241a881c71ba35b0b,9sRczX8yN18n28zeemNDfKeX73Kraw3rMboGkFCipump,90,2026-08-28T11:39:45.225194+00:00,AVAILABLE,1057,-7960,34
fp1sig-3f4ad9b241a881c71ba35b0b,9sRczX8yN18n28zeemNDfKeX73Kraw3rMboGkFCipump,120,2026-08-28T11:40:15.225194+00:00,AVAILABLE,2934,-7960,40
fp1sig-3f4ad9b241a881c71ba35b0b,9sRczX8yN18n28zeemNDfKeX73Kraw3rMboGkFCipump,180,2026-08-28T11:41:15.225194+00:00,AVAILABLE,20099,-7960,47
fp1sig-3f4ad9b241a881c71ba35b0b,9sRczX8yN18n28zeemNDfKeX73Kraw3rMboGkFCipump,300,2026-08-28T11:43:15.225194+00:00,AVAILABLE,46359,-7960,65
fp1sig-40530fff2004411784c2d8f7,5ohKcX5kcxfLhdZ78HK4ZD2deDquZd8VqtqTD6Evpump,5,2026-08-27T21:30:11.721928+00:00,MISSING,,,0
fp1sig-40530fff2004411784c2d8f7,5ohKcX5kcxfLhdZ78HK4ZD2deDquZd8VqtqTD6Evpump,10,2026-08-27T21:30:16.721928+00:00,MISSING,,,0
fp1sig-40530fff2004411784c2d8f7,5ohKcX5kcxfLhdZ78HK4ZD2deDquZd8VqtqTD6Evpump,15,2026-08-27T21:30:21.721928+00:00,MISSING,,,0
fp1sig-40530fff2004411784c2d8f7,5ohKcX5kcxfLhdZ78HK4ZD2deDquZd8VqtqTD6Evpump,20,2026-08-27T21:30:26.721928+00:00,MISSING,,,0
fp1sig-40530fff2004411784c2d8f7,5ohKcX5kcxfLhdZ78HK4ZD2deDquZd8VqtqTD6Evpump,30,2026-08-27T21:30:36.721928+00:00,MISSING,,,0
fp1sig-40530fff2004411784c2d8f7,5ohKcX5kcxfLhdZ78HK4ZD2deDquZd8VqtqTD6Evpump,45,2026-08-27T21:30:51.721928+00:00,MISSING,,,0
fp1sig-40530fff2004411784c2d8f7,5ohKcX5kcxfLhdZ78HK4ZD2deDquZd8VqtqTD6Evpump,60,2026-08-27T21:31:06.721928+00:00,MISSING,,,0
fp1sig-40530fff2004411784c2d8f7,5ohKcX5kcxfLhdZ78HK4ZD2deDquZd8VqtqTD6Evpump,90,2026-08-27T21:31:36.721928+00:00,MISSING,,,0
fp1sig-40530fff2004411784c2d8f7,5ohKcX5kcxfLhdZ78HK4ZD2deDquZd8VqtqTD6Evpump,120,2026-08-27T21:32:06.721928+00:00,MISSING,,,0
fp1sig-40530fff2004411784c2d8f7,5ohKcX5kcxfLhdZ78HK4ZD2deDquZd8VqtqTD6Evpump,180,2026-08-27T21:33:06.721928+00:00,MISSING,,,0
fp1sig-40530fff2004411784c2d8f7,5ohKcX5kcxfLhdZ78HK4ZD2deDquZd8VqtqTD6Evpump,300,2026-08-27T21:35:06.721928+00:00,MISSING,,,0
fp1sig-41197d522805a20239c90bfb,9P1ksnPMPU7DLTFcYheAThYnnHXhBgo3cpaxoviRpump,5,2026-08-28T01:37:53.835115+00:00,AVAILABLE,1909,44,3
fp1sig-41197d522805a20239c90bfb,9P1ksnPMPU7DLTFcYheAThYnnHXhBgo3cpaxoviRpump,10,2026-08-28T01:37:58.835115+00:00,AVAILABLE,2063,44,8
fp1sig-41197d522805a20239c90bfb,9P1ksnPMPU7DLTFcYheAThYnnHXhBgo3cpaxoviRpump,15,2026-08-28T01:38:03.835115+00:00,AVAILABLE,2063,44,9
fp1sig-41197d522805a20239c90bfb,9P1ksnPMPU7DLTFcYheAThYnnHXhBgo3cpaxoviRpump,20,2026-08-28T01:38:08.835115+00:00,AVAILABLE,2063,44,10
fp1sig-41197d522805a20239c90bfb,9P1ksnPMPU7DLTFcYheAThYnnHXhBgo3cpaxoviRpump,30,2026-08-28T01:38:18.835115+00:00,AVAILABLE,2063,44,14
fp1sig-41197d522805a20239c90bfb,9P1ksnPMPU7DLTFcYheAThYnnHXhBgo3cpaxoviRpump,45,2026-08-28T01:38:33.835115+00:00,AVAILABLE,2063,44,15
fp1sig-41197d522805a20239c90bfb,9P1ksnPMPU7DLTFcYheAThYnnHXhBgo3cpaxoviRpump,60,2026-08-28T01:38:48.835115+00:00,AVAILABLE,2063,44,20
fp1sig-41197d522805a20239c90bfb,9P1ksnPMPU7DLTFcYheAThYnnHXhBgo3cpaxoviRpump,90,2026-08-28T01:39:18.835115+00:00,AVAILABLE,3002,44,33
fp1sig-41197d522805a20239c90bfb,9P1ksnPMPU7DLTFcYheAThYnnHXhBgo3cpaxoviRpump,120,2026-08-28T01:39:48.835115+00:00,AVAILABLE,5446,44,38
fp1sig-41197d522805a20239c90bfb,9P1ksnPMPU7DLTFcYheAThYnnHXhBgo3cpaxoviRpump,180,2026-08-28T01:40:48.835115+00:00,AVAILABLE,5446,44,55
fp1sig-41197d522805a20239c90bfb,9P1ksnPMPU7DLTFcYheAThYnnHXhBgo3cpaxoviRpump,300,2026-08-28T01:42:48.835115+00:00,AVAILABLE,5446,44,82
fp1sig-420ccac0fd1ed5c01fa94fcf,4dxZFZNJ5R5FGEYEdnX66Rz8NQAx79BowePxjb9qpump,5,2026-08-28T04:01:55.927690+00:00,MISSING,,,0
fp1sig-420ccac0fd1ed5c01fa94fcf,4dxZFZNJ5R5FGEYEdnX66Rz8NQAx79BowePxjb9qpump,10,2026-08-28T04:02:00.927690+00:00,AVAILABLE,-354,-1685,5
fp1sig-420ccac0fd1ed5c01fa94fcf,4dxZFZNJ5R5FGEYEdnX66Rz8NQAx79BowePxjb9qpump,15,2026-08-28T04:02:05.927690+00:00,AVAILABLE,-354,-1685,7
fp1sig-420ccac0fd1ed5c01fa94fcf,4dxZFZNJ5R5FGEYEdnX66Rz8NQAx79BowePxjb9qpump,20,2026-08-28T04:02:10.927690+00:00,AVAILABLE,-354,-1685,7
fp1sig-420ccac0fd1ed5c01fa94fcf,4dxZFZNJ5R5FGEYEdnX66Rz8NQAx79BowePxjb9qpump,30,2026-08-28T04:02:20.927690+00:00,AVAILABLE,-354,-1685,9
fp1sig-420ccac0fd1ed5c01fa94fcf,4dxZFZNJ5R5FGEYEdnX66Rz8NQAx79BowePxjb9qpump,45,2026-08-28T04:02:35.927690+00:00,AVAILABLE,-354,-1685,11
fp1sig-420ccac0fd1ed5c01fa94fcf,4dxZFZNJ5R5FGEYEdnX66Rz8NQAx79BowePxjb9qpump,60,2026-08-28T04:02:50.927690+00:00,AVAILABLE,-354,-1685,16
fp1sig-420ccac0fd1ed5c01fa94fcf,4dxZFZNJ5R5FGEYEdnX66Rz8NQAx79BowePxjb9qpump,90,2026-08-28T04:03:20.927690+00:00,AVAILABLE,1294,-1685,22
fp1sig-420ccac0fd1ed5c01fa94fcf,4dxZFZNJ5R5FGEYEdnX66Rz8NQAx79BowePxjb9qpump,120,2026-08-28T04:03:50.927690+00:00,AVAILABLE,1310,-1685,26
fp1sig-420ccac0fd1ed5c01fa94fcf,4dxZFZNJ5R5FGEYEdnX66Rz8NQAx79BowePxjb9qpump,180,2026-08-28T04:04:50.927690+00:00,AVAILABLE,1310,-1685,38
fp1sig-420ccac0fd1ed5c01fa94fcf,4dxZFZNJ5R5FGEYEdnX66Rz8NQAx79BowePxjb9qpump,300,2026-08-28T04:06:50.927690+00:00,AVAILABLE,1310,-1685,46
fp1sig-424863b32fdc73816563379b,8qCLxD59wbmBFoJ1JRCumKsXMJqDwUUzZPnxe9yTpump,5,2026-08-28T06:59:59.667544+00:00,AVAILABLE,-2656,-6329,2
fp1sig-424863b32fdc73816563379b,8qCLxD59wbmBFoJ1JRCumKsXMJqDwUUzZPnxe9yTpump,10,2026-08-28T07:00:04.667544+00:00,AVAILABLE,-2656,-6329,5
fp1sig-424863b32fdc73816563379b,8qCLxD59wbmBFoJ1JRCumKsXMJqDwUUzZPnxe9yTpump,15,2026-08-28T07:00:09.667544+00:00,AVAILABLE,-2656,-7876,8
fp1sig-424863b32fdc73816563379b,8qCLxD59wbmBFoJ1JRCumKsXMJqDwUUzZPnxe9yTpump,20,2026-08-28T07:00:14.667544+00:00,AVAILABLE,-2656,-7876,11
fp1sig-424863b32fdc73816563379b,8qCLxD59wbmBFoJ1JRCumKsXMJqDwUUzZPnxe9yTpump,30,2026-08-28T07:00:24.667544+00:00,AVAILABLE,-2656,-7876,13
fp1sig-424863b32fdc73816563379b,8qCLxD59wbmBFoJ1JRCumKsXMJqDwUUzZPnxe9yTpump,45,2026-08-28T07:00:39.667544+00:00,AVAILABLE,-2656,-7876,17
fp1sig-424863b32fdc73816563379b,8qCLxD59wbmBFoJ1JRCumKsXMJqDwUUzZPnxe9yTpump,60,2026-08-28T07:00:54.667544+00:00,AVAILABLE,-2656,-8649,23
fp1sig-424863b32fdc73816563379b,8qCLxD59wbmBFoJ1JRCumKsXMJqDwUUzZPnxe9yTpump,90,2026-08-28T07:01:24.667544+00:00,AVAILABLE,-2656,-9500,45
fp1sig-424863b32fdc73816563379b,8qCLxD59wbmBFoJ1JRCumKsXMJqDwUUzZPnxe9yTpump,120,2026-08-28T07:01:54.667544+00:00,AVAILABLE,-2656,-9500,45
fp1sig-424863b32fdc73816563379b,8qCLxD59wbmBFoJ1JRCumKsXMJqDwUUzZPnxe9yTpump,180,2026-08-28T07:02:54.667544+00:00,AVAILABLE,-2656,-9500,45
fp1sig-424863b32fdc73816563379b,8qCLxD59wbmBFoJ1JRCumKsXMJqDwUUzZPnxe9yTpump,300,2026-08-28T07:04:54.667544+00:00,AVAILABLE,-2656,-9500,45
fp1sig-4283b0acff8351383c790588,ArMx2jui6sRG843wj79922CBzv189U9okywx83y8pump,5,2026-08-27T13:39:31.137524+00:00,AVAILABLE,1140,72,2
fp1sig-4283b0acff8351383c790588,ArMx2jui6sRG843wj79922CBzv189U9okywx83y8pump,10,2026-08-27T13:39:36.137524+00:00,AVAILABLE,1210,72,4
fp1sig-4283b0acff8351383c790588,ArMx2jui6sRG843wj79922CBzv189U9okywx83y8pump,15,2026-08-27T13:39:41.137524+00:00,AVAILABLE,1210,72,5
fp1sig-4283b0acff8351383c790588,ArMx2jui6sRG843wj79922CBzv189U9okywx83y8pump,20,2026-08-27T13:39:46.137524+00:00,AVAILABLE,1210,-3014,6
fp1sig-4283b0acff8351383c790588,ArMx2jui6sRG843wj79922CBzv189U9okywx83y8pump,30,2026-08-27T13:39:56.137524+00:00,AVAILABLE,1210,-3014,7
fp1sig-4283b0acff8351383c790588,ArMx2jui6sRG843wj79922CBzv189U9okywx83y8pump,45,2026-08-27T13:40:11.137524+00:00,AVAILABLE,1210,-3014,8
fp1sig-4283b0acff8351383c790588,ArMx2jui6sRG843wj79922CBzv189U9okywx83y8pump,60,2026-08-27T13:40:26.137524+00:00,AVAILABLE,1210,-4829,9
fp1sig-4283b0acff8351383c790588,ArMx2jui6sRG843wj79922CBzv189U9okywx83y8pump,90,2026-08-27T13:40:56.137524+00:00,AVAILABLE,1210,-5268,15
fp1sig-4283b0acff8351383c790588,ArMx2jui6sRG843wj79922CBzv189U9okywx83y8pump,120,2026-08-27T13:41:26.137524+00:00,AVAILABLE,1210,-5268,24
fp1sig-4283b0acff8351383c790588,ArMx2jui6sRG843wj79922CBzv189U9okywx83y8pump,180,2026-08-27T13:42:26.137524+00:00,AVAILABLE,1210,-5268,36
fp1sig-4283b0acff8351383c790588,ArMx2jui6sRG843wj79922CBzv189U9okywx83y8pump,300,2026-08-27T13:44:26.137524+00:00,AVAILABLE,1210,-5893,46
fp1sig-42e0d3316b5ee098c998a749,49ruM71J9tRi4janMP9SVu7DdtRvESRb24zfgwtCpump,5,2026-08-28T10:40:29.773873+00:00,MISSING,,,0
fp1sig-42e0d3316b5ee098c998a749,49ruM71J9tRi4janMP9SVu7DdtRvESRb24zfgwtCpump,10,2026-08-28T10:40:34.773873+00:00,MISSING,,,0
fp1sig-42e0d3316b5ee098c998a749,49ruM71J9tRi4janMP9SVu7DdtRvESRb24zfgwtCpump,15,2026-08-28T10:40:39.773873+00:00,MISSING,,,0
fp1sig-42e0d3316b5ee098c998a749,49ruM71J9tRi4janMP9SVu7DdtRvESRb24zfgwtCpump,20,2026-08-28T10:40:44.773873+00:00,MISSING,,,0
fp1sig-42e0d3316b5ee098c998a749,49ruM71J9tRi4janMP9SVu7DdtRvESRb24zfgwtCpump,30,2026-08-28T10:40:54.773873+00:00,AVAILABLE,1511,374,6
fp1sig-42e0d3316b5ee098c998a749,49ruM71J9tRi4janMP9SVu7DdtRvESRb24zfgwtCpump,45,2026-08-28T10:41:09.773873+00:00,AVAILABLE,2658,374,15
fp1sig-42e0d3316b5ee098c998a749,49ruM71J9tRi4janMP9SVu7DdtRvESRb24zfgwtCpump,60,2026-08-28T10:41:24.773873+00:00,AVAILABLE,2658,374,22
fp1sig-42e0d3316b5ee098c998a749,49ruM71J9tRi4janMP9SVu7DdtRvESRb24zfgwtCpump,90,2026-08-28T10:41:54.773873+00:00,AVAILABLE,2658,374,23
fp1sig-42e0d3316b5ee098c998a749,49ruM71J9tRi4janMP9SVu7DdtRvESRb24zfgwtCpump,120,2026-08-28T10:42:24.773873+00:00,AVAILABLE,2658,-3452,37
fp1sig-42e0d3316b5ee098c998a749,49ruM71J9tRi4janMP9SVu7DdtRvESRb24zfgwtCpump,180,2026-08-28T10:43:24.773873+00:00,AVAILABLE,2658,-3453,40
fp1sig-42e0d3316b5ee098c998a749,49ruM71J9tRi4janMP9SVu7DdtRvESRb24zfgwtCpump,300,2026-08-28T10:45:24.773873+00:00,AVAILABLE,2658,-3453,42
fp1sig-43cfa0b92ba1e8a98feace23,7Q134BRAMnBuExtijx1PKA84cBxt48FZoy3ovyGmpump,5,2026-08-28T05:10:24.338212+00:00,AVAILABLE,641,-564,2
fp1sig-43cfa0b92ba1e8a98feace23,7Q134BRAMnBuExtijx1PKA84cBxt48FZoy3ovyGmpump,10,2026-08-28T05:10:29.338212+00:00,AVAILABLE,641,-564,2
fp1sig-43cfa0b92ba1e8a98feace23,7Q134BRAMnBuExtijx1PKA84cBxt48FZoy3ovyGmpump,15,2026-08-28T05:10:34.338212+00:00,AVAILABLE,641,-1121,3
fp1sig-43cfa0b92ba1e8a98feace23,7Q134BRAMnBuExtijx1PKA84cBxt48FZoy3ovyGmpump,20,2026-08-28T05:10:39.338212+00:00,AVAILABLE,641,-2652,4
fp1sig-43cfa0b92ba1e8a98feace23,7Q134BRAMnBuExtijx1PKA84cBxt48FZoy3ovyGmpump,30,2026-08-28T05:10:49.338212+00:00,AVAILABLE,641,-3028,8
fp1sig-43cfa0b92ba1e8a98feace23,7Q134BRAMnBuExtijx1PKA84cBxt48FZoy3ovyGmpump,45,2026-08-28T05:11:04.338212+00:00,AVAILABLE,641,-4221,12
fp1sig-43cfa0b92ba1e8a98feace23,7Q134BRAMnBuExtijx1PKA84cBxt48FZoy3ovyGmpump,60,2026-08-28T05:11:19.338212+00:00,AVAILABLE,641,-4592,18
fp1sig-43cfa0b92ba1e8a98feace23,7Q134BRAMnBuExtijx1PKA84cBxt48FZoy3ovyGmpump,90,2026-08-28T05:11:49.338212+00:00,AVAILABLE,8434,-4592,26
fp1sig-43cfa0b92ba1e8a98feace23,7Q134BRAMnBuExtijx1PKA84cBxt48FZoy3ovyGmpump,120,2026-08-28T05:12:19.338212+00:00,AVAILABLE,8434,-4592,38
fp1sig-43cfa0b92ba1e8a98feace23,7Q134BRAMnBuExtijx1PKA84cBxt48FZoy3ovyGmpump,180,2026-08-28T05:13:19.338212+00:00,AVAILABLE,8434,-5074,53
fp1sig-43cfa0b92ba1e8a98feace23,7Q134BRAMnBuExtijx1PKA84cBxt48FZoy3ovyGmpump,300,2026-08-28T05:15:19.338212+00:00,AVAILABLE,8434,-9115,76
fp1sig-43e5e0c53850af89ed1bb9d0,CxYdznfg3uP3nRD7VZiaicyUd8nHeEFmzsUrADzepump,5,2026-08-28T00:50:59.760437+00:00,MISSING,,,0
fp1sig-43e5e0c53850af89ed1bb9d0,CxYdznfg3uP3nRD7VZiaicyUd8nHeEFmzsUrADzepump,10,2026-08-28T00:51:04.760437+00:00,AVAILABLE,-1690,-3768,2
fp1sig-43e5e0c53850af89ed1bb9d0,CxYdznfg3uP3nRD7VZiaicyUd8nHeEFmzsUrADzepump,15,2026-08-28T00:51:09.760437+00:00,AVAILABLE,-1690,-3768,2
fp1sig-43e5e0c53850af89ed1bb9d0,CxYdznfg3uP3nRD7VZiaicyUd8nHeEFmzsUrADzepump,20,2026-08-28T00:51:14.760437+00:00,AVAILABLE,-1690,-3768,4
fp1sig-43e5e0c53850af89ed1bb9d0,CxYdznfg3uP3nRD7VZiaicyUd8nHeEFmzsUrADzepump,30,2026-08-28T00:51:24.760437+00:00,AVAILABLE,-1690,-3768,4
fp1sig-43e5e0c53850af89ed1bb9d0,CxYdznfg3uP3nRD7VZiaicyUd8nHeEFmzsUrADzepump,45,2026-08-28T00:51:39.760437+00:00,AVAILABLE,-1690,-3768,4
fp1sig-43e5e0c53850af89ed1bb9d0,CxYdznfg3uP3nRD7VZiaicyUd8nHeEFmzsUrADzepump,60,2026-08-28T00:51:54.760437+00:00,AVAILABLE,-1690,-3768,4
fp1sig-43e5e0c53850af89ed1bb9d0,CxYdznfg3uP3nRD7VZiaicyUd8nHeEFmzsUrADzepump,90,2026-08-28T00:52:24.760437+00:00,AVAILABLE,-1690,-3768,4
fp1sig-43e5e0c53850af89ed1bb9d0,CxYdznfg3uP3nRD7VZiaicyUd8nHeEFmzsUrADzepump,120,2026-08-28T00:52:54.760437+00:00,AVAILABLE,-1690,-3768,4
fp1sig-43e5e0c53850af89ed1bb9d0,CxYdznfg3uP3nRD7VZiaicyUd8nHeEFmzsUrADzepump,180,2026-08-28T00:53:54.760437+00:00,AVAILABLE,-1690,-3768,4
fp1sig-43e5e0c53850af89ed1bb9d0,CxYdznfg3uP3nRD7VZiaicyUd8nHeEFmzsUrADzepump,300,2026-08-28T00:55:54.760437+00:00,AVAILABLE,-1690,-3768,4
fp1sig-43ff6c4b331226901bcd9103,EK4ToFX4xHJQvHijkPasyQqRyxEQx3PcVpS9ebuopump,5,2026-08-27T14:16:03.664300+00:00,AVAILABLE,1714,769,3
fp1sig-43ff6c4b331226901bcd9103,EK4ToFX4xHJQvHijkPasyQqRyxEQx3PcVpS9ebuopump,10,2026-08-27T14:16:08.664300+00:00,AVAILABLE,1714,492,6
fp1sig-43ff6c4b331226901bcd9103,EK4ToFX4xHJQvHijkPasyQqRyxEQx3PcVpS9ebuopump,15,2026-08-27T14:16:13.664300+00:00,AVAILABLE,2762,492,10
fp1sig-43ff6c4b331226901bcd9103,EK4ToFX4xHJQvHijkPasyQqRyxEQx3PcVpS9ebuopump,20,2026-08-27T14:16:18.664300+00:00,AVAILABLE,2762,492,12
fp1sig-43ff6c4b331226901bcd9103,EK4ToFX4xHJQvHijkPasyQqRyxEQx3PcVpS9ebuopump,30,2026-08-27T14:16:28.664300+00:00,AVAILABLE,2762,492,16
fp1sig-43ff6c4b331226901bcd9103,EK4ToFX4xHJQvHijkPasyQqRyxEQx3PcVpS9ebuopump,45,2026-08-27T14:16:43.664300+00:00,AVAILABLE,2762,-2093,29
fp1sig-43ff6c4b331226901bcd9103,EK4ToFX4xHJQvHijkPasyQqRyxEQx3PcVpS9ebuopump,60,2026-08-27T14:16:58.664300+00:00,AVAILABLE,2762,-2093,40
fp1sig-43ff6c4b331226901bcd9103,EK4ToFX4xHJQvHijkPasyQqRyxEQx3PcVpS9ebuopump,90,2026-08-27T14:17:28.664300+00:00,AVAILABLE,2762,-2093,51
fp1sig-43ff6c4b331226901bcd9103,EK4ToFX4xHJQvHijkPasyQqRyxEQx3PcVpS9ebuopump,120,2026-08-27T14:17:58.664300+00:00,AVAILABLE,2762,-2976,79
fp1sig-43ff6c4b331226901bcd9103,EK4ToFX4xHJQvHijkPasyQqRyxEQx3PcVpS9ebuopump,180,2026-08-27T14:18:58.664300+00:00,AVAILABLE,2762,-3192,110
fp1sig-43ff6c4b331226901bcd9103,EK4ToFX4xHJQvHijkPasyQqRyxEQx3PcVpS9ebuopump,300,2026-08-27T14:20:58.664300+00:00,AVAILABLE,2762,-3192,110
fp1sig-4427487a54001f9ec6b77530,73e41CtX2qMaLELWVEJrBaL8bpkrtZPtRoyeM4CNpump,5,2026-08-27T22:23:12.025474+00:00,MISSING,,,0
fp1sig-4427487a54001f9ec6b77530,73e41CtX2qMaLELWVEJrBaL8bpkrtZPtRoyeM4CNpump,10,2026-08-27T22:23:17.025474+00:00,AVAILABLE,447,447,1
fp1sig-4427487a54001f9ec6b77530,73e41CtX2qMaLELWVEJrBaL8bpkrtZPtRoyeM4CNpump,15,2026-08-27T22:23:22.025474+00:00,AVAILABLE,447,447,1
fp1sig-4427487a54001f9ec6b77530,73e41CtX2qMaLELWVEJrBaL8bpkrtZPtRoyeM4CNpump,20,2026-08-27T22:23:27.025474+00:00,AVAILABLE,447,447,1
fp1sig-4427487a54001f9ec6b77530,73e41CtX2qMaLELWVEJrBaL8bpkrtZPtRoyeM4CNpump,30,2026-08-27T22:23:37.025474+00:00,AVAILABLE,615,447,2
fp1sig-4427487a54001f9ec6b77530,73e41CtX2qMaLELWVEJrBaL8bpkrtZPtRoyeM4CNpump,45,2026-08-27T22:23:52.025474+00:00,AVAILABLE,1627,447,4
fp1sig-4427487a54001f9ec6b77530,73e41CtX2qMaLELWVEJrBaL8bpkrtZPtRoyeM4CNpump,60,2026-08-27T22:24:07.025474+00:00,AVAILABLE,1827,447,5
fp1sig-4427487a54001f9ec6b77530,73e41CtX2qMaLELWVEJrBaL8bpkrtZPtRoyeM4CNpump,90,2026-08-27T22:24:37.025474+00:00,AVAILABLE,2347,447,15
fp1sig-4427487a54001f9ec6b77530,73e41CtX2qMaLELWVEJrBaL8bpkrtZPtRoyeM4CNpump,120,2026-08-27T22:25:07.025474+00:00,AVAILABLE,3330,447,21
fp1sig-4427487a54001f9ec6b77530,73e41CtX2qMaLELWVEJrBaL8bpkrtZPtRoyeM4CNpump,180,2026-08-27T22:26:07.025474+00:00,AVAILABLE,3451,447,32
fp1sig-4427487a54001f9ec6b77530,73e41CtX2qMaLELWVEJrBaL8bpkrtZPtRoyeM4CNpump,300,2026-08-27T22:28:07.025474+00:00,AVAILABLE,3451,-3775,53
fp1sig-44a399a7b0b1ead55a024380,4mgvNRnLXc8a9QhcUJD158NK1rsWyZh6akejyv93pump,5,2026-08-28T05:01:58.697011+00:00,AVAILABLE,770,770,1
fp1sig-44a399a7b0b1ead55a024380,4mgvNRnLXc8a9QhcUJD158NK1rsWyZh6akejyv93pump,10,2026-08-28T05:02:03.697011+00:00,AVAILABLE,770,-1107,2
fp1sig-44a399a7b0b1ead55a024380,4mgvNRnLXc8a9QhcUJD158NK1rsWyZh6akejyv93pump,15,2026-08-28T05:02:08.697011+00:00,AVAILABLE,955,-1107,5
fp1sig-44a399a7b0b1ead55a024380,4mgvNRnLXc8a9QhcUJD158NK1rsWyZh6akejyv93pump,20,2026-08-28T05:02:13.697011+00:00,AVAILABLE,955,-1107,6
fp1sig-44a399a7b0b1ead55a024380,4mgvNRnLXc8a9QhcUJD158NK1rsWyZh6akejyv93pump,30,2026-08-28T05:02:23.697011+00:00,AVAILABLE,2394,-1107,10
fp1sig-44a399a7b0b1ead55a024380,4mgvNRnLXc8a9QhcUJD158NK1rsWyZh6akejyv93pump,45,2026-08-28T05:02:38.697011+00:00,AVAILABLE,4818,-2566,18
fp1sig-44a399a7b0b1ead55a024380,4mgvNRnLXc8a9QhcUJD158NK1rsWyZh6akejyv93pump,60,2026-08-28T05:02:53.697011+00:00,AVAILABLE,4818,-5832,37
fp1sig-44a399a7b0b1ead55a024380,4mgvNRnLXc8a9QhcUJD158NK1rsWyZh6akejyv93pump,90,2026-08-28T05:03:23.697011+00:00,AVAILABLE,4818,-5832,40
fp1sig-44a399a7b0b1ead55a024380,4mgvNRnLXc8a9QhcUJD158NK1rsWyZh6akejyv93pump,120,2026-08-28T05:03:53.697011+00:00,AVAILABLE,4818,-5832,41
fp1sig-44a399a7b0b1ead55a024380,4mgvNRnLXc8a9QhcUJD158NK1rsWyZh6akejyv93pump,180,2026-08-28T05:04:53.697011+00:00,AVAILABLE,4818,-5832,42
fp1sig-44a399a7b0b1ead55a024380,4mgvNRnLXc8a9QhcUJD158NK1rsWyZh6akejyv93pump,300,2026-08-28T05:06:53.697011+00:00,AVAILABLE,4818,-5832,42
fp1sig-4529fb39add8736d8b5012d9,GWNqGLRxCNdAx7keD14mssr2u3G1RL1HPXxtQQy6pump,5,2026-08-28T03:24:03.562349+00:00,AVAILABLE,-538,-1153,4
fp1sig-4529fb39add8736d8b5012d9,GWNqGLRxCNdAx7keD14mssr2u3G1RL1HPXxtQQy6pump,10,2026-08-28T03:24:08.562349+00:00,AVAILABLE,-538,-1153,5
fp1sig-4529fb39add8736d8b5012d9,GWNqGLRxCNdAx7keD14mssr2u3G1RL1HPXxtQQy6pump,15,2026-08-28T03:24:13.562349+00:00,AVAILABLE,-538,-1952,6
fp1sig-4529fb39add8736d8b5012d9,GWNqGLRxCNdAx7keD14mssr2u3G1RL1HPXxtQQy6pump,20,2026-08-28T03:24:18.562349+00:00,AVAILABLE,-538,-1952,6
fp1sig-4529fb39add8736d8b5012d9,GWNqGLRxCNdAx7keD14mssr2u3G1RL1HPXxtQQy6pump,30,2026-08-28T03:24:28.562349+00:00,AVAILABLE,806,-1952,17
fp1sig-4529fb39add8736d8b5012d9,GWNqGLRxCNdAx7keD14mssr2u3G1RL1HPXxtQQy6pump,45,2026-08-28T03:24:43.562349+00:00,AVAILABLE,1259,-1952,21
fp1sig-4529fb39add8736d8b5012d9,GWNqGLRxCNdAx7keD14mssr2u3G1RL1HPXxtQQy6pump,60,2026-08-28T03:24:58.562349+00:00,AVAILABLE,1259,-1952,25
fp1sig-4529fb39add8736d8b5012d9,GWNqGLRxCNdAx7keD14mssr2u3G1RL1HPXxtQQy6pump,90,2026-08-28T03:25:28.562349+00:00,AVAILABLE,1793,-1952,32
fp1sig-4529fb39add8736d8b5012d9,GWNqGLRxCNdAx7keD14mssr2u3G1RL1HPXxtQQy6pump,120,2026-08-28T03:25:58.562349+00:00,AVAILABLE,1809,-1952,45
fp1sig-4529fb39add8736d8b5012d9,GWNqGLRxCNdAx7keD14mssr2u3G1RL1HPXxtQQy6pump,180,2026-08-28T03:26:58.562349+00:00,AVAILABLE,1809,-1952,67
fp1sig-4529fb39add8736d8b5012d9,GWNqGLRxCNdAx7keD14mssr2u3G1RL1HPXxtQQy6pump,300,2026-08-28T03:28:58.562349+00:00,AVAILABLE,2784,-1952,96
fp1sig-4577712b5fdc2f72a0baa5a5,A3j5HhRsLbXYawNvr1dfyprEWDmWELWiYMsneRUrpump,5,2026-08-28T07:09:28.303035+00:00,AVAILABLE,-3432,-4996,4
fp1sig-4577712b5fdc2f72a0baa5a5,A3j5HhRsLbXYawNvr1dfyprEWDmWELWiYMsneRUrpump,10,2026-08-28T07:09:33.303035+00:00,AVAILABLE,-3432,-5283,7
fp1sig-4577712b5fdc2f72a0baa5a5,A3j5HhRsLbXYawNvr1dfyprEWDmWELWiYMsneRUrpump,15,2026-08-28T07:09:38.303035+00:00,AVAILABLE,327,-5283,12
fp1sig-4577712b5fdc2f72a0baa5a5,A3j5HhRsLbXYawNvr1dfyprEWDmWELWiYMsneRUrpump,20,2026-08-28T07:09:43.303035+00:00,AVAILABLE,327,-5283,12
fp1sig-4577712b5fdc2f72a0baa5a5,A3j5HhRsLbXYawNvr1dfyprEWDmWELWiYMsneRUrpump,30,2026-08-28T07:09:53.303035+00:00,AVAILABLE,327,-5283,15
fp1sig-4577712b5fdc2f72a0baa5a5,A3j5HhRsLbXYawNvr1dfyprEWDmWELWiYMsneRUrpump,45,2026-08-28T07:10:08.303035+00:00,AVAILABLE,1947,-5283,22
fp1sig-4577712b5fdc2f72a0baa5a5,A3j5HhRsLbXYawNvr1dfyprEWDmWELWiYMsneRUrpump,60,2026-08-28T07:10:23.303035+00:00,AVAILABLE,3445,-5283,25
fp1sig-4577712b5fdc2f72a0baa5a5,A3j5HhRsLbXYawNvr1dfyprEWDmWELWiYMsneRUrpump,90,2026-08-28T07:10:53.303035+00:00,AVAILABLE,8679,-5283,34
fp1sig-4577712b5fdc2f72a0baa5a5,A3j5HhRsLbXYawNvr1dfyprEWDmWELWiYMsneRUrpump,120,2026-08-28T07:11:23.303035+00:00,AVAILABLE,8679,-5899,43
fp1sig-4577712b5fdc2f72a0baa5a5,A3j5HhRsLbXYawNvr1dfyprEWDmWELWiYMsneRUrpump,180,2026-08-28T07:12:23.303035+00:00,AVAILABLE,8679,-8797,56
fp1sig-4577712b5fdc2f72a0baa5a5,A3j5HhRsLbXYawNvr1dfyprEWDmWELWiYMsneRUrpump,300,2026-08-28T07:14:23.303035+00:00,AVAILABLE,8679,-8797,56
fp1sig-45c0987dac6c7a27d66b3e5a,5ceGKyRhSDpBUofTK9CSq75tRyUt24iqjqt4CBnzpump,5,2026-08-28T10:17:46.766307+00:00,AVAILABLE,-1466,-3151,5
fp1sig-45c0987dac6c7a27d66b3e5a,5ceGKyRhSDpBUofTK9CSq75tRyUt24iqjqt4CBnzpump,10,2026-08-28T10:17:51.766307+00:00,AVAILABLE,-1466,-3151,5
fp1sig-45c0987dac6c7a27d66b3e5a,5ceGKyRhSDpBUofTK9CSq75tRyUt24iqjqt4CBnzpump,15,2026-08-28T10:17:56.766307+00:00,AVAILABLE,-1403,-5330,8
fp1sig-45c0987dac6c7a27d66b3e5a,5ceGKyRhSDpBUofTK9CSq75tRyUt24iqjqt4CBnzpump,20,2026-08-28T10:18:01.766307+00:00,AVAILABLE,-1403,-6454,12
fp1sig-45c0987dac6c7a27d66b3e5a,5ceGKyRhSDpBUofTK9CSq75tRyUt24iqjqt4CBnzpump,30,2026-08-28T10:18:11.766307+00:00,AVAILABLE,-1403,-6454,18
fp1sig-45c0987dac6c7a27d66b3e5a,5ceGKyRhSDpBUofTK9CSq75tRyUt24iqjqt4CBnzpump,45,2026-08-28T10:18:26.766307+00:00,AVAILABLE,1025,-6454,31
fp1sig-45c0987dac6c7a27d66b3e5a,5ceGKyRhSDpBUofTK9CSq75tRyUt24iqjqt4CBnzpump,60,2026-08-28T10:18:41.766307+00:00,AVAILABLE,5697,-6454,47
fp1sig-45c0987dac6c7a27d66b3e5a,5ceGKyRhSDpBUofTK9CSq75tRyUt24iqjqt4CBnzpump,90,2026-08-28T10:19:11.766307+00:00,AVAILABLE,5697,-6825,69
fp1sig-45c0987dac6c7a27d66b3e5a,5ceGKyRhSDpBUofTK9CSq75tRyUt24iqjqt4CBnzpump,120,2026-08-28T10:19:41.766307+00:00,AVAILABLE,5697,-6825,82
fp1sig-45c0987dac6c7a27d66b3e5a,5ceGKyRhSDpBUofTK9CSq75tRyUt24iqjqt4CBnzpump,180,2026-08-28T10:20:41.766307+00:00,AVAILABLE,5697,-8529,116
fp1sig-45c0987dac6c7a27d66b3e5a,5ceGKyRhSDpBUofTK9CSq75tRyUt24iqjqt4CBnzpump,300,2026-08-28T10:22:41.766307+00:00,AVAILABLE,5697,-9274,142
fp1sig-46718fc5e12997f1b50a4037,39PXnSfcR2huVAjYJgGzEv8mm1jus6TAs694cBS95bZd,5,2026-08-28T03:28:19.616238+00:00,MISSING,,,0
fp1sig-46718fc5e12997f1b50a4037,39PXnSfcR2huVAjYJgGzEv8mm1jus6TAs694cBS95bZd,10,2026-08-28T03:28:24.616238+00:00,MISSING,,,0
fp1sig-46718fc5e12997f1b50a4037,39PXnSfcR2huVAjYJgGzEv8mm1jus6TAs694cBS95bZd,15,2026-08-28T03:28:29.616238+00:00,MISSING,,,0
fp1sig-46718fc5e12997f1b50a4037,39PXnSfcR2huVAjYJgGzEv8mm1jus6TAs694cBS95bZd,20,2026-08-28T03:28:34.616238+00:00,AVAILABLE,3808,1742,3
fp1sig-46718fc5e12997f1b50a4037,39PXnSfcR2huVAjYJgGzEv8mm1jus6TAs694cBS95bZd,30,2026-08-28T03:28:44.616238+00:00,AVAILABLE,3808,1742,3
fp1sig-46718fc5e12997f1b50a4037,39PXnSfcR2huVAjYJgGzEv8mm1jus6TAs694cBS95bZd,45,2026-08-28T03:28:59.616238+00:00,AVAILABLE,3808,433,9
fp1sig-46718fc5e12997f1b50a4037,39PXnSfcR2huVAjYJgGzEv8mm1jus6TAs694cBS95bZd,60,2026-08-28T03:29:14.616238+00:00,AVAILABLE,3808,433,9
fp1sig-46718fc5e12997f1b50a4037,39PXnSfcR2huVAjYJgGzEv8mm1jus6TAs694cBS95bZd,90,2026-08-28T03:29:44.616238+00:00,AVAILABLE,4238,433,16
fp1sig-46718fc5e12997f1b50a4037,39PXnSfcR2huVAjYJgGzEv8mm1jus6TAs694cBS95bZd,120,2026-08-28T03:30:14.616238+00:00,AVAILABLE,4238,433,21
fp1sig-46718fc5e12997f1b50a4037,39PXnSfcR2huVAjYJgGzEv8mm1jus6TAs694cBS95bZd,180,2026-08-28T03:31:14.616238+00:00,AVAILABLE,4238,433,27
fp1sig-46718fc5e12997f1b50a4037,39PXnSfcR2huVAjYJgGzEv8mm1jus6TAs694cBS95bZd,300,2026-08-28T03:33:14.616238+00:00,AVAILABLE,4238,-4628,44
fp1sig-4684455aa057198d26436275,FavLPSJrZkJbw3MKWCJg1ufqu5Acg8DyMXMBg1kDpump,5,2026-08-28T00:05:28.864485+00:00,AVAILABLE,-44,-241,2
fp1sig-4684455aa057198d26436275,FavLPSJrZkJbw3MKWCJg1ufqu5Acg8DyMXMBg1kDpump,10,2026-08-28T00:05:33.864485+00:00,AVAILABLE,-44,-241,2
fp1sig-4684455aa057198d26436275,FavLPSJrZkJbw3MKWCJg1ufqu5Acg8DyMXMBg1kDpump,15,2026-08-28T00:05:38.864485+00:00,AVAILABLE,-44,-269,4
fp1sig-4684455aa057198d26436275,FavLPSJrZkJbw3MKWCJg1ufqu5Acg8DyMXMBg1kDpump,20,2026-08-28T00:05:43.864485+00:00,AVAILABLE,-44,-317,6
fp1sig-4684455aa057198d26436275,FavLPSJrZkJbw3MKWCJg1ufqu5Acg8DyMXMBg1kDpump,30,2026-08-28T00:05:53.864485+00:00,AVAILABLE,2746,-317,11
fp1sig-4684455aa057198d26436275,FavLPSJrZkJbw3MKWCJg1ufqu5Acg8DyMXMBg1kDpump,45,2026-08-28T00:06:08.864485+00:00,AVAILABLE,2746,-317,11
fp1sig-4684455aa057198d26436275,FavLPSJrZkJbw3MKWCJg1ufqu5Acg8DyMXMBg1kDpump,60,2026-08-28T00:06:23.864485+00:00,AVAILABLE,2858,-317,14
fp1sig-4684455aa057198d26436275,FavLPSJrZkJbw3MKWCJg1ufqu5Acg8DyMXMBg1kDpump,90,2026-08-28T00:06:53.864485+00:00,AVAILABLE,3139,-317,19
fp1sig-4684455aa057198d26436275,FavLPSJrZkJbw3MKWCJg1ufqu5Acg8DyMXMBg1kDpump,120,2026-08-28T00:07:23.864485+00:00,AVAILABLE,3248,-317,22
fp1sig-4684455aa057198d26436275,FavLPSJrZkJbw3MKWCJg1ufqu5Acg8DyMXMBg1kDpump,180,2026-08-28T00:08:23.864485+00:00,AVAILABLE,3414,-317,25
fp1sig-4684455aa057198d26436275,FavLPSJrZkJbw3MKWCJg1ufqu5Acg8DyMXMBg1kDpump,300,2026-08-28T00:10:23.864485+00:00,AVAILABLE,3414,-973,37
fp1sig-46b2c413b2b572eae6a01078,8X9paKipu8zADXqC7UHXsyaCmErCadiHqy7yXh3Dpump,5,2026-08-28T04:09:43.937248+00:00,AVAILABLE,2941,723,9
fp1sig-46b2c413b2b572eae6a01078,8X9paKipu8zADXqC7UHXsyaCmErCadiHqy7yXh3Dpump,10,2026-08-28T04:09:48.937248+00:00,AVAILABLE,2941,-419,18
fp1sig-46b2c413b2b572eae6a01078,8X9paKipu8zADXqC7UHXsyaCmErCadiHqy7yXh3Dpump,15,2026-08-28T04:09:53.937248+00:00,AVAILABLE,2941,-419,24
fp1sig-46b2c413b2b572eae6a01078,8X9paKipu8zADXqC7UHXsyaCmErCadiHqy7yXh3Dpump,20,2026-08-28T04:09:58.937248+00:00,AVAILABLE,2941,-419,37
fp1sig-46b2c413b2b572eae6a01078,8X9paKipu8zADXqC7UHXsyaCmErCadiHqy7yXh3Dpump,30,2026-08-28T04:10:08.937248+00:00,AVAILABLE,9995,-419,65
fp1sig-46b2c413b2b572eae6a01078,8X9paKipu8zADXqC7UHXsyaCmErCadiHqy7yXh3Dpump,45,2026-08-28T04:10:23.937248+00:00,AVAILABLE,9995,-1641,105
fp1sig-46b2c413b2b572eae6a01078,8X9paKipu8zADXqC7UHXsyaCmErCadiHqy7yXh3Dpump,60,2026-08-28T04:10:38.937248+00:00,AVAILABLE,9995,-2384,129
fp1sig-46b2c413b2b572eae6a01078,8X9paKipu8zADXqC7UHXsyaCmErCadiHqy7yXh3Dpump,90,2026-08-28T04:11:08.937248+00:00,AVAILABLE,9995,-2384,154
fp1sig-46b2c413b2b572eae6a01078,8X9paKipu8zADXqC7UHXsyaCmErCadiHqy7yXh3Dpump,120,2026-08-28T04:11:38.937248+00:00,AVAILABLE,9995,-2384,156
fp1sig-46b2c413b2b572eae6a01078,8X9paKipu8zADXqC7UHXsyaCmErCadiHqy7yXh3Dpump,180,2026-08-28T04:12:38.937248+00:00,AVAILABLE,9995,-2384,166
fp1sig-46b2c413b2b572eae6a01078,8X9paKipu8zADXqC7UHXsyaCmErCadiHqy7yXh3Dpump,300,2026-08-28T04:14:38.937248+00:00,AVAILABLE,9995,-2384,199
fp1sig-4782d87ecb379bb45a0b53c4,3AZKWm4P7nsijbTQ9HbVHmUEf9dWL3QDpePEHpZvpump,5,2026-08-28T11:24:17.396879+00:00,MISSING,,,0
fp1sig-4782d87ecb379bb45a0b53c4,3AZKWm4P7nsijbTQ9HbVHmUEf9dWL3QDpePEHpZvpump,10,2026-08-28T11:24:22.396879+00:00,MISSING,,,0
fp1sig-4782d87ecb379bb45a0b53c4,3AZKWm4P7nsijbTQ9HbVHmUEf9dWL3QDpePEHpZvpump,15,2026-08-28T11:24:27.396879+00:00,MISSING,,,0
fp1sig-4782d87ecb379bb45a0b53c4,3AZKWm4P7nsijbTQ9HbVHmUEf9dWL3QDpePEHpZvpump,20,2026-08-28T11:24:32.396879+00:00,MISSING,,,0
fp1sig-4782d87ecb379bb45a0b53c4,3AZKWm4P7nsijbTQ9HbVHmUEf9dWL3QDpePEHpZvpump,30,2026-08-28T11:24:42.396879+00:00,MISSING,,,0
fp1sig-4782d87ecb379bb45a0b53c4,3AZKWm4P7nsijbTQ9HbVHmUEf9dWL3QDpePEHpZvpump,45,2026-08-28T11:24:57.396879+00:00,MISSING,,,0
fp1sig-4782d87ecb379bb45a0b53c4,3AZKWm4P7nsijbTQ9HbVHmUEf9dWL3QDpePEHpZvpump,60,2026-08-28T11:25:12.396879+00:00,MISSING,,,0
fp1sig-4782d87ecb379bb45a0b53c4,3AZKWm4P7nsijbTQ9HbVHmUEf9dWL3QDpePEHpZvpump,90,2026-08-28T11:25:42.396879+00:00,AVAILABLE,-568,-568,1
fp1sig-4782d87ecb379bb45a0b53c4,3AZKWm4P7nsijbTQ9HbVHmUEf9dWL3QDpePEHpZvpump,120,2026-08-28T11:26:12.396879+00:00,AVAILABLE,-568,-951,2
fp1sig-4782d87ecb379bb45a0b53c4,3AZKWm4P7nsijbTQ9HbVHmUEf9dWL3QDpePEHpZvpump,180,2026-08-28T11:27:12.396879+00:00,AVAILABLE,-568,-951,2
fp1sig-4782d87ecb379bb45a0b53c4,3AZKWm4P7nsijbTQ9HbVHmUEf9dWL3QDpePEHpZvpump,300,2026-08-28T11:29:12.396879+00:00,AVAILABLE,-568,-951,2
fp1sig-47eb2c6c55f3164461821588,8YvpaoxL6xNsyK1kWLzYKiSmGwfe9MBR7XkSbyASpump,5,2026-08-27T16:52:42.990285+00:00,MISSING,,,0
fp1sig-47eb2c6c55f3164461821588,8YvpaoxL6xNsyK1kWLzYKiSmGwfe9MBR7XkSbyASpump,10,2026-08-27T16:52:47.990285+00:00,AVAILABLE,-9,-9,1
fp1sig-47eb2c6c55f3164461821588,8YvpaoxL6xNsyK1kWLzYKiSmGwfe9MBR7XkSbyASpump,15,2026-08-27T16:52:52.990285+00:00,AVAILABLE,-9,-9,1
fp1sig-47eb2c6c55f3164461821588,8YvpaoxL6xNsyK1kWLzYKiSmGwfe9MBR7XkSbyASpump,20,2026-08-27T16:52:57.990285+00:00,AVAILABLE,-9,-9,1
fp1sig-47eb2c6c55f3164461821588,8YvpaoxL6xNsyK1kWLzYKiSmGwfe9MBR7XkSbyASpump,30,2026-08-27T16:53:07.990285+00:00,AVAILABLE,-9,-48,2
fp1sig-47eb2c6c55f3164461821588,8YvpaoxL6xNsyK1kWLzYKiSmGwfe9MBR7XkSbyASpump,45,2026-08-27T16:53:22.990285+00:00,AVAILABLE,-9,-48,2
fp1sig-47eb2c6c55f3164461821588,8YvpaoxL6xNsyK1kWLzYKiSmGwfe9MBR7XkSbyASpump,60,2026-08-27T16:53:37.990285+00:00,AVAILABLE,-9,-48,2
fp1sig-47eb2c6c55f3164461821588,8YvpaoxL6xNsyK1kWLzYKiSmGwfe9MBR7XkSbyASpump,90,2026-08-27T16:54:07.990285+00:00,AVAILABLE,-9,-48,2
fp1sig-47eb2c6c55f3164461821588,8YvpaoxL6xNsyK1kWLzYKiSmGwfe9MBR7XkSbyASpump,120,2026-08-27T16:54:37.990285+00:00,AVAILABLE,-9,-48,2
fp1sig-47eb2c6c55f3164461821588,8YvpaoxL6xNsyK1kWLzYKiSmGwfe9MBR7XkSbyASpump,180,2026-08-27T16:55:37.990285+00:00,AVAILABLE,-9,-48,2
fp1sig-47eb2c6c55f3164461821588,8YvpaoxL6xNsyK1kWLzYKiSmGwfe9MBR7XkSbyASpump,300,2026-08-27T16:57:37.990285+00:00,AVAILABLE,-9,-48,2
fp1sig-488050f0f4edd819b3a96275,2HDEFmVus7aKrZoW5jb5ow34W7Hq33vRqFomT3FVpump,5,2026-08-28T11:46:19.690774+00:00,AVAILABLE,-2183,-3542,3
fp1sig-488050f0f4edd819b3a96275,2HDEFmVus7aKrZoW5jb5ow34W7Hq33vRqFomT3FVpump,10,2026-08-28T11:46:24.690774+00:00,AVAILABLE,-2183,-6627,6
fp1sig-488050f0f4edd819b3a96275,2HDEFmVus7aKrZoW5jb5ow34W7Hq33vRqFomT3FVpump,15,2026-08-28T11:46:29.690774+00:00,AVAILABLE,-2183,-6649,8
fp1sig-488050f0f4edd819b3a96275,2HDEFmVus7aKrZoW5jb5ow34W7Hq33vRqFomT3FVpump,20,2026-08-28T11:46:34.690774+00:00,AVAILABLE,-2183,-7232,11
fp1sig-488050f0f4edd819b3a96275,2HDEFmVus7aKrZoW5jb5ow34W7Hq33vRqFomT3FVpump,30,2026-08-28T11:46:44.690774+00:00,AVAILABLE,-2183,-7509,13
fp1sig-488050f0f4edd819b3a96275,2HDEFmVus7aKrZoW5jb5ow34W7Hq33vRqFomT3FVpump,45,2026-08-28T11:46:59.690774+00:00,AVAILABLE,-2183,-7882,18
fp1sig-488050f0f4edd819b3a96275,2HDEFmVus7aKrZoW5jb5ow34W7Hq33vRqFomT3FVpump,60,2026-08-28T11:47:14.690774+00:00,AVAILABLE,-2183,-9138,24
fp1sig-488050f0f4edd819b3a96275,2HDEFmVus7aKrZoW5jb5ow34W7Hq33vRqFomT3FVpump,90,2026-08-28T11:47:44.690774+00:00,AVAILABLE,-2183,-9313,32
fp1sig-488050f0f4edd819b3a96275,2HDEFmVus7aKrZoW5jb5ow34W7Hq33vRqFomT3FVpump,120,2026-08-28T11:48:14.690774+00:00,AVAILABLE,-2183,-9582,35
fp1sig-488050f0f4edd819b3a96275,2HDEFmVus7aKrZoW5jb5ow34W7Hq33vRqFomT3FVpump,180,2026-08-28T11:49:14.690774+00:00,AVAILABLE,-2183,-9814,46
fp1sig-488050f0f4edd819b3a96275,2HDEFmVus7aKrZoW5jb5ow34W7Hq33vRqFomT3FVpump,300,2026-08-28T11:51:14.690774+00:00,AVAILABLE,-2183,-9963,94
fp1sig-48b2379629cf781fc2a8a61e,DuAXXUCMA8m7rZr2y6H8yFPPAZE3WZBmTGGndG4Bpump,5,2026-08-28T01:23:05.734639+00:00,AVAILABLE,-1610,-2010,4
fp1sig-48b2379629cf781fc2a8a61e,DuAXXUCMA8m7rZr2y6H8yFPPAZE3WZBmTGGndG4Bpump,10,2026-08-28T01:23:10.734639+00:00,AVAILABLE,-1610,-2010,5
fp1sig-48b2379629cf781fc2a8a61e,DuAXXUCMA8m7rZr2y6H8yFPPAZE3WZBmTGGndG4Bpump,15,2026-08-28T01:23:15.734639+00:00,AVAILABLE,-1069,-2010,7
fp1sig-48b2379629cf781fc2a8a61e,DuAXXUCMA8m7rZr2y6H8yFPPAZE3WZBmTGGndG4Bpump,20,2026-08-28T01:23:20.734639+00:00,AVAILABLE,-1069,-2010,7
fp1sig-48b2379629cf781fc2a8a61e,DuAXXUCMA8m7rZr2y6H8yFPPAZE3WZBmTGGndG4Bpump,30,2026-08-28T01:23:30.734639+00:00,AVAILABLE,-1069,-2010,11
fp1sig-48b2379629cf781fc2a8a61e,DuAXXUCMA8m7rZr2y6H8yFPPAZE3WZBmTGGndG4Bpump,45,2026-08-28T01:23:45.734639+00:00,AVAILABLE,-746,-2010,21
fp1sig-48b2379629cf781fc2a8a61e,DuAXXUCMA8m7rZr2y6H8yFPPAZE3WZBmTGGndG4Bpump,60,2026-08-28T01:24:00.734639+00:00,AVAILABLE,165,-2010,34
fp1sig-48b2379629cf781fc2a8a61e,DuAXXUCMA8m7rZr2y6H8yFPPAZE3WZBmTGGndG4Bpump,90,2026-08-28T01:24:30.734639+00:00,AVAILABLE,1555,-2010,45
fp1sig-48b2379629cf781fc2a8a61e,DuAXXUCMA8m7rZr2y6H8yFPPAZE3WZBmTGGndG4Bpump,120,2026-08-28T01:25:00.734639+00:00,AVAILABLE,3226,-2010,67
fp1sig-48b2379629cf781fc2a8a61e,DuAXXUCMA8m7rZr2y6H8yFPPAZE3WZBmTGGndG4Bpump,180,2026-08-28T01:26:00.734639+00:00,AVAILABLE,3226,-2010,95
fp1sig-48b2379629cf781fc2a8a61e,DuAXXUCMA8m7rZr2y6H8yFPPAZE3WZBmTGGndG4Bpump,300,2026-08-28T01:28:00.734639+00:00,AVAILABLE,3226,-2010,95
fp1sig-48d40e81be9a21ef56d3d7b7,BCZZqkTabyq2YqFG7D9t4Xs4a4dRSJWKKX6TmmrFpump,5,2026-08-27T18:26:16.739477+00:00,MISSING,,,0
fp1sig-48d40e81be9a21ef56d3d7b7,BCZZqkTabyq2YqFG7D9t4Xs4a4dRSJWKKX6TmmrFpump,10,2026-08-27T18:26:21.739477+00:00,MISSING,,,0
fp1sig-48d40e81be9a21ef56d3d7b7,BCZZqkTabyq2YqFG7D9t4Xs4a4dRSJWKKX6TmmrFpump,15,2026-08-27T18:26:26.739477+00:00,MISSING,,,0
fp1sig-48d40e81be9a21ef56d3d7b7,BCZZqkTabyq2YqFG7D9t4Xs4a4dRSJWKKX6TmmrFpump,20,2026-08-27T18:26:31.739477+00:00,MISSING,,,0
fp1sig-48d40e81be9a21ef56d3d7b7,BCZZqkTabyq2YqFG7D9t4Xs4a4dRSJWKKX6TmmrFpump,30,2026-08-27T18:26:41.739477+00:00,AVAILABLE,-29,-29,1
fp1sig-48d40e81be9a21ef56d3d7b7,BCZZqkTabyq2YqFG7D9t4Xs4a4dRSJWKKX6TmmrFpump,45,2026-08-27T18:26:56.739477+00:00,AVAILABLE,-29,-6629,10
fp1sig-48d40e81be9a21ef56d3d7b7,BCZZqkTabyq2YqFG7D9t4Xs4a4dRSJWKKX6TmmrFpump,60,2026-08-27T18:27:11.739477+00:00,AVAILABLE,-29,-6629,14
fp1sig-48d40e81be9a21ef56d3d7b7,BCZZqkTabyq2YqFG7D9t4Xs4a4dRSJWKKX6TmmrFpump,90,2026-08-27T18:27:41.739477+00:00,AVAILABLE,-29,-6629,15
fp1sig-48d40e81be9a21ef56d3d7b7,BCZZqkTabyq2YqFG7D9t4Xs4a4dRSJWKKX6TmmrFpump,120,2026-08-27T18:28:11.739477+00:00,AVAILABLE,-29,-6629,15
fp1sig-48d40e81be9a21ef56d3d7b7,BCZZqkTabyq2YqFG7D9t4Xs4a4dRSJWKKX6TmmrFpump,180,2026-08-27T18:29:11.739477+00:00,AVAILABLE,-29,-6629,16
fp1sig-48d40e81be9a21ef56d3d7b7,BCZZqkTabyq2YqFG7D9t4Xs4a4dRSJWKKX6TmmrFpump,300,2026-08-27T18:31:11.739477+00:00,AVAILABLE,-29,-6629,16
fp1sig-48f11559b99a3e28c1e646e8,4eZhAhMVnxNxxfQSP2NuLZ6TneWzdq7f9t6xTrDkpump,5,2026-08-27T19:29:07.510304+00:00,AVAILABLE,5381,1582,11
fp1sig-48f11559b99a3e28c1e646e8,4eZhAhMVnxNxxfQSP2NuLZ6TneWzdq7f9t6xTrDkpump,10,2026-08-27T19:29:12.510304+00:00,AVAILABLE,6349,584,23
fp1sig-48f11559b99a3e28c1e646e8,4eZhAhMVnxNxxfQSP2NuLZ6TneWzdq7f9t6xTrDkpump,15,2026-08-27T19:29:17.510304+00:00,AVAILABLE,11152,584,48
fp1sig-48f11559b99a3e28c1e646e8,4eZhAhMVnxNxxfQSP2NuLZ6TneWzdq7f9t6xTrDkpump,20,2026-08-27T19:29:22.510304+00:00,AVAILABLE,17352,584,65
fp1sig-48f11559b99a3e28c1e646e8,4eZhAhMVnxNxxfQSP2NuLZ6TneWzdq7f9t6xTrDkpump,30,2026-08-27T19:29:32.510304+00:00,AVAILABLE,17352,584,65
fp1sig-48f11559b99a3e28c1e646e8,4eZhAhMVnxNxxfQSP2NuLZ6TneWzdq7f9t6xTrDkpump,45,2026-08-27T19:29:47.510304+00:00,AVAILABLE,17352,584,65
fp1sig-48f11559b99a3e28c1e646e8,4eZhAhMVnxNxxfQSP2NuLZ6TneWzdq7f9t6xTrDkpump,60,2026-08-27T19:30:02.510304+00:00,AVAILABLE,17352,584,65
fp1sig-48f11559b99a3e28c1e646e8,4eZhAhMVnxNxxfQSP2NuLZ6TneWzdq7f9t6xTrDkpump,90,2026-08-27T19:30:32.510304+00:00,AVAILABLE,17352,584,65
fp1sig-48f11559b99a3e28c1e646e8,4eZhAhMVnxNxxfQSP2NuLZ6TneWzdq7f9t6xTrDkpump,120,2026-08-27T19:31:02.510304+00:00,AVAILABLE,17352,584,65
fp1sig-48f11559b99a3e28c1e646e8,4eZhAhMVnxNxxfQSP2NuLZ6TneWzdq7f9t6xTrDkpump,180,2026-08-27T19:32:02.510304+00:00,AVAILABLE,17352,584,65
fp1sig-48f11559b99a3e28c1e646e8,4eZhAhMVnxNxxfQSP2NuLZ6TneWzdq7f9t6xTrDkpump,300,2026-08-27T19:34:02.510304+00:00,AVAILABLE,17352,584,65
fp1sig-491847690df28ca7ce90b18c,7gFCSenSwhjzBvXTGD2j5oohM9WZsQdbTNXUY4wqRyH9,5,2026-08-27T20:28:44.237756+00:00,AVAILABLE,248,200,2
fp1sig-491847690df28ca7ce90b18c,7gFCSenSwhjzBvXTGD2j5oohM9WZsQdbTNXUY4wqRyH9,10,2026-08-27T20:28:49.237756+00:00,AVAILABLE,248,-73,5
fp1sig-491847690df28ca7ce90b18c,7gFCSenSwhjzBvXTGD2j5oohM9WZsQdbTNXUY4wqRyH9,15,2026-08-27T20:28:54.237756+00:00,AVAILABLE,248,-73,5
fp1sig-491847690df28ca7ce90b18c,7gFCSenSwhjzBvXTGD2j5oohM9WZsQdbTNXUY4wqRyH9,20,2026-08-27T20:28:59.237756+00:00,AVAILABLE,248,-73,5
fp1sig-491847690df28ca7ce90b18c,7gFCSenSwhjzBvXTGD2j5oohM9WZsQdbTNXUY4wqRyH9,30,2026-08-27T20:29:09.237756+00:00,AVAILABLE,3707,-73,12
fp1sig-491847690df28ca7ce90b18c,7gFCSenSwhjzBvXTGD2j5oohM9WZsQdbTNXUY4wqRyH9,45,2026-08-27T20:29:24.237756+00:00,AVAILABLE,3823,-73,14
fp1sig-491847690df28ca7ce90b18c,7gFCSenSwhjzBvXTGD2j5oohM9WZsQdbTNXUY4wqRyH9,60,2026-08-27T20:29:39.237756+00:00,AVAILABLE,3823,-73,18
fp1sig-491847690df28ca7ce90b18c,7gFCSenSwhjzBvXTGD2j5oohM9WZsQdbTNXUY4wqRyH9,90,2026-08-27T20:30:09.237756+00:00,AVAILABLE,3823,-718,25
fp1sig-491847690df28ca7ce90b18c,7gFCSenSwhjzBvXTGD2j5oohM9WZsQdbTNXUY4wqRyH9,120,2026-08-27T20:30:39.237756+00:00,AVAILABLE,3881,-1093,47
fp1sig-491847690df28ca7ce90b18c,7gFCSenSwhjzBvXTGD2j5oohM9WZsQdbTNXUY4wqRyH9,180,2026-08-27T20:31:39.237756+00:00,AVAILABLE,3881,-1093,63
fp1sig-491847690df28ca7ce90b18c,7gFCSenSwhjzBvXTGD2j5oohM9WZsQdbTNXUY4wqRyH9,300,2026-08-27T20:33:39.237756+00:00,AVAILABLE,3881,-1093,71
fp1sig-4950d74f2a458168f8011bf8,7XacgXyg9zUcCAT6bGTPe5LZxfwVqx9mjusZXk2Tpump,5,2026-08-28T10:57:06.439647+00:00,AVAILABLE,-564,-2874,15
fp1sig-4950d74f2a458168f8011bf8,7XacgXyg9zUcCAT6bGTPe5LZxfwVqx9mjusZXk2Tpump,10,2026-08-28T10:57:11.439647+00:00,AVAILABLE,-564,-2874,16
fp1sig-4950d74f2a458168f8011bf8,7XacgXyg9zUcCAT6bGTPe5LZxfwVqx9mjusZXk2Tpump,15,2026-08-28T10:57:16.439647+00:00,AVAILABLE,-564,-2899,18
fp1sig-4950d74f2a458168f8011bf8,7XacgXyg9zUcCAT6bGTPe5LZxfwVqx9mjusZXk2Tpump,20,2026-08-28T10:57:21.439647+00:00,AVAILABLE,-564,-2899,18
fp1sig-4950d74f2a458168f8011bf8,7XacgXyg9zUcCAT6bGTPe5LZxfwVqx9mjusZXk2Tpump,30,2026-08-28T10:57:31.439647+00:00,AVAILABLE,-564,-2899,18
fp1sig-4950d74f2a458168f8011bf8,7XacgXyg9zUcCAT6bGTPe5LZxfwVqx9mjusZXk2Tpump,45,2026-08-28T10:57:46.439647+00:00,AVAILABLE,-564,-2899,18
fp1sig-4950d74f2a458168f8011bf8,7XacgXyg9zUcCAT6bGTPe5LZxfwVqx9mjusZXk2Tpump,60,2026-08-28T10:58:01.439647+00:00,AVAILABLE,-564,-3184,21
fp1sig-4950d74f2a458168f8011bf8,7XacgXyg9zUcCAT6bGTPe5LZxfwVqx9mjusZXk2Tpump,90,2026-08-28T10:58:31.439647+00:00,AVAILABLE,-564,-3211,23
fp1sig-4950d74f2a458168f8011bf8,7XacgXyg9zUcCAT6bGTPe5LZxfwVqx9mjusZXk2Tpump,120,2026-08-28T10:59:01.439647+00:00,AVAILABLE,-564,-3211,23
fp1sig-4950d74f2a458168f8011bf8,7XacgXyg9zUcCAT6bGTPe5LZxfwVqx9mjusZXk2Tpump,180,2026-08-28T11:00:01.439647+00:00,AVAILABLE,-564,-3211,25
fp1sig-4950d74f2a458168f8011bf8,7XacgXyg9zUcCAT6bGTPe5LZxfwVqx9mjusZXk2Tpump,300,2026-08-28T11:02:01.439647+00:00,AVAILABLE,-564,-3211,27
fp1sig-495f2a48cd55916eb006bac9,5wk7yGJfXyWnxkM77DsExpEU6ZD8DQZpXC38swDfpump,5,2026-08-28T02:27:11.193389+00:00,AVAILABLE,1894,1831,2
fp1sig-495f2a48cd55916eb006bac9,5wk7yGJfXyWnxkM77DsExpEU6ZD8DQZpXC38swDfpump,10,2026-08-28T02:27:16.193389+00:00,AVAILABLE,2013,1831,4
fp1sig-495f2a48cd55916eb006bac9,5wk7yGJfXyWnxkM77DsExpEU6ZD8DQZpXC38swDfpump,15,2026-08-28T02:27:21.193389+00:00,AVAILABLE,2013,869,9
fp1sig-495f2a48cd55916eb006bac9,5wk7yGJfXyWnxkM77DsExpEU6ZD8DQZpXC38swDfpump,20,2026-08-28T02:27:26.193389+00:00,AVAILABLE,2013,869,9
fp1sig-495f2a48cd55916eb006bac9,5wk7yGJfXyWnxkM77DsExpEU6ZD8DQZpXC38swDfpump,30,2026-08-28T02:27:36.193389+00:00,AVAILABLE,2013,-3153,18
fp1sig-495f2a48cd55916eb006bac9,5wk7yGJfXyWnxkM77DsExpEU6ZD8DQZpXC38swDfpump,45,2026-08-28T02:27:51.193389+00:00,AVAILABLE,2013,-3153,21
fp1sig-495f2a48cd55916eb006bac9,5wk7yGJfXyWnxkM77DsExpEU6ZD8DQZpXC38swDfpump,60,2026-08-28T02:28:06.193389+00:00,AVAILABLE,2013,-3153,27
fp1sig-495f2a48cd55916eb006bac9,5wk7yGJfXyWnxkM77DsExpEU6ZD8DQZpXC38swDfpump,90,2026-08-28T02:28:36.193389+00:00,AVAILABLE,2013,-3153,29
fp1sig-495f2a48cd55916eb006bac9,5wk7yGJfXyWnxkM77DsExpEU6ZD8DQZpXC38swDfpump,120,2026-08-28T02:29:06.193389+00:00,AVAILABLE,2013,-4309,33
fp1sig-495f2a48cd55916eb006bac9,5wk7yGJfXyWnxkM77DsExpEU6ZD8DQZpXC38swDfpump,180,2026-08-28T02:30:06.193389+00:00,AVAILABLE,2013,-4659,38
fp1sig-495f2a48cd55916eb006bac9,5wk7yGJfXyWnxkM77DsExpEU6ZD8DQZpXC38swDfpump,300,2026-08-28T02:32:06.193389+00:00,AVAILABLE,2013,-4659,75
fp1sig-4964521dc819d1f405a44472,5A3ypR3VkhDWrcCLi1xtn6k9Q8gfrQLwoU6mNAqApump,5,2026-08-28T05:00:25.520130+00:00,AVAILABLE,-221,-667,3
fp1sig-4964521dc819d1f405a44472,5A3ypR3VkhDWrcCLi1xtn6k9Q8gfrQLwoU6mNAqApump,10,2026-08-28T05:00:30.520130+00:00,AVAILABLE,-221,-667,3
fp1sig-4964521dc819d1f405a44472,5A3ypR3VkhDWrcCLi1xtn6k9Q8gfrQLwoU6mNAqApump,15,2026-08-28T05:00:35.520130+00:00,AVAILABLE,-221,-1144,8
fp1sig-4964521dc819d1f405a44472,5A3ypR3VkhDWrcCLi1xtn6k9Q8gfrQLwoU6mNAqApump,20,2026-08-28T05:00:40.520130+00:00,AVAILABLE,-221,-1144,13
fp1sig-4964521dc819d1f405a44472,5A3ypR3VkhDWrcCLi1xtn6k9Q8gfrQLwoU6mNAqApump,30,2026-08-28T05:00:50.520130+00:00,AVAILABLE,-86,-1144,16
fp1sig-4964521dc819d1f405a44472,5A3ypR3VkhDWrcCLi1xtn6k9Q8gfrQLwoU6mNAqApump,45,2026-08-28T05:01:05.520130+00:00,AVAILABLE,421,-1144,20
fp1sig-4964521dc819d1f405a44472,5A3ypR3VkhDWrcCLi1xtn6k9Q8gfrQLwoU6mNAqApump,60,2026-08-28T05:01:20.520130+00:00,AVAILABLE,1318,-1144,35
fp1sig-4964521dc819d1f405a44472,5A3ypR3VkhDWrcCLi1xtn6k9Q8gfrQLwoU6mNAqApump,90,2026-08-28T05:01:50.520130+00:00,AVAILABLE,1318,-1413,65
fp1sig-4964521dc819d1f405a44472,5A3ypR3VkhDWrcCLi1xtn6k9Q8gfrQLwoU6mNAqApump,120,2026-08-28T05:02:20.520130+00:00,AVAILABLE,1318,-1413,78
fp1sig-4964521dc819d1f405a44472,5A3ypR3VkhDWrcCLi1xtn6k9Q8gfrQLwoU6mNAqApump,180,2026-08-28T05:03:20.520130+00:00,AVAILABLE,1318,-1413,94
fp1sig-4964521dc819d1f405a44472,5A3ypR3VkhDWrcCLi1xtn6k9Q8gfrQLwoU6mNAqApump,300,2026-08-28T05:05:20.520130+00:00,AVAILABLE,1318,-1781,113
fp1sig-4a1e5120b3c7d0adb35a2b84,52MSuT8VjEWqjmNsygcbDSxJEx5moEFiXxceXTEdpump,5,2026-08-27T20:47:23.626634+00:00,AVAILABLE,79,27,4
fp1sig-4a1e5120b3c7d0adb35a2b84,52MSuT8VjEWqjmNsygcbDSxJEx5moEFiXxceXTEdpump,10,2026-08-27T20:47:28.626634+00:00,AVAILABLE,93,10,7
fp1sig-4a1e5120b3c7d0adb35a2b84,52MSuT8VjEWqjmNsygcbDSxJEx5moEFiXxceXTEdpump,15,2026-08-27T20:47:33.626634+00:00,AVAILABLE,116,10,12
fp1sig-4a1e5120b3c7d0adb35a2b84,52MSuT8VjEWqjmNsygcbDSxJEx5moEFiXxceXTEdpump,20,2026-08-27T20:47:38.626634+00:00,AVAILABLE,116,-265,16
fp1sig-4a1e5120b3c7d0adb35a2b84,52MSuT8VjEWqjmNsygcbDSxJEx5moEFiXxceXTEdpump,30,2026-08-27T20:47:48.626634+00:00,AVAILABLE,116,-265,22
fp1sig-4a1e5120b3c7d0adb35a2b84,52MSuT8VjEWqjmNsygcbDSxJEx5moEFiXxceXTEdpump,45,2026-08-27T20:48:03.626634+00:00,AVAILABLE,116,-319,31
fp1sig-4a1e5120b3c7d0adb35a2b84,52MSuT8VjEWqjmNsygcbDSxJEx5moEFiXxceXTEdpump,60,2026-08-27T20:48:18.626634+00:00,AVAILABLE,116,-319,42
fp1sig-4a1e5120b3c7d0adb35a2b84,52MSuT8VjEWqjmNsygcbDSxJEx5moEFiXxceXTEdpump,90,2026-08-27T20:48:48.626634+00:00,AVAILABLE,116,-1188,58
fp1sig-4a1e5120b3c7d0adb35a2b84,52MSuT8VjEWqjmNsygcbDSxJEx5moEFiXxceXTEdpump,120,2026-08-27T20:49:18.626634+00:00,AVAILABLE,116,-1188,76
fp1sig-4a1e5120b3c7d0adb35a2b84,52MSuT8VjEWqjmNsygcbDSxJEx5moEFiXxceXTEdpump,180,2026-08-27T20:50:18.626634+00:00,AVAILABLE,1099,-1188,116
fp1sig-4a1e5120b3c7d0adb35a2b84,52MSuT8VjEWqjmNsygcbDSxJEx5moEFiXxceXTEdpump,300,2026-08-27T20:52:18.626634+00:00,AVAILABLE,2819,-1188,201
fp1sig-4a5aa1e0ee93b3a0b1399170,8pmkTnNTtyiLCgsurXUGBQ8yeDRZ8XWPSV9Z9a4ppump,5,2026-08-28T02:14:11.884333+00:00,AVAILABLE,337,337,1
fp1sig-4a5aa1e0ee93b3a0b1399170,8pmkTnNTtyiLCgsurXUGBQ8yeDRZ8XWPSV9Z9a4ppump,10,2026-08-28T02:14:16.884333+00:00,AVAILABLE,337,-1214,3
fp1sig-4a5aa1e0ee93b3a0b1399170,8pmkTnNTtyiLCgsurXUGBQ8yeDRZ8XWPSV9Z9a4ppump,15,2026-08-28T02:14:21.884333+00:00,AVAILABLE,337,-1214,3
fp1sig-4a5aa1e0ee93b3a0b1399170,8pmkTnNTtyiLCgsurXUGBQ8yeDRZ8XWPSV9Z9a4ppump,20,2026-08-28T02:14:26.884333+00:00,AVAILABLE,337,-1214,3
fp1sig-4a5aa1e0ee93b3a0b1399170,8pmkTnNTtyiLCgsurXUGBQ8yeDRZ8XWPSV9Z9a4ppump,30,2026-08-28T02:14:36.884333+00:00,AVAILABLE,337,-1214,3
fp1sig-4a5aa1e0ee93b3a0b1399170,8pmkTnNTtyiLCgsurXUGBQ8yeDRZ8XWPSV9Z9a4ppump,45,2026-08-28T02:14:51.884333+00:00,AVAILABLE,337,-1214,3
fp1sig-4a5aa1e0ee93b3a0b1399170,8pmkTnNTtyiLCgsurXUGBQ8yeDRZ8XWPSV9Z9a4ppump,60,2026-08-28T02:15:06.884333+00:00,AVAILABLE,337,-1214,5
fp1sig-4a5aa1e0ee93b3a0b1399170,8pmkTnNTtyiLCgsurXUGBQ8yeDRZ8XWPSV9Z9a4ppump,90,2026-08-28T02:15:36.884333+00:00,AVAILABLE,337,-1214,5
fp1sig-4a5aa1e0ee93b3a0b1399170,8pmkTnNTtyiLCgsurXUGBQ8yeDRZ8XWPSV9Z9a4ppump,120,2026-08-28T02:16:06.884333+00:00,AVAILABLE,337,-1214,5
fp1sig-4a5aa1e0ee93b3a0b1399170,8pmkTnNTtyiLCgsurXUGBQ8yeDRZ8XWPSV9Z9a4ppump,180,2026-08-28T02:17:06.884333+00:00,AVAILABLE,337,-1214,5
fp1sig-4a5aa1e0ee93b3a0b1399170,8pmkTnNTtyiLCgsurXUGBQ8yeDRZ8XWPSV9Z9a4ppump,300,2026-08-28T02:19:06.884333+00:00,AVAILABLE,337,-1214,5
fp1sig-4a6e6fa63d1b7e7c80390948,8TbTkjTwPAD48ct9jovD3TTRvGE85YJMoDVYQgqjpump,5,2026-08-28T03:43:42.379575+00:00,AVAILABLE,51,-2449,2
fp1sig-4a6e6fa63d1b7e7c80390948,8TbTkjTwPAD48ct9jovD3TTRvGE85YJMoDVYQgqjpump,10,2026-08-28T03:43:47.379575+00:00,AVAILABLE,51,-4495,3
fp1sig-4a6e6fa63d1b7e7c80390948,8TbTkjTwPAD48ct9jovD3TTRvGE85YJMoDVYQgqjpump,15,2026-08-28T03:43:52.379575+00:00,AVAILABLE,51,-5424,4
fp1sig-4a6e6fa63d1b7e7c80390948,8TbTkjTwPAD48ct9jovD3TTRvGE85YJMoDVYQgqjpump,20,2026-08-28T03:43:57.379575+00:00,AVAILABLE,51,-6097,5
fp1sig-4a6e6fa63d1b7e7c80390948,8TbTkjTwPAD48ct9jovD3TTRvGE85YJMoDVYQgqjpump,30,2026-08-28T03:44:07.379575+00:00,AVAILABLE,51,-6535,7
fp1sig-4a6e6fa63d1b7e7c80390948,8TbTkjTwPAD48ct9jovD3TTRvGE85YJMoDVYQgqjpump,45,2026-08-28T03:44:22.379575+00:00,AVAILABLE,51,-8114,8
fp1sig-4a6e6fa63d1b7e7c80390948,8TbTkjTwPAD48ct9jovD3TTRvGE85YJMoDVYQgqjpump,60,2026-08-28T03:44:37.379575+00:00,AVAILABLE,51,-8552,10
fp1sig-4a6e6fa63d1b7e7c80390948,8TbTkjTwPAD48ct9jovD3TTRvGE85YJMoDVYQgqjpump,90,2026-08-28T03:45:07.379575+00:00,AVAILABLE,51,-8814,13
fp1sig-4a6e6fa63d1b7e7c80390948,8TbTkjTwPAD48ct9jovD3TTRvGE85YJMoDVYQgqjpump,120,2026-08-28T03:45:37.379575+00:00,AVAILABLE,51,-8814,16
fp1sig-4a6e6fa63d1b7e7c80390948,8TbTkjTwPAD48ct9jovD3TTRvGE85YJMoDVYQgqjpump,180,2026-08-28T03:46:37.379575+00:00,AVAILABLE,51,-8814,19
fp1sig-4a6e6fa63d1b7e7c80390948,8TbTkjTwPAD48ct9jovD3TTRvGE85YJMoDVYQgqjpump,300,2026-08-28T03:48:37.379575+00:00,AVAILABLE,51,-8814,21
fp1sig-4a82ad268ecb2c0ff26a5e60,sXpdpjqdpqK3sivt7Dk4cAqzwKGuhVfvUNTU24epump,5,2026-08-28T03:52:14.141569+00:00,MISSING,,,0
fp1sig-4a82ad268ecb2c0ff26a5e60,sXpdpjqdpqK3sivt7Dk4cAqzwKGuhVfvUNTU24epump,10,2026-08-28T03:52:19.141569+00:00,MISSING,,,0
fp1sig-4a82ad268ecb2c0ff26a5e60,sXpdpjqdpqK3sivt7Dk4cAqzwKGuhVfvUNTU24epump,15,2026-08-28T03:52:24.141569+00:00,MISSING,,,0
fp1sig-4a82ad268ecb2c0ff26a5e60,sXpdpjqdpqK3sivt7Dk4cAqzwKGuhVfvUNTU24epump,20,2026-08-28T03:52:29.141569+00:00,MISSING,,,0
fp1sig-4a82ad268ecb2c0ff26a5e60,sXpdpjqdpqK3sivt7Dk4cAqzwKGuhVfvUNTU24epump,30,2026-08-28T03:52:39.141569+00:00,MISSING,,,0
fp1sig-4a82ad268ecb2c0ff26a5e60,sXpdpjqdpqK3sivt7Dk4cAqzwKGuhVfvUNTU24epump,45,2026-08-28T03:52:54.141569+00:00,AVAILABLE,-365,-365,1
fp1sig-4a82ad268ecb2c0ff26a5e60,sXpdpjqdpqK3sivt7Dk4cAqzwKGuhVfvUNTU24epump,60,2026-08-28T03:53:09.141569+00:00,AVAILABLE,-365,-365,1
fp1sig-4a82ad268ecb2c0ff26a5e60,sXpdpjqdpqK3sivt7Dk4cAqzwKGuhVfvUNTU24epump,90,2026-08-28T03:53:39.141569+00:00,AVAILABLE,-365,-455,2
fp1sig-4a82ad268ecb2c0ff26a5e60,sXpdpjqdpqK3sivt7Dk4cAqzwKGuhVfvUNTU24epump,120,2026-08-28T03:54:09.141569+00:00,AVAILABLE,-365,-456,3
fp1sig-4a82ad268ecb2c0ff26a5e60,sXpdpjqdpqK3sivt7Dk4cAqzwKGuhVfvUNTU24epump,180,2026-08-28T03:55:09.141569+00:00,AVAILABLE,-365,-460,4
fp1sig-4a82ad268ecb2c0ff26a5e60,sXpdpjqdpqK3sivt7Dk4cAqzwKGuhVfvUNTU24epump,300,2026-08-28T03:57:09.141569+00:00,AVAILABLE,-365,-460,4
fp1sig-4ab403fea399e28e54b2fd02,5B7wxEcA6fSLJRjPS15r45jb8U1Rca8XYuibTtefpump,5,2026-08-28T04:07:43.957396+00:00,AVAILABLE,-2477,-4143,3
fp1sig-4ab403fea399e28e54b2fd02,5B7wxEcA6fSLJRjPS15r45jb8U1Rca8XYuibTtefpump,10,2026-08-28T04:07:48.957396+00:00,AVAILABLE,-2477,-4143,3
fp1sig-4ab403fea399e28e54b2fd02,5B7wxEcA6fSLJRjPS15r45jb8U1Rca8XYuibTtefpump,15,2026-08-28T04:07:53.957396+00:00,AVAILABLE,-2477,-5318,5
fp1sig-4ab403fea399e28e54b2fd02,5B7wxEcA6fSLJRjPS15r45jb8U1Rca8XYuibTtefpump,20,2026-08-28T04:07:58.957396+00:00,AVAILABLE,-2477,-5612,6
fp1sig-4ab403fea399e28e54b2fd02,5B7wxEcA6fSLJRjPS15r45jb8U1Rca8XYuibTtefpump,30,2026-08-28T04:08:08.957396+00:00,AVAILABLE,-1204,-5612,10
fp1sig-4ab403fea399e28e54b2fd02,5B7wxEcA6fSLJRjPS15r45jb8U1Rca8XYuibTtefpump,45,2026-08-28T04:08:23.957396+00:00,AVAILABLE,-561,-5612,12
fp1sig-4ab403fea399e28e54b2fd02,5B7wxEcA6fSLJRjPS15r45jb8U1Rca8XYuibTtefpump,60,2026-08-28T04:08:38.957396+00:00,AVAILABLE,913,-5612,17
fp1sig-4ab403fea399e28e54b2fd02,5B7wxEcA6fSLJRjPS15r45jb8U1Rca8XYuibTtefpump,90,2026-08-28T04:09:08.957396+00:00,AVAILABLE,913,-5612,28
fp1sig-4ab403fea399e28e54b2fd02,5B7wxEcA6fSLJRjPS15r45jb8U1Rca8XYuibTtefpump,120,2026-08-28T04:09:38.957396+00:00,AVAILABLE,913,-8575,41
fp1sig-4ab403fea399e28e54b2fd02,5B7wxEcA6fSLJRjPS15r45jb8U1Rca8XYuibTtefpump,180,2026-08-28T04:10:38.957396+00:00,AVAILABLE,913,-8581,42
fp1sig-4ab403fea399e28e54b2fd02,5B7wxEcA6fSLJRjPS15r45jb8U1Rca8XYuibTtefpump,300,2026-08-28T04:12:38.957396+00:00,AVAILABLE,913,-8581,42
fp1sig-4b1875a3cdc2a8c7beb2f900,2R7ojs9kuPf8AehTqpz6Wk2LQuYbTBNr9xAZYuagpump,5,2026-08-28T04:19:10.888233+00:00,AVAILABLE,489,489,1
fp1sig-4b1875a3cdc2a8c7beb2f900,2R7ojs9kuPf8AehTqpz6Wk2LQuYbTBNr9xAZYuagpump,10,2026-08-28T04:19:15.888233+00:00,AVAILABLE,489,-204,3
fp1sig-4b1875a3cdc2a8c7beb2f900,2R7ojs9kuPf8AehTqpz6Wk2LQuYbTBNr9xAZYuagpump,15,2026-08-28T04:19:20.888233+00:00,AVAILABLE,819,-204,7
fp1sig-4b1875a3cdc2a8c7beb2f900,2R7ojs9kuPf8AehTqpz6Wk2LQuYbTBNr9xAZYuagpump,20,2026-08-28T04:19:25.888233+00:00,AVAILABLE,1946,-204,15
fp1sig-4b1875a3cdc2a8c7beb2f900,2R7ojs9kuPf8AehTqpz6Wk2LQuYbTBNr9xAZYuagpump,30,2026-08-28T04:19:35.888233+00:00,AVAILABLE,2247,-204,23
fp1sig-4b1875a3cdc2a8c7beb2f900,2R7ojs9kuPf8AehTqpz6Wk2LQuYbTBNr9xAZYuagpump,45,2026-08-28T04:19:50.888233+00:00,AVAILABLE,6719,-204,33
fp1sig-4b1875a3cdc2a8c7beb2f900,2R7ojs9kuPf8AehTqpz6Wk2LQuYbTBNr9xAZYuagpump,60,2026-08-28T04:20:05.888233+00:00,AVAILABLE,7262,-204,39
fp1sig-4b1875a3cdc2a8c7beb2f900,2R7ojs9kuPf8AehTqpz6Wk2LQuYbTBNr9xAZYuagpump,90,2026-08-28T04:20:35.888233+00:00,AVAILABLE,7262,-204,61
fp1sig-4b1875a3cdc2a8c7beb2f900,2R7ojs9kuPf8AehTqpz6Wk2LQuYbTBNr9xAZYuagpump,120,2026-08-28T04:21:05.888233+00:00,AVAILABLE,7262,-204,75
fp1sig-4b1875a3cdc2a8c7beb2f900,2R7ojs9kuPf8AehTqpz6Wk2LQuYbTBNr9xAZYuagpump,180,2026-08-28T04:22:05.888233+00:00,AVAILABLE,7262,-204,90
fp1sig-4b1875a3cdc2a8c7beb2f900,2R7ojs9kuPf8AehTqpz6Wk2LQuYbTBNr9xAZYuagpump,300,2026-08-28T04:24:05.888233+00:00,AVAILABLE,7262,-2604,136
fp1sig-4b50a9f025822af48520e236,CgVpQBProS22drhJ6pYfaMmq1tHnAee14pquehRopump,5,2026-08-28T08:12:26.969874+00:00,MISSING,,,0
fp1sig-4b50a9f025822af48520e236,CgVpQBProS22drhJ6pYfaMmq1tHnAee14pquehRopump,10,2026-08-28T08:12:31.969874+00:00,MISSING,,,0
fp1sig-4b50a9f025822af48520e236,CgVpQBProS22drhJ6pYfaMmq1tHnAee14pquehRopump,15,2026-08-28T08:12:36.969874+00:00,MISSING,,,0
fp1sig-4b50a9f025822af48520e236,CgVpQBProS22drhJ6pYfaMmq1tHnAee14pquehRopump,20,2026-08-28T08:12:41.969874+00:00,AVAILABLE,-6679,-7665,3
fp1sig-4b50a9f025822af48520e236,CgVpQBProS22drhJ6pYfaMmq1tHnAee14pquehRopump,30,2026-08-28T08:12:51.969874+00:00,AVAILABLE,-6679,-7705,5
fp1sig-4b50a9f025822af48520e236,CgVpQBProS22drhJ6pYfaMmq1tHnAee14pquehRopump,45,2026-08-28T08:13:06.969874+00:00,AVAILABLE,-6679,-8134,6
fp1sig-4b50a9f025822af48520e236,CgVpQBProS22drhJ6pYfaMmq1tHnAee14pquehRopump,60,2026-08-28T08:13:21.969874+00:00,AVAILABLE,-6679,-8134,6
fp1sig-4b50a9f025822af48520e236,CgVpQBProS22drhJ6pYfaMmq1tHnAee14pquehRopump,90,2026-08-28T08:13:51.969874+00:00,AVAILABLE,-6679,-8134,6
fp1sig-4b50a9f025822af48520e236,CgVpQBProS22drhJ6pYfaMmq1tHnAee14pquehRopump,120,2026-08-28T08:14:21.969874+00:00,AVAILABLE,-6679,-8134,6
fp1sig-4b50a9f025822af48520e236,CgVpQBProS22drhJ6pYfaMmq1tHnAee14pquehRopump,180,2026-08-28T08:15:21.969874+00:00,AVAILABLE,-6679,-8134,6
fp1sig-4b50a9f025822af48520e236,CgVpQBProS22drhJ6pYfaMmq1tHnAee14pquehRopump,300,2026-08-28T08:17:21.969874+00:00,AVAILABLE,-6679,-8134,6
fp1sig-4bded69e86b443c3f77f08fe,3DBbsCKC7ospE7BBxUs4ZDMoCa6dAHWPcACHE8Y5pump,5,2026-08-28T03:41:20.455779+00:00,AVAILABLE,981,191,2
fp1sig-4bded69e86b443c3f77f08fe,3DBbsCKC7ospE7BBxUs4ZDMoCa6dAHWPcACHE8Y5pump,10,2026-08-28T03:41:25.455779+00:00,AVAILABLE,981,191,3
fp1sig-4bded69e86b443c3f77f08fe,3DBbsCKC7ospE7BBxUs4ZDMoCa6dAHWPcACHE8Y5pump,15,2026-08-28T03:41:30.455779+00:00,AVAILABLE,981,191,4
fp1sig-4bded69e86b443c3f77f08fe,3DBbsCKC7ospE7BBxUs4ZDMoCa6dAHWPcACHE8Y5pump,20,2026-08-28T03:41:35.455779+00:00,AVAILABLE,981,191,5
fp1sig-4bded69e86b443c3f77f08fe,3DBbsCKC7ospE7BBxUs4ZDMoCa6dAHWPcACHE8Y5pump,30,2026-08-28T03:41:45.455779+00:00,AVAILABLE,981,-323,7
fp1sig-4bded69e86b443c3f77f08fe,3DBbsCKC7ospE7BBxUs4ZDMoCa6dAHWPcACHE8Y5pump,45,2026-08-28T03:42:00.455779+00:00,AVAILABLE,981,-324,8
fp1sig-4bded69e86b443c3f77f08fe,3DBbsCKC7ospE7BBxUs4ZDMoCa6dAHWPcACHE8Y5pump,60,2026-08-28T03:42:15.455779+00:00,AVAILABLE,981,-1572,24
fp1sig-4bded69e86b443c3f77f08fe,3DBbsCKC7ospE7BBxUs4ZDMoCa6dAHWPcACHE8Y5pump,90,2026-08-28T03:42:45.455779+00:00,AVAILABLE,981,-3691,59
fp1sig-4bded69e86b443c3f77f08fe,3DBbsCKC7ospE7BBxUs4ZDMoCa6dAHWPcACHE8Y5pump,120,2026-08-28T03:43:15.455779+00:00,AVAILABLE,2499,-3691,101
fp1sig-4bded69e86b443c3f77f08fe,3DBbsCKC7ospE7BBxUs4ZDMoCa6dAHWPcACHE8Y5pump,180,2026-08-28T03:44:15.455779+00:00,AVAILABLE,2499,-3691,160
fp1sig-4bded69e86b443c3f77f08fe,3DBbsCKC7ospE7BBxUs4ZDMoCa6dAHWPcACHE8Y5pump,300,2026-08-28T03:46:15.455779+00:00,AVAILABLE,2499,-3691,231
fp1sig-4c6f86df2d3c03c2bbb5ce77,FJKwAnFCCfxMCbsiyiBjbotMjF6CNrGF1yyJRQ2Kpump,5,2026-08-27T23:04:27.629205+00:00,AVAILABLE,-86,-86,1
fp1sig-4c6f86df2d3c03c2bbb5ce77,FJKwAnFCCfxMCbsiyiBjbotMjF6CNrGF1yyJRQ2Kpump,10,2026-08-27T23:04:32.629205+00:00,AVAILABLE,729,-446,6
fp1sig-4c6f86df2d3c03c2bbb5ce77,FJKwAnFCCfxMCbsiyiBjbotMjF6CNrGF1yyJRQ2Kpump,15,2026-08-27T23:04:37.629205+00:00,AVAILABLE,729,-740,12
fp1sig-4c6f86df2d3c03c2bbb5ce77,FJKwAnFCCfxMCbsiyiBjbotMjF6CNrGF1yyJRQ2Kpump,20,2026-08-27T23:04:42.629205+00:00,AVAILABLE,729,-740,14
fp1sig-4c6f86df2d3c03c2bbb5ce77,FJKwAnFCCfxMCbsiyiBjbotMjF6CNrGF1yyJRQ2Kpump,30,2026-08-27T23:04:52.629205+00:00,AVAILABLE,729,-740,15
fp1sig-4c6f86df2d3c03c2bbb5ce77,FJKwAnFCCfxMCbsiyiBjbotMjF6CNrGF1yyJRQ2Kpump,45,2026-08-27T23:05:07.629205+00:00,AVAILABLE,729,-1549,21
fp1sig-4c6f86df2d3c03c2bbb5ce77,FJKwAnFCCfxMCbsiyiBjbotMjF6CNrGF1yyJRQ2Kpump,60,2026-08-27T23:05:22.629205+00:00,AVAILABLE,3411,-1549,35
fp1sig-4c6f86df2d3c03c2bbb5ce77,FJKwAnFCCfxMCbsiyiBjbotMjF6CNrGF1yyJRQ2Kpump,90,2026-08-27T23:05:52.629205+00:00,AVAILABLE,4815,-1549,51
fp1sig-4c6f86df2d3c03c2bbb5ce77,FJKwAnFCCfxMCbsiyiBjbotMjF6CNrGF1yyJRQ2Kpump,120,2026-08-27T23:06:22.629205+00:00,AVAILABLE,4815,-1549,63
fp1sig-4c6f86df2d3c03c2bbb5ce77,FJKwAnFCCfxMCbsiyiBjbotMjF6CNrGF1yyJRQ2Kpump,180,2026-08-27T23:07:22.629205+00:00,AVAILABLE,5273,-1549,87
fp1sig-4c6f86df2d3c03c2bbb5ce77,FJKwAnFCCfxMCbsiyiBjbotMjF6CNrGF1yyJRQ2Kpump,300,2026-08-27T23:09:22.629205+00:00,AVAILABLE,5273,-1549,114
fp1sig-4d215e8f4c2a71c509d0fa2f,vPhfJxCn11fiLoLbDJ3Rc86o1xzYQuxMZVcBbgQpump,5,2026-08-28T04:44:06.160951+00:00,AVAILABLE,240,151,3
fp1sig-4d215e8f4c2a71c509d0fa2f,vPhfJxCn11fiLoLbDJ3Rc86o1xzYQuxMZVcBbgQpump,10,2026-08-28T04:44:11.160951+00:00,AVAILABLE,240,151,3
fp1sig-4d215e8f4c2a71c509d0fa2f,vPhfJxCn11fiLoLbDJ3Rc86o1xzYQuxMZVcBbgQpump,15,2026-08-28T04:44:16.160951+00:00,AVAILABLE,240,151,3
fp1sig-4d215e8f4c2a71c509d0fa2f,vPhfJxCn11fiLoLbDJ3Rc86o1xzYQuxMZVcBbgQpump,20,2026-08-28T04:44:21.160951+00:00,AVAILABLE,240,151,3
fp1sig-4d215e8f4c2a71c509d0fa2f,vPhfJxCn11fiLoLbDJ3Rc86o1xzYQuxMZVcBbgQpump,30,2026-08-28T04:44:31.160951+00:00,AVAILABLE,240,151,3
fp1sig-4d215e8f4c2a71c509d0fa2f,vPhfJxCn11fiLoLbDJ3Rc86o1xzYQuxMZVcBbgQpump,45,2026-08-28T04:44:46.160951+00:00,AVAILABLE,240,151,3
fp1sig-4d215e8f4c2a71c509d0fa2f,vPhfJxCn11fiLoLbDJ3Rc86o1xzYQuxMZVcBbgQpump,60,2026-08-28T04:45:01.160951+00:00,AVAILABLE,240,151,3
fp1sig-4d215e8f4c2a71c509d0fa2f,vPhfJxCn11fiLoLbDJ3Rc86o1xzYQuxMZVcBbgQpump,90,2026-08-28T04:45:31.160951+00:00,AVAILABLE,2214,151,12
fp1sig-4d215e8f4c2a71c509d0fa2f,vPhfJxCn11fiLoLbDJ3Rc86o1xzYQuxMZVcBbgQpump,120,2026-08-28T04:46:01.160951+00:00,AVAILABLE,2214,151,14
fp1sig-4d215e8f4c2a71c509d0fa2f,vPhfJxCn11fiLoLbDJ3Rc86o1xzYQuxMZVcBbgQpump,180,2026-08-28T04:47:01.160951+00:00,AVAILABLE,2214,151,17
fp1sig-4d215e8f4c2a71c509d0fa2f,vPhfJxCn11fiLoLbDJ3Rc86o1xzYQuxMZVcBbgQpump,300,2026-08-28T04:49:01.160951+00:00,AVAILABLE,2214,151,20
fp1sig-4d2b33c5b173d5ddb22e27f8,Ef3vEnmQQiCEqGcQ3t8c42PD1CsY6FVKo3FnRVmipump,5,2026-08-27T19:25:24.769786+00:00,AVAILABLE,-4521,-4521,1
fp1sig-4d2b33c5b173d5ddb22e27f8,Ef3vEnmQQiCEqGcQ3t8c42PD1CsY6FVKo3FnRVmipump,10,2026-08-27T19:25:29.769786+00:00,AVAILABLE,-4521,-4521,1
fp1sig-4d2b33c5b173d5ddb22e27f8,Ef3vEnmQQiCEqGcQ3t8c42PD1CsY6FVKo3FnRVmipump,15,2026-08-27T19:25:34.769786+00:00,AVAILABLE,-4521,-4521,1
fp1sig-4d2b33c5b173d5ddb22e27f8,Ef3vEnmQQiCEqGcQ3t8c42PD1CsY6FVKo3FnRVmipump,20,2026-08-27T19:25:39.769786+00:00,AVAILABLE,-4521,-4521,1
fp1sig-4d2b33c5b173d5ddb22e27f8,Ef3vEnmQQiCEqGcQ3t8c42PD1CsY6FVKo3FnRVmipump,30,2026-08-27T19:25:49.769786+00:00,AVAILABLE,-4521,-5677,3
fp1sig-4d2b33c5b173d5ddb22e27f8,Ef3vEnmQQiCEqGcQ3t8c42PD1CsY6FVKo3FnRVmipump,45,2026-08-27T19:26:04.769786+00:00,AVAILABLE,-4521,-6943,5
fp1sig-4d2b33c5b173d5ddb22e27f8,Ef3vEnmQQiCEqGcQ3t8c42PD1CsY6FVKo3FnRVmipump,60,2026-08-27T19:26:19.769786+00:00,AVAILABLE,-4521,-7309,6
fp1sig-4d2b33c5b173d5ddb22e27f8,Ef3vEnmQQiCEqGcQ3t8c42PD1CsY6FVKo3FnRVmipump,90,2026-08-27T19:26:49.769786+00:00,AVAILABLE,-4521,-7616,7
fp1sig-4d2b33c5b173d5ddb22e27f8,Ef3vEnmQQiCEqGcQ3t8c42PD1CsY6FVKo3FnRVmipump,120,2026-08-27T19:27:19.769786+00:00,AVAILABLE,-4521,-7784,8
fp1sig-4d2b33c5b173d5ddb22e27f8,Ef3vEnmQQiCEqGcQ3t8c42PD1CsY6FVKo3FnRVmipump,180,2026-08-27T19:28:19.769786+00:00,AVAILABLE,-4521,-8695,12
fp1sig-4d2b33c5b173d5ddb22e27f8,Ef3vEnmQQiCEqGcQ3t8c42PD1CsY6FVKo3FnRVmipump,300,2026-08-27T19:30:19.769786+00:00,AVAILABLE,-4521,-8715,13
fp1sig-4e49923d8fd513a76f2f2a63,25FxjzGgyB5mqg73rsMsyKwcDNPCku8o3YsrP9kYpump,5,2026-08-28T06:44:23.714654+00:00,AVAILABLE,-1682,-3955,5
fp1sig-4e49923d8fd513a76f2f2a63,25FxjzGgyB5mqg73rsMsyKwcDNPCku8o3YsrP9kYpump,10,2026-08-28T06:44:28.714654+00:00,AVAILABLE,138,-3955,11
fp1sig-4e49923d8fd513a76f2f2a63,25FxjzGgyB5mqg73rsMsyKwcDNPCku8o3YsrP9kYpump,15,2026-08-28T06:44:33.714654+00:00,AVAILABLE,304,-3955,17
fp1sig-4e49923d8fd513a76f2f2a63,25FxjzGgyB5mqg73rsMsyKwcDNPCku8o3YsrP9kYpump,20,2026-08-28T06:44:38.714654+00:00,AVAILABLE,304,-3955,20
fp1sig-4e49923d8fd513a76f2f2a63,25FxjzGgyB5mqg73rsMsyKwcDNPCku8o3YsrP9kYpump,30,2026-08-28T06:44:48.714654+00:00,AVAILABLE,304,-6014,28
fp1sig-4e49923d8fd513a76f2f2a63,25FxjzGgyB5mqg73rsMsyKwcDNPCku8o3YsrP9kYpump,45,2026-08-28T06:45:03.714654+00:00,AVAILABLE,304,-6108,35
fp1sig-4e49923d8fd513a76f2f2a63,25FxjzGgyB5mqg73rsMsyKwcDNPCku8o3YsrP9kYpump,60,2026-08-28T06:45:18.714654+00:00,AVAILABLE,304,-8369,55
fp1sig-4e49923d8fd513a76f2f2a63,25FxjzGgyB5mqg73rsMsyKwcDNPCku8o3YsrP9kYpump,90,2026-08-28T06:45:48.714654+00:00,AVAILABLE,304,-9237,73
fp1sig-4e49923d8fd513a76f2f2a63,25FxjzGgyB5mqg73rsMsyKwcDNPCku8o3YsrP9kYpump,120,2026-08-28T06:46:18.714654+00:00,AVAILABLE,304,-9237,84
fp1sig-4e49923d8fd513a76f2f2a63,25FxjzGgyB5mqg73rsMsyKwcDNPCku8o3YsrP9kYpump,180,2026-08-28T06:47:18.714654+00:00,AVAILABLE,304,-9237,123
fp1sig-4e49923d8fd513a76f2f2a63,25FxjzGgyB5mqg73rsMsyKwcDNPCku8o3YsrP9kYpump,300,2026-08-28T06:49:18.714654+00:00,AVAILABLE,2930,-9237,168
fp1sig-4e52cd25a257c6d3228128d6,9TAvqt6kXKSoapeqND9SnaxC2f55VYNgiZkckutxpump,5,2026-08-28T11:19:40.034112+00:00,MISSING,,,0
fp1sig-4e52cd25a257c6d3228128d6,9TAvqt6kXKSoapeqND9SnaxC2f55VYNgiZkckutxpump,10,2026-08-28T11:19:45.034112+00:00,AVAILABLE,-852,-852,1
fp1sig-4e52cd25a257c6d3228128d6,9TAvqt6kXKSoapeqND9SnaxC2f55VYNgiZkckutxpump,15,2026-08-28T11:19:50.034112+00:00,AVAILABLE,-810,-4101,3
fp1sig-4e52cd25a257c6d3228128d6,9TAvqt6kXKSoapeqND9SnaxC2f55VYNgiZkckutxpump,20,2026-08-28T11:19:55.034112+00:00,AVAILABLE,-810,-4101,4
fp1sig-4e52cd25a257c6d3228128d6,9TAvqt6kXKSoapeqND9SnaxC2f55VYNgiZkckutxpump,30,2026-08-28T11:20:05.034112+00:00,AVAILABLE,-810,-4101,5
fp1sig-4e52cd25a257c6d3228128d6,9TAvqt6kXKSoapeqND9SnaxC2f55VYNgiZkckutxpump,45,2026-08-28T11:20:20.034112+00:00,AVAILABLE,30,-4101,7
fp1sig-4e52cd25a257c6d3228128d6,9TAvqt6kXKSoapeqND9SnaxC2f55VYNgiZkckutxpump,60,2026-08-28T11:20:35.034112+00:00,AVAILABLE,30,-4101,8
fp1sig-4e52cd25a257c6d3228128d6,9TAvqt6kXKSoapeqND9SnaxC2f55VYNgiZkckutxpump,90,2026-08-28T11:21:05.034112+00:00,AVAILABLE,30,-4101,8
fp1sig-4e52cd25a257c6d3228128d6,9TAvqt6kXKSoapeqND9SnaxC2f55VYNgiZkckutxpump,120,2026-08-28T11:21:35.034112+00:00,AVAILABLE,30,-5400,10
fp1sig-4e52cd25a257c6d3228128d6,9TAvqt6kXKSoapeqND9SnaxC2f55VYNgiZkckutxpump,180,2026-08-28T11:22:35.034112+00:00,AVAILABLE,30,-6099,13
fp1sig-4e52cd25a257c6d3228128d6,9TAvqt6kXKSoapeqND9SnaxC2f55VYNgiZkckutxpump,300,2026-08-28T11:24:35.034112+00:00,AVAILABLE,30,-7850,14
fp1sig-4e97833910173dcf43d7b4d0,5d3jZaXswkVmbU1VgmRSU55pQugSsNfUrBbkWHtnpump,5,2026-08-27T20:46:06.822890+00:00,MISSING,,,0
fp1sig-4e97833910173dcf43d7b4d0,5d3jZaXswkVmbU1VgmRSU55pQugSsNfUrBbkWHtnpump,10,2026-08-27T20:46:11.822890+00:00,MISSING,,,0
fp1sig-4e97833910173dcf43d7b4d0,5d3jZaXswkVmbU1VgmRSU55pQugSsNfUrBbkWHtnpump,15,2026-08-27T20:46:16.822890+00:00,AVAILABLE,-408,-408,1
fp1sig-4e97833910173dcf43d7b4d0,5d3jZaXswkVmbU1VgmRSU55pQugSsNfUrBbkWHtnpump,20,2026-08-27T20:46:21.822890+00:00,AVAILABLE,-408,-408,1
fp1sig-4e97833910173dcf43d7b4d0,5d3jZaXswkVmbU1VgmRSU55pQugSsNfUrBbkWHtnpump,30,2026-08-27T20:46:31.822890+00:00,AVAILABLE,-408,-408,1
fp1sig-4e97833910173dcf43d7b4d0,5d3jZaXswkVmbU1VgmRSU55pQugSsNfUrBbkWHtnpump,45,2026-08-27T20:46:46.822890+00:00,AVAILABLE,-408,-408,1
fp1sig-4e97833910173dcf43d7b4d0,5d3jZaXswkVmbU1VgmRSU55pQugSsNfUrBbkWHtnpump,60,2026-08-27T20:47:01.822890+00:00,AVAILABLE,-408,-408,1
fp1sig-4e97833910173dcf43d7b4d0,5d3jZaXswkVmbU1VgmRSU55pQugSsNfUrBbkWHtnpump,90,2026-08-27T20:47:31.822890+00:00,AVAILABLE,-408,-691,2
fp1sig-4e97833910173dcf43d7b4d0,5d3jZaXswkVmbU1VgmRSU55pQugSsNfUrBbkWHtnpump,120,2026-08-27T20:48:01.822890+00:00,AVAILABLE,-408,-2065,6
fp1sig-4e97833910173dcf43d7b4d0,5d3jZaXswkVmbU1VgmRSU55pQugSsNfUrBbkWHtnpump,180,2026-08-27T20:49:01.822890+00:00,AVAILABLE,-408,-3885,9
fp1sig-4e97833910173dcf43d7b4d0,5d3jZaXswkVmbU1VgmRSU55pQugSsNfUrBbkWHtnpump,300,2026-08-27T20:51:01.822890+00:00,AVAILABLE,-408,-3885,9
fp1sig-4eeee0457df128b9c2020290,J2mvi7WEBiKqXoGULtfUdZV2iLHjDh2WDL4n5Bphpump,5,2026-08-28T07:38:37.062702+00:00,AVAILABLE,75,-971,6
fp1sig-4eeee0457df128b9c2020290,J2mvi7WEBiKqXoGULtfUdZV2iLHjDh2WDL4n5Bphpump,10,2026-08-28T07:38:42.062702+00:00,AVAILABLE,75,-1010,7
fp1sig-4eeee0457df128b9c2020290,J2mvi7WEBiKqXoGULtfUdZV2iLHjDh2WDL4n5Bphpump,15,2026-08-28T07:38:47.062702+00:00,AVAILABLE,75,-1010,7
fp1sig-4eeee0457df128b9c2020290,J2mvi7WEBiKqXoGULtfUdZV2iLHjDh2WDL4n5Bphpump,20,2026-08-28T07:38:52.062702+00:00,AVAILABLE,75,-1022,8
fp1sig-4eeee0457df128b9c2020290,J2mvi7WEBiKqXoGULtfUdZV2iLHjDh2WDL4n5Bphpump,30,2026-08-28T07:39:02.062702+00:00,AVAILABLE,75,-1022,12
fp1sig-4eeee0457df128b9c2020290,J2mvi7WEBiKqXoGULtfUdZV2iLHjDh2WDL4n5Bphpump,45,2026-08-28T07:39:17.062702+00:00,AVAILABLE,75,-1022,16
fp1sig-4eeee0457df128b9c2020290,J2mvi7WEBiKqXoGULtfUdZV2iLHjDh2WDL4n5Bphpump,60,2026-08-28T07:39:32.062702+00:00,AVAILABLE,75,-1022,18
fp1sig-4eeee0457df128b9c2020290,J2mvi7WEBiKqXoGULtfUdZV2iLHjDh2WDL4n5Bphpump,90,2026-08-28T07:40:02.062702+00:00,AVAILABLE,75,-1022,32
fp1sig-4eeee0457df128b9c2020290,J2mvi7WEBiKqXoGULtfUdZV2iLHjDh2WDL4n5Bphpump,120,2026-08-28T07:40:32.062702+00:00,AVAILABLE,220,-1022,45
fp1sig-4eeee0457df128b9c2020290,J2mvi7WEBiKqXoGULtfUdZV2iLHjDh2WDL4n5Bphpump,180,2026-08-28T07:41:32.062702+00:00,AVAILABLE,220,-3308,59
fp1sig-4eeee0457df128b9c2020290,J2mvi7WEBiKqXoGULtfUdZV2iLHjDh2WDL4n5Bphpump,300,2026-08-28T07:43:32.062702+00:00,AVAILABLE,220,-3308,60
fp1sig-4f15130c9d348bf858e4339a,DH2s5yfFrDsixfxdKUjrc5vjtoJqDQEqg77mHuvapump,5,2026-08-28T04:52:05.867716+00:00,AVAILABLE,-1942,-3391,2
fp1sig-4f15130c9d348bf858e4339a,DH2s5yfFrDsixfxdKUjrc5vjtoJqDQEqg77mHuvapump,10,2026-08-28T04:52:10.867716+00:00,AVAILABLE,-1942,-5312,4
fp1sig-4f15130c9d348bf858e4339a,DH2s5yfFrDsixfxdKUjrc5vjtoJqDQEqg77mHuvapump,15,2026-08-28T04:52:15.867716+00:00,AVAILABLE,-279,-5312,6
fp1sig-4f15130c9d348bf858e4339a,DH2s5yfFrDsixfxdKUjrc5vjtoJqDQEqg77mHuvapump,20,2026-08-28T04:52:20.867716+00:00,AVAILABLE,2431,-5312,7
fp1sig-4f15130c9d348bf858e4339a,DH2s5yfFrDsixfxdKUjrc5vjtoJqDQEqg77mHuvapump,30,2026-08-28T04:52:30.867716+00:00,AVAILABLE,4888,-5312,8
fp1sig-4f15130c9d348bf858e4339a,DH2s5yfFrDsixfxdKUjrc5vjtoJqDQEqg77mHuvapump,45,2026-08-28T04:52:45.867716+00:00,AVAILABLE,4888,-5312,13
fp1sig-4f15130c9d348bf858e4339a,DH2s5yfFrDsixfxdKUjrc5vjtoJqDQEqg77mHuvapump,60,2026-08-28T04:53:00.867716+00:00,AVAILABLE,17166,-5312,20
fp1sig-4f15130c9d348bf858e4339a,DH2s5yfFrDsixfxdKUjrc5vjtoJqDQEqg77mHuvapump,90,2026-08-28T04:53:30.867716+00:00,AVAILABLE,31344,-5312,50
fp1sig-4f15130c9d348bf858e4339a,DH2s5yfFrDsixfxdKUjrc5vjtoJqDQEqg77mHuvapump,120,2026-08-28T04:54:00.867716+00:00,AVAILABLE,31344,-5312,52
fp1sig-4f15130c9d348bf858e4339a,DH2s5yfFrDsixfxdKUjrc5vjtoJqDQEqg77mHuvapump,180,2026-08-28T04:55:00.867716+00:00,AVAILABLE,31344,-5312,54
fp1sig-4f15130c9d348bf858e4339a,DH2s5yfFrDsixfxdKUjrc5vjtoJqDQEqg77mHuvapump,300,2026-08-28T04:57:00.867716+00:00,AVAILABLE,31344,-5312,55
fp1sig-4f5d1e6371201c345f14c320,AnB2bTRwL5DBGCKeaweLT3msrQFepHbweaTViBLfpump,5,2026-08-28T02:21:50.163933+00:00,AVAILABLE,-4296,-4296,1
fp1sig-4f5d1e6371201c345f14c320,AnB2bTRwL5DBGCKeaweLT3msrQFepHbweaTViBLfpump,10,2026-08-28T02:21:55.163933+00:00,AVAILABLE,-3948,-4296,2
fp1sig-4f5d1e6371201c345f14c320,AnB2bTRwL5DBGCKeaweLT3msrQFepHbweaTViBLfpump,15,2026-08-28T02:22:00.163933+00:00,AVAILABLE,-3948,-4296,2
fp1sig-4f5d1e6371201c345f14c320,AnB2bTRwL5DBGCKeaweLT3msrQFepHbweaTViBLfpump,20,2026-08-28T02:22:05.163933+00:00,AVAILABLE,-3301,-4296,3
fp1sig-4f5d1e6371201c345f14c320,AnB2bTRwL5DBGCKeaweLT3msrQFepHbweaTViBLfpump,30,2026-08-28T02:22:15.163933+00:00,AVAILABLE,-711,-4296,5
fp1sig-4f5d1e6371201c345f14c320,AnB2bTRwL5DBGCKeaweLT3msrQFepHbweaTViBLfpump,45,2026-08-28T02:22:30.163933+00:00,AVAILABLE,2607,-4296,9
fp1sig-4f5d1e6371201c345f14c320,AnB2bTRwL5DBGCKeaweLT3msrQFepHbweaTViBLfpump,60,2026-08-28T02:22:45.163933+00:00,AVAILABLE,2624,-4296,14
fp1sig-4f5d1e6371201c345f14c320,AnB2bTRwL5DBGCKeaweLT3msrQFepHbweaTViBLfpump,90,2026-08-28T02:23:15.163933+00:00,AVAILABLE,2624,-4296,24
fp1sig-4f5d1e6371201c345f14c320,AnB2bTRwL5DBGCKeaweLT3msrQFepHbweaTViBLfpump,120,2026-08-28T02:23:45.163933+00:00,AVAILABLE,6889,-5940,32
fp1sig-4f5d1e6371201c345f14c320,AnB2bTRwL5DBGCKeaweLT3msrQFepHbweaTViBLfpump,180,2026-08-28T02:24:45.163933+00:00,AVAILABLE,9120,-7073,52
fp1sig-4f5d1e6371201c345f14c320,AnB2bTRwL5DBGCKeaweLT3msrQFepHbweaTViBLfpump,300,2026-08-28T02:26:45.163933+00:00,AVAILABLE,11339,-7073,82
fp1sig-4f791433f4e0f143798618d9,9jaTsTFtAMUdLTR8z3x7SjXEVZpR8iWPyF6kSgWfpump,5,2026-08-28T10:01:43.475826+00:00,MISSING,,,0
fp1sig-4f791433f4e0f143798618d9,9jaTsTFtAMUdLTR8z3x7SjXEVZpR8iWPyF6kSgWfpump,10,2026-08-28T10:01:48.475826+00:00,AVAILABLE,-1000,-1000,1
fp1sig-4f791433f4e0f143798618d9,9jaTsTFtAMUdLTR8z3x7SjXEVZpR8iWPyF6kSgWfpump,15,2026-08-28T10:01:53.475826+00:00,AVAILABLE,-1000,-1000,1
fp1sig-4f791433f4e0f143798618d9,9jaTsTFtAMUdLTR8z3x7SjXEVZpR8iWPyF6kSgWfpump,20,2026-08-28T10:01:58.475826+00:00,AVAILABLE,-1000,-1000,1
fp1sig-4f791433f4e0f143798618d9,9jaTsTFtAMUdLTR8z3x7SjXEVZpR8iWPyF6kSgWfpump,30,2026-08-28T10:02:08.475826+00:00,AVAILABLE,-1000,-1000,1
fp1sig-4f791433f4e0f143798618d9,9jaTsTFtAMUdLTR8z3x7SjXEVZpR8iWPyF6kSgWfpump,45,2026-08-28T10:02:23.475826+00:00,AVAILABLE,-299,-1000,2
fp1sig-4f791433f4e0f143798618d9,9jaTsTFtAMUdLTR8z3x7SjXEVZpR8iWPyF6kSgWfpump,60,2026-08-28T10:02:38.475826+00:00,AVAILABLE,-299,-1000,2
fp1sig-4f791433f4e0f143798618d9,9jaTsTFtAMUdLTR8z3x7SjXEVZpR8iWPyF6kSgWfpump,90,2026-08-28T10:03:08.475826+00:00,AVAILABLE,-299,-1000,2
fp1sig-4f791433f4e0f143798618d9,9jaTsTFtAMUdLTR8z3x7SjXEVZpR8iWPyF6kSgWfpump,120,2026-08-28T10:03:38.475826+00:00,AVAILABLE,-299,-1237,3
fp1sig-4f791433f4e0f143798618d9,9jaTsTFtAMUdLTR8z3x7SjXEVZpR8iWPyF6kSgWfpump,180,2026-08-28T10:04:38.475826+00:00,AVAILABLE,-299,-1237,4
fp1sig-4f791433f4e0f143798618d9,9jaTsTFtAMUdLTR8z3x7SjXEVZpR8iWPyF6kSgWfpump,300,2026-08-28T10:06:38.475826+00:00,AVAILABLE,17109,-2035,34
fp1sig-4f9f6f8c62cd74b1aa5786f5,EVsFKV3xSmK4RADeoaN1Gvwz9QHmTww4tzofHQuZGG1i,5,2026-08-28T07:18:44.353498+00:00,AVAILABLE,145,-164,6
fp1sig-4f9f6f8c62cd74b1aa5786f5,EVsFKV3xSmK4RADeoaN1Gvwz9QHmTww4tzofHQuZGG1i,10,2026-08-28T07:18:49.353498+00:00,AVAILABLE,145,-262,9
fp1sig-4f9f6f8c62cd74b1aa5786f5,EVsFKV3xSmK4RADeoaN1Gvwz9QHmTww4tzofHQuZGG1i,15,2026-08-28T07:18:54.353498+00:00,AVAILABLE,145,-299,19
fp1sig-4f9f6f8c62cd74b1aa5786f5,EVsFKV3xSmK4RADeoaN1Gvwz9QHmTww4tzofHQuZGG1i,20,2026-08-28T07:18:59.353498+00:00,AVAILABLE,145,-1035,22
fp1sig-4f9f6f8c62cd74b1aa5786f5,EVsFKV3xSmK4RADeoaN1Gvwz9QHmTww4tzofHQuZGG1i,30,2026-08-28T07:19:09.353498+00:00,AVAILABLE,145,-3008,40
fp1sig-4f9f6f8c62cd74b1aa5786f5,EVsFKV3xSmK4RADeoaN1Gvwz9QHmTww4tzofHQuZGG1i,45,2026-08-28T07:19:24.353498+00:00,AVAILABLE,145,-3008,42
fp1sig-4f9f6f8c62cd74b1aa5786f5,EVsFKV3xSmK4RADeoaN1Gvwz9QHmTww4tzofHQuZGG1i,60,2026-08-28T07:19:39.353498+00:00,AVAILABLE,145,-3008,45
fp1sig-4f9f6f8c62cd74b1aa5786f5,EVsFKV3xSmK4RADeoaN1Gvwz9QHmTww4tzofHQuZGG1i,90,2026-08-28T07:20:09.353498+00:00,AVAILABLE,145,-3051,46
fp1sig-4f9f6f8c62cd74b1aa5786f5,EVsFKV3xSmK4RADeoaN1Gvwz9QHmTww4tzofHQuZGG1i,120,2026-08-28T07:20:39.353498+00:00,AVAILABLE,145,-3051,46
fp1sig-4f9f6f8c62cd74b1aa5786f5,EVsFKV3xSmK4RADeoaN1Gvwz9QHmTww4tzofHQuZGG1i,180,2026-08-28T07:21:39.353498+00:00,AVAILABLE,145,-3065,47
fp1sig-4f9f6f8c62cd74b1aa5786f5,EVsFKV3xSmK4RADeoaN1Gvwz9QHmTww4tzofHQuZGG1i,300,2026-08-28T07:23:39.353498+00:00,AVAILABLE,145,-3065,47
fp1sig-5008fd6ae187c799467db605,n86k5NfmN5kmWP3e7kx2uRChrVPqpJEs3rkXQYopump,5,2026-08-28T02:57:52.261630+00:00,AVAILABLE,-1413,-1413,1
fp1sig-5008fd6ae187c799467db605,n86k5NfmN5kmWP3e7kx2uRChrVPqpJEs3rkXQYopump,10,2026-08-28T02:57:57.261630+00:00,AVAILABLE,-578,-1413,2
fp1sig-5008fd6ae187c799467db605,n86k5NfmN5kmWP3e7kx2uRChrVPqpJEs3rkXQYopump,15,2026-08-28T02:58:02.261630+00:00,AVAILABLE,-578,-5934,5
fp1sig-5008fd6ae187c799467db605,n86k5NfmN5kmWP3e7kx2uRChrVPqpJEs3rkXQYopump,20,2026-08-28T02:58:07.261630+00:00,AVAILABLE,-578,-5934,5
fp1sig-5008fd6ae187c799467db605,n86k5NfmN5kmWP3e7kx2uRChrVPqpJEs3rkXQYopump,30,2026-08-28T02:58:17.261630+00:00,AVAILABLE,-578,-7241,6
fp1sig-5008fd6ae187c799467db605,n86k5NfmN5kmWP3e7kx2uRChrVPqpJEs3rkXQYopump,45,2026-08-28T02:58:32.261630+00:00,AVAILABLE,-578,-7243,9
fp1sig-5008fd6ae187c799467db605,n86k5NfmN5kmWP3e7kx2uRChrVPqpJEs3rkXQYopump,60,2026-08-28T02:58:47.261630+00:00,AVAILABLE,-578,-7243,13
fp1sig-5008fd6ae187c799467db605,n86k5NfmN5kmWP3e7kx2uRChrVPqpJEs3rkXQYopump,90,2026-08-28T02:59:17.261630+00:00,AVAILABLE,-578,-8330,15
fp1sig-5008fd6ae187c799467db605,n86k5NfmN5kmWP3e7kx2uRChrVPqpJEs3rkXQYopump,120,2026-08-28T02:59:47.261630+00:00,AVAILABLE,-578,-8545,16
fp1sig-5008fd6ae187c799467db605,n86k5NfmN5kmWP3e7kx2uRChrVPqpJEs3rkXQYopump,180,2026-08-28T03:00:47.261630+00:00,AVAILABLE,-578,-9030,19
fp1sig-5008fd6ae187c799467db605,n86k5NfmN5kmWP3e7kx2uRChrVPqpJEs3rkXQYopump,300,2026-08-28T03:02:47.261630+00:00,AVAILABLE,-578,-9492,31
fp1sig-501c012bf929d20d7f74a830,DUBJADQGukbsdZQEkj4rGFPEeJukBvUqQqM7LmR1pump,5,2026-08-28T08:18:38.119413+00:00,AVAILABLE,2668,516,18
fp1sig-501c012bf929d20d7f74a830,DUBJADQGukbsdZQEkj4rGFPEeJukBvUqQqM7LmR1pump,10,2026-08-28T08:18:43.119413+00:00,AVAILABLE,2668,-28,23
fp1sig-501c012bf929d20d7f74a830,DUBJADQGukbsdZQEkj4rGFPEeJukBvUqQqM7LmR1pump,15,2026-08-28T08:18:48.119413+00:00,AVAILABLE,2668,-28,23
fp1sig-501c012bf929d20d7f74a830,DUBJADQGukbsdZQEkj4rGFPEeJukBvUqQqM7LmR1pump,20,2026-08-28T08:18:53.119413+00:00,AVAILABLE,2668,-48,31
fp1sig-501c012bf929d20d7f74a830,DUBJADQGukbsdZQEkj4rGFPEeJukBvUqQqM7LmR1pump,30,2026-08-28T08:19:03.119413+00:00,AVAILABLE,2668,-48,36
fp1sig-501c012bf929d20d7f74a830,DUBJADQGukbsdZQEkj4rGFPEeJukBvUqQqM7LmR1pump,45,2026-08-28T08:19:18.119413+00:00,AVAILABLE,2668,-48,46
fp1sig-501c012bf929d20d7f74a830,DUBJADQGukbsdZQEkj4rGFPEeJukBvUqQqM7LmR1pump,60,2026-08-28T08:19:33.119413+00:00,AVAILABLE,2668,-1335,69
fp1sig-501c012bf929d20d7f74a830,DUBJADQGukbsdZQEkj4rGFPEeJukBvUqQqM7LmR1pump,90,2026-08-28T08:20:03.119413+00:00,AVAILABLE,2668,-2101,95
fp1sig-501c012bf929d20d7f74a830,DUBJADQGukbsdZQEkj4rGFPEeJukBvUqQqM7LmR1pump,120,2026-08-28T08:20:33.119413+00:00,AVAILABLE,2668,-2101,95
fp1sig-501c012bf929d20d7f74a830,DUBJADQGukbsdZQEkj4rGFPEeJukBvUqQqM7LmR1pump,180,2026-08-28T08:21:33.119413+00:00,AVAILABLE,2668,-2101,95
fp1sig-501c012bf929d20d7f74a830,DUBJADQGukbsdZQEkj4rGFPEeJukBvUqQqM7LmR1pump,300,2026-08-28T08:23:33.119413+00:00,AVAILABLE,2668,-2101,95
fp1sig-5083b10ec69bdc5ae5940fe4,D8khyHkEpsDongiCWUQh6pbZMHuZtJeVhwWfyzsCpump,5,2026-08-28T02:23:51.214569+00:00,AVAILABLE,-855,-1411,6
fp1sig-5083b10ec69bdc5ae5940fe4,D8khyHkEpsDongiCWUQh6pbZMHuZtJeVhwWfyzsCpump,10,2026-08-28T02:23:56.214569+00:00,AVAILABLE,-855,-1679,7
fp1sig-5083b10ec69bdc5ae5940fe4,D8khyHkEpsDongiCWUQh6pbZMHuZtJeVhwWfyzsCpump,15,2026-08-28T02:24:01.214569+00:00,AVAILABLE,-855,-2203,9
fp1sig-5083b10ec69bdc5ae5940fe4,D8khyHkEpsDongiCWUQh6pbZMHuZtJeVhwWfyzsCpump,20,2026-08-28T02:24:06.214569+00:00,AVAILABLE,-855,-2203,11
fp1sig-5083b10ec69bdc5ae5940fe4,D8khyHkEpsDongiCWUQh6pbZMHuZtJeVhwWfyzsCpump,30,2026-08-28T02:24:16.214569+00:00,AVAILABLE,-855,-2245,12
fp1sig-5083b10ec69bdc5ae5940fe4,D8khyHkEpsDongiCWUQh6pbZMHuZtJeVhwWfyzsCpump,45,2026-08-28T02:24:31.214569+00:00,AVAILABLE,-855,-4593,18
fp1sig-5083b10ec69bdc5ae5940fe4,D8khyHkEpsDongiCWUQh6pbZMHuZtJeVhwWfyzsCpump,60,2026-08-28T02:24:46.214569+00:00,AVAILABLE,-855,-5150,27
fp1sig-5083b10ec69bdc5ae5940fe4,D8khyHkEpsDongiCWUQh6pbZMHuZtJeVhwWfyzsCpump,90,2026-08-28T02:25:16.214569+00:00,AVAILABLE,-855,-5684,33
fp1sig-5083b10ec69bdc5ae5940fe4,D8khyHkEpsDongiCWUQh6pbZMHuZtJeVhwWfyzsCpump,120,2026-08-28T02:25:46.214569+00:00,AVAILABLE,-855,-5684,33
fp1sig-5083b10ec69bdc5ae5940fe4,D8khyHkEpsDongiCWUQh6pbZMHuZtJeVhwWfyzsCpump,180,2026-08-28T02:26:46.214569+00:00,AVAILABLE,-855,-5684,34
fp1sig-5083b10ec69bdc5ae5940fe4,D8khyHkEpsDongiCWUQh6pbZMHuZtJeVhwWfyzsCpump,300,2026-08-28T02:28:46.214569+00:00,AVAILABLE,-855,-5684,34
fp1sig-509ee02b9abec8b5ec6d03d0,ABNdSShokJ5DmRhY8sKheSRdoFQYusgRu2QfKxCVpump,5,2026-08-28T10:53:54.106759+00:00,AVAILABLE,1222,1162,2
fp1sig-509ee02b9abec8b5ec6d03d0,ABNdSShokJ5DmRhY8sKheSRdoFQYusgRu2QfKxCVpump,10,2026-08-28T10:53:59.106759+00:00,AVAILABLE,1222,456,5
fp1sig-509ee02b9abec8b5ec6d03d0,ABNdSShokJ5DmRhY8sKheSRdoFQYusgRu2QfKxCVpump,15,2026-08-28T10:54:04.106759+00:00,AVAILABLE,1222,456,9
fp1sig-509ee02b9abec8b5ec6d03d0,ABNdSShokJ5DmRhY8sKheSRdoFQYusgRu2QfKxCVpump,20,2026-08-28T10:54:09.106759+00:00,AVAILABLE,1222,456,12
fp1sig-509ee02b9abec8b5ec6d03d0,ABNdSShokJ5DmRhY8sKheSRdoFQYusgRu2QfKxCVpump,30,2026-08-28T10:54:19.106759+00:00,AVAILABLE,1742,352,19
fp1sig-509ee02b9abec8b5ec6d03d0,ABNdSShokJ5DmRhY8sKheSRdoFQYusgRu2QfKxCVpump,45,2026-08-28T10:54:34.106759+00:00,AVAILABLE,3477,352,27
fp1sig-509ee02b9abec8b5ec6d03d0,ABNdSShokJ5DmRhY8sKheSRdoFQYusgRu2QfKxCVpump,60,2026-08-28T10:54:49.106759+00:00,AVAILABLE,4763,352,35
fp1sig-509ee02b9abec8b5ec6d03d0,ABNdSShokJ5DmRhY8sKheSRdoFQYusgRu2QfKxCVpump,90,2026-08-28T10:55:19.106759+00:00,AVAILABLE,4841,352,47
fp1sig-509ee02b9abec8b5ec6d03d0,ABNdSShokJ5DmRhY8sKheSRdoFQYusgRu2QfKxCVpump,120,2026-08-28T10:55:49.106759+00:00,AVAILABLE,4841,352,61
fp1sig-509ee02b9abec8b5ec6d03d0,ABNdSShokJ5DmRhY8sKheSRdoFQYusgRu2QfKxCVpump,180,2026-08-28T10:56:49.106759+00:00,AVAILABLE,4841,-2785,89
fp1sig-509ee02b9abec8b5ec6d03d0,ABNdSShokJ5DmRhY8sKheSRdoFQYusgRu2QfKxCVpump,300,2026-08-28T10:58:49.106759+00:00,AVAILABLE,4841,-2785,98
fp1sig-517a3a9b6cdb6fd797523ffd,9roapEzRTZZVH5rHHYczx5Snh8tHxedHjSYfdornpump,5,2026-08-27T21:17:26.679662+00:00,AVAILABLE,-313,-1103,2
fp1sig-517a3a9b6cdb6fd797523ffd,9roapEzRTZZVH5rHHYczx5Snh8tHxedHjSYfdornpump,10,2026-08-27T21:17:31.679662+00:00,AVAILABLE,-313,-1103,2
fp1sig-517a3a9b6cdb6fd797523ffd,9roapEzRTZZVH5rHHYczx5Snh8tHxedHjSYfdornpump,15,2026-08-27T21:17:36.679662+00:00,AVAILABLE,-313,-1103,2
fp1sig-517a3a9b6cdb6fd797523ffd,9roapEzRTZZVH5rHHYczx5Snh8tHxedHjSYfdornpump,20,2026-08-27T21:17:41.679662+00:00,AVAILABLE,-313,-1103,3
fp1sig-517a3a9b6cdb6fd797523ffd,9roapEzRTZZVH5rHHYczx5Snh8tHxedHjSYfdornpump,30,2026-08-27T21:17:51.679662+00:00,AVAILABLE,-313,-1103,5
fp1sig-517a3a9b6cdb6fd797523ffd,9roapEzRTZZVH5rHHYczx5Snh8tHxedHjSYfdornpump,45,2026-08-27T21:18:06.679662+00:00,AVAILABLE,-313,-1103,10
fp1sig-517a3a9b6cdb6fd797523ffd,9roapEzRTZZVH5rHHYczx5Snh8tHxedHjSYfdornpump,60,2026-08-27T21:18:21.679662+00:00,AVAILABLE,-313,-1103,12
fp1sig-517a3a9b6cdb6fd797523ffd,9roapEzRTZZVH5rHHYczx5Snh8tHxedHjSYfdornpump,90,2026-08-27T21:18:51.679662+00:00,AVAILABLE,3063,-1103,23
fp1sig-517a3a9b6cdb6fd797523ffd,9roapEzRTZZVH5rHHYczx5Snh8tHxedHjSYfdornpump,120,2026-08-27T21:19:21.679662+00:00,AVAILABLE,3063,-1103,23
fp1sig-517a3a9b6cdb6fd797523ffd,9roapEzRTZZVH5rHHYczx5Snh8tHxedHjSYfdornpump,180,2026-08-27T21:20:21.679662+00:00,AVAILABLE,3063,-1103,23
fp1sig-517a3a9b6cdb6fd797523ffd,9roapEzRTZZVH5rHHYczx5Snh8tHxedHjSYfdornpump,300,2026-08-27T21:22:21.679662+00:00,AVAILABLE,3063,-1103,23
fp1sig-529b929ba91f966b5be32d4c,dR25qdurcdrpMS8Y5CnX7DQg1BT18nBCqSxK24Spump,5,2026-08-28T11:22:45.590801+00:00,AVAILABLE,5339,-405,4
fp1sig-529b929ba91f966b5be32d4c,dR25qdurcdrpMS8Y5CnX7DQg1BT18nBCqSxK24Spump,10,2026-08-28T11:22:50.590801+00:00,AVAILABLE,5339,-1111,6
fp1sig-529b929ba91f966b5be32d4c,dR25qdurcdrpMS8Y5CnX7DQg1BT18nBCqSxK24Spump,15,2026-08-28T11:22:55.590801+00:00,AVAILABLE,5339,-1111,9
fp1sig-529b929ba91f966b5be32d4c,dR25qdurcdrpMS8Y5CnX7DQg1BT18nBCqSxK24Spump,20,2026-08-28T11:23:00.590801+00:00,AVAILABLE,5339,-2902,11
fp1sig-529b929ba91f966b5be32d4c,dR25qdurcdrpMS8Y5CnX7DQg1BT18nBCqSxK24Spump,30,2026-08-28T11:23:10.590801+00:00,AVAILABLE,5339,-3391,15
fp1sig-529b929ba91f966b5be32d4c,dR25qdurcdrpMS8Y5CnX7DQg1BT18nBCqSxK24Spump,45,2026-08-28T11:23:25.590801+00:00,AVAILABLE,5339,-3391,20
fp1sig-529b929ba91f966b5be32d4c,dR25qdurcdrpMS8Y5CnX7DQg1BT18nBCqSxK24Spump,60,2026-08-28T11:23:40.590801+00:00,AVAILABLE,5339,-3391,24
fp1sig-529b929ba91f966b5be32d4c,dR25qdurcdrpMS8Y5CnX7DQg1BT18nBCqSxK24Spump,90,2026-08-28T11:24:10.590801+00:00,AVAILABLE,11738,-3391,38
fp1sig-529b929ba91f966b5be32d4c,dR25qdurcdrpMS8Y5CnX7DQg1BT18nBCqSxK24Spump,120,2026-08-28T11:24:40.590801+00:00,AVAILABLE,11738,-3578,56
fp1sig-529b929ba91f966b5be32d4c,dR25qdurcdrpMS8Y5CnX7DQg1BT18nBCqSxK24Spump,180,2026-08-28T11:25:40.590801+00:00,AVAILABLE,19360,-3578,84
fp1sig-529b929ba91f966b5be32d4c,dR25qdurcdrpMS8Y5CnX7DQg1BT18nBCqSxK24Spump,300,2026-08-28T11:27:40.590801+00:00,AVAILABLE,24981,-5787,123
fp1sig-52d108aeef24ce41d990d7fe,7GhknoiWV8AZCEKE61DeF8iRwYdteQMtmRBhuxvpump,5,2026-08-27T19:25:13.075601+00:00,MISSING,,,0
fp1sig-52d108aeef24ce41d990d7fe,7GhknoiWV8AZCEKE61DeF8iRwYdteQMtmRBhuxvpump,10,2026-08-27T19:25:18.075601+00:00,MISSING,,,0
fp1sig-52d108aeef24ce41d990d7fe,7GhknoiWV8AZCEKE61DeF8iRwYdteQMtmRBhuxvpump,15,2026-08-27T19:25:23.075601+00:00,MISSING,,,0
fp1sig-52d108aeef24ce41d990d7fe,7GhknoiWV8AZCEKE61DeF8iRwYdteQMtmRBhuxvpump,20,2026-08-27T19:25:28.075601+00:00,AVAILABLE,-19,-19,1
fp1sig-52d108aeef24ce41d990d7fe,7GhknoiWV8AZCEKE61DeF8iRwYdteQMtmRBhuxvpump,30,2026-08-27T19:25:38.075601+00:00,AVAILABLE,-19,-1053,2
fp1sig-52d108aeef24ce41d990d7fe,7GhknoiWV8AZCEKE61DeF8iRwYdteQMtmRBhuxvpump,45,2026-08-27T19:25:53.075601+00:00,AVAILABLE,-19,-1098,3
fp1sig-52d108aeef24ce41d990d7fe,7GhknoiWV8AZCEKE61DeF8iRwYdteQMtmRBhuxvpump,60,2026-08-27T19:26:08.075601+00:00,AVAILABLE,-19,-3460,10
fp1sig-52d108aeef24ce41d990d7fe,7GhknoiWV8AZCEKE61DeF8iRwYdteQMtmRBhuxvpump,90,2026-08-27T19:26:38.075601+00:00,AVAILABLE,-19,-3460,10
fp1sig-52d108aeef24ce41d990d7fe,7GhknoiWV8AZCEKE61DeF8iRwYdteQMtmRBhuxvpump,120,2026-08-27T19:27:08.075601+00:00,AVAILABLE,-19,-3460,10
fp1sig-52d108aeef24ce41d990d7fe,7GhknoiWV8AZCEKE61DeF8iRwYdteQMtmRBhuxvpump,180,2026-08-27T19:28:08.075601+00:00,AVAILABLE,-19,-3460,11
fp1sig-52d108aeef24ce41d990d7fe,7GhknoiWV8AZCEKE61DeF8iRwYdteQMtmRBhuxvpump,300,2026-08-27T19:30:08.075601+00:00,AVAILABLE,-19,-3460,12
fp1sig-53605e3d6ea7059ab72ce729,GLp3C72fdm2n1scxVU47vdsACPX69dqM31rZhAMxpump,5,2026-08-28T11:41:42.001539+00:00,MISSING,,,0
fp1sig-53605e3d6ea7059ab72ce729,GLp3C72fdm2n1scxVU47vdsACPX69dqM31rZhAMxpump,10,2026-08-28T11:41:47.001539+00:00,AVAILABLE,670,287,5
fp1sig-53605e3d6ea7059ab72ce729,GLp3C72fdm2n1scxVU47vdsACPX69dqM31rZhAMxpump,15,2026-08-28T11:41:52.001539+00:00,AVAILABLE,670,-745,10
fp1sig-53605e3d6ea7059ab72ce729,GLp3C72fdm2n1scxVU47vdsACPX69dqM31rZhAMxpump,20,2026-08-28T11:41:57.001539+00:00,AVAILABLE,670,-745,10
fp1sig-53605e3d6ea7059ab72ce729,GLp3C72fdm2n1scxVU47vdsACPX69dqM31rZhAMxpump,30,2026-08-28T11:42:07.001539+00:00,AVAILABLE,670,-745,10
fp1sig-53605e3d6ea7059ab72ce729,GLp3C72fdm2n1scxVU47vdsACPX69dqM31rZhAMxpump,45,2026-08-28T11:42:22.001539+00:00,AVAILABLE,670,-1994,15
fp1sig-53605e3d6ea7059ab72ce729,GLp3C72fdm2n1scxVU47vdsACPX69dqM31rZhAMxpump,60,2026-08-28T11:42:37.001539+00:00,AVAILABLE,670,-1994,15
fp1sig-53605e3d6ea7059ab72ce729,GLp3C72fdm2n1scxVU47vdsACPX69dqM31rZhAMxpump,90,2026-08-28T11:43:07.001539+00:00,AVAILABLE,670,-1994,16
fp1sig-53605e3d6ea7059ab72ce729,GLp3C72fdm2n1scxVU47vdsACPX69dqM31rZhAMxpump,120,2026-08-28T11:43:37.001539+00:00,AVAILABLE,670,-4716,23
fp1sig-53605e3d6ea7059ab72ce729,GLp3C72fdm2n1scxVU47vdsACPX69dqM31rZhAMxpump,180,2026-08-28T11:44:37.001539+00:00,AVAILABLE,670,-4716,25
fp1sig-53605e3d6ea7059ab72ce729,GLp3C72fdm2n1scxVU47vdsACPX69dqM31rZhAMxpump,300,2026-08-28T11:46:37.001539+00:00,AVAILABLE,670,-4716,25
fp1sig-540990d621a32711205eb7d8,2amyBe1hPnusYxqGzpreMWUUTVUjT2tSqMH9AcEWpump,5,2026-08-28T11:29:53.143998+00:00,AVAILABLE,-1651,-2592,2
fp1sig-540990d621a32711205eb7d8,2amyBe1hPnusYxqGzpreMWUUTVUjT2tSqMH9AcEWpump,10,2026-08-28T11:29:58.143998+00:00,AVAILABLE,1442,-2592,4
fp1sig-540990d621a32711205eb7d8,2amyBe1hPnusYxqGzpreMWUUTVUjT2tSqMH9AcEWpump,15,2026-08-28T11:30:03.143998+00:00,AVAILABLE,1442,-3870,5
fp1sig-540990d621a32711205eb7d8,2amyBe1hPnusYxqGzpreMWUUTVUjT2tSqMH9AcEWpump,20,2026-08-28T11:30:08.143998+00:00,AVAILABLE,1442,-3870,5
fp1sig-540990d621a32711205eb7d8,2amyBe1hPnusYxqGzpreMWUUTVUjT2tSqMH9AcEWpump,30,2026-08-28T11:30:18.143998+00:00,AVAILABLE,1442,-3870,8
fp1sig-540990d621a32711205eb7d8,2amyBe1hPnusYxqGzpreMWUUTVUjT2tSqMH9AcEWpump,45,2026-08-28T11:30:33.143998+00:00,AVAILABLE,1442,-3870,11
fp1sig-540990d621a32711205eb7d8,2amyBe1hPnusYxqGzpreMWUUTVUjT2tSqMH9AcEWpump,60,2026-08-28T11:30:48.143998+00:00,AVAILABLE,1442,-3870,12
fp1sig-540990d621a32711205eb7d8,2amyBe1hPnusYxqGzpreMWUUTVUjT2tSqMH9AcEWpump,90,2026-08-28T11:31:18.143998+00:00,AVAILABLE,2240,-3870,14
fp1sig-540990d621a32711205eb7d8,2amyBe1hPnusYxqGzpreMWUUTVUjT2tSqMH9AcEWpump,120,2026-08-28T11:31:48.143998+00:00,AVAILABLE,7973,-3870,19
fp1sig-540990d621a32711205eb7d8,2amyBe1hPnusYxqGzpreMWUUTVUjT2tSqMH9AcEWpump,180,2026-08-28T11:32:48.143998+00:00,AVAILABLE,9720,-3870,26
fp1sig-540990d621a32711205eb7d8,2amyBe1hPnusYxqGzpreMWUUTVUjT2tSqMH9AcEWpump,300,2026-08-28T11:34:48.143998+00:00,AVAILABLE,13043,-3870,37
fp1sig-543853283c113e28b5f7b3d2,GHs316axozAwF7C4obW7S9BRsGz6h1ZmejxnT8yNpump,5,2026-08-27T19:16:13.748984+00:00,AVAILABLE,3625,1079,14
fp1sig-543853283c113e28b5f7b3d2,GHs316axozAwF7C4obW7S9BRsGz6h1ZmejxnT8yNpump,10,2026-08-27T19:16:18.748984+00:00,AVAILABLE,6863,1079,29
fp1sig-543853283c113e28b5f7b3d2,GHs316axozAwF7C4obW7S9BRsGz6h1ZmejxnT8yNpump,15,2026-08-27T19:16:23.748984+00:00,AVAILABLE,7732,1079,33
fp1sig-543853283c113e28b5f7b3d2,GHs316axozAwF7C4obW7S9BRsGz6h1ZmejxnT8yNpump,20,2026-08-27T19:16:28.748984+00:00,AVAILABLE,8040,1079,35
fp1sig-543853283c113e28b5f7b3d2,GHs316axozAwF7C4obW7S9BRsGz6h1ZmejxnT8yNpump,30,2026-08-27T19:16:38.748984+00:00,AVAILABLE,9192,1079,39
fp1sig-543853283c113e28b5f7b3d2,GHs316axozAwF7C4obW7S9BRsGz6h1ZmejxnT8yNpump,45,2026-08-27T19:16:53.748984+00:00,AVAILABLE,9745,1079,50
fp1sig-543853283c113e28b5f7b3d2,GHs316axozAwF7C4obW7S9BRsGz6h1ZmejxnT8yNpump,60,2026-08-27T19:17:08.748984+00:00,AVAILABLE,12396,1079,60
fp1sig-543853283c113e28b5f7b3d2,GHs316axozAwF7C4obW7S9BRsGz6h1ZmejxnT8yNpump,90,2026-08-27T19:17:38.748984+00:00,AVAILABLE,18303,1079,88
fp1sig-543853283c113e28b5f7b3d2,GHs316axozAwF7C4obW7S9BRsGz6h1ZmejxnT8yNpump,120,2026-08-27T19:18:08.748984+00:00,AVAILABLE,18303,1079,93
fp1sig-543853283c113e28b5f7b3d2,GHs316axozAwF7C4obW7S9BRsGz6h1ZmejxnT8yNpump,180,2026-08-27T19:19:08.748984+00:00,AVAILABLE,18303,-2512,128
fp1sig-543853283c113e28b5f7b3d2,GHs316axozAwF7C4obW7S9BRsGz6h1ZmejxnT8yNpump,300,2026-08-27T19:21:08.748984+00:00,AVAILABLE,18303,-4632,139
fp1sig-5582bf5f70b8432b082bd871,5Ydm1kF9mGui4uncHfe3pJdkj3hfTtqfmJJvnWZDpump,5,2026-08-28T07:43:52.359925+00:00,AVAILABLE,2432,725,10
fp1sig-5582bf5f70b8432b082bd871,5Ydm1kF9mGui4uncHfe3pJdkj3hfTtqfmJJvnWZDpump,10,2026-08-28T07:43:57.359925+00:00,AVAILABLE,2432,660,12
fp1sig-5582bf5f70b8432b082bd871,5Ydm1kF9mGui4uncHfe3pJdkj3hfTtqfmJJvnWZDpump,15,2026-08-28T07:44:02.359925+00:00,AVAILABLE,2432,-2221,18
fp1sig-5582bf5f70b8432b082bd871,5Ydm1kF9mGui4uncHfe3pJdkj3hfTtqfmJJvnWZDpump,20,2026-08-28T07:44:07.359925+00:00,AVAILABLE,2432,-2221,26
fp1sig-5582bf5f70b8432b082bd871,5Ydm1kF9mGui4uncHfe3pJdkj3hfTtqfmJJvnWZDpump,30,2026-08-28T07:44:17.359925+00:00,AVAILABLE,2432,-2221,40
fp1sig-5582bf5f70b8432b082bd871,5Ydm1kF9mGui4uncHfe3pJdkj3hfTtqfmJJvnWZDpump,45,2026-08-28T07:44:32.359925+00:00,AVAILABLE,2432,-2221,50
fp1sig-5582bf5f70b8432b082bd871,5Ydm1kF9mGui4uncHfe3pJdkj3hfTtqfmJJvnWZDpump,60,2026-08-28T07:44:47.359925+00:00,AVAILABLE,2889,-2221,72
fp1sig-5582bf5f70b8432b082bd871,5Ydm1kF9mGui4uncHfe3pJdkj3hfTtqfmJJvnWZDpump,90,2026-08-28T07:45:17.359925+00:00,AVAILABLE,2889,-2221,93
fp1sig-5582bf5f70b8432b082bd871,5Ydm1kF9mGui4uncHfe3pJdkj3hfTtqfmJJvnWZDpump,120,2026-08-28T07:45:47.359925+00:00,AVAILABLE,2889,-5712,133
fp1sig-5582bf5f70b8432b082bd871,5Ydm1kF9mGui4uncHfe3pJdkj3hfTtqfmJJvnWZDpump,180,2026-08-28T07:46:47.359925+00:00,AVAILABLE,2889,-5712,149
fp1sig-5582bf5f70b8432b082bd871,5Ydm1kF9mGui4uncHfe3pJdkj3hfTtqfmJJvnWZDpump,300,2026-08-28T07:48:47.359925+00:00,AVAILABLE,2889,-5949,166
fp1sig-55b07ca16ee8041e9575a22e,22AJZk3ExdDvfJ84ch4HKvcQoKPdnW5AoHgQuMxPpump,5,2026-08-28T07:25:20.658083+00:00,AVAILABLE,-953,-953,1
fp1sig-55b07ca16ee8041e9575a22e,22AJZk3ExdDvfJ84ch4HKvcQoKPdnW5AoHgQuMxPpump,10,2026-08-28T07:25:25.658083+00:00,AVAILABLE,-953,-953,1
fp1sig-55b07ca16ee8041e9575a22e,22AJZk3ExdDvfJ84ch4HKvcQoKPdnW5AoHgQuMxPpump,15,2026-08-28T07:25:30.658083+00:00,AVAILABLE,-953,-4992,3
fp1sig-55b07ca16ee8041e9575a22e,22AJZk3ExdDvfJ84ch4HKvcQoKPdnW5AoHgQuMxPpump,20,2026-08-28T07:25:35.658083+00:00,AVAILABLE,-953,-4992,3
fp1sig-55b07ca16ee8041e9575a22e,22AJZk3ExdDvfJ84ch4HKvcQoKPdnW5AoHgQuMxPpump,30,2026-08-28T07:25:45.658083+00:00,AVAILABLE,-953,-4992,4
fp1sig-55b07ca16ee8041e9575a22e,22AJZk3ExdDvfJ84ch4HKvcQoKPdnW5AoHgQuMxPpump,45,2026-08-28T07:26:00.658083+00:00,AVAILABLE,-953,-4992,6
fp1sig-55b07ca16ee8041e9575a22e,22AJZk3ExdDvfJ84ch4HKvcQoKPdnW5AoHgQuMxPpump,60,2026-08-28T07:26:15.658083+00:00,AVAILABLE,-953,-4992,9
fp1sig-55b07ca16ee8041e9575a22e,22AJZk3ExdDvfJ84ch4HKvcQoKPdnW5AoHgQuMxPpump,90,2026-08-28T07:26:45.658083+00:00,AVAILABLE,-953,-8910,26
fp1sig-55b07ca16ee8041e9575a22e,22AJZk3ExdDvfJ84ch4HKvcQoKPdnW5AoHgQuMxPpump,120,2026-08-28T07:27:15.658083+00:00,AVAILABLE,-953,-9116,49
fp1sig-55b07ca16ee8041e9575a22e,22AJZk3ExdDvfJ84ch4HKvcQoKPdnW5AoHgQuMxPpump,180,2026-08-28T07:28:15.658083+00:00,AVAILABLE,-953,-9116,80
fp1sig-55b07ca16ee8041e9575a22e,22AJZk3ExdDvfJ84ch4HKvcQoKPdnW5AoHgQuMxPpump,300,2026-08-28T07:30:15.658083+00:00,AVAILABLE,-953,-9116,87
fp1sig-55c33284347bc3b37084c6b8,m6kgz7FRjyjvUgrmKMqWHnzhWrP8E45b7rMq1uzpump,5,2026-08-27T22:24:47.666673+00:00,AVAILABLE,-1540,-2318,3
fp1sig-55c33284347bc3b37084c6b8,m6kgz7FRjyjvUgrmKMqWHnzhWrP8E45b7rMq1uzpump,10,2026-08-27T22:24:52.666673+00:00,AVAILABLE,-1540,-4164,4
fp1sig-55c33284347bc3b37084c6b8,m6kgz7FRjyjvUgrmKMqWHnzhWrP8E45b7rMq1uzpump,15,2026-08-27T22:24:57.666673+00:00,AVAILABLE,-1540,-4164,5
fp1sig-55c33284347bc3b37084c6b8,m6kgz7FRjyjvUgrmKMqWHnzhWrP8E45b7rMq1uzpump,20,2026-08-27T22:25:02.666673+00:00,AVAILABLE,-1236,-4164,6
fp1sig-55c33284347bc3b37084c6b8,m6kgz7FRjyjvUgrmKMqWHnzhWrP8E45b7rMq1uzpump,30,2026-08-27T22:25:12.666673+00:00,AVAILABLE,-1236,-4399,9
fp1sig-55c33284347bc3b37084c6b8,m6kgz7FRjyjvUgrmKMqWHnzhWrP8E45b7rMq1uzpump,45,2026-08-27T22:25:27.666673+00:00,AVAILABLE,3407,-4399,13
fp1sig-55c33284347bc3b37084c6b8,m6kgz7FRjyjvUgrmKMqWHnzhWrP8E45b7rMq1uzpump,60,2026-08-27T22:25:42.666673+00:00,AVAILABLE,13777,-4399,15
fp1sig-55c33284347bc3b37084c6b8,m6kgz7FRjyjvUgrmKMqWHnzhWrP8E45b7rMq1uzpump,90,2026-08-27T22:26:12.666673+00:00,AVAILABLE,13777,-4399,19
fp1sig-55c33284347bc3b37084c6b8,m6kgz7FRjyjvUgrmKMqWHnzhWrP8E45b7rMq1uzpump,120,2026-08-27T22:26:42.666673+00:00,AVAILABLE,13777,-5880,22
fp1sig-55c33284347bc3b37084c6b8,m6kgz7FRjyjvUgrmKMqWHnzhWrP8E45b7rMq1uzpump,180,2026-08-27T22:27:42.666673+00:00,AVAILABLE,13777,-5880,23
fp1sig-55c33284347bc3b37084c6b8,m6kgz7FRjyjvUgrmKMqWHnzhWrP8E45b7rMq1uzpump,300,2026-08-27T22:29:42.666673+00:00,AVAILABLE,13777,-8941,32
fp1sig-5628dc6478a533919f077a5c,HNCoqgoWYgredFWMuTkSvc6uauuEpdoHHr2bYfwdpump,5,2026-08-28T11:54:28.898993+00:00,AVAILABLE,333,333,1
fp1sig-5628dc6478a533919f077a5c,HNCoqgoWYgredFWMuTkSvc6uauuEpdoHHr2bYfwdpump,10,2026-08-28T11:54:33.898993+00:00,AVAILABLE,333,-1308,5
fp1sig-5628dc6478a533919f077a5c,HNCoqgoWYgredFWMuTkSvc6uauuEpdoHHr2bYfwdpump,15,2026-08-28T11:54:38.898993+00:00,AVAILABLE,1837,-1308,15
fp1sig-5628dc6478a533919f077a5c,HNCoqgoWYgredFWMuTkSvc6uauuEpdoHHr2bYfwdpump,20,2026-08-28T11:54:43.898993+00:00,AVAILABLE,1837,-1308,16
fp1sig-5628dc6478a533919f077a5c,HNCoqgoWYgredFWMuTkSvc6uauuEpdoHHr2bYfwdpump,30,2026-08-28T11:54:53.898993+00:00,AVAILABLE,1837,-3089,24
fp1sig-5628dc6478a533919f077a5c,HNCoqgoWYgredFWMuTkSvc6uauuEpdoHHr2bYfwdpump,45,2026-08-28T11:55:08.898993+00:00,AVAILABLE,1837,-3089,48
fp1sig-5628dc6478a533919f077a5c,HNCoqgoWYgredFWMuTkSvc6uauuEpdoHHr2bYfwdpump,60,2026-08-28T11:55:23.898993+00:00,AVAILABLE,1837,-3089,58
fp1sig-5628dc6478a533919f077a5c,HNCoqgoWYgredFWMuTkSvc6uauuEpdoHHr2bYfwdpump,90,2026-08-28T11:55:53.898993+00:00,AVAILABLE,1837,-3089,69
fp1sig-5628dc6478a533919f077a5c,HNCoqgoWYgredFWMuTkSvc6uauuEpdoHHr2bYfwdpump,120,2026-08-28T11:56:23.898993+00:00,AVAILABLE,1837,-3089,78
fp1sig-5628dc6478a533919f077a5c,HNCoqgoWYgredFWMuTkSvc6uauuEpdoHHr2bYfwdpump,180,2026-08-28T11:57:23.898993+00:00,AVAILABLE,1837,-3089,78
fp1sig-5628dc6478a533919f077a5c,HNCoqgoWYgredFWMuTkSvc6uauuEpdoHHr2bYfwdpump,300,2026-08-28T11:59:23.898993+00:00,AVAILABLE,1837,-3089,78
fp1sig-568f643131151b73ffb3cce9,s2fmLid6Brd5LXdU7NF2M4vVDWhC51WcTGWuV9Bpump,5,2026-08-28T10:50:01.701315+00:00,MISSING,,,0
fp1sig-568f643131151b73ffb3cce9,s2fmLid6Brd5LXdU7NF2M4vVDWhC51WcTGWuV9Bpump,10,2026-08-28T10:50:06.701315+00:00,AVAILABLE,-152,-152,1
fp1sig-568f643131151b73ffb3cce9,s2fmLid6Brd5LXdU7NF2M4vVDWhC51WcTGWuV9Bpump,15,2026-08-28T10:50:11.701315+00:00,AVAILABLE,-152,-152,1
fp1sig-568f643131151b73ffb3cce9,s2fmLid6Brd5LXdU7NF2M4vVDWhC51WcTGWuV9Bpump,20,2026-08-28T10:50:16.701315+00:00,AVAILABLE,-152,-152,1
fp1sig-568f643131151b73ffb3cce9,s2fmLid6Brd5LXdU7NF2M4vVDWhC51WcTGWuV9Bpump,30,2026-08-28T10:50:26.701315+00:00,AVAILABLE,-152,-152,1
fp1sig-568f643131151b73ffb3cce9,s2fmLid6Brd5LXdU7NF2M4vVDWhC51WcTGWuV9Bpump,45,2026-08-28T10:50:41.701315+00:00,AVAILABLE,-147,-152,2
fp1sig-568f643131151b73ffb3cce9,s2fmLid6Brd5LXdU7NF2M4vVDWhC51WcTGWuV9Bpump,60,2026-08-28T10:50:56.701315+00:00,AVAILABLE,-76,-152,3
fp1sig-568f643131151b73ffb3cce9,s2fmLid6Brd5LXdU7NF2M4vVDWhC51WcTGWuV9Bpump,90,2026-08-28T10:51:26.701315+00:00,AVAILABLE,-76,-152,3
fp1sig-568f643131151b73ffb3cce9,s2fmLid6Brd5LXdU7NF2M4vVDWhC51WcTGWuV9Bpump,120,2026-08-28T10:51:56.701315+00:00,AVAILABLE,1654,-152,8
fp1sig-568f643131151b73ffb3cce9,s2fmLid6Brd5LXdU7NF2M4vVDWhC51WcTGWuV9Bpump,180,2026-08-28T10:52:56.701315+00:00,AVAILABLE,1688,-2852,20
fp1sig-568f643131151b73ffb3cce9,s2fmLid6Brd5LXdU7NF2M4vVDWhC51WcTGWuV9Bpump,300,2026-08-28T10:54:56.701315+00:00,AVAILABLE,1688,-2852,24
fp1sig-569ab1ba92f720535c3a630b,EoPHieRvhbPjyAwGj2r2NGa8RnQA2C85oQT9urxmpump,5,2026-08-28T00:24:02.774834+00:00,AVAILABLE,769,255,2
fp1sig-569ab1ba92f720535c3a630b,EoPHieRvhbPjyAwGj2r2NGa8RnQA2C85oQT9urxmpump,10,2026-08-28T00:24:07.774834+00:00,AVAILABLE,769,255,2
fp1sig-569ab1ba92f720535c3a630b,EoPHieRvhbPjyAwGj2r2NGa8RnQA2C85oQT9urxmpump,15,2026-08-28T00:24:12.774834+00:00,AVAILABLE,1260,255,5
fp1sig-569ab1ba92f720535c3a630b,EoPHieRvhbPjyAwGj2r2NGa8RnQA2C85oQT9urxmpump,20,2026-08-28T00:24:17.774834+00:00,AVAILABLE,1260,255,5
fp1sig-569ab1ba92f720535c3a630b,EoPHieRvhbPjyAwGj2r2NGa8RnQA2C85oQT9urxmpump,30,2026-08-28T00:24:27.774834+00:00,AVAILABLE,1260,255,5
fp1sig-569ab1ba92f720535c3a630b,EoPHieRvhbPjyAwGj2r2NGa8RnQA2C85oQT9urxmpump,45,2026-08-28T00:24:42.774834+00:00,AVAILABLE,1260,82,8
fp1sig-569ab1ba92f720535c3a630b,EoPHieRvhbPjyAwGj2r2NGa8RnQA2C85oQT9urxmpump,60,2026-08-28T00:24:57.774834+00:00,AVAILABLE,1260,-1255,11
fp1sig-569ab1ba92f720535c3a630b,EoPHieRvhbPjyAwGj2r2NGa8RnQA2C85oQT9urxmpump,90,2026-08-28T00:25:27.774834+00:00,AVAILABLE,1260,-1255,24
fp1sig-569ab1ba92f720535c3a630b,EoPHieRvhbPjyAwGj2r2NGa8RnQA2C85oQT9urxmpump,120,2026-08-28T00:25:57.774834+00:00,AVAILABLE,1283,-1255,35
fp1sig-569ab1ba92f720535c3a630b,EoPHieRvhbPjyAwGj2r2NGa8RnQA2C85oQT9urxmpump,180,2026-08-28T00:26:57.774834+00:00,AVAILABLE,1283,-1255,36
fp1sig-569ab1ba92f720535c3a630b,EoPHieRvhbPjyAwGj2r2NGa8RnQA2C85oQT9urxmpump,300,2026-08-28T00:28:57.774834+00:00,AVAILABLE,1283,-1255,36
fp1sig-56a1b99ecea75a9b6eb8cead,CBtjgD5t37fELJC3RgLnSLBtenJmuhWAPDxTWmEkpump,5,2026-08-28T04:04:57.641033+00:00,AVAILABLE,-5064,-7044,3
fp1sig-56a1b99ecea75a9b6eb8cead,CBtjgD5t37fELJC3RgLnSLBtenJmuhWAPDxTWmEkpump,10,2026-08-28T04:05:02.641033+00:00,AVAILABLE,-5064,-7044,6
fp1sig-56a1b99ecea75a9b6eb8cead,CBtjgD5t37fELJC3RgLnSLBtenJmuhWAPDxTWmEkpump,15,2026-08-28T04:05:07.641033+00:00,AVAILABLE,-3376,-7044,8
fp1sig-56a1b99ecea75a9b6eb8cead,CBtjgD5t37fELJC3RgLnSLBtenJmuhWAPDxTWmEkpump,20,2026-08-28T04:05:12.641033+00:00,AVAILABLE,-3376,-7044,12
fp1sig-56a1b99ecea75a9b6eb8cead,CBtjgD5t37fELJC3RgLnSLBtenJmuhWAPDxTWmEkpump,30,2026-08-28T04:05:22.641033+00:00,AVAILABLE,-2365,-7044,15
fp1sig-56a1b99ecea75a9b6eb8cead,CBtjgD5t37fELJC3RgLnSLBtenJmuhWAPDxTWmEkpump,45,2026-08-28T04:05:37.641033+00:00,AVAILABLE,433,-7044,22
fp1sig-56a1b99ecea75a9b6eb8cead,CBtjgD5t37fELJC3RgLnSLBtenJmuhWAPDxTWmEkpump,60,2026-08-28T04:05:52.641033+00:00,AVAILABLE,433,-7044,26
fp1sig-56a1b99ecea75a9b6eb8cead,CBtjgD5t37fELJC3RgLnSLBtenJmuhWAPDxTWmEkpump,90,2026-08-28T04:06:22.641033+00:00,AVAILABLE,5388,-7044,31
fp1sig-56a1b99ecea75a9b6eb8cead,CBtjgD5t37fELJC3RgLnSLBtenJmuhWAPDxTWmEkpump,120,2026-08-28T04:06:52.641033+00:00,AVAILABLE,9098,-7044,51
fp1sig-56a1b99ecea75a9b6eb8cead,CBtjgD5t37fELJC3RgLnSLBtenJmuhWAPDxTWmEkpump,180,2026-08-28T04:07:52.641033+00:00,AVAILABLE,9098,-8130,77
fp1sig-56a1b99ecea75a9b6eb8cead,CBtjgD5t37fELJC3RgLnSLBtenJmuhWAPDxTWmEkpump,300,2026-08-28T04:09:52.641033+00:00,AVAILABLE,9098,-9739,98
fp1sig-56e33b07569649f53916d37a,Ca6tBRAz5SRtJQ6cR7Ft7Avz8YUcNpdHE19EZ5y1pump,5,2026-08-27T14:34:11.064790+00:00,AVAILABLE,384,88,3
fp1sig-56e33b07569649f53916d37a,Ca6tBRAz5SRtJQ6cR7Ft7Avz8YUcNpdHE19EZ5y1pump,10,2026-08-27T14:34:16.064790+00:00,AVAILABLE,384,88,4
fp1sig-56e33b07569649f53916d37a,Ca6tBRAz5SRtJQ6cR7Ft7Avz8YUcNpdHE19EZ5y1pump,15,2026-08-27T14:34:21.064790+00:00,AVAILABLE,384,88,5
fp1sig-56e33b07569649f53916d37a,Ca6tBRAz5SRtJQ6cR7Ft7Avz8YUcNpdHE19EZ5y1pump,20,2026-08-27T14:34:26.064790+00:00,AVAILABLE,416,88,6
fp1sig-56e33b07569649f53916d37a,Ca6tBRAz5SRtJQ6cR7Ft7Avz8YUcNpdHE19EZ5y1pump,30,2026-08-27T14:34:36.064790+00:00,AVAILABLE,485,88,8
fp1sig-56e33b07569649f53916d37a,Ca6tBRAz5SRtJQ6cR7Ft7Avz8YUcNpdHE19EZ5y1pump,45,2026-08-27T14:34:51.064790+00:00,AVAILABLE,2678,88,17
fp1sig-56e33b07569649f53916d37a,Ca6tBRAz5SRtJQ6cR7Ft7Avz8YUcNpdHE19EZ5y1pump,60,2026-08-27T14:35:06.064790+00:00,AVAILABLE,2981,88,21
fp1sig-56e33b07569649f53916d37a,Ca6tBRAz5SRtJQ6cR7Ft7Avz8YUcNpdHE19EZ5y1pump,90,2026-08-27T14:35:36.064790+00:00,AVAILABLE,2981,88,25
fp1sig-56e33b07569649f53916d37a,Ca6tBRAz5SRtJQ6cR7Ft7Avz8YUcNpdHE19EZ5y1pump,120,2026-08-27T14:36:06.064790+00:00,AVAILABLE,2981,-725,36
fp1sig-56e33b07569649f53916d37a,Ca6tBRAz5SRtJQ6cR7Ft7Avz8YUcNpdHE19EZ5y1pump,180,2026-08-27T14:37:06.064790+00:00,AVAILABLE,2981,-1485,77
fp1sig-56e33b07569649f53916d37a,Ca6tBRAz5SRtJQ6cR7Ft7Avz8YUcNpdHE19EZ5y1pump,300,2026-08-27T14:39:06.064790+00:00,AVAILABLE,2981,-1485,97
fp1sig-56eeebd30f30005054e2268b,9EVrUPGhmCxmJK9oxUAfYXe2TStR52tKCEZmdvrmpump,5,2026-08-28T07:28:03.355142+00:00,AVAILABLE,631,-380,4
fp1sig-56eeebd30f30005054e2268b,9EVrUPGhmCxmJK9oxUAfYXe2TStR52tKCEZmdvrmpump,10,2026-08-28T07:28:08.355142+00:00,AVAILABLE,5502,-380,5
fp1sig-56eeebd30f30005054e2268b,9EVrUPGhmCxmJK9oxUAfYXe2TStR52tKCEZmdvrmpump,15,2026-08-28T07:28:13.355142+00:00,AVAILABLE,5502,-380,6
fp1sig-56eeebd30f30005054e2268b,9EVrUPGhmCxmJK9oxUAfYXe2TStR52tKCEZmdvrmpump,20,2026-08-28T07:28:18.355142+00:00,AVAILABLE,5502,-380,6
fp1sig-56eeebd30f30005054e2268b,9EVrUPGhmCxmJK9oxUAfYXe2TStR52tKCEZmdvrmpump,30,2026-08-28T07:28:28.355142+00:00,AVAILABLE,5502,-1227,7
fp1sig-56eeebd30f30005054e2268b,9EVrUPGhmCxmJK9oxUAfYXe2TStR52tKCEZmdvrmpump,45,2026-08-28T07:28:43.355142+00:00,AVAILABLE,5502,-3632,10
fp1sig-56eeebd30f30005054e2268b,9EVrUPGhmCxmJK9oxUAfYXe2TStR52tKCEZmdvrmpump,60,2026-08-28T07:28:58.355142+00:00,AVAILABLE,5502,-6578,12
fp1sig-56eeebd30f30005054e2268b,9EVrUPGhmCxmJK9oxUAfYXe2TStR52tKCEZmdvrmpump,90,2026-08-28T07:29:28.355142+00:00,AVAILABLE,5502,-6988,13
fp1sig-56eeebd30f30005054e2268b,9EVrUPGhmCxmJK9oxUAfYXe2TStR52tKCEZmdvrmpump,120,2026-08-28T07:29:58.355142+00:00,AVAILABLE,5502,-6988,14
fp1sig-56eeebd30f30005054e2268b,9EVrUPGhmCxmJK9oxUAfYXe2TStR52tKCEZmdvrmpump,180,2026-08-28T07:30:58.355142+00:00,AVAILABLE,5502,-6988,17
fp1sig-56eeebd30f30005054e2268b,9EVrUPGhmCxmJK9oxUAfYXe2TStR52tKCEZmdvrmpump,300,2026-08-28T07:32:58.355142+00:00,AVAILABLE,5502,-6988,22
fp1sig-572891be3b33cfcf7cbbdef4,5JYPptLZjK2jjSnuXHmhb6v231XhWPBkFn9vELaJpump,5,2026-08-27T18:00:02.048379+00:00,AVAILABLE,-1079,-1128,2
fp1sig-572891be3b33cfcf7cbbdef4,5JYPptLZjK2jjSnuXHmhb6v231XhWPBkFn9vELaJpump,10,2026-08-27T18:00:07.048379+00:00,AVAILABLE,-891,-1165,10
fp1sig-572891be3b33cfcf7cbbdef4,5JYPptLZjK2jjSnuXHmhb6v231XhWPBkFn9vELaJpump,15,2026-08-27T18:00:12.048379+00:00,AVAILABLE,-891,-1165,14
fp1sig-572891be3b33cfcf7cbbdef4,5JYPptLZjK2jjSnuXHmhb6v231XhWPBkFn9vELaJpump,20,2026-08-27T18:00:17.048379+00:00,AVAILABLE,-891,-1165,16
fp1sig-572891be3b33cfcf7cbbdef4,5JYPptLZjK2jjSnuXHmhb6v231XhWPBkFn9vELaJpump,30,2026-08-27T18:00:27.048379+00:00,AVAILABLE,-789,-1666,25
fp1sig-572891be3b33cfcf7cbbdef4,5JYPptLZjK2jjSnuXHmhb6v231XhWPBkFn9vELaJpump,45,2026-08-27T18:00:42.048379+00:00,AVAILABLE,-499,-1666,34
fp1sig-572891be3b33cfcf7cbbdef4,5JYPptLZjK2jjSnuXHmhb6v231XhWPBkFn9vELaJpump,60,2026-08-27T18:00:57.048379+00:00,AVAILABLE,-382,-1666,45
fp1sig-572891be3b33cfcf7cbbdef4,5JYPptLZjK2jjSnuXHmhb6v231XhWPBkFn9vELaJpump,90,2026-08-27T18:01:27.048379+00:00,AVAILABLE,578,-1666,70
fp1sig-572891be3b33cfcf7cbbdef4,5JYPptLZjK2jjSnuXHmhb6v231XhWPBkFn9vELaJpump,120,2026-08-27T18:01:57.048379+00:00,AVAILABLE,3532,-1666,102
fp1sig-572891be3b33cfcf7cbbdef4,5JYPptLZjK2jjSnuXHmhb6v231XhWPBkFn9vELaJpump,180,2026-08-27T18:02:57.048379+00:00,AVAILABLE,6186,-1666,174
fp1sig-572891be3b33cfcf7cbbdef4,5JYPptLZjK2jjSnuXHmhb6v231XhWPBkFn9vELaJpump,300,2026-08-27T18:04:57.048379+00:00,AVAILABLE,6186,-1752,216
fp1sig-57a3f9d10cf681c6f454e5f8,EK8H3MHSD4XvxqdSjkbgv3MFqCQ4uw2yGt5z1Srepump,5,2026-08-28T10:12:45.679642+00:00,AVAILABLE,-224,-483,3
fp1sig-57a3f9d10cf681c6f454e5f8,EK8H3MHSD4XvxqdSjkbgv3MFqCQ4uw2yGt5z1Srepump,10,2026-08-28T10:12:50.679642+00:00,AVAILABLE,314,-483,5
fp1sig-57a3f9d10cf681c6f454e5f8,EK8H3MHSD4XvxqdSjkbgv3MFqCQ4uw2yGt5z1Srepump,15,2026-08-28T10:12:55.679642+00:00,AVAILABLE,1486,-483,10
fp1sig-57a3f9d10cf681c6f454e5f8,EK8H3MHSD4XvxqdSjkbgv3MFqCQ4uw2yGt5z1Srepump,20,2026-08-28T10:13:00.679642+00:00,AVAILABLE,1946,-483,11
fp1sig-57a3f9d10cf681c6f454e5f8,EK8H3MHSD4XvxqdSjkbgv3MFqCQ4uw2yGt5z1Srepump,30,2026-08-28T10:13:10.679642+00:00,AVAILABLE,1946,-483,21
fp1sig-57a3f9d10cf681c6f454e5f8,EK8H3MHSD4XvxqdSjkbgv3MFqCQ4uw2yGt5z1Srepump,45,2026-08-28T10:13:25.679642+00:00,AVAILABLE,1946,-614,38
fp1sig-57a3f9d10cf681c6f454e5f8,EK8H3MHSD4XvxqdSjkbgv3MFqCQ4uw2yGt5z1Srepump,60,2026-08-28T10:13:40.679642+00:00,AVAILABLE,1946,-614,43
fp1sig-57a3f9d10cf681c6f454e5f8,EK8H3MHSD4XvxqdSjkbgv3MFqCQ4uw2yGt5z1Srepump,90,2026-08-28T10:14:10.679642+00:00,AVAILABLE,5683,-614,73
fp1sig-57a3f9d10cf681c6f454e5f8,EK8H3MHSD4XvxqdSjkbgv3MFqCQ4uw2yGt5z1Srepump,120,2026-08-28T10:14:40.679642+00:00,AVAILABLE,5683,-614,87
fp1sig-57a3f9d10cf681c6f454e5f8,EK8H3MHSD4XvxqdSjkbgv3MFqCQ4uw2yGt5z1Srepump,180,2026-08-28T10:15:40.679642+00:00,AVAILABLE,5683,-614,98
fp1sig-57a3f9d10cf681c6f454e5f8,EK8H3MHSD4XvxqdSjkbgv3MFqCQ4uw2yGt5z1Srepump,300,2026-08-28T10:17:40.679642+00:00,AVAILABLE,5683,-614,113
fp1sig-5804ef00a96286df94f94461,86qgV9m8rn5vsN5Uwq9r4nKZJypsTQ8Cp7Lx5DXnpump,5,2026-08-28T01:12:01.801971+00:00,AVAILABLE,210,162,2
fp1sig-5804ef00a96286df94f94461,86qgV9m8rn5vsN5Uwq9r4nKZJypsTQ8Cp7Lx5DXnpump,10,2026-08-28T01:12:06.801971+00:00,AVAILABLE,210,-312,4
fp1sig-5804ef00a96286df94f94461,86qgV9m8rn5vsN5Uwq9r4nKZJypsTQ8Cp7Lx5DXnpump,15,2026-08-28T01:12:11.801971+00:00,AVAILABLE,210,-312,5
fp1sig-5804ef00a96286df94f94461,86qgV9m8rn5vsN5Uwq9r4nKZJypsTQ8Cp7Lx5DXnpump,20,2026-08-28T01:12:16.801971+00:00,AVAILABLE,210,-2880,11
fp1sig-5804ef00a96286df94f94461,86qgV9m8rn5vsN5Uwq9r4nKZJypsTQ8Cp7Lx5DXnpump,30,2026-08-28T01:12:26.801971+00:00,AVAILABLE,210,-2880,22
fp1sig-5804ef00a96286df94f94461,86qgV9m8rn5vsN5Uwq9r4nKZJypsTQ8Cp7Lx5DXnpump,45,2026-08-28T01:12:41.801971+00:00,AVAILABLE,210,-3191,28
fp1sig-5804ef00a96286df94f94461,86qgV9m8rn5vsN5Uwq9r4nKZJypsTQ8Cp7Lx5DXnpump,60,2026-08-28T01:12:56.801971+00:00,AVAILABLE,210,-4536,35
fp1sig-5804ef00a96286df94f94461,86qgV9m8rn5vsN5Uwq9r4nKZJypsTQ8Cp7Lx5DXnpump,90,2026-08-28T01:13:26.801971+00:00,AVAILABLE,210,-4537,36
fp1sig-5804ef00a96286df94f94461,86qgV9m8rn5vsN5Uwq9r4nKZJypsTQ8Cp7Lx5DXnpump,120,2026-08-28T01:13:56.801971+00:00,AVAILABLE,210,-4537,36
fp1sig-5804ef00a96286df94f94461,86qgV9m8rn5vsN5Uwq9r4nKZJypsTQ8Cp7Lx5DXnpump,180,2026-08-28T01:14:56.801971+00:00,AVAILABLE,210,-4604,41
fp1sig-5804ef00a96286df94f94461,86qgV9m8rn5vsN5Uwq9r4nKZJypsTQ8Cp7Lx5DXnpump,300,2026-08-28T01:16:56.801971+00:00,AVAILABLE,210,-4604,41
fp1sig-5892b1779f4ec793f3ccbae0,7xexpBjigE8ZC8UqaKBjqoMnWL9ejKpaGL3KvtHTpump,5,2026-08-28T03:32:01.602106+00:00,AVAILABLE,149,-255,2
fp1sig-5892b1779f4ec793f3ccbae0,7xexpBjigE8ZC8UqaKBjqoMnWL9ejKpaGL3KvtHTpump,10,2026-08-28T03:32:06.602106+00:00,AVAILABLE,149,-255,3
fp1sig-5892b1779f4ec793f3ccbae0,7xexpBjigE8ZC8UqaKBjqoMnWL9ejKpaGL3KvtHTpump,15,2026-08-28T03:32:11.602106+00:00,AVAILABLE,149,-255,3
fp1sig-5892b1779f4ec793f3ccbae0,7xexpBjigE8ZC8UqaKBjqoMnWL9ejKpaGL3KvtHTpump,20,2026-08-28T03:32:16.602106+00:00,AVAILABLE,149,-255,6
fp1sig-5892b1779f4ec793f3ccbae0,7xexpBjigE8ZC8UqaKBjqoMnWL9ejKpaGL3KvtHTpump,30,2026-08-28T03:32:26.602106+00:00,AVAILABLE,553,-255,9
fp1sig-5892b1779f4ec793f3ccbae0,7xexpBjigE8ZC8UqaKBjqoMnWL9ejKpaGL3KvtHTpump,45,2026-08-28T03:32:41.602106+00:00,AVAILABLE,553,-1106,15
fp1sig-5892b1779f4ec793f3ccbae0,7xexpBjigE8ZC8UqaKBjqoMnWL9ejKpaGL3KvtHTpump,60,2026-08-28T03:32:56.602106+00:00,AVAILABLE,553,-3224,22
fp1sig-5892b1779f4ec793f3ccbae0,7xexpBjigE8ZC8UqaKBjqoMnWL9ejKpaGL3KvtHTpump,90,2026-08-28T03:33:26.602106+00:00,AVAILABLE,553,-3710,26
fp1sig-5892b1779f4ec793f3ccbae0,7xexpBjigE8ZC8UqaKBjqoMnWL9ejKpaGL3KvtHTpump,120,2026-08-28T03:33:56.602106+00:00,AVAILABLE,553,-3719,29
fp1sig-5892b1779f4ec793f3ccbae0,7xexpBjigE8ZC8UqaKBjqoMnWL9ejKpaGL3KvtHTpump,180,2026-08-28T03:34:56.602106+00:00,AVAILABLE,553,-3719,29
fp1sig-5892b1779f4ec793f3ccbae0,7xexpBjigE8ZC8UqaKBjqoMnWL9ejKpaGL3KvtHTpump,300,2026-08-28T03:36:56.602106+00:00,AVAILABLE,553,-4087,30
fp1sig-59ca9ef809e1ad7fd140e1c8,A9QkvHj118T63W4fzWw3rgQ2fbjVKsnyfL7x6H7apump,5,2026-08-28T04:05:01.183234+00:00,AVAILABLE,1848,-1605,5
fp1sig-59ca9ef809e1ad7fd140e1c8,A9QkvHj118T63W4fzWw3rgQ2fbjVKsnyfL7x6H7apump,10,2026-08-28T04:05:06.183234+00:00,AVAILABLE,1848,-5521,9
fp1sig-59ca9ef809e1ad7fd140e1c8,A9QkvHj118T63W4fzWw3rgQ2fbjVKsnyfL7x6H7apump,15,2026-08-28T04:05:11.183234+00:00,AVAILABLE,1848,-6828,10
fp1sig-59ca9ef809e1ad7fd140e1c8,A9QkvHj118T63W4fzWw3rgQ2fbjVKsnyfL7x6H7apump,20,2026-08-28T04:05:16.183234+00:00,AVAILABLE,1848,-6828,15
fp1sig-59ca9ef809e1ad7fd140e1c8,A9QkvHj118T63W4fzWw3rgQ2fbjVKsnyfL7x6H7apump,30,2026-08-28T04:05:26.183234+00:00,AVAILABLE,1848,-6828,19
fp1sig-59ca9ef809e1ad7fd140e1c8,A9QkvHj118T63W4fzWw3rgQ2fbjVKsnyfL7x6H7apump,45,2026-08-28T04:05:41.183234+00:00,AVAILABLE,1848,-6828,24
fp1sig-59ca9ef809e1ad7fd140e1c8,A9QkvHj118T63W4fzWw3rgQ2fbjVKsnyfL7x6H7apump,60,2026-08-28T04:05:56.183234+00:00,AVAILABLE,3071,-6828,29
fp1sig-59ca9ef809e1ad7fd140e1c8,A9QkvHj118T63W4fzWw3rgQ2fbjVKsnyfL7x6H7apump,90,2026-08-28T04:06:26.183234+00:00,AVAILABLE,3071,-6828,40
fp1sig-59ca9ef809e1ad7fd140e1c8,A9QkvHj118T63W4fzWw3rgQ2fbjVKsnyfL7x6H7apump,120,2026-08-28T04:06:56.183234+00:00,AVAILABLE,3071,-6828,55
fp1sig-59ca9ef809e1ad7fd140e1c8,A9QkvHj118T63W4fzWw3rgQ2fbjVKsnyfL7x6H7apump,180,2026-08-28T04:07:56.183234+00:00,AVAILABLE,3071,-8949,82
fp1sig-59ca9ef809e1ad7fd140e1c8,A9QkvHj118T63W4fzWw3rgQ2fbjVKsnyfL7x6H7apump,300,2026-08-28T04:09:56.183234+00:00,AVAILABLE,3071,-9138,118
fp1sig-5a5fab6a919bdafec18529cf,4XPeDTbktgn3LdRirFMR1UdGWT7Zdqcxk1XB11BKpump,5,2026-08-28T03:23:39.041606+00:00,AVAILABLE,1464,212,3
fp1sig-5a5fab6a919bdafec18529cf,4XPeDTbktgn3LdRirFMR1UdGWT7Zdqcxk1XB11BKpump,10,2026-08-28T03:23:44.041606+00:00,AVAILABLE,4800,212,4
fp1sig-5a5fab6a919bdafec18529cf,4XPeDTbktgn3LdRirFMR1UdGWT7Zdqcxk1XB11BKpump,15,2026-08-28T03:23:49.041606+00:00,AVAILABLE,4800,212,6
fp1sig-5a5fab6a919bdafec18529cf,4XPeDTbktgn3LdRirFMR1UdGWT7Zdqcxk1XB11BKpump,20,2026-08-28T03:23:54.041606+00:00,AVAILABLE,4800,212,6
fp1sig-5a5fab6a919bdafec18529cf,4XPeDTbktgn3LdRirFMR1UdGWT7Zdqcxk1XB11BKpump,30,2026-08-28T03:24:04.041606+00:00,AVAILABLE,4800,212,6
fp1sig-5a5fab6a919bdafec18529cf,4XPeDTbktgn3LdRirFMR1UdGWT7Zdqcxk1XB11BKpump,45,2026-08-28T03:24:19.041606+00:00,AVAILABLE,6170,212,9
fp1sig-5a5fab6a919bdafec18529cf,4XPeDTbktgn3LdRirFMR1UdGWT7Zdqcxk1XB11BKpump,60,2026-08-28T03:24:34.041606+00:00,AVAILABLE,6647,212,13
fp1sig-5a5fab6a919bdafec18529cf,4XPeDTbktgn3LdRirFMR1UdGWT7Zdqcxk1XB11BKpump,90,2026-08-28T03:25:04.041606+00:00,AVAILABLE,13981,212,19
fp1sig-5a5fab6a919bdafec18529cf,4XPeDTbktgn3LdRirFMR1UdGWT7Zdqcxk1XB11BKpump,120,2026-08-28T03:25:34.041606+00:00,AVAILABLE,13981,212,22
fp1sig-5a5fab6a919bdafec18529cf,4XPeDTbktgn3LdRirFMR1UdGWT7Zdqcxk1XB11BKpump,180,2026-08-28T03:26:34.041606+00:00,AVAILABLE,14314,-592,28
fp1sig-5a5fab6a919bdafec18529cf,4XPeDTbktgn3LdRirFMR1UdGWT7Zdqcxk1XB11BKpump,300,2026-08-28T03:28:34.041606+00:00,AVAILABLE,14314,-7975,43
fp1sig-5ad5f815b5578dde25f933d1,3ru5YQL4PyaBLyUTR5zMNm7q2Gym3ftW3JGZaciSpump,5,2026-08-28T10:05:02.871559+00:00,MISSING,,,0
fp1sig-5ad5f815b5578dde25f933d1,3ru5YQL4PyaBLyUTR5zMNm7q2Gym3ftW3JGZaciSpump,10,2026-08-28T10:05:07.871559+00:00,AVAILABLE,431,431,1
fp1sig-5ad5f815b5578dde25f933d1,3ru5YQL4PyaBLyUTR5zMNm7q2Gym3ftW3JGZaciSpump,15,2026-08-28T10:05:12.871559+00:00,AVAILABLE,431,-419,3
fp1sig-5ad5f815b5578dde25f933d1,3ru5YQL4PyaBLyUTR5zMNm7q2Gym3ftW3JGZaciSpump,20,2026-08-28T10:05:17.871559+00:00,AVAILABLE,431,-419,3
fp1sig-5ad5f815b5578dde25f933d1,3ru5YQL4PyaBLyUTR5zMNm7q2Gym3ftW3JGZaciSpump,30,2026-08-28T10:05:27.871559+00:00,AVAILABLE,431,-1160,4
fp1sig-5ad5f815b5578dde25f933d1,3ru5YQL4PyaBLyUTR5zMNm7q2Gym3ftW3JGZaciSpump,45,2026-08-28T10:05:42.871559+00:00,AVAILABLE,431,-1160,4
fp1sig-5ad5f815b5578dde25f933d1,3ru5YQL4PyaBLyUTR5zMNm7q2Gym3ftW3JGZaciSpump,60,2026-08-28T10:05:57.871559+00:00,AVAILABLE,431,-1265,6
fp1sig-5ad5f815b5578dde25f933d1,3ru5YQL4PyaBLyUTR5zMNm7q2Gym3ftW3JGZaciSpump,90,2026-08-28T10:06:27.871559+00:00,AVAILABLE,431,-1886,9
fp1sig-5ad5f815b5578dde25f933d1,3ru5YQL4PyaBLyUTR5zMNm7q2Gym3ftW3JGZaciSpump,120,2026-08-28T10:06:57.871559+00:00,AVAILABLE,431,-3535,17
fp1sig-5ad5f815b5578dde25f933d1,3ru5YQL4PyaBLyUTR5zMNm7q2Gym3ftW3JGZaciSpump,180,2026-08-28T10:07:57.871559+00:00,AVAILABLE,431,-3535,17
fp1sig-5ad5f815b5578dde25f933d1,3ru5YQL4PyaBLyUTR5zMNm7q2Gym3ftW3JGZaciSpump,300,2026-08-28T10:09:57.871559+00:00,AVAILABLE,431,-3535,17
fp1sig-5b02ebad595df7bf21915020,EBgE3GZUz4K7eSH9Un5gXYtCY3xoX4Yd2mc1Dnmepump,5,2026-08-28T03:18:36.378737+00:00,AVAILABLE,-1641,-1749,2
fp1sig-5b02ebad595df7bf21915020,EBgE3GZUz4K7eSH9Un5gXYtCY3xoX4Yd2mc1Dnmepump,10,2026-08-28T03:18:41.378737+00:00,AVAILABLE,-1641,-2711,3
fp1sig-5b02ebad595df7bf21915020,EBgE3GZUz4K7eSH9Un5gXYtCY3xoX4Yd2mc1Dnmepump,15,2026-08-28T03:18:46.378737+00:00,AVAILABLE,780,-2711,6
fp1sig-5b02ebad595df7bf21915020,EBgE3GZUz4K7eSH9Un5gXYtCY3xoX4Yd2mc1Dnmepump,20,2026-08-28T03:18:51.378737+00:00,AVAILABLE,5102,-2711,7
fp1sig-5b02ebad595df7bf21915020,EBgE3GZUz4K7eSH9Un5gXYtCY3xoX4Yd2mc1Dnmepump,30,2026-08-28T03:19:01.378737+00:00,AVAILABLE,5102,-2711,8
fp1sig-5b02ebad595df7bf21915020,EBgE3GZUz4K7eSH9Un5gXYtCY3xoX4Yd2mc1Dnmepump,45,2026-08-28T03:19:16.378737+00:00,AVAILABLE,12530,-2711,14
fp1sig-5b02ebad595df7bf21915020,EBgE3GZUz4K7eSH9Un5gXYtCY3xoX4Yd2mc1Dnmepump,60,2026-08-28T03:19:31.378737+00:00,AVAILABLE,12530,-2711,14
fp1sig-5b02ebad595df7bf21915020,EBgE3GZUz4K7eSH9Un5gXYtCY3xoX4Yd2mc1Dnmepump,90,2026-08-28T03:20:01.378737+00:00,AVAILABLE,12530,-2711,14
fp1sig-5b02ebad595df7bf21915020,EBgE3GZUz4K7eSH9Un5gXYtCY3xoX4Yd2mc1Dnmepump,120,2026-08-28T03:20:31.378737+00:00,AVAILABLE,12530,-2711,14
fp1sig-5b02ebad595df7bf21915020,EBgE3GZUz4K7eSH9Un5gXYtCY3xoX4Yd2mc1Dnmepump,180,2026-08-28T03:21:31.378737+00:00,AVAILABLE,12530,-2711,14
fp1sig-5b02ebad595df7bf21915020,EBgE3GZUz4K7eSH9Un5gXYtCY3xoX4Yd2mc1Dnmepump,300,2026-08-28T03:23:31.378737+00:00,AVAILABLE,12530,-2711,14
fp1sig-5bf0da072a02e518c9bc016a,9B2pRNhkpwFHrbtV3H6UZRjhhynkZikdZ7wXqAf1monk,5,2026-08-28T01:15:39.454669+00:00,AVAILABLE,284,194,2
fp1sig-5bf0da072a02e518c9bc016a,9B2pRNhkpwFHrbtV3H6UZRjhhynkZikdZ7wXqAf1monk,10,2026-08-28T01:15:44.454669+00:00,AVAILABLE,284,194,2
fp1sig-5bf0da072a02e518c9bc016a,9B2pRNhkpwFHrbtV3H6UZRjhhynkZikdZ7wXqAf1monk,15,2026-08-28T01:15:49.454669+00:00,AVAILABLE,284,38,3
fp1sig-5bf0da072a02e518c9bc016a,9B2pRNhkpwFHrbtV3H6UZRjhhynkZikdZ7wXqAf1monk,20,2026-08-28T01:15:54.454669+00:00,AVAILABLE,284,38,3
fp1sig-5bf0da072a02e518c9bc016a,9B2pRNhkpwFHrbtV3H6UZRjhhynkZikdZ7wXqAf1monk,30,2026-08-28T01:16:04.454669+00:00,AVAILABLE,284,-962,6
fp1sig-5bf0da072a02e518c9bc016a,9B2pRNhkpwFHrbtV3H6UZRjhhynkZikdZ7wXqAf1monk,45,2026-08-28T01:16:19.454669+00:00,AVAILABLE,380,-962,11
fp1sig-5bf0da072a02e518c9bc016a,9B2pRNhkpwFHrbtV3H6UZRjhhynkZikdZ7wXqAf1monk,60,2026-08-28T01:16:34.454669+00:00,AVAILABLE,1445,-962,28
fp1sig-5bf0da072a02e518c9bc016a,9B2pRNhkpwFHrbtV3H6UZRjhhynkZikdZ7wXqAf1monk,90,2026-08-28T01:17:04.454669+00:00,AVAILABLE,2839,-962,77
fp1sig-5bf0da072a02e518c9bc016a,9B2pRNhkpwFHrbtV3H6UZRjhhynkZikdZ7wXqAf1monk,120,2026-08-28T01:17:34.454669+00:00,AVAILABLE,3787,-962,96
fp1sig-5bf0da072a02e518c9bc016a,9B2pRNhkpwFHrbtV3H6UZRjhhynkZikdZ7wXqAf1monk,180,2026-08-28T01:18:34.454669+00:00,AVAILABLE,5547,-962,146
fp1sig-5bf0da072a02e518c9bc016a,9B2pRNhkpwFHrbtV3H6UZRjhhynkZikdZ7wXqAf1monk,300,2026-08-28T01:20:34.454669+00:00,AVAILABLE,5547,-962,179
fp1sig-5d3d665e711191fa751d8707,CSgQNMfrAH38VsXuMCTRq3GemayZXk4R9q7s4Urkpump,5,2026-08-28T05:51:45.956724+00:00,AVAILABLE,-1578,-2231,2
fp1sig-5d3d665e711191fa751d8707,CSgQNMfrAH38VsXuMCTRq3GemayZXk4R9q7s4Urkpump,10,2026-08-28T05:51:50.956724+00:00,AVAILABLE,-458,-2231,5
fp1sig-5d3d665e711191fa751d8707,CSgQNMfrAH38VsXuMCTRq3GemayZXk4R9q7s4Urkpump,15,2026-08-28T05:51:55.956724+00:00,AVAILABLE,-354,-2231,7
fp1sig-5d3d665e711191fa751d8707,CSgQNMfrAH38VsXuMCTRq3GemayZXk4R9q7s4Urkpump,20,2026-08-28T05:52:00.956724+00:00,AVAILABLE,-354,-2231,9
fp1sig-5d3d665e711191fa751d8707,CSgQNMfrAH38VsXuMCTRq3GemayZXk4R9q7s4Urkpump,30,2026-08-28T05:52:10.956724+00:00,AVAILABLE,-354,-4995,12
fp1sig-5d3d665e711191fa751d8707,CSgQNMfrAH38VsXuMCTRq3GemayZXk4R9q7s4Urkpump,45,2026-08-28T05:52:25.956724+00:00,AVAILABLE,-354,-5736,16
fp1sig-5d3d665e711191fa751d8707,CSgQNMfrAH38VsXuMCTRq3GemayZXk4R9q7s4Urkpump,60,2026-08-28T05:52:40.956724+00:00,AVAILABLE,-354,-6430,22
fp1sig-5d3d665e711191fa751d8707,CSgQNMfrAH38VsXuMCTRq3GemayZXk4R9q7s4Urkpump,90,2026-08-28T05:53:10.956724+00:00,AVAILABLE,-354,-9008,30
fp1sig-5d3d665e711191fa751d8707,CSgQNMfrAH38VsXuMCTRq3GemayZXk4R9q7s4Urkpump,120,2026-08-28T05:53:40.956724+00:00,AVAILABLE,-354,-9124,31
fp1sig-5d3d665e711191fa751d8707,CSgQNMfrAH38VsXuMCTRq3GemayZXk4R9q7s4Urkpump,180,2026-08-28T05:54:40.956724+00:00,AVAILABLE,-354,-9196,34
fp1sig-5d3d665e711191fa751d8707,CSgQNMfrAH38VsXuMCTRq3GemayZXk4R9q7s4Urkpump,300,2026-08-28T05:56:40.956724+00:00,AVAILABLE,-354,-9196,39
fp1sig-5d8b13c9c91374b57c858078,F66am9H2rd4c2V32MAyxmnXETR9zN8ypZoeq7Dfrpump,5,2026-08-28T04:14:33.909081+00:00,AVAILABLE,-505,-2140,3
fp1sig-5d8b13c9c91374b57c858078,F66am9H2rd4c2V32MAyxmnXETR9zN8ypZoeq7Dfrpump,10,2026-08-28T04:14:38.909081+00:00,AVAILABLE,-505,-2140,3
fp1sig-5d8b13c9c91374b57c858078,F66am9H2rd4c2V32MAyxmnXETR9zN8ypZoeq7Dfrpump,15,2026-08-28T04:14:43.909081+00:00,AVAILABLE,-505,-2140,4
fp1sig-5d8b13c9c91374b57c858078,F66am9H2rd4c2V32MAyxmnXETR9zN8ypZoeq7Dfrpump,20,2026-08-28T04:14:48.909081+00:00,AVAILABLE,-505,-2140,4
fp1sig-5d8b13c9c91374b57c858078,F66am9H2rd4c2V32MAyxmnXETR9zN8ypZoeq7Dfrpump,30,2026-08-28T04:14:58.909081+00:00,AVAILABLE,-505,-2206,7
fp1sig-5d8b13c9c91374b57c858078,F66am9H2rd4c2V32MAyxmnXETR9zN8ypZoeq7Dfrpump,45,2026-08-28T04:15:13.909081+00:00,AVAILABLE,-505,-2206,11
fp1sig-5d8b13c9c91374b57c858078,F66am9H2rd4c2V32MAyxmnXETR9zN8ypZoeq7Dfrpump,60,2026-08-28T04:15:28.909081+00:00,AVAILABLE,-505,-2206,21
fp1sig-5d8b13c9c91374b57c858078,F66am9H2rd4c2V32MAyxmnXETR9zN8ypZoeq7Dfrpump,90,2026-08-28T04:15:58.909081+00:00,AVAILABLE,-505,-2206,27
fp1sig-5d8b13c9c91374b57c858078,F66am9H2rd4c2V32MAyxmnXETR9zN8ypZoeq7Dfrpump,120,2026-08-28T04:16:28.909081+00:00,AVAILABLE,-505,-2206,36
fp1sig-5d8b13c9c91374b57c858078,F66am9H2rd4c2V32MAyxmnXETR9zN8ypZoeq7Dfrpump,180,2026-08-28T04:17:28.909081+00:00,AVAILABLE,-505,-2206,38
fp1sig-5d8b13c9c91374b57c858078,F66am9H2rd4c2V32MAyxmnXETR9zN8ypZoeq7Dfrpump,300,2026-08-28T04:19:28.909081+00:00,AVAILABLE,-505,-2206,38
fp1sig-5da3e0b729b9886bb5af5cb2,HZJK8yQATinLJSsj6RJvPZAim8ezdPNpsu6ZX7Tipump,5,2026-08-27T21:41:19.698223+00:00,AVAILABLE,156,-413,6
fp1sig-5da3e0b729b9886bb5af5cb2,HZJK8yQATinLJSsj6RJvPZAim8ezdPNpsu6ZX7Tipump,10,2026-08-27T21:41:24.698223+00:00,AVAILABLE,1201,-413,8
fp1sig-5da3e0b729b9886bb5af5cb2,HZJK8yQATinLJSsj6RJvPZAim8ezdPNpsu6ZX7Tipump,15,2026-08-27T21:41:29.698223+00:00,AVAILABLE,1201,-413,11
fp1sig-5da3e0b729b9886bb5af5cb2,HZJK8yQATinLJSsj6RJvPZAim8ezdPNpsu6ZX7Tipump,20,2026-08-27T21:41:34.698223+00:00,AVAILABLE,1492,-413,17
fp1sig-5da3e0b729b9886bb5af5cb2,HZJK8yQATinLJSsj6RJvPZAim8ezdPNpsu6ZX7Tipump,30,2026-08-27T21:41:44.698223+00:00,AVAILABLE,1658,-413,21
fp1sig-5da3e0b729b9886bb5af5cb2,HZJK8yQATinLJSsj6RJvPZAim8ezdPNpsu6ZX7Tipump,45,2026-08-27T21:41:59.698223+00:00,AVAILABLE,5390,-413,33
fp1sig-5da3e0b729b9886bb5af5cb2,HZJK8yQATinLJSsj6RJvPZAim8ezdPNpsu6ZX7Tipump,60,2026-08-27T21:42:14.698223+00:00,AVAILABLE,5390,-413,36
fp1sig-5da3e0b729b9886bb5af5cb2,HZJK8yQATinLJSsj6RJvPZAim8ezdPNpsu6ZX7Tipump,90,2026-08-27T21:42:44.698223+00:00,AVAILABLE,5390,-413,55
fp1sig-5da3e0b729b9886bb5af5cb2,HZJK8yQATinLJSsj6RJvPZAim8ezdPNpsu6ZX7Tipump,120,2026-08-27T21:43:14.698223+00:00,AVAILABLE,6013,-413,74
fp1sig-5da3e0b729b9886bb5af5cb2,HZJK8yQATinLJSsj6RJvPZAim8ezdPNpsu6ZX7Tipump,180,2026-08-27T21:44:14.698223+00:00,AVAILABLE,6652,-413,115
fp1sig-5da3e0b729b9886bb5af5cb2,HZJK8yQATinLJSsj6RJvPZAim8ezdPNpsu6ZX7Tipump,300,2026-08-27T21:46:14.698223+00:00,AVAILABLE,6652,-413,158
fp1sig-5dc0125ed4c84d8566672d8a,FjJeEwJ57TLRjyGN6SYht8gH1u1DYChkAu89i7aUpump,5,2026-08-28T07:38:20.107487+00:00,MISSING,,,0
fp1sig-5dc0125ed4c84d8566672d8a,FjJeEwJ57TLRjyGN6SYht8gH1u1DYChkAu89i7aUpump,10,2026-08-28T07:38:25.107487+00:00,AVAILABLE,-2818,-2818,1
fp1sig-5dc0125ed4c84d8566672d8a,FjJeEwJ57TLRjyGN6SYht8gH1u1DYChkAu89i7aUpump,15,2026-08-28T07:38:30.107487+00:00,AVAILABLE,-2818,-2818,1
fp1sig-5dc0125ed4c84d8566672d8a,FjJeEwJ57TLRjyGN6SYht8gH1u1DYChkAu89i7aUpump,20,2026-08-28T07:38:35.107487+00:00,AVAILABLE,-2818,-3838,2
fp1sig-5dc0125ed4c84d8566672d8a,FjJeEwJ57TLRjyGN6SYht8gH1u1DYChkAu89i7aUpump,30,2026-08-28T07:38:45.107487+00:00,AVAILABLE,-2818,-3872,3
fp1sig-5dc0125ed4c84d8566672d8a,FjJeEwJ57TLRjyGN6SYht8gH1u1DYChkAu89i7aUpump,45,2026-08-28T07:39:00.107487+00:00,AVAILABLE,-2818,-5740,5
fp1sig-5dc0125ed4c84d8566672d8a,FjJeEwJ57TLRjyGN6SYht8gH1u1DYChkAu89i7aUpump,60,2026-08-28T07:39:15.107487+00:00,AVAILABLE,-2818,-6794,7
fp1sig-5dc0125ed4c84d8566672d8a,FjJeEwJ57TLRjyGN6SYht8gH1u1DYChkAu89i7aUpump,90,2026-08-28T07:39:45.107487+00:00,AVAILABLE,-2818,-6794,9
fp1sig-5dc0125ed4c84d8566672d8a,FjJeEwJ57TLRjyGN6SYht8gH1u1DYChkAu89i7aUpump,120,2026-08-28T07:40:15.107487+00:00,AVAILABLE,-2818,-6794,9
fp1sig-5dc0125ed4c84d8566672d8a,FjJeEwJ57TLRjyGN6SYht8gH1u1DYChkAu89i7aUpump,180,2026-08-28T07:41:15.107487+00:00,AVAILABLE,-2818,-6794,9
fp1sig-5dc0125ed4c84d8566672d8a,FjJeEwJ57TLRjyGN6SYht8gH1u1DYChkAu89i7aUpump,300,2026-08-28T07:43:15.107487+00:00,AVAILABLE,-2818,-6794,9
fp1sig-5dd38f899ebdc2803f8477f2,25FJVHWsMrhnBQVu3ZM4rqG7KCTt5ARPbQQoJDi7pump,5,2026-08-28T00:01:03.803368+00:00,MISSING,,,0
fp1sig-5dd38f899ebdc2803f8477f2,25FJVHWsMrhnBQVu3ZM4rqG7KCTt5ARPbQQoJDi7pump,10,2026-08-28T00:01:08.803368+00:00,MISSING,,,0
fp1sig-5dd38f899ebdc2803f8477f2,25FJVHWsMrhnBQVu3ZM4rqG7KCTt5ARPbQQoJDi7pump,15,2026-08-28T00:01:13.803368+00:00,MISSING,,,0
fp1sig-5dd38f899ebdc2803f8477f2,25FJVHWsMrhnBQVu3ZM4rqG7KCTt5ARPbQQoJDi7pump,20,2026-08-28T00:01:18.803368+00:00,AVAILABLE,81,-1515,2
fp1sig-5dd38f899ebdc2803f8477f2,25FJVHWsMrhnBQVu3ZM4rqG7KCTt5ARPbQQoJDi7pump,30,2026-08-28T00:01:28.803368+00:00,AVAILABLE,81,-1515,2
fp1sig-5dd38f899ebdc2803f8477f2,25FJVHWsMrhnBQVu3ZM4rqG7KCTt5ARPbQQoJDi7pump,45,2026-08-28T00:01:43.803368+00:00,AVAILABLE,180,-2685,4
fp1sig-5dd38f899ebdc2803f8477f2,25FJVHWsMrhnBQVu3ZM4rqG7KCTt5ARPbQQoJDi7pump,60,2026-08-28T00:01:58.803368+00:00,AVAILABLE,180,-2685,5
fp1sig-5dd38f899ebdc2803f8477f2,25FJVHWsMrhnBQVu3ZM4rqG7KCTt5ARPbQQoJDi7pump,90,2026-08-28T00:02:28.803368+00:00,AVAILABLE,180,-2685,6
fp1sig-5dd38f899ebdc2803f8477f2,25FJVHWsMrhnBQVu3ZM4rqG7KCTt5ARPbQQoJDi7pump,120,2026-08-28T00:02:58.803368+00:00,AVAILABLE,180,-3323,8
fp1sig-5dd38f899ebdc2803f8477f2,25FJVHWsMrhnBQVu3ZM4rqG7KCTt5ARPbQQoJDi7pump,180,2026-08-28T00:03:58.803368+00:00,AVAILABLE,5189,-3323,15
fp1sig-5dd38f899ebdc2803f8477f2,25FJVHWsMrhnBQVu3ZM4rqG7KCTt5ARPbQQoJDi7pump,300,2026-08-28T00:05:58.803368+00:00,AVAILABLE,8495,-3323,27
fp1sig-5dec20bde3aad4c22a229e53,4WWucgrbbEwLUFHW8cE7GT91M61D8XiYecHRhvv6pump,5,2026-08-27T12:50:48.882380+00:00,MISSING,,,0
fp1sig-5dec20bde3aad4c22a229e53,4WWucgrbbEwLUFHW8cE7GT91M61D8XiYecHRhvv6pump,10,2026-08-27T12:50:53.882380+00:00,MISSING,,,0
fp1sig-5dec20bde3aad4c22a229e53,4WWucgrbbEwLUFHW8cE7GT91M61D8XiYecHRhvv6pump,15,2026-08-27T12:50:58.882380+00:00,MISSING,,,0
fp1sig-5dec20bde3aad4c22a229e53,4WWucgrbbEwLUFHW8cE7GT91M61D8XiYecHRhvv6pump,20,2026-08-27T12:51:03.882380+00:00,AVAILABLE,-297,-297,1
fp1sig-5dec20bde3aad4c22a229e53,4WWucgrbbEwLUFHW8cE7GT91M61D8XiYecHRhvv6pump,30,2026-08-27T12:51:13.882380+00:00,AVAILABLE,-297,-297,1
fp1sig-5dec20bde3aad4c22a229e53,4WWucgrbbEwLUFHW8cE7GT91M61D8XiYecHRhvv6pump,45,2026-08-27T12:51:28.882380+00:00,AVAILABLE,-297,-297,1
fp1sig-5dec20bde3aad4c22a229e53,4WWucgrbbEwLUFHW8cE7GT91M61D8XiYecHRhvv6pump,60,2026-08-27T12:51:43.882380+00:00,AVAILABLE,-284,-297,2
fp1sig-5dec20bde3aad4c22a229e53,4WWucgrbbEwLUFHW8cE7GT91M61D8XiYecHRhvv6pump,90,2026-08-27T12:52:13.882380+00:00,AVAILABLE,-284,-1493,3
fp1sig-5dec20bde3aad4c22a229e53,4WWucgrbbEwLUFHW8cE7GT91M61D8XiYecHRhvv6pump,120,2026-08-27T12:52:43.882380+00:00,AVAILABLE,-284,-1493,3
fp1sig-5dec20bde3aad4c22a229e53,4WWucgrbbEwLUFHW8cE7GT91M61D8XiYecHRhvv6pump,180,2026-08-27T12:53:43.882380+00:00,AVAILABLE,-284,-1493,3
fp1sig-5dec20bde3aad4c22a229e53,4WWucgrbbEwLUFHW8cE7GT91M61D8XiYecHRhvv6pump,300,2026-08-27T12:55:43.882380+00:00,AVAILABLE,-284,-1583,5
fp1sig-5e405f98a0659954c9e4f245,6tNFoXAoQVqGjCEHzehbC8FgFc7Cskkt6wprdVLApump,5,2026-08-28T04:40:48.410150+00:00,AVAILABLE,1478,571,8
fp1sig-5e405f98a0659954c9e4f245,6tNFoXAoQVqGjCEHzehbC8FgFc7Cskkt6wprdVLApump,10,2026-08-28T04:40:53.410150+00:00,AVAILABLE,1478,571,8
fp1sig-5e405f98a0659954c9e4f245,6tNFoXAoQVqGjCEHzehbC8FgFc7Cskkt6wprdVLApump,15,2026-08-28T04:40:58.410150+00:00,AVAILABLE,2140,571,14
fp1sig-5e405f98a0659954c9e4f245,6tNFoXAoQVqGjCEHzehbC8FgFc7Cskkt6wprdVLApump,20,2026-08-28T04:41:03.410150+00:00,AVAILABLE,2140,571,17
fp1sig-5e405f98a0659954c9e4f245,6tNFoXAoQVqGjCEHzehbC8FgFc7Cskkt6wprdVLApump,30,2026-08-28T04:41:13.410150+00:00,AVAILABLE,2140,571,18
fp1sig-5e405f98a0659954c9e4f245,6tNFoXAoQVqGjCEHzehbC8FgFc7Cskkt6wprdVLApump,45,2026-08-28T04:41:28.410150+00:00,AVAILABLE,2140,406,22
fp1sig-5e405f98a0659954c9e4f245,6tNFoXAoQVqGjCEHzehbC8FgFc7Cskkt6wprdVLApump,60,2026-08-28T04:41:43.410150+00:00,AVAILABLE,2140,406,22
fp1sig-5e405f98a0659954c9e4f245,6tNFoXAoQVqGjCEHzehbC8FgFc7Cskkt6wprdVLApump,90,2026-08-28T04:42:13.410150+00:00,AVAILABLE,2140,176,28
fp1sig-5e405f98a0659954c9e4f245,6tNFoXAoQVqGjCEHzehbC8FgFc7Cskkt6wprdVLApump,120,2026-08-28T04:42:43.410150+00:00,AVAILABLE,2140,-264,31
fp1sig-5e405f98a0659954c9e4f245,6tNFoXAoQVqGjCEHzehbC8FgFc7Cskkt6wprdVLApump,180,2026-08-28T04:43:43.410150+00:00,AVAILABLE,2140,-2319,60
fp1sig-5e405f98a0659954c9e4f245,6tNFoXAoQVqGjCEHzehbC8FgFc7Cskkt6wprdVLApump,300,2026-08-28T04:45:43.410150+00:00,AVAILABLE,2140,-4369,81
fp1sig-5e85d4e7a056bd7f5a67e788,9ANs7fXZXTYy41zTW6ibD1niC4fqoEvxij8AuCnFpump,5,2026-08-28T03:19:49.116161+00:00,AVAILABLE,-1378,-1378,1
fp1sig-5e85d4e7a056bd7f5a67e788,9ANs7fXZXTYy41zTW6ibD1niC4fqoEvxij8AuCnFpump,10,2026-08-28T03:19:54.116161+00:00,AVAILABLE,-1378,-1507,2
fp1sig-5e85d4e7a056bd7f5a67e788,9ANs7fXZXTYy41zTW6ibD1niC4fqoEvxij8AuCnFpump,15,2026-08-28T03:19:59.116161+00:00,AVAILABLE,-1378,-1507,3
fp1sig-5e85d4e7a056bd7f5a67e788,9ANs7fXZXTYy41zTW6ibD1niC4fqoEvxij8AuCnFpump,20,2026-08-28T03:20:04.116161+00:00,AVAILABLE,-1378,-1904,5
fp1sig-5e85d4e7a056bd7f5a67e788,9ANs7fXZXTYy41zTW6ibD1niC4fqoEvxij8AuCnFpump,30,2026-08-28T03:20:14.116161+00:00,AVAILABLE,-1378,-1904,6
fp1sig-5e85d4e7a056bd7f5a67e788,9ANs7fXZXTYy41zTW6ibD1niC4fqoEvxij8AuCnFpump,45,2026-08-28T03:20:29.116161+00:00,AVAILABLE,-1305,-1904,9
fp1sig-5e85d4e7a056bd7f5a67e788,9ANs7fXZXTYy41zTW6ibD1niC4fqoEvxij8AuCnFpump,60,2026-08-28T03:20:44.116161+00:00,AVAILABLE,-1305,-1904,11
fp1sig-5e85d4e7a056bd7f5a67e788,9ANs7fXZXTYy41zTW6ibD1niC4fqoEvxij8AuCnFpump,90,2026-08-28T03:21:14.116161+00:00,AVAILABLE,-1305,-1904,13
fp1sig-5e85d4e7a056bd7f5a67e788,9ANs7fXZXTYy41zTW6ibD1niC4fqoEvxij8AuCnFpump,120,2026-08-28T03:21:44.116161+00:00,AVAILABLE,-1305,-1970,15
fp1sig-5e85d4e7a056bd7f5a67e788,9ANs7fXZXTYy41zTW6ibD1niC4fqoEvxij8AuCnFpump,180,2026-08-28T03:22:44.116161+00:00,AVAILABLE,-1305,-2484,18
fp1sig-5e85d4e7a056bd7f5a67e788,9ANs7fXZXTYy41zTW6ibD1niC4fqoEvxij8AuCnFpump,300,2026-08-28T03:24:44.116161+00:00,AVAILABLE,-1305,-2484,26
fp1sig-5e9b9ef5120a4506a7e2c02e,25FuB979ywM1wqNLCFH1iGRr2T4YZJtkowEhwF2Spump,5,2026-08-28T05:52:39.410325+00:00,MISSING,,,0
fp1sig-5e9b9ef5120a4506a7e2c02e,25FuB979ywM1wqNLCFH1iGRr2T4YZJtkowEhwF2Spump,10,2026-08-28T05:52:44.410325+00:00,MISSING,,,0
fp1sig-5e9b9ef5120a4506a7e2c02e,25FuB979ywM1wqNLCFH1iGRr2T4YZJtkowEhwF2Spump,15,2026-08-28T05:52:49.410325+00:00,AVAILABLE,-2320,-2320,1
fp1sig-5e9b9ef5120a4506a7e2c02e,25FuB979ywM1wqNLCFH1iGRr2T4YZJtkowEhwF2Spump,20,2026-08-28T05:52:54.410325+00:00,AVAILABLE,699,-2320,3
fp1sig-5e9b9ef5120a4506a7e2c02e,25FuB979ywM1wqNLCFH1iGRr2T4YZJtkowEhwF2Spump,30,2026-08-28T05:53:04.410325+00:00,AVAILABLE,6318,-2320,6
fp1sig-5e9b9ef5120a4506a7e2c02e,25FuB979ywM1wqNLCFH1iGRr2T4YZJtkowEhwF2Spump,45,2026-08-28T05:53:19.410325+00:00,AVAILABLE,6318,-2320,9
fp1sig-5e9b9ef5120a4506a7e2c02e,25FuB979ywM1wqNLCFH1iGRr2T4YZJtkowEhwF2Spump,60,2026-08-28T05:53:34.410325+00:00,AVAILABLE,6318,-2320,10
fp1sig-5e9b9ef5120a4506a7e2c02e,25FuB979ywM1wqNLCFH1iGRr2T4YZJtkowEhwF2Spump,90,2026-08-28T05:54:04.410325+00:00,AVAILABLE,10557,-2320,14
fp1sig-5e9b9ef5120a4506a7e2c02e,25FuB979ywM1wqNLCFH1iGRr2T4YZJtkowEhwF2Spump,120,2026-08-28T05:54:34.410325+00:00,AVAILABLE,15591,-2320,19
fp1sig-5e9b9ef5120a4506a7e2c02e,25FuB979ywM1wqNLCFH1iGRr2T4YZJtkowEhwF2Spump,180,2026-08-28T05:55:34.410325+00:00,AVAILABLE,15591,-2320,20
fp1sig-5e9b9ef5120a4506a7e2c02e,25FuB979ywM1wqNLCFH1iGRr2T4YZJtkowEhwF2Spump,300,2026-08-28T05:57:34.410325+00:00,AVAILABLE,15591,-2320,20
fp1sig-5fb332b7d4f0f43b7d1097c2,AnpPFzCHsS6YAd8a76d41THfgtGmmz52ND5VaMBCpump,5,2026-08-27T14:48:53.954248+00:00,AVAILABLE,-2185,-5770,3
fp1sig-5fb332b7d4f0f43b7d1097c2,AnpPFzCHsS6YAd8a76d41THfgtGmmz52ND5VaMBCpump,10,2026-08-27T14:48:58.954248+00:00,AVAILABLE,-2185,-5770,4
fp1sig-5fb332b7d4f0f43b7d1097c2,AnpPFzCHsS6YAd8a76d41THfgtGmmz52ND5VaMBCpump,15,2026-08-27T14:49:03.954248+00:00,AVAILABLE,-2185,-5770,5
fp1sig-5fb332b7d4f0f43b7d1097c2,AnpPFzCHsS6YAd8a76d41THfgtGmmz52ND5VaMBCpump,20,2026-08-27T14:49:08.954248+00:00,AVAILABLE,-1195,-5770,7
fp1sig-5fb332b7d4f0f43b7d1097c2,AnpPFzCHsS6YAd8a76d41THfgtGmmz52ND5VaMBCpump,30,2026-08-27T14:49:18.954248+00:00,AVAILABLE,1610,-5770,9
fp1sig-5fb332b7d4f0f43b7d1097c2,AnpPFzCHsS6YAd8a76d41THfgtGmmz52ND5VaMBCpump,45,2026-08-27T14:49:33.954248+00:00,AVAILABLE,3391,-5770,14
fp1sig-5fb332b7d4f0f43b7d1097c2,AnpPFzCHsS6YAd8a76d41THfgtGmmz52ND5VaMBCpump,60,2026-08-27T14:49:48.954248+00:00,AVAILABLE,3391,-5770,17
fp1sig-5fb332b7d4f0f43b7d1097c2,AnpPFzCHsS6YAd8a76d41THfgtGmmz52ND5VaMBCpump,90,2026-08-27T14:50:18.954248+00:00,AVAILABLE,3391,-6525,23
fp1sig-5fb332b7d4f0f43b7d1097c2,AnpPFzCHsS6YAd8a76d41THfgtGmmz52ND5VaMBCpump,120,2026-08-27T14:50:48.954248+00:00,AVAILABLE,3391,-6525,27
fp1sig-5fb332b7d4f0f43b7d1097c2,AnpPFzCHsS6YAd8a76d41THfgtGmmz52ND5VaMBCpump,180,2026-08-27T14:51:48.954248+00:00,AVAILABLE,3391,-6525,30
fp1sig-5fb332b7d4f0f43b7d1097c2,AnpPFzCHsS6YAd8a76d41THfgtGmmz52ND5VaMBCpump,300,2026-08-27T14:53:48.954248+00:00,AVAILABLE,3391,-6525,30
fp1sig-600fe35ee8aab4dce6a76fee,Sa5DTCmaJCyDfGNvm8CkxwtTM6Jgu7X6g3kdEKrpump,5,2026-08-28T09:28:59.135494+00:00,MISSING,,,0
fp1sig-600fe35ee8aab4dce6a76fee,Sa5DTCmaJCyDfGNvm8CkxwtTM6Jgu7X6g3kdEKrpump,10,2026-08-28T09:29:04.135494+00:00,MISSING,,,0
fp1sig-600fe35ee8aab4dce6a76fee,Sa5DTCmaJCyDfGNvm8CkxwtTM6Jgu7X6g3kdEKrpump,15,2026-08-28T09:29:09.135494+00:00,MISSING,,,0
fp1sig-600fe35ee8aab4dce6a76fee,Sa5DTCmaJCyDfGNvm8CkxwtTM6Jgu7X6g3kdEKrpump,20,2026-08-28T09:29:14.135494+00:00,AVAILABLE,194,-4,2
fp1sig-600fe35ee8aab4dce6a76fee,Sa5DTCmaJCyDfGNvm8CkxwtTM6Jgu7X6g3kdEKrpump,30,2026-08-28T09:29:24.135494+00:00,AVAILABLE,194,-856,5
fp1sig-600fe35ee8aab4dce6a76fee,Sa5DTCmaJCyDfGNvm8CkxwtTM6Jgu7X6g3kdEKrpump,45,2026-08-28T09:29:39.135494+00:00,AVAILABLE,194,-1318,7
fp1sig-600fe35ee8aab4dce6a76fee,Sa5DTCmaJCyDfGNvm8CkxwtTM6Jgu7X6g3kdEKrpump,60,2026-08-28T09:29:54.135494+00:00,AVAILABLE,194,-1405,8
fp1sig-600fe35ee8aab4dce6a76fee,Sa5DTCmaJCyDfGNvm8CkxwtTM6Jgu7X6g3kdEKrpump,90,2026-08-28T09:30:24.135494+00:00,AVAILABLE,194,-2398,10
fp1sig-600fe35ee8aab4dce6a76fee,Sa5DTCmaJCyDfGNvm8CkxwtTM6Jgu7X6g3kdEKrpump,120,2026-08-28T09:30:54.135494+00:00,AVAILABLE,194,-3442,13
fp1sig-600fe35ee8aab4dce6a76fee,Sa5DTCmaJCyDfGNvm8CkxwtTM6Jgu7X6g3kdEKrpump,180,2026-08-28T09:31:54.135494+00:00,AVAILABLE,194,-3442,16
fp1sig-600fe35ee8aab4dce6a76fee,Sa5DTCmaJCyDfGNvm8CkxwtTM6Jgu7X6g3kdEKrpump,300,2026-08-28T09:33:54.135494+00:00,AVAILABLE,194,-3442,18
fp1sig-605de7421604cae2c423d7d3,7vWaFVC8HWfZE97umKp3skY96DbDVgdyYAHqgooHpump,5,2026-08-27T23:55:23.251465+00:00,AVAILABLE,-269,-516,3
fp1sig-605de7421604cae2c423d7d3,7vWaFVC8HWfZE97umKp3skY96DbDVgdyYAHqgooHpump,10,2026-08-27T23:55:28.251465+00:00,AVAILABLE,-269,-516,3
fp1sig-605de7421604cae2c423d7d3,7vWaFVC8HWfZE97umKp3skY96DbDVgdyYAHqgooHpump,15,2026-08-27T23:55:33.251465+00:00,AVAILABLE,-269,-900,7
fp1sig-605de7421604cae2c423d7d3,7vWaFVC8HWfZE97umKp3skY96DbDVgdyYAHqgooHpump,20,2026-08-27T23:55:38.251465+00:00,AVAILABLE,-269,-900,7
fp1sig-605de7421604cae2c423d7d3,7vWaFVC8HWfZE97umKp3skY96DbDVgdyYAHqgooHpump,30,2026-08-27T23:55:48.251465+00:00,AVAILABLE,-269,-900,7
fp1sig-605de7421604cae2c423d7d3,7vWaFVC8HWfZE97umKp3skY96DbDVgdyYAHqgooHpump,45,2026-08-27T23:56:03.251465+00:00,AVAILABLE,-269,-900,7
fp1sig-605de7421604cae2c423d7d3,7vWaFVC8HWfZE97umKp3skY96DbDVgdyYAHqgooHpump,60,2026-08-27T23:56:18.251465+00:00,AVAILABLE,-269,-1441,12
fp1sig-605de7421604cae2c423d7d3,7vWaFVC8HWfZE97umKp3skY96DbDVgdyYAHqgooHpump,90,2026-08-27T23:56:48.251465+00:00,AVAILABLE,-269,-1908,18
fp1sig-605de7421604cae2c423d7d3,7vWaFVC8HWfZE97umKp3skY96DbDVgdyYAHqgooHpump,120,2026-08-27T23:57:18.251465+00:00,AVAILABLE,-269,-2660,22
fp1sig-605de7421604cae2c423d7d3,7vWaFVC8HWfZE97umKp3skY96DbDVgdyYAHqgooHpump,180,2026-08-27T23:58:18.251465+00:00,AVAILABLE,-269,-2660,22
fp1sig-605de7421604cae2c423d7d3,7vWaFVC8HWfZE97umKp3skY96DbDVgdyYAHqgooHpump,300,2026-08-28T00:00:18.251465+00:00,AVAILABLE,-269,-2993,30
fp1sig-60dcc5fec8446cb38ab9b66e,5FBK3U4Q7uR3XStVAEZHSop9Wo3AyBkN9CjS3xJFpump,5,2026-08-28T01:43:47.486686+00:00,AVAILABLE,-347,-495,4
fp1sig-60dcc5fec8446cb38ab9b66e,5FBK3U4Q7uR3XStVAEZHSop9Wo3AyBkN9CjS3xJFpump,10,2026-08-28T01:43:52.486686+00:00,AVAILABLE,-174,-574,8
fp1sig-60dcc5fec8446cb38ab9b66e,5FBK3U4Q7uR3XStVAEZHSop9Wo3AyBkN9CjS3xJFpump,15,2026-08-28T01:43:57.486686+00:00,AVAILABLE,115,-574,11
fp1sig-60dcc5fec8446cb38ab9b66e,5FBK3U4Q7uR3XStVAEZHSop9Wo3AyBkN9CjS3xJFpump,20,2026-08-28T01:44:02.486686+00:00,AVAILABLE,115,-574,16
fp1sig-60dcc5fec8446cb38ab9b66e,5FBK3U4Q7uR3XStVAEZHSop9Wo3AyBkN9CjS3xJFpump,30,2026-08-28T01:44:12.486686+00:00,AVAILABLE,3341,-574,26
fp1sig-60dcc5fec8446cb38ab9b66e,5FBK3U4Q7uR3XStVAEZHSop9Wo3AyBkN9CjS3xJFpump,45,2026-08-28T01:44:27.486686+00:00,AVAILABLE,3341,-574,40
fp1sig-60dcc5fec8446cb38ab9b66e,5FBK3U4Q7uR3XStVAEZHSop9Wo3AyBkN9CjS3xJFpump,60,2026-08-28T01:44:42.486686+00:00,AVAILABLE,3341,-574,50
fp1sig-60dcc5fec8446cb38ab9b66e,5FBK3U4Q7uR3XStVAEZHSop9Wo3AyBkN9CjS3xJFpump,90,2026-08-28T01:45:12.486686+00:00,AVAILABLE,4855,-574,81
fp1sig-60dcc5fec8446cb38ab9b66e,5FBK3U4Q7uR3XStVAEZHSop9Wo3AyBkN9CjS3xJFpump,120,2026-08-28T01:45:42.486686+00:00,AVAILABLE,5453,-574,95
fp1sig-60dcc5fec8446cb38ab9b66e,5FBK3U4Q7uR3XStVAEZHSop9Wo3AyBkN9CjS3xJFpump,180,2026-08-28T01:46:42.486686+00:00,AVAILABLE,5453,-574,122
fp1sig-60dcc5fec8446cb38ab9b66e,5FBK3U4Q7uR3XStVAEZHSop9Wo3AyBkN9CjS3xJFpump,300,2026-08-28T01:48:42.486686+00:00,AVAILABLE,15488,-574,225
fp1sig-614ece51c284800ca1887859,5b2RVyk8xtUtYJTmQXWKLeZbAt2V3KC9mco542kApump,5,2026-08-28T08:00:20.666174+00:00,AVAILABLE,3086,-1418,6
fp1sig-614ece51c284800ca1887859,5b2RVyk8xtUtYJTmQXWKLeZbAt2V3KC9mco542kApump,10,2026-08-28T08:00:25.666174+00:00,AVAILABLE,3086,-3543,9
fp1sig-614ece51c284800ca1887859,5b2RVyk8xtUtYJTmQXWKLeZbAt2V3KC9mco542kApump,15,2026-08-28T08:00:30.666174+00:00,AVAILABLE,3086,-4292,11
fp1sig-614ece51c284800ca1887859,5b2RVyk8xtUtYJTmQXWKLeZbAt2V3KC9mco542kApump,20,2026-08-28T08:00:35.666174+00:00,AVAILABLE,3086,-7145,20
fp1sig-614ece51c284800ca1887859,5b2RVyk8xtUtYJTmQXWKLeZbAt2V3KC9mco542kApump,30,2026-08-28T08:00:45.666174+00:00,AVAILABLE,3086,-9231,33
fp1sig-614ece51c284800ca1887859,5b2RVyk8xtUtYJTmQXWKLeZbAt2V3KC9mco542kApump,45,2026-08-28T08:01:00.666174+00:00,AVAILABLE,3086,-9231,53
fp1sig-614ece51c284800ca1887859,5b2RVyk8xtUtYJTmQXWKLeZbAt2V3KC9mco542kApump,60,2026-08-28T08:01:15.666174+00:00,AVAILABLE,3086,-9304,66
fp1sig-614ece51c284800ca1887859,5b2RVyk8xtUtYJTmQXWKLeZbAt2V3KC9mco542kApump,90,2026-08-28T08:01:45.666174+00:00,AVAILABLE,3086,-9684,96
fp1sig-614ece51c284800ca1887859,5b2RVyk8xtUtYJTmQXWKLeZbAt2V3KC9mco542kApump,120,2026-08-28T08:02:15.666174+00:00,AVAILABLE,3086,-9780,102
fp1sig-614ece51c284800ca1887859,5b2RVyk8xtUtYJTmQXWKLeZbAt2V3KC9mco542kApump,180,2026-08-28T08:03:15.666174+00:00,AVAILABLE,3086,-9824,115
fp1sig-614ece51c284800ca1887859,5b2RVyk8xtUtYJTmQXWKLeZbAt2V3KC9mco542kApump,300,2026-08-28T08:05:15.666174+00:00,AVAILABLE,3086,-9824,134
fp1sig-6183a5abb63fa8083668cfcf,8WkCAVddYrEgNTm4qcPcY4KWcjLKe1fxcLvqgEnppump,5,2026-08-28T07:11:58.684253+00:00,MISSING,,,0
fp1sig-6183a5abb63fa8083668cfcf,8WkCAVddYrEgNTm4qcPcY4KWcjLKe1fxcLvqgEnppump,10,2026-08-28T07:12:03.684253+00:00,AVAILABLE,371,371,1
fp1sig-6183a5abb63fa8083668cfcf,8WkCAVddYrEgNTm4qcPcY4KWcjLKe1fxcLvqgEnppump,15,2026-08-28T07:12:08.684253+00:00,AVAILABLE,371,371,1
fp1sig-6183a5abb63fa8083668cfcf,8WkCAVddYrEgNTm4qcPcY4KWcjLKe1fxcLvqgEnppump,20,2026-08-28T07:12:13.684253+00:00,AVAILABLE,371,371,1
fp1sig-6183a5abb63fa8083668cfcf,8WkCAVddYrEgNTm4qcPcY4KWcjLKe1fxcLvqgEnppump,30,2026-08-28T07:12:23.684253+00:00,AVAILABLE,377,371,3
fp1sig-6183a5abb63fa8083668cfcf,8WkCAVddYrEgNTm4qcPcY4KWcjLKe1fxcLvqgEnppump,45,2026-08-28T07:12:38.684253+00:00,AVAILABLE,377,365,8
fp1sig-6183a5abb63fa8083668cfcf,8WkCAVddYrEgNTm4qcPcY4KWcjLKe1fxcLvqgEnppump,60,2026-08-28T07:12:53.684253+00:00,AVAILABLE,377,365,8
fp1sig-6183a5abb63fa8083668cfcf,8WkCAVddYrEgNTm4qcPcY4KWcjLKe1fxcLvqgEnppump,90,2026-08-28T07:13:23.684253+00:00,AVAILABLE,377,-1069,17
fp1sig-6183a5abb63fa8083668cfcf,8WkCAVddYrEgNTm4qcPcY4KWcjLKe1fxcLvqgEnppump,120,2026-08-28T07:13:53.684253+00:00,AVAILABLE,377,-1069,17
fp1sig-6183a5abb63fa8083668cfcf,8WkCAVddYrEgNTm4qcPcY4KWcjLKe1fxcLvqgEnppump,180,2026-08-28T07:14:53.684253+00:00,AVAILABLE,377,-1069,17
fp1sig-6183a5abb63fa8083668cfcf,8WkCAVddYrEgNTm4qcPcY4KWcjLKe1fxcLvqgEnppump,300,2026-08-28T07:16:53.684253+00:00,AVAILABLE,377,-1069,17
fp1sig-62140a1abf6fb664bebf9228,9dpqWx5hQg4Bk7amL8GcEmTJbwsw8CucNNMDDzPppump,5,2026-08-27T22:26:11.773454+00:00,AVAILABLE,2246,1941,2
fp1sig-62140a1abf6fb664bebf9228,9dpqWx5hQg4Bk7amL8GcEmTJbwsw8CucNNMDDzPppump,10,2026-08-27T22:26:16.773454+00:00,AVAILABLE,2271,1941,3
fp1sig-62140a1abf6fb664bebf9228,9dpqWx5hQg4Bk7amL8GcEmTJbwsw8CucNNMDDzPppump,15,2026-08-27T22:26:21.773454+00:00,AVAILABLE,7694,1941,7
fp1sig-62140a1abf6fb664bebf9228,9dpqWx5hQg4Bk7amL8GcEmTJbwsw8CucNNMDDzPppump,20,2026-08-27T22:26:26.773454+00:00,AVAILABLE,7975,1941,9
fp1sig-62140a1abf6fb664bebf9228,9dpqWx5hQg4Bk7amL8GcEmTJbwsw8CucNNMDDzPppump,30,2026-08-27T22:26:36.773454+00:00,AVAILABLE,7975,1941,15
fp1sig-62140a1abf6fb664bebf9228,9dpqWx5hQg4Bk7amL8GcEmTJbwsw8CucNNMDDzPppump,45,2026-08-27T22:26:51.773454+00:00,AVAILABLE,7975,1941,18
fp1sig-62140a1abf6fb664bebf9228,9dpqWx5hQg4Bk7amL8GcEmTJbwsw8CucNNMDDzPppump,60,2026-08-27T22:27:06.773454+00:00,AVAILABLE,7975,1941,26
fp1sig-62140a1abf6fb664bebf9228,9dpqWx5hQg4Bk7amL8GcEmTJbwsw8CucNNMDDzPppump,90,2026-08-27T22:27:36.773454+00:00,AVAILABLE,9171,1941,50
fp1sig-62140a1abf6fb664bebf9228,9dpqWx5hQg4Bk7amL8GcEmTJbwsw8CucNNMDDzPppump,120,2026-08-27T22:28:06.773454+00:00,AVAILABLE,13097,1941,60
fp1sig-62140a1abf6fb664bebf9228,9dpqWx5hQg4Bk7amL8GcEmTJbwsw8CucNNMDDzPppump,180,2026-08-27T22:29:06.773454+00:00,AVAILABLE,13097,1941,92
fp1sig-62140a1abf6fb664bebf9228,9dpqWx5hQg4Bk7amL8GcEmTJbwsw8CucNNMDDzPppump,300,2026-08-27T22:31:06.773454+00:00,AVAILABLE,30438,1941,213
fp1sig-62216e217074c2309533cedf,EXpnTgAjdKQpUAyQH1stkrNYjrYpqcumt6xyyRbtpump,5,2026-08-28T02:36:44.940938+00:00,AVAILABLE,1017,1017,1
fp1sig-62216e217074c2309533cedf,EXpnTgAjdKQpUAyQH1stkrNYjrYpqcumt6xyyRbtpump,10,2026-08-28T02:36:49.940938+00:00,AVAILABLE,1017,1017,1
fp1sig-62216e217074c2309533cedf,EXpnTgAjdKQpUAyQH1stkrNYjrYpqcumt6xyyRbtpump,15,2026-08-28T02:36:54.940938+00:00,AVAILABLE,1060,1017,2
fp1sig-62216e217074c2309533cedf,EXpnTgAjdKQpUAyQH1stkrNYjrYpqcumt6xyyRbtpump,20,2026-08-28T02:36:59.940938+00:00,AVAILABLE,1278,1017,3
fp1sig-62216e217074c2309533cedf,EXpnTgAjdKQpUAyQH1stkrNYjrYpqcumt6xyyRbtpump,30,2026-08-28T02:37:09.940938+00:00,AVAILABLE,1278,-1235,4
fp1sig-62216e217074c2309533cedf,EXpnTgAjdKQpUAyQH1stkrNYjrYpqcumt6xyyRbtpump,45,2026-08-28T02:37:24.940938+00:00,AVAILABLE,1278,-6127,7
fp1sig-62216e217074c2309533cedf,EXpnTgAjdKQpUAyQH1stkrNYjrYpqcumt6xyyRbtpump,60,2026-08-28T02:37:39.940938+00:00,AVAILABLE,1278,-6327,11
fp1sig-62216e217074c2309533cedf,EXpnTgAjdKQpUAyQH1stkrNYjrYpqcumt6xyyRbtpump,90,2026-08-28T02:38:09.940938+00:00,AVAILABLE,1278,-6327,26
fp1sig-62216e217074c2309533cedf,EXpnTgAjdKQpUAyQH1stkrNYjrYpqcumt6xyyRbtpump,120,2026-08-28T02:38:39.940938+00:00,AVAILABLE,1278,-8465,37
fp1sig-62216e217074c2309533cedf,EXpnTgAjdKQpUAyQH1stkrNYjrYpqcumt6xyyRbtpump,180,2026-08-28T02:39:39.940938+00:00,AVAILABLE,1278,-8526,63
fp1sig-62216e217074c2309533cedf,EXpnTgAjdKQpUAyQH1stkrNYjrYpqcumt6xyyRbtpump,300,2026-08-28T02:41:39.940938+00:00,AVAILABLE,1278,-9726,121
fp1sig-625067842bd91ea2fbec6be8,8CLPkSTnoSA48Dy7iFPFBJ5vt3aTFZveHssWkHEWpump,5,2026-08-27T20:46:28.015070+00:00,AVAILABLE,746,98,5
fp1sig-625067842bd91ea2fbec6be8,8CLPkSTnoSA48Dy7iFPFBJ5vt3aTFZveHssWkHEWpump,10,2026-08-27T20:46:33.015070+00:00,AVAILABLE,746,98,5
fp1sig-625067842bd91ea2fbec6be8,8CLPkSTnoSA48Dy7iFPFBJ5vt3aTFZveHssWkHEWpump,15,2026-08-27T20:46:38.015070+00:00,AVAILABLE,746,98,5
fp1sig-625067842bd91ea2fbec6be8,8CLPkSTnoSA48Dy7iFPFBJ5vt3aTFZveHssWkHEWpump,20,2026-08-27T20:46:43.015070+00:00,AVAILABLE,746,-890,8
fp1sig-625067842bd91ea2fbec6be8,8CLPkSTnoSA48Dy7iFPFBJ5vt3aTFZveHssWkHEWpump,30,2026-08-27T20:46:53.015070+00:00,AVAILABLE,746,-890,10
fp1sig-625067842bd91ea2fbec6be8,8CLPkSTnoSA48Dy7iFPFBJ5vt3aTFZveHssWkHEWpump,45,2026-08-27T20:47:08.015070+00:00,AVAILABLE,746,-890,12
fp1sig-625067842bd91ea2fbec6be8,8CLPkSTnoSA48Dy7iFPFBJ5vt3aTFZveHssWkHEWpump,60,2026-08-27T20:47:23.015070+00:00,AVAILABLE,746,-890,14
fp1sig-625067842bd91ea2fbec6be8,8CLPkSTnoSA48Dy7iFPFBJ5vt3aTFZveHssWkHEWpump,90,2026-08-27T20:47:53.015070+00:00,AVAILABLE,746,-890,14
fp1sig-625067842bd91ea2fbec6be8,8CLPkSTnoSA48Dy7iFPFBJ5vt3aTFZveHssWkHEWpump,120,2026-08-27T20:48:23.015070+00:00,AVAILABLE,1265,-890,19
fp1sig-625067842bd91ea2fbec6be8,8CLPkSTnoSA48Dy7iFPFBJ5vt3aTFZveHssWkHEWpump,180,2026-08-27T20:49:23.015070+00:00,AVAILABLE,2148,-890,25
fp1sig-625067842bd91ea2fbec6be8,8CLPkSTnoSA48Dy7iFPFBJ5vt3aTFZveHssWkHEWpump,300,2026-08-27T20:51:23.015070+00:00,AVAILABLE,3310,-890,37
fp1sig-6255325e3a032afe51dc4634,Gp9wRzpuqt2GRqup24Q2jW7LcnjHY2ag3sTM6bPipump,5,2026-08-28T06:32:36.690580+00:00,MISSING,,,0
fp1sig-6255325e3a032afe51dc4634,Gp9wRzpuqt2GRqup24Q2jW7LcnjHY2ag3sTM6bPipump,10,2026-08-28T06:32:41.690580+00:00,AVAILABLE,-700,-3842,4
fp1sig-6255325e3a032afe51dc4634,Gp9wRzpuqt2GRqup24Q2jW7LcnjHY2ag3sTM6bPipump,15,2026-08-28T06:32:46.690580+00:00,AVAILABLE,-700,-3842,5
fp1sig-6255325e3a032afe51dc4634,Gp9wRzpuqt2GRqup24Q2jW7LcnjHY2ag3sTM6bPipump,20,2026-08-28T06:32:51.690580+00:00,AVAILABLE,-700,-3842,5
fp1sig-6255325e3a032afe51dc4634,Gp9wRzpuqt2GRqup24Q2jW7LcnjHY2ag3sTM6bPipump,30,2026-08-28T06:33:01.690580+00:00,AVAILABLE,-700,-4791,10
fp1sig-6255325e3a032afe51dc4634,Gp9wRzpuqt2GRqup24Q2jW7LcnjHY2ag3sTM6bPipump,45,2026-08-28T06:33:16.690580+00:00,AVAILABLE,1755,-4791,16
fp1sig-6255325e3a032afe51dc4634,Gp9wRzpuqt2GRqup24Q2jW7LcnjHY2ag3sTM6bPipump,60,2026-08-28T06:33:31.690580+00:00,AVAILABLE,4795,-4791,21
fp1sig-6255325e3a032afe51dc4634,Gp9wRzpuqt2GRqup24Q2jW7LcnjHY2ag3sTM6bPipump,90,2026-08-28T06:34:01.690580+00:00,AVAILABLE,4795,-4791,29
fp1sig-6255325e3a032afe51dc4634,Gp9wRzpuqt2GRqup24Q2jW7LcnjHY2ag3sTM6bPipump,120,2026-08-28T06:34:31.690580+00:00,AVAILABLE,4795,-4791,33
fp1sig-6255325e3a032afe51dc4634,Gp9wRzpuqt2GRqup24Q2jW7LcnjHY2ag3sTM6bPipump,180,2026-08-28T06:35:31.690580+00:00,AVAILABLE,4795,-4791,33
fp1sig-6255325e3a032afe51dc4634,Gp9wRzpuqt2GRqup24Q2jW7LcnjHY2ag3sTM6bPipump,300,2026-08-28T06:37:31.690580+00:00,AVAILABLE,4795,-4791,33
fp1sig-62e473e3935a34152e63017e,DeQESRnwZSUKvbizrvq9CMQvda2ZFCD1GQgxgx3bPxta,5,2026-08-27T17:06:06.590875+00:00,AVAILABLE,3498,1741,3
fp1sig-62e473e3935a34152e63017e,DeQESRnwZSUKvbizrvq9CMQvda2ZFCD1GQgxgx3bPxta,10,2026-08-27T17:06:11.590875+00:00,AVAILABLE,3498,1741,3
fp1sig-62e473e3935a34152e63017e,DeQESRnwZSUKvbizrvq9CMQvda2ZFCD1GQgxgx3bPxta,15,2026-08-27T17:06:16.590875+00:00,AVAILABLE,3498,1741,3
fp1sig-62e473e3935a34152e63017e,DeQESRnwZSUKvbizrvq9CMQvda2ZFCD1GQgxgx3bPxta,20,2026-08-27T17:06:21.590875+00:00,AVAILABLE,3498,1741,3
fp1sig-62e473e3935a34152e63017e,DeQESRnwZSUKvbizrvq9CMQvda2ZFCD1GQgxgx3bPxta,30,2026-08-27T17:06:31.590875+00:00,AVAILABLE,3498,1741,4
fp1sig-62e473e3935a34152e63017e,DeQESRnwZSUKvbizrvq9CMQvda2ZFCD1GQgxgx3bPxta,45,2026-08-27T17:06:46.590875+00:00,AVAILABLE,3498,-2613,6
fp1sig-62e473e3935a34152e63017e,DeQESRnwZSUKvbizrvq9CMQvda2ZFCD1GQgxgx3bPxta,60,2026-08-27T17:07:01.590875+00:00,AVAILABLE,3498,-2613,6
fp1sig-62e473e3935a34152e63017e,DeQESRnwZSUKvbizrvq9CMQvda2ZFCD1GQgxgx3bPxta,90,2026-08-27T17:07:31.590875+00:00,AVAILABLE,3498,-4611,13
fp1sig-62e473e3935a34152e63017e,DeQESRnwZSUKvbizrvq9CMQvda2ZFCD1GQgxgx3bPxta,120,2026-08-27T17:08:01.590875+00:00,AVAILABLE,3498,-4611,14
fp1sig-62e473e3935a34152e63017e,DeQESRnwZSUKvbizrvq9CMQvda2ZFCD1GQgxgx3bPxta,180,2026-08-27T17:09:01.590875+00:00,AVAILABLE,3498,-4611,16
fp1sig-62e473e3935a34152e63017e,DeQESRnwZSUKvbizrvq9CMQvda2ZFCD1GQgxgx3bPxta,300,2026-08-27T17:11:01.590875+00:00,AVAILABLE,3498,-4611,16
fp1sig-63233128f0ca6a7516da4b01,DRH7DtLJeRX25dXxu53CjX8FFyM3E11z9TxHCHDppump,5,2026-08-27T13:57:56.113956+00:00,AVAILABLE,1258,839,3
fp1sig-63233128f0ca6a7516da4b01,DRH7DtLJeRX25dXxu53CjX8FFyM3E11z9TxHCHDppump,10,2026-08-27T13:58:01.113956+00:00,AVAILABLE,1311,839,4
fp1sig-63233128f0ca6a7516da4b01,DRH7DtLJeRX25dXxu53CjX8FFyM3E11z9TxHCHDppump,15,2026-08-27T13:58:06.113956+00:00,AVAILABLE,1311,839,4
fp1sig-63233128f0ca6a7516da4b01,DRH7DtLJeRX25dXxu53CjX8FFyM3E11z9TxHCHDppump,20,2026-08-27T13:58:11.113956+00:00,AVAILABLE,1484,839,5
fp1sig-63233128f0ca6a7516da4b01,DRH7DtLJeRX25dXxu53CjX8FFyM3E11z9TxHCHDppump,30,2026-08-27T13:58:21.113956+00:00,AVAILABLE,1484,839,5
fp1sig-63233128f0ca6a7516da4b01,DRH7DtLJeRX25dXxu53CjX8FFyM3E11z9TxHCHDppump,45,2026-08-27T13:58:36.113956+00:00,AVAILABLE,1501,-3,13
fp1sig-63233128f0ca6a7516da4b01,DRH7DtLJeRX25dXxu53CjX8FFyM3E11z9TxHCHDppump,60,2026-08-27T13:58:51.113956+00:00,AVAILABLE,2163,-3,17
fp1sig-63233128f0ca6a7516da4b01,DRH7DtLJeRX25dXxu53CjX8FFyM3E11z9TxHCHDppump,90,2026-08-27T13:59:21.113956+00:00,AVAILABLE,2163,-3,32
fp1sig-63233128f0ca6a7516da4b01,DRH7DtLJeRX25dXxu53CjX8FFyM3E11z9TxHCHDppump,120,2026-08-27T13:59:51.113956+00:00,AVAILABLE,5108,-3,54
fp1sig-63233128f0ca6a7516da4b01,DRH7DtLJeRX25dXxu53CjX8FFyM3E11z9TxHCHDppump,180,2026-08-27T14:00:51.113956+00:00,AVAILABLE,7952,-3,77
fp1sig-63233128f0ca6a7516da4b01,DRH7DtLJeRX25dXxu53CjX8FFyM3E11z9TxHCHDppump,300,2026-08-27T14:02:51.113956+00:00,AVAILABLE,10453,-3,138
fp1sig-63da18f668fa77edf3448a26,A6sRivyW5BRtZ22AYfEaogqWhqLwnH9MeW7jgCo7pump,5,2026-08-27T20:36:53.007784+00:00,AVAILABLE,2025,2025,1
fp1sig-63da18f668fa77edf3448a26,A6sRivyW5BRtZ22AYfEaogqWhqLwnH9MeW7jgCo7pump,10,2026-08-27T20:36:58.007784+00:00,AVAILABLE,4316,2025,2
fp1sig-63da18f668fa77edf3448a26,A6sRivyW5BRtZ22AYfEaogqWhqLwnH9MeW7jgCo7pump,15,2026-08-27T20:37:03.007784+00:00,AVAILABLE,4316,2025,3
fp1sig-63da18f668fa77edf3448a26,A6sRivyW5BRtZ22AYfEaogqWhqLwnH9MeW7jgCo7pump,20,2026-08-27T20:37:08.007784+00:00,AVAILABLE,4316,2025,3
fp1sig-63da18f668fa77edf3448a26,A6sRivyW5BRtZ22AYfEaogqWhqLwnH9MeW7jgCo7pump,30,2026-08-27T20:37:18.007784+00:00,AVAILABLE,6718,2025,4
fp1sig-63da18f668fa77edf3448a26,A6sRivyW5BRtZ22AYfEaogqWhqLwnH9MeW7jgCo7pump,45,2026-08-27T20:37:33.007784+00:00,AVAILABLE,6718,2025,5
fp1sig-63da18f668fa77edf3448a26,A6sRivyW5BRtZ22AYfEaogqWhqLwnH9MeW7jgCo7pump,60,2026-08-27T20:37:48.007784+00:00,AVAILABLE,6718,-2669,8
fp1sig-63da18f668fa77edf3448a26,A6sRivyW5BRtZ22AYfEaogqWhqLwnH9MeW7jgCo7pump,90,2026-08-27T20:38:18.007784+00:00,AVAILABLE,6718,-2669,8
fp1sig-63da18f668fa77edf3448a26,A6sRivyW5BRtZ22AYfEaogqWhqLwnH9MeW7jgCo7pump,120,2026-08-27T20:38:48.007784+00:00,AVAILABLE,6718,-2669,10
fp1sig-63da18f668fa77edf3448a26,A6sRivyW5BRtZ22AYfEaogqWhqLwnH9MeW7jgCo7pump,180,2026-08-27T20:39:48.007784+00:00,AVAILABLE,6718,-4750,13
fp1sig-63da18f668fa77edf3448a26,A6sRivyW5BRtZ22AYfEaogqWhqLwnH9MeW7jgCo7pump,300,2026-08-27T20:41:48.007784+00:00,AVAILABLE,6718,-9054,22
fp1sig-645f2ec03079a24b296bd7a0,5Exa4eJn7syqDyhMgQmEK71SNteShc6DZdBU7pZ6pump,5,2026-08-28T00:57:26.774341+00:00,AVAILABLE,141,141,1
fp1sig-645f2ec03079a24b296bd7a0,5Exa4eJn7syqDyhMgQmEK71SNteShc6DZdBU7pZ6pump,10,2026-08-28T00:57:31.774341+00:00,AVAILABLE,141,141,1
fp1sig-645f2ec03079a24b296bd7a0,5Exa4eJn7syqDyhMgQmEK71SNteShc6DZdBU7pZ6pump,15,2026-08-28T00:57:36.774341+00:00,AVAILABLE,141,141,1
fp1sig-645f2ec03079a24b296bd7a0,5Exa4eJn7syqDyhMgQmEK71SNteShc6DZdBU7pZ6pump,20,2026-08-28T00:57:41.774341+00:00,AVAILABLE,141,-5,2
fp1sig-645f2ec03079a24b296bd7a0,5Exa4eJn7syqDyhMgQmEK71SNteShc6DZdBU7pZ6pump,30,2026-08-28T00:57:51.774341+00:00,AVAILABLE,141,-5,2
fp1sig-645f2ec03079a24b296bd7a0,5Exa4eJn7syqDyhMgQmEK71SNteShc6DZdBU7pZ6pump,45,2026-08-28T00:58:06.774341+00:00,AVAILABLE,141,-5,2
fp1sig-645f2ec03079a24b296bd7a0,5Exa4eJn7syqDyhMgQmEK71SNteShc6DZdBU7pZ6pump,60,2026-08-28T00:58:21.774341+00:00,AVAILABLE,141,-217,3
fp1sig-645f2ec03079a24b296bd7a0,5Exa4eJn7syqDyhMgQmEK71SNteShc6DZdBU7pZ6pump,90,2026-08-28T00:58:51.774341+00:00,AVAILABLE,141,-217,4
fp1sig-645f2ec03079a24b296bd7a0,5Exa4eJn7syqDyhMgQmEK71SNteShc6DZdBU7pZ6pump,120,2026-08-28T00:59:21.774341+00:00,AVAILABLE,141,-217,4
fp1sig-645f2ec03079a24b296bd7a0,5Exa4eJn7syqDyhMgQmEK71SNteShc6DZdBU7pZ6pump,180,2026-08-28T01:00:21.774341+00:00,AVAILABLE,141,-245,5
fp1sig-645f2ec03079a24b296bd7a0,5Exa4eJn7syqDyhMgQmEK71SNteShc6DZdBU7pZ6pump,300,2026-08-28T01:02:21.774341+00:00,AVAILABLE,141,-299,6
fp1sig-64732a9ac0dc61e06a0efe57,G1xVZ8onzeCMHCzPKbP5YH9buS8fRUmmcAADtL4opump,5,2026-08-28T08:32:08.510754+00:00,AVAILABLE,47,-598,5
fp1sig-64732a9ac0dc61e06a0efe57,G1xVZ8onzeCMHCzPKbP5YH9buS8fRUmmcAADtL4opump,10,2026-08-28T08:32:13.510754+00:00,AVAILABLE,47,-1272,7
fp1sig-64732a9ac0dc61e06a0efe57,G1xVZ8onzeCMHCzPKbP5YH9buS8fRUmmcAADtL4opump,15,2026-08-28T08:32:18.510754+00:00,AVAILABLE,47,-2039,10
fp1sig-64732a9ac0dc61e06a0efe57,G1xVZ8onzeCMHCzPKbP5YH9buS8fRUmmcAADtL4opump,20,2026-08-28T08:32:23.510754+00:00,AVAILABLE,47,-2039,10
fp1sig-64732a9ac0dc61e06a0efe57,G1xVZ8onzeCMHCzPKbP5YH9buS8fRUmmcAADtL4opump,30,2026-08-28T08:32:33.510754+00:00,AVAILABLE,47,-2506,20
fp1sig-64732a9ac0dc61e06a0efe57,G1xVZ8onzeCMHCzPKbP5YH9buS8fRUmmcAADtL4opump,45,2026-08-28T08:32:48.510754+00:00,AVAILABLE,47,-2506,22
fp1sig-64732a9ac0dc61e06a0efe57,G1xVZ8onzeCMHCzPKbP5YH9buS8fRUmmcAADtL4opump,60,2026-08-28T08:33:03.510754+00:00,AVAILABLE,47,-2506,22
fp1sig-64732a9ac0dc61e06a0efe57,G1xVZ8onzeCMHCzPKbP5YH9buS8fRUmmcAADtL4opump,90,2026-08-28T08:33:33.510754+00:00,AVAILABLE,47,-2506,22
fp1sig-64732a9ac0dc61e06a0efe57,G1xVZ8onzeCMHCzPKbP5YH9buS8fRUmmcAADtL4opump,120,2026-08-28T08:34:03.510754+00:00,AVAILABLE,47,-2506,22
fp1sig-64732a9ac0dc61e06a0efe57,G1xVZ8onzeCMHCzPKbP5YH9buS8fRUmmcAADtL4opump,180,2026-08-28T08:35:03.510754+00:00,AVAILABLE,47,-2506,22
fp1sig-64732a9ac0dc61e06a0efe57,G1xVZ8onzeCMHCzPKbP5YH9buS8fRUmmcAADtL4opump,300,2026-08-28T08:37:03.510754+00:00,AVAILABLE,47,-2506,22
fp1sig-64a1ca304eaa17eccb262e51,V7UFEznvGhFqufxhPEu8UjAQ5JAT3K8n2fJfypYpump,5,2026-08-28T04:07:08.089373+00:00,AVAILABLE,-2982,-6031,4
fp1sig-64a1ca304eaa17eccb262e51,V7UFEznvGhFqufxhPEu8UjAQ5JAT3K8n2fJfypYpump,10,2026-08-28T04:07:13.089373+00:00,AVAILABLE,-2982,-6350,5
fp1sig-64a1ca304eaa17eccb262e51,V7UFEznvGhFqufxhPEu8UjAQ5JAT3K8n2fJfypYpump,15,2026-08-28T04:07:18.089373+00:00,AVAILABLE,-2982,-6949,7
fp1sig-64a1ca304eaa17eccb262e51,V7UFEznvGhFqufxhPEu8UjAQ5JAT3K8n2fJfypYpump,20,2026-08-28T04:07:23.089373+00:00,AVAILABLE,-2982,-6979,8
fp1sig-64a1ca304eaa17eccb262e51,V7UFEznvGhFqufxhPEu8UjAQ5JAT3K8n2fJfypYpump,30,2026-08-28T04:07:33.089373+00:00,AVAILABLE,-2982,-7192,9
fp1sig-64a1ca304eaa17eccb262e51,V7UFEznvGhFqufxhPEu8UjAQ5JAT3K8n2fJfypYpump,45,2026-08-28T04:07:48.089373+00:00,AVAILABLE,-2982,-7243,10
fp1sig-64a1ca304eaa17eccb262e51,V7UFEznvGhFqufxhPEu8UjAQ5JAT3K8n2fJfypYpump,60,2026-08-28T04:08:03.089373+00:00,AVAILABLE,-2982,-7243,10
fp1sig-64a1ca304eaa17eccb262e51,V7UFEznvGhFqufxhPEu8UjAQ5JAT3K8n2fJfypYpump,90,2026-08-28T04:08:33.089373+00:00,AVAILABLE,-2982,-8295,16
fp1sig-64a1ca304eaa17eccb262e51,V7UFEznvGhFqufxhPEu8UjAQ5JAT3K8n2fJfypYpump,120,2026-08-28T04:09:03.089373+00:00,AVAILABLE,-2982,-8295,19
fp1sig-64a1ca304eaa17eccb262e51,V7UFEznvGhFqufxhPEu8UjAQ5JAT3K8n2fJfypYpump,180,2026-08-28T04:10:03.089373+00:00,AVAILABLE,-2982,-9201,25
fp1sig-64a1ca304eaa17eccb262e51,V7UFEznvGhFqufxhPEu8UjAQ5JAT3K8n2fJfypYpump,300,2026-08-28T04:12:03.089373+00:00,AVAILABLE,-2982,-9277,26
fp1sig-6536b85fb11c677435349135,5YUCjjcvvCe295XeGcXCQJYwrHTa7nJYTtGajKGfpump,5,2026-08-27T20:43:47.683163+00:00,AVAILABLE,884,884,1
fp1sig-6536b85fb11c677435349135,5YUCjjcvvCe295XeGcXCQJYwrHTa7nJYTtGajKGfpump,10,2026-08-27T20:43:52.683163+00:00,AVAILABLE,884,836,2
fp1sig-6536b85fb11c677435349135,5YUCjjcvvCe295XeGcXCQJYwrHTa7nJYTtGajKGfpump,15,2026-08-27T20:43:57.683163+00:00,AVAILABLE,884,680,3
fp1sig-6536b85fb11c677435349135,5YUCjjcvvCe295XeGcXCQJYwrHTa7nJYTtGajKGfpump,20,2026-08-27T20:44:02.683163+00:00,AVAILABLE,884,680,3
fp1sig-6536b85fb11c677435349135,5YUCjjcvvCe295XeGcXCQJYwrHTa7nJYTtGajKGfpump,30,2026-08-27T20:44:12.683163+00:00,AVAILABLE,884,-1136,7
fp1sig-6536b85fb11c677435349135,5YUCjjcvvCe295XeGcXCQJYwrHTa7nJYTtGajKGfpump,45,2026-08-27T20:44:27.683163+00:00,AVAILABLE,884,-1136,9
fp1sig-6536b85fb11c677435349135,5YUCjjcvvCe295XeGcXCQJYwrHTa7nJYTtGajKGfpump,60,2026-08-27T20:44:42.683163+00:00,AVAILABLE,884,-1136,9
fp1sig-6536b85fb11c677435349135,5YUCjjcvvCe295XeGcXCQJYwrHTa7nJYTtGajKGfpump,90,2026-08-27T20:45:12.683163+00:00,AVAILABLE,884,-1136,9
fp1sig-6536b85fb11c677435349135,5YUCjjcvvCe295XeGcXCQJYwrHTa7nJYTtGajKGfpump,120,2026-08-27T20:45:42.683163+00:00,AVAILABLE,884,-1176,10
fp1sig-6536b85fb11c677435349135,5YUCjjcvvCe295XeGcXCQJYwrHTa7nJYTtGajKGfpump,180,2026-08-27T20:46:42.683163+00:00,AVAILABLE,884,-1200,11
fp1sig-6536b85fb11c677435349135,5YUCjjcvvCe295XeGcXCQJYwrHTa7nJYTtGajKGfpump,300,2026-08-27T20:48:42.683163+00:00,AVAILABLE,884,-1200,11
fp1sig-658242162b4ad6bb86bdf698,9vucFyWpeziPe1pVmueLThoUYfYEnzNHaAffTTeRpump,5,2026-08-28T10:38:53.489776+00:00,AVAILABLE,1415,1415,1
fp1sig-658242162b4ad6bb86bdf698,9vucFyWpeziPe1pVmueLThoUYfYEnzNHaAffTTeRpump,10,2026-08-28T10:38:58.489776+00:00,AVAILABLE,1415,1415,1
fp1sig-658242162b4ad6bb86bdf698,9vucFyWpeziPe1pVmueLThoUYfYEnzNHaAffTTeRpump,15,2026-08-28T10:39:03.489776+00:00,AVAILABLE,1415,1415,1
fp1sig-658242162b4ad6bb86bdf698,9vucFyWpeziPe1pVmueLThoUYfYEnzNHaAffTTeRpump,20,2026-08-28T10:39:08.489776+00:00,AVAILABLE,1812,1415,2
fp1sig-658242162b4ad6bb86bdf698,9vucFyWpeziPe1pVmueLThoUYfYEnzNHaAffTTeRpump,30,2026-08-28T10:39:18.489776+00:00,AVAILABLE,1812,1415,2
fp1sig-658242162b4ad6bb86bdf698,9vucFyWpeziPe1pVmueLThoUYfYEnzNHaAffTTeRpump,45,2026-08-28T10:39:33.489776+00:00,AVAILABLE,1812,1415,2
fp1sig-658242162b4ad6bb86bdf698,9vucFyWpeziPe1pVmueLThoUYfYEnzNHaAffTTeRpump,60,2026-08-28T10:39:48.489776+00:00,AVAILABLE,1812,1415,2
fp1sig-658242162b4ad6bb86bdf698,9vucFyWpeziPe1pVmueLThoUYfYEnzNHaAffTTeRpump,90,2026-08-28T10:40:18.489776+00:00,AVAILABLE,1812,1415,2
fp1sig-658242162b4ad6bb86bdf698,9vucFyWpeziPe1pVmueLThoUYfYEnzNHaAffTTeRpump,120,2026-08-28T10:40:48.489776+00:00,AVAILABLE,1812,1415,2
fp1sig-658242162b4ad6bb86bdf698,9vucFyWpeziPe1pVmueLThoUYfYEnzNHaAffTTeRpump,180,2026-08-28T10:41:48.489776+00:00,AVAILABLE,5311,1415,8
fp1sig-658242162b4ad6bb86bdf698,9vucFyWpeziPe1pVmueLThoUYfYEnzNHaAffTTeRpump,300,2026-08-28T10:43:48.489776+00:00,AVAILABLE,5311,1415,12
fp1sig-65eabc8e104a734313e52e2f,cotNgfNGmoUXLaPnZiZ1bpQqzgQ5treqGLmLrLZpump,5,2026-08-28T03:38:20.609886+00:00,AVAILABLE,-2624,-2624,1
fp1sig-65eabc8e104a734313e52e2f,cotNgfNGmoUXLaPnZiZ1bpQqzgQ5treqGLmLrLZpump,10,2026-08-28T03:38:25.609886+00:00,AVAILABLE,-2624,-2624,1
fp1sig-65eabc8e104a734313e52e2f,cotNgfNGmoUXLaPnZiZ1bpQqzgQ5treqGLmLrLZpump,15,2026-08-28T03:38:30.609886+00:00,AVAILABLE,-589,-3786,3
fp1sig-65eabc8e104a734313e52e2f,cotNgfNGmoUXLaPnZiZ1bpQqzgQ5treqGLmLrLZpump,20,2026-08-28T03:38:35.609886+00:00,AVAILABLE,-589,-3786,3
fp1sig-65eabc8e104a734313e52e2f,cotNgfNGmoUXLaPnZiZ1bpQqzgQ5treqGLmLrLZpump,30,2026-08-28T03:38:45.609886+00:00,AVAILABLE,610,-3786,6
fp1sig-65eabc8e104a734313e52e2f,cotNgfNGmoUXLaPnZiZ1bpQqzgQ5treqGLmLrLZpump,45,2026-08-28T03:39:00.609886+00:00,AVAILABLE,610,-3786,9
fp1sig-65eabc8e104a734313e52e2f,cotNgfNGmoUXLaPnZiZ1bpQqzgQ5treqGLmLrLZpump,60,2026-08-28T03:39:15.609886+00:00,AVAILABLE,610,-5299,12
fp1sig-65eabc8e104a734313e52e2f,cotNgfNGmoUXLaPnZiZ1bpQqzgQ5treqGLmLrLZpump,90,2026-08-28T03:39:45.609886+00:00,AVAILABLE,610,-5299,16
fp1sig-65eabc8e104a734313e52e2f,cotNgfNGmoUXLaPnZiZ1bpQqzgQ5treqGLmLrLZpump,120,2026-08-28T03:40:15.609886+00:00,AVAILABLE,2908,-5299,18
fp1sig-65eabc8e104a734313e52e2f,cotNgfNGmoUXLaPnZiZ1bpQqzgQ5treqGLmLrLZpump,180,2026-08-28T03:41:15.609886+00:00,AVAILABLE,2908,-5299,21
fp1sig-65eabc8e104a734313e52e2f,cotNgfNGmoUXLaPnZiZ1bpQqzgQ5treqGLmLrLZpump,300,2026-08-28T03:43:15.609886+00:00,AVAILABLE,2908,-5299,23
fp1sig-65ebb0d0c19363a17fd7b3c6,GzsSmNUMCWqKaYcpLJTxsDQsLbTH6HGi2my9eUC8pump,5,2026-08-28T11:32:30.503424+00:00,MISSING,,,0
fp1sig-65ebb0d0c19363a17fd7b3c6,GzsSmNUMCWqKaYcpLJTxsDQsLbTH6HGi2my9eUC8pump,10,2026-08-28T11:32:35.503424+00:00,MISSING,,,0
fp1sig-65ebb0d0c19363a17fd7b3c6,GzsSmNUMCWqKaYcpLJTxsDQsLbTH6HGi2my9eUC8pump,15,2026-08-28T11:32:40.503424+00:00,MISSING,,,0
fp1sig-65ebb0d0c19363a17fd7b3c6,GzsSmNUMCWqKaYcpLJTxsDQsLbTH6HGi2my9eUC8pump,20,2026-08-28T11:32:45.503424+00:00,MISSING,,,0
fp1sig-65ebb0d0c19363a17fd7b3c6,GzsSmNUMCWqKaYcpLJTxsDQsLbTH6HGi2my9eUC8pump,30,2026-08-28T11:32:55.503424+00:00,MISSING,,,0
fp1sig-65ebb0d0c19363a17fd7b3c6,GzsSmNUMCWqKaYcpLJTxsDQsLbTH6HGi2my9eUC8pump,45,2026-08-28T11:33:10.503424+00:00,MISSING,,,0
fp1sig-65ebb0d0c19363a17fd7b3c6,GzsSmNUMCWqKaYcpLJTxsDQsLbTH6HGi2my9eUC8pump,60,2026-08-28T11:33:25.503424+00:00,AVAILABLE,1708,1117,2
fp1sig-65ebb0d0c19363a17fd7b3c6,GzsSmNUMCWqKaYcpLJTxsDQsLbTH6HGi2my9eUC8pump,90,2026-08-28T11:33:55.503424+00:00,AVAILABLE,1827,1117,6
fp1sig-65ebb0d0c19363a17fd7b3c6,GzsSmNUMCWqKaYcpLJTxsDQsLbTH6HGi2my9eUC8pump,120,2026-08-28T11:34:25.503424+00:00,AVAILABLE,1827,628,7
fp1sig-65ebb0d0c19363a17fd7b3c6,GzsSmNUMCWqKaYcpLJTxsDQsLbTH6HGi2my9eUC8pump,180,2026-08-28T11:35:25.503424+00:00,AVAILABLE,1827,-797,10
fp1sig-65ebb0d0c19363a17fd7b3c6,GzsSmNUMCWqKaYcpLJTxsDQsLbTH6HGi2my9eUC8pump,300,2026-08-28T11:37:25.503424+00:00,AVAILABLE,1827,-2958,16
fp1sig-66886437a1b5be345f7fc9a0,5Dqz5n5oNX3f9gwjhJExMDrxnqU4a6KZCPavXDQrpump,5,2026-08-28T02:35:21.362194+00:00,AVAILABLE,-1177,-1177,1
fp1sig-66886437a1b5be345f7fc9a0,5Dqz5n5oNX3f9gwjhJExMDrxnqU4a6KZCPavXDQrpump,10,2026-08-28T02:35:26.362194+00:00,AVAILABLE,-1177,-2512,4
fp1sig-66886437a1b5be345f7fc9a0,5Dqz5n5oNX3f9gwjhJExMDrxnqU4a6KZCPavXDQrpump,15,2026-08-28T02:35:31.362194+00:00,AVAILABLE,-1177,-2512,5
fp1sig-66886437a1b5be345f7fc9a0,5Dqz5n5oNX3f9gwjhJExMDrxnqU4a6KZCPavXDQrpump,20,2026-08-28T02:35:36.362194+00:00,AVAILABLE,-1177,-2512,5
fp1sig-66886437a1b5be345f7fc9a0,5Dqz5n5oNX3f9gwjhJExMDrxnqU4a6KZCPavXDQrpump,30,2026-08-28T02:35:46.362194+00:00,AVAILABLE,-1177,-2512,5
fp1sig-66886437a1b5be345f7fc9a0,5Dqz5n5oNX3f9gwjhJExMDrxnqU4a6KZCPavXDQrpump,45,2026-08-28T02:36:01.362194+00:00,AVAILABLE,-1177,-2515,6
fp1sig-66886437a1b5be345f7fc9a0,5Dqz5n5oNX3f9gwjhJExMDrxnqU4a6KZCPavXDQrpump,60,2026-08-28T02:36:16.362194+00:00,AVAILABLE,-1177,-2515,6
fp1sig-66886437a1b5be345f7fc9a0,5Dqz5n5oNX3f9gwjhJExMDrxnqU4a6KZCPavXDQrpump,90,2026-08-28T02:36:46.362194+00:00,AVAILABLE,-1177,-2515,6
fp1sig-66886437a1b5be345f7fc9a0,5Dqz5n5oNX3f9gwjhJExMDrxnqU4a6KZCPavXDQrpump,120,2026-08-28T02:37:16.362194+00:00,AVAILABLE,-1177,-2515,6
fp1sig-66886437a1b5be345f7fc9a0,5Dqz5n5oNX3f9gwjhJExMDrxnqU4a6KZCPavXDQrpump,180,2026-08-28T02:38:16.362194+00:00,AVAILABLE,17875,-2515,13
fp1sig-66886437a1b5be345f7fc9a0,5Dqz5n5oNX3f9gwjhJExMDrxnqU4a6KZCPavXDQrpump,300,2026-08-28T02:40:16.362194+00:00,AVAILABLE,17875,-2515,13
fp1sig-6765dafcccb61535e91fbd8c,6dVjUgTrAMdziUrx3JoqPVS4AG7W8RXdCQQBxExWt34T,5,2026-08-28T00:00:53.267870+00:00,AVAILABLE,849,-1144,3
fp1sig-6765dafcccb61535e91fbd8c,6dVjUgTrAMdziUrx3JoqPVS4AG7W8RXdCQQBxExWt34T,10,2026-08-28T00:00:58.267870+00:00,AVAILABLE,849,-1170,6
fp1sig-6765dafcccb61535e91fbd8c,6dVjUgTrAMdziUrx3JoqPVS4AG7W8RXdCQQBxExWt34T,15,2026-08-28T00:01:03.267870+00:00,AVAILABLE,849,-1170,9
fp1sig-6765dafcccb61535e91fbd8c,6dVjUgTrAMdziUrx3JoqPVS4AG7W8RXdCQQBxExWt34T,20,2026-08-28T00:01:08.267870+00:00,AVAILABLE,849,-1170,10
fp1sig-6765dafcccb61535e91fbd8c,6dVjUgTrAMdziUrx3JoqPVS4AG7W8RXdCQQBxExWt34T,30,2026-08-28T00:01:18.267870+00:00,AVAILABLE,849,-1990,13
fp1sig-6765dafcccb61535e91fbd8c,6dVjUgTrAMdziUrx3JoqPVS4AG7W8RXdCQQBxExWt34T,45,2026-08-28T00:01:33.267870+00:00,AVAILABLE,849,-1990,13
fp1sig-6765dafcccb61535e91fbd8c,6dVjUgTrAMdziUrx3JoqPVS4AG7W8RXdCQQBxExWt34T,60,2026-08-28T00:01:48.267870+00:00,AVAILABLE,849,-1990,13
fp1sig-6765dafcccb61535e91fbd8c,6dVjUgTrAMdziUrx3JoqPVS4AG7W8RXdCQQBxExWt34T,90,2026-08-28T00:02:18.267870+00:00,AVAILABLE,849,-1990,13
fp1sig-6765dafcccb61535e91fbd8c,6dVjUgTrAMdziUrx3JoqPVS4AG7W8RXdCQQBxExWt34T,120,2026-08-28T00:02:48.267870+00:00,AVAILABLE,849,-1990,13
fp1sig-6765dafcccb61535e91fbd8c,6dVjUgTrAMdziUrx3JoqPVS4AG7W8RXdCQQBxExWt34T,180,2026-08-28T00:03:48.267870+00:00,AVAILABLE,849,-2030,15
fp1sig-6765dafcccb61535e91fbd8c,6dVjUgTrAMdziUrx3JoqPVS4AG7W8RXdCQQBxExWt34T,300,2026-08-28T00:05:48.267870+00:00,AVAILABLE,849,-2030,16
fp1sig-67813c52b9f6f609fafb029a,2KXmSt5VpKWwo5NyehQzLaAHRgJmUMeHnweJQP1npump,5,2026-08-28T06:19:51.368639+00:00,AVAILABLE,-2973,-2973,1
fp1sig-67813c52b9f6f609fafb029a,2KXmSt5VpKWwo5NyehQzLaAHRgJmUMeHnweJQP1npump,10,2026-08-28T06:19:56.368639+00:00,AVAILABLE,-2973,-2973,1
fp1sig-67813c52b9f6f609fafb029a,2KXmSt5VpKWwo5NyehQzLaAHRgJmUMeHnweJQP1npump,15,2026-08-28T06:20:01.368639+00:00,AVAILABLE,-2973,-2973,1
fp1sig-67813c52b9f6f609fafb029a,2KXmSt5VpKWwo5NyehQzLaAHRgJmUMeHnweJQP1npump,20,2026-08-28T06:20:06.368639+00:00,AVAILABLE,-1750,-2973,2
fp1sig-67813c52b9f6f609fafb029a,2KXmSt5VpKWwo5NyehQzLaAHRgJmUMeHnweJQP1npump,30,2026-08-28T06:20:16.368639+00:00,AVAILABLE,1747,-2973,4
fp1sig-67813c52b9f6f609fafb029a,2KXmSt5VpKWwo5NyehQzLaAHRgJmUMeHnweJQP1npump,45,2026-08-28T06:20:31.368639+00:00,AVAILABLE,5734,-2973,6
fp1sig-67813c52b9f6f609fafb029a,2KXmSt5VpKWwo5NyehQzLaAHRgJmUMeHnweJQP1npump,60,2026-08-28T06:20:46.368639+00:00,AVAILABLE,5734,-2973,10
fp1sig-67813c52b9f6f609fafb029a,2KXmSt5VpKWwo5NyehQzLaAHRgJmUMeHnweJQP1npump,90,2026-08-28T06:21:16.368639+00:00,AVAILABLE,5734,-5913,15
fp1sig-67813c52b9f6f609fafb029a,2KXmSt5VpKWwo5NyehQzLaAHRgJmUMeHnweJQP1npump,120,2026-08-28T06:21:46.368639+00:00,AVAILABLE,5734,-7230,16
fp1sig-67813c52b9f6f609fafb029a,2KXmSt5VpKWwo5NyehQzLaAHRgJmUMeHnweJQP1npump,180,2026-08-28T06:22:46.368639+00:00,AVAILABLE,5734,-8084,20
fp1sig-67813c52b9f6f609fafb029a,2KXmSt5VpKWwo5NyehQzLaAHRgJmUMeHnweJQP1npump,300,2026-08-28T06:24:46.368639+00:00,AVAILABLE,5734,-8084,22
fp1sig-67e6f6c461f98cd84e357f55,EzdcGAkwH3LKNm9eJ85f5ySsHku6PSdXHxv4fLe8pump,5,2026-08-28T10:13:52.053453+00:00,MISSING,,,0
fp1sig-67e6f6c461f98cd84e357f55,EzdcGAkwH3LKNm9eJ85f5ySsHku6PSdXHxv4fLe8pump,10,2026-08-28T10:13:57.053453+00:00,MISSING,,,0
fp1sig-67e6f6c461f98cd84e357f55,EzdcGAkwH3LKNm9eJ85f5ySsHku6PSdXHxv4fLe8pump,15,2026-08-28T10:14:02.053453+00:00,MISSING,,,0
fp1sig-67e6f6c461f98cd84e357f55,EzdcGAkwH3LKNm9eJ85f5ySsHku6PSdXHxv4fLe8pump,20,2026-08-28T10:14:07.053453+00:00,MISSING,,,0
fp1sig-67e6f6c461f98cd84e357f55,EzdcGAkwH3LKNm9eJ85f5ySsHku6PSdXHxv4fLe8pump,30,2026-08-28T10:14:17.053453+00:00,AVAILABLE,-3290,-3290,1
fp1sig-67e6f6c461f98cd84e357f55,EzdcGAkwH3LKNm9eJ85f5ySsHku6PSdXHxv4fLe8pump,45,2026-08-28T10:14:32.053453+00:00,AVAILABLE,-2904,-3290,3
fp1sig-67e6f6c461f98cd84e357f55,EzdcGAkwH3LKNm9eJ85f5ySsHku6PSdXHxv4fLe8pump,60,2026-08-28T10:14:47.053453+00:00,AVAILABLE,-2492,-3436,9
fp1sig-67e6f6c461f98cd84e357f55,EzdcGAkwH3LKNm9eJ85f5ySsHku6PSdXHxv4fLe8pump,90,2026-08-28T10:15:17.053453+00:00,AVAILABLE,-2492,-3436,13
fp1sig-67e6f6c461f98cd84e357f55,EzdcGAkwH3LKNm9eJ85f5ySsHku6PSdXHxv4fLe8pump,120,2026-08-28T10:15:47.053453+00:00,AVAILABLE,-2492,-4582,19
fp1sig-67e6f6c461f98cd84e357f55,EzdcGAkwH3LKNm9eJ85f5ySsHku6PSdXHxv4fLe8pump,180,2026-08-28T10:16:47.053453+00:00,AVAILABLE,-2492,-4818,25
fp1sig-67e6f6c461f98cd84e357f55,EzdcGAkwH3LKNm9eJ85f5ySsHku6PSdXHxv4fLe8pump,300,2026-08-28T10:18:47.053453+00:00,AVAILABLE,-2492,-4818,25
fp1sig-683bef07a24da3a3ae028a38,2kUHMTACDp5KtVDtgb9LdEr2aFXwTrn9DZQ2KEHEpump,5,2026-08-27T23:58:45.529759+00:00,AVAILABLE,-154,-154,1
fp1sig-683bef07a24da3a3ae028a38,2kUHMTACDp5KtVDtgb9LdEr2aFXwTrn9DZQ2KEHEpump,10,2026-08-27T23:58:50.529759+00:00,AVAILABLE,-154,-619,3
fp1sig-683bef07a24da3a3ae028a38,2kUHMTACDp5KtVDtgb9LdEr2aFXwTrn9DZQ2KEHEpump,15,2026-08-27T23:58:55.529759+00:00,AVAILABLE,-151,-722,5
fp1sig-683bef07a24da3a3ae028a38,2kUHMTACDp5KtVDtgb9LdEr2aFXwTrn9DZQ2KEHEpump,20,2026-08-27T23:59:00.529759+00:00,AVAILABLE,-151,-722,5
fp1sig-683bef07a24da3a3ae028a38,2kUHMTACDp5KtVDtgb9LdEr2aFXwTrn9DZQ2KEHEpump,30,2026-08-27T23:59:10.529759+00:00,AVAILABLE,-151,-722,5
fp1sig-683bef07a24da3a3ae028a38,2kUHMTACDp5KtVDtgb9LdEr2aFXwTrn9DZQ2KEHEpump,45,2026-08-27T23:59:25.529759+00:00,AVAILABLE,-151,-722,5
fp1sig-683bef07a24da3a3ae028a38,2kUHMTACDp5KtVDtgb9LdEr2aFXwTrn9DZQ2KEHEpump,60,2026-08-27T23:59:40.529759+00:00,AVAILABLE,-151,-722,5
fp1sig-683bef07a24da3a3ae028a38,2kUHMTACDp5KtVDtgb9LdEr2aFXwTrn9DZQ2KEHEpump,90,2026-08-28T00:00:10.529759+00:00,AVAILABLE,-37,-722,6
fp1sig-683bef07a24da3a3ae028a38,2kUHMTACDp5KtVDtgb9LdEr2aFXwTrn9DZQ2KEHEpump,120,2026-08-28T00:00:40.529759+00:00,AVAILABLE,-37,-722,6
fp1sig-683bef07a24da3a3ae028a38,2kUHMTACDp5KtVDtgb9LdEr2aFXwTrn9DZQ2KEHEpump,180,2026-08-28T00:01:40.529759+00:00,AVAILABLE,-37,-4303,22
fp1sig-683bef07a24da3a3ae028a38,2kUHMTACDp5KtVDtgb9LdEr2aFXwTrn9DZQ2KEHEpump,300,2026-08-28T00:03:40.529759+00:00,AVAILABLE,-37,-4303,22
fp1sig-692838d02c38be63b3adbc1e,486bYPM3VTT4gx5dZR6NpGGFUEEasKxV8ZV6GCWYpump,5,2026-08-27T19:21:57.173050+00:00,AVAILABLE,1197,1197,1
fp1sig-692838d02c38be63b3adbc1e,486bYPM3VTT4gx5dZR6NpGGFUEEasKxV8ZV6GCWYpump,10,2026-08-27T19:22:02.173050+00:00,AVAILABLE,1197,1132,2
fp1sig-692838d02c38be63b3adbc1e,486bYPM3VTT4gx5dZR6NpGGFUEEasKxV8ZV6GCWYpump,15,2026-08-27T19:22:07.173050+00:00,AVAILABLE,1197,-2374,3
fp1sig-692838d02c38be63b3adbc1e,486bYPM3VTT4gx5dZR6NpGGFUEEasKxV8ZV6GCWYpump,20,2026-08-27T19:22:12.173050+00:00,AVAILABLE,1197,-2374,3
fp1sig-692838d02c38be63b3adbc1e,486bYPM3VTT4gx5dZR6NpGGFUEEasKxV8ZV6GCWYpump,30,2026-08-27T19:22:22.173050+00:00,AVAILABLE,1197,-2374,3
fp1sig-692838d02c38be63b3adbc1e,486bYPM3VTT4gx5dZR6NpGGFUEEasKxV8ZV6GCWYpump,45,2026-08-27T19:22:37.173050+00:00,AVAILABLE,1197,-2451,4
fp1sig-692838d02c38be63b3adbc1e,486bYPM3VTT4gx5dZR6NpGGFUEEasKxV8ZV6GCWYpump,60,2026-08-27T19:22:52.173050+00:00,AVAILABLE,1197,-2451,4
fp1sig-692838d02c38be63b3adbc1e,486bYPM3VTT4gx5dZR6NpGGFUEEasKxV8ZV6GCWYpump,90,2026-08-27T19:23:22.173050+00:00,AVAILABLE,1197,-2451,4
fp1sig-692838d02c38be63b3adbc1e,486bYPM3VTT4gx5dZR6NpGGFUEEasKxV8ZV6GCWYpump,120,2026-08-27T19:23:52.173050+00:00,AVAILABLE,1197,-2451,10
fp1sig-692838d02c38be63b3adbc1e,486bYPM3VTT4gx5dZR6NpGGFUEEasKxV8ZV6GCWYpump,180,2026-08-27T19:24:52.173050+00:00,AVAILABLE,1197,-2451,11
fp1sig-692838d02c38be63b3adbc1e,486bYPM3VTT4gx5dZR6NpGGFUEEasKxV8ZV6GCWYpump,300,2026-08-27T19:26:52.173050+00:00,AVAILABLE,1197,-3725,17
fp1sig-69bed4ccdd588d5112c8304d,5BNxgJ82uAcnEmcEpN4b4ezL8fd9LHq8to36EJ5Ypump,5,2026-08-27T13:17:07.553642+00:00,AVAILABLE,293,293,1
fp1sig-69bed4ccdd588d5112c8304d,5BNxgJ82uAcnEmcEpN4b4ezL8fd9LHq8to36EJ5Ypump,10,2026-08-27T13:17:12.553642+00:00,AVAILABLE,293,293,1
fp1sig-69bed4ccdd588d5112c8304d,5BNxgJ82uAcnEmcEpN4b4ezL8fd9LHq8to36EJ5Ypump,15,2026-08-27T13:17:17.553642+00:00,AVAILABLE,293,293,2
fp1sig-69bed4ccdd588d5112c8304d,5BNxgJ82uAcnEmcEpN4b4ezL8fd9LHq8to36EJ5Ypump,20,2026-08-27T13:17:22.553642+00:00,AVAILABLE,293,293,2
fp1sig-69bed4ccdd588d5112c8304d,5BNxgJ82uAcnEmcEpN4b4ezL8fd9LHq8to36EJ5Ypump,30,2026-08-27T13:17:32.553642+00:00,AVAILABLE,293,293,2
fp1sig-69bed4ccdd588d5112c8304d,5BNxgJ82uAcnEmcEpN4b4ezL8fd9LHq8to36EJ5Ypump,45,2026-08-27T13:17:47.553642+00:00,AVAILABLE,293,293,2
fp1sig-69bed4ccdd588d5112c8304d,5BNxgJ82uAcnEmcEpN4b4ezL8fd9LHq8to36EJ5Ypump,60,2026-08-27T13:18:02.553642+00:00,AVAILABLE,293,293,2
fp1sig-69bed4ccdd588d5112c8304d,5BNxgJ82uAcnEmcEpN4b4ezL8fd9LHq8to36EJ5Ypump,90,2026-08-27T13:18:32.553642+00:00,AVAILABLE,293,293,2
fp1sig-69bed4ccdd588d5112c8304d,5BNxgJ82uAcnEmcEpN4b4ezL8fd9LHq8to36EJ5Ypump,120,2026-08-27T13:19:02.553642+00:00,AVAILABLE,293,293,2
fp1sig-69bed4ccdd588d5112c8304d,5BNxgJ82uAcnEmcEpN4b4ezL8fd9LHq8to36EJ5Ypump,180,2026-08-27T13:20:02.553642+00:00,AVAILABLE,293,-560,5
fp1sig-69bed4ccdd588d5112c8304d,5BNxgJ82uAcnEmcEpN4b4ezL8fd9LHq8to36EJ5Ypump,300,2026-08-27T13:22:02.553642+00:00,AVAILABLE,293,-996,8
fp1sig-69e56ee5ce8b7ccc2594458a,9fQDfXFEVPMZRW7yBM7QRyjcdfbSFXMX8mLxxxkupump,5,2026-08-28T05:07:11.013604+00:00,AVAILABLE,580,-981,7
fp1sig-69e56ee5ce8b7ccc2594458a,9fQDfXFEVPMZRW7yBM7QRyjcdfbSFXMX8mLxxxkupump,10,2026-08-28T05:07:16.013604+00:00,AVAILABLE,580,-981,7
fp1sig-69e56ee5ce8b7ccc2594458a,9fQDfXFEVPMZRW7yBM7QRyjcdfbSFXMX8mLxxxkupump,15,2026-08-28T05:07:21.013604+00:00,AVAILABLE,580,-981,10
fp1sig-69e56ee5ce8b7ccc2594458a,9fQDfXFEVPMZRW7yBM7QRyjcdfbSFXMX8mLxxxkupump,20,2026-08-28T05:07:26.013604+00:00,AVAILABLE,580,-981,10
fp1sig-69e56ee5ce8b7ccc2594458a,9fQDfXFEVPMZRW7yBM7QRyjcdfbSFXMX8mLxxxkupump,30,2026-08-28T05:07:36.013604+00:00,AVAILABLE,580,-981,10
fp1sig-69e56ee5ce8b7ccc2594458a,9fQDfXFEVPMZRW7yBM7QRyjcdfbSFXMX8mLxxxkupump,45,2026-08-28T05:07:51.013604+00:00,AVAILABLE,580,-981,12
fp1sig-69e56ee5ce8b7ccc2594458a,9fQDfXFEVPMZRW7yBM7QRyjcdfbSFXMX8mLxxxkupump,60,2026-08-28T05:08:06.013604+00:00,AVAILABLE,580,-2729,23
fp1sig-69e56ee5ce8b7ccc2594458a,9fQDfXFEVPMZRW7yBM7QRyjcdfbSFXMX8mLxxxkupump,90,2026-08-28T05:08:36.013604+00:00,AVAILABLE,3061,-2729,49
fp1sig-69e56ee5ce8b7ccc2594458a,9fQDfXFEVPMZRW7yBM7QRyjcdfbSFXMX8mLxxxkupump,120,2026-08-28T05:09:06.013604+00:00,AVAILABLE,3241,-2729,79
fp1sig-69e56ee5ce8b7ccc2594458a,9fQDfXFEVPMZRW7yBM7QRyjcdfbSFXMX8mLxxxkupump,180,2026-08-28T05:10:06.013604+00:00,AVAILABLE,5179,-2729,111
fp1sig-69e56ee5ce8b7ccc2594458a,9fQDfXFEVPMZRW7yBM7QRyjcdfbSFXMX8mLxxxkupump,300,2026-08-28T05:12:06.013604+00:00,AVAILABLE,6624,-2729,194
fp1sig-6a0ecfdb74c0a5580d066979,8r5toTFR35eosbBcFyMZnXkFdWTPnrtPi1pFXgy8pump,5,2026-08-28T06:49:37.304048+00:00,AVAILABLE,1597,-2023,15
fp1sig-6a0ecfdb74c0a5580d066979,8r5toTFR35eosbBcFyMZnXkFdWTPnrtPi1pFXgy8pump,10,2026-08-28T06:49:42.304048+00:00,AVAILABLE,1597,-2168,27
fp1sig-6a0ecfdb74c0a5580d066979,8r5toTFR35eosbBcFyMZnXkFdWTPnrtPi1pFXgy8pump,15,2026-08-28T06:49:47.304048+00:00,AVAILABLE,1597,-2168,47
fp1sig-6a0ecfdb74c0a5580d066979,8r5toTFR35eosbBcFyMZnXkFdWTPnrtPi1pFXgy8pump,20,2026-08-28T06:49:52.304048+00:00,AVAILABLE,2398,-2168,63
fp1sig-6a0ecfdb74c0a5580d066979,8r5toTFR35eosbBcFyMZnXkFdWTPnrtPi1pFXgy8pump,30,2026-08-28T06:50:02.304048+00:00,AVAILABLE,2968,-2168,73
fp1sig-6a0ecfdb74c0a5580d066979,8r5toTFR35eosbBcFyMZnXkFdWTPnrtPi1pFXgy8pump,45,2026-08-28T06:50:17.304048+00:00,AVAILABLE,3828,-2168,105
fp1sig-6a0ecfdb74c0a5580d066979,8r5toTFR35eosbBcFyMZnXkFdWTPnrtPi1pFXgy8pump,60,2026-08-28T06:50:32.304048+00:00,AVAILABLE,4105,-2168,116
fp1sig-6a0ecfdb74c0a5580d066979,8r5toTFR35eosbBcFyMZnXkFdWTPnrtPi1pFXgy8pump,90,2026-08-28T06:51:02.304048+00:00,AVAILABLE,8641,-2168,173
fp1sig-6a0ecfdb74c0a5580d066979,8r5toTFR35eosbBcFyMZnXkFdWTPnrtPi1pFXgy8pump,120,2026-08-28T06:51:32.304048+00:00,AVAILABLE,11816,-2168,231
fp1sig-6a0ecfdb74c0a5580d066979,8r5toTFR35eosbBcFyMZnXkFdWTPnrtPi1pFXgy8pump,180,2026-08-28T06:52:32.304048+00:00,AVAILABLE,15770,-2168,354
fp1sig-6a0ecfdb74c0a5580d066979,8r5toTFR35eosbBcFyMZnXkFdWTPnrtPi1pFXgy8pump,300,2026-08-28T06:54:32.304048+00:00,AVAILABLE,17206,-2168,576
fp1sig-6a351dde442b0171ea20e827,BPyTbaQDEeAv9aCVk4m62iVjBv1CtR76tpzWFvXipump,5,2026-08-27T20:51:10.039616+00:00,MISSING,,,0
fp1sig-6a351dde442b0171ea20e827,BPyTbaQDEeAv9aCVk4m62iVjBv1CtR76tpzWFvXipump,10,2026-08-27T20:51:15.039616+00:00,MISSING,,,0
fp1sig-6a351dde442b0171ea20e827,BPyTbaQDEeAv9aCVk4m62iVjBv1CtR76tpzWFvXipump,15,2026-08-27T20:51:20.039616+00:00,MISSING,,,0
fp1sig-6a351dde442b0171ea20e827,BPyTbaQDEeAv9aCVk4m62iVjBv1CtR76tpzWFvXipump,20,2026-08-27T20:51:25.039616+00:00,MISSING,,,0
fp1sig-6a351dde442b0171ea20e827,BPyTbaQDEeAv9aCVk4m62iVjBv1CtR76tpzWFvXipump,30,2026-08-27T20:51:35.039616+00:00,MISSING,,,0
fp1sig-6a351dde442b0171ea20e827,BPyTbaQDEeAv9aCVk4m62iVjBv1CtR76tpzWFvXipump,45,2026-08-27T20:51:50.039616+00:00,MISSING,,,0
fp1sig-6a351dde442b0171ea20e827,BPyTbaQDEeAv9aCVk4m62iVjBv1CtR76tpzWFvXipump,60,2026-08-27T20:52:05.039616+00:00,MISSING,,,0
fp1sig-6a351dde442b0171ea20e827,BPyTbaQDEeAv9aCVk4m62iVjBv1CtR76tpzWFvXipump,90,2026-08-27T20:52:35.039616+00:00,MISSING,,,0
fp1sig-6a351dde442b0171ea20e827,BPyTbaQDEeAv9aCVk4m62iVjBv1CtR76tpzWFvXipump,120,2026-08-27T20:53:05.039616+00:00,AVAILABLE,621,141,3
fp1sig-6a351dde442b0171ea20e827,BPyTbaQDEeAv9aCVk4m62iVjBv1CtR76tpzWFvXipump,180,2026-08-27T20:54:05.039616+00:00,AVAILABLE,624,-318,7
fp1sig-6a351dde442b0171ea20e827,BPyTbaQDEeAv9aCVk4m62iVjBv1CtR76tpzWFvXipump,300,2026-08-27T20:56:05.039616+00:00,AVAILABLE,624,-492,8
fp1sig-6b16aacd7c718bf76f9cfd81,2KEujGQzV6RPjrD5e9TLqY3Tbk1GC1ukWrR8JHEypump,5,2026-08-28T04:02:40.043940+00:00,MISSING,,,0
fp1sig-6b16aacd7c718bf76f9cfd81,2KEujGQzV6RPjrD5e9TLqY3Tbk1GC1ukWrR8JHEypump,10,2026-08-28T04:02:45.043940+00:00,MISSING,,,0
fp1sig-6b16aacd7c718bf76f9cfd81,2KEujGQzV6RPjrD5e9TLqY3Tbk1GC1ukWrR8JHEypump,15,2026-08-28T04:02:50.043940+00:00,AVAILABLE,-3,-3,1
fp1sig-6b16aacd7c718bf76f9cfd81,2KEujGQzV6RPjrD5e9TLqY3Tbk1GC1ukWrR8JHEypump,20,2026-08-28T04:02:55.043940+00:00,AVAILABLE,-3,-3,1
fp1sig-6b16aacd7c718bf76f9cfd81,2KEujGQzV6RPjrD5e9TLqY3Tbk1GC1ukWrR8JHEypump,30,2026-08-28T04:03:05.043940+00:00,AVAILABLE,-3,-1865,2
fp1sig-6b16aacd7c718bf76f9cfd81,2KEujGQzV6RPjrD5e9TLqY3Tbk1GC1ukWrR8JHEypump,45,2026-08-28T04:03:20.043940+00:00,AVAILABLE,-3,-1865,2
fp1sig-6b16aacd7c718bf76f9cfd81,2KEujGQzV6RPjrD5e9TLqY3Tbk1GC1ukWrR8JHEypump,60,2026-08-28T04:03:35.043940+00:00,AVAILABLE,-3,-1865,2
fp1sig-6b16aacd7c718bf76f9cfd81,2KEujGQzV6RPjrD5e9TLqY3Tbk1GC1ukWrR8JHEypump,90,2026-08-28T04:04:05.043940+00:00,AVAILABLE,-3,-5526,4
fp1sig-6b16aacd7c718bf76f9cfd81,2KEujGQzV6RPjrD5e9TLqY3Tbk1GC1ukWrR8JHEypump,120,2026-08-28T04:04:35.043940+00:00,AVAILABLE,-3,-5526,4
fp1sig-6b16aacd7c718bf76f9cfd81,2KEujGQzV6RPjrD5e9TLqY3Tbk1GC1ukWrR8JHEypump,180,2026-08-28T04:05:35.043940+00:00,AVAILABLE,-3,-7463,11
fp1sig-6b16aacd7c718bf76f9cfd81,2KEujGQzV6RPjrD5e9TLqY3Tbk1GC1ukWrR8JHEypump,300,2026-08-28T04:07:35.043940+00:00,AVAILABLE,-3,-7826,17
fp1sig-6b604dc0915dc3b10b2fd346,irvJgRAyhvmfGyBwk9PvW33FTV3hkf5uWn9zaG2pump,5,2026-08-28T00:48:31.289388+00:00,MISSING,,,0
fp1sig-6b604dc0915dc3b10b2fd346,irvJgRAyhvmfGyBwk9PvW33FTV3hkf5uWn9zaG2pump,10,2026-08-28T00:48:36.289388+00:00,MISSING,,,0
fp1sig-6b604dc0915dc3b10b2fd346,irvJgRAyhvmfGyBwk9PvW33FTV3hkf5uWn9zaG2pump,15,2026-08-28T00:48:41.289388+00:00,AVAILABLE,284,284,1
fp1sig-6b604dc0915dc3b10b2fd346,irvJgRAyhvmfGyBwk9PvW33FTV3hkf5uWn9zaG2pump,20,2026-08-28T00:48:46.289388+00:00,AVAILABLE,284,284,1
fp1sig-6b604dc0915dc3b10b2fd346,irvJgRAyhvmfGyBwk9PvW33FTV3hkf5uWn9zaG2pump,30,2026-08-28T00:48:56.289388+00:00,AVAILABLE,284,284,1
fp1sig-6b604dc0915dc3b10b2fd346,irvJgRAyhvmfGyBwk9PvW33FTV3hkf5uWn9zaG2pump,45,2026-08-28T00:49:11.289388+00:00,AVAILABLE,284,284,1
fp1sig-6b604dc0915dc3b10b2fd346,irvJgRAyhvmfGyBwk9PvW33FTV3hkf5uWn9zaG2pump,60,2026-08-28T00:49:26.289388+00:00,AVAILABLE,284,284,1
fp1sig-6b604dc0915dc3b10b2fd346,irvJgRAyhvmfGyBwk9PvW33FTV3hkf5uWn9zaG2pump,90,2026-08-28T00:49:56.289388+00:00,AVAILABLE,284,-1148,2
fp1sig-6b604dc0915dc3b10b2fd346,irvJgRAyhvmfGyBwk9PvW33FTV3hkf5uWn9zaG2pump,120,2026-08-28T00:50:26.289388+00:00,AVAILABLE,284,-1148,4
fp1sig-6b604dc0915dc3b10b2fd346,irvJgRAyhvmfGyBwk9PvW33FTV3hkf5uWn9zaG2pump,180,2026-08-28T00:51:26.289388+00:00,AVAILABLE,284,-3526,11
fp1sig-6b604dc0915dc3b10b2fd346,irvJgRAyhvmfGyBwk9PvW33FTV3hkf5uWn9zaG2pump,300,2026-08-28T00:53:26.289388+00:00,AVAILABLE,284,-3526,11
fp1sig-6b6075459953c9b461a39593,9xGXbhjjUhzVaPSVakSrNxv1ndf7GSagrPUMzvphpump,5,2026-08-28T08:29:50.056754+00:00,MISSING,,,0
fp1sig-6b6075459953c9b461a39593,9xGXbhjjUhzVaPSVakSrNxv1ndf7GSagrPUMzvphpump,10,2026-08-28T08:29:55.056754+00:00,AVAILABLE,3437,1291,6
fp1sig-6b6075459953c9b461a39593,9xGXbhjjUhzVaPSVakSrNxv1ndf7GSagrPUMzvphpump,15,2026-08-28T08:30:00.056754+00:00,AVAILABLE,3437,1291,7
fp1sig-6b6075459953c9b461a39593,9xGXbhjjUhzVaPSVakSrNxv1ndf7GSagrPUMzvphpump,20,2026-08-28T08:30:05.056754+00:00,AVAILABLE,3437,1291,7
fp1sig-6b6075459953c9b461a39593,9xGXbhjjUhzVaPSVakSrNxv1ndf7GSagrPUMzvphpump,30,2026-08-28T08:30:15.056754+00:00,AVAILABLE,3437,89,14
fp1sig-6b6075459953c9b461a39593,9xGXbhjjUhzVaPSVakSrNxv1ndf7GSagrPUMzvphpump,45,2026-08-28T08:30:30.056754+00:00,AVAILABLE,3437,-646,16
fp1sig-6b6075459953c9b461a39593,9xGXbhjjUhzVaPSVakSrNxv1ndf7GSagrPUMzvphpump,60,2026-08-28T08:30:45.056754+00:00,AVAILABLE,3437,-739,20
fp1sig-6b6075459953c9b461a39593,9xGXbhjjUhzVaPSVakSrNxv1ndf7GSagrPUMzvphpump,90,2026-08-28T08:31:15.056754+00:00,AVAILABLE,3437,-739,33
fp1sig-6b6075459953c9b461a39593,9xGXbhjjUhzVaPSVakSrNxv1ndf7GSagrPUMzvphpump,120,2026-08-28T08:31:45.056754+00:00,AVAILABLE,3437,-1422,39
fp1sig-6b6075459953c9b461a39593,9xGXbhjjUhzVaPSVakSrNxv1ndf7GSagrPUMzvphpump,180,2026-08-28T08:32:45.056754+00:00,AVAILABLE,3437,-3079,48
fp1sig-6b6075459953c9b461a39593,9xGXbhjjUhzVaPSVakSrNxv1ndf7GSagrPUMzvphpump,300,2026-08-28T08:34:45.056754+00:00,AVAILABLE,3437,-5175,56
fp1sig-6bee0f7bbca6be5e98f90cd1,FyygAVhDKygx9KpqWoxk6rkn3HUEmHB7cEVFFWBDpump,5,2026-08-28T11:57:51.148256+00:00,AVAILABLE,2700,-366,3
fp1sig-6bee0f7bbca6be5e98f90cd1,FyygAVhDKygx9KpqWoxk6rkn3HUEmHB7cEVFFWBDpump,10,2026-08-28T11:57:56.148256+00:00,AVAILABLE,5366,-366,4
fp1sig-6bee0f7bbca6be5e98f90cd1,FyygAVhDKygx9KpqWoxk6rkn3HUEmHB7cEVFFWBDpump,15,2026-08-28T11:58:01.148256+00:00,AVAILABLE,5366,-366,5
fp1sig-6bee0f7bbca6be5e98f90cd1,FyygAVhDKygx9KpqWoxk6rkn3HUEmHB7cEVFFWBDpump,20,2026-08-28T11:58:06.148256+00:00,AVAILABLE,5366,-2269,7
fp1sig-6bee0f7bbca6be5e98f90cd1,FyygAVhDKygx9KpqWoxk6rkn3HUEmHB7cEVFFWBDpump,30,2026-08-28T11:58:16.148256+00:00,AVAILABLE,5366,-2269,9
fp1sig-6bee0f7bbca6be5e98f90cd1,FyygAVhDKygx9KpqWoxk6rkn3HUEmHB7cEVFFWBDpump,45,2026-08-28T11:58:31.148256+00:00,AVAILABLE,5366,-3583,12
fp1sig-6bee0f7bbca6be5e98f90cd1,FyygAVhDKygx9KpqWoxk6rkn3HUEmHB7cEVFFWBDpump,60,2026-08-28T11:58:46.148256+00:00,AVAILABLE,5366,-3583,14
fp1sig-6bee0f7bbca6be5e98f90cd1,FyygAVhDKygx9KpqWoxk6rkn3HUEmHB7cEVFFWBDpump,90,2026-08-28T11:59:16.148256+00:00,AVAILABLE,5366,-5348,20
fp1sig-6bee0f7bbca6be5e98f90cd1,FyygAVhDKygx9KpqWoxk6rkn3HUEmHB7cEVFFWBDpump,120,2026-08-28T11:59:46.148256+00:00,AVAILABLE,5366,-5478,23
fp1sig-6bee0f7bbca6be5e98f90cd1,FyygAVhDKygx9KpqWoxk6rkn3HUEmHB7cEVFFWBDpump,180,2026-08-28T12:00:46.148256+00:00,AVAILABLE,5366,-7881,31
fp1sig-6bee0f7bbca6be5e98f90cd1,FyygAVhDKygx9KpqWoxk6rkn3HUEmHB7cEVFFWBDpump,300,2026-08-28T12:02:46.148256+00:00,AVAILABLE,5366,-8152,45
fp1sig-6c0e844602ba101167dd8430,FouBqbQ4fz972DKEm9W7aGGR8xW6pfBz17unrJyDpump,5,2026-08-27T21:54:56.966082+00:00,AVAILABLE,349,349,1
fp1sig-6c0e844602ba101167dd8430,FouBqbQ4fz972DKEm9W7aGGR8xW6pfBz17unrJyDpump,10,2026-08-27T21:55:01.966082+00:00,AVAILABLE,349,349,1
fp1sig-6c0e844602ba101167dd8430,FouBqbQ4fz972DKEm9W7aGGR8xW6pfBz17unrJyDpump,15,2026-08-27T21:55:06.966082+00:00,AVAILABLE,2376,349,5
fp1sig-6c0e844602ba101167dd8430,FouBqbQ4fz972DKEm9W7aGGR8xW6pfBz17unrJyDpump,20,2026-08-27T21:55:11.966082+00:00,AVAILABLE,2376,349,5
fp1sig-6c0e844602ba101167dd8430,FouBqbQ4fz972DKEm9W7aGGR8xW6pfBz17unrJyDpump,30,2026-08-27T21:55:21.966082+00:00,AVAILABLE,2945,349,10
fp1sig-6c0e844602ba101167dd8430,FouBqbQ4fz972DKEm9W7aGGR8xW6pfBz17unrJyDpump,45,2026-08-27T21:55:36.966082+00:00,AVAILABLE,2945,349,10
fp1sig-6c0e844602ba101167dd8430,FouBqbQ4fz972DKEm9W7aGGR8xW6pfBz17unrJyDpump,60,2026-08-27T21:55:51.966082+00:00,AVAILABLE,2945,349,10
fp1sig-6c0e844602ba101167dd8430,FouBqbQ4fz972DKEm9W7aGGR8xW6pfBz17unrJyDpump,90,2026-08-27T21:56:21.966082+00:00,AVAILABLE,2945,349,11
fp1sig-6c0e844602ba101167dd8430,FouBqbQ4fz972DKEm9W7aGGR8xW6pfBz17unrJyDpump,120,2026-08-27T21:56:51.966082+00:00,AVAILABLE,4584,349,22
fp1sig-6c0e844602ba101167dd8430,FouBqbQ4fz972DKEm9W7aGGR8xW6pfBz17unrJyDpump,180,2026-08-27T21:57:51.966082+00:00,AVAILABLE,5602,349,28
fp1sig-6c0e844602ba101167dd8430,FouBqbQ4fz972DKEm9W7aGGR8xW6pfBz17unrJyDpump,300,2026-08-27T21:59:51.966082+00:00,AVAILABLE,5602,349,44
fp1sig-6c1cc654d4840250ce9e51c3,BUb9Nyres1gQyTAAhLor6vEVvn5krUoDRGtWdr3pump,5,2026-08-28T07:09:31.786882+00:00,AVAILABLE,243,-992,2
fp1sig-6c1cc654d4840250ce9e51c3,BUb9Nyres1gQyTAAhLor6vEVvn5krUoDRGtWdr3pump,10,2026-08-28T07:09:36.786882+00:00,AVAILABLE,2729,-992,5
fp1sig-6c1cc654d4840250ce9e51c3,BUb9Nyres1gQyTAAhLor6vEVvn5krUoDRGtWdr3pump,15,2026-08-28T07:09:41.786882+00:00,AVAILABLE,2729,-992,6
fp1sig-6c1cc654d4840250ce9e51c3,BUb9Nyres1gQyTAAhLor6vEVvn5krUoDRGtWdr3pump,20,2026-08-28T07:09:46.786882+00:00,AVAILABLE,2729,-992,7
fp1sig-6c1cc654d4840250ce9e51c3,BUb9Nyres1gQyTAAhLor6vEVvn5krUoDRGtWdr3pump,30,2026-08-28T07:09:56.786882+00:00,AVAILABLE,2729,-992,8
fp1sig-6c1cc654d4840250ce9e51c3,BUb9Nyres1gQyTAAhLor6vEVvn5krUoDRGtWdr3pump,45,2026-08-28T07:10:11.786882+00:00,AVAILABLE,2729,-992,9
fp1sig-6c1cc654d4840250ce9e51c3,BUb9Nyres1gQyTAAhLor6vEVvn5krUoDRGtWdr3pump,60,2026-08-28T07:10:26.786882+00:00,AVAILABLE,2729,-992,9
fp1sig-6c1cc654d4840250ce9e51c3,BUb9Nyres1gQyTAAhLor6vEVvn5krUoDRGtWdr3pump,90,2026-08-28T07:10:56.786882+00:00,AVAILABLE,2729,-992,9
fp1sig-6c1cc654d4840250ce9e51c3,BUb9Nyres1gQyTAAhLor6vEVvn5krUoDRGtWdr3pump,120,2026-08-28T07:11:26.786882+00:00,AVAILABLE,2729,-992,9
fp1sig-6c1cc654d4840250ce9e51c3,BUb9Nyres1gQyTAAhLor6vEVvn5krUoDRGtWdr3pump,180,2026-08-28T07:12:26.786882+00:00,AVAILABLE,2729,-992,9
fp1sig-6c1cc654d4840250ce9e51c3,BUb9Nyres1gQyTAAhLor6vEVvn5krUoDRGtWdr3pump,300,2026-08-28T07:14:26.786882+00:00,AVAILABLE,2729,-992,9
fp1sig-6d5afd675649cedb485c8442,25G5htngUfr1zUpEZtUKvagNe4JwDvW4WeiaWP1hpump,5,2026-08-28T07:33:46.551355+00:00,AVAILABLE,931,334,2
fp1sig-6d5afd675649cedb485c8442,25G5htngUfr1zUpEZtUKvagNe4JwDvW4WeiaWP1hpump,10,2026-08-28T07:33:51.551355+00:00,AVAILABLE,1382,-2940,4
fp1sig-6d5afd675649cedb485c8442,25G5htngUfr1zUpEZtUKvagNe4JwDvW4WeiaWP1hpump,15,2026-08-28T07:33:56.551355+00:00,AVAILABLE,1382,-2940,5
fp1sig-6d5afd675649cedb485c8442,25G5htngUfr1zUpEZtUKvagNe4JwDvW4WeiaWP1hpump,20,2026-08-28T07:34:01.551355+00:00,AVAILABLE,1382,-2940,6
fp1sig-6d5afd675649cedb485c8442,25G5htngUfr1zUpEZtUKvagNe4JwDvW4WeiaWP1hpump,30,2026-08-28T07:34:11.551355+00:00,AVAILABLE,1382,-3507,9
fp1sig-6d5afd675649cedb485c8442,25G5htngUfr1zUpEZtUKvagNe4JwDvW4WeiaWP1hpump,45,2026-08-28T07:34:26.551355+00:00,AVAILABLE,1382,-8445,16
fp1sig-6d5afd675649cedb485c8442,25G5htngUfr1zUpEZtUKvagNe4JwDvW4WeiaWP1hpump,60,2026-08-28T07:34:41.551355+00:00,AVAILABLE,1382,-8448,17
fp1sig-6d5afd675649cedb485c8442,25G5htngUfr1zUpEZtUKvagNe4JwDvW4WeiaWP1hpump,90,2026-08-28T07:35:11.551355+00:00,AVAILABLE,1382,-8607,18
fp1sig-6d5afd675649cedb485c8442,25G5htngUfr1zUpEZtUKvagNe4JwDvW4WeiaWP1hpump,120,2026-08-28T07:35:41.551355+00:00,AVAILABLE,1382,-8618,19
fp1sig-6d5afd675649cedb485c8442,25G5htngUfr1zUpEZtUKvagNe4JwDvW4WeiaWP1hpump,180,2026-08-28T07:36:41.551355+00:00,AVAILABLE,1382,-8618,19
fp1sig-6d5afd675649cedb485c8442,25G5htngUfr1zUpEZtUKvagNe4JwDvW4WeiaWP1hpump,300,2026-08-28T07:38:41.551355+00:00,AVAILABLE,1382,-8618,19
fp1sig-6d67f5ef3b8845fc3a998d8e,3ZymrFTh6yySGm9ue4NMXK4wv4RF8XkkGGE1tumnpump,5,2026-08-28T10:07:24.724693+00:00,AVAILABLE,3754,1392,30
fp1sig-6d67f5ef3b8845fc3a998d8e,3ZymrFTh6yySGm9ue4NMXK4wv4RF8XkkGGE1tumnpump,10,2026-08-28T10:07:29.724693+00:00,AVAILABLE,8410,1392,39
fp1sig-6d67f5ef3b8845fc3a998d8e,3ZymrFTh6yySGm9ue4NMXK4wv4RF8XkkGGE1tumnpump,15,2026-08-28T10:07:34.724693+00:00,AVAILABLE,8410,1392,45
fp1sig-6d67f5ef3b8845fc3a998d8e,3ZymrFTh6yySGm9ue4NMXK4wv4RF8XkkGGE1tumnpump,20,2026-08-28T10:07:39.724693+00:00,AVAILABLE,8410,1392,49
fp1sig-6d67f5ef3b8845fc3a998d8e,3ZymrFTh6yySGm9ue4NMXK4wv4RF8XkkGGE1tumnpump,30,2026-08-28T10:07:49.724693+00:00,AVAILABLE,8410,851,59
fp1sig-6d67f5ef3b8845fc3a998d8e,3ZymrFTh6yySGm9ue4NMXK4wv4RF8XkkGGE1tumnpump,45,2026-08-28T10:08:04.724693+00:00,AVAILABLE,8410,851,75
fp1sig-6d67f5ef3b8845fc3a998d8e,3ZymrFTh6yySGm9ue4NMXK4wv4RF8XkkGGE1tumnpump,60,2026-08-28T10:08:19.724693+00:00,AVAILABLE,8410,851,90
fp1sig-6d67f5ef3b8845fc3a998d8e,3ZymrFTh6yySGm9ue4NMXK4wv4RF8XkkGGE1tumnpump,90,2026-08-28T10:08:49.724693+00:00,AVAILABLE,8410,-1086,113
fp1sig-6d67f5ef3b8845fc3a998d8e,3ZymrFTh6yySGm9ue4NMXK4wv4RF8XkkGGE1tumnpump,120,2026-08-28T10:09:19.724693+00:00,AVAILABLE,8410,-1911,178
fp1sig-6d67f5ef3b8845fc3a998d8e,3ZymrFTh6yySGm9ue4NMXK4wv4RF8XkkGGE1tumnpump,180,2026-08-28T10:10:19.724693+00:00,AVAILABLE,8966,-1911,230
fp1sig-6d67f5ef3b8845fc3a998d8e,3ZymrFTh6yySGm9ue4NMXK4wv4RF8XkkGGE1tumnpump,300,2026-08-28T10:12:19.724693+00:00,AVAILABLE,17694,-1911,413
fp1sig-6dc1107e8abd889a9cf44a30,FkULkAQaPvxQ8zs4CMDqner8eZy8fcJEG737sqzLpump,5,2026-08-28T03:59:51.085724+00:00,AVAILABLE,-812,-812,1
fp1sig-6dc1107e8abd889a9cf44a30,FkULkAQaPvxQ8zs4CMDqner8eZy8fcJEG737sqzLpump,10,2026-08-28T03:59:56.085724+00:00,AVAILABLE,-812,-812,1
fp1sig-6dc1107e8abd889a9cf44a30,FkULkAQaPvxQ8zs4CMDqner8eZy8fcJEG737sqzLpump,15,2026-08-28T04:00:01.085724+00:00,AVAILABLE,-812,-812,1
fp1sig-6dc1107e8abd889a9cf44a30,FkULkAQaPvxQ8zs4CMDqner8eZy8fcJEG737sqzLpump,20,2026-08-28T04:00:06.085724+00:00,AVAILABLE,-755,-812,2
fp1sig-6dc1107e8abd889a9cf44a30,FkULkAQaPvxQ8zs4CMDqner8eZy8fcJEG737sqzLpump,30,2026-08-28T04:00:16.085724+00:00,AVAILABLE,3577,-812,4
fp1sig-6dc1107e8abd889a9cf44a30,FkULkAQaPvxQ8zs4CMDqner8eZy8fcJEG737sqzLpump,45,2026-08-28T04:00:31.085724+00:00,AVAILABLE,6070,-812,7
fp1sig-6dc1107e8abd889a9cf44a30,FkULkAQaPvxQ8zs4CMDqner8eZy8fcJEG737sqzLpump,60,2026-08-28T04:00:46.085724+00:00,AVAILABLE,6070,-1379,9
fp1sig-6dc1107e8abd889a9cf44a30,FkULkAQaPvxQ8zs4CMDqner8eZy8fcJEG737sqzLpump,90,2026-08-28T04:01:16.085724+00:00,AVAILABLE,6070,-3196,14
fp1sig-6dc1107e8abd889a9cf44a30,FkULkAQaPvxQ8zs4CMDqner8eZy8fcJEG737sqzLpump,120,2026-08-28T04:01:46.085724+00:00,AVAILABLE,6070,-3196,18
fp1sig-6dc1107e8abd889a9cf44a30,FkULkAQaPvxQ8zs4CMDqner8eZy8fcJEG737sqzLpump,180,2026-08-28T04:02:46.085724+00:00,AVAILABLE,6070,-3196,18
fp1sig-6dc1107e8abd889a9cf44a30,FkULkAQaPvxQ8zs4CMDqner8eZy8fcJEG737sqzLpump,300,2026-08-28T04:04:46.085724+00:00,AVAILABLE,6070,-3196,18
fp1sig-6ddc09f7cecf656a8efe8853,CDBF5NDF97LYShF9Bm7LjaYFtn2UHBSWFuY17FXvpump,5,2026-08-28T01:41:52.749824+00:00,AVAILABLE,-1442,-1442,1
fp1sig-6ddc09f7cecf656a8efe8853,CDBF5NDF97LYShF9Bm7LjaYFtn2UHBSWFuY17FXvpump,10,2026-08-28T01:41:57.749824+00:00,AVAILABLE,-1428,-1442,2
fp1sig-6ddc09f7cecf656a8efe8853,CDBF5NDF97LYShF9Bm7LjaYFtn2UHBSWFuY17FXvpump,15,2026-08-28T01:42:02.749824+00:00,AVAILABLE,-1428,-1442,2
fp1sig-6ddc09f7cecf656a8efe8853,CDBF5NDF97LYShF9Bm7LjaYFtn2UHBSWFuY17FXvpump,20,2026-08-28T01:42:07.749824+00:00,AVAILABLE,-1428,-1442,2
fp1sig-6ddc09f7cecf656a8efe8853,CDBF5NDF97LYShF9Bm7LjaYFtn2UHBSWFuY17FXvpump,30,2026-08-28T01:42:17.749824+00:00,AVAILABLE,613,-4624,6
fp1sig-6ddc09f7cecf656a8efe8853,CDBF5NDF97LYShF9Bm7LjaYFtn2UHBSWFuY17FXvpump,45,2026-08-28T01:42:32.749824+00:00,AVAILABLE,613,-7934,13
fp1sig-6ddc09f7cecf656a8efe8853,CDBF5NDF97LYShF9Bm7LjaYFtn2UHBSWFuY17FXvpump,60,2026-08-28T01:42:47.749824+00:00,AVAILABLE,613,-9226,19
fp1sig-6ddc09f7cecf656a8efe8853,CDBF5NDF97LYShF9Bm7LjaYFtn2UHBSWFuY17FXvpump,90,2026-08-28T01:43:17.749824+00:00,AVAILABLE,613,-9226,22
fp1sig-6ddc09f7cecf656a8efe8853,CDBF5NDF97LYShF9Bm7LjaYFtn2UHBSWFuY17FXvpump,120,2026-08-28T01:43:47.749824+00:00,AVAILABLE,613,-9226,23
fp1sig-6ddc09f7cecf656a8efe8853,CDBF5NDF97LYShF9Bm7LjaYFtn2UHBSWFuY17FXvpump,180,2026-08-28T01:44:47.749824+00:00,AVAILABLE,613,-9226,23
fp1sig-6ddc09f7cecf656a8efe8853,CDBF5NDF97LYShF9Bm7LjaYFtn2UHBSWFuY17FXvpump,300,2026-08-28T01:46:47.749824+00:00,AVAILABLE,613,-9232,26
fp1sig-6e021424be8a232194ec003f,2qYVXSHFivgwHw4JxpHLqqpSy6xDg892D38jWqPopump,5,2026-08-28T02:46:40.667720+00:00,AVAILABLE,1033,-469,2
fp1sig-6e021424be8a232194ec003f,2qYVXSHFivgwHw4JxpHLqqpSy6xDg892D38jWqPopump,10,2026-08-28T02:46:45.667720+00:00,AVAILABLE,2672,-3341,4
fp1sig-6e021424be8a232194ec003f,2qYVXSHFivgwHw4JxpHLqqpSy6xDg892D38jWqPopump,15,2026-08-28T02:46:50.667720+00:00,AVAILABLE,2672,-3341,5
fp1sig-6e021424be8a232194ec003f,2qYVXSHFivgwHw4JxpHLqqpSy6xDg892D38jWqPopump,20,2026-08-28T02:46:55.667720+00:00,AVAILABLE,2672,-3341,7
fp1sig-6e021424be8a232194ec003f,2qYVXSHFivgwHw4JxpHLqqpSy6xDg892D38jWqPopump,30,2026-08-28T02:47:05.667720+00:00,AVAILABLE,2672,-3341,9
fp1sig-6e021424be8a232194ec003f,2qYVXSHFivgwHw4JxpHLqqpSy6xDg892D38jWqPopump,45,2026-08-28T02:47:20.667720+00:00,AVAILABLE,3391,-3341,16
fp1sig-6e021424be8a232194ec003f,2qYVXSHFivgwHw4JxpHLqqpSy6xDg892D38jWqPopump,60,2026-08-28T02:47:35.667720+00:00,AVAILABLE,6107,-3341,20
fp1sig-6e021424be8a232194ec003f,2qYVXSHFivgwHw4JxpHLqqpSy6xDg892D38jWqPopump,90,2026-08-28T02:48:05.667720+00:00,AVAILABLE,12086,-3341,32
fp1sig-6e021424be8a232194ec003f,2qYVXSHFivgwHw4JxpHLqqpSy6xDg892D38jWqPopump,120,2026-08-28T02:48:35.667720+00:00,AVAILABLE,19432,-3341,43
fp1sig-6e021424be8a232194ec003f,2qYVXSHFivgwHw4JxpHLqqpSy6xDg892D38jWqPopump,180,2026-08-28T02:49:35.667720+00:00,AVAILABLE,19432,-9126,62
fp1sig-6e021424be8a232194ec003f,2qYVXSHFivgwHw4JxpHLqqpSy6xDg892D38jWqPopump,300,2026-08-28T02:51:35.667720+00:00,AVAILABLE,19432,-9126,66
fp1sig-6e088dbf221e35034b84b644,CDyx79J8W57oSEcZ6iG5ry3MMoW9RTbgd4C4QvRmpump,5,2026-08-28T12:01:26.621350+00:00,AVAILABLE,-253,-396,2
fp1sig-6e088dbf221e35034b84b644,CDyx79J8W57oSEcZ6iG5ry3MMoW9RTbgd4C4QvRmpump,10,2026-08-28T12:01:31.621350+00:00,AVAILABLE,-156,-1235,4
fp1sig-6e088dbf221e35034b84b644,CDyx79J8W57oSEcZ6iG5ry3MMoW9RTbgd4C4QvRmpump,15,2026-08-28T12:01:36.621350+00:00,AVAILABLE,-156,-1297,5
fp1sig-6e088dbf221e35034b84b644,CDyx79J8W57oSEcZ6iG5ry3MMoW9RTbgd4C4QvRmpump,20,2026-08-28T12:01:41.621350+00:00,AVAILABLE,-156,-1297,5
fp1sig-6e088dbf221e35034b84b644,CDyx79J8W57oSEcZ6iG5ry3MMoW9RTbgd4C4QvRmpump,30,2026-08-28T12:01:51.621350+00:00,AVAILABLE,-156,-2199,8
fp1sig-6e088dbf221e35034b84b644,CDyx79J8W57oSEcZ6iG5ry3MMoW9RTbgd4C4QvRmpump,45,2026-08-28T12:02:06.621350+00:00,AVAILABLE,-156,-2199,10
fp1sig-6e088dbf221e35034b84b644,CDyx79J8W57oSEcZ6iG5ry3MMoW9RTbgd4C4QvRmpump,60,2026-08-28T12:02:21.621350+00:00,AVAILABLE,-156,-3300,13
fp1sig-6e088dbf221e35034b84b644,CDyx79J8W57oSEcZ6iG5ry3MMoW9RTbgd4C4QvRmpump,90,2026-08-28T12:02:51.621350+00:00,AVAILABLE,3084,-4095,37
fp1sig-6e088dbf221e35034b84b644,CDyx79J8W57oSEcZ6iG5ry3MMoW9RTbgd4C4QvRmpump,120,2026-08-28T12:03:21.621350+00:00,AVAILABLE,21032,-4095,66
fp1sig-6e088dbf221e35034b84b644,CDyx79J8W57oSEcZ6iG5ry3MMoW9RTbgd4C4QvRmpump,180,2026-08-28T12:04:21.621350+00:00,AVAILABLE,27994,-4095,93
fp1sig-6e088dbf221e35034b84b644,CDyx79J8W57oSEcZ6iG5ry3MMoW9RTbgd4C4QvRmpump,300,2026-08-28T12:06:21.621350+00:00,AVAILABLE,59023,-4095,152
fp1sig-6edfeef52dfb25460eee9304,9pH7yCQSNGJfRHWbj69cPHiipMpYBHK3gTwo75Aqpump,5,2026-08-27T18:33:29.369324+00:00,AVAILABLE,-53,-53,1
fp1sig-6edfeef52dfb25460eee9304,9pH7yCQSNGJfRHWbj69cPHiipMpYBHK3gTwo75Aqpump,10,2026-08-27T18:33:34.369324+00:00,AVAILABLE,-53,-53,1
fp1sig-6edfeef52dfb25460eee9304,9pH7yCQSNGJfRHWbj69cPHiipMpYBHK3gTwo75Aqpump,15,2026-08-27T18:33:39.369324+00:00,AVAILABLE,-53,-53,1
fp1sig-6edfeef52dfb25460eee9304,9pH7yCQSNGJfRHWbj69cPHiipMpYBHK3gTwo75Aqpump,20,2026-08-27T18:33:44.369324+00:00,AVAILABLE,-53,-53,1
fp1sig-6edfeef52dfb25460eee9304,9pH7yCQSNGJfRHWbj69cPHiipMpYBHK3gTwo75Aqpump,30,2026-08-27T18:33:54.369324+00:00,AVAILABLE,-53,-53,1
fp1sig-6edfeef52dfb25460eee9304,9pH7yCQSNGJfRHWbj69cPHiipMpYBHK3gTwo75Aqpump,45,2026-08-27T18:34:09.369324+00:00,AVAILABLE,-53,-53,1
fp1sig-6edfeef52dfb25460eee9304,9pH7yCQSNGJfRHWbj69cPHiipMpYBHK3gTwo75Aqpump,60,2026-08-27T18:34:24.369324+00:00,AVAILABLE,-53,-53,1
fp1sig-6edfeef52dfb25460eee9304,9pH7yCQSNGJfRHWbj69cPHiipMpYBHK3gTwo75Aqpump,90,2026-08-27T18:34:54.369324+00:00,AVAILABLE,-53,-53,1
fp1sig-6edfeef52dfb25460eee9304,9pH7yCQSNGJfRHWbj69cPHiipMpYBHK3gTwo75Aqpump,120,2026-08-27T18:35:24.369324+00:00,AVAILABLE,-53,-53,1
fp1sig-6edfeef52dfb25460eee9304,9pH7yCQSNGJfRHWbj69cPHiipMpYBHK3gTwo75Aqpump,180,2026-08-27T18:36:24.369324+00:00,AVAILABLE,-53,-53,1
fp1sig-6edfeef52dfb25460eee9304,9pH7yCQSNGJfRHWbj69cPHiipMpYBHK3gTwo75Aqpump,300,2026-08-27T18:38:24.369324+00:00,AVAILABLE,-53,-53,1
fp1sig-7054639bdc8d889acf657ca1,8kj7UPsGChVLy458oU7N89qJ5ZhUW2Acn2TyffBrpump,5,2026-08-28T05:23:06.788011+00:00,MISSING,,,0
fp1sig-7054639bdc8d889acf657ca1,8kj7UPsGChVLy458oU7N89qJ5ZhUW2Acn2TyffBrpump,10,2026-08-28T05:23:11.788011+00:00,MISSING,,,0
fp1sig-7054639bdc8d889acf657ca1,8kj7UPsGChVLy458oU7N89qJ5ZhUW2Acn2TyffBrpump,15,2026-08-28T05:23:16.788011+00:00,MISSING,,,0
fp1sig-7054639bdc8d889acf657ca1,8kj7UPsGChVLy458oU7N89qJ5ZhUW2Acn2TyffBrpump,20,2026-08-28T05:23:21.788011+00:00,MISSING,,,0
fp1sig-7054639bdc8d889acf657ca1,8kj7UPsGChVLy458oU7N89qJ5ZhUW2Acn2TyffBrpump,30,2026-08-28T05:23:31.788011+00:00,AVAILABLE,-1655,-1722,2
fp1sig-7054639bdc8d889acf657ca1,8kj7UPsGChVLy458oU7N89qJ5ZhUW2Acn2TyffBrpump,45,2026-08-28T05:23:46.788011+00:00,AVAILABLE,-1490,-1722,7
fp1sig-7054639bdc8d889acf657ca1,8kj7UPsGChVLy458oU7N89qJ5ZhUW2Acn2TyffBrpump,60,2026-08-28T05:24:01.788011+00:00,AVAILABLE,-1490,-1722,7
fp1sig-7054639bdc8d889acf657ca1,8kj7UPsGChVLy458oU7N89qJ5ZhUW2Acn2TyffBrpump,90,2026-08-28T05:24:31.788011+00:00,AVAILABLE,-1060,-1722,8
fp1sig-7054639bdc8d889acf657ca1,8kj7UPsGChVLy458oU7N89qJ5ZhUW2Acn2TyffBrpump,120,2026-08-28T05:25:01.788011+00:00,AVAILABLE,-962,-1722,12
fp1sig-7054639bdc8d889acf657ca1,8kj7UPsGChVLy458oU7N89qJ5ZhUW2Acn2TyffBrpump,180,2026-08-28T05:26:01.788011+00:00,AVAILABLE,-962,-2536,14
fp1sig-7054639bdc8d889acf657ca1,8kj7UPsGChVLy458oU7N89qJ5ZhUW2Acn2TyffBrpump,300,2026-08-28T05:28:01.788011+00:00,AVAILABLE,-962,-3995,30
fp1sig-70a798b145481b35b90135c7,J58uwcpCU3vpomu5bmx23XNNzLDnTDw3GQgGQ1Jepump,5,2026-08-28T08:03:22.387583+00:00,AVAILABLE,827,-1398,12
fp1sig-70a798b145481b35b90135c7,J58uwcpCU3vpomu5bmx23XNNzLDnTDw3GQgGQ1Jepump,10,2026-08-28T08:03:27.387583+00:00,AVAILABLE,1060,-1398,16
fp1sig-70a798b145481b35b90135c7,J58uwcpCU3vpomu5bmx23XNNzLDnTDw3GQgGQ1Jepump,15,2026-08-28T08:03:32.387583+00:00,AVAILABLE,2885,-1398,22
fp1sig-70a798b145481b35b90135c7,J58uwcpCU3vpomu5bmx23XNNzLDnTDw3GQgGQ1Jepump,20,2026-08-28T08:03:37.387583+00:00,AVAILABLE,3010,-1398,30
fp1sig-70a798b145481b35b90135c7,J58uwcpCU3vpomu5bmx23XNNzLDnTDw3GQgGQ1Jepump,30,2026-08-28T08:03:47.387583+00:00,AVAILABLE,3010,-1398,43
fp1sig-70a798b145481b35b90135c7,J58uwcpCU3vpomu5bmx23XNNzLDnTDw3GQgGQ1Jepump,45,2026-08-28T08:04:02.387583+00:00,AVAILABLE,9294,-1398,71
fp1sig-70a798b145481b35b90135c7,J58uwcpCU3vpomu5bmx23XNNzLDnTDw3GQgGQ1Jepump,60,2026-08-28T08:04:17.387583+00:00,AVAILABLE,10226,-1398,91
fp1sig-70a798b145481b35b90135c7,J58uwcpCU3vpomu5bmx23XNNzLDnTDw3GQgGQ1Jepump,90,2026-08-28T08:04:47.387583+00:00,AVAILABLE,23233,-1398,199
fp1sig-70a798b145481b35b90135c7,J58uwcpCU3vpomu5bmx23XNNzLDnTDw3GQgGQ1Jepump,120,2026-08-28T08:05:17.387583+00:00,AVAILABLE,35218,-1398,343
fp1sig-70a798b145481b35b90135c7,J58uwcpCU3vpomu5bmx23XNNzLDnTDw3GQgGQ1Jepump,180,2026-08-28T08:06:17.387583+00:00,AVAILABLE,35218,-1398,584
fp1sig-70a798b145481b35b90135c7,J58uwcpCU3vpomu5bmx23XNNzLDnTDw3GQgGQ1Jepump,300,2026-08-28T08:08:17.387583+00:00,AVAILABLE,44473,-1398,871
fp1sig-71651ea589fb3aab8bb9ddf0,7B7WMeD2gC8dMeRWStFyFd5TaV8ZnvjHuVX77D6Bpump,5,2026-08-28T03:42:09.989537+00:00,AVAILABLE,-3535,-4210,5
fp1sig-71651ea589fb3aab8bb9ddf0,7B7WMeD2gC8dMeRWStFyFd5TaV8ZnvjHuVX77D6Bpump,10,2026-08-28T03:42:14.989537+00:00,AVAILABLE,-3535,-4305,7
fp1sig-71651ea589fb3aab8bb9ddf0,7B7WMeD2gC8dMeRWStFyFd5TaV8ZnvjHuVX77D6Bpump,15,2026-08-28T03:42:19.989537+00:00,AVAILABLE,-3535,-4345,8
fp1sig-71651ea589fb3aab8bb9ddf0,7B7WMeD2gC8dMeRWStFyFd5TaV8ZnvjHuVX77D6Bpump,20,2026-08-28T03:42:24.989537+00:00,AVAILABLE,-3535,-4345,8
fp1sig-71651ea589fb3aab8bb9ddf0,7B7WMeD2gC8dMeRWStFyFd5TaV8ZnvjHuVX77D6Bpump,30,2026-08-28T03:42:34.989537+00:00,AVAILABLE,-3535,-4345,8
fp1sig-71651ea589fb3aab8bb9ddf0,7B7WMeD2gC8dMeRWStFyFd5TaV8ZnvjHuVX77D6Bpump,45,2026-08-28T03:42:49.989537+00:00,AVAILABLE,-3535,-4365,10
fp1sig-71651ea589fb3aab8bb9ddf0,7B7WMeD2gC8dMeRWStFyFd5TaV8ZnvjHuVX77D6Bpump,60,2026-08-28T03:43:04.989537+00:00,AVAILABLE,-3535,-4399,12
fp1sig-71651ea589fb3aab8bb9ddf0,7B7WMeD2gC8dMeRWStFyFd5TaV8ZnvjHuVX77D6Bpump,90,2026-08-28T03:43:34.989537+00:00,AVAILABLE,-3535,-4400,13
fp1sig-71651ea589fb3aab8bb9ddf0,7B7WMeD2gC8dMeRWStFyFd5TaV8ZnvjHuVX77D6Bpump,120,2026-08-28T03:44:04.989537+00:00,AVAILABLE,-3535,-4400,13
fp1sig-71651ea589fb3aab8bb9ddf0,7B7WMeD2gC8dMeRWStFyFd5TaV8ZnvjHuVX77D6Bpump,180,2026-08-28T03:45:04.989537+00:00,AVAILABLE,-3535,-4400,14
fp1sig-71651ea589fb3aab8bb9ddf0,7B7WMeD2gC8dMeRWStFyFd5TaV8ZnvjHuVX77D6Bpump,300,2026-08-28T03:47:04.989537+00:00,AVAILABLE,-3535,-4400,14
fp1sig-716ca9c72f539872f1bf838b,GEPMh9EaRvQUA3Lwjg5JWCZuXfSG7uhQpdzgXPmzpump,5,2026-08-28T04:02:32.487994+00:00,AVAILABLE,656,129,5
fp1sig-716ca9c72f539872f1bf838b,GEPMh9EaRvQUA3Lwjg5JWCZuXfSG7uhQpdzgXPmzpump,10,2026-08-28T04:02:37.487994+00:00,AVAILABLE,656,129,5
fp1sig-716ca9c72f539872f1bf838b,GEPMh9EaRvQUA3Lwjg5JWCZuXfSG7uhQpdzgXPmzpump,15,2026-08-28T04:02:42.487994+00:00,AVAILABLE,656,129,5
fp1sig-716ca9c72f539872f1bf838b,GEPMh9EaRvQUA3Lwjg5JWCZuXfSG7uhQpdzgXPmzpump,20,2026-08-28T04:02:47.487994+00:00,AVAILABLE,662,129,7
fp1sig-716ca9c72f539872f1bf838b,GEPMh9EaRvQUA3Lwjg5JWCZuXfSG7uhQpdzgXPmzpump,30,2026-08-28T04:02:57.487994+00:00,AVAILABLE,662,129,7
fp1sig-716ca9c72f539872f1bf838b,GEPMh9EaRvQUA3Lwjg5JWCZuXfSG7uhQpdzgXPmzpump,45,2026-08-28T04:03:12.487994+00:00,AVAILABLE,662,129,8
fp1sig-716ca9c72f539872f1bf838b,GEPMh9EaRvQUA3Lwjg5JWCZuXfSG7uhQpdzgXPmzpump,60,2026-08-28T04:03:27.487994+00:00,AVAILABLE,662,129,9
fp1sig-716ca9c72f539872f1bf838b,GEPMh9EaRvQUA3Lwjg5JWCZuXfSG7uhQpdzgXPmzpump,90,2026-08-28T04:03:57.487994+00:00,AVAILABLE,662,129,9
fp1sig-716ca9c72f539872f1bf838b,GEPMh9EaRvQUA3Lwjg5JWCZuXfSG7uhQpdzgXPmzpump,120,2026-08-28T04:04:27.487994+00:00,AVAILABLE,662,129,10
fp1sig-716ca9c72f539872f1bf838b,GEPMh9EaRvQUA3Lwjg5JWCZuXfSG7uhQpdzgXPmzpump,180,2026-08-28T04:05:27.487994+00:00,AVAILABLE,662,129,13
fp1sig-716ca9c72f539872f1bf838b,GEPMh9EaRvQUA3Lwjg5JWCZuXfSG7uhQpdzgXPmzpump,300,2026-08-28T04:07:27.487994+00:00,AVAILABLE,662,-253,17
fp1sig-719885e7c80f5cbc85205b54,33uugoscjfiTCEqnaN7jRXSu1ZureEE2suWAvyYypump,5,2026-08-27T13:14:07.937077+00:00,AVAILABLE,548,548,1
fp1sig-719885e7c80f5cbc85205b54,33uugoscjfiTCEqnaN7jRXSu1ZureEE2suWAvyYypump,10,2026-08-27T13:14:12.937077+00:00,AVAILABLE,548,548,1
fp1sig-719885e7c80f5cbc85205b54,33uugoscjfiTCEqnaN7jRXSu1ZureEE2suWAvyYypump,15,2026-08-27T13:14:17.937077+00:00,AVAILABLE,548,548,1
fp1sig-719885e7c80f5cbc85205b54,33uugoscjfiTCEqnaN7jRXSu1ZureEE2suWAvyYypump,20,2026-08-27T13:14:22.937077+00:00,AVAILABLE,548,548,1
fp1sig-719885e7c80f5cbc85205b54,33uugoscjfiTCEqnaN7jRXSu1ZureEE2suWAvyYypump,30,2026-08-27T13:14:32.937077+00:00,AVAILABLE,548,548,1
fp1sig-719885e7c80f5cbc85205b54,33uugoscjfiTCEqnaN7jRXSu1ZureEE2suWAvyYypump,45,2026-08-27T13:14:47.937077+00:00,AVAILABLE,548,-477,3
fp1sig-719885e7c80f5cbc85205b54,33uugoscjfiTCEqnaN7jRXSu1ZureEE2suWAvyYypump,60,2026-08-27T13:15:02.937077+00:00,AVAILABLE,548,-477,3
fp1sig-719885e7c80f5cbc85205b54,33uugoscjfiTCEqnaN7jRXSu1ZureEE2suWAvyYypump,90,2026-08-27T13:15:32.937077+00:00,AVAILABLE,548,-702,4
fp1sig-719885e7c80f5cbc85205b54,33uugoscjfiTCEqnaN7jRXSu1ZureEE2suWAvyYypump,120,2026-08-27T13:16:02.937077+00:00,AVAILABLE,548,-702,4
fp1sig-719885e7c80f5cbc85205b54,33uugoscjfiTCEqnaN7jRXSu1ZureEE2suWAvyYypump,180,2026-08-27T13:17:02.937077+00:00,AVAILABLE,548,-702,4
fp1sig-719885e7c80f5cbc85205b54,33uugoscjfiTCEqnaN7jRXSu1ZureEE2suWAvyYypump,300,2026-08-27T13:19:02.937077+00:00,AVAILABLE,548,-2349,9
fp1sig-725cdb49b5aeec033e7ee613,5ozpq6zD5GZu8QBWaudhcPPpmdteG7cZqN33veo5pump,5,2026-08-28T02:55:01.680387+00:00,AVAILABLE,1590,1590,1
fp1sig-725cdb49b5aeec033e7ee613,5ozpq6zD5GZu8QBWaudhcPPpmdteG7cZqN33veo5pump,10,2026-08-28T02:55:06.680387+00:00,AVAILABLE,1590,-1013,2
fp1sig-725cdb49b5aeec033e7ee613,5ozpq6zD5GZu8QBWaudhcPPpmdteG7cZqN33veo5pump,15,2026-08-28T02:55:11.680387+00:00,AVAILABLE,1590,-1989,4
fp1sig-725cdb49b5aeec033e7ee613,5ozpq6zD5GZu8QBWaudhcPPpmdteG7cZqN33veo5pump,20,2026-08-28T02:55:16.680387+00:00,AVAILABLE,1590,-1989,5
fp1sig-725cdb49b5aeec033e7ee613,5ozpq6zD5GZu8QBWaudhcPPpmdteG7cZqN33veo5pump,30,2026-08-28T02:55:26.680387+00:00,AVAILABLE,1795,-1989,6
fp1sig-725cdb49b5aeec033e7ee613,5ozpq6zD5GZu8QBWaudhcPPpmdteG7cZqN33veo5pump,45,2026-08-28T02:55:41.680387+00:00,AVAILABLE,7010,-1989,10
fp1sig-725cdb49b5aeec033e7ee613,5ozpq6zD5GZu8QBWaudhcPPpmdteG7cZqN33veo5pump,60,2026-08-28T02:55:56.680387+00:00,AVAILABLE,7010,-1989,13
fp1sig-725cdb49b5aeec033e7ee613,5ozpq6zD5GZu8QBWaudhcPPpmdteG7cZqN33veo5pump,90,2026-08-28T02:56:26.680387+00:00,AVAILABLE,7010,-3689,21
fp1sig-725cdb49b5aeec033e7ee613,5ozpq6zD5GZu8QBWaudhcPPpmdteG7cZqN33veo5pump,120,2026-08-28T02:56:56.680387+00:00,AVAILABLE,7010,-8817,33
fp1sig-725cdb49b5aeec033e7ee613,5ozpq6zD5GZu8QBWaudhcPPpmdteG7cZqN33veo5pump,180,2026-08-28T02:57:56.680387+00:00,AVAILABLE,7010,-9163,43
fp1sig-725cdb49b5aeec033e7ee613,5ozpq6zD5GZu8QBWaudhcPPpmdteG7cZqN33veo5pump,300,2026-08-28T02:59:56.680387+00:00,AVAILABLE,7010,-9163,61
fp1sig-73299c42c29c41a81c7cc198,GrQb3crdCTEvuzdR4QmCE2GbPuR3hDVrBAASH881pump,5,2026-08-27T17:31:59.498161+00:00,AVAILABLE,1544,-452,5
fp1sig-73299c42c29c41a81c7cc198,GrQb3crdCTEvuzdR4QmCE2GbPuR3hDVrBAASH881pump,10,2026-08-27T17:32:04.498161+00:00,AVAILABLE,5546,-452,10
fp1sig-73299c42c29c41a81c7cc198,GrQb3crdCTEvuzdR4QmCE2GbPuR3hDVrBAASH881pump,15,2026-08-27T17:32:09.498161+00:00,AVAILABLE,5631,-452,13
fp1sig-73299c42c29c41a81c7cc198,GrQb3crdCTEvuzdR4QmCE2GbPuR3hDVrBAASH881pump,20,2026-08-27T17:32:14.498161+00:00,AVAILABLE,7012,-452,16
fp1sig-73299c42c29c41a81c7cc198,GrQb3crdCTEvuzdR4QmCE2GbPuR3hDVrBAASH881pump,30,2026-08-27T17:32:24.498161+00:00,AVAILABLE,7588,-452,17
fp1sig-73299c42c29c41a81c7cc198,GrQb3crdCTEvuzdR4QmCE2GbPuR3hDVrBAASH881pump,45,2026-08-27T17:32:39.498161+00:00,AVAILABLE,10209,-452,22
fp1sig-73299c42c29c41a81c7cc198,GrQb3crdCTEvuzdR4QmCE2GbPuR3hDVrBAASH881pump,60,2026-08-27T17:32:54.498161+00:00,AVAILABLE,10653,-452,28
fp1sig-73299c42c29c41a81c7cc198,GrQb3crdCTEvuzdR4QmCE2GbPuR3hDVrBAASH881pump,90,2026-08-27T17:33:24.498161+00:00,AVAILABLE,12805,-452,34
fp1sig-73299c42c29c41a81c7cc198,GrQb3crdCTEvuzdR4QmCE2GbPuR3hDVrBAASH881pump,120,2026-08-27T17:33:54.498161+00:00,AVAILABLE,12805,-452,36
fp1sig-73299c42c29c41a81c7cc198,GrQb3crdCTEvuzdR4QmCE2GbPuR3hDVrBAASH881pump,180,2026-08-27T17:34:54.498161+00:00,AVAILABLE,12805,-452,43
fp1sig-73299c42c29c41a81c7cc198,GrQb3crdCTEvuzdR4QmCE2GbPuR3hDVrBAASH881pump,300,2026-08-27T17:36:54.498161+00:00,AVAILABLE,20517,-452,62
fp1sig-734451ec01f0ac5b5c74d137,7We7nhjShATyKPaumiLGrQhWbndTmPMzpTLd1F68pump,5,2026-08-28T00:43:53.708164+00:00,AVAILABLE,674,319,3
fp1sig-734451ec01f0ac5b5c74d137,7We7nhjShATyKPaumiLGrQhWbndTmPMzpTLd1F68pump,10,2026-08-28T00:43:58.708164+00:00,AVAILABLE,674,319,4
fp1sig-734451ec01f0ac5b5c74d137,7We7nhjShATyKPaumiLGrQhWbndTmPMzpTLd1F68pump,15,2026-08-28T00:44:03.708164+00:00,AVAILABLE,1122,319,9
fp1sig-734451ec01f0ac5b5c74d137,7We7nhjShATyKPaumiLGrQhWbndTmPMzpTLd1F68pump,20,2026-08-28T00:44:08.708164+00:00,AVAILABLE,1122,319,14
fp1sig-734451ec01f0ac5b5c74d137,7We7nhjShATyKPaumiLGrQhWbndTmPMzpTLd1F68pump,30,2026-08-28T00:44:18.708164+00:00,AVAILABLE,1122,190,15
fp1sig-734451ec01f0ac5b5c74d137,7We7nhjShATyKPaumiLGrQhWbndTmPMzpTLd1F68pump,45,2026-08-28T00:44:33.708164+00:00,AVAILABLE,1541,-1145,24
fp1sig-734451ec01f0ac5b5c74d137,7We7nhjShATyKPaumiLGrQhWbndTmPMzpTLd1F68pump,60,2026-08-28T00:44:48.708164+00:00,AVAILABLE,1541,-1349,27
fp1sig-734451ec01f0ac5b5c74d137,7We7nhjShATyKPaumiLGrQhWbndTmPMzpTLd1F68pump,90,2026-08-28T00:45:18.708164+00:00,AVAILABLE,1541,-4922,37
fp1sig-734451ec01f0ac5b5c74d137,7We7nhjShATyKPaumiLGrQhWbndTmPMzpTLd1F68pump,120,2026-08-28T00:45:48.708164+00:00,AVAILABLE,1541,-5081,45
fp1sig-734451ec01f0ac5b5c74d137,7We7nhjShATyKPaumiLGrQhWbndTmPMzpTLd1F68pump,180,2026-08-28T00:46:48.708164+00:00,AVAILABLE,1541,-5081,48
fp1sig-734451ec01f0ac5b5c74d137,7We7nhjShATyKPaumiLGrQhWbndTmPMzpTLd1F68pump,300,2026-08-28T00:48:48.708164+00:00,AVAILABLE,1541,-5081,49
fp1sig-736c4e110644b3b12bc1620d,GhKubygGX92vSDpZQPGddJpApyyWzx74saXhSb4ppump,5,2026-08-28T11:46:56.291538+00:00,AVAILABLE,2707,1561,3
fp1sig-736c4e110644b3b12bc1620d,GhKubygGX92vSDpZQPGddJpApyyWzx74saXhSb4ppump,10,2026-08-28T11:47:01.291538+00:00,AVAILABLE,2771,1561,7
fp1sig-736c4e110644b3b12bc1620d,GhKubygGX92vSDpZQPGddJpApyyWzx74saXhSb4ppump,15,2026-08-28T11:47:06.291538+00:00,AVAILABLE,2771,1561,9
fp1sig-736c4e110644b3b12bc1620d,GhKubygGX92vSDpZQPGddJpApyyWzx74saXhSb4ppump,20,2026-08-28T11:47:11.291538+00:00,AVAILABLE,5205,1561,16
fp1sig-736c4e110644b3b12bc1620d,GhKubygGX92vSDpZQPGddJpApyyWzx74saXhSb4ppump,30,2026-08-28T11:47:21.291538+00:00,AVAILABLE,5275,1561,17
fp1sig-736c4e110644b3b12bc1620d,GhKubygGX92vSDpZQPGddJpApyyWzx74saXhSb4ppump,45,2026-08-28T11:47:36.291538+00:00,AVAILABLE,5275,1561,20
fp1sig-736c4e110644b3b12bc1620d,GhKubygGX92vSDpZQPGddJpApyyWzx74saXhSb4ppump,60,2026-08-28T11:47:51.291538+00:00,AVAILABLE,5275,1561,33
fp1sig-736c4e110644b3b12bc1620d,GhKubygGX92vSDpZQPGddJpApyyWzx74saXhSb4ppump,90,2026-08-28T11:48:21.291538+00:00,AVAILABLE,13066,1561,68
fp1sig-736c4e110644b3b12bc1620d,GhKubygGX92vSDpZQPGddJpApyyWzx74saXhSb4ppump,120,2026-08-28T11:48:51.291538+00:00,AVAILABLE,13066,1561,86
fp1sig-736c4e110644b3b12bc1620d,GhKubygGX92vSDpZQPGddJpApyyWzx74saXhSb4ppump,180,2026-08-28T11:49:51.291538+00:00,AVAILABLE,13066,1561,126
fp1sig-736c4e110644b3b12bc1620d,GhKubygGX92vSDpZQPGddJpApyyWzx74saXhSb4ppump,300,2026-08-28T11:51:51.291538+00:00,AVAILABLE,13395,1561,169
fp1sig-73cfd3f7b073110cd9de84d9,9V2W3sJ7oLeVxXNUmFTR8LER1UxR1nzjjk66xJDApump,5,2026-08-28T04:46:04.316495+00:00,AVAILABLE,-1756,-4006,2
fp1sig-73cfd3f7b073110cd9de84d9,9V2W3sJ7oLeVxXNUmFTR8LER1UxR1nzjjk66xJDApump,10,2026-08-28T04:46:09.316495+00:00,AVAILABLE,-1756,-4359,3
fp1sig-73cfd3f7b073110cd9de84d9,9V2W3sJ7oLeVxXNUmFTR8LER1UxR1nzjjk66xJDApump,15,2026-08-28T04:46:14.316495+00:00,AVAILABLE,-1756,-6518,7
fp1sig-73cfd3f7b073110cd9de84d9,9V2W3sJ7oLeVxXNUmFTR8LER1UxR1nzjjk66xJDApump,20,2026-08-28T04:46:19.316495+00:00,AVAILABLE,-1756,-6518,8
fp1sig-73cfd3f7b073110cd9de84d9,9V2W3sJ7oLeVxXNUmFTR8LER1UxR1nzjjk66xJDApump,30,2026-08-28T04:46:29.316495+00:00,AVAILABLE,-1756,-6518,13
fp1sig-73cfd3f7b073110cd9de84d9,9V2W3sJ7oLeVxXNUmFTR8LER1UxR1nzjjk66xJDApump,45,2026-08-28T04:46:44.316495+00:00,AVAILABLE,461,-6518,22
fp1sig-73cfd3f7b073110cd9de84d9,9V2W3sJ7oLeVxXNUmFTR8LER1UxR1nzjjk66xJDApump,60,2026-08-28T04:46:59.316495+00:00,AVAILABLE,804,-6518,29
fp1sig-73cfd3f7b073110cd9de84d9,9V2W3sJ7oLeVxXNUmFTR8LER1UxR1nzjjk66xJDApump,90,2026-08-28T04:47:29.316495+00:00,AVAILABLE,804,-6518,58
fp1sig-73cfd3f7b073110cd9de84d9,9V2W3sJ7oLeVxXNUmFTR8LER1UxR1nzjjk66xJDApump,120,2026-08-28T04:47:59.316495+00:00,AVAILABLE,804,-8228,81
fp1sig-73cfd3f7b073110cd9de84d9,9V2W3sJ7oLeVxXNUmFTR8LER1UxR1nzjjk66xJDApump,180,2026-08-28T04:48:59.316495+00:00,AVAILABLE,804,-9803,129
fp1sig-73cfd3f7b073110cd9de84d9,9V2W3sJ7oLeVxXNUmFTR8LER1UxR1nzjjk66xJDApump,300,2026-08-28T04:50:59.316495+00:00,AVAILABLE,804,-9926,202
fp1sig-74795db0dca88531e2e6fbd9,EwBbjgVE3VHfE471fHkeeymbWxFoUiLgwPyhRfzJpump,5,2026-08-27T19:34:39.385717+00:00,MISSING,,,0
fp1sig-74795db0dca88531e2e6fbd9,EwBbjgVE3VHfE471fHkeeymbWxFoUiLgwPyhRfzJpump,10,2026-08-27T19:34:44.385717+00:00,AVAILABLE,3807,3807,1
fp1sig-74795db0dca88531e2e6fbd9,EwBbjgVE3VHfE471fHkeeymbWxFoUiLgwPyhRfzJpump,15,2026-08-27T19:34:49.385717+00:00,AVAILABLE,3807,3807,1
fp1sig-74795db0dca88531e2e6fbd9,EwBbjgVE3VHfE471fHkeeymbWxFoUiLgwPyhRfzJpump,20,2026-08-27T19:34:54.385717+00:00,AVAILABLE,3807,3807,1
fp1sig-74795db0dca88531e2e6fbd9,EwBbjgVE3VHfE471fHkeeymbWxFoUiLgwPyhRfzJpump,30,2026-08-27T19:35:04.385717+00:00,AVAILABLE,3807,1649,3
fp1sig-74795db0dca88531e2e6fbd9,EwBbjgVE3VHfE471fHkeeymbWxFoUiLgwPyhRfzJpump,45,2026-08-27T19:35:19.385717+00:00,AVAILABLE,3807,1649,5
fp1sig-74795db0dca88531e2e6fbd9,EwBbjgVE3VHfE471fHkeeymbWxFoUiLgwPyhRfzJpump,60,2026-08-27T19:35:34.385717+00:00,AVAILABLE,5217,-447,10
fp1sig-74795db0dca88531e2e6fbd9,EwBbjgVE3VHfE471fHkeeymbWxFoUiLgwPyhRfzJpump,90,2026-08-27T19:36:04.385717+00:00,AVAILABLE,5632,-5524,19
fp1sig-74795db0dca88531e2e6fbd9,EwBbjgVE3VHfE471fHkeeymbWxFoUiLgwPyhRfzJpump,120,2026-08-27T19:36:34.385717+00:00,AVAILABLE,5632,-6850,29
fp1sig-74795db0dca88531e2e6fbd9,EwBbjgVE3VHfE471fHkeeymbWxFoUiLgwPyhRfzJpump,180,2026-08-27T19:37:34.385717+00:00,AVAILABLE,5632,-6850,42
fp1sig-74795db0dca88531e2e6fbd9,EwBbjgVE3VHfE471fHkeeymbWxFoUiLgwPyhRfzJpump,300,2026-08-27T19:39:34.385717+00:00,AVAILABLE,5632,-7318,59
fp1sig-7518fd0db9b1012324f315cf,5xAUJtidTsRBQe2KNHApugbH3jzGCuiSPK2EEtX8pump,5,2026-08-28T03:26:34.073986+00:00,AVAILABLE,1106,679,2
fp1sig-7518fd0db9b1012324f315cf,5xAUJtidTsRBQe2KNHApugbH3jzGCuiSPK2EEtX8pump,10,2026-08-28T03:26:39.073986+00:00,AVAILABLE,1106,679,2
fp1sig-7518fd0db9b1012324f315cf,5xAUJtidTsRBQe2KNHApugbH3jzGCuiSPK2EEtX8pump,15,2026-08-28T03:26:44.073986+00:00,AVAILABLE,1106,679,2
fp1sig-7518fd0db9b1012324f315cf,5xAUJtidTsRBQe2KNHApugbH3jzGCuiSPK2EEtX8pump,20,2026-08-28T03:26:49.073986+00:00,AVAILABLE,1106,679,2
fp1sig-7518fd0db9b1012324f315cf,5xAUJtidTsRBQe2KNHApugbH3jzGCuiSPK2EEtX8pump,30,2026-08-28T03:26:59.073986+00:00,AVAILABLE,1389,679,5
fp1sig-7518fd0db9b1012324f315cf,5xAUJtidTsRBQe2KNHApugbH3jzGCuiSPK2EEtX8pump,45,2026-08-28T03:27:14.073986+00:00,AVAILABLE,1389,679,5
fp1sig-7518fd0db9b1012324f315cf,5xAUJtidTsRBQe2KNHApugbH3jzGCuiSPK2EEtX8pump,60,2026-08-28T03:27:29.073986+00:00,AVAILABLE,1389,679,8
fp1sig-7518fd0db9b1012324f315cf,5xAUJtidTsRBQe2KNHApugbH3jzGCuiSPK2EEtX8pump,90,2026-08-28T03:27:59.073986+00:00,AVAILABLE,1389,-860,14
fp1sig-7518fd0db9b1012324f315cf,5xAUJtidTsRBQe2KNHApugbH3jzGCuiSPK2EEtX8pump,120,2026-08-28T03:28:29.073986+00:00,AVAILABLE,1389,-1564,22
fp1sig-7518fd0db9b1012324f315cf,5xAUJtidTsRBQe2KNHApugbH3jzGCuiSPK2EEtX8pump,180,2026-08-28T03:29:29.073986+00:00,AVAILABLE,1389,-3312,28
fp1sig-7518fd0db9b1012324f315cf,5xAUJtidTsRBQe2KNHApugbH3jzGCuiSPK2EEtX8pump,300,2026-08-28T03:31:29.073986+00:00,AVAILABLE,1389,-3312,28
fp1sig-75b350dcfc1cddef9b424dde,7NWF5HV5qSYNveYQ6iz3gh79MGBGFfz8pBTL914rpump,5,2026-08-27T22:03:30.318035+00:00,AVAILABLE,950,285,7
fp1sig-75b350dcfc1cddef9b424dde,7NWF5HV5qSYNveYQ6iz3gh79MGBGFfz8pBTL914rpump,10,2026-08-27T22:03:35.318035+00:00,AVAILABLE,950,110,10
fp1sig-75b350dcfc1cddef9b424dde,7NWF5HV5qSYNveYQ6iz3gh79MGBGFfz8pBTL914rpump,15,2026-08-27T22:03:40.318035+00:00,AVAILABLE,950,110,10
fp1sig-75b350dcfc1cddef9b424dde,7NWF5HV5qSYNveYQ6iz3gh79MGBGFfz8pBTL914rpump,20,2026-08-27T22:03:45.318035+00:00,AVAILABLE,950,110,12
fp1sig-75b350dcfc1cddef9b424dde,7NWF5HV5qSYNveYQ6iz3gh79MGBGFfz8pBTL914rpump,30,2026-08-27T22:03:55.318035+00:00,AVAILABLE,950,110,17
fp1sig-75b350dcfc1cddef9b424dde,7NWF5HV5qSYNveYQ6iz3gh79MGBGFfz8pBTL914rpump,45,2026-08-27T22:04:10.318035+00:00,AVAILABLE,1047,110,35
fp1sig-75b350dcfc1cddef9b424dde,7NWF5HV5qSYNveYQ6iz3gh79MGBGFfz8pBTL914rpump,60,2026-08-27T22:04:25.318035+00:00,AVAILABLE,1047,110,42
fp1sig-75b350dcfc1cddef9b424dde,7NWF5HV5qSYNveYQ6iz3gh79MGBGFfz8pBTL914rpump,90,2026-08-27T22:04:55.318035+00:00,AVAILABLE,1195,-521,64
fp1sig-75b350dcfc1cddef9b424dde,7NWF5HV5qSYNveYQ6iz3gh79MGBGFfz8pBTL914rpump,120,2026-08-27T22:05:25.318035+00:00,AVAILABLE,1195,-1944,81
fp1sig-75b350dcfc1cddef9b424dde,7NWF5HV5qSYNveYQ6iz3gh79MGBGFfz8pBTL914rpump,180,2026-08-27T22:06:25.318035+00:00,AVAILABLE,1195,-1944,105
fp1sig-75b350dcfc1cddef9b424dde,7NWF5HV5qSYNveYQ6iz3gh79MGBGFfz8pBTL914rpump,300,2026-08-27T22:08:25.318035+00:00,AVAILABLE,1195,-1944,113
fp1sig-76036c6e8caf0a34c1dd71b3,EeLGBafHXenEzVhuwk4sfRWXR9qzDrxajZmafeVJpump,5,2026-08-27T18:58:47.876079+00:00,MISSING,,,0
fp1sig-76036c6e8caf0a34c1dd71b3,EeLGBafHXenEzVhuwk4sfRWXR9qzDrxajZmafeVJpump,10,2026-08-27T18:58:52.876079+00:00,MISSING,,,0
fp1sig-76036c6e8caf0a34c1dd71b3,EeLGBafHXenEzVhuwk4sfRWXR9qzDrxajZmafeVJpump,15,2026-08-27T18:58:57.876079+00:00,AVAILABLE,-1469,-1469,1
fp1sig-76036c6e8caf0a34c1dd71b3,EeLGBafHXenEzVhuwk4sfRWXR9qzDrxajZmafeVJpump,20,2026-08-27T18:59:02.876079+00:00,AVAILABLE,-1395,-1469,2
fp1sig-76036c6e8caf0a34c1dd71b3,EeLGBafHXenEzVhuwk4sfRWXR9qzDrxajZmafeVJpump,30,2026-08-27T18:59:12.876079+00:00,AVAILABLE,-1395,-1469,2
fp1sig-76036c6e8caf0a34c1dd71b3,EeLGBafHXenEzVhuwk4sfRWXR9qzDrxajZmafeVJpump,45,2026-08-27T18:59:27.876079+00:00,AVAILABLE,-1395,-1469,2
fp1sig-76036c6e8caf0a34c1dd71b3,EeLGBafHXenEzVhuwk4sfRWXR9qzDrxajZmafeVJpump,60,2026-08-27T18:59:42.876079+00:00,AVAILABLE,1611,-1469,4
fp1sig-76036c6e8caf0a34c1dd71b3,EeLGBafHXenEzVhuwk4sfRWXR9qzDrxajZmafeVJpump,90,2026-08-27T19:00:12.876079+00:00,AVAILABLE,3142,-1469,9
fp1sig-76036c6e8caf0a34c1dd71b3,EeLGBafHXenEzVhuwk4sfRWXR9qzDrxajZmafeVJpump,120,2026-08-27T19:00:42.876079+00:00,AVAILABLE,3142,-3931,11
fp1sig-76036c6e8caf0a34c1dd71b3,EeLGBafHXenEzVhuwk4sfRWXR9qzDrxajZmafeVJpump,180,2026-08-27T19:01:42.876079+00:00,AVAILABLE,3142,-4114,18
fp1sig-76036c6e8caf0a34c1dd71b3,EeLGBafHXenEzVhuwk4sfRWXR9qzDrxajZmafeVJpump,300,2026-08-27T19:03:42.876079+00:00,AVAILABLE,3142,-4114,22
fp1sig-766a352008c6f10cfcf811f7,3aSMQgQLbroAxKS6tNeTZbsvrHUiBtTfs2j1wJA7pump,5,2026-08-28T00:14:53.475916+00:00,AVAILABLE,1872,397,6
fp1sig-766a352008c6f10cfcf811f7,3aSMQgQLbroAxKS6tNeTZbsvrHUiBtTfs2j1wJA7pump,10,2026-08-28T00:14:58.475916+00:00,AVAILABLE,1872,397,6
fp1sig-766a352008c6f10cfcf811f7,3aSMQgQLbroAxKS6tNeTZbsvrHUiBtTfs2j1wJA7pump,15,2026-08-28T00:15:03.475916+00:00,AVAILABLE,1872,-529,7
fp1sig-766a352008c6f10cfcf811f7,3aSMQgQLbroAxKS6tNeTZbsvrHUiBtTfs2j1wJA7pump,20,2026-08-28T00:15:08.475916+00:00,AVAILABLE,1872,-529,14
fp1sig-766a352008c6f10cfcf811f7,3aSMQgQLbroAxKS6tNeTZbsvrHUiBtTfs2j1wJA7pump,30,2026-08-28T00:15:18.475916+00:00,AVAILABLE,1872,-529,31
fp1sig-766a352008c6f10cfcf811f7,3aSMQgQLbroAxKS6tNeTZbsvrHUiBtTfs2j1wJA7pump,45,2026-08-28T00:15:33.475916+00:00,AVAILABLE,3055,-529,37
fp1sig-766a352008c6f10cfcf811f7,3aSMQgQLbroAxKS6tNeTZbsvrHUiBtTfs2j1wJA7pump,60,2026-08-28T00:15:48.475916+00:00,AVAILABLE,3055,-529,43
fp1sig-766a352008c6f10cfcf811f7,3aSMQgQLbroAxKS6tNeTZbsvrHUiBtTfs2j1wJA7pump,90,2026-08-28T00:16:18.475916+00:00,AVAILABLE,3055,-529,48
fp1sig-766a352008c6f10cfcf811f7,3aSMQgQLbroAxKS6tNeTZbsvrHUiBtTfs2j1wJA7pump,120,2026-08-28T00:16:48.475916+00:00,AVAILABLE,3055,-529,66
fp1sig-766a352008c6f10cfcf811f7,3aSMQgQLbroAxKS6tNeTZbsvrHUiBtTfs2j1wJA7pump,180,2026-08-28T00:17:48.475916+00:00,AVAILABLE,3109,-529,82
fp1sig-766a352008c6f10cfcf811f7,3aSMQgQLbroAxKS6tNeTZbsvrHUiBtTfs2j1wJA7pump,300,2026-08-28T00:19:48.475916+00:00,AVAILABLE,6399,-529,118
fp1sig-76d6c60d672bd280f08394cf,31acpN9DnZpS7p9yW4Ls8VZhcQ9yfdET2bwPyVwppump,5,2026-08-28T05:05:13.145999+00:00,MISSING,,,0
fp1sig-76d6c60d672bd280f08394cf,31acpN9DnZpS7p9yW4Ls8VZhcQ9yfdET2bwPyVwppump,10,2026-08-28T05:05:18.145999+00:00,AVAILABLE,1481,550,3
fp1sig-76d6c60d672bd280f08394cf,31acpN9DnZpS7p9yW4Ls8VZhcQ9yfdET2bwPyVwppump,15,2026-08-28T05:05:23.145999+00:00,AVAILABLE,2052,550,5
fp1sig-76d6c60d672bd280f08394cf,31acpN9DnZpS7p9yW4Ls8VZhcQ9yfdET2bwPyVwppump,20,2026-08-28T05:05:28.145999+00:00,AVAILABLE,2052,550,5
fp1sig-76d6c60d672bd280f08394cf,31acpN9DnZpS7p9yW4Ls8VZhcQ9yfdET2bwPyVwppump,30,2026-08-28T05:05:38.145999+00:00,AVAILABLE,2052,550,5
fp1sig-76d6c60d672bd280f08394cf,31acpN9DnZpS7p9yW4Ls8VZhcQ9yfdET2bwPyVwppump,45,2026-08-28T05:05:53.145999+00:00,AVAILABLE,2052,-1479,10
fp1sig-76d6c60d672bd280f08394cf,31acpN9DnZpS7p9yW4Ls8VZhcQ9yfdET2bwPyVwppump,60,2026-08-28T05:06:08.145999+00:00,AVAILABLE,2052,-1479,13
fp1sig-76d6c60d672bd280f08394cf,31acpN9DnZpS7p9yW4Ls8VZhcQ9yfdET2bwPyVwppump,90,2026-08-28T05:06:38.145999+00:00,AVAILABLE,2052,-1479,15
fp1sig-76d6c60d672bd280f08394cf,31acpN9DnZpS7p9yW4Ls8VZhcQ9yfdET2bwPyVwppump,120,2026-08-28T05:07:08.145999+00:00,AVAILABLE,2052,-1479,20
fp1sig-76d6c60d672bd280f08394cf,31acpN9DnZpS7p9yW4Ls8VZhcQ9yfdET2bwPyVwppump,180,2026-08-28T05:08:08.145999+00:00,AVAILABLE,2052,-1479,32
fp1sig-76d6c60d672bd280f08394cf,31acpN9DnZpS7p9yW4Ls8VZhcQ9yfdET2bwPyVwppump,300,2026-08-28T05:10:08.145999+00:00,AVAILABLE,2052,-2343,43
fp1sig-7700500697d323908e1b193c,2y2rhLJ6Y1qSiYD3pRDwn61PLXp7zyEmRBEZwQSnpump,5,2026-08-28T06:39:35.357039+00:00,AVAILABLE,2587,-1951,7
fp1sig-7700500697d323908e1b193c,2y2rhLJ6Y1qSiYD3pRDwn61PLXp7zyEmRBEZwQSnpump,10,2026-08-28T06:39:40.357039+00:00,AVAILABLE,2587,-4009,11
fp1sig-7700500697d323908e1b193c,2y2rhLJ6Y1qSiYD3pRDwn61PLXp7zyEmRBEZwQSnpump,15,2026-08-28T06:39:45.357039+00:00,AVAILABLE,2587,-5415,22
fp1sig-7700500697d323908e1b193c,2y2rhLJ6Y1qSiYD3pRDwn61PLXp7zyEmRBEZwQSnpump,20,2026-08-28T06:39:50.357039+00:00,AVAILABLE,2587,-5415,33
fp1sig-7700500697d323908e1b193c,2y2rhLJ6Y1qSiYD3pRDwn61PLXp7zyEmRBEZwQSnpump,30,2026-08-28T06:40:00.357039+00:00,AVAILABLE,2587,-6645,53
fp1sig-7700500697d323908e1b193c,2y2rhLJ6Y1qSiYD3pRDwn61PLXp7zyEmRBEZwQSnpump,45,2026-08-28T06:40:15.357039+00:00,AVAILABLE,2587,-8763,77
fp1sig-7700500697d323908e1b193c,2y2rhLJ6Y1qSiYD3pRDwn61PLXp7zyEmRBEZwQSnpump,60,2026-08-28T06:40:30.357039+00:00,AVAILABLE,2587,-9086,96
fp1sig-7700500697d323908e1b193c,2y2rhLJ6Y1qSiYD3pRDwn61PLXp7zyEmRBEZwQSnpump,90,2026-08-28T06:41:00.357039+00:00,AVAILABLE,2587,-9423,114
fp1sig-7700500697d323908e1b193c,2y2rhLJ6Y1qSiYD3pRDwn61PLXp7zyEmRBEZwQSnpump,120,2026-08-28T06:41:30.357039+00:00,AVAILABLE,2587,-9724,140
fp1sig-7700500697d323908e1b193c,2y2rhLJ6Y1qSiYD3pRDwn61PLXp7zyEmRBEZwQSnpump,180,2026-08-28T06:42:30.357039+00:00,AVAILABLE,2587,-9724,140
fp1sig-7700500697d323908e1b193c,2y2rhLJ6Y1qSiYD3pRDwn61PLXp7zyEmRBEZwQSnpump,300,2026-08-28T06:44:30.357039+00:00,AVAILABLE,2587,-9729,142
fp1sig-7747400066948209e988e28d,6aB91jA6CGa1WoT3srdqP7mqDYueWNCmkHL65GtPpump,5,2026-08-28T07:23:54.242799+00:00,AVAILABLE,5790,3848,2
fp1sig-7747400066948209e988e28d,6aB91jA6CGa1WoT3srdqP7mqDYueWNCmkHL65GtPpump,10,2026-08-28T07:23:59.242799+00:00,AVAILABLE,8095,3848,4
fp1sig-7747400066948209e988e28d,6aB91jA6CGa1WoT3srdqP7mqDYueWNCmkHL65GtPpump,15,2026-08-28T07:24:04.242799+00:00,AVAILABLE,8095,-4855,8
fp1sig-7747400066948209e988e28d,6aB91jA6CGa1WoT3srdqP7mqDYueWNCmkHL65GtPpump,20,2026-08-28T07:24:09.242799+00:00,AVAILABLE,8095,-4855,10
fp1sig-7747400066948209e988e28d,6aB91jA6CGa1WoT3srdqP7mqDYueWNCmkHL65GtPpump,30,2026-08-28T07:24:19.242799+00:00,AVAILABLE,8095,-6528,22
fp1sig-7747400066948209e988e28d,6aB91jA6CGa1WoT3srdqP7mqDYueWNCmkHL65GtPpump,45,2026-08-28T07:24:34.242799+00:00,AVAILABLE,8095,-6528,30
fp1sig-7747400066948209e988e28d,6aB91jA6CGa1WoT3srdqP7mqDYueWNCmkHL65GtPpump,60,2026-08-28T07:24:49.242799+00:00,AVAILABLE,8095,-6528,40
fp1sig-7747400066948209e988e28d,6aB91jA6CGa1WoT3srdqP7mqDYueWNCmkHL65GtPpump,90,2026-08-28T07:25:19.242799+00:00,AVAILABLE,8095,-6528,54
fp1sig-7747400066948209e988e28d,6aB91jA6CGa1WoT3srdqP7mqDYueWNCmkHL65GtPpump,120,2026-08-28T07:25:49.242799+00:00,AVAILABLE,8095,-6528,69
fp1sig-7747400066948209e988e28d,6aB91jA6CGa1WoT3srdqP7mqDYueWNCmkHL65GtPpump,180,2026-08-28T07:26:49.242799+00:00,AVAILABLE,8095,-8177,98
fp1sig-7747400066948209e988e28d,6aB91jA6CGa1WoT3srdqP7mqDYueWNCmkHL65GtPpump,300,2026-08-28T07:28:49.242799+00:00,AVAILABLE,8095,-9724,199
fp1sig-7887c3a6d165f47576f97ded,GBWmWk8EpaANF8zdAqQDgt75zhCi331TUSgdm7tdpump,5,2026-08-28T11:23:41.128965+00:00,AVAILABLE,323,-2163,7
fp1sig-7887c3a6d165f47576f97ded,GBWmWk8EpaANF8zdAqQDgt75zhCi331TUSgdm7tdpump,10,2026-08-28T11:23:46.128965+00:00,AVAILABLE,323,-2481,9
fp1sig-7887c3a6d165f47576f97ded,GBWmWk8EpaANF8zdAqQDgt75zhCi331TUSgdm7tdpump,15,2026-08-28T11:23:51.128965+00:00,AVAILABLE,323,-2900,11
fp1sig-7887c3a6d165f47576f97ded,GBWmWk8EpaANF8zdAqQDgt75zhCi331TUSgdm7tdpump,20,2026-08-28T11:23:56.128965+00:00,AVAILABLE,323,-2900,11
fp1sig-7887c3a6d165f47576f97ded,GBWmWk8EpaANF8zdAqQDgt75zhCi331TUSgdm7tdpump,30,2026-08-28T11:24:06.128965+00:00,AVAILABLE,323,-5716,16
fp1sig-7887c3a6d165f47576f97ded,GBWmWk8EpaANF8zdAqQDgt75zhCi331TUSgdm7tdpump,45,2026-08-28T11:24:21.128965+00:00,AVAILABLE,323,-7707,27
fp1sig-7887c3a6d165f47576f97ded,GBWmWk8EpaANF8zdAqQDgt75zhCi331TUSgdm7tdpump,60,2026-08-28T11:24:36.128965+00:00,AVAILABLE,323,-7707,29
fp1sig-7887c3a6d165f47576f97ded,GBWmWk8EpaANF8zdAqQDgt75zhCi331TUSgdm7tdpump,90,2026-08-28T11:25:06.128965+00:00,AVAILABLE,323,-7707,30
fp1sig-7887c3a6d165f47576f97ded,GBWmWk8EpaANF8zdAqQDgt75zhCi331TUSgdm7tdpump,120,2026-08-28T11:25:36.128965+00:00,AVAILABLE,323,-7707,30
fp1sig-7887c3a6d165f47576f97ded,GBWmWk8EpaANF8zdAqQDgt75zhCi331TUSgdm7tdpump,180,2026-08-28T11:26:36.128965+00:00,AVAILABLE,323,-7707,30
fp1sig-7887c3a6d165f47576f97ded,GBWmWk8EpaANF8zdAqQDgt75zhCi331TUSgdm7tdpump,300,2026-08-28T11:28:36.128965+00:00,AVAILABLE,323,-7707,30
fp1sig-788be5f3144249015aa7ca3f,Aq3SZ4xcW5AqQLXXCGgybvTaTUsarj6itv8tcmMGpump,5,2026-08-27T15:07:23.627137+00:00,MISSING,,,0
fp1sig-788be5f3144249015aa7ca3f,Aq3SZ4xcW5AqQLXXCGgybvTaTUsarj6itv8tcmMGpump,10,2026-08-27T15:07:28.627137+00:00,AVAILABLE,-2851,-2851,1
fp1sig-788be5f3144249015aa7ca3f,Aq3SZ4xcW5AqQLXXCGgybvTaTUsarj6itv8tcmMGpump,15,2026-08-27T15:07:33.627137+00:00,AVAILABLE,-2851,-2851,1
fp1sig-788be5f3144249015aa7ca3f,Aq3SZ4xcW5AqQLXXCGgybvTaTUsarj6itv8tcmMGpump,20,2026-08-27T15:07:38.627137+00:00,AVAILABLE,-2851,-2851,1
fp1sig-788be5f3144249015aa7ca3f,Aq3SZ4xcW5AqQLXXCGgybvTaTUsarj6itv8tcmMGpump,30,2026-08-27T15:07:48.627137+00:00,AVAILABLE,-2832,-2851,2
fp1sig-788be5f3144249015aa7ca3f,Aq3SZ4xcW5AqQLXXCGgybvTaTUsarj6itv8tcmMGpump,45,2026-08-27T15:08:03.627137+00:00,AVAILABLE,-2552,-2851,3
fp1sig-788be5f3144249015aa7ca3f,Aq3SZ4xcW5AqQLXXCGgybvTaTUsarj6itv8tcmMGpump,60,2026-08-27T15:08:18.627137+00:00,AVAILABLE,-2001,-2851,4
fp1sig-788be5f3144249015aa7ca3f,Aq3SZ4xcW5AqQLXXCGgybvTaTUsarj6itv8tcmMGpump,90,2026-08-27T15:08:48.627137+00:00,AVAILABLE,96,-2851,8
fp1sig-788be5f3144249015aa7ca3f,Aq3SZ4xcW5AqQLXXCGgybvTaTUsarj6itv8tcmMGpump,120,2026-08-27T15:09:18.627137+00:00,AVAILABLE,96,-2851,10
fp1sig-788be5f3144249015aa7ca3f,Aq3SZ4xcW5AqQLXXCGgybvTaTUsarj6itv8tcmMGpump,180,2026-08-27T15:10:18.627137+00:00,AVAILABLE,3484,-2851,14
fp1sig-788be5f3144249015aa7ca3f,Aq3SZ4xcW5AqQLXXCGgybvTaTUsarj6itv8tcmMGpump,300,2026-08-27T15:12:18.627137+00:00,AVAILABLE,8598,-2851,25
fp1sig-789ca62d5abe2488da2075a7,HhxHeLQNzfMxd4obhFwANfPnw1p5ZnuvobbzbfNNpump,5,2026-08-27T22:41:20.330353+00:00,MISSING,,,0
fp1sig-789ca62d5abe2488da2075a7,HhxHeLQNzfMxd4obhFwANfPnw1p5ZnuvobbzbfNNpump,10,2026-08-27T22:41:25.330353+00:00,AVAILABLE,-3816,-3816,1
fp1sig-789ca62d5abe2488da2075a7,HhxHeLQNzfMxd4obhFwANfPnw1p5ZnuvobbzbfNNpump,15,2026-08-27T22:41:30.330353+00:00,AVAILABLE,-3816,-3816,1
fp1sig-789ca62d5abe2488da2075a7,HhxHeLQNzfMxd4obhFwANfPnw1p5ZnuvobbzbfNNpump,20,2026-08-27T22:41:35.330353+00:00,AVAILABLE,-3816,-3816,1
fp1sig-789ca62d5abe2488da2075a7,HhxHeLQNzfMxd4obhFwANfPnw1p5ZnuvobbzbfNNpump,30,2026-08-27T22:41:45.330353+00:00,AVAILABLE,-2260,-4024,5
fp1sig-789ca62d5abe2488da2075a7,HhxHeLQNzfMxd4obhFwANfPnw1p5ZnuvobbzbfNNpump,45,2026-08-27T22:42:00.330353+00:00,AVAILABLE,-2260,-5097,6
fp1sig-789ca62d5abe2488da2075a7,HhxHeLQNzfMxd4obhFwANfPnw1p5ZnuvobbzbfNNpump,60,2026-08-27T22:42:15.330353+00:00,AVAILABLE,-1132,-5097,9
fp1sig-789ca62d5abe2488da2075a7,HhxHeLQNzfMxd4obhFwANfPnw1p5ZnuvobbzbfNNpump,90,2026-08-27T22:42:45.330353+00:00,AVAILABLE,1405,-5097,12
fp1sig-789ca62d5abe2488da2075a7,HhxHeLQNzfMxd4obhFwANfPnw1p5ZnuvobbzbfNNpump,120,2026-08-27T22:43:15.330353+00:00,AVAILABLE,2853,-5097,17
fp1sig-789ca62d5abe2488da2075a7,HhxHeLQNzfMxd4obhFwANfPnw1p5ZnuvobbzbfNNpump,180,2026-08-27T22:44:15.330353+00:00,AVAILABLE,2853,-5246,24
fp1sig-789ca62d5abe2488da2075a7,HhxHeLQNzfMxd4obhFwANfPnw1p5ZnuvobbzbfNNpump,300,2026-08-27T22:46:15.330353+00:00,AVAILABLE,2853,-5572,34
fp1sig-78c09977ea9b7f4f53178f56,BvCZzB1833vBhVZRKL75eJrWuJa3JjgkbPHJFmExpump,5,2026-08-28T02:12:32.072952+00:00,AVAILABLE,-145,-210,2
fp1sig-78c09977ea9b7f4f53178f56,BvCZzB1833vBhVZRKL75eJrWuJa3JjgkbPHJFmExpump,10,2026-08-28T02:12:37.072952+00:00,AVAILABLE,-145,-397,3
fp1sig-78c09977ea9b7f4f53178f56,BvCZzB1833vBhVZRKL75eJrWuJa3JjgkbPHJFmExpump,15,2026-08-28T02:12:42.072952+00:00,AVAILABLE,-145,-397,3
fp1sig-78c09977ea9b7f4f53178f56,BvCZzB1833vBhVZRKL75eJrWuJa3JjgkbPHJFmExpump,20,2026-08-28T02:12:47.072952+00:00,AVAILABLE,-145,-397,3
fp1sig-78c09977ea9b7f4f53178f56,BvCZzB1833vBhVZRKL75eJrWuJa3JjgkbPHJFmExpump,30,2026-08-28T02:12:57.072952+00:00,AVAILABLE,-145,-397,3
fp1sig-78c09977ea9b7f4f53178f56,BvCZzB1833vBhVZRKL75eJrWuJa3JjgkbPHJFmExpump,45,2026-08-28T02:13:12.072952+00:00,AVAILABLE,-145,-526,7
fp1sig-78c09977ea9b7f4f53178f56,BvCZzB1833vBhVZRKL75eJrWuJa3JjgkbPHJFmExpump,60,2026-08-28T02:13:27.072952+00:00,AVAILABLE,-145,-1100,10
fp1sig-78c09977ea9b7f4f53178f56,BvCZzB1833vBhVZRKL75eJrWuJa3JjgkbPHJFmExpump,90,2026-08-28T02:13:57.072952+00:00,AVAILABLE,-145,-1164,13
fp1sig-78c09977ea9b7f4f53178f56,BvCZzB1833vBhVZRKL75eJrWuJa3JjgkbPHJFmExpump,120,2026-08-28T02:14:27.072952+00:00,AVAILABLE,-145,-1164,16
fp1sig-78c09977ea9b7f4f53178f56,BvCZzB1833vBhVZRKL75eJrWuJa3JjgkbPHJFmExpump,180,2026-08-28T02:15:27.072952+00:00,AVAILABLE,-145,-1164,17
fp1sig-78c09977ea9b7f4f53178f56,BvCZzB1833vBhVZRKL75eJrWuJa3JjgkbPHJFmExpump,300,2026-08-28T02:17:27.072952+00:00,AVAILABLE,-145,-1164,17
fp1sig-78e9ddac51c12ffdca331234,8rbkzjfRhdqvpfHwMuybNHnAfdddnXd2CSbinoJwpump,5,2026-08-28T03:19:34.215623+00:00,AVAILABLE,-379,-379,1
fp1sig-78e9ddac51c12ffdca331234,8rbkzjfRhdqvpfHwMuybNHnAfdddnXd2CSbinoJwpump,10,2026-08-28T03:19:39.215623+00:00,AVAILABLE,-379,-379,1
fp1sig-78e9ddac51c12ffdca331234,8rbkzjfRhdqvpfHwMuybNHnAfdddnXd2CSbinoJwpump,15,2026-08-28T03:19:44.215623+00:00,AVAILABLE,-379,-379,1
fp1sig-78e9ddac51c12ffdca331234,8rbkzjfRhdqvpfHwMuybNHnAfdddnXd2CSbinoJwpump,20,2026-08-28T03:19:49.215623+00:00,AVAILABLE,2305,-379,3
fp1sig-78e9ddac51c12ffdca331234,8rbkzjfRhdqvpfHwMuybNHnAfdddnXd2CSbinoJwpump,30,2026-08-28T03:19:59.215623+00:00,AVAILABLE,3757,-379,5
fp1sig-78e9ddac51c12ffdca331234,8rbkzjfRhdqvpfHwMuybNHnAfdddnXd2CSbinoJwpump,45,2026-08-28T03:20:14.215623+00:00,AVAILABLE,3757,-5224,8
fp1sig-78e9ddac51c12ffdca331234,8rbkzjfRhdqvpfHwMuybNHnAfdddnXd2CSbinoJwpump,60,2026-08-28T03:20:29.215623+00:00,AVAILABLE,3757,-7362,13
fp1sig-78e9ddac51c12ffdca331234,8rbkzjfRhdqvpfHwMuybNHnAfdddnXd2CSbinoJwpump,90,2026-08-28T03:20:59.215623+00:00,AVAILABLE,3757,-8126,22
fp1sig-78e9ddac51c12ffdca331234,8rbkzjfRhdqvpfHwMuybNHnAfdddnXd2CSbinoJwpump,120,2026-08-28T03:21:29.215623+00:00,AVAILABLE,3757,-9796,44
fp1sig-78e9ddac51c12ffdca331234,8rbkzjfRhdqvpfHwMuybNHnAfdddnXd2CSbinoJwpump,180,2026-08-28T03:22:29.215623+00:00,AVAILABLE,3757,-9851,85
fp1sig-78e9ddac51c12ffdca331234,8rbkzjfRhdqvpfHwMuybNHnAfdddnXd2CSbinoJwpump,300,2026-08-28T03:24:29.215623+00:00,AVAILABLE,3757,-9953,118
fp1sig-7930a16ec3242db7f280498c,Aqsby4rGt9nFsnjuiBC18p3sJNtxbkk9KosUUtRvpump,5,2026-08-28T04:12:42.712234+00:00,AVAILABLE,1410,-956,11
fp1sig-7930a16ec3242db7f280498c,Aqsby4rGt9nFsnjuiBC18p3sJNtxbkk9KosUUtRvpump,10,2026-08-28T04:12:47.712234+00:00,AVAILABLE,2590,-956,16
fp1sig-7930a16ec3242db7f280498c,Aqsby4rGt9nFsnjuiBC18p3sJNtxbkk9KosUUtRvpump,15,2026-08-28T04:12:52.712234+00:00,AVAILABLE,2590,-956,16
fp1sig-7930a16ec3242db7f280498c,Aqsby4rGt9nFsnjuiBC18p3sJNtxbkk9KosUUtRvpump,20,2026-08-28T04:12:57.712234+00:00,AVAILABLE,2590,-956,17
fp1sig-7930a16ec3242db7f280498c,Aqsby4rGt9nFsnjuiBC18p3sJNtxbkk9KosUUtRvpump,30,2026-08-28T04:13:07.712234+00:00,AVAILABLE,7200,-956,22
fp1sig-7930a16ec3242db7f280498c,Aqsby4rGt9nFsnjuiBC18p3sJNtxbkk9KosUUtRvpump,45,2026-08-28T04:13:22.712234+00:00,AVAILABLE,12273,-956,33
fp1sig-7930a16ec3242db7f280498c,Aqsby4rGt9nFsnjuiBC18p3sJNtxbkk9KosUUtRvpump,60,2026-08-28T04:13:37.712234+00:00,AVAILABLE,13264,-956,46
fp1sig-7930a16ec3242db7f280498c,Aqsby4rGt9nFsnjuiBC18p3sJNtxbkk9KosUUtRvpump,90,2026-08-28T04:14:07.712234+00:00,AVAILABLE,13264,-956,53
fp1sig-7930a16ec3242db7f280498c,Aqsby4rGt9nFsnjuiBC18p3sJNtxbkk9KosUUtRvpump,120,2026-08-28T04:14:37.712234+00:00,AVAILABLE,26926,-956,89
fp1sig-7930a16ec3242db7f280498c,Aqsby4rGt9nFsnjuiBC18p3sJNtxbkk9KosUUtRvpump,180,2026-08-28T04:15:37.712234+00:00,AVAILABLE,26926,-956,142
fp1sig-7930a16ec3242db7f280498c,Aqsby4rGt9nFsnjuiBC18p3sJNtxbkk9KosUUtRvpump,300,2026-08-28T04:17:37.712234+00:00,AVAILABLE,44830,-956,290
fp1sig-7955d76f46c9d2bd4dd60c83,GPY8nXs5ahAHzR9kPLZoqBkTb3egmUoRey767UXDWcTP,5,2026-08-27T19:58:25.991501+00:00,AVAILABLE,135,135,1
fp1sig-7955d76f46c9d2bd4dd60c83,GPY8nXs5ahAHzR9kPLZoqBkTb3egmUoRey767UXDWcTP,10,2026-08-27T19:58:30.991501+00:00,AVAILABLE,135,135,1
fp1sig-7955d76f46c9d2bd4dd60c83,GPY8nXs5ahAHzR9kPLZoqBkTb3egmUoRey767UXDWcTP,15,2026-08-27T19:58:35.991501+00:00,AVAILABLE,135,135,1
fp1sig-7955d76f46c9d2bd4dd60c83,GPY8nXs5ahAHzR9kPLZoqBkTb3egmUoRey767UXDWcTP,20,2026-08-27T19:58:40.991501+00:00,AVAILABLE,583,135,3
fp1sig-7955d76f46c9d2bd4dd60c83,GPY8nXs5ahAHzR9kPLZoqBkTb3egmUoRey767UXDWcTP,30,2026-08-27T19:58:50.991501+00:00,AVAILABLE,583,135,3
fp1sig-7955d76f46c9d2bd4dd60c83,GPY8nXs5ahAHzR9kPLZoqBkTb3egmUoRey767UXDWcTP,45,2026-08-27T19:59:05.991501+00:00,AVAILABLE,583,135,3
fp1sig-7955d76f46c9d2bd4dd60c83,GPY8nXs5ahAHzR9kPLZoqBkTb3egmUoRey767UXDWcTP,60,2026-08-27T19:59:20.991501+00:00,AVAILABLE,583,135,3
fp1sig-7955d76f46c9d2bd4dd60c83,GPY8nXs5ahAHzR9kPLZoqBkTb3egmUoRey767UXDWcTP,90,2026-08-27T19:59:50.991501+00:00,AVAILABLE,583,135,4
fp1sig-7955d76f46c9d2bd4dd60c83,GPY8nXs5ahAHzR9kPLZoqBkTb3egmUoRey767UXDWcTP,120,2026-08-27T20:00:20.991501+00:00,AVAILABLE,1629,135,7
fp1sig-7955d76f46c9d2bd4dd60c83,GPY8nXs5ahAHzR9kPLZoqBkTb3egmUoRey767UXDWcTP,180,2026-08-27T20:01:20.991501+00:00,AVAILABLE,1774,135,9
fp1sig-7955d76f46c9d2bd4dd60c83,GPY8nXs5ahAHzR9kPLZoqBkTb3egmUoRey767UXDWcTP,300,2026-08-27T20:03:20.991501+00:00,AVAILABLE,14727,135,10
fp1sig-7a3da37c5e96d51a779fb9ae,25FyVNwC6T8ShJzxu1Kg32RM1DvdtqQuYf8WgqXYpump,5,2026-08-28T06:54:10.892744+00:00,AVAILABLE,1353,-4300,9
fp1sig-7a3da37c5e96d51a779fb9ae,25FyVNwC6T8ShJzxu1Kg32RM1DvdtqQuYf8WgqXYpump,10,2026-08-28T06:54:15.892744+00:00,AVAILABLE,1353,-4300,11
fp1sig-7a3da37c5e96d51a779fb9ae,25FyVNwC6T8ShJzxu1Kg32RM1DvdtqQuYf8WgqXYpump,15,2026-08-28T06:54:20.892744+00:00,AVAILABLE,11864,-4300,22
fp1sig-7a3da37c5e96d51a779fb9ae,25FyVNwC6T8ShJzxu1Kg32RM1DvdtqQuYf8WgqXYpump,20,2026-08-28T06:54:25.892744+00:00,AVAILABLE,16901,-4300,28
fp1sig-7a3da37c5e96d51a779fb9ae,25FyVNwC6T8ShJzxu1Kg32RM1DvdtqQuYf8WgqXYpump,30,2026-08-28T06:54:35.892744+00:00,AVAILABLE,38453,-4300,41
fp1sig-7a3da37c5e96d51a779fb9ae,25FyVNwC6T8ShJzxu1Kg32RM1DvdtqQuYf8WgqXYpump,45,2026-08-28T06:54:50.892744+00:00,AVAILABLE,85812,-4300,65
fp1sig-7a3da37c5e96d51a779fb9ae,25FyVNwC6T8ShJzxu1Kg32RM1DvdtqQuYf8WgqXYpump,60,2026-08-28T06:55:05.892744+00:00,AVAILABLE,85812,-4300,85
fp1sig-7a3da37c5e96d51a779fb9ae,25FyVNwC6T8ShJzxu1Kg32RM1DvdtqQuYf8WgqXYpump,90,2026-08-28T06:55:35.892744+00:00,AVAILABLE,85812,-4300,94
fp1sig-7a3da37c5e96d51a779fb9ae,25FyVNwC6T8ShJzxu1Kg32RM1DvdtqQuYf8WgqXYpump,120,2026-08-28T06:56:05.892744+00:00,AVAILABLE,85812,-5740,112
fp1sig-7a3da37c5e96d51a779fb9ae,25FyVNwC6T8ShJzxu1Kg32RM1DvdtqQuYf8WgqXYpump,180,2026-08-28T06:57:05.892744+00:00,AVAILABLE,85812,-7216,160
fp1sig-7a3da37c5e96d51a779fb9ae,25FyVNwC6T8ShJzxu1Kg32RM1DvdtqQuYf8WgqXYpump,300,2026-08-28T06:59:05.892744+00:00,AVAILABLE,85812,-7598,184
fp1sig-7a41c29e8ce0e35fbbb02659,DrMLtQ6Xq1xEtvWvcZnM7gotXNK52ypRsa4X6Y6Hpump,5,2026-08-27T20:03:58.023310+00:00,AVAILABLE,-940,-971,2
fp1sig-7a41c29e8ce0e35fbbb02659,DrMLtQ6Xq1xEtvWvcZnM7gotXNK52ypRsa4X6Y6Hpump,10,2026-08-27T20:04:03.023310+00:00,AVAILABLE,-940,-1021,3
fp1sig-7a41c29e8ce0e35fbbb02659,DrMLtQ6Xq1xEtvWvcZnM7gotXNK52ypRsa4X6Y6Hpump,15,2026-08-27T20:04:08.023310+00:00,AVAILABLE,-559,-1021,6
fp1sig-7a41c29e8ce0e35fbbb02659,DrMLtQ6Xq1xEtvWvcZnM7gotXNK52ypRsa4X6Y6Hpump,20,2026-08-27T20:04:13.023310+00:00,AVAILABLE,-559,-1574,8
fp1sig-7a41c29e8ce0e35fbbb02659,DrMLtQ6Xq1xEtvWvcZnM7gotXNK52ypRsa4X6Y6Hpump,30,2026-08-27T20:04:23.023310+00:00,AVAILABLE,1594,-2459,17
fp1sig-7a41c29e8ce0e35fbbb02659,DrMLtQ6Xq1xEtvWvcZnM7gotXNK52ypRsa4X6Y6Hpump,45,2026-08-27T20:04:38.023310+00:00,AVAILABLE,10917,-2459,40
fp1sig-7a41c29e8ce0e35fbbb02659,DrMLtQ6Xq1xEtvWvcZnM7gotXNK52ypRsa4X6Y6Hpump,60,2026-08-27T20:04:53.023310+00:00,AVAILABLE,19051,-2459,59
fp1sig-7a41c29e8ce0e35fbbb02659,DrMLtQ6Xq1xEtvWvcZnM7gotXNK52ypRsa4X6Y6Hpump,90,2026-08-27T20:05:23.023310+00:00,AVAILABLE,19051,-2459,80
fp1sig-7a41c29e8ce0e35fbbb02659,DrMLtQ6Xq1xEtvWvcZnM7gotXNK52ypRsa4X6Y6Hpump,120,2026-08-27T20:05:53.023310+00:00,AVAILABLE,23200,-2459,120
fp1sig-7a41c29e8ce0e35fbbb02659,DrMLtQ6Xq1xEtvWvcZnM7gotXNK52ypRsa4X6Y6Hpump,180,2026-08-27T20:06:53.023310+00:00,AVAILABLE,38612,-2459,168
fp1sig-7a41c29e8ce0e35fbbb02659,DrMLtQ6Xq1xEtvWvcZnM7gotXNK52ypRsa4X6Y6Hpump,300,2026-08-27T20:08:53.023310+00:00,AVAILABLE,38660,-2459,172
fp1sig-7a59fcf74159c2ccd6bcd4b0,5W4GmJbCYAHHbvipxwtWkijTh8BHyGFcPBaQvUkPpump,5,2026-08-27T17:11:58.321146+00:00,MISSING,,,0
fp1sig-7a59fcf74159c2ccd6bcd4b0,5W4GmJbCYAHHbvipxwtWkijTh8BHyGFcPBaQvUkPpump,10,2026-08-27T17:12:03.321146+00:00,MISSING,,,0
fp1sig-7a59fcf74159c2ccd6bcd4b0,5W4GmJbCYAHHbvipxwtWkijTh8BHyGFcPBaQvUkPpump,15,2026-08-27T17:12:08.321146+00:00,MISSING,,,0
fp1sig-7a59fcf74159c2ccd6bcd4b0,5W4GmJbCYAHHbvipxwtWkijTh8BHyGFcPBaQvUkPpump,20,2026-08-27T17:12:13.321146+00:00,MISSING,,,0
fp1sig-7a59fcf74159c2ccd6bcd4b0,5W4GmJbCYAHHbvipxwtWkijTh8BHyGFcPBaQvUkPpump,30,2026-08-27T17:12:23.321146+00:00,MISSING,,,0
fp1sig-7a59fcf74159c2ccd6bcd4b0,5W4GmJbCYAHHbvipxwtWkijTh8BHyGFcPBaQvUkPpump,45,2026-08-27T17:12:38.321146+00:00,AVAILABLE,-222,-222,1
fp1sig-7a59fcf74159c2ccd6bcd4b0,5W4GmJbCYAHHbvipxwtWkijTh8BHyGFcPBaQvUkPpump,60,2026-08-27T17:12:53.321146+00:00,AVAILABLE,-222,-222,1
fp1sig-7a59fcf74159c2ccd6bcd4b0,5W4GmJbCYAHHbvipxwtWkijTh8BHyGFcPBaQvUkPpump,90,2026-08-27T17:13:23.321146+00:00,AVAILABLE,-222,-222,1
fp1sig-7a59fcf74159c2ccd6bcd4b0,5W4GmJbCYAHHbvipxwtWkijTh8BHyGFcPBaQvUkPpump,120,2026-08-27T17:13:53.321146+00:00,AVAILABLE,-222,-222,1
fp1sig-7a59fcf74159c2ccd6bcd4b0,5W4GmJbCYAHHbvipxwtWkijTh8BHyGFcPBaQvUkPpump,180,2026-08-27T17:14:53.321146+00:00,AVAILABLE,-222,-1198,2
fp1sig-7a59fcf74159c2ccd6bcd4b0,5W4GmJbCYAHHbvipxwtWkijTh8BHyGFcPBaQvUkPpump,300,2026-08-27T17:16:53.321146+00:00,AVAILABLE,-222,-2393,7
fp1sig-7ab6b20859d01ba5c22da05d,EVS7V5QjoAR8YRR8W2Kh1SzByChSwanbfdwpetVbpump,5,2026-08-28T06:37:55.542514+00:00,AVAILABLE,-566,-2264,3
fp1sig-7ab6b20859d01ba5c22da05d,EVS7V5QjoAR8YRR8W2Kh1SzByChSwanbfdwpetVbpump,10,2026-08-28T06:38:00.542514+00:00,AVAILABLE,-566,-2264,4
fp1sig-7ab6b20859d01ba5c22da05d,EVS7V5QjoAR8YRR8W2Kh1SzByChSwanbfdwpetVbpump,15,2026-08-28T06:38:05.542514+00:00,AVAILABLE,-566,-2642,7
fp1sig-7ab6b20859d01ba5c22da05d,EVS7V5QjoAR8YRR8W2Kh1SzByChSwanbfdwpetVbpump,20,2026-08-28T06:38:10.542514+00:00,AVAILABLE,-566,-5814,13
fp1sig-7ab6b20859d01ba5c22da05d,EVS7V5QjoAR8YRR8W2Kh1SzByChSwanbfdwpetVbpump,30,2026-08-28T06:38:20.542514+00:00,AVAILABLE,-566,-8010,18
fp1sig-7ab6b20859d01ba5c22da05d,EVS7V5QjoAR8YRR8W2Kh1SzByChSwanbfdwpetVbpump,45,2026-08-28T06:38:35.542514+00:00,AVAILABLE,-566,-8845,28
fp1sig-7ab6b20859d01ba5c22da05d,EVS7V5QjoAR8YRR8W2Kh1SzByChSwanbfdwpetVbpump,60,2026-08-28T06:38:50.542514+00:00,AVAILABLE,-566,-8845,40
fp1sig-7ab6b20859d01ba5c22da05d,EVS7V5QjoAR8YRR8W2Kh1SzByChSwanbfdwpetVbpump,90,2026-08-28T06:39:20.542514+00:00,AVAILABLE,-566,-8845,66
fp1sig-7ab6b20859d01ba5c22da05d,EVS7V5QjoAR8YRR8W2Kh1SzByChSwanbfdwpetVbpump,120,2026-08-28T06:39:50.542514+00:00,AVAILABLE,-566,-8845,101
fp1sig-7ab6b20859d01ba5c22da05d,EVS7V5QjoAR8YRR8W2Kh1SzByChSwanbfdwpetVbpump,180,2026-08-28T06:40:50.542514+00:00,AVAILABLE,-566,-8920,129
fp1sig-7ab6b20859d01ba5c22da05d,EVS7V5QjoAR8YRR8W2Kh1SzByChSwanbfdwpetVbpump,300,2026-08-28T06:42:50.542514+00:00,AVAILABLE,-566,-8920,129
fp1sig-7abaa533c81959e6a423a2ce,HjW78r1uDYSCutuG9E3WUiBvVRKELWw7gRKsAopGpump,5,2026-08-28T07:50:56.022871+00:00,AVAILABLE,929,-334,8
fp1sig-7abaa533c81959e6a423a2ce,HjW78r1uDYSCutuG9E3WUiBvVRKELWw7gRKsAopGpump,10,2026-08-28T07:51:01.022871+00:00,AVAILABLE,929,-334,10
fp1sig-7abaa533c81959e6a423a2ce,HjW78r1uDYSCutuG9E3WUiBvVRKELWw7gRKsAopGpump,15,2026-08-28T07:51:06.022871+00:00,AVAILABLE,1203,-649,21
fp1sig-7abaa533c81959e6a423a2ce,HjW78r1uDYSCutuG9E3WUiBvVRKELWw7gRKsAopGpump,20,2026-08-28T07:51:11.022871+00:00,AVAILABLE,1203,-649,24
fp1sig-7abaa533c81959e6a423a2ce,HjW78r1uDYSCutuG9E3WUiBvVRKELWw7gRKsAopGpump,30,2026-08-28T07:51:21.022871+00:00,AVAILABLE,1203,-649,32
fp1sig-7abaa533c81959e6a423a2ce,HjW78r1uDYSCutuG9E3WUiBvVRKELWw7gRKsAopGpump,45,2026-08-28T07:51:36.022871+00:00,AVAILABLE,1203,-649,33
fp1sig-7abaa533c81959e6a423a2ce,HjW78r1uDYSCutuG9E3WUiBvVRKELWw7gRKsAopGpump,60,2026-08-28T07:51:51.022871+00:00,AVAILABLE,1569,-649,36
fp1sig-7abaa533c81959e6a423a2ce,HjW78r1uDYSCutuG9E3WUiBvVRKELWw7gRKsAopGpump,90,2026-08-28T07:52:21.022871+00:00,AVAILABLE,1569,-649,50
fp1sig-7abaa533c81959e6a423a2ce,HjW78r1uDYSCutuG9E3WUiBvVRKELWw7gRKsAopGpump,120,2026-08-28T07:52:51.022871+00:00,AVAILABLE,3279,-649,68
fp1sig-7abaa533c81959e6a423a2ce,HjW78r1uDYSCutuG9E3WUiBvVRKELWw7gRKsAopGpump,180,2026-08-28T07:53:51.022871+00:00,AVAILABLE,7413,-649,94
fp1sig-7abaa533c81959e6a423a2ce,HjW78r1uDYSCutuG9E3WUiBvVRKELWw7gRKsAopGpump,300,2026-08-28T07:55:51.022871+00:00,AVAILABLE,8947,-649,163
fp1sig-7b05dcae8adb706022a3168e,54hLM6tyAY8FSBeU2CL3Kz37dYWPn9GQ8enncKeHpump,5,2026-08-27T13:06:59.757496+00:00,AVAILABLE,144,52,3
fp1sig-7b05dcae8adb706022a3168e,54hLM6tyAY8FSBeU2CL3Kz37dYWPn9GQ8enncKeHpump,10,2026-08-27T13:07:04.757496+00:00,AVAILABLE,217,52,5
fp1sig-7b05dcae8adb706022a3168e,54hLM6tyAY8FSBeU2CL3Kz37dYWPn9GQ8enncKeHpump,15,2026-08-27T13:07:09.757496+00:00,AVAILABLE,233,52,6
fp1sig-7b05dcae8adb706022a3168e,54hLM6tyAY8FSBeU2CL3Kz37dYWPn9GQ8enncKeHpump,20,2026-08-27T13:07:14.757496+00:00,AVAILABLE,270,52,7
fp1sig-7b05dcae8adb706022a3168e,54hLM6tyAY8FSBeU2CL3Kz37dYWPn9GQ8enncKeHpump,30,2026-08-27T13:07:24.757496+00:00,AVAILABLE,307,52,8
fp1sig-7b05dcae8adb706022a3168e,54hLM6tyAY8FSBeU2CL3Kz37dYWPn9GQ8enncKeHpump,45,2026-08-27T13:07:39.757496+00:00,AVAILABLE,394,52,14
fp1sig-7b05dcae8adb706022a3168e,54hLM6tyAY8FSBeU2CL3Kz37dYWPn9GQ8enncKeHpump,60,2026-08-27T13:07:54.757496+00:00,AVAILABLE,419,52,16
fp1sig-7b05dcae8adb706022a3168e,54hLM6tyAY8FSBeU2CL3Kz37dYWPn9GQ8enncKeHpump,90,2026-08-27T13:08:24.757496+00:00,AVAILABLE,739,52,24
fp1sig-7b05dcae8adb706022a3168e,54hLM6tyAY8FSBeU2CL3Kz37dYWPn9GQ8enncKeHpump,120,2026-08-27T13:08:54.757496+00:00,AVAILABLE,904,52,32
fp1sig-7b05dcae8adb706022a3168e,54hLM6tyAY8FSBeU2CL3Kz37dYWPn9GQ8enncKeHpump,180,2026-08-27T13:09:54.757496+00:00,AVAILABLE,1598,-4341,159
fp1sig-7b05dcae8adb706022a3168e,54hLM6tyAY8FSBeU2CL3Kz37dYWPn9GQ8enncKeHpump,300,2026-08-27T13:11:54.757496+00:00,AVAILABLE,1598,-4341,163
fp1sig-7b4d268d71c461369b0ff3c9,8LhTc3wvbgMGtJGdjJdZZS2g1xEcBuJA9KG7zGT7pump,5,2026-08-28T01:09:48.832558+00:00,AVAILABLE,-928,-928,1
fp1sig-7b4d268d71c461369b0ff3c9,8LhTc3wvbgMGtJGdjJdZZS2g1xEcBuJA9KG7zGT7pump,10,2026-08-28T01:09:53.832558+00:00,AVAILABLE,6929,-1536,11
fp1sig-7b4d268d71c461369b0ff3c9,8LhTc3wvbgMGtJGdjJdZZS2g1xEcBuJA9KG7zGT7pump,15,2026-08-28T01:09:58.832558+00:00,AVAILABLE,9713,-1536,19
fp1sig-7b4d268d71c461369b0ff3c9,8LhTc3wvbgMGtJGdjJdZZS2g1xEcBuJA9KG7zGT7pump,20,2026-08-28T01:10:03.832558+00:00,AVAILABLE,10184,-1536,27
fp1sig-7b4d268d71c461369b0ff3c9,8LhTc3wvbgMGtJGdjJdZZS2g1xEcBuJA9KG7zGT7pump,30,2026-08-28T01:10:13.832558+00:00,AVAILABLE,12681,-1536,38
fp1sig-7b4d268d71c461369b0ff3c9,8LhTc3wvbgMGtJGdjJdZZS2g1xEcBuJA9KG7zGT7pump,45,2026-08-28T01:10:28.832558+00:00,AVAILABLE,15888,-1536,65
fp1sig-7b4d268d71c461369b0ff3c9,8LhTc3wvbgMGtJGdjJdZZS2g1xEcBuJA9KG7zGT7pump,60,2026-08-28T01:10:43.832558+00:00,AVAILABLE,16392,-1536,96
fp1sig-7b4d268d71c461369b0ff3c9,8LhTc3wvbgMGtJGdjJdZZS2g1xEcBuJA9KG7zGT7pump,90,2026-08-28T01:11:13.832558+00:00,AVAILABLE,21371,-1536,118
fp1sig-7b4d268d71c461369b0ff3c9,8LhTc3wvbgMGtJGdjJdZZS2g1xEcBuJA9KG7zGT7pump,120,2026-08-28T01:11:43.832558+00:00,AVAILABLE,24068,-1536,152
fp1sig-7b4d268d71c461369b0ff3c9,8LhTc3wvbgMGtJGdjJdZZS2g1xEcBuJA9KG7zGT7pump,180,2026-08-28T01:12:43.832558+00:00,AVAILABLE,24068,-1536,234
fp1sig-7b4d268d71c461369b0ff3c9,8LhTc3wvbgMGtJGdjJdZZS2g1xEcBuJA9KG7zGT7pump,300,2026-08-28T01:14:43.832558+00:00,AVAILABLE,24068,-1536,305
fp1sig-7b5928eb964cf637fe8367e7,Ctt3GWPEbpP9h1NoRDKXjxvYi47Q1vxKpkzM7iGVpump,5,2026-08-28T12:05:26.991440+00:00,MISSING,,,0
fp1sig-7b5928eb964cf637fe8367e7,Ctt3GWPEbpP9h1NoRDKXjxvYi47Q1vxKpkzM7iGVpump,10,2026-08-28T12:05:31.991440+00:00,AVAILABLE,179,-873,3
fp1sig-7b5928eb964cf637fe8367e7,Ctt3GWPEbpP9h1NoRDKXjxvYi47Q1vxKpkzM7iGVpump,15,2026-08-28T12:05:36.991440+00:00,AVAILABLE,521,-1007,7
fp1sig-7b5928eb964cf637fe8367e7,Ctt3GWPEbpP9h1NoRDKXjxvYi47Q1vxKpkzM7iGVpump,20,2026-08-28T12:05:41.991440+00:00,AVAILABLE,846,-1007,9
fp1sig-7b5928eb964cf637fe8367e7,Ctt3GWPEbpP9h1NoRDKXjxvYi47Q1vxKpkzM7iGVpump,30,2026-08-28T12:05:51.991440+00:00,AVAILABLE,846,-1007,9
fp1sig-7b5928eb964cf637fe8367e7,Ctt3GWPEbpP9h1NoRDKXjxvYi47Q1vxKpkzM7iGVpump,45,2026-08-28T12:06:06.991440+00:00,AVAILABLE,3699,-1007,16
fp1sig-7b5928eb964cf637fe8367e7,Ctt3GWPEbpP9h1NoRDKXjxvYi47Q1vxKpkzM7iGVpump,60,2026-08-28T12:06:21.991440+00:00,AVAILABLE,3699,-1007,17
fp1sig-7b5928eb964cf637fe8367e7,Ctt3GWPEbpP9h1NoRDKXjxvYi47Q1vxKpkzM7iGVpump,90,2026-08-28T12:06:51.991440+00:00,AVAILABLE,6107,-1007,25
fp1sig-7b5928eb964cf637fe8367e7,Ctt3GWPEbpP9h1NoRDKXjxvYi47Q1vxKpkzM7iGVpump,120,2026-08-28T12:07:21.991440+00:00,AVAILABLE,6107,-1007,32
fp1sig-7b5928eb964cf637fe8367e7,Ctt3GWPEbpP9h1NoRDKXjxvYi47Q1vxKpkzM7iGVpump,180,2026-08-28T12:08:21.991440+00:00,AVAILABLE,6888,-1007,46
fp1sig-7b5928eb964cf637fe8367e7,Ctt3GWPEbpP9h1NoRDKXjxvYi47Q1vxKpkzM7iGVpump,300,2026-08-28T12:10:21.991440+00:00,AVAILABLE,16926,-1007,92
fp1sig-7c2db773dc7782c88a2f8c08,7yqwb7ztvMKJDAVSjiGmbrK3kpx3ZcdaqtqFg6m2pump,5,2026-08-27T19:01:04.309504+00:00,AVAILABLE,254,-702,5
fp1sig-7c2db773dc7782c88a2f8c08,7yqwb7ztvMKJDAVSjiGmbrK3kpx3ZcdaqtqFg6m2pump,10,2026-08-27T19:01:09.309504+00:00,AVAILABLE,254,-702,5
fp1sig-7c2db773dc7782c88a2f8c08,7yqwb7ztvMKJDAVSjiGmbrK3kpx3ZcdaqtqFg6m2pump,15,2026-08-27T19:01:14.309504+00:00,AVAILABLE,401,-702,9
fp1sig-7c2db773dc7782c88a2f8c08,7yqwb7ztvMKJDAVSjiGmbrK3kpx3ZcdaqtqFg6m2pump,20,2026-08-27T19:01:19.309504+00:00,AVAILABLE,470,-702,10
fp1sig-7c2db773dc7782c88a2f8c08,7yqwb7ztvMKJDAVSjiGmbrK3kpx3ZcdaqtqFg6m2pump,30,2026-08-27T19:01:29.309504+00:00,AVAILABLE,470,-702,11
fp1sig-7c2db773dc7782c88a2f8c08,7yqwb7ztvMKJDAVSjiGmbrK3kpx3ZcdaqtqFg6m2pump,45,2026-08-27T19:01:44.309504+00:00,AVAILABLE,470,-2396,22
fp1sig-7c2db773dc7782c88a2f8c08,7yqwb7ztvMKJDAVSjiGmbrK3kpx3ZcdaqtqFg6m2pump,60,2026-08-27T19:01:59.309504+00:00,AVAILABLE,470,-2401,28
fp1sig-7c2db773dc7782c88a2f8c08,7yqwb7ztvMKJDAVSjiGmbrK3kpx3ZcdaqtqFg6m2pump,90,2026-08-27T19:02:29.309504+00:00,AVAILABLE,470,-2401,47
fp1sig-7c2db773dc7782c88a2f8c08,7yqwb7ztvMKJDAVSjiGmbrK3kpx3ZcdaqtqFg6m2pump,120,2026-08-27T19:02:59.309504+00:00,AVAILABLE,470,-2403,57
fp1sig-7c2db773dc7782c88a2f8c08,7yqwb7ztvMKJDAVSjiGmbrK3kpx3ZcdaqtqFg6m2pump,180,2026-08-27T19:03:59.309504+00:00,AVAILABLE,470,-5554,100
fp1sig-7c2db773dc7782c88a2f8c08,7yqwb7ztvMKJDAVSjiGmbrK3kpx3ZcdaqtqFg6m2pump,300,2026-08-27T19:05:59.309504+00:00,AVAILABLE,470,-6291,123
fp1sig-7cc8debc37efd190034f23ef,7J1YWS62H63dz2UGtYKv3pbHevRxHtVeRaUN8nVjWC5J,5,2026-08-28T00:29:53.143607+00:00,AVAILABLE,982,511,5
fp1sig-7cc8debc37efd190034f23ef,7J1YWS62H63dz2UGtYKv3pbHevRxHtVeRaUN8nVjWC5J,10,2026-08-28T00:29:58.143607+00:00,AVAILABLE,982,511,5
fp1sig-7cc8debc37efd190034f23ef,7J1YWS62H63dz2UGtYKv3pbHevRxHtVeRaUN8nVjWC5J,15,2026-08-28T00:30:03.143607+00:00,AVAILABLE,995,511,6
fp1sig-7cc8debc37efd190034f23ef,7J1YWS62H63dz2UGtYKv3pbHevRxHtVeRaUN8nVjWC5J,20,2026-08-28T00:30:08.143607+00:00,AVAILABLE,995,511,7
fp1sig-7cc8debc37efd190034f23ef,7J1YWS62H63dz2UGtYKv3pbHevRxHtVeRaUN8nVjWC5J,30,2026-08-28T00:30:18.143607+00:00,AVAILABLE,995,360,10
fp1sig-7cc8debc37efd190034f23ef,7J1YWS62H63dz2UGtYKv3pbHevRxHtVeRaUN8nVjWC5J,45,2026-08-28T00:30:33.143607+00:00,AVAILABLE,995,360,12
fp1sig-7cc8debc37efd190034f23ef,7J1YWS62H63dz2UGtYKv3pbHevRxHtVeRaUN8nVjWC5J,60,2026-08-28T00:30:48.143607+00:00,AVAILABLE,995,-713,15
fp1sig-7cc8debc37efd190034f23ef,7J1YWS62H63dz2UGtYKv3pbHevRxHtVeRaUN8nVjWC5J,90,2026-08-28T00:31:18.143607+00:00,AVAILABLE,2269,-1854,24
fp1sig-7cc8debc37efd190034f23ef,7J1YWS62H63dz2UGtYKv3pbHevRxHtVeRaUN8nVjWC5J,120,2026-08-28T00:31:48.143607+00:00,AVAILABLE,3805,-1854,46
fp1sig-7cc8debc37efd190034f23ef,7J1YWS62H63dz2UGtYKv3pbHevRxHtVeRaUN8nVjWC5J,180,2026-08-28T00:32:48.143607+00:00,AVAILABLE,7561,-1854,85
fp1sig-7cc8debc37efd190034f23ef,7J1YWS62H63dz2UGtYKv3pbHevRxHtVeRaUN8nVjWC5J,300,2026-08-28T00:34:48.143607+00:00,AVAILABLE,15803,-1854,295
fp1sig-7d6e5954469d4704453bdf9c,8UhU7Vk4BR7Sf1ZWyAw1U9qswR2pxjd1UDrhNy9upump,5,2026-08-27T17:10:22.610431+00:00,MISSING,,,0
fp1sig-7d6e5954469d4704453bdf9c,8UhU7Vk4BR7Sf1ZWyAw1U9qswR2pxjd1UDrhNy9upump,10,2026-08-27T17:10:27.610431+00:00,AVAILABLE,778,778,1
fp1sig-7d6e5954469d4704453bdf9c,8UhU7Vk4BR7Sf1ZWyAw1U9qswR2pxjd1UDrhNy9upump,15,2026-08-27T17:10:32.610431+00:00,AVAILABLE,831,778,2
fp1sig-7d6e5954469d4704453bdf9c,8UhU7Vk4BR7Sf1ZWyAw1U9qswR2pxjd1UDrhNy9upump,20,2026-08-27T17:10:37.610431+00:00,AVAILABLE,831,93,3
fp1sig-7d6e5954469d4704453bdf9c,8UhU7Vk4BR7Sf1ZWyAw1U9qswR2pxjd1UDrhNy9upump,30,2026-08-27T17:10:47.610431+00:00,AVAILABLE,831,-162,4
fp1sig-7d6e5954469d4704453bdf9c,8UhU7Vk4BR7Sf1ZWyAw1U9qswR2pxjd1UDrhNy9upump,45,2026-08-27T17:11:02.610431+00:00,AVAILABLE,831,-1100,5
fp1sig-7d6e5954469d4704453bdf9c,8UhU7Vk4BR7Sf1ZWyAw1U9qswR2pxjd1UDrhNy9upump,60,2026-08-27T17:11:17.610431+00:00,AVAILABLE,831,-1101,6
fp1sig-7d6e5954469d4704453bdf9c,8UhU7Vk4BR7Sf1ZWyAw1U9qswR2pxjd1UDrhNy9upump,90,2026-08-27T17:11:47.610431+00:00,AVAILABLE,831,-1910,7
fp1sig-7d6e5954469d4704453bdf9c,8UhU7Vk4BR7Sf1ZWyAw1U9qswR2pxjd1UDrhNy9upump,120,2026-08-27T17:12:17.610431+00:00,AVAILABLE,831,-1910,7
fp1sig-7d6e5954469d4704453bdf9c,8UhU7Vk4BR7Sf1ZWyAw1U9qswR2pxjd1UDrhNy9upump,180,2026-08-27T17:13:17.610431+00:00,AVAILABLE,831,-1910,10
fp1sig-7d6e5954469d4704453bdf9c,8UhU7Vk4BR7Sf1ZWyAw1U9qswR2pxjd1UDrhNy9upump,300,2026-08-27T17:15:17.610431+00:00,AVAILABLE,8944,-1910,32
fp1sig-7d91fb1d918f7c80bb1938ef,4VsmgfWTpZzJgJ5D72jfcwtQsrwBjdCG4PP5iNEUpump,5,2026-08-27T23:37:32.882177+00:00,MISSING,,,0
fp1sig-7d91fb1d918f7c80bb1938ef,4VsmgfWTpZzJgJ5D72jfcwtQsrwBjdCG4PP5iNEUpump,10,2026-08-27T23:37:37.882177+00:00,MISSING,,,0
fp1sig-7d91fb1d918f7c80bb1938ef,4VsmgfWTpZzJgJ5D72jfcwtQsrwBjdCG4PP5iNEUpump,15,2026-08-27T23:37:42.882177+00:00,MISSING,,,0
fp1sig-7d91fb1d918f7c80bb1938ef,4VsmgfWTpZzJgJ5D72jfcwtQsrwBjdCG4PP5iNEUpump,20,2026-08-27T23:37:47.882177+00:00,AVAILABLE,-363,-363,1
fp1sig-7d91fb1d918f7c80bb1938ef,4VsmgfWTpZzJgJ5D72jfcwtQsrwBjdCG4PP5iNEUpump,30,2026-08-27T23:37:57.882177+00:00,AVAILABLE,-363,-363,1
fp1sig-7d91fb1d918f7c80bb1938ef,4VsmgfWTpZzJgJ5D72jfcwtQsrwBjdCG4PP5iNEUpump,45,2026-08-27T23:38:12.882177+00:00,AVAILABLE,-363,-363,1
fp1sig-7d91fb1d918f7c80bb1938ef,4VsmgfWTpZzJgJ5D72jfcwtQsrwBjdCG4PP5iNEUpump,60,2026-08-27T23:38:27.882177+00:00,AVAILABLE,-363,-363,1
fp1sig-7d91fb1d918f7c80bb1938ef,4VsmgfWTpZzJgJ5D72jfcwtQsrwBjdCG4PP5iNEUpump,90,2026-08-27T23:38:57.882177+00:00,AVAILABLE,-363,-363,1
fp1sig-7d91fb1d918f7c80bb1938ef,4VsmgfWTpZzJgJ5D72jfcwtQsrwBjdCG4PP5iNEUpump,120,2026-08-27T23:39:27.882177+00:00,AVAILABLE,-363,-363,1
fp1sig-7d91fb1d918f7c80bb1938ef,4VsmgfWTpZzJgJ5D72jfcwtQsrwBjdCG4PP5iNEUpump,180,2026-08-27T23:40:27.882177+00:00,AVAILABLE,-363,-363,1
fp1sig-7d91fb1d918f7c80bb1938ef,4VsmgfWTpZzJgJ5D72jfcwtQsrwBjdCG4PP5iNEUpump,300,2026-08-27T23:42:27.882177+00:00,AVAILABLE,-363,-363,1
fp1sig-7dfdb24b6b3155cc4579d03b,43GUE5v7AHPQ7YJK61KgF2b9JBMZjf6PbxuKu3Mhpump,5,2026-08-28T03:04:07.501665+00:00,AVAILABLE,-35,-1876,3
fp1sig-7dfdb24b6b3155cc4579d03b,43GUE5v7AHPQ7YJK61KgF2b9JBMZjf6PbxuKu3Mhpump,10,2026-08-28T03:04:12.501665+00:00,AVAILABLE,853,-1876,4
fp1sig-7dfdb24b6b3155cc4579d03b,43GUE5v7AHPQ7YJK61KgF2b9JBMZjf6PbxuKu3Mhpump,15,2026-08-28T03:04:17.501665+00:00,AVAILABLE,853,-1876,7
fp1sig-7dfdb24b6b3155cc4579d03b,43GUE5v7AHPQ7YJK61KgF2b9JBMZjf6PbxuKu3Mhpump,20,2026-08-28T03:04:22.501665+00:00,AVAILABLE,853,-2275,9
fp1sig-7dfdb24b6b3155cc4579d03b,43GUE5v7AHPQ7YJK61KgF2b9JBMZjf6PbxuKu3Mhpump,30,2026-08-28T03:04:32.501665+00:00,AVAILABLE,853,-3833,14
fp1sig-7dfdb24b6b3155cc4579d03b,43GUE5v7AHPQ7YJK61KgF2b9JBMZjf6PbxuKu3Mhpump,45,2026-08-28T03:04:47.501665+00:00,AVAILABLE,853,-4416,20
fp1sig-7dfdb24b6b3155cc4579d03b,43GUE5v7AHPQ7YJK61KgF2b9JBMZjf6PbxuKu3Mhpump,60,2026-08-28T03:05:02.501665+00:00,AVAILABLE,1325,-4416,23
fp1sig-7dfdb24b6b3155cc4579d03b,43GUE5v7AHPQ7YJK61KgF2b9JBMZjf6PbxuKu3Mhpump,90,2026-08-28T03:05:32.501665+00:00,AVAILABLE,5377,-4416,29
fp1sig-7dfdb24b6b3155cc4579d03b,43GUE5v7AHPQ7YJK61KgF2b9JBMZjf6PbxuKu3Mhpump,120,2026-08-28T03:06:02.501665+00:00,AVAILABLE,5377,-4775,37
fp1sig-7dfdb24b6b3155cc4579d03b,43GUE5v7AHPQ7YJK61KgF2b9JBMZjf6PbxuKu3Mhpump,180,2026-08-28T03:07:02.501665+00:00,AVAILABLE,5377,-6156,58
fp1sig-7dfdb24b6b3155cc4579d03b,43GUE5v7AHPQ7YJK61KgF2b9JBMZjf6PbxuKu3Mhpump,300,2026-08-28T03:09:02.501665+00:00,AVAILABLE,5377,-7932,68
fp1sig-7dff0ec32d2ff85506093e7a,VgTwV3Rww2LvyKRttdvB8HjZXE46dzTEFRrXdvApump,5,2026-08-28T02:59:01.041051+00:00,AVAILABLE,2175,-721,15
fp1sig-7dff0ec32d2ff85506093e7a,VgTwV3Rww2LvyKRttdvB8HjZXE46dzTEFRrXdvApump,10,2026-08-28T02:59:06.041051+00:00,AVAILABLE,2175,-1263,20
fp1sig-7dff0ec32d2ff85506093e7a,VgTwV3Rww2LvyKRttdvB8HjZXE46dzTEFRrXdvApump,15,2026-08-28T02:59:11.041051+00:00,AVAILABLE,2175,-1555,24
fp1sig-7dff0ec32d2ff85506093e7a,VgTwV3Rww2LvyKRttdvB8HjZXE46dzTEFRrXdvApump,20,2026-08-28T02:59:16.041051+00:00,AVAILABLE,2175,-1737,27
fp1sig-7dff0ec32d2ff85506093e7a,VgTwV3Rww2LvyKRttdvB8HjZXE46dzTEFRrXdvApump,30,2026-08-28T02:59:26.041051+00:00,AVAILABLE,2175,-1737,32
fp1sig-7dff0ec32d2ff85506093e7a,VgTwV3Rww2LvyKRttdvB8HjZXE46dzTEFRrXdvApump,45,2026-08-28T02:59:41.041051+00:00,AVAILABLE,2175,-1737,39
fp1sig-7dff0ec32d2ff85506093e7a,VgTwV3Rww2LvyKRttdvB8HjZXE46dzTEFRrXdvApump,60,2026-08-28T02:59:56.041051+00:00,AVAILABLE,2175,-4172,65
fp1sig-7dff0ec32d2ff85506093e7a,VgTwV3Rww2LvyKRttdvB8HjZXE46dzTEFRrXdvApump,90,2026-08-28T03:00:26.041051+00:00,AVAILABLE,2175,-4369,74
fp1sig-7dff0ec32d2ff85506093e7a,VgTwV3Rww2LvyKRttdvB8HjZXE46dzTEFRrXdvApump,120,2026-08-28T03:00:56.041051+00:00,AVAILABLE,2175,-4369,80
fp1sig-7dff0ec32d2ff85506093e7a,VgTwV3Rww2LvyKRttdvB8HjZXE46dzTEFRrXdvApump,180,2026-08-28T03:01:56.041051+00:00,AVAILABLE,2175,-4369,81
fp1sig-7dff0ec32d2ff85506093e7a,VgTwV3Rww2LvyKRttdvB8HjZXE46dzTEFRrXdvApump,300,2026-08-28T03:03:56.041051+00:00,AVAILABLE,2175,-4466,87
fp1sig-7e1126c9ba7c1285adb38d05,ChGazZGFDvcxJU7Eai9uaDkkY9SZ1sd6qAhDDJajpump,5,2026-08-28T05:40:50.800329+00:00,AVAILABLE,453,181,9
fp1sig-7e1126c9ba7c1285adb38d05,ChGazZGFDvcxJU7Eai9uaDkkY9SZ1sd6qAhDDJajpump,10,2026-08-28T05:40:55.800329+00:00,AVAILABLE,453,-106,14
fp1sig-7e1126c9ba7c1285adb38d05,ChGazZGFDvcxJU7Eai9uaDkkY9SZ1sd6qAhDDJajpump,15,2026-08-28T05:41:00.800329+00:00,AVAILABLE,453,-192,26
fp1sig-7e1126c9ba7c1285adb38d05,ChGazZGFDvcxJU7Eai9uaDkkY9SZ1sd6qAhDDJajpump,20,2026-08-28T05:41:05.800329+00:00,AVAILABLE,583,-192,29
fp1sig-7e1126c9ba7c1285adb38d05,ChGazZGFDvcxJU7Eai9uaDkkY9SZ1sd6qAhDDJajpump,30,2026-08-28T05:41:15.800329+00:00,AVAILABLE,629,-192,34
fp1sig-7e1126c9ba7c1285adb38d05,ChGazZGFDvcxJU7Eai9uaDkkY9SZ1sd6qAhDDJajpump,45,2026-08-28T05:41:30.800329+00:00,AVAILABLE,917,-192,43
fp1sig-7e1126c9ba7c1285adb38d05,ChGazZGFDvcxJU7Eai9uaDkkY9SZ1sd6qAhDDJajpump,60,2026-08-28T05:41:45.800329+00:00,AVAILABLE,917,-2193,59
fp1sig-7e1126c9ba7c1285adb38d05,ChGazZGFDvcxJU7Eai9uaDkkY9SZ1sd6qAhDDJajpump,90,2026-08-28T05:42:15.800329+00:00,AVAILABLE,917,-4173,73
fp1sig-7e1126c9ba7c1285adb38d05,ChGazZGFDvcxJU7Eai9uaDkkY9SZ1sd6qAhDDJajpump,120,2026-08-28T05:42:45.800329+00:00,AVAILABLE,917,-4395,92
fp1sig-7e1126c9ba7c1285adb38d05,ChGazZGFDvcxJU7Eai9uaDkkY9SZ1sd6qAhDDJajpump,180,2026-08-28T05:43:45.800329+00:00,AVAILABLE,917,-4395,120
fp1sig-7e1126c9ba7c1285adb38d05,ChGazZGFDvcxJU7Eai9uaDkkY9SZ1sd6qAhDDJajpump,300,2026-08-28T05:45:45.800329+00:00,AVAILABLE,917,-4395,139
fp1sig-7e5e659a6f7d256107970a31,J6a4JvP9YCWBTYoQRBYjdwJhrd3m3qchZZLAstHnpump,5,2026-08-27T14:17:35.730306+00:00,AVAILABLE,611,506,2
fp1sig-7e5e659a6f7d256107970a31,J6a4JvP9YCWBTYoQRBYjdwJhrd3m3qchZZLAstHnpump,10,2026-08-27T14:17:40.730306+00:00,AVAILABLE,611,506,2
fp1sig-7e5e659a6f7d256107970a31,J6a4JvP9YCWBTYoQRBYjdwJhrd3m3qchZZLAstHnpump,15,2026-08-27T14:17:45.730306+00:00,AVAILABLE,611,506,2
fp1sig-7e5e659a6f7d256107970a31,J6a4JvP9YCWBTYoQRBYjdwJhrd3m3qchZZLAstHnpump,20,2026-08-27T14:17:50.730306+00:00,AVAILABLE,611,506,2
fp1sig-7e5e659a6f7d256107970a31,J6a4JvP9YCWBTYoQRBYjdwJhrd3m3qchZZLAstHnpump,30,2026-08-27T14:18:00.730306+00:00,AVAILABLE,611,506,2
fp1sig-7e5e659a6f7d256107970a31,J6a4JvP9YCWBTYoQRBYjdwJhrd3m3qchZZLAstHnpump,45,2026-08-27T14:18:15.730306+00:00,AVAILABLE,611,-868,4
fp1sig-7e5e659a6f7d256107970a31,J6a4JvP9YCWBTYoQRBYjdwJhrd3m3qchZZLAstHnpump,60,2026-08-27T14:18:30.730306+00:00,AVAILABLE,1610,-868,10
fp1sig-7e5e659a6f7d256107970a31,J6a4JvP9YCWBTYoQRBYjdwJhrd3m3qchZZLAstHnpump,90,2026-08-27T14:19:00.730306+00:00,AVAILABLE,1610,-1880,13
fp1sig-7e5e659a6f7d256107970a31,J6a4JvP9YCWBTYoQRBYjdwJhrd3m3qchZZLAstHnpump,120,2026-08-27T14:19:30.730306+00:00,AVAILABLE,1610,-1880,13
fp1sig-7e5e659a6f7d256107970a31,J6a4JvP9YCWBTYoQRBYjdwJhrd3m3qchZZLAstHnpump,180,2026-08-27T14:20:30.730306+00:00,AVAILABLE,1610,-1880,13
fp1sig-7e5e659a6f7d256107970a31,J6a4JvP9YCWBTYoQRBYjdwJhrd3m3qchZZLAstHnpump,300,2026-08-27T14:22:30.730306+00:00,AVAILABLE,1610,-1880,13
fp1sig-7e693a8be5faeddd0bbe4a00,61LtM26DGBvWYUNxY8T46kAVHU71sSMEYYzp1jDppump,5,2026-08-27T21:14:54.920289+00:00,AVAILABLE,-740,-740,1
fp1sig-7e693a8be5faeddd0bbe4a00,61LtM26DGBvWYUNxY8T46kAVHU71sSMEYYzp1jDppump,10,2026-08-27T21:14:59.920289+00:00,AVAILABLE,-740,-742,2
fp1sig-7e693a8be5faeddd0bbe4a00,61LtM26DGBvWYUNxY8T46kAVHU71sSMEYYzp1jDppump,15,2026-08-27T21:15:04.920289+00:00,AVAILABLE,-740,-742,2
fp1sig-7e693a8be5faeddd0bbe4a00,61LtM26DGBvWYUNxY8T46kAVHU71sSMEYYzp1jDppump,20,2026-08-27T21:15:09.920289+00:00,AVAILABLE,-740,-742,2
fp1sig-7e693a8be5faeddd0bbe4a00,61LtM26DGBvWYUNxY8T46kAVHU71sSMEYYzp1jDppump,30,2026-08-27T21:15:19.920289+00:00,AVAILABLE,-740,-742,2
fp1sig-7e693a8be5faeddd0bbe4a00,61LtM26DGBvWYUNxY8T46kAVHU71sSMEYYzp1jDppump,45,2026-08-27T21:15:34.920289+00:00,AVAILABLE,-740,-742,2
fp1sig-7e693a8be5faeddd0bbe4a00,61LtM26DGBvWYUNxY8T46kAVHU71sSMEYYzp1jDppump,60,2026-08-27T21:15:49.920289+00:00,AVAILABLE,-740,-742,2
fp1sig-7e693a8be5faeddd0bbe4a00,61LtM26DGBvWYUNxY8T46kAVHU71sSMEYYzp1jDppump,90,2026-08-27T21:16:19.920289+00:00,AVAILABLE,-740,-742,2
fp1sig-7e693a8be5faeddd0bbe4a00,61LtM26DGBvWYUNxY8T46kAVHU71sSMEYYzp1jDppump,120,2026-08-27T21:16:49.920289+00:00,AVAILABLE,-740,-742,2
fp1sig-7e693a8be5faeddd0bbe4a00,61LtM26DGBvWYUNxY8T46kAVHU71sSMEYYzp1jDppump,180,2026-08-27T21:17:49.920289+00:00,AVAILABLE,-740,-742,2
fp1sig-7e693a8be5faeddd0bbe4a00,61LtM26DGBvWYUNxY8T46kAVHU71sSMEYYzp1jDppump,300,2026-08-27T21:19:49.920289+00:00,AVAILABLE,-740,-742,6
fp1sig-7e9215ed3c686e365f20dff4,CEUZonqQbBnBTBQRURjoMGH17P3VpNhNaozZ7jPMpump,5,2026-08-28T06:01:52.218714+00:00,AVAILABLE,1909,1894,2
fp1sig-7e9215ed3c686e365f20dff4,CEUZonqQbBnBTBQRURjoMGH17P3VpNhNaozZ7jPMpump,10,2026-08-28T06:01:57.218714+00:00,AVAILABLE,1909,-2807,3
fp1sig-7e9215ed3c686e365f20dff4,CEUZonqQbBnBTBQRURjoMGH17P3VpNhNaozZ7jPMpump,15,2026-08-28T06:02:02.218714+00:00,AVAILABLE,1909,-4906,8
fp1sig-7e9215ed3c686e365f20dff4,CEUZonqQbBnBTBQRURjoMGH17P3VpNhNaozZ7jPMpump,20,2026-08-28T06:02:07.218714+00:00,AVAILABLE,1909,-5572,9
fp1sig-7e9215ed3c686e365f20dff4,CEUZonqQbBnBTBQRURjoMGH17P3VpNhNaozZ7jPMpump,30,2026-08-28T06:02:17.218714+00:00,AVAILABLE,1909,-5572,13
fp1sig-7e9215ed3c686e365f20dff4,CEUZonqQbBnBTBQRURjoMGH17P3VpNhNaozZ7jPMpump,45,2026-08-28T06:02:32.218714+00:00,AVAILABLE,1909,-6512,16
fp1sig-7e9215ed3c686e365f20dff4,CEUZonqQbBnBTBQRURjoMGH17P3VpNhNaozZ7jPMpump,60,2026-08-28T06:02:47.218714+00:00,AVAILABLE,1909,-7426,19
fp1sig-7e9215ed3c686e365f20dff4,CEUZonqQbBnBTBQRURjoMGH17P3VpNhNaozZ7jPMpump,90,2026-08-28T06:03:17.218714+00:00,AVAILABLE,1909,-8935,32
fp1sig-7e9215ed3c686e365f20dff4,CEUZonqQbBnBTBQRURjoMGH17P3VpNhNaozZ7jPMpump,120,2026-08-28T06:03:47.218714+00:00,AVAILABLE,1909,-8935,37
fp1sig-7e9215ed3c686e365f20dff4,CEUZonqQbBnBTBQRURjoMGH17P3VpNhNaozZ7jPMpump,180,2026-08-28T06:04:47.218714+00:00,AVAILABLE,1909,-9023,50
fp1sig-7e9215ed3c686e365f20dff4,CEUZonqQbBnBTBQRURjoMGH17P3VpNhNaozZ7jPMpump,300,2026-08-28T06:06:47.218714+00:00,AVAILABLE,1909,-9023,62
fp1sig-7ec64aa1eaaff816711d1fcb,EhmivDHYcb3uWw9WNsVjQj8eh2AttZmrvYqHyJ1dpump,5,2026-08-28T09:06:40.228045+00:00,MISSING,,,0
fp1sig-7ec64aa1eaaff816711d1fcb,EhmivDHYcb3uWw9WNsVjQj8eh2AttZmrvYqHyJ1dpump,10,2026-08-28T09:06:45.228045+00:00,MISSING,,,0
fp1sig-7ec64aa1eaaff816711d1fcb,EhmivDHYcb3uWw9WNsVjQj8eh2AttZmrvYqHyJ1dpump,15,2026-08-28T09:06:50.228045+00:00,MISSING,,,0
fp1sig-7ec64aa1eaaff816711d1fcb,EhmivDHYcb3uWw9WNsVjQj8eh2AttZmrvYqHyJ1dpump,20,2026-08-28T09:06:55.228045+00:00,MISSING,,,0
fp1sig-7ec64aa1eaaff816711d1fcb,EhmivDHYcb3uWw9WNsVjQj8eh2AttZmrvYqHyJ1dpump,30,2026-08-28T09:07:05.228045+00:00,AVAILABLE,-1138,-3487,2
fp1sig-7ec64aa1eaaff816711d1fcb,EhmivDHYcb3uWw9WNsVjQj8eh2AttZmrvYqHyJ1dpump,45,2026-08-28T09:07:20.228045+00:00,AVAILABLE,-499,-3487,5
fp1sig-7ec64aa1eaaff816711d1fcb,EhmivDHYcb3uWw9WNsVjQj8eh2AttZmrvYqHyJ1dpump,60,2026-08-28T09:07:35.228045+00:00,AVAILABLE,-499,-3746,6
fp1sig-7ec64aa1eaaff816711d1fcb,EhmivDHYcb3uWw9WNsVjQj8eh2AttZmrvYqHyJ1dpump,90,2026-08-28T09:08:05.228045+00:00,AVAILABLE,-499,-4132,7
fp1sig-7ec64aa1eaaff816711d1fcb,EhmivDHYcb3uWw9WNsVjQj8eh2AttZmrvYqHyJ1dpump,120,2026-08-28T09:08:35.228045+00:00,AVAILABLE,-499,-4132,7
fp1sig-7ec64aa1eaaff816711d1fcb,EhmivDHYcb3uWw9WNsVjQj8eh2AttZmrvYqHyJ1dpump,180,2026-08-28T09:09:35.228045+00:00,AVAILABLE,-499,-4132,7
fp1sig-7ec64aa1eaaff816711d1fcb,EhmivDHYcb3uWw9WNsVjQj8eh2AttZmrvYqHyJ1dpump,300,2026-08-28T09:11:35.228045+00:00,AVAILABLE,-499,-4434,8
fp1sig-7ecc0834c012ed61caa774fe,4phtMtfReVg5ujGsrutxPbKgxdyUrRbYHctuS8WYpump,5,2026-08-27T22:52:41.046142+00:00,AVAILABLE,296,-827,4
fp1sig-7ecc0834c012ed61caa774fe,4phtMtfReVg5ujGsrutxPbKgxdyUrRbYHctuS8WYpump,10,2026-08-27T22:52:46.046142+00:00,AVAILABLE,296,-827,4
fp1sig-7ecc0834c012ed61caa774fe,4phtMtfReVg5ujGsrutxPbKgxdyUrRbYHctuS8WYpump,15,2026-08-27T22:52:51.046142+00:00,AVAILABLE,296,-827,7
fp1sig-7ecc0834c012ed61caa774fe,4phtMtfReVg5ujGsrutxPbKgxdyUrRbYHctuS8WYpump,20,2026-08-27T22:52:56.046142+00:00,AVAILABLE,296,-827,7
fp1sig-7ecc0834c012ed61caa774fe,4phtMtfReVg5ujGsrutxPbKgxdyUrRbYHctuS8WYpump,30,2026-08-27T22:53:06.046142+00:00,AVAILABLE,296,-827,11
fp1sig-7ecc0834c012ed61caa774fe,4phtMtfReVg5ujGsrutxPbKgxdyUrRbYHctuS8WYpump,45,2026-08-27T22:53:21.046142+00:00,AVAILABLE,296,-827,16
fp1sig-7ecc0834c012ed61caa774fe,4phtMtfReVg5ujGsrutxPbKgxdyUrRbYHctuS8WYpump,60,2026-08-27T22:53:36.046142+00:00,AVAILABLE,681,-935,26
fp1sig-7ecc0834c012ed61caa774fe,4phtMtfReVg5ujGsrutxPbKgxdyUrRbYHctuS8WYpump,90,2026-08-27T22:54:06.046142+00:00,AVAILABLE,681,-935,32
fp1sig-7ecc0834c012ed61caa774fe,4phtMtfReVg5ujGsrutxPbKgxdyUrRbYHctuS8WYpump,120,2026-08-27T22:54:36.046142+00:00,AVAILABLE,681,-1526,45
fp1sig-7ecc0834c012ed61caa774fe,4phtMtfReVg5ujGsrutxPbKgxdyUrRbYHctuS8WYpump,180,2026-08-27T22:55:36.046142+00:00,AVAILABLE,681,-1526,65
fp1sig-7ecc0834c012ed61caa774fe,4phtMtfReVg5ujGsrutxPbKgxdyUrRbYHctuS8WYpump,300,2026-08-27T22:57:36.046142+00:00,AVAILABLE,2477,-1526,110
fp1sig-7fa253e82810517469cf5249,3wwsnYCQ3nLgUQPuukdcibUJY3Lh88iVJMuTmBL7pump,5,2026-08-27T18:37:35.526464+00:00,AVAILABLE,318,318,1
fp1sig-7fa253e82810517469cf5249,3wwsnYCQ3nLgUQPuukdcibUJY3Lh88iVJMuTmBL7pump,10,2026-08-27T18:37:40.526464+00:00,AVAILABLE,318,318,1
fp1sig-7fa253e82810517469cf5249,3wwsnYCQ3nLgUQPuukdcibUJY3Lh88iVJMuTmBL7pump,15,2026-08-27T18:37:45.526464+00:00,AVAILABLE,318,318,1
fp1sig-7fa253e82810517469cf5249,3wwsnYCQ3nLgUQPuukdcibUJY3Lh88iVJMuTmBL7pump,20,2026-08-27T18:37:50.526464+00:00,AVAILABLE,318,318,1
fp1sig-7fa253e82810517469cf5249,3wwsnYCQ3nLgUQPuukdcibUJY3Lh88iVJMuTmBL7pump,30,2026-08-27T18:38:00.526464+00:00,AVAILABLE,318,318,1
fp1sig-7fa253e82810517469cf5249,3wwsnYCQ3nLgUQPuukdcibUJY3Lh88iVJMuTmBL7pump,45,2026-08-27T18:38:15.526464+00:00,AVAILABLE,318,99,3
fp1sig-7fa253e82810517469cf5249,3wwsnYCQ3nLgUQPuukdcibUJY3Lh88iVJMuTmBL7pump,60,2026-08-27T18:38:30.526464+00:00,AVAILABLE,318,99,3
fp1sig-7fa253e82810517469cf5249,3wwsnYCQ3nLgUQPuukdcibUJY3Lh88iVJMuTmBL7pump,90,2026-08-27T18:39:00.526464+00:00,AVAILABLE,341,49,6
fp1sig-7fa253e82810517469cf5249,3wwsnYCQ3nLgUQPuukdcibUJY3Lh88iVJMuTmBL7pump,120,2026-08-27T18:39:30.526464+00:00,AVAILABLE,341,49,6
fp1sig-7fa253e82810517469cf5249,3wwsnYCQ3nLgUQPuukdcibUJY3Lh88iVJMuTmBL7pump,180,2026-08-27T18:40:30.526464+00:00,AVAILABLE,341,-417,9
fp1sig-7fa253e82810517469cf5249,3wwsnYCQ3nLgUQPuukdcibUJY3Lh88iVJMuTmBL7pump,300,2026-08-27T18:42:30.526464+00:00,AVAILABLE,341,-680,12
fp1sig-8018cc536b599b3a6257eb48,FtcgQDzVi5LmLBWPxVoaN5Tj1CH2aWKvvamdaR8pump,5,2026-08-28T08:14:13.449037+00:00,AVAILABLE,3167,2009,10
fp1sig-8018cc536b599b3a6257eb48,FtcgQDzVi5LmLBWPxVoaN5Tj1CH2aWKvvamdaR8pump,10,2026-08-28T08:14:18.449037+00:00,AVAILABLE,3167,1324,16
fp1sig-8018cc536b599b3a6257eb48,FtcgQDzVi5LmLBWPxVoaN5Tj1CH2aWKvvamdaR8pump,15,2026-08-28T08:14:23.449037+00:00,AVAILABLE,3167,1324,17
fp1sig-8018cc536b599b3a6257eb48,FtcgQDzVi5LmLBWPxVoaN5Tj1CH2aWKvvamdaR8pump,20,2026-08-28T08:14:28.449037+00:00,AVAILABLE,3167,1324,17
fp1sig-8018cc536b599b3a6257eb48,FtcgQDzVi5LmLBWPxVoaN5Tj1CH2aWKvvamdaR8pump,30,2026-08-28T08:14:38.449037+00:00,AVAILABLE,3167,1324,22
fp1sig-8018cc536b599b3a6257eb48,FtcgQDzVi5LmLBWPxVoaN5Tj1CH2aWKvvamdaR8pump,45,2026-08-28T08:14:53.449037+00:00,AVAILABLE,3167,1324,25
fp1sig-8018cc536b599b3a6257eb48,FtcgQDzVi5LmLBWPxVoaN5Tj1CH2aWKvvamdaR8pump,60,2026-08-28T08:15:08.449037+00:00,AVAILABLE,3167,1275,30
fp1sig-8018cc536b599b3a6257eb48,FtcgQDzVi5LmLBWPxVoaN5Tj1CH2aWKvvamdaR8pump,90,2026-08-28T08:15:38.449037+00:00,AVAILABLE,3167,-596,44
fp1sig-8018cc536b599b3a6257eb48,FtcgQDzVi5LmLBWPxVoaN5Tj1CH2aWKvvamdaR8pump,120,2026-08-28T08:16:08.449037+00:00,AVAILABLE,3167,-637,50
fp1sig-8018cc536b599b3a6257eb48,FtcgQDzVi5LmLBWPxVoaN5Tj1CH2aWKvvamdaR8pump,180,2026-08-28T08:17:08.449037+00:00,AVAILABLE,3167,-2879,55
fp1sig-8018cc536b599b3a6257eb48,FtcgQDzVi5LmLBWPxVoaN5Tj1CH2aWKvvamdaR8pump,300,2026-08-28T08:19:08.449037+00:00,AVAILABLE,3167,-3143,56
fp1sig-807551665a2842a210ba32dc,4tsLEun6tA4ag2kV9ewg5B4uLqe5J5cJ7D29vQGcpump,5,2026-08-28T07:21:57.877208+00:00,AVAILABLE,-3714,-7762,6
fp1sig-807551665a2842a210ba32dc,4tsLEun6tA4ag2kV9ewg5B4uLqe5J5cJ7D29vQGcpump,10,2026-08-28T07:22:02.877208+00:00,AVAILABLE,-3714,-7762,6
fp1sig-807551665a2842a210ba32dc,4tsLEun6tA4ag2kV9ewg5B4uLqe5J5cJ7D29vQGcpump,15,2026-08-28T07:22:07.877208+00:00,AVAILABLE,-3714,-7762,6
fp1sig-807551665a2842a210ba32dc,4tsLEun6tA4ag2kV9ewg5B4uLqe5J5cJ7D29vQGcpump,20,2026-08-28T07:22:12.877208+00:00,AVAILABLE,-3714,-7762,6
fp1sig-807551665a2842a210ba32dc,4tsLEun6tA4ag2kV9ewg5B4uLqe5J5cJ7D29vQGcpump,30,2026-08-28T07:22:22.877208+00:00,AVAILABLE,-3714,-8520,11
fp1sig-807551665a2842a210ba32dc,4tsLEun6tA4ag2kV9ewg5B4uLqe5J5cJ7D29vQGcpump,45,2026-08-28T07:22:37.877208+00:00,AVAILABLE,-3714,-8520,14
fp1sig-807551665a2842a210ba32dc,4tsLEun6tA4ag2kV9ewg5B4uLqe5J5cJ7D29vQGcpump,60,2026-08-28T07:22:52.877208+00:00,AVAILABLE,-3714,-8520,15
fp1sig-807551665a2842a210ba32dc,4tsLEun6tA4ag2kV9ewg5B4uLqe5J5cJ7D29vQGcpump,90,2026-08-28T07:23:22.877208+00:00,AVAILABLE,-3714,-8520,15
fp1sig-807551665a2842a210ba32dc,4tsLEun6tA4ag2kV9ewg5B4uLqe5J5cJ7D29vQGcpump,120,2026-08-28T07:23:52.877208+00:00,AVAILABLE,-3714,-8520,15
fp1sig-807551665a2842a210ba32dc,4tsLEun6tA4ag2kV9ewg5B4uLqe5J5cJ7D29vQGcpump,180,2026-08-28T07:24:52.877208+00:00,AVAILABLE,-3714,-8520,15
fp1sig-807551665a2842a210ba32dc,4tsLEun6tA4ag2kV9ewg5B4uLqe5J5cJ7D29vQGcpump,300,2026-08-28T07:26:52.877208+00:00,AVAILABLE,-3714,-8520,15
fp1sig-81bae63e512dd71fa833fdbe,37PmWqcJWdKi7JpXxQt7iiMrm8w9QQVRmWfhLnM1pump,5,2026-08-27T13:14:36.516187+00:00,MISSING,,,0
fp1sig-81bae63e512dd71fa833fdbe,37PmWqcJWdKi7JpXxQt7iiMrm8w9QQVRmWfhLnM1pump,10,2026-08-27T13:14:41.516187+00:00,AVAILABLE,4028,4,2
fp1sig-81bae63e512dd71fa833fdbe,37PmWqcJWdKi7JpXxQt7iiMrm8w9QQVRmWfhLnM1pump,15,2026-08-27T13:14:46.516187+00:00,AVAILABLE,6275,4,3
fp1sig-81bae63e512dd71fa833fdbe,37PmWqcJWdKi7JpXxQt7iiMrm8w9QQVRmWfhLnM1pump,20,2026-08-27T13:14:51.516187+00:00,AVAILABLE,6275,4,3
fp1sig-81bae63e512dd71fa833fdbe,37PmWqcJWdKi7JpXxQt7iiMrm8w9QQVRmWfhLnM1pump,30,2026-08-27T13:15:01.516187+00:00,AVAILABLE,8413,4,5
fp1sig-81bae63e512dd71fa833fdbe,37PmWqcJWdKi7JpXxQt7iiMrm8w9QQVRmWfhLnM1pump,45,2026-08-27T13:15:16.516187+00:00,AVAILABLE,16146,4,6
fp1sig-81bae63e512dd71fa833fdbe,37PmWqcJWdKi7JpXxQt7iiMrm8w9QQVRmWfhLnM1pump,60,2026-08-27T13:15:31.516187+00:00,AVAILABLE,28319,4,8
fp1sig-81bae63e512dd71fa833fdbe,37PmWqcJWdKi7JpXxQt7iiMrm8w9QQVRmWfhLnM1pump,90,2026-08-27T13:16:01.516187+00:00,AVAILABLE,31706,4,9
fp1sig-81bae63e512dd71fa833fdbe,37PmWqcJWdKi7JpXxQt7iiMrm8w9QQVRmWfhLnM1pump,120,2026-08-27T13:16:31.516187+00:00,AVAILABLE,31706,4,10
fp1sig-81bae63e512dd71fa833fdbe,37PmWqcJWdKi7JpXxQt7iiMrm8w9QQVRmWfhLnM1pump,180,2026-08-27T13:17:31.516187+00:00,AVAILABLE,31706,4,10
fp1sig-81bae63e512dd71fa833fdbe,37PmWqcJWdKi7JpXxQt7iiMrm8w9QQVRmWfhLnM1pump,300,2026-08-27T13:19:31.516187+00:00,AVAILABLE,31706,4,10
fp1sig-82705f466d97de611fae1ba4,BpBq1mVkAgg8vSC9bE8pJ2PDY9y61dk2BqS4sn7Kpump,5,2026-08-28T07:37:10.375523+00:00,AVAILABLE,-207,-207,1
fp1sig-82705f466d97de611fae1ba4,BpBq1mVkAgg8vSC9bE8pJ2PDY9y61dk2BqS4sn7Kpump,10,2026-08-28T07:37:15.375523+00:00,AVAILABLE,-159,-207,2
fp1sig-82705f466d97de611fae1ba4,BpBq1mVkAgg8vSC9bE8pJ2PDY9y61dk2BqS4sn7Kpump,15,2026-08-28T07:37:20.375523+00:00,AVAILABLE,-159,-207,2
fp1sig-82705f466d97de611fae1ba4,BpBq1mVkAgg8vSC9bE8pJ2PDY9y61dk2BqS4sn7Kpump,20,2026-08-28T07:37:25.375523+00:00,AVAILABLE,-159,-207,2
fp1sig-82705f466d97de611fae1ba4,BpBq1mVkAgg8vSC9bE8pJ2PDY9y61dk2BqS4sn7Kpump,30,2026-08-28T07:37:35.375523+00:00,AVAILABLE,-159,-1891,6
fp1sig-82705f466d97de611fae1ba4,BpBq1mVkAgg8vSC9bE8pJ2PDY9y61dk2BqS4sn7Kpump,45,2026-08-28T07:37:50.375523+00:00,AVAILABLE,-159,-4471,19
fp1sig-82705f466d97de611fae1ba4,BpBq1mVkAgg8vSC9bE8pJ2PDY9y61dk2BqS4sn7Kpump,60,2026-08-28T07:38:05.375523+00:00,AVAILABLE,-159,-4471,25
fp1sig-82705f466d97de611fae1ba4,BpBq1mVkAgg8vSC9bE8pJ2PDY9y61dk2BqS4sn7Kpump,90,2026-08-28T07:38:35.375523+00:00,AVAILABLE,-159,-4471,28
fp1sig-82705f466d97de611fae1ba4,BpBq1mVkAgg8vSC9bE8pJ2PDY9y61dk2BqS4sn7Kpump,120,2026-08-28T07:39:05.375523+00:00,AVAILABLE,-159,-4471,28
fp1sig-82705f466d97de611fae1ba4,BpBq1mVkAgg8vSC9bE8pJ2PDY9y61dk2BqS4sn7Kpump,180,2026-08-28T07:40:05.375523+00:00,AVAILABLE,-159,-4590,30
fp1sig-82705f466d97de611fae1ba4,BpBq1mVkAgg8vSC9bE8pJ2PDY9y61dk2BqS4sn7Kpump,300,2026-08-28T07:42:05.375523+00:00,AVAILABLE,-159,-4606,31
fp1sig-82bb4da142c55e2cf812f0d1,D3oGS3bXep8BWZzaaao5ffEcMmzTncZPJZku2SDspump,5,2026-08-27T13:34:38.299352+00:00,MISSING,,,0
fp1sig-82bb4da142c55e2cf812f0d1,D3oGS3bXep8BWZzaaao5ffEcMmzTncZPJZku2SDspump,10,2026-08-27T13:34:43.299352+00:00,MISSING,,,0
fp1sig-82bb4da142c55e2cf812f0d1,D3oGS3bXep8BWZzaaao5ffEcMmzTncZPJZku2SDspump,15,2026-08-27T13:34:48.299352+00:00,AVAILABLE,-695,-695,1
fp1sig-82bb4da142c55e2cf812f0d1,D3oGS3bXep8BWZzaaao5ffEcMmzTncZPJZku2SDspump,20,2026-08-27T13:34:53.299352+00:00,AVAILABLE,-695,-695,1
fp1sig-82bb4da142c55e2cf812f0d1,D3oGS3bXep8BWZzaaao5ffEcMmzTncZPJZku2SDspump,30,2026-08-27T13:35:03.299352+00:00,AVAILABLE,3594,-695,2
fp1sig-82bb4da142c55e2cf812f0d1,D3oGS3bXep8BWZzaaao5ffEcMmzTncZPJZku2SDspump,45,2026-08-27T13:35:18.299352+00:00,AVAILABLE,3594,-695,3
fp1sig-82bb4da142c55e2cf812f0d1,D3oGS3bXep8BWZzaaao5ffEcMmzTncZPJZku2SDspump,60,2026-08-27T13:35:33.299352+00:00,AVAILABLE,5183,-695,4
fp1sig-82bb4da142c55e2cf812f0d1,D3oGS3bXep8BWZzaaao5ffEcMmzTncZPJZku2SDspump,90,2026-08-27T13:36:03.299352+00:00,AVAILABLE,8126,-695,5
fp1sig-82bb4da142c55e2cf812f0d1,D3oGS3bXep8BWZzaaao5ffEcMmzTncZPJZku2SDspump,120,2026-08-27T13:36:33.299352+00:00,AVAILABLE,8126,-695,6
fp1sig-82bb4da142c55e2cf812f0d1,D3oGS3bXep8BWZzaaao5ffEcMmzTncZPJZku2SDspump,180,2026-08-27T13:37:33.299352+00:00,AVAILABLE,8126,-695,8
fp1sig-82bb4da142c55e2cf812f0d1,D3oGS3bXep8BWZzaaao5ffEcMmzTncZPJZku2SDspump,300,2026-08-27T13:39:33.299352+00:00,AVAILABLE,8126,-695,10
fp1sig-82f7761740519cdb17e63e96,CaMhHZ6M7TzLEkuHKziV7XnHuGbxQCex4FxrBbo1pump,5,2026-08-27T22:08:39.655470+00:00,AVAILABLE,701,-1233,4
fp1sig-82f7761740519cdb17e63e96,CaMhHZ6M7TzLEkuHKziV7XnHuGbxQCex4FxrBbo1pump,10,2026-08-27T22:08:44.655470+00:00,AVAILABLE,701,-1233,5
fp1sig-82f7761740519cdb17e63e96,CaMhHZ6M7TzLEkuHKziV7XnHuGbxQCex4FxrBbo1pump,15,2026-08-27T22:08:49.655470+00:00,AVAILABLE,751,-1233,6
fp1sig-82f7761740519cdb17e63e96,CaMhHZ6M7TzLEkuHKziV7XnHuGbxQCex4FxrBbo1pump,20,2026-08-27T22:08:54.655470+00:00,AVAILABLE,803,-1233,7
fp1sig-82f7761740519cdb17e63e96,CaMhHZ6M7TzLEkuHKziV7XnHuGbxQCex4FxrBbo1pump,30,2026-08-27T22:09:04.655470+00:00,AVAILABLE,856,-1233,11
fp1sig-82f7761740519cdb17e63e96,CaMhHZ6M7TzLEkuHKziV7XnHuGbxQCex4FxrBbo1pump,45,2026-08-27T22:09:19.655470+00:00,AVAILABLE,856,-1233,12
fp1sig-82f7761740519cdb17e63e96,CaMhHZ6M7TzLEkuHKziV7XnHuGbxQCex4FxrBbo1pump,60,2026-08-27T22:09:34.655470+00:00,AVAILABLE,1765,-1233,21
fp1sig-82f7761740519cdb17e63e96,CaMhHZ6M7TzLEkuHKziV7XnHuGbxQCex4FxrBbo1pump,90,2026-08-27T22:10:04.655470+00:00,AVAILABLE,2523,-1233,38
fp1sig-82f7761740519cdb17e63e96,CaMhHZ6M7TzLEkuHKziV7XnHuGbxQCex4FxrBbo1pump,120,2026-08-27T22:10:34.655470+00:00,AVAILABLE,4342,-1233,88
fp1sig-82f7761740519cdb17e63e96,CaMhHZ6M7TzLEkuHKziV7XnHuGbxQCex4FxrBbo1pump,180,2026-08-27T22:11:34.655470+00:00,AVAILABLE,6550,-1233,112
fp1sig-82f7761740519cdb17e63e96,CaMhHZ6M7TzLEkuHKziV7XnHuGbxQCex4FxrBbo1pump,300,2026-08-27T22:13:34.655470+00:00,AVAILABLE,7730,-1233,163
fp1sig-83fe54513647635e424cec1a,593Sf3VoTC3VwX3wT2UsSoTzSsNeb8UL1c5JHDveZhVV,5,2026-08-28T09:56:14.516311+00:00,AVAILABLE,-97,-268,4
fp1sig-83fe54513647635e424cec1a,593Sf3VoTC3VwX3wT2UsSoTzSsNeb8UL1c5JHDveZhVV,10,2026-08-28T09:56:19.516311+00:00,AVAILABLE,-97,-881,13
fp1sig-83fe54513647635e424cec1a,593Sf3VoTC3VwX3wT2UsSoTzSsNeb8UL1c5JHDveZhVV,15,2026-08-28T09:56:24.516311+00:00,AVAILABLE,-97,-881,19
fp1sig-83fe54513647635e424cec1a,593Sf3VoTC3VwX3wT2UsSoTzSsNeb8UL1c5JHDveZhVV,20,2026-08-28T09:56:29.516311+00:00,AVAILABLE,135,-881,22
fp1sig-83fe54513647635e424cec1a,593Sf3VoTC3VwX3wT2UsSoTzSsNeb8UL1c5JHDveZhVV,30,2026-08-28T09:56:39.516311+00:00,AVAILABLE,1032,-881,33
fp1sig-83fe54513647635e424cec1a,593Sf3VoTC3VwX3wT2UsSoTzSsNeb8UL1c5JHDveZhVV,45,2026-08-28T09:56:54.516311+00:00,AVAILABLE,1032,-881,55
fp1sig-83fe54513647635e424cec1a,593Sf3VoTC3VwX3wT2UsSoTzSsNeb8UL1c5JHDveZhVV,60,2026-08-28T09:57:09.516311+00:00,AVAILABLE,1032,-955,73
fp1sig-83fe54513647635e424cec1a,593Sf3VoTC3VwX3wT2UsSoTzSsNeb8UL1c5JHDveZhVV,90,2026-08-28T09:57:39.516311+00:00,AVAILABLE,1032,-955,82
fp1sig-83fe54513647635e424cec1a,593Sf3VoTC3VwX3wT2UsSoTzSsNeb8UL1c5JHDveZhVV,120,2026-08-28T09:58:09.516311+00:00,AVAILABLE,1032,-955,82
fp1sig-83fe54513647635e424cec1a,593Sf3VoTC3VwX3wT2UsSoTzSsNeb8UL1c5JHDveZhVV,180,2026-08-28T09:59:09.516311+00:00,AVAILABLE,1032,-955,82
fp1sig-83fe54513647635e424cec1a,593Sf3VoTC3VwX3wT2UsSoTzSsNeb8UL1c5JHDveZhVV,300,2026-08-28T10:01:09.516311+00:00,AVAILABLE,1032,-955,82
fp1sig-849e541efeb76eaf595b68a5,512BKebyDcEqL1xGPhJH3Haj1rJqGtHbLjzvjG83pump,5,2026-08-27T20:58:55.715417+00:00,AVAILABLE,169,119,2
fp1sig-849e541efeb76eaf595b68a5,512BKebyDcEqL1xGPhJH3Haj1rJqGtHbLjzvjG83pump,10,2026-08-27T20:59:00.715417+00:00,AVAILABLE,381,119,4
fp1sig-849e541efeb76eaf595b68a5,512BKebyDcEqL1xGPhJH3Haj1rJqGtHbLjzvjG83pump,15,2026-08-27T20:59:05.715417+00:00,AVAILABLE,381,119,4
fp1sig-849e541efeb76eaf595b68a5,512BKebyDcEqL1xGPhJH3Haj1rJqGtHbLjzvjG83pump,20,2026-08-27T20:59:10.715417+00:00,AVAILABLE,381,119,4
fp1sig-849e541efeb76eaf595b68a5,512BKebyDcEqL1xGPhJH3Haj1rJqGtHbLjzvjG83pump,30,2026-08-27T20:59:20.715417+00:00,AVAILABLE,381,64,5
fp1sig-849e541efeb76eaf595b68a5,512BKebyDcEqL1xGPhJH3Haj1rJqGtHbLjzvjG83pump,45,2026-08-27T20:59:35.715417+00:00,AVAILABLE,381,64,5
fp1sig-849e541efeb76eaf595b68a5,512BKebyDcEqL1xGPhJH3Haj1rJqGtHbLjzvjG83pump,60,2026-08-27T20:59:50.715417+00:00,AVAILABLE,381,64,5
fp1sig-849e541efeb76eaf595b68a5,512BKebyDcEqL1xGPhJH3Haj1rJqGtHbLjzvjG83pump,90,2026-08-27T21:00:20.715417+00:00,AVAILABLE,381,-208,6
fp1sig-849e541efeb76eaf595b68a5,512BKebyDcEqL1xGPhJH3Haj1rJqGtHbLjzvjG83pump,120,2026-08-27T21:00:50.715417+00:00,AVAILABLE,381,-782,10
fp1sig-849e541efeb76eaf595b68a5,512BKebyDcEqL1xGPhJH3Haj1rJqGtHbLjzvjG83pump,180,2026-08-27T21:01:50.715417+00:00,AVAILABLE,381,-2118,17
fp1sig-849e541efeb76eaf595b68a5,512BKebyDcEqL1xGPhJH3Haj1rJqGtHbLjzvjG83pump,300,2026-08-27T21:03:50.715417+00:00,AVAILABLE,381,-3708,26
fp1sig-84de5f42b519e5d39a0256fb,ZXwmrmVNzceRDhzLJgJS9oWcCuZZZgkDY8w8sQkpump,5,2026-08-28T04:53:16.455963+00:00,AVAILABLE,-1952,-1952,1
fp1sig-84de5f42b519e5d39a0256fb,ZXwmrmVNzceRDhzLJgJS9oWcCuZZZgkDY8w8sQkpump,10,2026-08-28T04:53:21.455963+00:00,AVAILABLE,-1952,-3851,3
fp1sig-84de5f42b519e5d39a0256fb,ZXwmrmVNzceRDhzLJgJS9oWcCuZZZgkDY8w8sQkpump,15,2026-08-28T04:53:26.455963+00:00,AVAILABLE,-1952,-6844,5
fp1sig-84de5f42b519e5d39a0256fb,ZXwmrmVNzceRDhzLJgJS9oWcCuZZZgkDY8w8sQkpump,20,2026-08-28T04:53:31.455963+00:00,AVAILABLE,-1952,-7848,6
fp1sig-84de5f42b519e5d39a0256fb,ZXwmrmVNzceRDhzLJgJS9oWcCuZZZgkDY8w8sQkpump,30,2026-08-28T04:53:41.455963+00:00,AVAILABLE,-1952,-8665,8
fp1sig-84de5f42b519e5d39a0256fb,ZXwmrmVNzceRDhzLJgJS9oWcCuZZZgkDY8w8sQkpump,45,2026-08-28T04:53:56.455963+00:00,AVAILABLE,-1952,-8665,10
fp1sig-84de5f42b519e5d39a0256fb,ZXwmrmVNzceRDhzLJgJS9oWcCuZZZgkDY8w8sQkpump,60,2026-08-28T04:54:11.455963+00:00,AVAILABLE,-1952,-8665,10
fp1sig-84de5f42b519e5d39a0256fb,ZXwmrmVNzceRDhzLJgJS9oWcCuZZZgkDY8w8sQkpump,90,2026-08-28T04:54:41.455963+00:00,AVAILABLE,-1952,-8665,11
fp1sig-84de5f42b519e5d39a0256fb,ZXwmrmVNzceRDhzLJgJS9oWcCuZZZgkDY8w8sQkpump,120,2026-08-28T04:55:11.455963+00:00,AVAILABLE,-1952,-8665,14
fp1sig-84de5f42b519e5d39a0256fb,ZXwmrmVNzceRDhzLJgJS9oWcCuZZZgkDY8w8sQkpump,180,2026-08-28T04:56:11.455963+00:00,AVAILABLE,-1952,-8665,18
fp1sig-84de5f42b519e5d39a0256fb,ZXwmrmVNzceRDhzLJgJS9oWcCuZZZgkDY8w8sQkpump,300,2026-08-28T04:58:11.455963+00:00,AVAILABLE,-1952,-9195,27
fp1sig-85aee747625f9ddf187d280e,9mUbp1NxqbdU7UXfk8Sw3r3XXfPy1gS7AzhsRf3wpump,5,2026-08-28T08:18:34.006848+00:00,AVAILABLE,-810,-1263,2
fp1sig-85aee747625f9ddf187d280e,9mUbp1NxqbdU7UXfk8Sw3r3XXfPy1gS7AzhsRf3wpump,10,2026-08-28T08:18:39.006848+00:00,AVAILABLE,-810,-2216,4
fp1sig-85aee747625f9ddf187d280e,9mUbp1NxqbdU7UXfk8Sw3r3XXfPy1gS7AzhsRf3wpump,15,2026-08-28T08:18:44.006848+00:00,AVAILABLE,-810,-2216,4
fp1sig-85aee747625f9ddf187d280e,9mUbp1NxqbdU7UXfk8Sw3r3XXfPy1gS7AzhsRf3wpump,20,2026-08-28T08:18:49.006848+00:00,AVAILABLE,1778,-2216,8
fp1sig-85aee747625f9ddf187d280e,9mUbp1NxqbdU7UXfk8Sw3r3XXfPy1gS7AzhsRf3wpump,30,2026-08-28T08:18:59.006848+00:00,AVAILABLE,1778,-2809,11
fp1sig-85aee747625f9ddf187d280e,9mUbp1NxqbdU7UXfk8Sw3r3XXfPy1gS7AzhsRf3wpump,45,2026-08-28T08:19:14.006848+00:00,AVAILABLE,5789,-2809,17
fp1sig-85aee747625f9ddf187d280e,9mUbp1NxqbdU7UXfk8Sw3r3XXfPy1gS7AzhsRf3wpump,60,2026-08-28T08:19:29.006848+00:00,AVAILABLE,5789,-2809,20
fp1sig-85aee747625f9ddf187d280e,9mUbp1NxqbdU7UXfk8Sw3r3XXfPy1gS7AzhsRf3wpump,90,2026-08-28T08:19:59.006848+00:00,AVAILABLE,5789,-2809,36
fp1sig-85aee747625f9ddf187d280e,9mUbp1NxqbdU7UXfk8Sw3r3XXfPy1gS7AzhsRf3wpump,120,2026-08-28T08:20:29.006848+00:00,AVAILABLE,5789,-2809,37
fp1sig-85aee747625f9ddf187d280e,9mUbp1NxqbdU7UXfk8Sw3r3XXfPy1gS7AzhsRf3wpump,180,2026-08-28T08:21:29.006848+00:00,AVAILABLE,5789,-2809,37
fp1sig-85aee747625f9ddf187d280e,9mUbp1NxqbdU7UXfk8Sw3r3XXfPy1gS7AzhsRf3wpump,300,2026-08-28T08:23:29.006848+00:00,AVAILABLE,5789,-2809,37
fp1sig-867ca6be5a10942208945a02,G3LkBMowRewGEbZC4XhTmbh78vYWJircQfHCE6DXpump,5,2026-08-28T06:38:09.635943+00:00,AVAILABLE,-3407,-4415,4
fp1sig-867ca6be5a10942208945a02,G3LkBMowRewGEbZC4XhTmbh78vYWJircQfHCE6DXpump,10,2026-08-28T06:38:14.635943+00:00,AVAILABLE,-2556,-4415,6
fp1sig-867ca6be5a10942208945a02,G3LkBMowRewGEbZC4XhTmbh78vYWJircQfHCE6DXpump,15,2026-08-28T06:38:19.635943+00:00,AVAILABLE,-2556,-4970,8
fp1sig-867ca6be5a10942208945a02,G3LkBMowRewGEbZC4XhTmbh78vYWJircQfHCE6DXpump,20,2026-08-28T06:38:24.635943+00:00,AVAILABLE,-1259,-4970,12
fp1sig-867ca6be5a10942208945a02,G3LkBMowRewGEbZC4XhTmbh78vYWJircQfHCE6DXpump,30,2026-08-28T06:38:34.635943+00:00,AVAILABLE,731,-7101,20
fp1sig-867ca6be5a10942208945a02,G3LkBMowRewGEbZC4XhTmbh78vYWJircQfHCE6DXpump,45,2026-08-28T06:38:49.635943+00:00,AVAILABLE,731,-8557,31
fp1sig-867ca6be5a10942208945a02,G3LkBMowRewGEbZC4XhTmbh78vYWJircQfHCE6DXpump,60,2026-08-28T06:39:04.635943+00:00,AVAILABLE,731,-8557,34
fp1sig-867ca6be5a10942208945a02,G3LkBMowRewGEbZC4XhTmbh78vYWJircQfHCE6DXpump,90,2026-08-28T06:39:34.635943+00:00,AVAILABLE,731,-8557,34
fp1sig-867ca6be5a10942208945a02,G3LkBMowRewGEbZC4XhTmbh78vYWJircQfHCE6DXpump,120,2026-08-28T06:40:04.635943+00:00,AVAILABLE,731,-8557,49
fp1sig-867ca6be5a10942208945a02,G3LkBMowRewGEbZC4XhTmbh78vYWJircQfHCE6DXpump,180,2026-08-28T06:41:04.635943+00:00,AVAILABLE,731,-9676,68
fp1sig-867ca6be5a10942208945a02,G3LkBMowRewGEbZC4XhTmbh78vYWJircQfHCE6DXpump,300,2026-08-28T06:43:04.635943+00:00,AVAILABLE,731,-9691,72
fp1sig-868083d979bf35c422eb8615,HnSsrQFWtfZNxCPfem95AuHiFEtsAD3Sy5yCE5gzpump,5,2026-08-28T09:41:29.312603+00:00,AVAILABLE,-672,-1412,2
fp1sig-868083d979bf35c422eb8615,HnSsrQFWtfZNxCPfem95AuHiFEtsAD3Sy5yCE5gzpump,10,2026-08-28T09:41:34.312603+00:00,AVAILABLE,-672,-1412,5
fp1sig-868083d979bf35c422eb8615,HnSsrQFWtfZNxCPfem95AuHiFEtsAD3Sy5yCE5gzpump,15,2026-08-28T09:41:39.312603+00:00,AVAILABLE,280,-2154,13
fp1sig-868083d979bf35c422eb8615,HnSsrQFWtfZNxCPfem95AuHiFEtsAD3Sy5yCE5gzpump,20,2026-08-28T09:41:44.312603+00:00,AVAILABLE,1653,-2154,17
fp1sig-868083d979bf35c422eb8615,HnSsrQFWtfZNxCPfem95AuHiFEtsAD3Sy5yCE5gzpump,30,2026-08-28T09:41:54.312603+00:00,AVAILABLE,1839,-2154,28
fp1sig-868083d979bf35c422eb8615,HnSsrQFWtfZNxCPfem95AuHiFEtsAD3Sy5yCE5gzpump,45,2026-08-28T09:42:09.312603+00:00,AVAILABLE,1839,-2154,40
fp1sig-868083d979bf35c422eb8615,HnSsrQFWtfZNxCPfem95AuHiFEtsAD3Sy5yCE5gzpump,60,2026-08-28T09:42:24.312603+00:00,AVAILABLE,2359,-2154,48
fp1sig-868083d979bf35c422eb8615,HnSsrQFWtfZNxCPfem95AuHiFEtsAD3Sy5yCE5gzpump,90,2026-08-28T09:42:54.312603+00:00,AVAILABLE,2456,-2154,54
fp1sig-868083d979bf35c422eb8615,HnSsrQFWtfZNxCPfem95AuHiFEtsAD3Sy5yCE5gzpump,120,2026-08-28T09:43:24.312603+00:00,AVAILABLE,2456,-2154,74
fp1sig-868083d979bf35c422eb8615,HnSsrQFWtfZNxCPfem95AuHiFEtsAD3Sy5yCE5gzpump,180,2026-08-28T09:44:24.312603+00:00,AVAILABLE,2456,-2154,102
fp1sig-868083d979bf35c422eb8615,HnSsrQFWtfZNxCPfem95AuHiFEtsAD3Sy5yCE5gzpump,300,2026-08-28T09:46:24.312603+00:00,AVAILABLE,2984,-2154,153
fp1sig-86e86799f938477eff324452,FSyivRYQZynoc2SVisats8Y9X29C8xP4icx6achmpump,5,2026-08-28T03:10:35.446654+00:00,AVAILABLE,-2560,-3815,2
fp1sig-86e86799f938477eff324452,FSyivRYQZynoc2SVisats8Y9X29C8xP4icx6achmpump,10,2026-08-28T03:10:40.446654+00:00,AVAILABLE,-2560,-3815,3
fp1sig-86e86799f938477eff324452,FSyivRYQZynoc2SVisats8Y9X29C8xP4icx6achmpump,15,2026-08-28T03:10:45.446654+00:00,AVAILABLE,-1927,-3815,4
fp1sig-86e86799f938477eff324452,FSyivRYQZynoc2SVisats8Y9X29C8xP4icx6achmpump,20,2026-08-28T03:10:50.446654+00:00,AVAILABLE,732,-3815,6
fp1sig-86e86799f938477eff324452,FSyivRYQZynoc2SVisats8Y9X29C8xP4icx6achmpump,30,2026-08-28T03:11:00.446654+00:00,AVAILABLE,732,-3815,6
fp1sig-86e86799f938477eff324452,FSyivRYQZynoc2SVisats8Y9X29C8xP4icx6achmpump,45,2026-08-28T03:11:15.446654+00:00,AVAILABLE,732,-3815,10
fp1sig-86e86799f938477eff324452,FSyivRYQZynoc2SVisats8Y9X29C8xP4icx6achmpump,60,2026-08-28T03:11:30.446654+00:00,AVAILABLE,7214,-3815,14
fp1sig-86e86799f938477eff324452,FSyivRYQZynoc2SVisats8Y9X29C8xP4icx6achmpump,90,2026-08-28T03:12:00.446654+00:00,AVAILABLE,7214,-7747,31
fp1sig-86e86799f938477eff324452,FSyivRYQZynoc2SVisats8Y9X29C8xP4icx6achmpump,120,2026-08-28T03:12:30.446654+00:00,AVAILABLE,7214,-8316,35
fp1sig-86e86799f938477eff324452,FSyivRYQZynoc2SVisats8Y9X29C8xP4icx6achmpump,180,2026-08-28T03:13:30.446654+00:00,AVAILABLE,7214,-8316,36
fp1sig-86e86799f938477eff324452,FSyivRYQZynoc2SVisats8Y9X29C8xP4icx6achmpump,300,2026-08-28T03:15:30.446654+00:00,AVAILABLE,7214,-8316,36
fp1sig-86f6aedee048c7cd1216e8c1,7RkqFUbh29BJ8dHGRRCTVVcJvziNjMSiQbi3W4PTpump,5,2026-08-28T09:17:35.728529+00:00,AVAILABLE,9,-939,3
fp1sig-86f6aedee048c7cd1216e8c1,7RkqFUbh29BJ8dHGRRCTVVcJvziNjMSiQbi3W4PTpump,10,2026-08-28T09:17:40.728529+00:00,AVAILABLE,9,-1235,4
fp1sig-86f6aedee048c7cd1216e8c1,7RkqFUbh29BJ8dHGRRCTVVcJvziNjMSiQbi3W4PTpump,15,2026-08-28T09:17:45.728529+00:00,AVAILABLE,9,-1235,4
fp1sig-86f6aedee048c7cd1216e8c1,7RkqFUbh29BJ8dHGRRCTVVcJvziNjMSiQbi3W4PTpump,20,2026-08-28T09:17:50.728529+00:00,AVAILABLE,9,-1235,4
fp1sig-86f6aedee048c7cd1216e8c1,7RkqFUbh29BJ8dHGRRCTVVcJvziNjMSiQbi3W4PTpump,30,2026-08-28T09:18:00.728529+00:00,AVAILABLE,9,-1490,6
fp1sig-86f6aedee048c7cd1216e8c1,7RkqFUbh29BJ8dHGRRCTVVcJvziNjMSiQbi3W4PTpump,45,2026-08-28T09:18:15.728529+00:00,AVAILABLE,9,-1490,6
fp1sig-86f6aedee048c7cd1216e8c1,7RkqFUbh29BJ8dHGRRCTVVcJvziNjMSiQbi3W4PTpump,60,2026-08-28T09:18:30.728529+00:00,AVAILABLE,9,-1765,10
fp1sig-86f6aedee048c7cd1216e8c1,7RkqFUbh29BJ8dHGRRCTVVcJvziNjMSiQbi3W4PTpump,90,2026-08-28T09:19:00.728529+00:00,AVAILABLE,9,-4152,17
fp1sig-86f6aedee048c7cd1216e8c1,7RkqFUbh29BJ8dHGRRCTVVcJvziNjMSiQbi3W4PTpump,120,2026-08-28T09:19:30.728529+00:00,AVAILABLE,9,-4152,19
fp1sig-86f6aedee048c7cd1216e8c1,7RkqFUbh29BJ8dHGRRCTVVcJvziNjMSiQbi3W4PTpump,180,2026-08-28T09:20:30.728529+00:00,AVAILABLE,9,-4152,23
fp1sig-86f6aedee048c7cd1216e8c1,7RkqFUbh29BJ8dHGRRCTVVcJvziNjMSiQbi3W4PTpump,300,2026-08-28T09:22:30.728529+00:00,AVAILABLE,9,-4152,28
fp1sig-8705ddebb722642b6b9abe1e,6DSfohVoZdqjrK4WPonrsxKPUtCN2nBwUmjUwQFjpump,5,2026-08-27T14:49:56.384652+00:00,AVAILABLE,1401,1126,3
fp1sig-8705ddebb722642b6b9abe1e,6DSfohVoZdqjrK4WPonrsxKPUtCN2nBwUmjUwQFjpump,10,2026-08-27T14:50:01.384652+00:00,AVAILABLE,1401,1126,3
fp1sig-8705ddebb722642b6b9abe1e,6DSfohVoZdqjrK4WPonrsxKPUtCN2nBwUmjUwQFjpump,15,2026-08-27T14:50:06.384652+00:00,AVAILABLE,1401,-976,5
fp1sig-8705ddebb722642b6b9abe1e,6DSfohVoZdqjrK4WPonrsxKPUtCN2nBwUmjUwQFjpump,20,2026-08-27T14:50:11.384652+00:00,AVAILABLE,1401,-976,6
fp1sig-8705ddebb722642b6b9abe1e,6DSfohVoZdqjrK4WPonrsxKPUtCN2nBwUmjUwQFjpump,30,2026-08-27T14:50:21.384652+00:00,AVAILABLE,1401,-976,6
fp1sig-8705ddebb722642b6b9abe1e,6DSfohVoZdqjrK4WPonrsxKPUtCN2nBwUmjUwQFjpump,45,2026-08-27T14:50:36.384652+00:00,AVAILABLE,1401,-1843,12
fp1sig-8705ddebb722642b6b9abe1e,6DSfohVoZdqjrK4WPonrsxKPUtCN2nBwUmjUwQFjpump,60,2026-08-27T14:50:51.384652+00:00,AVAILABLE,1401,-1843,12
fp1sig-8705ddebb722642b6b9abe1e,6DSfohVoZdqjrK4WPonrsxKPUtCN2nBwUmjUwQFjpump,90,2026-08-27T14:51:21.384652+00:00,AVAILABLE,1401,-2658,17
fp1sig-8705ddebb722642b6b9abe1e,6DSfohVoZdqjrK4WPonrsxKPUtCN2nBwUmjUwQFjpump,120,2026-08-27T14:51:51.384652+00:00,AVAILABLE,1401,-2658,17
fp1sig-8705ddebb722642b6b9abe1e,6DSfohVoZdqjrK4WPonrsxKPUtCN2nBwUmjUwQFjpump,180,2026-08-27T14:52:51.384652+00:00,AVAILABLE,1401,-2658,17
fp1sig-8705ddebb722642b6b9abe1e,6DSfohVoZdqjrK4WPonrsxKPUtCN2nBwUmjUwQFjpump,300,2026-08-27T14:54:51.384652+00:00,AVAILABLE,1401,-2658,17
fp1sig-874623ea2c479bf9b4085ce2,FGgG4CATjzUcGRnDeiyLjLE9WrX1y9XBZ6rJ9iGdpump,5,2026-08-28T11:55:32.120669+00:00,AVAILABLE,1697,1278,7
fp1sig-874623ea2c479bf9b4085ce2,FGgG4CATjzUcGRnDeiyLjLE9WrX1y9XBZ6rJ9iGdpump,10,2026-08-28T11:55:37.120669+00:00,AVAILABLE,2257,1278,9
fp1sig-874623ea2c479bf9b4085ce2,FGgG4CATjzUcGRnDeiyLjLE9WrX1y9XBZ6rJ9iGdpump,15,2026-08-28T11:55:42.120669+00:00,AVAILABLE,2257,1278,9
fp1sig-874623ea2c479bf9b4085ce2,FGgG4CATjzUcGRnDeiyLjLE9WrX1y9XBZ6rJ9iGdpump,20,2026-08-28T11:55:47.120669+00:00,AVAILABLE,2257,1278,11
fp1sig-874623ea2c479bf9b4085ce2,FGgG4CATjzUcGRnDeiyLjLE9WrX1y9XBZ6rJ9iGdpump,30,2026-08-28T11:55:57.120669+00:00,AVAILABLE,2257,1278,11
fp1sig-874623ea2c479bf9b4085ce2,FGgG4CATjzUcGRnDeiyLjLE9WrX1y9XBZ6rJ9iGdpump,45,2026-08-28T11:56:12.120669+00:00,AVAILABLE,2257,919,17
fp1sig-874623ea2c479bf9b4085ce2,FGgG4CATjzUcGRnDeiyLjLE9WrX1y9XBZ6rJ9iGdpump,60,2026-08-28T11:56:27.120669+00:00,AVAILABLE,2257,919,17
fp1sig-874623ea2c479bf9b4085ce2,FGgG4CATjzUcGRnDeiyLjLE9WrX1y9XBZ6rJ9iGdpump,90,2026-08-28T11:56:57.120669+00:00,AVAILABLE,2257,919,17
fp1sig-874623ea2c479bf9b4085ce2,FGgG4CATjzUcGRnDeiyLjLE9WrX1y9XBZ6rJ9iGdpump,120,2026-08-28T11:57:27.120669+00:00,AVAILABLE,2257,919,17
fp1sig-874623ea2c479bf9b4085ce2,FGgG4CATjzUcGRnDeiyLjLE9WrX1y9XBZ6rJ9iGdpump,180,2026-08-28T11:58:27.120669+00:00,AVAILABLE,2257,919,17
fp1sig-874623ea2c479bf9b4085ce2,FGgG4CATjzUcGRnDeiyLjLE9WrX1y9XBZ6rJ9iGdpump,300,2026-08-28T12:00:27.120669+00:00,AVAILABLE,2257,919,17
fp1sig-87ca3eb077ae91f498e1756c,MXxSaQKu6WL9nkUFzwzXR8abUkYKFVFLucAdU7upump,5,2026-08-27T14:50:37.847372+00:00,MISSING,,,0
fp1sig-87ca3eb077ae91f498e1756c,MXxSaQKu6WL9nkUFzwzXR8abUkYKFVFLucAdU7upump,10,2026-08-27T14:50:42.847372+00:00,MISSING,,,0
fp1sig-87ca3eb077ae91f498e1756c,MXxSaQKu6WL9nkUFzwzXR8abUkYKFVFLucAdU7upump,15,2026-08-27T14:50:47.847372+00:00,MISSING,,,0
fp1sig-87ca3eb077ae91f498e1756c,MXxSaQKu6WL9nkUFzwzXR8abUkYKFVFLucAdU7upump,20,2026-08-27T14:50:52.847372+00:00,MISSING,,,0
fp1sig-87ca3eb077ae91f498e1756c,MXxSaQKu6WL9nkUFzwzXR8abUkYKFVFLucAdU7upump,30,2026-08-27T14:51:02.847372+00:00,MISSING,,,0
fp1sig-87ca3eb077ae91f498e1756c,MXxSaQKu6WL9nkUFzwzXR8abUkYKFVFLucAdU7upump,45,2026-08-27T14:51:17.847372+00:00,AVAILABLE,602,602,1
fp1sig-87ca3eb077ae91f498e1756c,MXxSaQKu6WL9nkUFzwzXR8abUkYKFVFLucAdU7upump,60,2026-08-27T14:51:32.847372+00:00,AVAILABLE,602,602,1
fp1sig-87ca3eb077ae91f498e1756c,MXxSaQKu6WL9nkUFzwzXR8abUkYKFVFLucAdU7upump,90,2026-08-27T14:52:02.847372+00:00,AVAILABLE,602,602,1
fp1sig-87ca3eb077ae91f498e1756c,MXxSaQKu6WL9nkUFzwzXR8abUkYKFVFLucAdU7upump,120,2026-08-27T14:52:32.847372+00:00,AVAILABLE,602,602,1
fp1sig-87ca3eb077ae91f498e1756c,MXxSaQKu6WL9nkUFzwzXR8abUkYKFVFLucAdU7upump,180,2026-08-27T14:53:32.847372+00:00,AVAILABLE,602,602,1
fp1sig-87ca3eb077ae91f498e1756c,MXxSaQKu6WL9nkUFzwzXR8abUkYKFVFLucAdU7upump,300,2026-08-27T14:55:32.847372+00:00,AVAILABLE,602,602,1
fp1sig-880674e32e3d418f4beb0a1c,FpXDMaGr2dJVSr5uiMKifqnFBXTEqZNu1gBJfHkqpump,5,2026-08-28T02:45:00.778326+00:00,AVAILABLE,-4698,-4698,1
fp1sig-880674e32e3d418f4beb0a1c,FpXDMaGr2dJVSr5uiMKifqnFBXTEqZNu1gBJfHkqpump,10,2026-08-28T02:45:05.778326+00:00,AVAILABLE,-4698,-5901,2
fp1sig-880674e32e3d418f4beb0a1c,FpXDMaGr2dJVSr5uiMKifqnFBXTEqZNu1gBJfHkqpump,15,2026-08-28T02:45:10.778326+00:00,AVAILABLE,-4698,-5901,2
fp1sig-880674e32e3d418f4beb0a1c,FpXDMaGr2dJVSr5uiMKifqnFBXTEqZNu1gBJfHkqpump,20,2026-08-28T02:45:15.778326+00:00,AVAILABLE,-4698,-5901,2
fp1sig-880674e32e3d418f4beb0a1c,FpXDMaGr2dJVSr5uiMKifqnFBXTEqZNu1gBJfHkqpump,30,2026-08-28T02:45:25.778326+00:00,AVAILABLE,-4698,-6664,3
fp1sig-880674e32e3d418f4beb0a1c,FpXDMaGr2dJVSr5uiMKifqnFBXTEqZNu1gBJfHkqpump,45,2026-08-28T02:45:40.778326+00:00,AVAILABLE,-4698,-7120,4
fp1sig-880674e32e3d418f4beb0a1c,FpXDMaGr2dJVSr5uiMKifqnFBXTEqZNu1gBJfHkqpump,60,2026-08-28T02:45:55.778326+00:00,AVAILABLE,-4698,-7120,4
fp1sig-880674e32e3d418f4beb0a1c,FpXDMaGr2dJVSr5uiMKifqnFBXTEqZNu1gBJfHkqpump,90,2026-08-28T02:46:25.778326+00:00,AVAILABLE,-4698,-7120,6
fp1sig-880674e32e3d418f4beb0a1c,FpXDMaGr2dJVSr5uiMKifqnFBXTEqZNu1gBJfHkqpump,120,2026-08-28T02:46:55.778326+00:00,AVAILABLE,-4698,-7120,7
fp1sig-880674e32e3d418f4beb0a1c,FpXDMaGr2dJVSr5uiMKifqnFBXTEqZNu1gBJfHkqpump,180,2026-08-28T02:47:55.778326+00:00,AVAILABLE,-4698,-7120,7
fp1sig-880674e32e3d418f4beb0a1c,FpXDMaGr2dJVSr5uiMKifqnFBXTEqZNu1gBJfHkqpump,300,2026-08-28T02:49:55.778326+00:00,AVAILABLE,-4698,-7120,7
fp1sig-88bff41152611c26ed14ddca,6hvsveQraNsNWGWYyofXUf5daVpJXEY9sMAk2JFppump,5,2026-08-28T07:27:04.730678+00:00,AVAILABLE,-67,-3069,3
fp1sig-88bff41152611c26ed14ddca,6hvsveQraNsNWGWYyofXUf5daVpJXEY9sMAk2JFppump,10,2026-08-28T07:27:09.730678+00:00,AVAILABLE,-67,-4893,5
fp1sig-88bff41152611c26ed14ddca,6hvsveQraNsNWGWYyofXUf5daVpJXEY9sMAk2JFppump,15,2026-08-28T07:27:14.730678+00:00,AVAILABLE,-67,-4893,6
fp1sig-88bff41152611c26ed14ddca,6hvsveQraNsNWGWYyofXUf5daVpJXEY9sMAk2JFppump,20,2026-08-28T07:27:19.730678+00:00,AVAILABLE,-67,-5644,9
fp1sig-88bff41152611c26ed14ddca,6hvsveQraNsNWGWYyofXUf5daVpJXEY9sMAk2JFppump,30,2026-08-28T07:27:29.730678+00:00,AVAILABLE,-67,-5644,9
fp1sig-88bff41152611c26ed14ddca,6hvsveQraNsNWGWYyofXUf5daVpJXEY9sMAk2JFppump,45,2026-08-28T07:27:44.730678+00:00,AVAILABLE,-67,-5644,9
fp1sig-88bff41152611c26ed14ddca,6hvsveQraNsNWGWYyofXUf5daVpJXEY9sMAk2JFppump,60,2026-08-28T07:27:59.730678+00:00,AVAILABLE,-67,-5644,9
fp1sig-88bff41152611c26ed14ddca,6hvsveQraNsNWGWYyofXUf5daVpJXEY9sMAk2JFppump,90,2026-08-28T07:28:29.730678+00:00,AVAILABLE,-67,-5644,9
fp1sig-88bff41152611c26ed14ddca,6hvsveQraNsNWGWYyofXUf5daVpJXEY9sMAk2JFppump,120,2026-08-28T07:28:59.730678+00:00,AVAILABLE,-67,-5644,9
fp1sig-88bff41152611c26ed14ddca,6hvsveQraNsNWGWYyofXUf5daVpJXEY9sMAk2JFppump,180,2026-08-28T07:29:59.730678+00:00,AVAILABLE,-67,-5644,9
fp1sig-88bff41152611c26ed14ddca,6hvsveQraNsNWGWYyofXUf5daVpJXEY9sMAk2JFppump,300,2026-08-28T07:31:59.730678+00:00,AVAILABLE,-67,-5644,9
fp1sig-89142683bca7cbdc90113671,6sQUjRyWaDowoHddHAZZoEKMThXstKYq7VgtxwrJpump,5,2026-08-27T18:54:15.534895+00:00,AVAILABLE,200,49,3
fp1sig-89142683bca7cbdc90113671,6sQUjRyWaDowoHddHAZZoEKMThXstKYq7VgtxwrJpump,10,2026-08-27T18:54:20.534895+00:00,AVAILABLE,200,49,4
fp1sig-89142683bca7cbdc90113671,6sQUjRyWaDowoHddHAZZoEKMThXstKYq7VgtxwrJpump,15,2026-08-27T18:54:25.534895+00:00,AVAILABLE,334,49,7
fp1sig-89142683bca7cbdc90113671,6sQUjRyWaDowoHddHAZZoEKMThXstKYq7VgtxwrJpump,20,2026-08-27T18:54:30.534895+00:00,AVAILABLE,334,-1177,9
fp1sig-89142683bca7cbdc90113671,6sQUjRyWaDowoHddHAZZoEKMThXstKYq7VgtxwrJpump,30,2026-08-27T18:54:40.534895+00:00,AVAILABLE,334,-1342,11
fp1sig-89142683bca7cbdc90113671,6sQUjRyWaDowoHddHAZZoEKMThXstKYq7VgtxwrJpump,45,2026-08-27T18:54:55.534895+00:00,AVAILABLE,334,-5015,27
fp1sig-89142683bca7cbdc90113671,6sQUjRyWaDowoHddHAZZoEKMThXstKYq7VgtxwrJpump,60,2026-08-27T18:55:10.534895+00:00,AVAILABLE,334,-5214,29
fp1sig-89142683bca7cbdc90113671,6sQUjRyWaDowoHddHAZZoEKMThXstKYq7VgtxwrJpump,90,2026-08-27T18:55:40.534895+00:00,AVAILABLE,334,-5237,33
fp1sig-89142683bca7cbdc90113671,6sQUjRyWaDowoHddHAZZoEKMThXstKYq7VgtxwrJpump,120,2026-08-27T18:56:10.534895+00:00,AVAILABLE,334,-5279,35
fp1sig-89142683bca7cbdc90113671,6sQUjRyWaDowoHddHAZZoEKMThXstKYq7VgtxwrJpump,180,2026-08-27T18:57:10.534895+00:00,AVAILABLE,334,-5279,38
fp1sig-89142683bca7cbdc90113671,6sQUjRyWaDowoHddHAZZoEKMThXstKYq7VgtxwrJpump,300,2026-08-27T18:59:10.534895+00:00,AVAILABLE,334,-5640,42
fp1sig-898bd1ce6386c2408cbc703e,7yyDdmmRD4Xg5NP5gHQ1h1fkB8jaYHiMgVcaZbUDpump,5,2026-08-28T02:46:43.613957+00:00,MISSING,,,0
fp1sig-898bd1ce6386c2408cbc703e,7yyDdmmRD4Xg5NP5gHQ1h1fkB8jaYHiMgVcaZbUDpump,10,2026-08-28T02:46:48.613957+00:00,AVAILABLE,4265,4265,1
fp1sig-898bd1ce6386c2408cbc703e,7yyDdmmRD4Xg5NP5gHQ1h1fkB8jaYHiMgVcaZbUDpump,15,2026-08-28T02:46:53.613957+00:00,AVAILABLE,4265,4265,1
fp1sig-898bd1ce6386c2408cbc703e,7yyDdmmRD4Xg5NP5gHQ1h1fkB8jaYHiMgVcaZbUDpump,20,2026-08-28T02:46:58.613957+00:00,AVAILABLE,4265,4265,1
fp1sig-898bd1ce6386c2408cbc703e,7yyDdmmRD4Xg5NP5gHQ1h1fkB8jaYHiMgVcaZbUDpump,30,2026-08-28T02:47:08.613957+00:00,AVAILABLE,4265,2260,2
fp1sig-898bd1ce6386c2408cbc703e,7yyDdmmRD4Xg5NP5gHQ1h1fkB8jaYHiMgVcaZbUDpump,45,2026-08-28T02:47:23.613957+00:00,AVAILABLE,4265,775,3
fp1sig-898bd1ce6386c2408cbc703e,7yyDdmmRD4Xg5NP5gHQ1h1fkB8jaYHiMgVcaZbUDpump,60,2026-08-28T02:47:38.613957+00:00,AVAILABLE,4265,775,4
fp1sig-898bd1ce6386c2408cbc703e,7yyDdmmRD4Xg5NP5gHQ1h1fkB8jaYHiMgVcaZbUDpump,90,2026-08-28T02:48:08.613957+00:00,AVAILABLE,4265,775,4
fp1sig-898bd1ce6386c2408cbc703e,7yyDdmmRD4Xg5NP5gHQ1h1fkB8jaYHiMgVcaZbUDpump,120,2026-08-28T02:48:38.613957+00:00,AVAILABLE,4265,418,5
fp1sig-898bd1ce6386c2408cbc703e,7yyDdmmRD4Xg5NP5gHQ1h1fkB8jaYHiMgVcaZbUDpump,180,2026-08-28T02:49:38.613957+00:00,AVAILABLE,4265,418,5
fp1sig-898bd1ce6386c2408cbc703e,7yyDdmmRD4Xg5NP5gHQ1h1fkB8jaYHiMgVcaZbUDpump,300,2026-08-28T02:51:38.613957+00:00,AVAILABLE,4265,-886,7
fp1sig-8a60f7ae65f6fab765b99d51,EBLENezw3LXCbicEfdPKm5YXGbDFdzbnc7tgqN9ipump,5,2026-08-28T04:24:12.633790+00:00,AVAILABLE,2720,639,2
fp1sig-8a60f7ae65f6fab765b99d51,EBLENezw3LXCbicEfdPKm5YXGbDFdzbnc7tgqN9ipump,10,2026-08-28T04:24:17.633790+00:00,AVAILABLE,2720,-1476,4
fp1sig-8a60f7ae65f6fab765b99d51,EBLENezw3LXCbicEfdPKm5YXGbDFdzbnc7tgqN9ipump,15,2026-08-28T04:24:22.633790+00:00,AVAILABLE,2720,-1476,6
fp1sig-8a60f7ae65f6fab765b99d51,EBLENezw3LXCbicEfdPKm5YXGbDFdzbnc7tgqN9ipump,20,2026-08-28T04:24:27.633790+00:00,AVAILABLE,2720,-3842,8
fp1sig-8a60f7ae65f6fab765b99d51,EBLENezw3LXCbicEfdPKm5YXGbDFdzbnc7tgqN9ipump,30,2026-08-28T04:24:37.633790+00:00,AVAILABLE,2720,-3842,15
fp1sig-8a60f7ae65f6fab765b99d51,EBLENezw3LXCbicEfdPKm5YXGbDFdzbnc7tgqN9ipump,45,2026-08-28T04:24:52.633790+00:00,AVAILABLE,2720,-3842,21
fp1sig-8a60f7ae65f6fab765b99d51,EBLENezw3LXCbicEfdPKm5YXGbDFdzbnc7tgqN9ipump,60,2026-08-28T04:25:07.633790+00:00,AVAILABLE,8908,-3842,30
fp1sig-8a60f7ae65f6fab765b99d51,EBLENezw3LXCbicEfdPKm5YXGbDFdzbnc7tgqN9ipump,90,2026-08-28T04:25:37.633790+00:00,AVAILABLE,10698,-6462,46
fp1sig-8a60f7ae65f6fab765b99d51,EBLENezw3LXCbicEfdPKm5YXGbDFdzbnc7tgqN9ipump,120,2026-08-28T04:26:07.633790+00:00,AVAILABLE,10698,-6462,53
fp1sig-8a60f7ae65f6fab765b99d51,EBLENezw3LXCbicEfdPKm5YXGbDFdzbnc7tgqN9ipump,180,2026-08-28T04:27:07.633790+00:00,AVAILABLE,10698,-7699,64
fp1sig-8a60f7ae65f6fab765b99d51,EBLENezw3LXCbicEfdPKm5YXGbDFdzbnc7tgqN9ipump,300,2026-08-28T04:29:07.633790+00:00,AVAILABLE,10698,-8547,103
fp1sig-8be6016b7cfb9969cd0da227,CeSAfnhgX5QcPqhTbw8sN3wAS5kVnEazNKvQRw2upump,5,2026-08-27T23:27:07.315982+00:00,AVAILABLE,475,157,5
fp1sig-8be6016b7cfb9969cd0da227,CeSAfnhgX5QcPqhTbw8sN3wAS5kVnEazNKvQRw2upump,10,2026-08-27T23:27:12.315982+00:00,AVAILABLE,475,157,5
fp1sig-8be6016b7cfb9969cd0da227,CeSAfnhgX5QcPqhTbw8sN3wAS5kVnEazNKvQRw2upump,15,2026-08-27T23:27:17.315982+00:00,AVAILABLE,960,157,11
fp1sig-8be6016b7cfb9969cd0da227,CeSAfnhgX5QcPqhTbw8sN3wAS5kVnEazNKvQRw2upump,20,2026-08-27T23:27:22.315982+00:00,AVAILABLE,1290,157,15
fp1sig-8be6016b7cfb9969cd0da227,CeSAfnhgX5QcPqhTbw8sN3wAS5kVnEazNKvQRw2upump,30,2026-08-27T23:27:32.315982+00:00,AVAILABLE,1965,157,23
fp1sig-8be6016b7cfb9969cd0da227,CeSAfnhgX5QcPqhTbw8sN3wAS5kVnEazNKvQRw2upump,45,2026-08-27T23:27:47.315982+00:00,AVAILABLE,1965,-368,32
fp1sig-8be6016b7cfb9969cd0da227,CeSAfnhgX5QcPqhTbw8sN3wAS5kVnEazNKvQRw2upump,60,2026-08-27T23:28:02.315982+00:00,AVAILABLE,1965,-368,36
fp1sig-8be6016b7cfb9969cd0da227,CeSAfnhgX5QcPqhTbw8sN3wAS5kVnEazNKvQRw2upump,90,2026-08-27T23:28:32.315982+00:00,AVAILABLE,1965,-734,38
fp1sig-8be6016b7cfb9969cd0da227,CeSAfnhgX5QcPqhTbw8sN3wAS5kVnEazNKvQRw2upump,120,2026-08-27T23:29:02.315982+00:00,AVAILABLE,1965,-734,38
fp1sig-8be6016b7cfb9969cd0da227,CeSAfnhgX5QcPqhTbw8sN3wAS5kVnEazNKvQRw2upump,180,2026-08-27T23:30:02.315982+00:00,AVAILABLE,1965,-734,41
fp1sig-8be6016b7cfb9969cd0da227,CeSAfnhgX5QcPqhTbw8sN3wAS5kVnEazNKvQRw2upump,300,2026-08-27T23:32:02.315982+00:00,AVAILABLE,1965,-734,41
fp1sig-8c073fd4707dbf03de1d973f,5RixSRpY33k8ACAL4CtJvByErSd7PSfqkVv21Ze6pump,5,2026-08-28T06:11:13.540546+00:00,MISSING,,,0
fp1sig-8c073fd4707dbf03de1d973f,5RixSRpY33k8ACAL4CtJvByErSd7PSfqkVv21Ze6pump,10,2026-08-28T06:11:18.540546+00:00,MISSING,,,0
fp1sig-8c073fd4707dbf03de1d973f,5RixSRpY33k8ACAL4CtJvByErSd7PSfqkVv21Ze6pump,15,2026-08-28T06:11:23.540546+00:00,MISSING,,,0
fp1sig-8c073fd4707dbf03de1d973f,5RixSRpY33k8ACAL4CtJvByErSd7PSfqkVv21Ze6pump,20,2026-08-28T06:11:28.540546+00:00,AVAILABLE,-4510,-4510,1
fp1sig-8c073fd4707dbf03de1d973f,5RixSRpY33k8ACAL4CtJvByErSd7PSfqkVv21Ze6pump,30,2026-08-28T06:11:38.540546+00:00,AVAILABLE,-4510,-5261,2
fp1sig-8c073fd4707dbf03de1d973f,5RixSRpY33k8ACAL4CtJvByErSd7PSfqkVv21Ze6pump,45,2026-08-28T06:11:53.540546+00:00,AVAILABLE,-4510,-6446,3
fp1sig-8c073fd4707dbf03de1d973f,5RixSRpY33k8ACAL4CtJvByErSd7PSfqkVv21Ze6pump,60,2026-08-28T06:12:08.540546+00:00,AVAILABLE,-4510,-6446,5
fp1sig-8c073fd4707dbf03de1d973f,5RixSRpY33k8ACAL4CtJvByErSd7PSfqkVv21Ze6pump,90,2026-08-28T06:12:38.540546+00:00,AVAILABLE,-4510,-6446,7
fp1sig-8c073fd4707dbf03de1d973f,5RixSRpY33k8ACAL4CtJvByErSd7PSfqkVv21Ze6pump,120,2026-08-28T06:13:08.540546+00:00,AVAILABLE,-4510,-6663,13
fp1sig-8c073fd4707dbf03de1d973f,5RixSRpY33k8ACAL4CtJvByErSd7PSfqkVv21Ze6pump,180,2026-08-28T06:14:08.540546+00:00,AVAILABLE,-4510,-7843,20
fp1sig-8c073fd4707dbf03de1d973f,5RixSRpY33k8ACAL4CtJvByErSd7PSfqkVv21Ze6pump,300,2026-08-28T06:16:08.540546+00:00,AVAILABLE,-4510,-7913,21
fp1sig-8c438c80fa8057026f7b7231,DZCnaRuTsrqWxut8YSgrd13AD1T4yEwFZ59GzQkVpump,5,2026-08-28T10:46:39.789442+00:00,MISSING,,,0
fp1sig-8c438c80fa8057026f7b7231,DZCnaRuTsrqWxut8YSgrd13AD1T4yEwFZ59GzQkVpump,10,2026-08-28T10:46:44.789442+00:00,MISSING,,,0
fp1sig-8c438c80fa8057026f7b7231,DZCnaRuTsrqWxut8YSgrd13AD1T4yEwFZ59GzQkVpump,15,2026-08-28T10:46:49.789442+00:00,MISSING,,,0
fp1sig-8c438c80fa8057026f7b7231,DZCnaRuTsrqWxut8YSgrd13AD1T4yEwFZ59GzQkVpump,20,2026-08-28T10:46:54.789442+00:00,MISSING,,,0
fp1sig-8c438c80fa8057026f7b7231,DZCnaRuTsrqWxut8YSgrd13AD1T4yEwFZ59GzQkVpump,30,2026-08-28T10:47:04.789442+00:00,MISSING,,,0
fp1sig-8c438c80fa8057026f7b7231,DZCnaRuTsrqWxut8YSgrd13AD1T4yEwFZ59GzQkVpump,45,2026-08-28T10:47:19.789442+00:00,MISSING,,,0
fp1sig-8c438c80fa8057026f7b7231,DZCnaRuTsrqWxut8YSgrd13AD1T4yEwFZ59GzQkVpump,60,2026-08-28T10:47:34.789442+00:00,MISSING,,,0
fp1sig-8c438c80fa8057026f7b7231,DZCnaRuTsrqWxut8YSgrd13AD1T4yEwFZ59GzQkVpump,90,2026-08-28T10:48:04.789442+00:00,MISSING,,,0
fp1sig-8c438c80fa8057026f7b7231,DZCnaRuTsrqWxut8YSgrd13AD1T4yEwFZ59GzQkVpump,120,2026-08-28T10:48:34.789442+00:00,MISSING,,,0
fp1sig-8c438c80fa8057026f7b7231,DZCnaRuTsrqWxut8YSgrd13AD1T4yEwFZ59GzQkVpump,180,2026-08-28T10:49:34.789442+00:00,MISSING,,,0
fp1sig-8c438c80fa8057026f7b7231,DZCnaRuTsrqWxut8YSgrd13AD1T4yEwFZ59GzQkVpump,300,2026-08-28T10:51:34.789442+00:00,MISSING,,,0
fp1sig-8cbedfbd77271feedbf99e3b,EbgzCCYT2HifhFaDHdAxe68dNFQV1avQbM8rszfHpump,5,2026-08-28T02:14:22.533001+00:00,AVAILABLE,1583,-371,8
fp1sig-8cbedfbd77271feedbf99e3b,EbgzCCYT2HifhFaDHdAxe68dNFQV1avQbM8rszfHpump,10,2026-08-28T02:14:27.533001+00:00,AVAILABLE,1598,-371,10
fp1sig-8cbedfbd77271feedbf99e3b,EbgzCCYT2HifhFaDHdAxe68dNFQV1avQbM8rszfHpump,15,2026-08-28T02:14:32.533001+00:00,AVAILABLE,1598,-371,11
fp1sig-8cbedfbd77271feedbf99e3b,EbgzCCYT2HifhFaDHdAxe68dNFQV1avQbM8rszfHpump,20,2026-08-28T02:14:37.533001+00:00,AVAILABLE,1598,-371,12
fp1sig-8cbedfbd77271feedbf99e3b,EbgzCCYT2HifhFaDHdAxe68dNFQV1avQbM8rszfHpump,30,2026-08-28T02:14:47.533001+00:00,AVAILABLE,2698,-371,14
fp1sig-8cbedfbd77271feedbf99e3b,EbgzCCYT2HifhFaDHdAxe68dNFQV1avQbM8rszfHpump,45,2026-08-28T02:15:02.533001+00:00,AVAILABLE,2698,-371,19
fp1sig-8cbedfbd77271feedbf99e3b,EbgzCCYT2HifhFaDHdAxe68dNFQV1avQbM8rszfHpump,60,2026-08-28T02:15:17.533001+00:00,AVAILABLE,2698,-371,19
fp1sig-8cbedfbd77271feedbf99e3b,EbgzCCYT2HifhFaDHdAxe68dNFQV1avQbM8rszfHpump,90,2026-08-28T02:15:47.533001+00:00,AVAILABLE,2698,-371,20
fp1sig-8cbedfbd77271feedbf99e3b,EbgzCCYT2HifhFaDHdAxe68dNFQV1avQbM8rszfHpump,120,2026-08-28T02:16:17.533001+00:00,AVAILABLE,2698,-371,20
fp1sig-8cbedfbd77271feedbf99e3b,EbgzCCYT2HifhFaDHdAxe68dNFQV1avQbM8rszfHpump,180,2026-08-28T02:17:17.533001+00:00,AVAILABLE,2698,-371,20
fp1sig-8cbedfbd77271feedbf99e3b,EbgzCCYT2HifhFaDHdAxe68dNFQV1avQbM8rszfHpump,300,2026-08-28T02:19:17.533001+00:00,AVAILABLE,2698,-371,20
fp1sig-8da41ec54697333b5a5fa221,S8TvQBLKbgxSsJWAb8mDkmeU5Q6KLeP6ceeRm3Spump,5,2026-08-27T22:21:28.611837+00:00,AVAILABLE,381,381,1
fp1sig-8da41ec54697333b5a5fa221,S8TvQBLKbgxSsJWAb8mDkmeU5Q6KLeP6ceeRm3Spump,10,2026-08-27T22:21:33.611837+00:00,AVAILABLE,381,381,1
fp1sig-8da41ec54697333b5a5fa221,S8TvQBLKbgxSsJWAb8mDkmeU5Q6KLeP6ceeRm3Spump,15,2026-08-27T22:21:38.611837+00:00,AVAILABLE,2896,381,2
fp1sig-8da41ec54697333b5a5fa221,S8TvQBLKbgxSsJWAb8mDkmeU5Q6KLeP6ceeRm3Spump,20,2026-08-27T22:21:43.611837+00:00,AVAILABLE,2896,-1259,3
fp1sig-8da41ec54697333b5a5fa221,S8TvQBLKbgxSsJWAb8mDkmeU5Q6KLeP6ceeRm3Spump,30,2026-08-27T22:21:53.611837+00:00,AVAILABLE,2896,-1817,5
fp1sig-8da41ec54697333b5a5fa221,S8TvQBLKbgxSsJWAb8mDkmeU5Q6KLeP6ceeRm3Spump,45,2026-08-27T22:22:08.611837+00:00,AVAILABLE,2896,-1882,7
fp1sig-8da41ec54697333b5a5fa221,S8TvQBLKbgxSsJWAb8mDkmeU5Q6KLeP6ceeRm3Spump,60,2026-08-27T22:22:23.611837+00:00,AVAILABLE,2896,-1882,9
fp1sig-8da41ec54697333b5a5fa221,S8TvQBLKbgxSsJWAb8mDkmeU5Q6KLeP6ceeRm3Spump,90,2026-08-27T22:22:53.611837+00:00,AVAILABLE,2896,-6602,15
fp1sig-8da41ec54697333b5a5fa221,S8TvQBLKbgxSsJWAb8mDkmeU5Q6KLeP6ceeRm3Spump,120,2026-08-27T22:23:23.611837+00:00,AVAILABLE,2896,-8888,25
fp1sig-8da41ec54697333b5a5fa221,S8TvQBLKbgxSsJWAb8mDkmeU5Q6KLeP6ceeRm3Spump,180,2026-08-27T22:24:23.611837+00:00,AVAILABLE,2896,-8979,44
fp1sig-8da41ec54697333b5a5fa221,S8TvQBLKbgxSsJWAb8mDkmeU5Q6KLeP6ceeRm3Spump,300,2026-08-27T22:26:23.611837+00:00,AVAILABLE,2896,-9836,95
fp1sig-8da7514b6665505f4db9da6e,HbbUkRVghKHcsUUzhqwqqdAZEE5PN4dr4mtEc4WApump,5,2026-08-28T06:57:23.399441+00:00,AVAILABLE,-3021,-3021,1
fp1sig-8da7514b6665505f4db9da6e,HbbUkRVghKHcsUUzhqwqqdAZEE5PN4dr4mtEc4WApump,10,2026-08-28T06:57:28.399441+00:00,AVAILABLE,-2912,-5671,5
fp1sig-8da7514b6665505f4db9da6e,HbbUkRVghKHcsUUzhqwqqdAZEE5PN4dr4mtEc4WApump,15,2026-08-28T06:57:33.399441+00:00,AVAILABLE,-2912,-5671,7
fp1sig-8da7514b6665505f4db9da6e,HbbUkRVghKHcsUUzhqwqqdAZEE5PN4dr4mtEc4WApump,20,2026-08-28T06:57:38.399441+00:00,AVAILABLE,-2912,-5671,9
fp1sig-8da7514b6665505f4db9da6e,HbbUkRVghKHcsUUzhqwqqdAZEE5PN4dr4mtEc4WApump,30,2026-08-28T06:57:48.399441+00:00,AVAILABLE,-2912,-6585,15
fp1sig-8da7514b6665505f4db9da6e,HbbUkRVghKHcsUUzhqwqqdAZEE5PN4dr4mtEc4WApump,45,2026-08-28T06:58:03.399441+00:00,AVAILABLE,-2912,-8174,26
fp1sig-8da7514b6665505f4db9da6e,HbbUkRVghKHcsUUzhqwqqdAZEE5PN4dr4mtEc4WApump,60,2026-08-28T06:58:18.399441+00:00,AVAILABLE,-2912,-8838,44
fp1sig-8da7514b6665505f4db9da6e,HbbUkRVghKHcsUUzhqwqqdAZEE5PN4dr4mtEc4WApump,90,2026-08-28T06:58:48.399441+00:00,AVAILABLE,-2912,-9287,46
fp1sig-8da7514b6665505f4db9da6e,HbbUkRVghKHcsUUzhqwqqdAZEE5PN4dr4mtEc4WApump,120,2026-08-28T06:59:18.399441+00:00,AVAILABLE,-2912,-9287,46
fp1sig-8da7514b6665505f4db9da6e,HbbUkRVghKHcsUUzhqwqqdAZEE5PN4dr4mtEc4WApump,180,2026-08-28T07:00:18.399441+00:00,AVAILABLE,-2912,-9287,46
fp1sig-8da7514b6665505f4db9da6e,HbbUkRVghKHcsUUzhqwqqdAZEE5PN4dr4mtEc4WApump,300,2026-08-28T07:02:18.399441+00:00,AVAILABLE,-2912,-9287,46
fp1sig-8db2d5a80fd68545475427c2,AGm8gfwM37sCUSQyHYRFNnq3gkwzHN97Wg4GRBrtpump,5,2026-08-27T23:13:25.859625+00:00,AVAILABLE,55,55,1
fp1sig-8db2d5a80fd68545475427c2,AGm8gfwM37sCUSQyHYRFNnq3gkwzHN97Wg4GRBrtpump,10,2026-08-27T23:13:30.859625+00:00,AVAILABLE,55,55,1
fp1sig-8db2d5a80fd68545475427c2,AGm8gfwM37sCUSQyHYRFNnq3gkwzHN97Wg4GRBrtpump,15,2026-08-27T23:13:35.859625+00:00,AVAILABLE,55,-105,2
fp1sig-8db2d5a80fd68545475427c2,AGm8gfwM37sCUSQyHYRFNnq3gkwzHN97Wg4GRBrtpump,20,2026-08-27T23:13:40.859625+00:00,AVAILABLE,55,-552,4
fp1sig-8db2d5a80fd68545475427c2,AGm8gfwM37sCUSQyHYRFNnq3gkwzHN97Wg4GRBrtpump,30,2026-08-27T23:13:50.859625+00:00,AVAILABLE,432,-552,8
fp1sig-8db2d5a80fd68545475427c2,AGm8gfwM37sCUSQyHYRFNnq3gkwzHN97Wg4GRBrtpump,45,2026-08-27T23:14:05.859625+00:00,AVAILABLE,696,-552,11
fp1sig-8db2d5a80fd68545475427c2,AGm8gfwM37sCUSQyHYRFNnq3gkwzHN97Wg4GRBrtpump,60,2026-08-27T23:14:20.859625+00:00,AVAILABLE,696,-552,13
fp1sig-8db2d5a80fd68545475427c2,AGm8gfwM37sCUSQyHYRFNnq3gkwzHN97Wg4GRBrtpump,90,2026-08-27T23:14:50.859625+00:00,AVAILABLE,696,-1010,14
fp1sig-8db2d5a80fd68545475427c2,AGm8gfwM37sCUSQyHYRFNnq3gkwzHN97Wg4GRBrtpump,120,2026-08-27T23:15:20.859625+00:00,AVAILABLE,696,-1056,16
fp1sig-8db2d5a80fd68545475427c2,AGm8gfwM37sCUSQyHYRFNnq3gkwzHN97Wg4GRBrtpump,180,2026-08-27T23:16:20.859625+00:00,AVAILABLE,696,-3164,25
fp1sig-8db2d5a80fd68545475427c2,AGm8gfwM37sCUSQyHYRFNnq3gkwzHN97Wg4GRBrtpump,300,2026-08-27T23:18:20.859625+00:00,AVAILABLE,696,-3164,30
fp1sig-8ea9e6bf8bdab8c0ce1736d4,25FeRuVE7tyNDyrDkFRimV3SfaxZMzJFw2YPpbwGpump,5,2026-08-28T03:23:31.518847+00:00,AVAILABLE,2061,875,3
fp1sig-8ea9e6bf8bdab8c0ce1736d4,25FeRuVE7tyNDyrDkFRimV3SfaxZMzJFw2YPpbwGpump,10,2026-08-28T03:23:36.518847+00:00,AVAILABLE,2888,875,6
fp1sig-8ea9e6bf8bdab8c0ce1736d4,25FeRuVE7tyNDyrDkFRimV3SfaxZMzJFw2YPpbwGpump,15,2026-08-28T03:23:41.518847+00:00,AVAILABLE,2957,875,14
fp1sig-8ea9e6bf8bdab8c0ce1736d4,25FeRuVE7tyNDyrDkFRimV3SfaxZMzJFw2YPpbwGpump,20,2026-08-28T03:23:46.518847+00:00,AVAILABLE,2957,875,14
fp1sig-8ea9e6bf8bdab8c0ce1736d4,25FeRuVE7tyNDyrDkFRimV3SfaxZMzJFw2YPpbwGpump,30,2026-08-28T03:23:56.518847+00:00,AVAILABLE,2957,875,14
fp1sig-8ea9e6bf8bdab8c0ce1736d4,25FeRuVE7tyNDyrDkFRimV3SfaxZMzJFw2YPpbwGpump,45,2026-08-28T03:24:11.518847+00:00,AVAILABLE,2957,875,14
fp1sig-8ea9e6bf8bdab8c0ce1736d4,25FeRuVE7tyNDyrDkFRimV3SfaxZMzJFw2YPpbwGpump,60,2026-08-28T03:24:26.518847+00:00,AVAILABLE,2957,744,19
fp1sig-8ea9e6bf8bdab8c0ce1736d4,25FeRuVE7tyNDyrDkFRimV3SfaxZMzJFw2YPpbwGpump,90,2026-08-28T03:24:56.518847+00:00,AVAILABLE,3512,744,30
fp1sig-8ea9e6bf8bdab8c0ce1736d4,25FeRuVE7tyNDyrDkFRimV3SfaxZMzJFw2YPpbwGpump,120,2026-08-28T03:25:26.518847+00:00,AVAILABLE,3512,-616,39
fp1sig-8ea9e6bf8bdab8c0ce1736d4,25FeRuVE7tyNDyrDkFRimV3SfaxZMzJFw2YPpbwGpump,180,2026-08-28T03:26:26.518847+00:00,AVAILABLE,3512,-1838,47
fp1sig-8ea9e6bf8bdab8c0ce1736d4,25FeRuVE7tyNDyrDkFRimV3SfaxZMzJFw2YPpbwGpump,300,2026-08-28T03:28:26.518847+00:00,AVAILABLE,3512,-2280,62
fp1sig-8eaede68d680ea3a8d084685,DCDPCQwso526XtR6HeRnGjEMoyx6Vu3ori7QpcHepump,5,2026-08-28T04:07:40.991672+00:00,MISSING,,,0
fp1sig-8eaede68d680ea3a8d084685,DCDPCQwso526XtR6HeRnGjEMoyx6Vu3ori7QpcHepump,10,2026-08-28T04:07:45.991672+00:00,AVAILABLE,-2462,-2462,1
fp1sig-8eaede68d680ea3a8d084685,DCDPCQwso526XtR6HeRnGjEMoyx6Vu3ori7QpcHepump,15,2026-08-28T04:07:50.991672+00:00,AVAILABLE,-2462,-2462,1
fp1sig-8eaede68d680ea3a8d084685,DCDPCQwso526XtR6HeRnGjEMoyx6Vu3ori7QpcHepump,20,2026-08-28T04:07:55.991672+00:00,AVAILABLE,34,-2462,2
fp1sig-8eaede68d680ea3a8d084685,DCDPCQwso526XtR6HeRnGjEMoyx6Vu3ori7QpcHepump,30,2026-08-28T04:08:05.991672+00:00,AVAILABLE,34,-2462,2
fp1sig-8eaede68d680ea3a8d084685,DCDPCQwso526XtR6HeRnGjEMoyx6Vu3ori7QpcHepump,45,2026-08-28T04:08:20.991672+00:00,AVAILABLE,34,-2462,3
fp1sig-8eaede68d680ea3a8d084685,DCDPCQwso526XtR6HeRnGjEMoyx6Vu3ori7QpcHepump,60,2026-08-28T04:08:35.991672+00:00,AVAILABLE,34,-2523,4
fp1sig-8eaede68d680ea3a8d084685,DCDPCQwso526XtR6HeRnGjEMoyx6Vu3ori7QpcHepump,90,2026-08-28T04:09:05.991672+00:00,AVAILABLE,106,-2523,7
fp1sig-8eaede68d680ea3a8d084685,DCDPCQwso526XtR6HeRnGjEMoyx6Vu3ori7QpcHepump,120,2026-08-28T04:09:35.991672+00:00,AVAILABLE,106,-3853,8
fp1sig-8eaede68d680ea3a8d084685,DCDPCQwso526XtR6HeRnGjEMoyx6Vu3ori7QpcHepump,180,2026-08-28T04:10:35.991672+00:00,AVAILABLE,106,-5514,10
fp1sig-8eaede68d680ea3a8d084685,DCDPCQwso526XtR6HeRnGjEMoyx6Vu3ori7QpcHepump,300,2026-08-28T04:12:35.991672+00:00,AVAILABLE,106,-5514,14
fp1sig-8ecb8b5122fe517515872210,Eu4KS3HQyDjak2uNcAr7LkXa9qHBNh8D9gogsXDopump,5,2026-08-28T02:28:52.619426+00:00,AVAILABLE,1189,531,3
fp1sig-8ecb8b5122fe517515872210,Eu4KS3HQyDjak2uNcAr7LkXa9qHBNh8D9gogsXDopump,10,2026-08-28T02:28:57.619426+00:00,AVAILABLE,1508,531,7
fp1sig-8ecb8b5122fe517515872210,Eu4KS3HQyDjak2uNcAr7LkXa9qHBNh8D9gogsXDopump,15,2026-08-28T02:29:02.619426+00:00,AVAILABLE,2001,531,15
fp1sig-8ecb8b5122fe517515872210,Eu4KS3HQyDjak2uNcAr7LkXa9qHBNh8D9gogsXDopump,20,2026-08-28T02:29:07.619426+00:00,AVAILABLE,2001,531,15
fp1sig-8ecb8b5122fe517515872210,Eu4KS3HQyDjak2uNcAr7LkXa9qHBNh8D9gogsXDopump,30,2026-08-28T02:29:17.619426+00:00,AVAILABLE,3111,531,29
fp1sig-8ecb8b5122fe517515872210,Eu4KS3HQyDjak2uNcAr7LkXa9qHBNh8D9gogsXDopump,45,2026-08-28T02:29:32.619426+00:00,AVAILABLE,3111,531,42
fp1sig-8ecb8b5122fe517515872210,Eu4KS3HQyDjak2uNcAr7LkXa9qHBNh8D9gogsXDopump,60,2026-08-28T02:29:47.619426+00:00,AVAILABLE,3111,3,52
fp1sig-8ecb8b5122fe517515872210,Eu4KS3HQyDjak2uNcAr7LkXa9qHBNh8D9gogsXDopump,90,2026-08-28T02:30:17.619426+00:00,AVAILABLE,3111,-188,75
fp1sig-8ecb8b5122fe517515872210,Eu4KS3HQyDjak2uNcAr7LkXa9qHBNh8D9gogsXDopump,120,2026-08-28T02:30:47.619426+00:00,AVAILABLE,13472,-188,117
fp1sig-8ecb8b5122fe517515872210,Eu4KS3HQyDjak2uNcAr7LkXa9qHBNh8D9gogsXDopump,180,2026-08-28T02:31:47.619426+00:00,AVAILABLE,30739,-188,281
fp1sig-8ecb8b5122fe517515872210,Eu4KS3HQyDjak2uNcAr7LkXa9qHBNh8D9gogsXDopump,300,2026-08-28T02:33:47.619426+00:00,AVAILABLE,44272,-188,526
fp1sig-8f04567911053bca3b0417f8,ivKdYYn29kaXRHgV4N1FLj7aspuL4hQSpuKuGkSpump,5,2026-08-28T08:17:10.286047+00:00,AVAILABLE,-5762,-6071,2
fp1sig-8f04567911053bca3b0417f8,ivKdYYn29kaXRHgV4N1FLj7aspuL4hQSpuKuGkSpump,10,2026-08-28T08:17:15.286047+00:00,AVAILABLE,-5615,-6071,3
fp1sig-8f04567911053bca3b0417f8,ivKdYYn29kaXRHgV4N1FLj7aspuL4hQSpuKuGkSpump,15,2026-08-28T08:17:20.286047+00:00,AVAILABLE,-5615,-6071,3
fp1sig-8f04567911053bca3b0417f8,ivKdYYn29kaXRHgV4N1FLj7aspuL4hQSpuKuGkSpump,20,2026-08-28T08:17:25.286047+00:00,AVAILABLE,-5615,-6071,4
fp1sig-8f04567911053bca3b0417f8,ivKdYYn29kaXRHgV4N1FLj7aspuL4hQSpuKuGkSpump,30,2026-08-28T08:17:35.286047+00:00,AVAILABLE,-4796,-6071,6
fp1sig-8f04567911053bca3b0417f8,ivKdYYn29kaXRHgV4N1FLj7aspuL4hQSpuKuGkSpump,45,2026-08-28T08:17:50.286047+00:00,AVAILABLE,-4169,-6071,7
fp1sig-8f04567911053bca3b0417f8,ivKdYYn29kaXRHgV4N1FLj7aspuL4hQSpuKuGkSpump,60,2026-08-28T08:18:05.286047+00:00,AVAILABLE,-2003,-6071,9
fp1sig-8f04567911053bca3b0417f8,ivKdYYn29kaXRHgV4N1FLj7aspuL4hQSpuKuGkSpump,90,2026-08-28T08:18:35.286047+00:00,AVAILABLE,804,-6071,10
fp1sig-8f04567911053bca3b0417f8,ivKdYYn29kaXRHgV4N1FLj7aspuL4hQSpuKuGkSpump,120,2026-08-28T08:19:05.286047+00:00,AVAILABLE,804,-6071,10
fp1sig-8f04567911053bca3b0417f8,ivKdYYn29kaXRHgV4N1FLj7aspuL4hQSpuKuGkSpump,180,2026-08-28T08:20:05.286047+00:00,AVAILABLE,2476,-6071,13
fp1sig-8f04567911053bca3b0417f8,ivKdYYn29kaXRHgV4N1FLj7aspuL4hQSpuKuGkSpump,300,2026-08-28T08:22:05.286047+00:00,AVAILABLE,2476,-6071,13
fp1sig-8f3af275d88f948ffe77676b,8n9e7QoNrcDrff8qC4ixHcs2U1jB2r2QXBLs7RzXpump,5,2026-08-27T21:41:16.798621+00:00,AVAILABLE,330,330,1
fp1sig-8f3af275d88f948ffe77676b,8n9e7QoNrcDrff8qC4ixHcs2U1jB2r2QXBLs7RzXpump,10,2026-08-27T21:41:21.798621+00:00,AVAILABLE,330,326,2
fp1sig-8f3af275d88f948ffe77676b,8n9e7QoNrcDrff8qC4ixHcs2U1jB2r2QXBLs7RzXpump,15,2026-08-27T21:41:26.798621+00:00,AVAILABLE,330,137,3
fp1sig-8f3af275d88f948ffe77676b,8n9e7QoNrcDrff8qC4ixHcs2U1jB2r2QXBLs7RzXpump,20,2026-08-27T21:41:31.798621+00:00,AVAILABLE,330,137,3
fp1sig-8f3af275d88f948ffe77676b,8n9e7QoNrcDrff8qC4ixHcs2U1jB2r2QXBLs7RzXpump,30,2026-08-27T21:41:41.798621+00:00,AVAILABLE,330,17,4
fp1sig-8f3af275d88f948ffe77676b,8n9e7QoNrcDrff8qC4ixHcs2U1jB2r2QXBLs7RzXpump,45,2026-08-27T21:41:56.798621+00:00,AVAILABLE,330,-87,5
fp1sig-8f3af275d88f948ffe77676b,8n9e7QoNrcDrff8qC4ixHcs2U1jB2r2QXBLs7RzXpump,60,2026-08-27T21:42:11.798621+00:00,AVAILABLE,330,-1201,7
fp1sig-8f3af275d88f948ffe77676b,8n9e7QoNrcDrff8qC4ixHcs2U1jB2r2QXBLs7RzXpump,90,2026-08-27T21:42:41.798621+00:00,AVAILABLE,330,-1201,7
fp1sig-8f3af275d88f948ffe77676b,8n9e7QoNrcDrff8qC4ixHcs2U1jB2r2QXBLs7RzXpump,120,2026-08-27T21:43:11.798621+00:00,AVAILABLE,330,-1977,10
fp1sig-8f3af275d88f948ffe77676b,8n9e7QoNrcDrff8qC4ixHcs2U1jB2r2QXBLs7RzXpump,180,2026-08-27T21:44:11.798621+00:00,AVAILABLE,330,-1977,10
fp1sig-8f3af275d88f948ffe77676b,8n9e7QoNrcDrff8qC4ixHcs2U1jB2r2QXBLs7RzXpump,300,2026-08-27T21:46:11.798621+00:00,AVAILABLE,330,-2326,13
fp1sig-8f61042c3fd06ca7d52fe593,GUj37DQVYBkZ9E2e5x3ynLYXtjeLgq7yyQyhsemJK37Z,5,2026-08-27T19:06:33.530440+00:00,AVAILABLE,-452,-1553,6
fp1sig-8f61042c3fd06ca7d52fe593,GUj37DQVYBkZ9E2e5x3ynLYXtjeLgq7yyQyhsemJK37Z,10,2026-08-27T19:06:38.530440+00:00,AVAILABLE,-452,-1553,6
fp1sig-8f61042c3fd06ca7d52fe593,GUj37DQVYBkZ9E2e5x3ynLYXtjeLgq7yyQyhsemJK37Z,15,2026-08-27T19:06:43.530440+00:00,AVAILABLE,3174,-1553,12
fp1sig-8f61042c3fd06ca7d52fe593,GUj37DQVYBkZ9E2e5x3ynLYXtjeLgq7yyQyhsemJK37Z,20,2026-08-27T19:06:48.530440+00:00,AVAILABLE,5475,-1553,21
fp1sig-8f61042c3fd06ca7d52fe593,GUj37DQVYBkZ9E2e5x3ynLYXtjeLgq7yyQyhsemJK37Z,30,2026-08-27T19:06:58.530440+00:00,AVAILABLE,6568,-1553,28
fp1sig-8f61042c3fd06ca7d52fe593,GUj37DQVYBkZ9E2e5x3ynLYXtjeLgq7yyQyhsemJK37Z,45,2026-08-27T19:07:13.530440+00:00,AVAILABLE,6568,-1553,35
fp1sig-8f61042c3fd06ca7d52fe593,GUj37DQVYBkZ9E2e5x3ynLYXtjeLgq7yyQyhsemJK37Z,60,2026-08-27T19:07:28.530440+00:00,AVAILABLE,6568,-1553,47
fp1sig-8f61042c3fd06ca7d52fe593,GUj37DQVYBkZ9E2e5x3ynLYXtjeLgq7yyQyhsemJK37Z,90,2026-08-27T19:07:58.530440+00:00,AVAILABLE,6568,-1553,56
fp1sig-8f61042c3fd06ca7d52fe593,GUj37DQVYBkZ9E2e5x3ynLYXtjeLgq7yyQyhsemJK37Z,120,2026-08-27T19:08:28.530440+00:00,AVAILABLE,6568,-1553,61
fp1sig-8f61042c3fd06ca7d52fe593,GUj37DQVYBkZ9E2e5x3ynLYXtjeLgq7yyQyhsemJK37Z,180,2026-08-27T19:09:28.530440+00:00,AVAILABLE,6568,-1553,62
fp1sig-8f61042c3fd06ca7d52fe593,GUj37DQVYBkZ9E2e5x3ynLYXtjeLgq7yyQyhsemJK37Z,300,2026-08-27T19:11:28.530440+00:00,AVAILABLE,6568,-5693,105
fp1sig-8fc699216e9431558bc2593e,DnkBarXZ1QhoiKnN856NRk9osPzNZAwiFwRdpMepump,5,2026-08-27T13:48:44.159353+00:00,AVAILABLE,1310,672,4
fp1sig-8fc699216e9431558bc2593e,DnkBarXZ1QhoiKnN856NRk9osPzNZAwiFwRdpMepump,10,2026-08-27T13:48:49.159353+00:00,AVAILABLE,3844,672,10
fp1sig-8fc699216e9431558bc2593e,DnkBarXZ1QhoiKnN856NRk9osPzNZAwiFwRdpMepump,15,2026-08-27T13:48:54.159353+00:00,AVAILABLE,3844,672,11
fp1sig-8fc699216e9431558bc2593e,DnkBarXZ1QhoiKnN856NRk9osPzNZAwiFwRdpMepump,20,2026-08-27T13:48:59.159353+00:00,AVAILABLE,3844,672,11
fp1sig-8fc699216e9431558bc2593e,DnkBarXZ1QhoiKnN856NRk9osPzNZAwiFwRdpMepump,30,2026-08-27T13:49:09.159353+00:00,AVAILABLE,3873,672,12
fp1sig-8fc699216e9431558bc2593e,DnkBarXZ1QhoiKnN856NRk9osPzNZAwiFwRdpMepump,45,2026-08-27T13:49:24.159353+00:00,AVAILABLE,4473,672,21
fp1sig-8fc699216e9431558bc2593e,DnkBarXZ1QhoiKnN856NRk9osPzNZAwiFwRdpMepump,60,2026-08-27T13:49:39.159353+00:00,AVAILABLE,5564,672,23
fp1sig-8fc699216e9431558bc2593e,DnkBarXZ1QhoiKnN856NRk9osPzNZAwiFwRdpMepump,90,2026-08-27T13:50:09.159353+00:00,AVAILABLE,6154,672,27
fp1sig-8fc699216e9431558bc2593e,DnkBarXZ1QhoiKnN856NRk9osPzNZAwiFwRdpMepump,120,2026-08-27T13:50:39.159353+00:00,AVAILABLE,6154,672,31
fp1sig-8fc699216e9431558bc2593e,DnkBarXZ1QhoiKnN856NRk9osPzNZAwiFwRdpMepump,180,2026-08-27T13:51:39.159353+00:00,AVAILABLE,6154,672,37
fp1sig-8fc699216e9431558bc2593e,DnkBarXZ1QhoiKnN856NRk9osPzNZAwiFwRdpMepump,300,2026-08-27T13:53:39.159353+00:00,AVAILABLE,6154,672,44
fp1sig-901177f59f96239eaa84dc56,DcnPMCbsos3fnukHdQupygr49xNecpRH8w7hHGxRpump,5,2026-08-28T03:26:03.779363+00:00,AVAILABLE,-395,-395,1
fp1sig-901177f59f96239eaa84dc56,DcnPMCbsos3fnukHdQupygr49xNecpRH8w7hHGxRpump,10,2026-08-28T03:26:08.779363+00:00,AVAILABLE,-395,-395,1
fp1sig-901177f59f96239eaa84dc56,DcnPMCbsos3fnukHdQupygr49xNecpRH8w7hHGxRpump,15,2026-08-28T03:26:13.779363+00:00,AVAILABLE,3698,-395,23
fp1sig-901177f59f96239eaa84dc56,DcnPMCbsos3fnukHdQupygr49xNecpRH8w7hHGxRpump,20,2026-08-28T03:26:18.779363+00:00,AVAILABLE,4677,-395,34
fp1sig-901177f59f96239eaa84dc56,DcnPMCbsos3fnukHdQupygr49xNecpRH8w7hHGxRpump,30,2026-08-28T03:26:28.779363+00:00,AVAILABLE,4677,-395,40
fp1sig-901177f59f96239eaa84dc56,DcnPMCbsos3fnukHdQupygr49xNecpRH8w7hHGxRpump,45,2026-08-28T03:26:43.779363+00:00,AVAILABLE,10168,-395,94
fp1sig-901177f59f96239eaa84dc56,DcnPMCbsos3fnukHdQupygr49xNecpRH8w7hHGxRpump,60,2026-08-28T03:26:58.779363+00:00,AVAILABLE,10168,-395,104
fp1sig-901177f59f96239eaa84dc56,DcnPMCbsos3fnukHdQupygr49xNecpRH8w7hHGxRpump,90,2026-08-28T03:27:28.779363+00:00,AVAILABLE,10168,-395,139
fp1sig-901177f59f96239eaa84dc56,DcnPMCbsos3fnukHdQupygr49xNecpRH8w7hHGxRpump,120,2026-08-28T03:27:58.779363+00:00,AVAILABLE,10168,-395,165
fp1sig-901177f59f96239eaa84dc56,DcnPMCbsos3fnukHdQupygr49xNecpRH8w7hHGxRpump,180,2026-08-28T03:28:58.779363+00:00,AVAILABLE,10168,-395,197
fp1sig-901177f59f96239eaa84dc56,DcnPMCbsos3fnukHdQupygr49xNecpRH8w7hHGxRpump,300,2026-08-28T03:30:58.779363+00:00,AVAILABLE,10168,-5350,239
fp1sig-90490cfb9c56d6ed784b7f6b,EFDVU5rhNFVUkzbS25gX1c4Ur5dmPfytDtf5RhAXpump,5,2026-08-28T08:16:56.160320+00:00,MISSING,,,0
fp1sig-90490cfb9c56d6ed784b7f6b,EFDVU5rhNFVUkzbS25gX1c4Ur5dmPfytDtf5RhAXpump,10,2026-08-28T08:17:01.160320+00:00,AVAILABLE,-832,-832,1
fp1sig-90490cfb9c56d6ed784b7f6b,EFDVU5rhNFVUkzbS25gX1c4Ur5dmPfytDtf5RhAXpump,15,2026-08-28T08:17:06.160320+00:00,AVAILABLE,-832,-832,1
fp1sig-90490cfb9c56d6ed784b7f6b,EFDVU5rhNFVUkzbS25gX1c4Ur5dmPfytDtf5RhAXpump,20,2026-08-28T08:17:11.160320+00:00,AVAILABLE,308,-832,5
fp1sig-90490cfb9c56d6ed784b7f6b,EFDVU5rhNFVUkzbS25gX1c4Ur5dmPfytDtf5RhAXpump,30,2026-08-28T08:17:21.160320+00:00,AVAILABLE,308,-832,5
fp1sig-90490cfb9c56d6ed784b7f6b,EFDVU5rhNFVUkzbS25gX1c4Ur5dmPfytDtf5RhAXpump,45,2026-08-28T08:17:36.160320+00:00,AVAILABLE,308,-832,5
fp1sig-90490cfb9c56d6ed784b7f6b,EFDVU5rhNFVUkzbS25gX1c4Ur5dmPfytDtf5RhAXpump,60,2026-08-28T08:17:51.160320+00:00,AVAILABLE,308,-832,5
fp1sig-90490cfb9c56d6ed784b7f6b,EFDVU5rhNFVUkzbS25gX1c4Ur5dmPfytDtf5RhAXpump,90,2026-08-28T08:18:21.160320+00:00,AVAILABLE,308,-832,5
fp1sig-90490cfb9c56d6ed784b7f6b,EFDVU5rhNFVUkzbS25gX1c4Ur5dmPfytDtf5RhAXpump,120,2026-08-28T08:18:51.160320+00:00,AVAILABLE,308,-832,7
fp1sig-90490cfb9c56d6ed784b7f6b,EFDVU5rhNFVUkzbS25gX1c4Ur5dmPfytDtf5RhAXpump,180,2026-08-28T08:19:51.160320+00:00,AVAILABLE,308,-832,8
fp1sig-90490cfb9c56d6ed784b7f6b,EFDVU5rhNFVUkzbS25gX1c4Ur5dmPfytDtf5RhAXpump,300,2026-08-28T08:21:51.160320+00:00,AVAILABLE,308,-832,8
fp1sig-9056c8534577a57b5089e467,HX1ubEoRULP5Ro5j5x5BxPhfHjnrxpRKUmTuJdq6pump,5,2026-08-28T08:57:49.208252+00:00,AVAILABLE,1560,-1138,8
fp1sig-9056c8534577a57b5089e467,HX1ubEoRULP5Ro5j5x5BxPhfHjnrxpRKUmTuJdq6pump,10,2026-08-28T08:57:54.208252+00:00,AVAILABLE,2006,-1138,14
fp1sig-9056c8534577a57b5089e467,HX1ubEoRULP5Ro5j5x5BxPhfHjnrxpRKUmTuJdq6pump,15,2026-08-28T08:57:59.208252+00:00,AVAILABLE,3330,-1138,19
fp1sig-9056c8534577a57b5089e467,HX1ubEoRULP5Ro5j5x5BxPhfHjnrxpRKUmTuJdq6pump,20,2026-08-28T08:58:04.208252+00:00,AVAILABLE,4059,-1138,23
fp1sig-9056c8534577a57b5089e467,HX1ubEoRULP5Ro5j5x5BxPhfHjnrxpRKUmTuJdq6pump,30,2026-08-28T08:58:14.208252+00:00,AVAILABLE,4617,-1138,28
fp1sig-9056c8534577a57b5089e467,HX1ubEoRULP5Ro5j5x5BxPhfHjnrxpRKUmTuJdq6pump,45,2026-08-28T08:58:29.208252+00:00,AVAILABLE,9197,-1138,48
fp1sig-9056c8534577a57b5089e467,HX1ubEoRULP5Ro5j5x5BxPhfHjnrxpRKUmTuJdq6pump,60,2026-08-28T08:58:44.208252+00:00,AVAILABLE,11468,-1138,68
fp1sig-9056c8534577a57b5089e467,HX1ubEoRULP5Ro5j5x5BxPhfHjnrxpRKUmTuJdq6pump,90,2026-08-28T08:59:14.208252+00:00,AVAILABLE,15079,-1138,104
fp1sig-9056c8534577a57b5089e467,HX1ubEoRULP5Ro5j5x5BxPhfHjnrxpRKUmTuJdq6pump,120,2026-08-28T08:59:44.208252+00:00,AVAILABLE,15289,-1138,136
fp1sig-9056c8534577a57b5089e467,HX1ubEoRULP5Ro5j5x5BxPhfHjnrxpRKUmTuJdq6pump,180,2026-08-28T09:00:44.208252+00:00,AVAILABLE,15289,-1138,156
fp1sig-9056c8534577a57b5089e467,HX1ubEoRULP5Ro5j5x5BxPhfHjnrxpRKUmTuJdq6pump,300,2026-08-28T09:02:44.208252+00:00,AVAILABLE,15289,-1138,205
fp1sig-90cabc47f4229e97c1071e1a,5Vr8AkzfbdzmDgVc8K9AWZEZQEA1VU8h5Q8hY1Jppump,5,2026-08-28T03:04:07.495665+00:00,AVAILABLE,2514,-754,2
fp1sig-90cabc47f4229e97c1071e1a,5Vr8AkzfbdzmDgVc8K9AWZEZQEA1VU8h5Q8hY1Jppump,10,2026-08-28T03:04:12.495665+00:00,AVAILABLE,2514,-754,3
fp1sig-90cabc47f4229e97c1071e1a,5Vr8AkzfbdzmDgVc8K9AWZEZQEA1VU8h5Q8hY1Jppump,15,2026-08-28T03:04:17.495665+00:00,AVAILABLE,2514,-2851,5
fp1sig-90cabc47f4229e97c1071e1a,5Vr8AkzfbdzmDgVc8K9AWZEZQEA1VU8h5Q8hY1Jppump,20,2026-08-28T03:04:22.495665+00:00,AVAILABLE,2514,-5319,8
fp1sig-90cabc47f4229e97c1071e1a,5Vr8AkzfbdzmDgVc8K9AWZEZQEA1VU8h5Q8hY1Jppump,30,2026-08-28T03:04:32.495665+00:00,AVAILABLE,2514,-6944,12
fp1sig-90cabc47f4229e97c1071e1a,5Vr8AkzfbdzmDgVc8K9AWZEZQEA1VU8h5Q8hY1Jppump,45,2026-08-28T03:04:47.495665+00:00,AVAILABLE,2514,-6944,18
fp1sig-90cabc47f4229e97c1071e1a,5Vr8AkzfbdzmDgVc8K9AWZEZQEA1VU8h5Q8hY1Jppump,60,2026-08-28T03:05:02.495665+00:00,AVAILABLE,2514,-7743,24
fp1sig-90cabc47f4229e97c1071e1a,5Vr8AkzfbdzmDgVc8K9AWZEZQEA1VU8h5Q8hY1Jppump,90,2026-08-28T03:05:32.495665+00:00,AVAILABLE,2514,-8154,29
fp1sig-90cabc47f4229e97c1071e1a,5Vr8AkzfbdzmDgVc8K9AWZEZQEA1VU8h5Q8hY1Jppump,120,2026-08-28T03:06:02.495665+00:00,AVAILABLE,2514,-8154,29
fp1sig-90cabc47f4229e97c1071e1a,5Vr8AkzfbdzmDgVc8K9AWZEZQEA1VU8h5Q8hY1Jppump,180,2026-08-28T03:07:02.495665+00:00,AVAILABLE,2514,-8154,29
fp1sig-90cabc47f4229e97c1071e1a,5Vr8AkzfbdzmDgVc8K9AWZEZQEA1VU8h5Q8hY1Jppump,300,2026-08-28T03:09:02.495665+00:00,AVAILABLE,2514,-8154,29
fp1sig-90d34bc4411a092aa689a7fd,8YgjvLnRnDniTWZScx7gVZJRWhU5bmaEywdGFoSppump,5,2026-08-27T22:12:57.843481+00:00,AVAILABLE,143,30,10
fp1sig-90d34bc4411a092aa689a7fd,8YgjvLnRnDniTWZScx7gVZJRWhU5bmaEywdGFoSppump,10,2026-08-27T22:13:02.843481+00:00,AVAILABLE,143,30,17
fp1sig-90d34bc4411a092aa689a7fd,8YgjvLnRnDniTWZScx7gVZJRWhU5bmaEywdGFoSppump,15,2026-08-27T22:13:07.843481+00:00,AVAILABLE,154,30,24
fp1sig-90d34bc4411a092aa689a7fd,8YgjvLnRnDniTWZScx7gVZJRWhU5bmaEywdGFoSppump,20,2026-08-27T22:13:12.843481+00:00,AVAILABLE,311,30,33
fp1sig-90d34bc4411a092aa689a7fd,8YgjvLnRnDniTWZScx7gVZJRWhU5bmaEywdGFoSppump,30,2026-08-27T22:13:22.843481+00:00,AVAILABLE,311,30,39
fp1sig-90d34bc4411a092aa689a7fd,8YgjvLnRnDniTWZScx7gVZJRWhU5bmaEywdGFoSppump,45,2026-08-27T22:13:37.843481+00:00,AVAILABLE,311,-786,51
fp1sig-90d34bc4411a092aa689a7fd,8YgjvLnRnDniTWZScx7gVZJRWhU5bmaEywdGFoSppump,60,2026-08-27T22:13:52.843481+00:00,AVAILABLE,311,-799,75
fp1sig-90d34bc4411a092aa689a7fd,8YgjvLnRnDniTWZScx7gVZJRWhU5bmaEywdGFoSppump,90,2026-08-27T22:14:22.843481+00:00,AVAILABLE,311,-799,111
fp1sig-90d34bc4411a092aa689a7fd,8YgjvLnRnDniTWZScx7gVZJRWhU5bmaEywdGFoSppump,120,2026-08-27T22:14:52.843481+00:00,AVAILABLE,460,-5259,232
fp1sig-90d34bc4411a092aa689a7fd,8YgjvLnRnDniTWZScx7gVZJRWhU5bmaEywdGFoSppump,180,2026-08-27T22:15:52.843481+00:00,AVAILABLE,460,-5259,255
fp1sig-90d34bc4411a092aa689a7fd,8YgjvLnRnDniTWZScx7gVZJRWhU5bmaEywdGFoSppump,300,2026-08-27T22:17:52.843481+00:00,AVAILABLE,460,-5259,258
fp1sig-90e64eb678c2bb5dc45df5de,FVKnJxkng1TQ4MmnvXJkx71r1a9vWXYxtVDPXgDipump,5,2026-08-27T18:24:36.618153+00:00,AVAILABLE,1139,1139,1
fp1sig-90e64eb678c2bb5dc45df5de,FVKnJxkng1TQ4MmnvXJkx71r1a9vWXYxtVDPXgDipump,10,2026-08-27T18:24:41.618153+00:00,AVAILABLE,1139,1139,1
fp1sig-90e64eb678c2bb5dc45df5de,FVKnJxkng1TQ4MmnvXJkx71r1a9vWXYxtVDPXgDipump,15,2026-08-27T18:24:46.618153+00:00,AVAILABLE,1139,1139,1
fp1sig-90e64eb678c2bb5dc45df5de,FVKnJxkng1TQ4MmnvXJkx71r1a9vWXYxtVDPXgDipump,20,2026-08-27T18:24:51.618153+00:00,AVAILABLE,1139,807,2
fp1sig-90e64eb678c2bb5dc45df5de,FVKnJxkng1TQ4MmnvXJkx71r1a9vWXYxtVDPXgDipump,30,2026-08-27T18:25:01.618153+00:00,AVAILABLE,1139,421,3
fp1sig-90e64eb678c2bb5dc45df5de,FVKnJxkng1TQ4MmnvXJkx71r1a9vWXYxtVDPXgDipump,45,2026-08-27T18:25:16.618153+00:00,AVAILABLE,1139,421,3
fp1sig-90e64eb678c2bb5dc45df5de,FVKnJxkng1TQ4MmnvXJkx71r1a9vWXYxtVDPXgDipump,60,2026-08-27T18:25:31.618153+00:00,AVAILABLE,1139,421,5
fp1sig-90e64eb678c2bb5dc45df5de,FVKnJxkng1TQ4MmnvXJkx71r1a9vWXYxtVDPXgDipump,90,2026-08-27T18:26:01.618153+00:00,AVAILABLE,1139,421,10
fp1sig-90e64eb678c2bb5dc45df5de,FVKnJxkng1TQ4MmnvXJkx71r1a9vWXYxtVDPXgDipump,120,2026-08-27T18:26:31.618153+00:00,AVAILABLE,1139,-512,15
fp1sig-90e64eb678c2bb5dc45df5de,FVKnJxkng1TQ4MmnvXJkx71r1a9vWXYxtVDPXgDipump,180,2026-08-27T18:27:31.618153+00:00,AVAILABLE,6150,-512,33
fp1sig-90e64eb678c2bb5dc45df5de,FVKnJxkng1TQ4MmnvXJkx71r1a9vWXYxtVDPXgDipump,300,2026-08-27T18:29:31.618153+00:00,AVAILABLE,6734,-512,76
fp1sig-90fd26ab4c3c5380112d7b9c,GQ9qYBwj5zG1xH4Ew2Rcpw6r5aDVmvpQZpTKLqf5pump,5,2026-08-28T07:34:31.953151+00:00,AVAILABLE,106,-3182,3
fp1sig-90fd26ab4c3c5380112d7b9c,GQ9qYBwj5zG1xH4Ew2Rcpw6r5aDVmvpQZpTKLqf5pump,10,2026-08-28T07:34:36.953151+00:00,AVAILABLE,106,-6878,7
fp1sig-90fd26ab4c3c5380112d7b9c,GQ9qYBwj5zG1xH4Ew2Rcpw6r5aDVmvpQZpTKLqf5pump,15,2026-08-28T07:34:41.953151+00:00,AVAILABLE,106,-6878,8
fp1sig-90fd26ab4c3c5380112d7b9c,GQ9qYBwj5zG1xH4Ew2Rcpw6r5aDVmvpQZpTKLqf5pump,20,2026-08-28T07:34:46.953151+00:00,AVAILABLE,106,-6878,8
fp1sig-90fd26ab4c3c5380112d7b9c,GQ9qYBwj5zG1xH4Ew2Rcpw6r5aDVmvpQZpTKLqf5pump,30,2026-08-28T07:34:56.953151+00:00,AVAILABLE,106,-6878,15
fp1sig-90fd26ab4c3c5380112d7b9c,GQ9qYBwj5zG1xH4Ew2Rcpw6r5aDVmvpQZpTKLqf5pump,45,2026-08-28T07:35:11.953151+00:00,AVAILABLE,106,-8330,31
fp1sig-90fd26ab4c3c5380112d7b9c,GQ9qYBwj5zG1xH4Ew2Rcpw6r5aDVmvpQZpTKLqf5pump,60,2026-08-28T07:35:26.953151+00:00,AVAILABLE,106,-8330,46
fp1sig-90fd26ab4c3c5380112d7b9c,GQ9qYBwj5zG1xH4Ew2Rcpw6r5aDVmvpQZpTKLqf5pump,90,2026-08-28T07:35:56.953151+00:00,AVAILABLE,106,-8330,66
fp1sig-90fd26ab4c3c5380112d7b9c,GQ9qYBwj5zG1xH4Ew2Rcpw6r5aDVmvpQZpTKLqf5pump,120,2026-08-28T07:36:26.953151+00:00,AVAILABLE,106,-8836,124
fp1sig-90fd26ab4c3c5380112d7b9c,GQ9qYBwj5zG1xH4Ew2Rcpw6r5aDVmvpQZpTKLqf5pump,180,2026-08-28T07:37:26.953151+00:00,AVAILABLE,106,-8836,158
fp1sig-90fd26ab4c3c5380112d7b9c,GQ9qYBwj5zG1xH4Ew2Rcpw6r5aDVmvpQZpTKLqf5pump,300,2026-08-28T07:39:26.953151+00:00,AVAILABLE,106,-8836,174
fp1sig-9191c3bef732f06651744c5e,EzSYuJeLzS1AADTYrKgYggAEaehej8KXSkekeXhMpump,5,2026-08-28T03:07:09.723136+00:00,AVAILABLE,-4102,-5267,2
fp1sig-9191c3bef732f06651744c5e,EzSYuJeLzS1AADTYrKgYggAEaehej8KXSkekeXhMpump,10,2026-08-28T03:07:14.723136+00:00,AVAILABLE,-2761,-5277,5
fp1sig-9191c3bef732f06651744c5e,EzSYuJeLzS1AADTYrKgYggAEaehej8KXSkekeXhMpump,15,2026-08-28T03:07:19.723136+00:00,AVAILABLE,-2761,-5277,7
fp1sig-9191c3bef732f06651744c5e,EzSYuJeLzS1AADTYrKgYggAEaehej8KXSkekeXhMpump,20,2026-08-28T03:07:24.723136+00:00,AVAILABLE,-2761,-5277,8
fp1sig-9191c3bef732f06651744c5e,EzSYuJeLzS1AADTYrKgYggAEaehej8KXSkekeXhMpump,30,2026-08-28T03:07:34.723136+00:00,AVAILABLE,-2761,-5277,9
fp1sig-9191c3bef732f06651744c5e,EzSYuJeLzS1AADTYrKgYggAEaehej8KXSkekeXhMpump,45,2026-08-28T03:07:49.723136+00:00,AVAILABLE,-2761,-7153,13
fp1sig-9191c3bef732f06651744c5e,EzSYuJeLzS1AADTYrKgYggAEaehej8KXSkekeXhMpump,60,2026-08-28T03:08:04.723136+00:00,AVAILABLE,-2761,-7506,17
fp1sig-9191c3bef732f06651744c5e,EzSYuJeLzS1AADTYrKgYggAEaehej8KXSkekeXhMpump,90,2026-08-28T03:08:34.723136+00:00,AVAILABLE,-2761,-7863,27
fp1sig-9191c3bef732f06651744c5e,EzSYuJeLzS1AADTYrKgYggAEaehej8KXSkekeXhMpump,120,2026-08-28T03:09:04.723136+00:00,AVAILABLE,-2761,-9207,37
fp1sig-9191c3bef732f06651744c5e,EzSYuJeLzS1AADTYrKgYggAEaehej8KXSkekeXhMpump,180,2026-08-28T03:10:04.723136+00:00,AVAILABLE,-2761,-9292,51
fp1sig-9191c3bef732f06651744c5e,EzSYuJeLzS1AADTYrKgYggAEaehej8KXSkekeXhMpump,300,2026-08-28T03:12:04.723136+00:00,AVAILABLE,-2761,-9292,68
fp1sig-93018a6920949384602311e2,BLy6zeBCaYLMvwBz96b1dQ6FFszoWU22NbawkaxDpump,5,2026-08-27T20:26:36.094397+00:00,AVAILABLE,1496,340,3
fp1sig-93018a6920949384602311e2,BLy6zeBCaYLMvwBz96b1dQ6FFszoWU22NbawkaxDpump,10,2026-08-27T20:26:41.094397+00:00,AVAILABLE,2917,340,7
fp1sig-93018a6920949384602311e2,BLy6zeBCaYLMvwBz96b1dQ6FFszoWU22NbawkaxDpump,15,2026-08-27T20:26:46.094397+00:00,AVAILABLE,2917,340,7
fp1sig-93018a6920949384602311e2,BLy6zeBCaYLMvwBz96b1dQ6FFszoWU22NbawkaxDpump,20,2026-08-27T20:26:51.094397+00:00,AVAILABLE,2917,340,11
fp1sig-93018a6920949384602311e2,BLy6zeBCaYLMvwBz96b1dQ6FFszoWU22NbawkaxDpump,30,2026-08-27T20:27:01.094397+00:00,AVAILABLE,2917,-1217,13
fp1sig-93018a6920949384602311e2,BLy6zeBCaYLMvwBz96b1dQ6FFszoWU22NbawkaxDpump,45,2026-08-27T20:27:16.094397+00:00,AVAILABLE,2917,-1217,16
fp1sig-93018a6920949384602311e2,BLy6zeBCaYLMvwBz96b1dQ6FFszoWU22NbawkaxDpump,60,2026-08-27T20:27:31.094397+00:00,AVAILABLE,2917,-1217,20
fp1sig-93018a6920949384602311e2,BLy6zeBCaYLMvwBz96b1dQ6FFszoWU22NbawkaxDpump,90,2026-08-27T20:28:01.094397+00:00,AVAILABLE,2917,-1217,23
fp1sig-93018a6920949384602311e2,BLy6zeBCaYLMvwBz96b1dQ6FFszoWU22NbawkaxDpump,120,2026-08-27T20:28:31.094397+00:00,AVAILABLE,2917,-1217,25
fp1sig-93018a6920949384602311e2,BLy6zeBCaYLMvwBz96b1dQ6FFszoWU22NbawkaxDpump,180,2026-08-27T20:29:31.094397+00:00,AVAILABLE,2917,-1258,38
fp1sig-93018a6920949384602311e2,BLy6zeBCaYLMvwBz96b1dQ6FFszoWU22NbawkaxDpump,300,2026-08-27T20:31:31.094397+00:00,AVAILABLE,2917,-3071,52
fp1sig-93eeb295cc2fc8e474fcb569,7vjzbz7uSedWuqo6wZ8i9LqN7PWv8mv4UAsgCxWMpump,5,2026-08-28T10:07:58.171989+00:00,AVAILABLE,109,109,1
fp1sig-93eeb295cc2fc8e474fcb569,7vjzbz7uSedWuqo6wZ8i9LqN7PWv8mv4UAsgCxWMpump,10,2026-08-28T10:08:03.171989+00:00,AVAILABLE,109,46,2
fp1sig-93eeb295cc2fc8e474fcb569,7vjzbz7uSedWuqo6wZ8i9LqN7PWv8mv4UAsgCxWMpump,15,2026-08-28T10:08:08.171989+00:00,AVAILABLE,109,2,3
fp1sig-93eeb295cc2fc8e474fcb569,7vjzbz7uSedWuqo6wZ8i9LqN7PWv8mv4UAsgCxWMpump,20,2026-08-28T10:08:13.171989+00:00,AVAILABLE,109,2,3
fp1sig-93eeb295cc2fc8e474fcb569,7vjzbz7uSedWuqo6wZ8i9LqN7PWv8mv4UAsgCxWMpump,30,2026-08-28T10:08:23.171989+00:00,AVAILABLE,109,-6,4
fp1sig-93eeb295cc2fc8e474fcb569,7vjzbz7uSedWuqo6wZ8i9LqN7PWv8mv4UAsgCxWMpump,45,2026-08-28T10:08:38.171989+00:00,AVAILABLE,109,-6,4
fp1sig-93eeb295cc2fc8e474fcb569,7vjzbz7uSedWuqo6wZ8i9LqN7PWv8mv4UAsgCxWMpump,60,2026-08-28T10:08:53.171989+00:00,AVAILABLE,109,-6,4
fp1sig-93eeb295cc2fc8e474fcb569,7vjzbz7uSedWuqo6wZ8i9LqN7PWv8mv4UAsgCxWMpump,90,2026-08-28T10:09:23.171989+00:00,AVAILABLE,109,-10,5
fp1sig-93eeb295cc2fc8e474fcb569,7vjzbz7uSedWuqo6wZ8i9LqN7PWv8mv4UAsgCxWMpump,120,2026-08-28T10:09:53.171989+00:00,AVAILABLE,109,-10,6
fp1sig-93eeb295cc2fc8e474fcb569,7vjzbz7uSedWuqo6wZ8i9LqN7PWv8mv4UAsgCxWMpump,180,2026-08-28T10:10:53.171989+00:00,AVAILABLE,109,-10,6
fp1sig-93eeb295cc2fc8e474fcb569,7vjzbz7uSedWuqo6wZ8i9LqN7PWv8mv4UAsgCxWMpump,300,2026-08-28T10:12:53.171989+00:00,AVAILABLE,109,-691,10
fp1sig-947b5e620d0af90aff4cd16c,4dzkhPVu47WNYQCVgq3chJ4ia2A21wKcsXwrEaJRpump,5,2026-08-28T04:34:57.592524+00:00,AVAILABLE,13604,1149,26
fp1sig-947b5e620d0af90aff4cd16c,4dzkhPVu47WNYQCVgq3chJ4ia2A21wKcsXwrEaJRpump,10,2026-08-28T04:35:02.592524+00:00,AVAILABLE,13604,1149,35
fp1sig-947b5e620d0af90aff4cd16c,4dzkhPVu47WNYQCVgq3chJ4ia2A21wKcsXwrEaJRpump,15,2026-08-28T04:35:07.592524+00:00,AVAILABLE,17102,1149,48
fp1sig-947b5e620d0af90aff4cd16c,4dzkhPVu47WNYQCVgq3chJ4ia2A21wKcsXwrEaJRpump,20,2026-08-28T04:35:12.592524+00:00,AVAILABLE,17102,1149,54
fp1sig-947b5e620d0af90aff4cd16c,4dzkhPVu47WNYQCVgq3chJ4ia2A21wKcsXwrEaJRpump,30,2026-08-28T04:35:22.592524+00:00,AVAILABLE,17102,1149,63
fp1sig-947b5e620d0af90aff4cd16c,4dzkhPVu47WNYQCVgq3chJ4ia2A21wKcsXwrEaJRpump,45,2026-08-28T04:35:37.592524+00:00,AVAILABLE,17999,1149,89
fp1sig-947b5e620d0af90aff4cd16c,4dzkhPVu47WNYQCVgq3chJ4ia2A21wKcsXwrEaJRpump,60,2026-08-28T04:35:52.592524+00:00,AVAILABLE,22852,1149,120
fp1sig-947b5e620d0af90aff4cd16c,4dzkhPVu47WNYQCVgq3chJ4ia2A21wKcsXwrEaJRpump,90,2026-08-28T04:36:22.592524+00:00,AVAILABLE,22852,1149,166
fp1sig-947b5e620d0af90aff4cd16c,4dzkhPVu47WNYQCVgq3chJ4ia2A21wKcsXwrEaJRpump,120,2026-08-28T04:36:52.592524+00:00,AVAILABLE,26799,1149,230
fp1sig-947b5e620d0af90aff4cd16c,4dzkhPVu47WNYQCVgq3chJ4ia2A21wKcsXwrEaJRpump,180,2026-08-28T04:37:52.592524+00:00,AVAILABLE,26799,1149,353
fp1sig-947b5e620d0af90aff4cd16c,4dzkhPVu47WNYQCVgq3chJ4ia2A21wKcsXwrEaJRpump,300,2026-08-28T04:39:52.592524+00:00,AVAILABLE,26799,-2033,389
fp1sig-9512d79049a57770749be23d,EFmGNjLuu1TDaSBesxrbUY2LrqykMHY9i4fr5LWNpump,5,2026-08-27T14:59:57.306049+00:00,AVAILABLE,-1086,-1086,1
fp1sig-9512d79049a57770749be23d,EFmGNjLuu1TDaSBesxrbUY2LrqykMHY9i4fr5LWNpump,10,2026-08-27T15:00:02.306049+00:00,AVAILABLE,-1070,-1086,2
fp1sig-9512d79049a57770749be23d,EFmGNjLuu1TDaSBesxrbUY2LrqykMHY9i4fr5LWNpump,15,2026-08-27T15:00:07.306049+00:00,AVAILABLE,-1070,-1086,2
fp1sig-9512d79049a57770749be23d,EFmGNjLuu1TDaSBesxrbUY2LrqykMHY9i4fr5LWNpump,20,2026-08-27T15:00:12.306049+00:00,AVAILABLE,-845,-1086,5
fp1sig-9512d79049a57770749be23d,EFmGNjLuu1TDaSBesxrbUY2LrqykMHY9i4fr5LWNpump,30,2026-08-27T15:00:22.306049+00:00,AVAILABLE,1595,-1086,9
fp1sig-9512d79049a57770749be23d,EFmGNjLuu1TDaSBesxrbUY2LrqykMHY9i4fr5LWNpump,45,2026-08-27T15:00:37.306049+00:00,AVAILABLE,1595,-1086,9
fp1sig-9512d79049a57770749be23d,EFmGNjLuu1TDaSBesxrbUY2LrqykMHY9i4fr5LWNpump,60,2026-08-27T15:00:52.306049+00:00,AVAILABLE,1595,-1086,11
fp1sig-9512d79049a57770749be23d,EFmGNjLuu1TDaSBesxrbUY2LrqykMHY9i4fr5LWNpump,90,2026-08-27T15:01:22.306049+00:00,AVAILABLE,1595,-1086,11
fp1sig-9512d79049a57770749be23d,EFmGNjLuu1TDaSBesxrbUY2LrqykMHY9i4fr5LWNpump,120,2026-08-27T15:01:52.306049+00:00,AVAILABLE,1595,-1086,11
fp1sig-9512d79049a57770749be23d,EFmGNjLuu1TDaSBesxrbUY2LrqykMHY9i4fr5LWNpump,180,2026-08-27T15:02:52.306049+00:00,AVAILABLE,1595,-1086,12
fp1sig-9512d79049a57770749be23d,EFmGNjLuu1TDaSBesxrbUY2LrqykMHY9i4fr5LWNpump,300,2026-08-27T15:04:52.306049+00:00,AVAILABLE,1595,-2849,24
fp1sig-95cfb930e96c6b9dcaade597,GTusiVHZU3rZHam1y593pLC1JLkiQt3gXcjSkN2rpump,5,2026-08-28T01:59:19.289949+00:00,AVAILABLE,229,229,1
fp1sig-95cfb930e96c6b9dcaade597,GTusiVHZU3rZHam1y593pLC1JLkiQt3gXcjSkN2rpump,10,2026-08-28T01:59:24.289949+00:00,AVAILABLE,1940,229,2
fp1sig-95cfb930e96c6b9dcaade597,GTusiVHZU3rZHam1y593pLC1JLkiQt3gXcjSkN2rpump,15,2026-08-28T01:59:29.289949+00:00,AVAILABLE,1941,229,3
fp1sig-95cfb930e96c6b9dcaade597,GTusiVHZU3rZHam1y593pLC1JLkiQt3gXcjSkN2rpump,20,2026-08-28T01:59:34.289949+00:00,AVAILABLE,3059,229,5
fp1sig-95cfb930e96c6b9dcaade597,GTusiVHZU3rZHam1y593pLC1JLkiQt3gXcjSkN2rpump,30,2026-08-28T01:59:44.289949+00:00,AVAILABLE,7563,229,8
fp1sig-95cfb930e96c6b9dcaade597,GTusiVHZU3rZHam1y593pLC1JLkiQt3gXcjSkN2rpump,45,2026-08-28T01:59:59.289949+00:00,AVAILABLE,10495,229,11
fp1sig-95cfb930e96c6b9dcaade597,GTusiVHZU3rZHam1y593pLC1JLkiQt3gXcjSkN2rpump,60,2026-08-28T02:00:14.289949+00:00,AVAILABLE,11801,229,18
fp1sig-95cfb930e96c6b9dcaade597,GTusiVHZU3rZHam1y593pLC1JLkiQt3gXcjSkN2rpump,90,2026-08-28T02:00:44.289949+00:00,AVAILABLE,11801,-1283,27
fp1sig-95cfb930e96c6b9dcaade597,GTusiVHZU3rZHam1y593pLC1JLkiQt3gXcjSkN2rpump,120,2026-08-28T02:01:14.289949+00:00,AVAILABLE,11801,-4176,45
fp1sig-95cfb930e96c6b9dcaade597,GTusiVHZU3rZHam1y593pLC1JLkiQt3gXcjSkN2rpump,180,2026-08-28T02:02:14.289949+00:00,AVAILABLE,11801,-8433,73
fp1sig-95cfb930e96c6b9dcaade597,GTusiVHZU3rZHam1y593pLC1JLkiQt3gXcjSkN2rpump,300,2026-08-28T02:04:14.289949+00:00,AVAILABLE,11801,-8598,96
fp1sig-95f4eb484d9e61c0eac871e4,EqkjNFGZMxMqBFwoVn7Z4zfBY6Ld36EKc8HLhthnpump,5,2026-08-28T05:14:12.187831+00:00,AVAILABLE,58,58,1
fp1sig-95f4eb484d9e61c0eac871e4,EqkjNFGZMxMqBFwoVn7Z4zfBY6Ld36EKc8HLhthnpump,10,2026-08-28T05:14:17.187831+00:00,AVAILABLE,58,-85,2
fp1sig-95f4eb484d9e61c0eac871e4,EqkjNFGZMxMqBFwoVn7Z4zfBY6Ld36EKc8HLhthnpump,15,2026-08-28T05:14:22.187831+00:00,AVAILABLE,58,-85,2
fp1sig-95f4eb484d9e61c0eac871e4,EqkjNFGZMxMqBFwoVn7Z4zfBY6Ld36EKc8HLhthnpump,20,2026-08-28T05:14:27.187831+00:00,AVAILABLE,58,-85,2
fp1sig-95f4eb484d9e61c0eac871e4,EqkjNFGZMxMqBFwoVn7Z4zfBY6Ld36EKc8HLhthnpump,30,2026-08-28T05:14:37.187831+00:00,AVAILABLE,645,-504,6
fp1sig-95f4eb484d9e61c0eac871e4,EqkjNFGZMxMqBFwoVn7Z4zfBY6Ld36EKc8HLhthnpump,45,2026-08-28T05:14:52.187831+00:00,AVAILABLE,4105,-504,17
fp1sig-95f4eb484d9e61c0eac871e4,EqkjNFGZMxMqBFwoVn7Z4zfBY6Ld36EKc8HLhthnpump,60,2026-08-28T05:15:07.187831+00:00,AVAILABLE,4105,-504,19
fp1sig-95f4eb484d9e61c0eac871e4,EqkjNFGZMxMqBFwoVn7Z4zfBY6Ld36EKc8HLhthnpump,90,2026-08-28T05:15:37.187831+00:00,AVAILABLE,4105,-504,20
fp1sig-95f4eb484d9e61c0eac871e4,EqkjNFGZMxMqBFwoVn7Z4zfBY6Ld36EKc8HLhthnpump,120,2026-08-28T05:16:07.187831+00:00,AVAILABLE,4105,-504,22
fp1sig-95f4eb484d9e61c0eac871e4,EqkjNFGZMxMqBFwoVn7Z4zfBY6Ld36EKc8HLhthnpump,180,2026-08-28T05:17:07.187831+00:00,AVAILABLE,6730,-504,37
fp1sig-95f4eb484d9e61c0eac871e4,EqkjNFGZMxMqBFwoVn7Z4zfBY6Ld36EKc8HLhthnpump,300,2026-08-28T05:19:07.187831+00:00,AVAILABLE,6730,-504,48
fp1sig-966ceaaaf48a50574b3d8520,7LFNgFsMjfwYCh6JLK2qY84n1nuSY7zaaNeMWTiHpump,5,2026-08-27T23:47:29.943340+00:00,AVAILABLE,1851,1175,4
fp1sig-966ceaaaf48a50574b3d8520,7LFNgFsMjfwYCh6JLK2qY84n1nuSY7zaaNeMWTiHpump,10,2026-08-27T23:47:34.943340+00:00,AVAILABLE,1851,1175,5
fp1sig-966ceaaaf48a50574b3d8520,7LFNgFsMjfwYCh6JLK2qY84n1nuSY7zaaNeMWTiHpump,15,2026-08-27T23:47:39.943340+00:00,AVAILABLE,2382,1175,7
fp1sig-966ceaaaf48a50574b3d8520,7LFNgFsMjfwYCh6JLK2qY84n1nuSY7zaaNeMWTiHpump,20,2026-08-27T23:47:44.943340+00:00,AVAILABLE,2382,1105,8
fp1sig-966ceaaaf48a50574b3d8520,7LFNgFsMjfwYCh6JLK2qY84n1nuSY7zaaNeMWTiHpump,30,2026-08-27T23:47:54.943340+00:00,AVAILABLE,2382,-635,12
fp1sig-966ceaaaf48a50574b3d8520,7LFNgFsMjfwYCh6JLK2qY84n1nuSY7zaaNeMWTiHpump,45,2026-08-27T23:48:09.943340+00:00,AVAILABLE,2382,-657,14
fp1sig-966ceaaaf48a50574b3d8520,7LFNgFsMjfwYCh6JLK2qY84n1nuSY7zaaNeMWTiHpump,60,2026-08-27T23:48:24.943340+00:00,AVAILABLE,2382,-680,22
fp1sig-966ceaaaf48a50574b3d8520,7LFNgFsMjfwYCh6JLK2qY84n1nuSY7zaaNeMWTiHpump,90,2026-08-27T23:48:54.943340+00:00,AVAILABLE,2382,-680,46
fp1sig-966ceaaaf48a50574b3d8520,7LFNgFsMjfwYCh6JLK2qY84n1nuSY7zaaNeMWTiHpump,120,2026-08-27T23:49:24.943340+00:00,AVAILABLE,2801,-680,59
fp1sig-966ceaaaf48a50574b3d8520,7LFNgFsMjfwYCh6JLK2qY84n1nuSY7zaaNeMWTiHpump,180,2026-08-27T23:50:24.943340+00:00,AVAILABLE,4953,-680,84
fp1sig-966ceaaaf48a50574b3d8520,7LFNgFsMjfwYCh6JLK2qY84n1nuSY7zaaNeMWTiHpump,300,2026-08-27T23:52:24.943340+00:00,AVAILABLE,6628,-680,162
fp1sig-96bfe0403058f7f82704b241,A94r9eeoqrLDoRP9kaU3nFdnfPdvZDk5uvnZUSBEpump,5,2026-08-27T14:48:20.237413+00:00,MISSING,,,0
fp1sig-96bfe0403058f7f82704b241,A94r9eeoqrLDoRP9kaU3nFdnfPdvZDk5uvnZUSBEpump,10,2026-08-27T14:48:25.237413+00:00,MISSING,,,0
fp1sig-96bfe0403058f7f82704b241,A94r9eeoqrLDoRP9kaU3nFdnfPdvZDk5uvnZUSBEpump,15,2026-08-27T14:48:30.237413+00:00,MISSING,,,0
fp1sig-96bfe0403058f7f82704b241,A94r9eeoqrLDoRP9kaU3nFdnfPdvZDk5uvnZUSBEpump,20,2026-08-27T14:48:35.237413+00:00,AVAILABLE,1503,1503,1
fp1sig-96bfe0403058f7f82704b241,A94r9eeoqrLDoRP9kaU3nFdnfPdvZDk5uvnZUSBEpump,30,2026-08-27T14:48:45.237413+00:00,AVAILABLE,1503,1503,1
fp1sig-96bfe0403058f7f82704b241,A94r9eeoqrLDoRP9kaU3nFdnfPdvZDk5uvnZUSBEpump,45,2026-08-27T14:49:00.237413+00:00,AVAILABLE,5538,1503,3
fp1sig-96bfe0403058f7f82704b241,A94r9eeoqrLDoRP9kaU3nFdnfPdvZDk5uvnZUSBEpump,60,2026-08-27T14:49:15.237413+00:00,AVAILABLE,12941,1503,5
fp1sig-96bfe0403058f7f82704b241,A94r9eeoqrLDoRP9kaU3nFdnfPdvZDk5uvnZUSBEpump,90,2026-08-27T14:49:45.237413+00:00,AVAILABLE,13179,1503,6
fp1sig-96bfe0403058f7f82704b241,A94r9eeoqrLDoRP9kaU3nFdnfPdvZDk5uvnZUSBEpump,120,2026-08-27T14:50:15.237413+00:00,AVAILABLE,13179,1503,8
fp1sig-96bfe0403058f7f82704b241,A94r9eeoqrLDoRP9kaU3nFdnfPdvZDk5uvnZUSBEpump,180,2026-08-27T14:51:15.237413+00:00,AVAILABLE,15240,1503,9
fp1sig-96bfe0403058f7f82704b241,A94r9eeoqrLDoRP9kaU3nFdnfPdvZDk5uvnZUSBEpump,300,2026-08-27T14:53:15.237413+00:00,AVAILABLE,15240,1503,9
fp1sig-971f4f25144b08fdd466b84e,9demY6t6F1N76cq4XNHiAu6Y2DyQ5EJoofrPoGoDpump,5,2026-08-28T11:35:46.653099+00:00,AVAILABLE,-974,-974,1
fp1sig-971f4f25144b08fdd466b84e,9demY6t6F1N76cq4XNHiAu6Y2DyQ5EJoofrPoGoDpump,10,2026-08-28T11:35:51.653099+00:00,AVAILABLE,161,-974,2
fp1sig-971f4f25144b08fdd466b84e,9demY6t6F1N76cq4XNHiAu6Y2DyQ5EJoofrPoGoDpump,15,2026-08-28T11:35:56.653099+00:00,AVAILABLE,859,-974,3
fp1sig-971f4f25144b08fdd466b84e,9demY6t6F1N76cq4XNHiAu6Y2DyQ5EJoofrPoGoDpump,20,2026-08-28T11:36:01.653099+00:00,AVAILABLE,859,-974,3
fp1sig-971f4f25144b08fdd466b84e,9demY6t6F1N76cq4XNHiAu6Y2DyQ5EJoofrPoGoDpump,30,2026-08-28T11:36:11.653099+00:00,AVAILABLE,859,-3725,5
fp1sig-971f4f25144b08fdd466b84e,9demY6t6F1N76cq4XNHiAu6Y2DyQ5EJoofrPoGoDpump,45,2026-08-28T11:36:26.653099+00:00,AVAILABLE,859,-3725,7
fp1sig-971f4f25144b08fdd466b84e,9demY6t6F1N76cq4XNHiAu6Y2DyQ5EJoofrPoGoDpump,60,2026-08-28T11:36:41.653099+00:00,AVAILABLE,1094,-3725,8
fp1sig-971f4f25144b08fdd466b84e,9demY6t6F1N76cq4XNHiAu6Y2DyQ5EJoofrPoGoDpump,90,2026-08-28T11:37:11.653099+00:00,AVAILABLE,2098,-5147,13
fp1sig-971f4f25144b08fdd466b84e,9demY6t6F1N76cq4XNHiAu6Y2DyQ5EJoofrPoGoDpump,120,2026-08-28T11:37:41.653099+00:00,AVAILABLE,2098,-5247,15
fp1sig-971f4f25144b08fdd466b84e,9demY6t6F1N76cq4XNHiAu6Y2DyQ5EJoofrPoGoDpump,180,2026-08-28T11:38:41.653099+00:00,AVAILABLE,2098,-5247,15
fp1sig-971f4f25144b08fdd466b84e,9demY6t6F1N76cq4XNHiAu6Y2DyQ5EJoofrPoGoDpump,300,2026-08-28T11:40:41.653099+00:00,AVAILABLE,2098,-5253,17
fp1sig-973d7747ab4d12b78be39b4f,HUCjjbRJEHHLZNH4EctvQyYiXpmZmrZFvEutLetqk2Pn,5,2026-08-27T13:53:35.181603+00:00,AVAILABLE,256,208,2
fp1sig-973d7747ab4d12b78be39b4f,HUCjjbRJEHHLZNH4EctvQyYiXpmZmrZFvEutLetqk2Pn,10,2026-08-27T13:53:40.181603+00:00,AVAILABLE,1084,-800,9
fp1sig-973d7747ab4d12b78be39b4f,HUCjjbRJEHHLZNH4EctvQyYiXpmZmrZFvEutLetqk2Pn,15,2026-08-27T13:53:45.181603+00:00,AVAILABLE,1084,-800,14
fp1sig-973d7747ab4d12b78be39b4f,HUCjjbRJEHHLZNH4EctvQyYiXpmZmrZFvEutLetqk2Pn,20,2026-08-27T13:53:50.181603+00:00,AVAILABLE,1084,-800,16
fp1sig-973d7747ab4d12b78be39b4f,HUCjjbRJEHHLZNH4EctvQyYiXpmZmrZFvEutLetqk2Pn,30,2026-08-27T13:54:00.181603+00:00,AVAILABLE,1084,-917,20
fp1sig-973d7747ab4d12b78be39b4f,HUCjjbRJEHHLZNH4EctvQyYiXpmZmrZFvEutLetqk2Pn,45,2026-08-27T13:54:15.181603+00:00,AVAILABLE,1084,-917,22
fp1sig-973d7747ab4d12b78be39b4f,HUCjjbRJEHHLZNH4EctvQyYiXpmZmrZFvEutLetqk2Pn,60,2026-08-27T13:54:30.181603+00:00,AVAILABLE,1084,-1190,28
fp1sig-973d7747ab4d12b78be39b4f,HUCjjbRJEHHLZNH4EctvQyYiXpmZmrZFvEutLetqk2Pn,90,2026-08-27T13:55:00.181603+00:00,AVAILABLE,1084,-1216,31
fp1sig-973d7747ab4d12b78be39b4f,HUCjjbRJEHHLZNH4EctvQyYiXpmZmrZFvEutLetqk2Pn,120,2026-08-27T13:55:30.181603+00:00,AVAILABLE,3598,-1332,48
fp1sig-973d7747ab4d12b78be39b4f,HUCjjbRJEHHLZNH4EctvQyYiXpmZmrZFvEutLetqk2Pn,180,2026-08-27T13:56:30.181603+00:00,AVAILABLE,3598,-1332,70
fp1sig-973d7747ab4d12b78be39b4f,HUCjjbRJEHHLZNH4EctvQyYiXpmZmrZFvEutLetqk2Pn,300,2026-08-27T13:58:30.181603+00:00,AVAILABLE,3598,-4352,86
fp1sig-980687c5a9cafcb8b41e82a7,Cp5ejcFXX7g8sNeE9rmnFGfp2NJs6xWnJCJfXL8Qpump,5,2026-08-27T21:00:07.837778+00:00,AVAILABLE,8454,952,9
fp1sig-980687c5a9cafcb8b41e82a7,Cp5ejcFXX7g8sNeE9rmnFGfp2NJs6xWnJCJfXL8Qpump,10,2026-08-27T21:00:12.837778+00:00,AVAILABLE,8603,952,11
fp1sig-980687c5a9cafcb8b41e82a7,Cp5ejcFXX7g8sNeE9rmnFGfp2NJs6xWnJCJfXL8Qpump,15,2026-08-27T21:00:17.837778+00:00,AVAILABLE,8603,952,13
fp1sig-980687c5a9cafcb8b41e82a7,Cp5ejcFXX7g8sNeE9rmnFGfp2NJs6xWnJCJfXL8Qpump,20,2026-08-27T21:00:22.837778+00:00,AVAILABLE,8603,952,14
fp1sig-980687c5a9cafcb8b41e82a7,Cp5ejcFXX7g8sNeE9rmnFGfp2NJs6xWnJCJfXL8Qpump,30,2026-08-27T21:00:32.837778+00:00,AVAILABLE,8603,952,19
fp1sig-980687c5a9cafcb8b41e82a7,Cp5ejcFXX7g8sNeE9rmnFGfp2NJs6xWnJCJfXL8Qpump,45,2026-08-27T21:00:47.837778+00:00,AVAILABLE,9116,952,26
fp1sig-980687c5a9cafcb8b41e82a7,Cp5ejcFXX7g8sNeE9rmnFGfp2NJs6xWnJCJfXL8Qpump,60,2026-08-27T21:01:02.837778+00:00,AVAILABLE,9116,952,41
fp1sig-980687c5a9cafcb8b41e82a7,Cp5ejcFXX7g8sNeE9rmnFGfp2NJs6xWnJCJfXL8Qpump,90,2026-08-27T21:01:32.837778+00:00,AVAILABLE,9116,952,62
fp1sig-980687c5a9cafcb8b41e82a7,Cp5ejcFXX7g8sNeE9rmnFGfp2NJs6xWnJCJfXL8Qpump,120,2026-08-27T21:02:02.837778+00:00,AVAILABLE,11037,952,77
fp1sig-980687c5a9cafcb8b41e82a7,Cp5ejcFXX7g8sNeE9rmnFGfp2NJs6xWnJCJfXL8Qpump,180,2026-08-27T21:03:02.837778+00:00,AVAILABLE,19459,952,136
fp1sig-980687c5a9cafcb8b41e82a7,Cp5ejcFXX7g8sNeE9rmnFGfp2NJs6xWnJCJfXL8Qpump,300,2026-08-27T21:05:02.837778+00:00,AVAILABLE,24593,952,310
fp1sig-98387d78c00b87e912c421d7,Ew83BKy1Y6yEttMFrLis4DaSq7ty15ZZPBzELbR8pump,5,2026-08-27T17:04:36.830836+00:00,MISSING,,,0
fp1sig-98387d78c00b87e912c421d7,Ew83BKy1Y6yEttMFrLis4DaSq7ty15ZZPBzELbR8pump,10,2026-08-27T17:04:41.830836+00:00,AVAILABLE,-31,-31,1
fp1sig-98387d78c00b87e912c421d7,Ew83BKy1Y6yEttMFrLis4DaSq7ty15ZZPBzELbR8pump,15,2026-08-27T17:04:46.830836+00:00,AVAILABLE,-31,-31,1
fp1sig-98387d78c00b87e912c421d7,Ew83BKy1Y6yEttMFrLis4DaSq7ty15ZZPBzELbR8pump,20,2026-08-27T17:04:51.830836+00:00,AVAILABLE,973,-31,4
fp1sig-98387d78c00b87e912c421d7,Ew83BKy1Y6yEttMFrLis4DaSq7ty15ZZPBzELbR8pump,30,2026-08-27T17:05:01.830836+00:00,AVAILABLE,2048,-31,5
fp1sig-98387d78c00b87e912c421d7,Ew83BKy1Y6yEttMFrLis4DaSq7ty15ZZPBzELbR8pump,45,2026-08-27T17:05:16.830836+00:00,AVAILABLE,5072,-31,7
fp1sig-98387d78c00b87e912c421d7,Ew83BKy1Y6yEttMFrLis4DaSq7ty15ZZPBzELbR8pump,60,2026-08-27T17:05:31.830836+00:00,AVAILABLE,5072,-31,8
fp1sig-98387d78c00b87e912c421d7,Ew83BKy1Y6yEttMFrLis4DaSq7ty15ZZPBzELbR8pump,90,2026-08-27T17:06:01.830836+00:00,AVAILABLE,5072,-4531,13
fp1sig-98387d78c00b87e912c421d7,Ew83BKy1Y6yEttMFrLis4DaSq7ty15ZZPBzELbR8pump,120,2026-08-27T17:06:31.830836+00:00,AVAILABLE,5072,-5160,16
fp1sig-98387d78c00b87e912c421d7,Ew83BKy1Y6yEttMFrLis4DaSq7ty15ZZPBzELbR8pump,180,2026-08-27T17:07:31.830836+00:00,AVAILABLE,5072,-5200,21
fp1sig-98387d78c00b87e912c421d7,Ew83BKy1Y6yEttMFrLis4DaSq7ty15ZZPBzELbR8pump,300,2026-08-27T17:09:31.830836+00:00,AVAILABLE,5072,-5200,28
fp1sig-98b0101d40e79b79e3909b6d,8r2xtU7SnnQ5fJfuzXmQna1wCGsQ6HMzA3a4N5iPpump,5,2026-08-28T00:58:33.236366+00:00,AVAILABLE,1565,1565,1
fp1sig-98b0101d40e79b79e3909b6d,8r2xtU7SnnQ5fJfuzXmQna1wCGsQ6HMzA3a4N5iPpump,10,2026-08-28T00:58:38.236366+00:00,AVAILABLE,5036,1565,2
fp1sig-98b0101d40e79b79e3909b6d,8r2xtU7SnnQ5fJfuzXmQna1wCGsQ6HMzA3a4N5iPpump,15,2026-08-28T00:58:43.236366+00:00,AVAILABLE,5036,1565,2
fp1sig-98b0101d40e79b79e3909b6d,8r2xtU7SnnQ5fJfuzXmQna1wCGsQ6HMzA3a4N5iPpump,20,2026-08-28T00:58:48.236366+00:00,AVAILABLE,5036,1565,3
fp1sig-98b0101d40e79b79e3909b6d,8r2xtU7SnnQ5fJfuzXmQna1wCGsQ6HMzA3a4N5iPpump,30,2026-08-28T00:58:58.236366+00:00,AVAILABLE,5036,1565,4
fp1sig-98b0101d40e79b79e3909b6d,8r2xtU7SnnQ5fJfuzXmQna1wCGsQ6HMzA3a4N5iPpump,45,2026-08-28T00:59:13.236366+00:00,AVAILABLE,5036,1565,6
fp1sig-98b0101d40e79b79e3909b6d,8r2xtU7SnnQ5fJfuzXmQna1wCGsQ6HMzA3a4N5iPpump,60,2026-08-28T00:59:28.236366+00:00,AVAILABLE,5036,1565,6
fp1sig-98b0101d40e79b79e3909b6d,8r2xtU7SnnQ5fJfuzXmQna1wCGsQ6HMzA3a4N5iPpump,90,2026-08-28T00:59:58.236366+00:00,AVAILABLE,5036,1565,10
fp1sig-98b0101d40e79b79e3909b6d,8r2xtU7SnnQ5fJfuzXmQna1wCGsQ6HMzA3a4N5iPpump,120,2026-08-28T01:00:28.236366+00:00,AVAILABLE,5036,1565,12
fp1sig-98b0101d40e79b79e3909b6d,8r2xtU7SnnQ5fJfuzXmQna1wCGsQ6HMzA3a4N5iPpump,180,2026-08-28T01:01:28.236366+00:00,AVAILABLE,5036,-1668,15
fp1sig-98b0101d40e79b79e3909b6d,8r2xtU7SnnQ5fJfuzXmQna1wCGsQ6HMzA3a4N5iPpump,300,2026-08-28T01:03:28.236366+00:00,AVAILABLE,5036,-1668,23
fp1sig-98c0a83c359cf69ef604aa04,6pXG19wQErHYggPVydzm4M5goYHq23vypJ7W2vamTDUN,5,2026-08-27T12:42:41.726625+00:00,MISSING,,,0
fp1sig-98c0a83c359cf69ef604aa04,6pXG19wQErHYggPVydzm4M5goYHq23vypJ7W2vamTDUN,10,2026-08-27T12:42:46.726625+00:00,AVAILABLE,-830,-914,2
fp1sig-98c0a83c359cf69ef604aa04,6pXG19wQErHYggPVydzm4M5goYHq23vypJ7W2vamTDUN,15,2026-08-27T12:42:51.726625+00:00,AVAILABLE,-830,-914,2
fp1sig-98c0a83c359cf69ef604aa04,6pXG19wQErHYggPVydzm4M5goYHq23vypJ7W2vamTDUN,20,2026-08-27T12:42:56.726625+00:00,AVAILABLE,-830,-1207,6
fp1sig-98c0a83c359cf69ef604aa04,6pXG19wQErHYggPVydzm4M5goYHq23vypJ7W2vamTDUN,30,2026-08-27T12:43:06.726625+00:00,AVAILABLE,-830,-2058,9
fp1sig-98c0a83c359cf69ef604aa04,6pXG19wQErHYggPVydzm4M5goYHq23vypJ7W2vamTDUN,45,2026-08-27T12:43:21.726625+00:00,AVAILABLE,-830,-2058,11
fp1sig-98c0a83c359cf69ef604aa04,6pXG19wQErHYggPVydzm4M5goYHq23vypJ7W2vamTDUN,60,2026-08-27T12:43:36.726625+00:00,AVAILABLE,-830,-2058,12
fp1sig-98c0a83c359cf69ef604aa04,6pXG19wQErHYggPVydzm4M5goYHq23vypJ7W2vamTDUN,90,2026-08-27T12:44:06.726625+00:00,AVAILABLE,3876,-2058,23
fp1sig-98c0a83c359cf69ef604aa04,6pXG19wQErHYggPVydzm4M5goYHq23vypJ7W2vamTDUN,120,2026-08-27T12:44:36.726625+00:00,AVAILABLE,6241,-2058,39
fp1sig-98c0a83c359cf69ef604aa04,6pXG19wQErHYggPVydzm4M5goYHq23vypJ7W2vamTDUN,180,2026-08-27T12:45:36.726625+00:00,AVAILABLE,9287,-2058,77
fp1sig-98c0a83c359cf69ef604aa04,6pXG19wQErHYggPVydzm4M5goYHq23vypJ7W2vamTDUN,300,2026-08-27T12:47:36.726625+00:00,AVAILABLE,9287,-4333,164
fp1sig-99577c0af8679eecc9bcc954,5Eutwi2Edtg8yyU7x6K8JaEifQvHD4DdrRiu7xZ2pump,5,2026-08-28T04:40:38.030305+00:00,AVAILABLE,4072,1494,3
fp1sig-99577c0af8679eecc9bcc954,5Eutwi2Edtg8yyU7x6K8JaEifQvHD4DdrRiu7xZ2pump,10,2026-08-28T04:40:43.030305+00:00,AVAILABLE,4072,1494,3
fp1sig-99577c0af8679eecc9bcc954,5Eutwi2Edtg8yyU7x6K8JaEifQvHD4DdrRiu7xZ2pump,15,2026-08-28T04:40:48.030305+00:00,AVAILABLE,4127,1494,4
fp1sig-99577c0af8679eecc9bcc954,5Eutwi2Edtg8yyU7x6K8JaEifQvHD4DdrRiu7xZ2pump,20,2026-08-28T04:40:53.030305+00:00,AVAILABLE,4127,1494,4
fp1sig-99577c0af8679eecc9bcc954,5Eutwi2Edtg8yyU7x6K8JaEifQvHD4DdrRiu7xZ2pump,30,2026-08-28T04:41:03.030305+00:00,AVAILABLE,5053,1494,8
fp1sig-99577c0af8679eecc9bcc954,5Eutwi2Edtg8yyU7x6K8JaEifQvHD4DdrRiu7xZ2pump,45,2026-08-28T04:41:18.030305+00:00,AVAILABLE,7096,720,10
fp1sig-99577c0af8679eecc9bcc954,5Eutwi2Edtg8yyU7x6K8JaEifQvHD4DdrRiu7xZ2pump,60,2026-08-28T04:41:33.030305+00:00,AVAILABLE,14372,720,19
fp1sig-99577c0af8679eecc9bcc954,5Eutwi2Edtg8yyU7x6K8JaEifQvHD4DdrRiu7xZ2pump,90,2026-08-28T04:42:03.030305+00:00,AVAILABLE,36695,720,33
fp1sig-99577c0af8679eecc9bcc954,5Eutwi2Edtg8yyU7x6K8JaEifQvHD4DdrRiu7xZ2pump,120,2026-08-28T04:42:33.030305+00:00,AVAILABLE,64936,720,48
fp1sig-99577c0af8679eecc9bcc954,5Eutwi2Edtg8yyU7x6K8JaEifQvHD4DdrRiu7xZ2pump,180,2026-08-28T04:43:33.030305+00:00,AVAILABLE,64936,720,75
fp1sig-99577c0af8679eecc9bcc954,5Eutwi2Edtg8yyU7x6K8JaEifQvHD4DdrRiu7xZ2pump,300,2026-08-28T04:45:33.030305+00:00,AVAILABLE,64936,-9017,159
fp1sig-997cf7098757cb8d0cb28e36,98QmAZ6cqA2oJ3houZJRbGDuxw2A9xAcTqJtpSBXAbUD,5,2026-08-28T06:41:40.603916+00:00,AVAILABLE,4274,1293,8
fp1sig-997cf7098757cb8d0cb28e36,98QmAZ6cqA2oJ3houZJRbGDuxw2A9xAcTqJtpSBXAbUD,10,2026-08-28T06:41:45.603916+00:00,AVAILABLE,6070,1293,18
fp1sig-997cf7098757cb8d0cb28e36,98QmAZ6cqA2oJ3houZJRbGDuxw2A9xAcTqJtpSBXAbUD,15,2026-08-28T06:41:50.603916+00:00,AVAILABLE,6070,1293,28
fp1sig-997cf7098757cb8d0cb28e36,98QmAZ6cqA2oJ3houZJRbGDuxw2A9xAcTqJtpSBXAbUD,20,2026-08-28T06:41:55.603916+00:00,AVAILABLE,6070,1293,28
fp1sig-997cf7098757cb8d0cb28e36,98QmAZ6cqA2oJ3houZJRbGDuxw2A9xAcTqJtpSBXAbUD,30,2026-08-28T06:42:05.603916+00:00,AVAILABLE,6070,1293,34
fp1sig-997cf7098757cb8d0cb28e36,98QmAZ6cqA2oJ3houZJRbGDuxw2A9xAcTqJtpSBXAbUD,45,2026-08-28T06:42:20.603916+00:00,AVAILABLE,6565,1293,75
fp1sig-997cf7098757cb8d0cb28e36,98QmAZ6cqA2oJ3houZJRbGDuxw2A9xAcTqJtpSBXAbUD,60,2026-08-28T06:42:35.603916+00:00,AVAILABLE,7693,1293,117
fp1sig-997cf7098757cb8d0cb28e36,98QmAZ6cqA2oJ3houZJRbGDuxw2A9xAcTqJtpSBXAbUD,90,2026-08-28T06:43:05.603916+00:00,AVAILABLE,9660,1293,194
fp1sig-997cf7098757cb8d0cb28e36,98QmAZ6cqA2oJ3houZJRbGDuxw2A9xAcTqJtpSBXAbUD,120,2026-08-28T06:43:35.603916+00:00,AVAILABLE,19189,1293,282
fp1sig-997cf7098757cb8d0cb28e36,98QmAZ6cqA2oJ3houZJRbGDuxw2A9xAcTqJtpSBXAbUD,180,2026-08-28T06:44:35.603916+00:00,AVAILABLE,19189,1293,361
fp1sig-997cf7098757cb8d0cb28e36,98QmAZ6cqA2oJ3houZJRbGDuxw2A9xAcTqJtpSBXAbUD,300,2026-08-28T06:46:35.603916+00:00,AVAILABLE,19189,-2991,400
fp1sig-9a58948a0c95b094f3c87ff6,ChEvq8JEq59CEBEfhrogXnqimcjGFjasjwyFQcyGpump,5,2026-08-28T09:33:10.132076+00:00,AVAILABLE,166,166,2
fp1sig-9a58948a0c95b094f3c87ff6,ChEvq8JEq59CEBEfhrogXnqimcjGFjasjwyFQcyGpump,10,2026-08-28T09:33:15.132076+00:00,AVAILABLE,278,-829,6
fp1sig-9a58948a0c95b094f3c87ff6,ChEvq8JEq59CEBEfhrogXnqimcjGFjasjwyFQcyGpump,15,2026-08-28T09:33:20.132076+00:00,AVAILABLE,278,-829,7
fp1sig-9a58948a0c95b094f3c87ff6,ChEvq8JEq59CEBEfhrogXnqimcjGFjasjwyFQcyGpump,20,2026-08-28T09:33:25.132076+00:00,AVAILABLE,278,-1741,9
fp1sig-9a58948a0c95b094f3c87ff6,ChEvq8JEq59CEBEfhrogXnqimcjGFjasjwyFQcyGpump,30,2026-08-28T09:33:35.132076+00:00,AVAILABLE,278,-1782,12
fp1sig-9a58948a0c95b094f3c87ff6,ChEvq8JEq59CEBEfhrogXnqimcjGFjasjwyFQcyGpump,45,2026-08-28T09:33:50.132076+00:00,AVAILABLE,278,-1807,13
fp1sig-9a58948a0c95b094f3c87ff6,ChEvq8JEq59CEBEfhrogXnqimcjGFjasjwyFQcyGpump,60,2026-08-28T09:34:05.132076+00:00,AVAILABLE,278,-1807,14
fp1sig-9a58948a0c95b094f3c87ff6,ChEvq8JEq59CEBEfhrogXnqimcjGFjasjwyFQcyGpump,90,2026-08-28T09:34:35.132076+00:00,AVAILABLE,4171,-1807,35
fp1sig-9a58948a0c95b094f3c87ff6,ChEvq8JEq59CEBEfhrogXnqimcjGFjasjwyFQcyGpump,120,2026-08-28T09:35:05.132076+00:00,AVAILABLE,8040,-1807,54
fp1sig-9a58948a0c95b094f3c87ff6,ChEvq8JEq59CEBEfhrogXnqimcjGFjasjwyFQcyGpump,180,2026-08-28T09:36:05.132076+00:00,AVAILABLE,8676,-1807,109
fp1sig-9a58948a0c95b094f3c87ff6,ChEvq8JEq59CEBEfhrogXnqimcjGFjasjwyFQcyGpump,300,2026-08-28T09:38:05.132076+00:00,AVAILABLE,8676,-1807,135
fp1sig-9adeae6f7f56b43d00f189b9,67e52WXdZVPmfEkMMDon2bYJVVyZcEGEnjyrmRpZpump,5,2026-08-27T16:30:36.069006+00:00,MISSING,,,0
fp1sig-9adeae6f7f56b43d00f189b9,67e52WXdZVPmfEkMMDon2bYJVVyZcEGEnjyrmRpZpump,10,2026-08-27T16:30:41.069006+00:00,MISSING,,,0
fp1sig-9adeae6f7f56b43d00f189b9,67e52WXdZVPmfEkMMDon2bYJVVyZcEGEnjyrmRpZpump,15,2026-08-27T16:30:46.069006+00:00,AVAILABLE,471,471,1
fp1sig-9adeae6f7f56b43d00f189b9,67e52WXdZVPmfEkMMDon2bYJVVyZcEGEnjyrmRpZpump,20,2026-08-27T16:30:51.069006+00:00,AVAILABLE,2042,471,2
fp1sig-9adeae6f7f56b43d00f189b9,67e52WXdZVPmfEkMMDon2bYJVVyZcEGEnjyrmRpZpump,30,2026-08-27T16:31:01.069006+00:00,AVAILABLE,9326,471,18
fp1sig-9adeae6f7f56b43d00f189b9,67e52WXdZVPmfEkMMDon2bYJVVyZcEGEnjyrmRpZpump,45,2026-08-27T16:31:16.069006+00:00,AVAILABLE,12169,471,22
fp1sig-9adeae6f7f56b43d00f189b9,67e52WXdZVPmfEkMMDon2bYJVVyZcEGEnjyrmRpZpump,60,2026-08-27T16:31:31.069006+00:00,AVAILABLE,12169,471,22
fp1sig-9adeae6f7f56b43d00f189b9,67e52WXdZVPmfEkMMDon2bYJVVyZcEGEnjyrmRpZpump,90,2026-08-27T16:32:01.069006+00:00,AVAILABLE,12169,471,24
fp1sig-9adeae6f7f56b43d00f189b9,67e52WXdZVPmfEkMMDon2bYJVVyZcEGEnjyrmRpZpump,120,2026-08-27T16:32:31.069006+00:00,AVAILABLE,12564,471,41
fp1sig-9adeae6f7f56b43d00f189b9,67e52WXdZVPmfEkMMDon2bYJVVyZcEGEnjyrmRpZpump,180,2026-08-27T16:33:31.069006+00:00,AVAILABLE,15484,471,93
fp1sig-9adeae6f7f56b43d00f189b9,67e52WXdZVPmfEkMMDon2bYJVVyZcEGEnjyrmRpZpump,300,2026-08-27T16:35:31.069006+00:00,AVAILABLE,15484,471,216
fp1sig-9adff94f9da3518fa21a534c,2w12QQ26kRbwH9EQuSEJ55T7nvyuupQv3qGJtJt52txN,5,2026-08-28T10:40:59.922360+00:00,AVAILABLE,264,-370,7
fp1sig-9adff94f9da3518fa21a534c,2w12QQ26kRbwH9EQuSEJ55T7nvyuupQv3qGJtJt52txN,10,2026-08-28T10:41:04.922360+00:00,AVAILABLE,264,-370,7
fp1sig-9adff94f9da3518fa21a534c,2w12QQ26kRbwH9EQuSEJ55T7nvyuupQv3qGJtJt52txN,15,2026-08-28T10:41:09.922360+00:00,AVAILABLE,264,-807,8
fp1sig-9adff94f9da3518fa21a534c,2w12QQ26kRbwH9EQuSEJ55T7nvyuupQv3qGJtJt52txN,20,2026-08-28T10:41:14.922360+00:00,AVAILABLE,264,-807,8
fp1sig-9adff94f9da3518fa21a534c,2w12QQ26kRbwH9EQuSEJ55T7nvyuupQv3qGJtJt52txN,30,2026-08-28T10:41:24.922360+00:00,AVAILABLE,264,-2327,14
fp1sig-9adff94f9da3518fa21a534c,2w12QQ26kRbwH9EQuSEJ55T7nvyuupQv3qGJtJt52txN,45,2026-08-28T10:41:39.922360+00:00,AVAILABLE,264,-5049,32
fp1sig-9adff94f9da3518fa21a534c,2w12QQ26kRbwH9EQuSEJ55T7nvyuupQv3qGJtJt52txN,60,2026-08-28T10:41:54.922360+00:00,AVAILABLE,264,-5049,35
fp1sig-9adff94f9da3518fa21a534c,2w12QQ26kRbwH9EQuSEJ55T7nvyuupQv3qGJtJt52txN,90,2026-08-28T10:42:24.922360+00:00,AVAILABLE,264,-5049,37
fp1sig-9adff94f9da3518fa21a534c,2w12QQ26kRbwH9EQuSEJ55T7nvyuupQv3qGJtJt52txN,120,2026-08-28T10:42:54.922360+00:00,AVAILABLE,264,-5049,37
fp1sig-9adff94f9da3518fa21a534c,2w12QQ26kRbwH9EQuSEJ55T7nvyuupQv3qGJtJt52txN,180,2026-08-28T10:43:54.922360+00:00,AVAILABLE,264,-5049,38
fp1sig-9adff94f9da3518fa21a534c,2w12QQ26kRbwH9EQuSEJ55T7nvyuupQv3qGJtJt52txN,300,2026-08-28T10:45:54.922360+00:00,AVAILABLE,264,-5060,39
fp1sig-9b69c05ea30dbb17962db775,3Kt3zhPd2LeKkxhbq8ub3DaUBVCCeZfysvPCk27epump,5,2026-08-28T07:33:12.522441+00:00,AVAILABLE,-1109,-1219,2
fp1sig-9b69c05ea30dbb17962db775,3Kt3zhPd2LeKkxhbq8ub3DaUBVCCeZfysvPCk27epump,10,2026-08-28T07:33:17.522441+00:00,AVAILABLE,-1109,-1219,2
fp1sig-9b69c05ea30dbb17962db775,3Kt3zhPd2LeKkxhbq8ub3DaUBVCCeZfysvPCk27epump,15,2026-08-28T07:33:22.522441+00:00,AVAILABLE,-1109,-1219,2
fp1sig-9b69c05ea30dbb17962db775,3Kt3zhPd2LeKkxhbq8ub3DaUBVCCeZfysvPCk27epump,20,2026-08-28T07:33:27.522441+00:00,AVAILABLE,-114,-1219,4
fp1sig-9b69c05ea30dbb17962db775,3Kt3zhPd2LeKkxhbq8ub3DaUBVCCeZfysvPCk27epump,30,2026-08-28T07:33:37.522441+00:00,AVAILABLE,-3,-1219,6
fp1sig-9b69c05ea30dbb17962db775,3Kt3zhPd2LeKkxhbq8ub3DaUBVCCeZfysvPCk27epump,45,2026-08-28T07:33:52.522441+00:00,AVAILABLE,16,-1219,8
fp1sig-9b69c05ea30dbb17962db775,3Kt3zhPd2LeKkxhbq8ub3DaUBVCCeZfysvPCk27epump,60,2026-08-28T07:34:07.522441+00:00,AVAILABLE,16,-1219,8
fp1sig-9b69c05ea30dbb17962db775,3Kt3zhPd2LeKkxhbq8ub3DaUBVCCeZfysvPCk27epump,90,2026-08-28T07:34:37.522441+00:00,AVAILABLE,1890,-1219,15
fp1sig-9b69c05ea30dbb17962db775,3Kt3zhPd2LeKkxhbq8ub3DaUBVCCeZfysvPCk27epump,120,2026-08-28T07:35:07.522441+00:00,AVAILABLE,1890,-2076,25
fp1sig-9b69c05ea30dbb17962db775,3Kt3zhPd2LeKkxhbq8ub3DaUBVCCeZfysvPCk27epump,180,2026-08-28T07:36:07.522441+00:00,AVAILABLE,1890,-2246,30
fp1sig-9b69c05ea30dbb17962db775,3Kt3zhPd2LeKkxhbq8ub3DaUBVCCeZfysvPCk27epump,300,2026-08-28T07:38:07.522441+00:00,AVAILABLE,1890,-2273,32
fp1sig-9c05e42236a5078c5d2f8078,9JEJbv7gk5UATGcbfP91GsXukw46ed2sj2xPQg3spump,5,2026-08-28T06:51:18.054934+00:00,MISSING,,,0
fp1sig-9c05e42236a5078c5d2f8078,9JEJbv7gk5UATGcbfP91GsXukw46ed2sj2xPQg3spump,10,2026-08-28T06:51:23.054934+00:00,AVAILABLE,-404,-451,3
fp1sig-9c05e42236a5078c5d2f8078,9JEJbv7gk5UATGcbfP91GsXukw46ed2sj2xPQg3spump,15,2026-08-28T06:51:28.054934+00:00,AVAILABLE,-404,-633,4
fp1sig-9c05e42236a5078c5d2f8078,9JEJbv7gk5UATGcbfP91GsXukw46ed2sj2xPQg3spump,20,2026-08-28T06:51:33.054934+00:00,AVAILABLE,-404,-633,5
fp1sig-9c05e42236a5078c5d2f8078,9JEJbv7gk5UATGcbfP91GsXukw46ed2sj2xPQg3spump,30,2026-08-28T06:51:43.054934+00:00,AVAILABLE,-404,-885,6
fp1sig-9c05e42236a5078c5d2f8078,9JEJbv7gk5UATGcbfP91GsXukw46ed2sj2xPQg3spump,45,2026-08-28T06:51:58.054934+00:00,AVAILABLE,-404,-1034,10
fp1sig-9c05e42236a5078c5d2f8078,9JEJbv7gk5UATGcbfP91GsXukw46ed2sj2xPQg3spump,60,2026-08-28T06:52:13.054934+00:00,AVAILABLE,-404,-1034,11
fp1sig-9c05e42236a5078c5d2f8078,9JEJbv7gk5UATGcbfP91GsXukw46ed2sj2xPQg3spump,90,2026-08-28T06:52:43.054934+00:00,AVAILABLE,-404,-1254,15
fp1sig-9c05e42236a5078c5d2f8078,9JEJbv7gk5UATGcbfP91GsXukw46ed2sj2xPQg3spump,120,2026-08-28T06:53:13.054934+00:00,AVAILABLE,-404,-4221,31
fp1sig-9c05e42236a5078c5d2f8078,9JEJbv7gk5UATGcbfP91GsXukw46ed2sj2xPQg3spump,180,2026-08-28T06:54:13.054934+00:00,AVAILABLE,-404,-4678,34
fp1sig-9c05e42236a5078c5d2f8078,9JEJbv7gk5UATGcbfP91GsXukw46ed2sj2xPQg3spump,300,2026-08-28T06:56:13.054934+00:00,AVAILABLE,-404,-4681,36
fp1sig-9c4d7f0d9a30683f3e2722cf,8DGbeBit2FGDcN4WQfDiGUxQ3nLHtmHeaJ2HSeuKpump,5,2026-08-27T22:58:37.508130+00:00,MISSING,,,0
fp1sig-9c4d7f0d9a30683f3e2722cf,8DGbeBit2FGDcN4WQfDiGUxQ3nLHtmHeaJ2HSeuKpump,10,2026-08-27T22:58:42.508130+00:00,MISSING,,,0
fp1sig-9c4d7f0d9a30683f3e2722cf,8DGbeBit2FGDcN4WQfDiGUxQ3nLHtmHeaJ2HSeuKpump,15,2026-08-27T22:58:47.508130+00:00,AVAILABLE,1671,1671,1
fp1sig-9c4d7f0d9a30683f3e2722cf,8DGbeBit2FGDcN4WQfDiGUxQ3nLHtmHeaJ2HSeuKpump,20,2026-08-27T22:58:52.508130+00:00,AVAILABLE,2982,1671,2
fp1sig-9c4d7f0d9a30683f3e2722cf,8DGbeBit2FGDcN4WQfDiGUxQ3nLHtmHeaJ2HSeuKpump,30,2026-08-27T22:59:02.508130+00:00,AVAILABLE,2982,1499,3
fp1sig-9c4d7f0d9a30683f3e2722cf,8DGbeBit2FGDcN4WQfDiGUxQ3nLHtmHeaJ2HSeuKpump,45,2026-08-27T22:59:17.508130+00:00,AVAILABLE,4042,1174,6
fp1sig-9c4d7f0d9a30683f3e2722cf,8DGbeBit2FGDcN4WQfDiGUxQ3nLHtmHeaJ2HSeuKpump,60,2026-08-27T22:59:32.508130+00:00,AVAILABLE,4042,1174,7
fp1sig-9c4d7f0d9a30683f3e2722cf,8DGbeBit2FGDcN4WQfDiGUxQ3nLHtmHeaJ2HSeuKpump,90,2026-08-27T23:00:02.508130+00:00,AVAILABLE,4042,1174,7
fp1sig-9c4d7f0d9a30683f3e2722cf,8DGbeBit2FGDcN4WQfDiGUxQ3nLHtmHeaJ2HSeuKpump,120,2026-08-27T23:00:32.508130+00:00,AVAILABLE,4042,1174,8
fp1sig-9c4d7f0d9a30683f3e2722cf,8DGbeBit2FGDcN4WQfDiGUxQ3nLHtmHeaJ2HSeuKpump,180,2026-08-27T23:01:32.508130+00:00,AVAILABLE,4042,1174,9
fp1sig-9c4d7f0d9a30683f3e2722cf,8DGbeBit2FGDcN4WQfDiGUxQ3nLHtmHeaJ2HSeuKpump,300,2026-08-27T23:03:32.508130+00:00,AVAILABLE,4042,1174,12
fp1sig-9cd2b928afb3a4f502b62f76,37g2UBy3DVjWKjCgDhhvap41jD9ZgAB9aQGjekY9mirH,5,2026-08-27T15:02:45.225067+00:00,AVAILABLE,1463,599,3
fp1sig-9cd2b928afb3a4f502b62f76,37g2UBy3DVjWKjCgDhhvap41jD9ZgAB9aQGjekY9mirH,10,2026-08-27T15:02:50.225067+00:00,AVAILABLE,1463,599,3
fp1sig-9cd2b928afb3a4f502b62f76,37g2UBy3DVjWKjCgDhhvap41jD9ZgAB9aQGjekY9mirH,15,2026-08-27T15:02:55.225067+00:00,AVAILABLE,1463,599,3
fp1sig-9cd2b928afb3a4f502b62f76,37g2UBy3DVjWKjCgDhhvap41jD9ZgAB9aQGjekY9mirH,20,2026-08-27T15:03:00.225067+00:00,AVAILABLE,1463,599,3
fp1sig-9cd2b928afb3a4f502b62f76,37g2UBy3DVjWKjCgDhhvap41jD9ZgAB9aQGjekY9mirH,30,2026-08-27T15:03:10.225067+00:00,AVAILABLE,3246,599,10
fp1sig-9cd2b928afb3a4f502b62f76,37g2UBy3DVjWKjCgDhhvap41jD9ZgAB9aQGjekY9mirH,45,2026-08-27T15:03:25.225067+00:00,AVAILABLE,7621,599,31
fp1sig-9cd2b928afb3a4f502b62f76,37g2UBy3DVjWKjCgDhhvap41jD9ZgAB9aQGjekY9mirH,60,2026-08-27T15:03:40.225067+00:00,AVAILABLE,7621,599,39
fp1sig-9cd2b928afb3a4f502b62f76,37g2UBy3DVjWKjCgDhhvap41jD9ZgAB9aQGjekY9mirH,90,2026-08-27T15:04:10.225067+00:00,AVAILABLE,7795,599,74
fp1sig-9cd2b928afb3a4f502b62f76,37g2UBy3DVjWKjCgDhhvap41jD9ZgAB9aQGjekY9mirH,120,2026-08-27T15:04:40.225067+00:00,AVAILABLE,7795,599,85
fp1sig-9cd2b928afb3a4f502b62f76,37g2UBy3DVjWKjCgDhhvap41jD9ZgAB9aQGjekY9mirH,180,2026-08-27T15:05:40.225067+00:00,AVAILABLE,7795,599,107
fp1sig-9cd2b928afb3a4f502b62f76,37g2UBy3DVjWKjCgDhhvap41jD9ZgAB9aQGjekY9mirH,300,2026-08-27T15:07:40.225067+00:00,AVAILABLE,7795,0,189
fp1sig-9df3695c93f738c9f9e66fb8,6nPsM6tLGLCCqA1L8TecthJTNk5nZyBsfcm47T1fpump,5,2026-08-28T08:31:48.420790+00:00,MISSING,,,0
fp1sig-9df3695c93f738c9f9e66fb8,6nPsM6tLGLCCqA1L8TecthJTNk5nZyBsfcm47T1fpump,10,2026-08-28T08:31:53.420790+00:00,AVAILABLE,678,511,3
fp1sig-9df3695c93f738c9f9e66fb8,6nPsM6tLGLCCqA1L8TecthJTNk5nZyBsfcm47T1fpump,15,2026-08-28T08:31:58.420790+00:00,AVAILABLE,4150,511,12
fp1sig-9df3695c93f738c9f9e66fb8,6nPsM6tLGLCCqA1L8TecthJTNk5nZyBsfcm47T1fpump,20,2026-08-28T08:32:03.420790+00:00,AVAILABLE,9013,511,16
fp1sig-9df3695c93f738c9f9e66fb8,6nPsM6tLGLCCqA1L8TecthJTNk5nZyBsfcm47T1fpump,30,2026-08-28T08:32:13.420790+00:00,AVAILABLE,9998,511,25
fp1sig-9df3695c93f738c9f9e66fb8,6nPsM6tLGLCCqA1L8TecthJTNk5nZyBsfcm47T1fpump,45,2026-08-28T08:32:28.420790+00:00,AVAILABLE,9998,511,38
fp1sig-9df3695c93f738c9f9e66fb8,6nPsM6tLGLCCqA1L8TecthJTNk5nZyBsfcm47T1fpump,60,2026-08-28T08:32:43.420790+00:00,AVAILABLE,9998,511,54
fp1sig-9df3695c93f738c9f9e66fb8,6nPsM6tLGLCCqA1L8TecthJTNk5nZyBsfcm47T1fpump,90,2026-08-28T08:33:13.420790+00:00,AVAILABLE,9998,-1613,138
fp1sig-9df3695c93f738c9f9e66fb8,6nPsM6tLGLCCqA1L8TecthJTNk5nZyBsfcm47T1fpump,120,2026-08-28T08:33:43.420790+00:00,AVAILABLE,9998,-2476,220
fp1sig-9df3695c93f738c9f9e66fb8,6nPsM6tLGLCCqA1L8TecthJTNk5nZyBsfcm47T1fpump,180,2026-08-28T08:34:43.420790+00:00,AVAILABLE,9998,-2476,257
fp1sig-9df3695c93f738c9f9e66fb8,6nPsM6tLGLCCqA1L8TecthJTNk5nZyBsfcm47T1fpump,300,2026-08-28T08:36:43.420790+00:00,AVAILABLE,9998,-2476,320
fp1sig-9e1d1b5e3afb8736e7140c96,4i8n6dEpo3P5VKufQBmJQ6nei5iTT8rVaCAZ2pp2pump,5,2026-08-27T20:53:58.390114+00:00,AVAILABLE,-173,-1280,7
fp1sig-9e1d1b5e3afb8736e7140c96,4i8n6dEpo3P5VKufQBmJQ6nei5iTT8rVaCAZ2pp2pump,10,2026-08-27T20:54:03.390114+00:00,AVAILABLE,867,-1280,9
fp1sig-9e1d1b5e3afb8736e7140c96,4i8n6dEpo3P5VKufQBmJQ6nei5iTT8rVaCAZ2pp2pump,15,2026-08-27T20:54:08.390114+00:00,AVAILABLE,867,-1280,10
fp1sig-9e1d1b5e3afb8736e7140c96,4i8n6dEpo3P5VKufQBmJQ6nei5iTT8rVaCAZ2pp2pump,20,2026-08-27T20:54:13.390114+00:00,AVAILABLE,1161,-1280,13
fp1sig-9e1d1b5e3afb8736e7140c96,4i8n6dEpo3P5VKufQBmJQ6nei5iTT8rVaCAZ2pp2pump,30,2026-08-27T20:54:23.390114+00:00,AVAILABLE,1161,-1280,18
fp1sig-9e1d1b5e3afb8736e7140c96,4i8n6dEpo3P5VKufQBmJQ6nei5iTT8rVaCAZ2pp2pump,45,2026-08-27T20:54:38.390114+00:00,AVAILABLE,1161,-1280,21
fp1sig-9e1d1b5e3afb8736e7140c96,4i8n6dEpo3P5VKufQBmJQ6nei5iTT8rVaCAZ2pp2pump,60,2026-08-27T20:54:53.390114+00:00,AVAILABLE,1161,-4786,37
fp1sig-9e1d1b5e3afb8736e7140c96,4i8n6dEpo3P5VKufQBmJQ6nei5iTT8rVaCAZ2pp2pump,90,2026-08-27T20:55:23.390114+00:00,AVAILABLE,1161,-5043,42
fp1sig-9e1d1b5e3afb8736e7140c96,4i8n6dEpo3P5VKufQBmJQ6nei5iTT8rVaCAZ2pp2pump,120,2026-08-27T20:55:53.390114+00:00,AVAILABLE,1161,-5320,46
fp1sig-9e1d1b5e3afb8736e7140c96,4i8n6dEpo3P5VKufQBmJQ6nei5iTT8rVaCAZ2pp2pump,180,2026-08-27T20:56:53.390114+00:00,AVAILABLE,1161,-5343,48
fp1sig-9e1d1b5e3afb8736e7140c96,4i8n6dEpo3P5VKufQBmJQ6nei5iTT8rVaCAZ2pp2pump,300,2026-08-27T20:58:53.390114+00:00,AVAILABLE,1161,-5716,49
fp1sig-9e3116652f43ba3470a24e96,DfrZS6Bc8tcsL1MtcrwHcZyfV27zNfiKLVbpDFCepump,5,2026-08-28T10:30:57.821791+00:00,AVAILABLE,-3200,-4663,4
fp1sig-9e3116652f43ba3470a24e96,DfrZS6Bc8tcsL1MtcrwHcZyfV27zNfiKLVbpDFCepump,10,2026-08-28T10:31:02.821791+00:00,AVAILABLE,-3200,-4763,7
fp1sig-9e3116652f43ba3470a24e96,DfrZS6Bc8tcsL1MtcrwHcZyfV27zNfiKLVbpDFCepump,15,2026-08-28T10:31:07.821791+00:00,AVAILABLE,-2661,-4763,8
fp1sig-9e3116652f43ba3470a24e96,DfrZS6Bc8tcsL1MtcrwHcZyfV27zNfiKLVbpDFCepump,20,2026-08-28T10:31:12.821791+00:00,AVAILABLE,-2661,-4763,9
fp1sig-9e3116652f43ba3470a24e96,DfrZS6Bc8tcsL1MtcrwHcZyfV27zNfiKLVbpDFCepump,30,2026-08-28T10:31:22.821791+00:00,AVAILABLE,849,-5290,18
fp1sig-9e3116652f43ba3470a24e96,DfrZS6Bc8tcsL1MtcrwHcZyfV27zNfiKLVbpDFCepump,45,2026-08-28T10:31:37.821791+00:00,AVAILABLE,849,-5290,34
fp1sig-9e3116652f43ba3470a24e96,DfrZS6Bc8tcsL1MtcrwHcZyfV27zNfiKLVbpDFCepump,60,2026-08-28T10:31:52.821791+00:00,AVAILABLE,7976,-5290,50
fp1sig-9e3116652f43ba3470a24e96,DfrZS6Bc8tcsL1MtcrwHcZyfV27zNfiKLVbpDFCepump,90,2026-08-28T10:32:22.821791+00:00,AVAILABLE,7976,-5290,75
fp1sig-9e3116652f43ba3470a24e96,DfrZS6Bc8tcsL1MtcrwHcZyfV27zNfiKLVbpDFCepump,120,2026-08-28T10:32:52.821791+00:00,AVAILABLE,7976,-7862,96
fp1sig-9e3116652f43ba3470a24e96,DfrZS6Bc8tcsL1MtcrwHcZyfV27zNfiKLVbpDFCepump,180,2026-08-28T10:33:52.821791+00:00,AVAILABLE,7976,-9865,123
fp1sig-9e3116652f43ba3470a24e96,DfrZS6Bc8tcsL1MtcrwHcZyfV27zNfiKLVbpDFCepump,300,2026-08-28T10:35:52.821791+00:00,AVAILABLE,7976,-9877,173
fp1sig-9e64ac8c2493619f77e56f9b,4zTnp9t6gYCRaFGGJU81664biKDvxRLygjakJAbSpump,5,2026-08-28T07:01:01.010924+00:00,AVAILABLE,618,314,10
fp1sig-9e64ac8c2493619f77e56f9b,4zTnp9t6gYCRaFGGJU81664biKDvxRLygjakJAbSpump,10,2026-08-28T07:01:06.010924+00:00,AVAILABLE,1856,314,11
fp1sig-9e64ac8c2493619f77e56f9b,4zTnp9t6gYCRaFGGJU81664biKDvxRLygjakJAbSpump,15,2026-08-28T07:01:11.010924+00:00,AVAILABLE,2506,314,21
fp1sig-9e64ac8c2493619f77e56f9b,4zTnp9t6gYCRaFGGJU81664biKDvxRLygjakJAbSpump,20,2026-08-28T07:01:16.010924+00:00,AVAILABLE,2506,314,21
fp1sig-9e64ac8c2493619f77e56f9b,4zTnp9t6gYCRaFGGJU81664biKDvxRLygjakJAbSpump,30,2026-08-28T07:01:26.010924+00:00,AVAILABLE,2637,314,22
fp1sig-9e64ac8c2493619f77e56f9b,4zTnp9t6gYCRaFGGJU81664biKDvxRLygjakJAbSpump,45,2026-08-28T07:01:41.010924+00:00,AVAILABLE,2703,314,33
fp1sig-9e64ac8c2493619f77e56f9b,4zTnp9t6gYCRaFGGJU81664biKDvxRLygjakJAbSpump,60,2026-08-28T07:01:56.010924+00:00,AVAILABLE,2703,314,33
fp1sig-9e64ac8c2493619f77e56f9b,4zTnp9t6gYCRaFGGJU81664biKDvxRLygjakJAbSpump,90,2026-08-28T07:02:26.010924+00:00,AVAILABLE,2703,-1895,53
fp1sig-9e64ac8c2493619f77e56f9b,4zTnp9t6gYCRaFGGJU81664biKDvxRLygjakJAbSpump,120,2026-08-28T07:02:56.010924+00:00,AVAILABLE,2703,-1895,53
fp1sig-9e64ac8c2493619f77e56f9b,4zTnp9t6gYCRaFGGJU81664biKDvxRLygjakJAbSpump,180,2026-08-28T07:03:56.010924+00:00,AVAILABLE,2703,-1895,54
fp1sig-9e64ac8c2493619f77e56f9b,4zTnp9t6gYCRaFGGJU81664biKDvxRLygjakJAbSpump,300,2026-08-28T07:05:56.010924+00:00,AVAILABLE,2703,-1963,56
fp1sig-9f7cf131073cc98615535773,Bgis28ufecFwo4xn32saXoMsqN3PHpCejJi2fShYpump,5,2026-08-28T02:40:41.568977+00:00,MISSING,,,0
fp1sig-9f7cf131073cc98615535773,Bgis28ufecFwo4xn32saXoMsqN3PHpCejJi2fShYpump,10,2026-08-28T02:40:46.568977+00:00,AVAILABLE,2724,2724,1
fp1sig-9f7cf131073cc98615535773,Bgis28ufecFwo4xn32saXoMsqN3PHpCejJi2fShYpump,15,2026-08-28T02:40:51.568977+00:00,AVAILABLE,7653,2724,2
fp1sig-9f7cf131073cc98615535773,Bgis28ufecFwo4xn32saXoMsqN3PHpCejJi2fShYpump,20,2026-08-28T02:40:56.568977+00:00,AVAILABLE,7653,2724,3
fp1sig-9f7cf131073cc98615535773,Bgis28ufecFwo4xn32saXoMsqN3PHpCejJi2fShYpump,30,2026-08-28T02:41:06.568977+00:00,AVAILABLE,9009,2724,8
fp1sig-9f7cf131073cc98615535773,Bgis28ufecFwo4xn32saXoMsqN3PHpCejJi2fShYpump,45,2026-08-28T02:41:21.568977+00:00,AVAILABLE,9009,-70,16
fp1sig-9f7cf131073cc98615535773,Bgis28ufecFwo4xn32saXoMsqN3PHpCejJi2fShYpump,60,2026-08-28T02:41:36.568977+00:00,AVAILABLE,9009,-2388,21
fp1sig-9f7cf131073cc98615535773,Bgis28ufecFwo4xn32saXoMsqN3PHpCejJi2fShYpump,90,2026-08-28T02:42:06.568977+00:00,AVAILABLE,9009,-7434,30
fp1sig-9f7cf131073cc98615535773,Bgis28ufecFwo4xn32saXoMsqN3PHpCejJi2fShYpump,120,2026-08-28T02:42:36.568977+00:00,AVAILABLE,9009,-7434,30
fp1sig-9f7cf131073cc98615535773,Bgis28ufecFwo4xn32saXoMsqN3PHpCejJi2fShYpump,180,2026-08-28T02:43:36.568977+00:00,AVAILABLE,9009,-7434,30
fp1sig-9f7cf131073cc98615535773,Bgis28ufecFwo4xn32saXoMsqN3PHpCejJi2fShYpump,300,2026-08-28T02:45:36.568977+00:00,AVAILABLE,9009,-7434,30
fp1sig-9fe32e7996d860a972996b41,HUAeTqMEoDnLCk9emHQ4rGFWBE8jPJN8Nmwqnw7cpump,5,2026-08-27T23:36:21.549477+00:00,AVAILABLE,-495,-2253,2
fp1sig-9fe32e7996d860a972996b41,HUAeTqMEoDnLCk9emHQ4rGFWBE8jPJN8Nmwqnw7cpump,10,2026-08-27T23:36:26.549477+00:00,AVAILABLE,-495,-2253,3
fp1sig-9fe32e7996d860a972996b41,HUAeTqMEoDnLCk9emHQ4rGFWBE8jPJN8Nmwqnw7cpump,15,2026-08-27T23:36:31.549477+00:00,AVAILABLE,-495,-2253,3
fp1sig-9fe32e7996d860a972996b41,HUAeTqMEoDnLCk9emHQ4rGFWBE8jPJN8Nmwqnw7cpump,20,2026-08-27T23:36:36.549477+00:00,AVAILABLE,-495,-2253,4
fp1sig-9fe32e7996d860a972996b41,HUAeTqMEoDnLCk9emHQ4rGFWBE8jPJN8Nmwqnw7cpump,30,2026-08-27T23:36:46.549477+00:00,AVAILABLE,639,-2253,5
fp1sig-9fe32e7996d860a972996b41,HUAeTqMEoDnLCk9emHQ4rGFWBE8jPJN8Nmwqnw7cpump,45,2026-08-27T23:37:01.549477+00:00,AVAILABLE,639,-2697,6
fp1sig-9fe32e7996d860a972996b41,HUAeTqMEoDnLCk9emHQ4rGFWBE8jPJN8Nmwqnw7cpump,60,2026-08-27T23:37:16.549477+00:00,AVAILABLE,639,-4537,9
fp1sig-9fe32e7996d860a972996b41,HUAeTqMEoDnLCk9emHQ4rGFWBE8jPJN8Nmwqnw7cpump,90,2026-08-27T23:37:46.549477+00:00,AVAILABLE,639,-5504,16
fp1sig-9fe32e7996d860a972996b41,HUAeTqMEoDnLCk9emHQ4rGFWBE8jPJN8Nmwqnw7cpump,120,2026-08-27T23:38:16.549477+00:00,AVAILABLE,639,-5902,21
fp1sig-9fe32e7996d860a972996b41,HUAeTqMEoDnLCk9emHQ4rGFWBE8jPJN8Nmwqnw7cpump,180,2026-08-27T23:39:16.549477+00:00,AVAILABLE,639,-6926,40
fp1sig-9fe32e7996d860a972996b41,HUAeTqMEoDnLCk9emHQ4rGFWBE8jPJN8Nmwqnw7cpump,300,2026-08-27T23:41:16.549477+00:00,AVAILABLE,639,-6926,73
fp1sig-9ff76b9af62e3d50e42203ec,Rgo6DqhV6EqnBDRZWorQUdpuwXTVJkUs1UWE9fSpump,5,2026-08-28T09:05:13.321815+00:00,AVAILABLE,424,-1141,4
fp1sig-9ff76b9af62e3d50e42203ec,Rgo6DqhV6EqnBDRZWorQUdpuwXTVJkUs1UWE9fSpump,10,2026-08-28T09:05:18.321815+00:00,AVAILABLE,889,-1141,8
fp1sig-9ff76b9af62e3d50e42203ec,Rgo6DqhV6EqnBDRZWorQUdpuwXTVJkUs1UWE9fSpump,15,2026-08-28T09:05:23.321815+00:00,AVAILABLE,889,-1141,9
fp1sig-9ff76b9af62e3d50e42203ec,Rgo6DqhV6EqnBDRZWorQUdpuwXTVJkUs1UWE9fSpump,20,2026-08-28T09:05:28.321815+00:00,AVAILABLE,889,-1141,13
fp1sig-9ff76b9af62e3d50e42203ec,Rgo6DqhV6EqnBDRZWorQUdpuwXTVJkUs1UWE9fSpump,30,2026-08-28T09:05:38.321815+00:00,AVAILABLE,889,-1141,19
fp1sig-9ff76b9af62e3d50e42203ec,Rgo6DqhV6EqnBDRZWorQUdpuwXTVJkUs1UWE9fSpump,45,2026-08-28T09:05:53.321815+00:00,AVAILABLE,889,-1141,27
fp1sig-9ff76b9af62e3d50e42203ec,Rgo6DqhV6EqnBDRZWorQUdpuwXTVJkUs1UWE9fSpump,60,2026-08-28T09:06:08.321815+00:00,AVAILABLE,889,-1141,35
fp1sig-9ff76b9af62e3d50e42203ec,Rgo6DqhV6EqnBDRZWorQUdpuwXTVJkUs1UWE9fSpump,90,2026-08-28T09:06:38.321815+00:00,AVAILABLE,889,-2192,49
fp1sig-9ff76b9af62e3d50e42203ec,Rgo6DqhV6EqnBDRZWorQUdpuwXTVJkUs1UWE9fSpump,120,2026-08-28T09:07:08.321815+00:00,AVAILABLE,889,-3416,60
fp1sig-9ff76b9af62e3d50e42203ec,Rgo6DqhV6EqnBDRZWorQUdpuwXTVJkUs1UWE9fSpump,180,2026-08-28T09:08:08.321815+00:00,AVAILABLE,889,-3416,79
fp1sig-9ff76b9af62e3d50e42203ec,Rgo6DqhV6EqnBDRZWorQUdpuwXTVJkUs1UWE9fSpump,300,2026-08-28T09:10:08.321815+00:00,AVAILABLE,889,-3416,99
fp1sig-a0445e2b50ecb8a1377124ec,AfvMiNgp3cw2QgFFnNufDTg7BJKPcNWSBYN98CoKpump,5,2026-08-28T10:30:11.202793+00:00,AVAILABLE,582,-377,5
fp1sig-a0445e2b50ecb8a1377124ec,AfvMiNgp3cw2QgFFnNufDTg7BJKPcNWSBYN98CoKpump,10,2026-08-28T10:30:16.202793+00:00,AVAILABLE,582,-718,8
fp1sig-a0445e2b50ecb8a1377124ec,AfvMiNgp3cw2QgFFnNufDTg7BJKPcNWSBYN98CoKpump,15,2026-08-28T10:30:21.202793+00:00,AVAILABLE,582,-1464,13
fp1sig-a0445e2b50ecb8a1377124ec,AfvMiNgp3cw2QgFFnNufDTg7BJKPcNWSBYN98CoKpump,20,2026-08-28T10:30:26.202793+00:00,AVAILABLE,582,-1464,14
fp1sig-a0445e2b50ecb8a1377124ec,AfvMiNgp3cw2QgFFnNufDTg7BJKPcNWSBYN98CoKpump,30,2026-08-28T10:30:36.202793+00:00,AVAILABLE,582,-2329,25
fp1sig-a0445e2b50ecb8a1377124ec,AfvMiNgp3cw2QgFFnNufDTg7BJKPcNWSBYN98CoKpump,45,2026-08-28T10:30:51.202793+00:00,AVAILABLE,582,-2419,27
fp1sig-a0445e2b50ecb8a1377124ec,AfvMiNgp3cw2QgFFnNufDTg7BJKPcNWSBYN98CoKpump,60,2026-08-28T10:31:06.202793+00:00,AVAILABLE,582,-4394,43
fp1sig-a0445e2b50ecb8a1377124ec,AfvMiNgp3cw2QgFFnNufDTg7BJKPcNWSBYN98CoKpump,90,2026-08-28T10:31:36.202793+00:00,AVAILABLE,582,-4394,55
fp1sig-a0445e2b50ecb8a1377124ec,AfvMiNgp3cw2QgFFnNufDTg7BJKPcNWSBYN98CoKpump,120,2026-08-28T10:32:06.202793+00:00,AVAILABLE,582,-4394,62
fp1sig-a0445e2b50ecb8a1377124ec,AfvMiNgp3cw2QgFFnNufDTg7BJKPcNWSBYN98CoKpump,180,2026-08-28T10:33:06.202793+00:00,AVAILABLE,582,-4394,75
fp1sig-a0445e2b50ecb8a1377124ec,AfvMiNgp3cw2QgFFnNufDTg7BJKPcNWSBYN98CoKpump,300,2026-08-28T10:35:06.202793+00:00,AVAILABLE,582,-4495,80
fp1sig-a048c97cbb4c2e730be38ea5,FhfURvoJPBMiHWphQsuVDnG1kfTxeh4N7Qe5dqLApump,5,2026-08-27T22:48:34.753143+00:00,MISSING,,,0
fp1sig-a048c97cbb4c2e730be38ea5,FhfURvoJPBMiHWphQsuVDnG1kfTxeh4N7Qe5dqLApump,10,2026-08-27T22:48:39.753143+00:00,MISSING,,,0
fp1sig-a048c97cbb4c2e730be38ea5,FhfURvoJPBMiHWphQsuVDnG1kfTxeh4N7Qe5dqLApump,15,2026-08-27T22:48:44.753143+00:00,MISSING,,,0
fp1sig-a048c97cbb4c2e730be38ea5,FhfURvoJPBMiHWphQsuVDnG1kfTxeh4N7Qe5dqLApump,20,2026-08-27T22:48:49.753143+00:00,MISSING,,,0
fp1sig-a048c97cbb4c2e730be38ea5,FhfURvoJPBMiHWphQsuVDnG1kfTxeh4N7Qe5dqLApump,30,2026-08-27T22:48:59.753143+00:00,AVAILABLE,2259,119,6
fp1sig-a048c97cbb4c2e730be38ea5,FhfURvoJPBMiHWphQsuVDnG1kfTxeh4N7Qe5dqLApump,45,2026-08-27T22:49:14.753143+00:00,AVAILABLE,2259,119,7
fp1sig-a048c97cbb4c2e730be38ea5,FhfURvoJPBMiHWphQsuVDnG1kfTxeh4N7Qe5dqLApump,60,2026-08-27T22:49:29.753143+00:00,AVAILABLE,2259,119,9
fp1sig-a048c97cbb4c2e730be38ea5,FhfURvoJPBMiHWphQsuVDnG1kfTxeh4N7Qe5dqLApump,90,2026-08-27T22:49:59.753143+00:00,AVAILABLE,8388,119,23
fp1sig-a048c97cbb4c2e730be38ea5,FhfURvoJPBMiHWphQsuVDnG1kfTxeh4N7Qe5dqLApump,120,2026-08-27T22:50:29.753143+00:00,AVAILABLE,8388,119,29
fp1sig-a048c97cbb4c2e730be38ea5,FhfURvoJPBMiHWphQsuVDnG1kfTxeh4N7Qe5dqLApump,180,2026-08-27T22:51:29.753143+00:00,AVAILABLE,8388,119,34
fp1sig-a048c97cbb4c2e730be38ea5,FhfURvoJPBMiHWphQsuVDnG1kfTxeh4N7Qe5dqLApump,300,2026-08-27T22:53:29.753143+00:00,AVAILABLE,8388,119,42
fp1sig-a1bbe46dc6bb28bdaba1c91c,RLTso1q768JYT8YLnS2wq8oPU417yMJVUPR5pv6pump,5,2026-08-28T04:13:06.455477+00:00,AVAILABLE,1061,1061,1
fp1sig-a1bbe46dc6bb28bdaba1c91c,RLTso1q768JYT8YLnS2wq8oPU417yMJVUPR5pv6pump,10,2026-08-28T04:13:11.455477+00:00,AVAILABLE,1061,1061,1
fp1sig-a1bbe46dc6bb28bdaba1c91c,RLTso1q768JYT8YLnS2wq8oPU417yMJVUPR5pv6pump,15,2026-08-28T04:13:16.455477+00:00,AVAILABLE,1061,1061,1
fp1sig-a1bbe46dc6bb28bdaba1c91c,RLTso1q768JYT8YLnS2wq8oPU417yMJVUPR5pv6pump,20,2026-08-28T04:13:21.455477+00:00,AVAILABLE,1061,1061,1
fp1sig-a1bbe46dc6bb28bdaba1c91c,RLTso1q768JYT8YLnS2wq8oPU417yMJVUPR5pv6pump,30,2026-08-28T04:13:31.455477+00:00,AVAILABLE,1061,1061,1
fp1sig-a1bbe46dc6bb28bdaba1c91c,RLTso1q768JYT8YLnS2wq8oPU417yMJVUPR5pv6pump,45,2026-08-28T04:13:46.455477+00:00,AVAILABLE,1061,1061,1
fp1sig-a1bbe46dc6bb28bdaba1c91c,RLTso1q768JYT8YLnS2wq8oPU417yMJVUPR5pv6pump,60,2026-08-28T04:14:01.455477+00:00,AVAILABLE,1061,343,2
fp1sig-a1bbe46dc6bb28bdaba1c91c,RLTso1q768JYT8YLnS2wq8oPU417yMJVUPR5pv6pump,90,2026-08-28T04:14:31.455477+00:00,AVAILABLE,1061,150,3
fp1sig-a1bbe46dc6bb28bdaba1c91c,RLTso1q768JYT8YLnS2wq8oPU417yMJVUPR5pv6pump,120,2026-08-28T04:15:01.455477+00:00,AVAILABLE,1061,150,4
fp1sig-a1bbe46dc6bb28bdaba1c91c,RLTso1q768JYT8YLnS2wq8oPU417yMJVUPR5pv6pump,180,2026-08-28T04:16:01.455477+00:00,AVAILABLE,1061,-1264,10
fp1sig-a1bbe46dc6bb28bdaba1c91c,RLTso1q768JYT8YLnS2wq8oPU417yMJVUPR5pv6pump,300,2026-08-28T04:18:01.455477+00:00,AVAILABLE,1061,-1309,13
fp1sig-a2457cb6e0faee54c9642f5f,5udxEaZg5wZQ3CgJpakBNN4ABZ5HCS6wKqGrpMiNpump,5,2026-08-27T15:55:47.806504+00:00,AVAILABLE,33,-271,2
fp1sig-a2457cb6e0faee54c9642f5f,5udxEaZg5wZQ3CgJpakBNN4ABZ5HCS6wKqGrpMiNpump,10,2026-08-27T15:55:52.806504+00:00,AVAILABLE,1275,-1044,8
fp1sig-a2457cb6e0faee54c9642f5f,5udxEaZg5wZQ3CgJpakBNN4ABZ5HCS6wKqGrpMiNpump,15,2026-08-27T15:55:57.806504+00:00,AVAILABLE,1275,-1044,9
fp1sig-a2457cb6e0faee54c9642f5f,5udxEaZg5wZQ3CgJpakBNN4ABZ5HCS6wKqGrpMiNpump,20,2026-08-27T15:56:02.806504+00:00,AVAILABLE,1668,-1044,10
fp1sig-a2457cb6e0faee54c9642f5f,5udxEaZg5wZQ3CgJpakBNN4ABZ5HCS6wKqGrpMiNpump,30,2026-08-27T15:56:12.806504+00:00,AVAILABLE,1668,-1044,10
fp1sig-a2457cb6e0faee54c9642f5f,5udxEaZg5wZQ3CgJpakBNN4ABZ5HCS6wKqGrpMiNpump,45,2026-08-27T15:56:27.806504+00:00,AVAILABLE,3471,-1044,18
fp1sig-a2457cb6e0faee54c9642f5f,5udxEaZg5wZQ3CgJpakBNN4ABZ5HCS6wKqGrpMiNpump,60,2026-08-27T15:56:42.806504+00:00,AVAILABLE,5819,-1044,23
fp1sig-a2457cb6e0faee54c9642f5f,5udxEaZg5wZQ3CgJpakBNN4ABZ5HCS6wKqGrpMiNpump,90,2026-08-27T15:57:12.806504+00:00,AVAILABLE,9002,-1044,30
fp1sig-a2457cb6e0faee54c9642f5f,5udxEaZg5wZQ3CgJpakBNN4ABZ5HCS6wKqGrpMiNpump,120,2026-08-27T15:57:42.806504+00:00,AVAILABLE,9002,-1044,30
fp1sig-a2457cb6e0faee54c9642f5f,5udxEaZg5wZQ3CgJpakBNN4ABZ5HCS6wKqGrpMiNpump,180,2026-08-27T15:58:42.806504+00:00,AVAILABLE,9002,-1044,30
fp1sig-a2457cb6e0faee54c9642f5f,5udxEaZg5wZQ3CgJpakBNN4ABZ5HCS6wKqGrpMiNpump,300,2026-08-27T16:00:42.806504+00:00,AVAILABLE,9002,-1044,30
fp1sig-a27ee836765987f9fb7db771,CzMravJwV8sazBJkVNYL4XbSVqYhoaBW1VAKa7Sjpump,5,2026-08-28T06:24:38.167062+00:00,MISSING,,,0
fp1sig-a27ee836765987f9fb7db771,CzMravJwV8sazBJkVNYL4XbSVqYhoaBW1VAKa7Sjpump,10,2026-08-28T06:24:43.167062+00:00,MISSING,,,0
fp1sig-a27ee836765987f9fb7db771,CzMravJwV8sazBJkVNYL4XbSVqYhoaBW1VAKa7Sjpump,15,2026-08-28T06:24:48.167062+00:00,AVAILABLE,817,817,1
fp1sig-a27ee836765987f9fb7db771,CzMravJwV8sazBJkVNYL4XbSVqYhoaBW1VAKa7Sjpump,20,2026-08-28T06:24:53.167062+00:00,AVAILABLE,817,290,2
fp1sig-a27ee836765987f9fb7db771,CzMravJwV8sazBJkVNYL4XbSVqYhoaBW1VAKa7Sjpump,30,2026-08-28T06:25:03.167062+00:00,AVAILABLE,817,290,2
fp1sig-a27ee836765987f9fb7db771,CzMravJwV8sazBJkVNYL4XbSVqYhoaBW1VAKa7Sjpump,45,2026-08-28T06:25:18.167062+00:00,AVAILABLE,2211,-789,12
fp1sig-a27ee836765987f9fb7db771,CzMravJwV8sazBJkVNYL4XbSVqYhoaBW1VAKa7Sjpump,60,2026-08-28T06:25:33.167062+00:00,AVAILABLE,2600,-789,23
fp1sig-a27ee836765987f9fb7db771,CzMravJwV8sazBJkVNYL4XbSVqYhoaBW1VAKa7Sjpump,90,2026-08-28T06:26:03.167062+00:00,AVAILABLE,4341,-789,41
fp1sig-a27ee836765987f9fb7db771,CzMravJwV8sazBJkVNYL4XbSVqYhoaBW1VAKa7Sjpump,120,2026-08-28T06:26:33.167062+00:00,AVAILABLE,9380,-789,67
fp1sig-a27ee836765987f9fb7db771,CzMravJwV8sazBJkVNYL4XbSVqYhoaBW1VAKa7Sjpump,180,2026-08-28T06:27:33.167062+00:00,AVAILABLE,12820,-789,125
fp1sig-a27ee836765987f9fb7db771,CzMravJwV8sazBJkVNYL4XbSVqYhoaBW1VAKa7Sjpump,300,2026-08-28T06:29:33.167062+00:00,AVAILABLE,12820,-789,249
fp1sig-a2a7bcfd3c4b83a428d605c9,FfNjVMwXFysEGkG1psvPMV8wXvN4xN3YwZojcEo1pump,5,2026-08-28T10:14:52.851021+00:00,MISSING,,,0
fp1sig-a2a7bcfd3c4b83a428d605c9,FfNjVMwXFysEGkG1psvPMV8wXvN4xN3YwZojcEo1pump,10,2026-08-28T10:14:57.851021+00:00,MISSING,,,0
fp1sig-a2a7bcfd3c4b83a428d605c9,FfNjVMwXFysEGkG1psvPMV8wXvN4xN3YwZojcEo1pump,15,2026-08-28T10:15:02.851021+00:00,MISSING,,,0
fp1sig-a2a7bcfd3c4b83a428d605c9,FfNjVMwXFysEGkG1psvPMV8wXvN4xN3YwZojcEo1pump,20,2026-08-28T10:15:07.851021+00:00,MISSING,,,0
fp1sig-a2a7bcfd3c4b83a428d605c9,FfNjVMwXFysEGkG1psvPMV8wXvN4xN3YwZojcEo1pump,30,2026-08-28T10:15:17.851021+00:00,AVAILABLE,-127,-127,1
fp1sig-a2a7bcfd3c4b83a428d605c9,FfNjVMwXFysEGkG1psvPMV8wXvN4xN3YwZojcEo1pump,45,2026-08-28T10:15:32.851021+00:00,AVAILABLE,-127,-127,1
fp1sig-a2a7bcfd3c4b83a428d605c9,FfNjVMwXFysEGkG1psvPMV8wXvN4xN3YwZojcEo1pump,60,2026-08-28T10:15:47.851021+00:00,AVAILABLE,542,-127,2
fp1sig-a2a7bcfd3c4b83a428d605c9,FfNjVMwXFysEGkG1psvPMV8wXvN4xN3YwZojcEo1pump,90,2026-08-28T10:16:17.851021+00:00,AVAILABLE,542,-243,3
fp1sig-a2a7bcfd3c4b83a428d605c9,FfNjVMwXFysEGkG1psvPMV8wXvN4xN3YwZojcEo1pump,120,2026-08-28T10:16:47.851021+00:00,AVAILABLE,542,-244,4
fp1sig-a2a7bcfd3c4b83a428d605c9,FfNjVMwXFysEGkG1psvPMV8wXvN4xN3YwZojcEo1pump,180,2026-08-28T10:17:47.851021+00:00,AVAILABLE,542,-244,4
fp1sig-a2a7bcfd3c4b83a428d605c9,FfNjVMwXFysEGkG1psvPMV8wXvN4xN3YwZojcEo1pump,300,2026-08-28T10:19:47.851021+00:00,AVAILABLE,542,-244,4
fp1sig-a2a9a544060e60b716617482,EpCxKueb1jp3xQ4LQFCh3pQf6v9EDoaoobud4xBTpump,5,2026-08-28T01:38:26.036874+00:00,AVAILABLE,-710,-933,2
fp1sig-a2a9a544060e60b716617482,EpCxKueb1jp3xQ4LQFCh3pQf6v9EDoaoobud4xBTpump,10,2026-08-28T01:38:31.036874+00:00,AVAILABLE,-244,-933,4
fp1sig-a2a9a544060e60b716617482,EpCxKueb1jp3xQ4LQFCh3pQf6v9EDoaoobud4xBTpump,15,2026-08-28T01:38:36.036874+00:00,AVAILABLE,757,-933,7
fp1sig-a2a9a544060e60b716617482,EpCxKueb1jp3xQ4LQFCh3pQf6v9EDoaoobud4xBTpump,20,2026-08-28T01:38:41.036874+00:00,AVAILABLE,1725,-933,10
fp1sig-a2a9a544060e60b716617482,EpCxKueb1jp3xQ4LQFCh3pQf6v9EDoaoobud4xBTpump,30,2026-08-28T01:38:51.036874+00:00,AVAILABLE,5233,-933,22
fp1sig-a2a9a544060e60b716617482,EpCxKueb1jp3xQ4LQFCh3pQf6v9EDoaoobud4xBTpump,45,2026-08-28T01:39:06.036874+00:00,AVAILABLE,5282,-933,27
fp1sig-a2a9a544060e60b716617482,EpCxKueb1jp3xQ4LQFCh3pQf6v9EDoaoobud4xBTpump,60,2026-08-28T01:39:21.036874+00:00,AVAILABLE,5282,-1468,32
fp1sig-a2a9a544060e60b716617482,EpCxKueb1jp3xQ4LQFCh3pQf6v9EDoaoobud4xBTpump,90,2026-08-28T01:39:51.036874+00:00,AVAILABLE,5282,-1468,47
fp1sig-a2a9a544060e60b716617482,EpCxKueb1jp3xQ4LQFCh3pQf6v9EDoaoobud4xBTpump,120,2026-08-28T01:40:21.036874+00:00,AVAILABLE,5282,-1468,48
fp1sig-a2a9a544060e60b716617482,EpCxKueb1jp3xQ4LQFCh3pQf6v9EDoaoobud4xBTpump,180,2026-08-28T01:41:21.036874+00:00,AVAILABLE,6874,-1468,67
fp1sig-a2a9a544060e60b716617482,EpCxKueb1jp3xQ4LQFCh3pQf6v9EDoaoobud4xBTpump,300,2026-08-28T01:43:21.036874+00:00,AVAILABLE,10364,-1468,82
fp1sig-a2dee0331b1c6a5e34ced498,8ppPkwcvECF1ZjtGqHyMwYt8KC5bXrrAQcyKFLoqpump,5,2026-08-28T03:20:36.197009+00:00,AVAILABLE,-4622,-4622,1
fp1sig-a2dee0331b1c6a5e34ced498,8ppPkwcvECF1ZjtGqHyMwYt8KC5bXrrAQcyKFLoqpump,10,2026-08-28T03:20:41.197009+00:00,AVAILABLE,-4622,-4622,1
fp1sig-a2dee0331b1c6a5e34ced498,8ppPkwcvECF1ZjtGqHyMwYt8KC5bXrrAQcyKFLoqpump,15,2026-08-28T03:20:46.197009+00:00,AVAILABLE,-4622,-5821,2
fp1sig-a2dee0331b1c6a5e34ced498,8ppPkwcvECF1ZjtGqHyMwYt8KC5bXrrAQcyKFLoqpump,20,2026-08-28T03:20:51.197009+00:00,AVAILABLE,-4622,-5821,3
fp1sig-a2dee0331b1c6a5e34ced498,8ppPkwcvECF1ZjtGqHyMwYt8KC5bXrrAQcyKFLoqpump,30,2026-08-28T03:21:01.197009+00:00,AVAILABLE,-4622,-5821,5
fp1sig-a2dee0331b1c6a5e34ced498,8ppPkwcvECF1ZjtGqHyMwYt8KC5bXrrAQcyKFLoqpump,45,2026-08-28T03:21:16.197009+00:00,AVAILABLE,-4622,-5821,5
fp1sig-a2dee0331b1c6a5e34ced498,8ppPkwcvECF1ZjtGqHyMwYt8KC5bXrrAQcyKFLoqpump,60,2026-08-28T03:21:31.197009+00:00,AVAILABLE,-4622,-5821,5
fp1sig-a2dee0331b1c6a5e34ced498,8ppPkwcvECF1ZjtGqHyMwYt8KC5bXrrAQcyKFLoqpump,90,2026-08-28T03:22:01.197009+00:00,AVAILABLE,-4622,-5821,6
fp1sig-a2dee0331b1c6a5e34ced498,8ppPkwcvECF1ZjtGqHyMwYt8KC5bXrrAQcyKFLoqpump,120,2026-08-28T03:22:31.197009+00:00,AVAILABLE,-1500,-5821,8
fp1sig-a2dee0331b1c6a5e34ced498,8ppPkwcvECF1ZjtGqHyMwYt8KC5bXrrAQcyKFLoqpump,180,2026-08-28T03:23:31.197009+00:00,AVAILABLE,997,-5821,12
fp1sig-a2dee0331b1c6a5e34ced498,8ppPkwcvECF1ZjtGqHyMwYt8KC5bXrrAQcyKFLoqpump,300,2026-08-28T03:25:31.197009+00:00,AVAILABLE,11936,-5821,37
fp1sig-a2e73852e812c84b83f14de5,6d5eE5TAuRWQr172XBogX59Mm5WmDgDC8ugr79usnC9p,5,2026-08-27T16:54:04.178152+00:00,AVAILABLE,-76,-76,1
fp1sig-a2e73852e812c84b83f14de5,6d5eE5TAuRWQr172XBogX59Mm5WmDgDC8ugr79usnC9p,10,2026-08-27T16:54:09.178152+00:00,AVAILABLE,-76,-76,1
fp1sig-a2e73852e812c84b83f14de5,6d5eE5TAuRWQr172XBogX59Mm5WmDgDC8ugr79usnC9p,15,2026-08-27T16:54:14.178152+00:00,AVAILABLE,-76,-1285,2
fp1sig-a2e73852e812c84b83f14de5,6d5eE5TAuRWQr172XBogX59Mm5WmDgDC8ugr79usnC9p,20,2026-08-27T16:54:19.178152+00:00,AVAILABLE,-76,-2414,3
fp1sig-a2e73852e812c84b83f14de5,6d5eE5TAuRWQr172XBogX59Mm5WmDgDC8ugr79usnC9p,30,2026-08-27T16:54:29.178152+00:00,AVAILABLE,-76,-2452,5
fp1sig-a2e73852e812c84b83f14de5,6d5eE5TAuRWQr172XBogX59Mm5WmDgDC8ugr79usnC9p,45,2026-08-27T16:54:44.178152+00:00,AVAILABLE,-76,-2534,7
fp1sig-a2e73852e812c84b83f14de5,6d5eE5TAuRWQr172XBogX59Mm5WmDgDC8ugr79usnC9p,60,2026-08-27T16:54:59.178152+00:00,AVAILABLE,-76,-2534,7
fp1sig-a2e73852e812c84b83f14de5,6d5eE5TAuRWQr172XBogX59Mm5WmDgDC8ugr79usnC9p,90,2026-08-27T16:55:29.178152+00:00,AVAILABLE,-39,-2534,16
fp1sig-a2e73852e812c84b83f14de5,6d5eE5TAuRWQr172XBogX59Mm5WmDgDC8ugr79usnC9p,120,2026-08-27T16:55:59.178152+00:00,AVAILABLE,479,-2534,22
fp1sig-a2e73852e812c84b83f14de5,6d5eE5TAuRWQr172XBogX59Mm5WmDgDC8ugr79usnC9p,180,2026-08-27T16:56:59.178152+00:00,AVAILABLE,5355,-2534,28
fp1sig-a2e73852e812c84b83f14de5,6d5eE5TAuRWQr172XBogX59Mm5WmDgDC8ugr79usnC9p,300,2026-08-27T16:58:59.178152+00:00,AVAILABLE,5355,-2534,46
fp1sig-a3c330bf3be7d4585455efa0,8oGJ7uPob7uaLMinfCeYsdTBc5GW3gWruFE7njjCpump,5,2026-08-28T01:25:19.973575+00:00,AVAILABLE,382,382,1
fp1sig-a3c330bf3be7d4585455efa0,8oGJ7uPob7uaLMinfCeYsdTBc5GW3gWruFE7njjCpump,10,2026-08-28T01:25:24.973575+00:00,AVAILABLE,2534,382,3
fp1sig-a3c330bf3be7d4585455efa0,8oGJ7uPob7uaLMinfCeYsdTBc5GW3gWruFE7njjCpump,15,2026-08-28T01:25:29.973575+00:00,AVAILABLE,2534,-4115,5
fp1sig-a3c330bf3be7d4585455efa0,8oGJ7uPob7uaLMinfCeYsdTBc5GW3gWruFE7njjCpump,20,2026-08-28T01:25:34.973575+00:00,AVAILABLE,2534,-4115,5
fp1sig-a3c330bf3be7d4585455efa0,8oGJ7uPob7uaLMinfCeYsdTBc5GW3gWruFE7njjCpump,30,2026-08-28T01:25:44.973575+00:00,AVAILABLE,2534,-4115,6
fp1sig-a3c330bf3be7d4585455efa0,8oGJ7uPob7uaLMinfCeYsdTBc5GW3gWruFE7njjCpump,45,2026-08-28T01:25:59.973575+00:00,AVAILABLE,2534,-4115,6
fp1sig-a3c330bf3be7d4585455efa0,8oGJ7uPob7uaLMinfCeYsdTBc5GW3gWruFE7njjCpump,60,2026-08-28T01:26:14.973575+00:00,AVAILABLE,2534,-4115,6
fp1sig-a3c330bf3be7d4585455efa0,8oGJ7uPob7uaLMinfCeYsdTBc5GW3gWruFE7njjCpump,90,2026-08-28T01:26:44.973575+00:00,AVAILABLE,2534,-4115,6
fp1sig-a3c330bf3be7d4585455efa0,8oGJ7uPob7uaLMinfCeYsdTBc5GW3gWruFE7njjCpump,120,2026-08-28T01:27:14.973575+00:00,AVAILABLE,2534,-4115,6
fp1sig-a3c330bf3be7d4585455efa0,8oGJ7uPob7uaLMinfCeYsdTBc5GW3gWruFE7njjCpump,180,2026-08-28T01:28:14.973575+00:00,AVAILABLE,2534,-4115,6
fp1sig-a3c330bf3be7d4585455efa0,8oGJ7uPob7uaLMinfCeYsdTBc5GW3gWruFE7njjCpump,300,2026-08-28T01:30:14.973575+00:00,AVAILABLE,2534,-4115,6
fp1sig-a5364d6e12ac86f6a7112b96,bS5hfxkEc1qrX9y9Cf3cJgzgwxHp1dk3Nza2XHppump,5,2026-08-27T22:08:29.450160+00:00,MISSING,,,0
fp1sig-a5364d6e12ac86f6a7112b96,bS5hfxkEc1qrX9y9Cf3cJgzgwxHp1dk3Nza2XHppump,10,2026-08-27T22:08:34.450160+00:00,MISSING,,,0
fp1sig-a5364d6e12ac86f6a7112b96,bS5hfxkEc1qrX9y9Cf3cJgzgwxHp1dk3Nza2XHppump,15,2026-08-27T22:08:39.450160+00:00,AVAILABLE,690,-1133,2
fp1sig-a5364d6e12ac86f6a7112b96,bS5hfxkEc1qrX9y9Cf3cJgzgwxHp1dk3Nza2XHppump,20,2026-08-27T22:08:44.450160+00:00,AVAILABLE,690,-1133,3
fp1sig-a5364d6e12ac86f6a7112b96,bS5hfxkEc1qrX9y9Cf3cJgzgwxHp1dk3Nza2XHppump,30,2026-08-27T22:08:54.450160+00:00,AVAILABLE,690,-1133,4
fp1sig-a5364d6e12ac86f6a7112b96,bS5hfxkEc1qrX9y9Cf3cJgzgwxHp1dk3Nza2XHppump,45,2026-08-27T22:09:09.450160+00:00,AVAILABLE,690,-1133,4
fp1sig-a5364d6e12ac86f6a7112b96,bS5hfxkEc1qrX9y9Cf3cJgzgwxHp1dk3Nza2XHppump,60,2026-08-27T22:09:24.450160+00:00,AVAILABLE,690,-1891,6
fp1sig-a5364d6e12ac86f6a7112b96,bS5hfxkEc1qrX9y9Cf3cJgzgwxHp1dk3Nza2XHppump,90,2026-08-27T22:09:54.450160+00:00,AVAILABLE,690,-3594,9
fp1sig-a5364d6e12ac86f6a7112b96,bS5hfxkEc1qrX9y9Cf3cJgzgwxHp1dk3Nza2XHppump,120,2026-08-27T22:10:24.450160+00:00,AVAILABLE,690,-3594,18
fp1sig-a5364d6e12ac86f6a7112b96,bS5hfxkEc1qrX9y9Cf3cJgzgwxHp1dk3Nza2XHppump,180,2026-08-27T22:11:24.450160+00:00,AVAILABLE,690,-3594,41
fp1sig-a5364d6e12ac86f6a7112b96,bS5hfxkEc1qrX9y9Cf3cJgzgwxHp1dk3Nza2XHppump,300,2026-08-27T22:13:24.450160+00:00,AVAILABLE,4196,-3594,76
fp1sig-a593bef7fb913cbb594c4a60,6hYvNdaLbRkWu4FmM3LSfc3w3F4mSc6UMMWuvW4Jpump,5,2026-08-28T07:42:17.063608+00:00,MISSING,,,0
fp1sig-a593bef7fb913cbb594c4a60,6hYvNdaLbRkWu4FmM3LSfc3w3F4mSc6UMMWuvW4Jpump,10,2026-08-28T07:42:22.063608+00:00,AVAILABLE,-810,-822,2
fp1sig-a593bef7fb913cbb594c4a60,6hYvNdaLbRkWu4FmM3LSfc3w3F4mSc6UMMWuvW4Jpump,15,2026-08-28T07:42:27.063608+00:00,AVAILABLE,-810,-1092,5
fp1sig-a593bef7fb913cbb594c4a60,6hYvNdaLbRkWu4FmM3LSfc3w3F4mSc6UMMWuvW4Jpump,20,2026-08-28T07:42:32.063608+00:00,AVAILABLE,-810,-1092,8
fp1sig-a593bef7fb913cbb594c4a60,6hYvNdaLbRkWu4FmM3LSfc3w3F4mSc6UMMWuvW4Jpump,30,2026-08-28T07:42:42.063608+00:00,AVAILABLE,-810,-1607,13
fp1sig-a593bef7fb913cbb594c4a60,6hYvNdaLbRkWu4FmM3LSfc3w3F4mSc6UMMWuvW4Jpump,45,2026-08-28T07:42:57.063608+00:00,AVAILABLE,-810,-1607,16
fp1sig-a593bef7fb913cbb594c4a60,6hYvNdaLbRkWu4FmM3LSfc3w3F4mSc6UMMWuvW4Jpump,60,2026-08-28T07:43:12.063608+00:00,AVAILABLE,61,-1607,25
fp1sig-a593bef7fb913cbb594c4a60,6hYvNdaLbRkWu4FmM3LSfc3w3F4mSc6UMMWuvW4Jpump,90,2026-08-28T07:43:42.063608+00:00,AVAILABLE,61,-1607,32
fp1sig-a593bef7fb913cbb594c4a60,6hYvNdaLbRkWu4FmM3LSfc3w3F4mSc6UMMWuvW4Jpump,120,2026-08-28T07:44:12.063608+00:00,AVAILABLE,61,-1607,38
fp1sig-a593bef7fb913cbb594c4a60,6hYvNdaLbRkWu4FmM3LSfc3w3F4mSc6UMMWuvW4Jpump,180,2026-08-28T07:45:12.063608+00:00,AVAILABLE,992,-1607,54
fp1sig-a593bef7fb913cbb594c4a60,6hYvNdaLbRkWu4FmM3LSfc3w3F4mSc6UMMWuvW4Jpump,300,2026-08-28T07:47:12.063608+00:00,AVAILABLE,992,-2224,75
fp1sig-a5adcc8a89d73e94bc750eaf,643kEvsek6q7dVhFvZXz3rpQZ29qJUXPjJXeTbX6pump,5,2026-08-27T15:26:18.228185+00:00,MISSING,,,0
fp1sig-a5adcc8a89d73e94bc750eaf,643kEvsek6q7dVhFvZXz3rpQZ29qJUXPjJXeTbX6pump,10,2026-08-27T15:26:23.228185+00:00,AVAILABLE,889,635,2
fp1sig-a5adcc8a89d73e94bc750eaf,643kEvsek6q7dVhFvZXz3rpQZ29qJUXPjJXeTbX6pump,15,2026-08-27T15:26:28.228185+00:00,AVAILABLE,889,205,5
fp1sig-a5adcc8a89d73e94bc750eaf,643kEvsek6q7dVhFvZXz3rpQZ29qJUXPjJXeTbX6pump,20,2026-08-27T15:26:33.228185+00:00,AVAILABLE,889,205,5
fp1sig-a5adcc8a89d73e94bc750eaf,643kEvsek6q7dVhFvZXz3rpQZ29qJUXPjJXeTbX6pump,30,2026-08-27T15:26:43.228185+00:00,AVAILABLE,889,205,5
fp1sig-a5adcc8a89d73e94bc750eaf,643kEvsek6q7dVhFvZXz3rpQZ29qJUXPjJXeTbX6pump,45,2026-08-27T15:26:58.228185+00:00,AVAILABLE,889,205,5
fp1sig-a5adcc8a89d73e94bc750eaf,643kEvsek6q7dVhFvZXz3rpQZ29qJUXPjJXeTbX6pump,60,2026-08-27T15:27:13.228185+00:00,AVAILABLE,889,-1340,9
fp1sig-a5adcc8a89d73e94bc750eaf,643kEvsek6q7dVhFvZXz3rpQZ29qJUXPjJXeTbX6pump,90,2026-08-27T15:27:43.228185+00:00,AVAILABLE,889,-3039,16
fp1sig-a5adcc8a89d73e94bc750eaf,643kEvsek6q7dVhFvZXz3rpQZ29qJUXPjJXeTbX6pump,120,2026-08-27T15:28:13.228185+00:00,AVAILABLE,1318,-3039,39
fp1sig-a5adcc8a89d73e94bc750eaf,643kEvsek6q7dVhFvZXz3rpQZ29qJUXPjJXeTbX6pump,180,2026-08-27T15:29:13.228185+00:00,AVAILABLE,2091,-3039,61
fp1sig-a5adcc8a89d73e94bc750eaf,643kEvsek6q7dVhFvZXz3rpQZ29qJUXPjJXeTbX6pump,300,2026-08-27T15:31:13.228185+00:00,AVAILABLE,8465,-3039,112
fp1sig-a5fc1047909841f2f5a841f5,F467hi3tATK3xCxCFyu8febWZsR3mKDE6LxhGKMtpump,5,2026-08-28T00:33:33.141734+00:00,AVAILABLE,-2607,-2642,2
fp1sig-a5fc1047909841f2f5a841f5,F467hi3tATK3xCxCFyu8febWZsR3mKDE6LxhGKMtpump,10,2026-08-28T00:33:38.141734+00:00,AVAILABLE,-2607,-2642,2
fp1sig-a5fc1047909841f2f5a841f5,F467hi3tATK3xCxCFyu8febWZsR3mKDE6LxhGKMtpump,15,2026-08-28T00:33:43.141734+00:00,AVAILABLE,-2607,-4173,3
fp1sig-a5fc1047909841f2f5a841f5,F467hi3tATK3xCxCFyu8febWZsR3mKDE6LxhGKMtpump,20,2026-08-28T00:33:48.141734+00:00,AVAILABLE,-2607,-4173,3
fp1sig-a5fc1047909841f2f5a841f5,F467hi3tATK3xCxCFyu8febWZsR3mKDE6LxhGKMtpump,30,2026-08-28T00:33:58.141734+00:00,AVAILABLE,-2607,-4173,3
fp1sig-a5fc1047909841f2f5a841f5,F467hi3tATK3xCxCFyu8febWZsR3mKDE6LxhGKMtpump,45,2026-08-28T00:34:13.141734+00:00,AVAILABLE,-2607,-4173,5
fp1sig-a5fc1047909841f2f5a841f5,F467hi3tATK3xCxCFyu8febWZsR3mKDE6LxhGKMtpump,60,2026-08-28T00:34:28.141734+00:00,AVAILABLE,-2607,-4369,6
fp1sig-a5fc1047909841f2f5a841f5,F467hi3tATK3xCxCFyu8febWZsR3mKDE6LxhGKMtpump,90,2026-08-28T00:34:58.141734+00:00,AVAILABLE,-2455,-4618,8
fp1sig-a5fc1047909841f2f5a841f5,F467hi3tATK3xCxCFyu8febWZsR3mKDE6LxhGKMtpump,120,2026-08-28T00:35:28.141734+00:00,AVAILABLE,-2455,-4618,10
fp1sig-a5fc1047909841f2f5a841f5,F467hi3tATK3xCxCFyu8febWZsR3mKDE6LxhGKMtpump,180,2026-08-28T00:36:28.141734+00:00,AVAILABLE,108,-4618,18
fp1sig-a5fc1047909841f2f5a841f5,F467hi3tATK3xCxCFyu8febWZsR3mKDE6LxhGKMtpump,300,2026-08-28T00:38:28.141734+00:00,AVAILABLE,108,-5912,31
fp1sig-a819361afac2ea326d3d24a0,BeVwbFayKr7JU8qAbJdJKwGmK3AX2gPttRQyNApKpump,5,2026-08-28T01:17:54.505016+00:00,AVAILABLE,-341,-341,1
fp1sig-a819361afac2ea326d3d24a0,BeVwbFayKr7JU8qAbJdJKwGmK3AX2gPttRQyNApKpump,10,2026-08-28T01:17:59.505016+00:00,AVAILABLE,-341,-396,2
fp1sig-a819361afac2ea326d3d24a0,BeVwbFayKr7JU8qAbJdJKwGmK3AX2gPttRQyNApKpump,15,2026-08-28T01:18:04.505016+00:00,AVAILABLE,-341,-396,2
fp1sig-a819361afac2ea326d3d24a0,BeVwbFayKr7JU8qAbJdJKwGmK3AX2gPttRQyNApKpump,20,2026-08-28T01:18:09.505016+00:00,AVAILABLE,-341,-396,2
fp1sig-a819361afac2ea326d3d24a0,BeVwbFayKr7JU8qAbJdJKwGmK3AX2gPttRQyNApKpump,30,2026-08-28T01:18:19.505016+00:00,AVAILABLE,-341,-396,2
fp1sig-a819361afac2ea326d3d24a0,BeVwbFayKr7JU8qAbJdJKwGmK3AX2gPttRQyNApKpump,45,2026-08-28T01:18:34.505016+00:00,AVAILABLE,-341,-1378,10
fp1sig-a819361afac2ea326d3d24a0,BeVwbFayKr7JU8qAbJdJKwGmK3AX2gPttRQyNApKpump,60,2026-08-28T01:18:49.505016+00:00,AVAILABLE,-341,-1378,10
fp1sig-a819361afac2ea326d3d24a0,BeVwbFayKr7JU8qAbJdJKwGmK3AX2gPttRQyNApKpump,90,2026-08-28T01:19:19.505016+00:00,AVAILABLE,-341,-1378,10
fp1sig-a819361afac2ea326d3d24a0,BeVwbFayKr7JU8qAbJdJKwGmK3AX2gPttRQyNApKpump,120,2026-08-28T01:19:49.505016+00:00,AVAILABLE,-341,-2163,14
fp1sig-a819361afac2ea326d3d24a0,BeVwbFayKr7JU8qAbJdJKwGmK3AX2gPttRQyNApKpump,180,2026-08-28T01:20:49.505016+00:00,AVAILABLE,-341,-2163,17
fp1sig-a819361afac2ea326d3d24a0,BeVwbFayKr7JU8qAbJdJKwGmK3AX2gPttRQyNApKpump,300,2026-08-28T01:22:49.505016+00:00,AVAILABLE,-341,-2163,18
fp1sig-a82dacf42f33fdfa7c227be4,CmM5HxXesQdt6go1E4g5FPSGVZQ6ddS893KRFE3Upump,5,2026-08-27T12:38:24.968694+00:00,MISSING,,,0
fp1sig-a82dacf42f33fdfa7c227be4,CmM5HxXesQdt6go1E4g5FPSGVZQ6ddS893KRFE3Upump,10,2026-08-27T12:38:29.968694+00:00,AVAILABLE,199,197,2
fp1sig-a82dacf42f33fdfa7c227be4,CmM5HxXesQdt6go1E4g5FPSGVZQ6ddS893KRFE3Upump,15,2026-08-27T12:38:34.968694+00:00,AVAILABLE,199,197,2
fp1sig-a82dacf42f33fdfa7c227be4,CmM5HxXesQdt6go1E4g5FPSGVZQ6ddS893KRFE3Upump,20,2026-08-27T12:38:39.968694+00:00,AVAILABLE,199,-271,6
fp1sig-a82dacf42f33fdfa7c227be4,CmM5HxXesQdt6go1E4g5FPSGVZQ6ddS893KRFE3Upump,30,2026-08-27T12:38:49.968694+00:00,AVAILABLE,199,-1504,11
fp1sig-a82dacf42f33fdfa7c227be4,CmM5HxXesQdt6go1E4g5FPSGVZQ6ddS893KRFE3Upump,45,2026-08-27T12:39:04.968694+00:00,AVAILABLE,199,-2905,15
fp1sig-a82dacf42f33fdfa7c227be4,CmM5HxXesQdt6go1E4g5FPSGVZQ6ddS893KRFE3Upump,60,2026-08-27T12:39:19.968694+00:00,AVAILABLE,199,-2905,15
fp1sig-a82dacf42f33fdfa7c227be4,CmM5HxXesQdt6go1E4g5FPSGVZQ6ddS893KRFE3Upump,90,2026-08-27T12:39:49.968694+00:00,AVAILABLE,199,-4136,17
fp1sig-a82dacf42f33fdfa7c227be4,CmM5HxXesQdt6go1E4g5FPSGVZQ6ddS893KRFE3Upump,120,2026-08-27T12:40:19.968694+00:00,AVAILABLE,199,-4136,17
fp1sig-a82dacf42f33fdfa7c227be4,CmM5HxXesQdt6go1E4g5FPSGVZQ6ddS893KRFE3Upump,180,2026-08-27T12:41:19.968694+00:00,AVAILABLE,199,-4136,17
fp1sig-a82dacf42f33fdfa7c227be4,CmM5HxXesQdt6go1E4g5FPSGVZQ6ddS893KRFE3Upump,300,2026-08-27T12:43:19.968694+00:00,AVAILABLE,199,-4136,17
fp1sig-aa2b0e1c3517615378afd20c,8jAwgxcLp9GuS7wxXiG94JtfR78NRrmjMqPsDuXWpump,5,2026-08-28T12:01:56.729303+00:00,MISSING,,,0
fp1sig-aa2b0e1c3517615378afd20c,8jAwgxcLp9GuS7wxXiG94JtfR78NRrmjMqPsDuXWpump,10,2026-08-28T12:02:01.729303+00:00,AVAILABLE,-286,-750,2
fp1sig-aa2b0e1c3517615378afd20c,8jAwgxcLp9GuS7wxXiG94JtfR78NRrmjMqPsDuXWpump,15,2026-08-28T12:02:06.729303+00:00,AVAILABLE,-286,-1247,3
fp1sig-aa2b0e1c3517615378afd20c,8jAwgxcLp9GuS7wxXiG94JtfR78NRrmjMqPsDuXWpump,20,2026-08-28T12:02:11.729303+00:00,AVAILABLE,-286,-1247,4
fp1sig-aa2b0e1c3517615378afd20c,8jAwgxcLp9GuS7wxXiG94JtfR78NRrmjMqPsDuXWpump,30,2026-08-28T12:02:21.729303+00:00,AVAILABLE,-286,-2520,6
fp1sig-aa2b0e1c3517615378afd20c,8jAwgxcLp9GuS7wxXiG94JtfR78NRrmjMqPsDuXWpump,45,2026-08-28T12:02:36.729303+00:00,AVAILABLE,-286,-2520,6
fp1sig-aa2b0e1c3517615378afd20c,8jAwgxcLp9GuS7wxXiG94JtfR78NRrmjMqPsDuXWpump,60,2026-08-28T12:02:51.729303+00:00,AVAILABLE,-286,-3129,10
fp1sig-aa2b0e1c3517615378afd20c,8jAwgxcLp9GuS7wxXiG94JtfR78NRrmjMqPsDuXWpump,90,2026-08-28T12:03:21.729303+00:00,AVAILABLE,-286,-4264,18
fp1sig-aa2b0e1c3517615378afd20c,8jAwgxcLp9GuS7wxXiG94JtfR78NRrmjMqPsDuXWpump,120,2026-08-28T12:03:51.729303+00:00,AVAILABLE,-286,-4264,18
fp1sig-aa2b0e1c3517615378afd20c,8jAwgxcLp9GuS7wxXiG94JtfR78NRrmjMqPsDuXWpump,180,2026-08-28T12:04:51.729303+00:00,AVAILABLE,-286,-4264,18
fp1sig-aa2b0e1c3517615378afd20c,8jAwgxcLp9GuS7wxXiG94JtfR78NRrmjMqPsDuXWpump,300,2026-08-28T12:06:51.729303+00:00,AVAILABLE,-286,-4264,18
fp1sig-aa39ab6877d8ec5eea8aa0cb,9sGxVCriPeVSucE47AwfgHWfpsV49bFcCi3oQQnZpump,5,2026-08-28T02:07:24.821834+00:00,AVAILABLE,430,-596,8
fp1sig-aa39ab6877d8ec5eea8aa0cb,9sGxVCriPeVSucE47AwfgHWfpsV49bFcCi3oQQnZpump,10,2026-08-28T02:07:29.821834+00:00,AVAILABLE,430,-994,11
fp1sig-aa39ab6877d8ec5eea8aa0cb,9sGxVCriPeVSucE47AwfgHWfpsV49bFcCi3oQQnZpump,15,2026-08-28T02:07:34.821834+00:00,AVAILABLE,430,-994,12
fp1sig-aa39ab6877d8ec5eea8aa0cb,9sGxVCriPeVSucE47AwfgHWfpsV49bFcCi3oQQnZpump,20,2026-08-28T02:07:39.821834+00:00,AVAILABLE,430,-994,12
fp1sig-aa39ab6877d8ec5eea8aa0cb,9sGxVCriPeVSucE47AwfgHWfpsV49bFcCi3oQQnZpump,30,2026-08-28T02:07:49.821834+00:00,AVAILABLE,430,-1163,13
fp1sig-aa39ab6877d8ec5eea8aa0cb,9sGxVCriPeVSucE47AwfgHWfpsV49bFcCi3oQQnZpump,45,2026-08-28T02:08:04.821834+00:00,AVAILABLE,430,-2132,19
fp1sig-aa39ab6877d8ec5eea8aa0cb,9sGxVCriPeVSucE47AwfgHWfpsV49bFcCi3oQQnZpump,60,2026-08-28T02:08:19.821834+00:00,AVAILABLE,2655,-2132,44
fp1sig-aa39ab6877d8ec5eea8aa0cb,9sGxVCriPeVSucE47AwfgHWfpsV49bFcCi3oQQnZpump,90,2026-08-28T02:08:49.821834+00:00,AVAILABLE,3324,-2132,81
fp1sig-aa39ab6877d8ec5eea8aa0cb,9sGxVCriPeVSucE47AwfgHWfpsV49bFcCi3oQQnZpump,120,2026-08-28T02:09:19.821834+00:00,AVAILABLE,3324,-2132,101
fp1sig-aa39ab6877d8ec5eea8aa0cb,9sGxVCriPeVSucE47AwfgHWfpsV49bFcCi3oQQnZpump,180,2026-08-28T02:10:19.821834+00:00,AVAILABLE,4597,-2132,170
fp1sig-aa39ab6877d8ec5eea8aa0cb,9sGxVCriPeVSucE47AwfgHWfpsV49bFcCi3oQQnZpump,300,2026-08-28T02:12:19.821834+00:00,AVAILABLE,4597,-2132,235
fp1sig-abe1208bca9accfab65fcc7e,GYF4f1Xqo6UqqnMpny45PTN8u9mSUf1v9hrHFXaKpump,5,2026-08-27T22:27:47.816513+00:00,AVAILABLE,298,234,2
fp1sig-abe1208bca9accfab65fcc7e,GYF4f1Xqo6UqqnMpny45PTN8u9mSUf1v9hrHFXaKpump,10,2026-08-27T22:27:52.816513+00:00,AVAILABLE,456,234,4
fp1sig-abe1208bca9accfab65fcc7e,GYF4f1Xqo6UqqnMpny45PTN8u9mSUf1v9hrHFXaKpump,15,2026-08-27T22:27:57.816513+00:00,AVAILABLE,456,234,4
fp1sig-abe1208bca9accfab65fcc7e,GYF4f1Xqo6UqqnMpny45PTN8u9mSUf1v9hrHFXaKpump,20,2026-08-27T22:28:02.816513+00:00,AVAILABLE,486,234,5
fp1sig-abe1208bca9accfab65fcc7e,GYF4f1Xqo6UqqnMpny45PTN8u9mSUf1v9hrHFXaKpump,30,2026-08-27T22:28:12.816513+00:00,AVAILABLE,486,234,6
fp1sig-abe1208bca9accfab65fcc7e,GYF4f1Xqo6UqqnMpny45PTN8u9mSUf1v9hrHFXaKpump,45,2026-08-27T22:28:27.816513+00:00,AVAILABLE,486,-878,11
fp1sig-abe1208bca9accfab65fcc7e,GYF4f1Xqo6UqqnMpny45PTN8u9mSUf1v9hrHFXaKpump,60,2026-08-27T22:28:42.816513+00:00,AVAILABLE,486,-1007,12
fp1sig-abe1208bca9accfab65fcc7e,GYF4f1Xqo6UqqnMpny45PTN8u9mSUf1v9hrHFXaKpump,90,2026-08-27T22:29:12.816513+00:00,AVAILABLE,486,-1261,16
fp1sig-abe1208bca9accfab65fcc7e,GYF4f1Xqo6UqqnMpny45PTN8u9mSUf1v9hrHFXaKpump,120,2026-08-27T22:29:42.816513+00:00,AVAILABLE,486,-1672,17
fp1sig-abe1208bca9accfab65fcc7e,GYF4f1Xqo6UqqnMpny45PTN8u9mSUf1v9hrHFXaKpump,180,2026-08-27T22:30:42.816513+00:00,AVAILABLE,486,-1961,20
fp1sig-abe1208bca9accfab65fcc7e,GYF4f1Xqo6UqqnMpny45PTN8u9mSUf1v9hrHFXaKpump,300,2026-08-27T22:32:42.816513+00:00,AVAILABLE,486,-2540,30
fp1sig-ac1e1a95ae59d847f0631d54,3wTyNyK9t6eqd8TAFsRLVX5yXJP3CTw6PNfTq8CFpump,5,2026-08-28T00:21:48.139132+00:00,AVAILABLE,-272,-272,1
fp1sig-ac1e1a95ae59d847f0631d54,3wTyNyK9t6eqd8TAFsRLVX5yXJP3CTw6PNfTq8CFpump,10,2026-08-28T00:21:53.139132+00:00,AVAILABLE,-272,-1763,2
fp1sig-ac1e1a95ae59d847f0631d54,3wTyNyK9t6eqd8TAFsRLVX5yXJP3CTw6PNfTq8CFpump,15,2026-08-28T00:21:58.139132+00:00,AVAILABLE,110,-1763,4
fp1sig-ac1e1a95ae59d847f0631d54,3wTyNyK9t6eqd8TAFsRLVX5yXJP3CTw6PNfTq8CFpump,20,2026-08-28T00:22:03.139132+00:00,AVAILABLE,1681,-1763,7
fp1sig-ac1e1a95ae59d847f0631d54,3wTyNyK9t6eqd8TAFsRLVX5yXJP3CTw6PNfTq8CFpump,30,2026-08-28T00:22:13.139132+00:00,AVAILABLE,1681,-1763,11
fp1sig-ac1e1a95ae59d847f0631d54,3wTyNyK9t6eqd8TAFsRLVX5yXJP3CTw6PNfTq8CFpump,45,2026-08-28T00:22:28.139132+00:00,AVAILABLE,1681,-2977,15
fp1sig-ac1e1a95ae59d847f0631d54,3wTyNyK9t6eqd8TAFsRLVX5yXJP3CTw6PNfTq8CFpump,60,2026-08-28T00:22:43.139132+00:00,AVAILABLE,1681,-3557,19
fp1sig-ac1e1a95ae59d847f0631d54,3wTyNyK9t6eqd8TAFsRLVX5yXJP3CTw6PNfTq8CFpump,90,2026-08-28T00:23:13.139132+00:00,AVAILABLE,2965,-3557,25
fp1sig-ac1e1a95ae59d847f0631d54,3wTyNyK9t6eqd8TAFsRLVX5yXJP3CTw6PNfTq8CFpump,120,2026-08-28T00:23:43.139132+00:00,AVAILABLE,2965,-3557,28
fp1sig-ac1e1a95ae59d847f0631d54,3wTyNyK9t6eqd8TAFsRLVX5yXJP3CTw6PNfTq8CFpump,180,2026-08-28T00:24:43.139132+00:00,AVAILABLE,2965,-3557,33
fp1sig-ac1e1a95ae59d847f0631d54,3wTyNyK9t6eqd8TAFsRLVX5yXJP3CTw6PNfTq8CFpump,300,2026-08-28T00:26:43.139132+00:00,AVAILABLE,20207,-3557,47
fp1sig-ac3356d2d8bc3c1f22c0ab33,CFR8FdCq2PNfY67CSGaD6LcWqPDLVNDHjVYTQ97Tpump,5,2026-08-28T02:51:49.468987+00:00,AVAILABLE,-323,-323,1
fp1sig-ac3356d2d8bc3c1f22c0ab33,CFR8FdCq2PNfY67CSGaD6LcWqPDLVNDHjVYTQ97Tpump,10,2026-08-28T02:51:54.468987+00:00,AVAILABLE,-323,-323,1
fp1sig-ac3356d2d8bc3c1f22c0ab33,CFR8FdCq2PNfY67CSGaD6LcWqPDLVNDHjVYTQ97Tpump,15,2026-08-28T02:51:59.468987+00:00,AVAILABLE,-323,-323,1
fp1sig-ac3356d2d8bc3c1f22c0ab33,CFR8FdCq2PNfY67CSGaD6LcWqPDLVNDHjVYTQ97Tpump,20,2026-08-28T02:52:04.468987+00:00,AVAILABLE,-323,-323,1
fp1sig-ac3356d2d8bc3c1f22c0ab33,CFR8FdCq2PNfY67CSGaD6LcWqPDLVNDHjVYTQ97Tpump,30,2026-08-28T02:52:14.468987+00:00,AVAILABLE,-323,-323,1
fp1sig-ac3356d2d8bc3c1f22c0ab33,CFR8FdCq2PNfY67CSGaD6LcWqPDLVNDHjVYTQ97Tpump,45,2026-08-28T02:52:29.468987+00:00,AVAILABLE,1092,-323,5
fp1sig-ac3356d2d8bc3c1f22c0ab33,CFR8FdCq2PNfY67CSGaD6LcWqPDLVNDHjVYTQ97Tpump,60,2026-08-28T02:52:44.468987+00:00,AVAILABLE,1092,-3046,14
fp1sig-ac3356d2d8bc3c1f22c0ab33,CFR8FdCq2PNfY67CSGaD6LcWqPDLVNDHjVYTQ97Tpump,90,2026-08-28T02:53:14.468987+00:00,AVAILABLE,1092,-3046,14
fp1sig-ac3356d2d8bc3c1f22c0ab33,CFR8FdCq2PNfY67CSGaD6LcWqPDLVNDHjVYTQ97Tpump,120,2026-08-28T02:53:44.468987+00:00,AVAILABLE,1092,-3046,14
fp1sig-ac3356d2d8bc3c1f22c0ab33,CFR8FdCq2PNfY67CSGaD6LcWqPDLVNDHjVYTQ97Tpump,180,2026-08-28T02:54:44.468987+00:00,AVAILABLE,1092,-3046,14
fp1sig-ac3356d2d8bc3c1f22c0ab33,CFR8FdCq2PNfY67CSGaD6LcWqPDLVNDHjVYTQ97Tpump,300,2026-08-28T02:56:44.468987+00:00,AVAILABLE,1092,-3046,14
fp1sig-ac47f538428194a39f4f54bf,H3GC7dsdm4aYyoeBLHig9rc4NDHQHV4fSScpk6D7pump,5,2026-08-27T23:43:11.044657+00:00,AVAILABLE,-3035,-3035,3
fp1sig-ac47f538428194a39f4f54bf,H3GC7dsdm4aYyoeBLHig9rc4NDHQHV4fSScpk6D7pump,10,2026-08-27T23:43:16.044657+00:00,AVAILABLE,-1617,-3035,4
fp1sig-ac47f538428194a39f4f54bf,H3GC7dsdm4aYyoeBLHig9rc4NDHQHV4fSScpk6D7pump,15,2026-08-27T23:43:21.044657+00:00,AVAILABLE,129,-3035,5
fp1sig-ac47f538428194a39f4f54bf,H3GC7dsdm4aYyoeBLHig9rc4NDHQHV4fSScpk6D7pump,20,2026-08-27T23:43:26.044657+00:00,AVAILABLE,129,-3473,7
fp1sig-ac47f538428194a39f4f54bf,H3GC7dsdm4aYyoeBLHig9rc4NDHQHV4fSScpk6D7pump,30,2026-08-27T23:43:36.044657+00:00,AVAILABLE,129,-3473,9
fp1sig-ac47f538428194a39f4f54bf,H3GC7dsdm4aYyoeBLHig9rc4NDHQHV4fSScpk6D7pump,45,2026-08-27T23:43:51.044657+00:00,AVAILABLE,1327,-3473,15
fp1sig-ac47f538428194a39f4f54bf,H3GC7dsdm4aYyoeBLHig9rc4NDHQHV4fSScpk6D7pump,60,2026-08-27T23:44:06.044657+00:00,AVAILABLE,2042,-3473,22
fp1sig-ac47f538428194a39f4f54bf,H3GC7dsdm4aYyoeBLHig9rc4NDHQHV4fSScpk6D7pump,90,2026-08-27T23:44:36.044657+00:00,AVAILABLE,3702,-3473,33
fp1sig-ac47f538428194a39f4f54bf,H3GC7dsdm4aYyoeBLHig9rc4NDHQHV4fSScpk6D7pump,120,2026-08-27T23:45:06.044657+00:00,AVAILABLE,3702,-6085,45
fp1sig-ac47f538428194a39f4f54bf,H3GC7dsdm4aYyoeBLHig9rc4NDHQHV4fSScpk6D7pump,180,2026-08-27T23:46:06.044657+00:00,AVAILABLE,3702,-8454,73
fp1sig-ac47f538428194a39f4f54bf,H3GC7dsdm4aYyoeBLHig9rc4NDHQHV4fSScpk6D7pump,300,2026-08-27T23:48:06.044657+00:00,AVAILABLE,3702,-9679,125
fp1sig-aca5bd855462242b85b3f602,4DTzMJSXS1Rgdb4oV3VAdEPenarRVEMP1fBzrLZCpump,5,2026-08-27T20:13:06.747250+00:00,MISSING,,,0
fp1sig-aca5bd855462242b85b3f602,4DTzMJSXS1Rgdb4oV3VAdEPenarRVEMP1fBzrLZCpump,10,2026-08-27T20:13:11.747250+00:00,AVAILABLE,-967,-967,1
fp1sig-aca5bd855462242b85b3f602,4DTzMJSXS1Rgdb4oV3VAdEPenarRVEMP1fBzrLZCpump,15,2026-08-27T20:13:16.747250+00:00,AVAILABLE,-967,-4013,2
fp1sig-aca5bd855462242b85b3f602,4DTzMJSXS1Rgdb4oV3VAdEPenarRVEMP1fBzrLZCpump,20,2026-08-27T20:13:21.747250+00:00,AVAILABLE,-967,-4013,3
fp1sig-aca5bd855462242b85b3f602,4DTzMJSXS1Rgdb4oV3VAdEPenarRVEMP1fBzrLZCpump,30,2026-08-27T20:13:31.747250+00:00,AVAILABLE,-967,-4924,4
fp1sig-aca5bd855462242b85b3f602,4DTzMJSXS1Rgdb4oV3VAdEPenarRVEMP1fBzrLZCpump,45,2026-08-27T20:13:46.747250+00:00,AVAILABLE,-967,-6871,6
fp1sig-aca5bd855462242b85b3f602,4DTzMJSXS1Rgdb4oV3VAdEPenarRVEMP1fBzrLZCpump,60,2026-08-27T20:14:01.747250+00:00,AVAILABLE,-967,-6886,8
fp1sig-aca5bd855462242b85b3f602,4DTzMJSXS1Rgdb4oV3VAdEPenarRVEMP1fBzrLZCpump,90,2026-08-27T20:14:31.747250+00:00,AVAILABLE,-967,-6886,15
fp1sig-aca5bd855462242b85b3f602,4DTzMJSXS1Rgdb4oV3VAdEPenarRVEMP1fBzrLZCpump,120,2026-08-27T20:15:01.747250+00:00,AVAILABLE,-967,-7134,20
fp1sig-aca5bd855462242b85b3f602,4DTzMJSXS1Rgdb4oV3VAdEPenarRVEMP1fBzrLZCpump,180,2026-08-27T20:16:01.747250+00:00,AVAILABLE,-967,-8777,28
fp1sig-aca5bd855462242b85b3f602,4DTzMJSXS1Rgdb4oV3VAdEPenarRVEMP1fBzrLZCpump,300,2026-08-27T20:18:01.747250+00:00,AVAILABLE,-967,-9210,42
fp1sig-ad02ecab995d6745a25cf954,CisfgkRSjCgqgRjZWGKnRXsds8YxTBEmhzzqVMmJpump,5,2026-08-28T00:04:49.189624+00:00,AVAILABLE,1127,-48,11
fp1sig-ad02ecab995d6745a25cf954,CisfgkRSjCgqgRjZWGKnRXsds8YxTBEmhzzqVMmJpump,10,2026-08-28T00:04:54.189624+00:00,AVAILABLE,3223,-1306,36
fp1sig-ad02ecab995d6745a25cf954,CisfgkRSjCgqgRjZWGKnRXsds8YxTBEmhzzqVMmJpump,15,2026-08-28T00:04:59.189624+00:00,AVAILABLE,3223,-1306,48
fp1sig-ad02ecab995d6745a25cf954,CisfgkRSjCgqgRjZWGKnRXsds8YxTBEmhzzqVMmJpump,20,2026-08-28T00:05:04.189624+00:00,AVAILABLE,3223,-1306,49
fp1sig-ad02ecab995d6745a25cf954,CisfgkRSjCgqgRjZWGKnRXsds8YxTBEmhzzqVMmJpump,30,2026-08-28T00:05:14.189624+00:00,AVAILABLE,3223,-1306,54
fp1sig-ad02ecab995d6745a25cf954,CisfgkRSjCgqgRjZWGKnRXsds8YxTBEmhzzqVMmJpump,45,2026-08-28T00:05:29.189624+00:00,AVAILABLE,3223,-1306,61
fp1sig-ad02ecab995d6745a25cf954,CisfgkRSjCgqgRjZWGKnRXsds8YxTBEmhzzqVMmJpump,60,2026-08-28T00:05:44.189624+00:00,AVAILABLE,3825,-1306,82
fp1sig-ad02ecab995d6745a25cf954,CisfgkRSjCgqgRjZWGKnRXsds8YxTBEmhzzqVMmJpump,90,2026-08-28T00:06:14.189624+00:00,AVAILABLE,8455,-1306,106
fp1sig-ad02ecab995d6745a25cf954,CisfgkRSjCgqgRjZWGKnRXsds8YxTBEmhzzqVMmJpump,120,2026-08-28T00:06:44.189624+00:00,AVAILABLE,8455,-1306,120
fp1sig-ad02ecab995d6745a25cf954,CisfgkRSjCgqgRjZWGKnRXsds8YxTBEmhzzqVMmJpump,180,2026-08-28T00:07:44.189624+00:00,AVAILABLE,11156,-1306,187
fp1sig-ad02ecab995d6745a25cf954,CisfgkRSjCgqgRjZWGKnRXsds8YxTBEmhzzqVMmJpump,300,2026-08-28T00:09:44.189624+00:00,AVAILABLE,11156,-1306,259
fp1sig-ad1996d1f65b67486c1db8a9,57NgBBXzd6gKtBymoG5qiq4pZiHFs3b6o51Ldozgpump,5,2026-08-28T10:49:57.272757+00:00,AVAILABLE,-2789,-4229,3
fp1sig-ad1996d1f65b67486c1db8a9,57NgBBXzd6gKtBymoG5qiq4pZiHFs3b6o51Ldozgpump,10,2026-08-28T10:50:02.272757+00:00,AVAILABLE,-2789,-6444,4
fp1sig-ad1996d1f65b67486c1db8a9,57NgBBXzd6gKtBymoG5qiq4pZiHFs3b6o51Ldozgpump,15,2026-08-28T10:50:07.272757+00:00,AVAILABLE,-2789,-7063,5
fp1sig-ad1996d1f65b67486c1db8a9,57NgBBXzd6gKtBymoG5qiq4pZiHFs3b6o51Ldozgpump,20,2026-08-28T10:50:12.272757+00:00,AVAILABLE,-2789,-7063,6
fp1sig-ad1996d1f65b67486c1db8a9,57NgBBXzd6gKtBymoG5qiq4pZiHFs3b6o51Ldozgpump,30,2026-08-28T10:50:22.272757+00:00,AVAILABLE,-2789,-7063,6
fp1sig-ad1996d1f65b67486c1db8a9,57NgBBXzd6gKtBymoG5qiq4pZiHFs3b6o51Ldozgpump,45,2026-08-28T10:50:37.272757+00:00,AVAILABLE,-2789,-7063,6
fp1sig-ad1996d1f65b67486c1db8a9,57NgBBXzd6gKtBymoG5qiq4pZiHFs3b6o51Ldozgpump,60,2026-08-28T10:50:52.272757+00:00,AVAILABLE,-2789,-7063,8
fp1sig-ad1996d1f65b67486c1db8a9,57NgBBXzd6gKtBymoG5qiq4pZiHFs3b6o51Ldozgpump,90,2026-08-28T10:51:22.272757+00:00,AVAILABLE,-2789,-7515,19
fp1sig-ad1996d1f65b67486c1db8a9,57NgBBXzd6gKtBymoG5qiq4pZiHFs3b6o51Ldozgpump,120,2026-08-28T10:51:52.272757+00:00,AVAILABLE,-2789,-7515,34
fp1sig-ad1996d1f65b67486c1db8a9,57NgBBXzd6gKtBymoG5qiq4pZiHFs3b6o51Ldozgpump,180,2026-08-28T10:52:52.272757+00:00,AVAILABLE,-2789,-7515,37
fp1sig-ad1996d1f65b67486c1db8a9,57NgBBXzd6gKtBymoG5qiq4pZiHFs3b6o51Ldozgpump,300,2026-08-28T10:54:52.272757+00:00,AVAILABLE,-2789,-7515,37
fp1sig-ae57f18a067ea8c950d17fa9,BCv3HwVdpbS2HQNETVtsbhoSh7F3uKR5EBn6PpCBpump,5,2026-08-28T03:33:08.430070+00:00,AVAILABLE,3789,3789,1
fp1sig-ae57f18a067ea8c950d17fa9,BCv3HwVdpbS2HQNETVtsbhoSh7F3uKR5EBn6PpCBpump,10,2026-08-28T03:33:13.430070+00:00,AVAILABLE,3832,3789,2
fp1sig-ae57f18a067ea8c950d17fa9,BCv3HwVdpbS2HQNETVtsbhoSh7F3uKR5EBn6PpCBpump,15,2026-08-28T03:33:18.430070+00:00,AVAILABLE,6435,3789,3
fp1sig-ae57f18a067ea8c950d17fa9,BCv3HwVdpbS2HQNETVtsbhoSh7F3uKR5EBn6PpCBpump,20,2026-08-28T03:33:23.430070+00:00,AVAILABLE,12058,3789,4
fp1sig-ae57f18a067ea8c950d17fa9,BCv3HwVdpbS2HQNETVtsbhoSh7F3uKR5EBn6PpCBpump,30,2026-08-28T03:33:33.430070+00:00,AVAILABLE,12068,3789,7
fp1sig-ae57f18a067ea8c950d17fa9,BCv3HwVdpbS2HQNETVtsbhoSh7F3uKR5EBn6PpCBpump,45,2026-08-28T03:33:48.430070+00:00,AVAILABLE,12068,722,10
fp1sig-ae57f18a067ea8c950d17fa9,BCv3HwVdpbS2HQNETVtsbhoSh7F3uKR5EBn6PpCBpump,60,2026-08-28T03:34:03.430070+00:00,AVAILABLE,12068,-1789,12
fp1sig-ae57f18a067ea8c950d17fa9,BCv3HwVdpbS2HQNETVtsbhoSh7F3uKR5EBn6PpCBpump,90,2026-08-28T03:34:33.430070+00:00,AVAILABLE,12068,-1789,18
fp1sig-ae57f18a067ea8c950d17fa9,BCv3HwVdpbS2HQNETVtsbhoSh7F3uKR5EBn6PpCBpump,120,2026-08-28T03:35:03.430070+00:00,AVAILABLE,12068,-1789,21
fp1sig-ae57f18a067ea8c950d17fa9,BCv3HwVdpbS2HQNETVtsbhoSh7F3uKR5EBn6PpCBpump,180,2026-08-28T03:36:03.430070+00:00,AVAILABLE,31347,-1789,33
fp1sig-ae57f18a067ea8c950d17fa9,BCv3HwVdpbS2HQNETVtsbhoSh7F3uKR5EBn6PpCBpump,300,2026-08-28T03:38:03.430070+00:00,AVAILABLE,31347,-3118,45
fp1sig-ae8a56d66c1ab814dde37416,BXb6g4NbAAqWh2B7fEXKCmWNuWLWhg6DcfPceBHFpump,5,2026-08-28T09:48:18.251011+00:00,AVAILABLE,531,84,7
fp1sig-ae8a56d66c1ab814dde37416,BXb6g4NbAAqWh2B7fEXKCmWNuWLWhg6DcfPceBHFpump,10,2026-08-28T09:48:23.251011+00:00,AVAILABLE,531,84,7
fp1sig-ae8a56d66c1ab814dde37416,BXb6g4NbAAqWh2B7fEXKCmWNuWLWhg6DcfPceBHFpump,15,2026-08-28T09:48:28.251011+00:00,AVAILABLE,531,4,9
fp1sig-ae8a56d66c1ab814dde37416,BXb6g4NbAAqWh2B7fEXKCmWNuWLWhg6DcfPceBHFpump,20,2026-08-28T09:48:33.251011+00:00,AVAILABLE,531,4,10
fp1sig-ae8a56d66c1ab814dde37416,BXb6g4NbAAqWh2B7fEXKCmWNuWLWhg6DcfPceBHFpump,30,2026-08-28T09:48:43.251011+00:00,AVAILABLE,2349,-766,27
fp1sig-ae8a56d66c1ab814dde37416,BXb6g4NbAAqWh2B7fEXKCmWNuWLWhg6DcfPceBHFpump,45,2026-08-28T09:48:58.251011+00:00,AVAILABLE,2349,-766,30
fp1sig-ae8a56d66c1ab814dde37416,BXb6g4NbAAqWh2B7fEXKCmWNuWLWhg6DcfPceBHFpump,60,2026-08-28T09:49:13.251011+00:00,AVAILABLE,2349,-766,30
fp1sig-ae8a56d66c1ab814dde37416,BXb6g4NbAAqWh2B7fEXKCmWNuWLWhg6DcfPceBHFpump,90,2026-08-28T09:49:43.251011+00:00,AVAILABLE,2349,-766,37
fp1sig-ae8a56d66c1ab814dde37416,BXb6g4NbAAqWh2B7fEXKCmWNuWLWhg6DcfPceBHFpump,120,2026-08-28T09:50:13.251011+00:00,AVAILABLE,2349,-766,45
fp1sig-ae8a56d66c1ab814dde37416,BXb6g4NbAAqWh2B7fEXKCmWNuWLWhg6DcfPceBHFpump,180,2026-08-28T09:51:13.251011+00:00,AVAILABLE,2349,-766,67
fp1sig-ae8a56d66c1ab814dde37416,BXb6g4NbAAqWh2B7fEXKCmWNuWLWhg6DcfPceBHFpump,300,2026-08-28T09:53:13.251011+00:00,AVAILABLE,2349,-766,79
fp1sig-af0750546f8b1e8b317e795b,72xMb1MGaLhL9U8mH7LpXURdg3GnjXkdzgCHYCEgpump,5,2026-08-28T08:02:54.741699+00:00,AVAILABLE,1951,827,8
fp1sig-af0750546f8b1e8b317e795b,72xMb1MGaLhL9U8mH7LpXURdg3GnjXkdzgCHYCEgpump,10,2026-08-28T08:02:59.741699+00:00,AVAILABLE,2291,827,13
fp1sig-af0750546f8b1e8b317e795b,72xMb1MGaLhL9U8mH7LpXURdg3GnjXkdzgCHYCEgpump,15,2026-08-28T08:03:04.741699+00:00,AVAILABLE,2291,827,17
fp1sig-af0750546f8b1e8b317e795b,72xMb1MGaLhL9U8mH7LpXURdg3GnjXkdzgCHYCEgpump,20,2026-08-28T08:03:09.741699+00:00,AVAILABLE,2291,827,20
fp1sig-af0750546f8b1e8b317e795b,72xMb1MGaLhL9U8mH7LpXURdg3GnjXkdzgCHYCEgpump,30,2026-08-28T08:03:19.741699+00:00,AVAILABLE,2291,610,23
fp1sig-af0750546f8b1e8b317e795b,72xMb1MGaLhL9U8mH7LpXURdg3GnjXkdzgCHYCEgpump,45,2026-08-28T08:03:34.741699+00:00,AVAILABLE,2291,-886,30
fp1sig-af0750546f8b1e8b317e795b,72xMb1MGaLhL9U8mH7LpXURdg3GnjXkdzgCHYCEgpump,60,2026-08-28T08:03:49.741699+00:00,AVAILABLE,2291,-886,32
fp1sig-af0750546f8b1e8b317e795b,72xMb1MGaLhL9U8mH7LpXURdg3GnjXkdzgCHYCEgpump,90,2026-08-28T08:04:19.741699+00:00,AVAILABLE,2291,-2369,41
fp1sig-af0750546f8b1e8b317e795b,72xMb1MGaLhL9U8mH7LpXURdg3GnjXkdzgCHYCEgpump,120,2026-08-28T08:04:49.741699+00:00,AVAILABLE,2291,-2795,50
fp1sig-af0750546f8b1e8b317e795b,72xMb1MGaLhL9U8mH7LpXURdg3GnjXkdzgCHYCEgpump,180,2026-08-28T08:05:49.741699+00:00,AVAILABLE,2291,-2796,53
fp1sig-af0750546f8b1e8b317e795b,72xMb1MGaLhL9U8mH7LpXURdg3GnjXkdzgCHYCEgpump,300,2026-08-28T08:07:49.741699+00:00,AVAILABLE,2291,-2902,61
fp1sig-af65c74b080e6d2a64c21dfa,EGzvdwnFW7HzXXxMDKCcDT2nQnmckGk6fVoeRHYmpump,5,2026-08-28T11:30:14.755786+00:00,AVAILABLE,-2896,-3209,2
fp1sig-af65c74b080e6d2a64c21dfa,EGzvdwnFW7HzXXxMDKCcDT2nQnmckGk6fVoeRHYmpump,10,2026-08-28T11:30:19.755786+00:00,AVAILABLE,-2896,-4457,3
fp1sig-af65c74b080e6d2a64c21dfa,EGzvdwnFW7HzXXxMDKCcDT2nQnmckGk6fVoeRHYmpump,15,2026-08-28T11:30:24.755786+00:00,AVAILABLE,-2896,-6372,6
fp1sig-af65c74b080e6d2a64c21dfa,EGzvdwnFW7HzXXxMDKCcDT2nQnmckGk6fVoeRHYmpump,20,2026-08-28T11:30:29.755786+00:00,AVAILABLE,-2896,-6799,7
fp1sig-af65c74b080e6d2a64c21dfa,EGzvdwnFW7HzXXxMDKCcDT2nQnmckGk6fVoeRHYmpump,30,2026-08-28T11:30:39.755786+00:00,AVAILABLE,-2896,-6978,10
fp1sig-af65c74b080e6d2a64c21dfa,EGzvdwnFW7HzXXxMDKCcDT2nQnmckGk6fVoeRHYmpump,45,2026-08-28T11:30:54.755786+00:00,AVAILABLE,-2896,-7765,12
fp1sig-af65c74b080e6d2a64c21dfa,EGzvdwnFW7HzXXxMDKCcDT2nQnmckGk6fVoeRHYmpump,60,2026-08-28T11:31:09.755786+00:00,AVAILABLE,-2896,-7765,13
fp1sig-af65c74b080e6d2a64c21dfa,EGzvdwnFW7HzXXxMDKCcDT2nQnmckGk6fVoeRHYmpump,90,2026-08-28T11:31:39.755786+00:00,AVAILABLE,-2896,-7765,18
fp1sig-af65c74b080e6d2a64c21dfa,EGzvdwnFW7HzXXxMDKCcDT2nQnmckGk6fVoeRHYmpump,120,2026-08-28T11:32:09.755786+00:00,AVAILABLE,-2896,-7765,27
fp1sig-af65c74b080e6d2a64c21dfa,EGzvdwnFW7HzXXxMDKCcDT2nQnmckGk6fVoeRHYmpump,180,2026-08-28T11:33:09.755786+00:00,AVAILABLE,-2896,-7765,37
fp1sig-af65c74b080e6d2a64c21dfa,EGzvdwnFW7HzXXxMDKCcDT2nQnmckGk6fVoeRHYmpump,300,2026-08-28T11:35:09.755786+00:00,AVAILABLE,-2896,-8800,54
fp1sig-af77a18638a72d1dac9cb66d,91yDQBBhxW3jip4TTsAY76RSdLSYJ3FQfp3EbH3fpump,5,2026-08-28T11:12:00.476892+00:00,AVAILABLE,-3016,-3016,1
fp1sig-af77a18638a72d1dac9cb66d,91yDQBBhxW3jip4TTsAY76RSdLSYJ3FQfp3EbH3fpump,10,2026-08-28T11:12:05.476892+00:00,AVAILABLE,-3016,-5863,3
fp1sig-af77a18638a72d1dac9cb66d,91yDQBBhxW3jip4TTsAY76RSdLSYJ3FQfp3EbH3fpump,15,2026-08-28T11:12:10.476892+00:00,AVAILABLE,-2274,-5863,4
fp1sig-af77a18638a72d1dac9cb66d,91yDQBBhxW3jip4TTsAY76RSdLSYJ3FQfp3EbH3fpump,20,2026-08-28T11:12:15.476892+00:00,AVAILABLE,-1071,-5863,7
fp1sig-af77a18638a72d1dac9cb66d,91yDQBBhxW3jip4TTsAY76RSdLSYJ3FQfp3EbH3fpump,30,2026-08-28T11:12:25.476892+00:00,AVAILABLE,-928,-5863,10
fp1sig-af77a18638a72d1dac9cb66d,91yDQBBhxW3jip4TTsAY76RSdLSYJ3FQfp3EbH3fpump,45,2026-08-28T11:12:40.476892+00:00,AVAILABLE,3726,-5863,18
fp1sig-af77a18638a72d1dac9cb66d,91yDQBBhxW3jip4TTsAY76RSdLSYJ3FQfp3EbH3fpump,60,2026-08-28T11:12:55.476892+00:00,AVAILABLE,3726,-5863,23
fp1sig-af77a18638a72d1dac9cb66d,91yDQBBhxW3jip4TTsAY76RSdLSYJ3FQfp3EbH3fpump,90,2026-08-28T11:13:25.476892+00:00,AVAILABLE,3726,-5863,26
fp1sig-af77a18638a72d1dac9cb66d,91yDQBBhxW3jip4TTsAY76RSdLSYJ3FQfp3EbH3fpump,120,2026-08-28T11:13:55.476892+00:00,AVAILABLE,3726,-5863,26
fp1sig-af77a18638a72d1dac9cb66d,91yDQBBhxW3jip4TTsAY76RSdLSYJ3FQfp3EbH3fpump,180,2026-08-28T11:14:55.476892+00:00,AVAILABLE,3726,-5863,26
fp1sig-af77a18638a72d1dac9cb66d,91yDQBBhxW3jip4TTsAY76RSdLSYJ3FQfp3EbH3fpump,300,2026-08-28T11:16:55.476892+00:00,AVAILABLE,3726,-5863,26
fp1sig-afbf5b3a74f0c069bf9e0931,GeuWfXv73QCywGkFM1wseVmEZVVPKFA2EBVwBv3Zpump,5,2026-08-28T08:16:18.697661+00:00,AVAILABLE,604,-725,6
fp1sig-afbf5b3a74f0c069bf9e0931,GeuWfXv73QCywGkFM1wseVmEZVVPKFA2EBVwBv3Zpump,10,2026-08-28T08:16:23.697661+00:00,AVAILABLE,3062,-725,25
fp1sig-afbf5b3a74f0c069bf9e0931,GeuWfXv73QCywGkFM1wseVmEZVVPKFA2EBVwBv3Zpump,15,2026-08-28T08:16:28.697661+00:00,AVAILABLE,3062,-725,26
fp1sig-afbf5b3a74f0c069bf9e0931,GeuWfXv73QCywGkFM1wseVmEZVVPKFA2EBVwBv3Zpump,20,2026-08-28T08:16:33.697661+00:00,AVAILABLE,3062,-1638,38
fp1sig-afbf5b3a74f0c069bf9e0931,GeuWfXv73QCywGkFM1wseVmEZVVPKFA2EBVwBv3Zpump,30,2026-08-28T08:16:43.697661+00:00,AVAILABLE,3062,-1638,38
fp1sig-afbf5b3a74f0c069bf9e0931,GeuWfXv73QCywGkFM1wseVmEZVVPKFA2EBVwBv3Zpump,45,2026-08-28T08:16:58.697661+00:00,AVAILABLE,3062,-2904,59
fp1sig-afbf5b3a74f0c069bf9e0931,GeuWfXv73QCywGkFM1wseVmEZVVPKFA2EBVwBv3Zpump,60,2026-08-28T08:17:13.697661+00:00,AVAILABLE,3062,-2909,60
fp1sig-afbf5b3a74f0c069bf9e0931,GeuWfXv73QCywGkFM1wseVmEZVVPKFA2EBVwBv3Zpump,90,2026-08-28T08:17:43.697661+00:00,AVAILABLE,3062,-3602,81
fp1sig-afbf5b3a74f0c069bf9e0931,GeuWfXv73QCywGkFM1wseVmEZVVPKFA2EBVwBv3Zpump,120,2026-08-28T08:18:13.697661+00:00,AVAILABLE,3062,-4702,103
fp1sig-afbf5b3a74f0c069bf9e0931,GeuWfXv73QCywGkFM1wseVmEZVVPKFA2EBVwBv3Zpump,180,2026-08-28T08:19:13.697661+00:00,AVAILABLE,3062,-4702,103
fp1sig-afbf5b3a74f0c069bf9e0931,GeuWfXv73QCywGkFM1wseVmEZVVPKFA2EBVwBv3Zpump,300,2026-08-28T08:21:13.697661+00:00,AVAILABLE,3062,-4702,103
fp1sig-b0cd5b4204c2a7918ea36ed9,k9JmrQ952S9gBePJBpMNWPKzS8TK6gcUJjoBRptpump,5,2026-08-27T22:08:51.600028+00:00,MISSING,,,0
fp1sig-b0cd5b4204c2a7918ea36ed9,k9JmrQ952S9gBePJBpMNWPKzS8TK6gcUJjoBRptpump,10,2026-08-27T22:08:56.600028+00:00,AVAILABLE,615,615,1
fp1sig-b0cd5b4204c2a7918ea36ed9,k9JmrQ952S9gBePJBpMNWPKzS8TK6gcUJjoBRptpump,15,2026-08-27T22:09:01.600028+00:00,AVAILABLE,615,615,1
fp1sig-b0cd5b4204c2a7918ea36ed9,k9JmrQ952S9gBePJBpMNWPKzS8TK6gcUJjoBRptpump,20,2026-08-27T22:09:06.600028+00:00,AVAILABLE,615,615,1
fp1sig-b0cd5b4204c2a7918ea36ed9,k9JmrQ952S9gBePJBpMNWPKzS8TK6gcUJjoBRptpump,30,2026-08-27T22:09:16.600028+00:00,AVAILABLE,5638,615,14
fp1sig-b0cd5b4204c2a7918ea36ed9,k9JmrQ952S9gBePJBpMNWPKzS8TK6gcUJjoBRptpump,45,2026-08-27T22:09:31.600028+00:00,AVAILABLE,5638,615,16
fp1sig-b0cd5b4204c2a7918ea36ed9,k9JmrQ952S9gBePJBpMNWPKzS8TK6gcUJjoBRptpump,60,2026-08-27T22:09:46.600028+00:00,AVAILABLE,5638,615,16
fp1sig-b0cd5b4204c2a7918ea36ed9,k9JmrQ952S9gBePJBpMNWPKzS8TK6gcUJjoBRptpump,90,2026-08-27T22:10:16.600028+00:00,AVAILABLE,5638,615,20
fp1sig-b0cd5b4204c2a7918ea36ed9,k9JmrQ952S9gBePJBpMNWPKzS8TK6gcUJjoBRptpump,120,2026-08-27T22:10:46.600028+00:00,AVAILABLE,5638,615,25
fp1sig-b0cd5b4204c2a7918ea36ed9,k9JmrQ952S9gBePJBpMNWPKzS8TK6gcUJjoBRptpump,180,2026-08-27T22:11:46.600028+00:00,AVAILABLE,5638,615,33
fp1sig-b0cd5b4204c2a7918ea36ed9,k9JmrQ952S9gBePJBpMNWPKzS8TK6gcUJjoBRptpump,300,2026-08-27T22:13:46.600028+00:00,AVAILABLE,5638,615,48
fp1sig-b0e84f19e96d38d29224c348,AgxEvEnaaqcPZscVmxEKygnp2XKh1yo5hBBhYAVcpump,5,2026-08-27T13:11:59.569440+00:00,MISSING,,,0
fp1sig-b0e84f19e96d38d29224c348,AgxEvEnaaqcPZscVmxEKygnp2XKh1yo5hBBhYAVcpump,10,2026-08-27T13:12:04.569440+00:00,MISSING,,,0
fp1sig-b0e84f19e96d38d29224c348,AgxEvEnaaqcPZscVmxEKygnp2XKh1yo5hBBhYAVcpump,15,2026-08-27T13:12:09.569440+00:00,MISSING,,,0
fp1sig-b0e84f19e96d38d29224c348,AgxEvEnaaqcPZscVmxEKygnp2XKh1yo5hBBhYAVcpump,20,2026-08-27T13:12:14.569440+00:00,MISSING,,,0
fp1sig-b0e84f19e96d38d29224c348,AgxEvEnaaqcPZscVmxEKygnp2XKh1yo5hBBhYAVcpump,30,2026-08-27T13:12:24.569440+00:00,MISSING,,,0
fp1sig-b0e84f19e96d38d29224c348,AgxEvEnaaqcPZscVmxEKygnp2XKh1yo5hBBhYAVcpump,45,2026-08-27T13:12:39.569440+00:00,AVAILABLE,1400,1400,1
fp1sig-b0e84f19e96d38d29224c348,AgxEvEnaaqcPZscVmxEKygnp2XKh1yo5hBBhYAVcpump,60,2026-08-27T13:12:54.569440+00:00,AVAILABLE,1400,1400,1
fp1sig-b0e84f19e96d38d29224c348,AgxEvEnaaqcPZscVmxEKygnp2XKh1yo5hBBhYAVcpump,90,2026-08-27T13:13:24.569440+00:00,AVAILABLE,1400,1400,1
fp1sig-b0e84f19e96d38d29224c348,AgxEvEnaaqcPZscVmxEKygnp2XKh1yo5hBBhYAVcpump,120,2026-08-27T13:13:54.569440+00:00,AVAILABLE,1400,1400,1
fp1sig-b0e84f19e96d38d29224c348,AgxEvEnaaqcPZscVmxEKygnp2XKh1yo5hBBhYAVcpump,180,2026-08-27T13:14:54.569440+00:00,AVAILABLE,1400,1400,1
fp1sig-b0e84f19e96d38d29224c348,AgxEvEnaaqcPZscVmxEKygnp2XKh1yo5hBBhYAVcpump,300,2026-08-27T13:16:54.569440+00:00,AVAILABLE,1400,1400,1
fp1sig-b22587d12930831f1a1c15f5,Y3Wscds4oZJe55x2pH3dsJH4r87F2o8pSjj31Kypump,5,2026-08-28T06:57:26.700849+00:00,AVAILABLE,-1836,-5313,4
fp1sig-b22587d12930831f1a1c15f5,Y3Wscds4oZJe55x2pH3dsJH4r87F2o8pSjj31Kypump,10,2026-08-28T06:57:31.700849+00:00,AVAILABLE,-1836,-6996,10
fp1sig-b22587d12930831f1a1c15f5,Y3Wscds4oZJe55x2pH3dsJH4r87F2o8pSjj31Kypump,15,2026-08-28T06:57:36.700849+00:00,AVAILABLE,-1836,-6996,19
fp1sig-b22587d12930831f1a1c15f5,Y3Wscds4oZJe55x2pH3dsJH4r87F2o8pSjj31Kypump,20,2026-08-28T06:57:41.700849+00:00,AVAILABLE,-1102,-6996,23
fp1sig-b22587d12930831f1a1c15f5,Y3Wscds4oZJe55x2pH3dsJH4r87F2o8pSjj31Kypump,30,2026-08-28T06:57:51.700849+00:00,AVAILABLE,-1102,-6996,35
fp1sig-b22587d12930831f1a1c15f5,Y3Wscds4oZJe55x2pH3dsJH4r87F2o8pSjj31Kypump,45,2026-08-28T06:58:06.700849+00:00,AVAILABLE,-1102,-7623,62
fp1sig-b22587d12930831f1a1c15f5,Y3Wscds4oZJe55x2pH3dsJH4r87F2o8pSjj31Kypump,60,2026-08-28T06:58:21.700849+00:00,AVAILABLE,-1102,-7859,94
fp1sig-b22587d12930831f1a1c15f5,Y3Wscds4oZJe55x2pH3dsJH4r87F2o8pSjj31Kypump,90,2026-08-28T06:58:51.700849+00:00,AVAILABLE,-1102,-7859,94
fp1sig-b22587d12930831f1a1c15f5,Y3Wscds4oZJe55x2pH3dsJH4r87F2o8pSjj31Kypump,120,2026-08-28T06:59:21.700849+00:00,AVAILABLE,-1102,-7859,94
fp1sig-b22587d12930831f1a1c15f5,Y3Wscds4oZJe55x2pH3dsJH4r87F2o8pSjj31Kypump,180,2026-08-28T07:00:21.700849+00:00,AVAILABLE,-1102,-7859,94
fp1sig-b22587d12930831f1a1c15f5,Y3Wscds4oZJe55x2pH3dsJH4r87F2o8pSjj31Kypump,300,2026-08-28T07:02:21.700849+00:00,AVAILABLE,-1102,-7859,94
fp1sig-b2b7c8b34064ec824c87a142,9Uu9HhXtqBfs5Tgf88MQj5NPs85sZ5HvLf1xj1BZpump,5,2026-08-28T08:15:38.322620+00:00,MISSING,,,0
fp1sig-b2b7c8b34064ec824c87a142,9Uu9HhXtqBfs5Tgf88MQj5NPs85sZ5HvLf1xj1BZpump,10,2026-08-28T08:15:43.322620+00:00,AVAILABLE,255,255,1
fp1sig-b2b7c8b34064ec824c87a142,9Uu9HhXtqBfs5Tgf88MQj5NPs85sZ5HvLf1xj1BZpump,15,2026-08-28T08:15:48.322620+00:00,AVAILABLE,255,-364,2
fp1sig-b2b7c8b34064ec824c87a142,9Uu9HhXtqBfs5Tgf88MQj5NPs85sZ5HvLf1xj1BZpump,20,2026-08-28T08:15:53.322620+00:00,AVAILABLE,255,-364,2
fp1sig-b2b7c8b34064ec824c87a142,9Uu9HhXtqBfs5Tgf88MQj5NPs85sZ5HvLf1xj1BZpump,30,2026-08-28T08:16:03.322620+00:00,AVAILABLE,255,-364,4
fp1sig-b2b7c8b34064ec824c87a142,9Uu9HhXtqBfs5Tgf88MQj5NPs85sZ5HvLf1xj1BZpump,45,2026-08-28T08:16:18.322620+00:00,AVAILABLE,255,-364,4
fp1sig-b2b7c8b34064ec824c87a142,9Uu9HhXtqBfs5Tgf88MQj5NPs85sZ5HvLf1xj1BZpump,60,2026-08-28T08:16:33.322620+00:00,AVAILABLE,255,-364,5
fp1sig-b2b7c8b34064ec824c87a142,9Uu9HhXtqBfs5Tgf88MQj5NPs85sZ5HvLf1xj1BZpump,90,2026-08-28T08:17:03.322620+00:00,AVAILABLE,255,-364,7
fp1sig-b2b7c8b34064ec824c87a142,9Uu9HhXtqBfs5Tgf88MQj5NPs85sZ5HvLf1xj1BZpump,120,2026-08-28T08:17:33.322620+00:00,AVAILABLE,255,-999,10
fp1sig-b2b7c8b34064ec824c87a142,9Uu9HhXtqBfs5Tgf88MQj5NPs85sZ5HvLf1xj1BZpump,180,2026-08-28T08:18:33.322620+00:00,AVAILABLE,255,-999,10
fp1sig-b2b7c8b34064ec824c87a142,9Uu9HhXtqBfs5Tgf88MQj5NPs85sZ5HvLf1xj1BZpump,300,2026-08-28T08:20:33.322620+00:00,AVAILABLE,255,-2455,18
fp1sig-b2f7032e865ecc2cf878a710,DHaatZuSgvqq2BjueLhhYEA4UV32MVfTme6hngAppump,5,2026-08-28T04:53:08.351723+00:00,AVAILABLE,55,55,1
fp1sig-b2f7032e865ecc2cf878a710,DHaatZuSgvqq2BjueLhhYEA4UV32MVfTme6hngAppump,10,2026-08-28T04:53:13.351723+00:00,AVAILABLE,55,55,1
fp1sig-b2f7032e865ecc2cf878a710,DHaatZuSgvqq2BjueLhhYEA4UV32MVfTme6hngAppump,15,2026-08-28T04:53:18.351723+00:00,AVAILABLE,55,55,1
fp1sig-b2f7032e865ecc2cf878a710,DHaatZuSgvqq2BjueLhhYEA4UV32MVfTme6hngAppump,20,2026-08-28T04:53:23.351723+00:00,AVAILABLE,55,55,1
fp1sig-b2f7032e865ecc2cf878a710,DHaatZuSgvqq2BjueLhhYEA4UV32MVfTme6hngAppump,30,2026-08-28T04:53:33.351723+00:00,AVAILABLE,55,-526,6
fp1sig-b2f7032e865ecc2cf878a710,DHaatZuSgvqq2BjueLhhYEA4UV32MVfTme6hngAppump,45,2026-08-28T04:53:48.351723+00:00,AVAILABLE,55,-889,8
fp1sig-b2f7032e865ecc2cf878a710,DHaatZuSgvqq2BjueLhhYEA4UV32MVfTme6hngAppump,60,2026-08-28T04:54:03.351723+00:00,AVAILABLE,55,-2719,12
fp1sig-b2f7032e865ecc2cf878a710,DHaatZuSgvqq2BjueLhhYEA4UV32MVfTme6hngAppump,90,2026-08-28T04:54:33.351723+00:00,AVAILABLE,55,-2719,12
fp1sig-b2f7032e865ecc2cf878a710,DHaatZuSgvqq2BjueLhhYEA4UV32MVfTme6hngAppump,120,2026-08-28T04:55:03.351723+00:00,AVAILABLE,55,-2719,12
fp1sig-b2f7032e865ecc2cf878a710,DHaatZuSgvqq2BjueLhhYEA4UV32MVfTme6hngAppump,180,2026-08-28T04:56:03.351723+00:00,AVAILABLE,55,-2719,13
fp1sig-b2f7032e865ecc2cf878a710,DHaatZuSgvqq2BjueLhhYEA4UV32MVfTme6hngAppump,300,2026-08-28T04:58:03.351723+00:00,AVAILABLE,55,-2719,13
fp1sig-b37e9847db3bb0eb70375197,GKYLCDwbMwqCyVb6mwB9SWtNYSyAF6jE82vojWdFpump,5,2026-08-28T01:44:26.468370+00:00,AVAILABLE,159,-1063,8
fp1sig-b37e9847db3bb0eb70375197,GKYLCDwbMwqCyVb6mwB9SWtNYSyAF6jE82vojWdFpump,10,2026-08-28T01:44:31.468370+00:00,AVAILABLE,373,-1063,11
fp1sig-b37e9847db3bb0eb70375197,GKYLCDwbMwqCyVb6mwB9SWtNYSyAF6jE82vojWdFpump,15,2026-08-28T01:44:36.468370+00:00,AVAILABLE,403,-1063,13
fp1sig-b37e9847db3bb0eb70375197,GKYLCDwbMwqCyVb6mwB9SWtNYSyAF6jE82vojWdFpump,20,2026-08-28T01:44:41.468370+00:00,AVAILABLE,403,-1063,19
fp1sig-b37e9847db3bb0eb70375197,GKYLCDwbMwqCyVb6mwB9SWtNYSyAF6jE82vojWdFpump,30,2026-08-28T01:44:51.468370+00:00,AVAILABLE,403,-1098,21
fp1sig-b37e9847db3bb0eb70375197,GKYLCDwbMwqCyVb6mwB9SWtNYSyAF6jE82vojWdFpump,45,2026-08-28T01:45:06.468370+00:00,AVAILABLE,403,-1098,34
fp1sig-b37e9847db3bb0eb70375197,GKYLCDwbMwqCyVb6mwB9SWtNYSyAF6jE82vojWdFpump,60,2026-08-28T01:45:21.468370+00:00,AVAILABLE,403,-1098,36
fp1sig-b37e9847db3bb0eb70375197,GKYLCDwbMwqCyVb6mwB9SWtNYSyAF6jE82vojWdFpump,90,2026-08-28T01:45:51.468370+00:00,AVAILABLE,403,-1098,37
fp1sig-b37e9847db3bb0eb70375197,GKYLCDwbMwqCyVb6mwB9SWtNYSyAF6jE82vojWdFpump,120,2026-08-28T01:46:21.468370+00:00,AVAILABLE,403,-1098,45
fp1sig-b37e9847db3bb0eb70375197,GKYLCDwbMwqCyVb6mwB9SWtNYSyAF6jE82vojWdFpump,180,2026-08-28T01:47:21.468370+00:00,AVAILABLE,403,-1098,50
fp1sig-b37e9847db3bb0eb70375197,GKYLCDwbMwqCyVb6mwB9SWtNYSyAF6jE82vojWdFpump,300,2026-08-28T01:49:21.468370+00:00,AVAILABLE,540,-1098,73
fp1sig-b3b44fac33240f4762d25fe2,5cBMD5Qi2SkALokkgaxWRdakTaWBD9bFM7amuBzCpump,5,2026-08-28T08:25:59.611784+00:00,MISSING,,,0
fp1sig-b3b44fac33240f4762d25fe2,5cBMD5Qi2SkALokkgaxWRdakTaWBD9bFM7amuBzCpump,10,2026-08-28T08:26:04.611784+00:00,AVAILABLE,-1668,-1668,1
fp1sig-b3b44fac33240f4762d25fe2,5cBMD5Qi2SkALokkgaxWRdakTaWBD9bFM7amuBzCpump,15,2026-08-28T08:26:09.611784+00:00,AVAILABLE,-1624,-1668,2
fp1sig-b3b44fac33240f4762d25fe2,5cBMD5Qi2SkALokkgaxWRdakTaWBD9bFM7amuBzCpump,20,2026-08-28T08:26:14.611784+00:00,AVAILABLE,-1624,-1668,2
fp1sig-b3b44fac33240f4762d25fe2,5cBMD5Qi2SkALokkgaxWRdakTaWBD9bFM7amuBzCpump,30,2026-08-28T08:26:24.611784+00:00,AVAILABLE,-711,-1668,5
fp1sig-b3b44fac33240f4762d25fe2,5cBMD5Qi2SkALokkgaxWRdakTaWBD9bFM7amuBzCpump,45,2026-08-28T08:26:39.611784+00:00,AVAILABLE,-711,-1668,5
fp1sig-b3b44fac33240f4762d25fe2,5cBMD5Qi2SkALokkgaxWRdakTaWBD9bFM7amuBzCpump,60,2026-08-28T08:26:54.611784+00:00,AVAILABLE,-711,-1668,5
fp1sig-b3b44fac33240f4762d25fe2,5cBMD5Qi2SkALokkgaxWRdakTaWBD9bFM7amuBzCpump,90,2026-08-28T08:27:24.611784+00:00,AVAILABLE,-711,-1668,6
fp1sig-b3b44fac33240f4762d25fe2,5cBMD5Qi2SkALokkgaxWRdakTaWBD9bFM7amuBzCpump,120,2026-08-28T08:27:54.611784+00:00,AVAILABLE,-711,-1668,9
fp1sig-b3b44fac33240f4762d25fe2,5cBMD5Qi2SkALokkgaxWRdakTaWBD9bFM7amuBzCpump,180,2026-08-28T08:28:54.611784+00:00,AVAILABLE,-711,-4396,16
fp1sig-b3b44fac33240f4762d25fe2,5cBMD5Qi2SkALokkgaxWRdakTaWBD9bFM7amuBzCpump,300,2026-08-28T08:30:54.611784+00:00,AVAILABLE,-711,-4448,18
fp1sig-b3eaaecc9ed6f9385795ac61,FCvMTqzcqyTSvYdqWk3LDMfXcL5DRPJoecaDFfYJpump,5,2026-08-28T01:18:25.587506+00:00,AVAILABLE,2094,1225,11
fp1sig-b3eaaecc9ed6f9385795ac61,FCvMTqzcqyTSvYdqWk3LDMfXcL5DRPJoecaDFfYJpump,10,2026-08-28T01:18:30.587506+00:00,AVAILABLE,2190,1225,12
fp1sig-b3eaaecc9ed6f9385795ac61,FCvMTqzcqyTSvYdqWk3LDMfXcL5DRPJoecaDFfYJpump,15,2026-08-28T01:18:35.587506+00:00,AVAILABLE,2190,1225,12
fp1sig-b3eaaecc9ed6f9385795ac61,FCvMTqzcqyTSvYdqWk3LDMfXcL5DRPJoecaDFfYJpump,20,2026-08-28T01:18:40.587506+00:00,AVAILABLE,2190,1225,13
fp1sig-b3eaaecc9ed6f9385795ac61,FCvMTqzcqyTSvYdqWk3LDMfXcL5DRPJoecaDFfYJpump,30,2026-08-28T01:18:50.587506+00:00,AVAILABLE,2190,1225,13
fp1sig-b3eaaecc9ed6f9385795ac61,FCvMTqzcqyTSvYdqWk3LDMfXcL5DRPJoecaDFfYJpump,45,2026-08-28T01:19:05.587506+00:00,AVAILABLE,2190,-935,28
fp1sig-b3eaaecc9ed6f9385795ac61,FCvMTqzcqyTSvYdqWk3LDMfXcL5DRPJoecaDFfYJpump,60,2026-08-28T01:19:20.587506+00:00,AVAILABLE,7672,-935,50
fp1sig-b3eaaecc9ed6f9385795ac61,FCvMTqzcqyTSvYdqWk3LDMfXcL5DRPJoecaDFfYJpump,90,2026-08-28T01:19:50.587506+00:00,AVAILABLE,9458,-935,96
fp1sig-b3eaaecc9ed6f9385795ac61,FCvMTqzcqyTSvYdqWk3LDMfXcL5DRPJoecaDFfYJpump,120,2026-08-28T01:20:20.587506+00:00,AVAILABLE,9458,-935,120
fp1sig-b3eaaecc9ed6f9385795ac61,FCvMTqzcqyTSvYdqWk3LDMfXcL5DRPJoecaDFfYJpump,180,2026-08-28T01:21:20.587506+00:00,AVAILABLE,9458,-2086,166
fp1sig-b3eaaecc9ed6f9385795ac61,FCvMTqzcqyTSvYdqWk3LDMfXcL5DRPJoecaDFfYJpump,300,2026-08-28T01:23:20.587506+00:00,AVAILABLE,9458,-3682,187
fp1sig-b426a3af6ffe869b7e8b0301,pJbDcnfSSJ1NPpcAAEuH6rtZwYtWuzR6LfSCEn1pump,5,2026-08-28T04:26:26.805359+00:00,AVAILABLE,2581,948,4
fp1sig-b426a3af6ffe869b7e8b0301,pJbDcnfSSJ1NPpcAAEuH6rtZwYtWuzR6LfSCEn1pump,10,2026-08-28T04:26:31.805359+00:00,AVAILABLE,2630,948,8
fp1sig-b426a3af6ffe869b7e8b0301,pJbDcnfSSJ1NPpcAAEuH6rtZwYtWuzR6LfSCEn1pump,15,2026-08-28T04:26:36.805359+00:00,AVAILABLE,2630,948,8
fp1sig-b426a3af6ffe869b7e8b0301,pJbDcnfSSJ1NPpcAAEuH6rtZwYtWuzR6LfSCEn1pump,20,2026-08-28T04:26:41.805359+00:00,AVAILABLE,2768,948,9
fp1sig-b426a3af6ffe869b7e8b0301,pJbDcnfSSJ1NPpcAAEuH6rtZwYtWuzR6LfSCEn1pump,30,2026-08-28T04:26:51.805359+00:00,AVAILABLE,2908,948,15
fp1sig-b426a3af6ffe869b7e8b0301,pJbDcnfSSJ1NPpcAAEuH6rtZwYtWuzR6LfSCEn1pump,45,2026-08-28T04:27:06.805359+00:00,AVAILABLE,2908,-1686,29
fp1sig-b426a3af6ffe869b7e8b0301,pJbDcnfSSJ1NPpcAAEuH6rtZwYtWuzR6LfSCEn1pump,60,2026-08-28T04:27:21.805359+00:00,AVAILABLE,2908,-1686,38
fp1sig-b426a3af6ffe869b7e8b0301,pJbDcnfSSJ1NPpcAAEuH6rtZwYtWuzR6LfSCEn1pump,90,2026-08-28T04:27:51.805359+00:00,AVAILABLE,2908,-1686,59
fp1sig-b426a3af6ffe869b7e8b0301,pJbDcnfSSJ1NPpcAAEuH6rtZwYtWuzR6LfSCEn1pump,120,2026-08-28T04:28:21.805359+00:00,AVAILABLE,4607,-1686,92
fp1sig-b426a3af6ffe869b7e8b0301,pJbDcnfSSJ1NPpcAAEuH6rtZwYtWuzR6LfSCEn1pump,180,2026-08-28T04:29:21.805359+00:00,AVAILABLE,4607,-1785,140
fp1sig-b426a3af6ffe869b7e8b0301,pJbDcnfSSJ1NPpcAAEuH6rtZwYtWuzR6LfSCEn1pump,300,2026-08-28T04:31:21.805359+00:00,AVAILABLE,4607,-1785,167
fp1sig-b459f77a235c5c20c0cb96f5,DyCnijsR1tq3gHKcrnKqd66CoYa5o7YT9DzXst6wpump,5,2026-08-28T05:14:12.355604+00:00,MISSING,,,0
fp1sig-b459f77a235c5c20c0cb96f5,DyCnijsR1tq3gHKcrnKqd66CoYa5o7YT9DzXst6wpump,10,2026-08-28T05:14:17.355604+00:00,MISSING,,,0
fp1sig-b459f77a235c5c20c0cb96f5,DyCnijsR1tq3gHKcrnKqd66CoYa5o7YT9DzXst6wpump,15,2026-08-28T05:14:22.355604+00:00,AVAILABLE,1012,1012,1
fp1sig-b459f77a235c5c20c0cb96f5,DyCnijsR1tq3gHKcrnKqd66CoYa5o7YT9DzXst6wpump,20,2026-08-28T05:14:27.355604+00:00,AVAILABLE,1012,1012,1
fp1sig-b459f77a235c5c20c0cb96f5,DyCnijsR1tq3gHKcrnKqd66CoYa5o7YT9DzXst6wpump,30,2026-08-28T05:14:37.355604+00:00,AVAILABLE,5685,1012,3
fp1sig-b459f77a235c5c20c0cb96f5,DyCnijsR1tq3gHKcrnKqd66CoYa5o7YT9DzXst6wpump,45,2026-08-28T05:14:52.355604+00:00,AVAILABLE,6305,-357,6
fp1sig-b459f77a235c5c20c0cb96f5,DyCnijsR1tq3gHKcrnKqd66CoYa5o7YT9DzXst6wpump,60,2026-08-28T05:15:07.355604+00:00,AVAILABLE,6305,-357,6
fp1sig-b459f77a235c5c20c0cb96f5,DyCnijsR1tq3gHKcrnKqd66CoYa5o7YT9DzXst6wpump,90,2026-08-28T05:15:37.355604+00:00,AVAILABLE,12290,-357,11
fp1sig-b459f77a235c5c20c0cb96f5,DyCnijsR1tq3gHKcrnKqd66CoYa5o7YT9DzXst6wpump,120,2026-08-28T05:16:07.355604+00:00,AVAILABLE,22620,-357,16
fp1sig-b459f77a235c5c20c0cb96f5,DyCnijsR1tq3gHKcrnKqd66CoYa5o7YT9DzXst6wpump,180,2026-08-28T05:17:07.355604+00:00,AVAILABLE,28056,-357,23
fp1sig-b459f77a235c5c20c0cb96f5,DyCnijsR1tq3gHKcrnKqd66CoYa5o7YT9DzXst6wpump,300,2026-08-28T05:19:07.355604+00:00,AVAILABLE,190721,-357,50
fp1sig-b49904fe0eb7b4360711cba7,5rgQHSvuVJdbBtQ5GvLmSVkqSEvaEPvNqMNTGayjpump,5,2026-08-28T12:19:50.691893+00:00,AVAILABLE,983,665,4
fp1sig-b49904fe0eb7b4360711cba7,5rgQHSvuVJdbBtQ5GvLmSVkqSEvaEPvNqMNTGayjpump,10,2026-08-28T12:19:55.691893+00:00,AVAILABLE,1654,665,9
fp1sig-b49904fe0eb7b4360711cba7,5rgQHSvuVJdbBtQ5GvLmSVkqSEvaEPvNqMNTGayjpump,15,2026-08-28T12:20:00.691893+00:00,AVAILABLE,2421,665,12
fp1sig-b49904fe0eb7b4360711cba7,5rgQHSvuVJdbBtQ5GvLmSVkqSEvaEPvNqMNTGayjpump,20,2026-08-28T12:20:05.691893+00:00,AVAILABLE,2432,665,17
fp1sig-b49904fe0eb7b4360711cba7,5rgQHSvuVJdbBtQ5GvLmSVkqSEvaEPvNqMNTGayjpump,30,2026-08-28T12:20:15.691893+00:00,AVAILABLE,2986,665,20
fp1sig-b49904fe0eb7b4360711cba7,5rgQHSvuVJdbBtQ5GvLmSVkqSEvaEPvNqMNTGayjpump,45,2026-08-28T12:20:30.691893+00:00,AVAILABLE,2986,665,26
fp1sig-b49904fe0eb7b4360711cba7,5rgQHSvuVJdbBtQ5GvLmSVkqSEvaEPvNqMNTGayjpump,60,2026-08-28T12:20:45.691893+00:00,AVAILABLE,2986,665,27
fp1sig-b49904fe0eb7b4360711cba7,5rgQHSvuVJdbBtQ5GvLmSVkqSEvaEPvNqMNTGayjpump,90,2026-08-28T12:21:15.691893+00:00,AVAILABLE,2986,665,32
fp1sig-b49904fe0eb7b4360711cba7,5rgQHSvuVJdbBtQ5GvLmSVkqSEvaEPvNqMNTGayjpump,120,2026-08-28T12:21:45.691893+00:00,AVAILABLE,2986,665,38
fp1sig-b49904fe0eb7b4360711cba7,5rgQHSvuVJdbBtQ5GvLmSVkqSEvaEPvNqMNTGayjpump,180,2026-08-28T12:22:45.691893+00:00,AVAILABLE,2986,665,45
fp1sig-b49904fe0eb7b4360711cba7,5rgQHSvuVJdbBtQ5GvLmSVkqSEvaEPvNqMNTGayjpump,300,2026-08-28T12:24:45.691893+00:00,AVAILABLE,2986,-3474,72
fp1sig-b51beaf46af66c57d512fe56,69rD3uN3GMTvjhA8tnNHwq2CgHCt1MZPkQKtrrqQpump,5,2026-08-28T03:32:05.180904+00:00,AVAILABLE,-2740,-4389,2
fp1sig-b51beaf46af66c57d512fe56,69rD3uN3GMTvjhA8tnNHwq2CgHCt1MZPkQKtrrqQpump,10,2026-08-28T03:32:10.180904+00:00,AVAILABLE,-2740,-5354,3
fp1sig-b51beaf46af66c57d512fe56,69rD3uN3GMTvjhA8tnNHwq2CgHCt1MZPkQKtrrqQpump,15,2026-08-28T03:32:15.180904+00:00,AVAILABLE,-2740,-6254,5
fp1sig-b51beaf46af66c57d512fe56,69rD3uN3GMTvjhA8tnNHwq2CgHCt1MZPkQKtrrqQpump,20,2026-08-28T03:32:20.180904+00:00,AVAILABLE,-2740,-6919,6
fp1sig-b51beaf46af66c57d512fe56,69rD3uN3GMTvjhA8tnNHwq2CgHCt1MZPkQKtrrqQpump,30,2026-08-28T03:32:30.180904+00:00,AVAILABLE,-2740,-7816,9
fp1sig-b51beaf46af66c57d512fe56,69rD3uN3GMTvjhA8tnNHwq2CgHCt1MZPkQKtrrqQpump,45,2026-08-28T03:32:45.180904+00:00,AVAILABLE,-2740,-7816,11
fp1sig-b51beaf46af66c57d512fe56,69rD3uN3GMTvjhA8tnNHwq2CgHCt1MZPkQKtrrqQpump,60,2026-08-28T03:33:00.180904+00:00,AVAILABLE,-2740,-7816,15
fp1sig-b51beaf46af66c57d512fe56,69rD3uN3GMTvjhA8tnNHwq2CgHCt1MZPkQKtrrqQpump,90,2026-08-28T03:33:30.180904+00:00,AVAILABLE,-2740,-7816,23
fp1sig-b51beaf46af66c57d512fe56,69rD3uN3GMTvjhA8tnNHwq2CgHCt1MZPkQKtrrqQpump,120,2026-08-28T03:34:00.180904+00:00,AVAILABLE,-2740,-7816,29
fp1sig-b51beaf46af66c57d512fe56,69rD3uN3GMTvjhA8tnNHwq2CgHCt1MZPkQKtrrqQpump,180,2026-08-28T03:35:00.180904+00:00,AVAILABLE,-2208,-7816,34
fp1sig-b51beaf46af66c57d512fe56,69rD3uN3GMTvjhA8tnNHwq2CgHCt1MZPkQKtrrqQpump,300,2026-08-28T03:37:00.180904+00:00,AVAILABLE,-2208,-7816,37
fp1sig-b55297bc9f2c9962ca48c33c,ckTcXKY4vmdpsa8yQ2vNFKxC47wbYs91F6u2MFtpump,5,2026-08-27T21:45:51.089958+00:00,AVAILABLE,7271,1431,9
fp1sig-b55297bc9f2c9962ca48c33c,ckTcXKY4vmdpsa8yQ2vNFKxC47wbYs91F6u2MFtpump,10,2026-08-27T21:45:56.089958+00:00,AVAILABLE,7271,1431,9
fp1sig-b55297bc9f2c9962ca48c33c,ckTcXKY4vmdpsa8yQ2vNFKxC47wbYs91F6u2MFtpump,15,2026-08-27T21:46:01.089958+00:00,AVAILABLE,7271,1431,9
fp1sig-b55297bc9f2c9962ca48c33c,ckTcXKY4vmdpsa8yQ2vNFKxC47wbYs91F6u2MFtpump,20,2026-08-27T21:46:06.089958+00:00,AVAILABLE,10524,1431,18
fp1sig-b55297bc9f2c9962ca48c33c,ckTcXKY4vmdpsa8yQ2vNFKxC47wbYs91F6u2MFtpump,30,2026-08-27T21:46:16.089958+00:00,AVAILABLE,10524,1431,19
fp1sig-b55297bc9f2c9962ca48c33c,ckTcXKY4vmdpsa8yQ2vNFKxC47wbYs91F6u2MFtpump,45,2026-08-27T21:46:31.089958+00:00,AVAILABLE,10524,1431,22
fp1sig-b55297bc9f2c9962ca48c33c,ckTcXKY4vmdpsa8yQ2vNFKxC47wbYs91F6u2MFtpump,60,2026-08-27T21:46:46.089958+00:00,AVAILABLE,10524,1431,22
fp1sig-b55297bc9f2c9962ca48c33c,ckTcXKY4vmdpsa8yQ2vNFKxC47wbYs91F6u2MFtpump,90,2026-08-27T21:47:16.089958+00:00,AVAILABLE,14908,1431,35
fp1sig-b55297bc9f2c9962ca48c33c,ckTcXKY4vmdpsa8yQ2vNFKxC47wbYs91F6u2MFtpump,120,2026-08-27T21:47:46.089958+00:00,AVAILABLE,14908,1431,41
fp1sig-b55297bc9f2c9962ca48c33c,ckTcXKY4vmdpsa8yQ2vNFKxC47wbYs91F6u2MFtpump,180,2026-08-27T21:48:46.089958+00:00,AVAILABLE,14908,1431,62
fp1sig-b55297bc9f2c9962ca48c33c,ckTcXKY4vmdpsa8yQ2vNFKxC47wbYs91F6u2MFtpump,300,2026-08-27T21:50:46.089958+00:00,AVAILABLE,20626,1431,91
fp1sig-b583018246886f98e111e89b,F6oEBRNKUJw5hQ757qq5iPQw24KreTv8c6AsN1Nbpump,5,2026-08-28T11:03:48.286448+00:00,MISSING,,,0
fp1sig-b583018246886f98e111e89b,F6oEBRNKUJw5hQ757qq5iPQw24KreTv8c6AsN1Nbpump,10,2026-08-28T11:03:53.286448+00:00,AVAILABLE,1616,1616,1
fp1sig-b583018246886f98e111e89b,F6oEBRNKUJw5hQ757qq5iPQw24KreTv8c6AsN1Nbpump,15,2026-08-28T11:03:58.286448+00:00,AVAILABLE,1616,754,2
fp1sig-b583018246886f98e111e89b,F6oEBRNKUJw5hQ757qq5iPQw24KreTv8c6AsN1Nbpump,20,2026-08-28T11:04:03.286448+00:00,AVAILABLE,1616,754,2
fp1sig-b583018246886f98e111e89b,F6oEBRNKUJw5hQ757qq5iPQw24KreTv8c6AsN1Nbpump,30,2026-08-28T11:04:13.286448+00:00,AVAILABLE,1616,-694,3
fp1sig-b583018246886f98e111e89b,F6oEBRNKUJw5hQ757qq5iPQw24KreTv8c6AsN1Nbpump,45,2026-08-28T11:04:28.286448+00:00,AVAILABLE,1616,-6676,5
fp1sig-b583018246886f98e111e89b,F6oEBRNKUJw5hQ757qq5iPQw24KreTv8c6AsN1Nbpump,60,2026-08-28T11:04:43.286448+00:00,AVAILABLE,1616,-6676,10
fp1sig-b583018246886f98e111e89b,F6oEBRNKUJw5hQ757qq5iPQw24KreTv8c6AsN1Nbpump,90,2026-08-28T11:05:13.286448+00:00,AVAILABLE,1616,-6676,18
fp1sig-b583018246886f98e111e89b,F6oEBRNKUJw5hQ757qq5iPQw24KreTv8c6AsN1Nbpump,120,2026-08-28T11:05:43.286448+00:00,AVAILABLE,1616,-7550,22
fp1sig-b583018246886f98e111e89b,F6oEBRNKUJw5hQ757qq5iPQw24KreTv8c6AsN1Nbpump,180,2026-08-28T11:06:43.286448+00:00,AVAILABLE,1616,-7762,29
fp1sig-b583018246886f98e111e89b,F6oEBRNKUJw5hQ757qq5iPQw24KreTv8c6AsN1Nbpump,300,2026-08-28T11:08:43.286448+00:00,AVAILABLE,42633,-7762,76
fp1sig-b5a51d824fc75d8dbf027589,2Qh8DKka1DnzTTYt7cVV3HDL2tujbmjwU74tjL8Tpump,5,2026-08-28T10:52:13.563378+00:00,AVAILABLE,-1502,-2724,2
fp1sig-b5a51d824fc75d8dbf027589,2Qh8DKka1DnzTTYt7cVV3HDL2tujbmjwU74tjL8Tpump,10,2026-08-28T10:52:18.563378+00:00,AVAILABLE,-1502,-5098,9
fp1sig-b5a51d824fc75d8dbf027589,2Qh8DKka1DnzTTYt7cVV3HDL2tujbmjwU74tjL8Tpump,15,2026-08-28T10:52:23.563378+00:00,AVAILABLE,-1502,-5098,11
fp1sig-b5a51d824fc75d8dbf027589,2Qh8DKka1DnzTTYt7cVV3HDL2tujbmjwU74tjL8Tpump,20,2026-08-28T10:52:28.563378+00:00,AVAILABLE,-1502,-5098,13
fp1sig-b5a51d824fc75d8dbf027589,2Qh8DKka1DnzTTYt7cVV3HDL2tujbmjwU74tjL8Tpump,30,2026-08-28T10:52:38.563378+00:00,AVAILABLE,-937,-5098,17
fp1sig-b5a51d824fc75d8dbf027589,2Qh8DKka1DnzTTYt7cVV3HDL2tujbmjwU74tjL8Tpump,45,2026-08-28T10:52:53.563378+00:00,AVAILABLE,-937,-5098,18
fp1sig-b5a51d824fc75d8dbf027589,2Qh8DKka1DnzTTYt7cVV3HDL2tujbmjwU74tjL8Tpump,60,2026-08-28T10:53:08.563378+00:00,AVAILABLE,-937,-5098,20
fp1sig-b5a51d824fc75d8dbf027589,2Qh8DKka1DnzTTYt7cVV3HDL2tujbmjwU74tjL8Tpump,90,2026-08-28T10:53:38.563378+00:00,AVAILABLE,-937,-5098,22
fp1sig-b5a51d824fc75d8dbf027589,2Qh8DKka1DnzTTYt7cVV3HDL2tujbmjwU74tjL8Tpump,120,2026-08-28T10:54:08.563378+00:00,AVAILABLE,-937,-5098,22
fp1sig-b5a51d824fc75d8dbf027589,2Qh8DKka1DnzTTYt7cVV3HDL2tujbmjwU74tjL8Tpump,180,2026-08-28T10:55:08.563378+00:00,AVAILABLE,-937,-5098,23
fp1sig-b5a51d824fc75d8dbf027589,2Qh8DKka1DnzTTYt7cVV3HDL2tujbmjwU74tjL8Tpump,300,2026-08-28T10:57:08.563378+00:00,AVAILABLE,-937,-5098,23
fp1sig-b609be00e35dacbf2f4f75aa,4i8zDsZUwEPNv9JNGitVASFDh41eEzSuHgo6ihD4pump,5,2026-08-27T13:05:54.482804+00:00,AVAILABLE,-3142,-3143,2
fp1sig-b609be00e35dacbf2f4f75aa,4i8zDsZUwEPNv9JNGitVASFDh41eEzSuHgo6ihD4pump,10,2026-08-27T13:05:59.482804+00:00,AVAILABLE,-3142,-4625,3
fp1sig-b609be00e35dacbf2f4f75aa,4i8zDsZUwEPNv9JNGitVASFDh41eEzSuHgo6ihD4pump,15,2026-08-27T13:06:04.482804+00:00,AVAILABLE,-3142,-4625,4
fp1sig-b609be00e35dacbf2f4f75aa,4i8zDsZUwEPNv9JNGitVASFDh41eEzSuHgo6ihD4pump,20,2026-08-27T13:06:09.482804+00:00,AVAILABLE,-3142,-4625,4
fp1sig-b609be00e35dacbf2f4f75aa,4i8zDsZUwEPNv9JNGitVASFDh41eEzSuHgo6ihD4pump,30,2026-08-27T13:06:19.482804+00:00,AVAILABLE,-3142,-4869,6
fp1sig-b609be00e35dacbf2f4f75aa,4i8zDsZUwEPNv9JNGitVASFDh41eEzSuHgo6ihD4pump,45,2026-08-27T13:06:34.482804+00:00,AVAILABLE,-3142,-4995,8
fp1sig-b609be00e35dacbf2f4f75aa,4i8zDsZUwEPNv9JNGitVASFDh41eEzSuHgo6ihD4pump,60,2026-08-27T13:06:49.482804+00:00,AVAILABLE,-3142,-4995,9
fp1sig-b609be00e35dacbf2f4f75aa,4i8zDsZUwEPNv9JNGitVASFDh41eEzSuHgo6ihD4pump,90,2026-08-27T13:07:19.482804+00:00,AVAILABLE,-1524,-4995,16
fp1sig-b609be00e35dacbf2f4f75aa,4i8zDsZUwEPNv9JNGitVASFDh41eEzSuHgo6ihD4pump,120,2026-08-27T13:07:49.482804+00:00,AVAILABLE,-1524,-4995,18
fp1sig-b609be00e35dacbf2f4f75aa,4i8zDsZUwEPNv9JNGitVASFDh41eEzSuHgo6ihD4pump,180,2026-08-27T13:08:49.482804+00:00,AVAILABLE,2590,-4995,24
fp1sig-b609be00e35dacbf2f4f75aa,4i8zDsZUwEPNv9JNGitVASFDh41eEzSuHgo6ihD4pump,300,2026-08-27T13:10:49.482804+00:00,AVAILABLE,5814,-4995,37
fp1sig-b64f2f5b8960e54eeb106d58,5iuDrxx48Hx8onNebDuSSniKJYEFux2jjoSsUWL1pump,5,2026-08-27T23:55:37.629933+00:00,AVAILABLE,2497,620,13
fp1sig-b64f2f5b8960e54eeb106d58,5iuDrxx48Hx8onNebDuSSniKJYEFux2jjoSsUWL1pump,10,2026-08-27T23:55:42.629933+00:00,AVAILABLE,2497,620,14
fp1sig-b64f2f5b8960e54eeb106d58,5iuDrxx48Hx8onNebDuSSniKJYEFux2jjoSsUWL1pump,15,2026-08-27T23:55:47.629933+00:00,AVAILABLE,2497,620,15
fp1sig-b64f2f5b8960e54eeb106d58,5iuDrxx48Hx8onNebDuSSniKJYEFux2jjoSsUWL1pump,20,2026-08-27T23:55:52.629933+00:00,AVAILABLE,2497,620,20
fp1sig-b64f2f5b8960e54eeb106d58,5iuDrxx48Hx8onNebDuSSniKJYEFux2jjoSsUWL1pump,30,2026-08-27T23:56:02.629933+00:00,AVAILABLE,2497,469,27
fp1sig-b64f2f5b8960e54eeb106d58,5iuDrxx48Hx8onNebDuSSniKJYEFux2jjoSsUWL1pump,45,2026-08-27T23:56:17.629933+00:00,AVAILABLE,2497,-1818,45
fp1sig-b64f2f5b8960e54eeb106d58,5iuDrxx48Hx8onNebDuSSniKJYEFux2jjoSsUWL1pump,60,2026-08-27T23:56:32.629933+00:00,AVAILABLE,2497,-2016,51
fp1sig-b64f2f5b8960e54eeb106d58,5iuDrxx48Hx8onNebDuSSniKJYEFux2jjoSsUWL1pump,90,2026-08-27T23:57:02.629933+00:00,AVAILABLE,2497,-2672,61
fp1sig-b64f2f5b8960e54eeb106d58,5iuDrxx48Hx8onNebDuSSniKJYEFux2jjoSsUWL1pump,120,2026-08-27T23:57:32.629933+00:00,AVAILABLE,2497,-4155,73
fp1sig-b64f2f5b8960e54eeb106d58,5iuDrxx48Hx8onNebDuSSniKJYEFux2jjoSsUWL1pump,180,2026-08-27T23:58:32.629933+00:00,AVAILABLE,2497,-4522,96
fp1sig-b64f2f5b8960e54eeb106d58,5iuDrxx48Hx8onNebDuSSniKJYEFux2jjoSsUWL1pump,300,2026-08-28T00:00:32.629933+00:00,AVAILABLE,2497,-4522,127
fp1sig-b72f946aea25ff0c3f8abacb,3kUpB6Shf1FAW3MFkJHuVvbMZaXpoBNsGR7wpbBnpump,5,2026-08-28T12:16:06.447921+00:00,AVAILABLE,161,35,4
fp1sig-b72f946aea25ff0c3f8abacb,3kUpB6Shf1FAW3MFkJHuVvbMZaXpoBNsGR7wpbBnpump,10,2026-08-28T12:16:11.447921+00:00,AVAILABLE,3086,35,9
fp1sig-b72f946aea25ff0c3f8abacb,3kUpB6Shf1FAW3MFkJHuVvbMZaXpoBNsGR7wpbBnpump,15,2026-08-28T12:16:16.447921+00:00,AVAILABLE,3086,35,10
fp1sig-b72f946aea25ff0c3f8abacb,3kUpB6Shf1FAW3MFkJHuVvbMZaXpoBNsGR7wpbBnpump,20,2026-08-28T12:16:21.447921+00:00,AVAILABLE,3086,35,13
fp1sig-b72f946aea25ff0c3f8abacb,3kUpB6Shf1FAW3MFkJHuVvbMZaXpoBNsGR7wpbBnpump,30,2026-08-28T12:16:31.447921+00:00,AVAILABLE,3086,35,16
fp1sig-b72f946aea25ff0c3f8abacb,3kUpB6Shf1FAW3MFkJHuVvbMZaXpoBNsGR7wpbBnpump,45,2026-08-28T12:16:46.447921+00:00,AVAILABLE,3086,35,21
fp1sig-b72f946aea25ff0c3f8abacb,3kUpB6Shf1FAW3MFkJHuVvbMZaXpoBNsGR7wpbBnpump,60,2026-08-28T12:17:01.447921+00:00,AVAILABLE,3423,-268,28
fp1sig-b72f946aea25ff0c3f8abacb,3kUpB6Shf1FAW3MFkJHuVvbMZaXpoBNsGR7wpbBnpump,90,2026-08-28T12:17:31.447921+00:00,AVAILABLE,4658,-268,45
fp1sig-b72f946aea25ff0c3f8abacb,3kUpB6Shf1FAW3MFkJHuVvbMZaXpoBNsGR7wpbBnpump,120,2026-08-28T12:18:01.447921+00:00,AVAILABLE,7639,-268,68
fp1sig-b72f946aea25ff0c3f8abacb,3kUpB6Shf1FAW3MFkJHuVvbMZaXpoBNsGR7wpbBnpump,180,2026-08-28T12:19:01.447921+00:00,AVAILABLE,12120,-268,137
fp1sig-b72f946aea25ff0c3f8abacb,3kUpB6Shf1FAW3MFkJHuVvbMZaXpoBNsGR7wpbBnpump,300,2026-08-28T12:21:01.447921+00:00,AVAILABLE,12120,-4588,257
fp1sig-b761f9b5542fd792ca3017f2,CE1UkssF5xeR3wc8mSSuTuJLRXPinZnbQBMD6vUZpump,5,2026-08-28T03:24:17.719654+00:00,MISSING,,,0
fp1sig-b761f9b5542fd792ca3017f2,CE1UkssF5xeR3wc8mSSuTuJLRXPinZnbQBMD6vUZpump,10,2026-08-28T03:24:22.719654+00:00,AVAILABLE,-3591,-3591,1
fp1sig-b761f9b5542fd792ca3017f2,CE1UkssF5xeR3wc8mSSuTuJLRXPinZnbQBMD6vUZpump,15,2026-08-28T03:24:27.719654+00:00,AVAILABLE,-2676,-3591,3
fp1sig-b761f9b5542fd792ca3017f2,CE1UkssF5xeR3wc8mSSuTuJLRXPinZnbQBMD6vUZpump,20,2026-08-28T03:24:32.719654+00:00,AVAILABLE,-2676,-6165,5
fp1sig-b761f9b5542fd792ca3017f2,CE1UkssF5xeR3wc8mSSuTuJLRXPinZnbQBMD6vUZpump,30,2026-08-28T03:24:42.719654+00:00,AVAILABLE,-2676,-7315,8
fp1sig-b761f9b5542fd792ca3017f2,CE1UkssF5xeR3wc8mSSuTuJLRXPinZnbQBMD6vUZpump,45,2026-08-28T03:24:57.719654+00:00,AVAILABLE,-2676,-7436,12
fp1sig-b761f9b5542fd792ca3017f2,CE1UkssF5xeR3wc8mSSuTuJLRXPinZnbQBMD6vUZpump,60,2026-08-28T03:25:12.719654+00:00,AVAILABLE,-2676,-8243,17
fp1sig-b761f9b5542fd792ca3017f2,CE1UkssF5xeR3wc8mSSuTuJLRXPinZnbQBMD6vUZpump,90,2026-08-28T03:25:42.719654+00:00,AVAILABLE,-2676,-8243,22
fp1sig-b761f9b5542fd792ca3017f2,CE1UkssF5xeR3wc8mSSuTuJLRXPinZnbQBMD6vUZpump,120,2026-08-28T03:26:12.719654+00:00,AVAILABLE,-2676,-9130,28
fp1sig-b761f9b5542fd792ca3017f2,CE1UkssF5xeR3wc8mSSuTuJLRXPinZnbQBMD6vUZpump,180,2026-08-28T03:27:12.719654+00:00,AVAILABLE,-2676,-9710,43
fp1sig-b761f9b5542fd792ca3017f2,CE1UkssF5xeR3wc8mSSuTuJLRXPinZnbQBMD6vUZpump,300,2026-08-28T03:29:12.719654+00:00,AVAILABLE,-2676,-9820,64
fp1sig-b7f3b66736ae6be937974474,FpW73pQUCp8WhH5HTQF6K7DXJuakTZ1xtW5PQiq7pump,5,2026-08-27T13:48:58.700355+00:00,AVAILABLE,2946,1296,5
fp1sig-b7f3b66736ae6be937974474,FpW73pQUCp8WhH5HTQF6K7DXJuakTZ1xtW5PQiq7pump,10,2026-08-27T13:49:03.700355+00:00,AVAILABLE,4308,1296,8
fp1sig-b7f3b66736ae6be937974474,FpW73pQUCp8WhH5HTQF6K7DXJuakTZ1xtW5PQiq7pump,15,2026-08-27T13:49:08.700355+00:00,AVAILABLE,4308,1296,8
fp1sig-b7f3b66736ae6be937974474,FpW73pQUCp8WhH5HTQF6K7DXJuakTZ1xtW5PQiq7pump,20,2026-08-27T13:49:13.700355+00:00,AVAILABLE,4360,1296,9
fp1sig-b7f3b66736ae6be937974474,FpW73pQUCp8WhH5HTQF6K7DXJuakTZ1xtW5PQiq7pump,30,2026-08-27T13:49:23.700355+00:00,AVAILABLE,4500,-2363,28
fp1sig-b7f3b66736ae6be937974474,FpW73pQUCp8WhH5HTQF6K7DXJuakTZ1xtW5PQiq7pump,45,2026-08-27T13:49:38.700355+00:00,AVAILABLE,4500,-3022,32
fp1sig-b7f3b66736ae6be937974474,FpW73pQUCp8WhH5HTQF6K7DXJuakTZ1xtW5PQiq7pump,60,2026-08-27T13:49:53.700355+00:00,AVAILABLE,4500,-3463,37
fp1sig-b7f3b66736ae6be937974474,FpW73pQUCp8WhH5HTQF6K7DXJuakTZ1xtW5PQiq7pump,90,2026-08-27T13:50:23.700355+00:00,AVAILABLE,4500,-5062,46
fp1sig-b7f3b66736ae6be937974474,FpW73pQUCp8WhH5HTQF6K7DXJuakTZ1xtW5PQiq7pump,120,2026-08-27T13:50:53.700355+00:00,AVAILABLE,4500,-6217,51
fp1sig-b7f3b66736ae6be937974474,FpW73pQUCp8WhH5HTQF6K7DXJuakTZ1xtW5PQiq7pump,180,2026-08-27T13:51:53.700355+00:00,AVAILABLE,4500,-6217,52
fp1sig-b7f3b66736ae6be937974474,FpW73pQUCp8WhH5HTQF6K7DXJuakTZ1xtW5PQiq7pump,300,2026-08-27T13:53:53.700355+00:00,AVAILABLE,4500,-6217,54
fp1sig-b8454f45b79bbaf2248ae736,41framh7L51PR8CNDVDhcePksenSd6VXeqkE5DjVpump,5,2026-08-27T18:39:43.851941+00:00,MISSING,,,0
fp1sig-b8454f45b79bbaf2248ae736,41framh7L51PR8CNDVDhcePksenSd6VXeqkE5DjVpump,10,2026-08-27T18:39:48.851941+00:00,AVAILABLE,913,913,1
fp1sig-b8454f45b79bbaf2248ae736,41framh7L51PR8CNDVDhcePksenSd6VXeqkE5DjVpump,15,2026-08-27T18:39:53.851941+00:00,AVAILABLE,913,913,1
fp1sig-b8454f45b79bbaf2248ae736,41framh7L51PR8CNDVDhcePksenSd6VXeqkE5DjVpump,20,2026-08-27T18:39:58.851941+00:00,AVAILABLE,1684,913,3
fp1sig-b8454f45b79bbaf2248ae736,41framh7L51PR8CNDVDhcePksenSd6VXeqkE5DjVpump,30,2026-08-27T18:40:08.851941+00:00,AVAILABLE,1684,-3056,4
fp1sig-b8454f45b79bbaf2248ae736,41framh7L51PR8CNDVDhcePksenSd6VXeqkE5DjVpump,45,2026-08-27T18:40:23.851941+00:00,AVAILABLE,1684,-3056,6
fp1sig-b8454f45b79bbaf2248ae736,41framh7L51PR8CNDVDhcePksenSd6VXeqkE5DjVpump,60,2026-08-27T18:40:38.851941+00:00,AVAILABLE,1684,-3056,7
fp1sig-b8454f45b79bbaf2248ae736,41framh7L51PR8CNDVDhcePksenSd6VXeqkE5DjVpump,90,2026-08-27T18:41:08.851941+00:00,AVAILABLE,1684,-3056,7
fp1sig-b8454f45b79bbaf2248ae736,41framh7L51PR8CNDVDhcePksenSd6VXeqkE5DjVpump,120,2026-08-27T18:41:38.851941+00:00,AVAILABLE,1684,-3056,7
fp1sig-b8454f45b79bbaf2248ae736,41framh7L51PR8CNDVDhcePksenSd6VXeqkE5DjVpump,180,2026-08-27T18:42:38.851941+00:00,AVAILABLE,1684,-3056,7
fp1sig-b8454f45b79bbaf2248ae736,41framh7L51PR8CNDVDhcePksenSd6VXeqkE5DjVpump,300,2026-08-27T18:44:38.851941+00:00,AVAILABLE,1684,-3056,7
fp1sig-b84e32048211adbd3dff97f1,FApe6bVMoKm8YmuycBRdQ23UNNzB2oiiKrPjMeEApump,5,2026-08-28T05:21:46.172786+00:00,AVAILABLE,7314,-409,8
fp1sig-b84e32048211adbd3dff97f1,FApe6bVMoKm8YmuycBRdQ23UNNzB2oiiKrPjMeEApump,10,2026-08-28T05:21:51.172786+00:00,AVAILABLE,13563,-409,11
fp1sig-b84e32048211adbd3dff97f1,FApe6bVMoKm8YmuycBRdQ23UNNzB2oiiKrPjMeEApump,15,2026-08-28T05:21:56.172786+00:00,AVAILABLE,13563,-409,11
fp1sig-b84e32048211adbd3dff97f1,FApe6bVMoKm8YmuycBRdQ23UNNzB2oiiKrPjMeEApump,20,2026-08-28T05:22:01.172786+00:00,AVAILABLE,13563,-409,13
fp1sig-b84e32048211adbd3dff97f1,FApe6bVMoKm8YmuycBRdQ23UNNzB2oiiKrPjMeEApump,30,2026-08-28T05:22:11.172786+00:00,AVAILABLE,13563,-2749,29
fp1sig-b84e32048211adbd3dff97f1,FApe6bVMoKm8YmuycBRdQ23UNNzB2oiiKrPjMeEApump,45,2026-08-28T05:22:26.172786+00:00,AVAILABLE,13563,-2923,39
fp1sig-b84e32048211adbd3dff97f1,FApe6bVMoKm8YmuycBRdQ23UNNzB2oiiKrPjMeEApump,60,2026-08-28T05:22:41.172786+00:00,AVAILABLE,13563,-8104,62
fp1sig-b84e32048211adbd3dff97f1,FApe6bVMoKm8YmuycBRdQ23UNNzB2oiiKrPjMeEApump,90,2026-08-28T05:23:11.172786+00:00,AVAILABLE,13563,-8503,70
fp1sig-b84e32048211adbd3dff97f1,FApe6bVMoKm8YmuycBRdQ23UNNzB2oiiKrPjMeEApump,120,2026-08-28T05:23:41.172786+00:00,AVAILABLE,13563,-8804,80
fp1sig-b84e32048211adbd3dff97f1,FApe6bVMoKm8YmuycBRdQ23UNNzB2oiiKrPjMeEApump,180,2026-08-28T05:24:41.172786+00:00,AVAILABLE,13563,-9496,99
fp1sig-b84e32048211adbd3dff97f1,FApe6bVMoKm8YmuycBRdQ23UNNzB2oiiKrPjMeEApump,300,2026-08-28T05:26:41.172786+00:00,AVAILABLE,13563,-9496,99
fp1sig-b85bcd9910a1cba24501d2b5,XUHLJAALQtQRLxNyxeTJUwJaJySeHvhRvDbY4Dkpump,5,2026-08-27T23:07:25.043619+00:00,MISSING,,,0
fp1sig-b85bcd9910a1cba24501d2b5,XUHLJAALQtQRLxNyxeTJUwJaJySeHvhRvDbY4Dkpump,10,2026-08-27T23:07:30.043619+00:00,AVAILABLE,-2845,-2845,1
fp1sig-b85bcd9910a1cba24501d2b5,XUHLJAALQtQRLxNyxeTJUwJaJySeHvhRvDbY4Dkpump,15,2026-08-27T23:07:35.043619+00:00,AVAILABLE,-2845,-2845,1
fp1sig-b85bcd9910a1cba24501d2b5,XUHLJAALQtQRLxNyxeTJUwJaJySeHvhRvDbY4Dkpump,20,2026-08-27T23:07:40.043619+00:00,AVAILABLE,-2845,-2845,1
fp1sig-b85bcd9910a1cba24501d2b5,XUHLJAALQtQRLxNyxeTJUwJaJySeHvhRvDbY4Dkpump,30,2026-08-27T23:07:50.043619+00:00,AVAILABLE,-2845,-3938,2
fp1sig-b85bcd9910a1cba24501d2b5,XUHLJAALQtQRLxNyxeTJUwJaJySeHvhRvDbY4Dkpump,45,2026-08-27T23:08:05.043619+00:00,AVAILABLE,-2845,-5406,4
fp1sig-b85bcd9910a1cba24501d2b5,XUHLJAALQtQRLxNyxeTJUwJaJySeHvhRvDbY4Dkpump,60,2026-08-27T23:08:20.043619+00:00,AVAILABLE,-680,-5406,6
fp1sig-b85bcd9910a1cba24501d2b5,XUHLJAALQtQRLxNyxeTJUwJaJySeHvhRvDbY4Dkpump,90,2026-08-27T23:08:50.043619+00:00,AVAILABLE,-680,-5406,6
fp1sig-b85bcd9910a1cba24501d2b5,XUHLJAALQtQRLxNyxeTJUwJaJySeHvhRvDbY4Dkpump,120,2026-08-27T23:09:20.043619+00:00,AVAILABLE,-680,-5406,6
fp1sig-b85bcd9910a1cba24501d2b5,XUHLJAALQtQRLxNyxeTJUwJaJySeHvhRvDbY4Dkpump,180,2026-08-27T23:10:20.043619+00:00,AVAILABLE,-680,-5406,6
fp1sig-b85bcd9910a1cba24501d2b5,XUHLJAALQtQRLxNyxeTJUwJaJySeHvhRvDbY4Dkpump,300,2026-08-27T23:12:20.043619+00:00,AVAILABLE,-680,-5406,6
fp1sig-b9126d2b37f83d9559e0ace9,7tgXPB3xWhN3pUt6QLF1SPoFPYFuqnePekfZDhoDpump,5,2026-08-28T07:26:19.688509+00:00,MISSING,,,0
fp1sig-b9126d2b37f83d9559e0ace9,7tgXPB3xWhN3pUt6QLF1SPoFPYFuqnePekfZDhoDpump,10,2026-08-28T07:26:24.688509+00:00,MISSING,,,0
fp1sig-b9126d2b37f83d9559e0ace9,7tgXPB3xWhN3pUt6QLF1SPoFPYFuqnePekfZDhoDpump,15,2026-08-28T07:26:29.688509+00:00,AVAILABLE,-308,-308,1
fp1sig-b9126d2b37f83d9559e0ace9,7tgXPB3xWhN3pUt6QLF1SPoFPYFuqnePekfZDhoDpump,20,2026-08-28T07:26:34.688509+00:00,AVAILABLE,-308,-308,1
fp1sig-b9126d2b37f83d9559e0ace9,7tgXPB3xWhN3pUt6QLF1SPoFPYFuqnePekfZDhoDpump,30,2026-08-28T07:26:44.688509+00:00,AVAILABLE,-308,-308,1
fp1sig-b9126d2b37f83d9559e0ace9,7tgXPB3xWhN3pUt6QLF1SPoFPYFuqnePekfZDhoDpump,45,2026-08-28T07:26:59.688509+00:00,AVAILABLE,-308,-398,2
fp1sig-b9126d2b37f83d9559e0ace9,7tgXPB3xWhN3pUt6QLF1SPoFPYFuqnePekfZDhoDpump,60,2026-08-28T07:27:14.688509+00:00,AVAILABLE,-308,-398,2
fp1sig-b9126d2b37f83d9559e0ace9,7tgXPB3xWhN3pUt6QLF1SPoFPYFuqnePekfZDhoDpump,90,2026-08-28T07:27:44.688509+00:00,AVAILABLE,-308,-398,2
fp1sig-b9126d2b37f83d9559e0ace9,7tgXPB3xWhN3pUt6QLF1SPoFPYFuqnePekfZDhoDpump,120,2026-08-28T07:28:14.688509+00:00,AVAILABLE,-308,-714,4
fp1sig-b9126d2b37f83d9559e0ace9,7tgXPB3xWhN3pUt6QLF1SPoFPYFuqnePekfZDhoDpump,180,2026-08-28T07:29:14.688509+00:00,AVAILABLE,-308,-759,5
fp1sig-b9126d2b37f83d9559e0ace9,7tgXPB3xWhN3pUt6QLF1SPoFPYFuqnePekfZDhoDpump,300,2026-08-28T07:31:14.688509+00:00,AVAILABLE,-308,-759,5
fp1sig-b92fd4f49efa8f6d146c757c,8Qh57kN6NrAWvr9SneZiBf6CvHQj1QTYKTwL6bSxpump,5,2026-08-28T11:13:04.633050+00:00,AVAILABLE,1185,1042,2
fp1sig-b92fd4f49efa8f6d146c757c,8Qh57kN6NrAWvr9SneZiBf6CvHQj1QTYKTwL6bSxpump,10,2026-08-28T11:13:09.633050+00:00,AVAILABLE,1185,1042,2
fp1sig-b92fd4f49efa8f6d146c757c,8Qh57kN6NrAWvr9SneZiBf6CvHQj1QTYKTwL6bSxpump,15,2026-08-28T11:13:14.633050+00:00,AVAILABLE,3677,1042,9
fp1sig-b92fd4f49efa8f6d146c757c,8Qh57kN6NrAWvr9SneZiBf6CvHQj1QTYKTwL6bSxpump,20,2026-08-28T11:13:19.633050+00:00,AVAILABLE,3677,1042,9
fp1sig-b92fd4f49efa8f6d146c757c,8Qh57kN6NrAWvr9SneZiBf6CvHQj1QTYKTwL6bSxpump,30,2026-08-28T11:13:29.633050+00:00,AVAILABLE,3677,1042,10
fp1sig-b92fd4f49efa8f6d146c757c,8Qh57kN6NrAWvr9SneZiBf6CvHQj1QTYKTwL6bSxpump,45,2026-08-28T11:13:44.633050+00:00,AVAILABLE,3737,1042,25
fp1sig-b92fd4f49efa8f6d146c757c,8Qh57kN6NrAWvr9SneZiBf6CvHQj1QTYKTwL6bSxpump,60,2026-08-28T11:13:59.633050+00:00,AVAILABLE,4411,1042,34
fp1sig-b92fd4f49efa8f6d146c757c,8Qh57kN6NrAWvr9SneZiBf6CvHQj1QTYKTwL6bSxpump,90,2026-08-28T11:14:29.633050+00:00,AVAILABLE,4411,1042,46
fp1sig-b92fd4f49efa8f6d146c757c,8Qh57kN6NrAWvr9SneZiBf6CvHQj1QTYKTwL6bSxpump,120,2026-08-28T11:14:59.633050+00:00,AVAILABLE,4411,-220,55
fp1sig-b92fd4f49efa8f6d146c757c,8Qh57kN6NrAWvr9SneZiBf6CvHQj1QTYKTwL6bSxpump,180,2026-08-28T11:15:59.633050+00:00,AVAILABLE,4411,-509,62
fp1sig-b92fd4f49efa8f6d146c757c,8Qh57kN6NrAWvr9SneZiBf6CvHQj1QTYKTwL6bSxpump,300,2026-08-28T11:17:59.633050+00:00,AVAILABLE,4411,-509,62
fp1sig-bb3f95b3f11f2f06a056bb69,2TCgoH2uvvGTCewaRpgjMJDxwcRR9rqwumFum8njpump,5,2026-08-27T21:34:10.331881+00:00,MISSING,,,0
fp1sig-bb3f95b3f11f2f06a056bb69,2TCgoH2uvvGTCewaRpgjMJDxwcRR9rqwumFum8njpump,10,2026-08-27T21:34:15.331881+00:00,MISSING,,,0
fp1sig-bb3f95b3f11f2f06a056bb69,2TCgoH2uvvGTCewaRpgjMJDxwcRR9rqwumFum8njpump,15,2026-08-27T21:34:20.331881+00:00,AVAILABLE,681,681,1
fp1sig-bb3f95b3f11f2f06a056bb69,2TCgoH2uvvGTCewaRpgjMJDxwcRR9rqwumFum8njpump,20,2026-08-27T21:34:25.331881+00:00,AVAILABLE,681,681,1
fp1sig-bb3f95b3f11f2f06a056bb69,2TCgoH2uvvGTCewaRpgjMJDxwcRR9rqwumFum8njpump,30,2026-08-27T21:34:35.331881+00:00,AVAILABLE,681,681,1
fp1sig-bb3f95b3f11f2f06a056bb69,2TCgoH2uvvGTCewaRpgjMJDxwcRR9rqwumFum8njpump,45,2026-08-27T21:34:50.331881+00:00,AVAILABLE,681,681,1
fp1sig-bb3f95b3f11f2f06a056bb69,2TCgoH2uvvGTCewaRpgjMJDxwcRR9rqwumFum8njpump,60,2026-08-27T21:35:05.331881+00:00,AVAILABLE,681,681,1
fp1sig-bb3f95b3f11f2f06a056bb69,2TCgoH2uvvGTCewaRpgjMJDxwcRR9rqwumFum8njpump,90,2026-08-27T21:35:35.331881+00:00,AVAILABLE,1052,681,4
fp1sig-bb3f95b3f11f2f06a056bb69,2TCgoH2uvvGTCewaRpgjMJDxwcRR9rqwumFum8njpump,120,2026-08-27T21:36:05.331881+00:00,AVAILABLE,1291,681,6
fp1sig-bb3f95b3f11f2f06a056bb69,2TCgoH2uvvGTCewaRpgjMJDxwcRR9rqwumFum8njpump,180,2026-08-27T21:37:05.331881+00:00,AVAILABLE,1291,-795,10
fp1sig-bb3f95b3f11f2f06a056bb69,2TCgoH2uvvGTCewaRpgjMJDxwcRR9rqwumFum8njpump,300,2026-08-27T21:39:05.331881+00:00,AVAILABLE,1291,-4727,29
fp1sig-bb516baf3765da32d7a75222,2fwrgCNcJxZpCUNyoyaj5Ro9WenH3UoiNMZVA3Bspump,5,2026-08-27T16:03:20.422729+00:00,AVAILABLE,325,325,1
fp1sig-bb516baf3765da32d7a75222,2fwrgCNcJxZpCUNyoyaj5Ro9WenH3UoiNMZVA3Bspump,10,2026-08-27T16:03:25.422729+00:00,AVAILABLE,325,325,1
fp1sig-bb516baf3765da32d7a75222,2fwrgCNcJxZpCUNyoyaj5Ro9WenH3UoiNMZVA3Bspump,15,2026-08-27T16:03:30.422729+00:00,AVAILABLE,325,325,1
fp1sig-bb516baf3765da32d7a75222,2fwrgCNcJxZpCUNyoyaj5Ro9WenH3UoiNMZVA3Bspump,20,2026-08-27T16:03:35.422729+00:00,AVAILABLE,325,325,1
fp1sig-bb516baf3765da32d7a75222,2fwrgCNcJxZpCUNyoyaj5Ro9WenH3UoiNMZVA3Bspump,30,2026-08-27T16:03:45.422729+00:00,AVAILABLE,325,325,1
fp1sig-bb516baf3765da32d7a75222,2fwrgCNcJxZpCUNyoyaj5Ro9WenH3UoiNMZVA3Bspump,45,2026-08-27T16:04:00.422729+00:00,AVAILABLE,325,325,1
fp1sig-bb516baf3765da32d7a75222,2fwrgCNcJxZpCUNyoyaj5Ro9WenH3UoiNMZVA3Bspump,60,2026-08-27T16:04:15.422729+00:00,AVAILABLE,889,325,4
fp1sig-bb516baf3765da32d7a75222,2fwrgCNcJxZpCUNyoyaj5Ro9WenH3UoiNMZVA3Bspump,90,2026-08-27T16:04:45.422729+00:00,AVAILABLE,889,325,4
fp1sig-bb516baf3765da32d7a75222,2fwrgCNcJxZpCUNyoyaj5Ro9WenH3UoiNMZVA3Bspump,120,2026-08-27T16:05:15.422729+00:00,AVAILABLE,889,325,4
fp1sig-bb516baf3765da32d7a75222,2fwrgCNcJxZpCUNyoyaj5Ro9WenH3UoiNMZVA3Bspump,180,2026-08-27T16:06:15.422729+00:00,AVAILABLE,889,325,4
fp1sig-bb516baf3765da32d7a75222,2fwrgCNcJxZpCUNyoyaj5Ro9WenH3UoiNMZVA3Bspump,300,2026-08-27T16:08:15.422729+00:00,AVAILABLE,889,35,6
fp1sig-bb831eecf87379578a187d53,2Bg1v2JjKTXaEcqkeUiX3KqUeVnbRUKU5zyjJoznpump,5,2026-08-28T02:40:37.941814+00:00,MISSING,,,0
fp1sig-bb831eecf87379578a187d53,2Bg1v2JjKTXaEcqkeUiX3KqUeVnbRUKU5zyjJoznpump,10,2026-08-28T02:40:42.941814+00:00,MISSING,,,0
fp1sig-bb831eecf87379578a187d53,2Bg1v2JjKTXaEcqkeUiX3KqUeVnbRUKU5zyjJoznpump,15,2026-08-28T02:40:47.941814+00:00,AVAILABLE,1338,1338,1
fp1sig-bb831eecf87379578a187d53,2Bg1v2JjKTXaEcqkeUiX3KqUeVnbRUKU5zyjJoznpump,20,2026-08-28T02:40:52.941814+00:00,AVAILABLE,1338,1338,1
fp1sig-bb831eecf87379578a187d53,2Bg1v2JjKTXaEcqkeUiX3KqUeVnbRUKU5zyjJoznpump,30,2026-08-28T02:41:02.941814+00:00,AVAILABLE,1338,1338,1
fp1sig-bb831eecf87379578a187d53,2Bg1v2JjKTXaEcqkeUiX3KqUeVnbRUKU5zyjJoznpump,45,2026-08-28T02:41:17.941814+00:00,AVAILABLE,1338,1338,1
fp1sig-bb831eecf87379578a187d53,2Bg1v2JjKTXaEcqkeUiX3KqUeVnbRUKU5zyjJoznpump,60,2026-08-28T02:41:32.941814+00:00,AVAILABLE,1338,1338,1
fp1sig-bb831eecf87379578a187d53,2Bg1v2JjKTXaEcqkeUiX3KqUeVnbRUKU5zyjJoznpump,90,2026-08-28T02:42:02.941814+00:00,AVAILABLE,1371,-4083,8
fp1sig-bb831eecf87379578a187d53,2Bg1v2JjKTXaEcqkeUiX3KqUeVnbRUKU5zyjJoznpump,120,2026-08-28T02:42:32.941814+00:00,AVAILABLE,1371,-4083,8
fp1sig-bb831eecf87379578a187d53,2Bg1v2JjKTXaEcqkeUiX3KqUeVnbRUKU5zyjJoznpump,180,2026-08-28T02:43:32.941814+00:00,AVAILABLE,1371,-4083,8
fp1sig-bb831eecf87379578a187d53,2Bg1v2JjKTXaEcqkeUiX3KqUeVnbRUKU5zyjJoznpump,300,2026-08-28T02:45:32.941814+00:00,AVAILABLE,1371,-4083,8
fp1sig-bbbed2edf9e0a1fc410d0e80,8zcYf6zQ9TFqCuPfejRnp5cquzUQyCta9JYKkeYZpump,5,2026-08-28T07:58:37.071034+00:00,AVAILABLE,53,-148,2
fp1sig-bbbed2edf9e0a1fc410d0e80,8zcYf6zQ9TFqCuPfejRnp5cquzUQyCta9JYKkeYZpump,10,2026-08-28T07:58:42.071034+00:00,AVAILABLE,53,-148,2
fp1sig-bbbed2edf9e0a1fc410d0e80,8zcYf6zQ9TFqCuPfejRnp5cquzUQyCta9JYKkeYZpump,15,2026-08-28T07:58:47.071034+00:00,AVAILABLE,53,-148,5
fp1sig-bbbed2edf9e0a1fc410d0e80,8zcYf6zQ9TFqCuPfejRnp5cquzUQyCta9JYKkeYZpump,20,2026-08-28T07:58:52.071034+00:00,AVAILABLE,53,-148,5
fp1sig-bbbed2edf9e0a1fc410d0e80,8zcYf6zQ9TFqCuPfejRnp5cquzUQyCta9JYKkeYZpump,30,2026-08-28T07:59:02.071034+00:00,AVAILABLE,582,-148,6
fp1sig-bbbed2edf9e0a1fc410d0e80,8zcYf6zQ9TFqCuPfejRnp5cquzUQyCta9JYKkeYZpump,45,2026-08-28T07:59:17.071034+00:00,AVAILABLE,582,-148,6
fp1sig-bbbed2edf9e0a1fc410d0e80,8zcYf6zQ9TFqCuPfejRnp5cquzUQyCta9JYKkeYZpump,60,2026-08-28T07:59:32.071034+00:00,AVAILABLE,582,-187,9
fp1sig-bbbed2edf9e0a1fc410d0e80,8zcYf6zQ9TFqCuPfejRnp5cquzUQyCta9JYKkeYZpump,90,2026-08-28T08:00:02.071034+00:00,AVAILABLE,582,-187,15
fp1sig-bbbed2edf9e0a1fc410d0e80,8zcYf6zQ9TFqCuPfejRnp5cquzUQyCta9JYKkeYZpump,120,2026-08-28T08:00:32.071034+00:00,AVAILABLE,582,-883,26
fp1sig-bbbed2edf9e0a1fc410d0e80,8zcYf6zQ9TFqCuPfejRnp5cquzUQyCta9JYKkeYZpump,180,2026-08-28T08:01:32.071034+00:00,AVAILABLE,582,-2153,37
fp1sig-bbbed2edf9e0a1fc410d0e80,8zcYf6zQ9TFqCuPfejRnp5cquzUQyCta9JYKkeYZpump,300,2026-08-28T08:03:32.071034+00:00,AVAILABLE,582,-2173,38
fp1sig-bbd30b385f98da34e9ed9c3f,5qZv4Jd4a4obz16RPkX7rwc91PCxeSPJD7reE1MFpump,5,2026-08-28T07:43:17.750512+00:00,AVAILABLE,4454,-222,6
fp1sig-bbd30b385f98da34e9ed9c3f,5qZv4Jd4a4obz16RPkX7rwc91PCxeSPJD7reE1MFpump,10,2026-08-28T07:43:22.750512+00:00,AVAILABLE,4454,-222,7
fp1sig-bbd30b385f98da34e9ed9c3f,5qZv4Jd4a4obz16RPkX7rwc91PCxeSPJD7reE1MFpump,15,2026-08-28T07:43:27.750512+00:00,AVAILABLE,4454,-222,8
fp1sig-bbd30b385f98da34e9ed9c3f,5qZv4Jd4a4obz16RPkX7rwc91PCxeSPJD7reE1MFpump,20,2026-08-28T07:43:32.750512+00:00,AVAILABLE,4454,-222,8
fp1sig-bbd30b385f98da34e9ed9c3f,5qZv4Jd4a4obz16RPkX7rwc91PCxeSPJD7reE1MFpump,30,2026-08-28T07:43:42.750512+00:00,AVAILABLE,4454,-951,10
fp1sig-bbd30b385f98da34e9ed9c3f,5qZv4Jd4a4obz16RPkX7rwc91PCxeSPJD7reE1MFpump,45,2026-08-28T07:43:57.750512+00:00,AVAILABLE,6037,-2532,17
fp1sig-bbd30b385f98da34e9ed9c3f,5qZv4Jd4a4obz16RPkX7rwc91PCxeSPJD7reE1MFpump,60,2026-08-28T07:44:12.750512+00:00,AVAILABLE,17606,-2532,25
fp1sig-bbd30b385f98da34e9ed9c3f,5qZv4Jd4a4obz16RPkX7rwc91PCxeSPJD7reE1MFpump,90,2026-08-28T07:44:42.750512+00:00,AVAILABLE,17606,-2532,38
fp1sig-bbd30b385f98da34e9ed9c3f,5qZv4Jd4a4obz16RPkX7rwc91PCxeSPJD7reE1MFpump,120,2026-08-28T07:45:12.750512+00:00,AVAILABLE,30270,-2532,54
fp1sig-bbd30b385f98da34e9ed9c3f,5qZv4Jd4a4obz16RPkX7rwc91PCxeSPJD7reE1MFpump,180,2026-08-28T07:46:12.750512+00:00,AVAILABLE,49407,-2532,68
fp1sig-bbd30b385f98da34e9ed9c3f,5qZv4Jd4a4obz16RPkX7rwc91PCxeSPJD7reE1MFpump,300,2026-08-28T07:48:12.750512+00:00,AVAILABLE,65403,-2532,107
fp1sig-bbe3fd43d005cef512c74c96,9TocaZKhV3ALfM5FZVkNTemoRCkUTjfKvv1uSZJtpump,5,2026-08-28T10:18:45.905976+00:00,AVAILABLE,5178,1443,2
fp1sig-bbe3fd43d005cef512c74c96,9TocaZKhV3ALfM5FZVkNTemoRCkUTjfKvv1uSZJtpump,10,2026-08-28T10:18:50.905976+00:00,AVAILABLE,16921,1443,6
fp1sig-bbe3fd43d005cef512c74c96,9TocaZKhV3ALfM5FZVkNTemoRCkUTjfKvv1uSZJtpump,15,2026-08-28T10:18:55.905976+00:00,AVAILABLE,24920,1443,9
fp1sig-bbe3fd43d005cef512c74c96,9TocaZKhV3ALfM5FZVkNTemoRCkUTjfKvv1uSZJtpump,20,2026-08-28T10:19:00.905976+00:00,AVAILABLE,24920,1443,12
fp1sig-bbe3fd43d005cef512c74c96,9TocaZKhV3ALfM5FZVkNTemoRCkUTjfKvv1uSZJtpump,30,2026-08-28T10:19:10.905976+00:00,AVAILABLE,24920,-1346,19
fp1sig-bbe3fd43d005cef512c74c96,9TocaZKhV3ALfM5FZVkNTemoRCkUTjfKvv1uSZJtpump,45,2026-08-28T10:19:25.905976+00:00,AVAILABLE,24920,-1346,35
fp1sig-bbe3fd43d005cef512c74c96,9TocaZKhV3ALfM5FZVkNTemoRCkUTjfKvv1uSZJtpump,60,2026-08-28T10:19:40.905976+00:00,AVAILABLE,24920,-1346,42
fp1sig-bbe3fd43d005cef512c74c96,9TocaZKhV3ALfM5FZVkNTemoRCkUTjfKvv1uSZJtpump,90,2026-08-28T10:20:10.905976+00:00,AVAILABLE,24920,-3979,64
fp1sig-bbe3fd43d005cef512c74c96,9TocaZKhV3ALfM5FZVkNTemoRCkUTjfKvv1uSZJtpump,120,2026-08-28T10:20:40.905976+00:00,AVAILABLE,24920,-3979,83
fp1sig-bbe3fd43d005cef512c74c96,9TocaZKhV3ALfM5FZVkNTemoRCkUTjfKvv1uSZJtpump,180,2026-08-28T10:21:40.905976+00:00,AVAILABLE,24920,-5254,97
fp1sig-bbe3fd43d005cef512c74c96,9TocaZKhV3ALfM5FZVkNTemoRCkUTjfKvv1uSZJtpump,300,2026-08-28T10:23:40.905976+00:00,AVAILABLE,24920,-9052,137
fp1sig-bbfc023fb3498cb9352af203,6pqDcTXEX8TqSdaGvddgz8Pdvrv2ZqmmY1c8RZkvpump,5,2026-08-27T23:29:48.571129+00:00,AVAILABLE,1959,1795,2
fp1sig-bbfc023fb3498cb9352af203,6pqDcTXEX8TqSdaGvddgz8Pdvrv2ZqmmY1c8RZkvpump,10,2026-08-27T23:29:53.571129+00:00,AVAILABLE,2690,702,7
fp1sig-bbfc023fb3498cb9352af203,6pqDcTXEX8TqSdaGvddgz8Pdvrv2ZqmmY1c8RZkvpump,15,2026-08-27T23:29:58.571129+00:00,AVAILABLE,2690,702,8
fp1sig-bbfc023fb3498cb9352af203,6pqDcTXEX8TqSdaGvddgz8Pdvrv2ZqmmY1c8RZkvpump,20,2026-08-27T23:30:03.571129+00:00,AVAILABLE,2690,702,12
fp1sig-bbfc023fb3498cb9352af203,6pqDcTXEX8TqSdaGvddgz8Pdvrv2ZqmmY1c8RZkvpump,30,2026-08-27T23:30:13.571129+00:00,AVAILABLE,2903,702,20
fp1sig-bbfc023fb3498cb9352af203,6pqDcTXEX8TqSdaGvddgz8Pdvrv2ZqmmY1c8RZkvpump,45,2026-08-27T23:30:28.571129+00:00,AVAILABLE,4077,702,32
fp1sig-bbfc023fb3498cb9352af203,6pqDcTXEX8TqSdaGvddgz8Pdvrv2ZqmmY1c8RZkvpump,60,2026-08-27T23:30:43.571129+00:00,AVAILABLE,4106,702,42
fp1sig-bbfc023fb3498cb9352af203,6pqDcTXEX8TqSdaGvddgz8Pdvrv2ZqmmY1c8RZkvpump,90,2026-08-27T23:31:13.571129+00:00,AVAILABLE,4106,702,70
fp1sig-bbfc023fb3498cb9352af203,6pqDcTXEX8TqSdaGvddgz8Pdvrv2ZqmmY1c8RZkvpump,120,2026-08-27T23:31:43.571129+00:00,AVAILABLE,4106,415,80
fp1sig-bbfc023fb3498cb9352af203,6pqDcTXEX8TqSdaGvddgz8Pdvrv2ZqmmY1c8RZkvpump,180,2026-08-27T23:32:43.571129+00:00,AVAILABLE,4106,-1134,102
fp1sig-bbfc023fb3498cb9352af203,6pqDcTXEX8TqSdaGvddgz8Pdvrv2ZqmmY1c8RZkvpump,300,2026-08-27T23:34:43.571129+00:00,AVAILABLE,4106,-1134,102
fp1sig-bc0b574c2b028684b1c7ae4a,8h2e7QgoAskovpCzFk1RoPsS16QNMRGDMJoGjdVJpump,5,2026-08-28T03:14:53.741846+00:00,AVAILABLE,1806,585,3
fp1sig-bc0b574c2b028684b1c7ae4a,8h2e7QgoAskovpCzFk1RoPsS16QNMRGDMJoGjdVJpump,10,2026-08-28T03:14:58.741846+00:00,AVAILABLE,2434,585,4
fp1sig-bc0b574c2b028684b1c7ae4a,8h2e7QgoAskovpCzFk1RoPsS16QNMRGDMJoGjdVJpump,15,2026-08-28T03:15:03.741846+00:00,AVAILABLE,2434,585,4
fp1sig-bc0b574c2b028684b1c7ae4a,8h2e7QgoAskovpCzFk1RoPsS16QNMRGDMJoGjdVJpump,20,2026-08-28T03:15:08.741846+00:00,AVAILABLE,2434,585,9
fp1sig-bc0b574c2b028684b1c7ae4a,8h2e7QgoAskovpCzFk1RoPsS16QNMRGDMJoGjdVJpump,30,2026-08-28T03:15:18.741846+00:00,AVAILABLE,13267,585,27
fp1sig-bc0b574c2b028684b1c7ae4a,8h2e7QgoAskovpCzFk1RoPsS16QNMRGDMJoGjdVJpump,45,2026-08-28T03:15:33.741846+00:00,AVAILABLE,13267,585,47
fp1sig-bc0b574c2b028684b1c7ae4a,8h2e7QgoAskovpCzFk1RoPsS16QNMRGDMJoGjdVJpump,60,2026-08-28T03:15:48.741846+00:00,AVAILABLE,16286,585,57
fp1sig-bc0b574c2b028684b1c7ae4a,8h2e7QgoAskovpCzFk1RoPsS16QNMRGDMJoGjdVJpump,90,2026-08-28T03:16:18.741846+00:00,AVAILABLE,19414,585,90
fp1sig-bc0b574c2b028684b1c7ae4a,8h2e7QgoAskovpCzFk1RoPsS16QNMRGDMJoGjdVJpump,120,2026-08-28T03:16:48.741846+00:00,AVAILABLE,19414,585,111
fp1sig-bc0b574c2b028684b1c7ae4a,8h2e7QgoAskovpCzFk1RoPsS16QNMRGDMJoGjdVJpump,180,2026-08-28T03:17:48.741846+00:00,AVAILABLE,19956,585,159
fp1sig-bc0b574c2b028684b1c7ae4a,8h2e7QgoAskovpCzFk1RoPsS16QNMRGDMJoGjdVJpump,300,2026-08-28T03:19:48.741846+00:00,AVAILABLE,28150,585,308
fp1sig-beb17805113485a688ae713f,AMin1jzcbyHqWD9e4UUF4buMYzEQLT6njDHUZFv9pump,5,2026-08-27T22:17:38.808475+00:00,MISSING,,,0
fp1sig-beb17805113485a688ae713f,AMin1jzcbyHqWD9e4UUF4buMYzEQLT6njDHUZFv9pump,10,2026-08-27T22:17:43.808475+00:00,AVAILABLE,-752,-752,1
fp1sig-beb17805113485a688ae713f,AMin1jzcbyHqWD9e4UUF4buMYzEQLT6njDHUZFv9pump,15,2026-08-27T22:17:48.808475+00:00,AVAILABLE,-752,-752,1
fp1sig-beb17805113485a688ae713f,AMin1jzcbyHqWD9e4UUF4buMYzEQLT6njDHUZFv9pump,20,2026-08-27T22:17:53.808475+00:00,AVAILABLE,-752,-752,1
fp1sig-beb17805113485a688ae713f,AMin1jzcbyHqWD9e4UUF4buMYzEQLT6njDHUZFv9pump,30,2026-08-27T22:18:03.808475+00:00,AVAILABLE,-673,-752,2
fp1sig-beb17805113485a688ae713f,AMin1jzcbyHqWD9e4UUF4buMYzEQLT6njDHUZFv9pump,45,2026-08-27T22:18:18.808475+00:00,AVAILABLE,-673,-790,3
fp1sig-beb17805113485a688ae713f,AMin1jzcbyHqWD9e4UUF4buMYzEQLT6njDHUZFv9pump,60,2026-08-27T22:18:33.808475+00:00,AVAILABLE,-673,-1205,4
fp1sig-beb17805113485a688ae713f,AMin1jzcbyHqWD9e4UUF4buMYzEQLT6njDHUZFv9pump,90,2026-08-27T22:19:03.808475+00:00,AVAILABLE,-673,-1205,4
fp1sig-beb17805113485a688ae713f,AMin1jzcbyHqWD9e4UUF4buMYzEQLT6njDHUZFv9pump,120,2026-08-27T22:19:33.808475+00:00,AVAILABLE,-673,-1205,5
fp1sig-beb17805113485a688ae713f,AMin1jzcbyHqWD9e4UUF4buMYzEQLT6njDHUZFv9pump,180,2026-08-27T22:20:33.808475+00:00,AVAILABLE,-673,-6209,9
fp1sig-beb17805113485a688ae713f,AMin1jzcbyHqWD9e4UUF4buMYzEQLT6njDHUZFv9pump,300,2026-08-27T22:22:33.808475+00:00,AVAILABLE,-673,-6209,20
fp1sig-bed7cf645d2286071420a25e,FuymJdz6J6U67b4cjtJ4u45GEWH73QqWx6FbFzsFpump,5,2026-08-28T10:03:18.695454+00:00,AVAILABLE,-571,-571,1
fp1sig-bed7cf645d2286071420a25e,FuymJdz6J6U67b4cjtJ4u45GEWH73QqWx6FbFzsFpump,10,2026-08-28T10:03:23.695454+00:00,AVAILABLE,-571,-571,1
fp1sig-bed7cf645d2286071420a25e,FuymJdz6J6U67b4cjtJ4u45GEWH73QqWx6FbFzsFpump,15,2026-08-28T10:03:28.695454+00:00,AVAILABLE,-571,-571,1
fp1sig-bed7cf645d2286071420a25e,FuymJdz6J6U67b4cjtJ4u45GEWH73QqWx6FbFzsFpump,20,2026-08-28T10:03:33.695454+00:00,AVAILABLE,-571,-571,1
fp1sig-bed7cf645d2286071420a25e,FuymJdz6J6U67b4cjtJ4u45GEWH73QqWx6FbFzsFpump,30,2026-08-28T10:03:43.695454+00:00,AVAILABLE,-571,-971,2
fp1sig-bed7cf645d2286071420a25e,FuymJdz6J6U67b4cjtJ4u45GEWH73QqWx6FbFzsFpump,45,2026-08-28T10:03:58.695454+00:00,AVAILABLE,-571,-1075,5
fp1sig-bed7cf645d2286071420a25e,FuymJdz6J6U67b4cjtJ4u45GEWH73QqWx6FbFzsFpump,60,2026-08-28T10:04:13.695454+00:00,AVAILABLE,-571,-2996,23
fp1sig-bed7cf645d2286071420a25e,FuymJdz6J6U67b4cjtJ4u45GEWH73QqWx6FbFzsFpump,90,2026-08-28T10:04:43.695454+00:00,AVAILABLE,-571,-2996,35
fp1sig-bed7cf645d2286071420a25e,FuymJdz6J6U67b4cjtJ4u45GEWH73QqWx6FbFzsFpump,120,2026-08-28T10:05:13.695454+00:00,AVAILABLE,866,-2996,92
fp1sig-bed7cf645d2286071420a25e,FuymJdz6J6U67b4cjtJ4u45GEWH73QqWx6FbFzsFpump,180,2026-08-28T10:06:13.695454+00:00,AVAILABLE,866,-2996,161
fp1sig-bed7cf645d2286071420a25e,FuymJdz6J6U67b4cjtJ4u45GEWH73QqWx6FbFzsFpump,300,2026-08-28T10:08:13.695454+00:00,AVAILABLE,866,-4378,237
fp1sig-bf0414179032c8549e9c5e68,EuoTaJqE8qb99mtVfcfGaHyW7LGhjcftGt5tF2Lapump,5,2026-08-28T03:39:24.386322+00:00,AVAILABLE,894,-1482,15
fp1sig-bf0414179032c8549e9c5e68,EuoTaJqE8qb99mtVfcfGaHyW7LGhjcftGt5tF2Lapump,10,2026-08-28T03:39:29.386322+00:00,AVAILABLE,1078,-1482,22
fp1sig-bf0414179032c8549e9c5e68,EuoTaJqE8qb99mtVfcfGaHyW7LGhjcftGt5tF2Lapump,15,2026-08-28T03:39:34.386322+00:00,AVAILABLE,1078,-1482,28
fp1sig-bf0414179032c8549e9c5e68,EuoTaJqE8qb99mtVfcfGaHyW7LGhjcftGt5tF2Lapump,20,2026-08-28T03:39:39.386322+00:00,AVAILABLE,1175,-1482,37
fp1sig-bf0414179032c8549e9c5e68,EuoTaJqE8qb99mtVfcfGaHyW7LGhjcftGt5tF2Lapump,30,2026-08-28T03:39:49.386322+00:00,AVAILABLE,1175,-2088,54
fp1sig-bf0414179032c8549e9c5e68,EuoTaJqE8qb99mtVfcfGaHyW7LGhjcftGt5tF2Lapump,45,2026-08-28T03:40:04.386322+00:00,AVAILABLE,1175,-2088,81
fp1sig-bf0414179032c8549e9c5e68,EuoTaJqE8qb99mtVfcfGaHyW7LGhjcftGt5tF2Lapump,60,2026-08-28T03:40:19.386322+00:00,AVAILABLE,1175,-2088,93
fp1sig-bf0414179032c8549e9c5e68,EuoTaJqE8qb99mtVfcfGaHyW7LGhjcftGt5tF2Lapump,90,2026-08-28T03:40:49.386322+00:00,AVAILABLE,1175,-2088,105
fp1sig-bf0414179032c8549e9c5e68,EuoTaJqE8qb99mtVfcfGaHyW7LGhjcftGt5tF2Lapump,120,2026-08-28T03:41:19.386322+00:00,AVAILABLE,1175,-2088,122
fp1sig-bf0414179032c8549e9c5e68,EuoTaJqE8qb99mtVfcfGaHyW7LGhjcftGt5tF2Lapump,180,2026-08-28T03:42:19.386322+00:00,AVAILABLE,1175,-2088,149
fp1sig-bf0414179032c8549e9c5e68,EuoTaJqE8qb99mtVfcfGaHyW7LGhjcftGt5tF2Lapump,300,2026-08-28T03:44:19.386322+00:00,AVAILABLE,1175,-2307,206
fp1sig-bf4676c93ed41eee9924154c,ByZMJgXok51e3aNBxT2MdFP5VCnQqgALdnjKjoTbpump,5,2026-08-27T21:29:03.199293+00:00,AVAILABLE,550,550,1
fp1sig-bf4676c93ed41eee9924154c,ByZMJgXok51e3aNBxT2MdFP5VCnQqgALdnjKjoTbpump,10,2026-08-27T21:29:08.199293+00:00,AVAILABLE,550,550,1
fp1sig-bf4676c93ed41eee9924154c,ByZMJgXok51e3aNBxT2MdFP5VCnQqgALdnjKjoTbpump,15,2026-08-27T21:29:13.199293+00:00,AVAILABLE,550,550,1
fp1sig-bf4676c93ed41eee9924154c,ByZMJgXok51e3aNBxT2MdFP5VCnQqgALdnjKjoTbpump,20,2026-08-27T21:29:18.199293+00:00,AVAILABLE,550,550,1
fp1sig-bf4676c93ed41eee9924154c,ByZMJgXok51e3aNBxT2MdFP5VCnQqgALdnjKjoTbpump,30,2026-08-27T21:29:28.199293+00:00,AVAILABLE,550,-240,2
fp1sig-bf4676c93ed41eee9924154c,ByZMJgXok51e3aNBxT2MdFP5VCnQqgALdnjKjoTbpump,45,2026-08-27T21:29:43.199293+00:00,AVAILABLE,550,-944,3
fp1sig-bf4676c93ed41eee9924154c,ByZMJgXok51e3aNBxT2MdFP5VCnQqgALdnjKjoTbpump,60,2026-08-27T21:29:58.199293+00:00,AVAILABLE,550,-1166,4
fp1sig-bf4676c93ed41eee9924154c,ByZMJgXok51e3aNBxT2MdFP5VCnQqgALdnjKjoTbpump,90,2026-08-27T21:30:28.199293+00:00,AVAILABLE,550,-1380,5
fp1sig-bf4676c93ed41eee9924154c,ByZMJgXok51e3aNBxT2MdFP5VCnQqgALdnjKjoTbpump,120,2026-08-27T21:30:58.199293+00:00,AVAILABLE,550,-1380,5
fp1sig-bf4676c93ed41eee9924154c,ByZMJgXok51e3aNBxT2MdFP5VCnQqgALdnjKjoTbpump,180,2026-08-27T21:31:58.199293+00:00,AVAILABLE,550,-1380,5
fp1sig-bf4676c93ed41eee9924154c,ByZMJgXok51e3aNBxT2MdFP5VCnQqgALdnjKjoTbpump,300,2026-08-27T21:33:58.199293+00:00,AVAILABLE,550,-1380,5
fp1sig-bfbc2232a7628f0de0637a02,F7bkpLH1kgeBYGyjUFzvWdLrNLo6cBNcSUKGp1Qxpump,5,2026-08-27T13:29:43.692953+00:00,AVAILABLE,637,204,2
fp1sig-bfbc2232a7628f0de0637a02,F7bkpLH1kgeBYGyjUFzvWdLrNLo6cBNcSUKGp1Qxpump,10,2026-08-27T13:29:48.692953+00:00,AVAILABLE,637,204,2
fp1sig-bfbc2232a7628f0de0637a02,F7bkpLH1kgeBYGyjUFzvWdLrNLo6cBNcSUKGp1Qxpump,15,2026-08-27T13:29:53.692953+00:00,AVAILABLE,637,-624,4
fp1sig-bfbc2232a7628f0de0637a02,F7bkpLH1kgeBYGyjUFzvWdLrNLo6cBNcSUKGp1Qxpump,20,2026-08-27T13:29:58.692953+00:00,AVAILABLE,637,-624,4
fp1sig-bfbc2232a7628f0de0637a02,F7bkpLH1kgeBYGyjUFzvWdLrNLo6cBNcSUKGp1Qxpump,30,2026-08-27T13:30:08.692953+00:00,AVAILABLE,776,-624,7
fp1sig-bfbc2232a7628f0de0637a02,F7bkpLH1kgeBYGyjUFzvWdLrNLo6cBNcSUKGp1Qxpump,45,2026-08-27T13:30:23.692953+00:00,AVAILABLE,1187,-624,12
fp1sig-bfbc2232a7628f0de0637a02,F7bkpLH1kgeBYGyjUFzvWdLrNLo6cBNcSUKGp1Qxpump,60,2026-08-27T13:30:38.692953+00:00,AVAILABLE,1562,-624,15
fp1sig-bfbc2232a7628f0de0637a02,F7bkpLH1kgeBYGyjUFzvWdLrNLo6cBNcSUKGp1Qxpump,90,2026-08-27T13:31:08.692953+00:00,AVAILABLE,2298,-624,20
fp1sig-bfbc2232a7628f0de0637a02,F7bkpLH1kgeBYGyjUFzvWdLrNLo6cBNcSUKGp1Qxpump,120,2026-08-27T13:31:38.692953+00:00,AVAILABLE,2604,-624,25
fp1sig-bfbc2232a7628f0de0637a02,F7bkpLH1kgeBYGyjUFzvWdLrNLo6cBNcSUKGp1Qxpump,180,2026-08-27T13:32:38.692953+00:00,AVAILABLE,3554,-624,33
fp1sig-bfbc2232a7628f0de0637a02,F7bkpLH1kgeBYGyjUFzvWdLrNLo6cBNcSUKGp1Qxpump,300,2026-08-27T13:34:38.692953+00:00,AVAILABLE,3554,-4603,63
fp1sig-c021ed9859c49676e7bd7f57,HuwJPBTd2AFoUPF7hfMGSMAQA4fk4QiD4yQ47Eqpump,5,2026-08-28T05:14:47.735767+00:00,MISSING,,,0
fp1sig-c021ed9859c49676e7bd7f57,HuwJPBTd2AFoUPF7hfMGSMAQA4fk4QiD4yQ47Eqpump,10,2026-08-28T05:14:52.735767+00:00,MISSING,,,0
fp1sig-c021ed9859c49676e7bd7f57,HuwJPBTd2AFoUPF7hfMGSMAQA4fk4QiD4yQ47Eqpump,15,2026-08-28T05:14:57.735767+00:00,MISSING,,,0
fp1sig-c021ed9859c49676e7bd7f57,HuwJPBTd2AFoUPF7hfMGSMAQA4fk4QiD4yQ47Eqpump,20,2026-08-28T05:15:02.735767+00:00,AVAILABLE,179,179,1
fp1sig-c021ed9859c49676e7bd7f57,HuwJPBTd2AFoUPF7hfMGSMAQA4fk4QiD4yQ47Eqpump,30,2026-08-28T05:15:12.735767+00:00,AVAILABLE,364,179,3
fp1sig-c021ed9859c49676e7bd7f57,HuwJPBTd2AFoUPF7hfMGSMAQA4fk4QiD4yQ47Eqpump,45,2026-08-28T05:15:27.735767+00:00,AVAILABLE,587,-22,7
fp1sig-c021ed9859c49676e7bd7f57,HuwJPBTd2AFoUPF7hfMGSMAQA4fk4QiD4yQ47Eqpump,60,2026-08-28T05:15:42.735767+00:00,AVAILABLE,751,-22,10
fp1sig-c021ed9859c49676e7bd7f57,HuwJPBTd2AFoUPF7hfMGSMAQA4fk4QiD4yQ47Eqpump,90,2026-08-28T05:16:12.735767+00:00,AVAILABLE,877,-22,13
fp1sig-c021ed9859c49676e7bd7f57,HuwJPBTd2AFoUPF7hfMGSMAQA4fk4QiD4yQ47Eqpump,120,2026-08-28T05:16:42.735767+00:00,AVAILABLE,923,-22,15
fp1sig-c021ed9859c49676e7bd7f57,HuwJPBTd2AFoUPF7hfMGSMAQA4fk4QiD4yQ47Eqpump,180,2026-08-28T05:17:42.735767+00:00,AVAILABLE,1342,-22,20
fp1sig-c021ed9859c49676e7bd7f57,HuwJPBTd2AFoUPF7hfMGSMAQA4fk4QiD4yQ47Eqpump,300,2026-08-28T05:19:42.735767+00:00,AVAILABLE,1508,-22,38
fp1sig-c0632c21989571a47e56f3c8,5PhfN9BNhFG6fg2xFG3cFYPNcAPEtzcEdy7sESxrpump,5,2026-08-28T05:50:21.012490+00:00,AVAILABLE,341,134,3
fp1sig-c0632c21989571a47e56f3c8,5PhfN9BNhFG6fg2xFG3cFYPNcAPEtzcEdy7sESxrpump,10,2026-08-28T05:50:26.012490+00:00,AVAILABLE,855,134,9
fp1sig-c0632c21989571a47e56f3c8,5PhfN9BNhFG6fg2xFG3cFYPNcAPEtzcEdy7sESxrpump,15,2026-08-28T05:50:31.012490+00:00,AVAILABLE,2091,134,18
fp1sig-c0632c21989571a47e56f3c8,5PhfN9BNhFG6fg2xFG3cFYPNcAPEtzcEdy7sESxrpump,20,2026-08-28T05:50:36.012490+00:00,AVAILABLE,2091,134,20
fp1sig-c0632c21989571a47e56f3c8,5PhfN9BNhFG6fg2xFG3cFYPNcAPEtzcEdy7sESxrpump,30,2026-08-28T05:50:46.012490+00:00,AVAILABLE,2091,134,28
fp1sig-c0632c21989571a47e56f3c8,5PhfN9BNhFG6fg2xFG3cFYPNcAPEtzcEdy7sESxrpump,45,2026-08-28T05:51:01.012490+00:00,AVAILABLE,2091,-133,36
fp1sig-c0632c21989571a47e56f3c8,5PhfN9BNhFG6fg2xFG3cFYPNcAPEtzcEdy7sESxrpump,60,2026-08-28T05:51:16.012490+00:00,AVAILABLE,2091,-218,43
fp1sig-c0632c21989571a47e56f3c8,5PhfN9BNhFG6fg2xFG3cFYPNcAPEtzcEdy7sESxrpump,90,2026-08-28T05:51:46.012490+00:00,AVAILABLE,2091,-454,52
fp1sig-c0632c21989571a47e56f3c8,5PhfN9BNhFG6fg2xFG3cFYPNcAPEtzcEdy7sESxrpump,120,2026-08-28T05:52:16.012490+00:00,AVAILABLE,3238,-454,77
fp1sig-c0632c21989571a47e56f3c8,5PhfN9BNhFG6fg2xFG3cFYPNcAPEtzcEdy7sESxrpump,180,2026-08-28T05:53:16.012490+00:00,AVAILABLE,3238,-454,110
fp1sig-c0632c21989571a47e56f3c8,5PhfN9BNhFG6fg2xFG3cFYPNcAPEtzcEdy7sESxrpump,300,2026-08-28T05:55:16.012490+00:00,AVAILABLE,3238,-2038,157
fp1sig-c084dffa7b57a94c2a6eaa0e,3TGaanwE6VqXMaodwh3fuBy6tpW7yHTmJB9K33HNpump,5,2026-08-28T06:43:31.212433+00:00,AVAILABLE,8250,1883,8
fp1sig-c084dffa7b57a94c2a6eaa0e,3TGaanwE6VqXMaodwh3fuBy6tpW7yHTmJB9K33HNpump,10,2026-08-28T06:43:36.212433+00:00,AVAILABLE,8250,1883,10
fp1sig-c084dffa7b57a94c2a6eaa0e,3TGaanwE6VqXMaodwh3fuBy6tpW7yHTmJB9K33HNpump,15,2026-08-28T06:43:41.212433+00:00,AVAILABLE,8250,-2780,14
fp1sig-c084dffa7b57a94c2a6eaa0e,3TGaanwE6VqXMaodwh3fuBy6tpW7yHTmJB9K33HNpump,20,2026-08-28T06:43:46.212433+00:00,AVAILABLE,8250,-2780,17
fp1sig-c084dffa7b57a94c2a6eaa0e,3TGaanwE6VqXMaodwh3fuBy6tpW7yHTmJB9K33HNpump,30,2026-08-28T06:43:56.212433+00:00,AVAILABLE,8250,-7104,23
fp1sig-c084dffa7b57a94c2a6eaa0e,3TGaanwE6VqXMaodwh3fuBy6tpW7yHTmJB9K33HNpump,45,2026-08-28T06:44:11.212433+00:00,AVAILABLE,8250,-9480,37
fp1sig-c084dffa7b57a94c2a6eaa0e,3TGaanwE6VqXMaodwh3fuBy6tpW7yHTmJB9K33HNpump,60,2026-08-28T06:44:26.212433+00:00,AVAILABLE,8250,-9854,57
fp1sig-c084dffa7b57a94c2a6eaa0e,3TGaanwE6VqXMaodwh3fuBy6tpW7yHTmJB9K33HNpump,90,2026-08-28T06:44:56.212433+00:00,AVAILABLE,8250,-9892,77
fp1sig-c084dffa7b57a94c2a6eaa0e,3TGaanwE6VqXMaodwh3fuBy6tpW7yHTmJB9K33HNpump,120,2026-08-28T06:45:26.212433+00:00,AVAILABLE,8250,-9892,119
fp1sig-c084dffa7b57a94c2a6eaa0e,3TGaanwE6VqXMaodwh3fuBy6tpW7yHTmJB9K33HNpump,180,2026-08-28T06:46:26.212433+00:00,AVAILABLE,8250,-9892,159
fp1sig-c084dffa7b57a94c2a6eaa0e,3TGaanwE6VqXMaodwh3fuBy6tpW7yHTmJB9K33HNpump,300,2026-08-28T06:48:26.212433+00:00,AVAILABLE,8250,-9892,200
fp1sig-c26933e3dcdbb6cb4a440d47,4HFDXYx8PhBCed8znKaXiPmWwx2kNUsF8ZQ3wqQLpump,5,2026-08-28T01:14:52.924615+00:00,MISSING,,,0
fp1sig-c26933e3dcdbb6cb4a440d47,4HFDXYx8PhBCed8znKaXiPmWwx2kNUsF8ZQ3wqQLpump,10,2026-08-28T01:14:57.924615+00:00,MISSING,,,0
fp1sig-c26933e3dcdbb6cb4a440d47,4HFDXYx8PhBCed8znKaXiPmWwx2kNUsF8ZQ3wqQLpump,15,2026-08-28T01:15:02.924615+00:00,MISSING,,,0
fp1sig-c26933e3dcdbb6cb4a440d47,4HFDXYx8PhBCed8znKaXiPmWwx2kNUsF8ZQ3wqQLpump,20,2026-08-28T01:15:07.924615+00:00,MISSING,,,0
fp1sig-c26933e3dcdbb6cb4a440d47,4HFDXYx8PhBCed8znKaXiPmWwx2kNUsF8ZQ3wqQLpump,30,2026-08-28T01:15:17.924615+00:00,MISSING,,,0
fp1sig-c26933e3dcdbb6cb4a440d47,4HFDXYx8PhBCed8znKaXiPmWwx2kNUsF8ZQ3wqQLpump,45,2026-08-28T01:15:32.924615+00:00,MISSING,,,0
fp1sig-c26933e3dcdbb6cb4a440d47,4HFDXYx8PhBCed8znKaXiPmWwx2kNUsF8ZQ3wqQLpump,60,2026-08-28T01:15:47.924615+00:00,MISSING,,,0
fp1sig-c26933e3dcdbb6cb4a440d47,4HFDXYx8PhBCed8znKaXiPmWwx2kNUsF8ZQ3wqQLpump,90,2026-08-28T01:16:17.924615+00:00,AVAILABLE,-112,-112,1
fp1sig-c26933e3dcdbb6cb4a440d47,4HFDXYx8PhBCed8znKaXiPmWwx2kNUsF8ZQ3wqQLpump,120,2026-08-28T01:16:47.924615+00:00,AVAILABLE,-112,-112,1
fp1sig-c26933e3dcdbb6cb4a440d47,4HFDXYx8PhBCed8znKaXiPmWwx2kNUsF8ZQ3wqQLpump,180,2026-08-28T01:17:47.924615+00:00,AVAILABLE,289,-459,4
fp1sig-c26933e3dcdbb6cb4a440d47,4HFDXYx8PhBCed8znKaXiPmWwx2kNUsF8ZQ3wqQLpump,300,2026-08-28T01:19:47.924615+00:00,AVAILABLE,1320,-459,8
fp1sig-c2e78965ba7e2568ca4aa6fa,4fg7sJk8sisohjKYqvZDwRUhqAe4Y7Q9sfvmdWD5pump,5,2026-08-28T07:09:59.826386+00:00,AVAILABLE,-5311,-6584,4
fp1sig-c2e78965ba7e2568ca4aa6fa,4fg7sJk8sisohjKYqvZDwRUhqAe4Y7Q9sfvmdWD5pump,10,2026-08-28T07:10:04.826386+00:00,AVAILABLE,-5311,-8371,9
fp1sig-c2e78965ba7e2568ca4aa6fa,4fg7sJk8sisohjKYqvZDwRUhqAe4Y7Q9sfvmdWD5pump,15,2026-08-28T07:10:09.826386+00:00,AVAILABLE,-5311,-8410,19
fp1sig-c2e78965ba7e2568ca4aa6fa,4fg7sJk8sisohjKYqvZDwRUhqAe4Y7Q9sfvmdWD5pump,20,2026-08-28T07:10:14.826386+00:00,AVAILABLE,-5311,-8410,20
fp1sig-c2e78965ba7e2568ca4aa6fa,4fg7sJk8sisohjKYqvZDwRUhqAe4Y7Q9sfvmdWD5pump,30,2026-08-28T07:10:24.826386+00:00,AVAILABLE,-1338,-8410,28
fp1sig-c2e78965ba7e2568ca4aa6fa,4fg7sJk8sisohjKYqvZDwRUhqAe4Y7Q9sfvmdWD5pump,45,2026-08-28T07:10:39.826386+00:00,AVAILABLE,-1338,-8410,33
fp1sig-c2e78965ba7e2568ca4aa6fa,4fg7sJk8sisohjKYqvZDwRUhqAe4Y7Q9sfvmdWD5pump,60,2026-08-28T07:10:54.826386+00:00,AVAILABLE,-1338,-8410,36
fp1sig-c2e78965ba7e2568ca4aa6fa,4fg7sJk8sisohjKYqvZDwRUhqAe4Y7Q9sfvmdWD5pump,90,2026-08-28T07:11:24.826386+00:00,AVAILABLE,-1338,-8410,53
fp1sig-c2e78965ba7e2568ca4aa6fa,4fg7sJk8sisohjKYqvZDwRUhqAe4Y7Q9sfvmdWD5pump,120,2026-08-28T07:11:54.826386+00:00,AVAILABLE,-1338,-8755,83
fp1sig-c2e78965ba7e2568ca4aa6fa,4fg7sJk8sisohjKYqvZDwRUhqAe4Y7Q9sfvmdWD5pump,180,2026-08-28T07:12:54.826386+00:00,AVAILABLE,-1338,-8755,137
fp1sig-c2e78965ba7e2568ca4aa6fa,4fg7sJk8sisohjKYqvZDwRUhqAe4Y7Q9sfvmdWD5pump,300,2026-08-28T07:14:54.826386+00:00,AVAILABLE,83920,-8755,192
fp1sig-c3e03df5b7b757f9a7b16ef6,CFAGgYmNfLHAg9N9gU26zt1qjr5JSgK5Stt1VJLepump,5,2026-08-28T01:57:53.680441+00:00,AVAILABLE,348,136,4
fp1sig-c3e03df5b7b757f9a7b16ef6,CFAGgYmNfLHAg9N9gU26zt1qjr5JSgK5Stt1VJLepump,10,2026-08-28T01:57:58.680441+00:00,AVAILABLE,348,136,4
fp1sig-c3e03df5b7b757f9a7b16ef6,CFAGgYmNfLHAg9N9gU26zt1qjr5JSgK5Stt1VJLepump,15,2026-08-28T01:58:03.680441+00:00,AVAILABLE,348,-541,6
fp1sig-c3e03df5b7b757f9a7b16ef6,CFAGgYmNfLHAg9N9gU26zt1qjr5JSgK5Stt1VJLepump,20,2026-08-28T01:58:08.680441+00:00,AVAILABLE,348,-541,6
fp1sig-c3e03df5b7b757f9a7b16ef6,CFAGgYmNfLHAg9N9gU26zt1qjr5JSgK5Stt1VJLepump,30,2026-08-28T01:58:18.680441+00:00,AVAILABLE,529,-541,8
fp1sig-c3e03df5b7b757f9a7b16ef6,CFAGgYmNfLHAg9N9gU26zt1qjr5JSgK5Stt1VJLepump,45,2026-08-28T01:58:33.680441+00:00,AVAILABLE,803,-541,12
fp1sig-c3e03df5b7b757f9a7b16ef6,CFAGgYmNfLHAg9N9gU26zt1qjr5JSgK5Stt1VJLepump,60,2026-08-28T01:58:48.680441+00:00,AVAILABLE,1976,-541,15
fp1sig-c3e03df5b7b757f9a7b16ef6,CFAGgYmNfLHAg9N9gU26zt1qjr5JSgK5Stt1VJLepump,90,2026-08-28T01:59:18.680441+00:00,AVAILABLE,2923,-541,22
fp1sig-c3e03df5b7b757f9a7b16ef6,CFAGgYmNfLHAg9N9gU26zt1qjr5JSgK5Stt1VJLepump,120,2026-08-28T01:59:48.680441+00:00,AVAILABLE,2928,-541,29
fp1sig-c3e03df5b7b757f9a7b16ef6,CFAGgYmNfLHAg9N9gU26zt1qjr5JSgK5Stt1VJLepump,180,2026-08-28T02:00:48.680441+00:00,AVAILABLE,3403,-541,42
fp1sig-c3e03df5b7b757f9a7b16ef6,CFAGgYmNfLHAg9N9gU26zt1qjr5JSgK5Stt1VJLepump,300,2026-08-28T02:02:48.680441+00:00,AVAILABLE,3943,-804,76
fp1sig-c4c3b928fd1b9519ee8605a1,5An7sjcaoN1vfVEcKjKsAgauyWjTcr2M3jGGdpJ6pump,5,2026-08-27T20:15:00.872667+00:00,AVAILABLE,-194,-1165,3
fp1sig-c4c3b928fd1b9519ee8605a1,5An7sjcaoN1vfVEcKjKsAgauyWjTcr2M3jGGdpJ6pump,10,2026-08-27T20:15:05.872667+00:00,AVAILABLE,-194,-1906,5
fp1sig-c4c3b928fd1b9519ee8605a1,5An7sjcaoN1vfVEcKjKsAgauyWjTcr2M3jGGdpJ6pump,15,2026-08-27T20:15:10.872667+00:00,AVAILABLE,-194,-1932,6
fp1sig-c4c3b928fd1b9519ee8605a1,5An7sjcaoN1vfVEcKjKsAgauyWjTcr2M3jGGdpJ6pump,20,2026-08-27T20:15:15.872667+00:00,AVAILABLE,-194,-2021,8
fp1sig-c4c3b928fd1b9519ee8605a1,5An7sjcaoN1vfVEcKjKsAgauyWjTcr2M3jGGdpJ6pump,30,2026-08-27T20:15:25.872667+00:00,AVAILABLE,-194,-2247,10
fp1sig-c4c3b928fd1b9519ee8605a1,5An7sjcaoN1vfVEcKjKsAgauyWjTcr2M3jGGdpJ6pump,45,2026-08-27T20:15:40.872667+00:00,AVAILABLE,-194,-2247,10
fp1sig-c4c3b928fd1b9519ee8605a1,5An7sjcaoN1vfVEcKjKsAgauyWjTcr2M3jGGdpJ6pump,60,2026-08-27T20:15:55.872667+00:00,AVAILABLE,-194,-2247,10
fp1sig-c4c3b928fd1b9519ee8605a1,5An7sjcaoN1vfVEcKjKsAgauyWjTcr2M3jGGdpJ6pump,90,2026-08-27T20:16:25.872667+00:00,AVAILABLE,-194,-2247,12
fp1sig-c4c3b928fd1b9519ee8605a1,5An7sjcaoN1vfVEcKjKsAgauyWjTcr2M3jGGdpJ6pump,120,2026-08-27T20:16:55.872667+00:00,AVAILABLE,-194,-2247,12
fp1sig-c4c3b928fd1b9519ee8605a1,5An7sjcaoN1vfVEcKjKsAgauyWjTcr2M3jGGdpJ6pump,180,2026-08-27T20:17:55.872667+00:00,AVAILABLE,-194,-2393,15
fp1sig-c4c3b928fd1b9519ee8605a1,5An7sjcaoN1vfVEcKjKsAgauyWjTcr2M3jGGdpJ6pump,300,2026-08-27T20:19:55.872667+00:00,AVAILABLE,-194,-2405,16
fp1sig-c4f41f33d7b05e942a8f387c,26k9rEajkfHmBcaKdoQGFmWkJ94bShbGHzKVgxetpump,5,2026-08-28T07:05:32.715509+00:00,AVAILABLE,2,-1433,9
fp1sig-c4f41f33d7b05e942a8f387c,26k9rEajkfHmBcaKdoQGFmWkJ94bShbGHzKVgxetpump,10,2026-08-28T07:05:37.715509+00:00,AVAILABLE,2334,-1433,19
fp1sig-c4f41f33d7b05e942a8f387c,26k9rEajkfHmBcaKdoQGFmWkJ94bShbGHzKVgxetpump,15,2026-08-28T07:05:42.715509+00:00,AVAILABLE,5386,-1433,29
fp1sig-c4f41f33d7b05e942a8f387c,26k9rEajkfHmBcaKdoQGFmWkJ94bShbGHzKVgxetpump,20,2026-08-28T07:05:47.715509+00:00,AVAILABLE,5386,-1433,37
fp1sig-c4f41f33d7b05e942a8f387c,26k9rEajkfHmBcaKdoQGFmWkJ94bShbGHzKVgxetpump,30,2026-08-28T07:05:57.715509+00:00,AVAILABLE,5617,-1433,44
fp1sig-c4f41f33d7b05e942a8f387c,26k9rEajkfHmBcaKdoQGFmWkJ94bShbGHzKVgxetpump,45,2026-08-28T07:06:12.715509+00:00,AVAILABLE,7250,-1433,51
fp1sig-c4f41f33d7b05e942a8f387c,26k9rEajkfHmBcaKdoQGFmWkJ94bShbGHzKVgxetpump,60,2026-08-28T07:06:27.715509+00:00,AVAILABLE,7250,-1433,57
fp1sig-c4f41f33d7b05e942a8f387c,26k9rEajkfHmBcaKdoQGFmWkJ94bShbGHzKVgxetpump,90,2026-08-28T07:06:57.715509+00:00,AVAILABLE,7291,-1433,74
fp1sig-c4f41f33d7b05e942a8f387c,26k9rEajkfHmBcaKdoQGFmWkJ94bShbGHzKVgxetpump,120,2026-08-28T07:07:27.715509+00:00,AVAILABLE,7291,-1433,107
fp1sig-c4f41f33d7b05e942a8f387c,26k9rEajkfHmBcaKdoQGFmWkJ94bShbGHzKVgxetpump,180,2026-08-28T07:08:27.715509+00:00,AVAILABLE,7291,-1998,153
fp1sig-c4f41f33d7b05e942a8f387c,26k9rEajkfHmBcaKdoQGFmWkJ94bShbGHzKVgxetpump,300,2026-08-28T07:10:27.715509+00:00,AVAILABLE,7291,-1998,184
fp1sig-c4f9fdbd097cd462a76e3901,4CzNYnFKgA8dTZgNBTrMAXXvYpDe26372qwJfYkvpump,5,2026-08-28T03:35:39.806075+00:00,AVAILABLE,669,585,2
fp1sig-c4f9fdbd097cd462a76e3901,4CzNYnFKgA8dTZgNBTrMAXXvYpDe26372qwJfYkvpump,10,2026-08-28T03:35:44.806075+00:00,AVAILABLE,669,585,2
fp1sig-c4f9fdbd097cd462a76e3901,4CzNYnFKgA8dTZgNBTrMAXXvYpDe26372qwJfYkvpump,15,2026-08-28T03:35:49.806075+00:00,AVAILABLE,669,-698,3
fp1sig-c4f9fdbd097cd462a76e3901,4CzNYnFKgA8dTZgNBTrMAXXvYpDe26372qwJfYkvpump,20,2026-08-28T03:35:54.806075+00:00,AVAILABLE,669,-698,5
fp1sig-c4f9fdbd097cd462a76e3901,4CzNYnFKgA8dTZgNBTrMAXXvYpDe26372qwJfYkvpump,30,2026-08-28T03:36:04.806075+00:00,AVAILABLE,669,-698,7
fp1sig-c4f9fdbd097cd462a76e3901,4CzNYnFKgA8dTZgNBTrMAXXvYpDe26372qwJfYkvpump,45,2026-08-28T03:36:19.806075+00:00,AVAILABLE,669,-698,7
fp1sig-c4f9fdbd097cd462a76e3901,4CzNYnFKgA8dTZgNBTrMAXXvYpDe26372qwJfYkvpump,60,2026-08-28T03:36:34.806075+00:00,AVAILABLE,669,-698,8
fp1sig-c4f9fdbd097cd462a76e3901,4CzNYnFKgA8dTZgNBTrMAXXvYpDe26372qwJfYkvpump,90,2026-08-28T03:37:04.806075+00:00,AVAILABLE,669,-4127,19
fp1sig-c4f9fdbd097cd462a76e3901,4CzNYnFKgA8dTZgNBTrMAXXvYpDe26372qwJfYkvpump,120,2026-08-28T03:37:34.806075+00:00,AVAILABLE,669,-4127,22
fp1sig-c4f9fdbd097cd462a76e3901,4CzNYnFKgA8dTZgNBTrMAXXvYpDe26372qwJfYkvpump,180,2026-08-28T03:38:34.806075+00:00,AVAILABLE,669,-4127,25
fp1sig-c4f9fdbd097cd462a76e3901,4CzNYnFKgA8dTZgNBTrMAXXvYpDe26372qwJfYkvpump,300,2026-08-28T03:40:34.806075+00:00,AVAILABLE,669,-4127,25
fp1sig-c5270c31b3c5f84e454219ce,A5nnod2nW9pLCJ8J4Dg23dMSTU1oFN7rckfFzNFnpump,5,2026-08-28T09:45:29.675789+00:00,AVAILABLE,142,-89,2
fp1sig-c5270c31b3c5f84e454219ce,A5nnod2nW9pLCJ8J4Dg23dMSTU1oFN7rckfFzNFnpump,10,2026-08-28T09:45:34.675789+00:00,AVAILABLE,142,-536,4
fp1sig-c5270c31b3c5f84e454219ce,A5nnod2nW9pLCJ8J4Dg23dMSTU1oFN7rckfFzNFnpump,15,2026-08-28T09:45:39.675789+00:00,AVAILABLE,142,-536,5
fp1sig-c5270c31b3c5f84e454219ce,A5nnod2nW9pLCJ8J4Dg23dMSTU1oFN7rckfFzNFnpump,20,2026-08-28T09:45:44.675789+00:00,AVAILABLE,142,-536,5
fp1sig-c5270c31b3c5f84e454219ce,A5nnod2nW9pLCJ8J4Dg23dMSTU1oFN7rckfFzNFnpump,30,2026-08-28T09:45:54.675789+00:00,AVAILABLE,142,-536,5
fp1sig-c5270c31b3c5f84e454219ce,A5nnod2nW9pLCJ8J4Dg23dMSTU1oFN7rckfFzNFnpump,45,2026-08-28T09:46:09.675789+00:00,AVAILABLE,142,-536,5
fp1sig-c5270c31b3c5f84e454219ce,A5nnod2nW9pLCJ8J4Dg23dMSTU1oFN7rckfFzNFnpump,60,2026-08-28T09:46:24.675789+00:00,AVAILABLE,142,-1713,8
fp1sig-c5270c31b3c5f84e454219ce,A5nnod2nW9pLCJ8J4Dg23dMSTU1oFN7rckfFzNFnpump,90,2026-08-28T09:46:54.675789+00:00,AVAILABLE,142,-1713,8
fp1sig-c5270c31b3c5f84e454219ce,A5nnod2nW9pLCJ8J4Dg23dMSTU1oFN7rckfFzNFnpump,120,2026-08-28T09:47:24.675789+00:00,AVAILABLE,142,-2219,11
fp1sig-c5270c31b3c5f84e454219ce,A5nnod2nW9pLCJ8J4Dg23dMSTU1oFN7rckfFzNFnpump,180,2026-08-28T09:48:24.675789+00:00,AVAILABLE,142,-2219,11
fp1sig-c5270c31b3c5f84e454219ce,A5nnod2nW9pLCJ8J4Dg23dMSTU1oFN7rckfFzNFnpump,300,2026-08-28T09:50:24.675789+00:00,AVAILABLE,142,-2420,18
fp1sig-c58c2efb8a052f1c7f84da2d,3jHZq8J2C5sHih1stpSaMShjwYg1wHLWErtKkes1pump,5,2026-08-27T15:34:25.486169+00:00,AVAILABLE,5053,2129,11
fp1sig-c58c2efb8a052f1c7f84da2d,3jHZq8J2C5sHih1stpSaMShjwYg1wHLWErtKkes1pump,10,2026-08-27T15:34:30.486169+00:00,AVAILABLE,5053,2129,11
fp1sig-c58c2efb8a052f1c7f84da2d,3jHZq8J2C5sHih1stpSaMShjwYg1wHLWErtKkes1pump,15,2026-08-27T15:34:35.486169+00:00,AVAILABLE,5053,2129,12
fp1sig-c58c2efb8a052f1c7f84da2d,3jHZq8J2C5sHih1stpSaMShjwYg1wHLWErtKkes1pump,20,2026-08-27T15:34:40.486169+00:00,AVAILABLE,7438,2129,25
fp1sig-c58c2efb8a052f1c7f84da2d,3jHZq8J2C5sHih1stpSaMShjwYg1wHLWErtKkes1pump,30,2026-08-27T15:34:50.486169+00:00,AVAILABLE,7438,1725,35
fp1sig-c58c2efb8a052f1c7f84da2d,3jHZq8J2C5sHih1stpSaMShjwYg1wHLWErtKkes1pump,45,2026-08-27T15:35:05.486169+00:00,AVAILABLE,7438,1001,43
fp1sig-c58c2efb8a052f1c7f84da2d,3jHZq8J2C5sHih1stpSaMShjwYg1wHLWErtKkes1pump,60,2026-08-27T15:35:20.486169+00:00,AVAILABLE,7438,931,47
fp1sig-c58c2efb8a052f1c7f84da2d,3jHZq8J2C5sHih1stpSaMShjwYg1wHLWErtKkes1pump,90,2026-08-27T15:35:50.486169+00:00,AVAILABLE,7438,28,61
fp1sig-c58c2efb8a052f1c7f84da2d,3jHZq8J2C5sHih1stpSaMShjwYg1wHLWErtKkes1pump,120,2026-08-27T15:36:20.486169+00:00,AVAILABLE,7438,-2011,70
fp1sig-c58c2efb8a052f1c7f84da2d,3jHZq8J2C5sHih1stpSaMShjwYg1wHLWErtKkes1pump,180,2026-08-27T15:37:20.486169+00:00,AVAILABLE,7438,-2011,70
fp1sig-c58c2efb8a052f1c7f84da2d,3jHZq8J2C5sHih1stpSaMShjwYg1wHLWErtKkes1pump,300,2026-08-27T15:39:20.486169+00:00,AVAILABLE,7438,-7738,73
fp1sig-c5ef5209a8eea86873426c21,EVWNZY8HtsVpjdkhUUN3drX6EGYtC7LbZTWKGetqpump,5,2026-08-28T01:38:00.454727+00:00,AVAILABLE,2518,2216,2
fp1sig-c5ef5209a8eea86873426c21,EVWNZY8HtsVpjdkhUUN3drX6EGYtC7LbZTWKGetqpump,10,2026-08-28T01:38:05.454727+00:00,AVAILABLE,6150,2216,3
fp1sig-c5ef5209a8eea86873426c21,EVWNZY8HtsVpjdkhUUN3drX6EGYtC7LbZTWKGetqpump,15,2026-08-28T01:38:10.454727+00:00,AVAILABLE,6150,2216,7
fp1sig-c5ef5209a8eea86873426c21,EVWNZY8HtsVpjdkhUUN3drX6EGYtC7LbZTWKGetqpump,20,2026-08-28T01:38:15.454727+00:00,AVAILABLE,6150,2216,8
fp1sig-c5ef5209a8eea86873426c21,EVWNZY8HtsVpjdkhUUN3drX6EGYtC7LbZTWKGetqpump,30,2026-08-28T01:38:25.454727+00:00,AVAILABLE,6150,-2297,10
fp1sig-c5ef5209a8eea86873426c21,EVWNZY8HtsVpjdkhUUN3drX6EGYtC7LbZTWKGetqpump,45,2026-08-28T01:38:40.454727+00:00,AVAILABLE,6150,-2297,10
fp1sig-c5ef5209a8eea86873426c21,EVWNZY8HtsVpjdkhUUN3drX6EGYtC7LbZTWKGetqpump,60,2026-08-28T01:38:55.454727+00:00,AVAILABLE,6150,-2297,12
fp1sig-c5ef5209a8eea86873426c21,EVWNZY8HtsVpjdkhUUN3drX6EGYtC7LbZTWKGetqpump,90,2026-08-28T01:39:25.454727+00:00,AVAILABLE,6150,-2297,18
fp1sig-c5ef5209a8eea86873426c21,EVWNZY8HtsVpjdkhUUN3drX6EGYtC7LbZTWKGetqpump,120,2026-08-28T01:39:55.454727+00:00,AVAILABLE,6150,-2297,22
fp1sig-c5ef5209a8eea86873426c21,EVWNZY8HtsVpjdkhUUN3drX6EGYtC7LbZTWKGetqpump,180,2026-08-28T01:40:55.454727+00:00,AVAILABLE,7361,-2297,32
fp1sig-c5ef5209a8eea86873426c21,EVWNZY8HtsVpjdkhUUN3drX6EGYtC7LbZTWKGetqpump,300,2026-08-28T01:42:55.454727+00:00,AVAILABLE,15380,-2297,66
fp1sig-c5facfc2fa791ffb444840bd,2BG9oRr8U75LxD27aNkQ2mcQFeVnmnGHVdWQDZ2npump,5,2026-08-27T22:25:15.893411+00:00,AVAILABLE,165,165,1
fp1sig-c5facfc2fa791ffb444840bd,2BG9oRr8U75LxD27aNkQ2mcQFeVnmnGHVdWQDZ2npump,10,2026-08-27T22:25:20.893411+00:00,AVAILABLE,165,165,1
fp1sig-c5facfc2fa791ffb444840bd,2BG9oRr8U75LxD27aNkQ2mcQFeVnmnGHVdWQDZ2npump,15,2026-08-27T22:25:25.893411+00:00,AVAILABLE,165,-4255,4
fp1sig-c5facfc2fa791ffb444840bd,2BG9oRr8U75LxD27aNkQ2mcQFeVnmnGHVdWQDZ2npump,20,2026-08-27T22:25:30.893411+00:00,AVAILABLE,165,-4255,4
fp1sig-c5facfc2fa791ffb444840bd,2BG9oRr8U75LxD27aNkQ2mcQFeVnmnGHVdWQDZ2npump,30,2026-08-27T22:25:40.893411+00:00,AVAILABLE,165,-4255,7
fp1sig-c5facfc2fa791ffb444840bd,2BG9oRr8U75LxD27aNkQ2mcQFeVnmnGHVdWQDZ2npump,45,2026-08-27T22:25:55.893411+00:00,AVAILABLE,165,-6063,11
fp1sig-c5facfc2fa791ffb444840bd,2BG9oRr8U75LxD27aNkQ2mcQFeVnmnGHVdWQDZ2npump,60,2026-08-27T22:26:10.893411+00:00,AVAILABLE,165,-6985,16
fp1sig-c5facfc2fa791ffb444840bd,2BG9oRr8U75LxD27aNkQ2mcQFeVnmnGHVdWQDZ2npump,90,2026-08-27T22:26:40.893411+00:00,AVAILABLE,165,-7818,21
fp1sig-c5facfc2fa791ffb444840bd,2BG9oRr8U75LxD27aNkQ2mcQFeVnmnGHVdWQDZ2npump,120,2026-08-27T22:27:10.893411+00:00,AVAILABLE,165,-7818,25
fp1sig-c5facfc2fa791ffb444840bd,2BG9oRr8U75LxD27aNkQ2mcQFeVnmnGHVdWQDZ2npump,180,2026-08-27T22:28:10.893411+00:00,AVAILABLE,165,-7818,33
fp1sig-c5facfc2fa791ffb444840bd,2BG9oRr8U75LxD27aNkQ2mcQFeVnmnGHVdWQDZ2npump,300,2026-08-27T22:30:10.893411+00:00,AVAILABLE,165,-8919,46
fp1sig-c6032cc9830f9ddf55d88177,A7snkhg8HR1tJfzkwMxKGCPUs6wuPvbuV2n4JEtKpump,5,2026-08-27T18:42:54.542311+00:00,AVAILABLE,470,183,3
fp1sig-c6032cc9830f9ddf55d88177,A7snkhg8HR1tJfzkwMxKGCPUs6wuPvbuV2n4JEtKpump,10,2026-08-27T18:42:59.542311+00:00,AVAILABLE,524,-212,9
fp1sig-c6032cc9830f9ddf55d88177,A7snkhg8HR1tJfzkwMxKGCPUs6wuPvbuV2n4JEtKpump,15,2026-08-27T18:43:04.542311+00:00,AVAILABLE,524,-212,9
fp1sig-c6032cc9830f9ddf55d88177,A7snkhg8HR1tJfzkwMxKGCPUs6wuPvbuV2n4JEtKpump,20,2026-08-27T18:43:09.542311+00:00,AVAILABLE,524,-212,11
fp1sig-c6032cc9830f9ddf55d88177,A7snkhg8HR1tJfzkwMxKGCPUs6wuPvbuV2n4JEtKpump,30,2026-08-27T18:43:19.542311+00:00,AVAILABLE,1175,-6307,25
fp1sig-c6032cc9830f9ddf55d88177,A7snkhg8HR1tJfzkwMxKGCPUs6wuPvbuV2n4JEtKpump,45,2026-08-27T18:43:34.542311+00:00,AVAILABLE,1175,-6307,28
fp1sig-c6032cc9830f9ddf55d88177,A7snkhg8HR1tJfzkwMxKGCPUs6wuPvbuV2n4JEtKpump,60,2026-08-27T18:43:49.542311+00:00,AVAILABLE,1175,-6482,33
fp1sig-c6032cc9830f9ddf55d88177,A7snkhg8HR1tJfzkwMxKGCPUs6wuPvbuV2n4JEtKpump,90,2026-08-27T18:44:19.542311+00:00,AVAILABLE,1175,-6491,34
fp1sig-c6032cc9830f9ddf55d88177,A7snkhg8HR1tJfzkwMxKGCPUs6wuPvbuV2n4JEtKpump,120,2026-08-27T18:44:49.542311+00:00,AVAILABLE,1175,-6642,36
fp1sig-c6032cc9830f9ddf55d88177,A7snkhg8HR1tJfzkwMxKGCPUs6wuPvbuV2n4JEtKpump,180,2026-08-27T18:45:49.542311+00:00,AVAILABLE,1175,-6642,38
fp1sig-c6032cc9830f9ddf55d88177,A7snkhg8HR1tJfzkwMxKGCPUs6wuPvbuV2n4JEtKpump,300,2026-08-27T18:47:49.542311+00:00,AVAILABLE,1175,-6642,38
fp1sig-c67373ba873e32e99707d89e,GdLJMG47ENiyoE9UAabJoBECaKzJprfqQTPzWW7apump,5,2026-08-28T01:27:54.298168+00:00,AVAILABLE,1954,1094,9
fp1sig-c67373ba873e32e99707d89e,GdLJMG47ENiyoE9UAabJoBECaKzJprfqQTPzWW7apump,10,2026-08-28T01:27:59.298168+00:00,AVAILABLE,2357,1011,16
fp1sig-c67373ba873e32e99707d89e,GdLJMG47ENiyoE9UAabJoBECaKzJprfqQTPzWW7apump,15,2026-08-28T01:28:04.298168+00:00,AVAILABLE,2357,1011,17
fp1sig-c67373ba873e32e99707d89e,GdLJMG47ENiyoE9UAabJoBECaKzJprfqQTPzWW7apump,20,2026-08-28T01:28:09.298168+00:00,AVAILABLE,2357,135,23
fp1sig-c67373ba873e32e99707d89e,GdLJMG47ENiyoE9UAabJoBECaKzJprfqQTPzWW7apump,30,2026-08-28T01:28:19.298168+00:00,AVAILABLE,2357,135,25
fp1sig-c67373ba873e32e99707d89e,GdLJMG47ENiyoE9UAabJoBECaKzJprfqQTPzWW7apump,45,2026-08-28T01:28:34.298168+00:00,AVAILABLE,2357,-1515,38
fp1sig-c67373ba873e32e99707d89e,GdLJMG47ENiyoE9UAabJoBECaKzJprfqQTPzWW7apump,60,2026-08-28T01:28:49.298168+00:00,AVAILABLE,2357,-1515,59
fp1sig-c67373ba873e32e99707d89e,GdLJMG47ENiyoE9UAabJoBECaKzJprfqQTPzWW7apump,90,2026-08-28T01:29:19.298168+00:00,AVAILABLE,5773,-1515,97
fp1sig-c67373ba873e32e99707d89e,GdLJMG47ENiyoE9UAabJoBECaKzJprfqQTPzWW7apump,120,2026-08-28T01:29:49.298168+00:00,AVAILABLE,10316,-1515,133
fp1sig-c67373ba873e32e99707d89e,GdLJMG47ENiyoE9UAabJoBECaKzJprfqQTPzWW7apump,180,2026-08-28T01:30:49.298168+00:00,AVAILABLE,14645,-1515,226
fp1sig-c67373ba873e32e99707d89e,GdLJMG47ENiyoE9UAabJoBECaKzJprfqQTPzWW7apump,300,2026-08-28T01:32:49.298168+00:00,AVAILABLE,14947,-1515,383
fp1sig-c70dac1e1dcb7e02c971c22b,EzF4VSgno1ML9zGDT8XSfp6nZh7hRxAtzNf23ZnDpump,5,2026-08-28T11:35:56.859720+00:00,AVAILABLE,0,0,1
fp1sig-c70dac1e1dcb7e02c971c22b,EzF4VSgno1ML9zGDT8XSfp6nZh7hRxAtzNf23ZnDpump,10,2026-08-28T11:36:01.859720+00:00,AVAILABLE,0,0,1
fp1sig-c70dac1e1dcb7e02c971c22b,EzF4VSgno1ML9zGDT8XSfp6nZh7hRxAtzNf23ZnDpump,15,2026-08-28T11:36:06.859720+00:00,AVAILABLE,0,0,1
fp1sig-c70dac1e1dcb7e02c971c22b,EzF4VSgno1ML9zGDT8XSfp6nZh7hRxAtzNf23ZnDpump,20,2026-08-28T11:36:11.859720+00:00,AVAILABLE,0,0,1
fp1sig-c70dac1e1dcb7e02c971c22b,EzF4VSgno1ML9zGDT8XSfp6nZh7hRxAtzNf23ZnDpump,30,2026-08-28T11:36:21.859720+00:00,AVAILABLE,0,0,1
fp1sig-c70dac1e1dcb7e02c971c22b,EzF4VSgno1ML9zGDT8XSfp6nZh7hRxAtzNf23ZnDpump,45,2026-08-28T11:36:36.859720+00:00,AVAILABLE,0,0,1
fp1sig-c70dac1e1dcb7e02c971c22b,EzF4VSgno1ML9zGDT8XSfp6nZh7hRxAtzNf23ZnDpump,60,2026-08-28T11:36:51.859720+00:00,AVAILABLE,0,0,1
fp1sig-c70dac1e1dcb7e02c971c22b,EzF4VSgno1ML9zGDT8XSfp6nZh7hRxAtzNf23ZnDpump,90,2026-08-28T11:37:21.859720+00:00,AVAILABLE,0,-26,2
fp1sig-c70dac1e1dcb7e02c971c22b,EzF4VSgno1ML9zGDT8XSfp6nZh7hRxAtzNf23ZnDpump,120,2026-08-28T11:37:51.859720+00:00,AVAILABLE,0,-26,3
fp1sig-c70dac1e1dcb7e02c971c22b,EzF4VSgno1ML9zGDT8XSfp6nZh7hRxAtzNf23ZnDpump,180,2026-08-28T11:38:51.859720+00:00,AVAILABLE,3598,-26,10
fp1sig-c70dac1e1dcb7e02c971c22b,EzF4VSgno1ML9zGDT8XSfp6nZh7hRxAtzNf23ZnDpump,300,2026-08-28T11:40:51.859720+00:00,AVAILABLE,5927,-26,20
fp1sig-c7a8b698b42b07595eb9a07d,38zqX5BquJoMFgYd5YVxjMi6kDJTWitcdTmXR8Lppump,5,2026-08-28T00:03:37.024602+00:00,AVAILABLE,1152,680,3
fp1sig-c7a8b698b42b07595eb9a07d,38zqX5BquJoMFgYd5YVxjMi6kDJTWitcdTmXR8Lppump,10,2026-08-28T00:03:42.024602+00:00,AVAILABLE,1246,680,5
fp1sig-c7a8b698b42b07595eb9a07d,38zqX5BquJoMFgYd5YVxjMi6kDJTWitcdTmXR8Lppump,15,2026-08-28T00:03:47.024602+00:00,AVAILABLE,1246,-802,9
fp1sig-c7a8b698b42b07595eb9a07d,38zqX5BquJoMFgYd5YVxjMi6kDJTWitcdTmXR8Lppump,20,2026-08-28T00:03:52.024602+00:00,AVAILABLE,1246,-802,11
fp1sig-c7a8b698b42b07595eb9a07d,38zqX5BquJoMFgYd5YVxjMi6kDJTWitcdTmXR8Lppump,30,2026-08-28T00:04:02.024602+00:00,AVAILABLE,1246,-802,20
fp1sig-c7a8b698b42b07595eb9a07d,38zqX5BquJoMFgYd5YVxjMi6kDJTWitcdTmXR8Lppump,45,2026-08-28T00:04:17.024602+00:00,AVAILABLE,1246,-802,32
fp1sig-c7a8b698b42b07595eb9a07d,38zqX5BquJoMFgYd5YVxjMi6kDJTWitcdTmXR8Lppump,60,2026-08-28T00:04:32.024602+00:00,AVAILABLE,1246,-802,42
fp1sig-c7a8b698b42b07595eb9a07d,38zqX5BquJoMFgYd5YVxjMi6kDJTWitcdTmXR8Lppump,90,2026-08-28T00:05:02.024602+00:00,AVAILABLE,1246,-1196,64
fp1sig-c7a8b698b42b07595eb9a07d,38zqX5BquJoMFgYd5YVxjMi6kDJTWitcdTmXR8Lppump,120,2026-08-28T00:05:32.024602+00:00,AVAILABLE,1246,-1196,73
fp1sig-c7a8b698b42b07595eb9a07d,38zqX5BquJoMFgYd5YVxjMi6kDJTWitcdTmXR8Lppump,180,2026-08-28T00:06:32.024602+00:00,AVAILABLE,1246,-1620,91
fp1sig-c7a8b698b42b07595eb9a07d,38zqX5BquJoMFgYd5YVxjMi6kDJTWitcdTmXR8Lppump,300,2026-08-28T00:08:32.024602+00:00,AVAILABLE,1246,-1620,127
fp1sig-c7c63a7afd6d3c8f86482724,7SMwMAHDxEt9Ev7bezdW9tRbHG6MAN9rM59FxoPDpump,5,2026-08-28T02:50:49.020886+00:00,AVAILABLE,-190,-190,1
fp1sig-c7c63a7afd6d3c8f86482724,7SMwMAHDxEt9Ev7bezdW9tRbHG6MAN9rM59FxoPDpump,10,2026-08-28T02:50:54.020886+00:00,AVAILABLE,1563,-190,4
fp1sig-c7c63a7afd6d3c8f86482724,7SMwMAHDxEt9Ev7bezdW9tRbHG6MAN9rM59FxoPDpump,15,2026-08-28T02:50:59.020886+00:00,AVAILABLE,1563,-190,4
fp1sig-c7c63a7afd6d3c8f86482724,7SMwMAHDxEt9Ev7bezdW9tRbHG6MAN9rM59FxoPDpump,20,2026-08-28T02:51:04.020886+00:00,AVAILABLE,1563,-190,4
fp1sig-c7c63a7afd6d3c8f86482724,7SMwMAHDxEt9Ev7bezdW9tRbHG6MAN9rM59FxoPDpump,30,2026-08-28T02:51:14.020886+00:00,AVAILABLE,1614,-190,5
fp1sig-c7c63a7afd6d3c8f86482724,7SMwMAHDxEt9Ev7bezdW9tRbHG6MAN9rM59FxoPDpump,45,2026-08-28T02:51:29.020886+00:00,AVAILABLE,2120,-190,7
fp1sig-c7c63a7afd6d3c8f86482724,7SMwMAHDxEt9Ev7bezdW9tRbHG6MAN9rM59FxoPDpump,60,2026-08-28T02:51:44.020886+00:00,AVAILABLE,2120,-190,10
fp1sig-c7c63a7afd6d3c8f86482724,7SMwMAHDxEt9Ev7bezdW9tRbHG6MAN9rM59FxoPDpump,90,2026-08-28T02:52:14.020886+00:00,AVAILABLE,2120,-190,13
fp1sig-c7c63a7afd6d3c8f86482724,7SMwMAHDxEt9Ev7bezdW9tRbHG6MAN9rM59FxoPDpump,120,2026-08-28T02:52:44.020886+00:00,AVAILABLE,2166,-190,21
fp1sig-c7c63a7afd6d3c8f86482724,7SMwMAHDxEt9Ev7bezdW9tRbHG6MAN9rM59FxoPDpump,180,2026-08-28T02:53:44.020886+00:00,AVAILABLE,2166,-190,30
fp1sig-c7c63a7afd6d3c8f86482724,7SMwMAHDxEt9Ev7bezdW9tRbHG6MAN9rM59FxoPDpump,300,2026-08-28T02:55:44.020886+00:00,AVAILABLE,2166,-607,39
fp1sig-c82cbf3f59f2d54bd456c57f,FaHqgxigM8bPvPoDM5gzatkYadsA76EWdz7EondAWNgy,5,2026-08-27T14:59:17.730769+00:00,AVAILABLE,1453,785,3
fp1sig-c82cbf3f59f2d54bd456c57f,FaHqgxigM8bPvPoDM5gzatkYadsA76EWdz7EondAWNgy,10,2026-08-27T14:59:22.730769+00:00,AVAILABLE,1453,-857,7
fp1sig-c82cbf3f59f2d54bd456c57f,FaHqgxigM8bPvPoDM5gzatkYadsA76EWdz7EondAWNgy,15,2026-08-27T14:59:27.730769+00:00,AVAILABLE,1453,-1842,9
fp1sig-c82cbf3f59f2d54bd456c57f,FaHqgxigM8bPvPoDM5gzatkYadsA76EWdz7EondAWNgy,20,2026-08-27T14:59:32.730769+00:00,AVAILABLE,1453,-1842,9
fp1sig-c82cbf3f59f2d54bd456c57f,FaHqgxigM8bPvPoDM5gzatkYadsA76EWdz7EondAWNgy,30,2026-08-27T14:59:42.730769+00:00,AVAILABLE,1453,-1842,16
fp1sig-c82cbf3f59f2d54bd456c57f,FaHqgxigM8bPvPoDM5gzatkYadsA76EWdz7EondAWNgy,45,2026-08-27T14:59:57.730769+00:00,AVAILABLE,1453,-1842,29
fp1sig-c82cbf3f59f2d54bd456c57f,FaHqgxigM8bPvPoDM5gzatkYadsA76EWdz7EondAWNgy,60,2026-08-27T15:00:12.730769+00:00,AVAILABLE,1453,-1842,34
fp1sig-c82cbf3f59f2d54bd456c57f,FaHqgxigM8bPvPoDM5gzatkYadsA76EWdz7EondAWNgy,90,2026-08-27T15:00:42.730769+00:00,AVAILABLE,1453,-1842,37
fp1sig-c82cbf3f59f2d54bd456c57f,FaHqgxigM8bPvPoDM5gzatkYadsA76EWdz7EondAWNgy,120,2026-08-27T15:01:12.730769+00:00,AVAILABLE,1453,-1842,37
fp1sig-c82cbf3f59f2d54bd456c57f,FaHqgxigM8bPvPoDM5gzatkYadsA76EWdz7EondAWNgy,180,2026-08-27T15:02:12.730769+00:00,AVAILABLE,1453,-1842,41
fp1sig-c82cbf3f59f2d54bd456c57f,FaHqgxigM8bPvPoDM5gzatkYadsA76EWdz7EondAWNgy,300,2026-08-27T15:04:12.730769+00:00,AVAILABLE,1453,-1842,42
fp1sig-c85b86917258d04c5fff19d1,2Qe1XBt3qsrfinEMiZrjhrB6x8wGkV9aX41FvKZKpump,5,2026-08-28T02:58:40.112159+00:00,MISSING,,,0
fp1sig-c85b86917258d04c5fff19d1,2Qe1XBt3qsrfinEMiZrjhrB6x8wGkV9aX41FvKZKpump,10,2026-08-28T02:58:45.112159+00:00,AVAILABLE,-3183,-3183,1
fp1sig-c85b86917258d04c5fff19d1,2Qe1XBt3qsrfinEMiZrjhrB6x8wGkV9aX41FvKZKpump,15,2026-08-28T02:58:50.112159+00:00,AVAILABLE,-3183,-3183,1
fp1sig-c85b86917258d04c5fff19d1,2Qe1XBt3qsrfinEMiZrjhrB6x8wGkV9aX41FvKZKpump,20,2026-08-28T02:58:55.112159+00:00,AVAILABLE,-3183,-3183,1
fp1sig-c85b86917258d04c5fff19d1,2Qe1XBt3qsrfinEMiZrjhrB6x8wGkV9aX41FvKZKpump,30,2026-08-28T02:59:05.112159+00:00,AVAILABLE,-3183,-4059,2
fp1sig-c85b86917258d04c5fff19d1,2Qe1XBt3qsrfinEMiZrjhrB6x8wGkV9aX41FvKZKpump,45,2026-08-28T02:59:20.112159+00:00,AVAILABLE,-3183,-4059,2
fp1sig-c85b86917258d04c5fff19d1,2Qe1XBt3qsrfinEMiZrjhrB6x8wGkV9aX41FvKZKpump,60,2026-08-28T02:59:35.112159+00:00,AVAILABLE,-3183,-4366,3
fp1sig-c85b86917258d04c5fff19d1,2Qe1XBt3qsrfinEMiZrjhrB6x8wGkV9aX41FvKZKpump,90,2026-08-28T03:00:05.112159+00:00,AVAILABLE,-3183,-5837,4
fp1sig-c85b86917258d04c5fff19d1,2Qe1XBt3qsrfinEMiZrjhrB6x8wGkV9aX41FvKZKpump,120,2026-08-28T03:00:35.112159+00:00,AVAILABLE,-3183,-5837,6
fp1sig-c85b86917258d04c5fff19d1,2Qe1XBt3qsrfinEMiZrjhrB6x8wGkV9aX41FvKZKpump,180,2026-08-28T03:01:35.112159+00:00,AVAILABLE,-3139,-7047,14
fp1sig-c85b86917258d04c5fff19d1,2Qe1XBt3qsrfinEMiZrjhrB6x8wGkV9aX41FvKZKpump,300,2026-08-28T03:03:35.112159+00:00,AVAILABLE,-3139,-8190,16
fp1sig-c87058d2a949583397439a57,7FsSW5o3VSpYhV4BJ74BXoLbEV8xXS48DodAEhHApump,5,2026-08-27T12:41:22.494250+00:00,AVAILABLE,1024,1024,1
fp1sig-c87058d2a949583397439a57,7FsSW5o3VSpYhV4BJ74BXoLbEV8xXS48DodAEhHApump,10,2026-08-27T12:41:27.494250+00:00,AVAILABLE,1024,-280,4
fp1sig-c87058d2a949583397439a57,7FsSW5o3VSpYhV4BJ74BXoLbEV8xXS48DodAEhHApump,15,2026-08-27T12:41:32.494250+00:00,AVAILABLE,1024,-280,6
fp1sig-c87058d2a949583397439a57,7FsSW5o3VSpYhV4BJ74BXoLbEV8xXS48DodAEhHApump,20,2026-08-27T12:41:37.494250+00:00,AVAILABLE,2324,-280,9
fp1sig-c87058d2a949583397439a57,7FsSW5o3VSpYhV4BJ74BXoLbEV8xXS48DodAEhHApump,30,2026-08-27T12:41:47.494250+00:00,AVAILABLE,2324,-280,12
fp1sig-c87058d2a949583397439a57,7FsSW5o3VSpYhV4BJ74BXoLbEV8xXS48DodAEhHApump,45,2026-08-27T12:42:02.494250+00:00,AVAILABLE,2324,-306,16
fp1sig-c87058d2a949583397439a57,7FsSW5o3VSpYhV4BJ74BXoLbEV8xXS48DodAEhHApump,60,2026-08-27T12:42:17.494250+00:00,AVAILABLE,2324,-306,17
fp1sig-c87058d2a949583397439a57,7FsSW5o3VSpYhV4BJ74BXoLbEV8xXS48DodAEhHApump,90,2026-08-27T12:42:47.494250+00:00,AVAILABLE,2324,-2178,26
fp1sig-c87058d2a949583397439a57,7FsSW5o3VSpYhV4BJ74BXoLbEV8xXS48DodAEhHApump,120,2026-08-27T12:43:17.494250+00:00,AVAILABLE,2324,-2178,37
fp1sig-c87058d2a949583397439a57,7FsSW5o3VSpYhV4BJ74BXoLbEV8xXS48DodAEhHApump,180,2026-08-27T12:44:17.494250+00:00,AVAILABLE,2324,-2178,41
fp1sig-c87058d2a949583397439a57,7FsSW5o3VSpYhV4BJ74BXoLbEV8xXS48DodAEhHApump,300,2026-08-27T12:46:17.494250+00:00,AVAILABLE,2324,-2818,52
fp1sig-c8be3ec6aeddd1c278a2928b,6HL6dXYM1vjV8Qe4iMgvBzDti3qYG2XZEvH7hf8xpump,5,2026-08-27T18:30:18.090278+00:00,AVAILABLE,704,704,1
fp1sig-c8be3ec6aeddd1c278a2928b,6HL6dXYM1vjV8Qe4iMgvBzDti3qYG2XZEvH7hf8xpump,10,2026-08-27T18:30:23.090278+00:00,AVAILABLE,704,704,1
fp1sig-c8be3ec6aeddd1c278a2928b,6HL6dXYM1vjV8Qe4iMgvBzDti3qYG2XZEvH7hf8xpump,15,2026-08-27T18:30:28.090278+00:00,AVAILABLE,704,618,2
fp1sig-c8be3ec6aeddd1c278a2928b,6HL6dXYM1vjV8Qe4iMgvBzDti3qYG2XZEvH7hf8xpump,20,2026-08-27T18:30:33.090278+00:00,AVAILABLE,704,618,2
fp1sig-c8be3ec6aeddd1c278a2928b,6HL6dXYM1vjV8Qe4iMgvBzDti3qYG2XZEvH7hf8xpump,30,2026-08-27T18:30:43.090278+00:00,AVAILABLE,704,618,2
fp1sig-c8be3ec6aeddd1c278a2928b,6HL6dXYM1vjV8Qe4iMgvBzDti3qYG2XZEvH7hf8xpump,45,2026-08-27T18:30:58.090278+00:00,AVAILABLE,704,-1716,6
fp1sig-c8be3ec6aeddd1c278a2928b,6HL6dXYM1vjV8Qe4iMgvBzDti3qYG2XZEvH7hf8xpump,60,2026-08-27T18:31:13.090278+00:00,AVAILABLE,704,-1815,9
fp1sig-c8be3ec6aeddd1c278a2928b,6HL6dXYM1vjV8Qe4iMgvBzDti3qYG2XZEvH7hf8xpump,90,2026-08-27T18:31:43.090278+00:00,AVAILABLE,704,-1815,10
fp1sig-c8be3ec6aeddd1c278a2928b,6HL6dXYM1vjV8Qe4iMgvBzDti3qYG2XZEvH7hf8xpump,120,2026-08-27T18:32:13.090278+00:00,AVAILABLE,704,-1815,10
fp1sig-c8be3ec6aeddd1c278a2928b,6HL6dXYM1vjV8Qe4iMgvBzDti3qYG2XZEvH7hf8xpump,180,2026-08-27T18:33:13.090278+00:00,AVAILABLE,704,-1815,10
fp1sig-c8be3ec6aeddd1c278a2928b,6HL6dXYM1vjV8Qe4iMgvBzDti3qYG2XZEvH7hf8xpump,300,2026-08-27T18:35:13.090278+00:00,AVAILABLE,704,-1815,10
fp1sig-c8f9ce990ec4062f867abbad,9V2NLoZPoFKNSxXqZ2WYfDPrTJLmxYNxUz9W9N4Hpump,5,2026-08-27T15:16:13.615031+00:00,MISSING,,,0
fp1sig-c8f9ce990ec4062f867abbad,9V2NLoZPoFKNSxXqZ2WYfDPrTJLmxYNxUz9W9N4Hpump,10,2026-08-27T15:16:18.615031+00:00,MISSING,,,0
fp1sig-c8f9ce990ec4062f867abbad,9V2NLoZPoFKNSxXqZ2WYfDPrTJLmxYNxUz9W9N4Hpump,15,2026-08-27T15:16:23.615031+00:00,AVAILABLE,-41,-59,2
fp1sig-c8f9ce990ec4062f867abbad,9V2NLoZPoFKNSxXqZ2WYfDPrTJLmxYNxUz9W9N4Hpump,20,2026-08-27T15:16:28.615031+00:00,AVAILABLE,33,-59,7
fp1sig-c8f9ce990ec4062f867abbad,9V2NLoZPoFKNSxXqZ2WYfDPrTJLmxYNxUz9W9N4Hpump,30,2026-08-27T15:16:38.615031+00:00,AVAILABLE,207,-59,9
fp1sig-c8f9ce990ec4062f867abbad,9V2NLoZPoFKNSxXqZ2WYfDPrTJLmxYNxUz9W9N4Hpump,45,2026-08-27T15:16:53.615031+00:00,AVAILABLE,1774,-59,11
fp1sig-c8f9ce990ec4062f867abbad,9V2NLoZPoFKNSxXqZ2WYfDPrTJLmxYNxUz9W9N4Hpump,60,2026-08-27T15:17:08.615031+00:00,AVAILABLE,1774,-59,18
fp1sig-c8f9ce990ec4062f867abbad,9V2NLoZPoFKNSxXqZ2WYfDPrTJLmxYNxUz9W9N4Hpump,90,2026-08-27T15:17:38.615031+00:00,AVAILABLE,1974,-59,24
fp1sig-c8f9ce990ec4062f867abbad,9V2NLoZPoFKNSxXqZ2WYfDPrTJLmxYNxUz9W9N4Hpump,120,2026-08-27T15:18:08.615031+00:00,AVAILABLE,2361,-59,30
fp1sig-c8f9ce990ec4062f867abbad,9V2NLoZPoFKNSxXqZ2WYfDPrTJLmxYNxUz9W9N4Hpump,180,2026-08-27T15:19:08.615031+00:00,AVAILABLE,2361,-59,51
fp1sig-c8f9ce990ec4062f867abbad,9V2NLoZPoFKNSxXqZ2WYfDPrTJLmxYNxUz9W9N4Hpump,300,2026-08-27T15:21:08.615031+00:00,AVAILABLE,3098,-59,74
fp1sig-c92d30676befd91852c66116,E5JZ7nPT6NvnRabDqANtJiFcfPfs8GZeBJ8qEfJepump,5,2026-08-28T10:35:09.389748+00:00,AVAILABLE,4,-52,2
fp1sig-c92d30676befd91852c66116,E5JZ7nPT6NvnRabDqANtJiFcfPfs8GZeBJ8qEfJepump,10,2026-08-28T10:35:14.389748+00:00,AVAILABLE,4,-52,2
fp1sig-c92d30676befd91852c66116,E5JZ7nPT6NvnRabDqANtJiFcfPfs8GZeBJ8qEfJepump,15,2026-08-28T10:35:19.389748+00:00,AVAILABLE,9,-52,4
fp1sig-c92d30676befd91852c66116,E5JZ7nPT6NvnRabDqANtJiFcfPfs8GZeBJ8qEfJepump,20,2026-08-28T10:35:24.389748+00:00,AVAILABLE,9,-186,7
fp1sig-c92d30676befd91852c66116,E5JZ7nPT6NvnRabDqANtJiFcfPfs8GZeBJ8qEfJepump,30,2026-08-28T10:35:34.389748+00:00,AVAILABLE,9,-186,7
fp1sig-c92d30676befd91852c66116,E5JZ7nPT6NvnRabDqANtJiFcfPfs8GZeBJ8qEfJepump,45,2026-08-28T10:35:49.389748+00:00,AVAILABLE,9,-833,12
fp1sig-c92d30676befd91852c66116,E5JZ7nPT6NvnRabDqANtJiFcfPfs8GZeBJ8qEfJepump,60,2026-08-28T10:36:04.389748+00:00,AVAILABLE,9,-1471,14
fp1sig-c92d30676befd91852c66116,E5JZ7nPT6NvnRabDqANtJiFcfPfs8GZeBJ8qEfJepump,90,2026-08-28T10:36:34.389748+00:00,AVAILABLE,9,-2001,17
fp1sig-c92d30676befd91852c66116,E5JZ7nPT6NvnRabDqANtJiFcfPfs8GZeBJ8qEfJepump,120,2026-08-28T10:37:04.389748+00:00,AVAILABLE,9,-2001,20
fp1sig-c92d30676befd91852c66116,E5JZ7nPT6NvnRabDqANtJiFcfPfs8GZeBJ8qEfJepump,180,2026-08-28T10:38:04.389748+00:00,AVAILABLE,9,-2001,22
fp1sig-c92d30676befd91852c66116,E5JZ7nPT6NvnRabDqANtJiFcfPfs8GZeBJ8qEfJepump,300,2026-08-28T10:40:04.389748+00:00,AVAILABLE,9,-2001,24
fp1sig-c960a74fd70daa0789315936,EwtKV8CZR8123Xq3BS3Mc2CRHRSVRhNoN3q9HXYFpump,5,2026-08-27T13:18:49.302491+00:00,MISSING,,,0
fp1sig-c960a74fd70daa0789315936,EwtKV8CZR8123Xq3BS3Mc2CRHRSVRhNoN3q9HXYFpump,10,2026-08-27T13:18:54.302491+00:00,AVAILABLE,859,859,1
fp1sig-c960a74fd70daa0789315936,EwtKV8CZR8123Xq3BS3Mc2CRHRSVRhNoN3q9HXYFpump,15,2026-08-27T13:18:59.302491+00:00,AVAILABLE,859,859,1
fp1sig-c960a74fd70daa0789315936,EwtKV8CZR8123Xq3BS3Mc2CRHRSVRhNoN3q9HXYFpump,20,2026-08-27T13:19:04.302491+00:00,AVAILABLE,859,859,1
fp1sig-c960a74fd70daa0789315936,EwtKV8CZR8123Xq3BS3Mc2CRHRSVRhNoN3q9HXYFpump,30,2026-08-27T13:19:14.302491+00:00,AVAILABLE,859,859,1
fp1sig-c960a74fd70daa0789315936,EwtKV8CZR8123Xq3BS3Mc2CRHRSVRhNoN3q9HXYFpump,45,2026-08-27T13:19:29.302491+00:00,AVAILABLE,2184,859,4
fp1sig-c960a74fd70daa0789315936,EwtKV8CZR8123Xq3BS3Mc2CRHRSVRhNoN3q9HXYFpump,60,2026-08-27T13:19:44.302491+00:00,AVAILABLE,2678,-5028,18
fp1sig-c960a74fd70daa0789315936,EwtKV8CZR8123Xq3BS3Mc2CRHRSVRhNoN3q9HXYFpump,90,2026-08-27T13:20:14.302491+00:00,AVAILABLE,2678,-5028,24
fp1sig-c960a74fd70daa0789315936,EwtKV8CZR8123Xq3BS3Mc2CRHRSVRhNoN3q9HXYFpump,120,2026-08-27T13:20:44.302491+00:00,AVAILABLE,2678,-5177,25
fp1sig-c960a74fd70daa0789315936,EwtKV8CZR8123Xq3BS3Mc2CRHRSVRhNoN3q9HXYFpump,180,2026-08-27T13:21:44.302491+00:00,AVAILABLE,2678,-5177,25
fp1sig-c960a74fd70daa0789315936,EwtKV8CZR8123Xq3BS3Mc2CRHRSVRhNoN3q9HXYFpump,300,2026-08-27T13:23:44.302491+00:00,AVAILABLE,2678,-5177,25
fp1sig-c99d4c3fdc251db0fe061a65,6dpc2cW8FJwJV6WrGGkREKGfaTjaxfAUaiUv2uJnmsG7,5,2026-08-27T13:21:38.075838+00:00,AVAILABLE,1149,787,2
fp1sig-c99d4c3fdc251db0fe061a65,6dpc2cW8FJwJV6WrGGkREKGfaTjaxfAUaiUv2uJnmsG7,10,2026-08-27T13:21:43.075838+00:00,AVAILABLE,1149,787,2
fp1sig-c99d4c3fdc251db0fe061a65,6dpc2cW8FJwJV6WrGGkREKGfaTjaxfAUaiUv2uJnmsG7,15,2026-08-27T13:21:48.075838+00:00,AVAILABLE,1149,787,2
fp1sig-c99d4c3fdc251db0fe061a65,6dpc2cW8FJwJV6WrGGkREKGfaTjaxfAUaiUv2uJnmsG7,20,2026-08-27T13:21:53.075838+00:00,AVAILABLE,1149,787,2
fp1sig-c99d4c3fdc251db0fe061a65,6dpc2cW8FJwJV6WrGGkREKGfaTjaxfAUaiUv2uJnmsG7,30,2026-08-27T13:22:03.075838+00:00,AVAILABLE,1149,787,2
fp1sig-c99d4c3fdc251db0fe061a65,6dpc2cW8FJwJV6WrGGkREKGfaTjaxfAUaiUv2uJnmsG7,45,2026-08-27T13:22:18.075838+00:00,AVAILABLE,1149,787,2
fp1sig-c99d4c3fdc251db0fe061a65,6dpc2cW8FJwJV6WrGGkREKGfaTjaxfAUaiUv2uJnmsG7,60,2026-08-27T13:22:33.075838+00:00,AVAILABLE,1149,787,2
fp1sig-c99d4c3fdc251db0fe061a65,6dpc2cW8FJwJV6WrGGkREKGfaTjaxfAUaiUv2uJnmsG7,90,2026-08-27T13:23:03.075838+00:00,AVAILABLE,1149,787,2
fp1sig-c99d4c3fdc251db0fe061a65,6dpc2cW8FJwJV6WrGGkREKGfaTjaxfAUaiUv2uJnmsG7,120,2026-08-27T13:23:33.075838+00:00,AVAILABLE,1149,787,2
fp1sig-c99d4c3fdc251db0fe061a65,6dpc2cW8FJwJV6WrGGkREKGfaTjaxfAUaiUv2uJnmsG7,180,2026-08-27T13:24:33.075838+00:00,AVAILABLE,1149,787,2
fp1sig-c99d4c3fdc251db0fe061a65,6dpc2cW8FJwJV6WrGGkREKGfaTjaxfAUaiUv2uJnmsG7,300,2026-08-27T13:26:33.075838+00:00,AVAILABLE,1149,787,2
fp1sig-c9d9a45d925372da2942fd4a,5J7ULoEzdsVuDX7YrxeK9KBippENWhuHHz1tt4kmpump,5,2026-08-28T11:25:08.369920+00:00,MISSING,,,0
fp1sig-c9d9a45d925372da2942fd4a,5J7ULoEzdsVuDX7YrxeK9KBippENWhuHHz1tt4kmpump,10,2026-08-28T11:25:13.369920+00:00,AVAILABLE,-3022,-3022,1
fp1sig-c9d9a45d925372da2942fd4a,5J7ULoEzdsVuDX7YrxeK9KBippENWhuHHz1tt4kmpump,15,2026-08-28T11:25:18.369920+00:00,AVAILABLE,-3022,-4055,3
fp1sig-c9d9a45d925372da2942fd4a,5J7ULoEzdsVuDX7YrxeK9KBippENWhuHHz1tt4kmpump,20,2026-08-28T11:25:23.369920+00:00,AVAILABLE,-3022,-4055,4
fp1sig-c9d9a45d925372da2942fd4a,5J7ULoEzdsVuDX7YrxeK9KBippENWhuHHz1tt4kmpump,30,2026-08-28T11:25:33.369920+00:00,AVAILABLE,-718,-4055,6
fp1sig-c9d9a45d925372da2942fd4a,5J7ULoEzdsVuDX7YrxeK9KBippENWhuHHz1tt4kmpump,45,2026-08-28T11:25:48.369920+00:00,AVAILABLE,3915,-4055,10
fp1sig-c9d9a45d925372da2942fd4a,5J7ULoEzdsVuDX7YrxeK9KBippENWhuHHz1tt4kmpump,60,2026-08-28T11:26:03.369920+00:00,AVAILABLE,3915,-6955,13
fp1sig-c9d9a45d925372da2942fd4a,5J7ULoEzdsVuDX7YrxeK9KBippENWhuHHz1tt4kmpump,90,2026-08-28T11:26:33.369920+00:00,AVAILABLE,3915,-6955,19
fp1sig-c9d9a45d925372da2942fd4a,5J7ULoEzdsVuDX7YrxeK9KBippENWhuHHz1tt4kmpump,120,2026-08-28T11:27:03.369920+00:00,AVAILABLE,3915,-6955,25
fp1sig-c9d9a45d925372da2942fd4a,5J7ULoEzdsVuDX7YrxeK9KBippENWhuHHz1tt4kmpump,180,2026-08-28T11:28:03.369920+00:00,AVAILABLE,3915,-8257,33
fp1sig-c9d9a45d925372da2942fd4a,5J7ULoEzdsVuDX7YrxeK9KBippENWhuHHz1tt4kmpump,300,2026-08-28T11:30:03.369920+00:00,AVAILABLE,3915,-9358,51
fp1sig-c9deaafe28206b2fa7e0fad2,Efc1NG3RkNKimd3EYnWGHjD6j9XFY72xKM7hWi23pump,5,2026-08-27T21:14:13.836547+00:00,AVAILABLE,-6570,-6570,1
fp1sig-c9deaafe28206b2fa7e0fad2,Efc1NG3RkNKimd3EYnWGHjD6j9XFY72xKM7hWi23pump,10,2026-08-27T21:14:18.836547+00:00,AVAILABLE,-6570,-6570,1
fp1sig-c9deaafe28206b2fa7e0fad2,Efc1NG3RkNKimd3EYnWGHjD6j9XFY72xKM7hWi23pump,15,2026-08-27T21:14:23.836547+00:00,AVAILABLE,-5776,-6664,4
fp1sig-c9deaafe28206b2fa7e0fad2,Efc1NG3RkNKimd3EYnWGHjD6j9XFY72xKM7hWi23pump,20,2026-08-27T21:14:28.836547+00:00,AVAILABLE,-5776,-6664,4
fp1sig-c9deaafe28206b2fa7e0fad2,Efc1NG3RkNKimd3EYnWGHjD6j9XFY72xKM7hWi23pump,30,2026-08-27T21:14:38.836547+00:00,AVAILABLE,-4859,-6664,5
fp1sig-c9deaafe28206b2fa7e0fad2,Efc1NG3RkNKimd3EYnWGHjD6j9XFY72xKM7hWi23pump,45,2026-08-27T21:14:53.836547+00:00,AVAILABLE,-4859,-7564,10
fp1sig-c9deaafe28206b2fa7e0fad2,Efc1NG3RkNKimd3EYnWGHjD6j9XFY72xKM7hWi23pump,60,2026-08-27T21:15:08.836547+00:00,AVAILABLE,-4859,-8197,12
fp1sig-c9deaafe28206b2fa7e0fad2,Efc1NG3RkNKimd3EYnWGHjD6j9XFY72xKM7hWi23pump,90,2026-08-27T21:15:38.836547+00:00,AVAILABLE,-4859,-8197,22
fp1sig-c9deaafe28206b2fa7e0fad2,Efc1NG3RkNKimd3EYnWGHjD6j9XFY72xKM7hWi23pump,120,2026-08-27T21:16:08.836547+00:00,AVAILABLE,-4859,-8197,27
fp1sig-c9deaafe28206b2fa7e0fad2,Efc1NG3RkNKimd3EYnWGHjD6j9XFY72xKM7hWi23pump,180,2026-08-27T21:17:08.836547+00:00,AVAILABLE,-4859,-8197,34
fp1sig-c9deaafe28206b2fa7e0fad2,Efc1NG3RkNKimd3EYnWGHjD6j9XFY72xKM7hWi23pump,300,2026-08-27T21:19:08.836547+00:00,AVAILABLE,-4859,-8559,52
fp1sig-ca0f4d8df2d7739709169a5a,8vikGhaeTBDyAxdLwEMqZF37nnnEGHB24Bx7odT5pump,5,2026-08-28T07:17:07.717169+00:00,AVAILABLE,908,-1306,2
fp1sig-ca0f4d8df2d7739709169a5a,8vikGhaeTBDyAxdLwEMqZF37nnnEGHB24Bx7odT5pump,10,2026-08-28T07:17:12.717169+00:00,AVAILABLE,3119,-1306,4
fp1sig-ca0f4d8df2d7739709169a5a,8vikGhaeTBDyAxdLwEMqZF37nnnEGHB24Bx7odT5pump,15,2026-08-28T07:17:17.717169+00:00,AVAILABLE,7913,-1306,8
fp1sig-ca0f4d8df2d7739709169a5a,8vikGhaeTBDyAxdLwEMqZF37nnnEGHB24Bx7odT5pump,20,2026-08-28T07:17:22.717169+00:00,AVAILABLE,7913,-2371,9
fp1sig-ca0f4d8df2d7739709169a5a,8vikGhaeTBDyAxdLwEMqZF37nnnEGHB24Bx7odT5pump,30,2026-08-28T07:17:32.717169+00:00,AVAILABLE,7913,-3239,16
fp1sig-ca0f4d8df2d7739709169a5a,8vikGhaeTBDyAxdLwEMqZF37nnnEGHB24Bx7odT5pump,45,2026-08-28T07:17:47.717169+00:00,AVAILABLE,7913,-5100,29
fp1sig-ca0f4d8df2d7739709169a5a,8vikGhaeTBDyAxdLwEMqZF37nnnEGHB24Bx7odT5pump,60,2026-08-28T07:18:02.717169+00:00,AVAILABLE,7913,-5100,43
fp1sig-ca0f4d8df2d7739709169a5a,8vikGhaeTBDyAxdLwEMqZF37nnnEGHB24Bx7odT5pump,90,2026-08-28T07:18:32.717169+00:00,AVAILABLE,7913,-5100,55
fp1sig-ca0f4d8df2d7739709169a5a,8vikGhaeTBDyAxdLwEMqZF37nnnEGHB24Bx7odT5pump,120,2026-08-28T07:19:02.717169+00:00,AVAILABLE,19988,-5100,83
fp1sig-ca0f4d8df2d7739709169a5a,8vikGhaeTBDyAxdLwEMqZF37nnnEGHB24Bx7odT5pump,180,2026-08-28T07:20:02.717169+00:00,AVAILABLE,19988,-6541,151
fp1sig-ca0f4d8df2d7739709169a5a,8vikGhaeTBDyAxdLwEMqZF37nnnEGHB24Bx7odT5pump,300,2026-08-28T07:22:02.717169+00:00,AVAILABLE,19988,-9708,278
fp1sig-ca5e74809adfe8d2f4a4fcc1,GxBWosnMZXdfng3rs4jZshy6NVoe14PWNNvuonf5pump,5,2026-08-28T03:58:57.526002+00:00,AVAILABLE,734,637,2
fp1sig-ca5e74809adfe8d2f4a4fcc1,GxBWosnMZXdfng3rs4jZshy6NVoe14PWNNvuonf5pump,10,2026-08-28T03:59:02.526002+00:00,AVAILABLE,734,637,2
fp1sig-ca5e74809adfe8d2f4a4fcc1,GxBWosnMZXdfng3rs4jZshy6NVoe14PWNNvuonf5pump,15,2026-08-28T03:59:07.526002+00:00,AVAILABLE,734,637,3
fp1sig-ca5e74809adfe8d2f4a4fcc1,GxBWosnMZXdfng3rs4jZshy6NVoe14PWNNvuonf5pump,20,2026-08-28T03:59:12.526002+00:00,AVAILABLE,1566,637,4
fp1sig-ca5e74809adfe8d2f4a4fcc1,GxBWosnMZXdfng3rs4jZshy6NVoe14PWNNvuonf5pump,30,2026-08-28T03:59:22.526002+00:00,AVAILABLE,1627,637,5
fp1sig-ca5e74809adfe8d2f4a4fcc1,GxBWosnMZXdfng3rs4jZshy6NVoe14PWNNvuonf5pump,45,2026-08-28T03:59:37.526002+00:00,AVAILABLE,1750,637,6
fp1sig-ca5e74809adfe8d2f4a4fcc1,GxBWosnMZXdfng3rs4jZshy6NVoe14PWNNvuonf5pump,60,2026-08-28T03:59:52.526002+00:00,AVAILABLE,1750,637,8
fp1sig-ca5e74809adfe8d2f4a4fcc1,GxBWosnMZXdfng3rs4jZshy6NVoe14PWNNvuonf5pump,90,2026-08-28T04:00:22.526002+00:00,AVAILABLE,1939,637,11
fp1sig-ca5e74809adfe8d2f4a4fcc1,GxBWosnMZXdfng3rs4jZshy6NVoe14PWNNvuonf5pump,120,2026-08-28T04:00:52.526002+00:00,AVAILABLE,1939,637,11
fp1sig-ca5e74809adfe8d2f4a4fcc1,GxBWosnMZXdfng3rs4jZshy6NVoe14PWNNvuonf5pump,180,2026-08-28T04:01:52.526002+00:00,AVAILABLE,1939,637,13
fp1sig-ca5e74809adfe8d2f4a4fcc1,GxBWosnMZXdfng3rs4jZshy6NVoe14PWNNvuonf5pump,300,2026-08-28T04:03:52.526002+00:00,AVAILABLE,1939,-2506,24
fp1sig-ca9a20a6d912b79766a8714f,GHrj4htwPZk7ktWfo1b7MEXknqNQYsvKngL9juCLpump,5,2026-08-27T20:57:24.689231+00:00,MISSING,,,0
fp1sig-ca9a20a6d912b79766a8714f,GHrj4htwPZk7ktWfo1b7MEXknqNQYsvKngL9juCLpump,10,2026-08-27T20:57:29.689231+00:00,AVAILABLE,1193,1193,1
fp1sig-ca9a20a6d912b79766a8714f,GHrj4htwPZk7ktWfo1b7MEXknqNQYsvKngL9juCLpump,15,2026-08-27T20:57:34.689231+00:00,AVAILABLE,1193,1193,1
fp1sig-ca9a20a6d912b79766a8714f,GHrj4htwPZk7ktWfo1b7MEXknqNQYsvKngL9juCLpump,20,2026-08-27T20:57:39.689231+00:00,AVAILABLE,1193,844,2
fp1sig-ca9a20a6d912b79766a8714f,GHrj4htwPZk7ktWfo1b7MEXknqNQYsvKngL9juCLpump,30,2026-08-27T20:57:49.689231+00:00,AVAILABLE,1193,839,3
fp1sig-ca9a20a6d912b79766a8714f,GHrj4htwPZk7ktWfo1b7MEXknqNQYsvKngL9juCLpump,45,2026-08-27T20:58:04.689231+00:00,AVAILABLE,1193,-108,6
fp1sig-ca9a20a6d912b79766a8714f,GHrj4htwPZk7ktWfo1b7MEXknqNQYsvKngL9juCLpump,60,2026-08-27T20:58:19.689231+00:00,AVAILABLE,1193,-108,6
fp1sig-ca9a20a6d912b79766a8714f,GHrj4htwPZk7ktWfo1b7MEXknqNQYsvKngL9juCLpump,90,2026-08-27T20:58:49.689231+00:00,AVAILABLE,1193,-3711,13
fp1sig-ca9a20a6d912b79766a8714f,GHrj4htwPZk7ktWfo1b7MEXknqNQYsvKngL9juCLpump,120,2026-08-27T20:59:19.689231+00:00,AVAILABLE,1193,-3711,13
fp1sig-ca9a20a6d912b79766a8714f,GHrj4htwPZk7ktWfo1b7MEXknqNQYsvKngL9juCLpump,180,2026-08-27T21:00:19.689231+00:00,AVAILABLE,1193,-3711,13
fp1sig-ca9a20a6d912b79766a8714f,GHrj4htwPZk7ktWfo1b7MEXknqNQYsvKngL9juCLpump,300,2026-08-27T21:02:19.689231+00:00,AVAILABLE,1193,-3711,13
fp1sig-caaadae8b68e93354095aa4c,FVDG5Hk6eya84PYRRheaz3wu814E1CbXLzKAYkfcpump,5,2026-08-28T02:50:17.921213+00:00,AVAILABLE,18,-2895,4
fp1sig-caaadae8b68e93354095aa4c,FVDG5Hk6eya84PYRRheaz3wu814E1CbXLzKAYkfcpump,10,2026-08-28T02:50:22.921213+00:00,AVAILABLE,18,-2895,5
fp1sig-caaadae8b68e93354095aa4c,FVDG5Hk6eya84PYRRheaz3wu814E1CbXLzKAYkfcpump,15,2026-08-28T02:50:27.921213+00:00,AVAILABLE,18,-2895,19
fp1sig-caaadae8b68e93354095aa4c,FVDG5Hk6eya84PYRRheaz3wu814E1CbXLzKAYkfcpump,20,2026-08-28T02:50:32.921213+00:00,AVAILABLE,18,-2895,21
fp1sig-caaadae8b68e93354095aa4c,FVDG5Hk6eya84PYRRheaz3wu814E1CbXLzKAYkfcpump,30,2026-08-28T02:50:42.921213+00:00,AVAILABLE,18,-2895,24
fp1sig-caaadae8b68e93354095aa4c,FVDG5Hk6eya84PYRRheaz3wu814E1CbXLzKAYkfcpump,45,2026-08-28T02:50:57.921213+00:00,AVAILABLE,2602,-2895,37
fp1sig-caaadae8b68e93354095aa4c,FVDG5Hk6eya84PYRRheaz3wu814E1CbXLzKAYkfcpump,60,2026-08-28T02:51:12.921213+00:00,AVAILABLE,3657,-2895,58
fp1sig-caaadae8b68e93354095aa4c,FVDG5Hk6eya84PYRRheaz3wu814E1CbXLzKAYkfcpump,90,2026-08-28T02:51:42.921213+00:00,AVAILABLE,6613,-2895,73
fp1sig-caaadae8b68e93354095aa4c,FVDG5Hk6eya84PYRRheaz3wu814E1CbXLzKAYkfcpump,120,2026-08-28T02:52:12.921213+00:00,AVAILABLE,29436,-2895,144
fp1sig-caaadae8b68e93354095aa4c,FVDG5Hk6eya84PYRRheaz3wu814E1CbXLzKAYkfcpump,180,2026-08-28T02:53:12.921213+00:00,AVAILABLE,65932,-2895,322
fp1sig-caaadae8b68e93354095aa4c,FVDG5Hk6eya84PYRRheaz3wu814E1CbXLzKAYkfcpump,300,2026-08-28T02:55:12.921213+00:00,AVAILABLE,77360,-2895,749
fp1sig-cab25a3e5268ee5940ee9467,BteitX5b1m84RebbQ3CM4z7wa95dBhRdbLg8QkXXpump,5,2026-08-28T03:45:27.629009+00:00,AVAILABLE,-2280,-2280,1
fp1sig-cab25a3e5268ee5940ee9467,BteitX5b1m84RebbQ3CM4z7wa95dBhRdbLg8QkXXpump,10,2026-08-28T03:45:32.629009+00:00,AVAILABLE,-2280,-5905,2
fp1sig-cab25a3e5268ee5940ee9467,BteitX5b1m84RebbQ3CM4z7wa95dBhRdbLg8QkXXpump,15,2026-08-28T03:45:37.629009+00:00,AVAILABLE,-2280,-5905,3
fp1sig-cab25a3e5268ee5940ee9467,BteitX5b1m84RebbQ3CM4z7wa95dBhRdbLg8QkXXpump,20,2026-08-28T03:45:42.629009+00:00,AVAILABLE,-2280,-5905,4
fp1sig-cab25a3e5268ee5940ee9467,BteitX5b1m84RebbQ3CM4z7wa95dBhRdbLg8QkXXpump,30,2026-08-28T03:45:52.629009+00:00,AVAILABLE,-2280,-5905,6
fp1sig-cab25a3e5268ee5940ee9467,BteitX5b1m84RebbQ3CM4z7wa95dBhRdbLg8QkXXpump,45,2026-08-28T03:46:07.629009+00:00,AVAILABLE,-2280,-7316,10
fp1sig-cab25a3e5268ee5940ee9467,BteitX5b1m84RebbQ3CM4z7wa95dBhRdbLg8QkXXpump,60,2026-08-28T03:46:22.629009+00:00,AVAILABLE,-2280,-7569,14
fp1sig-cab25a3e5268ee5940ee9467,BteitX5b1m84RebbQ3CM4z7wa95dBhRdbLg8QkXXpump,90,2026-08-28T03:46:52.629009+00:00,AVAILABLE,-2280,-8364,22
fp1sig-cab25a3e5268ee5940ee9467,BteitX5b1m84RebbQ3CM4z7wa95dBhRdbLg8QkXXpump,120,2026-08-28T03:47:22.629009+00:00,AVAILABLE,-2280,-8623,28
fp1sig-cab25a3e5268ee5940ee9467,BteitX5b1m84RebbQ3CM4z7wa95dBhRdbLg8QkXXpump,180,2026-08-28T03:48:22.629009+00:00,AVAILABLE,-2280,-8623,31
fp1sig-cab25a3e5268ee5940ee9467,BteitX5b1m84RebbQ3CM4z7wa95dBhRdbLg8QkXXpump,300,2026-08-28T03:50:22.629009+00:00,AVAILABLE,-2280,-8623,32
fp1sig-cac3a9a2b497dd7daa05b46a,CnEdNYfmwJsr4WRWBaGPr2bU4AN6mBiNnSFUwoBEpump,5,2026-08-27T20:18:19.284480+00:00,MISSING,,,0
fp1sig-cac3a9a2b497dd7daa05b46a,CnEdNYfmwJsr4WRWBaGPr2bU4AN6mBiNnSFUwoBEpump,10,2026-08-27T20:18:24.284480+00:00,MISSING,,,0
fp1sig-cac3a9a2b497dd7daa05b46a,CnEdNYfmwJsr4WRWBaGPr2bU4AN6mBiNnSFUwoBEpump,15,2026-08-27T20:18:29.284480+00:00,MISSING,,,0
fp1sig-cac3a9a2b497dd7daa05b46a,CnEdNYfmwJsr4WRWBaGPr2bU4AN6mBiNnSFUwoBEpump,20,2026-08-27T20:18:34.284480+00:00,AVAILABLE,-97,-97,1
fp1sig-cac3a9a2b497dd7daa05b46a,CnEdNYfmwJsr4WRWBaGPr2bU4AN6mBiNnSFUwoBEpump,30,2026-08-27T20:18:44.284480+00:00,AVAILABLE,-97,-3320,3
fp1sig-cac3a9a2b497dd7daa05b46a,CnEdNYfmwJsr4WRWBaGPr2bU4AN6mBiNnSFUwoBEpump,45,2026-08-27T20:18:59.284480+00:00,AVAILABLE,-97,-3320,5
fp1sig-cac3a9a2b497dd7daa05b46a,CnEdNYfmwJsr4WRWBaGPr2bU4AN6mBiNnSFUwoBEpump,60,2026-08-27T20:19:14.284480+00:00,AVAILABLE,-97,-3320,7
fp1sig-cac3a9a2b497dd7daa05b46a,CnEdNYfmwJsr4WRWBaGPr2bU4AN6mBiNnSFUwoBEpump,90,2026-08-27T20:19:44.284480+00:00,AVAILABLE,1897,-3320,8
fp1sig-cac3a9a2b497dd7daa05b46a,CnEdNYfmwJsr4WRWBaGPr2bU4AN6mBiNnSFUwoBEpump,120,2026-08-27T20:20:14.284480+00:00,AVAILABLE,1897,-3320,9
fp1sig-cac3a9a2b497dd7daa05b46a,CnEdNYfmwJsr4WRWBaGPr2bU4AN6mBiNnSFUwoBEpump,180,2026-08-27T20:21:14.284480+00:00,AVAILABLE,1897,-4240,17
fp1sig-cac3a9a2b497dd7daa05b46a,CnEdNYfmwJsr4WRWBaGPr2bU4AN6mBiNnSFUwoBEpump,300,2026-08-27T20:23:14.284480+00:00,AVAILABLE,8770,-4240,29
fp1sig-caccfc2d3a48707f69aa37e2,EMKNr6oGXhuJMDwyx9SQRayj4X25vUdZSBH7QbqPpump,5,2026-08-28T11:21:08.955937+00:00,AVAILABLE,4251,1574,2
fp1sig-caccfc2d3a48707f69aa37e2,EMKNr6oGXhuJMDwyx9SQRayj4X25vUdZSBH7QbqPpump,10,2026-08-28T11:21:13.955937+00:00,AVAILABLE,4251,-1944,4
fp1sig-caccfc2d3a48707f69aa37e2,EMKNr6oGXhuJMDwyx9SQRayj4X25vUdZSBH7QbqPpump,15,2026-08-28T11:21:18.955937+00:00,AVAILABLE,4251,-5624,8
fp1sig-caccfc2d3a48707f69aa37e2,EMKNr6oGXhuJMDwyx9SQRayj4X25vUdZSBH7QbqPpump,20,2026-08-28T11:21:23.955937+00:00,AVAILABLE,4251,-5624,9
fp1sig-caccfc2d3a48707f69aa37e2,EMKNr6oGXhuJMDwyx9SQRayj4X25vUdZSBH7QbqPpump,30,2026-08-28T11:21:33.955937+00:00,AVAILABLE,4251,-6426,13
fp1sig-caccfc2d3a48707f69aa37e2,EMKNr6oGXhuJMDwyx9SQRayj4X25vUdZSBH7QbqPpump,45,2026-08-28T11:21:48.955937+00:00,AVAILABLE,4251,-6426,18
fp1sig-caccfc2d3a48707f69aa37e2,EMKNr6oGXhuJMDwyx9SQRayj4X25vUdZSBH7QbqPpump,60,2026-08-28T11:22:03.955937+00:00,AVAILABLE,4251,-6426,30
fp1sig-caccfc2d3a48707f69aa37e2,EMKNr6oGXhuJMDwyx9SQRayj4X25vUdZSBH7QbqPpump,90,2026-08-28T11:22:33.955937+00:00,AVAILABLE,4251,-6426,31
fp1sig-caccfc2d3a48707f69aa37e2,EMKNr6oGXhuJMDwyx9SQRayj4X25vUdZSBH7QbqPpump,120,2026-08-28T11:23:03.955937+00:00,AVAILABLE,4251,-6426,35
fp1sig-caccfc2d3a48707f69aa37e2,EMKNr6oGXhuJMDwyx9SQRayj4X25vUdZSBH7QbqPpump,180,2026-08-28T11:24:03.955937+00:00,AVAILABLE,4251,-6426,36
fp1sig-caccfc2d3a48707f69aa37e2,EMKNr6oGXhuJMDwyx9SQRayj4X25vUdZSBH7QbqPpump,300,2026-08-28T11:26:03.955937+00:00,AVAILABLE,4251,-6426,37
fp1sig-cb06ba14dd6daf933b5f48b7,4wjxrDZAH2eadGF6AV3EeHcU6j7tC9YnW7Uu2HH7pump,5,2026-08-27T18:59:44.798335+00:00,MISSING,,,0
fp1sig-cb06ba14dd6daf933b5f48b7,4wjxrDZAH2eadGF6AV3EeHcU6j7tC9YnW7Uu2HH7pump,10,2026-08-27T18:59:49.798335+00:00,MISSING,,,0
fp1sig-cb06ba14dd6daf933b5f48b7,4wjxrDZAH2eadGF6AV3EeHcU6j7tC9YnW7Uu2HH7pump,15,2026-08-27T18:59:54.798335+00:00,MISSING,,,0
fp1sig-cb06ba14dd6daf933b5f48b7,4wjxrDZAH2eadGF6AV3EeHcU6j7tC9YnW7Uu2HH7pump,20,2026-08-27T18:59:59.798335+00:00,AVAILABLE,1057,-895,2
fp1sig-cb06ba14dd6daf933b5f48b7,4wjxrDZAH2eadGF6AV3EeHcU6j7tC9YnW7Uu2HH7pump,30,2026-08-27T19:00:09.798335+00:00,AVAILABLE,1057,-895,5
fp1sig-cb06ba14dd6daf933b5f48b7,4wjxrDZAH2eadGF6AV3EeHcU6j7tC9YnW7Uu2HH7pump,45,2026-08-27T19:00:24.798335+00:00,AVAILABLE,1057,-1912,8
fp1sig-cb06ba14dd6daf933b5f48b7,4wjxrDZAH2eadGF6AV3EeHcU6j7tC9YnW7Uu2HH7pump,60,2026-08-27T19:00:39.798335+00:00,AVAILABLE,1057,-1912,8
fp1sig-cb06ba14dd6daf933b5f48b7,4wjxrDZAH2eadGF6AV3EeHcU6j7tC9YnW7Uu2HH7pump,90,2026-08-27T19:01:09.798335+00:00,AVAILABLE,1057,-1912,9
fp1sig-cb06ba14dd6daf933b5f48b7,4wjxrDZAH2eadGF6AV3EeHcU6j7tC9YnW7Uu2HH7pump,120,2026-08-27T19:01:39.798335+00:00,AVAILABLE,1057,-3769,14
fp1sig-cb06ba14dd6daf933b5f48b7,4wjxrDZAH2eadGF6AV3EeHcU6j7tC9YnW7Uu2HH7pump,180,2026-08-27T19:02:39.798335+00:00,AVAILABLE,1057,-4654,24
fp1sig-cb06ba14dd6daf933b5f48b7,4wjxrDZAH2eadGF6AV3EeHcU6j7tC9YnW7Uu2HH7pump,300,2026-08-27T19:04:39.798335+00:00,AVAILABLE,1057,-5253,31
fp1sig-cb1c0de30687ec55b5ba11c1,8fmZ7i4mVQ6iUTR8U3hg3bFt1hzznkqHbBc9qCt8pump,5,2026-08-27T21:23:24.776091+00:00,AVAILABLE,957,927,2
fp1sig-cb1c0de30687ec55b5ba11c1,8fmZ7i4mVQ6iUTR8U3hg3bFt1hzznkqHbBc9qCt8pump,10,2026-08-27T21:23:29.776091+00:00,AVAILABLE,957,-839,5
fp1sig-cb1c0de30687ec55b5ba11c1,8fmZ7i4mVQ6iUTR8U3hg3bFt1hzznkqHbBc9qCt8pump,15,2026-08-27T21:23:34.776091+00:00,AVAILABLE,1113,-839,6
fp1sig-cb1c0de30687ec55b5ba11c1,8fmZ7i4mVQ6iUTR8U3hg3bFt1hzznkqHbBc9qCt8pump,20,2026-08-27T21:23:39.776091+00:00,AVAILABLE,1113,-839,6
fp1sig-cb1c0de30687ec55b5ba11c1,8fmZ7i4mVQ6iUTR8U3hg3bFt1hzznkqHbBc9qCt8pump,30,2026-08-27T21:23:49.776091+00:00,AVAILABLE,1113,-839,9
fp1sig-cb1c0de30687ec55b5ba11c1,8fmZ7i4mVQ6iUTR8U3hg3bFt1hzznkqHbBc9qCt8pump,45,2026-08-27T21:24:04.776091+00:00,AVAILABLE,1278,-839,20
fp1sig-cb1c0de30687ec55b5ba11c1,8fmZ7i4mVQ6iUTR8U3hg3bFt1hzznkqHbBc9qCt8pump,60,2026-08-27T21:24:19.776091+00:00,AVAILABLE,1565,-839,21
fp1sig-cb1c0de30687ec55b5ba11c1,8fmZ7i4mVQ6iUTR8U3hg3bFt1hzznkqHbBc9qCt8pump,90,2026-08-27T21:24:49.776091+00:00,AVAILABLE,5971,-839,35
fp1sig-cb1c0de30687ec55b5ba11c1,8fmZ7i4mVQ6iUTR8U3hg3bFt1hzznkqHbBc9qCt8pump,120,2026-08-27T21:25:19.776091+00:00,AVAILABLE,7519,-839,44
fp1sig-cb1c0de30687ec55b5ba11c1,8fmZ7i4mVQ6iUTR8U3hg3bFt1hzznkqHbBc9qCt8pump,180,2026-08-27T21:26:19.776091+00:00,AVAILABLE,7527,-839,60
fp1sig-cb1c0de30687ec55b5ba11c1,8fmZ7i4mVQ6iUTR8U3hg3bFt1hzznkqHbBc9qCt8pump,300,2026-08-27T21:28:19.776091+00:00,AVAILABLE,50005,-839,222
fp1sig-cb8fdd7181ae855ab8439ef8,EEKNurVmiyh9q8vFf69Y8er2bjfWTUwp2oFki4xHpump,5,2026-08-28T10:58:45.262249+00:00,MISSING,,,0
fp1sig-cb8fdd7181ae855ab8439ef8,EEKNurVmiyh9q8vFf69Y8er2bjfWTUwp2oFki4xHpump,10,2026-08-28T10:58:50.262249+00:00,AVAILABLE,-1838,-1838,1
fp1sig-cb8fdd7181ae855ab8439ef8,EEKNurVmiyh9q8vFf69Y8er2bjfWTUwp2oFki4xHpump,15,2026-08-28T10:58:55.262249+00:00,AVAILABLE,-643,-1838,6
fp1sig-cb8fdd7181ae855ab8439ef8,EEKNurVmiyh9q8vFf69Y8er2bjfWTUwp2oFki4xHpump,20,2026-08-28T10:59:00.262249+00:00,AVAILABLE,-529,-1838,9
fp1sig-cb8fdd7181ae855ab8439ef8,EEKNurVmiyh9q8vFf69Y8er2bjfWTUwp2oFki4xHpump,30,2026-08-28T10:59:10.262249+00:00,AVAILABLE,-529,-2586,15
fp1sig-cb8fdd7181ae855ab8439ef8,EEKNurVmiyh9q8vFf69Y8er2bjfWTUwp2oFki4xHpump,45,2026-08-28T10:59:25.262249+00:00,AVAILABLE,-529,-2586,25
fp1sig-cb8fdd7181ae855ab8439ef8,EEKNurVmiyh9q8vFf69Y8er2bjfWTUwp2oFki4xHpump,60,2026-08-28T10:59:40.262249+00:00,AVAILABLE,-529,-2586,26
fp1sig-cb8fdd7181ae855ab8439ef8,EEKNurVmiyh9q8vFf69Y8er2bjfWTUwp2oFki4xHpump,90,2026-08-28T11:00:10.262249+00:00,AVAILABLE,-354,-2622,45
fp1sig-cb8fdd7181ae855ab8439ef8,EEKNurVmiyh9q8vFf69Y8er2bjfWTUwp2oFki4xHpump,120,2026-08-28T11:00:40.262249+00:00,AVAILABLE,-212,-2622,64
fp1sig-cb8fdd7181ae855ab8439ef8,EEKNurVmiyh9q8vFf69Y8er2bjfWTUwp2oFki4xHpump,180,2026-08-28T11:01:40.262249+00:00,AVAILABLE,-158,-2622,87
fp1sig-cb8fdd7181ae855ab8439ef8,EEKNurVmiyh9q8vFf69Y8er2bjfWTUwp2oFki4xHpump,300,2026-08-28T11:03:40.262249+00:00,AVAILABLE,-80,-2622,171
fp1sig-cbbc9d1413a406ec34eff3bd,J3Yj1i2yEtDAVo2XVQouuHKNya31vPdcvxP3KJeppump,5,2026-08-28T05:22:44.963659+00:00,AVAILABLE,-790,-3000,3
fp1sig-cbbc9d1413a406ec34eff3bd,J3Yj1i2yEtDAVo2XVQouuHKNya31vPdcvxP3KJeppump,10,2026-08-28T05:22:49.963659+00:00,AVAILABLE,-790,-3000,5
fp1sig-cbbc9d1413a406ec34eff3bd,J3Yj1i2yEtDAVo2XVQouuHKNya31vPdcvxP3KJeppump,15,2026-08-28T05:22:54.963659+00:00,AVAILABLE,94,-3000,8
fp1sig-cbbc9d1413a406ec34eff3bd,J3Yj1i2yEtDAVo2XVQouuHKNya31vPdcvxP3KJeppump,20,2026-08-28T05:22:59.963659+00:00,AVAILABLE,94,-3000,10
fp1sig-cbbc9d1413a406ec34eff3bd,J3Yj1i2yEtDAVo2XVQouuHKNya31vPdcvxP3KJeppump,30,2026-08-28T05:23:09.963659+00:00,AVAILABLE,94,-3000,18
fp1sig-cbbc9d1413a406ec34eff3bd,J3Yj1i2yEtDAVo2XVQouuHKNya31vPdcvxP3KJeppump,45,2026-08-28T05:23:24.963659+00:00,AVAILABLE,94,-7026,26
fp1sig-cbbc9d1413a406ec34eff3bd,J3Yj1i2yEtDAVo2XVQouuHKNya31vPdcvxP3KJeppump,60,2026-08-28T05:23:39.963659+00:00,AVAILABLE,94,-7924,33
fp1sig-cbbc9d1413a406ec34eff3bd,J3Yj1i2yEtDAVo2XVQouuHKNya31vPdcvxP3KJeppump,90,2026-08-28T05:24:09.963659+00:00,AVAILABLE,94,-8209,46
fp1sig-cbbc9d1413a406ec34eff3bd,J3Yj1i2yEtDAVo2XVQouuHKNya31vPdcvxP3KJeppump,120,2026-08-28T05:24:39.963659+00:00,AVAILABLE,94,-8209,57
fp1sig-cbbc9d1413a406ec34eff3bd,J3Yj1i2yEtDAVo2XVQouuHKNya31vPdcvxP3KJeppump,180,2026-08-28T05:25:39.963659+00:00,AVAILABLE,94,-8209,57
fp1sig-cbbc9d1413a406ec34eff3bd,J3Yj1i2yEtDAVo2XVQouuHKNya31vPdcvxP3KJeppump,300,2026-08-28T05:27:39.963659+00:00,AVAILABLE,94,-8209,57
fp1sig-cbdfaa9b24520a17d104585a,NuBU6dSnopwL84h3ZPPEDciKnxut527wvebHPPqBAcW,5,2026-08-27T19:26:59.658531+00:00,AVAILABLE,-42,-2165,37
fp1sig-cbdfaa9b24520a17d104585a,NuBU6dSnopwL84h3ZPPEDciKnxut527wvebHPPqBAcW,10,2026-08-27T19:27:04.658531+00:00,AVAILABLE,461,-2165,45
fp1sig-cbdfaa9b24520a17d104585a,NuBU6dSnopwL84h3ZPPEDciKnxut527wvebHPPqBAcW,15,2026-08-27T19:27:09.658531+00:00,AVAILABLE,1941,-2165,72
fp1sig-cbdfaa9b24520a17d104585a,NuBU6dSnopwL84h3ZPPEDciKnxut527wvebHPPqBAcW,20,2026-08-27T19:27:14.658531+00:00,AVAILABLE,1941,-2165,73
fp1sig-cbdfaa9b24520a17d104585a,NuBU6dSnopwL84h3ZPPEDciKnxut527wvebHPPqBAcW,30,2026-08-27T19:27:24.658531+00:00,AVAILABLE,2845,-2165,84
fp1sig-cbdfaa9b24520a17d104585a,NuBU6dSnopwL84h3ZPPEDciKnxut527wvebHPPqBAcW,45,2026-08-27T19:27:39.658531+00:00,AVAILABLE,10848,-2165,116
fp1sig-cbdfaa9b24520a17d104585a,NuBU6dSnopwL84h3ZPPEDciKnxut527wvebHPPqBAcW,60,2026-08-27T19:27:54.658531+00:00,AVAILABLE,16818,-2165,162
fp1sig-cbdfaa9b24520a17d104585a,NuBU6dSnopwL84h3ZPPEDciKnxut527wvebHPPqBAcW,90,2026-08-27T19:28:24.658531+00:00,AVAILABLE,30370,-2165,245
fp1sig-cbdfaa9b24520a17d104585a,NuBU6dSnopwL84h3ZPPEDciKnxut527wvebHPPqBAcW,120,2026-08-27T19:28:54.658531+00:00,AVAILABLE,32126,-2165,257
fp1sig-cbdfaa9b24520a17d104585a,NuBU6dSnopwL84h3ZPPEDciKnxut527wvebHPPqBAcW,180,2026-08-27T19:29:54.658531+00:00,AVAILABLE,32126,-2165,257
fp1sig-cbdfaa9b24520a17d104585a,NuBU6dSnopwL84h3ZPPEDciKnxut527wvebHPPqBAcW,300,2026-08-27T19:31:54.658531+00:00,AVAILABLE,32126,-2165,257
fp1sig-cc86ec2ee33a389601fa1ff4,7iE7Uod136sVa8cGVze7uvtQdcaA2Q9H9hiJERnnWyNr,5,2026-08-27T21:32:56.707865+00:00,AVAILABLE,40,-141,2
fp1sig-cc86ec2ee33a389601fa1ff4,7iE7Uod136sVa8cGVze7uvtQdcaA2Q9H9hiJERnnWyNr,10,2026-08-27T21:33:01.707865+00:00,AVAILABLE,40,-294,3
fp1sig-cc86ec2ee33a389601fa1ff4,7iE7Uod136sVa8cGVze7uvtQdcaA2Q9H9hiJERnnWyNr,15,2026-08-27T21:33:06.707865+00:00,AVAILABLE,40,-294,3
fp1sig-cc86ec2ee33a389601fa1ff4,7iE7Uod136sVa8cGVze7uvtQdcaA2Q9H9hiJERnnWyNr,20,2026-08-27T21:33:11.707865+00:00,AVAILABLE,40,-947,5
fp1sig-cc86ec2ee33a389601fa1ff4,7iE7Uod136sVa8cGVze7uvtQdcaA2Q9H9hiJERnnWyNr,30,2026-08-27T21:33:21.707865+00:00,AVAILABLE,40,-1618,12
fp1sig-cc86ec2ee33a389601fa1ff4,7iE7Uod136sVa8cGVze7uvtQdcaA2Q9H9hiJERnnWyNr,45,2026-08-27T21:33:36.707865+00:00,AVAILABLE,2159,-1618,20
fp1sig-cc86ec2ee33a389601fa1ff4,7iE7Uod136sVa8cGVze7uvtQdcaA2Q9H9hiJERnnWyNr,60,2026-08-27T21:33:51.707865+00:00,AVAILABLE,2414,-1618,29
fp1sig-cc86ec2ee33a389601fa1ff4,7iE7Uod136sVa8cGVze7uvtQdcaA2Q9H9hiJERnnWyNr,90,2026-08-27T21:34:21.707865+00:00,AVAILABLE,2414,-1618,39
fp1sig-cc86ec2ee33a389601fa1ff4,7iE7Uod136sVa8cGVze7uvtQdcaA2Q9H9hiJERnnWyNr,120,2026-08-27T21:34:51.707865+00:00,AVAILABLE,2414,-3823,55
fp1sig-cc86ec2ee33a389601fa1ff4,7iE7Uod136sVa8cGVze7uvtQdcaA2Q9H9hiJERnnWyNr,180,2026-08-27T21:35:51.707865+00:00,AVAILABLE,2414,-6230,72
fp1sig-cc86ec2ee33a389601fa1ff4,7iE7Uod136sVa8cGVze7uvtQdcaA2Q9H9hiJERnnWyNr,300,2026-08-27T21:37:51.707865+00:00,AVAILABLE,2414,-6230,101
fp1sig-ce09dce63e7f9cf781607f5e,8ci9t37Q5bQ3vddBLnWkvGdhx7fGBLjKHYnpXhKbpump,5,2026-08-27T23:21:01.971396+00:00,AVAILABLE,1130,1033,2
fp1sig-ce09dce63e7f9cf781607f5e,8ci9t37Q5bQ3vddBLnWkvGdhx7fGBLjKHYnpXhKbpump,10,2026-08-27T23:21:06.971396+00:00,AVAILABLE,1130,1033,2
fp1sig-ce09dce63e7f9cf781607f5e,8ci9t37Q5bQ3vddBLnWkvGdhx7fGBLjKHYnpXhKbpump,15,2026-08-27T23:21:11.971396+00:00,AVAILABLE,1130,1033,2
fp1sig-ce09dce63e7f9cf781607f5e,8ci9t37Q5bQ3vddBLnWkvGdhx7fGBLjKHYnpXhKbpump,20,2026-08-27T23:21:16.971396+00:00,AVAILABLE,1130,1033,2
fp1sig-ce09dce63e7f9cf781607f5e,8ci9t37Q5bQ3vddBLnWkvGdhx7fGBLjKHYnpXhKbpump,30,2026-08-27T23:21:26.971396+00:00,AVAILABLE,1130,1033,2
fp1sig-ce09dce63e7f9cf781607f5e,8ci9t37Q5bQ3vddBLnWkvGdhx7fGBLjKHYnpXhKbpump,45,2026-08-27T23:21:41.971396+00:00,AVAILABLE,1130,1033,2
fp1sig-ce09dce63e7f9cf781607f5e,8ci9t37Q5bQ3vddBLnWkvGdhx7fGBLjKHYnpXhKbpump,60,2026-08-27T23:21:56.971396+00:00,AVAILABLE,1130,1033,2
fp1sig-ce09dce63e7f9cf781607f5e,8ci9t37Q5bQ3vddBLnWkvGdhx7fGBLjKHYnpXhKbpump,90,2026-08-27T23:22:26.971396+00:00,AVAILABLE,1130,970,4
fp1sig-ce09dce63e7f9cf781607f5e,8ci9t37Q5bQ3vddBLnWkvGdhx7fGBLjKHYnpXhKbpump,120,2026-08-27T23:22:56.971396+00:00,AVAILABLE,1130,970,4
fp1sig-ce09dce63e7f9cf781607f5e,8ci9t37Q5bQ3vddBLnWkvGdhx7fGBLjKHYnpXhKbpump,180,2026-08-27T23:23:56.971396+00:00,AVAILABLE,2742,970,13
fp1sig-ce09dce63e7f9cf781607f5e,8ci9t37Q5bQ3vddBLnWkvGdhx7fGBLjKHYnpXhKbpump,300,2026-08-27T23:25:56.971396+00:00,AVAILABLE,8520,970,35
fp1sig-cf301d47e1d38da403a47ad9,3Fo9b8DGHKd9rpJGEE75jthfhoDpG8iGLBvJM984pump,5,2026-08-28T08:19:58.772757+00:00,AVAILABLE,980,382,3
fp1sig-cf301d47e1d38da403a47ad9,3Fo9b8DGHKd9rpJGEE75jthfhoDpG8iGLBvJM984pump,10,2026-08-28T08:20:03.772757+00:00,AVAILABLE,1250,382,4
fp1sig-cf301d47e1d38da403a47ad9,3Fo9b8DGHKd9rpJGEE75jthfhoDpG8iGLBvJM984pump,15,2026-08-28T08:20:08.772757+00:00,AVAILABLE,1250,134,5
fp1sig-cf301d47e1d38da403a47ad9,3Fo9b8DGHKd9rpJGEE75jthfhoDpG8iGLBvJM984pump,20,2026-08-28T08:20:13.772757+00:00,AVAILABLE,1250,134,5
fp1sig-cf301d47e1d38da403a47ad9,3Fo9b8DGHKd9rpJGEE75jthfhoDpG8iGLBvJM984pump,30,2026-08-28T08:20:23.772757+00:00,AVAILABLE,1250,134,5
fp1sig-cf301d47e1d38da403a47ad9,3Fo9b8DGHKd9rpJGEE75jthfhoDpG8iGLBvJM984pump,45,2026-08-28T08:20:38.772757+00:00,AVAILABLE,1250,134,5
fp1sig-cf301d47e1d38da403a47ad9,3Fo9b8DGHKd9rpJGEE75jthfhoDpG8iGLBvJM984pump,60,2026-08-28T08:20:53.772757+00:00,AVAILABLE,1250,-320,7
fp1sig-cf301d47e1d38da403a47ad9,3Fo9b8DGHKd9rpJGEE75jthfhoDpG8iGLBvJM984pump,90,2026-08-28T08:21:23.772757+00:00,AVAILABLE,1250,-328,8
fp1sig-cf301d47e1d38da403a47ad9,3Fo9b8DGHKd9rpJGEE75jthfhoDpG8iGLBvJM984pump,120,2026-08-28T08:21:53.772757+00:00,AVAILABLE,1250,-328,8
fp1sig-cf301d47e1d38da403a47ad9,3Fo9b8DGHKd9rpJGEE75jthfhoDpG8iGLBvJM984pump,180,2026-08-28T08:22:53.772757+00:00,AVAILABLE,1701,-328,15
fp1sig-cf301d47e1d38da403a47ad9,3Fo9b8DGHKd9rpJGEE75jthfhoDpG8iGLBvJM984pump,300,2026-08-28T08:24:53.772757+00:00,AVAILABLE,1701,-328,19
fp1sig-d02a9b7a3ad8a83ddab04f2a,4NshKPkyRdcoH6ULjux68ZYZiUvadwp5JazVJxzcpump,5,2026-08-27T23:47:55.622675+00:00,MISSING,,,0
fp1sig-d02a9b7a3ad8a83ddab04f2a,4NshKPkyRdcoH6ULjux68ZYZiUvadwp5JazVJxzcpump,10,2026-08-27T23:48:00.622675+00:00,AVAILABLE,-1597,-1597,1
fp1sig-d02a9b7a3ad8a83ddab04f2a,4NshKPkyRdcoH6ULjux68ZYZiUvadwp5JazVJxzcpump,15,2026-08-27T23:48:05.622675+00:00,AVAILABLE,-1597,-2024,3
fp1sig-d02a9b7a3ad8a83ddab04f2a,4NshKPkyRdcoH6ULjux68ZYZiUvadwp5JazVJxzcpump,20,2026-08-27T23:48:10.622675+00:00,AVAILABLE,-1597,-2024,3
fp1sig-d02a9b7a3ad8a83ddab04f2a,4NshKPkyRdcoH6ULjux68ZYZiUvadwp5JazVJxzcpump,30,2026-08-27T23:48:20.622675+00:00,AVAILABLE,-1597,-2024,3
fp1sig-d02a9b7a3ad8a83ddab04f2a,4NshKPkyRdcoH6ULjux68ZYZiUvadwp5JazVJxzcpump,45,2026-08-27T23:48:35.622675+00:00,AVAILABLE,-1597,-2024,3
fp1sig-d02a9b7a3ad8a83ddab04f2a,4NshKPkyRdcoH6ULjux68ZYZiUvadwp5JazVJxzcpump,60,2026-08-27T23:48:50.622675+00:00,AVAILABLE,-1597,-2024,3
fp1sig-d02a9b7a3ad8a83ddab04f2a,4NshKPkyRdcoH6ULjux68ZYZiUvadwp5JazVJxzcpump,90,2026-08-27T23:49:20.622675+00:00,AVAILABLE,-1597,-2024,4
fp1sig-d02a9b7a3ad8a83ddab04f2a,4NshKPkyRdcoH6ULjux68ZYZiUvadwp5JazVJxzcpump,120,2026-08-27T23:49:50.622675+00:00,AVAILABLE,-1597,-2024,4
fp1sig-d02a9b7a3ad8a83ddab04f2a,4NshKPkyRdcoH6ULjux68ZYZiUvadwp5JazVJxzcpump,180,2026-08-27T23:50:50.622675+00:00,AVAILABLE,-1597,-2024,4
fp1sig-d02a9b7a3ad8a83ddab04f2a,4NshKPkyRdcoH6ULjux68ZYZiUvadwp5JazVJxzcpump,300,2026-08-27T23:52:50.622675+00:00,AVAILABLE,-1452,-2024,6
fp1sig-d0f8c8f67e14ae1713cdccea,HM2H2uefME5nBufJ83S3GQkGSWYzwtn9rxhGd9zqpump,5,2026-08-28T07:16:35.370799+00:00,AVAILABLE,-5564,-6620,3
fp1sig-d0f8c8f67e14ae1713cdccea,HM2H2uefME5nBufJ83S3GQkGSWYzwtn9rxhGd9zqpump,10,2026-08-28T07:16:40.370799+00:00,AVAILABLE,-5564,-6620,4
fp1sig-d0f8c8f67e14ae1713cdccea,HM2H2uefME5nBufJ83S3GQkGSWYzwtn9rxhGd9zqpump,15,2026-08-28T07:16:45.370799+00:00,AVAILABLE,-5144,-6620,7
fp1sig-d0f8c8f67e14ae1713cdccea,HM2H2uefME5nBufJ83S3GQkGSWYzwtn9rxhGd9zqpump,20,2026-08-28T07:16:50.370799+00:00,AVAILABLE,-3844,-6620,10
fp1sig-d0f8c8f67e14ae1713cdccea,HM2H2uefME5nBufJ83S3GQkGSWYzwtn9rxhGd9zqpump,30,2026-08-28T07:17:00.370799+00:00,AVAILABLE,-3844,-6620,18
fp1sig-d0f8c8f67e14ae1713cdccea,HM2H2uefME5nBufJ83S3GQkGSWYzwtn9rxhGd9zqpump,45,2026-08-28T07:17:15.370799+00:00,AVAILABLE,-3844,-7886,20
fp1sig-d0f8c8f67e14ae1713cdccea,HM2H2uefME5nBufJ83S3GQkGSWYzwtn9rxhGd9zqpump,60,2026-08-28T07:17:30.370799+00:00,AVAILABLE,-3844,-7886,21
fp1sig-d0f8c8f67e14ae1713cdccea,HM2H2uefME5nBufJ83S3GQkGSWYzwtn9rxhGd9zqpump,90,2026-08-28T07:18:00.370799+00:00,AVAILABLE,-3844,-7886,22
fp1sig-d0f8c8f67e14ae1713cdccea,HM2H2uefME5nBufJ83S3GQkGSWYzwtn9rxhGd9zqpump,120,2026-08-28T07:18:30.370799+00:00,AVAILABLE,-3844,-7886,22
fp1sig-d0f8c8f67e14ae1713cdccea,HM2H2uefME5nBufJ83S3GQkGSWYzwtn9rxhGd9zqpump,180,2026-08-28T07:19:30.370799+00:00,AVAILABLE,-3844,-7886,22
fp1sig-d0f8c8f67e14ae1713cdccea,HM2H2uefME5nBufJ83S3GQkGSWYzwtn9rxhGd9zqpump,300,2026-08-28T07:21:30.370799+00:00,AVAILABLE,-3844,-7886,22
fp1sig-d146acb7828157b52fe14331,D559waVKgYPRtfACWkcZ2gZXca1vpHizCoMrm2itpump,5,2026-08-28T02:55:47.420660+00:00,AVAILABLE,1894,1894,1
fp1sig-d146acb7828157b52fe14331,D559waVKgYPRtfACWkcZ2gZXca1vpHizCoMrm2itpump,10,2026-08-28T02:55:52.420660+00:00,AVAILABLE,2570,1894,3
fp1sig-d146acb7828157b52fe14331,D559waVKgYPRtfACWkcZ2gZXca1vpHizCoMrm2itpump,15,2026-08-28T02:55:57.420660+00:00,AVAILABLE,2596,-2663,7
fp1sig-d146acb7828157b52fe14331,D559waVKgYPRtfACWkcZ2gZXca1vpHizCoMrm2itpump,20,2026-08-28T02:56:02.420660+00:00,AVAILABLE,2596,-2663,9
fp1sig-d146acb7828157b52fe14331,D559waVKgYPRtfACWkcZ2gZXca1vpHizCoMrm2itpump,30,2026-08-28T02:56:12.420660+00:00,AVAILABLE,2596,-2663,14
fp1sig-d146acb7828157b52fe14331,D559waVKgYPRtfACWkcZ2gZXca1vpHizCoMrm2itpump,45,2026-08-28T02:56:27.420660+00:00,AVAILABLE,4999,-2663,22
fp1sig-d146acb7828157b52fe14331,D559waVKgYPRtfACWkcZ2gZXca1vpHizCoMrm2itpump,60,2026-08-28T02:56:42.420660+00:00,AVAILABLE,5583,-2663,32
fp1sig-d146acb7828157b52fe14331,D559waVKgYPRtfACWkcZ2gZXca1vpHizCoMrm2itpump,90,2026-08-28T02:57:12.420660+00:00,AVAILABLE,5583,-8140,62
fp1sig-d146acb7828157b52fe14331,D559waVKgYPRtfACWkcZ2gZXca1vpHizCoMrm2itpump,120,2026-08-28T02:57:42.420660+00:00,AVAILABLE,5583,-9668,106
fp1sig-d146acb7828157b52fe14331,D559waVKgYPRtfACWkcZ2gZXca1vpHizCoMrm2itpump,180,2026-08-28T02:58:42.420660+00:00,AVAILABLE,5583,-9798,172
fp1sig-d146acb7828157b52fe14331,D559waVKgYPRtfACWkcZ2gZXca1vpHizCoMrm2itpump,300,2026-08-28T03:00:42.420660+00:00,AVAILABLE,5583,-9829,217
fp1sig-d177f231812078f2a24f20b2,25J3VdQHDUmwQ39vGZLTLhBtxHktPJuybCaoJsBKpump,5,2026-08-28T12:13:17.662772+00:00,AVAILABLE,634,634,1
fp1sig-d177f231812078f2a24f20b2,25J3VdQHDUmwQ39vGZLTLhBtxHktPJuybCaoJsBKpump,10,2026-08-28T12:13:22.662772+00:00,AVAILABLE,634,634,1
fp1sig-d177f231812078f2a24f20b2,25J3VdQHDUmwQ39vGZLTLhBtxHktPJuybCaoJsBKpump,15,2026-08-28T12:13:27.662772+00:00,AVAILABLE,634,634,1
fp1sig-d177f231812078f2a24f20b2,25J3VdQHDUmwQ39vGZLTLhBtxHktPJuybCaoJsBKpump,20,2026-08-28T12:13:32.662772+00:00,AVAILABLE,634,634,1
fp1sig-d177f231812078f2a24f20b2,25J3VdQHDUmwQ39vGZLTLhBtxHktPJuybCaoJsBKpump,30,2026-08-28T12:13:42.662772+00:00,AVAILABLE,634,634,1
fp1sig-d177f231812078f2a24f20b2,25J3VdQHDUmwQ39vGZLTLhBtxHktPJuybCaoJsBKpump,45,2026-08-28T12:13:57.662772+00:00,AVAILABLE,1134,301,6
fp1sig-d177f231812078f2a24f20b2,25J3VdQHDUmwQ39vGZLTLhBtxHktPJuybCaoJsBKpump,60,2026-08-28T12:14:12.662772+00:00,AVAILABLE,1134,301,7
fp1sig-d177f231812078f2a24f20b2,25J3VdQHDUmwQ39vGZLTLhBtxHktPJuybCaoJsBKpump,90,2026-08-28T12:14:42.662772+00:00,AVAILABLE,1134,115,8
fp1sig-d177f231812078f2a24f20b2,25J3VdQHDUmwQ39vGZLTLhBtxHktPJuybCaoJsBKpump,120,2026-08-28T12:15:12.662772+00:00,AVAILABLE,1134,-3371,21
fp1sig-d177f231812078f2a24f20b2,25J3VdQHDUmwQ39vGZLTLhBtxHktPJuybCaoJsBKpump,180,2026-08-28T12:16:12.662772+00:00,AVAILABLE,1134,-3371,21
fp1sig-d177f231812078f2a24f20b2,25J3VdQHDUmwQ39vGZLTLhBtxHktPJuybCaoJsBKpump,300,2026-08-28T12:18:12.662772+00:00,AVAILABLE,1134,-3371,21
fp1sig-d1847a016d8360b55777a63b,GxW73nQogqymCauq5Asymqghtz2NtroZhoSKB5dhXoG4,5,2026-08-27T18:32:23.114348+00:00,AVAILABLE,2847,1327,3
fp1sig-d1847a016d8360b55777a63b,GxW73nQogqymCauq5Asymqghtz2NtroZhoSKB5dhXoG4,10,2026-08-27T18:32:28.114348+00:00,AVAILABLE,3603,1327,5
fp1sig-d1847a016d8360b55777a63b,GxW73nQogqymCauq5Asymqghtz2NtroZhoSKB5dhXoG4,15,2026-08-27T18:32:33.114348+00:00,AVAILABLE,3603,1327,5
fp1sig-d1847a016d8360b55777a63b,GxW73nQogqymCauq5Asymqghtz2NtroZhoSKB5dhXoG4,20,2026-08-27T18:32:38.114348+00:00,AVAILABLE,3603,1327,5
fp1sig-d1847a016d8360b55777a63b,GxW73nQogqymCauq5Asymqghtz2NtroZhoSKB5dhXoG4,30,2026-08-27T18:32:48.114348+00:00,AVAILABLE,3615,1327,6
fp1sig-d1847a016d8360b55777a63b,GxW73nQogqymCauq5Asymqghtz2NtroZhoSKB5dhXoG4,45,2026-08-27T18:33:03.114348+00:00,AVAILABLE,8014,1327,13
fp1sig-d1847a016d8360b55777a63b,GxW73nQogqymCauq5Asymqghtz2NtroZhoSKB5dhXoG4,60,2026-08-27T18:33:18.114348+00:00,AVAILABLE,8238,1327,15
fp1sig-d1847a016d8360b55777a63b,GxW73nQogqymCauq5Asymqghtz2NtroZhoSKB5dhXoG4,90,2026-08-27T18:33:48.114348+00:00,AVAILABLE,8238,1327,17
fp1sig-d1847a016d8360b55777a63b,GxW73nQogqymCauq5Asymqghtz2NtroZhoSKB5dhXoG4,120,2026-08-27T18:34:18.114348+00:00,AVAILABLE,8238,1327,17
fp1sig-d1847a016d8360b55777a63b,GxW73nQogqymCauq5Asymqghtz2NtroZhoSKB5dhXoG4,180,2026-08-27T18:35:18.114348+00:00,AVAILABLE,8238,1327,17
fp1sig-d1847a016d8360b55777a63b,GxW73nQogqymCauq5Asymqghtz2NtroZhoSKB5dhXoG4,300,2026-08-27T18:37:18.114348+00:00,AVAILABLE,8238,1327,17
fp1sig-d1effb00e93a24ecdd09b0e9,CEPqet6t3wpMoifBZjCZ8oPfQwEKVDYYu9pDfu99pump,5,2026-08-27T22:29:29.181235+00:00,MISSING,,,0
fp1sig-d1effb00e93a24ecdd09b0e9,CEPqet6t3wpMoifBZjCZ8oPfQwEKVDYYu9pDfu99pump,10,2026-08-27T22:29:34.181235+00:00,AVAILABLE,4772,4772,1
fp1sig-d1effb00e93a24ecdd09b0e9,CEPqet6t3wpMoifBZjCZ8oPfQwEKVDYYu9pDfu99pump,15,2026-08-27T22:29:39.181235+00:00,AVAILABLE,4772,4772,1
fp1sig-d1effb00e93a24ecdd09b0e9,CEPqet6t3wpMoifBZjCZ8oPfQwEKVDYYu9pDfu99pump,20,2026-08-27T22:29:44.181235+00:00,AVAILABLE,4772,4772,1
fp1sig-d1effb00e93a24ecdd09b0e9,CEPqet6t3wpMoifBZjCZ8oPfQwEKVDYYu9pDfu99pump,30,2026-08-27T22:29:54.181235+00:00,AVAILABLE,6835,4772,2
fp1sig-d1effb00e93a24ecdd09b0e9,CEPqet6t3wpMoifBZjCZ8oPfQwEKVDYYu9pDfu99pump,45,2026-08-27T22:30:09.181235+00:00,AVAILABLE,6835,4772,3
fp1sig-d1effb00e93a24ecdd09b0e9,CEPqet6t3wpMoifBZjCZ8oPfQwEKVDYYu9pDfu99pump,60,2026-08-27T22:30:24.181235+00:00,AVAILABLE,6835,4772,5
fp1sig-d1effb00e93a24ecdd09b0e9,CEPqet6t3wpMoifBZjCZ8oPfQwEKVDYYu9pDfu99pump,90,2026-08-27T22:30:54.181235+00:00,AVAILABLE,6835,2834,8
fp1sig-d1effb00e93a24ecdd09b0e9,CEPqet6t3wpMoifBZjCZ8oPfQwEKVDYYu9pDfu99pump,120,2026-08-27T22:31:24.181235+00:00,AVAILABLE,6835,-243,11
fp1sig-d1effb00e93a24ecdd09b0e9,CEPqet6t3wpMoifBZjCZ8oPfQwEKVDYYu9pDfu99pump,180,2026-08-27T22:32:24.181235+00:00,AVAILABLE,6835,-6064,24
fp1sig-d1effb00e93a24ecdd09b0e9,CEPqet6t3wpMoifBZjCZ8oPfQwEKVDYYu9pDfu99pump,300,2026-08-27T22:34:24.181235+00:00,AVAILABLE,6835,-7730,36
fp1sig-d20bad405fb3084cb6c972cd,4npgbWU3CQrFShWDZjwV3FarTkRjJ9VFZkM6JTtZpump,5,2026-08-28T01:11:43.897924+00:00,MISSING,,,0
fp1sig-d20bad405fb3084cb6c972cd,4npgbWU3CQrFShWDZjwV3FarTkRjJ9VFZkM6JTtZpump,10,2026-08-28T01:11:48.897924+00:00,MISSING,,,0
fp1sig-d20bad405fb3084cb6c972cd,4npgbWU3CQrFShWDZjwV3FarTkRjJ9VFZkM6JTtZpump,15,2026-08-28T01:11:53.897924+00:00,AVAILABLE,-2149,-2149,1
fp1sig-d20bad405fb3084cb6c972cd,4npgbWU3CQrFShWDZjwV3FarTkRjJ9VFZkM6JTtZpump,20,2026-08-28T01:11:58.897924+00:00,AVAILABLE,-2149,-2149,1
fp1sig-d20bad405fb3084cb6c972cd,4npgbWU3CQrFShWDZjwV3FarTkRjJ9VFZkM6JTtZpump,30,2026-08-28T01:12:08.897924+00:00,AVAILABLE,-383,-2149,2
fp1sig-d20bad405fb3084cb6c972cd,4npgbWU3CQrFShWDZjwV3FarTkRjJ9VFZkM6JTtZpump,45,2026-08-28T01:12:23.897924+00:00,AVAILABLE,-383,-2149,2
fp1sig-d20bad405fb3084cb6c972cd,4npgbWU3CQrFShWDZjwV3FarTkRjJ9VFZkM6JTtZpump,60,2026-08-28T01:12:38.897924+00:00,AVAILABLE,-383,-2149,2
fp1sig-d20bad405fb3084cb6c972cd,4npgbWU3CQrFShWDZjwV3FarTkRjJ9VFZkM6JTtZpump,90,2026-08-28T01:13:08.897924+00:00,AVAILABLE,-383,-5066,4
fp1sig-d20bad405fb3084cb6c972cd,4npgbWU3CQrFShWDZjwV3FarTkRjJ9VFZkM6JTtZpump,120,2026-08-28T01:13:38.897924+00:00,AVAILABLE,-383,-5066,4
fp1sig-d20bad405fb3084cb6c972cd,4npgbWU3CQrFShWDZjwV3FarTkRjJ9VFZkM6JTtZpump,180,2026-08-28T01:14:38.897924+00:00,AVAILABLE,-383,-5091,6
fp1sig-d20bad405fb3084cb6c972cd,4npgbWU3CQrFShWDZjwV3FarTkRjJ9VFZkM6JTtZpump,300,2026-08-28T01:16:38.897924+00:00,AVAILABLE,-383,-5091,6
fp1sig-d29644409612b96ee362fd06,BV7PCyWa4u8Zpz7A8zVXcwfxqb7tMKVPR5NZJEnZpump,5,2026-08-27T23:48:40.863616+00:00,AVAILABLE,-5257,-5257,1
fp1sig-d29644409612b96ee362fd06,BV7PCyWa4u8Zpz7A8zVXcwfxqb7tMKVPR5NZJEnZpump,10,2026-08-27T23:48:45.863616+00:00,AVAILABLE,-5239,-5257,2
fp1sig-d29644409612b96ee362fd06,BV7PCyWa4u8Zpz7A8zVXcwfxqb7tMKVPR5NZJEnZpump,15,2026-08-27T23:48:50.863616+00:00,AVAILABLE,-3699,-5257,3
fp1sig-d29644409612b96ee362fd06,BV7PCyWa4u8Zpz7A8zVXcwfxqb7tMKVPR5NZJEnZpump,20,2026-08-27T23:48:55.863616+00:00,AVAILABLE,-3699,-5522,5
fp1sig-d29644409612b96ee362fd06,BV7PCyWa4u8Zpz7A8zVXcwfxqb7tMKVPR5NZJEnZpump,30,2026-08-27T23:49:05.863616+00:00,AVAILABLE,-3699,-5522,5
fp1sig-d29644409612b96ee362fd06,BV7PCyWa4u8Zpz7A8zVXcwfxqb7tMKVPR5NZJEnZpump,45,2026-08-27T23:49:20.863616+00:00,AVAILABLE,-3699,-5522,7
fp1sig-d29644409612b96ee362fd06,BV7PCyWa4u8Zpz7A8zVXcwfxqb7tMKVPR5NZJEnZpump,60,2026-08-27T23:49:35.863616+00:00,AVAILABLE,-2932,-5522,12
fp1sig-d29644409612b96ee362fd06,BV7PCyWa4u8Zpz7A8zVXcwfxqb7tMKVPR5NZJEnZpump,90,2026-08-27T23:50:05.863616+00:00,AVAILABLE,-2932,-6165,18
fp1sig-d29644409612b96ee362fd06,BV7PCyWa4u8Zpz7A8zVXcwfxqb7tMKVPR5NZJEnZpump,120,2026-08-27T23:50:35.863616+00:00,AVAILABLE,-2932,-6457,22
fp1sig-d29644409612b96ee362fd06,BV7PCyWa4u8Zpz7A8zVXcwfxqb7tMKVPR5NZJEnZpump,180,2026-08-27T23:51:35.863616+00:00,AVAILABLE,-2932,-7116,35
fp1sig-d29644409612b96ee362fd06,BV7PCyWa4u8Zpz7A8zVXcwfxqb7tMKVPR5NZJEnZpump,300,2026-08-27T23:53:35.863616+00:00,AVAILABLE,4129,-7295,85
fp1sig-d2c769c2f59c616f89d50537,34mK6pt1mDZgCwczVoUf2HPE7P5hKPfZJPhwyYBMpump,5,2026-08-27T20:14:57.721337+00:00,AVAILABLE,64,64,1
fp1sig-d2c769c2f59c616f89d50537,34mK6pt1mDZgCwczVoUf2HPE7P5hKPfZJPhwyYBMpump,10,2026-08-27T20:15:02.721337+00:00,AVAILABLE,108,64,2
fp1sig-d2c769c2f59c616f89d50537,34mK6pt1mDZgCwczVoUf2HPE7P5hKPfZJPhwyYBMpump,15,2026-08-27T20:15:07.721337+00:00,AVAILABLE,108,-1547,6
fp1sig-d2c769c2f59c616f89d50537,34mK6pt1mDZgCwczVoUf2HPE7P5hKPfZJPhwyYBMpump,20,2026-08-27T20:15:12.721337+00:00,AVAILABLE,108,-1547,6
fp1sig-d2c769c2f59c616f89d50537,34mK6pt1mDZgCwczVoUf2HPE7P5hKPfZJPhwyYBMpump,30,2026-08-27T20:15:22.721337+00:00,AVAILABLE,108,-1582,8
fp1sig-d2c769c2f59c616f89d50537,34mK6pt1mDZgCwczVoUf2HPE7P5hKPfZJPhwyYBMpump,45,2026-08-27T20:15:37.721337+00:00,AVAILABLE,108,-5335,19
fp1sig-d2c769c2f59c616f89d50537,34mK6pt1mDZgCwczVoUf2HPE7P5hKPfZJPhwyYBMpump,60,2026-08-27T20:15:52.721337+00:00,AVAILABLE,108,-5335,20
fp1sig-d2c769c2f59c616f89d50537,34mK6pt1mDZgCwczVoUf2HPE7P5hKPfZJPhwyYBMpump,90,2026-08-27T20:16:22.721337+00:00,AVAILABLE,108,-5335,21
fp1sig-d2c769c2f59c616f89d50537,34mK6pt1mDZgCwczVoUf2HPE7P5hKPfZJPhwyYBMpump,120,2026-08-27T20:16:52.721337+00:00,AVAILABLE,108,-5335,28
fp1sig-d2c769c2f59c616f89d50537,34mK6pt1mDZgCwczVoUf2HPE7P5hKPfZJPhwyYBMpump,180,2026-08-27T20:17:52.721337+00:00,AVAILABLE,108,-5381,31
fp1sig-d2c769c2f59c616f89d50537,34mK6pt1mDZgCwczVoUf2HPE7P5hKPfZJPhwyYBMpump,300,2026-08-27T20:19:52.721337+00:00,AVAILABLE,108,-5415,34
fp1sig-d2cc9ed5a36e01ff5c44fbaf,7AatWUQA3tKZyXFLktEgoGdFxZAgjEK32SeuSH44pump,5,2026-08-28T10:47:49.169276+00:00,AVAILABLE,-1372,-2348,2
fp1sig-d2cc9ed5a36e01ff5c44fbaf,7AatWUQA3tKZyXFLktEgoGdFxZAgjEK32SeuSH44pump,10,2026-08-28T10:47:54.169276+00:00,AVAILABLE,-1372,-2348,2
fp1sig-d2cc9ed5a36e01ff5c44fbaf,7AatWUQA3tKZyXFLktEgoGdFxZAgjEK32SeuSH44pump,15,2026-08-28T10:47:59.169276+00:00,AVAILABLE,-1372,-2348,2
fp1sig-d2cc9ed5a36e01ff5c44fbaf,7AatWUQA3tKZyXFLktEgoGdFxZAgjEK32SeuSH44pump,20,2026-08-28T10:48:04.169276+00:00,AVAILABLE,-1372,-2348,2
fp1sig-d2cc9ed5a36e01ff5c44fbaf,7AatWUQA3tKZyXFLktEgoGdFxZAgjEK32SeuSH44pump,30,2026-08-28T10:48:14.169276+00:00,AVAILABLE,-1372,-2348,2
fp1sig-d2cc9ed5a36e01ff5c44fbaf,7AatWUQA3tKZyXFLktEgoGdFxZAgjEK32SeuSH44pump,45,2026-08-28T10:48:29.169276+00:00,AVAILABLE,-1372,-2348,2
fp1sig-d2cc9ed5a36e01ff5c44fbaf,7AatWUQA3tKZyXFLktEgoGdFxZAgjEK32SeuSH44pump,60,2026-08-28T10:48:44.169276+00:00,AVAILABLE,-1372,-2348,2
fp1sig-d2cc9ed5a36e01ff5c44fbaf,7AatWUQA3tKZyXFLktEgoGdFxZAgjEK32SeuSH44pump,90,2026-08-28T10:49:14.169276+00:00,AVAILABLE,-1372,-2348,2
fp1sig-d2cc9ed5a36e01ff5c44fbaf,7AatWUQA3tKZyXFLktEgoGdFxZAgjEK32SeuSH44pump,120,2026-08-28T10:49:44.169276+00:00,AVAILABLE,-1372,-2348,2
fp1sig-d2cc9ed5a36e01ff5c44fbaf,7AatWUQA3tKZyXFLktEgoGdFxZAgjEK32SeuSH44pump,180,2026-08-28T10:50:44.169276+00:00,AVAILABLE,-1372,-2348,2
fp1sig-d2cc9ed5a36e01ff5c44fbaf,7AatWUQA3tKZyXFLktEgoGdFxZAgjEK32SeuSH44pump,300,2026-08-28T10:52:44.169276+00:00,AVAILABLE,-1370,-2348,5
fp1sig-d32d7d4b798eb2445cde25e3,3ip5asZefkm2RKU5GECwVr6ycrk62sGhaQbJMqqgpump,5,2026-08-28T10:36:44.041996+00:00,AVAILABLE,754,142,6
fp1sig-d32d7d4b798eb2445cde25e3,3ip5asZefkm2RKU5GECwVr6ycrk62sGhaQbJMqqgpump,10,2026-08-28T10:36:49.041996+00:00,AVAILABLE,754,-88,7
fp1sig-d32d7d4b798eb2445cde25e3,3ip5asZefkm2RKU5GECwVr6ycrk62sGhaQbJMqqgpump,15,2026-08-28T10:36:54.041996+00:00,AVAILABLE,754,-1180,11
fp1sig-d32d7d4b798eb2445cde25e3,3ip5asZefkm2RKU5GECwVr6ycrk62sGhaQbJMqqgpump,20,2026-08-28T10:36:59.041996+00:00,AVAILABLE,754,-1258,15
fp1sig-d32d7d4b798eb2445cde25e3,3ip5asZefkm2RKU5GECwVr6ycrk62sGhaQbJMqqgpump,30,2026-08-28T10:37:09.041996+00:00,AVAILABLE,1793,-1258,25
fp1sig-d32d7d4b798eb2445cde25e3,3ip5asZefkm2RKU5GECwVr6ycrk62sGhaQbJMqqgpump,45,2026-08-28T10:37:24.041996+00:00,AVAILABLE,1793,-1258,30
fp1sig-d32d7d4b798eb2445cde25e3,3ip5asZefkm2RKU5GECwVr6ycrk62sGhaQbJMqqgpump,60,2026-08-28T10:37:39.041996+00:00,AVAILABLE,2074,-1258,32
fp1sig-d32d7d4b798eb2445cde25e3,3ip5asZefkm2RKU5GECwVr6ycrk62sGhaQbJMqqgpump,90,2026-08-28T10:38:09.041996+00:00,AVAILABLE,2074,-1258,34
fp1sig-d32d7d4b798eb2445cde25e3,3ip5asZefkm2RKU5GECwVr6ycrk62sGhaQbJMqqgpump,120,2026-08-28T10:38:39.041996+00:00,AVAILABLE,2074,-1258,43
fp1sig-d32d7d4b798eb2445cde25e3,3ip5asZefkm2RKU5GECwVr6ycrk62sGhaQbJMqqgpump,180,2026-08-28T10:39:39.041996+00:00,AVAILABLE,4489,-1881,111
fp1sig-d32d7d4b798eb2445cde25e3,3ip5asZefkm2RKU5GECwVr6ycrk62sGhaQbJMqqgpump,300,2026-08-28T10:41:39.041996+00:00,AVAILABLE,5943,-1881,183
fp1sig-d3c64f50d7a8a417c0e8e70e,6r2SccWfafTP4L1mggn8GgURbCmRA9Gpur5PwCd9pump,5,2026-08-27T22:44:08.419393+00:00,AVAILABLE,-801,-812,3
fp1sig-d3c64f50d7a8a417c0e8e70e,6r2SccWfafTP4L1mggn8GgURbCmRA9Gpur5PwCd9pump,10,2026-08-27T22:44:13.419393+00:00,AVAILABLE,-790,-812,5
fp1sig-d3c64f50d7a8a417c0e8e70e,6r2SccWfafTP4L1mggn8GgURbCmRA9Gpur5PwCd9pump,15,2026-08-27T22:44:18.419393+00:00,AVAILABLE,-790,-812,5
fp1sig-d3c64f50d7a8a417c0e8e70e,6r2SccWfafTP4L1mggn8GgURbCmRA9Gpur5PwCd9pump,20,2026-08-27T22:44:23.419393+00:00,AVAILABLE,-790,-812,5
fp1sig-d3c64f50d7a8a417c0e8e70e,6r2SccWfafTP4L1mggn8GgURbCmRA9Gpur5PwCd9pump,30,2026-08-27T22:44:33.419393+00:00,AVAILABLE,341,-812,6
fp1sig-d3c64f50d7a8a417c0e8e70e,6r2SccWfafTP4L1mggn8GgURbCmRA9Gpur5PwCd9pump,45,2026-08-27T22:44:48.419393+00:00,AVAILABLE,4155,-812,10
fp1sig-d3c64f50d7a8a417c0e8e70e,6r2SccWfafTP4L1mggn8GgURbCmRA9Gpur5PwCd9pump,60,2026-08-27T22:45:03.419393+00:00,AVAILABLE,5383,-812,11
fp1sig-d3c64f50d7a8a417c0e8e70e,6r2SccWfafTP4L1mggn8GgURbCmRA9Gpur5PwCd9pump,90,2026-08-27T22:45:33.419393+00:00,AVAILABLE,5427,-812,30
fp1sig-d3c64f50d7a8a417c0e8e70e,6r2SccWfafTP4L1mggn8GgURbCmRA9Gpur5PwCd9pump,120,2026-08-27T22:46:03.419393+00:00,AVAILABLE,5427,-812,37
fp1sig-d3c64f50d7a8a417c0e8e70e,6r2SccWfafTP4L1mggn8GgURbCmRA9Gpur5PwCd9pump,180,2026-08-27T22:47:03.419393+00:00,AVAILABLE,5427,-812,48
fp1sig-d3c64f50d7a8a417c0e8e70e,6r2SccWfafTP4L1mggn8GgURbCmRA9Gpur5PwCd9pump,300,2026-08-27T22:49:03.419393+00:00,AVAILABLE,6805,-812,73
fp1sig-d427ae27610b0d97f733cc32,CnfYJY3ezWJzJmPzLfhStq1EsCnCRs1SkmaH5NUcpump,5,2026-08-28T10:16:16.806591+00:00,MISSING,,,0
fp1sig-d427ae27610b0d97f733cc32,CnfYJY3ezWJzJmPzLfhStq1EsCnCRs1SkmaH5NUcpump,10,2026-08-28T10:16:21.806591+00:00,AVAILABLE,924,-1278,4
fp1sig-d427ae27610b0d97f733cc32,CnfYJY3ezWJzJmPzLfhStq1EsCnCRs1SkmaH5NUcpump,15,2026-08-28T10:16:26.806591+00:00,AVAILABLE,924,-1374,8
fp1sig-d427ae27610b0d97f733cc32,CnfYJY3ezWJzJmPzLfhStq1EsCnCRs1SkmaH5NUcpump,20,2026-08-28T10:16:31.806591+00:00,AVAILABLE,924,-1374,11
fp1sig-d427ae27610b0d97f733cc32,CnfYJY3ezWJzJmPzLfhStq1EsCnCRs1SkmaH5NUcpump,30,2026-08-28T10:16:41.806591+00:00,AVAILABLE,924,-1374,11
fp1sig-d427ae27610b0d97f733cc32,CnfYJY3ezWJzJmPzLfhStq1EsCnCRs1SkmaH5NUcpump,45,2026-08-28T10:16:56.806591+00:00,AVAILABLE,924,-1374,11
fp1sig-d427ae27610b0d97f733cc32,CnfYJY3ezWJzJmPzLfhStq1EsCnCRs1SkmaH5NUcpump,60,2026-08-28T10:17:11.806591+00:00,AVAILABLE,924,-1374,11
fp1sig-d427ae27610b0d97f733cc32,CnfYJY3ezWJzJmPzLfhStq1EsCnCRs1SkmaH5NUcpump,90,2026-08-28T10:17:41.806591+00:00,AVAILABLE,924,-1374,11
fp1sig-d427ae27610b0d97f733cc32,CnfYJY3ezWJzJmPzLfhStq1EsCnCRs1SkmaH5NUcpump,120,2026-08-28T10:18:11.806591+00:00,AVAILABLE,924,-1374,11
fp1sig-d427ae27610b0d97f733cc32,CnfYJY3ezWJzJmPzLfhStq1EsCnCRs1SkmaH5NUcpump,180,2026-08-28T10:19:11.806591+00:00,AVAILABLE,924,-1374,11
fp1sig-d427ae27610b0d97f733cc32,CnfYJY3ezWJzJmPzLfhStq1EsCnCRs1SkmaH5NUcpump,300,2026-08-28T10:21:11.806591+00:00,AVAILABLE,924,-1374,11
fp1sig-d4714296372dba5d8ac357f8,4TTtWtFeskgPZFEET6gq7RAWroCqpa6YFVGpKk1Npump,5,2026-08-28T02:40:34.065369+00:00,AVAILABLE,147,147,1
fp1sig-d4714296372dba5d8ac357f8,4TTtWtFeskgPZFEET6gq7RAWroCqpa6YFVGpKk1Npump,10,2026-08-28T02:40:39.065369+00:00,AVAILABLE,147,147,1
fp1sig-d4714296372dba5d8ac357f8,4TTtWtFeskgPZFEET6gq7RAWroCqpa6YFVGpKk1Npump,15,2026-08-28T02:40:44.065369+00:00,AVAILABLE,147,147,1
fp1sig-d4714296372dba5d8ac357f8,4TTtWtFeskgPZFEET6gq7RAWroCqpa6YFVGpKk1Npump,20,2026-08-28T02:40:49.065369+00:00,AVAILABLE,174,147,2
fp1sig-d4714296372dba5d8ac357f8,4TTtWtFeskgPZFEET6gq7RAWroCqpa6YFVGpKk1Npump,30,2026-08-28T02:40:59.065369+00:00,AVAILABLE,719,147,7
fp1sig-d4714296372dba5d8ac357f8,4TTtWtFeskgPZFEET6gq7RAWroCqpa6YFVGpKk1Npump,45,2026-08-28T02:41:14.065369+00:00,AVAILABLE,719,-1184,9
fp1sig-d4714296372dba5d8ac357f8,4TTtWtFeskgPZFEET6gq7RAWroCqpa6YFVGpKk1Npump,60,2026-08-28T02:41:29.065369+00:00,AVAILABLE,719,-2682,12
fp1sig-d4714296372dba5d8ac357f8,4TTtWtFeskgPZFEET6gq7RAWroCqpa6YFVGpKk1Npump,90,2026-08-28T02:41:59.065369+00:00,AVAILABLE,719,-3302,16
fp1sig-d4714296372dba5d8ac357f8,4TTtWtFeskgPZFEET6gq7RAWroCqpa6YFVGpKk1Npump,120,2026-08-28T02:42:29.065369+00:00,AVAILABLE,719,-3302,16
fp1sig-d4714296372dba5d8ac357f8,4TTtWtFeskgPZFEET6gq7RAWroCqpa6YFVGpKk1Npump,180,2026-08-28T02:43:29.065369+00:00,AVAILABLE,719,-3302,16
fp1sig-d4714296372dba5d8ac357f8,4TTtWtFeskgPZFEET6gq7RAWroCqpa6YFVGpKk1Npump,300,2026-08-28T02:45:29.065369+00:00,AVAILABLE,719,-3302,16
fp1sig-d4da5f4f7c13e0d56f13da93,5RZyVpkcM8VgQx94okaL1CcwkBnDNAMBtrndRyhSpump,5,2026-08-28T07:38:02.135090+00:00,MISSING,,,0
fp1sig-d4da5f4f7c13e0d56f13da93,5RZyVpkcM8VgQx94okaL1CcwkBnDNAMBtrndRyhSpump,10,2026-08-28T07:38:07.135090+00:00,MISSING,,,0
fp1sig-d4da5f4f7c13e0d56f13da93,5RZyVpkcM8VgQx94okaL1CcwkBnDNAMBtrndRyhSpump,15,2026-08-28T07:38:12.135090+00:00,AVAILABLE,-2251,-2251,1
fp1sig-d4da5f4f7c13e0d56f13da93,5RZyVpkcM8VgQx94okaL1CcwkBnDNAMBtrndRyhSpump,20,2026-08-28T07:38:17.135090+00:00,AVAILABLE,-843,-2251,2
fp1sig-d4da5f4f7c13e0d56f13da93,5RZyVpkcM8VgQx94okaL1CcwkBnDNAMBtrndRyhSpump,30,2026-08-28T07:38:27.135090+00:00,AVAILABLE,-843,-2251,3
fp1sig-d4da5f4f7c13e0d56f13da93,5RZyVpkcM8VgQx94okaL1CcwkBnDNAMBtrndRyhSpump,45,2026-08-28T07:38:42.135090+00:00,AVAILABLE,1677,-2251,4
fp1sig-d4da5f4f7c13e0d56f13da93,5RZyVpkcM8VgQx94okaL1CcwkBnDNAMBtrndRyhSpump,60,2026-08-28T07:38:57.135090+00:00,AVAILABLE,1677,-2251,4
fp1sig-d4da5f4f7c13e0d56f13da93,5RZyVpkcM8VgQx94okaL1CcwkBnDNAMBtrndRyhSpump,90,2026-08-28T07:39:27.135090+00:00,AVAILABLE,1677,-2251,5
fp1sig-d4da5f4f7c13e0d56f13da93,5RZyVpkcM8VgQx94okaL1CcwkBnDNAMBtrndRyhSpump,120,2026-08-28T07:39:57.135090+00:00,AVAILABLE,1796,-2251,6
fp1sig-d4da5f4f7c13e0d56f13da93,5RZyVpkcM8VgQx94okaL1CcwkBnDNAMBtrndRyhSpump,180,2026-08-28T07:40:57.135090+00:00,AVAILABLE,1796,-4299,8
fp1sig-d4da5f4f7c13e0d56f13da93,5RZyVpkcM8VgQx94okaL1CcwkBnDNAMBtrndRyhSpump,300,2026-08-28T07:42:57.135090+00:00,AVAILABLE,1796,-5887,13
fp1sig-d5568527b28ffb6c7afa6fc6,DNNG5dDuHxuwWPZFubjMr1XvNGkbeqyvoKUtYd5Zpump,5,2026-08-28T11:14:57.677916+00:00,AVAILABLE,2402,-280,2
fp1sig-d5568527b28ffb6c7afa6fc6,DNNG5dDuHxuwWPZFubjMr1XvNGkbeqyvoKUtYd5Zpump,10,2026-08-28T11:15:02.677916+00:00,AVAILABLE,2402,-280,3
fp1sig-d5568527b28ffb6c7afa6fc6,DNNG5dDuHxuwWPZFubjMr1XvNGkbeqyvoKUtYd5Zpump,15,2026-08-28T11:15:07.677916+00:00,AVAILABLE,2402,-2298,6
fp1sig-d5568527b28ffb6c7afa6fc6,DNNG5dDuHxuwWPZFubjMr1XvNGkbeqyvoKUtYd5Zpump,20,2026-08-28T11:15:12.677916+00:00,AVAILABLE,2402,-2298,8
fp1sig-d5568527b28ffb6c7afa6fc6,DNNG5dDuHxuwWPZFubjMr1XvNGkbeqyvoKUtYd5Zpump,30,2026-08-28T11:15:22.677916+00:00,AVAILABLE,2402,-2298,10
fp1sig-d5568527b28ffb6c7afa6fc6,DNNG5dDuHxuwWPZFubjMr1XvNGkbeqyvoKUtYd5Zpump,45,2026-08-28T11:15:37.677916+00:00,AVAILABLE,2402,-2298,13
fp1sig-d5568527b28ffb6c7afa6fc6,DNNG5dDuHxuwWPZFubjMr1XvNGkbeqyvoKUtYd5Zpump,60,2026-08-28T11:15:52.677916+00:00,AVAILABLE,2402,-2307,14
fp1sig-d5568527b28ffb6c7afa6fc6,DNNG5dDuHxuwWPZFubjMr1XvNGkbeqyvoKUtYd5Zpump,90,2026-08-28T11:16:22.677916+00:00,AVAILABLE,2402,-2307,14
fp1sig-d5568527b28ffb6c7afa6fc6,DNNG5dDuHxuwWPZFubjMr1XvNGkbeqyvoKUtYd5Zpump,120,2026-08-28T11:16:52.677916+00:00,AVAILABLE,2402,-2307,14
fp1sig-d5568527b28ffb6c7afa6fc6,DNNG5dDuHxuwWPZFubjMr1XvNGkbeqyvoKUtYd5Zpump,180,2026-08-28T11:17:52.677916+00:00,AVAILABLE,2402,-2307,14
fp1sig-d5568527b28ffb6c7afa6fc6,DNNG5dDuHxuwWPZFubjMr1XvNGkbeqyvoKUtYd5Zpump,300,2026-08-28T11:19:52.677916+00:00,AVAILABLE,2402,-2339,15
fp1sig-d6462926ad84838d40aeb4f8,2oQ7iHGVES7vNpBqqj14tsgcGBkJgVhJGqVPj6kkpump,5,2026-08-28T06:31:48.980932+00:00,MISSING,,,0
fp1sig-d6462926ad84838d40aeb4f8,2oQ7iHGVES7vNpBqqj14tsgcGBkJgVhJGqVPj6kkpump,10,2026-08-28T06:31:53.980932+00:00,AVAILABLE,-243,-243,1
fp1sig-d6462926ad84838d40aeb4f8,2oQ7iHGVES7vNpBqqj14tsgcGBkJgVhJGqVPj6kkpump,15,2026-08-28T06:31:58.980932+00:00,AVAILABLE,3167,-243,2
fp1sig-d6462926ad84838d40aeb4f8,2oQ7iHGVES7vNpBqqj14tsgcGBkJgVhJGqVPj6kkpump,20,2026-08-28T06:32:03.980932+00:00,AVAILABLE,3167,-243,3
fp1sig-d6462926ad84838d40aeb4f8,2oQ7iHGVES7vNpBqqj14tsgcGBkJgVhJGqVPj6kkpump,30,2026-08-28T06:32:13.980932+00:00,AVAILABLE,3167,-450,4
fp1sig-d6462926ad84838d40aeb4f8,2oQ7iHGVES7vNpBqqj14tsgcGBkJgVhJGqVPj6kkpump,45,2026-08-28T06:32:28.980932+00:00,AVAILABLE,3167,-2521,6
fp1sig-d6462926ad84838d40aeb4f8,2oQ7iHGVES7vNpBqqj14tsgcGBkJgVhJGqVPj6kkpump,60,2026-08-28T06:32:43.980932+00:00,AVAILABLE,3167,-2521,8
fp1sig-d6462926ad84838d40aeb4f8,2oQ7iHGVES7vNpBqqj14tsgcGBkJgVhJGqVPj6kkpump,90,2026-08-28T06:33:13.980932+00:00,AVAILABLE,3167,-6430,11
fp1sig-d6462926ad84838d40aeb4f8,2oQ7iHGVES7vNpBqqj14tsgcGBkJgVhJGqVPj6kkpump,120,2026-08-28T06:33:43.980932+00:00,AVAILABLE,3167,-6465,12
fp1sig-d6462926ad84838d40aeb4f8,2oQ7iHGVES7vNpBqqj14tsgcGBkJgVhJGqVPj6kkpump,180,2026-08-28T06:34:43.980932+00:00,AVAILABLE,3167,-6465,12
fp1sig-d6462926ad84838d40aeb4f8,2oQ7iHGVES7vNpBqqj14tsgcGBkJgVhJGqVPj6kkpump,300,2026-08-28T06:36:43.980932+00:00,AVAILABLE,3167,-6465,12
fp1sig-d69293d4244bd574c2641717,4VxEbwG815ERZhBBnmqmHgHGPidi7EFEH4hPnvbHpump,5,2026-08-27T22:41:51.702232+00:00,MISSING,,,0
fp1sig-d69293d4244bd574c2641717,4VxEbwG815ERZhBBnmqmHgHGPidi7EFEH4hPnvbHpump,10,2026-08-27T22:41:56.702232+00:00,AVAILABLE,-97,-97,1
fp1sig-d69293d4244bd574c2641717,4VxEbwG815ERZhBBnmqmHgHGPidi7EFEH4hPnvbHpump,15,2026-08-27T22:42:01.702232+00:00,AVAILABLE,406,-208,3
fp1sig-d69293d4244bd574c2641717,4VxEbwG815ERZhBBnmqmHgHGPidi7EFEH4hPnvbHpump,20,2026-08-27T22:42:06.702232+00:00,AVAILABLE,406,-208,3
fp1sig-d69293d4244bd574c2641717,4VxEbwG815ERZhBBnmqmHgHGPidi7EFEH4hPnvbHpump,30,2026-08-27T22:42:16.702232+00:00,AVAILABLE,728,-208,4
fp1sig-d69293d4244bd574c2641717,4VxEbwG815ERZhBBnmqmHgHGPidi7EFEH4hPnvbHpump,45,2026-08-27T22:42:31.702232+00:00,AVAILABLE,728,-726,9
fp1sig-d69293d4244bd574c2641717,4VxEbwG815ERZhBBnmqmHgHGPidi7EFEH4hPnvbHpump,60,2026-08-27T22:42:46.702232+00:00,AVAILABLE,728,-726,9
fp1sig-d69293d4244bd574c2641717,4VxEbwG815ERZhBBnmqmHgHGPidi7EFEH4hPnvbHpump,90,2026-08-27T22:43:16.702232+00:00,AVAILABLE,728,-726,9
fp1sig-d69293d4244bd574c2641717,4VxEbwG815ERZhBBnmqmHgHGPidi7EFEH4hPnvbHpump,120,2026-08-27T22:43:46.702232+00:00,AVAILABLE,728,-726,10
fp1sig-d69293d4244bd574c2641717,4VxEbwG815ERZhBBnmqmHgHGPidi7EFEH4hPnvbHpump,180,2026-08-27T22:44:46.702232+00:00,AVAILABLE,728,-726,11
fp1sig-d69293d4244bd574c2641717,4VxEbwG815ERZhBBnmqmHgHGPidi7EFEH4hPnvbHpump,300,2026-08-27T22:46:46.702232+00:00,AVAILABLE,728,-737,13
fp1sig-d6a577e1d450ef50696b9b5e,LoADKnMkDnFAz3RWPxdXkKrLKFz1GhCaPHnZugPaLzg,5,2026-08-28T05:34:10.691912+00:00,AVAILABLE,-354,-1370,3
fp1sig-d6a577e1d450ef50696b9b5e,LoADKnMkDnFAz3RWPxdXkKrLKFz1GhCaPHnZugPaLzg,10,2026-08-28T05:34:15.691912+00:00,AVAILABLE,-354,-1815,5
fp1sig-d6a577e1d450ef50696b9b5e,LoADKnMkDnFAz3RWPxdXkKrLKFz1GhCaPHnZugPaLzg,15,2026-08-28T05:34:20.691912+00:00,AVAILABLE,-354,-1815,6
fp1sig-d6a577e1d450ef50696b9b5e,LoADKnMkDnFAz3RWPxdXkKrLKFz1GhCaPHnZugPaLzg,20,2026-08-28T05:34:25.691912+00:00,AVAILABLE,-354,-2191,11
fp1sig-d6a577e1d450ef50696b9b5e,LoADKnMkDnFAz3RWPxdXkKrLKFz1GhCaPHnZugPaLzg,30,2026-08-28T05:34:35.691912+00:00,AVAILABLE,-354,-2191,16
fp1sig-d6a577e1d450ef50696b9b5e,LoADKnMkDnFAz3RWPxdXkKrLKFz1GhCaPHnZugPaLzg,45,2026-08-28T05:34:50.691912+00:00,AVAILABLE,-354,-2191,19
fp1sig-d6a577e1d450ef50696b9b5e,LoADKnMkDnFAz3RWPxdXkKrLKFz1GhCaPHnZugPaLzg,60,2026-08-28T05:35:05.691912+00:00,AVAILABLE,-354,-2220,28
fp1sig-d6a577e1d450ef50696b9b5e,LoADKnMkDnFAz3RWPxdXkKrLKFz1GhCaPHnZugPaLzg,90,2026-08-28T05:35:35.691912+00:00,AVAILABLE,-354,-2220,42
fp1sig-d6a577e1d450ef50696b9b5e,LoADKnMkDnFAz3RWPxdXkKrLKFz1GhCaPHnZugPaLzg,120,2026-08-28T05:36:05.691912+00:00,AVAILABLE,195,-2220,67
fp1sig-d6a577e1d450ef50696b9b5e,LoADKnMkDnFAz3RWPxdXkKrLKFz1GhCaPHnZugPaLzg,180,2026-08-28T05:37:05.691912+00:00,AVAILABLE,195,-2774,107
fp1sig-d6a577e1d450ef50696b9b5e,LoADKnMkDnFAz3RWPxdXkKrLKFz1GhCaPHnZugPaLzg,300,2026-08-28T05:39:05.691912+00:00,AVAILABLE,195,-3705,172
fp1sig-d7913b9c90779b4144458d25,6U8RBCNZt1t4dPndBdpHMGYBfDKSQTyVCk6Fc3Xapump,5,2026-08-28T03:55:16.166763+00:00,AVAILABLE,2020,-308,2
fp1sig-d7913b9c90779b4144458d25,6U8RBCNZt1t4dPndBdpHMGYBfDKSQTyVCk6Fc3Xapump,10,2026-08-28T03:55:21.166763+00:00,AVAILABLE,2020,-308,2
fp1sig-d7913b9c90779b4144458d25,6U8RBCNZt1t4dPndBdpHMGYBfDKSQTyVCk6Fc3Xapump,15,2026-08-28T03:55:26.166763+00:00,AVAILABLE,4160,-308,4
fp1sig-d7913b9c90779b4144458d25,6U8RBCNZt1t4dPndBdpHMGYBfDKSQTyVCk6Fc3Xapump,20,2026-08-28T03:55:31.166763+00:00,AVAILABLE,4160,-308,4
fp1sig-d7913b9c90779b4144458d25,6U8RBCNZt1t4dPndBdpHMGYBfDKSQTyVCk6Fc3Xapump,30,2026-08-28T03:55:41.166763+00:00,AVAILABLE,4160,-3316,6
fp1sig-d7913b9c90779b4144458d25,6U8RBCNZt1t4dPndBdpHMGYBfDKSQTyVCk6Fc3Xapump,45,2026-08-28T03:55:56.166763+00:00,AVAILABLE,4160,-3316,6
fp1sig-d7913b9c90779b4144458d25,6U8RBCNZt1t4dPndBdpHMGYBfDKSQTyVCk6Fc3Xapump,60,2026-08-28T03:56:11.166763+00:00,AVAILABLE,4160,-3316,8
fp1sig-d7913b9c90779b4144458d25,6U8RBCNZt1t4dPndBdpHMGYBfDKSQTyVCk6Fc3Xapump,90,2026-08-28T03:56:41.166763+00:00,AVAILABLE,4160,-5088,13
fp1sig-d7913b9c90779b4144458d25,6U8RBCNZt1t4dPndBdpHMGYBfDKSQTyVCk6Fc3Xapump,120,2026-08-28T03:57:11.166763+00:00,AVAILABLE,4160,-6469,18
fp1sig-d7913b9c90779b4144458d25,6U8RBCNZt1t4dPndBdpHMGYBfDKSQTyVCk6Fc3Xapump,180,2026-08-28T03:58:11.166763+00:00,AVAILABLE,4160,-6681,21
fp1sig-d7913b9c90779b4144458d25,6U8RBCNZt1t4dPndBdpHMGYBfDKSQTyVCk6Fc3Xapump,300,2026-08-28T04:00:11.166763+00:00,AVAILABLE,4160,-8594,42
fp1sig-d89b4563cc899747e4f9e865,4vai9R4LrWqCParLZvtdGwjE1NoT3rcM14m2yX1dpump,5,2026-08-27T19:42:30.590618+00:00,AVAILABLE,440,440,1
fp1sig-d89b4563cc899747e4f9e865,4vai9R4LrWqCParLZvtdGwjE1NoT3rcM14m2yX1dpump,10,2026-08-27T19:42:35.590618+00:00,AVAILABLE,811,440,3
fp1sig-d89b4563cc899747e4f9e865,4vai9R4LrWqCParLZvtdGwjE1NoT3rcM14m2yX1dpump,15,2026-08-27T19:42:40.590618+00:00,AVAILABLE,811,-1077,6
fp1sig-d89b4563cc899747e4f9e865,4vai9R4LrWqCParLZvtdGwjE1NoT3rcM14m2yX1dpump,20,2026-08-27T19:42:45.590618+00:00,AVAILABLE,811,-1077,7
fp1sig-d89b4563cc899747e4f9e865,4vai9R4LrWqCParLZvtdGwjE1NoT3rcM14m2yX1dpump,30,2026-08-27T19:42:55.590618+00:00,AVAILABLE,811,-1077,7
fp1sig-d89b4563cc899747e4f9e865,4vai9R4LrWqCParLZvtdGwjE1NoT3rcM14m2yX1dpump,45,2026-08-27T19:43:10.590618+00:00,AVAILABLE,811,-1077,9
fp1sig-d89b4563cc899747e4f9e865,4vai9R4LrWqCParLZvtdGwjE1NoT3rcM14m2yX1dpump,60,2026-08-27T19:43:25.590618+00:00,AVAILABLE,811,-1077,13
fp1sig-d89b4563cc899747e4f9e865,4vai9R4LrWqCParLZvtdGwjE1NoT3rcM14m2yX1dpump,90,2026-08-27T19:43:55.590618+00:00,AVAILABLE,811,-3226,27
fp1sig-d89b4563cc899747e4f9e865,4vai9R4LrWqCParLZvtdGwjE1NoT3rcM14m2yX1dpump,120,2026-08-27T19:44:25.590618+00:00,AVAILABLE,811,-4075,41
fp1sig-d89b4563cc899747e4f9e865,4vai9R4LrWqCParLZvtdGwjE1NoT3rcM14m2yX1dpump,180,2026-08-27T19:45:25.590618+00:00,AVAILABLE,811,-5027,47
fp1sig-d89b4563cc899747e4f9e865,4vai9R4LrWqCParLZvtdGwjE1NoT3rcM14m2yX1dpump,300,2026-08-27T19:47:25.590618+00:00,AVAILABLE,811,-5438,51
fp1sig-d9649086e4b5dbe3817cf87b,F6GSZLAyRmHmSqmo7XZw5hWApNEZST1p4tcVbuZfpump,5,2026-08-28T08:11:55.095182+00:00,AVAILABLE,-1327,-1327,1
fp1sig-d9649086e4b5dbe3817cf87b,F6GSZLAyRmHmSqmo7XZw5hWApNEZST1p4tcVbuZfpump,10,2026-08-28T08:12:00.095182+00:00,AVAILABLE,2151,-1327,4
fp1sig-d9649086e4b5dbe3817cf87b,F6GSZLAyRmHmSqmo7XZw5hWApNEZST1p4tcVbuZfpump,15,2026-08-28T08:12:05.095182+00:00,AVAILABLE,2202,-1327,8
fp1sig-d9649086e4b5dbe3817cf87b,F6GSZLAyRmHmSqmo7XZw5hWApNEZST1p4tcVbuZfpump,20,2026-08-28T08:12:10.095182+00:00,AVAILABLE,3764,-1327,10
fp1sig-d9649086e4b5dbe3817cf87b,F6GSZLAyRmHmSqmo7XZw5hWApNEZST1p4tcVbuZfpump,30,2026-08-28T08:12:20.095182+00:00,AVAILABLE,6854,-1327,13
fp1sig-d9649086e4b5dbe3817cf87b,F6GSZLAyRmHmSqmo7XZw5hWApNEZST1p4tcVbuZfpump,45,2026-08-28T08:12:35.095182+00:00,AVAILABLE,7662,-1327,20
fp1sig-d9649086e4b5dbe3817cf87b,F6GSZLAyRmHmSqmo7XZw5hWApNEZST1p4tcVbuZfpump,60,2026-08-28T08:12:50.095182+00:00,AVAILABLE,10015,-1327,25
fp1sig-d9649086e4b5dbe3817cf87b,F6GSZLAyRmHmSqmo7XZw5hWApNEZST1p4tcVbuZfpump,90,2026-08-28T08:13:20.095182+00:00,AVAILABLE,10015,-1327,28
fp1sig-d9649086e4b5dbe3817cf87b,F6GSZLAyRmHmSqmo7XZw5hWApNEZST1p4tcVbuZfpump,120,2026-08-28T08:13:50.095182+00:00,AVAILABLE,10015,-1327,28
fp1sig-d9649086e4b5dbe3817cf87b,F6GSZLAyRmHmSqmo7XZw5hWApNEZST1p4tcVbuZfpump,180,2026-08-28T08:14:50.095182+00:00,AVAILABLE,10015,-1327,28
fp1sig-d9649086e4b5dbe3817cf87b,F6GSZLAyRmHmSqmo7XZw5hWApNEZST1p4tcVbuZfpump,300,2026-08-28T08:16:50.095182+00:00,AVAILABLE,10015,-1327,28
fp1sig-da709f59ff6dcfc706a9351e,Gv2Q1vnjWrnKY5kzbLh3rQsjuWYDndx5TuYfu8CMpump,5,2026-08-27T14:37:20.373787+00:00,AVAILABLE,-911,-1668,4
fp1sig-da709f59ff6dcfc706a9351e,Gv2Q1vnjWrnKY5kzbLh3rQsjuWYDndx5TuYfu8CMpump,10,2026-08-27T14:37:25.373787+00:00,AVAILABLE,-911,-1668,4
fp1sig-da709f59ff6dcfc706a9351e,Gv2Q1vnjWrnKY5kzbLh3rQsjuWYDndx5TuYfu8CMpump,15,2026-08-27T14:37:30.373787+00:00,AVAILABLE,-911,-1830,5
fp1sig-da709f59ff6dcfc706a9351e,Gv2Q1vnjWrnKY5kzbLh3rQsjuWYDndx5TuYfu8CMpump,20,2026-08-27T14:37:35.373787+00:00,AVAILABLE,-911,-2697,7
fp1sig-da709f59ff6dcfc706a9351e,Gv2Q1vnjWrnKY5kzbLh3rQsjuWYDndx5TuYfu8CMpump,30,2026-08-27T14:37:45.373787+00:00,AVAILABLE,-911,-2697,14
fp1sig-da709f59ff6dcfc706a9351e,Gv2Q1vnjWrnKY5kzbLh3rQsjuWYDndx5TuYfu8CMpump,45,2026-08-27T14:38:00.373787+00:00,AVAILABLE,-911,-2697,18
fp1sig-da709f59ff6dcfc706a9351e,Gv2Q1vnjWrnKY5kzbLh3rQsjuWYDndx5TuYfu8CMpump,60,2026-08-27T14:38:15.373787+00:00,AVAILABLE,-911,-2698,26
fp1sig-da709f59ff6dcfc706a9351e,Gv2Q1vnjWrnKY5kzbLh3rQsjuWYDndx5TuYfu8CMpump,90,2026-08-27T14:38:45.373787+00:00,AVAILABLE,-911,-3826,31
fp1sig-da709f59ff6dcfc706a9351e,Gv2Q1vnjWrnKY5kzbLh3rQsjuWYDndx5TuYfu8CMpump,120,2026-08-27T14:39:15.373787+00:00,AVAILABLE,-911,-4255,34
fp1sig-da709f59ff6dcfc706a9351e,Gv2Q1vnjWrnKY5kzbLh3rQsjuWYDndx5TuYfu8CMpump,180,2026-08-27T14:40:15.373787+00:00,AVAILABLE,-911,-4788,40
fp1sig-da709f59ff6dcfc706a9351e,Gv2Q1vnjWrnKY5kzbLh3rQsjuWYDndx5TuYfu8CMpump,300,2026-08-27T14:42:15.373787+00:00,AVAILABLE,-911,-5316,45
fp1sig-da8bdf0080f94376ef1f5953,3QZypGDYoto3S99bMNfwnYUv4py1cEiS8yQzZEQppump,5,2026-08-28T09:37:35.538593+00:00,AVAILABLE,-288,-710,3
fp1sig-da8bdf0080f94376ef1f5953,3QZypGDYoto3S99bMNfwnYUv4py1cEiS8yQzZEQppump,10,2026-08-28T09:37:40.538593+00:00,AVAILABLE,-288,-710,3
fp1sig-da8bdf0080f94376ef1f5953,3QZypGDYoto3S99bMNfwnYUv4py1cEiS8yQzZEQppump,15,2026-08-28T09:37:45.538593+00:00,AVAILABLE,-288,-710,3
fp1sig-da8bdf0080f94376ef1f5953,3QZypGDYoto3S99bMNfwnYUv4py1cEiS8yQzZEQppump,20,2026-08-28T09:37:50.538593+00:00,AVAILABLE,-288,-710,3
fp1sig-da8bdf0080f94376ef1f5953,3QZypGDYoto3S99bMNfwnYUv4py1cEiS8yQzZEQppump,30,2026-08-28T09:38:00.538593+00:00,AVAILABLE,-288,-710,3
fp1sig-da8bdf0080f94376ef1f5953,3QZypGDYoto3S99bMNfwnYUv4py1cEiS8yQzZEQppump,45,2026-08-28T09:38:15.538593+00:00,AVAILABLE,-288,-710,4
fp1sig-da8bdf0080f94376ef1f5953,3QZypGDYoto3S99bMNfwnYUv4py1cEiS8yQzZEQppump,60,2026-08-28T09:38:30.538593+00:00,AVAILABLE,-288,-710,4
fp1sig-da8bdf0080f94376ef1f5953,3QZypGDYoto3S99bMNfwnYUv4py1cEiS8yQzZEQppump,90,2026-08-28T09:39:00.538593+00:00,AVAILABLE,-288,-710,4
fp1sig-da8bdf0080f94376ef1f5953,3QZypGDYoto3S99bMNfwnYUv4py1cEiS8yQzZEQppump,120,2026-08-28T09:39:30.538593+00:00,AVAILABLE,-288,-710,4
fp1sig-da8bdf0080f94376ef1f5953,3QZypGDYoto3S99bMNfwnYUv4py1cEiS8yQzZEQppump,180,2026-08-28T09:40:30.538593+00:00,AVAILABLE,-288,-710,4
fp1sig-da8bdf0080f94376ef1f5953,3QZypGDYoto3S99bMNfwnYUv4py1cEiS8yQzZEQppump,300,2026-08-28T09:42:30.538593+00:00,AVAILABLE,-288,-710,4
fp1sig-db28b6c281a213dd0e4c5382,E5Q3tb6NU9pSuFN3cLwTPt8XKUjChkiASJ8ZiXPxYipF,5,2026-08-27T12:40:42.800281+00:00,MISSING,,,0
fp1sig-db28b6c281a213dd0e4c5382,E5Q3tb6NU9pSuFN3cLwTPt8XKUjChkiASJ8ZiXPxYipF,10,2026-08-27T12:40:47.800281+00:00,AVAILABLE,-43,-43,1
fp1sig-db28b6c281a213dd0e4c5382,E5Q3tb6NU9pSuFN3cLwTPt8XKUjChkiASJ8ZiXPxYipF,15,2026-08-27T12:40:52.800281+00:00,AVAILABLE,-43,-43,1
fp1sig-db28b6c281a213dd0e4c5382,E5Q3tb6NU9pSuFN3cLwTPt8XKUjChkiASJ8ZiXPxYipF,20,2026-08-27T12:40:57.800281+00:00,AVAILABLE,-43,-43,1
fp1sig-db28b6c281a213dd0e4c5382,E5Q3tb6NU9pSuFN3cLwTPt8XKUjChkiASJ8ZiXPxYipF,30,2026-08-27T12:41:07.800281+00:00,AVAILABLE,-43,-43,1
fp1sig-db28b6c281a213dd0e4c5382,E5Q3tb6NU9pSuFN3cLwTPt8XKUjChkiASJ8ZiXPxYipF,45,2026-08-27T12:41:22.800281+00:00,AVAILABLE,4953,-43,9
fp1sig-db28b6c281a213dd0e4c5382,E5Q3tb6NU9pSuFN3cLwTPt8XKUjChkiASJ8ZiXPxYipF,60,2026-08-27T12:41:37.800281+00:00,AVAILABLE,4953,-43,21
fp1sig-db28b6c281a213dd0e4c5382,E5Q3tb6NU9pSuFN3cLwTPt8XKUjChkiASJ8ZiXPxYipF,90,2026-08-27T12:42:07.800281+00:00,AVAILABLE,4953,-43,22
fp1sig-db28b6c281a213dd0e4c5382,E5Q3tb6NU9pSuFN3cLwTPt8XKUjChkiASJ8ZiXPxYipF,120,2026-08-27T12:42:37.800281+00:00,AVAILABLE,4953,-43,24
fp1sig-db28b6c281a213dd0e4c5382,E5Q3tb6NU9pSuFN3cLwTPt8XKUjChkiASJ8ZiXPxYipF,180,2026-08-27T12:43:37.800281+00:00,AVAILABLE,4953,-43,25
fp1sig-db28b6c281a213dd0e4c5382,E5Q3tb6NU9pSuFN3cLwTPt8XKUjChkiASJ8ZiXPxYipF,300,2026-08-27T12:45:37.800281+00:00,AVAILABLE,4953,-2210,31
fp1sig-db7cead5fcceb01279bb06dd,Gy5C8Q5tzLSEu1PrZRJmfESHLVwWhtEbmeckDikXpump,5,2026-08-28T10:48:35.196150+00:00,AVAILABLE,-128,-472,2
fp1sig-db7cead5fcceb01279bb06dd,Gy5C8Q5tzLSEu1PrZRJmfESHLVwWhtEbmeckDikXpump,10,2026-08-28T10:48:40.196150+00:00,AVAILABLE,-128,-472,2
fp1sig-db7cead5fcceb01279bb06dd,Gy5C8Q5tzLSEu1PrZRJmfESHLVwWhtEbmeckDikXpump,15,2026-08-28T10:48:45.196150+00:00,AVAILABLE,-128,-472,2
fp1sig-db7cead5fcceb01279bb06dd,Gy5C8Q5tzLSEu1PrZRJmfESHLVwWhtEbmeckDikXpump,20,2026-08-28T10:48:50.196150+00:00,AVAILABLE,-128,-972,5
fp1sig-db7cead5fcceb01279bb06dd,Gy5C8Q5tzLSEu1PrZRJmfESHLVwWhtEbmeckDikXpump,30,2026-08-28T10:49:00.196150+00:00,AVAILABLE,94,-972,10
fp1sig-db7cead5fcceb01279bb06dd,Gy5C8Q5tzLSEu1PrZRJmfESHLVwWhtEbmeckDikXpump,45,2026-08-28T10:49:15.196150+00:00,AVAILABLE,1750,-972,14
fp1sig-db7cead5fcceb01279bb06dd,Gy5C8Q5tzLSEu1PrZRJmfESHLVwWhtEbmeckDikXpump,60,2026-08-28T10:49:30.196150+00:00,AVAILABLE,2851,-972,29
fp1sig-db7cead5fcceb01279bb06dd,Gy5C8Q5tzLSEu1PrZRJmfESHLVwWhtEbmeckDikXpump,90,2026-08-28T10:50:00.196150+00:00,AVAILABLE,3443,-972,40
fp1sig-db7cead5fcceb01279bb06dd,Gy5C8Q5tzLSEu1PrZRJmfESHLVwWhtEbmeckDikXpump,120,2026-08-28T10:50:30.196150+00:00,AVAILABLE,3764,-972,70
fp1sig-db7cead5fcceb01279bb06dd,Gy5C8Q5tzLSEu1PrZRJmfESHLVwWhtEbmeckDikXpump,180,2026-08-28T10:51:30.196150+00:00,AVAILABLE,3764,-972,108
fp1sig-db7cead5fcceb01279bb06dd,Gy5C8Q5tzLSEu1PrZRJmfESHLVwWhtEbmeckDikXpump,300,2026-08-28T10:53:30.196150+00:00,AVAILABLE,3764,-2730,122
fp1sig-dc061bb3390eaa6ed66ea4ad,92nkgmUkzdHs2d8o69JFixJFNFWCbqGbzCMAWGVbpump,5,2026-08-28T10:47:31.293324+00:00,AVAILABLE,-1230,-2736,7
fp1sig-dc061bb3390eaa6ed66ea4ad,92nkgmUkzdHs2d8o69JFixJFNFWCbqGbzCMAWGVbpump,10,2026-08-28T10:47:36.293324+00:00,AVAILABLE,-8,-2765,12
fp1sig-dc061bb3390eaa6ed66ea4ad,92nkgmUkzdHs2d8o69JFixJFNFWCbqGbzCMAWGVbpump,15,2026-08-28T10:47:41.293324+00:00,AVAILABLE,242,-2765,13
fp1sig-dc061bb3390eaa6ed66ea4ad,92nkgmUkzdHs2d8o69JFixJFNFWCbqGbzCMAWGVbpump,20,2026-08-28T10:47:46.293324+00:00,AVAILABLE,242,-2765,13
fp1sig-dc061bb3390eaa6ed66ea4ad,92nkgmUkzdHs2d8o69JFixJFNFWCbqGbzCMAWGVbpump,30,2026-08-28T10:47:56.293324+00:00,AVAILABLE,1047,-2765,23
fp1sig-dc061bb3390eaa6ed66ea4ad,92nkgmUkzdHs2d8o69JFixJFNFWCbqGbzCMAWGVbpump,45,2026-08-28T10:48:11.293324+00:00,AVAILABLE,4050,-2765,37
fp1sig-dc061bb3390eaa6ed66ea4ad,92nkgmUkzdHs2d8o69JFixJFNFWCbqGbzCMAWGVbpump,60,2026-08-28T10:48:26.293324+00:00,AVAILABLE,4050,-2765,40
fp1sig-dc061bb3390eaa6ed66ea4ad,92nkgmUkzdHs2d8o69JFixJFNFWCbqGbzCMAWGVbpump,90,2026-08-28T10:48:56.293324+00:00,AVAILABLE,4050,-2765,48
fp1sig-dc061bb3390eaa6ed66ea4ad,92nkgmUkzdHs2d8o69JFixJFNFWCbqGbzCMAWGVbpump,120,2026-08-28T10:49:26.293324+00:00,AVAILABLE,4212,-2765,57
fp1sig-dc061bb3390eaa6ed66ea4ad,92nkgmUkzdHs2d8o69JFixJFNFWCbqGbzCMAWGVbpump,180,2026-08-28T10:50:26.293324+00:00,AVAILABLE,6908,-2765,87
fp1sig-dc061bb3390eaa6ed66ea4ad,92nkgmUkzdHs2d8o69JFixJFNFWCbqGbzCMAWGVbpump,300,2026-08-28T10:52:26.293324+00:00,AVAILABLE,7334,-2765,147
fp1sig-dc9d8a4a5cf7c5c6f5b76a0f,HABCpUT22d7MJk5rb2GGWipkwvcchgiupm9Fmvt7pump,5,2026-08-28T07:42:35.801143+00:00,AVAILABLE,3260,-935,4
fp1sig-dc9d8a4a5cf7c5c6f5b76a0f,HABCpUT22d7MJk5rb2GGWipkwvcchgiupm9Fmvt7pump,10,2026-08-28T07:42:40.801143+00:00,AVAILABLE,5653,-935,6
fp1sig-dc9d8a4a5cf7c5c6f5b76a0f,HABCpUT22d7MJk5rb2GGWipkwvcchgiupm9Fmvt7pump,15,2026-08-28T07:42:45.801143+00:00,AVAILABLE,16435,-935,8
fp1sig-dc9d8a4a5cf7c5c6f5b76a0f,HABCpUT22d7MJk5rb2GGWipkwvcchgiupm9Fmvt7pump,20,2026-08-28T07:42:50.801143+00:00,AVAILABLE,16435,-935,10
fp1sig-dc9d8a4a5cf7c5c6f5b76a0f,HABCpUT22d7MJk5rb2GGWipkwvcchgiupm9Fmvt7pump,30,2026-08-28T07:43:00.801143+00:00,AVAILABLE,16435,-935,12
fp1sig-dc9d8a4a5cf7c5c6f5b76a0f,HABCpUT22d7MJk5rb2GGWipkwvcchgiupm9Fmvt7pump,45,2026-08-28T07:43:15.801143+00:00,AVAILABLE,23486,-935,21
fp1sig-dc9d8a4a5cf7c5c6f5b76a0f,HABCpUT22d7MJk5rb2GGWipkwvcchgiupm9Fmvt7pump,60,2026-08-28T07:43:30.801143+00:00,AVAILABLE,30846,-935,23
fp1sig-dc9d8a4a5cf7c5c6f5b76a0f,HABCpUT22d7MJk5rb2GGWipkwvcchgiupm9Fmvt7pump,90,2026-08-28T07:44:00.801143+00:00,AVAILABLE,37386,-935,28
fp1sig-dc9d8a4a5cf7c5c6f5b76a0f,HABCpUT22d7MJk5rb2GGWipkwvcchgiupm9Fmvt7pump,120,2026-08-28T07:44:30.801143+00:00,AVAILABLE,38295,-935,31
fp1sig-dc9d8a4a5cf7c5c6f5b76a0f,HABCpUT22d7MJk5rb2GGWipkwvcchgiupm9Fmvt7pump,180,2026-08-28T07:45:30.801143+00:00,AVAILABLE,38365,-935,40
fp1sig-dc9d8a4a5cf7c5c6f5b76a0f,HABCpUT22d7MJk5rb2GGWipkwvcchgiupm9Fmvt7pump,300,2026-08-28T07:47:30.801143+00:00,AVAILABLE,38365,-935,72
fp1sig-dcc5bb27c76f16e7313152f7,BwYfCifLVzyHwrAirhynuR9tTqxy5z43CZK57Uaqpump,5,2026-08-27T17:47:03.006442+00:00,MISSING,,,0
fp1sig-dcc5bb27c76f16e7313152f7,BwYfCifLVzyHwrAirhynuR9tTqxy5z43CZK57Uaqpump,10,2026-08-27T17:47:08.006442+00:00,MISSING,,,0
fp1sig-dcc5bb27c76f16e7313152f7,BwYfCifLVzyHwrAirhynuR9tTqxy5z43CZK57Uaqpump,15,2026-08-27T17:47:13.006442+00:00,MISSING,,,0
fp1sig-dcc5bb27c76f16e7313152f7,BwYfCifLVzyHwrAirhynuR9tTqxy5z43CZK57Uaqpump,20,2026-08-27T17:47:18.006442+00:00,MISSING,,,0
fp1sig-dcc5bb27c76f16e7313152f7,BwYfCifLVzyHwrAirhynuR9tTqxy5z43CZK57Uaqpump,30,2026-08-27T17:47:28.006442+00:00,AVAILABLE,8046,2488,6
fp1sig-dcc5bb27c76f16e7313152f7,BwYfCifLVzyHwrAirhynuR9tTqxy5z43CZK57Uaqpump,45,2026-08-27T17:47:43.006442+00:00,AVAILABLE,8046,2488,11
fp1sig-dcc5bb27c76f16e7313152f7,BwYfCifLVzyHwrAirhynuR9tTqxy5z43CZK57Uaqpump,60,2026-08-27T17:47:58.006442+00:00,AVAILABLE,8046,2488,14
fp1sig-dcc5bb27c76f16e7313152f7,BwYfCifLVzyHwrAirhynuR9tTqxy5z43CZK57Uaqpump,90,2026-08-27T17:48:28.006442+00:00,AVAILABLE,8046,2488,16
fp1sig-dcc5bb27c76f16e7313152f7,BwYfCifLVzyHwrAirhynuR9tTqxy5z43CZK57Uaqpump,120,2026-08-27T17:48:58.006442+00:00,AVAILABLE,8046,2488,19
fp1sig-dcc5bb27c76f16e7313152f7,BwYfCifLVzyHwrAirhynuR9tTqxy5z43CZK57Uaqpump,180,2026-08-27T17:49:58.006442+00:00,AVAILABLE,8046,2488,25
fp1sig-dcc5bb27c76f16e7313152f7,BwYfCifLVzyHwrAirhynuR9tTqxy5z43CZK57Uaqpump,300,2026-08-27T17:51:58.006442+00:00,AVAILABLE,8046,2488,25
fp1sig-dcc85f6591a3b6124a387d1b,9aTym6ZrQTLiLAKpcM2nn6FP9A167nn2oG77KiFzpump,5,2026-08-28T04:01:04.156480+00:00,MISSING,,,0
fp1sig-dcc85f6591a3b6124a387d1b,9aTym6ZrQTLiLAKpcM2nn6FP9A167nn2oG77KiFzpump,10,2026-08-28T04:01:09.156480+00:00,AVAILABLE,2369,2369,1
fp1sig-dcc85f6591a3b6124a387d1b,9aTym6ZrQTLiLAKpcM2nn6FP9A167nn2oG77KiFzpump,15,2026-08-28T04:01:14.156480+00:00,AVAILABLE,2369,-2799,3
fp1sig-dcc85f6591a3b6124a387d1b,9aTym6ZrQTLiLAKpcM2nn6FP9A167nn2oG77KiFzpump,20,2026-08-28T04:01:19.156480+00:00,AVAILABLE,2369,-2799,4
fp1sig-dcc85f6591a3b6124a387d1b,9aTym6ZrQTLiLAKpcM2nn6FP9A167nn2oG77KiFzpump,30,2026-08-28T04:01:29.156480+00:00,AVAILABLE,2369,-2799,6
fp1sig-dcc85f6591a3b6124a387d1b,9aTym6ZrQTLiLAKpcM2nn6FP9A167nn2oG77KiFzpump,45,2026-08-28T04:01:44.156480+00:00,AVAILABLE,2369,-2799,9
fp1sig-dcc85f6591a3b6124a387d1b,9aTym6ZrQTLiLAKpcM2nn6FP9A167nn2oG77KiFzpump,60,2026-08-28T04:01:59.156480+00:00,AVAILABLE,2369,-6984,13
fp1sig-dcc85f6591a3b6124a387d1b,9aTym6ZrQTLiLAKpcM2nn6FP9A167nn2oG77KiFzpump,90,2026-08-28T04:02:29.156480+00:00,AVAILABLE,2369,-9277,23
fp1sig-dcc85f6591a3b6124a387d1b,9aTym6ZrQTLiLAKpcM2nn6FP9A167nn2oG77KiFzpump,120,2026-08-28T04:02:59.156480+00:00,AVAILABLE,2369,-9616,32
fp1sig-dcc85f6591a3b6124a387d1b,9aTym6ZrQTLiLAKpcM2nn6FP9A167nn2oG77KiFzpump,180,2026-08-28T04:03:59.156480+00:00,AVAILABLE,2369,-9616,53
fp1sig-dcc85f6591a3b6124a387d1b,9aTym6ZrQTLiLAKpcM2nn6FP9A167nn2oG77KiFzpump,300,2026-08-28T04:05:59.156480+00:00,AVAILABLE,2369,-9921,84
fp1sig-dd8fb0774514ce74648c88ec,4M6v2PUTiXZEdSbZAmxm5AGPU1YaiMTCq5tofmzApump,5,2026-08-28T05:38:27.141803+00:00,AVAILABLE,324,319,2
fp1sig-dd8fb0774514ce74648c88ec,4M6v2PUTiXZEdSbZAmxm5AGPU1YaiMTCq5tofmzApump,10,2026-08-28T05:38:32.141803+00:00,AVAILABLE,324,319,2
fp1sig-dd8fb0774514ce74648c88ec,4M6v2PUTiXZEdSbZAmxm5AGPU1YaiMTCq5tofmzApump,15,2026-08-28T05:38:37.141803+00:00,AVAILABLE,598,142,6
fp1sig-dd8fb0774514ce74648c88ec,4M6v2PUTiXZEdSbZAmxm5AGPU1YaiMTCq5tofmzApump,20,2026-08-28T05:38:42.141803+00:00,AVAILABLE,640,142,7
fp1sig-dd8fb0774514ce74648c88ec,4M6v2PUTiXZEdSbZAmxm5AGPU1YaiMTCq5tofmzApump,30,2026-08-28T05:38:52.141803+00:00,AVAILABLE,721,142,11
fp1sig-dd8fb0774514ce74648c88ec,4M6v2PUTiXZEdSbZAmxm5AGPU1YaiMTCq5tofmzApump,45,2026-08-28T05:39:07.141803+00:00,AVAILABLE,803,142,15
fp1sig-dd8fb0774514ce74648c88ec,4M6v2PUTiXZEdSbZAmxm5AGPU1YaiMTCq5tofmzApump,60,2026-08-28T05:39:22.141803+00:00,AVAILABLE,1291,142,25
fp1sig-dd8fb0774514ce74648c88ec,4M6v2PUTiXZEdSbZAmxm5AGPU1YaiMTCq5tofmzApump,90,2026-08-28T05:39:52.141803+00:00,AVAILABLE,1333,142,32
fp1sig-dd8fb0774514ce74648c88ec,4M6v2PUTiXZEdSbZAmxm5AGPU1YaiMTCq5tofmzApump,120,2026-08-28T05:40:22.141803+00:00,AVAILABLE,1333,-66,45
fp1sig-dd8fb0774514ce74648c88ec,4M6v2PUTiXZEdSbZAmxm5AGPU1YaiMTCq5tofmzApump,180,2026-08-28T05:41:22.141803+00:00,AVAILABLE,1333,-1245,64
fp1sig-dd8fb0774514ce74648c88ec,4M6v2PUTiXZEdSbZAmxm5AGPU1YaiMTCq5tofmzApump,300,2026-08-28T05:43:22.141803+00:00,AVAILABLE,1333,-1402,88
fp1sig-ddb3e3ab05c3263972f1f0da,Ak7ETW1scuABkxtowej3fTvA5SCgZxgSaNrn32SNpump,5,2026-08-28T06:28:10.606036+00:00,AVAILABLE,701,661,2
fp1sig-ddb3e3ab05c3263972f1f0da,Ak7ETW1scuABkxtowej3fTvA5SCgZxgSaNrn32SNpump,10,2026-08-28T06:28:15.606036+00:00,AVAILABLE,701,661,2
fp1sig-ddb3e3ab05c3263972f1f0da,Ak7ETW1scuABkxtowej3fTvA5SCgZxgSaNrn32SNpump,15,2026-08-28T06:28:20.606036+00:00,AVAILABLE,702,661,4
fp1sig-ddb3e3ab05c3263972f1f0da,Ak7ETW1scuABkxtowej3fTvA5SCgZxgSaNrn32SNpump,20,2026-08-28T06:28:25.606036+00:00,AVAILABLE,702,661,4
fp1sig-ddb3e3ab05c3263972f1f0da,Ak7ETW1scuABkxtowej3fTvA5SCgZxgSaNrn32SNpump,30,2026-08-28T06:28:35.606036+00:00,AVAILABLE,702,661,4
fp1sig-ddb3e3ab05c3263972f1f0da,Ak7ETW1scuABkxtowej3fTvA5SCgZxgSaNrn32SNpump,45,2026-08-28T06:28:50.606036+00:00,AVAILABLE,702,-62,5
fp1sig-ddb3e3ab05c3263972f1f0da,Ak7ETW1scuABkxtowej3fTvA5SCgZxgSaNrn32SNpump,60,2026-08-28T06:29:05.606036+00:00,AVAILABLE,702,-62,6
fp1sig-ddb3e3ab05c3263972f1f0da,Ak7ETW1scuABkxtowej3fTvA5SCgZxgSaNrn32SNpump,90,2026-08-28T06:29:35.606036+00:00,AVAILABLE,702,-62,6
fp1sig-ddb3e3ab05c3263972f1f0da,Ak7ETW1scuABkxtowej3fTvA5SCgZxgSaNrn32SNpump,120,2026-08-28T06:30:05.606036+00:00,AVAILABLE,872,-62,8
fp1sig-ddb3e3ab05c3263972f1f0da,Ak7ETW1scuABkxtowej3fTvA5SCgZxgSaNrn32SNpump,180,2026-08-28T06:31:05.606036+00:00,AVAILABLE,872,-1868,16
fp1sig-ddb3e3ab05c3263972f1f0da,Ak7ETW1scuABkxtowej3fTvA5SCgZxgSaNrn32SNpump,300,2026-08-28T06:33:05.606036+00:00,AVAILABLE,872,-2876,24
fp1sig-ddc626807f22329838242ced,9thoeiJ9m9zj7YNYVXsg9Ps2dxC9zkwYxB62A5e6GmXo,5,2026-08-28T12:06:14.545089+00:00,AVAILABLE,673,440,2
fp1sig-ddc626807f22329838242ced,9thoeiJ9m9zj7YNYVXsg9Ps2dxC9zkwYxB62A5e6GmXo,10,2026-08-28T12:06:19.545089+00:00,AVAILABLE,1452,440,3
fp1sig-ddc626807f22329838242ced,9thoeiJ9m9zj7YNYVXsg9Ps2dxC9zkwYxB62A5e6GmXo,15,2026-08-28T12:06:24.545089+00:00,AVAILABLE,3943,440,10
fp1sig-ddc626807f22329838242ced,9thoeiJ9m9zj7YNYVXsg9Ps2dxC9zkwYxB62A5e6GmXo,20,2026-08-28T12:06:29.545089+00:00,AVAILABLE,4874,440,11
fp1sig-ddc626807f22329838242ced,9thoeiJ9m9zj7YNYVXsg9Ps2dxC9zkwYxB62A5e6GmXo,30,2026-08-28T12:06:39.545089+00:00,AVAILABLE,6326,440,19
fp1sig-ddc626807f22329838242ced,9thoeiJ9m9zj7YNYVXsg9Ps2dxC9zkwYxB62A5e6GmXo,45,2026-08-28T12:06:54.545089+00:00,AVAILABLE,6326,440,26
fp1sig-ddc626807f22329838242ced,9thoeiJ9m9zj7YNYVXsg9Ps2dxC9zkwYxB62A5e6GmXo,60,2026-08-28T12:07:09.545089+00:00,AVAILABLE,6326,223,30
fp1sig-ddc626807f22329838242ced,9thoeiJ9m9zj7YNYVXsg9Ps2dxC9zkwYxB62A5e6GmXo,90,2026-08-28T12:07:39.545089+00:00,AVAILABLE,6326,-129,38
fp1sig-ddc626807f22329838242ced,9thoeiJ9m9zj7YNYVXsg9Ps2dxC9zkwYxB62A5e6GmXo,120,2026-08-28T12:08:09.545089+00:00,AVAILABLE,6326,-129,47
fp1sig-ddc626807f22329838242ced,9thoeiJ9m9zj7YNYVXsg9Ps2dxC9zkwYxB62A5e6GmXo,180,2026-08-28T12:09:09.545089+00:00,AVAILABLE,14568,-129,106
fp1sig-ddc626807f22329838242ced,9thoeiJ9m9zj7YNYVXsg9Ps2dxC9zkwYxB62A5e6GmXo,300,2026-08-28T12:11:09.545089+00:00,AVAILABLE,14568,-129,186
fp1sig-de068a87b3cdb4e4cd4ccf07,9avwwgxfXxKdxE2R87F9cAt82ELfvHxJKtir2uPxpump,5,2026-08-27T13:31:27.805712+00:00,MISSING,,,0
fp1sig-de068a87b3cdb4e4cd4ccf07,9avwwgxfXxKdxE2R87F9cAt82ELfvHxJKtir2uPxpump,10,2026-08-27T13:31:32.805712+00:00,MISSING,,,0
fp1sig-de068a87b3cdb4e4cd4ccf07,9avwwgxfXxKdxE2R87F9cAt82ELfvHxJKtir2uPxpump,15,2026-08-27T13:31:37.805712+00:00,AVAILABLE,5902,1613,7
fp1sig-de068a87b3cdb4e4cd4ccf07,9avwwgxfXxKdxE2R87F9cAt82ELfvHxJKtir2uPxpump,20,2026-08-27T13:31:42.805712+00:00,AVAILABLE,6843,1613,11
fp1sig-de068a87b3cdb4e4cd4ccf07,9avwwgxfXxKdxE2R87F9cAt82ELfvHxJKtir2uPxpump,30,2026-08-27T13:31:52.805712+00:00,AVAILABLE,6843,1613,16
fp1sig-de068a87b3cdb4e4cd4ccf07,9avwwgxfXxKdxE2R87F9cAt82ELfvHxJKtir2uPxpump,45,2026-08-27T13:32:07.805712+00:00,AVAILABLE,6843,1613,17
fp1sig-de068a87b3cdb4e4cd4ccf07,9avwwgxfXxKdxE2R87F9cAt82ELfvHxJKtir2uPxpump,60,2026-08-27T13:32:22.805712+00:00,AVAILABLE,6843,1613,19
fp1sig-de068a87b3cdb4e4cd4ccf07,9avwwgxfXxKdxE2R87F9cAt82ELfvHxJKtir2uPxpump,90,2026-08-27T13:32:52.805712+00:00,AVAILABLE,6843,1613,21
fp1sig-de068a87b3cdb4e4cd4ccf07,9avwwgxfXxKdxE2R87F9cAt82ELfvHxJKtir2uPxpump,120,2026-08-27T13:33:22.805712+00:00,AVAILABLE,6843,1613,23
fp1sig-de068a87b3cdb4e4cd4ccf07,9avwwgxfXxKdxE2R87F9cAt82ELfvHxJKtir2uPxpump,180,2026-08-27T13:34:22.805712+00:00,AVAILABLE,6843,1613,28
fp1sig-de068a87b3cdb4e4cd4ccf07,9avwwgxfXxKdxE2R87F9cAt82ELfvHxJKtir2uPxpump,300,2026-08-27T13:36:22.805712+00:00,AVAILABLE,8572,1613,38
fp1sig-de0eac2fd57ebf0a604d1ea4,G2MKgB58jwG4Z9CzkayTG8FVh3URWZtg7dHWuY4pump,5,2026-08-27T20:28:29.800722+00:00,AVAILABLE,744,537,5
fp1sig-de0eac2fd57ebf0a604d1ea4,G2MKgB58jwG4Z9CzkayTG8FVh3URWZtg7dHWuY4pump,10,2026-08-27T20:28:34.800722+00:00,AVAILABLE,1216,537,11
fp1sig-de0eac2fd57ebf0a604d1ea4,G2MKgB58jwG4Z9CzkayTG8FVh3URWZtg7dHWuY4pump,15,2026-08-27T20:28:39.800722+00:00,AVAILABLE,1840,537,17
fp1sig-de0eac2fd57ebf0a604d1ea4,G2MKgB58jwG4Z9CzkayTG8FVh3URWZtg7dHWuY4pump,20,2026-08-27T20:28:44.800722+00:00,AVAILABLE,1840,537,17
fp1sig-de0eac2fd57ebf0a604d1ea4,G2MKgB58jwG4Z9CzkayTG8FVh3URWZtg7dHWuY4pump,30,2026-08-27T20:28:54.800722+00:00,AVAILABLE,1920,537,18
fp1sig-de0eac2fd57ebf0a604d1ea4,G2MKgB58jwG4Z9CzkayTG8FVh3URWZtg7dHWuY4pump,45,2026-08-27T20:29:09.800722+00:00,AVAILABLE,1920,537,20
fp1sig-de0eac2fd57ebf0a604d1ea4,G2MKgB58jwG4Z9CzkayTG8FVh3URWZtg7dHWuY4pump,60,2026-08-27T20:29:24.800722+00:00,AVAILABLE,1920,537,20
fp1sig-de0eac2fd57ebf0a604d1ea4,G2MKgB58jwG4Z9CzkayTG8FVh3URWZtg7dHWuY4pump,90,2026-08-27T20:29:54.800722+00:00,AVAILABLE,1977,537,26
fp1sig-de0eac2fd57ebf0a604d1ea4,G2MKgB58jwG4Z9CzkayTG8FVh3URWZtg7dHWuY4pump,120,2026-08-27T20:30:24.800722+00:00,AVAILABLE,1977,537,38
fp1sig-de0eac2fd57ebf0a604d1ea4,G2MKgB58jwG4Z9CzkayTG8FVh3URWZtg7dHWuY4pump,180,2026-08-27T20:31:24.800722+00:00,AVAILABLE,3682,537,59
fp1sig-de0eac2fd57ebf0a604d1ea4,G2MKgB58jwG4Z9CzkayTG8FVh3URWZtg7dHWuY4pump,300,2026-08-27T20:33:24.800722+00:00,AVAILABLE,4143,537,77
fp1sig-deb5f707c45674ee5af8f393,9bouoShKTvYcmvXKW7TticNhBbeBSyfhPB6BpDtNpump,5,2026-08-28T04:53:01.596994+00:00,AVAILABLE,1891,1891,1
fp1sig-deb5f707c45674ee5af8f393,9bouoShKTvYcmvXKW7TticNhBbeBSyfhPB6BpDtNpump,10,2026-08-28T04:53:06.596994+00:00,AVAILABLE,1891,1891,1
fp1sig-deb5f707c45674ee5af8f393,9bouoShKTvYcmvXKW7TticNhBbeBSyfhPB6BpDtNpump,15,2026-08-28T04:53:11.596994+00:00,AVAILABLE,1893,1891,4
fp1sig-deb5f707c45674ee5af8f393,9bouoShKTvYcmvXKW7TticNhBbeBSyfhPB6BpDtNpump,20,2026-08-28T04:53:16.596994+00:00,AVAILABLE,1893,1891,4
fp1sig-deb5f707c45674ee5af8f393,9bouoShKTvYcmvXKW7TticNhBbeBSyfhPB6BpDtNpump,30,2026-08-28T04:53:26.596994+00:00,AVAILABLE,1893,1891,4
fp1sig-deb5f707c45674ee5af8f393,9bouoShKTvYcmvXKW7TticNhBbeBSyfhPB6BpDtNpump,45,2026-08-28T04:53:41.596994+00:00,AVAILABLE,1893,1891,4
fp1sig-deb5f707c45674ee5af8f393,9bouoShKTvYcmvXKW7TticNhBbeBSyfhPB6BpDtNpump,60,2026-08-28T04:53:56.596994+00:00,AVAILABLE,1893,-2317,24
fp1sig-deb5f707c45674ee5af8f393,9bouoShKTvYcmvXKW7TticNhBbeBSyfhPB6BpDtNpump,90,2026-08-28T04:54:26.596994+00:00,AVAILABLE,1893,-2317,31
fp1sig-deb5f707c45674ee5af8f393,9bouoShKTvYcmvXKW7TticNhBbeBSyfhPB6BpDtNpump,120,2026-08-28T04:54:56.596994+00:00,AVAILABLE,1893,-2317,38
fp1sig-deb5f707c45674ee5af8f393,9bouoShKTvYcmvXKW7TticNhBbeBSyfhPB6BpDtNpump,180,2026-08-28T04:55:56.596994+00:00,AVAILABLE,1893,-3857,51
fp1sig-deb5f707c45674ee5af8f393,9bouoShKTvYcmvXKW7TticNhBbeBSyfhPB6BpDtNpump,300,2026-08-28T04:57:56.596994+00:00,AVAILABLE,1893,-3857,58
fp1sig-df3b7858f513bdb960267413,GiM9v8wXjFU3Q172SVhSyiqqGEXzSejAwETueNhCpump,5,2026-08-28T08:29:43.250686+00:00,MISSING,,,0
fp1sig-df3b7858f513bdb960267413,GiM9v8wXjFU3Q172SVhSyiqqGEXzSejAwETueNhCpump,10,2026-08-28T08:29:48.250686+00:00,AVAILABLE,65,65,1
fp1sig-df3b7858f513bdb960267413,GiM9v8wXjFU3Q172SVhSyiqqGEXzSejAwETueNhCpump,15,2026-08-28T08:29:53.250686+00:00,AVAILABLE,65,65,1
fp1sig-df3b7858f513bdb960267413,GiM9v8wXjFU3Q172SVhSyiqqGEXzSejAwETueNhCpump,20,2026-08-28T08:29:58.250686+00:00,AVAILABLE,65,65,1
fp1sig-df3b7858f513bdb960267413,GiM9v8wXjFU3Q172SVhSyiqqGEXzSejAwETueNhCpump,30,2026-08-28T08:30:08.250686+00:00,AVAILABLE,797,65,2
fp1sig-df3b7858f513bdb960267413,GiM9v8wXjFU3Q172SVhSyiqqGEXzSejAwETueNhCpump,45,2026-08-28T08:30:23.250686+00:00,AVAILABLE,1003,65,4
fp1sig-df3b7858f513bdb960267413,GiM9v8wXjFU3Q172SVhSyiqqGEXzSejAwETueNhCpump,60,2026-08-28T08:30:38.250686+00:00,AVAILABLE,1003,65,6
fp1sig-df3b7858f513bdb960267413,GiM9v8wXjFU3Q172SVhSyiqqGEXzSejAwETueNhCpump,90,2026-08-28T08:31:08.250686+00:00,AVAILABLE,1003,-163,8
fp1sig-df3b7858f513bdb960267413,GiM9v8wXjFU3Q172SVhSyiqqGEXzSejAwETueNhCpump,120,2026-08-28T08:31:38.250686+00:00,AVAILABLE,3957,-163,14
fp1sig-df3b7858f513bdb960267413,GiM9v8wXjFU3Q172SVhSyiqqGEXzSejAwETueNhCpump,180,2026-08-28T08:32:38.250686+00:00,AVAILABLE,3957,-1329,22
fp1sig-df3b7858f513bdb960267413,GiM9v8wXjFU3Q172SVhSyiqqGEXzSejAwETueNhCpump,300,2026-08-28T08:34:38.250686+00:00,AVAILABLE,3957,-2164,27
fp1sig-df40bb9d91fc031344bfdf6e,7v2KxRgcKe1qju91BcuPMD9zf9sRY1fCWC3SAXDgpump,5,2026-08-28T10:28:30.568802+00:00,AVAILABLE,9231,3681,3
fp1sig-df40bb9d91fc031344bfdf6e,7v2KxRgcKe1qju91BcuPMD9zf9sRY1fCWC3SAXDgpump,10,2026-08-28T10:28:35.568802+00:00,AVAILABLE,9231,3681,4
fp1sig-df40bb9d91fc031344bfdf6e,7v2KxRgcKe1qju91BcuPMD9zf9sRY1fCWC3SAXDgpump,15,2026-08-28T10:28:40.568802+00:00,AVAILABLE,9231,2262,5
fp1sig-df40bb9d91fc031344bfdf6e,7v2KxRgcKe1qju91BcuPMD9zf9sRY1fCWC3SAXDgpump,20,2026-08-28T10:28:45.568802+00:00,AVAILABLE,9231,2262,7
fp1sig-df40bb9d91fc031344bfdf6e,7v2KxRgcKe1qju91BcuPMD9zf9sRY1fCWC3SAXDgpump,30,2026-08-28T10:28:55.568802+00:00,AVAILABLE,33905,2262,19
fp1sig-df40bb9d91fc031344bfdf6e,7v2KxRgcKe1qju91BcuPMD9zf9sRY1fCWC3SAXDgpump,45,2026-08-28T10:29:10.568802+00:00,AVAILABLE,33905,2262,28
fp1sig-df40bb9d91fc031344bfdf6e,7v2KxRgcKe1qju91BcuPMD9zf9sRY1fCWC3SAXDgpump,60,2026-08-28T10:29:25.568802+00:00,AVAILABLE,33905,2262,29
fp1sig-df40bb9d91fc031344bfdf6e,7v2KxRgcKe1qju91BcuPMD9zf9sRY1fCWC3SAXDgpump,90,2026-08-28T10:29:55.568802+00:00,AVAILABLE,33905,2262,29
fp1sig-df40bb9d91fc031344bfdf6e,7v2KxRgcKe1qju91BcuPMD9zf9sRY1fCWC3SAXDgpump,120,2026-08-28T10:30:25.568802+00:00,AVAILABLE,33905,2262,30
fp1sig-df40bb9d91fc031344bfdf6e,7v2KxRgcKe1qju91BcuPMD9zf9sRY1fCWC3SAXDgpump,180,2026-08-28T10:31:25.568802+00:00,AVAILABLE,33905,2262,30
fp1sig-df40bb9d91fc031344bfdf6e,7v2KxRgcKe1qju91BcuPMD9zf9sRY1fCWC3SAXDgpump,300,2026-08-28T10:33:25.568802+00:00,AVAILABLE,33905,2262,31
fp1sig-df505d1f580a64428e51253d,FujC3Ak2obNyR8AkqErdivpZP8cuX4w65C1vKQ2ypump,5,2026-08-28T05:09:41.331110+00:00,AVAILABLE,-2568,-2568,1
fp1sig-df505d1f580a64428e51253d,FujC3Ak2obNyR8AkqErdivpZP8cuX4w65C1vKQ2ypump,10,2026-08-28T05:09:46.331110+00:00,AVAILABLE,-1684,-2568,2
fp1sig-df505d1f580a64428e51253d,FujC3Ak2obNyR8AkqErdivpZP8cuX4w65C1vKQ2ypump,15,2026-08-28T05:09:51.331110+00:00,AVAILABLE,399,-2568,7
fp1sig-df505d1f580a64428e51253d,FujC3Ak2obNyR8AkqErdivpZP8cuX4w65C1vKQ2ypump,20,2026-08-28T05:09:56.331110+00:00,AVAILABLE,2032,-2568,12
fp1sig-df505d1f580a64428e51253d,FujC3Ak2obNyR8AkqErdivpZP8cuX4w65C1vKQ2ypump,30,2026-08-28T05:10:06.331110+00:00,AVAILABLE,4483,-2568,24
fp1sig-df505d1f580a64428e51253d,FujC3Ak2obNyR8AkqErdivpZP8cuX4w65C1vKQ2ypump,45,2026-08-28T05:10:21.331110+00:00,AVAILABLE,7503,-2568,40
fp1sig-df505d1f580a64428e51253d,FujC3Ak2obNyR8AkqErdivpZP8cuX4w65C1vKQ2ypump,60,2026-08-28T05:10:36.331110+00:00,AVAILABLE,7503,-2568,53
fp1sig-df505d1f580a64428e51253d,FujC3Ak2obNyR8AkqErdivpZP8cuX4w65C1vKQ2ypump,90,2026-08-28T05:11:06.331110+00:00,AVAILABLE,24236,-2568,69
fp1sig-df505d1f580a64428e51253d,FujC3Ak2obNyR8AkqErdivpZP8cuX4w65C1vKQ2ypump,120,2026-08-28T05:11:36.331110+00:00,AVAILABLE,38990,-2568,104
fp1sig-df505d1f580a64428e51253d,FujC3Ak2obNyR8AkqErdivpZP8cuX4w65C1vKQ2ypump,180,2026-08-28T05:12:36.331110+00:00,AVAILABLE,38990,-4506,144
fp1sig-df505d1f580a64428e51253d,FujC3Ak2obNyR8AkqErdivpZP8cuX4w65C1vKQ2ypump,300,2026-08-28T05:14:36.331110+00:00,AVAILABLE,38990,-4506,175
fp1sig-dfa733f6022bfcaa9b2f7ff4,3v2g5NP7VJ8H2XvBr7CH2twRyEpUN6wppvchVBM6pump,5,2026-08-27T13:12:12.816395+00:00,AVAILABLE,-406,-406,1
fp1sig-dfa733f6022bfcaa9b2f7ff4,3v2g5NP7VJ8H2XvBr7CH2twRyEpUN6wppvchVBM6pump,10,2026-08-27T13:12:17.816395+00:00,AVAILABLE,-352,-406,2
fp1sig-dfa733f6022bfcaa9b2f7ff4,3v2g5NP7VJ8H2XvBr7CH2twRyEpUN6wppvchVBM6pump,15,2026-08-27T13:12:22.816395+00:00,AVAILABLE,-192,-406,3
fp1sig-dfa733f6022bfcaa9b2f7ff4,3v2g5NP7VJ8H2XvBr7CH2twRyEpUN6wppvchVBM6pump,20,2026-08-27T13:12:27.816395+00:00,AVAILABLE,24,-406,4
fp1sig-dfa733f6022bfcaa9b2f7ff4,3v2g5NP7VJ8H2XvBr7CH2twRyEpUN6wppvchVBM6pump,30,2026-08-27T13:12:37.816395+00:00,AVAILABLE,24,-406,6
fp1sig-dfa733f6022bfcaa9b2f7ff4,3v2g5NP7VJ8H2XvBr7CH2twRyEpUN6wppvchVBM6pump,45,2026-08-27T13:12:52.816395+00:00,AVAILABLE,1331,-1113,17
fp1sig-dfa733f6022bfcaa9b2f7ff4,3v2g5NP7VJ8H2XvBr7CH2twRyEpUN6wppvchVBM6pump,60,2026-08-27T13:13:07.816395+00:00,AVAILABLE,5508,-1113,32
fp1sig-dfa733f6022bfcaa9b2f7ff4,3v2g5NP7VJ8H2XvBr7CH2twRyEpUN6wppvchVBM6pump,90,2026-08-27T13:13:37.816395+00:00,AVAILABLE,5508,-1113,47
fp1sig-dfa733f6022bfcaa9b2f7ff4,3v2g5NP7VJ8H2XvBr7CH2twRyEpUN6wppvchVBM6pump,120,2026-08-27T13:14:07.816395+00:00,AVAILABLE,6600,-1113,64
fp1sig-dfa733f6022bfcaa9b2f7ff4,3v2g5NP7VJ8H2XvBr7CH2twRyEpUN6wppvchVBM6pump,180,2026-08-27T13:15:07.816395+00:00,AVAILABLE,6600,-1607,92
fp1sig-dfa733f6022bfcaa9b2f7ff4,3v2g5NP7VJ8H2XvBr7CH2twRyEpUN6wppvchVBM6pump,300,2026-08-27T13:17:07.816395+00:00,AVAILABLE,6600,-2874,111
fp1sig-dfb8c6b875f6f4d68ca6973d,6ACoVZkPMiEw3vAx2nMLqC2vYWdY2S1h5bJ9uAKDpump,5,2026-08-27T16:20:04.582676+00:00,MISSING,,,0
fp1sig-dfb8c6b875f6f4d68ca6973d,6ACoVZkPMiEw3vAx2nMLqC2vYWdY2S1h5bJ9uAKDpump,10,2026-08-27T16:20:09.582676+00:00,MISSING,,,0
fp1sig-dfb8c6b875f6f4d68ca6973d,6ACoVZkPMiEw3vAx2nMLqC2vYWdY2S1h5bJ9uAKDpump,15,2026-08-27T16:20:14.582676+00:00,MISSING,,,0
fp1sig-dfb8c6b875f6f4d68ca6973d,6ACoVZkPMiEw3vAx2nMLqC2vYWdY2S1h5bJ9uAKDpump,20,2026-08-27T16:20:19.582676+00:00,MISSING,,,0
fp1sig-dfb8c6b875f6f4d68ca6973d,6ACoVZkPMiEw3vAx2nMLqC2vYWdY2S1h5bJ9uAKDpump,30,2026-08-27T16:20:29.582676+00:00,AVAILABLE,-2013,-2373,2
fp1sig-dfb8c6b875f6f4d68ca6973d,6ACoVZkPMiEw3vAx2nMLqC2vYWdY2S1h5bJ9uAKDpump,45,2026-08-27T16:20:44.582676+00:00,AVAILABLE,-1737,-3416,8
fp1sig-dfb8c6b875f6f4d68ca6973d,6ACoVZkPMiEw3vAx2nMLqC2vYWdY2S1h5bJ9uAKDpump,60,2026-08-27T16:20:59.582676+00:00,AVAILABLE,-1737,-3571,9
fp1sig-dfb8c6b875f6f4d68ca6973d,6ACoVZkPMiEw3vAx2nMLqC2vYWdY2S1h5bJ9uAKDpump,90,2026-08-27T16:21:29.582676+00:00,AVAILABLE,-1737,-3571,9
fp1sig-dfb8c6b875f6f4d68ca6973d,6ACoVZkPMiEw3vAx2nMLqC2vYWdY2S1h5bJ9uAKDpump,120,2026-08-27T16:21:59.582676+00:00,AVAILABLE,-1737,-3571,9
fp1sig-dfb8c6b875f6f4d68ca6973d,6ACoVZkPMiEw3vAx2nMLqC2vYWdY2S1h5bJ9uAKDpump,180,2026-08-27T16:22:59.582676+00:00,AVAILABLE,-1737,-3571,9
fp1sig-dfb8c6b875f6f4d68ca6973d,6ACoVZkPMiEw3vAx2nMLqC2vYWdY2S1h5bJ9uAKDpump,300,2026-08-27T16:24:59.582676+00:00,AVAILABLE,-1737,-3893,13
fp1sig-e035f7a3efbc62d57d671c7d,HZNMPd51B75e4JPWyGsni7VpcxHme6tomrGy88PPpump,5,2026-08-28T09:16:43.830600+00:00,AVAILABLE,3638,3638,1
fp1sig-e035f7a3efbc62d57d671c7d,HZNMPd51B75e4JPWyGsni7VpcxHme6tomrGy88PPpump,10,2026-08-28T09:16:48.830600+00:00,AVAILABLE,3638,3638,1
fp1sig-e035f7a3efbc62d57d671c7d,HZNMPd51B75e4JPWyGsni7VpcxHme6tomrGy88PPpump,15,2026-08-28T09:16:53.830600+00:00,AVAILABLE,3638,3638,1
fp1sig-e035f7a3efbc62d57d671c7d,HZNMPd51B75e4JPWyGsni7VpcxHme6tomrGy88PPpump,20,2026-08-28T09:16:58.830600+00:00,AVAILABLE,3638,3638,1
fp1sig-e035f7a3efbc62d57d671c7d,HZNMPd51B75e4JPWyGsni7VpcxHme6tomrGy88PPpump,30,2026-08-28T09:17:08.830600+00:00,AVAILABLE,3638,3638,1
fp1sig-e035f7a3efbc62d57d671c7d,HZNMPd51B75e4JPWyGsni7VpcxHme6tomrGy88PPpump,45,2026-08-28T09:17:23.830600+00:00,AVAILABLE,3638,3638,1
fp1sig-e035f7a3efbc62d57d671c7d,HZNMPd51B75e4JPWyGsni7VpcxHme6tomrGy88PPpump,60,2026-08-28T09:17:38.830600+00:00,AVAILABLE,3740,3638,3
fp1sig-e035f7a3efbc62d57d671c7d,HZNMPd51B75e4JPWyGsni7VpcxHme6tomrGy88PPpump,90,2026-08-28T09:18:08.830600+00:00,AVAILABLE,3740,3638,4
fp1sig-e035f7a3efbc62d57d671c7d,HZNMPd51B75e4JPWyGsni7VpcxHme6tomrGy88PPpump,120,2026-08-28T09:18:38.830600+00:00,AVAILABLE,3752,3638,6
fp1sig-e035f7a3efbc62d57d671c7d,HZNMPd51B75e4JPWyGsni7VpcxHme6tomrGy88PPpump,180,2026-08-28T09:19:38.830600+00:00,AVAILABLE,3752,-6351,14
fp1sig-e035f7a3efbc62d57d671c7d,HZNMPd51B75e4JPWyGsni7VpcxHme6tomrGy88PPpump,300,2026-08-28T09:21:38.830600+00:00,AVAILABLE,3752,-9144,45
fp1sig-e0e8a43eb0a72930887d03f1,DuKgYtqyQ6oiKj8hqoktHR8kvoLyp3Qfhycv1Qqxpump,5,2026-08-28T03:23:46.155291+00:00,AVAILABLE,-4477,-5693,2
fp1sig-e0e8a43eb0a72930887d03f1,DuKgYtqyQ6oiKj8hqoktHR8kvoLyp3Qfhycv1Qqxpump,10,2026-08-28T03:23:51.155291+00:00,AVAILABLE,-3343,-5693,4
fp1sig-e0e8a43eb0a72930887d03f1,DuKgYtqyQ6oiKj8hqoktHR8kvoLyp3Qfhycv1Qqxpump,15,2026-08-28T03:23:56.155291+00:00,AVAILABLE,-2596,-5693,5
fp1sig-e0e8a43eb0a72930887d03f1,DuKgYtqyQ6oiKj8hqoktHR8kvoLyp3Qfhycv1Qqxpump,20,2026-08-28T03:24:01.155291+00:00,AVAILABLE,-560,-5693,7
fp1sig-e0e8a43eb0a72930887d03f1,DuKgYtqyQ6oiKj8hqoktHR8kvoLyp3Qfhycv1Qqxpump,30,2026-08-28T03:24:11.155291+00:00,AVAILABLE,4290,-5693,11
fp1sig-e0e8a43eb0a72930887d03f1,DuKgYtqyQ6oiKj8hqoktHR8kvoLyp3Qfhycv1Qqxpump,45,2026-08-28T03:24:26.155291+00:00,AVAILABLE,7473,-5693,13
fp1sig-e0e8a43eb0a72930887d03f1,DuKgYtqyQ6oiKj8hqoktHR8kvoLyp3Qfhycv1Qqxpump,60,2026-08-28T03:24:41.155291+00:00,AVAILABLE,7473,-5693,18
fp1sig-e0e8a43eb0a72930887d03f1,DuKgYtqyQ6oiKj8hqoktHR8kvoLyp3Qfhycv1Qqxpump,90,2026-08-28T03:25:11.155291+00:00,AVAILABLE,7473,-5693,23
fp1sig-e0e8a43eb0a72930887d03f1,DuKgYtqyQ6oiKj8hqoktHR8kvoLyp3Qfhycv1Qqxpump,120,2026-08-28T03:25:41.155291+00:00,AVAILABLE,9422,-5693,26
fp1sig-e0e8a43eb0a72930887d03f1,DuKgYtqyQ6oiKj8hqoktHR8kvoLyp3Qfhycv1Qqxpump,180,2026-08-28T03:26:41.155291+00:00,AVAILABLE,11144,-5693,33
fp1sig-e0e8a43eb0a72930887d03f1,DuKgYtqyQ6oiKj8hqoktHR8kvoLyp3Qfhycv1Qqxpump,300,2026-08-28T03:28:41.155291+00:00,AVAILABLE,11144,-5693,53
fp1sig-e1be09af3361e302e644aebf,5xZwUYfBAMXMVYoArAqk41EtSGLUzuymxFKt6Vcapump,5,2026-08-27T22:16:51.873415+00:00,AVAILABLE,-277,-777,3
fp1sig-e1be09af3361e302e644aebf,5xZwUYfBAMXMVYoArAqk41EtSGLUzuymxFKt6Vcapump,10,2026-08-27T22:16:56.873415+00:00,AVAILABLE,-277,-1184,4
fp1sig-e1be09af3361e302e644aebf,5xZwUYfBAMXMVYoArAqk41EtSGLUzuymxFKt6Vcapump,15,2026-08-27T22:17:01.873415+00:00,AVAILABLE,-277,-1704,10
fp1sig-e1be09af3361e302e644aebf,5xZwUYfBAMXMVYoArAqk41EtSGLUzuymxFKt6Vcapump,20,2026-08-27T22:17:06.873415+00:00,AVAILABLE,-277,-1704,10
fp1sig-e1be09af3361e302e644aebf,5xZwUYfBAMXMVYoArAqk41EtSGLUzuymxFKt6Vcapump,30,2026-08-27T22:17:16.873415+00:00,AVAILABLE,-230,-1704,17
fp1sig-e1be09af3361e302e644aebf,5xZwUYfBAMXMVYoArAqk41EtSGLUzuymxFKt6Vcapump,45,2026-08-27T22:17:31.873415+00:00,AVAILABLE,-230,-2199,27
fp1sig-e1be09af3361e302e644aebf,5xZwUYfBAMXMVYoArAqk41EtSGLUzuymxFKt6Vcapump,60,2026-08-27T22:17:46.873415+00:00,AVAILABLE,-230,-2199,37
fp1sig-e1be09af3361e302e644aebf,5xZwUYfBAMXMVYoArAqk41EtSGLUzuymxFKt6Vcapump,90,2026-08-27T22:18:16.873415+00:00,AVAILABLE,-230,-3738,58
fp1sig-e1be09af3361e302e644aebf,5xZwUYfBAMXMVYoArAqk41EtSGLUzuymxFKt6Vcapump,120,2026-08-27T22:18:46.873415+00:00,AVAILABLE,-230,-3738,77
fp1sig-e1be09af3361e302e644aebf,5xZwUYfBAMXMVYoArAqk41EtSGLUzuymxFKt6Vcapump,180,2026-08-27T22:19:46.873415+00:00,AVAILABLE,-230,-3738,101
fp1sig-e1be09af3361e302e644aebf,5xZwUYfBAMXMVYoArAqk41EtSGLUzuymxFKt6Vcapump,300,2026-08-27T22:21:46.873415+00:00,AVAILABLE,435,-3738,146
fp1sig-e231e0b8cc23a230ebd0ecb6,AkKqcx9c8oQDo19fUQQBYdK13kpmWQ4gZeeQu8pGpump,5,2026-08-28T10:58:30.997858+00:00,MISSING,,,0
fp1sig-e231e0b8cc23a230ebd0ecb6,AkKqcx9c8oQDo19fUQQBYdK13kpmWQ4gZeeQu8pGpump,10,2026-08-28T10:58:35.997858+00:00,AVAILABLE,1081,1081,1
fp1sig-e231e0b8cc23a230ebd0ecb6,AkKqcx9c8oQDo19fUQQBYdK13kpmWQ4gZeeQu8pGpump,15,2026-08-28T10:58:40.997858+00:00,AVAILABLE,1081,1081,1
fp1sig-e231e0b8cc23a230ebd0ecb6,AkKqcx9c8oQDo19fUQQBYdK13kpmWQ4gZeeQu8pGpump,20,2026-08-28T10:58:45.997858+00:00,AVAILABLE,1081,1081,1
fp1sig-e231e0b8cc23a230ebd0ecb6,AkKqcx9c8oQDo19fUQQBYdK13kpmWQ4gZeeQu8pGpump,30,2026-08-28T10:58:55.997858+00:00,AVAILABLE,1148,1081,2
fp1sig-e231e0b8cc23a230ebd0ecb6,AkKqcx9c8oQDo19fUQQBYdK13kpmWQ4gZeeQu8pGpump,45,2026-08-28T10:59:10.997858+00:00,AVAILABLE,1148,818,5
fp1sig-e231e0b8cc23a230ebd0ecb6,AkKqcx9c8oQDo19fUQQBYdK13kpmWQ4gZeeQu8pGpump,60,2026-08-28T10:59:25.997858+00:00,AVAILABLE,1148,655,8
fp1sig-e231e0b8cc23a230ebd0ecb6,AkKqcx9c8oQDo19fUQQBYdK13kpmWQ4gZeeQu8pGpump,90,2026-08-28T10:59:55.997858+00:00,AVAILABLE,1148,655,8
fp1sig-e231e0b8cc23a230ebd0ecb6,AkKqcx9c8oQDo19fUQQBYdK13kpmWQ4gZeeQu8pGpump,120,2026-08-28T11:00:25.997858+00:00,AVAILABLE,1148,655,8
fp1sig-e231e0b8cc23a230ebd0ecb6,AkKqcx9c8oQDo19fUQQBYdK13kpmWQ4gZeeQu8pGpump,180,2026-08-28T11:01:25.997858+00:00,AVAILABLE,1148,-1745,16
fp1sig-e231e0b8cc23a230ebd0ecb6,AkKqcx9c8oQDo19fUQQBYdK13kpmWQ4gZeeQu8pGpump,300,2026-08-28T11:03:25.997858+00:00,AVAILABLE,1148,-3789,27
fp1sig-e2eedab8dae6d84e30956ae4,FwfBJ5w31LjCidztKN2SkibigGHCL9nHb56z8m4Rpump,5,2026-08-28T11:40:30.533472+00:00,MISSING,,,0
fp1sig-e2eedab8dae6d84e30956ae4,FwfBJ5w31LjCidztKN2SkibigGHCL9nHb56z8m4Rpump,10,2026-08-28T11:40:35.533472+00:00,AVAILABLE,-3345,-3405,2
fp1sig-e2eedab8dae6d84e30956ae4,FwfBJ5w31LjCidztKN2SkibigGHCL9nHb56z8m4Rpump,15,2026-08-28T11:40:40.533472+00:00,AVAILABLE,-3345,-4599,3
fp1sig-e2eedab8dae6d84e30956ae4,FwfBJ5w31LjCidztKN2SkibigGHCL9nHb56z8m4Rpump,20,2026-08-28T11:40:45.533472+00:00,AVAILABLE,-3345,-4599,3
fp1sig-e2eedab8dae6d84e30956ae4,FwfBJ5w31LjCidztKN2SkibigGHCL9nHb56z8m4Rpump,30,2026-08-28T11:40:55.533472+00:00,AVAILABLE,-3345,-4599,4
fp1sig-e2eedab8dae6d84e30956ae4,FwfBJ5w31LjCidztKN2SkibigGHCL9nHb56z8m4Rpump,45,2026-08-28T11:41:10.533472+00:00,AVAILABLE,-1460,-4599,7
fp1sig-e2eedab8dae6d84e30956ae4,FwfBJ5w31LjCidztKN2SkibigGHCL9nHb56z8m4Rpump,60,2026-08-28T11:41:25.533472+00:00,AVAILABLE,-1460,-4599,9
fp1sig-e2eedab8dae6d84e30956ae4,FwfBJ5w31LjCidztKN2SkibigGHCL9nHb56z8m4Rpump,90,2026-08-28T11:41:55.533472+00:00,AVAILABLE,-1460,-6035,16
fp1sig-e2eedab8dae6d84e30956ae4,FwfBJ5w31LjCidztKN2SkibigGHCL9nHb56z8m4Rpump,120,2026-08-28T11:42:25.533472+00:00,AVAILABLE,-1460,-6035,21
fp1sig-e2eedab8dae6d84e30956ae4,FwfBJ5w31LjCidztKN2SkibigGHCL9nHb56z8m4Rpump,180,2026-08-28T11:43:25.533472+00:00,AVAILABLE,1599,-6035,35
fp1sig-e2eedab8dae6d84e30956ae4,FwfBJ5w31LjCidztKN2SkibigGHCL9nHb56z8m4Rpump,300,2026-08-28T11:45:25.533472+00:00,AVAILABLE,1599,-9533,53
fp1sig-e3e998330770c0893a802f0f,AyL6PEGBCXusN1T1pq4jWAKyfNW5BMKVBDKxAH3s8NPp,5,2026-08-27T23:42:26.577158+00:00,AVAILABLE,-1698,-1732,2
fp1sig-e3e998330770c0893a802f0f,AyL6PEGBCXusN1T1pq4jWAKyfNW5BMKVBDKxAH3s8NPp,10,2026-08-27T23:42:31.577158+00:00,AVAILABLE,-1698,-6435,4
fp1sig-e3e998330770c0893a802f0f,AyL6PEGBCXusN1T1pq4jWAKyfNW5BMKVBDKxAH3s8NPp,15,2026-08-27T23:42:36.577158+00:00,AVAILABLE,-1698,-6435,8
fp1sig-e3e998330770c0893a802f0f,AyL6PEGBCXusN1T1pq4jWAKyfNW5BMKVBDKxAH3s8NPp,20,2026-08-27T23:42:41.577158+00:00,AVAILABLE,-1698,-6963,12
fp1sig-e3e998330770c0893a802f0f,AyL6PEGBCXusN1T1pq4jWAKyfNW5BMKVBDKxAH3s8NPp,30,2026-08-27T23:42:51.577158+00:00,AVAILABLE,-1698,-8455,17
fp1sig-e3e998330770c0893a802f0f,AyL6PEGBCXusN1T1pq4jWAKyfNW5BMKVBDKxAH3s8NPp,45,2026-08-27T23:43:06.577158+00:00,AVAILABLE,-1698,-8455,23
fp1sig-e3e998330770c0893a802f0f,AyL6PEGBCXusN1T1pq4jWAKyfNW5BMKVBDKxAH3s8NPp,60,2026-08-27T23:43:21.577158+00:00,AVAILABLE,-1698,-8455,25
fp1sig-e3e998330770c0893a802f0f,AyL6PEGBCXusN1T1pq4jWAKyfNW5BMKVBDKxAH3s8NPp,90,2026-08-27T23:43:51.577158+00:00,AVAILABLE,-1698,-9135,29
fp1sig-e3e998330770c0893a802f0f,AyL6PEGBCXusN1T1pq4jWAKyfNW5BMKVBDKxAH3s8NPp,120,2026-08-27T23:44:21.577158+00:00,AVAILABLE,-1698,-9135,29
fp1sig-e3e998330770c0893a802f0f,AyL6PEGBCXusN1T1pq4jWAKyfNW5BMKVBDKxAH3s8NPp,180,2026-08-27T23:45:21.577158+00:00,AVAILABLE,-1698,-9137,30
fp1sig-e3e998330770c0893a802f0f,AyL6PEGBCXusN1T1pq4jWAKyfNW5BMKVBDKxAH3s8NPp,300,2026-08-27T23:47:21.577158+00:00,AVAILABLE,-1698,-9137,30
fp1sig-e3f92ea9d1de8a5a5fd859db,8rYmyrdt1LZsGAzpnbKpCHAj5J313KNR2iYw5Boqpump,5,2026-08-27T20:10:36.055062+00:00,MISSING,,,0
fp1sig-e3f92ea9d1de8a5a5fd859db,8rYmyrdt1LZsGAzpnbKpCHAj5J313KNR2iYw5Boqpump,10,2026-08-27T20:10:41.055062+00:00,MISSING,,,0
fp1sig-e3f92ea9d1de8a5a5fd859db,8rYmyrdt1LZsGAzpnbKpCHAj5J313KNR2iYw5Boqpump,15,2026-08-27T20:10:46.055062+00:00,AVAILABLE,-386,-386,1
fp1sig-e3f92ea9d1de8a5a5fd859db,8rYmyrdt1LZsGAzpnbKpCHAj5J313KNR2iYw5Boqpump,20,2026-08-27T20:10:51.055062+00:00,AVAILABLE,-386,-386,1
fp1sig-e3f92ea9d1de8a5a5fd859db,8rYmyrdt1LZsGAzpnbKpCHAj5J313KNR2iYw5Boqpump,30,2026-08-27T20:11:01.055062+00:00,AVAILABLE,-386,-386,1
fp1sig-e3f92ea9d1de8a5a5fd859db,8rYmyrdt1LZsGAzpnbKpCHAj5J313KNR2iYw5Boqpump,45,2026-08-27T20:11:16.055062+00:00,AVAILABLE,-386,-386,1
fp1sig-e3f92ea9d1de8a5a5fd859db,8rYmyrdt1LZsGAzpnbKpCHAj5J313KNR2iYw5Boqpump,60,2026-08-27T20:11:31.055062+00:00,AVAILABLE,-381,-386,2
fp1sig-e3f92ea9d1de8a5a5fd859db,8rYmyrdt1LZsGAzpnbKpCHAj5J313KNR2iYw5Boqpump,90,2026-08-27T20:12:01.055062+00:00,AVAILABLE,194,-386,4
fp1sig-e3f92ea9d1de8a5a5fd859db,8rYmyrdt1LZsGAzpnbKpCHAj5J313KNR2iYw5Boqpump,120,2026-08-27T20:12:31.055062+00:00,AVAILABLE,194,-386,4
fp1sig-e3f92ea9d1de8a5a5fd859db,8rYmyrdt1LZsGAzpnbKpCHAj5J313KNR2iYw5Boqpump,180,2026-08-27T20:13:31.055062+00:00,AVAILABLE,194,-386,4
fp1sig-e3f92ea9d1de8a5a5fd859db,8rYmyrdt1LZsGAzpnbKpCHAj5J313KNR2iYw5Boqpump,300,2026-08-27T20:15:31.055062+00:00,AVAILABLE,194,-904,7
fp1sig-e4015cea26ab0ea3c00daccb,2zs75S2wrMjNjH44CCUaQ2BQ1G6nZVdfToqVcsPXpump,5,2026-08-28T07:17:39.231262+00:00,AVAILABLE,-2253,-2253,1
fp1sig-e4015cea26ab0ea3c00daccb,2zs75S2wrMjNjH44CCUaQ2BQ1G6nZVdfToqVcsPXpump,10,2026-08-28T07:17:44.231262+00:00,AVAILABLE,-2253,-4607,3
fp1sig-e4015cea26ab0ea3c00daccb,2zs75S2wrMjNjH44CCUaQ2BQ1G6nZVdfToqVcsPXpump,15,2026-08-28T07:17:49.231262+00:00,AVAILABLE,-2253,-4609,5
fp1sig-e4015cea26ab0ea3c00daccb,2zs75S2wrMjNjH44CCUaQ2BQ1G6nZVdfToqVcsPXpump,20,2026-08-28T07:17:54.231262+00:00,AVAILABLE,-1428,-4910,7
fp1sig-e4015cea26ab0ea3c00daccb,2zs75S2wrMjNjH44CCUaQ2BQ1G6nZVdfToqVcsPXpump,30,2026-08-28T07:18:04.231262+00:00,AVAILABLE,-1428,-5794,13
fp1sig-e4015cea26ab0ea3c00daccb,2zs75S2wrMjNjH44CCUaQ2BQ1G6nZVdfToqVcsPXpump,45,2026-08-28T07:18:19.231262+00:00,AVAILABLE,-1428,-5794,14
fp1sig-e4015cea26ab0ea3c00daccb,2zs75S2wrMjNjH44CCUaQ2BQ1G6nZVdfToqVcsPXpump,60,2026-08-28T07:18:34.231262+00:00,AVAILABLE,-1428,-5794,14
fp1sig-e4015cea26ab0ea3c00daccb,2zs75S2wrMjNjH44CCUaQ2BQ1G6nZVdfToqVcsPXpump,90,2026-08-28T07:19:04.231262+00:00,AVAILABLE,-1428,-5794,17
fp1sig-e4015cea26ab0ea3c00daccb,2zs75S2wrMjNjH44CCUaQ2BQ1G6nZVdfToqVcsPXpump,120,2026-08-28T07:19:34.231262+00:00,AVAILABLE,-1428,-5794,25
fp1sig-e4015cea26ab0ea3c00daccb,2zs75S2wrMjNjH44CCUaQ2BQ1G6nZVdfToqVcsPXpump,180,2026-08-28T07:20:34.231262+00:00,AVAILABLE,-1428,-5794,30
fp1sig-e4015cea26ab0ea3c00daccb,2zs75S2wrMjNjH44CCUaQ2BQ1G6nZVdfToqVcsPXpump,300,2026-08-28T07:22:34.231262+00:00,AVAILABLE,-1428,-5887,31
fp1sig-e401b9778fc0267c8d5398ab,98GoqvatstNPxb852UnK4t2yatyEPGRNxZEAF3wDpump,5,2026-08-27T15:20:27.055390+00:00,AVAILABLE,418,38,5
fp1sig-e401b9778fc0267c8d5398ab,98GoqvatstNPxb852UnK4t2yatyEPGRNxZEAF3wDpump,10,2026-08-27T15:20:32.055390+00:00,AVAILABLE,418,38,6
fp1sig-e401b9778fc0267c8d5398ab,98GoqvatstNPxb852UnK4t2yatyEPGRNxZEAF3wDpump,15,2026-08-27T15:20:37.055390+00:00,AVAILABLE,485,38,7
fp1sig-e401b9778fc0267c8d5398ab,98GoqvatstNPxb852UnK4t2yatyEPGRNxZEAF3wDpump,20,2026-08-27T15:20:42.055390+00:00,AVAILABLE,485,-718,11
fp1sig-e401b9778fc0267c8d5398ab,98GoqvatstNPxb852UnK4t2yatyEPGRNxZEAF3wDpump,30,2026-08-27T15:20:52.055390+00:00,AVAILABLE,485,-728,15
fp1sig-e401b9778fc0267c8d5398ab,98GoqvatstNPxb852UnK4t2yatyEPGRNxZEAF3wDpump,45,2026-08-27T15:21:07.055390+00:00,AVAILABLE,946,-855,24
fp1sig-e401b9778fc0267c8d5398ab,98GoqvatstNPxb852UnK4t2yatyEPGRNxZEAF3wDpump,60,2026-08-27T15:21:22.055390+00:00,AVAILABLE,2970,-855,31
fp1sig-e401b9778fc0267c8d5398ab,98GoqvatstNPxb852UnK4t2yatyEPGRNxZEAF3wDpump,90,2026-08-27T15:21:52.055390+00:00,AVAILABLE,4889,-855,38
fp1sig-e401b9778fc0267c8d5398ab,98GoqvatstNPxb852UnK4t2yatyEPGRNxZEAF3wDpump,120,2026-08-27T15:22:22.055390+00:00,AVAILABLE,7410,-855,55
fp1sig-e401b9778fc0267c8d5398ab,98GoqvatstNPxb852UnK4t2yatyEPGRNxZEAF3wDpump,180,2026-08-27T15:23:22.055390+00:00,AVAILABLE,13971,-855,104
fp1sig-e401b9778fc0267c8d5398ab,98GoqvatstNPxb852UnK4t2yatyEPGRNxZEAF3wDpump,300,2026-08-27T15:25:22.055390+00:00,AVAILABLE,13971,-855,126
fp1sig-e4809b2267528d194fd659d5,Gtsuck6iP61kJNRg1Qi7xkdA6CowVJRXcLER5WKEpump,5,2026-08-28T01:51:32.399477+00:00,MISSING,,,0
fp1sig-e4809b2267528d194fd659d5,Gtsuck6iP61kJNRg1Qi7xkdA6CowVJRXcLER5WKEpump,10,2026-08-28T01:51:37.399477+00:00,AVAILABLE,-444,-1219,2
fp1sig-e4809b2267528d194fd659d5,Gtsuck6iP61kJNRg1Qi7xkdA6CowVJRXcLER5WKEpump,15,2026-08-28T01:51:42.399477+00:00,AVAILABLE,-444,-1219,2
fp1sig-e4809b2267528d194fd659d5,Gtsuck6iP61kJNRg1Qi7xkdA6CowVJRXcLER5WKEpump,20,2026-08-28T01:51:47.399477+00:00,AVAILABLE,2471,-1219,3
fp1sig-e4809b2267528d194fd659d5,Gtsuck6iP61kJNRg1Qi7xkdA6CowVJRXcLER5WKEpump,30,2026-08-28T01:51:57.399477+00:00,AVAILABLE,2991,-2042,6
fp1sig-e4809b2267528d194fd659d5,Gtsuck6iP61kJNRg1Qi7xkdA6CowVJRXcLER5WKEpump,45,2026-08-28T01:52:12.399477+00:00,AVAILABLE,2991,-4559,9
fp1sig-e4809b2267528d194fd659d5,Gtsuck6iP61kJNRg1Qi7xkdA6CowVJRXcLER5WKEpump,60,2026-08-28T01:52:27.399477+00:00,AVAILABLE,2991,-4559,14
fp1sig-e4809b2267528d194fd659d5,Gtsuck6iP61kJNRg1Qi7xkdA6CowVJRXcLER5WKEpump,90,2026-08-28T01:52:57.399477+00:00,AVAILABLE,2991,-5809,23
fp1sig-e4809b2267528d194fd659d5,Gtsuck6iP61kJNRg1Qi7xkdA6CowVJRXcLER5WKEpump,120,2026-08-28T01:53:27.399477+00:00,AVAILABLE,2991,-8446,28
fp1sig-e4809b2267528d194fd659d5,Gtsuck6iP61kJNRg1Qi7xkdA6CowVJRXcLER5WKEpump,180,2026-08-28T01:54:27.399477+00:00,AVAILABLE,2991,-8522,34
fp1sig-e4809b2267528d194fd659d5,Gtsuck6iP61kJNRg1Qi7xkdA6CowVJRXcLER5WKEpump,300,2026-08-28T01:56:27.399477+00:00,AVAILABLE,2991,-8777,41
fp1sig-e48c7d460c082b589e066540,37dgkn8nPqxjo9dW2JsyBmccMYNvutzaJ8ePPwg5pump,5,2026-08-27T23:54:33.222387+00:00,AVAILABLE,1439,1439,1
fp1sig-e48c7d460c082b589e066540,37dgkn8nPqxjo9dW2JsyBmccMYNvutzaJ8ePPwg5pump,10,2026-08-27T23:54:38.222387+00:00,AVAILABLE,1439,-243,3
fp1sig-e48c7d460c082b589e066540,37dgkn8nPqxjo9dW2JsyBmccMYNvutzaJ8ePPwg5pump,15,2026-08-27T23:54:43.222387+00:00,AVAILABLE,1439,-243,3
fp1sig-e48c7d460c082b589e066540,37dgkn8nPqxjo9dW2JsyBmccMYNvutzaJ8ePPwg5pump,20,2026-08-27T23:54:48.222387+00:00,AVAILABLE,1439,-321,6
fp1sig-e48c7d460c082b589e066540,37dgkn8nPqxjo9dW2JsyBmccMYNvutzaJ8ePPwg5pump,30,2026-08-27T23:54:58.222387+00:00,AVAILABLE,1439,-480,7
fp1sig-e48c7d460c082b589e066540,37dgkn8nPqxjo9dW2JsyBmccMYNvutzaJ8ePPwg5pump,45,2026-08-27T23:55:13.222387+00:00,AVAILABLE,1439,-480,7
fp1sig-e48c7d460c082b589e066540,37dgkn8nPqxjo9dW2JsyBmccMYNvutzaJ8ePPwg5pump,60,2026-08-27T23:55:28.222387+00:00,AVAILABLE,1439,-480,7
fp1sig-e48c7d460c082b589e066540,37dgkn8nPqxjo9dW2JsyBmccMYNvutzaJ8ePPwg5pump,90,2026-08-27T23:55:58.222387+00:00,AVAILABLE,1439,-713,10
fp1sig-e48c7d460c082b589e066540,37dgkn8nPqxjo9dW2JsyBmccMYNvutzaJ8ePPwg5pump,120,2026-08-27T23:56:28.222387+00:00,AVAILABLE,1439,-713,10
fp1sig-e48c7d460c082b589e066540,37dgkn8nPqxjo9dW2JsyBmccMYNvutzaJ8ePPwg5pump,180,2026-08-27T23:57:28.222387+00:00,AVAILABLE,1439,-713,10
fp1sig-e48c7d460c082b589e066540,37dgkn8nPqxjo9dW2JsyBmccMYNvutzaJ8ePPwg5pump,300,2026-08-27T23:59:28.222387+00:00,AVAILABLE,1439,-713,11
fp1sig-e498fa53f8531d945b078ac7,Bs3m1rJ169FevnsFAtaRkB5LxNp2FsNs5jXyqfFgpump,5,2026-08-28T07:02:08.103696+00:00,AVAILABLE,5129,2336,3
fp1sig-e498fa53f8531d945b078ac7,Bs3m1rJ169FevnsFAtaRkB5LxNp2FsNs5jXyqfFgpump,10,2026-08-28T07:02:13.103696+00:00,AVAILABLE,5129,-1373,6
fp1sig-e498fa53f8531d945b078ac7,Bs3m1rJ169FevnsFAtaRkB5LxNp2FsNs5jXyqfFgpump,15,2026-08-28T07:02:18.103696+00:00,AVAILABLE,5129,-1460,7
fp1sig-e498fa53f8531d945b078ac7,Bs3m1rJ169FevnsFAtaRkB5LxNp2FsNs5jXyqfFgpump,20,2026-08-28T07:02:23.103696+00:00,AVAILABLE,5129,-1460,7
fp1sig-e498fa53f8531d945b078ac7,Bs3m1rJ169FevnsFAtaRkB5LxNp2FsNs5jXyqfFgpump,30,2026-08-28T07:02:33.103696+00:00,AVAILABLE,5129,-2883,10
fp1sig-e498fa53f8531d945b078ac7,Bs3m1rJ169FevnsFAtaRkB5LxNp2FsNs5jXyqfFgpump,45,2026-08-28T07:02:48.103696+00:00,AVAILABLE,5129,-4515,14
fp1sig-e498fa53f8531d945b078ac7,Bs3m1rJ169FevnsFAtaRkB5LxNp2FsNs5jXyqfFgpump,60,2026-08-28T07:03:03.103696+00:00,AVAILABLE,5129,-4515,21
fp1sig-e498fa53f8531d945b078ac7,Bs3m1rJ169FevnsFAtaRkB5LxNp2FsNs5jXyqfFgpump,90,2026-08-28T07:03:33.103696+00:00,AVAILABLE,5129,-7187,35
fp1sig-e498fa53f8531d945b078ac7,Bs3m1rJ169FevnsFAtaRkB5LxNp2FsNs5jXyqfFgpump,120,2026-08-28T07:04:03.103696+00:00,AVAILABLE,5129,-7187,37
fp1sig-e498fa53f8531d945b078ac7,Bs3m1rJ169FevnsFAtaRkB5LxNp2FsNs5jXyqfFgpump,180,2026-08-28T07:05:03.103696+00:00,AVAILABLE,5129,-7187,38
fp1sig-e498fa53f8531d945b078ac7,Bs3m1rJ169FevnsFAtaRkB5LxNp2FsNs5jXyqfFgpump,300,2026-08-28T07:07:03.103696+00:00,AVAILABLE,5129,-7187,55
fp1sig-e4d8512d79677bc95393efb5,7ZCcjiQcBbcfcy31XQG4Yo9JFddupWx1C8EtFPhHpump,5,2026-08-27T14:10:05.164413+00:00,AVAILABLE,-27,-157,3
fp1sig-e4d8512d79677bc95393efb5,7ZCcjiQcBbcfcy31XQG4Yo9JFddupWx1C8EtFPhHpump,10,2026-08-27T14:10:10.164413+00:00,AVAILABLE,-27,-247,5
fp1sig-e4d8512d79677bc95393efb5,7ZCcjiQcBbcfcy31XQG4Yo9JFddupWx1C8EtFPhHpump,15,2026-08-27T14:10:15.164413+00:00,AVAILABLE,-27,-987,8
fp1sig-e4d8512d79677bc95393efb5,7ZCcjiQcBbcfcy31XQG4Yo9JFddupWx1C8EtFPhHpump,20,2026-08-27T14:10:20.164413+00:00,AVAILABLE,-27,-1364,10
fp1sig-e4d8512d79677bc95393efb5,7ZCcjiQcBbcfcy31XQG4Yo9JFddupWx1C8EtFPhHpump,30,2026-08-27T14:10:30.164413+00:00,AVAILABLE,-27,-1364,11
fp1sig-e4d8512d79677bc95393efb5,7ZCcjiQcBbcfcy31XQG4Yo9JFddupWx1C8EtFPhHpump,45,2026-08-27T14:10:45.164413+00:00,AVAILABLE,-27,-2438,21
fp1sig-e4d8512d79677bc95393efb5,7ZCcjiQcBbcfcy31XQG4Yo9JFddupWx1C8EtFPhHpump,60,2026-08-27T14:11:00.164413+00:00,AVAILABLE,-27,-2438,31
fp1sig-e4d8512d79677bc95393efb5,7ZCcjiQcBbcfcy31XQG4Yo9JFddupWx1C8EtFPhHpump,90,2026-08-27T14:11:30.164413+00:00,AVAILABLE,-27,-2785,47
fp1sig-e4d8512d79677bc95393efb5,7ZCcjiQcBbcfcy31XQG4Yo9JFddupWx1C8EtFPhHpump,120,2026-08-27T14:12:00.164413+00:00,AVAILABLE,2582,-2785,80
fp1sig-e4d8512d79677bc95393efb5,7ZCcjiQcBbcfcy31XQG4Yo9JFddupWx1C8EtFPhHpump,180,2026-08-27T14:13:00.164413+00:00,AVAILABLE,2616,-2785,107
fp1sig-e4d8512d79677bc95393efb5,7ZCcjiQcBbcfcy31XQG4Yo9JFddupWx1C8EtFPhHpump,300,2026-08-27T14:15:00.164413+00:00,AVAILABLE,2616,-2785,107
fp1sig-e61573915e0b656fa39d1f01,4qXX8rw8u7eQePayeVgc34nzt48152QqTGgH28hEpump,5,2026-08-28T12:26:05.929221+00:00,AVAILABLE,413,-1596,6
fp1sig-e61573915e0b656fa39d1f01,4qXX8rw8u7eQePayeVgc34nzt48152QqTGgH28hEpump,10,2026-08-28T12:26:10.929221+00:00,AVAILABLE,413,-1699,7
fp1sig-e61573915e0b656fa39d1f01,4qXX8rw8u7eQePayeVgc34nzt48152QqTGgH28hEpump,15,2026-08-28T12:26:15.929221+00:00,AVAILABLE,413,-2137,10
fp1sig-e61573915e0b656fa39d1f01,4qXX8rw8u7eQePayeVgc34nzt48152QqTGgH28hEpump,20,2026-08-28T12:26:20.929221+00:00,AVAILABLE,413,-2137,10
fp1sig-e61573915e0b656fa39d1f01,4qXX8rw8u7eQePayeVgc34nzt48152QqTGgH28hEpump,30,2026-08-28T12:26:30.929221+00:00,AVAILABLE,413,-2137,10
fp1sig-e61573915e0b656fa39d1f01,4qXX8rw8u7eQePayeVgc34nzt48152QqTGgH28hEpump,45,2026-08-28T12:26:45.929221+00:00,AVAILABLE,413,-2137,10
fp1sig-e61573915e0b656fa39d1f01,4qXX8rw8u7eQePayeVgc34nzt48152QqTGgH28hEpump,60,2026-08-28T12:27:00.929221+00:00,AVAILABLE,413,-2228,12
fp1sig-e61573915e0b656fa39d1f01,4qXX8rw8u7eQePayeVgc34nzt48152QqTGgH28hEpump,90,2026-08-28T12:27:30.929221+00:00,AVAILABLE,413,-2228,12
fp1sig-e61573915e0b656fa39d1f01,4qXX8rw8u7eQePayeVgc34nzt48152QqTGgH28hEpump,120,2026-08-28T12:28:00.929221+00:00,AVAILABLE,413,-2228,12
fp1sig-e61573915e0b656fa39d1f01,4qXX8rw8u7eQePayeVgc34nzt48152QqTGgH28hEpump,180,2026-08-28T12:29:00.929221+00:00,AVAILABLE,413,-2228,12
fp1sig-e61573915e0b656fa39d1f01,4qXX8rw8u7eQePayeVgc34nzt48152QqTGgH28hEpump,300,2026-08-28T12:31:00.929221+00:00,AVAILABLE,413,-2228,12
fp1sig-e658165e8d74bcd15a66043d,6NeyGbhniEbs3UJUkNdbePGLj2xwdnsrCrNCpckwpump,5,2026-08-28T08:43:38.796830+00:00,MISSING,,,0
fp1sig-e658165e8d74bcd15a66043d,6NeyGbhniEbs3UJUkNdbePGLj2xwdnsrCrNCpckwpump,10,2026-08-28T08:43:43.796830+00:00,AVAILABLE,-921,-2446,2
fp1sig-e658165e8d74bcd15a66043d,6NeyGbhniEbs3UJUkNdbePGLj2xwdnsrCrNCpckwpump,15,2026-08-28T08:43:48.796830+00:00,AVAILABLE,-921,-2446,2
fp1sig-e658165e8d74bcd15a66043d,6NeyGbhniEbs3UJUkNdbePGLj2xwdnsrCrNCpckwpump,20,2026-08-28T08:43:53.796830+00:00,AVAILABLE,-921,-2446,3
fp1sig-e658165e8d74bcd15a66043d,6NeyGbhniEbs3UJUkNdbePGLj2xwdnsrCrNCpckwpump,30,2026-08-28T08:44:03.796830+00:00,AVAILABLE,4823,-2446,6
fp1sig-e658165e8d74bcd15a66043d,6NeyGbhniEbs3UJUkNdbePGLj2xwdnsrCrNCpckwpump,45,2026-08-28T08:44:18.796830+00:00,AVAILABLE,9293,-2446,9
fp1sig-e658165e8d74bcd15a66043d,6NeyGbhniEbs3UJUkNdbePGLj2xwdnsrCrNCpckwpump,60,2026-08-28T08:44:33.796830+00:00,AVAILABLE,28720,-2446,13
fp1sig-e658165e8d74bcd15a66043d,6NeyGbhniEbs3UJUkNdbePGLj2xwdnsrCrNCpckwpump,90,2026-08-28T08:45:03.796830+00:00,AVAILABLE,28720,-2446,13
fp1sig-e658165e8d74bcd15a66043d,6NeyGbhniEbs3UJUkNdbePGLj2xwdnsrCrNCpckwpump,120,2026-08-28T08:45:33.796830+00:00,AVAILABLE,28720,-2446,13
fp1sig-e658165e8d74bcd15a66043d,6NeyGbhniEbs3UJUkNdbePGLj2xwdnsrCrNCpckwpump,180,2026-08-28T08:46:33.796830+00:00,AVAILABLE,28720,-2446,13
fp1sig-e658165e8d74bcd15a66043d,6NeyGbhniEbs3UJUkNdbePGLj2xwdnsrCrNCpckwpump,300,2026-08-28T08:48:33.796830+00:00,AVAILABLE,28720,-2446,13
fp1sig-e73f1661f72b7605560e401a,Ga3LB75LyuDJKfTreTPx6Cew5TmjTQESXb12TAuZpump,5,2026-08-28T03:05:01.888296+00:00,AVAILABLE,-1376,-2418,8
fp1sig-e73f1661f72b7605560e401a,Ga3LB75LyuDJKfTreTPx6Cew5TmjTQESXb12TAuZpump,10,2026-08-28T03:05:06.888296+00:00,AVAILABLE,-1376,-2418,9
fp1sig-e73f1661f72b7605560e401a,Ga3LB75LyuDJKfTreTPx6Cew5TmjTQESXb12TAuZpump,15,2026-08-28T03:05:11.888296+00:00,AVAILABLE,-1376,-2418,10
fp1sig-e73f1661f72b7605560e401a,Ga3LB75LyuDJKfTreTPx6Cew5TmjTQESXb12TAuZpump,20,2026-08-28T03:05:16.888296+00:00,AVAILABLE,-1376,-2418,12
fp1sig-e73f1661f72b7605560e401a,Ga3LB75LyuDJKfTreTPx6Cew5TmjTQESXb12TAuZpump,30,2026-08-28T03:05:26.888296+00:00,AVAILABLE,-1376,-2418,12
fp1sig-e73f1661f72b7605560e401a,Ga3LB75LyuDJKfTreTPx6Cew5TmjTQESXb12TAuZpump,45,2026-08-28T03:05:41.888296+00:00,AVAILABLE,-1376,-2418,13
fp1sig-e73f1661f72b7605560e401a,Ga3LB75LyuDJKfTreTPx6Cew5TmjTQESXb12TAuZpump,60,2026-08-28T03:05:56.888296+00:00,AVAILABLE,-1376,-2464,14
fp1sig-e73f1661f72b7605560e401a,Ga3LB75LyuDJKfTreTPx6Cew5TmjTQESXb12TAuZpump,90,2026-08-28T03:06:26.888296+00:00,AVAILABLE,-1376,-2464,14
fp1sig-e73f1661f72b7605560e401a,Ga3LB75LyuDJKfTreTPx6Cew5TmjTQESXb12TAuZpump,120,2026-08-28T03:06:56.888296+00:00,AVAILABLE,-1376,-2505,17
fp1sig-e73f1661f72b7605560e401a,Ga3LB75LyuDJKfTreTPx6Cew5TmjTQESXb12TAuZpump,180,2026-08-28T03:07:56.888296+00:00,AVAILABLE,-1376,-2505,20
fp1sig-e73f1661f72b7605560e401a,Ga3LB75LyuDJKfTreTPx6Cew5TmjTQESXb12TAuZpump,300,2026-08-28T03:09:56.888296+00:00,AVAILABLE,-1376,-2505,27
fp1sig-e82db2b618ab2241f232b188,4YckUGedvsBEXYQdKnfWMRr8njBLQLFexMr3sLFBpump,5,2026-08-28T06:42:55.970809+00:00,AVAILABLE,-173,-173,1
fp1sig-e82db2b618ab2241f232b188,4YckUGedvsBEXYQdKnfWMRr8njBLQLFexMr3sLFBpump,10,2026-08-28T06:43:00.970809+00:00,AVAILABLE,-173,-744,2
fp1sig-e82db2b618ab2241f232b188,4YckUGedvsBEXYQdKnfWMRr8njBLQLFexMr3sLFBpump,15,2026-08-28T06:43:05.970809+00:00,AVAILABLE,-173,-1271,5
fp1sig-e82db2b618ab2241f232b188,4YckUGedvsBEXYQdKnfWMRr8njBLQLFexMr3sLFBpump,20,2026-08-28T06:43:10.970809+00:00,AVAILABLE,-173,-2541,10
fp1sig-e82db2b618ab2241f232b188,4YckUGedvsBEXYQdKnfWMRr8njBLQLFexMr3sLFBpump,30,2026-08-28T06:43:20.970809+00:00,AVAILABLE,-173,-3643,14
fp1sig-e82db2b618ab2241f232b188,4YckUGedvsBEXYQdKnfWMRr8njBLQLFexMr3sLFBpump,45,2026-08-28T06:43:35.970809+00:00,AVAILABLE,-173,-3643,16
fp1sig-e82db2b618ab2241f232b188,4YckUGedvsBEXYQdKnfWMRr8njBLQLFexMr3sLFBpump,60,2026-08-28T06:43:50.970809+00:00,AVAILABLE,-173,-3643,16
fp1sig-e82db2b618ab2241f232b188,4YckUGedvsBEXYQdKnfWMRr8njBLQLFexMr3sLFBpump,90,2026-08-28T06:44:20.970809+00:00,AVAILABLE,-173,-3643,16
fp1sig-e82db2b618ab2241f232b188,4YckUGedvsBEXYQdKnfWMRr8njBLQLFexMr3sLFBpump,120,2026-08-28T06:44:50.970809+00:00,AVAILABLE,-173,-3643,16
fp1sig-e82db2b618ab2241f232b188,4YckUGedvsBEXYQdKnfWMRr8njBLQLFexMr3sLFBpump,180,2026-08-28T06:45:50.970809+00:00,AVAILABLE,-173,-3643,16
fp1sig-e82db2b618ab2241f232b188,4YckUGedvsBEXYQdKnfWMRr8njBLQLFexMr3sLFBpump,300,2026-08-28T06:47:50.970809+00:00,AVAILABLE,-173,-3643,16
fp1sig-e8da1435cfc9528ee0fd01dc,Ad8qwHJ626N8q6jhnuJjDuLJ3Z3A8dpZTTMzBJ52pump,5,2026-08-28T03:08:15.067278+00:00,AVAILABLE,276,-33,4
fp1sig-e8da1435cfc9528ee0fd01dc,Ad8qwHJ626N8q6jhnuJjDuLJ3Z3A8dpZTTMzBJ52pump,10,2026-08-28T03:08:20.067278+00:00,AVAILABLE,324,-33,6
fp1sig-e8da1435cfc9528ee0fd01dc,Ad8qwHJ626N8q6jhnuJjDuLJ3Z3A8dpZTTMzBJ52pump,15,2026-08-28T03:08:25.067278+00:00,AVAILABLE,619,-33,17
fp1sig-e8da1435cfc9528ee0fd01dc,Ad8qwHJ626N8q6jhnuJjDuLJ3Z3A8dpZTTMzBJ52pump,20,2026-08-28T03:08:30.067278+00:00,AVAILABLE,619,-33,18
fp1sig-e8da1435cfc9528ee0fd01dc,Ad8qwHJ626N8q6jhnuJjDuLJ3Z3A8dpZTTMzBJ52pump,30,2026-08-28T03:08:40.067278+00:00,AVAILABLE,1470,-33,38
fp1sig-e8da1435cfc9528ee0fd01dc,Ad8qwHJ626N8q6jhnuJjDuLJ3Z3A8dpZTTMzBJ52pump,45,2026-08-28T03:08:55.067278+00:00,AVAILABLE,7132,-33,84
fp1sig-e8da1435cfc9528ee0fd01dc,Ad8qwHJ626N8q6jhnuJjDuLJ3Z3A8dpZTTMzBJ52pump,60,2026-08-28T03:09:10.067278+00:00,AVAILABLE,7132,-33,103
fp1sig-e8da1435cfc9528ee0fd01dc,Ad8qwHJ626N8q6jhnuJjDuLJ3Z3A8dpZTTMzBJ52pump,90,2026-08-28T03:09:40.067278+00:00,AVAILABLE,7132,-4140,138
fp1sig-e8da1435cfc9528ee0fd01dc,Ad8qwHJ626N8q6jhnuJjDuLJ3Z3A8dpZTTMzBJ52pump,120,2026-08-28T03:10:10.067278+00:00,AVAILABLE,7132,-4140,154
fp1sig-e8da1435cfc9528ee0fd01dc,Ad8qwHJ626N8q6jhnuJjDuLJ3Z3A8dpZTTMzBJ52pump,180,2026-08-28T03:11:10.067278+00:00,AVAILABLE,7132,-4140,171
fp1sig-e8da1435cfc9528ee0fd01dc,Ad8qwHJ626N8q6jhnuJjDuLJ3Z3A8dpZTTMzBJ52pump,300,2026-08-28T03:13:10.067278+00:00,AVAILABLE,7132,-4140,193
fp1sig-e8db969d23d8c00f099b8a10,3xqVBHftAsUc3odoiQo1ppgJtipoPDuVXWnzK58UYfLe,5,2026-08-28T02:32:28.167450+00:00,AVAILABLE,869,525,2
fp1sig-e8db969d23d8c00f099b8a10,3xqVBHftAsUc3odoiQo1ppgJtipoPDuVXWnzK58UYfLe,10,2026-08-28T02:32:33.167450+00:00,AVAILABLE,869,129,5
fp1sig-e8db969d23d8c00f099b8a10,3xqVBHftAsUc3odoiQo1ppgJtipoPDuVXWnzK58UYfLe,15,2026-08-28T02:32:38.167450+00:00,AVAILABLE,869,98,7
fp1sig-e8db969d23d8c00f099b8a10,3xqVBHftAsUc3odoiQo1ppgJtipoPDuVXWnzK58UYfLe,20,2026-08-28T02:32:43.167450+00:00,AVAILABLE,869,-1042,10
fp1sig-e8db969d23d8c00f099b8a10,3xqVBHftAsUc3odoiQo1ppgJtipoPDuVXWnzK58UYfLe,30,2026-08-28T02:32:53.167450+00:00,AVAILABLE,869,-2240,11
fp1sig-e8db969d23d8c00f099b8a10,3xqVBHftAsUc3odoiQo1ppgJtipoPDuVXWnzK58UYfLe,45,2026-08-28T02:33:08.167450+00:00,AVAILABLE,869,-3940,14
fp1sig-e8db969d23d8c00f099b8a10,3xqVBHftAsUc3odoiQo1ppgJtipoPDuVXWnzK58UYfLe,60,2026-08-28T02:33:23.167450+00:00,AVAILABLE,869,-4572,20
fp1sig-e8db969d23d8c00f099b8a10,3xqVBHftAsUc3odoiQo1ppgJtipoPDuVXWnzK58UYfLe,90,2026-08-28T02:33:53.167450+00:00,AVAILABLE,869,-4572,20
fp1sig-e8db969d23d8c00f099b8a10,3xqVBHftAsUc3odoiQo1ppgJtipoPDuVXWnzK58UYfLe,120,2026-08-28T02:34:23.167450+00:00,AVAILABLE,869,-4572,20
fp1sig-e8db969d23d8c00f099b8a10,3xqVBHftAsUc3odoiQo1ppgJtipoPDuVXWnzK58UYfLe,180,2026-08-28T02:35:23.167450+00:00,AVAILABLE,869,-4572,21
fp1sig-e8db969d23d8c00f099b8a10,3xqVBHftAsUc3odoiQo1ppgJtipoPDuVXWnzK58UYfLe,300,2026-08-28T02:37:23.167450+00:00,AVAILABLE,869,-4572,22
fp1sig-e94bb368e767c47b3859147c,B6ZDTkTW7jnkXo46Mxyk5wiqmZtFQZKgLW7hSwbTpump,5,2026-08-27T14:43:55.108613+00:00,AVAILABLE,1396,1396,1
fp1sig-e94bb368e767c47b3859147c,B6ZDTkTW7jnkXo46Mxyk5wiqmZtFQZKgLW7hSwbTpump,10,2026-08-27T14:44:00.108613+00:00,AVAILABLE,1396,1396,1
fp1sig-e94bb368e767c47b3859147c,B6ZDTkTW7jnkXo46Mxyk5wiqmZtFQZKgLW7hSwbTpump,15,2026-08-27T14:44:05.108613+00:00,AVAILABLE,1396,1396,1
fp1sig-e94bb368e767c47b3859147c,B6ZDTkTW7jnkXo46Mxyk5wiqmZtFQZKgLW7hSwbTpump,20,2026-08-27T14:44:10.108613+00:00,AVAILABLE,3805,1396,6
fp1sig-e94bb368e767c47b3859147c,B6ZDTkTW7jnkXo46Mxyk5wiqmZtFQZKgLW7hSwbTpump,30,2026-08-27T14:44:20.108613+00:00,AVAILABLE,4156,1396,8
fp1sig-e94bb368e767c47b3859147c,B6ZDTkTW7jnkXo46Mxyk5wiqmZtFQZKgLW7hSwbTpump,45,2026-08-27T14:44:35.108613+00:00,AVAILABLE,4690,1396,10
fp1sig-e94bb368e767c47b3859147c,B6ZDTkTW7jnkXo46Mxyk5wiqmZtFQZKgLW7hSwbTpump,60,2026-08-27T14:44:50.108613+00:00,AVAILABLE,5142,1396,12
fp1sig-e94bb368e767c47b3859147c,B6ZDTkTW7jnkXo46Mxyk5wiqmZtFQZKgLW7hSwbTpump,90,2026-08-27T14:45:20.108613+00:00,AVAILABLE,5142,1396,23
fp1sig-e94bb368e767c47b3859147c,B6ZDTkTW7jnkXo46Mxyk5wiqmZtFQZKgLW7hSwbTpump,120,2026-08-27T14:45:50.108613+00:00,AVAILABLE,5142,1396,44
fp1sig-e94bb368e767c47b3859147c,B6ZDTkTW7jnkXo46Mxyk5wiqmZtFQZKgLW7hSwbTpump,180,2026-08-27T14:46:50.108613+00:00,AVAILABLE,6051,1396,60
fp1sig-e94bb368e767c47b3859147c,B6ZDTkTW7jnkXo46Mxyk5wiqmZtFQZKgLW7hSwbTpump,300,2026-08-27T14:48:50.108613+00:00,AVAILABLE,6260,1396,129
fp1sig-e9ef59cc382fddee87f94ec6,cGrb8sjrs6pRAYaowftBVT8eLBxr1JZoW5yhpadpump,5,2026-08-27T21:13:42.100848+00:00,MISSING,,,0
fp1sig-e9ef59cc382fddee87f94ec6,cGrb8sjrs6pRAYaowftBVT8eLBxr1JZoW5yhpadpump,10,2026-08-27T21:13:47.100848+00:00,MISSING,,,0
fp1sig-e9ef59cc382fddee87f94ec6,cGrb8sjrs6pRAYaowftBVT8eLBxr1JZoW5yhpadpump,15,2026-08-27T21:13:52.100848+00:00,AVAILABLE,-5503,-5503,1
fp1sig-e9ef59cc382fddee87f94ec6,cGrb8sjrs6pRAYaowftBVT8eLBxr1JZoW5yhpadpump,20,2026-08-27T21:13:57.100848+00:00,AVAILABLE,-4369,-5503,2
fp1sig-e9ef59cc382fddee87f94ec6,cGrb8sjrs6pRAYaowftBVT8eLBxr1JZoW5yhpadpump,30,2026-08-27T21:14:07.100848+00:00,AVAILABLE,-4369,-5503,2
fp1sig-e9ef59cc382fddee87f94ec6,cGrb8sjrs6pRAYaowftBVT8eLBxr1JZoW5yhpadpump,45,2026-08-27T21:14:22.100848+00:00,AVAILABLE,-3371,-5503,4
fp1sig-e9ef59cc382fddee87f94ec6,cGrb8sjrs6pRAYaowftBVT8eLBxr1JZoW5yhpadpump,60,2026-08-27T21:14:37.100848+00:00,AVAILABLE,-3002,-5503,5
fp1sig-e9ef59cc382fddee87f94ec6,cGrb8sjrs6pRAYaowftBVT8eLBxr1JZoW5yhpadpump,90,2026-08-27T21:15:07.100848+00:00,AVAILABLE,-1277,-5503,6
fp1sig-e9ef59cc382fddee87f94ec6,cGrb8sjrs6pRAYaowftBVT8eLBxr1JZoW5yhpadpump,120,2026-08-27T21:15:37.100848+00:00,AVAILABLE,6792,-5503,15
fp1sig-e9ef59cc382fddee87f94ec6,cGrb8sjrs6pRAYaowftBVT8eLBxr1JZoW5yhpadpump,180,2026-08-27T21:16:37.100848+00:00,AVAILABLE,6792,-7566,37
fp1sig-e9ef59cc382fddee87f94ec6,cGrb8sjrs6pRAYaowftBVT8eLBxr1JZoW5yhpadpump,300,2026-08-27T21:18:37.100848+00:00,AVAILABLE,6792,-9679,53
fp1sig-e9f6af3785ac752b259f3955,F8iMNpWFLxiHCPGEyzWrFFfKHxR81nevnqoHbtMrpump,5,2026-08-28T12:03:49.237582+00:00,AVAILABLE,1197,1183,3
fp1sig-e9f6af3785ac752b259f3955,F8iMNpWFLxiHCPGEyzWrFFfKHxR81nevnqoHbtMrpump,10,2026-08-28T12:03:54.237582+00:00,AVAILABLE,1225,835,6
fp1sig-e9f6af3785ac752b259f3955,F8iMNpWFLxiHCPGEyzWrFFfKHxR81nevnqoHbtMrpump,15,2026-08-28T12:03:59.237582+00:00,AVAILABLE,1225,835,6
fp1sig-e9f6af3785ac752b259f3955,F8iMNpWFLxiHCPGEyzWrFFfKHxR81nevnqoHbtMrpump,20,2026-08-28T12:04:04.237582+00:00,AVAILABLE,1225,-1862,10
fp1sig-e9f6af3785ac752b259f3955,F8iMNpWFLxiHCPGEyzWrFFfKHxR81nevnqoHbtMrpump,30,2026-08-28T12:04:14.237582+00:00,AVAILABLE,1225,-1862,10
fp1sig-e9f6af3785ac752b259f3955,F8iMNpWFLxiHCPGEyzWrFFfKHxR81nevnqoHbtMrpump,45,2026-08-28T12:04:29.237582+00:00,AVAILABLE,1225,-2002,11
fp1sig-e9f6af3785ac752b259f3955,F8iMNpWFLxiHCPGEyzWrFFfKHxR81nevnqoHbtMrpump,60,2026-08-28T12:04:44.237582+00:00,AVAILABLE,1225,-3372,17
fp1sig-e9f6af3785ac752b259f3955,F8iMNpWFLxiHCPGEyzWrFFfKHxR81nevnqoHbtMrpump,90,2026-08-28T12:05:14.237582+00:00,AVAILABLE,1225,-3372,19
fp1sig-e9f6af3785ac752b259f3955,F8iMNpWFLxiHCPGEyzWrFFfKHxR81nevnqoHbtMrpump,120,2026-08-28T12:05:44.237582+00:00,AVAILABLE,1225,-3372,19
fp1sig-e9f6af3785ac752b259f3955,F8iMNpWFLxiHCPGEyzWrFFfKHxR81nevnqoHbtMrpump,180,2026-08-28T12:06:44.237582+00:00,AVAILABLE,1225,-3372,19
fp1sig-e9f6af3785ac752b259f3955,F8iMNpWFLxiHCPGEyzWrFFfKHxR81nevnqoHbtMrpump,300,2026-08-28T12:08:44.237582+00:00,AVAILABLE,1225,-3372,21
fp1sig-e9f6e79265427f6672c2ab70,FUgYbjzZ4qc8n9yuAPKZWt6BuTUqRCDCh2FnC6Qppump,5,2026-08-28T04:38:47.292890+00:00,AVAILABLE,508,473,3
fp1sig-e9f6e79265427f6672c2ab70,FUgYbjzZ4qc8n9yuAPKZWt6BuTUqRCDCh2FnC6Qppump,10,2026-08-28T04:38:52.292890+00:00,AVAILABLE,508,-1175,4
fp1sig-e9f6e79265427f6672c2ab70,FUgYbjzZ4qc8n9yuAPKZWt6BuTUqRCDCh2FnC6Qppump,15,2026-08-28T04:38:57.292890+00:00,AVAILABLE,508,-1175,5
fp1sig-e9f6e79265427f6672c2ab70,FUgYbjzZ4qc8n9yuAPKZWt6BuTUqRCDCh2FnC6Qppump,20,2026-08-28T04:39:02.292890+00:00,AVAILABLE,508,-1175,5
fp1sig-e9f6e79265427f6672c2ab70,FUgYbjzZ4qc8n9yuAPKZWt6BuTUqRCDCh2FnC6Qppump,30,2026-08-28T04:39:12.292890+00:00,AVAILABLE,508,-1175,5
fp1sig-e9f6e79265427f6672c2ab70,FUgYbjzZ4qc8n9yuAPKZWt6BuTUqRCDCh2FnC6Qppump,45,2026-08-28T04:39:27.292890+00:00,AVAILABLE,508,-1299,9
fp1sig-e9f6e79265427f6672c2ab70,FUgYbjzZ4qc8n9yuAPKZWt6BuTUqRCDCh2FnC6Qppump,60,2026-08-28T04:39:42.292890+00:00,AVAILABLE,508,-1299,11
fp1sig-e9f6e79265427f6672c2ab70,FUgYbjzZ4qc8n9yuAPKZWt6BuTUqRCDCh2FnC6Qppump,90,2026-08-28T04:40:12.292890+00:00,AVAILABLE,508,-1678,14
fp1sig-e9f6e79265427f6672c2ab70,FUgYbjzZ4qc8n9yuAPKZWt6BuTUqRCDCh2FnC6Qppump,120,2026-08-28T04:40:42.292890+00:00,AVAILABLE,508,-1678,14
fp1sig-e9f6e79265427f6672c2ab70,FUgYbjzZ4qc8n9yuAPKZWt6BuTUqRCDCh2FnC6Qppump,180,2026-08-28T04:41:42.292890+00:00,AVAILABLE,508,-1757,15
fp1sig-e9f6e79265427f6672c2ab70,FUgYbjzZ4qc8n9yuAPKZWt6BuTUqRCDCh2FnC6Qppump,300,2026-08-28T04:43:42.292890+00:00,AVAILABLE,508,-1757,15
fp1sig-ea90feb6e29e5422afd2a79f,AGUcRrkjM93MxcN3NFzQxqPdJEg9iU4wXv88LRdvu1oB,5,2026-08-28T00:38:58.503781+00:00,MISSING,,,0
fp1sig-ea90feb6e29e5422afd2a79f,AGUcRrkjM93MxcN3NFzQxqPdJEg9iU4wXv88LRdvu1oB,10,2026-08-28T00:39:03.503781+00:00,AVAILABLE,2344,1719,4
fp1sig-ea90feb6e29e5422afd2a79f,AGUcRrkjM93MxcN3NFzQxqPdJEg9iU4wXv88LRdvu1oB,15,2026-08-28T00:39:08.503781+00:00,AVAILABLE,2344,1067,7
fp1sig-ea90feb6e29e5422afd2a79f,AGUcRrkjM93MxcN3NFzQxqPdJEg9iU4wXv88LRdvu1oB,20,2026-08-28T00:39:13.503781+00:00,AVAILABLE,2344,1067,7
fp1sig-ea90feb6e29e5422afd2a79f,AGUcRrkjM93MxcN3NFzQxqPdJEg9iU4wXv88LRdvu1oB,30,2026-08-28T00:39:23.503781+00:00,AVAILABLE,2344,-780,12
fp1sig-ea90feb6e29e5422afd2a79f,AGUcRrkjM93MxcN3NFzQxqPdJEg9iU4wXv88LRdvu1oB,45,2026-08-28T00:39:38.503781+00:00,AVAILABLE,2344,-801,16
fp1sig-ea90feb6e29e5422afd2a79f,AGUcRrkjM93MxcN3NFzQxqPdJEg9iU4wXv88LRdvu1oB,60,2026-08-28T00:39:53.503781+00:00,AVAILABLE,2344,-801,17
fp1sig-ea90feb6e29e5422afd2a79f,AGUcRrkjM93MxcN3NFzQxqPdJEg9iU4wXv88LRdvu1oB,90,2026-08-28T00:40:23.503781+00:00,AVAILABLE,2344,-801,21
fp1sig-ea90feb6e29e5422afd2a79f,AGUcRrkjM93MxcN3NFzQxqPdJEg9iU4wXv88LRdvu1oB,120,2026-08-28T00:40:53.503781+00:00,AVAILABLE,2980,-801,35
fp1sig-ea90feb6e29e5422afd2a79f,AGUcRrkjM93MxcN3NFzQxqPdJEg9iU4wXv88LRdvu1oB,180,2026-08-28T00:41:53.503781+00:00,AVAILABLE,4166,-801,64
fp1sig-ea90feb6e29e5422afd2a79f,AGUcRrkjM93MxcN3NFzQxqPdJEg9iU4wXv88LRdvu1oB,300,2026-08-28T00:43:53.503781+00:00,AVAILABLE,4166,-1019,179
fp1sig-eb2b641c8663df82b30e4025,CX2v9mxaQhev6wzjWwLATJ7dcfsb7JWSq7EaCB8Ppump,5,2026-08-28T11:41:09.894482+00:00,AVAILABLE,3249,1647,8
fp1sig-eb2b641c8663df82b30e4025,CX2v9mxaQhev6wzjWwLATJ7dcfsb7JWSq7EaCB8Ppump,10,2026-08-28T11:41:14.894482+00:00,AVAILABLE,3249,1647,10
fp1sig-eb2b641c8663df82b30e4025,CX2v9mxaQhev6wzjWwLATJ7dcfsb7JWSq7EaCB8Ppump,15,2026-08-28T11:41:19.894482+00:00,AVAILABLE,3249,1647,10
fp1sig-eb2b641c8663df82b30e4025,CX2v9mxaQhev6wzjWwLATJ7dcfsb7JWSq7EaCB8Ppump,20,2026-08-28T11:41:24.894482+00:00,AVAILABLE,3249,1647,11
fp1sig-eb2b641c8663df82b30e4025,CX2v9mxaQhev6wzjWwLATJ7dcfsb7JWSq7EaCB8Ppump,30,2026-08-28T11:41:34.894482+00:00,AVAILABLE,3249,1560,15
fp1sig-eb2b641c8663df82b30e4025,CX2v9mxaQhev6wzjWwLATJ7dcfsb7JWSq7EaCB8Ppump,45,2026-08-28T11:41:49.894482+00:00,AVAILABLE,3249,1560,15
fp1sig-eb2b641c8663df82b30e4025,CX2v9mxaQhev6wzjWwLATJ7dcfsb7JWSq7EaCB8Ppump,60,2026-08-28T11:42:04.894482+00:00,AVAILABLE,3249,446,23
fp1sig-eb2b641c8663df82b30e4025,CX2v9mxaQhev6wzjWwLATJ7dcfsb7JWSq7EaCB8Ppump,90,2026-08-28T11:42:34.894482+00:00,AVAILABLE,3249,54,30
fp1sig-eb2b641c8663df82b30e4025,CX2v9mxaQhev6wzjWwLATJ7dcfsb7JWSq7EaCB8Ppump,120,2026-08-28T11:43:04.894482+00:00,AVAILABLE,3249,-369,36
fp1sig-eb2b641c8663df82b30e4025,CX2v9mxaQhev6wzjWwLATJ7dcfsb7JWSq7EaCB8Ppump,180,2026-08-28T11:44:04.894482+00:00,AVAILABLE,4575,-518,55
fp1sig-eb2b641c8663df82b30e4025,CX2v9mxaQhev6wzjWwLATJ7dcfsb7JWSq7EaCB8Ppump,300,2026-08-28T11:46:04.894482+00:00,AVAILABLE,9130,-518,97
fp1sig-eb54de3f8a561645ea3cb035,72CV1AyrrAmi165qq7cDn9NsP5c6oqC3rT8gqt5zpump,5,2026-08-28T04:06:34.707611+00:00,AVAILABLE,-159,-255,2
fp1sig-eb54de3f8a561645ea3cb035,72CV1AyrrAmi165qq7cDn9NsP5c6oqC3rT8gqt5zpump,10,2026-08-28T04:06:39.707611+00:00,AVAILABLE,-159,-632,3
fp1sig-eb54de3f8a561645ea3cb035,72CV1AyrrAmi165qq7cDn9NsP5c6oqC3rT8gqt5zpump,15,2026-08-28T04:06:44.707611+00:00,AVAILABLE,-159,-632,3
fp1sig-eb54de3f8a561645ea3cb035,72CV1AyrrAmi165qq7cDn9NsP5c6oqC3rT8gqt5zpump,20,2026-08-28T04:06:49.707611+00:00,AVAILABLE,-159,-632,3
fp1sig-eb54de3f8a561645ea3cb035,72CV1AyrrAmi165qq7cDn9NsP5c6oqC3rT8gqt5zpump,30,2026-08-28T04:06:59.707611+00:00,AVAILABLE,-159,-663,4
fp1sig-eb54de3f8a561645ea3cb035,72CV1AyrrAmi165qq7cDn9NsP5c6oqC3rT8gqt5zpump,45,2026-08-28T04:07:14.707611+00:00,AVAILABLE,-159,-913,7
fp1sig-eb54de3f8a561645ea3cb035,72CV1AyrrAmi165qq7cDn9NsP5c6oqC3rT8gqt5zpump,60,2026-08-28T04:07:29.707611+00:00,AVAILABLE,-159,-913,7
fp1sig-eb54de3f8a561645ea3cb035,72CV1AyrrAmi165qq7cDn9NsP5c6oqC3rT8gqt5zpump,90,2026-08-28T04:07:59.707611+00:00,AVAILABLE,-159,-913,7
fp1sig-eb54de3f8a561645ea3cb035,72CV1AyrrAmi165qq7cDn9NsP5c6oqC3rT8gqt5zpump,120,2026-08-28T04:08:29.707611+00:00,AVAILABLE,-159,-913,7
fp1sig-eb54de3f8a561645ea3cb035,72CV1AyrrAmi165qq7cDn9NsP5c6oqC3rT8gqt5zpump,180,2026-08-28T04:09:29.707611+00:00,AVAILABLE,-159,-913,7
fp1sig-eb54de3f8a561645ea3cb035,72CV1AyrrAmi165qq7cDn9NsP5c6oqC3rT8gqt5zpump,300,2026-08-28T04:11:29.707611+00:00,AVAILABLE,-159,-1190,8
fp1sig-ec31dbafefdceab0453ab626,3vJZE367HPt8B1gaaY5Fubczjp6roNN75Q6jDuV1pump,5,2026-08-28T06:15:33.013867+00:00,AVAILABLE,2667,2667,1
fp1sig-ec31dbafefdceab0453ab626,3vJZE367HPt8B1gaaY5Fubczjp6roNN75Q6jDuV1pump,10,2026-08-28T06:15:38.013867+00:00,AVAILABLE,2667,1602,3
fp1sig-ec31dbafefdceab0453ab626,3vJZE367HPt8B1gaaY5Fubczjp6roNN75Q6jDuV1pump,15,2026-08-28T06:15:43.013867+00:00,AVAILABLE,2667,1602,3
fp1sig-ec31dbafefdceab0453ab626,3vJZE367HPt8B1gaaY5Fubczjp6roNN75Q6jDuV1pump,20,2026-08-28T06:15:48.013867+00:00,AVAILABLE,2667,1602,3
fp1sig-ec31dbafefdceab0453ab626,3vJZE367HPt8B1gaaY5Fubczjp6roNN75Q6jDuV1pump,30,2026-08-28T06:15:58.013867+00:00,AVAILABLE,2667,1602,3
fp1sig-ec31dbafefdceab0453ab626,3vJZE367HPt8B1gaaY5Fubczjp6roNN75Q6jDuV1pump,45,2026-08-28T06:16:13.013867+00:00,AVAILABLE,2667,1602,3
fp1sig-ec31dbafefdceab0453ab626,3vJZE367HPt8B1gaaY5Fubczjp6roNN75Q6jDuV1pump,60,2026-08-28T06:16:28.013867+00:00,AVAILABLE,2667,1602,3
fp1sig-ec31dbafefdceab0453ab626,3vJZE367HPt8B1gaaY5Fubczjp6roNN75Q6jDuV1pump,90,2026-08-28T06:16:58.013867+00:00,AVAILABLE,2667,1602,3
fp1sig-ec31dbafefdceab0453ab626,3vJZE367HPt8B1gaaY5Fubczjp6roNN75Q6jDuV1pump,120,2026-08-28T06:17:28.013867+00:00,AVAILABLE,2667,1602,3
fp1sig-ec31dbafefdceab0453ab626,3vJZE367HPt8B1gaaY5Fubczjp6roNN75Q6jDuV1pump,180,2026-08-28T06:18:28.013867+00:00,AVAILABLE,2667,1602,3
fp1sig-ec31dbafefdceab0453ab626,3vJZE367HPt8B1gaaY5Fubczjp6roNN75Q6jDuV1pump,300,2026-08-28T06:20:28.013867+00:00,AVAILABLE,2667,1602,3
fp1sig-ec41d7ce7092cd648f78ccf7,9924v9CwiAQD1kH8STXr6wnwtk2eK2ykfUi3XrpMpump,5,2026-08-27T21:13:03.343328+00:00,MISSING,,,0
fp1sig-ec41d7ce7092cd648f78ccf7,9924v9CwiAQD1kH8STXr6wnwtk2eK2ykfUi3XrpMpump,10,2026-08-27T21:13:08.343328+00:00,AVAILABLE,-3705,-3705,1
fp1sig-ec41d7ce7092cd648f78ccf7,9924v9CwiAQD1kH8STXr6wnwtk2eK2ykfUi3XrpMpump,15,2026-08-27T21:13:13.343328+00:00,AVAILABLE,-1579,-3705,2
fp1sig-ec41d7ce7092cd648f78ccf7,9924v9CwiAQD1kH8STXr6wnwtk2eK2ykfUi3XrpMpump,20,2026-08-27T21:13:18.343328+00:00,AVAILABLE,-1578,-3705,3
fp1sig-ec41d7ce7092cd648f78ccf7,9924v9CwiAQD1kH8STXr6wnwtk2eK2ykfUi3XrpMpump,30,2026-08-27T21:13:28.343328+00:00,AVAILABLE,-1578,-3705,4
fp1sig-ec41d7ce7092cd648f78ccf7,9924v9CwiAQD1kH8STXr6wnwtk2eK2ykfUi3XrpMpump,45,2026-08-27T21:13:43.343328+00:00,AVAILABLE,-1578,-7586,7
fp1sig-ec41d7ce7092cd648f78ccf7,9924v9CwiAQD1kH8STXr6wnwtk2eK2ykfUi3XrpMpump,60,2026-08-27T21:13:58.343328+00:00,AVAILABLE,-1578,-7978,8
fp1sig-ec41d7ce7092cd648f78ccf7,9924v9CwiAQD1kH8STXr6wnwtk2eK2ykfUi3XrpMpump,90,2026-08-27T21:14:28.343328+00:00,AVAILABLE,-1578,-7978,14
fp1sig-ec41d7ce7092cd648f78ccf7,9924v9CwiAQD1kH8STXr6wnwtk2eK2ykfUi3XrpMpump,120,2026-08-27T21:14:58.343328+00:00,AVAILABLE,-1578,-7978,20
fp1sig-ec41d7ce7092cd648f78ccf7,9924v9CwiAQD1kH8STXr6wnwtk2eK2ykfUi3XrpMpump,180,2026-08-27T21:15:58.343328+00:00,AVAILABLE,-1578,-8955,37
fp1sig-ec41d7ce7092cd648f78ccf7,9924v9CwiAQD1kH8STXr6wnwtk2eK2ykfUi3XrpMpump,300,2026-08-27T21:17:58.343328+00:00,AVAILABLE,-1578,-9806,53
fp1sig-ec6b9513bddb83a91d8a6e33,G1XFYnDeTMet6dvZvtWchjM8Rh3qLwnzncjbJ41rpump,5,2026-08-28T07:25:13.938047+00:00,AVAILABLE,-2269,-2269,1
fp1sig-ec6b9513bddb83a91d8a6e33,G1XFYnDeTMet6dvZvtWchjM8Rh3qLwnzncjbJ41rpump,10,2026-08-28T07:25:18.938047+00:00,AVAILABLE,-1822,-2269,2
fp1sig-ec6b9513bddb83a91d8a6e33,G1XFYnDeTMet6dvZvtWchjM8Rh3qLwnzncjbJ41rpump,15,2026-08-28T07:25:23.938047+00:00,AVAILABLE,-1822,-3421,4
fp1sig-ec6b9513bddb83a91d8a6e33,G1XFYnDeTMet6dvZvtWchjM8Rh3qLwnzncjbJ41rpump,20,2026-08-28T07:25:28.938047+00:00,AVAILABLE,-1822,-3421,4
fp1sig-ec6b9513bddb83a91d8a6e33,G1XFYnDeTMet6dvZvtWchjM8Rh3qLwnzncjbJ41rpump,30,2026-08-28T07:25:38.938047+00:00,AVAILABLE,-1822,-4917,7
fp1sig-ec6b9513bddb83a91d8a6e33,G1XFYnDeTMet6dvZvtWchjM8Rh3qLwnzncjbJ41rpump,45,2026-08-28T07:25:53.938047+00:00,AVAILABLE,-304,-4917,13
fp1sig-ec6b9513bddb83a91d8a6e33,G1XFYnDeTMet6dvZvtWchjM8Rh3qLwnzncjbJ41rpump,60,2026-08-28T07:26:08.938047+00:00,AVAILABLE,-304,-4917,17
fp1sig-ec6b9513bddb83a91d8a6e33,G1XFYnDeTMet6dvZvtWchjM8Rh3qLwnzncjbJ41rpump,90,2026-08-28T07:26:38.938047+00:00,AVAILABLE,-304,-8270,26
fp1sig-ec6b9513bddb83a91d8a6e33,G1XFYnDeTMet6dvZvtWchjM8Rh3qLwnzncjbJ41rpump,120,2026-08-28T07:27:08.938047+00:00,AVAILABLE,-304,-8854,43
fp1sig-ec6b9513bddb83a91d8a6e33,G1XFYnDeTMet6dvZvtWchjM8Rh3qLwnzncjbJ41rpump,180,2026-08-28T07:28:08.938047+00:00,AVAILABLE,-304,-8854,44
fp1sig-ec6b9513bddb83a91d8a6e33,G1XFYnDeTMet6dvZvtWchjM8Rh3qLwnzncjbJ41rpump,300,2026-08-28T07:30:08.938047+00:00,AVAILABLE,-304,-8854,45
fp1sig-ecf2e6f16709026c0c295dd3,2fjekZwVbdKcxgnRSNznuQUTbb8tsfbskjvARxDopump,5,2026-08-28T00:14:07.861814+00:00,AVAILABLE,1895,1068,7
fp1sig-ecf2e6f16709026c0c295dd3,2fjekZwVbdKcxgnRSNznuQUTbb8tsfbskjvARxDopump,10,2026-08-28T00:14:12.861814+00:00,AVAILABLE,1895,1068,8
fp1sig-ecf2e6f16709026c0c295dd3,2fjekZwVbdKcxgnRSNznuQUTbb8tsfbskjvARxDopump,15,2026-08-28T00:14:17.861814+00:00,AVAILABLE,2123,1068,16
fp1sig-ecf2e6f16709026c0c295dd3,2fjekZwVbdKcxgnRSNznuQUTbb8tsfbskjvARxDopump,20,2026-08-28T00:14:22.861814+00:00,AVAILABLE,2767,1068,21
fp1sig-ecf2e6f16709026c0c295dd3,2fjekZwVbdKcxgnRSNznuQUTbb8tsfbskjvARxDopump,30,2026-08-28T00:14:32.861814+00:00,AVAILABLE,2887,1068,34
fp1sig-ecf2e6f16709026c0c295dd3,2fjekZwVbdKcxgnRSNznuQUTbb8tsfbskjvARxDopump,45,2026-08-28T00:14:47.861814+00:00,AVAILABLE,2887,1068,48
fp1sig-ecf2e6f16709026c0c295dd3,2fjekZwVbdKcxgnRSNznuQUTbb8tsfbskjvARxDopump,60,2026-08-28T00:15:02.861814+00:00,AVAILABLE,3405,1068,60
fp1sig-ecf2e6f16709026c0c295dd3,2fjekZwVbdKcxgnRSNznuQUTbb8tsfbskjvARxDopump,90,2026-08-28T00:15:32.861814+00:00,AVAILABLE,4321,-1981,78
fp1sig-ecf2e6f16709026c0c295dd3,2fjekZwVbdKcxgnRSNznuQUTbb8tsfbskjvARxDopump,120,2026-08-28T00:16:02.861814+00:00,AVAILABLE,4321,-2162,95
fp1sig-ecf2e6f16709026c0c295dd3,2fjekZwVbdKcxgnRSNznuQUTbb8tsfbskjvARxDopump,180,2026-08-28T00:17:02.861814+00:00,AVAILABLE,4321,-2162,117
fp1sig-ecf2e6f16709026c0c295dd3,2fjekZwVbdKcxgnRSNznuQUTbb8tsfbskjvARxDopump,300,2026-08-28T00:19:02.861814+00:00,AVAILABLE,4321,-2162,140
fp1sig-ed470baedbcc763de087caca,9Tt1qcVkXDRbvYbk7gWRpQHWamqthFz475Yb8auqpump,5,2026-08-27T13:28:48.910482+00:00,AVAILABLE,-2469,-2469,1
fp1sig-ed470baedbcc763de087caca,9Tt1qcVkXDRbvYbk7gWRpQHWamqthFz475Yb8auqpump,10,2026-08-27T13:28:53.910482+00:00,AVAILABLE,-2469,-4486,3
fp1sig-ed470baedbcc763de087caca,9Tt1qcVkXDRbvYbk7gWRpQHWamqthFz475Yb8auqpump,15,2026-08-27T13:28:58.910482+00:00,AVAILABLE,-2469,-6466,4
fp1sig-ed470baedbcc763de087caca,9Tt1qcVkXDRbvYbk7gWRpQHWamqthFz475Yb8auqpump,20,2026-08-27T13:29:03.910482+00:00,AVAILABLE,-2469,-6466,5
fp1sig-ed470baedbcc763de087caca,9Tt1qcVkXDRbvYbk7gWRpQHWamqthFz475Yb8auqpump,30,2026-08-27T13:29:13.910482+00:00,AVAILABLE,-2469,-6619,8
fp1sig-ed470baedbcc763de087caca,9Tt1qcVkXDRbvYbk7gWRpQHWamqthFz475Yb8auqpump,45,2026-08-27T13:29:28.910482+00:00,AVAILABLE,-2469,-6822,11
fp1sig-ed470baedbcc763de087caca,9Tt1qcVkXDRbvYbk7gWRpQHWamqthFz475Yb8auqpump,60,2026-08-27T13:29:43.910482+00:00,AVAILABLE,-2469,-6822,12
fp1sig-ed470baedbcc763de087caca,9Tt1qcVkXDRbvYbk7gWRpQHWamqthFz475Yb8auqpump,90,2026-08-27T13:30:13.910482+00:00,AVAILABLE,-2067,-6822,15
fp1sig-ed470baedbcc763de087caca,9Tt1qcVkXDRbvYbk7gWRpQHWamqthFz475Yb8auqpump,120,2026-08-27T13:30:43.910482+00:00,AVAILABLE,-2067,-6822,17
fp1sig-ed470baedbcc763de087caca,9Tt1qcVkXDRbvYbk7gWRpQHWamqthFz475Yb8auqpump,180,2026-08-27T13:31:43.910482+00:00,AVAILABLE,-2067,-7161,19
fp1sig-ed470baedbcc763de087caca,9Tt1qcVkXDRbvYbk7gWRpQHWamqthFz475Yb8auqpump,300,2026-08-27T13:33:43.910482+00:00,AVAILABLE,-2067,-7629,21
fp1sig-ed54dbf82dac9c6c64b557bf,4r24q7JbFeoEU2RKWw7ew6ohC568jn3XQwdnBaJXpump,5,2026-08-28T01:20:07.228664+00:00,MISSING,,,0
fp1sig-ed54dbf82dac9c6c64b557bf,4r24q7JbFeoEU2RKWw7ew6ohC568jn3XQwdnBaJXpump,10,2026-08-28T01:20:12.228664+00:00,MISSING,,,0
fp1sig-ed54dbf82dac9c6c64b557bf,4r24q7JbFeoEU2RKWw7ew6ohC568jn3XQwdnBaJXpump,15,2026-08-28T01:20:17.228664+00:00,AVAILABLE,675,-25,2
fp1sig-ed54dbf82dac9c6c64b557bf,4r24q7JbFeoEU2RKWw7ew6ohC568jn3XQwdnBaJXpump,20,2026-08-28T01:20:22.228664+00:00,AVAILABLE,675,-25,2
fp1sig-ed54dbf82dac9c6c64b557bf,4r24q7JbFeoEU2RKWw7ew6ohC568jn3XQwdnBaJXpump,30,2026-08-28T01:20:32.228664+00:00,AVAILABLE,675,-940,4
fp1sig-ed54dbf82dac9c6c64b557bf,4r24q7JbFeoEU2RKWw7ew6ohC568jn3XQwdnBaJXpump,45,2026-08-28T01:20:47.228664+00:00,AVAILABLE,675,-940,4
fp1sig-ed54dbf82dac9c6c64b557bf,4r24q7JbFeoEU2RKWw7ew6ohC568jn3XQwdnBaJXpump,60,2026-08-28T01:21:02.228664+00:00,AVAILABLE,675,-940,8
fp1sig-ed54dbf82dac9c6c64b557bf,4r24q7JbFeoEU2RKWw7ew6ohC568jn3XQwdnBaJXpump,90,2026-08-28T01:21:32.228664+00:00,AVAILABLE,675,-1130,9
fp1sig-ed54dbf82dac9c6c64b557bf,4r24q7JbFeoEU2RKWw7ew6ohC568jn3XQwdnBaJXpump,120,2026-08-28T01:22:02.228664+00:00,AVAILABLE,675,-1701,14
fp1sig-ed54dbf82dac9c6c64b557bf,4r24q7JbFeoEU2RKWw7ew6ohC568jn3XQwdnBaJXpump,180,2026-08-28T01:23:02.228664+00:00,AVAILABLE,675,-2731,21
fp1sig-ed54dbf82dac9c6c64b557bf,4r24q7JbFeoEU2RKWw7ew6ohC568jn3XQwdnBaJXpump,300,2026-08-28T01:25:02.228664+00:00,AVAILABLE,675,-3856,29
fp1sig-eda0fec1e3c227e4734a305c,HDY51dGD9n2VPbBhvyizftWEb8oGMbEZ3PHoh89Ppump,5,2026-08-27T23:32:13.857908+00:00,AVAILABLE,1544,667,2
fp1sig-eda0fec1e3c227e4734a305c,HDY51dGD9n2VPbBhvyizftWEb8oGMbEZ3PHoh89Ppump,10,2026-08-27T23:32:18.857908+00:00,AVAILABLE,1544,667,2
fp1sig-eda0fec1e3c227e4734a305c,HDY51dGD9n2VPbBhvyizftWEb8oGMbEZ3PHoh89Ppump,15,2026-08-27T23:32:23.857908+00:00,AVAILABLE,1544,667,2
fp1sig-eda0fec1e3c227e4734a305c,HDY51dGD9n2VPbBhvyizftWEb8oGMbEZ3PHoh89Ppump,20,2026-08-27T23:32:28.857908+00:00,AVAILABLE,1544,667,2
fp1sig-eda0fec1e3c227e4734a305c,HDY51dGD9n2VPbBhvyizftWEb8oGMbEZ3PHoh89Ppump,30,2026-08-27T23:32:38.857908+00:00,AVAILABLE,1544,667,2
fp1sig-eda0fec1e3c227e4734a305c,HDY51dGD9n2VPbBhvyizftWEb8oGMbEZ3PHoh89Ppump,45,2026-08-27T23:32:53.857908+00:00,AVAILABLE,1544,667,2
fp1sig-eda0fec1e3c227e4734a305c,HDY51dGD9n2VPbBhvyizftWEb8oGMbEZ3PHoh89Ppump,60,2026-08-27T23:33:08.857908+00:00,AVAILABLE,1544,667,2
fp1sig-eda0fec1e3c227e4734a305c,HDY51dGD9n2VPbBhvyizftWEb8oGMbEZ3PHoh89Ppump,90,2026-08-27T23:33:38.857908+00:00,AVAILABLE,1544,667,2
fp1sig-eda0fec1e3c227e4734a305c,HDY51dGD9n2VPbBhvyizftWEb8oGMbEZ3PHoh89Ppump,120,2026-08-27T23:34:08.857908+00:00,AVAILABLE,1544,667,2
fp1sig-eda0fec1e3c227e4734a305c,HDY51dGD9n2VPbBhvyizftWEb8oGMbEZ3PHoh89Ppump,180,2026-08-27T23:35:08.857908+00:00,AVAILABLE,1544,667,2
fp1sig-eda0fec1e3c227e4734a305c,HDY51dGD9n2VPbBhvyizftWEb8oGMbEZ3PHoh89Ppump,300,2026-08-27T23:37:08.857908+00:00,AVAILABLE,1544,667,2
fp1sig-edb47fa7490ffeac7e680bd5,HX8iYyRVTQpg4CCsXnYMCHoHTWk8fkA5Xpu7cNvHpump,5,2026-08-27T13:15:56.349157+00:00,AVAILABLE,-634,-634,1
fp1sig-edb47fa7490ffeac7e680bd5,HX8iYyRVTQpg4CCsXnYMCHoHTWk8fkA5Xpu7cNvHpump,10,2026-08-27T13:16:01.349157+00:00,AVAILABLE,-634,-1518,4
fp1sig-edb47fa7490ffeac7e680bd5,HX8iYyRVTQpg4CCsXnYMCHoHTWk8fkA5Xpu7cNvHpump,15,2026-08-27T13:16:06.349157+00:00,AVAILABLE,1282,-1518,15
fp1sig-edb47fa7490ffeac7e680bd5,HX8iYyRVTQpg4CCsXnYMCHoHTWk8fkA5Xpu7cNvHpump,20,2026-08-27T13:16:11.349157+00:00,AVAILABLE,1282,-1518,15
fp1sig-edb47fa7490ffeac7e680bd5,HX8iYyRVTQpg4CCsXnYMCHoHTWk8fkA5Xpu7cNvHpump,30,2026-08-27T13:16:21.349157+00:00,AVAILABLE,1553,-1518,17
fp1sig-edb47fa7490ffeac7e680bd5,HX8iYyRVTQpg4CCsXnYMCHoHTWk8fkA5Xpu7cNvHpump,45,2026-08-27T13:16:36.349157+00:00,AVAILABLE,1605,-1518,19
fp1sig-edb47fa7490ffeac7e680bd5,HX8iYyRVTQpg4CCsXnYMCHoHTWk8fkA5Xpu7cNvHpump,60,2026-08-27T13:16:51.349157+00:00,AVAILABLE,1605,-1518,26
fp1sig-edb47fa7490ffeac7e680bd5,HX8iYyRVTQpg4CCsXnYMCHoHTWk8fkA5Xpu7cNvHpump,90,2026-08-27T13:17:21.349157+00:00,AVAILABLE,1605,-1518,39
fp1sig-edb47fa7490ffeac7e680bd5,HX8iYyRVTQpg4CCsXnYMCHoHTWk8fkA5Xpu7cNvHpump,120,2026-08-27T13:17:51.349157+00:00,AVAILABLE,1605,-2886,54
fp1sig-edb47fa7490ffeac7e680bd5,HX8iYyRVTQpg4CCsXnYMCHoHTWk8fkA5Xpu7cNvHpump,180,2026-08-27T13:18:51.349157+00:00,AVAILABLE,1605,-4477,74
fp1sig-edb47fa7490ffeac7e680bd5,HX8iYyRVTQpg4CCsXnYMCHoHTWk8fkA5Xpu7cNvHpump,300,2026-08-27T13:20:51.349157+00:00,AVAILABLE,1605,-4477,79
fp1sig-edffd2b689db7ed49a489097,DqWQ2AMkuvfdzs5Y7imDE6qFh4cxkfRNmoimkdBcpump,5,2026-08-28T02:33:23.867405+00:00,AVAILABLE,428,428,1
fp1sig-edffd2b689db7ed49a489097,DqWQ2AMkuvfdzs5Y7imDE6qFh4cxkfRNmoimkdBcpump,10,2026-08-28T02:33:28.867405+00:00,AVAILABLE,2469,428,2
fp1sig-edffd2b689db7ed49a489097,DqWQ2AMkuvfdzs5Y7imDE6qFh4cxkfRNmoimkdBcpump,15,2026-08-28T02:33:33.867405+00:00,AVAILABLE,2469,428,3
fp1sig-edffd2b689db7ed49a489097,DqWQ2AMkuvfdzs5Y7imDE6qFh4cxkfRNmoimkdBcpump,20,2026-08-28T02:33:38.867405+00:00,AVAILABLE,2469,428,3
fp1sig-edffd2b689db7ed49a489097,DqWQ2AMkuvfdzs5Y7imDE6qFh4cxkfRNmoimkdBcpump,30,2026-08-28T02:33:48.867405+00:00,AVAILABLE,3505,-24,5
fp1sig-edffd2b689db7ed49a489097,DqWQ2AMkuvfdzs5Y7imDE6qFh4cxkfRNmoimkdBcpump,45,2026-08-28T02:34:03.867405+00:00,AVAILABLE,3505,-24,6
fp1sig-edffd2b689db7ed49a489097,DqWQ2AMkuvfdzs5Y7imDE6qFh4cxkfRNmoimkdBcpump,60,2026-08-28T02:34:18.867405+00:00,AVAILABLE,3505,-24,7
fp1sig-edffd2b689db7ed49a489097,DqWQ2AMkuvfdzs5Y7imDE6qFh4cxkfRNmoimkdBcpump,90,2026-08-28T02:34:48.867405+00:00,AVAILABLE,4992,-24,9
fp1sig-edffd2b689db7ed49a489097,DqWQ2AMkuvfdzs5Y7imDE6qFh4cxkfRNmoimkdBcpump,120,2026-08-28T02:35:18.867405+00:00,AVAILABLE,8762,-24,12
fp1sig-edffd2b689db7ed49a489097,DqWQ2AMkuvfdzs5Y7imDE6qFh4cxkfRNmoimkdBcpump,180,2026-08-28T02:36:18.867405+00:00,AVAILABLE,8762,-207,21
fp1sig-edffd2b689db7ed49a489097,DqWQ2AMkuvfdzs5Y7imDE6qFh4cxkfRNmoimkdBcpump,300,2026-08-28T02:38:18.867405+00:00,AVAILABLE,8762,-6340,34
fp1sig-eec4a4f287b24787d727efda,Bx5ZJTWrC7uAbTw3x4wnJfeQRziXgrmXnRePFvdtpump,5,2026-08-28T04:02:50.586233+00:00,AVAILABLE,10,-129,2
fp1sig-eec4a4f287b24787d727efda,Bx5ZJTWrC7uAbTw3x4wnJfeQRziXgrmXnRePFvdtpump,10,2026-08-28T04:02:55.586233+00:00,AVAILABLE,10,-129,2
fp1sig-eec4a4f287b24787d727efda,Bx5ZJTWrC7uAbTw3x4wnJfeQRziXgrmXnRePFvdtpump,15,2026-08-28T04:03:00.586233+00:00,AVAILABLE,10,-129,3
fp1sig-eec4a4f287b24787d727efda,Bx5ZJTWrC7uAbTw3x4wnJfeQRziXgrmXnRePFvdtpump,20,2026-08-28T04:03:05.586233+00:00,AVAILABLE,10,-583,5
fp1sig-eec4a4f287b24787d727efda,Bx5ZJTWrC7uAbTw3x4wnJfeQRziXgrmXnRePFvdtpump,30,2026-08-28T04:03:15.586233+00:00,AVAILABLE,5446,-583,25
fp1sig-eec4a4f287b24787d727efda,Bx5ZJTWrC7uAbTw3x4wnJfeQRziXgrmXnRePFvdtpump,45,2026-08-28T04:03:30.586233+00:00,AVAILABLE,6415,-583,32
fp1sig-eec4a4f287b24787d727efda,Bx5ZJTWrC7uAbTw3x4wnJfeQRziXgrmXnRePFvdtpump,60,2026-08-28T04:03:45.586233+00:00,AVAILABLE,6415,-583,35
fp1sig-eec4a4f287b24787d727efda,Bx5ZJTWrC7uAbTw3x4wnJfeQRziXgrmXnRePFvdtpump,90,2026-08-28T04:04:15.586233+00:00,AVAILABLE,6415,-583,40
fp1sig-eec4a4f287b24787d727efda,Bx5ZJTWrC7uAbTw3x4wnJfeQRziXgrmXnRePFvdtpump,120,2026-08-28T04:04:45.586233+00:00,AVAILABLE,12653,-583,76
fp1sig-eec4a4f287b24787d727efda,Bx5ZJTWrC7uAbTw3x4wnJfeQRziXgrmXnRePFvdtpump,180,2026-08-28T04:05:45.586233+00:00,AVAILABLE,12976,-583,106
fp1sig-eec4a4f287b24787d727efda,Bx5ZJTWrC7uAbTw3x4wnJfeQRziXgrmXnRePFvdtpump,300,2026-08-28T04:07:45.586233+00:00,AVAILABLE,12976,-583,153
fp1sig-ef43c15223b116b5962b296e,286Xz3GVQEnHKb1mKGpntqjCHJFT6xb9qA1jrXPspump,5,2026-08-28T07:58:46.843055+00:00,AVAILABLE,-811,-1401,4
fp1sig-ef43c15223b116b5962b296e,286Xz3GVQEnHKb1mKGpntqjCHJFT6xb9qA1jrXPspump,10,2026-08-28T07:58:51.843055+00:00,AVAILABLE,-811,-1401,4
fp1sig-ef43c15223b116b5962b296e,286Xz3GVQEnHKb1mKGpntqjCHJFT6xb9qA1jrXPspump,15,2026-08-28T07:58:56.843055+00:00,AVAILABLE,-811,-2091,7
fp1sig-ef43c15223b116b5962b296e,286Xz3GVQEnHKb1mKGpntqjCHJFT6xb9qA1jrXPspump,20,2026-08-28T07:59:01.843055+00:00,AVAILABLE,-811,-2136,9
fp1sig-ef43c15223b116b5962b296e,286Xz3GVQEnHKb1mKGpntqjCHJFT6xb9qA1jrXPspump,30,2026-08-28T07:59:11.843055+00:00,AVAILABLE,-811,-3291,15
fp1sig-ef43c15223b116b5962b296e,286Xz3GVQEnHKb1mKGpntqjCHJFT6xb9qA1jrXPspump,45,2026-08-28T07:59:26.843055+00:00,AVAILABLE,-680,-3291,30
fp1sig-ef43c15223b116b5962b296e,286Xz3GVQEnHKb1mKGpntqjCHJFT6xb9qA1jrXPspump,60,2026-08-28T07:59:41.843055+00:00,AVAILABLE,1424,-3291,40
fp1sig-ef43c15223b116b5962b296e,286Xz3GVQEnHKb1mKGpntqjCHJFT6xb9qA1jrXPspump,90,2026-08-28T08:00:11.843055+00:00,AVAILABLE,2263,-3291,54
fp1sig-ef43c15223b116b5962b296e,286Xz3GVQEnHKb1mKGpntqjCHJFT6xb9qA1jrXPspump,120,2026-08-28T08:00:41.843055+00:00,AVAILABLE,2263,-3291,59
fp1sig-ef43c15223b116b5962b296e,286Xz3GVQEnHKb1mKGpntqjCHJFT6xb9qA1jrXPspump,180,2026-08-28T08:01:41.843055+00:00,AVAILABLE,2263,-3291,70
fp1sig-ef43c15223b116b5962b296e,286Xz3GVQEnHKb1mKGpntqjCHJFT6xb9qA1jrXPspump,300,2026-08-28T08:03:41.843055+00:00,AVAILABLE,2711,-3291,93
fp1sig-ef601311185b87659b2c9693,Bx8VF7qfdG9qhicjq3Lx4EsDinBiu7oqk1oMp9sDpump,5,2026-08-28T02:20:30.754736+00:00,AVAILABLE,2911,523,13
fp1sig-ef601311185b87659b2c9693,Bx8VF7qfdG9qhicjq3Lx4EsDinBiu7oqk1oMp9sDpump,10,2026-08-28T02:20:35.754736+00:00,AVAILABLE,2911,523,14
fp1sig-ef601311185b87659b2c9693,Bx8VF7qfdG9qhicjq3Lx4EsDinBiu7oqk1oMp9sDpump,15,2026-08-28T02:20:40.754736+00:00,AVAILABLE,2911,523,18
fp1sig-ef601311185b87659b2c9693,Bx8VF7qfdG9qhicjq3Lx4EsDinBiu7oqk1oMp9sDpump,20,2026-08-28T02:20:45.754736+00:00,AVAILABLE,2911,523,21
fp1sig-ef601311185b87659b2c9693,Bx8VF7qfdG9qhicjq3Lx4EsDinBiu7oqk1oMp9sDpump,30,2026-08-28T02:20:55.754736+00:00,AVAILABLE,2911,523,22
fp1sig-ef601311185b87659b2c9693,Bx8VF7qfdG9qhicjq3Lx4EsDinBiu7oqk1oMp9sDpump,45,2026-08-28T02:21:10.754736+00:00,AVAILABLE,2911,-279,29
fp1sig-ef601311185b87659b2c9693,Bx8VF7qfdG9qhicjq3Lx4EsDinBiu7oqk1oMp9sDpump,60,2026-08-28T02:21:25.754736+00:00,AVAILABLE,2911,-1384,36
fp1sig-ef601311185b87659b2c9693,Bx8VF7qfdG9qhicjq3Lx4EsDinBiu7oqk1oMp9sDpump,90,2026-08-28T02:21:55.754736+00:00,AVAILABLE,2911,-1384,49
fp1sig-ef601311185b87659b2c9693,Bx8VF7qfdG9qhicjq3Lx4EsDinBiu7oqk1oMp9sDpump,120,2026-08-28T02:22:25.754736+00:00,AVAILABLE,2911,-1384,56
fp1sig-ef601311185b87659b2c9693,Bx8VF7qfdG9qhicjq3Lx4EsDinBiu7oqk1oMp9sDpump,180,2026-08-28T02:23:25.754736+00:00,AVAILABLE,2911,-1873,69
fp1sig-ef601311185b87659b2c9693,Bx8VF7qfdG9qhicjq3Lx4EsDinBiu7oqk1oMp9sDpump,300,2026-08-28T02:25:25.754736+00:00,AVAILABLE,2911,-1873,75
fp1sig-efaf0f6c2298d11ba90f7ccb,DG4B8Lcg7L5qgSvsYvQMh4XiV4JzLAadWihuz3nQpump,5,2026-08-28T05:08:05.538636+00:00,AVAILABLE,28,-666,5
fp1sig-efaf0f6c2298d11ba90f7ccb,DG4B8Lcg7L5qgSvsYvQMh4XiV4JzLAadWihuz3nQpump,10,2026-08-28T05:08:10.538636+00:00,AVAILABLE,28,-666,5
fp1sig-efaf0f6c2298d11ba90f7ccb,DG4B8Lcg7L5qgSvsYvQMh4XiV4JzLAadWihuz3nQpump,15,2026-08-28T05:08:15.538636+00:00,AVAILABLE,28,-666,6
fp1sig-efaf0f6c2298d11ba90f7ccb,DG4B8Lcg7L5qgSvsYvQMh4XiV4JzLAadWihuz3nQpump,20,2026-08-28T05:08:20.538636+00:00,AVAILABLE,28,-666,6
fp1sig-efaf0f6c2298d11ba90f7ccb,DG4B8Lcg7L5qgSvsYvQMh4XiV4JzLAadWihuz3nQpump,30,2026-08-28T05:08:30.538636+00:00,AVAILABLE,28,-666,7
fp1sig-efaf0f6c2298d11ba90f7ccb,DG4B8Lcg7L5qgSvsYvQMh4XiV4JzLAadWihuz3nQpump,45,2026-08-28T05:08:45.538636+00:00,AVAILABLE,230,-666,12
fp1sig-efaf0f6c2298d11ba90f7ccb,DG4B8Lcg7L5qgSvsYvQMh4XiV4JzLAadWihuz3nQpump,60,2026-08-28T05:09:00.538636+00:00,AVAILABLE,2471,-666,20
fp1sig-efaf0f6c2298d11ba90f7ccb,DG4B8Lcg7L5qgSvsYvQMh4XiV4JzLAadWihuz3nQpump,90,2026-08-28T05:09:30.538636+00:00,AVAILABLE,2497,-666,22
fp1sig-efaf0f6c2298d11ba90f7ccb,DG4B8Lcg7L5qgSvsYvQMh4XiV4JzLAadWihuz3nQpump,120,2026-08-28T05:10:00.538636+00:00,AVAILABLE,3097,-666,26
fp1sig-efaf0f6c2298d11ba90f7ccb,DG4B8Lcg7L5qgSvsYvQMh4XiV4JzLAadWihuz3nQpump,180,2026-08-28T05:11:00.538636+00:00,AVAILABLE,4006,-666,40
fp1sig-efaf0f6c2298d11ba90f7ccb,DG4B8Lcg7L5qgSvsYvQMh4XiV4JzLAadWihuz3nQpump,300,2026-08-28T05:13:00.538636+00:00,AVAILABLE,4006,-666,62
fp1sig-efc504257ecd5fd1ddbdae98,8WkP9vFhw25NkT2Kdn7hgmhkY4VLDRfRdKoA3juBpump,5,2026-08-27T19:57:36.514338+00:00,AVAILABLE,1444,1444,1
fp1sig-efc504257ecd5fd1ddbdae98,8WkP9vFhw25NkT2Kdn7hgmhkY4VLDRfRdKoA3juBpump,10,2026-08-27T19:57:41.514338+00:00,AVAILABLE,1444,1444,1
fp1sig-efc504257ecd5fd1ddbdae98,8WkP9vFhw25NkT2Kdn7hgmhkY4VLDRfRdKoA3juBpump,15,2026-08-27T19:57:46.514338+00:00,AVAILABLE,1445,1267,4
fp1sig-efc504257ecd5fd1ddbdae98,8WkP9vFhw25NkT2Kdn7hgmhkY4VLDRfRdKoA3juBpump,20,2026-08-27T19:57:51.514338+00:00,AVAILABLE,1445,1267,4
fp1sig-efc504257ecd5fd1ddbdae98,8WkP9vFhw25NkT2Kdn7hgmhkY4VLDRfRdKoA3juBpump,30,2026-08-27T19:58:01.514338+00:00,AVAILABLE,1445,-737,7
fp1sig-efc504257ecd5fd1ddbdae98,8WkP9vFhw25NkT2Kdn7hgmhkY4VLDRfRdKoA3juBpump,45,2026-08-27T19:58:16.514338+00:00,AVAILABLE,1445,-1093,14
fp1sig-efc504257ecd5fd1ddbdae98,8WkP9vFhw25NkT2Kdn7hgmhkY4VLDRfRdKoA3juBpump,60,2026-08-27T19:58:31.514338+00:00,AVAILABLE,1445,-1093,16
fp1sig-efc504257ecd5fd1ddbdae98,8WkP9vFhw25NkT2Kdn7hgmhkY4VLDRfRdKoA3juBpump,90,2026-08-27T19:59:01.514338+00:00,AVAILABLE,1445,-2321,35
fp1sig-efc504257ecd5fd1ddbdae98,8WkP9vFhw25NkT2Kdn7hgmhkY4VLDRfRdKoA3juBpump,120,2026-08-27T19:59:31.514338+00:00,AVAILABLE,1445,-2321,42
fp1sig-efc504257ecd5fd1ddbdae98,8WkP9vFhw25NkT2Kdn7hgmhkY4VLDRfRdKoA3juBpump,180,2026-08-27T20:00:31.514338+00:00,AVAILABLE,1445,-3012,58
fp1sig-efc504257ecd5fd1ddbdae98,8WkP9vFhw25NkT2Kdn7hgmhkY4VLDRfRdKoA3juBpump,300,2026-08-27T20:02:31.514338+00:00,AVAILABLE,1445,-5045,69
fp1sig-f08f81d17360f86d5d02976a,96n3bzxcgiAYgTDpQbocPd1yWdSyh2geNfGtcrmqpump,5,2026-08-28T02:14:38.683435+00:00,MISSING,,,0
fp1sig-f08f81d17360f86d5d02976a,96n3bzxcgiAYgTDpQbocPd1yWdSyh2geNfGtcrmqpump,10,2026-08-28T02:14:43.683435+00:00,MISSING,,,0
fp1sig-f08f81d17360f86d5d02976a,96n3bzxcgiAYgTDpQbocPd1yWdSyh2geNfGtcrmqpump,15,2026-08-28T02:14:48.683435+00:00,AVAILABLE,1550,-1081,2
fp1sig-f08f81d17360f86d5d02976a,96n3bzxcgiAYgTDpQbocPd1yWdSyh2geNfGtcrmqpump,20,2026-08-28T02:14:53.683435+00:00,AVAILABLE,1550,-1081,2
fp1sig-f08f81d17360f86d5d02976a,96n3bzxcgiAYgTDpQbocPd1yWdSyh2geNfGtcrmqpump,30,2026-08-28T02:15:03.683435+00:00,AVAILABLE,1837,-1081,3
fp1sig-f08f81d17360f86d5d02976a,96n3bzxcgiAYgTDpQbocPd1yWdSyh2geNfGtcrmqpump,45,2026-08-28T02:15:18.683435+00:00,AVAILABLE,1837,-1981,5
fp1sig-f08f81d17360f86d5d02976a,96n3bzxcgiAYgTDpQbocPd1yWdSyh2geNfGtcrmqpump,60,2026-08-28T02:15:33.683435+00:00,AVAILABLE,1837,-3997,6
fp1sig-f08f81d17360f86d5d02976a,96n3bzxcgiAYgTDpQbocPd1yWdSyh2geNfGtcrmqpump,90,2026-08-28T02:16:03.683435+00:00,AVAILABLE,1837,-3997,6
fp1sig-f08f81d17360f86d5d02976a,96n3bzxcgiAYgTDpQbocPd1yWdSyh2geNfGtcrmqpump,120,2026-08-28T02:16:33.683435+00:00,AVAILABLE,1837,-3997,6
fp1sig-f08f81d17360f86d5d02976a,96n3bzxcgiAYgTDpQbocPd1yWdSyh2geNfGtcrmqpump,180,2026-08-28T02:17:33.683435+00:00,AVAILABLE,1837,-3997,6
fp1sig-f08f81d17360f86d5d02976a,96n3bzxcgiAYgTDpQbocPd1yWdSyh2geNfGtcrmqpump,300,2026-08-28T02:19:33.683435+00:00,AVAILABLE,1837,-3997,6
fp1sig-f0a4751d0084adca59d9217f,pjNEmppTTdnnzhKQLxiGhuvNUstBsqTGWJ2iMiDpump,5,2026-08-28T04:49:17.018482+00:00,MISSING,,,0
fp1sig-f0a4751d0084adca59d9217f,pjNEmppTTdnnzhKQLxiGhuvNUstBsqTGWJ2iMiDpump,10,2026-08-28T04:49:22.018482+00:00,AVAILABLE,239,239,1
fp1sig-f0a4751d0084adca59d9217f,pjNEmppTTdnnzhKQLxiGhuvNUstBsqTGWJ2iMiDpump,15,2026-08-28T04:49:27.018482+00:00,AVAILABLE,239,239,1
fp1sig-f0a4751d0084adca59d9217f,pjNEmppTTdnnzhKQLxiGhuvNUstBsqTGWJ2iMiDpump,20,2026-08-28T04:49:32.018482+00:00,AVAILABLE,239,239,1
fp1sig-f0a4751d0084adca59d9217f,pjNEmppTTdnnzhKQLxiGhuvNUstBsqTGWJ2iMiDpump,30,2026-08-28T04:49:42.018482+00:00,AVAILABLE,239,44,3
fp1sig-f0a4751d0084adca59d9217f,pjNEmppTTdnnzhKQLxiGhuvNUstBsqTGWJ2iMiDpump,45,2026-08-28T04:49:57.018482+00:00,AVAILABLE,348,44,6
fp1sig-f0a4751d0084adca59d9217f,pjNEmppTTdnnzhKQLxiGhuvNUstBsqTGWJ2iMiDpump,60,2026-08-28T04:50:12.018482+00:00,AVAILABLE,585,44,10
fp1sig-f0a4751d0084adca59d9217f,pjNEmppTTdnnzhKQLxiGhuvNUstBsqTGWJ2iMiDpump,90,2026-08-28T04:50:42.018482+00:00,AVAILABLE,1587,44,14
fp1sig-f0a4751d0084adca59d9217f,pjNEmppTTdnnzhKQLxiGhuvNUstBsqTGWJ2iMiDpump,120,2026-08-28T04:51:12.018482+00:00,AVAILABLE,1587,44,14
fp1sig-f0a4751d0084adca59d9217f,pjNEmppTTdnnzhKQLxiGhuvNUstBsqTGWJ2iMiDpump,180,2026-08-28T04:52:12.018482+00:00,AVAILABLE,1587,44,14
fp1sig-f0a4751d0084adca59d9217f,pjNEmppTTdnnzhKQLxiGhuvNUstBsqTGWJ2iMiDpump,300,2026-08-28T04:54:12.018482+00:00,AVAILABLE,1587,44,14
fp1sig-f0b7e7d29b40d14f006dca5d,38pWYnzgNn4VaWwcEkQKkQCEfMkTSEpyPFazYDZvpump,5,2026-08-28T08:19:23.483867+00:00,MISSING,,,0
fp1sig-f0b7e7d29b40d14f006dca5d,38pWYnzgNn4VaWwcEkQKkQCEfMkTSEpyPFazYDZvpump,10,2026-08-28T08:19:28.483867+00:00,AVAILABLE,-2928,-2928,1
fp1sig-f0b7e7d29b40d14f006dca5d,38pWYnzgNn4VaWwcEkQKkQCEfMkTSEpyPFazYDZvpump,15,2026-08-28T08:19:33.483867+00:00,AVAILABLE,-2928,-6161,3
fp1sig-f0b7e7d29b40d14f006dca5d,38pWYnzgNn4VaWwcEkQKkQCEfMkTSEpyPFazYDZvpump,20,2026-08-28T08:19:38.483867+00:00,AVAILABLE,-2928,-6161,5
fp1sig-f0b7e7d29b40d14f006dca5d,38pWYnzgNn4VaWwcEkQKkQCEfMkTSEpyPFazYDZvpump,30,2026-08-28T08:19:48.483867+00:00,AVAILABLE,-2928,-6161,10
fp1sig-f0b7e7d29b40d14f006dca5d,38pWYnzgNn4VaWwcEkQKkQCEfMkTSEpyPFazYDZvpump,45,2026-08-28T08:20:03.483867+00:00,AVAILABLE,-2316,-6161,15
fp1sig-f0b7e7d29b40d14f006dca5d,38pWYnzgNn4VaWwcEkQKkQCEfMkTSEpyPFazYDZvpump,60,2026-08-28T08:20:18.483867+00:00,AVAILABLE,-2316,-6161,15
fp1sig-f0b7e7d29b40d14f006dca5d,38pWYnzgNn4VaWwcEkQKkQCEfMkTSEpyPFazYDZvpump,90,2026-08-28T08:20:48.483867+00:00,AVAILABLE,-2316,-6161,15
fp1sig-f0b7e7d29b40d14f006dca5d,38pWYnzgNn4VaWwcEkQKkQCEfMkTSEpyPFazYDZvpump,120,2026-08-28T08:21:18.483867+00:00,AVAILABLE,-2316,-6161,15
fp1sig-f0b7e7d29b40d14f006dca5d,38pWYnzgNn4VaWwcEkQKkQCEfMkTSEpyPFazYDZvpump,180,2026-08-28T08:22:18.483867+00:00,AVAILABLE,-2316,-6161,15
fp1sig-f0b7e7d29b40d14f006dca5d,38pWYnzgNn4VaWwcEkQKkQCEfMkTSEpyPFazYDZvpump,300,2026-08-28T08:24:18.483867+00:00,AVAILABLE,-2316,-6161,15
fp1sig-f111644a2b7f65024e2c6310,EN79dj6eK5MxSw3kr7EB7gTELXXn81uJdQjf8sctpump,5,2026-08-28T11:46:24.610089+00:00,AVAILABLE,-4038,-4038,1
fp1sig-f111644a2b7f65024e2c6310,EN79dj6eK5MxSw3kr7EB7gTELXXn81uJdQjf8sctpump,10,2026-08-28T11:46:29.610089+00:00,AVAILABLE,-2837,-4038,3
fp1sig-f111644a2b7f65024e2c6310,EN79dj6eK5MxSw3kr7EB7gTELXXn81uJdQjf8sctpump,15,2026-08-28T11:46:34.610089+00:00,AVAILABLE,-2837,-4038,4
fp1sig-f111644a2b7f65024e2c6310,EN79dj6eK5MxSw3kr7EB7gTELXXn81uJdQjf8sctpump,20,2026-08-28T11:46:39.610089+00:00,AVAILABLE,-815,-4038,5
fp1sig-f111644a2b7f65024e2c6310,EN79dj6eK5MxSw3kr7EB7gTELXXn81uJdQjf8sctpump,30,2026-08-28T11:46:49.610089+00:00,AVAILABLE,2197,-4038,6
fp1sig-f111644a2b7f65024e2c6310,EN79dj6eK5MxSw3kr7EB7gTELXXn81uJdQjf8sctpump,45,2026-08-28T11:47:04.610089+00:00,AVAILABLE,2197,-4038,7
fp1sig-f111644a2b7f65024e2c6310,EN79dj6eK5MxSw3kr7EB7gTELXXn81uJdQjf8sctpump,60,2026-08-28T11:47:19.610089+00:00,AVAILABLE,2807,-4038,9
fp1sig-f111644a2b7f65024e2c6310,EN79dj6eK5MxSw3kr7EB7gTELXXn81uJdQjf8sctpump,90,2026-08-28T11:47:49.610089+00:00,AVAILABLE,4923,-4038,11
fp1sig-f111644a2b7f65024e2c6310,EN79dj6eK5MxSw3kr7EB7gTELXXn81uJdQjf8sctpump,120,2026-08-28T11:48:19.610089+00:00,AVAILABLE,4923,-4038,12
fp1sig-f111644a2b7f65024e2c6310,EN79dj6eK5MxSw3kr7EB7gTELXXn81uJdQjf8sctpump,180,2026-08-28T11:49:19.610089+00:00,AVAILABLE,4923,-4038,12
fp1sig-f111644a2b7f65024e2c6310,EN79dj6eK5MxSw3kr7EB7gTELXXn81uJdQjf8sctpump,300,2026-08-28T11:51:19.610089+00:00,AVAILABLE,4923,-4038,12
fp1sig-f15d999c5993af272992ee12,EyMQJq47iqpq4t13uCCqco1vnrM6aztuZDbtD24Apump,5,2026-08-28T10:11:48.912415+00:00,AVAILABLE,1522,1522,1
fp1sig-f15d999c5993af272992ee12,EyMQJq47iqpq4t13uCCqco1vnrM6aztuZDbtD24Apump,10,2026-08-28T10:11:53.912415+00:00,AVAILABLE,4784,1522,2
fp1sig-f15d999c5993af272992ee12,EyMQJq47iqpq4t13uCCqco1vnrM6aztuZDbtD24Apump,15,2026-08-28T10:11:58.912415+00:00,AVAILABLE,7200,1522,3
fp1sig-f15d999c5993af272992ee12,EyMQJq47iqpq4t13uCCqco1vnrM6aztuZDbtD24Apump,20,2026-08-28T10:12:03.912415+00:00,AVAILABLE,10930,1522,4
fp1sig-f15d999c5993af272992ee12,EyMQJq47iqpq4t13uCCqco1vnrM6aztuZDbtD24Apump,30,2026-08-28T10:12:13.912415+00:00,AVAILABLE,10930,1522,4
fp1sig-f15d999c5993af272992ee12,EyMQJq47iqpq4t13uCCqco1vnrM6aztuZDbtD24Apump,45,2026-08-28T10:12:28.912415+00:00,AVAILABLE,19645,1522,6
fp1sig-f15d999c5993af272992ee12,EyMQJq47iqpq4t13uCCqco1vnrM6aztuZDbtD24Apump,60,2026-08-28T10:12:43.912415+00:00,AVAILABLE,19645,1522,6
fp1sig-f15d999c5993af272992ee12,EyMQJq47iqpq4t13uCCqco1vnrM6aztuZDbtD24Apump,90,2026-08-28T10:13:13.912415+00:00,AVAILABLE,19645,1522,6
fp1sig-f15d999c5993af272992ee12,EyMQJq47iqpq4t13uCCqco1vnrM6aztuZDbtD24Apump,120,2026-08-28T10:13:43.912415+00:00,AVAILABLE,19645,1522,7
fp1sig-f15d999c5993af272992ee12,EyMQJq47iqpq4t13uCCqco1vnrM6aztuZDbtD24Apump,180,2026-08-28T10:14:43.912415+00:00,AVAILABLE,19645,1522,8
fp1sig-f15d999c5993af272992ee12,EyMQJq47iqpq4t13uCCqco1vnrM6aztuZDbtD24Apump,300,2026-08-28T10:16:43.912415+00:00,AVAILABLE,19645,1522,8
fp1sig-f287324d8c9b114553edad11,r6Caq7W353ko7nHBQn1GijNt98dCwnzaTnZPm6ipump,5,2026-08-28T06:56:43.305392+00:00,MISSING,,,0
fp1sig-f287324d8c9b114553edad11,r6Caq7W353ko7nHBQn1GijNt98dCwnzaTnZPm6ipump,10,2026-08-28T06:56:48.305392+00:00,MISSING,,,0
fp1sig-f287324d8c9b114553edad11,r6Caq7W353ko7nHBQn1GijNt98dCwnzaTnZPm6ipump,15,2026-08-28T06:56:53.305392+00:00,MISSING,,,0
fp1sig-f287324d8c9b114553edad11,r6Caq7W353ko7nHBQn1GijNt98dCwnzaTnZPm6ipump,20,2026-08-28T06:56:58.305392+00:00,MISSING,,,0
fp1sig-f287324d8c9b114553edad11,r6Caq7W353ko7nHBQn1GijNt98dCwnzaTnZPm6ipump,30,2026-08-28T06:57:08.305392+00:00,AVAILABLE,-556,-556,1
fp1sig-f287324d8c9b114553edad11,r6Caq7W353ko7nHBQn1GijNt98dCwnzaTnZPm6ipump,45,2026-08-28T06:57:23.305392+00:00,AVAILABLE,-550,-556,2
fp1sig-f287324d8c9b114553edad11,r6Caq7W353ko7nHBQn1GijNt98dCwnzaTnZPm6ipump,60,2026-08-28T06:57:38.305392+00:00,AVAILABLE,4368,-556,3
fp1sig-f287324d8c9b114553edad11,r6Caq7W353ko7nHBQn1GijNt98dCwnzaTnZPm6ipump,90,2026-08-28T06:58:08.305392+00:00,AVAILABLE,4400,-1999,6
fp1sig-f287324d8c9b114553edad11,r6Caq7W353ko7nHBQn1GijNt98dCwnzaTnZPm6ipump,120,2026-08-28T06:58:38.305392+00:00,AVAILABLE,4400,-4789,8
fp1sig-f287324d8c9b114553edad11,r6Caq7W353ko7nHBQn1GijNt98dCwnzaTnZPm6ipump,180,2026-08-28T06:59:38.305392+00:00,AVAILABLE,4400,-4789,8
fp1sig-f287324d8c9b114553edad11,r6Caq7W353ko7nHBQn1GijNt98dCwnzaTnZPm6ipump,300,2026-08-28T07:01:38.305392+00:00,AVAILABLE,4400,-4789,8
fp1sig-f29615400abc40c459bc20f2,25FtppjQL4dnmvR2CPKnwrvZaLF3KzF6c6Fuw52xpump,5,2026-08-28T05:39:09.030369+00:00,AVAILABLE,3829,530,6
fp1sig-f29615400abc40c459bc20f2,25FtppjQL4dnmvR2CPKnwrvZaLF3KzF6c6Fuw52xpump,10,2026-08-28T05:39:14.030369+00:00,AVAILABLE,3829,-300,9
fp1sig-f29615400abc40c459bc20f2,25FtppjQL4dnmvR2CPKnwrvZaLF3KzF6c6Fuw52xpump,15,2026-08-28T05:39:19.030369+00:00,AVAILABLE,3829,-3106,12
fp1sig-f29615400abc40c459bc20f2,25FtppjQL4dnmvR2CPKnwrvZaLF3KzF6c6Fuw52xpump,20,2026-08-28T05:39:24.030369+00:00,AVAILABLE,3829,-4813,14
fp1sig-f29615400abc40c459bc20f2,25FtppjQL4dnmvR2CPKnwrvZaLF3KzF6c6Fuw52xpump,30,2026-08-28T05:39:34.030369+00:00,AVAILABLE,3829,-5037,19
fp1sig-f29615400abc40c459bc20f2,25FtppjQL4dnmvR2CPKnwrvZaLF3KzF6c6Fuw52xpump,45,2026-08-28T05:39:49.030369+00:00,AVAILABLE,18401,-5037,25
fp1sig-f29615400abc40c459bc20f2,25FtppjQL4dnmvR2CPKnwrvZaLF3KzF6c6Fuw52xpump,60,2026-08-28T05:40:04.030369+00:00,AVAILABLE,39398,-5037,28
fp1sig-f29615400abc40c459bc20f2,25FtppjQL4dnmvR2CPKnwrvZaLF3KzF6c6Fuw52xpump,90,2026-08-28T05:40:34.030369+00:00,AVAILABLE,49533,-5037,36
fp1sig-f29615400abc40c459bc20f2,25FtppjQL4dnmvR2CPKnwrvZaLF3KzF6c6Fuw52xpump,120,2026-08-28T05:41:04.030369+00:00,AVAILABLE,49533,-5037,43
fp1sig-f29615400abc40c459bc20f2,25FtppjQL4dnmvR2CPKnwrvZaLF3KzF6c6Fuw52xpump,180,2026-08-28T05:42:04.030369+00:00,AVAILABLE,49533,-5037,52
fp1sig-f29615400abc40c459bc20f2,25FtppjQL4dnmvR2CPKnwrvZaLF3KzF6c6Fuw52xpump,300,2026-08-28T05:44:04.030369+00:00,AVAILABLE,49533,-5037,83
fp1sig-f29a91d34d666953ed0c22cd,DDWp9FwnvKPU32LqdxUHPr2bUy1a7gjxCwvrYvgDpump,5,2026-08-28T04:41:59.426210+00:00,AVAILABLE,820,-484,14
fp1sig-f29a91d34d666953ed0c22cd,DDWp9FwnvKPU32LqdxUHPr2bUy1a7gjxCwvrYvgDpump,10,2026-08-28T04:42:04.426210+00:00,AVAILABLE,820,-484,21
fp1sig-f29a91d34d666953ed0c22cd,DDWp9FwnvKPU32LqdxUHPr2bUy1a7gjxCwvrYvgDpump,15,2026-08-28T04:42:09.426210+00:00,AVAILABLE,820,-484,36
fp1sig-f29a91d34d666953ed0c22cd,DDWp9FwnvKPU32LqdxUHPr2bUy1a7gjxCwvrYvgDpump,20,2026-08-28T04:42:14.426210+00:00,AVAILABLE,1096,-484,46
fp1sig-f29a91d34d666953ed0c22cd,DDWp9FwnvKPU32LqdxUHPr2bUy1a7gjxCwvrYvgDpump,30,2026-08-28T04:42:24.426210+00:00,AVAILABLE,1096,-484,58
fp1sig-f29a91d34d666953ed0c22cd,DDWp9FwnvKPU32LqdxUHPr2bUy1a7gjxCwvrYvgDpump,45,2026-08-28T04:42:39.426210+00:00,AVAILABLE,1096,-484,66
fp1sig-f29a91d34d666953ed0c22cd,DDWp9FwnvKPU32LqdxUHPr2bUy1a7gjxCwvrYvgDpump,60,2026-08-28T04:42:54.426210+00:00,AVAILABLE,1654,-484,78
fp1sig-f29a91d34d666953ed0c22cd,DDWp9FwnvKPU32LqdxUHPr2bUy1a7gjxCwvrYvgDpump,90,2026-08-28T04:43:24.426210+00:00,AVAILABLE,2526,-484,95
fp1sig-f29a91d34d666953ed0c22cd,DDWp9FwnvKPU32LqdxUHPr2bUy1a7gjxCwvrYvgDpump,120,2026-08-28T04:43:54.426210+00:00,AVAILABLE,3568,-484,121
fp1sig-f29a91d34d666953ed0c22cd,DDWp9FwnvKPU32LqdxUHPr2bUy1a7gjxCwvrYvgDpump,180,2026-08-28T04:44:54.426210+00:00,AVAILABLE,4820,-484,204
fp1sig-f29a91d34d666953ed0c22cd,DDWp9FwnvKPU32LqdxUHPr2bUy1a7gjxCwvrYvgDpump,300,2026-08-28T04:46:54.426210+00:00,AVAILABLE,4820,-484,285
fp1sig-f2f50373c380c4ae8d7514b0,xoEYFD9W8j3Tit7Nrkk9GbNfV1oygJDJMLiztcipump,5,2026-08-28T06:07:49.722258+00:00,AVAILABLE,-3175,-3175,1
fp1sig-f2f50373c380c4ae8d7514b0,xoEYFD9W8j3Tit7Nrkk9GbNfV1oygJDJMLiztcipump,10,2026-08-28T06:07:54.722258+00:00,AVAILABLE,-3175,-3965,2
fp1sig-f2f50373c380c4ae8d7514b0,xoEYFD9W8j3Tit7Nrkk9GbNfV1oygJDJMLiztcipump,15,2026-08-28T06:07:59.722258+00:00,AVAILABLE,-3175,-3965,2
fp1sig-f2f50373c380c4ae8d7514b0,xoEYFD9W8j3Tit7Nrkk9GbNfV1oygJDJMLiztcipump,20,2026-08-28T06:08:04.722258+00:00,AVAILABLE,-2475,-3965,4
fp1sig-f2f50373c380c4ae8d7514b0,xoEYFD9W8j3Tit7Nrkk9GbNfV1oygJDJMLiztcipump,30,2026-08-28T06:08:14.722258+00:00,AVAILABLE,-347,-3965,5
fp1sig-f2f50373c380c4ae8d7514b0,xoEYFD9W8j3Tit7Nrkk9GbNfV1oygJDJMLiztcipump,45,2026-08-28T06:08:29.722258+00:00,AVAILABLE,1408,-3965,6
fp1sig-f2f50373c380c4ae8d7514b0,xoEYFD9W8j3Tit7Nrkk9GbNfV1oygJDJMLiztcipump,60,2026-08-28T06:08:44.722258+00:00,AVAILABLE,13258,-3965,8
fp1sig-f2f50373c380c4ae8d7514b0,xoEYFD9W8j3Tit7Nrkk9GbNfV1oygJDJMLiztcipump,90,2026-08-28T06:09:14.722258+00:00,AVAILABLE,16945,-3965,12
fp1sig-f2f50373c380c4ae8d7514b0,xoEYFD9W8j3Tit7Nrkk9GbNfV1oygJDJMLiztcipump,120,2026-08-28T06:09:44.722258+00:00,AVAILABLE,16945,-3965,15
fp1sig-f2f50373c380c4ae8d7514b0,xoEYFD9W8j3Tit7Nrkk9GbNfV1oygJDJMLiztcipump,180,2026-08-28T06:10:44.722258+00:00,AVAILABLE,16945,-3965,22
fp1sig-f2f50373c380c4ae8d7514b0,xoEYFD9W8j3Tit7Nrkk9GbNfV1oygJDJMLiztcipump,300,2026-08-28T06:12:44.722258+00:00,AVAILABLE,16945,-3965,30
fp1sig-f3fa3e125770af0195e5b541,6eE9XJKskkHTYtX2xWBqNuQPjesmv7vTBPXzhmE3pump,5,2026-08-27T19:18:24.634368+00:00,AVAILABLE,1296,491,7
fp1sig-f3fa3e125770af0195e5b541,6eE9XJKskkHTYtX2xWBqNuQPjesmv7vTBPXzhmE3pump,10,2026-08-27T19:18:29.634368+00:00,AVAILABLE,1296,491,8
fp1sig-f3fa3e125770af0195e5b541,6eE9XJKskkHTYtX2xWBqNuQPjesmv7vTBPXzhmE3pump,15,2026-08-27T19:18:34.634368+00:00,AVAILABLE,1296,491,8
fp1sig-f3fa3e125770af0195e5b541,6eE9XJKskkHTYtX2xWBqNuQPjesmv7vTBPXzhmE3pump,20,2026-08-27T19:18:39.634368+00:00,AVAILABLE,1296,491,8
fp1sig-f3fa3e125770af0195e5b541,6eE9XJKskkHTYtX2xWBqNuQPjesmv7vTBPXzhmE3pump,30,2026-08-27T19:18:49.634368+00:00,AVAILABLE,1664,491,13
fp1sig-f3fa3e125770af0195e5b541,6eE9XJKskkHTYtX2xWBqNuQPjesmv7vTBPXzhmE3pump,45,2026-08-27T19:19:04.634368+00:00,AVAILABLE,2048,491,21
fp1sig-f3fa3e125770af0195e5b541,6eE9XJKskkHTYtX2xWBqNuQPjesmv7vTBPXzhmE3pump,60,2026-08-27T19:19:19.634368+00:00,AVAILABLE,4024,491,33
fp1sig-f3fa3e125770af0195e5b541,6eE9XJKskkHTYtX2xWBqNuQPjesmv7vTBPXzhmE3pump,90,2026-08-27T19:19:49.634368+00:00,AVAILABLE,6503,-5086,43
fp1sig-f3fa3e125770af0195e5b541,6eE9XJKskkHTYtX2xWBqNuQPjesmv7vTBPXzhmE3pump,120,2026-08-27T19:20:19.634368+00:00,AVAILABLE,6503,-5086,43
fp1sig-f3fa3e125770af0195e5b541,6eE9XJKskkHTYtX2xWBqNuQPjesmv7vTBPXzhmE3pump,180,2026-08-27T19:21:19.634368+00:00,AVAILABLE,6503,-5988,49
fp1sig-f3fa3e125770af0195e5b541,6eE9XJKskkHTYtX2xWBqNuQPjesmv7vTBPXzhmE3pump,300,2026-08-27T19:23:19.634368+00:00,AVAILABLE,6503,-5988,49
fp1sig-f481b48e278222a20d7aec94,3dT86cLy5GKGU6E2jus94MBGzN6TV7egzENDUA3Jpump,5,2026-08-28T07:08:14.803956+00:00,AVAILABLE,2369,-3592,11
fp1sig-f481b48e278222a20d7aec94,3dT86cLy5GKGU6E2jus94MBGzN6TV7egzENDUA3Jpump,10,2026-08-28T07:08:19.803956+00:00,AVAILABLE,2369,-3592,16
fp1sig-f481b48e278222a20d7aec94,3dT86cLy5GKGU6E2jus94MBGzN6TV7egzENDUA3Jpump,15,2026-08-28T07:08:24.803956+00:00,AVAILABLE,2369,-3592,17
fp1sig-f481b48e278222a20d7aec94,3dT86cLy5GKGU6E2jus94MBGzN6TV7egzENDUA3Jpump,20,2026-08-28T07:08:29.803956+00:00,AVAILABLE,2369,-4576,24
fp1sig-f481b48e278222a20d7aec94,3dT86cLy5GKGU6E2jus94MBGzN6TV7egzENDUA3Jpump,30,2026-08-28T07:08:39.803956+00:00,AVAILABLE,2369,-7640,36
fp1sig-f481b48e278222a20d7aec94,3dT86cLy5GKGU6E2jus94MBGzN6TV7egzENDUA3Jpump,45,2026-08-28T07:08:54.803956+00:00,AVAILABLE,2369,-9076,52
fp1sig-f481b48e278222a20d7aec94,3dT86cLy5GKGU6E2jus94MBGzN6TV7egzENDUA3Jpump,60,2026-08-28T07:09:09.803956+00:00,AVAILABLE,2369,-9399,61
fp1sig-f481b48e278222a20d7aec94,3dT86cLy5GKGU6E2jus94MBGzN6TV7egzENDUA3Jpump,90,2026-08-28T07:09:39.803956+00:00,AVAILABLE,2369,-9831,97
fp1sig-f481b48e278222a20d7aec94,3dT86cLy5GKGU6E2jus94MBGzN6TV7egzENDUA3Jpump,120,2026-08-28T07:10:09.803956+00:00,AVAILABLE,2369,-9831,116
fp1sig-f481b48e278222a20d7aec94,3dT86cLy5GKGU6E2jus94MBGzN6TV7egzENDUA3Jpump,180,2026-08-28T07:11:09.803956+00:00,AVAILABLE,2369,-9924,141
fp1sig-f481b48e278222a20d7aec94,3dT86cLy5GKGU6E2jus94MBGzN6TV7egzENDUA3Jpump,300,2026-08-28T07:13:09.803956+00:00,AVAILABLE,2369,-9990,236
fp1sig-f5ba4c8599d2183bbb7d542a,85fBt2e1iFhq38i3iGaQWvuzSRJha22TesUoFiD2pump,5,2026-08-27T20:05:35.617522+00:00,MISSING,,,0
fp1sig-f5ba4c8599d2183bbb7d542a,85fBt2e1iFhq38i3iGaQWvuzSRJha22TesUoFiD2pump,10,2026-08-27T20:05:40.617522+00:00,AVAILABLE,-2531,-2531,1
fp1sig-f5ba4c8599d2183bbb7d542a,85fBt2e1iFhq38i3iGaQWvuzSRJha22TesUoFiD2pump,15,2026-08-27T20:05:45.617522+00:00,AVAILABLE,-2531,-2531,1
fp1sig-f5ba4c8599d2183bbb7d542a,85fBt2e1iFhq38i3iGaQWvuzSRJha22TesUoFiD2pump,20,2026-08-27T20:05:50.617522+00:00,AVAILABLE,-2531,-3341,2
fp1sig-f5ba4c8599d2183bbb7d542a,85fBt2e1iFhq38i3iGaQWvuzSRJha22TesUoFiD2pump,30,2026-08-27T20:06:00.617522+00:00,AVAILABLE,-2531,-3341,3
fp1sig-f5ba4c8599d2183bbb7d542a,85fBt2e1iFhq38i3iGaQWvuzSRJha22TesUoFiD2pump,45,2026-08-27T20:06:15.617522+00:00,AVAILABLE,-2531,-4186,4
fp1sig-f5ba4c8599d2183bbb7d542a,85fBt2e1iFhq38i3iGaQWvuzSRJha22TesUoFiD2pump,60,2026-08-27T20:06:30.617522+00:00,AVAILABLE,-2531,-5039,5
fp1sig-f5ba4c8599d2183bbb7d542a,85fBt2e1iFhq38i3iGaQWvuzSRJha22TesUoFiD2pump,90,2026-08-27T20:07:00.617522+00:00,AVAILABLE,-2531,-5039,5
fp1sig-f5ba4c8599d2183bbb7d542a,85fBt2e1iFhq38i3iGaQWvuzSRJha22TesUoFiD2pump,120,2026-08-27T20:07:30.617522+00:00,AVAILABLE,-2531,-5719,7
fp1sig-f5ba4c8599d2183bbb7d542a,85fBt2e1iFhq38i3iGaQWvuzSRJha22TesUoFiD2pump,180,2026-08-27T20:08:30.617522+00:00,AVAILABLE,-2531,-5719,7
fp1sig-f5ba4c8599d2183bbb7d542a,85fBt2e1iFhq38i3iGaQWvuzSRJha22TesUoFiD2pump,300,2026-08-27T20:10:30.617522+00:00,AVAILABLE,-2531,-5719,7
fp1sig-f5ebd5f383f4d64eb8b60e9d,BCTqG66s4W8s8i4vhapF9Vy93J14ScVwFbsiyyCGpump,5,2026-08-28T08:12:19.686220+00:00,AVAILABLE,155,-9,2
fp1sig-f5ebd5f383f4d64eb8b60e9d,BCTqG66s4W8s8i4vhapF9Vy93J14ScVwFbsiyyCGpump,10,2026-08-28T08:12:24.686220+00:00,AVAILABLE,155,-9,3
fp1sig-f5ebd5f383f4d64eb8b60e9d,BCTqG66s4W8s8i4vhapF9Vy93J14ScVwFbsiyyCGpump,15,2026-08-28T08:12:29.686220+00:00,AVAILABLE,1443,-9,7
fp1sig-f5ebd5f383f4d64eb8b60e9d,BCTqG66s4W8s8i4vhapF9Vy93J14ScVwFbsiyyCGpump,20,2026-08-28T08:12:34.686220+00:00,AVAILABLE,1445,-9,9
fp1sig-f5ebd5f383f4d64eb8b60e9d,BCTqG66s4W8s8i4vhapF9Vy93J14ScVwFbsiyyCGpump,30,2026-08-28T08:12:44.686220+00:00,AVAILABLE,1745,-9,12
fp1sig-f5ebd5f383f4d64eb8b60e9d,BCTqG66s4W8s8i4vhapF9Vy93J14ScVwFbsiyyCGpump,45,2026-08-28T08:12:59.686220+00:00,AVAILABLE,2431,-9,16
fp1sig-f5ebd5f383f4d64eb8b60e9d,BCTqG66s4W8s8i4vhapF9Vy93J14ScVwFbsiyyCGpump,60,2026-08-28T08:13:14.686220+00:00,AVAILABLE,2431,-9,16
fp1sig-f5ebd5f383f4d64eb8b60e9d,BCTqG66s4W8s8i4vhapF9Vy93J14ScVwFbsiyyCGpump,90,2026-08-28T08:13:44.686220+00:00,AVAILABLE,2431,-9,16
fp1sig-f5ebd5f383f4d64eb8b60e9d,BCTqG66s4W8s8i4vhapF9Vy93J14ScVwFbsiyyCGpump,120,2026-08-28T08:14:14.686220+00:00,AVAILABLE,2431,-9,16
fp1sig-f5ebd5f383f4d64eb8b60e9d,BCTqG66s4W8s8i4vhapF9Vy93J14ScVwFbsiyyCGpump,180,2026-08-28T08:15:14.686220+00:00,AVAILABLE,2431,-9,16
fp1sig-f5ebd5f383f4d64eb8b60e9d,BCTqG66s4W8s8i4vhapF9Vy93J14ScVwFbsiyyCGpump,300,2026-08-28T08:17:14.686220+00:00,AVAILABLE,2431,-9,16
fp1sig-f66fede5ea4d327c4dc09e15,6zu75o2J2qeF1bzpoHUnnKgZVtg3cLn9in2PPhikpump,5,2026-08-27T19:38:54.354042+00:00,AVAILABLE,-160,-160,1
fp1sig-f66fede5ea4d327c4dc09e15,6zu75o2J2qeF1bzpoHUnnKgZVtg3cLn9in2PPhikpump,10,2026-08-27T19:38:59.354042+00:00,AVAILABLE,-160,-160,1
fp1sig-f66fede5ea4d327c4dc09e15,6zu75o2J2qeF1bzpoHUnnKgZVtg3cLn9in2PPhikpump,15,2026-08-27T19:39:04.354042+00:00,AVAILABLE,-160,-160,1
fp1sig-f66fede5ea4d327c4dc09e15,6zu75o2J2qeF1bzpoHUnnKgZVtg3cLn9in2PPhikpump,20,2026-08-27T19:39:09.354042+00:00,AVAILABLE,-160,-2282,10
fp1sig-f66fede5ea4d327c4dc09e15,6zu75o2J2qeF1bzpoHUnnKgZVtg3cLn9in2PPhikpump,30,2026-08-27T19:39:19.354042+00:00,AVAILABLE,-160,-2282,10
fp1sig-f66fede5ea4d327c4dc09e15,6zu75o2J2qeF1bzpoHUnnKgZVtg3cLn9in2PPhikpump,45,2026-08-27T19:39:34.354042+00:00,AVAILABLE,-160,-2282,10
fp1sig-f66fede5ea4d327c4dc09e15,6zu75o2J2qeF1bzpoHUnnKgZVtg3cLn9in2PPhikpump,60,2026-08-27T19:39:49.354042+00:00,AVAILABLE,-160,-2282,10
fp1sig-f66fede5ea4d327c4dc09e15,6zu75o2J2qeF1bzpoHUnnKgZVtg3cLn9in2PPhikpump,90,2026-08-27T19:40:19.354042+00:00,AVAILABLE,-160,-2282,11
fp1sig-f66fede5ea4d327c4dc09e15,6zu75o2J2qeF1bzpoHUnnKgZVtg3cLn9in2PPhikpump,120,2026-08-27T19:40:49.354042+00:00,AVAILABLE,-160,-2282,11
fp1sig-f66fede5ea4d327c4dc09e15,6zu75o2J2qeF1bzpoHUnnKgZVtg3cLn9in2PPhikpump,180,2026-08-27T19:41:49.354042+00:00,AVAILABLE,-160,-2282,11
fp1sig-f66fede5ea4d327c4dc09e15,6zu75o2J2qeF1bzpoHUnnKgZVtg3cLn9in2PPhikpump,300,2026-08-27T19:43:49.354042+00:00,AVAILABLE,-160,-2282,11
fp1sig-f67868034cbed1663e41cc5c,A8nxhwySC1miaaHTFgamPojKViowgiiXAQcEjUKDpump,5,2026-08-28T01:12:53.144734+00:00,AVAILABLE,697,631,4
fp1sig-f67868034cbed1663e41cc5c,A8nxhwySC1miaaHTFgamPojKViowgiiXAQcEjUKDpump,10,2026-08-28T01:12:58.144734+00:00,AVAILABLE,697,631,4
fp1sig-f67868034cbed1663e41cc5c,A8nxhwySC1miaaHTFgamPojKViowgiiXAQcEjUKDpump,15,2026-08-28T01:13:03.144734+00:00,AVAILABLE,697,631,4
fp1sig-f67868034cbed1663e41cc5c,A8nxhwySC1miaaHTFgamPojKViowgiiXAQcEjUKDpump,20,2026-08-28T01:13:08.144734+00:00,AVAILABLE,704,631,5
fp1sig-f67868034cbed1663e41cc5c,A8nxhwySC1miaaHTFgamPojKViowgiiXAQcEjUKDpump,30,2026-08-28T01:13:18.144734+00:00,AVAILABLE,2172,631,11
fp1sig-f67868034cbed1663e41cc5c,A8nxhwySC1miaaHTFgamPojKViowgiiXAQcEjUKDpump,45,2026-08-28T01:13:33.144734+00:00,AVAILABLE,2975,631,15
fp1sig-f67868034cbed1663e41cc5c,A8nxhwySC1miaaHTFgamPojKViowgiiXAQcEjUKDpump,60,2026-08-28T01:13:48.144734+00:00,AVAILABLE,2975,631,17
fp1sig-f67868034cbed1663e41cc5c,A8nxhwySC1miaaHTFgamPojKViowgiiXAQcEjUKDpump,90,2026-08-28T01:14:18.144734+00:00,AVAILABLE,3680,631,23
fp1sig-f67868034cbed1663e41cc5c,A8nxhwySC1miaaHTFgamPojKViowgiiXAQcEjUKDpump,120,2026-08-28T01:14:48.144734+00:00,AVAILABLE,3680,631,34
fp1sig-f67868034cbed1663e41cc5c,A8nxhwySC1miaaHTFgamPojKViowgiiXAQcEjUKDpump,180,2026-08-28T01:15:48.144734+00:00,AVAILABLE,4415,631,44
fp1sig-f67868034cbed1663e41cc5c,A8nxhwySC1miaaHTFgamPojKViowgiiXAQcEjUKDpump,300,2026-08-28T01:17:48.144734+00:00,AVAILABLE,4578,631,63
fp1sig-f694096b5949e2edfa9b4efe,GLvAmXjLiV2WCwLp6Q3XPbMdrEdDjKRdmyMB7eABpump,5,2026-08-27T23:30:46.888545+00:00,MISSING,,,0
fp1sig-f694096b5949e2edfa9b4efe,GLvAmXjLiV2WCwLp6Q3XPbMdrEdDjKRdmyMB7eABpump,10,2026-08-27T23:30:51.888545+00:00,AVAILABLE,158,158,1
fp1sig-f694096b5949e2edfa9b4efe,GLvAmXjLiV2WCwLp6Q3XPbMdrEdDjKRdmyMB7eABpump,15,2026-08-27T23:30:56.888545+00:00,AVAILABLE,158,158,1
fp1sig-f694096b5949e2edfa9b4efe,GLvAmXjLiV2WCwLp6Q3XPbMdrEdDjKRdmyMB7eABpump,20,2026-08-27T23:31:01.888545+00:00,AVAILABLE,158,158,1
fp1sig-f694096b5949e2edfa9b4efe,GLvAmXjLiV2WCwLp6Q3XPbMdrEdDjKRdmyMB7eABpump,30,2026-08-27T23:31:11.888545+00:00,AVAILABLE,158,-1357,2
fp1sig-f694096b5949e2edfa9b4efe,GLvAmXjLiV2WCwLp6Q3XPbMdrEdDjKRdmyMB7eABpump,45,2026-08-27T23:31:26.888545+00:00,AVAILABLE,158,-4291,5
fp1sig-f694096b5949e2edfa9b4efe,GLvAmXjLiV2WCwLp6Q3XPbMdrEdDjKRdmyMB7eABpump,60,2026-08-27T23:31:41.888545+00:00,AVAILABLE,158,-5464,9
fp1sig-f694096b5949e2edfa9b4efe,GLvAmXjLiV2WCwLp6Q3XPbMdrEdDjKRdmyMB7eABpump,90,2026-08-27T23:32:11.888545+00:00,AVAILABLE,1894,-5464,16
fp1sig-f694096b5949e2edfa9b4efe,GLvAmXjLiV2WCwLp6Q3XPbMdrEdDjKRdmyMB7eABpump,120,2026-08-27T23:32:41.888545+00:00,AVAILABLE,1894,-5464,16
fp1sig-f694096b5949e2edfa9b4efe,GLvAmXjLiV2WCwLp6Q3XPbMdrEdDjKRdmyMB7eABpump,180,2026-08-27T23:33:41.888545+00:00,AVAILABLE,1894,-5464,16
fp1sig-f694096b5949e2edfa9b4efe,GLvAmXjLiV2WCwLp6Q3XPbMdrEdDjKRdmyMB7eABpump,300,2026-08-27T23:35:41.888545+00:00,AVAILABLE,1894,-5464,16
fp1sig-f75be2c89d4a4031f0e9200d,HJCSAWdQNgDr4rvBwj4SqWui59N7ShwjJYtCYnCupump,5,2026-08-28T12:08:34.723984+00:00,AVAILABLE,4308,2351,2
fp1sig-f75be2c89d4a4031f0e9200d,HJCSAWdQNgDr4rvBwj4SqWui59N7ShwjJYtCYnCupump,10,2026-08-28T12:08:39.723984+00:00,AVAILABLE,4308,1833,5
fp1sig-f75be2c89d4a4031f0e9200d,HJCSAWdQNgDr4rvBwj4SqWui59N7ShwjJYtCYnCupump,15,2026-08-28T12:08:44.723984+00:00,AVAILABLE,4308,1833,5
fp1sig-f75be2c89d4a4031f0e9200d,HJCSAWdQNgDr4rvBwj4SqWui59N7ShwjJYtCYnCupump,20,2026-08-28T12:08:49.723984+00:00,AVAILABLE,4308,1833,6
fp1sig-f75be2c89d4a4031f0e9200d,HJCSAWdQNgDr4rvBwj4SqWui59N7ShwjJYtCYnCupump,30,2026-08-28T12:08:59.723984+00:00,AVAILABLE,4308,-1222,7
fp1sig-f75be2c89d4a4031f0e9200d,HJCSAWdQNgDr4rvBwj4SqWui59N7ShwjJYtCYnCupump,45,2026-08-28T12:09:14.723984+00:00,AVAILABLE,4308,-1355,8
fp1sig-f75be2c89d4a4031f0e9200d,HJCSAWdQNgDr4rvBwj4SqWui59N7ShwjJYtCYnCupump,60,2026-08-28T12:09:29.723984+00:00,AVAILABLE,4308,-1355,8
fp1sig-f75be2c89d4a4031f0e9200d,HJCSAWdQNgDr4rvBwj4SqWui59N7ShwjJYtCYnCupump,90,2026-08-28T12:09:59.723984+00:00,AVAILABLE,4308,-1355,8
fp1sig-f75be2c89d4a4031f0e9200d,HJCSAWdQNgDr4rvBwj4SqWui59N7ShwjJYtCYnCupump,120,2026-08-28T12:10:29.723984+00:00,AVAILABLE,4308,-1355,8
fp1sig-f75be2c89d4a4031f0e9200d,HJCSAWdQNgDr4rvBwj4SqWui59N7ShwjJYtCYnCupump,180,2026-08-28T12:11:29.723984+00:00,AVAILABLE,4308,-1355,8
fp1sig-f75be2c89d4a4031f0e9200d,HJCSAWdQNgDr4rvBwj4SqWui59N7ShwjJYtCYnCupump,300,2026-08-28T12:13:29.723984+00:00,AVAILABLE,4308,-1355,8
fp1sig-f76511f3c699063c8bc65d45,ByA9tPdxfa2Bi6ekrKh5GcWXDw4ByWhrBPCq6WCYpump,5,2026-08-28T02:28:52.522426+00:00,AVAILABLE,2863,-1087,3
fp1sig-f76511f3c699063c8bc65d45,ByA9tPdxfa2Bi6ekrKh5GcWXDw4ByWhrBPCq6WCYpump,10,2026-08-28T02:28:57.522426+00:00,AVAILABLE,2863,-1087,3
fp1sig-f76511f3c699063c8bc65d45,ByA9tPdxfa2Bi6ekrKh5GcWXDw4ByWhrBPCq6WCYpump,15,2026-08-28T02:29:02.522426+00:00,AVAILABLE,2863,-1087,3
fp1sig-f76511f3c699063c8bc65d45,ByA9tPdxfa2Bi6ekrKh5GcWXDw4ByWhrBPCq6WCYpump,20,2026-08-28T02:29:07.522426+00:00,AVAILABLE,2863,-1087,3
fp1sig-f76511f3c699063c8bc65d45,ByA9tPdxfa2Bi6ekrKh5GcWXDw4ByWhrBPCq6WCYpump,30,2026-08-28T02:29:17.522426+00:00,AVAILABLE,2863,-1087,3
fp1sig-f76511f3c699063c8bc65d45,ByA9tPdxfa2Bi6ekrKh5GcWXDw4ByWhrBPCq6WCYpump,45,2026-08-28T02:29:32.522426+00:00,AVAILABLE,2863,-1087,3
fp1sig-f76511f3c699063c8bc65d45,ByA9tPdxfa2Bi6ekrKh5GcWXDw4ByWhrBPCq6WCYpump,60,2026-08-28T02:29:47.522426+00:00,AVAILABLE,2863,-4751,5
fp1sig-f76511f3c699063c8bc65d45,ByA9tPdxfa2Bi6ekrKh5GcWXDw4ByWhrBPCq6WCYpump,90,2026-08-28T02:30:17.522426+00:00,AVAILABLE,2863,-4751,10
fp1sig-f76511f3c699063c8bc65d45,ByA9tPdxfa2Bi6ekrKh5GcWXDw4ByWhrBPCq6WCYpump,120,2026-08-28T02:30:47.522426+00:00,AVAILABLE,2863,-4953,15
fp1sig-f76511f3c699063c8bc65d45,ByA9tPdxfa2Bi6ekrKh5GcWXDw4ByWhrBPCq6WCYpump,180,2026-08-28T02:31:47.522426+00:00,AVAILABLE,2863,-8229,31
fp1sig-f76511f3c699063c8bc65d45,ByA9tPdxfa2Bi6ekrKh5GcWXDw4ByWhrBPCq6WCYpump,300,2026-08-28T02:33:47.522426+00:00,AVAILABLE,2863,-9423,62
fp1sig-f77a467ebc12477bb4def2d7,FncMPqTzzC5yM2btBAXAfppvS2TAQyVSyNiFUu3Hpump,5,2026-08-27T18:19:32.147674+00:00,MISSING,,,0
fp1sig-f77a467ebc12477bb4def2d7,FncMPqTzzC5yM2btBAXAfppvS2TAQyVSyNiFUu3Hpump,10,2026-08-27T18:19:37.147674+00:00,MISSING,,,0
fp1sig-f77a467ebc12477bb4def2d7,FncMPqTzzC5yM2btBAXAfppvS2TAQyVSyNiFUu3Hpump,15,2026-08-27T18:19:42.147674+00:00,MISSING,,,0
fp1sig-f77a467ebc12477bb4def2d7,FncMPqTzzC5yM2btBAXAfppvS2TAQyVSyNiFUu3Hpump,20,2026-08-27T18:19:47.147674+00:00,AVAILABLE,3983,3983,1
fp1sig-f77a467ebc12477bb4def2d7,FncMPqTzzC5yM2btBAXAfppvS2TAQyVSyNiFUu3Hpump,30,2026-08-27T18:19:57.147674+00:00,AVAILABLE,3983,2688,2
fp1sig-f77a467ebc12477bb4def2d7,FncMPqTzzC5yM2btBAXAfppvS2TAQyVSyNiFUu3Hpump,45,2026-08-27T18:20:12.147674+00:00,AVAILABLE,7528,2297,5
fp1sig-f77a467ebc12477bb4def2d7,FncMPqTzzC5yM2btBAXAfppvS2TAQyVSyNiFUu3Hpump,60,2026-08-27T18:20:27.147674+00:00,AVAILABLE,7528,-4012,8
fp1sig-f77a467ebc12477bb4def2d7,FncMPqTzzC5yM2btBAXAfppvS2TAQyVSyNiFUu3Hpump,90,2026-08-27T18:20:57.147674+00:00,AVAILABLE,7528,-4012,12
fp1sig-f77a467ebc12477bb4def2d7,FncMPqTzzC5yM2btBAXAfppvS2TAQyVSyNiFUu3Hpump,120,2026-08-27T18:21:27.147674+00:00,AVAILABLE,7528,-4048,13
fp1sig-f77a467ebc12477bb4def2d7,FncMPqTzzC5yM2btBAXAfppvS2TAQyVSyNiFUu3Hpump,180,2026-08-27T18:22:27.147674+00:00,AVAILABLE,7528,-4048,13
fp1sig-f77a467ebc12477bb4def2d7,FncMPqTzzC5yM2btBAXAfppvS2TAQyVSyNiFUu3Hpump,300,2026-08-27T18:24:27.147674+00:00,AVAILABLE,7528,-4048,13
fp1sig-f7f216b4382701ab2a25458f,C8jgH1fabo86giahFTVfqob4FA6ZBKWN9fb8AE8Cpump,5,2026-08-28T05:58:06.522572+00:00,AVAILABLE,1931,1931,1
fp1sig-f7f216b4382701ab2a25458f,C8jgH1fabo86giahFTVfqob4FA6ZBKWN9fb8AE8Cpump,10,2026-08-28T05:58:11.522572+00:00,AVAILABLE,2416,1931,2
fp1sig-f7f216b4382701ab2a25458f,C8jgH1fabo86giahFTVfqob4FA6ZBKWN9fb8AE8Cpump,15,2026-08-28T05:58:16.522572+00:00,AVAILABLE,4845,1931,10
fp1sig-f7f216b4382701ab2a25458f,C8jgH1fabo86giahFTVfqob4FA6ZBKWN9fb8AE8Cpump,20,2026-08-28T05:58:21.522572+00:00,AVAILABLE,4852,1931,12
fp1sig-f7f216b4382701ab2a25458f,C8jgH1fabo86giahFTVfqob4FA6ZBKWN9fb8AE8Cpump,30,2026-08-28T05:58:31.522572+00:00,AVAILABLE,4852,1931,13
fp1sig-f7f216b4382701ab2a25458f,C8jgH1fabo86giahFTVfqob4FA6ZBKWN9fb8AE8Cpump,45,2026-08-28T05:58:46.522572+00:00,AVAILABLE,4852,1931,13
fp1sig-f7f216b4382701ab2a25458f,C8jgH1fabo86giahFTVfqob4FA6ZBKWN9fb8AE8Cpump,60,2026-08-28T05:59:01.522572+00:00,AVAILABLE,4867,1931,16
fp1sig-f7f216b4382701ab2a25458f,C8jgH1fabo86giahFTVfqob4FA6ZBKWN9fb8AE8Cpump,90,2026-08-28T05:59:31.522572+00:00,AVAILABLE,5631,434,54
fp1sig-f7f216b4382701ab2a25458f,C8jgH1fabo86giahFTVfqob4FA6ZBKWN9fb8AE8Cpump,120,2026-08-28T06:00:01.522572+00:00,AVAILABLE,5631,434,84
fp1sig-f7f216b4382701ab2a25458f,C8jgH1fabo86giahFTVfqob4FA6ZBKWN9fb8AE8Cpump,180,2026-08-28T06:01:01.522572+00:00,AVAILABLE,5631,434,139
fp1sig-f7f216b4382701ab2a25458f,C8jgH1fabo86giahFTVfqob4FA6ZBKWN9fb8AE8Cpump,300,2026-08-28T06:03:01.522572+00:00,AVAILABLE,5631,434,207
fp1sig-f8614f08563c2ef87c916eb9,ERH37a4qh3PVT7T5dEKubX3yAoxUndMKC8h2TPv8pump,5,2026-08-28T04:10:56.794044+00:00,AVAILABLE,-4557,-4557,1
fp1sig-f8614f08563c2ef87c916eb9,ERH37a4qh3PVT7T5dEKubX3yAoxUndMKC8h2TPv8pump,10,2026-08-28T04:11:01.794044+00:00,AVAILABLE,-4557,-5045,2
fp1sig-f8614f08563c2ef87c916eb9,ERH37a4qh3PVT7T5dEKubX3yAoxUndMKC8h2TPv8pump,15,2026-08-28T04:11:06.794044+00:00,AVAILABLE,-4557,-5097,3
fp1sig-f8614f08563c2ef87c916eb9,ERH37a4qh3PVT7T5dEKubX3yAoxUndMKC8h2TPv8pump,20,2026-08-28T04:11:11.794044+00:00,AVAILABLE,-3939,-5097,4
fp1sig-f8614f08563c2ef87c916eb9,ERH37a4qh3PVT7T5dEKubX3yAoxUndMKC8h2TPv8pump,30,2026-08-28T04:11:21.794044+00:00,AVAILABLE,-808,-5097,5
fp1sig-f8614f08563c2ef87c916eb9,ERH37a4qh3PVT7T5dEKubX3yAoxUndMKC8h2TPv8pump,45,2026-08-28T04:11:36.794044+00:00,AVAILABLE,-783,-5097,7
fp1sig-f8614f08563c2ef87c916eb9,ERH37a4qh3PVT7T5dEKubX3yAoxUndMKC8h2TPv8pump,60,2026-08-28T04:11:51.794044+00:00,AVAILABLE,-783,-6210,10
fp1sig-f8614f08563c2ef87c916eb9,ERH37a4qh3PVT7T5dEKubX3yAoxUndMKC8h2TPv8pump,90,2026-08-28T04:12:21.794044+00:00,AVAILABLE,-783,-7233,15
fp1sig-f8614f08563c2ef87c916eb9,ERH37a4qh3PVT7T5dEKubX3yAoxUndMKC8h2TPv8pump,120,2026-08-28T04:12:51.794044+00:00,AVAILABLE,-783,-8306,19
fp1sig-f8614f08563c2ef87c916eb9,ERH37a4qh3PVT7T5dEKubX3yAoxUndMKC8h2TPv8pump,180,2026-08-28T04:13:51.794044+00:00,AVAILABLE,-783,-8980,25
fp1sig-f8614f08563c2ef87c916eb9,ERH37a4qh3PVT7T5dEKubX3yAoxUndMKC8h2TPv8pump,300,2026-08-28T04:15:51.794044+00:00,AVAILABLE,-783,-8980,40
fp1sig-f8904b239f4ee81efd3e2183,D55AKnKsb2jSmH2X11NswA5EW45rJF9dkSJkj7Hipump,5,2026-08-28T05:46:52.021029+00:00,MISSING,,,0
fp1sig-f8904b239f4ee81efd3e2183,D55AKnKsb2jSmH2X11NswA5EW45rJF9dkSJkj7Hipump,10,2026-08-28T05:46:57.021029+00:00,MISSING,,,0
fp1sig-f8904b239f4ee81efd3e2183,D55AKnKsb2jSmH2X11NswA5EW45rJF9dkSJkj7Hipump,15,2026-08-28T05:47:02.021029+00:00,MISSING,,,0
fp1sig-f8904b239f4ee81efd3e2183,D55AKnKsb2jSmH2X11NswA5EW45rJF9dkSJkj7Hipump,20,2026-08-28T05:47:07.021029+00:00,AVAILABLE,547,547,1
fp1sig-f8904b239f4ee81efd3e2183,D55AKnKsb2jSmH2X11NswA5EW45rJF9dkSJkj7Hipump,30,2026-08-28T05:47:17.021029+00:00,AVAILABLE,1966,-311,8
fp1sig-f8904b239f4ee81efd3e2183,D55AKnKsb2jSmH2X11NswA5EW45rJF9dkSJkj7Hipump,45,2026-08-28T05:47:32.021029+00:00,AVAILABLE,1966,-311,13
fp1sig-f8904b239f4ee81efd3e2183,D55AKnKsb2jSmH2X11NswA5EW45rJF9dkSJkj7Hipump,60,2026-08-28T05:47:47.021029+00:00,AVAILABLE,1966,-311,15
fp1sig-f8904b239f4ee81efd3e2183,D55AKnKsb2jSmH2X11NswA5EW45rJF9dkSJkj7Hipump,90,2026-08-28T05:48:17.021029+00:00,AVAILABLE,1966,-311,18
fp1sig-f8904b239f4ee81efd3e2183,D55AKnKsb2jSmH2X11NswA5EW45rJF9dkSJkj7Hipump,120,2026-08-28T05:48:47.021029+00:00,AVAILABLE,3039,-311,21
fp1sig-f8904b239f4ee81efd3e2183,D55AKnKsb2jSmH2X11NswA5EW45rJF9dkSJkj7Hipump,180,2026-08-28T05:49:47.021029+00:00,AVAILABLE,3418,-2742,40
fp1sig-f8904b239f4ee81efd3e2183,D55AKnKsb2jSmH2X11NswA5EW45rJF9dkSJkj7Hipump,300,2026-08-28T05:51:47.021029+00:00,AVAILABLE,3418,-2935,42
fp1sig-f89f431f7a0846c6b8bfff63,29EESbSuFoCpkafKh5mmHCQPZLMDeG2mgqezVGrUpump,5,2026-08-28T04:17:19.721802+00:00,AVAILABLE,-4464,-4464,1
fp1sig-f89f431f7a0846c6b8bfff63,29EESbSuFoCpkafKh5mmHCQPZLMDeG2mgqezVGrUpump,10,2026-08-28T04:17:24.721802+00:00,AVAILABLE,-4464,-6615,2
fp1sig-f89f431f7a0846c6b8bfff63,29EESbSuFoCpkafKh5mmHCQPZLMDeG2mgqezVGrUpump,15,2026-08-28T04:17:29.721802+00:00,AVAILABLE,-4464,-6615,2
fp1sig-f89f431f7a0846c6b8bfff63,29EESbSuFoCpkafKh5mmHCQPZLMDeG2mgqezVGrUpump,20,2026-08-28T04:17:34.721802+00:00,AVAILABLE,-4464,-7273,6
fp1sig-f89f431f7a0846c6b8bfff63,29EESbSuFoCpkafKh5mmHCQPZLMDeG2mgqezVGrUpump,30,2026-08-28T04:17:44.721802+00:00,AVAILABLE,-4464,-7785,10
fp1sig-f89f431f7a0846c6b8bfff63,29EESbSuFoCpkafKh5mmHCQPZLMDeG2mgqezVGrUpump,45,2026-08-28T04:17:59.721802+00:00,AVAILABLE,-4464,-7785,15
fp1sig-f89f431f7a0846c6b8bfff63,29EESbSuFoCpkafKh5mmHCQPZLMDeG2mgqezVGrUpump,60,2026-08-28T04:18:14.721802+00:00,AVAILABLE,-4464,-8755,20
fp1sig-f89f431f7a0846c6b8bfff63,29EESbSuFoCpkafKh5mmHCQPZLMDeG2mgqezVGrUpump,90,2026-08-28T04:18:44.721802+00:00,AVAILABLE,-4464,-9026,23
fp1sig-f89f431f7a0846c6b8bfff63,29EESbSuFoCpkafKh5mmHCQPZLMDeG2mgqezVGrUpump,120,2026-08-28T04:19:14.721802+00:00,AVAILABLE,-4464,-9204,30
fp1sig-f89f431f7a0846c6b8bfff63,29EESbSuFoCpkafKh5mmHCQPZLMDeG2mgqezVGrUpump,180,2026-08-28T04:20:14.721802+00:00,AVAILABLE,-4464,-9870,67
fp1sig-f89f431f7a0846c6b8bfff63,29EESbSuFoCpkafKh5mmHCQPZLMDeG2mgqezVGrUpump,300,2026-08-28T04:22:14.721802+00:00,AVAILABLE,-4464,-9927,129
fp1sig-f8c9fb0692cb38343108011f,3weSYKH4sjb9MburxnkqpcJPxRK8SzQyzwwAp5FjNwWe,5,2026-08-28T12:10:38.093969+00:00,AVAILABLE,3164,1233,6
fp1sig-f8c9fb0692cb38343108011f,3weSYKH4sjb9MburxnkqpcJPxRK8SzQyzwwAp5FjNwWe,10,2026-08-28T12:10:43.093969+00:00,AVAILABLE,3164,1233,6
fp1sig-f8c9fb0692cb38343108011f,3weSYKH4sjb9MburxnkqpcJPxRK8SzQyzwwAp5FjNwWe,15,2026-08-28T12:10:48.093969+00:00,AVAILABLE,4486,1233,9
fp1sig-f8c9fb0692cb38343108011f,3weSYKH4sjb9MburxnkqpcJPxRK8SzQyzwwAp5FjNwWe,20,2026-08-28T12:10:53.093969+00:00,AVAILABLE,4486,1233,9
fp1sig-f8c9fb0692cb38343108011f,3weSYKH4sjb9MburxnkqpcJPxRK8SzQyzwwAp5FjNwWe,30,2026-08-28T12:11:03.093969+00:00,AVAILABLE,4486,1233,9
fp1sig-f8c9fb0692cb38343108011f,3weSYKH4sjb9MburxnkqpcJPxRK8SzQyzwwAp5FjNwWe,45,2026-08-28T12:11:18.093969+00:00,AVAILABLE,4548,1233,10
fp1sig-f8c9fb0692cb38343108011f,3weSYKH4sjb9MburxnkqpcJPxRK8SzQyzwwAp5FjNwWe,60,2026-08-28T12:11:33.093969+00:00,AVAILABLE,4548,1233,10
fp1sig-f8c9fb0692cb38343108011f,3weSYKH4sjb9MburxnkqpcJPxRK8SzQyzwwAp5FjNwWe,90,2026-08-28T12:12:03.093969+00:00,AVAILABLE,4548,1233,13
fp1sig-f8c9fb0692cb38343108011f,3weSYKH4sjb9MburxnkqpcJPxRK8SzQyzwwAp5FjNwWe,120,2026-08-28T12:12:33.093969+00:00,AVAILABLE,4548,1233,20
fp1sig-f8c9fb0692cb38343108011f,3weSYKH4sjb9MburxnkqpcJPxRK8SzQyzwwAp5FjNwWe,180,2026-08-28T12:13:33.093969+00:00,AVAILABLE,4548,1233,22
fp1sig-f8c9fb0692cb38343108011f,3weSYKH4sjb9MburxnkqpcJPxRK8SzQyzwwAp5FjNwWe,300,2026-08-28T12:15:33.093969+00:00,AVAILABLE,4548,-3956,41
fp1sig-f98aeef88621e1d397e3f599,8H9CxAksiU9Q4pDTetEgpPWPryvyqj7dFH1h4uQWpump,5,2026-08-28T00:24:39.745880+00:00,AVAILABLE,338,338,1
fp1sig-f98aeef88621e1d397e3f599,8H9CxAksiU9Q4pDTetEgpPWPryvyqj7dFH1h4uQWpump,10,2026-08-28T00:24:44.745880+00:00,AVAILABLE,338,-1574,3
fp1sig-f98aeef88621e1d397e3f599,8H9CxAksiU9Q4pDTetEgpPWPryvyqj7dFH1h4uQWpump,15,2026-08-28T00:24:49.745880+00:00,AVAILABLE,338,-1574,3
fp1sig-f98aeef88621e1d397e3f599,8H9CxAksiU9Q4pDTetEgpPWPryvyqj7dFH1h4uQWpump,20,2026-08-28T00:24:54.745880+00:00,AVAILABLE,338,-1574,3
fp1sig-f98aeef88621e1d397e3f599,8H9CxAksiU9Q4pDTetEgpPWPryvyqj7dFH1h4uQWpump,30,2026-08-28T00:25:04.745880+00:00,AVAILABLE,338,-1574,3
fp1sig-f98aeef88621e1d397e3f599,8H9CxAksiU9Q4pDTetEgpPWPryvyqj7dFH1h4uQWpump,45,2026-08-28T00:25:19.745880+00:00,AVAILABLE,338,-1574,3
fp1sig-f98aeef88621e1d397e3f599,8H9CxAksiU9Q4pDTetEgpPWPryvyqj7dFH1h4uQWpump,60,2026-08-28T00:25:34.745880+00:00,AVAILABLE,338,-1574,3
fp1sig-f98aeef88621e1d397e3f599,8H9CxAksiU9Q4pDTetEgpPWPryvyqj7dFH1h4uQWpump,90,2026-08-28T00:26:04.745880+00:00,AVAILABLE,338,-1574,3
fp1sig-f98aeef88621e1d397e3f599,8H9CxAksiU9Q4pDTetEgpPWPryvyqj7dFH1h4uQWpump,120,2026-08-28T00:26:34.745880+00:00,AVAILABLE,338,-1574,3
fp1sig-f98aeef88621e1d397e3f599,8H9CxAksiU9Q4pDTetEgpPWPryvyqj7dFH1h4uQWpump,180,2026-08-28T00:27:34.745880+00:00,AVAILABLE,338,-1574,3
fp1sig-f98aeef88621e1d397e3f599,8H9CxAksiU9Q4pDTetEgpPWPryvyqj7dFH1h4uQWpump,300,2026-08-28T00:29:34.745880+00:00,AVAILABLE,338,-1574,3
fp1sig-f9bb54bfa2629d1a6b0fa41b,AqD7AcVj4ubowtRpvCLfTLLAkeGxexsKHFnjohe1pump,5,2026-08-28T06:07:57.667741+00:00,AVAILABLE,-1306,-3191,5
fp1sig-f9bb54bfa2629d1a6b0fa41b,AqD7AcVj4ubowtRpvCLfTLLAkeGxexsKHFnjohe1pump,10,2026-08-28T06:08:02.667741+00:00,AVAILABLE,259,-3191,10
fp1sig-f9bb54bfa2629d1a6b0fa41b,AqD7AcVj4ubowtRpvCLfTLLAkeGxexsKHFnjohe1pump,15,2026-08-28T06:08:07.667741+00:00,AVAILABLE,259,-5255,17
fp1sig-f9bb54bfa2629d1a6b0fa41b,AqD7AcVj4ubowtRpvCLfTLLAkeGxexsKHFnjohe1pump,20,2026-08-28T06:08:12.667741+00:00,AVAILABLE,259,-5255,19
fp1sig-f9bb54bfa2629d1a6b0fa41b,AqD7AcVj4ubowtRpvCLfTLLAkeGxexsKHFnjohe1pump,30,2026-08-28T06:08:22.667741+00:00,AVAILABLE,259,-5255,25
fp1sig-f9bb54bfa2629d1a6b0fa41b,AqD7AcVj4ubowtRpvCLfTLLAkeGxexsKHFnjohe1pump,45,2026-08-28T06:08:37.667741+00:00,AVAILABLE,259,-7135,33
fp1sig-f9bb54bfa2629d1a6b0fa41b,AqD7AcVj4ubowtRpvCLfTLLAkeGxexsKHFnjohe1pump,60,2026-08-28T06:08:52.667741+00:00,AVAILABLE,259,-7135,51
fp1sig-f9bb54bfa2629d1a6b0fa41b,AqD7AcVj4ubowtRpvCLfTLLAkeGxexsKHFnjohe1pump,90,2026-08-28T06:09:22.667741+00:00,AVAILABLE,259,-7135,63
fp1sig-f9bb54bfa2629d1a6b0fa41b,AqD7AcVj4ubowtRpvCLfTLLAkeGxexsKHFnjohe1pump,120,2026-08-28T06:09:52.667741+00:00,AVAILABLE,259,-7135,73
fp1sig-f9bb54bfa2629d1a6b0fa41b,AqD7AcVj4ubowtRpvCLfTLLAkeGxexsKHFnjohe1pump,180,2026-08-28T06:10:52.667741+00:00,AVAILABLE,1033,-7614,96
fp1sig-f9bb54bfa2629d1a6b0fa41b,AqD7AcVj4ubowtRpvCLfTLLAkeGxexsKHFnjohe1pump,300,2026-08-28T06:12:52.667741+00:00,AVAILABLE,1033,-8803,123
fp1sig-f9c15b3ffc297ab33eb836b5,9r2cETdryH8NAKfDmiN4gjumkndH2zuJhq69BASjpump,5,2026-08-28T05:42:24.537517+00:00,AVAILABLE,603,243,5
fp1sig-f9c15b3ffc297ab33eb836b5,9r2cETdryH8NAKfDmiN4gjumkndH2zuJhq69BASjpump,10,2026-08-28T05:42:29.537517+00:00,AVAILABLE,603,243,5
fp1sig-f9c15b3ffc297ab33eb836b5,9r2cETdryH8NAKfDmiN4gjumkndH2zuJhq69BASjpump,15,2026-08-28T05:42:34.537517+00:00,AVAILABLE,603,243,5
fp1sig-f9c15b3ffc297ab33eb836b5,9r2cETdryH8NAKfDmiN4gjumkndH2zuJhq69BASjpump,20,2026-08-28T05:42:39.537517+00:00,AVAILABLE,603,243,5
fp1sig-f9c15b3ffc297ab33eb836b5,9r2cETdryH8NAKfDmiN4gjumkndH2zuJhq69BASjpump,30,2026-08-28T05:42:49.537517+00:00,AVAILABLE,649,243,6
fp1sig-f9c15b3ffc297ab33eb836b5,9r2cETdryH8NAKfDmiN4gjumkndH2zuJhq69BASjpump,45,2026-08-28T05:43:04.537517+00:00,AVAILABLE,649,243,6
fp1sig-f9c15b3ffc297ab33eb836b5,9r2cETdryH8NAKfDmiN4gjumkndH2zuJhq69BASjpump,60,2026-08-28T05:43:19.537517+00:00,AVAILABLE,649,243,6
fp1sig-f9c15b3ffc297ab33eb836b5,9r2cETdryH8NAKfDmiN4gjumkndH2zuJhq69BASjpump,90,2026-08-28T05:43:49.537517+00:00,AVAILABLE,5064,243,16
fp1sig-f9c15b3ffc297ab33eb836b5,9r2cETdryH8NAKfDmiN4gjumkndH2zuJhq69BASjpump,120,2026-08-28T05:44:19.537517+00:00,AVAILABLE,6438,243,25
fp1sig-f9c15b3ffc297ab33eb836b5,9r2cETdryH8NAKfDmiN4gjumkndH2zuJhq69BASjpump,180,2026-08-28T05:45:19.537517+00:00,AVAILABLE,12839,243,63
fp1sig-f9c15b3ffc297ab33eb836b5,9r2cETdryH8NAKfDmiN4gjumkndH2zuJhq69BASjpump,300,2026-08-28T05:47:19.537517+00:00,AVAILABLE,15163,243,78
fp1sig-f9c3a6517e46d7e72f071b9f,69MbvYEsxsYzDGEjZczLjN7GJVy4dv1CC3Esgq9Cpump,5,2026-08-27T21:00:51.942015+00:00,MISSING,,,0
fp1sig-f9c3a6517e46d7e72f071b9f,69MbvYEsxsYzDGEjZczLjN7GJVy4dv1CC3Esgq9Cpump,10,2026-08-27T21:00:56.942015+00:00,AVAILABLE,4460,4460,1
fp1sig-f9c3a6517e46d7e72f071b9f,69MbvYEsxsYzDGEjZczLjN7GJVy4dv1CC3Esgq9Cpump,15,2026-08-27T21:01:01.942015+00:00,AVAILABLE,4460,4460,1
fp1sig-f9c3a6517e46d7e72f071b9f,69MbvYEsxsYzDGEjZczLjN7GJVy4dv1CC3Esgq9Cpump,20,2026-08-27T21:01:06.942015+00:00,AVAILABLE,9542,4460,2
fp1sig-f9c3a6517e46d7e72f071b9f,69MbvYEsxsYzDGEjZczLjN7GJVy4dv1CC3Esgq9Cpump,30,2026-08-27T21:01:16.942015+00:00,AVAILABLE,15873,4460,3
fp1sig-f9c3a6517e46d7e72f071b9f,69MbvYEsxsYzDGEjZczLjN7GJVy4dv1CC3Esgq9Cpump,45,2026-08-27T21:01:31.942015+00:00,AVAILABLE,19607,4460,4
fp1sig-f9c3a6517e46d7e72f071b9f,69MbvYEsxsYzDGEjZczLjN7GJVy4dv1CC3Esgq9Cpump,60,2026-08-27T21:01:46.942015+00:00,AVAILABLE,25107,4460,6
fp1sig-f9c3a6517e46d7e72f071b9f,69MbvYEsxsYzDGEjZczLjN7GJVy4dv1CC3Esgq9Cpump,90,2026-08-27T21:02:16.942015+00:00,AVAILABLE,36482,4460,10
fp1sig-f9c3a6517e46d7e72f071b9f,69MbvYEsxsYzDGEjZczLjN7GJVy4dv1CC3Esgq9Cpump,120,2026-08-27T21:02:46.942015+00:00,AVAILABLE,36482,4460,13
fp1sig-f9c3a6517e46d7e72f071b9f,69MbvYEsxsYzDGEjZczLjN7GJVy4dv1CC3Esgq9Cpump,180,2026-08-27T21:03:46.942015+00:00,AVAILABLE,40836,4460,20
fp1sig-f9c3a6517e46d7e72f071b9f,69MbvYEsxsYzDGEjZczLjN7GJVy4dv1CC3Esgq9Cpump,300,2026-08-27T21:05:46.942015+00:00,AVAILABLE,40836,4460,24
fp1sig-fa014a95b0d2554ed5d05fe0,6F38NcwybnmwZajUkhjzZGPpru3iZEqD2HE3fLZupump,5,2026-08-28T02:47:27.362611+00:00,MISSING,,,0
fp1sig-fa014a95b0d2554ed5d05fe0,6F38NcwybnmwZajUkhjzZGPpru3iZEqD2HE3fLZupump,10,2026-08-28T02:47:32.362611+00:00,MISSING,,,0
fp1sig-fa014a95b0d2554ed5d05fe0,6F38NcwybnmwZajUkhjzZGPpru3iZEqD2HE3fLZupump,15,2026-08-28T02:47:37.362611+00:00,MISSING,,,0
fp1sig-fa014a95b0d2554ed5d05fe0,6F38NcwybnmwZajUkhjzZGPpru3iZEqD2HE3fLZupump,20,2026-08-28T02:47:42.362611+00:00,MISSING,,,0
fp1sig-fa014a95b0d2554ed5d05fe0,6F38NcwybnmwZajUkhjzZGPpru3iZEqD2HE3fLZupump,30,2026-08-28T02:47:52.362611+00:00,MISSING,,,0
fp1sig-fa014a95b0d2554ed5d05fe0,6F38NcwybnmwZajUkhjzZGPpru3iZEqD2HE3fLZupump,45,2026-08-28T02:48:07.362611+00:00,MISSING,,,0
fp1sig-fa014a95b0d2554ed5d05fe0,6F38NcwybnmwZajUkhjzZGPpru3iZEqD2HE3fLZupump,60,2026-08-28T02:48:22.362611+00:00,MISSING,,,0
fp1sig-fa014a95b0d2554ed5d05fe0,6F38NcwybnmwZajUkhjzZGPpru3iZEqD2HE3fLZupump,90,2026-08-28T02:48:52.362611+00:00,MISSING,,,0
fp1sig-fa014a95b0d2554ed5d05fe0,6F38NcwybnmwZajUkhjzZGPpru3iZEqD2HE3fLZupump,120,2026-08-28T02:49:22.362611+00:00,MISSING,,,0
fp1sig-fa014a95b0d2554ed5d05fe0,6F38NcwybnmwZajUkhjzZGPpru3iZEqD2HE3fLZupump,180,2026-08-28T02:50:22.362611+00:00,AVAILABLE,-91,-96,2
fp1sig-fa014a95b0d2554ed5d05fe0,6F38NcwybnmwZajUkhjzZGPpru3iZEqD2HE3fLZupump,300,2026-08-28T02:52:22.362611+00:00,AVAILABLE,-91,-96,2
fp1sig-fa3ec0852a92e5f69bef65e9,5aMWsfKE5zxUboUDcR6hGqhCTBdtrpWHqFGEyNzUpump,5,2026-08-28T04:54:50.016946+00:00,AVAILABLE,-722,-732,2
fp1sig-fa3ec0852a92e5f69bef65e9,5aMWsfKE5zxUboUDcR6hGqhCTBdtrpWHqFGEyNzUpump,10,2026-08-28T04:54:55.016946+00:00,AVAILABLE,-722,-1546,4
fp1sig-fa3ec0852a92e5f69bef65e9,5aMWsfKE5zxUboUDcR6hGqhCTBdtrpWHqFGEyNzUpump,15,2026-08-28T04:55:00.016946+00:00,AVAILABLE,-722,-1546,6
fp1sig-fa3ec0852a92e5f69bef65e9,5aMWsfKE5zxUboUDcR6hGqhCTBdtrpWHqFGEyNzUpump,20,2026-08-28T04:55:05.016946+00:00,AVAILABLE,-722,-1546,6
fp1sig-fa3ec0852a92e5f69bef65e9,5aMWsfKE5zxUboUDcR6hGqhCTBdtrpWHqFGEyNzUpump,30,2026-08-28T04:55:15.016946+00:00,AVAILABLE,-722,-2743,14
fp1sig-fa3ec0852a92e5f69bef65e9,5aMWsfKE5zxUboUDcR6hGqhCTBdtrpWHqFGEyNzUpump,45,2026-08-28T04:55:30.016946+00:00,AVAILABLE,-722,-3273,20
fp1sig-fa3ec0852a92e5f69bef65e9,5aMWsfKE5zxUboUDcR6hGqhCTBdtrpWHqFGEyNzUpump,60,2026-08-28T04:55:45.016946+00:00,AVAILABLE,-722,-3273,21
fp1sig-fa3ec0852a92e5f69bef65e9,5aMWsfKE5zxUboUDcR6hGqhCTBdtrpWHqFGEyNzUpump,90,2026-08-28T04:56:15.016946+00:00,AVAILABLE,-722,-3273,33
fp1sig-fa3ec0852a92e5f69bef65e9,5aMWsfKE5zxUboUDcR6hGqhCTBdtrpWHqFGEyNzUpump,120,2026-08-28T04:56:45.016946+00:00,AVAILABLE,-722,-3386,49
fp1sig-fa3ec0852a92e5f69bef65e9,5aMWsfKE5zxUboUDcR6hGqhCTBdtrpWHqFGEyNzUpump,180,2026-08-28T04:57:45.016946+00:00,AVAILABLE,-722,-3821,74
fp1sig-fa3ec0852a92e5f69bef65e9,5aMWsfKE5zxUboUDcR6hGqhCTBdtrpWHqFGEyNzUpump,300,2026-08-28T04:59:45.016946+00:00,AVAILABLE,-722,-3821,128
fp1sig-fa4b9357aaf44e52da8ea16c,HnbQcdPzJYNfLNLxDRBTdvNQ6WwEmTGFzYraorRopump,5,2026-08-27T23:43:35.468651+00:00,AVAILABLE,-2204,-3243,6
fp1sig-fa4b9357aaf44e52da8ea16c,HnbQcdPzJYNfLNLxDRBTdvNQ6WwEmTGFzYraorRopump,10,2026-08-27T23:43:40.468651+00:00,AVAILABLE,-2204,-3243,10
fp1sig-fa4b9357aaf44e52da8ea16c,HnbQcdPzJYNfLNLxDRBTdvNQ6WwEmTGFzYraorRopump,15,2026-08-27T23:43:45.468651+00:00,AVAILABLE,-2203,-4938,16
fp1sig-fa4b9357aaf44e52da8ea16c,HnbQcdPzJYNfLNLxDRBTdvNQ6WwEmTGFzYraorRopump,20,2026-08-27T23:43:50.468651+00:00,AVAILABLE,-2203,-4938,17
fp1sig-fa4b9357aaf44e52da8ea16c,HnbQcdPzJYNfLNLxDRBTdvNQ6WwEmTGFzYraorRopump,30,2026-08-27T23:44:00.468651+00:00,AVAILABLE,-2203,-5635,29
fp1sig-fa4b9357aaf44e52da8ea16c,HnbQcdPzJYNfLNLxDRBTdvNQ6WwEmTGFzYraorRopump,45,2026-08-27T23:44:15.468651+00:00,AVAILABLE,-2203,-5635,37
fp1sig-fa4b9357aaf44e52da8ea16c,HnbQcdPzJYNfLNLxDRBTdvNQ6WwEmTGFzYraorRopump,60,2026-08-27T23:44:30.468651+00:00,AVAILABLE,-2081,-5635,49
fp1sig-fa4b9357aaf44e52da8ea16c,HnbQcdPzJYNfLNLxDRBTdvNQ6WwEmTGFzYraorRopump,90,2026-08-27T23:45:00.468651+00:00,AVAILABLE,-2081,-6333,72
fp1sig-fa4b9357aaf44e52da8ea16c,HnbQcdPzJYNfLNLxDRBTdvNQ6WwEmTGFzYraorRopump,120,2026-08-27T23:45:30.468651+00:00,AVAILABLE,-2081,-7595,91
fp1sig-fa4b9357aaf44e52da8ea16c,HnbQcdPzJYNfLNLxDRBTdvNQ6WwEmTGFzYraorRopump,180,2026-08-27T23:46:30.468651+00:00,AVAILABLE,-2081,-7645,101
fp1sig-fa4b9357aaf44e52da8ea16c,HnbQcdPzJYNfLNLxDRBTdvNQ6WwEmTGFzYraorRopump,300,2026-08-27T23:48:30.468651+00:00,AVAILABLE,-429,-7645,113
fp1sig-faf22246e64c96f788104906,ELoNNVZXuGDi5r7x4EwHewwqaQdF3a5AvPDDdnmCBgrP,5,2026-08-28T06:14:09.877355+00:00,AVAILABLE,1042,59,9
fp1sig-faf22246e64c96f788104906,ELoNNVZXuGDi5r7x4EwHewwqaQdF3a5AvPDDdnmCBgrP,10,2026-08-28T06:14:14.877355+00:00,AVAILABLE,1192,59,14
fp1sig-faf22246e64c96f788104906,ELoNNVZXuGDi5r7x4EwHewwqaQdF3a5AvPDDdnmCBgrP,15,2026-08-28T06:14:19.877355+00:00,AVAILABLE,1192,-647,21
fp1sig-faf22246e64c96f788104906,ELoNNVZXuGDi5r7x4EwHewwqaQdF3a5AvPDDdnmCBgrP,20,2026-08-28T06:14:24.877355+00:00,AVAILABLE,1192,-863,25
fp1sig-faf22246e64c96f788104906,ELoNNVZXuGDi5r7x4EwHewwqaQdF3a5AvPDDdnmCBgrP,30,2026-08-28T06:14:34.877355+00:00,AVAILABLE,1192,-1030,35
fp1sig-faf22246e64c96f788104906,ELoNNVZXuGDi5r7x4EwHewwqaQdF3a5AvPDDdnmCBgrP,45,2026-08-28T06:14:49.877355+00:00,AVAILABLE,1192,-3008,48
fp1sig-faf22246e64c96f788104906,ELoNNVZXuGDi5r7x4EwHewwqaQdF3a5AvPDDdnmCBgrP,60,2026-08-28T06:15:04.877355+00:00,AVAILABLE,1192,-3008,73
fp1sig-faf22246e64c96f788104906,ELoNNVZXuGDi5r7x4EwHewwqaQdF3a5AvPDDdnmCBgrP,90,2026-08-28T06:15:34.877355+00:00,AVAILABLE,1192,-3008,98
fp1sig-faf22246e64c96f788104906,ELoNNVZXuGDi5r7x4EwHewwqaQdF3a5AvPDDdnmCBgrP,120,2026-08-28T06:16:04.877355+00:00,AVAILABLE,1192,-3008,133
fp1sig-faf22246e64c96f788104906,ELoNNVZXuGDi5r7x4EwHewwqaQdF3a5AvPDDdnmCBgrP,180,2026-08-28T06:17:04.877355+00:00,AVAILABLE,1192,-3008,206
fp1sig-faf22246e64c96f788104906,ELoNNVZXuGDi5r7x4EwHewwqaQdF3a5AvPDDdnmCBgrP,300,2026-08-28T06:19:04.877355+00:00,AVAILABLE,1192,-3299,248
fp1sig-fb376bb6f16ce92f309b9a5d,FxY9s97UjZqnscbqQsD61NfDxykYtoK5L2DWDE9xpump,5,2026-08-27T12:50:03.148504+00:00,AVAILABLE,-559,-599,2
fp1sig-fb376bb6f16ce92f309b9a5d,FxY9s97UjZqnscbqQsD61NfDxykYtoK5L2DWDE9xpump,10,2026-08-27T12:50:08.148504+00:00,AVAILABLE,-559,-599,2
fp1sig-fb376bb6f16ce92f309b9a5d,FxY9s97UjZqnscbqQsD61NfDxykYtoK5L2DWDE9xpump,15,2026-08-27T12:50:13.148504+00:00,AVAILABLE,-559,-3417,6
fp1sig-fb376bb6f16ce92f309b9a5d,FxY9s97UjZqnscbqQsD61NfDxykYtoK5L2DWDE9xpump,20,2026-08-27T12:50:18.148504+00:00,AVAILABLE,-112,-3417,8
fp1sig-fb376bb6f16ce92f309b9a5d,FxY9s97UjZqnscbqQsD61NfDxykYtoK5L2DWDE9xpump,30,2026-08-27T12:50:28.148504+00:00,AVAILABLE,-7,-3417,18
fp1sig-fb376bb6f16ce92f309b9a5d,FxY9s97UjZqnscbqQsD61NfDxykYtoK5L2DWDE9xpump,45,2026-08-27T12:50:43.148504+00:00,AVAILABLE,1253,-3417,40
fp1sig-fb376bb6f16ce92f309b9a5d,FxY9s97UjZqnscbqQsD61NfDxykYtoK5L2DWDE9xpump,60,2026-08-27T12:50:58.148504+00:00,AVAILABLE,1308,-3417,48
fp1sig-fb376bb6f16ce92f309b9a5d,FxY9s97UjZqnscbqQsD61NfDxykYtoK5L2DWDE9xpump,90,2026-08-27T12:51:28.148504+00:00,AVAILABLE,2239,-3417,71
fp1sig-fb376bb6f16ce92f309b9a5d,FxY9s97UjZqnscbqQsD61NfDxykYtoK5L2DWDE9xpump,120,2026-08-27T12:51:58.148504+00:00,AVAILABLE,2239,-3417,82
fp1sig-fb376bb6f16ce92f309b9a5d,FxY9s97UjZqnscbqQsD61NfDxykYtoK5L2DWDE9xpump,180,2026-08-27T12:52:58.148504+00:00,AVAILABLE,2239,-3417,112
fp1sig-fb376bb6f16ce92f309b9a5d,FxY9s97UjZqnscbqQsD61NfDxykYtoK5L2DWDE9xpump,300,2026-08-27T12:54:58.148504+00:00,AVAILABLE,2239,-3417,137
fp1sig-fc29fe6ed52cc15afc078956,4e86ZfHKM4hLPGJ1BJVetf5aDm67KKHXzotXbr4Bpump,5,2026-08-28T10:43:45.185167+00:00,AVAILABLE,-337,-2873,3
fp1sig-fc29fe6ed52cc15afc078956,4e86ZfHKM4hLPGJ1BJVetf5aDm67KKHXzotXbr4Bpump,10,2026-08-28T10:43:50.185167+00:00,AVAILABLE,626,-4380,6
fp1sig-fc29fe6ed52cc15afc078956,4e86ZfHKM4hLPGJ1BJVetf5aDm67KKHXzotXbr4Bpump,15,2026-08-28T10:43:55.185167+00:00,AVAILABLE,626,-6163,10
fp1sig-fc29fe6ed52cc15afc078956,4e86ZfHKM4hLPGJ1BJVetf5aDm67KKHXzotXbr4Bpump,20,2026-08-28T10:44:00.185167+00:00,AVAILABLE,626,-6349,13
fp1sig-fc29fe6ed52cc15afc078956,4e86ZfHKM4hLPGJ1BJVetf5aDm67KKHXzotXbr4Bpump,30,2026-08-28T10:44:10.185167+00:00,AVAILABLE,626,-8319,19
fp1sig-fc29fe6ed52cc15afc078956,4e86ZfHKM4hLPGJ1BJVetf5aDm67KKHXzotXbr4Bpump,45,2026-08-28T10:44:25.185167+00:00,AVAILABLE,626,-8321,20
fp1sig-fc29fe6ed52cc15afc078956,4e86ZfHKM4hLPGJ1BJVetf5aDm67KKHXzotXbr4Bpump,60,2026-08-28T10:44:40.185167+00:00,AVAILABLE,626,-8321,20
fp1sig-fc29fe6ed52cc15afc078956,4e86ZfHKM4hLPGJ1BJVetf5aDm67KKHXzotXbr4Bpump,90,2026-08-28T10:45:10.185167+00:00,AVAILABLE,626,-8990,33
fp1sig-fc29fe6ed52cc15afc078956,4e86ZfHKM4hLPGJ1BJVetf5aDm67KKHXzotXbr4Bpump,120,2026-08-28T10:45:40.185167+00:00,AVAILABLE,626,-9435,46
fp1sig-fc29fe6ed52cc15afc078956,4e86ZfHKM4hLPGJ1BJVetf5aDm67KKHXzotXbr4Bpump,180,2026-08-28T10:46:40.185167+00:00,AVAILABLE,626,-9735,66
fp1sig-fc29fe6ed52cc15afc078956,4e86ZfHKM4hLPGJ1BJVetf5aDm67KKHXzotXbr4Bpump,300,2026-08-28T10:48:40.185167+00:00,AVAILABLE,626,-9735,66
fp1sig-fc722cad5d2fc7d38901080c,82CFv3T6JB25xa5hp6dQdHgaSkMnSoDbt9QmnY2Vpump,5,2026-08-28T11:41:56.819890+00:00,AVAILABLE,2778,2656,2
fp1sig-fc722cad5d2fc7d38901080c,82CFv3T6JB25xa5hp6dQdHgaSkMnSoDbt9QmnY2Vpump,10,2026-08-28T11:42:01.819890+00:00,AVAILABLE,8138,2656,3
fp1sig-fc722cad5d2fc7d38901080c,82CFv3T6JB25xa5hp6dQdHgaSkMnSoDbt9QmnY2Vpump,15,2026-08-28T11:42:06.819890+00:00,AVAILABLE,8138,2656,4
fp1sig-fc722cad5d2fc7d38901080c,82CFv3T6JB25xa5hp6dQdHgaSkMnSoDbt9QmnY2Vpump,20,2026-08-28T11:42:11.819890+00:00,AVAILABLE,8138,107,5
fp1sig-fc722cad5d2fc7d38901080c,82CFv3T6JB25xa5hp6dQdHgaSkMnSoDbt9QmnY2Vpump,30,2026-08-28T11:42:21.819890+00:00,AVAILABLE,8138,-5268,7
fp1sig-fc722cad5d2fc7d38901080c,82CFv3T6JB25xa5hp6dQdHgaSkMnSoDbt9QmnY2Vpump,45,2026-08-28T11:42:36.819890+00:00,AVAILABLE,8138,-6217,8
fp1sig-fc722cad5d2fc7d38901080c,82CFv3T6JB25xa5hp6dQdHgaSkMnSoDbt9QmnY2Vpump,60,2026-08-28T11:42:51.819890+00:00,AVAILABLE,8138,-6505,10
fp1sig-fc722cad5d2fc7d38901080c,82CFv3T6JB25xa5hp6dQdHgaSkMnSoDbt9QmnY2Vpump,90,2026-08-28T11:43:21.819890+00:00,AVAILABLE,8138,-7259,16
fp1sig-fc722cad5d2fc7d38901080c,82CFv3T6JB25xa5hp6dQdHgaSkMnSoDbt9QmnY2Vpump,120,2026-08-28T11:43:51.819890+00:00,AVAILABLE,8138,-7259,21
fp1sig-fc722cad5d2fc7d38901080c,82CFv3T6JB25xa5hp6dQdHgaSkMnSoDbt9QmnY2Vpump,180,2026-08-28T11:44:51.819890+00:00,AVAILABLE,8138,-7259,26
fp1sig-fc722cad5d2fc7d38901080c,82CFv3T6JB25xa5hp6dQdHgaSkMnSoDbt9QmnY2Vpump,300,2026-08-28T11:46:51.819890+00:00,AVAILABLE,8138,-7259,33
fp1sig-fcfd1659c185086db8e0bb80,2GCB9y3H2Hyny8Ej74Xn66YYjHPWc8kmMh6G4hfWpump,5,2026-08-28T07:52:07.000766+00:00,AVAILABLE,-537,-2968,7
fp1sig-fcfd1659c185086db8e0bb80,2GCB9y3H2Hyny8Ej74Xn66YYjHPWc8kmMh6G4hfWpump,10,2026-08-28T07:52:12.000766+00:00,AVAILABLE,-537,-2968,8
fp1sig-fcfd1659c185086db8e0bb80,2GCB9y3H2Hyny8Ej74Xn66YYjHPWc8kmMh6G4hfWpump,15,2026-08-28T07:52:17.000766+00:00,AVAILABLE,3386,-2968,23
fp1sig-fcfd1659c185086db8e0bb80,2GCB9y3H2Hyny8Ej74Xn66YYjHPWc8kmMh6G4hfWpump,20,2026-08-28T07:52:22.000766+00:00,AVAILABLE,4149,-2968,25
fp1sig-fcfd1659c185086db8e0bb80,2GCB9y3H2Hyny8Ej74Xn66YYjHPWc8kmMh6G4hfWpump,30,2026-08-28T07:52:32.000766+00:00,AVAILABLE,8801,-2968,33
fp1sig-fcfd1659c185086db8e0bb80,2GCB9y3H2Hyny8Ej74Xn66YYjHPWc8kmMh6G4hfWpump,45,2026-08-28T07:52:47.000766+00:00,AVAILABLE,8801,-2968,53
fp1sig-fcfd1659c185086db8e0bb80,2GCB9y3H2Hyny8Ej74Xn66YYjHPWc8kmMh6G4hfWpump,60,2026-08-28T07:53:02.000766+00:00,AVAILABLE,8801,-2968,71
fp1sig-fcfd1659c185086db8e0bb80,2GCB9y3H2Hyny8Ej74Xn66YYjHPWc8kmMh6G4hfWpump,90,2026-08-28T07:53:32.000766+00:00,AVAILABLE,8801,-2968,99
fp1sig-fcfd1659c185086db8e0bb80,2GCB9y3H2Hyny8Ej74Xn66YYjHPWc8kmMh6G4hfWpump,120,2026-08-28T07:54:02.000766+00:00,AVAILABLE,8801,-3133,121
fp1sig-fcfd1659c185086db8e0bb80,2GCB9y3H2Hyny8Ej74Xn66YYjHPWc8kmMh6G4hfWpump,180,2026-08-28T07:55:02.000766+00:00,AVAILABLE,8801,-3133,169
fp1sig-fcfd1659c185086db8e0bb80,2GCB9y3H2Hyny8Ej74Xn66YYjHPWc8kmMh6G4hfWpump,300,2026-08-28T07:57:02.000766+00:00,AVAILABLE,8801,-3133,229
fp1sig-fd328e02c82cc6bfcbe38f61,HSjmLQf6wkbcaJqx8JbEzjVPvonLgJUWHhTrNAyrpump,5,2026-08-28T06:18:01.975745+00:00,AVAILABLE,-640,-1287,2
fp1sig-fd328e02c82cc6bfcbe38f61,HSjmLQf6wkbcaJqx8JbEzjVPvonLgJUWHhTrNAyrpump,10,2026-08-28T06:18:06.975745+00:00,AVAILABLE,-640,-1287,3
fp1sig-fd328e02c82cc6bfcbe38f61,HSjmLQf6wkbcaJqx8JbEzjVPvonLgJUWHhTrNAyrpump,15,2026-08-28T06:18:11.975745+00:00,AVAILABLE,173,-1287,8
fp1sig-fd328e02c82cc6bfcbe38f61,HSjmLQf6wkbcaJqx8JbEzjVPvonLgJUWHhTrNAyrpump,20,2026-08-28T06:18:16.975745+00:00,AVAILABLE,3465,-1287,15
fp1sig-fd328e02c82cc6bfcbe38f61,HSjmLQf6wkbcaJqx8JbEzjVPvonLgJUWHhTrNAyrpump,30,2026-08-28T06:18:26.975745+00:00,AVAILABLE,3840,-1287,17
fp1sig-fd328e02c82cc6bfcbe38f61,HSjmLQf6wkbcaJqx8JbEzjVPvonLgJUWHhTrNAyrpump,45,2026-08-28T06:18:41.975745+00:00,AVAILABLE,3840,-1287,30
fp1sig-fd328e02c82cc6bfcbe38f61,HSjmLQf6wkbcaJqx8JbEzjVPvonLgJUWHhTrNAyrpump,60,2026-08-28T06:18:56.975745+00:00,AVAILABLE,3840,-1287,32
fp1sig-fd328e02c82cc6bfcbe38f61,HSjmLQf6wkbcaJqx8JbEzjVPvonLgJUWHhTrNAyrpump,90,2026-08-28T06:19:26.975745+00:00,AVAILABLE,4116,-1287,57
fp1sig-fd328e02c82cc6bfcbe38f61,HSjmLQf6wkbcaJqx8JbEzjVPvonLgJUWHhTrNAyrpump,120,2026-08-28T06:19:56.975745+00:00,AVAILABLE,4116,-3653,83
fp1sig-fd328e02c82cc6bfcbe38f61,HSjmLQf6wkbcaJqx8JbEzjVPvonLgJUWHhTrNAyrpump,180,2026-08-28T06:20:56.975745+00:00,AVAILABLE,4116,-3726,87
fp1sig-fd328e02c82cc6bfcbe38f61,HSjmLQf6wkbcaJqx8JbEzjVPvonLgJUWHhTrNAyrpump,300,2026-08-28T06:22:56.975745+00:00,AVAILABLE,4116,-4315,96
fp1sig-fda268a0c9e8b71cc9d4fa5f,3b5XP821dW1X34G5UChGYcZe57TKy2Ray2KCkvXMpump,5,2026-08-28T08:19:12.494546+00:00,AVAILABLE,-1512,-3539,2
fp1sig-fda268a0c9e8b71cc9d4fa5f,3b5XP821dW1X34G5UChGYcZe57TKy2Ray2KCkvXMpump,10,2026-08-28T08:19:17.494546+00:00,AVAILABLE,-1512,-4742,4
fp1sig-fda268a0c9e8b71cc9d4fa5f,3b5XP821dW1X34G5UChGYcZe57TKy2Ray2KCkvXMpump,15,2026-08-28T08:19:22.494546+00:00,AVAILABLE,-1512,-4742,5
fp1sig-fda268a0c9e8b71cc9d4fa5f,3b5XP821dW1X34G5UChGYcZe57TKy2Ray2KCkvXMpump,20,2026-08-28T08:19:27.494546+00:00,AVAILABLE,-1512,-4742,7
fp1sig-fda268a0c9e8b71cc9d4fa5f,3b5XP821dW1X34G5UChGYcZe57TKy2Ray2KCkvXMpump,30,2026-08-28T08:19:37.494546+00:00,AVAILABLE,-1512,-5154,12
fp1sig-fda268a0c9e8b71cc9d4fa5f,3b5XP821dW1X34G5UChGYcZe57TKy2Ray2KCkvXMpump,45,2026-08-28T08:19:52.494546+00:00,AVAILABLE,-1512,-6878,22
fp1sig-fda268a0c9e8b71cc9d4fa5f,3b5XP821dW1X34G5UChGYcZe57TKy2Ray2KCkvXMpump,60,2026-08-28T08:20:07.494546+00:00,AVAILABLE,-1512,-7779,26
fp1sig-fda268a0c9e8b71cc9d4fa5f,3b5XP821dW1X34G5UChGYcZe57TKy2Ray2KCkvXMpump,90,2026-08-28T08:20:37.494546+00:00,AVAILABLE,-1512,-7779,26
fp1sig-fda268a0c9e8b71cc9d4fa5f,3b5XP821dW1X34G5UChGYcZe57TKy2Ray2KCkvXMpump,120,2026-08-28T08:21:07.494546+00:00,AVAILABLE,-1512,-7779,26
fp1sig-fda268a0c9e8b71cc9d4fa5f,3b5XP821dW1X34G5UChGYcZe57TKy2Ray2KCkvXMpump,180,2026-08-28T08:22:07.494546+00:00,AVAILABLE,-1512,-7779,26
fp1sig-fda268a0c9e8b71cc9d4fa5f,3b5XP821dW1X34G5UChGYcZe57TKy2Ray2KCkvXMpump,300,2026-08-28T08:24:07.494546+00:00,AVAILABLE,-1512,-7779,26
fp1sig-fdab6b1ae0f1cbca8162d060,JB9pbBCPAcS5JAyFVrkmok3ZETiUZ3k5qrrqUKdhpump,5,2026-08-28T03:35:43.591085+00:00,AVAILABLE,1207,1207,1
fp1sig-fdab6b1ae0f1cbca8162d060,JB9pbBCPAcS5JAyFVrkmok3ZETiUZ3k5qrrqUKdhpump,10,2026-08-28T03:35:48.591085+00:00,AVAILABLE,1864,-951,3
fp1sig-fdab6b1ae0f1cbca8162d060,JB9pbBCPAcS5JAyFVrkmok3ZETiUZ3k5qrrqUKdhpump,15,2026-08-28T03:35:53.591085+00:00,AVAILABLE,1864,-951,4
fp1sig-fdab6b1ae0f1cbca8162d060,JB9pbBCPAcS5JAyFVrkmok3ZETiUZ3k5qrrqUKdhpump,20,2026-08-28T03:35:58.591085+00:00,AVAILABLE,1864,-3555,5
fp1sig-fdab6b1ae0f1cbca8162d060,JB9pbBCPAcS5JAyFVrkmok3ZETiUZ3k5qrrqUKdhpump,30,2026-08-28T03:36:08.591085+00:00,AVAILABLE,1864,-5203,7
fp1sig-fdab6b1ae0f1cbca8162d060,JB9pbBCPAcS5JAyFVrkmok3ZETiUZ3k5qrrqUKdhpump,45,2026-08-28T03:36:23.591085+00:00,AVAILABLE,1864,-7236,10
fp1sig-fdab6b1ae0f1cbca8162d060,JB9pbBCPAcS5JAyFVrkmok3ZETiUZ3k5qrrqUKdhpump,60,2026-08-28T03:36:38.591085+00:00,AVAILABLE,1864,-7243,14
fp1sig-fdab6b1ae0f1cbca8162d060,JB9pbBCPAcS5JAyFVrkmok3ZETiUZ3k5qrrqUKdhpump,90,2026-08-28T03:37:08.591085+00:00,AVAILABLE,1864,-7761,22
fp1sig-fdab6b1ae0f1cbca8162d060,JB9pbBCPAcS5JAyFVrkmok3ZETiUZ3k5qrrqUKdhpump,120,2026-08-28T03:37:38.591085+00:00,AVAILABLE,1864,-7761,27
fp1sig-fdab6b1ae0f1cbca8162d060,JB9pbBCPAcS5JAyFVrkmok3ZETiUZ3k5qrrqUKdhpump,180,2026-08-28T03:38:38.591085+00:00,AVAILABLE,1864,-7934,41
fp1sig-fdab6b1ae0f1cbca8162d060,JB9pbBCPAcS5JAyFVrkmok3ZETiUZ3k5qrrqUKdhpump,300,2026-08-28T03:40:38.591085+00:00,AVAILABLE,1864,-8568,59
fp1sig-fdc377c2629ac895ccd684bb,AMfTPMS3hjNJGTXxk726np883wNtz5MH2V1m1rzQpump,5,2026-08-28T06:26:13.213021+00:00,MISSING,,,0
fp1sig-fdc377c2629ac895ccd684bb,AMfTPMS3hjNJGTXxk726np883wNtz5MH2V1m1rzQpump,10,2026-08-28T06:26:18.213021+00:00,AVAILABLE,-4243,-4749,2
fp1sig-fdc377c2629ac895ccd684bb,AMfTPMS3hjNJGTXxk726np883wNtz5MH2V1m1rzQpump,15,2026-08-28T06:26:23.213021+00:00,AVAILABLE,-3026,-4749,3
fp1sig-fdc377c2629ac895ccd684bb,AMfTPMS3hjNJGTXxk726np883wNtz5MH2V1m1rzQpump,20,2026-08-28T06:26:28.213021+00:00,AVAILABLE,-3026,-4749,3
fp1sig-fdc377c2629ac895ccd684bb,AMfTPMS3hjNJGTXxk726np883wNtz5MH2V1m1rzQpump,30,2026-08-28T06:26:38.213021+00:00,AVAILABLE,492,-4749,6
fp1sig-fdc377c2629ac895ccd684bb,AMfTPMS3hjNJGTXxk726np883wNtz5MH2V1m1rzQpump,45,2026-08-28T06:26:53.213021+00:00,AVAILABLE,5915,-4749,8
fp1sig-fdc377c2629ac895ccd684bb,AMfTPMS3hjNJGTXxk726np883wNtz5MH2V1m1rzQpump,60,2026-08-28T06:27:08.213021+00:00,AVAILABLE,6059,-4749,12
fp1sig-fdc377c2629ac895ccd684bb,AMfTPMS3hjNJGTXxk726np883wNtz5MH2V1m1rzQpump,90,2026-08-28T06:27:38.213021+00:00,AVAILABLE,6059,-4749,19
fp1sig-fdc377c2629ac895ccd684bb,AMfTPMS3hjNJGTXxk726np883wNtz5MH2V1m1rzQpump,120,2026-08-28T06:28:08.213021+00:00,AVAILABLE,6059,-4749,24
fp1sig-fdc377c2629ac895ccd684bb,AMfTPMS3hjNJGTXxk726np883wNtz5MH2V1m1rzQpump,180,2026-08-28T06:29:08.213021+00:00,AVAILABLE,13892,-4749,35
fp1sig-fdc377c2629ac895ccd684bb,AMfTPMS3hjNJGTXxk726np883wNtz5MH2V1m1rzQpump,300,2026-08-28T06:31:08.213021+00:00,AVAILABLE,13892,-4749,37
fp1sig-fdc9e74be4653145123e5b31,MiQ1dR3L3aSGxRhFCqBuzp8ySioan3VdBrztAi4pump,5,2026-08-28T09:38:07.243990+00:00,AVAILABLE,1038,-31,17
fp1sig-fdc9e74be4653145123e5b31,MiQ1dR3L3aSGxRhFCqBuzp8ySioan3VdBrztAi4pump,10,2026-08-28T09:38:12.243990+00:00,AVAILABLE,1107,-31,18
fp1sig-fdc9e74be4653145123e5b31,MiQ1dR3L3aSGxRhFCqBuzp8ySioan3VdBrztAi4pump,15,2026-08-28T09:38:17.243990+00:00,AVAILABLE,1411,-31,25
fp1sig-fdc9e74be4653145123e5b31,MiQ1dR3L3aSGxRhFCqBuzp8ySioan3VdBrztAi4pump,20,2026-08-28T09:38:22.243990+00:00,AVAILABLE,1411,-31,25
fp1sig-fdc9e74be4653145123e5b31,MiQ1dR3L3aSGxRhFCqBuzp8ySioan3VdBrztAi4pump,30,2026-08-28T09:38:32.243990+00:00,AVAILABLE,5204,-31,53
fp1sig-fdc9e74be4653145123e5b31,MiQ1dR3L3aSGxRhFCqBuzp8ySioan3VdBrztAi4pump,45,2026-08-28T09:38:47.243990+00:00,AVAILABLE,5347,-31,81
fp1sig-fdc9e74be4653145123e5b31,MiQ1dR3L3aSGxRhFCqBuzp8ySioan3VdBrztAi4pump,60,2026-08-28T09:39:02.243990+00:00,AVAILABLE,5347,-31,96
fp1sig-fdc9e74be4653145123e5b31,MiQ1dR3L3aSGxRhFCqBuzp8ySioan3VdBrztAi4pump,90,2026-08-28T09:39:32.243990+00:00,AVAILABLE,7011,-31,140
fp1sig-fdc9e74be4653145123e5b31,MiQ1dR3L3aSGxRhFCqBuzp8ySioan3VdBrztAi4pump,120,2026-08-28T09:40:02.243990+00:00,AVAILABLE,7011,-31,169
fp1sig-fdc9e74be4653145123e5b31,MiQ1dR3L3aSGxRhFCqBuzp8ySioan3VdBrztAi4pump,180,2026-08-28T09:41:02.243990+00:00,AVAILABLE,7011,-31,195
fp1sig-fdc9e74be4653145123e5b31,MiQ1dR3L3aSGxRhFCqBuzp8ySioan3VdBrztAi4pump,300,2026-08-28T09:43:02.243990+00:00,AVAILABLE,7011,-31,219
fp1sig-fe6a460bb2e6799d52494f3b,9k6xegkDJiMPsZHjvTjkQQ4JsePSc5DTru8WeWnwpump,5,2026-08-27T13:42:24.527034+00:00,MISSING,,,0
fp1sig-fe6a460bb2e6799d52494f3b,9k6xegkDJiMPsZHjvTjkQQ4JsePSc5DTru8WeWnwpump,10,2026-08-27T13:42:29.527034+00:00,MISSING,,,0
fp1sig-fe6a460bb2e6799d52494f3b,9k6xegkDJiMPsZHjvTjkQQ4JsePSc5DTru8WeWnwpump,15,2026-08-27T13:42:34.527034+00:00,AVAILABLE,-1647,-1647,1
fp1sig-fe6a460bb2e6799d52494f3b,9k6xegkDJiMPsZHjvTjkQQ4JsePSc5DTru8WeWnwpump,20,2026-08-27T13:42:39.527034+00:00,AVAILABLE,-1647,-1647,1
fp1sig-fe6a460bb2e6799d52494f3b,9k6xegkDJiMPsZHjvTjkQQ4JsePSc5DTru8WeWnwpump,30,2026-08-27T13:42:49.527034+00:00,AVAILABLE,-1647,-3898,2
fp1sig-fe6a460bb2e6799d52494f3b,9k6xegkDJiMPsZHjvTjkQQ4JsePSc5DTru8WeWnwpump,45,2026-08-27T13:43:04.527034+00:00,AVAILABLE,-1647,-3898,2
fp1sig-fe6a460bb2e6799d52494f3b,9k6xegkDJiMPsZHjvTjkQQ4JsePSc5DTru8WeWnwpump,60,2026-08-27T13:43:19.527034+00:00,AVAILABLE,-1647,-5594,3
fp1sig-fe6a460bb2e6799d52494f3b,9k6xegkDJiMPsZHjvTjkQQ4JsePSc5DTru8WeWnwpump,90,2026-08-27T13:43:49.527034+00:00,AVAILABLE,-1647,-5594,5
fp1sig-fe6a460bb2e6799d52494f3b,9k6xegkDJiMPsZHjvTjkQQ4JsePSc5DTru8WeWnwpump,120,2026-08-27T13:44:19.527034+00:00,AVAILABLE,-1647,-5594,6
fp1sig-fe6a460bb2e6799d52494f3b,9k6xegkDJiMPsZHjvTjkQQ4JsePSc5DTru8WeWnwpump,180,2026-08-27T13:45:19.527034+00:00,AVAILABLE,-1647,-5594,6
fp1sig-fe6a460bb2e6799d52494f3b,9k6xegkDJiMPsZHjvTjkQQ4JsePSc5DTru8WeWnwpump,300,2026-08-27T13:47:19.527034+00:00,AVAILABLE,-1647,-5594,6
fp1sig-ff24488d4687a0d09eec86d9,D7quj7UTHuDbTePEuWbxVqzDgYwBy67dRnV3TGe9pump,5,2026-08-28T07:28:21.819725+00:00,AVAILABLE,767,767,1
fp1sig-ff24488d4687a0d09eec86d9,D7quj7UTHuDbTePEuWbxVqzDgYwBy67dRnV3TGe9pump,10,2026-08-28T07:28:26.819725+00:00,AVAILABLE,767,767,1
fp1sig-ff24488d4687a0d09eec86d9,D7quj7UTHuDbTePEuWbxVqzDgYwBy67dRnV3TGe9pump,15,2026-08-28T07:28:31.819725+00:00,AVAILABLE,773,767,2
fp1sig-ff24488d4687a0d09eec86d9,D7quj7UTHuDbTePEuWbxVqzDgYwBy67dRnV3TGe9pump,20,2026-08-28T07:28:36.819725+00:00,AVAILABLE,773,767,2
fp1sig-ff24488d4687a0d09eec86d9,D7quj7UTHuDbTePEuWbxVqzDgYwBy67dRnV3TGe9pump,30,2026-08-28T07:28:46.819725+00:00,AVAILABLE,773,767,2
fp1sig-ff24488d4687a0d09eec86d9,D7quj7UTHuDbTePEuWbxVqzDgYwBy67dRnV3TGe9pump,45,2026-08-28T07:29:01.819725+00:00,AVAILABLE,773,476,3
fp1sig-ff24488d4687a0d09eec86d9,D7quj7UTHuDbTePEuWbxVqzDgYwBy67dRnV3TGe9pump,60,2026-08-28T07:29:16.819725+00:00,AVAILABLE,773,476,3
fp1sig-ff24488d4687a0d09eec86d9,D7quj7UTHuDbTePEuWbxVqzDgYwBy67dRnV3TGe9pump,90,2026-08-28T07:29:46.819725+00:00,AVAILABLE,773,400,6
fp1sig-ff24488d4687a0d09eec86d9,D7quj7UTHuDbTePEuWbxVqzDgYwBy67dRnV3TGe9pump,120,2026-08-28T07:30:16.819725+00:00,AVAILABLE,773,400,6
fp1sig-ff24488d4687a0d09eec86d9,D7quj7UTHuDbTePEuWbxVqzDgYwBy67dRnV3TGe9pump,180,2026-08-28T07:31:16.819725+00:00,AVAILABLE,773,400,6
fp1sig-ff24488d4687a0d09eec86d9,D7quj7UTHuDbTePEuWbxVqzDgYwBy67dRnV3TGe9pump,300,2026-08-28T07:33:16.819725+00:00,AVAILABLE,773,400,6
fp1sig-ff32084bf68f1575c1fd013e,9oPkEdUJMFfRhyhwvz4Az3vwUwtrd895EYkXDnTzpump,5,2026-08-27T19:07:33.605974+00:00,MISSING,,,0
fp1sig-ff32084bf68f1575c1fd013e,9oPkEdUJMFfRhyhwvz4Az3vwUwtrd895EYkXDnTzpump,10,2026-08-27T19:07:38.605974+00:00,AVAILABLE,1778,0,4
fp1sig-ff32084bf68f1575c1fd013e,9oPkEdUJMFfRhyhwvz4Az3vwUwtrd895EYkXDnTzpump,15,2026-08-27T19:07:43.605974+00:00,AVAILABLE,1778,0,6
fp1sig-ff32084bf68f1575c1fd013e,9oPkEdUJMFfRhyhwvz4Az3vwUwtrd895EYkXDnTzpump,20,2026-08-27T19:07:48.605974+00:00,AVAILABLE,1859,0,7
fp1sig-ff32084bf68f1575c1fd013e,9oPkEdUJMFfRhyhwvz4Az3vwUwtrd895EYkXDnTzpump,30,2026-08-27T19:07:58.605974+00:00,AVAILABLE,3517,0,14
fp1sig-ff32084bf68f1575c1fd013e,9oPkEdUJMFfRhyhwvz4Az3vwUwtrd895EYkXDnTzpump,45,2026-08-27T19:08:13.605974+00:00,AVAILABLE,3517,0,18
fp1sig-ff32084bf68f1575c1fd013e,9oPkEdUJMFfRhyhwvz4Az3vwUwtrd895EYkXDnTzpump,60,2026-08-27T19:08:28.605974+00:00,AVAILABLE,3517,-775,21
fp1sig-ff32084bf68f1575c1fd013e,9oPkEdUJMFfRhyhwvz4Az3vwUwtrd895EYkXDnTzpump,90,2026-08-27T19:08:58.605974+00:00,AVAILABLE,3517,-775,23
fp1sig-ff32084bf68f1575c1fd013e,9oPkEdUJMFfRhyhwvz4Az3vwUwtrd895EYkXDnTzpump,120,2026-08-27T19:09:28.605974+00:00,AVAILABLE,3517,-775,26
fp1sig-ff32084bf68f1575c1fd013e,9oPkEdUJMFfRhyhwvz4Az3vwUwtrd895EYkXDnTzpump,180,2026-08-27T19:10:28.605974+00:00,AVAILABLE,3517,-3772,46
fp1sig-ff32084bf68f1575c1fd013e,9oPkEdUJMFfRhyhwvz4Az3vwUwtrd895EYkXDnTzpump,300,2026-08-27T19:12:28.605974+00:00,AVAILABLE,3658,-4170,77
fp1sig-ffaa98604cb68011a51ceb7a,4f5WLKMa8JyWM4nnWo8uDezDjCo6jsKntZje337xpump,5,2026-08-27T20:00:02.451457+00:00,AVAILABLE,201,201,1
fp1sig-ffaa98604cb68011a51ceb7a,4f5WLKMa8JyWM4nnWo8uDezDjCo6jsKntZje337xpump,10,2026-08-27T20:00:07.451457+00:00,AVAILABLE,201,-495,2
fp1sig-ffaa98604cb68011a51ceb7a,4f5WLKMa8JyWM4nnWo8uDezDjCo6jsKntZje337xpump,15,2026-08-27T20:00:12.451457+00:00,AVAILABLE,201,-495,2
fp1sig-ffaa98604cb68011a51ceb7a,4f5WLKMa8JyWM4nnWo8uDezDjCo6jsKntZje337xpump,20,2026-08-27T20:00:17.451457+00:00,AVAILABLE,201,-622,4
fp1sig-ffaa98604cb68011a51ceb7a,4f5WLKMa8JyWM4nnWo8uDezDjCo6jsKntZje337xpump,30,2026-08-27T20:00:27.451457+00:00,AVAILABLE,201,-1091,6
fp1sig-ffaa98604cb68011a51ceb7a,4f5WLKMa8JyWM4nnWo8uDezDjCo6jsKntZje337xpump,45,2026-08-27T20:00:42.451457+00:00,AVAILABLE,201,-1091,6
fp1sig-ffaa98604cb68011a51ceb7a,4f5WLKMa8JyWM4nnWo8uDezDjCo6jsKntZje337xpump,60,2026-08-27T20:00:57.451457+00:00,AVAILABLE,201,-1511,9
fp1sig-ffaa98604cb68011a51ceb7a,4f5WLKMa8JyWM4nnWo8uDezDjCo6jsKntZje337xpump,90,2026-08-27T20:01:27.451457+00:00,AVAILABLE,201,-2519,14
fp1sig-ffaa98604cb68011a51ceb7a,4f5WLKMa8JyWM4nnWo8uDezDjCo6jsKntZje337xpump,120,2026-08-27T20:01:57.451457+00:00,AVAILABLE,201,-2519,20
fp1sig-ffaa98604cb68011a51ceb7a,4f5WLKMa8JyWM4nnWo8uDezDjCo6jsKntZje337xpump,180,2026-08-27T20:02:57.451457+00:00,AVAILABLE,2057,-2519,33
fp1sig-ffaa98604cb68011a51ceb7a,4f5WLKMa8JyWM4nnWo8uDezDjCo6jsKntZje337xpump,300,2026-08-27T20:04:57.451457+00:00,AVAILABLE,2057,-2519,33
fp1sig-ffc84b64219582b39608cbcb,4bMZvdJyyMCENC34SwcuGypbTtVJVnwFiDoD8oYYpump,5,2026-08-28T11:06:03.763498+00:00,AVAILABLE,-2138,-3049,3
fp1sig-ffc84b64219582b39608cbcb,4bMZvdJyyMCENC34SwcuGypbTtVJVnwFiDoD8oYYpump,10,2026-08-28T11:06:08.763498+00:00,AVAILABLE,-2138,-3349,4
fp1sig-ffc84b64219582b39608cbcb,4bMZvdJyyMCENC34SwcuGypbTtVJVnwFiDoD8oYYpump,15,2026-08-28T11:06:13.763498+00:00,AVAILABLE,-2138,-3349,5
fp1sig-ffc84b64219582b39608cbcb,4bMZvdJyyMCENC34SwcuGypbTtVJVnwFiDoD8oYYpump,20,2026-08-28T11:06:18.763498+00:00,AVAILABLE,-2138,-3349,5
fp1sig-ffc84b64219582b39608cbcb,4bMZvdJyyMCENC34SwcuGypbTtVJVnwFiDoD8oYYpump,30,2026-08-28T11:06:28.763498+00:00,AVAILABLE,-2138,-3557,7
fp1sig-ffc84b64219582b39608cbcb,4bMZvdJyyMCENC34SwcuGypbTtVJVnwFiDoD8oYYpump,45,2026-08-28T11:06:43.763498+00:00,AVAILABLE,-2138,-3557,7
fp1sig-ffc84b64219582b39608cbcb,4bMZvdJyyMCENC34SwcuGypbTtVJVnwFiDoD8oYYpump,60,2026-08-28T11:06:58.763498+00:00,AVAILABLE,-2138,-3578,8
fp1sig-ffc84b64219582b39608cbcb,4bMZvdJyyMCENC34SwcuGypbTtVJVnwFiDoD8oYYpump,90,2026-08-28T11:07:28.763498+00:00,AVAILABLE,-2138,-3634,10
fp1sig-ffc84b64219582b39608cbcb,4bMZvdJyyMCENC34SwcuGypbTtVJVnwFiDoD8oYYpump,120,2026-08-28T11:07:58.763498+00:00,AVAILABLE,-2138,-3634,10
fp1sig-ffc84b64219582b39608cbcb,4bMZvdJyyMCENC34SwcuGypbTtVJVnwFiDoD8oYYpump,180,2026-08-28T11:08:58.763498+00:00,AVAILABLE,-2138,-3634,10
fp1sig-ffc84b64219582b39608cbcb,4bMZvdJyyMCENC34SwcuGypbTtVJVnwFiDoD8oYYpump,300,2026-08-28T11:10:58.763498+00:00,AVAILABLE,-2138,-3634,10
