track_id,exit_variant,signal_key,mint,paper_position_id,replay_exit_state,exit_reason,exit_requested_at,trigger_source_row,fill_source_row,trigger_observed_at,fill_observed_at,execution_rejection_state,execution_attempt_count,entry_principal_lamports,entry_explicit_cost_lamports,gross_exit_proceeds_lamports,exit_explicit_cost_lamports,gross_execution_pnl_lamports,net_pnl_lamports,holding_time_us,reference_source
FINAL-A,E3_TP10_T15,fp1sig-0030cb8737e0c4dd41a94e4d,Br53V3urMmBgis9PY63cHYUxxZkxoNsZ42YX9Jiupump,PP-7d8bb9a90de4505abce88318d175ebf8,FILLED,FALLBACK,2026-08-28T09:08:50.832365+00:00,,1102621,,2026-08-28T09:08:55.079145+00:00,,1,100000000,2355000,104474497,2410932,4474497,-291435,8887360,LAST_FRESH_MARKET
FINAL-A,E3_TP10_T15,fp1sig-00672ce49a1610e7ad6f5deb,2UdieZLivbCpPEuzyxEfxfj54bKmQmtFjRAsGyGNpump,PP-aab321aaf52a12e65ce1df326eccbac1,FILLED,TAKE_PROFIT,2026-08-27T22:03:37.234920+00:00,878127,878130,2026-08-27T22:03:37.234920+00:00,2026-08-27T22:03:39.806085+00:00,,1,100000000,2355000,152301576,3008770,52301576,46937806,2603159,TRIGGER_MARKET
FINAL-A,E3_TP10_T15,fp1sig-00a2bc3af1d2668a3c306d56,Cy6TskvYWb9Ds466KLWvkBvjzrp1CCq1i65dbVbvpump,PP-4e57d467ec6d2bef7b80d64b317e16a8,FILLED,FALLBACK,2026-08-27T18:10:21.993577+00:00,,827036,,2026-08-27T18:10:23.822803+00:00,,1,100000000,2355000,89368638,2222108,-10631362,-15208470,12406199,LAST_FRESH_MARKET
FINAL-A,E3_TP10_T15,fp1sig-012cc72536b483b6d97b53f3,DpoddfrJgKdfuPKok5rCk8JL4WPEupnDmvGPT5dypump,PP-31ff8a38d4e775148cb27c6fa5f80005,FILLED,FALLBACK,2026-08-27T21:41:07.543837+00:00,,872323,,2026-08-27T21:41:15.338846+00:00,,1,100000000,2355000,97880023,2328501,-2119977,-6803478,18977545,LAST_FRESH_MARKET
FINAL-A,E3_TP10_T15,fp1sig-0151484094ac20de7c738d86,3irT8xsAXD4Gdht17PNpQhB2Rx73XLU821xmZCaHpump,PP-7430c8cf330f0fc4f793527d4f90d0c1,FILLED,FALLBACK,2026-08-27T13:42:44.989868+00:00,,783902,,2026-08-27T13:42:48.329736+00:00,,1,100000000,2355000,91973399,2254668,-8026601,-12636269,17299730,LAST_FRESH_MARKET
FINAL-A,E3_TP10_T15,fp1sig-02266b9cc58403336994d625,25G7doSJ5NdvTxhsTtdU5f1tJvjd9JUX2CcL5KDRpump,PP-ce3cc107130acc59ee1b7ede5bc82951,FILLED,FALLBACK,2026-08-28T08:12:05.017183+00:00,,1085169,,2026-08-28T08:12:21.978875+00:00,,1,100000000,2355000,83399552,2147495,-16600448,-21102943,28993765,LAST_FRESH_MARKET
FINAL-A,E3_TP10_T15,fp1sig-0254618e6839387546a96d0f,5gyi18Mmzb4M3Eu3S8XZwRF6eefPo9kXWwsrvDa8pump,PP-1e6bf005a88e54369b5576f24551a91d,FILLED,FALLBACK,2026-08-27T13:14:29.658904+00:00,,777301,,2026-08-27T13:15:32.301436+00:00,,1,100000000,2355000,102569197,2387115,2569197,-2172918,76955106,LAST_FRESH_MARKET
FINAL-A,E3_TP10_T15,fp1sig-028be987991618188ebc36e3,3HttKepykr5MKAUc8fhj7MP2Zcgw3eyQuGwpUvD1pump,PP-61d5d3c9dbc50b1c57e106f439889348,FILLED,FALLBACK,2026-08-27T13:59:16.193029+00:00,,786625,,2026-08-27T13:59:20.170741+00:00,,1,100000000,2355000,86050966,2180638,-13949034,-18484672,15655974,RULE_REFERENCE_FALLBACK
FINAL-A,E3_TP10_T15,fp1sig-037e02632b95bf3ff7057ab1,DP9CHFWfmAgFHdBqXtsiV5DDDT85gvLaqyTv4b1rbUfg,PP-fa8e544bb07ef37dafafa519065f3c18,FILLED,TAKE_PROFIT,2026-08-28T09:12:25.715046+00:00,1103544,1103612,2026-08-28T09:12:25.715046+00:00,2026-08-28T09:12:40.982544+00:00,,1,100000000,2355000,121532950,2624162,21532950,16553788,18145231,TRIGGER_MARKET
FINAL-A,E3_TP10_T15,fp1sig-03918a0cffe6d27a73a399ed,3AD1KN9cXtz7p6NdrbTYyTss4oLenBU9jCJMCE7hpump,PP-534a3dbea2408f3491eec593623a7597,FILLED,FALLBACK,2026-08-27T17:15:04.911680+00:00,,816320,,2026-08-27T17:15:20.716607+00:00,,1,100000000,2355000,104891797,2416148,4891797,120649,26698753,RULE_REFERENCE_FALLBACK
FINAL-A,E3_TP10_T15,fp1sig-039f4ec9b1765ce2fdac69c7,EP4pN6MFtvSSVZLL9rEHzjuYkNNfi2vQuXLu1hWpump,PP-833658ec49ecdf59186d298b9633942f,UNRESOLVED,FALLBACK,2026-08-28T09:55:53.705416+00:00,,,,,REJECTED_SLIPPAGE,2,100000000,2355000,,,,,,RULE_REFERENCE_FALLBACK
FINAL-A,E3_TP10_T15,fp1sig-03dbb3298b2046e0fd037ee8,Ef7BJnmmUTAv8qCSVeWvKq5TXnN1C3hvptuZfeWpump,PP-7c31308ef762623d22a0914b0247295a,FILLED,FALLBACK,2026-08-27T19:19:09.678052+00:00,,841590,,2026-08-27T19:19:14.741964+00:00,,1,100000000,2355000,98142083,2331777,-1857917,-6544694,16326764,LAST_FRESH_MARKET
FINAL-A,E3_TP10_T15,fp1sig-04b960fd00bee378edc6e3aa,Jc4wd3hpY3exkyyPbShoftN5y4kfuY6DqxfXBBapump,PP-8e10c0b9e185c3519566e6599036fc73,FILLED,TAKE_PROFIT,2026-08-27T23:37:58.226491+00:00,902676,902703,2026-08-27T23:37:58.226491+00:00,2026-08-27T23:38:02.301816+00:00,,1,100000000,2355000,141888193,2878603,41888193,36654590,7050850,TRIGGER_MARKET
FINAL-A,E3_TP10_T15,fp1sig-04d7d70776be1358bc29967d,3ZHcZ9Um69JqJjsyvmpnpsmSapGsNWEN2dLHNHVQpump,PP-f1e7c6b7552c535bc3d12d6254ae4ef5,FILLED,FALLBACK,2026-08-28T06:15:43.024867+00:00,,1034352,,2026-08-28T06:15:45.653149+00:00,REJECTED_THEN_FILLED,2,100000000,2355000,71865343,2003317,-28134657,-32492974,14690054,LAST_FRESH_MARKET
FINAL-A,E3_TP10_T15,fp1sig-06231280358f7122ecc92e12,7aaoSjiugUe3bghn3oXik4ZUuShcNSJ4WDAghV4Vpump,PP-c039a6628f31518b1db09d4cd58eaf63,FILLED,FALLBACK,2026-08-28T00:23:58.097398+00:00,,916788,,2026-08-28T00:24:07.925228+00:00,,1,100000000,2355000,97246630,2320583,-2753370,-7428953,17454130,RULE_REFERENCE_FALLBACK
FINAL-A,E3_TP10_T15,fp1sig-06ba3ae3ac6b980ebc59f4df,3fjZBCA98PViKUpKbyHMyNy4DvSALtQZYUBXQrgCpump,PP-9e3230d49d3110193682bc4cf364db8d,FILLED,FALLBACK,2026-08-27T23:47:02.032840+00:00,,905757,,2026-08-27T23:47:03.653977+00:00,,1,100000000,2355000,109073664,2468421,9073664,4250243,13282226,LAST_FRESH_MARKET
FINAL-A,E3_TP10_T15,fp1sig-07500ad77c893eff4d3a0ff1,DEfDDZ65eMCLWtp3UYj25eqqXAUZyDgqQg9uX5LCpump,PP-e9d64dcb2dea1b6000877d3ff04dd882,FILLED,FALLBACK,2026-08-28T01:59:12.964125+00:00,,943389,,2026-08-28T01:59:13.998947+00:00,,1,100000000,2355000,110353467,2484419,10353467,5514048,12508672,LAST_FRESH_MARKET
FINAL-A,E3_TP10_T15,fp1sig-0782639a70f32d66ffb90095,Dcgb9pUbXpB5oFFeHAUyTKJ18KEuWYf42brHyWvgpump,PP-8bc74121a38b72c5331557649d7187ce,FILLED,FALLBACK,2026-08-28T05:39:05.944330+00:00,,1021484,,2026-08-28T05:39:11.184684+00:00,,1,100000000,2355000,93775096,2277189,-6224904,-10857093,17042938,LAST_FRESH_MARKET
FINAL-A,E3_TP10_T15,fp1sig-079caab6c783e4863c83e327,EjoDrZUYKAPHtTKp4zk6xSpfASud9URdFWSr8Jkpump,PP-93184b0702d9e5476f044e79d425073b,FILLED,FALLBACK,2026-08-28T11:33:51.488930+00:00,,1146091,,2026-08-28T11:33:53.551262+00:00,,1,100000000,2355000,54119044,1781489,-45880956,-50017445,12997438,LAST_FRESH_MARKET
FINAL-A,E3_TP10_T15,fp1sig-07b051606af44970a1878017,8skFfrmeFXjTSqK5K3kBARW21qv8XCs5SuLybojhpump,PP-301ddaa4a979fa97780e68c4f3a711c6,FILLED,FALLBACK,2026-08-27T14:31:38.308698+00:00,,791623,,2026-08-27T14:31:50.804550+00:00,,1,100000000,2355000,100367364,2359593,367364,-4347229,21326194,RULE_REFERENCE_FALLBACK
FINAL-A,E3_TP10_T15,fp1sig-08986970cc182e3bf94a01a7,8egFRKX2FkaCGQsypX8Wp8YMZ727LhD1iN1VxyyVpump,PP-2838255ca5e5a618cbc959b8203c4912,FILLED,TAKE_PROFIT,2026-08-28T03:09:23.205052+00:00,969951,969972,2026-08-28T03:09:23.205052+00:00,2026-08-28T03:09:26.722605+00:00,,1,100000000,2355000,98751714,2339397,-1248286,-5942683,3562555,TRIGGER_MARKET
FINAL-A,E3_TP10_T15,fp1sig-09a3336879df3e871fc206b9,BtmuTHEkEz1JKTtTLAT7sD9iQ7seLiGyi53Q71Aapump,PP-d01b1f55fc88479561d407ae0f34c302,UNRESOLVED,FALLBACK,2026-08-28T07:15:52.775494+00:00,,,,,REJECTED_SLIPPAGE,35,100000000,2355000,,,,,,LAST_FRESH_MARKET
FINAL-A,E3_TP10_T15,fp1sig-09c49428b0ba27fc229dd6a5,FWe3E3TNq1nBquUtijursGsyoBBeGQWG3dkiXS23pump,PP-f2638259a20dd5c6c847f531de19fdbc,FILLED,FALLBACK,2026-08-28T07:22:32.813640+00:00,,1064177,,2026-08-28T07:22:36.793185+00:00,,1,100000000,2355000,64361445,1909519,-35638555,-39903074,15461003,LAST_FRESH_MARKET
FINAL-A,E3_TP10_T15,fp1sig-09d8da9528bfd6b44bd67ef2,cAJyZLNWgWtjSoMD56uUyayokUt3kduMzhQGsGvWs4F,PP-4b6c396e6a7a665ba39da95f9c59ddbd,FILLED,FALLBACK,2026-08-28T02:49:11.746031+00:00,,961332,,2026-08-28T02:49:14.995650+00:00,,1,100000000,2355000,88480794,2211010,-11519206,-16085216,14080680,LAST_FRESH_MARKET
FINAL-A,E3_TP10_T15,fp1sig-0a0ccce9a93865fcf66a0666,2GJeproPabfJwAkqQSxW821pGS3u9haeYB69TFjDpump,PP-e496e3149c990f2d5014a9ea588ac69a,FILLED,FALLBACK,2026-08-28T05:39:12.470694+00:00,,1021550,,2026-08-28T05:39:17.313322+00:00,,1,100000000,2355000,103085623,2393571,3085623,-1662948,16974493,LAST_FRESH_MARKET
FINAL-A,E3_TP10_T15,fp1sig-0a3f8a5e539b0ed65c978bec,5BoetSFL5uAMA7He9k2L818T16BVnSY6eSR8984Qpump,PP-8c4f8f5a2ce1b363e2f3baf455eb6886,FILLED,FALLBACK,2026-08-28T02:26:26.655354+00:00,,952391,,2026-08-28T02:26:27.920160+00:00,,1,100000000,2355000,104860236,2415753,4860236,89483,10102419,RULE_REFERENCE_FALLBACK
FINAL-A,E3_TP10_T15,fp1sig-0a8bd43ff970eaf89ea63e2e,iUSHcbsEReyVkFSTmMDVVSCMDKnruaWGkFzhdnapump,PP-5a8d2c3c5ee0e194e4f8a603fa2e377f,UNRESOLVED,FALLBACK,2026-08-28T03:30:12.528593+00:00,,,,,NO_CAUSAL_FILL,0,100000000,2355000,,,,,,RULE_REFERENCE_FALLBACK
FINAL-A,E3_TP10_T15,fp1sig-0ad0128b7df1f1f92d2972d6,2JVEmhvMfiqpr3947GsoA55BqM2tFQgSaidS1iEdpump,PP-db3d3567e587f702515f6b2b98d90edb,FILLED,FALLBACK,2026-08-27T23:40:36.799075+00:00,,903377,,2026-08-27T23:40:59.971742+00:00,,1,100000000,2355000,100270193,2358378,270193,-4443185,30083731,RULE_REFERENCE_FALLBACK
FINAL-A,E3_TP10_T15,fp1sig-0af5a715e56bb69e76cb7a04,2TdHmHBoUVwAeUygtiiCgjizdDUaAuC1e4BMK9dapump,PP-9a1f6a1178f9e7734ade57b82383ea35,FILLED,FALLBACK,2026-08-28T02:38:40.688950+00:00,,956679,,2026-08-28T02:38:49.665731+00:00,,1,100000000,2355000,92050031,2255626,-7949969,-12560595,20489423,LAST_FRESH_MARKET
FINAL-A,E3_TP10_T15,fp1sig-0b6723c8737f620906ef4b55,9QXWmmEsPvmTBZCSi9kxYrRqqbgbuhXpKR3XbTyVpump,PP-edefd41e50feddca037c1f5f9c81ed6f,FILLED,FALLBACK,2026-08-27T19:53:44.423649+00:00,,847706,,2026-08-27T19:53:50.986353+00:00,,1,100000000,2355000,98034161,2330428,-1965839,-6651267,12056862,LAST_FRESH_MARKET
FINAL-A,E3_TP10_T15,fp1sig-0ba5b230341673a525e16c15,3xhxtZaddzyzYQwaiemb53S51o49agPd7z84f5zapump,PP-222cb9699176b95a100a121dc9a12f79,FILLED,FALLBACK,2026-08-28T10:54:59.139098+00:00,,1133783,,2026-08-28T10:55:02.679357+00:00,,1,100000000,2355000,64431037,1910388,-35568963,-39834351,15075700,LAST_FRESH_MARKET
FINAL-A,E3_TP10_T15,fp1sig-0bf2f9de5395b763a6a607b9,HrPitt5yK5KrTdJLEuE3BnTEmvSaCRmZzrQXd2gDpump,PP-84bb8ae11d980e99081aef9039db21e5,FILLED,FALLBACK,2026-08-28T02:59:54.435697+00:00,,966357,,2026-08-28T03:00:07.667503+00:00,,1,100000000,2355000,95457059,2298214,-4542941,-9196155,22596667,LAST_FRESH_MARKET
FINAL-A,E3_TP10_T15,fp1sig-0bf9d366b7484f28fab545fa,Bp6DrftWRYM4Lnqkks1r6mx6Sr72ZKDHqH4uGnQ6pump,PP-29ea276abdc4bd0b87eb98c6a78d2f46,FILLED,FALLBACK,2026-08-27T14:58:59.497780+00:00,,797104,,2026-08-27T14:59:02.963724+00:00,,1,100000000,2355000,94348814,2284361,-5651186,-10290547,15002300,LAST_FRESH_MARKET
FINAL-A,E3_TP10_T15,fp1sig-0c0a7a32bbe74a2f8fae46f0,Bs4omLPnNw1YjjTBE9wwfWrBBmpCdGoLyQVsdi9fpump,PP-a16a80d520167502333eda78311c6022,FILLED,FALLBACK,2026-08-28T02:58:26.812230+00:00,,965865,,2026-08-28T02:58:38.840349+00:00,,1,100000000,2355000,97971011,2329638,-2028989,-6713627,23834934,LAST_FRESH_MARKET
FINAL-A,E3_TP10_T15,fp1sig-0c19fbc5c56436db6cd63d2a,CJv4RYsKqsnEoZ8QPDSuWr2UtSZU4gwduu2tCRfEpump,PP-f2cc2983fa3b1e9cf10f2aa429608213,FILLED,FALLBACK,2026-08-28T12:15:36.001900+00:00,,1158305,,2026-08-28T12:15:43.986666+00:00,,1,100000000,2355000,72139124,2006740,-27860876,-32222616,17922710,LAST_FRESH_MARKET
FINAL-A,E3_TP10_T15,fp1sig-0c5cb6e1df929338a6674ebf,CX8YYFvQVYHUMahVUkiafd8NgEaTVMhdad6bBqkGpump,PP-02e4462acf48f8b00ae0c9df8f0e2923,FILLED,TAKE_PROFIT,2026-08-28T02:04:43.714097+00:00,945278,945304,2026-08-28T02:04:43.714097+00:00,2026-08-28T02:04:47.158956+00:00,,1,100000000,2355000,125389737,2672372,25389737,20362365,9375039,TRIGGER_MARKET
FINAL-A,E3_TP10_T15,fp1sig-0ca9066e8f459d81c7376fa0,FxCC5VrrSQdxHwYBePwzACMgPkuohKWuZLXJsYQMpump,PP-8204e187e543d3a5eead01d3f0f4cf40,FILLED,TAKE_PROFIT,2026-08-28T02:45:55.127625+00:00,959851,959865,2026-08-28T02:45:55.127625+00:00,2026-08-28T02:45:58.806593+00:00,,1,100000000,2355000,101283316,2371042,1283316,-3442726,3693965,TRIGGER_MARKET
FINAL-A,E3_TP10_T15,fp1sig-0d205147fffdab7dd24667c3,EDEQBFWPQgNMgAZ7Eir6uWkCi7iu3nVrwWTxeC84pump,PP-9565a57d6928c3035ee1fb91dfaa90b4,UNRESOLVED,FALLBACK,2026-08-28T06:11:09.223547+00:00,,,,,REJECTED_SLIPPAGE,24,100000000,2355000,,,,,,RULE_REFERENCE_FALLBACK
FINAL-A,E3_TP10_T15,fp1sig-0d88aeffc1a2d86d1692f246,4K2ZSaLiCR1cQLGYmSTPxZgQRvAHKY97cEKzpz4wpump,PP-e5474c0c78ee0ab4ca520941fb1e3bef,FILLED,FALLBACK,2026-08-27T14:51:06.922525+00:00,,796086,,2026-08-27T14:51:08.100453+00:00,,1,100000000,2355000,103380372,2397255,3380372,-1371883,12799930,LAST_FRESH_MARKET
FINAL-A,E3_TP10_T15,fp1sig-0e9b70c12a59a027ea38c5c1,BCpTBDUknNmPUqaM9Xw6BN8kAYt4iRCkQXsAtY9spump,PP-ae6a5d96111bbd1e78dc1329ebd50200,FILLED,FALLBACK,2026-08-28T07:21:28.815370+00:00,,1063608,,2026-08-28T07:21:31.947429+00:00,,1,100000000,2355000,22686055,1388576,-77313945,-81057521,14854246,LAST_FRESH_MARKET
FINAL-A,E3_TP10_T15,fp1sig-0ec4632f68f5351345e8ee3c,GyaUPR7LnBHW4gyiSUeXQ6bQatgbzfDwzaJHgHuHpump,PP-cbd82afcacefcc814096260054819361,FILLED,FALLBACK,2026-08-28T06:12:18.515837+00:00,,1033338,,2026-08-28T06:12:37.939897+00:00,REJECTED_THEN_FILLED,4,100000000,2355000,131612843,2750161,31612843,26507682,22366902,RULE_REFERENCE_FALLBACK
FINAL-A,E3_TP10_T15,fp1sig-0f5197415889629e629c1818,JAdPmaqX7YhVFNd6aQjmFdTqd8i1vG4gRbMw6Whppump,PP-19228beec47f6aa925b137ac1a4df3ab,FILLED,FALLBACK,2026-08-28T00:41:00.546892+00:00,,921311,,2026-08-28T00:41:24.059295+00:00,REJECTED_THEN_FILLED,2,100000000,2355000,143856471,2903206,43856471,38598265,23938993,RULE_REFERENCE_FALLBACK
FINAL-A,E3_TP10_T15,fp1sig-0f684f761758b78e7285c50d,E4RyXXXjAhvef4BTSryV2hWwnNmZP9j8nnPnVDndpump,PP-0e0cf3b8d7b9855e057f9dbfba5e4bc6,FILLED,FALLBACK,2026-08-28T06:18:26.964132+00:00,,1035542,,2026-08-28T06:18:44.392561+00:00,,1,100000000,2355000,99329176,2346615,-670824,-5372439,29357603,RULE_REFERENCE_FALLBACK
FINAL-A,E3_TP10_T15,fp1sig-103e58578fa44f0c56042eb2,2n9EaxioH5c3dmnv3u9uPUbx7MoqQ5PiHEETeqN2pump,PP-206b2e83788f553cef76af943b7f6e5e,FILLED,FALLBACK,2026-08-27T19:31:52.463518+00:00,,843952,,2026-08-27T19:32:28.988114+00:00,,1,100000000,2355000,101401163,2372515,1401163,-3326352,48595792,LAST_FRESH_MARKET
FINAL-A,E3_TP10_T15,fp1sig-104d433d257a7da12b667ab2,AqArcXWUf45fzDXCQbW4gjetuJ6Qk4AssFr4peNdpump,PP-df48a294af0f17fef6bd1186b1fea51d,FILLED,TAKE_PROFIT,2026-08-28T10:25:40.990179+00:00,1123605,1123612,2026-08-28T10:25:40.990179+00:00,2026-08-28T10:25:41.569030+00:00,,1,100000000,2355000,107238431,2445481,7238431,2437950,7608627,TRIGGER_MARKET
FINAL-A,E3_TP10_T15,fp1sig-10ad1c249d01bb0fbba55b63,FjsEhFzquBBZj6yPo9Jba7Wt42GgQvhdWbnGNiFdpump,PP-085cdbf587a739725c7f72b72bb4074e,FILLED,FALLBACK,2026-08-27T12:38:39.558531+00:00,,769059,,2026-08-27T12:38:55.356170+00:00,,1,100000000,2355000,87612053,2200151,-12387947,-16943098,29954456,LAST_FRESH_MARKET
FINAL-A,E3_TP10_T15,fp1sig-10c49b05a8fd88a87bd1e4af,CPGUme99rPPQLjh4nspLMV5JTWAHRh8JnRdPwPwgpump,PP-c54941a9e8cbcf3ed5129b85cc51959e,FILLED,FALLBACK,2026-08-28T08:43:55.294434+00:00,,1096308,,2026-08-28T08:43:56.302643+00:00,,1,100000000,2355000,51691994,1751150,-48308006,-52414156,11452072,LAST_FRESH_MARKET
FINAL-A,E3_TP10_T15,fp1sig-10d389237e9f89f9c0df2e1d,3iZJthpH2FrEtjGj5WXiZcK2pfub2xoXiqGMytHmpump,PP-6893285c4cd408730c29c041a688494c,FILLED,TAKE_PROFIT,2026-08-28T02:33:29.629593+00:00,954861,954897,2026-08-28T02:33:29.629593+00:00,2026-08-28T02:33:33.194257+00:00,,1,100000000,2355000,118350662,2584384,18350662,13411278,3592665,TRIGGER_MARKET
FINAL-A,E3_TP10_T15,fp1sig-11157ff67a083d1202e25b54,5Yy8YNgg28pZpZJ3fp6XaLRRf8jTFjUcpH21f4gbpump,PP-f0c241ac6a05090667c78ec7d1deb7b0,FILLED,FALLBACK,2026-08-28T00:18:57.168691+00:00,,915187,,2026-08-28T00:19:00.301145+00:00,,1,100000000,2355000,99441563,2348020,-558437,-5261457,14896341,LAST_FRESH_MARKET
FINAL-A,E3_TP10_T15,fp1sig-11e3bca73319b14cabaf1db0,54QKTHWqwdWT4cp7SLp7mp1YgAq9w8xuqHm72n32pump,PP-38a991cffb7e34cdf9b41d64b4044be3,FILLED,FALLBACK,2026-08-28T03:27:17.884159+00:00,,977093,,2026-08-28T03:27:21.013685+00:00,,1,100000000,2355000,105345483,2421819,5345483,568664,9603411,RULE_REFERENCE_FALLBACK
FINAL-A,E3_TP10_T15,fp1sig-1293c04bc6e93667b78e1d5d,2bKDS7dnNzfne5ZBTXnFxeyKGQeJVrP4FEQvhL9upump,PP-1ed13f7792df75af708ab193abbc969b,UNRESOLVED,FALLBACK,2026-08-28T09:57:37.601186+00:00,,,,,REJECTED_SLIPPAGE,1,100000000,2355000,,,,,,LAST_FRESH_MARKET
FINAL-A,E3_TP10_T15,fp1sig-12afac3c2cf426d4e6721513,6K8jewYKyu5ZHr2XH1jLbKSzJCZmJsbR2QvYJyoHpump,PP-fe97d3fd0edea74c20935cfc145a5a3c,FILLED,FALLBACK,2026-08-28T05:55:54.881064+00:00,,1028054,,2026-08-28T05:56:02.006432+00:00,,1,100000000,2355000,106574062,2437176,6574062,1781886,14541063,LAST_FRESH_MARKET
FINAL-A,E3_TP10_T15,fp1sig-12b429b45aba57ee33ec908b,5V4ioLfiLyN16qasY3oy6w3mE6CF73CCao23RPE1pump,PP-369dcd6075852341f19eb3b0054fee83,UNRESOLVED,FALLBACK,2026-08-27T23:32:08.751377+00:00,,,,,NO_CAUSAL_FILL,0,100000000,2355000,,,,,,RULE_REFERENCE_FALLBACK
FINAL-A,E3_TP10_T15,fp1sig-12c10dfcccba6cddd88eb74b,GGkkzsXAPNsMXfjWmK6JZ19rABbCeMngwe4f25ccpump,PP-4f7303e201d254d4e84a683bdd84d723,FILLED,FALLBACK,2026-08-27T21:02:13.051445+00:00,,861723,,2026-08-27T21:02:16.763651+00:00,,1,100000000,2355000,133896866,2778711,33896866,28763155,8477262,RULE_REFERENCE_FALLBACK
FINAL-A,E3_TP10_T15,fp1sig-13033729e55990510118e4ae,6uMtr6EyLur4wqJVxPbBu3iNV1owjBBYmbHh3mpjpump,PP-b0672e8f1936afa64d1f2a73242f8723,FILLED,FALLBACK,2026-08-28T05:56:41.146061+00:00,,1028245,,2026-08-28T05:56:42.666640+00:00,,1,100000000,2355000,104312078,2408901,4312078,-451823,13691943,RULE_REFERENCE_FALLBACK
FINAL-A,E3_TP10_T15,fp1sig-13f856c468707e027e0d36ce,3gwWhRK2xr1whiE5vsnUg75AURpuRpFH56wEbe8Qpump,PP-0acc69c48821d0c5a59562295d914903,FILLED,FALLBACK,2026-08-28T09:59:39.633446+00:00,,1114694,,2026-08-28T09:59:42.154220+00:00,,1,100000000,2355000,97431627,2322896,-2568373,-7246269,12035878,LAST_FRESH_MARKET
FINAL-A,E3_TP10_T15,fp1sig-144d832f6ff536820a7dead9,DDkrjDPppmHzy2R5fq1dKS41yyq6xRiE9vxExzbmpump,PP-5a0e2fcd5a2a1af236689703ee6a6b8d,FILLED,FALLBACK,2026-08-28T03:57:13.172073+00:00,,987001,,2026-08-28T03:58:08.329712+00:00,REJECTED_THEN_FILLED,3,100000000,2355000,112280259,2508504,12280259,7416755,59334565,RULE_REFERENCE_FALLBACK
FINAL-A,E3_TP10_T15,fp1sig-14a66f2d11a00a23df4bdf85,7Zx8aciz3ttZPMDHoxDsYjpCQfxtjbxeBnR7gTbBpump,PP-4f75e3c47380f1cf612303047090af94,FILLED,FALLBACK,2026-08-28T05:56:35.283315+00:00,,1028246,,2026-08-28T05:56:42.672640+00:00,,1,100000000,2355000,98468173,2335853,-1531827,-6222680,19023893,RULE_REFERENCE_FALLBACK
FINAL-A,E3_TP10_T15,fp1sig-14ac269f82c73521eb3f91e1,2X2e7U6qmLCBFx1bJBb3kvCB2hbkLhtw5QVdmoKRpump,PP-e83829d012c470fda7f924b9565e3fd3,FILLED,FALLBACK,2026-08-28T09:10:40.489509+00:00,,1103157,,2026-08-28T09:11:05.161844+00:00,,1,100000000,2355000,98045914,2330574,-1954086,-6639660,34516776,LAST_FRESH_MARKET
FINAL-A,E3_TP10_T15,fp1sig-14c2625dd9319f0aab810322,4C6RhYo26uNCcJcYEdrd9cM9pqg7zwFqUUqCuELTpump,PP-f4642455604c733c566d2730d96ebfd7,FILLED,FALLBACK,2026-08-28T01:49:35.733880+00:00,,942101,,2026-08-28T01:55:30.036943+00:00,REJECTED_THEN_FILLED,91,100000000,2355000,94060521,2280757,-5939479,-10575236,365766403,LAST_FRESH_MARKET
FINAL-A,E3_TP10_T15,fp1sig-14cdef07cf31dffc59dcc5da,FM9ZpRrcvgeaP2KaF5UqgNedw2WCVNKyn92S1J4pump,PP-f829cffe388971e4bd394b6e91674680,FILLED,FALLBACK,2026-08-28T02:22:55.283965+00:00,,951371,,2026-08-28T02:22:56.027226+00:00,,1,100000000,2355000,100179406,2357243,179406,-4532837,11712185,LAST_FRESH_MARKET
FINAL-A,E3_TP10_T15,fp1sig-152e1472db90ad503a6a3fd5,96k9E1MbAsnYCmVtwRwHmxd1qx5pUvXyh2wzwHEkpump,PP-3c80a215cb0c7273f809fd2da9a27828,FILLED,FALLBACK,2026-08-28T01:06:42.388262+00:00,,926352,,2026-08-28T01:06:50.770914+00:00,,1,100000000,2355000,91928950,2254112,-8071050,-12680162,19167742,LAST_FRESH_MARKET
FINAL-A,E3_TP10_T15,fp1sig-154376ea56593414e88e01ff,D5AgGKyesUN6UNH7LYvvvWZ7mEL9Johbk4qtg2TDpump,PP-a89c690e768b3605b30acd078100a819,FILLED,FALLBACK,2026-08-27T16:44:15.218436+00:00,,812004,,2026-08-27T16:44:20.066612+00:00,,1,100000000,2355000,97702144,2326277,-2297856,-6979133,15956224,LAST_FRESH_MARKET
FINAL-A,E3_TP10_T15,fp1sig-15fb410e973d97deeb47f941,Fd1jB4ke8ge7bpHkQxGTF3wUkD5kbpw8HX6RUDVzHV9d,PP-26613992ecbe1468bc8b8511edc0aa1d,FILLED,FALLBACK,2026-08-27T14:11:25.186212+00:00,,788809,,2026-08-27T14:11:25.907007+00:00,,1,100000000,2355000,98852796,2340660,-1147204,-5842864,4990294,RULE_REFERENCE_FALLBACK
FINAL-A,E3_TP10_T15,fp1sig-1604b4ad4d26773d259ab43e,53kHqyAjysPccAZ8afAQg9gnhA7kXjBhD7nURjmvpump,PP-cd416e9f343d8973b270504ba831e980,FILLED,FALLBACK,2026-08-28T04:57:01.461717+00:00,,1007029,,2026-08-28T04:57:09.462471+00:00,,1,100000000,2355000,88346194,2209328,-11653806,-16218134,15707924,LAST_FRESH_MARKET
FINAL-A,E3_TP10_T15,fp1sig-168405b6866ca15d6575432d,Apd2NXobph9pcSN8fcEGVvMT7manX1sNEZcnjb2Epump,PP-d97b9a5634d3cb0b80fa2a32525d077c,FILLED,FALLBACK,2026-08-28T02:29:13.350380+00:00,,953196,,2026-08-28T02:29:16.510434+00:00,,1,100000000,2355000,132090545,2756132,32090545,26979413,14131731,LAST_FRESH_MARKET
FINAL-A,E3_TP10_T15,fp1sig-192a075f6f9a233c74ca3b54,3bsPszFfCDvFphLRDV656eRmsoWjoDybQPaPWJDzpump,PP-fdb59993a832eeb3ec08aed33787d9c3,FILLED,FALLBACK,2026-08-28T10:01:00.658596+00:00,,1115593,,2026-08-28T10:03:45.214432+00:00,REJECTED_THEN_FILLED,7,100000000,2355000,133499547,2773745,33499547,28370802,170004170,RULE_REFERENCE_FALLBACK
FINAL-A,E3_TP10_T15,fp1sig-1931b8d6e587e6b5f9c28d3a,6jcTAR486G3HNGhYt1xbk3thUeyQbfCN1ZXtb9XZpump,PP-ff41c0cffca581d21e29fae406386f97,FILLED,FALLBACK,2026-08-27T14:08:22.473870+00:00,,788323,,2026-08-27T14:08:28.816289+00:00,,1,100000000,2355000,98160801,2332011,-1839199,-6526210,18474798,RULE_REFERENCE_FALLBACK
FINAL-A,E3_TP10_T15,fp1sig-1a859f3b215e81af3fdd363f,Gf8hWxXUxNByJFzvoZuAaqHs4DoY4YZFqgtuEKyYMW3V,PP-5f46c8439cfff4724c840863d142cc02,FILLED,FALLBACK,2026-08-28T06:04:15.816355+00:00,,1030360,,2026-08-28T06:04:46.420138+00:00,,1,100000000,2355000,98010005,2330126,-1989995,-6675121,42424777,LAST_FRESH_MARKET
FINAL-A,E3_TP10_T15,fp1sig-1ae1a413565d8ae3eef8b79b,4DTkNVQqmELrq9fWEWhEULRGfJvNX2YENzrWod8Epump,PP-f26928713ed1acf3fafc08262d5a2198,FILLED,TAKE_PROFIT,2026-08-28T11:29:07.621367+00:00,1144367,1144423,2026-08-28T11:29:07.621367+00:00,2026-08-28T11:29:17.764210+00:00,,1,100000000,2355000,113231729,2520397,13231729,8356332,10216965,TRIGGER_MARKET
FINAL-A,E3_TP10_T15,fp1sig-1aff857d65cd5cbebfdc4aba,25G6DrtUMQoDqJwfTSSYHosLCMCwc1YuNRbdtio2pump,PP-8d99d11e1a47c15735c0150624aa1862,FILLED,FALLBACK,2026-08-28T07:46:19.138232+00:00,,1074690,,2026-08-28T07:46:21.727841+00:00,,1,100000000,2355000,65680025,1926001,-34319975,-38600976,13871634,LAST_FRESH_MARKET
FINAL-A,E3_TP10_T15,fp1sig-1b2bbf5c5d030e0eebe4076e,BuXixHoVD5en8ySNPwHViV9ZJzjF4D89hvD5kiqJpump,PP-55de8b62229296f3f3d90031d0ef4c45,FILLED,TAKE_PROFIT,2026-08-28T10:42:31.257174+00:00,1129005,1129012,2026-08-28T10:42:31.257174+00:00,2026-08-28T10:42:40.796278+00:00,,1,100000000,2355000,104591629,2412396,4591629,-175767,17058421,TRIGGER_MARKET
FINAL-A,E3_TP10_T15,fp1sig-1b38487e0a75f26cab1ea35e,2oF6YWWPYfeCushRySM6tasKMSLvsdXTG7twjhydpump,PP-aa790cf86e51db919608471570e9861a,FILLED,FALLBACK,2026-08-27T21:46:44.089825+00:00,,873898,,2026-08-27T21:46:49.329557+00:00,,1,100000000,2355000,91769232,2252116,-8230768,-12837884,17674494,LAST_FRESH_MARKET
FINAL-A,E3_TP10_T15,fp1sig-1b7cccd007e9b1a9378ec092,35UFhucyMmEqKvR6ZC49BDAmWfb9e6VKtjKcX6Nzpump,PP-9dd393fbdee7c98a48cc2561de366eba,FILLED,FALLBACK,2026-08-27T16:49:06.922995+00:00,,812734,,2026-08-27T16:49:33.984387+00:00,,1,100000000,2355000,98960364,2342005,-1039636,-5736641,38810312,RULE_REFERENCE_FALLBACK
FINAL-A,E3_TP10_T15,fp1sig-1c15fdb8cf6056b57a3876b2,3Yb7NkZLqB1jL59rKnjYiT9R4fAsTt71hK3yGgKRpump,PP-ece303b32af556dffa580b3ac2ea5287,FILLED,FALLBACK,2026-08-28T07:10:34.313171+00:00,,1059186,,2026-08-28T07:11:57.390561+00:00,REJECTED_THEN_FILLED,22,100000000,2355000,51838459,1752981,-48161541,-52269522,90981843,LAST_FRESH_MARKET
FINAL-A,E3_TP10_T15,fp1sig-1d04b046e9e6659635467907,FZeY2Pex59ZMvh9RZW9F71eM1CyezFnAAjHRuEwCpump,PP-c098f6f32087f64fef1f0b7ce7681678,FILLED,TAKE_PROFIT,2026-08-27T22:10:59.600537+00:00,880246,880279,2026-08-27T22:10:59.600537+00:00,2026-08-27T22:11:04.215307+00:00,,1,100000000,2355000,117415414,2572693,17415414,12487721,7472745,TRIGGER_MARKET
FINAL-A,E3_TP10_T15,fp1sig-1dda40e9c02a5780c789d3f5,DV3yYBrgjh4HjnSuirvWh1ismwvWhfVm4Cs9tY4Zpump,PP-2c51a5efe71d628968676e35aba4d9a9,FILLED,FALLBACK,2026-08-28T08:48:39.207339+00:00,,1097308,,2026-08-28T08:48:46.646479+00:00,,1,100000000,2355000,99370454,2347131,-629546,-5331677,13823122,LAST_FRESH_MARKET
FINAL-A,E3_TP10_T15,fp1sig-1ee9cf7257d1e2467530257b,3zL5SnJyYYCpCxf8VCXRZy9GADEVKxoxpGv16Rfbpump,PP-98756ad011bafb00d7f239387369b59a,FILLED,FALLBACK,2026-08-27T18:17:30.148365+00:00,,829090,,2026-08-27T18:17:35.848020+00:00,,1,100000000,2355000,98602308,2337529,-1397692,-6090221,16735600,LAST_FRESH_MARKET
FINAL-A,E3_TP10_T15,fp1sig-1f0068a9f04fd06f9b213e0f,HyTd4ACuHBajMCEKcCZgeYz9gZcCc7pye1qb48WFpump,PP-d5c2c2568820052f12055377786c6d1f,FILLED,FALLBACK,2026-08-28T11:58:25.445523+00:00,,1154043,,2026-08-28T11:58:30.504964+00:00,,1,100000000,2355000,94134485,2281682,-5865515,-10502197,15069944,LAST_FRESH_MARKET
FINAL-A,E3_TP10_T15,fp1sig-1fdc9d25b25a26f73c837051,5e73homhW2cByvFkEggroa7rG8yUCkCySfPFYf3Cpump,PP-f4349e638347e3b185ea17adecf02dcf,FILLED,FALLBACK,2026-08-28T01:42:58.161749+00:00,,938019,,2026-08-28T01:42:59.504034+00:00,,1,100000000,2355000,100936759,2366710,936759,-3784951,13189625,LAST_FRESH_MARKET
FINAL-A,E3_TP10_T15,fp1sig-207018d662ad181e9caa60c3,Dx8GHdKinjMzfVJVw1w7JT2kBHZXCkk9cudto5topump,PP-ea975b971b84c25febac9faaa8171d3a,FILLED,FALLBACK,2026-08-28T11:31:32.920148+00:00,,1145263,,2026-08-28T11:31:39.169674+00:00,,1,100000000,2355000,93777707,2277222,-6222293,-10854515,16926956,LAST_FRESH_MARKET
FINAL-A,E3_TP10_T15,fp1sig-207e967197a264943170dd62,F5rKte7ELibjAj1uwEzsqo42mz9SP5t35gPFpUh5pump,PP-15c595a586bfb315947cce0ebd0a01e4,FILLED,FALLBACK,2026-08-28T06:52:44.143062+00:00,,1050411,,2026-08-28T06:52:44.731315+00:00,,1,100000000,2355000,47793483,1702419,-52206517,-56263936,12323424,LAST_FRESH_MARKET
FINAL-A,E3_TP10_T15,fp1sig-207f174b14e9c04c0b549618,8UNZqnvCUT8Yijz7i1xgjR1Sw9cA6yqyncZQ4nqfpump,PP-199a46596f8c2751d43127160bcf1d23,FILLED,FALLBACK,2026-08-28T02:39:58.666757+00:00,,957124,,2026-08-28T02:40:01.109607+00:00,,1,100000000,2355000,60456175,1860703,-39543825,-43759528,13584565,LAST_FRESH_MARKET
FINAL-A,E3_TP10_T15,fp1sig-216f2bf236fd0d27ce8bc135,EbRPC7RaVV5gxExiLqAKFnro5Q4gVdyn3hRojcfHpump,PP-c7df207dac5c3172064422ada1fc77f6,FILLED,FALLBACK,2026-08-28T07:47:25.208328+00:00,,1075176,,2026-08-28T07:47:27.365994+00:00,,1,100000000,2355000,87178111,2194727,-12821889,-17371616,12811523,LAST_FRESH_MARKET
FINAL-A,E3_TP10_T15,fp1sig-2175b776ab137be0189804a6,4SSouBg9STpesaxMGWVceCFy37DpkY4iZbdfyc82pump,PP-734df62af558d97fc0e1d69d61532713,FILLED,TAKE_PROFIT,2026-08-28T11:11:28.160083+00:00,1137707,1137723,2026-08-28T11:11:28.160083+00:00,2026-08-28T11:11:28.690679+00:00,,1,100000000,2355000,127996369,2704955,27996369,22936414,3802775,TRIGGER_MARKET
FINAL-A,E3_TP10_T15,fp1sig-217a57a9e6513402aceacfb7,8VvNAXMA4YKrXVny4jGzFmaKTqo7Zad3H1Yvrk9Bpump,PP-5eaa92783d3364c2316e3d5f1da4c145,FILLED,FALLBACK,2026-08-28T11:10:20.067552+00:00,,1137309,,2026-08-28T11:10:21.818157+00:00,,1,100000000,2355000,47329075,1696614,-52670925,-56722539,13285054,LAST_FRESH_MARKET
FINAL-A,E3_TP10_T15,fp1sig-217a78ba0ab190d0c768a089,FjCAq2RFCA1gdegZJJZvbnLaB2CCwJyGiG23saQhpump,PP-02649e0a09c6b453fc69efe2de09c3ba,FILLED,FALLBACK,2026-08-27T12:33:31.432784+00:00,,767562,,2026-08-27T12:33:39.121460+00:00,REJECTED_THEN_FILLED,2,100000000,2355000,82441618,2135521,-17558382,-22048903,18046118,LAST_FRESH_MARKET
FINAL-A,E3_TP10_T15,fp1sig-2198da2f0a0f10aaa65e5861,2FEbyuDUdnN7nd81bo5ewLQyEQS2n2XsDC62kfPxpump,PP-7fe8a12df9ee9213ae04265eb2c9693b,FILLED,TAKE_PROFIT,2026-08-27T19:09:15.037139+00:00,839435,839439,2026-08-27T19:09:15.037139+00:00,2026-08-27T19:09:18.604032+00:00,,1,100000000,2355000,99457316,2348217,-542684,-5245901,3569193,TRIGGER_MARKET
FINAL-A,E3_TP10_T15,fp1sig-21db7206bfed5ec1f876f504,89MY6gnjUsZqFjHNtRioJgCTEVVwje7nbQcbSyEhpump,PP-f11c0ba336437005fa72d96a971e54cd,FILLED,TAKE_PROFIT,2026-08-28T04:58:49.962286+00:00,1007449,1007465,2026-08-28T04:58:49.962286+00:00,2026-08-28T04:58:52.342730+00:00,,1,100000000,2355000,134020415,2780256,34020415,28885159,5924279,TRIGGER_MARKET
FINAL-A,E3_TP10_T15,fp1sig-2242341e1a67e93521c8ed12,4WoG8Hb49BAVJmiyR86XuxBPd8GPRDhALMauvhpPpump,PP-3d9df574678753dedc7d352031446b21,FILLED,TAKE_PROFIT,2026-08-28T08:20:45.536308+00:00,1088495,1088506,2026-08-28T08:20:45.536308+00:00,2026-08-28T08:20:48.545781+00:00,,1,100000000,2355000,108343569,2459295,8343569,3529274,9829304,TRIGGER_MARKET
FINAL-A,E3_TP10_T15,fp1sig-22558fbe81c091bd8febae2a,J4QY1MfubcEjKLzNiQf7tBumaLSVfW58P6HNMVuYpump,PP-18344f92331966b163bfb0ddd9daecf5,FILLED,FALLBACK,2026-08-27T21:51:13.848979+00:00,,875848,,2026-08-27T21:53:39.048095+00:00,REJECTED_THEN_FILLED,32,100000000,2355000,80555256,2111941,-19444744,-23911685,158840817,RULE_REFERENCE_FALLBACK
FINAL-A,E3_TP10_T15,fp1sig-22a30259847642080321fe73,398MckGgmqQfUcTctz4jXeKAFwXfLGXfrPh45cbYpump,PP-36f6a9c4be01d171382d0d9969a32497,FILLED,TAKE_PROFIT,2026-08-28T10:36:00.413979+00:00,1127047,1127091,2026-08-28T10:36:00.413979+00:00,2026-08-28T10:36:08.287751+00:00,REJECTED_THEN_FILLED,3,100000000,2355000,126245177,2683065,26245177,21207112,12243540,TRIGGER_MARKET
FINAL-A,E3_TP10_T15,fp1sig-23af59b42090e1c5a53825fa,8bNQ9AhAPweSXA4ptXccHKyDPzkWCTK99kNGCgBypump,PP-1a641f67a009d39cd295782ec5a2f6c2,FILLED,FALLBACK,2026-08-28T05:19:21.844300+00:00,,1016464,,2026-08-28T05:28:54.063717+00:00,,1,100000000,2355000,133506964,2773838,33506964,28378126,583470703,LAST_FRESH_MARKET
FINAL-A,E3_TP10_T15,fp1sig-2494075720d297212bc025fe,F7eZkwaVwX9ASLB9VSpuAA7wy5QVLKYN9NMcUNtDpump,PP-6ba9fb70d8a8a6f451da625f4d979fc9,FILLED,FALLBACK,2026-08-28T11:23:41.259472+00:00,,1142302,,2026-08-28T11:23:43.777866+00:00,,1,100000000,2355000,91069040,2243363,-8930960,-13529323,4287426,RULE_REFERENCE_FALLBACK
FINAL-A,E3_TP10_T15,fp1sig-24c3b376d59b1fa980eb8e79,bmk6QbSz3kj6xhtLADbu2bpEuav87Nycohjbrkcpump,PP-699bf45233aa71cb5609dbd2eb9e734b,FILLED,FALLBACK,2026-08-28T00:31:00.222314+00:00,,918387,,2026-08-28T00:31:01.985808+00:00,,1,100000000,2355000,98565448,2337069,-1434552,-6126621,13699221,LAST_FRESH_MARKET
FINAL-A,E3_TP10_T15,fp1sig-25c9f436554d07f4a6ef0273,7r3uhZ5DaUNFLvUjW5QwfYmpYFRzAAmGnzUC9VzMpump,PP-8d440c7104357213d3003b93b3a38327,FILLED,TAKE_PROFIT,2026-08-28T06:13:02.491838+00:00,1033466,1033495,2026-08-28T06:13:02.491838+00:00,2026-08-28T06:13:06.273351+00:00,,1,100000000,2355000,137856172,2828203,37856172,32672969,10884563,TRIGGER_MARKET
FINAL-A,E3_TP10_T15,fp1sig-2673666d3f9d52981856d7da,25FXW4168mmhdPP94xyeQ7NZYxbFT43BHbV2YFQJpump,PP-9883bdb9d803d7726cfe7b9fb3020d20,FILLED,FALLBACK,2026-08-28T01:55:58.639021+00:00,,942252,,2026-08-28T01:56:03.019094+00:00,,1,100000000,2355000,99065821,2343323,-934179,-5632502,13485478,LAST_FRESH_MARKET
FINAL-A,E3_TP10_T15,fp1sig-2696b9db8a8be69b262c41a5,5EApUjn3SnMzX3YZh7PXxYbFb7PUqvuMdZwzehbKpump,PP-40173922318b7ed7e2b7bab98ee403e2,FILLED,FALLBACK,2026-08-28T06:06:34.085410+00:00,,1031232,,2026-08-28T06:06:34.750714+00:00,,1,100000000,2355000,79007938,2092600,-20992062,-25439662,11641897,LAST_FRESH_MARKET
FINAL-A,E3_TP10_T15,fp1sig-26ee4bfd5ffefa12e1366214,Tm9zG1uKhPBDJUYZTNSukdM4X78ZR1nLuTTCwz4pump,PP-4eb4175edda1b713c0e30ef1f66e5af4,FILLED,FALLBACK,2026-08-27T13:37:36.563728+00:00,,782641,,2026-08-27T13:37:37.680692+00:00,,1,100000000,2355000,108321211,2459016,8321211,3507195,12357156,LAST_FRESH_MARKET
FINAL-A,E3_TP10_T15,fp1sig-270abfd6d053daa8886a1ff0,HVhKnCHb11C93eG3aUVzqGJBbJiUmjtYEVGAJ46spump,PP-e0b6f2a05c181e6f728b070ce7b913b7,FILLED,FALLBACK,2026-08-28T01:50:35.224948+00:00,,940541,,2026-08-28T01:51:54.224115+00:00,REJECTED_THEN_FILLED,10,100000000,2355000,80289871,2108624,-19710129,-24173753,90015915,LAST_FRESH_MARKET
FINAL-A,E3_TP10_T15,fp1sig-277fee1b90cc02be5854079f,CBZBdg5pCgpAEsLbUJRekQEFdzr2tF5EunVbUGCQpump,PP-c339161027b5b98cc86a8f4094ebafa4,UNRESOLVED,FALLBACK,2026-08-28T07:58:12.981541+00:00,,,,,REJECTED_SLIPPAGE,627,100000000,2355000,,,,,,LAST_FRESH_MARKET
FINAL-A,E3_TP10_T15,fp1sig-2782bb374e3a64b09d8e703e,GbxZSi3vRY5PTK8N4hzDmhtm1vM4bEaBV5kRvxLFpump,PP-e3af25c4cf0befe13411b81eed87eb31,FILLED,TAKE_PROFIT,2026-08-27T17:37:05.064132+00:00,820565,820580,2026-08-27T17:37:05.064132+00:00,2026-08-27T17:37:09.207336+00:00,,1,100000000,2355000,99450491,2348132,-549509,-5252641,8861398,TRIGGER_MARKET
FINAL-A,E3_TP10_T15,fp1sig-29f847fb15d3671ec461378e,J7Z13EF3PYmMDxSFbYchxUoLtSLHwubEM3PRvjjepump,PP-2a54109c3c911a070c310fe81d10aee6,FILLED,FALLBACK,2026-08-28T04:43:10.160210+00:00,,1002149,,2026-08-28T04:43:12.654128+00:00,,1,100000000,2355000,48067216,1705841,-51932784,-55993625,13207636,LAST_FRESH_MARKET
FINAL-A,E3_TP10_T15,fp1sig-2a060f4fe52c239ee52a2975,2jMXLqaZKronWNBzfgsCvWoWeFkh8oTmFi3xb2Zgpump,PP-7ce7abe3e134193665a2b63c33c607fa,FILLED,FALLBACK,2026-08-28T06:20:15.912222+00:00,,1036265,,2026-08-28T06:20:24.710218+00:00,,1,100000000,2355000,80195820,2107448,-19804180,-24266628,18884718,LAST_FRESH_MARKET
FINAL-A,E3_TP10_T15,fp1sig-2a41b953902cbcf1f3f86c26,BbDcCetDDKZZMub4epn3DMncz7AxWiWfAUtR2yiZpump,PP-fed695720534a1ecc67257cd2e460294,FILLED,FALLBACK,2026-08-27T18:44:42.980041+00:00,,834459,,2026-08-27T18:45:31.961263+00:00,,1,100000000,2355000,106323807,2434048,6323807,1534759,60250134,LAST_FRESH_MARKET
FINAL-A,E3_TP10_T15,fp1sig-2a7cb5b681b6305f4ef6b88f,8svoRacQL9w1jEjcaKFXE4sZpjWDvYmjPgmyjdszpump,PP-3f63d079db25fbcbc0b64e61d6eeb5de,FILLED,FALLBACK,2026-08-28T04:37:34.094529+00:00,,1000391,,2026-08-28T04:37:36.963712+00:00,,1,100000000,2355000,100044759,2355560,44759,-4665801,14344601,LAST_FRESH_MARKET
FINAL-A,E3_TP10_T15,fp1sig-2b0d059b864fdfa1e778291c,J7eLJGC4VjYEkgWWXpak4T4JaDMzA7wBUMAAdWfapump,PP-f8f9212134dd42f2b852a4948bb10651,FILLED,FALLBACK,2026-08-28T12:22:00.729422+00:00,,1160352,,2026-08-28T12:22:10.692221+00:00,,1,100000000,2355000,110459138,2485740,10459138,5618398,15905651,RULE_REFERENCE_FALLBACK
FINAL-A,E3_TP10_T15,fp1sig-2b63e59c2b28c487db216d25,AwPZf38Jn4uz19HQnckf9VT6dEhhSvA9VwoPqZZLpump,PP-df4a7aae63fcfb20f5145190a80439c0,FILLED,FALLBACK,2026-08-28T08:07:41.543473+00:00,,1083625,,2026-08-28T08:07:43.943408+00:00,,1,100000000,2355000,71483412,1998543,-28516588,-32870131,13961999,LAST_FRESH_MARKET
FINAL-A,E3_TP10_T15,fp1sig-2c88a9ae046d0a5869582032,BcCL6BKr2WXQ2u8qLfhmpydN6nnrVbLxF6XBxJdKpump,PP-94ce82d5a395ac40b109140033fa6de9,FILLED,TAKE_PROFIT,2026-08-28T03:25:26.616801+00:00,976529,976535,2026-08-28T03:25:26.616801+00:00,2026-08-28T03:25:30.489628+00:00,,1,100000000,2355000,110045491,2480569,10045491,5209922,3952827,TRIGGER_MARKET
FINAL-A,E3_TP10_T15,fp1sig-2cfeee352c8c7f813f579eb2,EuYRNGmkyXirgiEau9gkgkHv8gB4d45yyAHTBfBWpump,PP-5c9068f9692cdb1badd8140345797308,FILLED,TAKE_PROFIT,2026-08-27T13:24:16.262656+00:00,779076,779111,2026-08-27T13:24:16.262656+00:00,2026-08-27T13:24:21.970454+00:00,,1,100000000,2355000,111967472,2504594,11967472,7107878,5889765,TRIGGER_MARKET
FINAL-A,E3_TP10_T15,fp1sig-2d40ec6fb372bf2250965996,E1aVB6KRL3CG9sP51EVZpmLVqWs8yyVv21pLfyEUpump,PP-6d5ec937c6d7c3cdf763f4e64712db3c,FILLED,TAKE_PROFIT,2026-08-28T00:00:36.197395+00:00,910160,910201,2026-08-28T00:00:36.197395+00:00,2026-08-28T00:00:41.106119+00:00,,1,100000000,2355000,114514587,2536433,14514587,9623154,7833002,TRIGGER_MARKET
FINAL-A,E3_TP10_T15,fp1sig-2d7e71340d1a91184543a88b,4Rtw1qv3b2Dx2yuG3we2skRt15rQodgk786xAURVMrMe,PP-5aafc758883e0fa80d745d64c311a838,FILLED,FALLBACK,2026-08-28T06:39:06.536778+00:00,,1044455,,2026-08-28T06:39:34.102896+00:00,,1,100000000,2355000,98273626,2333421,-1726374,-6414795,28047803,RULE_REFERENCE_FALLBACK
FINAL-A,E3_TP10_T15,fp1sig-2dc2120b7025fb83e309bb18,4U3YiKGkrNUfRDLq8phDuoKt5f8vzgjNcW1z7U58pump,PP-a4914f14e44c8b510e37182b5458b3aa,FILLED,FALLBACK,2026-08-27T12:41:59.976483+00:00,,769889,,2026-08-27T12:42:03.373470+00:00,,1,100000000,2355000,101501410,2373768,1501410,-3227358,13960108,LAST_FRESH_MARKET
FINAL-A,E3_TP10_T15,fp1sig-2e36eea01ec96df3b7bf5f41,CxVkEJGccXWQ3qay9Piepw77tJF6jqdw21B2LtK4pump,PP-804c225cb4e2f6a54ed6d3761587eda3,FILLED,FALLBACK,2026-08-27T20:43:07.232166+00:00,,857168,,2026-08-27T20:43:12.521367+00:00,,1,100000000,2355000,98473236,2335916,-1526764,-6217680,10687997,LAST_FRESH_MARKET
FINAL-A,E3_TP10_T15,fp1sig-2f0ea0aff62785653b1549a8,DFE2mG3RTytE174M2khoTwTCzSn4C1YzMUoyhqi2pump,PP-e68abf5585bb4362c71a82e9bac9daa1,FILLED,TAKE_PROFIT,2026-08-28T01:08:44.470852+00:00,926857,926913,2026-08-28T01:08:44.470852+00:00,2026-08-28T01:08:58.667498+00:00,REJECTED_THEN_FILLED,5,100000000,2355000,96001723,2305022,-3998277,-8658299,23539380,TRIGGER_MARKET
FINAL-A,E3_TP10_T15,fp1sig-2f76f02be7ce6811dacd5746,FxdmSh62EjUbKLQTGTenh2pkKvbjoMLw5p3fUqnfpump,PP-ad7c07c556447c64db9e0752d7b10783,UNRESOLVED,FALLBACK,2026-08-27T19:18:51.710764+00:00,,,,,REJECTED_SLIPPAGE,115,100000000,2355000,,,,,,RULE_REFERENCE_FALLBACK
FINAL-A,E3_TP10_T15,fp1sig-2fa41212c92b2985b5279c6d,FqV7LbQZof7iPcno584m3nWJU7V7mXDpyDhLNCtpump,PP-6ba0ac2383f6a72a4cc157435bb93c6b,FILLED,FALLBACK,2026-08-28T12:03:44.453230+00:00,,1155738,,2026-08-28T12:04:19.040090+00:00,,1,100000000,2355000,99409648,2347621,-590352,-5292973,39253360,RULE_REFERENCE_FALLBACK
FINAL-A,E3_TP10_T15,fp1sig-301bed8ed2781ddf868c5c4b,AP8nD8BiaEEfixcQZ3L3Md61QsQYDAhG7NcsTYSzpump,PP-261edd968f1f40ba76308ffe2d98a02d,FILLED,TAKE_PROFIT,2026-08-28T10:43:40.235167+00:00,1129304,1129391,2026-08-28T10:43:40.235167+00:00,2026-08-28T10:43:49.554349+00:00,,1,100000000,2355000,119570666,2599634,19570666,14616032,13839013,TRIGGER_MARKET
FINAL-A,E3_TP10_T15,fp1sig-3073d478391469ac7a151986,Acvh2GTyLmf2a9b7FvAyk7BNFDQZQiK3TTds8C3Xpump,PP-32596d1463583fa388c4c41c743ccafb,FILLED,FALLBACK,2026-08-27T17:21:05.083310+00:00,,817493,,2026-08-27T17:21:12.836552+00:00,,1,100000000,2355000,106637162,2437965,6637162,1844197,22029202,LAST_FRESH_MARKET
FINAL-A,E3_TP10_T15,fp1sig-31458e320dae8311c8d478d7,DkmL5wUzScVHH2yKXe5QDVigf8qKubpMWrwku85fpump,PP-07ca4ae18555bd032a39c53d6b1875cf,FILLED,FALLBACK,2026-08-28T11:48:46.050976+00:00,,1152534,,2026-08-28T11:53:22.312989+00:00,REJECTED_THEN_FILLED,8,100000000,2355000,124225456,2657819,24225456,19212637,285019226,RULE_REFERENCE_FALLBACK
FINAL-A,E3_TP10_T15,fp1sig-317f612ced0dd82ba6013abc,TzWXTvH3x6RSXQAdaHef32KebTcFGzYSRUjxoBDpump,PP-397c87969d14ff6182d9d1ee6ab279db,FILLED,FALLBACK,2026-08-27T15:43:14.428799+00:00,,804281,,2026-08-27T15:43:17.473713+00:00,,1,100000000,2355000,114648687,2538109,14648687,9755578,14981075,LAST_FRESH_MARKET
FINAL-A,E3_TP10_T15,fp1sig-344350a148606a882f2c19b9,GE3g1cPNFmxWEja9JLLnVKa7pUhc7oKW1ME88mr9pump,PP-dd5db6fcdef95929b7aaf069de6726d8,FILLED,TAKE_PROFIT,2026-08-28T07:08:49.396063+00:00,1057860,1057877,2026-08-28T07:08:49.396063+00:00,2026-08-28T07:08:52.958545+00:00,,1,100000000,2355000,122840200,2640503,22840200,17844697,6663576,TRIGGER_MARKET
FINAL-A,E3_TP10_T15,fp1sig-35cd2fff15db11561921fad2,EsDdNgyqj8RkSiUG4sWNm9txBHf4c3s2kZKBJJB3pump,PP-065daafe3bf5026bac19c1221677ca3d,FILLED,FALLBACK,2026-08-28T01:22:47.815490+00:00,,931006,,2026-08-28T01:22:50.516313+00:00,,1,100000000,2355000,90141862,2231774,-9858138,-14444912,6755071,LAST_FRESH_MARKET
FINAL-A,E3_TP10_T15,fp1sig-35d01e24ca5586b95aa10a55,5YrKpUkjym5gdcFdRVhJkAWuCa6oSeokcx9iQ1e3fqCn,PP-ec2a546de2d70667b25ac31900aa7914,FILLED,FALLBACK,2026-08-28T12:21:56.538870+00:00,,1160290,,2026-08-28T12:22:00.187862+00:00,,1,100000000,2355000,107643262,2450541,7643262,2837721,11118830,RULE_REFERENCE_FALLBACK
FINAL-A,E3_TP10_T15,fp1sig-36365a706421a511f653d3a1,6aqxWcHE7Swxhbs474Cq6kYZuyB8tju7JojW9gTvpump,PP-d726962b0e891a53e997276d5c04f546,FILLED,TAKE_PROFIT,2026-08-28T04:58:07.993058+00:00,1007226,1007259,2026-08-28T04:58:07.993058+00:00,2026-08-28T04:58:11.148397+00:00,,1,100000000,2355000,115325104,2546564,15325104,10423540,6770633,TRIGGER_MARKET
FINAL-A,E3_TP10_T15,fp1sig-36a6480339676590f2e20811,FiRT4D7WmJjJyXjtzdGQbV1RPFtEA8V5pBXgXVqQpump,PP-ea8059faadeacfb757e4e581f9c8136a,FILLED,FALLBACK,2026-08-28T11:58:50.057270+00:00,,1154154,,2026-08-28T11:58:51.467802+00:00,,1,100000000,2355000,99458267,2348229,-541733,-5244962,3240146,RULE_REFERENCE_FALLBACK
FINAL-A,E3_TP10_T15,fp1sig-36bc1514d59fa72e065b9b47,BXvprFuA7WU1bbUokKnDA4vHohumbdeE5sEnF2Xwpump,PP-85b5f36d64e2e4c58848f15afb903938,FILLED,FALLBACK,2026-08-27T22:36:58.189235+00:00,,887712,,2026-08-27T22:37:00.927145+00:00,,1,100000000,2355000,105110065,2418876,5110065,336189,14601279,LAST_FRESH_MARKET
FINAL-A,E3_TP10_T15,fp1sig-3715341f6a689948747bd740,6Lrr828SoJz7RzGf3wvSmL2Wvdd6s1fgt35NYY66pump,PP-2dad694c9a8b12ba5df5753379bc7ee0,FILLED,TAKE_PROFIT,2026-08-28T06:21:51.794300+00:00,1036724,1036799,2026-08-28T06:21:51.794300+00:00,2026-08-28T06:22:05.916884+00:00,,1,100000000,2355000,88949889,2216874,-11050111,-15621985,14124584,TRIGGER_MARKET
FINAL-A,E3_TP10_T15,fp1sig-37409137d7814adb9d1d8fa2,GvA9DSJm4xanGZ2TbKteaWkmqowTsQGj5GCKh6pYpump,PP-bcaf21703c1fbdda9fe0d838ab416df3,FILLED,TAKE_PROFIT,2026-08-28T02:18:55.940595+00:00,950087,950374,2026-08-28T02:18:55.940595+00:00,2026-08-28T02:19:29.679311+00:00,,1,100000000,2355000,96908675,2316359,-3091325,-7762684,33742714,TRIGGER_MARKET
FINAL-A,E3_TP10_T15,fp1sig-37779f7399dd836ae7f26d5c,FXUyYpaw3MLcEN8L7357MhHYREdjR8iwVCevjibXpump,PP-b44aaf79e89ca4ebb8d2d872c410a104,FILLED,FALLBACK,2026-08-27T17:56:40.217624+00:00,,824568,,2026-08-27T17:56:48.434584+00:00,,1,100000000,2355000,132749936,2764375,32749936,27630561,9295327,RULE_REFERENCE_FALLBACK
FINAL-A,E3_TP10_T15,fp1sig-3778b0bd3505d0e4e939bcfc,74TifhfvCG7P7z9m5bTAngVydXm6h7Zq5N4g3LpptE2d,PP-10db346fd2433f1bf9a2c6230190ba04,FILLED,FALLBACK,2026-08-28T09:07:28.256407+00:00,,1102260,,2026-08-28T09:07:32.970891+00:00,,1,100000000,2355000,96754702,2314434,-3245298,-7914732,16125853,LAST_FRESH_MARKET
FINAL-A,E3_TP10_T15,fp1sig-3780d45f862a995f002b8d5d,DkGJQpdR2jGEAJPkQKGCs6JNvpy4dLhGDY61C9bbpump,PP-8e4268205789b376f12760f4ce65889f,FILLED,FALLBACK,2026-08-28T05:17:47.765709+00:00,,1012784,,2026-08-28T05:18:23.469462+00:00,,1,100000000,2355000,99384941,2347312,-615059,-5317371,44322636,RULE_REFERENCE_FALLBACK
FINAL-A,E3_TP10_T15,fp1sig-379db4492cad50707f40d108,2oaVcVuXB37bHJ4TLLRCqLgyTsW9a1VpzNvoYiqbpump,PP-08329fe8f5248c4fdbf1a43189fe4c0a,FILLED,FALLBACK,2026-08-28T06:24:03.292066+00:00,,1037360,,2026-08-28T06:24:13.651271+00:00,,1,100000000,2355000,99458503,2348232,-541497,-5244729,13653059,RULE_REFERENCE_FALLBACK
FINAL-A,E3_TP10_T15,fp1sig-37a4fd99918d444479fa5c3f,9tcVQwbzfYNbu2ymBHT9EFDU8a6rk7X95bk72knRpump,PP-5a51945e6715fd20e1970cd9ab238f3b,FILLED,FALLBACK,2026-08-28T06:05:17.909413+00:00,,1030696,,2026-08-28T06:05:23.550001+00:00,,1,100000000,2355000,103534764,2399185,3534764,-1219421,17335313,LAST_FRESH_MARKET
FINAL-A,E3_TP10_T15,fp1sig-37ec0fab166dd1501a594652,BhViZziQ8K2gHkEDF1YkugTGRcoUAm7GAvWw9Unopump,PP-f8d33fd15ee24a31c14a0fb8e347111d,FILLED,FALLBACK,2026-08-28T05:24:37.517152+00:00,,1015121,,2026-08-28T05:24:38.190629+00:00,,1,100000000,2355000,119304106,2596302,19304106,14352804,6951332,RULE_REFERENCE_FALLBACK
FINAL-A,E3_TP10_T15,fp1sig-37ec2ec3835e3fae3ca6f798,2gorLvZ9EjU6rbdsgRrxnueoN5fUe63Uy92yaNnYpump,PP-0392e8862b7026ce3bed52b72e8cff76,FILLED,FALLBACK,2026-08-27T16:42:02.077457+00:00,,811674,,2026-08-27T16:42:08.130086+00:00,,1,100000000,2355000,99128630,2344108,-871370,-5570478,16958692,LAST_FRESH_MARKET
FINAL-A,E3_TP10_T15,fp1sig-3858a9519cd8f26408366831,CMXyGHo1jLUCMRNRRmqNUr1sjXT3snFSXqdTG3WUpump,PP-eb8fe22456c1c5c88f83553025613c1f,FILLED,TAKE_PROFIT,2026-08-28T03:14:48.718843+00:00,972238,972256,2026-08-28T03:14:48.718843+00:00,2026-08-28T03:14:51.471680+00:00,,1,100000000,2355000,163199097,3144989,63199097,57699108,5662218,TRIGGER_MARKET
FINAL-A,E3_TP10_T15,fp1sig-38e250ff4a84e83f63f91918,2x4iY5AaiGyRfxzHzSY1KzQJ7K82SDqmkMApwbcRpump,PP-627bc8a15e4efdb6363f32ad4d421afe,FILLED,TAKE_PROFIT,2026-08-27T19:40:12.529203+00:00,845466,845483,2026-08-27T19:40:12.529203+00:00,2026-08-27T19:40:15.585802+00:00,,1,100000000,2355000,123560809,2649511,23560809,18556298,3185726,TRIGGER_MARKET
FINAL-A,E3_TP10_T15,fp1sig-3921721c887479d10c2e10f6,6W7wrYfvQU1BPHoSNynQ49LeBNEWRo8yBRWwj7FEpump,PP-aa48938ec3a577c9b65eca908bf85b45,FILLED,TAKE_PROFIT,2026-08-27T23:45:23.083886+00:00,905170,905224,2026-08-27T23:45:23.083886+00:00,2026-08-27T23:45:26.768962+00:00,REJECTED_THEN_FILLED,2,100000000,2355000,139152283,2844404,39152283,33952879,7388099,TRIGGER_MARKET
FINAL-A,E3_TP10_T15,fp1sig-39f4f6410c95252fd0ee8619,FRUFjB44XfnHvfirBnxJT5qrk3DyWoLMydFRwMGvpump,PP-983a4db64a2fba28b28d7d161853e3d0,FILLED,FALLBACK,2026-08-27T22:16:38.041608+00:00,,882232,,2026-08-27T22:16:46.960415+00:00,,1,100000000,2355000,89618410,2225231,-10381590,-14961821,19971493,LAST_FRESH_MARKET
FINAL-A,E3_TP10_T15,fp1sig-3b44293425b93159324e198b,3maNqY5bJzNgZjueR61dda4SxXHSXvtCPV8jQj1xpump,PP-452455ac905005ca48258aa4bbbdaf98,FILLED,TAKE_PROFIT,2026-08-27T21:50:58.844976+00:00,875220,875375,2026-08-27T21:50:58.844976+00:00,2026-08-27T21:51:36.427993+00:00,,1,100000000,2355000,104017101,2405214,4017101,-743113,37584017,TRIGGER_MARKET
FINAL-A,E3_TP10_T15,fp1sig-3b875247d4ea1bb5fb4fdb17,Ga9qB4Zca7LghZYwsr5nevomPocWfyrSL9AhPLVWMZGA,PP-eaae9b91faf82e65d124ea92fb2cd965,UNRESOLVED,FALLBACK,2026-08-28T06:05:46.576189+00:00,,,,,NO_CAUSAL_FILL,0,100000000,2355000,,,,,,RULE_REFERENCE_FALLBACK
FINAL-A,E3_TP10_T15,fp1sig-3b99b882ff16ddf78562140c,3GV5j98XT3sgTpK32sFydRBwQsZP9zjek38a8VKbpump,PP-d1dca82e4f53c9c871592014799ae2d7,FILLED,FALLBACK,2026-08-28T09:29:48.333055+00:00,,1107041,,2026-08-28T09:29:49.182765+00:00,,1,100000000,2355000,98930557,2341632,-1069443,-5766075,10168729,RULE_REFERENCE_FALLBACK
FINAL-A,E3_TP10_T15,fp1sig-3c1c038c31b5e943d409bd98,CWzoaK6SkBVHgBWZ2edNX3HJFzxfLTKGpoWFX5UVpump,PP-bbeccd7b66f471daccb35700a720cc31,FILLED,FALLBACK,2026-08-27T23:55:22.323194+00:00,,908680,,2026-08-27T23:55:29.228637+00:00,,1,100000000,2355000,99814551,2352682,-185449,-4893131,7055342,RULE_REFERENCE_FALLBACK
FINAL-A,E3_TP10_T15,fp1sig-3c42474712644518b046031a,E6kuLzpXY57mchPDAh9B1zqa1fwq5oavroJtmPqUpump,PP-f17402cad66adbfafae48972f93cc155,FILLED,FALLBACK,2026-08-28T03:36:53.783258+00:00,,980493,,2026-08-28T03:37:14.504737+00:00,,1,100000000,2355000,103303768,2396298,3303768,-1447530,32243948,LAST_FRESH_MARKET
FINAL-A,E3_TP10_T15,fp1sig-3dc93c0a85f7098309bcd00f,EtRoEwxkProfKYr7azw5eU3yUq3q3aMaeYyJZXHVpump,PP-ab5445c3876a443820d9479c29a770f2,FILLED,FALLBACK,2026-08-28T05:56:17.056433+00:00,,1028282,,2026-08-28T05:57:13.559006+00:00,,1,100000000,2355000,95791826,2302398,-4208174,-8865572,68212479,LAST_FRESH_MARKET
FINAL-A,E3_TP10_T15,fp1sig-3df20d1a09defa2062514bd1,FjkF4ku9JJV935N5sYXWLivhBMsmfQUw3h6xQoopump,PP-f56f2bb2114db5cd3ae7368fca000693,FILLED,TAKE_PROFIT,2026-08-28T02:41:04.987842+00:00,957469,957476,2026-08-28T02:41:04.987842+00:00,2026-08-28T02:41:08.573677+00:00,,1,100000000,2355000,125653702,2675672,25653702,20623030,7565277,TRIGGER_MARKET
FINAL-A,E3_TP10_T15,fp1sig-3e5517d38e5d9d6b4ea476a1,DMYowGeSqxMe8fX9NwPgfyUePspSPjNFEA81fbqtpump,PP-d0b959de3c4b51c03e76c0a93577e52a,FILLED,FALLBACK,2026-08-27T18:23:18.419352+00:00,,830713,,2026-08-27T18:24:06.347141+00:00,,1,100000000,2355000,81577679,2124721,-18422321,-22902042,57929714,LAST_FRESH_MARKET
FINAL-A,E3_TP10_T15,fp1sig-3ebf67c7d0afbe3aae17c557,6is9DoYNiGkvaQpNwvVw8Eu16UQYPnvagq3DebwNpump,PP-bd192c66f83a71141d06cde991f6d91f,FILLED,FALLBACK,2026-08-28T03:08:45.754706+00:00,,969703,,2026-08-28T03:08:49.906349+00:00,,1,100000000,2355000,94448014,2285601,-5551986,-10192587,14012914,LAST_FRESH_MARKET
FINAL-A,E3_TP10_T15,fp1sig-3f4ad9b241a881c71ba35b0b,9sRczX8yN18n28zeemNDfKeX73Kraw3rMboGkFCipump,PP-5bc65256f695b95c3c263eaa38cc4394,FILLED,TAKE_PROFIT,2026-08-28T11:38:15.577676+00:00,1147768,1147784,2026-08-28T11:38:15.577676+00:00,2026-08-28T11:38:19.357101+00:00,,1,100000000,2355000,141495531,2873695,41495531,36266836,4131907,TRIGGER_MARKET
FINAL-A,E3_TP10_T15,fp1sig-40530fff2004411784c2d8f7,5ohKcX5kcxfLhdZ78HK4ZD2deDquZd8VqtqTD6Evpump,PP-3acab53c987d10bb3b936ab367f274bb,UNRESOLVED,FALLBACK,2026-08-27T21:30:18.650705+00:00,,,,,NO_CAUSAL_FILL,0,100000000,2355000,,,,,,RULE_REFERENCE_FALLBACK
FINAL-A,E3_TP10_T15,fp1sig-41197d522805a20239c90bfb,9P1ksnPMPU7DLTFcYheAThYnnHXhBgo3cpaxoviRpump,PP-9ca5bc8af5c20aa60babbbfc33819bd3,FILLED,TAKE_PROFIT,2026-08-28T01:37:52.148171+00:00,936478,936496,2026-08-28T01:37:52.148171+00:00,2026-08-28T01:37:55.461726+00:00,,1,100000000,2355000,112931836,2516648,12931836,8060188,6626611,TRIGGER_MARKET
FINAL-A,E3_TP10_T15,fp1sig-420ccac0fd1ed5c01fa94fcf,4dxZFZNJ5R5FGEYEdnX66Rz8NQAx79BowePxjb9qpump,PP-fb62038d3c8945be2dc5962357f00379,FILLED,FALLBACK,2026-08-28T04:02:02.195578+00:00,,988224,,2026-08-28T04:02:03.655167+00:00,,1,100000000,2355000,89229346,2220367,-10770654,-15346021,12727477,LAST_FRESH_MARKET
FINAL-A,E3_TP10_T15,fp1sig-424863b32fdc73816563379b,8qCLxD59wbmBFoJ1JRCumKsXMJqDwUUzZPnxe9yTpump,PP-b5245414807d4f77d90ed190fa0555c1,FILLED,FALLBACK,2026-08-28T07:00:06.237185+00:00,,1054592,,2026-08-28T07:00:12.743230+00:00,REJECTED_THEN_FILLED,3,100000000,2355000,36381813,1559773,-63618187,-67532960,18075686,LAST_FRESH_MARKET
FINAL-A,E3_TP10_T15,fp1sig-4283b0acff8351383c790588,ArMx2jui6sRG843wj79922CBzv189U9okywx83y8pump,PP-5e1cd182159ac51fd65f80308ff79599,FILLED,TAKE_PROFIT,2026-08-27T13:39:29.828893+00:00,783139,783153,2026-08-27T13:39:29.828893+00:00,2026-08-27T13:39:35.371197+00:00,,1,100000000,2355000,110549957,2486875,10549957,5708082,9233673,TRIGGER_MARKET
FINAL-A,E3_TP10_T15,fp1sig-42e0d3316b5ee098c998a749,49ruM71J9tRi4janMP9SVu7DdtRvESRb24zfgwtCpump,PP-62a458f7fa79bc8fdb394858d675aec5,FILLED,FALLBACK,2026-08-28T10:40:36.763341+00:00,,1128270,,2026-08-28T10:40:45.340927+00:00,,1,100000000,2355000,97779469,2327244,-2220531,-6902775,20567054,RULE_REFERENCE_FALLBACK
FINAL-A,E3_TP10_T15,fp1sig-43cfa0b92ba1e8a98feace23,7Q134BRAMnBuExtijx1PKA84cBxt48FZoy3ovyGmpump,PP-4bdb5be7e6e985c1116542928e78519e,FILLED,FALLBACK,2026-08-28T05:10:30.809343+00:00,,1010732,,2026-08-28T05:10:32.559028+00:00,,1,100000000,2355000,106512552,2436407,6512552,1721145,13220816,LAST_FRESH_MARKET
FINAL-A,E3_TP10_T15,fp1sig-43e5e0c53850af89ed1bb9d0,CxYdznfg3uP3nRD7VZiaicyUd8nHeEFmzsUrADzepump,PP-3d8d89ba5d5bbde033ac5e7a5a1f7ba7,FILLED,FALLBACK,2026-08-28T00:51:05.859466+00:00,,923709,,2026-08-28T00:51:11.625126+00:00,,1,100000000,2355000,94093694,2281172,-5906306,-10542478,16864689,LAST_FRESH_MARKET
FINAL-A,E3_TP10_T15,fp1sig-43ff6c4b331226901bcd9103,EK4ToFX4xHJQvHijkPasyQqRyxEQx3PcVpS9ebuopump,PP-d779e93683b8d29d4ff7f26a357d076d,FILLED,TAKE_PROFIT,2026-08-27T14:16:02.112512+00:00,789754,789782,2026-08-27T14:16:02.112512+00:00,2026-08-27T14:16:07.721539+00:00,,1,100000000,2355000,101349648,2371871,1349648,-3377223,9057239,TRIGGER_MARKET
FINAL-A,E3_TP10_T15,fp1sig-4427487a54001f9ec6b77530,73e41CtX2qMaLELWVEJrBaL8bpkrtZPtRoyeM4CNpump,PP-6e4c922aacd193a4e6ded6b8d2fe6b6e,FILLED,FALLBACK,2026-08-27T22:23:08.546662+00:00,,884269,,2026-08-27T22:23:15.079699+00:00,,1,100000000,2355000,103789901,2402374,3789901,-967473,8054225,RULE_REFERENCE_FALLBACK
FINAL-A,E3_TP10_T15,fp1sig-44a399a7b0b1ead55a024380,4mgvNRnLXc8a9QhcUJD158NK1rsWyZh6akejyv93pump,PP-1b24aaf9d44e75ac63e3c06455f913fd,FILLED,FALLBACK,2026-08-28T05:02:05.477569+00:00,,1008501,,2026-08-28T05:02:08.637639+00:00,,1,100000000,2355000,109064557,2468307,9064557,4241250,14940628,LAST_FRESH_MARKET
FINAL-A,E3_TP10_T15,fp1sig-4529fb39add8736d8b5012d9,GWNqGLRxCNdAx7keD14mssr2u3G1RL1HPXxtQQy6pump,PP-070623388231e0268ab44b2d6d0bdcd5,FILLED,FALLBACK,2026-08-28T03:24:09.140698+00:00,,976120,,2026-08-28T03:24:12.723652+00:00,,1,100000000,2355000,81754164,2126928,-18245836,-22727764,14161303,LAST_FRESH_MARKET
FINAL-A,E3_TP10_T15,fp1sig-4577712b5fdc2f72a0baa5a5,A3j5HhRsLbXYawNvr1dfyprEWDmWELWiYMsneRUrpump,PP-b3ac7fa75263a018c66605c5186d2dc6,FILLED,FALLBACK,2026-08-28T07:09:34.633410+00:00,,1058214,,2026-08-28T07:09:36.291793+00:00,,1,100000000,2355000,134841187,2790515,34841187,29695672,12988758,LAST_FRESH_MARKET
FINAL-A,E3_TP10_T15,fp1sig-45c0987dac6c7a27d66b3e5a,5ceGKyRhSDpBUofTK9CSq75tRyUt24iqjqt4CBnzpump,PP-9abd236b4c823f92722669762d89c36c,FILLED,FALLBACK,2026-08-28T10:17:56.172083+00:00,,1120559,,2026-08-28T10:17:58.866303+00:00,,1,100000000,2355000,46646109,1688077,-53353891,-57396968,17099996,LAST_FRESH_MARKET
FINAL-A,E3_TP10_T15,fp1sig-46718fc5e12997f1b50a4037,39PXnSfcR2huVAjYJgGzEv8mm1jus6TAs694cBS95bZd,PP-9f2b3cd7a1af90c076056c4128ef5978,FILLED,FALLBACK,2026-08-28T03:28:18.590671+00:00,,977464,,2026-08-28T03:28:30.764505+00:00,,1,100000000,2355000,107230836,2445386,7230836,2430450,16148267,RULE_REFERENCE_FALLBACK
FINAL-A,E3_TP10_T15,fp1sig-4684455aa057198d26436275,FavLPSJrZkJbw3MKWCJg1ufqu5Acg8DyMXMBg1kDpump,PP-b6f6332e7a7d0fd211cb739db72089f6,FILLED,FALLBACK,2026-08-28T00:05:28.750328+00:00,,911354,,2026-08-28T00:05:34.764524+00:00,,1,100000000,2355000,97155935,2319450,-2844065,-7518515,10900039,LAST_FRESH_MARKET
FINAL-A,E3_TP10_T15,fp1sig-46b2c413b2b572eae6a01078,8X9paKipu8zADXqC7UHXsyaCmErCadiHqy7yXh3Dpump,PP-9fddee4193ff39b9cce8a6f3538c1f59,FILLED,TAKE_PROFIT,2026-08-28T04:09:38.989246+00:00,991522,991532,2026-08-28T04:09:38.989246+00:00,2026-08-28T04:09:42.007572+00:00,,1,100000000,2355000,115385927,2547325,15385927,10483602,3070324,TRIGGER_MARKET
FINAL-A,E3_TP10_T15,fp1sig-4782d87ecb379bb45a0b53c4,3AZKWm4P7nsijbTQ9HbVHmUEf9dWL3QDpePEHpZvpump,PP-b6d61603ae1e812e96e80b84b94fd179,FILLED,FALLBACK,2026-08-28T11:24:23.369373+00:00,,1143012,,2026-08-28T11:25:27.357990+00:00,,1,100000000,2355000,96733277,2314166,-3266723,-7935889,74961111,RULE_REFERENCE_FALLBACK
FINAL-A,E3_TP10_T15,fp1sig-47eb2c6c55f3164461821588,8YvpaoxL6xNsyK1kWLzYKiSmGwfe9MBR7XkSbyASpump,PP-c483a1c6c569a5ed301020f4be8d6b13,FILLED,FALLBACK,2026-08-27T16:52:44.128578+00:00,,813304,,2026-08-27T16:53:02.035761+00:00,,1,100000000,2355000,130082903,2731037,30082903,24996866,24045476,LAST_FRESH_MARKET
FINAL-A,E3_TP10_T15,fp1sig-488050f0f4edd819b3a96275,2HDEFmVus7aKrZoW5jb5ow34W7Hq33vRqFomT3FVpump,PP-d399fd8c413bb6412f1524d227a3c429,FILLED,FALLBACK,2026-08-28T11:46:25.145325+00:00,,1150527,,2026-08-28T11:46:28.504595+00:00,,1,100000000,2355000,45474718,1673434,-54525282,-58553716,13813821,LAST_FRESH_MARKET
FINAL-A,E3_TP10_T15,fp1sig-48b2379629cf781fc2a8a61e,DuAXXUCMA8m7rZr2y6H8yFPPAZE3WZBmTGGndG4Bpump,PP-fe941339994473cfbac4951b482ddfd8,FILLED,FALLBACK,2026-08-28T01:23:08.884290+00:00,,931072,,2026-08-28T01:23:11.111276+00:00,,1,100000000,2355000,98568288,2337104,-1431712,-6123816,10376637,LAST_FRESH_MARKET
FINAL-A,E3_TP10_T15,fp1sig-48d40e81be9a21ef56d3d7b7,BCZZqkTabyq2YqFG7D9t4Xs4a4dRSJWKKX6TmmrFpump,PP-8220f2e56117ad6a547ee45c10c9004a,FILLED,FALLBACK,2026-08-27T18:26:18.482018+00:00,,831058,,2026-08-27T18:26:35.089400+00:00,,1,100000000,2355000,99429717,2347872,-570283,-5273155,23349923,RULE_REFERENCE_FALLBACK
FINAL-A,E3_TP10_T15,fp1sig-48f11559b99a3e28c1e646e8,4eZhAhMVnxNxxfQSP2NuLZ6TneWzdq7f9t6xTrDkpump,PP-ac4572c8e3a4ec10e8b68028ff74ce2c,FILLED,TAKE_PROFIT,2026-08-27T19:29:02.511304+00:00,843404,843415,2026-08-27T19:29:02.511304+00:00,2026-08-27T19:29:05.345867+00:00,,1,100000000,2355000,114725636,2539071,14725636,9831565,2835563,TRIGGER_MARKET
FINAL-A,E3_TP10_T15,fp1sig-491847690df28ca7ce90b18c,7gFCSenSwhjzBvXTGD2j5oohM9WZsQdbTNXUY4wqRyH9,PP-07e28eef93c9253d9b432b228d1c0ae5,FILLED,FALLBACK,2026-08-27T20:28:51.002272+00:00,,854428,,2026-08-27T20:28:59.947481+00:00,,1,100000000,2355000,95451790,2298148,-4548210,-9201358,20709725,LAST_FRESH_MARKET
FINAL-A,E3_TP10_T15,fp1sig-4950d74f2a458168f8011bf8,7XacgXyg9zUcCAT6bGTPe5LZxfwVqx9mjusZXk2Tpump,PP-eedc30fa9d8d15b6458c9e5a2a09fe55,FILLED,FALLBACK,2026-08-28T10:57:15.499863+00:00,,1134630,,2026-08-28T10:57:47.541950+00:00,,1,100000000,2355000,68200258,1957504,-31799742,-36112246,46102303,LAST_FRESH_MARKET
FINAL-A,E3_TP10_T15,fp1sig-495f2a48cd55916eb006bac9,5wk7yGJfXyWnxkM77DsExpEU6ZD8DQZpXC38swDfpump,PP-2808373ff18c296901ceb03e9f5a06cf,FILLED,TAKE_PROFIT,2026-08-28T02:27:06.208388+00:00,952524,952545,2026-08-28T02:27:06.208388+00:00,2026-08-28T02:27:12.865320+00:00,,1,100000000,2355000,105423687,2422797,5423687,645890,6671931,TRIGGER_MARKET
FINAL-A,E3_TP10_T15,fp1sig-4964521dc819d1f405a44472,5A3ypR3VkhDWrcCLi1xtn6k9Q8gfrQLwoU6mNAqApump,PP-ad8f76d20d1a088d374d214c6bc54c09,FILLED,FALLBACK,2026-08-28T05:00:32.260239+00:00,,1007970,,2026-08-28T05:00:34.964676+00:00,,1,100000000,2355000,87972537,2204657,-12027463,-16587120,14444546,LAST_FRESH_MARKET
FINAL-A,E3_TP10_T15,fp1sig-4a1e5120b3c7d0adb35a2b84,52MSuT8VjEWqjmNsygcbDSxJEx5moEFiXxceXTEdpump,PP-26b61eb819b05d147359979cbd903916,FILLED,FALLBACK,2026-08-27T20:47:28.946238+00:00,,858170,,2026-08-27T20:47:29.553305+00:00,,1,100000000,2355000,99638648,2350484,-361352,-5066836,10926671,LAST_FRESH_MARKET
FINAL-A,E3_TP10_T15,fp1sig-4a5aa1e0ee93b3a0b1399170,8pmkTnNTtyiLCgsurXUGBQ8yeDRZ8XWPSV9Z9a4ppump,PP-15ba777d69c198e59ddd2a6fa23a32a7,FILLED,FALLBACK,2026-08-28T02:14:11.115887+00:00,,948223,,2026-08-28T02:14:13.854639+00:00,,1,100000000,2355000,84087109,2156089,-15912891,-20423980,6970306,LAST_FRESH_MARKET
FINAL-A,E3_TP10_T15,fp1sig-4a6e6fa63d1b7e7c80390948,8TbTkjTwPAD48ct9jovD3TTRvGE85YJMoDVYQgqjpump,PP-59495cfbfa891f43e65329403aee69d8,FILLED,FALLBACK,2026-08-28T03:43:48.964894+00:00,,982569,,2026-08-28T03:43:55.362157+00:00,,1,100000000,2355000,38601497,1587519,-61398503,-65341022,17982582,LAST_FRESH_MARKET
FINAL-A,E3_TP10_T15,fp1sig-4a82ad268ecb2c0ff26a5e60,sXpdpjqdpqK3sivt7Dk4cAqzwKGuhVfvUNTU24epump,PP-fc78ca173b63af2515af4497672f6205,FILLED,FALLBACK,2026-08-28T03:52:13.099933+00:00,,985663,,2026-08-28T03:52:49.305742+00:00,,1,100000000,2355000,97086485,2318582,-2913515,-7587097,40164173,RULE_REFERENCE_FALLBACK
FINAL-A,E3_TP10_T15,fp1sig-4ab403fea399e28e54b2fd02,5B7wxEcA6fSLJRjPS15r45jb8U1Rca8XYuibTtefpump,PP-75a9106096cd8a4d4d260e5103192e97,FILLED,FALLBACK,2026-08-28T04:07:51.006670+00:00,,990971,,2026-08-28T04:07:53.859841+00:00,,1,100000000,2355000,74051744,2030647,-25948256,-30333903,14902445,LAST_FRESH_MARKET
FINAL-A,E3_TP10_T15,fp1sig-4b1875a3cdc2a8c7beb2f900,2R7ojs9kuPf8AehTqpz6Wk2LQuYbTBNr9xAZYuagpump,PP-01a8441e7e90c11d00060e1685f4e2b9,FILLED,FALLBACK,2026-08-28T04:19:11.316800+00:00,,994023,,2026-08-28T04:19:13.361057+00:00,,1,100000000,2355000,92695307,2263692,-7304693,-11923385,7472824,LAST_FRESH_MARKET
FINAL-A,E3_TP10_T15,fp1sig-4b50a9f025822af48520e236,CgVpQBProS22drhJ6pYfaMmq1tHnAee14pquehRopump,PP-de8441ed1fe27420f9993babcb882273,UNRESOLVED,FALLBACK,2026-08-28T08:12:32.630541+00:00,,,,,REJECTED_SLIPPAGE,6,100000000,2355000,,,,,,RULE_REFERENCE_FALLBACK
FINAL-A,E3_TP10_T15,fp1sig-4bded69e86b443c3f77f08fe,3DBbsCKC7ospE7BBxUs4ZDMoCa6dAHWPcACHE8Y5pump,PP-ac41e533dcbee8856a4fa1a49cffa4da,FILLED,FALLBACK,2026-08-28T03:41:26.819563+00:00,,981672,,2026-08-28T03:41:29.708969+00:00,,1,100000000,2355000,92550681,2261884,-7449319,-12066203,14253190,LAST_FRESH_MARKET
FINAL-A,E3_TP10_T15,fp1sig-4c6f86df2d3c03c2bbb5ce77,FJKwAnFCCfxMCbsiyiBjbotMjF6CNrGF1yyJRQ2Kpump,PP-c9a1e3f74f0a94ec907dcfd3bc559e3d,FILLED,FALLBACK,2026-08-27T23:04:34.680430+00:00,,894704,,2026-08-27T23:04:37.970663+00:00,,1,100000000,2355000,101646189,2375578,1646189,-3084389,15341458,LAST_FRESH_MARKET
FINAL-A,E3_TP10_T15,fp1sig-4d215e8f4c2a71c509d0fa2f,vPhfJxCn11fiLoLbDJ3Rc86o1xzYQuxMZVcBbgQpump,PP-e41e3bb54ab109fc113c22b91a106caf,FILLED,FALLBACK,2026-08-28T04:44:09.101679+00:00,,1002825,,2026-08-28T04:45:01.226363+00:00,,1,100000000,2355000,99384842,2347311,-615158,-5317469,60065412,LAST_FRESH_MARKET
FINAL-A,E3_TP10_T15,fp1sig-4d2b33c5b173d5ddb22e27f8,Ef3vEnmQQiCEqGcQ3t8c42PD1CsY6FVKo3FnRVmipump,PP-1499d13bae7a452b3ef0a7a1ddf568f8,FILLED,FALLBACK,2026-08-27T19:25:20.132049+00:00,,842491,,2026-08-27T19:25:48.845393+00:00,REJECTED_THEN_FILLED,2,100000000,2355000,86828852,2190361,-13171148,-17716509,29075607,LAST_FRESH_MARKET
FINAL-A,E3_TP10_T15,fp1sig-4e49923d8fd513a76f2f2a63,25FxjzGgyB5mqg73rsMsyKwcDNPCku8o3YsrP9kYpump,PP-57c24c279613a69d53abcc795d615c3d,FILLED,FALLBACK,2026-08-28T06:44:30.547782+00:00,,1046881,,2026-08-28T06:44:33.271063+00:00,,1,100000000,2355000,191747691,3501847,91747691,85890844,14556409,LAST_FRESH_MARKET
FINAL-A,E3_TP10_T15,fp1sig-4e52cd25a257c6d3228128d6,9TAvqt6kXKSoapeqND9SnaxC2f55VYNgiZkckutxpump,PP-5c50cb7439de77285388fb81b8080d52,FILLED,FALLBACK,2026-08-28T11:19:49.336189+00:00,,1140787,,2026-08-28T11:19:52.899224+00:00,,1,100000000,2355000,74593417,2037418,-25406583,-29799001,17865112,LAST_FRESH_MARKET
FINAL-A,E3_TP10_T15,fp1sig-4e97833910173dcf43d7b4d0,5d3jZaXswkVmbU1VgmRSU55pQugSsNfUrBbkWHtnpump,PP-9cca12f65c7d401f09abdb9d36a86419,FILLED,FALLBACK,2026-08-27T20:46:06.135615+00:00,,857843,,2026-08-27T20:46:12.095445+00:00,,1,100000000,2355000,93708485,2276357,-6291515,-10922872,10272555,RULE_REFERENCE_FALLBACK
FINAL-A,E3_TP10_T15,fp1sig-4eeee0457df128b9c2020290,J2mvi7WEBiKqXoGULtfUdZV2iLHjDh2WDL4n5Bphpump,PP-f2f6b3ab21752161ede29f242a1246a7,FILLED,FALLBACK,2026-08-28T07:38:43.837949+00:00,,1071432,,2026-08-28T07:38:49.964603+00:00,,1,100000000,2355000,89109131,2218865,-10890869,-15464734,17901901,LAST_FRESH_MARKET
FINAL-A,E3_TP10_T15,fp1sig-4f15130c9d348bf858e4339a,DH2s5yfFrDsixfxdKUjrc5vjtoJqDQEqg77mHuvapump,PP-5421c9b411804ef130d65f085ce38af8,FILLED,FALLBACK,2026-08-28T04:52:12.517467+00:00,,1005898,,2026-08-28T04:52:14.715315+00:00,,1,100000000,2355000,118086962,2581088,18086962,13150874,13847599,LAST_FRESH_MARKET
FINAL-A,E3_TP10_T15,fp1sig-4f5d1e6371201c345f14c320,AnB2bTRwL5DBGCKeaweLT3msrQFepHbweaTViBLfpump,PP-d44f77a9d9e0876d8da44b6f99104c8f,FILLED,FALLBACK,2026-08-28T02:21:49.703550+00:00,,951014,,2026-08-28T02:21:54.368759+00:00,,1,100000000,2355000,93193299,2269917,-6806701,-11431618,9204826,LAST_FRESH_MARKET
FINAL-A,E3_TP10_T15,fp1sig-4f791433f4e0f143798618d9,9jaTsTFtAMUdLTR8z3x7SjXEVZpR8iWPyF6kSgWfpump,PP-e2de5a8a0d87e12427a0180c90d5dcd1,FILLED,FALLBACK,2026-08-28T10:01:40.550690+00:00,,1115393,,2026-08-28T10:01:48.454080+00:00,,1,100000000,2355000,118460397,2585755,18460397,13519642,9978254,RULE_REFERENCE_FALLBACK
FINAL-A,E3_TP10_T15,fp1sig-4f9f6f8c62cd74b1aa5786f5,EVsFKV3xSmK4RADeoaN1Gvwz9QHmTww4tzofHQuZGG1i,PP-b5c43c0d28bddf9e5626503e737f0396,FILLED,FALLBACK,2026-08-28T07:18:48.114484+00:00,,1062185,,2026-08-28T07:18:50.300080+00:00,,1,100000000,2355000,95861812,2303273,-4138188,-8796461,10946582,LAST_FRESH_MARKET
FINAL-A,E3_TP10_T15,fp1sig-5008fd6ae187c799467db605,n86k5NfmN5kmWP3e7kx2uRChrVPqpJEs3rkXQYopump,PP-93d9f897d6f60c3121e9c98aaac5dbd5,UNRESOLVED,FALLBACK,2026-08-28T02:57:58.936371+00:00,,,,,REJECTED_SLIPPAGE,29,100000000,2355000,,,,,,LAST_FRESH_MARKET
FINAL-A,E3_TP10_T15,fp1sig-501c012bf929d20d7f74a830,DUBJADQGukbsdZQEkj4rGFPEeJukBvUqQqM7LmR1pump,PP-2a6edddb9a96e245d0eb464c9d714d2c,FILLED,TAKE_PROFIT,2026-08-28T08:18:33.245414+00:00,1087451,1087481,2026-08-28T08:18:33.245414+00:00,2026-08-28T08:18:37.781402+00:00,,1,100000000,2355000,121607429,2625093,21607429,16627336,4661989,TRIGGER_MARKET
FINAL-A,E3_TP10_T15,fp1sig-5083b10ec69bdc5ae5940fe4,D8khyHkEpsDongiCWUQh6pbZMHuZtJeVhwWfyzsCpump,PP-22bd036bf244ba30fc1143c4d4e6a4a5,FILLED,FALLBACK,2026-08-28T02:23:52.389790+00:00,,951626,,2026-08-28T02:23:53.724186+00:00,,1,100000000,2355000,86755544,2189445,-13244456,-17788901,7509617,LAST_FRESH_MARKET
FINAL-A,E3_TP10_T15,fp1sig-509ee02b9abec8b5ec6d03d0,ABNdSShokJ5DmRhY8sKheSRdoFQYusgRu2QfKxCVpump,PP-47fde0636b9f3c824b1ff97bd99da328,FILLED,TAKE_PROFIT,2026-08-28T10:53:52.910040+00:00,1133347,1133365,2026-08-28T10:53:52.910040+00:00,2026-08-28T10:53:53.594782+00:00,,1,100000000,2355000,98502391,2336280,-1497609,-6188889,4488023,TRIGGER_MARKET
FINAL-A,E3_TP10_T15,fp1sig-517a3a9b6cdb6fd797523ffd,9roapEzRTZZVH5rHHYczx5Snh8tHxedHjSYfdornpump,PP-a0d9adfb0a687fd320acffc0ca526d5c,FILLED,FALLBACK,2026-08-27T21:17:32.410656+00:00,,865990,,2026-08-27T21:17:40.868380+00:00,,1,100000000,2355000,91877610,2253471,-8122390,-12730861,19188718,LAST_FRESH_MARKET
FINAL-A,E3_TP10_T15,fp1sig-529b929ba91f966b5be32d4c,dR25qdurcdrpMS8Y5CnX7DQg1BT18nBCqSxK24Spump,PP-6be27ece0f79a1ba0d51426607eab471,FILLED,TAKE_PROFIT,2026-08-28T11:22:40.691118+00:00,1141777,1141801,2026-08-28T11:22:40.691118+00:00,2026-08-28T11:22:44.319991+00:00,,1,100000000,2355000,152138945,3006737,52138945,46777208,3729190,TRIGGER_MARKET
FINAL-A,E3_TP10_T15,fp1sig-52d108aeef24ce41d990d7fe,7GhknoiWV8AZCEKE61DeF8iRwYdteQMtmRBhuxvpump,PP-c5647f4cf251cc1021581e55eab393bb,FILLED,FALLBACK,2026-08-27T19:25:09.106300+00:00,,842399,,2026-08-27T19:25:24.152884+00:00,,1,100000000,2355000,96622858,2312786,-3377142,-8044928,16077283,RULE_REFERENCE_FALLBACK
FINAL-A,E3_TP10_T15,fp1sig-53605e3d6ea7059ab72ce729,GLp3C72fdm2n1scxVU47vdsACPX69dqM31rZhAMxpump,PP-bbe5f740e5c38b683a31bd6d99af86a6,FILLED,FALLBACK,2026-08-28T11:41:49.401698+00:00,,1148989,,2026-08-28T11:41:51.392443+00:00,,1,100000000,2355000,84759121,2164490,-15240879,-19760369,14390904,LAST_FRESH_MARKET
FINAL-A,E3_TP10_T15,fp1sig-540990d621a32711205eb7d8,2amyBe1hPnusYxqGzpreMWUUTVUjT2tSqMH9AcEWpump,PP-8bd3537ca1e07243573510426e35cdbe,FILLED,TAKE_PROFIT,2026-08-28T11:29:56.416326+00:00,1144717,1144991,2026-08-28T11:29:56.416326+00:00,2026-08-28T11:30:34.729115+00:00,REJECTED_THEN_FILLED,8,100000000,2355000,95581724,2299772,-4418276,-9073048,46585117,TRIGGER_MARKET
FINAL-A,E3_TP10_T15,fp1sig-543853283c113e28b5f7b3d2,GHs316axozAwF7C4obW7S9BRsGz6h1ZmejxnT8yNpump,PP-f8dd07aaad24981e9dc0d9e7326fc466,FILLED,TAKE_PROFIT,2026-08-27T19:16:08.887321+00:00,840913,840919,2026-08-27T19:16:08.887321+00:00,2026-08-27T19:16:11.958317+00:00,,1,100000000,2355000,109732024,2476651,9732024,4900373,3209333,TRIGGER_MARKET
FINAL-A,E3_TP10_T15,fp1sig-5582bf5f70b8432b082bd871,5Ydm1kF9mGui4uncHfe3pJdkj3hfTtqfmJJvnWZDpump,PP-532aa11cfa8e2786350fb3e8ed9c79cb,FILLED,TAKE_PROFIT,2026-08-28T07:43:47.380924+00:00,1073534,1073555,2026-08-28T07:43:47.380924+00:00,2026-08-28T07:43:50.784744+00:00,,1,100000000,2355000,107660665,2450759,7660665,2854906,3424819,TRIGGER_MARKET
FINAL-A,E3_TP10_T15,fp1sig-55b07ca16ee8041e9575a22e,22AJZk3ExdDvfJ84ch4HKvcQoKPdnW5AoHgQuMxPpump,PP-7e4c9bfc9a6bf5d37611875435b6658f,FILLED,FALLBACK,2026-08-28T07:25:27.575026+00:00,,1065525,,2026-08-28T07:25:47.684688+00:00,REJECTED_THEN_FILLED,2,100000000,2355000,81404403,2122556,-18595597,-23073153,32026605,LAST_FRESH_MARKET
FINAL-A,E3_TP10_T15,fp1sig-55c33284347bc3b37084c6b8,m6kgz7FRjyjvUgrmKMqWHnzhWrP8E45b7rMq1uzpump,PP-e5fa30b7dad1029c1821eda8c94172c1,FILLED,FALLBACK,2026-08-27T22:24:53.808109+00:00,,884886,,2026-08-27T22:25:00.798892+00:00,,1,100000000,2355000,84439831,2160498,-15560169,-20075667,18132219,LAST_FRESH_MARKET
FINAL-A,E3_TP10_T15,fp1sig-5628dc6478a533919f077a5c,HNCoqgoWYgredFWMuTkSvc6uauuEpdoHHr2bYfwdpump,PP-e875adc2536668aca25fe3f0b39c74f8,FILLED,TAKE_PROFIT,2026-08-28T11:54:34.463776+00:00,1152846,1152863,2026-08-28T11:54:34.463776+00:00,2026-08-28T11:54:38.609186+00:00,,1,100000000,2355000,117845480,2578069,17845480,12912411,14710193,TRIGGER_MARKET
FINAL-A,E3_TP10_T15,fp1sig-568f643131151b73ffb3cce9,s2fmLid6Brd5LXdU7NF2M4vVDWhC51WcTGWuV9Bpump,PP-e42925dbc4b586653eae93b4c7b548b0,FILLED,FALLBACK,2026-08-28T10:50:03.565747+00:00,,1131951,,2026-08-28T10:50:34.174324+00:00,,1,100000000,2355000,98275891,2333449,-1724109,-6412558,37473009,LAST_FRESH_MARKET
FINAL-A,E3_TP10_T15,fp1sig-569ab1ba92f720535c3a630b,EoPHieRvhbPjyAwGj2r2NGa8RnQA2C85oQT9urxmpump,PP-7e1b02cc15b97006042db351a2d920b7,FILLED,TAKE_PROFIT,2026-08-28T00:24:07.943230+00:00,916791,916866,2026-08-28T00:24:07.943230+00:00,2026-08-28T00:24:34.752875+00:00,,1,100000000,2355000,100624043,2362801,624043,-4093758,36978041,TRIGGER_MARKET
FINAL-A,E3_TP10_T15,fp1sig-56a1b99ecea75a9b6eb8cead,CBtjgD5t37fELJC3RgLnSLBtenJmuhWAPDxTWmEkpump,PP-f0fa4d4b6762e7b3f53045de18c7bf2e,FILLED,FALLBACK,2026-08-28T04:05:04.397743+00:00,,989773,,2026-08-28T04:05:08.385089+00:00,,1,100000000,2355000,65741380,1926768,-34258620,-38540388,15744056,LAST_FRESH_MARKET
FINAL-A,E3_TP10_T15,fp1sig-56e33b07569649f53916d37a,Ca6tBRAz5SRtJQ6cR7Ft7Avz8YUcNpdHE19EZ5y1pump,PP-c5f6bf1bd4fadc10b823b02205a17285,FILLED,FALLBACK,2026-08-27T14:34:18.004789+00:00,,792223,,2026-08-27T14:34:18.778432+00:00,,1,100000000,2355000,102420348,2385255,2420348,-2319907,12713642,LAST_FRESH_MARKET
FINAL-A,E3_TP10_T15,fp1sig-56eeebd30f30005054e2268b,9EVrUPGhmCxmJK9oxUAfYXe2TStR52tKCEZmdvrmpump,PP-c4c7342a6f23f158923ca506b7af433f,FILLED,TAKE_PROFIT,2026-08-28T07:28:06.231511+00:00,1066577,1066623,2026-08-28T07:28:06.231511+00:00,2026-08-28T07:28:13.219546+00:00,,1,100000000,2355000,135779868,2802249,35779868,30622619,14864404,TRIGGER_MARKET
FINAL-A,E3_TP10_T15,fp1sig-572891be3b33cfcf7cbbdef4,5JYPptLZjK2jjSnuXHmhb6v231XhWPBkFn9vELaJpump,PP-c6f506bfec2b456b5a13a3ab02de5666,FILLED,FALLBACK,2026-08-27T18:00:08.503415+00:00,,825160,,2026-08-27T18:00:10.180276+00:00,,1,100000000,2355000,100196075,2357451,196075,-4516376,13131897,LAST_FRESH_MARKET
FINAL-A,E3_TP10_T15,fp1sig-57a3f9d10cf681c6f454e5f8,EK8H3MHSD4XvxqdSjkbgv3MFqCQ4uw2yGt5z1Srepump,PP-6b63409c556586eed22b2b1c5817a256,FILLED,FALLBACK,2026-08-28T10:12:51.734136+00:00,,1118786,,2026-08-28T10:12:54.447088+00:00,,1,100000000,2355000,111369320,2497117,11369320,6517203,13767446,LAST_FRESH_MARKET
FINAL-A,E3_TP10_T15,fp1sig-5804ef00a96286df94f94461,86qgV9m8rn5vsN5Uwq9r4nKZJypsTQ8Cp7Lx5DXnpump,PP-bd1fa879625bff4675a769e26e053573,FILLED,FALLBACK,2026-08-28T01:12:08.586412+00:00,,928067,,2026-08-28T01:12:10.259667+00:00,,1,100000000,2355000,96337644,2309221,-3662356,-8326577,13457696,LAST_FRESH_MARKET
FINAL-A,E3_TP10_T15,fp1sig-5892b1779f4ec793f3ccbae0,7xexpBjigE8ZC8UqaKBjqoMnWL9ejKpaGL3KvtHTpump,PP-90639149b17f1e56b57805f3b539b001,FILLED,FALLBACK,2026-08-28T03:32:04.287623+00:00,,978870,,2026-08-28T03:32:13.781082+00:00,,1,100000000,2355000,97921429,2329018,-2078571,-6762589,17178976,LAST_FRESH_MARKET
FINAL-A,E3_TP10_T15,fp1sig-59ca9ef809e1ad7fd140e1c8,A9QkvHj118T63W4fzWw3rgQ2fbjVKsnyfL7x6H7apump,PP-f8237417a49abff98626a720d57ec7b6,FILLED,TAKE_PROFIT,2026-08-28T04:04:56.217233+00:00,989669,989702,2026-08-28T04:04:56.217233+00:00,2026-08-28T04:05:00.018766+00:00,REJECTED_THEN_FILLED,2,100000000,2355000,142097784,2881223,42097784,36861561,3835532,TRIGGER_MARKET
FINAL-A,E3_TP10_T15,fp1sig-5a5fab6a919bdafec18529cf,4XPeDTbktgn3LdRirFMR1UdGWT7Zdqcxk1XB11BKpump,PP-b91d33f54f219f7a67366d96589d81b1,FILLED,TAKE_PROFIT,2026-08-28T03:23:37.569384+00:00,975857,975914,2026-08-28T03:23:37.569384+00:00,2026-08-28T03:23:41.189352+00:00,,1,100000000,2355000,176717558,3313970,76717558,71048588,7147746,TRIGGER_MARKET
FINAL-A,E3_TP10_T15,fp1sig-5ad5f815b5578dde25f933d1,3ru5YQL4PyaBLyUTR5zMNm7q2Gym3ftW3JGZaciSpump,PP-15f18f8cd52aee21496385fe99ebb1c5,FILLED,FALLBACK,2026-08-28T10:05:05.052658+00:00,,1115836,,2026-08-28T10:05:06.161700+00:00,,1,100000000,2355000,100748808,2364361,748808,-3970553,8290141,RULE_REFERENCE_FALLBACK
FINAL-A,E3_TP10_T15,fp1sig-5b02ebad595df7bf21915020,EBgE3GZUz4K7eSH9Un5gXYtCY3xoX4Yd2mc1Dnmepump,PP-6c9cd5f7928636e9403468ebac56a138,FILLED,FALLBACK,2026-08-28T03:18:39.204368+00:00,,973669,,2026-08-28T03:18:44.711602+00:00,,1,100000000,2355000,87850784,2203135,-12149216,-16707351,13332865,LAST_FRESH_MARKET
FINAL-A,E3_TP10_T15,fp1sig-5bf0da072a02e518c9bc016a,9B2pRNhkpwFHrbtV3H6UZRjhhynkZikdZ7wXqAf1monk,PP-7b8da438520fadc652de3e35b9573471,FILLED,FALLBACK,2026-08-28T01:15:45.932056+00:00,,929104,,2026-08-28T01:16:00.326874+00:00,,1,100000000,2355000,88530398,2211630,-11469602,-16036232,25872205,LAST_FRESH_MARKET
FINAL-A,E3_TP10_T15,fp1sig-5d3d665e711191fa751d8707,CSgQNMfrAH38VsXuMCTRq3GemayZXk4R9q7s4Urkpump,PP-bde99bbabe7fa8b2e3cd85a9fcbdaf79,FILLED,FALLBACK,2026-08-28T05:51:52.732919+00:00,,1026517,,2026-08-28T05:51:54.172441+00:00,,1,100000000,2355000,95586684,2299834,-4413316,-9068150,13215717,LAST_FRESH_MARKET
FINAL-A,E3_TP10_T15,fp1sig-5d8b13c9c91374b57c858078,F66am9H2rd4c2V32MAyxmnXETR9zN8ypZoeq7Dfrpump,PP-237af4e1116dc9ccf1603f4e344700e6,FILLED,FALLBACK,2026-08-28T04:14:40.972811+00:00,,992723,,2026-08-28T04:14:42.107193+00:00,,1,100000000,2355000,78304384,2083805,-21695616,-26134421,13198112,LAST_FRESH_MARKET
FINAL-A,E3_TP10_T15,fp1sig-5da3e0b729b9886bb5af5cb2,HZJK8yQATinLJSsj6RJvPZAim8ezdPNpsu6ZX7Tipump,PP-a80a5257acc8ae5cdcaf65c42bb1e2db,FILLED,TAKE_PROFIT,2026-08-27T21:41:22.628227+00:00,872353,872368,2026-08-27T21:41:22.628227+00:00,2026-08-27T21:41:26.471247+00:00,,1,100000000,2355000,110104677,2481309,10104677,5268368,11773024,TRIGGER_MARKET
FINAL-A,E3_TP10_T15,fp1sig-5dc0125ed4c84d8566672d8a,FjJeEwJ57TLRjyGN6SYht8gH1u1DYChkAu89i7aUpump,PP-6914d20f8e972e66329b3f2480f2d13c,FILLED,FALLBACK,2026-08-28T07:38:26.389930+00:00,,1071365,,2026-08-28T07:38:32.276705+00:00,,1,100000000,2355000,75376618,2047208,-24623382,-29025590,17169218,LAST_FRESH_MARKET
FINAL-A,E3_TP10_T15,fp1sig-5dd38f899ebdc2803f8477f2,25FJVHWsMrhnBQVu3ZM4rqG7KCTt5ARPbQQoJDi7pump,PP-76c1fce5c210c6f39ac6ff2641e258cf,FILLED,FALLBACK,2026-08-28T00:01:07.044482+00:00,,910445,,2026-08-28T00:01:14.331674+00:00,,1,100000000,2355000,99871170,2353390,-128830,-4837220,15528306,RULE_REFERENCE_FALLBACK
FINAL-A,E3_TP10_T15,fp1sig-5dec20bde3aad4c22a229e53,4WWucgrbbEwLUFHW8cE7GT91M61D8XiYecHRhvv6pump,PP-f8ba0bfdb4c44bd08d7d1bdd114276b2,FILLED,FALLBACK,2026-08-27T12:50:46.668464+00:00,,771574,,2026-08-27T12:51:03.418422+00:00,,1,100000000,2355000,99478032,2348476,-521968,-5225444,19536042,RULE_REFERENCE_FALLBACK
FINAL-A,E3_TP10_T15,fp1sig-5e405f98a0659954c9e4f245,6tNFoXAoQVqGjCEHzehbC8FgFc7Cskkt6wprdVLApump,PP-7e8ff8d54e7e90b5b33737a8d4e750ed,FILLED,TAKE_PROFIT,2026-08-28T04:40:43.496149+00:00,1001246,1001258,2026-08-28T04:40:43.496149+00:00,2026-08-28T04:40:46.633581+00:00,,1,100000000,2355000,112396569,2509958,12396569,7531611,3223431,TRIGGER_MARKET
FINAL-A,E3_TP10_T15,fp1sig-5e85d4e7a056bd7f5a67e788,9ANs7fXZXTYy41zTW6ibD1niC4fqoEvxij8AuCnFpump,PP-97c5f70e84602f6315599085bb8d0f16,FILLED,FALLBACK,2026-08-28T03:19:55.524322+00:00,,974174,,2026-08-28T03:20:00.680885+00:00,,1,100000000,2355000,86275396,2183443,-13724604,-18263047,16564723,LAST_FRESH_MARKET
FINAL-A,E3_TP10_T15,fp1sig-5e9b9ef5120a4506a7e2c02e,25FuB979ywM1wqNLCFH1iGRr2T4YZJtkowEhwF2Spump,PP-2c005208a0d9e423cb84892b306f7c55,FILLED,FALLBACK,2026-08-28T05:52:42.125474+00:00,,1026881,,2026-08-28T05:52:51.642020+00:00,REJECTED_THEN_FILLED,3,100000000,2355000,137741687,2826772,37741687,32559915,17231695,RULE_REFERENCE_FALLBACK
FINAL-A,E3_TP10_T15,fp1sig-5fb332b7d4f0f43b7d1097c2,AnpPFzCHsS6YAd8a76d41THfgtGmmz52ND5VaMBCpump,PP-026f9e07cf16346191795ec2fc8fe3f1,FILLED,FALLBACK,2026-08-27T14:48:55.688525+00:00,,795504,,2026-08-27T14:48:56.554171+00:00,,1,100000000,2355000,66631116,1937889,-33368884,-37661773,7599923,LAST_FRESH_MARKET
FINAL-A,E3_TP10_T15,fp1sig-600fe35ee8aab4dce6a76fee,Sa5DTCmaJCyDfGNvm8CkxwtTM6Jgu7X6g3kdEKrpump,PP-fa6276304b9924f22b3daefffa9be29f,FILLED,FALLBACK,2026-08-28T09:29:04.344079+00:00,,1106873,,2026-08-28T09:29:09.683017+00:00,,1,100000000,2355000,97761087,2327014,-2238913,-6920927,15547523,RULE_REFERENCE_FALLBACK
FINAL-A,E3_TP10_T15,fp1sig-605de7421604cae2c423d7d3,7vWaFVC8HWfZE97umKp3skY96DbDVgdyYAHqgooHpump,PP-be9bd2c9a4623b624c239c7d2eba7b6d,FILLED,FALLBACK,2026-08-27T23:55:29.482207+00:00,,908688,,2026-08-27T23:55:32.554936+00:00,,1,100000000,2355000,95276359,2295955,-4723641,-9374596,14303471,LAST_FRESH_MARKET
FINAL-A,E3_TP10_T15,fp1sig-60dcc5fec8446cb38ab9b66e,5FBK3U4Q7uR3XStVAEZHSop9Wo3AyBkN9CjS3xJFpump,PP-9d39b6cd72dee9adfbbe6026e93da6e0,FILLED,FALLBACK,2026-08-28T01:43:52.550546+00:00,,938261,,2026-08-28T01:43:53.205002+00:00,,1,100000000,2355000,100383742,2359797,383742,-4331055,10718316,LAST_FRESH_MARKET
FINAL-A,E3_TP10_T15,fp1sig-614ece51c284800ca1887859,5b2RVyk8xtUtYJTmQXWKLeZbAt2V3KC9mco542kApump,PP-f61f0350115fccc00568fbb07626edb3,FILLED,TAKE_PROFIT,2026-08-28T08:00:19.328638+00:00,1080051,1080063,2026-08-28T08:00:19.328638+00:00,2026-08-28T08:00:22.357667+00:00,,1,100000000,2355000,130568863,2737111,30568863,25476752,6691493,TRIGGER_MARKET
FINAL-A,E3_TP10_T15,fp1sig-6183a5abb63fa8083668cfcf,8WkCAVddYrEgNTm4qcPcY4KWcjLKe1fxcLvqgEnppump,PP-43ff301ad30f0aa4db6c195217695dc0,FILLED,FALLBACK,2026-08-28T07:12:04.786072+00:00,,1059357,,2026-08-28T07:12:15.712997+00:00,,1,100000000,2355000,100218666,2357734,218666,-4494068,22028744,LAST_FRESH_MARKET
FINAL-A,E3_TP10_T15,fp1sig-62140a1abf6fb664bebf9228,9dpqWx5hQg4Bk7amL8GcEmTJbwsw8CucNNMDDzPppump,PP-5825325240c2cc7b67c1704004727be3,FILLED,TAKE_PROFIT,2026-08-27T22:26:06.917455+00:00,885236,885247,2026-08-27T22:26:06.917455+00:00,2026-08-27T22:26:10.627022+00:00,,1,100000000,2355000,111289541,2496120,11289541,6438421,3853568,TRIGGER_MARKET
FINAL-A,E3_TP10_T15,fp1sig-62216e217074c2309533cedf,EXpnTgAjdKQpUAyQH1stkrNYjrYpqcumt6xyyRbtpump,PP-2d8eefb7814037fec37ae344c7d00283,FILLED,FALLBACK,2026-08-28T02:36:42.993655+00:00,,956148,,2026-08-28T02:36:52.879038+00:00,,1,100000000,2355000,142794708,2889934,42794708,37549774,12938100,RULE_REFERENCE_FALLBACK
FINAL-A,E3_TP10_T15,fp1sig-625067842bd91ea2fbec6be8,8CLPkSTnoSA48Dy7iFPFBJ5vt3aTFZveHssWkHEWpump,PP-efde2962a0d3f377aaefb3db594b0624,FILLED,FALLBACK,2026-08-27T20:46:34.874280+00:00,,857962,,2026-08-27T20:46:39.128478+00:00,,1,100000000,2355000,94319290,2283992,-5680710,-10319702,16113408,LAST_FRESH_MARKET
FINAL-A,E3_TP10_T15,fp1sig-6255325e3a032afe51dc4634,Gp9wRzpuqt2GRqup24Q2jW7LcnjHY2ag3sTM6bPipump,PP-ee8a8ea6e8b3b8fe36b32575e37de94b,FILLED,FALLBACK,2026-08-28T06:32:42.571046+00:00,,1041414,,2026-08-28T06:32:45.301883+00:00,,1,100000000,2355000,82103459,2131294,-17896541,-22382835,13611303,LAST_FRESH_MARKET
FINAL-A,E3_TP10_T15,fp1sig-62e473e3935a34152e63017e,DeQESRnwZSUKvbizrvq9CMQvda2ZFCD1GQgxgx3bPxta,PP-49e44f0d59b3864bb5b0dca467a08fca,FILLED,TAKE_PROFIT,2026-08-27T17:06:01.625413+00:00,815100,815103,2026-08-27T17:06:01.625413+00:00,2026-08-27T17:06:02.189263+00:00,,1,100000000,2355000,121686245,2626079,21686245,16705166,598388,TRIGGER_MARKET
FINAL-A,E3_TP10_T15,fp1sig-63233128f0ca6a7516da4b01,DRH7DtLJeRX25dXxu53CjX8FFyM3E11z9TxHCHDppump,PP-eda1cdb0d71688bc9d1742991a8bedda,FILLED,TAKE_PROFIT,2026-08-27T13:57:54.771417+00:00,786416,786421,2026-08-27T13:57:54.771417+00:00,2026-08-27T13:57:57.651489+00:00,,1,100000000,2355000,106975707,2442197,6975707,2178510,6537533,TRIGGER_MARKET
FINAL-A,E3_TP10_T15,fp1sig-63da18f668fa77edf3448a26,A6sRivyW5BRtZ22AYfEaogqWhqLwnH9MeW7jgCo7pump,PP-e966e9ac33ab9fc61be75ca256d3e94a,FILLED,TAKE_PROFIT,2026-08-27T20:36:48.125994+00:00,855999,856018,2026-08-27T20:36:48.125994+00:00,2026-08-27T20:36:55.901796+00:00,,1,100000000,2355000,125861398,2678268,25861398,20828130,7894012,TRIGGER_MARKET
FINAL-A,E3_TP10_T15,fp1sig-645f2ec03079a24b296bd7a0,5Exa4eJn7syqDyhMgQmEK71SNteShc6DZdBU7pZ6pump,PP-a36b51660f31065436df7a8502e62081,FILLED,FALLBACK,2026-08-28T00:57:30.860944+00:00,,924825,,2026-08-28T00:57:38.581369+00:00,,1,100000000,2355000,98429008,2335363,-1570992,-6261355,16807028,LAST_FRESH_MARKET
FINAL-A,E3_TP10_T15,fp1sig-64732a9ac0dc61e06a0efe57,G1xVZ8onzeCMHCzPKbP5YH9buS8fRUmmcAADtL4opump,PP-48638d8ecedc01491bf813d68a2a75c8,FILLED,FALLBACK,2026-08-28T08:32:14.900100+00:00,,1093287,,2026-08-28T08:32:18.290347+00:00,,1,100000000,2355000,73046384,2018080,-26953616,-31326696,14779593,LAST_FRESH_MARKET
FINAL-A,E3_TP10_T15,fp1sig-64a1ca304eaa17eccb262e51,V7UFEznvGhFqufxhPEu8UjAQ5JAT3K8n2fJfypYpump,PP-a22cdfd11d5d904148d2816661802c63,FILLED,FALLBACK,2026-08-28T04:07:14.175826+00:00,,990625,,2026-08-28T04:07:17.377592+00:00,,1,100000000,2355000,36783891,1564799,-63216109,-67135908,14288219,LAST_FRESH_MARKET
FINAL-A,E3_TP10_T15,fp1sig-6536b85fb11c677435349135,5YUCjjcvvCe295XeGcXCQJYwrHTa7nJYTtGajKGfpump,PP-8b029a35319791a954d4e5b146e50294,FILLED,FALLBACK,2026-08-27T20:43:53.827379+00:00,,857309,,2026-08-27T20:43:56.113096+00:00,,1,100000000,2355000,97829301,2327867,-2170699,-6853566,13429933,LAST_FRESH_MARKET
FINAL-A,E3_TP10_T15,fp1sig-658242162b4ad6bb86bdf698,9vucFyWpeziPe1pVmueLThoUYfYEnzNHaAffTTeRpump,PP-bf397f97855bbe1089828e3f995d5462,FILLED,TAKE_PROFIT,2026-08-28T10:38:48.606777+00:00,1127560,1127687,2026-08-28T10:38:48.606777+00:00,2026-08-28T10:39:04.959607+00:00,,1,100000000,2355000,105524932,2424062,5524932,745870,16469831,TRIGGER_MARKET
FINAL-A,E3_TP10_T15,fp1sig-65eabc8e104a734313e52e2f,cotNgfNGmoUXLaPnZiZ1bpQqzgQ5treqGLmLrLZpump,PP-ce9ba9182b65d5208ec46294b4abdbd3,FILLED,FALLBACK,2026-08-28T03:38:23.030532+00:00,,980949,,2026-08-28T03:38:25.805817+00:00,,1,100000000,2355000,90167540,2232095,-9832460,-14419555,10195931,LAST_FRESH_MARKET
FINAL-A,E3_TP10_T15,fp1sig-65ebb0d0c19363a17fd7b3c6,GzsSmNUMCWqKaYcpLJTxsDQsLbTH6HGi2my9eUC8pump,PP-7ab52bcbd996c07f1a9965ecd6904d94,FILLED,FALLBACK,2026-08-28T11:32:28.358598+00:00,,1145842,,2026-08-28T11:33:11.471911+00:00,,1,100000000,2355000,104744427,2414306,4744427,-24879,45968487,RULE_REFERENCE_FALLBACK
FINAL-A,E3_TP10_T15,fp1sig-66886437a1b5be345f7fc9a0,5Dqz5n5oNX3f9gwjhJExMDrxnqU4a6KZCPavXDQrpump,PP-690ccb19d6ffd8509d011079342d13c4,FILLED,FALLBACK,2026-08-28T02:35:27.913949+00:00,,955607,,2026-08-28T02:35:28.742280+00:00,,1,100000000,2355000,84628933,2162862,-15371067,-19888929,12380086,LAST_FRESH_MARKET
FINAL-A,E3_TP10_T15,fp1sig-6765dafcccb61535e91fbd8c,6dVjUgTrAMdziUrx3JoqPVS4AG7W8RXdCQQBxExWt34T,PP-fe640a47ffd4b3e3222dcd992c4e0394,FILLED,FALLBACK,2026-08-28T00:00:48.359445+00:00,,910273,,2026-08-28T00:00:51.989480+00:00,,1,100000000,2355000,77035914,2067949,-22964086,-27387035,3721610,LAST_FRESH_MARKET
FINAL-A,E3_TP10_T15,fp1sig-67813c52b9f6f609fafb029a,2KXmSt5VpKWwo5NyehQzLaAHRgJmUMeHnweJQP1npump,PP-c5ef27ec8ab6e4a3b054e05b68ef2cd6,FILLED,FALLBACK,2026-08-28T06:19:58.362539+00:00,,1036113,,2026-08-28T06:20:01.817031+00:00,,1,100000000,2355000,98771436,2339643,-1228564,-5923207,15448392,LAST_FRESH_MARKET
FINAL-A,E3_TP10_T15,fp1sig-67e6f6c461f98cd84e357f55,EzdcGAkwH3LKNm9eJ85f5ySsHku6PSdXHxv4fLe8pump,PP-9510139151cc4f0396688c0b9e265ac8,UNRESOLVED,FALLBACK,2026-08-28T10:13:56.779174+00:00,,,,,REJECTED_SLIPPAGE,25,100000000,2355000,,,,,,RULE_REFERENCE_FALLBACK
FINAL-A,E3_TP10_T15,fp1sig-683bef07a24da3a3ae028a38,2kUHMTACDp5KtVDtgb9LdEr2aFXwTrn9DZQ2KEHEpump,PP-856b50731c72d067d3fdf6be1646d54e,FILLED,FALLBACK,2026-08-27T23:58:48.377024+00:00,,909538,,2026-08-27T23:58:51.799448+00:00,,1,100000000,2355000,93746060,2276826,-6253940,-10885766,11269689,LAST_FRESH_MARKET
FINAL-A,E3_TP10_T15,fp1sig-692838d02c38be63b3adbc1e,486bYPM3VTT4gx5dZR6NpGGFUEEasKxV8ZV6GCWYpump,PP-b40cefb1d44bd82fc12ec64cac189db7,FILLED,TAKE_PROFIT,2026-08-27T19:21:56.035636+00:00,841930,841958,2026-08-27T19:21:56.035636+00:00,2026-08-27T19:22:01.931182+00:00,,1,100000000,2355000,100135775,2356698,135775,-4575923,9758132,TRIGGER_MARKET
FINAL-A,E3_TP10_T15,fp1sig-69bed4ccdd588d5112c8304d,5BNxgJ82uAcnEmcEpN4b4ezL8fd9LHq8to36EJ5Ypump,PP-70282d9bbbcd34570711b11a9ce1befa,FILLED,FALLBACK,2026-08-27T13:17:12.235395+00:00,,777559,,2026-08-27T13:17:15.972724+00:00,,1,100000000,2355000,102013776,2380173,2013776,-2721397,13419082,LAST_FRESH_MARKET
FINAL-A,E3_TP10_T15,fp1sig-69e56ee5ce8b7ccc2594458a,9fQDfXFEVPMZRW7yBM7QRyjcdfbSFXMX8mLxxxkupump,PP-4f6c71fe8d79585d7e48f6aaa41c5dba,FILLED,FALLBACK,2026-08-28T05:07:14.036600+00:00,,1009766,,2026-08-28T05:07:16.890094+00:00,,1,100000000,2355000,110809972,2490125,10809972,5964847,10876490,LAST_FRESH_MARKET
FINAL-A,E3_TP10_T15,fp1sig-6a0ecfdb74c0a5580d066979,8r5toTFR35eosbBcFyMZnXkFdWTPnrtPi1pFXgy8pump,PP-e2020321bdc087a577d47f84a0d70f21,FILLED,TAKE_PROFIT,2026-08-28T06:49:32.328025+00:00,1048937,1048979,2026-08-28T06:49:32.328025+00:00,2026-08-28T06:49:38.618488+00:00,REJECTED_THEN_FILLED,10,100000000,2355000,93209698,2270122,-6790302,-11415424,6314440,TRIGGER_MARKET
FINAL-A,E3_TP10_T15,fp1sig-6a351dde442b0171ea20e827,BPyTbaQDEeAv9aCVk4m62iVjBv1CtR76tpzWFvXipump,PP-681bc1c525072ec829d0b496fec6b9fe,FILLED,FALLBACK,2026-08-27T20:51:10.689521+00:00,,859616,,2026-08-27T20:52:53.934344+00:00,,1,100000000,2355000,102202690,2382534,2202690,-2534844,108894728,RULE_REFERENCE_FALLBACK
FINAL-A,E3_TP10_T15,fp1sig-6b16aacd7c718bf76f9cfd81,2KEujGQzV6RPjrD5e9TLqY3Tbk1GC1ukWrR8JHEypump,PP-cfe5fe1e488dc48851a8c1ef6142214b,FILLED,FALLBACK,2026-08-28T04:02:46.321168+00:00,,988568,,2026-08-28T04:02:48.659848+00:00,,1,100000000,2355000,122314584,2633933,22314584,17325651,13615908,RULE_REFERENCE_FALLBACK
FINAL-A,E3_TP10_T15,fp1sig-6b604dc0915dc3b10b2fd346,irvJgRAyhvmfGyBwk9PvW33FTV3hkf5uWn9zaG2pump,PP-2832a7cc115a138609cb81bcb2d1c77a,FILLED,FALLBACK,2026-08-28T00:48:38.767965+00:00,,923400,,2026-08-28T00:49:44.549953+00:00,,1,100000000,2355000,83767512,2152094,-16232488,-20739582,78260565,LAST_FRESH_MARKET
FINAL-A,E3_TP10_T15,fp1sig-6b6075459953c9b461a39593,9xGXbhjjUhzVaPSVakSrNxv1ndf7GSagrPUMzvphpump,PP-ac81f026cc86794ff736f69d07c27595,FILLED,TAKE_PROFIT,2026-08-28T08:29:52.383206+00:00,1092161,1092216,2026-08-28T08:29:52.383206+00:00,2026-08-28T08:29:59.406054+00:00,,1,100000000,2355000,107769465,2452119,7769465,2962346,14349300,TRIGGER_MARKET
FINAL-A,E3_TP10_T15,fp1sig-6bee0f7bbca6be5e98f90cd1,FyygAVhDKygx9KpqWoxk6rkn3HUEmHB7cEVFFWBDpump,PP-024b53a36d11572a0f95b629389385de,FILLED,TAKE_PROFIT,2026-08-28T11:57:50.969110+00:00,1153805,1153841,2026-08-28T11:57:50.969110+00:00,2026-08-28T11:57:55.873756+00:00,,1,100000000,2355000,158636650,3087959,58636650,53193691,9725500,TRIGGER_MARKET
FINAL-A,E3_TP10_T15,fp1sig-6c0e844602ba101167dd8430,FouBqbQ4fz972DKEm9W7aGGR8xW6pfBz17unrJyDpump,PP-e9f8eda219259c320f1fc20469eaa86b,FILLED,FALLBACK,2026-08-27T21:55:00.976762+00:00,,876173,,2026-08-27T21:55:05.847628+00:00,,1,100000000,2355000,105718590,2426483,5718590,937107,13881546,LAST_FRESH_MARKET
FINAL-A,E3_TP10_T15,fp1sig-6c1cc654d4840250ce9e51c3,BUb9Nyres1gQyTAAhLor6vEVvn5krUoDRGtWdr3pump,PP-76763c57c3485f98a587af86b3852bde,FILLED,TAKE_PROFIT,2026-08-28T07:09:36.592782+00:00,1058229,1058265,2026-08-28T07:09:36.592782+00:00,2026-08-28T07:09:39.933941+00:00,,1,100000000,2355000,167051116,3193139,67051116,61502977,13147059,TRIGGER_MARKET
FINAL-A,E3_TP10_T15,fp1sig-6d5afd675649cedb485c8442,25G5htngUfr1zUpEZtUKvagNe4JwDvW4WeiaWP1hpump,PP-d0699934e946e139dece71a6b743ded4,FILLED,TAKE_PROFIT,2026-08-28T07:33:48.225701+00:00,1068992,1069081,2026-08-28T07:33:48.225701+00:00,2026-08-28T07:33:56.632637+00:00,REJECTED_THEN_FILLED,2,100000000,2355000,115093497,2543669,15093497,10194828,15081282,TRIGGER_MARKET
FINAL-A,E3_TP10_T15,fp1sig-6d67f5ef3b8845fc3a998d8e,3ZymrFTh6yySGm9ue4NMXK4wv4RF8XkkGGE1tumnpump,PP-8fd127658676ab5da54ab451070ea33a,FILLED,TAKE_PROFIT,2026-08-28T10:07:19.990691+00:00,1116668,1116680,2026-08-28T10:07:19.990691+00:00,2026-08-28T10:07:24.190050+00:00,,1,100000000,2355000,108696537,2463707,8696537,3877830,4465357,TRIGGER_MARKET
FINAL-A,E3_TP10_T15,fp1sig-6dc1107e8abd889a9cf44a30,FkULkAQaPvxQ8zs4CMDqner8eZy8fcJEG737sqzLpump,PP-ce099bcec1be8c1784867a091d23e9c1,FILLED,FALLBACK,2026-08-28T03:59:57.678179+00:00,,987552,,2026-08-28T04:00:02.903613+00:00,,1,100000000,2355000,115832160,2552902,15832160,10924258,16817889,LAST_FRESH_MARKET
FINAL-A,E3_TP10_T15,fp1sig-6ddc09f7cecf656a8efe8853,CDBF5NDF97LYShF9Bm7LjaYFtn2UHBSWFuY17FXvpump,PP-4027fc8d955a01356ea7f9a091a52939,FILLED,FALLBACK,2026-08-28T01:41:58.840392+00:00,,937675,,2026-08-28T01:42:07.803810+00:00,,1,100000000,2355000,114773664,2539671,14773664,9878993,20053986,LAST_FRESH_MARKET
FINAL-A,E3_TP10_T15,fp1sig-6e021424be8a232194ec003f,2qYVXSHFivgwHw4JxpHLqqpSy6xDg892D38jWqPopump,PP-5c037473dee49313f54f1536110c050f,FILLED,TAKE_PROFIT,2026-08-28T02:46:38.601956+00:00,960139,960160,2026-08-28T02:46:38.601956+00:00,2026-08-28T02:46:41.845461+00:00,,1,100000000,2355000,146704244,2938804,46704244,41410440,6177741,TRIGGER_MARKET
FINAL-A,E3_TP10_T15,fp1sig-6e088dbf221e35034b84b644,CDyx79J8W57oSEcZ6iG5ry3MMoW9RTbgd4C4QvRmpump,PP-114a5265bb969ea4aead65475dc0320e,FILLED,FALLBACK,2026-08-28T12:01:33.433114+00:00,,1154967,,2026-08-28T12:01:36.283698+00:00,,1,100000000,2355000,87673346,2200917,-12326654,-16882571,14662348,LAST_FRESH_MARKET
FINAL-A,E3_TP10_T15,fp1sig-6edfeef52dfb25460eee9304,9pH7yCQSNGJfRHWbj69cPHiipMpYBHK3gTwo75Aqpump,PP-ea95512fac9acfe764af8a728fa88c0f,UNRESOLVED,FALLBACK,2026-08-27T18:33:35.106374+00:00,,,,,NO_CAUSAL_FILL,0,100000000,2355000,,,,,,LAST_FRESH_MARKET
FINAL-A,E3_TP10_T15,fp1sig-7054639bdc8d889acf657ca1,8kj7UPsGChVLy458oU7N89qJ5ZhUW2Acn2TyffBrpump,PP-1c94e010f148890de4ced5722b2808ec,FILLED,FALLBACK,2026-08-28T05:23:13.217582+00:00,,1014675,,2026-08-28T05:23:26.352631+00:00,,1,100000000,2355000,99707247,2351341,-292753,-4999094,24564620,RULE_REFERENCE_FALLBACK
FINAL-A,E3_TP10_T15,fp1sig-70a798b145481b35b90135c7,J58uwcpCU3vpomu5bmx23XNNzLDnTDw3GQgGQ1Jepump,PP-d008928b0494ed556f2f0d0cb821b233,FILLED,TAKE_PROFIT,2026-08-28T08:03:25.255023+00:00,1081529,1081539,2026-08-28T08:03:25.255023+00:00,2026-08-28T08:03:28.488862+00:00,,1,100000000,2355000,107256245,2445704,7256245,2455541,11101279,TRIGGER_MARKET
FINAL-A,E3_TP10_T15,fp1sig-71651ea589fb3aab8bb9ddf0,7B7WMeD2gC8dMeRWStFyFd5TaV8ZnvjHuVX77D6Bpump,PP-e0cd293d5ea979f79db10e85cebf3d6d,FILLED,FALLBACK,2026-08-28T03:42:16.434182+00:00,,982059,,2026-08-28T03:42:40.707203+00:00,,1,100000000,2355000,85564547,2174557,-14435453,-18965010,35717666,LAST_FRESH_MARKET
FINAL-A,E3_TP10_T15,fp1sig-716ca9c72f539872f1bf838b,GEPMh9EaRvQUA3Lwjg5JWCZuXfSG7uhQpdzgXPmzpump,PP-1e52ef796dc4319b32027d4f37447200,FILLED,FALLBACK,2026-08-28T04:02:39.369873+00:00,,988517,,2026-08-28T04:02:42.514685+00:00,,1,100000000,2355000,104726017,2414076,4726017,-43059,15026691,LAST_FRESH_MARKET
FINAL-A,E3_TP10_T15,fp1sig-719885e7c80f5cbc85205b54,33uugoscjfiTCEqnaN7jRXSu1ZureEE2suWAvyYypump,PP-850387d88a6abcc9756e1b3902bb4e27,FILLED,FALLBACK,2026-08-27T13:14:03.755720+00:00,,776851,,2026-08-27T13:14:07.636324+00:00,,1,100000000,2355000,101778997,2377238,1778997,-2953241,4699247,RULE_REFERENCE_FALLBACK
FINAL-A,E3_TP10_T15,fp1sig-725cdb49b5aeec033e7ee613,5ozpq6zD5GZu8QBWaudhcPPpmdteG7cZqN33veo5pump,PP-5bf7bb218f7efbd0f25e8b39ae033f8b,FILLED,TAKE_PROFIT,2026-08-28T02:54:59.563935+00:00,964072,964151,2026-08-28T02:54:59.563935+00:00,2026-08-28T02:55:10.607783+00:00,REJECTED_THEN_FILLED,3,100000000,2355000,100973951,2367175,973951,-3748224,13927396,TRIGGER_MARKET
FINAL-A,E3_TP10_T15,fp1sig-73299c42c29c41a81c7cc198,GrQb3crdCTEvuzdR4QmCE2GbPuR3hDVrBAASH881pump,PP-3181286c6766f28c7fa8561ae0176a1e,FILLED,FALLBACK,2026-08-27T17:31:59.124175+00:00,,819756,,2026-08-27T17:31:59.782939+00:00,,1,100000000,2355000,115910634,2553883,15910634,11001751,5284778,LAST_FRESH_MARKET
FINAL-A,E3_TP10_T15,fp1sig-734451ec01f0ac5b5c74d137,7We7nhjShATyKPaumiLGrQhWbndTmPMzpTLd1F68pump,PP-1271fc3560907e786fcaa967272eb122,FILLED,TAKE_PROFIT,2026-08-28T00:43:58.742995+00:00,922123,922138,2026-08-28T00:43:58.742995+00:00,2026-08-28T00:44:01.688951+00:00,,1,100000000,2355000,103289319,2396117,3289319,-1461798,12980787,TRIGGER_MARKET
FINAL-A,E3_TP10_T15,fp1sig-736c4e110644b3b12bc1620d,GhKubygGX92vSDpZQPGddJpApyyWzx74saXhSb4ppump,PP-64b8c467e0961b50e27cc98685a012e5,FILLED,TAKE_PROFIT,2026-08-28T11:46:51.302541+00:00,1150657,1150677,2026-08-28T11:46:51.302541+00:00,2026-08-28T11:46:52.103405+00:00,,1,100000000,2355000,117332843,2571661,17332843,12406182,811867,TRIGGER_MARKET
FINAL-A,E3_TP10_T15,fp1sig-73cfd3f7b073110cd9de84d9,9V2W3sJ7oLeVxXNUmFTR8LER1UxR1nzjjk66xJDApump,PP-a51a7afbf40aa55bb648ab546f7c79f5,FILLED,FALLBACK,2026-08-28T04:46:11.055719+00:00,,1003307,,2026-08-28T04:46:16.966021+00:00,REJECTED_THEN_FILLED,3,100000000,2355000,48761042,1714514,-51238958,-55308472,17649526,LAST_FRESH_MARKET
FINAL-A,E3_TP10_T15,fp1sig-74795db0dca88531e2e6fbd9,EwBbjgVE3VHfE471fHkeeymbWxFoUiLgwPyhRfzJpump,PP-a46807521c12cece8ec62d8cf6c149c0,FILLED,FALLBACK,2026-08-27T19:34:40.777575+00:00,,844295,,2026-08-27T19:34:44.362922+00:00,,1,100000000,2355000,120309224,2608866,20309224,15345358,9977205,RULE_REFERENCE_FALLBACK
FINAL-A,E3_TP10_T15,fp1sig-7518fd0db9b1012324f315cf,5xAUJtidTsRBQe2KNHApugbH3jzGCuiSPK2EEtX8pump,PP-d49af37d7fb452bbcf2a03da753cca3f,FILLED,TAKE_PROFIT,2026-08-28T03:26:29.078985+00:00,976836,976969,2026-08-28T03:26:29.078985+00:00,2026-08-28T03:26:49.656868+00:00,,1,100000000,2355000,107496983,2448713,7496983,2693270,20582882,TRIGGER_MARKET
FINAL-A,E3_TP10_T15,fp1sig-75b350dcfc1cddef9b424dde,7NWF5HV5qSYNveYQ6iz3gh79MGBGFfz8pBTL914rpump,PP-7c04cd9aa9f097341b90b3977e386d78,FILLED,FALLBACK,2026-08-27T22:03:36.176471+00:00,,878138,,2026-08-27T22:03:45.106188+00:00,,1,100000000,2355000,93233201,2270416,-6766799,-11392215,19788153,LAST_FRESH_MARKET
FINAL-A,E3_TP10_T15,fp1sig-76036c6e8caf0a34c1dd71b3,EeLGBafHXenEzVhuwk4sfRWXR9qzDrxajZmafeVJpump,PP-05f0430875be0ab0d13c7026d33478c6,FILLED,FALLBACK,2026-08-27T18:58:49.252235+00:00,,837318,,2026-08-27T18:58:53.250479+00:00,,1,100000000,2355000,113155682,2519447,13155682,8281235,10374400,RULE_REFERENCE_FALLBACK
FINAL-A,E3_TP10_T15,fp1sig-766a352008c6f10cfcf811f7,3aSMQgQLbroAxKS6tNeTZbsvrHUiBtTfs2j1wJA7pump,PP-9873a6e1b15510d6316095090fae3969,FILLED,TAKE_PROFIT,2026-08-28T00:14:52.277267+00:00,913700,913763,2026-08-28T00:14:52.277267+00:00,2026-08-28T00:15:02.689737+00:00,,1,100000000,2355000,90626414,2237831,-9373586,-13966417,14213821,TRIGGER_MARKET
FINAL-A,E3_TP10_T15,fp1sig-76d6c60d672bd280f08394cf,31acpN9DnZpS7p9yW4Ls8VZhcQ9yfdET2bwPyVwppump,PP-b955c91866fde75fabf2733651c82632,FILLED,TAKE_PROFIT,2026-08-28T05:05:14.153744+00:00,1009436,1009447,2026-08-28T05:05:14.153744+00:00,2026-08-28T05:05:19.556861+00:00,,1,100000000,2355000,115397666,2547471,15397666,10495195,11410862,TRIGGER_MARKET
FINAL-A,E3_TP10_T15,fp1sig-7700500697d323908e1b193c,2y2rhLJ6Y1qSiYD3pRDwn61PLXp7zyEmRBEZwQSnpump,PP-80c275228eb115d21ae7f6a25589a268,FILLED,TAKE_PROFIT,2026-08-28T06:39:30.365038+00:00,1044420,1044459,2026-08-28T06:39:30.365038+00:00,2026-08-28T06:39:34.107897+00:00,REJECTED_THEN_FILLED,2,100000000,2355000,98154464,2331931,-1845536,-6532467,3750858,TRIGGER_MARKET
FINAL-A,E3_TP10_T15,fp1sig-7747400066948209e988e28d,6aB91jA6CGa1WoT3srdqP7mqDYueWNCmkHL65GtPpump,PP-4c513de98666ec99d2c0558ee6a7d257,FILLED,TAKE_PROFIT,2026-08-28T07:23:52.654897+00:00,1064684,1064723,2026-08-28T07:23:52.654897+00:00,2026-08-28T07:23:56.096133+00:00,,1,100000000,2355000,157716918,3076462,57716918,52285456,6853334,TRIGGER_MARKET
FINAL-A,E3_TP10_T15,fp1sig-7887c3a6d165f47576f97ded,GBWmWk8EpaANF8zdAqQDgt75zhCi331TUSgdm7tdpump,PP-13961818e3b1590e24b1e447b8466363,FILLED,FALLBACK,2026-08-28T11:23:46.176599+00:00,,1142344,,2026-08-28T11:23:48.449239+00:00,,1,100000000,2355000,68768793,1964610,-31231207,-35550817,12320274,LAST_FRESH_MARKET
FINAL-A,E3_TP10_T15,fp1sig-788be5f3144249015aa7ca3f,Aq3SZ4xcW5AqQLXXCGgybvTaTUsarj6itv8tcmMGpump,PP-53c5a465488a6c89626a24e19dec48b2,FILLED,FALLBACK,2026-08-27T15:07:27.298344+00:00,,798289,,2026-08-27T15:07:40.483627+00:00,,1,100000000,2355000,71828846,2002861,-28171154,-32529015,21856490,LAST_FRESH_MARKET
FINAL-A,E3_TP10_T15,fp1sig-789ca62d5abe2488da2075a7,HhxHeLQNzfMxd4obhFwANfPnw1p5ZnuvobbzbfNNpump,PP-22cea41d05b7a326844e5903a83a6757,FILLED,FALLBACK,2026-08-27T22:41:23.689277+00:00,,889257,,2026-08-27T22:41:36.651524+00:00,,1,100000000,2355000,96417103,2310214,-3582897,-8248111,21321171,LAST_FRESH_MARKET
FINAL-A,E3_TP10_T15,fp1sig-78c09977ea9b7f4f53178f56,BvCZzB1833vBhVZRKL75eJrWuJa3JjgkbPHJFmExpump,PP-4a7bab0493c74c61b22cb07946233f82,FILLED,FALLBACK,2026-08-28T02:12:38.883212+00:00,,947875,,2026-08-28T02:13:01.020291+00:00,,1,100000000,2355000,92406895,2260087,-7593105,-12208192,33947339,LAST_FRESH_MARKET
FINAL-A,E3_TP10_T15,fp1sig-78e9ddac51c12ffdca331234,8rbkzjfRhdqvpfHwMuybNHnAfdddnXd2CSbinoJwpump,PP-54b1829628a219f743f02bc2b307b05a,FILLED,FALLBACK,2026-08-28T03:19:40.258670+00:00,,974122,,2026-08-28T03:19:47.041677+00:00,,1,100000000,2355000,117184511,2569807,17184511,12259704,17826054,LAST_FRESH_MARKET
FINAL-A,E3_TP10_T15,fp1sig-7930a16ec3242db7f280498c,Aqsby4rGt9nFsnjuiBC18p3sJNtxbkk9KosUUtRvpump,PP-a037c5db6332ee96bb666d2c42cbff74,FILLED,TAKE_PROFIT,2026-08-28T04:12:40.965488+00:00,992356,992358,2026-08-28T04:12:40.965488+00:00,2026-08-28T04:12:44.117593+00:00,,1,100000000,2355000,118808308,2590104,18808308,13863204,6405359,TRIGGER_MARKET
FINAL-A,E3_TP10_T15,fp1sig-7955d76f46c9d2bd4dd60c83,GPY8nXs5ahAHzR9kPLZoqBkTb3egmUoRey767UXDWcTP,PP-2d8d03f8776e438d8c8f795389927580,FILLED,FALLBACK,2026-08-27T19:58:28.723922+00:00,,848677,,2026-08-27T19:58:37.109440+00:00,,1,100000000,2355000,100152803,2356911,152803,-4559108,16117939,LAST_FRESH_MARKET
FINAL-A,E3_TP10_T15,fp1sig-7a3da37c5e96d51a779fb9ae,25FyVNwC6T8ShJzxu1Kg32RM1DvdtqQuYf8WgqXYpump,PP-d360343c23c0fa1651c1d96890e65b6d,FILLED,TAKE_PROFIT,2026-08-28T06:54:05.894747+00:00,1051157,1051249,2026-08-28T06:54:05.894747+00:00,2026-08-28T06:54:12.764551+00:00,REJECTED_THEN_FILLED,8,100000000,2355000,89334746,2221685,-10665254,-15241939,6871807,TRIGGER_MARKET
FINAL-A,E3_TP10_T15,fp1sig-7a41c29e8ce0e35fbbb02659,DrMLtQ6Xq1xEtvWvcZnM7gotXNK52ypRsa4X6Y6Hpump,PP-c5782a427eb565fa8b873914bc189859,FILLED,FALLBACK,2026-08-27T20:04:05.218559+00:00,,849748,,2026-08-27T20:04:06.768697+00:00,,1,100000000,2355000,102115048,2381439,2115048,-2621391,13745387,LAST_FRESH_MARKET
FINAL-A,E3_TP10_T15,fp1sig-7a59fcf74159c2ccd6bcd4b0,5W4GmJbCYAHHbvipxwtWkijTh8BHyGFcPBaQvUkPpump,PP-cdf3a271ba33b77fdbefe6e6c51e394a,FILLED,FALLBACK,2026-08-27T17:12:04.669407+00:00,,815922,,2026-08-27T17:12:24.548927+00:00,,1,100000000,2355000,95964954,2304562,-4035046,-8694608,31227781,RULE_REFERENCE_FALLBACK
FINAL-A,E3_TP10_T15,fp1sig-7ab6b20859d01ba5c22da05d,EVS7V5QjoAR8YRR8W2Kh1SzByChSwanbfdwpetVbpump,PP-ed495b25bb41221044a7cc2d50324906,FILLED,FALLBACK,2026-08-28T06:38:02.337672+00:00,,1043690,,2026-08-28T06:38:04.632941+00:00,,1,100000000,2355000,95986116,2304827,-4013884,-8673711,14090427,LAST_FRESH_MARKET
FINAL-A,E3_TP10_T15,fp1sig-7abaa533c81959e6a423a2ce,HjW78r1uDYSCutuG9E3WUiBvVRKELWw7gRKsAopGpump,PP-677450b382f1b54b9aa3544bcaca95f7,FILLED,FALLBACK,2026-08-28T07:51:03.134368+00:00,,1076623,,2026-08-28T07:51:05.227192+00:00,,1,100000000,2355000,93569912,2274624,-6430088,-11059712,14204321,LAST_FRESH_MARKET
FINAL-A,E3_TP10_T15,fp1sig-7b05dcae8adb706022a3168e,54hLM6tyAY8FSBeU2CL3Kz37dYWPn9GQ8enncKeHpump,PP-cc5579c3e46e92af1f604c5f4af6b1b3,FILLED,FALLBACK,2026-08-27T13:07:05.520552+00:00,,774931,,2026-08-27T13:07:11.445096+00:00,,1,100000000,2355000,101658878,2375736,1658878,-3071858,16687600,LAST_FRESH_MARKET
FINAL-A,E3_TP10_T15,fp1sig-7b4d268d71c461369b0ff3c9,8LhTc3wvbgMGtJGdjJdZZS2g1xEcBuJA9KG7zGT7pump,PP-1f5191547f99874016b28b8216fce167,FILLED,FALLBACK,2026-08-28T01:09:52.100577+00:00,,927294,,2026-08-28T01:09:53.483668+00:00,,1,100000000,2355000,102413514,2385169,2413514,-2326655,9651110,LAST_FRESH_MARKET
FINAL-A,E3_TP10_T15,fp1sig-7b5928eb964cf637fe8367e7,Ctt3GWPEbpP9h1NoRDKXjxvYi47Q1vxKpkzM7iGVpump,PP-eaa63decf6f7a1cddc830c6a3ccd9243,FILLED,FALLBACK,2026-08-28T12:05:32.113199+00:00,,1156083,,2026-08-28T12:05:33.006673+00:00,,1,100000000,2355000,92841852,2265524,-7158148,-11778672,11015233,LAST_FRESH_MARKET
FINAL-A,E3_TP10_T15,fp1sig-7c2db773dc7782c88a2f8c08,7yqwb7ztvMKJDAVSjiGmbrK3kpx3ZcdaqtqFg6m2pump,PP-90b15f7f48b98215fdd4836e5199368b,FILLED,FALLBACK,2026-08-27T19:01:11.281740+00:00,,837798,,2026-08-27T19:01:13.388201+00:00,,1,100000000,2355000,112163578,2507045,12163578,7301533,14078697,LAST_FRESH_MARKET
FINAL-A,E3_TP10_T15,fp1sig-7cc8debc37efd190034f23ef,7J1YWS62H63dz2UGtYKv3pbHevRxHtVeRaUN8nVjWC5J,PP-41a03f7afc64c0e63610006489c1d799,FILLED,FALLBACK,2026-08-28T00:30:00.445685+00:00,,918192,,2026-08-28T00:30:02.512004+00:00,,1,100000000,2355000,101148445,2369356,1148445,-3575911,14368397,LAST_FRESH_MARKET
FINAL-A,E3_TP10_T15,fp1sig-7d6e5954469d4704453bdf9c,8UhU7Vk4BR7Sf1ZWyAw1U9qswR2pxjd1UDrhNy9upump,PP-fd3e179959ae8afeea03b0bcdd84f387,FILLED,FALLBACK,2026-08-27T17:10:32.108873+00:00,,815711,,2026-08-27T17:10:36.415432+00:00,,1,100000000,2355000,93403747,2272547,-6596253,-11223800,18805001,LAST_FRESH_MARKET
FINAL-A,E3_TP10_T15,fp1sig-7d91fb1d918f7c80bb1938ef,4VsmgfWTpZzJgJ5D72jfcwtQsrwBjdCG4PP5iNEUpump,PP-7c0dd624af69f1c6331ead49b58f8520,FILLED,FALLBACK,2026-08-27T23:37:33.075992+00:00,,902638,,2026-08-27T23:37:47.823027+00:00,,1,100000000,2355000,95635634,2300446,-4364366,-9019812,19940850,RULE_REFERENCE_FALLBACK
FINAL-A,E3_TP10_T15,fp1sig-7dfdb24b6b3155cc4579d03b,43GUE5v7AHPQ7YJK61KgF2b9JBMZjf6PbxuKu3Mhpump,PP-a79b9cd0c37050ac553f134e4b841768,FILLED,FALLBACK,2026-08-28T03:04:14.248088+00:00,,967947,,2026-08-28T03:04:17.000239+00:00,,1,100000000,2355000,89611100,2225139,-10388900,-14969039,14498574,LAST_FRESH_MARKET
FINAL-A,E3_TP10_T15,fp1sig-7dff0ec32d2ff85506093e7a,VgTwV3Rww2LvyKRttdvB8HjZXE46dzTEFRrXdvApump,PP-44390de8a2360277a2b2e307dfc1ca0b,FILLED,TAKE_PROFIT,2026-08-28T02:58:56.043052+00:00,965986,966015,2026-08-28T02:58:56.043052+00:00,2026-08-28T02:58:59.431122+00:00,,1,100000000,2355000,85367882,2172099,-14632118,-19159217,3390071,TRIGGER_MARKET
FINAL-A,E3_TP10_T15,fp1sig-7e1126c9ba7c1285adb38d05,ChGazZGFDvcxJU7Eai9uaDkkY9SZ1sd6qAhDDJajpump,PP-5d055131171d088058c89fa1e28c35ed,FILLED,FALLBACK,2026-08-28T05:40:56.847263+00:00,,1022267,,2026-08-28T05:41:00.382879+00:00,,1,100000000,2355000,98992787,2342410,-1007213,-5704623,14582550,LAST_FRESH_MARKET
FINAL-A,E3_TP10_T15,fp1sig-7e5e659a6f7d256107970a31,J6a4JvP9YCWBTYoQRBYjdwJhrd3m3qchZZLAstHnpump,PP-60962c8f86c38df493ee66eaa31e8880,FILLED,FALLBACK,2026-08-27T14:17:43.434771+00:00,,790158,,2026-08-27T14:18:03.672214+00:00,,1,100000000,2355000,92448038,2260601,-7551962,-12167563,32941907,LAST_FRESH_MARKET
FINAL-A,E3_TP10_T15,fp1sig-7e693a8be5faeddd0bbe4a00,61LtM26DGBvWYUNxY8T46kAVHU71sSMEYYzp1jDppump,PP-0ff1021d04c0514f5764b5ba33329cde,FILLED,FALLBACK,2026-08-27T21:15:00.237132+00:00,,866093,,2026-08-27T21:18:18.947277+00:00,,1,100000000,2355000,99474795,2348435,-525205,-5228640,209026988,LAST_FRESH_MARKET
FINAL-A,E3_TP10_T15,fp1sig-7e9215ed3c686e365f20dff4,CEUZonqQbBnBTBQRURjoMGH17P3VpNhNaozZ7jPMpump,PP-8fd3e0f1edf2e20705c77d5b687005a5,UNRESOLVED,TAKE_PROFIT,2026-08-28T06:01:50.479582+00:00,1029304,,2026-08-28T06:01:50.479582+00:00,,REJECTED_SLIPPAGE,60,100000000,2355000,,,,,,TRIGGER_MARKET
FINAL-A,E3_TP10_T15,fp1sig-7ec64aa1eaaff816711d1fcb,EhmivDHYcb3uWw9WNsVjQj8eh2AttZmrvYqHyJ1dpump,PP-8fdbe1e830bb59e34d27e80a5de38808,FILLED,FALLBACK,2026-08-28T09:06:45.147974+00:00,,1102086,,2026-08-28T09:06:55.386510+00:00,,1,100000000,2355000,85064141,2168302,-14935859,-19459161,20158465,RULE_REFERENCE_FALLBACK
FINAL-A,E3_TP10_T15,fp1sig-7ecc0834c012ed61caa774fe,4phtMtfReVg5ujGsrutxPbKgxdyUrRbYHctuS8WYpump,PP-15429e168d53c1a8ed5d8b9af0e27025,FILLED,FALLBACK,2026-08-27T22:52:49.112063+00:00,,891554,,2026-08-27T22:52:50.205741+00:00,,1,100000000,2355000,92120083,2256502,-7879917,-12491419,14159599,LAST_FRESH_MARKET
FINAL-A,E3_TP10_T15,fp1sig-7fa253e82810517469cf5249,3wwsnYCQ3nLgUQPuukdcibUJY3Lh88iVJMuTmBL7pump,PP-76eca6ae851180bb3969197eeac0683f,FILLED,FALLBACK,2026-08-27T18:37:42.352580+00:00,,832638,,2026-08-27T18:38:12.031215+00:00,,1,100000000,2355000,98631842,2337899,-1368158,-6061057,41504751,LAST_FRESH_MARKET
FINAL-A,E3_TP10_T15,fp1sig-8018cc536b599b3a6257eb48,FtcgQDzVi5LmLBWPxVoaN5Tj1CH2aWKvvamdaR8pump,PP-3e6f46b8e0f7dbe4e58a81f6277a984e,FILLED,TAKE_PROFIT,2026-08-28T08:14:08.459039+00:00,1085865,1085886,2026-08-28T08:14:08.459039+00:00,2026-08-28T08:14:12.183272+00:00,,1,100000000,2355000,110888610,2491108,10888610,6042502,3734235,TRIGGER_MARKET
FINAL-A,E3_TP10_T15,fp1sig-807551665a2842a210ba32dc,4tsLEun6tA4ag2kV9ewg5B4uLqe5J5cJ7D29vQGcpump,PP-d9e6e8b004a39dac119a0fc77d52a5b2,FILLED,FALLBACK,2026-08-28T07:22:04.563225+00:00,,1064008,,2026-08-28T07:22:14.694475+00:00,,1,100000000,2355000,36501023,1561263,-63498977,-67415240,21817267,LAST_FRESH_MARKET
FINAL-A,E3_TP10_T15,fp1sig-81bae63e512dd71fa833fdbe,37PmWqcJWdKi7JpXxQt7iiMrm8w9QQVRmWfhLnM1pump,PP-6b754117096a7315bac05f21d49f3dd2,FILLED,TAKE_PROFIT,2026-08-27T13:14:36.731620+00:00,776999,777036,2026-08-27T13:14:36.731620+00:00,2026-08-27T13:14:45.737455+00:00,,1,100000000,2355000,161087337,3118592,61087337,55613745,14221268,TRIGGER_MARKET
FINAL-A,E3_TP10_T15,fp1sig-82705f466d97de611fae1ba4,BpBq1mVkAgg8vSC9bE8pJ2PDY9y61dk2BqS4sn7Kpump,PP-9f9863c84323e2b0f9e4532f77f401a2,FILLED,FALLBACK,2026-08-28T07:37:16.082581+00:00,,1070835,,2026-08-28T07:37:26.050460+00:00,,1,100000000,2355000,96787421,2314843,-3212579,-7882422,20674937,LAST_FRESH_MARKET
FINAL-A,E3_TP10_T15,fp1sig-82bb4da142c55e2cf812f0d1,D3oGS3bXep8BWZzaaao5ffEcMmzTncZPJZku2SDspump,PP-f56f58e4a801faf62ff6ca6030f25e22,FILLED,FALLBACK,2026-08-27T13:34:38.514096+00:00,,781943,,2026-08-27T13:34:45.896830+00:00,,1,100000000,2355000,83495987,2148700,-16504013,-21007713,12597478,RULE_REFERENCE_FALLBACK
FINAL-A,E3_TP10_T15,fp1sig-82f7761740519cdb17e63e96,CaMhHZ6M7TzLEkuHKziV7XnHuGbxQCex4FxrBbo1pump,PP-0525142830856e2b3446347f29ce65f3,FILLED,FALLBACK,2026-08-27T22:08:46.478398+00:00,,879647,,2026-08-27T22:08:53.312348+00:00,,1,100000000,2355000,103539303,2399242,3539303,-1214939,18656878,LAST_FRESH_MARKET
FINAL-A,E3_TP10_T15,fp1sig-83fe54513647635e424cec1a,593Sf3VoTC3VwX3wT2UsSoTzSsNeb8UL1c5JHDveZhVV,PP-40c46845dca5537a463975d3e4123116,FILLED,FALLBACK,2026-08-28T09:56:23.574487+00:00,,1113668,,2026-08-28T09:56:28.446215+00:00,,1,100000000,2355000,97507338,2323842,-2492662,-7171504,18929904,LAST_FRESH_MARKET
FINAL-A,E3_TP10_T15,fp1sig-849e541efeb76eaf595b68a5,512BKebyDcEqL1xGPhJH3Haj1rJqGtHbLjzvjG83pump,PP-91e0952af60bac9ef754117b9c5666c8,FILLED,FALLBACK,2026-08-27T20:58:51.975895+00:00,,861032,,2026-08-27T20:58:54.671581+00:00,,1,100000000,2355000,96106958,2306337,-3893042,-8554379,3956164,RULE_REFERENCE_FALLBACK
FINAL-A,E3_TP10_T15,fp1sig-84de5f42b519e5d39a0256fb,ZXwmrmVNzceRDhzLJgJS9oWcCuZZZgkDY8w8sQkpump,PP-34fd8ba6264ee9f08b0f11e542c1b911,UNRESOLVED,FALLBACK,2026-08-28T04:53:22.676386+00:00,,,,,REJECTED_SLIPPAGE,55,100000000,2355000,,,,,,LAST_FRESH_MARKET
FINAL-A,E3_TP10_T15,fp1sig-85aee747625f9ddf187d280e,9mUbp1NxqbdU7UXfk8Sw3r3XXfPy1gS7AzhsRf3wpump,PP-b5975b2909a11cd54e3e0b8a006e9fbe,FILLED,FALLBACK,2026-08-28T08:18:37.223129+00:00,,1087490,,2026-08-28T08:18:37.894457+00:00,,1,100000000,2355000,88347593,2209345,-11652407,-16216752,8887609,LAST_FRESH_MARKET
FINAL-A,E3_TP10_T15,fp1sig-867ca6be5a10942208945a02,G3LkBMowRewGEbZC4XhTmbh78vYWJircQfHCE6DXpump,PP-bd3ea634c9a2afec567d7c45b6d7dc83,FILLED,FALLBACK,2026-08-28T06:38:11.783428+00:00,,1043755,,2026-08-28T06:38:13.049410+00:00,,1,100000000,2355000,90915659,2241446,-9084341,-13680787,8413467,LAST_FRESH_MARKET
FINAL-A,E3_TP10_T15,fp1sig-868083d979bf35c422eb8615,HnSsrQFWtfZNxCPfem95AuHiFEtsAD3Sy5yCE5gzpump,PP-c9130c69890807d972ec5e81c66ea5f8,FILLED,FALLBACK,2026-08-28T09:41:25.178107+00:00,,1110571,,2026-08-28T09:41:33.808628+00:00,,1,100000000,2355000,83864376,2153305,-16135624,-20643929,9496025,LAST_FRESH_MARKET
FINAL-A,E3_TP10_T15,fp1sig-86e86799f938477eff324452,FSyivRYQZynoc2SVisats8Y9X29C8xP4icx6achmpump,PP-6e75806b5ccaeb2fdf891f232fb8196e,FILLED,FALLBACK,2026-08-28T03:10:42.065040+00:00,,970451,,2026-08-28T03:10:45.764824+00:00,,1,100000000,2355000,127975400,2704693,27975400,22915707,15318170,LAST_FRESH_MARKET
FINAL-A,E3_TP10_T15,fp1sig-86f6aedee048c7cd1216e8c1,7RkqFUbh29BJ8dHGRRCTVVcJvziNjMSiQbi3W4PTpump,PP-eebaf5ecf5ef1d472a417220f1e9dd51,FILLED,FALLBACK,2026-08-28T09:17:41.536430+00:00,,1104639,,2026-08-28T09:17:57.228524+00:00,,1,100000000,2355000,83766526,2152082,-16233474,-20740556,26499995,LAST_FRESH_MARKET
FINAL-A,E3_TP10_T15,fp1sig-8705ddebb722642b6b9abe1e,6DSfohVoZdqjrK4WPonrsxKPUtCN2nBwUmjUwQFjpump,PP-975938c5a5093ccb34eb7d0c13d8bf10,FILLED,TAKE_PROFIT,2026-08-27T14:49:51.387656+00:00,795790,795846,2026-08-27T14:49:51.387656+00:00,2026-08-27T14:50:01.603350+00:00,,1,100000000,2355000,82097430,2131218,-17902570,-22388788,10218698,TRIGGER_MARKET
FINAL-A,E3_TP10_T15,fp1sig-874623ea2c479bf9b4085ce2,FGgG4CATjzUcGRnDeiyLjLE9WrX1y9XBZ6rJ9iGdpump,PP-1dc38a9fda348206b945a84e461123d3,FILLED,TAKE_PROFIT,2026-08-28T11:55:27.255732+00:00,1153029,1153041,2026-08-28T11:55:27.255732+00:00,2026-08-28T11:55:28.062632+00:00,,1,100000000,2355000,99984355,2354805,-15645,-4725450,941963,TRIGGER_MARKET
FINAL-A,E3_TP10_T15,fp1sig-87ca3eb077ae91f498e1756c,MXxSaQKu6WL9nkUFzwzXR8abUkYKFVFLucAdU7upump,PP-8532c4b4cf132de7effd9b461f51ae27,FILLED,FALLBACK,2026-08-27T14:50:43.796223+00:00,,796108,,2026-08-27T14:51:13.807670+00:00,,1,100000000,2355000,99522911,2349037,-477089,-5181126,40960298,RULE_REFERENCE_FALLBACK
FINAL-A,E3_TP10_T15,fp1sig-880674e32e3d418f4beb0a1c,FpXDMaGr2dJVSr5uiMKifqnFBXTEqZNu1gBJfHkqpump,PP-217c1181eb4935476ef647946d2658c2,FILLED,FALLBACK,2026-08-28T02:45:07.766170+00:00,,959602,,2026-08-28T02:45:23.553188+00:00,,1,100000000,2355000,41124978,1619063,-58875022,-62849085,27774862,LAST_FRESH_MARKET
FINAL-A,E3_TP10_T15,fp1sig-88bff41152611c26ed14ddca,6hvsveQraNsNWGWYyofXUf5daVpJXEY9sMAk2JFppump,PP-e65d635c200ff236291f7804df8936cb,FILLED,FALLBACK,2026-08-28T07:27:11.336202+00:00,,1066123,,2026-08-28T07:27:14.822686+00:00,,1,100000000,2355000,67594014,1949926,-32405986,-36710912,15092008,LAST_FRESH_MARKET
FINAL-A,E3_TP10_T15,fp1sig-89142683bca7cbdc90113671,6sQUjRyWaDowoHddHAZZoEKMThXstKYq7VgtxwrJpump,PP-fb58b176367b77ca618295cd55d64fdb,FILLED,FALLBACK,2026-08-27T18:54:20.230638+00:00,,836166,,2026-08-27T18:54:21.133701+00:00,,1,100000000,2355000,100167293,2357092,167293,-4544799,10598806,LAST_FRESH_MARKET
FINAL-A,E3_TP10_T15,fp1sig-898bd1ce6386c2408cbc703e,7yyDdmmRD4Xg5NP5gHQ1h1fkB8jaYHiMgVcaZbUDpump,PP-209d29336dbcfd5ba332521a47cddd89,FILLED,FALLBACK,2026-08-28T02:46:47.106119+00:00,,960214,,2026-08-28T02:46:48.577696+00:00,,1,100000000,2355000,131331521,2746645,31331521,26229876,9963739,RULE_REFERENCE_FALLBACK
FINAL-A,E3_TP10_T15,fp1sig-8a60f7ae65f6fab765b99d51,EBLENezw3LXCbicEfdPKm5YXGbDFdzbnc7tgqN9ipump,PP-1520753077ab65ca39f945179fbf9ad3,FILLED,TAKE_PROFIT,2026-08-28T04:24:10.452536+00:00,996197,996217,2026-08-28T04:24:10.452536+00:00,2026-08-28T04:24:14.188277+00:00,,1,100000000,2355000,114496962,2536213,14496962,9605749,6554487,TRIGGER_MARKET
FINAL-A,E3_TP10_T15,fp1sig-8be6016b7cfb9969cd0da227,CeSAfnhgX5QcPqhTbw8sN3wAS5kVnEazNKvQRw2upump,PP-f62fb47aad6502a70c66794339d561e2,FILLED,FALLBACK,2026-08-27T23:27:13.980811+00:00,,899654,,2026-08-27T23:27:17.312069+00:00,,1,100000000,2355000,107232108,2445402,7232108,2431706,14996087,LAST_FRESH_MARKET
FINAL-A,E3_TP10_T15,fp1sig-8c073fd4707dbf03de1d973f,5RixSRpY33k8ACAL4CtJvByErSd7PSfqkVv21Ze6pump,PP-ac5e46f440ff835793609b7e636c2b79,UNRESOLVED,FALLBACK,2026-08-28T06:11:09.218547+00:00,,,,,REJECTED_SLIPPAGE,21,100000000,2355000,,,,,,RULE_REFERENCE_FALLBACK
FINAL-A,E3_TP10_T15,fp1sig-8c438c80fa8057026f7b7231,DZCnaRuTsrqWxut8YSgrd13AD1T4yEwFZ59GzQkVpump,PP-3d7c255a62e9eccc235a3e4732dd2f97,UNRESOLVED,FALLBACK,2026-08-28T10:46:46.098450+00:00,,,,,NO_CAUSAL_FILL,0,100000000,2355000,,,,,,RULE_REFERENCE_FALLBACK
FINAL-A,E3_TP10_T15,fp1sig-8cbedfbd77271feedbf99e3b,EbgzCCYT2HifhFaDHdAxe68dNFQV1avQbM8rszfHpump,PP-5ea90d712f5572594b4e881cb6178fe5,FILLED,TAKE_PROFIT,2026-08-28T02:14:17.562002+00:00,948255,948258,2026-08-28T02:14:17.562002+00:00,2026-08-28T02:14:20.449957+00:00,,1,100000000,2355000,114862502,2540782,14862502,9966720,2916956,TRIGGER_MARKET
FINAL-A,E3_TP10_T15,fp1sig-8da41ec54697333b5a5fa221,S8TvQBLKbgxSsJWAb8mDkmeU5Q6KLeP6ceeRm3Spump,PP-c27469057c5c4d77ad2b179d26cb2fc5,FILLED,FALLBACK,2026-08-27T22:21:30.873818+00:00,,883699,,2026-08-27T22:21:34.643120+00:00,,1,100000000,2355000,124182125,2657277,24182125,19169848,11031283,LAST_FRESH_MARKET
FINAL-A,E3_TP10_T15,fp1sig-8da7514b6665505f4db9da6e,HbbUkRVghKHcsUUzhqwqqdAZEE5PN4dr4mtEc4WApump,PP-15bd0f58af7a594427f4fda0adfb478c,FILLED,FALLBACK,2026-08-28T06:57:30.101492+00:00,,1053153,,2026-08-28T06:57:31.727415+00:00,,1,100000000,2355000,55792344,1802405,-44207656,-48365061,13327974,LAST_FRESH_MARKET
FINAL-A,E3_TP10_T15,fp1sig-8db2d5a80fd68545475427c2,AGm8gfwM37sCUSQyHYRFNnq3gkwzHN97Wg4GRBrtpump,PP-62c8bc964ca1ac2b99770295f3dd1bae,FILLED,FALLBACK,2026-08-27T23:13:26.658201+00:00,,896632,,2026-08-27T23:13:32.284101+00:00,,1,100000000,2355000,96835893,2315449,-3164107,-7834556,11424476,LAST_FRESH_MARKET
FINAL-A,E3_TP10_T15,fp1sig-8ea9e6bf8bdab8c0ce1736d4,25FeRuVE7tyNDyrDkFRimV3SfaxZMzJFw2YPpbwGpump,PP-03161ff07d4aa43173846e1ff9b7f8ea,FILLED,TAKE_PROFIT,2026-08-28T03:23:29.891826+00:00,975816,975818,2026-08-28T03:23:29.891826+00:00,2026-08-28T03:23:34.025607+00:00,,1,100000000,2355000,122808327,2640105,22808327,17813222,7506760,TRIGGER_MARKET
FINAL-A,E3_TP10_T15,fp1sig-8eaede68d680ea3a8d084685,DCDPCQwso526XtR6HeRnGjEMoyx6Vu3ori7QpcHepump,PP-4202d8a500fc7dc2654dcf476bc4bca3,FILLED,FALLBACK,2026-08-28T04:07:47.696333+00:00,,990980,,2026-08-28T04:07:54.030842+00:00,,1,100000000,2355000,115295207,2546191,15295207,10394016,18039170,LAST_FRESH_MARKET
FINAL-A,E3_TP10_T15,fp1sig-8ecb8b5122fe517515872210,Eu4KS3HQyDjak2uNcAr7LkXa9qHBNh8D9gogsXDopump,PP-5b4abdc027de8a1dfc418dc8943928c6,FILLED,TAKE_PROFIT,2026-08-28T02:28:50.876966+00:00,953052,953062,2026-08-28T02:28:50.876966+00:00,2026-08-28T02:28:54.510316+00:00,,1,100000000,2355000,110919350,2491492,10919350,6072858,6890890,TRIGGER_MARKET
FINAL-A,E3_TP10_T15,fp1sig-8f04567911053bca3b0417f8,ivKdYYn29kaXRHgV4N1FLj7aspuL4hQSpuKuGkSpump,PP-914c5e866a0d1f5b24c1962e4934089c,FILLED,FALLBACK,2026-08-28T08:17:17.211479+00:00,,1087074,,2026-08-28T08:17:20.433306+00:00,,1,100000000,2355000,60532145,1861652,-39467855,-43684507,15147259,LAST_FRESH_MARKET
FINAL-A,E3_TP10_T15,fp1sig-8f3af275d88f948ffe77676b,8n9e7QoNrcDrff8qC4ixHcs2U1jB2r2QXBLs7RzXpump,PP-58967222ef4872198a33e0dc63d1fe29,FILLED,FALLBACK,2026-08-27T21:41:22.327021+00:00,,872438,,2026-08-27T21:41:40.772675+00:00,,1,100000000,2355000,100602879,2362536,602879,-4114657,28974054,LAST_FRESH_MARKET
FINAL-A,E3_TP10_T15,fp1sig-8f61042c3fd06ca7d52fe593,GUj37DQVYBkZ9E2e5x3ynLYXtjeLgq7yyQyhsemJK37Z,PP-a1ac35352b7094a05e3496bcc5a1f901,FILLED,TAKE_PROFIT,2026-08-27T19:06:39.750483+00:00,838838,838853,2026-08-27T19:06:39.750483+00:00,2026-08-27T19:06:43.706539+00:00,,1,100000000,2355000,146281347,2933517,46281347,40992830,15176099,TRIGGER_MARKET
FINAL-A,E3_TP10_T15,fp1sig-8fc699216e9431558bc2593e,DnkBarXZ1QhoiKnN856NRk9osPzNZAwiFwRdpMepump,PP-86454def2892a2a989adcf486035e182,FILLED,TAKE_PROFIT,2026-08-27T13:48:41.984415+00:00,784892,784913,2026-08-27T13:48:41.984415+00:00,2026-08-27T13:48:47.870591+00:00,,1,100000000,2355000,113886848,2528586,13886848,9003262,8711238,TRIGGER_MARKET
FINAL-A,E3_TP10_T15,fp1sig-901177f59f96239eaa84dc56,DcnPMCbsos3fnukHdQupygr49xNecpRH8w7hHGxRpump,PP-a1ba580af432e1968aa306cf08474470,FILLED,FALLBACK,2026-08-28T03:26:07.131443+00:00,,976723,,2026-08-28T03:26:09.218644+00:00,,1,100000000,2355000,100898605,2366233,898605,-3822628,10439281,LAST_FRESH_MARKET
FINAL-A,E3_TP10_T15,fp1sig-90490cfb9c56d6ed784b7f6b,EFDVU5rhNFVUkzbS25gX1c4Ur5dmPfytDtf5RhAXpump,PP-c72dabbe56e8ceea1b58f7313067f03f,FILLED,FALLBACK,2026-08-28T08:16:55.237412+00:00,,1086942,,2026-08-28T08:16:58.700992+00:00,,1,100000000,2355000,93500366,2273755,-6499634,-11128389,7540672,RULE_REFERENCE_FALLBACK
FINAL-A,E3_TP10_T15,fp1sig-9056c8534577a57b5089e467,HX1ubEoRULP5Ro5j5x5BxPhfHjnrxpRKUmTuJdq6pump,PP-f3202da93758267c3cbfc3f52858a47c,FILLED,TAKE_PROFIT,2026-08-28T08:57:48.464741+00:00,1099890,1099897,2026-08-28T08:57:48.464741+00:00,2026-08-28T08:57:48.979330+00:00,,1,100000000,2355000,113764012,2527051,13764012,8881961,4771078,TRIGGER_MARKET
FINAL-A,E3_TP10_T15,fp1sig-90cabc47f4229e97c1071e1a,5Vr8AkzfbdzmDgVc8K9AWZEZQEA1VU8h5Q8hY1Jppump,PP-9f530ec43ca8e62e4560318985001960,FILLED,TAKE_PROFIT,2026-08-28T03:04:02.590376+00:00,967831,967872,2026-08-28T03:04:02.590376+00:00,2026-08-28T03:04:10.332440+00:00,REJECTED_THEN_FILLED,2,100000000,2355000,122242975,2633038,22242975,17254937,7836775,TRIGGER_MARKET
FINAL-A,E3_TP10_T15,fp1sig-90d34bc4411a092aa689a7fd,8YgjvLnRnDniTWZScx7gVZJRWhU5bmaEywdGFoSppump,PP-5b0ac6f081c3cfc120e33e25fc2f50f5,FILLED,FALLBACK,2026-08-27T22:13:04.478806+00:00,,880861,,2026-08-27T22:13:05.056588+00:00,,1,100000000,2355000,100719797,2363998,719797,-3999201,12213107,LAST_FRESH_MARKET
FINAL-A,E3_TP10_T15,fp1sig-90e64eb678c2bb5dc45df5de,FVKnJxkng1TQ4MmnvXJkx71r1a9vWXYxtVDPXgDipump,PP-a870810ade8d3c967187fdf4e85f3224,FILLED,TAKE_PROFIT,2026-08-27T18:24:32.102263+00:00,830765,830799,2026-08-27T18:24:32.102263+00:00,2026-08-27T18:24:51.452805+00:00,,1,100000000,2355000,99481348,2348517,-518652,-5222169,19834652,TRIGGER_MARKET
FINAL-A,E3_TP10_T15,fp1sig-90fd26ab4c3c5380112d7b9c,GQ9qYBwj5zG1xH4Ew2Rcpw6r5aDVmvpQZpTKLqf5pump,PP-746d23ac52f4ed4f09b0215d7347ea6c,FILLED,FALLBACK,2026-08-28T07:34:38.690867+00:00,,1069519,,2026-08-28T07:34:40.809499+00:00,,1,100000000,2355000,50872100,1740902,-49127900,-53223802,13856348,LAST_FRESH_MARKET
FINAL-A,E3_TP10_T15,fp1sig-9191c3bef732f06651744c5e,EzSYuJeLzS1AADTYrKgYggAEaehej8KXSkekeXhMpump,PP-a14885117e28691784d3045459fd76cd,FILLED,FALLBACK,2026-08-28T03:07:15.456871+00:00,,969165,,2026-08-28T03:07:17.953163+00:00,,1,100000000,2355000,98015527,2330195,-1984473,-6669668,13230027,LAST_FRESH_MARKET
FINAL-A,E3_TP10_T15,fp1sig-93018a6920949384602311e2,BLy6zeBCaYLMvwBz96b1dQ6FFszoWU22NbawkaxDpump,PP-da2a2aa1ccd451d54ec6ca8096dbab2a,FILLED,TAKE_PROFIT,2026-08-27T20:26:34.533548+00:00,853956,853957,2026-08-27T20:26:34.533548+00:00,2026-08-27T20:26:36.904317+00:00,,1,100000000,2355000,119529613,2599121,19529613,14575492,5809920,TRIGGER_MARKET
FINAL-A,E3_TP10_T15,fp1sig-93eeb295cc2fc8e474fcb569,7vjzbz7uSedWuqo6wZ8i9LqN7PWv8mv4UAsgCxWMpump,PP-77729a8ef19f5026f93c9d85d3a62da2,FILLED,FALLBACK,2026-08-28T10:08:01.122360+00:00,,1116934,,2026-08-28T10:08:06.943972+00:00,,1,100000000,2355000,97666893,2325837,-2333107,-7013944,13771983,LAST_FRESH_MARKET
FINAL-A,E3_TP10_T15,fp1sig-947b5e620d0af90aff4cd16c,4dzkhPVu47WNYQCVgq3chJ4ia2A21wKcsXwrEaJRpump,PP-a4249a72b5b20909bdcb1930899b5522,FILLED,TAKE_PROFIT,2026-08-28T04:34:52.594523+00:00,999108,999132,2026-08-28T04:34:52.594523+00:00,2026-08-28T04:34:55.552105+00:00,,1,100000000,2355000,210309424,3733868,110309424,104220556,2959581,TRIGGER_MARKET
FINAL-A,E3_TP10_T15,fp1sig-9512d79049a57770749be23d,EFmGNjLuu1TDaSBesxrbUY2LrqykMHY9i4fr5LWNpump,PP-248e46d3dd81d5fe1e5dad783753bd9b,FILLED,FALLBACK,2026-08-27T14:59:56.482051+00:00,,797376,,2026-08-27T14:59:59.281443+00:00,,1,100000000,2355000,82205746,2132572,-17794254,-22281826,6975394,LAST_FRESH_MARKET
FINAL-A,E3_TP10_T15,fp1sig-95cfb930e96c6b9dcaade597,GTusiVHZU3rZHam1y593pLC1JLkiQt3gXcjSkN2rpump,PP-72980c49a9d01677f2121c380e5e4528,FILLED,TAKE_PROFIT,2026-08-28T01:59:20.576428+00:00,943429,943458,2026-08-28T01:59:20.576428+00:00,2026-08-28T01:59:24.436580+00:00,,1,100000000,2355000,118794426,2589931,18794426,13849495,10146631,TRIGGER_MARKET
FINAL-A,E3_TP10_T15,fp1sig-95f4eb484d9e61c0eac871e4,EqkjNFGZMxMqBFwoVn7Z4zfBY6Ld36EKc8HLhthnpump,PP-00d0969e7e4700cb555da543a481a2bb,FILLED,FALLBACK,2026-08-28T05:14:18.603305+00:00,,1011955,,2026-08-28T05:14:28.353007+00:00,,1,100000000,2355000,93960828,2279511,-6039172,-10673683,21165176,LAST_FRESH_MARKET
FINAL-A,E3_TP10_T15,fp1sig-966ceaaaf48a50574b3d8520,7LFNgFsMjfwYCh6JLK2qY84n1nuSY7zaaNeMWTiHpump,PP-0106557279f9c8c82ade8ed159b97fd5,FILLED,TAKE_PROFIT,2026-08-27T23:47:24.945342+00:00,905871,905883,2026-08-27T23:47:24.945342+00:00,2026-08-27T23:47:26.427113+00:00,,1,100000000,2355000,105200768,2420010,5200768,425758,1483773,TRIGGER_MARKET
FINAL-A,E3_TP10_T15,fp1sig-96bfe0403058f7f82704b241,A94r9eeoqrLDoRP9kaU3nFdnfPdvZDk5uvnZUSBEpump,PP-899611335d90765380bb3df7c06a3832,FILLED,FALLBACK,2026-08-27T14:48:19.486359+00:00,,795351,,2026-08-27T14:48:32.329521+00:00,,1,100000000,2355000,134919884,2791499,34919884,29773385,17092108,RULE_REFERENCE_FALLBACK
FINAL-A,E3_TP10_T15,fp1sig-971f4f25144b08fdd466b84e,9demY6t6F1N76cq4XNHiAu6Y2DyQ5EJoofrPoGoDpump,PP-9237526e4d47d2b4a7f7195a4300dff2,FILLED,FALLBACK,2026-08-28T11:35:52.548488+00:00,,1146891,,2026-08-28T11:35:55.994343+00:00,,1,100000000,2355000,104803091,2415039,4803091,33052,14341244,LAST_FRESH_MARKET
FINAL-A,E3_TP10_T15,fp1sig-973d7747ab4d12b78be39b4f,HUCjjbRJEHHLZNH4EctvQyYiXpmZmrZFvEutLetqk2Pn,PP-b90692567f7c2b1bb2b022f513c7d984,FILLED,TAKE_PROFIT,2026-08-27T13:53:40.057542+00:00,785680,785689,2026-08-27T13:53:40.057542+00:00,2026-08-27T13:53:42.911647+00:00,,1,100000000,2355000,101003806,2367548,1003806,-3718742,12730044,TRIGGER_MARKET
FINAL-A,E3_TP10_T15,fp1sig-980687c5a9cafcb8b41e82a7,Cp5ejcFXX7g8sNeE9rmnFGfp2NJs6xWnJCJfXL8Qpump,PP-cf152ac80084ddf0d459e8894688b56c,FILLED,TAKE_PROFIT,2026-08-27T21:00:03.180502+00:00,861249,861254,2026-08-27T21:00:03.180502+00:00,2026-08-27T21:00:06.259883+00:00,,1,100000000,2355000,144136714,2906709,44136714,38875005,3422105,TRIGGER_MARKET
FINAL-A,E3_TP10_T15,fp1sig-98387d78c00b87e912c421d7,Ew83BKy1Y6yEttMFrLis4DaSq7ty15ZZPBzELbR8pump,PP-930167835d282608d42e493ddc33e56a,FILLED,FALLBACK,2026-08-27T17:04:37.036449+00:00,,814874,,2026-08-27T17:04:40.522359+00:00,,1,100000000,2355000,108426131,2460327,8426131,3610804,8691523,RULE_REFERENCE_FALLBACK
FINAL-A,E3_TP10_T15,fp1sig-98b0101d40e79b79e3909b6d,8r2xtU7SnnQ5fJfuzXmQna1wCGsQ6HMzA3a4N5iPpump,PP-ebcf4c72f8727a6abe606093a77acf7c,FILLED,TAKE_PROFIT,2026-08-28T00:58:28.323874+00:00,924967,924981,2026-08-28T00:58:28.323874+00:00,2026-08-28T00:58:34.636891+00:00,,1,100000000,2355000,149497682,2973722,49497682,44168960,6400525,TRIGGER_MARKET
FINAL-A,E3_TP10_T15,fp1sig-98c0a83c359cf69ef604aa04,6pXG19wQErHYggPVydzm4M5goYHq23vypJ7W2vamTDUN,PP-c42429d65023e78a1845515387b24cec,FILLED,FALLBACK,2026-08-27T12:42:51.014771+00:00,,769991,,2026-08-27T12:42:52.196624+00:00,,1,100000000,2355000,91776500,2252207,-8223500,-12830707,15469999,LAST_FRESH_MARKET
FINAL-A,E3_TP10_T15,fp1sig-99577c0af8679eecc9bcc954,5Eutwi2Edtg8yyU7x6K8JaEifQvHD4DdrRiu7xZ2pump,PP-b8121e5db1e21eb12f70812645b0219c,FILLED,TAKE_PROFIT,2026-08-28T04:40:36.481354+00:00,1001191,1001238,2026-08-28T04:40:36.481354+00:00,2026-08-28T04:40:43.394150+00:00,,1,100000000,2355000,123974354,2654680,23974354,18964674,10363845,TRIGGER_MARKET
FINAL-A,E3_TP10_T15,fp1sig-997cf7098757cb8d0cb28e36,98QmAZ6cqA2oJ3houZJRbGDuxw2A9xAcTqJtpSBXAbUD,PP-dfeaaf3d4af293a5eb55445cf18d9129,FILLED,TAKE_PROFIT,2026-08-28T06:41:35.668916+00:00,1045525,1045536,2026-08-28T06:41:35.668916+00:00,2026-08-28T06:41:39.559257+00:00,,1,100000000,2355000,113606137,2525077,13606137,8726060,3955341,TRIGGER_MARKET
FINAL-A,E3_TP10_T15,fp1sig-9a58948a0c95b094f3c87ff6,ChEvq8JEq59CEBEfhrogXnqimcjGFjasjwyFQcyGpump,PP-74138bc097c446e183bc56538ec64543,FILLED,FALLBACK,2026-08-28T09:33:16.856684+00:00,,1108078,,2026-08-28T09:33:19.785201+00:00,,1,100000000,2355000,90994693,2242434,-9005307,-13602741,14653125,LAST_FRESH_MARKET
FINAL-A,E3_TP10_T15,fp1sig-9adeae6f7f56b43d00f189b9,67e52WXdZVPmfEkMMDon2bYJVVyZcEGEnjyrmRpZpump,PP-7ddd40d03332e02078bac4e7f8a504ed,FILLED,FALLBACK,2026-08-27T16:30:45.312515+00:00,,809800,,2026-08-27T16:30:50.981526+00:00,,1,100000000,2355000,111217322,2495217,11217322,6367105,19912520,LAST_FRESH_MARKET
FINAL-A,E3_TP10_T15,fp1sig-9adff94f9da3518fa21a534c,2w12QQ26kRbwH9EQuSEJ55T7nvyuupQv3qGJtJt52txN,PP-740447b833dd29ce281fcb555acbb168,FILLED,FALLBACK,2026-08-28T10:41:05.353021+00:00,,1128394,,2026-08-28T10:41:06.873410+00:00,,1,100000000,2355000,92807791,2265098,-7192209,-11812307,11951050,LAST_FRESH_MARKET
FINAL-A,E3_TP10_T15,fp1sig-9b69c05ea30dbb17962db775,3Kt3zhPd2LeKkxhbq8ub3DaUBVCCeZfysvPCk27epump,PP-0c230f38f6f14d2cd39d15e92195f98c,FILLED,FALLBACK,2026-08-28T07:33:11.593486+00:00,,1068822,,2026-08-28T07:33:25.381978+00:00,,1,100000000,2355000,103902825,2403786,3902825,-855961,17859537,LAST_FRESH_MARKET
FINAL-A,E3_TP10_T15,fp1sig-9c05e42236a5078c5d2f8078,9JEJbv7gk5UATGcbfP91GsXukw46ed2sj2xPQg3spump,PP-dad8ae6f31cf3a6825fa1611931e1b90,FILLED,FALLBACK,2026-08-28T06:51:23.969753+00:00,,1049724,,2026-08-28T06:51:31.030757+00:00,,1,100000000,2355000,94036570,2280458,-5963430,-10598888,17975823,LAST_FRESH_MARKET
FINAL-A,E3_TP10_T15,fp1sig-9c4d7f0d9a30683f3e2722cf,8DGbeBit2FGDcN4WQfDiGUxQ3nLHtmHeaJ2HSeuKpump,PP-079385d352dcb3a0413d8c0b4d1ecba3,FILLED,FALLBACK,2026-08-27T22:58:36.417902+00:00,,893245,,2026-08-27T22:58:43.738425+00:00,,1,100000000,2355000,125362514,2672032,25362514,20335482,11230295,RULE_REFERENCE_FALLBACK
FINAL-A,E3_TP10_T15,fp1sig-9cd2b928afb3a4f502b62f76,37g2UBy3DVjWKjCgDhhvap41jD9ZgAB9aQGjekY9mirH,PP-e7ad292367b15f1f303e7daf34351b05,FILLED,FALLBACK,2026-08-27T15:02:41.685144+00:00,,797595,,2026-08-27T15:02:44.148654+00:00,,1,100000000,2355000,107825679,2452821,7825679,3017858,3923587,RULE_REFERENCE_FALLBACK
FINAL-A,E3_TP10_T15,fp1sig-9df3695c93f738c9f9e66fb8,6nPsM6tLGLCCqA1L8TecthJTNk5nZyBsfcm47T1fpump,PP-407904dd102a155aa08a930ff0f29086,FILLED,FALLBACK,2026-08-28T08:31:54.559956+00:00,,1093115,,2026-08-28T08:31:56.069544+00:00,,1,100000000,2355000,111311212,2496391,11311212,6459821,12648754,LAST_FRESH_MARKET
FINAL-A,E3_TP10_T15,fp1sig-9e1d1b5e3afb8736e7140c96,4i8n6dEpo3P5VKufQBmJQ6nei5iTT8rVaCAZ2pp2pump,PP-33a67ee8820c9c4602d35f2a811c156d,FILLED,FALLBACK,2026-08-27T20:54:05.034171+00:00,,859957,,2026-08-27T20:54:05.717777+00:00,,1,100000000,2355000,99025140,2342815,-974860,-5672675,12327663,LAST_FRESH_MARKET
FINAL-A,E3_TP10_T15,fp1sig-9e3116652f43ba3470a24e96,DfrZS6Bc8tcsL1MtcrwHcZyfV27zNfiKLVbpDFCepump,PP-5263495d74744f766441ff462470c426,FILLED,FALLBACK,2026-08-28T10:31:03.210040+00:00,,1125412,,2026-08-28T10:31:21.612931+00:00,REJECTED_THEN_FILLED,5,100000000,2355000,92361165,2259515,-7638835,-12253350,28791140,LAST_FRESH_MARKET
FINAL-A,E3_TP10_T15,fp1sig-9e64ac8c2493619f77e56f9b,4zTnp9t6gYCRaFGGJU81664biKDvxRLygjakJAbSpump,PP-2b58f097daf8ccbd18c3c1daa340dba3,FILLED,TAKE_PROFIT,2026-08-28T07:01:03.351842+00:00,1054900,1054902,2026-08-28T07:01:03.351842+00:00,2026-08-28T07:01:06.245347+00:00,,1,100000000,2355000,112874831,2515936,12874831,8003895,10234423,TRIGGER_MARKET
FINAL-A,E3_TP10_T15,fp1sig-9f7cf131073cc98615535773,Bgis28ufecFwo4xn32saXoMsqN3PHpCejJi2fShYpump,PP-28a2298d01c24b2b066332aab2375c31,FILLED,FALLBACK,2026-08-28T02:40:44.141370+00:00,,957336,,2026-08-28T02:40:47.701539+00:00,,1,100000000,2355000,188154559,3456932,88154559,82342627,11132562,RULE_REFERENCE_FALLBACK
FINAL-A,E3_TP10_T15,fp1sig-9fe32e7996d860a972996b41,HUAeTqMEoDnLCk9emHQ4rGFWBE8jPJN8Nmwqnw7cpump,PP-13b12674d773f20455594ee7a4bffb45,FILLED,FALLBACK,2026-08-27T23:36:27.219897+00:00,,902358,,2026-08-27T23:36:32.829540+00:00,,1,100000000,2355000,89468202,2223353,-10531798,-15110151,16280062,LAST_FRESH_MARKET
FINAL-A,E3_TP10_T15,fp1sig-9ff76b9af62e3d50e42203ec,Rgo6DqhV6EqnBDRZWorQUdpuwXTVJkUs1UWE9fSpump,PP-3473ad3a72394cb44849e29a768ce455,FILLED,FALLBACK,2026-08-28T09:05:18.930472+00:00,,1101643,,2026-08-28T09:05:24.600852+00:00,,1,100000000,2355000,101409796,2372623,1409796,-3317827,16279036,LAST_FRESH_MARKET
FINAL-A,E3_TP10_T15,fp1sig-a0445e2b50ecb8a1377124ec,AfvMiNgp3cw2QgFFnNufDTg7BJKPcNWSBYN98CoKpump,PP-12d8657d1ce1f4a70b791bf03ef4ccdd,FILLED,FALLBACK,2026-08-28T10:30:20.608794+00:00,,1125132,,2026-08-28T10:30:26.107972+00:00,,1,100000000,2355000,94219788,2282748,-5780212,-10417960,19905179,LAST_FRESH_MARKET
FINAL-A,E3_TP10_T15,fp1sig-a048c97cbb4c2e730be38ea5,FhfURvoJPBMiHWphQsuVDnG1kfTxeh4N7Qe5dqLApump,PP-17f5acd424545a1c5bc0c5088fd7cc08,FILLED,FALLBACK,2026-08-27T22:48:41.371881+00:00,,890806,,2026-08-27T22:48:54.423602+00:00,,1,100000000,2355000,100208557,2357607,208557,-4504050,24670459,RULE_REFERENCE_FALLBACK
FINAL-A,E3_TP10_T15,fp1sig-a1bbe46dc6bb28bdaba1c91c,RLTso1q768JYT8YLnS2wq8oPU417yMJVUPR5pv6pump,PP-49a0d14a9103c5a6bafaa6fbdf9601ca,FILLED,TAKE_PROFIT,2026-08-28T04:13:01.457480+00:00,992441,992588,2026-08-28T04:13:01.457480+00:00,2026-08-28T04:13:59.983068+00:00,,1,100000000,2355000,93377430,2272218,-6622570,-11249788,58527591,TRIGGER_MARKET
FINAL-A,E3_TP10_T15,fp1sig-a2457cb6e0faee54c9642f5f,5udxEaZg5wZQ3CgJpakBNN4ABZ5HCS6wKqGrpMiNpump,PP-7ddd49b066801fbe6f0dcdc350ec3cfb,FILLED,FALLBACK,2026-08-27T15:55:49.042740+00:00,,805667,,2026-08-27T15:55:50.534722+00:00,,1,100000000,2355000,93780604,2277258,-6219396,-10851654,7728218,LAST_FRESH_MARKET
FINAL-A,E3_TP10_T15,fp1sig-a27ee836765987f9fb7db771,CzMravJwV8sazBJkVNYL4XbSVqYhoaBW1VAKa7Sjpump,PP-4a4392bf64eaf8a01283293d0dc7e517,FILLED,FALLBACK,2026-08-28T06:24:44.640051+00:00,,1037578,,2026-08-28T06:24:48.066314+00:00,,1,100000000,2355000,95289736,2296122,-4710264,-9361386,14899252,RULE_REFERENCE_FALLBACK
FINAL-A,E3_TP10_T15,fp1sig-a2a7bcfd3c4b83a428d605c9,FfNjVMwXFysEGkG1psvPMV8wXvN4xN3YwZojcEo1pump,PP-b35f5bda688e0c0d1ce0a0ae871f9baf,FILLED,FALLBACK,2026-08-28T10:14:54.863889+00:00,,1119486,,2026-08-28T10:15:14.452660+00:00,,1,100000000,2355000,92056483,2255707,-7943517,-12554224,26601639,RULE_REFERENCE_FALLBACK
FINAL-A,E3_TP10_T15,fp1sig-a2a9a544060e60b716617482,EpCxKueb1jp3xQ4LQFCh3pQf6v9EDoaoobud4xBTpump,PP-3fe2957d18b9fdb037f3f1dd6c517ad5,FILLED,FALLBACK,2026-08-28T01:38:32.677962+00:00,,936694,,2026-08-28T01:38:35.091568+00:00,,1,100000000,2355000,111143622,2494296,11143622,6294326,14054694,LAST_FRESH_MARKET
FINAL-A,E3_TP10_T15,fp1sig-a2dee0331b1c6a5e34ced498,8ppPkwcvECF1ZjtGqHyMwYt8KC5bXrrAQcyKFLoqpump,PP-3d96e1cc194364912efc8201e0a38955,FILLED,FALLBACK,2026-08-28T03:20:38.986213+00:00,,974479,,2026-08-28T03:20:48.235710+00:00,REJECTED_THEN_FILLED,2,100000000,2355000,61960905,1879512,-38039095,-42273607,17038701,LAST_FRESH_MARKET
FINAL-A,E3_TP10_T15,fp1sig-a2e73852e812c84b83f14de5,6d5eE5TAuRWQr172XBogX59Mm5WmDgDC8ugr79usnC9p,PP-598758ce02a6e8d7f8e972060e889e9a,FILLED,FALLBACK,2026-08-27T16:54:10.660125+00:00,,813508,,2026-08-27T16:54:15.188382+00:00,,1,100000000,2355000,76823078,2065289,-23176922,-27597211,16010230,LAST_FRESH_MARKET
FINAL-A,E3_TP10_T15,fp1sig-a3c330bf3be7d4585455efa0,8oGJ7uPob7uaLMinfCeYsdTBc5GW3gWruFE7njjCpump,PP-885ae9f2d8ab58e7d9738a694a5c8571,FILLED,TAKE_PROFIT,2026-08-28T01:25:21.179845+00:00,931817,931852,2026-08-28T01:25:21.179845+00:00,2026-08-28T01:25:24.951418+00:00,,1,100000000,2355000,118769653,2589621,18769653,13825032,9977843,TRIGGER_MARKET
FINAL-A,E3_TP10_T15,fp1sig-a5364d6e12ac86f6a7112b96,bS5hfxkEc1qrX9y9Cf3cJgzgwxHp1dk3Nza2XHppump,PP-f34a32365471cf5112fdbc457a07e43b,FILLED,FALLBACK,2026-08-27T22:08:35.979350+00:00,,879598,,2026-08-27T22:08:38.587716+00:00,,1,100000000,2355000,82698108,2138727,-17301892,-21795619,14137556,LAST_FRESH_MARKET
FINAL-A,E3_TP10_T15,fp1sig-a593bef7fb913cbb594c4a60,6hYvNdaLbRkWu4FmM3LSfc3w3F4mSc6UMMWuvW4Jpump,PP-375a6c29dc15d3ab3556ee76794aaa15,FILLED,FALLBACK,2026-08-28T07:42:22.671653+00:00,,1073014,,2026-08-28T07:42:26.616110+00:00,,1,100000000,2355000,89152216,2219403,-10847784,-15422187,14552502,LAST_FRESH_MARKET
FINAL-A,E3_TP10_T15,fp1sig-a5adcc8a89d73e94bc750eaf,643kEvsek6q7dVhFvZXz3rpQZ29qJUXPjJXeTbX6pump,PP-8fcbbae9d92ce15156954971801c5002,FILLED,FALLBACK,2026-08-27T15:26:22.670944+00:00,,802037,,2026-08-27T15:26:24.228814+00:00,,1,100000000,2355000,92311966,2258900,-7688034,-12301934,11000629,LAST_FRESH_MARKET
FINAL-A,E3_TP10_T15,fp1sig-a5fc1047909841f2f5a841f5,F467hi3tATK3xCxCFyu8febWZsR3mKDE6LxhGKMtpump,PP-cb5a64ae0bfd4937d5710f403373a98c,FILLED,FALLBACK,2026-08-28T00:33:33.300488+00:00,,919139,,2026-08-28T00:34:01.843243+00:00,REJECTED_THEN_FILLED,2,100000000,2355000,66242920,1933037,-33757080,-38045117,33701509,LAST_FRESH_MARKET
FINAL-A,E3_TP10_T15,fp1sig-a819361afac2ea326d3d24a0,BeVwbFayKr7JU8qAbJdJKwGmK3AX2gPttRQyNApKpump,PP-0867fff36418012888c313fba5c5269f,FILLED,FALLBACK,2026-08-28T01:18:00.367976+00:00,,929754,,2026-08-28T01:18:20.502160+00:00,,1,100000000,2355000,97030411,2317881,-2969589,-7642470,30997144,LAST_FRESH_MARKET
FINAL-A,E3_TP10_T15,fp1sig-a82dacf42f33fdfa7c227be4,CmM5HxXesQdt6go1E4g5FPSGVZQ6ddS893KRFE3Upump,PP-0745e35d2c17e281aafeafd7d79aead5,FILLED,FALLBACK,2026-08-27T12:38:21.638457+00:00,,768896,,2026-08-27T12:38:25.093639+00:00,,1,100000000,2355000,99486265,2348579,-513735,-5217314,5124945,RULE_REFERENCE_FALLBACK
FINAL-A,E3_TP10_T15,fp1sig-aa2b0e1c3517615378afd20c,8jAwgxcLp9GuS7wxXiG94JtfR78NRrmjMqPsDuXWpump,PP-cc01e05ced0b01f27af4235bd2be2b55,FILLED,FALLBACK,2026-08-28T12:02:01.156845+00:00,,1155088,,2026-08-28T12:02:01.745003+00:00,,1,100000000,2355000,84999082,2167489,-15000918,-19523407,10015700,LAST_FRESH_MARKET
FINAL-A,E3_TP10_T15,fp1sig-aa39ab6877d8ec5eea8aa0cb,9sGxVCriPeVSucE47AwfgHWfpsV49bFcCi3oQQnZpump,PP-0842f7e008c6a73a92eb30e603b2f215,FILLED,FALLBACK,2026-08-28T02:07:25.178910+00:00,,945887,,2026-08-28T02:07:26.498939+00:00,,1,100000000,2355000,93282938,2271037,-6717062,-11343099,6677105,LAST_FRESH_MARKET
FINAL-A,E3_TP10_T15,fp1sig-abe1208bca9accfab65fcc7e,GYF4f1Xqo6UqqnMpny45PTN8u9mSUf1v9hrHFXaKpump,PP-d47ffad5708561f2fdc657e033caccbd,FILLED,FALLBACK,2026-08-27T22:27:50.417934+00:00,,885591,,2026-08-27T22:27:59.267091+00:00,,1,100000000,2355000,102442894,2385537,2442894,-2297643,16450578,LAST_FRESH_MARKET
FINAL-A,E3_TP10_T15,fp1sig-ac1e1a95ae59d847f0631d54,3wTyNyK9t6eqd8TAFsRLVX5yXJP3CTw6PNfTq8CFpump,PP-387c86283a9629d7e984442c3a9bdde9,FILLED,FALLBACK,2026-08-28T00:21:55.038274+00:00,,916306,,2026-08-28T00:21:57.746509+00:00,,1,100000000,2355000,138446908,2835587,38446908,33256321,14607377,LAST_FRESH_MARKET
FINAL-A,E3_TP10_T15,fp1sig-ac3356d2d8bc3c1f22c0ab33,CFR8FdCq2PNfY67CSGaD6LcWqPDLVNDHjVYTQ97Tpump,PP-b3b246e54dc673dad29e892c4d6d039e,FILLED,FALLBACK,2026-08-28T02:51:56.382926+00:00,,962503,,2026-08-28T02:52:19.070939+00:00,,1,100000000,2355000,104401871,2410024,4401871,-363153,34601952,LAST_FRESH_MARKET
FINAL-A,E3_TP10_T15,fp1sig-ac47f538428194a39f4f54bf,H3GC7dsdm4aYyoeBLHig9rc4NDHQHV4fSScpk6D7pump,PP-09c868a55d4424885459fd33dba4faed,FILLED,FALLBACK,2026-08-27T23:43:13.151011+00:00,,904173,,2026-08-27T23:43:16.811672+00:00,,1,100000000,2355000,124283382,2658543,24283382,19269839,10767015,LAST_FRESH_MARKET
FINAL-A,E3_TP10_T15,fp1sig-aca5bd855462242b85b3f602,4DTzMJSXS1Rgdb4oV3VAdEPenarRVEMP1fBzrLZCpump,PP-99c6288c4a777cac2a93dbc49b23f876,UNRESOLVED,FALLBACK,2026-08-27T20:13:09.260195+00:00,,,,,REJECTED_SLIPPAGE,220,100000000,2355000,,,,,,LAST_FRESH_MARKET
FINAL-A,E3_TP10_T15,fp1sig-ad02ecab995d6745a25cf954,CisfgkRSjCgqgRjZWGKnRXsds8YxTBEmhzzqVMmJpump,PP-cd973058e4fe537bb9375ea9904e872d,FILLED,TAKE_PROFIT,2026-08-28T00:04:44.774344+00:00,911153,911167,2026-08-28T00:04:44.774344+00:00,2026-08-28T00:04:48.238785+00:00,,1,100000000,2355000,122023929,2630300,22023929,17038629,4049161,TRIGGER_MARKET
FINAL-A,E3_TP10_T15,fp1sig-ad1996d1f65b67486c1db8a9,57NgBBXzd6gKtBymoG5qiq4pZiHFs3b6o51Ldozgpump,PP-ca087e1d3bc9e9ba93b5125a9722f2e0,FILLED,FALLBACK,2026-08-28T10:50:03.278746+00:00,,1131785,,2026-08-28T10:50:05.883133+00:00,,1,100000000,2355000,35734697,1551684,-64265303,-68171987,13610376,LAST_FRESH_MARKET
FINAL-A,E3_TP10_T15,fp1sig-ae57f18a067ea8c950d17fa9,BCv3HwVdpbS2HQNETVtsbhoSh7F3uKR5EBn6PpCBpump,PP-3866c5f2c13ad20eed22b415d7c720d3,FILLED,TAKE_PROFIT,2026-08-28T03:33:07.371819+00:00,979374,979398,2026-08-28T03:33:07.371819+00:00,2026-08-28T03:33:11.759410+00:00,,1,100000000,2355000,122022668,2630284,22022668,17037384,8329340,TRIGGER_MARKET
FINAL-A,E3_TP10_T15,fp1sig-ae8a56d66c1ab814dde37416,BXb6g4NbAAqWh2B7fEXKCmWNuWLWhg6DcfPceBHFpump,PP-501a598d3a0a246ad200cb3802109ef1,FILLED,FALLBACK,2026-08-28T09:48:27.681476+00:00,,1111423,,2026-08-28T09:48:30.249335+00:00,,1,100000000,2355000,98615897,2337699,-1384103,-6076802,16998324,LAST_FRESH_MARKET
FINAL-A,E3_TP10_T15,fp1sig-af0750546f8b1e8b317e795b,72xMb1MGaLhL9U8mH7LpXURdg3GnjXkdzgCHYCEgpump,PP-0f5ecb34b9a2c32516ccf532a8e613d0,FILLED,TAKE_PROFIT,2026-08-28T08:02:49.875017+00:00,1081284,1081296,2026-08-28T08:02:49.875017+00:00,2026-08-28T08:02:53.466486+00:00,,1,100000000,2355000,117513528,2573920,17513528,12584608,3724787,TRIGGER_MARKET
FINAL-A,E3_TP10_T15,fp1sig-af65c74b080e6d2a64c21dfa,EGzvdwnFW7HzXXxMDKCcDT2nQnmckGk6fVoeRHYmpump,PP-758bb30d88d2285fc7e0aab0e94b53fa,FILLED,FALLBACK,2026-08-28T11:30:20.027026+00:00,,1144897,,2026-08-28T11:30:22.332867+00:00,,1,100000000,2355000,58427605,1835346,-41572395,-45762741,12577081,LAST_FRESH_MARKET
FINAL-A,E3_TP10_T15,fp1sig-af77a18638a72d1dac9cb66d,91yDQBBhxW3jip4TTsAY76RSdLSYJ3FQfp3EbH3fpump,PP-12646147d1023b254787fa6f1fdc2d50,FILLED,FALLBACK,2026-08-28T11:12:09.949882+00:00,,1137987,,2026-08-28T11:12:13.157318+00:00,,1,100000000,2355000,107867733,2453347,7867733,3059386,17680426,LAST_FRESH_MARKET
FINAL-A,E3_TP10_T15,fp1sig-afbf5b3a74f0c069bf9e0931,GeuWfXv73QCywGkFM1wseVmEZVVPKFA2EBVwBv3Zpump,PP-43372bc61a410838fc9e06561447a165,FILLED,FALLBACK,2026-08-28T08:16:21.207000+00:00,,1086649,,2026-08-28T08:16:23.053428+00:00,,1,100000000,2355000,86027904,2180349,-13972096,-18507445,9355767,LAST_FRESH_MARKET
FINAL-A,E3_TP10_T15,fp1sig-b0cd5b4204c2a7918ea36ed9,k9JmrQ952S9gBePJBpMNWPKzS8TK6gcUJjoBRptpump,PP-d10bb0e15f1d636b9d4284ecb2fda790,FILLED,FALLBACK,2026-08-27T22:08:57.080434+00:00,,879687,,2026-08-27T22:09:07.579329+00:00,,1,100000000,2355000,106584055,2437301,6584055,1791754,20979301,LAST_FRESH_MARKET
FINAL-A,E3_TP10_T15,fp1sig-b0e84f19e96d38d29224c348,AgxEvEnaaqcPZscVmxEKygnp2XKh1yo5hBBhYAVcpump,PP-8164616eece2f5ce43e19fbef1ca4fc3,FILLED,FALLBACK,2026-08-27T13:12:05.758885+00:00,,776385,,2026-08-27T13:12:28.146694+00:00,,1,100000000,2355000,99408908,2347612,-591092,-5293704,33577254,RULE_REFERENCE_FALLBACK
FINAL-A,E3_TP10_T15,fp1sig-b22587d12930831f1a1c15f5,Y3Wscds4oZJe55x2pH3dsJH4r87F2o8pSjj31Kypump,PP-10aa4e9414e208d9dcfa34657e2667c7,FILLED,FALLBACK,2026-08-28T06:57:33.357442+00:00,,1053189,,2026-08-28T06:57:35.476217+00:00,,1,100000000,2355000,52991882,1767399,-47008118,-51130517,13775368,LAST_FRESH_MARKET
FINAL-A,E3_TP10_T15,fp1sig-b2b7c8b34064ec824c87a142,9Uu9HhXtqBfs5Tgf88MQj5NPs85sZ5HvLf1xj1BZpump,PP-5df025f838d7f35c8349195706ac2901,FILLED,FALLBACK,2026-08-28T08:15:45.082899+00:00,,1086444,,2026-08-28T08:15:55.020282+00:00,,1,100000000,2355000,98941306,2341767,-1058694,-5755461,21697662,LAST_FRESH_MARKET
FINAL-A,E3_TP10_T15,fp1sig-b2f7032e865ecc2cf878a710,DHaatZuSgvqq2BjueLhhYEA4UV32MVfTme6hngAppump,PP-250b43dfa6c3468792f74cb8209531bc,FILLED,FALLBACK,2026-08-28T04:53:11.627995+00:00,,1006352,,2026-08-28T04:53:25.765292+00:00,,1,100000000,2355000,96529094,2311614,-3470906,-8137520,22413569,LAST_FRESH_MARKET
FINAL-A,E3_TP10_T15,fp1sig-b37e9847db3bb0eb70375197,GKYLCDwbMwqCyVb6mwB9SWtNYSyAF6jE82vojWdFpump,PP-b91c359d5a30d3e67dd6ddd4bbf80943,FILLED,FALLBACK,2026-08-28T01:44:33.219865+00:00,,938423,,2026-08-28T01:44:34.120357+00:00,,1,100000000,2355000,104041497,2405519,4041497,-719022,12651987,LAST_FRESH_MARKET
FINAL-A,E3_TP10_T15,fp1sig-b3b44fac33240f4762d25fe2,5cBMD5Qi2SkALokkgaxWRdakTaWBD9bFM7amuBzCpump,PP-3f7e2e58a3c19a4343e5eac00c0737c6,FILLED,FALLBACK,2026-08-28T08:26:06.755568+00:00,,1090871,,2026-08-28T08:26:16.486810+00:00,,1,100000000,2355000,102706012,2388826,2706012,-2037814,21875026,LAST_FRESH_MARKET
FINAL-A,E3_TP10_T15,fp1sig-b3eaaecc9ed6f9385795ac61,FCvMTqzcqyTSvYdqWk3LDMfXcL5DRPJoecaDFfYJpump,PP-1e3faa5f401f092bb53176f22dc20ea1,FILLED,TAKE_PROFIT,2026-08-28T01:18:23.492777+00:00,929775,929787,2026-08-28T01:18:23.492777+00:00,2026-08-28T01:18:27.198389+00:00,,1,100000000,2355000,108963472,2467044,8963472,4141428,6610883,TRIGGER_MARKET
FINAL-A,E3_TP10_T15,fp1sig-b426a3af6ffe869b7e8b0301,pJbDcnfSSJ1NPpcAAEuH6rtZwYtWuzR6LfSCEn1pump,PP-7c67fec2ed4a5f3cc0cdfb657f1ab623,FILLED,TAKE_PROFIT,2026-08-28T04:26:21.878359+00:00,997147,997176,2026-08-28T04:26:21.878359+00:00,2026-08-28T04:26:28.904199+00:00,,1,100000000,2355000,106047289,2430592,6047289,1261697,7098840,TRIGGER_MARKET
FINAL-A,E3_TP10_T15,fp1sig-b459f77a235c5c20c0cb96f5,DyCnijsR1tq3gHKcrnKqd66CoYa5o7YT9DzXst6wpump,PP-7ff0b185e09566e883c480e9a1a135fb,FILLED,FALLBACK,2026-08-28T05:14:18.595305+00:00,,1011943,,2026-08-28T05:14:21.229432+00:00,,1,100000000,2355000,108524294,2461554,8524294,3707740,13873828,RULE_REFERENCE_FALLBACK
FINAL-A,E3_TP10_T15,fp1sig-b49904fe0eb7b4360711cba7,5rgQHSvuVJdbBtQ5GvLmSVkqSEvaEPvNqMNTGayjpump,PP-a74f6ecb6cf41f0d6483a8513e143ec6,FILLED,FALLBACK,2026-08-28T12:19:47.726182+00:00,,1159618,,2026-08-28T12:19:49.499821+00:00,,1,100000000,2355000,100771607,2364646,771607,-3948039,3807928,LAST_FRESH_MARKET
FINAL-A,E3_TP10_T15,fp1sig-b51beaf46af66c57d512fe56,69rD3uN3GMTvjhA8tnNHwq2CgHCt1MZPkQKtrrqQpump,PP-aa73b1b6724b12a06bcb95081f71f3c9,FILLED,FALLBACK,2026-08-28T03:32:11.620106+00:00,,978876,,2026-08-28T03:32:13.791083+00:00,,1,100000000,2355000,39956759,1604460,-60043241,-64002701,13610179,LAST_FRESH_MARKET
FINAL-A,E3_TP10_T15,fp1sig-b55297bc9f2c9962ca48c33c,ckTcXKY4vmdpsa8yQ2vNFKxC47wbYs91F6u2MFtpump,PP-e6cab90eb402f9a9cfff172270b7193a,FILLED,TAKE_PROFIT,2026-08-27T21:45:46.091955+00:00,873594,873616,2026-08-27T21:45:46.091955+00:00,2026-08-27T21:45:49.096199+00:00,,1,100000000,2355000,152071221,3005891,52071221,46710330,3006241,TRIGGER_MARKET
FINAL-A,E3_TP10_T15,fp1sig-b583018246886f98e111e89b,F6oEBRNKUJw5hQ757qq5iPQw24KreTv8c6AsN1Nbpump,PP-7d23f9e02490e7b2eec17fa854ecedc7,FILLED,FALLBACK,2026-08-28T11:03:46.521235+00:00,,1135279,,2026-08-28T11:03:52.545818+00:00,,1,100000000,2355000,105782285,2427279,5782285,1000006,9259370,RULE_REFERENCE_FALLBACK
FINAL-A,E3_TP10_T15,fp1sig-b5a51d824fc75d8dbf027589,2Qh8DKka1DnzTTYt7cVV3HDL2tujbmjwU74tjL8Tpump,PP-54afeebc3c0fdcaa10f19c4c5f2dcc8b,FILLED,FALLBACK,2026-08-28T10:52:19.097489+00:00,,1132850,,2026-08-28T10:52:21.428282+00:00,,1,100000000,2355000,83151027,2144388,-16848973,-21348361,12864904,LAST_FRESH_MARKET
FINAL-A,E3_TP10_T15,fp1sig-b609be00e35dacbf2f4f75aa,4i8zDsZUwEPNv9JNGitVASFDh41eEzSuHgo6ihD4pump,PP-58d82f1bc7660a59093b8557ba1c1289,FILLED,FALLBACK,2026-08-27T13:05:56.463005+00:00,,774503,,2026-08-27T13:06:03.071128+00:00,,1,100000000,2355000,62811143,1890140,-37188857,-41433997,13588324,LAST_FRESH_MARKET
FINAL-A,E3_TP10_T15,fp1sig-b64f2f5b8960e54eeb106d58,5iuDrxx48Hx8onNebDuSSniKJYEFux2jjoSsUWL1pump,PP-d37356686b505a05bcaa8df82bb7dc3e,FILLED,TAKE_PROFIT,2026-08-27T23:55:35.095160+00:00,908705,908732,2026-08-27T23:55:35.095160+00:00,2026-08-27T23:55:38.525664+00:00,,1,100000000,2355000,116483737,2561047,16483737,11567690,5895731,TRIGGER_MARKET
FINAL-A,E3_TP10_T15,fp1sig-b72f946aea25ff0c3f8abacb,3kUpB6Shf1FAW3MFkJHuVvbMZaXpoBNsGR7wpbBnpump,PP-a981991477693c2da1ab033f55c80d65,FILLED,TAKE_PROFIT,2026-08-28T12:16:07.197056+00:00,1158445,1158460,2026-08-28T12:16:07.197056+00:00,2026-08-28T12:16:11.858166+00:00,,1,100000000,2355000,112152662,2506909,12152662,7290753,10410245,TRIGGER_MARKET
FINAL-A,E3_TP10_T15,fp1sig-b761f9b5542fd792ca3017f2,CE1UkssF5xeR3wc8mSSuTuJLRXPinZnbQBMD6vUZpump,PP-85842c4cc3690519a5b88e8104ff99db,UNRESOLVED,FALLBACK,2026-08-28T03:24:20.925691+00:00,,,,,REJECTED_SLIPPAGE,77,100000000,2355000,,,,,,RULE_REFERENCE_FALLBACK
FINAL-A,E3_TP10_T15,fp1sig-b7f3b66736ae6be937974474,FpW73pQUCp8WhH5HTQF6K7DXJuakTZ1xtW5PQiq7pump,PP-b00437b8f6d5178ef4d32209ca16d2b9,FILLED,TAKE_PROFIT,2026-08-27T13:48:53.729949+00:00,784942,784953,2026-08-27T13:48:53.729949+00:00,2026-08-27T13:48:58.545768+00:00,,1,100000000,2355000,110175583,2482195,10175583,5338388,4845413,TRIGGER_MARKET
FINAL-A,E3_TP10_T15,fp1sig-b8454f45b79bbaf2248ae736,41framh7L51PR8CNDVDhcePksenSd6VXeqkE5DjVpump,PP-e0cbcf59121065ed25ec9500b7017d41,FILLED,FALLBACK,2026-08-27T18:39:50.077541+00:00,,833064,,2026-08-27T18:39:55.221394+00:00,,1,100000000,2355000,141617910,2875224,41617910,36387686,16369453,LAST_FRESH_MARKET
FINAL-A,E3_TP10_T15,fp1sig-b84e32048211adbd3dff97f1,FApe6bVMoKm8YmuycBRdQ23UNNzB2oiiKrPjMeEApump,PP-c744a966164378581a10ba066e00b6b9,FILLED,TAKE_PROFIT,2026-08-28T05:21:41.213784+00:00,1013912,1013959,2026-08-28T05:21:41.213784+00:00,2026-08-28T05:21:45.316757+00:00,REJECTED_THEN_FILLED,3,100000000,2355000,149147348,2969342,49147348,43823006,4143970,TRIGGER_MARKET
FINAL-A,E3_TP10_T15,fp1sig-b85bcd9910a1cba24501d2b5,XUHLJAALQtQRLxNyxeTJUwJaJySeHvhRvDbY4Dkpump,PP-52d2a0951f396d9fd41af7692db75226,FILLED,FALLBACK,2026-08-27T23:07:24.449088+00:00,,895535,,2026-08-27T23:08:15.439152+00:00,REJECTED_THEN_FILLED,6,100000000,2355000,115843983,2553050,15843983,10935933,55395533,RULE_REFERENCE_FALLBACK
FINAL-A,E3_TP10_T15,fp1sig-b9126d2b37f83d9559e0ace9,7tgXPB3xWhN3pUt6QLF1SPoFPYFuqnePekfZDhoDpump,PP-128e21b2b2fdf6a5aff3883f98eba4ff,FILLED,FALLBACK,2026-08-28T07:26:22.060005+00:00,,1065757,,2026-08-28T07:26:26.686294+00:00,,1,100000000,2355000,97253887,2320674,-2746113,-7421787,11997785,RULE_REFERENCE_FALLBACK
FINAL-A,E3_TP10_T15,fp1sig-b92fd4f49efa8f6d146c757c,8Qh57kN6NrAWvr9SneZiBf6CvHQj1QTYKTwL6bSxpump,PP-f035ed84af4fa0243df13e5c400e442a,FILLED,TAKE_PROFIT,2026-08-28T11:13:03.580138+00:00,1138228,1138258,2026-08-28T11:13:03.580138+00:00,2026-08-28T11:13:12.785519+00:00,,1,100000000,2355000,104739048,2414239,4739048,-30191,13152469,TRIGGER_MARKET
FINAL-A,E3_TP10_T15,fp1sig-bb3f95b3f11f2f06a056bb69,2TCgoH2uvvGTCewaRpgjMJDxwcRR9rqwumFum8njpump,PP-4c1b243f165457d6f2a23ac1f48265d5,FILLED,FALLBACK,2026-08-27T21:34:16.114756+00:00,,870682,,2026-08-27T21:35:08.185279+00:00,,1,100000000,2355000,99456827,2348211,-543173,-5246384,62853398,RULE_REFERENCE_FALLBACK
FINAL-A,E3_TP10_T15,fp1sig-bb516baf3765da32d7a75222,2fwrgCNcJxZpCUNyoyaj5Ro9WenH3UoiNMZVA3Bspump,PP-3b83d88c6c6f38a170d7d6b8aa434fe6,FILLED,FALLBACK,2026-08-27T16:03:26.138607+00:00,,806983,,2026-08-27T16:04:13.163297+00:00,,1,100000000,2355000,100540504,2361757,540504,-4176253,57740568,LAST_FRESH_MARKET
FINAL-A,E3_TP10_T15,fp1sig-bb831eecf87379578a187d53,2Bg1v2JjKTXaEcqkeUiX3KqUeVnbRUKU5zyjJoznpump,PP-345b56a5cefa2cee5df1dff42bd739f5,FILLED,FALLBACK,2026-08-28T02:40:44.136370+00:00,,957334,,2026-08-28T02:40:47.672539+00:00,,1,100000000,2355000,98756423,2339456,-1243577,-5938033,14730725,RULE_REFERENCE_FALLBACK
FINAL-A,E3_TP10_T15,fp1sig-bbbed2edf9e0a1fc410d0e80,8zcYf6zQ9TFqCuPfejRnp5cquzUQyCta9JYKkeYZpump,PP-9b285b3ffaa560b9da81461062dab926,FILLED,FALLBACK,2026-08-28T07:58:44.065507+00:00,,1079308,,2026-08-28T07:58:45.488346+00:00,,1,100000000,2355000,99591777,2349898,-408223,-5113121,13417312,LAST_FRESH_MARKET
FINAL-A,E3_TP10_T15,fp1sig-bbd30b385f98da34e9ed9c3f,5qZv4Jd4a4obz16RPkX7rwc91PCxeSPJD7reE1MFpump,PP-2813c07122cc5c0bbf897664022e9dbf,FILLED,TAKE_PROFIT,2026-08-28T07:43:12.817510+00:00,1073306,1073330,2026-08-28T07:43:12.817510+00:00,2026-08-28T07:43:16.695773+00:00,,1,100000000,2355000,140740827,2864261,40740827,35521566,3945261,TRIGGER_MARKET
FINAL-A,E3_TP10_T15,fp1sig-bbe3fd43d005cef512c74c96,9TocaZKhV3ALfM5FZVkNTemoRCkUTjfKvv1uSZJtpump,PP-f5a7a8ebd51f0e12e1bdec895daeac0d,FILLED,TAKE_PROFIT,2026-08-28T10:18:40.928979+00:00,1120920,1120934,2026-08-28T10:18:40.928979+00:00,2026-08-28T10:18:41.631976+00:00,,1,100000000,2355000,171435240,3247941,71435240,65832299,726000,TRIGGER_MARKET
FINAL-A,E3_TP10_T15,fp1sig-bbfc023fb3498cb9352af203,6pqDcTXEX8TqSdaGvddgz8Pdvrv2ZqmmY1c8RZkvpump,PP-b3be16db39d6f71fdf27fc7a7e7ee288,FILLED,TAKE_PROFIT,2026-08-27T23:29:43.587129+00:00,900384,900403,2026-08-27T23:29:43.587129+00:00,2026-08-27T23:29:49.618946+00:00,,1,100000000,2355000,96230618,2307883,-3769382,-8432265,6047817,TRIGGER_MARKET
FINAL-A,E3_TP10_T15,fp1sig-bc0b574c2b028684b1c7ae4a,8h2e7QgoAskovpCzFk1RoPsS16QNMRGDMJoGjdVJpump,PP-59238e64734f93bff48e5111bd4ec20d,FILLED,TAKE_PROFIT,2026-08-28T03:14:51.550055+00:00,972260,972291,2026-08-28T03:14:51.550055+00:00,2026-08-28T03:14:54.910116+00:00,,1,100000000,2355000,123563192,2649540,23563192,18558652,6168270,TRIGGER_MARKET
FINAL-A,E3_TP10_T15,fp1sig-beb17805113485a688ae713f,AMin1jzcbyHqWD9e4UUF4buMYzEQLT6njDHUZFv9pump,PP-95ce5f08445ed8f876d83fd61dc5f553,FILLED,FALLBACK,2026-08-27T22:17:34.029467+00:00,,882492,,2026-08-27T22:17:42.026076+00:00,,1,100000000,2355000,128635059,2712939,28635059,23567120,8217601,RULE_REFERENCE_FALLBACK
FINAL-A,E3_TP10_T15,fp1sig-bed7cf645d2286071420a25e,FuymJdz6J6U67b4cjtJ4u45GEWH73QqWx6FbFzsFpump,PP-4cb0814ce820be733833e1c57b0516d8,FILLED,FALLBACK,2026-08-28T10:03:28.131621+00:00,,1115583,,2026-08-28T10:03:36.600133+00:00,,1,100000000,2355000,95407756,2297597,-4592244,-9244841,22904679,LAST_FRESH_MARKET
FINAL-A,E3_TP10_T15,fp1sig-bf0414179032c8549e9c5e68,EuoTaJqE8qb99mtVfcfGaHyW7LGhjcftGt5tF2Lapump,PP-aee501f58f522ee5e71198f6c2936161,FILLED,TAKE_PROFIT,2026-08-28T03:39:26.737585+00:00,981252,981254,2026-08-28T03:39:26.737585+00:00,2026-08-28T03:39:30.204033+00:00,,1,100000000,2355000,108014806,2455186,8014806,3204620,10817711,TRIGGER_MARKET
FINAL-A,E3_TP10_T15,fp1sig-bf4676c93ed41eee9924154c,ByZMJgXok51e3aNBxT2MdFP5VCnQqgALdnjKjoTbpump,PP-2ad6d20c36b2beb8e456e4905f4e5426,FILLED,FALLBACK,2026-08-27T21:29:05.879016+00:00,,869514,,2026-08-27T21:29:23.724994+00:00,,1,100000000,2355000,91065083,2243314,-8934917,-13533231,25525701,LAST_FRESH_MARKET
FINAL-A,E3_TP10_T15,fp1sig-bfbc2232a7628f0de0637a02,F7bkpLH1kgeBYGyjUFzvWdLrNLo6cBNcSUKGp1Qxpump,PP-9616372f7d21a330b1818de6482c57e4,FILLED,FALLBACK,2026-08-27T13:29:47.600177+00:00,,780576,,2026-08-27T13:29:51.958688+00:00,,1,100000000,2355000,89573826,2224673,-10426174,-15005847,13265735,LAST_FRESH_MARKET
FINAL-A,E3_TP10_T15,fp1sig-c021ed9859c49676e7bd7f57,HuwJPBTd2AFoUPF7hfMGSMAQA4fk4QiD4yQ47Eqpump,PP-3425260408ebaf36c5582651a86ef698,FILLED,FALLBACK,2026-08-28T05:14:50.420497+00:00,,1012119,,2026-08-28T05:15:01.239271+00:00,,1,100000000,2355000,100001260,2355016,1260,-4708756,18503504,RULE_REFERENCE_FALLBACK
FINAL-A,E3_TP10_T15,fp1sig-c0632c21989571a47e56f3c8,5PhfN9BNhFG6fg2xFG3cFYPNcAPEtzcEdy7sESxrpump,PP-ff1fe46364ce306579b1f68646937200,FILLED,FALLBACK,2026-08-28T05:50:26.853363+00:00,,1025997,,2026-08-28T05:50:30.651896+00:00,,1,100000000,2355000,103789525,2402370,3789525,-967845,14639406,LAST_FRESH_MARKET
FINAL-A,E3_TP10_T15,fp1sig-c084dffa7b57a94c2a6eaa0e,3TGaanwE6VqXMaodwh3fuBy6tpW7yHTmJB9K33HNpump,PP-73960522caebdc1d23305a291dda07f8,FILLED,TAKE_PROFIT,2026-08-28T06:43:26.304434+00:00,1046340,1046414,2026-08-28T06:43:26.304434+00:00,2026-08-28T06:43:33.698880+00:00,REJECTED_THEN_FILLED,5,100000000,2355000,141072155,2868402,41072155,35848753,7486447,TRIGGER_MARKET
FINAL-A,E3_TP10_T15,fp1sig-c26933e3dcdbb6cb4a440d47,4HFDXYx8PhBCed8znKaXiPmWwx2kNUsF8ZQ3wqQLpump,PP-9cb9a7d4ea2b4653308f3ef9c9164386,FILLED,FALLBACK,2026-08-28T01:14:59.339084+00:00,,929058,,2026-08-28T01:15:49.079237+00:00,,1,100000000,2355000,98430858,2335386,-1569142,-6259528,61154622,RULE_REFERENCE_FALLBACK
FINAL-A,E3_TP10_T15,fp1sig-c2e78965ba7e2568ca4aa6fa,4fg7sJk8sisohjKYqvZDwRUhqAe4Y7Q9sfvmdWD5pump,PP-b11f8ab045b27182745222b402ebd2b7,FILLED,FALLBACK,2026-08-28T07:10:06.339860+00:00,,1058526,,2026-08-28T07:10:09.598475+00:00,,1,100000000,2355000,48435457,1710444,-51564543,-55629987,14772089,LAST_FRESH_MARKET
FINAL-A,E3_TP10_T15,fp1sig-c3e03df5b7b757f9a7b16ef6,CFAGgYmNfLHAg9N9gU26zt1qjr5JSgK5Stt1VJLepump,PP-99a13905e9dab1a80efcc442ee55139b,FILLED,FALLBACK,2026-08-28T01:57:59.863136+00:00,,942924,,2026-08-28T01:58:02.213035+00:00,,1,100000000,2355000,93325092,2271564,-6674908,-11301472,13532594,LAST_FRESH_MARKET
FINAL-A,E3_TP10_T15,fp1sig-c4c3b928fd1b9519ee8605a1,5An7sjcaoN1vfVEcKjKsAgauyWjTcr2M3jGGdpJ6pump,PP-0adc336e17f8cd66ad996f0565e17ff9,FILLED,FALLBACK,2026-08-27T20:15:07.532758+00:00,,851832,,2026-08-27T20:15:11.264220+00:00,,1,100000000,2355000,78531513,2086644,-21468487,-25910131,15391553,LAST_FRESH_MARKET
FINAL-A,E3_TP10_T15,fp1sig-c4f41f33d7b05e942a8f387c,26k9rEajkfHmBcaKdoQGFmWkJ94bShbGHzKVgxetpump,PP-c2eecf094828dbebe6e3c8d9468ee3b6,FILLED,TAKE_PROFIT,2026-08-28T07:05:36.741357+00:00,1056431,1056443,2026-08-28T07:05:36.741357+00:00,2026-08-28T07:05:40.365841+00:00,,1,100000000,2355000,145993494,2929919,45993494,40708575,12650332,TRIGGER_MARKET
FINAL-A,E3_TP10_T15,fp1sig-c4f9fdbd097cd462a76e3901,4CzNYnFKgA8dTZgNBTrMAXXvYpDe26372qwJfYkvpump,PP-c318c791a6e48ffa56c4093954984d3e,FILLED,FALLBACK,2026-08-28T03:35:36.624707+00:00,,980025,,2026-08-28T03:35:38.612086+00:00,,1,100000000,2355000,97789132,2327365,-2210868,-6893233,3806011,LAST_FRESH_MARKET
FINAL-A,E3_TP10_T15,fp1sig-c5270c31b3c5f84e454219ce,A5nnod2nW9pLCJ8J4Dg23dMSTU1oFN7rckfFzNFnpump,PP-fc893ffef15e70bfe5b07f43365f3035,FILLED,FALLBACK,2026-08-28T09:45:36.605024+00:00,,1111188,,2026-08-28T09:45:39.090588+00:00,,1,100000000,2355000,101688808,2376111,1688808,-3042303,14414799,LAST_FRESH_MARKET
FINAL-A,E3_TP10_T15,fp1sig-c58c2efb8a052f1c7f84da2d,3jHZq8J2C5sHih1stpSaMShjwYg1wHLWErtKkes1pump,PP-cfe1e1e8e5bdc7f501f5aaaed63e62e0,FILLED,TAKE_PROFIT,2026-08-27T15:34:20.500823+00:00,803459,803468,2026-08-27T15:34:20.500823+00:00,2026-08-27T15:34:23.588213+00:00,,1,100000000,2355000,119060030,2593251,19060030,14111779,3102044,TRIGGER_MARKET
FINAL-A,E3_TP10_T15,fp1sig-c5ef5209a8eea86873426c21,EVWNZY8HtsVpjdkhUUN3drX6EGYtC7LbZTWKGetqpump,PP-af5cd5e76e9bb1b655df8cc7557ce41b,FILLED,TAKE_PROFIT,2026-08-28T01:37:58.674547+00:00,936516,936563,2026-08-28T01:37:58.674547+00:00,2026-08-28T01:38:02.302781+00:00,,1,100000000,2355000,159750188,3101878,59750188,54293310,6848054,TRIGGER_MARKET
FINAL-A,E3_TP10_T15,fp1sig-c5facfc2fa791ffb444840bd,2BG9oRr8U75LxD27aNkQ2mcQFeVnmnGHVdWQDZ2npump,PP-877255a40c13c2a2a3b8bc6720f84c26,FILLED,FALLBACK,2026-08-27T22:25:16.240891+00:00,,885020,,2026-08-27T22:25:21.603013+00:00,,1,100000000,2355000,90505163,2236315,-9494837,-14086152,10709602,LAST_FRESH_MARKET
FINAL-A,E3_TP10_T15,fp1sig-c6032cc9830f9ddf55d88177,A7snkhg8HR1tJfzkwMxKGCPUs6wuPvbuV2n4JEtKpump,PP-dc1bc93fdf3b70770e5e38cf700e29c9,FILLED,FALLBACK,2026-08-27T18:43:01.155898+00:00,,833987,,2026-08-27T18:43:09.497918+00:00,,1,100000000,2355000,97500497,2323757,-2499503,-7178260,19955607,LAST_FRESH_MARKET
FINAL-A,E3_TP10_T15,fp1sig-c67373ba873e32e99707d89e,GdLJMG47ENiyoE9UAabJoBECaKzJprfqQTPzWW7apump,PP-43270b86407ea3c116d0aa1899de9ba4,FILLED,TAKE_PROFIT,2026-08-28T01:27:49.407319+00:00,932505,932532,2026-08-28T01:27:49.407319+00:00,2026-08-28T01:27:52.985629+00:00,,1,100000000,2355000,108688591,2463608,8688591,3869983,3687461,TRIGGER_MARKET
FINAL-A,E3_TP10_T15,fp1sig-c70dac1e1dcb7e02c971c22b,EzF4VSgno1ML9zGDT8XSfp6nZh7hRxAtzNf23ZnDpump,PP-691f2c7f1288f491f538a24636136baf,FILLED,FALLBACK,2026-08-28T11:35:56.434225+00:00,,1147313,,2026-08-28T11:37:14.406838+00:00,,1,100000000,2355000,99205405,2345068,-794595,-5494663,82547118,LAST_FRESH_MARKET
FINAL-A,E3_TP10_T15,fp1sig-c7a8b698b42b07595eb9a07d,38zqX5BquJoMFgYd5YVxjMi6kDJTWitcdTmXR8Lppump,PP-67019b8ec81cecd26f29edd21aa970c5,FILLED,TAKE_PROFIT,2026-08-28T00:03:36.825138+00:00,910872,910887,2026-08-28T00:03:36.825138+00:00,2026-08-28T00:03:41.601369+00:00,,1,100000000,2355000,104740097,2414252,4740097,-29155,9576767,TRIGGER_MARKET
FINAL-A,E3_TP10_T15,fp1sig-c7c63a7afd6d3c8f86482724,7SMwMAHDxEt9Ev7bezdW9tRbHG6MAN9rM59FxoPDpump,PP-87fb46065e03e89d5b121e48aae99ab8,FILLED,TAKE_PROFIT,2026-08-28T02:50:50.248214+00:00,961852,961891,2026-08-28T02:50:50.248214+00:00,2026-08-28T02:50:53.266840+00:00,,1,100000000,2355000,120065132,2605815,20065132,15104317,9245954,TRIGGER_MARKET
FINAL-A,E3_TP10_T15,fp1sig-c82cbf3f59f2d54bd456c57f,FaHqgxigM8bPvPoDM5gzatkYadsA76EWdz7EondAWNgy,PP-eb6ea2a77b37928bdbd66959a20c228f,FILLED,TAKE_PROFIT,2026-08-27T14:59:13.029491+00:00,797136,797144,2026-08-27T14:59:13.029491+00:00,2026-08-27T14:59:16.208253+00:00,,1,100000000,2355000,112864871,2515811,12864871,7994060,3477484,TRIGGER_MARKET
FINAL-A,E3_TP10_T15,fp1sig-c85b86917258d04c5fff19d1,2Qe1XBt3qsrfinEMiZrjhrB6x8wGkV9aX41FvKZKpump,PP-0b062f744348e9d0af48ade747926a3a,UNRESOLVED,FALLBACK,2026-08-28T02:58:38.600155+00:00,,,,,REJECTED_SLIPPAGE,16,100000000,2355000,,,,,,RULE_REFERENCE_FALLBACK
FINAL-A,E3_TP10_T15,fp1sig-c87058d2a949583397439a57,7FsSW5o3VSpYhV4BJ74BXoLbEV8xXS48DodAEhHApump,PP-0f6fde03e36c4825ebcc2a376e276d86,FILLED,TAKE_PROFIT,2026-08-27T12:41:17.756828+00:00,769756,769759,2026-08-27T12:41:17.756828+00:00,2026-08-27T12:41:22.906783+00:00,,1,100000000,2355000,96438351,2310480,-3561649,-8227129,5412533,TRIGGER_MARKET
FINAL-A,E3_TP10_T15,fp1sig-c8be3ec6aeddd1c278a2928b,6HL6dXYM1vjV8Qe4iMgvBzDti3qYG2XZEvH7hf8xpump,PP-9c1038873f9b6ffa4c0ee8fb45cfe8e7,FILLED,FALLBACK,2026-08-27T18:30:17.436693+00:00,,831585,,2026-08-27T18:30:23.892259+00:00,,1,100000000,2355000,105763993,2427050,5763993,981943,10801981,LAST_FRESH_MARKET
FINAL-A,E3_TP10_T15,fp1sig-c8f9ce990ec4062f867abbad,9V2NLoZPoFKNSxXqZ2WYfDPrTJLmxYNxUz9W9N4Hpump,PP-7babf67eb1afe0e098df904a60226e8f,FILLED,FALLBACK,2026-08-27T15:16:20.274177+00:00,,800066,,2026-08-27T15:16:24.403670+00:00,,1,100000000,2355000,100343411,2359293,343411,-4370882,15788639,LAST_FRESH_MARKET
FINAL-A,E3_TP10_T15,fp1sig-c92d30676befd91852c66116,E5JZ7nPT6NvnRabDqANtJiFcfPfs8GZeBJ8qEfJepump,PP-0fe69f37f044e82ac06e8e31249f113f,FILLED,FALLBACK,2026-08-28T10:35:15.443288+00:00,,1126842,,2026-08-28T10:35:17.792073+00:00,,1,100000000,2355000,100014453,2355181,14453,-4695728,13402325,LAST_FRESH_MARKET
FINAL-A,E3_TP10_T15,fp1sig-c960a74fd70daa0789315936,EwtKV8CZR8123Xq3BS3Mc2CRHRSVRhNoN3q9HXYFpump,PP-369ea7fbdd5aff4be6446a8187de6a8f,FILLED,FALLBACK,2026-08-27T13:18:49.829669+00:00,,777858,,2026-08-27T13:18:50.736002+00:00,,1,100000000,2355000,103500634,2398758,3500634,-1253124,6433511,RULE_REFERENCE_FALLBACK
FINAL-A,E3_TP10_T15,fp1sig-c99d4c3fdc251db0fe061a65,6dpc2cW8FJwJV6WrGGkREKGfaTjaxfAUaiUv2uJnmsG7,PP-e825af950e37d43f48ccfcd6196c42f0,UNRESOLVED,TAKE_PROFIT,2026-08-27T13:21:33.111438+00:00,778597,,2026-08-27T13:21:33.111438+00:00,,NO_CAUSAL_FILL,0,100000000,2355000,,,,,,TRIGGER_MARKET
FINAL-A,E3_TP10_T15,fp1sig-c9d9a45d925372da2942fd4a,5J7ULoEzdsVuDX7YrxeK9KBippENWhuHHz1tt4kmpump,PP-7e5203aa569808a87d0ea28c99099ac3,FILLED,FALLBACK,2026-08-28T11:25:12.327508+00:00,,1142941,,2026-08-28T11:25:17.657401+00:00,,1,100000000,2355000,76482380,2061030,-23517620,-27933650,14287481,LAST_FRESH_MARKET
FINAL-A,E3_TP10_T15,fp1sig-c9deaafe28206b2fa7e0fad2,Efc1NG3RkNKimd3EYnWGHjD6j9XFY72xKM7hWi23pump,PP-a1742630432734d74b891825303b13b0,FILLED,FALLBACK,2026-08-27T21:14:15.610716+00:00,,864859,,2026-08-27T21:14:23.184015+00:00,,1,100000000,2355000,62513032,1886413,-37486968,-41728381,14347468,LAST_FRESH_MARKET
FINAL-A,E3_TP10_T15,fp1sig-ca0f4d8df2d7739709169a5a,8vikGhaeTBDyAxdLwEMqZF37nnnEGHB24Bx7odT5pump,PP-4872a77b7c9b4ca35c0d63efa48c26a4,FILLED,TAKE_PROFIT,2026-08-28T07:17:09.884216+00:00,1061352,1061391,2026-08-28T07:17:09.884216+00:00,2026-08-28T07:17:13.752011+00:00,,1,100000000,2355000,144516309,2911454,44516309,39249855,11034842,TRIGGER_MARKET
FINAL-A,E3_TP10_T15,fp1sig-ca5e74809adfe8d2f4a4fcc1,GxBWosnMZXdfng3rs4jZshy6NVoe14PWNNvuonf5pump,PP-f994e388f64881d5e87c4171a403bdff,FILLED,FALLBACK,2026-08-28T03:59:04.784165+00:00,,987263,,2026-08-28T03:59:06.781975+00:00,,1,100000000,2355000,101155211,2369441,1155211,-3569230,14255973,LAST_FRESH_MARKET
FINAL-A,E3_TP10_T15,fp1sig-ca9a20a6d912b79766a8714f,GHrj4htwPZk7ktWfo1b7MEXknqNQYsvKngL9juCLpump,PP-79deb0a5f982b075c2a24ed65f7b1ba6,FILLED,TAKE_PROFIT,2026-08-27T20:57:26.613225+00:00,860680,860715,2026-08-27T20:57:26.613225+00:00,2026-08-27T20:57:38.163545+00:00,,1,100000000,2355000,96441799,2310523,-3558201,-8223724,18474314,TRIGGER_MARKET
FINAL-A,E3_TP10_T15,fp1sig-caaadae8b68e93354095aa4c,FVDG5Hk6eya84PYRRheaz3wu814E1CbXLzKAYkfcpump,PP-8c8f2cefaad29bba3fda49f33ede473a,FILLED,FALLBACK,2026-08-28T02:50:16.828110+00:00,,961719,,2026-08-28T02:50:22.550597+00:00,,1,100000000,2355000,70686647,1988584,-29313353,-33656937,9629384,LAST_FRESH_MARKET
FINAL-A,E3_TP10_T15,fp1sig-cab25a3e5268ee5940ee9467,BteitX5b1m84RebbQ3CM4z7wa95dBhRdbLg8QkXXpump,PP-9268dd997df8664121f97eea8810427d,FILLED,FALLBACK,2026-08-28T03:45:33.661169+00:00,,983168,,2026-08-28T03:45:39.480142+00:00,,1,100000000,2355000,88151073,2206889,-11848927,-16410816,16851133,LAST_FRESH_MARKET
FINAL-A,E3_TP10_T15,fp1sig-cac3a9a2b497dd7daa05b46a,CnEdNYfmwJsr4WRWBaGPr2bU4AN6mBiNnSFUwoBEpump,PP-1084aed8872843a8d19d7cb4d67c0ce3,FILLED,FALLBACK,2026-08-27T20:18:20.532514+00:00,,852392,,2026-08-27T20:18:29.742560+00:00,,1,100000000,2355000,118510654,2586384,18510654,13569270,15458080,RULE_REFERENCE_FALLBACK
FINAL-A,E3_TP10_T15,fp1sig-caccfc2d3a48707f69aa37e2,EMKNr6oGXhuJMDwyx9SQRayj4X25vUdZSBH7QbqPpump,PP-074ca0d9863c806f3285ca62fdfc8234,UNRESOLVED,TAKE_PROFIT,2026-08-28T11:21:04.648864+00:00,1141128,,2026-08-28T11:21:04.648864+00:00,,REJECTED_SLIPPAGE,36,100000000,2355000,,,,,,TRIGGER_MARKET
FINAL-A,E3_TP10_T15,fp1sig-cb06ba14dd6daf933b5f48b7,4wjxrDZAH2eadGF6AV3EeHcU6j7tC9YnW7Uu2HH7pump,PP-5a8acffe951e88bb6924e1fc08690b4b,FILLED,FALLBACK,2026-08-27T18:59:44.443397+00:00,,837526,,2026-08-27T18:59:57.553153+00:00,,1,100000000,2355000,98022354,2330280,-1977646,-6662926,17754818,RULE_REFERENCE_FALLBACK
FINAL-A,E3_TP10_T15,fp1sig-cb1c0de30687ec55b5ba11c1,8fmZ7i4mVQ6iUTR8U3hg3bFt1hzznkqHbBc9qCt8pump,PP-dfb0394901c5137250e8385a8945a829,FILLED,TAKE_PROFIT,2026-08-27T21:23:33.050362+00:00,867686,867727,2026-08-27T21:23:33.050362+00:00,2026-08-27T21:23:44.913950+00:00,,1,100000000,2355000,83842450,2153031,-16157550,-20665581,25137859,TRIGGER_MARKET
FINAL-A,E3_TP10_T15,fp1sig-cb8fdd7181ae855ab8439ef8,EEKNurVmiyh9q8vFf69Y8er2bjfWTUwp2oFki4xHpump,PP-cc1ca4bf903e10c06e9cd8461aba9aa4,FILLED,FALLBACK,2026-08-28T10:58:54.634896+00:00,,1134768,,2026-08-28T10:58:57.221134+00:00,,1,100000000,2355000,81956236,2129453,-18043764,-22528217,16958885,LAST_FRESH_MARKET
FINAL-A,E3_TP10_T15,fp1sig-cbbc9d1413a406ec34eff3bd,J3Yj1i2yEtDAVo2XVQouuHKNya31vPdcvxP3KJeppump,PP-6ada86f64847431c5025bf63c9dec627,FILLED,FALLBACK,2026-08-28T05:22:51.821518+00:00,,1014501,,2026-08-28T05:22:57.926559+00:00,,1,100000000,2355000,106420111,2435252,6420111,1629859,17962900,LAST_FRESH_MARKET
FINAL-A,E3_TP10_T15,fp1sig-cbdfaa9b24520a17d104585a,NuBU6dSnopwL84h3ZPPEDciKnxut527wvebHPPqBAcW,PP-8165faa2ea11168ee103589e1847f631,FILLED,FALLBACK,2026-08-27T19:27:05.966469+00:00,,842798,,2026-08-27T19:27:08.531492+00:00,,1,100000000,2355000,102757228,2389466,2757228,-1987238,13872961,LAST_FRESH_MARKET
FINAL-A,E3_TP10_T15,fp1sig-cc86ec2ee33a389601fa1ff4,7iE7Uod136sVa8cGVze7uvtQdcaA2Q9H9hiJERnnWyNr,PP-f3625660576b959a55d176d750e9e2eb,FILLED,FALLBACK,2026-08-27T21:33:03.278393+00:00,,870291,,2026-08-27T21:33:09.251167+00:00,,1,100000000,2355000,83003869,2142549,-16996131,-21493680,17543302,LAST_FRESH_MARKET
FINAL-A,E3_TP10_T15,fp1sig-ce09dce63e7f9cf781607f5e,8ci9t37Q5bQ3vddBLnWkvGdhx7fGBLjKHYnpXhKbpump,PP-1459937623cf7efb9a522b68f42307ff,FILLED,TAKE_PROFIT,2026-08-27T23:20:57.137398+00:00,898379,898392,2026-08-27T23:20:57.137398+00:00,2026-08-27T23:21:00.536625+00:00,,1,100000000,2355000,100231350,2357892,231350,-4481542,3565229,TRIGGER_MARKET
FINAL-A,E3_TP10_T15,fp1sig-cf301d47e1d38da403a47ad9,3Fo9b8DGHKd9rpJGEE75jthfhoDpG8iGLBvJM984pump,PP-2f00a44c2adef03a7d507a8dc5096608,FILLED,TAKE_PROFIT,2026-08-28T08:19:59.846005+00:00,1088188,1088213,2026-08-28T08:19:59.846005+00:00,2026-08-28T08:20:04.573800+00:00,,1,100000000,2355000,96479955,2311000,-3520045,-8186045,10801043,TRIGGER_MARKET
FINAL-A,E3_TP10_T15,fp1sig-d02a9b7a3ad8a83ddab04f2a,4NshKPkyRdcoH6ULjux68ZYZiUvadwp5JazVJxzcpump,PP-256714e997a84b86eabda173e1075c8d,FILLED,FALLBACK,2026-08-27T23:48:01.691600+00:00,,906047,,2026-08-27T23:48:04.387969+00:00,,1,100000000,2355000,79081924,2093525,-20918076,-25366601,13765294,LAST_FRESH_MARKET
FINAL-A,E3_TP10_T15,fp1sig-d0f8c8f67e14ae1713cdccea,HM2H2uefME5nBufJ83S3GQkGSWYzwtn9rxhGd9zqpump,PP-854f22846237a2f0fcdd0d56900e210e,FILLED,FALLBACK,2026-08-28T07:16:41.939165+00:00,,1061100,,2026-08-28T07:16:44.722564+00:00,,1,100000000,2355000,67726995,1951588,-32273005,-36579593,14351765,LAST_FRESH_MARKET
FINAL-A,E3_TP10_T15,fp1sig-d146acb7828157b52fe14331,D559waVKgYPRtfACWkcZ2gZXca1vpHizCoMrm2itpump,PP-602592fc9cc9e0c40fdd6fa34c5e3a1e,FILLED,TAKE_PROFIT,2026-08-28T02:55:45.309794+00:00,964480,964502,2026-08-28T02:55:45.309794+00:00,2026-08-28T02:55:49.190390+00:00,,1,100000000,2355000,126270663,2683384,26270663,21232279,6769730,TRIGGER_MARKET
FINAL-A,E3_TP10_T15,fp1sig-d177f231812078f2a24f20b2,25J3VdQHDUmwQ39vGZLTLhBtxHktPJuybCaoJsBKpump,PP-00e512281810bf75804608e7929ab5e7,FILLED,FALLBACK,2026-08-28T12:13:13.516429+00:00,,1157761,,2026-08-28T12:13:17.028862+00:00,,1,100000000,2355000,99720502,2351507,-279498,-4986005,4366090,RULE_REFERENCE_FALLBACK
FINAL-A,E3_TP10_T15,fp1sig-d1847a016d8360b55777a63b,GxW73nQogqymCauq5Asymqghtz2NtroZhoSKB5dhXoG4,PP-c2d4a19c52e9de77ab9eefcf3f14a08a,FILLED,TAKE_PROFIT,2026-08-27T18:32:22.595576+00:00,831814,831826,2026-08-27T18:32:22.595576+00:00,2026-08-27T18:32:25.881328+00:00,,1,100000000,2355000,124348048,2659351,24348048,19333697,7766980,TRIGGER_MARKET
FINAL-A,E3_TP10_T15,fp1sig-d1effb00e93a24ecdd09b0e9,CEPqet6t3wpMoifBZjCZ8oPfQwEKVDYYu9pDfu99pump,PP-c4e784515d5e320564122650313ded95,FILLED,TAKE_PROFIT,2026-08-27T22:29:31.242688+00:00,885803,885842,2026-08-27T22:29:31.242688+00:00,2026-08-27T22:29:45.240310+00:00,,1,100000000,2355000,165408775,3172610,65408775,59881165,21059075,TRIGGER_MARKET
FINAL-A,E3_TP10_T15,fp1sig-d20bad405fb3084cb6c972cd,4npgbWU3CQrFShWDZjwV3FarTkRjJ9VFZkM6JTtZpump,PP-d0e10f2805e4c7d53c1c030a0713773a,FILLED,FALLBACK,2026-08-28T01:11:46.980831+00:00,,928061,,2026-08-28T01:12:04.594316+00:00,REJECTED_THEN_FILLED,2,100000000,2355000,103846912,2403087,3846912,-911175,25696392,RULE_REFERENCE_FALLBACK
FINAL-A,E3_TP10_T15,fp1sig-d29644409612b96ee362fd06,BV7PCyWa4u8Zpz7A8zVXcwfxqb7tMKVPR5NZJEnZpump,PP-2699c035c57697979b0a85a302b05616,FILLED,FALLBACK,2026-08-27T23:48:44.231058+00:00,,906227,,2026-08-27T23:48:46.267911+00:00,,1,100000000,2355000,132801830,2765023,32801830,27681807,10404295,LAST_FRESH_MARKET
FINAL-A,E3_TP10_T15,fp1sig-d2c769c2f59c616f89d50537,34mK6pt1mDZgCwczVoUf2HPE7P5hKPfZJPhwyYBMpump,PP-c69e37e872231dcaf97f3f052612d25e,FILLED,FALLBACK,2026-08-27T20:15:03.640969+00:00,,851862,,2026-08-27T20:15:20.014397+00:00,,1,100000000,2355000,83238919,2145487,-16761081,-21261568,27293060,LAST_FRESH_MARKET
FINAL-A,E3_TP10_T15,fp1sig-d2cc9ed5a36e01ff5c44fbaf,7AatWUQA3tKZyXFLktEgoGdFxZAgjEK32SeuSH44pump,PP-f21b30e9a89475bbfd61d0db8a34ac60,FILLED,FALLBACK,2026-08-28T10:47:58.303884+00:00,,1132783,,2026-08-28T10:52:13.580001+00:00,,1,100000000,2355000,100763519,2364544,763519,-3956025,269410725,LAST_FRESH_MARKET
FINAL-A,E3_TP10_T15,fp1sig-d32d7d4b798eb2445cde25e3,3ip5asZefkm2RKU5GECwVr6ycrk62sGhaQbJMqqgpump,PP-5f09199b8cb80d172cf0525d6ea2bad2,FILLED,FALLBACK,2026-08-28T10:36:50.386447+00:00,,1127290,,2026-08-28T10:36:51.625074+00:00,,1,100000000,2355000,93737193,2276715,-6262807,-10894522,12583078,LAST_FRESH_MARKET
FINAL-A,E3_TP10_T15,fp1sig-d3c64f50d7a8a417c0e8e70e,6r2SccWfafTP4L1mggn8GgURbCmRA9Gpur5PwCd9pump,PP-878b162bb71c372cafdb7cfae8e00761,FILLED,FALLBACK,2026-08-27T22:44:08.990373+00:00,,889943,,2026-08-27T22:44:10.541551+00:00,,1,100000000,2355000,90916632,2241458,-9083368,-13679826,7122158,LAST_FRESH_MARKET
FINAL-A,E3_TP10_T15,fp1sig-d427ae27610b0d97f733cc32,CnfYJY3ezWJzJmPzLfhStq1EsCnCRs1SkmaH5NUcpump,PP-88e30c038e1e599508d259ae6e00b42e,FILLED,FALLBACK,2026-08-28T10:16:21.571841+00:00,,1119904,,2026-08-28T10:16:23.465635+00:00,,1,100000000,2355000,77662794,2075785,-22337206,-26767991,11659044,LAST_FRESH_MARKET
FINAL-A,E3_TP10_T15,fp1sig-d4714296372dba5d8ac357f8,4TTtWtFeskgPZFEET6gq7RAWroCqpa6YFVGpKk1Npump,PP-fdbaa8cd4bda7883a45dd27925eaaf59,FILLED,FALLBACK,2026-08-28T02:40:36.552741+00:00,,957342,,2026-08-28T02:40:48.006539+00:00,,1,100000000,2355000,99850578,2353133,-149422,-4857555,18941170,LAST_FRESH_MARKET
FINAL-A,E3_TP10_T15,fp1sig-d4da5f4f7c13e0d56f13da93,5RZyVpkcM8VgQx94okaL1CcwkBnDNAMBtrndRyhSpump,PP-579c18fcaab9092965f4af388ef6639f,FILLED,FALLBACK,2026-08-28T07:38:04.543507+00:00,,1071207,,2026-08-28T07:38:14.820489+00:00,REJECTED_THEN_FILLED,2,100000000,2355000,89914760,2228935,-10085240,-14669175,17685399,RULE_REFERENCE_FALLBACK
FINAL-A,E3_TP10_T15,fp1sig-d5568527b28ffb6c7afa6fc6,DNNG5dDuHxuwWPZFubjMr1XvNGkbeqyvoKUtYd5Zpump,PP-4efe9db6aa4bfd029ac962e3794e013a,UNRESOLVED,TAKE_PROFIT,2026-08-28T11:14:53.188230+00:00,1138945,,2026-08-28T11:14:53.188230+00:00,,REJECTED_SLIPPAGE,13,100000000,2355000,,,,,,TRIGGER_MARKET
FINAL-A,E3_TP10_T15,fp1sig-d6462926ad84838d40aeb4f8,2oQ7iHGVES7vNpBqqj14tsgcGBkJgVhJGqVPj6kkpump,PP-beb9b028aa41bed0b7af9e759c8af774,FILLED,FALLBACK,2026-08-28T06:31:52.065894+00:00,,1040912,,2026-08-28T06:31:54.405432+00:00,,1,100000000,2355000,117094510,2568682,17094510,12170828,10424500,LAST_FRESH_MARKET
FINAL-A,E3_TP10_T15,fp1sig-d69293d4244bd574c2641717,4VxEbwG815ERZhBBnmqmHgHGPidi7EFEH4hPnvbHpump,PP-8a6a240a3dcfcca32c9f0f622ec4d868,FILLED,FALLBACK,2026-08-27T22:41:58.331385+00:00,,889450,,2026-08-27T22:41:59.964776+00:00,,1,100000000,2355000,98870593,2340883,-1129407,-5825290,13262544,LAST_FRESH_MARKET
FINAL-A,E3_TP10_T15,fp1sig-d6a577e1d450ef50696b9b5e,LoADKnMkDnFAz3RWPxdXkKrLKFz1GhCaPHnZugPaLzg,PP-373c3c435d8707028ec9c4f725ed0786,FILLED,FALLBACK,2026-08-28T05:34:16.705060+00:00,,1019012,,2026-08-28T05:34:20.831008+00:00,,1,100000000,2355000,84754946,2164437,-15245054,-19764491,15139096,LAST_FRESH_MARKET
FINAL-A,E3_TP10_T15,fp1sig-d7913b9c90779b4144458d25,6U8RBCNZt1t4dPndBdpHMGYBfDKSQTyVCk6Fc3Xapump,PP-869b9b84cc79da47722145e37750b2f3,FILLED,TAKE_PROFIT,2026-08-28T03:55:15.002539+00:00,986357,986379,2026-08-28T03:55:15.002539+00:00,2026-08-28T03:55:21.877253+00:00,,1,100000000,2355000,140290201,2858628,40290201,35076573,10710490,TRIGGER_MARKET
FINAL-A,E3_TP10_T15,fp1sig-d89b4563cc899747e4f9e865,4vai9R4LrWqCParLZvtdGwjE1NoT3rcM14m2yX1dpump,PP-56bc1709141f567c3068fcd091afdbf6,FILLED,FALLBACK,2026-08-27T19:42:36.404673+00:00,,845853,,2026-08-27T19:42:40.304991+00:00,,1,100000000,2355000,90269693,2233372,-9730307,-14318679,14714373,LAST_FRESH_MARKET
FINAL-A,E3_TP10_T15,fp1sig-d9649086e4b5dbe3817cf87b,F6GSZLAyRmHmSqmo7XZw5hWApNEZST1p4tcVbuZfpump,PP-554011975047421439f4ad6f05dee549,FILLED,TAKE_PROFIT,2026-08-28T08:11:56.333671+00:00,1084961,1084997,2026-08-28T08:11:56.333671+00:00,2026-08-28T08:12:00.503413+00:00,,1,100000000,2355000,121028691,2617859,21028691,16055832,10408231,TRIGGER_MARKET
FINAL-A,E3_TP10_T15,fp1sig-da709f59ff6dcfc706a9351e,Gv2Q1vnjWrnKY5kzbLh3rQsjuWYDndx5TuYfu8CMpump,PP-952d10c2fa841625213f88cac6175431,FILLED,FALLBACK,2026-08-27T14:37:29.792630+00:00,,792989,,2026-08-27T14:37:33.071916+00:00,,1,100000000,2355000,73826592,2027833,-26173408,-30556241,17698129,LAST_FRESH_MARKET
FINAL-A,E3_TP10_T15,fp1sig-da8bdf0080f94376ef1f5953,3QZypGDYoto3S99bMNfwnYUv4py1cEiS8yQzZEQppump,PP-4fc845f5a5d69362efaff4be5b05fcf1,FILLED,FALLBACK,2026-08-28T09:37:37.047499+00:00,,1109832,,2026-08-28T09:38:01.972987+00:00,,1,100000000,2355000,92061203,2255766,-7938797,-12549563,31434394,LAST_FRESH_MARKET
FINAL-A,E3_TP10_T15,fp1sig-db28b6c281a213dd0e4c5382,E5Q3tb6NU9pSuFN3cLwTPt8XKUjChkiASJ8ZiXPxYipF,PP-12ac84d95d547ce8b213e75944a88799,FILLED,FALLBACK,2026-08-27T12:40:51.295044+00:00,,769711,,2026-08-27T12:41:08.885272+00:00,,1,100000000,2355000,93620361,2275255,-6379639,-11009894,31084991,LAST_FRESH_MARKET
FINAL-A,E3_TP10_T15,fp1sig-db7cead5fcceb01279bb06dd,Gy5C8Q5tzLSEu1PrZRJmfESHLVwWhtEbmeckDikXpump,PP-61ddf59a7d42c46d8696d3e1b8a6d434,FILLED,FALLBACK,2026-08-28T10:48:40.994237+00:00,,1131319,,2026-08-28T10:48:46.512826+00:00,,1,100000000,2355000,89779956,2227250,-10220044,-14802294,16316676,LAST_FRESH_MARKET
FINAL-A,E3_TP10_T15,fp1sig-dc061bb3390eaa6ed66ea4ad,92nkgmUkzdHs2d8o69JFixJFNFWCbqGbzCMAWGVbpump,PP-8da5de3f742f0a304116dc334b09db9f,FILLED,FALLBACK,2026-08-28T10:47:37.598621+00:00,,1130936,,2026-08-28T10:47:40.357821+00:00,,1,100000000,2355000,109108710,2468859,9108710,4284851,14064497,LAST_FRESH_MARKET
FINAL-A,E3_TP10_T15,fp1sig-dc9d8a4a5cf7c5c6f5b76a0f,HABCpUT22d7MJk5rb2GGWipkwvcchgiupm9Fmvt7pump,PP-6b83b53ecb42b30ccc88e29201579344,FILLED,TAKE_PROFIT,2026-08-28T07:42:30.898651+00:00,1073049,1073059,2026-08-28T07:42:30.898651+00:00,2026-08-28T07:42:34.212480+00:00,,1,100000000,2355000,146054011,2930676,46054011,40768335,3411337,TRIGGER_MARKET
FINAL-A,E3_TP10_T15,fp1sig-dcc5bb27c76f16e7313152f7,BwYfCifLVzyHwrAirhynuR9tTqxy5z43CZK57Uaqpump,PP-9f347c844a42c0bedd7563ec33c2de68,FILLED,FALLBACK,2026-08-27T17:47:08.546495+00:00,,822573,,2026-08-27T17:47:22.518180+00:00,,1,100000000,2355000,115092635,2543658,15092635,10193977,24511738,RULE_REFERENCE_FALLBACK
FINAL-A,E3_TP10_T15,fp1sig-dcc85f6591a3b6124a387d1b,9aTym6ZrQTLiLAKpcM2nn6FP9A167nn2oG77KiFzpump,PP-6ed0319e3bab623ac2c781ab06436746,FILLED,TAKE_PROFIT,2026-08-28T04:01:06.065543+00:00,987924,987963,2026-08-28T04:01:06.065543+00:00,2026-08-28T04:01:13.089924+00:00,,1,100000000,2355000,112164138,2507052,12164138,7302086,13933444,TRIGGER_MARKET
FINAL-A,E3_TP10_T15,fp1sig-dd8fb0774514ce74648c88ec,4M6v2PUTiXZEdSbZAmxm5AGPU1YaiMTCq5tofmzApump,PP-189a0e0ad2c4fa0581168c1d9d3581f2,FILLED,FALLBACK,2026-08-28T05:38:33.360187+00:00,,1021169,,2026-08-28T05:38:36.810995+00:00,,1,100000000,2355000,100112707,2356409,112707,-4598702,14669192,LAST_FRESH_MARKET
FINAL-A,E3_TP10_T15,fp1sig-ddb3e3ab05c3263972f1f0da,Ak7ETW1scuABkxtowej3fTvA5SCgZxgSaNrn32SNpump,PP-4ec48daf65f2dcfa31ec34428fd41a9f,FILLED,FALLBACK,2026-08-28T06:28:16.672032+00:00,,1039572,,2026-08-28T06:28:41.717021+00:00,,1,100000000,2355000,92957278,2266966,-7042722,-11664688,36110985,LAST_FRESH_MARKET
FINAL-A,E3_TP10_T15,fp1sig-ddc626807f22329838242ced,9thoeiJ9m9zj7YNYVXsg9Ps2dxC9zkwYxB62A5e6GmXo,PP-a09e314bccfbeb9a923de1fd723879d5,FILLED,TAKE_PROFIT,2026-08-28T12:06:16.497582+00:00,1156223,1156230,2026-08-28T12:06:16.497582+00:00,2026-08-28T12:06:20.246290+00:00,,1,100000000,2355000,116750923,2564387,16750923,11831536,10701201,TRIGGER_MARKET
FINAL-A,E3_TP10_T15,fp1sig-de068a87b3cdb4e4cd4ccf07,9avwwgxfXxKdxE2R87F9cAt82ELfvHxJKtir2uPxpump,PP-bfc1a7a871f4175ef454469d8e5603b4,FILLED,FALLBACK,2026-08-27T13:31:30.489628+00:00,,781085,,2026-08-27T13:31:35.090913+00:00,,1,100000000,2355000,101153727,2369422,1153727,-3570695,12285201,RULE_REFERENCE_FALLBACK
FINAL-A,E3_TP10_T15,fp1sig-de0eac2fd57ebf0a604d1ea4,G2MKgB58jwG4Z9CzkayTG8FVh3URWZtg7dHWuY4pump,PP-ee766e4ce022ba4dad5ba7310a081eee,FILLED,TAKE_PROFIT,2026-08-27T20:28:31.679960+00:00,854303,854315,2026-08-27T20:28:31.679960+00:00,2026-08-27T20:28:32.312534+00:00,,1,100000000,2355000,109427405,2472843,9427405,4599562,7511812,TRIGGER_MARKET
FINAL-A,E3_TP10_T15,fp1sig-deb5f707c45674ee5af8f393,9bouoShKTvYcmvXKW7TticNhBbeBSyfhPB6BpDtNpump,PP-8ae398964c6f66dbba546da7c41b2204,FILLED,TAKE_PROFIT,2026-08-28T04:53:00.068557+00:00,1006175,1006235,2026-08-28T04:53:00.068557+00:00,2026-08-28T04:53:07.733383+00:00,,1,100000000,2355000,106394081,2434927,6394081,1604154,11136389,TRIGGER_MARKET
FINAL-A,E3_TP10_T15,fp1sig-df3b7858f513bdb960267413,GiM9v8wXjFU3Q172SVhSyiqqGEXzSejAwETueNhCpump,PP-b69d6eaee7d6a0b579c0648ce6beae21,FILLED,FALLBACK,2026-08-28T08:29:49.303393+00:00,,1092242,,2026-08-28T08:30:03.160824+00:00,,1,100000000,2355000,106905608,2441321,6905608,2109287,24910138,LAST_FRESH_MARKET
FINAL-A,E3_TP10_T15,fp1sig-df40bb9d91fc031344bfdf6e,7v2KxRgcKe1qju91BcuPMD9zf9sRY1fCWC3SAXDgpump,PP-2109409896e4f605e9b010312e71edc0,FILLED,TAKE_PROFIT,2026-08-28T10:28:25.755775+00:00,1124465,1124481,2026-08-28T10:28:25.755775+00:00,2026-08-28T10:28:26.355773+00:00,,1,100000000,2355000,157303394,3071293,57303394,51877101,786971,TRIGGER_MARKET
FINAL-A,E3_TP10_T15,fp1sig-df505d1f580a64428e51253d,FujC3Ak2obNyR8AkqErdivpZP8cuX4w65C1vKQ2ypump,PP-59200e3e2da8138cf1cdf48062edee16,FILLED,FALLBACK,2026-08-28T05:09:46.979684+00:00,,1010473,,2026-08-28T05:09:49.891897+00:00,,1,100000000,2355000,138988452,2842356,38988452,33791096,13560787,LAST_FRESH_MARKET
FINAL-A,E3_TP10_T15,fp1sig-dfa733f6022bfcaa9b2f7ff4,3v2g5NP7VJ8H2XvBr7CH2twRyEpUN6wppvchVBM6pump,PP-3e2e7da0e8aca6ba38d14fa5c4c7f28e,FILLED,FALLBACK,2026-08-27T13:12:19.238773+00:00,,776359,,2026-08-27T13:12:22.685617+00:00,,1,100000000,2355000,93406268,2272579,-6593732,-11221311,14869222,LAST_FRESH_MARKET
FINAL-A,E3_TP10_T15,fp1sig-dfb8c6b875f6f4d68ca6973d,6ACoVZkPMiEw3vAx2nMLqC2vYWdY2S1h5bJ9uAKDpump,PP-1e1e85788ffd8a59884fd702d79bc4aa,FILLED,FALLBACK,2026-08-27T16:20:04.273166+00:00,,808385,,2026-08-27T16:20:31.380576+00:00,REJECTED_THEN_FILLED,3,100000000,2355000,95674244,2300929,-4325756,-8981685,31797900,RULE_REFERENCE_FALLBACK
FINAL-A,E3_TP10_T15,fp1sig-e035f7a3efbc62d57d671c7d,HZNMPd51B75e4JPWyGsni7VpcxHme6tomrGy88PPpump,PP-d4688d69467aa337a7af22cdf818cb62,FILLED,TAKE_PROFIT,2026-08-28T09:16:41.114641+00:00,1104430,1104554,2026-08-28T09:16:41.114641+00:00,2026-08-28T09:17:26.486430+00:00,,1,100000000,2355000,133847050,2778089,33847050,28713961,47655830,TRIGGER_MARKET
FINAL-A,E3_TP10_T15,fp1sig-e0e8a43eb0a72930887d03f1,DuKgYtqyQ6oiKj8hqoktHR8kvoLyp3Qfhycv1Qqxpump,PP-7336188bd13c9f4a80878620137cf2d8,FILLED,FALLBACK,2026-08-28T03:23:52.673122+00:00,,976025,,2026-08-28T03:23:53.988697+00:00,,1,100000000,2355000,127523283,2699042,27523283,22469241,12833406,LAST_FRESH_MARKET
FINAL-A,E3_TP10_T15,fp1sig-e1be09af3361e302e644aebf,5xZwUYfBAMXMVYoArAqk41EtSGLUzuymxFKt6Vcapump,PP-a49043c214e6eb47627f14e4a35ef744,FILLED,FALLBACK,2026-08-27T22:16:58.845311+00:00,,882305,,2026-08-27T22:17:01.440926+00:00,,1,100000000,2355000,87195829,2194948,-12804171,-17354119,14567511,LAST_FRESH_MARKET
FINAL-A,E3_TP10_T15,fp1sig-e231e0b8cc23a230ebd0ecb6,AkKqcx9c8oQDo19fUQQBYdK13kpmWQ4gZeeQu8pGpump,PP-7233afdb4e620653ecc88c02b5d96b93,FILLED,FALLBACK,2026-08-28T10:58:26.302568+00:00,,1134735,,2026-08-28T10:58:35.918660+00:00,,1,100000000,2355000,99752205,2351903,-247795,-4954698,9920802,RULE_REFERENCE_FALLBACK
FINAL-A,E3_TP10_T15,fp1sig-e2eedab8dae6d84e30956ae4,FwfBJ5w31LjCidztKN2SkibigGHCL9nHb56z8m4Rpump,PP-9a11da910cd4d80f95ed251972cb07c3,FILLED,FALLBACK,2026-08-28T11:40:35.322610+00:00,,1148708,,2026-08-28T11:40:38.711627+00:00,,1,100000000,2355000,57507507,1823844,-42492493,-46671337,13178155,LAST_FRESH_MARKET
FINAL-A,E3_TP10_T15,fp1sig-e3e998330770c0893a802f0f,AyL6PEGBCXusN1T1pq4jWAKyfNW5BMKVBDKxAH3s8NPp,PP-23036a7fd717b5b47a98629b305cab2e,FILLED,FALLBACK,2026-08-27T23:42:33.211877+00:00,,903847,,2026-08-27T23:42:34.460411+00:00,,1,100000000,2355000,43431338,1647892,-56568662,-60571554,12883253,LAST_FRESH_MARKET
FINAL-A,E3_TP10_T15,fp1sig-e3f92ea9d1de8a5a5fd859db,8rYmyrdt1LZsGAzpnbKpCHAj5J313KNR2iYw5Boqpump,PP-974ddd16acd4ff30486d36ea92b7203b,FILLED,FALLBACK,2026-08-27T20:10:37.324036+00:00,,850970,,2026-08-27T20:10:43.900039+00:00,,1,100000000,2355000,96947601,2316846,-3052399,-7724245,12844977,RULE_REFERENCE_FALLBACK
FINAL-A,E3_TP10_T15,fp1sig-e4015cea26ab0ea3c00daccb,2zs75S2wrMjNjH44CCUaQ2BQ1G6nZVdfToqVcsPXpump,PP-94a3316d26b81aa627e7805bc8da6762,FILLED,FALLBACK,2026-08-28T07:17:42.805236+00:00,,1061673,,2026-08-28T07:17:44.177589+00:00,,1,100000000,2355000,53573571,1774670,-46426429,-50556099,9946327,LAST_FRESH_MARKET
FINAL-A,E3_TP10_T15,fp1sig-e401b9778fc0267c8d5398ab,98GoqvatstNPxb852UnK4t2yatyEPGRNxZEAF3wDpump,PP-a75d4a4eebbb1399cb25f64fe787f86c,FILLED,FALLBACK,2026-08-27T15:20:33.756873+00:00,,800894,,2026-08-27T15:20:34.715631+00:00,,1,100000000,2355000,104893939,2416175,4893939,122764,12660241,LAST_FRESH_MARKET
FINAL-A,E3_TP10_T15,fp1sig-e4809b2267528d194fd659d5,Gtsuck6iP61kJNRg1Qi7xkdA6CowVJRXcLER5WKEpump,PP-cda5d07ae919761433fbf48e11621c27,FILLED,FALLBACK,2026-08-28T01:51:36.802731+00:00,,940469,,2026-08-28T01:51:44.745622+00:00,,1,100000000,2355000,141969134,2879615,41969134,36734519,17346145,LAST_FRESH_MARKET
FINAL-A,E3_TP10_T15,fp1sig-e48c7d460c082b589e066540,37dgkn8nPqxjo9dW2JsyBmccMYNvutzaJ8ePPwg5pump,PP-366623fa0da1db751a0a38e0d070a611,FILLED,TAKE_PROFIT,2026-08-27T23:54:28.228384+00:00,908423,908453,2026-08-27T23:54:28.228384+00:00,2026-08-27T23:54:37.231550+00:00,,1,100000000,2355000,95640731,2300510,-4359269,-9014779,9009163,TRIGGER_MARKET
FINAL-A,E3_TP10_T15,fp1sig-e498fa53f8531d945b078ac7,Bs3m1rJ169FevnsFAtaRkB5LxNp2FsNs5jXyqfFgpump,PP-8d1680f58045fa8e549d6f8a868e6664,FILLED,TAKE_PROFIT,2026-08-28T07:02:06.278701+00:00,1055396,1055446,2026-08-28T07:02:06.278701+00:00,2026-08-28T07:02:09.607504+00:00,,1,100000000,2355000,121503285,2623792,21503285,16524493,6503808,TRIGGER_MARKET
FINAL-A,E3_TP10_T15,fp1sig-e4d8512d79677bc95393efb5,7ZCcjiQcBbcfcy31XQG4Yo9JFddupWx1C8EtFPhHpump,PP-484b96195c670b446266f2e7b59a0f6e,FILLED,FALLBACK,2026-08-27T14:10:13.917125+00:00,,788589,,2026-08-27T14:10:19.229870+00:00,,1,100000000,2355000,84315242,2158941,-15684758,-20198699,19065457,LAST_FRESH_MARKET
FINAL-A,E3_TP10_T15,fp1sig-e61573915e0b656fa39d1f01,4qXX8rw8u7eQePayeVgc34nzt48152QqTGgH28hEpump,PP-9c597b6ba213acffe675251cd7546f48,FILLED,FALLBACK,2026-08-28T12:26:11.369201+00:00,,1161707,,2026-08-28T12:26:12.287346+00:00,,1,100000000,2355000,75499991,2048750,-24500009,-28903759,11358125,LAST_FRESH_MARKET
FINAL-A,E3_TP10_T15,fp1sig-e658165e8d74bcd15a66043d,6NeyGbhniEbs3UJUkNdbePGLj2xwdnsrCrNCpckwpump,PP-6d762ad4fb91fcf0c92f317c7f1661d3,FILLED,FALLBACK,2026-08-28T08:43:47.690522+00:00,,1096286,,2026-08-28T08:43:51.561363+00:00,,1,100000000,2355000,94540871,2286761,-5459129,-10100890,17764533,LAST_FRESH_MARKET
FINAL-A,E3_TP10_T15,fp1sig-e73f1661f72b7605560e401a,Ga3LB75LyuDJKfTreTPx6Cew5TmjTQESXb12TAuZpump,PP-419b5cf47f8d99e1cf47618a3e6aa4fe,FILLED,FALLBACK,2026-08-28T03:05:08.467306+00:00,,968389,,2026-08-28T03:05:14.526139+00:00,,1,100000000,2355000,87292905,2196162,-12707095,-17258257,17637843,LAST_FRESH_MARKET
FINAL-A,E3_TP10_T15,fp1sig-e82db2b618ab2241f232b188,4YckUGedvsBEXYQdKnfWMRr8njBLQLFexMr3sLFBpump,PP-0828e8e3525ea82581d8179dedda089c,FILLED,FALLBACK,2026-08-28T06:43:02.541987+00:00,,1046147,,2026-08-28T06:43:06.360177+00:00,,1,100000000,2355000,81117964,2118975,-18882036,-23356011,15389368,LAST_FRESH_MARKET
FINAL-A,E3_TP10_T15,fp1sig-e8da1435cfc9528ee0fd01dc,Ad8qwHJ626N8q6jhnuJjDuLJ3Z3A8dpZTTMzBJ52pump,PP-3e3f9f9f448379149fb7d6c0be3c7e3c,FILLED,FALLBACK,2026-08-28T03:08:21.539236+00:00,,969536,,2026-08-28T03:08:24.029537+00:00,,1,100000000,2355000,103535827,2399198,3535827,-1218371,13962259,LAST_FRESH_MARKET
FINAL-A,E3_TP10_T15,fp1sig-e8db969d23d8c00f099b8a10,3xqVBHftAsUc3odoiQo1ppgJtipoPDuVXWnzK58UYfLe,PP-2d62ca62985bceb676cb11c544ddc511,FILLED,FALLBACK,2026-08-28T02:32:34.765322+00:00,,954489,,2026-08-28T02:32:36.620188+00:00,,1,100000000,2355000,94472666,2285909,-5527334,-10168243,13452738,LAST_FRESH_MARKET
FINAL-A,E3_TP10_T15,fp1sig-e94bb368e767c47b3859147c,B6ZDTkTW7jnkXo46Mxyk5wiqmZtFQZKgLW7hSwbTpump,PP-9a26786c604b1f1c954489a1df52809c,FILLED,TAKE_PROFIT,2026-08-27T14:43:54.300279+00:00,794343,794393,2026-08-27T14:43:54.300279+00:00,2026-08-27T14:44:09.104576+00:00,,1,100000000,2355000,105535361,2424193,5535361,756168,18995963,TRIGGER_MARKET
FINAL-A,E3_TP10_T15,fp1sig-e9ef59cc382fddee87f94ec6,cGrb8sjrs6pRAYaowftBVT8eLBxr1JZoW5yhpadpump,PP-7db34dbd0cb48d1cc499c6fdc70254df,FILLED,FALLBACK,2026-08-27T21:13:46.792994+00:00,,865067,,2026-08-27T21:14:53.276891+00:00,REJECTED_THEN_FILLED,6,100000000,2355000,111382462,2497281,11382462,6530181,76176043,RULE_REFERENCE_FALLBACK
FINAL-A,E3_TP10_T15,fp1sig-e9f6af3785ac752b259f3955,F8iMNpWFLxiHCPGEyzWrFFfKHxR81nevnqoHbtMrpump,PP-d9fc1b4372ec38235c66da4e7bbaff4e,FILLED,TAKE_PROFIT,2026-08-28T12:03:44.430617+00:00,1155581,1155593,2026-08-28T12:03:44.430617+00:00,2026-08-28T12:03:45.463309+00:00,,1,100000000,2355000,101650915,2375637,1650915,-3079722,1225727,TRIGGER_MARKET
FINAL-A,E3_TP10_T15,fp1sig-e9f6e79265427f6672c2ab70,FUgYbjzZ4qc8n9yuAPKZWt6BuTUqRCDCh2FnC6Qppump,PP-c52327192891744096633c28ac61df7d,FILLED,FALLBACK,2026-08-28T04:38:53.478555+00:00,,1000747,,2026-08-28T04:38:55.943459+00:00,,1,100000000,2355000,86413778,2185173,-13586222,-18126395,13650569,LAST_FRESH_MARKET
FINAL-A,E3_TP10_T15,fp1sig-ea90feb6e29e5422afd2a79f,AGUcRrkjM93MxcN3NFzQxqPdJEg9iU4wXv88LRdvu1oB,PP-6ff8874af246be260bbf797d74e3037a,FILLED,TAKE_PROFIT,2026-08-28T00:38:59.535568+00:00,920644,920669,2026-08-28T00:38:59.535568+00:00,2026-08-28T00:39:03.919618+00:00,,1,100000000,2355000,100019644,2355246,19644,-4690602,10415837,TRIGGER_MARKET
FINAL-A,E3_TP10_T15,fp1sig-eb2b641c8663df82b30e4025,CX2v9mxaQhev6wzjWwLATJ7dcfsb7JWSq7EaCB8Ppump,PP-131002128a7d557db560078625a1fe41,FILLED,TAKE_PROFIT,2026-08-28T11:41:04.917996+00:00,1148811,1148818,2026-08-28T11:41:04.917996+00:00,2026-08-28T11:41:08.325867+00:00,,1,100000000,2355000,107013168,2442665,7013168,2215503,3431385,TRIGGER_MARKET
FINAL-A,E3_TP10_T15,fp1sig-eb54de3f8a561645ea3cb035,72CV1AyrrAmi165qq7cDn9NsP5c6oqC3rT8gqt5zpump,PP-bf0f6983f5af4ddaf0cdbb72d2d9c643,FILLED,FALLBACK,2026-08-28T04:06:38.008507+00:00,,990402,,2026-08-28T04:06:52.117349+00:00,,1,100000000,2355000,92813257,2265166,-7186743,-11806909,22409738,LAST_FRESH_MARKET
FINAL-A,E3_TP10_T15,fp1sig-ec31dbafefdceab0453ab626,3vJZE367HPt8B1gaaY5Fubczjp6roNN75Q6jDuV1pump,PP-251a1ad41a029509a1bbe3012711d602,FILLED,TAKE_PROFIT,2026-08-28T06:15:31.165095+00:00,1034243,1034274,2026-08-28T06:15:31.165095+00:00,2026-08-28T06:15:34.216407+00:00,,1,100000000,2355000,106526844,2436586,6526844,1735258,6202540,TRIGGER_MARKET
FINAL-A,E3_TP10_T15,fp1sig-ec41d7ce7092cd648f78ccf7,9924v9CwiAQD1kH8STXr6wnwtk2eK2ykfUi3XrpMpump,PP-5b5e974f2ce8fc6073bf0bdc5bbe7857,FILLED,FALLBACK,2026-08-27T21:13:07.542815+00:00,,864493,,2026-08-27T21:13:11.617684+00:00,,1,100000000,2355000,109469295,2473367,9469295,4640928,13274356,LAST_FRESH_MARKET
FINAL-A,E3_TP10_T15,fp1sig-ec6b9513bddb83a91d8a6e33,G1XFYnDeTMet6dvZvtWchjM8Rh3qLwnzncjbJ41rpump,PP-9e2a9cc890fc81b98e62bf60cc968bde,FILLED,FALLBACK,2026-08-28T07:25:20.884779+00:00,,1065443,,2026-08-28T07:25:33.905065+00:00,REJECTED_THEN_FILLED,2,100000000,2355000,58894741,1841185,-41105259,-45301444,24967018,LAST_FRESH_MARKET
FINAL-A,E3_TP10_T15,fp1sig-ecf2e6f16709026c0c295dd3,2fjekZwVbdKcxgnRSNznuQUTbb8tsfbskjvARxDopump,PP-0459825ecdff2e1ccd3d9fc2ed9f3f23,FILLED,TAKE_PROFIT,2026-08-28T00:14:03.023813+00:00,913484,913513,2026-08-28T00:14:03.023813+00:00,2026-08-28T00:14:06.642681+00:00,,1,100000000,2355000,108184348,2457305,8184348,3372043,3780867,TRIGGER_MARKET
FINAL-A,E3_TP10_T15,fp1sig-ed470baedbcc763de087caca,9Tt1qcVkXDRbvYbk7gWRpQHWamqthFz475Yb8auqpump,PP-c0c008ce0dce8cb6cbd5faee26465a4f,FILLED,FALLBACK,2026-08-27T13:28:55.088360+00:00,,780343,,2026-08-27T13:29:02.444359+00:00,,1,100000000,2355000,47759133,1701990,-52240867,-56297857,18533877,LAST_FRESH_MARKET
FINAL-A,E3_TP10_T15,fp1sig-ed54dbf82dac9c6c64b557bf,4r24q7JbFeoEU2RKWw7ew6ohC568jn3XQwdnBaJXpump,PP-f57d3b24321f37b5c54487e0902b702b,FILLED,FALLBACK,2026-08-28T01:20:05.589312+00:00,,930349,,2026-08-28T01:20:12.597862+00:00,,1,100000000,2355000,104566606,2412083,4566606,-200477,10369198,RULE_REFERENCE_FALLBACK
FINAL-A,E3_TP10_T15,fp1sig-eda0fec1e3c227e4734a305c,HDY51dGD9n2VPbBhvyizftWEb8oGMbEZ3PHoh89Ppump,PP-aa97570c6fa4737c5085c64dba87c2a6,UNRESOLVED,TAKE_PROFIT,2026-08-27T23:32:08.858907+00:00,901108,,2026-08-27T23:32:08.858907+00:00,,NO_CAUSAL_FILL,0,100000000,2355000,,,,,,TRIGGER_MARKET
FINAL-A,E3_TP10_T15,fp1sig-edb47fa7490ffeac7e680bd5,HX8iYyRVTQpg4CCsXnYMCHoHTWk8fkA5Xpu7cNvHpump,PP-2a8ce22af510819019a6cb215b355ff2,FILLED,FALLBACK,2026-08-27T13:15:58.673536+00:00,,777372,,2026-08-27T13:16:00.647717+00:00,,1,100000000,2355000,93715794,2276448,-6284206,-10915654,9298560,LAST_FRESH_MARKET
FINAL-A,E3_TP10_T15,fp1sig-edffd2b689db7ed49a489097,DqWQ2AMkuvfdzs5Y7imDE6qFh4cxkfRNmoimkdBcpump,PP-54576dc0ba2ee8e9fdd0cd3eac295aa4,FILLED,TAKE_PROFIT,2026-08-28T02:33:26.179956+00:00,954835,954901,2026-08-28T02:33:26.179956+00:00,2026-08-28T02:33:33.210260+00:00,,1,100000000,2355000,142517811,2886473,42517811,37276338,14342855,TRIGGER_MARKET
FINAL-A,E3_TP10_T15,fp1sig-eec4a4f287b24787d727efda,Bx5ZJTWrC7uAbTw3x4wnJfeQRziXgrmXnRePFvdtpump,PP-432a442b41488271354d675a1ac3a78f,FILLED,FALLBACK,2026-08-28T04:02:57.402687+00:00,,988620,,2026-08-28T04:02:58.985037+00:00,,1,100000000,2355000,101127711,2369097,1127711,-3596386,13398804,LAST_FRESH_MARKET
FINAL-A,E3_TP10_T15,fp1sig-ef43c15223b116b5962b296e,286Xz3GVQEnHKb1mKGpntqjCHJFT6xb9qA1jrXPspump,PP-dc94873b9930522fdc9c537f595ccf4f,FILLED,FALLBACK,2026-08-28T07:58:50.104405+00:00,,1079328,,2026-08-28T07:58:53.577489+00:00,,1,100000000,2355000,89571069,2224639,-10428931,-15008570,11734434,LAST_FRESH_MARKET
FINAL-A,E3_TP10_T15,fp1sig-ef601311185b87659b2c9693,Bx8VF7qfdG9qhicjq3Lx4EsDinBiu7oqk1oMp9sDpump,PP-b58fbc7aee34c3d57017b7375c8fc270,FILLED,TAKE_PROFIT,2026-08-28T02:20:25.758735+00:00,950595,950609,2026-08-28T02:20:25.758735+00:00,2026-08-28T02:20:29.235631+00:00,,1,100000000,2355000,124044392,2655555,24044392,19033837,3480895,TRIGGER_MARKET
FINAL-A,E3_TP10_T15,fp1sig-efaf0f6c2298d11ba90f7ccb,DG4B8Lcg7L5qgSvsYvQMh4XiV4JzLAadWihuz3nQpump,PP-faa257c7a0c4485c40841ac606a61a80,FILLED,FALLBACK,2026-08-28T05:08:12.308347+00:00,,1010044,,2026-08-28T05:08:14.981485+00:00,,1,100000000,2355000,93809696,2277622,-6190304,-10822926,14442849,LAST_FRESH_MARKET
FINAL-A,E3_TP10_T15,fp1sig-efc504257ecd5fd1ddbdae98,8WkP9vFhw25NkT2Kdn7hgmhkY4VLDRfRdKoA3juBpump,PP-c69486af7ed1f33a81717cd6b077baf2,FILLED,TAKE_PROFIT,2026-08-27T19:57:33.985111+00:00,848499,848516,2026-08-27T19:57:33.985111+00:00,2026-08-27T19:57:42.095643+00:00,,1,100000000,2355000,99542731,2349285,-457269,-5161554,10581305,TRIGGER_MARKET
FINAL-A,E3_TP10_T15,fp1sig-f08f81d17360f86d5d02976a,96n3bzxcgiAYgTDpQbocPd1yWdSyh2geNfGtcrmqpump,PP-f76fc856443b64237c63415641859b09,FILLED,TAKE_PROFIT,2026-08-28T02:14:44.803650+00:00,948326,948367,2026-08-28T02:14:44.803650+00:00,2026-08-28T02:15:02.219488+00:00,REJECTED_THEN_FILLED,2,100000000,2355000,117748048,2576851,17748048,12816197,28536053,TRIGGER_MARKET
FINAL-A,E3_TP10_T15,fp1sig-f0a4751d0084adca59d9217f,pjNEmppTTdnnzhKQLxiGhuvNUstBsqTGWJ2iMiDpump,PP-2638020b15eb6d3de0aa5a0ac5c7d8c5,FILLED,FALLBACK,2026-08-28T04:49:23.487662+00:00,,1004904,,2026-08-28T04:49:34.140677+00:00,,1,100000000,2355000,99251853,2345649,-748147,-5448796,22122195,LAST_FRESH_MARKET
FINAL-A,E3_TP10_T15,fp1sig-f0b7e7d29b40d14f006dca5d,38pWYnzgNn4VaWwcEkQKkQCEfMkTSEpyPFazYDZvpump,PP-831a1037cc314c26cc43f5d5805adb64,FILLED,FALLBACK,2026-08-28T08:19:29.959936+00:00,,1087957,,2026-08-28T08:19:35.506191+00:00,REJECTED_THEN_FILLED,3,100000000,2355000,52452020,1760651,-47547980,-51663631,17022324,LAST_FRESH_MARKET
FINAL-A,E3_TP10_T15,fp1sig-f111644a2b7f65024e2c6310,EN79dj6eK5MxSw3kr7EB7gTELXXn81uJdQjf8sctpump,PP-a570b67acb601300cbfe81a2180ac5bc,FILLED,FALLBACK,2026-08-28T11:46:25.000681+00:00,,1150536,,2026-08-28T11:46:28.794865+00:00,,1,100000000,2355000,90078126,2230977,-9921874,-14507851,9184776,LAST_FRESH_MARKET
FINAL-A,E3_TP10_T15,fp1sig-f15d999c5993af272992ee12,EyMQJq47iqpq4t13uCCqco1vnrM6aztuZDbtD24Apump,PP-374a3740fa36b19bdc6c531eee234087,FILLED,TAKE_PROFIT,2026-08-28T10:11:48.267522+00:00,1118394,1118412,2026-08-28T10:11:48.267522+00:00,2026-08-28T10:11:52.392633+00:00,,1,100000000,2355000,185777356,3427217,85777356,79995139,8480218,TRIGGER_MARKET
FINAL-A,E3_TP10_T15,fp1sig-f287324d8c9b114553edad11,r6Caq7W353ko7nHBQn1GijNt98dCwnzaTnZPm6ipump,PP-9d32e3ea8e0c58eecbc76a03f3b7911a,FILLED,FALLBACK,2026-08-28T06:56:50.533895+00:00,,1052853,,2026-08-28T06:57:00.522175+00:00,,1,100000000,2355000,94207809,2282598,-5792191,-10429789,22216783,RULE_REFERENCE_FALLBACK
FINAL-A,E3_TP10_T15,fp1sig-f29615400abc40c459bc20f2,25FtppjQL4dnmvR2CPKnwrvZaLF3KzF6c6Fuw52xpump,PP-0b62604fc38fe02708703e56ddf221d1,FILLED,TAKE_PROFIT,2026-08-28T05:39:04.086372+00:00,1021450,1021457,2026-08-28T05:39:04.086372+00:00,2026-08-28T05:39:08.236180+00:00,,1,100000000,2355000,130886830,2741086,30886830,25790744,4205811,TRIGGER_MARKET
FINAL-A,E3_TP10_T15,fp1sig-f29a91d34d666953ed0c22cd,DDWp9FwnvKPU32LqdxUHPr2bUy1a7gjxCwvrYvgDpump,PP-9276cb5b1fd69d3449e63e647fc1479d,FILLED,FALLBACK,2026-08-28T04:42:06.137333+00:00,,1001731,,2026-08-28T04:42:08.346258+00:00,,1,100000000,2355000,107342299,2446779,7342299,2540520,13920048,LAST_FRESH_MARKET
FINAL-A,E3_TP10_T15,fp1sig-f2f50373c380c4ae8d7514b0,xoEYFD9W8j3Tit7Nrkk9GbNfV1oygJDJMLiztcipump,PP-6f42b9a44a70152a01c3a9fe258469ab,FILLED,FALLBACK,2026-08-28T06:07:52.476224+00:00,,1032018,,2026-08-28T06:07:59.762880+00:00,,1,100000000,2355000,70412235,1985153,-29587765,-33927918,15040622,LAST_FRESH_MARKET
FINAL-A,E3_TP10_T15,fp1sig-f3fa3e125770af0195e5b541,6eE9XJKskkHTYtX2xWBqNuQPjesmv7vTBPXzhmE3pump,PP-1aab58523f7a3a0b35e837f7a884c895,FILLED,TAKE_PROFIT,2026-08-27T19:18:19.961384+00:00,841388,841398,2026-08-27T19:18:19.961384+00:00,2026-08-27T19:18:24.396554+00:00,,1,100000000,2355000,102273347,2383417,2273347,-2465070,4762186,TRIGGER_MARKET
FINAL-A,E3_TP10_T15,fp1sig-f481b48e278222a20d7aec94,3dT86cLy5GKGU6E2jus94MBGzN6TV7egzENDUA3Jpump,PP-3c8fe8b04809401e6b0f3b127245eb71,FILLED,TAKE_PROFIT,2026-08-28T07:08:09.899953+00:00,1057580,1057585,2026-08-28T07:08:09.899953+00:00,2026-08-28T07:08:13.562267+00:00,,1,100000000,2355000,109291157,2471140,9291157,4465017,3758311,TRIGGER_MARKET
FINAL-A,E3_TP10_T15,fp1sig-f5ba4c8599d2183bbb7d542a,85fBt2e1iFhq38i3iGaQWvuzSRJha22TesUoFiD2pump,PP-2596420732fc0b3f4a6d0b87d2670859,UNRESOLVED,FALLBACK,2026-08-27T20:05:34.194975+00:00,,,,,REJECTED_SLIPPAGE,7,100000000,2355000,,,,,,RULE_REFERENCE_FALLBACK
FINAL-A,E3_TP10_T15,fp1sig-f5ebd5f383f4d64eb8b60e9d,BCTqG66s4W8s8i4vhapF9Vy93J14ScVwFbsiyyCGpump,PP-0f81278a5cfe27aaec255e4ccc951248,FILLED,FALLBACK,2026-08-28T08:12:26.249519+00:00,,1085220,,2026-08-28T08:12:28.971725+00:00,,1,100000000,2355000,102491499,2386144,2491499,-2249645,14285505,LAST_FRESH_MARKET
FINAL-A,E3_TP10_T15,fp1sig-f66fede5ea4d327c4dc09e15,6zu75o2J2qeF1bzpoHUnnKgZVtg3cLn9in2PPhikpump,PP-fe6bb9de1f5d303a3f2623aa73b47405,FILLED,FALLBACK,2026-08-27T19:38:59.558478+00:00,,845325,,2026-08-27T19:39:05.513341+00:00,,1,100000000,2355000,94906987,2291338,-5093013,-9739351,16159299,LAST_FRESH_MARKET
FINAL-A,E3_TP10_T15,fp1sig-f67868034cbed1663e41cc5c,A8nxhwySC1miaaHTFgamPojKViowgiiXAQcEjUKDpump,PP-7c68a790bcf2a08c19a41d14f4df0c7b,FILLED,FALLBACK,2026-08-28T01:12:48.745060+00:00,,928299,,2026-08-28T01:13:05.612038+00:00,,1,100000000,2355000,99101944,2343775,-898056,-5596831,17467304,LAST_FRESH_MARKET
FINAL-A,E3_TP10_T15,fp1sig-f694096b5949e2edfa9b4efe,GLvAmXjLiV2WCwLp6Q3XPbMdrEdDjKRdmyMB7eABpump,PP-ee739d1b0923a5a4b264695596f6c13a,FILLED,FALLBACK,2026-08-27T23:30:52.574935+00:00,,900743,,2026-08-27T23:31:08.481718+00:00,,1,100000000,2355000,100852602,2365658,852602,-3868056,26593173,LAST_FRESH_MARKET
FINAL-A,E3_TP10_T15,fp1sig-f75be2c89d4a4031f0e9200d,HJCSAWdQNgDr4rvBwj4SqWui59N7ShwjJYtCYnCupump,PP-7fb0d116f71a5857c130dab3f9f317d4,FILLED,TAKE_PROFIT,2026-08-28T12:08:30.158677+00:00,1156640,1156652,2026-08-28T12:08:30.158677+00:00,2026-08-28T12:08:33.503411+00:00,,1,100000000,2355000,141743026,2876788,41743026,36511238,3779427,TRIGGER_MARKET
FINAL-A,E3_TP10_T15,fp1sig-f76511f3c699063c8bc65d45,ByA9tPdxfa2Bi6ekrKh5GcWXDw4ByWhrBPCq6WCYpump,PP-26e4f181a37ccd8e2efdd2538510f095,FILLED,TAKE_PROFIT,2026-08-28T02:28:50.686965+00:00,953036,953465,2026-08-28T02:28:50.686965+00:00,2026-08-28T02:30:14.092381+00:00,REJECTED_THEN_FILLED,7,100000000,2355000,104727851,2414099,4727851,-41248,86569955,TRIGGER_MARKET
FINAL-A,E3_TP10_T15,fp1sig-f77a467ebc12477bb4def2d7,FncMPqTzzC5yM2btBAXAfppvS2TAQyVSyNiFUu3Hpump,PP-31a964e388830feec3ebfe090b979657,FILLED,FALLBACK,2026-08-27T18:19:34.478433+00:00,,829748,,2026-08-27T18:19:46.859587+00:00,,1,100000000,2355000,121949581,2629370,21949581,16965211,19711913,RULE_REFERENCE_FALLBACK
FINAL-A,E3_TP10_T15,fp1sig-f7f216b4382701ab2a25458f,C8jgH1fabo86giahFTVfqob4FA6ZBKWN9fb8AE8Cpump,PP-3ce2e9bd892b6ec22cf338f65128fe40,FILLED,TAKE_PROFIT,2026-08-28T05:58:01.524574+00:00,1028324,1028330,2026-08-28T05:58:01.524574+00:00,2026-08-28T05:58:09.770621+00:00,,1,100000000,2355000,108718189,2463978,8718189,3899211,8248049,TRIGGER_MARKET
FINAL-A,E3_TP10_T15,fp1sig-f8614f08563c2ef87c916eb9,ERH37a4qh3PVT7T5dEKubX3yAoxUndMKC8h2TPv8pump,PP-9d188195181c99421b1d00ed2747a2df,FILLED,FALLBACK,2026-08-28T04:11:03.316257+00:00,,992080,,2026-08-28T04:11:09.794614+00:00,,1,100000000,2355000,75223189,2045290,-24776811,-29177101,18000570,LAST_FRESH_MARKET
FINAL-A,E3_TP10_T15,fp1sig-f8904b239f4ee81efd3e2183,D55AKnKsb2jSmH2X11NswA5EW45rJF9dkSJkj7Hipump,PP-d037476450522ec239358fa7d7b47b7e,FILLED,FALLBACK,2026-08-28T05:46:57.417097+00:00,,1024425,,2026-08-28T05:47:05.482593+00:00,,1,100000000,2355000,97768661,2327109,-2231339,-6913448,18461564,RULE_REFERENCE_FALLBACK
FINAL-A,E3_TP10_T15,fp1sig-f89f431f7a0846c6b8bfff63,29EESbSuFoCpkafKh5mmHCQPZLMDeG2mgqezVGrUpump,PP-490c52a5da95869621b69c54242e0e64,UNRESOLVED,FALLBACK,2026-08-28T04:17:22.327384+00:00,,,,,REJECTED_SLIPPAGE,130,100000000,2355000,,,,,,LAST_FRESH_MARKET
FINAL-A,E3_TP10_T15,fp1sig-f8c9fb0692cb38343108011f,3weSYKH4sjb9MburxnkqpcJPxRK8SzQyzwwAp5FjNwWe,PP-922f95629e16f505aaaa14aca8902121,FILLED,TAKE_PROFIT,2026-08-28T12:10:33.122975+00:00,1157333,1157345,2026-08-28T12:10:33.122975+00:00,2026-08-28T12:10:37.033628+00:00,,1,100000000,2355000,115144214,2544303,15144214,10244911,3939659,TRIGGER_MARKET
FINAL-A,E3_TP10_T15,fp1sig-f98aeef88621e1d397e3f599,8H9CxAksiU9Q4pDTetEgpPWPryvyqj7dFH1h4uQWpump,PP-bd5635c93950ef259025531203544d92,FILLED,FALLBACK,2026-08-28T00:24:39.751961+00:00,,916897,,2026-08-28T00:24:41.320497+00:00,,1,100000000,2355000,92786063,2264826,-7213937,-11833763,6574617,LAST_FRESH_MARKET
FINAL-A,E3_TP10_T15,fp1sig-f9bb54bfa2629d1a6b0fa41b,AqD7AcVj4ubowtRpvCLfTLLAkeGxexsKHFnjohe1pump,PP-1533bd20489583c5e4e927e4942f562f,FILLED,FALLBACK,2026-08-28T06:08:03.731630+00:00,,1032164,,2026-08-28T06:08:21.333501+00:00,REJECTED_THEN_FILLED,9,100000000,2355000,88712267,2213904,-11287733,-15856637,28665760,LAST_FRESH_MARKET
FINAL-A,E3_TP10_T15,fp1sig-f9c15b3ffc297ab33eb836b5,9r2cETdryH8NAKfDmiN4gjumkndH2zuJhq69BASjpump,PP-e8804f6aaede797e835b15bf232c0b17,FILLED,FALLBACK,2026-08-28T05:42:29.853652+00:00,,1022899,,2026-08-28T05:42:47.277491+00:00,,1,100000000,2355000,104540761,2411760,4540761,-225999,27739974,LAST_FRESH_MARKET
FINAL-A,E3_TP10_T15,fp1sig-f9c3a6517e46d7e72f071b9f,69MbvYEsxsYzDGEjZczLjN7GJVy4dv1CC3Esgq9Cpump,PP-93a6549fff441ca516d2a7836e99b0d0,FILLED,FALLBACK,2026-08-27T21:00:48.421570+00:00,,861421,,2026-08-27T21:00:54.246203+00:00,,1,100000000,2355000,133871239,2778391,33871239,28737848,7304188,RULE_REFERENCE_FALLBACK
FINAL-A,E3_TP10_T15,fp1sig-fa014a95b0d2554ed5d05fe0,6F38NcwybnmwZajUkhjzZGPpru3iZEqD2HE3fLZupump,PP-aa6079daa772e99cf3241ae43544c934,FILLED,FALLBACK,2026-08-28T02:47:34.206050+00:00,,961392,,2026-08-28T02:49:22.744805+00:00,,1,100000000,2355000,97883584,2328545,-2116416,-6799961,120382194,RULE_REFERENCE_FALLBACK
FINAL-A,E3_TP10_T15,fp1sig-fa3ec0852a92e5f69bef65e9,5aMWsfKE5zxUboUDcR6hGqhCTBdtrpWHqFGEyNzUpump,PP-a072be3f226a1857b1a425458be304b3,FILLED,FALLBACK,2026-08-28T04:54:47.528880+00:00,,1006707,,2026-08-28T04:54:51.775769+00:00,,1,100000000,2355000,91206534,2245082,-8793466,-13393548,6758823,RULE_REFERENCE_FALLBACK
FINAL-A,E3_TP10_T15,fp1sig-fa4b9357aaf44e52da8ea16c,HnbQcdPzJYNfLNLxDRBTdvNQ6WwEmTGFzYraorRopump,PP-0075925bd8ac86febeb0a8e1aa24697e,FILLED,FALLBACK,2026-08-27T23:43:42.148808+00:00,,904472,,2026-08-27T23:43:56.161424+00:00,REJECTED_THEN_FILLED,6,100000000,2355000,87539650,2199246,-12460350,-17014596,25692773,LAST_FRESH_MARKET
FINAL-A,E3_TP10_T15,fp1sig-faf22246e64c96f788104906,ELoNNVZXuGDi5r7x4EwHewwqaQdF3a5AvPDDdnmCBgrP,PP-9242b1b2661f104c118e81cc81fe4d24,FILLED,TAKE_PROFIT,2026-08-28T06:14:08.541318+00:00,1033810,1033825,2026-08-28T06:14:08.541318+00:00,2026-08-28T06:14:12.348996+00:00,,1,100000000,2355000,106176340,2432205,6176340,1389135,7471641,TRIGGER_MARKET
FINAL-A,E3_TP10_T15,fp1sig-fb376bb6f16ce92f309b9a5d,FxY9s97UjZqnscbqQsD61NfDxykYtoK5L2DWDE9xpump,PP-d6ccf74287d8764cd27d83e90f0a5b65,FILLED,FALLBACK,2026-08-27T12:50:09.143099+00:00,,771418,,2026-08-27T12:50:14.664685+00:00,,1,100000000,2355000,92297303,2258717,-7702697,-12316414,16516181,LAST_FRESH_MARKET
FINAL-A,E3_TP10_T15,fp1sig-fc29fe6ed52cc15afc078956,4e86ZfHKM4hLPGJ1BJVetf5aDm67KKHXzotXbr4Bpump,PP-691f974f958d1a1bff86bf2b720b95ba,UNRESOLVED,FALLBACK,2026-08-28T10:43:50.908696+00:00,,,,,REJECTED_SLIPPAGE,60,100000000,2355000,,,,,,LAST_FRESH_MARKET
FINAL-A,E3_TP10_T15,fp1sig-fc722cad5d2fc7d38901080c,82CFv3T6JB25xa5hp6dQdHgaSkMnSoDbt9QmnY2Vpump,PP-477aabb6cb88af2de7a682cf22c4233a,FILLED,TAKE_PROFIT,2026-08-28T11:41:56.244768+00:00,1149017,1149040,2026-08-28T11:41:56.244768+00:00,2026-08-28T11:41:59.705840+00:00,,1,100000000,2355000,161549317,3124367,61549317,56069950,7885950,TRIGGER_MARKET
FINAL-A,E3_TP10_T15,fp1sig-fcfd1659c185086db8e0bb80,2GCB9y3H2Hyny8Ej74Xn66YYjHPWc8kmMh6G4hfWpump,PP-c8e754d0f3bb0da6cff2d6593dde911d,FILLED,FALLBACK,2026-08-28T07:52:13.047445+00:00,,1077036,,2026-08-28T07:52:16.477376+00:00,,1,100000000,2355000,87842376,2203030,-12157624,-16715654,14476610,LAST_FRESH_MARKET
FINAL-A,E3_TP10_T15,fp1sig-fd328e02c82cc6bfcbe38f61,HSjmLQf6wkbcaJqx8JbEzjVPvonLgJUWHhTrNAyrpump,PP-b2b6889278693319ca4592be17b81504,FILLED,FALLBACK,2026-08-28T06:18:01.023062+00:00,,1035330,,2026-08-28T06:18:04.168639+00:00,,1,100000000,2355000,89987988,2229850,-10012012,-14596862,7192894,LAST_FRESH_MARKET
FINAL-A,E3_TP10_T15,fp1sig-fda268a0c9e8b71cc9d4fa5f,3b5XP821dW1X34G5UChGYcZe57TKy2Ray2KCkvXMpump,PP-cb50d8565a6efa5aa6e85cc84a147d78,FILLED,FALLBACK,2026-08-28T08:19:18.612302+00:00,,1087851,,2026-08-28T08:19:25.109934+00:00,,1,100000000,2355000,82053787,2130673,-17946213,-22431886,17615388,LAST_FRESH_MARKET
FINAL-A,E3_TP10_T15,fp1sig-fdab6b1ae0f1cbca8162d060,JB9pbBCPAcS5JAyFVrkmok3ZETiUZ3k5qrrqUKdhpump,PP-d960d9b04dbde470e65c7a7caa0219ee,FILLED,TAKE_PROFIT,2026-08-28T03:35:41.687269+00:00,980031,980045,2026-08-28T03:35:41.687269+00:00,2026-08-28T03:35:44.985147+00:00,,1,100000000,2355000,105227452,2420344,5227452,452108,6394062,TRIGGER_MARKET
FINAL-A,E3_TP10_T15,fp1sig-fdc377c2629ac895ccd684bb,AMfTPMS3hjNJGTXxk726np883wNtz5MH2V1m1rzQpump,PP-8252a3489b0236bdddcb59330b4120ee,FILLED,FALLBACK,2026-08-28T06:26:19.741236+00:00,,1038361,,2026-08-28T06:26:21.702257+00:00,,1,100000000,2355000,94292371,2283655,-5707629,-10346284,13489236,LAST_FRESH_MARKET
FINAL-A,E3_TP10_T15,fp1sig-fdc9e74be4653145123e5b31,MiQ1dR3L3aSGxRhFCqBuzp8ySioan3VdBrztAi4pump,PP-bfb51d6068d302736e5cdb581cb2347b,FILLED,TAKE_PROFIT,2026-08-28T09:38:05.655239+00:00,1109851,1109866,2026-08-28T09:38:05.655239+00:00,2026-08-28T09:38:06.156061+00:00,,1,100000000,2355000,97637303,2325467,-2362697,-7043164,3912071,TRIGGER_MARKET
FINAL-A,E3_TP10_T15,fp1sig-fe6a460bb2e6799d52494f3b,9k6xegkDJiMPsZHjvTjkQQ4JsePSc5DTru8WeWnwpump,PP-0fa95c953fff76ce7e163186462b18b7,FILLED,FALLBACK,2026-08-27T13:42:24.663451+00:00,,783859,,2026-08-27T13:42:31.094643+00:00,,1,100000000,2355000,74292241,2033654,-25707759,-30096413,11567609,RULE_REFERENCE_FALLBACK
FINAL-A,E3_TP10_T15,fp1sig-ff24488d4687a0d09eec86d9,D7quj7UTHuDbTePEuWbxVqzDgYwBy67dRnV3TGe9pump,PP-a7dd1494b2ce04dfa8f028f2c97a22ba,FILLED,FALLBACK,2026-08-28T07:28:28.349545+00:00,,1066891,,2026-08-28T07:29:00.036009+00:00,,1,100000000,2355000,97291099,2321139,-2708901,-7385040,43216284,LAST_FRESH_MARKET
FINAL-A,E3_TP10_T15,fp1sig-ff32084bf68f1575c1fd013e,9oPkEdUJMFfRhyhwvz4Az3vwUwtrd895EYkXDnTzpump,PP-56e118399784c88eacff16873973f096,FILLED,TAKE_PROFIT,2026-08-27T19:07:34.620364+00:00,839126,839149,2026-08-27T19:07:34.620364+00:00,2026-08-27T19:07:38.477560+00:00,,1,100000000,2355000,116014419,2555181,16014419,11104238,9871586,TRIGGER_MARKET
FINAL-A,E3_TP10_T15,fp1sig-ffaa98604cb68011a51ceb7a,4f5WLKMa8JyWM4nnWo8uDezDjCo6jsKntZje337xpump,PP-31a1d181aaf1402a27badbf1b511617e,FILLED,FALLBACK,2026-08-27T20:00:06.796000+00:00,,849017,,2026-08-27T20:00:13.283086+00:00,,1,100000000,2355000,91680605,2251008,-8319395,-12925403,15831629,LAST_FRESH_MARKET
FINAL-A,E3_TP10_T15,fp1sig-ffc84b64219582b39608cbcb,4bMZvdJyyMCENC34SwcuGypbTtVJVnwFiDoD8oYYpump,PP-43ce6c69767145a1a02733b6e058ff1f,FILLED,FALLBACK,2026-08-28T11:06:00.068964+00:00,,1135826,,2026-08-28T11:06:03.135352+00:00,,1,100000000,2355000,82151788,2131898,-17848212,-22335110,4371854,LAST_FRESH_MARKET
FINAL-B,E4_ACT10_GB03_T15,fp1sig-0030cb8737e0c4dd41a94e4d,Br53V3urMmBgis9PY63cHYUxxZkxoNsZ42YX9Jiupump,PP-b9a9240e18eba7491941e6f96e277f44,FILLED,FALLBACK,2026-08-28T09:08:50.832365+00:00,,1102621,,2026-08-28T09:08:55.079145+00:00,,1,100000000,2355000,104474497,2410932,4474497,-291435,8887360,LAST_FRESH_MARKET
FINAL-B,E4_ACT10_GB03_T15,fp1sig-00672ce49a1610e7ad6f5deb,2UdieZLivbCpPEuzyxEfxfj54bKmQmtFjRAsGyGNpump,PP-2477d873288e76d86c63f5fef77fb223,FILLED,FALLBACK,2026-08-27T22:03:44.401449+00:00,,878142,,2026-08-27T22:03:45.605188+00:00,,1,100000000,2355000,150227171,2982840,50227171,44889331,8402262,LAST_FRESH_MARKET
FINAL-B,E4_ACT10_GB03_T15,fp1sig-00a2bc3af1d2668a3c306d56,Cy6TskvYWb9Ds466KLWvkBvjzrp1CCq1i65dbVbvpump,PP-4fe780f59f46d4920ee8f4407d80e35f,FILLED,FALLBACK,2026-08-27T18:10:21.993577+00:00,,827036,,2026-08-27T18:10:23.822803+00:00,,1,100000000,2355000,89368638,2222108,-10631362,-15208470,12406199,LAST_FRESH_MARKET
FINAL-B,E4_ACT10_GB03_T15,fp1sig-012cc72536b483b6d97b53f3,DpoddfrJgKdfuPKok5rCk8JL4WPEupnDmvGPT5dypump,PP-b7b09f1b0dab842bfbfd74b2572c1cf6,FILLED,FALLBACK,2026-08-27T21:41:07.543837+00:00,,872323,,2026-08-27T21:41:15.338846+00:00,,1,100000000,2355000,97880023,2328501,-2119977,-6803478,18977545,LAST_FRESH_MARKET
FINAL-B,E4_ACT10_GB03_T15,fp1sig-0151484094ac20de7c738d86,3irT8xsAXD4Gdht17PNpQhB2Rx73XLU821xmZCaHpump,PP-4f736c75543b8c7ff35bbde09d446236,FILLED,FALLBACK,2026-08-27T13:42:44.989868+00:00,,783902,,2026-08-27T13:42:48.329736+00:00,,1,100000000,2355000,91973399,2254668,-8026601,-12636269,17299730,LAST_FRESH_MARKET
FINAL-B,E4_ACT10_GB03_T15,fp1sig-02266b9cc58403336994d625,25G7doSJ5NdvTxhsTtdU5f1tJvjd9JUX2CcL5KDRpump,PP-c54a7246730914d794089bfe654cd9fa,FILLED,FALLBACK,2026-08-28T08:12:05.017183+00:00,,1085169,,2026-08-28T08:12:21.978875+00:00,,1,100000000,2355000,83399552,2147495,-16600448,-21102943,28993765,LAST_FRESH_MARKET
FINAL-B,E4_ACT10_GB03_T15,fp1sig-0254618e6839387546a96d0f,5gyi18Mmzb4M3Eu3S8XZwRF6eefPo9kXWwsrvDa8pump,PP-367658e48c4b9cdc816b494756ba263d,FILLED,FALLBACK,2026-08-27T13:14:29.658904+00:00,,777301,,2026-08-27T13:15:32.301436+00:00,,1,100000000,2355000,102569197,2387115,2569197,-2172918,76955106,LAST_FRESH_MARKET
FINAL-B,E4_ACT10_GB03_T15,fp1sig-028be987991618188ebc36e3,3HttKepykr5MKAUc8fhj7MP2Zcgw3eyQuGwpUvD1pump,PP-50f887ddbcdc657c35247ac8a9faf217,FILLED,FALLBACK,2026-08-27T13:59:16.193029+00:00,,786625,,2026-08-27T13:59:20.170741+00:00,,1,100000000,2355000,86050966,2180638,-13949034,-18484672,15655974,RULE_REFERENCE_FALLBACK
FINAL-B,E4_ACT10_GB03_T15,fp1sig-037e02632b95bf3ff7057ab1,DP9CHFWfmAgFHdBqXtsiV5DDDT85gvLaqyTv4b1rbUfg,PP-59d6d551b68fcf681af116a620c67eb3,FILLED,FALLBACK,2026-08-28T09:12:35.942859+00:00,,1103612,,2026-08-28T09:12:40.982544+00:00,,1,100000000,2355000,121532950,2624162,21532950,16553788,18145231,LAST_FRESH_MARKET
FINAL-B,E4_ACT10_GB03_T15,fp1sig-03918a0cffe6d27a73a399ed,3AD1KN9cXtz7p6NdrbTYyTss4oLenBU9jCJMCE7hpump,PP-e65ec4cadbf91c19cacbc159698e9915,FILLED,FALLBACK,2026-08-27T17:15:04.911680+00:00,,816320,,2026-08-27T17:15:20.716607+00:00,,1,100000000,2355000,104891797,2416148,4891797,120649,26698753,RULE_REFERENCE_FALLBACK
FINAL-B,E4_ACT10_GB03_T15,fp1sig-039f4ec9b1765ce2fdac69c7,EP4pN6MFtvSSVZLL9rEHzjuYkNNfi2vQuXLu1hWpump,PP-ff11108d2cd545f66614ebdfa606adcc,UNRESOLVED,FALLBACK,2026-08-28T09:55:53.705416+00:00,,,,,REJECTED_SLIPPAGE,2,100000000,2355000,,,,,,RULE_REFERENCE_FALLBACK
FINAL-B,E4_ACT10_GB03_T15,fp1sig-03dbb3298b2046e0fd037ee8,Ef7BJnmmUTAv8qCSVeWvKq5TXnN1C3hvptuZfeWpump,PP-7dced281de6e93688fd769c6da6a0e9e,FILLED,FALLBACK,2026-08-27T19:19:09.678052+00:00,,841590,,2026-08-27T19:19:14.741964+00:00,,1,100000000,2355000,98142083,2331777,-1857917,-6544694,16326764,LAST_FRESH_MARKET
FINAL-B,E4_ACT10_GB03_T15,fp1sig-04b960fd00bee378edc6e3aa,Jc4wd3hpY3exkyyPbShoftN5y4kfuY6DqxfXBBapump,PP-af4357330e97fcbf675da2080f5a9441,FILLED,TRAIL,2026-08-27T23:38:02.422816+00:00,902706,902716,2026-08-27T23:38:02.422816+00:00,2026-08-27T23:38:05.694320+00:00,,1,100000000,2355000,137057640,2818221,37057640,31884419,10443354,TRIGGER_MARKET
FINAL-B,E4_ACT10_GB03_T15,fp1sig-04d7d70776be1358bc29967d,3ZHcZ9Um69JqJjsyvmpnpsmSapGsNWEN2dLHNHVQpump,PP-c1675eeb39c88c9ba730af550a47091c,FILLED,FALLBACK,2026-08-28T06:15:43.024867+00:00,,1034352,,2026-08-28T06:15:45.653149+00:00,REJECTED_THEN_FILLED,2,100000000,2355000,71865343,2003317,-28134657,-32492974,14690054,LAST_FRESH_MARKET
FINAL-B,E4_ACT10_GB03_T15,fp1sig-06231280358f7122ecc92e12,7aaoSjiugUe3bghn3oXik4ZUuShcNSJ4WDAghV4Vpump,PP-76c07642e7fb31b9ec7bc96f43b00940,FILLED,FALLBACK,2026-08-28T00:23:58.097398+00:00,,916788,,2026-08-28T00:24:07.925228+00:00,,1,100000000,2355000,97246630,2320583,-2753370,-7428953,17454130,RULE_REFERENCE_FALLBACK
FINAL-B,E4_ACT10_GB03_T15,fp1sig-06ba3ae3ac6b980ebc59f4df,3fjZBCA98PViKUpKbyHMyNy4DvSALtQZYUBXQrgCpump,PP-475afe6c29ebac26fecf9d17e132d1b6,FILLED,FALLBACK,2026-08-27T23:47:02.032840+00:00,,905757,,2026-08-27T23:47:03.653977+00:00,,1,100000000,2355000,109073664,2468421,9073664,4250243,13282226,LAST_FRESH_MARKET
FINAL-B,E4_ACT10_GB03_T15,fp1sig-07500ad77c893eff4d3a0ff1,DEfDDZ65eMCLWtp3UYj25eqqXAUZyDgqQg9uX5LCpump,PP-d66e043f443721f167183cd508acfc4f,FILLED,FALLBACK,2026-08-28T01:59:12.964125+00:00,,943389,,2026-08-28T01:59:13.998947+00:00,,1,100000000,2355000,110353467,2484419,10353467,5514048,12508672,LAST_FRESH_MARKET
FINAL-B,E4_ACT10_GB03_T15,fp1sig-0782639a70f32d66ffb90095,Dcgb9pUbXpB5oFFeHAUyTKJ18KEuWYf42brHyWvgpump,PP-8f438660aa6dea52871d74dabe4d30d6,FILLED,FALLBACK,2026-08-28T05:39:05.944330+00:00,,1021484,,2026-08-28T05:39:11.184684+00:00,,1,100000000,2355000,93775096,2277189,-6224904,-10857093,17042938,LAST_FRESH_MARKET
FINAL-B,E4_ACT10_GB03_T15,fp1sig-079caab6c783e4863c83e327,EjoDrZUYKAPHtTKp4zk6xSpfASud9URdFWSr8Jkpump,PP-dfaa5ce0144dbf4e7b2ef53707a4ff71,FILLED,FALLBACK,2026-08-28T11:33:51.488930+00:00,,1146091,,2026-08-28T11:33:53.551262+00:00,,1,100000000,2355000,54119044,1781489,-45880956,-50017445,12997438,LAST_FRESH_MARKET
FINAL-B,E4_ACT10_GB03_T15,fp1sig-07b051606af44970a1878017,8skFfrmeFXjTSqK5K3kBARW21qv8XCs5SuLybojhpump,PP-587f3795c703ac053487ff54fa606176,FILLED,FALLBACK,2026-08-27T14:31:38.308698+00:00,,791623,,2026-08-27T14:31:50.804550+00:00,,1,100000000,2355000,100367364,2359593,367364,-4347229,21326194,RULE_REFERENCE_FALLBACK
FINAL-B,E4_ACT10_GB03_T15,fp1sig-08986970cc182e3bf94a01a7,8egFRKX2FkaCGQsypX8Wp8YMZ727LhD1iN1VxyyVpump,PP-7552c3c3a5dc11477040610a8e603b70,FILLED,TRAIL,2026-08-28T03:09:23.228050+00:00,969953,969972,2026-08-28T03:09:23.228050+00:00,2026-08-28T03:09:26.722605+00:00,,1,100000000,2355000,98751714,2339397,-1248286,-5942683,3562555,TRIGGER_MARKET
FINAL-B,E4_ACT10_GB03_T15,fp1sig-09a3336879df3e871fc206b9,BtmuTHEkEz1JKTtTLAT7sD9iQ7seLiGyi53Q71Aapump,PP-4aae67b1746225a047764d7828e2dc67,UNRESOLVED,FALLBACK,2026-08-28T07:15:52.775494+00:00,,,,,REJECTED_SLIPPAGE,35,100000000,2355000,,,,,,LAST_FRESH_MARKET
FINAL-B,E4_ACT10_GB03_T15,fp1sig-09c49428b0ba27fc229dd6a5,FWe3E3TNq1nBquUtijursGsyoBBeGQWG3dkiXS23pump,PP-f2464aa042afbb11a35e81c6b580fc18,FILLED,FALLBACK,2026-08-28T07:22:32.813640+00:00,,1064177,,2026-08-28T07:22:36.793185+00:00,,1,100000000,2355000,64361445,1909519,-35638555,-39903074,15461003,LAST_FRESH_MARKET
FINAL-B,E4_ACT10_GB03_T15,fp1sig-09d8da9528bfd6b44bd67ef2,cAJyZLNWgWtjSoMD56uUyayokUt3kduMzhQGsGvWs4F,PP-43b67c5207794e97517cfb71c2af53df,FILLED,FALLBACK,2026-08-28T02:49:11.746031+00:00,,961332,,2026-08-28T02:49:14.995650+00:00,,1,100000000,2355000,88480794,2211010,-11519206,-16085216,14080680,LAST_FRESH_MARKET
FINAL-B,E4_ACT10_GB03_T15,fp1sig-0a0ccce9a93865fcf66a0666,2GJeproPabfJwAkqQSxW821pGS3u9haeYB69TFjDpump,PP-0e21c6dcb85e14f3a8d1117acd5732ed,FILLED,FALLBACK,2026-08-28T05:39:12.470694+00:00,,1021550,,2026-08-28T05:39:17.313322+00:00,,1,100000000,2355000,103085623,2393571,3085623,-1662948,16974493,LAST_FRESH_MARKET
FINAL-B,E4_ACT10_GB03_T15,fp1sig-0a3f8a5e539b0ed65c978bec,5BoetSFL5uAMA7He9k2L818T16BVnSY6eSR8984Qpump,PP-db9be3e87154ed815ae5e2ef1c75924d,FILLED,FALLBACK,2026-08-28T02:26:26.655354+00:00,,952391,,2026-08-28T02:26:27.920160+00:00,,1,100000000,2355000,104860236,2415753,4860236,89483,10102419,RULE_REFERENCE_FALLBACK
FINAL-B,E4_ACT10_GB03_T15,fp1sig-0a8bd43ff970eaf89ea63e2e,iUSHcbsEReyVkFSTmMDVVSCMDKnruaWGkFzhdnapump,PP-62c6f0849b2d8534cb8d7253fd7facb8,UNRESOLVED,FALLBACK,2026-08-28T03:30:12.528593+00:00,,,,,NO_CAUSAL_FILL,0,100000000,2355000,,,,,,RULE_REFERENCE_FALLBACK
FINAL-B,E4_ACT10_GB03_T15,fp1sig-0ad0128b7df1f1f92d2972d6,2JVEmhvMfiqpr3947GsoA55BqM2tFQgSaidS1iEdpump,PP-96b48734e7a4e102f279cff0a26126b3,FILLED,FALLBACK,2026-08-27T23:40:36.799075+00:00,,903377,,2026-08-27T23:40:59.971742+00:00,,1,100000000,2355000,100270193,2358378,270193,-4443185,30083731,RULE_REFERENCE_FALLBACK
FINAL-B,E4_ACT10_GB03_T15,fp1sig-0af5a715e56bb69e76cb7a04,2TdHmHBoUVwAeUygtiiCgjizdDUaAuC1e4BMK9dapump,PP-090e9224bcd70d5f44c68ac4b29c6db4,FILLED,FALLBACK,2026-08-28T02:38:40.688950+00:00,,956679,,2026-08-28T02:38:49.665731+00:00,,1,100000000,2355000,92050031,2255626,-7949969,-12560595,20489423,LAST_FRESH_MARKET
FINAL-B,E4_ACT10_GB03_T15,fp1sig-0b6723c8737f620906ef4b55,9QXWmmEsPvmTBZCSi9kxYrRqqbgbuhXpKR3XbTyVpump,PP-2f308c6eecb05e4ef14e0738d3c40d14,FILLED,FALLBACK,2026-08-27T19:53:44.423649+00:00,,847706,,2026-08-27T19:53:50.986353+00:00,,1,100000000,2355000,98034161,2330428,-1965839,-6651267,12056862,LAST_FRESH_MARKET
FINAL-B,E4_ACT10_GB03_T15,fp1sig-0ba5b230341673a525e16c15,3xhxtZaddzyzYQwaiemb53S51o49agPd7z84f5zapump,PP-44eff3551f80e68d642dc9affbe651ef,FILLED,FALLBACK,2026-08-28T10:54:59.139098+00:00,,1133783,,2026-08-28T10:55:02.679357+00:00,,1,100000000,2355000,64431037,1910388,-35568963,-39834351,15075700,LAST_FRESH_MARKET
FINAL-B,E4_ACT10_GB03_T15,fp1sig-0bf2f9de5395b763a6a607b9,HrPitt5yK5KrTdJLEuE3BnTEmvSaCRmZzrQXd2gDpump,PP-bfc0d8b0f123337dfc7e9810c4eead0f,FILLED,FALLBACK,2026-08-28T02:59:54.435697+00:00,,966357,,2026-08-28T03:00:07.667503+00:00,,1,100000000,2355000,95457059,2298214,-4542941,-9196155,22596667,LAST_FRESH_MARKET
FINAL-B,E4_ACT10_GB03_T15,fp1sig-0bf9d366b7484f28fab545fa,Bp6DrftWRYM4Lnqkks1r6mx6Sr72ZKDHqH4uGnQ6pump,PP-9cb31d51317c090d3548aefabecf10a7,FILLED,FALLBACK,2026-08-27T14:58:59.497780+00:00,,797104,,2026-08-27T14:59:02.963724+00:00,,1,100000000,2355000,94348814,2284361,-5651186,-10290547,15002300,LAST_FRESH_MARKET
FINAL-B,E4_ACT10_GB03_T15,fp1sig-0c0a7a32bbe74a2f8fae46f0,Bs4omLPnNw1YjjTBE9wwfWrBBmpCdGoLyQVsdi9fpump,PP-36fbeec20acfd1b020ba5000115c8412,FILLED,FALLBACK,2026-08-28T02:58:26.812230+00:00,,965865,,2026-08-28T02:58:38.840349+00:00,,1,100000000,2355000,97971011,2329638,-2028989,-6713627,23834934,LAST_FRESH_MARKET
FINAL-B,E4_ACT10_GB03_T15,fp1sig-0c19fbc5c56436db6cd63d2a,CJv4RYsKqsnEoZ8QPDSuWr2UtSZU4gwduu2tCRfEpump,PP-36cd1d17494badf50a78ec46d9a43080,FILLED,FALLBACK,2026-08-28T12:15:36.001900+00:00,,1158305,,2026-08-28T12:15:43.986666+00:00,,1,100000000,2355000,72139124,2006740,-27860876,-32222616,17922710,LAST_FRESH_MARKET
FINAL-B,E4_ACT10_GB03_T15,fp1sig-0c5cb6e1df929338a6674ebf,CX8YYFvQVYHUMahVUkiafd8NgEaTVMhdad6bBqkGpump,PP-6bfd0b40e91360ddd337128aac29eaa4,FILLED,TRAIL,2026-08-28T02:04:47.158956+00:00,945304,945350,2026-08-28T02:04:47.158956+00:00,2026-08-28T02:04:57.247964+00:00,REJECTED_THEN_FILLED,3,100000000,2355000,104995484,2417444,4995484,223040,19464047,TRIGGER_MARKET
FINAL-B,E4_ACT10_GB03_T15,fp1sig-0ca9066e8f459d81c7376fa0,FxCC5VrrSQdxHwYBePwzACMgPkuohKWuZLXJsYQMpump,PP-1380285f7fb4856ffec97cea051bac12,FILLED,TRAIL,2026-08-28T02:45:58.806593+00:00,959865,959896,2026-08-28T02:45:58.806593+00:00,2026-08-28T02:46:02.298775+00:00,,1,100000000,2355000,102286289,2383579,2286289,-2452290,7186147,TRIGGER_MARKET
FINAL-B,E4_ACT10_GB03_T15,fp1sig-0d205147fffdab7dd24667c3,EDEQBFWPQgNMgAZ7Eir6uWkCi7iu3nVrwWTxeC84pump,PP-7f9be4d823bcb5792cc53aaec0d3d6d5,UNRESOLVED,FALLBACK,2026-08-28T06:11:09.223547+00:00,,,,,REJECTED_SLIPPAGE,24,100000000,2355000,,,,,,RULE_REFERENCE_FALLBACK
FINAL-B,E4_ACT10_GB03_T15,fp1sig-0d88aeffc1a2d86d1692f246,4K2ZSaLiCR1cQLGYmSTPxZgQRvAHKY97cEKzpz4wpump,PP-5de91be2d70a44562ba184378d228814,FILLED,FALLBACK,2026-08-27T14:51:06.922525+00:00,,796086,,2026-08-27T14:51:08.100453+00:00,,1,100000000,2355000,103380372,2397255,3380372,-1371883,12799930,LAST_FRESH_MARKET
FINAL-B,E4_ACT10_GB03_T15,fp1sig-0e9b70c12a59a027ea38c5c1,BCpTBDUknNmPUqaM9Xw6BN8kAYt4iRCkQXsAtY9spump,PP-a04fce4e38724d70dc71d6f57b6c3576,FILLED,FALLBACK,2026-08-28T07:21:28.815370+00:00,,1063608,,2026-08-28T07:21:31.947429+00:00,,1,100000000,2355000,22686055,1388576,-77313945,-81057521,14854246,LAST_FRESH_MARKET
FINAL-B,E4_ACT10_GB03_T15,fp1sig-0ec4632f68f5351345e8ee3c,GyaUPR7LnBHW4gyiSUeXQ6bQatgbzfDwzaJHgHuHpump,PP-fbfea6603a794755e744e8a230e56b0a,FILLED,FALLBACK,2026-08-28T06:12:18.515837+00:00,,1033338,,2026-08-28T06:12:37.939897+00:00,REJECTED_THEN_FILLED,4,100000000,2355000,131612843,2750161,31612843,26507682,22366902,RULE_REFERENCE_FALLBACK
FINAL-B,E4_ACT10_GB03_T15,fp1sig-0f5197415889629e629c1818,JAdPmaqX7YhVFNd6aQjmFdTqd8i1vG4gRbMw6Whppump,PP-0ff18d528b7be3a4109cb0883a084210,FILLED,FALLBACK,2026-08-28T00:41:00.546892+00:00,,921311,,2026-08-28T00:41:24.059295+00:00,REJECTED_THEN_FILLED,2,100000000,2355000,143856471,2903206,43856471,38598265,23938993,RULE_REFERENCE_FALLBACK
FINAL-B,E4_ACT10_GB03_T15,fp1sig-0f684f761758b78e7285c50d,E4RyXXXjAhvef4BTSryV2hWwnNmZP9j8nnPnVDndpump,PP-bfed2b9cb9b1af1bbce8713c119516fa,FILLED,FALLBACK,2026-08-28T06:18:26.964132+00:00,,1035542,,2026-08-28T06:18:44.392561+00:00,,1,100000000,2355000,99329176,2346615,-670824,-5372439,29357603,RULE_REFERENCE_FALLBACK
FINAL-B,E4_ACT10_GB03_T15,fp1sig-103e58578fa44f0c56042eb2,2n9EaxioH5c3dmnv3u9uPUbx7MoqQ5PiHEETeqN2pump,PP-06f29e33e22f91a28cb6c929cfb695b2,FILLED,FALLBACK,2026-08-27T19:31:52.463518+00:00,,843952,,2026-08-27T19:32:28.988114+00:00,,1,100000000,2355000,101401163,2372515,1401163,-3326352,48595792,LAST_FRESH_MARKET
FINAL-B,E4_ACT10_GB03_T15,fp1sig-104d433d257a7da12b667ab2,AqArcXWUf45fzDXCQbW4gjetuJ6Qk4AssFr4peNdpump,PP-29f2890ee4acf3aded7dd2eb5451986a,FILLED,TRAIL,2026-08-28T10:25:41.569030+00:00,1123612,1123633,2026-08-28T10:25:41.569030+00:00,2026-08-28T10:25:45.746194+00:00,,1,100000000,2355000,106990698,2442384,6990698,2193314,11785791,TRIGGER_MARKET
FINAL-B,E4_ACT10_GB03_T15,fp1sig-10ad1c249d01bb0fbba55b63,FjsEhFzquBBZj6yPo9Jba7Wt42GgQvhdWbnGNiFdpump,PP-e93339f1517d64f65ae4436797dfd708,FILLED,FALLBACK,2026-08-27T12:38:39.558531+00:00,,769059,,2026-08-27T12:38:55.356170+00:00,,1,100000000,2355000,87612053,2200151,-12387947,-16943098,29954456,LAST_FRESH_MARKET
FINAL-B,E4_ACT10_GB03_T15,fp1sig-10c49b05a8fd88a87bd1e4af,CPGUme99rPPQLjh4nspLMV5JTWAHRh8JnRdPwPwgpump,PP-6078ab7847787b3273149257589026f9,FILLED,FALLBACK,2026-08-28T08:43:55.294434+00:00,,1096308,,2026-08-28T08:43:56.302643+00:00,,1,100000000,2355000,51691994,1751150,-48308006,-52414156,11452072,LAST_FRESH_MARKET
FINAL-B,E4_ACT10_GB03_T15,fp1sig-10d389237e9f89f9c0df2e1d,3iZJthpH2FrEtjGj5WXiZcK2pfub2xoXiqGMytHmpump,PP-89341c3549d5c323771617f369c7dc16,FILLED,FALLBACK,2026-08-28T02:33:41.157959+00:00,,954962,,2026-08-28T02:33:43.694023+00:00,,1,100000000,2355000,136930907,2816637,36930907,31759270,14092431,LAST_FRESH_MARKET
FINAL-B,E4_ACT10_GB03_T15,fp1sig-11157ff67a083d1202e25b54,5Yy8YNgg28pZpZJ3fp6XaLRRf8jTFjUcpH21f4gbpump,PP-7b4416d5bc31cfe471cfe9373a5ea822,FILLED,FALLBACK,2026-08-28T00:18:57.168691+00:00,,915187,,2026-08-28T00:19:00.301145+00:00,,1,100000000,2355000,99441563,2348020,-558437,-5261457,14896341,LAST_FRESH_MARKET
FINAL-B,E4_ACT10_GB03_T15,fp1sig-11e3bca73319b14cabaf1db0,54QKTHWqwdWT4cp7SLp7mp1YgAq9w8xuqHm72n32pump,PP-dbe99fba851ede3c611b8e052bb8af18,FILLED,FALLBACK,2026-08-28T03:27:17.884159+00:00,,977093,,2026-08-28T03:27:21.013685+00:00,,1,100000000,2355000,105345483,2421819,5345483,568664,9603411,RULE_REFERENCE_FALLBACK
FINAL-B,E4_ACT10_GB03_T15,fp1sig-1293c04bc6e93667b78e1d5d,2bKDS7dnNzfne5ZBTXnFxeyKGQeJVrP4FEQvhL9upump,PP-63bca2c4194392bca6ecf00d6fc081d8,UNRESOLVED,FALLBACK,2026-08-28T09:57:37.601186+00:00,,,,,REJECTED_SLIPPAGE,1,100000000,2355000,,,,,,LAST_FRESH_MARKET
FINAL-B,E4_ACT10_GB03_T15,fp1sig-12afac3c2cf426d4e6721513,6K8jewYKyu5ZHr2XH1jLbKSzJCZmJsbR2QvYJyoHpump,PP-b45d7e3cd983dfe1627c73dddb46795a,FILLED,FALLBACK,2026-08-28T05:55:54.881064+00:00,,1028054,,2026-08-28T05:56:02.006432+00:00,,1,100000000,2355000,106574062,2437176,6574062,1781886,14541063,LAST_FRESH_MARKET
FINAL-B,E4_ACT10_GB03_T15,fp1sig-12b429b45aba57ee33ec908b,5V4ioLfiLyN16qasY3oy6w3mE6CF73CCao23RPE1pump,PP-c0d9b95e19508668a16e154d3fdb3771,UNRESOLVED,FALLBACK,2026-08-27T23:32:08.751377+00:00,,,,,NO_CAUSAL_FILL,0,100000000,2355000,,,,,,RULE_REFERENCE_FALLBACK
FINAL-B,E4_ACT10_GB03_T15,fp1sig-12c10dfcccba6cddd88eb74b,GGkkzsXAPNsMXfjWmK6JZ19rABbCeMngwe4f25ccpump,PP-3e804813b17dd89be83203b1a51d8734,FILLED,FALLBACK,2026-08-27T21:02:13.051445+00:00,,861723,,2026-08-27T21:02:16.763651+00:00,,1,100000000,2355000,133896866,2778711,33896866,28763155,8477262,RULE_REFERENCE_FALLBACK
FINAL-B,E4_ACT10_GB03_T15,fp1sig-13033729e55990510118e4ae,6uMtr6EyLur4wqJVxPbBu3iNV1owjBBYmbHh3mpjpump,PP-a7df2d697e0cadebfaffc08aedead1f1,FILLED,FALLBACK,2026-08-28T05:56:41.146061+00:00,,1028245,,2026-08-28T05:56:42.666640+00:00,,1,100000000,2355000,104312078,2408901,4312078,-451823,13691943,RULE_REFERENCE_FALLBACK
FINAL-B,E4_ACT10_GB03_T15,fp1sig-13f856c468707e027e0d36ce,3gwWhRK2xr1whiE5vsnUg75AURpuRpFH56wEbe8Qpump,PP-9d382e6d81b538358116e51b2231d6d6,FILLED,FALLBACK,2026-08-28T09:59:39.633446+00:00,,1114694,,2026-08-28T09:59:42.154220+00:00,,1,100000000,2355000,97431627,2322896,-2568373,-7246269,12035878,LAST_FRESH_MARKET
FINAL-B,E4_ACT10_GB03_T15,fp1sig-144d832f6ff536820a7dead9,DDkrjDPppmHzy2R5fq1dKS41yyq6xRiE9vxExzbmpump,PP-ebf6291f1ddda48431a25a9439f7cf39,FILLED,FALLBACK,2026-08-28T03:57:13.172073+00:00,,987001,,2026-08-28T03:58:08.329712+00:00,REJECTED_THEN_FILLED,3,100000000,2355000,112280259,2508504,12280259,7416755,59334565,RULE_REFERENCE_FALLBACK
FINAL-B,E4_ACT10_GB03_T15,fp1sig-14a66f2d11a00a23df4bdf85,7Zx8aciz3ttZPMDHoxDsYjpCQfxtjbxeBnR7gTbBpump,PP-c7d0c8d060e693f295a7f747c001f4ec,FILLED,FALLBACK,2026-08-28T05:56:35.283315+00:00,,1028246,,2026-08-28T05:56:42.672640+00:00,,1,100000000,2355000,98468173,2335853,-1531827,-6222680,19023893,RULE_REFERENCE_FALLBACK
FINAL-B,E4_ACT10_GB03_T15,fp1sig-14ac269f82c73521eb3f91e1,2X2e7U6qmLCBFx1bJBb3kvCB2hbkLhtw5QVdmoKRpump,PP-f162fe321a58cf1ac0081bc2a9881499,FILLED,FALLBACK,2026-08-28T09:10:40.489509+00:00,,1103157,,2026-08-28T09:11:05.161844+00:00,,1,100000000,2355000,98045914,2330574,-1954086,-6639660,34516776,LAST_FRESH_MARKET
FINAL-B,E4_ACT10_GB03_T15,fp1sig-14c2625dd9319f0aab810322,4C6RhYo26uNCcJcYEdrd9cM9pqg7zwFqUUqCuELTpump,PP-e010fa5127d9b30d8b4bfb66999c8108,FILLED,FALLBACK,2026-08-28T01:49:35.733880+00:00,,942101,,2026-08-28T01:55:30.036943+00:00,REJECTED_THEN_FILLED,91,100000000,2355000,94060521,2280757,-5939479,-10575236,365766403,LAST_FRESH_MARKET
FINAL-B,E4_ACT10_GB03_T15,fp1sig-14cdef07cf31dffc59dcc5da,FM9ZpRrcvgeaP2KaF5UqgNedw2WCVNKyn92S1J4pump,PP-0cdf67c64f81cc72d783f68a26499af8,FILLED,FALLBACK,2026-08-28T02:22:55.283965+00:00,,951371,,2026-08-28T02:22:56.027226+00:00,,1,100000000,2355000,100179406,2357243,179406,-4532837,11712185,LAST_FRESH_MARKET
FINAL-B,E4_ACT10_GB03_T15,fp1sig-152e1472db90ad503a6a3fd5,96k9E1MbAsnYCmVtwRwHmxd1qx5pUvXyh2wzwHEkpump,PP-ca4806583376a5231d7b7064974e8543,FILLED,FALLBACK,2026-08-28T01:06:42.388262+00:00,,926352,,2026-08-28T01:06:50.770914+00:00,,1,100000000,2355000,91928950,2254112,-8071050,-12680162,19167742,LAST_FRESH_MARKET
FINAL-B,E4_ACT10_GB03_T15,fp1sig-154376ea56593414e88e01ff,D5AgGKyesUN6UNH7LYvvvWZ7mEL9Johbk4qtg2TDpump,PP-8b96ab560628f612fb0e80ffacf46008,FILLED,FALLBACK,2026-08-27T16:44:15.218436+00:00,,812004,,2026-08-27T16:44:20.066612+00:00,,1,100000000,2355000,97702144,2326277,-2297856,-6979133,15956224,LAST_FRESH_MARKET
FINAL-B,E4_ACT10_GB03_T15,fp1sig-15fb410e973d97deeb47f941,Fd1jB4ke8ge7bpHkQxGTF3wUkD5kbpw8HX6RUDVzHV9d,PP-15c3d635fef6500220d3e761d358b1a0,FILLED,FALLBACK,2026-08-27T14:11:25.186212+00:00,,788809,,2026-08-27T14:11:25.907007+00:00,,1,100000000,2355000,98852796,2340660,-1147204,-5842864,4990294,RULE_REFERENCE_FALLBACK
FINAL-B,E4_ACT10_GB03_T15,fp1sig-1604b4ad4d26773d259ab43e,53kHqyAjysPccAZ8afAQg9gnhA7kXjBhD7nURjmvpump,PP-b83a259b4be9a66b8c1ed9e9ee9a2a6f,FILLED,FALLBACK,2026-08-28T04:57:01.461717+00:00,,1007029,,2026-08-28T04:57:09.462471+00:00,,1,100000000,2355000,88346194,2209328,-11653806,-16218134,15707924,LAST_FRESH_MARKET
FINAL-B,E4_ACT10_GB03_T15,fp1sig-168405b6866ca15d6575432d,Apd2NXobph9pcSN8fcEGVvMT7manX1sNEZcnjb2Epump,PP-e44c362cf0d32a8ebb99747d808a8ee0,FILLED,FALLBACK,2026-08-28T02:29:13.350380+00:00,,953196,,2026-08-28T02:29:16.510434+00:00,,1,100000000,2355000,132090545,2756132,32090545,26979413,14131731,LAST_FRESH_MARKET
FINAL-B,E4_ACT10_GB03_T15,fp1sig-192a075f6f9a233c74ca3b54,3bsPszFfCDvFphLRDV656eRmsoWjoDybQPaPWJDzpump,PP-c20472d9bcf6d84525de0ba872380be6,FILLED,FALLBACK,2026-08-28T10:01:00.658596+00:00,,1115593,,2026-08-28T10:03:45.214432+00:00,REJECTED_THEN_FILLED,7,100000000,2355000,133499547,2773745,33499547,28370802,170004170,RULE_REFERENCE_FALLBACK
FINAL-B,E4_ACT10_GB03_T15,fp1sig-1931b8d6e587e6b5f9c28d3a,6jcTAR486G3HNGhYt1xbk3thUeyQbfCN1ZXtb9XZpump,PP-383727e3dcef4aed03a76dc0439aabc9,FILLED,FALLBACK,2026-08-27T14:08:22.473870+00:00,,788323,,2026-08-27T14:08:28.816289+00:00,,1,100000000,2355000,98160801,2332011,-1839199,-6526210,18474798,RULE_REFERENCE_FALLBACK
FINAL-B,E4_ACT10_GB03_T15,fp1sig-1a859f3b215e81af3fdd363f,Gf8hWxXUxNByJFzvoZuAaqHs4DoY4YZFqgtuEKyYMW3V,PP-cf70364c708bc0a8d1ea7f58a3afe9ba,FILLED,FALLBACK,2026-08-28T06:04:15.816355+00:00,,1030360,,2026-08-28T06:04:46.420138+00:00,,1,100000000,2355000,98010005,2330126,-1989995,-6675121,42424777,LAST_FRESH_MARKET
FINAL-B,E4_ACT10_GB03_T15,fp1sig-1ae1a413565d8ae3eef8b79b,4DTkNVQqmELrq9fWEWhEULRGfJvNX2YENzrWod8Epump,PP-007b2dcfd85231e8e3ca72052f5cb48e,FILLED,FALLBACK,2026-08-28T11:29:13.703182+00:00,,1144423,,2026-08-28T11:29:17.764210+00:00,,1,100000000,2355000,113231729,2520397,13231729,8356332,10216965,LAST_FRESH_MARKET
FINAL-B,E4_ACT10_GB03_T15,fp1sig-1aff857d65cd5cbebfdc4aba,25G6DrtUMQoDqJwfTSSYHosLCMCwc1YuNRbdtio2pump,PP-d4996ed2e89ffb4f682de7fe6d3d2ee1,FILLED,FALLBACK,2026-08-28T07:46:19.138232+00:00,,1074690,,2026-08-28T07:46:21.727841+00:00,,1,100000000,2355000,65680025,1926001,-34319975,-38600976,13871634,LAST_FRESH_MARKET
FINAL-B,E4_ACT10_GB03_T15,fp1sig-1b2bbf5c5d030e0eebe4076e,BuXixHoVD5en8ySNPwHViV9ZJzjF4D89hvD5kiqJpump,PP-4f8cdc6c640242c191a6a70a4ed18580,FILLED,FALLBACK,2026-08-28T10:42:34.929331+00:00,,1129012,,2026-08-28T10:42:40.796278+00:00,,1,100000000,2355000,104591629,2412396,4591629,-175767,17058421,LAST_FRESH_MARKET
FINAL-B,E4_ACT10_GB03_T15,fp1sig-1b38487e0a75f26cab1ea35e,2oF6YWWPYfeCushRySM6tasKMSLvsdXTG7twjhydpump,PP-08fffbd18dd7e590a2cb0ca85aa6a09c,FILLED,FALLBACK,2026-08-27T21:46:44.089825+00:00,,873898,,2026-08-27T21:46:49.329557+00:00,,1,100000000,2355000,91769232,2252116,-8230768,-12837884,17674494,LAST_FRESH_MARKET
FINAL-B,E4_ACT10_GB03_T15,fp1sig-1b7cccd007e9b1a9378ec092,35UFhucyMmEqKvR6ZC49BDAmWfb9e6VKtjKcX6Nzpump,PP-429060641c4422c8072db521aae86b81,FILLED,FALLBACK,2026-08-27T16:49:06.922995+00:00,,812734,,2026-08-27T16:49:33.984387+00:00,,1,100000000,2355000,98960364,2342005,-1039636,-5736641,38810312,RULE_REFERENCE_FALLBACK
FINAL-B,E4_ACT10_GB03_T15,fp1sig-1c15fdb8cf6056b57a3876b2,3Yb7NkZLqB1jL59rKnjYiT9R4fAsTt71hK3yGgKRpump,PP-25b1f2dab0ae79e62b6a7d4ebe579b9e,FILLED,FALLBACK,2026-08-28T07:10:34.313171+00:00,,1059186,,2026-08-28T07:11:57.390561+00:00,REJECTED_THEN_FILLED,22,100000000,2355000,51838459,1752981,-48161541,-52269522,90981843,LAST_FRESH_MARKET
FINAL-B,E4_ACT10_GB03_T15,fp1sig-1d04b046e9e6659635467907,FZeY2Pex59ZMvh9RZW9F71eM1CyezFnAAjHRuEwCpump,PP-b59a725f8ffb8936d193012b7bb04454,FILLED,FALLBACK,2026-08-27T22:11:08.170006+00:00,,880336,,2026-08-27T22:11:21.691033+00:00,,1,100000000,2355000,121243105,2620539,21243105,16267566,24948471,LAST_FRESH_MARKET
FINAL-B,E4_ACT10_GB03_T15,fp1sig-1dda40e9c02a5780c789d3f5,DV3yYBrgjh4HjnSuirvWh1ismwvWhfVm4Cs9tY4Zpump,PP-137fe8fd64f401b37b2626e73e2fe6f2,FILLED,FALLBACK,2026-08-28T08:48:39.207339+00:00,,1097308,,2026-08-28T08:48:46.646479+00:00,,1,100000000,2355000,99370454,2347131,-629546,-5331677,13823122,LAST_FRESH_MARKET
FINAL-B,E4_ACT10_GB03_T15,fp1sig-1ee9cf7257d1e2467530257b,3zL5SnJyYYCpCxf8VCXRZy9GADEVKxoxpGv16Rfbpump,PP-4c37a42766dfbd862868271b7c46e2ea,FILLED,FALLBACK,2026-08-27T18:17:30.148365+00:00,,829090,,2026-08-27T18:17:35.848020+00:00,,1,100000000,2355000,98602308,2337529,-1397692,-6090221,16735600,LAST_FRESH_MARKET
FINAL-B,E4_ACT10_GB03_T15,fp1sig-1f0068a9f04fd06f9b213e0f,HyTd4ACuHBajMCEKcCZgeYz9gZcCc7pye1qb48WFpump,PP-bca875b0ac921377d2fd420314f6219b,FILLED,FALLBACK,2026-08-28T11:58:25.445523+00:00,,1154043,,2026-08-28T11:58:30.504964+00:00,,1,100000000,2355000,94134485,2281682,-5865515,-10502197,15069944,LAST_FRESH_MARKET
FINAL-B,E4_ACT10_GB03_T15,fp1sig-1fdc9d25b25a26f73c837051,5e73homhW2cByvFkEggroa7rG8yUCkCySfPFYf3Cpump,PP-3c8370807de7f8c79cef86ce3a75bd6b,FILLED,FALLBACK,2026-08-28T01:42:58.161749+00:00,,938019,,2026-08-28T01:42:59.504034+00:00,,1,100000000,2355000,100936759,2366710,936759,-3784951,13189625,LAST_FRESH_MARKET
FINAL-B,E4_ACT10_GB03_T15,fp1sig-207018d662ad181e9caa60c3,Dx8GHdKinjMzfVJVw1w7JT2kBHZXCkk9cudto5topump,PP-e625c8acb0ba1ab8fc8d818fe6619ad2,FILLED,FALLBACK,2026-08-28T11:31:32.920148+00:00,,1145263,,2026-08-28T11:31:39.169674+00:00,,1,100000000,2355000,93777707,2277222,-6222293,-10854515,16926956,LAST_FRESH_MARKET
FINAL-B,E4_ACT10_GB03_T15,fp1sig-207e967197a264943170dd62,F5rKte7ELibjAj1uwEzsqo42mz9SP5t35gPFpUh5pump,PP-579beed2606baf2851f304993a0ae791,FILLED,FALLBACK,2026-08-28T06:52:44.143062+00:00,,1050411,,2026-08-28T06:52:44.731315+00:00,,1,100000000,2355000,47793483,1702419,-52206517,-56263936,12323424,LAST_FRESH_MARKET
FINAL-B,E4_ACT10_GB03_T15,fp1sig-207f174b14e9c04c0b549618,8UNZqnvCUT8Yijz7i1xgjR1Sw9cA6yqyncZQ4nqfpump,PP-9bd43ede6acac8ccfb65ae28491a54c8,FILLED,FALLBACK,2026-08-28T02:39:58.666757+00:00,,957124,,2026-08-28T02:40:01.109607+00:00,,1,100000000,2355000,60456175,1860703,-39543825,-43759528,13584565,LAST_FRESH_MARKET
FINAL-B,E4_ACT10_GB03_T15,fp1sig-216f2bf236fd0d27ce8bc135,EbRPC7RaVV5gxExiLqAKFnro5Q4gVdyn3hRojcfHpump,PP-929090b162284e15b65bacab761b0cdb,FILLED,FALLBACK,2026-08-28T07:47:25.208328+00:00,,1075176,,2026-08-28T07:47:27.365994+00:00,,1,100000000,2355000,87178111,2194727,-12821889,-17371616,12811523,LAST_FRESH_MARKET
FINAL-B,E4_ACT10_GB03_T15,fp1sig-2175b776ab137be0189804a6,4SSouBg9STpesaxMGWVceCFy37DpkY4iZbdfyc82pump,PP-5e19ee889ddf4a21162942a3598d29ab,FILLED,FALLBACK,2026-08-28T11:11:35.468059+00:00,,1137781,,2026-08-28T11:11:37.786124+00:00,,1,100000000,2355000,146099678,2931246,46099678,40813432,12898220,LAST_FRESH_MARKET
FINAL-B,E4_ACT10_GB03_T15,fp1sig-217a57a9e6513402aceacfb7,8VvNAXMA4YKrXVny4jGzFmaKTqo7Zad3H1Yvrk9Bpump,PP-83a12a7d606f5380d710f49decb39136,FILLED,FALLBACK,2026-08-28T11:10:20.067552+00:00,,1137309,,2026-08-28T11:10:21.818157+00:00,,1,100000000,2355000,47329075,1696614,-52670925,-56722539,13285054,LAST_FRESH_MARKET
FINAL-B,E4_ACT10_GB03_T15,fp1sig-217a78ba0ab190d0c768a089,FjCAq2RFCA1gdegZJJZvbnLaB2CCwJyGiG23saQhpump,PP-fa0e89452f53d5c8b8abab31f91130dd,FILLED,FALLBACK,2026-08-27T12:33:31.432784+00:00,,767562,,2026-08-27T12:33:39.121460+00:00,REJECTED_THEN_FILLED,2,100000000,2355000,82441618,2135521,-17558382,-22048903,18046118,LAST_FRESH_MARKET
FINAL-B,E4_ACT10_GB03_T15,fp1sig-2198da2f0a0f10aaa65e5861,2FEbyuDUdnN7nd81bo5ewLQyEQS2n2XsDC62kfPxpump,PP-f31bd27aeac5d96dcb338c6a3b87e798,FILLED,TRAIL,2026-08-27T19:09:18.604032+00:00,839439,839441,2026-08-27T19:09:18.604032+00:00,2026-08-27T19:09:21.432386+00:00,,1,100000000,2355000,99460944,2348262,-539056,-5242318,6397547,TRIGGER_MARKET
FINAL-B,E4_ACT10_GB03_T15,fp1sig-21db7206bfed5ec1f876f504,89MY6gnjUsZqFjHNtRioJgCTEVVwje7nbQcbSyEhpump,PP-0a3de7f5099477dc1b004edb30de6998,FILLED,FALLBACK,2026-08-28T04:58:58.045366+00:00,,1007537,,2026-08-28T04:58:59.819230+00:00,REJECTED_THEN_FILLED,3,100000000,2355000,183415307,3397692,83415307,77662615,13400779,LAST_FRESH_MARKET
FINAL-B,E4_ACT10_GB03_T15,fp1sig-2242341e1a67e93521c8ed12,4WoG8Hb49BAVJmiyR86XuxBPd8GPRDhALMauvhpPpump,PP-d21a50f15cf949e2aa252180d053fe70,FILLED,TRAIL,2026-08-28T08:20:48.545781+00:00,1088506,1088531,2026-08-28T08:20:48.545781+00:00,2026-08-28T08:20:52.221040+00:00,,1,100000000,2355000,108792611,2464908,8792611,3972703,13504563,TRIGGER_MARKET
FINAL-B,E4_ACT10_GB03_T15,fp1sig-22558fbe81c091bd8febae2a,J4QY1MfubcEjKLzNiQf7tBumaLSVfW58P6HNMVuYpump,PP-8643ef770d29791c22974fd8fefe82f3,FILLED,FALLBACK,2026-08-27T21:51:13.848979+00:00,,875848,,2026-08-27T21:53:39.048095+00:00,REJECTED_THEN_FILLED,32,100000000,2355000,80555256,2111941,-19444744,-23911685,158840817,RULE_REFERENCE_FALLBACK
FINAL-B,E4_ACT10_GB03_T15,fp1sig-22a30259847642080321fe73,398MckGgmqQfUcTctz4jXeKAFwXfLGXfrPh45cbYpump,PP-be520db7e9e8110d26f093db82eec046,FILLED,TRAIL,2026-08-28T10:36:00.938977+00:00,1127057,1127075,2026-08-28T10:36:00.938977+00:00,2026-08-28T10:36:04.677917+00:00,,1,100000000,2355000,90465419,2235818,-9534581,-14125399,8633706,TRIGGER_MARKET
FINAL-B,E4_ACT10_GB03_T15,fp1sig-23af59b42090e1c5a53825fa,8bNQ9AhAPweSXA4ptXccHKyDPzkWCTK99kNGCgBypump,PP-930066db94b6ae20a379fdc66f29034a,FILLED,FALLBACK,2026-08-28T05:19:21.844300+00:00,,1016464,,2026-08-28T05:28:54.063717+00:00,,1,100000000,2355000,133506964,2773838,33506964,28378126,583470703,LAST_FRESH_MARKET
FINAL-B,E4_ACT10_GB03_T15,fp1sig-2494075720d297212bc025fe,F7eZkwaVwX9ASLB9VSpuAA7wy5QVLKYN9NMcUNtDpump,PP-255be4cbf05c9c9cadb88d89aa18e59b,FILLED,FALLBACK,2026-08-28T11:23:41.259472+00:00,,1142302,,2026-08-28T11:23:43.777866+00:00,,1,100000000,2355000,91069040,2243363,-8930960,-13529323,4287426,RULE_REFERENCE_FALLBACK
FINAL-B,E4_ACT10_GB03_T15,fp1sig-24c3b376d59b1fa980eb8e79,bmk6QbSz3kj6xhtLADbu2bpEuav87Nycohjbrkcpump,PP-786ad8acbf75dcf3524c259e77743123,FILLED,FALLBACK,2026-08-28T00:31:00.222314+00:00,,918387,,2026-08-28T00:31:01.985808+00:00,,1,100000000,2355000,98565448,2337069,-1434552,-6126621,13699221,LAST_FRESH_MARKET
FINAL-B,E4_ACT10_GB03_T15,fp1sig-25c9f436554d07f4a6ef0273,7r3uhZ5DaUNFLvUjW5QwfYmpYFRzAAmGnzUC9VzMpump,PP-107ea7ced4ecd5afa37c61a7cb0f2be7,FILLED,TRAIL,2026-08-28T06:13:02.723839+00:00,1033484,1033495,2026-08-28T06:13:02.723839+00:00,2026-08-28T06:13:06.273351+00:00,,1,100000000,2355000,137856172,2828203,37856172,32672969,10884563,TRIGGER_MARKET
FINAL-B,E4_ACT10_GB03_T15,fp1sig-2673666d3f9d52981856d7da,25FXW4168mmhdPP94xyeQ7NZYxbFT43BHbV2YFQJpump,PP-dc421b2873af95a6981d4329e4bd488a,FILLED,FALLBACK,2026-08-28T01:55:58.639021+00:00,,942252,,2026-08-28T01:56:03.019094+00:00,,1,100000000,2355000,99065821,2343323,-934179,-5632502,13485478,LAST_FRESH_MARKET
FINAL-B,E4_ACT10_GB03_T15,fp1sig-2696b9db8a8be69b262c41a5,5EApUjn3SnMzX3YZh7PXxYbFb7PUqvuMdZwzehbKpump,PP-914c414a3d63c635119886aa1fb6e3ae,FILLED,FALLBACK,2026-08-28T06:06:34.085410+00:00,,1031232,,2026-08-28T06:06:34.750714+00:00,,1,100000000,2355000,79007938,2092600,-20992062,-25439662,11641897,LAST_FRESH_MARKET
FINAL-B,E4_ACT10_GB03_T15,fp1sig-26ee4bfd5ffefa12e1366214,Tm9zG1uKhPBDJUYZTNSukdM4X78ZR1nLuTTCwz4pump,PP-fc854781b5d5d09a91dd7b86ba6aada1,FILLED,FALLBACK,2026-08-27T13:37:36.563728+00:00,,782641,,2026-08-27T13:37:37.680692+00:00,,1,100000000,2355000,108321211,2459016,8321211,3507195,12357156,LAST_FRESH_MARKET
FINAL-B,E4_ACT10_GB03_T15,fp1sig-270abfd6d053daa8886a1ff0,HVhKnCHb11C93eG3aUVzqGJBbJiUmjtYEVGAJ46spump,PP-f2dd95882162879658f9fb98d800449a,FILLED,FALLBACK,2026-08-28T01:50:35.224948+00:00,,940541,,2026-08-28T01:51:54.224115+00:00,REJECTED_THEN_FILLED,10,100000000,2355000,80289871,2108624,-19710129,-24173753,90015915,LAST_FRESH_MARKET
FINAL-B,E4_ACT10_GB03_T15,fp1sig-277fee1b90cc02be5854079f,CBZBdg5pCgpAEsLbUJRekQEFdzr2tF5EunVbUGCQpump,PP-69fe0f59b179c7213965e0e801653155,UNRESOLVED,FALLBACK,2026-08-28T07:58:12.981541+00:00,,,,,REJECTED_SLIPPAGE,627,100000000,2355000,,,,,,LAST_FRESH_MARKET
FINAL-B,E4_ACT10_GB03_T15,fp1sig-2782bb374e3a64b09d8e703e,GbxZSi3vRY5PTK8N4hzDmhtm1vM4bEaBV5kRvxLFpump,PP-82046971ca6d5f8c7ece3173658e4baa,FILLED,TRAIL,2026-08-27T17:37:09.208335+00:00,820581,820605,2026-08-27T17:37:09.208335+00:00,2026-08-27T17:37:13.333012+00:00,,1,100000000,2355000,93964934,2279562,-6035066,-10669628,12987074,TRIGGER_MARKET
FINAL-B,E4_ACT10_GB03_T15,fp1sig-29f847fb15d3671ec461378e,J7Z13EF3PYmMDxSFbYchxUoLtSLHwubEM3PRvjjepump,PP-ff413620a9c7c883c346005172a54af7,FILLED,FALLBACK,2026-08-28T04:43:10.160210+00:00,,1002149,,2026-08-28T04:43:12.654128+00:00,,1,100000000,2355000,48067216,1705841,-51932784,-55993625,13207636,LAST_FRESH_MARKET
FINAL-B,E4_ACT10_GB03_T15,fp1sig-2a060f4fe52c239ee52a2975,2jMXLqaZKronWNBzfgsCvWoWeFkh8oTmFi3xb2Zgpump,PP-0eb2dedf96069fffeff64b7dbecd3ed5,FILLED,FALLBACK,2026-08-28T06:20:15.912222+00:00,,1036265,,2026-08-28T06:20:24.710218+00:00,,1,100000000,2355000,80195820,2107448,-19804180,-24266628,18884718,LAST_FRESH_MARKET
FINAL-B,E4_ACT10_GB03_T15,fp1sig-2a41b953902cbcf1f3f86c26,BbDcCetDDKZZMub4epn3DMncz7AxWiWfAUtR2yiZpump,PP-9c11065b60dba4514de596abeb784efb,FILLED,FALLBACK,2026-08-27T18:44:42.980041+00:00,,834459,,2026-08-27T18:45:31.961263+00:00,,1,100000000,2355000,106323807,2434048,6323807,1534759,60250134,LAST_FRESH_MARKET
FINAL-B,E4_ACT10_GB03_T15,fp1sig-2a7cb5b681b6305f4ef6b88f,8svoRacQL9w1jEjcaKFXE4sZpjWDvYmjPgmyjdszpump,PP-6631aaa198cf5219b9dbd60ca9ace3d3,FILLED,FALLBACK,2026-08-28T04:37:34.094529+00:00,,1000391,,2026-08-28T04:37:36.963712+00:00,,1,100000000,2355000,100044759,2355560,44759,-4665801,14344601,LAST_FRESH_MARKET
FINAL-B,E4_ACT10_GB03_T15,fp1sig-2b0d059b864fdfa1e778291c,J7eLJGC4VjYEkgWWXpak4T4JaDMzA7wBUMAAdWfapump,PP-0b625ca2800cc76fd457aee5c4bb6bfc,FILLED,FALLBACK,2026-08-28T12:22:00.729422+00:00,,1160352,,2026-08-28T12:22:10.692221+00:00,,1,100000000,2355000,110459138,2485740,10459138,5618398,15905651,RULE_REFERENCE_FALLBACK
FINAL-B,E4_ACT10_GB03_T15,fp1sig-2b63e59c2b28c487db216d25,AwPZf38Jn4uz19HQnckf9VT6dEhhSvA9VwoPqZZLpump,PP-5d7115fc8c3bf9873e2d9b022d1bd0a0,FILLED,FALLBACK,2026-08-28T08:07:41.543473+00:00,,1083625,,2026-08-28T08:07:43.943408+00:00,,1,100000000,2355000,71483412,1998543,-28516588,-32870131,13961999,LAST_FRESH_MARKET
FINAL-B,E4_ACT10_GB03_T15,fp1sig-2c88a9ae046d0a5869582032,BcCL6BKr2WXQ2u8qLfhmpydN6nnrVbLxF6XBxJdKpump,PP-0c561009c454aed8b39c48acef64854b,FILLED,FALLBACK,2026-08-28T03:25:38.133515+00:00,,976589,,2026-08-28T03:25:41.924381+00:00,,1,100000000,2355000,115474544,2548432,15474544,10571112,15387580,LAST_FRESH_MARKET
FINAL-B,E4_ACT10_GB03_T15,fp1sig-2cfeee352c8c7f813f579eb2,EuYRNGmkyXirgiEau9gkgkHv8gB4d45yyAHTBfBWpump,PP-c4d15eb3626581b51891da3fda5907bc,FILLED,FALLBACK,2026-08-27T13:24:17.873762+00:00,,779111,,2026-08-27T13:24:21.970454+00:00,,1,100000000,2355000,111967472,2504594,11967472,7107878,5889765,LAST_FRESH_MARKET
FINAL-B,E4_ACT10_GB03_T15,fp1sig-2d40ec6fb372bf2250965996,E1aVB6KRL3CG9sP51EVZpmLVqWs8yyVv21pLfyEUpump,PP-117556d3c5b544d6539d776f3bdccabe,FILLED,TRAIL,2026-08-28T00:00:41.106119+00:00,910201,910237,2026-08-28T00:00:41.106119+00:00,2026-08-28T00:00:44.772793+00:00,,1,100000000,2355000,99912515,2353907,-87485,-4796392,11499676,TRIGGER_MARKET
FINAL-B,E4_ACT10_GB03_T15,fp1sig-2d7e71340d1a91184543a88b,4Rtw1qv3b2Dx2yuG3we2skRt15rQodgk786xAURVMrMe,PP-1bea874b3b74499296c7079d9bfcee5c,FILLED,FALLBACK,2026-08-28T06:39:06.536778+00:00,,1044455,,2026-08-28T06:39:34.102896+00:00,,1,100000000,2355000,98273626,2333421,-1726374,-6414795,28047803,RULE_REFERENCE_FALLBACK
FINAL-B,E4_ACT10_GB03_T15,fp1sig-2dc2120b7025fb83e309bb18,4U3YiKGkrNUfRDLq8phDuoKt5f8vzgjNcW1z7U58pump,PP-558a463f2bd1dcd41e0f8a081864031f,FILLED,FALLBACK,2026-08-27T12:41:59.976483+00:00,,769889,,2026-08-27T12:42:03.373470+00:00,,1,100000000,2355000,101501410,2373768,1501410,-3227358,13960108,LAST_FRESH_MARKET
FINAL-B,E4_ACT10_GB03_T15,fp1sig-2e36eea01ec96df3b7bf5f41,CxVkEJGccXWQ3qay9Piepw77tJF6jqdw21B2LtK4pump,PP-86c4edffeb4e3cb94cc6e9f9fe8a4d04,FILLED,FALLBACK,2026-08-27T20:43:07.232166+00:00,,857168,,2026-08-27T20:43:12.521367+00:00,,1,100000000,2355000,98473236,2335916,-1526764,-6217680,10687997,LAST_FRESH_MARKET
FINAL-B,E4_ACT10_GB03_T15,fp1sig-2f0ea0aff62785653b1549a8,DFE2mG3RTytE174M2khoTwTCzSn4C1YzMUoyhqi2pump,PP-6b8932d6c8bed591c622849b00dd9f6c,FILLED,FALLBACK,2026-08-28T01:08:47.033146+00:00,,926913,,2026-08-28T01:08:58.667498+00:00,REJECTED_THEN_FILLED,5,100000000,2355000,96001723,2305022,-3998277,-8658299,23539380,LAST_FRESH_MARKET
FINAL-B,E4_ACT10_GB03_T15,fp1sig-2f76f02be7ce6811dacd5746,FxdmSh62EjUbKLQTGTenh2pkKvbjoMLw5p3fUqnfpump,PP-6c7f82cdf03de4e6cd2565bff9856b98,UNRESOLVED,FALLBACK,2026-08-27T19:18:51.710764+00:00,,,,,REJECTED_SLIPPAGE,115,100000000,2355000,,,,,,RULE_REFERENCE_FALLBACK
FINAL-B,E4_ACT10_GB03_T15,fp1sig-2fa41212c92b2985b5279c6d,FqV7LbQZof7iPcno584m3nWJU7V7mXDpyDhLNCtpump,PP-a7e8f33a2c718f39a6b0be19aa375ba2,FILLED,FALLBACK,2026-08-28T12:03:44.453230+00:00,,1155738,,2026-08-28T12:04:19.040090+00:00,,1,100000000,2355000,99409648,2347621,-590352,-5292973,39253360,RULE_REFERENCE_FALLBACK
FINAL-B,E4_ACT10_GB03_T15,fp1sig-301bed8ed2781ddf868c5c4b,AP8nD8BiaEEfixcQZ3L3Md61QsQYDAhG7NcsTYSzpump,PP-b0890b4251e8c00e1140b6ca7e2ad2f3,FILLED,FALLBACK,2026-08-28T10:43:47.540990+00:00,,1129391,,2026-08-28T10:43:49.554349+00:00,,1,100000000,2355000,119570666,2599634,19570666,14616032,13839013,LAST_FRESH_MARKET
FINAL-B,E4_ACT10_GB03_T15,fp1sig-3073d478391469ac7a151986,Acvh2GTyLmf2a9b7FvAyk7BNFDQZQiK3TTds8C3Xpump,PP-a0b6875f1e5250173ed32ebb0a18c9ec,FILLED,FALLBACK,2026-08-27T17:21:05.083310+00:00,,817493,,2026-08-27T17:21:12.836552+00:00,,1,100000000,2355000,106637162,2437965,6637162,1844197,22029202,LAST_FRESH_MARKET
FINAL-B,E4_ACT10_GB03_T15,fp1sig-31458e320dae8311c8d478d7,DkmL5wUzScVHH2yKXe5QDVigf8qKubpMWrwku85fpump,PP-206d1e3e619880e8fdea12a181d655e2,FILLED,FALLBACK,2026-08-28T11:48:46.050976+00:00,,1152534,,2026-08-28T11:53:22.312989+00:00,REJECTED_THEN_FILLED,8,100000000,2355000,124225456,2657819,24225456,19212637,285019226,RULE_REFERENCE_FALLBACK
FINAL-B,E4_ACT10_GB03_T15,fp1sig-317f612ced0dd82ba6013abc,TzWXTvH3x6RSXQAdaHef32KebTcFGzYSRUjxoBDpump,PP-8cb30fd89e582348778906f56cae9c07,FILLED,FALLBACK,2026-08-27T15:43:14.428799+00:00,,804281,,2026-08-27T15:43:17.473713+00:00,,1,100000000,2355000,114648687,2538109,14648687,9755578,14981075,LAST_FRESH_MARKET
FINAL-B,E4_ACT10_GB03_T15,fp1sig-344350a148606a882f2c19b9,GE3g1cPNFmxWEja9JLLnVKa7pUhc7oKW1ME88mr9pump,PP-c028e9a8a4ae6d63500a396b4446fb2e,FILLED,TRAIL,2026-08-28T07:08:56.268501+00:00,1057902,1057946,2026-08-28T07:08:56.268501+00:00,2026-08-28T07:09:01.259690+00:00,,1,100000000,2355000,112626045,2512826,12626045,7758219,14964721,TRIGGER_MARKET
FINAL-B,E4_ACT10_GB03_T15,fp1sig-35cd2fff15db11561921fad2,EsDdNgyqj8RkSiUG4sWNm9txBHf4c3s2kZKBJJB3pump,PP-02bf040054d6ad0b5c8e63f7990a8ab5,FILLED,FALLBACK,2026-08-28T01:22:47.815490+00:00,,931006,,2026-08-28T01:22:50.516313+00:00,,1,100000000,2355000,90141862,2231774,-9858138,-14444912,6755071,LAST_FRESH_MARKET
FINAL-B,E4_ACT10_GB03_T15,fp1sig-35d01e24ca5586b95aa10a55,5YrKpUkjym5gdcFdRVhJkAWuCa6oSeokcx9iQ1e3fqCn,PP-92eaf59a3157b9337d333f27508e7df0,FILLED,FALLBACK,2026-08-28T12:21:56.538870+00:00,,1160290,,2026-08-28T12:22:00.187862+00:00,,1,100000000,2355000,107643262,2450541,7643262,2837721,11118830,RULE_REFERENCE_FALLBACK
FINAL-B,E4_ACT10_GB03_T15,fp1sig-36365a706421a511f653d3a1,6aqxWcHE7Swxhbs474Cq6kYZuyB8tju7JojW9gTvpump,PP-b8268e16e5c88185cd6e357065a5248b,FILLED,TRAIL,2026-08-28T04:58:14.443564+00:00,1007268,1007275,2026-08-28T04:58:14.443564+00:00,2026-08-28T04:58:18.296251+00:00,,1,100000000,2355000,111828931,2502862,11828931,6971069,13918487,TRIGGER_MARKET
FINAL-B,E4_ACT10_GB03_T15,fp1sig-36a6480339676590f2e20811,FiRT4D7WmJjJyXjtzdGQbV1RPFtEA8V5pBXgXVqQpump,PP-23fef2a66b1b2ba57c9c73b02d6be3ff,FILLED,FALLBACK,2026-08-28T11:58:50.057270+00:00,,1154154,,2026-08-28T11:58:51.467802+00:00,,1,100000000,2355000,99458267,2348229,-541733,-5244962,3240146,RULE_REFERENCE_FALLBACK
FINAL-B,E4_ACT10_GB03_T15,fp1sig-36bc1514d59fa72e065b9b47,BXvprFuA7WU1bbUokKnDA4vHohumbdeE5sEnF2Xwpump,PP-81373ac54dedcf6a5a0a014bc2770bd6,FILLED,FALLBACK,2026-08-27T22:36:58.189235+00:00,,887712,,2026-08-27T22:37:00.927145+00:00,,1,100000000,2355000,105110065,2418876,5110065,336189,14601279,LAST_FRESH_MARKET
FINAL-B,E4_ACT10_GB03_T15,fp1sig-3715341f6a689948747bd740,6Lrr828SoJz7RzGf3wvSmL2Wvdd6s1fgt35NYY66pump,PP-ace6b24ef9296b06bebe3e7bbdd6dfb9,FILLED,TRAIL,2026-08-28T06:21:51.860301+00:00,1036735,1036799,2026-08-28T06:21:51.860301+00:00,2026-08-28T06:22:05.916884+00:00,,1,100000000,2355000,88949889,2216874,-11050111,-15621985,14124584,TRIGGER_MARKET
FINAL-B,E4_ACT10_GB03_T15,fp1sig-37409137d7814adb9d1d8fa2,GvA9DSJm4xanGZ2TbKteaWkmqowTsQGj5GCKh6pYpump,PP-7c7ba12eb53b19f22ba26b5639e95343,FILLED,FALLBACK,2026-08-28T02:19:07.183080+00:00,,950374,,2026-08-28T02:19:29.679311+00:00,,1,100000000,2355000,96908675,2316359,-3091325,-7762684,33742714,LAST_FRESH_MARKET
FINAL-B,E4_ACT10_GB03_T15,fp1sig-37779f7399dd836ae7f26d5c,FXUyYpaw3MLcEN8L7357MhHYREdjR8iwVCevjibXpump,PP-c2d178301d7a24ccb312e2dab3277733,FILLED,FALLBACK,2026-08-27T17:56:40.217624+00:00,,824568,,2026-08-27T17:56:48.434584+00:00,,1,100000000,2355000,132749936,2764375,32749936,27630561,9295327,RULE_REFERENCE_FALLBACK
FINAL-B,E4_ACT10_GB03_T15,fp1sig-3778b0bd3505d0e4e939bcfc,74TifhfvCG7P7z9m5bTAngVydXm6h7Zq5N4g3LpptE2d,PP-2e8e55c229b0cfb702ce94b28f61486c,FILLED,FALLBACK,2026-08-28T09:07:28.256407+00:00,,1102260,,2026-08-28T09:07:32.970891+00:00,,1,100000000,2355000,96754702,2314434,-3245298,-7914732,16125853,LAST_FRESH_MARKET
FINAL-B,E4_ACT10_GB03_T15,fp1sig-3780d45f862a995f002b8d5d,DkGJQpdR2jGEAJPkQKGCs6JNvpy4dLhGDY61C9bbpump,PP-7d35469797c30e09fdfef79de942b18d,FILLED,FALLBACK,2026-08-28T05:17:47.765709+00:00,,1012784,,2026-08-28T05:18:23.469462+00:00,,1,100000000,2355000,99384941,2347312,-615059,-5317371,44322636,RULE_REFERENCE_FALLBACK
FINAL-B,E4_ACT10_GB03_T15,fp1sig-379db4492cad50707f40d108,2oaVcVuXB37bHJ4TLLRCqLgyTsW9a1VpzNvoYiqbpump,PP-1465f2a987f9d8450466e72c38845c22,FILLED,FALLBACK,2026-08-28T06:24:03.292066+00:00,,1037360,,2026-08-28T06:24:13.651271+00:00,,1,100000000,2355000,99458503,2348232,-541497,-5244729,13653059,RULE_REFERENCE_FALLBACK
FINAL-B,E4_ACT10_GB03_T15,fp1sig-37a4fd99918d444479fa5c3f,9tcVQwbzfYNbu2ymBHT9EFDU8a6rk7X95bk72knRpump,PP-412c482c24b09da3c1c170d4606c9089,FILLED,FALLBACK,2026-08-28T06:05:17.909413+00:00,,1030696,,2026-08-28T06:05:23.550001+00:00,,1,100000000,2355000,103534764,2399185,3534764,-1219421,17335313,LAST_FRESH_MARKET
FINAL-B,E4_ACT10_GB03_T15,fp1sig-37ec0fab166dd1501a594652,BhViZziQ8K2gHkEDF1YkugTGRcoUAm7GAvWw9Unopump,PP-0acbd1b8cab671f983c3e4a29cf35936,FILLED,FALLBACK,2026-08-28T05:24:37.517152+00:00,,1015121,,2026-08-28T05:24:38.190629+00:00,,1,100000000,2355000,119304106,2596302,19304106,14352804,6951332,RULE_REFERENCE_FALLBACK
FINAL-B,E4_ACT10_GB03_T15,fp1sig-37ec2ec3835e3fae3ca6f798,2gorLvZ9EjU6rbdsgRrxnueoN5fUe63Uy92yaNnYpump,PP-d07f0340c4b7aaafe36440104b0869b1,FILLED,FALLBACK,2026-08-27T16:42:02.077457+00:00,,811674,,2026-08-27T16:42:08.130086+00:00,,1,100000000,2355000,99128630,2344108,-871370,-5570478,16958692,LAST_FRESH_MARKET
FINAL-B,E4_ACT10_GB03_T15,fp1sig-3858a9519cd8f26408366831,CMXyGHo1jLUCMRNRRmqNUr1sjXT3snFSXqdTG3WUpump,PP-2908c927d293317178d8cd8d3698eaa2,FILLED,FALLBACK,2026-08-28T03:14:57.612813+00:00,,972317,,2026-08-28T03:14:58.346815+00:00,,1,100000000,2355000,313075673,5018446,213075673,205702227,12537353,LAST_FRESH_MARKET
FINAL-B,E4_ACT10_GB03_T15,fp1sig-38e250ff4a84e83f63f91918,2x4iY5AaiGyRfxzHzSY1KzQJ7K82SDqmkMApwbcRpump,PP-ff67808a1d60cfe29daf8c7f3a0af6a7,FILLED,TRAIL,2026-08-27T19:40:12.575078+00:00,845471,845483,2026-08-27T19:40:12.575078+00:00,2026-08-27T19:40:15.585802+00:00,,1,100000000,2355000,123560809,2649511,23560809,18556298,3185726,TRIGGER_MARKET
FINAL-B,E4_ACT10_GB03_T15,fp1sig-3921721c887479d10c2e10f6,6W7wrYfvQU1BPHoSNynQ49LeBNEWRo8yBRWwj7FEpump,PP-7062cec3cdac72692848efb04d2a6593,FILLED,TRAIL,2026-08-27T23:45:26.575375+00:00,905199,905246,2026-08-27T23:45:26.575375+00:00,2026-08-27T23:45:30.693861+00:00,,1,100000000,2355000,153399838,3022498,53399838,48022340,11312998,TRIGGER_MARKET
FINAL-B,E4_ACT10_GB03_T15,fp1sig-39f4f6410c95252fd0ee8619,FRUFjB44XfnHvfirBnxJT5qrk3DyWoLMydFRwMGvpump,PP-762c60a11be32afc3c2ecd452dead4b6,FILLED,FALLBACK,2026-08-27T22:16:38.041608+00:00,,882232,,2026-08-27T22:16:46.960415+00:00,,1,100000000,2355000,89618410,2225231,-10381590,-14961821,19971493,LAST_FRESH_MARKET
FINAL-B,E4_ACT10_GB03_T15,fp1sig-3b44293425b93159324e198b,3maNqY5bJzNgZjueR61dda4SxXHSXvtCPV8jQj1xpump,PP-95801cc7e82dcf536dd39ea7ca3a4bde,FILLED,FALLBACK,2026-08-27T21:51:06.187201+00:00,,875375,,2026-08-27T21:51:36.427993+00:00,,1,100000000,2355000,104017101,2405214,4017101,-743113,37584017,LAST_FRESH_MARKET
FINAL-B,E4_ACT10_GB03_T15,fp1sig-3b875247d4ea1bb5fb4fdb17,Ga9qB4Zca7LghZYwsr5nevomPocWfyrSL9AhPLVWMZGA,PP-104986e55072b981eadc5dd98cc5002a,UNRESOLVED,FALLBACK,2026-08-28T06:05:46.576189+00:00,,,,,NO_CAUSAL_FILL,0,100000000,2355000,,,,,,RULE_REFERENCE_FALLBACK
FINAL-B,E4_ACT10_GB03_T15,fp1sig-3b99b882ff16ddf78562140c,3GV5j98XT3sgTpK32sFydRBwQsZP9zjek38a8VKbpump,PP-6cd02f6ddb629fcd7b9ca92c335cd9c0,FILLED,FALLBACK,2026-08-28T09:29:48.333055+00:00,,1107041,,2026-08-28T09:29:49.182765+00:00,,1,100000000,2355000,98930557,2341632,-1069443,-5766075,10168729,RULE_REFERENCE_FALLBACK
FINAL-B,E4_ACT10_GB03_T15,fp1sig-3c1c038c31b5e943d409bd98,CWzoaK6SkBVHgBWZ2edNX3HJFzxfLTKGpoWFX5UVpump,PP-d015c74b40ad72cbd808a72d11afcd6e,FILLED,FALLBACK,2026-08-27T23:55:22.323194+00:00,,908680,,2026-08-27T23:55:29.228637+00:00,,1,100000000,2355000,99814551,2352682,-185449,-4893131,7055342,RULE_REFERENCE_FALLBACK
FINAL-B,E4_ACT10_GB03_T15,fp1sig-3c42474712644518b046031a,E6kuLzpXY57mchPDAh9B1zqa1fwq5oavroJtmPqUpump,PP-e0fa00e583ff7ee9f996dfe4dbd8c5df,FILLED,FALLBACK,2026-08-28T03:36:53.783258+00:00,,980493,,2026-08-28T03:37:14.504737+00:00,,1,100000000,2355000,103303768,2396298,3303768,-1447530,32243948,LAST_FRESH_MARKET
FINAL-B,E4_ACT10_GB03_T15,fp1sig-3dc93c0a85f7098309bcd00f,EtRoEwxkProfKYr7azw5eU3yUq3q3aMaeYyJZXHVpump,PP-da6fae5bba6c6a61c7fc2539e3b14a02,FILLED,FALLBACK,2026-08-28T05:56:17.056433+00:00,,1028282,,2026-08-28T05:57:13.559006+00:00,,1,100000000,2355000,95791826,2302398,-4208174,-8865572,68212479,LAST_FRESH_MARKET
FINAL-B,E4_ACT10_GB03_T15,fp1sig-3df20d1a09defa2062514bd1,FjkF4ku9JJV935N5sYXWLivhBMsmfQUw3h6xQoopump,PP-58cf8ededc6b580976808e9536aa7a69,FILLED,FALLBACK,2026-08-28T02:41:06.040083+00:00,,957476,,2026-08-28T02:41:08.573677+00:00,,1,100000000,2355000,125653702,2675672,25653702,20623030,7565277,LAST_FRESH_MARKET
FINAL-B,E4_ACT10_GB03_T15,fp1sig-3e5517d38e5d9d6b4ea476a1,DMYowGeSqxMe8fX9NwPgfyUePspSPjNFEA81fbqtpump,PP-d094f7080f18675204dab72625bf9c5f,FILLED,FALLBACK,2026-08-27T18:23:18.419352+00:00,,830713,,2026-08-27T18:24:06.347141+00:00,,1,100000000,2355000,81577679,2124721,-18422321,-22902042,57929714,LAST_FRESH_MARKET
FINAL-B,E4_ACT10_GB03_T15,fp1sig-3ebf67c7d0afbe3aae17c557,6is9DoYNiGkvaQpNwvVw8Eu16UQYPnvagq3DebwNpump,PP-45df55047986013c2a1a643d92ae9fba,FILLED,FALLBACK,2026-08-28T03:08:45.754706+00:00,,969703,,2026-08-28T03:08:49.906349+00:00,,1,100000000,2355000,94448014,2285601,-5551986,-10192587,14012914,LAST_FRESH_MARKET
FINAL-B,E4_ACT10_GB03_T15,fp1sig-3f4ad9b241a881c71ba35b0b,9sRczX8yN18n28zeemNDfKeX73Kraw3rMboGkFCipump,PP-cb3596462e7328ad6f056e30c82b4003,FILLED,TRAIL,2026-08-28T11:38:19.501622+00:00,1147792,1147813,2026-08-28T11:38:19.501622+00:00,2026-08-28T11:38:23.064990+00:00,,1,100000000,2355000,83129209,2144116,-16870791,-21369907,7839796,TRIGGER_MARKET
FINAL-B,E4_ACT10_GB03_T15,fp1sig-40530fff2004411784c2d8f7,5ohKcX5kcxfLhdZ78HK4ZD2deDquZd8VqtqTD6Evpump,PP-90b36e26f5a7bc34c3323423171588b4,UNRESOLVED,FALLBACK,2026-08-27T21:30:18.650705+00:00,,,,,NO_CAUSAL_FILL,0,100000000,2355000,,,,,,RULE_REFERENCE_FALLBACK
FINAL-B,E4_ACT10_GB03_T15,fp1sig-41197d522805a20239c90bfb,9P1ksnPMPU7DLTFcYheAThYnnHXhBgo3cpaxoviRpump,PP-912b4845a815c9afe4b6a7ea9995bb89,FILLED,TRAIL,2026-08-28T01:37:58.753549+00:00,936532,936556,2026-08-28T01:37:58.753549+00:00,2026-08-28T01:38:02.293780+00:00,,1,100000000,2355000,108143629,2456796,8143629,3331833,13458665,TRIGGER_MARKET
FINAL-B,E4_ACT10_GB03_T15,fp1sig-420ccac0fd1ed5c01fa94fcf,4dxZFZNJ5R5FGEYEdnX66Rz8NQAx79BowePxjb9qpump,PP-8912692e0eedaa9475ac0ebf6b44fb43,FILLED,FALLBACK,2026-08-28T04:02:02.195578+00:00,,988224,,2026-08-28T04:02:03.655167+00:00,,1,100000000,2355000,89229346,2220367,-10770654,-15346021,12727477,LAST_FRESH_MARKET
FINAL-B,E4_ACT10_GB03_T15,fp1sig-424863b32fdc73816563379b,8qCLxD59wbmBFoJ1JRCumKsXMJqDwUUzZPnxe9yTpump,PP-144f1d0be4f3064c095ec2d7a0c1a5f8,FILLED,FALLBACK,2026-08-28T07:00:06.237185+00:00,,1054592,,2026-08-28T07:00:12.743230+00:00,REJECTED_THEN_FILLED,3,100000000,2355000,36381813,1559773,-63618187,-67532960,18075686,LAST_FRESH_MARKET
FINAL-B,E4_ACT10_GB03_T15,fp1sig-4283b0acff8351383c790588,ArMx2jui6sRG843wj79922CBzv189U9okywx83y8pump,PP-04cd2247c48651496081eae43108d247,FILLED,FALLBACK,2026-08-27T13:39:36.291508+00:00,,783175,,2026-08-27T13:39:40.648938+00:00,,1,100000000,2355000,111013608,2492671,11013608,6165937,14511414,LAST_FRESH_MARKET
FINAL-B,E4_ACT10_GB03_T15,fp1sig-42e0d3316b5ee098c998a749,49ruM71J9tRi4janMP9SVu7DdtRvESRb24zfgwtCpump,PP-4e3300699edec9765cd5989b1fc0e5f9,FILLED,FALLBACK,2026-08-28T10:40:36.763341+00:00,,1128270,,2026-08-28T10:40:45.340927+00:00,,1,100000000,2355000,97779469,2327244,-2220531,-6902775,20567054,RULE_REFERENCE_FALLBACK
FINAL-B,E4_ACT10_GB03_T15,fp1sig-43cfa0b92ba1e8a98feace23,7Q134BRAMnBuExtijx1PKA84cBxt48FZoy3ovyGmpump,PP-9498feed9a2e136e8320233a96f98846,FILLED,FALLBACK,2026-08-28T05:10:30.809343+00:00,,1010732,,2026-08-28T05:10:32.559028+00:00,,1,100000000,2355000,106512552,2436407,6512552,1721145,13220816,LAST_FRESH_MARKET
FINAL-B,E4_ACT10_GB03_T15,fp1sig-43e5e0c53850af89ed1bb9d0,CxYdznfg3uP3nRD7VZiaicyUd8nHeEFmzsUrADzepump,PP-341139f610861c2440dd312f8982dcd3,FILLED,FALLBACK,2026-08-28T00:51:05.859466+00:00,,923709,,2026-08-28T00:51:11.625126+00:00,,1,100000000,2355000,94093694,2281172,-5906306,-10542478,16864689,LAST_FRESH_MARKET
FINAL-B,E4_ACT10_GB03_T15,fp1sig-43ff6c4b331226901bcd9103,EK4ToFX4xHJQvHijkPasyQqRyxEQx3PcVpS9ebuopump,PP-64d44e8417bb5223b5c18d8393839e3a,FILLED,TRAIL,2026-08-27T14:16:07.721539+00:00,789782,789783,2026-08-27T14:16:07.721539+00:00,2026-08-27T14:16:08.552593+00:00,,1,100000000,2355000,107160605,2444508,7160605,2361097,9888293,TRIGGER_MARKET
FINAL-B,E4_ACT10_GB03_T15,fp1sig-4427487a54001f9ec6b77530,73e41CtX2qMaLELWVEJrBaL8bpkrtZPtRoyeM4CNpump,PP-6aa96b5570cdde2007435313b68b1eb9,FILLED,FALLBACK,2026-08-27T22:23:08.546662+00:00,,884269,,2026-08-27T22:23:15.079699+00:00,,1,100000000,2355000,103789901,2402374,3789901,-967473,8054225,RULE_REFERENCE_FALLBACK
FINAL-B,E4_ACT10_GB03_T15,fp1sig-44a399a7b0b1ead55a024380,4mgvNRnLXc8a9QhcUJD158NK1rsWyZh6akejyv93pump,PP-a712137b23ecc9150697f6c856d0e81e,FILLED,FALLBACK,2026-08-28T05:02:05.477569+00:00,,1008501,,2026-08-28T05:02:08.637639+00:00,,1,100000000,2355000,109064557,2468307,9064557,4241250,14940628,LAST_FRESH_MARKET
FINAL-B,E4_ACT10_GB03_T15,fp1sig-4529fb39add8736d8b5012d9,GWNqGLRxCNdAx7keD14mssr2u3G1RL1HPXxtQQy6pump,PP-1ca63ca528761cc1384b28ba2109b774,FILLED,FALLBACK,2026-08-28T03:24:09.140698+00:00,,976120,,2026-08-28T03:24:12.723652+00:00,,1,100000000,2355000,81754164,2126928,-18245836,-22727764,14161303,LAST_FRESH_MARKET
FINAL-B,E4_ACT10_GB03_T15,fp1sig-4577712b5fdc2f72a0baa5a5,A3j5HhRsLbXYawNvr1dfyprEWDmWELWiYMsneRUrpump,PP-b82c13eca680d58cf14b88b0ee850649,FILLED,FALLBACK,2026-08-28T07:09:34.633410+00:00,,1058214,,2026-08-28T07:09:36.291793+00:00,,1,100000000,2355000,134841187,2790515,34841187,29695672,12988758,LAST_FRESH_MARKET
FINAL-B,E4_ACT10_GB03_T15,fp1sig-45c0987dac6c7a27d66b3e5a,5ceGKyRhSDpBUofTK9CSq75tRyUt24iqjqt4CBnzpump,PP-6b638a7742621e3f37c0075254b7ed08,FILLED,FALLBACK,2026-08-28T10:17:56.172083+00:00,,1120559,,2026-08-28T10:17:58.866303+00:00,,1,100000000,2355000,46646109,1688077,-53353891,-57396968,17099996,LAST_FRESH_MARKET
FINAL-B,E4_ACT10_GB03_T15,fp1sig-46718fc5e12997f1b50a4037,39PXnSfcR2huVAjYJgGzEv8mm1jus6TAs694cBS95bZd,PP-f65aee2867636ac4e07d4cb2494b337b,FILLED,FALLBACK,2026-08-28T03:28:18.590671+00:00,,977464,,2026-08-28T03:28:30.764505+00:00,,1,100000000,2355000,107230836,2445386,7230836,2430450,16148267,RULE_REFERENCE_FALLBACK
FINAL-B,E4_ACT10_GB03_T15,fp1sig-4684455aa057198d26436275,FavLPSJrZkJbw3MKWCJg1ufqu5Acg8DyMXMBg1kDpump,PP-a1a5bb823ad730726876de57a32371b6,FILLED,FALLBACK,2026-08-28T00:05:28.750328+00:00,,911354,,2026-08-28T00:05:34.764524+00:00,,1,100000000,2355000,97155935,2319450,-2844065,-7518515,10900039,LAST_FRESH_MARKET
FINAL-B,E4_ACT10_GB03_T15,fp1sig-46b2c413b2b572eae6a01078,8X9paKipu8zADXqC7UHXsyaCmErCadiHqy7yXh3Dpump,PP-858e2d6fded6c21e450622112b7682d1,FILLED,TRAIL,2026-08-28T04:09:42.007572+00:00,991532,991556,2026-08-28T04:09:42.007572+00:00,2026-08-28T04:09:45.235547+00:00,,1,100000000,2355000,101128329,2369105,1128329,-3595776,6298299,TRIGGER_MARKET
FINAL-B,E4_ACT10_GB03_T15,fp1sig-4782d87ecb379bb45a0b53c4,3AZKWm4P7nsijbTQ9HbVHmUEf9dWL3QDpePEHpZvpump,PP-f26ca683b3f7dc001adbbffd0547be50,FILLED,FALLBACK,2026-08-28T11:24:23.369373+00:00,,1143012,,2026-08-28T11:25:27.357990+00:00,,1,100000000,2355000,96733277,2314166,-3266723,-7935889,74961111,RULE_REFERENCE_FALLBACK
FINAL-B,E4_ACT10_GB03_T15,fp1sig-47eb2c6c55f3164461821588,8YvpaoxL6xNsyK1kWLzYKiSmGwfe9MBR7XkSbyASpump,PP-285700d766200faad0a99c804f8f5ad0,FILLED,FALLBACK,2026-08-27T16:52:44.128578+00:00,,813304,,2026-08-27T16:53:02.035761+00:00,,1,100000000,2355000,130082903,2731037,30082903,24996866,24045476,LAST_FRESH_MARKET
FINAL-B,E4_ACT10_GB03_T15,fp1sig-488050f0f4edd819b3a96275,2HDEFmVus7aKrZoW5jb5ow34W7Hq33vRqFomT3FVpump,PP-3a05284de9c4620d5188da266405f775,FILLED,FALLBACK,2026-08-28T11:46:25.145325+00:00,,1150527,,2026-08-28T11:46:28.504595+00:00,,1,100000000,2355000,45474718,1673434,-54525282,-58553716,13813821,LAST_FRESH_MARKET
FINAL-B,E4_ACT10_GB03_T15,fp1sig-48b2379629cf781fc2a8a61e,DuAXXUCMA8m7rZr2y6H8yFPPAZE3WZBmTGGndG4Bpump,PP-abf49f1e6d2fbd74600ef9879fe5fd59,FILLED,FALLBACK,2026-08-28T01:23:08.884290+00:00,,931072,,2026-08-28T01:23:11.111276+00:00,,1,100000000,2355000,98568288,2337104,-1431712,-6123816,10376637,LAST_FRESH_MARKET
FINAL-B,E4_ACT10_GB03_T15,fp1sig-48d40e81be9a21ef56d3d7b7,BCZZqkTabyq2YqFG7D9t4Xs4a4dRSJWKKX6TmmrFpump,PP-215af644adeb367282e632367d9f00ea,FILLED,FALLBACK,2026-08-27T18:26:18.482018+00:00,,831058,,2026-08-27T18:26:35.089400+00:00,,1,100000000,2355000,99429717,2347872,-570283,-5273155,23349923,RULE_REFERENCE_FALLBACK
FINAL-B,E4_ACT10_GB03_T15,fp1sig-48f11559b99a3e28c1e646e8,4eZhAhMVnxNxxfQSP2NuLZ6TneWzdq7f9t6xTrDkpump,PP-c8ce874119694fa77f11a2d0c7ce988f,FILLED,TRAIL,2026-08-27T19:29:08.838408+00:00,843434,843445,2026-08-27T19:29:08.838408+00:00,2026-08-27T19:29:12.210843+00:00,,1,100000000,2355000,120367120,2609589,20367120,15402531,9700539,TRIGGER_MARKET
FINAL-B,E4_ACT10_GB03_T15,fp1sig-491847690df28ca7ce90b18c,7gFCSenSwhjzBvXTGD2j5oohM9WZsQdbTNXUY4wqRyH9,PP-f5d8403a265b972d3a6ed6a618784614,FILLED,FALLBACK,2026-08-27T20:28:51.002272+00:00,,854428,,2026-08-27T20:28:59.947481+00:00,,1,100000000,2355000,95451790,2298148,-4548210,-9201358,20709725,LAST_FRESH_MARKET
FINAL-B,E4_ACT10_GB03_T15,fp1sig-4950d74f2a458168f8011bf8,7XacgXyg9zUcCAT6bGTPe5LZxfwVqx9mjusZXk2Tpump,PP-cb94efd17f34d2bcbae37d859b777dbe,FILLED,FALLBACK,2026-08-28T10:57:15.499863+00:00,,1134630,,2026-08-28T10:57:47.541950+00:00,,1,100000000,2355000,68200258,1957504,-31799742,-36112246,46102303,LAST_FRESH_MARKET
FINAL-B,E4_ACT10_GB03_T15,fp1sig-495f2a48cd55916eb006bac9,5wk7yGJfXyWnxkM77DsExpEU6ZD8DQZpXC38swDfpump,PP-0ddb72250304dfa8f47c42bc05ec04c0,FILLED,TRAIL,2026-08-28T02:27:16.394972+00:00,952564,952565,2026-08-28T02:27:16.394972+00:00,2026-08-28T02:27:20.352914+00:00,,1,100000000,2355000,100265325,2358317,265325,-4447992,14159525,TRIGGER_MARKET
FINAL-B,E4_ACT10_GB03_T15,fp1sig-4964521dc819d1f405a44472,5A3ypR3VkhDWrcCLi1xtn6k9Q8gfrQLwoU6mNAqApump,PP-bde3dca642c070bf97938d9948892694,FILLED,FALLBACK,2026-08-28T05:00:32.260239+00:00,,1007970,,2026-08-28T05:00:34.964676+00:00,,1,100000000,2355000,87972537,2204657,-12027463,-16587120,14444546,LAST_FRESH_MARKET
FINAL-B,E4_ACT10_GB03_T15,fp1sig-4a1e5120b3c7d0adb35a2b84,52MSuT8VjEWqjmNsygcbDSxJEx5moEFiXxceXTEdpump,PP-d05bc92e8190ff813f4fc049effc3c6a,FILLED,FALLBACK,2026-08-27T20:47:28.946238+00:00,,858170,,2026-08-27T20:47:29.553305+00:00,,1,100000000,2355000,99638648,2350484,-361352,-5066836,10926671,LAST_FRESH_MARKET
FINAL-B,E4_ACT10_GB03_T15,fp1sig-4a5aa1e0ee93b3a0b1399170,8pmkTnNTtyiLCgsurXUGBQ8yeDRZ8XWPSV9Z9a4ppump,PP-994825ae45db5764b7a11c6b2b70c96c,FILLED,FALLBACK,2026-08-28T02:14:11.115887+00:00,,948223,,2026-08-28T02:14:13.854639+00:00,,1,100000000,2355000,84087109,2156089,-15912891,-20423980,6970306,LAST_FRESH_MARKET
FINAL-B,E4_ACT10_GB03_T15,fp1sig-4a6e6fa63d1b7e7c80390948,8TbTkjTwPAD48ct9jovD3TTRvGE85YJMoDVYQgqjpump,PP-64593aaef0fef3a641dd0d41b18af507,FILLED,FALLBACK,2026-08-28T03:43:48.964894+00:00,,982569,,2026-08-28T03:43:55.362157+00:00,,1,100000000,2355000,38601497,1587519,-61398503,-65341022,17982582,LAST_FRESH_MARKET
FINAL-B,E4_ACT10_GB03_T15,fp1sig-4a82ad268ecb2c0ff26a5e60,sXpdpjqdpqK3sivt7Dk4cAqzwKGuhVfvUNTU24epump,PP-d7f20c1bf03cc6d2c613b81dbfdce1ff,FILLED,FALLBACK,2026-08-28T03:52:13.099933+00:00,,985663,,2026-08-28T03:52:49.305742+00:00,,1,100000000,2355000,97086485,2318582,-2913515,-7587097,40164173,RULE_REFERENCE_FALLBACK
FINAL-B,E4_ACT10_GB03_T15,fp1sig-4ab403fea399e28e54b2fd02,5B7wxEcA6fSLJRjPS15r45jb8U1Rca8XYuibTtefpump,PP-791dac0a911a162908023ad257511424,FILLED,FALLBACK,2026-08-28T04:07:51.006670+00:00,,990971,,2026-08-28T04:07:53.859841+00:00,,1,100000000,2355000,74051744,2030647,-25948256,-30333903,14902445,LAST_FRESH_MARKET
FINAL-B,E4_ACT10_GB03_T15,fp1sig-4b1875a3cdc2a8c7beb2f900,2R7ojs9kuPf8AehTqpz6Wk2LQuYbTBNr9xAZYuagpump,PP-5a8cfd97a381e17712ab1afaaefca1ce,FILLED,FALLBACK,2026-08-28T04:19:11.316800+00:00,,994023,,2026-08-28T04:19:13.361057+00:00,,1,100000000,2355000,92695307,2263692,-7304693,-11923385,7472824,LAST_FRESH_MARKET
FINAL-B,E4_ACT10_GB03_T15,fp1sig-4b50a9f025822af48520e236,CgVpQBProS22drhJ6pYfaMmq1tHnAee14pquehRopump,PP-70aa8db0d552eaa06c5143602eae057a,UNRESOLVED,FALLBACK,2026-08-28T08:12:32.630541+00:00,,,,,REJECTED_SLIPPAGE,6,100000000,2355000,,,,,,RULE_REFERENCE_FALLBACK
FINAL-B,E4_ACT10_GB03_T15,fp1sig-4bded69e86b443c3f77f08fe,3DBbsCKC7ospE7BBxUs4ZDMoCa6dAHWPcACHE8Y5pump,PP-20381daf50e0e8dbab3b7da19ee75f26,FILLED,FALLBACK,2026-08-28T03:41:26.819563+00:00,,981672,,2026-08-28T03:41:29.708969+00:00,,1,100000000,2355000,92550681,2261884,-7449319,-12066203,14253190,LAST_FRESH_MARKET
FINAL-B,E4_ACT10_GB03_T15,fp1sig-4c6f86df2d3c03c2bbb5ce77,FJKwAnFCCfxMCbsiyiBjbotMjF6CNrGF1yyJRQ2Kpump,PP-331f47f4262dca850414b0f55d3b4f9b,FILLED,FALLBACK,2026-08-27T23:04:34.680430+00:00,,894704,,2026-08-27T23:04:37.970663+00:00,,1,100000000,2355000,101646189,2375578,1646189,-3084389,15341458,LAST_FRESH_MARKET
FINAL-B,E4_ACT10_GB03_T15,fp1sig-4d215e8f4c2a71c509d0fa2f,vPhfJxCn11fiLoLbDJ3Rc86o1xzYQuxMZVcBbgQpump,PP-f83ffe8139f6f09a1cd4d3e6d9a84e72,FILLED,FALLBACK,2026-08-28T04:44:09.101679+00:00,,1002825,,2026-08-28T04:45:01.226363+00:00,,1,100000000,2355000,99384842,2347311,-615158,-5317469,60065412,LAST_FRESH_MARKET
FINAL-B,E4_ACT10_GB03_T15,fp1sig-4d2b33c5b173d5ddb22e27f8,Ef3vEnmQQiCEqGcQ3t8c42PD1CsY6FVKo3FnRVmipump,PP-35bc52bfad639ed67096bce11eed4e5e,FILLED,FALLBACK,2026-08-27T19:25:20.132049+00:00,,842491,,2026-08-27T19:25:48.845393+00:00,REJECTED_THEN_FILLED,2,100000000,2355000,86828852,2190361,-13171148,-17716509,29075607,LAST_FRESH_MARKET
FINAL-B,E4_ACT10_GB03_T15,fp1sig-4e49923d8fd513a76f2f2a63,25FxjzGgyB5mqg73rsMsyKwcDNPCku8o3YsrP9kYpump,PP-d5efda8652b6ea02e603fa961d323988,FILLED,FALLBACK,2026-08-28T06:44:30.547782+00:00,,1046881,,2026-08-28T06:44:33.271063+00:00,,1,100000000,2355000,191747691,3501847,91747691,85890844,14556409,LAST_FRESH_MARKET
FINAL-B,E4_ACT10_GB03_T15,fp1sig-4e52cd25a257c6d3228128d6,9TAvqt6kXKSoapeqND9SnaxC2f55VYNgiZkckutxpump,PP-04a4e75a3a494c1c5c82276f806603a1,FILLED,FALLBACK,2026-08-28T11:19:49.336189+00:00,,1140787,,2026-08-28T11:19:52.899224+00:00,,1,100000000,2355000,74593417,2037418,-25406583,-29799001,17865112,LAST_FRESH_MARKET
FINAL-B,E4_ACT10_GB03_T15,fp1sig-4e97833910173dcf43d7b4d0,5d3jZaXswkVmbU1VgmRSU55pQugSsNfUrBbkWHtnpump,PP-1799f6c9b80f2e2e6cad7ef1fac9066c,FILLED,FALLBACK,2026-08-27T20:46:06.135615+00:00,,857843,,2026-08-27T20:46:12.095445+00:00,,1,100000000,2355000,93708485,2276357,-6291515,-10922872,10272555,RULE_REFERENCE_FALLBACK
FINAL-B,E4_ACT10_GB03_T15,fp1sig-4eeee0457df128b9c2020290,J2mvi7WEBiKqXoGULtfUdZV2iLHjDh2WDL4n5Bphpump,PP-a389baf94b86b47f6d61c9c3e20b44b3,FILLED,FALLBACK,2026-08-28T07:38:43.837949+00:00,,1071432,,2026-08-28T07:38:49.964603+00:00,,1,100000000,2355000,89109131,2218865,-10890869,-15464734,17901901,LAST_FRESH_MARKET
FINAL-B,E4_ACT10_GB03_T15,fp1sig-4f15130c9d348bf858e4339a,DH2s5yfFrDsixfxdKUjrc5vjtoJqDQEqg77mHuvapump,PP-5b87587103edfc0c32f187102cfb9c34,FILLED,FALLBACK,2026-08-28T04:52:12.517467+00:00,,1005898,,2026-08-28T04:52:14.715315+00:00,,1,100000000,2355000,118086962,2581088,18086962,13150874,13847599,LAST_FRESH_MARKET
FINAL-B,E4_ACT10_GB03_T15,fp1sig-4f5d1e6371201c345f14c320,AnB2bTRwL5DBGCKeaweLT3msrQFepHbweaTViBLfpump,PP-460872688a98bee05f1fca8b4dad2b48,FILLED,FALLBACK,2026-08-28T02:21:49.703550+00:00,,951014,,2026-08-28T02:21:54.368759+00:00,,1,100000000,2355000,93193299,2269917,-6806701,-11431618,9204826,LAST_FRESH_MARKET
FINAL-B,E4_ACT10_GB03_T15,fp1sig-4f791433f4e0f143798618d9,9jaTsTFtAMUdLTR8z3x7SjXEVZpR8iWPyF6kSgWfpump,PP-4d45c91230c0292e0853edfaaa223997,FILLED,FALLBACK,2026-08-28T10:01:40.550690+00:00,,1115393,,2026-08-28T10:01:48.454080+00:00,,1,100000000,2355000,118460397,2585755,18460397,13519642,9978254,RULE_REFERENCE_FALLBACK
FINAL-B,E4_ACT10_GB03_T15,fp1sig-4f9f6f8c62cd74b1aa5786f5,EVsFKV3xSmK4RADeoaN1Gvwz9QHmTww4tzofHQuZGG1i,PP-3b418ed892ad009bd3887560e6f6881f,FILLED,FALLBACK,2026-08-28T07:18:48.114484+00:00,,1062185,,2026-08-28T07:18:50.300080+00:00,,1,100000000,2355000,95861812,2303273,-4138188,-8796461,10946582,LAST_FRESH_MARKET
FINAL-B,E4_ACT10_GB03_T15,fp1sig-5008fd6ae187c799467db605,n86k5NfmN5kmWP3e7kx2uRChrVPqpJEs3rkXQYopump,PP-9ea56d77aefdb93edda3f438a452fa93,UNRESOLVED,FALLBACK,2026-08-28T02:57:58.936371+00:00,,,,,REJECTED_SLIPPAGE,29,100000000,2355000,,,,,,LAST_FRESH_MARKET
FINAL-B,E4_ACT10_GB03_T15,fp1sig-501c012bf929d20d7f74a830,DUBJADQGukbsdZQEkj4rGFPEeJukBvUqQqM7LmR1pump,PP-a2f7e9e6663ed113c9b3c4c073d63185,FILLED,TRAIL,2026-08-28T08:18:33.249414+00:00,1087455,1087481,2026-08-28T08:18:33.249414+00:00,2026-08-28T08:18:37.781402+00:00,,1,100000000,2355000,121607429,2625093,21607429,16627336,4661989,TRIGGER_MARKET
FINAL-B,E4_ACT10_GB03_T15,fp1sig-5083b10ec69bdc5ae5940fe4,D8khyHkEpsDongiCWUQh6pbZMHuZtJeVhwWfyzsCpump,PP-f4d4231c0c4adaa7117e9cc61d51ec2b,FILLED,FALLBACK,2026-08-28T02:23:52.389790+00:00,,951626,,2026-08-28T02:23:53.724186+00:00,,1,100000000,2355000,86755544,2189445,-13244456,-17788901,7509617,LAST_FRESH_MARKET
FINAL-B,E4_ACT10_GB03_T15,fp1sig-509ee02b9abec8b5ec6d03d0,ABNdSShokJ5DmRhY8sKheSRdoFQYusgRu2QfKxCVpump,PP-ef2859fae26e3a1b3b0916f298daa94b,FILLED,TRAIL,2026-08-28T10:53:57.387412+00:00,1133384,1133412,2026-08-28T10:53:57.387412+00:00,2026-08-28T10:54:01.128141+00:00,,1,100000000,2355000,94702650,2288784,-5297350,-9941134,12021382,TRIGGER_MARKET
FINAL-B,E4_ACT10_GB03_T15,fp1sig-517a3a9b6cdb6fd797523ffd,9roapEzRTZZVH5rHHYczx5Snh8tHxedHjSYfdornpump,PP-704c2714cad33f4c582cef96cd81361c,FILLED,FALLBACK,2026-08-27T21:17:32.410656+00:00,,865990,,2026-08-27T21:17:40.868380+00:00,,1,100000000,2355000,91877610,2253471,-8122390,-12730861,19188718,LAST_FRESH_MARKET
FINAL-B,E4_ACT10_GB03_T15,fp1sig-529b929ba91f966b5be32d4c,dR25qdurcdrpMS8Y5CnX7DQg1BT18nBCqSxK24Spump,PP-54b26b41e7f021fdc24097fa32e20ca4,FILLED,FALLBACK,2026-08-28T11:22:43.412567+00:00,,1141801,,2026-08-28T11:22:44.319991+00:00,,1,100000000,2355000,152138945,3006737,52138945,46777208,3729190,LAST_FRESH_MARKET
FINAL-B,E4_ACT10_GB03_T15,fp1sig-52d108aeef24ce41d990d7fe,7GhknoiWV8AZCEKE61DeF8iRwYdteQMtmRBhuxvpump,PP-2ba5647d1235258296b5e6fc79665580,FILLED,FALLBACK,2026-08-27T19:25:09.106300+00:00,,842399,,2026-08-27T19:25:24.152884+00:00,,1,100000000,2355000,96622858,2312786,-3377142,-8044928,16077283,RULE_REFERENCE_FALLBACK
FINAL-B,E4_ACT10_GB03_T15,fp1sig-53605e3d6ea7059ab72ce729,GLp3C72fdm2n1scxVU47vdsACPX69dqM31rZhAMxpump,PP-8ee1f532c12f700e07d51e666386729e,FILLED,FALLBACK,2026-08-28T11:41:49.401698+00:00,,1148989,,2026-08-28T11:41:51.392443+00:00,,1,100000000,2355000,84759121,2164490,-15240879,-19760369,14390904,LAST_FRESH_MARKET
FINAL-B,E4_ACT10_GB03_T15,fp1sig-540990d621a32711205eb7d8,2amyBe1hPnusYxqGzpreMWUUTVUjT2tSqMH9AcEWpump,PP-61a957f995dba73864ecb06e7eb41fe2,FILLED,FALLBACK,2026-08-28T11:29:59.215645+00:00,,1144991,,2026-08-28T11:30:34.729115+00:00,REJECTED_THEN_FILLED,8,100000000,2355000,95581724,2299772,-4418276,-9073048,46585117,LAST_FRESH_MARKET
FINAL-B,E4_ACT10_GB03_T15,fp1sig-543853283c113e28b5f7b3d2,GHs316axozAwF7C4obW7S9BRsGz6h1ZmejxnT8yNpump,PP-2337a13f824d42ce38874ccaa5aa2185,FILLED,FALLBACK,2026-08-27T19:16:20.804089+00:00,,840984,,2026-08-27T19:16:22.360603+00:00,,1,100000000,2355000,154478238,3035978,54478238,49087260,13611619,LAST_FRESH_MARKET
FINAL-B,E4_ACT10_GB03_T15,fp1sig-5582bf5f70b8432b082bd871,5Ydm1kF9mGui4uncHfe3pJdkj3hfTtqfmJJvnWZDpump,PP-6fbc852dd6cf35a4941737e1b1a5fb8e,FILLED,TRAIL,2026-08-28T07:43:54.968011+00:00,1073582,1073596,2026-08-28T07:43:54.968011+00:00,2026-08-28T07:43:58.343088+00:00,,1,100000000,2355000,97542311,2324279,-2457689,-7136968,10983163,TRIGGER_MARKET
FINAL-B,E4_ACT10_GB03_T15,fp1sig-55b07ca16ee8041e9575a22e,22AJZk3ExdDvfJ84ch4HKvcQoKPdnW5AoHgQuMxPpump,PP-56a82d76dc7516e4b32d79acc2ad38bc,FILLED,FALLBACK,2026-08-28T07:25:27.575026+00:00,,1065525,,2026-08-28T07:25:47.684688+00:00,REJECTED_THEN_FILLED,2,100000000,2355000,81404403,2122556,-18595597,-23073153,32026605,LAST_FRESH_MARKET
FINAL-B,E4_ACT10_GB03_T15,fp1sig-55c33284347bc3b37084c6b8,m6kgz7FRjyjvUgrmKMqWHnzhWrP8E45b7rMq1uzpump,PP-74b09062b5b74defd0fb02c1e9b44290,FILLED,FALLBACK,2026-08-27T22:24:53.808109+00:00,,884886,,2026-08-27T22:25:00.798892+00:00,,1,100000000,2355000,84439831,2160498,-15560169,-20075667,18132219,LAST_FRESH_MARKET
FINAL-B,E4_ACT10_GB03_T15,fp1sig-5628dc6478a533919f077a5c,HNCoqgoWYgredFWMuTkSvc6uauuEpdoHHr2bYfwdpump,PP-7430fb0afb0beb66d87103a033cf6226,FILLED,FALLBACK,2026-08-28T11:54:35.572395+00:00,,1152863,,2026-08-28T11:54:38.609186+00:00,,1,100000000,2355000,117845480,2578069,17845480,12912411,14710193,LAST_FRESH_MARKET
FINAL-B,E4_ACT10_GB03_T15,fp1sig-568f643131151b73ffb3cce9,s2fmLid6Brd5LXdU7NF2M4vVDWhC51WcTGWuV9Bpump,PP-2d66763c8980a3a11cfd9012111d1674,FILLED,FALLBACK,2026-08-28T10:50:03.565747+00:00,,1131951,,2026-08-28T10:50:34.174324+00:00,,1,100000000,2355000,98275891,2333449,-1724109,-6412558,37473009,LAST_FRESH_MARKET
FINAL-B,E4_ACT10_GB03_T15,fp1sig-569ab1ba92f720535c3a630b,EoPHieRvhbPjyAwGj2r2NGa8RnQA2C85oQT9urxmpump,PP-32f7bea70c792dd62f6992cbd0f470c1,FILLED,FALLBACK,2026-08-28T00:24:09.508302+00:00,,916866,,2026-08-28T00:24:34.752875+00:00,,1,100000000,2355000,100624043,2362801,624043,-4093758,36978041,LAST_FRESH_MARKET
FINAL-B,E4_ACT10_GB03_T15,fp1sig-56a1b99ecea75a9b6eb8cead,CBtjgD5t37fELJC3RgLnSLBtenJmuhWAPDxTWmEkpump,PP-fd8428a43c0084e83e3fa6c85d1ef6d6,FILLED,FALLBACK,2026-08-28T04:05:04.397743+00:00,,989773,,2026-08-28T04:05:08.385089+00:00,,1,100000000,2355000,65741380,1926768,-34258620,-38540388,15744056,LAST_FRESH_MARKET
FINAL-B,E4_ACT10_GB03_T15,fp1sig-56e33b07569649f53916d37a,Ca6tBRAz5SRtJQ6cR7Ft7Avz8YUcNpdHE19EZ5y1pump,PP-f5d6799da1ce138a5d3aa368b6bb0f35,FILLED,FALLBACK,2026-08-27T14:34:18.004789+00:00,,792223,,2026-08-27T14:34:18.778432+00:00,,1,100000000,2355000,102420348,2385255,2420348,-2319907,12713642,LAST_FRESH_MARKET
FINAL-B,E4_ACT10_GB03_T15,fp1sig-56eeebd30f30005054e2268b,9EVrUPGhmCxmJK9oxUAfYXe2TStR52tKCEZmdvrmpump,PP-ea784571a5493107dc38e61ff3a030f1,FILLED,FALLBACK,2026-08-28T07:28:10.022056+00:00,,1066623,,2026-08-28T07:28:13.219546+00:00,,1,100000000,2355000,135779868,2802249,35779868,30622619,14864404,LAST_FRESH_MARKET
FINAL-B,E4_ACT10_GB03_T15,fp1sig-572891be3b33cfcf7cbbdef4,5JYPptLZjK2jjSnuXHmhb6v231XhWPBkFn9vELaJpump,PP-e2113dd947b374ab08e8aa0aac1592ca,FILLED,FALLBACK,2026-08-27T18:00:08.503415+00:00,,825160,,2026-08-27T18:00:10.180276+00:00,,1,100000000,2355000,100196075,2357451,196075,-4516376,13131897,LAST_FRESH_MARKET
FINAL-B,E4_ACT10_GB03_T15,fp1sig-57a3f9d10cf681c6f454e5f8,EK8H3MHSD4XvxqdSjkbgv3MFqCQ4uw2yGt5z1Srepump,PP-96a1f4cae79665623098f804a8d3321a,FILLED,FALLBACK,2026-08-28T10:12:51.734136+00:00,,1118786,,2026-08-28T10:12:54.447088+00:00,,1,100000000,2355000,111369320,2497117,11369320,6517203,13767446,LAST_FRESH_MARKET
FINAL-B,E4_ACT10_GB03_T15,fp1sig-5804ef00a96286df94f94461,86qgV9m8rn5vsN5Uwq9r4nKZJypsTQ8Cp7Lx5DXnpump,PP-6db260e83b05487b97477a3f566e7d77,FILLED,FALLBACK,2026-08-28T01:12:08.586412+00:00,,928067,,2026-08-28T01:12:10.259667+00:00,,1,100000000,2355000,96337644,2309221,-3662356,-8326577,13457696,LAST_FRESH_MARKET
FINAL-B,E4_ACT10_GB03_T15,fp1sig-5892b1779f4ec793f3ccbae0,7xexpBjigE8ZC8UqaKBjqoMnWL9ejKpaGL3KvtHTpump,PP-4c7c063d502d275a1a871a58b1403368,FILLED,FALLBACK,2026-08-28T03:32:04.287623+00:00,,978870,,2026-08-28T03:32:13.781082+00:00,,1,100000000,2355000,97921429,2329018,-2078571,-6762589,17178976,LAST_FRESH_MARKET
FINAL-B,E4_ACT10_GB03_T15,fp1sig-59ca9ef809e1ad7fd140e1c8,A9QkvHj118T63W4fzWw3rgQ2fbjVKsnyfL7x6H7apump,PP-305e84f31cd62b6692dda2dbee811941,FILLED,TRAIL,2026-08-28T04:04:59.902966+00:00,989683,989738,2026-08-28T04:04:59.902966+00:00,2026-08-28T04:05:04.366019+00:00,,1,100000000,2355000,100443239,2360541,443239,-4272302,8182785,TRIGGER_MARKET
FINAL-B,E4_ACT10_GB03_T15,fp1sig-5a5fab6a919bdafec18529cf,4XPeDTbktgn3LdRirFMR1UdGWT7Zdqcxk1XB11BKpump,PP-0a8863d8fec0dfa50ea0da719ce41d04,FILLED,TRAIL,2026-08-28T03:23:37.680121+00:00,975881,975914,2026-08-28T03:23:37.680121+00:00,2026-08-28T03:23:41.189352+00:00,,1,100000000,2355000,176717558,3313970,76717558,71048588,7147746,TRIGGER_MARKET
FINAL-B,E4_ACT10_GB03_T15,fp1sig-5ad5f815b5578dde25f933d1,3ru5YQL4PyaBLyUTR5zMNm7q2Gym3ftW3JGZaciSpump,PP-e0ef40644dd60fce33d59b4d51d333ff,FILLED,FALLBACK,2026-08-28T10:05:05.052658+00:00,,1115836,,2026-08-28T10:05:06.161700+00:00,,1,100000000,2355000,100748808,2364361,748808,-3970553,8290141,RULE_REFERENCE_FALLBACK
FINAL-B,E4_ACT10_GB03_T15,fp1sig-5b02ebad595df7bf21915020,EBgE3GZUz4K7eSH9Un5gXYtCY3xoX4Yd2mc1Dnmepump,PP-6f49fbbbcc740d7e6de8b58fd9b57bdf,FILLED,FALLBACK,2026-08-28T03:18:39.204368+00:00,,973669,,2026-08-28T03:18:44.711602+00:00,,1,100000000,2355000,87850784,2203135,-12149216,-16707351,13332865,LAST_FRESH_MARKET
FINAL-B,E4_ACT10_GB03_T15,fp1sig-5bf0da072a02e518c9bc016a,9B2pRNhkpwFHrbtV3H6UZRjhhynkZikdZ7wXqAf1monk,PP-1f0294b76c95c36e67d951c45896b965,FILLED,FALLBACK,2026-08-28T01:15:45.932056+00:00,,929104,,2026-08-28T01:16:00.326874+00:00,,1,100000000,2355000,88530398,2211630,-11469602,-16036232,25872205,LAST_FRESH_MARKET
FINAL-B,E4_ACT10_GB03_T15,fp1sig-5d3d665e711191fa751d8707,CSgQNMfrAH38VsXuMCTRq3GemayZXk4R9q7s4Urkpump,PP-3b5d1919c853fef08c0641a538fe0db6,FILLED,FALLBACK,2026-08-28T05:51:52.732919+00:00,,1026517,,2026-08-28T05:51:54.172441+00:00,,1,100000000,2355000,95586684,2299834,-4413316,-9068150,13215717,LAST_FRESH_MARKET
FINAL-B,E4_ACT10_GB03_T15,fp1sig-5d8b13c9c91374b57c858078,F66am9H2rd4c2V32MAyxmnXETR9zN8ypZoeq7Dfrpump,PP-3309f6cdd1b74dfe542ffba3b1fe6a53,FILLED,FALLBACK,2026-08-28T04:14:40.972811+00:00,,992723,,2026-08-28T04:14:42.107193+00:00,,1,100000000,2355000,78304384,2083805,-21695616,-26134421,13198112,LAST_FRESH_MARKET
FINAL-B,E4_ACT10_GB03_T15,fp1sig-5da3e0b729b9886bb5af5cb2,HZJK8yQATinLJSsj6RJvPZAim8ezdPNpsu6ZX7Tipump,PP-d233587e6662705eb866643bdb177ddb,FILLED,TRAIL,2026-08-27T21:41:26.472249+00:00,872369,872392,2026-08-27T21:41:26.472249+00:00,2026-08-27T21:41:27.255183+00:00,,1,100000000,2355000,109831979,2477900,9831979,4999079,12556960,TRIGGER_MARKET
FINAL-B,E4_ACT10_GB03_T15,fp1sig-5dc0125ed4c84d8566672d8a,FjJeEwJ57TLRjyGN6SYht8gH1u1DYChkAu89i7aUpump,PP-9d9e15bd7b26667cd3b7d603b8d79d20,FILLED,FALLBACK,2026-08-28T07:38:26.389930+00:00,,1071365,,2026-08-28T07:38:32.276705+00:00,,1,100000000,2355000,75376618,2047208,-24623382,-29025590,17169218,LAST_FRESH_MARKET
FINAL-B,E4_ACT10_GB03_T15,fp1sig-5dd38f899ebdc2803f8477f2,25FJVHWsMrhnBQVu3ZM4rqG7KCTt5ARPbQQoJDi7pump,PP-3e54ecf160b8c3684e2ddefa282b553a,FILLED,FALLBACK,2026-08-28T00:01:07.044482+00:00,,910445,,2026-08-28T00:01:14.331674+00:00,,1,100000000,2355000,99871170,2353390,-128830,-4837220,15528306,RULE_REFERENCE_FALLBACK
FINAL-B,E4_ACT10_GB03_T15,fp1sig-5dec20bde3aad4c22a229e53,4WWucgrbbEwLUFHW8cE7GT91M61D8XiYecHRhvv6pump,PP-caaa420289d7cbf16495e60b45475107,FILLED,FALLBACK,2026-08-27T12:50:46.668464+00:00,,771574,,2026-08-27T12:51:03.418422+00:00,,1,100000000,2355000,99478032,2348476,-521968,-5225444,19536042,RULE_REFERENCE_FALLBACK
FINAL-B,E4_ACT10_GB03_T15,fp1sig-5e405f98a0659954c9e4f245,6tNFoXAoQVqGjCEHzehbC8FgFc7Cskkt6wprdVLApump,PP-76e0f21408ee98f2f32ff05341eede0c,FILLED,TRAIL,2026-08-28T04:40:53.716828+00:00,1001324,1001326,2026-08-28T04:40:53.716828+00:00,2026-08-28T04:40:56.643370+00:00,,1,100000000,2355000,112070095,2505877,12070095,7209218,13233220,TRIGGER_MARKET
FINAL-B,E4_ACT10_GB03_T15,fp1sig-5e85d4e7a056bd7f5a67e788,9ANs7fXZXTYy41zTW6ibD1niC4fqoEvxij8AuCnFpump,PP-4d790af370a0997c7330b0e9c67fbd73,FILLED,FALLBACK,2026-08-28T03:19:55.524322+00:00,,974174,,2026-08-28T03:20:00.680885+00:00,,1,100000000,2355000,86275396,2183443,-13724604,-18263047,16564723,LAST_FRESH_MARKET
FINAL-B,E4_ACT10_GB03_T15,fp1sig-5e9b9ef5120a4506a7e2c02e,25FuB979ywM1wqNLCFH1iGRr2T4YZJtkowEhwF2Spump,PP-62e6797f9df9fd6ca7effb4722c6fdc0,FILLED,FALLBACK,2026-08-28T05:52:42.125474+00:00,,1026881,,2026-08-28T05:52:51.642020+00:00,REJECTED_THEN_FILLED,3,100000000,2355000,137741687,2826772,37741687,32559915,17231695,RULE_REFERENCE_FALLBACK
FINAL-B,E4_ACT10_GB03_T15,fp1sig-5fb332b7d4f0f43b7d1097c2,AnpPFzCHsS6YAd8a76d41THfgtGmmz52ND5VaMBCpump,PP-bdd1685034f49c1303e7f836e207738e,FILLED,FALLBACK,2026-08-27T14:48:55.688525+00:00,,795504,,2026-08-27T14:48:56.554171+00:00,,1,100000000,2355000,66631116,1937889,-33368884,-37661773,7599923,LAST_FRESH_MARKET
FINAL-B,E4_ACT10_GB03_T15,fp1sig-600fe35ee8aab4dce6a76fee,Sa5DTCmaJCyDfGNvm8CkxwtTM6Jgu7X6g3kdEKrpump,PP-8daf007392af27445027b969d80f9e7a,FILLED,FALLBACK,2026-08-28T09:29:04.344079+00:00,,1106873,,2026-08-28T09:29:09.683017+00:00,,1,100000000,2355000,97761087,2327014,-2238913,-6920927,15547523,RULE_REFERENCE_FALLBACK
FINAL-B,E4_ACT10_GB03_T15,fp1sig-605de7421604cae2c423d7d3,7vWaFVC8HWfZE97umKp3skY96DbDVgdyYAHqgooHpump,PP-06ed5e1c49a8c4b1df40d2748b87d0cb,FILLED,FALLBACK,2026-08-27T23:55:29.482207+00:00,,908688,,2026-08-27T23:55:32.554936+00:00,,1,100000000,2355000,95276359,2295955,-4723641,-9374596,14303471,LAST_FRESH_MARKET
FINAL-B,E4_ACT10_GB03_T15,fp1sig-60dcc5fec8446cb38ab9b66e,5FBK3U4Q7uR3XStVAEZHSop9Wo3AyBkN9CjS3xJFpump,PP-62c2d8659ee7042605bfbfec39c6740f,FILLED,FALLBACK,2026-08-28T01:43:52.550546+00:00,,938261,,2026-08-28T01:43:53.205002+00:00,,1,100000000,2355000,100383742,2359797,383742,-4331055,10718316,LAST_FRESH_MARKET
FINAL-B,E4_ACT10_GB03_T15,fp1sig-614ece51c284800ca1887859,5b2RVyk8xtUtYJTmQXWKLeZbAt2V3KC9mco542kApump,PP-be5c708a827f952b170c296048ed8b11,UNRESOLVED,TRAIL,2026-08-28T08:00:22.357667+00:00,1080063,,2026-08-28T08:00:22.357667+00:00,,REJECTED_SLIPPAGE,190,100000000,2355000,,,,,,TRIGGER_MARKET
FINAL-B,E4_ACT10_GB03_T15,fp1sig-6183a5abb63fa8083668cfcf,8WkCAVddYrEgNTm4qcPcY4KWcjLKe1fxcLvqgEnppump,PP-c5ff38106f9594f2a8efe45e28bbb78a,FILLED,FALLBACK,2026-08-28T07:12:04.786072+00:00,,1059357,,2026-08-28T07:12:15.712997+00:00,,1,100000000,2355000,100218666,2357734,218666,-4494068,22028744,LAST_FRESH_MARKET
FINAL-B,E4_ACT10_GB03_T15,fp1sig-62140a1abf6fb664bebf9228,9dpqWx5hQg4Bk7amL8GcEmTJbwsw8CucNNMDDzPppump,PP-d5e1e9559eb57dcad56b73fd0681aa05,FILLED,FALLBACK,2026-08-27T22:26:18.121447+00:00,,885273,,2026-08-27T22:26:21.560456+00:00,,1,100000000,2355000,160721380,3114018,60721380,55252362,14787002,LAST_FRESH_MARKET
FINAL-B,E4_ACT10_GB03_T15,fp1sig-62216e217074c2309533cedf,EXpnTgAjdKQpUAyQH1stkrNYjrYpqcumt6xyyRbtpump,PP-fba2f89a1bc729a1fc4f2c5d242bb710,FILLED,FALLBACK,2026-08-28T02:36:42.993655+00:00,,956148,,2026-08-28T02:36:52.879038+00:00,,1,100000000,2355000,142794708,2889934,42794708,37549774,12938100,RULE_REFERENCE_FALLBACK
FINAL-B,E4_ACT10_GB03_T15,fp1sig-625067842bd91ea2fbec6be8,8CLPkSTnoSA48Dy7iFPFBJ5vt3aTFZveHssWkHEWpump,PP-d4b760eb03c1f8bd0071513813474576,FILLED,FALLBACK,2026-08-27T20:46:34.874280+00:00,,857962,,2026-08-27T20:46:39.128478+00:00,,1,100000000,2355000,94319290,2283992,-5680710,-10319702,16113408,LAST_FRESH_MARKET
FINAL-B,E4_ACT10_GB03_T15,fp1sig-6255325e3a032afe51dc4634,Gp9wRzpuqt2GRqup24Q2jW7LcnjHY2ag3sTM6bPipump,PP-e5fe810a7424cc76d02347805f15cfda,FILLED,FALLBACK,2026-08-28T06:32:42.571046+00:00,,1041414,,2026-08-28T06:32:45.301883+00:00,,1,100000000,2355000,82103459,2131294,-17896541,-22382835,13611303,LAST_FRESH_MARKET
FINAL-B,E4_ACT10_GB03_T15,fp1sig-62e473e3935a34152e63017e,DeQESRnwZSUKvbizrvq9CMQvda2ZFCD1GQgxgx3bPxta,PP-9109eadc550725417a9a3c2172e06e5d,FILLED,FALLBACK,2026-08-27T17:06:16.076374+00:00,,815147,,2026-08-27T17:06:25.619243+00:00,,1,100000000,2355000,112689625,2513621,12689625,7821004,24028368,LAST_FRESH_MARKET
FINAL-B,E4_ACT10_GB03_T15,fp1sig-63233128f0ca6a7516da4b01,DRH7DtLJeRX25dXxu53CjX8FFyM3E11z9TxHCHDppump,PP-6d8d1da568459a2d0835266892e00b07,FILLED,FALLBACK,2026-08-27T13:58:02.666865+00:00,,786443,,2026-08-27T13:58:08.786419+00:00,,1,100000000,2355000,108604868,2462561,8604868,3787307,17672463,LAST_FRESH_MARKET
FINAL-B,E4_ACT10_GB03_T15,fp1sig-63da18f668fa77edf3448a26,A6sRivyW5BRtZ22AYfEaogqWhqLwnH9MeW7jgCo7pump,PP-8216fdaa675a20cb41d08a8ce29e59d0,FILLED,FALLBACK,2026-08-27T20:36:53.973410+00:00,,856018,,2026-08-27T20:36:55.901796+00:00,,1,100000000,2355000,125861398,2678268,25861398,20828130,7894012,LAST_FRESH_MARKET
FINAL-B,E4_ACT10_GB03_T15,fp1sig-645f2ec03079a24b296bd7a0,5Exa4eJn7syqDyhMgQmEK71SNteShc6DZdBU7pZ6pump,PP-4e3449b390ec5b612b88b0878de2a786,FILLED,FALLBACK,2026-08-28T00:57:30.860944+00:00,,924825,,2026-08-28T00:57:38.581369+00:00,,1,100000000,2355000,98429008,2335363,-1570992,-6261355,16807028,LAST_FRESH_MARKET
FINAL-B,E4_ACT10_GB03_T15,fp1sig-64732a9ac0dc61e06a0efe57,G1xVZ8onzeCMHCzPKbP5YH9buS8fRUmmcAADtL4opump,PP-fa0e0ca3ad265a205c52c815f6a20d08,FILLED,FALLBACK,2026-08-28T08:32:14.900100+00:00,,1093287,,2026-08-28T08:32:18.290347+00:00,,1,100000000,2355000,73046384,2018080,-26953616,-31326696,14779593,LAST_FRESH_MARKET
FINAL-B,E4_ACT10_GB03_T15,fp1sig-64a1ca304eaa17eccb262e51,V7UFEznvGhFqufxhPEu8UjAQ5JAT3K8n2fJfypYpump,PP-08b7fd4ca99673877041171352d4f6b7,FILLED,FALLBACK,2026-08-28T04:07:14.175826+00:00,,990625,,2026-08-28T04:07:17.377592+00:00,,1,100000000,2355000,36783891,1564799,-63216109,-67135908,14288219,LAST_FRESH_MARKET
FINAL-B,E4_ACT10_GB03_T15,fp1sig-6536b85fb11c677435349135,5YUCjjcvvCe295XeGcXCQJYwrHTa7nJYTtGajKGfpump,PP-7f27e752e4e6cf1ffb9049dd0f9a87bb,FILLED,FALLBACK,2026-08-27T20:43:53.827379+00:00,,857309,,2026-08-27T20:43:56.113096+00:00,,1,100000000,2355000,97829301,2327867,-2170699,-6853566,13429933,LAST_FRESH_MARKET
FINAL-B,E4_ACT10_GB03_T15,fp1sig-658242162b4ad6bb86bdf698,9vucFyWpeziPe1pVmueLThoUYfYEnzNHaAffTTeRpump,PP-b0b63c11bd68b93fbde0f92e1d036c07,FILLED,FALLBACK,2026-08-28T10:39:00.473713+00:00,,1127687,,2026-08-28T10:39:04.959607+00:00,,1,100000000,2355000,105524932,2424062,5524932,745870,16469831,LAST_FRESH_MARKET
FINAL-B,E4_ACT10_GB03_T15,fp1sig-65eabc8e104a734313e52e2f,cotNgfNGmoUXLaPnZiZ1bpQqzgQ5treqGLmLrLZpump,PP-c1a578b3fff3e283cb4e91987dae1a78,FILLED,FALLBACK,2026-08-28T03:38:23.030532+00:00,,980949,,2026-08-28T03:38:25.805817+00:00,,1,100000000,2355000,90167540,2232095,-9832460,-14419555,10195931,LAST_FRESH_MARKET
FINAL-B,E4_ACT10_GB03_T15,fp1sig-65ebb0d0c19363a17fd7b3c6,GzsSmNUMCWqKaYcpLJTxsDQsLbTH6HGi2my9eUC8pump,PP-80b0f8e6d252d1a7e4237874bf2e2e97,FILLED,FALLBACK,2026-08-28T11:32:28.358598+00:00,,1145842,,2026-08-28T11:33:11.471911+00:00,,1,100000000,2355000,104744427,2414306,4744427,-24879,45968487,RULE_REFERENCE_FALLBACK
FINAL-B,E4_ACT10_GB03_T15,fp1sig-66886437a1b5be345f7fc9a0,5Dqz5n5oNX3f9gwjhJExMDrxnqU4a6KZCPavXDQrpump,PP-dbace0117433d41ec13d034b557ce161,FILLED,FALLBACK,2026-08-28T02:35:27.913949+00:00,,955607,,2026-08-28T02:35:28.742280+00:00,,1,100000000,2355000,84628933,2162862,-15371067,-19888929,12380086,LAST_FRESH_MARKET
FINAL-B,E4_ACT10_GB03_T15,fp1sig-6765dafcccb61535e91fbd8c,6dVjUgTrAMdziUrx3JoqPVS4AG7W8RXdCQQBxExWt34T,PP-c0ef1fc673e59327d69ff6b7e9ee145d,FILLED,FALLBACK,2026-08-28T00:00:48.359445+00:00,,910273,,2026-08-28T00:00:51.989480+00:00,,1,100000000,2355000,77035914,2067949,-22964086,-27387035,3721610,LAST_FRESH_MARKET
FINAL-B,E4_ACT10_GB03_T15,fp1sig-67813c52b9f6f609fafb029a,2KXmSt5VpKWwo5NyehQzLaAHRgJmUMeHnweJQP1npump,PP-55a85f478f53ee940c1e537be39c1929,FILLED,FALLBACK,2026-08-28T06:19:58.362539+00:00,,1036113,,2026-08-28T06:20:01.817031+00:00,,1,100000000,2355000,98771436,2339643,-1228564,-5923207,15448392,LAST_FRESH_MARKET
FINAL-B,E4_ACT10_GB03_T15,fp1sig-67e6f6c461f98cd84e357f55,EzdcGAkwH3LKNm9eJ85f5ySsHku6PSdXHxv4fLe8pump,PP-08cbaf7f098b816b37ac957111d0c9f5,UNRESOLVED,FALLBACK,2026-08-28T10:13:56.779174+00:00,,,,,REJECTED_SLIPPAGE,25,100000000,2355000,,,,,,RULE_REFERENCE_FALLBACK
FINAL-B,E4_ACT10_GB03_T15,fp1sig-683bef07a24da3a3ae028a38,2kUHMTACDp5KtVDtgb9LdEr2aFXwTrn9DZQ2KEHEpump,PP-d90eea8878c9e29a0f305c4ee02677a4,FILLED,FALLBACK,2026-08-27T23:58:48.377024+00:00,,909538,,2026-08-27T23:58:51.799448+00:00,,1,100000000,2355000,93746060,2276826,-6253940,-10885766,11269689,LAST_FRESH_MARKET
FINAL-B,E4_ACT10_GB03_T15,fp1sig-692838d02c38be63b3adbc1e,486bYPM3VTT4gx5dZR6NpGGFUEEasKxV8ZV6GCWYpump,PP-d9e11bd2c54bfc508a7cb7682f250043,FILLED,FALLBACK,2026-08-27T19:22:03.559489+00:00,,842109,,2026-08-27T19:23:23.942492+00:00,REJECTED_THEN_FILLED,4,100000000,2355000,82801662,2140021,-17198338,-21693359,91769442,LAST_FRESH_MARKET
FINAL-B,E4_ACT10_GB03_T15,fp1sig-69bed4ccdd588d5112c8304d,5BNxgJ82uAcnEmcEpN4b4ezL8fd9LHq8to36EJ5Ypump,PP-93476610988d48ad82178033e0e07b97,FILLED,FALLBACK,2026-08-27T13:17:12.235395+00:00,,777559,,2026-08-27T13:17:15.972724+00:00,,1,100000000,2355000,102013776,2380173,2013776,-2721397,13419082,LAST_FRESH_MARKET
FINAL-B,E4_ACT10_GB03_T15,fp1sig-69e56ee5ce8b7ccc2594458a,9fQDfXFEVPMZRW7yBM7QRyjcdfbSFXMX8mLxxxkupump,PP-d111984c8242aee14adf4c8608a25b92,FILLED,FALLBACK,2026-08-28T05:07:14.036600+00:00,,1009766,,2026-08-28T05:07:16.890094+00:00,,1,100000000,2355000,110809972,2490125,10809972,5964847,10876490,LAST_FRESH_MARKET
FINAL-B,E4_ACT10_GB03_T15,fp1sig-6a0ecfdb74c0a5580d066979,8r5toTFR35eosbBcFyMZnXkFdWTPnrtPi1pFXgy8pump,PP-f978f40485cccf6fa3007bfdc8461a94,FILLED,TRAIL,2026-08-28T06:49:32.330025+00:00,1048938,1048959,2026-08-28T06:49:32.330025+00:00,2026-08-28T06:49:35.546030+00:00,,1,100000000,2355000,91268935,2245862,-8731065,-13331927,3241982,TRIGGER_MARKET
FINAL-B,E4_ACT10_GB03_T15,fp1sig-6a351dde442b0171ea20e827,BPyTbaQDEeAv9aCVk4m62iVjBv1CtR76tpzWFvXipump,PP-cd7e866b2b0386843f62a378116ebe5f,FILLED,FALLBACK,2026-08-27T20:51:10.689521+00:00,,859616,,2026-08-27T20:52:53.934344+00:00,,1,100000000,2355000,102202690,2382534,2202690,-2534844,108894728,RULE_REFERENCE_FALLBACK
FINAL-B,E4_ACT10_GB03_T15,fp1sig-6b16aacd7c718bf76f9cfd81,2KEujGQzV6RPjrD5e9TLqY3Tbk1GC1ukWrR8JHEypump,PP-fb558499a21629c33a5aa814294f2ce7,FILLED,FALLBACK,2026-08-28T04:02:46.321168+00:00,,988568,,2026-08-28T04:02:48.659848+00:00,,1,100000000,2355000,122314584,2633933,22314584,17325651,13615908,RULE_REFERENCE_FALLBACK
FINAL-B,E4_ACT10_GB03_T15,fp1sig-6b604dc0915dc3b10b2fd346,irvJgRAyhvmfGyBwk9PvW33FTV3hkf5uWn9zaG2pump,PP-11764984c871c60885145bc6582e9841,FILLED,FALLBACK,2026-08-28T00:48:38.767965+00:00,,923400,,2026-08-28T00:49:44.549953+00:00,,1,100000000,2355000,83767512,2152094,-16232488,-20739582,78260565,LAST_FRESH_MARKET
FINAL-B,E4_ACT10_GB03_T15,fp1sig-6b6075459953c9b461a39593,9xGXbhjjUhzVaPSVakSrNxv1ndf7GSagrPUMzvphpump,PP-6835fa5c52d5e774350b8455529b3f7e,FILLED,FALLBACK,2026-08-28T08:29:56.562671+00:00,,1092216,,2026-08-28T08:29:59.406054+00:00,,1,100000000,2355000,107769465,2452119,7769465,2962346,14349300,LAST_FRESH_MARKET
FINAL-B,E4_ACT10_GB03_T15,fp1sig-6bee0f7bbca6be5e98f90cd1,FyygAVhDKygx9KpqWoxk6rkn3HUEmHB7cEVFFWBDpump,PP-1fb3d57fd592d82c59be428940bef236,UNRESOLVED,FALLBACK,2026-08-28T11:57:56.819992+00:00,,,,,REJECTED_SLIPPAGE,120,100000000,2355000,,,,,,LAST_FRESH_MARKET
FINAL-B,E4_ACT10_GB03_T15,fp1sig-6c0e844602ba101167dd8430,FouBqbQ4fz972DKEm9W7aGGR8xW6pfBz17unrJyDpump,PP-57b9b972d36726b91e2656e62eca0cd9,FILLED,FALLBACK,2026-08-27T21:55:00.976762+00:00,,876173,,2026-08-27T21:55:05.847628+00:00,,1,100000000,2355000,105718590,2426483,5718590,937107,13881546,LAST_FRESH_MARKET
FINAL-B,E4_ACT10_GB03_T15,fp1sig-6c1cc654d4840250ce9e51c3,BUb9Nyres1gQyTAAhLor6vEVvn5krUoDRGtWdr3pump,PP-993b7252dfbaaeb5862f120188480346,FILLED,FALLBACK,2026-08-28T07:09:38.353036+00:00,,1058265,,2026-08-28T07:09:39.933941+00:00,,1,100000000,2355000,167051116,3193139,67051116,61502977,13147059,LAST_FRESH_MARKET
FINAL-B,E4_ACT10_GB03_T15,fp1sig-6d5afd675649cedb485c8442,25G5htngUfr1zUpEZtUKvagNe4JwDvW4WeiaWP1hpump,PP-20d88370810e4887439bbd15cfcb114e,FILLED,TRAIL,2026-08-28T07:33:48.439502+00:00,1069013,1069040,2026-08-28T07:33:48.439502+00:00,2026-08-28T07:33:53.100491+00:00,,1,100000000,2355000,88524883,2211562,-11475117,-16041679,11549136,TRIGGER_MARKET
FINAL-B,E4_ACT10_GB03_T15,fp1sig-6d67f5ef3b8845fc3a998d8e,3ZymrFTh6yySGm9ue4NMXK4wv4RF8XkkGGE1tumnpump,PP-4d5d00cad5b30650230f709786985877,FILLED,FALLBACK,2026-08-28T10:07:30.304252+00:00,,1116743,,2026-08-28T10:07:32.932826+00:00,,1,100000000,2355000,159080206,3093503,59080206,53631703,13208133,LAST_FRESH_MARKET
FINAL-B,E4_ACT10_GB03_T15,fp1sig-6dc1107e8abd889a9cf44a30,FkULkAQaPvxQ8zs4CMDqner8eZy8fcJEG737sqzLpump,PP-3a31e44783d2531830394d9bc3f9745d,FILLED,FALLBACK,2026-08-28T03:59:57.678179+00:00,,987552,,2026-08-28T04:00:02.903613+00:00,,1,100000000,2355000,115832160,2552902,15832160,10924258,16817889,LAST_FRESH_MARKET
FINAL-B,E4_ACT10_GB03_T15,fp1sig-6ddc09f7cecf656a8efe8853,CDBF5NDF97LYShF9Bm7LjaYFtn2UHBSWFuY17FXvpump,PP-7fedc9e63d09eb2ed728b46314ef5d2c,FILLED,FALLBACK,2026-08-28T01:41:58.840392+00:00,,937675,,2026-08-28T01:42:07.803810+00:00,,1,100000000,2355000,114773664,2539671,14773664,9878993,20053986,LAST_FRESH_MARKET
FINAL-B,E4_ACT10_GB03_T15,fp1sig-6e021424be8a232194ec003f,2qYVXSHFivgwHw4JxpHLqqpSy6xDg892D38jWqPopump,PP-b11c328203eb2e01790f03adb08e6352,FILLED,TRAIL,2026-08-28T02:46:42.024461+00:00,960178,960215,2026-08-28T02:46:42.024461+00:00,2026-08-28T02:46:48.578695+00:00,,1,100000000,2355000,107358174,2446978,7358174,2556196,12910975,TRIGGER_MARKET
FINAL-B,E4_ACT10_GB03_T15,fp1sig-6e088dbf221e35034b84b644,CDyx79J8W57oSEcZ6iG5ry3MMoW9RTbgd4C4QvRmpump,PP-fff7bfa3d68a45c47474e1e5620994eb,FILLED,FALLBACK,2026-08-28T12:01:33.433114+00:00,,1154967,,2026-08-28T12:01:36.283698+00:00,,1,100000000,2355000,87673346,2200917,-12326654,-16882571,14662348,LAST_FRESH_MARKET
FINAL-B,E4_ACT10_GB03_T15,fp1sig-6edfeef52dfb25460eee9304,9pH7yCQSNGJfRHWbj69cPHiipMpYBHK3gTwo75Aqpump,PP-c7f5d7466737440219a34e76bb25679c,UNRESOLVED,FALLBACK,2026-08-27T18:33:35.106374+00:00,,,,,NO_CAUSAL_FILL,0,100000000,2355000,,,,,,LAST_FRESH_MARKET
FINAL-B,E4_ACT10_GB03_T15,fp1sig-7054639bdc8d889acf657ca1,8kj7UPsGChVLy458oU7N89qJ5ZhUW2Acn2TyffBrpump,PP-bfe1f5ed19bad259e5a7f66b264ee3ae,FILLED,FALLBACK,2026-08-28T05:23:13.217582+00:00,,1014675,,2026-08-28T05:23:26.352631+00:00,,1,100000000,2355000,99707247,2351341,-292753,-4999094,24564620,RULE_REFERENCE_FALLBACK
FINAL-B,E4_ACT10_GB03_T15,fp1sig-70a798b145481b35b90135c7,J58uwcpCU3vpomu5bmx23XNNzLDnTDw3GQgGQ1Jepump,PP-ef06d89533839863dfaf54eeb78711c5,FILLED,TRAIL,2026-08-28T08:03:25.262021+00:00,1081532,1081539,2026-08-28T08:03:25.262021+00:00,2026-08-28T08:03:28.488862+00:00,,1,100000000,2355000,107256245,2445704,7256245,2455541,11101279,TRIGGER_MARKET
FINAL-B,E4_ACT10_GB03_T15,fp1sig-71651ea589fb3aab8bb9ddf0,7B7WMeD2gC8dMeRWStFyFd5TaV8ZnvjHuVX77D6Bpump,PP-ee12ca667023fe8812408da68e8fac93,FILLED,FALLBACK,2026-08-28T03:42:16.434182+00:00,,982059,,2026-08-28T03:42:40.707203+00:00,,1,100000000,2355000,85564547,2174557,-14435453,-18965010,35717666,LAST_FRESH_MARKET
FINAL-B,E4_ACT10_GB03_T15,fp1sig-716ca9c72f539872f1bf838b,GEPMh9EaRvQUA3Lwjg5JWCZuXfSG7uhQpdzgXPmzpump,PP-3d7716a6b89e9ad62e42875d9f3ef5f1,FILLED,FALLBACK,2026-08-28T04:02:39.369873+00:00,,988517,,2026-08-28T04:02:42.514685+00:00,,1,100000000,2355000,104726017,2414076,4726017,-43059,15026691,LAST_FRESH_MARKET
FINAL-B,E4_ACT10_GB03_T15,fp1sig-719885e7c80f5cbc85205b54,33uugoscjfiTCEqnaN7jRXSu1ZureEE2suWAvyYypump,PP-88acc5fb48938d6027f8a8b4c91f39c4,FILLED,FALLBACK,2026-08-27T13:14:03.755720+00:00,,776851,,2026-08-27T13:14:07.636324+00:00,,1,100000000,2355000,101778997,2377238,1778997,-2953241,4699247,RULE_REFERENCE_FALLBACK
FINAL-B,E4_ACT10_GB03_T15,fp1sig-725cdb49b5aeec033e7ee613,5ozpq6zD5GZu8QBWaudhcPPpmdteG7cZqN33veo5pump,PP-ecb376f05f44ebfc14d552bb09a843bd,FILLED,TRAIL,2026-08-28T02:55:03.267826+00:00,964098,964136,2026-08-28T02:55:03.267826+00:00,2026-08-28T02:55:06.996550+00:00,,1,100000000,2355000,78996158,2092452,-21003842,-25451294,10316163,TRIGGER_MARKET
FINAL-B,E4_ACT10_GB03_T15,fp1sig-73299c42c29c41a81c7cc198,GrQb3crdCTEvuzdR4QmCE2GbPuR3hDVrBAASH881pump,PP-1182407bfbe94ef796ff5c6277eb3404,FILLED,FALLBACK,2026-08-27T17:31:59.124175+00:00,,819756,,2026-08-27T17:31:59.782939+00:00,,1,100000000,2355000,115910634,2553883,15910634,11001751,5284778,LAST_FRESH_MARKET
FINAL-B,E4_ACT10_GB03_T15,fp1sig-734451ec01f0ac5b5c74d137,7We7nhjShATyKPaumiLGrQhWbndTmPMzpTLd1F68pump,PP-f5b3a6bbd32085bb8c112a3b76a54fb1,FILLED,FALLBACK,2026-08-28T00:43:59.778000+00:00,,922138,,2026-08-28T00:44:01.688951+00:00,,1,100000000,2355000,103289319,2396117,3289319,-1461798,12980787,LAST_FRESH_MARKET
FINAL-B,E4_ACT10_GB03_T15,fp1sig-736c4e110644b3b12bc1620d,GhKubygGX92vSDpZQPGddJpApyyWzx74saXhSb4ppump,PP-7e8d8909539784b619e1448e1b2b55e3,FILLED,TRAIL,2026-08-28T11:46:57.016762+00:00,1150717,1150746,2026-08-28T11:46:57.016762+00:00,2026-08-28T11:47:01.571857+00:00,,1,100000000,2355000,117202485,2570032,17202485,12277453,10280319,TRIGGER_MARKET
FINAL-B,E4_ACT10_GB03_T15,fp1sig-73cfd3f7b073110cd9de84d9,9V2W3sJ7oLeVxXNUmFTR8LER1UxR1nzjjk66xJDApump,PP-15919947292cf0678b5ecf2b91ea25b3,FILLED,FALLBACK,2026-08-28T04:46:11.055719+00:00,,1003307,,2026-08-28T04:46:16.966021+00:00,REJECTED_THEN_FILLED,3,100000000,2355000,48761042,1714514,-51238958,-55308472,17649526,LAST_FRESH_MARKET
FINAL-B,E4_ACT10_GB03_T15,fp1sig-74795db0dca88531e2e6fbd9,EwBbjgVE3VHfE471fHkeeymbWxFoUiLgwPyhRfzJpump,PP-43711df07e3bac45bd46905668a5781f,FILLED,FALLBACK,2026-08-27T19:34:40.777575+00:00,,844295,,2026-08-27T19:34:44.362922+00:00,,1,100000000,2355000,120309224,2608866,20309224,15345358,9977205,RULE_REFERENCE_FALLBACK
FINAL-B,E4_ACT10_GB03_T15,fp1sig-7518fd0db9b1012324f315cf,5xAUJtidTsRBQe2KNHApugbH3jzGCuiSPK2EEtX8pump,PP-ff282f64eec1ae1503eb9487edc2e726,FILLED,FALLBACK,2026-08-28T03:26:34.466800+00:00,,976969,,2026-08-28T03:26:49.656868+00:00,,1,100000000,2355000,107496983,2448713,7496983,2693270,20582882,LAST_FRESH_MARKET
FINAL-B,E4_ACT10_GB03_T15,fp1sig-75b350dcfc1cddef9b424dde,7NWF5HV5qSYNveYQ6iz3gh79MGBGFfz8pBTL914rpump,PP-0f3abac0ac8ae5d1ca679faac44d4922,FILLED,FALLBACK,2026-08-27T22:03:36.176471+00:00,,878138,,2026-08-27T22:03:45.106188+00:00,,1,100000000,2355000,93233201,2270416,-6766799,-11392215,19788153,LAST_FRESH_MARKET
FINAL-B,E4_ACT10_GB03_T15,fp1sig-76036c6e8caf0a34c1dd71b3,EeLGBafHXenEzVhuwk4sfRWXR9qzDrxajZmafeVJpump,PP-c0058a8295f0028627be5b1e9a761993,FILLED,FALLBACK,2026-08-27T18:58:49.252235+00:00,,837318,,2026-08-27T18:58:53.250479+00:00,,1,100000000,2355000,113155682,2519447,13155682,8281235,10374400,RULE_REFERENCE_FALLBACK
FINAL-B,E4_ACT10_GB03_T15,fp1sig-766a352008c6f10cfcf811f7,3aSMQgQLbroAxKS6tNeTZbsvrHUiBtTfs2j1wJA7pump,PP-fad3629dee40400653b1775988161ba7,FILLED,FALLBACK,2026-08-28T00:14:57.550781+00:00,,913765,,2026-08-28T00:15:05.540499+00:00,REJECTED_THEN_FILLED,2,100000000,2355000,97673372,2325918,-2326628,-7007546,17064583,LAST_FRESH_MARKET
FINAL-B,E4_ACT10_GB03_T15,fp1sig-76d6c60d672bd280f08394cf,31acpN9DnZpS7p9yW4Ls8VZhcQ9yfdET2bwPyVwppump,PP-935cc48b5c279ed3fbba99642f53a5fc,FILLED,FALLBACK,2026-08-28T05:05:16.729204+00:00,,1009447,,2026-08-28T05:05:19.556861+00:00,,1,100000000,2355000,115397666,2547471,15397666,10495195,11410862,LAST_FRESH_MARKET
FINAL-B,E4_ACT10_GB03_T15,fp1sig-7700500697d323908e1b193c,2y2rhLJ6Y1qSiYD3pRDwn61PLXp7zyEmRBEZwQSnpump,PP-3125cbe5ea49de94ceb3cbcc8cafe758,FILLED,TRAIL,2026-08-28T06:39:33.744090+00:00,1044441,1044486,2026-08-28T06:39:33.744090+00:00,2026-08-28T06:39:37.179993+00:00,,1,100000000,2355000,78775276,2089691,-21224724,-25669415,6822954,TRIGGER_MARKET
FINAL-B,E4_ACT10_GB03_T15,fp1sig-7747400066948209e988e28d,6aB91jA6CGa1WoT3srdqP7mqDYueWNCmkHL65GtPpump,PP-32e3d4fc68cec1321062ba8404e06f7c,UNRESOLVED,FALLBACK,2026-08-28T07:23:56.750886+00:00,,,,,REJECTED_SLIPPAGE,572,100000000,2355000,,,,,,LAST_FRESH_MARKET
FINAL-B,E4_ACT10_GB03_T15,fp1sig-7887c3a6d165f47576f97ded,GBWmWk8EpaANF8zdAqQDgt75zhCi331TUSgdm7tdpump,PP-508ea20f35ca9c384c7cfee4544d00de,FILLED,FALLBACK,2026-08-28T11:23:46.176599+00:00,,1142344,,2026-08-28T11:23:48.449239+00:00,,1,100000000,2355000,68768793,1964610,-31231207,-35550817,12320274,LAST_FRESH_MARKET
FINAL-B,E4_ACT10_GB03_T15,fp1sig-788be5f3144249015aa7ca3f,Aq3SZ4xcW5AqQLXXCGgybvTaTUsarj6itv8tcmMGpump,PP-38bd8b3d8f101b4f256c886331b465a0,FILLED,FALLBACK,2026-08-27T15:07:27.298344+00:00,,798289,,2026-08-27T15:07:40.483627+00:00,,1,100000000,2355000,71828846,2002861,-28171154,-32529015,21856490,LAST_FRESH_MARKET
FINAL-B,E4_ACT10_GB03_T15,fp1sig-789ca62d5abe2488da2075a7,HhxHeLQNzfMxd4obhFwANfPnw1p5ZnuvobbzbfNNpump,PP-47761dfd3b0e421617d2795214b831c9,FILLED,FALLBACK,2026-08-27T22:41:23.689277+00:00,,889257,,2026-08-27T22:41:36.651524+00:00,,1,100000000,2355000,96417103,2310214,-3582897,-8248111,21321171,LAST_FRESH_MARKET
FINAL-B,E4_ACT10_GB03_T15,fp1sig-78c09977ea9b7f4f53178f56,BvCZzB1833vBhVZRKL75eJrWuJa3JjgkbPHJFmExpump,PP-4394e1b9c3ab0614ca32f0bbd7ac97e6,FILLED,FALLBACK,2026-08-28T02:12:38.883212+00:00,,947875,,2026-08-28T02:13:01.020291+00:00,,1,100000000,2355000,92406895,2260087,-7593105,-12208192,33947339,LAST_FRESH_MARKET
FINAL-B,E4_ACT10_GB03_T15,fp1sig-78e9ddac51c12ffdca331234,8rbkzjfRhdqvpfHwMuybNHnAfdddnXd2CSbinoJwpump,PP-ba2be0a9dee35fbc5206d7e3f3709662,FILLED,FALLBACK,2026-08-28T03:19:40.258670+00:00,,974122,,2026-08-28T03:19:47.041677+00:00,,1,100000000,2355000,117184511,2569807,17184511,12259704,17826054,LAST_FRESH_MARKET
FINAL-B,E4_ACT10_GB03_T15,fp1sig-7930a16ec3242db7f280498c,Aqsby4rGt9nFsnjuiBC18p3sJNtxbkk9KosUUtRvpump,PP-c269e6cac370dd44fbc76e3ba7af1181,FILLED,FALLBACK,2026-08-28T04:12:49.594727+00:00,,992416,,2026-08-28T04:12:57.202328+00:00,,1,100000000,2355000,127466555,2698332,27466555,22413223,19490094,LAST_FRESH_MARKET
FINAL-B,E4_ACT10_GB03_T15,fp1sig-7955d76f46c9d2bd4dd60c83,GPY8nXs5ahAHzR9kPLZoqBkTb3egmUoRey767UXDWcTP,PP-4d031ff584f615d9e4c960b106b0c3f0,FILLED,FALLBACK,2026-08-27T19:58:28.723922+00:00,,848677,,2026-08-27T19:58:37.109440+00:00,,1,100000000,2355000,100152803,2356911,152803,-4559108,16117939,LAST_FRESH_MARKET
FINAL-B,E4_ACT10_GB03_T15,fp1sig-7a3da37c5e96d51a779fb9ae,25FyVNwC6T8ShJzxu1Kg32RM1DvdtqQuYf8WgqXYpump,PP-774f92f7c46705a98931f5974a882d3d,FILLED,TRAIL,2026-08-28T06:54:05.916743+00:00,1051170,1051179,2026-08-28T06:54:05.916743+00:00,2026-08-28T06:54:09.137873+00:00,,1,100000000,2355000,72077218,2005966,-27922782,-32283748,3245129,TRIGGER_MARKET
FINAL-B,E4_ACT10_GB03_T15,fp1sig-7a41c29e8ce0e35fbbb02659,DrMLtQ6Xq1xEtvWvcZnM7gotXNK52ypRsa4X6Y6Hpump,PP-9afeb5f1d2f1df20a1e44841de476d11,FILLED,FALLBACK,2026-08-27T20:04:05.218559+00:00,,849748,,2026-08-27T20:04:06.768697+00:00,,1,100000000,2355000,102115048,2381439,2115048,-2621391,13745387,LAST_FRESH_MARKET
FINAL-B,E4_ACT10_GB03_T15,fp1sig-7a59fcf74159c2ccd6bcd4b0,5W4GmJbCYAHHbvipxwtWkijTh8BHyGFcPBaQvUkPpump,PP-06030eac49ff0dd0d8f9e698ac6d6fc4,FILLED,FALLBACK,2026-08-27T17:12:04.669407+00:00,,815922,,2026-08-27T17:12:24.548927+00:00,,1,100000000,2355000,95964954,2304562,-4035046,-8694608,31227781,RULE_REFERENCE_FALLBACK
FINAL-B,E4_ACT10_GB03_T15,fp1sig-7ab6b20859d01ba5c22da05d,EVS7V5QjoAR8YRR8W2Kh1SzByChSwanbfdwpetVbpump,PP-50e0cbf553ea4bac20df5006824526d4,FILLED,FALLBACK,2026-08-28T06:38:02.337672+00:00,,1043690,,2026-08-28T06:38:04.632941+00:00,,1,100000000,2355000,95986116,2304827,-4013884,-8673711,14090427,LAST_FRESH_MARKET
FINAL-B,E4_ACT10_GB03_T15,fp1sig-7abaa533c81959e6a423a2ce,HjW78r1uDYSCutuG9E3WUiBvVRKELWw7gRKsAopGpump,PP-48bf8f12d74b924c0e41a540fce8a445,FILLED,FALLBACK,2026-08-28T07:51:03.134368+00:00,,1076623,,2026-08-28T07:51:05.227192+00:00,,1,100000000,2355000,93569912,2274624,-6430088,-11059712,14204321,LAST_FRESH_MARKET
FINAL-B,E4_ACT10_GB03_T15,fp1sig-7b05dcae8adb706022a3168e,54hLM6tyAY8FSBeU2CL3Kz37dYWPn9GQ8enncKeHpump,PP-236eed16ae9ef3d2f0223e8a50c66f65,FILLED,FALLBACK,2026-08-27T13:07:05.520552+00:00,,774931,,2026-08-27T13:07:11.445096+00:00,,1,100000000,2355000,101658878,2375736,1658878,-3071858,16687600,LAST_FRESH_MARKET
FINAL-B,E4_ACT10_GB03_T15,fp1sig-7b4d268d71c461369b0ff3c9,8LhTc3wvbgMGtJGdjJdZZS2g1xEcBuJA9KG7zGT7pump,PP-f85d550a397adcb0ee8d1e22b2befa0a,FILLED,FALLBACK,2026-08-28T01:09:52.100577+00:00,,927294,,2026-08-28T01:09:53.483668+00:00,,1,100000000,2355000,102413514,2385169,2413514,-2326655,9651110,LAST_FRESH_MARKET
FINAL-B,E4_ACT10_GB03_T15,fp1sig-7b5928eb964cf637fe8367e7,Ctt3GWPEbpP9h1NoRDKXjxvYi47Q1vxKpkzM7iGVpump,PP-5f7acf7bb729d291cdd1b645584ccc85,FILLED,FALLBACK,2026-08-28T12:05:32.113199+00:00,,1156083,,2026-08-28T12:05:33.006673+00:00,,1,100000000,2355000,92841852,2265524,-7158148,-11778672,11015233,LAST_FRESH_MARKET
FINAL-B,E4_ACT10_GB03_T15,fp1sig-7c2db773dc7782c88a2f8c08,7yqwb7ztvMKJDAVSjiGmbrK3kpx3ZcdaqtqFg6m2pump,PP-e07ff2cdc339c4701fe6a07fee18cabb,FILLED,FALLBACK,2026-08-27T19:01:11.281740+00:00,,837798,,2026-08-27T19:01:13.388201+00:00,,1,100000000,2355000,112163578,2507045,12163578,7301533,14078697,LAST_FRESH_MARKET
FINAL-B,E4_ACT10_GB03_T15,fp1sig-7cc8debc37efd190034f23ef,7J1YWS62H63dz2UGtYKv3pbHevRxHtVeRaUN8nVjWC5J,PP-78cd938c7e36b4104f50ac4841f4cd6b,FILLED,FALLBACK,2026-08-28T00:30:00.445685+00:00,,918192,,2026-08-28T00:30:02.512004+00:00,,1,100000000,2355000,101148445,2369356,1148445,-3575911,14368397,LAST_FRESH_MARKET
FINAL-B,E4_ACT10_GB03_T15,fp1sig-7d6e5954469d4704453bdf9c,8UhU7Vk4BR7Sf1ZWyAw1U9qswR2pxjd1UDrhNy9upump,PP-644ca3c5ddef3e57ced1e6dacb7cfa39,FILLED,FALLBACK,2026-08-27T17:10:32.108873+00:00,,815711,,2026-08-27T17:10:36.415432+00:00,,1,100000000,2355000,93403747,2272547,-6596253,-11223800,18805001,LAST_FRESH_MARKET
FINAL-B,E4_ACT10_GB03_T15,fp1sig-7d91fb1d918f7c80bb1938ef,4VsmgfWTpZzJgJ5D72jfcwtQsrwBjdCG4PP5iNEUpump,PP-ff7ece8703881e1178871ba464421918,FILLED,FALLBACK,2026-08-27T23:37:33.075992+00:00,,902638,,2026-08-27T23:37:47.823027+00:00,,1,100000000,2355000,95635634,2300446,-4364366,-9019812,19940850,RULE_REFERENCE_FALLBACK
FINAL-B,E4_ACT10_GB03_T15,fp1sig-7dfdb24b6b3155cc4579d03b,43GUE5v7AHPQ7YJK61KgF2b9JBMZjf6PbxuKu3Mhpump,PP-04cb6dbcec19994332a1103babac28e3,FILLED,FALLBACK,2026-08-28T03:04:14.248088+00:00,,967947,,2026-08-28T03:04:17.000239+00:00,,1,100000000,2355000,89611100,2225139,-10388900,-14969039,14498574,LAST_FRESH_MARKET
FINAL-B,E4_ACT10_GB03_T15,fp1sig-7dff0ec32d2ff85506093e7a,VgTwV3Rww2LvyKRttdvB8HjZXE46dzTEFRrXdvApump,PP-823fe9098000af64cab76e7f5fe1acaa,FILLED,TRAIL,2026-08-28T02:58:56.342051+00:00,965998,966055,2026-08-28T02:58:56.342051+00:00,2026-08-28T02:59:02.952079+00:00,REJECTED_THEN_FILLED,4,100000000,2355000,86787267,2189841,-13212733,-17757574,6911028,TRIGGER_MARKET
FINAL-B,E4_ACT10_GB03_T15,fp1sig-7e1126c9ba7c1285adb38d05,ChGazZGFDvcxJU7Eai9uaDkkY9SZ1sd6qAhDDJajpump,PP-484148b95731389bee7a5b1bfae02321,FILLED,FALLBACK,2026-08-28T05:40:56.847263+00:00,,1022267,,2026-08-28T05:41:00.382879+00:00,,1,100000000,2355000,98992787,2342410,-1007213,-5704623,14582550,LAST_FRESH_MARKET
FINAL-B,E4_ACT10_GB03_T15,fp1sig-7e5e659a6f7d256107970a31,J6a4JvP9YCWBTYoQRBYjdwJhrd3m3qchZZLAstHnpump,PP-b65ea36e2c0a5ea027a66a72a5f5c053,FILLED,FALLBACK,2026-08-27T14:17:43.434771+00:00,,790158,,2026-08-27T14:18:03.672214+00:00,,1,100000000,2355000,92448038,2260601,-7551962,-12167563,32941907,LAST_FRESH_MARKET
FINAL-B,E4_ACT10_GB03_T15,fp1sig-7e693a8be5faeddd0bbe4a00,61LtM26DGBvWYUNxY8T46kAVHU71sSMEYYzp1jDppump,PP-59412fd2cbd1a9e22c7dbe619c00ec73,FILLED,FALLBACK,2026-08-27T21:15:00.237132+00:00,,866093,,2026-08-27T21:18:18.947277+00:00,,1,100000000,2355000,99474795,2348435,-525205,-5228640,209026988,LAST_FRESH_MARKET
FINAL-B,E4_ACT10_GB03_T15,fp1sig-7e9215ed3c686e365f20dff4,CEUZonqQbBnBTBQRURjoMGH17P3VpNhNaozZ7jPMpump,PP-9a4e086474e35f1f8c44849db945d75e,FILLED,TRAIL,2026-08-28T06:01:54.280096+00:00,1029337,1029360,2026-08-28T06:01:54.280096+00:00,2026-08-28T06:01:57.354548+00:00,,1,100000000,2355000,64927191,1916590,-35072809,-39344399,10135834,TRIGGER_MARKET
FINAL-B,E4_ACT10_GB03_T15,fp1sig-7ec64aa1eaaff816711d1fcb,EhmivDHYcb3uWw9WNsVjQj8eh2AttZmrvYqHyJ1dpump,PP-74dfb500c5eea70dd0a63c8d9901ee8e,FILLED,FALLBACK,2026-08-28T09:06:45.147974+00:00,,1102086,,2026-08-28T09:06:55.386510+00:00,,1,100000000,2355000,85064141,2168302,-14935859,-19459161,20158465,RULE_REFERENCE_FALLBACK
FINAL-B,E4_ACT10_GB03_T15,fp1sig-7ecc0834c012ed61caa774fe,4phtMtfReVg5ujGsrutxPbKgxdyUrRbYHctuS8WYpump,PP-9dd88f5149e007bf262c045ded3eef13,FILLED,FALLBACK,2026-08-27T22:52:49.112063+00:00,,891554,,2026-08-27T22:52:50.205741+00:00,,1,100000000,2355000,92120083,2256502,-7879917,-12491419,14159599,LAST_FRESH_MARKET
FINAL-B,E4_ACT10_GB03_T15,fp1sig-7fa253e82810517469cf5249,3wwsnYCQ3nLgUQPuukdcibUJY3Lh88iVJMuTmBL7pump,PP-70a5fedc7aef10fe82fbf1f874d7f638,FILLED,FALLBACK,2026-08-27T18:37:42.352580+00:00,,832638,,2026-08-27T18:38:12.031215+00:00,,1,100000000,2355000,98631842,2337899,-1368158,-6061057,41504751,LAST_FRESH_MARKET
FINAL-B,E4_ACT10_GB03_T15,fp1sig-8018cc536b599b3a6257eb48,FtcgQDzVi5LmLBWPxVoaN5Tj1CH2aWKvvamdaR8pump,PP-f4b0d509b4928eb2578d44316f4d5797,FILLED,TRAIL,2026-08-28T08:14:08.643036+00:00,1085876,1085886,2026-08-28T08:14:08.643036+00:00,2026-08-28T08:14:12.183272+00:00,,1,100000000,2355000,110888610,2491108,10888610,6042502,3734235,TRIGGER_MARKET
FINAL-B,E4_ACT10_GB03_T15,fp1sig-807551665a2842a210ba32dc,4tsLEun6tA4ag2kV9ewg5B4uLqe5J5cJ7D29vQGcpump,PP-89c8b6508a593e95837b3688d399c3d6,FILLED,FALLBACK,2026-08-28T07:22:04.563225+00:00,,1064008,,2026-08-28T07:22:14.694475+00:00,,1,100000000,2355000,36501023,1561263,-63498977,-67415240,21817267,LAST_FRESH_MARKET
FINAL-B,E4_ACT10_GB03_T15,fp1sig-81bae63e512dd71fa833fdbe,37PmWqcJWdKi7JpXxQt7iiMrm8w9QQVRmWfhLnM1pump,PP-225f1243d1577ac008303d0c85881a43,FILLED,FALLBACK,2026-08-27T13:14:45.747591+00:00,,777158,,2026-08-27T13:14:57.062238+00:00,,1,100000000,2355000,145540798,2924260,45540798,40261538,25546051,LAST_FRESH_MARKET
FINAL-B,E4_ACT10_GB03_T15,fp1sig-82705f466d97de611fae1ba4,BpBq1mVkAgg8vSC9bE8pJ2PDY9y61dk2BqS4sn7Kpump,PP-34578fa94c9f89a1c682c3f7af38ee1f,FILLED,FALLBACK,2026-08-28T07:37:16.082581+00:00,,1070835,,2026-08-28T07:37:26.050460+00:00,,1,100000000,2355000,96787421,2314843,-3212579,-7882422,20674937,LAST_FRESH_MARKET
FINAL-B,E4_ACT10_GB03_T15,fp1sig-82bb4da142c55e2cf812f0d1,D3oGS3bXep8BWZzaaao5ffEcMmzTncZPJZku2SDspump,PP-7a13f758ef5650fab2293fd33e5ef8bf,FILLED,FALLBACK,2026-08-27T13:34:38.514096+00:00,,781943,,2026-08-27T13:34:45.896830+00:00,,1,100000000,2355000,83495987,2148700,-16504013,-21007713,12597478,RULE_REFERENCE_FALLBACK
FINAL-B,E4_ACT10_GB03_T15,fp1sig-82f7761740519cdb17e63e96,CaMhHZ6M7TzLEkuHKziV7XnHuGbxQCex4FxrBbo1pump,PP-36a2b90660fee51262d6d99cd05341b1,FILLED,FALLBACK,2026-08-27T22:08:46.478398+00:00,,879647,,2026-08-27T22:08:53.312348+00:00,,1,100000000,2355000,103539303,2399242,3539303,-1214939,18656878,LAST_FRESH_MARKET
FINAL-B,E4_ACT10_GB03_T15,fp1sig-83fe54513647635e424cec1a,593Sf3VoTC3VwX3wT2UsSoTzSsNeb8UL1c5JHDveZhVV,PP-072ba62b304c226d4f7c34f6ec958d7c,FILLED,FALLBACK,2026-08-28T09:56:23.574487+00:00,,1113668,,2026-08-28T09:56:28.446215+00:00,,1,100000000,2355000,97507338,2323842,-2492662,-7171504,18929904,LAST_FRESH_MARKET
FINAL-B,E4_ACT10_GB03_T15,fp1sig-849e541efeb76eaf595b68a5,512BKebyDcEqL1xGPhJH3Haj1rJqGtHbLjzvjG83pump,PP-06d29c693d83e42a5689d15c52e271a6,FILLED,FALLBACK,2026-08-27T20:58:51.975895+00:00,,861032,,2026-08-27T20:58:54.671581+00:00,,1,100000000,2355000,96106958,2306337,-3893042,-8554379,3956164,RULE_REFERENCE_FALLBACK
FINAL-B,E4_ACT10_GB03_T15,fp1sig-84de5f42b519e5d39a0256fb,ZXwmrmVNzceRDhzLJgJS9oWcCuZZZgkDY8w8sQkpump,PP-9ab8d1ba1ecc0a601b926c43999a89d1,UNRESOLVED,FALLBACK,2026-08-28T04:53:22.676386+00:00,,,,,REJECTED_SLIPPAGE,55,100000000,2355000,,,,,,LAST_FRESH_MARKET
FINAL-B,E4_ACT10_GB03_T15,fp1sig-85aee747625f9ddf187d280e,9mUbp1NxqbdU7UXfk8Sw3r3XXfPy1gS7AzhsRf3wpump,PP-09e14e1bef4108296f8ded4181d82fbf,FILLED,FALLBACK,2026-08-28T08:18:37.223129+00:00,,1087490,,2026-08-28T08:18:37.894457+00:00,,1,100000000,2355000,88347593,2209345,-11652407,-16216752,8887609,LAST_FRESH_MARKET
FINAL-B,E4_ACT10_GB03_T15,fp1sig-867ca6be5a10942208945a02,G3LkBMowRewGEbZC4XhTmbh78vYWJircQfHCE6DXpump,PP-232d2c31604a9e4e0e696a7662ee5b16,FILLED,FALLBACK,2026-08-28T06:38:11.783428+00:00,,1043755,,2026-08-28T06:38:13.049410+00:00,,1,100000000,2355000,90915659,2241446,-9084341,-13680787,8413467,LAST_FRESH_MARKET
FINAL-B,E4_ACT10_GB03_T15,fp1sig-868083d979bf35c422eb8615,HnSsrQFWtfZNxCPfem95AuHiFEtsAD3Sy5yCE5gzpump,PP-f73adbfeba30f3f77817f2b83bf03b80,FILLED,FALLBACK,2026-08-28T09:41:25.178107+00:00,,1110571,,2026-08-28T09:41:33.808628+00:00,,1,100000000,2355000,83864376,2153305,-16135624,-20643929,9496025,LAST_FRESH_MARKET
FINAL-B,E4_ACT10_GB03_T15,fp1sig-86e86799f938477eff324452,FSyivRYQZynoc2SVisats8Y9X29C8xP4icx6achmpump,PP-b5d8ac47479f0141cfd986552d40fa0c,FILLED,FALLBACK,2026-08-28T03:10:42.065040+00:00,,970451,,2026-08-28T03:10:45.764824+00:00,,1,100000000,2355000,127975400,2704693,27975400,22915707,15318170,LAST_FRESH_MARKET
FINAL-B,E4_ACT10_GB03_T15,fp1sig-86f6aedee048c7cd1216e8c1,7RkqFUbh29BJ8dHGRRCTVVcJvziNjMSiQbi3W4PTpump,PP-c92e2341433d8906308097beee2d052f,FILLED,FALLBACK,2026-08-28T09:17:41.536430+00:00,,1104639,,2026-08-28T09:17:57.228524+00:00,,1,100000000,2355000,83766526,2152082,-16233474,-20740556,26499995,LAST_FRESH_MARKET
FINAL-B,E4_ACT10_GB03_T15,fp1sig-8705ddebb722642b6b9abe1e,6DSfohVoZdqjrK4WPonrsxKPUtCN2nBwUmjUwQFjpump,PP-8281d0cf5ec59fa143fcf8f2b2e7e8ea,FILLED,FALLBACK,2026-08-27T14:49:59.303808+00:00,,795929,,2026-08-27T14:50:21.428341+00:00,REJECTED_THEN_FILLED,4,100000000,2355000,82747902,2139349,-17252098,-21746447,30043689,LAST_FRESH_MARKET
FINAL-B,E4_ACT10_GB03_T15,fp1sig-874623ea2c479bf9b4085ce2,FGgG4CATjzUcGRnDeiyLjLE9WrX1y9XBZ6rJ9iGdpump,PP-983cfe17f46335f12346f767e5574525,FILLED,FALLBACK,2026-08-28T11:55:38.689570+00:00,,1153106,,2026-08-28T11:55:42.826891+00:00,,1,100000000,2355000,107894940,2453687,7894940,3086253,15706222,LAST_FRESH_MARKET
FINAL-B,E4_ACT10_GB03_T15,fp1sig-87ca3eb077ae91f498e1756c,MXxSaQKu6WL9nkUFzwzXR8abUkYKFVFLucAdU7upump,PP-37a7e6e57569fac284fad3efbf8d1820,FILLED,FALLBACK,2026-08-27T14:50:43.796223+00:00,,796108,,2026-08-27T14:51:13.807670+00:00,,1,100000000,2355000,99522911,2349037,-477089,-5181126,40960298,RULE_REFERENCE_FALLBACK
FINAL-B,E4_ACT10_GB03_T15,fp1sig-880674e32e3d418f4beb0a1c,FpXDMaGr2dJVSr5uiMKifqnFBXTEqZNu1gBJfHkqpump,PP-7c3e399e8701a2a5479b3d7263727f95,FILLED,FALLBACK,2026-08-28T02:45:07.766170+00:00,,959602,,2026-08-28T02:45:23.553188+00:00,,1,100000000,2355000,41124978,1619063,-58875022,-62849085,27774862,LAST_FRESH_MARKET
FINAL-B,E4_ACT10_GB03_T15,fp1sig-88bff41152611c26ed14ddca,6hvsveQraNsNWGWYyofXUf5daVpJXEY9sMAk2JFppump,PP-35d4aa84f526c202df9d67e0314f1314,FILLED,FALLBACK,2026-08-28T07:27:11.336202+00:00,,1066123,,2026-08-28T07:27:14.822686+00:00,,1,100000000,2355000,67594014,1949926,-32405986,-36710912,15092008,LAST_FRESH_MARKET
FINAL-B,E4_ACT10_GB03_T15,fp1sig-89142683bca7cbdc90113671,6sQUjRyWaDowoHddHAZZoEKMThXstKYq7VgtxwrJpump,PP-466d7fb94d7785db76447f1705acb79b,FILLED,FALLBACK,2026-08-27T18:54:20.230638+00:00,,836166,,2026-08-27T18:54:21.133701+00:00,,1,100000000,2355000,100167293,2357092,167293,-4544799,10598806,LAST_FRESH_MARKET
FINAL-B,E4_ACT10_GB03_T15,fp1sig-898bd1ce6386c2408cbc703e,7yyDdmmRD4Xg5NP5gHQ1h1fkB8jaYHiMgVcaZbUDpump,PP-588f3d8e705690b72edcf45fe9a34e58,FILLED,FALLBACK,2026-08-28T02:46:47.106119+00:00,,960214,,2026-08-28T02:46:48.577696+00:00,,1,100000000,2355000,131331521,2746645,31331521,26229876,9963739,RULE_REFERENCE_FALLBACK
FINAL-B,E4_ACT10_GB03_T15,fp1sig-8a60f7ae65f6fab765b99d51,EBLENezw3LXCbicEfdPKm5YXGbDFdzbnc7tgqN9ipump,PP-05f68fd3b1a428d2757eb3d6b8745c21,FILLED,TRAIL,2026-08-28T04:24:14.188277+00:00,996217,996254,2026-08-28T04:24:14.188277+00:00,2026-08-28T04:24:18.509717+00:00,,1,100000000,2355000,125850068,2678126,25850068,20816942,10875927,TRIGGER_MARKET
FINAL-B,E4_ACT10_GB03_T15,fp1sig-8be6016b7cfb9969cd0da227,CeSAfnhgX5QcPqhTbw8sN3wAS5kVnEazNKvQRw2upump,PP-37115f01651926d69bb197c974976768,FILLED,FALLBACK,2026-08-27T23:27:13.980811+00:00,,899654,,2026-08-27T23:27:17.312069+00:00,,1,100000000,2355000,107232108,2445402,7232108,2431706,14996087,LAST_FRESH_MARKET
FINAL-B,E4_ACT10_GB03_T15,fp1sig-8c073fd4707dbf03de1d973f,5RixSRpY33k8ACAL4CtJvByErSd7PSfqkVv21Ze6pump,PP-dec2f4dfbef30fb43ce4d8ab56dbcd8e,UNRESOLVED,FALLBACK,2026-08-28T06:11:09.218547+00:00,,,,,REJECTED_SLIPPAGE,21,100000000,2355000,,,,,,RULE_REFERENCE_FALLBACK
FINAL-B,E4_ACT10_GB03_T15,fp1sig-8c438c80fa8057026f7b7231,DZCnaRuTsrqWxut8YSgrd13AD1T4yEwFZ59GzQkVpump,PP-e89397d9ce6e887b411a0937e5c90b27,UNRESOLVED,FALLBACK,2026-08-28T10:46:46.098450+00:00,,,,,NO_CAUSAL_FILL,0,100000000,2355000,,,,,,RULE_REFERENCE_FALLBACK
FINAL-B,E4_ACT10_GB03_T15,fp1sig-8cbedfbd77271feedbf99e3b,EbgzCCYT2HifhFaDHdAxe68dNFQV1avQbM8rszfHpump,PP-5b95a2b52a1cdc241dd452e9fe28f675,FILLED,FALLBACK,2026-08-28T02:14:28.936636+00:00,,948284,,2026-08-28T02:14:30.191288+00:00,,1,100000000,2355000,113297897,2521224,13297897,8421673,12658287,LAST_FRESH_MARKET
FINAL-B,E4_ACT10_GB03_T15,fp1sig-8da41ec54697333b5a5fa221,S8TvQBLKbgxSsJWAb8mDkmeU5Q6KLeP6ceeRm3Spump,PP-153ecacb52f6ddc8bd37e7a658c784c2,FILLED,FALLBACK,2026-08-27T22:21:30.873818+00:00,,883699,,2026-08-27T22:21:34.643120+00:00,,1,100000000,2355000,124182125,2657277,24182125,19169848,11031283,LAST_FRESH_MARKET
FINAL-B,E4_ACT10_GB03_T15,fp1sig-8da7514b6665505f4db9da6e,HbbUkRVghKHcsUUzhqwqqdAZEE5PN4dr4mtEc4WApump,PP-c4e71d7f4fa4ffdbdcc8525537476f37,FILLED,FALLBACK,2026-08-28T06:57:30.101492+00:00,,1053153,,2026-08-28T06:57:31.727415+00:00,,1,100000000,2355000,55792344,1802405,-44207656,-48365061,13327974,LAST_FRESH_MARKET
FINAL-B,E4_ACT10_GB03_T15,fp1sig-8db2d5a80fd68545475427c2,AGm8gfwM37sCUSQyHYRFNnq3gkwzHN97Wg4GRBrtpump,PP-e470f6f6764a1f27eb0fbc5cd3362626,FILLED,FALLBACK,2026-08-27T23:13:26.658201+00:00,,896632,,2026-08-27T23:13:32.284101+00:00,,1,100000000,2355000,96835893,2315449,-3164107,-7834556,11424476,LAST_FRESH_MARKET
FINAL-B,E4_ACT10_GB03_T15,fp1sig-8ea9e6bf8bdab8c0ce1736d4,25FeRuVE7tyNDyrDkFRimV3SfaxZMzJFw2YPpbwGpump,PP-65fa1cea9763a6141b3a5d6ffb4f99a2,FILLED,FALLBACK,2026-08-28T03:23:37.740204+00:00,,975905,,2026-08-28T03:23:41.177354+00:00,,1,100000000,2355000,123748390,2651855,23748390,18741535,14658507,LAST_FRESH_MARKET
FINAL-B,E4_ACT10_GB03_T15,fp1sig-8eaede68d680ea3a8d084685,DCDPCQwso526XtR6HeRnGjEMoyx6Vu3ori7QpcHepump,PP-f6ff5987fcae9bfbc4fc0d96c8d9a015,FILLED,FALLBACK,2026-08-28T04:07:47.696333+00:00,,990980,,2026-08-28T04:07:54.030842+00:00,,1,100000000,2355000,115295207,2546191,15295207,10394016,18039170,LAST_FRESH_MARKET
FINAL-B,E4_ACT10_GB03_T15,fp1sig-8ecb8b5122fe517515872210,Eu4KS3HQyDjak2uNcAr7LkXa9qHBNh8D9gogsXDopump,PP-b3841775186dbb7b67671bb00c7b29ab,FILLED,FALLBACK,2026-08-28T02:28:56.213012+00:00,,953083,,2026-08-28T02:28:58.168380+00:00,,1,100000000,2355000,116404510,2560057,16404510,11489453,10548954,LAST_FRESH_MARKET
FINAL-B,E4_ACT10_GB03_T15,fp1sig-8f04567911053bca3b0417f8,ivKdYYn29kaXRHgV4N1FLj7aspuL4hQSpuKuGkSpump,PP-b30bb39e8565c82ca793d92bf9c67a4c,FILLED,FALLBACK,2026-08-28T08:17:17.211479+00:00,,1087074,,2026-08-28T08:17:20.433306+00:00,,1,100000000,2355000,60532145,1861652,-39467855,-43684507,15147259,LAST_FRESH_MARKET
FINAL-B,E4_ACT10_GB03_T15,fp1sig-8f3af275d88f948ffe77676b,8n9e7QoNrcDrff8qC4ixHcs2U1jB2r2QXBLs7RzXpump,PP-8c36b700e6180db9beca5ee7c83c37bb,FILLED,FALLBACK,2026-08-27T21:41:22.327021+00:00,,872438,,2026-08-27T21:41:40.772675+00:00,,1,100000000,2355000,100602879,2362536,602879,-4114657,28974054,LAST_FRESH_MARKET
FINAL-B,E4_ACT10_GB03_T15,fp1sig-8f61042c3fd06ca7d52fe593,GUj37DQVYBkZ9E2e5x3ynLYXtjeLgq7yyQyhsemJK37Z,PP-3da6767100c3d7eda0148541347808fd,FILLED,FALLBACK,2026-08-27T19:06:40.143516+00:00,,838853,,2026-08-27T19:06:43.706539+00:00,,1,100000000,2355000,146281347,2933517,46281347,40992830,15176099,LAST_FRESH_MARKET
FINAL-B,E4_ACT10_GB03_T15,fp1sig-8fc699216e9431558bc2593e,DnkBarXZ1QhoiKnN856NRk9osPzNZAwiFwRdpMepump,PP-8c2e3773d6559da5725fd467952bb985,FILLED,FALLBACK,2026-08-27T13:48:48.359711+00:00,,784934,,2026-08-27T13:48:53.485365+00:00,,1,100000000,2355000,131401712,2747522,31401712,26299190,14326012,LAST_FRESH_MARKET
FINAL-B,E4_ACT10_GB03_T15,fp1sig-901177f59f96239eaa84dc56,DcnPMCbsos3fnukHdQupygr49xNecpRH8w7hHGxRpump,PP-2dae7c38c63000f5fed7c074e17e39f3,FILLED,FALLBACK,2026-08-28T03:26:07.131443+00:00,,976723,,2026-08-28T03:26:09.218644+00:00,,1,100000000,2355000,100898605,2366233,898605,-3822628,10439281,LAST_FRESH_MARKET
FINAL-B,E4_ACT10_GB03_T15,fp1sig-90490cfb9c56d6ed784b7f6b,EFDVU5rhNFVUkzbS25gX1c4Ur5dmPfytDtf5RhAXpump,PP-3f19913866663b500e24063acc5ceb7a,FILLED,FALLBACK,2026-08-28T08:16:55.237412+00:00,,1086942,,2026-08-28T08:16:58.700992+00:00,,1,100000000,2355000,93500366,2273755,-6499634,-11128389,7540672,RULE_REFERENCE_FALLBACK
FINAL-B,E4_ACT10_GB03_T15,fp1sig-9056c8534577a57b5089e467,HX1ubEoRULP5Ro5j5x5BxPhfHjnrxpRKUmTuJdq6pump,PP-52b8c7d3a38db5e2aec59e15fa70aaf2,FILLED,TRAIL,2026-08-28T08:57:49.682341+00:00,1099907,1099917,2026-08-28T08:57:49.682341+00:00,2026-08-28T08:57:50.578495+00:00,,1,100000000,2355000,119137673,2594221,19137673,14188452,6370243,TRIGGER_MARKET
FINAL-B,E4_ACT10_GB03_T15,fp1sig-90cabc47f4229e97c1071e1a,5Vr8AkzfbdzmDgVc8K9AWZEZQEA1VU8h5Q8hY1Jppump,PP-9c5fcae4a8a730f26765f9f954915bda,FILLED,TRAIL,2026-08-28T03:04:06.210558+00:00,967852,967872,2026-08-28T03:04:06.210558+00:00,2026-08-28T03:04:10.332440+00:00,,1,100000000,2355000,122242975,2633038,22242975,17254937,7836775,TRIGGER_MARKET
FINAL-B,E4_ACT10_GB03_T15,fp1sig-90d34bc4411a092aa689a7fd,8YgjvLnRnDniTWZScx7gVZJRWhU5bmaEywdGFoSppump,PP-81e3d0212924f49a205c92f88dee9dbe,FILLED,FALLBACK,2026-08-27T22:13:04.478806+00:00,,880861,,2026-08-27T22:13:05.056588+00:00,,1,100000000,2355000,100719797,2363998,719797,-3999201,12213107,LAST_FRESH_MARKET
FINAL-B,E4_ACT10_GB03_T15,fp1sig-90e64eb678c2bb5dc45df5de,FVKnJxkng1TQ4MmnvXJkx71r1a9vWXYxtVDPXgDipump,PP-b68d8f32ad58935eb8552473c28d8ef3,FILLED,FALLBACK,2026-08-27T18:24:43.579233+00:00,,830799,,2026-08-27T18:24:51.452805+00:00,,1,100000000,2355000,99481348,2348517,-518652,-5222169,19834652,LAST_FRESH_MARKET
FINAL-B,E4_ACT10_GB03_T15,fp1sig-90fd26ab4c3c5380112d7b9c,GQ9qYBwj5zG1xH4Ew2Rcpw6r5aDVmvpQZpTKLqf5pump,PP-73949617e5d9119ca48b8c37cb44645a,FILLED,FALLBACK,2026-08-28T07:34:38.690867+00:00,,1069519,,2026-08-28T07:34:40.809499+00:00,,1,100000000,2355000,50872100,1740902,-49127900,-53223802,13856348,LAST_FRESH_MARKET
FINAL-B,E4_ACT10_GB03_T15,fp1sig-9191c3bef732f06651744c5e,EzSYuJeLzS1AADTYrKgYggAEaehej8KXSkekeXhMpump,PP-834b9db61975e4dfe994110dd6d0d0f6,FILLED,FALLBACK,2026-08-28T03:07:15.456871+00:00,,969165,,2026-08-28T03:07:17.953163+00:00,,1,100000000,2355000,98015527,2330195,-1984473,-6669668,13230027,LAST_FRESH_MARKET
FINAL-B,E4_ACT10_GB03_T15,fp1sig-93018a6920949384602311e2,BLy6zeBCaYLMvwBz96b1dQ6FFszoWU22NbawkaxDpump,PP-17125a584d8b361c9d3f79fa21c7ee64,FILLED,FALLBACK,2026-08-27T20:26:45.577607+00:00,,853999,,2026-08-27T20:26:49.982687+00:00,,1,100000000,2355000,118014486,2580182,18014486,13079304,18888290,LAST_FRESH_MARKET
FINAL-B,E4_ACT10_GB03_T15,fp1sig-93eeb295cc2fc8e474fcb569,7vjzbz7uSedWuqo6wZ8i9LqN7PWv8mv4UAsgCxWMpump,PP-d1f0983d3eaa80eadd965e809d115a9b,FILLED,FALLBACK,2026-08-28T10:08:01.122360+00:00,,1116934,,2026-08-28T10:08:06.943972+00:00,,1,100000000,2355000,97666893,2325837,-2333107,-7013944,13771983,LAST_FRESH_MARKET
FINAL-B,E4_ACT10_GB03_T15,fp1sig-947b5e620d0af90aff4cd16c,4dzkhPVu47WNYQCVgq3chJ4ia2A21wKcsXwrEaJRpump,PP-b830e2deaa2e7e04724531c2a3c7a1f6,FILLED,TRAIL,2026-08-28T04:34:52.671523+00:00,999115,999132,2026-08-28T04:34:52.671523+00:00,2026-08-28T04:34:55.552105+00:00,,1,100000000,2355000,210309424,3733868,110309424,104220556,2959581,TRIGGER_MARKET
FINAL-B,E4_ACT10_GB03_T15,fp1sig-9512d79049a57770749be23d,EFmGNjLuu1TDaSBesxrbUY2LrqykMHY9i4fr5LWNpump,PP-065282628f8c661a4ce60870bb870a7b,FILLED,FALLBACK,2026-08-27T14:59:56.482051+00:00,,797376,,2026-08-27T14:59:59.281443+00:00,,1,100000000,2355000,82205746,2132572,-17794254,-22281826,6975394,LAST_FRESH_MARKET
FINAL-B,E4_ACT10_GB03_T15,fp1sig-95cfb930e96c6b9dcaade597,GTusiVHZU3rZHam1y593pLC1JLkiQt3gXcjSkN2rpump,PP-4a8c033aef41f99463c636a68b384601,FILLED,FALLBACK,2026-08-28T01:59:25.914464+00:00,,943494,,2026-08-28T01:59:31.519126+00:00,,1,100000000,2355000,129691343,2726142,29691343,24610201,17229177,LAST_FRESH_MARKET
FINAL-B,E4_ACT10_GB03_T15,fp1sig-95f4eb484d9e61c0eac871e4,EqkjNFGZMxMqBFwoVn7Z4zfBY6Ld36EKc8HLhthnpump,PP-2c8e7a5644257003aa30d08a5413cef6,FILLED,FALLBACK,2026-08-28T05:14:18.603305+00:00,,1011955,,2026-08-28T05:14:28.353007+00:00,,1,100000000,2355000,93960828,2279511,-6039172,-10673683,21165176,LAST_FRESH_MARKET
FINAL-B,E4_ACT10_GB03_T15,fp1sig-966ceaaaf48a50574b3d8520,7LFNgFsMjfwYCh6JLK2qY84n1nuSY7zaaNeMWTiHpump,PP-a0083b6001868bad44e37267ebe50fb1,FILLED,FALLBACK,2026-08-27T23:47:36.292714+00:00,,905924,,2026-08-27T23:47:39.042960+00:00,,1,100000000,2355000,102913060,2391414,2913060,-1833354,14099620,LAST_FRESH_MARKET
FINAL-B,E4_ACT10_GB03_T15,fp1sig-96bfe0403058f7f82704b241,A94r9eeoqrLDoRP9kaU3nFdnfPdvZDk5uvnZUSBEpump,PP-ff042f185be81dfaa21b5c1f2589585d,FILLED,FALLBACK,2026-08-27T14:48:19.486359+00:00,,795351,,2026-08-27T14:48:32.329521+00:00,,1,100000000,2355000,134919884,2791499,34919884,29773385,17092108,RULE_REFERENCE_FALLBACK
FINAL-B,E4_ACT10_GB03_T15,fp1sig-971f4f25144b08fdd466b84e,9demY6t6F1N76cq4XNHiAu6Y2DyQ5EJoofrPoGoDpump,PP-ff68732e6f880b569712a1051bbf04ac,FILLED,FALLBACK,2026-08-28T11:35:52.548488+00:00,,1146891,,2026-08-28T11:35:55.994343+00:00,,1,100000000,2355000,104803091,2415039,4803091,33052,14341244,LAST_FRESH_MARKET
FINAL-B,E4_ACT10_GB03_T15,fp1sig-973d7747ab4d12b78be39b4f,HUCjjbRJEHHLZNH4EctvQyYiXpmZmrZFvEutLetqk2Pn,PP-9776848f918e20398805864993ddf82b,FILLED,TRAIL,2026-08-27T13:53:40.090900+00:00,785682,785689,2026-08-27T13:53:40.090900+00:00,2026-08-27T13:53:42.911647+00:00,,1,100000000,2355000,101003806,2367548,1003806,-3718742,12730044,TRIGGER_MARKET
FINAL-B,E4_ACT10_GB03_T15,fp1sig-980687c5a9cafcb8b41e82a7,Cp5ejcFXX7g8sNeE9rmnFGfp2NJs6xWnJCJfXL8Qpump,PP-6f1930c261dbebb8ed86a5a6e84efd2a,FILLED,TRAIL,2026-08-27T21:00:10.558547+00:00,861277,861282,2026-08-27T21:00:10.558547+00:00,2026-08-27T21:00:13.991326+00:00,,1,100000000,2355000,157495605,3073696,57495605,52066909,11153548,TRIGGER_MARKET
FINAL-B,E4_ACT10_GB03_T15,fp1sig-98387d78c00b87e912c421d7,Ew83BKy1Y6yEttMFrLis4DaSq7ty15ZZPBzELbR8pump,PP-c09fc84ca32cf9500bd105a9c4d0684d,FILLED,FALLBACK,2026-08-27T17:04:37.036449+00:00,,814874,,2026-08-27T17:04:40.522359+00:00,,1,100000000,2355000,108426131,2460327,8426131,3610804,8691523,RULE_REFERENCE_FALLBACK
FINAL-B,E4_ACT10_GB03_T15,fp1sig-98b0101d40e79b79e3909b6d,8r2xtU7SnnQ5fJfuzXmQna1wCGsQ6HMzA3a4N5iPpump,PP-58302439966a592b4561e0d33c84aa9b,FILLED,FALLBACK,2026-08-28T00:58:39.442438+00:00,,925011,,2026-08-28T00:58:47.520364+00:00,,1,100000000,2355000,121496659,2623709,21496659,16517950,19283998,LAST_FRESH_MARKET
FINAL-B,E4_ACT10_GB03_T15,fp1sig-98c0a83c359cf69ef604aa04,6pXG19wQErHYggPVydzm4M5goYHq23vypJ7W2vamTDUN,PP-b11f25650a7e9a20120b0d6964e0be25,FILLED,FALLBACK,2026-08-27T12:42:51.014771+00:00,,769991,,2026-08-27T12:42:52.196624+00:00,,1,100000000,2355000,91776500,2252207,-8223500,-12830707,15469999,LAST_FRESH_MARKET
FINAL-B,E4_ACT10_GB03_T15,fp1sig-99577c0af8679eecc9bcc954,5Eutwi2Edtg8yyU7x6K8JaEifQvHD4DdrRiu7xZ2pump,PP-c157fc9e649d8d58dfa77a73fa72992d,FILLED,FALLBACK,2026-08-28T04:40:40.725721+00:00,,1001238,,2026-08-28T04:40:43.394150+00:00,,1,100000000,2355000,123974354,2654680,23974354,18964674,10363845,LAST_FRESH_MARKET
FINAL-B,E4_ACT10_GB03_T15,fp1sig-997cf7098757cb8d0cb28e36,98QmAZ6cqA2oJ3houZJRbGDuxw2A9xAcTqJtpSBXAbUD,PP-ccee396bcb3ea4837fca6e986e944e3f,FILLED,TRAIL,2026-08-28T06:41:43.005444+00:00,1045588,1045603,2026-08-28T06:41:43.005444+00:00,2026-08-28T06:41:46.752419+00:00,,1,100000000,2355000,141060427,2868256,41060427,35837171,11148503,TRIGGER_MARKET
FINAL-B,E4_ACT10_GB03_T15,fp1sig-9a58948a0c95b094f3c87ff6,ChEvq8JEq59CEBEfhrogXnqimcjGFjasjwyFQcyGpump,PP-0ad9b2a8e76d3b879c177e48d6af8032,FILLED,FALLBACK,2026-08-28T09:33:16.856684+00:00,,1108078,,2026-08-28T09:33:19.785201+00:00,,1,100000000,2355000,90994693,2242434,-9005307,-13602741,14653125,LAST_FRESH_MARKET
FINAL-B,E4_ACT10_GB03_T15,fp1sig-9adeae6f7f56b43d00f189b9,67e52WXdZVPmfEkMMDon2bYJVVyZcEGEnjyrmRpZpump,PP-6cc48ff7b50716c4b256ccfe19780817,FILLED,FALLBACK,2026-08-27T16:30:45.312515+00:00,,809800,,2026-08-27T16:30:50.981526+00:00,,1,100000000,2355000,111217322,2495217,11217322,6367105,19912520,LAST_FRESH_MARKET
FINAL-B,E4_ACT10_GB03_T15,fp1sig-9adff94f9da3518fa21a534c,2w12QQ26kRbwH9EQuSEJ55T7nvyuupQv3qGJtJt52txN,PP-1b3d7a7ca0bb1077a81c6124315895bf,FILLED,FALLBACK,2026-08-28T10:41:05.353021+00:00,,1128394,,2026-08-28T10:41:06.873410+00:00,,1,100000000,2355000,92807791,2265098,-7192209,-11812307,11951050,LAST_FRESH_MARKET
FINAL-B,E4_ACT10_GB03_T15,fp1sig-9b69c05ea30dbb17962db775,3Kt3zhPd2LeKkxhbq8ub3DaUBVCCeZfysvPCk27epump,PP-e0c3633b5242e468be576a6856e2d580,FILLED,FALLBACK,2026-08-28T07:33:11.593486+00:00,,1068822,,2026-08-28T07:33:25.381978+00:00,,1,100000000,2355000,103902825,2403786,3902825,-855961,17859537,LAST_FRESH_MARKET
FINAL-B,E4_ACT10_GB03_T15,fp1sig-9c05e42236a5078c5d2f8078,9JEJbv7gk5UATGcbfP91GsXukw46ed2sj2xPQg3spump,PP-e54a1b88c4d7bef7cc9206dcd30474be,FILLED,FALLBACK,2026-08-28T06:51:23.969753+00:00,,1049724,,2026-08-28T06:51:31.030757+00:00,,1,100000000,2355000,94036570,2280458,-5963430,-10598888,17975823,LAST_FRESH_MARKET
FINAL-B,E4_ACT10_GB03_T15,fp1sig-9c4d7f0d9a30683f3e2722cf,8DGbeBit2FGDcN4WQfDiGUxQ3nLHtmHeaJ2HSeuKpump,PP-05c89958aaeb85cecdc66cd8f32c0ffb,FILLED,FALLBACK,2026-08-27T22:58:36.417902+00:00,,893245,,2026-08-27T22:58:43.738425+00:00,,1,100000000,2355000,125362514,2672032,25362514,20335482,11230295,RULE_REFERENCE_FALLBACK
FINAL-B,E4_ACT10_GB03_T15,fp1sig-9cd2b928afb3a4f502b62f76,37g2UBy3DVjWKjCgDhhvap41jD9ZgAB9aQGjekY9mirH,PP-15730b545cef085ae295c1d85789d1a1,FILLED,FALLBACK,2026-08-27T15:02:41.685144+00:00,,797595,,2026-08-27T15:02:44.148654+00:00,,1,100000000,2355000,107825679,2452821,7825679,3017858,3923587,RULE_REFERENCE_FALLBACK
FINAL-B,E4_ACT10_GB03_T15,fp1sig-9df3695c93f738c9f9e66fb8,6nPsM6tLGLCCqA1L8TecthJTNk5nZyBsfcm47T1fpump,PP-a7cc57a047a35927124afd26bc51464e,FILLED,FALLBACK,2026-08-28T08:31:54.559956+00:00,,1093115,,2026-08-28T08:31:56.069544+00:00,,1,100000000,2355000,111311212,2496391,11311212,6459821,12648754,LAST_FRESH_MARKET
FINAL-B,E4_ACT10_GB03_T15,fp1sig-9e1d1b5e3afb8736e7140c96,4i8n6dEpo3P5VKufQBmJQ6nei5iTT8rVaCAZ2pp2pump,PP-eb07c60e87ae9e24415e923ea17068f3,FILLED,FALLBACK,2026-08-27T20:54:05.034171+00:00,,859957,,2026-08-27T20:54:05.717777+00:00,,1,100000000,2355000,99025140,2342815,-974860,-5672675,12327663,LAST_FRESH_MARKET
FINAL-B,E4_ACT10_GB03_T15,fp1sig-9e3116652f43ba3470a24e96,DfrZS6Bc8tcsL1MtcrwHcZyfV27zNfiKLVbpDFCepump,PP-55db737e2623a269d50fe16679677614,FILLED,FALLBACK,2026-08-28T10:31:03.210040+00:00,,1125412,,2026-08-28T10:31:21.612931+00:00,REJECTED_THEN_FILLED,5,100000000,2355000,92361165,2259515,-7638835,-12253350,28791140,LAST_FRESH_MARKET
FINAL-B,E4_ACT10_GB03_T15,fp1sig-9e64ac8c2493619f77e56f9b,4zTnp9t6gYCRaFGGJU81664biKDvxRLygjakJAbSpump,PP-142417fd54f68591a02a5d9982929fe0,FILLED,FALLBACK,2026-08-28T07:01:04.169243+00:00,,1054902,,2026-08-28T07:01:06.245347+00:00,,1,100000000,2355000,112874831,2515936,12874831,8003895,10234423,LAST_FRESH_MARKET
FINAL-B,E4_ACT10_GB03_T15,fp1sig-9f7cf131073cc98615535773,Bgis28ufecFwo4xn32saXoMsqN3PHpCejJi2fShYpump,PP-587d7d35fff39aea6a3c14a611489c39,FILLED,FALLBACK,2026-08-28T02:40:44.141370+00:00,,957336,,2026-08-28T02:40:47.701539+00:00,,1,100000000,2355000,188154559,3456932,88154559,82342627,11132562,RULE_REFERENCE_FALLBACK
FINAL-B,E4_ACT10_GB03_T15,fp1sig-9fe32e7996d860a972996b41,HUAeTqMEoDnLCk9emHQ4rGFWBE8jPJN8Nmwqnw7cpump,PP-bd5814637699017d0f43f020705fd567,FILLED,FALLBACK,2026-08-27T23:36:27.219897+00:00,,902358,,2026-08-27T23:36:32.829540+00:00,,1,100000000,2355000,89468202,2223353,-10531798,-15110151,16280062,LAST_FRESH_MARKET
FINAL-B,E4_ACT10_GB03_T15,fp1sig-9ff76b9af62e3d50e42203ec,Rgo6DqhV6EqnBDRZWorQUdpuwXTVJkUs1UWE9fSpump,PP-9db5c61b523c51e2122e20bf57887e11,FILLED,FALLBACK,2026-08-28T09:05:18.930472+00:00,,1101643,,2026-08-28T09:05:24.600852+00:00,,1,100000000,2355000,101409796,2372623,1409796,-3317827,16279036,LAST_FRESH_MARKET
FINAL-B,E4_ACT10_GB03_T15,fp1sig-a0445e2b50ecb8a1377124ec,AfvMiNgp3cw2QgFFnNufDTg7BJKPcNWSBYN98CoKpump,PP-f3ad03ab6150084ae698b5fce0238f68,FILLED,FALLBACK,2026-08-28T10:30:20.608794+00:00,,1125132,,2026-08-28T10:30:26.107972+00:00,,1,100000000,2355000,94219788,2282748,-5780212,-10417960,19905179,LAST_FRESH_MARKET
FINAL-B,E4_ACT10_GB03_T15,fp1sig-a048c97cbb4c2e730be38ea5,FhfURvoJPBMiHWphQsuVDnG1kfTxeh4N7Qe5dqLApump,PP-1d471beea4d1b95dcb6e2766ff97598c,FILLED,FALLBACK,2026-08-27T22:48:41.371881+00:00,,890806,,2026-08-27T22:48:54.423602+00:00,,1,100000000,2355000,100208557,2357607,208557,-4504050,24670459,RULE_REFERENCE_FALLBACK
FINAL-B,E4_ACT10_GB03_T15,fp1sig-a1bbe46dc6bb28bdaba1c91c,RLTso1q768JYT8YLnS2wq8oPU417yMJVUPR5pv6pump,PP-e1750e289eea2ad7debfac87aff7ed1a,FILLED,FALLBACK,2026-08-28T04:13:05.574097+00:00,,992588,,2026-08-28T04:13:59.983068+00:00,,1,100000000,2355000,93377430,2272218,-6622570,-11249788,58527591,LAST_FRESH_MARKET
FINAL-B,E4_ACT10_GB03_T15,fp1sig-a2457cb6e0faee54c9642f5f,5udxEaZg5wZQ3CgJpakBNN4ABZ5HCS6wKqGrpMiNpump,PP-12deaf90d1888675b00bd39d1bd93ef9,FILLED,FALLBACK,2026-08-27T15:55:49.042740+00:00,,805667,,2026-08-27T15:55:50.534722+00:00,,1,100000000,2355000,93780604,2277258,-6219396,-10851654,7728218,LAST_FRESH_MARKET
FINAL-B,E4_ACT10_GB03_T15,fp1sig-a27ee836765987f9fb7db771,CzMravJwV8sazBJkVNYL4XbSVqYhoaBW1VAKa7Sjpump,PP-aa4043252d011ba6f9aed10b20b4609c,FILLED,FALLBACK,2026-08-28T06:24:44.640051+00:00,,1037578,,2026-08-28T06:24:48.066314+00:00,,1,100000000,2355000,95289736,2296122,-4710264,-9361386,14899252,RULE_REFERENCE_FALLBACK
FINAL-B,E4_ACT10_GB03_T15,fp1sig-a2a7bcfd3c4b83a428d605c9,FfNjVMwXFysEGkG1psvPMV8wXvN4xN3YwZojcEo1pump,PP-5805030583de61dc67079aa99f69684c,FILLED,FALLBACK,2026-08-28T10:14:54.863889+00:00,,1119486,,2026-08-28T10:15:14.452660+00:00,,1,100000000,2355000,92056483,2255707,-7943517,-12554224,26601639,RULE_REFERENCE_FALLBACK
FINAL-B,E4_ACT10_GB03_T15,fp1sig-a2a9a544060e60b716617482,EpCxKueb1jp3xQ4LQFCh3pQf6v9EDoaoobud4xBTpump,PP-a2b99325d1afcdfa5abc913d9a779d06,FILLED,FALLBACK,2026-08-28T01:38:32.677962+00:00,,936694,,2026-08-28T01:38:35.091568+00:00,,1,100000000,2355000,111143622,2494296,11143622,6294326,14054694,LAST_FRESH_MARKET
FINAL-B,E4_ACT10_GB03_T15,fp1sig-a2dee0331b1c6a5e34ced498,8ppPkwcvECF1ZjtGqHyMwYt8KC5bXrrAQcyKFLoqpump,PP-dd746ec1b130a96d5fa64924cece8b01,FILLED,FALLBACK,2026-08-28T03:20:38.986213+00:00,,974479,,2026-08-28T03:20:48.235710+00:00,REJECTED_THEN_FILLED,2,100000000,2355000,61960905,1879512,-38039095,-42273607,17038701,LAST_FRESH_MARKET
FINAL-B,E4_ACT10_GB03_T15,fp1sig-a2e73852e812c84b83f14de5,6d5eE5TAuRWQr172XBogX59Mm5WmDgDC8ugr79usnC9p,PP-90735be0ff7fec2fad58ce82e8126bcc,FILLED,FALLBACK,2026-08-27T16:54:10.660125+00:00,,813508,,2026-08-27T16:54:15.188382+00:00,,1,100000000,2355000,76823078,2065289,-23176922,-27597211,16010230,LAST_FRESH_MARKET
FINAL-B,E4_ACT10_GB03_T15,fp1sig-a3c330bf3be7d4585455efa0,8oGJ7uPob7uaLMinfCeYsdTBc5GW3gWruFE7njjCpump,PP-21760d36f2f4e4f5a388c47ee559dd80,FILLED,FALLBACK,2026-08-28T01:25:22.314335+00:00,,931852,,2026-08-28T01:25:24.951418+00:00,,1,100000000,2355000,118769653,2589621,18769653,13825032,9977843,LAST_FRESH_MARKET
FINAL-B,E4_ACT10_GB03_T15,fp1sig-a5364d6e12ac86f6a7112b96,bS5hfxkEc1qrX9y9Cf3cJgzgwxHp1dk3Nza2XHppump,PP-5bb80cef628e80c6de6c61947233d19b,FILLED,FALLBACK,2026-08-27T22:08:35.979350+00:00,,879598,,2026-08-27T22:08:38.587716+00:00,,1,100000000,2355000,82698108,2138727,-17301892,-21795619,14137556,LAST_FRESH_MARKET
FINAL-B,E4_ACT10_GB03_T15,fp1sig-a593bef7fb913cbb594c4a60,6hYvNdaLbRkWu4FmM3LSfc3w3F4mSc6UMMWuvW4Jpump,PP-caa53033309f0883a4901cd6fb92ea30,FILLED,FALLBACK,2026-08-28T07:42:22.671653+00:00,,1073014,,2026-08-28T07:42:26.616110+00:00,,1,100000000,2355000,89152216,2219403,-10847784,-15422187,14552502,LAST_FRESH_MARKET
FINAL-B,E4_ACT10_GB03_T15,fp1sig-a5adcc8a89d73e94bc750eaf,643kEvsek6q7dVhFvZXz3rpQZ29qJUXPjJXeTbX6pump,PP-332398d7ac9b3edc8d5088254b31ef0f,FILLED,FALLBACK,2026-08-27T15:26:22.670944+00:00,,802037,,2026-08-27T15:26:24.228814+00:00,,1,100000000,2355000,92311966,2258900,-7688034,-12301934,11000629,LAST_FRESH_MARKET
FINAL-B,E4_ACT10_GB03_T15,fp1sig-a5fc1047909841f2f5a841f5,F467hi3tATK3xCxCFyu8febWZsR3mKDE6LxhGKMtpump,PP-c0ed12d9fa163f19f9ab710e097a41b5,FILLED,FALLBACK,2026-08-28T00:33:33.300488+00:00,,919139,,2026-08-28T00:34:01.843243+00:00,REJECTED_THEN_FILLED,2,100000000,2355000,66242920,1933037,-33757080,-38045117,33701509,LAST_FRESH_MARKET
FINAL-B,E4_ACT10_GB03_T15,fp1sig-a819361afac2ea326d3d24a0,BeVwbFayKr7JU8qAbJdJKwGmK3AX2gPttRQyNApKpump,PP-16fea237efde0f6e2f78cdec23395fd0,FILLED,FALLBACK,2026-08-28T01:18:00.367976+00:00,,929754,,2026-08-28T01:18:20.502160+00:00,,1,100000000,2355000,97030411,2317881,-2969589,-7642470,30997144,LAST_FRESH_MARKET
FINAL-B,E4_ACT10_GB03_T15,fp1sig-a82dacf42f33fdfa7c227be4,CmM5HxXesQdt6go1E4g5FPSGVZQ6ddS893KRFE3Upump,PP-1d432d48fd5dd2301b42609be6b8a5ed,FILLED,FALLBACK,2026-08-27T12:38:21.638457+00:00,,768896,,2026-08-27T12:38:25.093639+00:00,,1,100000000,2355000,99486265,2348579,-513735,-5217314,5124945,RULE_REFERENCE_FALLBACK
FINAL-B,E4_ACT10_GB03_T15,fp1sig-aa2b0e1c3517615378afd20c,8jAwgxcLp9GuS7wxXiG94JtfR78NRrmjMqPsDuXWpump,PP-08f93f611bc46cbec093d31d7250d915,FILLED,FALLBACK,2026-08-28T12:02:01.156845+00:00,,1155088,,2026-08-28T12:02:01.745003+00:00,,1,100000000,2355000,84999082,2167489,-15000918,-19523407,10015700,LAST_FRESH_MARKET
FINAL-B,E4_ACT10_GB03_T15,fp1sig-aa39ab6877d8ec5eea8aa0cb,9sGxVCriPeVSucE47AwfgHWfpsV49bFcCi3oQQnZpump,PP-d20b51040704f5660af460279a839c0e,FILLED,FALLBACK,2026-08-28T02:07:25.178910+00:00,,945887,,2026-08-28T02:07:26.498939+00:00,,1,100000000,2355000,93282938,2271037,-6717062,-11343099,6677105,LAST_FRESH_MARKET
FINAL-B,E4_ACT10_GB03_T15,fp1sig-abe1208bca9accfab65fcc7e,GYF4f1Xqo6UqqnMpny45PTN8u9mSUf1v9hrHFXaKpump,PP-dee9156b591d4d4fee244ef198601b1c,FILLED,FALLBACK,2026-08-27T22:27:50.417934+00:00,,885591,,2026-08-27T22:27:59.267091+00:00,,1,100000000,2355000,102442894,2385537,2442894,-2297643,16450578,LAST_FRESH_MARKET
FINAL-B,E4_ACT10_GB03_T15,fp1sig-ac1e1a95ae59d847f0631d54,3wTyNyK9t6eqd8TAFsRLVX5yXJP3CTw6PNfTq8CFpump,PP-f5b23a544a1562379660dcfaac99186d,FILLED,FALLBACK,2026-08-28T00:21:55.038274+00:00,,916306,,2026-08-28T00:21:57.746509+00:00,,1,100000000,2355000,138446908,2835587,38446908,33256321,14607377,LAST_FRESH_MARKET
FINAL-B,E4_ACT10_GB03_T15,fp1sig-ac3356d2d8bc3c1f22c0ab33,CFR8FdCq2PNfY67CSGaD6LcWqPDLVNDHjVYTQ97Tpump,PP-080492b336617cb9476a4e4ff47032ed,FILLED,FALLBACK,2026-08-28T02:51:56.382926+00:00,,962503,,2026-08-28T02:52:19.070939+00:00,,1,100000000,2355000,104401871,2410024,4401871,-363153,34601952,LAST_FRESH_MARKET
FINAL-B,E4_ACT10_GB03_T15,fp1sig-ac47f538428194a39f4f54bf,H3GC7dsdm4aYyoeBLHig9rc4NDHQHV4fSScpk6D7pump,PP-ed8bbc89ca4e75f32ff856791eb429d2,FILLED,FALLBACK,2026-08-27T23:43:13.151011+00:00,,904173,,2026-08-27T23:43:16.811672+00:00,,1,100000000,2355000,124283382,2658543,24283382,19269839,10767015,LAST_FRESH_MARKET
FINAL-B,E4_ACT10_GB03_T15,fp1sig-aca5bd855462242b85b3f602,4DTzMJSXS1Rgdb4oV3VAdEPenarRVEMP1fBzrLZCpump,PP-b30ae828b72d5a1edd626e2abbc622c8,UNRESOLVED,FALLBACK,2026-08-27T20:13:09.260195+00:00,,,,,REJECTED_SLIPPAGE,220,100000000,2355000,,,,,,LAST_FRESH_MARKET
FINAL-B,E4_ACT10_GB03_T15,fp1sig-ad02ecab995d6745a25cf954,CisfgkRSjCgqgRjZWGKnRXsds8YxTBEmhzzqVMmJpump,PP-3816d3ef49b6180a2202210a41f232c4,FILLED,TRAIL,2026-08-28T00:04:44.787344+00:00,911159,911167,2026-08-28T00:04:44.787344+00:00,2026-08-28T00:04:48.238785+00:00,,1,100000000,2355000,122023929,2630300,22023929,17038629,4049161,TRIGGER_MARKET
FINAL-B,E4_ACT10_GB03_T15,fp1sig-ad1996d1f65b67486c1db8a9,57NgBBXzd6gKtBymoG5qiq4pZiHFs3b6o51Ldozgpump,PP-0126ec855ed2fed6ee9367404437b2e6,FILLED,FALLBACK,2026-08-28T10:50:03.278746+00:00,,1131785,,2026-08-28T10:50:05.883133+00:00,,1,100000000,2355000,35734697,1551684,-64265303,-68171987,13610376,LAST_FRESH_MARKET
FINAL-B,E4_ACT10_GB03_T15,fp1sig-ae57f18a067ea8c950d17fa9,BCv3HwVdpbS2HQNETVtsbhoSh7F3uKR5EBn6PpCBpump,PP-04bab504ea8739bd58af76d0cc4bbe42,FILLED,FALLBACK,2026-08-28T03:33:14.331765+00:00,,979428,,2026-08-28T03:33:15.235531+00:00,,1,100000000,2355000,144987676,2917346,44987676,39715330,11805461,LAST_FRESH_MARKET
FINAL-B,E4_ACT10_GB03_T15,fp1sig-ae8a56d66c1ab814dde37416,BXb6g4NbAAqWh2B7fEXKCmWNuWLWhg6DcfPceBHFpump,PP-115757d4e6e88b25647676b77db2d405,FILLED,FALLBACK,2026-08-28T09:48:27.681476+00:00,,1111423,,2026-08-28T09:48:30.249335+00:00,,1,100000000,2355000,98615897,2337699,-1384103,-6076802,16998324,LAST_FRESH_MARKET
FINAL-B,E4_ACT10_GB03_T15,fp1sig-af0750546f8b1e8b317e795b,72xMb1MGaLhL9U8mH7LpXURdg3GnjXkdzgCHYCEgpump,PP-b6b8b39050a19f7792c779d6f143089e,FILLED,TRAIL,2026-08-28T08:02:56.876535+00:00,1081358,1081359,2026-08-28T08:02:56.876535+00:00,2026-08-28T08:03:00.038292+00:00,,1,100000000,2355000,113581710,2524772,13581710,8701938,10296593,TRIGGER_MARKET
FINAL-B,E4_ACT10_GB03_T15,fp1sig-af65c74b080e6d2a64c21dfa,EGzvdwnFW7HzXXxMDKCcDT2nQnmckGk6fVoeRHYmpump,PP-08a7dbfef5c7136a0b37c9fa41b39ba9,FILLED,FALLBACK,2026-08-28T11:30:20.027026+00:00,,1144897,,2026-08-28T11:30:22.332867+00:00,,1,100000000,2355000,58427605,1835346,-41572395,-45762741,12577081,LAST_FRESH_MARKET
FINAL-B,E4_ACT10_GB03_T15,fp1sig-af77a18638a72d1dac9cb66d,91yDQBBhxW3jip4TTsAY76RSdLSYJ3FQfp3EbH3fpump,PP-661c359e3a7ed38a3e40f7e5564904df,FILLED,FALLBACK,2026-08-28T11:12:09.949882+00:00,,1137987,,2026-08-28T11:12:13.157318+00:00,,1,100000000,2355000,107867733,2453347,7867733,3059386,17680426,LAST_FRESH_MARKET
FINAL-B,E4_ACT10_GB03_T15,fp1sig-afbf5b3a74f0c069bf9e0931,GeuWfXv73QCywGkFM1wseVmEZVVPKFA2EBVwBv3Zpump,PP-4ba0c2164b31dd50ee2c3c47e2a1b732,FILLED,FALLBACK,2026-08-28T08:16:21.207000+00:00,,1086649,,2026-08-28T08:16:23.053428+00:00,,1,100000000,2355000,86027904,2180349,-13972096,-18507445,9355767,LAST_FRESH_MARKET
FINAL-B,E4_ACT10_GB03_T15,fp1sig-b0cd5b4204c2a7918ea36ed9,k9JmrQ952S9gBePJBpMNWPKzS8TK6gcUJjoBRptpump,PP-574b8a4c799b1fcfa8a522f171435cd9,FILLED,FALLBACK,2026-08-27T22:08:57.080434+00:00,,879687,,2026-08-27T22:09:07.579329+00:00,,1,100000000,2355000,106584055,2437301,6584055,1791754,20979301,LAST_FRESH_MARKET
FINAL-B,E4_ACT10_GB03_T15,fp1sig-b0e84f19e96d38d29224c348,AgxEvEnaaqcPZscVmxEKygnp2XKh1yo5hBBhYAVcpump,PP-0cd4b42dc8abf4e7f4d4c0a95d58b305,FILLED,FALLBACK,2026-08-27T13:12:05.758885+00:00,,776385,,2026-08-27T13:12:28.146694+00:00,,1,100000000,2355000,99408908,2347612,-591092,-5293704,33577254,RULE_REFERENCE_FALLBACK
FINAL-B,E4_ACT10_GB03_T15,fp1sig-b22587d12930831f1a1c15f5,Y3Wscds4oZJe55x2pH3dsJH4r87F2o8pSjj31Kypump,PP-84e1ff74012f89623fce3a780a885310,FILLED,FALLBACK,2026-08-28T06:57:33.357442+00:00,,1053189,,2026-08-28T06:57:35.476217+00:00,,1,100000000,2355000,52991882,1767399,-47008118,-51130517,13775368,LAST_FRESH_MARKET
FINAL-B,E4_ACT10_GB03_T15,fp1sig-b2b7c8b34064ec824c87a142,9Uu9HhXtqBfs5Tgf88MQj5NPs85sZ5HvLf1xj1BZpump,PP-3ba72b3a2505cbbc0b17d079745e8cf5,FILLED,FALLBACK,2026-08-28T08:15:45.082899+00:00,,1086444,,2026-08-28T08:15:55.020282+00:00,,1,100000000,2355000,98941306,2341767,-1058694,-5755461,21697662,LAST_FRESH_MARKET
FINAL-B,E4_ACT10_GB03_T15,fp1sig-b2f7032e865ecc2cf878a710,DHaatZuSgvqq2BjueLhhYEA4UV32MVfTme6hngAppump,PP-6fb0bbdb4161c7f0de0bff2847efd6d4,FILLED,FALLBACK,2026-08-28T04:53:11.627995+00:00,,1006352,,2026-08-28T04:53:25.765292+00:00,,1,100000000,2355000,96529094,2311614,-3470906,-8137520,22413569,LAST_FRESH_MARKET
FINAL-B,E4_ACT10_GB03_T15,fp1sig-b37e9847db3bb0eb70375197,GKYLCDwbMwqCyVb6mwB9SWtNYSyAF6jE82vojWdFpump,PP-71966db106de671cbc4c60bc4acf4b09,FILLED,FALLBACK,2026-08-28T01:44:33.219865+00:00,,938423,,2026-08-28T01:44:34.120357+00:00,,1,100000000,2355000,104041497,2405519,4041497,-719022,12651987,LAST_FRESH_MARKET
FINAL-B,E4_ACT10_GB03_T15,fp1sig-b3b44fac33240f4762d25fe2,5cBMD5Qi2SkALokkgaxWRdakTaWBD9bFM7amuBzCpump,PP-c170f24892caaa93614593e82d0d45a1,FILLED,FALLBACK,2026-08-28T08:26:06.755568+00:00,,1090871,,2026-08-28T08:26:16.486810+00:00,,1,100000000,2355000,102706012,2388826,2706012,-2037814,21875026,LAST_FRESH_MARKET
FINAL-B,E4_ACT10_GB03_T15,fp1sig-b3eaaecc9ed6f9385795ac61,FCvMTqzcqyTSvYdqWk3LDMfXcL5DRPJoecaDFfYJpump,PP-5bb660934efdb409a684512a8bc7eb29,FILLED,FALLBACK,2026-08-28T01:18:32.099147+00:00,,929844,,2026-08-28T01:18:37.406510+00:00,,1,100000000,2355000,102402597,2385033,2402597,-2337436,16819004,LAST_FRESH_MARKET
FINAL-B,E4_ACT10_GB03_T15,fp1sig-b426a3af6ffe869b7e8b0301,pJbDcnfSSJ1NPpcAAEuH6rtZwYtWuzR6LfSCEn1pump,PP-38e0425b62611c513d7101cc5c22f39f,FILLED,TRAIL,2026-08-28T04:26:28.904199+00:00,997176,997203,2026-08-28T04:26:28.904199+00:00,2026-08-28T04:26:38.670477+00:00,,1,100000000,2355000,118256895,2583212,18256895,13318683,16865118,TRIGGER_MARKET
FINAL-B,E4_ACT10_GB03_T15,fp1sig-b459f77a235c5c20c0cb96f5,DyCnijsR1tq3gHKcrnKqd66CoYa5o7YT9DzXst6wpump,PP-ee7268790c4c612b20e4c61d19a5c623,FILLED,FALLBACK,2026-08-28T05:14:18.595305+00:00,,1011943,,2026-08-28T05:14:21.229432+00:00,,1,100000000,2355000,108524294,2461554,8524294,3707740,13873828,RULE_REFERENCE_FALLBACK
FINAL-B,E4_ACT10_GB03_T15,fp1sig-b49904fe0eb7b4360711cba7,5rgQHSvuVJdbBtQ5GvLmSVkqSEvaEPvNqMNTGayjpump,PP-ed105dcf55df5429e812a587f3cf2c8e,FILLED,FALLBACK,2026-08-28T12:19:47.726182+00:00,,1159618,,2026-08-28T12:19:49.499821+00:00,,1,100000000,2355000,100771607,2364646,771607,-3948039,3807928,LAST_FRESH_MARKET
FINAL-B,E4_ACT10_GB03_T15,fp1sig-b51beaf46af66c57d512fe56,69rD3uN3GMTvjhA8tnNHwq2CgHCt1MZPkQKtrrqQpump,PP-17aa58e1d10b424846c99ba48ba61934,FILLED,FALLBACK,2026-08-28T03:32:11.620106+00:00,,978876,,2026-08-28T03:32:13.791083+00:00,,1,100000000,2355000,39956759,1604460,-60043241,-64002701,13610179,LAST_FRESH_MARKET
FINAL-B,E4_ACT10_GB03_T15,fp1sig-b55297bc9f2c9962ca48c33c,ckTcXKY4vmdpsa8yQ2vNFKxC47wbYs91F6u2MFtpump,PP-f4a13838a5fa99af27c3dde96444c06c,FILLED,TRAIL,2026-08-27T21:45:46.298015+00:00,873598,873616,2026-08-27T21:45:46.298015+00:00,2026-08-27T21:45:49.096199+00:00,,1,100000000,2355000,152071221,3005891,52071221,46710330,3006241,TRIGGER_MARKET
FINAL-B,E4_ACT10_GB03_T15,fp1sig-b583018246886f98e111e89b,F6oEBRNKUJw5hQ757qq5iPQw24KreTv8c6AsN1Nbpump,PP-63444a24128c3aa0d2a948d196d9e3ec,FILLED,FALLBACK,2026-08-28T11:03:46.521235+00:00,,1135279,,2026-08-28T11:03:52.545818+00:00,,1,100000000,2355000,105782285,2427279,5782285,1000006,9259370,RULE_REFERENCE_FALLBACK
FINAL-B,E4_ACT10_GB03_T15,fp1sig-b5a51d824fc75d8dbf027589,2Qh8DKka1DnzTTYt7cVV3HDL2tujbmjwU74tjL8Tpump,PP-150871dee9618e34a0c68bbde53a3fc9,FILLED,FALLBACK,2026-08-28T10:52:19.097489+00:00,,1132850,,2026-08-28T10:52:21.428282+00:00,,1,100000000,2355000,83151027,2144388,-16848973,-21348361,12864904,LAST_FRESH_MARKET
FINAL-B,E4_ACT10_GB03_T15,fp1sig-b609be00e35dacbf2f4f75aa,4i8zDsZUwEPNv9JNGitVASFDh41eEzSuHgo6ihD4pump,PP-7f57bf90c1882b7d4adf10163cbe0c7d,FILLED,FALLBACK,2026-08-27T13:05:56.463005+00:00,,774503,,2026-08-27T13:06:03.071128+00:00,,1,100000000,2355000,62811143,1890140,-37188857,-41433997,13588324,LAST_FRESH_MARKET
FINAL-B,E4_ACT10_GB03_T15,fp1sig-b64f2f5b8960e54eeb106d58,5iuDrxx48Hx8onNebDuSSniKJYEFux2jjoSsUWL1pump,PP-f0a054b922b39e61ee1e03affa7202fa,FILLED,FALLBACK,2026-08-27T23:55:44.270638+00:00,,908751,,2026-08-27T23:55:46.096056+00:00,,1,100000000,2355000,116828745,2565360,16828745,11908385,13466123,LAST_FRESH_MARKET
FINAL-B,E4_ACT10_GB03_T15,fp1sig-b72f946aea25ff0c3f8abacb,3kUpB6Shf1FAW3MFkJHuVvbMZaXpoBNsGR7wpbBnpump,PP-4ee9bd4ee312537b397369bbe9978f08,FILLED,FALLBACK,2026-08-28T12:16:13.272485+00:00,,1158501,,2026-08-28T12:16:17.794305+00:00,,1,100000000,2355000,110636623,2487958,10636623,5793665,16346384,LAST_FRESH_MARKET
FINAL-B,E4_ACT10_GB03_T15,fp1sig-b761f9b5542fd792ca3017f2,CE1UkssF5xeR3wc8mSSuTuJLRXPinZnbQBMD6vUZpump,PP-1b9b01ed017e6b9b513bbfa69026df46,UNRESOLVED,FALLBACK,2026-08-28T03:24:20.925691+00:00,,,,,REJECTED_SLIPPAGE,77,100000000,2355000,,,,,,RULE_REFERENCE_FALLBACK
FINAL-B,E4_ACT10_GB03_T15,fp1sig-b7f3b66736ae6be937974474,FpW73pQUCp8WhH5HTQF6K7DXJuakTZ1xtW5PQiq7pump,PP-ed457e343e89932b60df480a0252e674,FILLED,FALLBACK,2026-08-27T13:49:07.974499+00:00,,784981,,2026-08-27T13:49:11.994947+00:00,,1,100000000,2355000,131008030,2742601,31008030,25910429,18294592,LAST_FRESH_MARKET
FINAL-B,E4_ACT10_GB03_T15,fp1sig-b8454f45b79bbaf2248ae736,41framh7L51PR8CNDVDhcePksenSd6VXeqkE5DjVpump,PP-eeec61a95ff83826e99e7de82c4bf2db,FILLED,FALLBACK,2026-08-27T18:39:50.077541+00:00,,833064,,2026-08-27T18:39:55.221394+00:00,,1,100000000,2355000,141617910,2875224,41617910,36387686,16369453,LAST_FRESH_MARKET
FINAL-B,E4_ACT10_GB03_T15,fp1sig-b84e32048211adbd3dff97f1,FApe6bVMoKm8YmuycBRdQ23UNNzB2oiiKrPjMeEApump,PP-790e324b831cc0e7a3700d2fa09a6705,FILLED,TRAIL,2026-08-28T05:21:41.375621+00:00,1013935,1013946,2026-08-28T05:21:41.375621+00:00,2026-08-28T05:21:45.262760+00:00,,1,100000000,2355000,96812623,2315158,-3187377,-7857535,4089974,TRIGGER_MARKET
FINAL-B,E4_ACT10_GB03_T15,fp1sig-b85bcd9910a1cba24501d2b5,XUHLJAALQtQRLxNyxeTJUwJaJySeHvhRvDbY4Dkpump,PP-4ec41f480c660b2fb892f3ee91e74304,FILLED,FALLBACK,2026-08-27T23:07:24.449088+00:00,,895535,,2026-08-27T23:08:15.439152+00:00,REJECTED_THEN_FILLED,6,100000000,2355000,115843983,2553050,15843983,10935933,55395533,RULE_REFERENCE_FALLBACK
FINAL-B,E4_ACT10_GB03_T15,fp1sig-b9126d2b37f83d9559e0ace9,7tgXPB3xWhN3pUt6QLF1SPoFPYFuqnePekfZDhoDpump,PP-96da3d90d07c1b36a74449aeefff79f5,FILLED,FALLBACK,2026-08-28T07:26:22.060005+00:00,,1065757,,2026-08-28T07:26:26.686294+00:00,,1,100000000,2355000,97253887,2320674,-2746113,-7421787,11997785,RULE_REFERENCE_FALLBACK
FINAL-B,E4_ACT10_GB03_T15,fp1sig-b92fd4f49efa8f6d146c757c,8Qh57kN6NrAWvr9SneZiBf6CvHQj1QTYKTwL6bSxpump,PP-1e036500ac17241f0b0766037c08b152,FILLED,TRAIL,2026-08-28T11:13:13.277782+00:00,1138270,1138329,2026-08-28T11:13:13.277782+00:00,2026-08-28T11:13:26.294139+00:00,,1,100000000,2355000,116231309,2557892,16231309,11318417,26661089,TRIGGER_MARKET
FINAL-B,E4_ACT10_GB03_T15,fp1sig-bb3f95b3f11f2f06a056bb69,2TCgoH2uvvGTCewaRpgjMJDxwcRR9rqwumFum8njpump,PP-a5ea0f73b9cbe5f750c470aa99f9d4ac,FILLED,FALLBACK,2026-08-27T21:34:16.114756+00:00,,870682,,2026-08-27T21:35:08.185279+00:00,,1,100000000,2355000,99456827,2348211,-543173,-5246384,62853398,RULE_REFERENCE_FALLBACK
FINAL-B,E4_ACT10_GB03_T15,fp1sig-bb516baf3765da32d7a75222,2fwrgCNcJxZpCUNyoyaj5Ro9WenH3UoiNMZVA3Bspump,PP-c7539201120c43456e88e6e8c2d5ebd2,FILLED,FALLBACK,2026-08-27T16:03:26.138607+00:00,,806983,,2026-08-27T16:04:13.163297+00:00,,1,100000000,2355000,100540504,2361757,540504,-4176253,57740568,LAST_FRESH_MARKET
FINAL-B,E4_ACT10_GB03_T15,fp1sig-bb831eecf87379578a187d53,2Bg1v2JjKTXaEcqkeUiX3KqUeVnbRUKU5zyjJoznpump,PP-4ef2986041748a59977cf5780d99da22,FILLED,FALLBACK,2026-08-28T02:40:44.136370+00:00,,957334,,2026-08-28T02:40:47.672539+00:00,,1,100000000,2355000,98756423,2339456,-1243577,-5938033,14730725,RULE_REFERENCE_FALLBACK
FINAL-B,E4_ACT10_GB03_T15,fp1sig-bbbed2edf9e0a1fc410d0e80,8zcYf6zQ9TFqCuPfejRnp5cquzUQyCta9JYKkeYZpump,PP-02b0d5ed7f8c70ae3f391a4d3b28854d,FILLED,FALLBACK,2026-08-28T07:58:44.065507+00:00,,1079308,,2026-08-28T07:58:45.488346+00:00,,1,100000000,2355000,99591777,2349898,-408223,-5113121,13417312,LAST_FRESH_MARKET
FINAL-B,E4_ACT10_GB03_T15,fp1sig-bbd30b385f98da34e9ed9c3f,5qZv4Jd4a4obz16RPkX7rwc91PCxeSPJD7reE1MFpump,PP-18f477613b80d3d9c45e037284eae3e9,FILLED,TRAIL,2026-08-28T07:43:20.416603+00:00,1073352,1073429,2026-08-28T07:43:20.416603+00:00,2026-08-28T07:43:26.999461+00:00,,1,100000000,2355000,103302419,2396281,3302419,-1448862,14248949,TRIGGER_MARKET
FINAL-B,E4_ACT10_GB03_T15,fp1sig-bbe3fd43d005cef512c74c96,9TocaZKhV3ALfM5FZVkNTemoRCkUTjfKvv1uSZJtpump,PP-ae9a99ff8510cbbc718c50b2ccbcc3dc,FILLED,TRAIL,2026-08-28T10:18:50.580245+00:00,1120997,1121027,2026-08-28T10:18:50.580245+00:00,2026-08-28T10:18:54.601347+00:00,,1,100000000,2355000,319803800,5102548,219803800,212346252,13695371,TRIGGER_MARKET
FINAL-B,E4_ACT10_GB03_T15,fp1sig-bbfc023fb3498cb9352af203,6pqDcTXEX8TqSdaGvddgz8Pdvrv2ZqmmY1c8RZkvpump,PP-df3b805f6ed53df0680924aeb35988a7,FILLED,TRAIL,2026-08-27T23:29:49.618946+00:00,900403,900417,2026-08-27T23:29:49.618946+00:00,2026-08-27T23:29:53.136750+00:00,,1,100000000,2355000,113641012,2525513,13641012,8760499,9565621,TRIGGER_MARKET
FINAL-B,E4_ACT10_GB03_T15,fp1sig-bc0b574c2b028684b1c7ae4a,8h2e7QgoAskovpCzFk1RoPsS16QNMRGDMJoGjdVJpump,PP-2978a0bcf115690cc563a18a9e6d714b,FILLED,FALLBACK,2026-08-28T03:14:57.457133+00:00,,972366,,2026-08-28T03:15:05.024170+00:00,,1,100000000,2355000,121961335,2629517,21961335,16976818,16282324,LAST_FRESH_MARKET
FINAL-B,E4_ACT10_GB03_T15,fp1sig-beb17805113485a688ae713f,AMin1jzcbyHqWD9e4UUF4buMYzEQLT6njDHUZFv9pump,PP-b5cb4958cb8f53fb2b810e58db170d28,FILLED,FALLBACK,2026-08-27T22:17:34.029467+00:00,,882492,,2026-08-27T22:17:42.026076+00:00,,1,100000000,2355000,128635059,2712939,28635059,23567120,8217601,RULE_REFERENCE_FALLBACK
FINAL-B,E4_ACT10_GB03_T15,fp1sig-bed7cf645d2286071420a25e,FuymJdz6J6U67b4cjtJ4u45GEWH73QqWx6FbFzsFpump,PP-2734052b5fac5a498d91fd45a8f44eb0,FILLED,FALLBACK,2026-08-28T10:03:28.131621+00:00,,1115583,,2026-08-28T10:03:36.600133+00:00,,1,100000000,2355000,95407756,2297597,-4592244,-9244841,22904679,LAST_FRESH_MARKET
FINAL-B,E4_ACT10_GB03_T15,fp1sig-bf0414179032c8549e9c5e68,EuoTaJqE8qb99mtVfcfGaHyW7LGhjcftGt5tF2Lapump,PP-13afb0bf1c60d521482f113bf7adbb6a,FILLED,FALLBACK,2026-08-28T03:39:30.942546+00:00,,981268,,2026-08-28T03:39:34.063107+00:00,,1,100000000,2355000,105063547,2418295,5063547,290252,14676785,LAST_FRESH_MARKET
FINAL-B,E4_ACT10_GB03_T15,fp1sig-bf4676c93ed41eee9924154c,ByZMJgXok51e3aNBxT2MdFP5VCnQqgALdnjKjoTbpump,PP-42149d0ee2726c4f6f415fba4310652e,FILLED,FALLBACK,2026-08-27T21:29:05.879016+00:00,,869514,,2026-08-27T21:29:23.724994+00:00,,1,100000000,2355000,91065083,2243314,-8934917,-13533231,25525701,LAST_FRESH_MARKET
FINAL-B,E4_ACT10_GB03_T15,fp1sig-bfbc2232a7628f0de0637a02,F7bkpLH1kgeBYGyjUFzvWdLrNLo6cBNcSUKGp1Qxpump,PP-d25b1f2cba2bc04bd95c23af7178562d,FILLED,FALLBACK,2026-08-27T13:29:47.600177+00:00,,780576,,2026-08-27T13:29:51.958688+00:00,,1,100000000,2355000,89573826,2224673,-10426174,-15005847,13265735,LAST_FRESH_MARKET
FINAL-B,E4_ACT10_GB03_T15,fp1sig-c021ed9859c49676e7bd7f57,HuwJPBTd2AFoUPF7hfMGSMAQA4fk4QiD4yQ47Eqpump,PP-6918bc7af474cad485b65752581f66f7,FILLED,FALLBACK,2026-08-28T05:14:50.420497+00:00,,1012119,,2026-08-28T05:15:01.239271+00:00,,1,100000000,2355000,100001260,2355016,1260,-4708756,18503504,RULE_REFERENCE_FALLBACK
FINAL-B,E4_ACT10_GB03_T15,fp1sig-c0632c21989571a47e56f3c8,5PhfN9BNhFG6fg2xFG3cFYPNcAPEtzcEdy7sESxrpump,PP-c47a0757cc3cd88b7e53bc8ee23a10e4,FILLED,FALLBACK,2026-08-28T05:50:26.853363+00:00,,1025997,,2026-08-28T05:50:30.651896+00:00,,1,100000000,2355000,103789525,2402370,3789525,-967845,14639406,LAST_FRESH_MARKET
FINAL-B,E4_ACT10_GB03_T15,fp1sig-c084dffa7b57a94c2a6eaa0e,3TGaanwE6VqXMaodwh3fuBy6tpW7yHTmJB9K33HNpump,PP-1027b7347b3f6c8d2d72db57b195be59,FILLED,TRAIL,2026-08-28T06:43:29.973692+00:00,1046373,1046414,2026-08-28T06:43:29.973692+00:00,2026-08-28T06:43:33.698880+00:00,,1,100000000,2355000,141072155,2868402,41072155,35848753,7486447,TRIGGER_MARKET
FINAL-B,E4_ACT10_GB03_T15,fp1sig-c26933e3dcdbb6cb4a440d47,4HFDXYx8PhBCed8znKaXiPmWwx2kNUsF8ZQ3wqQLpump,PP-6efb5cb44f9714388b637cb0ffeb7c54,FILLED,FALLBACK,2026-08-28T01:14:59.339084+00:00,,929058,,2026-08-28T01:15:49.079237+00:00,,1,100000000,2355000,98430858,2335386,-1569142,-6259528,61154622,RULE_REFERENCE_FALLBACK
FINAL-B,E4_ACT10_GB03_T15,fp1sig-c2e78965ba7e2568ca4aa6fa,4fg7sJk8sisohjKYqvZDwRUhqAe4Y7Q9sfvmdWD5pump,PP-a234bfa163613b1525e9bff511798fcf,FILLED,FALLBACK,2026-08-28T07:10:06.339860+00:00,,1058526,,2026-08-28T07:10:09.598475+00:00,,1,100000000,2355000,48435457,1710444,-51564543,-55629987,14772089,LAST_FRESH_MARKET
FINAL-B,E4_ACT10_GB03_T15,fp1sig-c3e03df5b7b757f9a7b16ef6,CFAGgYmNfLHAg9N9gU26zt1qjr5JSgK5Stt1VJLepump,PP-dfe40af0f03c556164ac2b288fc5e521,FILLED,FALLBACK,2026-08-28T01:57:59.863136+00:00,,942924,,2026-08-28T01:58:02.213035+00:00,,1,100000000,2355000,93325092,2271564,-6674908,-11301472,13532594,LAST_FRESH_MARKET
FINAL-B,E4_ACT10_GB03_T15,fp1sig-c4c3b928fd1b9519ee8605a1,5An7sjcaoN1vfVEcKjKsAgauyWjTcr2M3jGGdpJ6pump,PP-90d74a7dd37166590a8bfc04175b71c3,FILLED,FALLBACK,2026-08-27T20:15:07.532758+00:00,,851832,,2026-08-27T20:15:11.264220+00:00,,1,100000000,2355000,78531513,2086644,-21468487,-25910131,15391553,LAST_FRESH_MARKET
FINAL-B,E4_ACT10_GB03_T15,fp1sig-c4f41f33d7b05e942a8f387c,26k9rEajkfHmBcaKdoQGFmWkJ94bShbGHzKVgxetpump,PP-b7150f93e6c30d30e900f54aa3a160bb,FILLED,FALLBACK,2026-08-28T07:05:40.278944+00:00,,1056473,,2026-08-28T07:05:43.993901+00:00,,1,100000000,2355000,156465947,3060825,56465947,51050122,16278392,LAST_FRESH_MARKET
FINAL-B,E4_ACT10_GB03_T15,fp1sig-c4f9fdbd097cd462a76e3901,4CzNYnFKgA8dTZgNBTrMAXXvYpDe26372qwJfYkvpump,PP-c5cf4fe030f9f8e72334b0746cfba9ce,FILLED,FALLBACK,2026-08-28T03:35:36.624707+00:00,,980025,,2026-08-28T03:35:38.612086+00:00,,1,100000000,2355000,97789132,2327365,-2210868,-6893233,3806011,LAST_FRESH_MARKET
FINAL-B,E4_ACT10_GB03_T15,fp1sig-c5270c31b3c5f84e454219ce,A5nnod2nW9pLCJ8J4Dg23dMSTU1oFN7rckfFzNFnpump,PP-f1072044b74f7178f954cc5cdfd7a791,FILLED,FALLBACK,2026-08-28T09:45:36.605024+00:00,,1111188,,2026-08-28T09:45:39.090588+00:00,,1,100000000,2355000,101688808,2376111,1688808,-3042303,14414799,LAST_FRESH_MARKET
FINAL-B,E4_ACT10_GB03_T15,fp1sig-c58c2efb8a052f1c7f84da2d,3jHZq8J2C5sHih1stpSaMShjwYg1wHLWErtKkes1pump,PP-a610997f9ed5157d6603c60d61f808e9,FILLED,TRAIL,2026-08-27T15:34:24.059003+00:00,803471,803477,2026-08-27T15:34:24.059003+00:00,2026-08-27T15:34:25.336469+00:00,,1,100000000,2355000,124635025,2662938,24635025,19617087,4850300,TRIGGER_MARKET
FINAL-B,E4_ACT10_GB03_T15,fp1sig-c5ef5209a8eea86873426c21,EVWNZY8HtsVpjdkhUUN3drX6EGYtC7LbZTWKGetqpump,PP-7cde6f986f26155f88b14723d342e5b5,FILLED,TRAIL,2026-08-28T01:38:06.087572+00:00,936566,936593,2026-08-28T01:38:06.087572+00:00,2026-08-28T01:38:09.806126+00:00,,1,100000000,2355000,148275778,2958448,48275778,42962330,14351399,TRIGGER_MARKET
FINAL-B,E4_ACT10_GB03_T15,fp1sig-c5facfc2fa791ffb444840bd,2BG9oRr8U75LxD27aNkQ2mcQFeVnmnGHVdWQDZ2npump,PP-4166729d3b0c63cdfd4844a11aa667ab,FILLED,FALLBACK,2026-08-27T22:25:16.240891+00:00,,885020,,2026-08-27T22:25:21.603013+00:00,,1,100000000,2355000,90505163,2236315,-9494837,-14086152,10709602,LAST_FRESH_MARKET
FINAL-B,E4_ACT10_GB03_T15,fp1sig-c6032cc9830f9ddf55d88177,A7snkhg8HR1tJfzkwMxKGCPUs6wuPvbuV2n4JEtKpump,PP-06806bd856f693f1c4cc4a0892d825dc,FILLED,FALLBACK,2026-08-27T18:43:01.155898+00:00,,833987,,2026-08-27T18:43:09.497918+00:00,,1,100000000,2355000,97500497,2323757,-2499503,-7178260,19955607,LAST_FRESH_MARKET
FINAL-B,E4_ACT10_GB03_T15,fp1sig-c67373ba873e32e99707d89e,GdLJMG47ENiyoE9UAabJoBECaKzJprfqQTPzWW7apump,PP-8112844363ad244f54e8874b7a1633cf,FILLED,TRAIL,2026-08-28T01:27:56.137248+00:00,932554,932557,2026-08-28T01:27:56.137248+00:00,2026-08-28T01:27:59.178960+00:00,,1,100000000,2355000,109096537,2468707,9096537,4272830,9880792,TRIGGER_MARKET
FINAL-B,E4_ACT10_GB03_T15,fp1sig-c70dac1e1dcb7e02c971c22b,EzF4VSgno1ML9zGDT8XSfp6nZh7hRxAtzNf23ZnDpump,PP-a125ab7a1a8eea169dfeee5d0ea7007e,FILLED,FALLBACK,2026-08-28T11:35:56.434225+00:00,,1147313,,2026-08-28T11:37:14.406838+00:00,,1,100000000,2355000,99205405,2345068,-794595,-5494663,82547118,LAST_FRESH_MARKET
FINAL-B,E4_ACT10_GB03_T15,fp1sig-c7a8b698b42b07595eb9a07d,38zqX5BquJoMFgYd5YVxjMi6kDJTWitcdTmXR8Lppump,PP-6ce97adaaee90445dcc77923136bdfe4,FILLED,FALLBACK,2026-08-28T00:03:43.296434+00:00,,910902,,2026-08-28T00:03:45.820461+00:00,,1,100000000,2355000,94074913,2280937,-5925087,-10561024,13795859,LAST_FRESH_MARKET
FINAL-B,E4_ACT10_GB03_T15,fp1sig-c7c63a7afd6d3c8f86482724,7SMwMAHDxEt9Ev7bezdW9tRbHG6MAN9rM59FxoPDpump,PP-d8cbd79c568f93e09f9358c97bb2521e,FILLED,FALLBACK,2026-08-28T02:50:56.097142+00:00,,962025,,2026-08-28T02:51:11.259233+00:00,,1,100000000,2355000,120590121,2612377,20590121,15622744,27238347,LAST_FRESH_MARKET
FINAL-B,E4_ACT10_GB03_T15,fp1sig-c82cbf3f59f2d54bd456c57f,FaHqgxigM8bPvPoDM5gzatkYadsA76EWdz7EondAWNgy,PP-d404eebcff9e9653df491e6e044df7f6,FILLED,TRAIL,2026-08-27T14:59:20.148320+00:00,797180,797202,2026-08-27T14:59:20.148320+00:00,2026-08-27T14:59:23.986095+00:00,,1,100000000,2355000,87431035,2197888,-12568965,-17121853,11255326,TRIGGER_MARKET
FINAL-B,E4_ACT10_GB03_T15,fp1sig-c85b86917258d04c5fff19d1,2Qe1XBt3qsrfinEMiZrjhrB6x8wGkV9aX41FvKZKpump,PP-69d0c242bbc4ba09bd434a9add265d67,UNRESOLVED,FALLBACK,2026-08-28T02:58:38.600155+00:00,,,,,REJECTED_SLIPPAGE,16,100000000,2355000,,,,,,RULE_REFERENCE_FALLBACK
FINAL-B,E4_ACT10_GB03_T15,fp1sig-c87058d2a949583397439a57,7FsSW5o3VSpYhV4BJ74BXoLbEV8xXS48DodAEhHApump,PP-253978cd84b2b685f66447ea9c23ab93,FILLED,TRAIL,2026-08-27T12:41:22.906783+00:00,769759,769772,2026-08-27T12:41:22.906783+00:00,2026-08-27T12:41:25.484033+00:00,,1,100000000,2355000,93100355,2268755,-6899645,-11523400,7989783,TRIGGER_MARKET
FINAL-B,E4_ACT10_GB03_T15,fp1sig-c8be3ec6aeddd1c278a2928b,6HL6dXYM1vjV8Qe4iMgvBzDti3qYG2XZEvH7hf8xpump,PP-4d057347dedb97cef42ccaedc4f05ccf,FILLED,FALLBACK,2026-08-27T18:30:17.436693+00:00,,831585,,2026-08-27T18:30:23.892259+00:00,,1,100000000,2355000,105763993,2427050,5763993,981943,10801981,LAST_FRESH_MARKET
FINAL-B,E4_ACT10_GB03_T15,fp1sig-c8f9ce990ec4062f867abbad,9V2NLoZPoFKNSxXqZ2WYfDPrTJLmxYNxUz9W9N4Hpump,PP-1d53a4715e719619c4862f66da3150f8,FILLED,FALLBACK,2026-08-27T15:16:20.274177+00:00,,800066,,2026-08-27T15:16:24.403670+00:00,,1,100000000,2355000,100343411,2359293,343411,-4370882,15788639,LAST_FRESH_MARKET
FINAL-B,E4_ACT10_GB03_T15,fp1sig-c92d30676befd91852c66116,E5JZ7nPT6NvnRabDqANtJiFcfPfs8GZeBJ8qEfJepump,PP-c0af33c7f143185c91ce7f4d2f0d02ac,FILLED,FALLBACK,2026-08-28T10:35:15.443288+00:00,,1126842,,2026-08-28T10:35:17.792073+00:00,,1,100000000,2355000,100014453,2355181,14453,-4695728,13402325,LAST_FRESH_MARKET
FINAL-B,E4_ACT10_GB03_T15,fp1sig-c960a74fd70daa0789315936,EwtKV8CZR8123Xq3BS3Mc2CRHRSVRhNoN3q9HXYFpump,PP-919acb8e0c56a586ee7dc6f2c16f024f,FILLED,FALLBACK,2026-08-27T13:18:49.829669+00:00,,777858,,2026-08-27T13:18:50.736002+00:00,,1,100000000,2355000,103500634,2398758,3500634,-1253124,6433511,RULE_REFERENCE_FALLBACK
FINAL-B,E4_ACT10_GB03_T15,fp1sig-c99d4c3fdc251db0fe061a65,6dpc2cW8FJwJV6WrGGkREKGfaTjaxfAUaiUv2uJnmsG7,PP-8541cb813dd93eccc46ba97bdb652050,UNRESOLVED,FALLBACK,2026-08-27T13:21:43.878514+00:00,,,,,NO_CAUSAL_FILL,0,100000000,2355000,,,,,,LAST_FRESH_MARKET
FINAL-B,E4_ACT10_GB03_T15,fp1sig-c9d9a45d925372da2942fd4a,5J7ULoEzdsVuDX7YrxeK9KBippENWhuHHz1tt4kmpump,PP-38adc361dc8d3af9e1d99c3ca754ca80,FILLED,FALLBACK,2026-08-28T11:25:12.327508+00:00,,1142941,,2026-08-28T11:25:17.657401+00:00,,1,100000000,2355000,76482380,2061030,-23517620,-27933650,14287481,LAST_FRESH_MARKET
FINAL-B,E4_ACT10_GB03_T15,fp1sig-c9deaafe28206b2fa7e0fad2,Efc1NG3RkNKimd3EYnWGHjD6j9XFY72xKM7hWi23pump,PP-7798e8c0ef25115f5e70187809c739c4,FILLED,FALLBACK,2026-08-27T21:14:15.610716+00:00,,864859,,2026-08-27T21:14:23.184015+00:00,,1,100000000,2355000,62513032,1886413,-37486968,-41728381,14347468,LAST_FRESH_MARKET
FINAL-B,E4_ACT10_GB03_T15,fp1sig-ca0f4d8df2d7739709169a5a,8vikGhaeTBDyAxdLwEMqZF37nnnEGHB24Bx7odT5pump,PP-bb5f6b9c2b0a31dc8c4da8994ce9375a,FILLED,FALLBACK,2026-08-28T07:17:13.957442+00:00,,1061425,,2026-08-28T07:17:17.162498+00:00,,1,100000000,2355000,167650309,3200629,67650309,62094680,14445329,LAST_FRESH_MARKET
FINAL-B,E4_ACT10_GB03_T15,fp1sig-ca5e74809adfe8d2f4a4fcc1,GxBWosnMZXdfng3rs4jZshy6NVoe14PWNNvuonf5pump,PP-159967889ad59572569d01da7b0e548e,FILLED,FALLBACK,2026-08-28T03:59:04.784165+00:00,,987263,,2026-08-28T03:59:06.781975+00:00,,1,100000000,2355000,101155211,2369441,1155211,-3569230,14255973,LAST_FRESH_MARKET
FINAL-B,E4_ACT10_GB03_T15,fp1sig-ca9a20a6d912b79766a8714f,GHrj4htwPZk7ktWfo1b7MEXknqNQYsvKngL9juCLpump,PP-bd1cc14cdd9b8a861ba2b31fbf6f4a6c,FILLED,FALLBACK,2026-08-27T20:57:27.393038+00:00,,860715,,2026-08-27T20:57:38.163545+00:00,,1,100000000,2355000,96441799,2310523,-3558201,-8223724,18474314,LAST_FRESH_MARKET
FINAL-B,E4_ACT10_GB03_T15,fp1sig-caaadae8b68e93354095aa4c,FVDG5Hk6eya84PYRRheaz3wu814E1CbXLzKAYkfcpump,PP-705b6371d59ecc3a9e1f8a935fbfa903,FILLED,FALLBACK,2026-08-28T02:50:16.828110+00:00,,961719,,2026-08-28T02:50:22.550597+00:00,,1,100000000,2355000,70686647,1988584,-29313353,-33656937,9629384,LAST_FRESH_MARKET
FINAL-B,E4_ACT10_GB03_T15,fp1sig-cab25a3e5268ee5940ee9467,BteitX5b1m84RebbQ3CM4z7wa95dBhRdbLg8QkXXpump,PP-e5e9e75dc0fc58a8fba5627095e2733a,FILLED,FALLBACK,2026-08-28T03:45:33.661169+00:00,,983168,,2026-08-28T03:45:39.480142+00:00,,1,100000000,2355000,88151073,2206889,-11848927,-16410816,16851133,LAST_FRESH_MARKET
FINAL-B,E4_ACT10_GB03_T15,fp1sig-cac3a9a2b497dd7daa05b46a,CnEdNYfmwJsr4WRWBaGPr2bU4AN6mBiNnSFUwoBEpump,PP-cd77c256b5c9c457827922a45b328362,FILLED,FALLBACK,2026-08-27T20:18:20.532514+00:00,,852392,,2026-08-27T20:18:29.742560+00:00,,1,100000000,2355000,118510654,2586384,18510654,13569270,15458080,RULE_REFERENCE_FALLBACK
FINAL-B,E4_ACT10_GB03_T15,fp1sig-caccfc2d3a48707f69aa37e2,EMKNr6oGXhuJMDwyx9SQRayj4X25vUdZSBH7QbqPpump,PP-19fd20ebdf8c61cc628d60fc8717dabb,FILLED,TRAIL,2026-08-28T11:21:09.849812+00:00,1141151,1141172,2026-08-28T11:21:09.849812+00:00,2026-08-28T11:21:14.084387+00:00,,1,100000000,2355000,58147125,1831840,-41852875,-46039715,10128450,TRIGGER_MARKET
FINAL-B,E4_ACT10_GB03_T15,fp1sig-cb06ba14dd6daf933b5f48b7,4wjxrDZAH2eadGF6AV3EeHcU6j7tC9YnW7Uu2HH7pump,PP-b2ef93bdd31603e9a0f2399a3aaf2eb8,FILLED,FALLBACK,2026-08-27T18:59:44.443397+00:00,,837526,,2026-08-27T18:59:57.553153+00:00,,1,100000000,2355000,98022354,2330280,-1977646,-6662926,17754818,RULE_REFERENCE_FALLBACK
FINAL-B,E4_ACT10_GB03_T15,fp1sig-cb1c0de30687ec55b5ba11c1,8fmZ7i4mVQ6iUTR8U3hg3bFt1hzznkqHbBc9qCt8pump,PP-ecb3488cd19773803f34bfeb9d1b3349,FILLED,FALLBACK,2026-08-27T21:23:34.273571+00:00,,867727,,2026-08-27T21:23:44.913950+00:00,,1,100000000,2355000,83842450,2153031,-16157550,-20665581,25137859,LAST_FRESH_MARKET
FINAL-B,E4_ACT10_GB03_T15,fp1sig-cb8fdd7181ae855ab8439ef8,EEKNurVmiyh9q8vFf69Y8er2bjfWTUwp2oFki4xHpump,PP-a1ec2a6c45ed7aa330ce2d620bd28f36,FILLED,FALLBACK,2026-08-28T10:58:54.634896+00:00,,1134768,,2026-08-28T10:58:57.221134+00:00,,1,100000000,2355000,81956236,2129453,-18043764,-22528217,16958885,LAST_FRESH_MARKET
FINAL-B,E4_ACT10_GB03_T15,fp1sig-cbbc9d1413a406ec34eff3bd,J3Yj1i2yEtDAVo2XVQouuHKNya31vPdcvxP3KJeppump,PP-6153ab042157cd90b2eb92c3271a67be,FILLED,FALLBACK,2026-08-28T05:22:51.821518+00:00,,1014501,,2026-08-28T05:22:57.926559+00:00,,1,100000000,2355000,106420111,2435252,6420111,1629859,17962900,LAST_FRESH_MARKET
FINAL-B,E4_ACT10_GB03_T15,fp1sig-cbdfaa9b24520a17d104585a,NuBU6dSnopwL84h3ZPPEDciKnxut527wvebHPPqBAcW,PP-2f7c71f4d9cb166f32b779cceacf1533,FILLED,FALLBACK,2026-08-27T19:27:05.966469+00:00,,842798,,2026-08-27T19:27:08.531492+00:00,,1,100000000,2355000,102757228,2389466,2757228,-1987238,13872961,LAST_FRESH_MARKET
FINAL-B,E4_ACT10_GB03_T15,fp1sig-cc86ec2ee33a389601fa1ff4,7iE7Uod136sVa8cGVze7uvtQdcaA2Q9H9hiJERnnWyNr,PP-15ce5d4eb623a0a00f0d84c56ae1ba7e,FILLED,FALLBACK,2026-08-27T21:33:03.278393+00:00,,870291,,2026-08-27T21:33:09.251167+00:00,,1,100000000,2355000,83003869,2142549,-16996131,-21493680,17543302,LAST_FRESH_MARKET
FINAL-B,E4_ACT10_GB03_T15,fp1sig-ce09dce63e7f9cf781607f5e,8ci9t37Q5bQ3vddBLnWkvGdhx7fGBLjKHYnpXhKbpump,PP-614364823ca7c782777645b1083f7045,FILLED,FALLBACK,2026-08-27T23:21:09.197071+00:00,,898571,,2026-08-27T23:22:01.549063+00:00,,1,100000000,2355000,98837022,2340463,-1162978,-5858441,64577667,LAST_FRESH_MARKET
FINAL-B,E4_ACT10_GB03_T15,fp1sig-cf301d47e1d38da403a47ad9,3Fo9b8DGHKd9rpJGEE75jthfhoDpG8iGLBvJM984pump,PP-9067e2a5d44fd64ad29d8847e8d4475f,FILLED,TRAIL,2026-08-28T08:20:04.573800+00:00,1088213,1088437,2026-08-28T08:20:04.573800+00:00,2026-08-28T08:20:38.886475+00:00,,1,100000000,2355000,96243114,2308039,-3756886,-8419925,45113718,TRIGGER_MARKET
FINAL-B,E4_ACT10_GB03_T15,fp1sig-d02a9b7a3ad8a83ddab04f2a,4NshKPkyRdcoH6ULjux68ZYZiUvadwp5JazVJxzcpump,PP-9aa695ee3b8169d0b1c2cb8c90380b61,FILLED,FALLBACK,2026-08-27T23:48:01.691600+00:00,,906047,,2026-08-27T23:48:04.387969+00:00,,1,100000000,2355000,79081924,2093525,-20918076,-25366601,13765294,LAST_FRESH_MARKET
FINAL-B,E4_ACT10_GB03_T15,fp1sig-d0f8c8f67e14ae1713cdccea,HM2H2uefME5nBufJ83S3GQkGSWYzwtn9rxhGd9zqpump,PP-1a540f437570b6add8f03f3ea52a6f4d,FILLED,FALLBACK,2026-08-28T07:16:41.939165+00:00,,1061100,,2026-08-28T07:16:44.722564+00:00,,1,100000000,2355000,67726995,1951588,-32273005,-36579593,14351765,LAST_FRESH_MARKET
FINAL-B,E4_ACT10_GB03_T15,fp1sig-d146acb7828157b52fe14331,D559waVKgYPRtfACWkcZ2gZXca1vpHizCoMrm2itpump,PP-df6f27df0bca5970e847cd346464f632,FILLED,TRAIL,2026-08-28T02:55:52.609258+00:00,964540,964592,2026-08-28T02:55:52.609258+00:00,2026-08-28T02:55:59.652567+00:00,REJECTED_THEN_FILLED,2,100000000,2355000,100461519,2360769,461519,-4254250,17231907,TRIGGER_MARKET
FINAL-B,E4_ACT10_GB03_T15,fp1sig-d177f231812078f2a24f20b2,25J3VdQHDUmwQ39vGZLTLhBtxHktPJuybCaoJsBKpump,PP-be91bb4646c886f3b1d8319c943827b9,FILLED,FALLBACK,2026-08-28T12:13:13.516429+00:00,,1157761,,2026-08-28T12:13:17.028862+00:00,,1,100000000,2355000,99720502,2351507,-279498,-4986005,4366090,RULE_REFERENCE_FALLBACK
FINAL-B,E4_ACT10_GB03_T15,fp1sig-d1847a016d8360b55777a63b,GxW73nQogqymCauq5Asymqghtz2NtroZhoSKB5dhXoG4,PP-5dc488cf2ea843549735c4632f2b89dc,FILLED,FALLBACK,2026-08-27T18:32:29.594185+00:00,,831858,,2026-08-27T18:32:41.461368+00:00,,1,100000000,2355000,127390156,2697377,27390156,22337779,23347020,LAST_FRESH_MARKET
FINAL-B,E4_ACT10_GB03_T15,fp1sig-d1effb00e93a24ecdd09b0e9,CEPqet6t3wpMoifBZjCZ8oPfQwEKVDYYu9pDfu99pump,PP-cb232b14bafd28ed6e129850c82d84d9,FILLED,FALLBACK,2026-08-27T22:29:35.384426+00:00,,885842,,2026-08-27T22:29:45.240310+00:00,,1,100000000,2355000,165408775,3172610,65408775,59881165,21059075,LAST_FRESH_MARKET
FINAL-B,E4_ACT10_GB03_T15,fp1sig-d20bad405fb3084cb6c972cd,4npgbWU3CQrFShWDZjwV3FarTkRjJ9VFZkM6JTtZpump,PP-f3616cf4fd137594118612082ff712db,FILLED,FALLBACK,2026-08-28T01:11:46.980831+00:00,,928061,,2026-08-28T01:12:04.594316+00:00,REJECTED_THEN_FILLED,2,100000000,2355000,103846912,2403087,3846912,-911175,25696392,RULE_REFERENCE_FALLBACK
FINAL-B,E4_ACT10_GB03_T15,fp1sig-d29644409612b96ee362fd06,BV7PCyWa4u8Zpz7A8zVXcwfxqb7tMKVPR5NZJEnZpump,PP-2c3250dbd7b0fb2135bea4bd939ce695,FILLED,FALLBACK,2026-08-27T23:48:44.231058+00:00,,906227,,2026-08-27T23:48:46.267911+00:00,,1,100000000,2355000,132801830,2765023,32801830,27681807,10404295,LAST_FRESH_MARKET
FINAL-B,E4_ACT10_GB03_T15,fp1sig-d2c769c2f59c616f89d50537,34mK6pt1mDZgCwczVoUf2HPE7P5hKPfZJPhwyYBMpump,PP-50fc7a93f9ade2290a898077fefe1b80,FILLED,FALLBACK,2026-08-27T20:15:03.640969+00:00,,851862,,2026-08-27T20:15:20.014397+00:00,,1,100000000,2355000,83238919,2145487,-16761081,-21261568,27293060,LAST_FRESH_MARKET
FINAL-B,E4_ACT10_GB03_T15,fp1sig-d2cc9ed5a36e01ff5c44fbaf,7AatWUQA3tKZyXFLktEgoGdFxZAgjEK32SeuSH44pump,PP-3f59dec71ca623f9ea27be92856db37e,FILLED,FALLBACK,2026-08-28T10:47:58.303884+00:00,,1132783,,2026-08-28T10:52:13.580001+00:00,,1,100000000,2355000,100763519,2364544,763519,-3956025,269410725,LAST_FRESH_MARKET
FINAL-B,E4_ACT10_GB03_T15,fp1sig-d32d7d4b798eb2445cde25e3,3ip5asZefkm2RKU5GECwVr6ycrk62sGhaQbJMqqgpump,PP-06cd4d9ce4d75e50143ca7328a83319f,FILLED,FALLBACK,2026-08-28T10:36:50.386447+00:00,,1127290,,2026-08-28T10:36:51.625074+00:00,,1,100000000,2355000,93737193,2276715,-6262807,-10894522,12583078,LAST_FRESH_MARKET
FINAL-B,E4_ACT10_GB03_T15,fp1sig-d3c64f50d7a8a417c0e8e70e,6r2SccWfafTP4L1mggn8GgURbCmRA9Gpur5PwCd9pump,PP-5ae7dbda6dc8886650404dd6e639d210,FILLED,FALLBACK,2026-08-27T22:44:08.990373+00:00,,889943,,2026-08-27T22:44:10.541551+00:00,,1,100000000,2355000,90916632,2241458,-9083368,-13679826,7122158,LAST_FRESH_MARKET
FINAL-B,E4_ACT10_GB03_T15,fp1sig-d427ae27610b0d97f733cc32,CnfYJY3ezWJzJmPzLfhStq1EsCnCRs1SkmaH5NUcpump,PP-a787ca4c1705183516932c169403b00a,FILLED,FALLBACK,2026-08-28T10:16:21.571841+00:00,,1119904,,2026-08-28T10:16:23.465635+00:00,,1,100000000,2355000,77662794,2075785,-22337206,-26767991,11659044,LAST_FRESH_MARKET
FINAL-B,E4_ACT10_GB03_T15,fp1sig-d4714296372dba5d8ac357f8,4TTtWtFeskgPZFEET6gq7RAWroCqpa6YFVGpKk1Npump,PP-4d417325e275c1a25ad4529910778aad,FILLED,FALLBACK,2026-08-28T02:40:36.552741+00:00,,957342,,2026-08-28T02:40:48.006539+00:00,,1,100000000,2355000,99850578,2353133,-149422,-4857555,18941170,LAST_FRESH_MARKET
FINAL-B,E4_ACT10_GB03_T15,fp1sig-d4da5f4f7c13e0d56f13da93,5RZyVpkcM8VgQx94okaL1CcwkBnDNAMBtrndRyhSpump,PP-9f7cd4a065a853aa02859236ea85510f,FILLED,FALLBACK,2026-08-28T07:38:04.543507+00:00,,1071207,,2026-08-28T07:38:14.820489+00:00,REJECTED_THEN_FILLED,2,100000000,2355000,89914760,2228935,-10085240,-14669175,17685399,RULE_REFERENCE_FALLBACK
FINAL-B,E4_ACT10_GB03_T15,fp1sig-d5568527b28ffb6c7afa6fc6,DNNG5dDuHxuwWPZFubjMr1XvNGkbeqyvoKUtYd5Zpump,PP-c0e83cb204117ab2871c7ccee46c3f53,UNRESOLVED,TRAIL,2026-08-28T11:15:02.599583+00:00,1138964,,2026-08-28T11:15:02.599583+00:00,,REJECTED_SLIPPAGE,11,100000000,2355000,,,,,,TRIGGER_MARKET
FINAL-B,E4_ACT10_GB03_T15,fp1sig-d6462926ad84838d40aeb4f8,2oQ7iHGVES7vNpBqqj14tsgcGBkJgVhJGqVPj6kkpump,PP-4a2f8d846ad8be74cbed8e8a292d1f54,FILLED,FALLBACK,2026-08-28T06:31:52.065894+00:00,,1040912,,2026-08-28T06:31:54.405432+00:00,,1,100000000,2355000,117094510,2568682,17094510,12170828,10424500,LAST_FRESH_MARKET
FINAL-B,E4_ACT10_GB03_T15,fp1sig-d69293d4244bd574c2641717,4VxEbwG815ERZhBBnmqmHgHGPidi7EFEH4hPnvbHpump,PP-129b3f777474a2f7bc76f6c6079db573,FILLED,FALLBACK,2026-08-27T22:41:58.331385+00:00,,889450,,2026-08-27T22:41:59.964776+00:00,,1,100000000,2355000,98870593,2340883,-1129407,-5825290,13262544,LAST_FRESH_MARKET
FINAL-B,E4_ACT10_GB03_T15,fp1sig-d6a577e1d450ef50696b9b5e,LoADKnMkDnFAz3RWPxdXkKrLKFz1GhCaPHnZugPaLzg,PP-1326bdff8062b04d997a5516babbcebe,FILLED,FALLBACK,2026-08-28T05:34:16.705060+00:00,,1019012,,2026-08-28T05:34:20.831008+00:00,,1,100000000,2355000,84754946,2164437,-15245054,-19764491,15139096,LAST_FRESH_MARKET
FINAL-B,E4_ACT10_GB03_T15,fp1sig-d7913b9c90779b4144458d25,6U8RBCNZt1t4dPndBdpHMGYBfDKSQTyVCk6Fc3Xapump,PP-eac9446e4a9158c92b78461bf3c0f793,FILLED,FALLBACK,2026-08-28T03:55:16.186596+00:00,,986379,,2026-08-28T03:55:21.877253+00:00,,1,100000000,2355000,140290201,2858628,40290201,35076573,10710490,LAST_FRESH_MARKET
FINAL-B,E4_ACT10_GB03_T15,fp1sig-d89b4563cc899747e4f9e865,4vai9R4LrWqCParLZvtdGwjE1NoT3rcM14m2yX1dpump,PP-2dfad6e6d383d07594bc94252986f04c,FILLED,FALLBACK,2026-08-27T19:42:36.404673+00:00,,845853,,2026-08-27T19:42:40.304991+00:00,,1,100000000,2355000,90269693,2233372,-9730307,-14318679,14714373,LAST_FRESH_MARKET
FINAL-B,E4_ACT10_GB03_T15,fp1sig-d9649086e4b5dbe3817cf87b,F6GSZLAyRmHmSqmo7XZw5hWApNEZST1p4tcVbuZfpump,PP-d116daf04bf88696d0348b33fb0a1b28,FILLED,TRAIL,2026-08-28T08:12:00.519411+00:00,1084999,1085027,2026-08-28T08:12:00.519411+00:00,2026-08-28T08:12:04.219506+00:00,,1,100000000,2355000,103991184,2404890,3991184,-768706,14124324,TRIGGER_MARKET
FINAL-B,E4_ACT10_GB03_T15,fp1sig-da709f59ff6dcfc706a9351e,Gv2Q1vnjWrnKY5kzbLh3rQsjuWYDndx5TuYfu8CMpump,PP-61be8d464c3dd467dece4329a3fb6f5f,FILLED,FALLBACK,2026-08-27T14:37:29.792630+00:00,,792989,,2026-08-27T14:37:33.071916+00:00,,1,100000000,2355000,73826592,2027833,-26173408,-30556241,17698129,LAST_FRESH_MARKET
FINAL-B,E4_ACT10_GB03_T15,fp1sig-da8bdf0080f94376ef1f5953,3QZypGDYoto3S99bMNfwnYUv4py1cEiS8yQzZEQppump,PP-3193a45f03c290263ed6c48966f997eb,FILLED,FALLBACK,2026-08-28T09:37:37.047499+00:00,,1109832,,2026-08-28T09:38:01.972987+00:00,,1,100000000,2355000,92061203,2255766,-7938797,-12549563,31434394,LAST_FRESH_MARKET
FINAL-B,E4_ACT10_GB03_T15,fp1sig-db28b6c281a213dd0e4c5382,E5Q3tb6NU9pSuFN3cLwTPt8XKUjChkiASJ8ZiXPxYipF,PP-8adbd8cb546335937ccb3f559690e42d,FILLED,FALLBACK,2026-08-27T12:40:51.295044+00:00,,769711,,2026-08-27T12:41:08.885272+00:00,,1,100000000,2355000,93620361,2275255,-6379639,-11009894,31084991,LAST_FRESH_MARKET
FINAL-B,E4_ACT10_GB03_T15,fp1sig-db7cead5fcceb01279bb06dd,Gy5C8Q5tzLSEu1PrZRJmfESHLVwWhtEbmeckDikXpump,PP-a2b8fb7465bef4f20074474f2c5ae780,FILLED,FALLBACK,2026-08-28T10:48:40.994237+00:00,,1131319,,2026-08-28T10:48:46.512826+00:00,,1,100000000,2355000,89779956,2227250,-10220044,-14802294,16316676,LAST_FRESH_MARKET
FINAL-B,E4_ACT10_GB03_T15,fp1sig-dc061bb3390eaa6ed66ea4ad,92nkgmUkzdHs2d8o69JFixJFNFWCbqGbzCMAWGVbpump,PP-7d543556a22ebc2720acf683dfdaa9cd,FILLED,FALLBACK,2026-08-28T10:47:37.598621+00:00,,1130936,,2026-08-28T10:47:40.357821+00:00,,1,100000000,2355000,109108710,2468859,9108710,4284851,14064497,LAST_FRESH_MARKET
FINAL-B,E4_ACT10_GB03_T15,fp1sig-dc9d8a4a5cf7c5c6f5b76a0f,HABCpUT22d7MJk5rb2GGWipkwvcchgiupm9Fmvt7pump,PP-bf374ac3d17de5a564e3c40a338e565f,FILLED,FALLBACK,2026-08-28T07:42:41.655108+00:00,,1073144,,2026-08-28T07:42:45.306080+00:00,,1,100000000,2355000,291109710,4743872,191109710,184010838,14504937,LAST_FRESH_MARKET
FINAL-B,E4_ACT10_GB03_T15,fp1sig-dcc5bb27c76f16e7313152f7,BwYfCifLVzyHwrAirhynuR9tTqxy5z43CZK57Uaqpump,PP-7936edee613f20bd174b4d7cb7047d11,FILLED,FALLBACK,2026-08-27T17:47:08.546495+00:00,,822573,,2026-08-27T17:47:22.518180+00:00,,1,100000000,2355000,115092635,2543658,15092635,10193977,24511738,RULE_REFERENCE_FALLBACK
FINAL-B,E4_ACT10_GB03_T15,fp1sig-dcc85f6591a3b6124a387d1b,9aTym6ZrQTLiLAKpcM2nn6FP9A167nn2oG77KiFzpump,PP-f0449f83e63103459cb0b4a468c228b3,FILLED,FALLBACK,2026-08-28T04:01:10.592930+00:00,,987963,,2026-08-28T04:01:13.089924+00:00,,1,100000000,2355000,112164138,2507052,12164138,7302086,13933444,LAST_FRESH_MARKET
FINAL-B,E4_ACT10_GB03_T15,fp1sig-dd8fb0774514ce74648c88ec,4M6v2PUTiXZEdSbZAmxm5AGPU1YaiMTCq5tofmzApump,PP-0955d811eb6f57c37da3be89073beed7,FILLED,FALLBACK,2026-08-28T05:38:33.360187+00:00,,1021169,,2026-08-28T05:38:36.810995+00:00,,1,100000000,2355000,100112707,2356409,112707,-4598702,14669192,LAST_FRESH_MARKET
FINAL-B,E4_ACT10_GB03_T15,fp1sig-ddb3e3ab05c3263972f1f0da,Ak7ETW1scuABkxtowej3fTvA5SCgZxgSaNrn32SNpump,PP-18141aacc075b6be46f37d38dc5a8e58,FILLED,FALLBACK,2026-08-28T06:28:16.672032+00:00,,1039572,,2026-08-28T06:28:41.717021+00:00,,1,100000000,2355000,92957278,2266966,-7042722,-11664688,36110985,LAST_FRESH_MARKET
FINAL-B,E4_ACT10_GB03_T15,fp1sig-ddc626807f22329838242ced,9thoeiJ9m9zj7YNYVXsg9Ps2dxC9zkwYxB62A5e6GmXo,PP-bb2e3d4ea96aa381146c0766139b409a,FILLED,TRAIL,2026-08-28T12:06:20.446335+00:00,1156234,1156263,2026-08-28T12:06:20.446335+00:00,2026-08-28T12:06:29.160378+00:00,,1,100000000,2355000,143756991,2901963,43756991,38500028,19615289,TRIGGER_MARKET
FINAL-B,E4_ACT10_GB03_T15,fp1sig-de068a87b3cdb4e4cd4ccf07,9avwwgxfXxKdxE2R87F9cAt82ELfvHxJKtir2uPxpump,PP-931eb0c67e0e6ec5037efb55a6fb1e79,FILLED,FALLBACK,2026-08-27T13:31:30.489628+00:00,,781085,,2026-08-27T13:31:35.090913+00:00,,1,100000000,2355000,101153727,2369422,1153727,-3570695,12285201,RULE_REFERENCE_FALLBACK
FINAL-B,E4_ACT10_GB03_T15,fp1sig-de0eac2fd57ebf0a604d1ea4,G2MKgB58jwG4Z9CzkayTG8FVh3URWZtg7dHWuY4pump,PP-0587674d1b2d673606e4e66c0721d567,FILLED,FALLBACK,2026-08-27T20:28:34.358881+00:00,,854323,,2026-08-27T20:28:35.725434+00:00,,1,100000000,2355000,110676120,2488452,10676120,5832668,10924712,LAST_FRESH_MARKET
FINAL-B,E4_ACT10_GB03_T15,fp1sig-deb5f707c45674ee5af8f393,9bouoShKTvYcmvXKW7TticNhBbeBSyfhPB6BpDtNpump,PP-5e333cb65013263349fee98fbf574275,FILLED,FALLBACK,2026-08-28T04:53:07.891982+00:00,,1006245,,2026-08-28T04:53:11.399964+00:00,,1,100000000,2355000,106398904,2434987,6398904,1608917,14802970,LAST_FRESH_MARKET
FINAL-B,E4_ACT10_GB03_T15,fp1sig-df3b7858f513bdb960267413,GiM9v8wXjFU3Q172SVhSyiqqGEXzSejAwETueNhCpump,PP-6d94b91211c5753938e29d7d286bf465,FILLED,FALLBACK,2026-08-28T08:29:49.303393+00:00,,1092242,,2026-08-28T08:30:03.160824+00:00,,1,100000000,2355000,106905608,2441321,6905608,2109287,24910138,LAST_FRESH_MARKET
FINAL-B,E4_ACT10_GB03_T15,fp1sig-df40bb9d91fc031344bfdf6e,7v2KxRgcKe1qju91BcuPMD9zf9sRY1fCWC3SAXDgpump,PP-ec57e583997c020477a3410f2b55e273,FILLED,TRAIL,2026-08-28T10:28:35.305539+00:00,1124555,1124586,2026-08-28T10:28:35.305539+00:00,2026-08-28T10:28:39.529995+00:00,,1,100000000,2355000,109332442,2471656,9332442,4505786,13961193,TRIGGER_MARKET
FINAL-B,E4_ACT10_GB03_T15,fp1sig-df505d1f580a64428e51253d,FujC3Ak2obNyR8AkqErdivpZP8cuX4w65C1vKQ2ypump,PP-8628ad9a35a6f802bf5fe062def701f1,FILLED,FALLBACK,2026-08-28T05:09:46.979684+00:00,,1010473,,2026-08-28T05:09:49.891897+00:00,,1,100000000,2355000,138988452,2842356,38988452,33791096,13560787,LAST_FRESH_MARKET
FINAL-B,E4_ACT10_GB03_T15,fp1sig-dfa733f6022bfcaa9b2f7ff4,3v2g5NP7VJ8H2XvBr7CH2twRyEpUN6wppvchVBM6pump,PP-10a3db7b1d2a9241699079e3f24b7408,FILLED,FALLBACK,2026-08-27T13:12:19.238773+00:00,,776359,,2026-08-27T13:12:22.685617+00:00,,1,100000000,2355000,93406268,2272579,-6593732,-11221311,14869222,LAST_FRESH_MARKET
FINAL-B,E4_ACT10_GB03_T15,fp1sig-dfb8c6b875f6f4d68ca6973d,6ACoVZkPMiEw3vAx2nMLqC2vYWdY2S1h5bJ9uAKDpump,PP-84bde023a4d2eaafaa6030ab5f673679,FILLED,FALLBACK,2026-08-27T16:20:04.273166+00:00,,808385,,2026-08-27T16:20:31.380576+00:00,REJECTED_THEN_FILLED,3,100000000,2355000,95674244,2300929,-4325756,-8981685,31797900,RULE_REFERENCE_FALLBACK
FINAL-B,E4_ACT10_GB03_T15,fp1sig-e035f7a3efbc62d57d671c7d,HZNMPd51B75e4JPWyGsni7VpcxHme6tomrGy88PPpump,PP-3e21e02f0539c5b66f04b529e686026d,FILLED,FALLBACK,2026-08-28T09:16:53.119679+00:00,,1104554,,2026-08-28T09:17:26.486430+00:00,,1,100000000,2355000,133847050,2778089,33847050,28713961,47655830,LAST_FRESH_MARKET
FINAL-B,E4_ACT10_GB03_T15,fp1sig-e0e8a43eb0a72930887d03f1,DuKgYtqyQ6oiKj8hqoktHR8kvoLyp3Qfhycv1Qqxpump,PP-0fc161e5aa15ff971827fd8df987651e,FILLED,FALLBACK,2026-08-28T03:23:52.673122+00:00,,976025,,2026-08-28T03:23:53.988697+00:00,,1,100000000,2355000,127523283,2699042,27523283,22469241,12833406,LAST_FRESH_MARKET
FINAL-B,E4_ACT10_GB03_T15,fp1sig-e1be09af3361e302e644aebf,5xZwUYfBAMXMVYoArAqk41EtSGLUzuymxFKt6Vcapump,PP-ccc1a6498686f23156d9812a3ed287ef,FILLED,FALLBACK,2026-08-27T22:16:58.845311+00:00,,882305,,2026-08-27T22:17:01.440926+00:00,,1,100000000,2355000,87195829,2194948,-12804171,-17354119,14567511,LAST_FRESH_MARKET
FINAL-B,E4_ACT10_GB03_T15,fp1sig-e231e0b8cc23a230ebd0ecb6,AkKqcx9c8oQDo19fUQQBYdK13kpmWQ4gZeeQu8pGpump,PP-c3881e1be53003e4dfa43fef8d750d6a,FILLED,FALLBACK,2026-08-28T10:58:26.302568+00:00,,1134735,,2026-08-28T10:58:35.918660+00:00,,1,100000000,2355000,99752205,2351903,-247795,-4954698,9920802,RULE_REFERENCE_FALLBACK
FINAL-B,E4_ACT10_GB03_T15,fp1sig-e2eedab8dae6d84e30956ae4,FwfBJ5w31LjCidztKN2SkibigGHCL9nHb56z8m4Rpump,PP-92720802c41bd32eeaa52a55fa374a72,FILLED,FALLBACK,2026-08-28T11:40:35.322610+00:00,,1148708,,2026-08-28T11:40:38.711627+00:00,,1,100000000,2355000,57507507,1823844,-42492493,-46671337,13178155,LAST_FRESH_MARKET
FINAL-B,E4_ACT10_GB03_T15,fp1sig-e3e998330770c0893a802f0f,AyL6PEGBCXusN1T1pq4jWAKyfNW5BMKVBDKxAH3s8NPp,PP-6718b8dc5d50c2d68c3a21156f4539bd,FILLED,FALLBACK,2026-08-27T23:42:33.211877+00:00,,903847,,2026-08-27T23:42:34.460411+00:00,,1,100000000,2355000,43431338,1647892,-56568662,-60571554,12883253,LAST_FRESH_MARKET
FINAL-B,E4_ACT10_GB03_T15,fp1sig-e3f92ea9d1de8a5a5fd859db,8rYmyrdt1LZsGAzpnbKpCHAj5J313KNR2iYw5Boqpump,PP-f0e8e2567177ac3b17ea9d1f69f2cb85,FILLED,FALLBACK,2026-08-27T20:10:37.324036+00:00,,850970,,2026-08-27T20:10:43.900039+00:00,,1,100000000,2355000,96947601,2316846,-3052399,-7724245,12844977,RULE_REFERENCE_FALLBACK
FINAL-B,E4_ACT10_GB03_T15,fp1sig-e4015cea26ab0ea3c00daccb,2zs75S2wrMjNjH44CCUaQ2BQ1G6nZVdfToqVcsPXpump,PP-58ffcd82f8b7c8c8758fd6cc4f3f8c66,FILLED,FALLBACK,2026-08-28T07:17:42.805236+00:00,,1061673,,2026-08-28T07:17:44.177589+00:00,,1,100000000,2355000,53573571,1774670,-46426429,-50556099,9946327,LAST_FRESH_MARKET
FINAL-B,E4_ACT10_GB03_T15,fp1sig-e401b9778fc0267c8d5398ab,98GoqvatstNPxb852UnK4t2yatyEPGRNxZEAF3wDpump,PP-f70c7b2f8e8f4eb464868203b56552ea,FILLED,FALLBACK,2026-08-27T15:20:33.756873+00:00,,800894,,2026-08-27T15:20:34.715631+00:00,,1,100000000,2355000,104893939,2416175,4893939,122764,12660241,LAST_FRESH_MARKET
FINAL-B,E4_ACT10_GB03_T15,fp1sig-e4809b2267528d194fd659d5,Gtsuck6iP61kJNRg1Qi7xkdA6CowVJRXcLER5WKEpump,PP-d7d63509ba7f1c8e08ae68dadcf7f450,FILLED,FALLBACK,2026-08-28T01:51:36.802731+00:00,,940469,,2026-08-28T01:51:44.745622+00:00,,1,100000000,2355000,141969134,2879615,41969134,36734519,17346145,LAST_FRESH_MARKET
FINAL-B,E4_ACT10_GB03_T15,fp1sig-e48c7d460c082b589e066540,37dgkn8nPqxjo9dW2JsyBmccMYNvutzaJ8ePPwg5pump,PP-99a22d72785072b8789f5c6b7ce7624e,FILLED,TRAIL,2026-08-27T23:54:37.231550+00:00,908453,908475,2026-08-27T23:54:37.231550+00:00,2026-08-27T23:54:43.293873+00:00,,1,100000000,2355000,84839781,2165498,-15160219,-19680717,15071486,TRIGGER_MARKET
FINAL-B,E4_ACT10_GB03_T15,fp1sig-e498fa53f8531d945b078ac7,Bs3m1rJ169FevnsFAtaRkB5LxNp2FsNs5jXyqfFgpump,PP-34f3c18b5626d9fb7a2c66538460414f,FILLED,TRAIL,2026-08-28T07:02:06.299704+00:00,1055405,1055446,2026-08-28T07:02:06.299704+00:00,2026-08-28T07:02:09.607504+00:00,,1,100000000,2355000,121503285,2623792,21503285,16524493,6503808,TRIGGER_MARKET
FINAL-B,E4_ACT10_GB03_T15,fp1sig-e4d8512d79677bc95393efb5,7ZCcjiQcBbcfcy31XQG4Yo9JFddupWx1C8EtFPhHpump,PP-46ceae3f3f9ab74e222ee789898b89e2,FILLED,FALLBACK,2026-08-27T14:10:13.917125+00:00,,788589,,2026-08-27T14:10:19.229870+00:00,,1,100000000,2355000,84315242,2158941,-15684758,-20198699,19065457,LAST_FRESH_MARKET
FINAL-B,E4_ACT10_GB03_T15,fp1sig-e61573915e0b656fa39d1f01,4qXX8rw8u7eQePayeVgc34nzt48152QqTGgH28hEpump,PP-0186289cd5752964c9f476f16d8b4ad6,FILLED,FALLBACK,2026-08-28T12:26:11.369201+00:00,,1161707,,2026-08-28T12:26:12.287346+00:00,,1,100000000,2355000,75499991,2048750,-24500009,-28903759,11358125,LAST_FRESH_MARKET
FINAL-B,E4_ACT10_GB03_T15,fp1sig-e658165e8d74bcd15a66043d,6NeyGbhniEbs3UJUkNdbePGLj2xwdnsrCrNCpckwpump,PP-4be070643ff7d33992f00b98f0434c47,FILLED,FALLBACK,2026-08-28T08:43:47.690522+00:00,,1096286,,2026-08-28T08:43:51.561363+00:00,,1,100000000,2355000,94540871,2286761,-5459129,-10100890,17764533,LAST_FRESH_MARKET
FINAL-B,E4_ACT10_GB03_T15,fp1sig-e73f1661f72b7605560e401a,Ga3LB75LyuDJKfTreTPx6Cew5TmjTQESXb12TAuZpump,PP-c755a4e09c0c3381d6b2fa72d2d9cccf,FILLED,FALLBACK,2026-08-28T03:05:08.467306+00:00,,968389,,2026-08-28T03:05:14.526139+00:00,,1,100000000,2355000,87292905,2196162,-12707095,-17258257,17637843,LAST_FRESH_MARKET
FINAL-B,E4_ACT10_GB03_T15,fp1sig-e82db2b618ab2241f232b188,4YckUGedvsBEXYQdKnfWMRr8njBLQLFexMr3sLFBpump,PP-b80d661839835ca7d3ad83179ed73e98,FILLED,FALLBACK,2026-08-28T06:43:02.541987+00:00,,1046147,,2026-08-28T06:43:06.360177+00:00,,1,100000000,2355000,81117964,2118975,-18882036,-23356011,15389368,LAST_FRESH_MARKET
FINAL-B,E4_ACT10_GB03_T15,fp1sig-e8da1435cfc9528ee0fd01dc,Ad8qwHJ626N8q6jhnuJjDuLJ3Z3A8dpZTTMzBJ52pump,PP-82d76fe109b502b8b3b6a6c1cec66e1b,FILLED,FALLBACK,2026-08-28T03:08:21.539236+00:00,,969536,,2026-08-28T03:08:24.029537+00:00,,1,100000000,2355000,103535827,2399198,3535827,-1218371,13962259,LAST_FRESH_MARKET
FINAL-B,E4_ACT10_GB03_T15,fp1sig-e8db969d23d8c00f099b8a10,3xqVBHftAsUc3odoiQo1ppgJtipoPDuVXWnzK58UYfLe,PP-5c41ed5b36f86fd0899e9315623d6cf9,FILLED,FALLBACK,2026-08-28T02:32:34.765322+00:00,,954489,,2026-08-28T02:32:36.620188+00:00,,1,100000000,2355000,94472666,2285909,-5527334,-10168243,13452738,LAST_FRESH_MARKET
FINAL-B,E4_ACT10_GB03_T15,fp1sig-e94bb368e767c47b3859147c,B6ZDTkTW7jnkXo46Mxyk5wiqmZtFQZKgLW7hSwbTpump,PP-7f94b4fc6c18ed90c838d3c2ab8138fc,FILLED,FALLBACK,2026-08-27T14:43:54.406423+00:00,,794393,,2026-08-27T14:44:09.104576+00:00,,1,100000000,2355000,105535361,2424193,5535361,756168,18995963,LAST_FRESH_MARKET
FINAL-B,E4_ACT10_GB03_T15,fp1sig-e9ef59cc382fddee87f94ec6,cGrb8sjrs6pRAYaowftBVT8eLBxr1JZoW5yhpadpump,PP-70cd06f1b598ba0f3f4a630ff799eb83,FILLED,FALLBACK,2026-08-27T21:13:46.792994+00:00,,865067,,2026-08-27T21:14:53.276891+00:00,REJECTED_THEN_FILLED,6,100000000,2355000,111382462,2497281,11382462,6530181,76176043,RULE_REFERENCE_FALLBACK
FINAL-B,E4_ACT10_GB03_T15,fp1sig-e9f6af3785ac752b259f3955,F8iMNpWFLxiHCPGEyzWrFFfKHxR81nevnqoHbtMrpump,PP-e5da27e64ed233b2ede5e2b3bae62ec4,FILLED,TRAIL,2026-08-28T12:03:49.818568+00:00,1155609,1155660,2026-08-28T12:03:49.818568+00:00,2026-08-28T12:04:02.619167+00:00,,1,100000000,2355000,89074827,2218436,-10925173,-15498609,18381585,TRIGGER_MARKET
FINAL-B,E4_ACT10_GB03_T15,fp1sig-e9f6e79265427f6672c2ab70,FUgYbjzZ4qc8n9yuAPKZWt6BuTUqRCDCh2FnC6Qppump,PP-ca810598476f656b7155f540833f50a9,FILLED,FALLBACK,2026-08-28T04:38:53.478555+00:00,,1000747,,2026-08-28T04:38:55.943459+00:00,,1,100000000,2355000,86413778,2185173,-13586222,-18126395,13650569,LAST_FRESH_MARKET
FINAL-B,E4_ACT10_GB03_T15,fp1sig-ea90feb6e29e5422afd2a79f,AGUcRrkjM93MxcN3NFzQxqPdJEg9iU4wXv88LRdvu1oB,PP-ec913dcaa6e51b49e618561930ce96e7,FILLED,TRAIL,2026-08-28T00:38:59.586571+00:00,920653,920669,2026-08-28T00:38:59.586571+00:00,2026-08-28T00:39:03.919618+00:00,,1,100000000,2355000,100019644,2355246,19644,-4690602,10415837,TRIGGER_MARKET
FINAL-B,E4_ACT10_GB03_T15,fp1sig-eb2b641c8663df82b30e4025,CX2v9mxaQhev6wzjWwLATJ7dcfsb7JWSq7EaCB8Ppump,PP-9392c8a9b74778df147de553ddfcd11f,FILLED,TRAIL,2026-08-28T11:41:13.626913+00:00,1148860,1148866,2026-08-28T11:41:13.626913+00:00,2026-08-28T11:41:23.827112+00:00,,1,100000000,2355000,113545605,2524321,13545605,8666284,18932630,TRIGGER_MARKET
FINAL-B,E4_ACT10_GB03_T15,fp1sig-eb54de3f8a561645ea3cb035,72CV1AyrrAmi165qq7cDn9NsP5c6oqC3rT8gqt5zpump,PP-2613d71f122ace64657fc7bb1e532497,FILLED,FALLBACK,2026-08-28T04:06:38.008507+00:00,,990402,,2026-08-28T04:06:52.117349+00:00,,1,100000000,2355000,92813257,2265166,-7186743,-11806909,22409738,LAST_FRESH_MARKET
FINAL-B,E4_ACT10_GB03_T15,fp1sig-ec31dbafefdceab0453ab626,3vJZE367HPt8B1gaaY5Fubczjp6roNN75Q6jDuV1pump,PP-33fac81d1f8aaf2200a48ed9edeaae01,FILLED,TRAIL,2026-08-28T06:15:34.216407+00:00,1034274,1034275,2026-08-28T06:15:34.216407+00:00,2026-08-28T06:15:37.779878+00:00,,1,100000000,2355000,106180505,2432257,6180505,1393248,9766011,TRIGGER_MARKET
FINAL-B,E4_ACT10_GB03_T15,fp1sig-ec41d7ce7092cd648f78ccf7,9924v9CwiAQD1kH8STXr6wnwtk2eK2ykfUi3XrpMpump,PP-5311f3e18954c9e44fd1b6ef24a039b7,FILLED,FALLBACK,2026-08-27T21:13:07.542815+00:00,,864493,,2026-08-27T21:13:11.617684+00:00,,1,100000000,2355000,109469295,2473367,9469295,4640928,13274356,LAST_FRESH_MARKET
FINAL-B,E4_ACT10_GB03_T15,fp1sig-ec6b9513bddb83a91d8a6e33,G1XFYnDeTMet6dvZvtWchjM8Rh3qLwnzncjbJ41rpump,PP-2be762f287b8e7f210425cdfe4886294,FILLED,FALLBACK,2026-08-28T07:25:20.884779+00:00,,1065443,,2026-08-28T07:25:33.905065+00:00,REJECTED_THEN_FILLED,2,100000000,2355000,58894741,1841185,-41105259,-45301444,24967018,LAST_FRESH_MARKET
FINAL-B,E4_ACT10_GB03_T15,fp1sig-ecf2e6f16709026c0c295dd3,2fjekZwVbdKcxgnRSNznuQUTbb8tsfbskjvARxDopump,PP-05c5bae6aa8e7d17f4bfe50a40012891,FILLED,TRAIL,2026-08-28T00:14:13.693805+00:00,913535,913556,2026-08-28T00:14:13.693805+00:00,2026-08-28T00:14:17.431557+00:00,,1,100000000,2355000,111620192,2500253,11620192,6764939,14569743,TRIGGER_MARKET
FINAL-B,E4_ACT10_GB03_T15,fp1sig-ed470baedbcc763de087caca,9Tt1qcVkXDRbvYbk7gWRpQHWamqthFz475Yb8auqpump,PP-740c8f41953b2ef821724165e6de76d4,FILLED,FALLBACK,2026-08-27T13:28:55.088360+00:00,,780343,,2026-08-27T13:29:02.444359+00:00,,1,100000000,2355000,47759133,1701990,-52240867,-56297857,18533877,LAST_FRESH_MARKET
FINAL-B,E4_ACT10_GB03_T15,fp1sig-ed54dbf82dac9c6c64b557bf,4r24q7JbFeoEU2RKWw7ew6ohC568jn3XQwdnBaJXpump,PP-35904c109ae3bcee13e6e47ced98a0ba,FILLED,FALLBACK,2026-08-28T01:20:05.589312+00:00,,930349,,2026-08-28T01:20:12.597862+00:00,,1,100000000,2355000,104566606,2412083,4566606,-200477,10369198,RULE_REFERENCE_FALLBACK
FINAL-B,E4_ACT10_GB03_T15,fp1sig-eda0fec1e3c227e4734a305c,HDY51dGD9n2VPbBhvyizftWEb8oGMbEZ3PHoh89Ppump,PP-160b487d951bff8cc975243df422bca8,UNRESOLVED,TRAIL,2026-08-27T23:32:08.940905+00:00,901118,,2026-08-27T23:32:08.940905+00:00,,NO_CAUSAL_FILL,0,100000000,2355000,,,,,,TRIGGER_MARKET
FINAL-B,E4_ACT10_GB03_T15,fp1sig-edb47fa7490ffeac7e680bd5,HX8iYyRVTQpg4CCsXnYMCHoHTWk8fkA5Xpu7cNvHpump,PP-594f68bdf10f5068dc1251712a658f9a,FILLED,FALLBACK,2026-08-27T13:15:58.673536+00:00,,777372,,2026-08-27T13:16:00.647717+00:00,,1,100000000,2355000,93715794,2276448,-6284206,-10915654,9298560,LAST_FRESH_MARKET
FINAL-B,E4_ACT10_GB03_T15,fp1sig-edffd2b689db7ed49a489097,DqWQ2AMkuvfdzs5Y7imDE6qFh4cxkfRNmoimkdBcpump,PP-b337d915a8d8d00d5d21349eafeea82d,FILLED,FALLBACK,2026-08-28T02:33:26.751222+00:00,,954901,,2026-08-28T02:33:33.210260+00:00,,1,100000000,2355000,142517811,2886473,42517811,37276338,14342855,LAST_FRESH_MARKET
FINAL-B,E4_ACT10_GB03_T15,fp1sig-eec4a4f287b24787d727efda,Bx5ZJTWrC7uAbTw3x4wnJfeQRziXgrmXnRePFvdtpump,PP-8ee7f58bab0ab97c79b9c523a5ca4dcb,FILLED,FALLBACK,2026-08-28T04:02:57.402687+00:00,,988620,,2026-08-28T04:02:58.985037+00:00,,1,100000000,2355000,101127711,2369097,1127711,-3596386,13398804,LAST_FRESH_MARKET
FINAL-B,E4_ACT10_GB03_T15,fp1sig-ef43c15223b116b5962b296e,286Xz3GVQEnHKb1mKGpntqjCHJFT6xb9qA1jrXPspump,PP-1dced6a1540666f577755cc836b85629,FILLED,FALLBACK,2026-08-28T07:58:50.104405+00:00,,1079328,,2026-08-28T07:58:53.577489+00:00,,1,100000000,2355000,89571069,2224639,-10428931,-15008570,11734434,LAST_FRESH_MARKET
FINAL-B,E4_ACT10_GB03_T15,fp1sig-ef601311185b87659b2c9693,Bx8VF7qfdG9qhicjq3Lx4EsDinBiu7oqk1oMp9sDpump,PP-bb963f323b59cec5dcea96ce07cb85d6,FILLED,TRAIL,2026-08-28T02:20:26.058737+00:00,950602,950609,2026-08-28T02:20:26.058737+00:00,2026-08-28T02:20:29.235631+00:00,,1,100000000,2355000,124044392,2655555,24044392,19033837,3480895,TRIGGER_MARKET
FINAL-B,E4_ACT10_GB03_T15,fp1sig-efaf0f6c2298d11ba90f7ccb,DG4B8Lcg7L5qgSvsYvQMh4XiV4JzLAadWihuz3nQpump,PP-544870a82e60c5a706cda82fd7d6f79a,FILLED,FALLBACK,2026-08-28T05:08:12.308347+00:00,,1010044,,2026-08-28T05:08:14.981485+00:00,,1,100000000,2355000,93809696,2277622,-6190304,-10822926,14442849,LAST_FRESH_MARKET
FINAL-B,E4_ACT10_GB03_T15,fp1sig-efc504257ecd5fd1ddbdae98,8WkP9vFhw25NkT2Kdn7hgmhkY4VLDRfRdKoA3juBpump,PP-42afa69e98f9f6d5b74308e116bee79c,FILLED,FALLBACK,2026-08-27T19:57:43.038695+00:00,,848532,,2026-08-27T19:57:46.365832+00:00,,1,100000000,2355000,97995275,2329941,-2004725,-6689666,14851494,LAST_FRESH_MARKET
FINAL-B,E4_ACT10_GB03_T15,fp1sig-f08f81d17360f86d5d02976a,96n3bzxcgiAYgTDpQbocPd1yWdSyh2geNfGtcrmqpump,PP-cafd8b20444a4059cf7e8e5683474d1b,FILLED,FALLBACK,2026-08-28T02:14:45.275287+00:00,,948367,,2026-08-28T02:15:02.219488+00:00,REJECTED_THEN_FILLED,2,100000000,2355000,117748048,2576851,17748048,12816197,28536053,LAST_FRESH_MARKET
FINAL-B,E4_ACT10_GB03_T15,fp1sig-f0a4751d0084adca59d9217f,pjNEmppTTdnnzhKQLxiGhuvNUstBsqTGWJ2iMiDpump,PP-ddc9c5e87d4c4f4e43585d1e6303ab25,FILLED,FALLBACK,2026-08-28T04:49:23.487662+00:00,,1004904,,2026-08-28T04:49:34.140677+00:00,,1,100000000,2355000,99251853,2345649,-748147,-5448796,22122195,LAST_FRESH_MARKET
FINAL-B,E4_ACT10_GB03_T15,fp1sig-f0b7e7d29b40d14f006dca5d,38pWYnzgNn4VaWwcEkQKkQCEfMkTSEpyPFazYDZvpump,PP-5b84e657924b724b9afa0849a43cda74,FILLED,FALLBACK,2026-08-28T08:19:29.959936+00:00,,1087957,,2026-08-28T08:19:35.506191+00:00,REJECTED_THEN_FILLED,3,100000000,2355000,52452020,1760651,-47547980,-51663631,17022324,LAST_FRESH_MARKET
FINAL-B,E4_ACT10_GB03_T15,fp1sig-f111644a2b7f65024e2c6310,EN79dj6eK5MxSw3kr7EB7gTELXXn81uJdQjf8sctpump,PP-bb2c2b5c7f8894d34ac7887921bed782,FILLED,FALLBACK,2026-08-28T11:46:25.000681+00:00,,1150536,,2026-08-28T11:46:28.794865+00:00,,1,100000000,2355000,90078126,2230977,-9921874,-14507851,9184776,LAST_FRESH_MARKET
FINAL-B,E4_ACT10_GB03_T15,fp1sig-f15d999c5993af272992ee12,EyMQJq47iqpq4t13uCCqco1vnrM6aztuZDbtD24Apump,PP-3688b778c0eed798b50329affe2a3580,FILLED,FALLBACK,2026-08-28T10:11:58.297418+00:00,,1118487,,2026-08-28T10:12:01.697486+00:00,,1,100000000,2355000,262953109,4391914,162953109,156206195,17785071,LAST_FRESH_MARKET
FINAL-B,E4_ACT10_GB03_T15,fp1sig-f287324d8c9b114553edad11,r6Caq7W353ko7nHBQn1GijNt98dCwnzaTnZPm6ipump,PP-2544a2be5ce7b0ef80967acaadddc046,FILLED,FALLBACK,2026-08-28T06:56:50.533895+00:00,,1052853,,2026-08-28T06:57:00.522175+00:00,,1,100000000,2355000,94207809,2282598,-5792191,-10429789,22216783,RULE_REFERENCE_FALLBACK
FINAL-B,E4_ACT10_GB03_T15,fp1sig-f29615400abc40c459bc20f2,25FtppjQL4dnmvR2CPKnwrvZaLF3KzF6c6Fuw52xpump,PP-80dc38591e8130bfc085422f7e42cf06,FILLED,TRAIL,2026-08-28T05:39:08.276982+00:00,1021463,1021492,2026-08-28T05:39:08.276982+00:00,2026-08-28T05:39:11.260246+00:00,,1,100000000,2355000,122109933,2631375,22109933,17123558,7229877,TRIGGER_MARKET
FINAL-B,E4_ACT10_GB03_T15,fp1sig-f29a91d34d666953ed0c22cd,DDWp9FwnvKPU32LqdxUHPr2bUy1a7gjxCwvrYvgDpump,PP-f21907fa4db6eb2c55b28538e6044e6e,FILLED,FALLBACK,2026-08-28T04:42:06.137333+00:00,,1001731,,2026-08-28T04:42:08.346258+00:00,,1,100000000,2355000,107342299,2446779,7342299,2540520,13920048,LAST_FRESH_MARKET
FINAL-B,E4_ACT10_GB03_T15,fp1sig-f2f50373c380c4ae8d7514b0,xoEYFD9W8j3Tit7Nrkk9GbNfV1oygJDJMLiztcipump,PP-c9019cd8ce5e0397e13940f9eaa20dd7,FILLED,FALLBACK,2026-08-28T06:07:52.476224+00:00,,1032018,,2026-08-28T06:07:59.762880+00:00,,1,100000000,2355000,70412235,1985153,-29587765,-33927918,15040622,LAST_FRESH_MARKET
FINAL-B,E4_ACT10_GB03_T15,fp1sig-f3fa3e125770af0195e5b541,6eE9XJKskkHTYtX2xWBqNuQPjesmv7vTBPXzhmE3pump,PP-c564f807072561ae0b268175ab61df98,FILLED,FALLBACK,2026-08-27T19:18:23.420568+00:00,,841398,,2026-08-27T19:18:24.396554+00:00,,1,100000000,2355000,102273347,2383417,2273347,-2465070,4762186,LAST_FRESH_MARKET
FINAL-B,E4_ACT10_GB03_T15,fp1sig-f481b48e278222a20d7aec94,3dT86cLy5GKGU6E2jus94MBGzN6TV7egzENDUA3Jpump,PP-a0094b2a3458fe27979a65fc3cfcb2a9,FILLED,TRAIL,2026-08-28T07:08:13.570269+00:00,1057590,1057628,2026-08-28T07:08:13.570269+00:00,2026-08-28T07:08:16.979624+00:00,,1,100000000,2355000,71562582,1999533,-28437418,-32791951,7175668,TRIGGER_MARKET
FINAL-B,E4_ACT10_GB03_T15,fp1sig-f5ba4c8599d2183bbb7d542a,85fBt2e1iFhq38i3iGaQWvuzSRJha22TesUoFiD2pump,PP-404ba3323e4124008d097f94f011c9bf,UNRESOLVED,FALLBACK,2026-08-27T20:05:34.194975+00:00,,,,,REJECTED_SLIPPAGE,7,100000000,2355000,,,,,,RULE_REFERENCE_FALLBACK
FINAL-B,E4_ACT10_GB03_T15,fp1sig-f5ebd5f383f4d64eb8b60e9d,BCTqG66s4W8s8i4vhapF9Vy93J14ScVwFbsiyyCGpump,PP-7407051aa410354bf07ff4fedd416840,FILLED,FALLBACK,2026-08-28T08:12:26.249519+00:00,,1085220,,2026-08-28T08:12:28.971725+00:00,,1,100000000,2355000,102491499,2386144,2491499,-2249645,14285505,LAST_FRESH_MARKET
FINAL-B,E4_ACT10_GB03_T15,fp1sig-f66fede5ea4d327c4dc09e15,6zu75o2J2qeF1bzpoHUnnKgZVtg3cLn9in2PPhikpump,PP-bb0c486e099e169ab91794fe1ef5ef7c,FILLED,FALLBACK,2026-08-27T19:38:59.558478+00:00,,845325,,2026-08-27T19:39:05.513341+00:00,,1,100000000,2355000,94906987,2291338,-5093013,-9739351,16159299,LAST_FRESH_MARKET
FINAL-B,E4_ACT10_GB03_T15,fp1sig-f67868034cbed1663e41cc5c,A8nxhwySC1miaaHTFgamPojKViowgiiXAQcEjUKDpump,PP-134931f29bbb135a077da4fcbb203341,FILLED,FALLBACK,2026-08-28T01:12:48.745060+00:00,,928299,,2026-08-28T01:13:05.612038+00:00,,1,100000000,2355000,99101944,2343775,-898056,-5596831,17467304,LAST_FRESH_MARKET
FINAL-B,E4_ACT10_GB03_T15,fp1sig-f694096b5949e2edfa9b4efe,GLvAmXjLiV2WCwLp6Q3XPbMdrEdDjKRdmyMB7eABpump,PP-a8129c08fc056facecf5e0bc84a7248a,FILLED,FALLBACK,2026-08-27T23:30:52.574935+00:00,,900743,,2026-08-27T23:31:08.481718+00:00,,1,100000000,2355000,100852602,2365658,852602,-3868056,26593173,LAST_FRESH_MARKET
FINAL-B,E4_ACT10_GB03_T15,fp1sig-f75be2c89d4a4031f0e9200d,HJCSAWdQNgDr4rvBwj4SqWui59N7ShwjJYtCYnCupump,PP-db94bbfc3648303f26c93c5aa690658a,FILLED,TRAIL,2026-08-28T12:08:38.445919+00:00,1156674,1156717,2026-08-28T12:08:38.445919+00:00,2026-08-28T12:08:48.957613+00:00,,1,100000000,2355000,138934490,2841682,38934490,33737808,19233629,TRIGGER_MARKET
FINAL-B,E4_ACT10_GB03_T15,fp1sig-f76511f3c699063c8bc65d45,ByA9tPdxfa2Bi6ekrKh5GcWXDw4ByWhrBPCq6WCYpump,PP-3537f7934f5d91f511d4c7b499af0030,FILLED,TRAIL,2026-08-28T02:28:50.872965+00:00,953050,953285,2026-08-28T02:28:50.872965+00:00,2026-08-28T02:29:33.913701+00:00,,1,100000000,2355000,79952035,2104401,-20047965,-24507366,46391275,TRIGGER_MARKET
FINAL-B,E4_ACT10_GB03_T15,fp1sig-f77a467ebc12477bb4def2d7,FncMPqTzzC5yM2btBAXAfppvS2TAQyVSyNiFUu3Hpump,PP-1da8324c83f1e08bdb11e77a101e5681,FILLED,FALLBACK,2026-08-27T18:19:34.478433+00:00,,829748,,2026-08-27T18:19:46.859587+00:00,,1,100000000,2355000,121949581,2629370,21949581,16965211,19711913,RULE_REFERENCE_FALLBACK
FINAL-B,E4_ACT10_GB03_T15,fp1sig-f7f216b4382701ab2a25458f,C8jgH1fabo86giahFTVfqob4FA6ZBKWN9fb8AE8Cpump,PP-4b9b12c6c0c16ce61f267b5cb5fc7698,FILLED,FALLBACK,2026-08-28T05:58:09.674461+00:00,,1028331,,2026-08-28T05:58:12.355576+00:00,,1,100000000,2355000,113089208,2518616,13089208,8215592,10833004,LAST_FRESH_MARKET
FINAL-B,E4_ACT10_GB03_T15,fp1sig-f8614f08563c2ef87c916eb9,ERH37a4qh3PVT7T5dEKubX3yAoxUndMKC8h2TPv8pump,PP-c249b1599cc81486ae206010f8f44c55,FILLED,FALLBACK,2026-08-28T04:11:03.316257+00:00,,992080,,2026-08-28T04:11:09.794614+00:00,,1,100000000,2355000,75223189,2045290,-24776811,-29177101,18000570,LAST_FRESH_MARKET
FINAL-B,E4_ACT10_GB03_T15,fp1sig-f8904b239f4ee81efd3e2183,D55AKnKsb2jSmH2X11NswA5EW45rJF9dkSJkj7Hipump,PP-8d49a96d62cd54d85b255adcc9c24ae2,FILLED,FALLBACK,2026-08-28T05:46:57.417097+00:00,,1024425,,2026-08-28T05:47:05.482593+00:00,,1,100000000,2355000,97768661,2327109,-2231339,-6913448,18461564,RULE_REFERENCE_FALLBACK
FINAL-B,E4_ACT10_GB03_T15,fp1sig-f89f431f7a0846c6b8bfff63,29EESbSuFoCpkafKh5mmHCQPZLMDeG2mgqezVGrUpump,PP-e4aaa720a64d1dc5d1107c1d1e1f7ff5,UNRESOLVED,FALLBACK,2026-08-28T04:17:22.327384+00:00,,,,,REJECTED_SLIPPAGE,130,100000000,2355000,,,,,,LAST_FRESH_MARKET
FINAL-B,E4_ACT10_GB03_T15,fp1sig-f8c9fb0692cb38343108011f,3weSYKH4sjb9MburxnkqpcJPxRK8SzQyzwwAp5FjNwWe,PP-0125792d33f42b1e8c9e2ba943604781,FILLED,FALLBACK,2026-08-28T12:10:43.821272+00:00,,1157374,,2026-08-28T12:10:46.031902+00:00,,1,100000000,2355000,125412110,2672652,25412110,20384458,12937933,LAST_FRESH_MARKET
FINAL-B,E4_ACT10_GB03_T15,fp1sig-f98aeef88621e1d397e3f599,8H9CxAksiU9Q4pDTetEgpPWPryvyqj7dFH1h4uQWpump,PP-830566b080f164e5d3609ce29a198b79,FILLED,FALLBACK,2026-08-28T00:24:39.751961+00:00,,916897,,2026-08-28T00:24:41.320497+00:00,,1,100000000,2355000,92786063,2264826,-7213937,-11833763,6574617,LAST_FRESH_MARKET
FINAL-B,E4_ACT10_GB03_T15,fp1sig-f9bb54bfa2629d1a6b0fa41b,AqD7AcVj4ubowtRpvCLfTLLAkeGxexsKHFnjohe1pump,PP-e30f7a1c9b91526730f8f8d0798c05b3,FILLED,FALLBACK,2026-08-28T06:08:03.731630+00:00,,1032164,,2026-08-28T06:08:21.333501+00:00,REJECTED_THEN_FILLED,9,100000000,2355000,88712267,2213904,-11287733,-15856637,28665760,LAST_FRESH_MARKET
FINAL-B,E4_ACT10_GB03_T15,fp1sig-f9c15b3ffc297ab33eb836b5,9r2cETdryH8NAKfDmiN4gjumkndH2zuJhq69BASjpump,PP-52cd253d409807ea1c311abf3ba7fc66,FILLED,FALLBACK,2026-08-28T05:42:29.853652+00:00,,1022899,,2026-08-28T05:42:47.277491+00:00,,1,100000000,2355000,104540761,2411760,4540761,-225999,27739974,LAST_FRESH_MARKET
FINAL-B,E4_ACT10_GB03_T15,fp1sig-f9c3a6517e46d7e72f071b9f,69MbvYEsxsYzDGEjZczLjN7GJVy4dv1CC3Esgq9Cpump,PP-5ed2d28e290c180c7c2208d6ecbbfffb,FILLED,FALLBACK,2026-08-27T21:00:48.421570+00:00,,861421,,2026-08-27T21:00:54.246203+00:00,,1,100000000,2355000,133871239,2778391,33871239,28737848,7304188,RULE_REFERENCE_FALLBACK
FINAL-B,E4_ACT10_GB03_T15,fp1sig-fa014a95b0d2554ed5d05fe0,6F38NcwybnmwZajUkhjzZGPpru3iZEqD2HE3fLZupump,PP-d591419f22f917dadcb58bb0b70d61a4,FILLED,FALLBACK,2026-08-28T02:47:34.206050+00:00,,961392,,2026-08-28T02:49:22.744805+00:00,,1,100000000,2355000,97883584,2328545,-2116416,-6799961,120382194,RULE_REFERENCE_FALLBACK
FINAL-B,E4_ACT10_GB03_T15,fp1sig-fa3ec0852a92e5f69bef65e9,5aMWsfKE5zxUboUDcR6hGqhCTBdtrpWHqFGEyNzUpump,PP-722f4d5e7727a5411af23c9f09af9f37,FILLED,FALLBACK,2026-08-28T04:54:47.528880+00:00,,1006707,,2026-08-28T04:54:51.775769+00:00,,1,100000000,2355000,91206534,2245082,-8793466,-13393548,6758823,RULE_REFERENCE_FALLBACK
FINAL-B,E4_ACT10_GB03_T15,fp1sig-fa4b9357aaf44e52da8ea16c,HnbQcdPzJYNfLNLxDRBTdvNQ6WwEmTGFzYraorRopump,PP-2346c234f704b4dedb5e0be1488c717b,FILLED,FALLBACK,2026-08-27T23:43:42.148808+00:00,,904472,,2026-08-27T23:43:56.161424+00:00,REJECTED_THEN_FILLED,6,100000000,2355000,87539650,2199246,-12460350,-17014596,25692773,LAST_FRESH_MARKET
FINAL-B,E4_ACT10_GB03_T15,fp1sig-faf22246e64c96f788104906,ELoNNVZXuGDi5r7x4EwHewwqaQdF3a5AvPDDdnmCBgrP,PP-f659a870f2db25cad065647eace82d35,FILLED,TRAIL,2026-08-28T06:14:08.551317+00:00,1033811,1033825,2026-08-28T06:14:08.551317+00:00,2026-08-28T06:14:12.348996+00:00,,1,100000000,2355000,106176340,2432205,6176340,1389135,7471641,TRIGGER_MARKET
FINAL-B,E4_ACT10_GB03_T15,fp1sig-fb376bb6f16ce92f309b9a5d,FxY9s97UjZqnscbqQsD61NfDxykYtoK5L2DWDE9xpump,PP-297fa154d735d827b2f33c75afd79160,FILLED,FALLBACK,2026-08-27T12:50:09.143099+00:00,,771418,,2026-08-27T12:50:14.664685+00:00,,1,100000000,2355000,92297303,2258717,-7702697,-12316414,16516181,LAST_FRESH_MARKET
FINAL-B,E4_ACT10_GB03_T15,fp1sig-fc29fe6ed52cc15afc078956,4e86ZfHKM4hLPGJ1BJVetf5aDm67KKHXzotXbr4Bpump,PP-eaeef0c73a29827b2346a71f3583288f,UNRESOLVED,FALLBACK,2026-08-28T10:43:50.908696+00:00,,,,,REJECTED_SLIPPAGE,60,100000000,2355000,,,,,,LAST_FRESH_MARKET
FINAL-B,E4_ACT10_GB03_T15,fp1sig-fc722cad5d2fc7d38901080c,82CFv3T6JB25xa5hp6dQdHgaSkMnSoDbt9QmnY2Vpump,PP-af64a5f18d90530d74fb0abaea0ad9f3,FILLED,FALLBACK,2026-08-28T11:41:58.533153+00:00,,1149040,,2026-08-28T11:41:59.705840+00:00,,1,100000000,2355000,161549317,3124367,61549317,56069950,7885950,LAST_FRESH_MARKET
FINAL-B,E4_ACT10_GB03_T15,fp1sig-fcfd1659c185086db8e0bb80,2GCB9y3H2Hyny8Ej74Xn66YYjHPWc8kmMh6G4hfWpump,PP-46c278cd46bcdcf46018d4e5b9de4d19,FILLED,FALLBACK,2026-08-28T07:52:13.047445+00:00,,1077036,,2026-08-28T07:52:16.477376+00:00,,1,100000000,2355000,87842376,2203030,-12157624,-16715654,14476610,LAST_FRESH_MARKET
FINAL-B,E4_ACT10_GB03_T15,fp1sig-fd328e02c82cc6bfcbe38f61,HSjmLQf6wkbcaJqx8JbEzjVPvonLgJUWHhTrNAyrpump,PP-6a1c77b2d938fe60c283c529374df8a7,FILLED,FALLBACK,2026-08-28T06:18:01.023062+00:00,,1035330,,2026-08-28T06:18:04.168639+00:00,,1,100000000,2355000,89987988,2229850,-10012012,-14596862,7192894,LAST_FRESH_MARKET
FINAL-B,E4_ACT10_GB03_T15,fp1sig-fda268a0c9e8b71cc9d4fa5f,3b5XP821dW1X34G5UChGYcZe57TKy2Ray2KCkvXMpump,PP-201f6faf9a07b77bd3ede6e5449ceaa0,FILLED,FALLBACK,2026-08-28T08:19:18.612302+00:00,,1087851,,2026-08-28T08:19:25.109934+00:00,,1,100000000,2355000,82053787,2130673,-17946213,-22431886,17615388,LAST_FRESH_MARKET
FINAL-B,E4_ACT10_GB03_T15,fp1sig-fdab6b1ae0f1cbca8162d060,JB9pbBCPAcS5JAyFVrkmok3ZETiUZ3k5qrrqUKdhpump,PP-7a517ca21a1d5db637e828b13748dcdf,FILLED,TRAIL,2026-08-28T03:35:48.439052+00:00,980064,980071,2026-08-28T03:35:48.439052+00:00,2026-08-28T03:35:51.436825+00:00,,1,100000000,2355000,80525118,2111564,-19474882,-23941446,12845740,TRIGGER_MARKET
FINAL-B,E4_ACT10_GB03_T15,fp1sig-fdc377c2629ac895ccd684bb,AMfTPMS3hjNJGTXxk726np883wNtz5MH2V1m1rzQpump,PP-31b02b1ba363a4f51a05a014c2e58ddf,FILLED,FALLBACK,2026-08-28T06:26:19.741236+00:00,,1038361,,2026-08-28T06:26:21.702257+00:00,,1,100000000,2355000,94292371,2283655,-5707629,-10346284,13489236,LAST_FRESH_MARKET
FINAL-B,E4_ACT10_GB03_T15,fp1sig-fdc9e74be4653145123e5b31,MiQ1dR3L3aSGxRhFCqBuzp8ySioan3VdBrztAi4pump,PP-f94372cb787f61b7ef861ac99a8b0ad7,FILLED,TRAIL,2026-08-28T09:38:05.776240+00:00,1109853,1109869,2026-08-28T09:38:05.776240+00:00,2026-08-28T09:38:06.317062+00:00,,1,100000000,2355000,102825349,2390317,2825349,-1919968,4073072,TRIGGER_MARKET
FINAL-B,E4_ACT10_GB03_T15,fp1sig-fe6a460bb2e6799d52494f3b,9k6xegkDJiMPsZHjvTjkQQ4JsePSc5DTru8WeWnwpump,PP-83bdf6993fe46d03a02ee97d0c22bab2,FILLED,FALLBACK,2026-08-27T13:42:24.663451+00:00,,783859,,2026-08-27T13:42:31.094643+00:00,,1,100000000,2355000,74292241,2033654,-25707759,-30096413,11567609,RULE_REFERENCE_FALLBACK
FINAL-B,E4_ACT10_GB03_T15,fp1sig-ff24488d4687a0d09eec86d9,D7quj7UTHuDbTePEuWbxVqzDgYwBy67dRnV3TGe9pump,PP-f4feff24f49522dab07055c562cad753,FILLED,FALLBACK,2026-08-28T07:28:28.349545+00:00,,1066891,,2026-08-28T07:29:00.036009+00:00,,1,100000000,2355000,97291099,2321139,-2708901,-7385040,43216284,LAST_FRESH_MARKET
FINAL-B,E4_ACT10_GB03_T15,fp1sig-ff32084bf68f1575c1fd013e,9oPkEdUJMFfRhyhwvz4Az3vwUwtrd895EYkXDnTzpump,PP-9e1fd8e6eb245de3bf57060fa49cc911,FILLED,FALLBACK,2026-08-27T19:07:39.645892+00:00,,839152,,2026-08-27T19:07:42.220070+00:00,,1,100000000,2355000,105594177,2424928,5594177,814249,13614096,LAST_FRESH_MARKET
FINAL-B,E4_ACT10_GB03_T15,fp1sig-ffaa98604cb68011a51ceb7a,4f5WLKMa8JyWM4nnWo8uDezDjCo6jsKntZje337xpump,PP-49d39b36bf4da6f32a03ac55ed570dc3,FILLED,FALLBACK,2026-08-27T20:00:06.796000+00:00,,849017,,2026-08-27T20:00:13.283086+00:00,,1,100000000,2355000,91680605,2251008,-8319395,-12925403,15831629,LAST_FRESH_MARKET
FINAL-B,E4_ACT10_GB03_T15,fp1sig-ffc84b64219582b39608cbcb,4bMZvdJyyMCENC34SwcuGypbTtVJVnwFiDoD8oYYpump,PP-35b5740579108dca457d79638a356d28,FILLED,FALLBACK,2026-08-28T11:06:00.068964+00:00,,1135826,,2026-08-28T11:06:03.135352+00:00,,1,100000000,2355000,82151788,2131898,-17848212,-22335110,4371854,LAST_FRESH_MARKET
SENS-C,SENS_TP20_T5,fp1sig-00a2bc3af1d2668a3c306d56,Cy6TskvYWb9Ds466KLWvkBvjzrp1CCq1i65dbVbvpump,PP-dc1fb5573602a1b2257f35a46e2483a7,FILLED,FALLBACK,2026-08-27T18:10:11.993577+00:00,,827004,,2026-08-27T18:10:14.063352+00:00,,1,100000000,2355000,98150405,2331881,-1849595,-6536476,2646748,RULE_REFERENCE_FALLBACK
SENS-C,SENS_TP20_T5,fp1sig-012cc72536b483b6d97b53f3,DpoddfrJgKdfuPKok5rCk8JL4WPEupnDmvGPT5dypump,PP-21b6186021f375d7a6bc57b572cb9ecd,FILLED,FALLBACK,2026-08-27T21:40:57.543837+00:00,,872323,,2026-08-27T21:41:15.338846+00:00,,1,100000000,2355000,97880023,2328501,-2119977,-6803478,18977545,LAST_FRESH_MARKET
SENS-C,SENS_TP20_T5,fp1sig-0151484094ac20de7c738d86,3irT8xsAXD4Gdht17PNpQhB2Rx73XLU821xmZCaHpump,PP-f66d61c9865e0204abd6026148d072c1,FILLED,FALLBACK,2026-08-27T13:42:34.989868+00:00,,783866,,2026-08-27T13:42:36.829202+00:00,,1,100000000,2355000,101236785,2370460,1236785,-3488675,5799196,RULE_REFERENCE_FALLBACK
SENS-C,SENS_TP20_T5,fp1sig-02266b9cc58403336994d625,25G7doSJ5NdvTxhsTtdU5f1tJvjd9JUX2CcL5KDRpump,PP-232a31c93fe5c6fcb83854813f1f9830,FILLED,FALLBACK,2026-08-28T08:11:55.017183+00:00,,1085006,,2026-08-28T08:12:00.555412+00:00,,1,100000000,2355000,87788426,2202356,-12211574,-16768930,7570302,LAST_FRESH_MARKET
SENS-C,SENS_TP20_T5,fp1sig-0254618e6839387546a96d0f,5gyi18Mmzb4M3Eu3S8XZwRF6eefPo9kXWwsrvDa8pump,PP-ce9bc13ce8aa9c2f4f89ce44cf28dea3,FILLED,FALLBACK,2026-08-27T13:14:19.658904+00:00,,777301,,2026-08-27T13:15:32.301436+00:00,,1,100000000,2355000,102569197,2387115,2569197,-2172918,76955106,LAST_FRESH_MARKET
SENS-C,SENS_TP20_T5,fp1sig-028be987991618188ebc36e3,3HttKepykr5MKAUc8fhj7MP2Zcgw3eyQuGwpUvD1pump,PP-fe3371941e1b1528c768759fce66c938,FILLED,FALLBACK,2026-08-27T13:59:06.193029+00:00,,786625,,2026-08-27T13:59:20.170741+00:00,,1,100000000,2355000,86050966,2180638,-13949034,-18484672,15655974,RULE_REFERENCE_FALLBACK
SENS-C,SENS_TP20_T5,fp1sig-037e02632b95bf3ff7057ab1,DP9CHFWfmAgFHdBqXtsiV5DDDT85gvLaqyTv4b1rbUfg,PP-b16b032554d887ae97565e065e644ac4,FILLED,TAKE_PROFIT,2026-08-28T09:12:25.715046+00:00,1103544,1103612,2026-08-28T09:12:25.715046+00:00,2026-08-28T09:12:40.982544+00:00,,1,100000000,2355000,121532950,2624162,21532950,16553788,18145231,TRIGGER_MARKET
SENS-C,SENS_TP20_T5,fp1sig-03918a0cffe6d27a73a399ed,3AD1KN9cXtz7p6NdrbTYyTss4oLenBU9jCJMCE7hpump,PP-b924a6d2e20055c7209c91454945473e,FILLED,FALLBACK,2026-08-27T17:14:54.911680+00:00,,816320,,2026-08-27T17:15:20.716607+00:00,,1,100000000,2355000,104891797,2416148,4891797,120649,26698753,RULE_REFERENCE_FALLBACK
SENS-C,SENS_TP20_T5,fp1sig-03dbb3298b2046e0fd037ee8,Ef7BJnmmUTAv8qCSVeWvKq5TXnN1C3hvptuZfeWpump,PP-d3164cb8a1674c5f8f384fcad88d77aa,FILLED,FALLBACK,2026-08-27T19:18:59.678052+00:00,,841555,,2026-08-27T19:19:07.331032+00:00,,1,100000000,2355000,93428950,2272862,-6571050,-11198912,8915832,LAST_FRESH_MARKET
SENS-C,SENS_TP20_T5,fp1sig-04b960fd00bee378edc6e3aa,Jc4wd3hpY3exkyyPbShoftN5y4kfuY6DqxfXBBapump,PP-fb82c8503013ad07b844c2b5a859c60d,FILLED,FALLBACK,2026-08-27T23:37:56.378635+00:00,,902673,,2026-08-27T23:37:58.120491+00:00,,1,100000000,2355000,101918353,2378980,1918353,-2815627,2869525,RULE_REFERENCE_FALLBACK
SENS-C,SENS_TP20_T5,fp1sig-04d7d70776be1358bc29967d,3ZHcZ9Um69JqJjsyvmpnpsmSapGsNWEN2dLHNHVQpump,PP-d67e5e9a5286452304e674560bc77463,FILLED,FALLBACK,2026-08-28T06:15:33.024867+00:00,,1034316,,2026-08-28T06:15:41.855859+00:00,REJECTED_THEN_FILLED,6,100000000,2355000,77051973,2068150,-22948027,-27371177,10892764,RULE_REFERENCE_FALLBACK
SENS-C,SENS_TP20_T5,fp1sig-06ba3ae3ac6b980ebc59f4df,3fjZBCA98PViKUpKbyHMyNy4DvSALtQZYUBXQrgCpump,PP-3f7156df6372cc72872f6d748afd2357,FILLED,FALLBACK,2026-08-27T23:46:52.032840+00:00,,905705,,2026-08-27T23:46:53.578574+00:00,,1,100000000,2355000,101365999,2372075,1365999,-3361076,3206823,LAST_FRESH_MARKET
SENS-C,SENS_TP20_T5,fp1sig-07500ad77c893eff4d3a0ff1,DEfDDZ65eMCLWtp3UYj25eqqXAUZyDgqQg9uX5LCpump,PP-eae7d8e7e15fe1282cbacada9d266556,FILLED,FALLBACK,2026-08-28T01:59:02.964125+00:00,,943324,,2026-08-28T01:59:04.652495+00:00,,1,100000000,2355000,102897484,2391219,2897484,-1848735,3162220,LAST_FRESH_MARKET
SENS-C,SENS_TP20_T5,fp1sig-0782639a70f32d66ffb90095,Dcgb9pUbXpB5oFFeHAUyTKJ18KEuWYf42brHyWvgpump,PP-6f0ccf2b0f5b3cc8d31a2fc19c1a84a6,FILLED,FALLBACK,2026-08-28T05:38:55.944330+00:00,,1021416,,2026-08-28T05:39:00.449828+00:00,,1,100000000,2355000,99282134,2346027,-717866,-5418893,6308082,LAST_FRESH_MARKET
SENS-C,SENS_TP20_T5,fp1sig-079caab6c783e4863c83e327,EjoDrZUYKAPHtTKp4zk6xSpfASud9URdFWSr8Jkpump,PP-af59a5812ed01a0afd542a4b5f8cb6ed,UNRESOLVED,FALLBACK,2026-08-28T11:33:41.488930+00:00,,,,,REJECTED_SLIPPAGE,5,100000000,2355000,,,,,,RULE_REFERENCE_FALLBACK
SENS-C,SENS_TP20_T5,fp1sig-08986970cc182e3bf94a01a7,8egFRKX2FkaCGQsypX8Wp8YMZ727LhD1iN1VxyyVpump,PP-d094980784a71ea1764db49f08d9a944,FILLED,FALLBACK,2026-08-28T03:09:25.163835+00:00,,969972,,2026-08-28T03:09:26.722605+00:00,,1,100000000,2355000,98751714,2339397,-1248286,-5942683,3562555,LAST_FRESH_MARKET
SENS-C,SENS_TP20_T5,fp1sig-09a3336879df3e871fc206b9,BtmuTHEkEz1JKTtTLAT7sD9iQ7seLiGyi53Q71Aapump,PP-97896ff953447e9aa4f8abe0222a1150,FILLED,FALLBACK,2026-08-28T07:15:42.775494+00:00,,1060583,,2026-08-28T07:15:44.011567+00:00,,1,100000000,2355000,87194448,2194931,-12805552,-17355483,2952820,LAST_FRESH_MARKET
SENS-C,SENS_TP20_T5,fp1sig-09c49428b0ba27fc229dd6a5,FWe3E3TNq1nBquUtijursGsyoBBeGQWG3dkiXS23pump,PP-9e91d3ab02c0838d2d1bae9c3f33117e,FILLED,FALLBACK,2026-08-28T07:22:22.813640+00:00,,1064088,,2026-08-28T07:22:25.085650+00:00,,1,100000000,2355000,25731842,1426649,-74268158,-78049807,3753468,LAST_FRESH_MARKET
SENS-C,SENS_TP20_T5,fp1sig-09d8da9528bfd6b44bd67ef2,cAJyZLNWgWtjSoMD56uUyayokUt3kduMzhQGsGvWs4F,PP-70873de4c71288312c6925140a570a80,FILLED,FALLBACK,2026-08-28T02:49:01.746031+00:00,,961295,,2026-08-28T02:49:04.728295+00:00,,1,100000000,2355000,88665574,2213320,-11334426,-15902746,3813325,LAST_FRESH_MARKET
SENS-C,SENS_TP20_T5,fp1sig-0a0ccce9a93865fcf66a0666,2GJeproPabfJwAkqQSxW821pGS3u9haeYB69TFjDpump,PP-2f4f11686af916c73b214e47167b4d20,FILLED,FALLBACK,2026-08-28T05:39:02.470694+00:00,,1021431,,2026-08-28T05:39:04.014372+00:00,,1,100000000,2355000,101132544,2369157,1132544,-3591613,3675543,RULE_REFERENCE_FALLBACK
SENS-C,SENS_TP20_T5,fp1sig-0af5a715e56bb69e76cb7a04,2TdHmHBoUVwAeUygtiiCgjizdDUaAuC1e4BMK9dapump,PP-8fdcdc0373ac176121db3d9be39397e4,FILLED,FALLBACK,2026-08-28T02:38:30.688950+00:00,,956633,,2026-08-28T02:38:36.010643+00:00,,1,100000000,2355000,98196056,2332451,-1803944,-6491395,6834335,LAST_FRESH_MARKET
SENS-C,SENS_TP20_T5,fp1sig-0ba5b230341673a525e16c15,3xhxtZaddzyzYQwaiemb53S51o49agPd7z84f5zapump,PP-4027b3d905270f9f4c3b339b8fcaf26c,FILLED,FALLBACK,2026-08-28T10:54:49.139098+00:00,,1133708,,2026-08-28T10:54:52.755757+00:00,,1,100000000,2355000,92748246,2264354,-7251754,-11871108,5152100,LAST_FRESH_MARKET
SENS-C,SENS_TP20_T5,fp1sig-0bf9d366b7484f28fab545fa,Bp6DrftWRYM4Lnqkks1r6mx6Sr72ZKDHqH4uGnQ6pump,PP-201291dacf9f53207e0dd7d8948fd03b,FILLED,FALLBACK,2026-08-27T14:58:49.497780+00:00,,797084,,2026-08-27T14:58:51.954913+00:00,,1,100000000,2355000,94534539,2286682,-5465461,-10107143,3993489,LAST_FRESH_MARKET
SENS-C,SENS_TP20_T5,fp1sig-0c0a7a32bbe74a2f8fae46f0,Bs4omLPnNw1YjjTBE9wwfWrBBmpCdGoLyQVsdi9fpump,PP-45dc1b2b3a42c0163c97fb56539e5e42,FILLED,FALLBACK,2026-08-28T02:58:16.812230+00:00,,965727,,2026-08-28T02:58:18.594228+00:00,,1,100000000,2355000,100472830,2360911,472830,-4243081,3588813,RULE_REFERENCE_FALLBACK
SENS-C,SENS_TP20_T5,fp1sig-0c5cb6e1df929338a6674ebf,CX8YYFvQVYHUMahVUkiafd8NgEaTVMhdad6bBqkGpump,PP-4525230c03bcd9bda3374f8346cfe309,FILLED,FALLBACK,2026-08-28T02:04:38.993461+00:00,,945278,,2026-08-28T02:04:43.714097+00:00,,1,100000000,2355000,136259567,2808245,36259567,31096322,5930180,RULE_REFERENCE_FALLBACK
SENS-C,SENS_TP20_T5,fp1sig-0ca9066e8f459d81c7376fa0,FxCC5VrrSQdxHwYBePwzACMgPkuohKWuZLXJsYQMpump,PP-f0b781bfaeccade055bc1950bc00cab1,FILLED,FALLBACK,2026-08-28T02:45:56.996413+00:00,,959865,,2026-08-28T02:45:58.806593+00:00,,1,100000000,2355000,101283316,2371042,1283316,-3442726,3693965,LAST_FRESH_MARKET
SENS-C,SENS_TP20_T5,fp1sig-0d88aeffc1a2d86d1692f246,4K2ZSaLiCR1cQLGYmSTPxZgQRvAHKY97cEKzpz4wpump,PP-69da213f605aa960443b7ddeaac91fd5,FILLED,FALLBACK,2026-08-27T14:50:56.922525+00:00,,796069,,2026-08-27T14:51:00.062787+00:00,,1,100000000,2355000,101328618,2371608,1328618,-3397990,4762264,LAST_FRESH_MARKET
SENS-C,SENS_TP20_T5,fp1sig-0e9b70c12a59a027ea38c5c1,BCpTBDUknNmPUqaM9Xw6BN8kAYt4iRCkQXsAtY9spump,PP-0a0ec4acf431b7bb3a268a9a1cbde20b,UNRESOLVED,FALLBACK,2026-08-28T07:21:18.815370+00:00,,,,,REJECTED_SLIPPAGE,8,100000000,2355000,,,,,,LAST_FRESH_MARKET
SENS-C,SENS_TP20_T5,fp1sig-0f684f761758b78e7285c50d,E4RyXXXjAhvef4BTSryV2hWwnNmZP9j8nnPnVDndpump,PP-77fcf8ffe4d9aeeb11b90b480a0a2fcb,FILLED,FALLBACK,2026-08-28T06:18:16.964132+00:00,,1035542,,2026-08-28T06:18:44.392561+00:00,,1,100000000,2355000,99329176,2346615,-670824,-5372439,29357603,RULE_REFERENCE_FALLBACK
SENS-C,SENS_TP20_T5,fp1sig-103e58578fa44f0c56042eb2,2n9EaxioH5c3dmnv3u9uPUbx7MoqQ5PiHEETeqN2pump,PP-ad3aa8df7a9d79fb67da9841e2db1fd9,FILLED,FALLBACK,2026-08-27T19:31:42.463518+00:00,,843836,,2026-08-27T19:31:43.904826+00:00,,1,100000000,2355000,100236994,2357963,236994,-4475969,3512504,RULE_REFERENCE_FALLBACK
SENS-C,SENS_TP20_T5,fp1sig-104d433d257a7da12b667ab2,AqArcXWUf45fzDXCQbW4gjetuJ6Qk4AssFr4peNdpump,PP-f50e8041328849767317b73f3854d83d,FILLED,FALLBACK,2026-08-28T10:25:34.375581+00:00,,1123576,,2026-08-28T10:25:37.552422+00:00,,1,100000000,2355000,98977786,2342223,-1022214,-5719437,3592019,RULE_REFERENCE_FALLBACK
SENS-C,SENS_TP20_T5,fp1sig-10ad1c249d01bb0fbba55b63,FjsEhFzquBBZj6yPo9Jba7Wt42GgQvhdWbnGNiFdpump,PP-42c7f934e7b5a6d263398af75277ffbf,FILLED,FALLBACK,2026-08-27T12:38:29.558531+00:00,,769059,,2026-08-27T12:38:55.356170+00:00,,1,100000000,2355000,87612053,2200151,-12387947,-16943098,29954456,LAST_FRESH_MARKET
SENS-C,SENS_TP20_T5,fp1sig-10c49b05a8fd88a87bd1e4af,CPGUme99rPPQLjh4nspLMV5JTWAHRh8JnRdPwPwgpump,PP-a1165b6c1ac869e4c9e14a1adfd94f9c,UNRESOLVED,FALLBACK,2026-08-28T08:43:45.294434+00:00,,,,,REJECTED_SLIPPAGE,15,100000000,2355000,,,,,,RULE_REFERENCE_FALLBACK
SENS-C,SENS_TP20_T5,fp1sig-10d389237e9f89f9c0df2e1d,3iZJthpH2FrEtjGj5WXiZcK2pfub2xoXiqGMytHmpump,PP-19d93ce69eade6dd0458f30addaeb7a9,FILLED,TAKE_PROFIT,2026-08-28T02:33:29.972592+00:00,954876,954897,2026-08-28T02:33:29.972592+00:00,2026-08-28T02:33:33.194257+00:00,,1,100000000,2355000,118350662,2584384,18350662,13411278,3592665,TRIGGER_MARKET
SENS-C,SENS_TP20_T5,fp1sig-11157ff67a083d1202e25b54,5Yy8YNgg28pZpZJ3fp6XaLRRf8jTFjUcpH21f4gbpump,PP-93b3c6ac86d7851727046b2f05a72d2b,FILLED,FALLBACK,2026-08-28T00:18:47.168691+00:00,,915187,,2026-08-28T00:19:00.301145+00:00,,1,100000000,2355000,99441563,2348020,-558437,-5261457,14896341,LAST_FRESH_MARKET
SENS-C,SENS_TP20_T5,fp1sig-1293c04bc6e93667b78e1d5d,2bKDS7dnNzfne5ZBTXnFxeyKGQeJVrP4FEQvhL9upump,PP-6f73464670ef2c137d7a56b2963f9986,FILLED,FALLBACK,2026-08-28T09:57:27.601186+00:00,,1113969,,2026-08-28T09:57:30.395354+00:00,,1,100000000,2355000,99486886,2348587,-513114,-5216701,3355369,LAST_FRESH_MARKET
SENS-C,SENS_TP20_T5,fp1sig-13033729e55990510118e4ae,6uMtr6EyLur4wqJVxPbBu3iNV1owjBBYmbHh3mpjpump,PP-1b2bebc3e25b72cd67f71980ad8bb989,FILLED,FALLBACK,2026-08-28T05:56:31.146061+00:00,,1028245,,2026-08-28T05:56:42.666640+00:00,,1,100000000,2355000,104312078,2408901,4312078,-451823,13691943,RULE_REFERENCE_FALLBACK
SENS-C,SENS_TP20_T5,fp1sig-14a66f2d11a00a23df4bdf85,7Zx8aciz3ttZPMDHoxDsYjpCQfxtjbxeBnR7gTbBpump,PP-cc8a19dc92c12431ddd574a4f735ff5e,FILLED,FALLBACK,2026-08-28T05:56:25.283315+00:00,,1028246,,2026-08-28T05:56:42.672640+00:00,,1,100000000,2355000,98468173,2335853,-1531827,-6222680,19023893,RULE_REFERENCE_FALLBACK
SENS-C,SENS_TP20_T5,fp1sig-14c2625dd9319f0aab810322,4C6RhYo26uNCcJcYEdrd9cM9pqg7zwFqUUqCuELTpump,PP-f8f63f32cf4eb2499c943baf635d85c4,FILLED,FALLBACK,2026-08-28T01:49:25.733880+00:00,,939597,,2026-08-28T01:49:28.535438+00:00,,1,100000000,2355000,89158941,2219487,-10841059,-15415546,4264898,LAST_FRESH_MARKET
SENS-C,SENS_TP20_T5,fp1sig-14cdef07cf31dffc59dcc5da,FM9ZpRrcvgeaP2KaF5UqgNedw2WCVNKyn92S1J4pump,PP-43193b7add1ee7e3c7a7ee9076faeb74,FILLED,FALLBACK,2026-08-28T02:22:45.283965+00:00,,951324,,2026-08-28T02:22:48.168111+00:00,,1,100000000,2355000,99980488,2354757,-19512,-4729269,3853070,RULE_REFERENCE_FALLBACK
SENS-C,SENS_TP20_T5,fp1sig-152e1472db90ad503a6a3fd5,96k9E1MbAsnYCmVtwRwHmxd1qx5pUvXyh2wzwHEkpump,PP-8ee27661442a11f8b3e47e6ce16c9602,FILLED,FALLBACK,2026-08-28T01:06:32.388262+00:00,,926314,,2026-08-28T01:06:38.694056+00:00,,1,100000000,2355000,97190944,2319887,-2809056,-7483943,7090884,LAST_FRESH_MARKET
SENS-C,SENS_TP20_T5,fp1sig-154376ea56593414e88e01ff,D5AgGKyesUN6UNH7LYvvvWZ7mEL9Johbk4qtg2TDpump,PP-31117581f5d280ad27bd268df3d25cfc,FILLED,FALLBACK,2026-08-27T16:44:05.218436+00:00,,811992,,2026-08-27T16:44:14.431097+00:00,,1,100000000,2355000,97702140,2326277,-2297860,-6979137,10320709,LAST_FRESH_MARKET
SENS-C,SENS_TP20_T5,fp1sig-168405b6866ca15d6575432d,Apd2NXobph9pcSN8fcEGVvMT7manX1sNEZcnjb2Epump,PP-a99a36ae9c6381650e3642ae2c0ba82f,FILLED,FALLBACK,2026-08-28T02:29:03.350380+00:00,,953151,,2026-08-28T02:29:08.944306+00:00,,1,100000000,2355000,77724494,2076557,-22275506,-26707063,6565603,RULE_REFERENCE_FALLBACK
SENS-C,SENS_TP20_T5,fp1sig-1931b8d6e587e6b5f9c28d3a,6jcTAR486G3HNGhYt1xbk3thUeyQbfCN1ZXtb9XZpump,PP-7a7919405bf3ea28ad86b8ca9ef2248a,FILLED,FALLBACK,2026-08-27T14:08:12.473870+00:00,,788323,,2026-08-27T14:08:28.816289+00:00,,1,100000000,2355000,98160801,2332011,-1839199,-6526210,18474798,RULE_REFERENCE_FALLBACK
SENS-C,SENS_TP20_T5,fp1sig-1a859f3b215e81af3fdd363f,Gf8hWxXUxNByJFzvoZuAaqHs4DoY4YZFqgtuEKyYMW3V,PP-9b2b4f1d8c0eb914acc7f4c4a76fdede,UNRESOLVED,FALLBACK,2026-08-28T06:04:05.816355+00:00,,,,,REJECTED_SLIPPAGE,4,100000000,2355000,,,,,,RULE_REFERENCE_FALLBACK
SENS-C,SENS_TP20_T5,fp1sig-1aff857d65cd5cbebfdc4aba,25G6DrtUMQoDqJwfTSSYHosLCMCwc1YuNRbdtio2pump,PP-12316815bb08f8d04474c9fa5e515f87,UNRESOLVED,FALLBACK,2026-08-28T07:46:09.138232+00:00,,,,,REJECTED_SLIPPAGE,139,100000000,2355000,,,,,,RULE_REFERENCE_FALLBACK
SENS-C,SENS_TP20_T5,fp1sig-1b2bbf5c5d030e0eebe4076e,BuXixHoVD5en8ySNPwHViV9ZJzjF4D89hvD5kiqJpump,PP-4e156003970a559f7c16df170df29155,FILLED,FALLBACK,2026-08-28T10:42:24.929331+00:00,,1128989,,2026-08-28T10:42:30.630174+00:00,,1,100000000,2355000,100048632,2355608,48632,-4661976,6892317,LAST_FRESH_MARKET
SENS-C,SENS_TP20_T5,fp1sig-1b38487e0a75f26cab1ea35e,2oF6YWWPYfeCushRySM6tasKMSLvsdXTG7twjhydpump,PP-de28c27dc2397c6ec7ecfd7c1e9a8178,FILLED,FALLBACK,2026-08-27T21:46:34.089825+00:00,,873834,,2026-08-27T21:46:35.262357+00:00,,1,100000000,2355000,102569136,2387115,2569136,-2172979,3607294,RULE_REFERENCE_FALLBACK
SENS-C,SENS_TP20_T5,fp1sig-1b7cccd007e9b1a9378ec092,35UFhucyMmEqKvR6ZC49BDAmWfb9e6VKtjKcX6Nzpump,PP-9ee145b81426b6aa1d65253fc998023d,FILLED,FALLBACK,2026-08-27T16:48:56.922995+00:00,,812734,,2026-08-27T16:49:33.984387+00:00,,1,100000000,2355000,98960364,2342005,-1039636,-5736641,38810312,RULE_REFERENCE_FALLBACK
SENS-C,SENS_TP20_T5,fp1sig-1d04b046e9e6659635467907,FZeY2Pex59ZMvh9RZW9F71eM1CyezFnAAjHRuEwCpump,PP-c259db47d4ef29b78ad818ece6bc8357,FILLED,FALLBACK,2026-08-27T22:10:58.170006+00:00,,880246,,2026-08-27T22:10:59.600537+00:00,,1,100000000,2355000,102716027,2388951,2716027,-2027924,2857975,RULE_REFERENCE_FALLBACK
SENS-C,SENS_TP20_T5,fp1sig-1ee9cf7257d1e2467530257b,3zL5SnJyYYCpCxf8VCXRZy9GADEVKxoxpGv16Rfbpump,PP-cb3f20ede52273ed647bceccf480c33e,FILLED,FALLBACK,2026-08-27T18:17:20.148365+00:00,,829035,,2026-08-27T18:17:26.822166+00:00,,1,100000000,2355000,88524663,2211559,-11475337,-16041896,7709747,RULE_REFERENCE_FALLBACK
SENS-C,SENS_TP20_T5,fp1sig-1f0068a9f04fd06f9b213e0f,HyTd4ACuHBajMCEKcCZgeYz9gZcCc7pye1qb48WFpump,PP-2b365cea0c305e5ee90bb04664bffc6c,FILLED,FALLBACK,2026-08-28T11:58:15.445523+00:00,,1154004,,2026-08-28T11:58:25.154144+00:00,,1,100000000,2355000,93669974,2275875,-6330026,-10960901,9719124,RULE_REFERENCE_FALLBACK
SENS-C,SENS_TP20_T5,fp1sig-1fdc9d25b25a26f73c837051,5e73homhW2cByvFkEggroa7rG8yUCkCySfPFYf3Cpump,PP-c9310a654a6a508093988caf926fb02d,FILLED,FALLBACK,2026-08-28T01:42:48.161749+00:00,,937947,,2026-08-28T01:42:49.844800+00:00,,1,100000000,2355000,95865983,2303325,-4134017,-8792342,3530391,LAST_FRESH_MARKET
SENS-C,SENS_TP20_T5,fp1sig-207018d662ad181e9caa60c3,Dx8GHdKinjMzfVJVw1w7JT2kBHZXCkk9cudto5topump,PP-c8fe6bc09b22c04a3aad35497fc525df,FILLED,FALLBACK,2026-08-28T11:31:22.920148+00:00,,1145203,,2026-08-28T11:31:27.199555+00:00,,1,100000000,2355000,94026370,2280330,-5973630,-10608960,4956837,RULE_REFERENCE_FALLBACK
SENS-C,SENS_TP20_T5,fp1sig-207e967197a264943170dd62,F5rKte7ELibjAj1uwEzsqo42mz9SP5t35gPFpUh5pump,PP-196a590e8aab3d25e2ae96aae34bbaee,FILLED,FALLBACK,2026-08-28T06:52:34.143062+00:00,,1050322,,2026-08-28T06:52:35.885929+00:00,,1,100000000,2355000,109412906,2472662,9412906,4585244,3478038,LAST_FRESH_MARKET
SENS-C,SENS_TP20_T5,fp1sig-207f174b14e9c04c0b549618,8UNZqnvCUT8Yijz7i1xgjR1Sw9cA6yqyncZQ4nqfpump,PP-6ba77ae54850f8a084aed6379244676a,UNRESOLVED,FALLBACK,2026-08-28T02:39:48.666757+00:00,,,,,REJECTED_SLIPPAGE,16,100000000,2355000,,,,,,RULE_REFERENCE_FALLBACK
SENS-C,SENS_TP20_T5,fp1sig-216f2bf236fd0d27ce8bc135,EbRPC7RaVV5gxExiLqAKFnro5Q4gVdyn3hRojcfHpump,PP-d31b0e7edf2d4b7c057ec478b0626603,FILLED,FALLBACK,2026-08-28T07:47:15.208328+00:00,,1075140,,2026-08-28T07:47:20.877892+00:00,,1,100000000,2355000,92389076,2259864,-7610924,-12225788,6323421,LAST_FRESH_MARKET
SENS-C,SENS_TP20_T5,fp1sig-2175b776ab137be0189804a6,4SSouBg9STpesaxMGWVceCFy37DpkY4iZbdfyc82pump,PP-d0e28ada67dbbe42cf0084eda0631128,FILLED,FALLBACK,2026-08-28T11:11:25.468059+00:00,,1137707,,2026-08-28T11:11:28.160083+00:00,,1,100000000,2355000,114670631,2538383,14670631,9777248,3272179,RULE_REFERENCE_FALLBACK
SENS-C,SENS_TP20_T5,fp1sig-217a57a9e6513402aceacfb7,8VvNAXMA4YKrXVny4jGzFmaKTqo7Zad3H1Yvrk9Bpump,PP-564e1a76e9e5678e85da337698778d2e,FILLED,FALLBACK,2026-08-28T11:10:10.067552+00:00,,1137260,,2026-08-28T11:10:17.416917+00:00,,1,100000000,2355000,77768997,2077113,-22231003,-26663116,8883814,LAST_FRESH_MARKET
SENS-C,SENS_TP20_T5,fp1sig-217a78ba0ab190d0c768a089,FjCAq2RFCA1gdegZJJZvbnLaB2CCwJyGiG23saQhpump,PP-17241915f3fed9bbbd33a144eae87961,FILLED,FALLBACK,2026-08-27T12:33:21.432784+00:00,,767800,,2026-08-27T12:34:25.210448+00:00,REJECTED_THEN_FILLED,18,100000000,2355000,137403079,2822539,37403079,32225540,64135105,RULE_REFERENCE_FALLBACK
SENS-C,SENS_TP20_T5,fp1sig-2198da2f0a0f10aaa65e5861,2FEbyuDUdnN7nd81bo5ewLQyEQS2n2XsDC62kfPxpump,PP-ab0577a47755c8fb89298b3538f838a9,FILLED,FALLBACK,2026-08-27T19:09:15.415150+00:00,,839439,,2026-08-27T19:09:18.604032+00:00,,1,100000000,2355000,99457316,2348217,-542684,-5245901,3569193,LAST_FRESH_MARKET
SENS-C,SENS_TP20_T5,fp1sig-21db7206bfed5ec1f876f504,89MY6gnjUsZqFjHNtRioJgCTEVVwje7nbQcbSyEhpump,PP-854cc1a944d43d1b99444e23dec28da3,FILLED,FALLBACK,2026-08-28T04:58:48.045366+00:00,,1007449,,2026-08-28T04:58:49.962286+00:00,,1,100000000,2355000,99552340,2349405,-447660,-5152065,3543835,RULE_REFERENCE_FALLBACK
SENS-C,SENS_TP20_T5,fp1sig-2242341e1a67e93521c8ed12,4WoG8Hb49BAVJmiyR86XuxBPd8GPRDhALMauvhpPpump,PP-77efe14c7239e5ef085532c24171b18e,FILLED,FALLBACK,2026-08-28T08:20:40.250539+00:00,,1088448,,2026-08-28T08:20:42.512502+00:00,,1,100000000,2355000,97149849,2319374,-2850151,-7524525,3796025,LAST_FRESH_MARKET
SENS-C,SENS_TP20_T5,fp1sig-22a30259847642080321fe73,398MckGgmqQfUcTctz4jXeKAFwXfLGXfrPh45cbYpump,PP-99f890ddf192066b63e2848bebfd54a1,FILLED,FALLBACK,2026-08-28T10:35:56.834471+00:00,,1127047,,2026-08-28T10:36:00.413979+00:00,,1,100000000,2355000,120140461,2606756,20140461,15178705,4369768,RULE_REFERENCE_FALLBACK
SENS-C,SENS_TP20_T5,fp1sig-23af59b42090e1c5a53825fa,8bNQ9AhAPweSXA4ptXccHKyDPzkWCTK99kNGCgBypump,PP-1f3d35c7d268e630bc0c1bf88251db66,FILLED,FALLBACK,2026-08-28T05:19:11.844300+00:00,,1016464,,2026-08-28T05:28:54.063717+00:00,,1,100000000,2355000,133506964,2773838,33506964,28378126,583470703,LAST_FRESH_MARKET
SENS-C,SENS_TP20_T5,fp1sig-24c3b376d59b1fa980eb8e79,bmk6QbSz3kj6xhtLADbu2bpEuav87Nycohjbrkcpump,PP-a7c2ed446297082e47bc9916118e5dd2,FILLED,FALLBACK,2026-08-28T00:30:50.222314+00:00,,918334,,2026-08-28T00:30:51.314191+00:00,,1,100000000,2355000,91225877,2245324,-8774123,-13374447,3027604,RULE_REFERENCE_FALLBACK
SENS-C,SENS_TP20_T5,fp1sig-2696b9db8a8be69b262c41a5,5EApUjn3SnMzX3YZh7PXxYbFb7PUqvuMdZwzehbKpump,PP-af3591e2803e52fe677664ce4b3a15c2,FILLED,FALLBACK,2026-08-28T06:06:24.085410+00:00,,1031166,,2026-08-28T06:06:26.721916+00:00,,1,100000000,2355000,90584394,2237305,-9415606,-14007911,3613099,LAST_FRESH_MARKET
SENS-C,SENS_TP20_T5,fp1sig-26ee4bfd5ffefa12e1366214,Tm9zG1uKhPBDJUYZTNSukdM4X78ZR1nLuTTCwz4pump,PP-e54bea3fc4d480ce229514211db9ff3f,FILLED,FALLBACK,2026-08-27T13:37:26.563728+00:00,,782605,,2026-08-27T13:37:29.246054+00:00,,1,100000000,2355000,110651287,2488142,10651287,5808145,3922518,LAST_FRESH_MARKET
SENS-C,SENS_TP20_T5,fp1sig-270abfd6d053daa8886a1ff0,HVhKnCHb11C93eG3aUVzqGJBbJiUmjtYEVGAJ46spump,PP-0cdf6aaea93b16f7de94acebae2255f8,UNRESOLVED,FALLBACK,2026-08-28T01:50:25.224948+00:00,,,,,REJECTED_SLIPPAGE,48,100000000,2355000,,,,,,RULE_REFERENCE_FALLBACK
SENS-C,SENS_TP20_T5,fp1sig-277fee1b90cc02be5854079f,CBZBdg5pCgpAEsLbUJRekQEFdzr2tF5EunVbUGCQpump,PP-d92b567f15fa9f7f7e927f902b396059,FILLED,FALLBACK,2026-08-28T07:58:02.981541+00:00,,1079076,,2026-08-28T07:58:09.064046+00:00,REJECTED_THEN_FILLED,6,100000000,2355000,101468222,2373353,1468222,-3260131,7561606,LAST_FRESH_MARKET
SENS-C,SENS_TP20_T5,fp1sig-2782bb374e3a64b09d8e703e,GbxZSi3vRY5PTK8N4hzDmhtm1vM4bEaBV5kRvxLFpump,PP-e9a596539247f5aea1a4891219822652,FILLED,FALLBACK,2026-08-27T17:37:04.716265+00:00,,820580,,2026-08-27T17:37:09.207336+00:00,,1,100000000,2355000,99450491,2348132,-549509,-5252641,8861398,LAST_FRESH_MARKET
SENS-C,SENS_TP20_T5,fp1sig-29f847fb15d3671ec461378e,J7Z13EF3PYmMDxSFbYchxUoLtSLHwubEM3PRvjjepump,PP-236f3b7f83eab17cb026985d9c32bd80,FILLED,FALLBACK,2026-08-28T04:43:00.160210+00:00,,1002070,,2026-08-28T04:43:02.808707+00:00,,1,100000000,2355000,110368650,2484609,10368650,5529041,3362215,LAST_FRESH_MARKET
SENS-C,SENS_TP20_T5,fp1sig-2a060f4fe52c239ee52a2975,2jMXLqaZKronWNBzfgsCvWoWeFkh8oTmFi3xb2Zgpump,PP-cb1dbbc5015e0bc4e6e8b3a63c7994f3,FILLED,FALLBACK,2026-08-28T06:20:05.912222+00:00,,1036287,,2026-08-28T06:20:28.041795+00:00,REJECTED_THEN_FILLED,3,100000000,2355000,112229358,2507867,12229358,7366491,22216295,RULE_REFERENCE_FALLBACK
SENS-C,SENS_TP20_T5,fp1sig-2a41b953902cbcf1f3f86c26,BbDcCetDDKZZMub4epn3DMncz7AxWiWfAUtR2yiZpump,PP-e732e1784d647935d2af580e54010101,FILLED,FALLBACK,2026-08-27T18:44:32.980041+00:00,,834298,,2026-08-27T18:44:34.570378+00:00,,1,100000000,2355000,101070691,2368384,1070691,-3652693,2859249,RULE_REFERENCE_FALLBACK
SENS-C,SENS_TP20_T5,fp1sig-2a7cb5b681b6305f4ef6b88f,8svoRacQL9w1jEjcaKFXE4sZpjWDvYmjPgmyjdszpump,PP-c7b3c2dd21d7186fdb9da26328f62979,FILLED,FALLBACK,2026-08-28T04:37:24.094529+00:00,,1000291,,2026-08-28T04:37:25.680194+00:00,,1,100000000,2355000,100505134,2361315,505134,-4211181,3061083,LAST_FRESH_MARKET
SENS-C,SENS_TP20_T5,fp1sig-2b63e59c2b28c487db216d25,AwPZf38Jn4uz19HQnckf9VT6dEhhSvA9VwoPqZZLpump,PP-f2a98858f0f827d80a3946043cc18b43,FILLED,FALLBACK,2026-08-28T08:07:31.543473+00:00,,1083554,,2026-08-28T08:07:33.101718+00:00,,1,100000000,2355000,75938004,2054226,-24061996,-28471222,3120309,RULE_REFERENCE_FALLBACK
SENS-C,SENS_TP20_T5,fp1sig-2c88a9ae046d0a5869582032,BcCL6BKr2WXQ2u8qLfhmpydN6nnrVbLxF6XBxJdKpump,PP-99bf1be457414dbd302be5e3fc4ae1d8,FILLED,FALLBACK,2026-08-28T03:25:28.133515+00:00,,976535,,2026-08-28T03:25:30.489628+00:00,,1,100000000,2355000,110045491,2480569,10045491,5209922,3952827,LAST_FRESH_MARKET
SENS-C,SENS_TP20_T5,fp1sig-2d40ec6fb372bf2250965996,E1aVB6KRL3CG9sP51EVZpmLVqWs8yyVv21pLfyEUpump,PP-c60113dff061a5f74d7c30a6599b06da,FILLED,FALLBACK,2026-08-28T00:00:34.765612+00:00,,910149,,2026-08-28T00:00:36.078587+00:00,,1,100000000,2355000,100863809,2365798,863809,-3856989,2805470,LAST_FRESH_MARKET
SENS-C,SENS_TP20_T5,fp1sig-2dc2120b7025fb83e309bb18,4U3YiKGkrNUfRDLq8phDuoKt5f8vzgjNcW1z7U58pump,PP-12b01e43ad5ec793873d689928a90b9c,FILLED,FALLBACK,2026-08-27T12:41:49.976483+00:00,,769883,,2026-08-27T12:41:54.394312+00:00,,1,100000000,2355000,100910531,2366382,910531,-3810851,4980950,LAST_FRESH_MARKET
SENS-C,SENS_TP20_T5,fp1sig-2f0ea0aff62785653b1549a8,DFE2mG3RTytE174M2khoTwTCzSn4C1YzMUoyhqi2pump,PP-0afffd8838ecf853ce201450de82273d,FILLED,FALLBACK,2026-08-28T01:08:37.033146+00:00,,926849,,2026-08-28T01:08:41.851798+00:00,,1,100000000,2355000,83556031,2149451,-16443969,-20948420,6723680,LAST_FRESH_MARKET
SENS-C,SENS_TP20_T5,fp1sig-301bed8ed2781ddf868c5c4b,AP8nD8BiaEEfixcQZ3L3Md61QsQYDAhG7NcsTYSzpump,PP-85315f837cd216924d476f0b6a05eaf7,FILLED,FALLBACK,2026-08-28T10:43:37.540990+00:00,,1129302,,2026-08-28T10:43:40.195167+00:00,,1,100000000,2355000,103888198,2403603,3888198,-870405,4479831,LAST_FRESH_MARKET
SENS-C,SENS_TP20_T5,fp1sig-3073d478391469ac7a151986,Acvh2GTyLmf2a9b7FvAyk7BNFDQZQiK3TTds8C3Xpump,PP-a9b01b6e3e8134bc0620dd5a81409e5c,FILLED,FALLBACK,2026-08-27T17:20:55.083310+00:00,,817493,,2026-08-27T17:21:12.836552+00:00,,1,100000000,2355000,106637162,2437965,6637162,1844197,22029202,LAST_FRESH_MARKET
SENS-C,SENS_TP20_T5,fp1sig-317f612ced0dd82ba6013abc,TzWXTvH3x6RSXQAdaHef32KebTcFGzYSRUjxoBDpump,PP-20f02e2e3d60c08cb76aa048d7643c1e,FILLED,FALLBACK,2026-08-27T15:43:04.428799+00:00,,804262,,2026-08-27T15:43:07.592081+00:00,,1,100000000,2355000,96799669,2314996,-3200331,-7870327,5099443,RULE_REFERENCE_FALLBACK
SENS-C,SENS_TP20_T5,fp1sig-344350a148606a882f2c19b9,GE3g1cPNFmxWEja9JLLnVKa7pUhc7oKW1ME88mr9pump,PP-34f2a6379d370a375401a1797d773818,FILLED,FALLBACK,2026-08-28T07:08:47.739051+00:00,,1057860,,2026-08-28T07:08:49.396063+00:00,,1,100000000,2355000,103477458,2398469,3477458,-1276011,3101094,RULE_REFERENCE_FALLBACK
SENS-C,SENS_TP20_T5,fp1sig-36365a706421a511f653d3a1,6aqxWcHE7Swxhbs474Cq6kYZuyB8tju7JojW9gTvpump,PP-1344b63c9839c95b0ad7fa30023903e2,FILLED,FALLBACK,2026-08-28T04:58:05.833337+00:00,,1007226,,2026-08-28T04:58:07.993058+00:00,,1,100000000,2355000,106236554,2432957,6236554,1448597,3615294,RULE_REFERENCE_FALLBACK
SENS-C,SENS_TP20_T5,fp1sig-36bc1514d59fa72e065b9b47,BXvprFuA7WU1bbUokKnDA4vHohumbdeE5sEnF2Xwpump,PP-b086a8bd2730ffcc96b99b7c34a4a26f,FILLED,FALLBACK,2026-08-27T22:36:48.189235+00:00,,887680,,2026-08-27T22:36:53.106831+00:00,,1,100000000,2355000,99429641,2347871,-570359,-5273230,6780965,RULE_REFERENCE_FALLBACK
SENS-C,SENS_TP20_T5,fp1sig-3715341f6a689948747bd740,6Lrr828SoJz7RzGf3wvSmL2Wvdd6s1fgt35NYY66pump,PP-ec0c67e6d015290acdfb3f1010c64f1d,FILLED,FALLBACK,2026-08-28T06:21:52.897420+00:00,,1036799,,2026-08-28T06:22:05.916884+00:00,,1,100000000,2355000,88949889,2216874,-11050111,-15621985,14124584,LAST_FRESH_MARKET
SENS-C,SENS_TP20_T5,fp1sig-37409137d7814adb9d1d8fa2,GvA9DSJm4xanGZ2TbKteaWkmqowTsQGj5GCKh6pYpump,PP-0f7f7c954bd3991e4f58efdc1e537f52,FILLED,FALLBACK,2026-08-28T02:18:57.183080+00:00,,950374,,2026-08-28T02:19:29.679311+00:00,,1,100000000,2355000,96908675,2316359,-3091325,-7762684,33742714,LAST_FRESH_MARKET
SENS-C,SENS_TP20_T5,fp1sig-3778b0bd3505d0e4e939bcfc,74TifhfvCG7P7z9m5bTAngVydXm6h7Zq5N4g3LpptE2d,PP-63b736a25008256cb7c9f16b45e4f8f3,FILLED,FALLBACK,2026-08-28T09:07:18.256407+00:00,,1102212,,2026-08-28T09:07:18.898487+00:00,,1,100000000,2355000,93611835,2275148,-6388165,-11018313,2053449,LAST_FRESH_MARKET
SENS-C,SENS_TP20_T5,fp1sig-37a4fd99918d444479fa5c3f,9tcVQwbzfYNbu2ymBHT9EFDU8a6rk7X95bk72knRpump,PP-fe7d8e8e01332a9e3e263358e9efc43d,FILLED,FALLBACK,2026-08-28T06:05:07.909413+00:00,,1030594,,2026-08-28T06:05:09.697319+00:00,,1,100000000,2355000,99936199,2354203,-63801,-4773004,3482631,LAST_FRESH_MARKET
SENS-C,SENS_TP20_T5,fp1sig-37ec2ec3835e3fae3ca6f798,2gorLvZ9EjU6rbdsgRrxnueoN5fUe63Uy92yaNnYpump,PP-3298adb26df2d53e7927403c322056a6,FILLED,FALLBACK,2026-08-27T16:41:52.077457+00:00,,811635,,2026-08-27T16:41:57.812056+00:00,,1,100000000,2355000,100455081,2360689,455081,-4260608,6640662,LAST_FRESH_MARKET
SENS-C,SENS_TP20_T5,fp1sig-3858a9519cd8f26408366831,CMXyGHo1jLUCMRNRRmqNUr1sjXT3snFSXqdTG3WUpump,PP-fc942537c70fc8ba8d5c12d0f807b382,FILLED,FALLBACK,2026-08-28T03:14:47.612813+00:00,,972238,,2026-08-28T03:14:48.718843+00:00,,1,100000000,2355000,118660028,2588251,18660028,13716777,2909381,RULE_REFERENCE_FALLBACK
SENS-C,SENS_TP20_T5,fp1sig-38e250ff4a84e83f63f91918,2x4iY5AaiGyRfxzHzSY1KzQJ7K82SDqmkMApwbcRpump,PP-1735421578bd4620789379d32f1ef4fb,FILLED,TAKE_PROFIT,2026-08-27T19:40:12.545227+00:00,845468,845483,2026-08-27T19:40:12.545227+00:00,2026-08-27T19:40:15.585802+00:00,,1,100000000,2355000,123560809,2649511,23560809,18556298,3185726,TRIGGER_MARKET
SENS-C,SENS_TP20_T5,fp1sig-3921721c887479d10c2e10f6,6W7wrYfvQU1BPHoSNynQ49LeBNEWRo8yBRWwj7FEpump,PP-b59af24ee6afbced3e0fbe7526badd62,FILLED,FALLBACK,2026-08-27T23:45:20.237369+00:00,,905170,,2026-08-27T23:45:23.083886+00:00,,1,100000000,2355000,129740652,2726759,29740652,24658893,3703023,LAST_FRESH_MARKET
SENS-C,SENS_TP20_T5,fp1sig-39f4f6410c95252fd0ee8619,FRUFjB44XfnHvfirBnxJT5qrk3DyWoLMydFRwMGvpump,PP-4b1c5daa91e739d15e9a07639c32beb1,FILLED,FALLBACK,2026-08-27T22:16:28.041608+00:00,,882189,,2026-08-27T22:16:30.588317+00:00,,1,100000000,2355000,87789932,2202375,-12210068,-16767443,3599395,LAST_FRESH_MARKET
SENS-C,SENS_TP20_T5,fp1sig-3b875247d4ea1bb5fb4fdb17,Ga9qB4Zca7LghZYwsr5nevomPocWfyrSL9AhPLVWMZGA,PP-d9170f28d7d8a0acd5c488267a83c362,UNRESOLVED,FALLBACK,2026-08-28T06:05:36.576189+00:00,,,,,NO_CAUSAL_FILL,0,100000000,2355000,,,,,,RULE_REFERENCE_FALLBACK
SENS-C,SENS_TP20_T5,fp1sig-3c42474712644518b046031a,E6kuLzpXY57mchPDAh9B1zqa1fwq5oavroJtmPqUpump,PP-e32cf858d3702c629a0285098ccde2e9,FILLED,FALLBACK,2026-08-28T03:36:43.783258+00:00,,980324,,2026-08-28T03:36:45.641547+00:00,,1,100000000,2355000,104879338,2415992,4879338,108346,3380758,LAST_FRESH_MARKET
SENS-C,SENS_TP20_T5,fp1sig-3dc93c0a85f7098309bcd00f,EtRoEwxkProfKYr7azw5eU3yUq3q3aMaeYyJZXHVpump,PP-5a083f825b30b03f27776aa476f4c7e3,FILLED,FALLBACK,2026-08-28T05:56:07.056433+00:00,,1028152,,2026-08-28T05:56:12.864085+00:00,,1,100000000,2355000,97895904,2328699,-2104096,-6787795,7517558,RULE_REFERENCE_FALLBACK
SENS-C,SENS_TP20_T5,fp1sig-3e5517d38e5d9d6b4ea476a1,DMYowGeSqxMe8fX9NwPgfyUePspSPjNFEA81fbqtpump,PP-a1e8aa7680b0fafba2765f7264cac93b,UNRESOLVED,FALLBACK,2026-08-27T18:23:08.419352+00:00,,,,,REJECTED_SLIPPAGE,5,100000000,2355000,,,,,,RULE_REFERENCE_FALLBACK
SENS-C,SENS_TP20_T5,fp1sig-3f4ad9b241a881c71ba35b0b,9sRczX8yN18n28zeemNDfKeX73Kraw3rMboGkFCipump,PP-9d2e91a3bd2e67556339aa56e20af25b,FILLED,FALLBACK,2026-08-28T11:38:15.915943+00:00,,1147784,,2026-08-28T11:38:19.357101+00:00,,1,100000000,2355000,141495531,2873695,41495531,36266836,4131907,LAST_FRESH_MARKET
SENS-C,SENS_TP20_T5,fp1sig-40530fff2004411784c2d8f7,5ohKcX5kcxfLhdZ78HK4ZD2deDquZd8VqtqTD6Evpump,PP-31f87b561c9661bbe74a2269ef84fdd1,UNRESOLVED,FALLBACK,2026-08-27T21:30:08.650705+00:00,,,,,NO_CAUSAL_FILL,0,100000000,2355000,,,,,,RULE_REFERENCE_FALLBACK
SENS-C,SENS_TP20_T5,fp1sig-41197d522805a20239c90bfb,9P1ksnPMPU7DLTFcYheAThYnnHXhBgo3cpaxoviRpump,PP-72b05b76e32d06cb4665b2b53622fe52,FILLED,FALLBACK,2026-08-28T01:37:50.675118+00:00,,936476,,2026-08-28T01:37:52.146171+00:00,,1,100000000,2355000,103747397,2401843,3747397,-1009446,3311056,LAST_FRESH_MARKET
SENS-C,SENS_TP20_T5,fp1sig-420ccac0fd1ed5c01fa94fcf,4dxZFZNJ5R5FGEYEdnX66Rz8NQAx79BowePxjb9qpump,PP-c4b1b1dde146a7193d348544b86b2d74,FILLED,FALLBACK,2026-08-28T04:01:52.195578+00:00,,988180,,2026-08-28T04:01:57.171457+00:00,,1,100000000,2355000,98324790,2334060,-1675210,-6364270,6243767,RULE_REFERENCE_FALLBACK
SENS-C,SENS_TP20_T5,fp1sig-424863b32fdc73816563379b,8qCLxD59wbmBFoJ1JRCumKsXMJqDwUUzZPnxe9yTpump,PP-50858bf894fcd08775639959ef808880,UNRESOLVED,FALLBACK,2026-08-28T06:59:56.237185+00:00,,,,,REJECTED_SLIPPAGE,44,100000000,2355000,,,,,,LAST_FRESH_MARKET
SENS-C,SENS_TP20_T5,fp1sig-4283b0acff8351383c790588,ArMx2jui6sRG843wj79922CBzv189U9okywx83y8pump,PP-cf17f650b3b8afaa27578aca55282f51,FILLED,FALLBACK,2026-08-27T13:39:26.291508+00:00,,783139,,2026-08-27T13:39:29.828893+00:00,,1,100000000,2355000,110311755,2483897,10311755,5472858,3691369,RULE_REFERENCE_FALLBACK
SENS-C,SENS_TP20_T5,fp1sig-42e0d3316b5ee098c998a749,49ruM71J9tRi4janMP9SVu7DdtRvESRb24zfgwtCpump,PP-cf92643fcae1ef982460334081268c94,FILLED,FALLBACK,2026-08-28T10:40:26.763341+00:00,,1128270,,2026-08-28T10:40:45.340927+00:00,,1,100000000,2355000,97779469,2327244,-2220531,-6902775,20567054,RULE_REFERENCE_FALLBACK
SENS-C,SENS_TP20_T5,fp1sig-43cfa0b92ba1e8a98feace23,7Q134BRAMnBuExtijx1PKA84cBxt48FZoy3ovyGmpump,PP-60558119087486f559d2613e5c1153ca,FILLED,FALLBACK,2026-08-28T05:10:20.809343+00:00,,1010666,,2026-08-28T05:10:22.951491+00:00,,1,100000000,2355000,113193903,2519924,13193903,8318979,3613279,RULE_REFERENCE_FALLBACK
SENS-C,SENS_TP20_T5,fp1sig-43e5e0c53850af89ed1bb9d0,CxYdznfg3uP3nRD7VZiaicyUd8nHeEFmzsUrADzepump,PP-8d130a1175b3138f81d46ffdc6c57983,FILLED,FALLBACK,2026-08-28T00:50:55.859466+00:00,,923678,,2026-08-28T00:51:01.482156+00:00,,1,100000000,2355000,94778472,2289731,-5221528,-9866259,6721719,RULE_REFERENCE_FALLBACK
SENS-C,SENS_TP20_T5,fp1sig-43ff6c4b331226901bcd9103,EK4ToFX4xHJQvHijkPasyQqRyxEQx3PcVpS9ebuopump,PP-5bd5c90de364db71d5cbc10e7b6f6711,FILLED,FALLBACK,2026-08-27T14:16:02.956862+00:00,,789782,,2026-08-27T14:16:07.721539+00:00,,1,100000000,2355000,101349648,2371871,1349648,-3377223,9057239,LAST_FRESH_MARKET
SENS-C,SENS_TP20_T5,fp1sig-44a399a7b0b1ead55a024380,4mgvNRnLXc8a9QhcUJD158NK1rsWyZh6akejyv93pump,PP-e54bffdf50b56df5103aaf6b332878d0,FILLED,FALLBACK,2026-08-28T05:01:55.477569+00:00,,1008463,,2026-08-28T05:01:59.550240+00:00,,1,100000000,2355000,88550113,2211877,-11449887,-16016764,5853229,LAST_FRESH_MARKET
SENS-C,SENS_TP20_T5,fp1sig-4529fb39add8736d8b5012d9,GWNqGLRxCNdAx7keD14mssr2u3G1RL1HPXxtQQy6pump,PP-0a5b8b3f8997cf05a6f14a9980aa60d9,FILLED,FALLBACK,2026-08-28T03:23:59.140698+00:00,,976064,,2026-08-28T03:24:02.337238+00:00,,1,100000000,2355000,89865338,2228317,-10134662,-14717979,3774889,LAST_FRESH_MARKET
SENS-C,SENS_TP20_T5,fp1sig-4577712b5fdc2f72a0baa5a5,A3j5HhRsLbXYawNvr1dfyprEWDmWELWiYMsneRUrpump,PP-9ada0f41ca311cbb47d3493ef19249a4,FILLED,FALLBACK,2026-08-28T07:09:24.633410+00:00,,1058125,,2026-08-28T07:09:26.894879+00:00,,1,100000000,2355000,85169901,2169624,-14830099,-19354723,3591844,LAST_FRESH_MARKET
SENS-C,SENS_TP20_T5,fp1sig-45c0987dac6c7a27d66b3e5a,5ceGKyRhSDpBUofTK9CSq75tRyUt24iqjqt4CBnzpump,PP-75ce6281821c155285ca741459a37b70,FILLED,FALLBACK,2026-08-28T10:17:46.172083+00:00,,1120529,,2026-08-28T10:17:55.053985+00:00,,1,100000000,2355000,68528190,1961603,-31471810,-35788413,13287678,LAST_FRESH_MARKET
SENS-C,SENS_TP20_T5,fp1sig-46b2c413b2b572eae6a01078,8X9paKipu8zADXqC7UHXsyaCmErCadiHqy7yXh3Dpump,PP-cc123b728692e121aefa2915ce8b52ea,FILLED,TAKE_PROFIT,2026-08-28T04:09:38.997247+00:00,991526,991532,2026-08-28T04:09:38.997247+00:00,2026-08-28T04:09:42.007572+00:00,,1,100000000,2355000,115385927,2547325,15385927,10483602,3070324,TRIGGER_MARKET
SENS-C,SENS_TP20_T5,fp1sig-4782d87ecb379bb45a0b53c4,3AZKWm4P7nsijbTQ9HbVHmUEf9dWL3QDpePEHpZvpump,PP-ddd59997447b48cafe3db9e0cae4c2c2,FILLED,FALLBACK,2026-08-28T11:24:13.369373+00:00,,1143012,,2026-08-28T11:25:27.357990+00:00,,1,100000000,2355000,96733277,2314166,-3266723,-7935889,74961111,RULE_REFERENCE_FALLBACK
SENS-C,SENS_TP20_T5,fp1sig-488050f0f4edd819b3a96275,2HDEFmVus7aKrZoW5jb5ow34W7Hq33vRqFomT3FVpump,PP-db88acd3bea558b428c25459e7f3061b,UNRESOLVED,FALLBACK,2026-08-28T11:46:15.145325+00:00,,,,,REJECTED_SLIPPAGE,172,100000000,2355000,,,,,,RULE_REFERENCE_FALLBACK
SENS-C,SENS_TP20_T5,fp1sig-48f11559b99a3e28c1e646e8,4eZhAhMVnxNxxfQSP2NuLZ6TneWzdq7f9t6xTrDkpump,PP-909fb6b6c5895300f7031c941ed0029f,FILLED,TAKE_PROFIT,2026-08-27T19:29:02.567268+00:00,843405,843415,2026-08-27T19:29:02.567268+00:00,2026-08-27T19:29:05.345867+00:00,,1,100000000,2355000,114725636,2539071,14725636,9831565,2835563,TRIGGER_MARKET
SENS-C,SENS_TP20_T5,fp1sig-491847690df28ca7ce90b18c,7gFCSenSwhjzBvXTGD2j5oohM9WZsQdbTNXUY4wqRyH9,PP-2adb31acc3be7d8140878f89573d672a,FILLED,FALLBACK,2026-08-27T20:28:41.002272+00:00,,854344,,2026-08-27T20:28:43.024070+00:00,,1,100000000,2355000,92216588,2257708,-7783412,-12396120,3786314,RULE_REFERENCE_FALLBACK
SENS-C,SENS_TP20_T5,fp1sig-4950d74f2a458168f8011bf8,7XacgXyg9zUcCAT6bGTPe5LZxfwVqx9mjusZXk2Tpump,PP-db1b123a02ca15c3af3d59f7c69f9f49,FILLED,FALLBACK,2026-08-28T10:57:05.499863+00:00,,1134512,,2026-08-28T10:57:09.152856+00:00,,1,100000000,2355000,72539188,2011740,-27460812,-31827552,7713209,LAST_FRESH_MARKET
SENS-C,SENS_TP20_T5,fp1sig-495f2a48cd55916eb006bac9,5wk7yGJfXyWnxkM77DsExpEU6ZD8DQZpXC38swDfpump,PP-0d4fc14ab180a6de2f2b71708aa41117,FILLED,FALLBACK,2026-08-28T02:27:06.746182+00:00,,952545,,2026-08-28T02:27:12.865320+00:00,,1,100000000,2355000,105423687,2422797,5423687,645890,6671931,LAST_FRESH_MARKET
SENS-C,SENS_TP20_T5,fp1sig-4964521dc819d1f405a44472,5A3ypR3VkhDWrcCLi1xtn6k9Q8gfrQLwoU6mNAqApump,PP-fc67074a15e0b8ebbe7f0d2634a5bf84,FILLED,FALLBACK,2026-08-28T05:00:22.260239+00:00,,1007921,,2026-08-28T05:00:24.326009+00:00,,1,100000000,2355000,96988900,2317362,-3011100,-7683462,3805879,RULE_REFERENCE_FALLBACK
SENS-C,SENS_TP20_T5,fp1sig-4a1e5120b3c7d0adb35a2b84,52MSuT8VjEWqjmNsygcbDSxJEx5moEFiXxceXTEdpump,PP-e47c473e02858ba8ced9b1d8a36fec0a,FILLED,FALLBACK,2026-08-27T20:47:18.946238+00:00,,858139,,2026-08-27T20:47:22.421291+00:00,,1,100000000,2355000,99968783,2354610,-31217,-4740827,3794657,LAST_FRESH_MARKET
SENS-C,SENS_TP20_T5,fp1sig-4a6e6fa63d1b7e7c80390948,8TbTkjTwPAD48ct9jovD3TTRvGE85YJMoDVYQgqjpump,PP-5e142945c95bc7e68406d2f0defda6b9,FILLED,FALLBACK,2026-08-28T03:43:38.964894+00:00,,982443,,2026-08-28T03:43:40.485381+00:00,,1,100000000,2355000,99403730,2347547,-596270,-5298817,3105806,RULE_REFERENCE_FALLBACK
SENS-C,SENS_TP20_T5,fp1sig-4ab403fea399e28e54b2fd02,5B7wxEcA6fSLJRjPS15r45jb8U1Rca8XYuibTtefpump,PP-c56e7d2c638b976ca241ef41b20eba17,FILLED,FALLBACK,2026-08-28T04:07:41.006670+00:00,,991025,,2026-08-28T04:08:00.870329+00:00,REJECTED_THEN_FILLED,7,100000000,2355000,108349297,2459367,8349297,3534930,21912933,LAST_FRESH_MARKET
SENS-C,SENS_TP20_T5,fp1sig-4b50a9f025822af48520e236,CgVpQBProS22drhJ6pYfaMmq1tHnAee14pquehRopump,PP-8f2927c4dccde7a4eec6bdf9625a65ee,UNRESOLVED,FALLBACK,2026-08-28T08:12:22.630541+00:00,,,,,REJECTED_SLIPPAGE,6,100000000,2355000,,,,,,RULE_REFERENCE_FALLBACK
SENS-C,SENS_TP20_T5,fp1sig-4bded69e86b443c3f77f08fe,3DBbsCKC7ospE7BBxUs4ZDMoCa6dAHWPcACHE8Y5pump,PP-19ab201f8bb1be0dfcd1aee369a4312d,FILLED,FALLBACK,2026-08-28T03:41:16.819563+00:00,,981652,,2026-08-28T03:41:22.460186+00:00,,1,100000000,2355000,92435079,2260439,-7564921,-12180360,7004407,LAST_FRESH_MARKET
SENS-C,SENS_TP20_T5,fp1sig-4c6f86df2d3c03c2bbb5ce77,FJKwAnFCCfxMCbsiyiBjbotMjF6CNrGF1yyJRQ2Kpump,PP-82fea8847088594a7a5c2d3b73f65ac3,FILLED,FALLBACK,2026-08-27T23:04:24.680430+00:00,,894656,,2026-08-27T23:04:30.303327+00:00,,1,100000000,2355000,98225735,2332822,-1774265,-6462087,7674122,LAST_FRESH_MARKET
SENS-C,SENS_TP20_T5,fp1sig-4e49923d8fd513a76f2f2a63,25FxjzGgyB5mqg73rsMsyKwcDNPCku8o3YsrP9kYpump,PP-4d7b2b4dc881f59f11e9e2119c1ec607,FILLED,FALLBACK,2026-08-28T06:44:20.547782+00:00,,1046794,,2026-08-28T06:44:22.138044+00:00,,1,100000000,2355000,160476354,3110955,60476354,55010399,3423390,LAST_FRESH_MARKET
SENS-C,SENS_TP20_T5,fp1sig-4e52cd25a257c6d3228128d6,9TAvqt6kXKSoapeqND9SnaxC2f55VYNgiZkckutxpump,PP-3cd81e0bde5f875c4d03a54232b85700,FILLED,FALLBACK,2026-08-28T11:19:39.336189+00:00,,1140730,,2026-08-28T11:19:43.962289+00:00,,1,100000000,2355000,106423700,2435297,6423700,1633403,8928177,RULE_REFERENCE_FALLBACK
SENS-C,SENS_TP20_T5,fp1sig-4eeee0457df128b9c2020290,J2mvi7WEBiKqXoGULtfUdZV2iLHjDh2WDL4n5Bphpump,PP-5c3ceffc18e8e8fda4abf96e7a821683,FILLED,FALLBACK,2026-08-28T07:38:33.837949+00:00,,1071374,,2026-08-28T07:38:35.347673+00:00,,1,100000000,2355000,96926384,2316580,-3073616,-7745196,3284971,LAST_FRESH_MARKET
SENS-C,SENS_TP20_T5,fp1sig-4f15130c9d348bf858e4339a,DH2s5yfFrDsixfxdKUjrc5vjtoJqDQEqg77mHuvapump,PP-2c0f070d5017a01549fe51c62fec9ba9,FILLED,FALLBACK,2026-08-28T04:52:02.517467+00:00,,1005824,,2026-08-28T04:52:04.120814+00:00,REJECTED_THEN_FILLED,2,100000000,2355000,97916076,2328951,-2083924,-6767875,3253098,RULE_REFERENCE_FALLBACK
SENS-C,SENS_TP20_T5,fp1sig-5008fd6ae187c799467db605,n86k5NfmN5kmWP3e7kx2uRChrVPqpJEs3rkXQYopump,PP-87e6dd5be51e96f2af91513c13e65a56,FILLED,FALLBACK,2026-08-28T02:57:48.936371+00:00,,965507,,2026-08-28T02:57:49.879676+00:00,,1,100000000,2355000,122684516,2638557,22684516,17690959,2618046,RULE_REFERENCE_FALLBACK
SENS-C,SENS_TP20_T5,fp1sig-501c012bf929d20d7f74a830,DUBJADQGukbsdZQEkj4rGFPEeJukBvUqQqM7LmR1pump,PP-6dff524a1c49e84b5094f99ecd2461f4,FILLED,TAKE_PROFIT,2026-08-28T08:18:33.405744+00:00,1087476,1087481,2026-08-28T08:18:33.405744+00:00,2026-08-28T08:18:37.781402+00:00,,1,100000000,2355000,121607429,2625093,21607429,16627336,4661989,TRIGGER_MARKET
SENS-C,SENS_TP20_T5,fp1sig-509ee02b9abec8b5ec6d03d0,ABNdSShokJ5DmRhY8sKheSRdoFQYusgRu2QfKxCVpump,PP-6b22bc5c069b8864cdcc5f1abe2ab7a1,FILLED,FALLBACK,2026-08-28T10:53:53.599353+00:00,,1133384,,2026-08-28T10:53:57.387412+00:00,,1,100000000,2355000,95742517,2301782,-4257483,-8914265,8280652,LAST_FRESH_MARKET
SENS-C,SENS_TP20_T5,fp1sig-517a3a9b6cdb6fd797523ffd,9roapEzRTZZVH5rHHYczx5Snh8tHxedHjSYfdornpump,PP-d5630770b4f07cafad441c4aa6085655,FILLED,FALLBACK,2026-08-27T21:17:22.410656+00:00,,865953,,2026-08-27T21:17:26.194622+00:00,,1,100000000,2355000,91320370,2246505,-8679630,-13281135,4514960,RULE_REFERENCE_FALLBACK
SENS-C,SENS_TP20_T5,fp1sig-53605e3d6ea7059ab72ce729,GLp3C72fdm2n1scxVU47vdsACPX69dqM31rZhAMxpump,PP-e6c5de1f9123704d29543351442d55d5,FILLED,FALLBACK,2026-08-28T11:41:39.401698+00:00,,1148952,,2026-08-28T11:41:43.195733+00:00,,1,100000000,2355000,97237713,2320472,-2762287,-7437759,6194194,RULE_REFERENCE_FALLBACK
SENS-C,SENS_TP20_T5,fp1sig-540990d621a32711205eb7d8,2amyBe1hPnusYxqGzpreMWUUTVUjT2tSqMH9AcEWpump,PP-9dd748cc9679bcd721285a70873c8cf5,FILLED,FALLBACK,2026-08-28T11:29:49.215645+00:00,,1144691,,2026-08-28T11:29:52.425039+00:00,REJECTED_THEN_FILLED,2,100000000,2355000,81637731,2125472,-18362269,-22842741,4281041,RULE_REFERENCE_FALLBACK
SENS-C,SENS_TP20_T5,fp1sig-543853283c113e28b5f7b3d2,GHs316axozAwF7C4obW7S9BRsGz6h1ZmejxnT8yNpump,PP-77f0ad3f61762eb1519ee31366f5f8e6,FILLED,FALLBACK,2026-08-27T19:16:10.804089+00:00,,840919,,2026-08-27T19:16:11.958317+00:00,,1,100000000,2355000,109732024,2476651,9732024,4900373,3209333,LAST_FRESH_MARKET
SENS-C,SENS_TP20_T5,fp1sig-5582bf5f70b8432b082bd871,5Ydm1kF9mGui4uncHfe3pJdkj3hfTtqfmJJvnWZDpump,PP-a48bfef53cf90fa4700e8bf1db20e952,FILLED,FALLBACK,2026-08-28T07:43:48.946935+00:00,,1073555,,2026-08-28T07:43:50.784744+00:00,,1,100000000,2355000,107660665,2450759,7660665,2854906,3424819,LAST_FRESH_MARKET
SENS-C,SENS_TP20_T5,fp1sig-55b07ca16ee8041e9575a22e,22AJZk3ExdDvfJ84ch4HKvcQoKPdnW5AoHgQuMxPpump,PP-05906d8dc646fda41f282fa0a08b0609,FILLED,FALLBACK,2026-08-28T07:25:17.575026+00:00,,1065390,,2026-08-28T07:25:19.578528+00:00,,1,100000000,2355000,90978309,2242229,-9021691,-13618920,3920445,RULE_REFERENCE_FALLBACK
SENS-C,SENS_TP20_T5,fp1sig-55c33284347bc3b37084c6b8,m6kgz7FRjyjvUgrmKMqWHnzhWrP8E45b7rMq1uzpump,PP-bd3e1b78df5b9484c21e2e697289861e,FILLED,FALLBACK,2026-08-27T22:24:43.808109+00:00,,884786,,2026-08-27T22:24:46.036051+00:00,,1,100000000,2355000,81512099,2123902,-18487901,-22966803,3369378,LAST_FRESH_MARKET
SENS-C,SENS_TP20_T5,fp1sig-5628dc6478a533919f077a5c,HNCoqgoWYgredFWMuTkSvc6uauuEpdoHHr2bYfwdpump,PP-d9c30d4b8b728d50d2dddfcba178fdda,FILLED,FALLBACK,2026-08-28T11:54:25.572395+00:00,,1152822,,2026-08-28T11:54:29.380007+00:00,,1,100000000,2355000,101457100,2373214,1457100,-3271114,5481014,LAST_FRESH_MARKET
SENS-C,SENS_TP20_T5,fp1sig-569ab1ba92f720535c3a630b,EoPHieRvhbPjyAwGj2r2NGa8RnQA2C85oQT9urxmpump,PP-2f54c5e410dbe001a94f87e354fb5b79,FILLED,FALLBACK,2026-08-28T00:23:59.508302+00:00,,916785,,2026-08-28T00:24:01.499340+00:00,,1,100000000,2355000,105849816,2428123,5849816,1066693,3724506,LAST_FRESH_MARKET
SENS-C,SENS_TP20_T5,fp1sig-56a1b99ecea75a9b6eb8cead,CBtjgD5t37fELJC3RgLnSLBtenJmuhWAPDxTWmEkpump,PP-de1126af75194de171c60dc57f6b2a94,FILLED,FALLBACK,2026-08-28T04:04:54.397743+00:00,,989857,,2026-08-28T04:05:22.654389+00:00,REJECTED_THEN_FILLED,16,100000000,2355000,89978854,2229736,-10021146,-14605882,30013356,RULE_REFERENCE_FALLBACK
SENS-C,SENS_TP20_T5,fp1sig-56e33b07569649f53916d37a,Ca6tBRAz5SRtJQ6cR7Ft7Avz8YUcNpdHE19EZ5y1pump,PP-fbaa7c44e41d015857d9cc808f71be44,FILLED,FALLBACK,2026-08-27T14:34:08.004789+00:00,,792214,,2026-08-27T14:34:12.921429+00:00,,1,100000000,2355000,102762229,2389528,2762229,-1982299,6856639,LAST_FRESH_MARKET
SENS-C,SENS_TP20_T5,fp1sig-56eeebd30f30005054e2268b,9EVrUPGhmCxmJK9oxUAfYXe2TStR52tKCEZmdvrmpump,PP-cc2a14b2d5bc89de63370f6b90d6f853,FILLED,FALLBACK,2026-08-28T07:28:00.022056+00:00,,1066511,,2026-08-28T07:28:02.065820+00:00,,1,100000000,2355000,101471946,2373400,1471946,-3256454,3710678,LAST_FRESH_MARKET
SENS-C,SENS_TP20_T5,fp1sig-572891be3b33cfcf7cbbdef4,5JYPptLZjK2jjSnuXHmhb6v231XhWPBkFn9vELaJpump,PP-ad804fe2b7ce6c9b810869f616b7aeb1,FILLED,FALLBACK,2026-08-27T17:59:58.503415+00:00,,825125,,2026-08-27T18:00:01.917317+00:00,,1,100000000,2355000,100350891,2359387,350891,-4363496,4868938,RULE_REFERENCE_FALLBACK
SENS-C,SENS_TP20_T5,fp1sig-57a3f9d10cf681c6f454e5f8,EK8H3MHSD4XvxqdSjkbgv3MFqCQ4uw2yGt5z1Srepump,PP-0c226ff527da1a599d8bf3b590b63329,FILLED,FALLBACK,2026-08-28T10:12:41.734136+00:00,,1118740,,2026-08-28T10:12:46.415587+00:00,,1,100000000,2355000,107681243,2451016,7681243,2875227,5735945,LAST_FRESH_MARKET
SENS-C,SENS_TP20_T5,fp1sig-5804ef00a96286df94f94461,86qgV9m8rn5vsN5Uwq9r4nKZJypsTQ8Cp7Lx5DXnpump,PP-128a022191293f22f7d966b30ac665ae,FILLED,FALLBACK,2026-08-28T01:11:58.586412+00:00,,928046,,2026-08-28T01:12:00.393262+00:00,,1,100000000,2355000,100076833,2355961,76833,-4634128,3591291,LAST_FRESH_MARKET
SENS-C,SENS_TP20_T5,fp1sig-59ca9ef809e1ad7fd140e1c8,A9QkvHj118T63W4fzWw3rgQ2fbjVKsnyfL7x6H7apump,PP-8ace8b9a3a04dc505a2c73ae91e884e1,FILLED,FALLBACK,2026-08-28T04:04:57.538036+00:00,,989702,,2026-08-28T04:05:00.018766+00:00,REJECTED_THEN_FILLED,2,100000000,2355000,142097784,2881223,42097784,36861561,3835532,LAST_FRESH_MARKET
SENS-C,SENS_TP20_T5,fp1sig-5bf0da072a02e518c9bc016a,9B2pRNhkpwFHrbtV3H6UZRjhhynkZikdZ7wXqAf1monk,PP-3f10ef6df13d3c3b9e14dc3d43e32ca6,FILLED,FALLBACK,2026-08-28T01:15:35.932056+00:00,,929014,,2026-08-28T01:15:38.031744+00:00,,1,100000000,2355000,99841963,2353025,-158037,-4866062,3577075,LAST_FRESH_MARKET
SENS-C,SENS_TP20_T5,fp1sig-5d3d665e711191fa751d8707,CSgQNMfrAH38VsXuMCTRq3GemayZXk4R9q7s4Urkpump,PP-0984f9ea4fd4a962918b4a90dd27ece9,FILLED,FALLBACK,2026-08-28T05:51:42.732919+00:00,,1026451,,2026-08-28T05:51:44.094317+00:00,,1,100000000,2355000,76987155,2067340,-23012845,-27435185,3137593,LAST_FRESH_MARKET
SENS-C,SENS_TP20_T5,fp1sig-5d8b13c9c91374b57c858078,F66am9H2rd4c2V32MAyxmnXETR9zN8ypZoeq7Dfrpump,PP-6787f8f2d98145122def316fdef5a81b,FILLED,FALLBACK,2026-08-28T04:14:30.972811+00:00,,992685,,2026-08-28T04:14:32.804470+00:00,,1,100000000,2355000,94559825,2286998,-5440175,-10082173,3895389,RULE_REFERENCE_FALLBACK
SENS-C,SENS_TP20_T5,fp1sig-5da3e0b729b9886bb5af5cb2,HZJK8yQATinLJSsj6RJvPZAim8ezdPNpsu6ZX7Tipump,PP-df5efae5840acc06d23b786b72078888,FILLED,FALLBACK,2026-08-27T21:41:16.551167+00:00,,872325,,2026-08-27T21:41:18.176344+00:00,,1,100000000,2355000,98562708,2337034,-1437292,-6129326,3478121,LAST_FRESH_MARKET
SENS-C,SENS_TP20_T5,fp1sig-5dc0125ed4c84d8566672d8a,FjJeEwJ57TLRjyGN6SYht8gH1u1DYChkAu89i7aUpump,PP-860270f97035203ad08ec54677922b42,UNRESOLVED,FALLBACK,2026-08-28T07:38:16.389930+00:00,,,,,REJECTED_SLIPPAGE,9,100000000,2355000,,,,,,RULE_REFERENCE_FALLBACK
SENS-C,SENS_TP20_T5,fp1sig-5e405f98a0659954c9e4f245,6tNFoXAoQVqGjCEHzehbC8FgFc7Cskkt6wprdVLApump,PP-b2f5860db4e3c36e700c726605a990ff,FILLED,FALLBACK,2026-08-28T04:40:45.038427+00:00,,1001258,,2026-08-28T04:40:46.633581+00:00,,1,100000000,2355000,112396569,2509958,12396569,7531611,3223431,LAST_FRESH_MARKET
SENS-C,SENS_TP20_T5,fp1sig-5e85d4e7a056bd7f5a67e788,9ANs7fXZXTYy41zTW6ibD1niC4fqoEvxij8AuCnFpump,PP-9c5651733692f8bfdc3ccd5b6a52e50e,FILLED,FALLBACK,2026-08-28T03:19:45.524322+00:00,,974140,,2026-08-28T03:19:50.738810+00:00,,1,100000000,2355000,90497927,2236225,-9502073,-14093298,6622649,LAST_FRESH_MARKET
SENS-C,SENS_TP20_T5,fp1sig-600fe35ee8aab4dce6a76fee,Sa5DTCmaJCyDfGNvm8CkxwtTM6Jgu7X6g3kdEKrpump,PP-cfb5ad375229bf1046affea8a47bab5f,FILLED,FALLBACK,2026-08-28T09:28:54.344079+00:00,,1106873,,2026-08-28T09:29:09.683017+00:00,,1,100000000,2355000,97761087,2327014,-2238913,-6920927,15547523,RULE_REFERENCE_FALLBACK
SENS-C,SENS_TP20_T5,fp1sig-605de7421604cae2c423d7d3,7vWaFVC8HWfZE97umKp3skY96DbDVgdyYAHqgooHpump,PP-e8378d6a36bf9a398a4ddbd25d1736f0,FILLED,FALLBACK,2026-08-27T23:55:19.482207+00:00,,908653,,2026-08-27T23:55:21.729245+00:00,,1,100000000,2355000,98117908,2331474,-1882092,-6568566,3477780,RULE_REFERENCE_FALLBACK
SENS-C,SENS_TP20_T5,fp1sig-60dcc5fec8446cb38ab9b66e,5FBK3U4Q7uR3XStVAEZHSop9Wo3AyBkN9CjS3xJFpump,PP-598cb5de6205f7b953814af0defd9835,FILLED,FALLBACK,2026-08-28T01:43:42.550546+00:00,,938227,,2026-08-28T01:43:46.024857+00:00,,1,100000000,2355000,96912261,2316404,-3087739,-7759143,3538171,RULE_REFERENCE_FALLBACK
SENS-C,SENS_TP20_T5,fp1sig-614ece51c284800ca1887859,5b2RVyk8xtUtYJTmQXWKLeZbAt2V3KC9mco542kApump,PP-4765a04de2156f8de76f11b8ff9ddd5e,FILLED,FALLBACK,2026-08-28T08:00:16.585051+00:00,,1080028,,2026-08-28T08:00:19.291640+00:00,,1,100000000,2355000,108121074,2456514,8121074,3309560,3625466,LAST_FRESH_MARKET
SENS-C,SENS_TP20_T5,fp1sig-6183a5abb63fa8083668cfcf,8WkCAVddYrEgNTm4qcPcY4KWcjLKe1fxcLvqgEnppump,PP-e05600ce9b3c2cdc880b2c3039bcae53,FILLED,FALLBACK,2026-08-28T07:11:54.786072+00:00,,1059234,,2026-08-28T07:12:00.884217+00:00,,1,100000000,2355000,100158071,2356976,158071,-4553905,7199964,RULE_REFERENCE_FALLBACK
SENS-C,SENS_TP20_T5,fp1sig-62140a1abf6fb664bebf9228,9dpqWx5hQg4Bk7amL8GcEmTJbwsw8CucNNMDDzPppump,PP-d8d7a7549ebce29c5b2b322a3deb66a4,FILLED,FALLBACK,2026-08-27T22:26:08.121447+00:00,,885247,,2026-08-27T22:26:10.627022+00:00,,1,100000000,2355000,111289541,2496120,11289541,6438421,3853568,LAST_FRESH_MARKET
SENS-C,SENS_TP20_T5,fp1sig-625067842bd91ea2fbec6be8,8CLPkSTnoSA48Dy7iFPFBJ5vt3aTFZveHssWkHEWpump,PP-5bfb589b132f3cedd5758e0604113d2c,FILLED,FALLBACK,2026-08-27T20:46:24.874280+00:00,,857906,,2026-08-27T20:46:26.812249+00:00,,1,100000000,2355000,95703786,2301298,-4296214,-8952512,3797179,LAST_FRESH_MARKET
SENS-C,SENS_TP20_T5,fp1sig-6255325e3a032afe51dc4634,Gp9wRzpuqt2GRqup24Q2jW7LcnjHY2ag3sTM6bPipump,PP-c4810dd680749d39afd0a3e1e60fc160,FILLED,FALLBACK,2026-08-28T06:32:32.571046+00:00,,1041322,,2026-08-28T06:32:37.617856+00:00,,1,100000000,2355000,99548198,2349353,-451802,-5156155,5927276,RULE_REFERENCE_FALLBACK
SENS-C,SENS_TP20_T5,fp1sig-62e473e3935a34152e63017e,DeQESRnwZSUKvbizrvq9CMQvda2ZFCD1GQgxgx3bPxta,PP-36111d08e8a5e193b92db59f73905e1c,FILLED,TAKE_PROFIT,2026-08-27T17:06:01.655926+00:00,815101,815103,2026-08-27T17:06:01.655926+00:00,2026-08-27T17:06:02.189263+00:00,,1,100000000,2355000,121686245,2626079,21686245,16705166,598388,TRIGGER_MARKET
SENS-C,SENS_TP20_T5,fp1sig-63233128f0ca6a7516da4b01,DRH7DtLJeRX25dXxu53CjX8FFyM3E11z9TxHCHDppump,PP-2a45280f8a424b856753c0ece88e4ae4,FILLED,FALLBACK,2026-08-27T13:57:52.666865+00:00,,786416,,2026-08-27T13:57:54.771417+00:00,,1,100000000,2355000,106475592,2435945,6475592,1684647,3657461,LAST_FRESH_MARKET
SENS-C,SENS_TP20_T5,fp1sig-64732a9ac0dc61e06a0efe57,G1xVZ8onzeCMHCzPKbP5YH9buS8fRUmmcAADtL4opump,PP-4d53aa1988af953b490b9d961d87d7a8,FILLED,FALLBACK,2026-08-28T08:32:04.900100+00:00,,1093185,,2026-08-28T08:32:07.300284+00:00,,1,100000000,2355000,92164938,2257062,-7835062,-12447124,3789530,RULE_REFERENCE_FALLBACK
SENS-C,SENS_TP20_T5,fp1sig-64a1ca304eaa17eccb262e51,V7UFEznvGhFqufxhPEu8UjAQ5JAT3K8n2fJfypYpump,PP-2520234aeb608dccb3f021a2ab1fc095,UNRESOLVED,FALLBACK,2026-08-28T04:07:04.175826+00:00,,,,,REJECTED_SLIPPAGE,24,100000000,2355000,,,,,,LAST_FRESH_MARKET
SENS-C,SENS_TP20_T5,fp1sig-6536b85fb11c677435349135,5YUCjjcvvCe295XeGcXCQJYwrHTa7nJYTtGajKGfpump,PP-4b81de9c3df6ec233d4ea1807da426e3,FILLED,FALLBACK,2026-08-27T20:43:43.827379+00:00,,857302,,2026-08-27T20:43:52.595719+00:00,,1,100000000,2355000,99263585,2345795,-736415,-5437210,9912556,LAST_FRESH_MARKET
SENS-C,SENS_TP20_T5,fp1sig-658242162b4ad6bb86bdf698,9vucFyWpeziPe1pVmueLThoUYfYEnzNHaAffTTeRpump,PP-dd5a10bc4235be751fdddb39ee61f493,FILLED,FALLBACK,2026-08-28T10:38:50.473713+00:00,,1127687,,2026-08-28T10:39:04.959607+00:00,,1,100000000,2355000,105524932,2424062,5524932,745870,16469831,LAST_FRESH_MARKET
SENS-C,SENS_TP20_T5,fp1sig-66886437a1b5be345f7fc9a0,5Dqz5n5oNX3f9gwjhJExMDrxnqU4a6KZCPavXDQrpump,PP-1a88c59074f33a6872f2b5979d0744ef,FILLED,FALLBACK,2026-08-28T02:35:17.913949+00:00,,955560,,2026-08-28T02:35:19.688870+00:00,,1,100000000,2355000,99692810,2351161,-307190,-5013351,3326676,RULE_REFERENCE_FALLBACK
SENS-C,SENS_TP20_T5,fp1sig-67813c52b9f6f609fafb029a,2KXmSt5VpKWwo5NyehQzLaAHRgJmUMeHnweJQP1npump,PP-d4a79f3cd31d28bf2494832b2cda9d56,FILLED,FALLBACK,2026-08-28T06:19:48.362539+00:00,,1036113,,2026-08-28T06:20:01.817031+00:00,REJECTED_THEN_FILLED,2,100000000,2355000,98771436,2339643,-1228564,-5923207,15448392,RULE_REFERENCE_FALLBACK
SENS-C,SENS_TP20_T5,fp1sig-692838d02c38be63b3adbc1e,486bYPM3VTT4gx5dZR6NpGGFUEEasKxV8ZV6GCWYpump,PP-f4afd74c596fb5053e4e5bd305ebcb6b,FILLED,FALLBACK,2026-08-27T19:21:53.559489+00:00,,841930,,2026-08-27T19:21:56.035636+00:00,,1,100000000,2355000,100718621,2363983,718621,-4000362,3862586,RULE_REFERENCE_FALLBACK
SENS-C,SENS_TP20_T5,fp1sig-6a0ecfdb74c0a5580d066979,8r5toTFR35eosbBcFyMZnXkFdWTPnrtPi1pFXgy8pump,PP-f39ff152cad9781ebc06c8143f5259b6,FILLED,FALLBACK,2026-08-28T06:49:33.584182+00:00,,1048959,,2026-08-28T06:49:35.546030+00:00,,1,100000000,2355000,91268935,2245862,-8731065,-13331927,3241982,LAST_FRESH_MARKET
SENS-C,SENS_TP20_T5,fp1sig-6b16aacd7c718bf76f9cfd81,2KEujGQzV6RPjrD5e9TLqY3Tbk1GC1ukWrR8JHEypump,PP-1aa4e94ace64a0f0ba2b2f1279008421,FILLED,FALLBACK,2026-08-28T04:02:36.321168+00:00,,988568,,2026-08-28T04:02:48.659848+00:00,,1,100000000,2355000,122314584,2633933,22314584,17325651,13615908,RULE_REFERENCE_FALLBACK
SENS-C,SENS_TP20_T5,fp1sig-6b604dc0915dc3b10b2fd346,irvJgRAyhvmfGyBwk9PvW33FTV3hkf5uWn9zaG2pump,PP-9d3d534afe432f97288707e1968a5cf9,FILLED,FALLBACK,2026-08-28T00:48:28.767965+00:00,,923207,,2026-08-28T00:48:36.527856+00:00,,1,100000000,2355000,97300109,2321252,-2699891,-7376143,10238468,RULE_REFERENCE_FALLBACK
SENS-C,SENS_TP20_T5,fp1sig-6b6075459953c9b461a39593,9xGXbhjjUhzVaPSVakSrNxv1ndf7GSagrPUMzvphpump,PP-baf529f3a0f2327195bb169437c3a79e,FILLED,FALLBACK,2026-08-28T08:29:46.562671+00:00,,1092161,,2026-08-28T08:29:52.383206+00:00,,1,100000000,2355000,103057051,2393214,3057051,-1691163,7326452,RULE_REFERENCE_FALLBACK
SENS-C,SENS_TP20_T5,fp1sig-6bee0f7bbca6be5e98f90cd1,FyygAVhDKygx9KpqWoxk6rkn3HUEmHB7cEVFFWBDpump,PP-618f781c2d4a1b6344dbfdebdbd2805e,FILLED,FALLBACK,2026-08-28T11:57:46.819992+00:00,,1153798,,2026-08-28T11:57:50.676539+00:00,,1,100000000,2355000,99978136,2354727,-21864,-4731591,4528283,LAST_FRESH_MARKET
SENS-C,SENS_TP20_T5,fp1sig-6c1cc654d4840250ce9e51c3,BUb9Nyres1gQyTAAhLor6vEVvn5krUoDRGtWdr3pump,PP-2ee1df6abce5f228171f0cb059a0c2ad,FILLED,FALLBACK,2026-08-28T07:09:28.353036+00:00,,1058171,,2026-08-28T07:09:30.197426+00:00,,1,100000000,2355000,135163476,2794544,35163476,30013932,3410544,LAST_FRESH_MARKET
SENS-C,SENS_TP20_T5,fp1sig-6d5afd675649cedb485c8442,25G5htngUfr1zUpEZtUKvagNe4JwDvW4WeiaWP1hpump,PP-fe8bc75dea2135d88c9a66a53cfa8cf3,FILLED,FALLBACK,2026-08-28T07:33:42.864159+00:00,,1068970,,2026-08-28T07:33:44.777220+00:00,,1,100000000,2355000,121302837,2621286,21302837,16326551,3225865,LAST_FRESH_MARKET
SENS-C,SENS_TP20_T5,fp1sig-6d67f5ef3b8845fc3a998d8e,3ZymrFTh6yySGm9ue4NMXK4wv4RF8XkkGGE1tumnpump,PP-1d36702e6ee505fbf6aa0f39a33c0d9f,FILLED,TAKE_PROFIT,2026-08-28T10:07:20.153692+00:00,1116676,1116680,2026-08-28T10:07:20.153692+00:00,2026-08-28T10:07:24.190050+00:00,,1,100000000,2355000,108696537,2463707,8696537,3877830,4465357,TRIGGER_MARKET
SENS-C,SENS_TP20_T5,fp1sig-6dc1107e8abd889a9cf44a30,FkULkAQaPvxQ8zs4CMDqner8eZy8fcJEG737sqzLpump,PP-da76583856dc6163f81a98b19d7f55a4,FILLED,FALLBACK,2026-08-28T03:59:47.678179+00:00,,987498,,2026-08-28T03:59:49.103706+00:00,,1,100000000,2355000,115135027,2544188,15135027,10235839,3017982,RULE_REFERENCE_FALLBACK
SENS-C,SENS_TP20_T5,fp1sig-6ddc09f7cecf656a8efe8853,CDBF5NDF97LYShF9Bm7LjaYFtn2UHBSWFuY17FXvpump,PP-9347922025bb7f6bfdcdbb5f581e762f,FILLED,FALLBACK,2026-08-28T01:41:48.840392+00:00,,937593,,2026-08-28T01:41:50.677319+00:00,,1,100000000,2355000,99984859,2354811,-15141,-4724952,2927495,RULE_REFERENCE_FALLBACK
SENS-C,SENS_TP20_T5,fp1sig-6e021424be8a232194ec003f,2qYVXSHFivgwHw4JxpHLqqpSy6xDg892D38jWqPopump,PP-360c71818e59255fa03adc83292315e6,FILLED,FALLBACK,2026-08-28T02:46:37.128118+00:00,,960123,,2026-08-28T02:46:38.523956+00:00,,1,100000000,2355000,110339184,2484240,10339184,5499944,2856236,RULE_REFERENCE_FALLBACK
SENS-C,SENS_TP20_T5,fp1sig-6e088dbf221e35034b84b644,CDyx79J8W57oSEcZ6iG5ry3MMoW9RTbgd4C4QvRmpump,PP-d9ed6ea2a595a063bed07962bd2a823c,FILLED,FALLBACK,2026-08-28T12:01:23.433114+00:00,,1154944,,2026-08-28T12:01:27.649018+00:00,,1,100000000,2355000,99151339,2344392,-848661,-5548053,6027668,LAST_FRESH_MARKET
SENS-C,SENS_TP20_T5,fp1sig-6edfeef52dfb25460eee9304,9pH7yCQSNGJfRHWbj69cPHiipMpYBHK3gTwo75Aqpump,PP-b73201969be982db5d3b2cbf0be884ac,FILLED,FALLBACK,2026-08-27T18:33:25.106374+00:00,,831948,,2026-08-27T18:33:27.518861+00:00,,1,100000000,2355000,99024425,2342806,-975575,-5673381,3149537,RULE_REFERENCE_FALLBACK
SENS-C,SENS_TP20_T5,fp1sig-7054639bdc8d889acf657ca1,8kj7UPsGChVLy458oU7N89qJ5ZhUW2Acn2TyffBrpump,PP-38fdb8d9f83065df29237b9ffdeb3aa8,FILLED,FALLBACK,2026-08-28T05:23:03.217582+00:00,,1014675,,2026-08-28T05:23:26.352631+00:00,,1,100000000,2355000,99707247,2351341,-292753,-4999094,24564620,RULE_REFERENCE_FALLBACK
SENS-C,SENS_TP20_T5,fp1sig-70a798b145481b35b90135c7,J58uwcpCU3vpomu5bmx23XNNzLDnTDw3GQgGQ1Jepump,PP-c4d5da29d33c2a6f1b4dd2303f539d68,FILLED,FALLBACK,2026-08-28T08:03:18.769305+00:00,,1081495,,2026-08-28T08:03:21.373639+00:00,,1,100000000,2355000,85266899,2170837,-14733101,-19258938,3986056,LAST_FRESH_MARKET
SENS-C,SENS_TP20_T5,fp1sig-71651ea589fb3aab8bb9ddf0,7B7WMeD2gC8dMeRWStFyFd5TaV8ZnvjHuVX77D6Bpump,PP-9368defc84e92f6aa3e44a0871c1efb9,FILLED,FALLBACK,2026-08-28T03:42:06.434182+00:00,,981876,,2026-08-28T03:42:09.184935+00:00,,1,100000000,2355000,98101902,2331274,-1898098,-6584372,4195398,LAST_FRESH_MARKET
SENS-C,SENS_TP20_T5,fp1sig-716ca9c72f539872f1bf838b,GEPMh9EaRvQUA3Lwjg5JWCZuXfSG7uhQpdzgXPmzpump,PP-0d53101dcda325bb838e54ee083299f5,FILLED,FALLBACK,2026-08-28T04:02:29.369873+00:00,,988424,,2026-08-28T04:02:31.324168+00:00,,1,100000000,2355000,104666495,2413332,4666495,-101837,3836174,LAST_FRESH_MARKET
SENS-C,SENS_TP20_T5,fp1sig-725cdb49b5aeec033e7ee613,5ozpq6zD5GZu8QBWaudhcPPpmdteG7cZqN33veo5pump,PP-065fd8a25dcc6afea25fe874316c1bc4,FILLED,FALLBACK,2026-08-28T02:54:58.272674+00:00,,964072,,2026-08-28T02:54:59.563935+00:00,,1,100000000,2355000,114291260,2533641,14291260,9402619,2883548,RULE_REFERENCE_FALLBACK
SENS-C,SENS_TP20_T5,fp1sig-734451ec01f0ac5b5c74d137,7We7nhjShATyKPaumiLGrQhWbndTmPMzpTLd1F68pump,PP-59ddad41ddef3af599d89474e24e319d,FILLED,FALLBACK,2026-08-28T00:43:49.778000+00:00,,922071,,2026-08-28T00:43:51.926998+00:00,,1,100000000,2355000,96538085,2311727,-3461915,-8128642,3218834,LAST_FRESH_MARKET
SENS-C,SENS_TP20_T5,fp1sig-736c4e110644b3b12bc1620d,GhKubygGX92vSDpZQPGddJpApyyWzx74saXhSb4ppump,PP-2cf9932817aff3f50ab064f20de6acc4,FILLED,TAKE_PROFIT,2026-08-28T11:46:51.342058+00:00,1150658,1150677,2026-08-28T11:46:51.342058+00:00,2026-08-28T11:46:52.103405+00:00,,1,100000000,2355000,117332843,2571661,17332843,12406182,811867,TRIGGER_MARKET
SENS-C,SENS_TP20_T5,fp1sig-73cfd3f7b073110cd9de84d9,9V2W3sJ7oLeVxXNUmFTR8LER1UxR1nzjjk66xJDApump,PP-a6b292d061faa1872c33965afcb4a803,FILLED,FALLBACK,2026-08-28T04:46:01.055719+00:00,,1003218,,2026-08-28T04:46:02.515450+00:00,,1,100000000,2355000,98085229,2331066,-1914771,-6600837,3198955,RULE_REFERENCE_FALLBACK
SENS-C,SENS_TP20_T5,fp1sig-75b350dcfc1cddef9b424dde,7NWF5HV5qSYNveYQ6iz3gh79MGBGFfz8pBTL914rpump,PP-fc80ce3be21a9e3588df3851f5938934,FILLED,FALLBACK,2026-08-27T22:03:26.176471+00:00,,878091,,2026-08-27T22:03:29.440448+00:00,,1,100000000,2355000,94473507,2285919,-5526493,-10167412,4122413,LAST_FRESH_MARKET
SENS-C,SENS_TP20_T5,fp1sig-7700500697d323908e1b193c,2y2rhLJ6Y1qSiYD3pRDwn61PLXp7zyEmRBEZwQSnpump,PP-4865120e8b0533f8dbbf6bd63c617537,FILLED,TAKE_PROFIT,2026-08-28T06:39:30.365038+00:00,1044420,1044459,2026-08-28T06:39:30.365038+00:00,2026-08-28T06:39:34.107897+00:00,REJECTED_THEN_FILLED,2,100000000,2355000,98154464,2331931,-1845536,-6532467,3750858,TRIGGER_MARKET
SENS-C,SENS_TP20_T5,fp1sig-7887c3a6d165f47576f97ded,GBWmWk8EpaANF8zdAqQDgt75zhCi331TUSgdm7tdpump,PP-e866c159d91a51e72a44c1291a54ee41,FILLED,FALLBACK,2026-08-28T11:23:36.176599+00:00,,1142267,,2026-08-28T11:23:39.466384+00:00,,1,100000000,2355000,81505820,2123823,-18494180,-22973003,3337419,RULE_REFERENCE_FALLBACK
SENS-C,SENS_TP20_T5,fp1sig-78c09977ea9b7f4f53178f56,BvCZzB1833vBhVZRKL75eJrWuJa3JjgkbPHJFmExpump,PP-b40b44608c84a0cba93002bcc504540f,FILLED,FALLBACK,2026-08-28T02:12:28.883212+00:00,,947715,,2026-08-28T02:12:30.153915+00:00,,1,100000000,2355000,94989781,2292373,-5010219,-9657592,3080963,LAST_FRESH_MARKET
SENS-C,SENS_TP20_T5,fp1sig-78e9ddac51c12ffdca331234,8rbkzjfRhdqvpfHwMuybNHnAfdddnXd2CSbinoJwpump,PP-cc21074e7725d3ad40a97bcea62c0698,FILLED,FALLBACK,2026-08-28T03:19:30.258670+00:00,,974037,,2026-08-28T03:19:33.291853+00:00,,1,100000000,2355000,117015907,2567699,17015907,12093208,4076230,RULE_REFERENCE_FALLBACK
SENS-C,SENS_TP20_T5,fp1sig-7930a16ec3242db7f280498c,Aqsby4rGt9nFsnjuiBC18p3sJNtxbkk9KosUUtRvpump,PP-e279fe9c929bcac04403538aa7e9c9e1,FILLED,FALLBACK,2026-08-28T04:12:39.594727+00:00,,992345,,2026-08-28T04:12:40.789491+00:00,,1,100000000,2355000,97525487,2324069,-2474513,-7153582,3077257,RULE_REFERENCE_FALLBACK
SENS-C,SENS_TP20_T5,fp1sig-7a3da37c5e96d51a779fb9ae,25FyVNwC6T8ShJzxu1Kg32RM1DvdtqQuYf8WgqXYpump,PP-568634f84b6707b4797e547875ff732e,FILLED,FALLBACK,2026-08-28T06:54:07.621996+00:00,,1051179,,2026-08-28T06:54:09.137873+00:00,,1,100000000,2355000,72077218,2005966,-27922782,-32283748,3245129,LAST_FRESH_MARKET
SENS-C,SENS_TP20_T5,fp1sig-7a41c29e8ce0e35fbbb02659,DrMLtQ6Xq1xEtvWvcZnM7gotXNK52ypRsa4X6Y6Hpump,PP-24d861cff264106995774bbd0bbe5f2c,FILLED,FALLBACK,2026-08-27T20:03:55.218559+00:00,,849741,,2026-08-27T20:04:02.860667+00:00,,1,100000000,2355000,99685125,2351065,-314875,-5020940,9837357,LAST_FRESH_MARKET
SENS-C,SENS_TP20_T5,fp1sig-7a59fcf74159c2ccd6bcd4b0,5W4GmJbCYAHHbvipxwtWkijTh8BHyGFcPBaQvUkPpump,PP-298e3ba5f2f33fe6ab6831ef12cf9b94,FILLED,FALLBACK,2026-08-27T17:11:54.669407+00:00,,815922,,2026-08-27T17:12:24.548927+00:00,,1,100000000,2355000,95964954,2304562,-4035046,-8694608,31227781,RULE_REFERENCE_FALLBACK
SENS-C,SENS_TP20_T5,fp1sig-7ab6b20859d01ba5c22da05d,EVS7V5QjoAR8YRR8W2Kh1SzByChSwanbfdwpetVbpump,PP-e5c4bfaa810cffd44fad88cae5a0a4f3,FILLED,FALLBACK,2026-08-28T06:37:52.337672+00:00,,1043590,,2026-08-28T06:37:53.900915+00:00,,1,100000000,2355000,123076105,2643452,23076105,18077653,3358401,LAST_FRESH_MARKET
SENS-C,SENS_TP20_T5,fp1sig-7abaa533c81959e6a423a2ce,HjW78r1uDYSCutuG9E3WUiBvVRKELWw7gRKsAopGpump,PP-df2f87622c98a4ed341e9e4733c2399e,FILLED,FALLBACK,2026-08-28T07:50:53.134368+00:00,,1076555,,2026-08-28T07:50:54.030530+00:00,,1,100000000,2355000,100128303,2356604,128303,-4583301,3007659,LAST_FRESH_MARKET
SENS-C,SENS_TP20_T5,fp1sig-7b05dcae8adb706022a3168e,54hLM6tyAY8FSBeU2CL3Kz37dYWPn9GQ8enncKeHpump,PP-1e29bb147d6291001eacd0b46fc3bbaf,FILLED,FALLBACK,2026-08-27T13:06:55.520552+00:00,,774842,,2026-08-27T13:06:56.409113+00:00,,1,100000000,2355000,100422818,2360286,422818,-4292468,1651617,LAST_FRESH_MARKET
SENS-C,SENS_TP20_T5,fp1sig-7b5928eb964cf637fe8367e7,Ctt3GWPEbpP9h1NoRDKXjxvYi47Q1vxKpkzM7iGVpump,PP-f7ec188b2c33549c3f112c8e1fe953dc,FILLED,FALLBACK,2026-08-28T12:05:22.113199+00:00,,1156047,,2026-08-28T12:05:28.045028+00:00,,1,100000000,2355000,99672424,2350906,-327576,-5033482,6053588,RULE_REFERENCE_FALLBACK
SENS-C,SENS_TP20_T5,fp1sig-7c2db773dc7782c88a2f8c08,7yqwb7ztvMKJDAVSjiGmbrK3kpx3ZcdaqtqFg6m2pump,PP-f2e58888a8e1285a6df2a051566c7e18,FILLED,FALLBACK,2026-08-27T19:01:01.281740+00:00,,837783,,2026-08-27T19:01:09.653609+00:00,,1,100000000,2355000,112956893,2516962,12956893,8084931,10344105,LAST_FRESH_MARKET
SENS-C,SENS_TP20_T5,fp1sig-7cc8debc37efd190034f23ef,7J1YWS62H63dz2UGtYKv3pbHevRxHtVeRaUN8nVjWC5J,PP-a97918c638ba01ddbf4a44619b0dd767,FILLED,FALLBACK,2026-08-28T00:29:50.445685+00:00,,918144,,2026-08-28T00:29:52.450460+00:00,,1,100000000,2355000,96695290,2313692,-3304710,-7973402,4306853,LAST_FRESH_MARKET
SENS-C,SENS_TP20_T5,fp1sig-7d6e5954469d4704453bdf9c,8UhU7Vk4BR7Sf1ZWyAw1U9qswR2pxjd1UDrhNy9upump,PP-5b5ca3773ba5537a5e3db34682208e01,FILLED,FALLBACK,2026-08-27T17:10:22.108873+00:00,,815680,,2026-08-27T17:10:25.430091+00:00,,1,100000000,2355000,99746607,2351833,-253393,-4960226,7819660,RULE_REFERENCE_FALLBACK
SENS-C,SENS_TP20_T5,fp1sig-7dfdb24b6b3155cc4579d03b,43GUE5v7AHPQ7YJK61KgF2b9JBMZjf6PbxuKu3Mhpump,PP-4148893127f6dd8bf92b763b7b7232be,FILLED,FALLBACK,2026-08-28T03:04:04.248088+00:00,,967843,,2026-08-28T03:04:06.193558+00:00,,1,100000000,2355000,87860279,2203254,-12139721,-16697975,3691893,LAST_FRESH_MARKET
SENS-C,SENS_TP20_T5,fp1sig-7dff0ec32d2ff85506093e7a,VgTwV3Rww2LvyKRttdvB8HjZXE46dzTEFRrXdvApump,PP-ae2476836d48808520f858682869a4b6,UNRESOLVED,TAKE_PROFIT,2026-08-28T02:58:56.044051+00:00,965987,,2026-08-28T02:58:56.044051+00:00,,REJECTED_SLIPPAGE,76,100000000,2355000,,,,,,TRIGGER_MARKET
SENS-C,SENS_TP20_T5,fp1sig-7e1126c9ba7c1285adb38d05,ChGazZGFDvcxJU7Eai9uaDkkY9SZ1sd6qAhDDJajpump,PP-e6c6c0a80069bad12ed89945b774a59f,FILLED,FALLBACK,2026-08-28T05:40:46.847263+00:00,,1022181,,2026-08-28T05:40:48.622458+00:00,,1,100000000,2355000,103938614,2404233,3938614,-820619,2822129,LAST_FRESH_MARKET
SENS-C,SENS_TP20_T5,fp1sig-7e5e659a6f7d256107970a31,J6a4JvP9YCWBTYoQRBYjdwJhrd3m3qchZZLAstHnpump,PP-1786aa62af5f2b74b311b69da20d9e54,FILLED,FALLBACK,2026-08-27T14:17:33.434771+00:00,,790158,,2026-08-27T14:18:03.672214+00:00,,1,100000000,2355000,92448038,2260601,-7551962,-12167563,32941907,LAST_FRESH_MARKET
SENS-C,SENS_TP20_T5,fp1sig-7e693a8be5faeddd0bbe4a00,61LtM26DGBvWYUNxY8T46kAVHU71sSMEYYzp1jDppump,PP-3b750d3e06905f6f2cd281b402846b3a,FILLED,FALLBACK,2026-08-27T21:14:50.237132+00:00,,865073,,2026-08-27T21:14:53.378892+00:00,,1,100000000,2355000,99501019,2348763,-498981,-5202744,3458603,RULE_REFERENCE_FALLBACK
SENS-C,SENS_TP20_T5,fp1sig-7e9215ed3c686e365f20dff4,CEUZonqQbBnBTBQRURjoMGH17P3VpNhNaozZ7jPMpump,PP-acf72b034199f14ae58fa3ceb0c69e53,FILLED,FALLBACK,2026-08-28T06:01:48.680126+00:00,,1029304,,2026-08-28T06:01:50.479582+00:00,,1,100000000,2355000,118246577,2583083,18246577,13308494,3260868,RULE_REFERENCE_FALLBACK
SENS-C,SENS_TP20_T5,fp1sig-7ecc0834c012ed61caa774fe,4phtMtfReVg5ujGsrutxPbKgxdyUrRbYHctuS8WYpump,PP-8404a1f1b2e6b70d670e17f8526c6232,FILLED,FALLBACK,2026-08-27T22:52:39.112063+00:00,,891528,,2026-08-27T22:52:39.707672+00:00,,1,100000000,2355000,90237196,2232965,-9762804,-14350769,3661530,LAST_FRESH_MARKET
SENS-C,SENS_TP20_T5,fp1sig-7fa253e82810517469cf5249,3wwsnYCQ3nLgUQPuukdcibUJY3Lh88iVJMuTmBL7pump,PP-0577c4633579ba2cde8ba932fad635a2,FILLED,FALLBACK,2026-08-27T18:37:32.352580+00:00,,832536,,2026-08-27T18:37:33.340466+00:00,,1,100000000,2355000,99688353,2351105,-311647,-5017752,2814002,RULE_REFERENCE_FALLBACK
SENS-C,SENS_TP20_T5,fp1sig-8018cc536b599b3a6257eb48,FtcgQDzVi5LmLBWPxVoaN5Tj1CH2aWKvvamdaR8pump,PP-7fd035ea4b0a37341ca0f932c3adc6fe,FILLED,TAKE_PROFIT,2026-08-28T08:14:08.459039+00:00,1085865,1085886,2026-08-28T08:14:08.459039+00:00,2026-08-28T08:14:12.183272+00:00,,1,100000000,2355000,110888610,2491108,10888610,6042502,3734235,TRIGGER_MARKET
SENS-C,SENS_TP20_T5,fp1sig-807551665a2842a210ba32dc,4tsLEun6tA4ag2kV9ewg5B4uLqe5J5cJ7D29vQGcpump,PP-0fa7b13fe4dc3403f622bfeb4214d27f,FILLED,FALLBACK,2026-08-28T07:21:54.563225+00:00,,1063798,,2026-08-28T07:21:56.079970+00:00,,1,100000000,2355000,99479393,2348493,-520607,-5224100,3202762,LAST_FRESH_MARKET
SENS-C,SENS_TP20_T5,fp1sig-81bae63e512dd71fa833fdbe,37PmWqcJWdKi7JpXxQt7iiMrm8w9QQVRmWfhLnM1pump,PP-00b1a6a88c712439a608904eb95164bd,FILLED,FALLBACK,2026-08-27T13:14:35.747591+00:00,,776997,,2026-08-27T13:14:36.603902+00:00,,1,100000000,2355000,99021363,2342768,-978637,-5676405,5087715,RULE_REFERENCE_FALLBACK
SENS-C,SENS_TP20_T5,fp1sig-82705f466d97de611fae1ba4,BpBq1mVkAgg8vSC9bE8pJ2PDY9y61dk2BqS4sn7Kpump,PP-c7c0c09147ca6bebcf784c25dc017bab,FILLED,FALLBACK,2026-08-28T07:37:06.082581+00:00,,1070725,,2026-08-28T07:37:09.200796+00:00,,1,100000000,2355000,100714626,2363933,714626,-4004307,3825273,RULE_REFERENCE_FALLBACK
SENS-C,SENS_TP20_T5,fp1sig-82f7761740519cdb17e63e96,CaMhHZ6M7TzLEkuHKziV7XnHuGbxQCex4FxrBbo1pump,PP-3f3103bfd93cf743741f6f4d345f137f,FILLED,FALLBACK,2026-08-27T22:08:36.478398+00:00,,879602,,2026-08-27T22:08:38.782714+00:00,,1,100000000,2355000,84050796,2155635,-15949204,-20459839,4127244,LAST_FRESH_MARKET
SENS-C,SENS_TP20_T5,fp1sig-83fe54513647635e424cec1a,593Sf3VoTC3VwX3wT2UsSoTzSsNeb8UL1c5JHDveZhVV,PP-463a55d62060ca8c6e65907ac7ad3db6,FILLED,FALLBACK,2026-08-28T09:56:13.574487+00:00,,1113600,,2026-08-28T09:56:17.489139+00:00,,1,100000000,2355000,96935842,2316699,-3064158,-7735857,7972828,LAST_FRESH_MARKET
SENS-C,SENS_TP20_T5,fp1sig-84de5f42b519e5d39a0256fb,ZXwmrmVNzceRDhzLJgJS9oWcCuZZZgkDY8w8sQkpump,PP-ef95906741e557f28438d4404ccd9109,UNRESOLVED,FALLBACK,2026-08-28T04:53:12.676386+00:00,,,,,REJECTED_SLIPPAGE,59,100000000,2355000,,,,,,RULE_REFERENCE_FALLBACK
SENS-C,SENS_TP20_T5,fp1sig-86e86799f938477eff324452,FSyivRYQZynoc2SVisats8Y9X29C8xP4icx6achmpump,PP-08b455cdf4a7b6e9cae7790538de0f92,FILLED,FALLBACK,2026-08-28T03:10:32.065040+00:00,,970427,,2026-08-28T03:10:42.010315+00:00,REJECTED_THEN_FILLED,4,100000000,2355000,96270149,2308377,-3729851,-8393228,11563661,RULE_REFERENCE_FALLBACK
SENS-C,SENS_TP20_T5,fp1sig-86f6aedee048c7cd1216e8c1,7RkqFUbh29BJ8dHGRRCTVVcJvziNjMSiQbi3W4PTpump,PP-ce47c838a6986b9d32dbae654b9aba33,FILLED,FALLBACK,2026-08-28T09:17:31.536430+00:00,,1104586,,2026-08-28T09:17:35.069611+00:00,,1,100000000,2355000,86602255,2187529,-13397745,-17940274,4341082,LAST_FRESH_MARKET
SENS-C,SENS_TP20_T5,fp1sig-874623ea2c479bf9b4085ce2,FGgG4CATjzUcGRnDeiyLjLE9WrX1y9XBZ6rJ9iGdpump,PP-33c76c51ad0df297c68d83d3702768a0,FILLED,FALLBACK,2026-08-28T11:55:28.689570+00:00,,1153058,,2026-08-28T11:55:33.057656+00:00,,1,100000000,2355000,102744512,2389307,2744512,-1999795,5936987,LAST_FRESH_MARKET
SENS-C,SENS_TP20_T5,fp1sig-87ca3eb077ae91f498e1756c,MXxSaQKu6WL9nkUFzwzXR8abUkYKFVFLucAdU7upump,PP-7a3f7f3b23b19d3bb5a02489f96a933a,FILLED,FALLBACK,2026-08-27T14:50:33.796223+00:00,,796108,,2026-08-27T14:51:13.807670+00:00,,1,100000000,2355000,99522911,2349037,-477089,-5181126,40960298,RULE_REFERENCE_FALLBACK
SENS-C,SENS_TP20_T5,fp1sig-880674e32e3d418f4beb0a1c,FpXDMaGr2dJVSr5uiMKifqnFBXTEqZNu1gBJfHkqpump,PP-bf92f348e00768f03011e8ba247cec2a,UNRESOLVED,FALLBACK,2026-08-28T02:44:57.766170+00:00,,,,,REJECTED_SLIPPAGE,7,100000000,2355000,,,,,,RULE_REFERENCE_FALLBACK
SENS-C,SENS_TP20_T5,fp1sig-88bff41152611c26ed14ddca,6hvsveQraNsNWGWYyofXUf5daVpJXEY9sMAk2JFppump,PP-c1da54ab0f4a7a95cb0c3dfe3c806cdb,UNRESOLVED,FALLBACK,2026-08-28T07:27:01.336202+00:00,,,,,REJECTED_SLIPPAGE,8,100000000,2355000,,,,,,LAST_FRESH_MARKET
SENS-C,SENS_TP20_T5,fp1sig-8a60f7ae65f6fab765b99d51,EBLENezw3LXCbicEfdPKm5YXGbDFdzbnc7tgqN9ipump,PP-62fe335c2b4855235158a05fbcc76829,FILLED,FALLBACK,2026-08-28T04:24:08.828864+00:00,,996171,,2026-08-28T04:24:10.320534+00:00,,1,100000000,2355000,115639994,2550500,15639994,10734494,2686744,RULE_REFERENCE_FALLBACK
SENS-C,SENS_TP20_T5,fp1sig-8be6016b7cfb9969cd0da227,CeSAfnhgX5QcPqhTbw8sN3wAS5kVnEazNKvQRw2upump,PP-7533ec77d5886b10f603b151985aa462,FILLED,FALLBACK,2026-08-27T23:27:03.980811+00:00,,899598,,2026-08-27T23:27:06.765997+00:00,,1,100000000,2355000,100897829,2366223,897829,-3823394,4450015,LAST_FRESH_MARKET
SENS-C,SENS_TP20_T5,fp1sig-8c438c80fa8057026f7b7231,DZCnaRuTsrqWxut8YSgrd13AD1T4yEwFZ59GzQkVpump,PP-3e970b3686f24b8e56ffd5975e8fe9e9,UNRESOLVED,FALLBACK,2026-08-28T10:46:36.098450+00:00,,,,,NO_CAUSAL_FILL,0,100000000,2355000,,,,,,RULE_REFERENCE_FALLBACK
SENS-C,SENS_TP20_T5,fp1sig-8cbedfbd77271feedbf99e3b,EbgzCCYT2HifhFaDHdAxe68dNFQV1avQbM8rszfHpump,PP-8c9933c7f8c279e4e1e83b2ff4d1862c,FILLED,FALLBACK,2026-08-28T02:14:18.936636+00:00,,948258,,2026-08-28T02:14:20.449957+00:00,,1,100000000,2355000,114862502,2540782,14862502,9966720,2916956,LAST_FRESH_MARKET
SENS-C,SENS_TP20_T5,fp1sig-8da7514b6665505f4db9da6e,HbbUkRVghKHcsUUzhqwqqdAZEE5PN4dr4mtEc4WApump,PP-68d14d099dcfccd3ab82558443bfd8e1,UNRESOLVED,FALLBACK,2026-08-28T06:57:20.101492+00:00,,,,,REJECTED_SLIPPAGE,47,100000000,2355000,,,,,,RULE_REFERENCE_FALLBACK
SENS-C,SENS_TP20_T5,fp1sig-8ea9e6bf8bdab8c0ce1736d4,25FeRuVE7tyNDyrDkFRimV3SfaxZMzJFw2YPpbwGpump,PP-e70d53cd961906608dacabcf53f266c1,FILLED,FALLBACK,2026-08-28T03:23:27.740204+00:00,,975815,,2026-08-28T03:23:29.890827+00:00,,1,100000000,2355000,105956749,2429460,5956749,1172289,3371980,RULE_REFERENCE_FALLBACK
SENS-C,SENS_TP20_T5,fp1sig-8eaede68d680ea3a8d084685,DCDPCQwso526XtR6HeRnGjEMoyx6Vu3ori7QpcHepump,PP-5e591c15a0274b8810c092973a1fac19,FILLED,FALLBACK,2026-08-28T04:07:37.696333+00:00,,990980,,2026-08-28T04:07:54.030842+00:00,REJECTED_THEN_FILLED,2,100000000,2355000,115295207,2546191,15295207,10394016,18039170,RULE_REFERENCE_FALLBACK
SENS-C,SENS_TP20_T5,fp1sig-8f04567911053bca3b0417f8,ivKdYYn29kaXRHgV4N1FLj7aspuL4hQSpuKuGkSpump,PP-1c358c7bc3e94ba0ab96137d7c50c842,FILLED,FALLBACK,2026-08-28T08:17:07.211479+00:00,,1087396,,2026-08-28T08:18:22.185128+00:00,REJECTED_THEN_FILLED,8,100000000,2355000,163372507,3147157,63372507,57870350,76899081,RULE_REFERENCE_FALLBACK
SENS-C,SENS_TP20_T5,fp1sig-8f3af275d88f948ffe77676b,8n9e7QoNrcDrff8qC4ixHcs2U1jB2r2QXBLs7RzXpump,PP-6fa91dac79f8fd8aae33e58b04db5d41,FILLED,FALLBACK,2026-08-27T21:41:12.327021+00:00,,872310,,2026-08-27T21:41:14.783220+00:00,,1,100000000,2355000,103738484,2401732,3738484,-1018248,2984599,RULE_REFERENCE_FALLBACK
SENS-C,SENS_TP20_T5,fp1sig-8f61042c3fd06ca7d52fe593,GUj37DQVYBkZ9E2e5x3ynLYXtjeLgq7yyQyhsemJK37Z,PP-b912b6792b12ffa176cec2f28bc5c99a,FILLED,FALLBACK,2026-08-27T19:06:30.143516+00:00,,838814,,2026-08-27T19:06:32.613116+00:00,,1,100000000,2355000,94502704,2286284,-5497296,-10138580,4082676,LAST_FRESH_MARKET
SENS-C,SENS_TP20_T5,fp1sig-9056c8534577a57b5089e467,HX1ubEoRULP5Ro5j5x5BxPhfHjnrxpRKUmTuJdq6pump,PP-d6b5faab308c4e15fad387169588ef50,FILLED,FALLBACK,2026-08-28T08:57:48.446147+00:00,,1099897,,2026-08-28T08:57:48.979330+00:00,,1,100000000,2355000,113764012,2527051,13764012,8881961,4771078,LAST_FRESH_MARKET
SENS-C,SENS_TP20_T5,fp1sig-90cabc47f4229e97c1071e1a,5Vr8AkzfbdzmDgVc8K9AWZEZQEA1VU8h5Q8hY1Jppump,PP-85882ebd03d6bebbfff010f28a2ed48f,FILLED,TAKE_PROFIT,2026-08-28T03:04:02.590376+00:00,967831,967872,2026-08-28T03:04:02.590376+00:00,2026-08-28T03:04:10.332440+00:00,REJECTED_THEN_FILLED,2,100000000,2355000,122242975,2633038,22242975,17254937,7836775,TRIGGER_MARKET
SENS-C,SENS_TP20_T5,fp1sig-90d34bc4411a092aa689a7fd,8YgjvLnRnDniTWZScx7gVZJRWhU5bmaEywdGFoSppump,PP-ab9508557634ca0538ab21d66d1bca34,FILLED,FALLBACK,2026-08-27T22:12:54.478806+00:00,,880805,,2026-08-27T22:12:55.917441+00:00,,1,100000000,2355000,99976488,2354707,-23512,-4733219,3073960,LAST_FRESH_MARKET
SENS-C,SENS_TP20_T5,fp1sig-90e64eb678c2bb5dc45df5de,FVKnJxkng1TQ4MmnvXJkx71r1a9vWXYxtVDPXgDipump,PP-78c06f51e3a684e720f1119987ea6933,FILLED,FALLBACK,2026-08-27T18:24:33.579233+00:00,,830799,,2026-08-27T18:24:51.452805+00:00,,1,100000000,2355000,99481348,2348517,-518652,-5222169,19834652,LAST_FRESH_MARKET
SENS-C,SENS_TP20_T5,fp1sig-90fd26ab4c3c5380112d7b9c,GQ9qYBwj5zG1xH4Ew2Rcpw6r5aDVmvpQZpTKLqf5pump,PP-0d0e484254be88667bf774734cd77809,FILLED,FALLBACK,2026-08-28T07:34:28.690867+00:00,,1069396,,2026-08-28T07:34:30.543775+00:00,,1,100000000,2355000,114334472,2534181,14334472,9445291,3590624,LAST_FRESH_MARKET
SENS-C,SENS_TP20_T5,fp1sig-9191c3bef732f06651744c5e,EzSYuJeLzS1AADTYrKgYggAEaehej8KXSkekeXhMpump,PP-5c29baf6cec22f2ee4a3caead1946c86,FILLED,FALLBACK,2026-08-28T03:07:05.456871+00:00,,969098,,2026-08-28T03:07:11.043252+00:00,REJECTED_THEN_FILLED,3,100000000,2355000,96279007,2308488,-3720993,-8384481,6320116,LAST_FRESH_MARKET
SENS-C,SENS_TP20_T5,fp1sig-93018a6920949384602311e2,BLy6zeBCaYLMvwBz96b1dQ6FFszoWU22NbawkaxDpump,PP-98a8844fc06703c7508ba05d89d08dbb,FILLED,FALLBACK,2026-08-27T20:26:35.577607+00:00,,853957,,2026-08-27T20:26:36.904317+00:00,,1,100000000,2355000,119529613,2599121,19529613,14575492,5809920,LAST_FRESH_MARKET
SENS-C,SENS_TP20_T5,fp1sig-947b5e620d0af90aff4cd16c,4dzkhPVu47WNYQCVgq3chJ4ia2A21wKcsXwrEaJRpump,PP-8bea2f8360d9a5b80b2c2a74a1243d61,FILLED,TAKE_PROFIT,2026-08-28T04:34:52.608523+00:00,999110,999132,2026-08-28T04:34:52.608523+00:00,2026-08-28T04:34:55.552105+00:00,,1,100000000,2355000,210309424,3733868,110309424,104220556,2959581,TRIGGER_MARKET
SENS-C,SENS_TP20_T5,fp1sig-95cfb930e96c6b9dcaade597,GTusiVHZU3rZHam1y593pLC1JLkiQt3gXcjSkN2rpump,PP-5c8c989aa1e9a66860cd3203c80172a8,FILLED,FALLBACK,2026-08-28T01:59:15.914464+00:00,,943420,,2026-08-28T01:59:17.717493+00:00,,1,100000000,2355000,101768534,2377107,1768534,-2963573,3427544,RULE_REFERENCE_FALLBACK
SENS-C,SENS_TP20_T5,fp1sig-95f4eb484d9e61c0eac871e4,EqkjNFGZMxMqBFwoVn7Z4zfBY6Ld36EKc8HLhthnpump,PP-047ab1b547a5759424088b06789ad1ff,FILLED,FALLBACK,2026-08-28T05:14:08.603305+00:00,,1011911,,2026-08-28T05:14:14.030016+00:00,,1,100000000,2355000,98107416,2331343,-1892584,-6578927,6842185,LAST_FRESH_MARKET
SENS-C,SENS_TP20_T5,fp1sig-966ceaaaf48a50574b3d8520,7LFNgFsMjfwYCh6JLK2qY84n1nuSY7zaaNeMWTiHpump,PP-40af2dafb906ca88cc6d532d0d2355a9,FILLED,FALLBACK,2026-08-27T23:47:26.292714+00:00,,905899,,2026-08-27T23:47:32.154240+00:00,,1,100000000,2355000,107977142,2454715,7977142,3167427,7210900,LAST_FRESH_MARKET
SENS-C,SENS_TP20_T5,fp1sig-971f4f25144b08fdd466b84e,9demY6t6F1N76cq4XNHiAu6Y2DyQ5EJoofrPoGoDpump,PP-da4bd0278e634c68ae13effdfeecf36e,FILLED,FALLBACK,2026-08-28T11:35:42.548488+00:00,,1146812,,2026-08-28T11:35:46.134342+00:00,,1,100000000,2355000,87105967,2193825,-12894033,-17442858,4481243,RULE_REFERENCE_FALLBACK
SENS-C,SENS_TP20_T5,fp1sig-973d7747ab4d12b78be39b4f,HUCjjbRJEHHLZNH4EctvQyYiXpmZmrZFvEutLetqk2Pn,PP-7bbdc78f38f252249f9836567f23b2cb,FILLED,FALLBACK,2026-08-27T13:53:31.637064+00:00,,785664,,2026-08-27T13:53:34.460170+00:00,,1,100000000,2355000,99696000,2351200,-304000,-5010200,4278567,LAST_FRESH_MARKET
SENS-C,SENS_TP20_T5,fp1sig-980687c5a9cafcb8b41e82a7,Cp5ejcFXX7g8sNeE9rmnFGfp2NJs6xWnJCJfXL8Qpump,PP-7f72355fadff7f4db6bfa0bd23344249,FILLED,TAKE_PROFIT,2026-08-27T21:00:03.191505+00:00,861250,861254,2026-08-27T21:00:03.191505+00:00,2026-08-27T21:00:06.259883+00:00,,1,100000000,2355000,144136714,2906709,44136714,38875005,3422105,TRIGGER_MARKET
SENS-C,SENS_TP20_T5,fp1sig-98b0101d40e79b79e3909b6d,8r2xtU7SnnQ5fJfuzXmQna1wCGsQ6HMzA3a4N5iPpump,PP-3e8450fb7ff2782c3d0e58fefa337269,FILLED,FALLBACK,2026-08-28T00:58:29.442438+00:00,,924981,,2026-08-28T00:58:34.636891+00:00,,1,100000000,2355000,149497682,2973722,49497682,44168960,6400525,LAST_FRESH_MARKET
SENS-C,SENS_TP20_T5,fp1sig-98c0a83c359cf69ef604aa04,6pXG19wQErHYggPVydzm4M5goYHq23vypJ7W2vamTDUN,PP-3a03eba41b73cedb497bed6bb61c8290,FILLED,FALLBACK,2026-08-27T12:42:41.014771+00:00,,769978,,2026-08-27T12:42:45.762797+00:00,,1,100000000,2355000,92229449,2257869,-7770551,-12383420,9036172,RULE_REFERENCE_FALLBACK
SENS-C,SENS_TP20_T5,fp1sig-9a58948a0c95b094f3c87ff6,ChEvq8JEq59CEBEfhrogXnqimcjGFjasjwyFQcyGpump,PP-e8ba28a1c723342bc49022157df69731,FILLED,FALLBACK,2026-08-28T09:33:06.856684+00:00,,1108018,,2026-08-28T09:33:09.555389+00:00,,1,100000000,2355000,100523225,2361541,523225,-4193316,4423313,LAST_FRESH_MARKET
SENS-C,SENS_TP20_T5,fp1sig-9adeae6f7f56b43d00f189b9,67e52WXdZVPmfEkMMDon2bYJVVyZcEGEnjyrmRpZpump,PP-d1f9e377f527c6487980656d5dd44388,FILLED,FALLBACK,2026-08-27T16:30:35.312515+00:00,,809792,,2026-08-27T16:30:41.394346+00:00,,1,100000000,2355000,96730819,2314136,-3269181,-7938317,10325340,RULE_REFERENCE_FALLBACK
SENS-C,SENS_TP20_T5,fp1sig-9adff94f9da3518fa21a534c,2w12QQ26kRbwH9EQuSEJ55T7nvyuupQv3qGJtJt52txN,PP-2931e24cbdcff17f40e4b835869803d0,FILLED,FALLBACK,2026-08-28T10:40:55.353021+00:00,,1128340,,2026-08-28T10:40:58.675613+00:00,,1,100000000,2355000,103617994,2400225,3617994,-1137231,3753253,LAST_FRESH_MARKET
SENS-C,SENS_TP20_T5,fp1sig-9c05e42236a5078c5d2f8078,9JEJbv7gk5UATGcbfP91GsXukw46ed2sj2xPQg3spump,PP-f507fd173b119a0766fed5c033eb08c5,FILLED,FALLBACK,2026-08-28T06:51:13.969753+00:00,,1049634,,2026-08-28T06:51:20.003823+00:00,,1,100000000,2355000,95860813,2303261,-4139187,-8797448,6948889,RULE_REFERENCE_FALLBACK
SENS-C,SENS_TP20_T5,fp1sig-9df3695c93f738c9f9e66fb8,6nPsM6tLGLCCqA1L8TecthJTNk5nZyBsfcm47T1fpump,PP-85d432e36bdd6b00eebede4f0cee59ce,FILLED,FALLBACK,2026-08-28T08:31:44.559956+00:00,,1093075,,2026-08-28T08:31:50.007493+00:00,,1,100000000,2355000,104588996,2412363,4588996,-178367,6586703,RULE_REFERENCE_FALLBACK
SENS-C,SENS_TP20_T5,fp1sig-9e1d1b5e3afb8736e7140c96,4i8n6dEpo3P5VKufQBmJQ6nei5iTT8rVaCAZ2pp2pump,PP-188d6cad7cde0ab3d92649ad12b205eb,FILLED,FALLBACK,2026-08-27T20:53:55.034171+00:00,,859902,,2026-08-27T20:53:56.679294+00:00,,1,100000000,2355000,90698568,2238733,-9301432,-13895165,3289180,LAST_FRESH_MARKET
SENS-C,SENS_TP20_T5,fp1sig-9e3116652f43ba3470a24e96,DfrZS6Bc8tcsL1MtcrwHcZyfV27zNfiKLVbpDFCepump,PP-8f80817db090ee30a348cf1a90ffa31f,FILLED,FALLBACK,2026-08-28T10:30:53.210040+00:00,,1125335,,2026-08-28T10:30:57.234976+00:00,,1,100000000,2355000,86367430,2184593,-13632570,-18172163,4413185,LAST_FRESH_MARKET
SENS-C,SENS_TP20_T5,fp1sig-9fe32e7996d860a972996b41,HUAeTqMEoDnLCk9emHQ4rGFWBE8jPJN8Nmwqnw7cpump,PP-6d967161d7b1e4f95e1cc41207bcc563,FILLED,FALLBACK,2026-08-27T23:36:17.219897+00:00,,902333,,2026-08-27T23:36:20.153820+00:00,,1,100000000,2355000,99653200,2350665,-346800,-5052465,3604343,RULE_REFERENCE_FALLBACK
SENS-C,SENS_TP20_T5,fp1sig-9ff76b9af62e3d50e42203ec,Rgo6DqhV6EqnBDRZWorQUdpuwXTVJkUs1UWE9fSpump,PP-17f46453bb6442fa835837004181017a,FILLED,FALLBACK,2026-08-28T09:05:08.930472+00:00,,1101613,,2026-08-28T09:05:14.717734+00:00,,1,100000000,2355000,104738066,2414226,4738066,-31160,6395919,LAST_FRESH_MARKET
SENS-C,SENS_TP20_T5,fp1sig-a0445e2b50ecb8a1377124ec,AfvMiNgp3cw2QgFFnNufDTg7BJKPcNWSBYN98CoKpump,PP-281a61d830db1d0cc43fb10e95f3415a,FILLED,FALLBACK,2026-08-28T10:30:10.608794+00:00,,1125093,,2026-08-28T10:30:14.178113+00:00,,1,100000000,2355000,91581172,2249765,-8418828,-13023593,7975320,LAST_FRESH_MARKET
SENS-C,SENS_TP20_T5,fp1sig-a048c97cbb4c2e730be38ea5,FhfURvoJPBMiHWphQsuVDnG1kfTxeh4N7Qe5dqLApump,PP-a8d86cd6c8279be5d936311a41e0ae08,FILLED,FALLBACK,2026-08-27T22:48:31.371881+00:00,,890806,,2026-08-27T22:48:54.423602+00:00,,1,100000000,2355000,100208557,2357607,208557,-4504050,24670459,RULE_REFERENCE_FALLBACK
SENS-C,SENS_TP20_T5,fp1sig-a27ee836765987f9fb7db771,CzMravJwV8sazBJkVNYL4XbSVqYhoaBW1VAKa7Sjpump,PP-72d39f791de6d298a0fc37f69656c8c5,FILLED,FALLBACK,2026-08-28T06:24:34.640051+00:00,,1037578,,2026-08-28T06:24:48.066314+00:00,,1,100000000,2355000,95289736,2296122,-4710264,-9361386,14899252,RULE_REFERENCE_FALLBACK
SENS-C,SENS_TP20_T5,fp1sig-a2a9a544060e60b716617482,EpCxKueb1jp3xQ4LQFCh3pQf6v9EDoaoobud4xBTpump,PP-520d2b47282606808a0dc1212b08735d,FILLED,FALLBACK,2026-08-28T01:38:22.677962+00:00,,936655,,2026-08-28T01:38:24.141114+00:00,,1,100000000,2355000,103008127,2392602,3008127,-1739475,3104240,RULE_REFERENCE_FALLBACK
SENS-C,SENS_TP20_T5,fp1sig-a2e73852e812c84b83f14de5,6d5eE5TAuRWQr172XBogX59Mm5WmDgDC8ugr79usnC9p,PP-1e41433c940e02b9e002b5973df49ae3,FILLED,FALLBACK,2026-08-27T16:54:00.660125+00:00,,813492,,2026-08-27T16:54:04.000158+00:00,,1,100000000,2355000,100468813,2360861,468813,-4247048,4822006,RULE_REFERENCE_FALLBACK
SENS-C,SENS_TP20_T5,fp1sig-a5364d6e12ac86f6a7112b96,bS5hfxkEc1qrX9y9Cf3cJgzgwxHp1dk3Nza2XHppump,PP-96786081349d26d27114fe00f28752b6,FILLED,FALLBACK,2026-08-27T22:08:25.979350+00:00,,879589,,2026-08-27T22:08:34.690471+00:00,,1,100000000,2355000,99677564,2350970,-322436,-5028406,10240311,RULE_REFERENCE_FALLBACK
SENS-C,SENS_TP20_T5,fp1sig-a593bef7fb913cbb594c4a60,6hYvNdaLbRkWu4FmM3LSfc3w3F4mSc6UMMWuvW4Jpump,PP-295620fa3348b4ad79f5628e3dee0238,FILLED,FALLBACK,2026-08-28T07:42:12.671653+00:00,,1072961,,2026-08-28T07:42:18.954878+00:00,,1,100000000,2355000,90901635,2241271,-9098365,-13694636,6891270,RULE_REFERENCE_FALLBACK
SENS-C,SENS_TP20_T5,fp1sig-a819361afac2ea326d3d24a0,BeVwbFayKr7JU8qAbJdJKwGmK3AX2gPttRQyNApKpump,PP-ea5ae07c58fbd3d1df046cc2ccfac69f,FILLED,FALLBACK,2026-08-28T01:17:50.367976+00:00,,929611,,2026-08-28T01:17:53.438454+00:00,,1,100000000,2355000,99395890,2347449,-604110,-5306559,3933438,RULE_REFERENCE_FALLBACK
SENS-C,SENS_TP20_T5,fp1sig-ac1e1a95ae59d847f0631d54,3wTyNyK9t6eqd8TAFsRLVX5yXJP3CTw6PNfTq8CFpump,PP-e27692a77d0635e86171eb370bf4a73a,FILLED,FALLBACK,2026-08-28T00:21:45.038274+00:00,,916244,,2026-08-28T00:21:46.151262+00:00,,1,100000000,2355000,138566819,2837086,38566819,33374733,3012130,RULE_REFERENCE_FALLBACK
SENS-C,SENS_TP20_T5,fp1sig-ac3356d2d8bc3c1f22c0ab33,CFR8FdCq2PNfY67CSGaD6LcWqPDLVNDHjVYTQ97Tpump,PP-9df6901f3ff74ad893ec80db3f9a78db,FILLED,FALLBACK,2026-08-28T02:51:46.382926+00:00,,962253,,2026-08-28T02:51:47.591069+00:00,,1,100000000,2355000,99755471,2351944,-244529,-4951473,3122082,RULE_REFERENCE_FALLBACK
SENS-C,SENS_TP20_T5,fp1sig-ad02ecab995d6745a25cf954,CisfgkRSjCgqgRjZWGKnRXsds8YxTBEmhzzqVMmJpump,PP-621c0c8ff711d0f02f61d11efe2dff32,FILLED,FALLBACK,2026-08-28T00:04:45.708396+00:00,,911167,,2026-08-28T00:04:48.238785+00:00,,1,100000000,2355000,122023929,2630300,22023929,17038629,4049161,LAST_FRESH_MARKET
SENS-C,SENS_TP20_T5,fp1sig-ad1996d1f65b67486c1db8a9,57NgBBXzd6gKtBymoG5qiq4pZiHFs3b6o51Ldozgpump,PP-f37a3f4a8755e3ba52f49a56f8bf9e8a,FILLED,FALLBACK,2026-08-28T10:49:53.278746+00:00,,1131732,,2026-08-28T10:49:57.036859+00:00,,1,100000000,2355000,70812739,1990160,-29187261,-33532421,4764102,LAST_FRESH_MARKET
SENS-C,SENS_TP20_T5,fp1sig-ae57f18a067ea8c950d17fa9,BCv3HwVdpbS2HQNETVtsbhoSh7F3uKR5EBn6PpCBpump,PP-caaf3574b12628eed8b15cecd930124b,FILLED,FALLBACK,2026-08-28T03:33:04.331765+00:00,,979374,,2026-08-28T03:33:07.371819+00:00,,1,100000000,2355000,121639942,2625500,21639942,16659442,3941749,RULE_REFERENCE_FALLBACK
SENS-C,SENS_TP20_T5,fp1sig-ae8a56d66c1ab814dde37416,BXb6g4NbAAqWh2B7fEXKCmWNuWLWhg6DcfPceBHFpump,PP-c0f46f1b42143cc99dc814587919ed0f,FILLED,FALLBACK,2026-08-28T09:48:17.681476+00:00,,1111413,,2026-08-28T09:48:25.478351+00:00,,1,100000000,2355000,97259411,2320743,-2740589,-7416332,12227340,LAST_FRESH_MARKET
SENS-C,SENS_TP20_T5,fp1sig-af0750546f8b1e8b317e795b,72xMb1MGaLhL9U8mH7LpXURdg3GnjXkdzgCHYCEgpump,PP-b0c852b2c321e57d93331c7c3def0617,FILLED,FALLBACK,2026-08-28T08:02:50.784764+00:00,,1081296,,2026-08-28T08:02:53.466486+00:00,,1,100000000,2355000,117513528,2573920,17513528,12584608,3724787,LAST_FRESH_MARKET
SENS-C,SENS_TP20_T5,fp1sig-af65c74b080e6d2a64c21dfa,EGzvdwnFW7HzXXxMDKCcDT2nQnmckGk6fVoeRHYmpump,PP-7a5c3ed8690b62ed8084cea6b9a70058,UNRESOLVED,FALLBACK,2026-08-28T11:30:10.027026+00:00,,,,,REJECTED_SLIPPAGE,105,100000000,2355000,,,,,,RULE_REFERENCE_FALLBACK
SENS-C,SENS_TP20_T5,fp1sig-af77a18638a72d1dac9cb66d,91yDQBBhxW3jip4TTsAY76RSdLSYJ3FQfp3EbH3fpump,PP-9ff7c4e4467dfdd28237b8abb624bfb8,FILLED,FALLBACK,2026-08-28T11:11:59.949882+00:00,,1137987,,2026-08-28T11:12:13.157318+00:00,REJECTED_THEN_FILLED,5,100000000,2355000,107867733,2453347,7867733,3059386,17680426,RULE_REFERENCE_FALLBACK
SENS-C,SENS_TP20_T5,fp1sig-b0cd5b4204c2a7918ea36ed9,k9JmrQ952S9gBePJBpMNWPKzS8TK6gcUJjoBRptpump,PP-88f698ec4e6075f5fb85c0ea55df500f,FILLED,FALLBACK,2026-08-27T22:08:47.080434+00:00,,879653,,2026-08-27T22:08:56.479066+00:00,,1,100000000,2355000,99975658,2354696,-24342,-4734038,9879038,RULE_REFERENCE_FALLBACK
SENS-C,SENS_TP20_T5,fp1sig-b0e84f19e96d38d29224c348,AgxEvEnaaqcPZscVmxEKygnp2XKh1yo5hBBhYAVcpump,PP-06bc25a21a72ca8479001ee36b36d62b,FILLED,FALLBACK,2026-08-27T13:11:55.758885+00:00,,776385,,2026-08-27T13:12:28.146694+00:00,,1,100000000,2355000,99408908,2347612,-591092,-5293704,33577254,RULE_REFERENCE_FALLBACK
SENS-C,SENS_TP20_T5,fp1sig-b22587d12930831f1a1c15f5,Y3Wscds4oZJe55x2pH3dsJH4r87F2o8pSjj31Kypump,PP-2485ee13c0a437367ffd75cdde3948d6,FILLED,FALLBACK,2026-08-28T06:57:23.357442+00:00,,1053077,,2026-08-28T06:57:24.558196+00:00,,1,100000000,2355000,86064309,2180804,-13935691,-18471495,2857347,LAST_FRESH_MARKET
SENS-C,SENS_TP20_T5,fp1sig-b2b7c8b34064ec824c87a142,9Uu9HhXtqBfs5Tgf88MQj5NPs85sZ5HvLf1xj1BZpump,PP-e14affa8df8bca286bbac29c03e9eecd,FILLED,FALLBACK,2026-08-28T08:15:35.082899+00:00,,1086319,,2026-08-28T08:15:41.679072+00:00,,1,100000000,2355000,99706132,2351327,-293868,-5000195,8356452,RULE_REFERENCE_FALLBACK
SENS-C,SENS_TP20_T5,fp1sig-b37e9847db3bb0eb70375197,GKYLCDwbMwqCyVb6mwB9SWtNYSyAF6jE82vojWdFpump,PP-fc4984dc77226ccf5537b85cc29316d7,FILLED,FALLBACK,2026-08-28T01:44:23.219865+00:00,,938391,,2026-08-28T01:44:25.044582+00:00,,1,100000000,2355000,100457093,2360714,457093,-4258621,3576212,LAST_FRESH_MARKET
SENS-C,SENS_TP20_T5,fp1sig-b3b44fac33240f4762d25fe2,5cBMD5Qi2SkALokkgaxWRdakTaWBD9bFM7amuBzCpump,PP-c7d87c876124f9b9db4a594a99c556bc,FILLED,FALLBACK,2026-08-28T08:25:56.755568+00:00,,1090750,,2026-08-28T08:26:01.968633+00:00,,1,100000000,2355000,96471006,2310888,-3528994,-8194882,7356849,RULE_REFERENCE_FALLBACK
SENS-C,SENS_TP20_T5,fp1sig-b3eaaecc9ed6f9385795ac61,FCvMTqzcqyTSvYdqWk3LDMfXcL5DRPJoecaDFfYJpump,PP-3b9e983fba952dc12f95f9d9ac4dd0d5,FILLED,FALLBACK,2026-08-28T01:18:22.099147+00:00,,929775,,2026-08-28T01:18:23.492777+00:00,,1,100000000,2355000,100352494,2359407,352494,-4361913,2905271,RULE_REFERENCE_FALLBACK
SENS-C,SENS_TP20_T5,fp1sig-b426a3af6ffe869b7e8b0301,pJbDcnfSSJ1NPpcAAEuH6rtZwYtWuzR6LfSCEn1pump,PP-ddd2b530a5c1f5c36db21e8266e78ffc,FILLED,TAKE_PROFIT,2026-08-28T04:26:22.294360+00:00,997151,997176,2026-08-28T04:26:22.294360+00:00,2026-08-28T04:26:28.904199+00:00,,1,100000000,2355000,106047289,2430592,6047289,1261697,7098840,TRIGGER_MARKET
SENS-C,SENS_TP20_T5,fp1sig-b459f77a235c5c20c0cb96f5,DyCnijsR1tq3gHKcrnKqd66CoYa5o7YT9DzXst6wpump,PP-4a430cde24c60eb9e61930f3d228ecff,FILLED,FALLBACK,2026-08-28T05:14:08.595305+00:00,,1011943,,2026-08-28T05:14:21.229432+00:00,,1,100000000,2355000,108524294,2461554,8524294,3707740,13873828,RULE_REFERENCE_FALLBACK
SENS-C,SENS_TP20_T5,fp1sig-b51beaf46af66c57d512fe56,69rD3uN3GMTvjhA8tnNHwq2CgHCt1MZPkQKtrrqQpump,PP-027baa7b6753d3863ab87e420b3297c4,UNRESOLVED,FALLBACK,2026-08-28T03:32:01.620106+00:00,,,,,REJECTED_SLIPPAGE,76,100000000,2355000,,,,,,RULE_REFERENCE_FALLBACK
SENS-C,SENS_TP20_T5,fp1sig-b55297bc9f2c9962ca48c33c,ckTcXKY4vmdpsa8yQ2vNFKxC47wbYs91F6u2MFtpump,PP-1a63394071e8d204fc43270cfdace271,FILLED,TAKE_PROFIT,2026-08-27T21:45:46.105955+00:00,873595,873616,2026-08-27T21:45:46.105955+00:00,2026-08-27T21:45:49.096199+00:00,,1,100000000,2355000,152071221,3005891,52071221,46710330,3006241,TRIGGER_MARKET
SENS-C,SENS_TP20_T5,fp1sig-b5a51d824fc75d8dbf027589,2Qh8DKka1DnzTTYt7cVV3HDL2tujbmjwU74tjL8Tpump,PP-514370ba7cdd70c844c927fd9e727263,FILLED,FALLBACK,2026-08-28T10:52:09.097489+00:00,,1132809,,2026-08-28T10:52:14.031316+00:00,REJECTED_THEN_FILLED,4,100000000,2355000,80844307,2115554,-19155693,-23626247,5467938,LAST_FRESH_MARKET
SENS-C,SENS_TP20_T5,fp1sig-b64f2f5b8960e54eeb106d58,5iuDrxx48Hx8onNebDuSSniKJYEFux2jjoSsUWL1pump,PP-b25675f1e4ed534d0d954b039fbea4d4,FILLED,FALLBACK,2026-08-27T23:55:34.270638+00:00,,908703,,2026-08-27T23:55:35.092162+00:00,,1,100000000,2355000,101564726,2374560,1564726,-3164834,2462229,LAST_FRESH_MARKET
SENS-C,SENS_TP20_T5,fp1sig-b72f946aea25ff0c3f8abacb,3kUpB6Shf1FAW3MFkJHuVvbMZaXpoBNsGR7wpbBnpump,PP-967d845797130df4078c0030bd1835b0,FILLED,FALLBACK,2026-08-28T12:16:03.272485+00:00,,1158442,,2026-08-28T12:16:07.098538+00:00,,1,100000000,2355000,93193773,2269923,-6806227,-11431150,5650617,LAST_FRESH_MARKET
SENS-C,SENS_TP20_T5,fp1sig-b7f3b66736ae6be937974474,FpW73pQUCp8WhH5HTQF6K7DXJuakTZ1xtW5PQiq7pump,PP-daf252097d8cf5de2fd22d55a2bd8380,FILLED,FALLBACK,2026-08-27T13:48:57.974499+00:00,,784953,,2026-08-27T13:48:58.545768+00:00,,1,100000000,2355000,110175583,2482195,10175583,5338388,4845413,LAST_FRESH_MARKET
SENS-C,SENS_TP20_T5,fp1sig-b8454f45b79bbaf2248ae736,41framh7L51PR8CNDVDhcePksenSd6VXeqkE5DjVpump,PP-1394c94ceda621eeff0c52e9d3a68b11,FILLED,FALLBACK,2026-08-27T18:39:40.077541+00:00,,833026,,2026-08-27T18:39:48.487132+00:00,,1,100000000,2355000,132268028,2758351,32268028,27154677,9635191,RULE_REFERENCE_FALLBACK
SENS-C,SENS_TP20_T5,fp1sig-b84e32048211adbd3dff97f1,FApe6bVMoKm8YmuycBRdQ23UNNzB2oiiKrPjMeEApump,PP-d59997cb3ef5c5343847c127cb038663,FILLED,TAKE_PROFIT,2026-08-28T05:21:41.213784+00:00,1013912,1013959,2026-08-28T05:21:41.213784+00:00,2026-08-28T05:21:45.316757+00:00,REJECTED_THEN_FILLED,3,100000000,2355000,149147348,2969342,49147348,43823006,4143970,TRIGGER_MARKET
SENS-C,SENS_TP20_T5,fp1sig-b92fd4f49efa8f6d146c757c,8Qh57kN6NrAWvr9SneZiBf6CvHQj1QTYKTwL6bSxpump,PP-ef4ce4f9772c3519df98f23ff458006f,FILLED,FALLBACK,2026-08-28T11:13:04.122703+00:00,,1138258,,2026-08-28T11:13:12.785519+00:00,,1,100000000,2355000,104739048,2414239,4739048,-30191,13152469,LAST_FRESH_MARKET
SENS-C,SENS_TP20_T5,fp1sig-bb3f95b3f11f2f06a056bb69,2TCgoH2uvvGTCewaRpgjMJDxwcRR9rqwumFum8njpump,PP-35b94c8c9ac37820cca9974c670b7541,FILLED,FALLBACK,2026-08-27T21:34:06.114756+00:00,,870511,,2026-08-27T21:34:16.279242+00:00,,1,100000000,2355000,99365839,2347073,-634161,-5336234,10947361,RULE_REFERENCE_FALLBACK
SENS-C,SENS_TP20_T5,fp1sig-bb516baf3765da32d7a75222,2fwrgCNcJxZpCUNyoyaj5Ro9WenH3UoiNMZVA3Bspump,PP-70e99ffce7c2be430dd27145b7bcde8a,FILLED,FALLBACK,2026-08-27T16:03:16.138607+00:00,,806873,,2026-08-27T16:03:17.706284+00:00,,1,100000000,2355000,98855398,2340693,-1144602,-5840295,2283555,RULE_REFERENCE_FALLBACK
SENS-C,SENS_TP20_T5,fp1sig-bb831eecf87379578a187d53,2Bg1v2JjKTXaEcqkeUiX3KqUeVnbRUKU5zyjJoznpump,PP-c7ff303dbd6fefcf3244e27a6165cc7a,FILLED,FALLBACK,2026-08-28T02:40:34.136370+00:00,,957334,,2026-08-28T02:40:47.672539+00:00,,1,100000000,2355000,98756423,2339456,-1243577,-5938033,14730725,RULE_REFERENCE_FALLBACK
SENS-C,SENS_TP20_T5,fp1sig-bbbed2edf9e0a1fc410d0e80,8zcYf6zQ9TFqCuPfejRnp5cquzUQyCta9JYKkeYZpump,PP-c8cfef7da59e0a5a2fd8befce9af55c9,FILLED,FALLBACK,2026-08-28T07:58:34.065507+00:00,,1079251,,2026-08-28T07:58:35.135404+00:00,,1,100000000,2355000,100167016,2357088,167016,-4545072,3064370,LAST_FRESH_MARKET
SENS-C,SENS_TP20_T5,fp1sig-bbd30b385f98da34e9ed9c3f,5qZv4Jd4a4obz16RPkX7rwc91PCxeSPJD7reE1MFpump,PP-5c86156210ce56088884717fe7fc18f1,FILLED,FALLBACK,2026-08-28T07:43:14.275171+00:00,,1073330,,2026-08-28T07:43:16.695773+00:00,,1,100000000,2355000,140740827,2864261,40740827,35521566,3945261,LAST_FRESH_MARKET
SENS-C,SENS_TP20_T5,fp1sig-bbe3fd43d005cef512c74c96,9TocaZKhV3ALfM5FZVkNTemoRCkUTjfKvv1uSZJtpump,PP-f1a5316977aea4622eba7c5caac61942,FILLED,TAKE_PROFIT,2026-08-28T10:18:41.631976+00:00,1120934,1120950,2026-08-28T10:18:41.631976+00:00,2026-08-28T10:18:46.169427+00:00,,1,100000000,2355000,208122570,3706533,108122570,102061037,5263451,TRIGGER_MARKET
SENS-C,SENS_TP20_T5,fp1sig-bbfc023fb3498cb9352af203,6pqDcTXEX8TqSdaGvddgz8Pdvrv2ZqmmY1c8RZkvpump,PP-fd3fc95a8b0255d48f486840c658a02c,FILLED,FALLBACK,2026-08-27T23:29:45.815900+00:00,,900403,,2026-08-27T23:29:49.618946+00:00,,1,100000000,2355000,96230618,2307883,-3769382,-8432265,6047817,LAST_FRESH_MARKET
SENS-C,SENS_TP20_T5,fp1sig-bed7cf645d2286071420a25e,FuymJdz6J6U67b4cjtJ4u45GEWH73QqWx6FbFzsFpump,PP-57e3dbf8524809bd2cfee0be8873974a,FILLED,FALLBACK,2026-08-28T10:03:18.131621+00:00,,1115583,,2026-08-28T10:03:36.600133+00:00,,1,100000000,2355000,95407756,2297597,-4592244,-9244841,22904679,RULE_REFERENCE_FALLBACK
SENS-C,SENS_TP20_T5,fp1sig-bf0414179032c8549e9c5e68,EuoTaJqE8qb99mtVfcfGaHyW7LGhjcftGt5tF2Lapump,PP-5f290f9b0d20711d3df6f1050e00b9c7,FILLED,FALLBACK,2026-08-28T03:39:20.942546+00:00,,981232,,2026-08-28T03:39:22.588724+00:00,,1,100000000,2355000,104098269,2406229,4098269,-662960,3202402,LAST_FRESH_MARKET
SENS-C,SENS_TP20_T5,fp1sig-c0632c21989571a47e56f3c8,5PhfN9BNhFG6fg2xFG3cFYPNcAPEtzcEdy7sESxrpump,PP-08e87b013602eb1da22a494951a4a0c6,FILLED,FALLBACK,2026-08-28T05:50:16.853363+00:00,,1025925,,2026-08-28T05:50:19.762865+00:00,,1,100000000,2355000,98886624,2341083,-1113376,-5809459,3750375,RULE_REFERENCE_FALLBACK
SENS-C,SENS_TP20_T5,fp1sig-c084dffa7b57a94c2a6eaa0e,3TGaanwE6VqXMaodwh3fuBy6tpW7yHTmJB9K33HNpump,PP-d54d8a379c749940853be530dc56bc6a,FILLED,TAKE_PROFIT,2026-08-28T06:43:26.304434+00:00,1046340,1046414,2026-08-28T06:43:26.304434+00:00,2026-08-28T06:43:33.698880+00:00,REJECTED_THEN_FILLED,5,100000000,2355000,141072155,2868402,41072155,35848753,7486447,TRIGGER_MARKET
SENS-C,SENS_TP20_T5,fp1sig-c26933e3dcdbb6cb4a440d47,4HFDXYx8PhBCed8znKaXiPmWwx2kNUsF8ZQ3wqQLpump,PP-621c960bce78b231cf7721d674b37ee5,FILLED,FALLBACK,2026-08-28T01:14:49.339084+00:00,,929058,,2026-08-28T01:15:49.079237+00:00,,1,100000000,2355000,98430858,2335386,-1569142,-6259528,61154622,RULE_REFERENCE_FALLBACK
SENS-C,SENS_TP20_T5,fp1sig-c2e78965ba7e2568ca4aa6fa,4fg7sJk8sisohjKYqvZDwRUhqAe4Y7Q9sfvmdWD5pump,PP-3a53c9345fc53e44ff38ca29a14c3c16,FILLED,FALLBACK,2026-08-28T07:09:56.339860+00:00,,1058450,,2026-08-28T07:10:02.080980+00:00,REJECTED_THEN_FILLED,3,100000000,2355000,81771566,2127145,-18228434,-22710579,7254594,LAST_FRESH_MARKET
SENS-C,SENS_TP20_T5,fp1sig-c3e03df5b7b757f9a7b16ef6,CFAGgYmNfLHAg9N9gU26zt1qjr5JSgK5Stt1VJLepump,PP-07091e1dde08181477622d7d508c00b2,FILLED,FALLBACK,2026-08-28T01:57:49.863136+00:00,,942835,,2026-08-28T01:57:51.252753+00:00,,1,100000000,2355000,100003645,2355046,3645,-4706401,2572312,RULE_REFERENCE_FALLBACK
SENS-C,SENS_TP20_T5,fp1sig-c4c3b928fd1b9519ee8605a1,5An7sjcaoN1vfVEcKjKsAgauyWjTcr2M3jGGdpJ6pump,PP-c9a6695201cf66cc0c59ade4e7e558cf,FILLED,FALLBACK,2026-08-27T20:14:57.532758+00:00,,851798,,2026-08-27T20:14:59.474510+00:00,,1,100000000,2355000,96482835,2311036,-3517165,-8183201,3601843,RULE_REFERENCE_FALLBACK
SENS-C,SENS_TP20_T5,fp1sig-c4f41f33d7b05e942a8f387c,26k9rEajkfHmBcaKdoQGFmWkJ94bShbGHzKVgxetpump,PP-0b656c77ceaa303a364bbb4bd034b122,FILLED,FALLBACK,2026-08-28T07:05:30.278944+00:00,,1056420,,2026-08-28T07:05:36.546356+00:00,,1,100000000,2355000,95979498,2304744,-4020502,-8680246,8830847,LAST_FRESH_MARKET
SENS-C,SENS_TP20_T5,fp1sig-c5270c31b3c5f84e454219ce,A5nnod2nW9pLCJ8J4Dg23dMSTU1oFN7rckfFzNFnpump,PP-22c81652b75492ab3c008095ff5a8c22,FILLED,FALLBACK,2026-08-28T09:45:26.605024+00:00,,1111171,,2026-08-28T09:45:29.302026+00:00,,1,100000000,2355000,108955712,2466947,8955712,4133765,4626237,LAST_FRESH_MARKET
SENS-C,SENS_TP20_T5,fp1sig-c58c2efb8a052f1c7f84da2d,3jHZq8J2C5sHih1stpSaMShjwYg1wHLWErtKkes1pump,PP-76c2877e74ba54d229d43727535724a7,FILLED,TAKE_PROFIT,2026-08-27T15:34:20.500823+00:00,803459,803468,2026-08-27T15:34:20.500823+00:00,2026-08-27T15:34:23.588213+00:00,,1,100000000,2355000,119060030,2593251,19060030,14111779,3102044,TRIGGER_MARKET
SENS-C,SENS_TP20_T5,fp1sig-c5ef5209a8eea86873426c21,EVWNZY8HtsVpjdkhUUN3drX6EGYtC7LbZTWKGetqpump,PP-7a7da05e3b9909f814034ed6eeb4737c,FILLED,FALLBACK,2026-08-28T01:37:57.137175+00:00,,936516,,2026-08-28T01:37:58.674547+00:00,,1,100000000,2355000,120847324,2615592,20847324,15876732,3219820,RULE_REFERENCE_FALLBACK
SENS-C,SENS_TP20_T5,fp1sig-c6032cc9830f9ddf55d88177,A7snkhg8HR1tJfzkwMxKGCPUs6wuPvbuV2n4JEtKpump,PP-30b0d1a325b522784f014008912b3449,FILLED,FALLBACK,2026-08-27T18:42:51.155898+00:00,,833924,,2026-08-27T18:42:54.523240+00:00,,1,100000000,2355000,103886935,2403587,3886935,-871652,4980929,LAST_FRESH_MARKET
SENS-C,SENS_TP20_T5,fp1sig-c67373ba873e32e99707d89e,GdLJMG47ENiyoE9UAabJoBECaKzJprfqQTPzWW7apump,PP-0bad9997e6a0bc907934fd8cd19b28fa,FILLED,FALLBACK,2026-08-28T01:27:50.979847+00:00,,932532,,2026-08-28T01:27:52.985629+00:00,,1,100000000,2355000,108688591,2463608,8688591,3869983,3687461,LAST_FRESH_MARKET
SENS-C,SENS_TP20_T5,fp1sig-c7a8b698b42b07595eb9a07d,38zqX5BquJoMFgYd5YVxjMi6kDJTWitcdTmXR8Lppump,PP-c9a9e1b3dc0009560196faad9c309cf7,FILLED,FALLBACK,2026-08-28T00:03:33.296434+00:00,,910872,,2026-08-28T00:03:36.825138+00:00,,1,100000000,2355000,103859699,2403247,3859699,-898548,4800536,LAST_FRESH_MARKET
SENS-C,SENS_TP20_T5,fp1sig-c7c63a7afd6d3c8f86482724,7SMwMAHDxEt9Ev7bezdW9tRbHG6MAN9rM59FxoPDpump,PP-4ab514df191db2ed81481be5cf733647,FILLED,FALLBACK,2026-08-28T02:50:46.097142+00:00,,961851,,2026-08-28T02:50:50.237211+00:00,,1,100000000,2355000,110672151,2488402,10672151,5828749,6216325,LAST_FRESH_MARKET
SENS-C,SENS_TP20_T5,fp1sig-c82cbf3f59f2d54bd456c57f,FaHqgxigM8bPvPoDM5gzatkYadsA76EWdz7EondAWNgy,PP-514f6f090bb61d8f8d50db598cfd933b,FILLED,FALLBACK,2026-08-27T14:59:14.287238+00:00,,797144,,2026-08-27T14:59:16.208253+00:00,,1,100000000,2355000,112864871,2515811,12864871,7994060,3477484,LAST_FRESH_MARKET
SENS-C,SENS_TP20_T5,fp1sig-c87058d2a949583397439a57,7FsSW5o3VSpYhV4BJ74BXoLbEV8xXS48DodAEhHApump,PP-92c5b255cd10b45431c2e1304a5d79ce,FILLED,FALLBACK,2026-08-27T12:41:21.727578+00:00,,769759,,2026-08-27T12:41:22.906783+00:00,,1,100000000,2355000,96438351,2310480,-3561649,-8227129,5412533,LAST_FRESH_MARKET
SENS-C,SENS_TP20_T5,fp1sig-c8f9ce990ec4062f867abbad,9V2NLoZPoFKNSxXqZ2WYfDPrTJLmxYNxUz9W9N4Hpump,PP-760f8718ca468815fedb472cba6d9e84,FILLED,FALLBACK,2026-08-27T15:16:10.274177+00:00,,800038,,2026-08-27T15:16:18.883578+00:00,,1,100000000,2355000,100113606,2356421,113606,-4597815,10268547,RULE_REFERENCE_FALLBACK
SENS-C,SENS_TP20_T5,fp1sig-c92d30676befd91852c66116,E5JZ7nPT6NvnRabDqANtJiFcfPfs8GZeBJ8qEfJepump,PP-e8db748a74a87d813713a74239d3f68f,FILLED,FALLBACK,2026-08-28T10:35:05.443288+00:00,,1126819,,2026-08-28T10:35:08.605487+00:00,,1,100000000,2355000,99956476,2354456,-43524,-4752980,4215739,LAST_FRESH_MARKET
SENS-C,SENS_TP20_T5,fp1sig-c99d4c3fdc251db0fe061a65,6dpc2cW8FJwJV6WrGGkREKGfaTjaxfAUaiUv2uJnmsG7,PP-a1133eac61b87be87f48ce7904dd1aed,UNRESOLVED,FALLBACK,2026-08-27T13:21:33.878514+00:00,,,,,NO_CAUSAL_FILL,0,100000000,2355000,,,,,,LAST_FRESH_MARKET
SENS-C,SENS_TP20_T5,fp1sig-ca0f4d8df2d7739709169a5a,8vikGhaeTBDyAxdLwEMqZF37nnnEGHB24Bx7odT5pump,PP-74c771179666bc5a1b8274f00dbf6037,FILLED,FALLBACK,2026-08-28T07:17:03.957442+00:00,,1061307,,2026-08-28T07:17:06.273506+00:00,,1,100000000,2355000,117609244,2575116,17609244,12679128,3556337,RULE_REFERENCE_FALLBACK
SENS-C,SENS_TP20_T5,fp1sig-ca5e74809adfe8d2f4a4fcc1,GxBWosnMZXdfng3rs4jZshy6NVoe14PWNNvuonf5pump,PP-5e65d850768b7e51e8ebc3700a9dc807,FILLED,FALLBACK,2026-08-28T03:58:54.784165+00:00,,987263,,2026-08-28T03:59:06.781975+00:00,,1,100000000,2355000,101155211,2369441,1155211,-3569230,14255973,LAST_FRESH_MARKET
SENS-C,SENS_TP20_T5,fp1sig-cab25a3e5268ee5940ee9467,BteitX5b1m84RebbQ3CM4z7wa95dBhRdbLg8QkXXpump,PP-3a06f46374b27b0ccd07be1dc9c4ed07,UNRESOLVED,FALLBACK,2026-08-28T03:45:23.661169+00:00,,,,,REJECTED_SLIPPAGE,33,100000000,2355000,,,,,,RULE_REFERENCE_FALLBACK
SENS-C,SENS_TP20_T5,fp1sig-caccfc2d3a48707f69aa37e2,EMKNr6oGXhuJMDwyx9SQRayj4X25vUdZSBH7QbqPpump,PP-baf2c4facf409a00e23fe5bad2866544,FILLED,FALLBACK,2026-08-28T11:21:04.426233+00:00,,1141135,,2026-08-28T11:21:04.969514+00:00,,1,100000000,2355000,124447088,2660589,24447088,19431499,1013577,RULE_REFERENCE_FALLBACK
SENS-C,SENS_TP20_T5,fp1sig-cb1c0de30687ec55b5ba11c1,8fmZ7i4mVQ6iUTR8U3hg3bFt1hzznkqHbBc9qCt8pump,PP-98806bff49fe0ab6b53ba38e857c8796,FILLED,FALLBACK,2026-08-27T21:23:24.273571+00:00,,867654,,2026-08-27T21:23:28.888797+00:00,,1,100000000,2355000,94633159,2287915,-5366841,-10009756,9112706,LAST_FRESH_MARKET
SENS-C,SENS_TP20_T5,fp1sig-cb8fdd7181ae855ab8439ef8,EEKNurVmiyh9q8vFf69Y8er2bjfWTUwp2oFki4xHpump,PP-aa391ee8280ad31a3eaab6bf708a817f,FILLED,FALLBACK,2026-08-28T10:58:44.634896+00:00,,1134756,,2026-08-28T10:58:50.240138+00:00,,1,100000000,2355000,74383924,2034800,-25616076,-30005876,9977889,RULE_REFERENCE_FALLBACK
SENS-C,SENS_TP20_T5,fp1sig-cbbc9d1413a406ec34eff3bd,J3Yj1i2yEtDAVo2XVQouuHKNya31vPdcvxP3KJeppump,PP-e79a5085c5adf666982a57e05b9a4e5f,FILLED,FALLBACK,2026-08-28T05:22:41.821518+00:00,,1014428,,2026-08-28T05:22:43.561964+00:00,,1,100000000,2355000,85010902,2167637,-14989098,-19511735,3598305,LAST_FRESH_MARKET
SENS-C,SENS_TP20_T5,fp1sig-cbdfaa9b24520a17d104585a,NuBU6dSnopwL84h3ZPPEDciKnxut527wvebHPPqBAcW,PP-5cb4fbf21f0d18efadf325778925849f,FILLED,FALLBACK,2026-08-27T19:26:55.966469+00:00,,842703,,2026-08-27T19:26:57.797534+00:00,,1,100000000,2355000,79007806,2092598,-20992194,-25439792,3139003,LAST_FRESH_MARKET
SENS-C,SENS_TP20_T5,fp1sig-cc86ec2ee33a389601fa1ff4,7iE7Uod136sVa8cGVze7uvtQdcaA2Q9H9hiJERnnWyNr,PP-322a7a8f6177a352c5c1de188af25ef6,FILLED,FALLBACK,2026-08-27T21:32:53.278393+00:00,,870257,,2026-08-27T21:33:00.623824+00:00,,1,100000000,2355000,88988611,2217358,-11011389,-15583747,8915959,LAST_FRESH_MARKET
SENS-C,SENS_TP20_T5,fp1sig-ce09dce63e7f9cf781607f5e,8ci9t37Q5bQ3vddBLnWkvGdhx7fGBLjKHYnpXhKbpump,PP-33066f4bc17884b396f2f6b520c9326b,FILLED,FALLBACK,2026-08-27T23:20:59.197071+00:00,,898392,,2026-08-27T23:21:00.536625+00:00,,1,100000000,2355000,100231350,2357892,231350,-4481542,3565229,LAST_FRESH_MARKET
SENS-C,SENS_TP20_T5,fp1sig-cf301d47e1d38da403a47ad9,3Fo9b8DGHKd9rpJGEE75jthfhoDpG8iGLBvJM984pump,PP-8b59053c15fdd2ad5eab1351e7dcaca8,FILLED,FALLBACK,2026-08-28T08:19:55.129052+00:00,,1088148,,2026-08-28T08:19:57.072803+00:00,,1,100000000,2355000,102417815,2385223,2417815,-2322408,3300046,LAST_FRESH_MARKET
SENS-C,SENS_TP20_T5,fp1sig-d02a9b7a3ad8a83ddab04f2a,4NshKPkyRdcoH6ULjux68ZYZiUvadwp5JazVJxzcpump,PP-3a1fa2ded24f6848278f8f884a61cf78,FILLED,FALLBACK,2026-08-27T23:47:51.691600+00:00,,906014,,2026-08-27T23:47:57.190793+00:00,,1,100000000,2355000,81271639,2120896,-18728361,-23204257,6568118,RULE_REFERENCE_FALLBACK
SENS-C,SENS_TP20_T5,fp1sig-d0f8c8f67e14ae1713cdccea,HM2H2uefME5nBufJ83S3GQkGSWYzwtn9rxhGd9zqpump,PP-f1115b5c495f060dcbb1591c4422d141,FILLED,FALLBACK,2026-08-28T07:16:31.939165+00:00,,1061003,,2026-08-28T07:16:33.567273+00:00,REJECTED_THEN_FILLED,2,100000000,2355000,67515330,1948942,-32484670,-36788612,3196474,LAST_FRESH_MARKET
SENS-C,SENS_TP20_T5,fp1sig-d146acb7828157b52fe14331,D559waVKgYPRtfACWkcZ2gZXca1vpHizCoMrm2itpump,PP-f282949a89507e4e3a503cff552eaee4,FILLED,FALLBACK,2026-08-28T02:55:44.156792+00:00,,964480,,2026-08-28T02:55:45.309794+00:00,,1,100000000,2355000,126260666,2683259,26260666,21222407,2889134,RULE_REFERENCE_FALLBACK
SENS-C,SENS_TP20_T5,fp1sig-d1847a016d8360b55777a63b,GxW73nQogqymCauq5Asymqghtz2NtroZhoSKB5dhXoG4,PP-13f9c0d5184894a55963b469a872c700,FILLED,FALLBACK,2026-08-27T18:32:19.594185+00:00,,831814,,2026-08-27T18:32:22.595576+00:00,,1,100000000,2355000,106002858,2430036,6002858,1217822,4481228,RULE_REFERENCE_FALLBACK
SENS-C,SENS_TP20_T5,fp1sig-d1effb00e93a24ecdd09b0e9,CEPqet6t3wpMoifBZjCZ8oPfQwEKVDYYu9pDfu99pump,PP-010fae50ffb447c98a81c9fa404e277b,FILLED,FALLBACK,2026-08-27T22:29:25.384426+00:00,,885803,,2026-08-27T22:29:31.242688+00:00,,1,100000000,2355000,145139625,2919246,45139625,39865379,7061453,RULE_REFERENCE_FALLBACK
SENS-C,SENS_TP20_T5,fp1sig-d2c769c2f59c616f89d50537,34mK6pt1mDZgCwczVoUf2HPE7P5hKPfZJPhwyYBMpump,PP-546a10b4aa48a517a94e14f2dff23553,FILLED,FALLBACK,2026-08-27T20:14:53.640969+00:00,,851799,,2026-08-27T20:14:59.495038+00:00,,1,100000000,2355000,99534353,2349180,-465647,-5169827,6773701,LAST_FRESH_MARKET
SENS-C,SENS_TP20_T5,fp1sig-d2cc9ed5a36e01ff5c44fbaf,7AatWUQA3tKZyXFLktEgoGdFxZAgjEK32SeuSH44pump,PP-a71161107c9483b4b8e9d89f765d66b0,FILLED,FALLBACK,2026-08-28T10:47:48.303884+00:00,,1132783,,2026-08-28T10:52:13.580001+00:00,,1,100000000,2355000,100763519,2364544,763519,-3956025,269410725,RULE_REFERENCE_FALLBACK
SENS-C,SENS_TP20_T5,fp1sig-d32d7d4b798eb2445cde25e3,3ip5asZefkm2RKU5GECwVr6ycrk62sGhaQbJMqqgpump,PP-71f4d056818de98d246cd3a47e6d6614,FILLED,FALLBACK,2026-08-28T10:36:40.386447+00:00,,1127242,,2026-08-28T10:36:43.124068+00:00,,1,100000000,2355000,98481839,2336023,-1518161,-6209184,4082072,LAST_FRESH_MARKET
SENS-C,SENS_TP20_T5,fp1sig-d5568527b28ffb6c7afa6fc6,DNNG5dDuHxuwWPZFubjMr1XvNGkbeqyvoKUtYd5Zpump,PP-bf22f94185c2cfa687dc1671c28daba9,UNRESOLVED,TAKE_PROFIT,2026-08-28T11:14:53.188230+00:00,1138945,,2026-08-28T11:14:53.188230+00:00,,REJECTED_SLIPPAGE,13,100000000,2355000,,,,,,TRIGGER_MARKET
SENS-C,SENS_TP20_T5,fp1sig-d69293d4244bd574c2641717,4VxEbwG815ERZhBBnmqmHgHGPidi7EFEH4hPnvbHpump,PP-beade00f853d89bfca6909519e2cc43e,FILLED,FALLBACK,2026-08-27T22:41:48.331385+00:00,,889418,,2026-08-27T22:41:53.295732+00:00,,1,100000000,2355000,99991418,2354893,-8582,-4718475,6593500,RULE_REFERENCE_FALLBACK
SENS-C,SENS_TP20_T5,fp1sig-d6a577e1d450ef50696b9b5e,LoADKnMkDnFAz3RWPxdXkKrLKFz1GhCaPHnZugPaLzg,PP-20cc4a3119ee464c4b06509f7d474734,FILLED,FALLBACK,2026-08-28T05:34:06.705060+00:00,,1018923,,2026-08-28T05:34:09.329340+00:00,,1,100000000,2355000,96193511,2307419,-3806489,-8468908,3637428,LAST_FRESH_MARKET
SENS-C,SENS_TP20_T5,fp1sig-d89b4563cc899747e4f9e865,4vai9R4LrWqCParLZvtdGwjE1NoT3rcM14m2yX1dpump,PP-aac9a689e4481d4f26458a7a8daf3c12,FILLED,FALLBACK,2026-08-27T19:42:26.404673+00:00,,845847,,2026-08-27T19:42:35.231428+00:00,,1,100000000,2355000,101270043,2370876,1270043,-3455833,9640810,LAST_FRESH_MARKET
SENS-C,SENS_TP20_T5,fp1sig-d9649086e4b5dbe3817cf87b,F6GSZLAyRmHmSqmo7XZw5hWApNEZST1p4tcVbuZfpump,PP-eb0f8ae9e89835155263eb54bad5c6d3,FILLED,FALLBACK,2026-08-28T08:11:50.602724+00:00,,1084945,,2026-08-28T08:11:53.000110+00:00,,1,100000000,2355000,86026401,2180331,-13973599,-18508930,2904928,RULE_REFERENCE_FALLBACK
SENS-C,SENS_TP20_T5,fp1sig-da709f59ff6dcfc706a9351e,Gv2Q1vnjWrnKY5kzbLh3rQsjuWYDndx5TuYfu8CMpump,PP-6232fbdf1c70eb3eb39821c7a53bfdfc,FILLED,FALLBACK,2026-08-27T14:37:19.792630+00:00,,792978,,2026-08-27T14:37:28.720866+00:00,,1,100000000,2355000,82393443,2134919,-17606557,-22096476,13347079,LAST_FRESH_MARKET
SENS-C,SENS_TP20_T5,fp1sig-db28b6c281a213dd0e4c5382,E5Q3tb6NU9pSuFN3cLwTPt8XKUjChkiASJ8ZiXPxYipF,PP-f3adc5609b42c33d2fad67f24c2845ea,FILLED,FALLBACK,2026-08-27T12:40:41.295044+00:00,,769594,,2026-08-27T12:40:45.317499+00:00,,1,100000000,2355000,86880517,2191007,-13119483,-17665490,7517218,RULE_REFERENCE_FALLBACK
SENS-C,SENS_TP20_T5,fp1sig-db7cead5fcceb01279bb06dd,Gy5C8Q5tzLSEu1PrZRJmfESHLVwWhtEbmeckDikXpump,PP-73ce7e56aa4909eabdb8388fa58fe218,FILLED,FALLBACK,2026-08-28T10:48:30.994237+00:00,,1131298,,2026-08-28T10:48:35.015440+00:00,,1,100000000,2355000,94742059,2289276,-5257941,-9902217,4819290,LAST_FRESH_MARKET
SENS-C,SENS_TP20_T5,fp1sig-dc061bb3390eaa6ed66ea4ad,92nkgmUkzdHs2d8o69JFixJFNFWCbqGbzCMAWGVbpump,PP-d3965c58e6aafab618a9688572703f42,FILLED,FALLBACK,2026-08-28T10:47:27.598621+00:00,,1130901,,2026-08-28T10:47:30.914650+00:00,,1,100000000,2355000,77669401,2075868,-22330599,-26761467,4621326,LAST_FRESH_MARKET
SENS-C,SENS_TP20_T5,fp1sig-dc9d8a4a5cf7c5c6f5b76a0f,HABCpUT22d7MJk5rb2GGWipkwvcchgiupm9Fmvt7pump,PP-d1ea40a941f7165eba925b3925753a27,FILLED,FALLBACK,2026-08-28T07:42:31.655108+00:00,,1073059,,2026-08-28T07:42:34.212480+00:00,,1,100000000,2355000,146054011,2930676,46054011,40768335,3411337,LAST_FRESH_MARKET
SENS-C,SENS_TP20_T5,fp1sig-dcc5bb27c76f16e7313152f7,BwYfCifLVzyHwrAirhynuR9tTqxy5z43CZK57Uaqpump,PP-7d78905c2b1e701fc9a5a9fe720a199b,FILLED,FALLBACK,2026-08-27T17:46:58.546495+00:00,,822573,,2026-08-27T17:47:22.518180+00:00,,1,100000000,2355000,115092635,2543658,15092635,10193977,24511738,RULE_REFERENCE_FALLBACK
SENS-C,SENS_TP20_T5,fp1sig-dcc85f6591a3b6124a387d1b,9aTym6ZrQTLiLAKpcM2nn6FP9A167nn2oG77KiFzpump,PP-876e8151e0e176624b4851a3f19bcbe2,FILLED,FALLBACK,2026-08-28T04:01:00.592930+00:00,,987924,,2026-08-28T04:01:06.065543+00:00,,1,100000000,2355000,112467307,2510842,12467307,7601465,6909063,RULE_REFERENCE_FALLBACK
SENS-C,SENS_TP20_T5,fp1sig-dd8fb0774514ce74648c88ec,4M6v2PUTiXZEdSbZAmxm5AGPU1YaiMTCq5tofmzApump,PP-8fe385990acc31834b1e6e6e8ff1f4c1,FILLED,FALLBACK,2026-08-28T05:38:23.360187+00:00,,1021072,,2026-08-28T05:38:26.518038+00:00,,1,100000000,2355000,99985810,2354823,-14190,-4724013,4376235,RULE_REFERENCE_FALLBACK
SENS-C,SENS_TP20_T5,fp1sig-ddb3e3ab05c3263972f1f0da,Ak7ETW1scuABkxtowej3fTvA5SCgZxgSaNrn32SNpump,PP-7b675222e78d7df066f36e4557925786,FILLED,FALLBACK,2026-08-28T06:28:06.672032+00:00,,1039393,,2026-08-28T06:28:15.873243+00:00,,1,100000000,2355000,100087450,2356094,87450,-4623644,10267207,LAST_FRESH_MARKET
SENS-C,SENS_TP20_T5,fp1sig-ddc626807f22329838242ced,9thoeiJ9m9zj7YNYVXsg9Ps2dxC9zkwYxB62A5e6GmXo,PP-7fde9fac75a99b72c80d57a970813446,FILLED,FALLBACK,2026-08-28T12:06:11.097511+00:00,,1156223,,2026-08-28T12:06:16.497582+00:00,,1,100000000,2355000,110715569,2488945,10715569,5871624,6952493,LAST_FRESH_MARKET
SENS-C,SENS_TP20_T5,fp1sig-deb5f707c45674ee5af8f393,9bouoShKTvYcmvXKW7TticNhBbeBSyfhPB6BpDtNpump,PP-66e996a47132975f3ed5bbfd21a74662,FILLED,FALLBACK,2026-08-28T04:52:57.891982+00:00,,1006175,,2026-08-28T04:53:00.068557+00:00,,1,100000000,2355000,106389259,2434866,6389259,1599393,3471563,RULE_REFERENCE_FALLBACK
SENS-C,SENS_TP20_T5,fp1sig-df3b7858f513bdb960267413,GiM9v8wXjFU3Q172SVhSyiqqGEXzSejAwETueNhCpump,PP-25cc155546f0ef405e04b4b8f00d2b34,FILLED,FALLBACK,2026-08-28T08:29:39.303393+00:00,,1092132,,2026-08-28T08:29:45.127756+00:00,,1,100000000,2355000,99667351,2350842,-332649,-5038491,6877070,RULE_REFERENCE_FALLBACK
SENS-C,SENS_TP20_T5,fp1sig-df40bb9d91fc031344bfdf6e,7v2KxRgcKe1qju91BcuPMD9zf9sRY1fCWC3SAXDgpump,PP-1ab2ede3143b3d9cda80463571691275,FILLED,TAKE_PROFIT,2026-08-28T10:28:25.755775+00:00,1124465,1124481,2026-08-28T10:28:25.755775+00:00,2026-08-28T10:28:26.355773+00:00,,1,100000000,2355000,157303394,3071293,57303394,51877101,786971,TRIGGER_MARKET
SENS-C,SENS_TP20_T5,fp1sig-df505d1f580a64428e51253d,FujC3Ak2obNyR8AkqErdivpZP8cuX4w65C1vKQ2ypump,PP-50f157049e5c24088c88a4bd70fe100a,FILLED,FALLBACK,2026-08-28T05:09:36.979684+00:00,,1010434,,2026-08-28T05:09:43.982745+00:00,,1,100000000,2355000,111373984,2497175,11373984,6521809,7651635,LAST_FRESH_MARKET
SENS-C,SENS_TP20_T5,fp1sig-dfa733f6022bfcaa9b2f7ff4,3v2g5NP7VJ8H2XvBr7CH2twRyEpUN6wppvchVBM6pump,PP-ac5d568a6ccfaedc60b240a7a92bd8ca,FILLED,FALLBACK,2026-08-27T13:12:09.238773+00:00,,776316,,2026-08-27T13:12:12.604067+00:00,,1,100000000,2355000,91380199,2247253,-8619801,-13222054,4787672,RULE_REFERENCE_FALLBACK
SENS-C,SENS_TP20_T5,fp1sig-e035f7a3efbc62d57d671c7d,HZNMPd51B75e4JPWyGsni7VpcxHme6tomrGy88PPpump,PP-d10c7385bb536191ed53d1415b4205c3,FILLED,TAKE_PROFIT,2026-08-28T09:16:41.114641+00:00,1104430,1104554,2026-08-28T09:16:41.114641+00:00,2026-08-28T09:17:26.486430+00:00,,1,100000000,2355000,133847050,2778089,33847050,28713961,47655830,TRIGGER_MARKET
SENS-C,SENS_TP20_T5,fp1sig-e0e8a43eb0a72930887d03f1,DuKgYtqyQ6oiKj8hqoktHR8kvoLyp3Qfhycv1Qqxpump,PP-e294ae9752ce3a661b3100784af86b29,FILLED,FALLBACK,2026-08-28T03:23:42.673122+00:00,,975956,,2026-08-28T03:23:44.941904+00:00,,1,100000000,2355000,95132174,2294153,-4867826,-9516979,3786613,LAST_FRESH_MARKET
SENS-C,SENS_TP20_T5,fp1sig-e1be09af3361e302e644aebf,5xZwUYfBAMXMVYoArAqk41EtSGLUzuymxFKt6Vcapump,PP-cb81a12164d99f455e0d447c9ab9efe4,FILLED,FALLBACK,2026-08-27T22:16:48.845311+00:00,,882254,,2026-08-27T22:16:50.593257+00:00,,1,100000000,2355000,94697727,2288722,-5302273,-9945995,3719842,LAST_FRESH_MARKET
SENS-C,SENS_TP20_T5,fp1sig-e3e998330770c0893a802f0f,AyL6PEGBCXusN1T1pq4jWAKyfNW5BMKVBDKxAH3s8NPp,PP-ef3374293e094ac100e8b105344da7b9,FILLED,FALLBACK,2026-08-27T23:42:23.211877+00:00,,903792,,2026-08-27T23:42:24.094354+00:00,,1,100000000,2355000,100361160,2359515,361160,-4353355,2517196,LAST_FRESH_MARKET
SENS-C,SENS_TP20_T5,fp1sig-e401b9778fc0267c8d5398ab,98GoqvatstNPxb852UnK4t2yatyEPGRNxZEAF3wDpump,PP-4992f2e6694a81900cf8272468816c5e,FILLED,FALLBACK,2026-08-27T15:20:23.756873+00:00,,800871,,2026-08-27T15:20:26.023242+00:00,,1,100000000,2355000,104175182,2407190,4175182,-587008,3967852,LAST_FRESH_MARKET
SENS-C,SENS_TP20_T5,fp1sig-e48c7d460c082b589e066540,37dgkn8nPqxjo9dW2JsyBmccMYNvutzaJ8ePPwg5pump,PP-73c823ee0c489a15696cf2b0d727ea48,FILLED,FALLBACK,2026-08-27T23:54:29.891235+00:00,,908453,,2026-08-27T23:54:37.231550+00:00,,1,100000000,2355000,95640731,2300510,-4359269,-9014779,9009163,LAST_FRESH_MARKET
SENS-C,SENS_TP20_T5,fp1sig-e4d8512d79677bc95393efb5,7ZCcjiQcBbcfcy31XQG4Yo9JFddupWx1C8EtFPhHpump,PP-29da74886bf61fb445ca93ec5d16147a,FILLED,FALLBACK,2026-08-27T14:10:03.917125+00:00,,788559,,2026-08-27T14:10:07.862149+00:00,,1,100000000,2355000,95210198,2295128,-4789802,-9439930,7697736,LAST_FRESH_MARKET
SENS-C,SENS_TP20_T5,fp1sig-e61573915e0b656fa39d1f01,4qXX8rw8u7eQePayeVgc34nzt48152QqTGgH28hEpump,PP-51307001f0f608da88e372d4491bbb25,FILLED,FALLBACK,2026-08-28T12:26:01.369201+00:00,,1161683,,2026-08-28T12:26:06.895412+00:00,,1,100000000,2355000,79283335,2096042,-20716665,-25167707,5966191,LAST_FRESH_MARKET
SENS-C,SENS_TP20_T5,fp1sig-e658165e8d74bcd15a66043d,6NeyGbhniEbs3UJUkNdbePGLj2xwdnsrCrNCpckwpump,PP-dede0c1265788d3bf0277e5ea4ff524a,FILLED,FALLBACK,2026-08-28T08:43:37.690522+00:00,,1096242,,2026-08-28T08:43:39.831414+00:00,,1,100000000,2355000,103357246,2396966,3357246,-1394720,6034584,RULE_REFERENCE_FALLBACK
SENS-C,SENS_TP20_T5,fp1sig-e73f1661f72b7605560e401a,Ga3LB75LyuDJKfTreTPx6Cew5TmjTQESXb12TAuZpump,PP-4d6b58e8abd3e93c82ba905c999dda20,FILLED,FALLBACK,2026-08-28T03:04:58.467306+00:00,,968282,,2026-08-28T03:05:00.282406+00:00,,1,100000000,2355000,86044614,2180558,-13955386,-18490944,3394110,LAST_FRESH_MARKET
SENS-C,SENS_TP20_T5,fp1sig-e82db2b618ab2241f232b188,4YckUGedvsBEXYQdKnfWMRr8njBLQLFexMr3sLFBpump,PP-527fd1a156dd8de8d298478c57d8a8b4,FILLED,FALLBACK,2026-08-28T06:42:52.541987+00:00,,1046069,,2026-08-28T06:42:54.758939+00:00,,1,100000000,2355000,93523207,2274041,-6476793,-11105834,3788130,RULE_REFERENCE_FALLBACK
SENS-C,SENS_TP20_T5,fp1sig-e8da1435cfc9528ee0fd01dc,Ad8qwHJ626N8q6jhnuJjDuLJ3Z3A8dpZTTMzBJ52pump,PP-0d18edfb84ea5af9734a90b682a2542d,FILLED,FALLBACK,2026-08-28T03:08:11.539236+00:00,,969476,,2026-08-28T03:08:14.520578+00:00,,1,100000000,2355000,101068453,2368356,1068453,-3654903,4453300,LAST_FRESH_MARKET
SENS-C,SENS_TP20_T5,fp1sig-e8db969d23d8c00f099b8a10,3xqVBHftAsUc3odoiQo1ppgJtipoPDuVXWnzK58UYfLe,PP-f8ecee5a11edf480baa21a00e3932724,FILLED,FALLBACK,2026-08-28T02:32:24.765322+00:00,,954423,,2026-08-28T02:32:26.460897+00:00,,1,100000000,2355000,98397001,2334963,-1602999,-6292962,3293447,LAST_FRESH_MARKET
SENS-C,SENS_TP20_T5,fp1sig-e9f6af3785ac752b259f3955,F8iMNpWFLxiHCPGEyzWrFFfKHxR81nevnqoHbtMrpump,PP-16e576dca1bd5029976cb30d47e46702,FILLED,FALLBACK,2026-08-28T12:03:45.143532+00:00,,1155605,,2026-08-28T12:03:49.395027+00:00,,1,100000000,2355000,101895058,2378689,1895058,-2838631,5157445,LAST_FRESH_MARKET
SENS-C,SENS_TP20_T5,fp1sig-e9f6e79265427f6672c2ab70,FUgYbjzZ4qc8n9yuAPKZWt6BuTUqRCDCh2FnC6Qppump,PP-dffcfb95c5e713c651ddbbc474da723c,FILLED,FALLBACK,2026-08-28T04:38:43.478555+00:00,,1000686,,2026-08-28T04:38:44.962427+00:00,,1,100000000,2355000,101985874,2379824,1985874,-2748950,2669537,LAST_FRESH_MARKET
SENS-C,SENS_TP20_T5,fp1sig-ea90feb6e29e5422afd2a79f,AGUcRrkjM93MxcN3NFzQxqPdJEg9iU4wXv88LRdvu1oB,PP-27bbd71b60fc249b28ec3a0fc02f9766,FILLED,FALLBACK,2026-08-28T00:38:55.437172+00:00,,920644,,2026-08-28T00:38:59.535568+00:00,,1,100000000,2355000,101898693,2378734,1898693,-2835041,6031787,RULE_REFERENCE_FALLBACK
SENS-C,SENS_TP20_T5,fp1sig-eb2b641c8663df82b30e4025,CX2v9mxaQhev6wzjWwLATJ7dcfsb7JWSq7EaCB8Ppump,PP-f56f62f717ae4e9d0761b33f211ec2df,FILLED,FALLBACK,2026-08-28T11:41:05.682205+00:00,,1148818,,2026-08-28T11:41:08.325867+00:00,,1,100000000,2355000,107013168,2442665,7013168,2215503,3431385,LAST_FRESH_MARKET
SENS-C,SENS_TP20_T5,fp1sig-ec31dbafefdceab0453ab626,3vJZE367HPt8B1gaaY5Fubczjp6roNN75Q6jDuV1pump,PP-dcc17dc9edc9c1002416abbc394b0e6e,FILLED,FALLBACK,2026-08-28T06:15:29.547007+00:00,,1034243,,2026-08-28T06:15:31.165095+00:00,,1,100000000,2355000,115928682,2554109,15928682,11019573,3151228,RULE_REFERENCE_FALLBACK
SENS-C,SENS_TP20_T5,fp1sig-ec6b9513bddb83a91d8a6e33,G1XFYnDeTMet6dvZvtWchjM8Rh3qLwnzncjbJ41rpump,PP-de7415371aff15baa129c81fee366454,FILLED,FALLBACK,2026-08-28T07:25:10.884779+00:00,,1065370,,2026-08-28T07:25:15.492084+00:00,,1,100000000,2355000,85370918,2172137,-14629082,-19156219,6554037,LAST_FRESH_MARKET
SENS-C,SENS_TP20_T5,fp1sig-ecf2e6f16709026c0c295dd3,2fjekZwVbdKcxgnRSNznuQUTbb8tsfbskjvARxDopump,PP-91cbaaf069d7ab6016042b1da07ec80e,FILLED,FALLBACK,2026-08-28T00:14:04.804706+00:00,,913513,,2026-08-28T00:14:06.642681+00:00,,1,100000000,2355000,108184348,2457305,8184348,3372043,3780867,LAST_FRESH_MARKET
SENS-C,SENS_TP20_T5,fp1sig-ed470baedbcc763de087caca,9Tt1qcVkXDRbvYbk7gWRpQHWamqthFz475Yb8auqpump,PP-17d73c75ed34a7d16858bfd8e41916e8,FILLED,FALLBACK,2026-08-27T13:28:45.088360+00:00,,780554,,2026-08-27T13:29:47.066591+00:00,REJECTED_THEN_FILLED,12,100000000,2355000,92557112,2261964,-7442888,-12059852,63156109,LAST_FRESH_MARKET
SENS-C,SENS_TP20_T5,fp1sig-eda0fec1e3c227e4734a305c,HDY51dGD9n2VPbBhvyizftWEb8oGMbEZ3PHoh89Ppump,PP-f4e803f3267757ef2c2aabd47992885c,UNRESOLVED,FALLBACK,2026-08-27T23:32:09.894395+00:00,,,,,NO_CAUSAL_FILL,0,100000000,2355000,,,,,,LAST_FRESH_MARKET
SENS-C,SENS_TP20_T5,fp1sig-eec4a4f287b24787d727efda,Bx5ZJTWrC7uAbTw3x4wnJfeQRziXgrmXnRePFvdtpump,PP-b04f6f72177610e2d449fe6670679d85,FILLED,FALLBACK,2026-08-28T04:02:47.402687+00:00,,988554,,2026-08-28T04:02:48.577849+00:00,,1,100000000,2355000,100530815,2361636,530815,-4185821,2991616,LAST_FRESH_MARKET
SENS-C,SENS_TP20_T5,fp1sig-efaf0f6c2298d11ba90f7ccb,DG4B8Lcg7L5qgSvsYvQMh4XiV4JzLAadWihuz3nQpump,PP-3bb53b0b548221b21bb61514d251cd67,FILLED,FALLBACK,2026-08-28T05:08:02.308347+00:00,,1009971,,2026-08-28T05:08:04.451703+00:00,,1,100000000,2355000,98006208,2330078,-1993792,-6678870,3913067,RULE_REFERENCE_FALLBACK
SENS-C,SENS_TP20_T5,fp1sig-efc504257ecd5fd1ddbdae98,8WkP9vFhw25NkT2Kdn7hgmhkY4VLDRfRdKoA3juBpump,PP-79a08af4be704b789d257e44f95644df,FILLED,FALLBACK,2026-08-27T19:57:33.038695+00:00,,848499,,2026-08-27T19:57:33.985111+00:00,,1,100000000,2355000,99529896,2349124,-470104,-5174228,2470773,RULE_REFERENCE_FALLBACK
SENS-C,SENS_TP20_T5,fp1sig-f08f81d17360f86d5d02976a,96n3bzxcgiAYgTDpQbocPd1yWdSyh2geNfGtcrmqpump,PP-fb29338edb96fae66e7ced3747351eb2,FILLED,FALLBACK,2026-08-28T02:14:35.275287+00:00,,948326,,2026-08-28T02:14:44.803650+00:00,,1,100000000,2355000,114891251,2541141,14891251,9995110,11120215,RULE_REFERENCE_FALLBACK
SENS-C,SENS_TP20_T5,fp1sig-f0a4751d0084adca59d9217f,pjNEmppTTdnnzhKQLxiGhuvNUstBsqTGWJ2iMiDpump,PP-4fe59114f75a8f4eb81cc90f7b97ec5c,FILLED,FALLBACK,2026-08-28T04:49:13.487662+00:00,,1004835,,2026-08-28T04:49:18.585330+00:00,,1,100000000,2355000,101177532,2369720,1177532,-3547188,6566848,RULE_REFERENCE_FALLBACK
SENS-C,SENS_TP20_T5,fp1sig-f0b7e7d29b40d14f006dca5d,38pWYnzgNn4VaWwcEkQKkQCEfMkTSEpyPFazYDZvpump,PP-ecefb2375e0b47d28c3471e2c70cde65,UNRESOLVED,FALLBACK,2026-08-28T08:19:19.959936+00:00,,,,,REJECTED_SLIPPAGE,15,100000000,2355000,,,,,,RULE_REFERENCE_FALLBACK
SENS-C,SENS_TP20_T5,fp1sig-f15d999c5993af272992ee12,EyMQJq47iqpq4t13uCCqco1vnrM6aztuZDbtD24Apump,PP-b710c183273644d49ce01434254ad525,FILLED,FALLBACK,2026-08-28T10:11:48.297418+00:00,,1118412,,2026-08-28T10:11:52.392633+00:00,,1,100000000,2355000,185777356,3427217,85777356,79995139,8480218,LAST_FRESH_MARKET
SENS-C,SENS_TP20_T5,fp1sig-f287324d8c9b114553edad11,r6Caq7W353ko7nHBQn1GijNt98dCwnzaTnZPm6ipump,PP-4458c14c5f88ef28114b43ab4887c6bc,FILLED,FALLBACK,2026-08-28T06:56:40.533895+00:00,,1052853,,2026-08-28T06:57:00.522175+00:00,,1,100000000,2355000,94207809,2282598,-5792191,-10429789,22216783,RULE_REFERENCE_FALLBACK
SENS-C,SENS_TP20_T5,fp1sig-f29615400abc40c459bc20f2,25FtppjQL4dnmvR2CPKnwrvZaLF3KzF6c6Fuw52xpump,PP-c47a9e931a812d9fcd1bc10ddd91bc20,FILLED,TAKE_PROFIT,2026-08-28T05:39:04.086372+00:00,1021450,1021457,2026-08-28T05:39:04.086372+00:00,2026-08-28T05:39:08.236180+00:00,,1,100000000,2355000,130886830,2741086,30886830,25790744,4205811,TRIGGER_MARKET
SENS-C,SENS_TP20_T5,fp1sig-f29a91d34d666953ed0c22cd,DDWp9FwnvKPU32LqdxUHPr2bUy1a7gjxCwvrYvgDpump,PP-101c71a8c3ef4797e697fc1b170e8a2f,FILLED,FALLBACK,2026-08-28T04:41:56.137333+00:00,,1001665,,2026-08-28T04:41:57.721586+00:00,,1,100000000,2355000,106961279,2442016,6961279,2164263,3295376,LAST_FRESH_MARKET
SENS-C,SENS_TP20_T5,fp1sig-f481b48e278222a20d7aec94,3dT86cLy5GKGU6E2jus94MBGzN6TV7egzENDUA3Jpump,PP-79c4cb46cc5372ce03414bbbe123efca,FILLED,FALLBACK,2026-08-28T07:08:10.702893+00:00,,1057585,,2026-08-28T07:08:13.562267+00:00,,1,100000000,2355000,109291157,2471140,9291157,4465017,3758311,LAST_FRESH_MARKET
SENS-C,SENS_TP20_T5,fp1sig-f5ebd5f383f4d64eb8b60e9d,BCTqG66s4W8s8i4vhapF9Vy93J14ScVwFbsiyyCGpump,PP-314aa8f6d404093c2e1a6f5f3ae435a9,FILLED,FALLBACK,2026-08-28T08:12:16.249519+00:00,,1085158,,2026-08-28T08:12:18.070540+00:00,,1,100000000,2355000,97960688,2329509,-2039312,-6723821,3384320,LAST_FRESH_MARKET
SENS-C,SENS_TP20_T5,fp1sig-f66fede5ea4d327c4dc09e15,6zu75o2J2qeF1bzpoHUnnKgZVtg3cLn9in2PPhikpump,PP-c4a138cd2801371d58a7e4d77284ebef,FILLED,FALLBACK,2026-08-27T19:38:49.558478+00:00,,845252,,2026-08-27T19:38:54.214677+00:00,,1,100000000,2355000,99430582,2347883,-569418,-5272301,4860635,RULE_REFERENCE_FALLBACK
SENS-C,SENS_TP20_T5,fp1sig-f694096b5949e2edfa9b4efe,GLvAmXjLiV2WCwLp6Q3XPbMdrEdDjKRdmyMB7eABpump,PP-de7ada12ad6bc98fc520f41c43fd0b87,FILLED,FALLBACK,2026-08-27T23:30:42.574935+00:00,,900618,,2026-08-27T23:30:46.906123+00:00,,1,100000000,2355000,118520810,2586511,18520810,13579299,5017578,RULE_REFERENCE_FALLBACK
SENS-C,SENS_TP20_T5,fp1sig-f76511f3c699063c8bc65d45,ByA9tPdxfa2Bi6ekrKh5GcWXDw4ByWhrBPCq6WCYpump,PP-bc8d254c283fbd62f4b0176c00033a11,FILLED,FALLBACK,2026-08-28T02:28:49.342797+00:00,,953036,,2026-08-28T02:28:50.686965+00:00,,1,100000000,2355000,115086069,2543576,15086069,10187493,3164539,RULE_REFERENCE_FALLBACK
SENS-C,SENS_TP20_T5,fp1sig-f8614f08563c2ef87c916eb9,ERH37a4qh3PVT7T5dEKubX3yAoxUndMKC8h2TPv8pump,PP-cdd83a615883b192e6c69bcaeaf6166f,FILLED,FALLBACK,2026-08-28T04:10:53.316257+00:00,,992135,,2026-08-28T04:11:20.387940+00:00,REJECTED_THEN_FILLED,5,100000000,2355000,114076743,2530960,14076743,9190783,28593896,RULE_REFERENCE_FALLBACK
SENS-C,SENS_TP20_T5,fp1sig-f8904b239f4ee81efd3e2183,D55AKnKsb2jSmH2X11NswA5EW45rJF9dkSJkj7Hipump,PP-3adb7de258fc233a9537da2a4ffd5160,FILLED,FALLBACK,2026-08-28T05:46:47.417097+00:00,,1024425,,2026-08-28T05:47:05.482593+00:00,,1,100000000,2355000,97768661,2327109,-2231339,-6913448,18461564,RULE_REFERENCE_FALLBACK
SENS-C,SENS_TP20_T5,fp1sig-f8c9fb0692cb38343108011f,3weSYKH4sjb9MburxnkqpcJPxRK8SzQyzwwAp5FjNwWe,PP-f684179d11fd84203546fd51338b329b,FILLED,TAKE_PROFIT,2026-08-28T12:10:33.165492+00:00,1157335,1157345,2026-08-28T12:10:33.165492+00:00,2026-08-28T12:10:37.033628+00:00,,1,100000000,2355000,115144214,2544303,15144214,10244911,3939659,TRIGGER_MARKET
SENS-C,SENS_TP20_T5,fp1sig-f9bb54bfa2629d1a6b0fa41b,AqD7AcVj4ubowtRpvCLfTLLAkeGxexsKHFnjohe1pump,PP-89f2343103039c543da402002cd9332a,FILLED,FALLBACK,2026-08-28T06:07:53.731630+00:00,,1031969,,2026-08-28T06:07:55.432040+00:00,,1,100000000,2355000,82521435,2136518,-17478565,-21970083,2764299,LAST_FRESH_MARKET
SENS-C,SENS_TP20_T5,fp1sig-f9c15b3ffc297ab33eb836b5,9r2cETdryH8NAKfDmiN4gjumkndH2zuJhq69BASjpump,PP-075935c361a3c1a27ecab4e5f58139ba,FILLED,FALLBACK,2026-08-28T05:42:19.853652+00:00,,1022746,,2026-08-28T05:42:22.009656+00:00,,1,100000000,2355000,102488660,2386109,2488660,-2252449,2472139,LAST_FRESH_MARKET
SENS-C,SENS_TP20_T5,fp1sig-fa014a95b0d2554ed5d05fe0,6F38NcwybnmwZajUkhjzZGPpru3iZEqD2HE3fLZupump,PP-9efb0057f8cd03e241b2c09ebb364bd1,FILLED,FALLBACK,2026-08-28T02:47:24.206050+00:00,,961392,,2026-08-28T02:49:22.744805+00:00,,1,100000000,2355000,97883584,2328545,-2116416,-6799961,120382194,RULE_REFERENCE_FALLBACK
SENS-C,SENS_TP20_T5,fp1sig-fa4b9357aaf44e52da8ea16c,HnbQcdPzJYNfLNLxDRBTdvNQ6WwEmTGFzYraorRopump,PP-668afe09ec406bd8a11abd7c99db3931,FILLED,FALLBACK,2026-08-27T23:43:32.148808+00:00,,904302,,2026-08-27T23:43:34.093193+00:00,,1,100000000,2355000,103042471,2393031,3042471,-1705560,3624542,LAST_FRESH_MARKET
SENS-C,SENS_TP20_T5,fp1sig-faf22246e64c96f788104906,ELoNNVZXuGDi5r7x4EwHewwqaQdF3a5AvPDDdnmCBgrP,PP-7d8bf95974a1e54dc1739b57454060d8,FILLED,FALLBACK,2026-08-28T06:14:06.760742+00:00,,1033809,,2026-08-28T06:14:08.539318+00:00,,1,100000000,2355000,102770194,2389628,2770194,-1974434,3661963,LAST_FRESH_MARKET
SENS-C,SENS_TP20_T5,fp1sig-fb376bb6f16ce92f309b9a5d,FxY9s97UjZqnscbqQsD61NfDxykYtoK5L2DWDE9xpump,PP-df8543b9d9ff503bcc04140b932c5194,FILLED,FALLBACK,2026-08-27T12:49:59.143099+00:00,,771400,,2026-08-27T12:50:00.677355+00:00,,1,100000000,2355000,91557468,2249469,-8442532,-13047001,2528851,RULE_REFERENCE_FALLBACK
SENS-C,SENS_TP20_T5,fp1sig-fc29fe6ed52cc15afc078956,4e86ZfHKM4hLPGJ1BJVetf5aDm67KKHXzotXbr4Bpump,PP-2d7fdd5aa5f6e449b92c3214af032dd0,FILLED,FALLBACK,2026-08-28T10:43:40.908696+00:00,,1129333,,2026-08-28T10:43:44.257177+00:00,,1,100000000,2355000,85298119,2171227,-14701881,-19228108,4072009,LAST_FRESH_MARKET
SENS-C,SENS_TP20_T5,fp1sig-fcfd1659c185086db8e0bb80,2GCB9y3H2Hyny8Ej74Xn66YYjHPWc8kmMh6G4hfWpump,PP-e3358bffd7826b3ea4dff14d6b14f25e,FILLED,FALLBACK,2026-08-28T07:52:03.047445+00:00,,1076963,,2026-08-28T07:52:05.459068+00:00,,1,100000000,2355000,70021017,1980263,-29978983,-34314246,3458302,LAST_FRESH_MARKET
SENS-C,SENS_TP20_T5,fp1sig-fda268a0c9e8b71cc9d4fa5f,3b5XP821dW1X34G5UChGYcZe57TKy2Ray2KCkvXMpump,PP-bfb54e3ac9433f14a33a879c10615290,FILLED,FALLBACK,2026-08-28T08:19:08.612302+00:00,,1087869,,2026-08-28T08:19:26.005934+00:00,REJECTED_THEN_FILLED,6,100000000,2355000,86153509,2181919,-13846491,-18383410,18511388,LAST_FRESH_MARKET
SENS-C,SENS_TP20_T5,fp1sig-fdab6b1ae0f1cbca8162d060,JB9pbBCPAcS5JAyFVrkmok3ZETiUZ3k5qrrqUKdhpump,PP-a31343fbad66833c3fefd4b1249c53cd,FILLED,FALLBACK,2026-08-28T03:35:39.772076+00:00,,980031,,2026-08-28T03:35:41.687269+00:00,,1,100000000,2355000,99402362,2347530,-597638,-5300168,3096184,RULE_REFERENCE_FALLBACK
SENS-C,SENS_TP20_T5,fp1sig-fdc377c2629ac895ccd684bb,AMfTPMS3hjNJGTXxk726np883wNtz5MH2V1m1rzQpump,PP-fb67c7534da45070e55847c8b307ae1c,FILLED,FALLBACK,2026-08-28T06:26:09.741236+00:00,,1038420,,2026-08-28T06:26:28.911008+00:00,REJECTED_THEN_FILLED,4,100000000,2355000,124211883,2657649,24211883,19199234,20697987,RULE_REFERENCE_FALLBACK
SENS-C,SENS_TP20_T5,fp1sig-fdc9e74be4653145123e5b31,MiQ1dR3L3aSGxRhFCqBuzp8ySioan3VdBrztAi4pump,PP-6e3853f205874a52af7495d0b177095b,FILLED,FALLBACK,2026-08-28T09:38:06.690272+00:00,,1109872,,2026-08-28T09:38:07.322081+00:00,,1,100000000,2355000,103761579,2402020,3761579,-995441,5078091,LAST_FRESH_MARKET
SENS-C,SENS_TP20_T5,fp1sig-ff24488d4687a0d09eec86d9,D7quj7UTHuDbTePEuWbxVqzDgYwBy67dRnV3TGe9pump,PP-c524a795d2266bffc89aaecf47876781,FILLED,FALLBACK,2026-08-28T07:28:18.349545+00:00,,1066706,,2026-08-28T07:28:20.196611+00:00,,1,100000000,2355000,99989023,2354863,-10977,-4720840,3376886,RULE_REFERENCE_FALLBACK
SENS-C,SENS_TP20_T5,fp1sig-ff32084bf68f1575c1fd013e,9oPkEdUJMFfRhyhwvz4Az3vwUwtrd895EYkXDnTzpump,PP-cd917afd92270d08935baf8bcaebe86f,FILLED,FALLBACK,2026-08-27T19:07:29.645892+00:00,,839118,,2026-08-27T19:07:34.319323+00:00,,1,100000000,2355000,98502864,2336286,-1497136,-6188422,5713349,RULE_REFERENCE_FALLBACK
