policy_id,policy_fingerprint,family,positions,fills,unresolved,fill_rate,unresolved_rate,rejected_slippage_count,rejected_slippage_rate,no_causal_fill_count,no_causal_fill_rate,take_profit_count,stop_loss_count,trail_count,fallback_count,filled_take_profit_count,filled_stop_loss_count,filled_trail_count,filled_fallback_count,gross_execution_pnl_lamports,entry_explicit_cost_lamports,exit_explicit_cost_lamports,total_explicit_cost_lamports,net_pnl_lamports,expectancy_lamports_per_filled_trade,expectancy_denominator,wins,losses,breakevens,win_rate,average_winner_lamports,average_loser_lamports,profit_factor,mean_holding_time_us,median_holding_time_us,p90_holding_time_us,equity_label,final_realized_closed_pnl_lamports,peak_realized_closed_pnl_lamports,max_realized_closed_equity_drawdown_lamports,timeout_origin,timeout_ms,tp_bps,sl_bps,trailing_activation_bps,trailing_giveback_bps
TIME_T15S,982e9ce39b81cf55a830bfe8bad2a715e1e8aef43be7d4a156a33725d7751920,TIMEOUT_ONLY,635,607,28,0.955905511811,0.044094488189,15,0.023622047244,13,0.020472440945,0,0,0,635,0,0,0,607,490516655,1429485000,1435616754,2865101754,-2374585099,-3912001.810544,FILLED,195,412,0,0.321252059308,25316338.220513,-17745803.524272,0.675215830174,28169320.113674,18935489,38810312,REALIZED_CLOSED_EQUITY,-2374585099,0,2457317883,ENTRY_FILL_CLOCK,15000,,,,
TIME_T20S,fc5ca2fca651f63c46a9dfcbc2834836b8e29c8ded28045997fa5ae311288847,TIMEOUT_ONLY,635,602,33,0.948031496063,0.051968503937,16,0.025196850394,17,0.026771653543,0,0,0,635,0,0,0,602,844632623,1417710000,1428268197,2845978197,-2001345574,-3324494.308970,FILLED,197,405,0,0.327242524917,28990326.776650,-19043061.602469,0.740504225999,33348528.898671,24106974,44145137,REALIZED_CLOSED_EQUITY,-2001345574,75614407,2108238432,ENTRY_FILL_CLOCK,20000,,,,
TIME_T30S,20ddfe2a607aff6329809e1acf3f71936b1d39569fa5bc25520eff316e1cdc3a,TIMEOUT_ONLY,635,598,37,0.941732283465,0.058267716535,15,0.023622047244,22,0.034645669291,0,0,0,635,0,0,0,598,888082131,1408290000,1419391324,2827681324,-1939599193,-3243476.911371,FILLED,203,395,0,0.339464882943,34186980.522167,-22479889.212658,0.781565751622,43619416.105351,33688789,55577264,REALIZED_CLOSED_EQUITY,-1939599193,39474971,1979074164,ENTRY_FILL_CLOCK,30000,,,,
TIME_T45S,09b5d475b6aab419c933fc5b83edd93b80bb8b71c0b829ccde4bd11483b208f6,TIMEOUT_ONLY,635,590,45,0.929133858268,0.070866141732,12,0.018897637795,33,0.051968503937,0,0,0,635,0,0,0,590,1721687971,1389450000,1410971387,2800421387,-1078733416,-1828361.722034,FILLED,212,378,0,0.359322033898,44434563.372642,-27774764.156085,0.897252337057,147236792.105085,49502373,76899743,REALIZED_CLOSED_EQUITY,-1078733416,561887448,1653677083,ENTRY_FILL_CLOCK,45000,,,,
TIME_T60S,94a5c2d837de7ac119e8d0b2a25e2308a93019f6ff83ffd9481238a7816ff05f,TIMEOUT_ONLY,635,573,62,0.902362204724,0.097637795276,15,0.023622047244,47,0.074015748031,0,0,0,635,0,0,0,573,1849472603,1349415000,1372533680,2721948680,-872476077,-1522645.858639,FILLED,209,364,0,0.364746945899,48535198.177033,-30264649.714286,0.920801584618,165530111.668412,64577667,93836052,REALIZED_CLOSED_EQUITY,-872476077,434153158,1362220064,ENTRY_FILL_CLOCK,60000,,,,
TIME_T90S,6d3641cb93c065d8ae7a9abab4dc2a699714e1b4d111098ee9bf9c1cf1aa4a3a,TIMEOUT_ONLY,635,540,95,0.850393700787,0.149606299213,23,0.036220472441,72,0.113385826772,0,0,0,635,0,0,0,540,1319200127,1271700000,1288190269,2559890269,-1240690142,-2297574.337037,FILLED,189,351,0,0.350000000000,54706245.259259,-32991938.735043,0.892860805251,213579428.720370,95396728,148170998,REALIZED_CLOSED_EQUITY,-1240690142,351574363,1641110296,ENTRY_FILL_CLOCK,90000,,,,
TIME_T120S,01f6a9ddb1a0a8d332d38f04609fe2937c09796c6e7f12bd270238615bd2a591,TIMEOUT_ONLY,635,526,109,0.828346456693,0.171653543307,15,0.023622047244,94,0.148031496063,0,0,0,635,0,0,0,526,1143883156,1238730000,1253028789,2491758789,-1347875633,-2562501.203422,FILLED,177,349,0,0.336501901141,65837686.536723,-37252567.765043,0.896326399423,255972357.912548,125851270,181431129,REALIZED_CLOSED_EQUITY,-1347875633,128114510,1590824895,ENTRY_FILL_CLOCK,120000,,,,
TP10_T15S,f848e2723e3d3dcc27509c0204164b4d681f254e9e70480c8e92961f4f317c70,TP_TIMEOUT,635,609,26,0.959055118110,0.040944881890,13,0.020472440945,13,0.020472440945,217,0,0,418,211,0,0,398,867836508,1434195000,1445043265,2879238265,-2011401757,-3302794.346470,FILLED,222,387,0,0.364532019704,19558980.662162,-16417300.940568,0.683418085620,23181756.927750,17826054,36978041,REALIZED_CLOSED_EQUITY,-2011401757,0,2041587924,ENTRY_FILL_CLOCK,15000,1000,,,
TP10_T30S,ba5a06e3bcd37670a7c31d29e789f67075944cd607c4dafd16db9bbe040918ab,TP_TIMEOUT,635,601,34,0.946456692913,0.053543307087,15,0.023622047244,19,0.029921259843,277,0,0,358,271,0,0,330,1622127215,1415355000,1435631898,2850986898,-1228859683,-2044691.652246,FILLED,258,343,0,0.429284525790,22323744.798450,-20374302.743440,0.824156863837,32666263.765391,31658106,51963713,REALIZED_CLOSED_EQUITY,-1228859683,48292803,1296812157,ENTRY_FILL_CLOCK,30000,1000,,,
TP10_T60S,6b1c5b591ba8dcef7187326de8cb4db38d32b341b1734376835cf459cc91cec2,TP_TIMEOUT,635,588,47,0.925984251969,0.074015748031,15,0.023622047244,32,0.050393700787,337,0,0,298,330,0,0,258,1564363344,1384740000,1404294836,2789034836,-1224671492,-2082774.646259,FILLED,290,298,0,0.493197278912,23023743.265517,-26515292.077181,0.845008839909,136227566.129252,47912327,85286721,REALIZED_CLOSED_EQUITY,-1224671492,5749698,1273324451,ENTRY_FILL_CLOCK,60000,1000,,,
TP10_T120S,43c6a9da0b0a9c75c380ca8183435f520ac38a2fc3e1f94cfbb6e660b5bf8be6,TP_TIMEOUT,635,571,64,0.899212598425,0.100787401575,12,0.018897637795,52,0.081889763780,371,0,0,264,362,0,0,209,2187039070,1344705000,1372043276,2716748276,-529709206,-927686.875657,FILLED,309,262,0,0.541155866900,23666234.954693,-29933495.446565,0.932457241213,174504174.684764,45874825,158840817,REALIZED_CLOSED_EQUITY,-529709206,440747429,1003606312,ENTRY_FILL_CLOCK,120000,1000,,,
TP15_T15S,6f21dc8e95dd6253d4102b872947700215e22e3da8fcca0ed2b123a12f27974e,TP_TIMEOUT,635,607,28,0.955905511811,0.044094488189,15,0.023622047244,13,0.020472440945,162,0,0,473,155,0,0,452,790307689,1429485000,1439364153,2868849153,-2078541464,-3424285.772652,FILLED,221,386,0,0.364085667216,20304596.108597,-17009992.756477,0.683431820184,24483355.588138,18132219,37670425,REALIZED_CLOSED_EQUITY,-2078541464,0,2124371875,ENTRY_FILL_CLOCK,15000,1500,,,
TP15_T30S,d59ee55390a8a4a9fdf5be0ce487bc3fbeb94a3ac03d2ae4fbc260a9da4f12c5,TP_TIMEOUT,635,597,38,0.940157480315,0.059842519685,19,0.029921259843,19,0.029921259843,230,0,0,405,223,0,0,374,1366254010,1405935000,1423013477,2828948477,-1462694467,-2450074.484087,FILLED,250,347,0,0.418760469012,23861097.096000,-21406249.974063,0.803082845661,35483412.656616,32302771,54752734,REALIZED_CLOSED_EQUITY,-1462694467,0,1497998382,ENTRY_FILL_CLOCK,30000,1500,,,
TP15_T60S,a3cd0a9e099b6765f92d9e76c314c188febded6aac63d0e21baba7e74a46cb38,TP_TIMEOUT,635,582,53,0.916535433071,0.083464566929,19,0.029921259843,34,0.053543307087,283,0,0,352,274,0,0,308,1336215853,1370610000,1387312983,2757922983,-1421707130,-2442795.756014,FILLED,279,303,0,0.479381443299,25311974.136201,-27999168.033003,0.832419922844,143141742.295533,61289200,87566377,REALIZED_CLOSED_EQUITY,-1421707130,37119853,1507951132,ENTRY_FILL_CLOCK,60000,1500,,,
TP15_T120S,970115494f88297cc6ae62311f4d462e2ddc2b8998d17e57f6ef9006e8c5b8eb,TP_TIMEOUT,635,556,79,0.875590551181,0.124409448819,18,0.028346456693,61,0.096062992126,325,0,0,310,311,0,0,245,2211836621,1309380000,1337028229,2646408229,-434571608,-781603.611511,FILLED,300,256,0,0.539568345324,26535448.200000,-32793773.703125,0.948235742580,191805514.435252,74258008,167330944,REALIZED_CLOSED_EQUITY,-434571608,244497709,712218994,ENTRY_FILL_CLOCK,120000,1500,,,
TP20_T15S,1ac586e2cf5bd18588858d34ecf3e205f1703c5c8444c26c38d7a10dc78e3c31,TP_TIMEOUT,635,607,28,0.955905511811,0.044094488189,15,0.023622047244,13,0.020472440945,136,0,0,499,131,0,0,476,830337897,1429485000,1439864525,2869349525,-2039011628,-3359162.484349,FILLED,220,387,0,0.362438220758,21201965.695455,-17321560.932817,0.695826264326,25042009.220758,18332240,37670425,REALIZED_CLOSED_EQUITY,-2039011628,0,2092110975,ENTRY_FILL_CLOCK,15000,2000,,,
TP20_T30S,7d53002eec85ff8ede990cfefac11f49bd4cdef631d12aff6de026e07af18236,TP_TIMEOUT,635,597,38,0.940157480315,0.059842519685,18,0.028346456693,20,0.031496062992,185,0,0,450,180,0,0,417,1539607168,1405935000,1425180386,2831115386,-1291508218,-2163330.348409,FILLED,248,349,0,0.415410385260,25572086.165323,-21872165.005731,0.830807941865,36744448.619765,32670205,54881714,REALIZED_CLOSED_EQUITY,-1291508218,0,1334081069,ENTRY_FILL_CLOCK,30000,2000,,,
TP20_T60S,78f8f03ea91a85a642d8bfa906ec9feef78be52d472f0c828bfc8c9e2d082199,TP_TIMEOUT,635,580,55,0.913385826772,0.086614173228,17,0.026771653543,38,0.059842519685,244,0,0,391,237,0,0,343,1933552268,1365900000,1390069679,2755969679,-822417411,-1417961.053448,FILLED,277,303,0,0.477586206897,28755732.548736,-29002492.828383,0.906413255673,146080156.779310,61857362,87566377,REALIZED_CLOSED_EQUITY,-822417411,93568614,972379110,ENTRY_FILL_CLOCK,60000,2000,,,
TP20_T120S,4a39306250374a4dd81774c81c5f25363083dec75040e3d1a64b6c7bc17b8ac0,TP_TIMEOUT,635,552,83,0.869291338583,0.130708661417,16,0.025196850394,67,0.105511811024,292,0,0,343,282,0,0,270,2877567012,1299960000,1335929850,2635889850,241677162,437820.945652,FILLED,294,258,0,0.532608695652,30692534.632653,-34038480.697674,1.027519829524,198405406.382246,111479467,167330944,REALIZED_CLOSED_EQUITY,241677162,831997122,703353345,ENTRY_FILL_CLOCK,120000,2000,,,
TP25_T15S,4b9634cf2d11890c3d02130149089c8946eef54e9843608ee7d632c6974b916c,TP_TIMEOUT,635,610,25,0.960629921260,0.039370078740,12,0.018897637795,13,0.020472440945,108,0,0,527,106,0,0,504,870964995,1436550000,1447437368,2883987368,-2013022373,-3300036.677049,FILLED,216,394,0,0.354098360656,22481728.583333,-17434202.403553,0.706944216785,25392432.450820,18452321,37640465,REALIZED_CLOSED_EQUITY,-2013022373,0,2053637990,ENTRY_FILL_CLOCK,15000,2500,,,
TP25_T30S,f399eb1d341604c7657dffae9f3d0ab0a75393bcbd402622aebb28f284525672,TP_TIMEOUT,635,598,37,0.941732283465,0.058267716535,17,0.026771653543,20,0.031496062992,153,0,0,482,149,0,0,449,1379447459,1408290000,1425533390,2833823390,-1454375931,-2432066.774247,FILLED,235,363,0,0.392976588629,27654790.995745,-21909784.614325,0.817134429435,37997887.759197,32978776,55303670,REALIZED_CLOSED_EQUITY,-1454375931,0,1454375931,ENTRY_FILL_CLOCK,30000,2500,,,
TP25_T60S,2068a07021af05b9df1847538b0f3c0e463126b471cac52601d1df3ba2cc8799,TP_TIMEOUT,635,578,57,0.910236220472,0.089763779528,18,0.028346456693,39,0.061417322835,208,0,0,427,202,0,0,376,1842616199,1361190000,1384222979,2745412979,-902796780,-1561932.145329,FILLED,265,313,0,0.458477508651,31153274.033962,-29260109.900958,0.901424336062,149408180.147059,62627810,88431761,REALIZED_CLOSED_EQUITY,-902796780,33435003,996100526,ENTRY_FILL_CLOCK,60000,2500,,,
TP25_T120S,8862befbdaef20599b2c0d4e1c0109b35b1a933fd225f4955c2fd1f0437bd0f8,TP_TIMEOUT,635,550,85,0.866141732283,0.133858267717,16,0.025196850394,69,0.108661417323,263,0,0,372,254,0,0,296,2721838771,1295250000,1329273251,2624523251,97315520,176937.309091,FILLED,282,268,0,0.512727272727,33789746.553191,-35191764.955224,1.010318255206,206200420.350909,121503482,172425120,REALIZED_CLOSED_EQUITY,97315520,784874135,831885061,ENTRY_FILL_CLOCK,120000,2500,,,
TP30_T15S,095877d533f0e0d03047870a7af532f83affcf423c794b30cb5dcb4a369c4587,TP_TIMEOUT,635,609,26,0.959055118110,0.040944881890,13,0.020472440945,13,0.020472440945,84,0,0,551,82,0,0,527,518425705,1434195000,1440675624,2874870624,-2356444919,-3869367.683087,FILLED,208,401,0,0.341543513957,22464712.240385,-17528940.311721,0.664758899290,26969408.142857,18533877,38104065,REALIZED_CLOSED_EQUITY,-2356444919,0,2400641455,ENTRY_FILL_CLOCK,15000,3000,,,
TP30_T30S,2552cc5b013028e2dc6b0cdd8d7cc1dda200667e90f3e6a2045ec591285d56f7,TP_TIMEOUT,635,598,37,0.941732283465,0.058267716535,16,0.025196850394,21,0.033070866142,122,0,0,513,119,0,0,479,935277462,1408290000,1419981264,2828271264,-1892993802,-3165541.474916,FILLED,225,373,0,0.376254180602,28080510.240000,-22013695.994638,0.769459412507,40171735.630435,33183307,55303670,REALIZED_CLOSED_EQUITY,-1892993802,0,1892993802,ENTRY_FILL_CLOCK,30000,3000,,,
TP30_T60S,532e445cef6b3eb91579cca7ae6756a9f550daa1387c796e8a67d712ab7ab128,TP_TIMEOUT,635,577,58,0.908661417323,0.091338582677,17,0.026771653543,41,0.064566929134,176,0,0,459,171,0,0,406,1329369357,1358835000,1375452393,2734287393,-1404918036,-2434866.613518,FILLED,255,322,0,0.441941074523,31950044.305882,-29665153.211180,0.852921727401,153193138.355286,63014174,91689384,REALIZED_CLOSED_EQUITY,-1404918036,0,1462690570,ENTRY_FILL_CLOCK,60000,3000,,,
TP30_T120S,40cd9052917aea14d953de002ab36cff9249c08f6d1f6e510e0b7b20c9b6a845,TP_TIMEOUT,635,545,90,0.858267716535,0.141732283465,16,0.025196850394,74,0.116535433071,231,0,0,404,224,0,0,321,2151194919,1283475000,1310365195,2593840195,-442645276,-812193.166972,FILLED,270,275,0,0.495412844037,35304767.381481,-36272481.705455,0.955624233309,214329114.326606,122277547,173271789,REALIZED_CLOSED_EQUITY,-442645276,489166010,962869806,ENTRY_FILL_CLOCK,120000,3000,,,
TP40_T15S,83211bf2c024f992955695d7c085428b10df8e102bcb763fb8e424ca960ccd47,TP_TIMEOUT,635,609,26,0.959055118110,0.040944881890,13,0.020472440945,13,0.020472440945,57,0,0,578,55,0,0,554,673088875,1434195000,1442608914,2876803914,-2203715039,-3618579.702791,FILLED,204,405,0,0.334975369458,24060984.666667,-17560878.792593,0.690148097627,27436984.894910,18714366,38810312,REALIZED_CLOSED_EQUITY,-2203715039,0,2266597976,ENTRY_FILL_CLOCK,15000,4000,,,
TP40_T30S,a3aa2f60599a1efd19c7f332ed3c172abf9d86ddfa9ac13f9432da66091b19c9,TP_TIMEOUT,635,598,37,0.941732283465,0.058267716535,16,0.025196850394,21,0.033070866142,88,0,0,547,86,0,0,512,1374496410,1408290000,1425471504,2833761504,-1459265094,-2440242.632107,FILLED,219,379,0,0.366220735786,31628084.698630,-22126162.646438,0.825984119360,41227120.439799,33315032,55303670,REALIZED_CLOSED_EQUITY,-1459265094,17368268,1486450493,ENTRY_FILL_CLOCK,30000,4000,,,
TP40_T60S,a27f259ddf26335b51d17d8d7cebf0156891b4dd785b0f44864f7aeac919c30e,TP_TIMEOUT,635,576,59,0.907086614173,0.092913385827,17,0.026771653543,42,0.066141732283,140,0,0,495,137,0,0,439,1666069617,1356480000,1377306148,2733786148,-1067716531,-1853674.532986,FILLED,240,336,0,0.416666666667,37209545.737500,-29755974.726190,0.893207068494,156227183.977431,63450131,91689384,REALIZED_CLOSED_EQUITY,-1067716531,82515326,1251192095,ENTRY_FILL_CLOCK,60000,4000,,,
TP40_T120S,858f9c7c33249c457a1c1765f86761ff07ec2dc09a8c957a450076355bb82bdd,TP_TIMEOUT,635,544,91,0.856692913386,0.143307086614,14,0.022047244094,77,0.121259842520,182,0,0,453,179,0,0,365,2307342445,1281120000,1309962045,2591082045,-283739600,-521580.147059,FILLED,249,295,0,0.457720588235,42206565.497992,-36587031.894915,0.973711200315,223177830.494485,123165868,176694246,REALIZED_CLOSED_EQUITY,-283739600,564747870,952408755,ENTRY_FILL_CLOCK,120000,4000,,,
TP50_T15S,a5531e25160c4fa897a2ea519eab7f0970aaa85afda497b6ee947e998ac1224b,TP_TIMEOUT,635,609,26,0.959055118110,0.040944881890,13,0.020472440945,13,0.020472440945,40,0,0,595,39,0,0,570,717111090,1434195000,1443159189,2877354189,-2160243099,-3547197.206897,FILLED,202,407,0,0.331691297209,24854926.658416,-17643583.007371,0.699169800162,27643807.057471,18828569,38792739,REALIZED_CLOSED_EQUITY,-2160243099,0,2242975883,ENTRY_FILL_CLOCK,15000,5000,,,
TP50_T30S,6cbab3efeb5dc687f1b4415884742d5b1ea878eb7152593e6bd3289b9a4b2bda,TP_TIMEOUT,635,599,36,0.943307086614,0.056692913386,15,0.023622047244,21,0.033070866142,69,0,0,566,68,0,0,531,1340915448,1410645000,1427406737,2838051737,-1497136289,-2499392.803005,FILLED,214,385,0,0.357262103506,32957475.598131,-22207885.888312,0.824897079115,41898906.223706,33429927,55545540,REALIZED_CLOSED_EQUITY,-1497136289,0,1497136289,ENTRY_FILL_CLOCK,30000,5000,,,
TP50_T60S,8e37d8d9cb4cd4afea470cc8c0846801ffebbbfc38b9c2627709882bdb638c03,TP_TIMEOUT,635,575,60,0.905511811024,0.094488188976,16,0.025196850394,44,0.069291338583,112,0,0,523,110,0,0,465,1765305940,1354125000,1376191595,2730316595,-965010655,-1678279.400000,FILLED,232,343,0,0.403478260870,40164684.301724,-29980225.693878,0.906156739059,158495182.041739,63738832,92389344,REALIZED_CLOSED_EQUITY,-965010655,74674544,1126294678,ENTRY_FILL_CLOCK,60000,5000,,,
TP50_T120S,82cdad0abff2a794de8c561428768712f31ca14af63cd5b86e216ca730844ab2,TP_TIMEOUT,635,540,95,0.850393700787,0.149606299213,13,0.020472440945,82,0.129133858268,149,0,0,486,147,0,0,393,1926029040,1271700000,1295775619,2567475619,-641446579,-1187864.035185,FILLED,229,311,0,0.424074074074,46674996.934498,-36430935.295820,0.943385225326,230040960.383333,123656956,179792430,REALIZED_CLOSED_EQUITY,-641446579,357160010,1091159922,ENTRY_FILL_CLOCK,120000,5000,,,
SL10_T15S,d5a27593f824b71a621a2a4e49d03e3799ae9aed42200f472bb145cf60795381,SL_TIMEOUT,635,602,33,0.948031496063,0.051968503937,22,0.034645669291,11,0.017322834646,0,252,0,383,0,242,0,360,812443241,1417710000,1427865828,2845575828,-2033132587,-3377296.656146,FILLED,174,428,0,0.289036544850,24374552.160920,-14659590.334112,0.675958899639,23846008.466777,17765046,36110985,REALIZED_CLOSED_EQUITY,-2033132587,0,2119261729,ENTRY_FILL_CLOCK,15000,,1000,,
SL10_T30S,0053f6f5a7bd43818ef261ff75f1e2fa9b50a978b877ddba895064c972d320b6,SL_TIMEOUT,635,602,33,0.948031496063,0.051968503937,17,0.026771653543,16,0.025196850394,0,318,0,317,0,306,0,296,264677272,1417710000,1421018763,2838728763,-2574051491,-4275833.041528,FILLED,169,433,0,0.280730897010,28745195.402367,-17163948.069284,0.653652432347,32911434.254153,31164422,51293849,REALIZED_CLOSED_EQUITY,-2574051491,0,2574051491,ENTRY_FILL_CLOCK,30000,,1000,,
SL10_T60S,f502622622ae4654bb79fbd771105c9cd8be108e1ad6933add3e0d7401dd9ac0,SL_TIMEOUT,635,598,37,0.941732283465,0.058267716535,16,0.025196850394,21,0.033070866142,0,387,0,248,0,372,0,226,655603997,1408290000,1416485336,2824775336,-2169171339,-3627376.821070,FILLED,159,439,0,0.265886287625,39663248.352201,-19306669.309795,0.744069538767,131968995.357860,41820306,78260565,REALIZED_CLOSED_EQUITY,-2169171339,208227773,2377399112,ENTRY_FILL_CLOCK,60000,,1000,,
SL10_T120S,729db7ea90114b8a22fa2bfaed4b9996287b220e37c6e5a26ff5387531b4b9ab,SL_TIMEOUT,635,586,49,0.922834645669,0.077165354331,20,0.031496062992,29,0.045669291339,0,432,0,203,0,414,0,172,287099639,1380030000,1383619036,2763649036,-2476549397,-4226193.510239,FILLED,144,442,0,0.245733788396,47478921.548611,-21071298.868778,0.734090766341,158598352.213311,38646929,138084817,REALIZED_CLOSED_EQUITY,-2476549397,0,2476549397,ENTRY_FILL_CLOCK,120000,,1000,,
SL15_T15S,7ab624f2633c106b6106e61fcfa6d72e664c9bbc2a7071211349eb0c51aa7b84,SL_TIMEOUT,635,601,34,0.946456692913,0.053543307087,23,0.036220472441,11,0.017322834646,0,192,0,443,0,181,0,420,1037012615,1415355000,1428317950,2843672950,-1806660335,-3006090.407654,FILLED,179,422,0,0.297836938436,25225691.938547,-14981182.919431,0.714229133241,24981094.680532,18145231,37473009,REALIZED_CLOSED_EQUITY,-1806660335,0,1894208880,ENTRY_FILL_CLOCK,15000,,1500,,
SL15_T30S,64075b3456b365183205ffe28782d886010ae8d18c07b2605d679382030843b2,SL_TIMEOUT,635,599,36,0.943307086614,0.056692913386,18,0.028346456693,18,0.028346456693,0,261,0,374,0,249,0,350,205736344,1410645000,1413217000,2823862000,-2618125656,-4370827.472454,FILLED,173,426,0,0.288814691152,29474083.942197,-18115357.225352,0.660738963257,35611293.841402,32000738,52277254,REALIZED_CLOSED_EQUITY,-2618125656,44389467,2662515123,ENTRY_FILL_CLOCK,30000,,1500,,
SL15_T60S,bd8ac3249df709cf0ba36ccc766481e4e7e38d55c50b0820e22fd68158413d05,SL_TIMEOUT,635,594,41,0.935433070866,0.064566929134,16,0.025196850394,25,0.039370078740,0,321,0,314,0,306,0,288,735185506,1398870000,1408060105,2806930105,-2071744599,-3487785.520202,FILLED,164,430,0,0.276094276094,42055724.073171,-20857868.248837,0.769007520909,138443302.434343,60878858,81673482,REALIZED_CLOSED_EQUITY,-2071744599,418288006,2490032605,ENTRY_FILL_CLOCK,60000,,1500,,
SL15_T120S,cb0b9da01ef7a8257a2feb6ef973174d2f37eaf26d4ec2c8c428a5d07a769e79,SL_TIMEOUT,635,574,61,0.903937007874,0.096062992126,22,0.034645669291,39,0.061417322835,0,382,0,253,0,361,0,213,610720013,1351770000,1359404283,2711174283,-2100454270,-3659327.996516,FILLED,146,428,0,0.254355400697,53438263.493151,-23136543.785047,0.787885196675,172121735.165505,62876789,147215067,REALIZED_CLOSED_EQUITY,-2100454270,139904453,2240358723,ENTRY_FILL_CLOCK,120000,,1500,,
SL20_T15S,8aef21acba57c56b0560301c34a45de46a340b863c137c8281423b187ba328b8,SL_TIMEOUT,635,602,33,0.948031496063,0.051968503937,22,0.034645669291,11,0.017322834646,0,164,0,471,0,155,0,447,932148522,1417710000,1429362151,2847072151,-1914923629,-3180936.260797,FILLED,181,421,0,0.300664451827,25565981.607735,-15540062.470309,0.707304124962,26063074.310631,18364809,37584017,REALIZED_CLOSED_EQUITY,-1914923629,0,1998736122,ENTRY_FILL_CLOCK,15000,,2000,,
SL20_T30S,775c3ee1e19df173c224f808cd04fac60f3d1f01236bb19f238e9fcd33ca3ec4,SL_TIMEOUT,635,600,35,0.944881889764,0.055118110236,17,0.026771653543,18,0.028346456693,0,229,0,406,0,220,0,380,174559706,1413000000,1415182291,2828182291,-2653622585,-4422704.308333,FILLED,177,423,0,0.295000000000,29805943.079096,-18745329.810875,0.665338539906,36641125.080000,32302771,52818874,REALIZED_CLOSED_EQUITY,-2653622585,73536083,2727158668,ENTRY_FILL_CLOCK,30000,,2000,,
SL20_T60S,40c3fbcde793511ff04345debdc7292d17c8541d4d3edf1a1cc702335b79b260,SL_TIMEOUT,635,593,42,0.933858267717,0.066141732283,15,0.023622047244,27,0.042519685039,0,283,0,352,0,269,0,324,598004745,1396515000,1403990345,2800505345,-2202500600,-3714166.273187,FILLED,170,423,0,0.286677908938,41291994.705882,-21801748.699764,0.761172496660,141261047.229342,61452439,82547118,REALIZED_CLOSED_EQUITY,-2202500600,371436046,2573936646,ENTRY_FILL_CLOCK,60000,,2000,,
SL20_T120S,9554ea4b41a016f6ee06390b89bc0ed30bc479838abba85a69462d4912a872a2,SL_TIMEOUT,635,573,62,0.902362204724,0.097637795276,19,0.029921259843,43,0.067716535433,0,344,0,291,0,325,0,248,649870568,1349415000,1357538660,2706953660,-2057083092,-3590022.848168,FILLED,155,418,0,0.270506108202,53539180.232258,-24774296.717703,0.801356564332,184085448.504363,90156823,155187764,REALIZED_CLOSED_EQUITY,-2057083092,126309528,2183392620,ENTRY_FILL_CLOCK,120000,,2000,,
SL25_T15S,dfeb2fc75266d56c8237211e08d0fac8cd1c248b96955de7e297627855e2b7ce,SL_TIMEOUT,635,603,32,0.949606299213,0.050393700787,21,0.033070866142,11,0.017322834646,0,138,0,497,0,130,0,473,646975737,1420065000,1428152487,2848217487,-2201241750,-3650483.830846,FILLED,181,422,0,0.300165837479,25575261.939227,-16185697.063981,0.677727029172,26152033.630182,18381585,37473009,REALIZED_CLOSED_EQUITY,-2201241750,0,2283974534,ENTRY_FILL_CLOCK,15000,,2500,,
SL25_T30S,e3875eb3c91c2171fedf37b9b8de2f4e932b17b7a764cc3daf3f73efbd3a8a16,SL_TIMEOUT,635,601,34,0.946456692913,0.053543307087,16,0.025196850394,18,0.028346456693,0,185,0,450,0,177,0,424,88071590,1415355000,1416456180,2831811180,-2743739590,-4565290.499168,FILLED,179,422,0,0.297836938436,30660355.083799,-19506974.289100,0.666695998745,38040238.389351,32684280,53955587,REALIZED_CLOSED_EQUITY,-2743739590,31548337,2775287927,ENTRY_FILL_CLOCK,30000,,2500,,
SL25_T60S,417cf5543a39a13dfd1a33f3410265f0780a38a6eb9cc8582c32ea8d966a3b7a,SL_TIMEOUT,635,589,46,0.927559055118,0.072440944882,16,0.025196850394,30,0.047244094488,0,242,0,393,0,229,0,360,846736638,1387095000,1397679483,2784774483,-1938037845,-3290386.833616,FILLED,177,412,0,0.300509337861,42597316.655367,-23004278.866505,0.795517373996,145016697.332767,62200387,84526623,REALIZED_CLOSED_EQUITY,-1938037845,350957030,2304843759,ENTRY_FILL_CLOCK,60000,,2500,,
SL25_T120S,fc2786b1ce781ea77307fd57e4e46fceb0f6308261ebda968f941c902fc931b4,SL_TIMEOUT,635,565,70,0.889763779528,0.110236220472,20,0.031496062992,50,0.078740157480,0,300,0,335,0,281,0,284,973106056,1330575000,1342739095,2673314095,-1700208039,-3009217.768142,FILLED,159,406,0,0.281415929204,57001982.949686,-26511141.201970,0.842039824025,192620897.663717,120973294,158951929,REALIZED_CLOSED_EQUITY,-1700208039,344928901,2054614566,ENTRY_FILL_CLOCK,120000,,2500,,
SL30_T15S,68897a3f2c348c0a834edc31317bf8e3b686088a5d79e94d673cb00ae33bf9b8,SL_TIMEOUT,635,605,30,0.952755905512,0.047244094488,19,0.029921259843,11,0.017322834646,0,113,0,522,0,108,0,497,684787841,1424775000,1433335140,2858110140,-2173322299,-3592268.262810,FILLED,187,418,0,0.309090909091,25545204.486631,-16627453.440191,0.687304152603,26672164.646281,18501687,37670425,REALIZED_CLOSED_EQUITY,-2173322299,0,2256055083,ENTRY_FILL_CLOCK,15000,,3000,,
SL30_T30S,36001f7b4db15769568d40884a2cab8986bed7353ab637af97e1773586792910,SL_TIMEOUT,635,603,32,0.949606299213,0.050393700787,14,0.022047244094,18,0.028346456693,0,155,0,480,0,149,0,454,321595239,1420065000,1424085233,2844150233,-2522554994,-4183341.615257,FILLED,187,416,0,0.310116086235,31441905.160428,-20197575.141827,0.699774152213,38972942.383085,32925894,53033575,REALIZED_CLOSED_EQUITY,-2522554994,31548337,2554103331,ENTRY_FILL_CLOCK,30000,,3000,,
SL30_T60S,1ad5e1ac4ff0f920f8a36ee7850da24c7d024a543f43287f1aeb9c06d7668eb4,SL_TIMEOUT,635,586,49,0.922834645669,0.077165354331,16,0.025196850394,33,0.051968503937,0,204,0,431,0,192,0,394,939254434,1380030000,1391770958,2771800958,-1832546524,-3127212.498294,FILLED,187,399,0,0.319112627986,42324356.401070,-24429075.616541,0.811992541054,149136480.025597,62897669,86532668,REALIZED_CLOSED_EQUITY,-1832546524,441505040,2329642393,ENTRY_FILL_CLOCK,60000,,3000,,
SL30_T120S,8bc0ae9ee0db30382b0e32f6e9e986ac0e1e460743e81a0dd39ff7ef6d357737,SL_TIMEOUT,635,564,71,0.888188976378,0.111811023622,17,0.026771653543,54,0.085039370079,0,265,0,370,0,249,0,315,1423005878,1328220000,1346007844,2674227844,-1251221966,-2218478.663121,FILLED,167,397,0,0.296099290780,60345278.802395,-28536230.544081,0.889554697678,199693822.109929,121573765,163649929,REALIZED_CLOSED_EQUITY,-1251221966,709850261,2011503740,ENTRY_FILL_CLOCK,120000,,3000,,
SL40_T15S,4fe68f9e9b5bf5e64ca1dda7a2e3d270a35792c66150db961325674f6b38ab78,SL_TIMEOUT,635,604,31,0.951181102362,0.048818897638,20,0.031496062992,11,0.017322834646,0,88,0,547,0,83,0,521,331179528,1422420000,1426560040,2848980040,-2517800512,-4168543.894040,FILLED,187,417,0,0.309602649007,25326336.572193,-17395264.870504,0.652900317356,27050165.061258,18644533,38104065,REALIZED_CLOSED_EQUITY,-2517800512,0,2600533296,ENTRY_FILL_CLOCK,15000,,4000,,
SL40_T30S,d2a5f83b5b03b756abca3b8d64950e0b33f4e87d6c41affdaf71722fa58533ba,SL_TIMEOUT,635,597,38,0.940157480315,0.059842519685,19,0.029921259843,19,0.029921259843,0,112,0,523,0,105,0,492,192691280,1405935000,1408343934,2814278934,-2621587654,-4391269.102178,FILLED,187,410,0,0.313232830821,31784267.946524,-20890843.317073,0.693927328245,40204193.648241,33206328,54752734,REALIZED_CLOSED_EQUITY,-2621587654,7197686,2628785340,ENTRY_FILL_CLOCK,30000,,4000,,
SL40_T60S,694f50c0d4a067cda7355be579bb78eeb8b779012f244790e4afd236d35a7df9,SL_TIMEOUT,635,583,52,0.918110236220,0.081889763780,16,0.025196850394,36,0.056692913386,0,160,0,475,0,150,0,433,770066073,1372965000,1382591101,2755556101,-1985490028,-3405643.272727,FILLED,194,389,0,0.332761578045,43215985.829897,-26656532.850900,0.808523955305,153319091.804460,63271175,88323580,REALIZED_CLOSED_EQUITY,-1985490028,318016119,2398332895,ENTRY_FILL_CLOCK,60000,,4000,,
SL40_T120S,6a62b7dc38ac185a745c1428275b34397f0ecb2adb1b9625431614e4b6c1086a,SL_TIMEOUT,635,554,81,0.872440944882,0.127559055118,18,0.028346456693,63,0.099212598425,0,212,0,423,0,199,0,355,785633613,1304670000,1314490688,2619160688,-1833527075,-3309615.658845,FILLED,166,388,0,0.299638989170,61453920.271084,-31017726.391753,0.847648883572,211698877.198556,122388526,169246151,REALIZED_CLOSED_EQUITY,-1833527075,140916485,2079573722,ENTRY_FILL_CLOCK,120000,,4000,,
TP10_SL10_T15S,597250bad50afd21864a1a1a6537f782901e869dd20af08688cf95a10fe465fa,TP_SL_TIMEOUT,635,604,31,0.951181102362,0.048818897638,20,0.031496062992,11,0.017322834646,197,222,0,216,191,212,0,201,1225034676,1422420000,1437733234,2860153234,-1635118558,-2707149.930464,FILLED,201,403,0,0.332781456954,19002411.825871,-13534995.868486,0.700231445336,19299883.367550,15055010,32941907,REALIZED_CLOSED_EQUITY,-1635118558,0,1668701083,ENTRY_FILL_CLOCK,15000,1000,1000,,
TP10_SL10_T30S,69001371a4162819c18bbd87591827d487413647ab1cf05d300e2a8595379056,TP_SL_TIMEOUT,635,603,32,0.949606299213,0.050393700787,18,0.028346456693,14,0.022047244094,233,262,0,140,227,251,0,125,1244869187,1420065000,1435626170,2855691170,-1610821983,-2671346.572139,FILLED,218,385,0,0.361525704809,19476963.403670,-15212467.545455,0.724965513314,23606447.585406,15055010,44684543,REALIZED_CLOSED_EQUITY,-1610821983,0,1644404508,ENTRY_FILL_CLOCK,30000,1000,1000,,
TP10_SL10_T60S,78b33cd630ea4335d6aaa1bbafdb6c2157f3c68f91f5b57d0ae6de0e6a8eb63d,TP_SL_TIMEOUT,635,604,31,0.951181102362,0.048818897638,16,0.025196850394,15,0.023622047244,261,296,0,78,255,285,0,64,1149127560,1422420000,1436784391,2859204391,-1710076831,-2831253.031457,FILLED,234,370,0,0.387417218543,19431454.816239,-16910911.508108,0.726695437395,113107372.629139,15055010,67195638,REALIZED_CLOSED_EQUITY,-1710076831,0,1751357839,ENTRY_FILL_CLOCK,60000,1000,1000,,
TP10_SL10_T120S,caafa715e6c90c15d229ffc4b0975b088f77a85b4cd5b350a392bf6e3d417065,TP_SL_TIMEOUT,635,602,33,0.948031496063,0.051968503937,16,0.025196850394,17,0.026771653543,272,309,0,54,266,297,0,39,1147320157,1417710000,1432051804,2849761804,-1702441647,-2827976.157807,FILLED,242,360,0,0.401993355482,19260293.917355,-17676202.152778,0.732464896355,122810875.742525,14981075,86904642,REALIZED_CLOSED_EQUITY,-1702441647,0,1737052046,ENTRY_FILL_CLOCK,120000,1000,1000,,
TP10_SL15_T15S,efbe30a87d163132bd4777b1a8e28d99cf50240ba73f1203b775b440b6cfbc7e,TP_SL_TIMEOUT,635,603,32,0.949606299213,0.050393700787,21,0.033070866142,11,0.017322834646,208,168,0,259,202,157,0,244,1357702157,1420065000,1437036580,2857101580,-1499399423,-2486566.207297,FILLED,208,395,0,0.344941956882,19090614.850962,-13848727.372152,0.725899152729,20102933.144279,16279036,33577254,REALIZED_CLOSED_EQUITY,-1499399423,0,1534401351,ENTRY_FILL_CLOCK,15000,1000,1500,,
TP10_SL15_T30S,a1b989e221e9911c27e3ec633194fcec31a47c36dd32eb39b175d2ab632554e9,TP_SL_TIMEOUT,635,600,35,0.944881889764,0.055118110236,19,0.029921259843,16,0.025196850394,252,210,0,173,246,198,0,156,1441449443,1413000000,1431018422,2844018422,-1402568979,-2337614.965000,FILLED,231,369,0,0.385000000000,19639687.645022,-16095763.753388,0.763850911251,25550088.350000,17764533,48595792,REALIZED_CLOSED_EQUITY,-1402568979,0,1443772817,ENTRY_FILL_CLOCK,30000,1000,1500,,
TP10_SL15_T60S,b1717d043a734060a1998c9197ae99561cbaa183bc823ad599ef3e981bff2da1,TP_SL_TIMEOUT,635,600,35,0.944881889764,0.055118110236,17,0.026771653543,18,0.028346456693,285,241,0,109,279,229,0,92,1217682587,1413000000,1428221328,2841221328,-1623538741,-2705897.901667,FILLED,249,351,0,0.415000000000,19469008.947791,-18436814.726496,0.749117916126,117180241.840000,17764533,71831925,REALIZED_CLOSED_EQUITY,-1623538741,0,1689337876,ENTRY_FILL_CLOCK,60000,1000,1500,,
TP10_SL15_T120S,ac656621e20560ca7d82fe3b1cf53cb1b42d524e219b542c088c1c08306bd7e8,TP_SL_TIMEOUT,635,596,39,0.938582677165,0.061417322835,16,0.025196850394,23,0.036220472441,298,265,0,72,291,253,0,52,1109494101,1403580000,1417448977,2821028977,-1711534876,-2871702.812081,FILLED,258,338,0,0.432885906040,19321325.984496,-19811943.727811,0.744411112789,129243048.587248,17380689,122897426,REALIZED_CLOSED_EQUITY,-1711534876,0,1770663402,ENTRY_FILL_CLOCK,120000,1000,1500,,
TP10_SL20_T15S,1f2e6db16291e893ddc8f6c62bff5ba2ad14581261b632030ea5710453994bda,TP_SL_TIMEOUT,635,604,31,0.951181102362,0.048818897638,20,0.031496062992,11,0.017322834646,214,141,0,280,208,132,0,264,1355910462,1422420000,1439369185,2861789185,-1505878723,-2493176.693709,FILLED,211,393,0,0.349337748344,19401491.104265,-14248329.124682,0.731073556605,21130003.986755,16547463,33742714,REALIZED_CLOSED_EQUITY,-1505878723,0,1537144599,ENTRY_FILL_CLOCK,15000,1000,2000,,
TP10_SL20_T30S,103bde8ce86beb4c6e07984fcd43012eb0669aa80570b950381332ed17c70b7a,TP_SL_TIMEOUT,635,601,34,0.946456692913,0.053543307087,18,0.028346456693,16,0.025196850394,259,182,0,194,253,173,0,175,1432792887,1415355000,1433265214,2848620214,-1415827327,-2355785.901830,FILLED,236,365,0,0.392678868552,19735864.173729,-16639702.115068,0.766884109387,26941332.820300,19834652,49600148,REALIZED_CLOSED_EQUITY,-1415827327,0,1443748686,ENTRY_FILL_CLOCK,30000,1000,2000,,
TP10_SL20_T60S,79401f9d06318075550526d85faf2dd432f5f86451575418bbb655c096e11834,TP_SL_TIMEOUT,635,599,36,0.943307086614,0.056692913386,17,0.026771653543,19,0.029921259843,295,208,0,132,289,197,0,113,1207275451,1410645000,1425736236,2836381236,-1629105785,-2719709.156928,FILLED,256,343,0,0.427378964942,19432285.789063,-19252976.521866,0.753306739729,119583113.343907,19810650,74961111,REALIZED_CLOSED_EQUITY,-1629105785,0,1681622441,ENTRY_FILL_CLOCK,60000,1000,2000,,
TP10_SL20_T120S,7db7231dc493c627e69a5895b90309ea8a84dc2b779d2d99c76e279ce0382cf8,TP_SL_TIMEOUT,635,595,40,0.937007874016,0.062992125984,15,0.023622047244,25,0.039370078740,313,234,0,88,306,223,0,66,1108306852,1401225000,1415079132,2816304132,-1707997280,-2870583.663866,FILLED,267,328,0,0.448739495798,19490690.696629,-21073206.390244,0.752894330172,134569912.996639,19710592,129867629,REALIZED_CLOSED_EQUITY,-1707997280,0,1753843327,ENTRY_FILL_CLOCK,120000,1000,2000,,
TP10_SL25_T15S,2c39a38a4e68734b5046231c3ef15c7f4c19cd17adbd82171bb34481feb04a85,TP_SL_TIMEOUT,635,605,30,0.952755905512,0.047244094488,19,0.029921259843,11,0.017322834646,215,120,0,300,209,112,0,284,1038123211,1424775000,1437751840,2862526840,-1824403629,-3015543.188430,FILLED,210,395,0,0.347107438017,19463394.057143,-14966370.584810,0.691391888342,21210122.819835,16753751,33577254,REALIZED_CLOSED_EQUITY,-1824403629,0,1854589796,ENTRY_FILL_CLOCK,15000,1000,2500,,
TP10_SL25_T30S,95aca0bf7cbd53f6793b7f917535f8fa8ae8ab443ba737e3cacf5e23d09cdf68,TP_SL_TIMEOUT,635,602,33,0.948031496063,0.051968503937,17,0.026771653543,16,0.025196850394,265,149,0,221,259,141,0,202,1286752052,1417710000,1433794697,2851504697,-1564752645,-2599256.885382,FILLED,239,363,0,0.397009966777,20155544.564854,-17581068.308540,0.754815050402,28125542.461794,21525184,50703189,REALIZED_CLOSED_EQUITY,-1564752645,0,1584412316,ENTRY_FILL_CLOCK,30000,1000,2500,,
TP10_SL25_T60S,46195ea9fa45317011c6cfef3df7dbab2f2379f6137efef11654d4ecd002a759,TP_SL_TIMEOUT,635,598,37,0.941732283465,0.058267716535,17,0.026771653543,20,0.031496062992,304,181,0,150,298,171,0,129,1025053737,1408290000,1421103458,2829393458,-1804339721,-3017290.503344,FILLED,261,337,0,0.436454849498,19809272.176245,-20696023.023739,0.741296973093,121409753.249164,21253338,76899743,REALIZED_CLOSED_EQUITY,-1804339721,0,1878578157,ENTRY_FILL_CLOCK,60000,1000,2500,,
TP10_SL25_T120S,6c9eab64e4c15c00919ce9820b300b89097eaab45c9dc15fa7bdee68f57b8b3a,TP_SL_TIMEOUT,635,592,43,0.932283464567,0.067716535433,16,0.025196850394,27,0.042519685039,324,207,0,104,317,196,0,79,925121961,1394160000,1405724316,2799884316,-1874762355,-3166828.302365,FILLED,273,319,0,0.461148648649,19919280.750916,-22923905.956113,0.743630165413,138014345.641892,21133402,133705844,REALIZED_CLOSED_EQUITY,-1874762355,0,1942330182,ENTRY_FILL_CLOCK,120000,1000,2500,,
TP10_SL30_T15S,88dca44cc28fbb632cbc0dc6abbd6af8439b7366493a6ae88ab8e3f170588ae6,TP_SL_TIMEOUT,635,607,28,0.955905511811,0.044094488189,17,0.026771653543,11,0.017322834646,217,100,0,318,211,95,0,301,1089242439,1429485000,1443100832,2872585832,-1783343393,-2937962.756178,FILLED,215,392,0,0.354200988468,19650090.888372,-15326818.709184,0.703177451458,21451003.056013,16998324,34073576,REALIZED_CLOSED_EQUITY,-1783343393,0,1813529560,ENTRY_FILL_CLOCK,15000,1000,3000,,
TP10_SL30_T30S,5523156c042a9a15d63a8c91315e26efbcea8760bb676b7ddc3314ae40c37bd9,TP_SL_TIMEOUT,635,605,30,0.952755905512,0.047244094488,14,0.022047244094,16,0.025196850394,272,125,0,238,266,120,0,219,1453409744,1424775000,1442942924,2867717924,-1414308180,-2337699.471074,FILLED,246,359,0,0.406611570248,20589096.894309,-18047983.331476,0.781716492602,28676674.396694,23810838,50439705,REALIZED_CLOSED_EQUITY,-1414308180,0,1433967851,ENTRY_FILL_CLOCK,30000,1000,3000,,
TP10_SL30_T60S,1d4b9b9e1478270d04c8e2777affe6576ab1c1d090d3a355b3662a1931d2d21d,TP_SL_TIMEOUT,635,600,35,0.944881889764,0.055118110236,14,0.022047244094,21,0.033070866142,314,150,0,171,308,144,0,148,1241990253,1413000000,1428525170,2841525170,-1599534917,-2665891.528333,FILLED,271,329,0,0.451666666667,20338680.667897,-21614946.437690,0.775071926624,123599834.508333,23539380,78069845,REALIZED_CLOSED_EQUITY,-1599534917,0,1673773353,ENTRY_FILL_CLOCK,60000,1000,3000,,
TP10_SL30_T120S,b4c225805b7bcfdc97a2886f31ce187e92df85e1d9411d321c30fbdc7b56e15a,TP_SL_TIMEOUT,635,595,40,0.937007874016,0.062992125984,12,0.018897637795,28,0.044094488189,337,177,0,121,330,170,0,95,1137577034,1401225000,1415445007,2816670007,-1679092973,-2822004.996639,FILLED,284,311,0,0.477310924370,20446722.619718,-24070617.996785,0.775701115125,141584900.949580,23006976,137971214,REALIZED_CLOSED_EQUITY,-1679092973,0,1746660800,ENTRY_FILL_CLOCK,120000,1000,3000,,
TP10_SL40_T15S,ee6c6c00ed9338ea44256af8e1710daa293c094dfde13f217c12609ebbff3078,TP_SL_TIMEOUT,635,606,29,0.954330708661,0.045669291339,18,0.028346456693,11,0.017322834646,217,79,0,339,211,74,0,321,782139191,1427130000,1436907047,2864037047,-2081897856,-3435475.009901,FILLED,215,391,0,0.354785478548,19463302.148837,-16026874.214834,0.667773835689,22067186.217822,17245913,34516776,REALIZED_CLOSED_EQUITY,-2081897856,0,2112084023,ENTRY_FILL_CLOCK,15000,1000,4000,,
TP10_SL40_T30S,ce9c6b631f43347f3e309e9ea4e19d4d43d3c654687ed6a0ccd8ba485f8c0c92,TP_SL_TIMEOUT,635,599,36,0.943307086614,0.056692913386,19,0.029921259843,17,0.026771653543,273,95,0,267,267,88,0,244,1227779878,1410645000,1425992551,2836637551,-1608857673,-2685905.964942,FILLED,244,355,0,0.407345575960,20706753.336066,-18764240.808451,0.758477121919,29846855.499165,26184866,51293849,REALIZED_CLOSED_EQUITY,-1608857673,0,1628517344,ENTRY_FILL_CLOCK,30000,1000,4000,,
TP10_SL40_T60S,5aa930e09a084e9693f6badfee19d49aeac067a57f789bc41cdd39ed514758dd,TP_SL_TIMEOUT,635,596,39,0.938582677165,0.061417322835,16,0.025196850394,23,0.036220472441,322,122,0,191,316,114,0,166,1133060089,1403580000,1417743543,2821323543,-1688263454,-2832656.802013,FILLED,276,320,0,0.463087248322,20935904.235507,-23333040.696875,0.773890451644,126903102.078859,25769721,79574021,REALIZED_CLOSED_EQUITY,-1688263454,0,1811452912,ENTRY_FILL_CLOCK,60000,1000,4000,,
TP10_SL40_T120S,e531c2ee4768f4f2f80b3b2fec723b5a9763efff7bbda6a1b5cb64c4afe83fee,TP_SL_TIMEOUT,635,589,46,0.927559055118,0.072440944882,14,0.022047244094,32,0.050393700787,348,141,0,146,341,133,0,115,1191655355,1387095000,1401990985,2789085985,-1597430630,-2712106.332767,FILLED,290,299,0,0.492359932088,20923993.748276,-25636751.896321,0.791604748547,148784679.747029,25349747,143895151,REALIZED_CLOSED_EQUITY,-1597430630,0,1713949479,ENTRY_FILL_CLOCK,120000,1000,4000,,
TP15_SL10_T15S,684f52dd74557005c4abd5bb6c68718b7b592f9133bfa0e5b9643b040cf3b883,TP_SL_TIMEOUT,635,602,33,0.948031496063,0.051968503937,22,0.034645669291,11,0.017322834646,146,228,0,261,139,218,0,245,1057589595,1417710000,1430930169,2848640169,-1791050574,-2975167.066445,FILLED,199,403,0,0.330564784053,19389191.110553,-14018609.441687,0.682971820652,20497239.705980,16326764,34516776,REALIZED_CLOSED_EQUITY,-1791050574,0,1840277343,ENTRY_FILL_CLOCK,15000,1500,1000,,
TP15_SL10_T30S,e9c30648408d339301d83583cba69f9f1f58be322464247365a180f13d81916f,TP_SL_TIMEOUT,635,600,35,0.944881889764,0.055118110236,21,0.033070866142,14,0.022047244094,189,276,0,170,182,264,0,154,844627039,1413000000,1423558140,2836558140,-1991931101,-3319885.168333,FILLED,212,388,0,0.353333333333,20273101.707547,-16210898.615979,0.683309163457,25929978.486667,17901901,48217309,REALIZED_CLOSED_EQUITY,-1991931101,0,2041157870,ENTRY_FILL_CLOCK,30000,1500,1000,,
TP15_SL10_T60S,cc79ec1d8d735b60cf38dd7bc704080a7d20ab3d1ff225d9a090255963d453a5,TP_SL_TIMEOUT,635,599,36,0.943307086614,0.056692913386,21,0.033070866142,15,0.023622047244,215,318,0,102,207,305,0,87,687486902,1410645000,1419238880,2829883880,-2142396978,-3576622.667780,FILLED,223,376,0,0.372287145242,20816039.744395,-18043547.449468,0.684215960351,117921332.829716,17901901,70466037,REALIZED_CLOSED_EQUITY,-2142396978,0,2189898874,ENTRY_FILL_CLOCK,60000,1500,1000,,
TP15_SL10_T120S,366bbd90be9ce5fff6c11c0834dd8087ac9910899eb5db383a6c608788279e09,TP_SL_TIMEOUT,635,593,42,0.933858267717,0.066141732283,23,0.036220472441,19,0.029921259843,226,339,0,70,216,325,0,52,514633626,1396515000,1402948214,2799463214,-2284829588,-3853000.991568,FILLED,228,365,0,0.384485666105,20809932.122807,-19258887.978082,0.674965288882,129392046.138280,17685399,121177619,REALIZED_CLOSED_EQUITY,-2284829588,0,2311134586,ENTRY_FILL_CLOCK,120000,1500,1000,,
TP15_SL15_T15S,3a86cbd50109803537a8529ca8e87127eaf81966ed7856f1c9ae9a60ef954fca,TP_SL_TIMEOUT,635,601,34,0.946456692913,0.053543307087,23,0.036220472441,11,0.017322834646,155,173,0,307,148,162,0,291,1202623099,1415355000,1430388090,2845743090,-1643119991,-2733976.690516,FILLED,205,396,0,0.341098169717,19636326.629268,-14314563.005051,0.710134853219,21331176.023295,16893005,34601952,REALIZED_CLOSED_EQUITY,-1643119991,0,1693766163,ENTRY_FILL_CLOCK,15000,1500,1500,,
TP15_SL15_T30S,3043c713d0c966689793bf14b1da6403f981ec1994df4b92e61b91d1feb724b7,TP_SL_TIMEOUT,635,597,38,0.940157480315,0.059842519685,22,0.034645669291,16,0.025196850394,206,222,0,207,199,210,0,188,1017416662,1405935000,1418653009,2824588009,-1807171347,-3027087.683417,FILLED,221,376,0,0.370184254606,20777254.411765,-17018469.606383,0.717582903451,28054901.723618,22857134,50439705,REALIZED_CLOSED_EQUITY,-1807171347,0,1864019429,ENTRY_FILL_CLOCK,30000,1500,1500,,
TP15_SL15_T60S,8cd73897925e2dc151d978c8432a015d1f11fd0b0b0491e23760c84711d68e20,TP_SL_TIMEOUT,635,597,38,0.940157480315,0.059842519685,20,0.031496062992,18,0.028346456693,236,260,0,139,228,248,0,121,702069667,1405935000,1414711166,2820646166,-2118576499,-3548704.353434,FILLED,233,364,0,0.390284757119,21356875.622318,-19491012.414835,0.701387235139,122163183.262982,22857134,75712370,REALIZED_CLOSED_EQUITY,-2118576499,25854229,2216450751,ENTRY_FILL_CLOCK,60000,1500,1500,,
TP15_SL15_T120S,dd03c51d078182928be53f2acb3e67959735db275b90f35ed2267bc68841e603,TP_SL_TIMEOUT,635,589,46,0.927559055118,0.072440944882,21,0.033070866142,25,0.039370078740,251,292,0,92,240,280,0,69,457761266,1387095000,1392817310,2779912310,-2322151044,-3942531.483871,FILLED,242,347,0,0.410865874363,21182522.012397,-21464903.086455,0.688231625848,136562869.232598,22397331,129550341,REALIZED_CLOSED_EQUITY,-2322151044,28626153,2389907158,ENTRY_FILL_CLOCK,120000,1500,1500,,
TP15_SL20_T15S,78bb302d71db9b3a67bcb9bae3290077c257823a1b058206c9bbf7c8e9204416,TP_SL_TIMEOUT,635,602,33,0.948031496063,0.051968503937,22,0.034645669291,11,0.017322834646,159,146,0,330,152,137,0,313,1166424911,1417710000,1432290614,2850000614,-1683575703,-2796637.380399,FILLED,208,394,0,0.345514950166,19909908.447115,-14783849.390863,0.710966023380,22426545.008306,17097473,36110985,REALIZED_CLOSED_EQUITY,-1683575703,0,1730485823,ENTRY_FILL_CLOCK,15000,1500,2000,,
TP15_SL20_T30S,11fba0a285874623cb5a6ad2e9026e91905cfe592fa219082b47c593316d0f1b,TP_SL_TIMEOUT,635,598,37,0.941732283465,0.058267716535,21,0.033070866142,16,0.025196850394,212,192,0,231,205,183,0,210,989341880,1408290000,1420657073,2828947073,-1839605193,-3076262.864548,FILLED,226,372,0,0.377926421405,20836221.517699,-17603739.935484,0.719083827180,29575538.909699,25265396,51723722,REALIZED_CLOSED_EQUITY,-1839605193,6011761,1889182557,ENTRY_FILL_CLOCK,30000,1500,2000,,
TP15_SL20_T60S,ea5842a345389a858af47afeff15d38f1e9299c54a009843916930d19b72076a,TP_SL_TIMEOUT,635,596,39,0.938582677165,0.061417322835,20,0.031496062992,19,0.029921259843,244,225,0,166,236,214,0,146,678971134,1403580000,1412067432,2815647432,-2136676298,-3585027.345638,FILLED,241,355,0,0.404362416107,21192334.618257,-20405715.326761,0.705043103030,124908749.431208,25212734,78069845,REALIZED_CLOSED_EQUITY,-2136676298,35546947,2230960789,ENTRY_FILL_CLOCK,60000,1500,2000,,
TP15_SL20_T120S,d408cc7d6e47871e559313fa889a96991f973e07e0f6b37cd6a1ea8f7af3dde1,TP_SL_TIMEOUT,635,587,48,0.924409448819,0.075590551181,20,0.031496062992,28,0.044094488189,265,258,0,112,254,246,0,87,511858699,1382385000,1388783521,2771168521,-2259309822,-3848909.407155,FILLED,253,334,0,0.431005110733,21281645.245059,-22884928.350299,0.704416786405,146555018.361158,25074694,137971214,REALIZED_CLOSED_EQUITY,-2259309822,38318871,2323476175,ENTRY_FILL_CLOCK,120000,1500,2000,,
TP15_SL25_T15S,bd4d7dbbc1b759dca93c489cb952c9453d9de8e164a51ee36f12a29f76c33faa,TP_SL_TIMEOUT,635,603,32,0.949606299213,0.050393700787,21,0.033070866142,11,0.017322834646,160,123,0,352,153,115,0,335,856732019,1420065000,1430774448,2850839448,-1994107429,-3306977.494196,FILLED,207,396,0,0.343283582090,19975164.666667,-15477188.169192,0.674642140054,22505718.500829,17180829,36076387,REALIZED_CLOSED_EQUITY,-1994107429,0,2039937840,ENTRY_FILL_CLOCK,15000,1500,2500,,
TP15_SL25_T30S,868122e80cd2926f276082d108411e338ad6cddca340fa940cec66b150e10543,TP_SL_TIMEOUT,635,599,36,0.943307086614,0.056692913386,20,0.031496062992,16,0.025196850394,218,155,0,262,211,147,0,241,898194593,1410645000,1421872724,2832517724,-1934323131,-3229253.974958,FILLED,229,370,0,0.382303839733,21405862.179039,-18476393.432432,0.717049738458,30775759.562604,27692089,52277254,REALIZED_CLOSED_EQUITY,-1934323131,0,1969627046,ENTRY_FILL_CLOCK,30000,1500,2500,,
TP15_SL25_T60S,f5caaac0181765bd5bd440b690a87179d767246488a437584b3ec557deea575a,TP_SL_TIMEOUT,635,593,42,0.933858267717,0.066141732283,21,0.033070866142,21,0.033070866142,253,192,0,190,245,182,0,166,635616933,1396515000,1404460495,2800975495,-2165358562,-3651532.145025,FILLED,247,346,0,0.416526138280,21605140.639676,-21681584.682081,0.711355888804,127279598.762226,27537550,79521699,REALIZED_CLOSED_EQUITY,-2165358562,0,2245817886,ENTRY_FILL_CLOCK,60000,1500,2500,,
TP15_SL25_T120S,95798508fdabb3b9e8a62479c779871728e0d6e6e66faf5ce2edf236478911d8,TP_SL_TIMEOUT,635,581,54,0.914960629921,0.085039370079,21,0.033070866142,33,0.051968503937,276,225,0,134,265,211,0,105,470035937,1368255000,1374130730,2742385730,-2272349793,-3911101.192771,FILLED,259,322,0,0.445783132530,21864562.969112,-24643700.627329,0.713639317345,151302993.993115,26682771,142822068,REALIZED_CLOSED_EQUITY,-2272349793,37510912,2357429967,ENTRY_FILL_CLOCK,120000,1500,2500,,
TP15_SL30_T15S,686135c75a98b3a9c6c18930b3eaeed16fba08dceac07e8f977de9a5e57252a0,TP_SL_TIMEOUT,635,605,30,0.952755905512,0.047244094488,19,0.029921259843,11,0.017322834646,161,103,0,371,154,98,0,353,903840220,1424775000,1436073302,2860848302,-1957008082,-3234724.102479,FILLED,213,392,0,0.352066115702,20106525.417840,-15917596.928571,0.686361730447,22725838.036364,17369870,36978041,REALIZED_CLOSED_EQUITY,-1957008082,0,2002838493,ENTRY_FILL_CLOCK,15000,1500,3000,,
TP15_SL30_T30S,f8cfccfd946f55b5cfe813922ffa7c4b6c7575be01545a3dc0bea671922c2c45,TP_SL_TIMEOUT,635,601,34,0.946456692913,0.053543307087,18,0.028346456693,16,0.025196850394,223,132,0,280,216,126,0,259,1043149885,1415355000,1428394670,2843749670,-1800599785,-2996006.297837,FILLED,236,365,0,0.392678868552,21810588.699153,-19035338.953425,0.740842539870,31321703.574043,30395488,51723722,REALIZED_CLOSED_EQUITY,-1800599785,0,1835903700,ENTRY_FILL_CLOCK,30000,1500,3000,,
TP15_SL30_T60S,bcb7d7cf73234ce8624174b65935620a433b0b003d511e8d694501593c152de7,TP_SL_TIMEOUT,635,592,43,0.932283464567,0.067716535433,20,0.031496062992,23,0.036220472441,262,162,0,211,254,153,0,185,904887288,1394160000,1405471378,2799631378,-1894744090,-3200581.233108,FILLED,257,335,0,0.434121621622,22155513.003891,-22652868.453731,0.750320692542,129902155.030405,29942595,81673482,REALIZED_CLOSED_EQUITY,-1894744090,0,1975203414,ENTRY_FILL_CLOCK,60000,1500,3000,,
TP15_SL30_T120S,66f97067b84f24d30fc6ac645cfbd4b18e222ba6b1f94c583cff8453849dfb7d,TP_SL_TIMEOUT,635,581,54,0.914960629921,0.085039370079,19,0.029921259843,35,0.055118110236,288,195,0,152,277,183,0,121,713501488,1368255000,1377174050,2745429050,-2031927562,-3497293.566265,FILLED,270,311,0,0.464716006885,22420802.074074,-25998534.154341,0.748696249586,155518632.218589,28584058,144241091,REALIZED_CLOSED_EQUITY,-2031927562,37498675,2110964247,ENTRY_FILL_CLOCK,120000,1500,3000,,
TP15_SL40_T15S,388dbee8a793c1f8752e3abd56692cd6d3dd24dc208fe8a7a807a94410f37f6f,TP_SL_TIMEOUT,635,604,31,0.951181102362,0.048818897638,20,0.031496062992,11,0.017322834646,161,81,0,393,154,76,0,374,579601656,1422420000,1429665326,2852085326,-2272483670,-3762390.182119,FILLED,213,391,0,0.352649006623,19917982.793427,-16662439.910486,0.651192818886,23359968.821192,17698129,37584017,REALIZED_CLOSED_EQUITY,-2272483670,0,2318314081,ENTRY_FILL_CLOCK,15000,1500,4000,,
TP15_SL40_T30S,94e980b829c6e3e8eeb96a5b656868e73037ac2501c05b44a82419b4ae0c2a52,TP_SL_TIMEOUT,635,595,40,0.937007874016,0.062992125984,23,0.036220472441,17,0.026771653543,225,98,0,312,218,91,0,286,882396544,1401225000,1412255254,2813480254,-1931083710,-3245518.840336,FILLED,235,360,0,0.394957983193,22003805.404255,-19727716.611111,0.728092129342,32604917.349580,31051615,52818874,REALIZED_CLOSED_EQUITY,-1931083710,0,1966387625,ENTRY_FILL_CLOCK,30000,1500,4000,,
TP15_SL40_T60S,cee397c211ce4e44be92cbe54209cc85bf812be9f54e004668a7aa49ea26f753,TP_SL_TIMEOUT,635,589,46,0.927559055118,0.072440944882,21,0.033070866142,25,0.039370078740,268,129,0,238,260,120,0,209,834078289,1387095000,1397521263,2784616263,-1950537974,-3311609.463497,FILLED,263,326,0,0.446519524618,23025197.939163,-24558788.441718,0.756370501207,133483930.103565,35593426,84526623,REALIZED_CLOSED_EQUITY,-1950537974,0,2079948320,ENTRY_FILL_CLOCK,60000,1500,4000,,
TP15_SL40_T120S,81257ec1a3befae19103511471e1f54bfab2fa1050ca7bab6cf08ac72991c85f,TP_SL_TIMEOUT,635,575,60,0.905511811024,0.094488188976,20,0.031496062992,40,0.062992125984,300,151,0,184,289,141,0,145,874039178,1354125000,1365050769,2719175769,-1845136591,-3208933.201739,FILLED,278,297,0,0.483478260870,23138972.241007,-27871282.404040,0.777097407130,163688235.947826,33682514,154393209,REALIZED_CLOSED_EQUITY,-1845136591,44859768,1982297486,ENTRY_FILL_CLOCK,120000,1500,4000,,
TP20_SL10_T15S,d889c217ffe2d6f88e5163a5ce06a2d35dbd8edcf1c4019a7c2b56259fa1068b,TP_SL_TIMEOUT,635,602,33,0.948031496063,0.051968503937,22,0.034645669291,11,0.017322834646,124,232,0,279,119,222,0,261,1158571713,1417710000,1432192440,2849902440,-1691330727,-2809519.480066,FILLED,198,404,0,0.328903654485,20367800.272727,-14168700.943069,0.704527450162,21037487.762458,16684591,34601952,REALIZED_CLOSED_EQUITY,-1691330727,0,1747826432,ENTRY_FILL_CLOCK,15000,2000,1000,,
TP20_SL10_T30S,fa930c2ea747f58e365fdc6560e35cab81c730ebf3c68c530a97f621cac0f773,TP_SL_TIMEOUT,635,600,35,0.944881889764,0.055118110236,20,0.031496062992,15,0.023622047244,157,282,0,196,152,270,0,178,937740909,1413000000,1424722057,2837722057,-1899981148,-3166635.246667,FILLED,211,389,0,0.351666666667,21457159.075829,-16522986.408740,0.704395429342,27270491.831667,19810650,49549431,REALIZED_CLOSED_EQUITY,-1899981148,0,1956476853,ENTRY_FILL_CLOCK,30000,2000,1000,,
TP20_SL10_T60S,aa5f91115c0b066ab7f8e858b4d9ae82aed30e7674708bc8d315da8bb1437b90,TP_SL_TIMEOUT,635,599,36,0.943307086614,0.056692913386,19,0.029921259843,17,0.026771653543,183,330,0,122,177,317,0,105,855581408,1410645000,1421340054,2831985054,-1976403646,-3299505.252087,FILLED,221,378,0,0.368948247078,22920361.063348,-18629109.632275,0.719332744437,119858269.500835,19810650,71086495,REALIZED_CLOSED_EQUITY,-1976403646,0,2031174478,ENTRY_FILL_CLOCK,60000,2000,1000,,
TP20_SL10_T120S,9151b950cdd6d4beb1e37fbed2fba355dd8d0ae8b1547cc207f75cf7dce09a61,TP_SL_TIMEOUT,635,593,42,0.933858267717,0.066141732283,21,0.033070866142,21,0.033070866142,201,353,0,81,194,339,0,60,750429666,1396515000,1405895660,2802410660,-2051980994,-3460338.944351,FILLED,227,366,0,0.382799325464,23132543.207048,-19953738.530055,0.719024811333,132221627.903879,19490094,123132501,REALIZED_CLOSED_EQUITY,-2051980994,0,2085554928,ENTRY_FILL_CLOCK,120000,2000,1000,,
TP20_SL15_T15S,3611223b6f2585460ecfbdd062cb1125cb509019fc539791ec195306db7a33e1,TP_SL_TIMEOUT,635,601,34,0.946456692913,0.053543307087,23,0.036220472441,11,0.017322834646,132,176,0,327,127,165,0,309,1333604074,1415355000,1432025346,2847380346,-1513776272,-2518762.515807,FILLED,204,397,0,0.339434276206,20707308.264706,-14453569.667506,0.736187076533,21911948.376040,17118976,36076387,REALIZED_CLOSED_EQUITY,-1513776272,0,1571691380,ENTRY_FILL_CLOCK,15000,2000,1500,,
TP20_SL15_T30S,d50bb388e4e200ee773b4b1ae53b8619237cb80e1ca1ae65544977a8c871427a,TP_SL_TIMEOUT,635,597,38,0.940157480315,0.059842519685,21,0.033070866142,17,0.026771653543,169,228,0,238,164,216,0,217,1140603833,1405935000,1420192841,2826127841,-1685524008,-2823323.296482,FILLED,220,377,0,0.368509212730,22040092.295455,-17332478.283820,0.742051546833,29484276.946399,25832414,51293849,REALIZED_CLOSED_EQUITY,-1685524008,0,1749641026,ENTRY_FILL_CLOCK,30000,2000,1500,,
TP20_SL15_T60S,a80282d44af3a106b0b9d7441bacff90a56b835da67729261fb9f0e976cc49c6,TP_SL_TIMEOUT,635,596,39,0.938582677165,0.061417322835,19,0.029921259843,20,0.031496062992,200,269,0,166,194,256,0,146,926343489,1403580000,1415159581,2818739581,-1892396092,-3175161.228188,FILLED,230,366,0,0.385906040268,23667099.421739,-20043248.521858,0.742033776608,124660389.684564,25696392,76625664,REALIZED_CLOSED_EQUITY,-1892396092,31063128,2002748179,ENTRY_FILL_CLOCK,60000,2000,1500,,
TP20_SL15_T120S,a9fa035d8de4fbf1f9cb9767cec408d0e10277a2793972ee17c1c496f60b8a1f,TP_SL_TIMEOUT,635,586,49,0.922834645669,0.077165354331,21,0.033070866142,28,0.044094488189,223,305,0,107,215,290,0,81,828599292,1380030000,1390387780,2770417780,-1941818488,-3313683.426621,FILLED,239,347,0,0.407849829352,23897249.552301,-22055507.582133,0.746275678464,140680450.848123,25129320,133506749,REALIZED_CLOSED_EQUITY,-1941818488,32125854,2020343239,ENTRY_FILL_CLOCK,120000,2000,1500,,
TP20_SL20_T15S,e8d9171ae0081b544cf687bb535cf814c816b107f5fa71a0d1a892919c2c5403,TP_SL_TIMEOUT,635,602,33,0.948031496063,0.051968503937,22,0.034645669291,11,0.017322834646,134,149,0,352,129,140,0,333,1220066887,1417710000,1432961133,2850671133,-1630604246,-2708644.926910,FILLED,206,396,0,0.342192691030,20923767.276699,-15002273.497475,0.725529101266,22959979.616279,17330005,36110985,REALIZED_CLOSED_EQUITY,-1630604246,0,1684783302,ENTRY_FILL_CLOCK,15000,2000,2000,,
TP20_SL20_T30S,449cc1868a62ffdd3e06a30937198a1bc960faf84fbfe532e9d5492b23d90744,TP_SL_TIMEOUT,635,598,37,0.941732283465,0.058267716535,20,0.031496062992,17,0.026771653543,171,199,0,265,166,190,0,242,1041669529,1408290000,1421311161,2829601161,-1787931632,-2989852.227425,FILLED,224,374,0,0.374581939799,22162319.995536,-18054254.842246,0.735211123210,30393684.153846,28614600,51723722,REALIZED_CLOSED_EQUITY,-1787931632,0,1838766171,ENTRY_FILL_CLOCK,30000,2000,2000,,
TP20_SL20_T60S,f096fbda9d00ffd2e6a170ad830d64462fef2e2a6037ff3c6d053121422e46f8,TP_SL_TIMEOUT,635,595,40,0.937007874016,0.062992125984,18,0.028346456693,22,0.034645669291,205,236,0,194,199,224,0,172,797763469,1401225000,1411197329,2812422329,-2014658860,-3385981.277311,FILLED,236,359,0,0.396638655462,23523683.521186,-21075900.197772,0.733730798347,126892547.006723,28247838,78260565,REALIZED_CLOSED_EQUITY,-2014658860,29435742,2110101082,ENTRY_FILL_CLOCK,60000,2000,2000,,
TP20_SL20_T120S,f5c6ec6025036407e2f818ba39e3008e11342b7edd4b7ad9396c3429fda44605,TP_SL_TIMEOUT,635,584,51,0.919685039370,0.080314960630,19,0.029921259843,32,0.050393700787,233,272,0,130,225,258,0,101,747281260,1375320000,1384661297,2759981297,-2012700037,-3446404.172945,FILLED,246,338,0,0.421232876712,24117327.552846,-23507581.701183,0.746688795429,150395189.101027,27578443,137971214,REALIZED_CLOSED_EQUITY,-2012700037,22659722,2068476177,ENTRY_FILL_CLOCK,120000,2000,2000,,
TP20_SL25_T15S,65a0a2ee417a7c669cb73bfe2737ff10a0afdb5dd91faf41cfb1ea99ec2a5461,TP_SL_TIMEOUT,635,603,32,0.949606299213,0.050393700787,21,0.033070866142,11,0.017322834646,134,125,0,376,129,117,0,357,934894102,1420065000,1431751469,2851816469,-1916922367,-3178975.733002,FILLED,206,397,0,0.341625207297,20931921.354369,-15689919.813602,0.692253378380,23054085.029851,17414386,36076387,REALIZED_CLOSED_EQUITY,-1916922367,0,1970021714,ENTRY_FILL_CLOCK,15000,2000,2500,,
TP20_SL25_T30S,220385d707ee45b4ed9e1d4f1c61d5fe5e868ba0e010802cb6a6d9b4d387d287,TP_SL_TIMEOUT,635,599,36,0.943307086614,0.056692913386,19,0.029921259843,17,0.026771653543,175,162,0,298,170,154,0,275,997599249,1410645000,1423115275,2833760275,-1836161026,-3065377.338898,FILLED,226,373,0,0.377295492487,23025158.252212,-18873583.890080,0.739175996224,31675659.744574,30945296,52277254,REALIZED_CLOSED_EQUITY,-1836161026,0,1878733877,ENTRY_FILL_CLOCK,30000,2000,2500,,
TP20_SL25_T60S,a45dd8cbbe35c85a942754395f7816a8e454776443cbdf43c7cfff640d5ef31c,TP_SL_TIMEOUT,635,592,43,0.932283464567,0.067716535433,19,0.029921259843,24,0.037795275591,213,202,0,220,207,191,0,194,883643904,1394160000,1405205825,2799365825,-1915721921,-3236016.758446,FILLED,242,350,0,0.408783783784,24347293.363636,-22307905.471429,0.754638945827,129409650.163851,32517502,79521699,REALIZED_CLOSED_EQUITY,-1915721921,0,2003450181,ENTRY_FILL_CLOCK,60000,2000,2500,,
TP20_SL25_T120S,d5281aa32bac89cab14c758b4cc18efc94a3e9f22fa7dad599c93b681609ee3e,TP_SL_TIMEOUT,635,578,57,0.910236220472,0.089763779528,20,0.031496062992,37,0.058267716535,243,237,0,155,235,221,0,122,835889773,1361190000,1371638897,2732828897,-1896939124,-3281901.598616,FILLED,252,326,0,0.435986159170,25144025.575397,-25255317.696319,0.769599743758,155750468.408304,31051615,143895151,REALIZED_CLOSED_EQUITY,-1896939124,75876,1951853198,ENTRY_FILL_CLOCK,120000,2000,2500,,
TP20_SL30_T15S,51e7d7a6c44520894d1ee68eef20cad1c04e43ff5c8a9dfc71676ac01b91af6f,TP_SL_TIMEOUT,635,605,30,0.952755905512,0.047244094488,19,0.029921259843,11,0.017322834646,135,105,0,395,130,100,0,375,969197415,1424775000,1436890262,2861665262,-1892467847,-3128046.028099,FILLED,212,393,0,0.350413223140,21036823.712264,-16163548.279898,0.702080277742,23584643.254545,17674494,37473009,REALIZED_CLOSED_EQUITY,-1892467847,0,1945567194,ENTRY_FILL_CLOCK,15000,2000,3000,,
TP20_SL30_T30S,f2dd7ecd66f437b94537e00d903ad55080be844b8aac19bbf36c7ea7c3d9a537,TP_SL_TIMEOUT,635,601,34,0.946456692913,0.053543307087,17,0.026771653543,17,0.026771653543,179,138,0,318,174,132,0,295,1188269597,1415355000,1430208660,2845563660,-1657294063,-2757560.836938,FILLED,234,367,0,0.389351081531,23515099.970085,-19509066.637602,0.768528770674,32546355.620632,31117051,51918981,REALIZED_CLOSED_EQUITY,-1657294063,0,1699866914,ENTRY_FILL_CLOCK,30000,2000,3000,,
TP20_SL30_T60S,c4bc85ff89e3b28f414d46482da9391571a5be0ebd760d7195585087d7103f82,TP_SL_TIMEOUT,635,591,44,0.930708661417,0.069291338583,18,0.028346456693,26,0.040944881890,222,172,0,241,216,162,0,213,1258434379,1391805000,1407535710,2799340710,-1540906331,-2607286.516074,FILLED,254,337,0,0.429780033841,25071933.122047,-23469368.973294,0.805174891903,132433761.759729,35542938,82120076,REALIZED_CLOSED_EQUITY,-1540906331,0,1628634591,ENTRY_FILL_CLOCK,60000,2000,3000,,
TP20_SL30_T120S,bacd23e4f89729b75ebd5ae41a3fe7652ee60613e72abc25ff478b5faa52c0fa,TP_SL_TIMEOUT,635,579,56,0.911811023622,0.088188976378,17,0.026771653543,39,0.061417322835,255,206,0,174,247,193,0,139,1141575430,1363545000,1377814969,2741359969,-1599784539,-2763013.020725,FILLED,265,314,0,0.457685664940,25851486.637736,-26912192.668790,0.810685985997,160257006.234888,34896554,148170998,REALIZED_CLOSED_EQUITY,-1599784539,15831801,1664423286,ENTRY_FILL_CLOCK,120000,2000,3000,,
TP20_SL40_T15S,3b879b11ed55fc78347abae72338527d26a6334933410fb1902b8b1cd6dcf7e6,TP_SL_TIMEOUT,635,604,31,0.951181102362,0.048818897638,20,0.031496062992,11,0.017322834646,135,83,0,417,130,78,0,396,636855249,1422420000,1430380991,2852800991,-2215945742,-3668784.341060,FILLED,212,392,0,0.350993377483,20847391.735849,-16927532.627551,0.666051577888,23921576.031457,17866202,37584017,REALIZED_CLOSED_EQUITY,-2215945742,0,2269045089,ENTRY_FILL_CLOCK,15000,2000,4000,,
TP20_SL40_T30S,d71d2629c0c7c90848d75bffe80af8ec5f019ba74b6772c062189a21201c6dde,TP_SL_TIMEOUT,635,595,40,0.937007874016,0.062992125984,22,0.034645669291,18,0.028346456693,181,102,0,352,176,95,0,324,1024215796,1401225000,1414027989,2815252989,-1791037193,-3010146.542857,FILLED,233,362,0,0.391596638655,23717290.686695,-20213165.533149,0.755228019721,33559633.821849,31700536,52818874,REALIZED_CLOSED_EQUITY,-1791037193,0,1833610044,ENTRY_FILL_CLOCK,30000,2000,4000,,
TP20_SL40_T60S,42297a716fe85cd1488e26d70e9992b62ebea09a223365b7fde8ef23dedbbb03,TP_SL_TIMEOUT,635,587,48,0.924409448819,0.075590551181,19,0.029921259843,29,0.045669291339,228,135,0,272,222,126,0,239,1206517992,1382385000,1397466753,2779851753,-1573333761,-2680296.015332,FILLED,259,328,0,0.441226575809,26054481.810811,-25370257.774390,0.810930211510,135995096.366269,45991564,84526623,REALIZED_CLOSED_EQUITY,-1573333761,0,1710013043,ENTRY_FILL_CLOCK,60000,2000,4000,,
TP20_SL40_T120S,9288e28fad07260a1aedf7903b6a81de16d6d880425e7a926fe55943acf014d5,TP_SL_TIMEOUT,635,571,64,0.899212598425,0.100787401575,18,0.028346456693,46,0.072440944882,267,158,0,210,259,148,0,164,1316406634,1344705000,1361160355,2705865355,-1389458721,-2433377.795096,FILLED,270,301,0,0.472854640981,26854216.155556,-28704641.471761,0.839184825396,168786334.486865,42182576,155187764,REALIZED_CLOSED_EQUITY,-1389458721,59242817,1548271601,ENTRY_FILL_CLOCK,120000,2000,4000,,
TP25_SL10_T15S,f58dd7e1d53840fb913cac9bdb1e1ec80fb24a27a3608bb9680dfaa7429de9e9,TP_SL_TIMEOUT,635,605,30,0.952755905512,0.047244094488,19,0.029921259843,11,0.017322834646,97,238,0,300,95,228,0,282,1128519654,1424775000,1438881792,2863656792,-1735137138,-2867995.269421,FILLED,194,411,0,0.320661157025,21379388.974227,-14313232.600973,0.705046024262,21334535.662810,16974493,34601952,REALIZED_CLOSED_EQUITY,-1735137138,0,1779149113,ENTRY_FILL_CLOCK,15000,2500,1000,,
TP25_SL10_T30S,ebf7fab8c8d17945d4c996c360f54b4a94442de1dc6fc05e7aa3b5b8dee2fbaa,TP_SL_TIMEOUT,635,602,33,0.948031496063,0.051968503937,18,0.028346456693,15,0.023622047244,126,290,0,219,123,278,0,201,726516650,1417710000,1426791756,2844501756,-2117985106,-3518247.684385,FILLED,199,403,0,0.330564784053,23231871.984925,-16727363.848635,0.685811451446,28181584.586379,22340708,49600148,REALIZED_CLOSED_EQUITY,-2117985106,0,2123538794,ENTRY_FILL_CLOCK,30000,2500,1000,,
TP25_SL10_T60S,69390492eead5df6bdd0a6a1f40bec78a2afd91daa16fc8f01fc127fc0dff53d,TP_SL_TIMEOUT,635,599,36,0.943307086614,0.056692913386,18,0.028346456693,18,0.028346456693,152,342,0,141,148,329,0,122,694553924,1410645000,1419327213,2829972213,-2135418289,-3564972.101836,FILLED,208,391,0,0.347245409015,25338474.673077,-18940718.723785,0.711656778776,121660737.143573,22287878,72230458,REALIZED_CLOSED_EQUITY,-2135418289,0,2139247104,ENTRY_FILL_CLOCK,60000,2500,1000,,
TP25_SL10_T120S,e79a087d573fcaa3246ae1ad3117644b3f0b99a72854cc037754a43a8069d046,TP_SL_TIMEOUT,635,592,43,0.932283464567,0.067716535433,20,0.031496062992,23,0.036220472441,176,368,0,91,171,354,0,67,691986324,1394160000,1402810121,2796970121,-2104983797,-3555715.873311,FILLED,215,377,0,0.363175675676,25889371.372093,-20348007.007958,0.725599101883,135862868.179054,21912933,124264142,REALIZED_CLOSED_EQUITY,-2104983797,0,2104983797,ENTRY_FILL_CLOCK,120000,2500,1000,,
TP25_SL15_T15S,7ec8caa09070c304a1e33d444454488e701d042c84898289a7f53ff5c4e33ea4,TP_SL_TIMEOUT,635,604,31,0.951181102362,0.048818897638,20,0.031496062992,11,0.017322834646,104,182,0,349,102,171,0,331,1381664428,1422420000,1439691105,2862111105,-1480446677,-2451070.657285,FILLED,200,404,0,0.331125827815,22079559.035000,-14594946.742574,0.748921867451,22258541.422185,17335313,36076387,REALIZED_CLOSED_EQUITY,-1480446677,0,1525878055,ENTRY_FILL_CLOCK,15000,2500,1500,,
TP25_SL15_T30S,186a589e3835583a7a8269ba68f45a154ef4536f1222c6d02516b5d046a66b79,TP_SL_TIMEOUT,635,598,37,0.941732283465,0.058267716535,20,0.031496062992,17,0.026771653543,137,236,0,262,133,224,0,241,957450083,1408290000,1420258422,2828548422,-1871098339,-3128926.988294,FILLED,207,391,0,0.346153846154,24041738.164251,-17513396.774936,0.726756733243,30468721.799331,28774726,51548214,REALIZED_CLOSED_EQUITY,-1871098339,0,1884273340,ENTRY_FILL_CLOCK,30000,2500,1500,,
TP25_SL15_T60S,e8bcbae66674caada5c58ea976399bd0df2eea319bca0aebd63f4aa78f104d17,TP_SL_TIMEOUT,635,595,40,0.937007874016,0.062992125984,19,0.029921259843,21,0.033070866142,168,280,0,187,163,267,0,165,776159918,1401225000,1410927289,2812152289,-2035992371,-3421835.917647,FILLED,216,379,0,0.363025210084,26230559.180556,-20321353.968338,0.735646968142,126843501.339496,28614600,76955106,REALIZED_CLOSED_EQUITY,-2035992371,33489483,2097828796,ENTRY_FILL_CLOCK,60000,2500,1500,,
TP25_SL15_T120S,7456c70237c96b4eeaa87cc893a2052a9de2a4a13f98dcad62d18b66db8e895b,TP_SL_TIMEOUT,635,584,51,0.919685039370,0.080314960630,21,0.033070866142,30,0.047244094488,197,319,0,119,190,304,0,90,770461137,1375320000,1384951054,2760271054,-1989809917,-3407208.761986,FILLED,226,358,0,0.386986301370,26729769.584071,-22432228.611732,0.752225766063,144995927.652397,28211732,133705844,REALIZED_CLOSED_EQUITY,-1989809917,32032573,2021842490,ENTRY_FILL_CLOCK,120000,2500,1500,,
TP25_SL20_T15S,5fb592fe0d294250abb0f1147c9b468232689aac000ea43215d2c44da3eaaeda,TP_SL_TIMEOUT,635,605,30,0.952755905512,0.047244094488,19,0.029921259843,11,0.017322834646,106,154,0,375,104,145,0,356,1268127448,1424775000,1440626895,2865401895,-1597274447,-2640123.052893,FILLED,202,403,0,0.333884297521,22286717.722772,-15134470.042184,0.738117016638,23305514.720661,17672463,36110985,REALIZED_CLOSED_EQUITY,-1597274447,0,1638969773,ENTRY_FILL_CLOCK,15000,2500,2000,,
TP25_SL20_T30S,7d2ed81d41aef9925112446864690cd371eec484346bfbb18b37b8fc0bb8aa94,TP_SL_TIMEOUT,635,599,36,0.943307086614,0.056692913386,19,0.029921259843,17,0.026771653543,139,206,0,290,135,197,0,267,868260847,1410645000,1421498555,2832143555,-1963882708,-3278602.183639,FILLED,211,388,0,0.352253756260,24133550.587678,-18185726.500000,0.721674392764,31424729.342237,30803838,51918981,REALIZED_CLOSED_EQUITY,-1963882708,24893087,1996015740,ENTRY_FILL_CLOCK,30000,2500,2000,,
TP25_SL20_T60S,fccd4fa31cab45515d1fc89a6002d59417b23a492f1f6d5771d4bbfca66377d6,TP_SL_TIMEOUT,635,594,41,0.935433070866,0.064566929134,18,0.028346456693,23,0.036220472441,172,245,0,218,167,233,0,194,641413444,1398870000,1406887957,2805757957,-2164344513,-3643677.631313,FILLED,222,372,0,0.373737373737,25992654.855856,-21329876.051075,0.727230931987,129243623.038721,31275693,78378920,REALIZED_CLOSED_EQUITY,-2164344513,31862097,2218618496,ENTRY_FILL_CLOCK,60000,2500,2000,,
TP25_SL20_T120S,02326822a112d10e4da33e030770611bef5ad2f1702b0a43fc855e9a94026f4e,TP_SL_TIMEOUT,635,582,53,0.916535433071,0.083464566929,19,0.029921259843,34,0.053543307087,207,285,0,143,200,271,0,111,663889559,1370610000,1378908903,2749518903,-2085629344,-3583555.573883,FILLED,233,349,0,0.400343642612,26971655.107296,-23982879.610315,0.750821610690,155227007.682131,30879174,138936146,REALIZED_CLOSED_EQUITY,-2085629344,38331172,2123960516,ENTRY_FILL_CLOCK,120000,2500,2000,,
TP25_SL25_T15S,5a9e1c1c1815e4a14bc2aadf54193971e5e8f7aad4ed7697150659a0edfc2112,TP_SL_TIMEOUT,635,606,29,0.954330708661,0.045669291339,18,0.028346456693,11,0.017322834646,106,128,0,401,104,120,0,382,982954663,1427130000,1439417231,2866547231,-1883592568,-3108238.561056,FILLED,202,404,0,0.333333333333,22295033.267327,-15809874.475248,0.705098364387,23398584.075908,17698129,36076387,REALIZED_CLOSED_EQUITY,-1883592568,0,1924208185,ENTRY_FILL_CLOCK,15000,2500,2500,,
TP25_SL25_T30S,73e1ec6bb4678f1db90bd7dbe1f0719f0fd9ade0f538151298e6f9ccd2e3852e,TP_SL_TIMEOUT,635,600,35,0.944881889764,0.055118110236,18,0.028346456693,17,0.026771653543,143,167,0,325,139,159,0,302,846796941,1413000000,1423585248,2836585248,-1989788307,-3316313.845000,FILLED,213,387,0,0.355000000000,25100655.760563,-18956661.457364,0.728772291246,32778684.280000,31361230,52277254,REALIZED_CLOSED_EQUITY,-1989788307,0,1989788307,ENTRY_FILL_CLOCK,30000,2500,2500,,
TP25_SL25_T60S,6eaec2bca96d075197c31a5632878b79a82a3283b3a7fd743efbac7e31065321,TP_SL_TIMEOUT,635,591,44,0.930708661417,0.069291338583,19,0.029921259843,25,0.039370078740,179,208,0,248,174,197,0,220,782538443,1391805000,1401587009,2793392009,-2010853566,-3402459.502538,FILLED,229,362,0,0.387478849408,26812220.419214,-22516165.861878,0.753295292855,132308740.634518,37652153,80334924,REALIZED_CLOSED_EQUITY,-2010853566,0,2054987232,ENTRY_FILL_CLOCK,60000,2500,2500,,
TP25_SL25_T120S,c3f23a334530a8be3b66fe7a82bfe740869753f7e69a94900db8e5f3021bfe8d,TP_SL_TIMEOUT,635,576,59,0.907086614173,0.092913385827,20,0.031496062992,39,0.061417322835,217,247,0,171,210,231,0,135,885632040,1356480000,1367550677,2724030677,-1838398637,-3191664.300347,FILLED,240,336,0,0.416666666667,28308690.937500,-25691918.041667,0.787037133389,161570814.819444,35542938,144481209,REALIZED_CLOSED_EQUITY,-1838398637,0,1854997139,ENTRY_FILL_CLOCK,120000,2500,2500,,
TP25_SL30_T15S,a8ce8a2fb1142728fff6d598e88c02d9183ba47b59c594a458d1416e93813fb8,TP_SL_TIMEOUT,635,608,27,0.957480314961,0.042519685039,16,0.025196850394,11,0.017322834646,107,106,0,422,105,101,0,402,1017257976,1431840000,1444556024,2876396024,-1859138048,-3057792.842105,FILLED,208,400,0,0.342105263158,22362632.442308,-16276413.990000,0.714442928101,23925391.194079,17831652,37473009,REALIZED_CLOSED_EQUITY,-1859138048,0,1899753665,ENTRY_FILL_CLOCK,15000,2500,3000,,
TP25_SL30_T30S,bfc23b55c6f353918fc2c0f257a11b5b79e67014b14deaac9533fbbaff047afa,TP_SL_TIMEOUT,635,602,33,0.948031496063,0.051968503937,16,0.025196850394,17,0.026771653543,148,140,0,347,144,134,0,324,1101630195,1417710000,1431480669,2849190669,-1747560474,-2902924.375415,FILLED,221,381,0,0.367109634551,25738911.932127,-19516692.942257,0.764982063754,33716441.483389,31742504,52277254,REALIZED_CLOSED_EQUITY,-1747560474,0,1747560474,ENTRY_FILL_CLOCK,30000,2500,3000,,
TP25_SL30_T60S,03cd741db51e66b6d60e2faeee81b89e07f6c3113dbed58ad561a5f234999896,TP_SL_TIMEOUT,635,590,45,0.929133858268,0.070866141732,18,0.028346456693,27,0.042519685039,189,176,0,270,184,166,0,240,1229208388,1389450000,1404815387,2794265387,-1565056999,-2652638.981356,FILLED,242,348,0,0.410169491525,27601034.475207,-23691113.051724,0.810169736762,135503870.520339,44038492,83354918,REALIZED_CLOSED_EQUITY,-1565056999,0,1656260917,ENTRY_FILL_CLOCK,60000,2500,3000,,
TP25_SL30_T120S,42ec30467e65c31f5e2f8ce44b20757aa481cb6c6b73a8d79778438aa5c376a1,TP_SL_TIMEOUT,635,577,58,0.908661417323,0.091338582677,17,0.026771653543,41,0.064566929134,231,212,0,192,224,199,0,154,1245441834,1358835000,1374403300,2733238300,-1487796466,-2578503.407279,FILLED,254,323,0,0.440207972270,29007673.413386,-27417168.770898,0.831996474626,166413490.856153,41632933,150071998,REALIZED_CLOSED_EQUITY,-1487796466,134557304,1670021475,ENTRY_FILL_CLOCK,120000,2500,3000,,
TP25_SL40_T15S,3242cd6d360f003c3cbf389585a14b3aa044aa1a68043516191c238f11ef911d,TP_SL_TIMEOUT,635,607,28,0.955905511811,0.044094488189,17,0.026771653543,11,0.017322834646,107,83,0,445,105,78,0,424,677482347,1429485000,1437953834,2867438834,-2189956487,-3607836.057661,FILLED,208,399,0,0.342668863262,22169557.543269,-17045675.328321,0.678005556034,24279268.733114,18039170,37584017,REALIZED_CLOSED_EQUITY,-2189956487,0,2230572104,ENTRY_FILL_CLOCK,15000,2500,4000,,
TP25_SL40_T30S,c25bbdf33d388c8e247200de8aed232e4130e2631f346c2e85eb424a9edb8139,TP_SL_TIMEOUT,635,596,39,0.938582677165,0.061417322835,21,0.033070866142,18,0.028346456693,150,103,0,382,146,96,0,354,914886102,1403580000,1415016369,2818596369,-1903710267,-3194144.743289,FILLED,220,376,0,0.369127516779,25963158.518182,-20254268.992021,0.750025082478,34764862.426174,32097048,53033575,REALIZED_CLOSED_EQUITY,-1903710267,0,1903710267,ENTRY_FILL_CLOCK,30000,2500,4000,,
TP25_SL40_T60S,456e7244272c8d6eea4bc15fec23d5e8bc7bd2f0edc4a9caacb421af88c8a08a,TP_SL_TIMEOUT,635,586,49,0.922834645669,0.077165354331,19,0.029921259843,30,0.047244094488,193,138,0,304,188,129,0,269,1141926981,1380030000,1394304367,2774334367,-1632407386,-2785678.133106,FILLED,247,339,0,0.421501706485,28580121.939271,-25639225.678466,0.812187736048,139169534.116041,54605607,85521800,REALIZED_CLOSED_EQUITY,-1632407386,0,1772562326,ENTRY_FILL_CLOCK,60000,2500,4000,,
TP25_SL40_T120S,b7c6f962c73e574f76c78318553d36969bf9ff5d8f6e501fbcfb7b15cc573c83,TP_SL_TIMEOUT,635,569,66,0.896062992126,0.103937007874,18,0.028346456693,48,0.075590551181,239,164,0,232,232,154,0,183,1344432087,1339995000,1356800678,2696795678,-1352363591,-2376737.418278,FILLED,258,311,0,0.453427065026,30259945.329457,-29451541.755627,0.852352857450,175716707.437610,51707818,158951929,REALIZED_CLOSED_EQUITY,-1352363591,129589500,1568997763,ENTRY_FILL_CLOCK,120000,2500,4000,,
TP30_SL10_T15S,da6bbf96999cf2268f224029ae235b5814211ae37c4227aa8646c4a4190a0e90,TP_SL_TIMEOUT,635,604,31,0.951181102362,0.048818897638,20,0.031496062992,11,0.017322834646,74,245,0,316,72,235,0,297,788590562,1422420000,1432277676,2854697676,-2066107114,-3420707.142384,FILLED,186,418,0,0.307947019868,21411574.037634,-14470478.193780,0.658419029457,22872111.062914,17124725,36076387,REALIZED_CLOSED_EQUITY,-2066107114,0,2113700008,ENTRY_FILL_CLOCK,15000,3000,1000,,
TP30_SL10_T30S,6a3ecbc0af04d7db2a453eb827ab817d49b707361f4ad99f09d6f02cdf5835b1,TP_SL_TIMEOUT,635,602,33,0.948031496063,0.051968503937,18,0.028346456693,15,0.023622047244,100,299,0,236,97,287,0,218,372390717,1417710000,1422365181,2840075181,-2467684464,-4099143.627907,FILLED,191,411,0,0.317275747508,23434467.821990,-16894568.900243,0.644613692838,30087226.368771,25265396,49600148,REALIZED_CLOSED_EQUITY,-2467684464,0,2469348115,ENTRY_FILL_CLOCK,30000,3000,1000,,
TP30_SL10_T60S,50561eb8c2b6d7724dc532c488934ca2297d0a67dcb661796f8908c24e4069cf,TP_SL_TIMEOUT,635,598,37,0.941732283465,0.058267716535,18,0.028346456693,19,0.029921259843,122,356,0,157,119,342,0,137,174009265,1408290000,1410465405,2818755405,-2644746140,-4422652.408027,FILLED,197,401,0,0.329431438127,25537997.573604,-19141475.466334,0.655440516102,124477468.341137,25129320,72395156,REALIZED_CLOSED_EQUITY,-2644746140,0,2646478746,ENTRY_FILL_CLOCK,60000,3000,1000,,
TP30_SL10_T120S,87a5125e859ffed35e7c377c1e41189d3aa3adc002ceac9a20d8f7fcf7c665e5,TP_SL_TIMEOUT,635,590,45,0.929133858268,0.070866141732,20,0.031496062992,25,0.039370078740,148,385,0,102,144,370,0,76,216360872,1389450000,1392154798,2781604798,-2565243926,-4347871.061017,FILLED,203,387,0,0.344067796610,26852687.068966,-20714055.299742,0.679998089193,139997500.171186,24597612,126203907,REALIZED_CLOSED_EQUITY,-2565243926,0,2565243926,ENTRY_FILL_CLOCK,120000,3000,1000,,
TP30_SL15_T15S,e2e835692e57f78c6c15fea1912e25bcf00ca615aa7f3b950184037fb0171979,TP_SL_TIMEOUT,635,603,32,0.949606299213,0.050393700787,21,0.033070866142,11,0.017322834646,80,187,0,368,78,176,0,349,1023937040,1420065000,1432864510,2852929510,-1828992470,-3033155.008292,FILLED,192,411,0,0.318407960199,22048371.354167,-14750072.433090,0.698299560662,23818735.086235,17674494,36110985,REALIZED_CLOSED_EQUITY,-1828992470,0,1878004767,ENTRY_FILL_CLOCK,15000,3000,1500,,
TP30_SL15_T30S,ffc5f0073daaee27c1301be34ff1c4a350376d377911c7b4309e512f0150a45d,TP_SL_TIMEOUT,635,599,36,0.943307086614,0.056692913386,19,0.029921259843,17,0.026771653543,110,244,0,281,107,232,0,260,525061036,1410645000,1417208558,2827853558,-2302792522,-3844394.861436,FILLED,198,401,0,0.330550918197,24255846.106061,-17719326.810474,0.675911799327,32479325.161937,30730319,51548214,REALIZED_CLOSED_EQUITY,-2302792522,0,2312077486,ENTRY_FILL_CLOCK,30000,3000,1500,,
TP30_SL15_T60S,0f587e4bc0136f7681b9ecdd2ed019692adc559bcb27c6d67176eb740b2bf96f,TP_SL_TIMEOUT,635,595,40,0.937007874016,0.062992125984,18,0.028346456693,22,0.034645669291,137,292,0,206,134,278,0,183,195410529,1401225000,1403667921,2804892921,-2609482392,-4385684.692437,FILLED,205,390,0,0.344537815126,26406883.073171,-20571521.594872,0.674745474638,129701004.082353,31039095,76955106,REALIZED_CLOSED_EQUITY,-2609482392,39954633,2675687758,ENTRY_FILL_CLOCK,60000,3000,1500,,
TP30_SL15_T120S,25863a176b32d6e66e6a4e366c6d5ce978a52874d85aa2c73dcf9a58f9ad1509,TP_SL_TIMEOUT,635,582,53,0.916535433071,0.083464566929,21,0.033070866142,32,0.050393700787,168,335,0,132,163,318,0,101,252367379,1370610000,1373764875,2744374875,-2492007496,-4281799.821306,FILLED,213,369,0,0.365979381443,27786590.638498,-22792821.956640,0.703704619766,149677293.737113,30705695,134777016,REALIZED_CLOSED_EQUITY,-2492007496,47497953,2539505449,ENTRY_FILL_CLOCK,120000,3000,1500,,
TP30_SL20_T15S,ef255325f52112f42816b30801b87a4b0b5b00392254defa81bf5aefbe733957,TP_SL_TIMEOUT,635,604,31,0.951181102362,0.048818897638,20,0.031496062992,11,0.017322834646,82,159,0,394,80,150,0,374,902320412,1422420000,1433699305,2856119305,-1953798893,-3234766.379139,FILLED,194,410,0,0.321192052980,22264394.190722,-15300222.843902,0.688542892331,24875239.741722,17831652,36978041,REALIZED_CLOSED_EQUITY,-1953798893,0,1999075138,ENTRY_FILL_CLOCK,15000,3000,2000,,
TP30_SL20_T30S,6ee26dade3f06cd152329b7829c9a1f966f24d4951f220fc63c61fc726004a51,TP_SL_TIMEOUT,635,600,35,0.944881889764,0.055118110236,18,0.028346456693,17,0.026771653543,112,213,0,310,109,204,0,287,427792152,1413000000,1418347696,2831347696,-2403555544,-4005925.906667,FILLED,202,398,0,0.336666666667,24347509.420792,-18396362.932161,0.671724008508,33440838.620000,31109368,51723722,REALIZED_CLOSED_EQUITY,-2403555544,24893087,2431798539,ENTRY_FILL_CLOCK,30000,3000,2000,,
TP30_SL20_T60S,d892b2bf9afcbe0815411e40242dcbe67803f7a87db503c1516cc810343c3ef5,TP_SL_TIMEOUT,635,594,41,0.935433070866,0.064566929134,17,0.026771653543,24,0.037795275591,141,255,0,239,138,242,0,214,81489777,1398870000,1399888912,2798758912,-2717269135,-4574527.163300,FILLED,212,382,0,0.356902356902,26025263.995283,-21556610.214660,0.670019083888,132182395.513468,35273865,78378920,REALIZED_CLOSED_EQUITY,-2717269135,38327247,2775912059,ENTRY_FILL_CLOCK,60000,3000,2000,,
TP30_SL20_T120S,97b9152149a1f8016facd69dd1a0d813c0b60d715b9d8b607fb55aeb22b71556,TP_SL_TIMEOUT,635,580,55,0.913385826772,0.086614173228,19,0.029921259843,36,0.056692913386,178,298,0,159,173,282,0,125,152513340,1365900000,1367806695,2733706695,-2581193355,-4450333.370690,FILLED,221,359,0,0.381034482759,27984158.692308,-24416970.545961,0.705534573932,160184581.425862,32925894,140244103,REALIZED_CLOSED_EQUITY,-2581193355,4276312,2585469667,ENTRY_FILL_CLOCK,120000,3000,2000,,
TP30_SL25_T15S,86f51cf1f7bab87f1a5f1ae85d8904d8df9d962364084877211d7f8e9edb39fb,TP_SL_TIMEOUT,635,605,30,0.952755905512,0.047244094488,19,0.029921259843,11,0.017322834646,82,133,0,420,80,125,0,400,617147627,1424775000,1432489641,2857264641,-2240117014,-3702672.750413,FILLED,194,411,0,0.320661157025,22273052.644330,-15963720.746959,0.658575438240,24965868.343802,17865112,36110985,REALIZED_CLOSED_EQUITY,-2240117014,0,2284313550,ENTRY_FILL_CLOCK,15000,3000,2500,,
TP30_SL25_T30S,f04193bd60f0df5660528b4a11a92559c7b56cd4f5d4bfeae9352cf10232f64b,TP_SL_TIMEOUT,635,601,34,0.946456692913,0.053543307087,17,0.026771653543,17,0.026771653543,114,173,0,348,111,165,0,325,402052182,1415355000,1420380938,2835735938,-2433683756,-4049390.608985,FILLED,204,397,0,0.339434276206,25334484.279412,-19148409.443325,0.679859269694,34793705.407654,31742504,52277254,REALIZED_CLOSED_EQUITY,-2433683756,0,2433683756,ENTRY_FILL_CLOCK,30000,3000,2500,,
TP30_SL25_T60S,70be69349e9cf1aa5b391ac868334db9461a4cdd85f3ef0dc2b4020ae13f0a31,TP_SL_TIMEOUT,635,591,44,0.930708661417,0.069291338583,18,0.028346456693,26,0.040944881890,146,217,0,272,143,205,0,243,187048949,1391805000,1394143392,2785948392,-2598899443,-4397460.986464,FILLED,218,373,0,0.368866328257,26945564.477064,-22715904.823056,0.693273990946,135318904.949239,44067567,80334924,REALIZED_CLOSED_EQUITY,-2598899443,0,2640936900,ENTRY_FILL_CLOCK,60000,3000,2500,,
TP30_SL25_T120S,043e8d8fc476a2ceb692617b9425e894e039c050f787c78e5e50705abb35d45b,TP_SL_TIMEOUT,635,573,62,0.902362204724,0.097637795276,21,0.033070866142,41,0.064566929134,187,260,0,188,182,242,0,149,338450188,1349415000,1353645898,2703060898,-2364610710,-4126720.261780,FILLED,227,346,0,0.396160558464,29532478.511013,-26209489.398844,0.739249594069,166959184.139616,41058152,146164325,REALIZED_CLOSED_EQUITY,-2364610710,6474840,2378365620,ENTRY_FILL_CLOCK,120000,3000,2500,,
TP30_SL30_T15S,4fb316e4b3232600ceed16d42d51280f6a39bc60235809814e7c72775bf77bf6,TP_SL_TIMEOUT,635,607,28,0.955905511811,0.044094488189,17,0.026771653543,11,0.017322834646,83,109,0,443,81,104,0,422,654959731,1429485000,1437672294,2867157294,-2212197563,-3644477.039539,FILLED,200,407,0,0.329489291598,22344015.205000,-16415234.899263,0.668882298607,25488193.871499,17989783,37584017,REALIZED_CLOSED_EQUITY,-2212197563,0,2256394099,ENTRY_FILL_CLOCK,15000,3000,3000,,
TP30_SL30_T30S,e7db78d3d27043045542f111ed91278d11abaaca3716e00836120265d279e20b,TP_SL_TIMEOUT,635,603,32,0.949606299213,0.050393700787,15,0.023622047244,17,0.026771653543,118,145,0,372,115,139,0,349,633816232,1420065000,1427987994,2848052994,-2214236762,-3672034.431177,FILLED,212,391,0,0.351575456053,25991012.514151,-19755323.312020,0.713342599762,35758605.054726,32016356,52277254,REALIZED_CLOSED_EQUITY,-2214236762,0,2214236762,ENTRY_FILL_CLOCK,30000,3000,3000,,
TP30_SL30_T60S,ba79a16ab00009e5b7392dd6d6688f9e4702f151b5ac0c911d7a596ab0993164,TP_SL_TIMEOUT,635,589,46,0.927559055118,0.072440944882,18,0.028346456693,28,0.044094488189,157,184,0,294,153,173,0,263,644294736,1387095000,1395148967,2782243967,-2137949231,-3629794.959253,FILLED,231,358,0,0.392190152801,27913728.688312,-23983297.648045,0.750996492897,138744503.123939,51210279,84474617,REALIZED_CLOSED_EQUITY,-2137949231,0,2227056940,ENTRY_FILL_CLOCK,60000,3000,3000,,
TP30_SL30_T120S,c42f52d6985a10082cc1de1b5a1d642d8d5239a43259d7d0fe97e7a805705f2f,TP_SL_TIMEOUT,635,573,62,0.902362204724,0.097637795276,19,0.029921259843,43,0.067716535433,201,223,0,211,195,208,0,170,705477122,1349415000,1358233734,2707648734,-2002171612,-3494191.294939,FILLED,241,332,0,0.420593368237,30341500.236515,-28055642.075301,0.785047251125,172139213.488656,47383233,155187764,REALIZED_CLOSED_EQUITY,-2002171612,7096531,2047617416,ENTRY_FILL_CLOCK,120000,3000,3000,,
TP30_SL40_T15S,53a86b194561b74cf3542d26f1bb4f4a605f145f3c0235eae7d0673a92d5c0fd,TP_SL_TIMEOUT,635,606,29,0.954330708661,0.045669291339,18,0.028346456693,11,0.017322834646,83,85,0,467,81,80,0,445,314405650,1427130000,1431060373,2858190373,-2543784723,-4197664.559406,FILLED,200,406,0,0.330033003300,22139373.705000,-17171575.034483,0.635124931713,25851893.414191,18294592,37640465,REALIZED_CLOSED_EQUITY,-2543784723,0,2587981259,ENTRY_FILL_CLOCK,15000,3000,4000,,
TP30_SL40_T30S,781970fb944a6ff5bef8c6a0475754b81f013da5f114c3935757a9c2b9bc59f6,TP_SL_TIMEOUT,635,597,38,0.940157480315,0.059842519685,20,0.031496062992,18,0.028346456693,119,106,0,410,116,99,0,382,453063766,1405935000,1411598589,2817533589,-2364469823,-3960585.968174,FILLED,210,387,0,0.351758793970,26338732.352381,-20402076.529716,0.700533367973,36877205.551089,32401445,53033575,REALIZED_CLOSED_EQUITY,-2364469823,0,2364469823,ENTRY_FILL_CLOCK,30000,3000,4000,,
TP30_SL40_T60S,45c0711bb279c6cde1e0b544af9d300f97eac7ffe888e63a84ebfa018c7a1dda,TP_SL_TIMEOUT,635,586,49,0.922834645669,0.077165354331,18,0.028346456693,31,0.048818897638,163,144,0,328,159,135,0,292,647283445,1380030000,1388121323,2768151323,-2120867878,-3619228.460751,FILLED,237,349,0,0.404436860068,29288020.400844,-25965984.851003,0.765963611292,142424394.476109,60749496,85521800,REALIZED_CLOSED_EQUITY,-2120867878,0,2258926609,ENTRY_FILL_CLOCK,60000,3000,4000,,
TP30_SL40_T120S,e839820762d1e3002e1f66ed65295f8af9498d929178b13cd792267a88909ca1,TP_SL_TIMEOUT,635,566,69,0.891338582677,0.108661417323,19,0.029921259843,50,0.078740157480,210,172,0,253,204,161,0,201,856194132,1332930000,1343632696,2676562696,-1820368564,-3216198.876325,FILLED,246,320,0,0.434628975265,31817614.134146,-30148442.628125,0.811311919734,181484709.037102,61518407,159488829,REALIZED_CLOSED_EQUITY,-1820368564,0,1898094804,ENTRY_FILL_CLOCK,120000,3000,4000,,
TP40_SL10_T15S,527573652954633b137df87e9204266cd080c3d79e311b408a7b3b45cf8176b4,TP_SL_TIMEOUT,635,604,31,0.951181102362,0.048818897638,20,0.031496062992,11,0.017322834646,51,247,0,337,49,237,0,318,933813788,1422420000,1434092966,2856512966,-1922699178,-3183276.784768,FILLED,183,421,0,0.302980132450,22744857.245902,-14453700.840855,0.684026847469,23304987.254967,17344288,36978041,REALIZED_CLOSED_EQUITY,-1922699178,0,1988978473,ENTRY_FILL_CLOCK,15000,4000,1000,,
TP40_SL10_T30S,7689929660250d6a55a07c11512e28f0ff0709df78e4f6e595274b48569cf306,TP_SL_TIMEOUT,635,602,33,0.948031496063,0.051968503937,18,0.028346456693,15,0.023622047244,70,303,0,262,68,291,0,243,702695079,1417710000,1426493987,2844203987,-2141508908,-3557323.767442,FILLED,185,417,0,0.307308970100,26623891.081081,-16947071.362110,0.696967525592,30942904.476744,28482661,49600148,REALIZED_CLOSED_EQUITY,-2141508908,0,2157901470,ENTRY_FILL_CLOCK,30000,4000,1000,,
TP40_SL10_T60S,c1c84a959e80aa27d13d96a32fc5a970017ba01aba2751756d483cff8b7e6c97,TP_SL_TIMEOUT,635,597,38,0.940157480315,0.059842519685,18,0.028346456693,20,0.031496062992,97,363,0,175,95,348,0,154,407382411,1405935000,1411027567,2816962567,-2409580156,-4036147.664992,FILLED,185,412,0,0.309882747069,29611008.837838,-19144700.949029,0.694511001251,126481382.512563,28369931,73425667,REALIZED_CLOSED_EQUITY,-2409580156,0,2448498511,ENTRY_FILL_CLOCK,60000,4000,1000,,
TP40_SL10_T120S,037ac85d5cbaf882dbfc5135cd423b082c0eb87727214dd941d146c9f36971fa,TP_SL_TIMEOUT,635,590,45,0.929133858268,0.070866141732,19,0.029921259843,26,0.040944881890,114,396,0,125,112,380,0,98,460670913,1389450000,1395208678,2784658678,-2323987765,-3938962.313559,FILLED,189,401,0,0.320338983051,31882666.407407,-20822473.107232,0.721671835959,144127816.028814,27946751,130993246,REALIZED_CLOSED_EQUITY,-2323987765,0,2342307711,ENTRY_FILL_CLOCK,120000,4000,1000,,
TP40_SL15_T15S,c196b18b0d9c8b5e0949771be563f9f57f91b67a9a27dda87ec9d7c21496e4f4,TP_SL_TIMEOUT,635,603,32,0.949606299213,0.050393700787,21,0.033070866142,11,0.017322834646,55,189,0,391,53,178,0,372,1180488941,1420065000,1434821409,2854886409,-1674397468,-2776778.553897,FILLED,188,415,0,0.311774461028,23738867.095745,-14788685.498795,0.727177057467,24280593.237148,17859537,37473009,REALIZED_CLOSED_EQUITY,-1674397468,0,1742096166,ENTRY_FILL_CLOCK,15000,4000,1500,,
TP40_SL15_T30S,6082607f340bb49f9db00709450ea4c067acbbff38b2202d75ba0ea487f35659,TP_SL_TIMEOUT,635,599,36,0.943307086614,0.056692913386,19,0.029921259843,17,0.026771653543,77,248,0,310,75,236,0,288,889077085,1410645000,1421758761,2832403761,-1943326676,-3244284.934891,FILLED,191,408,0,0.318864774624,27886503.057592,-17817766.568627,0.732679426454,33458244.038397,31248891,51548214,REALIZED_CLOSED_EQUITY,-1943326676,0,1967340551,ENTRY_FILL_CLOCK,30000,4000,1500,,
TP40_SL15_T60S,7fd873c826de92e965559f04dc7f923e22cc80e4d2cbe9f1042e57342114a16d,TP_SL_TIMEOUT,635,594,41,0.935433070866,0.064566929134,18,0.028346456693,23,0.036220472441,109,299,0,227,107,284,0,203,569392720,1398870000,1405987698,2804857698,-2235464978,-3763409.053872,FILLED,192,402,0,0.323232323232,31459642.406250,-20586359.004975,0.729876557924,132083482.484848,36257053,77382681,REALIZED_CLOSED_EQUITY,-2235464978,80155579,2385058994,ENTRY_FILL_CLOCK,60000,4000,1500,,
TP40_SL15_T120S,700ca56c9900c504809a7cc93228567d68a9280c9da03064cd8a2cb76d88ec6f,TP_SL_TIMEOUT,635,581,54,0.914960629921,0.085039370079,21,0.033070866142,33,0.051968503937,130,345,0,160,128,326,0,127,597291379,1368255000,1375721431,2743976431,-2146685052,-3694810.760757,FILLED,197,384,0,0.339070567986,33633087.517766,-22844800.242188,0.755291112333,154590221.399312,34433270,137971214,REALIZED_CLOSED_EQUITY,-2146685052,103070274,2307003596,ENTRY_FILL_CLOCK,120000,4000,1500,,
TP40_SL20_T15S,77c91b0b51a824025ce8ab6117de411e978e45db406bb3f325c0771e63c29903,TP_SL_TIMEOUT,635,604,31,0.951181102362,0.048818897638,20,0.031496062992,11,0.017322834646,56,161,0,418,54,152,0,398,1065111313,1422420000,1435734192,2858154192,-1793042879,-2968614.038079,FILLED,190,414,0,0.314569536424,23974069.468421,-15333613.714976,0.717547244416,25340705.039735,17996721,37584017,REALIZED_CLOSED_EQUITY,-1793042879,0,1857005525,ENTRY_FILL_CLOCK,15000,4000,2000,,
TP40_SL20_T30S,9fadc77f4bbf65b390fabecc4d1f998ab48f053dcf0e7e8b73b23efc2ab229f4,TP_SL_TIMEOUT,635,600,35,0.944881889764,0.055118110236,18,0.028346456693,17,0.026771653543,79,216,0,340,77,207,0,316,818070238,1413000000,1423226175,2836226175,-2018155937,-3363593.228333,FILLED,195,405,0,0.325000000000,28039975.482051,-18483830.014815,0.730407546757,34430002.888333,31700536,51723722,REALIZED_CLOSED_EQUITY,-2018155937,18885349,2055120105,ENTRY_FILL_CLOCK,30000,4000,2000,,
TP40_SL20_T60S,7b001646fb729a491e015126f0f81f4aa857d52d6b1003f7d0b68f5d85767c2a,TP_SL_TIMEOUT,635,593,42,0.933858267717,0.066141732283,17,0.026771653543,25,0.039370078740,112,262,0,261,110,248,0,235,445148373,1396515000,1402079645,2798594645,-2353446272,-3968712.094435,FILLED,199,394,0,0.335581787521,30879990.025126,-21569960.119289,0.723077193686,134642403.730185,44140671,78808090,REALIZED_CLOSED_EQUITY,-2353446272,78528193,2495477846,ENTRY_FILL_CLOCK,60000,4000,2000,,
TP40_SL20_T120S,604b46b0beca4bf8528c76251ab5d61c9d10209cdb0243da829728a4f3458180,TP_SL_TIMEOUT,635,579,56,0.911811023622,0.088188976378,19,0.029921259843,37,0.058267716535,137,308,0,190,135,290,0,154,488906080,1363545000,1369656610,2733201610,-2244295530,-3876158.082902,FILLED,205,374,0,0.354058721934,33691822.492683,-24468232.997326,0.754751796428,165433351.096718,41658461,143895151,REALIZED_CLOSED_EQUITY,-2244295530,97071234,2392679978,ENTRY_FILL_CLOCK,120000,4000,2000,,
TP40_SL25_T15S,7a83afbe456dbf4b190b7894c76cf51a3e1dd5a0f69fba059257e42cc56a67e6,TP_SL_TIMEOUT,635,605,30,0.952755905512,0.047244094488,19,0.029921259843,11,0.017322834646,56,135,0,444,54,127,0,424,779938528,1424775000,1434524528,2859299528,-2079361000,-3436960.330579,FILLED,190,415,0,0.314049586777,23982910.205263,-15990635.997590,0.686659840516,25430564.277686,18086863,37473009,REALIZED_CLOSED_EQUITY,-2079361000,0,2142243937,ENTRY_FILL_CLOCK,15000,4000,2500,,
TP40_SL25_T30S,1e223acfe2132fc7355f86c06f2a06b3b5a5f58f2de27a838f86f746450332ad,TP_SL_TIMEOUT,635,601,34,0.946456692913,0.053543307087,17,0.026771653543,17,0.026771653543,81,176,0,378,79,168,0,354,792330268,1415355000,1425259417,2840614417,-2048284149,-3408126.703827,FILLED,197,404,0,0.327787021631,29024533.548223,-19223062.519802,0.736253769940,35781223.811980,32086723,52277254,REALIZED_CLOSED_EQUITY,-2048284149,0,2058101280,ENTRY_FILL_CLOCK,30000,4000,2500,,
TP40_SL25_T60S,21d9df0d4a508d6a399097a06e729092d258d0a34b0a7386c58aa0334a89c09b,TP_SL_TIMEOUT,635,590,45,0.929133858268,0.070866141732,18,0.028346456693,27,0.042519685039,117,224,0,294,115,211,0,264,565234853,1389450000,1396515717,2785965717,-2220730864,-3763950.616949,FILLED,205,385,0,0.347457627119,31786540.585366,-22693432.945455,0.745823731114,137825935.045763,53824331,80882634,REALIZED_CLOSED_EQUITY,-2220730864,27836142,2333792167,ENTRY_FILL_CLOCK,60000,4000,2500,,
TP40_SL25_T120S,3d234744d99c59acd2d0e84dfae779298e08e85fcb800ae2e91ec17402dd1ea7,TP_SL_TIMEOUT,635,573,62,0.902362204724,0.097637795276,20,0.031496062992,42,0.066141732283,144,270,0,221,142,251,0,180,607856868,1349415000,1357013490,2706428490,-2098571622,-3662428.659686,FILLED,210,363,0,0.366492146597,35409646.600000,-26266108.561983,0.779899293887,172236728.574171,50038231,149366079,REALIZED_CLOSED_EQUITY,-2098571622,79873513,2251480129,ENTRY_FILL_CLOCK,120000,4000,2500,,
TP40_SL30_T15S,4ff7da05c9e75bbf04e20309dcac818750473f7c37c74c3ec3f8bbe2314efb6f,TP_SL_TIMEOUT,635,607,28,0.955905511811,0.044094488189,17,0.026771653543,11,0.017322834646,56,111,0,468,54,106,0,447,817750632,1429485000,1439707181,2869192181,-2051441549,-3379640.113674,FILLED,196,411,0,0.322899505766,24002978.403061,-16438017.800487,0.696353780063,25951358.682043,18294592,37670425,REALIZED_CLOSED_EQUITY,-2051441549,0,2114324486,ENTRY_FILL_CLOCK,15000,4000,3000,,
TP40_SL30_T30S,47a69940e8e5018236bc1e4928367998831b3bbf3befa6d155c3636c72ba7acf,TP_SL_TIMEOUT,635,603,32,0.949606299213,0.050393700787,15,0.023622047244,17,0.026771653543,85,148,0,402,83,142,0,378,1070076690,1420065000,1433441253,2853506253,-1783429563,-2957594.631841,FILLED,205,398,0,0.339966832504,29780978.346341,-19820427.447236,0.773921182405,36750318.049751,32362781,52277254,REALIZED_CLOSED_EQUITY,-1783429563,0,1793246694,ENTRY_FILL_CLOCK,30000,4000,3000,,
TP40_SL30_T60S,175d2acebb0c400a7943f665bbb7eb9cecdfede7312f0474256f4b4f46b427b9,TP_SL_TIMEOUT,635,587,48,0.924409448819,0.075590551181,19,0.029921259843,29,0.045669291339,126,188,0,321,123,176,0,288,1096975715,1382385000,1396097480,2778482480,-1681506765,-2864577.112436,FILLED,218,369,0,0.371379897785,32765503.165138,-23914326.436314,0.809447741939,141479190.649063,60746330,84474617,REALIZED_CLOSED_EQUITY,-1681506765,27823905,1841626083,ENTRY_FILL_CLOCK,60000,4000,3000,,
TP40_SL30_T120S,64a2baac2ef21b9e93e4056a3b4bb792c2a605b6380138cfdc1df71b799ee7b3,TP_SL_TIMEOUT,635,573,62,0.902362204724,0.097637795276,18,0.028346456693,44,0.069291338583,157,233,0,245,154,217,0,202,1060048502,1349415000,1362665885,2712080885,-1652032383,-2883128.068063,FILLED,224,349,0,0.390924956370,36507692.272321,-28165488.401146,0.831935556173,177670674.191972,63247460,155732167,REALIZED_CLOSED_EQUITY,-1652032383,148095300,1914933747,ENTRY_FILL_CLOCK,120000,4000,3000,,
TP40_SL40_T15S,061fc625bff747b64e3a2d4a57774f6512266acb96a17e90f1834720cb544181,TP_SL_TIMEOUT,635,606,29,0.954330708661,0.045669291339,18,0.028346456693,11,0.017322834646,56,86,0,493,54,81,0,471,469068820,1427130000,1432993663,2860123663,-2391054843,-3945635.054455,FILLED,196,410,0,0.323432343234,23794160.545918,-17206610.512195,0.661069733847,26321784.902640,18474314,38104065,REALIZED_CLOSED_EQUITY,-2391054843,0,2453937780,ENTRY_FILL_CLOCK,15000,4000,4000,,
TP40_SL40_T30S,f688fb1d8bb2073a366c4e43a00de87915202a3da49c17f7a7ca6a6b80563b80,TP_SL_TIMEOUT,635,597,38,0.940157480315,0.059842519685,20,0.031496062992,18,0.028346456693,85,108,0,442,83,101,0,413,870386641,1405935000,1416815128,2822750128,-1952363487,-3270290.597990,FILLED,203,394,0,0.340033500838,30178028.088670,-20503815.200508,0.758326085746,37892165.410385,32670205,53033575,REALIZED_CLOSED_EQUITY,-1952363487,0,1962180618,ENTRY_FILL_CLOCK,30000,4000,4000,,
TP40_SL40_T60S,ad6435df29f771792b26f391e5a02bfeb4a9332ba11f53c66c33f515f8dc7d7a,TP_SL_TIMEOUT,635,584,51,0.919685039370,0.080314960630,19,0.029921259843,32,0.050393700787,131,148,0,356,128,138,0,318,1095921512,1375320000,1389019300,2764339300,-1668417788,-2856879.773973,FILLED,224,360,0,0.383561643836,34318614.468750,-25988298.413889,0.821669976936,145282976.318493,61352243,85521800,REALIZED_CLOSED_EQUITY,-1668417788,0,1849664223,ENTRY_FILL_CLOCK,60000,4000,4000,,
TP40_SL40_T120S,6c133408ccb2b0cd112210eedc737a01ddb345434906c460a81cc481a20c97e3,TP_SL_TIMEOUT,635,565,70,0.889763779528,0.110236220472,18,0.028346456693,52,0.081889763780,164,183,0,288,161,170,0,234,1092000269,1330575000,1344225280,2674800280,-1582800011,-2801415.948673,FILLED,227,338,0,0.401769911504,38144586.185022,-30300654.068047,0.845454152286,187497776.601770,81746797,159488829,REALIZED_CLOSED_EQUITY,-1582800011,71938913,1820308105,ENTRY_FILL_CLOCK,120000,4000,4000,,
TP50_SL10_T15S,632cfee2c5d2586d41f82792973f5f119c4a626244993fe23a2922e72d2a4645,TP_SL_TIMEOUT,635,604,31,0.951181102362,0.048818897638,20,0.031496062992,11,0.017322834646,35,248,0,352,34,238,0,332,987451712,1422420000,1434763438,2857183438,-1869731726,-3095582.327815,FILLED,181,423,0,0.299668874172,23616371.209945,-14525519.893617,0.695696291948,23499570.875828,17454130,36110985,REALIZED_CLOSED_EQUITY,-1869731726,0,1955860868,ENTRY_FILL_CLOCK,15000,5000,1000,,
TP50_SL10_T30S,ef5743924af091890dd41461ee5d68999bc90b9939a1bc27ca6ce4eb58f448e7,TP_SL_TIMEOUT,635,603,32,0.949606299213,0.050393700787,17,0.026771653543,15,0.023622047244,57,308,0,270,56,296,0,251,700574226,1420065000,1428822473,2848887473,-2148313247,-3562708.535655,FILLED,180,423,0,0.298507462687,28177436.277778,-17069153.137116,0.702460064642,31520946.228856,30303496,51162163,REALIZED_CLOSED_EQUITY,-2148313247,0,2148313247,ENTRY_FILL_CLOCK,30000,5000,1000,,
TP50_SL10_T60S,33f477c7841a4aedda33ce76308f8fd83f87c1f941cc33ffe25cef71bd814146,TP_SL_TIMEOUT,635,598,37,0.941732283465,0.058267716535,17,0.026771653543,20,0.031496062992,75,370,0,190,74,355,0,169,388697929,1408290000,1413149008,2821439008,-2432741079,-4068128.894649,FILLED,179,419,0,0.299331103679,31560347.737430,-19288886.214797,0.698994303609,127692695.309365,29479890,76233684,REALIZED_CLOSED_EQUITY,-2432741079,0,2438427266,ENTRY_FILL_CLOCK,60000,5000,1000,,
TP50_SL10_T120S,4b046fbcae8c6e9802a7cf1ea0a012183b7e79d6bbc952815d9c0562a3a942c7,TP_SL_TIMEOUT,635,590,45,0.929133858268,0.070866141732,19,0.029921259843,26,0.040944881890,91,405,0,139,90,388,0,112,307064345,1389450000,1393288593,2782738593,-2475674248,-4196058.047458,FILLED,177,413,0,0.300000000000,34770707.141243,-20896100.271186,0.713134577197,147162395.486441,29075607,133705844,REALIZED_CLOSED_EQUITY,-2475674248,0,2475674248,ENTRY_FILL_CLOCK,120000,5000,1000,,
TP50_SL15_T15S,b8ac135d52217043fea7d935b1ac64107d8bc010e53b0ae920bc5117da75bfb4,TP_SL_TIMEOUT,635,603,32,0.949606299213,0.050393700787,21,0.033070866142,11,0.017322834646,38,190,0,407,37,179,0,387,1234126865,1420065000,1435491881,2855556881,-1621430016,-2688938.666667,FILLED,186,417,0,0.308457711443,24597641.543011,-14859931.278177,0.738335170701,24475499.550580,17956201,36978041,REALIZED_CLOSED_EQUITY,-1621430016,0,1708978561,ENTRY_FILL_CLOCK,15000,5000,1500,,
TP50_SL15_T30S,77d6dbd639faf05df444c7be8724ee7112fb07f41aa7ba8b8f9960b8d695e5a6,TP_SL_TIMEOUT,635,600,35,0.944881889764,0.055118110236,18,0.028346456693,17,0.026771653543,63,252,0,320,62,240,0,298,897491590,1413000000,1424218938,2837218938,-1939727348,-3232878.913333,FILLED,186,414,0,0.310000000000,29479808.768817,-17929883.524155,0.738685878682,34055385.241667,31468253,51548214,REALIZED_CLOSED_EQUITY,-1939727348,0,1939727348,ENTRY_FILL_CLOCK,30000,5000,1500,,
TP50_SL15_T60S,808910d9859cc16d53c2adbe81bc0901cbc4d21eca20eda5065b57df9ab7c11a,TP_SL_TIMEOUT,635,594,41,0.935433070866,0.064566929134,17,0.026771653543,24,0.037795275591,85,306,0,244,84,291,0,219,612018633,1398870000,1406520516,2805390516,-2193371883,-3692545.257576,FILLED,185,409,0,0.311447811448,33848269.264865,-20673109.283619,0.740592120589,133514410.035354,38792739,78824630,REALIZED_CLOSED_EQUITY,-2193371883,42567457,2291027018,ENTRY_FILL_CLOCK,60000,5000,1500,,
TP50_SL15_T120S,003374e20d81f382ff21aa3668b2748bbb52a03d6cddc2725d05da8bb1540672,TP_SL_TIMEOUT,635,580,55,0.913385826772,0.086614173228,21,0.033070866142,34,0.053543307087,104,355,0,176,103,335,0,142,436884265,1365900000,1371361336,2737261336,-2300377071,-3966167.363793,FILLED,182,398,0,0.313793103448,37146291.340659,-22766336.922111,0.746123326440,158072193.106897,37363871,138936146,REALIZED_CLOSED_EQUITY,-2300377071,17590601,2363847990,ENTRY_FILL_CLOCK,120000,5000,1500,,
TP50_SL20_T15S,197623a41c58e40a7c150c5e058b249323330e51058abb6bfde0a3e8488c40f5,TP_SL_TIMEOUT,635,604,31,0.951181102362,0.048818897638,20,0.031496062992,11,0.017322834646,39,162,0,434,38,153,0,413,1109133528,1422420000,1436284467,2858704467,-1749570939,-2896640.627483,FILLED,188,416,0,0.311258278146,24826210.170213,-15425236.661058,0.727349442669,25549239.306291,18149488,37473009,REALIZED_CLOSED_EQUITY,-1749570939,0,1833383432,ENTRY_FILL_CLOCK,15000,5000,2000,,
TP50_SL20_T30S,afce4ab0a17430013744e590999071795ed6ff4a9ebdd03c02973191996bb67e,TP_SL_TIMEOUT,635,601,34,0.946456692913,0.053543307087,17,0.026771653543,17,0.026771653543,65,220,0,350,64,211,0,326,830707592,1415355000,1425739137,2841094137,-2010386545,-3345069.126456,FILLED,190,411,0,0.316139767055,29603776.663158,-18576895.647202,0.736691665788,35042865.465890,31797900,51918981,REALIZED_CLOSED_EQUITY,-2010386545,3533142,2013919687,ENTRY_FILL_CLOCK,30000,5000,2000,,
TP50_SL20_T60S,527d681910c0bd2051a8aa1cfb919770d7d9adbee8ddf320281f54ef8a382db9,TP_SL_TIMEOUT,635,593,42,0.933858267717,0.066141732283,16,0.025196850394,26,0.040944881890,88,269,0,278,87,255,0,251,486261643,1396515000,1402593554,2799108554,-2312846911,-3900247.741990,FILLED,192,401,0,0.323777403035,33160398.369792,-21644996.004988,0.733532035252,136113680.844857,49098703,79521699,REALIZED_CLOSED_EQUITY,-2312846911,40940071,2402939604,ENTRY_FILL_CLOCK,60000,5000,2000,,
TP50_SL20_T120S,81159c3fd5698e561fd580a785b59f5a9cbeea1b152e2c12173c3e9b4d78f183,TP_SL_TIMEOUT,635,579,56,0.911811023622,0.088188976378,18,0.028346456693,38,0.059842519685,109,318,0,208,108,300,0,171,263356977,1363545000,1366837240,2730382240,-2467025263,-4260838.105354,FILLED,190,389,0,0.328151986183,37111287.242105,-24468302.928021,0.740808862972,169111519.474957,47791441,144241091,REALIZED_CLOSED_EQUITY,-2467025263,21554942,2528525467,ENTRY_FILL_CLOCK,120000,5000,2000,,
TP50_SL25_T15S,f93505edd8a487bc967a768481e546792a522c624f6790da929f414a6ce6fb32,TP_SL_TIMEOUT,635,605,30,0.952755905512,0.047244094488,19,0.029921259843,11,0.017322834646,39,136,0,460,38,128,0,439,823960743,1424775000,1435074803,2859849803,-2035889060,-3365105.884298,FILLED,188,417,0,0.310743801653,24835144.957447,-16078888.038369,0.696357860694,25638753.859504,18190196,36978041,REALIZED_CLOSED_EQUITY,-2035889060,0,2118621844,ENTRY_FILL_CLOCK,15000,5000,2500,,
TP50_SL25_T30S,c495e2c9eb3af52abbd4671c4e9a9acf3ac16a3e7aac25c8dc9ffb8d8d5225ac,TP_SL_TIMEOUT,635,602,33,0.948031496063,0.051968503937,16,0.025196850394,17,0.026771653543,66,178,0,391,65,170,0,367,768926473,1417710000,1427321864,2845031864,-2076105391,-3448680.051495,FILLED,192,410,0,0.318936877076,30402443.755208,-19300913.639024,0.737646010957,36410968.858804,32243948,52818874,REALIZED_CLOSED_EQUITY,-2076105391,0,2076105391,ENTRY_FILL_CLOCK,30000,5000,2500,,
TP50_SL25_T60S,60c7d2c06ebaf620c799531867b7719a64287d0205e3ba22d5ba44540a41b311,TP_SL_TIMEOUT,635,590,45,0.929133858268,0.070866141732,17,0.026771653543,28,0.044094488189,92,231,0,312,91,218,0,281,572258387,1389450000,1396603503,2786053503,-2213795116,-3752195.111864,FILLED,198,392,0,0.335593220339,34092893.772727,-22867826.742347,0.753040086230,139388964.008475,60594220,82120076,REALIZED_CLOSED_EQUITY,-2213795116,0,2284669518,ENTRY_FILL_CLOCK,60000,5000,2500,,
TP50_SL25_T120S,cb46eef78907cfb24600a37e5df5a582d230f5e99005b2609d11253dc21a6934,TP_SL_TIMEOUT,635,573,62,0.902362204724,0.097637795276,19,0.029921259843,43,0.067716535433,116,279,0,240,115,260,0,198,425195956,1349415000,1354730222,2704145222,-2278949266,-3977223.849913,FILLED,195,378,0,0.340314136126,39236569.251282,-26270053.624339,0.770500418523,176120932.225131,59426643,151515094,REALIZED_CLOSED_EQUITY,-2278949266,16340481,2356956789,ENTRY_FILL_CLOCK,120000,5000,2500,,
TP50_SL30_T15S,1d89b3bbded3c071788319c11979f5aaa32dd607e63521910fbb04e5e0346394,TP_SL_TIMEOUT,635,607,28,0.955905511811,0.044094488189,17,0.026771653543,11,0.017322834646,39,112,0,484,38,107,0,462,861772847,1429485000,1440257456,2869742456,-2007969609,-3308022.420099,FILLED,194,413,0,0.319604612850,24829062.268041,-16524958.084746,0.705783708421,26158862.301483,18433204,37640465,REALIZED_CLOSED_EQUITY,-2007969609,0,2090702393,ENTRY_FILL_CLOCK,15000,5000,3000,,
TP50_SL30_T30S,7b0bd59edbd0fa767af87300c7cac5c6b92f94a3240f760691c1072fadf9e6b9,TP_SL_TIMEOUT,635,604,31,0.951181102362,0.048818897638,14,0.022047244094,17,0.026771653543,68,150,0,417,67,144,0,393,1053673540,1422420000,1435591208,2858011208,-1804337668,-2987314.019868,FILLED,200,404,0,0.331125827815,31157248.950000,-19890563.014851,0.775462245930,37392993.425497,32517502,52818874,REALIZED_CLOSED_EQUITY,-1804337668,0,1804337668,ENTRY_FILL_CLOCK,30000,5000,3000,,
TP50_SL30_T60S,107e1ba43cc9b775fd1a7b852a77d37b87a8f4ad7cc0a73f7312bc5d746414ec,TP_SL_TIMEOUT,635,587,48,0.924409448819,0.075590551181,18,0.028346456693,30,0.047244094488,100,194,0,341,98,182,0,307,1145054397,1382385000,1396698455,2779083455,-1634029058,-2783695.158433,FILLED,211,376,0,0.359454855196,35387026.132701,-24203966.946809,0.820450012499,143191716.706985,61142562,85286721,REALIZED_CLOSED_EQUITY,-1634029058,0,1751973712,ENTRY_FILL_CLOCK,60000,5000,3000,,
TP50_SL30_T120S,b5b3166c2c82bc89058e77e27ac1f26b713df4a18c1c4f99594b7d14944643ab,TP_SL_TIMEOUT,635,573,62,0.902362204724,0.097637795276,17,0.026771653543,45,0.070866141732,128,242,0,265,126,226,0,221,891835575,1349415000,1360563216,2709978216,-1818142641,-3173023.806283,FILLED,208,365,0,0.363001745201,40838928.947115,-28253807.841096,0.823697650133,181861364.541012,73806072,156968139,REALIZED_CLOSED_EQUITY,-1818142641,133925629,2055506382,ENTRY_FILL_CLOCK,120000,5000,3000,,
TP50_SL40_T15S,8599abc1b80503231695fcd0fb936cf582ce1d32d36d9bce40c32d288a9804b8,TP_SL_TIMEOUT,635,606,29,0.954330708661,0.045669291339,18,0.028346456693,11,0.017322834646,39,87,0,509,38,82,0,486,513091035,1427130000,1433543938,2860673938,-2347582903,-3873899.179868,FILLED,194,412,0,0.320132013201,24618091.649485,-17290030.783981,0.670444961837,26529630.937294,18575717,37670425,REALIZED_CLOSED_EQUITY,-2347582903,0,2430315687,ENTRY_FILL_CLOCK,15000,5000,4000,,
TP50_SL40_T30S,1f7e4929ec5b9dfe3ca3db1c4e07108e79e1ab31c29f1f1cdb943d3f47c78cb9,TP_SL_TIMEOUT,635,598,37,0.941732283465,0.058267716535,19,0.029921259843,18,0.028346456693,68,109,0,458,67,102,0,429,853983491,1408290000,1418965083,2827255083,-1973271592,-3299785.270903,FILLED,198,400,0,0.331103678930,31578226.924242,-20564401.307500,0.760110741556,38539379.590301,32783610,53955587,REALIZED_CLOSED_EQUITY,-1973271592,0,1973271592,ENTRY_FILL_CLOCK,30000,5000,4000,,
TP50_SL40_T60S,4c562ffa3ad6e8a3b146ae9677385434b4c62147e741d3a1175b79509d64d62c,TP_SL_TIMEOUT,635,584,51,0.919685039370,0.080314960630,18,0.028346456693,33,0.051968503937,104,152,0,379,102,142,0,340,1065237406,1375320000,1388635741,2763955741,-1698718335,-2908764.272260,FILLED,216,368,0,0.369863013699,36982953.379630,-26323468.111413,0.824640035556,147114697.856164,61740448,86532668,REALIZED_CLOSED_EQUITY,-1698718335,0,1865614011,ENTRY_FILL_CLOCK,60000,5000,4000,,
TP50_SL40_T120S,2cf3838705f8e39ce720dfe925a38365486d368e06aa40e45c5a3245eb62bf7f,TP_SL_TIMEOUT,635,565,70,0.889763779528,0.110236220472,17,0.026771653543,53,0.083464566929,134,191,0,310,132,178,0,255,832234236,1330575000,1340978199,2671553199,-1839318963,-3255431.792920,FILLED,210,355,0,0.371681415929,42632193.719048,-30400224.349296,0.829567699306,192014635.952212,102805326,160697983,REALIZED_CLOSED_EQUITY,-1839318963,0,1993520192,ENTRY_FILL_CLOCK,120000,5000,4000,,
TRAIL_A10_G3_T15S,cd96aeb33adfb59d7a95c1dcff91b2e3804d07fea38ee448d6ed3da282e1162d,TRAILING_TIMEOUT,635,607,28,0.955905511811,0.044094488189,15,0.023622047244,13,0.020472440945,0,0,120,515,0,0,115,492,663618533,1429485000,1437780530,2867265530,-2203646997,-3630390.439868,FILLED,199,408,0,0.327841845140,23923789.592965,-17069806.681373,0.683587770987,25780129.568369,18474314,38792739,REALIZED_CLOSED_EQUITY,-2203646997,0,2286379781,ENTRY_FILL_CLOCK,15000,,,1000,300
TRAIL_A10_G3_T30S,7f74a52c5215334bb0097e6543ac19138dda1b17b03f91dedf34d4dbac2ba7f3,TRAILING_TIMEOUT,635,597,38,0.940157480315,0.059842519685,19,0.029921259843,19,0.029921259843,0,0,194,441,0,0,186,411,1624978200,1405935000,1426247527,2832182527,-1207204327,-2022117.800670,FILLED,220,377,0,0.368509212730,30358374.381818,-20917895.732095,0.846918947566,37124109.932998,32676226,54752734,REALIZED_CLOSED_EQUITY,-1207204327,200815569,1448009800,ENTRY_FILL_CLOCK,30000,,,1000,300
TRAIL_A10_G3_T60S,ef6f7584dd31f20701c005850384b67cec94545420907d72bbf71f5673d37a1e,TRAILING_TIMEOUT,635,574,61,0.903937007874,0.096062992126,24,0.037795275591,37,0.058267716535,0,0,284,351,0,0,268,306,946886665,1351770000,1363606362,2715376362,-1768489697,-3080992.503484,FILLED,231,343,0,0.402439024390,31128840.103896,-26120267.524781,0.802607433726,145789541.318815,61416462,87323671,REALIZED_CLOSED_EQUITY,-1768489697,181526625,1999720346,ENTRY_FILL_CLOCK,60000,,,1000,300
TRAIL_A10_G5_T15S,baca76755b82f7bd49fb58356cc4cfecc27396929d5d5fb90e009b907d562915,TRAILING_TIMEOUT,635,607,28,0.955905511811,0.044094488189,15,0.023622047244,13,0.020472440945,0,0,110,525,0,0,105,502,647367147,1429485000,1437577387,2867062387,-2219695240,-3656829.060956,FILLED,197,410,0,0.324546952224,24192793.482234,-17038233.063415,0.682250453488,25856716.598023,18503504,38792739,REALIZED_CLOSED_EQUITY,-2219695240,0,2302428024,ENTRY_FILL_CLOCK,15000,,,1000,500
TRAIL_A10_G5_T30S,1ab9098a3f7bd49f389f009535355d6e2bc21812671da5afb9bbe1089053ebf8,TRAILING_TIMEOUT,635,596,39,0.938582677165,0.061417322835,19,0.029921259843,20,0.031496062992,0,0,184,451,0,0,175,421,1525311539,1403580000,1422646694,2826226694,-1300915155,-2182743.548658,FILLED,212,384,0,0.355704697987,31488790.674528,-20772236.401042,0.836907311403,37586061.461409,32684911,54752734,REALIZED_CLOSED_EQUITY,-1300915155,171619257,1513470872,ENTRY_FILL_CLOCK,30000,,,1000,500
TRAIL_A10_G5_T60S,d2b2af8b53857c576aa77841701f630c3048f90f93b8e11e8de6677a96276dbd,TRAILING_TIMEOUT,635,574,61,0.903937007874,0.096062992126,23,0.036220472441,38,0.059842519685,0,0,269,366,0,0,255,319,1023344445,1351770000,1364562085,2716332085,-1692987640,-2949455.818815,FILLED,222,352,0,0.386759581882,33252029.945946,-25781074.681818,0.813443619530,147026509.980836,61645348,88323580,REALIZED_CLOSED_EQUITY,-1692987640,234307416,1982708046,ENTRY_FILL_CLOCK,60000,,,1000,500
TRAIL_A10_G7_T15S,5b658fd87be37196d9b4652b0074e50833b463bc55beb0fc16b5bbda4e3671e4,TRAILING_TIMEOUT,635,607,28,0.955905511811,0.044094488189,15,0.023622047244,13,0.020472440945,0,0,102,533,0,0,97,510,590125013,1429485000,1436861860,2866346860,-2276221847,-3749953.619440,FILLED,196,411,0,0.322899505766,24290989.331633,-17122276.778589,0.676546948708,25975608.004942,18533877,38792739,REALIZED_CLOSED_EQUITY,-2276221847,0,2358954631,ENTRY_FILL_CLOCK,15000,,,1000,700
TRAIL_A10_G7_T30S,5e68c24a591da417d38fd3fb0b7d4875058ae8794e092b220948798edb56e403,TRAILING_TIMEOUT,635,596,39,0.938582677165,0.061417322835,19,0.029921259843,20,0.031496062992,0,0,179,456,0,0,170,426,1411334893,1403580000,1421221987,2824801987,-1413467094,-2371589.083893,FILLED,213,383,0,0.357382550336,31053153.169014,-20960283.861619,0.823928214422,37896323.233221,32817991,54752734,REALIZED_CLOSED_EQUITY,-1413467094,57198545,1511602099,ENTRY_FILL_CLOCK,30000,,,1000,700
TRAIL_A10_G7_T60S,f1c93f329f74a6294dcc21c9d27afa2256c6612f8e9e5f75fb40fb10c57a60bc,TRAILING_TIMEOUT,635,574,61,0.903937007874,0.096062992126,23,0.036220472441,38,0.059842519685,0,0,264,371,0,0,250,324,905405748,1351770000,1363087852,2714857852,-1809452104,-3152355.581882,FILLED,221,353,0,0.385017421603,33152898.583710,-25881707.339943,0.801947894206,147679230.569686,61756048,88323580,REALIZED_CLOSED_EQUITY,-1809452104,245911355,2110776449,ENTRY_FILL_CLOCK,60000,,,1000,700
TRAIL_A10_G10_T15S,a881bca0d23c76c586134c9dbd5b7f560647c375d286fa7e3220be897884f22c,TRAILING_TIMEOUT,635,608,27,0.957480314961,0.042519685039,14,0.022047244094,13,0.020472440945,0,0,91,544,0,0,88,520,539373240,1431840000,1438582465,2870422465,-2331049225,-3833962.541118,FILLED,195,413,0,0.320723684211,24370532.610256,-17150854.924939,0.670909292267,26042224.750000,18574198,38792739,REALIZED_CLOSED_EQUITY,-2331049225,0,2413782009,ENTRY_FILL_CLOCK,15000,,,1000,1000
TRAIL_A10_G10_T30S,73bec5cce609a8031f9df0494d1525a45464e2570168fd706b81575f98e01713,TRAILING_TIMEOUT,635,596,39,0.938582677165,0.061417322835,19,0.029921259843,20,0.031496062992,0,0,163,472,0,0,155,441,1422770794,1403580000,1421364937,2824944937,-1402174143,-2352641.179530,FILLED,210,386,0,0.352348993289,31989191.209524,-21036021.494819,0.827316420032,38544582.632550,32855216,54881714,REALIZED_CLOSED_EQUITY,-1402174143,125662900,1568773503,ENTRY_FILL_CLOCK,30000,,,1000,1000
TRAIL_A10_G10_T60S,3cec3ba3565369159b85999dc72289c9bc0bbb6d76ce5d3793be9244f791eae9,TRAILING_TIMEOUT,635,574,61,0.903937007874,0.096062992126,23,0.036220472441,38,0.059842519685,0,0,243,392,0,0,230,344,826513040,1351770000,1362101692,2713871692,-1887358652,-3288081.275261,FILLED,220,354,0,0.383275261324,33671347.168182,-26257217.596045,0.796950244392,149265256.292683,62305201,88323580,REALIZED_CLOSED_EQUITY,-1887358652,257744442,2200044434,ENTRY_FILL_CLOCK,60000,,,1000,1000
TRAIL_A15_G3_T15S,d319c46a646bdc85a6f9da0c14ae872332879e390d868132fcbf64c6a1c02859,TRAILING_TIMEOUT,635,607,28,0.955905511811,0.044094488189,15,0.023622047244,13,0.020472440945,0,0,96,539,0,0,91,516,705020698,1429485000,1438298058,2867783058,-2162762360,-3563035.189456,FILLED,202,405,0,0.332784184514,23722594.356436,-17172164.000000,0.689022654611,26079856.023064,18575717,38792739,REALIZED_CLOSED_EQUITY,-2162762360,0,2245495144,ENTRY_FILL_CLOCK,15000,,,1500,300
TRAIL_A15_G3_T30S,fb9227540deaf68fe6407b6b583365c0526e8e9a02c3f54f4fc5eb4fcee336d9,TRAILING_TIMEOUT,635,595,40,0.937007874016,0.062992125984,20,0.031496062992,20,0.031496062992,0,0,153,482,0,0,145,450,1644901577,1401225000,1421786567,2823011567,-1178109990,-1980016.789916,FILLED,220,375,0,0.369747899160,30757675.804545,-21186129.778667,0.851713046563,38343830.971429,33020483,54881714,REALIZED_CLOSED_EQUITY,-1178109990,164707767,1382807661,ENTRY_FILL_CLOCK,30000,,,1500,300
TRAIL_A15_G3_T60S,efecff38f3c72c172c470fa2598f2aa03c5bca0107b2e9d0851a3277abebb561,TRAILING_TIMEOUT,635,572,63,0.900787401575,0.099212598425,23,0.036220472441,40,0.062992125984,0,0,236,399,0,0,221,351,944445218,1347060000,1358865838,2705925838,-1761480620,-3079511.573427,FILLED,232,340,0,0.405594405594,31774939.099138,-26862548.502941,0.807135746916,150314456.220280,62279663,92142679,REALIZED_CLOSED_EQUITY,-1761480620,113150260,1924334904,ENTRY_FILL_CLOCK,60000,,,1500,300
TRAIL_A15_G5_T15S,0981743217e75c50ffcdc5ae9523123e74939cffbbef0b916133a2c07d584f55,TRAILING_TIMEOUT,635,607,28,0.955905511811,0.044094488189,15,0.023622047244,13,0.020472440945,0,0,88,547,0,0,83,524,689527792,1429485000,1438104396,2867589396,-2178061604,-3588239.874794,FILLED,200,407,0,0.329489291598,23989296.230000,-17139854.668305,0.687774323873,26144708.303130,18605376,38792739,REALIZED_CLOSED_EQUITY,-2178061604,0,2260794388,ENTRY_FILL_CLOCK,15000,,,1500,500
TRAIL_A15_G5_T30S,4a73d2ad3ea1cc80f14f966ed10810a733e9528522b86d0a1b47d8bffeebdd6e,TRAILING_TIMEOUT,635,595,40,0.937007874016,0.062992125984,20,0.031496062992,20,0.031496062992,0,0,147,488,0,0,139,456,1595167596,1401225000,1421164892,2822389892,-1227222296,-2062558.480672,FILLED,213,382,0,0.357983193277,31716994.446009,-20897754.222513,0.846269423149,38600242.394958,33020483,54881714,REALIZED_CLOSED_EQUITY,-1227222296,145211420,1413370176,ENTRY_FILL_CLOCK,30000,,,1500,500
TRAIL_A15_G5_T60S,04cd9f7e468faab92f246ec3f608a1fd580c787c5beeaf8a21b8180b0d626e27,TRAILING_TIMEOUT,635,573,62,0.902362204724,0.097637795276,22,0.034645669291,40,0.062992125984,0,0,228,407,0,0,216,357,1076784976,1349415000,1362875086,2712290086,-1635505110,-2854284.659686,FILLED,226,347,0,0.394415357766,33344711.623894,-26430576.187320,0.821673535341,150688212.301920,62353866,92142679,REALIZED_CLOSED_EQUITY,-1635505110,190711138,1881629238,ENTRY_FILL_CLOCK,60000,,,1500,500
TRAIL_A15_G7_T15S,4f6e57a56211c2adf175453d1aa8090471c7fe98b4c0e12d9987a9452698701c,TRAILING_TIMEOUT,635,607,28,0.955905511811,0.044094488189,15,0.023622047244,13,0.020472440945,0,0,81,554,0,0,76,531,630811938,1429485000,1437370447,2866855447,-2236043509,-3683761.958814,FILLED,199,408,0,0.327841845140,24077321.447236,-17224094.306373,0.681812076787,26215621.258649,18613838,38792739,REALIZED_CLOSED_EQUITY,-2236043509,0,2318776293,ENTRY_FILL_CLOCK,15000,,,1500,700
TRAIL_A15_G7_T30S,240fe41774d39b0ebabefc3d73453a26969aa4eac85ba0602fbb171b125072f8,TRAILING_TIMEOUT,635,595,40,0.937007874016,0.062992125984,20,0.031496062992,20,0.031496062992,0,0,144,491,0,0,136,459,1484229297,1401225000,1419778164,2821003164,-1336773867,-2246678.768067,FILLED,214,381,0,0.359663865546,31284316.556075,-21080361.181102,0.833561066785,38808417.657143,33075329,54881714,REALIZED_CLOSED_EQUITY,-1336773867,33791076,1411501403,ENTRY_FILL_CLOCK,30000,,,1500,700
TRAIL_A15_G7_T60S,71b5af48c62e7b505b377344a6a62e3d7790f6a14359fc6ce31712e7ea972497,TRAILING_TIMEOUT,635,573,62,0.902362204724,0.097637795276,22,0.034645669291,40,0.062992125984,0,0,226,409,0,0,214,359,942669189,1349415000,1361198639,2710613639,-1767944450,-3085417.888307,FILLED,227,346,0,0.396160558464,32822625.951542,-26643585.378613,0.808221529954,151182337.357766,62412675,92142679,REALIZED_CLOSED_EQUITY,-1767944450,213808106,2037165546,ENTRY_FILL_CLOCK,60000,,,1500,700
TRAIL_A15_G10_T15S,de4facad47048f43b403169b54d9adef6f26a74cc0e120dd0028e9044986968b,TRAILING_TIMEOUT,635,608,27,0.957480314961,0.042519685039,14,0.022047244094,13,0.020472440945,0,0,75,560,0,0,72,536,595910420,1431840000,1439289180,2871129180,-2275218760,-3742136.118421,FILLED,199,409,0,0.327302631579,24065037.206030,-17271787.687042,0.677920887253,26232515.570724,18632225,38792739,REALIZED_CLOSED_EQUITY,-2275218760,0,2357951544,ENTRY_FILL_CLOCK,15000,,,1500,1000
TRAIL_A15_G10_T30S,306472ecdec4a0f6112fb0448409d32bf0cdd5f1647e8a075eea219091bba07f,TRAILING_TIMEOUT,635,595,40,0.937007874016,0.062992125984,20,0.031496062992,20,0.031496062992,0,0,134,501,0,0,127,468,1549269068,1401225000,1420591162,2821816162,-1272547094,-2138734.611765,FILLED,213,382,0,0.357983193277,31995371.530516,-21171626.256545,0.842653791692,39274886.610084,33076873,55303670,REALIZED_CLOSED_EQUITY,-1272547094,158652504,1472136058,ENTRY_FILL_CLOCK,30000,,,1500,1000
TRAIL_A15_G10_T60S,226eb24c099ecd039613696d54674f6e33c6959ee9ef0178a3f4d09f3fe178bb,TRAILING_TIMEOUT,635,573,62,0.902362204724,0.097637795276,22,0.034645669291,40,0.062992125984,0,0,209,426,0,0,198,375,885315532,1349415000,1360481720,2709896720,-1824581188,-3184260.363002,FILLED,226,347,0,0.394415357766,33231360.995575,-26901639.115274,0.804541313609,152286523.158813,62867725,92142679,REALIZED_CLOSED_EQUITY,-1824581188,234295348,2113817876,ENTRY_FILL_CLOCK,60000,,,1500,1000
TRAIL_A20_G3_T15S,7d9d4ca0ad46a855d627a5d4ca42e00f9b23435c7a8c59babc5c9eefcb48cd71,TRAILING_TIMEOUT,635,606,29,0.954330708661,0.045669291339,16,0.025196850394,13,0.020472440945,0,0,78,557,0,0,74,532,736414167,1427130000,1436335477,2863465477,-2127051310,-3509985.660066,FILLED,201,405,0,0.331683168317,24329843.691542,-17326789.856790,0.696886810158,26285530.932343,18640591,38792739,REALIZED_CLOSED_EQUITY,-2127051310,0,2209784094,ENTRY_FILL_CLOCK,15000,,,2000,300
TRAIL_A20_G3_T30S,19583962cb3fc8b0df51cedaa55755310eea72b55e600638079df048d6607622,TRAILING_TIMEOUT,635,595,40,0.937007874016,0.062992125984,20,0.031496062992,20,0.031496062992,0,0,127,508,0,0,121,474,1626130290,1401225000,1421551929,2822776929,-1196646639,-2011170.821849,FILLED,220,375,0,0.369747899160,31060564.268182,-21413255.408000,0.850977460307,39528611.857143,33201616,55545540,REALIZED_CLOSED_EQUITY,-1196646639,192767490,1429404033,ENTRY_FILL_CLOCK,30000,,,2000,300
TRAIL_A20_G3_T60S,15644a5dde08b92a1ddf47d9b36f1811432d6695e96d7bc15f8f38a9c9b35ed1,TRAILING_TIMEOUT,635,569,66,0.896062992126,0.103937007874,24,0.037795275591,42,0.066141732283,0,0,206,429,0,0,192,377,1143979367,1339995000,1354295015,2694290015,-1550310648,-2724623.282953,FILLED,235,334,0,0.413005272408,32831150.251064,-27741410.050898,0.832681589069,152867617.850615,62835296,92142679,REALIZED_CLOSED_EQUITY,-1550310648,173224707,1773239379,ENTRY_FILL_CLOCK,60000,,,2000,300
TRAIL_A20_G5_T15S,ded9e52601b834c48a4cfb57e8da9a28e0585e9827dd227d3753bc90d5a48928,TRAILING_TIMEOUT,635,606,29,0.954330708661,0.045669291339,16,0.025196850394,13,0.020472440945,0,0,71,564,0,0,67,539,730370916,1427130000,1436259936,2863389936,-2133019020,-3519833.366337,FILLED,200,406,0,0.330033003300,24489256.470000,-17317414.566502,0.696620912527,26337601.636964,18643295,38792739,REALIZED_CLOSED_EQUITY,-2133019020,0,2215751804,ENTRY_FILL_CLOCK,15000,,,2000,500
TRAIL_A20_G5_T30S,6d75430d4b60dafec413ae1a684e2e7c13c0cc6c201b94162704271f60b2388c,TRAILING_TIMEOUT,635,595,40,0.937007874016,0.062992125984,20,0.031496062992,20,0.031496062992,0,0,122,513,0,0,116,479,1607812884,1401225000,1421322961,2822547961,-1214735077,-2041571.557983,FILLED,217,378,0,0.364705882353,31490311.714286,-21291356.399471,0.849066222015,39715486.489076,33201616,55545540,REALIZED_CLOSED_EQUITY,-1214735077,165706958,1421378495,ENTRY_FILL_CLOCK,30000,,,2000,500
TRAIL_A20_G5_T60S,68824de53c7a1fd3bfb6ff8b668d9c4ac3d3f50d480b80a8f14a2dfa3c704fc9,TRAILING_TIMEOUT,635,570,65,0.897637795276,0.102362204724,23,0.036220472441,42,0.066141732283,0,0,200,435,0,0,189,381,1262296482,1342350000,1358128979,2700478979,-1438182497,-2523127.187719,FILLED,233,337,0,0.408771929825,33672147.643777,-27548346.878338,0.845086753571,153113309.880702,62858756,91689384,REALIZED_CLOSED_EQUITY,-1438182497,183382886,1676978373,ENTRY_FILL_CLOCK,60000,,,2000,500
TRAIL_A20_G7_T15S,ef456512193833f0899898dad87f35f971e3adae391161023b6e68c7cb1b9336,TRAILING_TIMEOUT,635,606,29,0.954330708661,0.045669291339,16,0.025196850394,13,0.020472440945,0,0,66,569,0,0,62,544,657988744,1427130000,1435355158,2862485158,-2204496414,-3637782.861386,FILLED,199,407,0,0.328382838284,24500905.231156,-17396011.191646,0.688638214475,26373144.084158,18644533,38792739,REALIZED_CLOSED_EQUITY,-2204496414,0,2287229198,ENTRY_FILL_CLOCK,15000,,,2000,700
TRAIL_A20_G7_T30S,92247dd36ee383ae90ebd2c2d133360bb5ed85a343c35408247a70ec9946670c,TRAILING_TIMEOUT,635,595,40,0.937007874016,0.062992125984,20,0.031496062992,20,0.031496062992,0,0,120,515,0,0,114,481,1471694240,1401225000,1419621478,2820846478,-1349152238,-2267482.752941,FILLED,217,378,0,0.364705882353,31095413.995392,-21420256.812169,0.833373341594,39887151.423529,33241971,55545540,REALIZED_CLOSED_EQUITY,-1349152238,44642078,1434730776,ENTRY_FILL_CLOCK,30000,,,2000,700
TRAIL_A20_G7_T60S,10ffd14f055489656c1a15fc441b4c3cad9bddc72affccbac3ee0c452a1c8ef6,TRAILING_TIMEOUT,635,570,65,0.897637795276,0.102362204724,23,0.036220472441,42,0.066141732283,0,0,199,436,0,0,188,382,1068013253,1342350000,1355700438,2698050438,-1630037185,-2859714.359649,FILLED,231,339,0,0.405263157895,33407022.380952,-27572446.474926,0.825609625114,153500322.610526,62876789,91689384,REALIZED_CLOSED_EQUITY,-1630037185,187765771,1873215946,ENTRY_FILL_CLOCK,60000,,,2000,700
TRAIL_A20_G10_T15S,d3a7a97f700764610381f3bbe0b776d1fb4a491dfeca7d51c63b54cdd161458c,TRAILING_TIMEOUT,635,607,28,0.955905511811,0.044094488189,15,0.023622047244,13,0.020472440945,0,0,62,573,0,0,59,548,623087226,1429485000,1437273891,2866758891,-2243671665,-3696328.937397,FILLED,199,408,0,0.327841845140,24488620.989950,-17443400.102941,0.684740633999,26389806.718287,18681572,38792739,REALIZED_CLOSED_EQUITY,-2243671665,0,2326404449,ENTRY_FILL_CLOCK,15000,,,2000,1000
TRAIL_A20_G10_T30S,6b315c32ead7c497b0d640b704654e1951238e1117397dde39ef6bed53c659d4,TRAILING_TIMEOUT,635,595,40,0.937007874016,0.062992125984,20,0.031496062992,20,0.031496062992,0,0,112,523,0,0,106,489,1545890230,1401225000,1420548929,2821773929,-1275883699,-2144342.351261,FILLED,215,380,0,0.361344537815,31917765.516279,-21416324.434211,0.843222925956,40019108.067227,33241971,55545540,REALIZED_CLOSED_EQUITY,-1275883699,162865828,1479685987,ENTRY_FILL_CLOCK,30000,,,2000,1000
TRAIL_A20_G10_T60S,ded8c70b32aa35c11b451d7614a3b4d2ba3b21ca32246b5aff1cea5aaf17b007,TRAILING_TIMEOUT,635,570,65,0.897637795276,0.102362204724,23,0.036220472441,42,0.066141732283,0,0,186,449,0,0,175,395,1007489896,1342350000,1354943897,2697293897,-1689804001,-2964568.422807,FILLED,229,341,0,0.401754385965,33731479.419214,-27607955.390029,0.820506919724,154164821.487719,63103521,91689384,REALIZED_CLOSED_EQUITY,-1689804001,205171228,1949916569,ENTRY_FILL_CLOCK,60000,,,2000,1000
TRAIL_A25_G3_T15S,6634ae37c0bbb2d7480115737e8095db39d51f5fae4653a823817732bdb6c093,TRAILING_TIMEOUT,635,606,29,0.954330708661,0.045669291339,16,0.025196850394,13,0.020472440945,0,0,60,575,0,0,57,549,698514766,1427130000,1435861735,2862991735,-2164476969,-3571744.173267,FILLED,201,405,0,0.331683168317,24471209.014925,-17489357.977778,0.694420596538,26463062.318482,18656878,38792739,REALIZED_CLOSED_EQUITY,-2164476969,0,2247209753,ENTRY_FILL_CLOCK,15000,,,2500,300
TRAIL_A25_G3_T30S,c1e51aaeae527f1663d3f8e2f9398809ebe866ad7fa809c1cc72badfad03b2e0,TRAILING_TIMEOUT,635,596,39,0.938582677165,0.061417322835,19,0.029921259843,20,0.031496062992,0,0,105,530,0,0,100,496,1536807774,1403580000,1422790397,2826370397,-1289562623,-2163695.676174,FILLED,217,379,0,0.364093959732,31956388.566820,-21699469.503958,0.843197092825,40189659.241611,33295499,55545540,REALIZED_CLOSED_EQUITY,-1289562623,185798961,1499555391,ENTRY_FILL_CLOCK,30000,,,2500,300
TRAIL_A25_G3_T60S,5c56ba0b848ed80b1ad217aa2751ec0a28eab82c7fcc076bd06835338265bdf7,TRAILING_TIMEOUT,635,568,67,0.894488188976,0.105511811024,24,0.037795275591,43,0.067716535433,0,0,178,457,0,0,165,403,1111393851,1337640000,1351532695,2689172695,-1577778844,-2777779.654930,FILLED,235,333,0,0.413732394366,33601313.306383,-28450713.126126,0.833463766423,155316577.788732,63158612,92389344,REALIZED_CLOSED_EQUITY,-1577778844,124750017,1783507040,ENTRY_FILL_CLOCK,60000,,,2500,300
TRAIL_A25_G5_T15S,f1c49650d3ea3868d66183a9266933d4c83d3210b6a04e693a285b2fb20e6aa3,TRAILING_TIMEOUT,635,606,29,0.954330708661,0.045669291339,16,0.025196850394,13,0.020472440945,0,0,54,581,0,0,51,555,699081846,1427130000,1435868824,2862998824,-2163916978,-3570820.095710,FILLED,200,406,0,0.330033003300,24619038.880000,-17457450.133005,0.694695116825,26464868.608911,18656878,38792739,REALIZED_CLOSED_EQUITY,-2163916978,0,2246649762,ENTRY_FILL_CLOCK,15000,,,2500,500
TRAIL_A25_G5_T30S,0f11f10b278fad3d2f9e19d7c2c7740b3593b37dcdcd988596f51708b6f91ced,TRAILING_TIMEOUT,635,596,39,0.938582677165,0.061417322835,19,0.029921259843,20,0.031496062992,0,0,101,534,0,0,96,500,1539555709,1403580000,1422824747,2826404747,-1286849038,-2159142.681208,FILLED,215,381,0,0.360738255034,32294914.106977,-21601720.658793,0.843644097453,40289206.979866,33293625,55545540,REALIZED_CLOSED_EQUITY,-1286849038,178919719,1490909120,ENTRY_FILL_CLOCK,30000,,,2500,500
TRAIL_A25_G5_T60S,784c7c81ba4937a8ff6a27a5e99a858130521856576818ad7d0e75f81f63df3e,TRAILING_TIMEOUT,635,569,66,0.896062992126,0.103937007874,23,0.036220472441,43,0.067716535433,0,0,173,462,0,0,163,406,1201180872,1339995000,1355010034,2695005034,-1493824162,-2625350.021090,FILLED,234,335,0,0.411247803163,34129999.735043,-28299236.119403,0.842427668925,155450139.783831,63216394,92389344,REALIZED_CLOSED_EQUITY,-1493824162,134908196,1715419503,ENTRY_FILL_CLOCK,60000,,,2500,500
TRAIL_A25_G7_T15S,8ab34ac0fc83302695f3509e6f05bf51ca64aaf41750df2d44a89049ac62529b,TRAILING_TIMEOUT,635,606,29,0.954330708661,0.045669291339,16,0.025196850394,13,0.020472440945,0,0,51,584,0,0,48,558,629308625,1427130000,1434996658,2862126658,-2232818033,-3684518.206271,FILLED,199,407,0,0.328382838284,24644286.241206,-17535702.690418,0.687150296172,26494530.308581,18681572,38792739,REALIZED_CLOSED_EQUITY,-2232818033,0,2315550817,ENTRY_FILL_CLOCK,15000,,,2500,700
TRAIL_A25_G7_T30S,b13f97e15b76bbf9809f41e3bd37cfe0e79eee3c390012e9a8ec5e0e35971a42,TRAILING_TIMEOUT,635,596,39,0.938582677165,0.061417322835,19,0.029921259843,20,0.031496062992,0,0,99,536,0,0,94,502,1416463518,1403580000,1421286094,2824866094,-1408402576,-2363091.570470,FILLED,215,381,0,0.360738255034,31956173.725581,-21729606.107612,0.829882112480,40395346.629195,33295499,55545540,REALIZED_CLOSED_EQUITY,-1408402576,72599962,1506142901,ENTRY_FILL_CLOCK,30000,,,2500,700
TRAIL_A25_G7_T60S,6aef459679b2b5a3a0fcdc287bd77ac6b25e2092309c0ed5acd8e39f561f2d76,TRAILING_TIMEOUT,635,569,66,0.896062992126,0.103937007874,23,0.036220472441,43,0.067716535433,0,0,172,463,0,0,162,407,1020779623,1339995000,1352755017,2692750017,-1671970394,-2938436.544815,FILLED,233,336,0,0.409490333919,33779953.484979,-28400891.535714,0.824790628251,155733025.546573,63227877,92389344,REALIZED_CLOSED_EQUITY,-1671970394,139291081,1897948620,ENTRY_FILL_CLOCK,60000,,,2500,700
TRAIL_A25_G10_T15S,bb4383b614d0ca669e4f9c4e944c09d051f27b6af4b9038724045e63d97357c0,TRAILING_TIMEOUT,635,607,28,0.955905511811,0.044094488189,15,0.023622047244,13,0.020472440945,0,0,49,586,0,0,47,560,595676423,1429485000,1436931257,2866416257,-2270739834,-3740922.296540,FILLED,199,408,0,0.327841845140,24624753.663317,-17576141.698529,0.683346953826,26483427.682043,18681572,38792739,REALIZED_CLOSED_EQUITY,-2270739834,0,2353472618,ENTRY_FILL_CLOCK,15000,,,2500,1000
TRAIL_A25_G10_T30S,dd0226d839498853f094362c3809773618fb362578f71b64ca25fa0e9c918f4a,TRAILING_TIMEOUT,635,596,39,0.938582677165,0.061417322835,19,0.029921259843,20,0.031496062992,0,0,94,541,0,0,89,507,1400747403,1403580000,1421089643,2824669643,-1423922240,-2389131.275168,FILLED,213,383,0,0.357382550336,32364826.422535,-21717050.308094,0.828806740127,40462136.694631,33295499,55545540,REALIZED_CLOSED_EQUITY,-1423922240,99586544,1548649147,ENTRY_FILL_CLOCK,30000,,,2500,1000
TRAIL_A25_G10_T60S,aaabde585f22174811d7c9d877e79ffa58a1984d36b7b7ed12a6d755ab89ae75,TRAILING_TIMEOUT,635,569,66,0.896062992126,0.103937007874,23,0.036220472441,43,0.067716535433,0,0,161,474,0,0,151,418,946666070,1339995000,1351828598,2691823598,-1745157528,-3067060.681898,FILLED,230,339,0,0.404217926186,34122611.991304,-28298991.994100,0.818086901795,156213253.170475,63402619,92389344,REALIZED_CLOSED_EQUITY,-1745157528,197166544,2028539567,ENTRY_FILL_CLOCK,60000,,,2500,1000
